Godot Engine v4.7.1.stable.official.a13da4feb - https://godotengine.org
Vulkan 1.4.341 - Forward+ - Using Device #0: NVIDIA - NVIDIA GeForce RTX 4080

[ACOUSTIC] 550 nodes loaded
ORISON V2 BLOCKOUT: 200 spaces / 111 doors / 1104 anchors
[V2 FRONT COURT ROOF] three seated girders; retained roof slabs; mapped exterior concrete
[V2 BODEGA POWER] independent inlet; four existing fittings; 20 bearings
[SURFACE] 1311 surfaces layered (478 materials)
[PASSAGE HOURS] OPEN; 10 grilles folded
[PASSAGE HOURS] 11 shopfronts, 10 close after 02:00, HARDWARE PAINT keeps night service
[PASSAGE FINISH] 6 gated draws, 3 handcarts, hours active
[V2 PASSAGE] 13 resident cells; 11 doors; 1 shared-service counters
[SURFACE] 170 surfaces layered (81 materials)
[HARUKIYA] 9 interactables placed
[ARCADE] 2 cabinet(s) from a catalog of 12: SOMETHING IN THE HALL (mystery_serial), OPERATIONS (farm_and_market)
[ARCADE] all of them are running arcade_pit
[V2 BAR] retained cell; 29 registered markers; 3 doors
[V2 FRONT FACADE] native entrance, original landmark hardware, glazed marquee and fitted blade
[SCHEDULE] director live: 18 residents on the clock
[MOVES] personal library: res://assets/characters/mina_vale/mina_vale_moves.glb
SOURCE PARAPET MATERIAL ROOF_PARAPET_EAST brick 
SOURCE PARAPET MATERIAL ROOF_PARAPET_NORTH brick 
SOURCE PARAPET MATERIAL ROOF_PARAPET_SOUTH brick 
SOURCE PARAPET MATERIAL ROOF_PARAPET_WEST brick 
[ORISON V2 RUNTIME] ready startup_ms=33531.093
[LIGHTING] 211 sources active in system; 211 full personalities; profiles steady/breathe/mains/beat/dropout=[50, 49, 36, 42, 34]
CAP MAPPING: mesh=household_toasters_ToasterFront__Body_ON_bakelite valid_basis=true max_uv_excess=0.00000129535329 widest=1.00070734566426 vertices=5336 derivatives=true bad_derivatives=0 min_determinant=0.00000002891519 worst_dot=0.99999982118607
CAP MAPPING: mesh=household_toasters_ToasterFront__Body_ON_braid valid_basis=true max_uv_excess=0.0000000721775 widest=1.00013263008735 vertices=3516 derivatives=true bad_derivatives=0 min_determinant=0.00000045248174 worst_dot=0.99999982118607
CAP MAPPING: mesh=household_toasters_ToasterFront__Body_ON_mica valid_basis=true max_uv_excess=0.00000004900357 widest=1.00063498864058 vertices=1024 derivatives=true bad_derivatives=0 min_determinant=0.00000000462662 worst_dot=0.99999964237213
CAP MAPPING: mesh=household_toasters_ToasterFront__Body_ON_nickel valid_basis=true max_uv_excess=0.00000065731001 widest=1.00167673387535 vertices=24759 derivatives=true bad_derivatives=0 min_determinant=0.00000000028856 worst_dot=0.9999977350235
CAP MAPPING: mesh=household_toasters_ToasterFront__BreadCarrier_ON_nickel valid_basis=true max_uv_excess=0.00000006332994 widest=1.0012052739936 vertices=6247 derivatives=true bad_derivatives=0 min_determinant=0.00000000115642 worst_dot=0.9999920129776
CAP MAPPING: mesh=household_toasters_ToasterFront__CarriageLever_ON_bakelite valid_basis=true max_uv_excess=0.0000000691507 widest=1.00006971388319 vertices=503 derivatives=true bad_derivatives=0 min_determinant=0.00000046262778 worst_dot=0.99999988079071
CAP MAPPING: mesh=household_toasters_ToasterFront__CarriageLever_ON_nickel valid_basis=true max_uv_excess=0.00000058423029 widest=1.00074454861267 vertices=876 derivatives=true bad_derivatives=0 min_determinant=0.00000000462662 worst_dot=0.99999964237213
CAP MAPPING: mesh=household_toasters_ToasterFront__OrisonRetrofitCrumbTray_ON_bakelite valid_basis=true max_uv_excess=0.00000005535549 widest=1.00007573331711 vertices=498 derivatives=true bad_derivatives=0 min_determinant=0.00000046266191 worst_dot=0.99999988079071
CAP MAPPING: mesh=household_toasters_ToasterFront__OrisonRetrofitCrumbTray_ON_grease valid_basis=true max_uv_excess=0.00000005709535 widest=1.00025399190612 vertices=523 derivatives=true bad_derivatives=0 min_determinant=0.00000000004618 worst_dot=0.99997407197952
CAP MAPPING: mesh=household_toasters_ToasterFront__OrisonRetrofitCrumbTray_ON_nickel valid_basis=true max_uv_excess=0.00000007450581 widest=1.00063498864058 vertices=3070 derivatives=true bad_derivatives=0 min_determinant=0.00000000462662 worst_dot=0.99999964237213
CAP MAPPING: mesh=household_toasters_ToasterFront__ResistanceWire_ON_coil valid_basis=true max_uv_excess=0.00000006557093 widest=1.00033428475156 vertices=4888 derivatives=true bad_derivatives=0 min_determinant=0.00000000495992 worst_dot=0.99999570846558
[HARUKIYA] OPEN, 18 fixtures
CAP MAPPING: mesh=household_toasters_ToasterEnd__Body_ON_bakelite valid_basis=true max_uv_excess=0.00000129535329 widest=1.00070734566426 vertices=5336 derivatives=true bad_derivatives=0 min_determinant=0.00000002891519 worst_dot=0.99999982118607
CAP MAPPING: mesh=household_toasters_ToasterEnd__Body_ON_braid valid_basis=true max_uv_excess=0.0000000721775 widest=1.00013263008735 vertices=3516 derivatives=true bad_derivatives=0 min_determinant=0.00000045248174 worst_dot=0.99999982118607
CAP MAPPING: mesh=household_toasters_ToasterEnd__Body_ON_mica valid_basis=true max_uv_excess=0.00000004900357 widest=1.00063498864058 vertices=1024 derivatives=true bad_derivatives=0 min_determinant=0.00000000462662 worst_dot=0.99999964237213
CAP MAPPING: mesh=household_toasters_ToasterEnd__Body_ON_nickel valid_basis=true max_uv_excess=0.00000065731001 widest=1.00167673387535 vertices=24042 derivatives=true bad_derivatives=0 min_determinant=0.00000000028856 worst_dot=0.99999749660492
CAP MAPPING: mesh=household_toasters_ToasterEnd__BreadCarrier_ON_nickel valid_basis=true max_uv_excess=0.00000006332994 widest=1.0012052739936 vertices=6247 derivatives=true bad_derivatives=0 min_determinant=0.00000000115642 worst_dot=0.9999920129776
CAP MAPPING: mesh=household_toasters_ToasterEnd__CarriageLever_ON_bakelite valid_basis=true max_uv_excess=0.0000000691507 widest=1.00006971388319 vertices=503 derivatives=true bad_derivatives=0 min_determinant=0.00000046262778 worst_dot=0.99999988079071
CAP MAPPING: mesh=household_toasters_ToasterEnd__CarriageLever_ON_nickel valid_basis=true max_uv_excess=0.00000058423029 widest=1.00074454861267 vertices=876 derivatives=true bad_derivatives=0 min_determinant=0.00000000462662 worst_dot=0.99999964237213
CAP MAPPING: mesh=household_toasters_ToasterEnd__OrisonRetrofitCrumbTray_ON_bakelite valid_basis=true max_uv_excess=0.00000004924368 widest=1.00004440414183 vertices=499 derivatives=true bad_derivatives=0 min_determinant=0.00000046266191 worst_dot=0.99999988079071
CAP MAPPING: mesh=household_toasters_ToasterEnd__OrisonRetrofitCrumbTray_ON_grease valid_basis=true max_uv_excess=0.00000005709535 widest=1.00025399190612 vertices=523 derivatives=true bad_derivatives=0 min_determinant=0.00000000004618 worst_dot=0.99997407197952
CAP MAPPING: mesh=household_toasters_ToasterEnd__OrisonRetrofitCrumbTray_ON_nickel valid_basis=true max_uv_excess=0.00000007450581 widest=1.00063498864058 vertices=3065 derivatives=true bad_derivatives=0 min_determinant=0.00000000462662 worst_dot=0.99999964237213
CAP MAPPING: mesh=household_toasters_ToasterEnd__ResistanceWire_ON_coil valid_basis=true max_uv_excess=0.00000006557093 widest=1.00033428475156 vertices=4888 derivatives=true bad_derivatives=0 min_determinant=0.00000000495992 worst_dot=0.99999570846558
CAP MAPPING: mesh=household_toasters_ToasterCrumb__Body_ON_crumb valid_basis=true max_uv_excess=0.00000005867332 widest=1.00013379083132 vertices=936 derivatives=true bad_derivatives=0 min_determinant=0.00000003725865 worst_dot=0.99999982118607
[TOASTER] F02_2A_TOASTER_01 cycle start
[TOASTER] F02_2B_TOASTER_01 cycle start
[TOASTER] F03_3A_TOASTER_01 cycle start
[TOASTER] F03_3B_TOASTER_01 cycle start
[TOASTER] F04_4A_TOASTER_01 cycle start
[TOASTER] F04_B_TOASTER_01 cycle start
[TOASTER] F05_5A_TOASTER_01 cycle start
[TOASTER] F06_6A_TOASTER_01 cycle start
[TOASTER] F06_6B_TOASTER_01 cycle start
[TOASTER] F06_6C_TOASTER_01 cycle start
[TOASTER] F02_2A_TOASTER_01 pop (1 cycles)
[TOASTER] F02_2B_TOASTER_01 pop (1 cycles)
[TOASTER] F03_3A_TOASTER_01 pop (1 cycles)
[TOASTER] F03_3B_TOASTER_01 pop (1 cycles)
[TOASTER] F04_4A_TOASTER_01 pop (1 cycles)
[TOASTER] F04_B_TOASTER_01 pop (1 cycles)
[TOASTER] F05_5A_TOASTER_01 pop (1 cycles)
[TOASTER] F06_6A_TOASTER_01 pop (1 cycles)
[TOASTER] F06_6B_TOASTER_01 pop (1 cycles)
[TOASTER] F06_6C_TOASTER_01 pop (1 cycles)
CAP MAPPING: mesh=medicine_cabinets_MedicineRight__Body_ON_enamel valid_basis=true max_uv_excess=0.00000008805364 widest=1.00063379567405 vertices=7813 derivatives=true bad_derivatives=0 min_determinant=0.00000000722607 worst_dot=0.99999970197678
CAP MAPPING: mesh=medicine_cabinets_MedicineRight__Body_ON_glassish valid_basis=true max_uv_excess=0.00000011030352 widest=1.00055481719793 vertices=1023 derivatives=true bad_derivatives=0 min_determinant=0.00000002888487 worst_dot=0.99999982118607
CAP MAPPING: mesh=medicine_cabinets_MedicineRight__Body_ON_nickel valid_basis=true max_uv_excess=0.00000237929635 widest=1.00112271645746 vertices=16628 derivatives=true bad_derivatives=0 min_determinant=0.00000000722607 worst_dot=0.99999976158142
CAP MAPPING: mesh=medicine_cabinets_MedicineRight__CabinetDoor_ON_bakelite valid_basis=true max_uv_excess=0.00000008314964 widest=1.00027329278307 vertices=2040 derivatives=true bad_derivatives=0 min_determinant=0.00000004161343 worst_dot=0.99999988079071
CAP MAPPING: mesh=medicine_cabinets_MedicineRight__CabinetDoor_ON_enamel valid_basis=true max_uv_excess=0.00000007631024 widest=1.00036909105907 vertices=530 derivatives=true bad_derivatives=0 min_determinant=0.00000001850648 worst_dot=0.99999982118607
CAP MAPPING: mesh=medicine_cabinets_MedicineRight__CabinetDoor_ON_nickel valid_basis=true max_uv_excess=0.00000222725794 widest=1.00077730365296 vertices=13912 derivatives=true bad_derivatives=0 min_determinant=0.00000001849776 worst_dot=0.99999976158142
CAP MAPPING: mesh=medicine_cabinets_MedicineRight__Mirror_ON_mirror valid_basis=true max_uv_excess=0.00000006916525 widest=1.00042893216252 vertices=500 derivatives=true bad_derivatives=0 min_determinant=0.00000001417325 worst_dot=0.99999982118607
CAP MAPPING: mesh=medicine_cabinets_MedicineItem_aspirin__Body_ON_bakelite valid_basis=true max_uv_excess=0.00000083644409 widest=1.00073122097824 vertices=879 derivatives=true bad_derivatives=0 min_determinant=0.00000113558622 worst_dot=0.99999988079071
CAP MAPPING: mesh=medicine_cabinets_MedicineItem_aspirin__Body_ON_bottle valid_basis=true max_uv_excess=0.0000014025718 widest=1.000745860838 vertices=2584 derivatives=true bad_derivatives=0 min_determinant=0.00000126273133 worst_dot=0.99999982118607
CAP MAPPING: mesh=medicine_cabinets_MedicineItem_cold_cream__Body_ON_porcelain valid_basis=true max_uv_excess=0.00000006286427 widest=1.00013071629351 vertices=2198 derivatives=true bad_derivatives=0 min_determinant=0.00000098150713 worst_dot=0.99999976158142
CAP MAPPING: mesh=medicine_cabinets_MedicineItem_thimble_tin__Body_ON_nickel valid_basis=true max_uv_excess=0.00000008699135 widest=1.00030162007012 vertices=2174 derivatives=true bad_derivatives=0 min_determinant=0.00000075143686 worst_dot=0.99999982118607
CAP MAPPING: mesh=medicine_cabinets_MedicineItem_iodine__Body_ON_bakelite valid_basis=true max_uv_excess=0.00000077264849 widest=1.00072369717335 vertices=913 derivatives=true bad_derivatives=0 min_determinant=0.00000124751925 worst_dot=0.99999988079071
CAP MAPPING: mesh=medicine_cabinets_MedicineItem_iodine__Body_ON_bottle valid_basis=true max_uv_excess=0.00000131723937 widest=1.00074475924913 vertices=2608 derivatives=true bad_derivatives=0 min_determinant=0.00000115902526 worst_dot=0.99999988079071
CAP MAPPING: mesh=medicine_cabinets_MedicineItem_razor__Body_ON_bakelite valid_basis=true max_uv_excess=0.00000004435424 widest=1.0000603107298 vertices=521 derivatives=true bad_derivatives=0 min_determinant=0.00000026022305 worst_dot=0.99999982118607
CAP MAPPING: mesh=medicine_cabinets_MedicineItem_razor__Body_ON_nickel valid_basis=true max_uv_excess=0.00000008515781 widest=1.0008237249682 vertices=8264 derivatives=true bad_derivatives=0 min_determinant=0.00000000462568 worst_dot=0.99999624490738
CAP MAPPING: mesh=medicine_cabinets_MedicineItem_shaving_stick__Body_ON_bakelite valid_basis=true max_uv_excess=0.00000093411654 widest=1.00072053510687 vertices=886 derivatives=true bad_derivatives=0 min_determinant=0.00000176790324 worst_dot=0.99999982118607
CAP MAPPING: mesh=medicine_cabinets_MedicineItem_shaving_stick__Body_ON_bottle valid_basis=true max_uv_excess=0.00000160373747 widest=1.00073193932312 vertices=2598 derivatives=true bad_derivatives=0 min_determinant=0.00000147028639 worst_dot=0.99999982118607
CAP MAPPING: mesh=medicine_cabinets_MedicineItem_shaving_stick__Body_ON_paper valid_basis=true max_uv_excess=0.00000161491334 widest=1.00072550054936 vertices=723 derivatives=true bad_derivatives=0 min_determinant=0.00000007528995 worst_dot=0.99999928474426
CAP MAPPING: mesh=medicine_cabinets_MedicineItem_plasters__Body_ON_paper valid_basis=true max_uv_excess=0.00000004695539 widest=1.0009084059752 vertices=999 derivatives=true bad_derivatives=0 min_determinant=0.00000000115642 worst_dot=0.99999952316284
CAP MAPPING: mesh=medicine_cabinets_MedicineItem_brown_bottle__Body_ON_bakelite valid_basis=true max_uv_excess=0.00000093411654 widest=1.00072053510687 vertices=913 derivatives=true bad_derivatives=0 min_determinant=0.00000191248112 worst_dot=0.99999982118607
CAP MAPPING: mesh=medicine_cabinets_MedicineItem_brown_bottle__Body_ON_bottle valid_basis=true max_uv_excess=0.00000160373747 widest=1.00073193932312 vertices=2620 derivatives=true bad_derivatives=0 min_determinant=0.00000147028639 worst_dot=0.99999982118607
CAP MAPPING: mesh=medicine_cabinets_MedicineLeft__Body_ON_enamel valid_basis=true max_uv_excess=0.00000008805364 widest=1.00063379567405 vertices=7813 derivatives=true bad_derivatives=0 min_determinant=0.00000000722607 worst_dot=0.99999970197678
CAP MAPPING: mesh=medicine_cabinets_MedicineLeft__Body_ON_glassish valid_basis=true max_uv_excess=0.00000011030352 widest=1.00055481719793 vertices=1023 derivatives=true bad_derivatives=0 min_determinant=0.00000002888487 worst_dot=0.99999982118607
CAP MAPPING: mesh=medicine_cabinets_MedicineLeft__Body_ON_nickel valid_basis=true max_uv_excess=0.00000237929635 widest=1.00112271645746 vertices=16635 derivatives=true bad_derivatives=0 min_determinant=0.00000000722607 worst_dot=0.99999976158142
CAP MAPPING: mesh=medicine_cabinets_MedicineLeft__CabinetDoor_ON_bakelite valid_basis=true max_uv_excess=0.00000008314964 widest=1.00027329278307 vertices=2040 derivatives=true bad_derivatives=0 min_determinant=0.00000004161343 worst_dot=0.99999988079071
CAP MAPPING: mesh=medicine_cabinets_MedicineLeft__CabinetDoor_ON_enamel valid_basis=true max_uv_excess=0.00000007631024 widest=1.00036909105907 vertices=530 derivatives=true bad_derivatives=0 min_determinant=0.00000001850648 worst_dot=0.99999982118607
CAP MAPPING: mesh=medicine_cabinets_MedicineLeft__CabinetDoor_ON_nickel valid_basis=true max_uv_excess=0.00000222725794 widest=1.00074514946414 vertices=13902 derivatives=true bad_derivatives=0 min_determinant=0.00000001849776 worst_dot=0.99999976158142
CAP MAPPING: mesh=medicine_cabinets_MedicineLeft__Mirror_ON_mirror valid_basis=true max_uv_excess=0.00000006916525 widest=1.00042893216252 vertices=500 derivatives=true bad_derivatives=0 min_determinant=0.00000001417325 worst_dot=0.99999982118607
CAP MAPPING: mesh=medicine_cabinets_MedicineItem_turpentine__Body_ON_bakelite valid_basis=true max_uv_excess=0.00000099756289 widest=1.00072672600394 vertices=902 derivatives=true bad_derivatives=0 min_determinant=0.00000221793194 worst_dot=0.99999982118607
CAP MAPPING: mesh=medicine_cabinets_MedicineItem_turpentine__Body_ON_bottle valid_basis=true max_uv_excess=0.00000168895349 widest=1.00073325628856 vertices=2627 derivatives=true bad_derivatives=0 min_determinant=0.00000157406717 worst_dot=0.99999982118607
CAP MAPPING: mesh=medicine_cabinets_MedicineItem_QUELL_TONIC__Body_ON_bakelite valid_basis=true max_uv_excess=0.00000099756289 widest=1.00072672600394 vertices=919 derivatives=true bad_derivatives=0 min_determinant=0.00000237827769 worst_dot=0.99999982118607
CAP MAPPING: mesh=medicine_cabinets_MedicineItem_QUELL_TONIC__Body_ON_bottle valid_basis=true max_uv_excess=0.00000168895349 widest=1.00073325628856 vertices=2615 derivatives=true bad_derivatives=0 min_determinant=0.00000157406717 worst_dot=0.99999982118607
CAP MAPPING: mesh=medicine_cabinets_MedicineItem_QUELL_TONIC__Body_ON_paper valid_basis=true max_uv_excess=0.00000168918632 widest=1.00071814326854 vertices=742 derivatives=true bad_derivatives=0 min_determinant=0.00000008437294 worst_dot=0.99999910593033
CAP MAPPING: mesh=domestic_objects_DomesticObject00__Body_ON_brass valid_basis=true max_uv_excess=0.00000189413549 widest=1.00297930152463 vertices=5239 derivatives=true bad_derivatives=0 min_determinant=0.00000025864131 worst_dot=0.99999982118607
CAP MAPPING: mesh=domestic_objects_DomesticObject00__Body_ON_paper valid_basis=true max_uv_excess=0.00000008801362 widest=1.00114287281831 vertices=7717 derivatives=true bad_derivatives=0 min_determinant=0.00000000073811 worst_dot=0.99999642372131
CAP MAPPING: mesh=domestic_objects_DomesticObject00__Body_ON_timber valid_basis=true max_uv_excess=0.00000006299524 widest=1.00028727766093 vertices=506 derivatives=true bad_derivatives=0 min_determinant=0.00000004163674 worst_dot=0.99999982118607
CAP MAPPING: mesh=domestic_objects_DomesticObject00__Body_ON_wood_dark valid_basis=true max_uv_excess=0.00000007223571 widest=1.00027425700011 vertices=3599 derivatives=true bad_derivatives=0 min_determinant=0.00000002889958 worst_dot=0.99999976158142
CAP MAPPING: mesh=domestic_objects_DomesticObject01__Body_ON_timber valid_basis=true max_uv_excess=0.00000006885966 widest=1.00018729705411 vertices=530 derivatives=true bad_derivatives=0 min_determinant=0.00000004162933 worst_dot=0.99999988079071
CAP MAPPING: mesh=domestic_objects_DomesticObject01__Body_ON_wood_dark valid_basis=true max_uv_excess=0.00000007689232 widest=1.00026956964619 vertices=3603 derivatives=true bad_derivatives=0 min_determinant=0.00000002889958 worst_dot=0.99999982118607
CAP MAPPING: mesh=domestic_objects_DomesticObject02__Body_ON_brass valid_basis=true max_uv_excess=0.00000049686059 widest=1.00081544590526 vertices=4381 derivatives=true bad_derivatives=0 min_determinant=0.0000008146988 worst_dot=0.99999988079071
CAP MAPPING: mesh=domestic_objects_DomesticObject02__Body_ON_metal valid_basis=true max_uv_excess=0.00000097311568 widest=1.00080879726905 vertices=8859 derivatives=true bad_derivatives=0 min_determinant=0.00000120567276 worst_dot=0.99999988079071
CAP MAPPING: mesh=domestic_objects_DomesticObject02__Body_ON_plywood valid_basis=true max_uv_excess=0.00000011920929 widest=1.0002118172876 vertices=506 derivatives=true bad_derivatives=0 min_determinant=0.00000011563898 worst_dot=0.99999982118607
CAP MAPPING: mesh=domestic_objects_DomesticObject02__Body_ON_rubber_aged valid_basis=true max_uv_excess=0.00000007078052 widest=1.00001359357296 vertices=4606 derivatives=true bad_derivatives=0 min_determinant=0.00002102858646 worst_dot=0.99999982118607
CAP MAPPING: mesh=domestic_objects_DomesticObject02__Body_ON_timber valid_basis=true max_uv_excess=0.00000005355105 widest=1.00002477360305 vertices=534 derivatives=true bad_derivatives=0 min_determinant=0.00000185072309 worst_dot=0.99999988079071
CAP MAPPING: mesh=domestic_objects_DomesticObject02__Body_ON_wood_dark valid_basis=true max_uv_excess=0.00000007118797 widest=1.00032691062136 vertices=1028 derivatives=true bad_derivatives=0 min_determinant=0.0000000289043 worst_dot=0.99999982118607
CAP MAPPING: mesh=domestic_objects_DomesticObject03__Body_ON_metal valid_basis=true max_uv_excess=0.00000005960464 widest=1.00070710916987 vertices=2994 derivatives=true bad_derivatives=0 min_determinant=0.00000000462179 worst_dot=0.99999964237213
CAP MAPPING: mesh=domestic_objects_DomesticObject03__Body_ON_timber valid_basis=true max_uv_excess=0.00000006263144 widest=1.0001569603556 vertices=3555 derivatives=true bad_derivatives=0 min_determinant=0.00000011566076 worst_dot=0.99999982118607
CAP MAPPING: mesh=domestic_objects_DomesticObject04__Body_ON_bakelite valid_basis=true max_uv_excess=0.00000094890129 widest=1.00072542725316 vertices=2318 derivatives=true bad_derivatives=0 min_determinant=0.00000011567019 worst_dot=0.99999988079071
CAP MAPPING: mesh=domestic_objects_DomesticObject04__Body_ON_enamel valid_basis=true max_uv_excess=0.00000281073153 widest=1.00071625927542 vertices=1815 derivatives=true bad_derivatives=0 min_determinant=0.00000817670497 worst_dot=0.99999982118607
CAP MAPPING: mesh=domestic_objects_DomesticObject04__Body_ON_metal valid_basis=true max_uv_excess=0.00000057736179 widest=1.00073564918575 vertices=10584 derivatives=true bad_derivatives=0 min_determinant=0.00000002891519 worst_dot=0.99999982118607
CAP MAPPING: mesh=domestic_objects_DomesticObject04__Body_ON_paper valid_basis=true max_uv_excess=0.00000008483767 widest=1.00082062571655 vertices=998 derivatives=true bad_derivatives=0 min_determinant=0.00000000462568 worst_dot=0.99999964237213
CAP MAPPING: mesh=domestic_objects_DomesticObject04__Body_ON_rubber_aged valid_basis=true max_uv_excess=0.00000113528222 widest=1.00018813035343 vertices=7249 derivatives=true bad_derivatives=0 min_determinant=0.0000011999393 worst_dot=0.99999976158142
CAP MAPPING: mesh=domestic_objects_DomesticObject04__Body_ON_soot valid_basis=true max_uv_excess=0.00000384496525 widest=1.00072245950876 vertices=23629 derivatives=true bad_derivatives=0 min_determinant=0.00000000028856 worst_dot=0.9999960064888
CAP MAPPING: mesh=domestic_objects_DomesticObject05__Body_ON_cane valid_basis=true max_uv_excess=0.00000008568168 widest=1.00006915071398 vertices=4752 derivatives=true bad_derivatives=0 min_determinant=0.00000008538683 worst_dot=0.99999982118607
CAP MAPPING: mesh=domestic_objects_DomesticObject05__Body_ON_leaf_rib valid_basis=true max_uv_excess=0.00000048964284 widest=1.00120822440756 vertices=61990 derivatives=true bad_derivatives=0 min_determinant=0.00000000252952 worst_dot=0.99999392032623
CAP MAPPING: mesh=domestic_objects_DomesticObject05__Body_ON_plant valid_basis=true max_uv_excess=0.00000008940697 widest=1.00007062213875 vertices=13316 derivatives=true bad_derivatives=0 min_determinant=0.00000253745105 worst_dot=0.99999982118607
CAP MAPPING: mesh=domestic_objects_DomesticObject05__Body_ON_soil valid_basis=true max_uv_excess=0.00000242795795 widest=1.00017599185016 vertices=3238 derivatives=true bad_derivatives=0 min_determinant=0.00024232362139 worst_dot=0.99999982118607
CAP MAPPING: mesh=domestic_objects_DomesticObject05__Body_ON_terracotta valid_basis=true max_uv_excess=0.00000314041972 widest=1.00017953849024 vertices=8640 derivatives=true bad_derivatives=0 min_determinant=0.00017641100062 worst_dot=0.99999982118607
CAP MAPPING: mesh=domestic_objects_DomesticObject06__Body_ON_brass valid_basis=true max_uv_excess=0.00000189611455 widest=1.0030945941556 vertices=6283 derivatives=true bad_derivatives=0 min_determinant=0.00000025796558 worst_dot=0.99999982118607
CAP MAPPING: mesh=domestic_objects_DomesticObject06__Body_ON_paper valid_basis=true max_uv_excess=0.00000007437484 widest=1.00114287281831 vertices=9289 derivatives=true bad_derivatives=0 min_determinant=0.00000000073811 worst_dot=0.99999636411667
CAP MAPPING: mesh=domestic_objects_DomesticObject06__Body_ON_timber valid_basis=true max_uv_excess=0.00000011920929 widest=1.000190222068 vertices=525 derivatives=true bad_derivatives=0 min_determinant=0.00000004161802 worst_dot=0.99999982118607
CAP MAPPING: mesh=domestic_objects_DomesticObject06__Body_ON_wood_dark valid_basis=true max_uv_excess=0.00000007869676 widest=1.00025832529717 vertices=3527 derivatives=true bad_derivatives=0 min_determinant=0.00000002889958 worst_dot=0.99999982118607
CAP MAPPING: mesh=domestic_objects_DomesticObject07__Body_ON_brass valid_basis=true max_uv_excess=0.00000189803541 widest=1.00308126882815 vertices=4918 derivatives=true bad_derivatives=0 min_determinant=0.00000025796558 worst_dot=0.99999982118607
CAP MAPPING: mesh=domestic_objects_DomesticObject07__Body_ON_paper valid_basis=true max_uv_excess=0.00000008412826 widest=1.00132967161072 vertices=7196 derivatives=true bad_derivatives=0 min_determinant=0.00000000073811 worst_dot=0.999995470047
CAP MAPPING: mesh=domestic_objects_DomesticObject07__Body_ON_timber valid_basis=true max_uv_excess=0.00000006299524 widest=1.00028727766093 vertices=529 derivatives=true bad_derivatives=0 min_determinant=0.00000004163674 worst_dot=0.99999988079071
CAP MAPPING: mesh=domestic_objects_DomesticObject07__Body_ON_wood_dark valid_basis=true max_uv_excess=0.00000011920929 widest=1.00032691062136 vertices=3617 derivatives=true bad_derivatives=0 min_determinant=0.00000002891047 worst_dot=0.99999976158142
CAP MAPPING: mesh=domestic_objects_DomesticObject08__Body_ON_book_brown valid_basis=true max_uv_excess=0.00000003839523 widest=1.00035018766595 vertices=1515 derivatives=true bad_derivatives=0 min_determinant=0.0000000104106 worst_dot=0.99999976158142
CAP MAPPING: mesh=domestic_objects_DomesticObject08__Body_ON_book_burgundy valid_basis=true max_uv_excess=0.00000005407492 widest=1.00036343584976 vertices=1517 derivatives=true bad_derivatives=0 min_determinant=0.0000000104106 worst_dot=0.99999976158142
CAP MAPPING: mesh=domestic_objects_DomesticObject08__Body_ON_book_green valid_basis=true max_uv_excess=0.00000004470348 widest=1.00034534163073 vertices=1528 derivatives=true bad_derivatives=0 min_determinant=0.0000000104106 worst_dot=0.99999982118607
CAP MAPPING: mesh=domestic_objects_DomesticObject08__Body_ON_book_navy valid_basis=true max_uv_excess=0.00000004470348 widest=1.00032137768102 vertices=1533 derivatives=true bad_derivatives=0 min_determinant=0.0000000104106 worst_dot=0.99999982118607
CAP MAPPING: mesh=domestic_objects_DomesticObject08__Body_ON_book_ochre valid_basis=true max_uv_excess=0.00000003523746 widest=1.00032137768102 vertices=1542 derivatives=true bad_derivatives=0 min_determinant=0.0000000104106 worst_dot=0.99999982118607
CAP MAPPING: mesh=domestic_objects_DomesticObject08__Body_ON_book_teal valid_basis=true max_uv_excess=0.00000003365858 widest=1.00030697773124 vertices=1520 derivatives=true bad_derivatives=0 min_determinant=0.0000000104106 worst_dot=0.99999976158142
CAP MAPPING: mesh=domestic_objects_DomesticObject08__Body_ON_paper valid_basis=true max_uv_excess=0.00000006169284 widest=1.00084403020591 vertices=3010 derivatives=true bad_derivatives=0 min_determinant=0.00000000462238 worst_dot=0.99999964237213
CAP MAPPING: mesh=domestic_objects_DomesticObject09__Body_ON_brass valid_basis=true max_uv_excess=0.00000189611455 widest=1.00298594281688 vertices=7646 derivatives=true bad_derivatives=0 min_determinant=0.00000025864131 worst_dot=0.99999982118607
CAP MAPPING: mesh=domestic_objects_DomesticObject09__Body_ON_paper valid_basis=true max_uv_excess=0.00000008030838 widest=1.00114287281831 vertices=11278 derivatives=true bad_derivatives=0 min_determinant=0.00000000073792 worst_dot=0.99999535083771
CAP MAPPING: mesh=domestic_objects_DomesticObject09__Body_ON_timber valid_basis=true max_uv_excess=0.00000005438051 widest=1.00024803205448 vertices=514 derivatives=true bad_derivatives=0 min_determinant=0.00000004162933 worst_dot=0.99999988079071
CAP MAPPING: mesh=domestic_objects_DomesticObject09__Body_ON_wood_dark valid_basis=true max_uv_excess=0.00000007648487 widest=1.00029466970755 vertices=3669 derivatives=true bad_derivatives=0 min_determinant=0.0000000289043 worst_dot=0.99999982118607
CAP MAPPING: mesh=domestic_objects_DomesticObject10__Body_ON_metal valid_basis=true max_uv_excess=0.00000883731991 widest=1.0007338972434 vertices=8356 derivatives=true bad_derivatives=0 min_determinant=0.00000001849776 worst_dot=0.99999982118607
CAP MAPPING: mesh=domestic_objects_DomesticObject10__Body_ON_milk_glass valid_basis=true max_uv_excess=0.00000161980279 widest=1.00049476436847 vertices=1529 derivatives=true bad_derivatives=0 min_determinant=0.00000002889341 worst_dot=0.99999982118607
CAP MAPPING: mesh=domestic_objects_DomesticObject10__Body_ON_rubber_aged valid_basis=true max_uv_excess=0.00000139325857 widest=1.00071008593772 vertices=2030 derivatives=true bad_derivatives=0 min_determinant=0.00000612993519 worst_dot=0.99999982118607
CAP MAPPING: mesh=domestic_objects_DomesticObject10__Body_ON_soot valid_basis=true max_uv_excess=0.00000206148252 widest=1.00071635544499 vertices=4313 derivatives=true bad_derivatives=0 min_determinant=0.00000005524898 worst_dot=0.99999982118607
CAP MAPPING: mesh=domestic_objects_DomesticObject11__Body_ON_linen valid_basis=true max_uv_excess=0.00000004237518 widest=1.00003026903182 vertices=24 derivatives=true bad_derivatives=0 min_determinant=0.00010359708261 worst_dot=1.0
CAP MAPPING: mesh=domestic_objects_DomesticObject11__Body_ON_metal valid_basis=true max_uv_excess=0.0000014025718 widest=1.00072993426142 vertices=3348 derivatives=true bad_derivatives=0 min_determinant=0.0000001089123 worst_dot=0.99999976158142
CAP MAPPING: mesh=domestic_objects_DomesticObject11__Body_ON_rubber_aged valid_basis=true max_uv_excess=0.00000139139593 widest=1.00071129982958 vertices=2032 derivatives=true bad_derivatives=0 min_determinant=0.00000612991823 worst_dot=0.99999988079071
CAP MAPPING: mesh=domestic_objects_DomesticObject11__Body_ON_soot valid_basis=true max_uv_excess=0.00000160373747 widest=1.00072757898142 vertices=2151 derivatives=true bad_derivatives=0 min_determinant=0.00000005524898 worst_dot=0.99999898672104
CAP MAPPING: mesh=domestic_objects_DomesticObject12__Body_ON_metal valid_basis=true max_uv_excess=0.00000007522613 widest=1.00075753646235 vertices=1481 derivatives=true bad_derivatives=0 min_determinant=0.00000000462568 worst_dot=0.99999958276749
CAP MAPPING: mesh=domestic_objects_DomesticObject12__Body_ON_soot valid_basis=true max_uv_excess=0.00000005960464 widest=1.00006577841387 vertices=1481 derivatives=true bad_derivatives=0 min_determinant=0.00000046266191 worst_dot=0.99999988079071
CAP MAPPING: mesh=domestic_objects_DomesticObject12__Body_ON_timber valid_basis=true max_uv_excess=0.0000000888831 widest=1.00014955322765 vertices=3547 derivatives=true bad_derivatives=0 min_determinant=0.00000011566076 worst_dot=0.99999982118607
CAP MAPPING: mesh=domestic_objects_DomesticObject13__Body_ON_rubber_aged valid_basis=true max_uv_excess=0.00000007916242 widest=1.00004254947378 vertices=17556 derivatives=true bad_derivatives=0 min_determinant=0.00000143322106 worst_dot=0.99999976158142
CAP MAPPING: mesh=domestic_objects_DomesticObject14__Body_ON_rubber_aged valid_basis=true max_uv_excess=0.00000008288771 widest=1.0001588438935 vertices=17556 derivatives=true bad_derivatives=0 min_determinant=0.00000074475025 worst_dot=0.99999982118607
CAP MAPPING: mesh=domestic_objects_DomesticObject15__Body_ON_brass valid_basis=true max_uv_excess=0.00000049686059 widest=1.00081544590526 vertices=4381 derivatives=true bad_derivatives=0 min_determinant=0.0000008146988 worst_dot=0.99999988079071
CAP MAPPING: mesh=domestic_objects_DomesticObject15__Body_ON_metal valid_basis=true max_uv_excess=0.00000097311568 widest=1.00080879726905 vertices=11191 derivatives=true bad_derivatives=0 min_determinant=0.00000001850589 worst_dot=0.99999988079071
CAP MAPPING: mesh=domestic_objects_DomesticObject15__Body_ON_plywood valid_basis=true max_uv_excess=0.00000011920929 widest=1.0002118172876 vertices=506 derivatives=true bad_derivatives=0 min_determinant=0.00000011563898 worst_dot=0.99999982118607
CAP MAPPING: mesh=domestic_objects_DomesticObject15__Body_ON_rubber_aged valid_basis=true max_uv_excess=0.00000007078052 widest=1.00001359357296 vertices=4606 derivatives=true bad_derivatives=0 min_determinant=0.00002102858646 worst_dot=0.99999982118607
CAP MAPPING: mesh=domestic_objects_DomesticObject15__Body_ON_timber valid_basis=true max_uv_excess=0.00000005355105 widest=1.00002477360305 vertices=534 derivatives=true bad_derivatives=0 min_determinant=0.00000185072309 worst_dot=0.99999988079071
CAP MAPPING: mesh=household_radios_HouseholdRadio__Body_ON_bakelite valid_basis=true max_uv_excess=0.0000000863256 widest=1.00008996121024 vertices=11091 derivatives=true bad_derivatives=0 min_determinant=0.00000000041519 worst_dot=0.99999570846558
CAP MAPPING: mesh=household_radios_HouseholdRadio__Body_ON_brass valid_basis=true max_uv_excess=0.00000078103039 widest=1.00099547911276 vertices=7504 derivatives=true bad_derivatives=0 min_determinant=0.00000000166449 worst_dot=0.9999988079071
CAP MAPPING: mesh=household_radios_HouseholdRadio__Body_ON_glassish valid_basis=true max_uv_excess=0.00000009657379 widest=1.00144152123989 vertices=487 derivatives=true bad_derivatives=0 min_determinant=0.00000000260102 worst_dot=0.99999928474426
CAP MAPPING: mesh=household_radios_HouseholdRadio__Body_ON_linen valid_basis=true max_uv_excess=0.00000007345807 widest=1.00027448399832 vertices=499 derivatives=true bad_derivatives=0 min_determinant=0.00000001850648 worst_dot=0.99999988079071
CAP MAPPING: mesh=household_radios_HouseholdRadio__Body_ON_metal valid_basis=true max_uv_excess=0.00000050786184 widest=1.00077621606368 vertices=768 derivatives=true bad_derivatives=0 min_determinant=0.00000326084392 worst_dot=0.99999988079071
CAP MAPPING: mesh=household_radios_HouseholdRadio__Body_ON_paper valid_basis=true max_uv_excess=0.000000052416 widest=1.00063498864058 vertices=511 derivatives=true bad_derivatives=0 min_determinant=0.00000000462568 worst_dot=0.99999970197678
CAP MAPPING: mesh=household_radios_HouseholdRadio__Body_ON_rubber_aged valid_basis=true max_uv_excess=0.00000008015195 widest=1.00031010670869 vertices=498 derivatives=true bad_derivatives=0 min_determinant=0.00000002891755 worst_dot=0.99999988079071
CAP MAPPING: mesh=household_radios_HouseholdRadio__Body_ON_wood_dark valid_basis=true max_uv_excess=0.00000009418 widest=1.00054065446864 vertices=6664 derivatives=true bad_derivatives=0 min_determinant=0.00000001040777 worst_dot=0.99999976158142
CAP MAPPING: mesh=household_radios_HouseholdRadio__PowerTuningKnob_ON_bakelite valid_basis=true max_uv_excess=0.00000007799827 widest=1.00007769033027 vertices=2619 derivatives=true bad_derivatives=0 min_determinant=0.00000203652396 worst_dot=0.99999988079071
CAP MAPPING: mesh=household_radios_HouseholdRadio__PowerTuningKnob_ON_brass valid_basis=true max_uv_excess=0.00000006363189 widest=1.00085744410641 vertices=497 derivatives=true bad_derivatives=0 min_determinant=0.00000000166241 worst_dot=0.99999845027924
CAP MAPPING: mesh=household_wardrobes_Wardrobe00__Body_ON_brass valid_basis=true max_uv_excess=0.00000008294592 widest=1.00099888619065 vertices=3446 derivatives=true bad_derivatives=0 min_determinant=0.00000000462756 worst_dot=0.99999892711639
CAP MAPPING: mesh=household_wardrobes_Wardrobe00__Body_ON_fabric_cool valid_basis=true max_uv_excess=0.00000008195639 widest=1.0001348457911 vertices=13045 derivatives=true bad_derivatives=0 min_determinant=0.00000069091442 worst_dot=0.99999982118607
CAP MAPPING: mesh=household_wardrobes_Wardrobe00__Body_ON_fabric_green valid_basis=true max_uv_excess=0.00000008381903 widest=1.00013548451226 vertices=13055 derivatives=true bad_derivatives=0 min_determinant=0.0000006908429 worst_dot=0.99999982118607
CAP MAPPING: mesh=household_wardrobes_Wardrobe00__Body_ON_fabric_warm valid_basis=true max_uv_excess=0.00000008195639 widest=1.00012749563196 vertices=13005 derivatives=true bad_derivatives=0 min_determinant=0.00000069091218 worst_dot=0.99999982118607
CAP MAPPING: mesh=household_wardrobes_Wardrobe00__Body_ON_linen valid_basis=true max_uv_excess=0.00000008632196 widest=1.00014563167814 vertices=13005 derivatives=true bad_derivatives=0 min_determinant=0.0000006908429 worst_dot=0.99999982118607
CAP MAPPING: mesh=household_wardrobes_Wardrobe00__Body_ON_metal valid_basis=true max_uv_excess=0.00000008766074 widest=1.00010819873476 vertices=12094 derivatives=true bad_derivatives=0 min_determinant=0.00000030130301 worst_dot=0.99999976158142
CAP MAPPING: mesh=household_wardrobes_Wardrobe00__Body_ON_oak_quartered valid_basis=true max_uv_excess=0.00000011920929 widest=1.00042779961388 vertices=7711 derivatives=true bad_derivatives=0 min_determinant=0.0000000288887 worst_dot=0.99999976158142
CAP MAPPING: mesh=household_wardrobes_Wardrobe00__LeftLeaf_ON_brass valid_basis=true max_uv_excess=0.00000153202564 widest=1.00076471531876 vertices=6662 derivatives=true bad_derivatives=0 min_determinant=0.00000001039982 worst_dot=0.99999976158142
CAP MAPPING: mesh=household_wardrobes_Wardrobe00__LeftLeaf_ON_oak_quartered valid_basis=true max_uv_excess=0.00000011920929 widest=1.00030697773124 vertices=3125 derivatives=true bad_derivatives=0 min_determinant=0.00000004161626 worst_dot=0.99999690055847
CAP MAPPING: mesh=household_wardrobes_Wardrobe00__RightLeaf_ON_brass valid_basis=true max_uv_excess=0.00000153062865 widest=1.00076475887845 vertices=6627 derivatives=true bad_derivatives=0 min_determinant=0.00000001039841 worst_dot=0.99999976158142
CAP MAPPING: mesh=household_wardrobes_Wardrobe00__RightLeaf_ON_oak_quartered valid_basis=true max_uv_excess=0.00000011920929 widest=1.00032137768102 vertices=3134 derivatives=true bad_derivatives=0 min_determinant=0.00000004161626 worst_dot=0.99999666213989
CAP MAPPING: mesh=household_wardrobes_Wardrobe01__Body_ON_brass valid_basis=true max_uv_excess=0.00000008294592 widest=1.00099888619065 vertices=3446 derivatives=true bad_derivatives=0 min_determinant=0.00000000462756 worst_dot=0.99999892711639
CAP MAPPING: mesh=household_wardrobes_Wardrobe01__Body_ON_fabric_cool valid_basis=true max_uv_excess=0.00000008940697 widest=1.0001361305969 vertices=13050 derivatives=true bad_derivatives=0 min_determinant=0.00000069127204 worst_dot=0.99999982118607
CAP MAPPING: mesh=household_wardrobes_Wardrobe01__Body_ON_fabric_green valid_basis=true max_uv_excess=0.00000008940697 widest=1.00013485161618 vertices=13019 derivatives=true bad_derivatives=0 min_determinant=0.00000069127204 worst_dot=0.99999976158142
CAP MAPPING: mesh=household_wardrobes_Wardrobe01__Body_ON_fabric_warm valid_basis=true max_uv_excess=0.00000008568168 widest=1.00011087808365 vertices=13018 derivatives=true bad_derivatives=0 min_determinant=0.00000069134356 worst_dot=0.99999982118607
CAP MAPPING: mesh=household_wardrobes_Wardrobe01__Body_ON_linen valid_basis=true max_uv_excess=0.00000008940697 widest=1.00014527864051 vertices=12986 derivatives=true bad_derivatives=0 min_determinant=0.00000069127204 worst_dot=0.99999982118607
CAP MAPPING: mesh=household_wardrobes_Wardrobe01__Body_ON_metal valid_basis=true max_uv_excess=0.00000008766074 widest=1.00010819873476 vertices=12092 derivatives=true bad_derivatives=0 min_determinant=0.00000030130301 worst_dot=0.99999976158142
CAP MAPPING: mesh=household_wardrobes_Wardrobe01__Body_ON_wood_dark valid_basis=true max_uv_excess=0.00000011920929 widest=1.00042779961388 vertices=7711 derivatives=true bad_derivatives=0 min_determinant=0.0000000288887 worst_dot=0.99999976158142
CAP MAPPING: mesh=household_wardrobes_Wardrobe01__LeftLeaf_ON_brass valid_basis=true max_uv_excess=0.00000153202564 widest=1.00076471531876 vertices=6662 derivatives=true bad_derivatives=0 min_determinant=0.00000001039982 worst_dot=0.99999976158142
CAP MAPPING: mesh=household_wardrobes_Wardrobe01__LeftLeaf_ON_wood_dark valid_basis=true max_uv_excess=0.00000011920929 widest=1.00030697773124 vertices=3125 derivatives=true bad_derivatives=0 min_determinant=0.00000004161626 worst_dot=0.99999690055847
CAP MAPPING: mesh=household_wardrobes_Wardrobe01__RightLeaf_ON_brass valid_basis=true max_uv_excess=0.00000153062865 widest=1.00076475887845 vertices=6627 derivatives=true bad_derivatives=0 min_determinant=0.00000001039841 worst_dot=0.99999976158142
CAP MAPPING: mesh=household_wardrobes_Wardrobe01__RightLeaf_ON_wood_dark valid_basis=true max_uv_excess=0.00000011920929 widest=1.00032137768102 vertices=3134 derivatives=true bad_derivatives=0 min_determinant=0.00000004161626 worst_dot=0.99999666213989
CAP MAPPING: mesh=household_wardrobes_Wardrobe02__Body_ON_brass valid_basis=true max_uv_excess=0.00000008294592 widest=1.00099888619065 vertices=3446 derivatives=true bad_derivatives=0 min_determinant=0.00000000462756 worst_dot=0.99999892711639
CAP MAPPING: mesh=household_wardrobes_Wardrobe02__Body_ON_fabric_cool valid_basis=true max_uv_excess=0.00000008568168 widest=1.0001396820196 vertices=13037 derivatives=true bad_derivatives=0 min_determinant=0.00000069134356 worst_dot=0.99999982118607
CAP MAPPING: mesh=household_wardrobes_Wardrobe02__Body_ON_fabric_green valid_basis=true max_uv_excess=0.00000008568168 widest=1.00012604285809 vertices=13045 derivatives=true bad_derivatives=0 min_determinant=0.00000069133462 worst_dot=0.99999976158142
CAP MAPPING: mesh=household_wardrobes_Wardrobe02__Body_ON_fabric_warm valid_basis=true max_uv_excess=0.00000008940697 widest=1.00013995024385 vertices=13006 derivatives=true bad_derivatives=0 min_determinant=0.00000069134356 worst_dot=0.99999982118607
CAP MAPPING: mesh=household_wardrobes_Wardrobe02__Body_ON_linen valid_basis=true max_uv_excess=0.00000008603092 widest=1.00014030870497 vertices=12989 derivatives=true bad_derivatives=0 min_determinant=0.00000069134356 worst_dot=0.99999982118607
CAP MAPPING: mesh=household_wardrobes_Wardrobe02__Body_ON_metal valid_basis=true max_uv_excess=0.00000008766074 widest=1.00010819873476 vertices=12092 derivatives=true bad_derivatives=0 min_determinant=0.00000030130301 worst_dot=0.99999976158142
CAP MAPPING: mesh=household_wardrobes_Wardrobe02__Body_ON_wood_dark valid_basis=true max_uv_excess=0.00000011920929 widest=1.00042779961388 vertices=7711 derivatives=true bad_derivatives=0 min_determinant=0.0000000288887 worst_dot=0.99999976158142
CAP MAPPING: mesh=household_wardrobes_Wardrobe02__LeftLeaf_ON_brass valid_basis=true max_uv_excess=0.00000153202564 widest=1.00076471531876 vertices=6662 derivatives=true bad_derivatives=0 min_determinant=0.00000001039982 worst_dot=0.99999976158142
CAP MAPPING: mesh=household_wardrobes_Wardrobe02__LeftLeaf_ON_wood_dark valid_basis=true max_uv_excess=0.00000011920929 widest=1.00030697773124 vertices=3125 derivatives=true bad_derivatives=0 min_determinant=0.00000004161626 worst_dot=0.99999690055847
CAP MAPPING: mesh=household_wardrobes_Wardrobe02__RightLeaf_ON_brass valid_basis=true max_uv_excess=0.00000153062865 widest=1.00076475887845 vertices=6627 derivatives=true bad_derivatives=0 min_determinant=0.00000001039841 worst_dot=0.99999976158142
CAP MAPPING: mesh=household_wardrobes_Wardrobe02__RightLeaf_ON_wood_dark valid_basis=true max_uv_excess=0.00000011920929 widest=1.00032137768102 vertices=3134 derivatives=true bad_derivatives=0 min_determinant=0.00000004161626 worst_dot=0.99999666213989
CAP MAPPING: mesh=household_wardrobes_Wardrobe03__Body_ON_brass valid_basis=true max_uv_excess=0.00000008294592 widest=1.00099888619065 vertices=3446 derivatives=true bad_derivatives=0 min_determinant=0.00000000462756 worst_dot=0.99999892711639
CAP MAPPING: mesh=household_wardrobes_Wardrobe03__Body_ON_fabric_cool valid_basis=true max_uv_excess=0.00000008940697 widest=1.00012431603873 vertices=13023 derivatives=true bad_derivatives=0 min_determinant=0.0000006908429 worst_dot=0.99999982118607
CAP MAPPING: mesh=household_wardrobes_Wardrobe03__Body_ON_fabric_green valid_basis=true max_uv_excess=0.00000008568168 widest=1.00014272123206 vertices=13016 derivatives=true bad_derivatives=0 min_determinant=0.0000006908429 worst_dot=0.99999982118607
CAP MAPPING: mesh=household_wardrobes_Wardrobe03__Body_ON_fabric_warm valid_basis=true max_uv_excess=0.00000008579809 widest=1.00013342530719 vertices=13013 derivatives=true bad_derivatives=0 min_determinant=0.0000006908429 worst_dot=0.99999982118607
CAP MAPPING: mesh=household_wardrobes_Wardrobe03__Body_ON_linen valid_basis=true max_uv_excess=0.00000008568168 widest=1.00012765333014 vertices=13001 derivatives=true bad_derivatives=0 min_determinant=0.0000006908429 worst_dot=0.99999982118607
CAP MAPPING: mesh=household_wardrobes_Wardrobe03__Body_ON_metal valid_basis=true max_uv_excess=0.00000008766074 widest=1.00010819873476 vertices=12095 derivatives=true bad_derivatives=0 min_determinant=0.00000030130301 worst_dot=0.99999976158142
CAP MAPPING: mesh=household_wardrobes_Wardrobe03__Body_ON_oak_quartered valid_basis=true max_uv_excess=0.00000011920929 widest=1.00042779961388 vertices=7711 derivatives=true bad_derivatives=0 min_determinant=0.0000000288887 worst_dot=0.99999976158142
CAP MAPPING: mesh=household_wardrobes_Wardrobe03__LeftLeaf_ON_brass valid_basis=true max_uv_excess=0.00000153202564 widest=1.00076471531876 vertices=6662 derivatives=true bad_derivatives=0 min_determinant=0.00000001039982 worst_dot=0.99999976158142
CAP MAPPING: mesh=household_wardrobes_Wardrobe03__LeftLeaf_ON_oak_quartered valid_basis=true max_uv_excess=0.00000011920929 widest=1.00030697773124 vertices=3125 derivatives=true bad_derivatives=0 min_determinant=0.00000004161626 worst_dot=0.99999690055847
CAP MAPPING: mesh=household_wardrobes_Wardrobe03__RightLeaf_ON_brass valid_basis=true max_uv_excess=0.00000153062865 widest=1.00076475887845 vertices=6627 derivatives=true bad_derivatives=0 min_determinant=0.00000001039841 worst_dot=0.99999976158142
CAP MAPPING: mesh=household_wardrobes_Wardrobe03__RightLeaf_ON_oak_quartered valid_basis=true max_uv_excess=0.00000011920929 widest=1.00032137768102 vertices=3134 derivatives=true bad_derivatives=0 min_determinant=0.00000004161626 worst_dot=0.99999666213989
CAP MAPPING: mesh=household_wardrobes_Wardrobe04__Body_ON_brass valid_basis=true max_uv_excess=0.00000008294592 widest=1.00099888619065 vertices=3446 derivatives=true bad_derivatives=0 min_determinant=0.00000000462756 worst_dot=0.99999892711639
CAP MAPPING: mesh=household_wardrobes_Wardrobe04__Body_ON_fabric_cool valid_basis=true max_uv_excess=0.00000008568168 widest=1.0001250512191 vertices=13025 derivatives=true bad_derivatives=0 min_determinant=0.00000069105747 worst_dot=0.99999982118607
CAP MAPPING: mesh=household_wardrobes_Wardrobe04__Body_ON_fabric_green valid_basis=true max_uv_excess=0.00000008568168 widest=1.00012088691088 vertices=13052 derivatives=true bad_derivatives=0 min_determinant=0.00000069111558 worst_dot=0.99999982118607
CAP MAPPING: mesh=household_wardrobes_Wardrobe04__Body_ON_fabric_warm valid_basis=true max_uv_excess=0.00000008195639 widest=1.00013201452494 vertices=13046 derivatives=true bad_derivatives=0 min_determinant=0.00000069112899 worst_dot=0.99999982118607
CAP MAPPING: mesh=household_wardrobes_Wardrobe04__Body_ON_linen valid_basis=true max_uv_excess=0.00000008568168 widest=1.00013313190805 vertices=12996 derivatives=true bad_derivatives=0 min_determinant=0.00000069112899 worst_dot=0.99999982118607
CAP MAPPING: mesh=household_wardrobes_Wardrobe04__Body_ON_metal valid_basis=true max_uv_excess=0.00000008766074 widest=1.00010819873476 vertices=12091 derivatives=true bad_derivatives=0 min_determinant=0.00000030130301 worst_dot=0.99999976158142
CAP MAPPING: mesh=household_wardrobes_Wardrobe04__Body_ON_wood_dark valid_basis=true max_uv_excess=0.00000011920929 widest=1.00042779961388 vertices=7711 derivatives=true bad_derivatives=0 min_determinant=0.0000000288887 worst_dot=0.99999976158142
CAP MAPPING: mesh=household_wardrobes_Wardrobe04__LeftLeaf_ON_brass valid_basis=true max_uv_excess=0.00000153202564 widest=1.00076471531876 vertices=6662 derivatives=true bad_derivatives=0 min_determinant=0.00000001039982 worst_dot=0.99999976158142
CAP MAPPING: mesh=household_wardrobes_Wardrobe04__LeftLeaf_ON_wood_dark valid_basis=true max_uv_excess=0.00000011920929 widest=1.00030697773124 vertices=3125 derivatives=true bad_derivatives=0 min_determinant=0.00000004161626 worst_dot=0.99999690055847
CAP MAPPING: mesh=household_wardrobes_Wardrobe04__RightLeaf_ON_brass valid_basis=true max_uv_excess=0.00000153062865 widest=1.00076475887845 vertices=6627 derivatives=true bad_derivatives=0 min_determinant=0.00000001039841 worst_dot=0.99999976158142
CAP MAPPING: mesh=household_wardrobes_Wardrobe04__RightLeaf_ON_wood_dark valid_basis=true max_uv_excess=0.00000011920929 widest=1.00032137768102 vertices=3134 derivatives=true bad_derivatives=0 min_determinant=0.00000004161626 worst_dot=0.99999666213989
CAP MAPPING: mesh=household_wardrobes_Wardrobe05__Body_ON_brass valid_basis=true max_uv_excess=0.00000008294592 widest=1.00099888619065 vertices=3446 derivatives=true bad_derivatives=0 min_determinant=0.00000000462756 worst_dot=0.99999892711639
CAP MAPPING: mesh=household_wardrobes_Wardrobe05__Body_ON_fabric_cool valid_basis=true max_uv_excess=0.00000008940697 widest=1.00014424097005 vertices=13029 derivatives=true bad_derivatives=0 min_determinant=0.00000069141285 worst_dot=0.99999982118607
CAP MAPPING: mesh=household_wardrobes_Wardrobe05__Body_ON_fabric_green valid_basis=true max_uv_excess=0.00000008568168 widest=1.00013105254092 vertices=13049 derivatives=true bad_derivatives=0 min_determinant=0.00000069141508 worst_dot=0.99999982118607
CAP MAPPING: mesh=household_wardrobes_Wardrobe05__Body_ON_fabric_warm valid_basis=true max_uv_excess=0.00000008568168 widest=1.00014164774233 vertices=13034 derivatives=true bad_derivatives=0 min_determinant=0.00000069147766 worst_dot=0.99999982118607
CAP MAPPING: mesh=household_wardrobes_Wardrobe05__Body_ON_linen valid_basis=true max_uv_excess=0.00000008568168 widest=1.00012827240845 vertices=13012 derivatives=true bad_derivatives=0 min_determinant=0.00000069141508 worst_dot=0.99999982118607
CAP MAPPING: mesh=household_wardrobes_Wardrobe05__Body_ON_metal valid_basis=true max_uv_excess=0.00000008766074 widest=1.00010819873476 vertices=12095 derivatives=true bad_derivatives=0 min_determinant=0.00000030130301 worst_dot=0.99999976158142
CAP MAPPING: mesh=household_wardrobes_Wardrobe05__Body_ON_oak_quartered valid_basis=true max_uv_excess=0.00000011920929 widest=1.00042779961388 vertices=7711 derivatives=true bad_derivatives=0 min_determinant=0.0000000288887 worst_dot=0.99999976158142
CAP MAPPING: mesh=household_wardrobes_Wardrobe05__LeftLeaf_ON_brass valid_basis=true max_uv_excess=0.00000153202564 widest=1.00076471531876 vertices=6662 derivatives=true bad_derivatives=0 min_determinant=0.00000001039982 worst_dot=0.99999976158142
CAP MAPPING: mesh=household_wardrobes_Wardrobe05__LeftLeaf_ON_oak_quartered valid_basis=true max_uv_excess=0.00000011920929 widest=1.00030697773124 vertices=3125 derivatives=true bad_derivatives=0 min_determinant=0.00000004161626 worst_dot=0.99999690055847
CAP MAPPING: mesh=household_wardrobes_Wardrobe05__RightLeaf_ON_brass valid_basis=true max_uv_excess=0.00000153062865 widest=1.00076475887845 vertices=6627 derivatives=true bad_derivatives=0 min_determinant=0.00000001039841 worst_dot=0.99999976158142
CAP MAPPING: mesh=household_wardrobes_Wardrobe05__RightLeaf_ON_oak_quartered valid_basis=true max_uv_excess=0.00000011920929 widest=1.00032137768102 vertices=3134 derivatives=true bad_derivatives=0 min_determinant=0.00000004161626 worst_dot=0.99999666213989
CAP MAPPING: mesh=household_wardrobes_Wardrobe06__Body_ON_brass valid_basis=true max_uv_excess=0.00000008294592 widest=1.00099888619065 vertices=3446 derivatives=true bad_derivatives=0 min_determinant=0.00000000462756 worst_dot=0.99999892711639
CAP MAPPING: mesh=household_wardrobes_Wardrobe06__Body_ON_fabric_cool valid_basis=true max_uv_excess=0.00000008795178 widest=1.00014817304886 vertices=13010 derivatives=true bad_derivatives=0 min_determinant=0.00000069141508 worst_dot=0.99999976158142
CAP MAPPING: mesh=household_wardrobes_Wardrobe06__Body_ON_fabric_green valid_basis=true max_uv_excess=0.00000008940697 widest=1.00009469506296 vertices=13041 derivatives=true bad_derivatives=0 min_determinant=0.00000069141508 worst_dot=0.99999982118607
CAP MAPPING: mesh=household_wardrobes_Wardrobe06__Body_ON_fabric_warm valid_basis=true max_uv_excess=0.00000008300412 widest=1.00013684693709 vertices=13030 derivatives=true bad_derivatives=0 min_determinant=0.00000069134356 worst_dot=0.99999982118607
CAP MAPPING: mesh=household_wardrobes_Wardrobe06__Body_ON_linen valid_basis=true max_uv_excess=0.00000008684583 widest=1.00012471690454 vertices=13025 derivatives=true bad_derivatives=0 min_determinant=0.00000069134356 worst_dot=0.99999982118607
CAP MAPPING: mesh=household_wardrobes_Wardrobe06__Body_ON_metal valid_basis=true max_uv_excess=0.00000008766074 widest=1.00010819873476 vertices=12097 derivatives=true bad_derivatives=0 min_determinant=0.00000030130301 worst_dot=0.99999976158142
CAP MAPPING: mesh=household_wardrobes_Wardrobe06__Body_ON_oak_quartered valid_basis=true max_uv_excess=0.00000011920929 widest=1.00042779961388 vertices=7711 derivatives=true bad_derivatives=0 min_determinant=0.0000000288887 worst_dot=0.99999976158142
CAP MAPPING: mesh=household_wardrobes_Wardrobe06__LeftLeaf_ON_brass valid_basis=true max_uv_excess=0.00000153202564 widest=1.00076471531876 vertices=6662 derivatives=true bad_derivatives=0 min_determinant=0.00000001039982 worst_dot=0.99999976158142
CAP MAPPING: mesh=household_wardrobes_Wardrobe06__LeftLeaf_ON_oak_quartered valid_basis=true max_uv_excess=0.00000011920929 widest=1.00030697773124 vertices=3125 derivatives=true bad_derivatives=0 min_determinant=0.00000004161626 worst_dot=0.99999690055847
CAP MAPPING: mesh=household_wardrobes_Wardrobe06__RightLeaf_ON_brass valid_basis=true max_uv_excess=0.00000153062865 widest=1.00076475887845 vertices=6627 derivatives=true bad_derivatives=0 min_determinant=0.00000001039841 worst_dot=0.99999976158142
CAP MAPPING: mesh=household_wardrobes_Wardrobe06__RightLeaf_ON_oak_quartered valid_basis=true max_uv_excess=0.00000011920929 widest=1.00032137768102 vertices=3134 derivatives=true bad_derivatives=0 min_determinant=0.00000004161626 worst_dot=0.99999666213989
CAP MAPPING: mesh=household_wardrobes_Wardrobe07__Body_ON_brass valid_basis=true max_uv_excess=0.00000008294592 widest=1.00099888619065 vertices=3446 derivatives=true bad_derivatives=0 min_determinant=0.00000000462756 worst_dot=0.99999892711639
CAP MAPPING: mesh=household_wardrobes_Wardrobe07__Body_ON_fabric_cool valid_basis=true max_uv_excess=0.00000008940697 widest=1.00011632744089 vertices=13023 derivatives=true bad_derivatives=0 min_determinant=0.00000069127204 worst_dot=0.99999982118607
CAP MAPPING: mesh=household_wardrobes_Wardrobe07__Body_ON_fabric_green valid_basis=true max_uv_excess=0.00000009313226 widest=1.00010639823471 vertices=13036 derivatives=true bad_derivatives=0 min_determinant=0.00000069134132 worst_dot=0.99999982118607
CAP MAPPING: mesh=household_wardrobes_Wardrobe07__Body_ON_fabric_warm valid_basis=true max_uv_excess=0.00000008940697 widest=1.00012163832626 vertices=13041 derivatives=true bad_derivatives=0 min_determinant=0.00000069134356 worst_dot=0.99999982118607
CAP MAPPING: mesh=household_wardrobes_Wardrobe07__Body_ON_linen valid_basis=true max_uv_excess=0.00000008195639 widest=1.00013471642193 vertices=13027 derivatives=true bad_derivatives=0 min_determinant=0.00000069134356 worst_dot=0.99999982118607
CAP MAPPING: mesh=household_wardrobes_Wardrobe07__Body_ON_metal valid_basis=true max_uv_excess=0.00000008766074 widest=1.00010819873476 vertices=12088 derivatives=true bad_derivatives=0 min_determinant=0.00000030130301 worst_dot=0.99999976158142
CAP MAPPING: mesh=household_wardrobes_Wardrobe07__Body_ON_oak_quartered valid_basis=true max_uv_excess=0.00000011920929 widest=1.00042779961388 vertices=7711 derivatives=true bad_derivatives=0 min_determinant=0.0000000288887 worst_dot=0.99999976158142
CAP MAPPING: mesh=household_wardrobes_Wardrobe07__LeftLeaf_ON_brass valid_basis=true max_uv_excess=0.00000153202564 widest=1.00076471531876 vertices=6662 derivatives=true bad_derivatives=0 min_determinant=0.00000001039982 worst_dot=0.99999976158142
CAP MAPPING: mesh=household_wardrobes_Wardrobe07__LeftLeaf_ON_oak_quartered valid_basis=true max_uv_excess=0.00000011920929 widest=1.00030697773124 vertices=3125 derivatives=true bad_derivatives=0 min_determinant=0.00000004161626 worst_dot=0.99999690055847
CAP MAPPING: mesh=household_wardrobes_Wardrobe07__RightLeaf_ON_brass valid_basis=true max_uv_excess=0.00000153062865 widest=1.00076475887845 vertices=6627 derivatives=true bad_derivatives=0 min_determinant=0.00000001039841 worst_dot=0.99999976158142
CAP MAPPING: mesh=household_wardrobes_Wardrobe07__RightLeaf_ON_oak_quartered valid_basis=true max_uv_excess=0.00000011920929 widest=1.00032137768102 vertices=3134 derivatives=true bad_derivatives=0 min_determinant=0.00000004161626 worst_dot=0.99999666213989
CAP MAPPING: mesh=household_wardrobes_Wardrobe08__Body_ON_brass valid_basis=true max_uv_excess=0.00000008294592 widest=1.00099888619065 vertices=3446 derivatives=true bad_derivatives=0 min_determinant=0.00000000462756 worst_dot=0.99999892711639
CAP MAPPING: mesh=household_wardrobes_Wardrobe08__Body_ON_fabric_cool valid_basis=true max_uv_excess=0.00000008940697 widest=1.00013218088289 vertices=13017 derivatives=true bad_derivatives=0 min_determinant=0.00000069127204 worst_dot=0.99999982118607
CAP MAPPING: mesh=household_wardrobes_Wardrobe08__Body_ON_fabric_green valid_basis=true max_uv_excess=0.00000008940697 widest=1.00013306114979 vertices=13021 derivatives=true bad_derivatives=0 min_determinant=0.00000069120051 worst_dot=0.99999982118607
CAP MAPPING: mesh=household_wardrobes_Wardrobe08__Body_ON_fabric_warm valid_basis=true max_uv_excess=0.00000009685755 widest=1.00014083464563 vertices=12995 derivatives=true bad_derivatives=0 min_determinant=0.00000069120051 worst_dot=0.99999976158142
CAP MAPPING: mesh=household_wardrobes_Wardrobe08__Body_ON_linen valid_basis=true max_uv_excess=0.00000008568168 widest=1.00010503571067 vertices=12999 derivatives=true bad_derivatives=0 min_determinant=0.00000069120051 worst_dot=0.99999982118607
CAP MAPPING: mesh=household_wardrobes_Wardrobe08__Body_ON_metal valid_basis=true max_uv_excess=0.00000008766074 widest=1.00010819873476 vertices=12091 derivatives=true bad_derivatives=0 min_determinant=0.00000030130301 worst_dot=0.99999976158142
CAP MAPPING: mesh=household_wardrobes_Wardrobe08__Body_ON_oak_quartered valid_basis=true max_uv_excess=0.00000011920929 widest=1.00042779961388 vertices=7711 derivatives=true bad_derivatives=0 min_determinant=0.0000000288887 worst_dot=0.99999976158142
CAP MAPPING: mesh=household_wardrobes_Wardrobe08__LeftLeaf_ON_brass valid_basis=true max_uv_excess=0.00000153202564 widest=1.00076471531876 vertices=6662 derivatives=true bad_derivatives=0 min_determinant=0.00000001039982 worst_dot=0.99999976158142
CAP MAPPING: mesh=household_wardrobes_Wardrobe08__LeftLeaf_ON_oak_quartered valid_basis=true max_uv_excess=0.00000011920929 widest=1.00030697773124 vertices=3125 derivatives=true bad_derivatives=0 min_determinant=0.00000004161626 worst_dot=0.99999690055847
CAP MAPPING: mesh=household_wardrobes_Wardrobe08__RightLeaf_ON_brass valid_basis=true max_uv_excess=0.00000153062865 widest=1.00076475887845 vertices=6627 derivatives=true bad_derivatives=0 min_determinant=0.00000001039841 worst_dot=0.99999976158142
CAP MAPPING: mesh=household_wardrobes_Wardrobe08__RightLeaf_ON_oak_quartered valid_basis=true max_uv_excess=0.00000011920929 widest=1.00032137768102 vertices=3134 derivatives=true bad_derivatives=0 min_determinant=0.00000004161626 worst_dot=0.99999666213989
CAP MAPPING: mesh=household_wardrobes_Wardrobe09__Body_ON_brass valid_basis=true max_uv_excess=0.00000008294592 widest=1.00099888619065 vertices=3446 derivatives=true bad_derivatives=0 min_determinant=0.00000000462756 worst_dot=0.99999892711639
CAP MAPPING: mesh=household_wardrobes_Wardrobe09__Body_ON_fabric_cool valid_basis=true max_uv_excess=0.00000008568168 widest=1.00013980617109 vertices=13025 derivatives=true bad_derivatives=0 min_determinant=0.00000069091442 worst_dot=0.99999982118607
CAP MAPPING: mesh=household_wardrobes_Wardrobe09__Body_ON_fabric_green valid_basis=true max_uv_excess=0.00000008940697 widest=1.00012821117078 vertices=13065 derivatives=true bad_derivatives=0 min_determinant=0.00000069091442 worst_dot=0.99999982118607
CAP MAPPING: mesh=household_wardrobes_Wardrobe09__Body_ON_fabric_warm valid_basis=true max_uv_excess=0.00000008312054 widest=1.00014076781945 vertices=13036 derivatives=true bad_derivatives=0 min_determinant=0.00000069097924 worst_dot=0.99999982118607
CAP MAPPING: mesh=household_wardrobes_Wardrobe09__Body_ON_linen valid_basis=true max_uv_excess=0.00000008568168 widest=1.00012520587964 vertices=12999 derivatives=true bad_derivatives=0 min_determinant=0.00000069091442 worst_dot=0.99999982118607
CAP MAPPING: mesh=household_wardrobes_Wardrobe09__Body_ON_metal valid_basis=true max_uv_excess=0.00000008911593 widest=1.00011477106621 vertices=12087 derivatives=true bad_derivatives=0 min_determinant=0.00000030130301 worst_dot=0.99999976158142
CAP MAPPING: mesh=household_wardrobes_Wardrobe09__Body_ON_wood_dark valid_basis=true max_uv_excess=0.00000011920929 widest=1.00042779961388 vertices=7711 derivatives=true bad_derivatives=0 min_determinant=0.0000000288887 worst_dot=0.99999976158142
CAP MAPPING: mesh=household_wardrobes_Wardrobe09__LeftLeaf_ON_brass valid_basis=true max_uv_excess=0.00000153202564 widest=1.00076471531876 vertices=6662 derivatives=true bad_derivatives=0 min_determinant=0.00000001039982 worst_dot=0.99999976158142
CAP MAPPING: mesh=household_wardrobes_Wardrobe09__LeftLeaf_ON_wood_dark valid_basis=true max_uv_excess=0.00000011920929 widest=1.00030697773124 vertices=3125 derivatives=true bad_derivatives=0 min_determinant=0.00000004161626 worst_dot=0.99999690055847
CAP MAPPING: mesh=household_wardrobes_Wardrobe09__RightLeaf_ON_brass valid_basis=true max_uv_excess=0.00000153062865 widest=1.00076475887845 vertices=6627 derivatives=true bad_derivatives=0 min_determinant=0.00000001039841 worst_dot=0.99999976158142
CAP MAPPING: mesh=household_wardrobes_Wardrobe09__RightLeaf_ON_wood_dark valid_basis=true max_uv_excess=0.00000011920929 widest=1.00032137768102 vertices=3134 derivatives=true bad_derivatives=0 min_determinant=0.00000004161626 worst_dot=0.99999666213989
CAP MAPPING: mesh=household_wardrobes_Wardrobe10__Body_ON_brass valid_basis=true max_uv_excess=0.00000008294592 widest=1.00099888619065 vertices=3446 derivatives=true bad_derivatives=0 min_determinant=0.00000000462756 worst_dot=0.99999892711639
CAP MAPPING: mesh=household_wardrobes_Wardrobe10__Body_ON_fabric_cool valid_basis=true max_uv_excess=0.00000008405186 widest=1.00012953669828 vertices=13011 derivatives=true bad_derivatives=0 min_determinant=0.00000069091442 worst_dot=0.99999982118607
CAP MAPPING: mesh=household_wardrobes_Wardrobe10__Body_ON_fabric_green valid_basis=true max_uv_excess=0.00000008632196 widest=1.00014513543789 vertices=13049 derivatives=true bad_derivatives=0 min_determinant=0.00000069091442 worst_dot=0.99999982118607
CAP MAPPING: mesh=household_wardrobes_Wardrobe10__Body_ON_fabric_warm valid_basis=true max_uv_excess=0.00000008568168 widest=1.00013680883285 vertices=13014 derivatives=true bad_derivatives=0 min_determinant=0.00000069091442 worst_dot=0.99999982118607
CAP MAPPING: mesh=household_wardrobes_Wardrobe10__Body_ON_linen valid_basis=true max_uv_excess=0.00000008940697 widest=1.00012672132276 vertices=13003 derivatives=true bad_derivatives=0 min_determinant=0.00000069091218 worst_dot=0.99999982118607
CAP MAPPING: mesh=household_wardrobes_Wardrobe10__Body_ON_metal valid_basis=true max_uv_excess=0.00000008766074 widest=1.00010819873476 vertices=12093 derivatives=true bad_derivatives=0 min_determinant=0.00000030130301 worst_dot=0.99999976158142
CAP MAPPING: mesh=household_wardrobes_Wardrobe10__Body_ON_wood_dark valid_basis=true max_uv_excess=0.00000011920929 widest=1.00042779961388 vertices=7711 derivatives=true bad_derivatives=0 min_determinant=0.0000000288887 worst_dot=0.99999976158142
CAP MAPPING: mesh=household_wardrobes_Wardrobe10__LeftLeaf_ON_brass valid_basis=true max_uv_excess=0.00000153202564 widest=1.00076471531876 vertices=6662 derivatives=true bad_derivatives=0 min_determinant=0.00000001039982 worst_dot=0.99999976158142
CAP MAPPING: mesh=household_wardrobes_Wardrobe10__LeftLeaf_ON_wood_dark valid_basis=true max_uv_excess=0.00000011920929 widest=1.00030697773124 vertices=3125 derivatives=true bad_derivatives=0 min_determinant=0.00000004161626 worst_dot=0.99999690055847
CAP MAPPING: mesh=household_wardrobes_Wardrobe10__RightLeaf_ON_brass valid_basis=true max_uv_excess=0.00000153062865 widest=1.00076475887845 vertices=6627 derivatives=true bad_derivatives=0 min_determinant=0.00000001039841 worst_dot=0.99999976158142
CAP MAPPING: mesh=household_wardrobes_Wardrobe10__RightLeaf_ON_wood_dark valid_basis=true max_uv_excess=0.00000011920929 widest=1.00032137768102 vertices=3134 derivatives=true bad_derivatives=0 min_determinant=0.00000004161626 worst_dot=0.99999666213989
CAP MAPPING: mesh=household_wardrobes_Wardrobe11__Body_ON_brass valid_basis=true max_uv_excess=0.00000008294592 widest=1.00099888619065 vertices=3446 derivatives=true bad_derivatives=0 min_determinant=0.00000000462756 worst_dot=0.99999892711639
CAP MAPPING: mesh=household_wardrobes_Wardrobe11__Body_ON_fabric_cool valid_basis=true max_uv_excess=0.0000000835862 widest=1.00014121438074 vertices=13035 derivatives=true bad_derivatives=0 min_determinant=0.0000006908429 worst_dot=0.99999976158142
CAP MAPPING: mesh=household_wardrobes_Wardrobe11__Body_ON_fabric_green valid_basis=true max_uv_excess=0.00000008195639 widest=1.00012802929591 vertices=13020 derivatives=true bad_derivatives=0 min_determinant=0.0000006908429 worst_dot=0.99999982118607
CAP MAPPING: mesh=household_wardrobes_Wardrobe11__Body_ON_fabric_warm valid_basis=true max_uv_excess=0.00000008277129 widest=1.00012705026626 vertices=12985 derivatives=true bad_derivatives=0 min_determinant=0.00000069091442 worst_dot=0.99999982118607
CAP MAPPING: mesh=household_wardrobes_Wardrobe11__Body_ON_linen valid_basis=true max_uv_excess=0.00000008940697 widest=1.00012887406761 vertices=13010 derivatives=true bad_derivatives=0 min_determinant=0.00000069090324 worst_dot=0.99999982118607
CAP MAPPING: mesh=household_wardrobes_Wardrobe11__Body_ON_metal valid_basis=true max_uv_excess=0.00000008766074 widest=1.00010819873476 vertices=12094 derivatives=true bad_derivatives=0 min_determinant=0.00000030130301 worst_dot=0.99999976158142
CAP MAPPING: mesh=household_wardrobes_Wardrobe11__Body_ON_wood_dark valid_basis=true max_uv_excess=0.00000011920929 widest=1.00042779961388 vertices=7711 derivatives=true bad_derivatives=0 min_determinant=0.0000000288887 worst_dot=0.99999976158142
CAP MAPPING: mesh=household_wardrobes_Wardrobe11__LeftLeaf_ON_brass valid_basis=true max_uv_excess=0.00000153202564 widest=1.00076471531876 vertices=6662 derivatives=true bad_derivatives=0 min_determinant=0.00000001039982 worst_dot=0.99999976158142
CAP MAPPING: mesh=household_wardrobes_Wardrobe11__LeftLeaf_ON_wood_dark valid_basis=true max_uv_excess=0.00000011920929 widest=1.00030697773124 vertices=3125 derivatives=true bad_derivatives=0 min_determinant=0.00000004161626 worst_dot=0.99999690055847
CAP MAPPING: mesh=household_wardrobes_Wardrobe11__RightLeaf_ON_brass valid_basis=true max_uv_excess=0.00000153062865 widest=1.00076475887845 vertices=6627 derivatives=true bad_derivatives=0 min_determinant=0.00000001039841 worst_dot=0.99999976158142
CAP MAPPING: mesh=household_wardrobes_Wardrobe11__RightLeaf_ON_wood_dark valid_basis=true max_uv_excess=0.00000011920929 widest=1.00032137768102 vertices=3134 derivatives=true bad_derivatives=0 min_determinant=0.00000004161626 worst_dot=0.99999666213989
CAP MAPPING: mesh=household_wardrobes_Wardrobe12__Body_ON_brass valid_basis=true max_uv_excess=0.00000008294592 widest=1.00099888619065 vertices=3446 derivatives=true bad_derivatives=0 min_determinant=0.00000000462756 worst_dot=0.99999892711639
CAP MAPPING: mesh=household_wardrobes_Wardrobe12__Body_ON_fabric_cool valid_basis=true max_uv_excess=0.00000008195639 widest=1.00013460842205 vertices=13047 derivatives=true bad_derivatives=0 min_determinant=0.0000006908429 worst_dot=0.99999976158142
CAP MAPPING: mesh=household_wardrobes_Wardrobe12__Body_ON_fabric_green valid_basis=true max_uv_excess=0.00000008568168 widest=1.00011799901301 vertices=13055 derivatives=true bad_derivatives=0 min_determinant=0.00000069155813 worst_dot=0.99999982118607
CAP MAPPING: mesh=household_wardrobes_Wardrobe12__Body_ON_fabric_warm valid_basis=true max_uv_excess=0.00000008195639 widest=1.00011909767097 vertices=12998 derivatives=true bad_derivatives=0 min_determinant=0.00000069083172 worst_dot=0.99999982118607
CAP MAPPING: mesh=household_wardrobes_Wardrobe12__Body_ON_linen valid_basis=true max_uv_excess=0.0000000782311 widest=1.0001100111532 vertices=13013 derivatives=true bad_derivatives=0 min_determinant=0.00000069077137 worst_dot=0.99999982118607
CAP MAPPING: mesh=household_wardrobes_Wardrobe12__Body_ON_metal valid_basis=true max_uv_excess=0.00000008766074 widest=1.00010819873476 vertices=12096 derivatives=true bad_derivatives=0 min_determinant=0.00000030130301 worst_dot=0.99999976158142
CAP MAPPING: mesh=household_wardrobes_Wardrobe12__Body_ON_wood_dark valid_basis=true max_uv_excess=0.00000011920929 widest=1.00042779961388 vertices=7711 derivatives=true bad_derivatives=0 min_determinant=0.0000000288887 worst_dot=0.99999976158142
CAP MAPPING: mesh=household_wardrobes_Wardrobe12__LeftLeaf_ON_brass valid_basis=true max_uv_excess=0.00000153202564 widest=1.00076471531876 vertices=6662 derivatives=true bad_derivatives=0 min_determinant=0.00000001039982 worst_dot=0.99999976158142
CAP MAPPING: mesh=household_wardrobes_Wardrobe12__LeftLeaf_ON_wood_dark valid_basis=true max_uv_excess=0.00000011920929 widest=1.00030697773124 vertices=3125 derivatives=true bad_derivatives=0 min_determinant=0.00000004161626 worst_dot=0.99999690055847
CAP MAPPING: mesh=household_wardrobes_Wardrobe12__RightLeaf_ON_brass valid_basis=true max_uv_excess=0.00000153062865 widest=1.00076475887845 vertices=6627 derivatives=true bad_derivatives=0 min_determinant=0.00000001039841 worst_dot=0.99999976158142
CAP MAPPING: mesh=household_wardrobes_Wardrobe12__RightLeaf_ON_wood_dark valid_basis=true max_uv_excess=0.00000011920929 widest=1.00032137768102 vertices=3134 derivatives=true bad_derivatives=0 min_determinant=0.00000004161626 worst_dot=0.99999666213989
CAP MAPPING: mesh=domestic_storage_Shelf01__floor_oak valid_basis=true max_uv_excess=0.0000000797445 widest=1.00015680108584 vertices=2580 derivatives=true bad_derivatives=0 min_determinant=0.00000011566076 worst_dot=0.99999982118607
CAP MAPPING: mesh=domestic_storage_Shelf01__metal valid_basis=true max_uv_excess=0.00000007508788 widest=1.00068495873754 vertices=10865 derivatives=true bad_derivatives=0 min_determinant=0.00000001040124 worst_dot=0.99999964237213
CAP MAPPING: mesh=domestic_storage_Shelf01__trim valid_basis=true max_uv_excess=0.00000009329233 widest=1.00071572571946 vertices=6132 derivatives=true bad_derivatives=0 min_determinant=0.00000001039558 worst_dot=0.99999958276749
CAP MAPPING: mesh=domestic_storage_Shelf02__book_brown valid_basis=true max_uv_excess=0.00000005960464 widest=1.00059307754446 vertices=12554 derivatives=true bad_derivatives=0 min_determinant=0.00000000374707 worst_dot=0.99999952316284
CAP MAPPING: mesh=domestic_storage_Shelf02__book_burgundy valid_basis=true max_uv_excess=0.00000005516631 widest=1.00059307754446 vertices=14028 derivatives=true bad_derivatives=0 min_determinant=0.00000000374315 worst_dot=0.99999952316284
CAP MAPPING: mesh=domestic_storage_Shelf02__book_green valid_basis=true max_uv_excess=0.00000004470348 widest=1.00044179220266 vertices=7830 derivatives=true bad_derivatives=0 min_determinant=0.00000000374707 worst_dot=0.99999952316284
CAP MAPPING: mesh=domestic_storage_Shelf02__book_navy valid_basis=true max_uv_excess=0.00000004495087 widest=1.0004812316914 vertices=12540 derivatives=true bad_derivatives=0 min_determinant=0.00000000374707 worst_dot=0.99999964237213
CAP MAPPING: mesh=domestic_storage_Shelf02__book_ochre valid_basis=true max_uv_excess=0.00000005960464 widest=1.0006238445675 vertices=7841 derivatives=true bad_derivatives=0 min_determinant=0.00000000374707 worst_dot=0.99999952316284
CAP MAPPING: mesh=domestic_storage_Shelf02__book_teal valid_basis=true max_uv_excess=0.00000004698086 widest=1.00054154319902 vertices=12468 derivatives=true bad_derivatives=0 min_determinant=0.00000000374707 worst_dot=0.99999952316284
CAP MAPPING: mesh=domestic_storage_Shelf02__floor_oak valid_basis=true max_uv_excess=0.00000008477946 widest=1.00023198979149 vertices=2600 derivatives=true bad_derivatives=0 min_determinant=0.00000011563898 worst_dot=0.99999982118607
CAP MAPPING: mesh=domestic_storage_Shelf02__metal valid_basis=true max_uv_excess=0.00000008504139 widest=1.00010836212173 vertices=4805 derivatives=true bad_derivatives=0 min_determinant=0.00000008022882 worst_dot=0.99999964237213
CAP MAPPING: mesh=domestic_storage_Shelf02__paper valid_basis=true max_uv_excess=0.00000008477946 widest=1.00104517805785 vertices=22182 derivatives=true bad_derivatives=0 min_determinant=0.00000000462132 worst_dot=0.99999952316284
CAP MAPPING: mesh=domestic_storage_Counter03__countertop valid_basis=true max_uv_excess=0.00000011920929 widest=1.00069427763932 vertices=1113 derivatives=true bad_derivatives=0 min_determinant=0.00000002052913 worst_dot=0.99999976158142
CAP MAPPING: mesh=domestic_storage_Counter03__wood_dark valid_basis=true max_uv_excess=0.00000008865027 widest=1.00013569653413 vertices=4135 derivatives=true bad_derivatives=0 min_determinant=0.00000026018989 worst_dot=0.99999982118607
CAP MAPPING: mesh=domestic_storage_Shelf04__floor_oak valid_basis=true max_uv_excess=0.00000011920929 widest=1.0001569603556 vertices=2583 derivatives=true bad_derivatives=0 min_determinant=0.00000011563898 worst_dot=0.99999982118607
CAP MAPPING: mesh=domestic_storage_Shelf04__metal valid_basis=true max_uv_excess=0.00000007844937 widest=1.00071572571946 vertices=10785 derivatives=true bad_derivatives=0 min_determinant=0.00000001040124 worst_dot=0.99999964237213
CAP MAPPING: mesh=domestic_storage_Shelf04__trim valid_basis=true max_uv_excess=0.00000008793722 widest=1.00071316894603 vertices=6126 derivatives=true bad_derivatives=0 min_determinant=0.00000001039558 worst_dot=0.99999970197678
CAP MAPPING: mesh=domestic_storage_Counter05__metal valid_basis=true max_uv_excess=0.00000008940697 widest=1.0005804952019 vertices=18476 derivatives=true bad_derivatives=0 min_determinant=0.00000001040124 worst_dot=0.99999970197678
CAP MAPPING: mesh=domestic_storage_Cupboard06__soot valid_basis=true max_uv_excess=0.00000006044866 widest=1.0002983965805 vertices=1053 derivatives=true bad_derivatives=0 min_determinant=0.00000001850648 worst_dot=0.99999988079071
CAP MAPPING: mesh=domestic_storage_Cupboard06__trim valid_basis=true max_uv_excess=0.0000001246226 widest=1.00044118894964 vertices=13727 derivatives=true bad_derivatives=0 min_determinant=0.00000002889958 worst_dot=0.99999982118607
CAP MAPPING: mesh=domestic_storage_Cupboard08__soot valid_basis=true max_uv_excess=0.00000006044866 widest=1.0002983965805 vertices=1053 derivatives=true bad_derivatives=0 min_determinant=0.00000001850648 worst_dot=0.99999988079071
CAP MAPPING: mesh=domestic_storage_Cupboard08__trim valid_basis=true max_uv_excess=0.0000001246226 widest=1.00044118894964 vertices=12745 derivatives=true bad_derivatives=0 min_determinant=0.00000002889958 worst_dot=0.99999982118607
CAP MAPPING: mesh=domestic_storage_Shelf07__floor_oak valid_basis=true max_uv_excess=0.00000008579809 widest=1.00021462838588 vertices=2517 derivatives=true bad_derivatives=0 min_determinant=0.00000011563898 worst_dot=0.99999982118607
CAP MAPPING: mesh=domestic_storage_Shelf07__metal valid_basis=true max_uv_excess=0.00000007393828 widest=1.0006578410202 vertices=10875 derivatives=true bad_derivatives=0 min_determinant=0.00000001040124 worst_dot=0.99999964237213
CAP MAPPING: mesh=domestic_storage_Shelf07__trim valid_basis=true max_uv_excess=0.00000007545168 widest=1.0006578410202 vertices=6128 derivatives=true bad_derivatives=0 min_determinant=0.00000001040124 worst_dot=0.99999964237213
CAP MAPPING: mesh=prep_cabinets_PrepCabinet__Body_ON_brass valid_basis=true max_uv_excess=0.00000008329516 widest=1.00062889867058 vertices=2508 derivatives=true bad_derivatives=0 min_determinant=0.00000001040407 worst_dot=0.99999970197678
CAP MAPPING: mesh=prep_cabinets_PrepCabinet__Body_ON_countertop valid_basis=true max_uv_excess=0.00000011920929 widest=1.00018754014096 vertices=510 derivatives=true bad_derivatives=0 min_determinant=0.00000016656395 worst_dot=0.99999988079071
CAP MAPPING: mesh=prep_cabinets_PrepCabinet__Body_ON_metal valid_basis=true max_uv_excess=0.00000011920929 widest=1.000662652382 vertices=4121 derivatives=true bad_derivatives=0 min_determinant=0.00000001040124 worst_dot=0.99999982118607
CAP MAPPING: mesh=prep_cabinets_PrepCabinet__Body_ON_plywood valid_basis=true max_uv_excess=0.00000011059456 widest=1.00030436757864 vertices=2025 derivatives=true bad_derivatives=0 min_determinant=0.00000004163108 worst_dot=0.99999988079071
CAP MAPPING: mesh=prep_cabinets_PrepCabinet__Body_ON_trim valid_basis=true max_uv_excess=0.00000011184602 widest=1.00063498864058 vertices=5595 derivatives=true bad_derivatives=0 min_determinant=0.0000000185027 worst_dot=0.99999970197678
CAP MAPPING: mesh=prep_cabinets_PrepCabinet__Body_ON_wood_dark valid_basis=true max_uv_excess=0.00000005960464 widest=1.0001883923252 vertices=513 derivatives=true bad_derivatives=0 min_determinant=0.00000005667773 worst_dot=0.99999988079071
CAP MAPPING: mesh=prep_cabinets_PrepCabinet__SlidingPanel_ON_brass valid_basis=true max_uv_excess=0.00000007729977 widest=1.00010387202433 vertices=1106 derivatives=true bad_derivatives=0 min_determinant=0.00000003557245 worst_dot=0.99999988079071
CAP MAPPING: mesh=prep_cabinets_PrepCabinet__SlidingPanel_ON_trim valid_basis=true max_uv_excess=0.00000010099029 widest=1.00033560271646 vertices=2567 derivatives=true bad_derivatives=0 min_determinant=0.00000004161802 worst_dot=0.99999982118607
CAP MAPPING: mesh=domestic_seating_Sofa195__fabric_cool valid_basis=true max_uv_excess=0.00000011920929 widest=1.00002596223605 vertices=21971 derivatives=true bad_derivatives=0 min_determinant=0.00000397149161 worst_dot=0.99999982118607
CAP MAPPING: mesh=domestic_seating_Sofa195__linen valid_basis=true max_uv_excess=0.00000017881393 widest=1.00010795254946 vertices=13820 derivatives=true bad_derivatives=0 min_determinant=0.00000233823005 worst_dot=0.99999982118607
CAP MAPPING: mesh=domestic_seating_Sofa195__wood_dark valid_basis=true max_uv_excess=0.00000008579809 widest=1.00004695407872 vertices=4682 derivatives=true bad_derivatives=0 min_determinant=0.00000270630148 worst_dot=0.99999982118607
CAP MAPPING: mesh=domestic_seating_Sofa210__fabric_cool valid_basis=true max_uv_excess=0.00000023841858 widest=1.00002603586852 vertices=22050 derivatives=true bad_derivatives=0 min_determinant=0.00000397144196 worst_dot=0.99999976158142
CAP MAPPING: mesh=domestic_seating_Sofa210__linen valid_basis=true max_uv_excess=0.00000011920929 widest=1.00010847509061 vertices=13818 derivatives=true bad_derivatives=0 min_determinant=0.00000233813751 worst_dot=0.99999982118607
CAP MAPPING: mesh=domestic_seating_Sofa210__wood_dark valid_basis=true max_uv_excess=0.00000008707866 widest=1.00003975441962 vertices=4785 derivatives=true bad_derivatives=0 min_determinant=0.00000270630148 worst_dot=0.99999982118607
CAP MAPPING: mesh=domestic_seating_ChairDark__wood_dark valid_basis=true max_uv_excess=0.0000201202929 widest=1.00071543028542 vertices=13755 derivatives=true bad_derivatives=0 min_determinant=0.00000168662395 worst_dot=0.99999982118607
CAP MAPPING: mesh=domestic_seating_ChairOak__oak_quartered valid_basis=true max_uv_excess=0.0000201202929 widest=1.00071543028542 vertices=13755 derivatives=true bad_derivatives=0 min_determinant=0.00000168662395 worst_dot=0.99999982118607
CAP MAPPING: mesh=domestic_tables_Nightstand01__brass valid_basis=true max_uv_excess=0.00000114552677 widest=1.00075806419434 vertices=1243 derivatives=true bad_derivatives=0 min_determinant=0.0000046971024 worst_dot=0.99999982118607
CAP MAPPING: mesh=domestic_tables_Nightstand01__glassish valid_basis=true max_uv_excess=0.00000332994387 widest=1.00073892341694 vertices=1825 derivatives=true bad_derivatives=0 min_determinant=0.00000788401332 worst_dot=0.99999988079071
CAP MAPPING: mesh=domestic_tables_Nightstand01__oak_quartered valid_basis=true max_uv_excess=0.00000190804712 widest=1.00073900400187 vertices=10310 derivatives=true bad_derivatives=0 min_determinant=0.00000005667773 worst_dot=0.99999982118607
CAP MAPPING: mesh=domestic_tables_Nightstand01__paper valid_basis=true max_uv_excess=0.00000007397466 widest=1.00074164673312 vertices=2055 derivatives=true bad_derivatives=0 min_determinant=0.0000000046232 worst_dot=0.99999976158142
CAP MAPPING: mesh=domestic_tables_Nightstand02__brass valid_basis=true max_uv_excess=0.00000114552677 widest=1.00075806419434 vertices=1243 derivatives=true bad_derivatives=0 min_determinant=0.0000046971024 worst_dot=0.99999982118607
CAP MAPPING: mesh=domestic_tables_Nightstand02__glassish valid_basis=true max_uv_excess=0.00000332994387 widest=1.00073892341694 vertices=1825 derivatives=true bad_derivatives=0 min_determinant=0.00000788401332 worst_dot=0.99999988079071
CAP MAPPING: mesh=domestic_tables_Nightstand02__paper valid_basis=true max_uv_excess=0.00000007397466 widest=1.00074164673312 vertices=2055 derivatives=true bad_derivatives=0 min_determinant=0.0000000046232 worst_dot=0.99999976158142
CAP MAPPING: mesh=domestic_tables_Nightstand02__wood_dark valid_basis=true max_uv_excess=0.00000190804712 widest=1.00073900400187 vertices=10310 derivatives=true bad_derivatives=0 min_determinant=0.00000005667773 worst_dot=0.99999982118607
CAP MAPPING: mesh=domestic_tables_TableRound03__trim valid_basis=true max_uv_excess=0.0000126734376 widest=1.00073292207649 vertices=1825 derivatives=true bad_derivatives=0 min_determinant=0.0000990789358 worst_dot=0.99999982118607
CAP MAPPING: mesh=domestic_tables_TableRound03__wood_dark valid_basis=true max_uv_excess=0.00000647455454 widest=1.00017989383159 vertices=1817 derivatives=true bad_derivatives=0 min_determinant=0.00089993605604 worst_dot=0.99999982118607
CAP MAPPING: mesh=domestic_tables_TableRect04__floor_oak valid_basis=true max_uv_excess=0.00000006682239 widest=1.00005149037731 vertices=507 derivatives=true bad_derivatives=0 min_determinant=0.00000072287836 worst_dot=0.99999988079071
CAP MAPPING: mesh=domestic_tables_TableRect04__wood_dark valid_basis=true max_uv_excess=0.00000377791002 widest=1.00072867761367 vertices=9835 derivatives=true bad_derivatives=0 min_determinant=0.00000026020404 worst_dot=0.99999982118607
CAP MAPPING: mesh=domestic_tables_TableRect05__floor_oak valid_basis=true max_uv_excess=0.00000011920929 widest=1.00003975441962 vertices=488 derivatives=true bad_derivatives=0 min_determinant=0.00000072284888 worst_dot=0.99999988079071
CAP MAPPING: mesh=domestic_tables_TableRect05__wood_dark valid_basis=true max_uv_excess=0.00000378582627 widest=1.00072933466493 vertices=9943 derivatives=true bad_derivatives=0 min_determinant=0.00000026021819 worst_dot=0.99999982118607
CAP MAPPING: mesh=domestic_tables_Coffee06__glassish valid_basis=true max_uv_excess=0.00000011920929 widest=1.00006246867209 vertices=1762 derivatives=true bad_derivatives=0 min_determinant=0.00003150484147 worst_dot=0.99999982118607
CAP MAPPING: mesh=domestic_tables_Coffee06__wood_dark valid_basis=true max_uv_excess=0.00000011920929 widest=1.00020067589796 vertices=1128 derivatives=true bad_derivatives=0 min_determinant=0.00000005854244 worst_dot=0.99999988079071
CAP MAPPING: mesh=domestic_tables_TableRect07__wood_dark valid_basis=true max_uv_excess=0.0000037853606 widest=1.00073045601845 vertices=10484 derivatives=true bad_derivatives=0 min_determinant=0.00000026020758 worst_dot=0.99999982118607
CAP MAPPING: mesh=domestic_tables_TableRect08__wood_dark valid_basis=true max_uv_excess=0.00000378023833 widest=1.00073000891393 vertices=10493 derivatives=true bad_derivatives=0 min_determinant=0.00000026025086 worst_dot=0.99999982118607
CAP MAPPING: mesh=domestic_tables_TableRect09__wood_dark valid_basis=true max_uv_excess=0.00000377791002 widest=1.00072867761367 vertices=10342 derivatives=true bad_derivatives=0 min_determinant=0.00000026020404 worst_dot=0.99999982118607
CAP MAPPING: mesh=domestic_tables_TableRound10__floor_oak valid_basis=true max_uv_excess=0.00000647455454 widest=1.00017989383159 vertices=1817 derivatives=true bad_derivatives=0 min_determinant=0.00089993605604 worst_dot=0.99999982118607
CAP MAPPING: mesh=domestic_tables_TableRound10__trim valid_basis=true max_uv_excess=0.0000126734376 widest=1.00073292207649 vertices=1825 derivatives=true bad_derivatives=0 min_determinant=0.0000990789358 worst_dot=0.99999982118607
CAP MAPPING: mesh=domestic_tables_TableRect11__wood_dark valid_basis=true max_uv_excess=0.0000037853606 widest=1.00073149200265 vertices=10518 derivatives=true bad_derivatives=0 min_determinant=0.00000026022256 worst_dot=0.99999976158142
CAP MAPPING: mesh=domestic_tables_TableRect12__wood_dark valid_basis=true max_uv_excess=0.00000377791002 widest=1.0007284507946 vertices=10327 derivatives=true bad_derivatives=0 min_determinant=0.00000026021111 worst_dot=0.99999982118607
CAP MAPPING: mesh=domestic_tables_TableRect13__wood_dark valid_basis=true max_uv_excess=0.00000378955156 widest=1.00073000891393 vertices=10407 derivatives=true bad_derivatives=0 min_determinant=0.00000026018989 worst_dot=0.99999982118607
CAP MAPPING: mesh=surface_stock_2A_k_kmug__porcelain valid_basis=true max_uv_excess=0.00000375322998 widest=1.00071952494601 vertices=5057 derivatives=true bad_derivatives=0 min_determinant=0.00000260374097 worst_dot=0.99999982118607
CAP MAPPING: mesh=surface_stock_2A_k_kdishrack__nickel_plated valid_basis=true max_uv_excess=0.00000006635673 widest=1.00032093329655 vertices=4348 derivatives=true bad_derivatives=0 min_determinant=0.00000001850648 worst_dot=0.99999952316284
CAP MAPPING: mesh=surface_stock_2A_k_kdishrack__porcelain valid_basis=true max_uv_excess=0.00000881683081 widest=1.0006520962722 vertices=8482 derivatives=true bad_derivatives=0 min_determinant=0.00004134837926 worst_dot=0.99999982118607
CAP MAPPING: mesh=surface_stock_2A_k_kdishrack__rubber_aged valid_basis=true max_uv_excess=0.00000066601206 widest=1.00072736445256 vertices=1355 derivatives=true bad_derivatives=0 min_determinant=0.00000639548115 worst_dot=0.99999988079071
CAP MAPPING: mesh=surface_stock_2B_k_kmug__porcelain valid_basis=true max_uv_excess=0.00000375322998 widest=1.00071952494601 vertices=5057 derivatives=true bad_derivatives=0 min_determinant=0.00000260374097 worst_dot=0.99999982118607
CAP MAPPING: mesh=surface_stock_2B_k_kdishrack__nickel_plated valid_basis=true max_uv_excess=0.00000006635673 widest=1.00032093329655 vertices=4348 derivatives=true bad_derivatives=0 min_determinant=0.00000001850648 worst_dot=0.99999952316284
CAP MAPPING: mesh=surface_stock_2B_k_kdishrack__porcelain valid_basis=true max_uv_excess=0.00000881683081 widest=1.0006520962722 vertices=8482 derivatives=true bad_derivatives=0 min_determinant=0.00004134837926 worst_dot=0.99999982118607
CAP MAPPING: mesh=surface_stock_2B_k_kdishrack__rubber_aged valid_basis=true max_uv_excess=0.00000066601206 widest=1.00072736445256 vertices=1355 derivatives=true bad_derivatives=0 min_determinant=0.00000639548115 worst_dot=0.99999988079071
CAP MAPPING: mesh=surface_stock_3B_k_kmug__porcelain valid_basis=true max_uv_excess=0.00000375322998 widest=1.00071952494601 vertices=5057 derivatives=true bad_derivatives=0 min_determinant=0.00000260374097 worst_dot=0.99999982118607
CAP MAPPING: mesh=surface_stock_3B_k_kdishrack__nickel_plated valid_basis=true max_uv_excess=0.00000006635673 widest=1.00032093329655 vertices=4348 derivatives=true bad_derivatives=0 min_determinant=0.00000001850648 worst_dot=0.99999952316284
CAP MAPPING: mesh=surface_stock_3B_k_kdishrack__porcelain valid_basis=true max_uv_excess=0.00000881683081 widest=1.0006520962722 vertices=8482 derivatives=true bad_derivatives=0 min_determinant=0.00004134837926 worst_dot=0.99999982118607
CAP MAPPING: mesh=surface_stock_3B_k_kdishrack__rubber_aged valid_basis=true max_uv_excess=0.00000066601206 widest=1.00072736445256 vertices=1355 derivatives=true bad_derivatives=0 min_determinant=0.00000639548115 worst_dot=0.99999988079071
CAP MAPPING: mesh=surface_stock_4B_mug__porcelain valid_basis=true max_uv_excess=0.00000375322998 widest=1.00071952494601 vertices=5057 derivatives=true bad_derivatives=0 min_determinant=0.00000260374097 worst_dot=0.99999982118607
CAP MAPPING: mesh=surface_stock_4B_dishrack__nickel_plated valid_basis=true max_uv_excess=0.00000007337076 widest=1.00036984416005 vertices=4257 derivatives=true bad_derivatives=0 min_determinant=0.00000001850648 worst_dot=0.99999952316284
CAP MAPPING: mesh=surface_stock_4B_dishrack__porcelain valid_basis=true max_uv_excess=0.00000881683081 widest=1.0006520962722 vertices=8481 derivatives=true bad_derivatives=0 min_determinant=0.00004134849447 worst_dot=0.99999982118607
CAP MAPPING: mesh=surface_stock_4B_dishrack__rubber_aged valid_basis=true max_uv_excess=0.00000066246139 widest=1.00072349566967 vertices=1328 derivatives=true bad_derivatives=0 min_determinant=0.00000639550462 worst_dot=0.99999988079071
CAP MAPPING: mesh=surface_stock_2A_papers__paper valid_basis=true max_uv_excess=0.0000000875043 widest=1.00118954986369 vertices=13245 derivatives=true bad_derivatives=0 min_determinant=0.00000000073811 worst_dot=0.99999511241913
CAP MAPPING: mesh=surface_stock_2A_mug__porcelain valid_basis=true max_uv_excess=0.00000375322998 widest=1.00071952494601 vertices=5057 derivatives=true bad_derivatives=0 min_determinant=0.00000260374097 worst_dot=0.99999982118607
CAP MAPPING: mesh=surface_stock_2A_phones__bakelite valid_basis=true max_uv_excess=0.00000367034227 widest=1.00070147178249 vertices=2579 derivatives=true bad_derivatives=0 min_determinant=0.00001595542643 worst_dot=0.99999976158142
CAP MAPPING: mesh=surface_stock_2A_phones__nickel_plated valid_basis=true max_uv_excess=0.00000007468043 widest=1.00015759707602 vertices=1762 derivatives=true bad_derivatives=0 min_determinant=0.00000002000567 worst_dot=0.99999916553497
CAP MAPPING: mesh=surface_stock_2A_phones__rubber_aged valid_basis=true max_uv_excess=0.00000576861203 widest=1.00071550862047 vertices=2852 derivatives=true bad_derivatives=0 min_determinant=0.00000214252955 worst_dot=0.99999982118607
CAP MAPPING: mesh=surface_stock_2A_phones__wood_dark valid_basis=true max_uv_excess=0.00000308081508 widest=1.00075559539602 vertices=1906 derivatives=true bad_derivatives=0 min_determinant=0.00001748553185 worst_dot=0.99999982118607
CAP MAPPING: mesh=surface_stock_2B_story_patterns__paper valid_basis=true max_uv_excess=0.00000007475683 widest=1.00118954986369 vertices=23660 derivatives=true bad_derivatives=0 min_determinant=0.00000000073811 worst_dot=0.99999499320984
CAP MAPPING: mesh=surface_stock_2B_story_notions__bakelite valid_basis=true max_uv_excess=0.0000038407743 widest=1.00075284229338 vertices=39073 derivatives=true bad_derivatives=0 min_determinant=0.0000006468343 worst_dot=0.99999982118607
CAP MAPPING: mesh=surface_stock_2B_story_notions__brass valid_basis=true max_uv_excess=0.00000105216168 widest=1.00075132817413 vertices=32644 derivatives=true bad_derivatives=0 min_determinant=0.00000064690417 worst_dot=0.99999982118607
CAP MAPPING: mesh=surface_stock_2B_story_notions__chrome valid_basis=true max_uv_excess=0.00000106182415 widest=1.00074669677899 vertices=31594 derivatives=true bad_derivatives=0 min_determinant=0.00000064686948 worst_dot=0.99999982118607
CAP MAPPING: mesh=surface_stock_2B_story_notions__glassish valid_basis=true max_uv_excess=0.00000441353768 widest=1.00073355034706 vertices=11573 derivatives=true bad_derivatives=0 min_determinant=0.00001827311499 worst_dot=0.99999982118607
CAP MAPPING: mesh=surface_stock_2B_story_notions__metal valid_basis=true max_uv_excess=0.00000107847154 widest=1.00075453454973 vertices=65785 derivatives=true bad_derivatives=0 min_determinant=0.00000064683503 worst_dot=0.99999976158142
CAP MAPPING: mesh=surface_stock_3B_tray1__bakelite valid_basis=true max_uv_excess=0.00000226311386 widest=1.00072298161177 vertices=6327 derivatives=true bad_derivatives=0 min_determinant=0.00000007400659 worst_dot=0.99999982118607
CAP MAPPING: mesh=surface_stock_3B_tray1__brass valid_basis=true max_uv_excess=0.00000217650086 widest=1.00072988042901 vertices=5783 derivatives=true bad_derivatives=0 min_determinant=0.00000129384903 worst_dot=0.99999982118607
CAP MAPPING: mesh=surface_stock_3B_tray1__chrome valid_basis=true max_uv_excess=0.0000022049062 widest=1.00075052658344 vertices=5448 derivatives=true bad_derivatives=0 min_determinant=0.00000129384932 worst_dot=0.99999982118607
CAP MAPPING: mesh=surface_stock_3B_tray1__glassish valid_basis=true max_uv_excess=0.00000140152406 widest=1.00084270055777 vertices=6336 derivatives=true bad_derivatives=0 min_determinant=0.0000026103201 worst_dot=0.99999982118607
CAP MAPPING: mesh=surface_stock_3B_tray1__metal valid_basis=true max_uv_excess=0.00000007101335 widest=1.00020078952946 vertices=4029 derivatives=true bad_derivatives=0 min_determinant=0.00000005667773 worst_dot=0.99999982118607
CAP MAPPING: mesh=surface_stock_3B_tray1__nickel_plated valid_basis=true max_uv_excess=0.00000152131543 widest=1.00074930589265 vertices=6447 derivatives=true bad_derivatives=0 min_determinant=0.00000005579471 worst_dot=0.99999970197678
CAP MAPPING: mesh=surface_stock_3B_tray2__bakelite valid_basis=true max_uv_excess=0.00000226916745 widest=1.00072581067356 vertices=3539 derivatives=true bad_derivatives=0 min_determinant=0.0000094246247 worst_dot=0.99999988079071
CAP MAPPING: mesh=surface_stock_3B_tray2__brass valid_basis=true max_uv_excess=0.00000217626803 widest=1.00072426943393 vertices=5302 derivatives=true bad_derivatives=0 min_determinant=0.00000129383434 worst_dot=0.99999982118607
CAP MAPPING: mesh=surface_stock_3B_tray2__chrome valid_basis=true max_uv_excess=0.00000220746733 widest=1.00075052658344 vertices=5442 derivatives=true bad_derivatives=0 min_determinant=0.00000129382613 worst_dot=0.99999982118607
CAP MAPPING: mesh=surface_stock_3B_tray2__metal valid_basis=true max_uv_excess=0.00000006740447 widest=1.00020078952946 vertices=4031 derivatives=true bad_derivatives=0 min_determinant=0.00000005667773 worst_dot=0.99999982118607
CAP MAPPING: mesh=surface_stock_3B_jars__bakelite valid_basis=true max_uv_excess=0.0000038407743 widest=1.00075284229338 vertices=33652 derivatives=true bad_derivatives=0 min_determinant=0.0000006468294 worst_dot=0.99999982118607
CAP MAPPING: mesh=surface_stock_3B_jars__brass valid_basis=true max_uv_excess=0.00000105437357 widest=1.00075239696371 vertices=27198 derivatives=true bad_derivatives=0 min_determinant=0.00000064690417 worst_dot=0.99999982118607
CAP MAPPING: mesh=surface_stock_3B_jars__chrome valid_basis=true max_uv_excess=0.00000107102096 widest=1.00076361939216 vertices=54806 derivatives=true bad_derivatives=0 min_determinant=0.00000064681591 worst_dot=0.99999982118607
CAP MAPPING: mesh=surface_stock_3B_jars__glassish valid_basis=true max_uv_excess=0.00000441353768 widest=1.00073355034706 vertices=11573 derivatives=true bad_derivatives=0 min_determinant=0.00001827311499 worst_dot=0.99999982118607
CAP MAPPING: mesh=surface_stock_3B_jars__metal valid_basis=true max_uv_excess=0.00000106182415 widest=1.00074660771412 vertices=26333 derivatives=true bad_derivatives=0 min_determinant=0.00000064688395 worst_dot=0.99999976158142
CAP MAPPING: mesh=surface_stock_3B_manuals__book_brown valid_basis=true max_uv_excess=0.00000003523746 widest=1.00032137768102 vertices=1533 derivatives=true bad_derivatives=0 min_determinant=0.0000000104106 worst_dot=0.99999982118607
CAP MAPPING: mesh=surface_stock_3B_manuals__book_navy valid_basis=true max_uv_excess=0.00000003686 widest=1.00033618560206 vertices=1548 derivatives=true bad_derivatives=0 min_determinant=0.0000000104106 worst_dot=0.99999982118607
CAP MAPPING: mesh=surface_stock_3B_manuals__book_ochre valid_basis=true max_uv_excess=0.00000005960464 widest=1.00034534163073 vertices=1562 derivatives=true bad_derivatives=0 min_determinant=0.0000000104106 worst_dot=0.99999982118607
CAP MAPPING: mesh=surface_stock_3B_manuals__book_teal valid_basis=true max_uv_excess=0.00000005960464 widest=1.00032137768102 vertices=1560 derivatives=true bad_derivatives=0 min_determinant=0.0000000104106 worst_dot=0.99999982118607
CAP MAPPING: mesh=surface_stock_3B_manuals__paper valid_basis=true max_uv_excess=0.00000007137714 widest=1.00070710916987 vertices=2075 derivatives=true bad_derivatives=0 min_determinant=0.00000000462568 worst_dot=0.99999958276749
CAP MAPPING: mesh=surface_stock_3B_mug__enamel valid_basis=true max_uv_excess=0.00000378489494 widest=1.00072691817251 vertices=5056 derivatives=true bad_derivatives=0 min_determinant=0.00000260374097 worst_dot=0.99999982118607
CAP MAPPING: mesh=surface_stock_3B_coil__rubber_aged valid_basis=true max_uv_excess=0.00000007450581 widest=1.00001799177191 vertices=11577 derivatives=true bad_derivatives=0 min_determinant=0.00000857264448 worst_dot=0.99999982118607
CAP MAPPING: mesh=surface_stock_3A_k_kmug__porcelain valid_basis=true max_uv_excess=0.00000375322998 widest=1.00071952494601 vertices=5057 derivatives=true bad_derivatives=0 min_determinant=0.00000260374097 worst_dot=0.99999982118607
CAP MAPPING: mesh=surface_stock_3A_k_kdishrack__nickel_plated valid_basis=true max_uv_excess=0.00000006635673 widest=1.00032093329655 vertices=4348 derivatives=true bad_derivatives=0 min_determinant=0.00000001850648 worst_dot=0.99999952316284
CAP MAPPING: mesh=surface_stock_3A_k_kdishrack__porcelain valid_basis=true max_uv_excess=0.00000881683081 widest=1.0006520962722 vertices=8482 derivatives=true bad_derivatives=0 min_determinant=0.00004134837926 worst_dot=0.99999982118607
CAP MAPPING: mesh=surface_stock_3A_k_kdishrack__rubber_aged valid_basis=true max_uv_excess=0.00000066601206 widest=1.00072736445256 vertices=1355 derivatives=true bad_derivatives=0 min_determinant=0.00000639548115 worst_dot=0.99999988079071
CAP MAPPING: mesh=surface_stock_4A_k_kmug__porcelain valid_basis=true max_uv_excess=0.00000375322998 widest=1.00071952494601 vertices=5057 derivatives=true bad_derivatives=0 min_determinant=0.00000260374097 worst_dot=0.99999982118607
CAP MAPPING: mesh=surface_stock_4A_k_kdishrack__nickel_plated valid_basis=true max_uv_excess=0.00000006635673 widest=1.00032093329655 vertices=4348 derivatives=true bad_derivatives=0 min_determinant=0.00000001850648 worst_dot=0.99999952316284
CAP MAPPING: mesh=surface_stock_4A_k_kdishrack__porcelain valid_basis=true max_uv_excess=0.00000881683081 widest=1.0006520962722 vertices=8482 derivatives=true bad_derivatives=0 min_determinant=0.00004134837926 worst_dot=0.99999982118607
CAP MAPPING: mesh=surface_stock_4A_k_kdishrack__rubber_aged valid_basis=true max_uv_excess=0.00000066601206 widest=1.00072736445256 vertices=1355 derivatives=true bad_derivatives=0 min_determinant=0.00000639548115 worst_dot=0.99999988079071
CAP MAPPING: mesh=surface_stock_3A_story_cuttings__glassish valid_basis=true max_uv_excess=0.00000318698585 widest=1.00080652187048 vertices=18019 derivatives=true bad_derivatives=0 min_determinant=0.00000443615201 worst_dot=0.99999976158142
CAP MAPPING: mesh=surface_stock_3A_story_seed_jars__bakelite valid_basis=true max_uv_excess=0.00000385427848 widest=1.00075284229338 vertices=48833 derivatives=true bad_derivatives=0 min_determinant=0.00000064687539 worst_dot=0.99999982118607
CAP MAPPING: mesh=surface_stock_3A_story_seed_jars__brass valid_basis=true max_uv_excess=0.0000010356307 widest=1.00075230789783 vertices=43127 derivatives=true bad_derivatives=0 min_determinant=0.00000064690698 worst_dot=0.99999982118607
CAP MAPPING: mesh=surface_stock_3A_story_seed_jars__chrome valid_basis=true max_uv_excess=0.00000106543303 widest=1.00074829994938 vertices=43192 derivatives=true bad_derivatives=0 min_determinant=0.00000064681046 worst_dot=0.99999982118607
CAP MAPPING: mesh=surface_stock_3A_story_seed_jars__glassish valid_basis=true max_uv_excess=0.00000441120937 widest=1.00073311360305 vertices=9175 derivatives=true bad_derivatives=0 min_determinant=0.00001827311499 worst_dot=0.99999982118607
CAP MAPPING: mesh=surface_stock_3A_story_seed_jars__metal valid_basis=true max_uv_excess=0.00000106706284 widest=1.00075453454973 vertices=43866 derivatives=true bad_derivatives=0 min_determinant=0.00000064683252 worst_dot=0.99999982118607
CAP MAPPING: mesh=surface_stock_4A_story_briefs__paper valid_basis=true max_uv_excess=0.00000008900679 widest=1.00122456050417 vertices=31659 derivatives=true bad_derivatives=0 min_determinant=0.00000000073811 worst_dot=0.99999499320984
CAP MAPPING: mesh=surface_stock_5A_k_kmug__porcelain valid_basis=true max_uv_excess=0.00000375322998 widest=1.00071952494601 vertices=5057 derivatives=true bad_derivatives=0 min_determinant=0.00000260374097 worst_dot=0.99999982118607
CAP MAPPING: mesh=surface_stock_5A_k_kdishrack__nickel_plated valid_basis=true max_uv_excess=0.00000006635673 widest=1.00032093329655 vertices=4348 derivatives=true bad_derivatives=0 min_determinant=0.00000001850648 worst_dot=0.99999952316284
CAP MAPPING: mesh=surface_stock_5A_k_kdishrack__porcelain valid_basis=true max_uv_excess=0.00000881683081 widest=1.0006520962722 vertices=8482 derivatives=true bad_derivatives=0 min_determinant=0.00004134837926 worst_dot=0.99999982118607
CAP MAPPING: mesh=surface_stock_5A_k_kdishrack__rubber_aged valid_basis=true max_uv_excess=0.00000066601206 widest=1.00072736445256 vertices=1355 derivatives=true bad_derivatives=0 min_determinant=0.00000639548115 worst_dot=0.99999988079071
CAP MAPPING: mesh=surface_stock_5B_k_kmug__porcelain valid_basis=true max_uv_excess=0.00000375322998 widest=1.00071952494601 vertices=5057 derivatives=true bad_derivatives=0 min_determinant=0.00000260374097 worst_dot=0.99999982118607
CAP MAPPING: mesh=surface_stock_5B_k_kdishrack__nickel_plated valid_basis=true max_uv_excess=0.00000006635673 widest=1.00032093329655 vertices=4348 derivatives=true bad_derivatives=0 min_determinant=0.00000001850648 worst_dot=0.99999952316284
CAP MAPPING: mesh=surface_stock_5B_k_kdishrack__porcelain valid_basis=true max_uv_excess=0.00000881683081 widest=1.0006520962722 vertices=8482 derivatives=true bad_derivatives=0 min_determinant=0.00004134837926 worst_dot=0.99999982118607
CAP MAPPING: mesh=surface_stock_5B_k_kdishrack__rubber_aged valid_basis=true max_uv_excess=0.00000066601206 widest=1.00072736445256 vertices=1355 derivatives=true bad_derivatives=0 min_determinant=0.00000639548115 worst_dot=0.99999988079071
CAP MAPPING: mesh=surface_stock_5C_k_kmug__porcelain valid_basis=true max_uv_excess=0.00000375322998 widest=1.00071952494601 vertices=5057 derivatives=true bad_derivatives=0 min_determinant=0.00000260374097 worst_dot=0.99999982118607
CAP MAPPING: mesh=surface_stock_5C_k_kdishrack__nickel_plated valid_basis=true max_uv_excess=0.00000006635673 widest=1.00032093329655 vertices=4348 derivatives=true bad_derivatives=0 min_determinant=0.00000001850648 worst_dot=0.99999952316284
CAP MAPPING: mesh=surface_stock_5C_k_kdishrack__porcelain valid_basis=true max_uv_excess=0.00000881683081 widest=1.0006520962722 vertices=8482 derivatives=true bad_derivatives=0 min_determinant=0.00004134837926 worst_dot=0.99999982118607
CAP MAPPING: mesh=surface_stock_5C_k_kdishrack__rubber_aged valid_basis=true max_uv_excess=0.00000066601206 widest=1.00072736445256 vertices=1355 derivatives=true bad_derivatives=0 min_determinant=0.00000639548115 worst_dot=0.99999988079071
CAP MAPPING: mesh=surface_stock_6A_k_kmug__porcelain valid_basis=true max_uv_excess=0.00000375322998 widest=1.00071952494601 vertices=5057 derivatives=true bad_derivatives=0 min_determinant=0.00000260374097 worst_dot=0.99999982118607
CAP MAPPING: mesh=surface_stock_6A_k_kdishrack__nickel_plated valid_basis=true max_uv_excess=0.00000006635673 widest=1.00032093329655 vertices=4348 derivatives=true bad_derivatives=0 min_determinant=0.00000001850648 worst_dot=0.99999952316284
CAP MAPPING: mesh=surface_stock_6A_k_kdishrack__porcelain valid_basis=true max_uv_excess=0.00000881683081 widest=1.0006520962722 vertices=8482 derivatives=true bad_derivatives=0 min_determinant=0.00004134837926 worst_dot=0.99999982118607
CAP MAPPING: mesh=surface_stock_6A_k_kdishrack__rubber_aged valid_basis=true max_uv_excess=0.00000066601206 widest=1.00072736445256 vertices=1355 derivatives=true bad_derivatives=0 min_determinant=0.00000639548115 worst_dot=0.99999988079071
CAP MAPPING: mesh=surface_stock_6B_k_kmug__porcelain valid_basis=true max_uv_excess=0.00000375322998 widest=1.00071952494601 vertices=5057 derivatives=true bad_derivatives=0 min_determinant=0.00000260374097 worst_dot=0.99999982118607
CAP MAPPING: mesh=surface_stock_6B_k_kdishrack__nickel_plated valid_basis=true max_uv_excess=0.00000006635673 widest=1.00032093329655 vertices=4348 derivatives=true bad_derivatives=0 min_determinant=0.00000001850648 worst_dot=0.99999952316284
CAP MAPPING: mesh=surface_stock_6B_k_kdishrack__porcelain valid_basis=true max_uv_excess=0.00000881683081 widest=1.0006520962722 vertices=8482 derivatives=true bad_derivatives=0 min_determinant=0.00004134837926 worst_dot=0.99999982118607
CAP MAPPING: mesh=surface_stock_6B_k_kdishrack__rubber_aged valid_basis=true max_uv_excess=0.00000066601206 widest=1.00072736445256 vertices=1355 derivatives=true bad_derivatives=0 min_determinant=0.00000639548115 worst_dot=0.99999988079071
CAP MAPPING: mesh=surface_stock_6C_k_kdishrack__nickel_plated valid_basis=true max_uv_excess=0.00000006635673 widest=1.00032093329655 vertices=4348 derivatives=true bad_derivatives=0 min_determinant=0.00000001850648 worst_dot=0.99999952316284
CAP MAPPING: mesh=surface_stock_6C_k_kdishrack__porcelain valid_basis=true max_uv_excess=0.00000881683081 widest=1.0006520962722 vertices=8482 derivatives=true bad_derivatives=0 min_determinant=0.00004134837926 worst_dot=0.99999982118607
CAP MAPPING: mesh=surface_stock_6C_k_kdishrack__rubber_aged valid_basis=true max_uv_excess=0.00000066601206 widest=1.00072736445256 vertices=1355 derivatives=true bad_derivatives=0 min_determinant=0.00000639548115 worst_dot=0.99999988079071
CAP MAPPING: mesh=surface_stock_5A_model__paper valid_basis=true max_uv_excess=0.00000005960464 widest=1.00038214199744 vertices=516 derivatives=true bad_derivatives=0 min_determinant=0.0000000072249 worst_dot=0.99999982118607
CAP MAPPING: mesh=surface_stock_5A_model__plywood valid_basis=true max_uv_excess=0.00000008469215 widest=1.0007628445413 vertices=528 derivatives=true bad_derivatives=0 min_determinant=0.00000000722254 worst_dot=0.9999994635582
CAP MAPPING: mesh=surface_stock_5A_model__timber valid_basis=true max_uv_excess=0.00000006698247 widest=1.00046418046679 vertices=1492 derivatives=true bad_derivatives=0 min_determinant=0.00000000722254 worst_dot=0.99999964237213
CAP MAPPING: mesh=surface_stock_5A_model__trim valid_basis=true max_uv_excess=0.00000011025986 widest=1.00156175253961 vertices=3573 derivatives=true bad_derivatives=0 min_determinant=0.00000000259933 worst_dot=0.99999856948853
CAP MAPPING: mesh=surface_stock_5A_papers1__paper valid_basis=true max_uv_excess=0.000000089487 widest=1.00113126870356 vertices=18553 derivatives=true bad_derivatives=0 min_determinant=0.00000000073811 worst_dot=0.99999505281448
CAP MAPPING: mesh=surface_stock_5A_papers2__paper valid_basis=true max_uv_excess=0.00000008850839 widest=1.00122456050417 vertices=13180 derivatives=true bad_derivatives=0 min_determinant=0.00000000073811 worst_dot=0.99999493360519
CAP MAPPING: mesh=surface_stock_5A_mug1__porcelain valid_basis=true max_uv_excess=0.00000375322998 widest=1.00071952494601 vertices=5057 derivatives=true bad_derivatives=0 min_determinant=0.00000260374097 worst_dot=0.99999982118607
CAP MAPPING: mesh=surface_stock_5A_mug2__enamel valid_basis=true max_uv_excess=0.00000378489494 widest=1.00072691817251 vertices=5056 derivatives=true bad_derivatives=0 min_determinant=0.00000260374097 worst_dot=0.99999982118607
CAP MAPPING: mesh=surface_stock_5B_story_headphones__bakelite valid_basis=true max_uv_excess=0.00000367034227 widest=1.00070147178249 vertices=2579 derivatives=true bad_derivatives=0 min_determinant=0.00001595542643 worst_dot=0.99999976158142
CAP MAPPING: mesh=surface_stock_5B_story_headphones__nickel_plated valid_basis=true max_uv_excess=0.00000007468043 widest=1.00015759707602 vertices=1762 derivatives=true bad_derivatives=0 min_determinant=0.00000002000567 worst_dot=0.99999916553497
CAP MAPPING: mesh=surface_stock_5B_story_headphones__rubber_aged valid_basis=true max_uv_excess=0.00000576861203 widest=1.00071550862047 vertices=2852 derivatives=true bad_derivatives=0 min_determinant=0.00000214252955 worst_dot=0.99999982118607
CAP MAPPING: mesh=surface_stock_5B_story_headphones__wood_dark valid_basis=true max_uv_excess=0.00000308081508 widest=1.00075559539602 vertices=1906 derivatives=true bad_derivatives=0 min_determinant=0.00001748553185 worst_dot=0.99999982118607
CAP MAPPING: mesh=surface_stock_5B_story_lead__rubber_aged valid_basis=true max_uv_excess=0.00000006798655 widest=1.0000143932314 vertices=11574 derivatives=true bad_derivatives=0 min_determinant=0.0000085726603 worst_dot=0.99999982118607
CAP MAPPING: mesh=surface_stock_5C_story_solvents__glassish valid_basis=true max_uv_excess=0.00000318931416 widest=1.00080849992905 vertices=21053 derivatives=true bad_derivatives=0 min_determinant=0.00000443615201 worst_dot=0.99999982118607
CAP MAPPING: mesh=surface_stock_5C_story_studies__paper valid_basis=true max_uv_excess=0.00000008145798 widest=1.00123629574188 vertices=29089 derivatives=true bad_derivatives=0 min_determinant=0.00000000073811 worst_dot=0.99999523162842
CAP MAPPING: mesh=surface_stock_6A_phones__bakelite valid_basis=true max_uv_excess=0.00000367034227 widest=1.00070147178249 vertices=2579 derivatives=true bad_derivatives=0 min_determinant=0.00001595542643 worst_dot=0.99999976158142
CAP MAPPING: mesh=surface_stock_6A_phones__nickel_plated valid_basis=true max_uv_excess=0.00000007468043 widest=1.00015759707602 vertices=1762 derivatives=true bad_derivatives=0 min_determinant=0.00000002000567 worst_dot=0.99999916553497
CAP MAPPING: mesh=surface_stock_6A_phones__rubber_aged valid_basis=true max_uv_excess=0.00000576861203 widest=1.00071550862047 vertices=2852 derivatives=true bad_derivatives=0 min_determinant=0.00000214252955 worst_dot=0.99999982118607
CAP MAPPING: mesh=surface_stock_6A_phones__wood_dark valid_basis=true max_uv_excess=0.00000308081508 widest=1.00075559539602 vertices=1906 derivatives=true bad_derivatives=0 min_determinant=0.00001748553185 worst_dot=0.99999982118607
CAP MAPPING: mesh=surface_stock_6A_cans__metal valid_basis=true max_uv_excess=0.0000031250529 widest=1.00072907331744 vertices=9359 derivatives=true bad_derivatives=0 min_determinant=0.00000352408962 worst_dot=0.99999976158142
CAP MAPPING: mesh=surface_stock_6A_detail_capture_papers__paper valid_basis=true max_uv_excess=0.00000008281131 widest=1.00128291701324 vertices=21099 derivatives=true bad_derivatives=0 min_determinant=0.00000000073811 worst_dot=0.99999511241913
CAP MAPPING: mesh=surface_stock_6A_detail_capture_mug__ceramic valid_basis=true max_uv_excess=0.00000378116965 widest=1.00072440035241 vertices=5058 derivatives=true bad_derivatives=0 min_determinant=0.00000260370763 worst_dot=0.99999982118607
CAP MAPPING: mesh=surface_stock_6B_story_draft__paper valid_basis=true max_uv_excess=0.00000008850839 widest=1.00128291701324 vertices=36889 derivatives=true bad_derivatives=0 min_determinant=0.00000000073811 worst_dot=0.99999499320984
CAP MAPPING: mesh=surface_stock_6B_story_references__book_brown valid_basis=true max_uv_excess=0.00000003523746 widest=1.00032137768102 vertices=1521 derivatives=true bad_derivatives=0 min_determinant=0.0000000104106 worst_dot=0.99999982118607
CAP MAPPING: mesh=surface_stock_6B_story_references__book_burgundy valid_basis=true max_uv_excess=0.00000003584137 widest=1.00030697773124 vertices=1521 derivatives=true bad_derivatives=0 min_determinant=0.0000000104106 worst_dot=0.99999982118607
CAP MAPPING: mesh=surface_stock_6B_story_references__book_green valid_basis=true max_uv_excess=0.00000004470348 widest=1.00030697773124 vertices=1529 derivatives=true bad_derivatives=0 min_determinant=0.0000000104106 worst_dot=0.99999982118607
CAP MAPPING: mesh=surface_stock_6B_story_references__book_navy valid_basis=true max_uv_excess=0.00000003838068 widest=1.00035005489723 vertices=1549 derivatives=true bad_derivatives=0 min_determinant=0.0000000104106 worst_dot=0.99999982118607
CAP MAPPING: mesh=surface_stock_6B_story_references__book_ochre valid_basis=true max_uv_excess=0.00000005407492 widest=1.00036343584976 vertices=1536 derivatives=true bad_derivatives=0 min_determinant=0.0000000104106 worst_dot=0.99999976158142
CAP MAPPING: mesh=surface_stock_6B_story_references__book_teal valid_basis=true max_uv_excess=0.0000000379805 widest=1.00032137768102 vertices=1530 derivatives=true bad_derivatives=0 min_determinant=0.0000000104106 worst_dot=0.99999976158142
CAP MAPPING: mesh=surface_stock_6B_story_references__paper valid_basis=true max_uv_excess=0.00000005960464 widest=1.00070710916987 vertices=3039 derivatives=true bad_derivatives=0 min_determinant=0.00000000462132 worst_dot=0.99999958276749
CAP MAPPING: mesh=surface_stock_6B_story_cold_coffee__ceramic valid_basis=true max_uv_excess=0.00000378116965 widest=1.00072440035241 vertices=5058 derivatives=true bad_derivatives=0 min_determinant=0.00000260370763 worst_dot=0.99999982118607
CAP MAPPING: mesh=surface_stock_6C_story_oddments__bakelite valid_basis=true max_uv_excess=0.0000038407743 widest=1.00075284229338 vertices=55652 derivatives=true bad_derivatives=0 min_determinant=0.00000064683492 worst_dot=0.99999982118607
CAP MAPPING: mesh=surface_stock_6C_story_oddments__brass valid_basis=true max_uv_excess=0.00000103202183 widest=1.00074660771412 vertices=21003 derivatives=true bad_derivatives=0 min_determinant=0.00000064692293 worst_dot=0.99999982118607
CAP MAPPING: mesh=surface_stock_6C_story_oddments__chrome valid_basis=true max_uv_excess=0.00000106683001 widest=1.00075284229338 vertices=21814 derivatives=true bad_derivatives=0 min_determinant=0.0000006468731 worst_dot=0.99999982118607
CAP MAPPING: mesh=surface_stock_6C_story_oddments__glassish valid_basis=true max_uv_excess=0.00000441353768 widest=1.00073355034706 vertices=11573 derivatives=true bad_derivatives=0 min_determinant=0.00001827311499 worst_dot=0.99999982118607
CAP MAPPING: mesh=surface_stock_6C_story_oddments__metal valid_basis=true max_uv_excess=0.0000010660151 widest=1.00075284229338 vertices=21852 derivatives=true bad_derivatives=0 min_determinant=0.00000064685229 worst_dot=0.99999982118607
CAP MAPPING: mesh=surface_stock_6C_story_catalogues__book_brown valid_basis=true max_uv_excess=0.00000005960464 widest=1.00030697773124 vertices=1519 derivatives=true bad_derivatives=0 min_determinant=0.0000000104106 worst_dot=0.99999982118607
CAP MAPPING: mesh=surface_stock_6C_story_catalogues__book_green valid_basis=true max_uv_excess=0.00000003786408 widest=1.00034534163073 vertices=1564 derivatives=true bad_derivatives=0 min_determinant=0.0000000104106 worst_dot=0.99999976158142
CAP MAPPING: mesh=surface_stock_6C_story_catalogues__book_navy valid_basis=true max_uv_excess=0.00000003786408 widest=1.00034534163073 vertices=1556 derivatives=true bad_derivatives=0 min_determinant=0.0000000104106 worst_dot=0.99999982118607
CAP MAPPING: mesh=surface_stock_6C_story_catalogues__book_ochre valid_basis=true max_uv_excess=0.0000000372529 widest=1.00032137768102 vertices=1549 derivatives=true bad_derivatives=0 min_determinant=0.0000000104106 worst_dot=0.99999982118607
CAP MAPPING: mesh=surface_stock_6C_story_catalogues__book_teal valid_basis=true max_uv_excess=0.00000008940697 widest=1.00030697773124 vertices=1549 derivatives=true bad_derivatives=0 min_determinant=0.0000000104106 worst_dot=0.99999982118607
CAP MAPPING: mesh=surface_stock_6C_story_catalogues__paper valid_basis=true max_uv_excess=0.00000008290954 widest=1.00080196017506 vertices=2588 derivatives=true bad_derivatives=0 min_determinant=0.00000000462132 worst_dot=0.99999952316284
CAP MAPPING: mesh=signal_terminal_VantryFixed__bakelite valid_basis=true max_uv_excess=0.0000094641 widest=1.00137588121582 vertices=19739 derivatives=true bad_derivatives=0 min_determinant=0.00000000115465 worst_dot=0.99999642372131
CAP MAPPING: mesh=signal_terminal_VantryFixed__brass_dull valid_basis=true max_uv_excess=0.00000007962808 widest=1.00015680108584 vertices=1481 derivatives=true bad_derivatives=0 min_determinant=0.00000011567019 worst_dot=0.99999982118607
CAP MAPPING: mesh=signal_terminal_VantryFixed__copper_aged valid_basis=true max_uv_excess=0.00000124797225 widest=1.00075449109172 vertices=6205 derivatives=true bad_derivatives=0 min_determinant=0.00000313166823 worst_dot=0.99999982118607
CAP MAPPING: mesh=signal_terminal_VantryFixed__glassish valid_basis=true max_uv_excess=0.0000028135255 widest=1.00072082378481 vertices=5941 derivatives=true bad_derivatives=0 min_determinant=0.00000600383514 worst_dot=0.99999982118607
CAP MAPPING: mesh=signal_terminal_VantryFixed__nickel_plated valid_basis=true max_uv_excess=0.00001142546535 widest=1.00078146022314 vertices=23300 derivatives=true bad_derivatives=0 min_determinant=0.00000000499474 worst_dot=0.99999457597733
CAP MAPPING: mesh=signal_terminal_VantryFixed__wood_dark valid_basis=true max_uv_excess=0.00000008940697 widest=1.00024199049777 vertices=5092 derivatives=true bad_derivatives=0 min_determinant=0.00000007402591 worst_dot=0.99999982118607
CAP MAPPING: mesh=work_tables_2A_desk__oak_work_surface valid_basis=true max_uv_excess=0.00000005913898 widest=1.00003999713072 vertices=490 derivatives=true bad_derivatives=0 min_determinant=0.00000072292692 worst_dot=0.99999988079071
CAP MAPPING: mesh=work_tables_2A_desk__soot valid_basis=true max_uv_excess=0.00000011920929 widest=1.00051358627513 vertices=528 derivatives=true bad_derivatives=0 min_determinant=0.00000001040124 worst_dot=0.99999988079071
CAP MAPPING: mesh=work_tables_2A_desk__wood_dark valid_basis=true max_uv_excess=0.00000017881393 widest=1.00036056542573 vertices=9602 derivatives=true bad_derivatives=0 min_determinant=0.00000005667773 worst_dot=0.99999988079071
CAP MAPPING: mesh=work_tables_3B_workbench__iron_blackened valid_basis=true max_uv_excess=0.00000008552161 widest=1.00046821663875 vertices=17791 derivatives=true bad_derivatives=0 min_determinant=0.00000002889133 worst_dot=0.99999976158142
CAP MAPPING: mesh=work_tables_3B_workbench__nickel_plated valid_basis=true max_uv_excess=0.0000000792752 widest=1.00118468450564 vertices=7179 derivatives=true bad_derivatives=0 min_determinant=0.00000000166188 worst_dot=0.99999892711639
CAP MAPPING: mesh=work_tables_3B_workbench__oak_work_surface valid_basis=true max_uv_excess=0.00000023841858 widest=1.0000432377392 vertices=528 derivatives=true bad_derivatives=0 min_determinant=0.00000072298138 worst_dot=0.99999988079071
CAP MAPPING: mesh=work_tables_4B_terminal_desk__oak_work_surface valid_basis=true max_uv_excess=0.00000006263144 widest=1.00006032798238 vertices=500 derivatives=true bad_derivatives=0 min_determinant=0.00000046263721 worst_dot=0.99999988079071
CAP MAPPING: mesh=work_tables_4B_terminal_desk__wood_dark valid_basis=true max_uv_excess=0.00000011001248 widest=1.00028919594686 vertices=4222 derivatives=true bad_derivatives=0 min_determinant=0.0000001156172 worst_dot=0.99999988079071
CAP MAPPING: mesh=work_tables_5A_plantable__oak_work_surface valid_basis=true max_uv_excess=0.00000023841858 widest=1.00003971546079 vertices=510 derivatives=true bad_derivatives=0 min_determinant=0.00000072290334 worst_dot=0.99999988079071
CAP MAPPING: mesh=work_tables_5A_plantable__paper valid_basis=true max_uv_excess=0.00000008940697 widest=1.00079922594479 vertices=4424 derivatives=true bad_derivatives=0 min_determinant=0.00000000462132 worst_dot=0.99999964237213
CAP MAPPING: mesh=work_tables_5A_plantable__wood_dark valid_basis=true max_uv_excess=0.00000011920929 widest=1.00030870695984 vertices=4876 derivatives=true bad_derivatives=0 min_determinant=0.00000006605472 worst_dot=0.99999988079071
CAP MAPPING: mesh=work_tables_6A_deskwall__iron_blackened valid_basis=true max_uv_excess=0.00000007258495 widest=1.00030029157189 vertices=5188 derivatives=true bad_derivatives=0 min_determinant=0.0000000289043 worst_dot=0.99999988079071
CAP MAPPING: mesh=work_tables_6A_deskwall__trim valid_basis=true max_uv_excess=0.00000006752089 widest=1.00006503364931 vertices=520 derivatives=true bad_derivatives=0 min_determinant=0.00000046264304 worst_dot=0.99999994039536
CAP MAPPING: mesh=reading_nook_nook_rug__rug_warm valid_basis=true max_uv_excess=0.00000023841858 widest=1.0001114936059 vertices=512 derivatives=true bad_derivatives=0 min_determinant=0.00000046252763 worst_dot=0.99999988079071
CAP MAPPING: mesh=reading_nook_nook_seat_n__floor_oak valid_basis=true max_uv_excess=0.00000022724271 widest=1.00019807628403 vertices=516 derivatives=true bad_derivatives=0 min_determinant=0.00000046248047 worst_dot=0.99999988079071
CAP MAPPING: mesh=reading_nook_nook_apron_n__wood_dark valid_basis=true max_uv_excess=0.00000011920929 widest=1.00015185059049 vertices=504 derivatives=true bad_derivatives=0 min_determinant=0.00000046268077 worst_dot=0.99999988079071
CAP MAPPING: mesh=reading_nook_nook_seat_w__floor_oak valid_basis=true max_uv_excess=0.00000020070001 widest=1.00019413426254 vertices=500 derivatives=true bad_derivatives=0 min_determinant=0.00000046255007 worst_dot=0.99999988079071
CAP MAPPING: mesh=reading_nook_nook_apron_w__wood_dark valid_basis=true max_uv_excess=0.00000011024531 widest=1.00011602802543 vertices=506 derivatives=true bad_derivatives=0 min_determinant=0.00000046256175 worst_dot=0.99999988079071
CAP MAPPING: mesh=reading_nook_nook_seat_e__floor_oak valid_basis=true max_uv_excess=0.00000020070001 widest=1.00019697681608 vertices=488 derivatives=true bad_derivatives=0 min_determinant=0.00000046254422 worst_dot=0.99999988079071
CAP MAPPING: mesh=reading_nook_nook_apron_e__wood_dark valid_basis=true max_uv_excess=0.0000000919681 widest=1.0001258472587 vertices=526 derivatives=true bad_derivatives=0 min_determinant=0.00000046256758 worst_dot=0.99999988079071
CAP MAPPING: mesh=reading_nook_nook_cush1__fabric_warm valid_basis=true max_uv_excess=0.00000007334165 widest=1.00005969480745 vertices=2187 derivatives=true bad_derivatives=0 min_determinant=0.00000393286466 worst_dot=0.99999982118607
CAP MAPPING: mesh=reading_nook_nook_cush2__fabric_green valid_basis=true max_uv_excess=0.00000007625204 widest=1.00006226116191 vertices=2196 derivatives=true bad_derivatives=0 min_determinant=0.00000393286466 worst_dot=0.99999988079071
CAP MAPPING: mesh=reading_nook_nook_throw__linen valid_basis=true max_uv_excess=0.00000007310882 widest=1.00001774315439 vertices=1598 derivatives=true bad_derivatives=0 min_determinant=0.00000726701089 worst_dot=0.99999988079071
CAP MAPPING: mesh=reading_nook_nook_books__book_brown valid_basis=true max_uv_excess=0.00000008278585 widest=1.00055924077138 vertices=17388 derivatives=true bad_derivatives=0 min_determinant=0.00000001848645 worst_dot=0.99999982118607
CAP MAPPING: mesh=reading_nook_nook_books__book_burgundy valid_basis=true max_uv_excess=0.00000008211646 widest=1.00049067918559 vertices=18983 derivatives=true bad_derivatives=0 min_determinant=0.00000001848645 worst_dot=0.99999982118607
CAP MAPPING: mesh=reading_nook_nook_books__book_green valid_basis=true max_uv_excess=0.00000008278585 widest=1.00042974290549 vertices=11121 derivatives=true bad_derivatives=0 min_determinant=0.00000001848456 worst_dot=0.99999982118607
CAP MAPPING: mesh=reading_nook_nook_books__book_navy valid_basis=true max_uv_excess=0.00000008220377 widest=1.00050152787346 vertices=15782 derivatives=true bad_derivatives=0 min_determinant=0.00000001848456 worst_dot=0.99999988079071
CAP MAPPING: mesh=reading_nook_nook_books__book_ochre valid_basis=true max_uv_excess=0.00000008349889 widest=1.00046208104063 vertices=11065 derivatives=true bad_derivatives=0 min_determinant=0.00000001848504 worst_dot=0.99999988079071
CAP MAPPING: mesh=reading_nook_nook_books__book_teal valid_basis=true max_uv_excess=0.00000007892959 widest=1.00044738396333 vertices=15820 derivatives=true bad_derivatives=0 min_determinant=0.00000001849022 worst_dot=0.99999982118607
CAP MAPPING: mesh=reading_nook_nook_books__floor_oak valid_basis=true max_uv_excess=0.00000021269079 widest=1.00028377999412 vertices=1526 derivatives=true bad_derivatives=0 min_determinant=0.00000046239336 worst_dot=0.99999988079071
CAP MAPPING: mesh=reading_nook_nook_books__metal valid_basis=true max_uv_excess=0.0000000486616 widest=1.00001909401372 vertices=808 derivatives=true bad_derivatives=0 min_determinant=0.0000012665417 worst_dot=0.99999994039536
CAP MAPPING: mesh=reading_nook_nook_books__paper valid_basis=true max_uv_excess=0.00000008759525 widest=1.00112883381865 vertices=29719 derivatives=true bad_derivatives=0 min_determinant=0.00000000460943 worst_dot=0.99999940395355
CAP MAPPING: mesh=reading_nook_nook_table__glassish valid_basis=true max_uv_excess=0.000000115484 widest=1.00033301979824 vertices=4135 derivatives=true bad_derivatives=0 min_determinant=0.00000691604018 worst_dot=0.99999982118607
CAP MAPPING: mesh=reading_nook_nook_table__rubber_aged valid_basis=true max_uv_excess=0.00000006071059 widest=1.00023389688354 vertices=1050 derivatives=true bad_derivatives=0 min_determinant=0.00000002890194 worst_dot=0.99999988079071
CAP MAPPING: mesh=reading_nook_nook_table__wood_dark valid_basis=true max_uv_excess=0.00000005960464 widest=1.00000066227402 vertices=48 derivatives=true bad_derivatives=0 min_determinant=0.01170000391006 worst_dot=1.0
CAP MAPPING: mesh=reading_nook_nook_mug__ceramic valid_basis=true max_uv_excess=0.00000007171184 widest=1.00001438079505 vertices=1915 derivatives=true bad_derivatives=0 min_determinant=0.00001252840874 worst_dot=0.99999988079071
CAP MAPPING: mesh=reading_nook_nook_pile__book_navy valid_basis=true max_uv_excess=0.00000006644404 widest=1.0003213798245 vertices=1618 derivatives=true bad_derivatives=0 min_determinant=0.00000001849871 worst_dot=0.99999988079071
CAP MAPPING: mesh=reading_nook_nook_pile__book_ochre valid_basis=true max_uv_excess=0.00000006851042 widest=1.0003313529808 vertices=1628 derivatives=true bad_derivatives=0 min_determinant=0.00000001849871 worst_dot=0.99999988079071
CAP MAPPING: mesh=reading_nook_nook_pile__book_teal valid_basis=true max_uv_excess=0.00000007089693 widest=1.00034286085859 vertices=1632 derivatives=true bad_derivatives=0 min_determinant=0.00000001849965 worst_dot=0.99999988079071
CAP MAPPING: mesh=reading_nook_nook_pile__paper valid_basis=true max_uv_excess=0.00000007260678 widest=1.00070218596634 vertices=1632 derivatives=true bad_derivatives=0 min_determinant=0.00000000462132 worst_dot=0.99999964237213
CAP MAPPING: mesh=reading_nook_nook_plant__plant valid_basis=true max_uv_excess=0.00000008457573 widest=1.00012759181298 vertices=12294 derivatives=true bad_derivatives=0 min_determinant=0.00000016786472 worst_dot=0.99999988079071
CAP MAPPING: mesh=reading_nook_nook_plant__soil valid_basis=true max_uv_excess=0.00000005960464 widest=1.00000838555849 vertices=1060 derivatives=true bad_derivatives=0 min_determinant=0.00026535596986 worst_dot=0.99999988079071
CAP MAPPING: mesh=reading_nook_nook_plant__terracotta valid_basis=true max_uv_excess=0.00000008381903 widest=1.00000677636701 vertices=4144 derivatives=true bad_derivatives=0 min_determinant=0.00025578036864 worst_dot=0.99999988079071
CAP MAPPING: mesh=reading_nook_nook_plant__timber valid_basis=true max_uv_excess=0.00000006007031 widest=1.00001207444485 vertices=396 derivatives=true bad_derivatives=0 min_determinant=0.00001749855793 worst_dot=0.99999988079071
[CALL] case 4471 opened (M. CHEN)
CAP MAPPING: mesh=task_lamps_TaskLamp_emeralite__bakelite valid_basis=true max_uv_excess=0.00000073609408 widest=1.00041671463971 vertices=1206 derivatives=true bad_derivatives=0 min_determinant=0.00000235826312 worst_dot=0.99999988079071
CAP MAPPING: mesh=task_lamps_TaskLamp_emeralite__brass valid_basis=true max_uv_excess=0.00000376161188 widest=1.00042371496762 vertices=8539 derivatives=true bad_derivatives=0 min_determinant=0.00000001393423 worst_dot=0.9999977350235
CAP MAPPING: mesh=task_lamps_TaskLamp_emeralite__bulb_opal valid_basis=true max_uv_excess=0.00000073225237 widest=1.00041623312139 vertices=1028 derivatives=true bad_derivatives=0 min_determinant=0.00001411364945 worst_dot=0.99999988079071
CAP MAPPING: mesh=task_lamps_TaskLamp_emeralite__green_glass valid_basis=true max_uv_excess=0.00000006891787 widest=1.00002337626028 vertices=1644 derivatives=true bad_derivatives=0 min_determinant=0.00000076801271 worst_dot=1.0
CAP MAPPING: mesh=task_lamps_TaskLamp_emeralite__nickel_plated valid_basis=true max_uv_excess=0.00000052736141 widest=1.00041337133065 vertices=1175 derivatives=true bad_derivatives=0 min_determinant=0.00000166465887 worst_dot=0.99999982118607
CAP MAPPING: mesh=task_lamps_TaskLamp_emeralite__rubber_aged valid_basis=true max_uv_excess=0.00000007450581 widest=1.00001774550732 vertices=178 derivatives=true bad_derivatives=0 min_determinant=0.00000372772282 worst_dot=0.99999988079071
CAP MAPPING: mesh=task_lamps_TaskLamp_emeralite__switch_bakelite valid_basis=true max_uv_excess=0.00000005273614 widest=1.00007214946311 vertices=796 derivatives=true bad_derivatives=0 min_determinant=0.00000022327247 worst_dot=0.99999988079071
CAP MAPPING: mesh=task_lamps_TaskLamp_office_green__bakelite valid_basis=true max_uv_excess=0.00000073609408 widest=1.00041671463971 vertices=1206 derivatives=true bad_derivatives=0 min_determinant=0.00000235828397 worst_dot=0.99999988079071
CAP MAPPING: mesh=task_lamps_TaskLamp_office_green__brass valid_basis=true max_uv_excess=0.00000309152529 widest=1.00042371496762 vertices=8512 derivatives=true bad_derivatives=0 min_determinant=0.00000001393072 worst_dot=0.99999797344208
CAP MAPPING: mesh=task_lamps_TaskLamp_office_green__bulb_opal valid_basis=true max_uv_excess=0.00000074319541 widest=1.00042073151925 vertices=1028 derivatives=true bad_derivatives=0 min_determinant=0.00001411364945 worst_dot=0.99999982118607
CAP MAPPING: mesh=task_lamps_TaskLamp_office_green__green_glass valid_basis=true max_uv_excess=0.00000005820766 widest=1.00001850824118 vertices=1606 derivatives=true bad_derivatives=0 min_determinant=0.00000062032072 worst_dot=1.0
CAP MAPPING: mesh=task_lamps_TaskLamp_office_green__nickel_plated valid_basis=true max_uv_excess=0.00000052736141 widest=1.00041337133065 vertices=1175 derivatives=true bad_derivatives=0 min_determinant=0.00000166465887 worst_dot=0.99999982118607
CAP MAPPING: mesh=task_lamps_TaskLamp_office_green__rubber_aged valid_basis=true max_uv_excess=0.00000005960464 widest=1.00001176270169 vertices=180 derivatives=true bad_derivatives=0 min_determinant=0.0000037278732 worst_dot=0.99999988079071
CAP MAPPING: mesh=task_lamps_TaskLamp_office_green__switch_bakelite valid_basis=true max_uv_excess=0.00000005273614 widest=1.00007214946311 vertices=796 derivatives=true bad_derivatives=0 min_determinant=0.00000022327247 worst_dot=0.99999988079071
CAP MAPPING: mesh=task_lamps_TaskLamp_bench_friction__bakelite valid_basis=true max_uv_excess=0.00000007427298 widest=1.00003340052178 vertices=538 derivatives=true bad_derivatives=0 min_determinant=0.00000064524359 worst_dot=0.99999988079071
CAP MAPPING: mesh=task_lamps_TaskLamp_bench_friction__bulb_opal valid_basis=true max_uv_excess=0.00000081304461 widest=1.00039614553258 vertices=1152 derivatives=true bad_derivatives=0 min_determinant=0.00002242403381 worst_dot=0.99999982118607
CAP MAPPING: mesh=task_lamps_TaskLamp_bench_friction__iron_blackened valid_basis=true max_uv_excess=0.00000434555113 widest=1.00041243081503 vertices=9035 derivatives=true bad_derivatives=0 min_determinant=0.00000003568986 worst_dot=0.99999892711639
CAP MAPPING: mesh=task_lamps_TaskLamp_bench_friction__nickel_plated valid_basis=true max_uv_excess=0.00000447686762 widest=1.0005627987783 vertices=35962 derivatives=true bad_derivatives=0 min_determinant=0.00000000141895 worst_dot=0.99998337030411
CAP MAPPING: mesh=task_lamps_TaskLamp_bench_friction__rubber_aged valid_basis=true max_uv_excess=0.00000005960464 widest=1.00002251142987 vertices=226 derivatives=true bad_derivatives=0 min_determinant=0.00000372772282 worst_dot=0.99999988079071
CAP MAPPING: mesh=task_lamps_TaskLamp_bench_friction__switch_bakelite valid_basis=true max_uv_excess=0.00000005273614 widest=1.00007214946311 vertices=796 derivatives=true bad_derivatives=0 min_determinant=0.00000022327247 worst_dot=0.99999988079071
CAP MAPPING: mesh=task_lamps_TaskLamp_landlord_enamel__bakelite valid_basis=true max_uv_excess=0.00000007473864 widest=1.00003360993648 vertices=491 derivatives=true bad_derivatives=0 min_determinant=0.00000064522599 worst_dot=0.99999988079071
CAP MAPPING: mesh=task_lamps_TaskLamp_landlord_enamel__bulb_opal valid_basis=true max_uv_excess=0.00000080442987 widest=1.00039335457555 vertices=1152 derivatives=true bad_derivatives=0 min_determinant=0.00002242400607 worst_dot=0.99999982118607
CAP MAPPING: mesh=task_lamps_TaskLamp_landlord_enamel__enamel valid_basis=true max_uv_excess=0.00000328477472 widest=1.00042693731258 vertices=5920 derivatives=true bad_derivatives=0 min_determinant=0.00000014285308 worst_dot=0.99999976158142
CAP MAPPING: mesh=task_lamps_TaskLamp_landlord_enamel__iron_blackened valid_basis=true max_uv_excess=0.00000005960464 widest=1.00009467026436 vertices=620 derivatives=true bad_derivatives=0 min_determinant=0.00000003568946 worst_dot=0.99999892711639
CAP MAPPING: mesh=task_lamps_TaskLamp_landlord_enamel__nickel_plated valid_basis=true max_uv_excess=0.00000349059701 widest=1.00042138330287 vertices=13385 derivatives=true bad_derivatives=0 min_determinant=0.00000000142239 worst_dot=0.99999189376831
CAP MAPPING: mesh=task_lamps_TaskLamp_landlord_enamel__rubber_aged valid_basis=true max_uv_excess=0.00000005075708 widest=1.00002210582973 vertices=180 derivatives=true bad_derivatives=0 min_determinant=0.00000372781501 worst_dot=0.99999988079071
CAP MAPPING: mesh=task_lamps_TaskLamp_landlord_enamel__switch_bakelite valid_basis=true max_uv_excess=0.00000005273614 widest=1.00007214946311 vertices=796 derivatives=true bad_derivatives=0 min_determinant=0.00000022327247 worst_dot=0.99999988079071
CAP MAPPING: mesh=task_lamps_TaskLamp_architect_counterweight__bakelite valid_basis=true max_uv_excess=0.00000006984919 widest=1.00002209249195 vertices=531 derivatives=true bad_derivatives=0 min_determinant=0.00000064522599 worst_dot=0.99999988079071
CAP MAPPING: mesh=task_lamps_TaskLamp_architect_counterweight__bulb_opal valid_basis=true max_uv_excess=0.00000079395249 widest=1.00039656438334 vertices=1152 derivatives=true bad_derivatives=0 min_determinant=0.00002242406075 worst_dot=0.99999982118607
CAP MAPPING: mesh=task_lamps_TaskLamp_architect_counterweight__iron_blackened valid_basis=true max_uv_excess=0.00000005913898 widest=1.00009467026436 vertices=627 derivatives=true bad_derivatives=0 min_determinant=0.00000003568502 worst_dot=0.99999892711639
CAP MAPPING: mesh=task_lamps_TaskLamp_architect_counterweight__nickel_plated valid_basis=true max_uv_excess=0.00000302167609 widest=1.00042571414675 vertices=36305 derivatives=true bad_derivatives=0 min_determinant=0.00000008032416 worst_dot=0.99999928474426
CAP MAPPING: mesh=task_lamps_TaskLamp_architect_counterweight__rubber_aged valid_basis=true max_uv_excess=0.00000005960464 widest=1.00001997631438 vertices=228 derivatives=true bad_derivatives=0 min_determinant=0.00000372786321 worst_dot=0.99999988079071
CAP MAPPING: mesh=task_lamps_TaskLamp_architect_counterweight__switch_bakelite valid_basis=true max_uv_excess=0.00000005273614 widest=1.00007214946311 vertices=796 derivatives=true bad_derivatives=0 min_determinant=0.00000022327247 worst_dot=0.99999988079071
CAP MAPPING: mesh=task_lamps_TaskLamp_architect_counterweight__wood_dark valid_basis=true max_uv_excess=0.00000447127968 widest=1.00040680707456 vertices=2102 derivatives=true bad_derivatives=0 min_determinant=0.00000032146907 worst_dot=0.99999982118607
TASK LAMPS: { "checks": 416, "parts": 34, "triangles": 61596, "production_actors": 1, "library_variants": 5, "failures": [] }
FABRICATION BATCH: worlds=1 modules=14 module_checks=12601 failures=12 elapsed_ms=72762
