Godot Engine v4.7.1.stable.official.a13da4feb - https://godotengine.org
Vulkan 1.4.341 - Forward+ - Using Device #0: NVIDIA - NVIDIA GeForce RTX 4080

[ACOUSTIC] 550 nodes loaded
ORISON V2 BLOCKOUT: 200 spaces / 111 doors / 1104 anchors
[V2 FRONT COURT ROOF] three seated girders; retained roof slabs; mapped exterior concrete
[V2 BODEGA POWER] independent inlet; four existing fittings; 20 bearings
[SURFACE] 1311 surfaces layered (478 materials)
[PASSAGE HOURS] OPEN; 10 grilles folded
[PASSAGE HOURS] 11 shopfronts, 10 close after 02:00, HARDWARE PAINT keeps night service
[PASSAGE FINISH] 6 gated draws, 3 handcarts, hours active
[V2 PASSAGE] 13 resident cells; 11 doors; 1 shared-service counters
[SURFACE] 170 surfaces layered (81 materials)
[HARUKIYA] 9 interactables placed
[ARCADE] 2 cabinet(s) from a catalog of 12: SOMETHING IN THE HALL (mystery_serial), OPERATIONS (farm_and_market)
[ARCADE] all of them are running arcade_pit
[V2 BAR] retained cell; 29 registered markers; 3 doors
[V2 FRONT FACADE] native entrance, original landmark hardware, glazed marquee and fitted blade
[SCHEDULE] director live: 18 residents on the clock
[MOVES] personal library: res://assets/characters/mina_vale/mina_vale_moves.glb
SOURCE PARAPET MATERIAL ROOF_PARAPET_EAST brick 
SOURCE PARAPET MATERIAL ROOF_PARAPET_NORTH brick 
SOURCE PARAPET MATERIAL ROOF_PARAPET_SOUTH brick 
SOURCE PARAPET MATERIAL ROOF_PARAPET_WEST brick 
[ORISON V2 RUNTIME] ready startup_ms=27506.105
[LIGHTING] 207 sources active in system; 207 full personalities; profiles steady/breathe/mains/beat/dropout=[50, 45, 36, 42, 34]
CAP MAPPING: mesh=photo_radio_fittings_storm_shop_photo_supplies_dr_door__fabric_warm valid_basis=true max_uv_excess=0.00000004610047 widest=1.00000732122186 vertices=3086 derivatives=true bad_derivatives=0 min_determinant=0.00001454436278 worst_dot=0.99999982118607
CAP MAPPING: mesh=photo_radio_fittings_storm_shop_photo_supplies_dr_door__iron_blackened valid_basis=true max_uv_excess=0.00000007584458 widest=1.00014611330206 vertices=504 derivatives=true bad_derivatives=0 min_determinant=0.00000011562663 worst_dot=0.99999988079071
CAP MAPPING: mesh=photo_radio_fittings_storm_shop_photo_supplies_dr_door__wood_dark valid_basis=true max_uv_excess=0.00000010954682 widest=1.0001055157607 vertices=3136 derivatives=true bad_derivatives=0 min_determinant=0.00000046251235 worst_dot=0.99999988079071
CAP MAPPING: mesh=photo_radio_fittings_storm_shop_photo_supplies_dr_lamp__iron_blackened valid_basis=true max_uv_excess=0.00000008786446 widest=1.00025581162232 vertices=9258 derivatives=true bad_derivatives=0 min_determinant=0.00000011563898 worst_dot=0.99999988079071
CAP MAPPING: mesh=photo_radio_fittings_storm_shop_photo_supplies_dr_lamp__milk_glass valid_basis=true max_uv_excess=0.00000008288771 widest=1.00002818587187 vertices=1829 derivatives=true bad_derivatives=0 min_determinant=0.00004632807605 worst_dot=0.99999988079071
CAP MAPPING: mesh=photo_radio_fittings_storm_shop_radio_service_window_plinth__plywood valid_basis=true max_uv_excess=0.00000008475035 widest=1.00008473748749 vertices=500 derivatives=true bad_derivatives=0 min_determinant=0.00000046259948 worst_dot=0.99999994039536
CAP MAPPING: mesh=photo_radio_fittings_storm_shop_radio_service_window_plinth__wood_dark valid_basis=true max_uv_excess=0.00000011886004 widest=1.00011159238848 vertices=10972 derivatives=true bad_derivatives=0 min_determinant=0.00000046255592 worst_dot=0.99999982118607
[PASSAGE HOURS] AFTER_HOURS; 10 grilles drawn
[PASSAGE HOURS] OPEN; 10 grilles folded
[HARUKIYA] OPEN, 18 fixtures
[PASSAGE HOURS] AFTER_HOURS; 10 grilles drawn
[PASSAGE HOURS] OPEN; 10 grilles folded
PHOTO RADIO FITTINGS: checks=170 parts=7 triangles=11488 removed=48 supports=15 failures=0
CAP MAPPING: mesh=radio_display_storm_shop_radio_service_cone_speaker__cast_iron valid_basis=true max_uv_excess=0.00000008009374 widest=1.00008074712688 vertices=2577 derivatives=true bad_derivatives=0 min_determinant=0.00000046266191 worst_dot=0.99999988079071
CAP MAPPING: mesh=radio_display_storm_shop_radio_service_cone_speaker__fabric_warm valid_basis=true max_uv_excess=0.00000008568168 widest=1.00012631092056 vertices=3670 derivatives=true bad_derivatives=0 min_determinant=0.00000392381524 worst_dot=0.99999988079071
CAP MAPPING: mesh=radio_display_storm_shop_radio_service_counter__countertop valid_basis=true max_uv_excess=0.00000023841858 widest=1.0000615813496 vertices=510 derivatives=true bad_derivatives=0 min_determinant=0.00000104093809 worst_dot=0.99999988079071
CAP MAPPING: mesh=radio_display_storm_shop_radio_service_counter__paper valid_basis=true max_uv_excess=0.00000008579809 widest=1.0001730027252 vertices=520 derivatives=true bad_derivatives=0 min_determinant=0.00000011567019 worst_dot=0.99999988079071
CAP MAPPING: mesh=radio_display_storm_shop_radio_service_counter__wood_dark valid_basis=true max_uv_excess=0.0000001215376 widest=1.00012223954635 vertices=9151 derivatives=true bad_derivatives=0 min_determinant=0.00000046262126 worst_dot=0.99999982118607
CAP MAPPING: mesh=radio_display_storm_shop_radio_service_horn_mouth__brass_dull valid_basis=true max_uv_excess=0.000000086613 widest=1.00002248373676 vertices=7314 derivatives=true bad_derivatives=0 min_determinant=0.00002459116141 worst_dot=0.99999988079071
CAP MAPPING: mesh=radio_display_storm_shop_radio_service_horn_mouth__cast_iron valid_basis=true max_uv_excess=0.0000000372529 widest=1.00000461383214 vertices=672 derivatives=true bad_derivatives=0 min_determinant=0.00000161525531 worst_dot=0.99999988079071
RADIO DISPLAY: checks=164 parts=7 triangles=10204 removed=72 supports=6 failures=0
CAP MAPPING: mesh=cobbler_fittings_storm_shop_shoe_rebuilding_bench__timber valid_basis=true max_uv_excess=0.00000023841858 widest=1.00004506624033 vertices=5532 derivatives=true bad_derivatives=0 min_determinant=0.0000010408815 worst_dot=0.99999988079071
CAP MAPPING: mesh=cobbler_fittings_storm_shop_shoe_rebuilding_bench__wood_dark valid_basis=true max_uv_excess=0.00000047683716 widest=1.00003631413331 vertices=520 derivatives=true bad_derivatives=0 min_determinant=0.00000289169588 worst_dot=0.99999988079071
CAP MAPPING: mesh=cobbler_fittings_storm_shop_shoe_rebuilding_counter__countertop valid_basis=true max_uv_excess=0.00000006658956 widest=1.00005924778251 vertices=512 derivatives=true bad_derivatives=0 min_determinant=0.00000104100167 worst_dot=0.99999988079071
CAP MAPPING: mesh=cobbler_fittings_storm_shop_shoe_rebuilding_counter__paper valid_basis=true max_uv_excess=0.00000006542541 widest=1.00012657013404 vertices=534 derivatives=true bad_derivatives=0 min_determinant=0.00000011563134 worst_dot=0.99999988079071
CAP MAPPING: mesh=cobbler_fittings_storm_shop_shoe_rebuilding_counter__wood_dark valid_basis=true max_uv_excess=0.00000011920929 widest=1.00012767312113 vertices=6088 derivatives=true bad_derivatives=0 min_determinant=0.00000011563606 worst_dot=0.99999988079071
CAP MAPPING: mesh=cobbler_fittings_storm_shop_shoe_rebuilding_dust_felt__soot__north valid_basis=true max_uv_excess=0.0 widest=1.0 vertices=20 derivatives=true bad_derivatives=0 min_determinant=0.01559994497302 worst_dot=1.0
CAP MAPPING: mesh=cobbler_fittings_storm_shop_shoe_rebuilding_dust_felt__soot__south valid_basis=true max_uv_excess=0.00000023841858 widest=1.0000000920535 vertices=20 derivatives=true bad_derivatives=0 min_determinant=0.01553995522022 worst_dot=1.0
CAP MAPPING: mesh=cobbler_fittings_storm_shop_shoe_rebuilding_finisher__cast_iron valid_basis=true max_uv_excess=0.00000008405186 widest=1.00007666405598 vertices=9050 derivatives=true bad_derivatives=0 min_determinant=0.00000104093809 worst_dot=0.99999988079071
CAP MAPPING: mesh=cobbler_fittings_storm_shop_shoe_rebuilding_finisher__metal valid_basis=true max_uv_excess=0.00000008766074 widest=1.00011166621264 vertices=6805 derivatives=true bad_derivatives=0 min_determinant=0.00000008022181 worst_dot=0.99999970197678
CAP MAPPING: mesh=cobbler_fittings_storm_shop_shoe_rebuilding_finisher__rubber_aged valid_basis=true max_uv_excess=0.00000005215406 widest=1.00000265805457 vertices=636 derivatives=true bad_derivatives=0 min_determinant=0.00005024291587 worst_dot=0.99999994039536
CAP MAPPING: mesh=cobbler_fittings_storm_shop_shoe_rebuilding_last_rack__cast_iron valid_basis=true max_uv_excess=0.00000008381903 widest=1.00008690004956 vertices=10818 derivatives=true bad_derivatives=0 min_determinant=0.00000040353819 worst_dot=0.99999988079071
CAP MAPPING: mesh=cobbler_fittings_storm_shop_shoe_rebuilding_last_rack__timber valid_basis=true max_uv_excess=0.0000000782311 widest=1.00004491472176 vertices=5572 derivatives=true bad_derivatives=0 min_determinant=0.00000104093809 worst_dot=0.99999988079071
CAP MAPPING: mesh=cobbler_fittings_storm_shop_shoe_rebuilding_outsole_stand__cast_iron valid_basis=true max_uv_excess=0.00000011920929 widest=1.00008153160974 vertices=14444 derivatives=true bad_derivatives=0 min_determinant=0.0000001077564 worst_dot=0.99999934434891
CAP MAPPING: mesh=cobbler_fittings_storm_shop_shoe_rebuilding_outsole_stand__metal valid_basis=true max_uv_excess=0.00000008172356 widest=1.00006816654669 vertices=2834 derivatives=true bad_derivatives=0 min_determinant=0.00000010614898 worst_dot=0.99999958276749
CAP MAPPING: mesh=cobbler_fittings_storm_shop_shoe_rebuilding_patcher_treadle__cast_iron valid_basis=true max_uv_excess=0.00000008940697 widest=1.00008496318177 vertices=14477 derivatives=true bad_derivatives=0 min_determinant=0.00000010776266 worst_dot=0.99999952316284
CAP MAPPING: mesh=cobbler_fittings_storm_shop_shoe_rebuilding_patcher_treadle__metal valid_basis=true max_uv_excess=0.00000011920929 widest=1.00014130795299 vertices=3242 derivatives=true bad_derivatives=0 min_determinant=0.00000007946801 worst_dot=0.99999958276749
CAP MAPPING: mesh=cobbler_fittings_storm_shop_shoe_rebuilding_rack0__linen valid_basis=true max_uv_excess=0.00000008571078 widest=1.00044319847233 vertices=34534 derivatives=true bad_derivatives=0 min_determinant=0.00000000456375 worst_dot=0.99999243021011
CAP MAPPING: mesh=cobbler_fittings_storm_shop_shoe_rebuilding_rack0__rubber_aged valid_basis=true max_uv_excess=0.00000008288771 widest=1.00010090195427 vertices=29528 derivatives=true bad_derivatives=0 min_determinant=0.00000028208945 worst_dot=0.99999988079071
CAP MAPPING: mesh=cobbler_fittings_storm_shop_shoe_rebuilding_rack0__shoe_dark__1_1 valid_basis=true max_uv_excess=0.00000008568168 widest=1.00008256742546 vertices=2934 derivatives=true bad_derivatives=0 min_determinant=0.00000003285854 worst_dot=0.99999952316284
CAP MAPPING: mesh=cobbler_fittings_storm_shop_shoe_rebuilding_rack0__shoe_dark__1_-1 valid_basis=true max_uv_excess=0.00000007171184 widest=1.00006670959679 vertices=2934 derivatives=true bad_derivatives=0 min_determinant=0.00000003286289 worst_dot=0.99999964237213
CAP MAPPING: mesh=cobbler_fittings_storm_shop_shoe_rebuilding_rack0__shoe_dark__2_1 valid_basis=true max_uv_excess=0.00000008195639 widest=1.00017081360105 vertices=2934 derivatives=true bad_derivatives=0 min_determinant=0.00000003299826 worst_dot=0.99999988079071
CAP MAPPING: mesh=cobbler_fittings_storm_shop_shoe_rebuilding_rack0__shoe_dark__2_-1 valid_basis=true max_uv_excess=0.00000008381903 widest=1.00043540437638 vertices=2934 derivatives=true bad_derivatives=0 min_determinant=0.00000003299393 worst_dot=0.99999988079071
CAP MAPPING: mesh=cobbler_fittings_storm_shop_shoe_rebuilding_rack0__shoe_dark__4_1 valid_basis=true max_uv_excess=0.00000007916242 widest=1.00016826523415 vertices=2934 derivatives=true bad_derivatives=0 min_determinant=0.00000003308617 worst_dot=0.99999988079071
CAP MAPPING: mesh=cobbler_fittings_storm_shop_shoe_rebuilding_rack0__shoe_dark__4_-1 valid_basis=true max_uv_excess=0.00000008288771 widest=1.0002988516632 vertices=2934 derivatives=true bad_derivatives=0 min_determinant=0.00000003308184 worst_dot=0.99999952316284
CAP MAPPING: mesh=cobbler_fittings_storm_shop_shoe_rebuilding_rack0__shoe_dark__5_1 valid_basis=true max_uv_excess=0.00000007171184 widest=1.00050319864163 vertices=2934 derivatives=true bad_derivatives=0 min_determinant=0.00000003285107 worst_dot=0.99999976158142
CAP MAPPING: mesh=cobbler_fittings_storm_shop_shoe_rebuilding_rack0__shoe_dark__5_-1 valid_basis=true max_uv_excess=0.0000000782311 widest=1.00009308564622 vertices=2934 derivatives=true bad_derivatives=0 min_determinant=0.00000003310126 worst_dot=0.99999791383743
CAP MAPPING: mesh=cobbler_fittings_storm_shop_shoe_rebuilding_rack0__shoe_dark__7_1 valid_basis=true max_uv_excess=0.00000008195639 widest=1.00011008785309 vertices=2934 derivatives=true bad_derivatives=0 min_determinant=0.00000003299085 worst_dot=0.99999952316284
CAP MAPPING: mesh=cobbler_fittings_storm_shop_shoe_rebuilding_rack0__shoe_dark__7_-1 valid_basis=true max_uv_excess=0.00000008149073 widest=1.00030903756933 vertices=2934 derivatives=true bad_derivatives=0 min_determinant=0.00000003282167 worst_dot=0.99999856948853
CAP MAPPING: mesh=cobbler_fittings_storm_shop_shoe_rebuilding_rack0__shoe_dark__8_1 valid_basis=true max_uv_excess=0.000000086613 widest=1.00067848046168 vertices=2934 derivatives=true bad_derivatives=0 min_determinant=0.00000003271145 worst_dot=0.99999988079071
CAP MAPPING: mesh=cobbler_fittings_storm_shop_shoe_rebuilding_rack0__shoe_dark__8_-1 valid_basis=true max_uv_excess=0.00000008195639 widest=1.00051659766162 vertices=2934 derivatives=true bad_derivatives=0 min_determinant=0.00000003268805 worst_dot=0.99999856948853
CAP MAPPING: mesh=cobbler_fittings_storm_shop_shoe_rebuilding_rack0__shoe_dark__10_1 valid_basis=true max_uv_excess=0.00000008242205 widest=1.00007951850032 vertices=2934 derivatives=true bad_derivatives=0 min_determinant=0.00000003285415 worst_dot=0.99999982118607
CAP MAPPING: mesh=cobbler_fittings_storm_shop_shoe_rebuilding_rack0__shoe_dark__10_-1 valid_basis=true max_uv_excess=0.00000008195639 widest=1.00031115082982 vertices=2934 derivatives=true bad_derivatives=0 min_determinant=0.00000003285415 worst_dot=0.99999952316284
CAP MAPPING: mesh=cobbler_fittings_storm_shop_shoe_rebuilding_rack0__timber valid_basis=true max_uv_excess=0.00000008335337 widest=1.00005437682167 vertices=4520 derivatives=true bad_derivatives=0 min_determinant=0.0000010408815 worst_dot=0.99999982118607
CAP MAPPING: mesh=cobbler_fittings_storm_shop_shoe_rebuilding_rack0__vinyl_oxblood__0_1 valid_basis=true max_uv_excess=0.00000008568168 widest=1.00012825437316 vertices=2934 derivatives=true bad_derivatives=0 min_determinant=0.00000003285852 worst_dot=0.99999988079071
CAP MAPPING: mesh=cobbler_fittings_storm_shop_shoe_rebuilding_rack0__vinyl_oxblood__0_-1 valid_basis=true max_uv_excess=0.00000008707866 widest=1.00012956372564 vertices=2934 derivatives=true bad_derivatives=0 min_determinant=0.00000003285415 worst_dot=0.99999988079071
CAP MAPPING: mesh=cobbler_fittings_storm_shop_shoe_rebuilding_rack0__vinyl_oxblood__3_1 valid_basis=true max_uv_excess=0.0000000721775 widest=1.00022237430274 vertices=2934 derivatives=true bad_derivatives=0 min_determinant=0.00000003271885 worst_dot=0.99999952316284
CAP MAPPING: mesh=cobbler_fittings_storm_shop_shoe_rebuilding_rack0__vinyl_oxblood__3_-1 valid_basis=true max_uv_excess=0.000000086613 widest=1.00009924864489 vertices=2934 derivatives=true bad_derivatives=0 min_determinant=0.00000003271738 worst_dot=0.99999988079071
CAP MAPPING: mesh=cobbler_fittings_storm_shop_shoe_rebuilding_rack0__vinyl_oxblood__6_1 valid_basis=true max_uv_excess=0.00000007357448 widest=1.00038856618281 vertices=2934 derivatives=true bad_derivatives=0 min_determinant=0.00000003283667 worst_dot=0.99999988079071
CAP MAPPING: mesh=cobbler_fittings_storm_shop_shoe_rebuilding_rack0__vinyl_oxblood__6_-1 valid_basis=true max_uv_excess=0.00000008195639 widest=1.00013108700669 vertices=2934 derivatives=true bad_derivatives=0 min_determinant=0.0000000329268 worst_dot=0.99999988079071
CAP MAPPING: mesh=cobbler_fittings_storm_shop_shoe_rebuilding_rack0__vinyl_oxblood__9_1 valid_basis=true max_uv_excess=0.000000086613 widest=1.00011097499216 vertices=2934 derivatives=true bad_derivatives=0 min_determinant=0.0000000330816 worst_dot=0.99999988079071
CAP MAPPING: mesh=cobbler_fittings_storm_shop_shoe_rebuilding_rack0__vinyl_oxblood__9_-1 valid_basis=true max_uv_excess=0.00000008102506 widest=1.00036487465676 vertices=2934 derivatives=true bad_derivatives=0 min_determinant=0.00000003303225 worst_dot=0.99999868869781
CAP MAPPING: mesh=cobbler_fittings_storm_shop_shoe_rebuilding_sole_stack__timber valid_basis=true max_uv_excess=0.00000007008202 widest=1.00004873701581 vertices=492 derivatives=true bad_derivatives=0 min_determinant=0.00000104100344 worst_dot=0.99999988079071
CAP MAPPING: mesh=cobbler_fittings_storm_shop_shoe_rebuilding_sole_stack__vinyl_oxblood valid_basis=true max_uv_excess=0.00000008940697 widest=1.0003086095767 vertices=98360 derivatives=true bad_derivatives=0 min_determinant=0.00000005962371 worst_dot=0.99999982118607
CAP MAPPING: mesh=cobbler_fittings_storm_shop_shoe_rebuilding_waiting_seat__wood_dark valid_basis=true max_uv_excess=0.00000011920929 widest=1.00005160389909 vertices=5478 derivatives=true bad_derivatives=0 min_determinant=0.00000104103174 worst_dot=0.99999988079071
CAP MAPPING: mesh=cobbler_fittings_storm_shop_shoe_rebuilding_window_plinth__plywood valid_basis=true max_uv_excess=0.00000007264316 widest=1.00005924778251 vertices=504 derivatives=true bad_derivatives=0 min_determinant=0.00000104100344 worst_dot=0.99999988079071
CAP MAPPING: mesh=cobbler_fittings_storm_shop_shoe_rebuilding_window_plinth__wood_dark valid_basis=true max_uv_excess=0.00000007916242 widest=1.00006445363808 vertices=6062 derivatives=true bad_derivatives=0 min_determinant=0.0000010408815 worst_dot=0.99999988079071
COBBLER FITTINGS: checks=751 parts=46 triangles=117708 removed=588 supports=37 failures=0
CAP MAPPING: mesh=druggist_cupboard_storm_shop_otis___son_poison0__glass_red valid_basis=true max_uv_excess=0.00000012328383 widest=1.00013520496633 vertices=5691 derivatives=true bad_derivatives=0 min_determinant=0.00000016107394 worst_dot=0.99999821186066
CAP MAPPING: mesh=druggist_cupboard_storm_shop_otis___son_poison0__porcelain valid_basis=true max_uv_excess=0.00000004540198 widest=1.00001397566042 vertices=60 derivatives=true bad_derivatives=0 min_determinant=0.00001135582673 worst_dot=0.99999988079071
CAP MAPPING: mesh=druggist_cupboard_storm_shop_otis___son_poison0__ribs_red valid_basis=true max_uv_excess=0.00000005960464 widest=1.00001862645061 vertices=288 derivatives=true bad_derivatives=0 min_determinant=0.00000454618871 worst_dot=0.99999988079071
CAP MAPPING: mesh=druggist_cupboard_storm_shop_otis___son_poison0__wood_dark valid_basis=true max_uv_excess=0.00000015413389 widest=1.00020083085861 vertices=843 derivatives=true bad_derivatives=0 min_determinant=0.00000002256874 worst_dot=0.99999099969864
CAP MAPPING: mesh=druggist_cupboard_storm_shop_otis___son_poison1__glass_teal valid_basis=true max_uv_excess=0.00000012665987 widest=1.00013520496633 vertices=5655 derivatives=true bad_derivatives=0 min_determinant=0.00000016107734 worst_dot=0.99999821186066
CAP MAPPING: mesh=druggist_cupboard_storm_shop_otis___son_poison1__porcelain valid_basis=true max_uv_excess=0.00000004540198 widest=1.00001397566042 vertices=60 derivatives=true bad_derivatives=0 min_determinant=0.00001135582673 worst_dot=0.99999994039536
CAP MAPPING: mesh=druggist_cupboard_storm_shop_otis___son_poison1__ribs_teal valid_basis=true max_uv_excess=0.00000004470348 widest=1.00001862645061 vertices=288 derivatives=true bad_derivatives=0 min_determinant=0.0000045462226 worst_dot=0.99999988079071
CAP MAPPING: mesh=druggist_cupboard_storm_shop_otis___son_poison1__wood_dark valid_basis=true max_uv_excess=0.0000001557637 widest=1.00026447987798 vertices=829 derivatives=true bad_derivatives=0 min_determinant=0.00000002262706 worst_dot=0.99999350309372
CAP MAPPING: mesh=druggist_cupboard_storm_shop_otis___son_poison2__glass_red valid_basis=true max_uv_excess=0.00000012374949 widest=1.00013371055032 vertices=5684 derivatives=true bad_derivatives=0 min_determinant=0.00000016105551 worst_dot=0.99999821186066
CAP MAPPING: mesh=druggist_cupboard_storm_shop_otis___son_poison2__porcelain valid_basis=true max_uv_excess=0.00000004516914 widest=1.00001277242519 vertices=60 derivatives=true bad_derivatives=0 min_determinant=0.00001135582673 worst_dot=0.99999988079071
CAP MAPPING: mesh=druggist_cupboard_storm_shop_otis___son_poison2__ribs_red valid_basis=true max_uv_excess=0.00000005960464 widest=1.00001862645061 vertices=288 derivatives=true bad_derivatives=0 min_determinant=0.0000045462226 worst_dot=0.99999988079071
CAP MAPPING: mesh=druggist_cupboard_storm_shop_otis___son_poison2__wood_dark valid_basis=true max_uv_excess=0.0000001671724 widest=1.00022089398117 vertices=830 derivatives=true bad_derivatives=0 min_determinant=0.00000002255625 worst_dot=0.99999362230301
CAP MAPPING: mesh=druggist_cupboard_storm_shop_otis___son_poison3__glass_teal valid_basis=true max_uv_excess=0.00000012665987 widest=1.00010862440068 vertices=5669 derivatives=true bad_derivatives=0 min_determinant=0.0000001610691 worst_dot=0.9999982714653
CAP MAPPING: mesh=druggist_cupboard_storm_shop_otis___son_poison3__porcelain valid_basis=true max_uv_excess=0.00000004470348 widest=1.00001277242519 vertices=60 derivatives=true bad_derivatives=0 min_determinant=0.00001135582673 worst_dot=0.99999994039536
CAP MAPPING: mesh=druggist_cupboard_storm_shop_otis___son_poison3__ribs_teal valid_basis=true max_uv_excess=0.00000004470348 widest=1.00001862645061 vertices=288 derivatives=true bad_derivatives=0 min_determinant=0.00000454619926 worst_dot=0.99999988079071
CAP MAPPING: mesh=druggist_cupboard_storm_shop_otis___son_poison3__wood_dark valid_basis=true max_uv_excess=0.00000014575198 widest=1.00016940158643 vertices=840 derivatives=true bad_derivatives=0 min_determinant=0.00000002257709 worst_dot=0.99999105930328
CAP MAPPING: mesh=druggist_cupboard_storm_shop_otis___son_poison4__glass_red valid_basis=true max_uv_excess=0.00000012374949 widest=1.00013371055032 vertices=5687 derivatives=true bad_derivatives=0 min_determinant=0.0000001610691 worst_dot=0.9999982714653
CAP MAPPING: mesh=druggist_cupboard_storm_shop_otis___son_poison4__porcelain valid_basis=true max_uv_excess=0.00000004493631 widest=1.00001283894909 vertices=60 derivatives=true bad_derivatives=0 min_determinant=0.00001135591449 worst_dot=0.99999994039536
CAP MAPPING: mesh=druggist_cupboard_storm_shop_otis___son_poison4__ribs_red valid_basis=true max_uv_excess=0.00000005960464 widest=1.00001862645061 vertices=288 derivatives=true bad_derivatives=0 min_determinant=0.00000454619926 worst_dot=0.99999988079071
CAP MAPPING: mesh=druggist_cupboard_storm_shop_otis___son_poison4__wood_dark valid_basis=true max_uv_excess=0.00000014575198 widest=1.00017839548629 vertices=823 derivatives=true bad_derivatives=0 min_determinant=0.00000002258085 worst_dot=0.99999451637268
CAP MAPPING: mesh=druggist_cupboard_storm_shop_otis___son_poison5__glass_teal valid_basis=true max_uv_excess=0.00000012665987 widest=1.00011061270859 vertices=5686 derivatives=true bad_derivatives=0 min_determinant=0.00000016107497 worst_dot=0.9999982714653
CAP MAPPING: mesh=druggist_cupboard_storm_shop_otis___son_poison5__porcelain valid_basis=true max_uv_excess=0.00000005238689 widest=1.00001612576318 vertices=60 derivatives=true bad_derivatives=0 min_determinant=0.00001135592895 worst_dot=0.99999994039536
CAP MAPPING: mesh=druggist_cupboard_storm_shop_otis___son_poison5__ribs_teal valid_basis=true max_uv_excess=0.00000004470348 widest=1.00001862645061 vertices=288 derivatives=true bad_derivatives=0 min_determinant=0.00000454619926 worst_dot=0.99999988079071
CAP MAPPING: mesh=druggist_cupboard_storm_shop_otis___son_poison5__wood_dark valid_basis=true max_uv_excess=0.00000014575198 widest=1.00017839548629 vertices=827 derivatives=true bad_derivatives=0 min_determinant=0.00000002258597 worst_dot=0.99999451637268
CAP MAPPING: mesh=druggist_cupboard_storm_shop_otis___son_poison_cupboard__brass_dull valid_basis=true max_uv_excess=0.00000008670031 widest=1.00034962100918 vertices=3579 derivatives=true bad_derivatives=0 min_determinant=0.0000000289043 worst_dot=0.99999988079071
CAP MAPPING: mesh=druggist_cupboard_storm_shop_otis___son_poison_cupboard__glassish valid_basis=true max_uv_excess=0.0 widest=1.0 vertices=24 derivatives=true bad_derivatives=0 min_determinant=0.00383995011807 worst_dot=1.0
CAP MAPPING: mesh=druggist_cupboard_storm_shop_otis___son_poison_cupboard__wood_dark valid_basis=true max_uv_excess=0.00000011920929 widest=1.00026923777996 vertices=8668 derivatives=true bad_derivatives=0 min_determinant=0.0000001156172 worst_dot=0.99999982118607
CUPBOARD PANE MEASUREMENT: translated_aabb_width=0.00600051879883 imported_local_width=0.00599998235703 centre_z=45.2019981741905
DRUGGIST CUPBOARD: checks=483 parts=27 triangles=21744 removed=168 supports=10 failures=0
CAP MAPPING: mesh=locksmith_fittings_storm_shop_keys_cut_board__brass_dull valid_basis=true max_uv_excess=0.00000008929055 widest=1.00012539859546 vertices=63446 derivatives=true bad_derivatives=0 min_determinant=0.00000004477624 worst_dot=0.99999988079071
CAP MAPPING: mesh=locksmith_fittings_storm_shop_keys_cut_board__chrome valid_basis=true max_uv_excess=0.00000008591451 widest=1.00005956681973 vertices=22538 derivatives=true bad_derivatives=0 min_determinant=0.00000717686152 worst_dot=1.0
CAP MAPPING: mesh=locksmith_fittings_storm_shop_keys_cut_board__plywood valid_basis=true max_uv_excess=0.0000000782311 widest=1.00003783872415 vertices=512 derivatives=true bad_derivatives=0 min_determinant=0.00000185064764 worst_dot=0.99999988079071
CAP MAPPING: mesh=locksmith_fittings_storm_shop_keys_cut_counter__countertop valid_basis=true max_uv_excess=0.00000023841858 widest=1.00009725606247 vertices=506 derivatives=true bad_derivatives=0 min_determinant=0.00000104109709 worst_dot=0.99999988079071
CAP MAPPING: mesh=locksmith_fittings_storm_shop_keys_cut_counter__paper valid_basis=true max_uv_excess=0.00000006210757 widest=1.00016996534029 vertices=694 derivatives=true bad_derivatives=0 min_determinant=0.00000011561955 worst_dot=0.99999988079071
CAP MAPPING: mesh=locksmith_fittings_storm_shop_keys_cut_counter__vinyl_oxblood valid_basis=true max_uv_excess=0.0000000721775 widest=1.00006952295368 vertices=996 derivatives=true bad_derivatives=0 min_determinant=0.00000046264304 worst_dot=0.99999988079071
CAP MAPPING: mesh=locksmith_fittings_storm_shop_keys_cut_counter__wood_dark valid_basis=true max_uv_excess=0.00000011920929 widest=1.00005372545126 vertices=6568 derivatives=true bad_derivatives=0 min_determinant=0.00000104101759 worst_dot=0.99999988079071
CAP MAPPING: mesh=locksmith_fittings_storm_shop_keys_cut_cutter__brass_dull valid_basis=true max_uv_excess=0.00000007700874 widest=1.00014898224183 vertices=1674 derivatives=true bad_derivatives=0 min_determinant=0.00000011564841 worst_dot=0.99999988079071
CAP MAPPING: mesh=locksmith_fittings_storm_shop_keys_cut_cutter__cast_iron valid_basis=true max_uv_excess=0.00000008312054 widest=1.00004003095278 vertices=6289 derivatives=true bad_derivatives=0 min_determinant=0.00000185068536 worst_dot=0.99999988079071
CAP MAPPING: mesh=locksmith_fittings_storm_shop_keys_cut_cutter__metal valid_basis=true max_uv_excess=0.00000007962808 widest=1.00006418871527 vertices=2875 derivatives=true bad_derivatives=0 min_determinant=0.00000014291118 worst_dot=0.99999988079071
CAP MAPPING: mesh=locksmith_fittings_storm_shop_keys_cut_cutter__timber valid_basis=true max_uv_excess=0.00000008312054 widest=1.00005029663889 vertices=978 derivatives=true bad_derivatives=0 min_determinant=0.00000014186844 worst_dot=0.99999988079071
CAP MAPPING: mesh=locksmith_fittings_storm_shop_keys_cut_cutter_bench__cast_iron valid_basis=true max_uv_excess=0.00000008149073 widest=1.00006089573768 vertices=4237 derivatives=true bad_derivatives=0 min_determinant=0.00000017884871 worst_dot=0.99999970197678
CAP MAPPING: mesh=locksmith_fittings_storm_shop_keys_cut_cutter_bench__metal valid_basis=true max_uv_excess=0.00000007695053 widest=1.00013569653413 vertices=3882 derivatives=true bad_derivatives=0 min_determinant=0.00000018057449 worst_dot=0.99999988079071
CAP MAPPING: mesh=locksmith_fittings_storm_shop_keys_cut_cutter_bench__timber valid_basis=true max_uv_excess=0.00000007008202 widest=1.00004647660032 vertices=4486 derivatives=true bad_derivatives=0 min_determinant=0.00000104093809 worst_dot=0.99999988079071
CAP MAPPING: mesh=locksmith_fittings_storm_shop_keys_cut_lock_cloth__brass_dull valid_basis=true max_uv_excess=0.00000007916242 widest=1.00005840003857 vertices=4660 derivatives=true bad_derivatives=0 min_determinant=0.00000104100344 worst_dot=0.99999988079071
CAP MAPPING: mesh=locksmith_fittings_storm_shop_keys_cut_lock_cloth__chrome valid_basis=true max_uv_excess=0.00000007799827 widest=1.00006366289301 vertices=988 derivatives=true bad_derivatives=0 min_determinant=0.00000105928076 worst_dot=0.99999988079071
CAP MAPPING: mesh=locksmith_fittings_storm_shop_keys_cut_lock_cloth__linen valid_basis=true max_uv_excess=0.00000011920929 widest=1.00006816684153 vertices=1504 derivatives=true bad_derivatives=0 min_determinant=0.00000046268077 worst_dot=0.99999988079071
CAP MAPPING: mesh=locksmith_fittings_storm_shop_keys_cut_lock_cloth__metal valid_basis=true max_uv_excess=0.00000008405186 widest=1.00008473748749 vertices=6666 derivatives=true bad_derivatives=0 min_determinant=0.00000004477624 worst_dot=0.99999988079071
CAP MAPPING: mesh=locksmith_fittings_storm_shop_keys_cut_lock_cloth__timber valid_basis=true max_uv_excess=0.00000011920929 widest=1.00009727148854 vertices=5436 derivatives=true bad_derivatives=0 min_determinant=0.00000002848583 worst_dot=0.99999982118607
CAP MAPPING: mesh=locksmith_fittings_storm_shop_keys_cut_lock_cloth__vinyl_oxblood valid_basis=true max_uv_excess=0.00000011920929 widest=1.00008074712688 vertices=3430 derivatives=true bad_derivatives=0 min_determinant=0.00000046268077 worst_dot=0.99999988079071
CAP MAPPING: mesh=locksmith_fittings_storm_shop_keys_cut_padlock_rail__brass_dull valid_basis=true max_uv_excess=0.00000007916242 widest=1.00004476235532 vertices=5169 derivatives=true bad_derivatives=0 min_determinant=0.00000034426921 worst_dot=0.99999988079071
CAP MAPPING: mesh=locksmith_fittings_storm_shop_keys_cut_padlock_rail__cast_iron valid_basis=true max_uv_excess=0.00000007450581 widest=1.00006795705794 vertices=1020 derivatives=true bad_derivatives=0 min_determinant=0.00000104096639 worst_dot=0.99999988079071
CAP MAPPING: mesh=locksmith_fittings_storm_shop_keys_cut_padlock_rail__chrome valid_basis=true max_uv_excess=0.00000008847564 widest=1.00001537945014 vertices=7584 derivatives=true bad_derivatives=0 min_determinant=0.00002030501491 worst_dot=0.99999988079071
CAP MAPPING: mesh=locksmith_fittings_storm_shop_keys_cut_safe__brass_bright valid_basis=true max_uv_excess=0.00000008009374 widest=1.00005275388161 vertices=1634 derivatives=true bad_derivatives=0 min_determinant=0.0000002217605 worst_dot=0.99999988079071
CAP MAPPING: mesh=locksmith_fittings_storm_shop_keys_cut_safe__cast_iron valid_basis=true max_uv_excess=0.00000011920929 widest=1.00036382824386 vertices=15809 derivatives=true bad_derivatives=0 min_determinant=0.00000000672844 worst_dot=0.99999809265137
CAP MAPPING: mesh=locksmith_fittings_storm_shop_keys_cut_safe__metal valid_basis=true max_uv_excess=0.00000004470348 widest=1.00001569112564 vertices=643 derivatives=true bad_derivatives=0 min_determinant=0.00000056932186 worst_dot=0.99999988079071
CAP MAPPING: mesh=locksmith_fittings_storm_shop_keys_cut_step_rail0__metal valid_basis=true max_uv_excess=0.00000008742791 widest=1.00005637911267 vertices=2686 derivatives=true bad_derivatives=0 min_determinant=0.00000063765128 worst_dot=0.99999988079071
CAP MAPPING: mesh=locksmith_fittings_storm_shop_keys_cut_step_rail0__timber valid_basis=true max_uv_excess=0.00000023841858 widest=1.00003949932692 vertices=7146 derivatives=true bad_derivatives=0 min_determinant=0.00000088704201 worst_dot=0.99999988079071
CAP MAPPING: mesh=locksmith_fittings_storm_shop_keys_cut_window_plinth__plywood valid_basis=true max_uv_excess=0.00000008975621 widest=1.0000818678006 vertices=506 derivatives=true bad_derivatives=0 min_determinant=0.00000104093809 worst_dot=0.99999988079071
CAP MAPPING: mesh=locksmith_fittings_storm_shop_keys_cut_window_plinth__wood_dark valid_basis=true max_uv_excess=0.00000008940697 widest=1.00006126694955 vertices=6522 derivatives=true bad_derivatives=0 min_determinant=0.00000104096639 worst_dot=0.99999988079071
LOCKSMITH FITTINGS: checks=877 parts=30 triangles=93880 removed=1596 supports=34 failures=0
CAP MAPPING: mesh=news_fittings_storm_shop_news_cigars_candy_jar0__bakelite_black valid_basis=true max_uv_excess=0.00000001490116 widest=1.00000622835603 vertices=353 derivatives=true bad_derivatives=0 min_determinant=0.00000037447899 worst_dot=0.99999988079071
CAP MAPPING: mesh=news_fittings_storm_shop_news_cigars_candy_jar0__candy valid_basis=true max_uv_excess=0.00000008393545 widest=1.00005133321472 vertices=2655 derivatives=true bad_derivatives=0 min_determinant=0.00000034839945 worst_dot=0.99999994039536
CAP MAPPING: mesh=news_fittings_storm_shop_news_cigars_candy_jar0__cast_iron valid_basis=true max_uv_excess=0.00000008102506 widest=1.00000749140426 vertices=871 derivatives=true bad_derivatives=0 min_determinant=0.00006496063462 worst_dot=0.99999988079071
CAP MAPPING: mesh=news_fittings_storm_shop_news_cigars_candy_jar0__glassish valid_basis=true max_uv_excess=0.00000011920929 widest=1.00001284938609 vertices=2890 derivatives=true bad_derivatives=0 min_determinant=0.0000320826075 worst_dot=0.99999988079071
CAP MAPPING: mesh=news_fittings_storm_shop_news_cigars_candy_jar1__bakelite_black valid_basis=true max_uv_excess=0.00000001804437 widest=1.00001061268975 vertices=353 derivatives=true bad_derivatives=0 min_determinant=0.00000037447899 worst_dot=0.99999994039536
CAP MAPPING: mesh=news_fittings_storm_shop_news_cigars_candy_jar1__candy valid_basis=true max_uv_excess=0.00000008393545 widest=1.00005133321472 vertices=2655 derivatives=true bad_derivatives=0 min_determinant=0.00000034839945 worst_dot=0.99999994039536
CAP MAPPING: mesh=news_fittings_storm_shop_news_cigars_candy_jar1__cast_iron valid_basis=true max_uv_excess=0.00000007729977 widest=1.00000714688818 vertices=871 derivatives=true bad_derivatives=0 min_determinant=0.00006496091266 worst_dot=0.99999988079071
CAP MAPPING: mesh=news_fittings_storm_shop_news_cigars_candy_jar1__glassish valid_basis=true max_uv_excess=0.00000012107193 widest=1.00001284938609 vertices=2890 derivatives=true bad_derivatives=0 min_determinant=0.0000320826075 worst_dot=0.99999988079071
CAP MAPPING: mesh=news_fittings_storm_shop_news_cigars_candy_jar2__bakelite_black valid_basis=true max_uv_excess=0.00000001059379 widest=1.00000622835603 vertices=363 derivatives=true bad_derivatives=0 min_determinant=0.00000037447899 worst_dot=0.99999988079071
CAP MAPPING: mesh=news_fittings_storm_shop_news_cigars_candy_jar2__candy valid_basis=true max_uv_excess=0.00000006111804 widest=1.00003737258352 vertices=2628 derivatives=true bad_derivatives=0 min_determinant=0.00000034839945 worst_dot=0.99999994039536
CAP MAPPING: mesh=news_fittings_storm_shop_news_cigars_candy_jar2__cast_iron valid_basis=true max_uv_excess=0.00000007729977 widest=1.0000063325337 vertices=868 derivatives=true bad_derivatives=0 min_determinant=0.00006496091266 worst_dot=0.99999988079071
CAP MAPPING: mesh=news_fittings_storm_shop_news_cigars_candy_jar2__glassish valid_basis=true max_uv_excess=0.00000011920929 widest=1.0000183811523 vertices=2886 derivatives=true bad_derivatives=0 min_determinant=0.0000320826075 worst_dot=0.99999988079071
CAP MAPPING: mesh=news_fittings_storm_shop_news_cigars_candy_jar3__bakelite_black valid_basis=true max_uv_excess=0.00000001059379 widest=1.00000622835603 vertices=363 derivatives=true bad_derivatives=0 min_determinant=0.00000037447899 worst_dot=0.99999988079071
CAP MAPPING: mesh=news_fittings_storm_shop_news_cigars_candy_jar3__candy valid_basis=true max_uv_excess=0.00000006111804 widest=1.00003737258352 vertices=2628 derivatives=true bad_derivatives=0 min_determinant=0.00000034839945 worst_dot=0.99999994039536
CAP MAPPING: mesh=news_fittings_storm_shop_news_cigars_candy_jar3__cast_iron valid_basis=true max_uv_excess=0.00000008009374 widest=1.00000740424546 vertices=868 derivatives=true bad_derivatives=0 min_determinant=0.00006496071509 worst_dot=0.99999988079071
CAP MAPPING: mesh=news_fittings_storm_shop_news_cigars_candy_jar3__glassish valid_basis=true max_uv_excess=0.00000011920929 widest=1.00001435945611 vertices=2886 derivatives=true bad_derivatives=0 min_determinant=0.0000320826075 worst_dot=0.99999988079071
CAP MAPPING: mesh=news_fittings_storm_shop_news_cigars_chair_hollow__soot valid_basis=true max_uv_excess=0.00000000372529 widest=1.00000041392116 vertices=24 derivatives=true bad_derivatives=0 min_determinant=0.00612000501633 worst_dot=1.0
CAP MAPPING: mesh=news_fittings_storm_shop_news_cigars_cigars__glassish valid_basis=true max_uv_excess=0.00000011920929 widest=1.00000014397273 vertices=120 derivatives=true bad_derivatives=0 min_determinant=0.00284243760689 worst_dot=1.0
CAP MAPPING: mesh=news_fittings_storm_shop_news_cigars_cigars__paper valid_basis=true max_uv_excess=0.00000006670598 widest=1.00003643643061 vertices=4864 derivatives=true bad_derivatives=0 min_determinant=0.000000435944 worst_dot=0.99999988079071
CAP MAPPING: mesh=news_fittings_storm_shop_news_cigars_cigars__timber valid_basis=true max_uv_excess=0.00000011920929 widest=1.00017135414136 vertices=1032 derivatives=true bad_derivatives=0 min_determinant=0.00000011563898 worst_dot=0.99999988079071
CAP MAPPING: mesh=news_fittings_storm_shop_news_cigars_cigars__tobacco valid_basis=true max_uv_excess=0.00000008125789 widest=1.0000460184968 vertices=4768 derivatives=true bad_derivatives=0 min_determinant=0.00000040422833 worst_dot=0.99999994039536
CAP MAPPING: mesh=news_fittings_storm_shop_news_cigars_cigars__wood_dark valid_basis=true max_uv_excess=0.00000007194467 widest=1.00017711308695 vertices=3508 derivatives=true bad_derivatives=0 min_determinant=0.00000011564841 worst_dot=0.99999988079071
CAP MAPPING: mesh=news_fittings_storm_shop_news_cigars_counter__cast_iron valid_basis=true max_uv_excess=0.0000000607688 widest=1.00001985198935 vertices=174 derivatives=true bad_derivatives=0 min_determinant=0.00000662952076 worst_dot=0.99999988079071
CAP MAPPING: mesh=news_fittings_storm_shop_news_cigars_counter__countertop valid_basis=true max_uv_excess=0.00000009709038 widest=1.00009518396149 vertices=518 derivatives=true bad_derivatives=0 min_determinant=0.00000046264304 worst_dot=0.99999994039536
CAP MAPPING: mesh=news_fittings_storm_shop_news_cigars_counter__paper valid_basis=true max_uv_excess=0.00000007683411 widest=1.00029726562913 vertices=1182 derivatives=true bad_derivatives=0 min_determinant=0.00000002890666 worst_dot=0.99999988079071
CAP MAPPING: mesh=news_fittings_storm_shop_news_cigars_counter__timber valid_basis=true max_uv_excess=0.00000047683716 widest=1.00005773861958 vertices=526 derivatives=true bad_derivatives=0 min_determinant=0.00000046262126 worst_dot=0.99999988079071
CAP MAPPING: mesh=news_fittings_storm_shop_news_cigars_counter__wood_dark valid_basis=true max_uv_excess=0.00000008614734 widest=1.00015185059049 vertices=8188 derivatives=true bad_derivatives=0 min_determinant=0.0000001156172 worst_dot=0.99999988079071
CAP MAPPING: mesh=news_fittings_storm_shop_news_cigars_pipe_rack__bakelite_black valid_basis=true max_uv_excess=0.00000008195639 widest=1.00001186497657 vertices=9535 derivatives=true bad_derivatives=0 min_determinant=0.00001434042902 worst_dot=0.99999988079071
CAP MAPPING: mesh=news_fittings_storm_shop_news_cigars_pipe_rack__wood_dark valid_basis=true max_uv_excess=0.00000011920929 widest=1.0001730027252 vertices=4070 derivatives=true bad_derivatives=0 min_determinant=0.00000011566076 worst_dot=0.99999982118607
CAP MAPPING: mesh=news_fittings_storm_shop_news_cigars_punchboard__paper valid_basis=true max_uv_excess=0.00000006548362 widest=1.00017711308695 vertices=1502 derivatives=true bad_derivatives=0 min_determinant=0.00000011566784 worst_dot=0.99999988079071
CAP MAPPING: mesh=news_fittings_storm_shop_news_cigars_punchboard__wood_dark valid_basis=true max_uv_excess=0.00000007409835 widest=1.00015855605841 vertices=500 derivatives=true bad_derivatives=0 min_determinant=0.00000011566076 worst_dot=0.99999994039536
CAP MAPPING: mesh=news_fittings_storm_shop_news_cigars_rack0__paper valid_basis=true max_uv_excess=0.00000007965718 widest=1.00031249178753 vertices=5242 derivatives=true bad_derivatives=0 min_determinant=0.000000028904 worst_dot=0.99999988079071
CAP MAPPING: mesh=news_fittings_storm_shop_news_cigars_rack0__timber valid_basis=true max_uv_excess=0.00000011920929 widest=1.00016853599611 vertices=6072 derivatives=true bad_derivatives=0 min_determinant=0.00000011562809 worst_dot=0.99999988079071
CAP MAPPING: mesh=news_fittings_storm_shop_news_cigars_service_hatch__timber valid_basis=true max_uv_excess=0.00000005960464 widest=1.00003959080633 vertices=502 derivatives=true bad_derivatives=0 min_determinant=0.00000104100344 worst_dot=0.99999988079071
CAP MAPPING: mesh=news_fittings_storm_shop_news_cigars_service_hatch__wood_dark valid_basis=true max_uv_excess=0.00000008370262 widest=1.00008441449588 vertices=2992 derivatives=true bad_derivatives=0 min_determinant=0.00000046261834 worst_dot=0.99999988079071
CAP MAPPING: mesh=news_fittings_storm_shop_news_cigars_shelf0__timber valid_basis=true max_uv_excess=0.00000023841858 widest=1.00008473748749 vertices=3552 derivatives=true bad_derivatives=0 min_determinant=0.00000046259948 worst_dot=0.99999982118607
CAP MAPPING: mesh=news_fittings_storm_shop_news_cigars_stool__wood_dark valid_basis=true max_uv_excess=0.00000008940697 widest=1.00005659977587 vertices=7209 derivatives=true bad_derivatives=0 min_determinant=0.00000017920502 worst_dot=0.99999976158142
NEWS FITTINGS: checks=566 parts=37 triangles=41656 removed=456 supports=25 failures=0
CAP MAPPING: mesh=shop_clerestories_storm_shop_funeral_parlour_borrowed_sill__glassish valid_basis=true max_uv_excess=0.00000023841858 widest=1.00000007224807 vertices=34 derivatives=true bad_derivatives=0 min_determinant=0.00420002965927 worst_dot=0.99999994039536
CAP MAPPING: mesh=shop_clerestories_storm_shop_funeral_parlour_borrowed_sill__plaster_stained valid_basis=true max_uv_excess=0.00000011920929 widest=1.00000011807524 vertices=461 derivatives=true bad_derivatives=0 min_determinant=0.0019999675751 worst_dot=1.0
CAP MAPPING: mesh=shop_clerestories_storm_shop_funeral_parlour_borrowed_sill__trim valid_basis=true max_uv_excess=0.00000011920929 widest=1.00053234879881 vertices=14339 derivatives=true bad_derivatives=0 min_determinant=0.00000002889016 worst_dot=0.99999952316284
CAP MAPPING: mesh=shop_clerestories_storm_shop_hardware_paint_borrowed_sill__glassish valid_basis=true max_uv_excess=0.0 widest=1.0 vertices=34 derivatives=true bad_derivatives=0 min_determinant=0.00420002965927 worst_dot=0.99999994039536
CAP MAPPING: mesh=shop_clerestories_storm_shop_hardware_paint_borrowed_sill__plaster_stained valid_basis=true max_uv_excess=0.0 widest=1.0 vertices=256 derivatives=true bad_derivatives=0 min_determinant=0.0019999675751 worst_dot=1.0
CAP MAPPING: mesh=shop_clerestories_storm_shop_hardware_paint_borrowed_sill__trim valid_basis=true max_uv_excess=0.00000011920929 widest=1.00043232532014 vertices=14324 derivatives=true bad_derivatives=0 min_determinant=0.0000000289043 worst_dot=0.9999988079071
CAP MAPPING: mesh=shop_clerestories_storm_shop_keys_cut_borrowed_sill__glassish valid_basis=true max_uv_excess=0.0 widest=1.0 vertices=34 derivatives=true bad_derivatives=0 min_determinant=0.00420002965927 worst_dot=0.99999994039536
CAP MAPPING: mesh=shop_clerestories_storm_shop_keys_cut_borrowed_sill__plaster_stained valid_basis=true max_uv_excess=0.0 widest=1.0 vertices=256 derivatives=true bad_derivatives=0 min_determinant=0.0019999675751 worst_dot=1.0
CAP MAPPING: mesh=shop_clerestories_storm_shop_keys_cut_borrowed_sill__trim valid_basis=true max_uv_excess=0.00000010707299 widest=1.00046475084624 vertices=14444 derivatives=true bad_derivatives=0 min_determinant=0.00000002889016 worst_dot=0.99999970197678
CAP MAPPING: mesh=shop_clerestories_storm_shop_luncheonette_borrowed_sill__glassish valid_basis=true max_uv_excess=0.00000023841858 widest=1.00000006113295 vertices=35 derivatives=true bad_derivatives=0 min_determinant=0.00420036344531 worst_dot=0.99999994039536
CAP MAPPING: mesh=shop_clerestories_storm_shop_luncheonette_borrowed_sill__plaster_stained valid_basis=true max_uv_excess=0.00000005960464 widest=1.00000012957557 vertices=279 derivatives=true bad_derivatives=0 min_determinant=0.0019999675751 worst_dot=1.0
CAP MAPPING: mesh=shop_clerestories_storm_shop_luncheonette_borrowed_sill__trim valid_basis=true max_uv_excess=0.00000023841858 widest=1.00043622798077 vertices=14330 derivatives=true bad_derivatives=0 min_determinant=0.00000002889016 worst_dot=0.99999964237213
CAP MAPPING: mesh=shop_clerestories_storm_shop_model_laundry_borrowed_sill__glassish valid_basis=true max_uv_excess=0.0 widest=1.0 vertices=31 derivatives=true bad_derivatives=0 min_determinant=0.00420002965927 worst_dot=0.99999994039536
CAP MAPPING: mesh=shop_clerestories_storm_shop_model_laundry_borrowed_sill__plaster_stained valid_basis=true max_uv_excess=0.00000011920929 widest=1.000000259149 vertices=279 derivatives=true bad_derivatives=0 min_determinant=0.0019999675751 worst_dot=1.0
CAP MAPPING: mesh=shop_clerestories_storm_shop_model_laundry_borrowed_sill__trim valid_basis=true max_uv_excess=0.00000011199154 widest=1.00045163142463 vertices=14340 derivatives=true bad_derivatives=0 min_determinant=0.00000002890725 worst_dot=0.99999892711639
CAP MAPPING: mesh=shop_clerestories_storm_shop_news_cigars_borrowed_sill__glassish valid_basis=true max_uv_excess=0.0 widest=1.0 vertices=31 derivatives=true bad_derivatives=0 min_determinant=0.00420036344531 worst_dot=0.99999994039536
CAP MAPPING: mesh=shop_clerestories_storm_shop_news_cigars_borrowed_sill__plaster_stained valid_basis=true max_uv_excess=0.0 widest=1.0 vertices=259 derivatives=true bad_derivatives=0 min_determinant=0.0019999675751 worst_dot=1.0
CAP MAPPING: mesh=shop_clerestories_storm_shop_news_cigars_borrowed_sill__trim valid_basis=true max_uv_excess=0.00000011341763 widest=1.00043860570568 vertices=14270 derivatives=true bad_derivatives=0 min_determinant=0.00000002889958 worst_dot=0.99999982118607
CAP MAPPING: mesh=shop_clerestories_storm_shop_otis___son_borrowed_sill__glassish valid_basis=true max_uv_excess=0.0 widest=1.0 vertices=35 derivatives=true bad_derivatives=0 min_determinant=0.00420036344531 worst_dot=0.99999994039536
CAP MAPPING: mesh=shop_clerestories_storm_shop_otis___son_borrowed_sill__plaster_stained valid_basis=true max_uv_excess=0.0 widest=1.0 vertices=279 derivatives=true bad_derivatives=0 min_determinant=0.0019999675751 worst_dot=1.0
CAP MAPPING: mesh=shop_clerestories_storm_shop_otis___son_borrowed_sill__trim valid_basis=true max_uv_excess=0.00000023841858 widest=1.00043250336438 vertices=14262 derivatives=true bad_derivatives=0 min_determinant=0.00000002889958 worst_dot=0.99999988079071
CAP MAPPING: mesh=shop_clerestories_storm_shop_pawnbroker_borrowed_sill__glassish valid_basis=true max_uv_excess=0.0 widest=1.0 vertices=34 derivatives=true bad_derivatives=0 min_determinant=0.00420036344531 worst_dot=0.99999994039536
CAP MAPPING: mesh=shop_clerestories_storm_shop_pawnbroker_borrowed_sill__plaster_stained valid_basis=true max_uv_excess=0.00000047683716 widest=1.00000014105382 vertices=256 derivatives=true bad_derivatives=0 min_determinant=0.0019999675751 worst_dot=1.0
CAP MAPPING: mesh=shop_clerestories_storm_shop_pawnbroker_borrowed_sill__trim valid_basis=true max_uv_excess=0.00000023841858 widest=1.00042869608488 vertices=14335 derivatives=true bad_derivatives=0 min_determinant=0.00000002889958 worst_dot=0.99999958276749
CAP MAPPING: mesh=shop_clerestories_storm_shop_photo_supplies_borrowed_sill__plaster_stained valid_basis=true max_uv_excess=0.00000047683716 widest=1.00000011584473 vertices=279 derivatives=true bad_derivatives=0 min_determinant=0.0019999675751 worst_dot=1.0
CAP MAPPING: mesh=shop_clerestories_storm_shop_photo_supplies_borrowed_sill__trim valid_basis=true max_uv_excess=0.00000023841858 widest=1.00043232532014 vertices=14324 derivatives=true bad_derivatives=0 min_determinant=0.00000002889016 worst_dot=0.99999928474426
CAP MAPPING: mesh=shop_clerestories_storm_shop_radio_service_borrowed_sill__glassish valid_basis=true max_uv_excess=0.0 widest=1.0 vertices=34 derivatives=true bad_derivatives=0 min_determinant=0.00420036344531 worst_dot=0.99999994039536
CAP MAPPING: mesh=shop_clerestories_storm_shop_radio_service_borrowed_sill__plaster_stained valid_basis=true max_uv_excess=0.00000011920929 widest=1.00000006020673 vertices=279 derivatives=true bad_derivatives=0 min_determinant=0.0019999675751 worst_dot=1.0
CAP MAPPING: mesh=shop_clerestories_storm_shop_radio_service_borrowed_sill__trim valid_basis=true max_uv_excess=0.00000012130477 widest=1.0004791717186 vertices=14314 derivatives=true bad_derivatives=0 min_determinant=0.0000000289043 worst_dot=0.99999988079071
CAP MAPPING: mesh=shop_clerestories_storm_shop_shoe_rebuilding_borrowed_sill__glassish valid_basis=true max_uv_excess=0.0 widest=1.0 vertices=31 derivatives=true bad_derivatives=0 min_determinant=0.00420002965927 worst_dot=0.99999994039536
CAP MAPPING: mesh=shop_clerestories_storm_shop_shoe_rebuilding_borrowed_sill__plaster_stained valid_basis=true max_uv_excess=0.00000011920929 widest=1.00000025915115 vertices=279 derivatives=true bad_derivatives=0 min_determinant=0.0019999675751 worst_dot=1.0
CAP MAPPING: mesh=shop_clerestories_storm_shop_shoe_rebuilding_borrowed_sill__trim valid_basis=true max_uv_excess=0.00000047683716 widest=1.00043309162752 vertices=14514 derivatives=true bad_derivatives=0 min_determinant=0.0000000289043 worst_dot=0.99999958276749
SHOP CLERESTORIES: checks=1460 parts=32 triangles=60216 removed=1068 supports=251 failures=0
CAP MAPPING: mesh=shop_joinery_storm_shop_funeral_parlour_boh_door__brass_dull valid_basis=true max_uv_excess=0.00000008428469 widest=1.00007802572767 vertices=4135 derivatives=true bad_derivatives=0 min_determinant=0.00000232876278 worst_dot=0.99999988079071
CAP MAPPING: mesh=shop_joinery_storm_shop_funeral_parlour_boh_door__iron_blackened valid_basis=true max_uv_excess=0.00000007310882 widest=1.00032691062136 vertices=1495 derivatives=true bad_derivatives=0 min_determinant=0.0000000289043 worst_dot=0.99999982118607
CAP MAPPING: mesh=shop_joinery_storm_shop_funeral_parlour_boh_door__wood_dark valid_basis=true max_uv_excess=0.00000017881393 widest=1.00023621578176 vertices=23368 derivatives=true bad_derivatives=0 min_determinant=0.0000001156172 worst_dot=0.99999982118607
CAP MAPPING: mesh=shop_joinery_storm_shop_funeral_parlour_window_plinth__plywood valid_basis=true max_uv_excess=0.00000009231735 widest=1.00008930488926 vertices=528 derivatives=true bad_derivatives=0 min_determinant=0.00000046255356 worst_dot=0.99999988079071
CAP MAPPING: mesh=shop_joinery_storm_shop_funeral_parlour_window_plinth__wood_dark valid_basis=true max_uv_excess=0.00000011920929 widest=1.00011159238848 vertices=11156 derivatives=true bad_derivatives=0 min_determinant=0.00000046255592 worst_dot=0.99999988079071
CAP MAPPING: mesh=shop_joinery_storm_shop_hardware_paint_boh_door__brass_dull valid_basis=true max_uv_excess=0.00000008591451 widest=1.00009216507657 vertices=4151 derivatives=true bad_derivatives=0 min_determinant=0.00000232876278 worst_dot=0.99999988079071
CAP MAPPING: mesh=shop_joinery_storm_shop_hardware_paint_boh_door__iron_blackened valid_basis=true max_uv_excess=0.00000008061761 widest=1.00031190950436 vertices=1502 derivatives=true bad_derivatives=0 min_determinant=0.0000000289043 worst_dot=0.99999988079071
CAP MAPPING: mesh=shop_joinery_storm_shop_hardware_paint_boh_door__wood_dark valid_basis=true max_uv_excess=0.00000017881393 widest=1.00029525758337 vertices=23312 derivatives=true bad_derivatives=0 min_determinant=0.00000011559834 worst_dot=0.99999982118607
CAP MAPPING: mesh=shop_joinery_storm_shop_keys_cut_boh_door__brass_dull valid_basis=true max_uv_excess=0.00000008300412 widest=1.0000779070306 vertices=4135 derivatives=true bad_derivatives=0 min_determinant=0.00000232876278 worst_dot=0.99999988079071
CAP MAPPING: mesh=shop_joinery_storm_shop_keys_cut_boh_door__iron_blackened valid_basis=true max_uv_excess=0.00000007709605 widest=1.00031416867266 vertices=1495 derivatives=true bad_derivatives=0 min_determinant=0.00000002890415 worst_dot=0.99999988079071
CAP MAPPING: mesh=shop_joinery_storm_shop_keys_cut_boh_door__wood_dark valid_basis=true max_uv_excess=0.00000017881393 widest=1.00024160352114 vertices=23318 derivatives=true bad_derivatives=0 min_determinant=0.00000011559834 worst_dot=0.99999988079071
CAP MAPPING: mesh=shop_joinery_storm_shop_luncheonette_boh_door__brass_dull valid_basis=true max_uv_excess=0.00000008638017 widest=1.00010266184089 vertices=4151 derivatives=true bad_derivatives=0 min_determinant=0.0000023260925 worst_dot=0.99999988079071
CAP MAPPING: mesh=shop_joinery_storm_shop_luncheonette_boh_door__iron_blackened valid_basis=true max_uv_excess=0.00000008239294 widest=1.00033222404222 vertices=1478 derivatives=true bad_derivatives=0 min_determinant=0.0000000289043 worst_dot=0.99999988079071
CAP MAPPING: mesh=shop_joinery_storm_shop_luncheonette_boh_door__wood_dark valid_basis=true max_uv_excess=0.00000017881393 widest=1.00026198931593 vertices=23232 derivatives=true bad_derivatives=0 min_determinant=0.0000001156172 worst_dot=0.99999982118607
CAP MAPPING: mesh=shop_joinery_storm_shop_model_laundry_boh_door__brass_dull valid_basis=true max_uv_excess=0.0000000805594 widest=1.00007802572767 vertices=4151 derivatives=true bad_derivatives=0 min_determinant=0.00000232876278 worst_dot=0.99999988079071
CAP MAPPING: mesh=shop_joinery_storm_shop_model_laundry_boh_door__iron_blackened valid_basis=true max_uv_excess=0.00000008777715 widest=1.00035396431228 vertices=1477 derivatives=true bad_derivatives=0 min_determinant=0.0000000289043 worst_dot=0.99999988079071
CAP MAPPING: mesh=shop_joinery_storm_shop_model_laundry_boh_door__wood_dark valid_basis=true max_uv_excess=0.00000017881393 widest=1.00026923777996 vertices=23344 derivatives=true bad_derivatives=0 min_determinant=0.0000001156172 worst_dot=0.99999988079071
CAP MAPPING: mesh=shop_joinery_storm_shop_news_cigars_boh_door__brass_dull valid_basis=true max_uv_excess=0.000000086613 widest=1.00009366025619 vertices=4151 derivatives=true bad_derivatives=0 min_determinant=0.0000023260925 worst_dot=0.99999988079071
CAP MAPPING: mesh=shop_joinery_storm_shop_news_cigars_boh_door__iron_blackened valid_basis=true max_uv_excess=0.00000007680501 widest=1.00029592709451 vertices=1478 derivatives=true bad_derivatives=0 min_determinant=0.0000000289043 worst_dot=0.99999988079071
CAP MAPPING: mesh=shop_joinery_storm_shop_news_cigars_boh_door__wood_dark valid_basis=true max_uv_excess=0.00000017881393 widest=1.00026923777996 vertices=23262 derivatives=true bad_derivatives=0 min_determinant=0.00000011559834 worst_dot=0.99999988079071
CAP MAPPING: mesh=shop_joinery_storm_shop_otis___son_boh_door__brass_dull valid_basis=true max_uv_excess=0.00000008195639 widest=1.00010266184089 vertices=4149 derivatives=true bad_derivatives=0 min_determinant=0.0000023260925 worst_dot=0.99999988079071
CAP MAPPING: mesh=shop_joinery_storm_shop_otis___son_boh_door__iron_blackened valid_basis=true max_uv_excess=0.00000006624032 widest=1.0003234252333 vertices=1490 derivatives=true bad_derivatives=0 min_determinant=0.0000000289043 worst_dot=0.99999988079071
CAP MAPPING: mesh=shop_joinery_storm_shop_otis___son_boh_door__wood_dark valid_basis=true max_uv_excess=0.00000017881393 widest=1.00029082448742 vertices=23304 derivatives=true bad_derivatives=0 min_determinant=0.00000011559834 worst_dot=0.99999982118607
CAP MAPPING: mesh=shop_joinery_storm_shop_pawnbroker_boh_door__brass_dull valid_basis=true max_uv_excess=0.00000008614734 widest=1.00009637473982 vertices=4135 derivatives=true bad_derivatives=0 min_determinant=0.0000023260925 worst_dot=0.99999988079071
CAP MAPPING: mesh=shop_joinery_storm_shop_pawnbroker_boh_door__iron_blackened valid_basis=true max_uv_excess=0.00000007310882 widest=1.00028168009618 vertices=1506 derivatives=true bad_derivatives=0 min_determinant=0.00000002890194 worst_dot=0.99999988079071
CAP MAPPING: mesh=shop_joinery_storm_shop_pawnbroker_boh_door__wood_dark valid_basis=true max_uv_excess=0.00000017881393 widest=1.000269057053 vertices=23282 derivatives=true bad_derivatives=0 min_determinant=0.00000011559834 worst_dot=0.99999988079071
CAP MAPPING: mesh=shop_joinery_storm_shop_photo_supplies_boh_door__brass_dull valid_basis=true max_uv_excess=0.00000008568168 widest=1.00007461176506 vertices=4135 derivatives=true bad_derivatives=0 min_determinant=0.0000023260925 worst_dot=0.99999988079071
CAP MAPPING: mesh=shop_joinery_storm_shop_photo_supplies_boh_door__iron_blackened valid_basis=true max_uv_excess=0.00000006577466 widest=1.00034373388499 vertices=1491 derivatives=true bad_derivatives=0 min_determinant=0.0000000289043 worst_dot=0.99999988079071
CAP MAPPING: mesh=shop_joinery_storm_shop_photo_supplies_boh_door__wood_dark valid_basis=true max_uv_excess=0.00000017881393 widest=1.00029807336937 vertices=23294 derivatives=true bad_derivatives=0 min_determinant=0.00000011559834 worst_dot=0.99999982118607
CAP MAPPING: mesh=shop_joinery_storm_shop_radio_service_boh_door__brass_dull valid_basis=true max_uv_excess=0.00000008754432 widest=1.00006585230503 vertices=4155 derivatives=true bad_derivatives=0 min_determinant=0.0000023260925 worst_dot=0.99999988079071
CAP MAPPING: mesh=shop_joinery_storm_shop_radio_service_boh_door__iron_blackened valid_basis=true max_uv_excess=0.00000007339986 widest=1.00031249178753 vertices=1474 derivatives=true bad_derivatives=0 min_determinant=0.0000000289043 worst_dot=0.99999988079071
CAP MAPPING: mesh=shop_joinery_storm_shop_radio_service_boh_door__wood_dark valid_basis=true max_uv_excess=0.00000017881393 widest=1.00026198931593 vertices=23356 derivatives=true bad_derivatives=0 min_determinant=0.0000001156172 worst_dot=0.99999988079071
CAP MAPPING: mesh=shop_joinery_storm_shop_shoe_rebuilding_boh_door__brass_dull valid_basis=true max_uv_excess=0.00000008172356 widest=1.00007908512222 vertices=4151 derivatives=true bad_derivatives=0 min_determinant=0.00000232876278 worst_dot=0.99999988079071
CAP MAPPING: mesh=shop_joinery_storm_shop_shoe_rebuilding_boh_door__iron_blackened valid_basis=true max_uv_excess=0.00000006650225 widest=1.00034373388499 vertices=1487 derivatives=true bad_derivatives=0 min_determinant=0.0000000289043 worst_dot=0.99999988079071
CAP MAPPING: mesh=shop_joinery_storm_shop_shoe_rebuilding_boh_door__wood_dark valid_basis=true max_uv_excess=0.00000017881393 widest=1.00022146751393 vertices=23324 derivatives=true bad_derivatives=0 min_determinant=0.00000011559834 worst_dot=0.99999988079071
SHOP JOINERY: checks=806 parts=35 triangles=120440 removed=288 supports=50 failures=0
CAP MAPPING: mesh=diner_counter_storm_shop_luncheonette_counter__chrome valid_basis=true max_uv_excess=0.00000003352761 widest=1.0000167638036 vertices=120 derivatives=true bad_derivatives=0 min_determinant=0.00011793521116 worst_dot=1.0
CAP MAPPING: mesh=diner_counter_storm_shop_luncheonette_counter__countertop valid_basis=true max_uv_excess=0.00000023841858 widest=1.00035459718884 vertices=536 derivatives=true bad_derivatives=0 min_determinant=0.000000074041 worst_dot=0.99999976158142
CAP MAPPING: mesh=diner_counter_storm_shop_luncheonette_counter__timber valid_basis=true max_uv_excess=0.00000012043165 widest=1.00026923777996 vertices=10448 derivatives=true bad_derivatives=0 min_determinant=0.00000011562012 worst_dot=0.99999988079071
CAP MAPPING: mesh=diner_counter_storm_shop_luncheonette_ledger__paper valid_basis=true max_uv_excess=0.00000004709 widest=1.00011868496762 vertices=492 derivatives=true bad_derivatives=0 min_determinant=0.00000007402591 worst_dot=0.99999988079071
CAP MAPPING: mesh=diner_counter_storm_shop_luncheonette_ledger__paper__cover valid_basis=true max_uv_excess=0.00000008172356 widest=1.00031485891898 vertices=1520 derivatives=true bad_derivatives=0 min_determinant=0.0000000289043 worst_dot=0.99999988079071
DINER COUNTER: checks=136 parts=5 triangles=4760 removed=48 supports=8 failures=0
CAP MAPPING: mesh=diner_till_storm_shop_luncheonette_cigar_case__brass_dull valid_basis=true max_uv_excess=0.00000007892959 widest=1.00024709439404 vertices=4128 derivatives=true bad_derivatives=0 min_determinant=0.00000005666249 worst_dot=0.99999988079071
CAP MAPPING: mesh=diner_till_storm_shop_luncheonette_cigar_case__glassish valid_basis=true max_uv_excess=0.00000011920929 widest=1.00000018062018 vertices=120 derivatives=true bad_derivatives=0 min_determinant=0.00124790921404 worst_dot=1.0
CAP MAPPING: mesh=diner_till_storm_shop_luncheonette_cigar_case__timber valid_basis=true max_uv_excess=0.00000010809163 widest=1.00025034375639 vertices=2612 derivatives=true bad_derivatives=0 min_determinant=0.00000007401081 worst_dot=0.99999988079071
CAP MAPPING: mesh=diner_till_storm_shop_luncheonette_register__bakelite_black valid_basis=true max_uv_excess=0.00000006594928 widest=1.00012719468364 vertices=10551 derivatives=true bad_derivatives=0 min_determinant=0.00000011567963 worst_dot=0.99999988079071
CAP MAPPING: mesh=diner_till_storm_shop_luncheonette_register__brass_dull valid_basis=true max_uv_excess=0.00000006577466 widest=1.00010065913024 vertices=10347 derivatives=true bad_derivatives=0 min_determinant=0.00000005477432 worst_dot=0.99999988079071
CAP MAPPING: mesh=diner_till_storm_shop_luncheonette_register__nickel_plated valid_basis=true max_uv_excess=0.00000008940697 widest=1.00025909221546 vertices=6850 derivatives=true bad_derivatives=0 min_determinant=0.00000005638189 worst_dot=0.99999988079071
CAP MAPPING: mesh=diner_till_storm_shop_luncheonette_register__timber valid_basis=true max_uv_excess=0.00000007660128 widest=1.00016468508072 vertices=486 derivatives=true bad_derivatives=0 min_determinant=0.00000011510466 worst_dot=0.99999988079071
DINER TILL: checks=130 parts=7 triangles=16992 removed=24 supports=8 failures=0
CAP MAPPING: mesh=hardware_tools_storm_shop_hardware_paint_glass_rack__brass_dull valid_basis=true max_uv_excess=0.00000004563481 widest=1.00001744249583 vertices=336 derivatives=true bad_derivatives=0 min_determinant=0.00000089251711 worst_dot=0.99999994039536
CAP MAPPING: mesh=hardware_tools_storm_shop_hardware_paint_glass_rack__glassish valid_basis=true max_uv_excess=0.0 widest=1.0 vertices=120 derivatives=true bad_derivatives=0 min_determinant=0.00551696751609 worst_dot=1.0
CAP MAPPING: mesh=hardware_tools_storm_shop_hardware_paint_glass_rack__metal valid_basis=true max_uv_excess=0.00000008119969 widest=1.00015708077927 vertices=683 derivatives=true bad_derivatives=0 min_determinant=0.00000011564841 worst_dot=0.99999994039536
CAP MAPPING: mesh=hardware_tools_storm_shop_hardware_paint_glass_rack__timber valid_basis=true max_uv_excess=0.00000012526289 widest=1.00022398176975 vertices=13478 derivatives=true bad_derivatives=0 min_determinant=0.00000011563898 worst_dot=0.99999988079071
CAP MAPPING: mesh=hardware_tools_storm_shop_hardware_paint_ladder_r0__timber valid_basis=true max_uv_excess=0.00000023841858 widest=1.00002056570807 vertices=1369 derivatives=true bad_derivatives=0 min_determinant=0.00000508332141 worst_dot=0.99999988079071
CAP MAPPING: mesh=hardware_tools_storm_shop_hardware_paint_tool_board__brass_dull valid_basis=true max_uv_excess=0.00000005238689 widest=1.00002117555538 vertices=355 derivatives=true bad_derivatives=0 min_determinant=0.00000112359658 worst_dot=1.0
CAP MAPPING: mesh=hardware_tools_storm_shop_hardware_paint_tool_board__metal valid_basis=true max_uv_excess=0.00000008183997 widest=1.00014611330206 vertices=4869 derivatives=true bad_derivatives=0 min_determinant=0.00000011566548 worst_dot=0.99999988079071
CAP MAPPING: mesh=hardware_tools_storm_shop_hardware_paint_tool_board__plywood valid_basis=true max_uv_excess=0.00000023841858 widest=1.00016898151788 vertices=526 derivatives=true bad_derivatives=0 min_determinant=0.00000011563606 worst_dot=0.99999988079071
CAP MAPPING: mesh=hardware_tools_storm_shop_hardware_paint_tool_board__soot valid_basis=true max_uv_excess=0.00000010430813 widest=1.00000136396852 vertices=450 derivatives=true bad_derivatives=0 min_determinant=0.00001230730413 worst_dot=1.0
CAP MAPPING: mesh=hardware_tools_storm_shop_hardware_paint_tool_board__soot__vacant valid_basis=true max_uv_excess=0.00000005587935 widest=1.00000106758724 vertices=76 derivatives=true bad_derivatives=0 min_determinant=0.00004219679795 worst_dot=1.0
CAP MAPPING: mesh=hardware_tools_storm_shop_hardware_paint_tool_board__timber valid_basis=true max_uv_excess=0.00000010308577 widest=1.00026641708682 vertices=5538 derivatives=true bad_derivatives=0 min_determinant=0.0000001156419 worst_dot=0.99999988079071
HARDWARE TOOLS: checks=254 parts=11 triangles=10976 removed=408 supports=12 failures=0
CAP MAPPING: mesh=photo_cameras_storm_shop_photo_supplies_camera_body0__bakelite_black valid_basis=true max_uv_excess=0.00000007683411 widest=1.00007746029749 vertices=2310 derivatives=true bad_derivatives=0 min_determinant=0.00000046262778 worst_dot=0.99999988079071
CAP MAPPING: mesh=photo_cameras_storm_shop_photo_supplies_camera_body0__brass_dull valid_basis=true max_uv_excess=0.00000007636845 widest=1.00016986487261 vertices=3388 derivatives=true bad_derivatives=0 min_determinant=0.00000011567019 worst_dot=0.99999988079071
CAP MAPPING: mesh=photo_cameras_storm_shop_photo_supplies_camera_body1__bakelite_black valid_basis=true max_uv_excess=0.00000006146729 widest=1.00004877724419 vertices=1908 derivatives=true bad_derivatives=0 min_determinant=0.00000046261834 worst_dot=0.99999988079071
CAP MAPPING: mesh=photo_cameras_storm_shop_photo_supplies_camera_body1__brass_dull valid_basis=true max_uv_excess=0.00000008288771 widest=1.00001406224776 vertices=1888 derivatives=true bad_derivatives=0 min_determinant=0.00000142495992 worst_dot=0.99999988079071
CAP MAPPING: mesh=photo_cameras_storm_shop_photo_supplies_camera_body2__bakelite_black valid_basis=true max_uv_excess=0.00000008579809 widest=1.00012135352606 vertices=2818 derivatives=true bad_derivatives=0 min_determinant=0.00000011566769 worst_dot=0.99999988079071
CAP MAPPING: mesh=photo_cameras_storm_shop_photo_supplies_camera_body2__brass_dull valid_basis=true max_uv_excess=0.00000007351628 widest=1.00017496098816 vertices=3900 derivatives=true bad_derivatives=0 min_determinant=0.00000011563898 worst_dot=0.99999988079071
CAP MAPPING: mesh=photo_cameras_storm_shop_photo_supplies_window_plinth__plywood valid_basis=true max_uv_excess=0.00000023841858 widest=1.00019232378821 vertices=526 derivatives=true bad_derivatives=0 min_determinant=0.00000011563134 worst_dot=0.99999982118607
CAP MAPPING: mesh=photo_cameras_storm_shop_photo_supplies_window_plinth__timber valid_basis=true max_uv_excess=0.00000011920929 widest=1.00017923279911 vertices=6184 derivatives=true bad_derivatives=0 min_determinant=0.00000011562012 worst_dot=0.99999982118607
PHOTO CAMERAS: checks=168 parts=8 triangles=10016 removed=96 supports=7 failures=0
CAP MAPPING: mesh=photo_counter_storm_shop_photo_supplies_counter__brass_dull valid_basis=true max_uv_excess=0.00000023841858 widest=1.00033740190182 vertices=540 derivatives=true bad_derivatives=0 min_determinant=0.00000001849399 worst_dot=0.99999976158142
CAP MAPPING: mesh=photo_counter_storm_shop_photo_supplies_counter__glassish valid_basis=true max_uv_excess=0.00000005960464 widest=1.00000009613639 vertices=96 derivatives=true bad_derivatives=0 min_determinant=0.00144720454409 worst_dot=1.0
CAP MAPPING: mesh=photo_counter_storm_shop_photo_supplies_counter__timber valid_basis=true max_uv_excess=0.00000023841858 widest=1.00032129896833 vertices=11508 derivatives=true bad_derivatives=0 min_determinant=0.00000011562955 worst_dot=0.99999964237213
CAP MAPPING: mesh=photo_counter_storm_shop_photo_supplies_ledger__paper valid_basis=true max_uv_excess=0.0000000714208 widest=1.00013817077435 vertices=512 derivatives=true bad_derivatives=0 min_determinant=0.00000011567019 worst_dot=0.99999994039536
CAP MAPPING: mesh=photo_counter_storm_shop_photo_supplies_ledger__paper__cover valid_basis=true max_uv_excess=0.00000007706694 widest=1.00031966132146 vertices=1528 derivatives=true bad_derivatives=0 min_determinant=0.00000002890607 worst_dot=0.99999988079071
PHOTO COUNTER: checks=124 parts=5 triangles=5124 removed=48 supports=5 failures=0
CAP MAPPING: mesh=photo_enlargers_storm_shop_photo_supplies_enl0__dark valid_basis=true max_uv_excess=0.00000004842877 widest=1.00001609797475 vertices=606 derivatives=true bad_derivatives=0 min_determinant=0.00000118070784 worst_dot=0.99999988079071
CAP MAPPING: mesh=photo_enlargers_storm_shop_photo_supplies_enl0__metal valid_basis=true max_uv_excess=0.00000008195639 widest=1.0000809818759 vertices=4604 derivatives=true bad_derivatives=0 min_determinant=0.00000031876607 worst_dot=0.99999988079071
CAP MAPPING: mesh=photo_enlargers_storm_shop_photo_supplies_enl0__trim valid_basis=true max_uv_excess=0.00000003259629 widest=1.00000336619865 vertices=579 derivatives=true bad_derivatives=0 min_determinant=0.0002157495716 worst_dot=0.99999994039536
CAP MAPPING: mesh=photo_enlargers_storm_shop_photo_supplies_enl1__dark valid_basis=true max_uv_excess=0.00000004842877 widest=1.00001609797475 vertices=594 derivatives=true bad_derivatives=0 min_determinant=0.00000118070784 worst_dot=0.99999994039536
CAP MAPPING: mesh=photo_enlargers_storm_shop_photo_supplies_enl1__metal valid_basis=true max_uv_excess=0.0000000782311 widest=1.00006959040977 vertices=4596 derivatives=true bad_derivatives=0 min_determinant=0.00000031876607 worst_dot=0.99999988079071
CAP MAPPING: mesh=photo_enlargers_storm_shop_photo_supplies_enl1__trim valid_basis=true max_uv_excess=0.00000003632158 widest=1.0000027768488 vertices=585 derivatives=true bad_derivatives=0 min_determinant=0.00021575046566 worst_dot=0.99999988079071
CAP MAPPING: mesh=photo_enlargers_storm_shop_photo_supplies_enl2__dark valid_basis=true max_uv_excess=0.00000004842877 widest=1.00001609797475 vertices=600 derivatives=true bad_derivatives=0 min_determinant=0.00000118070784 worst_dot=0.99999988079071
CAP MAPPING: mesh=photo_enlargers_storm_shop_photo_supplies_enl2__metal valid_basis=true max_uv_excess=0.00000008218922 widest=1.00008285977485 vertices=4616 derivatives=true bad_derivatives=0 min_determinant=0.00000031876607 worst_dot=0.99999988079071
CAP MAPPING: mesh=photo_enlargers_storm_shop_photo_supplies_enl2__trim valid_basis=true max_uv_excess=0.00000002421439 widest=1.00000323620616 vertices=579 derivatives=true bad_derivatives=0 min_determinant=0.00021575046566 worst_dot=0.99999988079071
CAP MAPPING: mesh=photo_enlargers_storm_shop_photo_supplies_enl_shelf__timber valid_basis=true max_uv_excess=0.0000001185108 widest=1.00011947579934 vertices=3602 derivatives=true bad_derivatives=0 min_determinant=0.00000046251819 worst_dot=0.99999988079071
PHOTO ENLARGERS: checks=160 parts=10 triangles=8732 removed=48 supports=9 failures=0
CAP MAPPING: mesh=photo_portraits_storm_shop_photo_supplies_portrait0__iron valid_basis=true max_uv_excess=0.00000006580376 widest=1.00054065446864 vertices=1022 derivatives=true bad_derivatives=0 min_determinant=0.00000001040371 worst_dot=0.99999976158142
CAP MAPPING: mesh=photo_portraits_storm_shop_photo_supplies_portrait0__paper valid_basis=true max_uv_excess=0.0 widest=1.0 vertices=20 derivatives=true bad_derivatives=0 min_determinant=0.0004800410461 worst_dot=1.0
CAP MAPPING: mesh=photo_portraits_storm_shop_photo_supplies_portrait1__iron valid_basis=true max_uv_excess=0.00000006634218 widest=1.00051661886919 vertices=1024 derivatives=true bad_derivatives=0 min_determinant=0.00000001040265 worst_dot=0.99999988079071
CAP MAPPING: mesh=photo_portraits_storm_shop_photo_supplies_portrait1__paper valid_basis=true max_uv_excess=0.0 widest=1.0 vertices=20 derivatives=true bad_derivatives=0 min_determinant=0.0004800410461 worst_dot=1.0
CAP MAPPING: mesh=photo_portraits_storm_shop_photo_supplies_portrait2__iron valid_basis=true max_uv_excess=0.00000006580376 widest=1.00051661886919 vertices=1028 derivatives=true bad_derivatives=0 min_determinant=0.00000001040336 worst_dot=0.99999970197678
CAP MAPPING: mesh=photo_portraits_storm_shop_photo_supplies_portrait2__paper valid_basis=true max_uv_excess=0.0 widest=1.0 vertices=20 derivatives=true bad_derivatives=0 min_determinant=0.0004800410461 worst_dot=1.0
CAP MAPPING: mesh=photo_portraits_storm_shop_photo_supplies_portrait3__iron valid_basis=true max_uv_excess=0.00000007393828 widest=1.00047477714861 vertices=1022 derivatives=true bad_derivatives=0 min_determinant=0.00000001040265 worst_dot=0.99999976158142
CAP MAPPING: mesh=photo_portraits_storm_shop_photo_supplies_portrait3__paper valid_basis=true max_uv_excess=0.0 widest=1.0 vertices=20 derivatives=true bad_derivatives=0 min_determinant=0.0004800410461 worst_dot=1.0
CAP MAPPING: mesh=photo_portraits_storm_shop_photo_supplies_portrait4__iron valid_basis=true max_uv_excess=0.00000006795744 widest=1.00061988441877 vertices=1036 derivatives=true bad_derivatives=0 min_determinant=0.00000001040124 worst_dot=0.99999982118607
CAP MAPPING: mesh=photo_portraits_storm_shop_photo_supplies_portrait4__paper valid_basis=true max_uv_excess=0.00000002980232 widest=1.0000001192093 vertices=20 derivatives=true bad_derivatives=0 min_determinant=0.00048005249118 worst_dot=1.0
CAP MAPPING: mesh=photo_portraits_storm_shop_photo_supplies_portrait5__iron valid_basis=true max_uv_excess=0.00000008304778 widest=1.00053539578761 vertices=1032 derivatives=true bad_derivatives=0 min_determinant=0.00000001040972 worst_dot=0.99999982118607
CAP MAPPING: mesh=photo_portraits_storm_shop_photo_supplies_portrait5__paper valid_basis=true max_uv_excess=0.00000002980232 widest=1.0000001192093 vertices=20 derivatives=true bad_derivatives=0 min_determinant=0.0004800410461 worst_dot=1.0
CAP MAPPING: mesh=photo_portraits_storm_shop_photo_supplies_portrait6__iron valid_basis=true max_uv_excess=0.00000006843766 widest=1.00047691457376 vertices=1046 derivatives=true bad_derivatives=0 min_determinant=0.00000001040901 worst_dot=0.99999988079071
CAP MAPPING: mesh=photo_portraits_storm_shop_photo_supplies_portrait6__paper valid_basis=true max_uv_excess=0.00000005960464 widest=1.00000020081323 vertices=20 derivatives=true bad_derivatives=0 min_determinant=0.0004800410461 worst_dot=1.0
CAP MAPPING: mesh=photo_portraits_storm_shop_photo_supplies_portrait_rail__iron valid_basis=true max_uv_excess=0.00000005465699 widest=1.00006991890078 vertices=432 derivatives=true bad_derivatives=0 min_determinant=0.00000023355824 worst_dot=1.0
CAP MAPPING: mesh=photo_portraits_storm_shop_photo_supplies_portrait_rail__wood valid_basis=true max_uv_excess=0.00000009988435 widest=1.00020968242231 vertices=2456 derivatives=true bad_derivatives=0 min_determinant=0.0000001156419 worst_dot=0.99999988079071
CAP MAPPING: mesh=photo_stock_storm_shop_photo_supplies_box0__paper__book_ochre valid_basis=true max_uv_excess=0.00000008041388 widest=1.00032691062136 vertices=3006 derivatives=true bad_derivatives=0 min_determinant=0.0000000289043 worst_dot=0.99999988079071
CAP MAPPING: mesh=photo_stock_storm_shop_photo_supplies_box1__paper__book_teal valid_basis=true max_uv_excess=0.00000008166535 widest=1.00031596202781 vertices=3034 derivatives=true bad_derivatives=0 min_determinant=0.00000002890577 worst_dot=0.99999988079071
CAP MAPPING: mesh=photo_stock_storm_shop_photo_supplies_box2__paper__lacquer_red valid_basis=true max_uv_excess=0.00000008166535 widest=1.00032691062136 vertices=3034 derivatives=true bad_derivatives=0 min_determinant=0.00000002890666 worst_dot=0.99999988079071
CAP MAPPING: mesh=photo_stock_storm_shop_photo_supplies_box3__paper__book_ochre valid_basis=true max_uv_excess=0.00000008166535 widest=1.00031596202781 vertices=3034 derivatives=true bad_derivatives=0 min_determinant=0.0000000289043 worst_dot=0.99999988079071
CAP MAPPING: mesh=photo_stock_storm_shop_photo_supplies_box4__paper__book_teal valid_basis=true max_uv_excess=0.00000008472125 widest=1.00035070191747 vertices=3040 derivatives=true bad_derivatives=0 min_determinant=0.0000000289043 worst_dot=0.99999988079071
CAP MAPPING: mesh=photo_stock_storm_shop_photo_supplies_box5__paper__lacquer_red valid_basis=true max_uv_excess=0.00000008349889 widest=1.00032691062136 vertices=3036 derivatives=true bad_derivatives=0 min_determinant=0.0000000289043 worst_dot=0.99999988079071
CAP MAPPING: mesh=photo_stock_storm_shop_photo_supplies_box6__paper__book_ochre valid_basis=true max_uv_excess=0.00000008504139 widest=1.00032743177654 vertices=3020 derivatives=true bad_derivatives=0 min_determinant=0.00000002890577 worst_dot=0.99999988079071
CAP MAPPING: mesh=photo_stock_storm_shop_photo_supplies_box7__paper__book_teal valid_basis=true max_uv_excess=0.00000008288771 widest=1.00032691062136 vertices=3042 derivatives=true bad_derivatives=0 min_determinant=0.0000000289043 worst_dot=0.99999988079071
CAP MAPPING: mesh=photo_stock_storm_shop_photo_supplies_box8__paper__lacquer_red valid_basis=true max_uv_excess=0.00000008166535 widest=1.00032743177654 vertices=3046 derivatives=true bad_derivatives=0 min_determinant=0.0000000289043 worst_dot=0.99999988079071
CAP MAPPING: mesh=photo_stock_storm_shop_photo_supplies_box9__paper__book_ochre valid_basis=true max_uv_excess=0.00000007968629 widest=1.00035070191747 vertices=3032 derivatives=true bad_derivatives=0 min_determinant=0.0000000289043 worst_dot=0.99999988079071
CAP MAPPING: mesh=photo_stock_storm_shop_photo_supplies_box10__paper__book_teal valid_basis=true max_uv_excess=0.00000008166535 widest=1.00032743177654 vertices=3042 derivatives=true bad_derivatives=0 min_determinant=0.0000000289043 worst_dot=0.99999988079071
CAP MAPPING: mesh=photo_stock_storm_shop_photo_supplies_box11__paper__lacquer_red valid_basis=true max_uv_excess=0.00000008603092 widest=1.00032691062136 vertices=3036 derivatives=true bad_derivatives=0 min_determinant=0.0000000289043 worst_dot=0.99999988079071
CAP MAPPING: mesh=photo_stock_storm_shop_photo_supplies_box12__paper__book_ochre valid_basis=true max_uv_excess=0.00000008076313 widest=1.00032567139064 vertices=3050 derivatives=true bad_derivatives=0 min_determinant=0.0000000289043 worst_dot=0.99999988079071
CAP MAPPING: mesh=photo_stock_storm_shop_photo_supplies_box13__paper__book_teal valid_basis=true max_uv_excess=0.00000007965718 widest=1.00035070191747 vertices=3040 derivatives=true bad_derivatives=0 min_determinant=0.00000002890585 worst_dot=0.99999988079071
CAP MAPPING: mesh=photo_stock_storm_shop_photo_supplies_box14__paper__lacquer_red valid_basis=true max_uv_excess=0.00000008119969 widest=1.00032743177654 vertices=3040 derivatives=true bad_derivatives=0 min_determinant=0.0000000289043 worst_dot=0.99999988079071
CAP MAPPING: mesh=photo_stock_storm_shop_photo_supplies_cab_sh0__timber valid_basis=true max_uv_excess=0.00000023841858 widest=1.00019424686942 vertices=5809 derivatives=true bad_derivatives=0 min_determinant=0.0000001156419 worst_dot=0.99999982118607
PHOTO STOCK: checks=287 parts=16 triangles=18988 removed=240 supports=19 failures=0
CAP MAPPING: mesh=radio_wire_storm_shop_radio_service_aerial_spools__cast_iron valid_basis=true max_uv_excess=0.00000005960464 widest=1.00001423890671 vertices=637 derivatives=true bad_derivatives=0 min_determinant=0.0000007225201 worst_dot=0.99999988079071
CAP MAPPING: mesh=radio_wire_storm_shop_radio_service_aerial_spools__copper_aged valid_basis=true max_uv_excess=0.00000008568168 widest=1.00004065172131 vertices=60054 derivatives=true bad_derivatives=0 min_determinant=0.00000259344017 worst_dot=0.99999988079071
CAP MAPPING: mesh=radio_wire_storm_shop_radio_service_aerial_spools__timber valid_basis=true max_uv_excess=0.00000008381903 widest=1.00010320903652 vertices=11544 derivatives=true bad_derivatives=0 min_determinant=0.00000046262126 worst_dot=0.99999982118607
CAP MAPPING: mesh=radio_wire_storm_shop_radio_service_solder_ring__cast_iron valid_basis=true max_uv_excess=0.00000008568168 widest=1.0000772257234 vertices=6574 derivatives=true bad_derivatives=0 min_determinant=0.00000046262778 worst_dot=0.99999988079071
RADIO WIRE: checks=115 parts=4 triangles=30108 removed=24 supports=8 failures=0
CAP MAPPING: mesh=laundry_trade_storm_shop_model_laundry_bench__timber valid_basis=true max_uv_excess=0.00000008405186 widest=1.00008473748749 vertices=5448 derivatives=true bad_derivatives=0 min_determinant=0.00000046259948 worst_dot=0.99999988079071
CAP MAPPING: mesh=laundry_trade_storm_shop_model_laundry_counter__brass_dull valid_basis=true max_uv_excess=0.00000007989001 widest=1.00030915755074 vertices=1361 derivatives=true bad_derivatives=0 min_determinant=0.00000002891873 worst_dot=0.99999988079071
CAP MAPPING: mesh=laundry_trade_storm_shop_model_laundry_counter__countertop valid_basis=true max_uv_excess=0.00000023841858 widest=1.00006328514779 vertices=1016 derivatives=true bad_derivatives=0 min_determinant=0.00000104100344 worst_dot=0.99999988079071
CAP MAPPING: mesh=laundry_trade_storm_shop_model_laundry_counter__wood_dark valid_basis=true max_uv_excess=0.00000012526289 widest=1.00014063520446 vertices=12358 derivatives=true bad_derivatives=0 min_determinant=0.00000046255592 worst_dot=0.99999988079071
CAP MAPPING: mesh=laundry_trade_storm_shop_model_laundry_ledger__paper valid_basis=true max_uv_excess=0.00000005960464 widest=1.00014971249626 vertices=513 derivatives=true bad_derivatives=0 min_determinant=0.00000011567019 worst_dot=0.99999988079071
CAP MAPPING: mesh=laundry_trade_storm_shop_model_laundry_ledger__wood_dark valid_basis=true max_uv_excess=0.00000008905772 widest=1.00008614489436 vertices=1526 derivatives=true bad_derivatives=0 min_determinant=0.00000046259948 worst_dot=0.99999982118607
CAP MAPPING: mesh=laundry_trade_storm_shop_model_laundry_parcel_shelf0__timber valid_basis=true max_uv_excess=0.00000047683716 widest=1.0001104567678 vertices=14295 derivatives=true bad_derivatives=0 min_determinant=0.00000046255007 worst_dot=0.99999982118607
CAP MAPPING: mesh=laundry_trade_storm_shop_model_laundry_pencil__iron_blackened valid_basis=true max_uv_excess=0.00000004190952 widest=1.00000872814448 vertices=24 derivatives=true bad_derivatives=0 min_determinant=0.00001994872855 worst_dot=0.99999994039536
CAP MAPPING: mesh=laundry_trade_storm_shop_model_laundry_pencil__timber valid_basis=true max_uv_excess=0.00000003911555 widest=1.00000814950697 vertices=36 derivatives=true bad_derivatives=0 min_determinant=0.00001994872855 worst_dot=1.0
CAP MAPPING: mesh=laundry_trade_storm_shop_model_laundry_ticket_rail__iron_blackened valid_basis=true max_uv_excess=0.00000008300412 widest=1.00017296072772 vertices=1916 derivatives=true bad_derivatives=0 min_determinant=0.00000011566548 worst_dot=0.99999988079071
CAP MAPPING: mesh=laundry_trade_storm_shop_model_laundry_ticket_rail__linen valid_basis=true max_uv_excess=0.00000007916242 widest=1.00006841574266 vertices=3744 derivatives=true bad_derivatives=0 min_determinant=0.00000175180395 worst_dot=0.99999988079071
CAP MAPPING: mesh=laundry_trade_storm_shop_model_laundry_ticket_rail__paper valid_basis=true max_uv_excess=0.00000006891787 widest=1.00000416362319 vertices=550 derivatives=true bad_derivatives=0 min_determinant=0.00002483064043 worst_dot=1.0
CAP MAPPING: mesh=laundry_trade_storm_shop_model_laundry_window_plinth__plywood valid_basis=true max_uv_excess=0.00000008521602 widest=1.00010704471291 vertices=516 derivatives=true bad_derivatives=0 min_determinant=0.00000046255592 worst_dot=0.99999988079071
CAP MAPPING: mesh=laundry_trade_storm_shop_model_laundry_window_plinth__wood_dark valid_basis=true max_uv_excess=0.00000011461088 widest=1.00015680108584 vertices=11194 derivatives=true bad_derivatives=0 min_determinant=0.00000046255592 worst_dot=0.99999988079071
LAUNDRY TRADE: checks=311 parts=14 triangles=20218 removed=312 supports=29 failures=0
CAP MAPPING: mesh=laundry_fittings_storm_shop_model_laundry_iron_pad__linen valid_basis=true max_uv_excess=0.00000006891787 widest=1.00000504410929 vertices=488 derivatives=true bad_derivatives=0 min_determinant=0.00007230604069 worst_dot=0.99999994039536
CAP MAPPING: mesh=laundry_fittings_storm_shop_model_laundry_iron_table__timber valid_basis=true max_uv_excess=0.00000008102506 widest=1.00006639748595 vertices=4412 derivatives=true bad_derivatives=0 min_determinant=0.00000104017624 worst_dot=0.99999988079071
CAP MAPPING: mesh=laundry_fittings_storm_shop_model_laundry_parcel0_0__linen valid_basis=true max_uv_excess=0.00000008242205 widest=1.00046307559207 vertices=4048 derivatives=true bad_derivatives=0 min_determinant=0.00000001846266 worst_dot=0.99999988079071
CAP MAPPING: mesh=laundry_fittings_storm_shop_model_laundry_parcel0_1__linen valid_basis=true max_uv_excess=0.00000007660128 widest=1.00006727249035 vertices=2560 derivatives=true bad_derivatives=0 min_determinant=0.00000258131911 worst_dot=0.99999988079071
CAP MAPPING: mesh=laundry_fittings_storm_shop_model_laundry_parcel0_1__paper valid_basis=true max_uv_excess=0.00000007631024 widest=1.00041969334923 vertices=1468 derivatives=true bad_derivatives=0 min_determinant=0.00000001846643 worst_dot=0.99999982118607
CAP MAPPING: mesh=laundry_fittings_storm_shop_model_laundry_parcel0_2__linen valid_basis=true max_uv_excess=0.00000008707866 widest=1.0000768286014 vertices=2560 derivatives=true bad_derivatives=0 min_determinant=0.00000258131136 worst_dot=0.99999988079071
CAP MAPPING: mesh=laundry_fittings_storm_shop_model_laundry_parcel0_2__paper valid_basis=true max_uv_excess=0.00000007080962 widest=1.00041969334923 vertices=1468 derivatives=true bad_derivatives=0 min_determinant=0.00000001846455 worst_dot=0.99999982118607
CAP MAPPING: mesh=laundry_fittings_storm_shop_model_laundry_parcel0_3__linen valid_basis=true max_uv_excess=0.00000008451752 widest=1.00050665683601 vertices=4052 derivatives=true bad_derivatives=0 min_determinant=0.00000001846643 worst_dot=0.99999982118607
CAP MAPPING: mesh=laundry_fittings_storm_shop_model_laundry_parcel0_4__linen valid_basis=true max_uv_excess=0.00000008824281 widest=1.00006986721369 vertices=2572 derivatives=true bad_derivatives=0 min_determinant=0.0000025812537 worst_dot=0.99999988079071
CAP MAPPING: mesh=laundry_fittings_storm_shop_model_laundry_parcel0_4__paper valid_basis=true max_uv_excess=0.00000007631024 widest=1.00050665683601 vertices=1484 derivatives=true bad_derivatives=0 min_determinant=0.00000001846266 worst_dot=0.99999982118607
CAP MAPPING: mesh=laundry_fittings_storm_shop_model_laundry_parcel0_5__linen valid_basis=true max_uv_excess=0.00000007566996 widest=1.00008157944924 vertices=2572 derivatives=true bad_derivatives=0 min_determinant=0.00000258132808 worst_dot=0.99999988079071
CAP MAPPING: mesh=laundry_fittings_storm_shop_model_laundry_parcel0_5__paper valid_basis=true max_uv_excess=0.00000007631024 widest=1.00048486621404 vertices=1482 derivatives=true bad_derivatives=0 min_determinant=0.00000001846549 worst_dot=0.99999976158142
CAP MAPPING: mesh=laundry_fittings_storm_shop_model_laundry_parcel0_6__linen valid_basis=true max_uv_excess=0.00000008242205 widest=1.00048486621404 vertices=4064 derivatives=true bad_derivatives=0 min_determinant=0.00000001846266 worst_dot=0.99999982118607
CAP MAPPING: mesh=laundry_fittings_storm_shop_model_laundry_parcel0_7__linen valid_basis=true max_uv_excess=0.00000008707866 widest=1.00007015197775 vertices=2574 derivatives=true bad_derivatives=0 min_determinant=0.00000258130469 worst_dot=0.99999988079071
CAP MAPPING: mesh=laundry_fittings_storm_shop_model_laundry_parcel0_7__paper valid_basis=true max_uv_excess=0.00000007631024 widest=1.00050665683601 vertices=1482 derivatives=true bad_derivatives=0 min_determinant=0.00000001846266 worst_dot=0.99999988079071
CAP MAPPING: mesh=laundry_fittings_storm_shop_model_laundry_parcel1_0__linen valid_basis=true max_uv_excess=0.00000007124618 widest=1.00006720920485 vertices=2560 derivatives=true bad_derivatives=0 min_determinant=0.00000258130692 worst_dot=0.99999988079071
CAP MAPPING: mesh=laundry_fittings_storm_shop_model_laundry_parcel1_0__paper valid_basis=true max_uv_excess=0.00000008345523 widest=1.00039906131871 vertices=1500 derivatives=true bad_derivatives=0 min_determinant=0.00000001847419 worst_dot=0.99999982118607
CAP MAPPING: mesh=laundry_fittings_storm_shop_model_laundry_parcel1_1__linen valid_basis=true max_uv_excess=0.00000007636845 widest=1.00006805496251 vertices=2560 derivatives=true bad_derivatives=0 min_determinant=0.00000258133404 worst_dot=0.99999988079071
CAP MAPPING: mesh=laundry_fittings_storm_shop_model_laundry_parcel1_1__paper valid_basis=true max_uv_excess=0.00000008345523 widest=1.00039906131871 vertices=1480 derivatives=true bad_derivatives=0 min_determinant=0.00000001847466 worst_dot=0.99999982118607
CAP MAPPING: mesh=laundry_fittings_storm_shop_model_laundry_parcel1_2__linen valid_basis=true max_uv_excess=0.00000008940697 widest=1.00036131821327 vertices=4040 derivatives=true bad_derivatives=0 min_determinant=0.00000001847136 worst_dot=0.99999988079071
CAP MAPPING: mesh=laundry_fittings_storm_shop_model_laundry_parcel1_3__linen valid_basis=true max_uv_excess=0.00000008335337 widest=1.00006777877438 vertices=2564 derivatives=true bad_derivatives=0 min_determinant=0.00000258130474 worst_dot=0.99999988079071
CAP MAPPING: mesh=laundry_fittings_storm_shop_model_laundry_parcel1_3__paper valid_basis=true max_uv_excess=0.00000007631024 widest=1.00036909105907 vertices=1500 derivatives=true bad_derivatives=0 min_determinant=0.00000001847325 worst_dot=0.99999982118607
CAP MAPPING: mesh=laundry_fittings_storm_shop_model_laundry_parcel1_4__linen valid_basis=true max_uv_excess=0.00000007450581 widest=1.00006727249035 vertices=2572 derivatives=true bad_derivatives=0 min_determinant=0.00000258128482 worst_dot=0.99999988079071
CAP MAPPING: mesh=laundry_fittings_storm_shop_model_laundry_parcel1_4__paper valid_basis=true max_uv_excess=0.00000007631024 widest=1.00036909105907 vertices=1496 derivatives=true bad_derivatives=0 min_determinant=0.00000001847325 worst_dot=0.99999982118607
CAP MAPPING: mesh=laundry_fittings_storm_shop_model_laundry_parcel1_5__linen valid_basis=true max_uv_excess=0.00000008940697 widest=1.00032006908573 vertices=4064 derivatives=true bad_derivatives=0 min_determinant=0.00000001847419 worst_dot=0.99999982118607
CAP MAPPING: mesh=laundry_fittings_storm_shop_model_laundry_parcel1_6__linen valid_basis=true max_uv_excess=0.00000008102506 widest=1.00007897422888 vertices=2576 derivatives=true bad_derivatives=0 min_determinant=0.00000258134952 worst_dot=0.99999988079071
CAP MAPPING: mesh=laundry_fittings_storm_shop_model_laundry_parcel1_6__paper valid_basis=true max_uv_excess=0.00000007631024 widest=1.00036909105907 vertices=1488 derivatives=true bad_derivatives=0 min_determinant=0.00000001847325 worst_dot=0.99999976158142
CAP MAPPING: mesh=laundry_fittings_storm_shop_model_laundry_parcel1_7__linen valid_basis=true max_uv_excess=0.00000008312054 widest=1.00007897422888 vertices=2574 derivatives=true bad_derivatives=0 min_determinant=0.00000258130474 worst_dot=0.99999988079071
CAP MAPPING: mesh=laundry_fittings_storm_shop_model_laundry_parcel1_7__paper valid_basis=true max_uv_excess=0.00000007631024 widest=1.00036909105907 vertices=1492 derivatives=true bad_derivatives=0 min_determinant=0.00000001847325 worst_dot=0.99999982118607
CAP MAPPING: mesh=laundry_fittings_storm_shop_model_laundry_parcel2_0__linen valid_basis=true max_uv_excess=0.00000007241033 widest=1.00007897422888 vertices=2568 derivatives=true bad_derivatives=0 min_determinant=0.00000258143848 worst_dot=0.99999988079071
CAP MAPPING: mesh=laundry_fittings_storm_shop_model_laundry_parcel2_0__paper valid_basis=true max_uv_excess=0.00000008048664 widest=1.00055033758051 vertices=1472 derivatives=true bad_derivatives=0 min_determinant=0.00000001846643 worst_dot=0.99999982118607
CAP MAPPING: mesh=laundry_fittings_storm_shop_model_laundry_parcel2_1__linen valid_basis=true max_uv_excess=0.00000008211646 widest=1.00043432567025 vertices=4024 derivatives=true bad_derivatives=0 min_determinant=0.00000001846266 worst_dot=0.99999988079071
CAP MAPPING: mesh=laundry_fittings_storm_shop_model_laundry_parcel2_2__linen valid_basis=true max_uv_excess=0.00000007241033 widest=1.00007897422888 vertices=2568 derivatives=true bad_derivatives=0 min_determinant=0.00000258144541 worst_dot=0.99999988079071
CAP MAPPING: mesh=laundry_fittings_storm_shop_model_laundry_parcel2_2__paper valid_basis=true max_uv_excess=0.00000007728522 widest=1.00052844745798 vertices=1456 derivatives=true bad_derivatives=0 min_determinant=0.00000001847325 worst_dot=0.99999982118607
CAP MAPPING: mesh=laundry_fittings_storm_shop_model_laundry_parcel2_3__linen valid_basis=true max_uv_excess=0.00000007450581 widest=1.00007897422888 vertices=2572 derivatives=true bad_derivatives=0 min_determinant=0.00000258140842 worst_dot=0.99999988079071
CAP MAPPING: mesh=laundry_fittings_storm_shop_model_laundry_parcel2_3__paper valid_basis=true max_uv_excess=0.00000007728522 widest=1.00052844745798 vertices=1472 derivatives=true bad_derivatives=0 min_determinant=0.00000001846643 worst_dot=0.99999982118607
CAP MAPPING: mesh=laundry_fittings_storm_shop_model_laundry_parcel2_4__linen valid_basis=true max_uv_excess=0.00000008211646 widest=1.00055033758051 vertices=4052 derivatives=true bad_derivatives=0 min_determinant=0.00000001846455 worst_dot=0.99999988079071
CAP MAPPING: mesh=laundry_fittings_storm_shop_model_laundry_parcel2_5__linen valid_basis=true max_uv_excess=0.00000007543713 widest=1.00007897422888 vertices=2580 derivatives=true bad_derivatives=0 min_determinant=0.00000258139294 worst_dot=0.99999988079071
CAP MAPPING: mesh=laundry_fittings_storm_shop_model_laundry_parcel2_5__paper valid_basis=true max_uv_excess=0.00000007743074 widest=1.00041969334923 vertices=1464 derivatives=true bad_derivatives=0 min_determinant=0.00000001846549 worst_dot=0.99999988079071
CAP MAPPING: mesh=laundry_fittings_storm_shop_model_laundry_parcel2_6__linen valid_basis=true max_uv_excess=0.00000007241033 widest=1.00007897422888 vertices=2584 derivatives=true bad_derivatives=0 min_determinant=0.00000258140619 worst_dot=0.99999988079071
CAP MAPPING: mesh=laundry_fittings_storm_shop_model_laundry_parcel2_6__paper valid_basis=true max_uv_excess=0.00000007546623 widest=1.00039463299132 vertices=1464 derivatives=true bad_derivatives=0 min_determinant=0.00000001846455 worst_dot=0.99999988079071
CAP MAPPING: mesh=laundry_fittings_storm_shop_model_laundry_parcel2_7__linen valid_basis=true max_uv_excess=0.00000008218922 widest=1.00041969334923 vertices=4050 derivatives=true bad_derivatives=0 min_determinant=0.00000001846266 worst_dot=0.99999982118607
CAP MAPPING: mesh=laundry_fittings_storm_shop_model_laundry_parcel3_0__linen valid_basis=true max_uv_excess=0.00000008242205 widest=1.00041969334923 vertices=4028 derivatives=true bad_derivatives=0 min_determinant=0.00000001847136 worst_dot=0.99999988079071
CAP MAPPING: mesh=laundry_fittings_storm_shop_model_laundry_parcel3_1__linen valid_basis=true max_uv_excess=0.00000008032657 widest=1.00007897422888 vertices=2560 derivatives=true bad_derivatives=0 min_determinant=0.00000258125403 worst_dot=0.99999988079071
CAP MAPPING: mesh=laundry_fittings_storm_shop_model_laundry_parcel3_1__paper valid_basis=true max_uv_excess=0.00000008211646 widest=1.00041969334923 vertices=1452 derivatives=true bad_derivatives=0 min_determinant=0.00000001846596 worst_dot=0.99999988079071
CAP MAPPING: mesh=laundry_fittings_storm_shop_model_laundry_parcel3_2__linen valid_basis=true max_uv_excess=0.00000007450581 widest=1.00007897422888 vertices=2560 derivatives=true bad_derivatives=0 min_determinant=0.00000258130112 worst_dot=0.99999988079071
CAP MAPPING: mesh=laundry_fittings_storm_shop_model_laundry_parcel3_2__paper valid_basis=true max_uv_excess=0.00000008211646 widest=1.00050665683601 vertices=1452 derivatives=true bad_derivatives=0 min_determinant=0.00000001846643 worst_dot=0.99999982118607
CAP MAPPING: mesh=laundry_fittings_storm_shop_model_laundry_parcel3_3__linen valid_basis=true max_uv_excess=0.00000007450581 widest=1.00036551172939 vertices=4032 derivatives=true bad_derivatives=0 min_determinant=0.00000001846643 worst_dot=0.99999988079071
CAP MAPPING: mesh=laundry_fittings_storm_shop_model_laundry_parcel3_4__linen valid_basis=true max_uv_excess=0.00000007241033 widest=1.00007897422888 vertices=2572 derivatives=true bad_derivatives=0 min_determinant=0.00000258130042 worst_dot=0.99999988079071
CAP MAPPING: mesh=laundry_fittings_storm_shop_model_laundry_parcel3_4__paper valid_basis=true max_uv_excess=0.00000008211646 widest=1.00041969334923 vertices=1468 derivatives=true bad_derivatives=0 min_determinant=0.00000001846266 worst_dot=0.99999982118607
CAP MAPPING: mesh=laundry_fittings_storm_shop_model_laundry_parcel3_5__linen valid_basis=true max_uv_excess=0.00000007241033 widest=1.00007897422888 vertices=2572 derivatives=true bad_derivatives=0 min_determinant=0.00000258130112 worst_dot=0.99999988079071
CAP MAPPING: mesh=laundry_fittings_storm_shop_model_laundry_parcel3_5__paper valid_basis=true max_uv_excess=0.00000008211646 widest=1.00052844745798 vertices=1460 derivatives=true bad_derivatives=0 min_determinant=0.00000001846266 worst_dot=0.99999982118607
CAP MAPPING: mesh=laundry_fittings_storm_shop_model_laundry_parcel3_6__linen valid_basis=true max_uv_excess=0.00000007743074 widest=1.00038815051863 vertices=4040 derivatives=true bad_derivatives=0 min_determinant=0.00000001846455 worst_dot=0.99999982118607
CAP MAPPING: mesh=laundry_fittings_storm_shop_model_laundry_parcel3_7__linen valid_basis=true max_uv_excess=0.00000007310882 widest=1.00007897422888 vertices=2574 derivatives=true bad_derivatives=0 min_determinant=0.00000258125963 worst_dot=0.99999988079071
CAP MAPPING: mesh=laundry_fittings_storm_shop_model_laundry_parcel3_7__paper valid_basis=true max_uv_excess=0.00000008211646 widest=1.00053401948917 vertices=1464 derivatives=true bad_derivatives=0 min_determinant=0.00000001846643 worst_dot=0.99999988079071
CAP MAPPING: mesh=laundry_fittings_storm_shop_model_laundry_parcel4_0__linen valid_basis=true max_uv_excess=0.00000006961636 widest=1.0000634810448 vertices=2560 derivatives=true bad_derivatives=0 min_determinant=0.00000258117104 worst_dot=0.99999988079071
CAP MAPPING: mesh=laundry_fittings_storm_shop_model_laundry_parcel4_0__paper valid_basis=true max_uv_excess=0.00000007743074 widest=1.00037028073 vertices=1472 derivatives=true bad_derivatives=0 min_determinant=0.00000001844903 worst_dot=0.99999988079071
CAP MAPPING: mesh=laundry_fittings_storm_shop_model_laundry_parcel4_1__linen valid_basis=true max_uv_excess=0.00000008218922 widest=1.00007897422888 vertices=2560 derivatives=true bad_derivatives=0 min_determinant=0.00000258125403 worst_dot=0.99999988079071
CAP MAPPING: mesh=laundry_fittings_storm_shop_model_laundry_parcel4_1__paper valid_basis=true max_uv_excess=0.00000006239861 widest=1.00037383985199 vertices=1456 derivatives=true bad_derivatives=0 min_determinant=0.00000001845585 worst_dot=0.99999982118607
CAP MAPPING: mesh=laundry_fittings_storm_shop_model_laundry_parcel4_2__linen valid_basis=true max_uv_excess=0.00000008130155 widest=1.00040914738431 vertices=4016 derivatives=true bad_derivatives=0 min_determinant=0.00000001844903 worst_dot=0.99999988079071
CAP MAPPING: mesh=laundry_fittings_storm_shop_model_laundry_parcel4_3__linen valid_basis=true max_uv_excess=0.00000008218922 widest=1.0000634810448 vertices=2564 derivatives=true bad_derivatives=0 min_determinant=0.00000258130112 worst_dot=0.99999988079071
CAP MAPPING: mesh=laundry_fittings_storm_shop_model_laundry_parcel4_3__paper valid_basis=true max_uv_excess=0.00000007699418 widest=1.00038747070169 vertices=1472 derivatives=true bad_derivatives=0 min_determinant=0.00000001844903 worst_dot=0.99999982118607
CAP MAPPING: mesh=laundry_fittings_storm_shop_model_laundry_parcel4_4__linen valid_basis=true max_uv_excess=0.00000007892959 widest=1.00007897422888 vertices=2572 derivatives=true bad_derivatives=0 min_determinant=0.00000258129972 worst_dot=0.99999988079071
CAP MAPPING: mesh=laundry_fittings_storm_shop_model_laundry_parcel4_4__paper valid_basis=true max_uv_excess=0.00000008130155 widest=1.00040914738431 vertices=1472 derivatives=true bad_derivatives=0 min_determinant=0.00000001844526 worst_dot=0.99999982118607
CAP MAPPING: mesh=laundry_fittings_storm_shop_model_laundry_parcel4_5__linen valid_basis=true max_uv_excess=0.00000008469215 widest=1.00040914738431 vertices=4036 derivatives=true bad_derivatives=0 min_determinant=0.00000001845396 worst_dot=0.99999982118607
CAP MAPPING: mesh=laundry_fittings_storm_shop_model_laundry_parcel4_6__linen valid_basis=true max_uv_excess=0.00000007194467 widest=1.00007436317748 vertices=2576 derivatives=true bad_derivatives=0 min_determinant=0.00000258122452 worst_dot=0.99999988079071
CAP MAPPING: mesh=laundry_fittings_storm_shop_model_laundry_parcel4_6__paper valid_basis=true max_uv_excess=0.00000007693598 widest=1.00037383985199 vertices=1464 derivatives=true bad_derivatives=0 min_determinant=0.00000001845585 worst_dot=0.99999982118607
CAP MAPPING: mesh=laundry_fittings_storm_shop_model_laundry_parcel4_7__linen valid_basis=true max_uv_excess=0.00000007473864 widest=1.00007897422888 vertices=2574 derivatives=true bad_derivatives=0 min_determinant=0.00000258130042 worst_dot=0.99999988079071
CAP MAPPING: mesh=laundry_fittings_storm_shop_model_laundry_parcel4_7__paper valid_basis=true max_uv_excess=0.0000000797445 widest=1.000398309043 vertices=1468 derivatives=true bad_derivatives=0 min_determinant=0.00000001845585 worst_dot=0.99999988079071
CAP MAPPING: mesh=laundry_fittings_storm_shop_model_laundry_rail__chrome valid_basis=true max_uv_excess=0.00000011920929 widest=1.00009180080513 vertices=1366 derivatives=true bad_derivatives=0 min_determinant=0.00000046387298 worst_dot=0.99999988079071
CAP MAPPING: mesh=laundry_fittings_storm_shop_model_laundry_shirt0__chrome valid_basis=true max_uv_excess=0.00000007404014 widest=1.00003952934646 vertices=846 derivatives=true bad_derivatives=0 min_determinant=0.00000200526847 worst_dot=0.99999988079071
CAP MAPPING: mesh=laundry_fittings_storm_shop_model_laundry_shirt0__linen valid_basis=true max_uv_excess=0.00000011920929 widest=1.00017099338191 vertices=5366 derivatives=true bad_derivatives=0 min_determinant=0.00000009973312 worst_dot=0.99999988079071
CAP MAPPING: mesh=laundry_fittings_storm_shop_model_laundry_shirt0__timber valid_basis=true max_uv_excess=0.00000006519258 widest=1.00003483582146 vertices=450 derivatives=true bad_derivatives=0 min_determinant=0.00000093204335 worst_dot=0.99999988079071
CAP MAPPING: mesh=laundry_fittings_storm_shop_model_laundry_shirt1__chrome valid_basis=true max_uv_excess=0.00000009126961 widest=1.0000304091734 vertices=842 derivatives=true bad_derivatives=0 min_determinant=0.00000200526847 worst_dot=0.99999988079071
CAP MAPPING: mesh=laundry_fittings_storm_shop_model_laundry_shirt1__linen valid_basis=true max_uv_excess=0.00000011920929 widest=1.00020965137454 vertices=5354 derivatives=true bad_derivatives=0 min_determinant=0.00000009973312 worst_dot=0.99999988079071
CAP MAPPING: mesh=laundry_fittings_storm_shop_model_laundry_shirt1__timber valid_basis=true max_uv_excess=0.00000005960464 widest=1.00003483582146 vertices=454 derivatives=true bad_derivatives=0 min_determinant=0.00000093204335 worst_dot=0.99999988079071
CAP MAPPING: mesh=laundry_fittings_storm_shop_model_laundry_shirt2__chrome valid_basis=true max_uv_excess=0.00000006984919 widest=1.00003952934646 vertices=842 derivatives=true bad_derivatives=0 min_determinant=0.00000200526847 worst_dot=0.99999988079071
CAP MAPPING: mesh=laundry_fittings_storm_shop_model_laundry_shirt2__linen valid_basis=true max_uv_excess=0.00000011920929 widest=1.00017364996852 vertices=5358 derivatives=true bad_derivatives=0 min_determinant=0.00000009974517 worst_dot=0.99999988079071
CAP MAPPING: mesh=laundry_fittings_storm_shop_model_laundry_shirt2__timber valid_basis=true max_uv_excess=0.00000006030314 widest=1.00003483582146 vertices=458 derivatives=true bad_derivatives=0 min_determinant=0.00000093204335 worst_dot=0.99999988079071
CAP MAPPING: mesh=laundry_fittings_storm_shop_model_laundry_shirt3__chrome valid_basis=true max_uv_excess=0.00000007404014 widest=1.00003952934646 vertices=846 derivatives=true bad_derivatives=0 min_determinant=0.00000200526847 worst_dot=0.99999988079071
CAP MAPPING: mesh=laundry_fittings_storm_shop_model_laundry_shirt3__linen valid_basis=true max_uv_excess=0.00000011920929 widest=1.00021355542472 vertices=5364 derivatives=true bad_derivatives=0 min_determinant=0.00000009973312 worst_dot=0.99999988079071
CAP MAPPING: mesh=laundry_fittings_storm_shop_model_laundry_shirt3__timber valid_basis=true max_uv_excess=0.00000005913898 widest=1.00003483582146 vertices=449 derivatives=true bad_derivatives=0 min_determinant=0.00000093204335 worst_dot=0.99999982118607
CAP MAPPING: mesh=laundry_fittings_storm_shop_model_laundry_shirt4__chrome valid_basis=true max_uv_excess=0.00000008428469 widest=1.00003705854185 vertices=842 derivatives=true bad_derivatives=0 min_determinant=0.00000200526847 worst_dot=0.99999988079071
CAP MAPPING: mesh=laundry_fittings_storm_shop_model_laundry_shirt4__linen valid_basis=true max_uv_excess=0.00000011920929 widest=1.00024804751579 vertices=5382 derivatives=true bad_derivatives=0 min_determinant=0.00000009971991 worst_dot=0.99999988079071
CAP MAPPING: mesh=laundry_fittings_storm_shop_model_laundry_shirt4__timber valid_basis=true max_uv_excess=0.00000007450581 widest=1.00003483582146 vertices=444 derivatives=true bad_derivatives=0 min_determinant=0.00000093204335 worst_dot=0.99999988079071
CAP MAPPING: mesh=laundry_fittings_storm_shop_model_laundry_shirt5__chrome valid_basis=true max_uv_excess=0.00000007450581 widest=1.00003932202472 vertices=846 derivatives=true bad_derivatives=0 min_determinant=0.00000200526847 worst_dot=0.99999988079071
CAP MAPPING: mesh=laundry_fittings_storm_shop_model_laundry_shirt5__linen valid_basis=true max_uv_excess=0.00000011920929 widest=1.00023354990537 vertices=5358 derivatives=true bad_derivatives=0 min_determinant=0.00000009973604 worst_dot=0.99999982118607
CAP MAPPING: mesh=laundry_fittings_storm_shop_model_laundry_shirt5__timber valid_basis=true max_uv_excess=0.00000006100163 widest=1.00003483582146 vertices=450 derivatives=true bad_derivatives=0 min_determinant=0.00000093204335 worst_dot=0.99999988079071
CAP MAPPING: mesh=laundry_fittings_storm_shop_model_laundry_shirt6__chrome valid_basis=true max_uv_excess=0.0000000805594 widest=1.00003947713741 vertices=842 derivatives=true bad_derivatives=0 min_determinant=0.00000200526847 worst_dot=0.99999988079071
CAP MAPPING: mesh=laundry_fittings_storm_shop_model_laundry_shirt6__linen valid_basis=true max_uv_excess=0.00000011920929 widest=1.00020965137454 vertices=5360 derivatives=true bad_derivatives=0 min_determinant=0.00000009974227 worst_dot=0.99999988079071
CAP MAPPING: mesh=laundry_fittings_storm_shop_model_laundry_shirt6__timber valid_basis=true max_uv_excess=0.00000006519258 widest=1.00003483582146 vertices=455 derivatives=true bad_derivatives=0 min_determinant=0.00000093204335 worst_dot=0.99999988079071
CAP MAPPING: mesh=laundry_fittings_storm_shop_model_laundry_shirt7__chrome valid_basis=true max_uv_excess=0.0000000782311 widest=1.00003538906231 vertices=842 derivatives=true bad_derivatives=0 min_determinant=0.00000200526847 worst_dot=0.99999988079071
CAP MAPPING: mesh=laundry_fittings_storm_shop_model_laundry_shirt7__linen valid_basis=true max_uv_excess=0.00000011920929 widest=1.00017735182124 vertices=5354 derivatives=true bad_derivatives=0 min_determinant=0.00000009973972 worst_dot=0.99999988079071
CAP MAPPING: mesh=laundry_fittings_storm_shop_model_laundry_shirt7__timber valid_basis=true max_uv_excess=0.00000007450581 widest=1.00003483582146 vertices=458 derivatives=true bad_derivatives=0 min_determinant=0.00000093204335 worst_dot=0.99999988079071
CAP MAPPING: mesh=laundry_fittings_storm_shop_model_laundry_shirt8__chrome valid_basis=true max_uv_excess=0.00000006984919 widest=1.00003932202472 vertices=846 derivatives=true bad_derivatives=0 min_determinant=0.00000200526847 worst_dot=0.99999988079071
CAP MAPPING: mesh=laundry_fittings_storm_shop_model_laundry_shirt8__linen valid_basis=true max_uv_excess=0.00000011920929 widest=1.00017588852238 vertices=5360 derivatives=true bad_derivatives=0 min_determinant=0.00000009973312 worst_dot=0.99999982118607
CAP MAPPING: mesh=laundry_fittings_storm_shop_model_laundry_shirt8__timber valid_basis=true max_uv_excess=0.00000007799827 widest=1.00003483582146 vertices=447 derivatives=true bad_derivatives=0 min_determinant=0.00000093204335 worst_dot=0.99999988079071
CAP MAPPING: mesh=laundry_fittings_storm_shop_model_laundry_sleeve_board__linen valid_basis=true max_uv_excess=0.00000008009374 widest=1.0000081093624 vertices=480 derivatives=true bad_derivatives=0 min_determinant=0.00005597444309 worst_dot=0.99999994039536
CAP MAPPING: mesh=laundry_fittings_storm_shop_model_laundry_sleeve_board__timber valid_basis=true max_uv_excess=0.00000005518086 widest=1.0000359122267 vertices=484 derivatives=true bad_derivatives=0 min_determinant=0.00000185096116 worst_dot=0.99999988079071
LAUNDRY FITTINGS: checks=1139 parts=99 triangles=83928 removed=636 supports=57 failures=0
CAP MAPPING: mesh=laundry_apparatus_storm_shop_model_laundry_airer0_0__linen valid_basis=true max_uv_excess=0.00000011920929 widest=1.00002364650081 vertices=1408 derivatives=true bad_derivatives=0 min_determinant=0.00000507631484 worst_dot=0.99999988079071
CAP MAPPING: mesh=laundry_apparatus_storm_shop_model_laundry_airer0_0__metal valid_basis=true max_uv_excess=0.00000008865027 widest=1.00011292686336 vertices=3811 derivatives=true bad_derivatives=0 min_determinant=0.00000007963536 worst_dot=0.99999988079071
CAP MAPPING: mesh=laundry_apparatus_storm_shop_model_laundry_airer0_0__timber valid_basis=true max_uv_excess=0.00000008544885 widest=1.00004114725729 vertices=4088 derivatives=true bad_derivatives=0 min_determinant=0.0000015005408 worst_dot=0.99999982118607
CAP MAPPING: mesh=laundry_apparatus_storm_shop_model_laundry_airer1_0__linen valid_basis=true max_uv_excess=0.00000011920929 widest=1.00001747406861 vertices=1408 derivatives=true bad_derivatives=0 min_determinant=0.00000507631484 worst_dot=0.99999988079071
CAP MAPPING: mesh=laundry_apparatus_storm_shop_model_laundry_airer1_0__metal valid_basis=true max_uv_excess=0.00000008865027 widest=1.00011292686336 vertices=3801 derivatives=true bad_derivatives=0 min_determinant=0.00000007963536 worst_dot=0.99999988079071
CAP MAPPING: mesh=laundry_apparatus_storm_shop_model_laundry_airer1_0__timber valid_basis=true max_uv_excess=0.00000006542541 widest=1.0000367127397 vertices=4084 derivatives=true bad_derivatives=0 min_determinant=0.0000015005408 worst_dot=0.99999988079071
CAP MAPPING: mesh=laundry_apparatus_storm_shop_model_laundry_gas_ring__cast_iron valid_basis=true max_uv_excess=0.00000008288771 widest=1.00005372493217 vertices=10420 derivatives=true bad_derivatives=0 min_determinant=0.00000031838863 worst_dot=0.99999988079071
CAP MAPPING: mesh=laundry_apparatus_storm_shop_model_laundry_mangle_frame__cast_iron valid_basis=true max_uv_excess=0.00000008009374 widest=1.00010205704277 vertices=8613 derivatives=true bad_derivatives=0 min_determinant=0.00000008021766 worst_dot=0.99999988079071
CAP MAPPING: mesh=laundry_apparatus_storm_shop_model_laundry_mangle_frame__rubber_aged valid_basis=true max_uv_excess=0.00000005681068 widest=1.00000611714575 vertices=632 derivatives=true bad_derivatives=0 min_determinant=0.00001125438303 worst_dot=0.99999994039536
CAP MAPPING: mesh=laundry_apparatus_storm_shop_model_laundry_mangle_frame__timber valid_basis=true max_uv_excess=0.00000008102506 widest=1.00005354499187 vertices=9762 derivatives=true bad_derivatives=0 min_determinant=0.00000098468485 worst_dot=0.99999988079071
CAP MAPPING: mesh=laundry_apparatus_storm_shop_model_laundry_sad_iron0__cast_iron valid_basis=true max_uv_excess=0.00000007584458 widest=1.00010376126214 vertices=3066 derivatives=true bad_derivatives=0 min_determinant=0.00000046383641 worst_dot=0.99999988079071
CAP MAPPING: mesh=laundry_apparatus_storm_shop_model_laundry_sad_iron1__cast_iron valid_basis=true max_uv_excess=0.00000008009374 widest=1.00009356829088 vertices=3064 derivatives=true bad_derivatives=0 min_determinant=0.00000046382933 worst_dot=0.99999988079071
CAP MAPPING: mesh=laundry_apparatus_storm_shop_model_laundry_sad_iron2__cast_iron valid_basis=true max_uv_excess=0.00000008009374 widest=1.00010376126214 vertices=3066 derivatives=true bad_derivatives=0 min_determinant=0.00000046383641 worst_dot=0.99999988079071
CAP MAPPING: mesh=laundry_apparatus_storm_shop_model_laundry_sad_iron3__cast_iron valid_basis=true max_uv_excess=0.00000007636845 widest=1.00009356829088 vertices=3066 derivatives=true bad_derivatives=0 min_determinant=0.00000046382933 worst_dot=0.99999988079071
CAP MAPPING: mesh=laundry_apparatus_storm_shop_model_laundry_tub0__metal valid_basis=true max_uv_excess=0.00000009156065 widest=1.00012526206089 vertices=10504 derivatives=true bad_derivatives=0 min_determinant=0.00000046381045 worst_dot=0.99999982118607
CAP MAPPING: mesh=laundry_apparatus_storm_shop_model_laundry_tub0__zinc_liner valid_basis=true max_uv_excess=0.00000008940697 widest=1.00000099718189 vertices=1038 derivatives=true bad_derivatives=0 min_determinant=0.00005518059697 worst_dot=0.99999988079071
CAP MAPPING: mesh=laundry_apparatus_storm_shop_model_laundry_tub1__metal valid_basis=true max_uv_excess=0.0000000881264 widest=1.00011618289114 vertices=10506 derivatives=true bad_derivatives=0 min_determinant=0.00000046381045 worst_dot=0.99999988079071
CAP MAPPING: mesh=laundry_apparatus_storm_shop_model_laundry_tub1__zinc_liner valid_basis=true max_uv_excess=0.00000008940697 widest=1.00000130458095 vertices=1040 derivatives=true bad_derivatives=0 min_determinant=0.00005518059697 worst_dot=0.99999988079071
LAUNDRY APPARATUS: checks=284 parts=18 triangles=32980 removed=276 supports=24 failures=0
CAP MAPPING: mesh=pawn_fittings_storm_shop_pawnbroker_balance_base__brass_dull valid_basis=true max_uv_excess=0.00000011920929 widest=1.0000317596779 vertices=3384 derivatives=true bad_derivatives=0 min_determinant=0.00000133969598 worst_dot=0.99999988079071
CAP MAPPING: mesh=pawn_fittings_storm_shop_pawnbroker_balance_base__glassish valid_basis=true max_uv_excess=0.00000012852252 widest=1.00001832486682 vertices=7275 derivatives=true bad_derivatives=0 min_determinant=0.00022974802141 worst_dot=0.99999982118607
CAP MAPPING: mesh=pawn_fittings_storm_shop_pawnbroker_coat__bakelite_black valid_basis=true max_uv_excess=0.00000004144385 widest=1.00001378212687 vertices=375 derivatives=true bad_derivatives=0 min_determinant=0.00000400292879 worst_dot=1.0
CAP MAPPING: mesh=pawn_fittings_storm_shop_pawnbroker_coat__brass_dull valid_basis=true max_uv_excess=0.00000006332994 widest=1.00001941017948 vertices=214 derivatives=true bad_derivatives=0 min_determinant=0.00000562644709 worst_dot=0.99999988079071
CAP MAPPING: mesh=pawn_fittings_storm_shop_pawnbroker_coat__fabric_warm valid_basis=true max_uv_excess=0.00000008940697 widest=1.00004837632642 vertices=9101 derivatives=true bad_derivatives=0 min_determinant=0.00000000222638 worst_dot=0.99999642372131
CAP MAPPING: mesh=pawn_fittings_storm_shop_pawnbroker_coat__iron_blackened valid_basis=true max_uv_excess=0.00000007241033 widest=1.00002311127216 vertices=243 derivatives=true bad_derivatives=0 min_determinant=0.0000025379012 worst_dot=0.99999988079071
CAP MAPPING: mesh=pawn_fittings_storm_shop_pawnbroker_coat__timber valid_basis=true max_uv_excess=0.00000004470348 widest=1.0000063785546 vertices=128 derivatives=true bad_derivatives=0 min_determinant=0.00065181376083 worst_dot=0.99999988079071
CAP MAPPING: mesh=pawn_fittings_storm_shop_pawnbroker_grille_counter__brass_dull valid_basis=true max_uv_excess=0.00000006251503 widest=1.00006673980436 vertices=6368 derivatives=true bad_derivatives=0 min_determinant=0.00000046263721 worst_dot=0.99999988079071
CAP MAPPING: mesh=pawn_fittings_storm_shop_pawnbroker_grille_counter__countertop valid_basis=true max_uv_excess=0.00000007590279 widest=1.00003826097081 vertices=510 derivatives=true bad_derivatives=0 min_determinant=0.0000018505605 worst_dot=0.99999988079071
CAP MAPPING: mesh=pawn_fittings_storm_shop_pawnbroker_grille_counter__wood_dark valid_basis=true max_uv_excess=0.0000001147273 widest=1.0001569603556 vertices=9113 derivatives=true bad_derivatives=0 min_determinant=0.00000046259364 worst_dot=0.99999988079071
CAP MAPPING: mesh=pawn_fittings_storm_shop_pawnbroker_ledger__bakelite_black valid_basis=true max_uv_excess=0.00000005681068 widest=1.00003639361364 vertices=144 derivatives=true bad_derivatives=0 min_determinant=0.00000093092164 worst_dot=0.99999994039536
CAP MAPPING: mesh=pawn_fittings_storm_shop_pawnbroker_ledger__fabric_warm valid_basis=true max_uv_excess=0.00000008440111 widest=1.00008164021843 vertices=501 derivatives=true bad_derivatives=0 min_determinant=0.00000046266191 worst_dot=0.99999982118607
CAP MAPPING: mesh=pawn_fittings_storm_shop_pawnbroker_ledger__linen valid_basis=true max_uv_excess=0.0 widest=1.0 vertices=96 derivatives=true bad_derivatives=0 min_determinant=0.00000399942019 worst_dot=1.0
CAP MAPPING: mesh=pawn_fittings_storm_shop_pawnbroker_ledger__paper valid_basis=true max_uv_excess=0.00000008183997 widest=1.000158328341 vertices=514 derivatives=true bad_derivatives=0 min_determinant=0.00000011567344 worst_dot=0.99999994039536
CAP MAPPING: mesh=pawn_fittings_storm_shop_pawnbroker_ledger__wood_dark valid_basis=true max_uv_excess=0.00000009173527 widest=1.00009248428999 vertices=1002 derivatives=true bad_derivatives=0 min_determinant=0.00000046262778 worst_dot=0.99999988079071
CAP MAPPING: mesh=pawn_fittings_storm_shop_pawnbroker_loupe__bakelite_black valid_basis=true max_uv_excess=0.0000000782311 widest=1.00000826604311 vertices=1824 derivatives=true bad_derivatives=0 min_determinant=0.00001937496475 worst_dot=0.99999988079071
CAP MAPPING: mesh=pawn_fittings_storm_shop_pawnbroker_loupe__glassish valid_basis=true max_uv_excess=0.00000009918585 widest=1.00003446952772 vertices=446 derivatives=true bad_derivatives=0 min_determinant=0.00001149925686 worst_dot=0.99999988079071
CAP MAPPING: mesh=pawn_fittings_storm_shop_pawnbroker_loupe__linen valid_basis=true max_uv_excess=0.00000007543713 widest=1.00004814125328 vertices=1582 derivatives=true bad_derivatives=0 min_determinant=0.00000165424962 worst_dot=0.99999988079071
CAP MAPPING: mesh=pawn_fittings_storm_shop_pawnbroker_pledge_shelf0__iron_blackened valid_basis=true max_uv_excess=0.00000011920929 widest=1.00000723552029 vertices=322 derivatives=true bad_derivatives=0 min_determinant=0.00001490181353 worst_dot=0.99999994039536
CAP MAPPING: mesh=pawn_fittings_storm_shop_pawnbroker_pledge_shelf0__linen valid_basis=true max_uv_excess=0.00000008940697 widest=1.00004521326662 vertices=21931 derivatives=true bad_derivatives=0 min_determinant=0.00001563287804 worst_dot=0.99999988079071
CAP MAPPING: mesh=pawn_fittings_storm_shop_pawnbroker_pledge_shelf0__paper valid_basis=true max_uv_excess=0.00000008373172 widest=1.0003472181021 vertices=18114 derivatives=true bad_derivatives=0 min_determinant=0.00000002887781 worst_dot=0.99999982118607
CAP MAPPING: mesh=pawn_fittings_storm_shop_pawnbroker_pledge_shelf0__timber valid_basis=true max_uv_excess=0.00000047683716 widest=1.00008704139914 vertices=13212 derivatives=true bad_derivatives=0 min_determinant=0.00000046251235 worst_dot=0.99999982118607
CAP MAPPING: mesh=pawn_fittings_storm_shop_pawnbroker_safe__brass_dull valid_basis=true max_uv_excess=0.00000007590279 widest=1.00002258686134 vertices=1168 derivatives=true bad_derivatives=0 min_determinant=0.00000253379767 worst_dot=0.99999988079071
CAP MAPPING: mesh=pawn_fittings_storm_shop_pawnbroker_safe__cast_iron valid_basis=true max_uv_excess=0.00000011920929 widest=1.00005672838559 vertices=5386 derivatives=true bad_derivatives=0 min_determinant=0.00000104091855 worst_dot=0.99999988079071
CAP MAPPING: mesh=pawn_fittings_storm_shop_pawnbroker_safe__iron_blackened valid_basis=true max_uv_excess=0.00000008125789 widest=1.00010933239157 vertices=3394 derivatives=true bad_derivatives=0 min_determinant=0.00000046262778 worst_dot=0.99999988079071
CAP MAPPING: mesh=pawn_fittings_storm_shop_pawnbroker_sewing_case__brass_dull valid_basis=true max_uv_excess=0.00000007398194 widest=1.00014915434999 vertices=1073 derivatives=true bad_derivatives=0 min_determinant=0.00000011567019 worst_dot=0.99999988079071
CAP MAPPING: mesh=pawn_fittings_storm_shop_pawnbroker_sewing_case__enamel valid_basis=true max_uv_excess=0.00000007776543 widest=1.00003819842435 vertices=2263 derivatives=true bad_derivatives=0 min_determinant=0.00000176782472 worst_dot=0.99999988079071
CAP MAPPING: mesh=pawn_fittings_storm_shop_pawnbroker_sewing_case__iron_blackened valid_basis=true max_uv_excess=0.00000006984919 widest=1.00002137600414 vertices=1276 derivatives=true bad_derivatives=0 min_determinant=0.00000481498398 worst_dot=0.99999988079071
CAP MAPPING: mesh=pawn_fittings_storm_shop_pawnbroker_sewing_case__linen valid_basis=true max_uv_excess=0.00000004097819 widest=1.00000836208751 vertices=222 derivatives=true bad_derivatives=0 min_determinant=0.00000467917562 worst_dot=0.99999988079071
CAP MAPPING: mesh=pawn_fittings_storm_shop_pawnbroker_sewing_case__wood_dark valid_basis=true max_uv_excess=0.00000009988435 widest=1.00004810442225 vertices=516 derivatives=true bad_derivatives=0 min_determinant=0.00000185058408 worst_dot=0.99999988079071
CAP MAPPING: mesh=pawn_fittings_storm_shop_pawnbroker_violin_case__bakelite_black valid_basis=true max_uv_excess=0.00000007450581 widest=1.00004334853493 vertices=1212 derivatives=true bad_derivatives=0 min_determinant=0.00000192818338 worst_dot=0.99999988079071
CAP MAPPING: mesh=pawn_fittings_storm_shop_pawnbroker_violin_case__brass_dull valid_basis=true max_uv_excess=0.00000005960464 widest=1.00005472857722 vertices=996 derivatives=true bad_derivatives=0 min_determinant=0.00000046261834 worst_dot=0.99999988079071
CAP MAPPING: mesh=pawn_fittings_storm_shop_pawnbroker_violin_case__wood_dark valid_basis=true max_uv_excess=0.00000010128133 widest=1.00004937762848 vertices=1540 derivatives=true bad_derivatives=0 min_determinant=0.00000185063596 worst_dot=0.99999988079071
PAWN FITTINGS: checks=546 parts=33 triangles=44672 removed=480 supports=23 failures=0
CAP MAPPING: mesh=pawn_clocks_storm_shop_pawnbroker_clock0__brass_dull valid_basis=true max_uv_excess=0.000000086613 widest=1.00003688083327 vertices=906 derivatives=true bad_derivatives=0 min_determinant=0.0000014273719 worst_dot=0.99999988079071
CAP MAPPING: mesh=pawn_clocks_storm_shop_pawnbroker_clock0__glassish valid_basis=true max_uv_excess=0.00000010989606 widest=1.00000848371436 vertices=392 derivatives=true bad_derivatives=0 min_determinant=0.00001941862342 worst_dot=0.99999994039536
CAP MAPPING: mesh=pawn_clocks_storm_shop_pawnbroker_clock0__iron_blackened valid_basis=true max_uv_excess=0.00000006845221 widest=1.00002281957771 vertices=336 derivatives=true bad_derivatives=0 min_determinant=0.00000420482593 worst_dot=1.0
CAP MAPPING: mesh=pawn_clocks_storm_shop_pawnbroker_clock0__porcelain valid_basis=true max_uv_excess=0.00000006426126 widest=1.00000513605828 vertices=386 derivatives=true bad_derivatives=0 min_determinant=0.00005006524952 worst_dot=0.99999994039536
CAP MAPPING: mesh=pawn_clocks_storm_shop_pawnbroker_clock0__wood_dark valid_basis=true max_uv_excess=0.00000006658956 widest=1.00001094621786 vertices=250 derivatives=true bad_derivatives=0 min_determinant=0.00046859154941 worst_dot=0.99999988079071
CAP MAPPING: mesh=pawn_clocks_storm_shop_pawnbroker_clock1__brass_dull valid_basis=true max_uv_excess=0.00000008381903 widest=1.00003476701199 vertices=2933 derivatives=true bad_derivatives=0 min_determinant=0.0000014273719 worst_dot=0.99999988079071
CAP MAPPING: mesh=pawn_clocks_storm_shop_pawnbroker_clock1__glassish valid_basis=true max_uv_excess=0.00000006239861 widest=1.00000481709525 vertices=394 derivatives=true bad_derivatives=0 min_determinant=0.00001941862342 worst_dot=0.99999994039536
CAP MAPPING: mesh=pawn_clocks_storm_shop_pawnbroker_clock1__iron_blackened valid_basis=true max_uv_excess=0.00000006845221 widest=1.00002281957771 vertices=336 derivatives=true bad_derivatives=0 min_determinant=0.00000420582865 worst_dot=1.0
CAP MAPPING: mesh=pawn_clocks_storm_shop_pawnbroker_clock1__porcelain valid_basis=true max_uv_excess=0.00000006426126 widest=1.00000513605828 vertices=389 derivatives=true bad_derivatives=0 min_determinant=0.00005006477249 worst_dot=0.99999994039536
CAP MAPPING: mesh=pawn_clocks_storm_shop_pawnbroker_clock2__brass_dull valid_basis=true max_uv_excess=0.00000007578637 widest=1.0000483110107 vertices=906 derivatives=true bad_derivatives=0 min_determinant=0.0000014273719 worst_dot=0.99999994039536
CAP MAPPING: mesh=pawn_clocks_storm_shop_pawnbroker_clock2__glassish valid_basis=true max_uv_excess=0.00000010523945 widest=1.00000812363394 vertices=394 derivatives=true bad_derivatives=0 min_determinant=0.00001941884682 worst_dot=0.99999994039536
CAP MAPPING: mesh=pawn_clocks_storm_shop_pawnbroker_clock2__iron_blackened valid_basis=true max_uv_excess=0.00000006845221 widest=1.00002281957771 vertices=338 derivatives=true bad_derivatives=0 min_determinant=0.00000420625838 worst_dot=0.99999994039536
CAP MAPPING: mesh=pawn_clocks_storm_shop_pawnbroker_clock2__porcelain valid_basis=true max_uv_excess=0.0000000493601 widest=1.00000394491441 vertices=389 derivatives=true bad_derivatives=0 min_determinant=0.00005006524952 worst_dot=0.99999988079071
CAP MAPPING: mesh=pawn_clocks_storm_shop_pawnbroker_clock2__wood_dark valid_basis=true max_uv_excess=0.00000005960464 widest=1.00000604726867 vertices=257 derivatives=true bad_derivatives=0 min_determinant=0.00046859166866 worst_dot=0.99999988079071
CAP MAPPING: mesh=pawn_clocks_storm_shop_pawnbroker_clock3__brass_dull valid_basis=true max_uv_excess=0.00000008195639 widest=1.00004307784999 vertices=2912 derivatives=true bad_derivatives=0 min_determinant=0.0000014273719 worst_dot=0.99999988079071
CAP MAPPING: mesh=pawn_clocks_storm_shop_pawnbroker_clock3__glassish valid_basis=true max_uv_excess=0.00000010617077 widest=1.00000819597762 vertices=396 derivatives=true bad_derivatives=0 min_determinant=0.00001941862342 worst_dot=0.99999994039536
CAP MAPPING: mesh=pawn_clocks_storm_shop_pawnbroker_clock3__iron_blackened valid_basis=true max_uv_excess=0.00000004516914 widest=1.00001358376623 vertices=336 derivatives=true bad_derivatives=0 min_determinant=0.00000420797733 worst_dot=1.0
CAP MAPPING: mesh=pawn_clocks_storm_shop_pawnbroker_clock3__porcelain valid_basis=true max_uv_excess=0.00000006426126 widest=1.00000513605828 vertices=386 derivatives=true bad_derivatives=0 min_determinant=0.00005006477249 worst_dot=0.99999994039536
CAP MAPPING: mesh=pawn_clocks_storm_shop_pawnbroker_clock4__brass_dull valid_basis=true max_uv_excess=0.0000000797445 widest=1.00005086134996 vertices=906 derivatives=true bad_derivatives=0 min_determinant=0.0000014273719 worst_dot=0.99999994039536
CAP MAPPING: mesh=pawn_clocks_storm_shop_pawnbroker_clock4__glassish valid_basis=true max_uv_excess=0.00000008195639 widest=1.00000632705708 vertices=394 derivatives=true bad_derivatives=0 min_determinant=0.0000194186681 worst_dot=0.99999994039536
CAP MAPPING: mesh=pawn_clocks_storm_shop_pawnbroker_clock4__iron_blackened valid_basis=true max_uv_excess=0.00000006845221 widest=1.00002281957771 vertices=338 derivatives=true bad_derivatives=0 min_determinant=0.00000420625838 worst_dot=1.0
CAP MAPPING: mesh=pawn_clocks_storm_shop_pawnbroker_clock4__porcelain valid_basis=true max_uv_excess=0.00000005215406 widest=1.00000416805354 vertices=386 derivatives=true bad_derivatives=0 min_determinant=0.00005006453398 worst_dot=0.99999994039536
CAP MAPPING: mesh=pawn_clocks_storm_shop_pawnbroker_clock4__wood_dark valid_basis=true max_uv_excess=0.00000005960464 widest=1.00000895611092 vertices=263 derivatives=true bad_derivatives=0 min_determinant=0.00046859154941 worst_dot=0.99999988079071
CAP MAPPING: mesh=pawn_clocks_storm_shop_pawnbroker_clock5__brass_dull valid_basis=true max_uv_excess=0.000000086613 widest=1.00003933418068 vertices=2866 derivatives=true bad_derivatives=0 min_determinant=0.0000014273719 worst_dot=0.99999988079071
CAP MAPPING: mesh=pawn_clocks_storm_shop_pawnbroker_clock5__glassish valid_basis=true max_uv_excess=0.00000010244548 widest=1.00000790854274 vertices=386 derivatives=true bad_derivatives=0 min_determinant=0.00001941864576 worst_dot=0.99999994039536
CAP MAPPING: mesh=pawn_clocks_storm_shop_pawnbroker_clock5__iron_blackened valid_basis=true max_uv_excess=0.00000003911555 widest=1.00000434650594 vertices=336 derivatives=true bad_derivatives=0 min_determinant=0.00000420582865 worst_dot=1.0
CAP MAPPING: mesh=pawn_clocks_storm_shop_pawnbroker_clock5__porcelain valid_basis=true max_uv_excess=0.00000004190952 widest=1.00000334967703 vertices=386 derivatives=true bad_derivatives=0 min_determinant=0.00005006524952 worst_dot=0.99999988079071
CAP MAPPING: mesh=pawn_clocks_storm_shop_pawnbroker_clock6__brass_dull valid_basis=true max_uv_excess=0.00000006752089 widest=1.00004307784999 vertices=878 derivatives=true bad_derivatives=0 min_determinant=0.0000014273719 worst_dot=0.99999988079071
CAP MAPPING: mesh=pawn_clocks_storm_shop_pawnbroker_clock6__glassish valid_basis=true max_uv_excess=0.00000010617077 widest=1.00000819597762 vertices=386 derivatives=true bad_derivatives=0 min_determinant=0.00001941862342 worst_dot=0.99999994039536
CAP MAPPING: mesh=pawn_clocks_storm_shop_pawnbroker_clock6__iron_blackened valid_basis=true max_uv_excess=0.00000003911555 widest=1.00000434650594 vertices=336 derivatives=true bad_derivatives=0 min_determinant=0.00000420482593 worst_dot=1.0
CAP MAPPING: mesh=pawn_clocks_storm_shop_pawnbroker_clock6__porcelain valid_basis=true max_uv_excess=0.00000005681068 widest=1.00000454039752 vertices=389 derivatives=true bad_derivatives=0 min_determinant=0.00005006453398 worst_dot=0.99999994039536
CAP MAPPING: mesh=pawn_clocks_storm_shop_pawnbroker_clock6__wood_dark valid_basis=true max_uv_excess=0.0000000661239 widest=1.00000622047029 vertices=250 derivatives=true bad_derivatives=0 min_determinant=0.00046859166866 worst_dot=0.99999988079071
CAP MAPPING: mesh=pawn_clocks_storm_shop_pawnbroker_clock7__brass_dull valid_basis=true max_uv_excess=0.000000086613 widest=1.00003933418068 vertices=2879 derivatives=true bad_derivatives=0 min_determinant=0.0000014273719 worst_dot=0.99999988079071
CAP MAPPING: mesh=pawn_clocks_storm_shop_pawnbroker_clock7__glassish valid_basis=true max_uv_excess=0.00000010244548 widest=1.0000079083244 vertices=386 derivatives=true bad_derivatives=0 min_determinant=0.0000194188915 worst_dot=0.99999994039536
CAP MAPPING: mesh=pawn_clocks_storm_shop_pawnbroker_clock7__iron_blackened valid_basis=true max_uv_excess=0.00000004470348 widest=1.0000053909895 vertices=336 derivatives=true bad_derivatives=0 min_determinant=0.00000420366206 worst_dot=1.0
CAP MAPPING: mesh=pawn_clocks_storm_shop_pawnbroker_clock7__porcelain valid_basis=true max_uv_excess=0.0000000493601 widest=1.00000394491441 vertices=389 derivatives=true bad_derivatives=0 min_determinant=0.00005006524952 worst_dot=0.99999994039536
CAP MAPPING: mesh=pawn_clocks_storm_shop_pawnbroker_clock8__brass_dull valid_basis=true max_uv_excess=0.000000086613 widest=1.00004307784999 vertices=876 derivatives=true bad_derivatives=0 min_determinant=0.0000014273719 worst_dot=0.99999988079071
CAP MAPPING: mesh=pawn_clocks_storm_shop_pawnbroker_clock8__glassish valid_basis=true max_uv_excess=0.00000009965152 widest=1.00000769306594 vertices=389 derivatives=true bad_derivatives=0 min_determinant=0.00001941862342 worst_dot=0.99999994039536
CAP MAPPING: mesh=pawn_clocks_storm_shop_pawnbroker_clock8__iron_blackened valid_basis=true max_uv_excess=0.00000005867332 widest=1.00000451368 vertices=336 derivatives=true bad_derivatives=0 min_determinant=0.00000420733272 worst_dot=1.0
CAP MAPPING: mesh=pawn_clocks_storm_shop_pawnbroker_clock8__porcelain valid_basis=true max_uv_excess=0.00000005867332 widest=1.00000468910735 vertices=386 derivatives=true bad_derivatives=0 min_determinant=0.00005006453398 worst_dot=0.99999988079071
CAP MAPPING: mesh=pawn_clocks_storm_shop_pawnbroker_clock8__wood_dark valid_basis=true max_uv_excess=0.00000005960464 widest=1.00000560718449 vertices=263 derivatives=true bad_derivatives=0 min_determinant=0.00046859131089 worst_dot=0.99999988079071
CAP MAPPING: mesh=pawn_clocks_storm_shop_pawnbroker_clock9__brass_dull valid_basis=true max_uv_excess=0.00000007636845 widest=1.00003933418068 vertices=2881 derivatives=true bad_derivatives=0 min_determinant=0.0000014273719 worst_dot=0.99999988079071
CAP MAPPING: mesh=pawn_clocks_storm_shop_pawnbroker_clock9__glassish valid_basis=true max_uv_excess=0.00000010244548 widest=1.0000079083244 vertices=386 derivatives=true bad_derivatives=0 min_determinant=0.00001941862342 worst_dot=0.99999994039536
CAP MAPPING: mesh=pawn_clocks_storm_shop_pawnbroker_clock9__iron_blackened valid_basis=true max_uv_excess=0.00000006845221 widest=1.00002281867089 vertices=336 derivatives=true bad_derivatives=0 min_determinant=0.00000420647325 worst_dot=0.99999994039536
CAP MAPPING: mesh=pawn_clocks_storm_shop_pawnbroker_clock9__porcelain valid_basis=true max_uv_excess=0.00000005215406 widest=1.00000416813296 vertices=386 derivatives=true bad_derivatives=0 min_determinant=0.00005006429546 worst_dot=1.0
CAP MAPPING: mesh=pawn_clocks_storm_shop_pawnbroker_clock10__brass_dull valid_basis=true max_uv_excess=0.00000006938353 widest=1.00002397806384 vertices=902 derivatives=true bad_derivatives=0 min_determinant=0.0000014273719 worst_dot=0.99999988079071
CAP MAPPING: mesh=pawn_clocks_storm_shop_pawnbroker_clock10__glassish valid_basis=true max_uv_excess=0.00000009220093 widest=1.00000711748633 vertices=386 derivatives=true bad_derivatives=0 min_determinant=0.00001941871278 worst_dot=0.99999994039536
CAP MAPPING: mesh=pawn_clocks_storm_shop_pawnbroker_clock10__iron_blackened valid_basis=true max_uv_excess=0.00000006845221 widest=1.00002281867089 vertices=336 derivatives=true bad_derivatives=0 min_determinant=0.00000420511242 worst_dot=1.0
CAP MAPPING: mesh=pawn_clocks_storm_shop_pawnbroker_clock10__porcelain valid_basis=true max_uv_excess=0.00000004190952 widest=1.00000334967703 vertices=386 derivatives=true bad_derivatives=0 min_determinant=0.00005006524952 worst_dot=0.99999988079071
CAP MAPPING: mesh=pawn_clocks_storm_shop_pawnbroker_clock10__wood_dark valid_basis=true max_uv_excess=0.00000006705523 widest=1.00001094621786 vertices=250 derivatives=true bad_derivatives=0 min_determinant=0.00046859154941 worst_dot=0.99999988079071
CAP MAPPING: mesh=pawn_clocks_storm_shop_pawnbroker_clock11__brass_dull valid_basis=true max_uv_excess=0.00000008195639 widest=1.00002234865672 vertices=2921 derivatives=true bad_derivatives=0 min_determinant=0.0000014273719 worst_dot=0.99999988079071
CAP MAPPING: mesh=pawn_clocks_storm_shop_pawnbroker_clock11__glassish valid_basis=true max_uv_excess=0.00000010523945 widest=1.00000812453109 vertices=386 derivatives=true bad_derivatives=0 min_determinant=0.00001941853407 worst_dot=0.99999994039536
CAP MAPPING: mesh=pawn_clocks_storm_shop_pawnbroker_clock11__iron_blackened valid_basis=true max_uv_excess=0.00000006845221 widest=1.00002281867089 vertices=338 derivatives=true bad_derivatives=0 min_determinant=0.00000420482593 worst_dot=1.0
CAP MAPPING: mesh=pawn_clocks_storm_shop_pawnbroker_clock11__porcelain valid_basis=true max_uv_excess=0.00000005681068 widest=1.00000454039752 vertices=389 derivatives=true bad_derivatives=0 min_determinant=0.00005006429546 worst_dot=0.99999994039536
CAP MAPPING: mesh=pawn_clocks_storm_shop_pawnbroker_clock12__brass_dull valid_basis=true max_uv_excess=0.00000006938353 widest=1.00002190061027 vertices=898 derivatives=true bad_derivatives=0 min_determinant=0.0000014273719 worst_dot=0.99999988079071
CAP MAPPING: mesh=pawn_clocks_storm_shop_pawnbroker_clock12__glassish valid_basis=true max_uv_excess=0.00000010244548 widest=1.0000079083244 vertices=386 derivatives=true bad_derivatives=0 min_determinant=0.00001941880214 worst_dot=0.99999994039536
CAP MAPPING: mesh=pawn_clocks_storm_shop_pawnbroker_clock12__iron_blackened valid_basis=true max_uv_excess=0.00000005867332 widest=1.00000451368 vertices=336 derivatives=true bad_derivatives=0 min_determinant=0.00000420742225 worst_dot=1.0
CAP MAPPING: mesh=pawn_clocks_storm_shop_pawnbroker_clock12__porcelain valid_basis=true max_uv_excess=0.00000005867332 widest=1.00000468910735 vertices=389 derivatives=true bad_derivatives=0 min_determinant=0.00005006524952 worst_dot=0.99999994039536
CAP MAPPING: mesh=pawn_clocks_storm_shop_pawnbroker_clock12__wood_dark valid_basis=true max_uv_excess=0.00000006332994 widest=1.00000595763352 vertices=257 derivatives=true bad_derivatives=0 min_determinant=0.00046859154941 worst_dot=0.99999988079071
CAP MAPPING: mesh=pawn_clocks_storm_shop_pawnbroker_clock13__brass_dull valid_basis=true max_uv_excess=0.00000008172356 widest=1.00003476701199 vertices=2898 derivatives=true bad_derivatives=0 min_determinant=0.0000014273719 worst_dot=0.99999988079071
CAP MAPPING: mesh=pawn_clocks_storm_shop_pawnbroker_clock13__glassish valid_basis=true max_uv_excess=0.00000009126961 widest=1.00000704578654 vertices=389 derivatives=true bad_derivatives=0 min_determinant=0.00001941853407 worst_dot=0.99999994039536
CAP MAPPING: mesh=pawn_clocks_storm_shop_pawnbroker_clock13__iron_blackened valid_basis=true max_uv_excess=0.00000006845221 widest=1.00002281867089 vertices=340 derivatives=true bad_derivatives=0 min_determinant=0.00000420640163 worst_dot=1.0
CAP MAPPING: mesh=pawn_clocks_storm_shop_pawnbroker_clock13__porcelain valid_basis=true max_uv_excess=0.00000005029142 widest=1.00000401940449 vertices=386 derivatives=true bad_derivatives=0 min_determinant=0.00005006453398 worst_dot=0.99999988079071
CAP MAPPING: mesh=pawn_clocks_storm_shop_pawnbroker_clock14__brass_dull valid_basis=true max_uv_excess=0.00000008486677 widest=1.000054124418 vertices=900 derivatives=true bad_derivatives=0 min_determinant=0.0000014273719 worst_dot=0.99999988079071
CAP MAPPING: mesh=pawn_clocks_storm_shop_pawnbroker_clock14__glassish valid_basis=true max_uv_excess=0.00000010989606 widest=1.00000848371436 vertices=386 derivatives=true bad_derivatives=0 min_determinant=0.00001941862342 worst_dot=0.99999994039536
CAP MAPPING: mesh=pawn_clocks_storm_shop_pawnbroker_clock14__iron_blackened valid_basis=true max_uv_excess=0.00000005867332 widest=1.00000451368 vertices=340 derivatives=true bad_derivatives=0 min_determinant=0.00000420611514 worst_dot=0.99999994039536
CAP MAPPING: mesh=pawn_clocks_storm_shop_pawnbroker_clock14__porcelain valid_basis=true max_uv_excess=0.00000005681068 widest=1.00000454039752 vertices=386 derivatives=true bad_derivatives=0 min_determinant=0.00005006453398 worst_dot=0.99999994039536
CAP MAPPING: mesh=pawn_clocks_storm_shop_pawnbroker_clock14__wood_dark valid_basis=true max_uv_excess=0.00000005960464 widest=1.00000895611092 vertices=263 derivatives=true bad_derivatives=0 min_determinant=0.00046859107238 worst_dot=0.99999988079071
PAWN CLOCKS: checks=989 parts=68 triangles=27816 removed=180 supports=30 failures=0
CAP MAPPING: mesh=pawn_display_storm_shop_pawnbroker_case_e__brass_dull valid_basis=true max_uv_excess=0.00000047683716 widest=1.00023186322969 vertices=5564 derivatives=true bad_derivatives=0 min_determinant=0.00000005665506 worst_dot=0.99999988079071
CAP MAPPING: mesh=pawn_display_storm_shop_pawnbroker_case_e__fabric_warm valid_basis=true max_uv_excess=0.00000011920929 widest=1.00049067918559 vertices=534 derivatives=true bad_derivatives=0 min_determinant=0.00000001851025 worst_dot=0.99999988079071
CAP MAPPING: mesh=pawn_display_storm_shop_pawnbroker_case_e__glassish valid_basis=true max_uv_excess=0.00000011920929 widest=1.00000024835292 vertices=120 derivatives=true bad_derivatives=0 min_determinant=0.00188696266378 worst_dot=1.0
CAP MAPPING: mesh=pawn_display_storm_shop_pawnbroker_case_e__wood_dark valid_basis=true max_uv_excess=0.00000023841858 widest=1.00026923777996 vertices=15980 derivatives=true bad_derivatives=0 min_determinant=0.00000011561069 worst_dot=0.99999982118607
CAP MAPPING: mesh=pawn_display_storm_shop_pawnbroker_case_w__brass_dull valid_basis=true max_uv_excess=0.00000008940697 widest=1.0002413038904 vertices=5536 derivatives=true bad_derivatives=0 min_determinant=0.00000005664928 worst_dot=0.99999988079071
CAP MAPPING: mesh=pawn_display_storm_shop_pawnbroker_case_w__fabric_warm valid_basis=true max_uv_excess=0.00000023841858 widest=1.00036909105907 vertices=540 derivatives=true bad_derivatives=0 min_determinant=0.00000001849399 worst_dot=0.99999988079071
CAP MAPPING: mesh=pawn_display_storm_shop_pawnbroker_case_w__glassish valid_basis=true max_uv_excess=0.00000005960464 widest=1.00000012417646 vertices=120 derivatives=true bad_derivatives=0 min_determinant=0.00188696266378 worst_dot=1.0
CAP MAPPING: mesh=pawn_display_storm_shop_pawnbroker_case_w__wood_dark valid_basis=true max_uv_excess=0.00000047683716 widest=1.0003170016676 vertices=15972 derivatives=true bad_derivatives=0 min_determinant=0.00000011560126 worst_dot=0.99999958276749
CAP MAPPING: mesh=pawn_display_storm_shop_pawnbroker_window_plinth__bakelite_black valid_basis=true max_uv_excess=0.0000000661239 widest=1.00001257099973 vertices=3207 derivatives=true bad_derivatives=0 min_determinant=0.00000361796992 worst_dot=0.99999988079071
CAP MAPPING: mesh=pawn_display_storm_shop_pawnbroker_window_plinth__brass_dull valid_basis=true max_uv_excess=0.000000086613 widest=1.00013706978039 vertices=7186 derivatives=true bad_derivatives=0 min_determinant=0.00000046266191 worst_dot=0.99999988079071
CAP MAPPING: mesh=pawn_display_storm_shop_pawnbroker_window_plinth__fabric_warm valid_basis=true max_uv_excess=0.00000007584458 widest=1.00019726698027 vertices=994 derivatives=true bad_derivatives=0 min_determinant=0.00000011563898 worst_dot=0.99999988079071
CAP MAPPING: mesh=pawn_display_storm_shop_pawnbroker_window_plinth__glassish valid_basis=true max_uv_excess=0.00000010337681 widest=1.00002026416808 vertices=614 derivatives=true bad_derivatives=0 min_determinant=0.00001530392438 worst_dot=1.0
CAP MAPPING: mesh=pawn_display_storm_shop_pawnbroker_window_plinth__iron_blackened valid_basis=true max_uv_excess=0.00000007636845 widest=1.00007673018078 vertices=731 derivatives=true bad_derivatives=0 min_determinant=0.00000069972841 worst_dot=0.99999988079071
CAP MAPPING: mesh=pawn_display_storm_shop_pawnbroker_window_plinth__plywood valid_basis=true max_uv_excess=0.00000011920929 widest=1.00021395852256 vertices=512 derivatives=true bad_derivatives=0 min_determinant=0.00000011562012 worst_dot=0.99999988079071
CAP MAPPING: mesh=pawn_display_storm_shop_pawnbroker_window_plinth__porcelain valid_basis=true max_uv_excess=0.00000005122274 widest=1.00001583246643 vertices=293 derivatives=true bad_derivatives=0 min_determinant=0.00001360371486 worst_dot=1.0
CAP MAPPING: mesh=pawn_display_storm_shop_pawnbroker_window_plinth__wood_dark valid_basis=true max_uv_excess=0.0000001200242 widest=1.00024040385299 vertices=13790 derivatives=true bad_derivatives=0 min_determinant=0.00000011562663 worst_dot=0.99999982118607
PAWN DISPLAY: checks=299 parts=16 triangles=28296 removed=96 supports=14 failures=0
CAP MAPPING: mesh=hardware_stock_storm_shop_hardware_paint_bin_e0__metal valid_basis=true max_uv_excess=0.00000047683716 widest=1.00007364530208 vertices=1116 derivatives=true bad_derivatives=0 min_determinant=0.00000017915306 worst_dot=0.99999988079071
CAP MAPPING: mesh=hardware_stock_storm_shop_hardware_paint_bin_e0__timber valid_basis=true max_uv_excess=0.00000047683716 widest=1.00016402546639 vertices=12443 derivatives=true bad_derivatives=0 min_determinant=0.00000011564695 worst_dot=0.99999982118607
CAP MAPPING: mesh=hardware_stock_storm_shop_hardware_paint_bin_w0__metal valid_basis=true max_uv_excess=0.00000047683716 widest=1.00008634506299 vertices=1115 derivatives=true bad_derivatives=0 min_determinant=0.00000017922309 worst_dot=0.99999988079071
CAP MAPPING: mesh=hardware_stock_storm_shop_hardware_paint_bin_w0__timber valid_basis=true max_uv_excess=0.00000047683716 widest=1.00017137673975 vertices=12290 derivatives=true bad_derivatives=0 min_determinant=0.00000011562809 worst_dot=0.99999958276749
CAP MAPPING: mesh=hardware_stock_storm_shop_hardware_paint_counter__countertop valid_basis=true max_uv_excess=0.00000011920929 widest=1.00009725606247 vertices=504 derivatives=true bad_derivatives=0 min_determinant=0.00000104100167 worst_dot=0.99999988079071
CAP MAPPING: mesh=hardware_stock_storm_shop_hardware_paint_counter__paper valid_basis=true max_uv_excess=0.00000005640322 widest=1.00011665837848 vertices=530 derivatives=true bad_derivatives=0 min_determinant=0.0000001156337 worst_dot=0.99999988079071
CAP MAPPING: mesh=hardware_stock_storm_shop_hardware_paint_counter__wood_dark valid_basis=true max_uv_excess=0.00000008847564 widest=1.00016996534029 vertices=11274 derivatives=true bad_derivatives=0 min_determinant=0.00000011562663 worst_dot=0.99999982118607
CAP MAPPING: mesh=hardware_stock_storm_shop_hardware_paint_stock_e0__metal valid_basis=true max_uv_excess=0.00000008102506 widest=1.00002515987094 vertices=4928 derivatives=true bad_derivatives=0 min_determinant=0.00000056932186 worst_dot=0.99999982118607
CAP MAPPING: mesh=hardware_stock_storm_shop_hardware_paint_stock_e0__safety_orange valid_basis=true max_uv_excess=0.00000007159542 widest=1.00015560094934 vertices=2548 derivatives=true bad_derivatives=0 min_determinant=0.00000011566076 worst_dot=0.99999988079071
CAP MAPPING: mesh=hardware_stock_storm_shop_hardware_paint_stock_e1__brass_dull valid_basis=true max_uv_excess=0.00000008521602 widest=1.00001657493718 vertices=8534 derivatives=true bad_derivatives=0 min_determinant=0.00003231910803 worst_dot=0.99999988079071
CAP MAPPING: mesh=hardware_stock_storm_shop_hardware_paint_stock_e1__timber valid_basis=true max_uv_excess=0.00000008346979 widest=1.00016830166136 vertices=2544 derivatives=true bad_derivatives=0 min_determinant=0.00000011566076 worst_dot=0.99999982118607
CAP MAPPING: mesh=hardware_stock_storm_shop_hardware_paint_stock_e2__metal valid_basis=true max_uv_excess=0.00000007939525 widest=1.00014277262531 vertices=6975 derivatives=true bad_derivatives=0 min_determinant=0.00000002723714 worst_dot=0.99999874830246
CAP MAPPING: mesh=hardware_stock_storm_shop_hardware_paint_stock_e2__timber valid_basis=true max_uv_excess=0.00000008632196 widest=1.00017405355592 vertices=2548 derivatives=true bad_derivatives=0 min_determinant=0.00000011563917 worst_dot=0.99999988079071
CAP MAPPING: mesh=hardware_stock_storm_shop_hardware_paint_stock_e3__metal valid_basis=true max_uv_excess=0.00000007450581 widest=1.0000224911711 vertices=4894 derivatives=true bad_derivatives=0 min_determinant=0.00000056932186 worst_dot=0.99999988079071
CAP MAPPING: mesh=hardware_stock_storm_shop_hardware_paint_stock_e3__safety_orange valid_basis=true max_uv_excess=0.00000008501229 widest=1.00023263109431 vertices=2544 derivatives=true bad_derivatives=0 min_determinant=0.00000011566076 worst_dot=0.99999988079071
CAP MAPPING: mesh=hardware_stock_storm_shop_hardware_paint_stock_e4__brass_dull valid_basis=true max_uv_excess=0.00000008614734 widest=1.00001657493718 vertices=8504 derivatives=true bad_derivatives=0 min_determinant=0.00003231777078 worst_dot=0.99999988079071
CAP MAPPING: mesh=hardware_stock_storm_shop_hardware_paint_stock_e4__timber valid_basis=true max_uv_excess=0.00000008492498 widest=1.00017123675541 vertices=2552 derivatives=true bad_derivatives=0 min_determinant=0.00000011566076 worst_dot=0.99999988079071
CAP MAPPING: mesh=hardware_stock_storm_shop_hardware_paint_stock_e5__metal valid_basis=true max_uv_excess=0.00000007785275 widest=1.00016996799582 vertices=7100 derivatives=true bad_derivatives=0 min_determinant=0.000000027052 worst_dot=0.99999862909317
CAP MAPPING: mesh=hardware_stock_storm_shop_hardware_paint_stock_e5__timber valid_basis=true max_uv_excess=0.00000007922063 widest=1.00015973263503 vertices=2534 derivatives=true bad_derivatives=0 min_determinant=0.00000011566076 worst_dot=0.99999982118607
CAP MAPPING: mesh=hardware_stock_storm_shop_hardware_paint_stock_e6__metal valid_basis=true max_uv_excess=0.0000000630971 widest=1.00002515987094 vertices=4870 derivatives=true bad_derivatives=0 min_determinant=0.00000056932186 worst_dot=0.99999988079071
CAP MAPPING: mesh=hardware_stock_storm_shop_hardware_paint_stock_e6__safety_orange valid_basis=true max_uv_excess=0.00000007788185 widest=1.0001569603556 vertices=2542 derivatives=true bad_derivatives=0 min_determinant=0.00000011564841 worst_dot=0.99999988079071
CAP MAPPING: mesh=hardware_stock_storm_shop_hardware_paint_stock_e7__brass_dull valid_basis=true max_uv_excess=0.00000007916242 widest=1.00001800971324 vertices=8556 derivatives=true bad_derivatives=0 min_determinant=0.00003231910803 worst_dot=0.99999988079071
CAP MAPPING: mesh=hardware_stock_storm_shop_hardware_paint_stock_e7__timber valid_basis=true max_uv_excess=0.00000008312054 widest=1.00016079726618 vertices=2544 derivatives=true bad_derivatives=0 min_determinant=0.00000011565804 worst_dot=0.99999988079071
CAP MAPPING: mesh=hardware_stock_storm_shop_hardware_paint_stock_e8__metal valid_basis=true max_uv_excess=0.00000008667121 widest=1.00018931529401 vertices=6953 derivatives=true bad_derivatives=0 min_determinant=0.00000002721485 worst_dot=0.99999809265137
CAP MAPPING: mesh=hardware_stock_storm_shop_hardware_paint_stock_e8__timber valid_basis=true max_uv_excess=0.00000008498318 widest=1.00017135414136 vertices=2546 derivatives=true bad_derivatives=0 min_determinant=0.00000011563101 worst_dot=0.99999988079071
CAP MAPPING: mesh=hardware_stock_storm_shop_hardware_paint_stock_e9__metal valid_basis=true max_uv_excess=0.0000000661239 widest=1.0000224911711 vertices=4874 derivatives=true bad_derivatives=0 min_determinant=0.00000056932186 worst_dot=0.99999988079071
CAP MAPPING: mesh=hardware_stock_storm_shop_hardware_paint_stock_e9__safety_orange valid_basis=true max_uv_excess=0.00000007700874 widest=1.0001569603556 vertices=2532 derivatives=true bad_derivatives=0 min_determinant=0.00000011563898 worst_dot=0.99999988079071
CAP MAPPING: mesh=hardware_stock_storm_shop_hardware_paint_stock_e10__brass_dull valid_basis=true max_uv_excess=0.00000008614734 widest=1.00001657493718 vertices=8500 derivatives=true bad_derivatives=0 min_determinant=0.00003231777078 worst_dot=0.99999988079071
CAP MAPPING: mesh=hardware_stock_storm_shop_hardware_paint_stock_e10__timber valid_basis=true max_uv_excess=0.00000008760253 widest=1.00017663560462 vertices=2526 derivatives=true bad_derivatives=0 min_determinant=0.00000011566076 worst_dot=0.99999988079071
CAP MAPPING: mesh=hardware_stock_storm_shop_hardware_paint_stock_e11__metal valid_basis=true max_uv_excess=0.00000008562347 widest=1.0001862321834 vertices=7042 derivatives=true bad_derivatives=0 min_determinant=0.00000002706611 worst_dot=0.99999850988388
CAP MAPPING: mesh=hardware_stock_storm_shop_hardware_paint_stock_e11__timber valid_basis=true max_uv_excess=0.00000008335337 widest=1.00016806689156 vertices=2528 derivatives=true bad_derivatives=0 min_determinant=0.00000011565804 worst_dot=0.99999988079071
CAP MAPPING: mesh=hardware_stock_storm_shop_hardware_paint_stock_e12__metal valid_basis=true max_uv_excess=0.00000008102506 widest=1.00002562249785 vertices=4966 derivatives=true bad_derivatives=0 min_determinant=0.00000056932186 worst_dot=0.99999988079071
CAP MAPPING: mesh=hardware_stock_storm_shop_hardware_paint_stock_e12__safety_orange valid_basis=true max_uv_excess=0.0000000782311 widest=1.00015193732028 vertices=2538 derivatives=true bad_derivatives=0 min_determinant=0.00000011566076 worst_dot=0.99999988079071
CAP MAPPING: mesh=hardware_stock_storm_shop_hardware_paint_stock_e13__brass_dull valid_basis=true max_uv_excess=0.00000008335337 widest=1.00001646369599 vertices=8572 derivatives=true bad_derivatives=0 min_determinant=0.00003231888794 worst_dot=0.99999988079071
CAP MAPPING: mesh=hardware_stock_storm_shop_hardware_paint_stock_e13__timber valid_basis=true max_uv_excess=0.00000008312054 widest=1.00016079726618 vertices=2536 derivatives=true bad_derivatives=0 min_determinant=0.00000011566076 worst_dot=0.99999988079071
CAP MAPPING: mesh=hardware_stock_storm_shop_hardware_paint_stock_e14__metal valid_basis=true max_uv_excess=0.00000008160714 widest=1.00015243224139 vertices=7204 derivatives=true bad_derivatives=0 min_determinant=0.00000002721664 worst_dot=0.99999934434891
CAP MAPPING: mesh=hardware_stock_storm_shop_hardware_paint_stock_e14__timber valid_basis=true max_uv_excess=0.00000008632196 widest=1.00017405355592 vertices=2546 derivatives=true bad_derivatives=0 min_determinant=0.0000001156419 worst_dot=0.99999988079071
CAP MAPPING: mesh=hardware_stock_storm_shop_hardware_paint_stock_e15__metal valid_basis=true max_uv_excess=0.00000007450581 widest=1.00002355336519 vertices=4878 derivatives=true bad_derivatives=0 min_determinant=0.00000056932186 worst_dot=0.99999988079071
CAP MAPPING: mesh=hardware_stock_storm_shop_hardware_paint_stock_e15__safety_orange valid_basis=true max_uv_excess=0.00000007910421 widest=1.0001569603556 vertices=2512 derivatives=true bad_derivatives=0 min_determinant=0.00000011563898 worst_dot=0.99999988079071
CAP MAPPING: mesh=hardware_stock_storm_shop_hardware_paint_stock_e16__brass_dull valid_basis=true max_uv_excess=0.0000000782311 widest=1.00001657493718 vertices=8506 derivatives=true bad_derivatives=0 min_determinant=0.00003231777078 worst_dot=0.99999988079071
CAP MAPPING: mesh=hardware_stock_storm_shop_hardware_paint_stock_e16__timber valid_basis=true max_uv_excess=0.00000008626375 widest=1.00017393616965 vertices=2546 derivatives=true bad_derivatives=0 min_determinant=0.00000011565532 worst_dot=0.99999988079071
CAP MAPPING: mesh=hardware_stock_storm_shop_hardware_paint_stock_e17__metal valid_basis=true max_uv_excess=0.00000007607741 widest=1.0001660590751 vertices=7074 derivatives=true bad_derivatives=0 min_determinant=0.00000002707147 worst_dot=0.99999898672104
CAP MAPPING: mesh=hardware_stock_storm_shop_hardware_paint_stock_e17__timber valid_basis=true max_uv_excess=0.00000007869676 widest=1.00017726469585 vertices=2532 derivatives=true bad_derivatives=0 min_determinant=0.00000011565532 worst_dot=0.99999982118607
CAP MAPPING: mesh=hardware_stock_storm_shop_hardware_paint_stock_w0__metal valid_basis=true max_uv_excess=0.00000008102506 widest=1.0000244462753 vertices=4832 derivatives=true bad_derivatives=0 min_determinant=0.00000056932186 worst_dot=0.99999988079071
CAP MAPPING: mesh=hardware_stock_storm_shop_hardware_paint_stock_w0__safety_orange valid_basis=true max_uv_excess=0.00000007456401 widest=1.00016269641232 vertices=2538 derivatives=true bad_derivatives=0 min_determinant=0.00000011566076 worst_dot=0.99999988079071
CAP MAPPING: mesh=hardware_stock_storm_shop_hardware_paint_stock_w1__brass_dull valid_basis=true max_uv_excess=0.00000008381903 widest=1.00001657493718 vertices=8458 derivatives=true bad_derivatives=0 min_determinant=0.000032322323 worst_dot=0.99999988079071
CAP MAPPING: mesh=hardware_stock_storm_shop_hardware_paint_stock_w1__timber valid_basis=true max_uv_excess=0.00000008638017 widest=1.00017417094221 vertices=2498 derivatives=true bad_derivatives=0 min_determinant=0.00000011566076 worst_dot=0.99999988079071
CAP MAPPING: mesh=hardware_stock_storm_shop_hardware_paint_stock_w2__metal valid_basis=true max_uv_excess=0.00000007427298 widest=1.00015000704569 vertices=7178 derivatives=true bad_derivatives=0 min_determinant=0.00000002723714 worst_dot=0.9999988079071
CAP MAPPING: mesh=hardware_stock_storm_shop_hardware_paint_stock_w2__timber valid_basis=true max_uv_excess=0.00000008346979 widest=1.00018076921362 vertices=2502 derivatives=true bad_derivatives=0 min_determinant=0.00000011566076 worst_dot=0.99999988079071
CAP MAPPING: mesh=hardware_stock_storm_shop_hardware_paint_stock_w3__metal valid_basis=true max_uv_excess=0.00000007450581 widest=1.00002421333862 vertices=4830 derivatives=true bad_derivatives=0 min_determinant=0.00000056932186 worst_dot=0.99999982118607
CAP MAPPING: mesh=hardware_stock_storm_shop_hardware_paint_stock_w3__safety_orange valid_basis=true max_uv_excess=0.00000007305061 widest=1.00017854526226 vertices=2538 derivatives=true bad_derivatives=0 min_determinant=0.00000011566076 worst_dot=0.99999988079071
CAP MAPPING: mesh=hardware_stock_storm_shop_hardware_paint_stock_w4__brass_dull valid_basis=true max_uv_excess=0.00000008381903 widest=1.00001646369599 vertices=8442 derivatives=true bad_derivatives=0 min_determinant=0.00003232201173 worst_dot=0.99999988079071
CAP MAPPING: mesh=hardware_stock_storm_shop_hardware_paint_stock_w4__timber valid_basis=true max_uv_excess=0.00000008626375 widest=1.00017393616965 vertices=2512 derivatives=true bad_derivatives=0 min_determinant=0.00000011566008 worst_dot=0.99999988079071
CAP MAPPING: mesh=hardware_stock_storm_shop_hardware_paint_stock_w5__metal valid_basis=true max_uv_excess=0.00000007785275 widest=1.00016996799582 vertices=7037 derivatives=true bad_derivatives=0 min_determinant=0.000000027052 worst_dot=0.99999862909317
CAP MAPPING: mesh=hardware_stock_storm_shop_hardware_paint_stock_w5__timber valid_basis=true max_uv_excess=0.00000008632196 widest=1.00017405355592 vertices=2492 derivatives=true bad_derivatives=0 min_determinant=0.00000011564987 worst_dot=0.99999988079071
CAP MAPPING: mesh=hardware_stock_storm_shop_hardware_paint_stock_w6__metal valid_basis=true max_uv_excess=0.00000008824281 widest=1.00002790584935 vertices=4806 derivatives=true bad_derivatives=0 min_determinant=0.00000056932186 worst_dot=0.99999988079071
CAP MAPPING: mesh=hardware_stock_storm_shop_hardware_paint_stock_w6__safety_orange valid_basis=true max_uv_excess=0.00000006909249 widest=1.00015760027108 vertices=2530 derivatives=true bad_derivatives=0 min_determinant=0.00000011566076 worst_dot=0.99999988079071
CAP MAPPING: mesh=hardware_stock_storm_shop_hardware_paint_stock_w7__brass_dull valid_basis=true max_uv_excess=0.00000008614734 widest=1.00001624121361 vertices=8460 derivatives=true bad_derivatives=0 min_determinant=0.000032322323 worst_dot=0.99999988079071
CAP MAPPING: mesh=hardware_stock_storm_shop_hardware_paint_stock_w7__timber valid_basis=true max_uv_excess=0.00000008754432 widest=1.00017651821805 vertices=2520 derivatives=true bad_derivatives=0 min_determinant=0.00000011563898 worst_dot=0.99999982118607
CAP MAPPING: mesh=hardware_stock_storm_shop_hardware_paint_stock_w8__metal valid_basis=true max_uv_excess=0.00000008032657 widest=1.0001560080552 vertices=7146 derivatives=true bad_derivatives=0 min_determinant=0.00000002721664 worst_dot=0.99999845027924
CAP MAPPING: mesh=hardware_stock_storm_shop_hardware_paint_stock_w8__timber valid_basis=true max_uv_excess=0.00000008760253 widest=1.00017663560462 vertices=2504 derivatives=true bad_derivatives=0 min_determinant=0.00000011564987 worst_dot=0.99999982118607
CAP MAPPING: mesh=hardware_stock_storm_shop_hardware_paint_stock_w9__metal valid_basis=true max_uv_excess=0.00000007450581 widest=1.00002421333862 vertices=4800 derivatives=true bad_derivatives=0 min_determinant=0.00000056932186 worst_dot=0.99999988079071
CAP MAPPING: mesh=hardware_stock_storm_shop_hardware_paint_stock_w9__safety_orange valid_basis=true max_uv_excess=0.00000006810296 widest=1.00014700453182 vertices=2516 derivatives=true bad_derivatives=0 min_determinant=0.00000011563898 worst_dot=0.99999988079071
CAP MAPPING: mesh=hardware_stock_storm_shop_hardware_paint_stock_w10__brass_dull valid_basis=true max_uv_excess=0.00000008381903 widest=1.00001657493718 vertices=8440 derivatives=true bad_derivatives=0 min_determinant=0.00003232201173 worst_dot=0.99999988079071
CAP MAPPING: mesh=hardware_stock_storm_shop_hardware_paint_stock_w10__timber valid_basis=true max_uv_excess=0.00000008346979 widest=1.00016830166136 vertices=2506 derivatives=true bad_derivatives=0 min_determinant=0.00000011564987 worst_dot=0.99999988079071
CAP MAPPING: mesh=hardware_stock_storm_shop_hardware_paint_stock_w11__metal valid_basis=true max_uv_excess=0.0000000957516 widest=1.00016996799582 vertices=7158 derivatives=true bad_derivatives=0 min_determinant=0.00000002706611 worst_dot=0.99999886751175
CAP MAPPING: mesh=hardware_stock_storm_shop_hardware_paint_stock_w11__timber valid_basis=true max_uv_excess=0.00000008626375 widest=1.00017393616965 vertices=2512 derivatives=true bad_derivatives=0 min_determinant=0.00000011565872 worst_dot=0.99999988079071
CAP MAPPING: mesh=hardware_stock_storm_shop_hardware_paint_stock_w12__metal valid_basis=true max_uv_excess=0.00000008521602 widest=1.0000269467142 vertices=4852 derivatives=true bad_derivatives=0 min_determinant=0.00000056932186 worst_dot=0.99999988079071
CAP MAPPING: mesh=hardware_stock_storm_shop_hardware_paint_stock_w12__safety_orange valid_basis=true max_uv_excess=0.00000007508788 widest=1.00017711308695 vertices=2546 derivatives=true bad_derivatives=0 min_determinant=0.00000011563898 worst_dot=0.99999988079071
CAP MAPPING: mesh=hardware_stock_storm_shop_hardware_paint_stock_w13__brass_dull valid_basis=true max_uv_excess=0.00000008335337 widest=1.00001646369599 vertices=8466 derivatives=true bad_derivatives=0 min_determinant=0.000032322323 worst_dot=0.99999988079071
CAP MAPPING: mesh=hardware_stock_storm_shop_hardware_paint_stock_w13__timber valid_basis=true max_uv_excess=0.00000008638017 widest=1.00017417094221 vertices=2522 derivatives=true bad_derivatives=0 min_determinant=0.00000011566076 worst_dot=0.99999988079071
CAP MAPPING: mesh=hardware_stock_storm_shop_hardware_paint_stock_w14__metal valid_basis=true max_uv_excess=0.00000007249764 widest=1.00015840423157 vertices=7259 derivatives=true bad_derivatives=0 min_determinant=0.00000002721485 worst_dot=0.99999892711639
CAP MAPPING: mesh=hardware_stock_storm_shop_hardware_paint_stock_w14__timber valid_basis=true max_uv_excess=0.00000008882489 widest=1.00017121746769 vertices=2520 derivatives=true bad_derivatives=0 min_determinant=0.0000001156594 worst_dot=0.99999988079071
CAP MAPPING: mesh=hardware_stock_storm_shop_hardware_paint_stock_w15__metal valid_basis=true max_uv_excess=0.00000006984919 widest=1.00002421333862 vertices=4844 derivatives=true bad_derivatives=0 min_determinant=0.00000056932186 worst_dot=0.99999988079071
CAP MAPPING: mesh=hardware_stock_storm_shop_hardware_paint_stock_w15__safety_orange valid_basis=true max_uv_excess=0.00000007404014 widest=1.00017496098816 vertices=2514 derivatives=true bad_derivatives=0 min_determinant=0.00000011564841 worst_dot=0.99999988079071
CAP MAPPING: mesh=hardware_stock_storm_shop_hardware_paint_stock_w16__brass_dull valid_basis=true max_uv_excess=0.00000008521602 widest=1.00001657493718 vertices=8452 derivatives=true bad_derivatives=0 min_determinant=0.00003232228449 worst_dot=0.99999988079071
CAP MAPPING: mesh=hardware_stock_storm_shop_hardware_paint_stock_w16__timber valid_basis=true max_uv_excess=0.00000008626375 widest=1.00017393616965 vertices=2512 derivatives=true bad_derivatives=0 min_determinant=0.00000011565532 worst_dot=0.99999988079071
CAP MAPPING: mesh=hardware_stock_storm_shop_hardware_paint_stock_w17__metal valid_basis=true max_uv_excess=0.00000007607741 widest=1.0001660590751 vertices=7126 derivatives=true bad_derivatives=0 min_determinant=0.00000002707147 worst_dot=0.99999892711639
CAP MAPPING: mesh=hardware_stock_storm_shop_hardware_paint_stock_w17__timber valid_basis=true max_uv_excess=0.00000008760253 widest=1.00017663560462 vertices=2514 derivatives=true bad_derivatives=0 min_determinant=0.00000011565784 worst_dot=0.99999988079071
CAP MAPPING: mesh=hardware_stock_storm_shop_hardware_paint_window_plinth__plywood valid_basis=true max_uv_excess=0.00000011280645 widest=1.00011372394516 vertices=524 derivatives=true bad_derivatives=0 min_determinant=0.00000046255592 worst_dot=0.99999988079071
CAP MAPPING: mesh=hardware_stock_storm_shop_hardware_paint_window_plinth__wood_dark valid_basis=true max_uv_excess=0.00000011920929 widest=1.00016874145393 vertices=6572 derivatives=true bad_derivatives=0 min_determinant=0.00000011567019 worst_dot=0.99999988079071
[PLAYER] pointer captured (backtick key)
HARDWARE STOCK: checks=1372 parts=81 triangles=170472 removed=636 supports=56 failures=0
FABRICATION BATCH: worlds=1 modules=24 module_checks=11952 failures=0 elapsed_ms=53770
