SCRIPT ERROR: Parse Error: Cannot infer the type of "new_energy" variable because the value doesn't have a set type.
   at: GDScript::reload (res://scripts/lamp/lamp_optical_voxel_field.gd:156)
SCRIPT ERROR: Parse Error: Cannot infer the type of "moved" variable because the value doesn't have a set type.
   at: GDScript::reload (res://scripts/lamp/lamp_optical_voxel_field.gd:174)
SCRIPT ERROR: Compile Error: Failed to compile depended scripts.
   at: GDScript::reload (res://scripts/building/orison_v2_lamp_atmosphere.gd:0)
SCRIPT ERROR: Compile Error: Failed to compile depended scripts.
   at: GDScript::reload (res://scripts/building/orison_v2_runtime_root.gd:0)
ERROR: Failed to load script "res://scripts/building/orison_v2_runtime_root.gd" with error "Compilation failed".
   at: load (modules/gdscript/gdscript_resource_format.cpp:46)
SCRIPT ERROR: Invalid call. Nonexistent function 'new' in base 'GDScript'.
   at: setup (res://scripts/building/orison_v2_lamp_atmosphere.gd:20)
   GDScript backtrace (most recent call first):
       [0] setup (res://scripts/building/orison_v2_lamp_atmosphere.gd:20)
       [1] _ready (res://scripts/building/orison_v2_runtime_root.gd:126)
       [2] _run (res://tests/orison_v2_lamp_review.gd:25)
SCRIPT ERROR: Invalid assignment of property or key 'visible' with value of type 'bool' on a base object of type 'Nil'.
   at: _run (res://tests/orison_v2_lamp_review.gd:32)
   GDScript backtrace (most recent call first):
       [0] _run (res://tests/orison_v2_lamp_review.gd:32)
ERROR: Basis [X: (0.982159, 0.051047, 0.18099), Y: (-0.026706, 0.990554, -0.13446), Z: (-0.186146, 0.127227, 0.974245)] must be normalized in order to be casted to a Quaternion. Use get_rotation_quaternion() or call orthonormalized() if the Basis contains linearly independent vectors.
   at: get_quaternion (core/math/basis.cpp:717)
   GDScript backtrace (most recent call first):
       [0] _carry_service_light (res://scripts/player/player_controller.gd:430)
       [1] _process (res://scripts/player/player_controller.gd:330)
ERROR: Basis [X: (0.991487, 0.031786, 0.126267), Y: (-0.020489, 0.995746, -0.089779), Z: (-0.128585, 0.086428, 0.98792)] must be normalized in order to be casted to a Quaternion. Use get_rotation_quaternion() or call orthonormalized() if the Basis contains linearly independent vectors.
   at: get_quaternion (core/math/basis.cpp:717)
   GDScript backtrace (most recent call first):
       [0] _carry_service_light (res://scripts/player/player_controller.gd:430)
       [1] _process (res://scripts/player/player_controller.gd:330)
ERROR: Basis [X: (0.998196, 0.013893, 0.05841), Y: (-0.011413, 0.999023, -0.042574), Z: (-0.058945, 0.041831, 0.997379)] must be normalized in order to be casted to a Quaternion. Use get_rotation_quaternion() or call orthonormalized() if the Basis contains linearly independent vectors.
   at: get_quaternion (core/math/basis.cpp:717)
   GDScript backtrace (most recent call first):
       [0] _carry_service_light (res://scripts/player/player_controller.gd:430)
       [1] _process (res://scripts/player/player_controller.gd:330)
ERROR: Basis [X: (0.998233, 0.013935, 0.057769), Y: (-0.011526, 0.999053, -0.041833), Z: (-0.058298, 0.041093, 0.997448)] must be normalized in order to be casted to a Quaternion. Use get_rotation_quaternion() or call orthonormalized() if the Basis contains linearly independent vectors.
   at: get_quaternion (core/math/basis.cpp:717)
   GDScript backtrace (most recent call first):
       [0] _carry_service_light (res://scripts/player/player_controller.gd:430)
       [1] _process (res://scripts/player/player_controller.gd:330)
ERROR: Basis [X: (0.998236, 0.013843, 0.057728), Y: (-0.011482, 0.999086, -0.041044), Z: (-0.058244, 0.040309, 0.997483)] must be normalized in order to be casted to a Quaternion. Use get_rotation_quaternion() or call orthonormalized() if the Basis contains linearly independent vectors.
   at: get_quaternion (core/math/basis.cpp:717)
   GDScript backtrace (most recent call first):
       [0] _carry_service_light (res://scripts/player/player_controller.gd:430)
       [1] _process (res://scripts/player/player_controller.gd:330)
ERROR: Basis [X: (0.998259, 0.013921, 0.057321), Y: (-0.011579, 0.999087, -0.040986), Z: (-0.05784, 0.04025, 0.997509)] must be normalized in order to be casted to a Quaternion. Use get_rotation_quaternion() or call orthonormalized() if the Basis contains linearly independent vectors.
   at: get_quaternion (core/math/basis.cpp:717)
   GDScript backtrace (most recent call first):
       [0] _carry_service_light (res://scripts/player/player_controller.gd:430)
       [1] _process (res://scripts/player/player_controller.gd:330)
ERROR: Basis [X: (0.998284, 0.013917, 0.056882), Y: (-0.011634, 0.999116, -0.040267), Z: (-0.057393, 0.039536, 0.997563)] must be normalized in order to be casted to a Quaternion. Use get_rotation_quaternion() or call orthonormalized() if the Basis contains linearly independent vectors.
   at: get_quaternion (core/math/basis.cpp:717)
   GDScript backtrace (most recent call first):
       [0] _carry_service_light (res://scripts/player/player_controller.gd:430)
       [1] _process (res://scripts/player/player_controller.gd:330)
ERROR: Basis [X: (0.984689, 0.056309, 0.164973), Y: (-0.030196, 0.987178, -0.156711), Z: (-0.171684, 0.14933, 0.973763)] must be normalized in order to be casted to a Quaternion. Use get_rotation_quaternion() or call orthonormalized() if the Basis contains linearly independent vectors.
   at: get_quaternion (core/math/basis.cpp:717)
   GDScript backtrace (most recent call first):
       [0] _carry_service_light (res://scripts/player/player_controller.gd:430)
       [1] _process (res://scripts/player/player_controller.gd:330)
ERROR: Basis [X: (0.993724, 0.031475, 0.107341), Y: (-0.021977, 0.995824, -0.088547), Z: (-0.109681, 0.085632, 0.990266)] must be normalized in order to be casted to a Quaternion. Use get_rotation_quaternion() or call orthonormalized() if the Basis contains linearly independent vectors.
   at: get_quaternion (core/math/basis.cpp:717)
   GDScript backtrace (most recent call first):
       [0] _carry_service_light (res://scripts/player/player_controller.gd:430)
       [1] _process (res://scripts/player/player_controller.gd:330)
ERROR: Basis [X: (0.984643, 0.056549, 0.165165), Y: (-0.029905, 0.98673, -0.159558), Z: (-0.171998, 0.152168, 0.973269)] must be normalized in order to be casted to a Quaternion. Use get_rotation_quaternion() or call orthonormalized() if the Basis contains linearly independent vectors.
   at: get_quaternion (core/math/basis.cpp:717)
   GDScript backtrace (most recent call first):
       [0] _carry_service_light (res://scripts/player/player_controller.gd:430)
       [1] _process (res://scripts/player/player_controller.gd:330)
ERROR: Basis [X: (1.0, 0.0, 0.0), Y: (0.0, 0.999995, 0.0), Z: (0.0, 0.0, 0.999995)] must be normalized in order to be casted to a Quaternion. Use get_rotation_quaternion() or call orthonormalized() if the Basis contains linearly independent vectors.
   at: get_quaternion (core/math/basis.cpp:717)
   GDScript backtrace (most recent call first):
       [0] _carry_service_light (res://scripts/player/player_controller.gd:430)
       [1] _process (res://scripts/player/player_controller.gd:330)
ERROR: Basis [X: (0.98442, 0.05739, 0.1662), Y: (-0.02935, 0.9856, -0.166496), Z: (-0.173364, 0.159024, 0.971929)] must be normalized in order to be casted to a Quaternion. Use get_rotation_quaternion() or call orthonormalized() if the Basis contains linearly independent vectors.
   at: get_quaternion (core/math/basis.cpp:717)
   GDScript backtrace (most recent call first):
       [0] _carry_service_light (res://scripts/player/player_controller.gd:430)
       [1] _process (res://scripts/player/player_controller.gd:330)
ERROR: Basis [X: (1.0, 0.0, 0.0), Y: (0.0, 0.999995, 0.0), Z: (0.0, 0.0, 0.999995)] must be normalized in order to be casted to a Quaternion. Use get_rotation_quaternion() or call orthonormalized() if the Basis contains linearly independent vectors.
   at: get_quaternion (core/math/basis.cpp:717)
   GDScript backtrace (most recent call first):
       [0] _carry_service_light (res://scripts/player/player_controller.gd:430)
       [1] _process (res://scripts/player/player_controller.gd:330)
ERROR: Basis [X: (0.984357, 0.058005, 0.16636), Y: (-0.029034, 0.984741, -0.171557), Z: (-0.173775, 0.164043, 0.971021)] must be normalized in order to be casted to a Quaternion. Use get_rotation_quaternion() or call orthonormalized() if the Basis contains linearly independent vectors.
   at: get_quaternion (core/math/basis.cpp:717)
   GDScript backtrace (most recent call first):
       [0] _carry_service_light (res://scripts/player/player_controller.gd:430)
       [1] _process (res://scripts/player/player_controller.gd:330)
ERROR: Basis [X: (1.0, 0.0, 0.0), Y: (0.0, 0.999995, 0.0), Z: (0.0, 0.0, 0.999995)] must be normalized in order to be casted to a Quaternion. Use get_rotation_quaternion() or call orthonormalized() if the Basis contains linearly independent vectors.
   at: get_quaternion (core/math/basis.cpp:717)
   GDScript backtrace (most recent call first):
       [0] _carry_service_light (res://scripts/player/player_controller.gd:430)
       [1] _process (res://scripts/player/player_controller.gd:330)
ERROR: Basis [X: (0.984209, 0.058936, 0.166912), Y: (-0.028599, 0.983495, -0.178634), Z: (-0.174687, 0.171039, 0.969649)] must be normalized in order to be casted to a Quaternion. Use get_rotation_quaternion() or call orthonormalized() if the Basis contains linearly independent vectors.
   at: get_quaternion (core/math/basis.cpp:717)
   GDScript backtrace (most recent call first):
       [0] _carry_service_light (res://scripts/player/player_controller.gd:430)
       [1] _process (res://scripts/player/player_controller.gd:330)
ERROR: Basis [X: (1.0, 0.0, 0.0), Y: (0.0, 0.999995, 0.0), Z: (0.0, 0.0, 0.999995)] must be normalized in order to be casted to a Quaternion. Use get_rotation_quaternion() or call orthonormalized() if the Basis contains linearly independent vectors.
   at: get_quaternion (core/math/basis.cpp:717)
   GDScript backtrace (most recent call first):
       [0] _carry_service_light (res://scripts/player/player_controller.gd:430)
       [1] _process (res://scripts/player/player_controller.gd:330)
ERROR: Basis [X: (0.984122, 0.059925, 0.167071), Y: (-0.028249, 0.98216, -0.185885), Z: (-0.175231, 0.178214, 0.968258)] must be normalized in order to be casted to a Quaternion. Use get_rotation_quaternion() or call orthonormalized() if the Basis contains linearly independent vectors.
   at: get_quaternion (core/math/basis.cpp:717)
   GDScript backtrace (most recent call first):
       [0] _carry_service_light (res://scripts/player/player_controller.gd:430)
       [1] _process (res://scripts/player/player_controller.gd:330)
ERROR: Basis [X: (1.0, 0.0, 0.0), Y: (0.0, 0.999995, 0.0), Z: (0.0, 0.0, 0.999995)] must be normalized in order to be casted to a Quaternion. Use get_rotation_quaternion() or call orthonormalized() if the Basis contains linearly independent vectors.
   at: get_quaternion (core/math/basis.cpp:717)
   GDScript backtrace (most recent call first):
       [0] _carry_service_light (res://scripts/player/player_controller.gd:430)
       [1] _process (res://scripts/player/player_controller.gd:330)
ERROR: Basis [X: (0.984044, 0.060543, 0.167308), Y: (-0.027924, 0.98122, -0.190831), Z: (-0.175722, 0.183114, 0.967254)] must be normalized in order to be casted to a Quaternion. Use get_rotation_quaternion() or call orthonormalized() if the Basis contains linearly independent vectors.
   at: get_quaternion (core/math/basis.cpp:717)
   GDScript backtrace (most recent call first):
       [0] _carry_service_light (res://scripts/player/player_controller.gd:430)
       [1] _process (res://scripts/player/player_controller.gd:330)
ERROR: Basis [X: (1.0, 0.0, 0.0), Y: (0.0, 0.999995, 0.0), Z: (0.0, 0.0, 0.999995)] must be normalized in order to be casted to a Quaternion. Use get_rotation_quaternion() or call orthonormalized() if the Basis contains linearly independent vectors.
   at: get_quaternion (core/math/basis.cpp:717)
   GDScript backtrace (most recent call first):
       [0] _carry_service_light (res://scripts/player/player_controller.gd:430)
       [1] _process (res://scripts/player/player_controller.gd:330)
ERROR: Basis [X: (0.998345, 0.016155, 0.055189), Y: (-0.01266, 0.997921, -0.063108), Z: (-0.056095, 0.062305, 0.996474)] must be normalized in order to be casted to a Quaternion. Use get_rotation_quaternion() or call orthonormalized() if the Basis contains linearly independent vectors.
   at: get_quaternion (core/math/basis.cpp:717)
   GDScript backtrace (most recent call first):
       [0] _carry_service_light (res://scripts/player/player_controller.gd:430)
       [1] _process (res://scripts/player/player_controller.gd:330)
ERROR: Basis [X: (0.983776, 0.062101, 0.168309), Y: (-0.027113, 0.978862, -0.202692), Z: (-0.17734, 0.19484, 0.964665)] must be normalized in order to be casted to a Quaternion. Use get_rotation_quaternion() or call orthonormalized() if the Basis contains linearly independent vectors.
   at: get_quaternion (core/math/basis.cpp:717)
   GDScript backtrace (most recent call first):
       [0] _carry_service_light (res://scripts/player/player_controller.gd:430)
       [1] _process (res://scripts/player/player_controller.gd:330)
ERROR: Basis [X: (1.0, 0.0, 0.0), Y: (0.0, 0.999995, 0.0), Z: (0.0, 0.0, 0.999995)] must be normalized in order to be casted to a Quaternion. Use get_rotation_quaternion() or call orthonormalized() if the Basis contains linearly independent vectors.
   at: get_quaternion (core/math/basis.cpp:717)
   GDScript backtrace (most recent call first):
       [0] _carry_service_light (res://scripts/player/player_controller.gd:430)
       [1] _process (res://scripts/player/player_controller.gd:330)
ERROR: Basis [X: (0.983819, 0.062829, 0.167789), Y: (-0.027093, 0.977893, -0.207317), Z: (-0.177107, 0.199416, 0.963772)] must be normalized in order to be casted to a Quaternion. Use get_rotation_quaternion() or call orthonormalized() if the Basis contains linearly independent vectors.
   at: get_quaternion (core/math/basis.cpp:717)
   GDScript backtrace (most recent call first):
       [0] _carry_service_light (res://scripts/player/player_controller.gd:430)
       [1] _process (res://scripts/player/player_controller.gd:330)
ERROR: Basis [X: (1.0, 0.0, 0.0), Y: (0.0, 0.999995, 0.0), Z: (0.0, 0.0, 0.999995)] must be normalized in order to be casted to a Quaternion. Use get_rotation_quaternion() or call orthonormalized() if the Basis contains linearly independent vectors.
   at: get_quaternion (core/math/basis.cpp:717)
   GDScript backtrace (most recent call first):
       [0] _carry_service_light (res://scripts/player/player_controller.gd:430)
       [1] _process (res://scripts/player/player_controller.gd:330)
ERROR: Basis [X: (0.983767, 0.063489, 0.167845), Y: (-0.026885, 0.976906, -0.211949), Z: (-0.177427, 0.203995, 0.962754)] must be normalized in order to be casted to a Quaternion. Use get_rotation_quaternion() or call orthonormalized() if the Basis contains linearly independent vectors.
   at: get_quaternion (core/math/basis.cpp:717)
   GDScript backtrace (most recent call first):
       [0] _carry_service_light (res://scripts/player/player_controller.gd:430)
       [1] _process (res://scripts/player/player_controller.gd:330)
ERROR: Basis [X: (1.0, 0.0, 0.0), Y: (0.0, 0.999995, 0.0), Z: (0.0, 0.0, 0.999995)] must be normalized in order to be casted to a Quaternion. Use get_rotation_quaternion() or call orthonormalized() if the Basis contains linearly independent vectors.
   at: get_quaternion (core/math/basis.cpp:717)
   GDScript backtrace (most recent call first):
       [0] _carry_service_light (res://scripts/player/player_controller.gd:430)
       [1] _process (res://scripts/player/player_controller.gd:330)
ERROR: Basis [X: (0.98372, 0.064154, 0.167867), Y: (-0.026687, 0.975897, -0.21657), Z: (-0.177716, 0.208564, 0.961721)] must be normalized in order to be casted to a Quaternion. Use get_rotation_quaternion() or call orthonormalized() if the Basis contains linearly independent vectors.
   at: get_quaternion (core/math/basis.cpp:717)
   GDScript backtrace (most recent call first):
       [0] _carry_service_light (res://scripts/player/player_controller.gd:430)
       [1] _process (res://scripts/player/player_controller.gd:330)
ERROR: Basis [X: (1.0, 0.0, 0.0), Y: (0.0, 0.999995, 0.0), Z: (0.0, 0.0, 0.999995)] must be normalized in order to be casted to a Quaternion. Use get_rotation_quaternion() or call orthonormalized() if the Basis contains linearly independent vectors.
   at: get_quaternion (core/math/basis.cpp:717)
   GDScript backtrace (most recent call first):
       [0] _carry_service_light (res://scripts/player/player_controller.gd:430)
       [1] _process (res://scripts/player/player_controller.gd:330)
ERROR: Basis [X: (0.983678, 0.064824, 0.167857), Y: (-0.0265, 0.974867, -0.221182), Z: (-0.177978, 0.213124, 0.960673)] must be normalized in order to be casted to a Quaternion. Use get_rotation_quaternion() or call orthonormalized() if the Basis contains linearly independent vectors.
   at: get_quaternion (core/math/basis.cpp:717)
   GDScript backtrace (most recent call first):
       [0] _carry_service_light (res://scripts/player/player_controller.gd:430)
       [1] _process (res://scripts/player/player_controller.gd:330)
ERROR: Basis [X: (1.0, 0.0, 0.0), Y: (0.0, 0.999995, 0.0), Z: (0.0, 0.0, 0.999995)] must be normalized in order to be casted to a Quaternion. Use get_rotation_quaternion() or call orthonormalized() if the Basis contains linearly independent vectors.
   at: get_quaternion (core/math/basis.cpp:717)
   GDScript backtrace (most recent call first):
       [0] _carry_service_light (res://scripts/player/player_controller.gd:430)
       [1] _process (res://scripts/player/player_controller.gd:330)
ERROR: Basis [X: (0.983639, 0.065112, 0.167969), Y: (-0.026323, 0.974333, -0.223545), Z: (-0.178215, 0.215466, 0.960106)] must be normalized in order to be casted to a Quaternion. Use get_rotation_quaternion() or call orthonormalized() if the Basis contains linearly independent vectors.
   at: get_quaternion (core/math/basis.cpp:717)
   GDScript backtrace (most recent call first):
       [0] _carry_service_light (res://scripts/player/player_controller.gd:430)
       [1] _process (res://scripts/player/player_controller.gd:330)
ERROR: Basis [X: (1.0, 0.0, 0.0), Y: (0.0, 0.999995, 0.0), Z: (0.0, 0.0, 0.999995)] must be normalized in order to be casted to a Quaternion. Use get_rotation_quaternion() or call orthonormalized() if the Basis contains linearly independent vectors.
   at: get_quaternion (core/math/basis.cpp:717)
   GDScript backtrace (most recent call first):
       [0] _carry_service_light (res://scripts/player/player_controller.gd:430)
       [1] _process (res://scripts/player/player_controller.gd:330)
ERROR: Basis [X: (0.983602, 0.066179, 0.167773), Y: (-0.026192, 0.972793, -0.230169), Z: (-0.178443, 0.222, 0.958574)] must be normalized in order to be casted to a Quaternion. Use get_rotation_quaternion() or call orthonormalized() if the Basis contains linearly independent vectors.
   at: get_quaternion (core/math/basis.cpp:717)
   GDScript backtrace (most recent call first):
       [0] _carry_service_light (res://scripts/player/player_controller.gd:430)
       [1] _process (res://scripts/player/player_controller.gd:330)
ERROR: Basis [X: (1.0, 0.0, 0.0), Y: (0.0, 0.999995, 0.0), Z: (0.0, 0.0, 0.999995)] must be normalized in order to be casted to a Quaternion. Use get_rotation_quaternion() or call orthonormalized() if the Basis contains linearly independent vectors.
   at: get_quaternion (core/math/basis.cpp:717)
   GDScript backtrace (most recent call first):
       [0] _carry_service_light (res://scripts/player/player_controller.gd:430)
       [1] _process (res://scripts/player/player_controller.gd:330)
ERROR: Basis [X: (0.983665, 0.06652, 0.167266), Y: (-0.026169, 0.972182, -0.232736), Z: (-0.178097, 0.224557, 0.958042)] must be normalized in order to be casted to a Quaternion. Use get_rotation_quaternion() or call orthonormalized() if the Basis contains linearly independent vectors.
   at: get_quaternion (core/math/basis.cpp:717)
   GDScript backtrace (most recent call first):
       [0] _carry_service_light (res://scripts/player/player_controller.gd:430)
       [1] _process (res://scripts/player/player_controller.gd:330)
ERROR: Basis [X: (1.0, 0.0, 0.0), Y: (0.0, 0.999995, 0.0), Z: (0.0, 0.0, 0.999995)] must be normalized in order to be casted to a Quaternion. Use get_rotation_quaternion() or call orthonormalized() if the Basis contains linearly independent vectors.
   at: get_quaternion (core/math/basis.cpp:717)
   GDScript backtrace (most recent call first):
       [0] _carry_service_light (res://scripts/player/player_controller.gd:430)
       [1] _process (res://scripts/player/player_controller.gd:330)
ERROR: Basis [X: (0.983533, 0.067537, 0.167632), Y: (-0.025853, 0.970583, -0.239353), Z: (-0.178868, 0.231078, 0.956347)] must be normalized in order to be casted to a Quaternion. Use get_rotation_quaternion() or call orthonormalized() if the Basis contains linearly independent vectors.
   at: get_quaternion (core/math/basis.cpp:717)
   GDScript backtrace (most recent call first):
       [0] _carry_service_light (res://scripts/player/player_controller.gd:430)
       [1] _process (res://scripts/player/player_controller.gd:330)
ERROR: Basis [X: (1.0, 0.0, 0.0), Y: (0.0, 0.999995, 0.0), Z: (0.0, 0.0, 0.999995)] must be normalized in order to be casted to a Quaternion. Use get_rotation_quaternion() or call orthonormalized() if the Basis contains linearly independent vectors.
   at: get_quaternion (core/math/basis.cpp:717)
   GDScript backtrace (most recent call first):
       [0] _carry_service_light (res://scripts/player/player_controller.gd:430)
       [1] _process (res://scripts/player/player_controller.gd:330)
ERROR: Basis [X: (0.983558, 0.067855, 0.167359), Y: (-0.025754, 0.96995, -0.241913), Z: (-0.178747, 0.233626, 0.95575)] must be normalized in order to be casted to a Quaternion. Use get_rotation_quaternion() or call orthonormalized() if the Basis contains linearly independent vectors.
   at: get_quaternion (core/math/basis.cpp:717)
   GDScript backtrace (most recent call first):
       [0] _carry_service_light (res://scripts/player/player_controller.gd:430)
       [1] _process (res://scripts/player/player_controller.gd:330)
ERROR: Basis [X: (1.0, 0.0, 0.0), Y: (0.0, 0.999995, 0.0), Z: (0.0, 0.0, 0.999995)] must be normalized in order to be casted to a Quaternion. Use get_rotation_quaternion() or call orthonormalized() if the Basis contains linearly independent vectors.
   at: get_quaternion (core/math/basis.cpp:717)
   GDScript backtrace (most recent call first):
       [0] _carry_service_light (res://scripts/player/player_controller.gd:430)
       [1] _process (res://scripts/player/player_controller.gd:330)
ERROR: Basis [X: (0.983528, 0.068928, 0.167098), Y: (-0.025642, 0.968289, -0.248493), Z: (-0.178929, 0.240115, 0.954106)] must be normalized in order to be casted to a Quaternion. Use get_rotation_quaternion() or call orthonormalized() if the Basis contains linearly independent vectors.
   at: get_quaternion (core/math/basis.cpp:717)
   GDScript backtrace (most recent call first):
       [0] _carry_service_light (res://scripts/player/player_controller.gd:430)
       [1] _process (res://scripts/player/player_controller.gd:330)
ERROR: Basis [X: (1.0, 0.0, 0.0), Y: (0.0, 0.999995, 0.0), Z: (0.0, 0.0, 0.999995)] must be normalized in order to be casted to a Quaternion. Use get_rotation_quaternion() or call orthonormalized() if the Basis contains linearly independent vectors.
   at: get_quaternion (core/math/basis.cpp:717)
   GDScript backtrace (most recent call first):
       [0] _carry_service_light (res://scripts/player/player_controller.gd:430)
       [1] _process (res://scripts/player/player_controller.gd:330)
ERROR: Basis [X: (0.983598, 0.069647, 0.166383), Y: (-0.025635, 0.967053, -0.25326), Z: (-0.178542, 0.244841, 0.952977)] must be normalized in order to be casted to a Quaternion. Use get_rotation_quaternion() or call orthonormalized() if the Basis contains linearly independent vectors.
   at: get_quaternion (core/math/basis.cpp:717)
   GDScript backtrace (most recent call first):
       [0] _carry_service_light (res://scripts/player/player_controller.gd:430)
       [1] _process (res://scripts/player/player_controller.gd:330)
ERROR: Basis [X: (1.0, 0.0, 0.0), Y: (0.0, 0.999995, 0.0), Z: (0.0, 0.0, 0.999995)] must be normalized in order to be casted to a Quaternion. Use get_rotation_quaternion() or call orthonormalized() if the Basis contains linearly independent vectors.
   at: get_quaternion (core/math/basis.cpp:717)
   GDScript backtrace (most recent call first):
       [0] _carry_service_light (res://scripts/player/player_controller.gd:430)
       [1] _process (res://scripts/player/player_controller.gd:330)
ERROR: Basis [X: (0.983521, 0.071074, 0.166234), Y: (-0.025386, 0.96466, -0.262251), Z: (-0.179, 0.253709, 0.950568)] must be normalized in order to be casted to a Quaternion. Use get_rotation_quaternion() or call orthonormalized() if the Basis contains linearly independent vectors.
   at: get_quaternion (core/math/basis.cpp:717)
   GDScript backtrace (most recent call first):
       [0] _carry_service_light (res://scripts/player/player_controller.gd:430)
       [1] _process (res://scripts/player/player_controller.gd:330)
ERROR: Basis [X: (1.0, 0.0, 0.0), Y: (0.0, 0.999995, 0.0), Z: (0.0, 0.0, 0.999995)] must be normalized in order to be casted to a Quaternion. Use get_rotation_quaternion() or call orthonormalized() if the Basis contains linearly independent vectors.
   at: get_quaternion (core/math/basis.cpp:717)
   GDScript backtrace (most recent call first):
       [0] _carry_service_light (res://scripts/player/player_controller.gd:430)
       [1] _process (res://scripts/player/player_controller.gd:330)
ERROR: Basis [X: (0.983641, 0.071796, 0.165212), Y: (-0.025438, 0.963307, -0.267175), Z: (-0.178334, 0.258602, 0.949374)] must be normalized in order to be casted to a Quaternion. Use get_rotation_quaternion() or call orthonormalized() if the Basis contains linearly independent vectors.
   at: get_quaternion (core/math/basis.cpp:717)
   GDScript backtrace (most recent call first):
       [0] _carry_service_light (res://scripts/player/player_controller.gd:430)
       [1] _process (res://scripts/player/player_controller.gd:330)
ERROR: Basis [X: (1.0, 0.0, 0.0), Y: (0.0, 0.999995, 0.0), Z: (0.0, 0.0, 0.999995)] must be normalized in order to be casted to a Quaternion. Use get_rotation_quaternion() or call orthonormalized() if the Basis contains linearly independent vectors.
   at: get_quaternion (core/math/basis.cpp:717)
   GDScript backtrace (most recent call first):
       [0] _carry_service_light (res://scripts/player/player_controller.gd:430)
       [1] _process (res://scripts/player/player_controller.gd:330)
ERROR: Basis [X: (0.983605, 0.073233, 0.164795), Y: (-0.02528, 0.960796, -0.27608), Z: (-0.178554, 0.267388, 0.946896)] must be normalized in order to be casted to a Quaternion. Use get_rotation_quaternion() or call orthonormalized() if the Basis contains linearly independent vectors.
   at: get_quaternion (core/math/basis.cpp:717)
   GDScript backtrace (most recent call first):
       [0] _carry_service_light (res://scripts/player/player_controller.gd:430)
       [1] _process (res://scripts/player/player_controller.gd:330)
ERROR: Basis [X: (1.0, 0.0, 0.0), Y: (0.0, 0.999995, 0.0), Z: (0.0, 0.0, 0.999995)] must be normalized in order to be casted to a Quaternion. Use get_rotation_quaternion() or call orthonormalized() if the Basis contains linearly independent vectors.
   at: get_quaternion (core/math/basis.cpp:717)
   GDScript backtrace (most recent call first):
       [0] _carry_service_light (res://scripts/player/player_controller.gd:430)
       [1] _process (res://scripts/player/player_controller.gd:330)
ERROR: Basis [X: (0.98367, 0.073926, 0.164095), Y: (-0.025233, 0.959383, -0.280955), Z: (-0.178202, 0.272226, 0.945583)] must be normalized in order to be casted to a Quaternion. Use get_rotation_quaternion() or call orthonormalized() if the Basis contains linearly independent vectors.
   at: get_quaternion (core/math/basis.cpp:717)
   GDScript backtrace (most recent call first):
       [0] _carry_service_light (res://scripts/player/player_controller.gd:430)
       [1] _process (res://scripts/player/player_controller.gd:330)
ERROR: Basis [X: (1.0, 0.0, 0.0), Y: (0.0, 0.999995, 0.0), Z: (0.0, 0.0, 0.999995)] must be normalized in order to be casted to a Quaternion. Use get_rotation_quaternion() or call orthonormalized() if the Basis contains linearly independent vectors.
   at: get_quaternion (core/math/basis.cpp:717)
   GDScript backtrace (most recent call first):
       [0] _carry_service_light (res://scripts/player/player_controller.gd:430)
       [1] _process (res://scripts/player/player_controller.gd:330)
ERROR: Basis [X: (0.983677, 0.07499, 0.163574), Y: (-0.025167, 0.95742, -0.287581), Z: (-0.178176, 0.27877, 0.943679)] must be normalized in order to be casted to a Quaternion. Use get_rotation_quaternion() or call orthonormalized() if the Basis contains linearly independent vectors.
   at: get_quaternion (core/math/basis.cpp:717)
   GDScript backtrace (most recent call first):
       [0] _carry_service_light (res://scripts/player/player_controller.gd:430)
       [1] _process (res://scripts/player/player_controller.gd:330)
ERROR: Basis [X: (1.0, 0.0, 0.0), Y: (0.0, 0.999994, 0.0), Z: (0.0, 0.0, 0.999994)] must be normalized in order to be casted to a Quaternion. Use get_rotation_quaternion() or call orthonormalized() if the Basis contains linearly independent vectors.
   at: get_quaternion (core/math/basis.cpp:717)
   GDScript backtrace (most recent call first):
       [0] _carry_service_light (res://scripts/player/player_controller.gd:430)
       [1] _process (res://scripts/player/player_controller.gd:330)
ERROR: Basis [X: (0.983685, 0.075669, 0.163208), Y: (-0.02506, 0.956021, -0.292208), Z: (-0.178144, 0.283351, 0.94232)] must be normalized in order to be casted to a Quaternion. Use get_rotation_quaternion() or call orthonormalized() if the Basis contains linearly independent vectors.
   at: get_quaternion (core/math/basis.cpp:717)
   GDScript backtrace (most recent call first):
       [0] _carry_service_light (res://scripts/player/player_controller.gd:430)
       [1] _process (res://scripts/player/player_controller.gd:330)
ERROR: Basis [X: (1.0, 0.0, 0.0), Y: (0.0, 0.999994, 0.0), Z: (0.0, 0.0, 0.999994)] must be normalized in order to be casted to a Quaternion. Use get_rotation_quaternion() or call orthonormalized() if the Basis contains linearly independent vectors.
   at: get_quaternion (core/math/basis.cpp:717)
   GDScript backtrace (most recent call first):
       [0] _carry_service_light (res://scripts/player/player_controller.gd:430)
       [1] _process (res://scripts/player/player_controller.gd:330)
ERROR: Basis [X: (0.983553, 0.077082, 0.163345), Y: (-0.024718, 0.953292, -0.301017), Z: (-0.178921, 0.292029, 0.939519)] must be normalized in order to be casted to a Quaternion. Use get_rotation_quaternion() or call orthonormalized() if the Basis contains linearly independent vectors.
   at: get_quaternion (core/math/basis.cpp:717)
   GDScript backtrace (most recent call first):
       [0] _carry_service_light (res://scripts/player/player_controller.gd:430)
       [1] _process (res://scripts/player/player_controller.gd:330)
ERROR: Basis [X: (1.0, 0.0, 0.0), Y: (0.0, 0.999994, 0.0), Z: (0.0, 0.0, 0.999994)] must be normalized in order to be casted to a Quaternion. Use get_rotation_quaternion() or call orthonormalized() if the Basis contains linearly independent vectors.
   at: get_quaternion (core/math/basis.cpp:717)
   GDScript backtrace (most recent call first):
       [0] _carry_service_light (res://scripts/player/player_controller.gd:430)
       [1] _process (res://scripts/player/player_controller.gd:330)
ERROR: Basis [X: (0.983531, 0.077751, 0.163159), Y: (-0.024506, 0.951765, -0.305828), Z: (-0.17907, 0.296793, 0.937996)] must be normalized in order to be casted to a Quaternion. Use get_rotation_quaternion() or call orthonormalized() if the Basis contains linearly independent vectors.
   at: get_quaternion (core/math/basis.cpp:717)
   GDScript backtrace (most recent call first):
       [0] _carry_service_light (res://scripts/player/player_controller.gd:430)
       [1] _process (res://scripts/player/player_controller.gd:330)
ERROR: Basis [X: (1.0, 0.0, 0.0), Y: (0.0, 0.999994, 0.0), Z: (0.0, 0.0, 0.999994)] must be normalized in order to be casted to a Quaternion. Use get_rotation_quaternion() or call orthonormalized() if the Basis contains linearly independent vectors.
   at: get_quaternion (core/math/basis.cpp:717)
   GDScript backtrace (most recent call first):
       [0] _carry_service_light (res://scripts/player/player_controller.gd:430)
       [1] _process (res://scripts/player/player_controller.gd:330)
ERROR: Basis [X: (0.983367, 0.079174, 0.163465), Y: (-0.024109, 0.94892, -0.314576), Z: (-0.180024, 0.305402, 0.935045)] must be normalized in order to be casted to a Quaternion. Use get_rotation_quaternion() or call orthonormalized() if the Basis contains linearly independent vectors.
   at: get_quaternion (core/math/basis.cpp:717)
   GDScript backtrace (most recent call first):
       [0] _carry_service_light (res://scripts/player/player_controller.gd:430)
       [1] _process (res://scripts/player/player_controller.gd:330)
ERROR: Basis [X: (1.0, 0.0, 0.0), Y: (0.0, 0.999994, 0.0), Z: (0.0, 0.0, 0.999994)] must be normalized in order to be casted to a Quaternion. Use get_rotation_quaternion() or call orthonormalized() if the Basis contains linearly independent vectors.
   at: get_quaternion (core/math/basis.cpp:717)
   GDScript backtrace (most recent call first):
       [0] _carry_service_light (res://scripts/player/player_controller.gd:430)
       [1] _process (res://scripts/player/player_controller.gd:330)
ERROR: Basis [X: (0.983317, 0.080222, 0.163255), Y: (-0.023846, 0.946596, -0.321522), Z: (-0.180332, 0.312265, 0.932716)] must be normalized in order to be casted to a Quaternion. Use get_rotation_quaternion() or call orthonormalized() if the Basis contains linearly independent vectors.
   at: get_quaternion (core/math/basis.cpp:717)
   GDScript backtrace (most recent call first):
       [0] _carry_service_light (res://scripts/player/player_controller.gd:430)
       [1] _process (res://scripts/player/player_controller.gd:330)
ERROR: Basis [X: (1.0, 0.0, 0.0), Y: (0.0, 0.999994, 0.0), Z: (0.0, 0.0, 0.999994)] must be normalized in order to be casted to a Quaternion. Use get_rotation_quaternion() or call orthonormalized() if the Basis contains linearly independent vectors.
   at: get_quaternion (core/math/basis.cpp:717)
   GDScript backtrace (most recent call first):
       [0] _carry_service_light (res://scripts/player/player_controller.gd:430)
       [1] _process (res://scripts/player/player_controller.gd:330)
ERROR: Basis [X: (0.983222, 0.081655, 0.163118), Y: (-0.023547, 0.943544, -0.330393), Z: (-0.180889, 0.321009, 0.929635)] must be normalized in order to be casted to a Quaternion. Use get_rotation_quaternion() or call orthonormalized() if the Basis contains linearly independent vectors.
   at: get_quaternion (core/math/basis.cpp:717)
   GDScript backtrace (most recent call first):
       [0] _carry_service_light (res://scripts/player/player_controller.gd:430)
       [1] _process (res://scripts/player/player_controller.gd:330)
ERROR: Basis [X: (1.0, 0.0, 0.0), Y: (0.0, 0.999994, 0.0), Z: (0.0, 0.0, 0.999994)] must be normalized in order to be casted to a Quaternion. Use get_rotation_quaternion() or call orthonormalized() if the Basis contains linearly independent vectors.
   at: get_quaternion (core/math/basis.cpp:717)
   GDScript backtrace (most recent call first):
       [0] _carry_service_light (res://scripts/player/player_controller.gd:430)
       [1] _process (res://scripts/player/player_controller.gd:330)
ERROR: Basis [X: (0.983185, 0.082706, 0.162808), Y: (-0.02332, 0.941117, -0.337258), Z: (-0.181117, 0.32779, 0.927221)] must be normalized in order to be casted to a Quaternion. Use get_rotation_quaternion() or call orthonormalized() if the Basis contains linearly independent vectors.
   at: get_quaternion (core/math/basis.cpp:717)
   GDScript backtrace (most recent call first):
       [0] _carry_service_light (res://scripts/player/player_controller.gd:430)
       [1] _process (res://scripts/player/player_controller.gd:330)
ERROR: Basis [X: (1.0, 0.0, 0.0), Y: (0.0, 0.999994, 0.0), Z: (0.0, 0.0, 0.999994)] must be normalized in order to be casted to a Quaternion. Use get_rotation_quaternion() or call orthonormalized() if the Basis contains linearly independent vectors.
   at: get_quaternion (core/math/basis.cpp:717)
   GDScript backtrace (most recent call first):
       [0] _carry_service_light (res://scripts/player/player_controller.gd:430)
       [1] _process (res://scripts/player/player_controller.gd:330)
ERROR: Basis [X: (0.983055, 0.084151, 0.162852), Y: (-0.022963, 0.93793, -0.346046), Z: (-0.181866, 0.336443, 0.92397)] must be normalized in order to be casted to a Quaternion. Use get_rotation_quaternion() or call orthonormalized() if the Basis contains linearly independent vectors.
   at: get_quaternion (core/math/basis.cpp:717)
   GDScript backtrace (most recent call first):
       [0] _carry_service_light (res://scripts/player/player_controller.gd:430)
       [1] _process (res://scripts/player/player_controller.gd:330)
ERROR: Basis [X: (1.0, 0.0, 0.0), Y: (0.0, 0.999994, 0.0), Z: (0.0, 0.0, 0.999994)] must be normalized in order to be casted to a Quaternion. Use get_rotation_quaternion() or call orthonormalized() if the Basis contains linearly independent vectors.
   at: get_quaternion (core/math/basis.cpp:717)
   GDScript backtrace (most recent call first):
       [0] _carry_service_light (res://scripts/player/player_controller.gd:430)
       [1] _process (res://scripts/player/player_controller.gd:330)
ERROR: Basis [X: (0.982988, 0.085211, 0.162708), Y: (-0.022683, 0.935402, -0.352841), Z: (-0.182266, 0.343148, 0.921421)] must be normalized in order to be casted to a Quaternion. Use get_rotation_quaternion() or call orthonormalized() if the Basis contains linearly independent vectors.
   at: get_quaternion (core/math/basis.cpp:717)
   GDScript backtrace (most recent call first):
       [0] _carry_service_light (res://scripts/player/player_controller.gd:430)
       [1] _process (res://scripts/player/player_controller.gd:330)
ERROR: Basis [X: (1.0, 0.0, 0.0), Y: (0.0, 0.999994, 0.0), Z: (0.0, 0.0, 0.999994)] must be normalized in order to be casted to a Quaternion. Use get_rotation_quaternion() or call orthonormalized() if the Basis contains linearly independent vectors.
   at: get_quaternion (core/math/basis.cpp:717)
   GDScript backtrace (most recent call first):
       [0] _carry_service_light (res://scripts/player/player_controller.gd:430)
       [1] _process (res://scripts/player/player_controller.gd:330)
ERROR: Basis [X: (0.982876, 0.086664, 0.162616), Y: (-0.022369, 0.932081, -0.361543), Z: (-0.182906, 0.351714, 0.918058)] must be normalized in order to be casted to a Quaternion. Use get_rotation_quaternion() or call orthonormalized() if the Basis contains linearly independent vectors.
   at: get_quaternion (core/math/basis.cpp:717)
   GDScript backtrace (most recent call first):
       [0] _carry_service_light (res://scripts/player/player_controller.gd:430)
       [1] _process (res://scripts/player/player_controller.gd:330)
ERROR: Basis [X: (1.0, 0.0, 0.0), Y: (0.0, 0.999994, 0.0), Z: (0.0, 0.0, 0.999994)] must be normalized in order to be casted to a Quaternion. Use get_rotation_quaternion() or call orthonormalized() if the Basis contains linearly independent vectors.
   at: get_quaternion (core/math/basis.cpp:717)
   GDScript backtrace (most recent call first):
       [0] _carry_service_light (res://scripts/player/player_controller.gd:430)
       [1] _process (res://scripts/player/player_controller.gd:330)
ERROR: Basis [X: (0.982825, 0.087353, 0.162556), Y: (-0.022128, 0.930295, -0.366128), Z: (-0.183209, 0.356243, 0.91625)] must be normalized in order to be casted to a Quaternion. Use get_rotation_quaternion() or call orthonormalized() if the Basis contains linearly independent vectors.
   at: get_quaternion (core/math/basis.cpp:717)
   GDScript backtrace (most recent call first):
       [0] _carry_service_light (res://scripts/player/player_controller.gd:430)
       [1] _process (res://scripts/player/player_controller.gd:330)
ERROR: Basis [X: (1.0, 0.0, 0.0), Y: (0.0, 0.999994, 0.0), Z: (0.0, 0.0, 0.999994)] must be normalized in order to be casted to a Quaternion. Use get_rotation_quaternion() or call orthonormalized() if the Basis contains linearly independent vectors.
   at: get_quaternion (core/math/basis.cpp:717)
   GDScript backtrace (most recent call first):
       [0] _carry_service_light (res://scripts/player/player_controller.gd:430)
       [1] _process (res://scripts/player/player_controller.gd:330)
ERROR: Basis [X: (0.982677, 0.087708, 0.163256), Y: (-0.021799, 0.929502, -0.368157), Z: (-0.184039, 0.358221, 0.915312)] must be normalized in order to be casted to a Quaternion. Use get_rotation_quaternion() or call orthonormalized() if the Basis contains linearly independent vectors.
   at: get_quaternion (core/math/basis.cpp:717)
   GDScript backtrace (most recent call first):
       [0] _carry_service_light (res://scripts/player/player_controller.gd:430)
       [1] _process (res://scripts/player/player_controller.gd:330)
ERROR: Basis [X: (1.0, 0.0, 0.0), Y: (0.0, 0.999994, 0.0), Z: (0.0, 0.0, 0.999994)] must be normalized in order to be casted to a Quaternion. Use get_rotation_quaternion() or call orthonormalized() if the Basis contains linearly independent vectors.
   at: get_quaternion (core/math/basis.cpp:717)
   GDScript backtrace (most recent call first):
       [0] _carry_service_light (res://scripts/player/player_controller.gd:430)
       [1] _process (res://scripts/player/player_controller.gd:330)
ERROR: Basis [X: (0.98254, 0.087691, 0.164091), Y: (-0.021533, 0.929623, -0.367865), Z: (-0.184803, 0.357909, 0.91528)] must be normalized in order to be casted to a Quaternion. Use get_rotation_quaternion() or call orthonormalized() if the Basis contains linearly independent vectors.
   at: get_quaternion (core/math/basis.cpp:717)
   GDScript backtrace (most recent call first):
       [0] _carry_service_light (res://scripts/player/player_controller.gd:430)
       [1] _process (res://scripts/player/player_controller.gd:330)
ERROR: Basis [X: (1.0, 0.0, 0.0), Y: (0.0, 0.999994, 0.0), Z: (0.0, 0.0, 0.999994)] must be normalized in order to be casted to a Quaternion. Use get_rotation_quaternion() or call orthonormalized() if the Basis contains linearly independent vectors.
   at: get_quaternion (core/math/basis.cpp:717)
   GDScript backtrace (most recent call first):
       [0] _carry_service_light (res://scripts/player/player_controller.gd:430)
       [1] _process (res://scripts/player/player_controller.gd:330)
ERROR: Basis [X: (0.982411, 0.087677, 0.164865), Y: (-0.021325, 0.929808, -0.36741), Z: (-0.185508, 0.357432, 0.915324)] must be normalized in order to be casted to a Quaternion. Use get_rotation_quaternion() or call orthonormalized() if the Basis contains linearly independent vectors.
   at: get_quaternion (core/math/basis.cpp:717)
   GDScript backtrace (most recent call first):
       [0] _carry_service_light (res://scripts/player/player_controller.gd:430)
       [1] _process (res://scripts/player/player_controller.gd:330)
ERROR: Basis [X: (1.0, 0.0, 0.0), Y: (0.0, 0.999994, 0.0), Z: (0.0, 0.0, 0.999994)] must be normalized in order to be casted to a Quaternion. Use get_rotation_quaternion() or call orthonormalized() if the Basis contains linearly independent vectors.
   at: get_quaternion (core/math/basis.cpp:717)
   GDScript backtrace (most recent call first):
       [0] _carry_service_light (res://scripts/player/player_controller.gd:430)
       [1] _process (res://scripts/player/player_controller.gd:330)
ERROR: Basis [X: (0.982295, 0.087658, 0.165568), Y: (-0.021129, 0.929972, -0.367007), Z: (-0.186147, 0.357011, 0.915358)] must be normalized in order to be casted to a Quaternion. Use get_rotation_quaternion() or call orthonormalized() if the Basis contains linearly independent vectors.
   at: get_quaternion (core/math/basis.cpp:717)
   GDScript backtrace (most recent call first):
       [0] _carry_service_light (res://scripts/player/player_controller.gd:430)
       [1] _process (res://scripts/player/player_controller.gd:330)
ERROR: Basis [X: (1.0, 0.0, 0.0), Y: (0.0, 0.999994, 0.0), Z: (0.0, 0.0, 0.999994)] must be normalized in order to be casted to a Quaternion. Use get_rotation_quaternion() or call orthonormalized() if the Basis contains linearly independent vectors.
   at: get_quaternion (core/math/basis.cpp:717)
   GDScript backtrace (most recent call first):
       [0] _carry_service_light (res://scripts/player/player_controller.gd:430)
       [1] _process (res://scripts/player/player_controller.gd:330)
ERROR: Basis [X: (0.982189, 0.087634, 0.166208), Y: (-0.020943, 0.930116, -0.366653), Z: (-0.186726, 0.356641, 0.915385)] must be normalized in order to be casted to a Quaternion. Use get_rotation_quaternion() or call orthonormalized() if the Basis contains linearly independent vectors.
   at: get_quaternion (core/math/basis.cpp:717)
   GDScript backtrace (most recent call first):
       [0] _carry_service_light (res://scripts/player/player_controller.gd:430)
       [1] _process (res://scripts/player/player_controller.gd:330)
ERROR: Basis [X: (1.0, 0.0, 0.0), Y: (0.0, 0.999994, 0.0), Z: (0.0, 0.0, 0.999994)] must be normalized in order to be casted to a Quaternion. Use get_rotation_quaternion() or call orthonormalized() if the Basis contains linearly independent vectors.
   at: get_quaternion (core/math/basis.cpp:717)
   GDScript backtrace (most recent call first):
       [0] _carry_service_light (res://scripts/player/player_controller.gd:430)
       [1] _process (res://scripts/player/player_controller.gd:330)
ERROR: Basis [X: (0.982092, 0.087608, 0.16679), Y: (-0.020767, 0.930243, -0.366341), Z: (-0.187251, 0.356317, 0.915404)] must be normalized in order to be casted to a Quaternion. Use get_rotation_quaternion() or call orthonormalized() if the Basis contains linearly independent vectors.
   at: get_quaternion (core/math/basis.cpp:717)
   GDScript backtrace (most recent call first):
       [0] _carry_service_light (res://scripts/player/player_controller.gd:430)
       [1] _process (res://scripts/player/player_controller.gd:330)
ERROR: Basis [X: (1.0, 0.0, 0.0), Y: (0.0, 0.999994, 0.0), Z: (0.0, 0.0, 0.999994)] must be normalized in order to be casted to a Quaternion. Use get_rotation_quaternion() or call orthonormalized() if the Basis contains linearly independent vectors.
   at: get_quaternion (core/math/basis.cpp:717)
   GDScript backtrace (most recent call first):
       [0] _carry_service_light (res://scripts/player/player_controller.gd:430)
       [1] _process (res://scripts/player/player_controller.gd:330)
ERROR: Basis [X: (0.982005, 0.087577, 0.16732), Y: (-0.020598, 0.930354, -0.366068), Z: (-0.187728, 0.356034, 0.915416)] must be normalized in order to be casted to a Quaternion. Use get_rotation_quaternion() or call orthonormalized() if the Basis contains linearly independent vectors.
   at: get_quaternion (core/math/basis.cpp:717)
   GDScript backtrace (most recent call first):
       [0] _carry_service_light (res://scripts/player/player_controller.gd:430)
       [1] _process (res://scripts/player/player_controller.gd:330)
ERROR: Basis [X: (1.0, 0.0, 0.0), Y: (0.0, 0.999994, 0.0), Z: (0.0, 0.0, 0.999994)] must be normalized in order to be casted to a Quaternion. Use get_rotation_quaternion() or call orthonormalized() if the Basis contains linearly independent vectors.
   at: get_quaternion (core/math/basis.cpp:717)
   GDScript backtrace (most recent call first):
       [0] _carry_service_light (res://scripts/player/player_controller.gd:430)
       [1] _process (res://scripts/player/player_controller.gd:330)
ERROR: Basis [X: (0.981974, 0.087531, 0.167527), Y: (-0.020529, 0.930451, -0.365824), Z: (-0.187899, 0.35579, 0.915476)] must be normalized in order to be casted to a Quaternion. Use get_rotation_quaternion() or call orthonormalized() if the Basis contains linearly independent vectors.
   at: get_quaternion (core/math/basis.cpp:717)
   GDScript backtrace (most recent call first):
       [0] _carry_service_light (res://scripts/player/player_controller.gd:430)
       [1] _process (res://scripts/player/player_controller.gd:330)
ERROR: Basis [X: (1.0, 0.0, 0.0), Y: (0.0, 0.999994, 0.0), Z: (0.0, 0.0, 0.999994)] must be normalized in order to be casted to a Quaternion. Use get_rotation_quaternion() or call orthonormalized() if the Basis contains linearly independent vectors.
   at: get_quaternion (core/math/basis.cpp:717)
   GDScript backtrace (most recent call first):
       [0] _carry_service_light (res://scripts/player/player_controller.gd:430)
       [1] _process (res://scripts/player/player_controller.gd:330)
ERROR: Basis [X: (0.981897, 0.087883, 0.167795), Y: (-0.020365, 0.929693, -0.367756), Z: (-0.18832, 0.357681, 0.914652)] must be normalized in order to be casted to a Quaternion. Use get_rotation_quaternion() or call orthonormalized() if the Basis contains linearly independent vectors.
   at: get_quaternion (core/math/basis.cpp:717)
   GDScript backtrace (most recent call first):
       [0] _carry_service_light (res://scripts/player/player_controller.gd:430)
       [1] _process (res://scripts/player/player_controller.gd:330)
ERROR: Basis [X: (1.0, 0.0, 0.0), Y: (0.0, 0.999994, 0.0), Z: (0.0, 0.0, 0.999994)] must be normalized in order to be casted to a Quaternion. Use get_rotation_quaternion() or call orthonormalized() if the Basis contains linearly independent vectors.
   at: get_quaternion (core/math/basis.cpp:717)
   GDScript backtrace (most recent call first):
       [0] _carry_service_light (res://scripts/player/player_controller.gd:430)
       [1] _process (res://scripts/player/player_controller.gd:330)
ERROR: Basis [X: (0.98183, 0.087841, 0.168209), Y: (-0.020168, 0.929688, -0.367778), Z: (-0.18869, 0.357703, 0.914567)] must be normalized in order to be casted to a Quaternion. Use get_rotation_quaternion() or call orthonormalized() if the Basis contains linearly independent vectors.
   at: get_quaternion (core/math/basis.cpp:717)
   GDScript backtrace (most recent call first):
       [0] _carry_service_light (res://scripts/player/player_controller.gd:430)
       [1] _process (res://scripts/player/player_controller.gd:330)
ERROR: Basis [X: (1.0, 0.0, 0.0), Y: (0.0, 0.999994, 0.0), Z: (0.0, 0.0, 0.999994)] must be normalized in order to be casted to a Quaternion. Use get_rotation_quaternion() or call orthonormalized() if the Basis contains linearly independent vectors.
   at: get_quaternion (core/math/basis.cpp:717)
   GDScript backtrace (most recent call first):
       [0] _carry_service_light (res://scripts/player/player_controller.gd:430)
       [1] _process (res://scripts/player/player_controller.gd:330)
ERROR: Basis [X: (0.981765, 0.087803, 0.168604), Y: (-0.020021, 0.92976, -0.367605), Z: (-0.189041, 0.357526, 0.914564)] must be normalized in order to be casted to a Quaternion. Use get_rotation_quaternion() or call orthonormalized() if the Basis contains linearly independent vectors.
   at: get_quaternion (core/math/basis.cpp:717)
   GDScript backtrace (most recent call first):
       [0] _carry_service_light (res://scripts/player/player_controller.gd:430)
       [1] _process (res://scripts/player/player_controller.gd:330)
ERROR: Basis [X: (1.0, 0.0, 0.0), Y: (0.0, 0.999994, 0.0), Z: (0.0, 0.0, 0.999994)] must be normalized in order to be casted to a Quaternion. Use get_rotation_quaternion() or call orthonormalized() if the Basis contains linearly independent vectors.
   at: get_quaternion (core/math/basis.cpp:717)
   GDScript backtrace (most recent call first):
       [0] _carry_service_light (res://scripts/player/player_controller.gd:430)
       [1] _process (res://scripts/player/player_controller.gd:330)
ERROR: Basis [X: (0.981706, 0.087764, 0.168968), Y: (-0.01988, 0.929822, -0.367457), Z: (-0.189362, 0.357375, 0.914557)] must be normalized in order to be casted to a Quaternion. Use get_rotation_quaternion() or call orthonormalized() if the Basis contains linearly independent vectors.
   at: get_quaternion (core/math/basis.cpp:717)
   GDScript backtrace (most recent call first):
       [0] _carry_service_light (res://scripts/player/player_controller.gd:430)
       [1] _process (res://scripts/player/player_controller.gd:330)
ERROR: Basis [X: (1.0, 0.0, 0.0), Y: (0.0, 0.999994, 0.0), Z: (0.0, 0.0, 0.999994)] must be normalized in order to be casted to a Quaternion. Use get_rotation_quaternion() or call orthonormalized() if the Basis contains linearly independent vectors.
   at: get_quaternion (core/math/basis.cpp:717)
   GDScript backtrace (most recent call first):
       [0] _carry_service_light (res://scripts/player/player_controller.gd:430)
       [1] _process (res://scripts/player/player_controller.gd:330)
ERROR: Basis [X: (0.981652, 0.087722, 0.169302), Y: (-0.019744, 0.929875, -0.36733), Z: (-0.189655, 0.357248, 0.914546)] must be normalized in order to be casted to a Quaternion. Use get_rotation_quaternion() or call orthonormalized() if the Basis contains linearly independent vectors.
   at: get_quaternion (core/math/basis.cpp:717)
   GDScript backtrace (most recent call first):
       [0] _carry_service_light (res://scripts/player/player_controller.gd:430)
       [1] _process (res://scripts/player/player_controller.gd:330)
ERROR: Basis [X: (1.0, 0.0, 0.0), Y: (0.0, 0.999994, 0.0), Z: (0.0, 0.0, 0.999994)] must be normalized in order to be casted to a Quaternion. Use get_rotation_quaternion() or call orthonormalized() if the Basis contains linearly independent vectors.
   at: get_quaternion (core/math/basis.cpp:717)
   GDScript backtrace (most recent call first):
       [0] _carry_service_light (res://scripts/player/player_controller.gd:430)
       [1] _process (res://scripts/player/player_controller.gd:330)
ERROR: Basis [X: (0.981603, 0.08768, 0.16961), Y: (-0.019611, 0.92992, -0.367223), Z: (-0.189924, 0.357141, 0.914531)] must be normalized in order to be casted to a Quaternion. Use get_rotation_quaternion() or call orthonormalized() if the Basis contains linearly independent vectors.
   at: get_quaternion (core/math/basis.cpp:717)
   GDScript backtrace (most recent call first):
       [0] _carry_service_light (res://scripts/player/player_controller.gd:430)
       [1] _process (res://scripts/player/player_controller.gd:330)
ERROR: Basis [X: (1.0, 0.0, 0.0), Y: (0.0, 0.999994, 0.0), Z: (0.0, 0.0, 0.999994)] must be normalized in order to be casted to a Quaternion. Use get_rotation_quaternion() or call orthonormalized() if the Basis contains linearly independent vectors.
   at: get_quaternion (core/math/basis.cpp:717)
   GDScript backtrace (most recent call first):
       [0] _carry_service_light (res://scripts/player/player_controller.gd:430)
       [1] _process (res://scripts/player/player_controller.gd:330)
ERROR: Basis [X: (0.981558, 0.087635, 0.169895), Y: (-0.019483, 0.929958, -0.367134), Z: (-0.190171, 0.357053, 0.914514)] must be normalized in order to be casted to a Quaternion. Use get_rotation_quaternion() or call orthonormalized() if the Basis contains linearly independent vectors.
   at: get_quaternion (core/math/basis.cpp:717)
   GDScript backtrace (most recent call first):
       [0] _carry_service_light (res://scripts/player/player_controller.gd:430)
       [1] _process (res://scripts/player/player_controller.gd:330)
ERROR: Basis [X: (1.0, 0.0, 0.0), Y: (0.0, 0.999994, 0.0), Z: (0.0, 0.0, 0.999994)] must be normalized in order to be casted to a Quaternion. Use get_rotation_quaternion() or call orthonormalized() if the Basis contains linearly independent vectors.
   at: get_quaternion (core/math/basis.cpp:717)
   GDScript backtrace (most recent call first):
       [0] _carry_service_light (res://scripts/player/player_controller.gd:430)
       [1] _process (res://scripts/player/player_controller.gd:330)
ERROR: Basis [X: (0.981516, 0.08759, 0.170158), Y: (-0.019357, 0.929989, -0.367061), Z: (-0.190398, 0.356982, 0.914495)] must be normalized in order to be casted to a Quaternion. Use get_rotation_quaternion() or call orthonormalized() if the Basis contains linearly independent vectors.
   at: get_quaternion (core/math/basis.cpp:717)
   GDScript backtrace (most recent call first):
       [0] _carry_service_light (res://scripts/player/player_controller.gd:430)
       [1] _process (res://scripts/player/player_controller.gd:330)
ERROR: Basis [X: (1.0, 0.0, 0.0), Y: (0.0, 0.999994, 0.0), Z: (0.0, 0.0, 0.999994)] must be normalized in order to be casted to a Quaternion. Use get_rotation_quaternion() or call orthonormalized() if the Basis contains linearly independent vectors.
   at: get_quaternion (core/math/basis.cpp:717)
   GDScript backtrace (most recent call first):
       [0] _carry_service_light (res://scripts/player/player_controller.gd:430)
       [1] _process (res://scripts/player/player_controller.gd:330)
ERROR: Basis [X: (0.981478, 0.088327, 0.169998), Y: (-0.019235, 0.928317, -0.371276), Z: (-0.190608, 0.361129, 0.912821)] must be normalized in order to be casted to a Quaternion. Use get_rotation_quaternion() or call orthonormalized() if the Basis contains linearly independent vectors.
   at: get_quaternion (core/math/basis.cpp:717)
   GDScript backtrace (most recent call first):
       [0] _carry_service_light (res://scripts/player/player_controller.gd:430)
       [1] _process (res://scripts/player/player_controller.gd:330)
ERROR: Basis [X: (1.0, 0.0, 0.0), Y: (0.0, 0.999994, 0.0), Z: (0.0, 0.0, 0.999994)] must be normalized in order to be casted to a Quaternion. Use get_rotation_quaternion() or call orthonormalized() if the Basis contains linearly independent vectors.
   at: get_quaternion (core/math/basis.cpp:717)
   GDScript backtrace (most recent call first):
       [0] _carry_service_light (res://scripts/player/player_controller.gd:430)
       [1] _process (res://scripts/player/player_controller.gd:330)
ERROR: Basis [X: (0.981548, 0.089017, 0.16923), Y: (-0.019214, 0.92646, -0.375885), Z: (-0.190248, 0.365698, 0.911076)] must be normalized in order to be casted to a Quaternion. Use get_rotation_quaternion() or call orthonormalized() if the Basis contains linearly independent vectors.
   at: get_quaternion (core/math/basis.cpp:717)
   GDScript backtrace (most recent call first):
       [0] _carry_service_light (res://scripts/player/player_controller.gd:430)
       [1] _process (res://scripts/player/player_controller.gd:330)
ERROR: Basis [X: (1.0, 0.0, 0.0), Y: (0.0, 0.999994, 0.0), Z: (0.0, 0.0, 0.999994)] must be normalized in order to be casted to a Quaternion. Use get_rotation_quaternion() or call orthonormalized() if the Basis contains linearly independent vectors.
   at: get_quaternion (core/math/basis.cpp:717)
   GDScript backtrace (most recent call first):
       [0] _carry_service_light (res://scripts/player/player_controller.gd:430)
       [1] _process (res://scripts/player/player_controller.gd:330)
ERROR: Basis [X: (0.981659, 0.090848, 0.167604), Y: (-0.019278, 0.921946, -0.386823), Z: (-0.189666, 0.376497, 0.906788)] must be normalized in order to be casted to a Quaternion. Use get_rotation_quaternion() or call orthonormalized() if the Basis contains linearly independent vectors.
   at: get_quaternion (core/math/basis.cpp:717)
   GDScript backtrace (most recent call first):
       [0] _carry_service_light (res://scripts/player/player_controller.gd:430)
       [1] _process (res://scripts/player/player_controller.gd:330)
ERROR: Basis [X: (1.0, 0.0, 0.0), Y: (0.0, 0.999994, 0.0), Z: (0.0, 0.0, 0.999994)] must be normalized in order to be casted to a Quaternion. Use get_rotation_quaternion() or call orthonormalized() if the Basis contains linearly independent vectors.
   at: get_quaternion (core/math/basis.cpp:717)
   GDScript backtrace (most recent call first):
       [0] _carry_service_light (res://scripts/player/player_controller.gd:430)
       [1] _process (res://scripts/player/player_controller.gd:330)
ERROR: Basis [X: (0.981915, 0.092191, 0.165357), Y: (-0.019475, 0.917973, -0.396149), Z: (-0.188317, 0.385764, 0.903167)] must be normalized in order to be casted to a Quaternion. Use get_rotation_quaternion() or call orthonormalized() if the Basis contains linearly independent vectors.
   at: get_quaternion (core/math/basis.cpp:717)
   GDScript backtrace (most recent call first):
       [0] _carry_service_light (res://scripts/player/player_controller.gd:430)
       [1] _process (res://scripts/player/player_controller.gd:330)
ERROR: Basis [X: (1.0, 0.0, 0.0), Y: (0.0, 0.999994, 0.0), Z: (0.0, 0.0, 0.999994)] must be normalized in order to be casted to a Quaternion. Use get_rotation_quaternion() or call orthonormalized() if the Basis contains linearly independent vectors.
   at: get_quaternion (core/math/basis.cpp:717)
   GDScript backtrace (most recent call first):
       [0] _carry_service_light (res://scripts/player/player_controller.gd:430)
       [1] _process (res://scripts/player/player_controller.gd:330)
ERROR: Basis [X: (0.982188, 0.094248, 0.162557), Y: (-0.019778, 0.912155, -0.409352), Z: (-0.18686, 0.398846, 0.897771)] must be normalized in order to be casted to a Quaternion. Use get_rotation_quaternion() or call orthonormalized() if the Basis contains linearly independent vectors.
   at: get_quaternion (core/math/basis.cpp:717)
   GDScript backtrace (most recent call first):
       [0] _carry_service_light (res://scripts/player/player_controller.gd:430)
       [1] _process (res://scripts/player/player_controller.gd:330)
ERROR: Basis [X: (1.0, 0.0, 0.0), Y: (0.0, 0.999994, 0.0), Z: (0.0, 0.0, 0.999994)] must be normalized in order to be casted to a Quaternion. Use get_rotation_quaternion() or call orthonormalized() if the Basis contains linearly independent vectors.
   at: get_quaternion (core/math/basis.cpp:717)
   GDScript backtrace (most recent call first):
       [0] _carry_service_light (res://scripts/player/player_controller.gd:430)
       [1] _process (res://scripts/player/player_controller.gd:330)
ERROR: Basis [X: (0.982722, 0.094979, 0.158858), Y: (-0.020513, 0.90889, -0.416516), Z: (-0.183947, 0.40606, 0.895135)] must be normalized in order to be casted to a Quaternion. Use get_rotation_quaternion() or call orthonormalized() if the Basis contains linearly independent vectors.
   at: get_quaternion (core/math/basis.cpp:717)
   GDScript backtrace (most recent call first):
       [0] _carry_service_light (res://scripts/player/player_controller.gd:430)
       [1] _process (res://scripts/player/player_controller.gd:330)
ERROR: Basis [X: (1.0, 0.0, 0.0), Y: (0.0, 0.999994, 0.0), Z: (0.0, 0.0, 0.999994)] must be normalized in order to be casted to a Quaternion. Use get_rotation_quaternion() or call orthonormalized() if the Basis contains linearly independent vectors.
   at: get_quaternion (core/math/basis.cpp:717)
   GDScript backtrace (most recent call first):
       [0] _carry_service_light (res://scripts/player/player_controller.gd:430)
       [1] _process (res://scripts/player/player_controller.gd:330)
ERROR: Basis [X: (0.983137, 0.096467, 0.155352), Y: (-0.021198, 0.903924, -0.427152), Z: (-0.181635, 0.416656, 0.890727)] must be normalized in order to be casted to a Quaternion. Use get_rotation_quaternion() or call orthonormalized() if the Basis contains linearly independent vectors.
   at: get_quaternion (core/math/basis.cpp:717)
   GDScript backtrace (most recent call first):
       [0] _carry_service_light (res://scripts/player/player_controller.gd:430)
       [1] _process (res://scripts/player/player_controller.gd:330)
ERROR: Basis [X: (1.0, 0.0, 0.0), Y: (0.0, 0.999994, 0.0), Z: (0.0, 0.0, 0.999994)] must be normalized in order to be casted to a Quaternion. Use get_rotation_quaternion() or call orthonormalized() if the Basis contains linearly independent vectors.
   at: get_quaternion (core/math/basis.cpp:717)
   GDScript backtrace (most recent call first):
       [0] _carry_service_light (res://scripts/player/player_controller.gd:430)
       [1] _process (res://scripts/player/player_controller.gd:330)
ERROR: Basis [X: (0.983832, 0.097321, 0.15034), Y: (-0.022371, 0.899666, -0.435991), Z: (-0.177689, 0.425578, 0.887298)] must be normalized in order to be casted to a Quaternion. Use get_rotation_quaternion() or call orthonormalized() if the Basis contains linearly independent vectors.
   at: get_quaternion (core/math/basis.cpp:717)
   GDScript backtrace (most recent call first):
       [0] _carry_service_light (res://scripts/player/player_controller.gd:430)
       [1] _process (res://scripts/player/player_controller.gd:330)
ERROR: Basis [X: (1.0, 0.0, 0.0), Y: (0.0, 0.999994, 0.0), Z: (0.0, 0.0, 0.999994)] must be normalized in order to be casted to a Quaternion. Use get_rotation_quaternion() or call orthonormalized() if the Basis contains linearly independent vectors.
   at: get_quaternion (core/math/basis.cpp:717)
   GDScript backtrace (most recent call first):
       [0] _carry_service_light (res://scripts/player/player_controller.gd:430)
       [1] _process (res://scripts/player/player_controller.gd:330)
ERROR: Basis [X: (0.984439, 0.097819, 0.145985), Y: (-0.023461, 0.896464, -0.442481), Z: (-0.174155, 0.432171, 0.884809)] must be normalized in order to be casted to a Quaternion. Use get_rotation_quaternion() or call orthonormalized() if the Basis contains linearly independent vectors.
   at: get_quaternion (core/math/basis.cpp:717)
   GDScript backtrace (most recent call first):
       [0] _carry_service_light (res://scripts/player/player_controller.gd:430)
       [1] _process (res://scripts/player/player_controller.gd:330)
ERROR: Basis [X: (1.0, 0.0, 0.0), Y: (0.0, 0.999994, 0.0), Z: (0.0, 0.0, 0.999994)] must be normalized in order to be casted to a Quaternion. Use get_rotation_quaternion() or call orthonormalized() if the Basis contains linearly independent vectors.
   at: get_quaternion (core/math/basis.cpp:717)
   GDScript backtrace (most recent call first):
       [0] _carry_service_light (res://scripts/player/player_controller.gd:430)
       [1] _process (res://scripts/player/player_controller.gd:330)
ERROR: Basis [X: (0.984968, 0.099623, 0.14111), Y: (-0.024472, 0.88916, -0.456929), Z: (-0.170992, 0.446607, 0.878232)] must be normalized in order to be casted to a Quaternion. Use get_rotation_quaternion() or call orthonormalized() if the Basis contains linearly independent vectors.
   at: get_quaternion (core/math/basis.cpp:717)
   GDScript backtrace (most recent call first):
       [0] _carry_service_light (res://scripts/player/player_controller.gd:430)
       [1] _process (res://scripts/player/player_controller.gd:330)
ERROR: Basis [X: (1.0, 0.0, 0.0), Y: (0.0, 0.999994, 0.0), Z: (0.0, 0.0, 0.999994)] must be normalized in order to be casted to a Quaternion. Use get_rotation_quaternion() or call orthonormalized() if the Basis contains linearly independent vectors.
   at: get_quaternion (core/math/basis.cpp:717)
   GDScript backtrace (most recent call first):
       [0] _carry_service_light (res://scripts/player/player_controller.gd:430)
       [1] _process (res://scripts/player/player_controller.gd:330)
ERROR: Basis [X: (0.986529, 0.098977, 0.130245), Y: (-0.027628, 0.885556, -0.463696), Z: (-0.161237, 0.453851, 0.876362)] must be normalized in order to be casted to a Quaternion. Use get_rotation_quaternion() or call orthonormalized() if the Basis contains linearly independent vectors.
   at: get_quaternion (core/math/basis.cpp:717)
   GDScript backtrace (most recent call first):
       [0] _carry_service_light (res://scripts/player/player_controller.gd:430)
       [1] _process (res://scripts/player/player_controller.gd:330)
ERROR: Basis [X: (1.0, 0.0, 0.0), Y: (0.0, 0.999994, 0.0), Z: (0.0, 0.0, 0.999994)] must be normalized in order to be casted to a Quaternion. Use get_rotation_quaternion() or call orthonormalized() if the Basis contains linearly independent vectors.
   at: get_quaternion (core/math/basis.cpp:717)
   GDScript backtrace (most recent call first):
       [0] _carry_service_light (res://scripts/player/player_controller.gd:430)
       [1] _process (res://scripts/player/player_controller.gd:330)
ERROR: Basis [X: (0.987133, 0.099741, 0.124979), Y: (-0.028947, 0.880156, -0.473789), Z: (-0.157259, 0.464075, 0.871718)] must be normalized in order to be casted to a Quaternion. Use get_rotation_quaternion() or call orthonormalized() if the Basis contains linearly independent vectors.
   at: get_quaternion (core/math/basis.cpp:717)
   GDScript backtrace (most recent call first):
       [0] _carry_service_light (res://scripts/player/player_controller.gd:430)
       [1] _process (res://scripts/player/player_controller.gd:330)
ERROR: Basis [X: (1.0, 0.0, 0.0), Y: (0.0, 0.999994, 0.0), Z: (0.0, 0.0, 0.999994)] must be normalized in order to be casted to a Quaternion. Use get_rotation_quaternion() or call orthonormalized() if the Basis contains linearly independent vectors.
   at: get_quaternion (core/math/basis.cpp:717)
   GDScript backtrace (most recent call first):
       [0] _carry_service_light (res://scripts/player/player_controller.gd:430)
       [1] _process (res://scripts/player/player_controller.gd:330)
ERROR: Basis [X: (0.988344, 0.099059, 0.115602), Y: (-0.031721, 0.876675, -0.480023), Z: (-0.148898, 0.470761, 0.869598)] must be normalized in order to be casted to a Quaternion. Use get_rotation_quaternion() or call orthonormalized() if the Basis contains linearly independent vectors.
   at: get_quaternion (core/math/basis.cpp:717)
   GDScript backtrace (most recent call first):
       [0] _carry_service_light (res://scripts/player/player_controller.gd:430)
       [1] _process (res://scripts/player/player_controller.gd:330)
ERROR: Basis [X: (1.0, 0.0, 0.0), Y: (0.0, 0.999994, 0.0), Z: (0.0, 0.0, 0.999994)] must be normalized in order to be casted to a Quaternion. Use get_rotation_quaternion() or call orthonormalized() if the Basis contains linearly independent vectors.
   at: get_quaternion (core/math/basis.cpp:717)
   GDScript backtrace (most recent call first):
       [0] _carry_service_light (res://scripts/player/player_controller.gd:430)
       [1] _process (res://scripts/player/player_controller.gd:330)
ERROR: Basis [X: (0.988974, 0.098959, 0.11017), Y: (-0.03326, 0.873361, -0.485925), Z: (-0.144307, 0.476903, 0.867022)] must be normalized in order to be casted to a Quaternion. Use get_rotation_quaternion() or call orthonormalized() if the Basis contains linearly independent vectors.
   at: get_quaternion (core/math/basis.cpp:717)
   GDScript backtrace (most recent call first):
       [0] _carry_service_light (res://scripts/player/player_controller.gd:430)
       [1] _process (res://scripts/player/player_controller.gd:330)
ERROR: Basis [X: (1.0, 0.0, 0.0), Y: (0.0, 0.999994, 0.0), Z: (0.0, 0.0, 0.999994)] must be normalized in order to be casted to a Quaternion. Use get_rotation_quaternion() or call orthonormalized() if the Basis contains linearly independent vectors.
   at: get_quaternion (core/math/basis.cpp:717)
   GDScript backtrace (most recent call first):
       [0] _carry_service_light (res://scripts/player/player_controller.gd:430)
       [1] _process (res://scripts/player/player_controller.gd:330)
ERROR: Basis [X: (0.989725, 0.097858, 0.104252), Y: (-0.03519, 0.873386, -0.485744), Z: (-0.138588, 0.477084, 0.867855)] must be normalized in order to be casted to a Quaternion. Use get_rotation_quaternion() or call orthonormalized() if the Basis contains linearly independent vectors.
   at: get_quaternion (core/math/basis.cpp:717)
   GDScript backtrace (most recent call first):
       [0] _carry_service_light (res://scripts/player/player_controller.gd:430)
       [1] _process (res://scripts/player/player_controller.gd:330)
ERROR: Basis [X: (1.0, 0.0, 0.0), Y: (0.0, 0.999994, 0.0), Z: (0.0, 0.0, 0.999994)] must be normalized in order to be casted to a Quaternion. Use get_rotation_quaternion() or call orthonormalized() if the Basis contains linearly independent vectors.
   at: get_quaternion (core/math/basis.cpp:717)
   GDScript backtrace (most recent call first):
       [0] _carry_service_light (res://scripts/player/player_controller.gd:430)
       [1] _process (res://scripts/player/player_controller.gd:330)
ERROR: Basis [X: (0.989767, 0.097525, 0.104165), Y: (-0.035347, 0.874802, -0.483177), Z: (-0.138247, 0.47455, 0.869297)] must be normalized in order to be casted to a Quaternion. Use get_rotation_quaternion() or call orthonormalized() if the Basis contains linearly independent vectors.
   at: get_quaternion (core/math/basis.cpp:717)
   GDScript backtrace (most recent call first):
       [0] _carry_service_light (res://scripts/player/player_controller.gd:430)
       [1] _process (res://scripts/player/player_controller.gd:330)
ERROR: Basis [X: (1.0, 0.0, 0.0), Y: (0.0, 0.999994, 0.0), Z: (0.0, 0.0, 0.999994)] must be normalized in order to be casted to a Quaternion. Use get_rotation_quaternion() or call orthonormalized() if the Basis contains linearly independent vectors.
   at: get_quaternion (core/math/basis.cpp:717)
   GDScript backtrace (most recent call first):
       [0] _carry_service_light (res://scripts/player/player_controller.gd:430)
       [1] _process (res://scripts/player/player_controller.gd:330)
ERROR: Basis [X: (0.9902, 0.096638, 0.100823), Y: (-0.036613, 0.876302, -0.480356), Z: (-0.134773, 0.471957, 0.871253)] must be normalized in order to be casted to a Quaternion. Use get_rotation_quaternion() or call orthonormalized() if the Basis contains linearly independent vectors.
   at: get_quaternion (core/math/basis.cpp:717)
   GDScript backtrace (most recent call first):
       [0] _carry_service_light (res://scripts/player/player_controller.gd:430)
       [1] _process (res://scripts/player/player_controller.gd:330)
ERROR: Basis [X: (1.0, 0.0, 0.0), Y: (0.0, 0.999994, 0.0), Z: (0.0, 0.0, 0.999994)] must be normalized in order to be casted to a Quaternion. Use get_rotation_quaternion() or call orthonormalized() if the Basis contains linearly independent vectors.
   at: get_quaternion (core/math/basis.cpp:717)
   GDScript backtrace (most recent call first):
       [0] _carry_service_light (res://scripts/player/player_controller.gd:430)
       [1] _process (res://scripts/player/player_controller.gd:330)
ERROR: Basis [X: (0.990092, 0.096294, 0.102204), Y: (-0.036363, 0.878823, -0.475747), Z: (-0.135633, 0.467317, 0.873617)] must be normalized in order to be casted to a Quaternion. Use get_rotation_quaternion() or call orthonormalized() if the Basis contains linearly independent vectors.
   at: get_quaternion (core/math/basis.cpp:717)
   GDScript backtrace (most recent call first):
       [0] _carry_service_light (res://scripts/player/player_controller.gd:430)
       [1] _process (res://scripts/player/player_controller.gd:330)
ERROR: Basis [X: (1.0, 0.0, 0.0), Y: (0.0, 0.999994, 0.0), Z: (0.0, 0.0, 0.999994)] must be normalized in order to be casted to a Quaternion. Use get_rotation_quaternion() or call orthonormalized() if the Basis contains linearly independent vectors.
   at: get_quaternion (core/math/basis.cpp:717)
   GDScript backtrace (most recent call first):
       [0] _carry_service_light (res://scripts/player/player_controller.gd:430)
       [1] _process (res://scripts/player/player_controller.gd:330)
ERROR: Basis [X: (0.990448, 0.095533, 0.099427), Y: (-0.037441, 0.880325, -0.472879), Z: (-0.132705, 0.464639, 0.875493)] must be normalized in order to be casted to a Quaternion. Use get_rotation_quaternion() or call orthonormalized() if the Basis contains linearly independent vectors.
   at: get_quaternion (core/math/basis.cpp:717)
   GDScript backtrace (most recent call first):
       [0] _carry_service_light (res://scripts/player/player_controller.gd:430)
       [1] _process (res://scripts/player/player_controller.gd:330)
ERROR: Basis [X: (1.0, 0.0, 0.0), Y: (0.0, 0.999994, 0.0), Z: (0.0, 0.0, 0.999994)] must be normalized in order to be casted to a Quaternion. Use get_rotation_quaternion() or call orthonormalized() if the Basis contains linearly independent vectors.
   at: get_quaternion (core/math/basis.cpp:717)
   GDScript backtrace (most recent call first):
       [0] _carry_service_light (res://scripts/player/player_controller.gd:430)
       [1] _process (res://scripts/player/player_controller.gd:330)
ERROR: Basis [X: (0.990218, 0.095588, 0.101639), Y: (-0.036817, 0.881644, -0.470464), Z: (-0.134581, 0.46212, 0.876539)] must be normalized in order to be casted to a Quaternion. Use get_rotation_quaternion() or call orthonormalized() if the Basis contains linearly independent vectors.
   at: get_quaternion (core/math/basis.cpp:717)
   GDScript backtrace (most recent call first):
       [0] _carry_service_light (res://scripts/player/player_controller.gd:430)
       [1] _process (res://scripts/player/player_controller.gd:330)
ERROR: Basis [X: (1.0, 0.0, 0.0), Y: (0.0, 0.999994, 0.0), Z: (0.0, 0.0, 0.999994)] must be normalized in order to be casted to a Quaternion. Use get_rotation_quaternion() or call orthonormalized() if the Basis contains linearly independent vectors.
   at: get_quaternion (core/math/basis.cpp:717)
   GDScript backtrace (most recent call first):
       [0] _carry_service_light (res://scripts/player/player_controller.gd:430)
       [1] _process (res://scripts/player/player_controller.gd:330)
ERROR: Basis [X: (0.990336, 0.095391, 0.100677), Y: (-0.037162, 0.881868, -0.470016), Z: (-0.133621, 0.461732, 0.876891)] must be normalized in order to be casted to a Quaternion. Use get_rotation_quaternion() or call orthonormalized() if the Basis contains linearly independent vectors.
   at: get_quaternion (core/math/basis.cpp:717)
   GDScript backtrace (most recent call first):
       [0] _carry_service_light (res://scripts/player/player_controller.gd:430)
       [1] _process (res://scripts/player/player_controller.gd:330)
ERROR: Basis [X: (1.0, 0.0, 0.0), Y: (0.0, 0.999994, 0.0), Z: (0.0, 0.0, 0.999994)] must be normalized in order to be casted to a Quaternion. Use get_rotation_quaternion() or call orthonormalized() if the Basis contains linearly independent vectors.
   at: get_quaternion (core/math/basis.cpp:717)
   GDScript backtrace (most recent call first):
       [0] _carry_service_light (res://scripts/player/player_controller.gd:430)
       [1] _process (res://scripts/player/player_controller.gd:330)
ERROR: Basis [X: (0.990017, 0.095785, 0.103398), Y: (-0.036248, 0.881945, -0.469943), Z: (-0.136206, 0.461504, 0.876613)] must be normalized in order to be casted to a Quaternion. Use get_rotation_quaternion() or call orthonormalized() if the Basis contains linearly independent vectors.
   at: get_quaternion (core/math/basis.cpp:717)
   GDScript backtrace (most recent call first):
       [0] _carry_service_light (res://scripts/player/player_controller.gd:430)
       [1] _process (res://scripts/player/player_controller.gd:330)
ERROR: Basis [X: (1.0, 0.0, 0.0), Y: (0.0, 0.999994, 0.0), Z: (0.0, 0.0, 0.999994)] must be normalized in order to be casted to a Quaternion. Use get_rotation_quaternion() or call orthonormalized() if the Basis contains linearly independent vectors.
   at: get_quaternion (core/math/basis.cpp:717)
   GDScript backtrace (most recent call first):
       [0] _carry_service_light (res://scripts/player/player_controller.gd:430)
       [1] _process (res://scripts/player/player_controller.gd:330)
ERROR: Basis [X: (0.989925, 0.095867, 0.104197), Y: (-0.035965, 0.882022, -0.469821), Z: (-0.136946, 0.461341, 0.876584)] must be normalized in order to be casted to a Quaternion. Use get_rotation_quaternion() or call orthonormalized() if the Basis contains linearly independent vectors.
   at: get_quaternion (core/math/basis.cpp:717)
   GDScript backtrace (most recent call first):
       [0] _carry_service_light (res://scripts/player/player_controller.gd:430)
       [1] _process (res://scripts/player/player_controller.gd:330)
ERROR: Basis [X: (1.0, 0.0, 0.0), Y: (0.0, 0.999994, 0.0), Z: (0.0, 0.0, 0.999994)] must be normalized in order to be casted to a Quaternion. Use get_rotation_quaternion() or call orthonormalized() if the Basis contains linearly independent vectors.
   at: get_quaternion (core/math/basis.cpp:717)
   GDScript backtrace (most recent call first):
       [0] _carry_service_light (res://scripts/player/player_controller.gd:430)
       [1] _process (res://scripts/player/player_controller.gd:330)
ERROR: Basis [X: (0.98957, 0.096296, 0.107136), Y: (-0.034974, 0.882075, -0.469796), Z: (-0.139743, 0.461149, 0.876243)] must be normalized in order to be casted to a Quaternion. Use get_rotation_quaternion() or call orthonormalized() if the Basis contains linearly independent vectors.
   at: get_quaternion (core/math/basis.cpp:717)
   GDScript backtrace (most recent call first):
       [0] _carry_service_light (res://scripts/player/player_controller.gd:430)
       [1] _process (res://scripts/player/player_controller.gd:330)
ERROR: Basis [X: (1.0, 0.0, 0.0), Y: (0.0, 0.999994, 0.0), Z: (0.0, 0.0, 0.999994)] must be normalized in order to be casted to a Quaternion. Use get_rotation_quaternion() or call orthonormalized() if the Basis contains linearly independent vectors.
   at: get_quaternion (core/math/basis.cpp:717)
   GDScript backtrace (most recent call first):
       [0] _carry_service_light (res://scripts/player/player_controller.gd:430)
       [1] _process (res://scripts/player/player_controller.gd:330)
ERROR: Basis [X: (0.989207, 0.096724, 0.110066), Y: (-0.033982, 0.88212, -0.469784), Z: (-0.142532, 0.460974, 0.875886)] must be normalized in order to be casted to a Quaternion. Use get_rotation_quaternion() or call orthonormalized() if the Basis contains linearly independent vectors.
   at: get_quaternion (core/math/basis.cpp:717)
   GDScript backtrace (most recent call first):
       [0] _carry_service_light (res://scripts/player/player_controller.gd:430)
       [1] _process (res://scripts/player/player_controller.gd:330)
ERROR: Basis [X: (1.0, 0.0, 0.0), Y: (0.0, 0.999994, 0.0), Z: (0.0, 0.0, 0.999994)] must be normalized in order to be casted to a Quaternion. Use get_rotation_quaternion() or call orthonormalized() if the Basis contains linearly independent vectors.
   at: get_quaternion (core/math/basis.cpp:717)
   GDScript backtrace (most recent call first):
       [0] _carry_service_light (res://scripts/player/player_controller.gd:430)
       [1] _process (res://scripts/player/player_controller.gd:330)
ERROR: Basis [X: (0.988582, 0.097464, 0.114918), Y: (-0.032353, 0.882147, -0.46985), Z: (-0.14717, 0.460767, 0.875227)] must be normalized in order to be casted to a Quaternion. Use get_rotation_quaternion() or call orthonormalized() if the Basis contains linearly independent vectors.
   at: get_quaternion (core/math/basis.cpp:717)
   GDScript backtrace (most recent call first):
       [0] _carry_service_light (res://scripts/player/player_controller.gd:430)
       [1] _process (res://scripts/player/player_controller.gd:330)
ERROR: Basis [X: (1.0, 0.0, 0.0), Y: (0.0, 0.999994, 0.0), Z: (0.0, 0.0, 0.999994)] must be normalized in order to be casted to a Quaternion. Use get_rotation_quaternion() or call orthonormalized() if the Basis contains linearly independent vectors.
   at: get_quaternion (core/math/basis.cpp:717)
   GDScript backtrace (most recent call first):
       [0] _carry_service_light (res://scripts/player/player_controller.gd:430)
       [1] _process (res://scripts/player/player_controller.gd:330)
ERROR: Basis [X: (0.987922, 0.098216, 0.119844), Y: (-0.030696, 0.882167, -0.469923), Z: (-0.151878, 0.460569, 0.874527)] must be normalized in order to be casted to a Quaternion. Use get_rotation_quaternion() or call orthonormalized() if the Basis contains linearly independent vectors.
   at: get_quaternion (core/math/basis.cpp:717)
   GDScript backtrace (most recent call first):
       [0] _carry_service_light (res://scripts/player/player_controller.gd:430)
       [1] _process (res://scripts/player/player_controller.gd:330)
ERROR: Basis [X: (1.0, 0.0, 0.0), Y: (0.0, 0.999994, 0.0), Z: (0.0, 0.0, 0.999994)] must be normalized in order to be casted to a Quaternion. Use get_rotation_quaternion() or call orthonormalized() if the Basis contains linearly independent vectors.
   at: get_quaternion (core/math/basis.cpp:717)
   GDScript backtrace (most recent call first):
       [0] _carry_service_light (res://scripts/player/player_controller.gd:430)
       [1] _process (res://scripts/player/player_controller.gd:330)
ERROR: Basis [X: (0.987307, 0.098889, 0.124283), Y: (-0.029197, 0.882183, -0.469987), Z: (-0.156119, 0.460392, 0.873873)] must be normalized in order to be casted to a Quaternion. Use get_rotation_quaternion() or call orthonormalized() if the Basis contains linearly independent vectors.
   at: get_quaternion (core/math/basis.cpp:717)
   GDScript backtrace (most recent call first):
       [0] _carry_service_light (res://scripts/player/player_controller.gd:430)
       [1] _process (res://scripts/player/player_controller.gd:330)
ERROR: Basis [X: (1.0, 0.0, 0.0), Y: (0.0, 0.999994, 0.0), Z: (0.0, 0.0, 0.999994)] must be normalized in order to be casted to a Quaternion. Use get_rotation_quaternion() or call orthonormalized() if the Basis contains linearly independent vectors.
   at: get_quaternion (core/math/basis.cpp:717)
   GDScript backtrace (most recent call first):
       [0] _carry_service_light (res://scripts/player/player_controller.gd:430)
       [1] _process (res://scripts/player/player_controller.gd:330)
ERROR: Basis [X: (0.986734, 0.099491, 0.128286), Y: (-0.02784, 0.882198, -0.470043), Z: (-0.159941, 0.460236, 0.873264)] must be normalized in order to be casted to a Quaternion. Use get_rotation_quaternion() or call orthonormalized() if the Basis contains linearly independent vectors.
   at: get_quaternion (core/math/basis.cpp:717)
   GDScript backtrace (most recent call first):
       [0] _carry_service_light (res://scripts/player/player_controller.gd:430)
       [1] _process (res://scripts/player/player_controller.gd:330)
ERROR: Basis [X: (1.0, 0.0, 0.0), Y: (0.0, 0.999994, 0.0), Z: (0.0, 0.0, 0.999994)] must be normalized in order to be casted to a Quaternion. Use get_rotation_quaternion() or call orthonormalized() if the Basis contains linearly independent vectors.
   at: get_quaternion (core/math/basis.cpp:717)
   GDScript backtrace (most recent call first):
       [0] _carry_service_light (res://scripts/player/player_controller.gd:430)
       [1] _process (res://scripts/player/player_controller.gd:330)
ERROR: Basis [X: (0.986203, 0.100029, 0.131896), Y: (-0.026611, 0.882209, -0.470093), Z: (-0.163385, 0.460097, 0.872699)] must be normalized in order to be casted to a Quaternion. Use get_rotation_quaternion() or call orthonormalized() if the Basis contains linearly independent vectors.
   at: get_quaternion (core/math/basis.cpp:717)
   GDScript backtrace (most recent call first):
       [0] _carry_service_light (res://scripts/player/player_controller.gd:430)
       [1] _process (res://scripts/player/player_controller.gd:330)
ERROR: Basis [X: (1.0, 0.0, 0.0), Y: (0.0, 0.999994, 0.0), Z: (0.0, 0.0, 0.999994)] must be normalized in order to be casted to a Quaternion. Use get_rotation_quaternion() or call orthonormalized() if the Basis contains linearly independent vectors.
   at: get_quaternion (core/math/basis.cpp:717)
   GDScript backtrace (most recent call first):
       [0] _carry_service_light (res://scripts/player/player_controller.gd:430)
       [1] _process (res://scripts/player/player_controller.gd:330)
ERROR: Basis [X: (0.985713, 0.100511, 0.135153), Y: (-0.025496, 0.882218, -0.470138), Z: (-0.166491, 0.459975, 0.872177)] must be normalized in order to be casted to a Quaternion. Use get_rotation_quaternion() or call orthonormalized() if the Basis contains linearly independent vectors.
   at: get_quaternion (core/math/basis.cpp:717)
   GDScript backtrace (most recent call first):
       [0] _carry_service_light (res://scripts/player/player_controller.gd:430)
       [1] _process (res://scripts/player/player_controller.gd:330)
ERROR: Basis [X: (1.0, 0.0, 0.0), Y: (0.0, 0.999994, 0.0), Z: (0.0, 0.0, 0.999994)] must be normalized in order to be casted to a Quaternion. Use get_rotation_quaternion() or call orthonormalized() if the Basis contains linearly independent vectors.
   at: get_quaternion (core/math/basis.cpp:717)
   GDScript backtrace (most recent call first):
       [0] _carry_service_light (res://scripts/player/player_controller.gd:430)
       [1] _process (res://scripts/player/player_controller.gd:330)
ERROR: Basis [X: (0.985262, 0.100941, 0.138093), Y: (-0.024485, 0.882224, -0.470179), Z: (-0.169291, 0.459868, 0.871694)] must be normalized in order to be casted to a Quaternion. Use get_rotation_quaternion() or call orthonormalized() if the Basis contains linearly independent vectors.
   at: get_quaternion (core/math/basis.cpp:717)
   GDScript backtrace (most recent call first):
       [0] _carry_service_light (res://scripts/player/player_controller.gd:430)
       [1] _process (res://scripts/player/player_controller.gd:330)
ERROR: Basis [X: (1.0, 0.0, 0.0), Y: (0.0, 0.999994, 0.0), Z: (0.0, 0.0, 0.999994)] must be normalized in order to be casted to a Quaternion. Use get_rotation_quaternion() or call orthonormalized() if the Basis contains linearly independent vectors.
   at: get_quaternion (core/math/basis.cpp:717)
   GDScript backtrace (most recent call first):
       [0] _carry_service_light (res://scripts/player/player_controller.gd:430)
       [1] _process (res://scripts/player/player_controller.gd:330)
ERROR: Basis [X: (0.984847, 0.101325, 0.140747), Y: (-0.023567, 0.882229, -0.470217), Z: (-0.171818, 0.459775, 0.871248)] must be normalized in order to be casted to a Quaternion. Use get_rotation_quaternion() or call orthonormalized() if the Basis contains linearly independent vectors.
   at: get_quaternion (core/math/basis.cpp:717)
   GDScript backtrace (most recent call first):
       [0] _carry_service_light (res://scripts/player/player_controller.gd:430)
       [1] _process (res://scripts/player/player_controller.gd:330)
ERROR: Basis [X: (1.0, 0.0, 0.0), Y: (0.0, 0.999994, 0.0), Z: (0.0, 0.0, 0.999994)] must be normalized in order to be casted to a Quaternion. Use get_rotation_quaternion() or call orthonormalized() if the Basis contains linearly independent vectors.
   at: get_quaternion (core/math/basis.cpp:717)
   GDScript backtrace (most recent call first):
       [0] _carry_service_light (res://scripts/player/player_controller.gd:430)
       [1] _process (res://scripts/player/player_controller.gd:330)
ERROR: Basis [X: (0.984466, 0.101667, 0.143145), Y: (-0.022733, 0.882232, -0.470254), Z: (-0.174099, 0.459694, 0.870838)] must be normalized in order to be casted to a Quaternion. Use get_rotation_quaternion() or call orthonormalized() if the Basis contains linearly independent vectors.
   at: get_quaternion (core/math/basis.cpp:717)
   GDScript backtrace (most recent call first):
       [0] _carry_service_light (res://scripts/player/player_controller.gd:430)
       [1] _process (res://scripts/player/player_controller.gd:330)
ERROR: Basis [X: (1.0, 0.0, 0.0), Y: (0.0, 0.999994, 0.0), Z: (0.0, 0.0, 0.999994)] must be normalized in order to be casted to a Quaternion. Use get_rotation_quaternion() or call orthonormalized() if the Basis contains linearly independent vectors.
   at: get_quaternion (core/math/basis.cpp:717)
   GDScript backtrace (most recent call first):
       [0] _carry_service_light (res://scripts/player/player_controller.gd:430)
       [1] _process (res://scripts/player/player_controller.gd:330)
ERROR: Basis [X: (0.984117, 0.101973, 0.145312), Y: (-0.021975, 0.882232, -0.470288), Z: (-0.176157, 0.459625, 0.870461)] must be normalized in order to be casted to a Quaternion. Use get_rotation_quaternion() or call orthonormalized() if the Basis contains linearly independent vectors.
   at: get_quaternion (core/math/basis.cpp:717)
   GDScript backtrace (most recent call first):
       [0] _carry_service_light (res://scripts/player/player_controller.gd:430)
       [1] _process (res://scripts/player/player_controller.gd:330)
ERROR: Basis [X: (1.0, 0.0, 0.0), Y: (0.0, 0.999994, 0.0), Z: (0.0, 0.0, 0.999994)] must be normalized in order to be casted to a Quaternion. Use get_rotation_quaternion() or call orthonormalized() if the Basis contains linearly independent vectors.
   at: get_quaternion (core/math/basis.cpp:717)
   GDScript backtrace (most recent call first):
       [0] _carry_service_light (res://scripts/player/player_controller.gd:430)
       [1] _process (res://scripts/player/player_controller.gd:330)
ERROR: Basis [X: (0.983797, 0.102245, 0.147271), Y: (-0.021284, 0.882232, -0.470321), Z: (-0.178017, 0.459566, 0.870113)] must be normalized in order to be casted to a Quaternion. Use get_rotation_quaternion() or call orthonormalized() if the Basis contains linearly independent vectors.
   at: get_quaternion (core/math/basis.cpp:717)
   GDScript backtrace (most recent call first):
       [0] _carry_service_light (res://scripts/player/player_controller.gd:430)
       [1] _process (res://scripts/player/player_controller.gd:330)
ERROR: Basis [X: (1.0, 0.0, 0.0), Y: (0.0, 0.999994, 0.0), Z: (0.0, 0.0, 0.999994)] must be normalized in order to be casted to a Quaternion. Use get_rotation_quaternion() or call orthonormalized() if the Basis contains linearly independent vectors.
   at: get_quaternion (core/math/basis.cpp:717)
   GDScript backtrace (most recent call first):
       [0] _carry_service_light (res://scripts/player/player_controller.gd:430)
       [1] _process (res://scripts/player/player_controller.gd:330)
ERROR: Basis [X: (0.983505, 0.102487, 0.149043), Y: (-0.020655, 0.88223, -0.470352), Z: (-0.179698, 0.459516, 0.869794)] must be normalized in order to be casted to a Quaternion. Use get_rotation_quaternion() or call orthonormalized() if the Basis contains linearly independent vectors.
   at: get_quaternion (core/math/basis.cpp:717)
   GDScript backtrace (most recent call first):
       [0] _carry_service_light (res://scripts/player/player_controller.gd:430)
       [1] _process (res://scripts/player/player_controller.gd:330)
ERROR: Basis [X: (1.0, 0.0, 0.0), Y: (0.0, 0.999994, 0.0), Z: (0.0, 0.0, 0.999994)] must be normalized in order to be casted to a Quaternion. Use get_rotation_quaternion() or call orthonormalized() if the Basis contains linearly independent vectors.
   at: get_quaternion (core/math/basis.cpp:717)
   GDScript backtrace (most recent call first):
       [0] _carry_service_light (res://scripts/player/player_controller.gd:430)
       [1] _process (res://scripts/player/player_controller.gd:330)
ERROR: Basis [X: (0.983238, 0.103048, 0.150411), Y: (-0.020081, 0.881143, -0.472411), Z: (-0.181217, 0.461472, 0.868442)] must be normalized in order to be casted to a Quaternion. Use get_rotation_quaternion() or call orthonormalized() if the Basis contains linearly independent vectors.
   at: get_quaternion (core/math/basis.cpp:717)
   GDScript backtrace (most recent call first):
       [0] _carry_service_light (res://scripts/player/player_controller.gd:430)
       [1] _process (res://scripts/player/player_controller.gd:330)
ERROR: Basis [X: (1.0, 0.0, 0.0), Y: (0.0, 0.999994, 0.0), Z: (0.0, 0.0, 0.999994)] must be normalized in order to be casted to a Quaternion. Use get_rotation_quaternion() or call orthonormalized() if the Basis contains linearly independent vectors.
   at: get_quaternion (core/math/basis.cpp:717)
   GDScript backtrace (most recent call first):
       [0] _carry_service_light (res://scripts/player/player_controller.gd:430)
       [1] _process (res://scripts/player/player_controller.gd:330)
ERROR: Basis [X: (0.982856, 0.105467, 0.151231), Y: (-0.019243, 0.874428, -0.48476), Z: (-0.183369, 0.473539, 0.861466)] must be normalized in order to be casted to a Quaternion. Use get_rotation_quaternion() or call orthonormalized() if the Basis contains linearly independent vectors.
   at: get_quaternion (core/math/basis.cpp:717)
   GDScript backtrace (most recent call first):
       [0] _carry_service_light (res://scripts/player/player_controller.gd:430)
       [1] _process (res://scripts/player/player_controller.gd:330)
ERROR: Basis [X: (1.0, 0.0, 0.0), Y: (0.0, 0.999994, 0.0), Z: (0.0, 0.0, 0.999994)] must be normalized in order to be casted to a Quaternion. Use get_rotation_quaternion() or call orthonormalized() if the Basis contains linearly independent vectors.
   at: get_quaternion (core/math/basis.cpp:717)
   GDScript backtrace (most recent call first):
       [0] _carry_service_light (res://scripts/player/player_controller.gd:430)
       [1] _process (res://scripts/player/player_controller.gd:330)
ERROR: Basis [X: (0.98233, 0.108406, 0.152561), Y: (-0.01791, 0.865867, -0.499941), Z: (-0.186297, 0.488375, 0.852509)] must be normalized in order to be casted to a Quaternion. Use get_rotation_quaternion() or call orthonormalized() if the Basis contains linearly independent vectors.
   at: get_quaternion (core/math/basis.cpp:717)
   GDScript backtrace (most recent call first):
       [0] _carry_service_light (res://scripts/player/player_controller.gd:430)
       [1] _process (res://scripts/player/player_controller.gd:330)
ERROR: Basis [X: (1.0, 0.0, 0.0), Y: (0.0, 0.999994, 0.0), Z: (0.0, 0.0, 0.999994)] must be normalized in order to be casted to a Quaternion. Use get_rotation_quaternion() or call orthonormalized() if the Basis contains linearly independent vectors.
   at: get_quaternion (core/math/basis.cpp:717)
   GDScript backtrace (most recent call first):
       [0] _carry_service_light (res://scripts/player/player_controller.gd:430)
       [1] _process (res://scripts/player/player_controller.gd:330)
ERROR: Basis [X: (0.981357, 0.111564, 0.156497), Y: (-0.015734, 0.858171, -0.51311), Z: (-0.191548, 0.501082, 0.843928)] must be normalized in order to be casted to a Quaternion. Use get_rotation_quaternion() or call orthonormalized() if the Basis contains linearly independent vectors.
   at: get_quaternion (core/math/basis.cpp:717)
   GDScript backtrace (most recent call first):
       [0] _carry_service_light (res://scripts/player/player_controller.gd:430)
       [1] _process (res://scripts/player/player_controller.gd:330)
ERROR: Basis [X: (1.0, 0.0, 0.0), Y: (0.0, 0.999994, 0.0), Z: (0.0, 0.0, 0.999994)] must be normalized in order to be casted to a Quaternion. Use get_rotation_quaternion() or call orthonormalized() if the Basis contains linearly independent vectors.
   at: get_quaternion (core/math/basis.cpp:717)
   GDScript backtrace (most recent call first):
       [0] _carry_service_light (res://scripts/player/player_controller.gd:430)
       [1] _process (res://scripts/player/player_controller.gd:330)
ERROR: Basis [X: (0.980654, 0.114865, 0.158506), Y: (-0.014167, 0.849254, -0.527783), Z: (-0.195238, 0.515326, 0.834451)] must be normalized in order to be casted to a Quaternion. Use get_rotation_quaternion() or call orthonormalized() if the Basis contains linearly independent vectors.
   at: get_quaternion (core/math/basis.cpp:717)
   GDScript backtrace (most recent call first):
       [0] _carry_service_light (res://scripts/player/player_controller.gd:430)
       [1] _process (res://scripts/player/player_controller.gd:330)
ERROR: Basis [X: (1.0, 0.0, 0.0), Y: (0.0, 0.999994, 0.0), Z: (0.0, 0.0, 0.999994)] must be normalized in order to be casted to a Quaternion. Use get_rotation_quaternion() or call orthonormalized() if the Basis contains linearly independent vectors.
   at: get_quaternion (core/math/basis.cpp:717)
   GDScript backtrace (most recent call first):
       [0] _carry_service_light (res://scripts/player/player_controller.gd:430)
       [1] _process (res://scripts/player/player_controller.gd:330)
ERROR: Basis [X: (0.979275, 0.118326, 0.164373), Y: (-0.011402, 0.842501, -0.538562), Z: (-0.202213, 0.525526, 0.82639)] must be normalized in order to be casted to a Quaternion. Use get_rotation_quaternion() or call orthonormalized() if the Basis contains linearly independent vectors.
   at: get_quaternion (core/math/basis.cpp:717)
   GDScript backtrace (most recent call first):
       [0] _carry_service_light (res://scripts/player/player_controller.gd:430)
       [1] _process (res://scripts/player/player_controller.gd:330)
ERROR: Basis [X: (1.0, 0.0, 0.0), Y: (0.0, 0.999994, 0.0), Z: (0.0, 0.0, 0.999994)] must be normalized in order to be casted to a Quaternion. Use get_rotation_quaternion() or call orthonormalized() if the Basis contains linearly independent vectors.
   at: get_quaternion (core/math/basis.cpp:717)
   GDScript backtrace (most recent call first):
       [0] _carry_service_light (res://scripts/player/player_controller.gd:430)
       [1] _process (res://scripts/player/player_controller.gd:330)
ERROR: Basis [X: (0.978142, 0.122353, 0.168127), Y: (-0.009261, 0.833383, -0.552607), Z: (-0.20773, 0.538971, 0.8163)] must be normalized in order to be casted to a Quaternion. Use get_rotation_quaternion() or call orthonormalized() if the Basis contains linearly independent vectors.
   at: get_quaternion (core/math/basis.cpp:717)
   GDScript backtrace (most recent call first):
       [0] _carry_service_light (res://scripts/player/player_controller.gd:430)
       [1] _process (res://scripts/player/player_controller.gd:330)
ERROR: Basis [X: (1.0, 0.0, 0.0), Y: (0.0, 0.999994, 0.0), Z: (0.0, 0.0, 0.999994)] must be normalized in order to be casted to a Quaternion. Use get_rotation_quaternion() or call orthonormalized() if the Basis contains linearly independent vectors.
   at: get_quaternion (core/math/basis.cpp:717)
   GDScript backtrace (most recent call first):
       [0] _carry_service_light (res://scripts/player/player_controller.gd:430)
       [1] _process (res://scripts/player/player_controller.gd:330)
ERROR: Basis [X: (0.97642, 0.127634, 0.174107), Y: (-0.00611, 0.822513, -0.568702), Z: (-0.215794, 0.554228, 0.803898)] must be normalized in order to be casted to a Quaternion. Use get_rotation_quaternion() or call orthonormalized() if the Basis contains linearly independent vectors.
   at: get_quaternion (core/math/basis.cpp:717)
   GDScript backtrace (most recent call first):
       [0] _carry_service_light (res://scripts/player/player_controller.gd:430)
       [1] _process (res://scripts/player/player_controller.gd:330)
ERROR: Basis [X: (1.0, 0.0, 0.0), Y: (0.0, 0.999994, 0.0), Z: (0.0, 0.0, 0.999994)] must be normalized in order to be casted to a Quaternion. Use get_rotation_quaternion() or call orthonormalized() if the Basis contains linearly independent vectors.
   at: get_quaternion (core/math/basis.cpp:717)
   GDScript backtrace (most recent call first):
       [0] _carry_service_light (res://scripts/player/player_controller.gd:430)
       [1] _process (res://scripts/player/player_controller.gd:330)
ERROR: Basis [X: (0.975571, 0.13392, 0.174143), Y: (-0.004419, 0.804499, -0.593927), Z: (-0.219639, 0.578649, 0.785438)] must be normalized in order to be casted to a Quaternion. Use get_rotation_quaternion() or call orthonormalized() if the Basis contains linearly independent vectors.
   at: get_quaternion (core/math/basis.cpp:717)
   GDScript backtrace (most recent call first):
       [0] _carry_service_light (res://scripts/player/player_controller.gd:430)
       [1] _process (res://scripts/player/player_controller.gd:330)
ERROR: Basis [X: (1.0, 0.0, 0.0), Y: (0.0, 0.999994, 0.0), Z: (0.0, 0.0, 0.999994)] must be normalized in order to be casted to a Quaternion. Use get_rotation_quaternion() or call orthonormalized() if the Basis contains linearly independent vectors.
   at: get_quaternion (core/math/basis.cpp:717)
   GDScript backtrace (most recent call first):
       [0] _carry_service_light (res://scripts/player/player_controller.gd:430)
       [1] _process (res://scripts/player/player_controller.gd:330)
ERROR: Basis [X: (0.974454, 0.140272, 0.175392), Y: (-0.002074, 0.78654, -0.617526), Z: (-0.224577, 0.601387, 0.766738)] must be normalized in order to be casted to a Quaternion. Use get_rotation_quaternion() or call orthonormalized() if the Basis contains linearly independent vectors.
   at: get_quaternion (core/math/basis.cpp:717)
   GDScript backtrace (most recent call first):
       [0] _carry_service_light (res://scripts/player/player_controller.gd:430)
       [1] _process (res://scripts/player/player_controller.gd:330)
ERROR: Basis [X: (1.0, 0.0, 0.0), Y: (0.0, 0.999994, 0.0), Z: (0.0, 0.0, 0.999994)] must be normalized in order to be casted to a Quaternion. Use get_rotation_quaternion() or call orthonormalized() if the Basis contains linearly independent vectors.
   at: get_quaternion (core/math/basis.cpp:717)
   GDScript backtrace (most recent call first):
       [0] _carry_service_light (res://scripts/player/player_controller.gd:430)
       [1] _process (res://scripts/player/player_controller.gd:330)
ERROR: Basis [X: (0.973904, 0.147855, 0.172188), Y: (-0.000744, 0.760747, -0.649038), Z: (-0.226958, 0.631973, 0.741005)] must be normalized in order to be casted to a Quaternion. Use get_rotation_quaternion() or call orthonormalized() if the Basis contains linearly independent vectors.
   at: get_quaternion (core/math/basis.cpp:717)
   GDScript backtrace (most recent call first):
       [0] _carry_service_light (res://scripts/player/player_controller.gd:430)
       [1] _process (res://scripts/player/player_controller.gd:330)
ERROR: Basis [X: (1.0, 0.0, 0.0), Y: (0.0, 0.999994, 0.0), Z: (0.0, 0.0, 0.999994)] must be normalized in order to be casted to a Quaternion. Use get_rotation_quaternion() or call orthonormalized() if the Basis contains linearly independent vectors.
   at: get_quaternion (core/math/basis.cpp:717)
   GDScript backtrace (most recent call first):
       [0] _carry_service_light (res://scripts/player/player_controller.gd:430)
       [1] _process (res://scripts/player/player_controller.gd:330)
ERROR: Basis [X: (0.973239, 0.153226, 0.171252), Y: (0.001004, 0.742394, -0.669953), Z: (-0.229794, 0.652196, 0.722373)] must be normalized in order to be casted to a Quaternion. Use get_rotation_quaternion() or call orthonormalized() if the Basis contains linearly independent vectors.
   at: get_quaternion (core/math/basis.cpp:717)
   GDScript backtrace (most recent call first):
       [0] _carry_service_light (res://scripts/player/player_controller.gd:430)
       [1] _process (res://scripts/player/player_controller.gd:330)
ERROR: Basis [X: (1.0, 0.0, 0.0), Y: (0.0, 0.999994, 0.0), Z: (0.0, 0.0, 0.999994)] must be normalized in order to be casted to a Quaternion. Use get_rotation_quaternion() or call orthonormalized() if the Basis contains linearly independent vectors.
   at: get_quaternion (core/math/basis.cpp:717)
   GDScript backtrace (most recent call first):
       [0] _carry_service_light (res://scripts/player/player_controller.gd:430)
       [1] _process (res://scripts/player/player_controller.gd:330)
ERROR: Basis [X: (0.973344, 0.15765, 0.166573), Y: (0.001146, 0.722935, -0.690905), Z: (-0.229346, 0.67268, 0.703485)] must be normalized in order to be casted to a Quaternion. Use get_rotation_quaternion() or call orthonormalized() if the Basis contains linearly independent vectors.
   at: get_quaternion (core/math/basis.cpp:717)
   GDScript backtrace (most recent call first):
       [0] _carry_service_light (res://scripts/player/player_controller.gd:430)
       [1] _process (res://scripts/player/player_controller.gd:330)
ERROR: Basis [X: (1.0, 0.0, 0.0), Y: (0.0, 0.999994, 0.0), Z: (0.0, 0.0, 0.999994)] must be normalized in order to be casted to a Quaternion. Use get_rotation_quaternion() or call orthonormalized() if the Basis contains linearly independent vectors.
   at: get_quaternion (core/math/basis.cpp:717)
   GDScript backtrace (most recent call first):
       [0] _carry_service_light (res://scripts/player/player_controller.gd:430)
       [1] _process (res://scripts/player/player_controller.gd:330)
ERROR: Basis [X: (0.973441, 0.160075, 0.163668), Y: (0.00133, 0.710938, -0.703245), Z: (-0.228933, 0.684785, 0.691843)] must be normalized in order to be casted to a Quaternion. Use get_rotation_quaternion() or call orthonormalized() if the Basis contains linearly independent vectors.
   at: get_quaternion (core/math/basis.cpp:717)
   GDScript backtrace (most recent call first):
       [0] _carry_service_light (res://scripts/player/player_controller.gd:430)
       [1] _process (res://scripts/player/player_controller.gd:330)
ERROR: Basis [X: (1.0, 0.0, 0.0), Y: (0.0, 0.999994, 0.0), Z: (0.0, 0.0, 0.999994)] must be normalized in order to be casted to a Quaternion. Use get_rotation_quaternion() or call orthonormalized() if the Basis contains linearly independent vectors.
   at: get_quaternion (core/math/basis.cpp:717)
   GDScript backtrace (most recent call first):
       [0] _carry_service_light (res://scripts/player/player_controller.gd:430)
       [1] _process (res://scripts/player/player_controller.gd:330)
ERROR: Basis [X: (0.973931, 0.162061, 0.158725), Y: (0.000582, 0.697925, -0.716162), Z: (-0.226843, 0.697585, 0.679636)] must be normalized in order to be casted to a Quaternion. Use get_rotation_quaternion() or call orthonormalized() if the Basis contains linearly independent vectors.
   at: get_quaternion (core/math/basis.cpp:717)
   GDScript backtrace (most recent call first):
       [0] _carry_service_light (res://scripts/player/player_controller.gd:430)
       [1] _process (res://scripts/player/player_controller.gd:330)
ERROR: Basis [X: (1.0, 0.0, 0.0), Y: (0.0, 0.999994, 0.0), Z: (0.0, 0.0, 0.999994)] must be normalized in order to be casted to a Quaternion. Use get_rotation_quaternion() or call orthonormalized() if the Basis contains linearly independent vectors.
   at: get_quaternion (core/math/basis.cpp:717)
   GDScript backtrace (most recent call first):
       [0] _carry_service_light (res://scripts/player/player_controller.gd:430)
       [1] _process (res://scripts/player/player_controller.gd:330)
ERROR: Basis [X: (0.97443, 0.162108, 0.155587), Y: (-0.000131, 0.692854, -0.721069), Z: (-0.224693, 0.70261, 0.675159)] must be normalized in order to be casted to a Quaternion. Use get_rotation_quaternion() or call orthonormalized() if the Basis contains linearly independent vectors.
   at: get_quaternion (core/math/basis.cpp:717)
   GDScript backtrace (most recent call first):
       [0] _carry_service_light (res://scripts/player/player_controller.gd:430)
       [1] _process (res://scripts/player/player_controller.gd:330)
ERROR: Basis [X: (1.0, 0.0, 0.0), Y: (0.0, 0.999994, 0.0), Z: (0.0, 0.0, 0.999994)] must be normalized in order to be casted to a Quaternion. Use get_rotation_quaternion() or call orthonormalized() if the Basis contains linearly independent vectors.
   at: get_quaternion (core/math/basis.cpp:717)
   GDScript backtrace (most recent call first):
       [0] _carry_service_light (res://scripts/player/player_controller.gd:430)
       [1] _process (res://scripts/player/player_controller.gd:330)
ERROR: Basis [X: (0.975029, 0.161215, 0.152731), Y: (-0.001297, 0.691865, -0.722017), Z: (-0.222072, 0.70379, 0.674798)] must be normalized in order to be casted to a Quaternion. Use get_rotation_quaternion() or call orthonormalized() if the Basis contains linearly independent vectors.
   at: get_quaternion (core/math/basis.cpp:717)
   GDScript backtrace (most recent call first):
       [0] _carry_service_light (res://scripts/player/player_controller.gd:430)
       [1] _process (res://scripts/player/player_controller.gd:330)
ERROR: Basis [X: (1.0, 0.0, 0.0), Y: (0.0, 0.999994, 0.0), Z: (0.0, 0.0, 0.999994)] must be normalized in order to be casted to a Quaternion. Use get_rotation_quaternion() or call orthonormalized() if the Basis contains linearly independent vectors.
   at: get_quaternion (core/math/basis.cpp:717)
   GDScript backtrace (most recent call first):
       [0] _carry_service_light (res://scripts/player/player_controller.gd:430)
       [1] _process (res://scripts/player/player_controller.gd:330)
ERROR: Basis [X: (0.975553, 0.160462, 0.15016), Y: (-0.002432, 0.691117, -0.722731), Z: (-0.219751, 0.704697, 0.674611)] must be normalized in order to be casted to a Quaternion. Use get_rotation_quaternion() or call orthonormalized() if the Basis contains linearly independent vectors.
   at: get_quaternion (core/math/basis.cpp:717)
   GDScript backtrace (most recent call first):
       [0] _carry_service_light (res://scripts/player/player_controller.gd:430)
       [1] _process (res://scripts/player/player_controller.gd:330)
ERROR: Basis [X: (1.0, 0.0, 0.0), Y: (0.0, 0.999994, 0.0), Z: (0.0, 0.0, 0.999994)] must be normalized in order to be casted to a Quaternion. Use get_rotation_quaternion() or call orthonormalized() if the Basis contains linearly independent vectors.
   at: get_quaternion (core/math/basis.cpp:717)
   GDScript backtrace (most recent call first):
       [0] _carry_service_light (res://scripts/player/player_controller.gd:430)
       [1] _process (res://scripts/player/player_controller.gd:330)
ERROR: Basis [X: (0.976075, 0.159345, 0.147943), Y: (-0.003537, 0.69194, -0.721938), Z: (-0.217407, 0.704142, 0.675949)] must be normalized in order to be casted to a Quaternion. Use get_rotation_quaternion() or call orthonormalized() if the Basis contains linearly independent vectors.
   at: get_quaternion (core/math/basis.cpp:717)
   GDScript backtrace (most recent call first):
       [0] _carry_service_light (res://scripts/player/player_controller.gd:430)
       [1] _process (res://scripts/player/player_controller.gd:330)
ERROR: Basis [X: (1.0, 0.0, 0.0), Y: (0.0, 0.999994, 0.0), Z: (0.0, 0.0, 0.999994)] must be normalized in order to be casted to a Quaternion. Use get_rotation_quaternion() or call orthonormalized() if the Basis contains linearly independent vectors.
   at: get_quaternion (core/math/basis.cpp:717)
   GDScript backtrace (most recent call first):
       [0] _carry_service_light (res://scripts/player/player_controller.gd:430)
       [1] _process (res://scripts/player/player_controller.gd:330)
ERROR: Basis [X: (0.976533, 0.158354, 0.145968), Y: (-0.004567, 0.692835, -0.721073), Z: (-0.215319, 0.703485, 0.6773)] must be normalized in order to be casted to a Quaternion. Use get_rotation_quaternion() or call orthonormalized() if the Basis contains linearly independent vectors.
   at: get_quaternion (core/math/basis.cpp:717)
   GDScript backtrace (most recent call first):
       [0] _carry_service_light (res://scripts/player/player_controller.gd:430)
       [1] _process (res://scripts/player/player_controller.gd:330)
ERROR: Basis [X: (1.0, 0.0, 0.0), Y: (0.0, 0.999994, 0.0), Z: (0.0, 0.0, 0.999994)] must be normalized in order to be casted to a Quaternion. Use get_rotation_quaternion() or call orthonormalized() if the Basis contains linearly independent vectors.
   at: get_quaternion (core/math/basis.cpp:717)
   GDScript backtrace (most recent call first):
       [0] _carry_service_light (res://scripts/player/player_controller.gd:430)
       [1] _process (res://scripts/player/player_controller.gd:330)
ERROR: Basis [X: (0.97694, 0.157463, 0.1442), Y: (-0.005483, 0.693641, -0.720291), Z: (-0.213445, 0.702891, 0.678509)] must be normalized in order to be casted to a Quaternion. Use get_rotation_quaternion() or call orthonormalized() if the Basis contains linearly independent vectors.
   at: get_quaternion (core/math/basis.cpp:717)
   GDScript backtrace (most recent call first):
       [0] _carry_service_light (res://scripts/player/player_controller.gd:430)
       [1] _process (res://scripts/player/player_controller.gd:330)
ERROR: Basis [X: (1.0, 0.0, 0.0), Y: (0.0, 0.999994, 0.0), Z: (0.0, 0.0, 0.999994)] must be normalized in order to be casted to a Quaternion. Use get_rotation_quaternion() or call orthonormalized() if the Basis contains linearly independent vectors.
   at: get_quaternion (core/math/basis.cpp:717)
   GDScript backtrace (most recent call first):
       [0] _carry_service_light (res://scripts/player/player_controller.gd:430)
       [1] _process (res://scripts/player/player_controller.gd:330)
ERROR: Basis [X: (0.977301, 0.156662, 0.142618), Y: (-0.006298, 0.694366, -0.719586), Z: (-0.211763, 0.702354, 0.679591)] must be normalized in order to be casted to a Quaternion. Use get_rotation_quaternion() or call orthonormalized() if the Basis contains linearly independent vectors.
   at: get_quaternion (core/math/basis.cpp:717)
   GDScript backtrace (most recent call first):
       [0] _carry_service_light (res://scripts/player/player_controller.gd:430)
       [1] _process (res://scripts/player/player_controller.gd:330)
ERROR: Basis [X: (1.0, 0.0, 0.0), Y: (0.0, 0.999994, 0.0), Z: (0.0, 0.0, 0.999994)] must be normalized in order to be casted to a Quaternion. Use get_rotation_quaternion() or call orthonormalized() if the Basis contains linearly independent vectors.
   at: get_quaternion (core/math/basis.cpp:717)
   GDScript backtrace (most recent call first):
       [0] _carry_service_light (res://scripts/player/player_controller.gd:430)
       [1] _process (res://scripts/player/player_controller.gd:330)
ERROR: Basis [X: (0.977621, 0.155943, 0.141203), Y: (-0.007023, 0.695019, -0.718949), Z: (-0.210257, 0.701868, 0.68056)] must be normalized in order to be casted to a Quaternion. Use get_rotation_quaternion() or call orthonormalized() if the Basis contains linearly independent vectors.
   at: get_quaternion (core/math/basis.cpp:717)
   GDScript backtrace (most recent call first):
       [0] _carry_service_light (res://scripts/player/player_controller.gd:430)
       [1] _process (res://scripts/player/player_controller.gd:330)
ERROR: Basis [X: (1.0, 0.0, 0.0), Y: (0.0, 0.999994, 0.0), Z: (0.0, 0.0, 0.999994)] must be normalized in order to be casted to a Quaternion. Use get_rotation_quaternion() or call orthonormalized() if the Basis contains linearly independent vectors.
   at: get_quaternion (core/math/basis.cpp:717)
   GDScript backtrace (most recent call first):
       [0] _carry_service_light (res://scripts/player/player_controller.gd:430)
       [1] _process (res://scripts/player/player_controller.gd:330)
ERROR: Basis [X: (0.977905, 0.155297, 0.13994), Y: (-0.007666, 0.695606, -0.718374), Z: (-0.208907, 0.701429, 0.681427)] must be normalized in order to be casted to a Quaternion. Use get_rotation_quaternion() or call orthonormalized() if the Basis contains linearly independent vectors.
   at: get_quaternion (core/math/basis.cpp:717)
   GDScript backtrace (most recent call first):
       [0] _carry_service_light (res://scripts/player/player_controller.gd:430)
       [1] _process (res://scripts/player/player_controller.gd:330)
ERROR: Basis [X: (1.0, 0.0, 0.0), Y: (0.0, 0.999994, 0.0), Z: (0.0, 0.0, 0.999994)] must be normalized in order to be casted to a Quaternion. Use get_rotation_quaternion() or call orthonormalized() if the Basis contains linearly independent vectors.
   at: get_quaternion (core/math/basis.cpp:717)
   GDScript backtrace (most recent call first):
       [0] _carry_service_light (res://scripts/player/player_controller.gd:430)
       [1] _process (res://scripts/player/player_controller.gd:330)
ERROR: Basis [X: (0.978158, 0.154718, 0.138812), Y: (-0.008237, 0.696135, -0.717855), Z: (-0.2077, 0.701032, 0.682204)] must be normalized in order to be casted to a Quaternion. Use get_rotation_quaternion() or call orthonormalized() if the Basis contains linearly independent vectors.
   at: get_quaternion (core/math/basis.cpp:717)
   GDScript backtrace (most recent call first):
       [0] _carry_service_light (res://scripts/player/player_controller.gd:430)
       [1] _process (res://scripts/player/player_controller.gd:330)
ERROR: Basis [X: (1.0, 0.0, 0.0), Y: (0.0, 0.999994, 0.0), Z: (0.0, 0.0, 0.999994)] must be normalized in order to be casted to a Quaternion. Use get_rotation_quaternion() or call orthonormalized() if the Basis contains linearly independent vectors.
   at: get_quaternion (core/math/basis.cpp:717)
   GDScript backtrace (most recent call first):
       [0] _carry_service_light (res://scripts/player/player_controller.gd:430)
       [1] _process (res://scripts/player/player_controller.gd:330)
ERROR: Basis [X: (0.978382, 0.154199, 0.137807), Y: (-0.008744, 0.696611, -0.717387), Z: (-0.206621, 0.700674, 0.6829)] must be normalized in order to be casted to a Quaternion. Use get_rotation_quaternion() or call orthonormalized() if the Basis contains linearly independent vectors.
   at: get_quaternion (core/math/basis.cpp:717)
   GDScript backtrace (most recent call first):
       [0] _carry_service_light (res://scripts/player/player_controller.gd:430)
       [1] _process (res://scripts/player/player_controller.gd:330)
ERROR: Basis [X: (1.0, 0.0, 0.0), Y: (0.0, 0.999994, 0.0), Z: (0.0, 0.0, 0.999994)] must be normalized in order to be casted to a Quaternion. Use get_rotation_quaternion() or call orthonormalized() if the Basis contains linearly independent vectors.
   at: get_quaternion (core/math/basis.cpp:717)
   GDScript backtrace (most recent call first):
       [0] _carry_service_light (res://scripts/player/player_controller.gd:430)
       [1] _process (res://scripts/player/player_controller.gd:330)
ERROR: Basis [X: (0.978581, 0.153733, 0.136912), Y: (-0.009194, 0.69704, -0.716965), Z: (-0.205657, 0.70035, 0.683523)] must be normalized in order to be casted to a Quaternion. Use get_rotation_quaternion() or call orthonormalized() if the Basis contains linearly independent vectors.
   at: get_quaternion (core/math/basis.cpp:717)
   GDScript backtrace (most recent call first):
       [0] _carry_service_light (res://scripts/player/player_controller.gd:430)
       [1] _process (res://scripts/player/player_controller.gd:330)
ERROR: Basis [X: (1.0, 0.0, 0.0), Y: (0.0, 0.999994, 0.0), Z: (0.0, 0.0, 0.999994)] must be normalized in order to be casted to a Quaternion. Use get_rotation_quaternion() or call orthonormalized() if the Basis contains linearly independent vectors.
   at: get_quaternion (core/math/basis.cpp:717)
   GDScript backtrace (most recent call first):
       [0] _carry_service_light (res://scripts/player/player_controller.gd:430)
       [1] _process (res://scripts/player/player_controller.gd:330)
ERROR: Basis [X: (0.978757, 0.153316, 0.136116), Y: (-0.009591, 0.697426, -0.716584), Z: (-0.204797, 0.700056, 0.684081)] must be normalized in order to be casted to a Quaternion. Use get_rotation_quaternion() or call orthonormalized() if the Basis contains linearly independent vectors.
   at: get_quaternion (core/math/basis.cpp:717)
   GDScript backtrace (most recent call first):
       [0] _carry_service_light (res://scripts/player/player_controller.gd:430)
       [1] _process (res://scripts/player/player_controller.gd:330)
ERROR: Basis [X: (1.0, 0.0, 0.0), Y: (0.0, 0.999994, 0.0), Z: (0.0, 0.0, 0.999994)] must be normalized in order to be casted to a Quaternion. Use get_rotation_quaternion() or call orthonormalized() if the Basis contains linearly independent vectors.
   at: get_quaternion (core/math/basis.cpp:717)
   GDScript backtrace (most recent call first):
       [0] _carry_service_light (res://scripts/player/player_controller.gd:430)
       [1] _process (res://scripts/player/player_controller.gd:330)
ERROR: Basis [X: (0.978914, 0.152942, 0.135409), Y: (-0.009943, 0.697774, -0.71624), Z: (-0.204031, 0.699791, 0.684582)] must be normalized in order to be casted to a Quaternion. Use get_rotation_quaternion() or call orthonormalized() if the Basis contains linearly independent vectors.
   at: get_quaternion (core/math/basis.cpp:717)
   GDScript backtrace (most recent call first):
       [0] _carry_service_light (res://scripts/player/player_controller.gd:430)
       [1] _process (res://scripts/player/player_controller.gd:330)
ERROR: Basis [X: (1.0, 0.0, 0.0), Y: (0.0, 0.999994, 0.0), Z: (0.0, 0.0, 0.999994)] must be normalized in order to be casted to a Quaternion. Use get_rotation_quaternion() or call orthonormalized() if the Basis contains linearly independent vectors.
   at: get_quaternion (core/math/basis.cpp:717)
   GDScript backtrace (most recent call first):
       [0] _carry_service_light (res://scripts/player/player_controller.gd:430)
       [1] _process (res://scripts/player/player_controller.gd:330)
ERROR: Basis [X: (0.979052, 0.152608, 0.134783), Y: (-0.010254, 0.698088, -0.71593), Z: (-0.20335, 0.699551, 0.68503)] must be normalized in order to be casted to a Quaternion. Use get_rotation_quaternion() or call orthonormalized() if the Basis contains linearly independent vectors.
   at: get_quaternion (core/math/basis.cpp:717)
   GDScript backtrace (most recent call first):
       [0] _carry_service_light (res://scripts/player/player_controller.gd:430)
       [1] _process (res://scripts/player/player_controller.gd:330)
ERROR: Basis [X: (1.0, 0.0, 0.0), Y: (0.0, 0.999994, 0.0), Z: (0.0, 0.0, 0.999994)] must be normalized in order to be casted to a Quaternion. Use get_rotation_quaternion() or call orthonormalized() if the Basis contains linearly independent vectors.
   at: get_quaternion (core/math/basis.cpp:717)
   GDScript backtrace (most recent call first):
       [0] _carry_service_light (res://scripts/player/player_controller.gd:430)
       [1] _process (res://scripts/player/player_controller.gd:330)
ERROR: Basis [X: (0.979175, 0.15231, 0.134229), Y: (-0.010528, 0.698372, -0.715649), Z: (-0.202744, 0.699333, 0.685431)] must be normalized in order to be casted to a Quaternion. Use get_rotation_quaternion() or call orthonormalized() if the Basis contains linearly independent vectors.
   at: get_quaternion (core/math/basis.cpp:717)
   GDScript backtrace (most recent call first):
       [0] _carry_service_light (res://scripts/player/player_controller.gd:430)
       [1] _process (res://scripts/player/player_controller.gd:330)
ERROR: Basis [X: (1.0, 0.0, 0.0), Y: (0.0, 0.999994, 0.0), Z: (0.0, 0.0, 0.999994)] must be normalized in order to be casted to a Quaternion. Use get_rotation_quaternion() or call orthonormalized() if the Basis contains linearly independent vectors.
   at: get_quaternion (core/math/basis.cpp:717)
   GDScript backtrace (most recent call first):
       [0] _carry_service_light (res://scripts/player/player_controller.gd:430)
       [1] _process (res://scripts/player/player_controller.gd:330)
ERROR: Basis [X: (0.979283, 0.152044, 0.133739), Y: (-0.010768, 0.698627, -0.715396), Z: (-0.202208, 0.699135, 0.685791)] must be normalized in order to be casted to a Quaternion. Use get_rotation_quaternion() or call orthonormalized() if the Basis contains linearly independent vectors.
   at: get_quaternion (core/math/basis.cpp:717)
   GDScript backtrace (most recent call first):
       [0] _carry_service_light (res://scripts/player/player_controller.gd:430)
       [1] _process (res://scripts/player/player_controller.gd:330)
ERROR: Basis [X: (1.0, 0.0, 0.0), Y: (0.0, 0.999994, 0.0), Z: (0.0, 0.0, 0.999994)] must be normalized in order to be casted to a Quaternion. Use get_rotation_quaternion() or call orthonormalized() if the Basis contains linearly independent vectors.
   at: get_quaternion (core/math/basis.cpp:717)
   GDScript backtrace (most recent call first):
       [0] _carry_service_light (res://scripts/player/player_controller.gd:430)
       [1] _process (res://scripts/player/player_controller.gd:330)
ERROR: Basis [X: (0.979379, 0.151806, 0.133309), Y: (-0.01098, 0.698859, -0.715167), Z: (-0.201733, 0.698956, 0.686114)] must be normalized in order to be casted to a Quaternion. Use get_rotation_quaternion() or call orthonormalized() if the Basis contains linearly independent vectors.
   at: get_quaternion (core/math/basis.cpp:717)
   GDScript backtrace (most recent call first):
       [0] _carry_service_light (res://scripts/player/player_controller.gd:430)
       [1] _process (res://scripts/player/player_controller.gd:330)
ERROR: Basis [X: (1.0, 0.0, 0.0), Y: (0.0, 0.999994, 0.0), Z: (0.0, 0.0, 0.999994)] must be normalized in order to be casted to a Quaternion. Use get_rotation_quaternion() or call orthonormalized() if the Basis contains linearly independent vectors.
   at: get_quaternion (core/math/basis.cpp:717)
   GDScript backtrace (most recent call first):
       [0] _carry_service_light (res://scripts/player/player_controller.gd:430)
       [1] _process (res://scripts/player/player_controller.gd:330)
ERROR: Basis [X: (0.979463, 0.151595, 0.13293), Y: (-0.011165, 0.699068, -0.71496), Z: (-0.201314, 0.698792, 0.686403)] must be normalized in order to be casted to a Quaternion. Use get_rotation_quaternion() or call orthonormalized() if the Basis contains linearly independent vectors.
   at: get_quaternion (core/math/basis.cpp:717)
   GDScript backtrace (most recent call first):
       [0] _carry_service_light (res://scripts/player/player_controller.gd:430)
       [1] _process (res://scripts/player/player_controller.gd:330)
ERROR: Basis [X: (1.0, 0.0, 0.0), Y: (0.0, 0.999994, 0.0), Z: (0.0, 0.0, 0.999994)] must be normalized in order to be casted to a Quaternion. Use get_rotation_quaternion() or call orthonormalized() if the Basis contains linearly independent vectors.
   at: get_quaternion (core/math/basis.cpp:717)
   GDScript backtrace (most recent call first):
       [0] _carry_service_light (res://scripts/player/player_controller.gd:430)
       [1] _process (res://scripts/player/player_controller.gd:330)
ERROR: Basis [X: (0.979537, 0.151408, 0.1326), Y: (-0.011326, 0.699257, -0.714772), Z: (-0.200946, 0.698644, 0.686663)] must be normalized in order to be casted to a Quaternion. Use get_rotation_quaternion() or call orthonormalized() if the Basis contains linearly independent vectors.
   at: get_quaternion (core/math/basis.cpp:717)
   GDScript backtrace (most recent call first):
       [0] _carry_service_light (res://scripts/player/player_controller.gd:430)
       [1] _process (res://scripts/player/player_controller.gd:330)
ERROR: Basis [X: (1.0, 0.0, 0.0), Y: (0.0, 0.999994, 0.0), Z: (0.0, 0.0, 0.999994)] must be normalized in order to be casted to a Quaternion. Use get_rotation_quaternion() or call orthonormalized() if the Basis contains linearly independent vectors.
   at: get_quaternion (core/math/basis.cpp:717)
   GDScript backtrace (most recent call first):
       [0] _carry_service_light (res://scripts/player/player_controller.gd:430)
       [1] _process (res://scripts/player/player_controller.gd:330)
ERROR: Basis [X: (0.979602, 0.150325, 0.133352), Y: (-0.011467, 0.704343, -0.709759), Z: (-0.200622, 0.693752, 0.691699)] must be normalized in order to be casted to a Quaternion. Use get_rotation_quaternion() or call orthonormalized() if the Basis contains linearly independent vectors.
   at: get_quaternion (core/math/basis.cpp:717)
   GDScript backtrace (most recent call first):
       [0] _carry_service_light (res://scripts/player/player_controller.gd:430)
       [1] _process (res://scripts/player/player_controller.gd:330)
ERROR: Basis [X: (1.0, 0.0, 0.0), Y: (0.0, 0.999994, 0.0), Z: (0.0, 0.0, 0.999994)] must be normalized in order to be casted to a Quaternion. Use get_rotation_quaternion() or call orthonormalized() if the Basis contains linearly independent vectors.
   at: get_quaternion (core/math/basis.cpp:717)
   GDScript backtrace (most recent call first):
       [0] _carry_service_light (res://scripts/player/player_controller.gd:430)
       [1] _process (res://scripts/player/player_controller.gd:330)
ERROR: Basis [X: (0.979437, 0.148526, 0.13654), Y: (-0.011353, 0.716273, -0.697719), Z: (-0.201432, 0.681821, 0.70323)] must be normalized in order to be casted to a Quaternion. Use get_rotation_quaternion() or call orthonormalized() if the Basis contains linearly independent vectors.
   at: get_quaternion (core/math/basis.cpp:717)
   GDScript backtrace (most recent call first):
       [0] _carry_service_light (res://scripts/player/player_controller.gd:430)
       [1] _process (res://scripts/player/player_controller.gd:330)
ERROR: Basis [X: (1.0, 0.0, 0.0), Y: (0.0, 0.999994, 0.0), Z: (0.0, 0.0, 0.999994)] must be normalized in order to be casted to a Quaternion. Use get_rotation_quaternion() or call orthonormalized() if the Basis contains linearly independent vectors.
   at: get_quaternion (core/math/basis.cpp:717)
   GDScript backtrace (most recent call first):
       [0] _carry_service_light (res://scripts/player/player_controller.gd:430)
       [1] _process (res://scripts/player/player_controller.gd:330)
ERROR: Basis [X: (0.978898, 0.147478, 0.14145), Y: (-0.010785, 0.728519, -0.684932), Z: (-0.204064, 0.668953, 0.714736)] must be normalized in order to be casted to a Quaternion. Use get_rotation_quaternion() or call orthonormalized() if the Basis contains linearly independent vectors.
   at: get_quaternion (core/math/basis.cpp:717)
   GDScript backtrace (most recent call first):
       [0] _carry_service_light (res://scripts/player/player_controller.gd:430)
       [1] _process (res://scripts/player/player_controller.gd:330)
ERROR: Basis [X: (1.0, 0.0, 0.0), Y: (0.0, 0.999994, 0.0), Z: (0.0, 0.0, 0.999994)] must be normalized in order to be casted to a Quaternion. Use get_rotation_quaternion() or call orthonormalized() if the Basis contains linearly independent vectors.
   at: get_quaternion (core/math/basis.cpp:717)
   GDScript backtrace (most recent call first):
       [0] _carry_service_light (res://scripts/player/player_controller.gd:430)
       [1] _process (res://scripts/player/player_controller.gd:330)
ERROR: Basis [X: (0.978514, 0.143274, 0.148267), Y: (-0.010458, 0.752671, -0.658304), Z: (-0.205917, 0.642609, 0.737997)] must be normalized in order to be casted to a Quaternion. Use get_rotation_quaternion() or call orthonormalized() if the Basis contains linearly independent vectors.
   at: get_quaternion (core/math/basis.cpp:717)
   GDScript backtrace (most recent call first):
       [0] _carry_service_light (res://scripts/player/player_controller.gd:430)
       [1] _process (res://scripts/player/player_controller.gd:330)
ERROR: Basis [X: (1.0, 0.0, 0.0), Y: (0.0, 0.999994, 0.0), Z: (0.0, 0.0, 0.999994)] must be normalized in order to be casted to a Quaternion. Use get_rotation_quaternion() or call orthonormalized() if the Basis contains linearly independent vectors.
   at: get_quaternion (core/math/basis.cpp:717)
   GDScript backtrace (most recent call first):
       [0] _carry_service_light (res://scripts/player/player_controller.gd:430)
       [1] _process (res://scripts/player/player_controller.gd:330)
ERROR: Basis [X: (0.977526, 0.141659, 0.156124), Y: (-0.009537, 0.769536, -0.638523), Z: (-0.210598, 0.622684, 0.753592)] must be normalized in order to be casted to a Quaternion. Use get_rotation_quaternion() or call orthonormalized() if the Basis contains linearly independent vectors.
   at: get_quaternion (core/math/basis.cpp:717)
   GDScript backtrace (most recent call first):
       [0] _carry_service_light (res://scripts/player/player_controller.gd:430)
       [1] _process (res://scripts/player/player_controller.gd:330)
ERROR: Basis [X: (1.0, 0.0, 0.0), Y: (0.0, 0.999994, 0.0), Z: (0.0, 0.0, 0.999994)] must be normalized in order to be casted to a Quaternion. Use get_rotation_quaternion() or call orthonormalized() if the Basis contains linearly independent vectors.
   at: get_quaternion (core/math/basis.cpp:717)
   GDScript backtrace (most recent call first):
       [0] _carry_service_light (res://scripts/player/player_controller.gd:430)
       [1] _process (res://scripts/player/player_controller.gd:330)
ERROR: Basis [X: (0.977029, 0.136633, 0.163539), Y: (-0.009121, 0.793513, -0.608475), Z: (-0.212911, 0.593006, 0.776531)] must be normalized in order to be casted to a Quaternion. Use get_rotation_quaternion() or call orthonormalized() if the Basis contains linearly independent vectors.
   at: get_quaternion (core/math/basis.cpp:717)
   GDScript backtrace (most recent call first):
       [0] _carry_service_light (res://scripts/player/player_controller.gd:430)
       [1] _process (res://scripts/player/player_controller.gd:330)
ERROR: Basis [X: (1.0, 0.0, 0.0), Y: (0.0, 0.999994, 0.0), Z: (0.0, 0.0, 0.999994)] must be normalized in order to be casted to a Quaternion. Use get_rotation_quaternion() or call orthonormalized() if the Basis contains linearly independent vectors.
   at: get_quaternion (core/math/basis.cpp:717)
   GDScript backtrace (most recent call first):
       [0] _carry_service_light (res://scripts/player/player_controller.gd:430)
       [1] _process (res://scripts/player/player_controller.gd:330)
ERROR: Basis [X: (0.975747, 0.134357, 0.172815), Y: (-0.007785, 0.810268, -0.585998), Z: (-0.218762, 0.57044, 0.791663)] must be normalized in order to be casted to a Quaternion. Use get_rotation_quaternion() or call orthonormalized() if the Basis contains linearly independent vectors.
   at: get_quaternion (core/math/basis.cpp:717)
   GDScript backtrace (most recent call first):
       [0] _carry_service_light (res://scripts/player/player_controller.gd:430)
       [1] _process (res://scripts/player/player_controller.gd:330)
ERROR: Basis [X: (1.0, 0.0, 0.0), Y: (0.0, 0.999994, 0.0), Z: (0.0, 0.0, 0.999994)] must be normalized in order to be casted to a Quaternion. Use get_rotation_quaternion() or call orthonormalized() if the Basis contains linearly independent vectors.
   at: get_quaternion (core/math/basis.cpp:717)
   GDScript backtrace (most recent call first):
       [0] _carry_service_light (res://scripts/player/player_controller.gd:430)
       [1] _process (res://scripts/player/player_controller.gd:330)
ERROR: Basis [X: (0.97517, 0.130298, 0.179068), Y: (-0.007248, 0.826933, -0.562243), Z: (-0.221339, 0.546984, 0.807345)] must be normalized in order to be casted to a Quaternion. Use get_rotation_quaternion() or call orthonormalized() if the Basis contains linearly independent vectors.
   at: get_quaternion (core/math/basis.cpp:717)
   GDScript backtrace (most recent call first):
       [0] _carry_service_light (res://scripts/player/player_controller.gd:430)
       [1] _process (res://scripts/player/player_controller.gd:330)
ERROR: Basis [X: (1.0, 0.0, 0.0), Y: (0.0, 0.999994, 0.0), Z: (0.0, 0.0, 0.999994)] must be normalized in order to be casted to a Quaternion. Use get_rotation_quaternion() or call orthonormalized() if the Basis contains linearly independent vectors.
   at: get_quaternion (core/math/basis.cpp:717)
   GDScript backtrace (most recent call first):
       [0] _carry_service_light (res://scripts/player/player_controller.gd:430)
       [1] _process (res://scripts/player/player_controller.gd:330)
ERROR: Basis [X: (0.974339, 0.128413, 0.184857), Y: (-0.006375, 0.836697, -0.547617), Z: (-0.224993, 0.532387, 0.816046)] must be normalized in order to be casted to a Quaternion. Use get_rotation_quaternion() or call orthonormalized() if the Basis contains linearly independent vectors.
   at: get_quaternion (core/math/basis.cpp:717)
   GDScript backtrace (most recent call first):
       [0] _carry_service_light (res://scripts/player/player_controller.gd:430)
       [1] _process (res://scripts/player/player_controller.gd:330)
ERROR: Basis [X: (1.0, 0.0, 0.0), Y: (0.0, 0.999994, 0.0), Z: (0.0, 0.0, 0.999994)] must be normalized in order to be casted to a Quaternion. Use get_rotation_quaternion() or call orthonormalized() if the Basis contains linearly independent vectors.
   at: get_quaternion (core/math/basis.cpp:717)
   GDScript backtrace (most recent call first):
       [0] _carry_service_light (res://scripts/player/player_controller.gd:430)
       [1] _process (res://scripts/player/player_controller.gd:330)
ERROR: Basis [X: (0.973961, 0.127561, 0.187424), Y: (-0.005874, 0.840612, -0.541594), Z: (-0.22664, 0.52639, 0.819473)] must be normalized in order to be casted to a Quaternion. Use get_rotation_quaternion() or call orthonormalized() if the Basis contains linearly independent vectors.
   at: get_quaternion (core/math/basis.cpp:717)
   GDScript backtrace (most recent call first):
       [0] _carry_service_light (res://scripts/player/player_controller.gd:430)
       [1] _process (res://scripts/player/player_controller.gd:330)
ERROR: Basis [X: (1.0, 0.0, 0.0), Y: (0.0, 0.999994, 0.0), Z: (0.0, 0.0, 0.999994)] must be normalized in order to be casted to a Quaternion. Use get_rotation_quaternion() or call orthonormalized() if the Basis contains linearly independent vectors.
   at: get_quaternion (core/math/basis.cpp:717)
   GDScript backtrace (most recent call first):
       [0] _carry_service_light (res://scripts/player/player_controller.gd:430)
       [1] _process (res://scripts/player/player_controller.gd:330)
ERROR: Basis [X: (0.974116, 0.126492, 0.187345), Y: (-0.005927, 0.842781, -0.538212), Z: (-0.225972, 0.52317, 0.821716)] must be normalized in order to be casted to a Quaternion. Use get_rotation_quaternion() or call orthonormalized() if the Basis contains linearly independent vectors.
   at: get_quaternion (core/math/basis.cpp:717)
   GDScript backtrace (most recent call first):
       [0] _carry_service_light (res://scripts/player/player_controller.gd:430)
       [1] _process (res://scripts/player/player_controller.gd:330)
ERROR: Basis [X: (1.0, 0.0, 0.0), Y: (0.0, 0.999994, 0.0), Z: (0.0, 0.0, 0.999994)] must be normalized in order to be casted to a Quaternion. Use get_rotation_quaternion() or call orthonormalized() if the Basis contains linearly independent vectors.
   at: get_quaternion (core/math/basis.cpp:717)
   GDScript backtrace (most recent call first):
       [0] _carry_service_light (res://scripts/player/player_controller.gd:430)
       [1] _process (res://scripts/player/player_controller.gd:330)
ERROR: Basis [X: (0.974436, 0.126093, 0.185941), Y: (-0.006188, 0.842387, -0.538826), Z: (-0.224579, 0.523901, 0.821633)] must be normalized in order to be casted to a Quaternion. Use get_rotation_quaternion() or call orthonormalized() if the Basis contains linearly independent vectors.
   at: get_quaternion (core/math/basis.cpp:717)
   GDScript backtrace (most recent call first):
       [0] _carry_service_light (res://scripts/player/player_controller.gd:430)
       [1] _process (res://scripts/player/player_controller.gd:330)
ERROR: Basis [X: (1.0, 0.0, 0.0), Y: (0.0, 0.999994, 0.0), Z: (0.0, 0.0, 0.999994)] must be normalized in order to be casted to a Quaternion. Use get_rotation_quaternion() or call orthonormalized() if the Basis contains linearly independent vectors.
   at: get_quaternion (core/math/basis.cpp:717)
   GDScript backtrace (most recent call first):
       [0] _carry_service_light (res://scripts/player/player_controller.gd:430)
       [1] _process (res://scripts/player/player_controller.gd:330)
ERROR: Basis [X: (0.974847, 0.125157, 0.184412), Y: (-0.006501, 0.843044, -0.537794), Z: (-0.222779, 0.523068, 0.822653)] must be normalized in order to be casted to a Quaternion. Use get_rotation_quaternion() or call orthonormalized() if the Basis contains linearly independent vectors.
   at: get_quaternion (core/math/basis.cpp:717)
   GDScript backtrace (most recent call first):
       [0] _carry_service_light (res://scripts/player/player_controller.gd:430)
       [1] _process (res://scripts/player/player_controller.gd:330)
ERROR: Basis [X: (1.0, 0.0, 0.0), Y: (0.0, 0.999994, 0.0), Z: (0.0, 0.0, 0.999994)] must be normalized in order to be casted to a Quaternion. Use get_rotation_quaternion() or call orthonormalized() if the Basis contains linearly independent vectors.
   at: get_quaternion (core/math/basis.cpp:717)
   GDScript backtrace (most recent call first):
       [0] _carry_service_light (res://scripts/player/player_controller.gd:430)
       [1] _process (res://scripts/player/player_controller.gd:330)
ERROR: Basis [X: (0.975032, 0.124491, 0.183887), Y: (-0.006564, 0.843872, -0.536493), Z: (-0.221968, 0.52189, 0.823619)] must be normalized in order to be casted to a Quaternion. Use get_rotation_quaternion() or call orthonormalized() if the Basis contains linearly independent vectors.
   at: get_quaternion (core/math/basis.cpp:717)
   GDScript backtrace (most recent call first):
       [0] _carry_service_light (res://scripts/player/player_controller.gd:430)
       [1] _process (res://scripts/player/player_controller.gd:330)
ERROR: Basis [X: (1.0, 0.0, 0.0), Y: (0.0, 0.999994, 0.0), Z: (0.0, 0.0, 0.999994)] must be normalized in order to be casted to a Quaternion. Use get_rotation_quaternion() or call orthonormalized() if the Basis contains linearly independent vectors.
   at: get_quaternion (core/math/basis.cpp:717)
   GDScript backtrace (most recent call first):
       [0] _carry_service_light (res://scripts/player/player_controller.gd:430)
       [1] _process (res://scripts/player/player_controller.gd:330)
ERROR: Basis [X: (0.975195, 0.123852, 0.183451), Y: (-0.006619, 0.844741, -0.535123), Z: (-0.221247, 0.520635, 0.824607)] must be normalized in order to be casted to a Quaternion. Use get_rotation_quaternion() or call orthonormalized() if the Basis contains linearly independent vectors.
   at: get_quaternion (core/math/basis.cpp:717)
   GDScript backtrace (most recent call first):
       [0] _carry_service_light (res://scripts/player/player_controller.gd:430)
       [1] _process (res://scripts/player/player_controller.gd:330)
ERROR: Basis [X: (1.0, 0.0, 0.0), Y: (0.0, 0.999994, 0.0), Z: (0.0, 0.0, 0.999994)] must be normalized in order to be casted to a Quaternion. Use get_rotation_quaternion() or call orthonormalized() if the Basis contains linearly independent vectors.
   at: get_quaternion (core/math/basis.cpp:717)
   GDScript backtrace (most recent call first):
       [0] _carry_service_light (res://scripts/player/player_controller.gd:430)
       [1] _process (res://scripts/player/player_controller.gd:330)
ERROR: Basis [X: (0.975164, 0.123437, 0.183897), Y: (-0.006398, 0.845645, -0.533697), Z: (-0.221392, 0.519265, 0.825432)] must be normalized in order to be casted to a Quaternion. Use get_rotation_quaternion() or call orthonormalized() if the Basis contains linearly independent vectors.
   at: get_quaternion (core/math/basis.cpp:717)
   GDScript backtrace (most recent call first):
       [0] _carry_service_light (res://scripts/player/player_controller.gd:430)
       [1] _process (res://scripts/player/player_controller.gd:330)
ERROR: Basis [X: (1.0, 0.0, 0.0), Y: (0.0, 0.999994, 0.0), Z: (0.0, 0.0, 0.999994)] must be normalized in order to be casted to a Quaternion. Use get_rotation_quaternion() or call orthonormalized() if the Basis contains linearly independent vectors.
   at: get_quaternion (core/math/basis.cpp:717)
   GDScript backtrace (most recent call first):
       [0] _carry_service_light (res://scripts/player/player_controller.gd:430)
       [1] _process (res://scripts/player/player_controller.gd:330)
ERROR: Basis [X: (0.975369, 0.12276, 0.183263), Y: (-0.006554, 0.846582, -0.532207), Z: (-0.220484, 0.517897, 0.826534)] must be normalized in order to be casted to a Quaternion. Use get_rotation_quaternion() or call orthonormalized() if the Basis contains linearly independent vectors.
   at: get_quaternion (core/math/basis.cpp:717)
   GDScript backtrace (most recent call first):
       [0] _carry_service_light (res://scripts/player/player_controller.gd:430)
       [1] _process (res://scripts/player/player_controller.gd:330)
ERROR: Basis [X: (1.0, 0.0, 0.0), Y: (0.0, 0.999994, 0.0), Z: (0.0, 0.0, 0.999994)] must be normalized in order to be casted to a Quaternion. Use get_rotation_quaternion() or call orthonormalized() if the Basis contains linearly independent vectors.
   at: get_quaternion (core/math/basis.cpp:717)
   GDScript backtrace (most recent call first):
       [0] _carry_service_light (res://scripts/player/player_controller.gd:430)
       [1] _process (res://scripts/player/player_controller.gd:330)
ERROR: Basis [X: (0.975725, 0.122336, 0.181643), Y: (-0.006961, 0.846326, -0.532608), Z: (-0.218889, 0.518414, 0.826633)] must be normalized in order to be casted to a Quaternion. Use get_rotation_quaternion() or call orthonormalized() if the Basis contains linearly independent vectors.
   at: get_quaternion (core/math/basis.cpp:717)
   GDScript backtrace (most recent call first):
       [0] _carry_service_light (res://scripts/player/player_controller.gd:430)
       [1] _process (res://scripts/player/player_controller.gd:330)
ERROR: Basis [X: (1.0, 0.0, 0.0), Y: (0.0, 0.999994, 0.0), Z: (0.0, 0.0, 0.999994)] must be normalized in order to be casted to a Quaternion. Use get_rotation_quaternion() or call orthonormalized() if the Basis contains linearly independent vectors.
   at: get_quaternion (core/math/basis.cpp:717)
   GDScript backtrace (most recent call first):
       [0] _carry_service_light (res://scripts/player/player_controller.gd:430)
       [1] _process (res://scripts/player/player_controller.gd:330)
ERROR: Basis [X: (0.97616, 0.121816, 0.179643), Y: (-0.007458, 0.845986, -0.533142), Z: (-0.216923, 0.519093, 0.826726)] must be normalized in order to be casted to a Quaternion. Use get_rotation_quaternion() or call orthonormalized() if the Basis contains linearly independent vectors.
   at: get_quaternion (core/math/basis.cpp:717)
   GDScript backtrace (most recent call first):
       [0] _carry_service_light (res://scripts/player/player_controller.gd:430)
       [1] _process (res://scripts/player/player_controller.gd:330)
ERROR: Basis [X: (1.0, 0.0, 0.0), Y: (0.0, 0.999994, 0.0), Z: (0.0, 0.0, 0.999994)] must be normalized in order to be casted to a Quaternion. Use get_rotation_quaternion() or call orthonormalized() if the Basis contains linearly independent vectors.
   at: get_quaternion (core/math/basis.cpp:717)
   GDScript backtrace (most recent call first):
       [0] _carry_service_light (res://scripts/player/player_controller.gd:430)
       [1] _process (res://scripts/player/player_controller.gd:330)
ERROR: Basis [X: (0.976546, 0.12135, 0.177851), Y: (-0.007904, 0.845681, -0.533619), Z: (-0.215162, 0.519698, 0.826806)] must be normalized in order to be casted to a Quaternion. Use get_rotation_quaternion() or call orthonormalized() if the Basis contains linearly independent vectors.
   at: get_quaternion (core/math/basis.cpp:717)
   GDScript backtrace (most recent call first):
       [0] _carry_service_light (res://scripts/player/player_controller.gd:430)
       [1] _process (res://scripts/player/player_controller.gd:330)
ERROR: Basis [X: (1.0, 0.0, 0.0), Y: (0.0, 0.999994, 0.0), Z: (0.0, 0.0, 0.999994)] must be normalized in order to be casted to a Quaternion. Use get_rotation_quaternion() or call orthonormalized() if the Basis contains linearly independent vectors.
   at: get_quaternion (core/math/basis.cpp:717)
   GDScript backtrace (most recent call first):
       [0] _carry_service_light (res://scripts/player/player_controller.gd:430)
       [1] _process (res://scripts/player/player_controller.gd:330)
ERROR: Basis [X: (0.976889, 0.120931, 0.176246), Y: (-0.008306, 0.845409, -0.534043), Z: (-0.213585, 0.520237, 0.826876)] must be normalized in order to be casted to a Quaternion. Use get_rotation_quaternion() or call orthonormalized() if the Basis contains linearly independent vectors.
   at: get_quaternion (core/math/basis.cpp:717)
   GDScript backtrace (most recent call first):
       [0] _carry_service_light (res://scripts/player/player_controller.gd:430)
       [1] _process (res://scripts/player/player_controller.gd:330)
ERROR: Basis [X: (1.0, 0.0, 0.0), Y: (0.0, 0.999994, 0.0), Z: (0.0, 0.0, 0.999994)] must be normalized in order to be casted to a Quaternion. Use get_rotation_quaternion() or call orthonormalized() if the Basis contains linearly independent vectors.
   at: get_quaternion (core/math/basis.cpp:717)
   GDScript backtrace (most recent call first):
       [0] _carry_service_light (res://scripts/player/player_controller.gd:430)
       [1] _process (res://scripts/player/player_controller.gd:330)
ERROR: Basis [X: (0.977193, 0.120556, 0.17481), Y: (-0.008666, 0.845167, -0.53442), Z: (-0.212174, 0.520717, 0.826937)] must be normalized in order to be casted to a Quaternion. Use get_rotation_quaternion() or call orthonormalized() if the Basis contains linearly independent vectors.
   at: get_quaternion (core/math/basis.cpp:717)
   GDScript backtrace (most recent call first):
       [0] _carry_service_light (res://scripts/player/player_controller.gd:430)
       [1] _process (res://scripts/player/player_controller.gd:330)
ERROR: Basis [X: (1.0, 0.0, 0.0), Y: (0.0, 0.999994, 0.0), Z: (0.0, 0.0, 0.999994)] must be normalized in order to be casted to a Quaternion. Use get_rotation_quaternion() or call orthonormalized() if the Basis contains linearly independent vectors.
   at: get_quaternion (core/math/basis.cpp:717)
   GDScript backtrace (most recent call first):
       [0] _carry_service_light (res://scripts/player/player_controller.gd:430)
       [1] _process (res://scripts/player/player_controller.gd:330)
ERROR: Basis [X: (0.977464, 0.12022, 0.173526), Y: (-0.008988, 0.844952, -0.534756), Z: (-0.210912, 0.521145, 0.82699)] must be normalized in order to be casted to a Quaternion. Use get_rotation_quaternion() or call orthonormalized() if the Basis contains linearly independent vectors.
   at: get_quaternion (core/math/basis.cpp:717)
   GDScript backtrace (most recent call first):
       [0] _carry_service_light (res://scripts/player/player_controller.gd:430)
       [1] _process (res://scripts/player/player_controller.gd:330)
ERROR: Basis [X: (1.0, 0.0, 0.0), Y: (0.0, 0.999994, 0.0), Z: (0.0, 0.0, 0.999994)] must be normalized in order to be casted to a Quaternion. Use get_rotation_quaternion() or call orthonormalized() if the Basis contains linearly independent vectors.
   at: get_quaternion (core/math/basis.cpp:717)
   GDScript backtrace (most recent call first):
       [0] _carry_service_light (res://scripts/player/player_controller.gd:430)
       [1] _process (res://scripts/player/player_controller.gd:330)
ERROR: Basis [X: (0.977704, 0.119919, 0.17238), Y: (-0.009277, 0.84476, -0.535053), Z: (-0.209785, 0.521524, 0.827038)] must be normalized in order to be casted to a Quaternion. Use get_rotation_quaternion() or call orthonormalized() if the Basis contains linearly independent vectors.
   at: get_quaternion (core/math/basis.cpp:717)
   GDScript backtrace (most recent call first):
       [0] _carry_service_light (res://scripts/player/player_controller.gd:430)
       [1] _process (res://scripts/player/player_controller.gd:330)
ERROR: Basis [X: (1.0, 0.0, 0.0), Y: (0.0, 0.999994, 0.0), Z: (0.0, 0.0, 0.999994)] must be normalized in order to be casted to a Quaternion. Use get_rotation_quaternion() or call orthonormalized() if the Basis contains linearly independent vectors.
   at: get_quaternion (core/math/basis.cpp:717)
   GDScript backtrace (most recent call first):
       [0] _carry_service_light (res://scripts/player/player_controller.gd:430)
       [1] _process (res://scripts/player/player_controller.gd:330)
ERROR: Basis [X: (0.977916, 0.11965, 0.171356), Y: (-0.009536, 0.844591, -0.535316), Z: (-0.208778, 0.521861, 0.82708)] must be normalized in order to be casted to a Quaternion. Use get_rotation_quaternion() or call orthonormalized() if the Basis contains linearly independent vectors.
   at: get_quaternion (core/math/basis.cpp:717)
   GDScript backtrace (most recent call first):
       [0] _carry_service_light (res://scripts/player/player_controller.gd:430)
       [1] _process (res://scripts/player/player_controller.gd:330)
ERROR: Basis [X: (1.0, 0.0, 0.0), Y: (0.0, 0.999994, 0.0), Z: (0.0, 0.0, 0.999994)] must be normalized in order to be casted to a Quaternion. Use get_rotation_quaternion() or call orthonormalized() if the Basis contains linearly independent vectors.
   at: get_quaternion (core/math/basis.cpp:717)
   GDScript backtrace (most recent call first):
       [0] _carry_service_light (res://scripts/player/player_controller.gd:430)
       [1] _process (res://scripts/player/player_controller.gd:330)
ERROR: Basis [X: (0.978105, 0.119409, 0.170443), Y: (-0.009767, 0.844441, -0.535549), Z: (-0.207881, 0.522158, 0.827119)] must be normalized in order to be casted to a Quaternion. Use get_rotation_quaternion() or call orthonormalized() if the Basis contains linearly independent vectors.
   at: get_quaternion (core/math/basis.cpp:717)
   GDScript backtrace (most recent call first):
       [0] _carry_service_light (res://scripts/player/player_controller.gd:430)
       [1] _process (res://scripts/player/player_controller.gd:330)
ERROR: Basis [X: (1.0, 0.0, 0.0), Y: (0.0, 0.999994, 0.0), Z: (0.0, 0.0, 0.999994)] must be normalized in order to be casted to a Quaternion. Use get_rotation_quaternion() or call orthonormalized() if the Basis contains linearly independent vectors.
   at: get_quaternion (core/math/basis.cpp:717)
   GDScript backtrace (most recent call first):
       [0] _carry_service_light (res://scripts/player/player_controller.gd:430)
       [1] _process (res://scripts/player/player_controller.gd:330)
ERROR: Basis [X: (0.978273, 0.119194, 0.16963), Y: (-0.009974, 0.844309, -0.535753), Z: (-0.207081, 0.522421, 0.827153)] must be normalized in order to be casted to a Quaternion. Use get_rotation_quaternion() or call orthonormalized() if the Basis contains linearly independent vectors.
   at: get_quaternion (core/math/basis.cpp:717)
   GDScript backtrace (most recent call first):
       [0] _carry_service_light (res://scripts/player/player_controller.gd:430)
       [1] _process (res://scripts/player/player_controller.gd:330)
ERROR: Basis [X: (1.0, 0.0, 0.0), Y: (0.0, 0.999994, 0.0), Z: (0.0, 0.0, 0.999994)] must be normalized in order to be casted to a Quaternion. Use get_rotation_quaternion() or call orthonormalized() if the Basis contains linearly independent vectors.
   at: get_quaternion (core/math/basis.cpp:717)
   GDScript backtrace (most recent call first):
       [0] _carry_service_light (res://scripts/player/player_controller.gd:430)
       [1] _process (res://scripts/player/player_controller.gd:330)
ERROR: Basis [X: (0.978421, 0.119003, 0.168906), Y: (-0.010158, 0.844193, -0.535932), Z: (-0.206369, 0.522652, 0.827185)] must be normalized in order to be casted to a Quaternion. Use get_rotation_quaternion() or call orthonormalized() if the Basis contains linearly independent vectors.
   at: get_quaternion (core/math/basis.cpp:717)
   GDScript backtrace (most recent call first):
       [0] _carry_service_light (res://scripts/player/player_controller.gd:430)
       [1] _process (res://scripts/player/player_controller.gd:330)
ERROR: Basis [X: (1.0, 0.0, 0.0), Y: (0.0, 0.999994, 0.0), Z: (0.0, 0.0, 0.999994)] must be normalized in order to be casted to a Quaternion. Use get_rotation_quaternion() or call orthonormalized() if the Basis contains linearly independent vectors.
   at: get_quaternion (core/math/basis.cpp:717)
   GDScript backtrace (most recent call first):
       [0] _carry_service_light (res://scripts/player/player_controller.gd:430)
       [1] _process (res://scripts/player/player_controller.gd:330)
ERROR: Basis [X: (0.978499, 0.11851, 0.168805), Y: (-0.010232, 0.845321, -0.534149), Z: (-0.205999, 0.520937, 0.828358)] must be normalized in order to be casted to a Quaternion. Use get_rotation_quaternion() or call orthonormalized() if the Basis contains linearly independent vectors.
   at: get_quaternion (core/math/basis.cpp:717)
   GDScript backtrace (most recent call first):
       [0] _carry_service_light (res://scripts/player/player_controller.gd:430)
       [1] _process (res://scripts/player/player_controller.gd:330)
ERROR: Basis [X: (1.0, 0.0, 0.0), Y: (0.0, 0.999994, 0.0), Z: (0.0, 0.0, 0.999994)] must be normalized in order to be casted to a Quaternion. Use get_rotation_quaternion() or call orthonormalized() if the Basis contains linearly independent vectors.
   at: get_quaternion (core/math/basis.cpp:717)
   GDScript backtrace (most recent call first):
       [0] _carry_service_light (res://scripts/player/player_controller.gd:430)
       [1] _process (res://scripts/player/player_controller.gd:330)
ERROR: Basis [X: (0.978345, 0.118687, 0.169567), Y: (-0.009979, 0.845344, -0.534118), Z: (-0.206738, 0.520859, 0.828223)] must be normalized in order to be casted to a Quaternion. Use get_rotation_quaternion() or call orthonormalized() if the Basis contains linearly independent vectors.
   at: get_quaternion (core/math/basis.cpp:717)
   GDScript backtrace (most recent call first):
       [0] _carry_service_light (res://scripts/player/player_controller.gd:430)
       [1] _process (res://scripts/player/player_controller.gd:330)
ERROR: Basis [X: (1.0, 0.0, 0.0), Y: (0.0, 0.999994, 0.0), Z: (0.0, 0.0, 0.999994)] must be normalized in order to be casted to a Quaternion. Use get_rotation_quaternion() or call orthonormalized() if the Basis contains linearly independent vectors.
   at: get_quaternion (core/math/basis.cpp:717)
   GDScript backtrace (most recent call first):
       [0] _carry_service_light (res://scripts/player/player_controller.gd:430)
       [1] _process (res://scripts/player/player_controller.gd:330)
ERROR: Basis [X: (0.978373, 0.118255, 0.169712), Y: (-0.009977, 0.846482, -0.532312), Z: (-0.206609, 0.519107, 0.829355)] must be normalized in order to be casted to a Quaternion. Use get_rotation_quaternion() or call orthonormalized() if the Basis contains linearly independent vectors.
   at: get_quaternion (core/math/basis.cpp:717)
   GDScript backtrace (most recent call first):
       [0] _carry_service_light (res://scripts/player/player_controller.gd:430)
       [1] _process (res://scripts/player/player_controller.gd:330)
ERROR: Basis [X: (1.0, 0.0, 0.0), Y: (0.0, 0.999994, 0.0), Z: (0.0, 0.0, 0.999994)] must be normalized in order to be casted to a Quaternion. Use get_rotation_quaternion() or call orthonormalized() if the Basis contains linearly independent vectors.
   at: get_quaternion (core/math/basis.cpp:717)
   GDScript backtrace (most recent call first):
       [0] _carry_service_light (res://scripts/player/player_controller.gd:430)
       [1] _process (res://scripts/player/player_controller.gd:330)
ERROR: Basis [X: (0.978446, 0.118164, 0.169351), Y: (-0.01011, 0.84652, -0.532249), Z: (-0.206254, 0.519065, 0.829469)] must be normalized in order to be casted to a Quaternion. Use get_rotation_quaternion() or call orthonormalized() if the Basis contains linearly independent vectors.
   at: get_quaternion (core/math/basis.cpp:717)
   GDScript backtrace (most recent call first):
       [0] _carry_service_light (res://scripts/player/player_controller.gd:430)
       [1] _process (res://scripts/player/player_controller.gd:330)
ERROR: Basis [X: (1.0, 0.0, 0.0), Y: (0.0, 0.999994, 0.0), Z: (0.0, 0.0, 0.999994)] must be normalized in order to be casted to a Quaternion. Use get_rotation_quaternion() or call orthonormalized() if the Basis contains linearly independent vectors.
   at: get_quaternion (core/math/basis.cpp:717)
   GDScript backtrace (most recent call first):
       [0] _carry_service_light (res://scripts/player/player_controller.gd:430)
       [1] _process (res://scripts/player/player_controller.gd:330)
ERROR: Basis [X: (0.978514, 0.118075, 0.16902), Y: (-0.010182, 0.846444, -0.532369), Z: (-0.205928, 0.51921, 0.82946)] must be normalized in order to be casted to a Quaternion. Use get_rotation_quaternion() or call orthonormalized() if the Basis contains linearly independent vectors.
   at: get_quaternion (core/math/basis.cpp:717)
   GDScript backtrace (most recent call first):
       [0] _carry_service_light (res://scripts/player/player_controller.gd:430)
       [1] _process (res://scripts/player/player_controller.gd:330)
ERROR: Basis [X: (1.0, 0.0, 0.0), Y: (0.0, 0.999994, 0.0), Z: (0.0, 0.0, 0.999994)] must be normalized in order to be casted to a Quaternion. Use get_rotation_quaternion() or call orthonormalized() if the Basis contains linearly independent vectors.
   at: get_quaternion (core/math/basis.cpp:717)
   GDScript backtrace (most recent call first):
       [0] _carry_service_light (res://scripts/player/player_controller.gd:430)
       [1] _process (res://scripts/player/player_controller.gd:330)
ERROR: Basis [X: (0.978519, 0.117673, 0.16927), Y: (-0.010156, 0.847601, -0.530527), Z: (-0.205904, 0.517411, 0.830589)] must be normalized in order to be casted to a Quaternion. Use get_rotation_quaternion() or call orthonormalized() if the Basis contains linearly independent vectors.
   at: get_quaternion (core/math/basis.cpp:717)
   GDScript backtrace (most recent call first):
       [0] _carry_service_light (res://scripts/player/player_controller.gd:430)
       [1] _process (res://scripts/player/player_controller.gd:330)
ERROR: Basis [X: (1.0, 0.0, 0.0), Y: (0.0, 0.999994, 0.0), Z: (0.0, 0.0, 0.999994)] must be normalized in order to be casted to a Quaternion. Use get_rotation_quaternion() or call orthonormalized() if the Basis contains linearly independent vectors.
   at: get_quaternion (core/math/basis.cpp:717)
   GDScript backtrace (most recent call first):
       [0] _carry_service_light (res://scripts/player/player_controller.gd:430)
       [1] _process (res://scripts/player/player_controller.gd:330)
ERROR: Basis [X: (0.978519, 0.117672, 0.169273), Y: (-0.010176, 0.847658, -0.530434), Z: (-0.205906, 0.517318, 0.830647)] must be normalized in order to be casted to a Quaternion. Use get_rotation_quaternion() or call orthonormalized() if the Basis contains linearly independent vectors.
   at: get_quaternion (core/math/basis.cpp:717)
   GDScript backtrace (most recent call first):
       [0] _carry_service_light (res://scripts/player/player_controller.gd:430)
       [1] _process (res://scripts/player/player_controller.gd:330)
ERROR: Basis [X: (1.0, 0.0, 0.0), Y: (0.0, 0.999994, 0.0), Z: (0.0, 0.0, 0.999994)] must be normalized in order to be casted to a Quaternion. Use get_rotation_quaternion() or call orthonormalized() if the Basis contains linearly independent vectors.
   at: get_quaternion (core/math/basis.cpp:717)
   GDScript backtrace (most recent call first):
       [0] _carry_service_light (res://scripts/player/player_controller.gd:430)
       [1] _process (res://scripts/player/player_controller.gd:330)
ERROR: Basis [X: (0.978575, 0.117601, 0.169001), Y: (-0.010239, 0.8476, -0.530525), Z: (-0.205638, 0.517428, 0.830644)] must be normalized in order to be casted to a Quaternion. Use get_rotation_quaternion() or call orthonormalized() if the Basis contains linearly independent vectors.
   at: get_quaternion (core/math/basis.cpp:717)
   GDScript backtrace (most recent call first):
       [0] _carry_service_light (res://scripts/player/player_controller.gd:430)
       [1] _process (res://scripts/player/player_controller.gd:330)
ERROR: Basis [X: (1.0, 0.0, 0.0), Y: (0.0, 0.999994, 0.0), Z: (0.0, 0.0, 0.999994)] must be normalized in order to be casted to a Quaternion. Use get_rotation_quaternion() or call orthonormalized() if the Basis contains linearly independent vectors.
   at: get_quaternion (core/math/basis.cpp:717)
   GDScript backtrace (most recent call first):
       [0] _carry_service_light (res://scripts/player/player_controller.gd:430)
       [1] _process (res://scripts/player/player_controller.gd:330)
ERROR: Basis [X: (0.978677, 0.117475, 0.168494), Y: (-0.010385, 0.847552, -0.530599), Z: (-0.205142, 0.517535, 0.8307)] must be normalized in order to be casted to a Quaternion. Use get_rotation_quaternion() or call orthonormalized() if the Basis contains linearly independent vectors.
   at: get_quaternion (core/math/basis.cpp:717)
   GDScript backtrace (most recent call first):
       [0] _carry_service_light (res://scripts/player/player_controller.gd:430)
       [1] _process (res://scripts/player/player_controller.gd:330)
ERROR: Basis [X: (1.0, 0.0, 0.0), Y: (0.0, 0.999994, 0.0), Z: (0.0, 0.0, 0.999994)] must be normalized in order to be casted to a Quaternion. Use get_rotation_quaternion() or call orthonormalized() if the Basis contains linearly independent vectors.
   at: get_quaternion (core/math/basis.cpp:717)
   GDScript backtrace (most recent call first):
       [0] _carry_service_light (res://scripts/player/player_controller.gd:430)
       [1] _process (res://scripts/player/player_controller.gd:330)
ERROR: Basis [X: (0.978767, 0.117365, 0.168046), Y: (-0.010516, 0.847513, -0.53066), Z: (-0.204704, 0.517625, 0.830752)] must be normalized in order to be casted to a Quaternion. Use get_rotation_quaternion() or call orthonormalized() if the Basis contains linearly independent vectors.
   at: get_quaternion (core/math/basis.cpp:717)
   GDScript backtrace (most recent call first):
       [0] _carry_service_light (res://scripts/player/player_controller.gd:430)
       [1] _process (res://scripts/player/player_controller.gd:330)
ERROR: Basis [X: (1.0, 0.0, 0.0), Y: (0.0, 0.999994, 0.0), Z: (0.0, 0.0, 0.999994)] must be normalized in order to be casted to a Quaternion. Use get_rotation_quaternion() or call orthonormalized() if the Basis contains linearly independent vectors.
   at: get_quaternion (core/math/basis.cpp:717)
   GDScript backtrace (most recent call first):
       [0] _carry_service_light (res://scripts/player/player_controller.gd:430)
       [1] _process (res://scripts/player/player_controller.gd:330)
ERROR: Basis [X: (0.978847, 0.117268, 0.16765), Y: (-0.010634, 0.847481, -0.530708), Z: (-0.204317, 0.5177, 0.830801)] must be normalized in order to be casted to a Quaternion. Use get_rotation_quaternion() or call orthonormalized() if the Basis contains linearly independent vectors.
   at: get_quaternion (core/math/basis.cpp:717)
   GDScript backtrace (most recent call first):
       [0] _carry_service_light (res://scripts/player/player_controller.gd:430)
       [1] _process (res://scripts/player/player_controller.gd:330)
ERROR: Basis [X: (1.0, 0.0, 0.0), Y: (0.0, 0.999994, 0.0), Z: (0.0, 0.0, 0.999994)] must be normalized in order to be casted to a Quaternion. Use get_rotation_quaternion() or call orthonormalized() if the Basis contains linearly independent vectors.
   at: get_quaternion (core/math/basis.cpp:717)
   GDScript backtrace (most recent call first):
       [0] _carry_service_light (res://scripts/player/player_controller.gd:430)
       [1] _process (res://scripts/player/player_controller.gd:330)
ERROR: Basis [X: (0.978917, 0.117183, 0.167301), Y: (-0.010739, 0.847456, -0.530747), Z: (-0.203977, 0.51776, 0.830847)] must be normalized in order to be casted to a Quaternion. Use get_rotation_quaternion() or call orthonormalized() if the Basis contains linearly independent vectors.
   at: get_quaternion (core/math/basis.cpp:717)
   GDScript backtrace (most recent call first):
       [0] _carry_service_light (res://scripts/player/player_controller.gd:430)
       [1] _process (res://scripts/player/player_controller.gd:330)
ERROR: Basis [X: (1.0, 0.0, 0.0), Y: (0.0, 0.999994, 0.0), Z: (0.0, 0.0, 0.999994)] must be normalized in order to be casted to a Quaternion. Use get_rotation_quaternion() or call orthonormalized() if the Basis contains linearly independent vectors.
   at: get_quaternion (core/math/basis.cpp:717)
   GDScript backtrace (most recent call first):
       [0] _carry_service_light (res://scripts/player/player_controller.gd:430)
       [1] _process (res://scripts/player/player_controller.gd:330)
ERROR: Basis [X: (0.978978, 0.117109, 0.166995), Y: (-0.010833, 0.847436, -0.530775), Z: (-0.203679, 0.517808, 0.83089)] must be normalized in order to be casted to a Quaternion. Use get_rotation_quaternion() or call orthonormalized() if the Basis contains linearly independent vectors.
   at: get_quaternion (core/math/basis.cpp:717)
   GDScript backtrace (most recent call first):
       [0] _carry_service_light (res://scripts/player/player_controller.gd:430)
       [1] _process (res://scripts/player/player_controller.gd:330)
ERROR: Basis [X: (1.0, 0.0, 0.0), Y: (0.0, 0.999994, 0.0), Z: (0.0, 0.0, 0.999994)] must be normalized in order to be casted to a Quaternion. Use get_rotation_quaternion() or call orthonormalized() if the Basis contains linearly independent vectors.
   at: get_quaternion (core/math/basis.cpp:717)
   GDScript backtrace (most recent call first):
       [0] _carry_service_light (res://scripts/player/player_controller.gd:430)
       [1] _process (res://scripts/player/player_controller.gd:330)
ERROR: Basis [X: (0.979031, 0.117045, 0.166727), Y: (-0.010917, 0.847423, -0.530795), Z: (-0.203417, 0.517845, 0.830931)] must be normalized in order to be casted to a Quaternion. Use get_rotation_quaternion() or call orthonormalized() if the Basis contains linearly independent vectors.
   at: get_quaternion (core/math/basis.cpp:717)
   GDScript backtrace (most recent call first):
       [0] _carry_service_light (res://scripts/player/player_controller.gd:430)
       [1] _process (res://scripts/player/player_controller.gd:330)
ERROR: Basis [X: (1.0, 0.0, 0.0), Y: (0.0, 0.999994, 0.0), Z: (0.0, 0.0, 0.999994)] must be normalized in order to be casted to a Quaternion. Use get_rotation_quaternion() or call orthonormalized() if the Basis contains linearly independent vectors.
   at: get_quaternion (core/math/basis.cpp:717)
   GDScript backtrace (most recent call first):
       [0] _carry_service_light (res://scripts/player/player_controller.gd:430)
       [1] _process (res://scripts/player/player_controller.gd:330)
ERROR: Basis [X: (0.979078, 0.11699, 0.166493), Y: (-0.010993, 0.847414, -0.530807), Z: (-0.20319, 0.517871, 0.83097)] must be normalized in order to be casted to a Quaternion. Use get_rotation_quaternion() or call orthonormalized() if the Basis contains linearly independent vectors.
   at: get_quaternion (core/math/basis.cpp:717)
   GDScript backtrace (most recent call first):
       [0] _carry_service_light (res://scripts/player/player_controller.gd:430)
       [1] _process (res://scripts/player/player_controller.gd:330)
ERROR: Basis [X: (1.0, 0.0, 0.0), Y: (0.0, 0.999994, 0.0), Z: (0.0, 0.0, 0.999994)] must be normalized in order to be casted to a Quaternion. Use get_rotation_quaternion() or call orthonormalized() if the Basis contains linearly independent vectors.
   at: get_quaternion (core/math/basis.cpp:717)
   GDScript backtrace (most recent call first):
       [0] _carry_service_light (res://scripts/player/player_controller.gd:430)
       [1] _process (res://scripts/player/player_controller.gd:330)
ERROR: Basis [X: (0.979118, 0.116943, 0.16629), Y: (-0.011061, 0.84741, -0.530812), Z: (-0.202993, 0.517888, 0.831008)] must be normalized in order to be casted to a Quaternion. Use get_rotation_quaternion() or call orthonormalized() if the Basis contains linearly independent vectors.
   at: get_quaternion (core/math/basis.cpp:717)
   GDScript backtrace (most recent call first):
       [0] _carry_service_light (res://scripts/player/player_controller.gd:430)
       [1] _process (res://scripts/player/player_controller.gd:330)
ERROR: Basis [X: (1.0, 0.0, 0.0), Y: (0.0, 0.999994, 0.0), Z: (0.0, 0.0, 0.999994)] must be normalized in order to be casted to a Quaternion. Use get_rotation_quaternion() or call orthonormalized() if the Basis contains linearly independent vectors.
   at: get_quaternion (core/math/basis.cpp:717)
   GDScript backtrace (most recent call first):
       [0] _carry_service_light (res://scripts/player/player_controller.gd:430)
       [1] _process (res://scripts/player/player_controller.gd:330)
ERROR: Basis [X: (0.979152, 0.116903, 0.166114), Y: (-0.011122, 0.847411, -0.53081), Z: (-0.202823, 0.517897, 0.831044)] must be normalized in order to be casted to a Quaternion. Use get_rotation_quaternion() or call orthonormalized() if the Basis contains linearly independent vectors.
   at: get_quaternion (core/math/basis.cpp:717)
   GDScript backtrace (most recent call first):
       [0] _carry_service_light (res://scripts/player/player_controller.gd:430)
       [1] _process (res://scripts/player/player_controller.gd:330)
ERROR: Basis [X: (1.0, 0.0, 0.0), Y: (0.0, 0.999994, 0.0), Z: (0.0, 0.0, 0.999994)] must be normalized in order to be casted to a Quaternion. Use get_rotation_quaternion() or call orthonormalized() if the Basis contains linearly independent vectors.
   at: get_quaternion (core/math/basis.cpp:717)
   GDScript backtrace (most recent call first):
       [0] _carry_service_light (res://scripts/player/player_controller.gd:430)
       [1] _process (res://scripts/player/player_controller.gd:330)
ERROR: Basis [X: (0.979182, 0.116871, 0.165963), Y: (-0.011177, 0.847415, -0.530803), Z: (-0.202677, 0.517897, 0.831079)] must be normalized in order to be casted to a Quaternion. Use get_rotation_quaternion() or call orthonormalized() if the Basis contains linearly independent vectors.
   at: get_quaternion (core/math/basis.cpp:717)
   GDScript backtrace (most recent call first):
       [0] _carry_service_light (res://scripts/player/player_controller.gd:430)
       [1] _process (res://scripts/player/player_controller.gd:330)
ERROR: Basis [X: (1.0, 0.0, 0.0), Y: (0.0, 0.999994, 0.0), Z: (0.0, 0.0, 0.999994)] must be normalized in order to be casted to a Quaternion. Use get_rotation_quaternion() or call orthonormalized() if the Basis contains linearly independent vectors.
   at: get_quaternion (core/math/basis.cpp:717)
   GDScript backtrace (most recent call first):
       [0] _carry_service_light (res://scripts/player/player_controller.gd:430)
       [1] _process (res://scripts/player/player_controller.gd:330)
ERROR: Basis [X: (0.979207, 0.116462, 0.166103), Y: (-0.011226, 0.848641, -0.528839), Z: (-0.202554, 0.515978, 0.832303)] must be normalized in order to be casted to a Quaternion. Use get_rotation_quaternion() or call orthonormalized() if the Basis contains linearly independent vectors.
   at: get_quaternion (core/math/basis.cpp:717)
   GDScript backtrace (most recent call first):
       [0] _carry_service_light (res://scripts/player/player_controller.gd:430)
       [1] _process (res://scripts/player/player_controller.gd:330)
ERROR: Basis [X: (1.0, 0.0, 0.0), Y: (0.0, 0.999994, 0.0), Z: (0.0, 0.0, 0.999994)] must be normalized in order to be casted to a Quaternion. Use get_rotation_quaternion() or call orthonormalized() if the Basis contains linearly independent vectors.
   at: get_quaternion (core/math/basis.cpp:717)
   GDScript backtrace (most recent call first):
       [0] _carry_service_light (res://scripts/player/player_controller.gd:430)
       [1] _process (res://scripts/player/player_controller.gd:330)
ERROR: Basis [X: (0.979436, 0.115818, 0.165197), Y: (-0.011679, 0.849981, -0.526672), Z: (-0.201415, 0.513912, 0.833855)] must be normalized in order to be casted to a Quaternion. Use get_rotation_quaternion() or call orthonormalized() if the Basis contains linearly independent vectors.
   at: get_quaternion (core/math/basis.cpp:717)
   GDScript backtrace (most recent call first):
       [0] _carry_service_light (res://scripts/player/player_controller.gd:430)
       [1] _process (res://scripts/player/player_controller.gd:330)
ERROR: Basis [X: (1.0, 0.0, 0.0), Y: (0.0, 0.999994, 0.0), Z: (0.0, 0.0, 0.999994)] must be normalized in order to be casted to a Quaternion. Use get_rotation_quaternion() or call orthonormalized() if the Basis contains linearly independent vectors.
   at: get_quaternion (core/math/basis.cpp:717)
   GDScript backtrace (most recent call first):
       [0] _carry_service_light (res://scripts/player/player_controller.gd:430)
       [1] _process (res://scripts/player/player_controller.gd:330)
ERROR: Basis [X: (0.979588, 0.114511, 0.165211), Y: (-0.011995, 0.853711, -0.520598), Z: (-0.200659, 0.507989, 0.837658)] must be normalized in order to be casted to a Quaternion. Use get_rotation_quaternion() or call orthonormalized() if the Basis contains linearly independent vectors.
   at: get_quaternion (core/math/basis.cpp:717)
   GDScript backtrace (most recent call first):
       [0] _carry_service_light (res://scripts/player/player_controller.gd:430)
       [1] _process (res://scripts/player/player_controller.gd:330)
ERROR: Basis [X: (1.0, 0.0, 0.0), Y: (0.0, 0.999994, 0.0), Z: (0.0, 0.0, 0.999994)] must be normalized in order to be casted to a Quaternion. Use get_rotation_quaternion() or call orthonormalized() if the Basis contains linearly independent vectors.
   at: get_quaternion (core/math/basis.cpp:717)
   GDScript backtrace (most recent call first):
       [0] _carry_service_light (res://scripts/player/player_controller.gd:430)
       [1] _process (res://scripts/player/player_controller.gd:330)
ERROR: Basis [X: (0.979872, 0.113069, 0.164518), Y: (-0.01264, 0.857612, -0.514131), Z: (-0.199227, 0.501703, 0.841779)] must be normalized in order to be casted to a Quaternion. Use get_rotation_quaternion() or call orthonormalized() if the Basis contains linearly independent vectors.
   at: get_quaternion (core/math/basis.cpp:717)
   GDScript backtrace (most recent call first):
       [0] _carry_service_light (res://scripts/player/player_controller.gd:430)
       [1] _process (res://scripts/player/player_controller.gd:330)
ERROR: Basis [X: (1.0, 0.0, 0.0), Y: (0.0, 0.999994, 0.0), Z: (0.0, 0.0, 0.999994)] must be normalized in order to be casted to a Quaternion. Use get_rotation_quaternion() or call orthonormalized() if the Basis contains linearly independent vectors.
   at: get_quaternion (core/math/basis.cpp:717)
   GDScript backtrace (most recent call first):
       [0] _carry_service_light (res://scripts/player/player_controller.gd:430)
       [1] _process (res://scripts/player/player_controller.gd:330)
ERROR: Basis [X: (0.980124, 0.110918, 0.164479), Y: (-0.013219, 0.863761, -0.503716), Z: (-0.197944, 0.49153, 0.84806)] must be normalized in order to be casted to a Quaternion. Use get_rotation_quaternion() or call orthonormalized() if the Basis contains linearly independent vectors.
   at: get_quaternion (core/math/basis.cpp:717)
   GDScript backtrace (most recent call first):
       [0] _carry_service_light (res://scripts/player/player_controller.gd:430)
       [1] _process (res://scripts/player/player_controller.gd:330)
ERROR: Basis [X: (1.0, 0.0, 0.0), Y: (0.0, 0.999994, 0.0), Z: (0.0, 0.0, 0.999994)] must be normalized in order to be casted to a Quaternion. Use get_rotation_quaternion() or call orthonormalized() if the Basis contains linearly independent vectors.
   at: get_quaternion (core/math/basis.cpp:717)
   GDScript backtrace (most recent call first):
       [0] _carry_service_light (res://scripts/player/player_controller.gd:430)
       [1] _process (res://scripts/player/player_controller.gd:330)
ERROR: Basis [X: (0.980649, 0.109258, 0.162448), Y: (-0.014366, 0.867699, -0.49687), Z: (-0.195245, 0.484922, 0.852478)] must be normalized in order to be casted to a Quaternion. Use get_rotation_quaternion() or call orthonormalized() if the Basis contains linearly independent vectors.
   at: get_quaternion (core/math/basis.cpp:717)
   GDScript backtrace (most recent call first):
       [0] _carry_service_light (res://scripts/player/player_controller.gd:430)
       [1] _process (res://scripts/player/player_controller.gd:330)
ERROR: Basis [X: (1.0, 0.0, 0.0), Y: (0.0, 0.999994, 0.0), Z: (0.0, 0.0, 0.999994)] must be normalized in order to be casted to a Quaternion. Use get_rotation_quaternion() or call orthonormalized() if the Basis contains linearly independent vectors.
   at: get_quaternion (core/math/basis.cpp:717)
   GDScript backtrace (most recent call first):
       [0] _carry_service_light (res://scripts/player/player_controller.gd:430)
       [1] _process (res://scripts/player/player_controller.gd:330)
ERROR: Basis [X: (0.981019, 0.10703, 0.161696), Y: (-0.01513, 0.873575, -0.486443), Z: (-0.19332, 0.474763, 0.858613)] must be normalized in order to be casted to a Quaternion. Use get_rotation_quaternion() or call orthonormalized() if the Basis contains linearly independent vectors.
   at: get_quaternion (core/math/basis.cpp:717)
   GDScript backtrace (most recent call first):
       [0] _carry_service_light (res://scripts/player/player_controller.gd:430)
       [1] _process (res://scripts/player/player_controller.gd:330)
ERROR: Basis [X: (1.0, 0.0, 0.0), Y: (0.0, 0.999994, 0.0), Z: (0.0, 0.0, 0.999994)] must be normalized in order to be casted to a Quaternion. Use get_rotation_quaternion() or call orthonormalized() if the Basis contains linearly independent vectors.
   at: get_quaternion (core/math/basis.cpp:717)
   GDScript backtrace (most recent call first):
       [0] _carry_service_light (res://scripts/player/player_controller.gd:430)
       [1] _process (res://scripts/player/player_controller.gd:330)
ERROR: Basis [X: (0.98149, 0.104742, 0.160331), Y: (-0.016171, 0.879514, -0.475586), Z: (-0.190829, 0.46419, 0.864928)] must be normalized in order to be casted to a Quaternion. Use get_rotation_quaternion() or call orthonormalized() if the Basis contains linearly independent vectors.
   at: get_quaternion (core/math/basis.cpp:717)
   GDScript backtrace (most recent call first):
       [0] _carry_service_light (res://scripts/player/player_controller.gd:430)
       [1] _process (res://scripts/player/player_controller.gd:330)
ERROR: Basis [X: (1.0, 0.0, 0.0), Y: (0.0, 0.999994, 0.0), Z: (0.0, 0.0, 0.999994)] must be normalized in order to be casted to a Quaternion. Use get_rotation_quaternion() or call orthonormalized() if the Basis contains linearly independent vectors.
   at: get_quaternion (core/math/basis.cpp:717)
   GDScript backtrace (most recent call first):
       [0] _carry_service_light (res://scripts/player/player_controller.gd:430)
       [1] _process (res://scripts/player/player_controller.gd:330)
ERROR: Basis [X: (0.981759, 0.101938, 0.160492), Y: (-0.016836, 0.887409, -0.460663), Z: (-0.189383, 0.449558, 0.872938)] must be normalized in order to be casted to a Quaternion. Use get_rotation_quaternion() or call orthonormalized() if the Basis contains linearly independent vectors.
   at: get_quaternion (core/math/basis.cpp:717)
   GDScript backtrace (most recent call first):
       [0] _carry_service_light (res://scripts/player/player_controller.gd:430)
       [1] _process (res://scripts/player/player_controller.gd:330)
ERROR: Basis [X: (1.0, 0.0, 0.0), Y: (0.0, 0.999994, 0.0), Z: (0.0, 0.0, 0.999994)] must be normalized in order to be casted to a Quaternion. Use get_rotation_quaternion() or call orthonormalized() if the Basis contains linearly independent vectors.
   at: get_quaternion (core/math/basis.cpp:717)
   GDScript backtrace (most recent call first):
       [0] _carry_service_light (res://scripts/player/player_controller.gd:430)
       [1] _process (res://scripts/player/player_controller.gd:330)
ERROR: Basis [X: (0.982186, 0.100137, 0.159005), Y: (-0.017872, 0.89212, -0.451431), Z: (-0.187059, 0.440548, 0.878018)] must be normalized in order to be casted to a Quaternion. Use get_rotation_quaternion() or call orthonormalized() if the Basis contains linearly independent vectors.
   at: get_quaternion (core/math/basis.cpp:717)
   GDScript backtrace (most recent call first):
       [0] _carry_service_light (res://scripts/player/player_controller.gd:430)
       [1] _process (res://scripts/player/player_controller.gd:330)
ERROR: Basis [X: (1.0, 0.0, 0.0), Y: (0.0, 0.999994, 0.0), Z: (0.0, 0.0, 0.999994)] must be normalized in order to be casted to a Quaternion. Use get_rotation_quaternion() or call orthonormalized() if the Basis contains linearly independent vectors.
   at: get_quaternion (core/math/basis.cpp:717)
   GDScript backtrace (most recent call first):
       [0] _carry_service_light (res://scripts/player/player_controller.gd:430)
       [1] _process (res://scripts/player/player_controller.gd:330)
ERROR: Basis [X: (0.982381, 0.097435, 0.159478), Y: (-0.018324, 0.899437, -0.436652), Z: (-0.185988, 0.426037, 0.885376)] must be normalized in order to be casted to a Quaternion. Use get_rotation_quaternion() or call orthonormalized() if the Basis contains linearly independent vectors.
   at: get_quaternion (core/math/basis.cpp:717)
   GDScript backtrace (most recent call first):
       [0] _carry_service_light (res://scripts/player/player_controller.gd:430)
       [1] _process (res://scripts/player/player_controller.gd:330)
ERROR: Basis [X: (1.0, 0.0, 0.0), Y: (0.0, 0.999994, 0.0), Z: (0.0, 0.0, 0.999994)] must be normalized in order to be casted to a Quaternion. Use get_rotation_quaternion() or call orthonormalized() if the Basis contains linearly independent vectors.
   at: get_quaternion (core/math/basis.cpp:717)
   GDScript backtrace (most recent call first):
       [0] _carry_service_light (res://scripts/player/player_controller.gd:430)
       [1] _process (res://scripts/player/player_controller.gd:330)
ERROR: Basis [X: (0.982879, 0.095284, 0.157701), Y: (-0.019474, 0.904825, -0.425325), Z: (-0.18322, 0.414972, 0.891189)] must be normalized in order to be casted to a Quaternion. Use get_rotation_quaternion() or call orthonormalized() if the Basis contains linearly independent vectors.
   at: get_quaternion (core/math/basis.cpp:717)
   GDScript backtrace (most recent call first):
       [0] _carry_service_light (res://scripts/player/player_controller.gd:430)
       [1] _process (res://scripts/player/player_controller.gd:330)
ERROR: Basis [X: (1.0, 0.0, 0.0), Y: (0.0, 0.999994, 0.0), Z: (0.0, 0.0, 0.999994)] must be normalized in order to be casted to a Quaternion. Use get_rotation_quaternion() or call orthonormalized() if the Basis contains linearly independent vectors.
   at: get_quaternion (core/math/basis.cpp:717)
   GDScript backtrace (most recent call first):
       [0] _carry_service_light (res://scripts/player/player_controller.gd:430)
       [1] _process (res://scripts/player/player_controller.gd:330)
ERROR: Basis [X: (0.98309, 0.092989, 0.157755), Y: (-0.019983, 0.910803, -0.412344), Z: (-0.182029, 0.402219, 0.897259)] must be normalized in order to be casted to a Quaternion. Use get_rotation_quaternion() or call orthonormalized() if the Basis contains linearly independent vectors.
   at: get_quaternion (core/math/basis.cpp:717)
   GDScript backtrace (most recent call first):
       [0] _carry_service_light (res://scripts/player/player_controller.gd:430)
       [1] _process (res://scripts/player/player_controller.gd:330)
ERROR: Basis [X: (1.0, 0.0, 0.0), Y: (0.0, 0.999994, 0.0), Z: (0.0, 0.0, 0.999994)] must be normalized in order to be casted to a Quaternion. Use get_rotation_quaternion() or call orthonormalized() if the Basis contains linearly independent vectors.
   at: get_quaternion (core/math/basis.cpp:717)
   GDScript backtrace (most recent call first):
       [0] _carry_service_light (res://scripts/player/player_controller.gd:430)
       [1] _process (res://scripts/player/player_controller.gd:330)
ERROR: Basis [X: (0.9836, 0.090909, 0.155776), Y: (-0.021101, 0.915748, -0.401185), Z: (-0.179125, 0.391318, 0.902648)] must be normalized in order to be casted to a Quaternion. Use get_rotation_quaternion() or call orthonormalized() if the Basis contains linearly independent vectors.
   at: get_quaternion (core/math/basis.cpp:717)
   GDScript backtrace (most recent call first):
       [0] _carry_service_light (res://scripts/player/player_controller.gd:430)
       [1] _process (res://scripts/player/player_controller.gd:330)
ERROR: Basis [X: (1.0, 0.0, 0.0), Y: (0.0, 0.999994, 0.0), Z: (0.0, 0.0, 0.999994)] must be normalized in order to be casted to a Quaternion. Use get_rotation_quaternion() or call orthonormalized() if the Basis contains linearly independent vectors.
   at: get_quaternion (core/math/basis.cpp:717)
   GDScript backtrace (most recent call first):
       [0] _carry_service_light (res://scripts/player/player_controller.gd:430)
       [1] _process (res://scripts/player/player_controller.gd:330)
ERROR: Basis [X: (0.983686, 0.088009, 0.156892), Y: (-0.021359, 0.923118, -0.383909), Z: (-0.178619, 0.374295, 0.909938)] must be normalized in order to be casted to a Quaternion. Use get_rotation_quaternion() or call orthonormalized() if the Basis contains linearly independent vectors.
   at: get_quaternion (core/math/basis.cpp:717)
   GDScript backtrace (most recent call first):
       [0] _carry_service_light (res://scripts/player/player_controller.gd:430)
       [1] _process (res://scripts/player/player_controller.gd:330)
ERROR: Basis [X: (1.0, 0.0, 0.0), Y: (0.0, 0.999994, 0.0), Z: (0.0, 0.0, 0.999994)] must be normalized in order to be casted to a Quaternion. Use get_rotation_quaternion() or call orthonormalized() if the Basis contains linearly independent vectors.
   at: get_quaternion (core/math/basis.cpp:717)
   GDScript backtrace (most recent call first):
       [0] _carry_service_light (res://scripts/player/player_controller.gd:430)
       [1] _process (res://scripts/player/player_controller.gd:330)
ERROR: Basis [X: (0.983845, 0.085812, 0.157113), Y: (-0.021886, 0.928693, -0.370187), Z: (-0.177678, 0.360768, 0.915569)] must be normalized in order to be casted to a Quaternion. Use get_rotation_quaternion() or call orthonormalized() if the Basis contains linearly independent vectors.
   at: get_quaternion (core/math/basis.cpp:717)
   GDScript backtrace (most recent call first):
       [0] _carry_service_light (res://scripts/player/player_controller.gd:430)
       [1] _process (res://scripts/player/player_controller.gd:330)
ERROR: Basis [X: (1.0, 0.0, 0.0), Y: (0.0, 0.999994, 0.0), Z: (0.0, 0.0, 0.999994)] must be normalized in order to be casted to a Quaternion. Use get_rotation_quaternion() or call orthonormalized() if the Basis contains linearly independent vectors.
   at: get_quaternion (core/math/basis.cpp:717)
   GDScript backtrace (most recent call first):
       [0] _carry_service_light (res://scripts/player/player_controller.gd:430)
       [1] _process (res://scripts/player/player_controller.gd:330)
ERROR: Basis [X: (0.983763, 0.082953, 0.159148), Y: (-0.021842, 0.935511, -0.352605), Z: (-0.178136, 0.343404, 0.922133)] must be normalized in order to be casted to a Quaternion. Use get_rotation_quaternion() or call orthonormalized() if the Basis contains linearly independent vectors.
   at: get_quaternion (core/math/basis.cpp:717)
   GDScript backtrace (most recent call first):
       [0] _carry_service_light (res://scripts/player/player_controller.gd:430)
       [1] _process (res://scripts/player/player_controller.gd:330)
ERROR: Basis [X: (1.0, 0.0, 0.0), Y: (0.0, 0.999994, 0.0), Z: (0.0, 0.0, 0.999994)] must be normalized in order to be casted to a Quaternion. Use get_rotation_quaternion() or call orthonormalized() if the Basis contains linearly independent vectors.
   at: get_quaternion (core/math/basis.cpp:717)
   GDScript backtrace (most recent call first):
       [0] _carry_service_light (res://scripts/player/player_controller.gd:430)
       [1] _process (res://scripts/player/player_controller.gd:330)
ERROR: Basis [X: (0.98359, 0.081186, 0.16112), Y: (-0.021708, 0.939795, -0.341031), Z: (-0.179109, 0.331937, 0.926135)] must be normalized in order to be casted to a Quaternion. Use get_rotation_quaternion() or call orthonormalized() if the Basis contains linearly independent vectors.
   at: get_quaternion (core/math/basis.cpp:717)
   GDScript backtrace (most recent call first):
       [0] _carry_service_light (res://scripts/player/player_controller.gd:430)
       [1] _process (res://scripts/player/player_controller.gd:330)
ERROR: Basis [X: (1.0, 0.0, 0.0), Y: (0.0, 0.999994, 0.0), Z: (0.0, 0.0, 0.999994)] must be normalized in order to be casted to a Quaternion. Use get_rotation_quaternion() or call orthonormalized() if the Basis contains linearly independent vectors.
   at: get_quaternion (core/math/basis.cpp:717)
   GDScript backtrace (most recent call first):
       [0] _carry_service_light (res://scripts/player/player_controller.gd:430)
       [1] _process (res://scripts/player/player_controller.gd:330)
ERROR: Basis [X: (0.983301, 0.079005, 0.163943), Y: (-0.021208, 0.944456, -0.327935), Z: (-0.180748, 0.318982, 0.93036)] must be normalized in order to be casted to a Quaternion. Use get_rotation_quaternion() or call orthonormalized() if the Basis contains linearly independent vectors.
   at: get_quaternion (core/math/basis.cpp:717)
   GDScript backtrace (most recent call first):
       [0] _carry_service_light (res://scripts/player/player_controller.gd:430)
       [1] _process (res://scripts/player/player_controller.gd:330)
ERROR: Basis [X: (1.0, 0.0, 0.0), Y: (0.0, 0.999994, 0.0), Z: (0.0, 0.0, 0.999994)] must be normalized in order to be casted to a Quaternion. Use get_rotation_quaternion() or call orthonormalized() if the Basis contains linearly independent vectors.
   at: get_quaternion (core/math/basis.cpp:717)
   GDScript backtrace (most recent call first):
       [0] _carry_service_light (res://scripts/player/player_controller.gd:430)
       [1] _process (res://scripts/player/player_controller.gd:330)
ERROR: Basis [X: (0.982987, 0.077535, 0.166509), Y: (-0.020714, 0.947542, -0.31894), Z: (-0.182506, 0.310064, 0.933028)] must be normalized in order to be casted to a Quaternion. Use get_rotation_quaternion() or call orthonormalized() if the Basis contains linearly independent vectors.
   at: get_quaternion (core/math/basis.cpp:717)
   GDScript backtrace (most recent call first):
       [0] _carry_service_light (res://scripts/player/player_controller.gd:430)
       [1] _process (res://scripts/player/player_controller.gd:330)
ERROR: Basis [X: (1.0, 0.0, 0.0), Y: (0.0, 0.999994, 0.0), Z: (0.0, 0.0, 0.999994)] must be normalized in order to be casted to a Quaternion. Use get_rotation_quaternion() or call orthonormalized() if the Basis contains linearly independent vectors.
   at: get_quaternion (core/math/basis.cpp:717)
   GDScript backtrace (most recent call first):
       [0] _carry_service_light (res://scripts/player/player_controller.gd:430)
       [1] _process (res://scripts/player/player_controller.gd:330)
ERROR: Basis [X: (0.982658, 0.076013, 0.169128), Y: (-0.020103, 0.950403, -0.310351), Z: (-0.184333, 0.301569, 0.93545)] must be normalized in order to be casted to a Quaternion. Use get_rotation_quaternion() or call orthonormalized() if the Basis contains linearly independent vectors.
   at: get_quaternion (core/math/basis.cpp:717)
   GDScript backtrace (most recent call first):
       [0] _carry_service_light (res://scripts/player/player_controller.gd:430)
       [1] _process (res://scripts/player/player_controller.gd:330)
ERROR: Basis [X: (1.0, 0.0, 0.0), Y: (0.0, 0.999994, 0.0), Z: (0.0, 0.0, 0.999994)] must be normalized in order to be casted to a Quaternion. Use get_rotation_quaternion() or call orthonormalized() if the Basis contains linearly independent vectors.
   at: get_quaternion (core/math/basis.cpp:717)
   GDScript backtrace (most recent call first):
       [0] _carry_service_light (res://scripts/player/player_controller.gd:430)
       [1] _process (res://scripts/player/player_controller.gd:330)
ERROR: Basis [X: (0.98231, 0.07524, 0.17148), Y: (-0.019467, 0.951794, -0.3061), Z: (-0.186246, 0.297347, 0.936422)] must be normalized in order to be casted to a Quaternion. Use get_rotation_quaternion() or call orthonormalized() if the Basis contains linearly independent vectors.
   at: get_quaternion (core/math/basis.cpp:717)
   GDScript backtrace (most recent call first):
       [0] _carry_service_light (res://scripts/player/player_controller.gd:430)
       [1] _process (res://scripts/player/player_controller.gd:330)
ERROR: Basis [X: (1.0, 0.0, 0.0), Y: (0.0, 0.999994, 0.0), Z: (0.0, 0.0, 0.999994)] must be normalized in order to be casted to a Quaternion. Use get_rotation_quaternion() or call orthonormalized() if the Basis contains linearly independent vectors.
   at: get_quaternion (core/math/basis.cpp:717)
   GDScript backtrace (most recent call first):
       [0] _carry_service_light (res://scripts/player/player_controller.gd:430)
       [1] _process (res://scripts/player/player_controller.gd:330)
ERROR: Basis [X: (0.981999, 0.074838, 0.173428), Y: (-0.018815, 0.952345, -0.304423), Z: (-0.187948, 0.29568, 0.93661)] must be normalized in order to be casted to a Quaternion. Use get_rotation_quaternion() or call orthonormalized() if the Basis contains linearly independent vectors.
   at: get_quaternion (core/math/basis.cpp:717)
   GDScript backtrace (most recent call first):
       [0] _carry_service_light (res://scripts/player/player_controller.gd:430)
       [1] _process (res://scripts/player/player_controller.gd:330)
ERROR: Basis [X: (1.0, 0.0, 0.0), Y: (0.0, 0.999994, 0.0), Z: (0.0, 0.0, 0.999994)] must be normalized in order to be casted to a Quaternion. Use get_rotation_quaternion() or call orthonormalized() if the Basis contains linearly independent vectors.
   at: get_quaternion (core/math/basis.cpp:717)
   GDScript backtrace (most recent call first):
       [0] _carry_service_light (res://scripts/player/player_controller.gd:430)
       [1] _process (res://scripts/player/player_controller.gd:330)
ERROR: Basis [X: (0.981718, 0.074426, 0.175187), Y: (-0.018187, 0.952846, -0.30289), Z: (-0.189471, 0.294166, 0.936779)] must be normalized in order to be casted to a Quaternion. Use get_rotation_quaternion() or call orthonormalized() if the Basis contains linearly independent vectors.
   at: get_quaternion (core/math/basis.cpp:717)
   GDScript backtrace (most recent call first):
       [0] _carry_service_light (res://scripts/player/player_controller.gd:430)
       [1] _process (res://scripts/player/player_controller.gd:330)
ERROR: Basis [X: (1.0, 0.0, 0.0), Y: (0.0, 0.999994, 0.0), Z: (0.0, 0.0, 0.999994)] must be normalized in order to be casted to a Quaternion. Use get_rotation_quaternion() or call orthonormalized() if the Basis contains linearly independent vectors.
   at: get_quaternion (core/math/basis.cpp:717)
   GDScript backtrace (most recent call first):
       [0] _carry_service_light (res://scripts/player/player_controller.gd:430)
       [1] _process (res://scripts/player/player_controller.gd:330)
ERROR: Basis [X: (0.981462, 0.074417, 0.17662), Y: (-0.017623, 0.952671, -0.303472), Z: (-0.190846, 0.294734, 0.936322)] must be normalized in order to be casted to a Quaternion. Use get_rotation_quaternion() or call orthonormalized() if the Basis contains linearly independent vectors.
   at: get_quaternion (core/math/basis.cpp:717)
   GDScript backtrace (most recent call first):
       [0] _carry_service_light (res://scripts/player/player_controller.gd:430)
       [1] _process (res://scripts/player/player_controller.gd:330)
ERROR: Basis [X: (1.0, 0.0, 0.0), Y: (0.0, 0.999994, 0.0), Z: (0.0, 0.0, 0.999994)] must be normalized in order to be casted to a Quaternion. Use get_rotation_quaternion() or call orthonormalized() if the Basis contains linearly independent vectors.
   at: get_quaternion (core/math/basis.cpp:717)
   GDScript backtrace (most recent call first):
       [0] _carry_service_light (res://scripts/player/player_controller.gd:430)
       [1] _process (res://scripts/player/player_controller.gd:330)
ERROR: Basis [X: (0.981232, 0.074407, 0.177898), Y: (-0.017074, 0.952452, -0.304192), Z: (-0.192075, 0.295446, 0.935846)] must be normalized in order to be casted to a Quaternion. Use get_rotation_quaternion() or call orthonormalized() if the Basis contains linearly independent vectors.
   at: get_quaternion (core/math/basis.cpp:717)
   GDScript backtrace (most recent call first):
       [0] _carry_service_light (res://scripts/player/player_controller.gd:430)
       [1] _process (res://scripts/player/player_controller.gd:330)
ERROR: Basis [X: (1.0, 0.0, 0.0), Y: (0.0, 0.999994, 0.0), Z: (0.0, 0.0, 0.999994)] must be normalized in order to be casted to a Quaternion. Use get_rotation_quaternion() or call orthonormalized() if the Basis contains linearly independent vectors.
   at: get_quaternion (core/math/basis.cpp:717)
   GDScript backtrace (most recent call first):
       [0] _carry_service_light (res://scripts/player/player_controller.gd:430)
       [1] _process (res://scripts/player/player_controller.gd:330)
ERROR: Basis [X: (0.981022, 0.0744, 0.179054), Y: (-0.016581, 0.952256, -0.304831), Z: (-0.193186, 0.296077, 0.935418)] must be normalized in order to be casted to a Quaternion. Use get_rotation_quaternion() or call orthonormalized() if the Basis contains linearly independent vectors.
   at: get_quaternion (core/math/basis.cpp:717)
   GDScript backtrace (most recent call first):
       [0] _carry_service_light (res://scripts/player/player_controller.gd:430)
       [1] _process (res://scripts/player/player_controller.gd:330)
ERROR: Basis [X: (1.0, 0.0, 0.0), Y: (0.0, 0.999994, 0.0), Z: (0.0, 0.0, 0.999994)] must be normalized in order to be casted to a Quaternion. Use get_rotation_quaternion() or call orthonormalized() if the Basis contains linearly independent vectors.
   at: get_quaternion (core/math/basis.cpp:717)
   GDScript backtrace (most recent call first):
       [0] _carry_service_light (res://scripts/player/player_controller.gd:430)
       [1] _process (res://scripts/player/player_controller.gd:330)
ERROR: Basis [X: (0.980831, 0.074396, 0.180098), Y: (-0.01614, 0.952082, -0.305396), Z: (-0.194191, 0.296635, 0.935033)] must be normalized in order to be casted to a Quaternion. Use get_rotation_quaternion() or call orthonormalized() if the Basis contains linearly independent vectors.
   at: get_quaternion (core/math/basis.cpp:717)
   GDScript backtrace (most recent call first):
       [0] _carry_service_light (res://scripts/player/player_controller.gd:430)
       [1] _process (res://scripts/player/player_controller.gd:330)
ERROR: Basis [X: (1.0, 0.0, 0.0), Y: (0.0, 0.999994, 0.0), Z: (0.0, 0.0, 0.999994)] must be normalized in order to be casted to a Quaternion. Use get_rotation_quaternion() or call orthonormalized() if the Basis contains linearly independent vectors.
   at: get_quaternion (core/math/basis.cpp:717)
   GDScript backtrace (most recent call first):
       [0] _carry_service_light (res://scripts/player/player_controller.gd:430)
       [1] _process (res://scripts/player/player_controller.gd:330)
ERROR: Basis [X: (0.980657, 0.074396, 0.181044), Y: (-0.015744, 0.951929, -0.305896), Z: (-0.1951, 0.297129, 0.934687)] must be normalized in order to be casted to a Quaternion. Use get_rotation_quaternion() or call orthonormalized() if the Basis contains linearly independent vectors.
   at: get_quaternion (core/math/basis.cpp:717)
   GDScript backtrace (most recent call first):
       [0] _carry_service_light (res://scripts/player/player_controller.gd:430)
       [1] _process (res://scripts/player/player_controller.gd:330)
ERROR: Basis [X: (1.0, 0.0, 0.0), Y: (0.0, 0.999994, 0.0), Z: (0.0, 0.0, 0.999994)] must be normalized in order to be casted to a Quaternion. Use get_rotation_quaternion() or call orthonormalized() if the Basis contains linearly independent vectors.
   at: get_quaternion (core/math/basis.cpp:717)
   GDScript backtrace (most recent call first):
       [0] _carry_service_light (res://scripts/player/player_controller.gd:430)
       [1] _process (res://scripts/player/player_controller.gd:330)
ERROR: Basis [X: (0.980498, 0.074399, 0.181899), Y: (-0.01539, 0.951793, -0.306337), Z: (-0.195924, 0.297563, 0.934376)] must be normalized in order to be casted to a Quaternion. Use get_rotation_quaternion() or call orthonormalized() if the Basis contains linearly independent vectors.
   at: get_quaternion (core/math/basis.cpp:717)
   GDScript backtrace (most recent call first):
       [0] _carry_service_light (res://scripts/player/player_controller.gd:430)
       [1] _process (res://scripts/player/player_controller.gd:330)
ERROR: Basis [X: (1.0, 0.0, 0.0), Y: (0.0, 0.999994, 0.0), Z: (0.0, 0.0, 0.999994)] must be normalized in order to be casted to a Quaternion. Use get_rotation_quaternion() or call orthonormalized() if the Basis contains linearly independent vectors.
   at: get_quaternion (core/math/basis.cpp:717)
   GDScript backtrace (most recent call first):
       [0] _carry_service_light (res://scripts/player/player_controller.gd:430)
       [1] _process (res://scripts/player/player_controller.gd:330)
ERROR: Basis [X: (0.980354, 0.074404, 0.182674), Y: (-0.015074, 0.951673, -0.306725), Z: (-0.196669, 0.297945, 0.934098)] must be normalized in order to be casted to a Quaternion. Use get_rotation_quaternion() or call orthonormalized() if the Basis contains linearly independent vectors.
   at: get_quaternion (core/math/basis.cpp:717)
   GDScript backtrace (most recent call first):
       [0] _carry_service_light (res://scripts/player/player_controller.gd:430)
       [1] _process (res://scripts/player/player_controller.gd:330)
ERROR: Basis [X: (1.0, 0.0, 0.0), Y: (0.0, 0.999994, 0.0), Z: (0.0, 0.0, 0.999994)] must be normalized in order to be casted to a Quaternion. Use get_rotation_quaternion() or call orthonormalized() if the Basis contains linearly independent vectors.
   at: get_quaternion (core/math/basis.cpp:717)
   GDScript backtrace (most recent call first):
       [0] _carry_service_light (res://scripts/player/player_controller.gd:430)
       [1] _process (res://scripts/player/player_controller.gd:330)
ERROR: Basis [X: (0.980222, 0.074412, 0.183375), Y: (-0.014793, 0.951567, -0.307065), Z: (-0.197346, 0.298279, 0.933849)] must be normalized in order to be casted to a Quaternion. Use get_rotation_quaternion() or call orthonormalized() if the Basis contains linearly independent vectors.
   at: get_quaternion (core/math/basis.cpp:717)
   GDScript backtrace (most recent call first):
       [0] _carry_service_light (res://scripts/player/player_controller.gd:430)
       [1] _process (res://scripts/player/player_controller.gd:330)
ERROR: Basis [X: (1.0, 0.0, 0.0), Y: (0.0, 0.999994, 0.0), Z: (0.0, 0.0, 0.999994)] must be normalized in order to be casted to a Quaternion. Use get_rotation_quaternion() or call orthonormalized() if the Basis contains linearly independent vectors.
   at: get_quaternion (core/math/basis.cpp:717)
   GDScript backtrace (most recent call first):
       [0] _carry_service_light (res://scripts/player/player_controller.gd:430)
       [1] _process (res://scripts/player/player_controller.gd:330)
ERROR: Basis [X: (0.980102, 0.074422, 0.184011), Y: (-0.014542, 0.951475, -0.307362), Z: (-0.197959, 0.298571, 0.933626)] must be normalized in order to be casted to a Quaternion. Use get_rotation_quaternion() or call orthonormalized() if the Basis contains linearly independent vectors.
   at: get_quaternion (core/math/basis.cpp:717)
   GDScript backtrace (most recent call first):
       [0] _carry_service_light (res://scripts/player/player_controller.gd:430)
       [1] _process (res://scripts/player/player_controller.gd:330)
ERROR: Basis [X: (1.0, 0.0, 0.0), Y: (0.0, 0.999994, 0.0), Z: (0.0, 0.0, 0.999994)] must be normalized in order to be casted to a Quaternion. Use get_rotation_quaternion() or call orthonormalized() if the Basis contains linearly independent vectors.
   at: get_quaternion (core/math/basis.cpp:717)
   GDScript backtrace (most recent call first):
       [0] _carry_service_light (res://scripts/player/player_controller.gd:430)
       [1] _process (res://scripts/player/player_controller.gd:330)
ERROR: Basis [X: (0.979993, 0.074434, 0.184588), Y: (-0.01432, 0.951395, -0.307621), Z: (-0.198516, 0.298823, 0.933426)] must be normalized in order to be casted to a Quaternion. Use get_rotation_quaternion() or call orthonormalized() if the Basis contains linearly independent vectors.
   at: get_quaternion (core/math/basis.cpp:717)
   GDScript backtrace (most recent call first):
       [0] _carry_service_light (res://scripts/player/player_controller.gd:430)
       [1] _process (res://scripts/player/player_controller.gd:330)
ERROR: Basis [X: (1.0, 0.0, 0.0), Y: (0.0, 0.999994, 0.0), Z: (0.0, 0.0, 0.999994)] must be normalized in order to be casted to a Quaternion. Use get_rotation_quaternion() or call orthonormalized() if the Basis contains linearly independent vectors.
   at: get_quaternion (core/math/basis.cpp:717)
   GDScript backtrace (most recent call first):
       [0] _carry_service_light (res://scripts/player/player_controller.gd:430)
       [1] _process (res://scripts/player/player_controller.gd:330)
ERROR: Basis [X: (0.979893, 0.074449, 0.185112), Y: (-0.014123, 0.951325, -0.307846), Z: (-0.199022, 0.299041, 0.933249)] must be normalized in order to be casted to a Quaternion. Use get_rotation_quaternion() or call orthonormalized() if the Basis contains linearly independent vectors.
   at: get_quaternion (core/math/basis.cpp:717)
   GDScript backtrace (most recent call first):
       [0] _carry_service_light (res://scripts/player/player_controller.gd:430)
       [1] _process (res://scripts/player/player_controller.gd:330)
ERROR: Basis [X: (1.0, 0.0, 0.0), Y: (0.0, 0.999994, 0.0), Z: (0.0, 0.0, 0.999994)] must be normalized in order to be casted to a Quaternion. Use get_rotation_quaternion() or call orthonormalized() if the Basis contains linearly independent vectors.
   at: get_quaternion (core/math/basis.cpp:717)
   GDScript backtrace (most recent call first):
       [0] _carry_service_light (res://scripts/player/player_controller.gd:430)
       [1] _process (res://scripts/player/player_controller.gd:330)
ERROR: Basis [X: (0.979802, 0.074465, 0.185587), Y: (-0.01395, 0.951265, -0.308039), Z: (-0.199483, 0.299228, 0.933091)] must be normalized in order to be casted to a Quaternion. Use get_rotation_quaternion() or call orthonormalized() if the Basis contains linearly independent vectors.
   at: get_quaternion (core/math/basis.cpp:717)
   GDScript backtrace (most recent call first):
       [0] _carry_service_light (res://scripts/player/player_controller.gd:430)
       [1] _process (res://scripts/player/player_controller.gd:330)
ERROR: Basis [X: (1.0, 0.0, 0.0), Y: (0.0, 0.999994, 0.0), Z: (0.0, 0.0, 0.999994)] must be normalized in order to be casted to a Quaternion. Use get_rotation_quaternion() or call orthonormalized() if the Basis contains linearly independent vectors.
   at: get_quaternion (core/math/basis.cpp:717)
   GDScript backtrace (most recent call first):
       [0] _carry_service_light (res://scripts/player/player_controller.gd:430)
       [1] _process (res://scripts/player/player_controller.gd:330)
ERROR: Basis [X: (0.979719, 0.074483, 0.186019), Y: (-0.013797, 0.951214, -0.308204), Z: (-0.199902, 0.299387, 0.93295)] must be normalized in order to be casted to a Quaternion. Use get_rotation_quaternion() or call orthonormalized() if the Basis contains linearly independent vectors.
   at: get_quaternion (core/math/basis.cpp:717)
   GDScript backtrace (most recent call first):
       [0] _carry_service_light (res://scripts/player/player_controller.gd:430)
       [1] _process (res://scripts/player/player_controller.gd:330)
ERROR: Basis [X: (1.0, 0.0, 0.0), Y: (0.0, 0.999994, 0.0), Z: (0.0, 0.0, 0.999994)] must be normalized in order to be casted to a Quaternion. Use get_rotation_quaternion() or call orthonormalized() if the Basis contains linearly independent vectors.
   at: get_quaternion (core/math/basis.cpp:717)
   GDScript backtrace (most recent call first):
       [0] _carry_service_light (res://scripts/player/player_controller.gd:430)
       [1] _process (res://scripts/player/player_controller.gd:330)
ERROR: Basis [X: (0.979643, 0.074502, 0.186412), Y: (-0.013664, 0.951171, -0.308344), Z: (-0.200284, 0.29952, 0.932825)] must be normalized in order to be casted to a Quaternion. Use get_rotation_quaternion() or call orthonormalized() if the Basis contains linearly independent vectors.
   at: get_quaternion (core/math/basis.cpp:717)
   GDScript backtrace (most recent call first):
       [0] _carry_service_light (res://scripts/player/player_controller.gd:430)
       [1] _process (res://scripts/player/player_controller.gd:330)
ERROR: Basis [X: (1.0, 0.0, 0.0), Y: (0.0, 0.999994, 0.0), Z: (0.0, 0.0, 0.999994)] must be normalized in order to be casted to a Quaternion. Use get_rotation_quaternion() or call orthonormalized() if the Basis contains linearly independent vectors.
   at: get_quaternion (core/math/basis.cpp:717)
   GDScript backtrace (most recent call first):
       [0] _carry_service_light (res://scripts/player/player_controller.gd:430)
       [1] _process (res://scripts/player/player_controller.gd:330)
ERROR: Basis [X: (0.979573, 0.074523, 0.186769), Y: (-0.013547, 0.951134, -0.308461), Z: (-0.200632, 0.29963, 0.932715)] must be normalized in order to be casted to a Quaternion. Use get_rotation_quaternion() or call orthonormalized() if the Basis contains linearly independent vectors.
   at: get_quaternion (core/math/basis.cpp:717)
   GDScript backtrace (most recent call first):
       [0] _carry_service_light (res://scripts/player/player_controller.gd:430)
       [1] _process (res://scripts/player/player_controller.gd:330)
ERROR: Basis [X: (1.0, 0.0, 0.0), Y: (0.0, 0.999994, 0.0), Z: (0.0, 0.0, 0.999994)] must be normalized in order to be casted to a Quaternion. Use get_rotation_quaternion() or call orthonormalized() if the Basis contains linearly independent vectors.
   at: get_quaternion (core/math/basis.cpp:717)
   GDScript backtrace (most recent call first):
       [0] _carry_service_light (res://scripts/player/player_controller.gd:430)
       [1] _process (res://scripts/player/player_controller.gd:330)
ERROR: Basis [X: (0.979509, 0.074545, 0.187094), Y: (-0.013446, 0.951104, -0.308558), Z: (-0.20095, 0.29972, 0.932618)] must be normalized in order to be casted to a Quaternion. Use get_rotation_quaternion() or call orthonormalized() if the Basis contains linearly independent vectors.
   at: get_quaternion (core/math/basis.cpp:717)
   GDScript backtrace (most recent call first):
       [0] _carry_service_light (res://scripts/player/player_controller.gd:430)
       [1] _process (res://scripts/player/player_controller.gd:330)
ERROR: Basis [X: (1.0, 0.0, 0.0), Y: (0.0, 0.999994, 0.0), Z: (0.0, 0.0, 0.999994)] must be normalized in order to be casted to a Quaternion. Use get_rotation_quaternion() or call orthonormalized() if the Basis contains linearly independent vectors.
   at: get_quaternion (core/math/basis.cpp:717)
   GDScript backtrace (most recent call first):
       [0] _carry_service_light (res://scripts/player/player_controller.gd:430)
       [1] _process (res://scripts/player/player_controller.gd:330)
ERROR: Basis [X: (0.979451, 0.074569, 0.187391), Y: (-0.01336, 0.95108, -0.308637), Z: (-0.201241, 0.299791, 0.932532)] must be normalized in order to be casted to a Quaternion. Use get_rotation_quaternion() or call orthonormalized() if the Basis contains linearly independent vectors.
   at: get_quaternion (core/math/basis.cpp:717)
   GDScript backtrace (most recent call first):
       [0] _carry_service_light (res://scripts/player/player_controller.gd:430)
       [1] _process (res://scripts/player/player_controller.gd:330)
ERROR: Basis [X: (1.0, 0.0, 0.0), Y: (0.0, 0.999994, 0.0), Z: (0.0, 0.0, 0.999994)] must be normalized in order to be casted to a Quaternion. Use get_rotation_quaternion() or call orthonormalized() if the Basis contains linearly independent vectors.
   at: get_quaternion (core/math/basis.cpp:717)
   GDScript backtrace (most recent call first):
       [0] _carry_service_light (res://scripts/player/player_controller.gd:430)
       [1] _process (res://scripts/player/player_controller.gd:330)
ERROR: Basis [X: (0.979397, 0.074594, 0.187661), Y: (-0.013286, 0.951061, -0.308699), Z: (-0.201506, 0.299846, 0.932457)] must be normalized in order to be casted to a Quaternion. Use get_rotation_quaternion() or call orthonormalized() if the Basis contains linearly independent vectors.
   at: get_quaternion (core/math/basis.cpp:717)
   GDScript backtrace (most recent call first):
       [0] _carry_service_light (res://scripts/player/player_controller.gd:430)
       [1] _process (res://scripts/player/player_controller.gd:330)
ERROR: Basis [X: (1.0, 0.0, 0.0), Y: (0.0, 0.999994, 0.0), Z: (0.0, 0.0, 0.999994)] must be normalized in order to be casted to a Quaternion. Use get_rotation_quaternion() or call orthonormalized() if the Basis contains linearly independent vectors.
   at: get_quaternion (core/math/basis.cpp:717)
   GDScript backtrace (most recent call first):
       [0] _carry_service_light (res://scripts/player/player_controller.gd:430)
       [1] _process (res://scripts/player/player_controller.gd:330)
ERROR: Basis [X: (0.979348, 0.07462, 0.187908), Y: (-0.013224, 0.951046, -0.308747), Z: (-0.20175, 0.299886, 0.932392)] must be normalized in order to be casted to a Quaternion. Use get_rotation_quaternion() or call orthonormalized() if the Basis contains linearly independent vectors.
   at: get_quaternion (core/math/basis.cpp:717)
   GDScript backtrace (most recent call first):
       [0] _carry_service_light (res://scripts/player/player_controller.gd:430)
       [1] _process (res://scripts/player/player_controller.gd:330)
ERROR: Basis [X: (1.0, 0.0, 0.0), Y: (0.0, 0.999994, 0.0), Z: (0.0, 0.0, 0.999994)] must be normalized in order to be casted to a Quaternion. Use get_rotation_quaternion() or call orthonormalized() if the Basis contains linearly independent vectors.
   at: get_quaternion (core/math/basis.cpp:717)
   GDScript backtrace (most recent call first):
       [0] _carry_service_light (res://scripts/player/player_controller.gd:430)
       [1] _process (res://scripts/player/player_controller.gd:330)
ERROR: Basis [X: (0.979302, 0.074647, 0.188133), Y: (-0.013173, 0.951036, -0.308781), Z: (-0.201973, 0.299912, 0.932335)] must be normalized in order to be casted to a Quaternion. Use get_rotation_quaternion() or call orthonormalized() if the Basis contains linearly independent vectors.
   at: get_quaternion (core/math/basis.cpp:717)
   GDScript backtrace (most recent call first):
       [0] _carry_service_light (res://scripts/player/player_controller.gd:430)
       [1] _process (res://scripts/player/player_controller.gd:330)
ERROR: Basis [X: (1.0, 0.0, 0.0), Y: (0.0, 0.999994, 0.0), Z: (0.0, 0.0, 0.999994)] must be normalized in order to be casted to a Quaternion. Use get_rotation_quaternion() or call orthonormalized() if the Basis contains linearly independent vectors.
   at: get_quaternion (core/math/basis.cpp:717)
   GDScript backtrace (most recent call first):
       [0] _carry_service_light (res://scripts/player/player_controller.gd:430)
       [1] _process (res://scripts/player/player_controller.gd:330)
ERROR: Basis [X: (0.979261, 0.074675, 0.18834), Y: (-0.013131, 0.951029, -0.308804), Z: (-0.202179, 0.299926, 0.932286)] must be normalized in order to be casted to a Quaternion. Use get_rotation_quaternion() or call orthonormalized() if the Basis contains linearly independent vectors.
   at: get_quaternion (core/math/basis.cpp:717)
   GDScript backtrace (most recent call first):
       [0] _carry_service_light (res://scripts/player/player_controller.gd:430)
       [1] _process (res://scripts/player/player_controller.gd:330)
ERROR: Basis [X: (1.0, 0.0, 0.0), Y: (0.0, 0.999994, 0.0), Z: (0.0, 0.0, 0.999994)] must be normalized in order to be casted to a Quaternion. Use get_rotation_quaternion() or call orthonormalized() if the Basis contains linearly independent vectors.
   at: get_quaternion (core/math/basis.cpp:717)
   GDScript backtrace (most recent call first):
       [0] _carry_service_light (res://scripts/player/player_controller.gd:430)
       [1] _process (res://scripts/player/player_controller.gd:330)
ERROR: Basis [X: (0.979222, 0.074705, 0.188528), Y: (-0.013098, 0.951026, -0.308815), Z: (-0.202367, 0.299929, 0.932244)] must be normalized in order to be casted to a Quaternion. Use get_rotation_quaternion() or call orthonormalized() if the Basis contains linearly independent vectors.
   at: get_quaternion (core/math/basis.cpp:717)
   GDScript backtrace (most recent call first):
       [0] _carry_service_light (res://scripts/player/player_controller.gd:430)
       [1] _process (res://scripts/player/player_controller.gd:330)
ERROR: Basis [X: (1.0, 0.0, 0.0), Y: (0.0, 0.999994, 0.0), Z: (0.0, 0.0, 0.999994)] must be normalized in order to be casted to a Quaternion. Use get_rotation_quaternion() or call orthonormalized() if the Basis contains linearly independent vectors.
   at: get_quaternion (core/math/basis.cpp:717)
   GDScript backtrace (most recent call first):
       [0] _carry_service_light (res://scripts/player/player_controller.gd:430)
       [1] _process (res://scripts/player/player_controller.gd:330)
ERROR: Basis [X: (0.979186, 0.074735, 0.188701), Y: (-0.013073, 0.951025, -0.308817), Z: (-0.202541, 0.299923, 0.932208)] must be normalized in order to be casted to a Quaternion. Use get_rotation_quaternion() or call orthonormalized() if the Basis contains linearly independent vectors.
   at: get_quaternion (core/math/basis.cpp:717)
   GDScript backtrace (most recent call first):
       [0] _carry_service_light (res://scripts/player/player_controller.gd:430)
       [1] _process (res://scripts/player/player_controller.gd:330)
ERROR: Basis [X: (1.0, 0.0, 0.0), Y: (0.0, 0.999994, 0.0), Z: (0.0, 0.0, 0.999994)] must be normalized in order to be casted to a Quaternion. Use get_rotation_quaternion() or call orthonormalized() if the Basis contains linearly independent vectors.
   at: get_quaternion (core/math/basis.cpp:717)
   GDScript backtrace (most recent call first):
       [0] _carry_service_light (res://scripts/player/player_controller.gd:430)
       [1] _process (res://scripts/player/player_controller.gd:330)
ERROR: Basis [X: (0.979154, 0.074766, 0.188859), Y: (-0.013055, 0.951028, -0.308811), Z: (-0.202701, 0.299907, 0.932178)] must be normalized in order to be casted to a Quaternion. Use get_rotation_quaternion() or call orthonormalized() if the Basis contains linearly independent vectors.
   at: get_quaternion (core/math/basis.cpp:717)
   GDScript backtrace (most recent call first):
       [0] _carry_service_light (res://scripts/player/player_controller.gd:430)
       [1] _process (res://scripts/player/player_controller.gd:330)
ERROR: Basis [X: (1.0, 0.0, 0.0), Y: (0.0, 0.999994, 0.0), Z: (0.0, 0.0, 0.999994)] must be normalized in order to be casted to a Quaternion. Use get_rotation_quaternion() or call orthonormalized() if the Basis contains linearly independent vectors.
   at: get_quaternion (core/math/basis.cpp:717)
   GDScript backtrace (most recent call first):
       [0] _carry_service_light (res://scripts/player/player_controller.gd:430)
       [1] _process (res://scripts/player/player_controller.gd:330)
ERROR: Basis [X: (0.979123, 0.074798, 0.189005), Y: (-0.013044, 0.951033, -0.308796), Z: (-0.202849, 0.299884, 0.932154)] must be normalized in order to be casted to a Quaternion. Use get_rotation_quaternion() or call orthonormalized() if the Basis contains linearly independent vectors.
   at: get_quaternion (core/math/basis.cpp:717)
   GDScript backtrace (most recent call first):
       [0] _carry_service_light (res://scripts/player/player_controller.gd:430)
       [1] _process (res://scripts/player/player_controller.gd:330)
ERROR: Basis [X: (1.0, 0.0, 0.0), Y: (0.0, 0.999994, 0.0), Z: (0.0, 0.0, 0.999994)] must be normalized in order to be casted to a Quaternion. Use get_rotation_quaternion() or call orthonormalized() if the Basis contains linearly independent vectors.
   at: get_quaternion (core/math/basis.cpp:717)
   GDScript backtrace (most recent call first):
       [0] _carry_service_light (res://scripts/player/player_controller.gd:430)
       [1] _process (res://scripts/player/player_controller.gd:330)
ERROR: Basis [X: (0.979095, 0.074831, 0.189138), Y: (-0.013039, 0.95104, -0.308775), Z: (-0.202986, 0.299854, 0.932134)] must be normalized in order to be casted to a Quaternion. Use get_rotation_quaternion() or call orthonormalized() if the Basis contains linearly independent vectors.
   at: get_quaternion (core/math/basis.cpp:717)
   GDScript backtrace (most recent call first):
       [0] _carry_service_light (res://scripts/player/player_controller.gd:430)
       [1] _process (res://scripts/player/player_controller.gd:330)
ERROR: Basis [X: (1.0, 0.0, 0.0), Y: (0.0, 0.999994, 0.0), Z: (0.0, 0.0, 0.999994)] must be normalized in order to be casted to a Quaternion. Use get_rotation_quaternion() or call orthonormalized() if the Basis contains linearly independent vectors.
   at: get_quaternion (core/math/basis.cpp:717)
   GDScript backtrace (most recent call first):
       [0] _carry_service_light (res://scripts/player/player_controller.gd:430)
       [1] _process (res://scripts/player/player_controller.gd:330)
ERROR: Basis [X: (0.979069, 0.074865, 0.18926), Y: (-0.013039, 0.951049, -0.308748), Z: (-0.203113, 0.299817, 0.932118)] must be normalized in order to be casted to a Quaternion. Use get_rotation_quaternion() or call orthonormalized() if the Basis contains linearly independent vectors.
   at: get_quaternion (core/math/basis.cpp:717)
   GDScript backtrace (most recent call first):
       [0] _carry_service_light (res://scripts/player/player_controller.gd:430)
       [1] _process (res://scripts/player/player_controller.gd:330)
ERROR: Basis [X: (1.0, 0.0, 0.0), Y: (0.0, 0.999994, 0.0), Z: (0.0, 0.0, 0.999994)] must be normalized in order to be casted to a Quaternion. Use get_rotation_quaternion() or call orthonormalized() if the Basis contains linearly independent vectors.
   at: get_quaternion (core/math/basis.cpp:717)
   GDScript backtrace (most recent call first):
       [0] _carry_service_light (res://scripts/player/player_controller.gd:430)
       [1] _process (res://scripts/player/player_controller.gd:330)
ERROR: Basis [X: (0.979044, 0.074899, 0.189373), Y: (-0.013045, 0.951059, -0.308715), Z: (-0.20323, 0.299775, 0.932106)] must be normalized in order to be casted to a Quaternion. Use get_rotation_quaternion() or call orthonormalized() if the Basis contains linearly independent vectors.
   at: get_quaternion (core/math/basis.cpp:717)
   GDScript backtrace (most recent call first):
       [0] _carry_service_light (res://scripts/player/player_controller.gd:430)
       [1] _process (res://scripts/player/player_controller.gd:330)
ERROR: Basis [X: (1.0, 0.0, 0.0), Y: (0.0, 0.999994, 0.0), Z: (0.0, 0.0, 0.999994)] must be normalized in order to be casted to a Quaternion. Use get_rotation_quaternion() or call orthonormalized() if the Basis contains linearly independent vectors.
   at: get_quaternion (core/math/basis.cpp:717)
   GDScript backtrace (most recent call first):
       [0] _carry_service_light (res://scripts/player/player_controller.gd:430)
       [1] _process (res://scripts/player/player_controller.gd:330)
ERROR: Basis [X: (0.979021, 0.074935, 0.189477), Y: (-0.013055, 0.951071, -0.308677), Z: (-0.203339, 0.299727, 0.932097)] must be normalized in order to be casted to a Quaternion. Use get_rotation_quaternion() or call orthonormalized() if the Basis contains linearly independent vectors.
   at: get_quaternion (core/math/basis.cpp:717)
   GDScript backtrace (most recent call first):
       [0] _carry_service_light (res://scripts/player/player_controller.gd:430)
       [1] _process (res://scripts/player/player_controller.gd:330)
ERROR: Basis [X: (1.0, 0.0, 0.0), Y: (0.0, 0.999994, 0.0), Z: (0.0, 0.0, 0.999994)] must be normalized in order to be casted to a Quaternion. Use get_rotation_quaternion() or call orthonormalized() if the Basis contains linearly independent vectors.
   at: get_quaternion (core/math/basis.cpp:717)
   GDScript backtrace (most recent call first):
       [0] _carry_service_light (res://scripts/player/player_controller.gd:430)
       [1] _process (res://scripts/player/player_controller.gd:330)
ERROR: Basis [X: (0.979, 0.074971, 0.189572), Y: (-0.01307, 0.951085, -0.308634), Z: (-0.20344, 0.299675, 0.932092)] must be normalized in order to be casted to a Quaternion. Use get_rotation_quaternion() or call orthonormalized() if the Basis contains linearly independent vectors.
   at: get_quaternion (core/math/basis.cpp:717)
   GDScript backtrace (most recent call first):
       [0] _carry_service_light (res://scripts/player/player_controller.gd:430)
       [1] _process (res://scripts/player/player_controller.gd:330)
ERROR: Basis [X: (1.0, 0.0, 0.0), Y: (0.0, 0.999994, 0.0), Z: (0.0, 0.0, 0.999994)] must be normalized in order to be casted to a Quaternion. Use get_rotation_quaternion() or call orthonormalized() if the Basis contains linearly independent vectors.
   at: get_quaternion (core/math/basis.cpp:717)
   GDScript backtrace (most recent call first):
       [0] _carry_service_light (res://scripts/player/player_controller.gd:430)
       [1] _process (res://scripts/player/player_controller.gd:330)
ERROR: Basis [X: (0.97898, 0.075008, 0.18966), Y: (-0.013088, 0.9511, -0.308588), Z: (-0.203535, 0.299619, 0.932089)] must be normalized in order to be casted to a Quaternion. Use get_rotation_quaternion() or call orthonormalized() if the Basis contains linearly independent vectors.
   at: get_quaternion (core/math/basis.cpp:717)
   GDScript backtrace (most recent call first):
       [0] _carry_service_light (res://scripts/player/player_controller.gd:430)
       [1] _process (res://scripts/player/player_controller.gd:330)
ERROR: Basis [X: (1.0, 0.0, 0.0), Y: (0.0, 0.999994, 0.0), Z: (0.0, 0.0, 0.999994)] must be normalized in order to be casted to a Quaternion. Use get_rotation_quaternion() or call orthonormalized() if the Basis contains linearly independent vectors.
   at: get_quaternion (core/math/basis.cpp:717)
   GDScript backtrace (most recent call first):
       [0] _carry_service_light (res://scripts/player/player_controller.gd:430)
       [1] _process (res://scripts/player/player_controller.gd:330)
ERROR: Basis [X: (0.978962, 0.075045, 0.189742), Y: (-0.01311, 0.951115, -0.308538), Z: (-0.203623, 0.29956, 0.932089)] must be normalized in order to be casted to a Quaternion. Use get_rotation_quaternion() or call orthonormalized() if the Basis contains linearly independent vectors.
   at: get_quaternion (core/math/basis.cpp:717)
   GDScript backtrace (most recent call first):
       [0] _carry_service_light (res://scripts/player/player_controller.gd:430)
       [1] _process (res://scripts/player/player_controller.gd:330)
ERROR: Basis [X: (1.0, 0.0, 0.0), Y: (0.0, 0.999994, 0.0), Z: (0.0, 0.0, 0.999994)] must be normalized in order to be casted to a Quaternion. Use get_rotation_quaternion() or call orthonormalized() if the Basis contains linearly independent vectors.
   at: get_quaternion (core/math/basis.cpp:717)
   GDScript backtrace (most recent call first):
       [0] _carry_service_light (res://scripts/player/player_controller.gd:430)
       [1] _process (res://scripts/player/player_controller.gd:330)
ERROR: Basis [X: (0.978944, 0.075083, 0.189816), Y: (-0.013135, 0.951132, -0.308486), Z: (-0.203705, 0.299497, 0.932092)] must be normalized in order to be casted to a Quaternion. Use get_rotation_quaternion() or call orthonormalized() if the Basis contains linearly independent vectors.
   at: get_quaternion (core/math/basis.cpp:717)
   GDScript backtrace (most recent call first):
       [0] _carry_service_light (res://scripts/player/player_controller.gd:430)
       [1] _process (res://scripts/player/player_controller.gd:330)
ERROR: Basis [X: (1.0, 0.0, 0.0), Y: (0.0, 0.999994, 0.0), Z: (0.0, 0.0, 0.999994)] must be normalized in order to be casted to a Quaternion. Use get_rotation_quaternion() or call orthonormalized() if the Basis contains linearly independent vectors.
   at: get_quaternion (core/math/basis.cpp:717)
   GDScript backtrace (most recent call first):
       [0] _carry_service_light (res://scripts/player/player_controller.gd:430)
       [1] _process (res://scripts/player/player_controller.gd:330)
ERROR: Basis [X: (0.978928, 0.075122, 0.189885), Y: (-0.013164, 0.95115, -0.30843), Z: (-0.203782, 0.299431, 0.932096)] must be normalized in order to be casted to a Quaternion. Use get_rotation_quaternion() or call orthonormalized() if the Basis contains linearly independent vectors.
   at: get_quaternion (core/math/basis.cpp:717)
   GDScript backtrace (most recent call first):
       [0] _carry_service_light (res://scripts/player/player_controller.gd:430)
       [1] _process (res://scripts/player/player_controller.gd:330)
ERROR: Basis [X: (1.0, 0.0, 0.0), Y: (0.0, 0.999994, 0.0), Z: (0.0, 0.0, 0.999994)] must be normalized in order to be casted to a Quaternion. Use get_rotation_quaternion() or call orthonormalized() if the Basis contains linearly independent vectors.
   at: get_quaternion (core/math/basis.cpp:717)
   GDScript backtrace (most recent call first):
       [0] _carry_service_light (res://scripts/player/player_controller.gd:430)
       [1] _process (res://scripts/player/player_controller.gd:330)
ERROR: Basis [X: (0.978912, 0.075162, 0.189949), Y: (-0.013195, 0.951168, -0.308372), Z: (-0.203854, 0.299363, 0.932102)] must be normalized in order to be casted to a Quaternion. Use get_rotation_quaternion() or call orthonormalized() if the Basis contains linearly independent vectors.
   at: get_quaternion (core/math/basis.cpp:717)
   GDScript backtrace (most recent call first):
       [0] _carry_service_light (res://scripts/player/player_controller.gd:430)
       [1] _process (res://scripts/player/player_controller.gd:330)
ERROR: Basis [X: (1.0, 0.0, 0.0), Y: (0.0, 0.999994, 0.0), Z: (0.0, 0.0, 0.999994)] must be normalized in order to be casted to a Quaternion. Use get_rotation_quaternion() or call orthonormalized() if the Basis contains linearly independent vectors.
   at: get_quaternion (core/math/basis.cpp:717)
   GDScript backtrace (most recent call first):
       [0] _carry_service_light (res://scripts/player/player_controller.gd:430)
       [1] _process (res://scripts/player/player_controller.gd:330)
ERROR: Basis [X: (0.978898, 0.075202, 0.190008), Y: (-0.013229, 0.951187, -0.308312), Z: (-0.203921, 0.299292, 0.93211)] must be normalized in order to be casted to a Quaternion. Use get_rotation_quaternion() or call orthonormalized() if the Basis contains linearly independent vectors.
   at: get_quaternion (core/math/basis.cpp:717)
   GDScript backtrace (most recent call first):
       [0] _carry_service_light (res://scripts/player/player_controller.gd:430)
       [1] _process (res://scripts/player/player_controller.gd:330)
ERROR: Basis [X: (1.0, 0.0, 0.0), Y: (0.0, 0.999994, 0.0), Z: (0.0, 0.0, 0.999994)] must be normalized in order to be casted to a Quaternion. Use get_rotation_quaternion() or call orthonormalized() if the Basis contains linearly independent vectors.
   at: get_quaternion (core/math/basis.cpp:717)
   GDScript backtrace (most recent call first):
       [0] _carry_service_light (res://scripts/player/player_controller.gd:430)
       [1] _process (res://scripts/player/player_controller.gd:330)
ERROR: Basis [X: (0.978884, 0.075243, 0.190062), Y: (-0.013265, 0.951207, -0.30825), Z: (-0.203984, 0.29922, 0.93212)] must be normalized in order to be casted to a Quaternion. Use get_rotation_quaternion() or call orthonormalized() if the Basis contains linearly independent vectors.
   at: get_quaternion (core/math/basis.cpp:717)
   GDScript backtrace (most recent call first):
       [0] _carry_service_light (res://scripts/player/player_controller.gd:430)
       [1] _process (res://scripts/player/player_controller.gd:330)
ERROR: Basis [X: (1.0, 0.0, 0.0), Y: (0.0, 0.999994, 0.0), Z: (0.0, 0.0, 0.999994)] must be normalized in order to be casted to a Quaternion. Use get_rotation_quaternion() or call orthonormalized() if the Basis contains linearly independent vectors.
   at: get_quaternion (core/math/basis.cpp:717)
   GDScript backtrace (most recent call first):
       [0] _carry_service_light (res://scripts/player/player_controller.gd:430)
       [1] _process (res://scripts/player/player_controller.gd:330)
ERROR: Basis [X: (0.978764, 0.075279, 0.190665), Y: (-0.013124, 0.951227, -0.308194), Z: (-0.204569, 0.299147, 0.932015)] must be normalized in order to be casted to a Quaternion. Use get_rotation_quaternion() or call orthonormalized() if the Basis contains linearly independent vectors.
   at: get_quaternion (core/math/basis.cpp:717)
   GDScript backtrace (most recent call first):
       [0] _carry_service_light (res://scripts/player/player_controller.gd:430)
       [1] _process (res://scripts/player/player_controller.gd:330)
ERROR: Basis [X: (1.0, 0.0, 0.0), Y: (0.0, 0.999994, 0.0), Z: (0.0, 0.0, 0.999994)] must be normalized in order to be casted to a Quaternion. Use get_rotation_quaternion() or call orthonormalized() if the Basis contains linearly independent vectors.
   at: get_quaternion (core/math/basis.cpp:717)
   GDScript backtrace (most recent call first):
       [0] _carry_service_light (res://scripts/player/player_controller.gd:430)
       [1] _process (res://scripts/player/player_controller.gd:330)
ERROR: Basis [X: (0.978655, 0.075316, 0.191209), Y: (-0.013004, 0.951248, -0.308136), Z: (-0.205097, 0.299072, 0.931923)] must be normalized in order to be casted to a Quaternion. Use get_rotation_quaternion() or call orthonormalized() if the Basis contains linearly independent vectors.
   at: get_quaternion (core/math/basis.cpp:717)
   GDScript backtrace (most recent call first):
       [0] _carry_service_light (res://scripts/player/player_controller.gd:430)
       [1] _process (res://scripts/player/player_controller.gd:330)
ERROR: Basis [X: (1.0, 0.0, 0.0), Y: (0.0, 0.999994, 0.0), Z: (0.0, 0.0, 0.999994)] must be normalized in order to be casted to a Quaternion. Use get_rotation_quaternion() or call orthonormalized() if the Basis contains linearly independent vectors.
   at: get_quaternion (core/math/basis.cpp:717)
   GDScript backtrace (most recent call first):
       [0] _carry_service_light (res://scripts/player/player_controller.gd:430)
       [1] _process (res://scripts/player/player_controller.gd:330)
ERROR: Basis [X: (0.978502, 0.075352, 0.191977), Y: (-0.012812, 0.951268, -0.308079), Z: (-0.205838, 0.298996, 0.931784)] must be normalized in order to be casted to a Quaternion. Use get_rotation_quaternion() or call orthonormalized() if the Basis contains linearly independent vectors.
   at: get_quaternion (core/math/basis.cpp:717)
   GDScript backtrace (most recent call first):
       [0] _carry_service_light (res://scripts/player/player_controller.gd:430)
       [1] _process (res://scripts/player/player_controller.gd:330)
ERROR: Basis [X: (1.0, 0.0, 0.0), Y: (0.0, 0.999994, 0.0), Z: (0.0, 0.0, 0.999994)] must be normalized in order to be casted to a Quaternion. Use get_rotation_quaternion() or call orthonormalized() if the Basis contains linearly independent vectors.
   at: get_quaternion (core/math/basis.cpp:717)
   GDScript backtrace (most recent call first):
       [0] _carry_service_light (res://scripts/player/player_controller.gd:430)
       [1] _process (res://scripts/player/player_controller.gd:330)
ERROR: Basis [X: (0.978418, 0.074949, 0.192564), Y: (-0.012735, 0.951995, -0.305828), Z: (-0.206244, 0.296775, 0.932404)] must be normalized in order to be casted to a Quaternion. Use get_rotation_quaternion() or call orthonormalized() if the Basis contains linearly independent vectors.
   at: get_quaternion (core/math/basis.cpp:717)
   GDScript backtrace (most recent call first):
       [0] _carry_service_light (res://scripts/player/player_controller.gd:430)
       [1] _process (res://scripts/player/player_controller.gd:330)
ERROR: Basis [X: (1.0, 0.0, 0.0), Y: (0.0, 0.999994, 0.0), Z: (0.0, 0.0, 0.999994)] must be normalized in order to be casted to a Quaternion. Use get_rotation_quaternion() or call orthonormalized() if the Basis contains linearly independent vectors.
   at: get_quaternion (core/math/basis.cpp:717)
   GDScript backtrace (most recent call first):
       [0] _carry_service_light (res://scripts/player/player_controller.gd:430)
       [1] _process (res://scripts/player/player_controller.gd:330)
ERROR: Basis [X: (0.978337, 0.074994, 0.192955), Y: (-0.012717, 0.952082, -0.30556), Z: (-0.206626, 0.296487, 0.932411)] must be normalized in order to be casted to a Quaternion. Use get_rotation_quaternion() or call orthonormalized() if the Basis contains linearly independent vectors.
   at: get_quaternion (core/math/basis.cpp:717)
   GDScript backtrace (most recent call first):
       [0] _carry_service_light (res://scripts/player/player_controller.gd:430)
       [1] _process (res://scripts/player/player_controller.gd:330)
ERROR: Basis [X: (1.0, 0.0, 0.0), Y: (0.0, 0.999994, 0.0), Z: (0.0, 0.0, 0.999994)] must be normalized in order to be casted to a Quaternion. Use get_rotation_quaternion() or call orthonormalized() if the Basis contains linearly independent vectors.
   at: get_quaternion (core/math/basis.cpp:717)
   GDScript backtrace (most recent call first):
       [0] _carry_service_light (res://scripts/player/player_controller.gd:430)
       [1] _process (res://scripts/player/player_controller.gd:330)
ERROR: Basis [X: (0.978322, 0.074149, 0.193356), Y: (-0.012751, 0.953492, -0.30113), Z: (-0.206695, 0.292136, 0.933768)] must be normalized in order to be casted to a Quaternion. Use get_rotation_quaternion() or call orthonormalized() if the Basis contains linearly independent vectors.
   at: get_quaternion (core/math/basis.cpp:717)
   GDScript backtrace (most recent call first):
       [0] _carry_service_light (res://scripts/player/player_controller.gd:430)
       [1] _process (res://scripts/player/player_controller.gd:330)
ERROR: Basis [X: (1.0, 0.0, 0.0), Y: (0.0, 0.999994, 0.0), Z: (0.0, 0.0, 0.999994)] must be normalized in order to be casted to a Quaternion. Use get_rotation_quaternion() or call orthonormalized() if the Basis contains linearly independent vectors.
   at: get_quaternion (core/math/basis.cpp:717)
   GDScript backtrace (most recent call first):
       [0] _carry_service_light (res://scripts/player/player_controller.gd:430)
       [1] _process (res://scripts/player/player_controller.gd:330)
ERROR: Basis [X: (0.978028, 0.073732, 0.194996), Y: (-0.012433, 0.954325, -0.298494), Z: (-0.208101, 0.289511, 0.934273)] must be normalized in order to be casted to a Quaternion. Use get_rotation_quaternion() or call orthonormalized() if the Basis contains linearly independent vectors.
   at: get_quaternion (core/math/basis.cpp:717)
   GDScript backtrace (most recent call first):
       [0] _carry_service_light (res://scripts/player/player_controller.gd:430)
       [1] _process (res://scripts/player/player_controller.gd:330)
ERROR: Basis [X: (1.0, 0.0, 0.0), Y: (0.0, 0.999994, 0.0), Z: (0.0, 0.0, 0.999994)] must be normalized in order to be casted to a Quaternion. Use get_rotation_quaternion() or call orthonormalized() if the Basis contains linearly independent vectors.
   at: get_quaternion (core/math/basis.cpp:717)
   GDScript backtrace (most recent call first):
       [0] _carry_service_light (res://scripts/player/player_controller.gd:430)
       [1] _process (res://scripts/player/player_controller.gd:330)
ERROR: Basis [X: (0.977875, 0.073318, 0.195918), Y: (-0.012286, 0.955075, -0.29609), Z: (-0.208828, 0.287132, 0.934845)] must be normalized in order to be casted to a Quaternion. Use get_rotation_quaternion() or call orthonormalized() if the Basis contains linearly independent vectors.
   at: get_quaternion (core/math/basis.cpp:717)
   GDScript backtrace (most recent call first):
       [0] _carry_service_light (res://scripts/player/player_controller.gd:430)
       [1] _process (res://scripts/player/player_controller.gd:330)
ERROR: Basis [X: (1.0, 0.0, 0.0), Y: (0.0, 0.999994, 0.0), Z: (0.0, 0.0, 0.999994)] must be normalized in order to be casted to a Quaternion. Use get_rotation_quaternion() or call orthonormalized() if the Basis contains linearly independent vectors.
   at: get_quaternion (core/math/basis.cpp:717)
   GDScript backtrace (most recent call first):
       [0] _carry_service_light (res://scripts/player/player_controller.gd:430)
       [1] _process (res://scripts/player/player_controller.gd:330)
ERROR: Basis [X: (0.977626, 0.072888, 0.197317), Y: (-0.011983, 0.955815, -0.293705), Z: (-0.210009, 0.284769, 0.935303)] must be normalized in order to be casted to a Quaternion. Use get_rotation_quaternion() or call orthonormalized() if the Basis contains linearly independent vectors.
   at: get_quaternion (core/math/basis.cpp:717)
   GDScript backtrace (most recent call first):
       [0] _carry_service_light (res://scripts/player/player_controller.gd:430)
       [1] _process (res://scripts/player/player_controller.gd:330)
ERROR: Basis [X: (1.0, 0.0, 0.0), Y: (0.0, 0.999994, 0.0), Z: (0.0, 0.0, 0.999994)] must be normalized in order to be casted to a Quaternion. Use get_rotation_quaternion() or call orthonormalized() if the Basis contains linearly independent vectors.
   at: get_quaternion (core/math/basis.cpp:717)
   GDScript backtrace (most recent call first):
       [0] _carry_service_light (res://scripts/player/player_controller.gd:430)
       [1] _process (res://scripts/player/player_controller.gd:330)
ERROR: Basis [X: (0.977511, 0.072925, 0.197872), Y: (-0.011895, 0.955872, -0.293522), Z: (-0.210548, 0.284567, 0.935243)] must be normalized in order to be casted to a Quaternion. Use get_rotation_quaternion() or call orthonormalized() if the Basis contains linearly independent vectors.
   at: get_quaternion (core/math/basis.cpp:717)
   GDScript backtrace (most recent call first):
       [0] _carry_service_light (res://scripts/player/player_controller.gd:430)
       [1] _process (res://scripts/player/player_controller.gd:330)
ERROR: Basis [X: (1.0, 0.0, 0.0), Y: (0.0, 0.999994, 0.0), Z: (0.0, 0.0, 0.999994)] must be normalized in order to be casted to a Quaternion. Use get_rotation_quaternion() or call orthonormalized() if the Basis contains linearly independent vectors.
   at: get_quaternion (core/math/basis.cpp:717)
   GDScript backtrace (most recent call first):
       [0] _carry_service_light (res://scripts/player/player_controller.gd:430)
       [1] _process (res://scripts/player/player_controller.gd:330)
ERROR: Basis [X: (0.977244, 0.07294, 0.199184), Y: (-0.011509, 0.955864, -0.293565), Z: (-0.211808, 0.284592, 0.934951)] must be normalized in order to be casted to a Quaternion. Use get_rotation_quaternion() or call orthonormalized() if the Basis contains linearly independent vectors.
   at: get_quaternion (core/math/basis.cpp:717)
   GDScript backtrace (most recent call first):
       [0] _carry_service_light (res://scripts/player/player_controller.gd:430)
       [1] _process (res://scripts/player/player_controller.gd:330)
ERROR: Basis [X: (1.0, 0.0, 0.0), Y: (0.0, 0.999994, 0.0), Z: (0.0, 0.0, 0.999994)] must be normalized in order to be casted to a Quaternion. Use get_rotation_quaternion() or call orthonormalized() if the Basis contains linearly independent vectors.
   at: get_quaternion (core/math/basis.cpp:717)
   GDScript backtrace (most recent call first):
       [0] _carry_service_light (res://scripts/player/player_controller.gd:430)
       [1] _process (res://scripts/player/player_controller.gd:330)
ERROR: Basis [X: (0.977057, 0.072964, 0.200087), Y: (-0.011257, 0.955858, -0.293593), Z: (-0.212679, 0.284605, 0.93475)] must be normalized in order to be casted to a Quaternion. Use get_rotation_quaternion() or call orthonormalized() if the Basis contains linearly independent vectors.
   at: get_quaternion (core/math/basis.cpp:717)
   GDScript backtrace (most recent call first):
       [0] _carry_service_light (res://scripts/player/player_controller.gd:430)
       [1] _process (res://scripts/player/player_controller.gd:330)
ERROR: Basis [X: (1.0, 0.0, 0.0), Y: (0.0, 0.999994, 0.0), Z: (0.0, 0.0, 0.999994)] must be normalized in order to be casted to a Quaternion. Use get_rotation_quaternion() or call orthonormalized() if the Basis contains linearly independent vectors.
   at: get_quaternion (core/math/basis.cpp:717)
   GDScript backtrace (most recent call first):
       [0] _carry_service_light (res://scripts/player/player_controller.gd:430)
       [1] _process (res://scripts/player/player_controller.gd:330)
ERROR: Basis [X: (0.976719, 0.072972, 0.201729), Y: (-0.01077, 0.955855, -0.293621), Z: (-0.214252, 0.284612, 0.934388)] must be normalized in order to be casted to a Quaternion. Use get_rotation_quaternion() or call orthonormalized() if the Basis contains linearly independent vectors.
   at: get_quaternion (core/math/basis.cpp:717)
   GDScript backtrace (most recent call first):
       [0] _carry_service_light (res://scripts/player/player_controller.gd:430)
       [1] _process (res://scripts/player/player_controller.gd:330)
ERROR: Basis [X: (1.0, 0.0, 0.0), Y: (0.0, 0.999994, 0.0), Z: (0.0, 0.0, 0.999994)] must be normalized in order to be casted to a Quaternion. Use get_rotation_quaternion() or call orthonormalized() if the Basis contains linearly independent vectors.
   at: get_quaternion (core/math/basis.cpp:717)
   GDScript backtrace (most recent call first):
       [0] _carry_service_light (res://scripts/player/player_controller.gd:430)
       [1] _process (res://scripts/player/player_controller.gd:330)
ERROR: Basis [X: (0.976639, 0.073475, 0.201932), Y: (-0.010695, 0.955177, -0.295824), Z: (-0.214619, 0.286754, 0.933649)] must be normalized in order to be casted to a Quaternion. Use get_rotation_quaternion() or call orthonormalized() if the Basis contains linearly independent vectors.
   at: get_quaternion (core/math/basis.cpp:717)
   GDScript backtrace (most recent call first):
       [0] _carry_service_light (res://scripts/player/player_controller.gd:430)
       [1] _process (res://scripts/player/player_controller.gd:330)
ERROR: Basis [X: (1.0, 0.0, 0.0), Y: (0.0, 0.999994, 0.0), Z: (0.0, 0.0, 0.999994)] must be normalized in order to be casted to a Quaternion. Use get_rotation_quaternion() or call orthonormalized() if the Basis contains linearly independent vectors.
   at: get_quaternion (core/math/basis.cpp:717)
   GDScript backtrace (most recent call first):
       [0] _carry_service_light (res://scripts/player/player_controller.gd:430)
       [1] _process (res://scripts/player/player_controller.gd:330)
ERROR: Basis [X: (0.976457, 0.073965, 0.202633), Y: (-0.010409, 0.954432, -0.298229), Z: (-0.21546, 0.289099, 0.932732)] must be normalized in order to be casted to a Quaternion. Use get_rotation_quaternion() or call orthonormalized() if the Basis contains linearly independent vectors.
   at: get_quaternion (core/math/basis.cpp:717)
   GDScript backtrace (most recent call first):
       [0] _carry_service_light (res://scripts/player/player_controller.gd:430)
       [1] _process (res://scripts/player/player_controller.gd:330)
ERROR: Basis [X: (1.0, 0.0, 0.0), Y: (0.0, 0.999994, 0.0), Z: (0.0, 0.0, 0.999994)] must be normalized in order to be casted to a Quaternion. Use get_rotation_quaternion() or call orthonormalized() if the Basis contains linearly independent vectors.
   at: get_quaternion (core/math/basis.cpp:717)
   GDScript backtrace (most recent call first):
       [0] _carry_service_light (res://scripts/player/player_controller.gd:430)
       [1] _process (res://scripts/player/player_controller.gd:330)
ERROR: Basis [X: (0.97635, 0.073999, 0.203138), Y: (-0.010247, 0.954378, -0.298407), Z: (-0.215955, 0.289268, 0.932565)] must be normalized in order to be casted to a Quaternion. Use get_rotation_quaternion() or call orthonormalized() if the Basis contains linearly independent vectors.
   at: get_quaternion (core/math/basis.cpp:717)
   GDScript backtrace (most recent call first):
       [0] _carry_service_light (res://scripts/player/player_controller.gd:430)
       [1] _process (res://scripts/player/player_controller.gd:330)
ERROR: Basis [X: (1.0, 0.0, 0.0), Y: (0.0, 0.999994, 0.0), Z: (0.0, 0.0, 0.999994)] must be normalized in order to be casted to a Quaternion. Use get_rotation_quaternion() or call orthonormalized() if the Basis contains linearly independent vectors.
   at: get_quaternion (core/math/basis.cpp:717)
   GDScript backtrace (most recent call first):
       [0] _carry_service_light (res://scripts/player/player_controller.gd:430)
       [1] _process (res://scripts/player/player_controller.gd:330)
ERROR: Basis [X: (0.976019, 0.074019, 0.204713), Y: (-0.009799, 0.954395, -0.298368), Z: (-0.217465, 0.289207, 0.932233)] must be normalized in order to be casted to a Quaternion. Use get_rotation_quaternion() or call orthonormalized() if the Basis contains linearly independent vectors.
   at: get_quaternion (core/math/basis.cpp:717)
   GDScript backtrace (most recent call first):
       [0] _carry_service_light (res://scripts/player/player_controller.gd:430)
       [1] _process (res://scripts/player/player_controller.gd:330)
ERROR: Basis [X: (1.0, 0.0, 0.0), Y: (0.0, 0.999994, 0.0), Z: (0.0, 0.0, 0.999994)] must be normalized in order to be casted to a Quaternion. Use get_rotation_quaternion() or call orthonormalized() if the Basis contains linearly independent vectors.
   at: get_quaternion (core/math/basis.cpp:717)
   GDScript backtrace (most recent call first):
       [0] _carry_service_light (res://scripts/player/player_controller.gd:430)
       [1] _process (res://scripts/player/player_controller.gd:330)
ERROR: Basis [X: (0.976008, 0.074069, 0.20475), Y: (-0.009849, 0.954412, -0.298312), Z: (-0.217514, 0.289138, 0.932243)] must be normalized in order to be casted to a Quaternion. Use get_rotation_quaternion() or call orthonormalized() if the Basis contains linearly independent vectors.
   at: get_quaternion (core/math/basis.cpp:717)
   GDScript backtrace (most recent call first):
       [0] _carry_service_light (res://scripts/player/player_controller.gd:430)
       [1] _process (res://scripts/player/player_controller.gd:330)
ERROR: Basis [X: (1.0, 0.0, 0.0), Y: (0.0, 0.999994, 0.0), Z: (0.0, 0.0, 0.999994)] must be normalized in order to be casted to a Quaternion. Use get_rotation_quaternion() or call orthonormalized() if the Basis contains linearly independent vectors.
   at: get_quaternion (core/math/basis.cpp:717)
   GDScript backtrace (most recent call first):
       [0] _carry_service_light (res://scripts/player/player_controller.gd:430)
       [1] _process (res://scripts/player/player_controller.gd:330)
ERROR: Basis [X: (0.975882, 0.074108, 0.205334), Y: (-0.009723, 0.954429, -0.298261), Z: (-0.218082, 0.289071, 0.932131)] must be normalized in order to be casted to a Quaternion. Use get_rotation_quaternion() or call orthonormalized() if the Basis contains linearly independent vectors.
   at: get_quaternion (core/math/basis.cpp:717)
   GDScript backtrace (most recent call first):
       [0] _carry_service_light (res://scripts/player/player_controller.gd:430)
       [1] _process (res://scripts/player/player_controller.gd:330)
ERROR: Basis [X: (1.0, 0.0, 0.0), Y: (0.0, 0.999994, 0.0), Z: (0.0, 0.0, 0.999994)] must be normalized in order to be casted to a Quaternion. Use get_rotation_quaternion() or call orthonormalized() if the Basis contains linearly independent vectors.
   at: get_quaternion (core/math/basis.cpp:717)
   GDScript backtrace (most recent call first):
       [0] _carry_service_light (res://scripts/player/player_controller.gd:430)
       [1] _process (res://scripts/player/player_controller.gd:330)
ERROR: Basis [X: (0.975768, 0.07415, 0.205858), Y: (-0.009617, 0.954446, -0.298209), Z: (-0.218595, 0.289003, 0.932032)] must be normalized in order to be casted to a Quaternion. Use get_rotation_quaternion() or call orthonormalized() if the Basis contains linearly independent vectors.
   at: get_quaternion (core/math/basis.cpp:717)
   GDScript backtrace (most recent call first):
       [0] _carry_service_light (res://scripts/player/player_controller.gd:430)
       [1] _process (res://scripts/player/player_controller.gd:330)
ERROR: Basis [X: (1.0, 0.0, 0.0), Y: (0.0, 0.999994, 0.0), Z: (0.0, 0.0, 0.999994)] must be normalized in order to be casted to a Quaternion. Use get_rotation_quaternion() or call orthonormalized() if the Basis contains linearly independent vectors.
   at: get_quaternion (core/math/basis.cpp:717)
   GDScript backtrace (most recent call first):
       [0] _carry_service_light (res://scripts/player/player_controller.gd:430)
       [1] _process (res://scripts/player/player_controller.gd:330)
ERROR: Basis [X: (0.975375, 0.074167, 0.207707), Y: (-0.009082, 0.954464, -0.298169), Z: (-0.220366, 0.28894, 0.931634)] must be normalized in order to be casted to a Quaternion. Use get_rotation_quaternion() or call orthonormalized() if the Basis contains linearly independent vectors.
   at: get_quaternion (core/math/basis.cpp:717)
   GDScript backtrace (most recent call first):
       [0] _carry_service_light (res://scripts/player/player_controller.gd:430)
       [1] _process (res://scripts/player/player_controller.gd:330)
ERROR: Basis [X: (1.0, 0.0, 0.0), Y: (0.0, 0.999994, 0.0), Z: (0.0, 0.0, 0.999994)] must be normalized in order to be casted to a Quaternion. Use get_rotation_quaternion() or call orthonormalized() if the Basis contains linearly independent vectors.
   at: get_quaternion (core/math/basis.cpp:717)
   GDScript backtrace (most recent call first):
       [0] _carry_service_light (res://scripts/player/player_controller.gd:430)
       [1] _process (res://scripts/player/player_controller.gd:330)
ERROR: Basis [X: (0.975311, 0.074214, 0.207991), Y: (-0.009055, 0.954481, -0.298114), Z: (-0.22065, 0.28887, 0.931588)] must be normalized in order to be casted to a Quaternion. Use get_rotation_quaternion() or call orthonormalized() if the Basis contains linearly independent vectors.
   at: get_quaternion (core/math/basis.cpp:717)
   GDScript backtrace (most recent call first):
       [0] _carry_service_light (res://scripts/player/player_controller.gd:430)
       [1] _process (res://scripts/player/player_controller.gd:330)
ERROR: Basis [X: (1.0, 0.0, 0.0), Y: (0.0, 0.999994, 0.0), Z: (0.0, 0.0, 0.999994)] must be normalized in order to be casted to a Quaternion. Use get_rotation_quaternion() or call orthonormalized() if the Basis contains linearly independent vectors.
   at: get_quaternion (core/math/basis.cpp:717)
   GDScript backtrace (most recent call first):
       [0] _carry_service_light (res://scripts/player/player_controller.gd:430)
       [1] _process (res://scripts/player/player_controller.gd:330)
ERROR: Basis [X: (0.975136, 0.074252, 0.208796), Y: (-0.008859, 0.954499, -0.298063), Z: (-0.22143, 0.288803, 0.931424)] must be normalized in order to be casted to a Quaternion. Use get_rotation_quaternion() or call orthonormalized() if the Basis contains linearly independent vectors.
   at: get_quaternion (core/math/basis.cpp:717)
   GDScript backtrace (most recent call first):
       [0] _carry_service_light (res://scripts/player/player_controller.gd:430)
       [1] _process (res://scripts/player/player_controller.gd:330)
ERROR: Basis [X: (1.0, 0.0, 0.0), Y: (0.0, 0.999994, 0.0), Z: (0.0, 0.0, 0.999994)] must be normalized in order to be casted to a Quaternion. Use get_rotation_quaternion() or call orthonormalized() if the Basis contains linearly independent vectors.
   at: get_quaternion (core/math/basis.cpp:717)
   GDScript backtrace (most recent call first):
       [0] _carry_service_light (res://scripts/player/player_controller.gd:430)
       [1] _process (res://scripts/player/player_controller.gd:330)
ERROR: Basis [X: (0.975154, 0.074306, 0.208692), Y: (-0.008958, 0.954516, -0.298005), Z: (-0.221346, 0.288731, 0.931466)] must be normalized in order to be casted to a Quaternion. Use get_rotation_quaternion() or call orthonormalized() if the Basis contains linearly independent vectors.
   at: get_quaternion (core/math/basis.cpp:717)
   GDScript backtrace (most recent call first):
       [0] _carry_service_light (res://scripts/player/player_controller.gd:430)
       [1] _process (res://scripts/player/player_controller.gd:330)
ERROR: Basis [X: (1.0, 0.0, 0.0), Y: (0.0, 0.999994, 0.0), Z: (0.0, 0.0, 0.999994)] must be normalized in order to be casted to a Quaternion. Use get_rotation_quaternion() or call orthonormalized() if the Basis contains linearly independent vectors.
   at: get_quaternion (core/math/basis.cpp:717)
   GDScript backtrace (most recent call first):
       [0] _carry_service_light (res://scripts/player/player_controller.gd:430)
       [1] _process (res://scripts/player/player_controller.gd:330)
ERROR: Basis [X: (0.974935, 0.074341, 0.209699), Y: (-0.008698, 0.954534, -0.297957), Z: (-0.222318, 0.288665, 0.931255)] must be normalized in order to be casted to a Quaternion. Use get_rotation_quaternion() or call orthonormalized() if the Basis contains linearly independent vectors.
   at: get_quaternion (core/math/basis.cpp:717)
   GDScript backtrace (most recent call first):
       [0] _carry_service_light (res://scripts/player/player_controller.gd:430)
       [1] _process (res://scripts/player/player_controller.gd:330)
ERROR: Basis [X: (1.0, 0.0, 0.0), Y: (0.0, 0.999994, 0.0), Z: (0.0, 0.0, 0.999994)] must be normalized in order to be casted to a Quaternion. Use get_rotation_quaternion() or call orthonormalized() if the Basis contains linearly independent vectors.
   at: get_quaternion (core/math/basis.cpp:717)
   GDScript backtrace (most recent call first):
       [0] _carry_service_light (res://scripts/player/player_controller.gd:430)
       [1] _process (res://scripts/player/player_controller.gd:330)
ERROR: Basis [X: (0.974974, 0.074398, 0.209501), Y: (-0.008828, 0.954551, -0.297898), Z: (-0.222145, 0.288593, 0.931319)] must be normalized in order to be casted to a Quaternion. Use get_rotation_quaternion() or call orthonormalized() if the Basis contains linearly independent vectors.
   at: get_quaternion (core/math/basis.cpp:717)
   GDScript backtrace (most recent call first):
       [0] _carry_service_light (res://scripts/player/player_controller.gd:430)
       [1] _process (res://scripts/player/player_controller.gd:330)
ERROR: Basis [X: (1.0, 0.0, 0.0), Y: (0.0, 0.999994, 0.0), Z: (0.0, 0.0, 0.999994)] must be normalized in order to be casted to a Quaternion. Use get_rotation_quaternion() or call orthonormalized() if the Basis contains linearly independent vectors.
   at: get_quaternion (core/math/basis.cpp:717)
   GDScript backtrace (most recent call first):
       [0] _carry_service_light (res://scripts/player/player_controller.gd:430)
       [1] _process (res://scripts/player/player_controller.gd:330)
ERROR: Basis [X: (0.97489, 0.074928, 0.2097), Y: (-0.008774, 0.953881, -0.300039), Z: (-0.222513, 0.290665, 0.930586)] must be normalized in order to be casted to a Quaternion. Use get_rotation_quaternion() or call orthonormalized() if the Basis contains linearly independent vectors.
   at: get_quaternion (core/math/basis.cpp:717)
   GDScript backtrace (most recent call first):
       [0] _carry_service_light (res://scripts/player/player_controller.gd:430)
       [1] _process (res://scripts/player/player_controller.gd:330)
ERROR: Basis [X: (1.0, 0.0, 0.0), Y: (0.0, 0.999994, 0.0), Z: (0.0, 0.0, 0.999994)] must be normalized in order to be casted to a Quaternion. Use get_rotation_quaternion() or call orthonormalized() if the Basis contains linearly independent vectors.
   at: get_quaternion (core/math/basis.cpp:717)
   GDScript backtrace (most recent call first):
       [0] _carry_service_light (res://scripts/player/player_controller.gd:430)
       [1] _process (res://scripts/player/player_controller.gd:330)
ERROR: Basis [X: (0.974996, 0.074985, 0.209188), Y: (-0.008953, 0.953834, -0.300182), Z: (-0.222042, 0.290804, 0.930656)] must be normalized in order to be casted to a Quaternion. Use get_rotation_quaternion() or call orthonormalized() if the Basis contains linearly independent vectors.
   at: get_quaternion (core/math/basis.cpp:717)
   GDScript backtrace (most recent call first):
       [0] _carry_service_light (res://scripts/player/player_controller.gd:430)
       [1] _process (res://scripts/player/player_controller.gd:330)
ERROR: Basis [X: (1.0, 0.0, 0.0), Y: (0.0, 0.999994, 0.0), Z: (0.0, 0.0, 0.999994)] must be normalized in order to be casted to a Quaternion. Use get_rotation_quaternion() or call orthonormalized() if the Basis contains linearly independent vectors.
   at: get_quaternion (core/math/basis.cpp:717)
   GDScript backtrace (most recent call first):
       [0] _carry_service_light (res://scripts/player/player_controller.gd:430)
       [1] _process (res://scripts/player/player_controller.gd:330)
ERROR: Basis [X: (0.974733, 0.075505, 0.210222), Y: (-0.008635, 0.953165, -0.30231), Z: (-0.223205, 0.292857, 0.929733)] must be normalized in order to be casted to a Quaternion. Use get_rotation_quaternion() or call orthonormalized() if the Basis contains linearly independent vectors.
   at: get_quaternion (core/math/basis.cpp:717)
   GDScript backtrace (most recent call first):
       [0] _carry_service_light (res://scripts/player/player_controller.gd:430)
       [1] _process (res://scripts/player/player_controller.gd:330)
ERROR: Basis [X: (1.0, 0.0, 0.0), Y: (0.0, 0.999994, 0.0), Z: (0.0, 0.0, 0.999994)] must be normalized in order to be casted to a Quaternion. Use get_rotation_quaternion() or call orthonormalized() if the Basis contains linearly independent vectors.
   at: get_quaternion (core/math/basis.cpp:717)
   GDScript backtrace (most recent call first):
       [0] _carry_service_light (res://scripts/player/player_controller.gd:430)
       [1] _process (res://scripts/player/player_controller.gd:330)
ERROR: Basis [X: (0.974619, 0.077, 0.210212), Y: (-0.008485, 0.951014, -0.309014), Z: (-0.223711, 0.299387, 0.927529)] must be normalized in order to be casted to a Quaternion. Use get_rotation_quaternion() or call orthonormalized() if the Basis contains linearly independent vectors.
   at: get_quaternion (core/math/basis.cpp:717)
   GDScript backtrace (most recent call first):
       [0] _carry_service_light (res://scripts/player/player_controller.gd:430)
       [1] _process (res://scripts/player/player_controller.gd:330)
ERROR: Basis [X: (1.0, 0.0, 0.0), Y: (0.0, 0.999994, 0.0), Z: (0.0, 0.0, 0.999994)] must be normalized in order to be casted to a Quaternion. Use get_rotation_quaternion() or call orthonormalized() if the Basis contains linearly independent vectors.
   at: get_quaternion (core/math/basis.cpp:717)
   GDScript backtrace (most recent call first):
       [0] _carry_service_light (res://scripts/player/player_controller.gd:430)
       [1] _process (res://scripts/player/player_controller.gd:330)
ERROR: Basis [X: (0.974345, 0.078003, 0.211109), Y: (-0.007992, 0.949412, -0.313915), Z: (-0.224918, 0.304174, 0.925678)] must be normalized in order to be casted to a Quaternion. Use get_rotation_quaternion() or call orthonormalized() if the Basis contains linearly independent vectors.
   at: get_quaternion (core/math/basis.cpp:717)
   GDScript backtrace (most recent call first):
       [0] _carry_service_light (res://scripts/player/player_controller.gd:430)
       [1] _process (res://scripts/player/player_controller.gd:330)
ERROR: Basis [X: (1.0, 0.0, 0.0), Y: (0.0, 0.999994, 0.0), Z: (0.0, 0.0, 0.999994)] must be normalized in order to be casted to a Quaternion. Use get_rotation_quaternion() or call orthonormalized() if the Basis contains linearly independent vectors.
   at: get_quaternion (core/math/basis.cpp:717)
   GDScript backtrace (most recent call first):
       [0] _carry_service_light (res://scripts/player/player_controller.gd:430)
       [1] _process (res://scripts/player/player_controller.gd:330)
ERROR: Basis [X: (0.974332, 0.07999, 0.210423), Y: (-0.007963, 0.946396, -0.322894), Z: (-0.224974, 0.31293, 0.922741)] must be normalized in order to be casted to a Quaternion. Use get_rotation_quaternion() or call orthonormalized() if the Basis contains linearly independent vectors.
   at: get_quaternion (core/math/basis.cpp:717)
   GDScript backtrace (most recent call first):
       [0] _carry_service_light (res://scripts/player/player_controller.gd:430)
       [1] _process (res://scripts/player/player_controller.gd:330)
ERROR: Basis [X: (1.0, 0.0, 0.0), Y: (0.0, 0.999994, 0.0), Z: (0.0, 0.0, 0.999994)] must be normalized in order to be casted to a Quaternion. Use get_rotation_quaternion() or call orthonormalized() if the Basis contains linearly independent vectors.
   at: get_quaternion (core/math/basis.cpp:717)
   GDScript backtrace (most recent call first):
       [0] _carry_service_light (res://scripts/player/player_controller.gd:430)
       [1] _process (res://scripts/player/player_controller.gd:330)
ERROR: Basis [X: (0.97409, 0.081007, 0.211153), Y: (-0.007487, 0.944682, -0.327884), Z: (-0.226036, 0.317807, 0.920812)] must be normalized in order to be casted to a Quaternion. Use get_rotation_quaternion() or call orthonormalized() if the Basis contains linearly independent vectors.
   at: get_quaternion (core/math/basis.cpp:717)
   GDScript backtrace (most recent call first):
       [0] _carry_service_light (res://scripts/player/player_controller.gd:430)
       [1] _process (res://scripts/player/player_controller.gd:330)
ERROR: Basis [X: (1.0, 0.0, 0.0), Y: (0.0, 0.999994, 0.0), Z: (0.0, 0.0, 0.999994)] must be normalized in order to be casted to a Quaternion. Use get_rotation_quaternion() or call orthonormalized() if the Basis contains linearly independent vectors.
   at: get_quaternion (core/math/basis.cpp:717)
   GDScript backtrace (most recent call first):
       [0] _carry_service_light (res://scripts/player/player_controller.gd:430)
       [1] _process (res://scripts/player/player_controller.gd:330)
ERROR: Basis [X: (0.974163, 0.082023, 0.210422), Y: (-0.007613, 0.943108, -0.332382), Z: (-0.225716, 0.322193, 0.919365)] must be normalized in order to be casted to a Quaternion. Use get_rotation_quaternion() or call orthonormalized() if the Basis contains linearly independent vectors.
   at: get_quaternion (core/math/basis.cpp:717)
   GDScript backtrace (most recent call first):
       [0] _carry_service_light (res://scripts/player/player_controller.gd:430)
       [1] _process (res://scripts/player/player_controller.gd:330)
ERROR: Basis [X: (1.0, 0.0, 0.0), Y: (0.0, 0.999994, 0.0), Z: (0.0, 0.0, 0.999994)] must be normalized in order to be casted to a Quaternion. Use get_rotation_quaternion() or call orthonormalized() if the Basis contains linearly independent vectors.
   at: get_quaternion (core/math/basis.cpp:717)
   GDScript backtrace (most recent call first):
       [0] _carry_service_light (res://scripts/player/player_controller.gd:430)
       [1] _process (res://scripts/player/player_controller.gd:330)
ERROR: Basis [X: (0.974169, 0.082558, 0.210184), Y: (-0.007645, 0.942291, -0.334689), Z: (-0.225689, 0.324437, 0.918583)] must be normalized in order to be casted to a Quaternion. Use get_rotation_quaternion() or call orthonormalized() if the Basis contains linearly independent vectors.
   at: get_quaternion (core/math/basis.cpp:717)
   GDScript backtrace (most recent call first):
       [0] _carry_service_light (res://scripts/player/player_controller.gd:430)
       [1] _process (res://scripts/player/player_controller.gd:330)
ERROR: Basis [X: (1.0, 0.0, 0.0), Y: (0.0, 0.999994, 0.0), Z: (0.0, 0.0, 0.999994)] must be normalized in order to be casted to a Quaternion. Use get_rotation_quaternion() or call orthonormalized() if the Basis contains linearly independent vectors.
   at: get_quaternion (core/math/basis.cpp:717)
   GDScript backtrace (most recent call first):
       [0] _carry_service_light (res://scripts/player/player_controller.gd:430)
       [1] _process (res://scripts/player/player_controller.gd:330)
ERROR: Basis [X: (0.974529, 0.083064, 0.208311), Y: (-0.008269, 0.941548, -0.336761), Z: (-0.22411, 0.326461, 0.918252)] must be normalized in order to be casted to a Quaternion. Use get_rotation_quaternion() or call orthonormalized() if the Basis contains linearly independent vectors.
   at: get_quaternion (core/math/basis.cpp:717)
   GDScript backtrace (most recent call first):
       [0] _carry_service_light (res://scripts/player/player_controller.gd:430)
       [1] _process (res://scripts/player/player_controller.gd:330)
ERROR: Basis [X: (1.0, 0.0, 0.0), Y: (0.0, 0.999994, 0.0), Z: (0.0, 0.0, 0.999994)] must be normalized in order to be casted to a Quaternion. Use get_rotation_quaternion() or call orthonormalized() if the Basis contains linearly independent vectors.
   at: get_quaternion (core/math/basis.cpp:717)
   GDScript backtrace (most recent call first):
       [0] _carry_service_light (res://scripts/player/player_controller.gd:430)
       [1] _process (res://scripts/player/player_controller.gd:330)
ERROR: Basis [X: (0.974968, 0.08308, 0.206241), Y: (-0.009018, 0.941575, -0.336666), Z: (-0.222164, 0.326379, 0.918754)] must be normalized in order to be casted to a Quaternion. Use get_rotation_quaternion() or call orthonormalized() if the Basis contains linearly independent vectors.
   at: get_quaternion (core/math/basis.cpp:717)
   GDScript backtrace (most recent call first):
       [0] _carry_service_light (res://scripts/player/player_controller.gd:430)
       [1] _process (res://scripts/player/player_controller.gd:330)
ERROR: Basis [X: (1.0, 0.0, 0.0), Y: (0.0, 0.999994, 0.0), Z: (0.0, 0.0, 0.999994)] must be normalized in order to be casted to a Quaternion. Use get_rotation_quaternion() or call orthonormalized() if the Basis contains linearly independent vectors.
   at: get_quaternion (core/math/basis.cpp:717)
   GDScript backtrace (most recent call first):
       [0] _carry_service_light (res://scripts/player/player_controller.gd:430)
       [1] _process (res://scripts/player/player_controller.gd:330)
ERROR: Basis [X: (0.975355, 0.083106, 0.20439), Y: (-0.009748, 0.941672, -0.336373), Z: (-0.220425, 0.326091, 0.919275)] must be normalized in order to be casted to a Quaternion. Use get_rotation_quaternion() or call orthonormalized() if the Basis contains linearly independent vectors.
   at: get_quaternion (core/math/basis.cpp:717)
   GDScript backtrace (most recent call first):
       [0] _carry_service_light (res://scripts/player/player_controller.gd:430)
       [1] _process (res://scripts/player/player_controller.gd:330)
ERROR: Basis [X: (1.0, 0.0, 0.0), Y: (0.0, 0.999994, 0.0), Z: (0.0, 0.0, 0.999994)] must be normalized in order to be casted to a Quaternion. Use get_rotation_quaternion() or call orthonormalized() if the Basis contains linearly independent vectors.
   at: get_quaternion (core/math/basis.cpp:717)
   GDScript backtrace (most recent call first):
       [0] _carry_service_light (res://scripts/player/player_controller.gd:430)
       [1] _process (res://scripts/player/player_controller.gd:330)
ERROR: Basis [X: (0.975701, 0.083136, 0.20272), Y: (-0.010412, 0.941761, -0.336105), Z: (-0.218858, 0.325827, 0.919743)] must be normalized in order to be casted to a Quaternion. Use get_rotation_quaternion() or call orthonormalized() if the Basis contains linearly independent vectors.
   at: get_quaternion (core/math/basis.cpp:717)
   GDScript backtrace (most recent call first):
       [0] _carry_service_light (res://scripts/player/player_controller.gd:430)
       [1] _process (res://scripts/player/player_controller.gd:330)
ERROR: Basis [X: (1.0, 0.0, 0.0), Y: (0.0, 0.999994, 0.0), Z: (0.0, 0.0, 0.999994)] must be normalized in order to be casted to a Quaternion. Use get_rotation_quaternion() or call orthonormalized() if the Basis contains linearly independent vectors.
   at: get_quaternion (core/math/basis.cpp:717)
   GDScript backtrace (most recent call first):
       [0] _carry_service_light (res://scripts/player/player_controller.gd:430)
       [1] _process (res://scripts/player/player_controller.gd:330)
ERROR: Basis [X: (0.97601, 0.083169, 0.201212), Y: (-0.011017, 0.941842, -0.335858), Z: (-0.217445, 0.325584, 0.920164)] must be normalized in order to be casted to a Quaternion. Use get_rotation_quaternion() or call orthonormalized() if the Basis contains linearly independent vectors.
   at: get_quaternion (core/math/basis.cpp:717)
   GDScript backtrace (most recent call first):
       [0] _carry_service_light (res://scripts/player/player_controller.gd:430)
       [1] _process (res://scripts/player/player_controller.gd:330)
ERROR: Basis [X: (1.0, 0.0, 0.0), Y: (0.0, 0.999994, 0.0), Z: (0.0, 0.0, 0.999994)] must be normalized in order to be casted to a Quaternion. Use get_rotation_quaternion() or call orthonormalized() if the Basis contains linearly independent vectors.
   at: get_quaternion (core/math/basis.cpp:717)
   GDScript backtrace (most recent call first):
       [0] _carry_service_light (res://scripts/player/player_controller.gd:430)
       [1] _process (res://scripts/player/player_controller.gd:330)
ERROR: Basis [X: (0.976287, 0.083204, 0.199851), Y: (-0.01157, 0.941916, -0.335632), Z: (-0.216171, 0.325361, 0.920543)] must be normalized in order to be casted to a Quaternion. Use get_rotation_quaternion() or call orthonormalized() if the Basis contains linearly independent vectors.
   at: get_quaternion (core/math/basis.cpp:717)
   GDScript backtrace (most recent call first):
       [0] _carry_service_light (res://scripts/player/player_controller.gd:430)
       [1] _process (res://scripts/player/player_controller.gd:330)
ERROR: Basis [X: (1.0, 0.0, 0.0), Y: (0.0, 0.999994, 0.0), Z: (0.0, 0.0, 0.999994)] must be normalized in order to be casted to a Quaternion. Use get_rotation_quaternion() or call orthonormalized() if the Basis contains linearly independent vectors.
   at: get_quaternion (core/math/basis.cpp:717)
   GDScript backtrace (most recent call first):
       [0] _carry_service_light (res://scripts/player/player_controller.gd:430)
       [1] _process (res://scripts/player/player_controller.gd:330)
ERROR: Basis [X: (0.976535, 0.083242, 0.198621), Y: (-0.012074, 0.941984, -0.335424), Z: (-0.215022, 0.325155, 0.920885)] must be normalized in order to be casted to a Quaternion. Use get_rotation_quaternion() or call orthonormalized() if the Basis contains linearly independent vectors.
   at: get_quaternion (core/math/basis.cpp:717)
   GDScript backtrace (most recent call first):
       [0] _carry_service_light (res://scripts/player/player_controller.gd:430)
       [1] _process (res://scripts/player/player_controller.gd:330)
ERROR: Basis [X: (1.0, 0.0, 0.0), Y: (0.0, 0.999994, 0.0), Z: (0.0, 0.0, 0.999994)] must be normalized in order to be casted to a Quaternion. Use get_rotation_quaternion() or call orthonormalized() if the Basis contains linearly independent vectors.
   at: get_quaternion (core/math/basis.cpp:717)
   GDScript backtrace (most recent call first):
       [0] _carry_service_light (res://scripts/player/player_controller.gd:430)
       [1] _process (res://scripts/player/player_controller.gd:330)
ERROR: Basis [X: (0.976757, 0.083283, 0.19751), Y: (-0.012536, 0.942046, -0.335232), Z: (-0.213985, 0.324964, 0.921193)] must be normalized in order to be casted to a Quaternion. Use get_rotation_quaternion() or call orthonormalized() if the Basis contains linearly independent vectors.
   at: get_quaternion (core/math/basis.cpp:717)
   GDScript backtrace (most recent call first):
       [0] _carry_service_light (res://scripts/player/player_controller.gd:430)
       [1] _process (res://scripts/player/player_controller.gd:330)
ERROR: Basis [X: (1.0, 0.0, 0.0), Y: (0.0, 0.999994, 0.0), Z: (0.0, 0.0, 0.999994)] must be normalized in order to be casted to a Quaternion. Use get_rotation_quaternion() or call orthonormalized() if the Basis contains linearly independent vectors.
   at: get_quaternion (core/math/basis.cpp:717)
   GDScript backtrace (most recent call first):
       [0] _carry_service_light (res://scripts/player/player_controller.gd:430)
       [1] _process (res://scripts/player/player_controller.gd:330)
ERROR: Basis [X: (0.976956, 0.083777, 0.196313), Y: (-0.01296, 0.94133, -0.337222), Z: (-0.213049, 0.326907, 0.920723)] must be normalized in order to be casted to a Quaternion. Use get_rotation_quaternion() or call orthonormalized() if the Basis contains linearly independent vectors.
   at: get_quaternion (core/math/basis.cpp:717)
   GDScript backtrace (most recent call first):
       [0] _carry_service_light (res://scripts/player/player_controller.gd:430)
       [1] _process (res://scripts/player/player_controller.gd:330)
ERROR: Basis [X: (1.0, 0.0, 0.0), Y: (0.0, 0.999994, 0.0), Z: (0.0, 0.0, 0.999994)] must be normalized in order to be casted to a Quaternion. Use get_rotation_quaternion() or call orthonormalized() if the Basis contains linearly independent vectors.
   at: get_quaternion (core/math/basis.cpp:717)
   GDScript backtrace (most recent call first):
       [0] _carry_service_light (res://scripts/player/player_controller.gd:430)
       [1] _process (res://scripts/player/player_controller.gd:330)
ERROR: Basis [X: (0.977305, 0.084242, 0.194365), Y: (-0.01357, 0.940533, -0.339415), Z: (-0.211402, 0.329074, 0.920331)] must be normalized in order to be casted to a Quaternion. Use get_rotation_quaternion() or call orthonormalized() if the Basis contains linearly independent vectors.
   at: get_quaternion (core/math/basis.cpp:717)
   GDScript backtrace (most recent call first):
       [0] _carry_service_light (res://scripts/player/player_controller.gd:430)
       [1] _process (res://scripts/player/player_controller.gd:330)
ERROR: Basis [X: (1.0, 0.0, 0.0), Y: (0.0, 0.999994, 0.0), Z: (0.0, 0.0, 0.999994)] must be normalized in order to be casted to a Quaternion. Use get_rotation_quaternion() or call orthonormalized() if the Basis contains linearly independent vectors.
   at: get_quaternion (core/math/basis.cpp:717)
   GDScript backtrace (most recent call first):
       [0] _carry_service_light (res://scripts/player/player_controller.gd:430)
       [1] _process (res://scripts/player/player_controller.gd:330)
ERROR: Basis [X: (0.977837, 0.085113, 0.191286), Y: (-0.014485, 0.938946, -0.343743), Z: (-0.208866, 0.333354, 0.919369)] must be normalized in order to be casted to a Quaternion. Use get_rotation_quaternion() or call orthonormalized() if the Basis contains linearly independent vectors.
   at: get_quaternion (core/math/basis.cpp:717)
   GDScript backtrace (most recent call first):
       [0] _carry_service_light (res://scripts/player/player_controller.gd:430)
       [1] _process (res://scripts/player/player_controller.gd:330)
ERROR: Basis [X: (1.0, 0.0, 0.0), Y: (0.0, 0.999994, 0.0), Z: (0.0, 0.0, 0.999994)] must be normalized in order to be casted to a Quaternion. Use get_rotation_quaternion() or call orthonormalized() if the Basis contains linearly independent vectors.
   at: get_quaternion (core/math/basis.cpp:717)
   GDScript backtrace (most recent call first):
       [0] _carry_service_light (res://scripts/player/player_controller.gd:430)
       [1] _process (res://scripts/player/player_controller.gd:330)
ERROR: Basis [X: (0.978368, 0.085518, 0.188369), Y: (-0.01536, 0.938066, -0.346098), Z: (-0.206303, 0.335718, 0.919087)] must be normalized in order to be casted to a Quaternion. Use get_rotation_quaternion() or call orthonormalized() if the Basis contains linearly independent vectors.
   at: get_quaternion (core/math/basis.cpp:717)
   GDScript backtrace (most recent call first):
       [0] _carry_service_light (res://scripts/player/player_controller.gd:430)
       [1] _process (res://scripts/player/player_controller.gd:330)
ERROR: Basis [X: (1.0, 0.0, 0.0), Y: (0.0, 0.999994, 0.0), Z: (0.0, 0.0, 0.999994)] must be normalized in order to be casted to a Quaternion. Use get_rotation_quaternion() or call orthonormalized() if the Basis contains linearly independent vectors.
   at: get_quaternion (core/math/basis.cpp:717)
   GDScript backtrace (most recent call first):
       [0] _carry_service_light (res://scripts/player/player_controller.gd:430)
       [1] _process (res://scripts/player/player_controller.gd:330)
ERROR: Basis [X: (0.978729, 0.086802, 0.18589), Y: (-0.016024, 0.935652, -0.352542), Z: (-0.204533, 0.342064, 0.917141)] must be normalized in order to be casted to a Quaternion. Use get_rotation_quaternion() or call orthonormalized() if the Basis contains linearly independent vectors.
   at: get_quaternion (core/math/basis.cpp:717)
   GDScript backtrace (most recent call first):
       [0] _carry_service_light (res://scripts/player/player_controller.gd:430)
       [1] _process (res://scripts/player/player_controller.gd:330)
ERROR: Basis [X: (1.0, 0.0, 0.0), Y: (0.0, 0.999994, 0.0), Z: (0.0, 0.0, 0.999994)] must be normalized in order to be casted to a Quaternion. Use get_rotation_quaternion() or call orthonormalized() if the Basis contains linearly independent vectors.
   at: get_quaternion (core/math/basis.cpp:717)
   GDScript backtrace (most recent call first):
       [0] _carry_service_light (res://scripts/player/player_controller.gd:430)
       [1] _process (res://scripts/player/player_controller.gd:330)
ERROR: Basis [X: (0.979427, 0.086708, 0.182218), Y: (-0.017166, 0.935501, -0.352889), Z: (-0.201066, 0.342501, 0.917744)] must be normalized in order to be casted to a Quaternion. Use get_rotation_quaternion() or call orthonormalized() if the Basis contains linearly independent vectors.
   at: get_quaternion (core/math/basis.cpp:717)
   GDScript backtrace (most recent call first):
       [0] _carry_service_light (res://scripts/player/player_controller.gd:430)
       [1] _process (res://scripts/player/player_controller.gd:330)
ERROR: Basis [X: (1.0, 0.0, 0.0), Y: (0.0, 0.999994, 0.0), Z: (0.0, 0.0, 0.999994)] must be normalized in order to be casted to a Quaternion. Use get_rotation_quaternion() or call orthonormalized() if the Basis contains linearly independent vectors.
   at: get_quaternion (core/math/basis.cpp:717)
   GDScript backtrace (most recent call first):
       [0] _carry_service_light (res://scripts/player/player_controller.gd:430)
       [1] _process (res://scripts/player/player_controller.gd:330)
ERROR: Basis [X: (0.979827, 0.087519, 0.179663), Y: (-0.017978, 0.933959, -0.356912), Z: (-0.199037, 0.346482, 0.916691)] must be normalized in order to be casted to a Quaternion. Use get_rotation_quaternion() or call orthonormalized() if the Basis contains linearly independent vectors.
   at: get_quaternion (core/math/basis.cpp:717)
   GDScript backtrace (most recent call first):
       [0] _carry_service_light (res://scripts/player/player_controller.gd:430)
       [1] _process (res://scripts/player/player_controller.gd:330)
ERROR: Basis [X: (1.0, 0.0, 0.0), Y: (0.0, 0.999994, 0.0), Z: (0.0, 0.0, 0.999994)] must be normalized in order to be casted to a Quaternion. Use get_rotation_quaternion() or call orthonormalized() if the Basis contains linearly independent vectors.
   at: get_quaternion (core/math/basis.cpp:717)
   GDScript backtrace (most recent call first):
       [0] _carry_service_light (res://scripts/player/player_controller.gd:430)
       [1] _process (res://scripts/player/player_controller.gd:330)
ERROR: Basis [X: (0.980395, 0.087845, 0.176375), Y: (-0.018987, 0.933066, -0.359186), Z: (-0.196125, 0.348795, 0.916442)] must be normalized in order to be casted to a Quaternion. Use get_rotation_quaternion() or call orthonormalized() if the Basis contains linearly independent vectors.
   at: get_quaternion (core/math/basis.cpp:717)
   GDScript backtrace (most recent call first):
       [0] _carry_service_light (res://scripts/player/player_controller.gd:430)
       [1] _process (res://scripts/player/player_controller.gd:330)
ERROR: Basis [X: (1.0, 0.0, 0.0), Y: (0.0, 0.999994, 0.0), Z: (0.0, 0.0, 0.999994)] must be normalized in order to be casted to a Quaternion. Use get_rotation_quaternion() or call orthonormalized() if the Basis contains linearly independent vectors.
   at: get_quaternion (core/math/basis.cpp:717)
   GDScript backtrace (most recent call first):
       [0] _carry_service_light (res://scripts/player/player_controller.gd:430)
       [1] _process (res://scripts/player/player_controller.gd:330)
ERROR: Basis [X: (0.980693, 0.088233, 0.174513), Y: (-0.019589, 0.932252, -0.361262), Z: (-0.194568, 0.350869, 0.915982)] must be normalized in order to be casted to a Quaternion. Use get_rotation_quaternion() or call orthonormalized() if the Basis contains linearly independent vectors.
   at: get_quaternion (core/math/basis.cpp:717)
   GDScript backtrace (most recent call first):
       [0] _carry_service_light (res://scripts/player/player_controller.gd:430)
       [1] _process (res://scripts/player/player_controller.gd:330)
ERROR: Basis [X: (1.0, 0.0, 0.0), Y: (0.0, 0.999994, 0.0), Z: (0.0, 0.0, 0.999994)] must be normalized in order to be casted to a Quaternion. Use get_rotation_quaternion() or call orthonormalized() if the Basis contains linearly independent vectors.
   at: get_quaternion (core/math/basis.cpp:717)
   GDScript backtrace (most recent call first):
       [0] _carry_service_light (res://scripts/player/player_controller.gd:430)
       [1] _process (res://scripts/player/player_controller.gd:330)
ERROR: Basis [X: (0.98086, 0.088649, 0.173364), Y: (-0.019961, 0.931432, -0.363351), Z: (-0.19369, 0.352936, 0.915374)] must be normalized in order to be casted to a Quaternion. Use get_rotation_quaternion() or call orthonormalized() if the Basis contains linearly independent vectors.
   at: get_quaternion (core/math/basis.cpp:717)
   GDScript backtrace (most recent call first):
       [0] _carry_service_light (res://scripts/player/player_controller.gd:430)
       [1] _process (res://scripts/player/player_controller.gd:330)
ERROR: Basis [X: (1.0, 0.0, 0.0), Y: (0.0, 0.999994, 0.0), Z: (0.0, 0.0, 0.999994)] must be normalized in order to be casted to a Quaternion. Use get_rotation_quaternion() or call orthonormalized() if the Basis contains linearly independent vectors.
   at: get_quaternion (core/math/basis.cpp:717)
   GDScript backtrace (most recent call first):
       [0] _carry_service_light (res://scripts/player/player_controller.gd:430)
       [1] _process (res://scripts/player/player_controller.gd:330)
ERROR: Basis [X: (0.980808, 0.089124, 0.17341), Y: (-0.019947, 0.930605, -0.365464), Z: (-0.193951, 0.354991, 0.914523)] must be normalized in order to be casted to a Quaternion. Use get_rotation_quaternion() or call orthonormalized() if the Basis contains linearly independent vectors.
   at: get_quaternion (core/math/basis.cpp:717)
   GDScript backtrace (most recent call first):
       [0] _carry_service_light (res://scripts/player/player_controller.gd:430)
       [1] _process (res://scripts/player/player_controller.gd:330)
ERROR: Basis [X: (1.0, 0.0, 0.0), Y: (0.0, 0.999994, 0.0), Z: (0.0, 0.0, 0.999994)] must be normalized in order to be casted to a Quaternion. Use get_rotation_quaternion() or call orthonormalized() if the Basis contains linearly independent vectors.
   at: get_quaternion (core/math/basis.cpp:717)
   GDScript backtrace (most recent call first):
       [0] _carry_service_light (res://scripts/player/player_controller.gd:430)
       [1] _process (res://scripts/player/player_controller.gd:330)
ERROR: Basis [X: (0.980813, 0.089184, 0.173353), Y: (-0.020032, 0.930616, -0.365431), Z: (-0.193918, 0.354947, 0.914547)] must be normalized in order to be casted to a Quaternion. Use get_rotation_quaternion() or call orthonormalized() if the Basis contains linearly independent vectors.
   at: get_quaternion (core/math/basis.cpp:717)
   GDScript backtrace (most recent call first):
       [0] _carry_service_light (res://scripts/player/player_controller.gd:430)
       [1] _process (res://scripts/player/player_controller.gd:330)
ERROR: Basis [X: (1.0, 0.0, 0.0), Y: (0.0, 0.999994, 0.0), Z: (0.0, 0.0, 0.999994)] must be normalized in order to be casted to a Quaternion. Use get_rotation_quaternion() or call orthonormalized() if the Basis contains linearly independent vectors.
   at: get_quaternion (core/math/basis.cpp:717)
   GDScript backtrace (most recent call first):
       [0] _carry_service_light (res://scripts/player/player_controller.gd:430)
       [1] _process (res://scripts/player/player_controller.gd:330)
ERROR: Basis [X: (0.980663, 0.089295, 0.174143), Y: (-0.019892, 0.930703, -0.365216), Z: (-0.19469, 0.35469, 0.914483)] must be normalized in order to be casted to a Quaternion. Use get_rotation_quaternion() or call orthonormalized() if the Basis contains linearly independent vectors.
   at: get_quaternion (core/math/basis.cpp:717)
   GDScript backtrace (most recent call first):
       [0] _carry_service_light (res://scripts/player/player_controller.gd:430)
       [1] _process (res://scripts/player/player_controller.gd:330)
ERROR: Basis [X: (1.0, 0.0, 0.0), Y: (0.0, 0.999994, 0.0), Z: (0.0, 0.0, 0.999994)] must be normalized in order to be casted to a Quaternion. Use get_rotation_quaternion() or call orthonormalized() if the Basis contains linearly independent vectors.
   at: get_quaternion (core/math/basis.cpp:717)
   GDScript backtrace (most recent call first):
       [0] _carry_service_light (res://scripts/player/player_controller.gd:430)
       [1] _process (res://scripts/player/player_controller.gd:330)
ERROR: Basis [X: (0.980477, 0.089416, 0.175124), Y: (-0.019686, 0.930782, -0.365027), Z: (-0.195644, 0.354453, 0.914371)] must be normalized in order to be casted to a Quaternion. Use get_rotation_quaternion() or call orthonormalized() if the Basis contains linearly independent vectors.
   at: get_quaternion (core/math/basis.cpp:717)
   GDScript backtrace (most recent call first):
       [0] _carry_service_light (res://scripts/player/player_controller.gd:430)
       [1] _process (res://scripts/player/player_controller.gd:330)
ERROR: Basis [X: (1.0, 0.0, 0.0), Y: (0.0, 0.999994, 0.0), Z: (0.0, 0.0, 0.999994)] must be normalized in order to be casted to a Quaternion. Use get_rotation_quaternion() or call orthonormalized() if the Basis contains linearly independent vectors.
   at: get_quaternion (core/math/basis.cpp:717)
   GDScript backtrace (most recent call first):
       [0] _carry_service_light (res://scripts/player/player_controller.gd:430)
       [1] _process (res://scripts/player/player_controller.gd:330)
ERROR: Basis [X: (0.98031, 0.089531, 0.176001), Y: (-0.019509, 0.930853, -0.364855), Z: (-0.1965, 0.354238, 0.914271)] must be normalized in order to be casted to a Quaternion. Use get_rotation_quaternion() or call orthonormalized() if the Basis contains linearly independent vectors.
   at: get_quaternion (core/math/basis.cpp:717)
   GDScript backtrace (most recent call first):
       [0] _carry_service_light (res://scripts/player/player_controller.gd:430)
       [1] _process (res://scripts/player/player_controller.gd:330)
ERROR: Basis [X: (1.0, 0.0, 0.0), Y: (0.0, 0.999994, 0.0), Z: (0.0, 0.0, 0.999994)] must be normalized in order to be casted to a Quaternion. Use get_rotation_quaternion() or call orthonormalized() if the Basis contains linearly independent vectors.
   at: get_quaternion (core/math/basis.cpp:717)
   GDScript backtrace (most recent call first):
       [0] _carry_service_light (res://scripts/player/player_controller.gd:430)
       [1] _process (res://scripts/player/player_controller.gd:330)
ERROR: Basis [X: (0.980159, 0.08964, 0.176784), Y: (-0.019359, 0.930918, -0.364699), Z: (-0.197265, 0.354041, 0.914182)] must be normalized in order to be casted to a Quaternion. Use get_rotation_quaternion() or call orthonormalized() if the Basis contains linearly independent vectors.
   at: get_quaternion (core/math/basis.cpp:717)
   GDScript backtrace (most recent call first):
       [0] _carry_service_light (res://scripts/player/player_controller.gd:430)
       [1] _process (res://scripts/player/player_controller.gd:330)
ERROR: Basis [X: (1.0, 0.0, 0.0), Y: (0.0, 0.999994, 0.0), Z: (0.0, 0.0, 0.999994)] must be normalized in order to be casted to a Quaternion. Use get_rotation_quaternion() or call orthonormalized() if the Basis contains linearly independent vectors.
   at: get_quaternion (core/math/basis.cpp:717)
   GDScript backtrace (most recent call first):
       [0] _carry_service_light (res://scripts/player/player_controller.gd:430)
       [1] _process (res://scripts/player/player_controller.gd:330)
ERROR: Basis [X: (0.980023, 0.090153, 0.177275), Y: (-0.019233, 0.930135, -0.366698), Z: (-0.197951, 0.355963, 0.913287)] must be normalized in order to be casted to a Quaternion. Use get_rotation_quaternion() or call orthonormalized() if the Basis contains linearly independent vectors.
   at: get_quaternion (core/math/basis.cpp:717)
   GDScript backtrace (most recent call first):
       [0] _carry_service_light (res://scripts/player/player_controller.gd:430)
       [1] _process (res://scripts/player/player_controller.gd:330)
ERROR: Basis [X: (1.0, 0.0, 0.0), Y: (0.0, 0.999994, 0.0), Z: (0.0, 0.0, 0.999994)] must be normalized in order to be casted to a Quaternion. Use get_rotation_quaternion() or call orthonormalized() if the Basis contains linearly independent vectors.
   at: get_quaternion (core/math/basis.cpp:717)
   GDScript backtrace (most recent call first):
       [0] _carry_service_light (res://scripts/player/player_controller.gd:430)
       [1] _process (res://scripts/player/player_controller.gd:330)
ERROR: Basis [X: (0.979698, 0.090722, 0.178777), Y: (-0.018728, 0.929262, -0.36893), Z: (-0.199603, 0.358091, 0.912095)] must be normalized in order to be casted to a Quaternion. Use get_rotation_quaternion() or call orthonormalized() if the Basis contains linearly independent vectors.
   at: get_quaternion (core/math/basis.cpp:717)
   GDScript backtrace (most recent call first):
       [0] _carry_service_light (res://scripts/player/player_controller.gd:430)
       [1] _process (res://scripts/player/player_controller.gd:330)
ERROR: Basis [X: (1.0, 0.0, 0.0), Y: (0.0, 0.999994, 0.0), Z: (0.0, 0.0, 0.999994)] must be normalized in order to be casted to a Quaternion. Use get_rotation_quaternion() or call orthonormalized() if the Basis contains linearly independent vectors.
   at: get_quaternion (core/math/basis.cpp:717)
   GDScript backtrace (most recent call first):
       [0] _carry_service_light (res://scripts/player/player_controller.gd:430)
       [1] _process (res://scripts/player/player_controller.gd:330)
ERROR: Basis [X: (0.979508, 0.090841, 0.179756), Y: (-0.018461, 0.929239, -0.369002), Z: (-0.200559, 0.358122, 0.911873)] must be normalized in order to be casted to a Quaternion. Use get_rotation_quaternion() or call orthonormalized() if the Basis contains linearly independent vectors.
   at: get_quaternion (core/math/basis.cpp:717)
   GDScript backtrace (most recent call first):
       [0] _carry_service_light (res://scripts/player/player_controller.gd:430)
       [1] _process (res://scripts/player/player_controller.gd:330)
ERROR: Basis [X: (1.0, 0.0, 0.0), Y: (0.0, 0.999994, 0.0), Z: (0.0, 0.0, 0.999994)] must be normalized in order to be casted to a Quaternion. Use get_rotation_quaternion() or call orthonormalized() if the Basis contains linearly independent vectors.
   at: get_quaternion (core/math/basis.cpp:717)
   GDScript backtrace (most recent call first):
       [0] _carry_service_light (res://scripts/player/player_controller.gd:430)
       [1] _process (res://scripts/player/player_controller.gd:330)
ERROR: Basis [X: (0.979385, 0.091773, 0.17995), Y: (-0.018362, 0.92759, -0.373132), Z: (-0.201166, 0.362135, 0.910153)] must be normalized in order to be casted to a Quaternion. Use get_rotation_quaternion() or call orthonormalized() if the Basis contains linearly independent vectors.
   at: get_quaternion (core/math/basis.cpp:717)
   GDScript backtrace (most recent call first):
       [0] _carry_service_light (res://scripts/player/player_controller.gd:430)
       [1] _process (res://scripts/player/player_controller.gd:330)
ERROR: Basis [X: (1.0, 0.0, 0.0), Y: (0.0, 0.999994, 0.0), Z: (0.0, 0.0, 0.999994)] must be normalized in order to be casted to a Quaternion. Use get_rotation_quaternion() or call orthonormalized() if the Basis contains linearly independent vectors.
   at: get_quaternion (core/math/basis.cpp:717)
   GDScript backtrace (most recent call first):
       [0] _carry_service_light (res://scripts/player/player_controller.gd:430)
       [1] _process (res://scripts/player/player_controller.gd:330)
ERROR: Basis [X: (0.979125, 0.093578, 0.180437), Y: (-0.017926, 0.924008, -0.381936), Z: (-0.202469, 0.370728, 0.906397)] must be normalized in order to be casted to a Quaternion. Use get_rotation_quaternion() or call orthonormalized() if the Basis contains linearly independent vectors.
   at: get_quaternion (core/math/basis.cpp:717)
   GDScript backtrace (most recent call first):
       [0] _carry_service_light (res://scripts/player/player_controller.gd:430)
       [1] _process (res://scripts/player/player_controller.gd:330)
ERROR: Basis [X: (1.0, 0.0, 0.0), Y: (0.0, 0.999994, 0.0), Z: (0.0, 0.0, 0.999994)] must be normalized in order to be casted to a Quaternion. Use get_rotation_quaternion() or call orthonormalized() if the Basis contains linearly independent vectors.
   at: get_quaternion (core/math/basis.cpp:717)
   GDScript backtrace (most recent call first):
       [0] _carry_service_light (res://scripts/player/player_controller.gd:430)
       [1] _process (res://scripts/player/player_controller.gd:330)
ERROR: Basis [X: (0.978037, 0.095731, 0.185143), Y: (-0.016023, 0.920182, -0.391147), Z: (-0.207813, 0.37959, 0.901506)] must be normalized in order to be casted to a Quaternion. Use get_rotation_quaternion() or call orthonormalized() if the Basis contains linearly independent vectors.
   at: get_quaternion (core/math/basis.cpp:717)
   GDScript backtrace (most recent call first):
       [0] _carry_service_light (res://scripts/player/player_controller.gd:430)
       [1] _process (res://scripts/player/player_controller.gd:330)
ERROR: Basis [X: (1.0, 0.0, 0.0), Y: (0.0, 0.999994, 0.0), Z: (0.0, 0.0, 0.999994)] must be normalized in order to be casted to a Quaternion. Use get_rotation_quaternion() or call orthonormalized() if the Basis contains linearly independent vectors.
   at: get_quaternion (core/math/basis.cpp:717)
   GDScript backtrace (most recent call first):
       [0] _carry_service_light (res://scripts/player/player_controller.gd:430)
       [1] _process (res://scripts/player/player_controller.gd:330)
ERROR: Basis [X: (0.97692, 0.099285, 0.189125), Y: (-0.014134, 0.913508, -0.406559), Z: (-0.213135, 0.394502, 0.893828)] must be normalized in order to be casted to a Quaternion. Use get_rotation_quaternion() or call orthonormalized() if the Basis contains linearly independent vectors.
   at: get_quaternion (core/math/basis.cpp:717)
   GDScript backtrace (most recent call first):
       [0] _carry_service_light (res://scripts/player/player_controller.gd:430)
       [1] _process (res://scripts/player/player_controller.gd:330)
ERROR: Basis [X: (1.0, 0.0, 0.0), Y: (0.0, 0.999994, 0.0), Z: (0.0, 0.0, 0.999994)] must be normalized in order to be casted to a Quaternion. Use get_rotation_quaternion() or call orthonormalized() if the Basis contains linearly independent vectors.
   at: get_quaternion (core/math/basis.cpp:717)
   GDScript backtrace (most recent call first):
       [0] _carry_service_light (res://scripts/player/player_controller.gd:430)
       [1] _process (res://scripts/player/player_controller.gd:330)
ERROR: Basis [X: (0.975208, 0.102829, 0.195948), Y: (-0.011215, 0.9073, -0.420319), Z: (-0.221007, 0.407701, 0.885959)] must be normalized in order to be casted to a Quaternion. Use get_rotation_quaternion() or call orthonormalized() if the Basis contains linearly independent vectors.
   at: get_quaternion (core/math/basis.cpp:717)
   GDScript backtrace (most recent call first):
       [0] _carry_service_light (res://scripts/player/player_controller.gd:430)
       [1] _process (res://scripts/player/player_controller.gd:330)
ERROR: Basis [X: (1.0, 0.0, 0.0), Y: (0.0, 0.999994, 0.0), Z: (0.0, 0.0, 0.999994)] must be normalized in order to be casted to a Quaternion. Use get_rotation_quaternion() or call orthonormalized() if the Basis contains linearly independent vectors.
   at: get_quaternion (core/math/basis.cpp:717)
   GDScript backtrace (most recent call first):
       [0] _carry_service_light (res://scripts/player/player_controller.gd:430)
       [1] _process (res://scripts/player/player_controller.gd:330)
ERROR: Basis [X: (0.973904, 0.107697, 0.199779), Y: (-0.009079, 0.89802, -0.439846), Z: (-0.226779, 0.426553, 0.875563)] must be normalized in order to be casted to a Quaternion. Use get_rotation_quaternion() or call orthonormalized() if the Basis contains linearly independent vectors.
   at: get_quaternion (core/math/basis.cpp:717)
   GDScript backtrace (most recent call first):
       [0] _carry_service_light (res://scripts/player/player_controller.gd:430)
       [1] _process (res://scripts/player/player_controller.gd:330)
ERROR: Basis [X: (1.0, 0.0, 0.0), Y: (0.0, 0.999994, 0.0), Z: (0.0, 0.0, 0.999994)] must be normalized in order to be casted to a Quaternion. Use get_rotation_quaternion() or call orthonormalized() if the Basis contains linearly independent vectors.
   at: get_quaternion (core/math/basis.cpp:717)
   GDScript backtrace (most recent call first):
       [0] _carry_service_light (res://scripts/player/player_controller.gd:430)
       [1] _process (res://scripts/player/player_controller.gd:330)
ERROR: Basis [X: (0.972094, 0.112594, 0.205806), Y: (-0.0061, 0.889122, -0.457616), Z: (-0.234514, 0.44359, 0.864996)] must be normalized in order to be casted to a Quaternion. Use get_rotation_quaternion() or call orthonormalized() if the Basis contains linearly independent vectors.
   at: get_quaternion (core/math/basis.cpp:717)
   GDScript backtrace (most recent call first):
       [0] _carry_service_light (res://scripts/player/player_controller.gd:430)
       [1] _process (res://scripts/player/player_controller.gd:330)
ERROR: Basis [X: (1.0, 0.0, 0.0), Y: (0.0, 0.999994, 0.0), Z: (0.0, 0.0, 0.999994)] must be normalized in order to be casted to a Quaternion. Use get_rotation_quaternion() or call orthonormalized() if the Basis contains linearly independent vectors.
   at: get_quaternion (core/math/basis.cpp:717)
   GDScript backtrace (most recent call first):
       [0] _carry_service_light (res://scripts/player/player_controller.gd:430)
       [1] _process (res://scripts/player/player_controller.gd:330)
ERROR: Basis [X: (0.969494, 0.116282, 0.215774), Y: (-0.002189, 0.884374, -0.466761), Z: (-0.245104, 0.452049, 0.85765)] must be normalized in order to be casted to a Quaternion. Use get_rotation_quaternion() or call orthonormalized() if the Basis contains linearly independent vectors.
   at: get_quaternion (core/math/basis.cpp:717)
   GDScript backtrace (most recent call first):
       [0] _carry_service_light (res://scripts/player/player_controller.gd:430)
       [1] _process (res://scripts/player/player_controller.gd:330)
ERROR: Basis [X: (1.0, 0.0, 0.0), Y: (0.0, 0.999994, 0.0), Z: (0.0, 0.0, 0.999994)] must be normalized in order to be casted to a Quaternion. Use get_rotation_quaternion() or call orthonormalized() if the Basis contains linearly independent vectors.
   at: get_quaternion (core/math/basis.cpp:717)
   GDScript backtrace (most recent call first):
       [0] _carry_service_light (res://scripts/player/player_controller.gd:430)
       [1] _process (res://scripts/player/player_controller.gd:330)
ERROR: Basis [X: (0.967774, 0.120016, 0.221379), Y: (0.00012, 0.878897, -0.476998), Z: (-0.25182, 0.461653, 0.850559)] must be normalized in order to be casted to a Quaternion. Use get_rotation_quaternion() or call orthonormalized() if the Basis contains linearly independent vectors.
   at: get_quaternion (core/math/basis.cpp:717)
   GDScript backtrace (most recent call first):
       [0] _carry_service_light (res://scripts/player/player_controller.gd:430)
       [1] _process (res://scripts/player/player_controller.gd:330)
ERROR: Basis [X: (1.0, 0.0, 0.0), Y: (0.0, 0.999994, 0.0), Z: (0.0, 0.0, 0.999994)] must be normalized in order to be casted to a Quaternion. Use get_rotation_quaternion() or call orthonormalized() if the Basis contains linearly independent vectors.
   at: get_quaternion (core/math/basis.cpp:717)
   GDScript backtrace (most recent call first):
       [0] _carry_service_light (res://scripts/player/player_controller.gd:430)
       [1] _process (res://scripts/player/player_controller.gd:330)
ERROR: Basis [X: (0.965, 0.124061, 0.231047), Y: (0.003792, 0.874327, -0.485309), Z: (-0.262222, 0.4692, 0.843255)] must be normalized in order to be casted to a Quaternion. Use get_rotation_quaternion() or call orthonormalized() if the Basis contains linearly independent vectors.
   at: get_quaternion (core/math/basis.cpp:717)
   GDScript backtrace (most recent call first):
       [0] _carry_service_light (res://scripts/player/player_controller.gd:430)
       [1] _process (res://scripts/player/player_controller.gd:330)
ERROR: Basis [X: (1.0, 0.0, 0.0), Y: (0.0, 0.999994, 0.0), Z: (0.0, 0.0, 0.999994)] must be normalized in order to be casted to a Quaternion. Use get_rotation_quaternion() or call orthonormalized() if the Basis contains linearly independent vectors.
   at: get_quaternion (core/math/basis.cpp:717)
   GDScript backtrace (most recent call first):
       [0] _carry_service_light (res://scripts/player/player_controller.gd:430)
       [1] _process (res://scripts/player/player_controller.gd:330)
ERROR: Basis [X: (0.963988, 0.127506, 0.233385), Y: (0.005034, 0.868659, -0.495371), Z: (-0.265898, 0.478707, 0.836735)] must be normalized in order to be casted to a Quaternion. Use get_rotation_quaternion() or call orthonormalized() if the Basis contains linearly independent vectors.
   at: get_quaternion (core/math/basis.cpp:717)
   GDScript backtrace (most recent call first):
       [0] _carry_service_light (res://scripts/player/player_controller.gd:430)
       [1] _process (res://scripts/player/player_controller.gd:330)
ERROR: Basis [X: (1.0, 0.0, 0.0), Y: (0.0, 0.999994, 0.0), Z: (0.0, 0.0, 0.999994)] must be normalized in order to be casted to a Quaternion. Use get_rotation_quaternion() or call orthonormalized() if the Basis contains linearly independent vectors.
   at: get_quaternion (core/math/basis.cpp:717)
   GDScript backtrace (most recent call first):
       [0] _carry_service_light (res://scripts/player/player_controller.gd:430)
       [1] _process (res://scripts/player/player_controller.gd:330)
ERROR: Basis [X: (0.962925, 0.128867, 0.236997), Y: (0.006385, 0.867387, -0.497581), Z: (-0.269693, 0.480646, 0.834406)] must be normalized in order to be casted to a Quaternion. Use get_rotation_quaternion() or call orthonormalized() if the Basis contains linearly independent vectors.
   at: get_quaternion (core/math/basis.cpp:717)
   GDScript backtrace (most recent call first):
       [0] _carry_service_light (res://scripts/player/player_controller.gd:430)
       [1] _process (res://scripts/player/player_controller.gd:330)
ERROR: Basis [X: (1.0, 0.0, 0.0), Y: (0.0, 0.999994, 0.0), Z: (0.0, 0.0, 0.999994)] must be normalized in order to be casted to a Quaternion. Use get_rotation_quaternion() or call orthonormalized() if the Basis contains linearly independent vectors.
   at: get_quaternion (core/math/basis.cpp:717)
   GDScript backtrace (most recent call first):
       [0] _carry_service_light (res://scripts/player/player_controller.gd:430)
       [1] _process (res://scripts/player/player_controller.gd:330)
ERROR: Basis [X: (0.963106, 0.129356, 0.235993), Y: (0.005901, 0.866538, -0.499062), Z: (-0.269057, 0.482043, 0.833805)] must be normalized in order to be casted to a Quaternion. Use get_rotation_quaternion() or call orthonormalized() if the Basis contains linearly independent vectors.
   at: get_quaternion (core/math/basis.cpp:717)
   GDScript backtrace (most recent call first):
       [0] _carry_service_light (res://scripts/player/player_controller.gd:430)
       [1] _process (res://scripts/player/player_controller.gd:330)
ERROR: Basis [X: (1.0, 0.0, 0.0), Y: (0.0, 0.999994, 0.0), Z: (0.0, 0.0, 0.999994)] must be normalized in order to be casted to a Quaternion. Use get_rotation_quaternion() or call orthonormalized() if the Basis contains linearly independent vectors.
   at: get_quaternion (core/math/basis.cpp:717)
   GDScript backtrace (most recent call first):
       [0] _carry_service_light (res://scripts/player/player_controller.gd:430)
       [1] _process (res://scripts/player/player_controller.gd:330)
ERROR: Basis [X: (0.963053, 0.130013, 0.23585), Y: (0.005729, 0.865658, -0.500591), Z: (-0.269252, 0.483446, 0.832929)] must be normalized in order to be casted to a Quaternion. Use get_rotation_quaternion() or call orthonormalized() if the Basis contains linearly independent vectors.
   at: get_quaternion (core/math/basis.cpp:717)
   GDScript backtrace (most recent call first):
       [0] _carry_service_light (res://scripts/player/player_controller.gd:430)
       [1] _process (res://scripts/player/player_controller.gd:330)
ERROR: Basis [X: (1.0, 0.0, 0.0), Y: (0.0, 0.999994, 0.0), Z: (0.0, 0.0, 0.999994)] must be normalized in order to be casted to a Quaternion. Use get_rotation_quaternion() or call orthonormalized() if the Basis contains linearly independent vectors.
   at: get_quaternion (core/math/basis.cpp:717)
   GDScript backtrace (most recent call first):
       [0] _carry_service_light (res://scripts/player/player_controller.gd:430)
       [1] _process (res://scripts/player/player_controller.gd:330)
ERROR: Basis [X: (0.963441, 0.1298, 0.234378), Y: (0.005023, 0.865897, -0.500184), Z: (-0.267875, 0.483075, 0.833589)] must be normalized in order to be casted to a Quaternion. Use get_rotation_quaternion() or call orthonormalized() if the Basis contains linearly independent vectors.
   at: get_quaternion (core/math/basis.cpp:717)
   GDScript backtrace (most recent call first):
       [0] _carry_service_light (res://scripts/player/player_controller.gd:430)
       [1] _process (res://scripts/player/player_controller.gd:330)
ERROR: Basis [X: (1.0, 0.0, 0.0), Y: (0.0, 0.999994, 0.0), Z: (0.0, 0.0, 0.999994)] must be normalized in order to be casted to a Quaternion. Use get_rotation_quaternion() or call orthonormalized() if the Basis contains linearly independent vectors.
   at: get_quaternion (core/math/basis.cpp:717)
   GDScript backtrace (most recent call first):
       [0] _carry_service_light (res://scripts/player/player_controller.gd:430)
       [1] _process (res://scripts/player/player_controller.gd:330)
ERROR: Basis [X: (0.964071, 0.129941, 0.231693), Y: (0.003959, 0.865065, -0.501632), Z: (-0.265615, 0.484526, 0.833469)] must be normalized in order to be casted to a Quaternion. Use get_rotation_quaternion() or call orthonormalized() if the Basis contains linearly independent vectors.
   at: get_quaternion (core/math/basis.cpp:717)
   GDScript backtrace (most recent call first):
       [0] _carry_service_light (res://scripts/player/player_controller.gd:430)
       [1] _process (res://scripts/player/player_controller.gd:330)
ERROR: Basis [X: (1.0, 0.0, 0.0), Y: (0.0, 0.999994, 0.0), Z: (0.0, 0.0, 0.999994)] must be normalized in order to be casted to a Quaternion. Use get_rotation_quaternion() or call orthonormalized() if the Basis contains linearly independent vectors.
   at: get_quaternion (core/math/basis.cpp:717)
   GDScript backtrace (most recent call first):
       [0] _carry_service_light (res://scripts/player/player_controller.gd:430)
       [1] _process (res://scripts/player/player_controller.gd:330)
ERROR: Basis [X: (0.964852, 0.129417, 0.228717), Y: (0.002783, 0.865245, -0.501328), Z: (-0.262779, 0.484344, 0.834473)] must be normalized in order to be casted to a Quaternion. Use get_rotation_quaternion() or call orthonormalized() if the Basis contains linearly independent vectors.
   at: get_quaternion (core/math/basis.cpp:717)
   GDScript backtrace (most recent call first):
       [0] _carry_service_light (res://scripts/player/player_controller.gd:430)
       [1] _process (res://scripts/player/player_controller.gd:330)
ERROR: Basis [X: (1.0, 0.0, 0.0), Y: (0.0, 0.999994, 0.0), Z: (0.0, 0.0, 0.999994)] must be normalized in order to be casted to a Quaternion. Use get_rotation_quaternion() or call orthonormalized() if the Basis contains linearly independent vectors.
   at: get_quaternion (core/math/basis.cpp:717)
   GDScript backtrace (most recent call first):
       [0] _carry_service_light (res://scripts/player/player_controller.gd:430)
       [1] _process (res://scripts/player/player_controller.gd:330)
ERROR: Basis [X: (0.965683, 0.12885, 0.225507), Y: (0.00148, 0.865513, -0.500871), Z: (-0.25972, 0.484017, 0.83562)] must be normalized in order to be casted to a Quaternion. Use get_rotation_quaternion() or call orthonormalized() if the Basis contains linearly independent vectors.
   at: get_quaternion (core/math/basis.cpp:717)
   GDScript backtrace (most recent call first):
       [0] _carry_service_light (res://scripts/player/player_controller.gd:430)
       [1] _process (res://scripts/player/player_controller.gd:330)
ERROR: Basis [X: (1.0, 0.0, 0.0), Y: (0.0, 0.999993, 0.0), Z: (0.0, 0.0, 0.999994)] must be normalized in order to be casted to a Quaternion. Use get_rotation_quaternion() or call orthonormalized() if the Basis contains linearly independent vectors.
   at: get_quaternion (core/math/basis.cpp:717)
   GDScript backtrace (most recent call first):
       [0] _carry_service_light (res://scripts/player/player_controller.gd:430)
       [1] _process (res://scripts/player/player_controller.gd:330)
ERROR: Basis [X: (0.966766, 0.127563, 0.221562), Y: (-0.000148, 0.866902, -0.498466), Z: (-0.255662, 0.481867, 0.83811)] must be normalized in order to be casted to a Quaternion. Use get_rotation_quaternion() or call orthonormalized() if the Basis contains linearly independent vectors.
   at: get_quaternion (core/math/basis.cpp:717)
   GDScript backtrace (most recent call first):
       [0] _carry_service_light (res://scripts/player/player_controller.gd:430)
       [1] _process (res://scripts/player/player_controller.gd:330)
ERROR: Basis [X: (1.0, 0.0, 0.0), Y: (0.0, 0.999993, 0.0), Z: (0.0, 0.0, 0.999993)] must be normalized in order to be casted to a Quaternion. Use get_rotation_quaternion() or call orthonormalized() if the Basis contains linearly independent vectors.
   at: get_quaternion (core/math/basis.cpp:717)
   GDScript backtrace (most recent call first):
       [0] _carry_service_light (res://scripts/player/player_controller.gd:430)
       [1] _process (res://scripts/player/player_controller.gd:330)
ERROR: Basis [X: (0.967587, 0.12649, 0.218575), Y: (-0.001495, 0.868365, -0.49591), Z: (-0.252534, 0.479509, 0.840408)] must be normalized in order to be casted to a Quaternion. Use get_rotation_quaternion() or call orthonormalized() if the Basis contains linearly independent vectors.
   at: get_quaternion (core/math/basis.cpp:717)
   GDScript backtrace (most recent call first):
       [0] _carry_service_light (res://scripts/player/player_controller.gd:430)
       [1] _process (res://scripts/player/player_controller.gd:330)
ERROR: Basis [X: (1.0, 0.0, 0.0), Y: (0.0, 0.999993, 0.0), Z: (0.0, 0.0, 0.999993)] must be normalized in order to be casted to a Quaternion. Use get_rotation_quaternion() or call orthonormalized() if the Basis contains linearly independent vectors.
   at: get_quaternion (core/math/basis.cpp:717)
   GDScript backtrace (most recent call first):
       [0] _carry_service_light (res://scripts/player/player_controller.gd:430)
       [1] _process (res://scripts/player/player_controller.gd:330)
ERROR: Basis [X: (0.968317, 0.125493, 0.215901), Y: (-0.002711, 0.869788, -0.493404), Z: (-0.24971, 0.477186, 0.842571)] must be normalized in order to be casted to a Quaternion. Use get_rotation_quaternion() or call orthonormalized() if the Basis contains linearly independent vectors.
   at: get_quaternion (core/math/basis.cpp:717)
   GDScript backtrace (most recent call first):
       [0] _carry_service_light (res://scripts/player/player_controller.gd:430)
       [1] _process (res://scripts/player/player_controller.gd:330)
ERROR: Basis [X: (1.0, 0.0, 0.0), Y: (0.0, 0.999993, 0.0), Z: (0.0, 0.0, 0.999993)] must be normalized in order to be casted to a Quaternion. Use get_rotation_quaternion() or call orthonormalized() if the Basis contains linearly independent vectors.
   at: get_quaternion (core/math/basis.cpp:717)
   GDScript backtrace (most recent call first):
       [0] _carry_service_light (res://scripts/player/player_controller.gd:430)
       [1] _process (res://scripts/player/player_controller.gd:330)
ERROR: Basis [X: (0.969296, 0.124789, 0.211877), Y: (-0.00426, 0.870045, -0.492941), Z: (-0.245859, 0.476903, 0.843863)] must be normalized in order to be casted to a Quaternion. Use get_rotation_quaternion() or call orthonormalized() if the Basis contains linearly independent vectors.
   at: get_quaternion (core/math/basis.cpp:717)
   GDScript backtrace (most recent call first):
       [0] _carry_service_light (res://scripts/player/player_controller.gd:430)
       [1] _process (res://scripts/player/player_controller.gd:330)
ERROR: Basis [X: (1.0, 0.0, 0.0), Y: (0.0, 0.999993, 0.0), Z: (0.0, 0.0, 0.999993)] must be normalized in order to be casted to a Quaternion. Use get_rotation_quaternion() or call orthonormalized() if the Basis contains linearly independent vectors.
   at: get_quaternion (core/math/basis.cpp:717)
   GDScript backtrace (most recent call first):
       [0] _carry_service_light (res://scripts/player/player_controller.gd:430)
       [1] _process (res://scripts/player/player_controller.gd:330)
ERROR: Basis [X: (0.970298, 0.124045, 0.207687), Y: (-0.005785, 0.870171, -0.492703), Z: (-0.241844, 0.476867, 0.845043)] must be normalized in order to be casted to a Quaternion. Use get_rotation_quaternion() or call orthonormalized() if the Basis contains linearly independent vectors.
   at: get_quaternion (core/math/basis.cpp:717)
   GDScript backtrace (most recent call first):
       [0] _carry_service_light (res://scripts/player/player_controller.gd:430)
       [1] _process (res://scripts/player/player_controller.gd:330)
ERROR: Basis [X: (1.0, 0.0, 0.0), Y: (0.0, 0.999993, 0.0), Z: (0.0, 0.0, 0.999993)] must be normalized in order to be casted to a Quaternion. Use get_rotation_quaternion() or call orthonormalized() if the Basis contains linearly independent vectors.
   at: get_quaternion (core/math/basis.cpp:717)
   GDScript backtrace (most recent call first):
       [0] _carry_service_light (res://scripts/player/player_controller.gd:430)
       [1] _process (res://scripts/player/player_controller.gd:330)
ERROR: Basis [X: (0.971248, 0.123328, 0.203634), Y: (-0.007253, 0.870284, -0.492483), Z: (-0.237959, 0.476846, 0.846156)] must be normalized in order to be casted to a Quaternion. Use get_rotation_quaternion() or call orthonormalized() if the Basis contains linearly independent vectors.
   at: get_quaternion (core/math/basis.cpp:717)
   GDScript backtrace (most recent call first):
       [0] _carry_service_light (res://scripts/player/player_controller.gd:430)
       [1] _process (res://scripts/player/player_controller.gd:330)
ERROR: Basis [X: (1.0, 0.0, 0.0), Y: (0.0, 0.999993, 0.0), Z: (0.0, 0.0, 0.999993)] must be normalized in order to be casted to a Quaternion. Use get_rotation_quaternion() or call orthonormalized() if the Basis contains linearly independent vectors.
   at: get_quaternion (core/math/basis.cpp:717)
   GDScript backtrace (most recent call first):
       [0] _carry_service_light (res://scripts/player/player_controller.gd:430)
       [1] _process (res://scripts/player/player_controller.gd:330)
ERROR: Basis [X: (0.97209, 0.122687, 0.199972), Y: (-0.008581, 0.870386, -0.492283), Z: (-0.234452, 0.476827, 0.847146)] must be normalized in order to be casted to a Quaternion. Use get_rotation_quaternion() or call orthonormalized() if the Basis contains linearly independent vectors.
   at: get_quaternion (core/math/basis.cpp:717)
   GDScript backtrace (most recent call first):
       [0] _carry_service_light (res://scripts/player/player_controller.gd:430)
       [1] _process (res://scripts/player/player_controller.gd:330)
ERROR: Basis [X: (1.0, 0.0, 0.0), Y: (0.0, 0.999993, 0.0), Z: (0.0, 0.0, 0.999993)] must be normalized in order to be casted to a Quaternion. Use get_rotation_quaternion() or call orthonormalized() if the Basis contains linearly independent vectors.
   at: get_quaternion (core/math/basis.cpp:717)
   GDScript backtrace (most recent call first):
       [0] _carry_service_light (res://scripts/player/player_controller.gd:430)
       [1] _process (res://scripts/player/player_controller.gd:330)
ERROR: Basis [X: (0.972836, 0.122114, 0.196664), Y: (-0.009785, 0.870476, -0.492101), Z: (-0.231286, 0.476809, 0.848025)] must be normalized in order to be casted to a Quaternion. Use get_rotation_quaternion() or call orthonormalized() if the Basis contains linearly independent vectors.
   at: get_quaternion (core/math/basis.cpp:717)
   GDScript backtrace (most recent call first):
       [0] _carry_service_light (res://scripts/player/player_controller.gd:430)
       [1] _process (res://scripts/player/player_controller.gd:330)
ERROR: Basis [X: (1.0, 0.0, 0.0), Y: (0.0, 0.999993, 0.0), Z: (0.0, 0.0, 0.999993)] must be normalized in order to be casted to a Quaternion. Use get_rotation_quaternion() or call orthonormalized() if the Basis contains linearly independent vectors.
   at: get_quaternion (core/math/basis.cpp:717)
   GDScript backtrace (most recent call first):
       [0] _carry_service_light (res://scripts/player/player_controller.gd:430)
       [1] _process (res://scripts/player/player_controller.gd:330)
ERROR: Basis [X: (0.9735, 0.121603, 0.193674), Y: (-0.010875, 0.870556, -0.491937), Z: (-0.228428, 0.476794, 0.848808)] must be normalized in order to be casted to a Quaternion. Use get_rotation_quaternion() or call orthonormalized() if the Basis contains linearly independent vectors.
   at: get_quaternion (core/math/basis.cpp:717)
   GDScript backtrace (most recent call first):
       [0] _carry_service_light (res://scripts/player/player_controller.gd:430)
       [1] _process (res://scripts/player/player_controller.gd:330)
ERROR: Basis [X: (1.0, 0.0, 0.0), Y: (0.0, 0.999993, 0.0), Z: (0.0, 0.0, 0.999993)] must be normalized in order to be casted to a Quaternion. Use get_rotation_quaternion() or call orthonormalized() if the Basis contains linearly independent vectors.
   at: get_quaternion (core/math/basis.cpp:717)
   GDScript backtrace (most recent call first):
       [0] _carry_service_light (res://scripts/player/player_controller.gd:430)
       [1] _process (res://scripts/player/player_controller.gd:330)
ERROR: Basis [X: (0.974091, 0.121148, 0.190972), Y: (-0.011864, 0.870626, -0.491789), Z: (-0.225847, 0.476782, 0.849506)] must be normalized in order to be casted to a Quaternion. Use get_rotation_quaternion() or call orthonormalized() if the Basis contains linearly independent vectors.
   at: get_quaternion (core/math/basis.cpp:717)
   GDScript backtrace (most recent call first):
       [0] _carry_service_light (res://scripts/player/player_controller.gd:430)
       [1] _process (res://scripts/player/player_controller.gd:330)
ERROR: Basis [X: (1.0, 0.0, 0.0), Y: (0.0, 0.999993, 0.0), Z: (0.0, 0.0, 0.999993)] must be normalized in order to be casted to a Quaternion. Use get_rotation_quaternion() or call orthonormalized() if the Basis contains linearly independent vectors.
   at: get_quaternion (core/math/basis.cpp:717)
   GDScript backtrace (most recent call first):
       [0] _carry_service_light (res://scripts/player/player_controller.gd:430)
       [1] _process (res://scripts/player/player_controller.gd:330)
ERROR: Basis [X: (0.974617, 0.120742, 0.188527), Y: (-0.012762, 0.870688, -0.491657), Z: (-0.223515, 0.476772, 0.850128)] must be normalized in order to be casted to a Quaternion. Use get_rotation_quaternion() or call orthonormalized() if the Basis contains linearly independent vectors.
   at: get_quaternion (core/math/basis.cpp:717)
   GDScript backtrace (most recent call first):
       [0] _carry_service_light (res://scripts/player/player_controller.gd:430)
       [1] _process (res://scripts/player/player_controller.gd:330)
ERROR: Basis [X: (1.0, 0.0, 0.0), Y: (0.0, 0.999993, 0.0), Z: (0.0, 0.0, 0.999993)] must be normalized in order to be casted to a Quaternion. Use get_rotation_quaternion() or call orthonormalized() if the Basis contains linearly independent vectors.
   at: get_quaternion (core/math/basis.cpp:717)
   GDScript backtrace (most recent call first):
       [0] _carry_service_light (res://scripts/player/player_controller.gd:430)
       [1] _process (res://scripts/player/player_controller.gd:330)
ERROR: Basis [X: (0.974853, 0.120594, 0.187398), Y: (-0.013222, 0.870739, -0.491555), Z: (-0.222456, 0.476716, 0.850437)] must be normalized in order to be casted to a Quaternion. Use get_rotation_quaternion() or call orthonormalized() if the Basis contains linearly independent vectors.
   at: get_quaternion (core/math/basis.cpp:717)
   GDScript backtrace (most recent call first):
       [0] _carry_service_light (res://scripts/player/player_controller.gd:430)
       [1] _process (res://scripts/player/player_controller.gd:330)
ERROR: Basis [X: (1.0, 0.0, 0.0), Y: (0.0, 0.999993, 0.0), Z: (0.0, 0.0, 0.999993)] must be normalized in order to be casted to a Quaternion. Use get_rotation_quaternion() or call orthonormalized() if the Basis contains linearly independent vectors.
   at: get_quaternion (core/math/basis.cpp:717)
   GDScript backtrace (most recent call first):
       [0] _carry_service_light (res://scripts/player/player_controller.gd:430)
       [1] _process (res://scripts/player/player_controller.gd:330)
ERROR: Basis [X: (0.974597, 0.120889, 0.188535), Y: (-0.012932, 0.870776, -0.491496), Z: (-0.223591, 0.476572, 0.85022)] must be normalized in order to be casted to a Quaternion. Use get_rotation_quaternion() or call orthonormalized() if the Basis contains linearly independent vectors.
   at: get_quaternion (core/math/basis.cpp:717)
   GDScript backtrace (most recent call first):
       [0] _carry_service_light (res://scripts/player/player_controller.gd:430)
       [1] _process (res://scripts/player/player_controller.gd:330)
ERROR: Basis [X: (1.0, 0.0, 0.0), Y: (0.0, 0.999993, 0.0), Z: (0.0, 0.0, 0.999993)] must be normalized in order to be casted to a Quaternion. Use get_rotation_quaternion() or call orthonormalized() if the Basis contains linearly independent vectors.
   at: get_quaternion (core/math/basis.cpp:717)
   GDScript backtrace (most recent call first):
       [0] _carry_service_light (res://scripts/player/player_controller.gd:430)
       [1] _process (res://scripts/player/player_controller.gd:330)
ERROR: Basis [X: (0.974544, 0.120566, 0.189014), Y: (-0.012946, 0.871938, -0.489431), Z: (-0.22382, 0.474525, 0.851303)] must be normalized in order to be casted to a Quaternion. Use get_rotation_quaternion() or call orthonormalized() if the Basis contains linearly independent vectors.
   at: get_quaternion (core/math/basis.cpp:717)
   GDScript backtrace (most recent call first):
       [0] _carry_service_light (res://scripts/player/player_controller.gd:430)
       [1] _process (res://scripts/player/player_controller.gd:330)
ERROR: Basis [X: (1.0, 0.0, 0.0), Y: (0.0, 0.999993, 0.0), Z: (0.0, 0.0, 0.999993)] must be normalized in order to be casted to a Quaternion. Use get_rotation_quaternion() or call orthonormalized() if the Basis contains linearly independent vectors.
   at: get_quaternion (core/math/basis.cpp:717)
   GDScript backtrace (most recent call first):
       [0] _carry_service_light (res://scripts/player/player_controller.gd:430)
       [1] _process (res://scripts/player/player_controller.gd:330)
ERROR: Basis [X: (0.97396, 0.120709, 0.191913), Y: (-0.012216, 0.873187, -0.487219), Z: (-0.226391, 0.472187, 0.851924)] must be normalized in order to be casted to a Quaternion. Use get_rotation_quaternion() or call orthonormalized() if the Basis contains linearly independent vectors.
   at: get_quaternion (core/math/basis.cpp:717)
   GDScript backtrace (most recent call first):
       [0] _carry_service_light (res://scripts/player/player_controller.gd:430)
       [1] _process (res://scripts/player/player_controller.gd:330)
ERROR: Basis [X: (1.0, 0.0, 0.0), Y: (0.0, 0.999993, 0.0), Z: (0.0, 0.0, 0.999993)] must be normalized in order to be casted to a Quaternion. Use get_rotation_quaternion() or call orthonormalized() if the Basis contains linearly independent vectors.
   at: get_quaternion (core/math/basis.cpp:717)
   GDScript backtrace (most recent call first):
       [0] _carry_service_light (res://scripts/player/player_controller.gd:430)
       [1] _process (res://scripts/player/player_controller.gd:330)
ERROR: Basis [X: (0.973369, 0.120838, 0.19481), Y: (-0.01148, 0.874415, -0.48503), Z: (-0.228958, 0.469877, 0.852515)] must be normalized in order to be casted to a Quaternion. Use get_rotation_quaternion() or call orthonormalized() if the Basis contains linearly independent vectors.
   at: get_quaternion (core/math/basis.cpp:717)
   GDScript backtrace (most recent call first):
       [0] _carry_service_light (res://scripts/player/player_controller.gd:430)
       [1] _process (res://scripts/player/player_controller.gd:330)
ERROR: Basis [X: (1.0, 0.0, 0.0), Y: (0.0, 0.999993, 0.0), Z: (0.0, 0.0, 0.999993)] must be normalized in order to be casted to a Quaternion. Use get_rotation_quaternion() or call orthonormalized() if the Basis contains linearly independent vectors.
   at: get_quaternion (core/math/basis.cpp:717)
   GDScript backtrace (most recent call first):
       [0] _carry_service_light (res://scripts/player/player_controller.gd:430)
       [1] _process (res://scripts/player/player_controller.gd:330)
ERROR: Basis [X: (0.973258, 0.12055, 0.195541), Y: (-0.011449, 0.875628, -0.482837), Z: (-0.22943, 0.467687, 0.853592)] must be normalized in order to be casted to a Quaternion. Use get_rotation_quaternion() or call orthonormalized() if the Basis contains linearly independent vectors.
   at: get_quaternion (core/math/basis.cpp:717)
   GDScript backtrace (most recent call first):
       [0] _carry_service_light (res://scripts/player/player_controller.gd:430)
       [1] _process (res://scripts/player/player_controller.gd:330)
ERROR: Basis [X: (1.0, 0.0, 0.0), Y: (0.0, 0.999994, 0.0), Z: (0.0, 0.0, 0.999993)] must be normalized in order to be casted to a Quaternion. Use get_rotation_quaternion() or call orthonormalized() if the Basis contains linearly independent vectors.
   at: get_quaternion (core/math/basis.cpp:717)
   GDScript backtrace (most recent call first):
       [0] _carry_service_light (res://scripts/player/player_controller.gd:430)
       [1] _process (res://scripts/player/player_controller.gd:330)
ERROR: Basis [X: (0.972855, 0.120496, 0.197568), Y: (-0.010985, 0.87682, -0.48068), Z: (-0.231155, 0.465462, 0.854342)] must be normalized in order to be casted to a Quaternion. Use get_rotation_quaternion() or call orthonormalized() if the Basis contains linearly independent vectors.
   at: get_quaternion (core/math/basis.cpp:717)
   GDScript backtrace (most recent call first):
       [0] _carry_service_light (res://scripts/player/player_controller.gd:430)
       [1] _process (res://scripts/player/player_controller.gd:330)
ERROR: Basis [X: (1.0, 0.0, 0.0), Y: (0.0, 0.999994, 0.0), Z: (0.0, 0.0, 0.999994)] must be normalized in order to be casted to a Quaternion. Use get_rotation_quaternion() or call orthonormalized() if the Basis contains linearly independent vectors.
   at: get_quaternion (core/math/basis.cpp:717)
   GDScript backtrace (most recent call first):
       [0] _carry_service_light (res://scripts/player/player_controller.gd:430)
       [1] _process (res://scripts/player/player_controller.gd:330)
ERROR: Basis [X: (0.972306, 0.121007, 0.199943), Y: (-0.01031, 0.876891, -0.480565), Z: (-0.233483, 0.465194, 0.853855)] must be normalized in order to be casted to a Quaternion. Use get_rotation_quaternion() or call orthonormalized() if the Basis contains linearly independent vectors.
   at: get_quaternion (core/math/basis.cpp:717)
   GDScript backtrace (most recent call first):
       [0] _carry_service_light (res://scripts/player/player_controller.gd:430)
       [1] _process (res://scripts/player/player_controller.gd:330)
ERROR: Basis [X: (1.0, 0.0, 0.0), Y: (0.0, 0.999994, 0.0), Z: (0.0, 0.0, 0.999994)] must be normalized in order to be casted to a Quaternion. Use get_rotation_quaternion() or call orthonormalized() if the Basis contains linearly independent vectors.
   at: get_quaternion (core/math/basis.cpp:717)
   GDScript backtrace (most recent call first):
       [0] _carry_service_light (res://scripts/player/player_controller.gd:430)
       [1] _process (res://scripts/player/player_controller.gd:330)
ERROR: Basis [X: (0.972062, 0.121264, 0.200971), Y: (-0.010016, 0.876853, -0.480641), Z: (-0.23451, 0.4652, 0.85357)] must be normalized in order to be casted to a Quaternion. Use get_rotation_quaternion() or call orthonormalized() if the Basis contains linearly independent vectors.
   at: get_quaternion (core/math/basis.cpp:717)
   GDScript backtrace (most recent call first):
       [0] _carry_service_light (res://scripts/player/player_controller.gd:430)
       [1] _process (res://scripts/player/player_controller.gd:330)
ERROR: Basis [X: (1.0, 0.0, 0.0), Y: (0.0, 0.999994, 0.0), Z: (0.0, 0.0, 0.999994)] must be normalized in order to be casted to a Quaternion. Use get_rotation_quaternion() or call orthonormalized() if the Basis contains linearly independent vectors.
   at: get_quaternion (core/math/basis.cpp:717)
   GDScript backtrace (most recent call first):
       [0] _carry_service_light (res://scripts/player/player_controller.gd:430)
       [1] _process (res://scripts/player/player_controller.gd:330)
ERROR: Basis [X: (0.971906, 0.120987, 0.201894), Y: (-0.009848, 0.87792, -0.478693), Z: (-0.235165, 0.463256, 0.854447)] must be normalized in order to be casted to a Quaternion. Use get_rotation_quaternion() or call orthonormalized() if the Basis contains linearly independent vectors.
   at: get_quaternion (core/math/basis.cpp:717)
   GDScript backtrace (most recent call first):
       [0] _carry_service_light (res://scripts/player/player_controller.gd:430)
       [1] _process (res://scripts/player/player_controller.gd:330)
ERROR: Basis [X: (1.0, 0.0, 0.0), Y: (0.0, 0.999994, 0.0), Z: (0.0, 0.0, 0.999994)] must be normalized in order to be casted to a Quaternion. Use get_rotation_quaternion() or call orthonormalized() if the Basis contains linearly independent vectors.
   at: get_quaternion (core/math/basis.cpp:717)
   GDScript backtrace (most recent call first):
       [0] _carry_service_light (res://scripts/player/player_controller.gd:430)
       [1] _process (res://scripts/player/player_controller.gd:330)
ERROR: Basis [X: (0.972259, 0.120775, 0.200315), Y: (-0.010468, 0.87799, -0.478552), Z: (-0.233674, 0.463179, 0.854897)] must be normalized in order to be casted to a Quaternion. Use get_rotation_quaternion() or call orthonormalized() if the Basis contains linearly independent vectors.
   at: get_quaternion (core/math/basis.cpp:717)
   GDScript backtrace (most recent call first):
       [0] _carry_service_light (res://scripts/player/player_controller.gd:430)
       [1] _process (res://scripts/player/player_controller.gd:330)
ERROR: Basis [X: (1.0, 0.0, 0.0), Y: (0.0, 0.999994, 0.0), Z: (0.0, 0.0, 0.999994)] must be normalized in order to be casted to a Quaternion. Use get_rotation_quaternion() or call orthonormalized() if the Basis contains linearly independent vectors.
   at: get_quaternion (core/math/basis.cpp:717)
   GDScript backtrace (most recent call first):
       [0] _carry_service_light (res://scripts/player/player_controller.gd:430)
       [1] _process (res://scripts/player/player_controller.gd:330)
ERROR: Basis [X: (0.972396, 0.120267, 0.199955), Y: (-0.010716, 0.879045, -0.476605), Z: (-0.233093, 0.461305, 0.856069)] must be normalized in order to be casted to a Quaternion. Use get_rotation_quaternion() or call orthonormalized() if the Basis contains linearly independent vectors.
   at: get_quaternion (core/math/basis.cpp:717)
   GDScript backtrace (most recent call first):
       [0] _carry_service_light (res://scripts/player/player_controller.gd:430)
       [1] _process (res://scripts/player/player_controller.gd:330)
ERROR: Basis [X: (1.0, 0.0, 0.0), Y: (0.0, 0.999994, 0.0), Z: (0.0, 0.0, 0.999994)] must be normalized in order to be casted to a Quaternion. Use get_rotation_quaternion() or call orthonormalized() if the Basis contains linearly independent vectors.
   at: get_quaternion (core/math/basis.cpp:717)
   GDScript backtrace (most recent call first):
       [0] _carry_service_light (res://scripts/player/player_controller.gd:430)
       [1] _process (res://scripts/player/player_controller.gd:330)
ERROR: Basis [X: (0.972454, 0.120287, 0.199658), Y: (-0.010911, 0.879104, -0.476491), Z: (-0.232839, 0.461188, 0.856201)] must be normalized in order to be casted to a Quaternion. Use get_rotation_quaternion() or call orthonormalized() if the Basis contains linearly independent vectors.
   at: get_quaternion (core/math/basis.cpp:717)
   GDScript backtrace (most recent call first):
       [0] _carry_service_light (res://scripts/player/player_controller.gd:430)
       [1] _process (res://scripts/player/player_controller.gd:330)
ERROR: Basis [X: (1.0, 0.0, 0.0), Y: (0.0, 0.999994, 0.0), Z: (0.0, 0.0, 0.999994)] must be normalized in order to be casted to a Quaternion. Use get_rotation_quaternion() or call orthonormalized() if the Basis contains linearly independent vectors.
   at: get_quaternion (core/math/basis.cpp:717)
   GDScript backtrace (most recent call first):
       [0] _carry_service_light (res://scripts/player/player_controller.gd:430)
       [1] _process (res://scripts/player/player_controller.gd:330)
ERROR: Basis [X: (0.971894, 0.120321, 0.202345), Y: (-0.010154, 0.880142, -0.474589), Z: (-0.235198, 0.459196, 0.856627)] must be normalized in order to be casted to a Quaternion. Use get_rotation_quaternion() or call orthonormalized() if the Basis contains linearly independent vectors.
   at: get_quaternion (core/math/basis.cpp:717)
   GDScript backtrace (most recent call first):
       [0] _carry_service_light (res://scripts/player/player_controller.gd:430)
       [1] _process (res://scripts/player/player_controller.gd:330)
ERROR: Basis [X: (1.0, 0.0, 0.0), Y: (0.0, 0.999994, 0.0), Z: (0.0, 0.0, 0.999994)] must be normalized in order to be casted to a Quaternion. Use get_rotation_quaternion() or call orthonormalized() if the Basis contains linearly independent vectors.
   at: get_quaternion (core/math/basis.cpp:717)
   GDScript backtrace (most recent call first):
       [0] _carry_service_light (res://scripts/player/player_controller.gd:430)
       [1] _process (res://scripts/player/player_controller.gd:330)
ERROR: Basis [X: (0.972131, 0.120204, 0.201273), Y: (-0.010599, 0.880195, -0.47448), Z: (-0.234197, 0.459124, 0.856939)] must be normalized in order to be casted to a Quaternion. Use get_rotation_quaternion() or call orthonormalized() if the Basis contains linearly independent vectors.
   at: get_quaternion (core/math/basis.cpp:717)
   GDScript backtrace (most recent call first):
       [0] _carry_service_light (res://scripts/player/player_controller.gd:430)
       [1] _process (res://scripts/player/player_controller.gd:330)
ERROR: Basis [X: (1.0, 0.0, 0.0), Y: (0.0, 0.999994, 0.0), Z: (0.0, 0.0, 0.999994)] must be normalized in order to be casted to a Quaternion. Use get_rotation_quaternion() or call orthonormalized() if the Basis contains linearly independent vectors.
   at: get_quaternion (core/math/basis.cpp:717)
   GDScript backtrace (most recent call first):
       [0] _carry_service_light (res://scripts/player/player_controller.gd:430)
       [1] _process (res://scripts/player/player_controller.gd:330)
ERROR: Basis [X: (0.971979, 0.119918, 0.20218), Y: (-0.010423, 0.881226, -0.472568), Z: (-0.234838, 0.457219, 0.857782)] must be normalized in order to be casted to a Quaternion. Use get_rotation_quaternion() or call orthonormalized() if the Basis contains linearly independent vectors.
   at: get_quaternion (core/math/basis.cpp:717)
   GDScript backtrace (most recent call first):
       [0] _carry_service_light (res://scripts/player/player_controller.gd:430)
       [1] _process (res://scripts/player/player_controller.gd:330)
ERROR: Basis [X: (1.0, 0.0, 0.0), Y: (0.0, 0.999994, 0.0), Z: (0.0, 0.0, 0.999994)] must be normalized in order to be casted to a Quaternion. Use get_rotation_quaternion() or call orthonormalized() if the Basis contains linearly independent vectors.
   at: get_quaternion (core/math/basis.cpp:717)
   GDScript backtrace (most recent call first):
       [0] _carry_service_light (res://scripts/player/player_controller.gd:430)
       [1] _process (res://scripts/player/player_controller.gd:330)
ERROR: Basis [X: (0.972395, 0.119666, 0.200316), Y: (-0.011124, 0.881275, -0.472461), Z: (-0.233073, 0.457191, 0.858279)] must be normalized in order to be casted to a Quaternion. Use get_rotation_quaternion() or call orthonormalized() if the Basis contains linearly independent vectors.
   at: get_quaternion (core/math/basis.cpp:717)
   GDScript backtrace (most recent call first):
       [0] _carry_service_light (res://scripts/player/player_controller.gd:430)
       [1] _process (res://scripts/player/player_controller.gd:330)
ERROR: Basis [X: (1.0, 0.0, 0.0), Y: (0.0, 0.999994, 0.0), Z: (0.0, 0.0, 0.999994)] must be normalized in order to be casted to a Quaternion. Use get_rotation_quaternion() or call orthonormalized() if the Basis contains linearly independent vectors.
   at: get_quaternion (core/math/basis.cpp:717)
   GDScript backtrace (most recent call first):
       [0] _carry_service_light (res://scripts/player/player_controller.gd:430)
       [1] _process (res://scripts/player/player_controller.gd:330)
ERROR: Basis [X: (0.972896, 0.11934, 0.198068), Y: (-0.01189, 0.881216, -0.472551), Z: (-0.230937, 0.457388, 0.858751)] must be normalized in order to be casted to a Quaternion. Use get_rotation_quaternion() or call orthonormalized() if the Basis contains linearly independent vectors.
   at: get_quaternion (core/math/basis.cpp:717)
   GDScript backtrace (most recent call first):
       [0] _carry_service_light (res://scripts/player/player_controller.gd:430)
       [1] _process (res://scripts/player/player_controller.gd:330)
ERROR: Basis [X: (1.0, 0.0, 0.0), Y: (0.0, 0.999994, 0.0), Z: (0.0, 0.0, 0.999994)] must be normalized in order to be casted to a Quaternion. Use get_rotation_quaternion() or call orthonormalized() if the Basis contains linearly independent vectors.
   at: get_quaternion (core/math/basis.cpp:717)
   GDScript backtrace (most recent call first):
       [0] _carry_service_light (res://scripts/player/player_controller.gd:430)
       [1] _process (res://scripts/player/player_controller.gd:330)
ERROR: Basis [X: (0.973524, 0.11891, 0.195218), Y: (-0.012854, 0.881163, -0.472625), Z: (-0.228222, 0.457603, 0.859362)] must be normalized in order to be casted to a Quaternion. Use get_rotation_quaternion() or call orthonormalized() if the Basis contains linearly independent vectors.
   at: get_quaternion (core/math/basis.cpp:717)
   GDScript backtrace (most recent call first):
       [0] _carry_service_light (res://scripts/player/player_controller.gd:430)
       [1] _process (res://scripts/player/player_controller.gd:330)
ERROR: Basis [X: (1.0, 0.0, 0.0), Y: (0.0, 0.999994, 0.0), Z: (0.0, 0.0, 0.999994)] must be normalized in order to be casted to a Quaternion. Use get_rotation_quaternion() or call orthonormalized() if the Basis contains linearly independent vectors.
   at: get_quaternion (core/math/basis.cpp:717)
   GDScript backtrace (most recent call first):
       [0] _carry_service_light (res://scripts/player/player_controller.gd:430)
       [1] _process (res://scripts/player/player_controller.gd:330)
ERROR: Basis [X: (0.974144, 0.11848, 0.192369), Y: (-0.01382, 0.881112, -0.472692), Z: (-0.225506, 0.457811, 0.859967)] must be normalized in order to be casted to a Quaternion. Use get_rotation_quaternion() or call orthonormalized() if the Basis contains linearly independent vectors.
   at: get_quaternion (core/math/basis.cpp:717)
   GDScript backtrace (most recent call first):
       [0] _carry_service_light (res://scripts/player/player_controller.gd:430)
       [1] _process (res://scripts/player/player_controller.gd:330)
ERROR: Basis [X: (1.0, 0.0, 0.0), Y: (0.0, 0.999994, 0.0), Z: (0.0, 0.0, 0.999994)] must be normalized in order to be casted to a Quaternion. Use get_rotation_quaternion() or call orthonormalized() if the Basis contains linearly independent vectors.
   at: get_quaternion (core/math/basis.cpp:717)
   GDScript backtrace (most recent call first):
       [0] _carry_service_light (res://scripts/player/player_controller.gd:430)
       [1] _process (res://scripts/player/player_controller.gd:330)
ERROR: Basis [X: (0.974695, 0.118097, 0.189792), Y: (-0.014698, 0.881064, -0.472756), Z: (-0.223053, 0.458004, 0.860505)] must be normalized in order to be casted to a Quaternion. Use get_rotation_quaternion() or call orthonormalized() if the Basis contains linearly independent vectors.
   at: get_quaternion (core/math/basis.cpp:717)
   GDScript backtrace (most recent call first):
       [0] _carry_service_light (res://scripts/player/player_controller.gd:430)
       [1] _process (res://scripts/player/player_controller.gd:330)
ERROR: Basis [X: (1.0, 0.0, 0.0), Y: (0.0, 0.999994, 0.0), Z: (0.0, 0.0, 0.999994)] must be normalized in order to be casted to a Quaternion. Use get_rotation_quaternion() or call orthonormalized() if the Basis contains linearly independent vectors.
   at: get_quaternion (core/math/basis.cpp:717)
   GDScript backtrace (most recent call first):
       [0] _carry_service_light (res://scripts/player/player_controller.gd:430)
       [1] _process (res://scripts/player/player_controller.gd:330)
ERROR: Basis [X: (0.975188, 0.117758, 0.18746), Y: (-0.015497, 0.881017, -0.472818), Z: (-0.220836, 0.458181, 0.860982)] must be normalized in order to be casted to a Quaternion. Use get_rotation_quaternion() or call orthonormalized() if the Basis contains linearly independent vectors.
   at: get_quaternion (core/math/basis.cpp:717)
   GDScript backtrace (most recent call first):
       [0] _carry_service_light (res://scripts/player/player_controller.gd:430)
       [1] _process (res://scripts/player/player_controller.gd:330)
ERROR: Basis [X: (1.0, 0.0, 0.0), Y: (0.0, 0.999994, 0.0), Z: (0.0, 0.0, 0.999994)] must be normalized in order to be casted to a Quaternion. Use get_rotation_quaternion() or call orthonormalized() if the Basis contains linearly independent vectors.
   at: get_quaternion (core/math/basis.cpp:717)
   GDScript backtrace (most recent call first):
       [0] _carry_service_light (res://scripts/player/player_controller.gd:430)
       [1] _process (res://scripts/player/player_controller.gd:330)
ERROR: Basis [X: (0.975628, 0.117456, 0.185348), Y: (-0.016224, 0.880972, -0.472878), Z: (-0.218831, 0.458346, 0.861406)] must be normalized in order to be casted to a Quaternion. Use get_rotation_quaternion() or call orthonormalized() if the Basis contains linearly independent vectors.
   at: get_quaternion (core/math/basis.cpp:717)
   GDScript backtrace (most recent call first):
       [0] _carry_service_light (res://scripts/player/player_controller.gd:430)
       [1] _process (res://scripts/player/player_controller.gd:330)
ERROR: Basis [X: (1.0, 0.0, 0.0), Y: (0.0, 0.999994, 0.0), Z: (0.0, 0.0, 0.999994)] must be normalized in order to be casted to a Quaternion. Use get_rotation_quaternion() or call orthonormalized() if the Basis contains linearly independent vectors.
   at: get_quaternion (core/math/basis.cpp:717)
   GDScript backtrace (most recent call first):
       [0] _carry_service_light (res://scripts/player/player_controller.gd:430)
       [1] _process (res://scripts/player/player_controller.gd:330)
ERROR: Basis [X: (0.976021, 0.117189, 0.183435), Y: (-0.016887, 0.880928, -0.472937), Z: (-0.217018, 0.458499, 0.861783)] must be normalized in order to be casted to a Quaternion. Use get_rotation_quaternion() or call orthonormalized() if the Basis contains linearly independent vectors.
   at: get_quaternion (core/math/basis.cpp:717)
   GDScript backtrace (most recent call first):
       [0] _carry_service_light (res://scripts/player/player_controller.gd:430)
       [1] _process (res://scripts/player/player_controller.gd:330)
ERROR: Basis [X: (1.0, 0.0, 0.0), Y: (0.0, 0.999994, 0.0), Z: (0.0, 0.0, 0.999994)] must be normalized in order to be casted to a Quaternion. Use get_rotation_quaternion() or call orthonormalized() if the Basis contains linearly independent vectors.
   at: get_quaternion (core/math/basis.cpp:717)
   GDScript backtrace (most recent call first):
       [0] _carry_service_light (res://scripts/player/player_controller.gd:430)
       [1] _process (res://scripts/player/player_controller.gd:330)
ERROR: Basis [X: (0.976374, 0.116954, 0.1817), Y: (-0.017493, 0.880884, -0.472996), Z: (-0.215378, 0.458642, 0.862118)] must be normalized in order to be casted to a Quaternion. Use get_rotation_quaternion() or call orthonormalized() if the Basis contains linearly independent vectors.
   at: get_quaternion (core/math/basis.cpp:717)
   GDScript backtrace (most recent call first):
       [0] _carry_service_light (res://scripts/player/player_controller.gd:430)
       [1] _process (res://scripts/player/player_controller.gd:330)
ERROR: Basis [X: (1.0, 0.0, 0.0), Y: (0.0, 0.999994, 0.0), Z: (0.0, 0.0, 0.999994)] must be normalized in order to be casted to a Quaternion. Use get_rotation_quaternion() or call orthonormalized() if the Basis contains linearly independent vectors.
   at: get_quaternion (core/math/basis.cpp:717)
   GDScript backtrace (most recent call first):
       [0] _carry_service_light (res://scripts/player/player_controller.gd:430)
       [1] _process (res://scripts/player/player_controller.gd:330)
ERROR: Basis [X: (0.97669, 0.116746, 0.180127), Y: (-0.018046, 0.880842, -0.473054), Z: (-0.213893, 0.458777, 0.862416)] must be normalized in order to be casted to a Quaternion. Use get_rotation_quaternion() or call orthonormalized() if the Basis contains linearly independent vectors.
   at: get_quaternion (core/math/basis.cpp:717)
   GDScript backtrace (most recent call first):
       [0] _carry_service_light (res://scripts/player/player_controller.gd:430)
       [1] _process (res://scripts/player/player_controller.gd:330)
ERROR: Basis [X: (1.0, 0.0, 0.0), Y: (0.0, 0.999994, 0.0), Z: (0.0, 0.0, 0.999994)] must be normalized in order to be casted to a Quaternion. Use get_rotation_quaternion() or call orthonormalized() if the Basis contains linearly independent vectors.
   at: get_quaternion (core/math/basis.cpp:717)
   GDScript backtrace (most recent call first):
       [0] _carry_service_light (res://scripts/player/player_controller.gd:430)
       [1] _process (res://scripts/player/player_controller.gd:330)
ERROR: Basis [X: (0.976975, 0.116564, 0.178698), Y: (-0.018552, 0.8808, -0.473113), Z: (-0.212548, 0.458904, 0.862681)] must be normalized in order to be casted to a Quaternion. Use get_rotation_quaternion() or call orthonormalized() if the Basis contains linearly independent vectors.
   at: get_quaternion (core/math/basis.cpp:717)
   GDScript backtrace (most recent call first):
       [0] _carry_service_light (res://scripts/player/player_controller.gd:430)
       [1] _process (res://scripts/player/player_controller.gd:330)
ERROR: Basis [X: (1.0, 0.0, 0.0), Y: (0.0, 0.999994, 0.0), Z: (0.0, 0.0, 0.999994)] must be normalized in order to be casted to a Quaternion. Use get_rotation_quaternion() or call orthonormalized() if the Basis contains linearly independent vectors.
   at: get_quaternion (core/math/basis.cpp:717)
   GDScript backtrace (most recent call first):
       [0] _carry_service_light (res://scripts/player/player_controller.gd:430)
       [1] _process (res://scripts/player/player_controller.gd:330)
ERROR: Basis [X: (0.97723, 0.116404, 0.1774), Y: (-0.019016, 0.880758, -0.473171), Z: (-0.211328, 0.459024, 0.862917)] must be normalized in order to be casted to a Quaternion. Use get_rotation_quaternion() or call orthonormalized() if the Basis contains linearly independent vectors.
   at: get_quaternion (core/math/basis.cpp:717)
   GDScript backtrace (most recent call first):
       [0] _carry_service_light (res://scripts/player/player_controller.gd:430)
       [1] _process (res://scripts/player/player_controller.gd:330)
ERROR: Basis [X: (1.0, 0.0, 0.0), Y: (0.0, 0.999994, 0.0), Z: (0.0, 0.0, 0.999994)] must be normalized in order to be casted to a Quaternion. Use get_rotation_quaternion() or call orthonormalized() if the Basis contains linearly independent vectors.
   at: get_quaternion (core/math/basis.cpp:717)
   GDScript backtrace (most recent call first):
       [0] _carry_service_light (res://scripts/player/player_controller.gd:430)
       [1] _process (res://scripts/player/player_controller.gd:330)
ERROR: Basis [X: (0.97746, 0.116265, 0.17622), Y: (-0.019442, 0.880717, -0.473231), Z: (-0.210222, 0.459138, 0.863126)] must be normalized in order to be casted to a Quaternion. Use get_rotation_quaternion() or call orthonormalized() if the Basis contains linearly independent vectors.
   at: get_quaternion (core/math/basis.cpp:717)
   GDScript backtrace (most recent call first):
       [0] _carry_service_light (res://scripts/player/player_controller.gd:430)
       [1] _process (res://scripts/player/player_controller.gd:330)
ERROR: Basis [X: (1.0, 0.0, 0.0), Y: (0.0, 0.999994, 0.0), Z: (0.0, 0.0, 0.999994)] must be normalized in order to be casted to a Quaternion. Use get_rotation_quaternion() or call orthonormalized() if the Basis contains linearly independent vectors.
   at: get_quaternion (core/math/basis.cpp:717)
   GDScript backtrace (most recent call first):
       [0] _carry_service_light (res://scripts/player/player_controller.gd:430)
       [1] _process (res://scripts/player/player_controller.gd:330)
ERROR: Basis [X: (0.977668, 0.116144, 0.175145), Y: (-0.019834, 0.880676, -0.47329), Z: (-0.209218, 0.459247, 0.863312)] must be normalized in order to be casted to a Quaternion. Use get_rotation_quaternion() or call orthonormalized() if the Basis contains linearly independent vectors.
   at: get_quaternion (core/math/basis.cpp:717)
   GDScript backtrace (most recent call first):
       [0] _carry_service_light (res://scripts/player/player_controller.gd:430)
       [1] _process (res://scripts/player/player_controller.gd:330)
ERROR: Basis [X: (1.0, 0.0, 0.0), Y: (0.0, 0.999994, 0.0), Z: (0.0, 0.0, 0.999994)] must be normalized in order to be casted to a Quaternion. Use get_rotation_quaternion() or call orthonormalized() if the Basis contains linearly independent vectors.
   at: get_quaternion (core/math/basis.cpp:717)
   GDScript backtrace (most recent call first):
       [0] _carry_service_light (res://scripts/player/player_controller.gd:430)
       [1] _process (res://scripts/player/player_controller.gd:330)
ERROR: Basis [X: (0.977855, 0.116039, 0.174166), Y: (-0.020194, 0.880635, -0.473351), Z: (-0.208306, 0.459351, 0.863477)] must be normalized in order to be casted to a Quaternion. Use get_rotation_quaternion() or call orthonormalized() if the Basis contains linearly independent vectors.
   at: get_quaternion (core/math/basis.cpp:717)
   GDScript backtrace (most recent call first):
       [0] _carry_service_light (res://scripts/player/player_controller.gd:430)
       [1] _process (res://scripts/player/player_controller.gd:330)
ERROR: Basis [X: (1.0, 0.0, 0.0), Y: (0.0, 0.999994, 0.0), Z: (0.0, 0.0, 0.999994)] must be normalized in order to be casted to a Quaternion. Use get_rotation_quaternion() or call orthonormalized() if the Basis contains linearly independent vectors.
   at: get_quaternion (core/math/basis.cpp:717)
   GDScript backtrace (most recent call first):
       [0] _carry_service_light (res://scripts/player/player_controller.gd:430)
       [1] _process (res://scripts/player/player_controller.gd:330)
ERROR: Basis [X: (0.978025, 0.115949, 0.173272), Y: (-0.020527, 0.880595, -0.473412), Z: (-0.207477, 0.459452, 0.863623)] must be normalized in order to be casted to a Quaternion. Use get_rotation_quaternion() or call orthonormalized() if the Basis contains linearly independent vectors.
   at: get_quaternion (core/math/basis.cpp:717)
   GDScript backtrace (most recent call first):
       [0] _carry_service_light (res://scripts/player/player_controller.gd:430)
       [1] _process (res://scripts/player/player_controller.gd:330)
ERROR: Basis [X: (1.0, 0.0, 0.0), Y: (0.0, 0.999994, 0.0), Z: (0.0, 0.0, 0.999994)] must be normalized in order to be casted to a Quaternion. Use get_rotation_quaternion() or call orthonormalized() if the Basis contains linearly independent vectors.
   at: get_quaternion (core/math/basis.cpp:717)
   GDScript backtrace (most recent call first):
       [0] _carry_service_light (res://scripts/player/player_controller.gd:430)
       [1] _process (res://scripts/player/player_controller.gd:330)
ERROR: Basis [X: (0.978178, 0.115873, 0.172455), Y: (-0.020834, 0.880554, -0.473474), Z: (-0.206721, 0.459549, 0.863753)] must be normalized in order to be casted to a Quaternion. Use get_rotation_quaternion() or call orthonormalized() if the Basis contains linearly independent vectors.
   at: get_quaternion (core/math/basis.cpp:717)
   GDScript backtrace (most recent call first):
       [0] _carry_service_light (res://scripts/player/player_controller.gd:430)
       [1] _process (res://scripts/player/player_controller.gd:330)
ERROR: Basis [X: (1.0, 0.0, 0.0), Y: (0.0, 0.999994, 0.0), Z: (0.0, 0.0, 0.999994)] must be normalized in order to be casted to a Quaternion. Use get_rotation_quaternion() or call orthonormalized() if the Basis contains linearly independent vectors.
   at: get_quaternion (core/math/basis.cpp:717)
   GDScript backtrace (most recent call first):
       [0] _carry_service_light (res://scripts/player/player_controller.gd:430)
       [1] _process (res://scripts/player/player_controller.gd:330)
ERROR: Basis [X: (0.978317, 0.115808, 0.171708), Y: (-0.021119, 0.880514, -0.473537), Z: (-0.206033, 0.459643, 0.863867)] must be normalized in order to be casted to a Quaternion. Use get_rotation_quaternion() or call orthonormalized() if the Basis contains linearly independent vectors.
   at: get_quaternion (core/math/basis.cpp:717)
   GDScript backtrace (most recent call first):
       [0] _carry_service_light (res://scripts/player/player_controller.gd:430)
       [1] _process (res://scripts/player/player_controller.gd:330)
ERROR: Basis [X: (1.0, 0.0, 0.0), Y: (0.0, 0.999994, 0.0), Z: (0.0, 0.0, 0.999994)] must be normalized in order to be casted to a Quaternion. Use get_rotation_quaternion() or call orthonormalized() if the Basis contains linearly independent vectors.
   at: get_quaternion (core/math/basis.cpp:717)
   GDScript backtrace (most recent call first):
       [0] _carry_service_light (res://scripts/player/player_controller.gd:430)
       [1] _process (res://scripts/player/player_controller.gd:330)
ERROR: Basis [X: (0.978443, 0.115755, 0.171023), Y: (-0.021384, 0.880473, -0.473601), Z: (-0.205405, 0.459735, 0.863968)] must be normalized in order to be casted to a Quaternion. Use get_rotation_quaternion() or call orthonormalized() if the Basis contains linearly independent vectors.
   at: get_quaternion (core/math/basis.cpp:717)
   GDScript backtrace (most recent call first):
       [0] _carry_service_light (res://scripts/player/player_controller.gd:430)
       [1] _process (res://scripts/player/player_controller.gd:330)
ERROR: Basis [X: (1.0, 0.0, 0.0), Y: (0.0, 0.999994, 0.0), Z: (0.0, 0.0, 0.999994)] must be normalized in order to be casted to a Quaternion. Use get_rotation_quaternion() or call orthonormalized() if the Basis contains linearly independent vectors.
   at: get_quaternion (core/math/basis.cpp:717)
   GDScript backtrace (most recent call first):
       [0] _carry_service_light (res://scripts/player/player_controller.gd:430)
       [1] _process (res://scripts/player/player_controller.gd:330)
ERROR: Basis [X: (0.978558, 0.115711, 0.170394), Y: (-0.02163, 0.880432, -0.473666), Z: (-0.204831, 0.459825, 0.864057)] must be normalized in order to be casted to a Quaternion. Use get_rotation_quaternion() or call orthonormalized() if the Basis contains linearly independent vectors.
   at: get_quaternion (core/math/basis.cpp:717)
   GDScript backtrace (most recent call first):
       [0] _carry_service_light (res://scripts/player/player_controller.gd:430)
       [1] _process (res://scripts/player/player_controller.gd:330)
ERROR: Basis [X: (1.0, 0.0, 0.0), Y: (0.0, 0.999994, 0.0), Z: (0.0, 0.0, 0.999994)] must be normalized in order to be casted to a Quaternion. Use get_rotation_quaternion() or call orthonormalized() if the Basis contains linearly independent vectors.
   at: get_quaternion (core/math/basis.cpp:717)
   GDScript backtrace (most recent call first):
       [0] _carry_service_light (res://scripts/player/player_controller.gd:430)
       [1] _process (res://scripts/player/player_controller.gd:330)
ERROR: Basis [X: (0.978663, 0.115675, 0.169816), Y: (-0.021859, 0.880391, -0.473732), Z: (-0.204306, 0.459912, 0.864134)] must be normalized in order to be casted to a Quaternion. Use get_rotation_quaternion() or call orthonormalized() if the Basis contains linearly independent vectors.
   at: get_quaternion (core/math/basis.cpp:717)
   GDScript backtrace (most recent call first):
       [0] _carry_service_light (res://scripts/player/player_controller.gd:430)
       [1] _process (res://scripts/player/player_controller.gd:330)
ERROR: Basis [X: (1.0, 0.0, 0.0), Y: (0.0, 0.999994, 0.0), Z: (0.0, 0.0, 0.999994)] must be normalized in order to be casted to a Quaternion. Use get_rotation_quaternion() or call orthonormalized() if the Basis contains linearly independent vectors.
   at: get_quaternion (core/math/basis.cpp:717)
   GDScript backtrace (most recent call first):
       [0] _carry_service_light (res://scripts/player/player_controller.gd:430)
       [1] _process (res://scripts/player/player_controller.gd:330)
ERROR: Basis [X: (0.978759, 0.115648, 0.169283), Y: (-0.022073, 0.880349, -0.473799), Z: (-0.203824, 0.459998, 0.864202)] must be normalized in order to be casted to a Quaternion. Use get_rotation_quaternion() or call orthonormalized() if the Basis contains linearly independent vectors.
   at: get_quaternion (core/math/basis.cpp:717)
   GDScript backtrace (most recent call first):
       [0] _carry_service_light (res://scripts/player/player_controller.gd:430)
       [1] _process (res://scripts/player/player_controller.gd:330)
ERROR: Basis [X: (1.0, 0.0, 0.0), Y: (0.0, 0.999994, 0.0), Z: (0.0, 0.0, 0.999994)] must be normalized in order to be casted to a Quaternion. Use get_rotation_quaternion() or call orthonormalized() if the Basis contains linearly independent vectors.
   at: get_quaternion (core/math/basis.cpp:717)
   GDScript backtrace (most recent call first):
       [0] _carry_service_light (res://scripts/player/player_controller.gd:430)
       [1] _process (res://scripts/player/player_controller.gd:330)
ERROR: Basis [X: (0.978846, 0.115627, 0.168791), Y: (-0.022274, 0.880308, -0.473867), Z: (-0.203382, 0.460083, 0.864261)] must be normalized in order to be casted to a Quaternion. Use get_rotation_quaternion() or call orthonormalized() if the Basis contains linearly independent vectors.
   at: get_quaternion (core/math/basis.cpp:717)
   GDScript backtrace (most recent call first):
       [0] _carry_service_light (res://scripts/player/player_controller.gd:430)
       [1] _process (res://scripts/player/player_controller.gd:330)
ERROR: Basis [X: (1.0, 0.0, 0.0), Y: (0.0, 0.999994, 0.0), Z: (0.0, 0.0, 0.999994)] must be normalized in order to be casted to a Quaternion. Use get_rotation_quaternion() or call orthonormalized() if the Basis contains linearly independent vectors.
   at: get_quaternion (core/math/basis.cpp:717)
   GDScript backtrace (most recent call first):
       [0] _carry_service_light (res://scripts/player/player_controller.gd:430)
       [1] _process (res://scripts/player/player_controller.gd:330)
ERROR: Basis [X: (0.978926, 0.115612, 0.168336), Y: (-0.022463, 0.880266, -0.473935), Z: (-0.202976, 0.460166, 0.864312)] must be normalized in order to be casted to a Quaternion. Use get_rotation_quaternion() or call orthonormalized() if the Basis contains linearly independent vectors.
   at: get_quaternion (core/math/basis.cpp:717)
   GDScript backtrace (most recent call first):
       [0] _carry_service_light (res://scripts/player/player_controller.gd:430)
       [1] _process (res://scripts/player/player_controller.gd:330)
ERROR: Basis [X: (1.0, 0.0, 0.0), Y: (0.0, 0.999994, 0.0), Z: (0.0, 0.0, 0.999994)] must be normalized in order to be casted to a Quaternion. Use get_rotation_quaternion() or call orthonormalized() if the Basis contains linearly independent vectors.
   at: get_quaternion (core/math/basis.cpp:717)
   GDScript backtrace (most recent call first):
       [0] _carry_service_light (res://scripts/player/player_controller.gd:430)
       [1] _process (res://scripts/player/player_controller.gd:330)
ERROR: Basis [X: (0.979, 0.115603, 0.167914), Y: (-0.022641, 0.880224, -0.474005), Z: (-0.202601, 0.460249, 0.864356)] must be normalized in order to be casted to a Quaternion. Use get_rotation_quaternion() or call orthonormalized() if the Basis contains linearly independent vectors.
   at: get_quaternion (core/math/basis.cpp:717)
   GDScript backtrace (most recent call first):
       [0] _carry_service_light (res://scripts/player/player_controller.gd:430)
       [1] _process (res://scripts/player/player_controller.gd:330)
ERROR: Basis [X: (1.0, 0.0, 0.0), Y: (0.0, 0.999994, 0.0), Z: (0.0, 0.0, 0.999994)] must be normalized in order to be casted to a Quaternion. Use get_rotation_quaternion() or call orthonormalized() if the Basis contains linearly independent vectors.
   at: get_quaternion (core/math/basis.cpp:717)
   GDScript backtrace (most recent call first):
       [0] _carry_service_light (res://scripts/player/player_controller.gd:430)
       [1] _process (res://scripts/player/player_controller.gd:330)
ERROR: Basis [X: (0.979067, 0.1156, 0.167522), Y: (-0.022808, 0.880182, -0.474076), Z: (-0.202255, 0.460331, 0.864394)] must be normalized in order to be casted to a Quaternion. Use get_rotation_quaternion() or call orthonormalized() if the Basis contains linearly independent vectors.
   at: get_quaternion (core/math/basis.cpp:717)
   GDScript backtrace (most recent call first):
       [0] _carry_service_light (res://scripts/player/player_controller.gd:430)
       [1] _process (res://scripts/player/player_controller.gd:330)
ERROR: Basis [X: (1.0, 0.0, 0.0), Y: (0.0, 0.999994, 0.0), Z: (0.0, 0.0, 0.999994)] must be normalized in order to be casted to a Quaternion. Use get_rotation_quaternion() or call orthonormalized() if the Basis contains linearly independent vectors.
   at: get_quaternion (core/math/basis.cpp:717)
   GDScript backtrace (most recent call first):
       [0] _carry_service_light (res://scripts/player/player_controller.gd:430)
       [1] _process (res://scripts/player/player_controller.gd:330)
ERROR: Basis [X: (0.97913, 0.1156, 0.167157), Y: (-0.022967, 0.880139, -0.474147), Z: (-0.201935, 0.460412, 0.864425)] must be normalized in order to be casted to a Quaternion. Use get_rotation_quaternion() or call orthonormalized() if the Basis contains linearly independent vectors.
   at: get_quaternion (core/math/basis.cpp:717)
   GDScript backtrace (most recent call first):
       [0] _carry_service_light (res://scripts/player/player_controller.gd:430)
       [1] _process (res://scripts/player/player_controller.gd:330)
ERROR: Basis [X: (1.0, 0.0, 0.0), Y: (0.0, 0.999994, 0.0), Z: (0.0, 0.0, 0.999994)] must be normalized in order to be casted to a Quaternion. Use get_rotation_quaternion() or call orthonormalized() if the Basis contains linearly independent vectors.
   at: get_quaternion (core/math/basis.cpp:717)
   GDScript backtrace (most recent call first):
       [0] _carry_service_light (res://scripts/player/player_controller.gd:430)
       [1] _process (res://scripts/player/player_controller.gd:330)
ERROR: Basis [X: (0.979187, 0.115605, 0.166815), Y: (-0.023117, 0.880096, -0.47422), Z: (-0.201638, 0.460493, 0.864451)] must be normalized in order to be casted to a Quaternion. Use get_rotation_quaternion() or call orthonormalized() if the Basis contains linearly independent vectors.
   at: get_quaternion (core/math/basis.cpp:717)
   GDScript backtrace (most recent call first):
       [0] _carry_service_light (res://scripts/player/player_controller.gd:430)
       [1] _process (res://scripts/player/player_controller.gd:330)
ERROR: Basis [X: (1.0, 0.0, 0.0), Y: (0.0, 0.999994, 0.0), Z: (0.0, 0.0, 0.999994)] must be normalized in order to be casted to a Quaternion. Use get_rotation_quaternion() or call orthonormalized() if the Basis contains linearly independent vectors.
   at: get_quaternion (core/math/basis.cpp:717)
   GDScript backtrace (most recent call first):
       [0] _carry_service_light (res://scripts/player/player_controller.gd:430)
       [1] _process (res://scripts/player/player_controller.gd:330)
ERROR: Basis [X: (0.979241, 0.115613, 0.166496), Y: (-0.023261, 0.880053, -0.474293), Z: (-0.201362, 0.460574, 0.864473)] must be normalized in order to be casted to a Quaternion. Use get_rotation_quaternion() or call orthonormalized() if the Basis contains linearly independent vectors.
   at: get_quaternion (core/math/basis.cpp:717)
   GDScript backtrace (most recent call first):
       [0] _carry_service_light (res://scripts/player/player_controller.gd:430)
       [1] _process (res://scripts/player/player_controller.gd:330)
ERROR: Basis [X: (1.0, 0.0, 0.0), Y: (0.0, 0.999994, 0.0), Z: (0.0, 0.0, 0.999994)] must be normalized in order to be casted to a Quaternion. Use get_rotation_quaternion() or call orthonormalized() if the Basis contains linearly independent vectors.
   at: get_quaternion (core/math/basis.cpp:717)
   GDScript backtrace (most recent call first):
       [0] _carry_service_light (res://scripts/player/player_controller.gd:430)
       [1] _process (res://scripts/player/player_controller.gd:330)
ERROR: Basis [X: (0.97929, 0.115624, 0.166196), Y: (-0.023397, 0.880009, -0.474367), Z: (-0.201104, 0.460655, 0.86449)] must be normalized in order to be casted to a Quaternion. Use get_rotation_quaternion() or call orthonormalized() if the Basis contains linearly independent vectors.
   at: get_quaternion (core/math/basis.cpp:717)
   GDScript backtrace (most recent call first):
       [0] _carry_service_light (res://scripts/player/player_controller.gd:430)
       [1] _process (res://scripts/player/player_controller.gd:330)
ERROR: Basis [X: (1.0, 0.0, 0.0), Y: (0.0, 0.999994, 0.0), Z: (0.0, 0.0, 0.999994)] must be normalized in order to be casted to a Quaternion. Use get_rotation_quaternion() or call orthonormalized() if the Basis contains linearly independent vectors.
   at: get_quaternion (core/math/basis.cpp:717)
   GDScript backtrace (most recent call first):
       [0] _carry_service_light (res://scripts/player/player_controller.gd:430)
       [1] _process (res://scripts/player/player_controller.gd:330)
ERROR: Basis [X: (0.979337, 0.115638, 0.165913), Y: (-0.023528, 0.879965, -0.474442), Z: (-0.200864, 0.460735, 0.864503)] must be normalized in order to be casted to a Quaternion. Use get_rotation_quaternion() or call orthonormalized() if the Basis contains linearly independent vectors.
   at: get_quaternion (core/math/basis.cpp:717)
   GDScript backtrace (most recent call first):
       [0] _carry_service_light (res://scripts/player/player_controller.gd:430)
       [1] _process (res://scripts/player/player_controller.gd:330)
ERROR: Basis [X: (1.0, 0.0, 0.0), Y: (0.0, 0.999994, 0.0), Z: (0.0, 0.0, 0.999994)] must be normalized in order to be casted to a Quaternion. Use get_rotation_quaternion() or call orthonormalized() if the Basis contains linearly independent vectors.
   at: get_quaternion (core/math/basis.cpp:717)
   GDScript backtrace (most recent call first):
       [0] _carry_service_light (res://scripts/player/player_controller.gd:430)
       [1] _process (res://scripts/player/player_controller.gd:330)
ERROR: Basis [X: (0.97938, 0.115655, 0.165647), Y: (-0.023653, 0.879921, -0.474518), Z: (-0.200639, 0.460816, 0.864512)] must be normalized in order to be casted to a Quaternion. Use get_rotation_quaternion() or call orthonormalized() if the Basis contains linearly independent vectors.
   at: get_quaternion (core/math/basis.cpp:717)
   GDScript backtrace (most recent call first):
       [0] _carry_service_light (res://scripts/player/player_controller.gd:430)
       [1] _process (res://scripts/player/player_controller.gd:330)
ERROR: Basis [X: (1.0, 0.0, 0.0), Y: (0.0, 0.999994, 0.0), Z: (0.0, 0.0, 0.999994)] must be normalized in order to be casted to a Quaternion. Use get_rotation_quaternion() or call orthonormalized() if the Basis contains linearly independent vectors.
   at: get_quaternion (core/math/basis.cpp:717)
   GDScript backtrace (most recent call first):
       [0] _carry_service_light (res://scripts/player/player_controller.gd:430)
       [1] _process (res://scripts/player/player_controller.gd:330)
ERROR: Basis [X: (0.97942, 0.115673, 0.165394), Y: (-0.023773, 0.879876, -0.474595), Z: (-0.200427, 0.460896, 0.864518)] must be normalized in order to be casted to a Quaternion. Use get_rotation_quaternion() or call orthonormalized() if the Basis contains linearly independent vectors.
   at: get_quaternion (core/math/basis.cpp:717)
   GDScript backtrace (most recent call first):
       [0] _carry_service_light (res://scripts/player/player_controller.gd:430)
       [1] _process (res://scripts/player/player_controller.gd:330)
ERROR: Basis [X: (1.0, 0.0, 0.0), Y: (0.0, 0.999994, 0.0), Z: (0.0, 0.0, 0.999994)] must be normalized in order to be casted to a Quaternion. Use get_rotation_quaternion() or call orthonormalized() if the Basis contains linearly independent vectors.
   at: get_quaternion (core/math/basis.cpp:717)
   GDScript backtrace (most recent call first):
       [0] _carry_service_light (res://scripts/player/player_controller.gd:430)
       [1] _process (res://scripts/player/player_controller.gd:330)
ERROR: Basis [X: (0.979458, 0.115694, 0.165154), Y: (-0.023888, 0.879831, -0.474672), Z: (-0.200227, 0.460977, 0.864522)] must be normalized in order to be casted to a Quaternion. Use get_rotation_quaternion() or call orthonormalized() if the Basis contains linearly independent vectors.
   at: get_quaternion (core/math/basis.cpp:717)
   GDScript backtrace (most recent call first):
       [0] _carry_service_light (res://scripts/player/player_controller.gd:430)
       [1] _process (res://scripts/player/player_controller.gd:330)
ERROR: Basis [X: (1.0, 0.0, 0.0), Y: (0.0, 0.999994, 0.0), Z: (0.0, 0.0, 0.999994)] must be normalized in order to be casted to a Quaternion. Use get_rotation_quaternion() or call orthonormalized() if the Basis contains linearly independent vectors.
   at: get_quaternion (core/math/basis.cpp:717)
   GDScript backtrace (most recent call first):
       [0] _carry_service_light (res://scripts/player/player_controller.gd:430)
       [1] _process (res://scripts/player/player_controller.gd:330)
ERROR: Basis [X: (0.979494, 0.115717, 0.164926), Y: (-0.024, 0.879786, -0.474751), Z: (-0.200039, 0.461057, 0.864522)] must be normalized in order to be casted to a Quaternion. Use get_rotation_quaternion() or call orthonormalized() if the Basis contains linearly independent vectors.
   at: get_quaternion (core/math/basis.cpp:717)
   GDScript backtrace (most recent call first):
       [0] _carry_service_light (res://scripts/player/player_controller.gd:430)
       [1] _process (res://scripts/player/player_controller.gd:330)
ERROR: Basis [X: (1.0, 0.0, 0.0), Y: (0.0, 0.999994, 0.0), Z: (0.0, 0.0, 0.999994)] must be normalized in order to be casted to a Quaternion. Use get_rotation_quaternion() or call orthonormalized() if the Basis contains linearly independent vectors.
   at: get_quaternion (core/math/basis.cpp:717)
   GDScript backtrace (most recent call first):
       [0] _carry_service_light (res://scripts/player/player_controller.gd:430)
       [1] _process (res://scripts/player/player_controller.gd:330)
ERROR: Basis [X: (0.979528, 0.115741, 0.164708), Y: (-0.024107, 0.87974, -0.47483), Z: (-0.19986, 0.461138, 0.86452)] must be normalized in order to be casted to a Quaternion. Use get_rotation_quaternion() or call orthonormalized() if the Basis contains linearly independent vectors.
   at: get_quaternion (core/math/basis.cpp:717)
   GDScript backtrace (most recent call first):
       [0] _carry_service_light (res://scripts/player/player_controller.gd:430)
       [1] _process (res://scripts/player/player_controller.gd:330)
ERROR: Basis [X: (1.0, 0.0, 0.0), Y: (0.0, 0.999994, 0.0), Z: (0.0, 0.0, 0.999994)] must be normalized in order to be casted to a Quaternion. Use get_rotation_quaternion() or call orthonormalized() if the Basis contains linearly independent vectors.
   at: get_quaternion (core/math/basis.cpp:717)
   GDScript backtrace (most recent call first):
       [0] _carry_service_light (res://scripts/player/player_controller.gd:430)
       [1] _process (res://scripts/player/player_controller.gd:330)
ERROR: Basis [X: (0.97956, 0.115008, 0.165031), Y: (-0.024211, 0.88187, -0.470858), Z: (-0.199691, 0.457238, 0.866629)] must be normalized in order to be casted to a Quaternion. Use get_rotation_quaternion() or call orthonormalized() if the Basis contains linearly independent vectors.
   at: get_quaternion (core/math/basis.cpp:717)
   GDScript backtrace (most recent call first):
       [0] _carry_service_light (res://scripts/player/player_controller.gd:430)
       [1] _process (res://scripts/player/player_controller.gd:330)
ERROR: Basis [X: (1.0, 0.0, 0.0), Y: (0.0, 0.999994, 0.0), Z: (0.0, 0.0, 0.999994)] must be normalized in order to be casted to a Quaternion. Use get_rotation_quaternion() or call orthonormalized() if the Basis contains linearly independent vectors.
   at: get_quaternion (core/math/basis.cpp:717)
   GDScript backtrace (most recent call first):
       [0] _carry_service_light (res://scripts/player/player_controller.gd:430)
       [1] _process (res://scripts/player/player_controller.gd:330)
ERROR: Basis [X: (0.979531, 0.113958, 0.165928), Y: (-0.024311, 0.885249, -0.464469), Z: (-0.19982, 0.450928, 0.869899)] must be normalized in order to be casted to a Quaternion. Use get_rotation_quaternion() or call orthonormalized() if the Basis contains linearly independent vectors.
   at: get_quaternion (core/math/basis.cpp:717)
   GDScript backtrace (most recent call first):
       [0] _carry_service_light (res://scripts/player/player_controller.gd:430)
       [1] _process (res://scripts/player/player_controller.gd:330)
ERROR: Basis [X: (1.0, 0.0, 0.0), Y: (0.0, 0.999994, 0.0), Z: (0.0, 0.0, 0.999994)] must be normalized in order to be casted to a Quaternion. Use get_rotation_quaternion() or call orthonormalized() if the Basis contains linearly independent vectors.
   at: get_quaternion (core/math/basis.cpp:717)
   GDScript backtrace (most recent call first):
       [0] _carry_service_light (res://scripts/player/player_controller.gd:430)
       [1] _process (res://scripts/player/player_controller.gd:330)
ERROR: Basis [X: (0.979451, 0.112177, 0.167605), Y: (-0.024361, 0.890755, -0.453816), Z: (-0.200205, 0.440408, 0.875184)] must be normalized in order to be casted to a Quaternion. Use get_rotation_quaternion() or call orthonormalized() if the Basis contains linearly independent vectors.
   at: get_quaternion (core/math/basis.cpp:717)
   GDScript backtrace (most recent call first):
       [0] _carry_service_light (res://scripts/player/player_controller.gd:430)
       [1] _process (res://scripts/player/player_controller.gd:330)
ERROR: Basis [X: (1.0, 0.0, 0.0), Y: (0.0, 0.999994, 0.0), Z: (0.0, 0.0, 0.999994)] must be normalized in order to be casted to a Quaternion. Use get_rotation_quaternion() or call orthonormalized() if the Basis contains linearly independent vectors.
   at: get_quaternion (core/math/basis.cpp:717)
   GDScript backtrace (most recent call first):
       [0] _carry_service_light (res://scripts/player/player_controller.gd:430)
       [1] _process (res://scripts/player/player_controller.gd:330)
ERROR: Basis [X: (0.979269, 0.110457, 0.169796), Y: (-0.024324, 0.896293, -0.44278), Z: (-0.201098, 0.429471, 0.880399)] must be normalized in order to be casted to a Quaternion. Use get_rotation_quaternion() or call orthonormalized() if the Basis contains linearly independent vectors.
   at: get_quaternion (core/math/basis.cpp:717)
   GDScript backtrace (most recent call first):
       [0] _carry_service_light (res://scripts/player/player_controller.gd:430)
       [1] _process (res://scripts/player/player_controller.gd:330)
ERROR: Basis [X: (1.0, 0.0, 0.0), Y: (0.0, 0.999994, 0.0), Z: (0.0, 0.0, 0.999994)] must be normalized in order to be casted to a Quaternion. Use get_rotation_quaternion() or call orthonormalized() if the Basis contains linearly independent vectors.
   at: get_quaternion (core/math/basis.cpp:717)
   GDScript backtrace (most recent call first):
       [0] _carry_service_light (res://scripts/player/player_controller.gd:430)
       [1] _process (res://scripts/player/player_controller.gd:330)
ERROR: Basis [X: (0.979054, 0.108324, 0.17239), Y: (-0.02421, 0.902643, -0.429695), Z: (-0.202156, 0.416521, 0.886359)] must be normalized in order to be casted to a Quaternion. Use get_rotation_quaternion() or call orthonormalized() if the Basis contains linearly independent vectors.
   at: get_quaternion (core/math/basis.cpp:717)
   GDScript backtrace (most recent call first):
       [0] _carry_service_light (res://scripts/player/player_controller.gd:430)
       [1] _process (res://scripts/player/player_controller.gd:330)
ERROR: Basis [X: (1.0, 0.0, 0.0), Y: (0.0, 0.999994, 0.0), Z: (0.0, 0.0, 0.999994)] must be normalized in order to be casted to a Quaternion. Use get_rotation_quaternion() or call orthonormalized() if the Basis contains linearly independent vectors.
   at: get_quaternion (core/math/basis.cpp:717)
   GDScript backtrace (most recent call first):
       [0] _carry_service_light (res://scripts/player/player_controller.gd:430)
       [1] _process (res://scripts/player/player_controller.gd:330)
ERROR: Basis [X: (0.978488, 0.106346, 0.176779), Y: (-0.02354, 0.908848, -0.416447), Z: (-0.204955, 0.403327, 0.891801)] must be normalized in order to be casted to a Quaternion. Use get_rotation_quaternion() or call orthonormalized() if the Basis contains linearly independent vectors.
   at: get_quaternion (core/math/basis.cpp:717)
   GDScript backtrace (most recent call first):
       [0] _carry_service_light (res://scripts/player/player_controller.gd:430)
       [1] _process (res://scripts/player/player_controller.gd:330)
ERROR: Basis [X: (1.0, 0.0, 0.0), Y: (0.0, 0.999994, 0.0), Z: (0.0, 0.0, 0.999994)] must be normalized in order to be casted to a Quaternion. Use get_rotation_quaternion() or call orthonormalized() if the Basis contains linearly independent vectors.
   at: get_quaternion (core/math/basis.cpp:717)
   GDScript backtrace (most recent call first):
       [0] _carry_service_light (res://scripts/player/player_controller.gd:430)
       [1] _process (res://scripts/player/player_controller.gd:330)
ERROR: Basis [X: (0.977919, 0.105093, 0.180635), Y: (-0.022859, 0.912955, -0.407403), Z: (-0.207729, 0.394278, 0.895199)] must be normalized in order to be casted to a Quaternion. Use get_rotation_quaternion() or call orthonormalized() if the Basis contains linearly independent vectors.
   at: get_quaternion (core/math/basis.cpp:717)
   GDScript backtrace (most recent call first):
       [0] _carry_service_light (res://scripts/player/player_controller.gd:430)
       [1] _process (res://scripts/player/player_controller.gd:330)
ERROR: Basis [X: (1.0, 0.0, 0.0), Y: (0.0, 0.999994, 0.0), Z: (0.0, 0.0, 0.999994)] must be normalized in order to be casted to a Quaternion. Use get_rotation_quaternion() or call orthonormalized() if the Basis contains linearly independent vectors.
   at: get_quaternion (core/math/basis.cpp:717)
   GDScript backtrace (most recent call first):
       [0] _carry_service_light (res://scripts/player/player_controller.gd:430)
       [1] _process (res://scripts/player/player_controller.gd:330)
ERROR: Basis [X: (0.977355, 0.105027, 0.183699), Y: (-0.022076, 0.913994, -0.405111), Z: (-0.21045, 0.391882, 0.895616)] must be normalized in order to be casted to a Quaternion. Use get_rotation_quaternion() or call orthonormalized() if the Basis contains linearly independent vectors.
   at: get_quaternion (core/math/basis.cpp:717)
   GDScript backtrace (most recent call first):
       [0] _carry_service_light (res://scripts/player/player_controller.gd:430)
       [1] _process (res://scripts/player/player_controller.gd:330)
ERROR: Basis [X: (1.0, 0.0, 0.0), Y: (0.0, 0.999994, 0.0), Z: (0.0, 0.0, 0.999994)] must be normalized in order to be casted to a Quaternion. Use get_rotation_quaternion() or call orthonormalized() if the Basis contains linearly independent vectors.
   at: get_quaternion (core/math/basis.cpp:717)
   GDScript backtrace (most recent call first):
       [0] _carry_service_light (res://scripts/player/player_controller.gd:430)
       [1] _process (res://scripts/player/player_controller.gd:330)
ERROR: Basis [X: (0.9768, 0.10363, 0.187408), Y: (-0.021151, 0.917518, -0.397115), Z: (-0.213107, 0.383938, 0.898423)] must be normalized in order to be casted to a Quaternion. Use get_rotation_quaternion() or call orthonormalized() if the Basis contains linearly independent vectors.
   at: get_quaternion (core/math/basis.cpp:717)
   GDScript backtrace (most recent call first):
       [0] _carry_service_light (res://scripts/player/player_controller.gd:430)
       [1] _process (res://scripts/player/player_controller.gd:330)
ERROR: Basis [X: (1.0, 0.0, 0.0), Y: (0.0, 0.999994, 0.0), Z: (0.0, 0.0, 0.999994)] must be normalized in order to be casted to a Quaternion. Use get_rotation_quaternion() or call orthonormalized() if the Basis contains linearly independent vectors.
   at: get_quaternion (core/math/basis.cpp:717)
   GDScript backtrace (most recent call first):
       [0] _carry_service_light (res://scripts/player/player_controller.gd:430)
       [1] _process (res://scripts/player/player_controller.gd:330)
ERROR: Basis [X: (0.975944, 0.103192, 0.192051), Y: (-0.019934, 0.919431, -0.392729), Z: (-0.217107, 0.379454, 0.89937)] must be normalized in order to be casted to a Quaternion. Use get_rotation_quaternion() or call orthonormalized() if the Basis contains linearly independent vectors.
   at: get_quaternion (core/math/basis.cpp:717)
   GDScript backtrace (most recent call first):
       [0] _carry_service_light (res://scripts/player/player_controller.gd:430)
       [1] _process (res://scripts/player/player_controller.gd:330)
ERROR: Basis [X: (1.0, 0.0, 0.0), Y: (0.0, 0.999994, 0.0), Z: (0.0, 0.0, 0.999994)] must be normalized in order to be casted to a Quaternion. Use get_rotation_quaternion() or call orthonormalized() if the Basis contains linearly independent vectors.
   at: get_quaternion (core/math/basis.cpp:717)
   GDScript backtrace (most recent call first):
       [0] _carry_service_light (res://scripts/player/player_controller.gd:430)
       [1] _process (res://scripts/player/player_controller.gd:330)
ERROR: Basis [X: (0.975514, 0.102976, 0.19434), Y: (-0.019281, 0.920251, -0.390835), Z: (-0.219091, 0.377518, 0.899704)] must be normalized in order to be casted to a Quaternion. Use get_rotation_quaternion() or call orthonormalized() if the Basis contains linearly independent vectors.
   at: get_quaternion (core/math/basis.cpp:717)
   GDScript backtrace (most recent call first):
       [0] _carry_service_light (res://scripts/player/player_controller.gd:430)
       [1] _process (res://scripts/player/player_controller.gd:330)
ERROR: Basis [X: (1.0, 0.0, 0.0), Y: (0.0, 0.999993, 0.0), Z: (0.0, 0.0, 0.999993)] must be normalized in order to be casted to a Quaternion. Use get_rotation_quaternion() or call orthonormalized() if the Basis contains linearly independent vectors.
   at: get_quaternion (core/math/basis.cpp:717)
   GDScript backtrace (most recent call first):
       [0] _carry_service_light (res://scripts/player/player_controller.gd:430)
       [1] _process (res://scripts/player/player_controller.gd:330)
ERROR: Basis [X: (0.974898, 0.103267, 0.197255), Y: (-0.018296, 0.92009, -0.391261), Z: (-0.2219, 0.377831, 0.898884)] must be normalized in order to be casted to a Quaternion. Use get_rotation_quaternion() or call orthonormalized() if the Basis contains linearly independent vectors.
   at: get_quaternion (core/math/basis.cpp:717)
   GDScript backtrace (most recent call first):
       [0] _carry_service_light (res://scripts/player/player_controller.gd:430)
       [1] _process (res://scripts/player/player_controller.gd:330)
ERROR: Basis [X: (1.0, 0.0, 0.0), Y: (0.0, 0.999993, 0.0), Z: (0.0, 0.0, 0.999993)] must be normalized in order to be casted to a Quaternion. Use get_rotation_quaternion() or call orthonormalized() if the Basis contains linearly independent vectors.
   at: get_quaternion (core/math/basis.cpp:717)
   GDScript backtrace (most recent call first):
       [0] _carry_service_light (res://scripts/player/player_controller.gd:430)
       [1] _process (res://scripts/player/player_controller.gd:330)
ERROR: Basis [X: (0.974984, 0.103275, 0.196826), Y: (-0.018343, 0.919863, -0.391793), Z: (-0.221519, 0.378381, 0.898746)] must be normalized in order to be casted to a Quaternion. Use get_rotation_quaternion() or call orthonormalized() if the Basis contains linearly independent vectors.
   at: get_quaternion (core/math/basis.cpp:717)
   GDScript backtrace (most recent call first):
       [0] _carry_service_light (res://scripts/player/player_controller.gd:430)
       [1] _process (res://scripts/player/player_controller.gd:330)
ERROR: Basis [X: (1.0, 0.0, 0.0), Y: (0.0, 0.999993, 0.0), Z: (0.0, 0.0, 0.999993)] must be normalized in order to be casted to a Quaternion. Use get_rotation_quaternion() or call orthonormalized() if the Basis contains linearly independent vectors.
   at: get_quaternion (core/math/basis.cpp:717)
   GDScript backtrace (most recent call first):
       [0] _carry_service_light (res://scripts/player/player_controller.gd:430)
       [1] _process (res://scripts/player/player_controller.gd:330)
ERROR: Basis [X: (0.975408, 0.10315, 0.194779), Y: (-0.018926, 0.919657, -0.39225), Z: (-0.219594, 0.378917, 0.898992)] must be normalized in order to be casted to a Quaternion. Use get_rotation_quaternion() or call orthonormalized() if the Basis contains linearly independent vectors.
   at: get_quaternion (core/math/basis.cpp:717)
   GDScript backtrace (most recent call first):
       [0] _carry_service_light (res://scripts/player/player_controller.gd:430)
       [1] _process (res://scripts/player/player_controller.gd:330)
ERROR: Basis [X: (1.0, 0.0, 0.0), Y: (0.0, 0.999993, 0.0), Z: (0.0, 0.0, 0.999993)] must be normalized in order to be casted to a Quaternion. Use get_rotation_quaternion() or call orthonormalized() if the Basis contains linearly independent vectors.
   at: get_quaternion (core/math/basis.cpp:717)
   GDScript backtrace (most recent call first):
       [0] _carry_service_light (res://scripts/player/player_controller.gd:430)
       [1] _process (res://scripts/player/player_controller.gd:330)
ERROR: Basis [X: (0.975844, 0.103019, 0.19265), Y: (-0.019549, 0.919467, -0.392664), Z: (-0.21759, 0.379413, 0.89927)] must be normalized in order to be casted to a Quaternion. Use get_rotation_quaternion() or call orthonormalized() if the Basis contains linearly independent vectors.
   at: get_quaternion (core/math/basis.cpp:717)
   GDScript backtrace (most recent call first):
       [0] _carry_service_light (res://scripts/player/player_controller.gd:430)
       [1] _process (res://scripts/player/player_controller.gd:330)
ERROR: Basis [X: (1.0, 0.0, 0.0), Y: (0.0, 0.999993, 0.0), Z: (0.0, 0.0, 0.999993)] must be normalized in order to be casted to a Quaternion. Use get_rotation_quaternion() or call orthonormalized() if the Basis contains linearly independent vectors.
   at: get_quaternion (core/math/basis.cpp:717)
   GDScript backtrace (most recent call first):
       [0] _carry_service_light (res://scripts/player/player_controller.gd:430)
       [1] _process (res://scripts/player/player_controller.gd:330)
ERROR: Basis [X: (0.976291, 0.102883, 0.190446), Y: (-0.020206, 0.919292, -0.39304), Z: (-0.215515, 0.379873, 0.899576)] must be normalized in order to be casted to a Quaternion. Use get_rotation_quaternion() or call orthonormalized() if the Basis contains linearly independent vectors.
   at: get_quaternion (core/math/basis.cpp:717)
   GDScript backtrace (most recent call first):
       [0] _carry_service_light (res://scripts/player/player_controller.gd:430)
       [1] _process (res://scripts/player/player_controller.gd:330)
ERROR: Basis [X: (1.0, 0.0, 0.0), Y: (0.0, 0.999993, 0.0), Z: (0.0, 0.0, 0.999993)] must be normalized in order to be casted to a Quaternion. Use get_rotation_quaternion() or call orthonormalized() if the Basis contains linearly independent vectors.
   at: get_quaternion (core/math/basis.cpp:717)
   GDScript backtrace (most recent call first):
       [0] _carry_service_light (res://scripts/player/player_controller.gd:430)
       [1] _process (res://scripts/player/player_controller.gd:330)
ERROR: Basis [X: (0.976691, 0.102764, 0.188449), Y: (-0.020805, 0.91913, -0.393387), Z: (-0.213638, 0.380296, 0.899845)] must be normalized in order to be casted to a Quaternion. Use get_rotation_quaternion() or call orthonormalized() if the Basis contains linearly independent vectors.
   at: get_quaternion (core/math/basis.cpp:717)
   GDScript backtrace (most recent call first):
       [0] _carry_service_light (res://scripts/player/player_controller.gd:430)
       [1] _process (res://scripts/player/player_controller.gd:330)
ERROR: Basis [X: (1.0, 0.0, 0.0), Y: (0.0, 0.999993, 0.0), Z: (0.0, 0.0, 0.999993)] must be normalized in order to be casted to a Quaternion. Use get_rotation_quaternion() or call orthonormalized() if the Basis contains linearly independent vectors.
   at: get_quaternion (core/math/basis.cpp:717)
   GDScript backtrace (most recent call first):
       [0] _carry_service_light (res://scripts/player/player_controller.gd:430)
       [1] _process (res://scripts/player/player_controller.gd:330)
ERROR: Basis [X: (0.977049, 0.102661, 0.18664), Y: (-0.021353, 0.91898, -0.393707), Z: (-0.21194, 0.380686, 0.900081)] must be normalized in order to be casted to a Quaternion. Use get_rotation_quaternion() or call orthonormalized() if the Basis contains linearly independent vectors.
   at: get_quaternion (core/math/basis.cpp:717)
   GDScript backtrace (most recent call first):
       [0] _carry_service_light (res://scripts/player/player_controller.gd:430)
       [1] _process (res://scripts/player/player_controller.gd:330)
ERROR: Basis [X: (1.0, 0.0, 0.0), Y: (0.0, 0.999993, 0.0), Z: (0.0, 0.0, 0.999993)] must be normalized in order to be casted to a Quaternion. Use get_rotation_quaternion() or call orthonormalized() if the Basis contains linearly independent vectors.
   at: get_quaternion (core/math/basis.cpp:717)
   GDScript backtrace (most recent call first):
       [0] _carry_service_light (res://scripts/player/player_controller.gd:430)
       [1] _process (res://scripts/player/player_controller.gd:330)
ERROR: Basis [X: (0.977371, 0.102573, 0.184999), Y: (-0.021853, 0.918841, -0.394005), Z: (-0.210402, 0.381046, 0.90029)] must be normalized in order to be casted to a Quaternion. Use get_rotation_quaternion() or call orthonormalized() if the Basis contains linearly independent vectors.
   at: get_quaternion (core/math/basis.cpp:717)
   GDScript backtrace (most recent call first):
       [0] _carry_service_light (res://scripts/player/player_controller.gd:430)
       [1] _process (res://scripts/player/player_controller.gd:330)
ERROR: Basis [X: (1.0, 0.0, 0.0), Y: (0.0, 0.999993, 0.0), Z: (0.0, 0.0, 0.999993)] must be normalized in order to be casted to a Quaternion. Use get_rotation_quaternion() or call orthonormalized() if the Basis contains linearly independent vectors.
   at: get_quaternion (core/math/basis.cpp:717)
   GDScript backtrace (most recent call first):
       [0] _carry_service_light (res://scripts/player/player_controller.gd:430)
       [1] _process (res://scripts/player/player_controller.gd:330)
ERROR: Basis [X: (0.977659, 0.102498, 0.18351), Y: (-0.02231, 0.918711, -0.394282), Z: (-0.209009, 0.381379, 0.900473)] must be normalized in order to be casted to a Quaternion. Use get_rotation_quaternion() or call orthonormalized() if the Basis contains linearly independent vectors.
   at: get_quaternion (core/math/basis.cpp:717)
   GDScript backtrace (most recent call first):
       [0] _carry_service_light (res://scripts/player/player_controller.gd:430)
       [1] _process (res://scripts/player/player_controller.gd:330)
ERROR: Basis [X: (1.0, 0.0, 0.0), Y: (0.0, 0.999993, 0.0), Z: (0.0, 0.0, 0.999993)] must be normalized in order to be casted to a Quaternion. Use get_rotation_quaternion() or call orthonormalized() if the Basis contains linearly independent vectors.
   at: get_quaternion (core/math/basis.cpp:717)
   GDScript backtrace (most recent call first):
       [0] _carry_service_light (res://scripts/player/player_controller.gd:430)
       [1] _process (res://scripts/player/player_controller.gd:330)
ERROR: Basis [X: (0.977919, 0.102435, 0.182158), Y: (-0.022729, 0.91859, -0.39454), Z: (-0.207746, 0.381688, 0.900635)] must be normalized in order to be casted to a Quaternion. Use get_rotation_quaternion() or call orthonormalized() if the Basis contains linearly independent vectors.
   at: get_quaternion (core/math/basis.cpp:717)
   GDScript backtrace (most recent call first):
       [0] _carry_service_light (res://scripts/player/player_controller.gd:430)
       [1] _process (res://scripts/player/player_controller.gd:330)
ERROR: Basis [X: (1.0, 0.0, 0.0), Y: (0.0, 0.999993, 0.0), Z: (0.0, 0.0, 0.999993)] must be normalized in order to be casted to a Quaternion. Use get_rotation_quaternion() or call orthonormalized() if the Basis contains linearly independent vectors.
   at: get_quaternion (core/math/basis.cpp:717)
   GDScript backtrace (most recent call first):
       [0] _carry_service_light (res://scripts/player/player_controller.gd:430)
       [1] _process (res://scripts/player/player_controller.gd:330)
ERROR: Basis [X: (0.978152, 0.102381, 0.180929), Y: (-0.023113, 0.918477, -0.394782), Z: (-0.206601, 0.381975, 0.900776)] must be normalized in order to be casted to a Quaternion. Use get_rotation_quaternion() or call orthonormalized() if the Basis contains linearly independent vectors.
   at: get_quaternion (core/math/basis.cpp:717)
   GDScript backtrace (most recent call first):
       [0] _carry_service_light (res://scripts/player/player_controller.gd:430)
       [1] _process (res://scripts/player/player_controller.gd:330)
ERROR: Basis [X: (1.0, 0.0, 0.0), Y: (0.0, 0.999993, 0.0), Z: (0.0, 0.0, 0.999993)] must be normalized in order to be casted to a Quaternion. Use get_rotation_quaternion() or call orthonormalized() if the Basis contains linearly independent vectors.
   at: get_quaternion (core/math/basis.cpp:717)
   GDScript backtrace (most recent call first):
       [0] _carry_service_light (res://scripts/player/player_controller.gd:430)
       [1] _process (res://scripts/player/player_controller.gd:330)
ERROR: Basis [X: (0.978363, 0.102338, 0.179812), Y: (-0.023465, 0.91837, -0.395009), Z: (-0.205561, 0.382243, 0.900901)] must be normalized in order to be casted to a Quaternion. Use get_rotation_quaternion() or call orthonormalized() if the Basis contains linearly independent vectors.
   at: get_quaternion (core/math/basis.cpp:717)
   GDScript backtrace (most recent call first):
       [0] _carry_service_light (res://scripts/player/player_controller.gd:430)
       [1] _process (res://scripts/player/player_controller.gd:330)
ERROR: Basis [X: (1.0, 0.0, 0.0), Y: (0.0, 0.999993, 0.0), Z: (0.0, 0.0, 0.999993)] must be normalized in order to be casted to a Quaternion. Use get_rotation_quaternion() or call orthonormalized() if the Basis contains linearly independent vectors.
   at: get_quaternion (core/math/basis.cpp:717)
   GDScript backtrace (most recent call first):
       [0] _carry_service_light (res://scripts/player/player_controller.gd:430)
       [1] _process (res://scripts/player/player_controller.gd:330)
ERROR: Basis [X: (0.978553, 0.102302, 0.178794), Y: (-0.023788, 0.91827, -0.395222), Z: (-0.204616, 0.382493, 0.90101)] must be normalized in order to be casted to a Quaternion. Use get_rotation_quaternion() or call orthonormalized() if the Basis contains linearly independent vectors.
   at: get_quaternion (core/math/basis.cpp:717)
   GDScript backtrace (most recent call first):
       [0] _carry_service_light (res://scripts/player/player_controller.gd:430)
       [1] _process (res://scripts/player/player_controller.gd:330)
ERROR: Basis [X: (1.0, 0.0, 0.0), Y: (0.0, 0.999993, 0.0), Z: (0.0, 0.0, 0.999993)] must be normalized in order to be casted to a Quaternion. Use get_rotation_quaternion() or call orthonormalized() if the Basis contains linearly independent vectors.
   at: get_quaternion (core/math/basis.cpp:717)
   GDScript backtrace (most recent call first):
       [0] _carry_service_light (res://scripts/player/player_controller.gd:430)
       [1] _process (res://scripts/player/player_controller.gd:330)
ERROR: Basis [X: (0.978725, 0.102274, 0.177866), Y: (-0.024086, 0.918176, -0.395424), Z: (-0.203757, 0.382727, 0.901105)] must be normalized in order to be casted to a Quaternion. Use get_rotation_quaternion() or call orthonormalized() if the Basis contains linearly independent vectors.
   at: get_quaternion (core/math/basis.cpp:717)
   GDScript backtrace (most recent call first):
       [0] _carry_service_light (res://scripts/player/player_controller.gd:430)
       [1] _process (res://scripts/player/player_controller.gd:330)
ERROR: Basis [X: (1.0, 0.0, 0.0), Y: (0.0, 0.999993, 0.0), Z: (0.0, 0.0, 0.999993)] must be normalized in order to be casted to a Quaternion. Use get_rotation_quaternion() or call orthonormalized() if the Basis contains linearly independent vectors.
   at: get_quaternion (core/math/basis.cpp:717)
   GDScript backtrace (most recent call first):
       [0] _carry_service_light (res://scripts/player/player_controller.gd:430)
       [1] _process (res://scripts/player/player_controller.gd:330)
ERROR: Basis [X: (0.978881, 0.102253, 0.17702), Y: (-0.024361, 0.918086, -0.395615), Z: (-0.202975, 0.382947, 0.901188)] must be normalized in order to be casted to a Quaternion. Use get_rotation_quaternion() or call orthonormalized() if the Basis contains linearly independent vectors.
   at: get_quaternion (core/math/basis.cpp:717)
   GDScript backtrace (most recent call first):
       [0] _carry_service_light (res://scripts/player/player_controller.gd:430)
       [1] _process (res://scripts/player/player_controller.gd:330)
ERROR: Basis [X: (1.0, 0.0, 0.0), Y: (0.0, 0.999993, 0.0), Z: (0.0, 0.0, 0.999993)] must be normalized in order to be casted to a Quaternion. Use get_rotation_quaternion() or call orthonormalized() if the Basis contains linearly independent vectors.
   at: get_quaternion (core/math/basis.cpp:717)
   GDScript backtrace (most recent call first):
       [0] _carry_service_light (res://scripts/player/player_controller.gd:430)
       [1] _process (res://scripts/player/player_controller.gd:330)
ERROR: Basis [X: (0.979022, 0.102238, 0.176246), Y: (-0.024614, 0.918001, -0.395796), Z: (-0.202262, 0.383155, 0.90126)] must be normalized in order to be casted to a Quaternion. Use get_rotation_quaternion() or call orthonormalized() if the Basis contains linearly independent vectors.
   at: get_quaternion (core/math/basis.cpp:717)
   GDScript backtrace (most recent call first):
       [0] _carry_service_light (res://scripts/player/player_controller.gd:430)
       [1] _process (res://scripts/player/player_controller.gd:330)
ERROR: Basis [X: (1.0, 0.0, 0.0), Y: (0.0, 0.999993, 0.0), Z: (0.0, 0.0, 0.999993)] must be normalized in order to be casted to a Quaternion. Use get_rotation_quaternion() or call orthonormalized() if the Basis contains linearly independent vectors.
   at: get_quaternion (core/math/basis.cpp:717)
   GDScript backtrace (most recent call first):
       [0] _carry_service_light (res://scripts/player/player_controller.gd:430)
       [1] _process (res://scripts/player/player_controller.gd:330)
ERROR: Basis [X: (0.97915, 0.102229, 0.175538), Y: (-0.024848, 0.91792, -0.395968), Z: (-0.201612, 0.383351, 0.901322)] must be normalized in order to be casted to a Quaternion. Use get_rotation_quaternion() or call orthonormalized() if the Basis contains linearly independent vectors.
   at: get_quaternion (core/math/basis.cpp:717)
   GDScript backtrace (most recent call first):
       [0] _carry_service_light (res://scripts/player/player_controller.gd:430)
       [1] _process (res://scripts/player/player_controller.gd:330)
ERROR: Basis [X: (1.0, 0.0, 0.0), Y: (0.0, 0.999993, 0.0), Z: (0.0, 0.0, 0.999993)] must be normalized in order to be casted to a Quaternion. Use get_rotation_quaternion() or call orthonormalized() if the Basis contains linearly independent vectors.
   at: get_quaternion (core/math/basis.cpp:717)
   GDScript backtrace (most recent call first):
       [0] _carry_service_light (res://scripts/player/player_controller.gd:430)
       [1] _process (res://scripts/player/player_controller.gd:330)
ERROR: Basis [X: (0.979267, 0.102224, 0.17489), Y: (-0.025066, 0.917843, -0.396133), Z: (-0.201019, 0.383536, 0.901376)] must be normalized in order to be casted to a Quaternion. Use get_rotation_quaternion() or call orthonormalized() if the Basis contains linearly independent vectors.
   at: get_quaternion (core/math/basis.cpp:717)
   GDScript backtrace (most recent call first):
       [0] _carry_service_light (res://scripts/player/player_controller.gd:430)
       [1] _process (res://scripts/player/player_controller.gd:330)
ERROR: Basis [X: (1.0, 0.0, 0.0), Y: (0.0, 0.999993, 0.0), Z: (0.0, 0.0, 0.999993)] must be normalized in order to be casted to a Quaternion. Use get_rotation_quaternion() or call orthonormalized() if the Basis contains linearly independent vectors.
   at: get_quaternion (core/math/basis.cpp:717)
   GDScript backtrace (most recent call first):
       [0] _carry_service_light (res://scripts/player/player_controller.gd:430)
       [1] _process (res://scripts/player/player_controller.gd:330)
ERROR: Basis [X: (0.979373, 0.102223, 0.174295), Y: (-0.025267, 0.91777, -0.396291), Z: (-0.200476, 0.383713, 0.901422)] must be normalized in order to be casted to a Quaternion. Use get_rotation_quaternion() or call orthonormalized() if the Basis contains linearly independent vectors.
   at: get_quaternion (core/math/basis.cpp:717)
   GDScript backtrace (most recent call first):
       [0] _carry_service_light (res://scripts/player/player_controller.gd:430)
       [1] _process (res://scripts/player/player_controller.gd:330)
ERROR: Basis [X: (1.0, 0.0, 0.0), Y: (0.0, 0.999993, 0.0), Z: (0.0, 0.0, 0.999993)] must be normalized in order to be casted to a Quaternion. Use get_rotation_quaternion() or call orthonormalized() if the Basis contains linearly independent vectors.
   at: get_quaternion (core/math/basis.cpp:717)
   GDScript backtrace (most recent call first):
       [0] _carry_service_light (res://scripts/player/player_controller.gd:430)
       [1] _process (res://scripts/player/player_controller.gd:330)
ERROR: Basis [X: (0.97947, 0.102226, 0.173749), Y: (-0.025454, 0.917699, -0.396443), Z: (-0.199979, 0.383881, 0.90146)] must be normalized in order to be casted to a Quaternion. Use get_rotation_quaternion() or call orthonormalized() if the Basis contains linearly independent vectors.
   at: get_quaternion (core/math/basis.cpp:717)
   GDScript backtrace (most recent call first):
       [0] _carry_service_light (res://scripts/player/player_controller.gd:430)
       [1] _process (res://scripts/player/player_controller.gd:330)
ERROR: Basis [X: (1.0, 0.0, 0.0), Y: (0.0, 0.999993, 0.0), Z: (0.0, 0.0, 0.999993)] must be normalized in order to be casted to a Quaternion. Use get_rotation_quaternion() or call orthonormalized() if the Basis contains linearly independent vectors.
   at: get_quaternion (core/math/basis.cpp:717)
   GDScript backtrace (most recent call first):
       [0] _carry_service_light (res://scripts/player/player_controller.gd:430)
       [1] _process (res://scripts/player/player_controller.gd:330)
ERROR: Basis [X: (0.979609, 0.101812, 0.173204), Y: (-0.025719, 0.918541, -0.39447), Z: (-0.199259, 0.381972, 0.90243)] must be normalized in order to be casted to a Quaternion. Use get_rotation_quaternion() or call orthonormalized() if the Basis contains linearly independent vectors.
   at: get_quaternion (core/math/basis.cpp:717)
   GDScript backtrace (most recent call first):
       [0] _carry_service_light (res://scripts/player/player_controller.gd:430)
       [1] _process (res://scripts/player/player_controller.gd:330)
ERROR: Basis [X: (1.0, 0.0, 0.0), Y: (0.0, 0.999993, 0.0), Z: (0.0, 0.0, 0.999993)] must be normalized in order to be casted to a Quaternion. Use get_rotation_quaternion() or call orthonormalized() if the Basis contains linearly independent vectors.
   at: get_quaternion (core/math/basis.cpp:717)
   GDScript backtrace (most recent call first):
       [0] _carry_service_light (res://scripts/player/player_controller.gd:430)
       [1] _process (res://scripts/player/player_controller.gd:330)
ERROR: Basis [X: (0.979783, 0.101788, 0.172234), Y: (-0.026098, 0.918561, -0.394399), Z: (-0.198355, 0.381931, 0.902647)] must be normalized in order to be casted to a Quaternion. Use get_rotation_quaternion() or call orthonormalized() if the Basis contains linearly independent vectors.
   at: get_quaternion (core/math/basis.cpp:717)
   GDScript backtrace (most recent call first):
       [0] _carry_service_light (res://scripts/player/player_controller.gd:430)
       [1] _process (res://scripts/player/player_controller.gd:330)
ERROR: Basis [X: (1.0, 0.0, 0.0), Y: (0.0, 0.999993, 0.0), Z: (0.0, 0.0, 0.999993)] must be normalized in order to be casted to a Quaternion. Use get_rotation_quaternion() or call orthonormalized() if the Basis contains linearly independent vectors.
   at: get_quaternion (core/math/basis.cpp:717)
   GDScript backtrace (most recent call first):
       [0] _carry_service_light (res://scripts/player/player_controller.gd:430)
       [1] _process (res://scripts/player/player_controller.gd:330)
ERROR: Basis [X: (0.980095, 0.101695, 0.170502), Y: (-0.026671, 0.918492, -0.39452), Z: (-0.196729, 0.38212, 0.902922)] must be normalized in order to be casted to a Quaternion. Use get_rotation_quaternion() or call orthonormalized() if the Basis contains linearly independent vectors.
   at: get_quaternion (core/math/basis.cpp:717)
   GDScript backtrace (most recent call first):
       [0] _carry_service_light (res://scripts/player/player_controller.gd:430)
       [1] _process (res://scripts/player/player_controller.gd:330)
ERROR: Basis [X: (1.0, 0.0, 0.0), Y: (0.0, 0.999993, 0.0), Z: (0.0, 0.0, 0.999993)] must be normalized in order to be casted to a Quaternion. Use get_rotation_quaternion() or call orthonormalized() if the Basis contains linearly independent vectors.
   at: get_quaternion (core/math/basis.cpp:717)
   GDScript backtrace (most recent call first):
       [0] _carry_service_light (res://scripts/player/player_controller.gd:430)
       [1] _process (res://scripts/player/player_controller.gd:330)
ERROR: Basis [X: (0.980375, 0.101616, 0.168932), Y: (-0.027194, 0.918427, -0.394637), Z: (-0.195256, 0.382299, 0.903166)] must be normalized in order to be casted to a Quaternion. Use get_rotation_quaternion() or call orthonormalized() if the Basis contains linearly independent vectors.
   at: get_quaternion (core/math/basis.cpp:717)
   GDScript backtrace (most recent call first):
       [0] _carry_service_light (res://scripts/player/player_controller.gd:430)
       [1] _process (res://scripts/player/player_controller.gd:330)
ERROR: Basis [X: (1.0, 0.0, 0.0), Y: (0.0, 0.999993, 0.0), Z: (0.0, 0.0, 0.999993)] must be normalized in order to be casted to a Quaternion. Use get_rotation_quaternion() or call orthonormalized() if the Basis contains linearly independent vectors.
   at: get_quaternion (core/math/basis.cpp:717)
   GDScript backtrace (most recent call first):
       [0] _carry_service_light (res://scripts/player/player_controller.gd:430)
       [1] _process (res://scripts/player/player_controller.gd:330)
ERROR: Basis [X: (0.980676, 0.101525, 0.167232), Y: (-0.02776, 0.918364, -0.394744), Z: (-0.193659, 0.382473, 0.903436)] must be normalized in order to be casted to a Quaternion. Use get_rotation_quaternion() or call orthonormalized() if the Basis contains linearly independent vectors.
   at: get_quaternion (core/math/basis.cpp:717)
   GDScript backtrace (most recent call first):
       [0] _carry_service_light (res://scripts/player/player_controller.gd:430)
       [1] _process (res://scripts/player/player_controller.gd:330)
ERROR: Basis [X: (1.0, 0.0, 0.0), Y: (0.0, 0.999993, 0.0), Z: (0.0, 0.0, 0.999993)] must be normalized in order to be casted to a Quaternion. Use get_rotation_quaternion() or call orthonormalized() if the Basis contains linearly independent vectors.
   at: get_quaternion (core/math/basis.cpp:717)
   GDScript backtrace (most recent call first):
       [0] _carry_service_light (res://scripts/player/player_controller.gd:430)
       [1] _process (res://scripts/player/player_controller.gd:330)
ERROR: Basis [X: (0.980848, 0.101492, 0.166243), Y: (-0.028096, 0.918302, -0.394864), Z: (-0.192739, 0.382631, 0.903566)] must be normalized in order to be casted to a Quaternion. Use get_rotation_quaternion() or call orthonormalized() if the Basis contains linearly independent vectors.
   at: get_quaternion (core/math/basis.cpp:717)
   GDScript backtrace (most recent call first):
       [0] _carry_service_light (res://scripts/player/player_controller.gd:430)
       [1] _process (res://scripts/player/player_controller.gd:330)
ERROR: Basis [X: (1.0, 0.0, 0.0), Y: (0.0, 0.999993, 0.0), Z: (0.0, 0.0, 0.999993)] must be normalized in order to be casted to a Quaternion. Use get_rotation_quaternion() or call orthonormalized() if the Basis contains linearly independent vectors.
   at: get_quaternion (core/math/basis.cpp:717)
   GDScript backtrace (most recent call first):
       [0] _carry_service_light (res://scripts/player/player_controller.gd:430)
       [1] _process (res://scripts/player/player_controller.gd:330)
ERROR: Basis [X: (0.981052, 0.101443, 0.165065), Y: (-0.028494, 0.918243, -0.394973), Z: (-0.19164, 0.382786, 0.903734)] must be normalized in order to be casted to a Quaternion. Use get_rotation_quaternion() or call orthonormalized() if the Basis contains linearly independent vectors.
   at: get_quaternion (core/math/basis.cpp:717)
   GDScript backtrace (most recent call first):
       [0] _carry_service_light (res://scripts/player/player_controller.gd:430)
       [1] _process (res://scripts/player/player_controller.gd:330)
ERROR: Basis [X: (1.0, 0.0, 0.0), Y: (0.0, 0.999993, 0.0), Z: (0.0, 0.0, 0.999993)] must be normalized in order to be casted to a Quaternion. Use get_rotation_quaternion() or call orthonormalized() if the Basis contains linearly independent vectors.
   at: get_quaternion (core/math/basis.cpp:717)
   GDScript backtrace (most recent call first):
       [0] _carry_service_light (res://scripts/player/player_controller.gd:430)
       [1] _process (res://scripts/player/player_controller.gd:330)
ERROR: Basis [X: (0.981429, 0.101314, 0.162888), Y: (-0.029219, 0.918188, -0.395048), Z: (-0.189588, 0.382952, 0.904096)] must be normalized in order to be casted to a Quaternion. Use get_rotation_quaternion() or call orthonormalized() if the Basis contains linearly independent vectors.
   at: get_quaternion (core/math/basis.cpp:717)
   GDScript backtrace (most recent call first):
       [0] _carry_service_light (res://scripts/player/player_controller.gd:430)
       [1] _process (res://scripts/player/player_controller.gd:330)
ERROR: Basis [X: (1.0, 0.0, 0.0), Y: (0.0, 0.999993, 0.0), Z: (0.0, 0.0, 0.999993)] must be normalized in order to be casted to a Quaternion. Use get_rotation_quaternion() or call orthonormalized() if the Basis contains linearly independent vectors.
   at: get_quaternion (core/math/basis.cpp:717)
   GDScript backtrace (most recent call first):
       [0] _carry_service_light (res://scripts/player/player_controller.gd:430)
       [1] _process (res://scripts/player/player_controller.gd:330)
ERROR: Basis [X: (0.981622, 0.101267, 0.161747), Y: (-0.029607, 0.918132, -0.395148), Z: (-0.188524, 0.383097, 0.904257)] must be normalized in order to be casted to a Quaternion. Use get_rotation_quaternion() or call orthonormalized() if the Basis contains linearly independent vectors.
   at: get_quaternion (core/math/basis.cpp:717)
   GDScript backtrace (most recent call first):
       [0] _carry_service_light (res://scripts/player/player_controller.gd:430)
       [1] _process (res://scripts/player/player_controller.gd:330)
ERROR: Basis [X: (1.0, 0.0, 0.0), Y: (0.0, 0.999993, 0.0), Z: (0.0, 0.0, 0.999993)] must be normalized in order to be casted to a Quaternion. Use get_rotation_quaternion() or call orthonormalized() if the Basis contains linearly independent vectors.
   at: get_quaternion (core/math/basis.cpp:717)
   GDScript backtrace (most recent call first):
       [0] _carry_service_light (res://scripts/player/player_controller.gd:430)
       [1] _process (res://scripts/player/player_controller.gd:330)
ERROR: Basis [X: (0.981749, 0.100881, 0.161219), Y: (-0.029871, 0.918984, -0.393143), Z: (-0.187821, 0.381152, 0.905225)] must be normalized in order to be casted to a Quaternion. Use get_rotation_quaternion() or call orthonormalized() if the Basis contains linearly independent vectors.
   at: get_quaternion (core/math/basis.cpp:717)
   GDScript backtrace (most recent call first):
       [0] _carry_service_light (res://scripts/player/player_controller.gd:430)
       [1] _process (res://scripts/player/player_controller.gd:330)
ERROR: Basis [X: (1.0, 0.0, 0.0), Y: (0.0, 0.999993, 0.0), Z: (0.0, 0.0, 0.999993)] must be normalized in order to be casted to a Quaternion. Use get_rotation_quaternion() or call orthonormalized() if the Basis contains linearly independent vectors.
   at: get_quaternion (core/math/basis.cpp:717)
   GDScript backtrace (most recent call first):
       [0] _carry_service_light (res://scripts/player/player_controller.gd:430)
       [1] _process (res://scripts/player/player_controller.gd:330)
ERROR: Basis [X: (0.981908, 0.100857, 0.160265), Y: (-0.030246, 0.919015, -0.393042), Z: (-0.18693, 0.381084, 0.905438)] must be normalized in order to be casted to a Quaternion. Use get_rotation_quaternion() or call orthonormalized() if the Basis contains linearly independent vectors.
   at: get_quaternion (core/math/basis.cpp:717)
   GDScript backtrace (most recent call first):
       [0] _carry_service_light (res://scripts/player/player_controller.gd:430)
       [1] _process (res://scripts/player/player_controller.gd:330)
ERROR: Basis [X: (1.0, 0.0, 0.0), Y: (0.0, 0.999993, 0.0), Z: (0.0, 0.0, 0.999992)] must be normalized in order to be casted to a Quaternion. Use get_rotation_quaternion() or call orthonormalized() if the Basis contains linearly independent vectors.
   at: get_quaternion (core/math/basis.cpp:717)
   GDScript backtrace (most recent call first):
       [0] _carry_service_light (res://scripts/player/player_controller.gd:430)
       [1] _process (res://scripts/player/player_controller.gd:330)
ERROR: Basis [X: (0.982196, 0.100766, 0.158547), Y: (-0.030819, 0.918957, -0.393132), Z: (-0.185315, 0.381247, 0.905701)] must be normalized in order to be casted to a Quaternion. Use get_rotation_quaternion() or call orthonormalized() if the Basis contains linearly independent vectors.
   at: get_quaternion (core/math/basis.cpp:717)
   GDScript backtrace (most recent call first):
       [0] _carry_service_light (res://scripts/player/player_controller.gd:430)
       [1] _process (res://scripts/player/player_controller.gd:330)
ERROR: Basis [X: (1.0, 0.0, 0.0), Y: (0.0, 0.999992, 0.0), Z: (0.0, 0.0, 0.999992)] must be normalized in order to be casted to a Quaternion. Use get_rotation_quaternion() or call orthonormalized() if the Basis contains linearly independent vectors.
   at: get_quaternion (core/math/basis.cpp:717)
   GDScript backtrace (most recent call first):
       [0] _carry_service_light (res://scripts/player/player_controller.gd:430)
       [1] _process (res://scripts/player/player_controller.gd:330)
ERROR: Basis [X: (0.982407, 0.100348, 0.157498), Y: (-0.03125, 0.919802, -0.391116), Z: (-0.184117, 0.379313, 0.906757)] must be normalized in order to be casted to a Quaternion. Use get_rotation_quaternion() or call orthonormalized() if the Basis contains linearly independent vectors.
   at: get_quaternion (core/math/basis.cpp:717)
   GDScript backtrace (most recent call first):
       [0] _carry_service_light (res://scripts/player/player_controller.gd:430)
       [1] _process (res://scripts/player/player_controller.gd:330)
ERROR: Basis [X: (1.0, 0.0, 0.0), Y: (0.0, 0.999992, 0.0), Z: (0.0, 0.0, 0.999992)] must be normalized in order to be casted to a Quaternion. Use get_rotation_quaternion() or call orthonormalized() if the Basis contains linearly independent vectors.
   at: get_quaternion (core/math/basis.cpp:717)
   GDScript backtrace (most recent call first):
       [0] _carry_service_light (res://scripts/player/player_controller.gd:430)
       [1] _process (res://scripts/player/player_controller.gd:330)
ERROR: Basis [X: (0.98264, 0.09993, 0.156307), Y: (-0.031775, 0.920728, -0.388889), Z: (-0.182781, 0.377171, 0.90792)] must be normalized in order to be casted to a Quaternion. Use get_rotation_quaternion() or call orthonormalized() if the Basis contains linearly independent vectors.
   at: get_quaternion (core/math/basis.cpp:717)
   GDScript backtrace (most recent call first):
       [0] _carry_service_light (res://scripts/player/player_controller.gd:430)
       [1] _process (res://scripts/player/player_controller.gd:330)
ERROR: Basis [X: (1.0, 0.0, 0.0), Y: (0.0, 0.999992, 0.0), Z: (0.0, 0.0, 0.999992)] must be normalized in order to be casted to a Quaternion. Use get_rotation_quaternion() or call orthonormalized() if the Basis contains linearly independent vectors.
   at: get_quaternion (core/math/basis.cpp:717)
   GDScript backtrace (most recent call first):
       [0] _carry_service_light (res://scripts/player/player_controller.gd:430)
       [1] _process (res://scripts/player/player_controller.gd:330)
ERROR: Basis [X: (0.983168, 0.099388, 0.153305), Y: (-0.032885, 0.921646, -0.386615), Z: (-0.179721, 0.375066, 0.909401)] must be normalized in order to be casted to a Quaternion. Use get_rotation_quaternion() or call orthonormalized() if the Basis contains linearly independent vectors.
   at: get_quaternion (core/math/basis.cpp:717)
   GDScript backtrace (most recent call first):
       [0] _carry_service_light (res://scripts/player/player_controller.gd:430)
       [1] _process (res://scripts/player/player_controller.gd:330)
ERROR: Basis [X: (1.0, 0.0, 0.0), Y: (0.0, 0.999992, 0.0), Z: (0.0, 0.0, 0.999992)] must be normalized in order to be casted to a Quaternion. Use get_rotation_quaternion() or call orthonormalized() if the Basis contains linearly independent vectors.
   at: get_quaternion (core/math/basis.cpp:717)
   GDScript backtrace (most recent call first):
       [0] _carry_service_light (res://scripts/player/player_controller.gd:430)
       [1] _process (res://scripts/player/player_controller.gd:330)
ERROR: Basis [X: (0.983412, 0.098977, 0.152001), Y: (-0.033436, 0.92255, -0.384407), Z: (-0.178279, 0.372948, 0.910555)] must be normalized in order to be casted to a Quaternion. Use get_rotation_quaternion() or call orthonormalized() if the Basis contains linearly independent vectors.
   at: get_quaternion (core/math/basis.cpp:717)
   GDScript backtrace (most recent call first):
       [0] _carry_service_light (res://scripts/player/player_controller.gd:430)
       [1] _process (res://scripts/player/player_controller.gd:330)
ERROR: Basis [X: (1.0, 0.0, 0.0), Y: (0.0, 0.999992, 0.0), Z: (0.0, 0.0, 0.999992)] must be normalized in order to be casted to a Quaternion. Use get_rotation_quaternion() or call orthonormalized() if the Basis contains linearly independent vectors.
   at: get_quaternion (core/math/basis.cpp:717)
   GDScript backtrace (most recent call first):
       [0] _carry_service_light (res://scripts/player/player_controller.gd:430)
       [1] _process (res://scripts/player/player_controller.gd:330)
ERROR: Basis [X: (0.983719, 0.09889, 0.150057), Y: (-0.034118, 0.922562, -0.384318), Z: (-0.176444, 0.372941, 0.910916)] must be normalized in order to be casted to a Quaternion. Use get_rotation_quaternion() or call orthonormalized() if the Basis contains linearly independent vectors.
   at: get_quaternion (core/math/basis.cpp:717)
   GDScript backtrace (most recent call first):
       [0] _carry_service_light (res://scripts/player/player_controller.gd:430)
       [1] _process (res://scripts/player/player_controller.gd:330)
ERROR: Basis [X: (1.0, 0.0, 0.0), Y: (0.0, 0.999992, 0.0), Z: (0.0, 0.0, 0.999992)] must be normalized in order to be casted to a Quaternion. Use get_rotation_quaternion() or call orthonormalized() if the Basis contains linearly independent vectors.
   at: get_quaternion (core/math/basis.cpp:717)
   GDScript backtrace (most recent call first):
       [0] _carry_service_light (res://scripts/player/player_controller.gd:430)
       [1] _process (res://scripts/player/player_controller.gd:330)
ERROR: Basis [X: (0.98391, 0.098502, 0.149059), Y: (-0.034518, 0.923368, -0.382341), Z: (-0.175301, 0.371044, 0.911911)] must be normalized in order to be casted to a Quaternion. Use get_rotation_quaternion() or call orthonormalized() if the Basis contains linearly independent vectors.
   at: get_quaternion (core/math/basis.cpp:717)
   GDScript backtrace (most recent call first):
       [0] _carry_service_light (res://scripts/player/player_controller.gd:430)
       [1] _process (res://scripts/player/player_controller.gd:330)
ERROR: Basis [X: (1.0, 0.0, 0.0), Y: (0.0, 0.999992, 0.0), Z: (0.0, 0.0, 0.999992)] must be normalized in order to be casted to a Quaternion. Use get_rotation_quaternion() or call orthonormalized() if the Basis contains linearly independent vectors.
   at: get_quaternion (core/math/basis.cpp:717)
   GDScript backtrace (most recent call first):
       [0] _carry_service_light (res://scripts/player/player_controller.gd:430)
       [1] _process (res://scripts/player/player_controller.gd:330)
ERROR: Basis [X: (0.98377, 0.098605, 0.149909), Y: (-0.034288, 0.923373, -0.38235), Z: (-0.176126, 0.371004, 0.911768)] must be normalized in order to be casted to a Quaternion. Use get_rotation_quaternion() or call orthonormalized() if the Basis contains linearly independent vectors.
   at: get_quaternion (core/math/basis.cpp:717)
   GDScript backtrace (most recent call first):
       [0] _carry_service_light (res://scripts/player/player_controller.gd:430)
       [1] _process (res://scripts/player/player_controller.gd:330)
ERROR: Basis [X: (1.0, 0.0, 0.0), Y: (0.0, 0.999992, 0.0), Z: (0.0, 0.0, 0.999992)] must be normalized in order to be casted to a Quaternion. Use get_rotation_quaternion() or call orthonormalized() if the Basis contains linearly independent vectors.
   at: get_quaternion (core/math/basis.cpp:717)
   GDScript backtrace (most recent call first):
       [0] _carry_service_light (res://scripts/player/player_controller.gd:430)
       [1] _process (res://scripts/player/player_controller.gd:330)
ERROR: Basis [X: (0.98356, 0.098729, 0.1512), Y: (-0.033866, 0.923291, -0.382585), Z: (-0.177377, 0.371175, 0.911456)] must be normalized in order to be casted to a Quaternion. Use get_rotation_quaternion() or call orthonormalized() if the Basis contains linearly independent vectors.
   at: get_quaternion (core/math/basis.cpp:717)
   GDScript backtrace (most recent call first):
       [0] _carry_service_light (res://scripts/player/player_controller.gd:430)
       [1] _process (res://scripts/player/player_controller.gd:330)
ERROR: Basis [X: (1.0, 0.0, 0.0), Y: (0.0, 0.999992, 0.0), Z: (0.0, 0.0, 0.999992)] must be normalized in order to be casted to a Quaternion. Use get_rotation_quaternion() or call orthonormalized() if the Basis contains linearly independent vectors.
   at: get_quaternion (core/math/basis.cpp:717)
   GDScript backtrace (most recent call first):
       [0] _carry_service_light (res://scripts/player/player_controller.gd:430)
       [1] _process (res://scripts/player/player_controller.gd:330)
ERROR: Basis [X: (0.983371, 0.098845, 0.152352), Y: (-0.033491, 0.923213, -0.382805), Z: (-0.178495, 0.371336, 0.911171)] must be normalized in order to be casted to a Quaternion. Use get_rotation_quaternion() or call orthonormalized() if the Basis contains linearly independent vectors.
   at: get_quaternion (core/math/basis.cpp:717)
   GDScript backtrace (most recent call first):
       [0] _carry_service_light (res://scripts/player/player_controller.gd:430)
       [1] _process (res://scripts/player/player_controller.gd:330)
ERROR: Basis [X: (1.0, 0.0, 0.0), Y: (0.0, 0.999992, 0.0), Z: (0.0, 0.0, 0.999992)] must be normalized in order to be casted to a Quaternion. Use get_rotation_quaternion() or call orthonormalized() if the Basis contains linearly independent vectors.
   at: get_quaternion (core/math/basis.cpp:717)
   GDScript backtrace (most recent call first):
       [0] _carry_service_light (res://scripts/player/player_controller.gd:430)
       [1] _process (res://scripts/player/player_controller.gd:330)
ERROR: Basis [X: (0.983155, 0.09897, 0.153656), Y: (-0.033067, 0.923139, -0.38302), Z: (-0.179757, 0.371487, 0.910862)] must be normalized in order to be casted to a Quaternion. Use get_rotation_quaternion() or call orthonormalized() if the Basis contains linearly independent vectors.
   at: get_quaternion (core/math/basis.cpp:717)
   GDScript backtrace (most recent call first):
       [0] _carry_service_light (res://scripts/player/player_controller.gd:430)
       [1] _process (res://scripts/player/player_controller.gd:330)
ERROR: Basis [X: (1.0, 0.0, 0.0), Y: (0.0, 0.999992, 0.0), Z: (0.0, 0.0, 0.999992)] must be normalized in order to be casted to a Quaternion. Use get_rotation_quaternion() or call orthonormalized() if the Basis contains linearly independent vectors.
   at: get_quaternion (core/math/basis.cpp:717)
   GDScript backtrace (most recent call first):
       [0] _carry_service_light (res://scripts/player/player_controller.gd:430)
       [1] _process (res://scripts/player/player_controller.gd:330)
ERROR: Basis [X: (0.982961, 0.099086, 0.15482), Y: (-0.03269, 0.923069, -0.383222), Z: (-0.180884, 0.371631, 0.91058)] must be normalized in order to be casted to a Quaternion. Use get_rotation_quaternion() or call orthonormalized() if the Basis contains linearly independent vectors.
   at: get_quaternion (core/math/basis.cpp:717)
   GDScript backtrace (most recent call first):
       [0] _carry_service_light (res://scripts/player/player_controller.gd:430)
       [1] _process (res://scripts/player/player_controller.gd:330)
ERROR: Basis [X: (1.0, 0.0, 0.0), Y: (0.0, 0.999992, 0.0), Z: (0.0, 0.0, 0.999992)] must be normalized in order to be casted to a Quaternion. Use get_rotation_quaternion() or call orthonormalized() if the Basis contains linearly independent vectors.
   at: get_quaternion (core/math/basis.cpp:717)
   GDScript backtrace (most recent call first):
       [0] _carry_service_light (res://scripts/player/player_controller.gd:430)
       [1] _process (res://scripts/player/player_controller.gd:330)
ERROR: Basis [X: (0.98274, 0.099211, 0.156135), Y: (-0.032264, 0.923001, -0.38342), Z: (-0.182156, 0.371765, 0.910272)] must be normalized in order to be casted to a Quaternion. Use get_rotation_quaternion() or call orthonormalized() if the Basis contains linearly independent vectors.
   at: get_quaternion (core/math/basis.cpp:717)
   GDScript backtrace (most recent call first):
       [0] _carry_service_light (res://scripts/player/player_controller.gd:430)
       [1] _process (res://scripts/player/player_controller.gd:330)
ERROR: Basis [X: (1.0, 0.0, 0.0), Y: (0.0, 0.999992, 0.0), Z: (0.0, 0.0, 0.999992)] must be normalized in order to be casted to a Quaternion. Use get_rotation_quaternion() or call orthonormalized() if the Basis contains linearly independent vectors.
   at: get_quaternion (core/math/basis.cpp:717)
   GDScript backtrace (most recent call first):
       [0] _carry_service_light (res://scripts/player/player_controller.gd:430)
       [1] _process (res://scripts/player/player_controller.gd:330)
ERROR: Basis [X: (0.982541, 0.099327, 0.157309), Y: (-0.031885, 0.922937, -0.383607), Z: (-0.183292, 0.371894, 0.909991)] must be normalized in order to be casted to a Quaternion. Use get_rotation_quaternion() or call orthonormalized() if the Basis contains linearly independent vectors.
   at: get_quaternion (core/math/basis.cpp:717)
   GDScript backtrace (most recent call first):
       [0] _carry_service_light (res://scripts/player/player_controller.gd:430)
       [1] _process (res://scripts/player/player_controller.gd:330)
ERROR: Basis [X: (1.0, 0.0, 0.0), Y: (0.0, 0.999992, 0.0), Z: (0.0, 0.0, 0.999992)] must be normalized in order to be casted to a Quaternion. Use get_rotation_quaternion() or call orthonormalized() if the Basis contains linearly independent vectors.
   at: get_quaternion (core/math/basis.cpp:717)
   GDScript backtrace (most recent call first):
       [0] _carry_service_light (res://scripts/player/player_controller.gd:430)
       [1] _process (res://scripts/player/player_controller.gd:330)
ERROR: Basis [X: (0.982362, 0.099434, 0.158356), Y: (-0.031548, 0.922875, -0.383783), Z: (-0.184307, 0.372018, 0.909735)] must be normalized in order to be casted to a Quaternion. Use get_rotation_quaternion() or call orthonormalized() if the Basis contains linearly independent vectors.
   at: get_quaternion (core/math/basis.cpp:717)
   GDScript backtrace (most recent call first):
       [0] _carry_service_light (res://scripts/player/player_controller.gd:430)
       [1] _process (res://scripts/player/player_controller.gd:330)
ERROR: Basis [X: (1.0, 0.0, 0.0), Y: (0.0, 0.999992, 0.0), Z: (0.0, 0.0, 0.999992)] must be normalized in order to be casted to a Quaternion. Use get_rotation_quaternion() or call orthonormalized() if the Basis contains linearly independent vectors.
   at: get_quaternion (core/math/basis.cpp:717)
   GDScript backtrace (most recent call first):
       [0] _carry_service_light (res://scripts/player/player_controller.gd:430)
       [1] _process (res://scripts/player/player_controller.gd:330)
ERROR: Basis [X: (0.982295, 0.099496, 0.158735), Y: (-0.031431, 0.922818, -0.383932), Z: (-0.184686, 0.372145, 0.909606)] must be normalized in order to be casted to a Quaternion. Use get_rotation_quaternion() or call orthonormalized() if the Basis contains linearly independent vectors.
   at: get_quaternion (core/math/basis.cpp:717)
   GDScript backtrace (most recent call first):
       [0] _carry_service_light (res://scripts/player/player_controller.gd:430)
       [1] _process (res://scripts/player/player_controller.gd:330)
ERROR: Basis [X: (1.0, 0.0, 0.0), Y: (0.0, 0.999992, 0.0), Z: (0.0, 0.0, 0.999992)] must be normalized in order to be casted to a Quaternion. Use get_rotation_quaternion() or call orthonormalized() if the Basis contains linearly independent vectors.
   at: get_quaternion (core/math/basis.cpp:717)
   GDScript backtrace (most recent call first):
       [0] _carry_service_light (res://scripts/player/player_controller.gd:430)
       [1] _process (res://scripts/player/player_controller.gd:330)
ERROR: Basis [X: (0.982142, 0.099592, 0.159621), Y: (-0.031147, 0.922761, -0.384091), Z: (-0.185547, 0.37226, 0.909384)] must be normalized in order to be casted to a Quaternion. Use get_rotation_quaternion() or call orthonormalized() if the Basis contains linearly independent vectors.
   at: get_quaternion (core/math/basis.cpp:717)
   GDScript backtrace (most recent call first):
       [0] _carry_service_light (res://scripts/player/player_controller.gd:430)
       [1] _process (res://scripts/player/player_controller.gd:330)
ERROR: Basis [X: (1.0, 0.0, 0.0), Y: (0.0, 0.999992, 0.0), Z: (0.0, 0.0, 0.999992)] must be normalized in order to be casted to a Quaternion. Use get_rotation_quaternion() or call orthonormalized() if the Basis contains linearly independent vectors.
   at: get_quaternion (core/math/basis.cpp:717)
   GDScript backtrace (most recent call first):
       [0] _carry_service_light (res://scripts/player/player_controller.gd:430)
       [1] _process (res://scripts/player/player_controller.gd:330)
ERROR: Basis [X: (0.982004, 0.09968, 0.160409), Y: (-0.030897, 0.922706, -0.384242), Z: (-0.186315, 0.372372, 0.909181)] must be normalized in order to be casted to a Quaternion. Use get_rotation_quaternion() or call orthonormalized() if the Basis contains linearly independent vectors.
   at: get_quaternion (core/math/basis.cpp:717)
   GDScript backtrace (most recent call first):
       [0] _carry_service_light (res://scripts/player/player_controller.gd:430)
       [1] _process (res://scripts/player/player_controller.gd:330)
ERROR: Basis [X: (1.0, 0.0, 0.0), Y: (0.0, 0.999992, 0.0), Z: (0.0, 0.0, 0.999992)] must be normalized in order to be casted to a Quaternion. Use get_rotation_quaternion() or call orthonormalized() if the Basis contains linearly independent vectors.
   at: get_quaternion (core/math/basis.cpp:717)
   GDScript backtrace (most recent call first):
       [0] _carry_service_light (res://scripts/player/player_controller.gd:430)
       [1] _process (res://scripts/player/player_controller.gd:330)
ERROR: Basis [X: (0.981881, 0.099763, 0.161109), Y: (-0.030675, 0.922654, -0.384386), Z: (-0.186998, 0.37248, 0.908997)] must be normalized in order to be casted to a Quaternion. Use get_rotation_quaternion() or call orthonormalized() if the Basis contains linearly independent vectors.
   at: get_quaternion (core/math/basis.cpp:717)
   GDScript backtrace (most recent call first):
       [0] _carry_service_light (res://scripts/player/player_controller.gd:430)
       [1] _process (res://scripts/player/player_controller.gd:330)
ERROR: Basis [X: (1.0, 0.0, 0.0), Y: (0.0, 0.999992, 0.0), Z: (0.0, 0.0, 0.999992)] must be normalized in order to be casted to a Quaternion. Use get_rotation_quaternion() or call orthonormalized() if the Basis contains linearly independent vectors.
   at: get_quaternion (core/math/basis.cpp:717)
   GDScript backtrace (most recent call first):
       [0] _carry_service_light (res://scripts/player/player_controller.gd:430)
       [1] _process (res://scripts/player/player_controller.gd:330)
ERROR: Basis [X: (0.981771, 0.09984, 0.16173), Y: (-0.030479, 0.922603, -0.384524), Z: (-0.187606, 0.372585, 0.908828)] must be normalized in order to be casted to a Quaternion. Use get_rotation_quaternion() or call orthonormalized() if the Basis contains linearly independent vectors.
   at: get_quaternion (core/math/basis.cpp:717)
   GDScript backtrace (most recent call first):
       [0] _carry_service_light (res://scripts/player/player_controller.gd:430)
       [1] _process (res://scripts/player/player_controller.gd:330)
ERROR: Basis [X: (1.0, 0.0, 0.0), Y: (0.0, 0.999992, 0.0), Z: (0.0, 0.0, 0.999992)] must be normalized in order to be casted to a Quaternion. Use get_rotation_quaternion() or call orthonormalized() if the Basis contains linearly independent vectors.
   at: get_quaternion (core/math/basis.cpp:717)
   GDScript backtrace (most recent call first):
       [0] _carry_service_light (res://scripts/player/player_controller.gd:430)
       [1] _process (res://scripts/player/player_controller.gd:330)
ERROR: Basis [X: (0.981673, 0.099911, 0.16228), Y: (-0.030307, 0.922554, -0.384655), Z: (-0.188147, 0.372687, 0.908675)] must be normalized in order to be casted to a Quaternion. Use get_rotation_quaternion() or call orthonormalized() if the Basis contains linearly independent vectors.
   at: get_quaternion (core/math/basis.cpp:717)
   GDScript backtrace (most recent call first):
       [0] _carry_service_light (res://scripts/player/player_controller.gd:430)
       [1] _process (res://scripts/player/player_controller.gd:330)
ERROR: Basis [X: (1.0, 0.0, 0.0), Y: (0.0, 0.999992, 0.0), Z: (0.0, 0.0, 0.999992)] must be normalized in order to be casted to a Quaternion. Use get_rotation_quaternion() or call orthonormalized() if the Basis contains linearly independent vectors.
   at: get_quaternion (core/math/basis.cpp:717)
   GDScript backtrace (most recent call first):
       [0] _carry_service_light (res://scripts/player/player_controller.gd:430)
       [1] _process (res://scripts/player/player_controller.gd:330)
ERROR: Basis [X: (0.981586, 0.099978, 0.162767), Y: (-0.030156, 0.922506, -0.384781), Z: (-0.188626, 0.372787, 0.908534)] must be normalized in order to be casted to a Quaternion. Use get_rotation_quaternion() or call orthonormalized() if the Basis contains linearly independent vectors.
   at: get_quaternion (core/math/basis.cpp:717)
   GDScript backtrace (most recent call first):
       [0] _carry_service_light (res://scripts/player/player_controller.gd:430)
       [1] _process (res://scripts/player/player_controller.gd:330)
ERROR: Basis [X: (1.0, 0.0, 0.0), Y: (0.0, 0.999992, 0.0), Z: (0.0, 0.0, 0.999992)] must be normalized in order to be casted to a Quaternion. Use get_rotation_quaternion() or call orthonormalized() if the Basis contains linearly independent vectors.
   at: get_quaternion (core/math/basis.cpp:717)
   GDScript backtrace (most recent call first):
       [0] _carry_service_light (res://scripts/player/player_controller.gd:430)
       [1] _process (res://scripts/player/player_controller.gd:330)
ERROR: Basis [X: (0.981556, 0.100022, 0.162919), Y: (-0.030116, 0.922461, -0.384893), Z: (-0.188788, 0.372887, 0.908459)] must be normalized in order to be casted to a Quaternion. Use get_rotation_quaternion() or call orthonormalized() if the Basis contains linearly independent vectors.
   at: get_quaternion (core/math/basis.cpp:717)
   GDScript backtrace (most recent call first):
       [0] _carry_service_light (res://scripts/player/player_controller.gd:430)
       [1] _process (res://scripts/player/player_controller.gd:330)
ERROR: Basis [X: (1.0, 0.0, 0.0), Y: (0.0, 0.999992, 0.0), Z: (0.0, 0.0, 0.999992)] must be normalized in order to be casted to a Quaternion. Use get_rotation_quaternion() or call orthonormalized() if the Basis contains linearly independent vectors.
   at: get_quaternion (core/math/basis.cpp:717)
   GDScript backtrace (most recent call first):
       [0] _carry_service_light (res://scripts/player/player_controller.gd:430)
       [1] _process (res://scripts/player/player_controller.gd:330)
ERROR: Basis [X: (0.98153, 0.099689, 0.163278), Y: (-0.030083, 0.9233, -0.382879), Z: (-0.188926, 0.370895, 0.909246)] must be normalized in order to be casted to a Quaternion. Use get_rotation_quaternion() or call orthonormalized() if the Basis contains linearly independent vectors.
   at: get_quaternion (core/math/basis.cpp:717)
   GDScript backtrace (most recent call first):
       [0] _carry_service_light (res://scripts/player/player_controller.gd:430)
       [1] _process (res://scripts/player/player_controller.gd:330)
ERROR: Basis [X: (1.0, 0.0, 0.0), Y: (0.0, 0.999992, 0.0), Z: (0.0, 0.0, 0.999992)] must be normalized in order to be casted to a Quaternion. Use get_rotation_quaternion() or call orthonormalized() if the Basis contains linearly independent vectors.
   at: get_quaternion (core/math/basis.cpp:717)
   GDScript backtrace (most recent call first):
       [0] _carry_service_light (res://scripts/player/player_controller.gd:430)
       [1] _process (res://scripts/player/player_controller.gd:330)
ERROR: Basis [X: (0.981552, 0.099343, 0.163356), Y: (-0.03019, 0.924217, -0.380652), Z: (-0.188795, 0.368698, 0.910166)] must be normalized in order to be casted to a Quaternion. Use get_rotation_quaternion() or call orthonormalized() if the Basis contains linearly independent vectors.
   at: get_quaternion (core/math/basis.cpp:717)
   GDScript backtrace (most recent call first):
       [0] _carry_service_light (res://scripts/player/player_controller.gd:430)
       [1] _process (res://scripts/player/player_controller.gd:330)
ERROR: Basis [X: (1.0, 0.0, 0.0), Y: (0.0, 0.999992, 0.0), Z: (0.0, 0.0, 0.999992)] must be normalized in order to be casted to a Quaternion. Use get_rotation_quaternion() or call orthonormalized() if the Basis contains linearly independent vectors.
   at: get_quaternion (core/math/basis.cpp:717)
   GDScript backtrace (most recent call first):
       [0] _carry_service_light (res://scripts/player/player_controller.gd:430)
       [1] _process (res://scripts/player/player_controller.gd:330)
ERROR: Basis [X: (0.981525, 0.097881, 0.164397), Y: (-0.030199, 0.92771, -0.372056), Z: (-0.188933, 0.360218, 0.913527)] must be normalized in order to be casted to a Quaternion. Use get_rotation_quaternion() or call orthonormalized() if the Basis contains linearly independent vectors.
   at: get_quaternion (core/math/basis.cpp:717)
   GDScript backtrace (most recent call first):
       [0] _carry_service_light (res://scripts/player/player_controller.gd:430)
       [1] _process (res://scripts/player/player_controller.gd:330)
ERROR: Basis [X: (1.0, 0.0, 0.0), Y: (0.0, 0.999992, 0.0), Z: (0.0, 0.0, 0.999992)] must be normalized in order to be casted to a Quaternion. Use get_rotation_quaternion() or call orthonormalized() if the Basis contains linearly independent vectors.
   at: get_quaternion (core/math/basis.cpp:717)
   GDScript backtrace (most recent call first):
       [0] _carry_service_light (res://scripts/player/player_controller.gd:430)
       [1] _process (res://scripts/player/player_controller.gd:330)
ERROR: Basis [X: (0.981586, 0.093737, 0.166436), Y: (-0.030517, 0.937069, -0.347783), Z: (-0.188566, 0.3363, 0.922675)] must be normalized in order to be casted to a Quaternion. Use get_rotation_quaternion() or call orthonormalized() if the Basis contains linearly independent vectors.
   at: get_quaternion (core/math/basis.cpp:717)
   GDScript backtrace (most recent call first):
       [0] _carry_service_light (res://scripts/player/player_controller.gd:430)
       [1] _process (res://scripts/player/player_controller.gd:330)
ERROR: Basis [X: (1.0, 0.0, 0.0), Y: (0.0, 0.999992, 0.0), Z: (0.0, 0.0, 0.999992)] must be normalized in order to be casted to a Quaternion. Use get_rotation_quaternion() or call orthonormalized() if the Basis contains linearly independent vectors.
   at: get_quaternion (core/math/basis.cpp:717)
   GDScript backtrace (most recent call first):
       [0] _carry_service_light (res://scripts/player/player_controller.gd:430)
       [1] _process (res://scripts/player/player_controller.gd:330)
ERROR: Basis [X: (0.98171, 0.089593, 0.167981), Y: (-0.031276, 0.946246, -0.321906), Z: (-0.187795, 0.310764, 0.931742)] must be normalized in order to be casted to a Quaternion. Use get_rotation_quaternion() or call orthonormalized() if the Basis contains linearly independent vectors.
   at: get_quaternion (core/math/basis.cpp:717)
   GDScript backtrace (most recent call first):
       [0] _carry_service_light (res://scripts/player/player_controller.gd:430)
       [1] _process (res://scripts/player/player_controller.gd:330)
ERROR: Basis [X: (1.0, 0.0, 0.0), Y: (0.0, 0.999992, 0.0), Z: (0.0, 0.0, 0.999992)] must be normalized in order to be casted to a Quaternion. Use get_rotation_quaternion() or call orthonormalized() if the Basis contains linearly independent vectors.
   at: get_quaternion (core/math/basis.cpp:717)
   GDScript backtrace (most recent call first):
       [0] _carry_service_light (res://scripts/player/player_controller.gd:430)
       [1] _process (res://scripts/player/player_controller.gd:330)
ERROR: Basis [X: (0.981822, 0.080712, 0.171786), Y: (-0.031959, 0.962449, -0.269543), Z: (-0.187093, 0.259154, 0.947533)] must be normalized in order to be casted to a Quaternion. Use get_rotation_quaternion() or call orthonormalized() if the Basis contains linearly independent vectors.
   at: get_quaternion (core/math/basis.cpp:717)
   GDScript backtrace (most recent call first):
       [0] _carry_service_light (res://scripts/player/player_controller.gd:430)
       [1] _process (res://scripts/player/player_controller.gd:330)
ERROR: Basis [X: (1.0, 0.0, 0.0), Y: (0.0, 0.999992, 0.0), Z: (0.0, 0.0, 0.999992)] must be normalized in order to be casted to a Quaternion. Use get_rotation_quaternion() or call orthonormalized() if the Basis contains linearly independent vectors.
   at: get_quaternion (core/math/basis.cpp:717)
   GDScript backtrace (most recent call first):
       [0] _carry_service_light (res://scripts/player/player_controller.gd:430)
       [1] _process (res://scripts/player/player_controller.gd:330)
ERROR: Basis [X: (0.981972, 0.072176, 0.174705), Y: (-0.033242, 0.975759, -0.216272), Z: (-0.186082, 0.206565, 0.960567)] must be normalized in order to be casted to a Quaternion. Use get_rotation_quaternion() or call orthonormalized() if the Basis contains linearly independent vectors.
   at: get_quaternion (core/math/basis.cpp:717)
   GDScript backtrace (most recent call first):
       [0] _carry_service_light (res://scripts/player/player_controller.gd:430)
       [1] _process (res://scripts/player/player_controller.gd:330)
ERROR: Basis [X: (1.0, 0.0, 0.0), Y: (0.0, 0.999992, 0.0), Z: (0.0, 0.0, 0.999992)] must be normalized in order to be casted to a Quaternion. Use get_rotation_quaternion() or call orthonormalized() if the Basis contains linearly independent vectors.
   at: get_quaternion (core/math/basis.cpp:717)
   GDScript backtrace (most recent call first):
       [0] _carry_service_light (res://scripts/player/player_controller.gd:430)
       [1] _process (res://scripts/player/player_controller.gd:330)
ERROR: Basis [X: (0.982063, 0.063068, 0.177689), Y: (-0.034264, 0.986394, -0.16074), Z: (-0.185412, 0.151768, 0.970862)] must be normalized in order to be casted to a Quaternion. Use get_rotation_quaternion() or call orthonormalized() if the Basis contains linearly independent vectors.
   at: get_quaternion (core/math/basis.cpp:717)
   GDScript backtrace (most recent call first):
       [0] _carry_service_light (res://scripts/player/player_controller.gd:430)
       [1] _process (res://scripts/player/player_controller.gd:330)
ERROR: Basis [X: (1.0, 0.0, 0.0), Y: (0.0, 0.999992, 0.0), Z: (0.0, 0.0, 0.999992)] must be normalized in order to be casted to a Quaternion. Use get_rotation_quaternion() or call orthonormalized() if the Basis contains linearly independent vectors.
   at: get_quaternion (core/math/basis.cpp:717)
   GDScript backtrace (most recent call first):
       [0] _carry_service_light (res://scripts/player/player_controller.gd:430)
       [1] _process (res://scripts/player/player_controller.gd:330)
ERROR: Basis [X: (0.982189, 0.057597, 0.178846), Y: (-0.035309, 0.99147, -0.125394), Z: (-0.184546, 0.116846, 0.975845)] must be normalized in order to be casted to a Quaternion. Use get_rotation_quaternion() or call orthonormalized() if the Basis contains linearly independent vectors.
   at: get_quaternion (core/math/basis.cpp:717)
   GDScript backtrace (most recent call first):
       [0] _carry_service_light (res://scripts/player/player_controller.gd:430)
       [1] _process (res://scripts/player/player_controller.gd:330)
ERROR: Basis [X: (1.0, 0.0, 0.0), Y: (0.0, 0.999992, 0.0), Z: (0.0, 0.0, 0.999992)] must be normalized in order to be casted to a Quaternion. Use get_rotation_quaternion() or call orthonormalized() if the Basis contains linearly independent vectors.
   at: get_quaternion (core/math/basis.cpp:717)
   GDScript backtrace (most recent call first):
       [0] _carry_service_light (res://scripts/player/player_controller.gd:430)
       [1] _process (res://scripts/player/player_controller.gd:330)
ERROR: Basis [X: (0.982198, 0.047308, 0.181793), Y: (-0.035625, 0.997108, -0.067005), Z: (-0.18444, 0.059335, 0.981043)] must be normalized in order to be casted to a Quaternion. Use get_rotation_quaternion() or call orthonormalized() if the Basis contains linearly independent vectors.
   at: get_quaternion (core/math/basis.cpp:717)
   GDScript backtrace (most recent call first):
       [0] _carry_service_light (res://scripts/player/player_controller.gd:430)
       [1] _process (res://scripts/player/player_controller.gd:330)
ERROR: Basis [X: (1.0, 0.0, 0.0), Y: (0.0, 0.999992, 0.0), Z: (0.0, 0.0, 0.999992)] must be normalized in order to be casted to a Quaternion. Use get_rotation_quaternion() or call orthonormalized() if the Basis contains linearly independent vectors.
   at: get_quaternion (core/math/basis.cpp:717)
   GDScript backtrace (most recent call first):
       [0] _carry_service_light (res://scripts/player/player_controller.gd:430)
       [1] _process (res://scripts/player/player_controller.gd:330)
ERROR: Basis [X: (0.982258, 0.042091, 0.18275), Y: (-0.036528, 0.998756, -0.033702), Z: (-0.183944, 0.026428, 0.982573)] must be normalized in order to be casted to a Quaternion. Use get_rotation_quaternion() or call orthonormalized() if the Basis contains linearly independent vectors.
   at: get_quaternion (core/math/basis.cpp:717)
   GDScript backtrace (most recent call first):
       [0] _carry_service_light (res://scripts/player/player_controller.gd:430)
       [1] _process (res://scripts/player/player_controller.gd:330)
ERROR: Basis [X: (1.0, 0.0, 0.0), Y: (0.0, 0.999992, 0.0), Z: (0.0, 0.0, 0.999992)] must be normalized in order to be casted to a Quaternion. Use get_rotation_quaternion() or call orthonormalized() if the Basis contains linearly independent vectors.
   at: get_quaternion (core/math/basis.cpp:717)
   GDScript backtrace (most recent call first):
       [0] _carry_service_light (res://scripts/player/player_controller.gd:430)
       [1] _process (res://scripts/player/player_controller.gd:330)
ERROR: Basis [X: (0.982172, 0.034808, 0.184733), Y: (-0.036517, 0.999308, 0.005856), Z: (-0.184404, -0.012497, 0.982763)] must be normalized in order to be casted to a Quaternion. Use get_rotation_quaternion() or call orthonormalized() if the Basis contains linearly independent vectors.
   at: get_quaternion (core/math/basis.cpp:717)
   GDScript backtrace (most recent call first):
       [0] _carry_service_light (res://scripts/player/player_controller.gd:430)
       [1] _process (res://scripts/player/player_controller.gd:330)
ERROR: Basis [X: (1.0, 0.0, 0.0), Y: (0.0, 0.999992, 0.0), Z: (0.0, 0.0, 0.999992)] must be normalized in order to be casted to a Quaternion. Use get_rotation_quaternion() or call orthonormalized() if the Basis contains linearly independent vectors.
   at: get_quaternion (core/math/basis.cpp:717)
   GDScript backtrace (most recent call first):
       [0] _carry_service_light (res://scripts/player/player_controller.gd:430)
       [1] _process (res://scripts/player/player_controller.gd:330)
ERROR: Basis [X: (0.982127, 0.030536, 0.185725), Y: (-0.036757, 0.998861, 0.030141), Z: (-0.184597, -0.036429, 0.982131)] must be normalized in order to be casted to a Quaternion. Use get_rotation_quaternion() or call orthonormalized() if the Basis contains linearly independent vectors.
   at: get_quaternion (core/math/basis.cpp:717)
   GDScript backtrace (most recent call first):
       [0] _carry_service_light (res://scripts/player/player_controller.gd:430)
       [1] _process (res://scripts/player/player_controller.gd:330)
ERROR: Basis [X: (1.0, 0.0, 0.0), Y: (0.0, 0.999992, 0.0), Z: (0.0, 0.0, 0.999992)] must be normalized in order to be casted to a Quaternion. Use get_rotation_quaternion() or call orthonormalized() if the Basis contains linearly independent vectors.
   at: get_quaternion (core/math/basis.cpp:717)
   GDScript backtrace (most recent call first):
       [0] _carry_service_light (res://scripts/player/player_controller.gd:430)
       [1] _process (res://scripts/player/player_controller.gd:330)
ERROR: Basis [X: (0.982067, 0.029158, 0.186262), Y: (-0.036608, 0.998648, 0.036684), Z: (-0.184944, -0.042845, 0.981807)] must be normalized in order to be casted to a Quaternion. Use get_rotation_quaternion() or call orthonormalized() if the Basis contains linearly independent vectors.
   at: get_quaternion (core/math/basis.cpp:717)
   GDScript backtrace (most recent call first):
       [0] _carry_service_light (res://scripts/player/player_controller.gd:430)
       [1] _process (res://scripts/player/player_controller.gd:330)
ERROR: Basis [X: (1.0, 0.0, 0.0), Y: (0.0, 0.999992, 0.0), Z: (0.0, 0.0, 0.999992)] must be normalized in order to be casted to a Quaternion. Use get_rotation_quaternion() or call orthonormalized() if the Basis contains linearly independent vectors.
   at: get_quaternion (core/math/basis.cpp:717)
   GDScript backtrace (most recent call first):
       [0] _carry_service_light (res://scripts/player/player_controller.gd:430)
       [1] _process (res://scripts/player/player_controller.gd:330)
ERROR: Basis [X: (0.981947, 0.028035, 0.187066), Y: (-0.036022, 0.998564, 0.039435), Z: (-0.185695, -0.045462, 0.981547)] must be normalized in order to be casted to a Quaternion. Use get_rotation_quaternion() or call orthonormalized() if the Basis contains linearly independent vectors.
   at: get_quaternion (core/math/basis.cpp:717)
   GDScript backtrace (most recent call first):
       [0] _carry_service_light (res://scripts/player/player_controller.gd:430)
       [1] _process (res://scripts/player/player_controller.gd:330)
ERROR: Basis [X: (1.0, 0.0, 0.0), Y: (0.0, 0.999992, 0.0), Z: (0.0, 0.0, 0.999992)] must be normalized in order to be casted to a Quaternion. Use get_rotation_quaternion() or call orthonormalized() if the Basis contains linearly independent vectors.
   at: get_quaternion (core/math/basis.cpp:717)
   GDScript backtrace (most recent call first):
       [0] _carry_service_light (res://scripts/player/player_controller.gd:430)
       [1] _process (res://scripts/player/player_controller.gd:330)
ERROR: Basis [X: (0.981891, 0.027032, 0.187509), Y: (-0.03554, 0.99847, 0.042159), Z: (-0.186086, -0.048059, 0.981349)] must be normalized in order to be casted to a Quaternion. Use get_rotation_quaternion() or call orthonormalized() if the Basis contains linearly independent vectors.
   at: get_quaternion (core/math/basis.cpp:717)
   GDScript backtrace (most recent call first):
       [0] _carry_service_light (res://scripts/player/player_controller.gd:430)
       [1] _process (res://scripts/player/player_controller.gd:330)
ERROR: Basis [X: (1.0, 0.0, 0.0), Y: (0.0, 0.999992, 0.0), Z: (0.0, 0.0, 0.999992)] must be normalized in order to be casted to a Quaternion. Use get_rotation_quaternion() or call orthonormalized() if the Basis contains linearly independent vectors.
   at: get_quaternion (core/math/basis.cpp:717)
   GDScript backtrace (most recent call first):
       [0] _carry_service_light (res://scripts/player/player_controller.gd:430)
       [1] _process (res://scripts/player/player_controller.gd:330)
ERROR: Basis [X: (0.981793, 0.025948, 0.18817), Y: (-0.035021, 0.998362, 0.045054), Z: (-0.186696, -0.050824, 0.981094)] must be normalized in order to be casted to a Quaternion. Use get_rotation_quaternion() or call orthonormalized() if the Basis contains linearly independent vectors.
   at: get_quaternion (core/math/basis.cpp:717)
   GDScript backtrace (most recent call first):
       [0] _carry_service_light (res://scripts/player/player_controller.gd:430)
       [1] _process (res://scripts/player/player_controller.gd:330)
ERROR: Basis [X: (1.0, 0.0, 0.0), Y: (0.0, 0.999992, 0.0), Z: (0.0, 0.0, 0.999992)] must be normalized in order to be casted to a Quaternion. Use get_rotation_quaternion() or call orthonormalized() if the Basis contains linearly independent vectors.
   at: get_quaternion (core/math/basis.cpp:717)
   GDScript backtrace (most recent call first):
       [0] _carry_service_light (res://scripts/player/player_controller.gd:430)
       [1] _process (res://scripts/player/player_controller.gd:330)
ERROR: Basis [X: (0.981706, 0.024884, 0.188767), Y: (-0.034555, 0.998236, 0.048113), Z: (-0.187239, -0.053756, 0.980834)] must be normalized in order to be casted to a Quaternion. Use get_rotation_quaternion() or call orthonormalized() if the Basis contains linearly independent vectors.
   at: get_quaternion (core/math/basis.cpp:717)
   GDScript backtrace (most recent call first):
       [0] _carry_service_light (res://scripts/player/player_controller.gd:430)
       [1] _process (res://scripts/player/player_controller.gd:330)
ERROR: Basis [X: (1.0, 0.0, 0.0), Y: (0.0, 0.999992, 0.0), Z: (0.0, 0.0, 0.999992)] must be normalized in order to be casted to a Quaternion. Use get_rotation_quaternion() or call orthonormalized() if the Basis contains linearly independent vectors.
   at: get_quaternion (core/math/basis.cpp:717)
   GDScript backtrace (most recent call first):
       [0] _carry_service_light (res://scripts/player/player_controller.gd:430)
       [1] _process (res://scripts/player/player_controller.gd:330)
ERROR: Basis [X: (0.981676, 0.024808, 0.188933), Y: (-0.034224, 0.998312, 0.046737), Z: (-0.187458, -0.052347, 0.980869)] must be normalized in order to be casted to a Quaternion. Use get_rotation_quaternion() or call orthonormalized() if the Basis contains linearly independent vectors.
   at: get_quaternion (core/math/basis.cpp:717)
   GDScript backtrace (most recent call first):
       [0] _carry_service_light (res://scripts/player/player_controller.gd:430)
       [1] _process (res://scripts/player/player_controller.gd:330)
ERROR: Basis [X: (1.0, 0.0, 0.0), Y: (0.0, 0.999992, 0.0), Z: (0.0, 0.0, 0.999992)] must be normalized in order to be casted to a Quaternion. Use get_rotation_quaternion() or call orthonormalized() if the Basis contains linearly independent vectors.
   at: get_quaternion (core/math/basis.cpp:717)
   GDScript backtrace (most recent call first):
       [0] _carry_service_light (res://scripts/player/player_controller.gd:430)
       [1] _process (res://scripts/player/player_controller.gd:330)
ERROR: Basis [X: (0.98161, 0.024647, 0.189296), Y: (-0.033758, 0.998406, 0.045055), Z: (-0.187887, -0.050616, 0.980877)] must be normalized in order to be casted to a Quaternion. Use get_rotation_quaternion() or call orthonormalized() if the Basis contains linearly independent vectors.
   at: get_quaternion (core/math/basis.cpp:717)
   GDScript backtrace (most recent call first):
       [0] _carry_service_light (res://scripts/player/player_controller.gd:430)
       [1] _process (res://scripts/player/player_controller.gd:330)
ERROR: Basis [X: (1.0, 0.0, 0.0), Y: (0.0, 0.999992, 0.0), Z: (0.0, 0.0, 0.999992)] must be normalized in order to be casted to a Quaternion. Use get_rotation_quaternion() or call orthonormalized() if the Basis contains linearly independent vectors.
   at: get_quaternion (core/math/basis.cpp:717)
   GDScript backtrace (most recent call first):
       [0] _carry_service_light (res://scripts/player/player_controller.gd:430)
       [1] _process (res://scripts/player/player_controller.gd:330)
ERROR: Basis [X: (0.981552, 0.024506, 0.189618), Y: (-0.03334, 0.998487, 0.043535), Z: (-0.188267, -0.049054, 0.980884)] must be normalized in order to be casted to a Quaternion. Use get_rotation_quaternion() or call orthonormalized() if the Basis contains linearly independent vectors.
   at: get_quaternion (core/math/basis.cpp:717)
   GDScript backtrace (most recent call first):
       [0] _carry_service_light (res://scripts/player/player_controller.gd:430)
       [1] _process (res://scripts/player/player_controller.gd:330)
ERROR: Basis [X: (1.0, 0.0, 0.0), Y: (0.0, 0.999992, 0.0), Z: (0.0, 0.0, 0.999992)] must be normalized in order to be casted to a Quaternion. Use get_rotation_quaternion() or call orthonormalized() if the Basis contains linearly independent vectors.
   at: get_quaternion (core/math/basis.cpp:717)
   GDScript backtrace (most recent call first):
       [0] _carry_service_light (res://scripts/player/player_controller.gd:430)
       [1] _process (res://scripts/player/player_controller.gd:330)
ERROR: Basis [X: (0.9815, 0.024383, 0.189903), Y: (-0.032965, 0.998558, 0.042162), Z: (-0.188604, -0.047642, 0.980889)] must be normalized in order to be casted to a Quaternion. Use get_rotation_quaternion() or call orthonormalized() if the Basis contains linearly independent vectors.
   at: get_quaternion (core/math/basis.cpp:717)
   GDScript backtrace (most recent call first):
       [0] _carry_service_light (res://scripts/player/player_controller.gd:430)
       [1] _process (res://scripts/player/player_controller.gd:330)
ERROR: Basis [X: (1.0, 0.0, 0.0), Y: (0.0, 0.999992, 0.0), Z: (0.0, 0.0, 0.999992)] must be normalized in order to be casted to a Quaternion. Use get_rotation_quaternion() or call orthonormalized() if the Basis contains linearly independent vectors.
   at: get_quaternion (core/math/basis.cpp:717)
   GDScript backtrace (most recent call first):
       [0] _carry_service_light (res://scripts/player/player_controller.gd:430)
       [1] _process (res://scripts/player/player_controller.gd:330)
ERROR: Basis [X: (0.981454, 0.024275, 0.190154), Y: (-0.032629, 0.998621, 0.040921), Z: (-0.188902, -0.046367, 0.980892)] must be normalized in order to be casted to a Quaternion. Use get_rotation_quaternion() or call orthonormalized() if the Basis contains linearly independent vectors.
   at: get_quaternion (core/math/basis.cpp:717)
   GDScript backtrace (most recent call first):
       [0] _carry_service_light (res://scripts/player/player_controller.gd:430)
       [1] _process (res://scripts/player/player_controller.gd:330)
ERROR: Basis [X: (1.0, 0.0, 0.0), Y: (0.0, 0.999992, 0.0), Z: (0.0, 0.0, 0.999992)] must be normalized in order to be casted to a Quaternion. Use get_rotation_quaternion() or call orthonormalized() if the Basis contains linearly independent vectors.
   at: get_quaternion (core/math/basis.cpp:717)
   GDScript backtrace (most recent call first):
       [0] _carry_service_light (res://scripts/player/player_controller.gd:430)
       [1] _process (res://scripts/player/player_controller.gd:330)
ERROR: Basis [X: (0.981413, 0.024182, 0.190376), Y: (-0.032328, 0.998676, 0.039799), Z: (-0.189165, -0.045214, 0.980896)] must be normalized in order to be casted to a Quaternion. Use get_rotation_quaternion() or call orthonormalized() if the Basis contains linearly independent vectors.
   at: get_quaternion (core/math/basis.cpp:717)
   GDScript backtrace (most recent call first):
       [0] _carry_service_light (res://scripts/player/player_controller.gd:430)
       [1] _process (res://scripts/player/player_controller.gd:330)
ERROR: Basis [X: (1.0, 0.0, 0.0), Y: (0.0, 0.999992, 0.0), Z: (0.0, 0.0, 0.999992)] must be normalized in order to be casted to a Quaternion. Use get_rotation_quaternion() or call orthonormalized() if the Basis contains linearly independent vectors.
   at: get_quaternion (core/math/basis.cpp:717)
   GDScript backtrace (most recent call first):
       [0] _carry_service_light (res://scripts/player/player_controller.gd:430)
       [1] _process (res://scripts/player/player_controller.gd:330)
ERROR: Basis [X: (0.981377, 0.024101, 0.190571), Y: (-0.032059, 0.998725, 0.038784), Z: (-0.189396, -0.044172, 0.980898)] must be normalized in order to be casted to a Quaternion. Use get_rotation_quaternion() or call orthonormalized() if the Basis contains linearly independent vectors.
   at: get_quaternion (core/math/basis.cpp:717)
   GDScript backtrace (most recent call first):
       [0] _carry_service_light (res://scripts/player/player_controller.gd:430)
       [1] _process (res://scripts/player/player_controller.gd:330)
ERROR: Basis [X: (1.0, 0.0, 0.0), Y: (0.0, 0.999992, 0.0), Z: (0.0, 0.0, 0.999992)] must be normalized in order to be casted to a Quaternion. Use get_rotation_quaternion() or call orthonormalized() if the Basis contains linearly independent vectors.
   at: get_quaternion (core/math/basis.cpp:717)
   GDScript backtrace (most recent call first):
       [0] _carry_service_light (res://scripts/player/player_controller.gd:430)
       [1] _process (res://scripts/player/player_controller.gd:330)
ERROR: Basis [X: (0.981346, 0.024032, 0.190741), Y: (-0.031819, 0.998768, 0.037866), Z: (-0.1896, -0.043229, 0.980901)] must be normalized in order to be casted to a Quaternion. Use get_rotation_quaternion() or call orthonormalized() if the Basis contains linearly independent vectors.
   at: get_quaternion (core/math/basis.cpp:717)
   GDScript backtrace (most recent call first):
       [0] _carry_service_light (res://scripts/player/player_controller.gd:430)
       [1] _process (res://scripts/player/player_controller.gd:330)
ERROR: Basis [X: (1.0, 0.0, 0.0), Y: (0.0, 0.999992, 0.0), Z: (0.0, 0.0, 0.999992)] must be normalized in order to be casted to a Quaternion. Use get_rotation_quaternion() or call orthonormalized() if the Basis contains linearly independent vectors.
   at: get_quaternion (core/math/basis.cpp:717)
   GDScript backtrace (most recent call first):
       [0] _carry_service_light (res://scripts/player/player_controller.gd:430)
       [1] _process (res://scripts/player/player_controller.gd:330)
ERROR: Basis [X: (0.981318, 0.023972, 0.190891), Y: (-0.031604, 0.998806, 0.037035), Z: (-0.189778, -0.042377, 0.980904)] must be normalized in order to be casted to a Quaternion. Use get_rotation_quaternion() or call orthonormalized() if the Basis contains linearly independent vectors.
   at: get_quaternion (core/math/basis.cpp:717)
   GDScript backtrace (most recent call first):
       [0] _carry_service_light (res://scripts/player/player_controller.gd:430)
       [1] _process (res://scripts/player/player_controller.gd:330)
ERROR: Basis [X: (1.0, 0.0, 0.0), Y: (0.0, 0.999992, 0.0), Z: (0.0, 0.0, 0.999992)] must be normalized in order to be casted to a Quaternion. Use get_rotation_quaternion() or call orthonormalized() if the Basis contains linearly independent vectors.
   at: get_quaternion (core/math/basis.cpp:717)
   GDScript backtrace (most recent call first):
       [0] _carry_service_light (res://scripts/player/player_controller.gd:430)
       [1] _process (res://scripts/player/player_controller.gd:330)
ERROR: Basis [X: (0.981342, 0.02402, 0.190761), Y: (-0.031503, 0.998836, 0.036291), Z: (-0.189671, -0.041624, 0.980957)] must be normalized in order to be casted to a Quaternion. Use get_rotation_quaternion() or call orthonormalized() if the Basis contains linearly independent vectors.
   at: get_quaternion (core/math/basis.cpp:717)
   GDScript backtrace (most recent call first):
       [0] _carry_service_light (res://scripts/player/player_controller.gd:430)
       [1] _process (res://scripts/player/player_controller.gd:330)
ERROR: Basis [X: (1.0, 0.0, 0.0), Y: (0.0, 0.999992, 0.0), Z: (0.0, 0.0, 0.999992)] must be normalized in order to be casted to a Quaternion. Use get_rotation_quaternion() or call orthonormalized() if the Basis contains linearly independent vectors.
   at: get_quaternion (core/math/basis.cpp:717)
   GDScript backtrace (most recent call first):
       [0] _carry_service_light (res://scripts/player/player_controller.gd:430)
       [1] _process (res://scripts/player/player_controller.gd:330)
ERROR: Basis [X: (0.981316, 0.023968, 0.1909), Y: (-0.031324, 0.998866, 0.035609), Z: (-0.189833, -0.040924, 0.980955)] must be normalized in order to be casted to a Quaternion. Use get_rotation_quaternion() or call orthonormalized() if the Basis contains linearly independent vectors.
   at: get_quaternion (core/math/basis.cpp:717)
   GDScript backtrace (most recent call first):
       [0] _carry_service_light (res://scripts/player/player_controller.gd:430)
       [1] _process (res://scripts/player/player_controller.gd:330)
ERROR: Basis [X: (1.0, 0.0, 0.0), Y: (0.0, 0.999992, 0.0), Z: (0.0, 0.0, 0.999992)] must be normalized in order to be casted to a Quaternion. Use get_rotation_quaternion() or call orthonormalized() if the Basis contains linearly independent vectors.
   at: get_quaternion (core/math/basis.cpp:717)
   GDScript backtrace (most recent call first):
       [0] _carry_service_light (res://scripts/player/player_controller.gd:430)
       [1] _process (res://scripts/player/player_controller.gd:330)
ERROR: Basis [X: (0.981294, 0.023924, 0.191021), Y: (-0.031165, 0.998893, 0.034991), Z: (-0.189976, -0.040289, 0.980953)] must be normalized in order to be casted to a Quaternion. Use get_rotation_quaternion() or call orthonormalized() if the Basis contains linearly independent vectors.
   at: get_quaternion (core/math/basis.cpp:717)
   GDScript backtrace (most recent call first):
       [0] _carry_service_light (res://scripts/player/player_controller.gd:430)
       [1] _process (res://scripts/player/player_controller.gd:330)
ERROR: Basis [X: (1.0, 0.0, 0.0), Y: (0.0, 0.999992, 0.0), Z: (0.0, 0.0, 0.999992)] must be normalized in order to be casted to a Quaternion. Use get_rotation_quaternion() or call orthonormalized() if the Basis contains linearly independent vectors.
   at: get_quaternion (core/math/basis.cpp:717)
   GDScript backtrace (most recent call first):
       [0] _carry_service_light (res://scripts/player/player_controller.gd:430)
       [1] _process (res://scripts/player/player_controller.gd:330)
ERROR: Basis [X: (0.981275, 0.023887, 0.191126), Y: (-0.031023, 0.998917, 0.03443), Z: (-0.190099, -0.039715, 0.980953)] must be normalized in order to be casted to a Quaternion. Use get_rotation_quaternion() or call orthonormalized() if the Basis contains linearly independent vectors.
   at: get_quaternion (core/math/basis.cpp:717)
   GDScript backtrace (most recent call first):
       [0] _carry_service_light (res://scripts/player/player_controller.gd:430)
       [1] _process (res://scripts/player/player_controller.gd:330)
ERROR: Basis [X: (1.0, 0.0, 0.0), Y: (0.0, 0.999992, 0.0), Z: (0.0, 0.0, 0.999992)] must be normalized in order to be casted to a Quaternion. Use get_rotation_quaternion() or call orthonormalized() if the Basis contains linearly independent vectors.
   at: get_quaternion (core/math/basis.cpp:717)
   GDScript backtrace (most recent call first):
       [0] _carry_service_light (res://scripts/player/player_controller.gd:430)
       [1] _process (res://scripts/player/player_controller.gd:330)
ERROR: Basis [X: (0.981258, 0.023857, 0.191216), Y: (-0.030897, 0.998938, 0.033922), Z: (-0.190207, -0.039194, 0.980953)] must be normalized in order to be casted to a Quaternion. Use get_rotation_quaternion() or call orthonormalized() if the Basis contains linearly independent vectors.
   at: get_quaternion (core/math/basis.cpp:717)
   GDScript backtrace (most recent call first):
       [0] _carry_service_light (res://scripts/player/player_controller.gd:430)
       [1] _process (res://scripts/player/player_controller.gd:330)
ERROR: Basis [X: (1.0, 0.0, 0.0), Y: (0.0, 0.999992, 0.0), Z: (0.0, 0.0, 0.999992)] must be normalized in order to be casted to a Quaternion. Use get_rotation_quaternion() or call orthonormalized() if the Basis contains linearly independent vectors.
   at: get_quaternion (core/math/basis.cpp:717)
   GDScript backtrace (most recent call first):
       [0] _carry_service_light (res://scripts/player/player_controller.gd:430)
       [1] _process (res://scripts/player/player_controller.gd:330)
ERROR: Basis [X: (0.981243, 0.023832, 0.191294), Y: (-0.030786, 0.998957, 0.03346), Z: (-0.1903, -0.038722, 0.980954)] must be normalized in order to be casted to a Quaternion. Use get_rotation_quaternion() or call orthonormalized() if the Basis contains linearly independent vectors.
   at: get_quaternion (core/math/basis.cpp:717)
   GDScript backtrace (most recent call first):
       [0] _carry_service_light (res://scripts/player/player_controller.gd:430)
       [1] _process (res://scripts/player/player_controller.gd:330)
ERROR: Basis [X: (1.0, 0.0, 0.0), Y: (0.0, 0.999992, 0.0), Z: (0.0, 0.0, 0.999992)] must be normalized in order to be casted to a Quaternion. Use get_rotation_quaternion() or call orthonormalized() if the Basis contains linearly independent vectors.
   at: get_quaternion (core/math/basis.cpp:717)
   GDScript backtrace (most recent call first):
       [0] _carry_service_light (res://scripts/player/player_controller.gd:430)
       [1] _process (res://scripts/player/player_controller.gd:330)
ERROR: Basis [X: (0.981231, 0.023812, 0.19136), Y: (-0.030687, 0.998974, 0.033041), Z: (-0.19038, -0.038293, 0.980955)] must be normalized in order to be casted to a Quaternion. Use get_rotation_quaternion() or call orthonormalized() if the Basis contains linearly independent vectors.
   at: get_quaternion (core/math/basis.cpp:717)
   GDScript backtrace (most recent call first):
       [0] _carry_service_light (res://scripts/player/player_controller.gd:430)
       [1] _process (res://scripts/player/player_controller.gd:330)
ERROR: Basis [X: (1.0, 0.0, 0.0), Y: (0.0, 0.999992, 0.0), Z: (0.0, 0.0, 0.999992)] must be normalized in order to be casted to a Quaternion. Use get_rotation_quaternion() or call orthonormalized() if the Basis contains linearly independent vectors.
   at: get_quaternion (core/math/basis.cpp:717)
   GDScript backtrace (most recent call first):
       [0] _carry_service_light (res://scripts/player/player_controller.gd:430)
       [1] _process (res://scripts/player/player_controller.gd:330)
ERROR: Basis [X: (0.98122, 0.023796, 0.191416), Y: (-0.030599, 0.998989, 0.032661), Z: (-0.190448, -0.037905, 0.980957)] must be normalized in order to be casted to a Quaternion. Use get_rotation_quaternion() or call orthonormalized() if the Basis contains linearly independent vectors.
   at: get_quaternion (core/math/basis.cpp:717)
   GDScript backtrace (most recent call first):
       [0] _carry_service_light (res://scripts/player/player_controller.gd:430)
       [1] _process (res://scripts/player/player_controller.gd:330)
ERROR: Basis [X: (1.0, 0.0, 0.0), Y: (0.0, 0.999992, 0.0), Z: (0.0, 0.0, 0.999992)] must be normalized in order to be casted to a Quaternion. Use get_rotation_quaternion() or call orthonormalized() if the Basis contains linearly independent vectors.
   at: get_quaternion (core/math/basis.cpp:717)
   GDScript backtrace (most recent call first):
       [0] _carry_service_light (res://scripts/player/player_controller.gd:430)
       [1] _process (res://scripts/player/player_controller.gd:330)
ERROR: Basis [X: (0.981211, 0.023785, 0.191462), Y: (-0.030522, 0.999003, 0.032315), Z: (-0.190506, -0.037552, 0.980959)] must be normalized in order to be casted to a Quaternion. Use get_rotation_quaternion() or call orthonormalized() if the Basis contains linearly independent vectors.
   at: get_quaternion (core/math/basis.cpp:717)
   GDScript backtrace (most recent call first):
       [0] _carry_service_light (res://scripts/player/player_controller.gd:430)
       [1] _process (res://scripts/player/player_controller.gd:330)
ERROR: Basis [X: (1.0, 0.0, 0.0), Y: (0.0, 0.999992, 0.0), Z: (0.0, 0.0, 0.999992)] must be normalized in order to be casted to a Quaternion. Use get_rotation_quaternion() or call orthonormalized() if the Basis contains linearly independent vectors.
   at: get_quaternion (core/math/basis.cpp:717)
   GDScript backtrace (most recent call first):
       [0] _carry_service_light (res://scripts/player/player_controller.gd:430)
       [1] _process (res://scripts/player/player_controller.gd:330)
ERROR: Basis [X: (0.981204, 0.023776, 0.191501), Y: (-0.030454, 0.999015, 0.032001), Z: (-0.190555, -0.037232, 0.980962)] must be normalized in order to be casted to a Quaternion. Use get_rotation_quaternion() or call orthonormalized() if the Basis contains linearly independent vectors.
   at: get_quaternion (core/math/basis.cpp:717)
   GDScript backtrace (most recent call first):
       [0] _carry_service_light (res://scripts/player/player_controller.gd:430)
       [1] _process (res://scripts/player/player_controller.gd:330)
ERROR: Basis [X: (1.0, 0.0, 0.0), Y: (0.0, 0.999992, 0.0), Z: (0.0, 0.0, 0.999992)] must be normalized in order to be casted to a Quaternion. Use get_rotation_quaternion() or call orthonormalized() if the Basis contains linearly independent vectors.
   at: get_quaternion (core/math/basis.cpp:717)
   GDScript backtrace (most recent call first):
       [0] _carry_service_light (res://scripts/player/player_controller.gd:430)
       [1] _process (res://scripts/player/player_controller.gd:330)
ERROR: Basis [X: (0.981198, 0.023771, 0.191533), Y: (-0.030394, 0.999026, 0.031715), Z: (-0.190596, -0.03694, 0.980965)] must be normalized in order to be casted to a Quaternion. Use get_rotation_quaternion() or call orthonormalized() if the Basis contains linearly independent vectors.
   at: get_quaternion (core/math/basis.cpp:717)
   GDScript backtrace (most recent call first):
       [0] _carry_service_light (res://scripts/player/player_controller.gd:430)
       [1] _process (res://scripts/player/player_controller.gd:330)
ERROR: Basis [X: (1.0, 0.0, 0.0), Y: (0.0, 0.999992, 0.0), Z: (0.0, 0.0, 0.999992)] must be normalized in order to be casted to a Quaternion. Use get_rotation_quaternion() or call orthonormalized() if the Basis contains linearly independent vectors.
   at: get_quaternion (core/math/basis.cpp:717)
   GDScript backtrace (most recent call first):
       [0] _carry_service_light (res://scripts/player/player_controller.gd:430)
       [1] _process (res://scripts/player/player_controller.gd:330)
ERROR: Basis [X: (0.981193, 0.023768, 0.191558), Y: (-0.030342, 0.999036, 0.031455), Z: (-0.190629, -0.036676, 0.980968)] must be normalized in order to be casted to a Quaternion. Use get_rotation_quaternion() or call orthonormalized() if the Basis contains linearly independent vectors.
   at: get_quaternion (core/math/basis.cpp:717)
   GDScript backtrace (most recent call first):
       [0] _carry_service_light (res://scripts/player/player_controller.gd:430)
       [1] _process (res://scripts/player/player_controller.gd:330)
ERROR: Basis [X: (1.0, 0.0, 0.0), Y: (0.0, 0.999992, 0.0), Z: (0.0, 0.0, 0.999992)] must be normalized in order to be casted to a Quaternion. Use get_rotation_quaternion() or call orthonormalized() if the Basis contains linearly independent vectors.
   at: get_quaternion (core/math/basis.cpp:717)
   GDScript backtrace (most recent call first):
       [0] _carry_service_light (res://scripts/player/player_controller.gd:430)
       [1] _process (res://scripts/player/player_controller.gd:330)
ERROR: Basis [X: (0.981189, 0.023768, 0.191578), Y: (-0.030296, 0.999045, 0.031219), Z: (-0.190656, -0.036435, 0.980972)] must be normalized in order to be casted to a Quaternion. Use get_rotation_quaternion() or call orthonormalized() if the Basis contains linearly independent vectors.
   at: get_quaternion (core/math/basis.cpp:717)
   GDScript backtrace (most recent call first):
       [0] _carry_service_light (res://scripts/player/player_controller.gd:430)
       [1] _process (res://scripts/player/player_controller.gd:330)
ERROR: Basis [X: (1.0, 0.0, 0.0), Y: (0.0, 0.999992, 0.0), Z: (0.0, 0.0, 0.999992)] must be normalized in order to be casted to a Quaternion. Use get_rotation_quaternion() or call orthonormalized() if the Basis contains linearly independent vectors.
   at: get_quaternion (core/math/basis.cpp:717)
   GDScript backtrace (most recent call first):
       [0] _carry_service_light (res://scripts/player/player_controller.gd:430)
       [1] _process (res://scripts/player/player_controller.gd:330)
ERROR: Basis [X: (0.981186, 0.023769, 0.191593), Y: (-0.030256, 0.999053, 0.031003), Z: (-0.190678, -0.036217, 0.980976)] must be normalized in order to be casted to a Quaternion. Use get_rotation_quaternion() or call orthonormalized() if the Basis contains linearly independent vectors.
   at: get_quaternion (core/math/basis.cpp:717)
   GDScript backtrace (most recent call first):
       [0] _carry_service_light (res://scripts/player/player_controller.gd:430)
       [1] _process (res://scripts/player/player_controller.gd:330)
ERROR: Basis [X: (1.0, 0.0, 0.0), Y: (0.0, 0.999992, 0.0), Z: (0.0, 0.0, 0.999992)] must be normalized in order to be casted to a Quaternion. Use get_rotation_quaternion() or call orthonormalized() if the Basis contains linearly independent vectors.
   at: get_quaternion (core/math/basis.cpp:717)
   GDScript backtrace (most recent call first):
       [0] _carry_service_light (res://scripts/player/player_controller.gd:430)
       [1] _process (res://scripts/player/player_controller.gd:330)
ERROR: Basis [X: (0.981184, 0.023772, 0.191603), Y: (-0.030221, 0.99906, 0.030807), Z: (-0.190694, -0.036018, 0.98098)] must be normalized in order to be casted to a Quaternion. Use get_rotation_quaternion() or call orthonormalized() if the Basis contains linearly independent vectors.
   at: get_quaternion (core/math/basis.cpp:717)
   GDScript backtrace (most recent call first):
       [0] _carry_service_light (res://scripts/player/player_controller.gd:430)
       [1] _process (res://scripts/player/player_controller.gd:330)
ERROR: Basis [X: (1.0, 0.0, 0.0), Y: (0.0, 0.999992, 0.0), Z: (0.0, 0.0, 0.999992)] must be normalized in order to be casted to a Quaternion. Use get_rotation_quaternion() or call orthonormalized() if the Basis contains linearly independent vectors.
   at: get_quaternion (core/math/basis.cpp:717)
   GDScript backtrace (most recent call first):
       [0] _carry_service_light (res://scripts/player/player_controller.gd:430)
       [1] _process (res://scripts/player/player_controller.gd:330)
ERROR: Basis [X: (0.981183, 0.023776, 0.19161), Y: (-0.030191, 0.999066, 0.030628), Z: (-0.190706, -0.035836, 0.980984)] must be normalized in order to be casted to a Quaternion. Use get_rotation_quaternion() or call orthonormalized() if the Basis contains linearly independent vectors.
   at: get_quaternion (core/math/basis.cpp:717)
   GDScript backtrace (most recent call first):
       [0] _carry_service_light (res://scripts/player/player_controller.gd:430)
       [1] _process (res://scripts/player/player_controller.gd:330)
ERROR: Basis [X: (1.0, 0.0, 0.0), Y: (0.0, 0.999992, 0.0), Z: (0.0, 0.0, 0.999992)] must be normalized in order to be casted to a Quaternion. Use get_rotation_quaternion() or call orthonormalized() if the Basis contains linearly independent vectors.
   at: get_quaternion (core/math/basis.cpp:717)
   GDScript backtrace (most recent call first):
       [0] _carry_service_light (res://scripts/player/player_controller.gd:430)
       [1] _process (res://scripts/player/player_controller.gd:330)
ERROR: Basis [X: (0.981182, 0.023781, 0.191614), Y: (-0.030164, 0.999072, 0.030465), Z: (-0.190715, -0.035672, 0.980989)] must be normalized in order to be casted to a Quaternion. Use get_rotation_quaternion() or call orthonormalized() if the Basis contains linearly independent vectors.
   at: get_quaternion (core/math/basis.cpp:717)
   GDScript backtrace (most recent call first):
       [0] _carry_service_light (res://scripts/player/player_controller.gd:430)
       [1] _process (res://scripts/player/player_controller.gd:330)
ERROR: Basis [X: (1.0, 0.0, 0.0), Y: (0.0, 0.999992, 0.0), Z: (0.0, 0.0, 0.999992)] must be normalized in order to be casted to a Quaternion. Use get_rotation_quaternion() or call orthonormalized() if the Basis contains linearly independent vectors.
   at: get_quaternion (core/math/basis.cpp:717)
   GDScript backtrace (most recent call first):
       [0] _carry_service_light (res://scripts/player/player_controller.gd:430)
       [1] _process (res://scripts/player/player_controller.gd:330)
ERROR: Basis [X: (0.981182, 0.022464, 0.191774), Y: (-0.030142, 0.998844, 0.03721), Z: (-0.19072, -0.04229, 0.980725)] must be normalized in order to be casted to a Quaternion. Use get_rotation_quaternion() or call orthonormalized() if the Basis contains linearly independent vectors.
   at: get_quaternion (core/math/basis.cpp:717)
   GDScript backtrace (most recent call first):
       [0] _carry_service_light (res://scripts/player/player_controller.gd:430)
       [1] _process (res://scripts/player/player_controller.gd:330)
ERROR: Basis [X: (1.0, 0.0, 0.0), Y: (0.0, 0.999992, 0.0), Z: (0.0, 0.0, 0.999992)] must be normalized in order to be casted to a Quaternion. Use get_rotation_quaternion() or call orthonormalized() if the Basis contains linearly independent vectors.
   at: get_quaternion (core/math/basis.cpp:717)
   GDScript backtrace (most recent call first):
       [0] _carry_service_light (res://scripts/player/player_controller.gd:430)
       [1] _process (res://scripts/player/player_controller.gd:330)
ERROR: Basis [X: (0.98117, 0.01805, 0.192299), Y: (-0.030247, 0.99769, 0.06068), Z: (-0.190763, -0.065353, 0.97945)] must be normalized in order to be casted to a Quaternion. Use get_rotation_quaternion() or call orthonormalized() if the Basis contains linearly independent vectors.
   at: get_quaternion (core/math/basis.cpp:717)
   GDScript backtrace (most recent call first):
       [0] _carry_service_light (res://scripts/player/player_controller.gd:430)
       [1] _process (res://scripts/player/player_controller.gd:330)
ERROR: Basis [X: (1.0, 0.0, 0.0), Y: (0.0, 0.999992, 0.0), Z: (0.0, 0.0, 0.999992)] must be normalized in order to be casted to a Quaternion. Use get_rotation_quaternion() or call orthonormalized() if the Basis contains linearly independent vectors.
   at: get_quaternion (core/math/basis.cpp:717)
   GDScript backtrace (most recent call first):
       [0] _carry_service_light (res://scripts/player/player_controller.gd:430)
       [1] _process (res://scripts/player/player_controller.gd:330)
ERROR: Basis [X: (0.981229, 0.010294, 0.192572), Y: (-0.030818, 0.994103, 0.103886), Z: (-0.19037, -0.10787, 0.97576)] must be normalized in order to be casted to a Quaternion. Use get_rotation_quaternion() or call orthonormalized() if the Basis contains linearly independent vectors.
   at: get_quaternion (core/math/basis.cpp:717)
   GDScript backtrace (most recent call first):
       [0] _carry_service_light (res://scripts/player/player_controller.gd:430)
       [1] _process (res://scripts/player/player_controller.gd:330)
ERROR: Basis [X: (1.0, 0.0, 0.0), Y: (0.0, 0.999992, 0.0), Z: (0.0, 0.0, 0.999992)] must be normalized in order to be casted to a Quaternion. Use get_rotation_quaternion() or call orthonormalized() if the Basis contains linearly independent vectors.
   at: get_quaternion (core/math/basis.cpp:717)
   GDScript backtrace (most recent call first):
       [0] _carry_service_light (res://scripts/player/player_controller.gd:430)
       [1] _process (res://scripts/player/player_controller.gd:330)
ERROR: Basis [X: (0.981442, 0.003887, 0.191718), Y: (-0.032024, 0.989068, 0.143881), Z: (-0.189066, -0.147351, 0.970837)] must be normalized in order to be casted to a Quaternion. Use get_rotation_quaternion() or call orthonormalized() if the Basis contains linearly independent vectors.
   at: get_quaternion (core/math/basis.cpp:717)
   GDScript backtrace (most recent call first):
       [0] _carry_service_light (res://scripts/player/player_controller.gd:430)
       [1] _process (res://scripts/player/player_controller.gd:330)
ERROR: Basis [X: (1.0, 0.0, 0.0), Y: (0.0, 0.999992, 0.0), Z: (0.0, 0.0, 0.999992)] must be normalized in order to be casted to a Quaternion. Use get_rotation_quaternion() or call orthonormalized() if the Basis contains linearly independent vectors.
   at: get_quaternion (core/math/basis.cpp:717)
   GDScript backtrace (most recent call first):
       [0] _carry_service_light (res://scripts/player/player_controller.gd:430)
       [1] _process (res://scripts/player/player_controller.gd:330)
ERROR: Basis [X: (0.981593, -0.005278, 0.190909), Y: (-0.03293, 0.979961, 0.196406), Z: (-0.188123, -0.199077, 0.961749)] must be normalized in order to be casted to a Quaternion. Use get_rotation_quaternion() or call orthonormalized() if the Basis contains linearly independent vectors.
   at: get_quaternion (core/math/basis.cpp:717)
   GDScript backtrace (most recent call first):
       [0] _carry_service_light (res://scripts/player/player_controller.gd:430)
       [1] _process (res://scripts/player/player_controller.gd:330)
ERROR: Basis [X: (1.0, 0.0, 0.0), Y: (0.0, 0.999992, 0.0), Z: (0.0, 0.0, 0.999992)] must be normalized in order to be casted to a Quaternion. Use get_rotation_quaternion() or call orthonormalized() if the Basis contains linearly independent vectors.
   at: get_quaternion (core/math/basis.cpp:717)
   GDScript backtrace (most recent call first):
       [0] _carry_service_light (res://scripts/player/player_controller.gd:430)
       [1] _process (res://scripts/player/player_controller.gd:330)
ERROR: Basis [X: (0.981847, -0.00833, 0.189488), Y: (-0.034253, 0.974815, 0.220332), Z: (-0.186554, -0.222823, 0.956834)] must be normalized in order to be casted to a Quaternion. Use get_rotation_quaternion() or call orthonormalized() if the Basis contains linearly independent vectors.
   at: get_quaternion (core/math/basis.cpp:717)
   GDScript backtrace (most recent call first):
       [0] _carry_service_light (res://scripts/player/player_controller.gd:430)
       [1] _process (res://scripts/player/player_controller.gd:330)
ERROR: Basis [X: (1.0, 0.0, 0.0), Y: (0.0, 0.999992, 0.0), Z: (0.0, 0.0, 0.999992)] must be normalized in order to be casted to a Quaternion. Use get_rotation_quaternion() or call orthonormalized() if the Basis contains linearly independent vectors.
   at: get_quaternion (core/math/basis.cpp:717)
   GDScript backtrace (most recent call first):
       [0] _carry_service_light (res://scripts/player/player_controller.gd:430)
       [1] _process (res://scripts/player/player_controller.gd:330)
ERROR: Basis [X: (0.981937, -0.012811, 0.188772), Y: (-0.034553, 0.968778, 0.245477), Z: (-0.186026, -0.247565, 0.950836)] must be normalized in order to be casted to a Quaternion. Use get_rotation_quaternion() or call orthonormalized() if the Basis contains linearly independent vectors.
   at: get_quaternion (core/math/basis.cpp:717)
   GDScript backtrace (most recent call first):
       [0] _carry_service_light (res://scripts/player/player_controller.gd:430)
       [1] _process (res://scripts/player/player_controller.gd:330)
ERROR: Basis [X: (1.0, 0.0, 0.0), Y: (0.0, 0.999992, 0.0), Z: (0.0, 0.0, 0.999992)] must be normalized in order to be casted to a Quaternion. Use get_rotation_quaternion() or call orthonormalized() if the Basis contains linearly independent vectors.
   at: get_quaternion (core/math/basis.cpp:717)
   GDScript backtrace (most recent call first):
       [0] _carry_service_light (res://scripts/player/player_controller.gd:430)
       [1] _process (res://scripts/player/player_controller.gd:330)
ERROR: Basis [X: (0.982057, -0.014989, 0.187986), Y: (-0.034992, 0.965035, 0.259742), Z: (-0.18531, -0.26166, 0.947195)] must be normalized in order to be casted to a Quaternion. Use get_rotation_quaternion() or call orthonormalized() if the Basis contains linearly independent vectors.
   at: get_quaternion (core/math/basis.cpp:717)
   GDScript backtrace (most recent call first):
       [0] _carry_service_light (res://scripts/player/player_controller.gd:430)
       [1] _process (res://scripts/player/player_controller.gd:330)
ERROR: Basis [X: (1.0, 0.0, 0.0), Y: (0.0, 0.999992, 0.0), Z: (0.0, 0.0, 0.999992)] must be normalized in order to be casted to a Quaternion. Use get_rotation_quaternion() or call orthonormalized() if the Basis contains linearly independent vectors.
   at: get_quaternion (core/math/basis.cpp:717)
   GDScript backtrace (most recent call first):
       [0] _carry_service_light (res://scripts/player/player_controller.gd:430)
       [1] _process (res://scripts/player/player_controller.gd:330)
ERROR: Basis [X: (0.982044, -0.018059, 0.187785), Y: (-0.03492, 0.960798, 0.275012), Z: (-0.185393, -0.276631, 0.942915)] must be normalized in order to be casted to a Quaternion. Use get_rotation_quaternion() or call orthonormalized() if the Basis contains linearly independent vectors.
   at: get_quaternion (core/math/basis.cpp:717)
   GDScript backtrace (most recent call first):
       [0] _carry_service_light (res://scripts/player/player_controller.gd:430)
       [1] _process (res://scripts/player/player_controller.gd:330)
ERROR: Basis [X: (1.0, 0.0, 0.0), Y: (0.0, 0.999992, 0.0), Z: (0.0, 0.0, 0.999992)] must be normalized in order to be casted to a Quaternion. Use get_rotation_quaternion() or call orthonormalized() if the Basis contains linearly independent vectors.
   at: get_quaternion (core/math/basis.cpp:717)
   GDScript backtrace (most recent call first):
       [0] _carry_service_light (res://scripts/player/player_controller.gd:430)
       [1] _process (res://scripts/player/player_controller.gd:330)
ERROR: Basis [X: (0.982122, -0.021669, 0.186993), Y: (-0.035072, 0.95489, 0.294853), Z: (-0.184949, -0.29614, 0.937058)] must be normalized in order to be casted to a Quaternion. Use get_rotation_quaternion() or call orthonormalized() if the Basis contains linearly independent vectors.
   at: get_quaternion (core/math/basis.cpp:717)
   GDScript backtrace (most recent call first):
       [0] _carry_service_light (res://scripts/player/player_controller.gd:430)
       [1] _process (res://scripts/player/player_controller.gd:330)
ERROR: Basis [X: (1.0, 0.0, 0.0), Y: (0.0, 0.999992, 0.0), Z: (0.0, 0.0, 0.999992)] must be normalized in order to be casted to a Quaternion. Use get_rotation_quaternion() or call orthonormalized() if the Basis contains linearly independent vectors.
   at: get_quaternion (core/math/basis.cpp:717)
   GDScript backtrace (most recent call first):
       [0] _carry_service_light (res://scripts/player/player_controller.gd:430)
       [1] _process (res://scripts/player/player_controller.gd:330)
ERROR: Basis [X: (0.982138, -0.023743, 0.186656), Y: (-0.035202, 0.951299, 0.306227), Z: (-0.184839, -0.307328, 0.933471)] must be normalized in order to be casted to a Quaternion. Use get_rotation_quaternion() or call orthonormalized() if the Basis contains linearly independent vectors.
   at: get_quaternion (core/math/basis.cpp:717)
   GDScript backtrace (most recent call first):
       [0] _carry_service_light (res://scripts/player/player_controller.gd:430)
       [1] _process (res://scripts/player/player_controller.gd:330)
ERROR: Basis [X: (1.0, 0.0, 0.0), Y: (0.0, 0.999992, 0.0), Z: (0.0, 0.0, 0.999992)] must be normalized in order to be casted to a Quaternion. Use get_rotation_quaternion() or call orthonormalized() if the Basis contains linearly independent vectors.
   at: get_quaternion (core/math/basis.cpp:717)
   GDScript backtrace (most recent call first):
       [0] _carry_service_light (res://scripts/player/player_controller.gd:430)
       [1] _process (res://scripts/player/player_controller.gd:330)
ERROR: Basis [X: (0.982168, -0.025364, 0.186284), Y: (-0.035157, 0.94859, 0.314521), Z: (-0.184688, -0.315461, 0.930784)] must be normalized in order to be casted to a Quaternion. Use get_rotation_quaternion() or call orthonormalized() if the Basis contains linearly independent vectors.
   at: get_quaternion (core/math/basis.cpp:717)
   GDScript backtrace (most recent call first):
       [0] _carry_service_light (res://scripts/player/player_controller.gd:430)
       [1] _process (res://scripts/player/player_controller.gd:330)
ERROR: Basis [X: (1.0, 0.0, 0.0), Y: (0.0, 0.999992, 0.0), Z: (0.0, 0.0, 0.999992)] must be normalized in order to be casted to a Quaternion. Use get_rotation_quaternion() or call orthonormalized() if the Basis contains linearly independent vectors.
   at: get_quaternion (core/math/basis.cpp:717)
   GDScript backtrace (most recent call first):
       [0] _carry_service_light (res://scripts/player/player_controller.gd:430)
       [1] _process (res://scripts/player/player_controller.gd:330)
ERROR: Basis [X: (0.982106, -0.02646, 0.186459), Y: (-0.034901, 0.947351, 0.318262), Z: (-0.185067, -0.319074, 0.929476)] must be normalized in order to be casted to a Quaternion. Use get_rotation_quaternion() or call orthonormalized() if the Basis contains linearly independent vectors.
   at: get_quaternion (core/math/basis.cpp:717)
   GDScript backtrace (most recent call first):
       [0] _carry_service_light (res://scripts/player/player_controller.gd:430)
       [1] _process (res://scripts/player/player_controller.gd:330)
ERROR: Basis [X: (1.0, 0.0, 0.0), Y: (0.0, 0.999992, 0.0), Z: (0.0, 0.0, 0.999992)] must be normalized in order to be casted to a Quaternion. Use get_rotation_quaternion() or call orthonormalized() if the Basis contains linearly independent vectors.
   at: get_quaternion (core/math/basis.cpp:717)
   GDScript backtrace (most recent call first):
       [0] _carry_service_light (res://scripts/player/player_controller.gd:430)
       [1] _process (res://scripts/player/player_controller.gd:330)
ERROR: Basis [X: (0.982058, -0.027092, 0.186622), Y: (-0.034588, 0.946954, 0.319477), Z: (-0.18538, -0.320199, 0.929026)] must be normalized in order to be casted to a Quaternion. Use get_rotation_quaternion() or call orthonormalized() if the Basis contains linearly independent vectors.
   at: get_quaternion (core/math/basis.cpp:717)
   GDScript backtrace (most recent call first):
       [0] _carry_service_light (res://scripts/player/player_controller.gd:430)
       [1] _process (res://scripts/player/player_controller.gd:330)
ERROR: Basis [X: (1.0, 0.0, 0.0), Y: (0.0, 0.999992, 0.0), Z: (0.0, 0.0, 0.999992)] must be normalized in order to be casted to a Quaternion. Use get_rotation_quaternion() or call orthonormalized() if the Basis contains linearly independent vectors.
   at: get_quaternion (core/math/basis.cpp:717)
   GDScript backtrace (most recent call first):
       [0] _carry_service_light (res://scripts/player/player_controller.gd:430)
       [1] _process (res://scripts/player/player_controller.gd:330)
ERROR: Basis [X: (0.981972, -0.027434, 0.187025), Y: (-0.034176, 0.947332, 0.318399), Z: (-0.185913, -0.319051, 0.929315)] must be normalized in order to be casted to a Quaternion. Use get_rotation_quaternion() or call orthonormalized() if the Basis contains linearly independent vectors.
   at: get_quaternion (core/math/basis.cpp:717)
   GDScript backtrace (most recent call first):
       [0] _carry_service_light (res://scripts/player/player_controller.gd:430)
       [1] _process (res://scripts/player/player_controller.gd:330)
ERROR: Basis [X: (1.0, 0.0, 0.0), Y: (0.0, 0.999992, 0.0), Z: (0.0, 0.0, 0.999992)] must be normalized in order to be casted to a Quaternion. Use get_rotation_quaternion() or call orthonormalized() if the Basis contains linearly independent vectors.
   at: get_quaternion (core/math/basis.cpp:717)
   GDScript backtrace (most recent call first):
       [0] _carry_service_light (res://scripts/player/player_controller.gd:430)
       [1] _process (res://scripts/player/player_controller.gd:330)
ERROR: Basis [X: (0.981898, -0.027735, 0.187368), Y: (-0.033764, 0.94774, 0.317226), Z: (-0.186377, -0.31781, 0.929647)] must be normalized in order to be casted to a Quaternion. Use get_rotation_quaternion() or call orthonormalized() if the Basis contains linearly independent vectors.
   at: get_quaternion (core/math/basis.cpp:717)
   GDScript backtrace (most recent call first):
       [0] _carry_service_light (res://scripts/player/player_controller.gd:430)
       [1] _process (res://scripts/player/player_controller.gd:330)
ERROR: Basis [X: (1.0, 0.0, 0.0), Y: (0.0, 0.999992, 0.0), Z: (0.0, 0.0, 0.999992)] must be normalized in order to be casted to a Quaternion. Use get_rotation_quaternion() or call orthonormalized() if the Basis contains linearly independent vectors.
   at: get_quaternion (core/math/basis.cpp:717)
   GDScript backtrace (most recent call first):
       [0] _carry_service_light (res://scripts/player/player_controller.gd:430)
       [1] _process (res://scripts/player/player_controller.gd:330)
ERROR: Basis [X: (0.981831, -0.028007, 0.187675), Y: (-0.033391, 0.948105, 0.316172), Z: (-0.186794, -0.316694, 0.929944)] must be normalized in order to be casted to a Quaternion. Use get_rotation_quaternion() or call orthonormalized() if the Basis contains linearly independent vectors.
   at: get_quaternion (core/math/basis.cpp:717)
   GDScript backtrace (most recent call first):
       [0] _carry_service_light (res://scripts/player/player_controller.gd:430)
       [1] _process (res://scripts/player/player_controller.gd:330)
ERROR: Basis [X: (1.0, 0.0, 0.0), Y: (0.0, 0.999992, 0.0), Z: (0.0, 0.0, 0.999992)] must be normalized in order to be casted to a Quaternion. Use get_rotation_quaternion() or call orthonormalized() if the Basis contains linearly independent vectors.
   at: get_quaternion (core/math/basis.cpp:717)
   GDScript backtrace (most recent call first):
       [0] _carry_service_light (res://scripts/player/player_controller.gd:430)
       [1] _process (res://scripts/player/player_controller.gd:330)
ERROR: Basis [X: (0.981772, -0.028252, 0.187952), Y: (-0.033055, 0.948433, 0.315223), Z: (-0.187168, -0.31569, 0.930211)] must be normalized in order to be casted to a Quaternion. Use get_rotation_quaternion() or call orthonormalized() if the Basis contains linearly independent vectors.
   at: get_quaternion (core/math/basis.cpp:717)
   GDScript backtrace (most recent call first):
       [0] _carry_service_light (res://scripts/player/player_controller.gd:430)
       [1] _process (res://scripts/player/player_controller.gd:330)
ERROR: Basis [X: (1.0, 0.0, 0.0), Y: (0.0, 0.999992, 0.0), Z: (0.0, 0.0, 0.999992)] must be normalized in order to be casted to a Quaternion. Use get_rotation_quaternion() or call orthonormalized() if the Basis contains linearly independent vectors.
   at: get_quaternion (core/math/basis.cpp:717)
   GDScript backtrace (most recent call first):
       [0] _carry_service_light (res://scripts/player/player_controller.gd:430)
       [1] _process (res://scripts/player/player_controller.gd:330)
ERROR: Basis [X: (0.981718, -0.028472, 0.188199), Y: (-0.032751, 0.948726, 0.314371), Z: (-0.187504, -0.314787, 0.930449)] must be normalized in order to be casted to a Quaternion. Use get_rotation_quaternion() or call orthonormalized() if the Basis contains linearly independent vectors.
   at: get_quaternion (core/math/basis.cpp:717)
   GDScript backtrace (most recent call first):
       [0] _carry_service_light (res://scripts/player/player_controller.gd:430)
       [1] _process (res://scripts/player/player_controller.gd:330)
ERROR: Basis [X: (1.0, 0.0, 0.0), Y: (0.0, 0.999992, 0.0), Z: (0.0, 0.0, 0.999992)] must be normalized in order to be casted to a Quaternion. Use get_rotation_quaternion() or call orthonormalized() if the Basis contains linearly independent vectors.
   at: get_quaternion (core/math/basis.cpp:717)
   GDScript backtrace (most recent call first):
       [0] _carry_service_light (res://scripts/player/player_controller.gd:430)
       [1] _process (res://scripts/player/player_controller.gd:330)
ERROR: Basis [X: (0.981669, -0.028671, 0.188422), Y: (-0.032477, 0.948989, 0.313605), Z: (-0.187805, -0.313975, 0.930662)] must be normalized in order to be casted to a Quaternion. Use get_rotation_quaternion() or call orthonormalized() if the Basis contains linearly independent vectors.
   at: get_quaternion (core/math/basis.cpp:717)
   GDScript backtrace (most recent call first):
       [0] _carry_service_light (res://scripts/player/player_controller.gd:430)
       [1] _process (res://scripts/player/player_controller.gd:330)
ERROR: Basis [X: (1.0, 0.0, 0.0), Y: (0.0, 0.999992, 0.0), Z: (0.0, 0.0, 0.999992)] must be normalized in order to be casted to a Quaternion. Use get_rotation_quaternion() or call orthonormalized() if the Basis contains linearly independent vectors.
   at: get_quaternion (core/math/basis.cpp:717)
   GDScript backtrace (most recent call first):
       [0] _carry_service_light (res://scripts/player/player_controller.gd:430)
       [1] _process (res://scripts/player/player_controller.gd:330)
ERROR: Basis [X: (0.981626, -0.028851, 0.188622), Y: (-0.032229, 0.949225, 0.312917), Z: (-0.188076, -0.313246, 0.930853)] must be normalized in order to be casted to a Quaternion. Use get_rotation_quaternion() or call orthonormalized() if the Basis contains linearly independent vectors.
   at: get_quaternion (core/math/basis.cpp:717)
   GDScript backtrace (most recent call first):
       [0] _carry_service_light (res://scripts/player/player_controller.gd:430)
       [1] _process (res://scripts/player/player_controller.gd:330)
ERROR: Basis [X: (1.0, 0.0, 0.0), Y: (0.0, 0.999992, 0.0), Z: (0.0, 0.0, 0.999992)] must be normalized in order to be casted to a Quaternion. Use get_rotation_quaternion() or call orthonormalized() if the Basis contains linearly independent vectors.
   at: get_quaternion (core/math/basis.cpp:717)
   GDScript backtrace (most recent call first):
       [0] _carry_service_light (res://scripts/player/player_controller.gd:430)
       [1] _process (res://scripts/player/player_controller.gd:330)
ERROR: Basis [X: (0.981586, -0.029014, 0.188801), Y: (-0.032005, 0.949436, 0.312299), Z: (-0.188319, -0.312591, 0.931024)] must be normalized in order to be casted to a Quaternion. Use get_rotation_quaternion() or call orthonormalized() if the Basis contains linearly independent vectors.
   at: get_quaternion (core/math/basis.cpp:717)
   GDScript backtrace (most recent call first):
       [0] _carry_service_light (res://scripts/player/player_controller.gd:430)
       [1] _process (res://scripts/player/player_controller.gd:330)
ERROR: Basis [X: (1.0, 0.0, 0.0), Y: (0.0, 0.999992, 0.0), Z: (0.0, 0.0, 0.999992)] must be normalized in order to be casted to a Quaternion. Use get_rotation_quaternion() or call orthonormalized() if the Basis contains linearly independent vectors.
   at: get_quaternion (core/math/basis.cpp:717)
   GDScript backtrace (most recent call first):
       [0] _carry_service_light (res://scripts/player/player_controller.gd:430)
       [1] _process (res://scripts/player/player_controller.gd:330)
ERROR: Basis [X: (0.981551, -0.028292, 0.189094), Y: (-0.031803, 0.951048, 0.307374), Z: (-0.188537, -0.307717, 0.932603)] must be normalized in order to be casted to a Quaternion. Use get_rotation_quaternion() or call orthonormalized() if the Basis contains linearly independent vectors.
   at: get_quaternion (core/math/basis.cpp:717)
   GDScript backtrace (most recent call first):
       [0] _carry_service_light (res://scripts/player/player_controller.gd:430)
       [1] _process (res://scripts/player/player_controller.gd:330)
ERROR: Basis [X: (1.0, 0.0, 0.0), Y: (0.0, 0.999992, 0.0), Z: (0.0, 0.0, 0.999992)] must be normalized in order to be casted to a Quaternion. Use get_rotation_quaternion() or call orthonormalized() if the Basis contains linearly independent vectors.
   at: get_quaternion (core/math/basis.cpp:717)
   GDScript backtrace (most recent call first):
       [0] _carry_service_light (res://scripts/player/player_controller.gd:430)
       [1] _process (res://scripts/player/player_controller.gd:330)
ERROR: Basis [X: (0.981527, -0.025799, 0.189575), Y: (-0.031537, 0.955488, 0.29331), Z: (-0.188707, -0.293871, 0.937024)] must be normalized in order to be casted to a Quaternion. Use get_rotation_quaternion() or call orthonormalized() if the Basis contains linearly independent vectors.
   at: get_quaternion (core/math/basis.cpp:717)
   GDScript backtrace (most recent call first):
       [0] _carry_service_light (res://scripts/player/player_controller.gd:430)
       [1] _process (res://scripts/player/player_controller.gd:330)
ERROR: Basis [X: (1.0, 0.0, 0.0), Y: (0.0, 0.999992, 0.0), Z: (0.0, 0.0, 0.999991)] must be normalized in order to be casted to a Quaternion. Use get_rotation_quaternion() or call orthonormalized() if the Basis contains linearly independent vectors.
   at: get_quaternion (core/math/basis.cpp:717)
   GDScript backtrace (most recent call first):
       [0] _carry_service_light (res://scripts/player/player_controller.gd:430)
       [1] _process (res://scripts/player/player_controller.gd:330)
ERROR: Basis [X: (0.981425, -0.02183, 0.190597), Y: (-0.030948, 0.962467, 0.269595), Z: (-0.189332, -0.270486, 0.943914)] must be normalized in order to be casted to a Quaternion. Use get_rotation_quaternion() or call orthonormalized() if the Basis contains linearly independent vectors.
   at: get_quaternion (core/math/basis.cpp:717)
   GDScript backtrace (most recent call first):
       [0] _carry_service_light (res://scripts/player/player_controller.gd:430)
       [1] _process (res://scripts/player/player_controller.gd:330)
ERROR: Basis [X: (1.0, 0.0, 0.0), Y: (0.0, 0.999991, 0.0), Z: (0.0, 0.0, 0.999991)] must be normalized in order to be casted to a Quaternion. Use get_rotation_quaternion() or call orthonormalized() if the Basis contains linearly independent vectors.
   at: get_quaternion (core/math/basis.cpp:717)
   GDScript backtrace (most recent call first):
       [0] _carry_service_light (res://scripts/player/player_controller.gd:430)
       [1] _process (res://scripts/player/player_controller.gd:330)
ERROR: Basis [X: (0.981205, -0.019551, 0.191974), Y: (-0.029973, 0.967329, 0.251711), Z: (-0.190626, -0.252734, 0.948562)] must be normalized in order to be casted to a Quaternion. Use get_rotation_quaternion() or call orthonormalized() if the Basis contains linearly independent vectors.
   at: get_quaternion (core/math/basis.cpp:717)
   GDScript backtrace (most recent call first):
       [0] _carry_service_light (res://scripts/player/player_controller.gd:430)
       [1] _process (res://scripts/player/player_controller.gd:330)
ERROR: Basis [X: (1.0, 0.0, 0.0), Y: (0.0, 0.999991, 0.0), Z: (0.0, 0.0, 0.999991)] must be normalized in order to be casted to a Quaternion. Use get_rotation_quaternion() or call orthonormalized() if the Basis contains linearly independent vectors.
   at: get_quaternion (core/math/basis.cpp:717)
   GDScript backtrace (most recent call first):
       [0] _carry_service_light (res://scripts/player/player_controller.gd:430)
       [1] _process (res://scripts/player/player_controller.gd:330)
ERROR: Basis [X: (0.98109, -0.015986, 0.192888), Y: (-0.0294, 0.972703, 0.230148), Z: (-0.191305, -0.231467, 0.953839)] must be normalized in order to be casted to a Quaternion. Use get_rotation_quaternion() or call orthonormalized() if the Basis contains linearly independent vectors.
   at: get_quaternion (core/math/basis.cpp:717)
   GDScript backtrace (most recent call first):
       [0] _carry_service_light (res://scripts/player/player_controller.gd:430)
       [1] _process (res://scripts/player/player_controller.gd:330)
ERROR: Basis [X: (1.0, 0.0, 0.0), Y: (0.0, 0.999991, 0.0), Z: (0.0, 0.0, 0.999991)] must be normalized in order to be casted to a Quaternion. Use get_rotation_quaternion() or call orthonormalized() if the Basis contains linearly independent vectors.
   at: get_quaternion (core/math/basis.cpp:717)
   GDScript backtrace (most recent call first):
       [0] _carry_service_light (res://scripts/player/player_controller.gd:430)
       [1] _process (res://scripts/player/player_controller.gd:330)
ERROR: Basis [X: (0.980946, -0.011149, 0.19396), Y: (-0.028704, 0.97907, 0.201446), Z: (-0.19215, -0.203175, 0.960095)] must be normalized in order to be casted to a Quaternion. Use get_rotation_quaternion() or call orthonormalized() if the Basis contains linearly independent vectors.
   at: get_quaternion (core/math/basis.cpp:717)
   GDScript backtrace (most recent call first):
       [0] _carry_service_light (res://scripts/player/player_controller.gd:430)
       [1] _process (res://scripts/player/player_controller.gd:330)
ERROR: Basis [X: (1.0, 0.0, 0.0), Y: (0.0, 0.999991, 0.0), Z: (0.0, 0.0, 0.999991)] must be normalized in order to be casted to a Quaternion. Use get_rotation_quaternion() or call orthonormalized() if the Basis contains linearly independent vectors.
   at: get_quaternion (core/math/basis.cpp:717)
   GDScript backtrace (most recent call first):
       [0] _carry_service_light (res://scripts/player/player_controller.gd:430)
       [1] _process (res://scripts/player/player_controller.gd:330)
ERROR: Basis [X: (0.980729, -0.005132, 0.195304), Y: (-0.02776, 0.985843, 0.165305), Z: (-0.19339, -0.167541, 0.966703)] must be normalized in order to be casted to a Quaternion. Use get_rotation_quaternion() or call orthonormalized() if the Basis contains linearly independent vectors.
   at: get_quaternion (core/math/basis.cpp:717)
   GDScript backtrace (most recent call first):
       [0] _carry_service_light (res://scripts/player/player_controller.gd:430)
       [1] _process (res://scripts/player/player_controller.gd:330)
ERROR: Basis [X: (1.0, 0.0, 0.0), Y: (0.0, 0.999991, 0.0), Z: (0.0, 0.0, 0.999991)] must be normalized in order to be casted to a Quaternion. Use get_rotation_quaternion() or call orthonormalized() if the Basis contains linearly independent vectors.
   at: get_quaternion (core/math/basis.cpp:717)
   GDScript backtrace (most recent call first):
       [0] _carry_service_light (res://scripts/player/player_controller.gd:430)
       [1] _process (res://scripts/player/player_controller.gd:330)
ERROR: Basis [X: (0.980495, 0.001814, 0.196533), Y: (-0.026682, 0.99192, 0.123962), Z: (-0.194723, -0.126788, 0.972621)] must be normalized in order to be casted to a Quaternion. Use get_rotation_quaternion() or call orthonormalized() if the Basis contains linearly independent vectors.
   at: get_quaternion (core/math/basis.cpp:717)
   GDScript backtrace (most recent call first):
       [0] _carry_service_light (res://scripts/player/player_controller.gd:430)
       [1] _process (res://scripts/player/player_controller.gd:330)
ERROR: Basis [X: (1.0, 0.0, 0.0), Y: (0.0, 0.999991, 0.0), Z: (0.0, 0.0, 0.999991)] must be normalized in order to be casted to a Quaternion. Use get_rotation_quaternion() or call orthonormalized() if the Basis contains linearly independent vectors.
   at: get_quaternion (core/math/basis.cpp:717)
   GDScript backtrace (most recent call first):
       [0] _carry_service_light (res://scripts/player/player_controller.gd:430)
       [1] _process (res://scripts/player/player_controller.gd:330)
ERROR: Basis [X: (0.980341, 0.008576, 0.197122), Y: (-0.025714, 0.996079, 0.084545), Z: (-0.195628, -0.087951, 0.976718)] must be normalized in order to be casted to a Quaternion. Use get_rotation_quaternion() or call orthonormalized() if the Basis contains linearly independent vectors.
   at: get_quaternion (core/math/basis.cpp:717)
   GDScript backtrace (most recent call first):
       [0] _carry_service_light (res://scripts/player/player_controller.gd:430)
       [1] _process (res://scripts/player/player_controller.gd:330)
ERROR: Basis [X: (1.0, 0.0, 0.0), Y: (0.0, 0.999991, 0.0), Z: (0.0, 0.0, 0.999991)] must be normalized in order to be casted to a Quaternion. Use get_rotation_quaternion() or call orthonormalized() if the Basis contains linearly independent vectors.
   at: get_quaternion (core/math/basis.cpp:717)
   GDScript backtrace (most recent call first):
       [0] _carry_service_light (res://scripts/player/player_controller.gd:430)
       [1] _process (res://scripts/player/player_controller.gd:330)
ERROR: Basis [X: (0.980197, 0.018148, 0.197189), Y: (-0.024879, 0.999179, 0.031711), Z: (-0.196455, -0.035989, 0.979844)] must be normalized in order to be casted to a Quaternion. Use get_rotation_quaternion() or call orthonormalized() if the Basis contains linearly independent vectors.
   at: get_quaternion (core/math/basis.cpp:717)
   GDScript backtrace (most recent call first):
       [0] _carry_service_light (res://scripts/player/player_controller.gd:430)
       [1] _process (res://scripts/player/player_controller.gd:330)
ERROR: Basis [X: (1.0, 0.0, 0.0), Y: (0.0, 0.999991, 0.0), Z: (0.0, 0.0, 0.999991)] must be normalized in order to be casted to a Quaternion. Use get_rotation_quaternion() or call orthonormalized() if the Basis contains linearly independent vectors.
   at: get_quaternion (core/math/basis.cpp:717)
   GDScript backtrace (most recent call first):
       [0] _carry_service_light (res://scripts/player/player_controller.gd:430)
       [1] _process (res://scripts/player/player_controller.gd:330)
ERROR: Basis [X: (0.979991, 0.024425, 0.197535), Y: (-0.02367, 0.999692, -0.00618), Z: (-0.197628, 0.001381, 0.980268)] must be normalized in order to be casted to a Quaternion. Use get_rotation_quaternion() or call orthonormalized() if the Basis contains linearly independent vectors.
   at: get_quaternion (core/math/basis.cpp:717)
   GDScript backtrace (most recent call first):
       [0] _carry_service_light (res://scripts/player/player_controller.gd:430)
       [1] _process (res://scripts/player/player_controller.gd:330)
ERROR: Basis [X: (1.0, 0.0, 0.0), Y: (0.0, 0.999991, 0.0), Z: (0.0, 0.0, 0.999991)] must be normalized in order to be casted to a Quaternion. Use get_rotation_quaternion() or call orthonormalized() if the Basis contains linearly independent vectors.
   at: get_quaternion (core/math/basis.cpp:717)
   GDScript backtrace (most recent call first):
       [0] _carry_service_light (res://scripts/player/player_controller.gd:430)
       [1] _process (res://scripts/player/player_controller.gd:330)
ERROR: Basis [X: (0.979927, 0.033312, 0.196553), Y: (-0.023169, 0.998281, -0.053683), Z: (-0.198006, 0.048051, 0.979014)] must be normalized in order to be casted to a Quaternion. Use get_rotation_quaternion() or call orthonormalized() if the Basis contains linearly independent vectors.
   at: get_quaternion (core/math/basis.cpp:717)
   GDScript backtrace (most recent call first):
       [0] _carry_service_light (res://scripts/player/player_controller.gd:430)
       [1] _process (res://scripts/player/player_controller.gd:330)
ERROR: Basis [X: (1.0, 0.0, 0.0), Y: (0.0, 0.999991, 0.0), Z: (0.0, 0.0, 0.999991)] must be normalized in order to be casted to a Quaternion. Use get_rotation_quaternion() or call orthonormalized() if the Basis contains linearly independent vectors.
   at: get_quaternion (core/math/basis.cpp:717)
   GDScript backtrace (most recent call first):
       [0] _carry_service_light (res://scripts/player/player_controller.gd:430)
       [1] _process (res://scripts/player/player_controller.gd:330)
ERROR: Basis [X: (0.979839, 0.042546, 0.195205), Y: (-0.022401, 0.994288, -0.104268), Z: (-0.19853, 0.097793, 0.975195)] must be normalized in order to be casted to a Quaternion. Use get_rotation_quaternion() or call orthonormalized() if the Basis contains linearly independent vectors.
   at: get_quaternion (core/math/basis.cpp:717)
   GDScript backtrace (most recent call first):
       [0] _carry_service_light (res://scripts/player/player_controller.gd:430)
       [1] _process (res://scripts/player/player_controller.gd:330)
ERROR: Basis [X: (1.0, 0.0, 0.0), Y: (0.0, 0.999991, 0.0), Z: (0.0, 0.0, 0.999991)] must be normalized in order to be casted to a Quaternion. Use get_rotation_quaternion() or call orthonormalized() if the Basis contains linearly independent vectors.
   at: get_quaternion (core/math/basis.cpp:717)
   GDScript backtrace (most recent call first):
       [0] _carry_service_light (res://scripts/player/player_controller.gd:430)
       [1] _process (res://scripts/player/player_controller.gd:330)
ERROR: Basis [X: (0.979814, 0.050017, 0.193553), Y: (-0.02176, 0.989117, -0.145451), Z: (-0.198725, 0.138304, 0.970239)] must be normalized in order to be casted to a Quaternion. Use get_rotation_quaternion() or call orthonormalized() if the Basis contains linearly independent vectors.
   at: get_quaternion (core/math/basis.cpp:717)
   GDScript backtrace (most recent call first):
       [0] _carry_service_light (res://scripts/player/player_controller.gd:430)
       [1] _process (res://scripts/player/player_controller.gd:330)
ERROR: Basis [X: (1.0, 0.0, 0.0), Y: (0.0, 0.999991, 0.0), Z: (0.0, 0.0, 0.999991)] must be normalized in order to be casted to a Quaternion. Use get_rotation_quaternion() or call orthonormalized() if the Basis contains linearly independent vectors.
   at: get_quaternion (core/math/basis.cpp:717)
   GDScript backtrace (most recent call first):
       [0] _carry_service_light (res://scripts/player/player_controller.gd:430)
       [1] _process (res://scripts/player/player_controller.gd:330)
ERROR: Basis [X: (0.979774, 0.057449, 0.19168), Y: (-0.021354, 0.982441, -0.185298), Z: (-0.198963, 0.177457, 0.963798)] must be normalized in order to be casted to a Quaternion. Use get_rotation_quaternion() or call orthonormalized() if the Basis contains linearly independent vectors.
   at: get_quaternion (core/math/basis.cpp:717)
   GDScript backtrace (most recent call first):
       [0] _carry_service_light (res://scripts/player/player_controller.gd:430)
       [1] _process (res://scripts/player/player_controller.gd:330)
ERROR: Basis [X: (1.0, 0.0, 0.0), Y: (0.0, 0.999991, 0.0), Z: (0.0, 0.0, 0.999991)] must be normalized in order to be casted to a Quaternion. Use get_rotation_quaternion() or call orthonormalized() if the Basis contains linearly independent vectors.
   at: get_quaternion (core/math/basis.cpp:717)
   GDScript backtrace (most recent call first):
       [0] _carry_service_light (res://scripts/player/player_controller.gd:430)
       [1] _process (res://scripts/player/player_controller.gd:330)
ERROR: Basis [X: (0.979739, 0.062634, 0.190233), Y: (-0.020987, 0.97671, -0.213493), Z: (-0.199178, 0.205175, 0.958235)] must be normalized in order to be casted to a Quaternion. Use get_rotation_quaternion() or call orthonormalized() if the Basis contains linearly independent vectors.
   at: get_quaternion (core/math/basis.cpp:717)
   GDScript backtrace (most recent call first):
       [0] _carry_service_light (res://scripts/player/player_controller.gd:430)
       [1] _process (res://scripts/player/player_controller.gd:330)
ERROR: Basis [X: (1.0, 0.0, 0.0), Y: (0.0, 0.999991, 0.0), Z: (0.0, 0.0, 0.999991)] must be normalized in order to be casted to a Quaternion. Use get_rotation_quaternion() or call orthonormalized() if the Basis contains linearly independent vectors.
   at: get_quaternion (core/math/basis.cpp:717)
   GDScript backtrace (most recent call first):
       [0] _carry_service_light (res://scripts/player/player_controller.gd:430)
       [1] _process (res://scripts/player/player_controller.gd:330)
ERROR: Basis [X: (0.979837, 0.071783, 0.186455), Y: (-0.02117, 0.965268, -0.260367), Z: (-0.198673, 0.25117, 0.947325)] must be normalized in order to be casted to a Quaternion. Use get_rotation_quaternion() or call orthonormalized() if the Basis contains linearly independent vectors.
   at: get_quaternion (core/math/basis.cpp:717)
   GDScript backtrace (most recent call first):
       [0] _carry_service_light (res://scripts/player/player_controller.gd:430)
       [1] _process (res://scripts/player/player_controller.gd:330)
ERROR: Basis [X: (1.0, 0.0, 0.0), Y: (0.0, 0.999991, 0.0), Z: (0.0, 0.0, 0.999991)] must be normalized in order to be casted to a Quaternion. Use get_rotation_quaternion() or call orthonormalized() if the Basis contains linearly independent vectors.
   at: get_quaternion (core/math/basis.cpp:717)
   GDScript backtrace (most recent call first):
       [0] _carry_service_light (res://scripts/player/player_controller.gd:430)
       [1] _process (res://scripts/player/player_controller.gd:330)
ERROR: Basis [X: (0.979811, 0.076811, 0.18458), Y: (-0.020643, 0.957175, -0.288741), Z: (-0.198857, 0.279102, 0.939437)] must be normalized in order to be casted to a Quaternion. Use get_rotation_quaternion() or call orthonormalized() if the Basis contains linearly independent vectors.
   at: get_quaternion (core/math/basis.cpp:717)
   GDScript backtrace (most recent call first):
       [0] _carry_service_light (res://scripts/player/player_controller.gd:430)
       [1] _process (res://scripts/player/player_controller.gd:330)
ERROR: Basis [X: (1.0, 0.0, 0.0), Y: (0.0, 0.999991, 0.0), Z: (0.0, 0.0, 0.999991)] must be normalized in order to be casted to a Quaternion. Use get_rotation_quaternion() or call orthonormalized() if the Basis contains linearly independent vectors.
   at: get_quaternion (core/math/basis.cpp:717)
   GDScript backtrace (most recent call first):
       [0] _carry_service_light (res://scripts/player/player_controller.gd:430)
       [1] _process (res://scripts/player/player_controller.gd:330)
ERROR: Basis [X: (0.979902, 0.08439, 0.18075), Y: (-0.020857, 0.944476, -0.32789), Z: (-0.198388, 0.31753, 0.927254)] must be normalized in order to be casted to a Quaternion. Use get_rotation_quaternion() or call orthonormalized() if the Basis contains linearly independent vectors.
   at: get_quaternion (core/math/basis.cpp:717)
   GDScript backtrace (most recent call first):
       [0] _carry_service_light (res://scripts/player/player_controller.gd:430)
       [1] _process (res://scripts/player/player_controller.gd:330)
ERROR: Basis [X: (1.0, 0.0, 0.0), Y: (0.0, 0.999991, 0.0), Z: (0.0, 0.0, 0.999991)] must be normalized in order to be casted to a Quaternion. Use get_rotation_quaternion() or call orthonormalized() if the Basis contains linearly independent vectors.
   at: get_quaternion (core/math/basis.cpp:717)
   GDScript backtrace (most recent call first):
       [0] _carry_service_light (res://scripts/player/player_controller.gd:430)
       [1] _process (res://scripts/player/player_controller.gd:330)
ERROR: Basis [X: (0.979906, 0.087649, 0.179166), Y: (-0.020588, 0.937913, -0.346233), Z: (-0.198392, 0.335587, 0.920872)] must be normalized in order to be casted to a Quaternion. Use get_rotation_quaternion() or call orthonormalized() if the Basis contains linearly independent vectors.
   at: get_quaternion (core/math/basis.cpp:717)
   GDScript backtrace (most recent call first):
       [0] _carry_service_light (res://scripts/player/player_controller.gd:430)
       [1] _process (res://scripts/player/player_controller.gd:330)
ERROR: Basis [X: (1.0, 0.0, 0.0), Y: (0.0, 0.999991, 0.0), Z: (0.0, 0.0, 0.999991)] must be normalized in order to be casted to a Quaternion. Use get_rotation_quaternion() or call orthonormalized() if the Basis contains linearly independent vectors.
   at: get_quaternion (core/math/basis.cpp:717)
   GDScript backtrace (most recent call first):
       [0] _carry_service_light (res://scripts/player/player_controller.gd:430)
       [1] _process (res://scripts/player/player_controller.gd:330)
ERROR: Basis [X: (0.97997, 0.090949, 0.177162), Y: (-0.020978, 0.931807, -0.362323), Z: (-0.198037, 0.35135, 0.915051)] must be normalized in order to be casted to a Quaternion. Use get_rotation_quaternion() or call orthonormalized() if the Basis contains linearly independent vectors.
   at: get_quaternion (core/math/basis.cpp:717)
   GDScript backtrace (most recent call first):
       [0] _carry_service_light (res://scripts/player/player_controller.gd:430)
       [1] _process (res://scripts/player/player_controller.gd:330)
ERROR: Basis [X: (1.0, 0.0, 0.0), Y: (0.0, 0.999991, 0.0), Z: (0.0, 0.0, 0.999991)] must be normalized in order to be casted to a Quaternion. Use get_rotation_quaternion() or call orthonormalized() if the Basis contains linearly independent vectors.
   at: get_quaternion (core/math/basis.cpp:717)
   GDScript backtrace (most recent call first):
       [0] _carry_service_light (res://scripts/player/player_controller.gd:430)
       [1] _process (res://scripts/player/player_controller.gd:330)
ERROR: Basis [X: (0.980077, 0.095798, 0.173986), Y: (-0.021424, 0.921862, -0.386903), Z: (-0.197459, 0.375467, 0.905548)] must be normalized in order to be casted to a Quaternion. Use get_rotation_quaternion() or call orthonormalized() if the Basis contains linearly independent vectors.
   at: get_quaternion (core/math/basis.cpp:717)
   GDScript backtrace (most recent call first):
       [0] _carry_service_light (res://scripts/player/player_controller.gd:430)
       [1] _process (res://scripts/player/player_controller.gd:330)
ERROR: Basis [X: (1.0, 0.0, 0.0), Y: (0.0, 0.999991, 0.0), Z: (0.0, 0.0, 0.999991)] must be normalized in order to be casted to a Quaternion. Use get_rotation_quaternion() or call orthonormalized() if the Basis contains linearly independent vectors.
   at: get_quaternion (core/math/basis.cpp:717)
   GDScript backtrace (most recent call first):
       [0] _carry_service_light (res://scripts/player/player_controller.gd:430)
       [1] _process (res://scripts/player/player_controller.gd:330)
ERROR: Basis [X: (0.980139, 0.099345, 0.171633), Y: (-0.021551, 0.913699, -0.405798), Z: (-0.197138, 0.39404, 0.897692)] must be normalized in order to be casted to a Quaternion. Use get_rotation_quaternion() or call orthonormalized() if the Basis contains linearly independent vectors.
   at: get_quaternion (core/math/basis.cpp:717)
   GDScript backtrace (most recent call first):
       [0] _carry_service_light (res://scripts/player/player_controller.gd:430)
       [1] _process (res://scripts/player/player_controller.gd:330)
ERROR: Basis [X: (1.0, 0.0, 0.0), Y: (0.0, 0.999991, 0.0), Z: (0.0, 0.0, 0.999991)] must be normalized in order to be casted to a Quaternion. Use get_rotation_quaternion() or call orthonormalized() if the Basis contains linearly independent vectors.
   at: get_quaternion (core/math/basis.cpp:717)
   GDScript backtrace (most recent call first):
       [0] _carry_service_light (res://scripts/player/player_controller.gd:430)
       [1] _process (res://scripts/player/player_controller.gd:330)
ERROR: Basis [X: (0.980232, 0.100498, 0.170427), Y: (-0.021891, 0.911181, -0.411401), Z: (-0.196639, 0.399538, 0.895369)] must be normalized in order to be casted to a Quaternion. Use get_rotation_quaternion() or call orthonormalized() if the Basis contains linearly independent vectors.
   at: get_quaternion (core/math/basis.cpp:717)
   GDScript backtrace (most recent call first):
       [0] _carry_service_light (res://scripts/player/player_controller.gd:430)
       [1] _process (res://scripts/player/player_controller.gd:330)
ERROR: Basis [X: (1.0, 0.0, 0.0), Y: (0.0, 0.999991, 0.0), Z: (0.0, 0.0, 0.999991)] must be normalized in order to be casted to a Quaternion. Use get_rotation_quaternion() or call orthonormalized() if the Basis contains linearly independent vectors.
   at: get_quaternion (core/math/basis.cpp:717)
   GDScript backtrace (most recent call first):
       [0] _carry_service_light (res://scripts/player/player_controller.gd:430)
       [1] _process (res://scripts/player/player_controller.gd:330)
ERROR: Basis [X: (0.98034, 0.101671, 0.169104), Y: (-0.02255, 0.909133, -0.415873), Z: (-0.196024, 0.403883, 0.893552)] must be normalized in order to be casted to a Quaternion. Use get_rotation_quaternion() or call orthonormalized() if the Basis contains linearly independent vectors.
   at: get_quaternion (core/math/basis.cpp:717)
   GDScript backtrace (most recent call first):
       [0] _carry_service_light (res://scripts/player/player_controller.gd:430)
       [1] _process (res://scripts/player/player_controller.gd:330)
ERROR: Basis [X: (1.0, 0.0, 0.0), Y: (0.0, 0.999991, 0.0), Z: (0.0, 0.0, 0.999991)] must be normalized in order to be casted to a Quaternion. Use get_rotation_quaternion() or call orthonormalized() if the Basis contains linearly independent vectors.
   at: get_quaternion (core/math/basis.cpp:717)
   GDScript backtrace (most recent call first):
       [0] _carry_service_light (res://scripts/player/player_controller.gd:430)
       [1] _process (res://scripts/player/player_controller.gd:330)
ERROR: Basis [X: (0.980387, 0.101688, 0.168822), Y: (-0.023041, 0.909863, -0.414247), Z: (-0.195732, 0.402232, 0.89436)] must be normalized in order to be casted to a Quaternion. Use get_rotation_quaternion() or call orthonormalized() if the Basis contains linearly independent vectors.
   at: get_quaternion (core/math/basis.cpp:717)
   GDScript backtrace (most recent call first):
       [0] _carry_service_light (res://scripts/player/player_controller.gd:430)
       [1] _process (res://scripts/player/player_controller.gd:330)
ERROR: Basis [X: (1.0, 0.0, 0.0), Y: (0.0, 0.999991, 0.0), Z: (0.0, 0.0, 0.999991)] must be normalized in order to be casted to a Quaternion. Use get_rotation_quaternion() or call orthonormalized() if the Basis contains linearly independent vectors.
   at: get_quaternion (core/math/basis.cpp:717)
   GDScript backtrace (most recent call first):
       [0] _carry_service_light (res://scripts/player/player_controller.gd:430)
       [1] _process (res://scripts/player/player_controller.gd:330)
ERROR: Basis [X: (0.980466, 0.101706, 0.168351), Y: (-0.023705, 0.910783, -0.412181), Z: (-0.195256, 0.400139, 0.895403)] must be normalized in order to be casted to a Quaternion. Use get_rotation_quaternion() or call orthonormalized() if the Basis contains linearly independent vectors.
   at: get_quaternion (core/math/basis.cpp:717)
   GDScript backtrace (most recent call first):
       [0] _carry_service_light (res://scripts/player/player_controller.gd:430)
       [1] _process (res://scripts/player/player_controller.gd:330)
ERROR: Basis [X: (1.0, 0.0, 0.0), Y: (0.0, 0.999991, 0.0), Z: (0.0, 0.0, 0.999991)] must be normalized in order to be casted to a Quaternion. Use get_rotation_quaternion() or call orthonormalized() if the Basis contains linearly independent vectors.
   at: get_quaternion (core/math/basis.cpp:717)
   GDScript backtrace (most recent call first):
       [0] _carry_service_light (res://scripts/player/player_controller.gd:430)
       [1] _process (res://scripts/player/player_controller.gd:330)
ERROR: Basis [X: (0.980536, 0.102106, 0.167697), Y: (-0.024297, 0.910664, -0.41241), Z: (-0.194829, 0.400309, 0.89542)] must be normalized in order to be casted to a Quaternion. Use get_rotation_quaternion() or call orthonormalized() if the Basis contains linearly independent vectors.
   at: get_quaternion (core/math/basis.cpp:717)
   GDScript backtrace (most recent call first):
       [0] _carry_service_light (res://scripts/player/player_controller.gd:430)
       [1] _process (res://scripts/player/player_controller.gd:330)
ERROR: Basis [X: (1.0, 0.0, 0.0), Y: (0.0, 0.999991, 0.0), Z: (0.0, 0.0, 0.999991)] must be normalized in order to be casted to a Quaternion. Use get_rotation_quaternion() or call orthonormalized() if the Basis contains linearly independent vectors.
   at: get_quaternion (core/math/basis.cpp:717)
   GDScript backtrace (most recent call first):
       [0] _carry_service_light (res://scripts/player/player_controller.gd:430)
       [1] _process (res://scripts/player/player_controller.gd:330)
ERROR: Basis [X: (0.980603, 0.102106, 0.167306), Y: (-0.024784, 0.911324, -0.41092), Z: (-0.194431, 0.398803, 0.896178)] must be normalized in order to be casted to a Quaternion. Use get_rotation_quaternion() or call orthonormalized() if the Basis contains linearly independent vectors.
   at: get_quaternion (core/math/basis.cpp:717)
   GDScript backtrace (most recent call first):
       [0] _carry_service_light (res://scripts/player/player_controller.gd:430)
       [1] _process (res://scripts/player/player_controller.gd:330)
ERROR: Basis [X: (1.0, 0.0, 0.0), Y: (0.0, 0.999991, 0.0), Z: (0.0, 0.0, 0.999991)] must be normalized in order to be casted to a Quaternion. Use get_rotation_quaternion() or call orthonormalized() if the Basis contains linearly independent vectors.
   at: get_quaternion (core/math/basis.cpp:717)
   GDScript backtrace (most recent call first):
       [0] _carry_service_light (res://scripts/player/player_controller.gd:430)
       [1] _process (res://scripts/player/player_controller.gd:330)
ERROR: Basis [X: (0.980658, 0.102113, 0.166977), Y: (-0.02526, 0.912006, -0.409376), Z: (-0.19409, 0.39724, 0.896946)] must be normalized in order to be casted to a Quaternion. Use get_rotation_quaternion() or call orthonormalized() if the Basis contains linearly independent vectors.
   at: get_quaternion (core/math/basis.cpp:717)
   GDScript backtrace (most recent call first):
       [0] _carry_service_light (res://scripts/player/player_controller.gd:430)
       [1] _process (res://scripts/player/player_controller.gd:330)
ERROR: Basis [X: (1.0, 0.0, 0.0), Y: (0.0, 0.999991, 0.0), Z: (0.0, 0.0, 0.999991)] must be normalized in order to be casted to a Quaternion. Use get_rotation_quaternion() or call orthonormalized() if the Basis contains linearly independent vectors.
   at: get_quaternion (core/math/basis.cpp:717)
   GDScript backtrace (most recent call first):
       [0] _carry_service_light (res://scripts/player/player_controller.gd:430)
       [1] _process (res://scripts/player/player_controller.gd:330)
ERROR: Basis [X: (0.980708, 0.102116, 0.166686), Y: (-0.025685, 0.91262, -0.407979), Z: (-0.193785, 0.395827, 0.897636)] must be normalized in order to be casted to a Quaternion. Use get_rotation_quaternion() or call orthonormalized() if the Basis contains linearly independent vectors.
   at: get_quaternion (core/math/basis.cpp:717)
   GDScript backtrace (most recent call first):
       [0] _carry_service_light (res://scripts/player/player_controller.gd:430)
       [1] _process (res://scripts/player/player_controller.gd:330)
ERROR: Basis [X: (1.0, 0.0, 0.0), Y: (0.0, 0.999991, 0.0), Z: (0.0, 0.0, 0.999991)] must be normalized in order to be casted to a Quaternion. Use get_rotation_quaternion() or call orthonormalized() if the Basis contains linearly independent vectors.
   at: get_quaternion (core/math/basis.cpp:717)
   GDScript backtrace (most recent call first):
       [0] _carry_service_light (res://scripts/player/player_controller.gd:430)
       [1] _process (res://scripts/player/player_controller.gd:330)
ERROR: Basis [X: (0.980751, 0.102116, 0.166428), Y: (-0.026063, 0.913174, -0.406714), Z: (-0.193513, 0.394548, 0.898258)] must be normalized in order to be casted to a Quaternion. Use get_rotation_quaternion() or call orthonormalized() if the Basis contains linearly independent vectors.
   at: get_quaternion (core/math/basis.cpp:717)
   GDScript backtrace (most recent call first):
       [0] _carry_service_light (res://scripts/player/player_controller.gd:430)
       [1] _process (res://scripts/player/player_controller.gd:330)
ERROR: Basis [X: (1.0, 0.0, 0.0), Y: (0.0, 0.999991, 0.0), Z: (0.0, 0.0, 0.999991)] must be normalized in order to be casted to a Quaternion. Use get_rotation_quaternion() or call orthonormalized() if the Basis contains linearly independent vectors.
   at: get_quaternion (core/math/basis.cpp:717)
   GDScript backtrace (most recent call first):
       [0] _carry_service_light (res://scripts/player/player_controller.gd:430)
       [1] _process (res://scripts/player/player_controller.gd:330)
ERROR: Basis [X: (0.98079, 0.102114, 0.166202), Y: (-0.0264, 0.913673, -0.405569), Z: (-0.193272, 0.39339, 0.898817)] must be normalized in order to be casted to a Quaternion. Use get_rotation_quaternion() or call orthonormalized() if the Basis contains linearly independent vectors.
   at: get_quaternion (core/math/basis.cpp:717)
   GDScript backtrace (most recent call first):
       [0] _carry_service_light (res://scripts/player/player_controller.gd:430)
       [1] _process (res://scripts/player/player_controller.gd:330)
ERROR: Basis [X: (1.0, 0.0, 0.0), Y: (0.0, 0.999991, 0.0), Z: (0.0, 0.0, 0.999991)] must be normalized in order to be casted to a Quaternion. Use get_rotation_quaternion() or call orthonormalized() if the Basis contains linearly independent vectors.
   at: get_quaternion (core/math/basis.cpp:717)
   GDScript backtrace (most recent call first):
       [0] _carry_service_light (res://scripts/player/player_controller.gd:430)
       [1] _process (res://scripts/player/player_controller.gd:330)
ERROR: Basis [X: (0.980824, 0.10211, 0.166003), Y: (-0.0267, 0.914125, -0.404531), Z: (-0.193057, 0.392341, 0.899322)] must be normalized in order to be casted to a Quaternion. Use get_rotation_quaternion() or call orthonormalized() if the Basis contains linearly independent vectors.
   at: get_quaternion (core/math/basis.cpp:717)
   GDScript backtrace (most recent call first):
       [0] _carry_service_light (res://scripts/player/player_controller.gd:430)
       [1] _process (res://scripts/player/player_controller.gd:330)
ERROR: Basis [X: (1.0, 0.0, 0.0), Y: (0.0, 0.999991, 0.0), Z: (0.0, 0.0, 0.999991)] must be normalized in order to be casted to a Quaternion. Use get_rotation_quaternion() or call orthonormalized() if the Basis contains linearly independent vectors.
   at: get_quaternion (core/math/basis.cpp:717)
   GDScript backtrace (most recent call first):
       [0] _carry_service_light (res://scripts/player/player_controller.gd:430)
       [1] _process (res://scripts/player/player_controller.gd:330)
ERROR: Basis [X: (0.980854, 0.102103, 0.165829), Y: (-0.026966, 0.914533, -0.403589), Z: (-0.192867, 0.391391, 0.899777)] must be normalized in order to be casted to a Quaternion. Use get_rotation_quaternion() or call orthonormalized() if the Basis contains linearly independent vectors.
   at: get_quaternion (core/math/basis.cpp:717)
   GDScript backtrace (most recent call first):
       [0] _carry_service_light (res://scripts/player/player_controller.gd:430)
       [1] _process (res://scripts/player/player_controller.gd:330)
ERROR: Basis [X: (1.0, 0.0, 0.0), Y: (0.0, 0.999991, 0.0), Z: (0.0, 0.0, 0.999991)] must be normalized in order to be casted to a Quaternion. Use get_rotation_quaternion() or call orthonormalized() if the Basis contains linearly independent vectors.
   at: get_quaternion (core/math/basis.cpp:717)
   GDScript backtrace (most recent call first):
       [0] _carry_service_light (res://scripts/player/player_controller.gd:430)
       [1] _process (res://scripts/player/player_controller.gd:330)
ERROR: Basis [X: (0.980881, 0.102094, 0.165678), Y: (-0.027203, 0.914902, -0.402735), Z: (-0.1927, 0.390528, 0.900187)] must be normalized in order to be casted to a Quaternion. Use get_rotation_quaternion() or call orthonormalized() if the Basis contains linearly independent vectors.
   at: get_quaternion (core/math/basis.cpp:717)
   GDScript backtrace (most recent call first):
       [0] _carry_service_light (res://scripts/player/player_controller.gd:430)
       [1] _process (res://scripts/player/player_controller.gd:330)
ERROR: Basis [X: (1.0, 0.0, 0.0), Y: (0.0, 0.999991, 0.0), Z: (0.0, 0.0, 0.999991)] must be normalized in order to be casted to a Quaternion. Use get_rotation_quaternion() or call orthonormalized() if the Basis contains linearly independent vectors.
   at: get_quaternion (core/math/basis.cpp:717)
   GDScript backtrace (most recent call first):
       [0] _carry_service_light (res://scripts/player/player_controller.gd:430)
       [1] _process (res://scripts/player/player_controller.gd:330)
ERROR: Basis [X: (0.980904, 0.102084, 0.165548), Y: (-0.027412, 0.915237, -0.401959), Z: (-0.192553, 0.389745, 0.900558)] must be normalized in order to be casted to a Quaternion. Use get_rotation_quaternion() or call orthonormalized() if the Basis contains linearly independent vectors.
   at: get_quaternion (core/math/basis.cpp:717)
   GDScript backtrace (most recent call first):
       [0] _carry_service_light (res://scripts/player/player_controller.gd:430)
       [1] _process (res://scripts/player/player_controller.gd:330)
ERROR: Basis [X: (1.0, 0.0, 0.0), Y: (0.0, 0.999991, 0.0), Z: (0.0, 0.0, 0.999991)] must be normalized in order to be casted to a Quaternion. Use get_rotation_quaternion() or call orthonormalized() if the Basis contains linearly independent vectors.
   at: get_quaternion (core/math/basis.cpp:717)
   GDScript backtrace (most recent call first):
       [0] _carry_service_light (res://scripts/player/player_controller.gd:430)
       [1] _process (res://scripts/player/player_controller.gd:330)
ERROR: Basis [X: (0.980924, 0.102072, 0.165436), Y: (-0.027596, 0.915541, -0.401254), Z: (-0.192424, 0.389034, 0.900893)] must be normalized in order to be casted to a Quaternion. Use get_rotation_quaternion() or call orthonormalized() if the Basis contains linearly independent vectors.
   at: get_quaternion (core/math/basis.cpp:717)
   GDScript backtrace (most recent call first):
       [0] _carry_service_light (res://scripts/player/player_controller.gd:430)
       [1] _process (res://scripts/player/player_controller.gd:330)
ERROR: Basis [X: (1.0, 0.0, 0.0), Y: (0.0, 0.999991, 0.0), Z: (0.0, 0.0, 0.999991)] must be normalized in order to be casted to a Quaternion. Use get_rotation_quaternion() or call orthonormalized() if the Basis contains linearly independent vectors.
   at: get_quaternion (core/math/basis.cpp:717)
   GDScript backtrace (most recent call first):
       [0] _carry_service_light (res://scripts/player/player_controller.gd:430)
       [1] _process (res://scripts/player/player_controller.gd:330)
ERROR: Basis [X: (0.980941, 0.102059, 0.165342), Y: (-0.027759, 0.915817, -0.400612), Z: (-0.192312, 0.388387, 0.901196)] must be normalized in order to be casted to a Quaternion. Use get_rotation_quaternion() or call orthonormalized() if the Basis contains linearly independent vectors.
   at: get_quaternion (core/math/basis.cpp:717)
   GDScript backtrace (most recent call first):
       [0] _carry_service_light (res://scripts/player/player_controller.gd:430)
       [1] _process (res://scripts/player/player_controller.gd:330)
ERROR: Basis [X: (1.0, 0.0, 0.0), Y: (0.0, 0.999991, 0.0), Z: (0.0, 0.0, 0.999991)] must be normalized in order to be casted to a Quaternion. Use get_rotation_quaternion() or call orthonormalized() if the Basis contains linearly independent vectors.
   at: get_quaternion (core/math/basis.cpp:717)
   GDScript backtrace (most recent call first):
       [0] _carry_service_light (res://scripts/player/player_controller.gd:430)
       [1] _process (res://scripts/player/player_controller.gd:330)
ERROR: Basis [X: (0.980956, 0.102044, 0.165262), Y: (-0.027902, 0.916069, -0.400027), Z: (-0.192216, 0.387797, 0.90147)] must be normalized in order to be casted to a Quaternion. Use get_rotation_quaternion() or call orthonormalized() if the Basis contains linearly independent vectors.
   at: get_quaternion (core/math/basis.cpp:717)
   GDScript backtrace (most recent call first):
       [0] _carry_service_light (res://scripts/player/player_controller.gd:430)
       [1] _process (res://scripts/player/player_controller.gd:330)
ERROR: Basis [X: (1.0, 0.0, 0.0), Y: (0.0, 0.999991, 0.0), Z: (0.0, 0.0, 0.999991)] must be normalized in order to be casted to a Quaternion. Use get_rotation_quaternion() or call orthonormalized() if the Basis contains linearly independent vectors.
   at: get_quaternion (core/math/basis.cpp:717)
   GDScript backtrace (most recent call first):
       [0] _carry_service_light (res://scripts/player/player_controller.gd:430)
       [1] _process (res://scripts/player/player_controller.gd:330)
ERROR: Basis [X: (0.980969, 0.102028, 0.165197), Y: (-0.028027, 0.916298, -0.399493), Z: (-0.192133, 0.38726, 0.901719)] must be normalized in order to be casted to a Quaternion. Use get_rotation_quaternion() or call orthonormalized() if the Basis contains linearly independent vectors.
   at: get_quaternion (core/math/basis.cpp:717)
   GDScript backtrace (most recent call first):
       [0] _carry_service_light (res://scripts/player/player_controller.gd:430)
       [1] _process (res://scripts/player/player_controller.gd:330)
ERROR: Basis [X: (1.0, 0.0, 0.0), Y: (0.0, 0.999991, 0.0), Z: (0.0, 0.0, 0.999991)] must be normalized in order to be casted to a Quaternion. Use get_rotation_quaternion() or call orthonormalized() if the Basis contains linearly independent vectors.
   at: get_quaternion (core/math/basis.cpp:717)
   GDScript backtrace (most recent call first):
       [0] _carry_service_light (res://scripts/player/player_controller.gd:430)
       [1] _process (res://scripts/player/player_controller.gd:330)
ERROR: Basis [X: (0.980979, 0.102011, 0.165144), Y: (-0.028136, 0.916507, -0.399005), Z: (-0.192062, 0.386769, 0.901945)] must be normalized in order to be casted to a Quaternion. Use get_rotation_quaternion() or call orthonormalized() if the Basis contains linearly independent vectors.
   at: get_quaternion (core/math/basis.cpp:717)
   GDScript backtrace (most recent call first):
       [0] _carry_service_light (res://scripts/player/player_controller.gd:430)
       [1] _process (res://scripts/player/player_controller.gd:330)
ERROR: Basis [X: (1.0, 0.0, 0.0), Y: (0.0, 0.999991, 0.0), Z: (0.0, 0.0, 0.999991)] must be normalized in order to be casted to a Quaternion. Use get_rotation_quaternion() or call orthonormalized() if the Basis contains linearly independent vectors.
   at: get_quaternion (core/math/basis.cpp:717)
   GDScript backtrace (most recent call first):
       [0] _carry_service_light (res://scripts/player/player_controller.gd:430)
       [1] _process (res://scripts/player/player_controller.gd:330)
ERROR: Basis [X: (0.980988, 0.101993, 0.165103), Y: (-0.028231, 0.916698, -0.398558), Z: (-0.192003, 0.38632, 0.90215)] must be normalized in order to be casted to a Quaternion. Use get_rotation_quaternion() or call orthonormalized() if the Basis contains linearly independent vectors.
   at: get_quaternion (core/math/basis.cpp:717)
   GDScript backtrace (most recent call first):
       [0] _carry_service_light (res://scripts/player/player_controller.gd:430)
       [1] _process (res://scripts/player/player_controller.gd:330)
ERROR: Basis [X: (1.0, 0.0, 0.0), Y: (0.0, 0.999991, 0.0), Z: (0.0, 0.0, 0.999991)] must be normalized in order to be casted to a Quaternion. Use get_rotation_quaternion() or call orthonormalized() if the Basis contains linearly independent vectors.
   at: get_quaternion (core/math/basis.cpp:717)
   GDScript backtrace (most recent call first):
       [0] _carry_service_light (res://scripts/player/player_controller.gd:430)
       [1] _process (res://scripts/player/player_controller.gd:330)
ERROR: Basis [X: (0.980995, 0.101973, 0.165073), Y: (-0.028312, 0.916874, -0.398149), Z: (-0.191955, 0.385908, 0.902336)] must be normalized in order to be casted to a Quaternion. Use get_rotation_quaternion() or call orthonormalized() if the Basis contains linearly independent vectors.
   at: get_quaternion (core/math/basis.cpp:717)
   GDScript backtrace (most recent call first):
       [0] _carry_service_light (res://scripts/player/player_controller.gd:430)
       [1] _process (res://scripts/player/player_controller.gd:330)
ERROR: Basis [X: (1.0, 0.0, 0.0), Y: (0.0, 0.999991, 0.0), Z: (0.0, 0.0, 0.999991)] must be normalized in order to be casted to a Quaternion. Use get_rotation_quaternion() or call orthonormalized() if the Basis contains linearly independent vectors.
   at: get_quaternion (core/math/basis.cpp:717)
   GDScript backtrace (most recent call first):
       [0] _carry_service_light (res://scripts/player/player_controller.gd:430)
       [1] _process (res://scripts/player/player_controller.gd:330)
ERROR: Basis [X: (0.981001, 0.101953, 0.165052), Y: (-0.028381, 0.917035, -0.397772), Z: (-0.191916, 0.385531, 0.902506)] must be normalized in order to be casted to a Quaternion. Use get_rotation_quaternion() or call orthonormalized() if the Basis contains linearly independent vectors.
   at: get_quaternion (core/math/basis.cpp:717)
   GDScript backtrace (most recent call first):
       [0] _carry_service_light (res://scripts/player/player_controller.gd:430)
       [1] _process (res://scripts/player/player_controller.gd:330)
ERROR: Basis [X: (1.0, 0.0, 0.0), Y: (0.0, 0.999991, 0.0), Z: (0.0, 0.0, 0.999991)] must be normalized in order to be casted to a Quaternion. Use get_rotation_quaternion() or call orthonormalized() if the Basis contains linearly independent vectors.
   at: get_quaternion (core/math/basis.cpp:717)
   GDScript backtrace (most recent call first):
       [0] _carry_service_light (res://scripts/player/player_controller.gd:430)
       [1] _process (res://scripts/player/player_controller.gd:330)
ERROR: Basis [X: (0.981005, 0.101932, 0.165039), Y: (-0.02844, 0.917183, -0.397426), Z: (-0.191885, 0.385183, 0.902661)] must be normalized in order to be casted to a Quaternion. Use get_rotation_quaternion() or call orthonormalized() if the Basis contains linearly independent vectors.
   at: get_quaternion (core/math/basis.cpp:717)
   GDScript backtrace (most recent call first):
       [0] _carry_service_light (res://scripts/player/player_controller.gd:430)
       [1] _process (res://scripts/player/player_controller.gd:330)
ERROR: Basis [X: (1.0, 0.0, 0.0), Y: (0.0, 0.999991, 0.0), Z: (0.0, 0.0, 0.999991)] must be normalized in order to be casted to a Quaternion. Use get_rotation_quaternion() or call orthonormalized() if the Basis contains linearly independent vectors.
   at: get_quaternion (core/math/basis.cpp:717)
   GDScript backtrace (most recent call first):
       [0] _carry_service_light (res://scripts/player/player_controller.gd:430)
       [1] _process (res://scripts/player/player_controller.gd:330)
ERROR: Basis [X: (0.981008, 0.10191, 0.165035), Y: (-0.028489, 0.91732, -0.397106), Z: (-0.191863, 0.384863, 0.902802)] must be normalized in order to be casted to a Quaternion. Use get_rotation_quaternion() or call orthonormalized() if the Basis contains linearly independent vectors.
   at: get_quaternion (core/math/basis.cpp:717)
   GDScript backtrace (most recent call first):
       [0] _carry_service_light (res://scripts/player/player_controller.gd:430)
       [1] _process (res://scripts/player/player_controller.gd:330)
ERROR: Basis [X: (1.0, 0.0, 0.0), Y: (0.0, 0.999991, 0.0), Z: (0.0, 0.0, 0.999991)] must be normalized in order to be casted to a Quaternion. Use get_rotation_quaternion() or call orthonormalized() if the Basis contains linearly independent vectors.
   at: get_quaternion (core/math/basis.cpp:717)
   GDScript backtrace (most recent call first):
       [0] _carry_service_light (res://scripts/player/player_controller.gd:430)
       [1] _process (res://scripts/player/player_controller.gd:330)
ERROR: Basis [X: (0.98101, 0.101887, 0.165038), Y: (-0.028529, 0.917447, -0.396811), Z: (-0.191847, 0.384567, 0.902931)] must be normalized in order to be casted to a Quaternion. Use get_rotation_quaternion() or call orthonormalized() if the Basis contains linearly independent vectors.
   at: get_quaternion (core/math/basis.cpp:717)
   GDScript backtrace (most recent call first):
       [0] _carry_service_light (res://scripts/player/player_controller.gd:430)
       [1] _process (res://scripts/player/player_controller.gd:330)
ERROR: Basis [X: (1.0, 0.0, 0.0), Y: (0.0, 0.999991, 0.0), Z: (0.0, 0.0, 0.999991)] must be normalized in order to be casted to a Quaternion. Use get_rotation_quaternion() or call orthonormalized() if the Basis contains linearly independent vectors.
   at: get_quaternion (core/math/basis.cpp:717)
   GDScript backtrace (most recent call first):
       [0] _carry_service_light (res://scripts/player/player_controller.gd:430)
       [1] _process (res://scripts/player/player_controller.gd:330)
ERROR: Basis [X: (0.98106, 0.101842, 0.164771), Y: (-0.028653, 0.917565, -0.396529), Z: (-0.191575, 0.384297, 0.903104)] must be normalized in order to be casted to a Quaternion. Use get_rotation_quaternion() or call orthonormalized() if the Basis contains linearly independent vectors.
   at: get_quaternion (core/math/basis.cpp:717)
   GDScript backtrace (most recent call first):
       [0] _carry_service_light (res://scripts/player/player_controller.gd:430)
       [1] _process (res://scripts/player/player_controller.gd:330)
ERROR: Basis [X: (1.0, 0.0, 0.0), Y: (0.0, 0.999991, 0.0), Z: (0.0, 0.0, 0.999991)] must be normalized in order to be casted to a Quaternion. Use get_rotation_quaternion() or call orthonormalized() if the Basis contains linearly independent vectors.
   at: get_quaternion (core/math/basis.cpp:717)
   GDScript backtrace (most recent call first):
       [0] _carry_service_light (res://scripts/player/player_controller.gd:430)
       [1] _process (res://scripts/player/player_controller.gd:330)
ERROR: Basis [X: (0.981152, 0.101778, 0.164262), Y: (-0.028853, 0.917675, -0.396259), Z: (-0.191073, 0.38405, 0.903315)] must be normalized in order to be casted to a Quaternion. Use get_rotation_quaternion() or call orthonormalized() if the Basis contains linearly independent vectors.
   at: get_quaternion (core/math/basis.cpp:717)
   GDScript backtrace (most recent call first):
       [0] _carry_service_light (res://scripts/player/player_controller.gd:430)
       [1] _process (res://scripts/player/player_controller.gd:330)
ERROR: Basis [X: (1.0, 0.0, 0.0), Y: (0.0, 0.999991, 0.0), Z: (0.0, 0.0, 0.999991)] must be normalized in order to be casted to a Quaternion. Use get_rotation_quaternion() or call orthonormalized() if the Basis contains linearly independent vectors.
   at: get_quaternion (core/math/basis.cpp:717)
   GDScript backtrace (most recent call first):
       [0] _carry_service_light (res://scripts/player/player_controller.gd:430)
       [1] _process (res://scripts/player/player_controller.gd:330)
ERROR: Basis [X: (0.981233, 0.102093, 0.163576), Y: (-0.029028, 0.916865, -0.398117), Z: (-0.190626, 0.385897, 0.902622)] must be normalized in order to be casted to a Quaternion. Use get_rotation_quaternion() or call orthonormalized() if the Basis contains linearly independent vectors.
   at: get_quaternion (core/math/basis.cpp:717)
   GDScript backtrace (most recent call first):
       [0] _carry_service_light (res://scripts/player/player_controller.gd:430)
       [1] _process (res://scripts/player/player_controller.gd:330)
ERROR: Basis [X: (1.0, 0.0, 0.0), Y: (0.0, 0.999991, 0.0), Z: (0.0, 0.0, 0.999991)] must be normalized in order to be casted to a Quaternion. Use get_rotation_quaternion() or call orthonormalized() if the Basis contains linearly independent vectors.
   at: get_quaternion (core/math/basis.cpp:717)
   GDScript backtrace (most recent call first):
       [0] _carry_service_light (res://scripts/player/player_controller.gd:430)
       [1] _process (res://scripts/player/player_controller.gd:330)
ERROR: Basis [X: (0.98131, 0.102401, 0.162923), Y: (-0.02914, 0.915959, -0.400188), Z: (-0.190215, 0.387961, 0.901824)] must be normalized in order to be casted to a Quaternion. Use get_rotation_quaternion() or call orthonormalized() if the Basis contains linearly independent vectors.
   at: get_quaternion (core/math/basis.cpp:717)
   GDScript backtrace (most recent call first):
       [0] _carry_service_light (res://scripts/player/player_controller.gd:430)
       [1] _process (res://scripts/player/player_controller.gd:330)
ERROR: Basis [X: (1.0, 0.0, 0.0), Y: (0.0, 0.999991, 0.0), Z: (0.0, 0.0, 0.999991)] must be normalized in order to be casted to a Quaternion. Use get_rotation_quaternion() or call orthonormalized() if the Basis contains linearly independent vectors.
   at: get_quaternion (core/math/basis.cpp:717)
   GDScript backtrace (most recent call first):
       [0] _carry_service_light (res://scripts/player/player_controller.gd:430)
       [1] _process (res://scripts/player/player_controller.gd:330)
ERROR: Basis [X: (0.981378, 0.102337, 0.162555), Y: (-0.029237, 0.915974, -0.400147), Z: (-0.18985, 0.387943, 0.901909)] must be normalized in order to be casted to a Quaternion. Use get_rotation_quaternion() or call orthonormalized() if the Basis contains linearly independent vectors.
   at: get_quaternion (core/math/basis.cpp:717)
   GDScript backtrace (most recent call first):
       [0] _carry_service_light (res://scripts/player/player_controller.gd:430)
       [1] _process (res://scripts/player/player_controller.gd:330)
ERROR: Basis [X: (1.0, 0.0, 0.0), Y: (0.0, 0.999991, 0.0), Z: (0.0, 0.0, 0.999991)] must be normalized in order to be casted to a Quaternion. Use get_rotation_quaternion() or call orthonormalized() if the Basis contains linearly independent vectors.
   at: get_quaternion (core/math/basis.cpp:717)
   GDScript backtrace (most recent call first):
       [0] _carry_service_light (res://scripts/player/player_controller.gd:430)
       [1] _process (res://scripts/player/player_controller.gd:330)
ERROR: Basis [X: (0.981386, 0.102679, 0.162291), Y: (-0.029269, 0.915154, -0.402018), Z: (-0.189804, 0.389785, 0.901124)] must be normalized in order to be casted to a Quaternion. Use get_rotation_quaternion() or call orthonormalized() if the Basis contains linearly independent vectors.
   at: get_quaternion (core/math/basis.cpp:717)
   GDScript backtrace (most recent call first):
       [0] _carry_service_light (res://scripts/player/player_controller.gd:430)
       [1] _process (res://scripts/player/player_controller.gd:330)
ERROR: Basis [X: (1.0, 0.0, 0.0), Y: (0.0, 0.999991, 0.0), Z: (0.0, 0.0, 0.999991)] must be normalized in order to be casted to a Quaternion. Use get_rotation_quaternion() or call orthonormalized() if the Basis contains linearly independent vectors.
   at: get_quaternion (core/math/basis.cpp:717)
   GDScript backtrace (most recent call first):
       [0] _carry_service_light (res://scripts/player/player_controller.gd:430)
       [1] _process (res://scripts/player/player_controller.gd:330)
ERROR: Basis [X: (0.98154, 0.103313, 0.160952), Y: (-0.029527, 0.913307, -0.406177), Z: (-0.188965, 0.393926, 0.899498)] must be normalized in order to be casted to a Quaternion. Use get_rotation_quaternion() or call orthonormalized() if the Basis contains linearly independent vectors.
   at: get_quaternion (core/math/basis.cpp:717)
   GDScript backtrace (most recent call first):
       [0] _carry_service_light (res://scripts/player/player_controller.gd:430)
       [1] _process (res://scripts/player/player_controller.gd:330)
ERROR: Basis [X: (1.0, 0.0, 0.0), Y: (0.0, 0.999991, 0.0), Z: (0.0, 0.0, 0.999991)] must be normalized in order to be casted to a Quaternion. Use get_rotation_quaternion() or call orthonormalized() if the Basis contains linearly independent vectors.
   at: get_quaternion (core/math/basis.cpp:717)
   GDScript backtrace (most recent call first):
       [0] _carry_service_light (res://scripts/player/player_controller.gd:430)
       [1] _process (res://scripts/player/player_controller.gd:330)
ERROR: Basis [X: (0.981681, 0.103569, 0.159924), Y: (-0.029714, 0.912299, -0.408422), Z: (-0.188202, 0.396188, 0.898664)] must be normalized in order to be casted to a Quaternion. Use get_rotation_quaternion() or call orthonormalized() if the Basis contains linearly independent vectors.
   at: get_quaternion (core/math/basis.cpp:717)
   GDScript backtrace (most recent call first):
       [0] _carry_service_light (res://scripts/player/player_controller.gd:430)
       [1] _process (res://scripts/player/player_controller.gd:330)
ERROR: Basis [X: (1.0, 0.0, 0.0), Y: (0.0, 0.999991, 0.0), Z: (0.0, 0.0, 0.999991)] must be normalized in order to be casted to a Quaternion. Use get_rotation_quaternion() or call orthonormalized() if the Basis contains linearly independent vectors.
   at: get_quaternion (core/math/basis.cpp:717)
   GDScript backtrace (most recent call first):
       [0] _carry_service_light (res://scripts/player/player_controller.gd:430)
       [1] _process (res://scripts/player/player_controller.gd:330)
ERROR: Basis [X: (0.981755, 0.103496, 0.159517), Y: (-0.029827, 0.912325, -0.408356), Z: (-0.187798, 0.396148, 0.898766)] must be normalized in order to be casted to a Quaternion. Use get_rotation_quaternion() or call orthonormalized() if the Basis contains linearly independent vectors.
   at: get_quaternion (core/math/basis.cpp:717)
   GDScript backtrace (most recent call first):
       [0] _carry_service_light (res://scripts/player/player_controller.gd:430)
       [1] _process (res://scripts/player/player_controller.gd:330)
ERROR: Basis [X: (1.0, 0.0, 0.0), Y: (0.0, 0.999991, 0.0), Z: (0.0, 0.0, 0.999991)] must be normalized in order to be casted to a Quaternion. Use get_rotation_quaternion() or call orthonormalized() if the Basis contains linearly independent vectors.
   at: get_quaternion (core/math/basis.cpp:717)
   GDScript backtrace (most recent call first):
       [0] _carry_service_light (res://scripts/player/player_controller.gd:430)
       [1] _process (res://scripts/player/player_controller.gd:330)
ERROR: Basis [X: (0.981816, 0.103435, 0.159176), Y: (-0.029965, 0.912439, -0.408092), Z: (-0.187453, 0.395901, 0.898947)] must be normalized in order to be casted to a Quaternion. Use get_rotation_quaternion() or call orthonormalized() if the Basis contains linearly independent vectors.
   at: get_quaternion (core/math/basis.cpp:717)
   GDScript backtrace (most recent call first):
       [0] _carry_service_light (res://scripts/player/player_controller.gd:430)
       [1] _process (res://scripts/player/player_controller.gd:330)
ERROR: Basis [X: (1.0, 0.0, 0.0), Y: (0.0, 0.999991, 0.0), Z: (0.0, 0.0, 0.999991)] must be normalized in order to be casted to a Quaternion. Use get_rotation_quaternion() or call orthonormalized() if the Basis contains linearly independent vectors.
   at: get_quaternion (core/math/basis.cpp:717)
   GDScript backtrace (most recent call first):
       [0] _carry_service_light (res://scripts/player/player_controller.gd:430)
       [1] _process (res://scripts/player/player_controller.gd:330)
ERROR: Basis [X: (0.981871, 0.103377, 0.158878), Y: (-0.030085, 0.912545, -0.407845), Z: (-0.187149, 0.395671, 0.899112)] must be normalized in order to be casted to a Quaternion. Use get_rotation_quaternion() or call orthonormalized() if the Basis contains linearly independent vectors.
   at: get_quaternion (core/math/basis.cpp:717)
   GDScript backtrace (most recent call first):
       [0] _carry_service_light (res://scripts/player/player_controller.gd:430)
       [1] _process (res://scripts/player/player_controller.gd:330)
ERROR: Basis [X: (1.0, 0.0, 0.0), Y: (0.0, 0.999991, 0.0), Z: (0.0, 0.0, 0.999991)] must be normalized in order to be casted to a Quaternion. Use get_rotation_quaternion() or call orthonormalized() if the Basis contains linearly independent vectors.
   at: get_quaternion (core/math/basis.cpp:717)
   GDScript backtrace (most recent call first):
       [0] _carry_service_light (res://scripts/player/player_controller.gd:430)
       [1] _process (res://scripts/player/player_controller.gd:330)
ERROR: Basis [X: (0.981919, 0.10405, 0.158142), Y: (-0.030187, 0.910761, -0.411808), Z: (-0.186881, 0.399588, 0.897434)] must be normalized in order to be casted to a Quaternion. Use get_rotation_quaternion() or call orthonormalized() if the Basis contains linearly independent vectors.
   at: get_quaternion (core/math/basis.cpp:717)
   GDScript backtrace (most recent call first):
       [0] _carry_service_light (res://scripts/player/player_controller.gd:430)
       [1] _process (res://scripts/player/player_controller.gd:330)
ERROR: Basis [X: (1.0, 0.0, 0.0), Y: (0.0, 0.999991, 0.0), Z: (0.0, 0.0, 0.999991)] must be normalized in order to be casted to a Quaternion. Use get_rotation_quaternion() or call orthonormalized() if the Basis contains linearly independent vectors.
   at: get_quaternion (core/math/basis.cpp:717)
   GDScript backtrace (most recent call first):
       [0] _carry_service_light (res://scripts/player/player_controller.gd:430)
       [1] _process (res://scripts/player/player_controller.gd:330)
ERROR: Basis [X: (0.981968, 0.104342, 0.15764), Y: (-0.030193, 0.909731, -0.414078), Z: (-0.186619, 0.401852, 0.896477)] must be normalized in order to be casted to a Quaternion. Use get_rotation_quaternion() or call orthonormalized() if the Basis contains linearly independent vectors.
   at: get_quaternion (core/math/basis.cpp:717)
   GDScript backtrace (most recent call first):
       [0] _carry_service_light (res://scripts/player/player_controller.gd:430)
       [1] _process (res://scripts/player/player_controller.gd:330)
ERROR: Basis [X: (1.0, 0.0, 0.0), Y: (0.0, 0.999991, 0.0), Z: (0.0, 0.0, 0.999991)] must be normalized in order to be casted to a Quaternion. Use get_rotation_quaternion() or call orthonormalized() if the Basis contains linearly independent vectors.
   at: get_quaternion (core/math/basis.cpp:717)
   GDScript backtrace (most recent call first):
       [0] _carry_service_light (res://scripts/player/player_controller.gd:430)
       [1] _process (res://scripts/player/player_controller.gd:330)
ERROR: Basis [X: (0.982055, 0.104617, 0.156915), Y: (-0.030326, 0.908796, -0.416114), Z: (-0.186139, 0.403889, 0.895661)] must be normalized in order to be casted to a Quaternion. Use get_rotation_quaternion() or call orthonormalized() if the Basis contains linearly independent vectors.
   at: get_quaternion (core/math/basis.cpp:717)
   GDScript backtrace (most recent call first):
       [0] _carry_service_light (res://scripts/player/player_controller.gd:430)
       [1] _process (res://scripts/player/player_controller.gd:330)
ERROR: Basis [X: (1.0, 0.0, 0.0), Y: (0.0, 0.999991, 0.0), Z: (0.0, 0.0, 0.999991)] must be normalized in order to be casted to a Quaternion. Use get_rotation_quaternion() or call orthonormalized() if the Basis contains linearly independent vectors.
   at: get_quaternion (core/math/basis.cpp:717)
   GDScript backtrace (most recent call first):
       [0] _carry_service_light (res://scripts/player/player_controller.gd:430)
       [1] _process (res://scripts/player/player_controller.gd:330)
ERROR: Basis [X: (0.982085, 0.104562, 0.156763), Y: (-0.030349, 0.908818, -0.416065), Z: (-0.185977, 0.403853, 0.89571)] must be normalized in order to be casted to a Quaternion. Use get_rotation_quaternion() or call orthonormalized() if the Basis contains linearly independent vectors.
   at: get_quaternion (core/math/basis.cpp:717)
   GDScript backtrace (most recent call first):
       [0] _carry_service_light (res://scripts/player/player_controller.gd:430)
       [1] _process (res://scripts/player/player_controller.gd:330)
ERROR: Basis [X: (1.0, 0.0, 0.0), Y: (0.0, 0.999991, 0.0), Z: (0.0, 0.0, 0.999991)] must be normalized in order to be casted to a Quaternion. Use get_rotation_quaternion() or call orthonormalized() if the Basis contains linearly independent vectors.
   at: get_quaternion (core/math/basis.cpp:717)
   GDScript backtrace (most recent call first):
       [0] _carry_service_light (res://scripts/player/player_controller.gd:430)
       [1] _process (res://scripts/player/player_controller.gd:330)
ERROR: Basis [X: (0.982107, 0.104878, 0.156413), Y: (-0.030405, 0.907972, -0.417904), Z: (-0.185851, 0.405671, 0.894915)] must be normalized in order to be casted to a Quaternion. Use get_rotation_quaternion() or call orthonormalized() if the Basis contains linearly independent vectors.
   at: get_quaternion (core/math/basis.cpp:717)
   GDScript backtrace (most recent call first):
       [0] _carry_service_light (res://scripts/player/player_controller.gd:430)
       [1] _process (res://scripts/player/player_controller.gd:330)
ERROR: Basis [X: (1.0, 0.0, 0.0), Y: (0.0, 0.999991, 0.0), Z: (0.0, 0.0, 0.999991)] must be normalized in order to be casted to a Quaternion. Use get_rotation_quaternion() or call orthonormalized() if the Basis contains linearly independent vectors.
   at: get_quaternion (core/math/basis.cpp:717)
   GDScript backtrace (most recent call first):
       [0] _carry_service_light (res://scripts/player/player_controller.gd:430)
       [1] _process (res://scripts/player/player_controller.gd:330)
ERROR: Basis [X: (0.982224, 0.105128, 0.155512), Y: (-0.030593, 0.907028, -0.419937), Z: (-0.185204, 0.407714, 0.89412)] must be normalized in order to be casted to a Quaternion. Use get_rotation_quaternion() or call orthonormalized() if the Basis contains linearly independent vectors.
   at: get_quaternion (core/math/basis.cpp:717)
   GDScript backtrace (most recent call first):
       [0] _carry_service_light (res://scripts/player/player_controller.gd:430)
       [1] _process (res://scripts/player/player_controller.gd:330)
ERROR: Basis [X: (1.0, 0.0, 0.0), Y: (0.0, 0.999991, 0.0), Z: (0.0, 0.0, 0.999991)] must be normalized in order to be casted to a Quaternion. Use get_rotation_quaternion() or call orthonormalized() if the Basis contains linearly independent vectors.
   at: get_quaternion (core/math/basis.cpp:717)
   GDScript backtrace (most recent call first):
       [0] _carry_service_light (res://scripts/player/player_controller.gd:430)
       [1] _process (res://scripts/player/player_controller.gd:330)
ERROR: Basis [X: (0.982281, 0.105054, 0.155203), Y: (-0.030666, 0.907048, -0.419887), Z: (-0.184891, 0.407687, 0.894197)] must be normalized in order to be casted to a Quaternion. Use get_rotation_quaternion() or call orthonormalized() if the Basis contains linearly independent vectors.
   at: get_quaternion (core/math/basis.cpp:717)
   GDScript backtrace (most recent call first):
       [0] _carry_service_light (res://scripts/player/player_controller.gd:430)
       [1] _process (res://scripts/player/player_controller.gd:330)
ERROR: Basis [X: (1.0, 0.0, 0.0), Y: (0.0, 0.999991, 0.0), Z: (0.0, 0.0, 0.999991)] must be normalized in order to be casted to a Quaternion. Use get_rotation_quaternion() or call orthonormalized() if the Basis contains linearly independent vectors.
   at: get_quaternion (core/math/basis.cpp:717)
   GDScript backtrace (most recent call first):
       [0] _carry_service_light (res://scripts/player/player_controller.gd:430)
       [1] _process (res://scripts/player/player_controller.gd:330)
ERROR: Basis [X: (0.982466, 0.105615, 0.153639), Y: (-0.031041, 0.905223, -0.42378), Z: (-0.183839, 0.41158, 0.89263)] must be normalized in order to be casted to a Quaternion. Use get_rotation_quaternion() or call orthonormalized() if the Basis contains linearly independent vectors.
   at: get_quaternion (core/math/basis.cpp:717)
   GDScript backtrace (most recent call first):
       [0] _carry_service_light (res://scripts/player/player_controller.gd:430)
       [1] _process (res://scripts/player/player_controller.gd:330)
ERROR: Basis [X: (1.0, 0.0, 0.0), Y: (0.0, 0.999991, 0.0), Z: (0.0, 0.0, 0.999991)] must be normalized in order to be casted to a Quaternion. Use get_rotation_quaternion() or call orthonormalized() if the Basis contains linearly independent vectors.
   at: get_quaternion (core/math/basis.cpp:717)
   GDScript backtrace (most recent call first):
       [0] _carry_service_light (res://scripts/player/player_controller.gd:430)
       [1] _process (res://scripts/player/player_controller.gd:330)
ERROR: Basis [X: (0.982731, 0.106096, 0.151602), Y: (-0.031475, 0.903194, -0.428055), Z: (-0.182345, 0.415891, 0.890936)] must be normalized in order to be casted to a Quaternion. Use get_rotation_quaternion() or call orthonormalized() if the Basis contains linearly independent vectors.
   at: get_quaternion (core/math/basis.cpp:717)
   GDScript backtrace (most recent call first):
       [0] _carry_service_light (res://scripts/player/player_controller.gd:430)
       [1] _process (res://scripts/player/player_controller.gd:330)
ERROR: Basis [X: (1.0, 0.0, 0.0), Y: (0.0, 0.999991, 0.0), Z: (0.0, 0.0, 0.999991)] must be normalized in order to be casted to a Quaternion. Use get_rotation_quaternion() or call orthonormalized() if the Basis contains linearly independent vectors.
   at: get_quaternion (core/math/basis.cpp:717)
   GDScript backtrace (most recent call first):
       [0] _carry_service_light (res://scripts/player/player_controller.gd:430)
       [1] _process (res://scripts/player/player_controller.gd:330)
ERROR: Basis [X: (0.982874, 0.105953, 0.150769), Y: (-0.031678, 0.903134, -0.428167), Z: (-0.181533, 0.416059, 0.891024)] must be normalized in order to be casted to a Quaternion. Use get_rotation_quaternion() or call orthonormalized() if the Basis contains linearly independent vectors.
   at: get_quaternion (core/math/basis.cpp:717)
   GDScript backtrace (most recent call first):
       [0] _carry_service_light (res://scripts/player/player_controller.gd:430)
       [1] _process (res://scripts/player/player_controller.gd:330)
ERROR: Basis [X: (1.0, 0.0, 0.0), Y: (0.0, 0.999991, 0.0), Z: (0.0, 0.0, 0.999991)] must be normalized in order to be casted to a Quaternion. Use get_rotation_quaternion() or call orthonormalized() if the Basis contains linearly independent vectors.
   at: get_quaternion (core/math/basis.cpp:717)
   GDScript backtrace (most recent call first):
       [0] _carry_service_light (res://scripts/player/player_controller.gd:430)
       [1] _process (res://scripts/player/player_controller.gd:330)
ERROR: Basis [X: (0.982903, 0.106246, 0.150373), Y: (-0.031752, 0.902277, -0.429963), Z: (-0.181363, 0.417838, 0.890225)] must be normalized in order to be casted to a Quaternion. Use get_rotation_quaternion() or call orthonormalized() if the Basis contains linearly independent vectors.
   at: get_quaternion (core/math/basis.cpp:717)
   GDScript backtrace (most recent call first):
       [0] _carry_service_light (res://scripts/player/player_controller.gd:430)
       [1] _process (res://scripts/player/player_controller.gd:330)
ERROR: Basis [X: (1.0, 0.0, 0.0), Y: (0.0, 0.999991, 0.0), Z: (0.0, 0.0, 0.999991)] must be normalized in order to be casted to a Quaternion. Use get_rotation_quaternion() or call orthonormalized() if the Basis contains linearly independent vectors.
   at: get_quaternion (core/math/basis.cpp:717)
   GDScript backtrace (most recent call first):
       [0] _carry_service_light (res://scripts/player/player_controller.gd:430)
       [1] _process (res://scripts/player/player_controller.gd:330)
ERROR: Basis [X: (0.982886, 0.106564, 0.150259), Y: (-0.031681, 0.901316, -0.43198), Z: (-0.181468, 0.419827, 0.889268)] must be normalized in order to be casted to a Quaternion. Use get_rotation_quaternion() or call orthonormalized() if the Basis contains linearly independent vectors.
   at: get_quaternion (core/math/basis.cpp:717)
   GDScript backtrace (most recent call first):
       [0] _carry_service_light (res://scripts/player/player_controller.gd:430)
       [1] _process (res://scripts/player/player_controller.gd:330)
ERROR: Basis [X: (1.0, 0.0, 0.0), Y: (0.0, 0.999991, 0.0), Z: (0.0, 0.0, 0.999991)] must be normalized in order to be casted to a Quaternion. Use get_rotation_quaternion() or call orthonormalized() if the Basis contains linearly independent vectors.
   at: get_quaternion (core/math/basis.cpp:717)
   GDScript backtrace (most recent call first):
       [0] _carry_service_light (res://scripts/player/player_controller.gd:430)
       [1] _process (res://scripts/player/player_controller.gd:330)
ERROR: Basis [X: (0.982778, 0.1066, 0.150938), Y: (-0.031429, 0.901346, -0.431937), Z: (-0.182096, 0.419754, 0.889173)] must be normalized in order to be casted to a Quaternion. Use get_rotation_quaternion() or call orthonormalized() if the Basis contains linearly independent vectors.
   at: get_quaternion (core/math/basis.cpp:717)
   GDScript backtrace (most recent call first):
       [0] _carry_service_light (res://scripts/player/player_controller.gd:430)
       [1] _process (res://scripts/player/player_controller.gd:330)
ERROR: Basis [X: (1.0, 0.0, 0.0), Y: (0.0, 0.999991, 0.0), Z: (0.0, 0.0, 0.999991)] must be normalized in order to be casted to a Quaternion. Use get_rotation_quaternion() or call orthonormalized() if the Basis contains linearly independent vectors.
   at: get_quaternion (core/math/basis.cpp:717)
   GDScript backtrace (most recent call first):
       [0] _carry_service_light (res://scripts/player/player_controller.gd:430)
       [1] _process (res://scripts/player/player_controller.gd:330)
ERROR: Basis [X: (0.982768, 0.10692, 0.15078), Y: (-0.03142, 0.900476, -0.433749), Z: (-0.182154, 0.421537, 0.888318)] must be normalized in order to be casted to a Quaternion. Use get_rotation_quaternion() or call orthonormalized() if the Basis contains linearly independent vectors.
   at: get_quaternion (core/math/basis.cpp:717)
   GDScript backtrace (most recent call first):
       [0] _carry_service_light (res://scripts/player/player_controller.gd:430)
       [1] _process (res://scripts/player/player_controller.gd:330)
ERROR: Basis [X: (1.0, 0.0, 0.0), Y: (0.0, 0.999991, 0.0), Z: (0.0, 0.0, 0.999991)] must be normalized in order to be casted to a Quaternion. Use get_rotation_quaternion() or call orthonormalized() if the Basis contains linearly independent vectors.
   at: get_quaternion (core/math/basis.cpp:717)
   GDScript backtrace (most recent call first):
       [0] _carry_service_light (res://scripts/player/player_controller.gd:430)
       [1] _process (res://scripts/player/player_controller.gd:330)
ERROR: Basis [X: (0.982669, 0.10695, 0.151402), Y: (-0.031183, 0.900499, -0.433717), Z: (-0.182727, 0.421479, 0.888227)] must be normalized in order to be casted to a Quaternion. Use get_rotation_quaternion() or call orthonormalized() if the Basis contains linearly independent vectors.
   at: get_quaternion (core/math/basis.cpp:717)
   GDScript backtrace (most recent call first):
       [0] _carry_service_light (res://scripts/player/player_controller.gd:430)
       [1] _process (res://scripts/player/player_controller.gd:330)
ERROR: Basis [X: (1.0, 0.0, 0.0), Y: (0.0, 0.999991, 0.0), Z: (0.0, 0.0, 0.999991)] must be normalized in order to be casted to a Quaternion. Use get_rotation_quaternion() or call orthonormalized() if the Basis contains linearly independent vectors.
   at: get_quaternion (core/math/basis.cpp:717)
   GDScript backtrace (most recent call first):
       [0] _carry_service_light (res://scripts/player/player_controller.gd:430)
       [1] _process (res://scripts/player/player_controller.gd:330)
ERROR: Basis [X: (0.982575, 0.106981, 0.15199), Y: (-0.031004, 0.900617, -0.433485), Z: (-0.183263, 0.421219, 0.88824)] must be normalized in order to be casted to a Quaternion. Use get_rotation_quaternion() or call orthonormalized() if the Basis contains linearly independent vectors.
   at: get_quaternion (core/math/basis.cpp:717)
   GDScript backtrace (most recent call first):
       [0] _carry_service_light (res://scripts/player/player_controller.gd:430)
       [1] _process (res://scripts/player/player_controller.gd:330)
ERROR: Basis [X: (1.0, 0.0, 0.0), Y: (0.0, 0.999991, 0.0), Z: (0.0, 0.0, 0.999991)] must be normalized in order to be casted to a Quaternion. Use get_rotation_quaternion() or call orthonormalized() if the Basis contains linearly independent vectors.
   at: get_quaternion (core/math/basis.cpp:717)
   GDScript backtrace (most recent call first):
       [0] _carry_service_light (res://scripts/player/player_controller.gd:430)
       [1] _process (res://scripts/player/player_controller.gd:330)
ERROR: Basis [X: (0.982489, 0.107006, 0.152529), Y: (-0.030838, 0.900728, -0.433266), Z: (-0.183753, 0.420976, 0.888255)] must be normalized in order to be casted to a Quaternion. Use get_rotation_quaternion() or call orthonormalized() if the Basis contains linearly independent vectors.
   at: get_quaternion (core/math/basis.cpp:717)
   GDScript backtrace (most recent call first):
       [0] _carry_service_light (res://scripts/player/player_controller.gd:430)
       [1] _process (res://scripts/player/player_controller.gd:330)
ERROR: Basis [X: (1.0, 0.0, 0.0), Y: (0.0, 0.999991, 0.0), Z: (0.0, 0.0, 0.999991)] must be normalized in order to be casted to a Quaternion. Use get_rotation_quaternion() or call orthonormalized() if the Basis contains linearly independent vectors.
   at: get_quaternion (core/math/basis.cpp:717)
   GDScript backtrace (most recent call first):
       [0] _carry_service_light (res://scripts/player/player_controller.gd:430)
       [1] _process (res://scripts/player/player_controller.gd:330)
ERROR: Basis [X: (0.98241, 0.107025, 0.153025), Y: (-0.030683, 0.900832, -0.43306), Z: (-0.184201, 0.420748, 0.88827)] must be normalized in order to be casted to a Quaternion. Use get_rotation_quaternion() or call orthonormalized() if the Basis contains linearly independent vectors.
   at: get_quaternion (core/math/basis.cpp:717)
   GDScript backtrace (most recent call first):
       [0] _carry_service_light (res://scripts/player/player_controller.gd:430)
       [1] _process (res://scripts/player/player_controller.gd:330)
ERROR: Basis [X: (1.0, 0.0, 0.0), Y: (0.0, 0.999991, 0.0), Z: (0.0, 0.0, 0.999991)] must be normalized in order to be casted to a Quaternion. Use get_rotation_quaternion() or call orthonormalized() if the Basis contains linearly independent vectors.
   at: get_quaternion (core/math/basis.cpp:717)
   GDScript backtrace (most recent call first):
       [0] _carry_service_light (res://scripts/player/player_controller.gd:430)
       [1] _process (res://scripts/player/player_controller.gd:330)
ERROR: Basis [X: (0.98229, 0.107071, 0.153756), Y: (-0.030446, 0.90093, -0.432874), Z: (-0.184875, 0.420527, 0.888234)] must be normalized in order to be casted to a Quaternion. Use get_rotation_quaternion() or call orthonormalized() if the Basis contains linearly independent vectors.
   at: get_quaternion (core/math/basis.cpp:717)
   GDScript backtrace (most recent call first):
       [0] _carry_service_light (res://scripts/player/player_controller.gd:430)
       [1] _process (res://scripts/player/player_controller.gd:330)
ERROR: Basis [X: (1.0, 0.0, 0.0), Y: (0.0, 0.999991, 0.0), Z: (0.0, 0.0, 0.999991)] must be normalized in order to be casted to a Quaternion. Use get_rotation_quaternion() or call orthonormalized() if the Basis contains linearly independent vectors.
   at: get_quaternion (core/math/basis.cpp:717)
   GDScript backtrace (most recent call first):
       [0] _carry_service_light (res://scripts/player/player_controller.gd:430)
       [1] _process (res://scripts/player/player_controller.gd:330)
ERROR: Basis [X: (0.982134, 0.107142, 0.154701), Y: (-0.030136, 0.901021, -0.432705), Z: (-0.185753, 0.420312, 0.888153)] must be normalized in order to be casted to a Quaternion. Use get_rotation_quaternion() or call orthonormalized() if the Basis contains linearly independent vectors.
   at: get_quaternion (core/math/basis.cpp:717)
   GDScript backtrace (most recent call first):
       [0] _carry_service_light (res://scripts/player/player_controller.gd:430)
       [1] _process (res://scripts/player/player_controller.gd:330)
ERROR: Basis [X: (1.0, 0.0, 0.0), Y: (0.0, 0.999991, 0.0), Z: (0.0, 0.0, 0.999991)] must be normalized in order to be casted to a Quaternion. Use get_rotation_quaternion() or call orthonormalized() if the Basis contains linearly independent vectors.
   at: get_quaternion (core/math/basis.cpp:717)
   GDScript backtrace (most recent call first):
       [0] _carry_service_light (res://scripts/player/player_controller.gd:430)
       [1] _process (res://scripts/player/player_controller.gd:330)
ERROR: Basis [X: (0.981992, 0.107202, 0.155561), Y: (-0.029852, 0.901108, -0.432543), Z: (-0.18655, 0.42011, 0.888081)] must be normalized in order to be casted to a Quaternion. Use get_rotation_quaternion() or call orthonormalized() if the Basis contains linearly independent vectors.
   at: get_quaternion (core/math/basis.cpp:717)
   GDScript backtrace (most recent call first):
       [0] _carry_service_light (res://scripts/player/player_controller.gd:430)
       [1] _process (res://scripts/player/player_controller.gd:330)
ERROR: Basis [X: (1.0, 0.0, 0.0), Y: (0.0, 0.999991, 0.0), Z: (0.0, 0.0, 0.999991)] must be normalized in order to be casted to a Quaternion. Use get_rotation_quaternion() or call orthonormalized() if the Basis contains linearly independent vectors.
   at: get_quaternion (core/math/basis.cpp:717)
   GDScript backtrace (most recent call first):
       [0] _carry_service_light (res://scripts/player/player_controller.gd:430)
       [1] _process (res://scripts/player/player_controller.gd:330)
ERROR: Basis [X: (0.981862, 0.107252, 0.156345), Y: (-0.02959, 0.901192, -0.432388), Z: (-0.187275, 0.419919, 0.888019)] must be normalized in order to be casted to a Quaternion. Use get_rotation_quaternion() or call orthonormalized() if the Basis contains linearly independent vectors.
   at: get_quaternion (core/math/basis.cpp:717)
   GDScript backtrace (most recent call first):
       [0] _carry_service_light (res://scripts/player/player_controller.gd:430)
       [1] _process (res://scripts/player/player_controller.gd:330)
ERROR: Basis [X: (1.0, 0.0, 0.0), Y: (0.0, 0.999991, 0.0), Z: (0.0, 0.0, 0.999991)] must be normalized in order to be casted to a Quaternion. Use get_rotation_quaternion() or call orthonormalized() if the Basis contains linearly independent vectors.
   at: get_quaternion (core/math/basis.cpp:717)
   GDScript backtrace (most recent call first):
       [0] _carry_service_light (res://scripts/player/player_controller.gd:430)
       [1] _process (res://scripts/player/player_controller.gd:330)
ERROR: Basis [X: (0.981743, 0.107293, 0.157061), Y: (-0.029348, 0.901271, -0.432239), Z: (-0.187935, 0.419738, 0.887965)] must be normalized in order to be casted to a Quaternion. Use get_rotation_quaternion() or call orthonormalized() if the Basis contains linearly independent vectors.
   at: get_quaternion (core/math/basis.cpp:717)
   GDScript backtrace (most recent call first):
       [0] _carry_service_light (res://scripts/player/player_controller.gd:430)
       [1] _process (res://scripts/player/player_controller.gd:330)
ERROR: Basis [X: (1.0, 0.0, 0.0), Y: (0.0, 0.999991, 0.0), Z: (0.0, 0.0, 0.999991)] must be normalized in order to be casted to a Quaternion. Use get_rotation_quaternion() or call orthonormalized() if the Basis contains linearly independent vectors.
   at: get_quaternion (core/math/basis.cpp:717)
   GDScript backtrace (most recent call first):
       [0] _carry_service_light (res://scripts/player/player_controller.gd:430)
       [1] _process (res://scripts/player/player_controller.gd:330)
ERROR: Basis [X: (0.981634, 0.107326, 0.157717), Y: (-0.029125, 0.901347, -0.432095), Z: (-0.188536, 0.419566, 0.887919)] must be normalized in order to be casted to a Quaternion. Use get_rotation_quaternion() or call orthonormalized() if the Basis contains linearly independent vectors.
   at: get_quaternion (core/math/basis.cpp:717)
   GDScript backtrace (most recent call first):
       [0] _carry_service_light (res://scripts/player/player_controller.gd:430)
       [1] _process (res://scripts/player/player_controller.gd:330)
ERROR: Basis [X: (1.0, 0.0, 0.0), Y: (0.0, 0.999991, 0.0), Z: (0.0, 0.0, 0.999991)] must be normalized in order to be casted to a Quaternion. Use get_rotation_quaternion() or call orthonormalized() if the Basis contains linearly independent vectors.
   at: get_quaternion (core/math/basis.cpp:717)
   GDScript backtrace (most recent call first):
       [0] _carry_service_light (res://scripts/player/player_controller.gd:430)
       [1] _process (res://scripts/player/player_controller.gd:330)
ERROR: Basis [X: (0.981535, 0.107352, 0.158317), Y: (-0.028918, 0.901421, -0.431955), Z: (-0.189085, 0.419401, 0.88788)] must be normalized in order to be casted to a Quaternion. Use get_rotation_quaternion() or call orthonormalized() if the Basis contains linearly independent vectors.
   at: get_quaternion (core/math/basis.cpp:717)
   GDScript backtrace (most recent call first):
       [0] _carry_service_light (res://scripts/player/player_controller.gd:430)
       [1] _process (res://scripts/player/player_controller.gd:330)
ERROR: Basis [X: (1.0, 0.0, 0.0), Y: (0.0, 0.999991, 0.0), Z: (0.0, 0.0, 0.999991)] must be normalized in order to be casted to a Quaternion. Use get_rotation_quaternion() or call orthonormalized() if the Basis contains linearly independent vectors.
   at: get_quaternion (core/math/basis.cpp:717)
   GDScript backtrace (most recent call first):
       [0] _carry_service_light (res://scripts/player/player_controller.gd:430)
       [1] _process (res://scripts/player/player_controller.gd:330)
ERROR: Basis [X: (0.981444, 0.107371, 0.158868), Y: (-0.028725, 0.901492, -0.43182), Z: (-0.189587, 0.419244, 0.887848)] must be normalized in order to be casted to a Quaternion. Use get_rotation_quaternion() or call orthonormalized() if the Basis contains linearly independent vectors.
   at: get_quaternion (core/math/basis.cpp:717)
   GDScript backtrace (most recent call first):
       [0] _carry_service_light (res://scripts/player/player_controller.gd:430)
       [1] _process (res://scripts/player/player_controller.gd:330)
ERROR: Basis [X: (1.0, 0.0, 0.0), Y: (0.0, 0.999991, 0.0), Z: (0.0, 0.0, 0.999991)] must be normalized in order to be casted to a Quaternion. Use get_rotation_quaternion() or call orthonormalized() if the Basis contains linearly independent vectors.
   at: get_quaternion (core/math/basis.cpp:717)
   GDScript backtrace (most recent call first):
       [0] _carry_service_light (res://scripts/player/player_controller.gd:430)
       [1] _process (res://scripts/player/player_controller.gd:330)
ERROR: Basis [X: (0.98136, 0.107385, 0.159375), Y: (-0.028546, 0.90156, -0.431689), Z: (-0.190046, 0.419093, 0.887821)] must be normalized in order to be casted to a Quaternion. Use get_rotation_quaternion() or call orthonormalized() if the Basis contains linearly independent vectors.
   at: get_quaternion (core/math/basis.cpp:717)
   GDScript backtrace (most recent call first):
       [0] _carry_service_light (res://scripts/player/player_controller.gd:430)
       [1] _process (res://scripts/player/player_controller.gd:330)
ERROR: Basis [X: (1.0, 0.0, 0.0), Y: (0.0, 0.999991, 0.0), Z: (0.0, 0.0, 0.999991)] must be normalized in order to be casted to a Quaternion. Use get_rotation_quaternion() or call orthonormalized() if the Basis contains linearly independent vectors.
   at: get_quaternion (core/math/basis.cpp:717)
   GDScript backtrace (most recent call first):
       [0] _carry_service_light (res://scripts/player/player_controller.gd:430)
       [1] _process (res://scripts/player/player_controller.gd:330)
ERROR: Basis [X: (0.981283, 0.107393, 0.159841), Y: (-0.028378, 0.901627, -0.431561), Z: (-0.190467, 0.418948, 0.887799)] must be normalized in order to be casted to a Quaternion. Use get_rotation_quaternion() or call orthonormalized() if the Basis contains linearly independent vectors.
   at: get_quaternion (core/math/basis.cpp:717)
   GDScript backtrace (most recent call first):
       [0] _carry_service_light (res://scripts/player/player_controller.gd:430)
       [1] _process (res://scripts/player/player_controller.gd:330)
ERROR: Basis [X: (1.0, 0.0, 0.0), Y: (0.0, 0.999991, 0.0), Z: (0.0, 0.0, 0.999991)] must be normalized in order to be casted to a Quaternion. Use get_rotation_quaternion() or call orthonormalized() if the Basis contains linearly independent vectors.
   at: get_quaternion (core/math/basis.cpp:717)
   GDScript backtrace (most recent call first):
       [0] _carry_service_light (res://scripts/player/player_controller.gd:430)
       [1] _process (res://scripts/player/player_controller.gd:330)
ERROR: Basis [X: (0.981213, 0.107396, 0.160272), Y: (-0.028221, 0.901691, -0.431437), Z: (-0.190854, 0.418808, 0.887782)] must be normalized in order to be casted to a Quaternion. Use get_rotation_quaternion() or call orthonormalized() if the Basis contains linearly independent vectors.
   at: get_quaternion (core/math/basis.cpp:717)
   GDScript backtrace (most recent call first):
       [0] _carry_service_light (res://scripts/player/player_controller.gd:430)
       [1] _process (res://scripts/player/player_controller.gd:330)
ERROR: Basis [X: (1.0, 0.0, 0.0), Y: (0.0, 0.999991, 0.0), Z: (0.0, 0.0, 0.999991)] must be normalized in order to be casted to a Quaternion. Use get_rotation_quaternion() or call orthonormalized() if the Basis contains linearly independent vectors.
   at: get_quaternion (core/math/basis.cpp:717)
   GDScript backtrace (most recent call first):
       [0] _carry_service_light (res://scripts/player/player_controller.gd:430)
       [1] _process (res://scripts/player/player_controller.gd:330)
ERROR: Basis [X: (0.981148, 0.107394, 0.160671), Y: (-0.028073, 0.901754, -0.431315), Z: (-0.19121, 0.418673, 0.887769)] must be normalized in order to be casted to a Quaternion. Use get_rotation_quaternion() or call orthonormalized() if the Basis contains linearly independent vectors.
   at: get_quaternion (core/math/basis.cpp:717)
   GDScript backtrace (most recent call first):
       [0] _carry_service_light (res://scripts/player/player_controller.gd:430)
       [1] _process (res://scripts/player/player_controller.gd:330)
ERROR: Basis [X: (1.0, 0.0, 0.0), Y: (0.0, 0.999991, 0.0), Z: (0.0, 0.0, 0.999991)] must be normalized in order to be casted to a Quaternion. Use get_rotation_quaternion() or call orthonormalized() if the Basis contains linearly independent vectors.
   at: get_quaternion (core/math/basis.cpp:717)
   GDScript backtrace (most recent call first):
       [0] _carry_service_light (res://scripts/player/player_controller.gd:430)
       [1] _process (res://scripts/player/player_controller.gd:330)
ERROR: Basis [X: (0.981087, 0.107389, 0.161041), Y: (-0.027934, 0.901815, -0.431196), Z: (-0.191539, 0.418543, 0.88776)] must be normalized in order to be casted to a Quaternion. Use get_rotation_quaternion() or call orthonormalized() if the Basis contains linearly independent vectors.
   at: get_quaternion (core/math/basis.cpp:717)
   GDScript backtrace (most recent call first):
       [0] _carry_service_light (res://scripts/player/player_controller.gd:430)
       [1] _process (res://scripts/player/player_controller.gd:330)
ERROR: Basis [X: (1.0, 0.0, 0.0), Y: (0.0, 0.999991, 0.0), Z: (0.0, 0.0, 0.999991)] must be normalized in order to be casted to a Quaternion. Use get_rotation_quaternion() or call orthonormalized() if the Basis contains linearly independent vectors.
   at: get_quaternion (core/math/basis.cpp:717)
   GDScript backtrace (most recent call first):
       [0] _carry_service_light (res://scripts/player/player_controller.gd:430)
       [1] _process (res://scripts/player/player_controller.gd:330)
ERROR: Basis [X: (0.981032, 0.10738, 0.161386), Y: (-0.027802, 0.901875, -0.431079), Z: (-0.191843, 0.418416, 0.887754)] must be normalized in order to be casted to a Quaternion. Use get_rotation_quaternion() or call orthonormalized() if the Basis contains linearly independent vectors.
   at: get_quaternion (core/math/basis.cpp:717)
   GDScript backtrace (most recent call first):
       [0] _carry_service_light (res://scripts/player/player_controller.gd:430)
       [1] _process (res://scripts/player/player_controller.gd:330)
ERROR: Basis [X: (1.0, 0.0, 0.0), Y: (0.0, 0.999991, 0.0), Z: (0.0, 0.0, 0.999991)] must be normalized in order to be casted to a Quaternion. Use get_rotation_quaternion() or call orthonormalized() if the Basis contains linearly independent vectors.
   at: get_quaternion (core/math/basis.cpp:717)
   GDScript backtrace (most recent call first):
       [0] _carry_service_light (res://scripts/player/player_controller.gd:430)
       [1] _process (res://scripts/player/player_controller.gd:330)
ERROR: Basis [X: (0.98098, 0.107368, 0.161706), Y: (-0.027676, 0.901934, -0.430965), Z: (-0.192124, 0.418292, 0.887751)] must be normalized in order to be casted to a Quaternion. Use get_rotation_quaternion() or call orthonormalized() if the Basis contains linearly independent vectors.
   at: get_quaternion (core/math/basis.cpp:717)
   GDScript backtrace (most recent call first):
       [0] _carry_service_light (res://scripts/player/player_controller.gd:430)
       [1] _process (res://scripts/player/player_controller.gd:330)
ERROR: Basis [X: (1.0, 0.0, 0.0), Y: (0.0, 0.999991, 0.0), Z: (0.0, 0.0, 0.999991)] must be normalized in order to be casted to a Quaternion. Use get_rotation_quaternion() or call orthonormalized() if the Basis contains linearly independent vectors.
   at: get_quaternion (core/math/basis.cpp:717)
   GDScript backtrace (most recent call first):
       [0] _carry_service_light (res://scripts/player/player_controller.gd:430)
       [1] _process (res://scripts/player/player_controller.gd:330)
ERROR: Basis [X: (0.980932, 0.107353, 0.162007), Y: (-0.027557, 0.901992, -0.430852), Z: (-0.192385, 0.418172, 0.887751)] must be normalized in order to be casted to a Quaternion. Use get_rotation_quaternion() or call orthonormalized() if the Basis contains linearly independent vectors.
   at: get_quaternion (core/math/basis.cpp:717)
   GDScript backtrace (most recent call first):
       [0] _carry_service_light (res://scripts/player/player_controller.gd:430)
       [1] _process (res://scripts/player/player_controller.gd:330)
ERROR: Basis [X: (1.0, 0.0, 0.0), Y: (0.0, 0.999991, 0.0), Z: (0.0, 0.0, 0.999991)] must be normalized in order to be casted to a Quaternion. Use get_rotation_quaternion() or call orthonormalized() if the Basis contains linearly independent vectors.
   at: get_quaternion (core/math/basis.cpp:717)
   GDScript backtrace (most recent call first):
       [0] _carry_service_light (res://scripts/player/player_controller.gd:430)
       [1] _process (res://scripts/player/player_controller.gd:330)
ERROR: Basis [X: (0.980888, 0.107335, 0.162288), Y: (-0.027442, 0.902048, -0.430741), Z: (-0.192629, 0.418055, 0.887754)] must be normalized in order to be casted to a Quaternion. Use get_rotation_quaternion() or call orthonormalized() if the Basis contains linearly independent vectors.
   at: get_quaternion (core/math/basis.cpp:717)
   GDScript backtrace (most recent call first):
       [0] _carry_service_light (res://scripts/player/player_controller.gd:430)
       [1] _process (res://scripts/player/player_controller.gd:330)
ERROR: Basis [X: (1.0, 0.0, 0.0), Y: (0.0, 0.999991, 0.0), Z: (0.0, 0.0, 0.999991)] must be normalized in order to be casted to a Quaternion. Use get_rotation_quaternion() or call orthonormalized() if the Basis contains linearly independent vectors.
   at: get_quaternion (core/math/basis.cpp:717)
   GDScript backtrace (most recent call first):
       [0] _carry_service_light (res://scripts/player/player_controller.gd:430)
       [1] _process (res://scripts/player/player_controller.gd:330)
ERROR: Basis [X: (0.980846, 0.107315, 0.162553), Y: (-0.027333, 0.902104, -0.430631), Z: (-0.192856, 0.41794, 0.887758)] must be normalized in order to be casted to a Quaternion. Use get_rotation_quaternion() or call orthonormalized() if the Basis contains linearly independent vectors.
   at: get_quaternion (core/math/basis.cpp:717)
   GDScript backtrace (most recent call first):
       [0] _carry_service_light (res://scripts/player/player_controller.gd:430)
       [1] _process (res://scripts/player/player_controller.gd:330)
ERROR: Basis [X: (1.0, 0.0, 0.0), Y: (0.0, 0.999991, 0.0), Z: (0.0, 0.0, 0.999991)] must be normalized in order to be casted to a Quaternion. Use get_rotation_quaternion() or call orthonormalized() if the Basis contains linearly independent vectors.
   at: get_quaternion (core/math/basis.cpp:717)
   GDScript backtrace (most recent call first):
       [0] _carry_service_light (res://scripts/player/player_controller.gd:430)
       [1] _process (res://scripts/player/player_controller.gd:330)
ERROR: Basis [X: (0.980807, 0.107292, 0.162802), Y: (-0.027227, 0.902158, -0.430523), Z: (-0.193069, 0.417828, 0.887765)] must be normalized in order to be casted to a Quaternion. Use get_rotation_quaternion() or call orthonormalized() if the Basis contains linearly independent vectors.
   at: get_quaternion (core/math/basis.cpp:717)
   GDScript backtrace (most recent call first):
       [0] _carry_service_light (res://scripts/player/player_controller.gd:430)
       [1] _process (res://scripts/player/player_controller.gd:330)
ERROR: Basis [X: (1.0, 0.0, 0.0), Y: (0.0, 0.999991, 0.0), Z: (0.0, 0.0, 0.999991)] must be normalized in order to be casted to a Quaternion. Use get_rotation_quaternion() or call orthonormalized() if the Basis contains linearly independent vectors.
   at: get_quaternion (core/math/basis.cpp:717)
   GDScript backtrace (most recent call first):
       [0] _carry_service_light (res://scripts/player/player_controller.gd:430)
       [1] _process (res://scripts/player/player_controller.gd:330)
ERROR: Basis [X: (0.980771, 0.107267, 0.163038), Y: (-0.027126, 0.902212, -0.430417), Z: (-0.193268, 0.417718, 0.887773)] must be normalized in order to be casted to a Quaternion. Use get_rotation_quaternion() or call orthonormalized() if the Basis contains linearly independent vectors.
   at: get_quaternion (core/math/basis.cpp:717)
   GDScript backtrace (most recent call first):
       [0] _carry_service_light (res://scripts/player/player_controller.gd:430)
       [1] _process (res://scripts/player/player_controller.gd:330)
ERROR: Basis [X: (1.0, 0.0, 0.0), Y: (0.0, 0.999991, 0.0), Z: (0.0, 0.0, 0.999991)] must be normalized in order to be casted to a Quaternion. Use get_rotation_quaternion() or call orthonormalized() if the Basis contains linearly independent vectors.
   at: get_quaternion (core/math/basis.cpp:717)
   GDScript backtrace (most recent call first):
       [0] _carry_service_light (res://scripts/player/player_controller.gd:430)
       [1] _process (res://scripts/player/player_controller.gd:330)
ERROR: Basis [X: (0.980737, 0.107241, 0.163262), Y: (-0.027027, 0.902266, -0.430311), Z: (-0.193457, 0.417609, 0.887783)] must be normalized in order to be casted to a Quaternion. Use get_rotation_quaternion() or call orthonormalized() if the Basis contains linearly independent vectors.
   at: get_quaternion (core/math/basis.cpp:717)
   GDScript backtrace (most recent call first):
       [0] _carry_service_light (res://scripts/player/player_controller.gd:430)
       [1] _process (res://scripts/player/player_controller.gd:330)
ERROR: Basis [X: (1.0, 0.0, 0.0), Y: (0.0, 0.999991, 0.0), Z: (0.0, 0.0, 0.999991)] must be normalized in order to be casted to a Quaternion. Use get_rotation_quaternion() or call orthonormalized() if the Basis contains linearly independent vectors.
   at: get_quaternion (core/math/basis.cpp:717)
   GDScript backtrace (most recent call first):
       [0] _carry_service_light (res://scripts/player/player_controller.gd:430)
       [1] _process (res://scripts/player/player_controller.gd:330)
ERROR: Basis [X: (0.980704, 0.107213, 0.163476), Y: (-0.026932, 0.902318, -0.430207), Z: (-0.193634, 0.417503, 0.887794)] must be normalized in order to be casted to a Quaternion. Use get_rotation_quaternion() or call orthonormalized() if the Basis contains linearly independent vectors.
   at: get_quaternion (core/math/basis.cpp:717)
   GDScript backtrace (most recent call first):
       [0] _carry_service_light (res://scripts/player/player_controller.gd:430)
       [1] _process (res://scripts/player/player_controller.gd:330)
ERROR: Basis [X: (1.0, 0.0, 0.0), Y: (0.0, 0.999991, 0.0), Z: (0.0, 0.0, 0.999991)] must be normalized in order to be casted to a Quaternion. Use get_rotation_quaternion() or call orthonormalized() if the Basis contains linearly independent vectors.
   at: get_quaternion (core/math/basis.cpp:717)
   GDScript backtrace (most recent call first):
       [0] _carry_service_light (res://scripts/player/player_controller.gd:430)
       [1] _process (res://scripts/player/player_controller.gd:330)
ERROR: Basis [X: (0.980673, 0.107183, 0.163679), Y: (-0.026839, 0.90237, -0.430104), Z: (-0.193802, 0.417398, 0.887807)] must be normalized in order to be casted to a Quaternion. Use get_rotation_quaternion() or call orthonormalized() if the Basis contains linearly independent vectors.
   at: get_quaternion (core/math/basis.cpp:717)
   GDScript backtrace (most recent call first):
       [0] _carry_service_light (res://scripts/player/player_controller.gd:430)
       [1] _process (res://scripts/player/player_controller.gd:330)
ERROR: Basis [X: (1.0, 0.0, 0.0), Y: (0.0, 0.999991, 0.0), Z: (0.0, 0.0, 0.999991)] must be normalized in order to be casted to a Quaternion. Use get_rotation_quaternion() or call orthonormalized() if the Basis contains linearly independent vectors.
   at: get_quaternion (core/math/basis.cpp:717)
   GDScript backtrace (most recent call first):
       [0] _carry_service_light (res://scripts/player/player_controller.gd:430)
       [1] _process (res://scripts/player/player_controller.gd:330)
ERROR: Basis [X: (0.980644, 0.107152, 0.163874), Y: (-0.026748, 0.902422, -0.430001), Z: (-0.193962, 0.417295, 0.887821)] must be normalized in order to be casted to a Quaternion. Use get_rotation_quaternion() or call orthonormalized() if the Basis contains linearly independent vectors.
   at: get_quaternion (core/math/basis.cpp:717)
   GDScript backtrace (most recent call first):
       [0] _carry_service_light (res://scripts/player/player_controller.gd:430)
       [1] _process (res://scripts/player/player_controller.gd:330)
ERROR: Basis [X: (1.0, 0.0, 0.0), Y: (0.0, 0.999991, 0.0), Z: (0.0, 0.0, 0.999991)] must be normalized in order to be casted to a Quaternion. Use get_rotation_quaternion() or call orthonormalized() if the Basis contains linearly independent vectors.
   at: get_quaternion (core/math/basis.cpp:717)
   GDScript backtrace (most recent call first):
       [0] _carry_service_light (res://scripts/player/player_controller.gd:430)
       [1] _process (res://scripts/player/player_controller.gd:330)
ERROR: Basis [X: (0.980617, 0.107119, 0.164061), Y: (-0.026659, 0.902472, -0.4299), Z: (-0.194115, 0.417193, 0.887835)] must be normalized in order to be casted to a Quaternion. Use get_rotation_quaternion() or call orthonormalized() if the Basis contains linearly independent vectors.
   at: get_quaternion (core/math/basis.cpp:717)
   GDScript backtrace (most recent call first):
       [0] _carry_service_light (res://scripts/player/player_controller.gd:430)
       [1] _process (res://scripts/player/player_controller.gd:330)
ERROR: Basis [X: (1.0, 0.0, 0.0), Y: (0.0, 0.999991, 0.0), Z: (0.0, 0.0, 0.999991)] must be normalized in order to be casted to a Quaternion. Use get_rotation_quaternion() or call orthonormalized() if the Basis contains linearly independent vectors.
   at: get_quaternion (core/math/basis.cpp:717)
   GDScript backtrace (most recent call first):
       [0] _carry_service_light (res://scripts/player/player_controller.gd:430)
       [1] _process (res://scripts/player/player_controller.gd:330)
ERROR: Basis [X: (0.98059, 0.106707, 0.164487), Y: (-0.026572, 0.903509, -0.427723), Z: (-0.19426, 0.41505, 0.888807)] must be normalized in order to be casted to a Quaternion. Use get_rotation_quaternion() or call orthonormalized() if the Basis contains linearly independent vectors.
   at: get_quaternion (core/math/basis.cpp:717)
   GDScript backtrace (most recent call first):
       [0] _carry_service_light (res://scripts/player/player_controller.gd:430)
       [1] _process (res://scripts/player/player_controller.gd:330)
ERROR: Basis [X: (1.0, 0.0, 0.0), Y: (0.0, 0.999991, 0.0), Z: (0.0, 0.0, 0.999991)] must be normalized in order to be casted to a Quaternion. Use get_rotation_quaternion() or call orthonormalized() if the Basis contains linearly independent vectors.
   at: get_quaternion (core/math/basis.cpp:717)
   GDScript backtrace (most recent call first):
       [0] _carry_service_light (res://scripts/player/player_controller.gd:430)
       [1] _process (res://scripts/player/player_controller.gd:330)
ERROR: Basis [X: (0.980361, 0.106046, 0.16627), Y: (-0.026169, 0.905603, -0.423296), Z: (-0.195467, 0.410632, 0.890593)] must be normalized in order to be casted to a Quaternion. Use get_rotation_quaternion() or call orthonormalized() if the Basis contains linearly independent vectors.
   at: get_quaternion (core/math/basis.cpp:717)
   GDScript backtrace (most recent call first):
       [0] _carry_service_light (res://scripts/player/player_controller.gd:430)
       [1] _process (res://scripts/player/player_controller.gd:330)
ERROR: Basis [X: (1.0, 0.0, 0.0), Y: (0.0, 0.999991, 0.0), Z: (0.0, 0.0, 0.999991)] must be normalized in order to be casted to a Quaternion. Use get_rotation_quaternion() or call orthonormalized() if the Basis contains linearly independent vectors.
   at: get_quaternion (core/math/basis.cpp:717)
   GDScript backtrace (most recent call first):
       [0] _carry_service_light (res://scripts/player/player_controller.gd:430)
       [1] _process (res://scripts/player/player_controller.gd:330)
ERROR: Basis [X: (0.980199, 0.105721, 0.167431), Y: (-0.025932, 0.90679, -0.420761), Z: (-0.196312, 0.408088, 0.891576)] must be normalized in order to be casted to a Quaternion. Use get_rotation_quaternion() or call orthonormalized() if the Basis contains linearly independent vectors.
   at: get_quaternion (core/math/basis.cpp:717)
   GDScript backtrace (most recent call first):
       [0] _carry_service_light (res://scripts/player/player_controller.gd:430)
       [1] _process (res://scripts/player/player_controller.gd:330)
ERROR: Basis [X: (1.0, 0.0, 0.0), Y: (0.0, 0.999991, 0.0), Z: (0.0, 0.0, 0.999991)] must be normalized in order to be casted to a Quaternion. Use get_rotation_quaternion() or call orthonormalized() if the Basis contains linearly independent vectors.
   at: get_quaternion (core/math/basis.cpp:717)
   GDScript backtrace (most recent call first):
       [0] _carry_service_light (res://scripts/player/player_controller.gd:430)
       [1] _process (res://scripts/player/player_controller.gd:330)
ERROR: Basis [X: (0.980003, 0.10579, 0.168527), Y: (-0.025579, 0.906899, -0.420548), Z: (-0.19733, 0.407827, 0.89147)] must be normalized in order to be casted to a Quaternion. Use get_rotation_quaternion() or call orthonormalized() if the Basis contains linearly independent vectors.
   at: get_quaternion (core/math/basis.cpp:717)
   GDScript backtrace (most recent call first):
       [0] _carry_service_light (res://scripts/player/player_controller.gd:430)
       [1] _process (res://scripts/player/player_controller.gd:330)
ERROR: Basis [X: (1.0, 0.0, 0.0), Y: (0.0, 0.999991, 0.0), Z: (0.0, 0.0, 0.999991)] must be normalized in order to be casted to a Quaternion. Use get_rotation_quaternion() or call orthonormalized() if the Basis contains linearly independent vectors.
   at: get_quaternion (core/math/basis.cpp:717)
   GDScript backtrace (most recent call first):
       [0] _carry_service_light (res://scripts/player/player_controller.gd:430)
       [1] _process (res://scripts/player/player_controller.gd:330)
ERROR: Basis [X: (0.979676, 0.105539, 0.170576), Y: (-0.024942, 0.907875, -0.418476), Z: (-0.199031, 0.405716, 0.892055)] must be normalized in order to be casted to a Quaternion. Use get_rotation_quaternion() or call orthonormalized() if the Basis contains linearly independent vectors.
   at: get_quaternion (core/math/basis.cpp:717)
   GDScript backtrace (most recent call first):
       [0] _carry_service_light (res://scripts/player/player_controller.gd:430)
       [1] _process (res://scripts/player/player_controller.gd:330)
ERROR: Basis [X: (1.0, 0.0, 0.0), Y: (0.0, 0.999991, 0.0), Z: (0.0, 0.0, 0.999991)] must be normalized in order to be casted to a Quaternion. Use get_rotation_quaternion() or call orthonormalized() if the Basis contains linearly independent vectors.
   at: get_quaternion (core/math/basis.cpp:717)
   GDScript backtrace (most recent call first):
       [0] _carry_service_light (res://scripts/player/player_controller.gd:430)
       [1] _process (res://scripts/player/player_controller.gd:330)
ERROR: Basis [X: (0.979578, 0.105152, 0.171372), Y: (-0.024764, 0.908941, -0.416166), Z: (-0.199532, 0.403424, 0.892983)] must be normalized in order to be casted to a Quaternion. Use get_rotation_quaternion() or call orthonormalized() if the Basis contains linearly independent vectors.
   at: get_quaternion (core/math/basis.cpp:717)
   GDScript backtrace (most recent call first):
       [0] _carry_service_light (res://scripts/player/player_controller.gd:430)
       [1] _process (res://scripts/player/player_controller.gd:330)
ERROR: Basis [X: (1.0, 0.0, 0.0), Y: (0.0, 0.999991, 0.0), Z: (0.0, 0.0, 0.999991)] must be normalized in order to be casted to a Quaternion. Use get_rotation_quaternion() or call orthonormalized() if the Basis contains linearly independent vectors.
   at: get_quaternion (core/math/basis.cpp:717)
   GDScript backtrace (most recent call first):
       [0] _carry_service_light (res://scripts/player/player_controller.gd:430)
       [1] _process (res://scripts/player/player_controller.gd:330)
ERROR: Basis [X: (0.979489, 0.105152, 0.171882), Y: (-0.024597, 0.90904, -0.415959), Z: (-0.199991, 0.4032, 0.892981)] must be normalized in order to be casted to a Quaternion. Use get_rotation_quaternion() or call orthonormalized() if the Basis contains linearly independent vectors.
   at: get_quaternion (core/math/basis.cpp:717)
   GDScript backtrace (most recent call first):
       [0] _carry_service_light (res://scripts/player/player_controller.gd:430)
       [1] _process (res://scripts/player/player_controller.gd:330)
ERROR: Basis [X: (1.0, 0.0, 0.0), Y: (0.0, 0.999991, 0.0), Z: (0.0, 0.0, 0.99999)] must be normalized in order to be casted to a Quaternion. Use get_rotation_quaternion() or call orthonormalized() if the Basis contains linearly independent vectors.
   at: get_quaternion (core/math/basis.cpp:717)
   GDScript backtrace (most recent call first):
       [0] _carry_service_light (res://scripts/player/player_controller.gd:430)
       [1] _process (res://scripts/player/player_controller.gd:330)
ERROR: Basis [X: (0.979411, 0.10514, 0.172335), Y: (-0.024395, 0.909046, -0.415959), Z: (-0.200398, 0.403191, 0.892894)] must be normalized in order to be casted to a Quaternion. Use get_rotation_quaternion() or call orthonormalized() if the Basis contains linearly independent vectors.
   at: get_quaternion (core/math/basis.cpp:717)
   GDScript backtrace (most recent call first):
       [0] _carry_service_light (res://scripts/player/player_controller.gd:430)
       [1] _process (res://scripts/player/player_controller.gd:330)
ERROR: Basis [X: (1.0, 0.0, 0.0), Y: (0.0, 0.99999, 0.0), Z: (0.0, 0.0, 0.99999)] must be normalized in order to be casted to a Quaternion. Use get_rotation_quaternion() or call orthonormalized() if the Basis contains linearly independent vectors.
   at: get_quaternion (core/math/basis.cpp:717)
   GDScript backtrace (most recent call first):
       [0] _carry_service_light (res://scripts/player/player_controller.gd:430)
       [1] _process (res://scripts/player/player_controller.gd:330)
ERROR: Basis [X: (0.97939, 0.104697, 0.172721), Y: (-0.024296, 0.91001, -0.413851), Z: (-0.200511, 0.401125, 0.893798)] must be normalized in order to be casted to a Quaternion. Use get_rotation_quaternion() or call orthonormalized() if the Basis contains linearly independent vectors.
   at: get_quaternion (core/math/basis.cpp:717)
   GDScript backtrace (most recent call first):
       [0] _carry_service_light (res://scripts/player/player_controller.gd:430)
       [1] _process (res://scripts/player/player_controller.gd:330)
ERROR: Basis [X: (1.0, 0.0, 0.0), Y: (0.0, 0.99999, 0.0), Z: (0.0, 0.0, 0.99999)] must be normalized in order to be casted to a Quaternion. Use get_rotation_quaternion() or call orthonormalized() if the Basis contains linearly independent vectors.
   at: get_quaternion (core/math/basis.cpp:717)
   GDScript backtrace (most recent call first):
       [0] _carry_service_light (res://scripts/player/player_controller.gd:430)
       [1] _process (res://scripts/player/player_controller.gd:330)
ERROR: Basis [X: (0.979263, 0.104717, 0.173432), Y: (-0.024064, 0.910109, -0.413646), Z: (-0.201161, 0.400894, 0.893756)] must be normalized in order to be casted to a Quaternion. Use get_rotation_quaternion() or call orthonormalized() if the Basis contains linearly independent vectors.
   at: get_quaternion (core/math/basis.cpp:717)
   GDScript backtrace (most recent call first):
       [0] _carry_service_light (res://scripts/player/player_controller.gd:430)
       [1] _process (res://scripts/player/player_controller.gd:330)
ERROR: Basis [X: (1.0, 0.0, 0.0), Y: (0.0, 0.99999, 0.0), Z: (0.0, 0.0, 0.99999)] must be normalized in order to be casted to a Quaternion. Use get_rotation_quaternion() or call orthonormalized() if the Basis contains linearly independent vectors.
   at: get_quaternion (core/math/basis.cpp:717)
   GDScript backtrace (most recent call first):
       [0] _carry_service_light (res://scripts/player/player_controller.gd:430)
       [1] _process (res://scripts/player/player_controller.gd:330)
ERROR: Basis [X: (0.979097, 0.104348, 0.174581), Y: (-0.023713, 0.911064, -0.41156), Z: (-0.202004, 0.398817, 0.894495)] must be normalized in order to be casted to a Quaternion. Use get_rotation_quaternion() or call orthonormalized() if the Basis contains linearly independent vectors.
   at: get_quaternion (core/math/basis.cpp:717)
   GDScript backtrace (most recent call first):
       [0] _carry_service_light (res://scripts/player/player_controller.gd:430)
       [1] _process (res://scripts/player/player_controller.gd:330)
ERROR: Basis [X: (1.0, 0.0, 0.0), Y: (0.0, 0.99999, 0.0), Z: (0.0, 0.0, 0.99999)] must be normalized in order to be casted to a Quaternion. Use get_rotation_quaternion() or call orthonormalized() if the Basis contains linearly independent vectors.
   at: get_quaternion (core/math/basis.cpp:717)
   GDScript backtrace (most recent call first):
       [0] _carry_service_light (res://scripts/player/player_controller.gd:430)
       [1] _process (res://scripts/player/player_controller.gd:330)
ERROR: Basis [X: (0.979047, 0.10392, 0.175118), Y: (-0.023614, 0.912105, -0.409252), Z: (-0.20226, 0.396542, 0.895448)] must be normalized in order to be casted to a Quaternion. Use get_rotation_quaternion() or call orthonormalized() if the Basis contains linearly independent vectors.
   at: get_quaternion (core/math/basis.cpp:717)
   GDScript backtrace (most recent call first):
       [0] _carry_service_light (res://scripts/player/player_controller.gd:430)
       [1] _process (res://scripts/player/player_controller.gd:330)
ERROR: Basis [X: (1.0, 0.0, 0.0), Y: (0.0, 0.99999, 0.0), Z: (0.0, 0.0, 0.99999)] must be normalized in order to be casted to a Quaternion. Use get_rotation_quaternion() or call orthonormalized() if the Basis contains linearly independent vectors.
   at: get_quaternion (core/math/basis.cpp:717)
   GDScript backtrace (most recent call first):
       [0] _carry_service_light (res://scripts/player/player_controller.gd:430)
       [1] _process (res://scripts/player/player_controller.gd:330)
ERROR: Basis [X: (0.978895, 0.103947, 0.175949), Y: (-0.023338, 0.912195, -0.409067), Z: (-0.203025, 0.396327, 0.89537)] must be normalized in order to be casted to a Quaternion. Use get_rotation_quaternion() or call orthonormalized() if the Basis contains linearly independent vectors.
   at: get_quaternion (core/math/basis.cpp:717)
   GDScript backtrace (most recent call first):
       [0] _carry_service_light (res://scripts/player/player_controller.gd:430)
       [1] _process (res://scripts/player/player_controller.gd:330)
ERROR: Basis [X: (1.0, 0.0, 0.0), Y: (0.0, 0.99999, 0.0), Z: (0.0, 0.0, 0.99999)] must be normalized in order to be casted to a Quaternion. Use get_rotation_quaternion() or call orthonormalized() if the Basis contains linearly independent vectors.
   at: get_quaternion (core/math/basis.cpp:717)
   GDScript backtrace (most recent call first):
       [0] _carry_service_light (res://scripts/player/player_controller.gd:430)
       [1] _process (res://scripts/player/player_controller.gd:330)
ERROR: Basis [X: (0.978655, 0.104012, 0.177241), Y: (-0.022858, 0.912193, -0.4091), Z: (-0.204233, 0.396316, 0.8951)] must be normalized in order to be casted to a Quaternion. Use get_rotation_quaternion() or call orthonormalized() if the Basis contains linearly independent vectors.
   at: get_quaternion (core/math/basis.cpp:717)
   GDScript backtrace (most recent call first):
       [0] _carry_service_light (res://scripts/player/player_controller.gd:430)
       [1] _process (res://scripts/player/player_controller.gd:330)
ERROR: Basis [X: (1.0, 0.0, 0.0), Y: (0.0, 0.99999, 0.0), Z: (0.0, 0.0, 0.99999)] must be normalized in order to be casted to a Quaternion. Use get_rotation_quaternion() or call orthonormalized() if the Basis contains linearly independent vectors.
   at: get_quaternion (core/math/basis.cpp:717)
   GDScript backtrace (most recent call first):
       [0] _carry_service_light (res://scripts/player/player_controller.gd:430)
       [1] _process (res://scripts/player/player_controller.gd:330)
ERROR: Basis [X: (0.978595, 0.103984, 0.17759), Y: (-0.022688, 0.912196, -0.409101), Z: (-0.204541, 0.396315, 0.89503)] must be normalized in order to be casted to a Quaternion. Use get_rotation_quaternion() or call orthonormalized() if the Basis contains linearly independent vectors.
   at: get_quaternion (core/math/basis.cpp:717)
   GDScript backtrace (most recent call first):
       [0] _carry_service_light (res://scripts/player/player_controller.gd:430)
       [1] _process (res://scripts/player/player_controller.gd:330)
ERROR: Basis [X: (1.0, 0.0, 0.0), Y: (0.0, 0.99999, 0.0), Z: (0.0, 0.0, 0.99999)] must be normalized in order to be casted to a Quaternion. Use get_rotation_quaternion() or call orthonormalized() if the Basis contains linearly independent vectors.
   at: get_quaternion (core/math/basis.cpp:717)
   GDScript backtrace (most recent call first):
       [0] _carry_service_light (res://scripts/player/player_controller.gd:430)
       [1] _process (res://scripts/player/player_controller.gd:330)
ERROR: Basis [X: (0.978539, 0.103544, 0.178155), Y: (-0.022526, 0.913142, -0.406995), Z: (-0.204826, 0.394247, 0.895878)] must be normalized in order to be casted to a Quaternion. Use get_rotation_quaternion() or call orthonormalized() if the Basis contains linearly independent vectors.
   at: get_quaternion (core/math/basis.cpp:717)
   GDScript backtrace (most recent call first):
       [0] _carry_service_light (res://scripts/player/player_controller.gd:430)
       [1] _process (res://scripts/player/player_controller.gd:330)
ERROR: Basis [X: (1.0, 0.0, 0.0), Y: (0.0, 0.99999, 0.0), Z: (0.0, 0.0, 0.99999)] must be normalized in order to be casted to a Quaternion. Use get_rotation_quaternion() or call orthonormalized() if the Basis contains linearly independent vectors.
   at: get_quaternion (core/math/basis.cpp:717)
   GDScript backtrace (most recent call first):
       [0] _carry_service_light (res://scripts/player/player_controller.gd:430)
       [1] _process (res://scripts/player/player_controller.gd:330)
ERROR: Basis [X: (0.97843, 0.103134, 0.178991), Y: (-0.022328, 0.914172, -0.404688), Z: (-0.205369, 0.391962, 0.896756)] must be normalized in order to be casted to a Quaternion. Use get_rotation_quaternion() or call orthonormalized() if the Basis contains linearly independent vectors.
   at: get_quaternion (core/math/basis.cpp:717)
   GDScript backtrace (most recent call first):
       [0] _carry_service_light (res://scripts/player/player_controller.gd:430)
       [1] _process (res://scripts/player/player_controller.gd:330)
ERROR: Basis [X: (1.0, 0.0, 0.0), Y: (0.0, 0.99999, 0.0), Z: (0.0, 0.0, 0.99999)] must be normalized in order to be casted to a Quaternion. Use get_rotation_quaternion() or call orthonormalized() if the Basis contains linearly independent vectors.
   at: get_quaternion (core/math/basis.cpp:717)
   GDScript backtrace (most recent call first):
       [0] _carry_service_light (res://scripts/player/player_controller.gd:430)
       [1] _process (res://scripts/player/player_controller.gd:330)
ERROR: Basis [X: (0.978489, 0.102639, 0.178952), Y: (-0.022411, 0.915191, -0.402372), Z: (-0.205079, 0.389706, 0.897805)] must be normalized in order to be casted to a Quaternion. Use get_rotation_quaternion() or call orthonormalized() if the Basis contains linearly independent vectors.
   at: get_quaternion (core/math/basis.cpp:717)
   GDScript backtrace (most recent call first):
       [0] _carry_service_light (res://scripts/player/player_controller.gd:430)
       [1] _process (res://scripts/player/player_controller.gd:330)
ERROR: Basis [X: (1.0, 0.0, 0.0), Y: (0.0, 0.99999, 0.0), Z: (0.0, 0.0, 0.99999)] must be normalized in order to be casted to a Quaternion. Use get_rotation_quaternion() or call orthonormalized() if the Basis contains linearly independent vectors.
   at: get_quaternion (core/math/basis.cpp:717)
   GDScript backtrace (most recent call first):
       [0] _carry_service_light (res://scripts/player/player_controller.gd:430)
       [1] _process (res://scripts/player/player_controller.gd:330)
ERROR: Basis [X: (0.978487, 0.102173, 0.179227), Y: (-0.022388, 0.916199, -0.400073), Z: (-0.205088, 0.387453, 0.898777)] must be normalized in order to be casted to a Quaternion. Use get_rotation_quaternion() or call orthonormalized() if the Basis contains linearly independent vectors.
   at: get_quaternion (core/math/basis.cpp:717)
   GDScript backtrace (most recent call first):
       [0] _carry_service_light (res://scripts/player/player_controller.gd:430)
       [1] _process (res://scripts/player/player_controller.gd:330)
ERROR: Basis [X: (1.0, 0.0, 0.0), Y: (0.0, 0.99999, 0.0), Z: (0.0, 0.0, 0.99999)] must be normalized in order to be casted to a Quaternion. Use get_rotation_quaternion() or call orthonormalized() if the Basis contains linearly independent vectors.
   at: get_quaternion (core/math/basis.cpp:717)
   GDScript backtrace (most recent call first):
       [0] _carry_service_light (res://scripts/player/player_controller.gd:430)
       [1] _process (res://scripts/player/player_controller.gd:330)
ERROR: Basis [X: (0.978431, 0.10173, 0.179785), Y: (-0.022271, 0.917197, -0.397788), Z: (-0.205369, 0.385204, 0.899679)] must be normalized in order to be casted to a Quaternion. Use get_rotation_quaternion() or call orthonormalized() if the Basis contains linearly independent vectors.
   at: get_quaternion (core/math/basis.cpp:717)
   GDScript backtrace (most recent call first):
       [0] _carry_service_light (res://scripts/player/player_controller.gd:430)
       [1] _process (res://scripts/player/player_controller.gd:330)
ERROR: Basis [X: (1.0, 0.0, 0.0), Y: (0.0, 0.99999, 0.0), Z: (0.0, 0.0, 0.99999)] must be normalized in order to be casted to a Quaternion. Use get_rotation_quaternion() or call orthonormalized() if the Basis contains linearly independent vectors.
   at: get_quaternion (core/math/basis.cpp:717)
   GDScript backtrace (most recent call first):
       [0] _carry_service_light (res://scripts/player/player_controller.gd:430)
       [1] _process (res://scripts/player/player_controller.gd:330)
ERROR: Basis [X: (0.978485, 0.100822, 0.180003), Y: (-0.022335, 0.919092, -0.393385), Z: (-0.205105, 0.380901, 0.90157)] must be normalized in order to be casted to a Quaternion. Use get_rotation_quaternion() or call orthonormalized() if the Basis contains linearly independent vectors.
   at: get_quaternion (core/math/basis.cpp:717)
   GDScript backtrace (most recent call first):
       [0] _carry_service_light (res://scripts/player/player_controller.gd:430)
       [1] _process (res://scripts/player/player_controller.gd:330)
ERROR: Basis [X: (1.0, 0.0, 0.0), Y: (0.0, 0.99999, 0.0), Z: (0.0, 0.0, 0.99999)] must be normalized in order to be casted to a Quaternion. Use get_rotation_quaternion() or call orthonormalized() if the Basis contains linearly independent vectors.
   at: get_quaternion (core/math/basis.cpp:717)
   GDScript backtrace (most recent call first):
       [0] _carry_service_light (res://scripts/player/player_controller.gd:430)
       [1] _process (res://scripts/player/player_controller.gd:330)
ERROR: Basis [X: (0.978528, 0.099924, 0.18027), Y: (-0.02243, 0.921045, -0.388784), Z: (-0.20489, 0.376393, 0.90351)] must be normalized in order to be casted to a Quaternion. Use get_rotation_quaternion() or call orthonormalized() if the Basis contains linearly independent vectors.
   at: get_quaternion (core/math/basis.cpp:717)
   GDScript backtrace (most recent call first):
       [0] _carry_service_light (res://scripts/player/player_controller.gd:430)
       [1] _process (res://scripts/player/player_controller.gd:330)
ERROR: Basis [X: (1.0, 0.0, 0.0), Y: (0.0, 0.99999, 0.0), Z: (0.0, 0.0, 0.99999)] must be normalized in order to be casted to a Quaternion. Use get_rotation_quaternion() or call orthonormalized() if the Basis contains linearly independent vectors.
   at: get_quaternion (core/math/basis.cpp:717)
   GDScript backtrace (most recent call first):
       [0] _carry_service_light (res://scripts/player/player_controller.gd:430)
       [1] _process (res://scripts/player/player_controller.gd:330)
ERROR: Basis [X: (0.978512, 0.099463, 0.180613), Y: (-0.022418, 0.922077, -0.386331), Z: (-0.204969, 0.373981, 0.904493)] must be normalized in order to be casted to a Quaternion. Use get_rotation_quaternion() or call orthonormalized() if the Basis contains linearly independent vectors.
   at: get_quaternion (core/math/basis.cpp:717)
   GDScript backtrace (most recent call first):
       [0] _carry_service_light (res://scripts/player/player_controller.gd:430)
       [1] _process (res://scripts/player/player_controller.gd:330)
ERROR: Basis [X: (1.0, 0.0, 0.0), Y: (0.0, 0.99999, 0.0), Z: (0.0, 0.0, 0.99999)] must be normalized in order to be casted to a Quaternion. Use get_rotation_quaternion() or call orthonormalized() if the Basis contains linearly independent vectors.
   at: get_quaternion (core/math/basis.cpp:717)
   GDScript backtrace (most recent call first):
       [0] _carry_service_light (res://scripts/player/player_controller.gd:430)
       [1] _process (res://scripts/player/player_controller.gd:330)
ERROR: Basis [X: (0.978553, 0.09814, 0.181114), Y: (-0.022444, 0.924768, -0.379843), Z: (-0.204771, 0.367631, 0.907137)] must be normalized in order to be casted to a Quaternion. Use get_rotation_quaternion() or call orthonormalized() if the Basis contains linearly independent vectors.
   at: get_quaternion (core/math/basis.cpp:717)
   GDScript backtrace (most recent call first):
       [0] _carry_service_light (res://scripts/player/player_controller.gd:430)
       [1] _process (res://scripts/player/player_controller.gd:330)
ERROR: Basis [X: (1.0, 0.0, 0.0), Y: (0.0, 0.99999, 0.0), Z: (0.0, 0.0, 0.99999)] must be normalized in order to be casted to a Quaternion. Use get_rotation_quaternion() or call orthonormalized() if the Basis contains linearly independent vectors.
   at: get_quaternion (core/math/basis.cpp:717)
   GDScript backtrace (most recent call first):
       [0] _carry_service_light (res://scripts/player/player_controller.gd:430)
       [1] _process (res://scripts/player/player_controller.gd:330)
ERROR: Basis [X: (0.97858, 0.097666, 0.181225), Y: (-0.022548, 0.925845, -0.377204), Z: (-0.20463, 0.365038, 0.908216)] must be normalized in order to be casted to a Quaternion. Use get_rotation_quaternion() or call orthonormalized() if the Basis contains linearly independent vectors.
   at: get_quaternion (core/math/basis.cpp:717)
   GDScript backtrace (most recent call first):
       [0] _carry_service_light (res://scripts/player/player_controller.gd:430)
       [1] _process (res://scripts/player/player_controller.gd:330)
ERROR: Basis [X: (1.0, 0.0, 0.0), Y: (0.0, 0.99999, 0.0), Z: (0.0, 0.0, 0.99999)] must be normalized in order to be casted to a Quaternion. Use get_rotation_quaternion() or call orthonormalized() if the Basis contains linearly independent vectors.
   at: get_quaternion (core/math/basis.cpp:717)
   GDScript backtrace (most recent call first):
       [0] _carry_service_light (res://scripts/player/player_controller.gd:430)
       [1] _process (res://scripts/player/player_controller.gd:330)
ERROR: Basis [X: (0.97861, 0.097177, 0.181322), Y: (-0.022544, 0.926739, -0.375003), Z: (-0.204484, 0.362895, 0.909107)] must be normalized in order to be casted to a Quaternion. Use get_rotation_quaternion() or call orthonormalized() if the Basis contains linearly independent vectors.
   at: get_quaternion (core/math/basis.cpp:717)
   GDScript backtrace (most recent call first):
       [0] _carry_service_light (res://scripts/player/player_controller.gd:430)
       [1] _process (res://scripts/player/player_controller.gd:330)
ERROR: Basis [X: (1.0, 0.0, 0.0), Y: (0.0, 0.99999, 0.0), Z: (0.0, 0.0, 0.99999)] must be normalized in order to be casted to a Quaternion. Use get_rotation_quaternion() or call orthonormalized() if the Basis contains linearly independent vectors.
   at: get_quaternion (core/math/basis.cpp:717)
   GDScript backtrace (most recent call first):
       [0] _carry_service_light (res://scripts/player/player_controller.gd:430)
       [1] _process (res://scripts/player/player_controller.gd:330)
ERROR: Basis [X: (0.978742, 0.096655, 0.18089), Y: (-0.02271, 0.927629, -0.372787), Z: (-0.203835, 0.360754, 0.910104)] must be normalized in order to be casted to a Quaternion. Use get_rotation_quaternion() or call orthonormalized() if the Basis contains linearly independent vectors.
   at: get_quaternion (core/math/basis.cpp:717)
   GDScript backtrace (most recent call first):
       [0] _carry_service_light (res://scripts/player/player_controller.gd:430)
       [1] _process (res://scripts/player/player_controller.gd:330)
ERROR: Basis [X: (1.0, 0.0, 0.0), Y: (0.0, 0.99999, 0.0), Z: (0.0, 0.0, 0.99999)] must be normalized in order to be casted to a Quaternion. Use get_rotation_quaternion() or call orthonormalized() if the Basis contains linearly independent vectors.
   at: get_quaternion (core/math/basis.cpp:717)
   GDScript backtrace (most recent call first):
       [0] _carry_service_light (res://scripts/player/player_controller.gd:430)
       [1] _process (res://scripts/player/player_controller.gd:330)
ERROR: Basis [X: (0.978806, 0.096573, 0.180589), Y: (-0.022762, 0.927658, -0.37271), Z: (-0.203522, 0.360701, 0.910195)] must be normalized in order to be casted to a Quaternion. Use get_rotation_quaternion() or call orthonormalized() if the Basis contains linearly independent vectors.
   at: get_quaternion (core/math/basis.cpp:717)
   GDScript backtrace (most recent call first):
       [0] _carry_service_light (res://scripts/player/player_controller.gd:430)
       [1] _process (res://scripts/player/player_controller.gd:330)
ERROR: Basis [X: (1.0, 0.0, 0.0), Y: (0.0, 0.99999, 0.0), Z: (0.0, 0.0, 0.99999)] must be normalized in order to be casted to a Quaternion. Use get_rotation_quaternion() or call orthonormalized() if the Basis contains linearly independent vectors.
   at: get_quaternion (core/math/basis.cpp:717)
   GDScript backtrace (most recent call first):
       [0] _carry_service_light (res://scripts/player/player_controller.gd:430)
       [1] _process (res://scripts/player/player_controller.gd:330)
ERROR: Basis [X: (0.978918, 0.096468, 0.180036), Y: (-0.022845, 0.927609, -0.372827), Z: (-0.202973, 0.360854, 0.910257)] must be normalized in order to be casted to a Quaternion. Use get_rotation_quaternion() or call orthonormalized() if the Basis contains linearly independent vectors.
   at: get_quaternion (core/math/basis.cpp:717)
   GDScript backtrace (most recent call first):
       [0] _carry_service_light (res://scripts/player/player_controller.gd:430)
       [1] _process (res://scripts/player/player_controller.gd:330)
ERROR: Basis [X: (1.0, 0.0, 0.0), Y: (0.0, 0.99999, 0.0), Z: (0.0, 0.0, 0.99999)] must be normalized in order to be casted to a Quaternion. Use get_rotation_quaternion() or call orthonormalized() if the Basis contains linearly independent vectors.
   at: get_quaternion (core/math/basis.cpp:717)
   GDScript backtrace (most recent call first):
       [0] _carry_service_light (res://scripts/player/player_controller.gd:430)
       [1] _process (res://scripts/player/player_controller.gd:330)
ERROR: Basis [X: (0.979017, 0.096369, 0.17955), Y: (-0.022911, 0.927568, -0.372924), Z: (-0.202487, 0.360985, 0.910313)] must be normalized in order to be casted to a Quaternion. Use get_rotation_quaternion() or call orthonormalized() if the Basis contains linearly independent vectors.
   at: get_quaternion (core/math/basis.cpp:717)
   GDScript backtrace (most recent call first):
       [0] _carry_service_light (res://scripts/player/player_controller.gd:430)
       [1] _process (res://scripts/player/player_controller.gd:330)
ERROR: Basis [X: (1.0, 0.0, 0.0), Y: (0.0, 0.99999, 0.0), Z: (0.0, 0.0, 0.99999)] must be normalized in order to be casted to a Quaternion. Use get_rotation_quaternion() or call orthonormalized() if the Basis contains linearly independent vectors.
   at: get_quaternion (core/math/basis.cpp:717)
   GDScript backtrace (most recent call first):
       [0] _carry_service_light (res://scripts/player/player_controller.gd:430)
       [1] _process (res://scripts/player/player_controller.gd:330)
ERROR: Basis [X: (0.979104, 0.096273, 0.179124), Y: (-0.022963, 0.927535, -0.373004), Z: (-0.202058, 0.361097, 0.910364)] must be normalized in order to be casted to a Quaternion. Use get_rotation_quaternion() or call orthonormalized() if the Basis contains linearly independent vectors.
   at: get_quaternion (core/math/basis.cpp:717)
   GDScript backtrace (most recent call first):
       [0] _carry_service_light (res://scripts/player/player_controller.gd:430)
       [1] _process (res://scripts/player/player_controller.gd:330)
ERROR: Basis [X: (1.0, 0.0, 0.0), Y: (0.0, 0.99999, 0.0), Z: (0.0, 0.0, 0.99999)] must be normalized in order to be casted to a Quaternion. Use get_rotation_quaternion() or call orthonormalized() if the Basis contains linearly independent vectors.
   at: get_quaternion (core/math/basis.cpp:717)
   GDScript backtrace (most recent call first):
       [0] _carry_service_light (res://scripts/player/player_controller.gd:430)
       [1] _process (res://scripts/player/player_controller.gd:330)
ERROR: Basis [X: (0.979181, 0.096181, 0.178753), Y: (-0.023001, 0.927508, -0.373069), Z: (-0.201681, 0.361191, 0.910411)] must be normalized in order to be casted to a Quaternion. Use get_rotation_quaternion() or call orthonormalized() if the Basis contains linearly independent vectors.
   at: get_quaternion (core/math/basis.cpp:717)
   GDScript backtrace (most recent call first):
       [0] _carry_service_light (res://scripts/player/player_controller.gd:430)
       [1] _process (res://scripts/player/player_controller.gd:330)
ERROR: Basis [X: (1.0, 0.0, 0.0), Y: (0.0, 0.99999, 0.0), Z: (0.0, 0.0, 0.99999)] must be normalized in order to be casted to a Quaternion. Use get_rotation_quaternion() or call orthonormalized() if the Basis contains linearly independent vectors.
   at: get_quaternion (core/math/basis.cpp:717)
   GDScript backtrace (most recent call first):
       [0] _carry_service_light (res://scripts/player/player_controller.gd:430)
       [1] _process (res://scripts/player/player_controller.gd:330)
ERROR: Basis [X: (0.979249, 0.096092, 0.178432), Y: (-0.023026, 0.927487, -0.373121), Z: (-0.201351, 0.361269, 0.910453)] must be normalized in order to be casted to a Quaternion. Use get_rotation_quaternion() or call orthonormalized() if the Basis contains linearly independent vectors.
   at: get_quaternion (core/math/basis.cpp:717)
   GDScript backtrace (most recent call first):
       [0] _carry_service_light (res://scripts/player/player_controller.gd:430)
       [1] _process (res://scripts/player/player_controller.gd:330)
ERROR: Basis [X: (1.0, 0.0, 0.0), Y: (0.0, 0.99999, 0.0), Z: (0.0, 0.0, 0.99999)] must be normalized in order to be casted to a Quaternion. Use get_rotation_quaternion() or call orthonormalized() if the Basis contains linearly independent vectors.
   at: get_quaternion (core/math/basis.cpp:717)
   GDScript backtrace (most recent call first):
       [0] _carry_service_light (res://scripts/player/player_controller.gd:430)
       [1] _process (res://scripts/player/player_controller.gd:330)
ERROR: Basis [X: (0.979307, 0.096007, 0.178154), Y: (-0.023041, 0.927471, -0.37316), Z: (-0.201062, 0.361333, 0.910491)] must be normalized in order to be casted to a Quaternion. Use get_rotation_quaternion() or call orthonormalized() if the Basis contains linearly independent vectors.
   at: get_quaternion (core/math/basis.cpp:717)
   GDScript backtrace (most recent call first):
       [0] _carry_service_light (res://scripts/player/player_controller.gd:430)
       [1] _process (res://scripts/player/player_controller.gd:330)
ERROR: Basis [X: (1.0, 0.0, 0.0), Y: (0.0, 0.99999, 0.0), Z: (0.0, 0.0, 0.99999)] must be normalized in order to be casted to a Quaternion. Use get_rotation_quaternion() or call orthonormalized() if the Basis contains linearly independent vectors.
   at: get_quaternion (core/math/basis.cpp:717)
   GDScript backtrace (most recent call first):
       [0] _carry_service_light (res://scripts/player/player_controller.gd:430)
       [1] _process (res://scripts/player/player_controller.gd:330)
ERROR: Basis [X: (0.979359, 0.095924, 0.177916), Y: (-0.023046, 0.927459, -0.373188), Z: (-0.200811, 0.361385, 0.910526)] must be normalized in order to be casted to a Quaternion. Use get_rotation_quaternion() or call orthonormalized() if the Basis contains linearly independent vectors.
   at: get_quaternion (core/math/basis.cpp:717)
   GDScript backtrace (most recent call first):
       [0] _carry_service_light (res://scripts/player/player_controller.gd:430)
       [1] _process (res://scripts/player/player_controller.gd:330)
ERROR: Basis [X: (1.0, 0.0, 0.0), Y: (0.0, 0.99999, 0.0), Z: (0.0, 0.0, 0.99999)] must be normalized in order to be casted to a Quaternion. Use get_rotation_quaternion() or call orthonormalized() if the Basis contains linearly independent vectors.
   at: get_quaternion (core/math/basis.cpp:717)
   GDScript backtrace (most recent call first):
       [0] _carry_service_light (res://scripts/player/player_controller.gd:430)
       [1] _process (res://scripts/player/player_controller.gd:330)
ERROR: Basis [X: (0.979403, 0.095843, 0.177714), Y: (-0.023041, 0.927452, -0.373207), Z: (-0.200594, 0.361425, 0.910558)] must be normalized in order to be casted to a Quaternion. Use get_rotation_quaternion() or call orthonormalized() if the Basis contains linearly independent vectors.
   at: get_quaternion (core/math/basis.cpp:717)
   GDScript backtrace (most recent call first):
       [0] _carry_service_light (res://scripts/player/player_controller.gd:430)
       [1] _process (res://scripts/player/player_controller.gd:330)
ERROR: Basis [X: (1.0, 0.0, 0.0), Y: (0.0, 0.99999, 0.0), Z: (0.0, 0.0, 0.99999)] must be normalized in order to be casted to a Quaternion. Use get_rotation_quaternion() or call orthonormalized() if the Basis contains linearly independent vectors.
   at: get_quaternion (core/math/basis.cpp:717)
   GDScript backtrace (most recent call first):
       [0] _carry_service_light (res://scripts/player/player_controller.gd:430)
       [1] _process (res://scripts/player/player_controller.gd:330)
ERROR: Basis [X: (0.979442, 0.095765, 0.177544), Y: (-0.023029, 0.927448, -0.373217), Z: (-0.200408, 0.361456, 0.910587)] must be normalized in order to be casted to a Quaternion. Use get_rotation_quaternion() or call orthonormalized() if the Basis contains linearly independent vectors.
   at: get_quaternion (core/math/basis.cpp:717)
   GDScript backtrace (most recent call first):
       [0] _carry_service_light (res://scripts/player/player_controller.gd:430)
       [1] _process (res://scripts/player/player_controller.gd:330)
ERROR: Basis [X: (1.0, 0.0, 0.0), Y: (0.0, 0.99999, 0.0), Z: (0.0, 0.0, 0.99999)] must be normalized in order to be casted to a Quaternion. Use get_rotation_quaternion() or call orthonormalized() if the Basis contains linearly independent vectors.
   at: get_quaternion (core/math/basis.cpp:717)
   GDScript backtrace (most recent call first):
       [0] _carry_service_light (res://scripts/player/player_controller.gd:430)
       [1] _process (res://scripts/player/player_controller.gd:330)
ERROR: Basis [X: (0.979475, 0.095689, 0.177403), Y: (-0.023009, 0.927447, -0.373219), Z: (-0.200248, 0.361477, 0.910613)] must be normalized in order to be casted to a Quaternion. Use get_rotation_quaternion() or call orthonormalized() if the Basis contains linearly independent vectors.
   at: get_quaternion (core/math/basis.cpp:717)
   GDScript backtrace (most recent call first):
       [0] _carry_service_light (res://scripts/player/player_controller.gd:430)
       [1] _process (res://scripts/player/player_controller.gd:330)
ERROR: Basis [X: (1.0, 0.0, 0.0), Y: (0.0, 0.99999, 0.0), Z: (0.0, 0.0, 0.99999)] must be normalized in order to be casted to a Quaternion. Use get_rotation_quaternion() or call orthonormalized() if the Basis contains linearly independent vectors.
   at: get_quaternion (core/math/basis.cpp:717)
   GDScript backtrace (most recent call first):
       [0] _carry_service_light (res://scripts/player/player_controller.gd:430)
       [1] _process (res://scripts/player/player_controller.gd:330)
ERROR: Basis [X: (0.979503, 0.095614, 0.177288), Y: (-0.022982, 0.92745, -0.373215), Z: (-0.200114, 0.361491, 0.910637)] must be normalized in order to be casted to a Quaternion. Use get_rotation_quaternion() or call orthonormalized() if the Basis contains linearly independent vectors.
   at: get_quaternion (core/math/basis.cpp:717)
   GDScript backtrace (most recent call first):
       [0] _carry_service_light (res://scripts/player/player_controller.gd:430)
       [1] _process (res://scripts/player/player_controller.gd:330)
ERROR: Basis [X: (1.0, 0.0, 0.0), Y: (0.0, 0.99999, 0.0), Z: (0.0, 0.0, 0.99999)] must be normalized in order to be casted to a Quaternion. Use get_rotation_quaternion() or call orthonormalized() if the Basis contains linearly independent vectors.
   at: get_quaternion (core/math/basis.cpp:717)
   GDScript backtrace (most recent call first):
       [0] _carry_service_light (res://scripts/player/player_controller.gd:430)
       [1] _process (res://scripts/player/player_controller.gd:330)
ERROR: Basis [X: (0.979527, 0.095541, 0.177196), Y: (-0.022949, 0.927454, -0.373205), Z: (-0.200001, 0.361498, 0.910659)] must be normalized in order to be casted to a Quaternion. Use get_rotation_quaternion() or call orthonormalized() if the Basis contains linearly independent vectors.
   at: get_quaternion (core/math/basis.cpp:717)
   GDScript backtrace (most recent call first):
       [0] _carry_service_light (res://scripts/player/player_controller.gd:430)
       [1] _process (res://scripts/player/player_controller.gd:330)
ERROR: Basis [X: (1.0, 0.0, 0.0), Y: (0.0, 0.99999, 0.0), Z: (0.0, 0.0, 0.99999)] must be normalized in order to be casted to a Quaternion. Use get_rotation_quaternion() or call orthonormalized() if the Basis contains linearly independent vectors.
   at: get_quaternion (core/math/basis.cpp:717)
   GDScript backtrace (most recent call first):
       [0] _carry_service_light (res://scripts/player/player_controller.gd:430)
       [1] _process (res://scripts/player/player_controller.gd:330)
ERROR: Basis [X: (0.979547, 0.095469, 0.177125), Y: (-0.022911, 0.927462, -0.37319), Z: (-0.199909, 0.361499, 0.910679)] must be normalized in order to be casted to a Quaternion. Use get_rotation_quaternion() or call orthonormalized() if the Basis contains linearly independent vectors.
   at: get_quaternion (core/math/basis.cpp:717)
   GDScript backtrace (most recent call first):
       [0] _carry_service_light (res://scripts/player/player_controller.gd:430)
       [1] _process (res://scripts/player/player_controller.gd:330)
ERROR: Basis [X: (1.0, 0.0, 0.0), Y: (0.0, 0.99999, 0.0), Z: (0.0, 0.0, 0.99999)] must be normalized in order to be casted to a Quaternion. Use get_rotation_quaternion() or call orthonormalized() if the Basis contains linearly independent vectors.
   at: get_quaternion (core/math/basis.cpp:717)
   GDScript backtrace (most recent call first):
       [0] _carry_service_light (res://scripts/player/player_controller.gd:430)
       [1] _process (res://scripts/player/player_controller.gd:330)
ERROR: Basis [X: (0.979563, 0.095398, 0.177074), Y: (-0.022868, 0.927471, -0.37317), Z: (-0.199834, 0.361494, 0.910697)] must be normalized in order to be casted to a Quaternion. Use get_rotation_quaternion() or call orthonormalized() if the Basis contains linearly independent vectors.
   at: get_quaternion (core/math/basis.cpp:717)
   GDScript backtrace (most recent call first):
       [0] _carry_service_light (res://scripts/player/player_controller.gd:430)
       [1] _process (res://scripts/player/player_controller.gd:330)
ERROR: Basis [X: (1.0, 0.0, 0.0), Y: (0.0, 0.99999, 0.0), Z: (0.0, 0.0, 0.99999)] must be normalized in order to be casted to a Quaternion. Use get_rotation_quaternion() or call orthonormalized() if the Basis contains linearly independent vectors.
   at: get_quaternion (core/math/basis.cpp:717)
   GDScript backtrace (most recent call first):
       [0] _carry_service_light (res://scripts/player/player_controller.gd:430)
       [1] _process (res://scripts/player/player_controller.gd:330)
ERROR: Basis [X: (0.979576, 0.095328, 0.177039), Y: (-0.02282, 0.927481, -0.373147), Z: (-0.199775, 0.361485, 0.910714)] must be normalized in order to be casted to a Quaternion. Use get_rotation_quaternion() or call orthonormalized() if the Basis contains linearly independent vectors.
   at: get_quaternion (core/math/basis.cpp:717)
   GDScript backtrace (most recent call first):
       [0] _carry_service_light (res://scripts/player/player_controller.gd:430)
       [1] _process (res://scripts/player/player_controller.gd:330)
ERROR: Basis [X: (1.0, 0.0, 0.0), Y: (0.0, 0.99999, 0.0), Z: (0.0, 0.0, 0.99999)] must be normalized in order to be casted to a Quaternion. Use get_rotation_quaternion() or call orthonormalized() if the Basis contains linearly independent vectors.
   at: get_quaternion (core/math/basis.cpp:717)
   GDScript backtrace (most recent call first):
       [0] _carry_service_light (res://scripts/player/player_controller.gd:430)
       [1] _process (res://scripts/player/player_controller.gd:330)
ERROR: Basis [X: (0.979586, 0.09526, 0.177019), Y: (-0.022769, 0.927494, -0.373119), Z: (-0.199731, 0.361472, 0.910729)] must be normalized in order to be casted to a Quaternion. Use get_rotation_quaternion() or call orthonormalized() if the Basis contains linearly independent vectors.
   at: get_quaternion (core/math/basis.cpp:717)
   GDScript backtrace (most recent call first):
       [0] _carry_service_light (res://scripts/player/player_controller.gd:430)
       [1] _process (res://scripts/player/player_controller.gd:330)
ERROR: Basis [X: (1.0, 0.0, 0.0), Y: (0.0, 0.99999, 0.0), Z: (0.0, 0.0, 0.99999)] must be normalized in order to be casted to a Quaternion. Use get_rotation_quaternion() or call orthonormalized() if the Basis contains linearly independent vectors.
   at: get_quaternion (core/math/basis.cpp:717)
   GDScript backtrace (most recent call first):
       [0] _carry_service_light (res://scripts/player/player_controller.gd:430)
       [1] _process (res://scripts/player/player_controller.gd:330)
ERROR: Basis [X: (0.979594, 0.095192, 0.177013), Y: (-0.022713, 0.927507, -0.373089), Z: (-0.1997, 0.361455, 0.910742)] must be normalized in order to be casted to a Quaternion. Use get_rotation_quaternion() or call orthonormalized() if the Basis contains linearly independent vectors.
   at: get_quaternion (core/math/basis.cpp:717)
   GDScript backtrace (most recent call first):
       [0] _carry_service_light (res://scripts/player/player_controller.gd:430)
       [1] _process (res://scripts/player/player_controller.gd:330)
ERROR: Basis [X: (1.0, 0.0, 0.0), Y: (0.0, 0.99999, 0.0), Z: (0.0, 0.0, 0.99999)] must be normalized in order to be casted to a Quaternion. Use get_rotation_quaternion() or call orthonormalized() if the Basis contains linearly independent vectors.
   at: get_quaternion (core/math/basis.cpp:717)
   GDScript backtrace (most recent call first):
       [0] _carry_service_light (res://scripts/player/player_controller.gd:430)
       [1] _process (res://scripts/player/player_controller.gd:330)
ERROR: Basis [X: (0.979599, 0.095125, 0.17702), Y: (-0.022655, 0.927522, -0.373056), Z: (-0.199681, 0.361435, 0.910754)] must be normalized in order to be casted to a Quaternion. Use get_rotation_quaternion() or call orthonormalized() if the Basis contains linearly independent vectors.
   at: get_quaternion (core/math/basis.cpp:717)
   GDScript backtrace (most recent call first):
       [0] _carry_service_light (res://scripts/player/player_controller.gd:430)
       [1] _process (res://scripts/player/player_controller.gd:330)
ERROR: Basis [X: (1.0, 0.0, 0.0), Y: (0.0, 0.99999, 0.0), Z: (0.0, 0.0, 0.99999)] must be normalized in order to be casted to a Quaternion. Use get_rotation_quaternion() or call orthonormalized() if the Basis contains linearly independent vectors.
   at: get_quaternion (core/math/basis.cpp:717)
   GDScript backtrace (most recent call first):
       [0] _carry_service_light (res://scripts/player/player_controller.gd:430)
       [1] _process (res://scripts/player/player_controller.gd:330)
ERROR: Basis [X: (0.979602, 0.095058, 0.177037), Y: (-0.022593, 0.927537, -0.373021), Z: (-0.199671, 0.361413, 0.910765)] must be normalized in order to be casted to a Quaternion. Use get_rotation_quaternion() or call orthonormalized() if the Basis contains linearly independent vectors.
   at: get_quaternion (core/math/basis.cpp:717)
   GDScript backtrace (most recent call first):
       [0] _carry_service_light (res://scripts/player/player_controller.gd:430)
       [1] _process (res://scripts/player/player_controller.gd:330)
ERROR: Basis [X: (1.0, 0.0, 0.0), Y: (0.0, 0.99999, 0.0), Z: (0.0, 0.0, 0.99999)] must be normalized in order to be casted to a Quaternion. Use get_rotation_quaternion() or call orthonormalized() if the Basis contains linearly independent vectors.
   at: get_quaternion (core/math/basis.cpp:717)
   GDScript backtrace (most recent call first):
       [0] _carry_service_light (res://scripts/player/player_controller.gd:430)
       [1] _process (res://scripts/player/player_controller.gd:330)
ERROR: Basis [X: (0.979604, 0.094993, 0.177065), Y: (-0.022528, 0.927554, -0.372985), Z: (-0.199672, 0.361388, 0.910775)] must be normalized in order to be casted to a Quaternion. Use get_rotation_quaternion() or call orthonormalized() if the Basis contains linearly independent vectors.
   at: get_quaternion (core/math/basis.cpp:717)
   GDScript backtrace (most recent call first):
       [0] _carry_service_light (res://scripts/player/player_controller.gd:430)
       [1] _process (res://scripts/player/player_controller.gd:330)
ERROR: Basis [X: (1.0, 0.0, 0.0), Y: (0.0, 0.99999, 0.0), Z: (0.0, 0.0, 0.99999)] must be normalized in order to be casted to a Quaternion. Use get_rotation_quaternion() or call orthonormalized() if the Basis contains linearly independent vectors.
   at: get_quaternion (core/math/basis.cpp:717)
   GDScript backtrace (most recent call first):
       [0] _carry_service_light (res://scripts/player/player_controller.gd:430)
       [1] _process (res://scripts/player/player_controller.gd:330)
ERROR: Basis [X: (0.979604, 0.09452, 0.177319), Y: (-0.022461, 0.928426, -0.370812), Z: (-0.19968, 0.359266, 0.911612)] must be normalized in order to be casted to a Quaternion. Use get_rotation_quaternion() or call orthonormalized() if the Basis contains linearly independent vectors.
   at: get_quaternion (core/math/basis.cpp:717)
   GDScript backtrace (most recent call first):
       [0] _carry_service_light (res://scripts/player/player_controller.gd:430)
       [1] _process (res://scripts/player/player_controller.gd:330)
ERROR: Basis [X: (1.0, 0.0, 0.0), Y: (0.0, 0.99999, 0.0), Z: (0.0, 0.0, 0.99999)] must be normalized in order to be casted to a Quaternion. Use get_rotation_quaternion() or call orthonormalized() if the Basis contains linearly independent vectors.
   at: get_quaternion (core/math/basis.cpp:717)
   GDScript backtrace (most recent call first):
       [0] _carry_service_light (res://scripts/player/player_controller.gd:430)
       [1] _process (res://scripts/player/player_controller.gd:330)
ERROR: Basis [X: (0.979598, 0.094462, 0.177381), Y: (-0.022436, 0.928522, -0.370573), Z: (-0.199711, 0.359033, 0.911698)] must be normalized in order to be casted to a Quaternion. Use get_rotation_quaternion() or call orthonormalized() if the Basis contains linearly independent vectors.
   at: get_quaternion (core/math/basis.cpp:717)
   GDScript backtrace (most recent call first):
       [0] _carry_service_light (res://scripts/player/player_controller.gd:430)
       [1] _process (res://scripts/player/player_controller.gd:330)
ERROR: Basis [X: (1.0, 0.0, 0.0), Y: (0.0, 0.99999, 0.0), Z: (0.0, 0.0, 0.99999)] must be normalized in order to be casted to a Quaternion. Use get_rotation_quaternion() or call orthonormalized() if the Basis contains linearly independent vectors.
   at: get_quaternion (core/math/basis.cpp:717)
   GDScript backtrace (most recent call first):
       [0] _carry_service_light (res://scripts/player/player_controller.gd:430)
       [1] _process (res://scripts/player/player_controller.gd:330)
ERROR: Basis [X: (0.979647, 0.09438, 0.177153), Y: (-0.022449, 0.928532, -0.370546), Z: (-0.199469, 0.359027, 0.911753)] must be normalized in order to be casted to a Quaternion. Use get_rotation_quaternion() or call orthonormalized() if the Basis contains linearly independent vectors.
   at: get_quaternion (core/math/basis.cpp:717)
   GDScript backtrace (most recent call first):
       [0] _carry_service_light (res://scripts/player/player_controller.gd:430)
       [1] _process (res://scripts/player/player_controller.gd:330)
ERROR: Basis [X: (1.0, 0.0, 0.0), Y: (0.0, 0.99999, 0.0), Z: (0.0, 0.0, 0.99999)] must be normalized in order to be casted to a Quaternion. Use get_rotation_quaternion() or call orthonormalized() if the Basis contains linearly independent vectors.
   at: get_quaternion (core/math/basis.cpp:717)
   GDScript backtrace (most recent call first):
       [0] _carry_service_light (res://scripts/player/player_controller.gd:430)
       [1] _process (res://scripts/player/player_controller.gd:330)
ERROR: Basis [X: (0.97969, 0.093893, 0.177177), Y: (-0.022452, 0.929394, -0.36838), Z: (-0.199259, 0.35692, 0.912625)] must be normalized in order to be casted to a Quaternion. Use get_rotation_quaternion() or call orthonormalized() if the Basis contains linearly independent vectors.
   at: get_quaternion (core/math/basis.cpp:717)
   GDScript backtrace (most recent call first):
       [0] _carry_service_light (res://scripts/player/player_controller.gd:430)
       [1] _process (res://scripts/player/player_controller.gd:330)
ERROR: Basis [X: (1.0, 0.0, 0.0), Y: (0.0, 0.99999, 0.0), Z: (0.0, 0.0, 0.99999)] must be normalized in order to be casted to a Quaternion. Use get_rotation_quaternion() or call orthonormalized() if the Basis contains linearly independent vectors.
   at: get_quaternion (core/math/basis.cpp:717)
   GDScript backtrace (most recent call first):
       [0] _carry_service_light (res://scripts/player/player_controller.gd:430)
       [1] _process (res://scripts/player/player_controller.gd:330)
ERROR: Basis [X: (0.979671, 0.093839, 0.177309), Y: (-0.0224, 0.929484, -0.368156), Z: (-0.199357, 0.3567, 0.91269)] must be normalized in order to be casted to a Quaternion. Use get_rotation_quaternion() or call orthonormalized() if the Basis contains linearly independent vectors.
   at: get_quaternion (core/math/basis.cpp:717)
   GDScript backtrace (most recent call first):
       [0] _carry_service_light (res://scripts/player/player_controller.gd:430)
       [1] _process (res://scripts/player/player_controller.gd:330)
ERROR: Basis [X: (1.0, 0.0, 0.0), Y: (0.0, 0.99999, 0.0), Z: (0.0, 0.0, 0.99999)] must be normalized in order to be casted to a Quaternion. Use get_rotation_quaternion() or call orthonormalized() if the Basis contains linearly independent vectors.
   at: get_quaternion (core/math/basis.cpp:717)
   GDScript backtrace (most recent call first):
       [0] _carry_service_light (res://scripts/player/player_controller.gd:430)
       [1] _process (res://scripts/player/player_controller.gd:330)
ERROR: Basis [X: (0.97976, 0.093745, 0.176868), Y: (-0.022479, 0.929489, -0.368136), Z: (-0.198912, 0.356709, 0.912783)] must be normalized in order to be casted to a Quaternion. Use get_rotation_quaternion() or call orthonormalized() if the Basis contains linearly independent vectors.
   at: get_quaternion (core/math/basis.cpp:717)
   GDScript backtrace (most recent call first):
       [0] _carry_service_light (res://scripts/player/player_controller.gd:430)
       [1] _process (res://scripts/player/player_controller.gd:330)
ERROR: Basis [X: (1.0, 0.0, 0.0), Y: (0.0, 0.99999, 0.0), Z: (0.0, 0.0, 0.99999)] must be normalized in order to be casted to a Quaternion. Use get_rotation_quaternion() or call orthonormalized() if the Basis contains linearly independent vectors.
   at: get_quaternion (core/math/basis.cpp:717)
   GDScript backtrace (most recent call first):
       [0] _carry_service_light (res://scripts/player/player_controller.gd:430)
       [1] _process (res://scripts/player/player_controller.gd:330)
ERROR: Basis [X: (0.979889, 0.093232, 0.176421), Y: (-0.022629, 0.930341, -0.36597), Z: (-0.198256, 0.354617, 0.913741)] must be normalized in order to be casted to a Quaternion. Use get_rotation_quaternion() or call orthonormalized() if the Basis contains linearly independent vectors.
   at: get_quaternion (core/math/basis.cpp:717)
   GDScript backtrace (most recent call first):
       [0] _carry_service_light (res://scripts/player/player_controller.gd:430)
       [1] _process (res://scripts/player/player_controller.gd:330)
ERROR: Basis [X: (1.0, 0.0, 0.0), Y: (0.0, 0.99999, 0.0), Z: (0.0, 0.0, 0.99999)] must be normalized in order to be casted to a Quaternion. Use get_rotation_quaternion() or call orthonormalized() if the Basis contains linearly independent vectors.
   at: get_quaternion (core/math/basis.cpp:717)
   GDScript backtrace (most recent call first):
       [0] _carry_service_light (res://scripts/player/player_controller.gd:430)
       [1] _process (res://scripts/player/player_controller.gd:330)
ERROR: Basis [X: (0.980102, 0.093108, 0.1753), Y: (-0.022976, 0.930428, -0.365727), Z: (-0.19716, 0.354422, 0.914053)] must be normalized in order to be casted to a Quaternion. Use get_rotation_quaternion() or call orthonormalized() if the Basis contains linearly independent vectors.
   at: get_quaternion (core/math/basis.cpp:717)
   GDScript backtrace (most recent call first):
       [0] _carry_service_light (res://scripts/player/player_controller.gd:430)
       [1] _process (res://scripts/player/player_controller.gd:330)
ERROR: Basis [X: (1.0, 0.0, 0.0), Y: (0.0, 0.99999, 0.0), Z: (0.0, 0.0, 0.99999)] must be normalized in order to be casted to a Quaternion. Use get_rotation_quaternion() or call orthonormalized() if the Basis contains linearly independent vectors.
   at: get_quaternion (core/math/basis.cpp:717)
   GDScript backtrace (most recent call first):
       [0] _carry_service_light (res://scripts/player/player_controller.gd:430)
       [1] _process (res://scripts/player/player_controller.gd:330)
ERROR: Basis [X: (0.980244, 0.092596, 0.174775), Y: (-0.023147, 0.931269, -0.36357), Z: (-0.196432, 0.352342, 0.915014)] must be normalized in order to be casted to a Quaternion. Use get_rotation_quaternion() or call orthonormalized() if the Basis contains linearly independent vectors.
   at: get_quaternion (core/math/basis.cpp:717)
   GDScript backtrace (most recent call first):
       [0] _carry_service_light (res://scripts/player/player_controller.gd:430)
       [1] _process (res://scripts/player/player_controller.gd:330)
ERROR: Basis [X: (1.0, 0.0, 0.0), Y: (0.0, 0.99999, 0.0), Z: (0.0, 0.0, 0.99999)] must be normalized in order to be casted to a Quaternion. Use get_rotation_quaternion() or call orthonormalized() if the Basis contains linearly independent vectors.
   at: get_quaternion (core/math/basis.cpp:717)
   GDScript backtrace (most recent call first):
       [0] _carry_service_light (res://scripts/player/player_controller.gd:430)
       [1] _process (res://scripts/player/player_controller.gd:330)
ERROR: Basis [X: (0.980367, 0.092099, 0.174352), Y: (-0.023334, 0.932182, -0.361208), Z: (-0.195798, 0.350048, 0.91603)] must be normalized in order to be casted to a Quaternion. Use get_rotation_quaternion() or call orthonormalized() if the Basis contains linearly independent vectors.
   at: get_quaternion (core/math/basis.cpp:717)
   GDScript backtrace (most recent call first):
       [0] _carry_service_light (res://scripts/player/player_controller.gd:430)
       [1] _process (res://scripts/player/player_controller.gd:330)
ERROR: Basis [X: (1.0, 0.0, 0.0), Y: (0.0, 0.99999, 0.0), Z: (0.0, 0.0, 0.99999)] must be normalized in order to be casted to a Quaternion. Use get_rotation_quaternion() or call orthonormalized() if the Basis contains linearly independent vectors.
   at: get_quaternion (core/math/basis.cpp:717)
   GDScript backtrace (most recent call first):
       [0] _carry_service_light (res://scripts/player/player_controller.gd:430)
       [1] _process (res://scripts/player/player_controller.gd:330)
ERROR: Basis [X: (0.980424, 0.092021, 0.174067), Y: (-0.023405, 0.932256, -0.361014), Z: (-0.195499, 0.349872, 0.91616)] must be normalized in order to be casted to a Quaternion. Use get_rotation_quaternion() or call orthonormalized() if the Basis contains linearly independent vectors.
   at: get_quaternion (core/math/basis.cpp:717)
   GDScript backtrace (most recent call first):
       [0] _carry_service_light (res://scripts/player/player_controller.gd:430)
       [1] _process (res://scripts/player/player_controller.gd:330)
ERROR: Basis [X: (1.0, 0.0, 0.0), Y: (0.0, 0.99999, 0.0), Z: (0.0, 0.0, 0.99999)] must be normalized in order to be casted to a Quaternion. Use get_rotation_quaternion() or call orthonormalized() if the Basis contains linearly independent vectors.
   at: get_quaternion (core/math/basis.cpp:717)
   GDScript backtrace (most recent call first):
       [0] _carry_service_light (res://scripts/player/player_controller.gd:430)
       [1] _process (res://scripts/player/player_controller.gd:330)
ERROR: Basis [X: (0.980429, 0.091952, 0.174081), Y: (-0.023328, 0.932247, -0.361042), Z: (-0.195488, 0.349915, 0.916146)] must be normalized in order to be casted to a Quaternion. Use get_rotation_quaternion() or call orthonormalized() if the Basis contains linearly independent vectors.
   at: get_quaternion (core/math/basis.cpp:717)
   GDScript backtrace (most recent call first):
       [0] _carry_service_light (res://scripts/player/player_controller.gd:430)
       [1] _process (res://scripts/player/player_controller.gd:330)
ERROR: Basis [X: (1.0, 0.0, 0.0), Y: (0.0, 0.99999, 0.0), Z: (0.0, 0.0, 0.99999)] must be normalized in order to be casted to a Quaternion. Use get_rotation_quaternion() or call orthonormalized() if the Basis contains linearly independent vectors.
   at: get_quaternion (core/math/basis.cpp:717)
   GDScript backtrace (most recent call first):
       [0] _carry_service_light (res://scripts/player/player_controller.gd:430)
       [1] _process (res://scripts/player/player_controller.gd:330)
ERROR: Basis [X: (0.980481, 0.091869, 0.173827), Y: (-0.023339, 0.93224, -0.361058), Z: (-0.195223, 0.349954, 0.916188)] must be normalized in order to be casted to a Quaternion. Use get_rotation_quaternion() or call orthonormalized() if the Basis contains linearly independent vectors.
   at: get_quaternion (core/math/basis.cpp:717)
   GDScript backtrace (most recent call first):
       [0] _carry_service_light (res://scripts/player/player_controller.gd:430)
       [1] _process (res://scripts/player/player_controller.gd:330)
ERROR: Basis [X: (1.0, 0.0, 0.0), Y: (0.0, 0.99999, 0.0), Z: (0.0, 0.0, 0.99999)] must be normalized in order to be casted to a Quaternion. Use get_rotation_quaternion() or call orthonormalized() if the Basis contains linearly independent vectors.
   at: get_quaternion (core/math/basis.cpp:717)
   GDScript backtrace (most recent call first):
       [0] _carry_service_light (res://scripts/player/player_controller.gd:430)
       [1] _process (res://scripts/player/player_controller.gd:330)
ERROR: Basis [X: (0.980577, 0.091775, 0.173333), Y: (-0.023427, 0.932236, -0.361062), Z: (-0.194728, 0.349989, 0.91628)] must be normalized in order to be casted to a Quaternion. Use get_rotation_quaternion() or call orthonormalized() if the Basis contains linearly independent vectors.
   at: get_quaternion (core/math/basis.cpp:717)
   GDScript backtrace (most recent call first):
       [0] _carry_service_light (res://scripts/player/player_controller.gd:430)
       [1] _process (res://scripts/player/player_controller.gd:330)
ERROR: Basis [X: (1.0, 0.0, 0.0), Y: (0.0, 0.99999, 0.0), Z: (0.0, 0.0, 0.99999)] must be normalized in order to be casted to a Quaternion. Use get_rotation_quaternion() or call orthonormalized() if the Basis contains linearly independent vectors.
   at: get_quaternion (core/math/basis.cpp:717)
   GDScript backtrace (most recent call first):
       [0] _carry_service_light (res://scripts/player/player_controller.gd:430)
       [1] _process (res://scripts/player/player_controller.gd:330)
ERROR: Basis [X: (0.980663, 0.091683, 0.1729), Y: (-0.023498, 0.932234, -0.361063), Z: (-0.19429, 0.350018, 0.916362)] must be normalized in order to be casted to a Quaternion. Use get_rotation_quaternion() or call orthonormalized() if the Basis contains linearly independent vectors.
   at: get_quaternion (core/math/basis.cpp:717)
   GDScript backtrace (most recent call first):
       [0] _carry_service_light (res://scripts/player/player_controller.gd:430)
       [1] _process (res://scripts/player/player_controller.gd:330)
ERROR: Basis [X: (1.0, 0.0, 0.0), Y: (0.0, 0.99999, 0.0), Z: (0.0, 0.0, 0.99999)] must be normalized in order to be casted to a Quaternion. Use get_rotation_quaternion() or call orthonormalized() if the Basis contains linearly independent vectors.
   at: get_quaternion (core/math/basis.cpp:717)
   GDScript backtrace (most recent call first):
       [0] _carry_service_light (res://scripts/player/player_controller.gd:430)
       [1] _process (res://scripts/player/player_controller.gd:330)
ERROR: Basis [X: (0.980688, 0.091609, 0.172797), Y: (-0.023464, 0.932234, -0.361067), Z: (-0.194168, 0.350039, 0.916379)] must be normalized in order to be casted to a Quaternion. Use get_rotation_quaternion() or call orthonormalized() if the Basis contains linearly independent vectors.
   at: get_quaternion (core/math/basis.cpp:717)
   GDScript backtrace (most recent call first):
       [0] _carry_service_light (res://scripts/player/player_controller.gd:430)
       [1] _process (res://scripts/player/player_controller.gd:330)
ERROR: Basis [X: (1.0, 0.0, 0.0), Y: (0.0, 0.99999, 0.0), Z: (0.0, 0.0, 0.99999)] must be normalized in order to be casted to a Quaternion. Use get_rotation_quaternion() or call orthonormalized() if the Basis contains linearly independent vectors.
   at: get_quaternion (core/math/basis.cpp:717)
   GDScript backtrace (most recent call first):
       [0] _carry_service_light (res://scripts/player/player_controller.gd:430)
       [1] _process (res://scripts/player/player_controller.gd:330)
ERROR: Basis [X: (0.980759, 0.091522, 0.172438), Y: (-0.023512, 0.932234, -0.361061), Z: (-0.193802, 0.350059, 0.916449)] must be normalized in order to be casted to a Quaternion. Use get_rotation_quaternion() or call orthonormalized() if the Basis contains linearly independent vectors.
   at: get_quaternion (core/math/basis.cpp:717)
   GDScript backtrace (most recent call first):
       [0] _carry_service_light (res://scripts/player/player_controller.gd:430)
       [1] _process (res://scripts/player/player_controller.gd:330)
ERROR: Basis [X: (1.0, 0.0, 0.0), Y: (0.0, 0.99999, 0.0), Z: (0.0, 0.0, 0.99999)] must be normalized in order to be casted to a Quaternion. Use get_rotation_quaternion() or call orthonormalized() if the Basis contains linearly independent vectors.
   at: get_quaternion (core/math/basis.cpp:717)
   GDScript backtrace (most recent call first):
       [0] _carry_service_light (res://scripts/player/player_controller.gd:430)
       [1] _process (res://scripts/player/player_controller.gd:330)
ERROR: Basis [X: (0.980871, 0.091423, 0.171849), Y: (-0.023635, 0.932237, -0.361046), Z: (-0.193216, 0.350078, 0.916565)] must be normalized in order to be casted to a Quaternion. Use get_rotation_quaternion() or call orthonormalized() if the Basis contains linearly independent vectors.
   at: get_quaternion (core/math/basis.cpp:717)
   GDScript backtrace (most recent call first):
       [0] _carry_service_light (res://scripts/player/player_controller.gd:430)
       [1] _process (res://scripts/player/player_controller.gd:330)
ERROR: Basis [X: (1.0, 0.0, 0.0), Y: (0.0, 0.999989, 0.0), Z: (0.0, 0.0, 0.999989)] must be normalized in order to be casted to a Quaternion. Use get_rotation_quaternion() or call orthonormalized() if the Basis contains linearly independent vectors.
   at: get_quaternion (core/math/basis.cpp:717)
   GDScript backtrace (most recent call first):
       [0] _carry_service_light (res://scripts/player/player_controller.gd:430)
       [1] _process (res://scripts/player/player_controller.gd:330)
ERROR: Basis [X: (0.980872, 0.091356, 0.171884), Y: (-0.02356, 0.93224, -0.361044), Z: (-0.193224, 0.350088, 0.91656)] must be normalized in order to be casted to a Quaternion. Use get_rotation_quaternion() or call orthonormalized() if the Basis contains linearly independent vectors.
   at: get_quaternion (core/math/basis.cpp:717)
   GDScript backtrace (most recent call first):
       [0] _carry_service_light (res://scripts/player/player_controller.gd:430)
       [1] _process (res://scripts/player/player_controller.gd:330)
ERROR: Basis [X: (1.0, 0.0, 0.0), Y: (0.0, 0.999989, 0.0), Z: (0.0, 0.0, 0.999989)] must be normalized in order to be casted to a Quaternion. Use get_rotation_quaternion() or call orthonormalized() if the Basis contains linearly independent vectors.
   at: get_quaternion (core/math/basis.cpp:717)
   GDScript backtrace (most recent call first):
       [0] _carry_service_light (res://scripts/player/player_controller.gd:430)
       [1] _process (res://scripts/player/player_controller.gd:330)
ERROR: Basis [X: (0.98092, 0.091276, 0.171648), Y: (-0.023571, 0.932244, -0.361032), Z: (-0.192976, 0.350098, 0.916609)] must be normalized in order to be casted to a Quaternion. Use get_rotation_quaternion() or call orthonormalized() if the Basis contains linearly independent vectors.
   at: get_quaternion (core/math/basis.cpp:717)
   GDScript backtrace (most recent call first):
       [0] _carry_service_light (res://scripts/player/player_controller.gd:430)
       [1] _process (res://scripts/player/player_controller.gd:330)
ERROR: Basis [X: (1.0, 0.0, 0.0), Y: (0.0, 0.999989, 0.0), Z: (0.0, 0.0, 0.999989)] must be normalized in order to be casted to a Quaternion. Use get_rotation_quaternion() or call orthonormalized() if the Basis contains linearly independent vectors.
   at: get_quaternion (core/math/basis.cpp:717)
   GDScript backtrace (most recent call first):
       [0] _carry_service_light (res://scripts/player/player_controller.gd:430)
       [1] _process (res://scripts/player/player_controller.gd:330)
ERROR: Basis [X: (0.980963, 0.090802, 0.171656), Y: (-0.023572, 0.933077, -0.358875), Z: (-0.192759, 0.347996, 0.917454)] must be normalized in order to be casted to a Quaternion. Use get_rotation_quaternion() or call orthonormalized() if the Basis contains linearly independent vectors.
   at: get_quaternion (core/math/basis.cpp:717)
   GDScript backtrace (most recent call first):
       [0] _carry_service_light (res://scripts/player/player_controller.gd:430)
       [1] _process (res://scripts/player/player_controller.gd:330)
ERROR: Basis [X: (1.0, 0.0, 0.0), Y: (0.0, 0.999989, 0.0), Z: (0.0, 0.0, 0.999989)] must be normalized in order to be casted to a Quaternion. Use get_rotation_quaternion() or call orthonormalized() if the Basis contains linearly independent vectors.
   at: get_quaternion (core/math/basis.cpp:717)
   GDScript backtrace (most recent call first):
       [0] _carry_service_light (res://scripts/player/player_controller.gd:430)
       [1] _process (res://scripts/player/player_controller.gd:330)
ERROR: Basis [X: (0.981095, 0.090312, 0.171156), Y: (-0.023783, 0.933981, -0.3565), Z: (-0.192057, 0.34569, 0.918473)] must be normalized in order to be casted to a Quaternion. Use get_rotation_quaternion() or call orthonormalized() if the Basis contains linearly independent vectors.
   at: get_quaternion (core/math/basis.cpp:717)
   GDScript backtrace (most recent call first):
       [0] _carry_service_light (res://scripts/player/player_controller.gd:430)
       [1] _process (res://scripts/player/player_controller.gd:330)
ERROR: Basis [X: (1.0, 0.0, 0.0), Y: (0.0, 0.999989, 0.0), Z: (0.0, 0.0, 0.999989)] must be normalized in order to be casted to a Quaternion. Use get_rotation_quaternion() or call orthonormalized() if the Basis contains linearly independent vectors.
   at: get_quaternion (core/math/basis.cpp:717)
   GDScript backtrace (most recent call first):
       [0] _carry_service_light (res://scripts/player/player_controller.gd:430)
       [1] _process (res://scripts/player/player_controller.gd:330)
ERROR: Basis [X: (0.981262, 0.089423, 0.170666), Y: (-0.024051, 0.935685, -0.351985), Z: (-0.191169, 0.341285, 0.920303)] must be normalized in order to be casted to a Quaternion. Use get_rotation_quaternion() or call orthonormalized() if the Basis contains linearly independent vectors.
   at: get_quaternion (core/math/basis.cpp:717)
   GDScript backtrace (most recent call first):
       [0] _carry_service_light (res://scripts/player/player_controller.gd:430)
       [1] _process (res://scripts/player/player_controller.gd:330)
ERROR: Basis [X: (1.0, 0.0, 0.0), Y: (0.0, 0.999989, 0.0), Z: (0.0, 0.0, 0.999989)] must be normalized in order to be casted to a Quaternion. Use get_rotation_quaternion() or call orthonormalized() if the Basis contains linearly independent vectors.
   at: get_quaternion (core/math/basis.cpp:717)
   GDScript backtrace (most recent call first):
       [0] _carry_service_light (res://scripts/player/player_controller.gd:430)
       [1] _process (res://scripts/player/player_controller.gd:330)
ERROR: Basis [X: (0.981651, 0.088499, 0.168902), Y: (-0.024767, 0.937436, -0.347245), Z: (-0.189069, 0.33669, 0.922427)] must be normalized in order to be casted to a Quaternion. Use get_rotation_quaternion() or call orthonormalized() if the Basis contains linearly independent vectors.
   at: get_quaternion (core/math/basis.cpp:717)
   GDScript backtrace (most recent call first):
       [0] _carry_service_light (res://scripts/player/player_controller.gd:430)
       [1] _process (res://scripts/player/player_controller.gd:330)
ERROR: Basis [X: (1.0, 0.0, 0.0), Y: (0.0, 0.999989, 0.0), Z: (0.0, 0.0, 0.999989)] must be normalized in order to be casted to a Quaternion. Use get_rotation_quaternion() or call orthonormalized() if the Basis contains linearly independent vectors.
   at: get_quaternion (core/math/basis.cpp:717)
   GDScript backtrace (most recent call first):
       [0] _carry_service_light (res://scripts/player/player_controller.gd:430)
       [1] _process (res://scripts/player/player_controller.gd:330)
ERROR: Basis [X: (0.981851, 0.08724, 0.168393), Y: (-0.025136, 0.939934, -0.340397), Z: (-0.187978, 0.329987, 0.925069)] must be normalized in order to be casted to a Quaternion. Use get_rotation_quaternion() or call orthonormalized() if the Basis contains linearly independent vectors.
   at: get_quaternion (core/math/basis.cpp:717)
   GDScript backtrace (most recent call first):
       [0] _carry_service_light (res://scripts/player/player_controller.gd:430)
       [1] _process (res://scripts/player/player_controller.gd:330)
ERROR: Basis [X: (1.0, 0.0, 0.0), Y: (0.0, 0.999989, 0.0), Z: (0.0, 0.0, 0.999989)] must be normalized in order to be casted to a Quaternion. Use get_rotation_quaternion() or call orthonormalized() if the Basis contains linearly independent vectors.
   at: get_quaternion (core/math/basis.cpp:717)
   GDScript backtrace (most recent call first):
       [0] _carry_service_light (res://scripts/player/player_controller.gd:430)
       [1] _process (res://scripts/player/player_controller.gd:330)
ERROR: Basis [X: (0.982644, 0.086294, 0.164206), Y: (-0.026644, 0.941675, -0.335434), Z: (-0.183579, 0.325237, 0.927631)] must be normalized in order to be casted to a Quaternion. Use get_rotation_quaternion() or call orthonormalized() if the Basis contains linearly independent vectors.
   at: get_quaternion (core/math/basis.cpp:717)
   GDScript backtrace (most recent call first):
       [0] _carry_service_light (res://scripts/player/player_controller.gd:430)
       [1] _process (res://scripts/player/player_controller.gd:330)
ERROR: Basis [X: (1.0, 0.0, 0.0), Y: (0.0, 0.999989, 0.0), Z: (0.0, 0.0, 0.999989)] must be normalized in order to be casted to a Quaternion. Use get_rotation_quaternion() or call orthonormalized() if the Basis contains linearly independent vectors.
   at: get_quaternion (core/math/basis.cpp:717)
   GDScript backtrace (most recent call first):
       [0] _carry_service_light (res://scripts/player/player_controller.gd:430)
       [1] _process (res://scripts/player/player_controller.gd:330)
ERROR: Basis [X: (0.982925, 0.085068, 0.163159), Y: (-0.027156, 0.944059, -0.328622), Z: (-0.181991, 0.31858, 0.93025)] must be normalized in order to be casted to a Quaternion. Use get_rotation_quaternion() or call orthonormalized() if the Basis contains linearly independent vectors.
   at: get_quaternion (core/math/basis.cpp:717)
   GDScript backtrace (most recent call first):
       [0] _carry_service_light (res://scripts/player/player_controller.gd:430)
       [1] _process (res://scripts/player/player_controller.gd:330)
ERROR: Basis [X: (1.0, 0.0, 0.0), Y: (0.0, 0.999989, 0.0), Z: (0.0, 0.0, 0.999989)] must be normalized in order to be casted to a Quaternion. Use get_rotation_quaternion() or call orthonormalized() if the Basis contains linearly independent vectors.
   at: get_quaternion (core/math/basis.cpp:717)
   GDScript backtrace (most recent call first):
       [0] _carry_service_light (res://scripts/player/player_controller.gd:430)
       [1] _process (res://scripts/player/player_controller.gd:330)
ERROR: Basis [X: (0.983538, 0.08421, 0.159877), Y: (-0.028349, 0.945713, -0.32373), Z: (-0.178463, 0.313869, 0.932532)] must be normalized in order to be casted to a Quaternion. Use get_rotation_quaternion() or call orthonormalized() if the Basis contains linearly independent vectors.
   at: get_quaternion (core/math/basis.cpp:717)
   GDScript backtrace (most recent call first):
       [0] _carry_service_light (res://scripts/player/player_controller.gd:430)
       [1] _process (res://scripts/player/player_controller.gd:330)
ERROR: Basis [X: (1.0, 0.0, 0.0), Y: (0.0, 0.999989, 0.0), Z: (0.0, 0.0, 0.999989)] must be normalized in order to be casted to a Quaternion. Use get_rotation_quaternion() or call orthonormalized() if the Basis contains linearly independent vectors.
   at: get_quaternion (core/math/basis.cpp:717)
   GDScript backtrace (most recent call first):
       [0] _carry_service_light (res://scripts/player/player_controller.gd:430)
       [1] _process (res://scripts/player/player_controller.gd:330)
ERROR: Basis [X: (0.98354, 0.083043, 0.160477), Y: (-0.028319, 0.94799, -0.317003), Z: (-0.178459, 0.30724, 0.934738)] must be normalized in order to be casted to a Quaternion. Use get_rotation_quaternion() or call orthonormalized() if the Basis contains linearly independent vectors.
   at: get_quaternion (core/math/basis.cpp:717)
   GDScript backtrace (most recent call first):
       [0] _carry_service_light (res://scripts/player/player_controller.gd:430)
       [1] _process (res://scripts/player/player_controller.gd:330)
ERROR: Basis [X: (1.0, 0.0, 0.0), Y: (0.0, 0.999989, 0.0), Z: (0.0, 0.0, 0.999989)] must be normalized in order to be casted to a Quaternion. Use get_rotation_quaternion() or call orthonormalized() if the Basis contains linearly independent vectors.
   at: get_quaternion (core/math/basis.cpp:717)
   GDScript backtrace (most recent call first):
       [0] _carry_service_light (res://scripts/player/player_controller.gd:430)
       [1] _process (res://scripts/player/player_controller.gd:330)
ERROR: Basis [X: (0.983537, 0.081134, 0.161468), Y: (-0.028321, 0.951696, -0.305698), Z: (-0.178475, 0.296092, 0.938326)] must be normalized in order to be casted to a Quaternion. Use get_rotation_quaternion() or call orthonormalized() if the Basis contains linearly independent vectors.
   at: get_quaternion (core/math/basis.cpp:717)
   GDScript backtrace (most recent call first):
       [0] _carry_service_light (res://scripts/player/player_controller.gd:430)
       [1] _process (res://scripts/player/player_controller.gd:330)
ERROR: Basis [X: (1.0, 0.0, 0.0), Y: (0.0, 0.999989, 0.0), Z: (0.0, 0.0, 0.999989)] must be normalized in order to be casted to a Quaternion. Use get_rotation_quaternion() or call orthonormalized() if the Basis contains linearly independent vectors.
   at: get_quaternion (core/math/basis.cpp:717)
   GDScript backtrace (most recent call first):
       [0] _carry_service_light (res://scripts/player/player_controller.gd:430)
       [1] _process (res://scripts/player/player_controller.gd:330)
ERROR: Basis [X: (0.983708, 0.07887, 0.161546), Y: (-0.028742, 0.956053, -0.291745), Z: (-0.17746, 0.282348, 0.942744)] must be normalized in order to be casted to a Quaternion. Use get_rotation_quaternion() or call orthonormalized() if the Basis contains linearly independent vectors.
   at: get_quaternion (core/math/basis.cpp:717)
   GDScript backtrace (most recent call first):
       [0] _carry_service_light (res://scripts/player/player_controller.gd:430)
       [1] _process (res://scripts/player/player_controller.gd:330)
ERROR: Basis [X: (1.0, 0.0, 0.0), Y: (0.0, 0.999989, 0.0), Z: (0.0, 0.0, 0.999989)] must be normalized in order to be casted to a Quaternion. Use get_rotation_quaternion() or call orthonormalized() if the Basis contains linearly independent vectors.
   at: get_quaternion (core/math/basis.cpp:717)
   GDScript backtrace (most recent call first):
       [0] _carry_service_light (res://scripts/player/player_controller.gd:430)
       [1] _process (res://scripts/player/player_controller.gd:330)
ERROR: Basis [X: (0.983767, 0.077346, 0.161924), Y: (-0.028975, 0.958956, -0.282031), Z: (-0.177096, 0.272761, 0.945631)] must be normalized in order to be casted to a Quaternion. Use get_rotation_quaternion() or call orthonormalized() if the Basis contains linearly independent vectors.
   at: get_quaternion (core/math/basis.cpp:717)
   GDScript backtrace (most recent call first):
       [0] _carry_service_light (res://scripts/player/player_controller.gd:430)
       [1] _process (res://scripts/player/player_controller.gd:330)
ERROR: Basis [X: (1.0, 0.0, 0.0), Y: (0.0, 0.999989, 0.0), Z: (0.0, 0.0, 0.999989)] must be normalized in order to be casted to a Quaternion. Use get_rotation_quaternion() or call orthonormalized() if the Basis contains linearly independent vectors.
   at: get_quaternion (core/math/basis.cpp:717)
   GDScript backtrace (most recent call first):
       [0] _carry_service_light (res://scripts/player/player_controller.gd:430)
       [1] _process (res://scripts/player/player_controller.gd:330)
ERROR: Basis [X: (0.983508, 0.076492, 0.16389), Y: (-0.028488, 0.960358, -0.277272), Z: (-0.178606, 0.26803, 0.946699)] must be normalized in order to be casted to a Quaternion. Use get_rotation_quaternion() or call orthonormalized() if the Basis contains linearly independent vectors.
   at: get_quaternion (core/math/basis.cpp:717)
   GDScript backtrace (most recent call first):
       [0] _carry_service_light (res://scripts/player/player_controller.gd:430)
       [1] _process (res://scripts/player/player_controller.gd:330)
ERROR: Basis [X: (1.0, 0.0, 0.0), Y: (0.0, 0.999989, 0.0), Z: (0.0, 0.0, 0.999989)] must be normalized in order to be casted to a Quaternion. Use get_rotation_quaternion() or call orthonormalized() if the Basis contains linearly independent vectors.
   at: get_quaternion (core/math/basis.cpp:717)
   GDScript backtrace (most recent call first):
       [0] _carry_service_light (res://scripts/player/player_controller.gd:430)
       [1] _process (res://scripts/player/player_controller.gd:330)
ERROR: Basis [X: (0.983279, 0.075234, 0.165837), Y: (-0.027962, 0.962234, -0.270742), Z: (-0.179947, 0.261578, 0.948248)] must be normalized in order to be casted to a Quaternion. Use get_rotation_quaternion() or call orthonormalized() if the Basis contains linearly independent vectors.
   at: get_quaternion (core/math/basis.cpp:717)
   GDScript backtrace (most recent call first):
       [0] _carry_service_light (res://scripts/player/player_controller.gd:430)
       [1] _process (res://scripts/player/player_controller.gd:330)
ERROR: Basis [X: (1.0, 0.0, 0.0), Y: (0.0, 0.999989, 0.0), Z: (0.0, 0.0, 0.999989)] must be normalized in order to be casted to a Quaternion. Use get_rotation_quaternion() or call orthonormalized() if the Basis contains linearly independent vectors.
   at: get_quaternion (core/math/basis.cpp:717)
   GDScript backtrace (most recent call first):
       [0] _carry_service_light (res://scripts/player/player_controller.gd:430)
       [1] _process (res://scripts/player/player_controller.gd:330)
ERROR: Basis [X: (0.982927, 0.073926, 0.168492), Y: (-0.027258, 0.964125, -0.264003), Z: (-0.181968, 0.254903, 0.949679)] must be normalized in order to be casted to a Quaternion. Use get_rotation_quaternion() or call orthonormalized() if the Basis contains linearly independent vectors.
   at: get_quaternion (core/math/basis.cpp:717)
   GDScript backtrace (most recent call first):
       [0] _carry_service_light (res://scripts/player/player_controller.gd:430)
       [1] _process (res://scripts/player/player_controller.gd:330)
ERROR: Basis [X: (1.0, 0.0, 0.0), Y: (0.0, 0.999989, 0.0), Z: (0.0, 0.0, 0.999989)] must be normalized in order to be casted to a Quaternion. Use get_rotation_quaternion() or call orthonormalized() if the Basis contains linearly independent vectors.
   at: get_quaternion (core/math/basis.cpp:717)
   GDScript backtrace (most recent call first):
       [0] _carry_service_light (res://scripts/player/player_controller.gd:430)
       [1] _process (res://scripts/player/player_controller.gd:330)
ERROR: Basis [X: (0.982652, 0.073003, 0.170485), Y: (-0.026702, 0.965369, -0.259473), Z: (-0.183527, 0.25042, 0.950571)] must be normalized in order to be casted to a Quaternion. Use get_rotation_quaternion() or call orthonormalized() if the Basis contains linearly independent vectors.
   at: get_quaternion (core/math/basis.cpp:717)
   GDScript backtrace (most recent call first):
       [0] _carry_service_light (res://scripts/player/player_controller.gd:430)
       [1] _process (res://scripts/player/player_controller.gd:330)
ERROR: Basis [X: (1.0, 0.0, 0.0), Y: (0.0, 0.999989, 0.0), Z: (0.0, 0.0, 0.999989)] must be normalized in order to be casted to a Quaternion. Use get_rotation_quaternion() or call orthonormalized() if the Basis contains linearly independent vectors.
   at: get_quaternion (core/math/basis.cpp:717)
   GDScript backtrace (most recent call first):
       [0] _carry_service_light (res://scripts/player/player_controller.gd:430)
       [1] _process (res://scripts/player/player_controller.gd:330)
ERROR: Basis [X: (0.982357, 0.071654, 0.172741), Y: (-0.026066, 0.96712, -0.252938), Z: (-0.185189, 0.243973, 0.951925)] must be normalized in order to be casted to a Quaternion. Use get_rotation_quaternion() or call orthonormalized() if the Basis contains linearly independent vectors.
   at: get_quaternion (core/math/basis.cpp:717)
   GDScript backtrace (most recent call first):
       [0] _carry_service_light (res://scripts/player/player_controller.gd:430)
       [1] _process (res://scripts/player/player_controller.gd:330)
ERROR: Basis [X: (1.0, 0.0, 0.0), Y: (0.0, 0.999989, 0.0), Z: (0.0, 0.0, 0.999989)] must be normalized in order to be casted to a Quaternion. Use get_rotation_quaternion() or call orthonormalized() if the Basis contains linearly independent vectors.
   at: get_quaternion (core/math/basis.cpp:717)
   GDScript backtrace (most recent call first):
       [0] _carry_service_light (res://scripts/player/player_controller.gd:430)
       [1] _process (res://scripts/player/player_controller.gd:330)
ERROR: Basis [X: (0.982133, 0.071114, 0.174234), Y: (-0.025612, 0.967736, -0.250615), Z: (-0.186439, 0.241675, 0.952267)] must be normalized in order to be casted to a Quaternion. Use get_rotation_quaternion() or call orthonormalized() if the Basis contains linearly independent vectors.
   at: get_quaternion (core/math/basis.cpp:717)
   GDScript backtrace (most recent call first):
       [0] _carry_service_light (res://scripts/player/player_controller.gd:430)
       [1] _process (res://scripts/player/player_controller.gd:330)
ERROR: Basis [X: (1.0, 0.0, 0.0), Y: (0.0, 0.999989, 0.0), Z: (0.0, 0.0, 0.999989)] must be normalized in order to be casted to a Quaternion. Use get_rotation_quaternion() or call orthonormalized() if the Basis contains linearly independent vectors.
   at: get_quaternion (core/math/basis.cpp:717)
   GDScript backtrace (most recent call first):
       [0] _carry_service_light (res://scripts/player/player_controller.gd:430)
       [1] _process (res://scripts/player/player_controller.gd:330)
ERROR: Basis [X: (0.981887, 0.070548, 0.175842), Y: (-0.025025, 0.968239, -0.248725), Z: (-0.187809, 0.239819, 0.952467)] must be normalized in order to be casted to a Quaternion. Use get_rotation_quaternion() or call orthonormalized() if the Basis contains linearly independent vectors.
   at: get_quaternion (core/math/basis.cpp:717)
   GDScript backtrace (most recent call first):
       [0] _carry_service_light (res://scripts/player/player_controller.gd:430)
       [1] _process (res://scripts/player/player_controller.gd:330)
ERROR: Basis [X: (1.0, 0.0, 0.0), Y: (0.0, 0.999989, 0.0), Z: (0.0, 0.0, 0.999989)] must be normalized in order to be casted to a Quaternion. Use get_rotation_quaternion() or call orthonormalized() if the Basis contains linearly independent vectors.
   at: get_quaternion (core/math/basis.cpp:717)
   GDScript backtrace (most recent call first):
       [0] _carry_service_light (res://scripts/player/player_controller.gd:430)
       [1] _process (res://scripts/player/player_controller.gd:330)
ERROR: Basis [X: (0.981614, 0.069967, 0.177589), Y: (-0.024399, 0.968746, -0.246806), Z: (-0.189311, 0.237936, 0.952642)] must be normalized in order to be casted to a Quaternion. Use get_rotation_quaternion() or call orthonormalized() if the Basis contains linearly independent vectors.
   at: get_quaternion (core/math/basis.cpp:717)
   GDScript backtrace (most recent call first):
       [0] _carry_service_light (res://scripts/player/player_controller.gd:430)
       [1] _process (res://scripts/player/player_controller.gd:330)
ERROR: Basis [X: (1.0, 0.0, 0.0), Y: (0.0, 0.999989, 0.0), Z: (0.0, 0.0, 0.999989)] must be normalized in order to be casted to a Quaternion. Use get_rotation_quaternion() or call orthonormalized() if the Basis contains linearly independent vectors.
   at: get_quaternion (core/math/basis.cpp:717)
   GDScript backtrace (most recent call first):
       [0] _carry_service_light (res://scripts/player/player_controller.gd:430)
       [1] _process (res://scripts/player/player_controller.gd:330)
ERROR: Basis [X: (0.981365, 0.069801, 0.179023), Y: (-0.023826, 0.968689, -0.247085), Z: (-0.190669, 0.238215, 0.952301)] must be normalized in order to be casted to a Quaternion. Use get_rotation_quaternion() or call orthonormalized() if the Basis contains linearly independent vectors.
   at: get_quaternion (core/math/basis.cpp:717)
   GDScript backtrace (most recent call first):
       [0] _carry_service_light (res://scripts/player/player_controller.gd:430)
       [1] _process (res://scripts/player/player_controller.gd:330)
ERROR: Basis [X: (1.0, 0.0, 0.0), Y: (0.0, 0.999989, 0.0), Z: (0.0, 0.0, 0.999989)] must be normalized in order to be casted to a Quaternion. Use get_rotation_quaternion() or call orthonormalized() if the Basis contains linearly independent vectors.
   at: get_quaternion (core/math/basis.cpp:717)
   GDScript backtrace (most recent call first):
       [0] _carry_service_light (res://scripts/player/player_controller.gd:430)
       [1] _process (res://scripts/player/player_controller.gd:330)
ERROR: Basis [X: (0.981192, 0.069245, 0.180187), Y: (-0.023347, 0.969152, -0.245308), Z: (-0.191619, 0.236488, 0.952541)] must be normalized in order to be casted to a Quaternion. Use get_rotation_quaternion() or call orthonormalized() if the Basis contains linearly independent vectors.
   at: get_quaternion (core/math/basis.cpp:717)
   GDScript backtrace (most recent call first):
       [0] _carry_service_light (res://scripts/player/player_controller.gd:430)
       [1] _process (res://scripts/player/player_controller.gd:330)
ERROR: Basis [X: (1.0, 0.0, 0.0), Y: (0.0, 0.999989, 0.0), Z: (0.0, 0.0, 0.999989)] must be normalized in order to be casted to a Quaternion. Use get_rotation_quaternion() or call orthonormalized() if the Basis contains linearly independent vectors.
   at: get_quaternion (core/math/basis.cpp:717)
   GDScript backtrace (most recent call first):
       [0] _carry_service_light (res://scripts/player/player_controller.gd:430)
       [1] _process (res://scripts/player/player_controller.gd:330)
ERROR: Basis [X: (0.98098, 0.068676, 0.181551), Y: (-0.02286, 0.969674, -0.243284), Z: (-0.192758, 0.234507, 0.952801)] must be normalized in order to be casted to a Quaternion. Use get_rotation_quaternion() or call orthonormalized() if the Basis contains linearly independent vectors.
   at: get_quaternion (core/math/basis.cpp:717)
   GDScript backtrace (most recent call first):
       [0] _carry_service_light (res://scripts/player/player_controller.gd:430)
       [1] _process (res://scripts/player/player_controller.gd:330)
ERROR: Basis [X: (1.0, 0.0, 0.0), Y: (0.0, 0.999989, 0.0), Z: (0.0, 0.0, 0.999989)] must be normalized in order to be casted to a Quaternion. Use get_rotation_quaternion() or call orthonormalized() if the Basis contains linearly independent vectors.
   at: get_quaternion (core/math/basis.cpp:717)
   GDScript backtrace (most recent call first):
       [0] _carry_service_light (res://scripts/player/player_controller.gd:430)
       [1] _process (res://scripts/player/player_controller.gd:330)
ERROR: Basis [X: (0.980838, 0.068549, 0.182367), Y: (-0.022499, 0.969637, -0.243464), Z: (-0.193524, 0.234695, 0.952599)] must be normalized in order to be casted to a Quaternion. Use get_rotation_quaternion() or call orthonormalized() if the Basis contains linearly independent vectors.
   at: get_quaternion (core/math/basis.cpp:717)
   GDScript backtrace (most recent call first):
       [0] _carry_service_light (res://scripts/player/player_controller.gd:430)
       [1] _process (res://scripts/player/player_controller.gd:330)
ERROR: Basis [X: (1.0, 0.0, 0.0), Y: (0.0, 0.999989, 0.0), Z: (0.0, 0.0, 0.999989)] must be normalized in order to be casted to a Quaternion. Use get_rotation_quaternion() or call orthonormalized() if the Basis contains linearly independent vectors.
   at: get_quaternion (core/math/basis.cpp:717)
   GDScript backtrace (most recent call first):
       [0] _carry_service_light (res://scripts/player/player_controller.gd:430)
       [1] _process (res://scripts/player/player_controller.gd:330)
ERROR: Basis [X: (0.980712, 0.068002, 0.183248), Y: (-0.022123, 0.970111, -0.241604), Z: (-0.194205, 0.23289, 0.952903)] must be normalized in order to be casted to a Quaternion. Use get_rotation_quaternion() or call orthonormalized() if the Basis contains linearly independent vectors.
   at: get_quaternion (core/math/basis.cpp:717)
   GDScript backtrace (most recent call first):
       [0] _carry_service_light (res://scripts/player/player_controller.gd:430)
       [1] _process (res://scripts/player/player_controller.gd:330)
ERROR: Basis [X: (1.0, 0.0, 0.0), Y: (0.0, 0.999989, 0.0), Z: (0.0, 0.0, 0.999989)] must be normalized in order to be casted to a Quaternion. Use get_rotation_quaternion() or call orthonormalized() if the Basis contains linearly independent vectors.
   at: get_quaternion (core/math/basis.cpp:717)
   GDScript backtrace (most recent call first):
       [0] _carry_service_light (res://scripts/player/player_controller.gd:430)
       [1] _process (res://scripts/player/player_controller.gd:330)
ERROR: Basis [X: (0.980542, 0.067865, 0.184201), Y: (-0.02173, 0.970087, -0.241737), Z: (-0.195101, 0.23303, 0.952686)] must be normalized in order to be casted to a Quaternion. Use get_rotation_quaternion() or call orthonormalized() if the Basis contains linearly independent vectors.
   at: get_quaternion (core/math/basis.cpp:717)
   GDScript backtrace (most recent call first):
       [0] _carry_service_light (res://scripts/player/player_controller.gd:430)
       [1] _process (res://scripts/player/player_controller.gd:330)
ERROR: Basis [X: (1.0, 0.0, 0.0), Y: (0.0, 0.999989, 0.0), Z: (0.0, 0.0, 0.999989)] must be normalized in order to be casted to a Quaternion. Use get_rotation_quaternion() or call orthonormalized() if the Basis contains linearly independent vectors.
   at: get_quaternion (core/math/basis.cpp:717)
   GDScript backtrace (most recent call first):
       [0] _carry_service_light (res://scripts/player/player_controller.gd:430)
       [1] _process (res://scripts/player/player_controller.gd:330)
ERROR: Basis [X: (0.980392, 0.067305, 0.185204), Y: (-0.021325, 0.970568, -0.239834), Z: (-0.1959, 0.231182, 0.952972)] must be normalized in order to be casted to a Quaternion. Use get_rotation_quaternion() or call orthonormalized() if the Basis contains linearly independent vectors.
   at: get_quaternion (core/math/basis.cpp:717)
   GDScript backtrace (most recent call first):
       [0] _carry_service_light (res://scripts/player/player_controller.gd:430)
       [1] _process (res://scripts/player/player_controller.gd:330)
ERROR: Basis [X: (1.0, 0.0, 0.0), Y: (0.0, 0.999989, 0.0), Z: (0.0, 0.0, 0.999989)] must be normalized in order to be casted to a Quaternion. Use get_rotation_quaternion() or call orthonormalized() if the Basis contains linearly independent vectors.
   at: get_quaternion (core/math/basis.cpp:717)
   GDScript backtrace (most recent call first):
       [0] _carry_service_light (res://scripts/player/player_controller.gd:430)
       [1] _process (res://scripts/player/player_controller.gd:330)
ERROR: Basis [X: (0.980353, 0.066794, 0.185593), Y: (-0.021169, 0.971101, -0.237679), Z: (-0.19611, 0.22908, 0.953437)] must be normalized in order to be casted to a Quaternion. Use get_rotation_quaternion() or call orthonormalized() if the Basis contains linearly independent vectors.
   at: get_quaternion (core/math/basis.cpp:717)
   GDScript backtrace (most recent call first):
       [0] _carry_service_light (res://scripts/player/player_controller.gd:430)
       [1] _process (res://scripts/player/player_controller.gd:330)
ERROR: Basis [X: (1.0, 0.0, 0.0), Y: (0.0, 0.999989, 0.0), Z: (0.0, 0.0, 0.999989)] must be normalized in order to be casted to a Quaternion. Use get_rotation_quaternion() or call orthonormalized() if the Basis contains linearly independent vectors.
   at: get_quaternion (core/math/basis.cpp:717)
   GDScript backtrace (most recent call first):
       [0] _carry_service_light (res://scripts/player/player_controller.gd:430)
       [1] _process (res://scripts/player/player_controller.gd:330)
ERROR: Basis [X: (0.980318, 0.064998, 0.186417), Y: (-0.021019, 0.973233, -0.228806), Z: (-0.196304, 0.220384, 0.955444)] must be normalized in order to be casted to a Quaternion. Use get_rotation_quaternion() or call orthonormalized() if the Basis contains linearly independent vectors.
   at: get_quaternion (core/math/basis.cpp:717)
   GDScript backtrace (most recent call first):
       [0] _carry_service_light (res://scripts/player/player_controller.gd:430)
       [1] _process (res://scripts/player/player_controller.gd:330)
ERROR: Basis [X: (1.0, 0.0, 0.0), Y: (0.0, 0.999989, 0.0), Z: (0.0, 0.0, 0.999989)] must be normalized in order to be casted to a Quaternion. Use get_rotation_quaternion() or call orthonormalized() if the Basis contains linearly independent vectors.
   at: get_quaternion (core/math/basis.cpp:717)
   GDScript backtrace (most recent call first):
       [0] _carry_service_light (res://scripts/player/player_controller.gd:430)
       [1] _process (res://scripts/player/player_controller.gd:330)
ERROR: Basis [X: (0.980528, 0.064192, 0.18559), Y: (-0.021444, 0.974402, -0.223735), Z: (-0.195205, 0.215398, 0.956805)] must be normalized in order to be casted to a Quaternion. Use get_rotation_quaternion() or call orthonormalized() if the Basis contains linearly independent vectors.
   at: get_quaternion (core/math/basis.cpp:717)
   GDScript backtrace (most recent call first):
       [0] _carry_service_light (res://scripts/player/player_controller.gd:430)
       [1] _process (res://scripts/player/player_controller.gd:330)
ERROR: Basis [X: (1.0, 0.0, 0.0), Y: (0.0, 0.999989, 0.0), Z: (0.0, 0.0, 0.999989)] must be normalized in order to be casted to a Quaternion. Use get_rotation_quaternion() or call orthonormalized() if the Basis contains linearly independent vectors.
   at: get_quaternion (core/math/basis.cpp:717)
   GDScript backtrace (most recent call first):
       [0] _carry_service_light (res://scripts/player/player_controller.gd:430)
       [1] _process (res://scripts/player/player_controller.gd:330)
ERROR: Basis [X: (0.980722, 0.06167, 0.185417), Y: (-0.02173, 0.977415, -0.210155), Z: (-0.194194, 0.202075, 0.959913)] must be normalized in order to be casted to a Quaternion. Use get_rotation_quaternion() or call orthonormalized() if the Basis contains linearly independent vectors.
   at: get_quaternion (core/math/basis.cpp:717)
   GDScript backtrace (most recent call first):
       [0] _carry_service_light (res://scripts/player/player_controller.gd:430)
       [1] _process (res://scripts/player/player_controller.gd:330)
ERROR: Basis [X: (1.0, 0.0, 0.0), Y: (0.0, 0.999989, 0.0), Z: (0.0, 0.0, 0.999989)] must be normalized in order to be casted to a Quaternion. Use get_rotation_quaternion() or call orthonormalized() if the Basis contains linearly independent vectors.
   at: get_quaternion (core/math/basis.cpp:717)
   GDScript backtrace (most recent call first):
       [0] _carry_service_light (res://scripts/player/player_controller.gd:430)
       [1] _process (res://scripts/player/player_controller.gd:330)
ERROR: Basis [X: (0.98118, 0.060206, 0.183465), Y: (-0.022673, 0.979486, -0.200174), Z: (-0.191758, 0.192247, 0.962418)] must be normalized in order to be casted to a Quaternion. Use get_rotation_quaternion() or call orthonormalized() if the Basis contains linearly independent vectors.
   at: get_quaternion (core/math/basis.cpp:717)
   GDScript backtrace (most recent call first):
       [0] _carry_service_light (res://scripts/player/player_controller.gd:430)
       [1] _process (res://scripts/player/player_controller.gd:330)
ERROR: Basis [X: (1.0, 0.0, 0.0), Y: (0.0, 0.999989, 0.0), Z: (0.0, 0.0, 0.999989)] must be normalized in order to be casted to a Quaternion. Use get_rotation_quaternion() or call orthonormalized() if the Basis contains linearly independent vectors.
   at: get_quaternion (core/math/basis.cpp:717)
   GDScript backtrace (most recent call first):
       [0] _carry_service_light (res://scripts/player/player_controller.gd:430)
       [1] _process (res://scripts/player/player_controller.gd:330)
ERROR: Basis [X: (0.981495, 0.056995, 0.182805), Y: (-0.023251, 0.983073, -0.181671), Z: (-0.19007, 0.174059, 0.966206)] must be normalized in order to be casted to a Quaternion. Use get_rotation_quaternion() or call orthonormalized() if the Basis contains linearly independent vectors.
   at: get_quaternion (core/math/basis.cpp:717)
   GDScript backtrace (most recent call first):
       [0] _carry_service_light (res://scripts/player/player_controller.gd:430)
       [1] _process (res://scripts/player/player_controller.gd:330)
ERROR: Basis [X: (1.0, 0.0, 0.0), Y: (0.0, 0.999989, 0.0), Z: (0.0, 0.0, 0.999989)] must be normalized in order to be casted to a Quaternion. Use get_rotation_quaternion() or call orthonormalized() if the Basis contains linearly independent vectors.
   at: get_quaternion (core/math/basis.cpp:717)
   GDScript backtrace (most recent call first):
       [0] _carry_service_light (res://scripts/player/player_controller.gd:430)
       [1] _process (res://scripts/player/player_controller.gd:330)
ERROR: Basis [X: (0.982196, 0.055012, 0.179619), Y: (-0.024708, 0.985674, -0.166775), Z: (-0.186225, 0.159368, 0.969485)] must be normalized in order to be casted to a Quaternion. Use get_rotation_quaternion() or call orthonormalized() if the Basis contains linearly independent vectors.
   at: get_quaternion (core/math/basis.cpp:717)
   GDScript backtrace (most recent call first):
       [0] _carry_service_light (res://scripts/player/player_controller.gd:430)
       [1] _process (res://scripts/player/player_controller.gd:330)
ERROR: Basis [X: (1.0, 0.0, 0.0), Y: (0.0, 0.999989, 0.0), Z: (0.0, 0.0, 0.999989)] must be normalized in order to be casted to a Quaternion. Use get_rotation_quaternion() or call orthonormalized() if the Basis contains linearly independent vectors.
   at: get_quaternion (core/math/basis.cpp:717)
   GDScript backtrace (most recent call first):
       [0] _carry_service_light (res://scripts/player/player_controller.gd:430)
       [1] _process (res://scripts/player/player_controller.gd:330)
ERROR: Basis [X: (0.982536, 0.051148, 0.1789), Y: (-0.025402, 0.989335, -0.143344), Z: (-0.184328, 0.136297, 0.973357)] must be normalized in order to be casted to a Quaternion. Use get_rotation_quaternion() or call orthonormalized() if the Basis contains linearly independent vectors.
   at: get_quaternion (core/math/basis.cpp:717)
   GDScript backtrace (most recent call first):
       [0] _carry_service_light (res://scripts/player/player_controller.gd:430)
       [1] _process (res://scripts/player/player_controller.gd:330)
ERROR: Basis [X: (1.0, 0.0, 0.0), Y: (0.0, 0.999989, 0.0), Z: (0.0, 0.0, 0.999989)] must be normalized in order to be casted to a Quaternion. Use get_rotation_quaternion() or call orthonormalized() if the Basis contains linearly independent vectors.
   at: get_quaternion (core/math/basis.cpp:717)
   GDScript backtrace (most recent call first):
       [0] _carry_service_light (res://scripts/player/player_controller.gd:430)
       [1] _process (res://scripts/player/player_controller.gd:330)
ERROR: Basis [X: (0.983245, 0.047384, 0.176023), Y: (-0.026952, 0.99279, -0.116702), Z: (-0.180288, 0.110002, 0.977432)] must be normalized in order to be casted to a Quaternion. Use get_rotation_quaternion() or call orthonormalized() if the Basis contains linearly independent vectors.
   at: get_quaternion (core/math/basis.cpp:717)
   GDScript backtrace (most recent call first):
       [0] _carry_service_light (res://scripts/player/player_controller.gd:430)
       [1] _process (res://scripts/player/player_controller.gd:330)
ERROR: Basis [X: (1.0, 0.0, 0.0), Y: (0.0, 0.999989, 0.0), Z: (0.0, 0.0, 0.999989)] must be normalized in order to be casted to a Quaternion. Use get_rotation_quaternion() or call orthonormalized() if the Basis contains linearly independent vectors.
   at: get_quaternion (core/math/basis.cpp:717)
   GDScript backtrace (most recent call first):
       [0] _carry_service_light (res://scripts/player/player_controller.gd:430)
       [1] _process (res://scripts/player/player_controller.gd:330)
ERROR: Basis [X: (0.983727, 0.04232, 0.174614), Y: (-0.028109, 0.996136, -0.083069), Z: (-0.177458, 0.076809, 0.981115)] must be normalized in order to be casted to a Quaternion. Use get_rotation_quaternion() or call orthonormalized() if the Basis contains linearly independent vectors.
   at: get_quaternion (core/math/basis.cpp:717)
   GDScript backtrace (most recent call first):
       [0] _carry_service_light (res://scripts/player/player_controller.gd:430)
       [1] _process (res://scripts/player/player_controller.gd:330)
ERROR: Basis [X: (1.0, 0.0, 0.0), Y: (0.0, 0.999989, 0.0), Z: (0.0, 0.0, 0.999989)] must be normalized in order to be casted to a Quaternion. Use get_rotation_quaternion() or call orthonormalized() if the Basis contains linearly independent vectors.
   at: get_quaternion (core/math/basis.cpp:717)
   GDScript backtrace (most recent call first):
       [0] _carry_service_light (res://scripts/player/player_controller.gd:430)
       [1] _process (res://scripts/player/player_controller.gd:330)
ERROR: Basis [X: (0.984277, 0.039908, 0.172062), Y: (-0.029505, 0.997591, -0.062606), Z: (-0.17415, 0.056545, 0.983083)] must be normalized in order to be casted to a Quaternion. Use get_rotation_quaternion() or call orthonormalized() if the Basis contains linearly independent vectors.
   at: get_quaternion (core/math/basis.cpp:717)
   GDScript backtrace (most recent call first):
       [0] _carry_service_light (res://scripts/player/player_controller.gd:430)
       [1] _process (res://scripts/player/player_controller.gd:330)
ERROR: Basis [X: (1.0, 0.0, 0.0), Y: (0.0, 0.999989, 0.0), Z: (0.0, 0.0, 0.999989)] must be normalized in order to be casted to a Quaternion. Use get_rotation_quaternion() or call orthonormalized() if the Basis contains linearly independent vectors.
   at: get_quaternion (core/math/basis.cpp:717)
   GDScript backtrace (most recent call first):
       [0] _carry_service_light (res://scripts/player/player_controller.gd:430)
       [1] _process (res://scripts/player/player_controller.gd:330)
ERROR: Basis [X: (0.984341, 0.033209, 0.173118), Y: (-0.029664, 0.999283, -0.023026), Z: (-0.173763, 0.01753, 0.98462)] must be normalized in order to be casted to a Quaternion. Use get_rotation_quaternion() or call orthonormalized() if the Basis contains linearly independent vectors.
   at: get_quaternion (core/math/basis.cpp:717)
   GDScript backtrace (most recent call first):
       [0] _carry_service_light (res://scripts/player/player_controller.gd:430)
       [1] _process (res://scripts/player/player_controller.gd:330)
ERROR: Basis [X: (1.0, 0.0, 0.0), Y: (0.0, 0.999989, 0.0), Z: (0.0, 0.0, 0.999989)] must be normalized in order to be casted to a Quaternion. Use get_rotation_quaternion() or call orthonormalized() if the Basis contains linearly independent vectors.
   at: get_quaternion (core/math/basis.cpp:717)
   GDScript backtrace (most recent call first):
       [0] _carry_service_light (res://scripts/player/player_controller.gd:430)
       [1] _process (res://scripts/player/player_controller.gd:330)
ERROR: Basis [X: (0.984721, 0.030334, 0.171477), Y: (-0.030816, 0.999514, 0.000149), Z: (-0.171393, -0.005431, 0.985177)] must be normalized in order to be casted to a Quaternion. Use get_rotation_quaternion() or call orthonormalized() if the Basis contains linearly independent vectors.
   at: get_quaternion (core/math/basis.cpp:717)
   GDScript backtrace (most recent call first):
       [0] _carry_service_light (res://scripts/player/player_controller.gd:430)
       [1] _process (res://scripts/player/player_controller.gd:330)
ERROR: Basis [X: (1.0, 0.0, 0.0), Y: (0.0, 0.999989, 0.0), Z: (0.0, 0.0, 0.999989)] must be normalized in order to be casted to a Quaternion. Use get_rotation_quaternion() or call orthonormalized() if the Basis contains linearly independent vectors.
   at: get_quaternion (core/math/basis.cpp:717)
   GDScript backtrace (most recent call first):
       [0] _carry_service_light (res://scripts/player/player_controller.gd:430)
       [1] _process (res://scripts/player/player_controller.gd:330)
ERROR: Basis [X: (0.984648, 0.026176, 0.172578), Y: (-0.030694, 0.99924, 0.02356), Z: (-0.171834, -0.028496, 0.984703)] must be normalized in order to be casted to a Quaternion. Use get_rotation_quaternion() or call orthonormalized() if the Basis contains linearly independent vectors.
   at: get_quaternion (core/math/basis.cpp:717)
   GDScript backtrace (most recent call first):
       [0] _carry_service_light (res://scripts/player/player_controller.gd:430)
       [1] _process (res://scripts/player/player_controller.gd:330)
ERROR: Basis [X: (1.0, 0.0, 0.0), Y: (0.0, 0.999989, 0.0), Z: (0.0, 0.0, 0.999989)] must be normalized in order to be casted to a Quaternion. Use get_rotation_quaternion() or call orthonormalized() if the Basis contains linearly independent vectors.
   at: get_quaternion (core/math/basis.cpp:717)
   GDScript backtrace (most recent call first):
       [0] _carry_service_light (res://scripts/player/player_controller.gd:430)
       [1] _process (res://scripts/player/player_controller.gd:330)
ERROR: Basis [X: (0.98471, 0.023871, 0.172558), Y: (-0.030867, 0.998791, 0.037966), Z: (-0.171447, -0.042712, 0.984256)] must be normalized in order to be casted to a Quaternion. Use get_rotation_quaternion() or call orthonormalized() if the Basis contains linearly independent vectors.
   at: get_quaternion (core/math/basis.cpp:717)
   GDScript backtrace (most recent call first):
       [0] _carry_service_light (res://scripts/player/player_controller.gd:430)
       [1] _process (res://scripts/player/player_controller.gd:330)
ERROR: Basis [X: (1.0, 0.0, 0.0), Y: (0.0, 0.999989, 0.0), Z: (0.0, 0.0, 0.999989)] must be normalized in order to be casted to a Quaternion. Use get_rotation_quaternion() or call orthonormalized() if the Basis contains linearly independent vectors.
   at: get_quaternion (core/math/basis.cpp:717)
   GDScript backtrace (most recent call first):
       [0] _carry_service_light (res://scripts/player/player_controller.gd:430)
       [1] _process (res://scripts/player/player_controller.gd:330)
ERROR: Basis [X: (0.98447, 0.020483, 0.174351), Y: (-0.030273, 0.998088, 0.053674), Z: (-0.172922, -0.058119, 0.983208)] must be normalized in order to be casted to a Quaternion. Use get_rotation_quaternion() or call orthonormalized() if the Basis contains linearly independent vectors.
   at: get_quaternion (core/math/basis.cpp:717)
   GDScript backtrace (most recent call first):
       [0] _carry_service_light (res://scripts/player/player_controller.gd:430)
       [1] _process (res://scripts/player/player_controller.gd:330)
ERROR: Basis [X: (1.0, 0.0, 0.0), Y: (0.0, 0.999989, 0.0), Z: (0.0, 0.0, 0.999989)] must be normalized in order to be casted to a Quaternion. Use get_rotation_quaternion() or call orthonormalized() if the Basis contains linearly independent vectors.
   at: get_quaternion (core/math/basis.cpp:717)
   GDScript backtrace (most recent call first):
       [0] _carry_service_light (res://scripts/player/player_controller.gd:430)
       [1] _process (res://scripts/player/player_controller.gd:330)
ERROR: Basis [X: (0.984249, 0.01912, 0.17575), Y: (-0.029768, 0.997853, 0.058147), Z: (-0.174265, -0.062463, 0.982704)] must be normalized in order to be casted to a Quaternion. Use get_rotation_quaternion() or call orthonormalized() if the Basis contains linearly independent vectors.
   at: get_quaternion (core/math/basis.cpp:717)
   GDScript backtrace (most recent call first):
       [0] _carry_service_light (res://scripts/player/player_controller.gd:430)
       [1] _process (res://scripts/player/player_controller.gd:330)
ERROR: Basis [X: (1.0, 0.0, 0.0), Y: (0.0, 0.999989, 0.0), Z: (0.0, 0.0, 0.999989)] must be normalized in order to be casted to a Quaternion. Use get_rotation_quaternion() or call orthonormalized() if the Basis contains linearly independent vectors.
   at: get_quaternion (core/math/basis.cpp:717)
   GDScript backtrace (most recent call first):
       [0] _carry_service_light (res://scripts/player/player_controller.gd:430)
       [1] _process (res://scripts/player/player_controller.gd:330)
ERROR: Basis [X: (0.983838, 0.017713, 0.178181), Y: (-0.02869, 0.997821, 0.059217), Z: (-0.176748, -0.063372, 0.982203)] must be normalized in order to be casted to a Quaternion. Use get_rotation_quaternion() or call orthonormalized() if the Basis contains linearly independent vectors.
   at: get_quaternion (core/math/basis.cpp:717)
   GDScript backtrace (most recent call first):
       [0] _carry_service_light (res://scripts/player/player_controller.gd:430)
       [1] _process (res://scripts/player/player_controller.gd:330)
ERROR: Basis [X: (1.0, 0.0, 0.0), Y: (0.0, 0.999989, 0.0), Z: (0.0, 0.0, 0.999989)] must be normalized in order to be casted to a Quaternion. Use get_rotation_quaternion() or call orthonormalized() if the Basis contains linearly independent vectors.
   at: get_quaternion (core/math/basis.cpp:717)
   GDScript backtrace (most recent call first):
       [0] _carry_service_light (res://scripts/player/player_controller.gd:430)
       [1] _process (res://scripts/player/player_controller.gd:330)
ERROR: Basis [X: (0.983465, 0.016803, 0.180315), Y: (-0.027666, 0.997928, 0.057898), Z: (-0.178973, -0.061929, 0.981892)] must be normalized in order to be casted to a Quaternion. Use get_rotation_quaternion() or call orthonormalized() if the Basis contains linearly independent vectors.
   at: get_quaternion (core/math/basis.cpp:717)
   GDScript backtrace (most recent call first):
       [0] _carry_service_light (res://scripts/player/player_controller.gd:430)
       [1] _process (res://scripts/player/player_controller.gd:330)
ERROR: Basis [X: (1.0, 0.0, 0.0), Y: (0.0, 0.999989, 0.0), Z: (0.0, 0.0, 0.999989)] must be normalized in order to be casted to a Quaternion. Use get_rotation_quaternion() or call orthonormalized() if the Basis contains linearly independent vectors.
   at: get_quaternion (core/math/basis.cpp:717)
   GDScript backtrace (most recent call first):
       [0] _carry_service_light (res://scripts/player/player_controller.gd:430)
       [1] _process (res://scripts/player/player_controller.gd:330)
ERROR: Basis [X: (0.983034, 0.01494, 0.182811), Y: (-0.026521, 0.99777, 0.06107), Z: (-0.181495, -0.064882, 0.981238)] must be normalized in order to be casted to a Quaternion. Use get_rotation_quaternion() or call orthonormalized() if the Basis contains linearly independent vectors.
   at: get_quaternion (core/math/basis.cpp:717)
   GDScript backtrace (most recent call first):
       [0] _carry_service_light (res://scripts/player/player_controller.gd:430)
       [1] _process (res://scripts/player/player_controller.gd:330)
ERROR: Basis [X: (1.0, 0.0, 0.0), Y: (0.0, 0.999989, 0.0), Z: (0.0, 0.0, 0.999989)] must be normalized in order to be casted to a Quaternion. Use get_rotation_quaternion() or call orthonormalized() if the Basis contains linearly independent vectors.
   at: get_quaternion (core/math/basis.cpp:717)
   GDScript backtrace (most recent call first):
       [0] _carry_service_light (res://scripts/player/player_controller.gd:430)
       [1] _process (res://scripts/player/player_controller.gd:330)
ERROR: Basis [X: (0.982681, 0.013675, 0.1848), Y: (-0.025643, 0.997703, 0.062523), Z: (-0.183525, -0.066179, 0.980774)] must be normalized in order to be casted to a Quaternion. Use get_rotation_quaternion() or call orthonormalized() if the Basis contains linearly independent vectors.
   at: get_quaternion (core/math/basis.cpp:717)
   GDScript backtrace (most recent call first):
       [0] _carry_service_light (res://scripts/player/player_controller.gd:430)
       [1] _process (res://scripts/player/player_controller.gd:330)
ERROR: Basis [X: (1.0, 0.0, 0.0), Y: (0.0, 0.999989, 0.0), Z: (0.0, 0.0, 0.999989)] must be normalized in order to be casted to a Quaternion. Use get_rotation_quaternion() or call orthonormalized() if the Basis contains linearly independent vectors.
   at: get_quaternion (core/math/basis.cpp:717)
   GDScript backtrace (most recent call first):
       [0] _carry_service_light (res://scripts/player/player_controller.gd:430)
       [1] _process (res://scripts/player/player_controller.gd:330)
ERROR: Basis [X: (0.982361, 0.012909, 0.186545), Y: (-0.0248, 0.997784, 0.061548), Z: (-0.185341, -0.065089, 0.980505)] must be normalized in order to be casted to a Quaternion. Use get_rotation_quaternion() or call orthonormalized() if the Basis contains linearly independent vectors.
   at: get_quaternion (core/math/basis.cpp:717)
   GDScript backtrace (most recent call first):
       [0] _carry_service_light (res://scripts/player/player_controller.gd:430)
       [1] _process (res://scripts/player/player_controller.gd:330)
ERROR: Basis [X: (1.0, 0.0, 0.0), Y: (0.0, 0.999989, 0.0), Z: (0.0, 0.0, 0.999989)] must be normalized in order to be casted to a Quaternion. Use get_rotation_quaternion() or call orthonormalized() if the Basis contains linearly independent vectors.
   at: get_quaternion (core/math/basis.cpp:717)
   GDScript backtrace (most recent call first):
       [0] _carry_service_light (res://scripts/player/player_controller.gd:430)
       [1] _process (res://scripts/player/player_controller.gd:330)
ERROR: Basis [X: (0.982074, 0.012214, 0.188099), Y: (-0.023989, 0.997871, 0.060452), Z: (-0.186965, -0.063881, 0.980276)] must be normalized in order to be casted to a Quaternion. Use get_rotation_quaternion() or call orthonormalized() if the Basis contains linearly independent vectors.
   at: get_quaternion (core/math/basis.cpp:717)
   GDScript backtrace (most recent call first):
       [0] _carry_service_light (res://scripts/player/player_controller.gd:430)
       [1] _process (res://scripts/player/player_controller.gd:330)
ERROR: Basis [X: (1.0, 0.0, 0.0), Y: (0.0, 0.999989, 0.0), Z: (0.0, 0.0, 0.999989)] must be normalized in order to be casted to a Quaternion. Use get_rotation_quaternion() or call orthonormalized() if the Basis contains linearly independent vectors.
   at: get_quaternion (core/math/basis.cpp:717)
   GDScript backtrace (most recent call first):
       [0] _carry_service_light (res://scripts/player/player_controller.gd:430)
       [1] _process (res://scripts/player/player_controller.gd:330)
ERROR: Basis [X: (0.981763, 0.01148, 0.18976), Y: (-0.023162, 0.997951, 0.059456), Z: (-0.188693, -0.062767, 0.980017)] must be normalized in order to be casted to a Quaternion. Use get_rotation_quaternion() or call orthonormalized() if the Basis contains linearly independent vectors.
   at: get_quaternion (core/math/basis.cpp:717)
   GDScript backtrace (most recent call first):
       [0] _carry_service_light (res://scripts/player/player_controller.gd:430)
       [1] _process (res://scripts/player/player_controller.gd:330)
ERROR: Basis [X: (1.0, 0.0, 0.0), Y: (0.0, 0.999989, 0.0), Z: (0.0, 0.0, 0.999989)] must be normalized in order to be casted to a Quaternion. Use get_rotation_quaternion() or call orthonormalized() if the Basis contains linearly independent vectors.
   at: get_quaternion (core/math/basis.cpp:717)
   GDScript backtrace (most recent call first):
       [0] _carry_service_light (res://scripts/player/player_controller.gd:430)
       [1] _process (res://scripts/player/player_controller.gd:330)
ERROR: Basis [X: (0.98148, 0.010813, 0.191257), Y: (-0.022407, 0.998021, 0.058556), Z: (-0.19025, -0.061757, 0.97978)] must be normalized in order to be casted to a Quaternion. Use get_rotation_quaternion() or call orthonormalized() if the Basis contains linearly independent vectors.
   at: get_quaternion (core/math/basis.cpp:717)
   GDScript backtrace (most recent call first):
       [0] _carry_service_light (res://scripts/player/player_controller.gd:430)
       [1] _process (res://scripts/player/player_controller.gd:330)
ERROR: Basis [X: (1.0, 0.0, 0.0), Y: (0.0, 0.999989, 0.0), Z: (0.0, 0.0, 0.999989)] must be normalized in order to be casted to a Quaternion. Use get_rotation_quaternion() or call orthonormalized() if the Basis contains linearly independent vectors.
   at: get_quaternion (core/math/basis.cpp:717)
   GDScript backtrace (most recent call first):
       [0] _carry_service_light (res://scripts/player/player_controller.gd:430)
       [1] _process (res://scripts/player/player_controller.gd:330)
ERROR: Basis [X: (0.981223, 0.010206, 0.192607), Y: (-0.021716, 0.998084, 0.057742), Z: (-0.191653, -0.06084, 0.979564)] must be normalized in order to be casted to a Quaternion. Use get_rotation_quaternion() or call orthonormalized() if the Basis contains linearly independent vectors.
   at: get_quaternion (core/math/basis.cpp:717)
   GDScript backtrace (most recent call first):
       [0] _carry_service_light (res://scripts/player/player_controller.gd:430)
       [1] _process (res://scripts/player/player_controller.gd:330)
ERROR: Basis [X: (1.0, 0.0, 0.0), Y: (0.0, 0.999989, 0.0), Z: (0.0, 0.0, 0.999989)] must be normalized in order to be casted to a Quaternion. Use get_rotation_quaternion() or call orthonormalized() if the Basis contains linearly independent vectors.
   at: get_quaternion (core/math/basis.cpp:717)
   GDScript backtrace (most recent call first):
       [0] _carry_service_light (res://scripts/player/player_controller.gd:430)
       [1] _process (res://scripts/player/player_controller.gd:330)
ERROR: Basis [X: (0.980988, 0.009652, 0.193824), Y: (-0.021084, 0.99814, 0.057005), Z: (-0.192917, -0.060007, 0.979367)] must be normalized in order to be casted to a Quaternion. Use get_rotation_quaternion() or call orthonormalized() if the Basis contains linearly independent vectors.
   at: get_quaternion (core/math/basis.cpp:717)
   GDScript backtrace (most recent call first):
       [0] _carry_service_light (res://scripts/player/player_controller.gd:430)
       [1] _process (res://scripts/player/player_controller.gd:330)
ERROR: Basis [X: (1.0, 0.0, 0.0), Y: (0.0, 0.999989, 0.0), Z: (0.0, 0.0, 0.999989)] must be normalized in order to be casted to a Quaternion. Use get_rotation_quaternion() or call orthonormalized() if the Basis contains linearly independent vectors.
   at: get_quaternion (core/math/basis.cpp:717)
   GDScript backtrace (most recent call first):
       [0] _carry_service_light (res://scripts/player/player_controller.gd:430)
       [1] _process (res://scripts/player/player_controller.gd:330)
ERROR: Basis [X: (0.980776, 0.009147, 0.194922), Y: (-0.020506, 0.99819, 0.056336), Z: (-0.194058, -0.05925, 0.979188)] must be normalized in order to be casted to a Quaternion. Use get_rotation_quaternion() or call orthonormalized() if the Basis contains linearly independent vectors.
   at: get_quaternion (core/math/basis.cpp:717)
   GDScript backtrace (most recent call first):
       [0] _carry_service_light (res://scripts/player/player_controller.gd:430)
       [1] _process (res://scripts/player/player_controller.gd:330)
ERROR: Basis [X: (1.0, 0.0, 0.0), Y: (0.0, 0.999989, 0.0), Z: (0.0, 0.0, 0.999989)] must be normalized in order to be casted to a Quaternion. Use get_rotation_quaternion() or call orthonormalized() if the Basis contains linearly independent vectors.
   at: get_quaternion (core/math/basis.cpp:717)
   GDScript backtrace (most recent call first):
       [0] _carry_service_light (res://scripts/player/player_controller.gd:430)
       [1] _process (res://scripts/player/player_controller.gd:330)
ERROR: Basis [X: (0.980583, 0.008685, 0.195912), Y: (-0.019977, 0.998235, 0.05573), Z: (-0.195087, -0.058561, 0.979025)] must be normalized in order to be casted to a Quaternion. Use get_rotation_quaternion() or call orthonormalized() if the Basis contains linearly independent vectors.
   at: get_quaternion (core/math/basis.cpp:717)
   GDScript backtrace (most recent call first):
       [0] _carry_service_light (res://scripts/player/player_controller.gd:430)
       [1] _process (res://scripts/player/player_controller.gd:330)
ERROR: Basis [X: (1.0, 0.0, 0.0), Y: (0.0, 0.999989, 0.0), Z: (0.0, 0.0, 0.999989)] must be normalized in order to be casted to a Quaternion. Use get_rotation_quaternion() or call orthonormalized() if the Basis contains linearly independent vectors.
   at: get_quaternion (core/math/basis.cpp:717)
   GDScript backtrace (most recent call first):
       [0] _carry_service_light (res://scripts/player/player_controller.gd:430)
       [1] _process (res://scripts/player/player_controller.gd:330)
ERROR: Basis [X: (0.980407, 0.008263, 0.196806), Y: (-0.019491, 0.998275, 0.055178), Z: (-0.196015, -0.057933, 0.978877)] must be normalized in order to be casted to a Quaternion. Use get_rotation_quaternion() or call orthonormalized() if the Basis contains linearly independent vectors.
   at: get_quaternion (core/math/basis.cpp:717)
   GDScript backtrace (most recent call first):
       [0] _carry_service_light (res://scripts/player/player_controller.gd:430)
       [1] _process (res://scripts/player/player_controller.gd:330)
ERROR: Basis [X: (1.0, 0.0, 0.0), Y: (0.0, 0.999989, 0.0), Z: (0.0, 0.0, 0.999989)] must be normalized in order to be casted to a Quaternion. Use get_rotation_quaternion() or call orthonormalized() if the Basis contains linearly independent vectors.
   at: get_quaternion (core/math/basis.cpp:717)
   GDScript backtrace (most recent call first):
       [0] _carry_service_light (res://scripts/player/player_controller.gd:430)
       [1] _process (res://scripts/player/player_controller.gd:330)
ERROR: Basis [X: (0.980248, 0.007877, 0.197612), Y: (-0.019045, 0.998311, 0.054677), Z: (-0.196852, -0.057361, 0.978743)] must be normalized in order to be casted to a Quaternion. Use get_rotation_quaternion() or call orthonormalized() if the Basis contains linearly independent vectors.
   at: get_quaternion (core/math/basis.cpp:717)
   GDScript backtrace (most recent call first):
       [0] _carry_service_light (res://scripts/player/player_controller.gd:430)
       [1] _process (res://scripts/player/player_controller.gd:330)
ERROR: Basis [X: (1.0, 0.0, 0.0), Y: (0.0, 0.999989, 0.0), Z: (0.0, 0.0, 0.999989)] must be normalized in order to be casted to a Quaternion. Use get_rotation_quaternion() or call orthonormalized() if the Basis contains linearly independent vectors.
   at: get_quaternion (core/math/basis.cpp:717)
   GDScript backtrace (most recent call first):
       [0] _carry_service_light (res://scripts/player/player_controller.gd:430)
       [1] _process (res://scripts/player/player_controller.gd:330)
ERROR: Basis [X: (0.980104, 0.007522, 0.19834), Y: (-0.018635, 0.998344, 0.05422), Z: (-0.197608, -0.056837, 0.978621)] must be normalized in order to be casted to a Quaternion. Use get_rotation_quaternion() or call orthonormalized() if the Basis contains linearly independent vectors.
   at: get_quaternion (core/math/basis.cpp:717)
   GDScript backtrace (most recent call first):
       [0] _carry_service_light (res://scripts/player/player_controller.gd:430)
       [1] _process (res://scripts/player/player_controller.gd:330)
ERROR: Basis [X: (1.0, 0.0, 0.0), Y: (0.0, 0.999989, 0.0), Z: (0.0, 0.0, 0.999989)] must be normalized in order to be casted to a Quaternion. Use get_rotation_quaternion() or call orthonormalized() if the Basis contains linearly independent vectors.
   at: get_quaternion (core/math/basis.cpp:717)
   GDScript backtrace (most recent call first):
       [0] _carry_service_light (res://scripts/player/player_controller.gd:430)
       [1] _process (res://scripts/player/player_controller.gd:330)
ERROR: Basis [X: (0.979973, 0.007197, 0.198997), Y: (-0.018258, 0.998373, 0.053803), Z: (-0.19829, -0.056358, 0.97851)] must be normalized in order to be casted to a Quaternion. Use get_rotation_quaternion() or call orthonormalized() if the Basis contains linearly independent vectors.
   at: get_quaternion (core/math/basis.cpp:717)
   GDScript backtrace (most recent call first):
       [0] _carry_service_light (res://scripts/player/player_controller.gd:430)
       [1] _process (res://scripts/player/player_controller.gd:330)
ERROR: Basis [X: (1.0, 0.0, 0.0), Y: (0.0, 0.999989, 0.0), Z: (0.0, 0.0, 0.999989)] must be normalized in order to be casted to a Quaternion. Use get_rotation_quaternion() or call orthonormalized() if the Basis contains linearly independent vectors.
   at: get_quaternion (core/math/basis.cpp:717)
   GDScript backtrace (most recent call first):
       [0] _carry_service_light (res://scripts/player/player_controller.gd:430)
       [1] _process (res://scripts/player/player_controller.gd:330)
ERROR: Basis [X: (0.979803, 0.008635, 0.199777), Y: (-0.017822, 0.998851, 0.044229), Z: (-0.19917, -0.046896, 0.978831)] must be normalized in order to be casted to a Quaternion. Use get_rotation_quaternion() or call orthonormalized() if the Basis contains linearly independent vectors.
   at: get_quaternion (core/math/basis.cpp:717)
   GDScript backtrace (most recent call first):
       [0] _carry_service_light (res://scripts/player/player_controller.gd:430)
       [1] _process (res://scripts/player/player_controller.gd:330)
ERROR: Basis [X: (1.0, 0.0, 0.0), Y: (0.0, 0.999989, 0.0), Z: (0.0, 0.0, 0.999989)] must be normalized in order to be casted to a Quaternion. Use get_rotation_quaternion() or call orthonormalized() if the Basis contains linearly independent vectors.
   at: get_quaternion (core/math/basis.cpp:717)
   GDScript backtrace (most recent call first):
       [0] _carry_service_light (res://scripts/player/player_controller.gd:430)
       [1] _process (res://scripts/player/player_controller.gd:330)
ERROR: Basis [X: (0.979031, 0.01085, 0.203421), Y: (-0.016185, 0.999555, 0.024578), Z: (-0.203069, -0.027355, 0.978771)] must be normalized in order to be casted to a Quaternion. Use get_rotation_quaternion() or call orthonormalized() if the Basis contains linearly independent vectors.
   at: get_quaternion (core/math/basis.cpp:717)
   GDScript backtrace (most recent call first):
       [0] _carry_service_light (res://scripts/player/player_controller.gd:430)
       [1] _process (res://scripts/player/player_controller.gd:330)
ERROR: Basis [X: (1.0, 0.0, 0.0), Y: (0.0, 0.999988, 0.0), Z: (0.0, 0.0, 0.999988)] must be normalized in order to be casted to a Quaternion. Use get_rotation_quaternion() or call orthonormalized() if the Basis contains linearly independent vectors.
   at: get_quaternion (core/math/basis.cpp:717)
   GDScript backtrace (most recent call first):
       [0] _carry_service_light (res://scripts/player/player_controller.gd:430)
       [1] _process (res://scripts/player/player_controller.gd:330)
ERROR: Basis [X: (0.978444, 0.016355, 0.205861), Y: (-0.014692, 0.999834, -0.009606), Z: (-0.205989, 0.006374, 0.978522)] must be normalized in order to be casted to a Quaternion. Use get_rotation_quaternion() or call orthonormalized() if the Basis contains linearly independent vectors.
   at: get_quaternion (core/math/basis.cpp:717)
   GDScript backtrace (most recent call first):
       [0] _carry_service_light (res://scripts/player/player_controller.gd:430)
       [1] _process (res://scripts/player/player_controller.gd:330)
ERROR: Basis [X: (1.0, 0.0, 0.0), Y: (0.0, 0.999988, 0.0), Z: (0.0, 0.0, 0.999988)] must be normalized in order to be casted to a Quaternion. Use get_rotation_quaternion() or call orthonormalized() if the Basis contains linearly independent vectors.
   at: get_quaternion (core/math/basis.cpp:717)
   GDScript backtrace (most recent call first):
       [0] _carry_service_light (res://scripts/player/player_controller.gd:430)
       [1] _process (res://scripts/player/player_controller.gd:330)
ERROR: Basis [X: (0.9771, 0.019026, 0.211928), Y: (-0.01171, 0.999281, -0.035725), Z: (-0.21246, 0.032425, 0.97662)] must be normalized in order to be casted to a Quaternion. Use get_rotation_quaternion() or call orthonormalized() if the Basis contains linearly independent vectors.
   at: get_quaternion (core/math/basis.cpp:717)
   GDScript backtrace (most recent call first):
       [0] _carry_service_light (res://scripts/player/player_controller.gd:430)
       [1] _process (res://scripts/player/player_controller.gd:330)
ERROR: Basis [X: (1.0, 0.0, 0.0), Y: (0.0, 0.999988, 0.0), Z: (0.0, 0.0, 0.999988)] must be normalized in order to be casted to a Quaternion. Use get_rotation_quaternion() or call orthonormalized() if the Basis contains linearly independent vectors.
   at: get_quaternion (core/math/basis.cpp:717)
   GDScript backtrace (most recent call first):
       [0] _carry_service_light (res://scripts/player/player_controller.gd:430)
       [1] _process (res://scripts/player/player_controller.gd:330)
ERROR: Basis [X: (0.976235, 0.024168, 0.215361), Y: (-0.009806, 0.997659, -0.067508), Z: (-0.216494, 0.063791, 0.974186)] must be normalized in order to be casted to a Quaternion. Use get_rotation_quaternion() or call orthonormalized() if the Basis contains linearly independent vectors.
   at: get_quaternion (core/math/basis.cpp:717)
   GDScript backtrace (most recent call first):
       [0] _carry_service_light (res://scripts/player/player_controller.gd:430)
       [1] _process (res://scripts/player/player_controller.gd:330)
ERROR: Basis [X: (1.0, 0.0, 0.0), Y: (0.0, 0.999988, 0.0), Z: (0.0, 0.0, 0.999988)] must be normalized in order to be casted to a Quaternion. Use get_rotation_quaternion() or call orthonormalized() if the Basis contains linearly independent vectors.
   at: get_quaternion (core/math/basis.cpp:717)
   GDScript backtrace (most recent call first):
       [0] _carry_service_light (res://scripts/player/player_controller.gd:430)
       [1] _process (res://scripts/player/player_controller.gd:330)
ERROR: Basis [X: (0.97516, 0.028813, 0.219617), Y: (-0.007472, 0.995207, -0.097389), Z: (-0.221375, 0.093329, 0.970701)] must be normalized in order to be casted to a Quaternion. Use get_rotation_quaternion() or call orthonormalized() if the Basis contains linearly independent vectors.
   at: get_quaternion (core/math/basis.cpp:717)
   GDScript backtrace (most recent call first):
       [0] _carry_service_light (res://scripts/player/player_controller.gd:430)
       [1] _process (res://scripts/player/player_controller.gd:330)
ERROR: Basis [X: (1.0, 0.0, 0.0), Y: (0.0, 0.999988, 0.0), Z: (0.0, 0.0, 0.999988)] must be normalized in order to be casted to a Quaternion. Use get_rotation_quaternion() or call orthonormalized() if the Basis contains linearly independent vectors.
   at: get_quaternion (core/math/basis.cpp:717)
   GDScript backtrace (most recent call first):
       [0] _carry_service_light (res://scripts/player/player_controller.gd:430)
       [1] _process (res://scripts/player/player_controller.gd:330)
ERROR: Basis [X: (0.974285, 0.035471, 0.222509), Y: (-0.005576, 0.991012, -0.133567), Z: (-0.225252, 0.128891, 0.965726)] must be normalized in order to be casted to a Quaternion. Use get_rotation_quaternion() or call orthonormalized() if the Basis contains linearly independent vectors.
   at: get_quaternion (core/math/basis.cpp:717)
   GDScript backtrace (most recent call first):
       [0] _carry_service_light (res://scripts/player/player_controller.gd:430)
       [1] _process (res://scripts/player/player_controller.gd:330)
ERROR: Basis [X: (1.0, 0.0, 0.0), Y: (0.0, 0.999988, 0.0), Z: (0.0, 0.0, 0.999988)] must be normalized in order to be casted to a Quaternion. Use get_rotation_quaternion() or call orthonormalized() if the Basis contains linearly independent vectors.
   at: get_quaternion (core/math/basis.cpp:717)
   GDScript backtrace (most recent call first):
       [0] _carry_service_light (res://scripts/player/player_controller.gd:430)
       [1] _process (res://scripts/player/player_controller.gd:330)
ERROR: Basis [X: (0.973311, 0.038657, 0.226208), Y: (-0.003422, 0.988034, -0.154124), Z: (-0.229464, 0.149236, 0.961796)] must be normalized in order to be casted to a Quaternion. Use get_rotation_quaternion() or call orthonormalized() if the Basis contains linearly independent vectors.
   at: get_quaternion (core/math/basis.cpp:717)
   GDScript backtrace (most recent call first):
       [0] _carry_service_light (res://scripts/player/player_controller.gd:430)
       [1] _process (res://scripts/player/player_controller.gd:330)
ERROR: Basis [X: (1.0, 0.0, 0.0), Y: (0.0, 0.999988, 0.0), Z: (0.0, 0.0, 0.999988)] must be normalized in order to be casted to a Quaternion. Use get_rotation_quaternion() or call orthonormalized() if the Basis contains linearly independent vectors.
   at: get_quaternion (core/math/basis.cpp:717)
   GDScript backtrace (most recent call first):
       [0] _carry_service_light (res://scripts/player/player_controller.gd:430)
       [1] _process (res://scripts/player/player_controller.gd:330)
ERROR: Basis [X: (0.973006, 0.04565, 0.226219), Y: (-0.002738, 0.982444, -0.186476), Z: (-0.230765, 0.180823, 0.956048)] must be normalized in order to be casted to a Quaternion. Use get_rotation_quaternion() or call orthonormalized() if the Basis contains linearly independent vectors.
   at: get_quaternion (core/math/basis.cpp:717)
   GDScript backtrace (most recent call first):
       [0] _carry_service_light (res://scripts/player/player_controller.gd:430)
       [1] _process (res://scripts/player/player_controller.gd:330)
ERROR: Basis [X: (1.0, 0.0, 0.0), Y: (0.0, 0.999988, 0.0), Z: (0.0, 0.0, 0.999988)] must be normalized in order to be casted to a Quaternion. Use get_rotation_quaternion() or call orthonormalized() if the Basis contains linearly independent vectors.
   at: get_quaternion (core/math/basis.cpp:717)
   GDScript backtrace (most recent call first):
       [0] _carry_service_light (res://scripts/player/player_controller.gd:430)
       [1] _process (res://scripts/player/player_controller.gd:330)
ERROR: Basis [X: (0.97207, 0.049176, 0.22948), Y: (-0.000789, 0.978468, -0.20634), Z: (-0.234691, 0.200396, 0.951178)] must be normalized in order to be casted to a Quaternion. Use get_rotation_quaternion() or call orthonormalized() if the Basis contains linearly independent vectors.
   at: get_quaternion (core/math/basis.cpp:717)
   GDScript backtrace (most recent call first):
       [0] _carry_service_light (res://scripts/player/player_controller.gd:430)
       [1] _process (res://scripts/player/player_controller.gd:330)
ERROR: Basis [X: (1.0, 0.0, 0.0), Y: (0.0, 0.999988, 0.0), Z: (0.0, 0.0, 0.999988)] must be normalized in order to be casted to a Quaternion. Use get_rotation_quaternion() or call orthonormalized() if the Basis contains linearly independent vectors.
   at: get_quaternion (core/math/basis.cpp:717)
   GDScript backtrace (most recent call first):
       [0] _carry_service_light (res://scripts/player/player_controller.gd:430)
       [1] _process (res://scripts/player/player_controller.gd:330)
ERROR: Basis [X: (0.97207, 0.052275, 0.228792), Y: (-0.000627, 0.975441, -0.220208), Z: (-0.23469, 0.213914, 0.948229)] must be normalized in order to be casted to a Quaternion. Use get_rotation_quaternion() or call orthonormalized() if the Basis contains linearly independent vectors.
   at: get_quaternion (core/math/basis.cpp:717)
   GDScript backtrace (most recent call first):
       [0] _carry_service_light (res://scripts/player/player_controller.gd:430)
       [1] _process (res://scripts/player/player_controller.gd:330)
ERROR: Basis [X: (1.0, 0.0, 0.0), Y: (0.0, 0.999988, 0.0), Z: (0.0, 0.0, 0.999988)] must be normalized in order to be casted to a Quaternion. Use get_rotation_quaternion() or call orthonormalized() if the Basis contains linearly independent vectors.
   at: get_quaternion (core/math/basis.cpp:717)
   GDScript backtrace (most recent call first):
       [0] _carry_service_light (res://scripts/player/player_controller.gd:430)
       [1] _process (res://scripts/player/player_controller.gd:330)
ERROR: Basis [X: (0.972124, 0.054352, 0.228076), Y: (-0.00067, 0.973388, -0.22911), Z: (-0.234465, 0.222571, 0.946291)] must be normalized in order to be casted to a Quaternion. Use get_rotation_quaternion() or call orthonormalized() if the Basis contains linearly independent vectors.
   at: get_quaternion (core/math/basis.cpp:717)
   GDScript backtrace (most recent call first):
       [0] _carry_service_light (res://scripts/player/player_controller.gd:430)
       [1] _process (res://scripts/player/player_controller.gd:330)
ERROR: Basis [X: (1.0, 0.0, 0.0), Y: (0.0, 0.999988, 0.0), Z: (0.0, 0.0, 0.999988)] must be normalized in order to be casted to a Quaternion. Use get_rotation_quaternion() or call orthonormalized() if the Basis contains linearly independent vectors.
   at: get_quaternion (core/math/basis.cpp:717)
   GDScript backtrace (most recent call first):
       [0] _carry_service_light (res://scripts/player/player_controller.gd:430)
       [1] _process (res://scripts/player/player_controller.gd:330)
ERROR: Basis [X: (0.972476, 0.056036, 0.226161), Y: (-0.001268, 0.971896, -0.235356), Z: (-0.232999, 0.228592, 0.945217)] must be normalized in order to be casted to a Quaternion. Use get_rotation_quaternion() or call orthonormalized() if the Basis contains linearly independent vectors.
   at: get_quaternion (core/math/basis.cpp:717)
   GDScript backtrace (most recent call first):
       [0] _carry_service_light (res://scripts/player/player_controller.gd:430)
       [1] _process (res://scripts/player/player_controller.gd:330)
ERROR: Basis [X: (1.0, 0.0, 0.0), Y: (0.0, 0.999988, 0.0), Z: (0.0, 0.0, 0.999988)] must be normalized in order to be casted to a Quaternion. Use get_rotation_quaternion() or call orthonormalized() if the Basis contains linearly independent vectors.
   at: get_quaternion (core/math/basis.cpp:717)
   GDScript backtrace (most recent call first):
       [0] _carry_service_light (res://scripts/player/player_controller.gd:430)
       [1] _process (res://scripts/player/player_controller.gd:330)
ERROR: Basis [X: (0.972786, 0.058202, 0.224273), Y: (-0.001848, 0.969844, -0.24367), Z: (-0.231697, 0.236624, 0.943559)] must be normalized in order to be casted to a Quaternion. Use get_rotation_quaternion() or call orthonormalized() if the Basis contains linearly independent vectors.
   at: get_quaternion (core/math/basis.cpp:717)
   GDScript backtrace (most recent call first):
       [0] _carry_service_light (res://scripts/player/player_controller.gd:430)
       [1] _process (res://scripts/player/player_controller.gd:330)
ERROR: Basis [X: (1.0, 0.0, 0.0), Y: (0.0, 0.999988, 0.0), Z: (0.0, 0.0, 0.999988)] must be normalized in order to be casted to a Quaternion. Use get_rotation_quaternion() or call orthonormalized() if the Basis contains linearly independent vectors.
   at: get_quaternion (core/math/basis.cpp:717)
   GDScript backtrace (most recent call first):
       [0] _carry_service_light (res://scripts/player/player_controller.gd:430)
       [1] _process (res://scripts/player/player_controller.gd:330)
ERROR: Basis [X: (0.973006, 0.061835, 0.222338), Y: (-0.002219, 0.965886, -0.258912), Z: (-0.230769, 0.251429, 0.93995)] must be normalized in order to be casted to a Quaternion. Use get_rotation_quaternion() or call orthonormalized() if the Basis contains linearly independent vectors.
   at: get_quaternion (core/math/basis.cpp:717)
   GDScript backtrace (most recent call first):
       [0] _carry_service_light (res://scripts/player/player_controller.gd:430)
       [1] _process (res://scripts/player/player_controller.gd:330)
ERROR: Basis [X: (1.0, 0.0, 0.0), Y: (0.0, 0.999988, 0.0), Z: (0.0, 0.0, 0.999988)] must be normalized in order to be casted to a Quaternion. Use get_rotation_quaternion() or call orthonormalized() if the Basis contains linearly independent vectors.
   at: get_quaternion (core/math/basis.cpp:717)
   GDScript backtrace (most recent call first):
       [0] _carry_service_light (res://scripts/player/player_controller.gd:430)
       [1] _process (res://scripts/player/player_controller.gd:330)
ERROR: Basis [X: (0.972908, 0.063281, 0.222358), Y: (-0.001931, 0.963989, -0.265891), Z: (-0.231182, 0.258258, 0.937995)] must be normalized in order to be casted to a Quaternion. Use get_rotation_quaternion() or call orthonormalized() if the Basis contains linearly independent vectors.
   at: get_quaternion (core/math/basis.cpp:717)
   GDScript backtrace (most recent call first):
       [0] _carry_service_light (res://scripts/player/player_controller.gd:430)
       [1] _process (res://scripts/player/player_controller.gd:330)
ERROR: Basis [X: (1.0, 0.0, 0.0), Y: (0.0, 0.999988, 0.0), Z: (0.0, 0.0, 0.999988)] must be normalized in order to be casted to a Quaternion. Use get_rotation_quaternion() or call orthonormalized() if the Basis contains linearly independent vectors.
   at: get_quaternion (core/math/basis.cpp:717)
   GDScript backtrace (most recent call first):
       [0] _carry_service_light (res://scripts/player/player_controller.gd:430)
       [1] _process (res://scripts/player/player_controller.gd:330)
ERROR: Basis [X: (0.973295, 0.064372, 0.220344), Y: (-0.002607, 0.962903, -0.269792), Z: (-0.229543, 0.262013, 0.937356)] must be normalized in order to be casted to a Quaternion. Use get_rotation_quaternion() or call orthonormalized() if the Basis contains linearly independent vectors.
   at: get_quaternion (core/math/basis.cpp:717)
   GDScript backtrace (most recent call first):
       [0] _carry_service_light (res://scripts/player/player_controller.gd:430)
       [1] _process (res://scripts/player/player_controller.gd:330)
ERROR: Basis [X: (1.0, 0.0, 0.0), Y: (0.0, 0.999988, 0.0), Z: (0.0, 0.0, 0.999988)] must be normalized in order to be casted to a Quaternion. Use get_rotation_quaternion() or call orthonormalized() if the Basis contains linearly independent vectors.
   at: get_quaternion (core/math/basis.cpp:717)
   GDScript backtrace (most recent call first):
       [0] _carry_service_light (res://scripts/player/player_controller.gd:430)
       [1] _process (res://scripts/player/player_controller.gd:330)
ERROR: Basis [X: (0.973697, 0.064954, 0.21839), Y: (-0.003349, 0.962469, -0.271328), Z: (-0.227823, 0.26346, 0.93737)] must be normalized in order to be casted to a Quaternion. Use get_rotation_quaternion() or call orthonormalized() if the Basis contains linearly independent vectors.
   at: get_quaternion (core/math/basis.cpp:717)
   GDScript backtrace (most recent call first):
       [0] _carry_service_light (res://scripts/player/player_controller.gd:430)
       [1] _process (res://scripts/player/player_controller.gd:330)
ERROR: Basis [X: (1.0, 0.0, 0.0), Y: (0.0, 0.999988, 0.0), Z: (0.0, 0.0, 0.999988)] must be normalized in order to be casted to a Quaternion. Use get_rotation_quaternion() or call orthonormalized() if the Basis contains linearly independent vectors.
   at: get_quaternion (core/math/basis.cpp:717)
   GDScript backtrace (most recent call first):
       [0] _carry_service_light (res://scripts/player/player_controller.gd:430)
       [1] _process (res://scripts/player/player_controller.gd:330)
ERROR: Basis [X: (0.974051, 0.066516, 0.216329), Y: (-0.004057, 0.960804, -0.277155), Z: (-0.226291, 0.269086, 0.936142)] must be normalized in order to be casted to a Quaternion. Use get_rotation_quaternion() or call orthonormalized() if the Basis contains linearly independent vectors.
   at: get_quaternion (core/math/basis.cpp:717)
   GDScript backtrace (most recent call first):
       [0] _carry_service_light (res://scripts/player/player_controller.gd:430)
       [1] _process (res://scripts/player/player_controller.gd:330)
ERROR: Basis [X: (1.0, 0.0, 0.0), Y: (0.0, 0.999988, 0.0), Z: (0.0, 0.0, 0.999988)] must be normalized in order to be casted to a Quaternion. Use get_rotation_quaternion() or call orthonormalized() if the Basis contains linearly independent vectors.
   at: get_quaternion (core/math/basis.cpp:717)
   GDScript backtrace (most recent call first):
       [0] _carry_service_light (res://scripts/player/player_controller.gd:430)
       [1] _process (res://scripts/player/player_controller.gd:330)
ERROR: Basis [X: (0.974376, 0.06754, 0.214541), Y: (-0.004587, 0.959607, -0.281262), Z: (-0.224877, 0.273071, 0.935328)] must be normalized in order to be casted to a Quaternion. Use get_rotation_quaternion() or call orthonormalized() if the Basis contains linearly independent vectors.
   at: get_quaternion (core/math/basis.cpp:717)
   GDScript backtrace (most recent call first):
       [0] _carry_service_light (res://scripts/player/player_controller.gd:430)
       [1] _process (res://scripts/player/player_controller.gd:330)
ERROR: Basis [X: (1.0, 0.0, 0.0), Y: (0.0, 0.999988, 0.0), Z: (0.0, 0.0, 0.999988)] must be normalized in order to be casted to a Quaternion. Use get_rotation_quaternion() or call orthonormalized() if the Basis contains linearly independent vectors.
   at: get_quaternion (core/math/basis.cpp:717)
   GDScript backtrace (most recent call first):
       [0] _carry_service_light (res://scripts/player/player_controller.gd:430)
       [1] _process (res://scripts/player/player_controller.gd:330)
ERROR: Basis [X: (0.974722, 0.06807, 0.212796), Y: (-0.005198, 0.959096, -0.282991), Z: (-0.223361, 0.274731, 0.935206)] must be normalized in order to be casted to a Quaternion. Use get_rotation_quaternion() or call orthonormalized() if the Basis contains linearly independent vectors.
   at: get_quaternion (core/math/basis.cpp:717)
   GDScript backtrace (most recent call first):
       [0] _carry_service_light (res://scripts/player/player_controller.gd:430)
       [1] _process (res://scripts/player/player_controller.gd:330)
ERROR: Basis [X: (1.0, 0.0, 0.0), Y: (0.0, 0.999988, 0.0), Z: (0.0, 0.0, 0.999988)] must be normalized in order to be casted to a Quaternion. Use get_rotation_quaternion() or call orthonormalized() if the Basis contains linearly independent vectors.
   at: get_quaternion (core/math/basis.cpp:717)
   GDScript backtrace (most recent call first):
       [0] _carry_service_light (res://scripts/player/player_controller.gd:430)
       [1] _process (res://scripts/player/player_controller.gd:330)
ERROR: Basis [X: (0.975027, 0.068589, 0.211227), Y: (-0.005788, 0.958626, -0.284568), Z: (-0.222011, 0.276239, 0.935083)] must be normalized in order to be casted to a Quaternion. Use get_rotation_quaternion() or call orthonormalized() if the Basis contains linearly independent vectors.
   at: get_quaternion (core/math/basis.cpp:717)
   GDScript backtrace (most recent call first):
       [0] _carry_service_light (res://scripts/player/player_controller.gd:430)
       [1] _process (res://scripts/player/player_controller.gd:330)
ERROR: Basis [X: (1.0, 0.0, 0.0), Y: (0.0, 0.999988, 0.0), Z: (0.0, 0.0, 0.999988)] must be normalized in order to be casted to a Quaternion. Use get_rotation_quaternion() or call orthonormalized() if the Basis contains linearly independent vectors.
   at: get_quaternion (core/math/basis.cpp:717)
   GDScript backtrace (most recent call first):
       [0] _carry_service_light (res://scripts/player/player_controller.gd:430)
       [1] _process (res://scripts/player/player_controller.gd:330)
ERROR: Basis [X: (0.975358, 0.068623, 0.20968), Y: (-0.006402, 0.958788, -0.284007), Z: (-0.220534, 0.275667, 0.935601)] must be normalized in order to be casted to a Quaternion. Use get_rotation_quaternion() or call orthonormalized() if the Basis contains linearly independent vectors.
   at: get_quaternion (core/math/basis.cpp:717)
   GDScript backtrace (most recent call first):
       [0] _carry_service_light (res://scripts/player/player_controller.gd:430)
       [1] _process (res://scripts/player/player_controller.gd:330)
ERROR: Basis [X: (1.0, 0.0, 0.0), Y: (0.0, 0.999988, 0.0), Z: (0.0, 0.0, 0.999988)] must be normalized in order to be casted to a Quaternion. Use get_rotation_quaternion() or call orthonormalized() if the Basis contains linearly independent vectors.
   at: get_quaternion (core/math/basis.cpp:717)
   GDScript backtrace (most recent call first):
       [0] _carry_service_light (res://scripts/player/player_controller.gd:430)
       [1] _process (res://scripts/player/player_controller.gd:330)
ERROR: Basis [X: (0.975708, 0.069144, 0.207872), Y: (-0.007086, 0.958337, -0.285508), Z: (-0.218958, 0.277099, 0.935548)] must be normalized in order to be casted to a Quaternion. Use get_rotation_quaternion() or call orthonormalized() if the Basis contains linearly independent vectors.
   at: get_quaternion (core/math/basis.cpp:717)
   GDScript backtrace (most recent call first):
       [0] _carry_service_light (res://scripts/player/player_controller.gd:430)
       [1] _process (res://scripts/player/player_controller.gd:330)
ERROR: Basis [X: (1.0, 0.0, 0.0), Y: (0.0, 0.999988, 0.0), Z: (0.0, 0.0, 0.999988)] must be normalized in order to be casted to a Quaternion. Use get_rotation_quaternion() or call orthonormalized() if the Basis contains linearly independent vectors.
   at: get_quaternion (core/math/basis.cpp:717)
   GDScript backtrace (most recent call first):
       [0] _carry_service_light (res://scripts/player/player_controller.gd:430)
       [1] _process (res://scripts/player/player_controller.gd:330)
ERROR: Basis [X: (0.975968, 0.069159, 0.206647), Y: (-0.007555, 0.958459, -0.285088), Z: (-0.217784, 0.276676, 0.935947)] must be normalized in order to be casted to a Quaternion. Use get_rotation_quaternion() or call orthonormalized() if the Basis contains linearly independent vectors.
   at: get_quaternion (core/math/basis.cpp:717)
   GDScript backtrace (most recent call first):
       [0] _carry_service_light (res://scripts/player/player_controller.gd:430)
       [1] _process (res://scripts/player/player_controller.gd:330)
ERROR: Basis [X: (1.0, 0.0, 0.0), Y: (0.0, 0.999988, 0.0), Z: (0.0, 0.0, 0.999988)] must be normalized in order to be casted to a Quaternion. Use get_rotation_quaternion() or call orthonormalized() if the Basis contains linearly independent vectors.
   at: get_quaternion (core/math/basis.cpp:717)
   GDScript backtrace (most recent call first):
       [0] _carry_service_light (res://scripts/player/player_controller.gd:430)
       [1] _process (res://scripts/player/player_controller.gd:330)
ERROR: Basis [X: (0.976196, 0.070118, 0.205241), Y: (-0.008017, 0.957307, -0.288919), Z: (-0.216742, 0.280396, 0.935082)] must be normalized in order to be casted to a Quaternion. Use get_rotation_quaternion() or call orthonormalized() if the Basis contains linearly independent vectors.
   at: get_quaternion (core/math/basis.cpp:717)
   GDScript backtrace (most recent call first):
       [0] _carry_service_light (res://scripts/player/player_controller.gd:430)
       [1] _process (res://scripts/player/player_controller.gd:330)
ERROR: Basis [X: (1.0, 0.0, 0.0), Y: (0.0, 0.999988, 0.0), Z: (0.0, 0.0, 0.999988)] must be normalized in order to be casted to a Quaternion. Use get_rotation_quaternion() or call orthonormalized() if the Basis contains linearly independent vectors.
   at: get_quaternion (core/math/basis.cpp:717)
   GDScript backtrace (most recent call first):
       [0] _carry_service_light (res://scripts/player/player_controller.gd:430)
       [1] _process (res://scripts/player/player_controller.gd:330)
ERROR: Basis [X: (0.976294, 0.071504, 0.204294), Y: (-0.00815, 0.955319, -0.295423), Z: (-0.216295, 0.286755, 0.933255)] must be normalized in order to be casted to a Quaternion. Use get_rotation_quaternion() or call orthonormalized() if the Basis contains linearly independent vectors.
   at: get_quaternion (core/math/basis.cpp:717)
   GDScript backtrace (most recent call first):
       [0] _carry_service_light (res://scripts/player/player_controller.gd:430)
       [1] _process (res://scripts/player/player_controller.gd:330)
ERROR: Basis [X: (1.0, 0.0, 0.0), Y: (0.0, 0.999988, 0.0), Z: (0.0, 0.0, 0.999988)] must be normalized in order to be casted to a Quaternion. Use get_rotation_quaternion() or call orthonormalized() if the Basis contains linearly independent vectors.
   at: get_quaternion (core/math/basis.cpp:717)
   GDScript backtrace (most recent call first):
       [0] _carry_service_light (res://scripts/player/player_controller.gd:430)
       [1] _process (res://scripts/player/player_controller.gd:330)
ERROR: Basis [X: (0.976042, 0.072369, 0.205191), Y: (-0.007669, 0.95391, -0.299955), Z: (-0.217446, 0.291195, 0.931611)] must be normalized in order to be casted to a Quaternion. Use get_rotation_quaternion() or call orthonormalized() if the Basis contains linearly independent vectors.
   at: get_quaternion (core/math/basis.cpp:717)
   GDScript backtrace (most recent call first):
       [0] _carry_service_light (res://scripts/player/player_controller.gd:430)
       [1] _process (res://scripts/player/player_controller.gd:330)
ERROR: Basis [X: (1.0, 0.0, 0.0), Y: (0.0, 0.999988, 0.0), Z: (0.0, 0.0, 0.999988)] must be normalized in order to be casted to a Quaternion. Use get_rotation_quaternion() or call orthonormalized() if the Basis contains linearly independent vectors.
   at: get_quaternion (core/math/basis.cpp:717)
   GDScript backtrace (most recent call first):
       [0] _carry_service_light (res://scripts/player/player_controller.gd:430)
       [1] _process (res://scripts/player/player_controller.gd:330)
ERROR: Basis [X: (0.975926, 0.073734, 0.205257), Y: (-0.007461, 0.951843, -0.306455), Z: (-0.217974, 0.297547, 0.929479)] must be normalized in order to be casted to a Quaternion. Use get_rotation_quaternion() or call orthonormalized() if the Basis contains linearly independent vectors.
   at: get_quaternion (core/math/basis.cpp:717)
   GDScript backtrace (most recent call first):
       [0] _carry_service_light (res://scripts/player/player_controller.gd:430)
       [1] _process (res://scripts/player/player_controller.gd:330)
ERROR: Basis [X: (1.0, 0.0, 0.0), Y: (0.0, 0.999988, 0.0), Z: (0.0, 0.0, 0.999988)] must be normalized in order to be casted to a Quaternion. Use get_rotation_quaternion() or call orthonormalized() if the Basis contains linearly independent vectors.
   at: get_quaternion (core/math/basis.cpp:717)
   GDScript backtrace (most recent call first):
       [0] _carry_service_light (res://scripts/player/player_controller.gd:430)
       [1] _process (res://scripts/player/player_controller.gd:330)
ERROR: Basis [X: (0.975535, 0.073658, 0.207133), Y: (-0.006764, 0.951798, -0.30661), Z: (-0.219739, 0.297708, 0.929011)] must be normalized in order to be casted to a Quaternion. Use get_rotation_quaternion() or call orthonormalized() if the Basis contains linearly independent vectors.
   at: get_quaternion (core/math/basis.cpp:717)
   GDScript backtrace (most recent call first):
       [0] _carry_service_light (res://scripts/player/player_controller.gd:430)
       [1] _process (res://scripts/player/player_controller.gd:330)
ERROR: Basis [X: (1.0, 0.0, 0.0), Y: (0.0, 0.999988, 0.0), Z: (0.0, 0.0, 0.999988)] must be normalized in order to be casted to a Quaternion. Use get_rotation_quaternion() or call orthonormalized() if the Basis contains linearly independent vectors.
   at: get_quaternion (core/math/basis.cpp:717)
   GDScript backtrace (most recent call first):
       [0] _carry_service_light (res://scripts/player/player_controller.gd:430)
       [1] _process (res://scripts/player/player_controller.gd:330)
ERROR: Basis [X: (0.975403, 0.074574, 0.207428), Y: (-0.00664, 0.950533, -0.310515), Z: (-0.220329, 0.3015, 0.927648)] must be normalized in order to be casted to a Quaternion. Use get_rotation_quaternion() or call orthonormalized() if the Basis contains linearly independent vectors.
   at: get_quaternion (core/math/basis.cpp:717)
   GDScript backtrace (most recent call first):
       [0] _carry_service_light (res://scripts/player/player_controller.gd:430)
       [1] _process (res://scripts/player/player_controller.gd:330)
ERROR: Basis [X: (1.0, 0.0, 0.0), Y: (0.0, 0.999988, 0.0), Z: (0.0, 0.0, 0.999988)] must be normalized in order to be casted to a Quaternion. Use get_rotation_quaternion() or call orthonormalized() if the Basis contains linearly independent vectors.
   at: get_quaternion (core/math/basis.cpp:717)
   GDScript backtrace (most recent call first):
       [0] _carry_service_light (res://scripts/player/player_controller.gd:430)
       [1] _process (res://scripts/player/player_controller.gd:330)
ERROR: Basis [X: (0.975116, 0.074999, 0.208622), Y: (-0.006153, 0.94982, -0.312696), Z: (-0.22161, 0.303632, 0.926646)] must be normalized in order to be casted to a Quaternion. Use get_rotation_quaternion() or call orthonormalized() if the Basis contains linearly independent vectors.
   at: get_quaternion (core/math/basis.cpp:717)
   GDScript backtrace (most recent call first):
       [0] _carry_service_light (res://scripts/player/player_controller.gd:430)
       [1] _process (res://scripts/player/player_controller.gd:330)
ERROR: Basis [X: (1.0, 0.0, 0.0), Y: (0.0, 0.999988, 0.0), Z: (0.0, 0.0, 0.999988)] must be normalized in order to be casted to a Quaternion. Use get_rotation_quaternion() or call orthonormalized() if the Basis contains linearly independent vectors.
   at: get_quaternion (core/math/basis.cpp:717)
   GDScript backtrace (most recent call first):
       [0] _carry_service_light (res://scripts/player/player_controller.gd:430)
       [1] _process (res://scripts/player/player_controller.gd:330)
ERROR: Basis [X: (0.975147, 0.075924, 0.208142), Y: (-0.006213, 0.948441, -0.316855), Z: (-0.221473, 0.307687, 0.925341)] must be normalized in order to be casted to a Quaternion. Use get_rotation_quaternion() or call orthonormalized() if the Basis contains linearly independent vectors.
   at: get_quaternion (core/math/basis.cpp:717)
   GDScript backtrace (most recent call first):
       [0] _carry_service_light (res://scripts/player/player_controller.gd:430)
       [1] _process (res://scripts/player/player_controller.gd:330)
ERROR: Basis [X: (1.0, 0.0, 0.0), Y: (0.0, 0.999988, 0.0), Z: (0.0, 0.0, 0.999988)] must be normalized in order to be casted to a Quaternion. Use get_rotation_quaternion() or call orthonormalized() if the Basis contains linearly independent vectors.
   at: get_quaternion (core/math/basis.cpp:717)
   GDScript backtrace (most recent call first):
       [0] _carry_service_light (res://scripts/player/player_controller.gd:430)
       [1] _process (res://scripts/player/player_controller.gd:330)
ERROR: Basis [X: (0.974825, 0.076358, 0.209486), Y: (-0.005667, 0.947701, -0.319071), Z: (-0.222899, 0.309851, 0.924276)] must be normalized in order to be casted to a Quaternion. Use get_rotation_quaternion() or call orthonormalized() if the Basis contains linearly independent vectors.
   at: get_quaternion (core/math/basis.cpp:717)
   GDScript backtrace (most recent call first):
       [0] _carry_service_light (res://scripts/player/player_controller.gd:430)
       [1] _process (res://scripts/player/player_controller.gd:330)
ERROR: Basis [X: (1.0, 0.0, 0.0), Y: (0.0, 0.999988, 0.0), Z: (0.0, 0.0, 0.999988)] must be normalized in order to be casted to a Quaternion. Use get_rotation_quaternion() or call orthonormalized() if the Basis contains linearly independent vectors.
   at: get_quaternion (core/math/basis.cpp:717)
   GDScript backtrace (most recent call first):
       [0] _carry_service_light (res://scripts/player/player_controller.gd:430)
       [1] _process (res://scripts/player/player_controller.gd:330)
ERROR: Basis [X: (0.974708, 0.07777, 0.20951), Y: (-0.005492, 0.945536, -0.325435), Z: (-0.223414, 0.316054, 0.922048)] must be normalized in order to be casted to a Quaternion. Use get_rotation_quaternion() or call orthonormalized() if the Basis contains linearly independent vectors.
   at: get_quaternion (core/math/basis.cpp:717)
   GDScript backtrace (most recent call first):
       [0] _carry_service_light (res://scripts/player/player_controller.gd:430)
       [1] _process (res://scripts/player/player_controller.gd:330)
ERROR: Basis [X: (1.0, 0.0, 0.0), Y: (0.0, 0.999988, 0.0), Z: (0.0, 0.0, 0.999988)] must be normalized in order to be casted to a Quaternion. Use get_rotation_quaternion() or call orthonormalized() if the Basis contains linearly independent vectors.
   at: get_quaternion (core/math/basis.cpp:717)
   GDScript backtrace (most recent call first):
       [0] _carry_service_light (res://scripts/player/player_controller.gd:430)
       [1] _process (res://scripts/player/player_controller.gd:330)
ERROR: Basis [X: (0.974193, 0.078709, 0.211546), Y: (-0.004594, 0.943939, -0.330052), Z: (-0.22567, 0.320562, 0.91994)] must be normalized in order to be casted to a Quaternion. Use get_rotation_quaternion() or call orthonormalized() if the Basis contains linearly independent vectors.
   at: get_quaternion (core/math/basis.cpp:717)
   GDScript backtrace (most recent call first):
       [0] _carry_service_light (res://scripts/player/player_controller.gd:430)
       [1] _process (res://scripts/player/player_controller.gd:330)
ERROR: Basis [X: (1.0, 0.0, 0.0), Y: (0.0, 0.999988, 0.0), Z: (0.0, 0.0, 0.999988)] must be normalized in order to be casted to a Quaternion. Use get_rotation_quaternion() or call orthonormalized() if the Basis contains linearly independent vectors.
   at: get_quaternion (core/math/basis.cpp:717)
   GDScript backtrace (most recent call first):
       [0] _carry_service_light (res://scripts/player/player_controller.gd:430)
       [1] _process (res://scripts/player/player_controller.gd:330)
ERROR: Basis [X: (0.974143, 0.080132, 0.211242), Y: (-0.004467, 0.941625, -0.336597), Z: (-0.225889, 0.32695, 0.917635)] must be normalized in order to be casted to a Quaternion. Use get_rotation_quaternion() or call orthonormalized() if the Basis contains linearly independent vectors.
   at: get_quaternion (core/math/basis.cpp:717)
   GDScript backtrace (most recent call first):
       [0] _carry_service_light (res://scripts/player/player_controller.gd:430)
       [1] _process (res://scripts/player/player_controller.gd:330)
ERROR: Basis [X: (1.0, 0.0, 0.0), Y: (0.0, 0.999988, 0.0), Z: (0.0, 0.0, 0.999988)] must be normalized in order to be casted to a Quaternion. Use get_rotation_quaternion() or call orthonormalized() if the Basis contains linearly independent vectors.
   at: get_quaternion (core/math/basis.cpp:717)
   GDScript backtrace (most recent call first):
       [0] _carry_service_light (res://scripts/player/player_controller.gd:430)
       [1] _process (res://scripts/player/player_controller.gd:330)
ERROR: Basis [X: (0.974102, 0.080577, 0.21126), Y: (-0.004297, 0.940761, -0.339007), Z: (-0.226067, 0.32932, 0.916744)] must be normalized in order to be casted to a Quaternion. Use get_rotation_quaternion() or call orthonormalized() if the Basis contains linearly independent vectors.
   at: get_quaternion (core/math/basis.cpp:717)
   GDScript backtrace (most recent call first):
       [0] _carry_service_light (res://scripts/player/player_controller.gd:430)
       [1] _process (res://scripts/player/player_controller.gd:330)
ERROR: Basis [X: (1.0, 0.0, 0.0), Y: (0.0, 0.999988, 0.0), Z: (0.0, 0.0, 0.999988)] must be normalized in order to be casted to a Quaternion. Use get_rotation_quaternion() or call orthonormalized() if the Basis contains linearly independent vectors.
   at: get_quaternion (core/math/basis.cpp:717)
   GDScript backtrace (most recent call first):
       [0] _carry_service_light (res://scripts/player/player_controller.gd:430)
       [1] _process (res://scripts/player/player_controller.gd:330)
ERROR: Basis [X: (0.974238, 0.081985, 0.210088), Y: (-0.00451, 0.938463, -0.345314), Z: (-0.225476, 0.335471, 0.914656)] must be normalized in order to be casted to a Quaternion. Use get_rotation_quaternion() or call orthonormalized() if the Basis contains linearly independent vectors.
   at: get_quaternion (core/math/basis.cpp:717)
   GDScript backtrace (most recent call first):
       [0] _carry_service_light (res://scripts/player/player_controller.gd:430)
       [1] _process (res://scripts/player/player_controller.gd:330)
ERROR: Basis [X: (1.0, 0.0, 0.0), Y: (0.0, 0.999988, 0.0), Z: (0.0, 0.0, 0.999988)] must be normalized in order to be casted to a Quaternion. Use get_rotation_quaternion() or call orthonormalized() if the Basis contains linearly independent vectors.
   at: get_quaternion (core/math/basis.cpp:717)
   GDScript backtrace (most recent call first):
       [0] _carry_service_light (res://scripts/player/player_controller.gd:430)
       [1] _process (res://scripts/player/player_controller.gd:330)
ERROR: Basis [X: (0.974369, 0.08289, 0.209126), Y: (-0.004598, 0.936771, -0.349878), Z: (-0.22491, 0.339949, 0.913141)] must be normalized in order to be casted to a Quaternion. Use get_rotation_quaternion() or call orthonormalized() if the Basis contains linearly independent vectors.
   at: get_quaternion (core/math/basis.cpp:717)
   GDScript backtrace (most recent call first):
       [0] _carry_service_light (res://scripts/player/player_controller.gd:430)
       [1] _process (res://scripts/player/player_controller.gd:330)
ERROR: Basis [X: (1.0, 0.0, 0.0), Y: (0.0, 0.999988, 0.0), Z: (0.0, 0.0, 0.999988)] must be normalized in order to be casted to a Quaternion. Use get_rotation_quaternion() or call orthonormalized() if the Basis contains linearly independent vectors.
   at: get_quaternion (core/math/basis.cpp:717)
   GDScript backtrace (most recent call first):
       [0] _carry_service_light (res://scripts/player/player_controller.gd:430)
       [1] _process (res://scripts/player/player_controller.gd:330)
ERROR: Basis [X: (0.974661, 0.083768, 0.207407), Y: (-0.004995, 0.935138, -0.354213), Z: (-0.223632, 0.344201, 0.911861)] must be normalized in order to be casted to a Quaternion. Use get_rotation_quaternion() or call orthonormalized() if the Basis contains linearly independent vectors.
   at: get_quaternion (core/math/basis.cpp:717)
   GDScript backtrace (most recent call first):
       [0] _carry_service_light (res://scripts/player/player_controller.gd:430)
       [1] _process (res://scripts/player/player_controller.gd:330)
ERROR: Basis [X: (1.0, 0.0, 0.0), Y: (0.0, 0.999988, 0.0), Z: (0.0, 0.0, 0.999988)] must be normalized in order to be casted to a Quaternion. Use get_rotation_quaternion() or call orthonormalized() if the Basis contains linearly independent vectors.
   at: get_quaternion (core/math/basis.cpp:717)
   GDScript backtrace (most recent call first):
       [0] _carry_service_light (res://scripts/player/player_controller.gd:430)
       [1] _process (res://scripts/player/player_controller.gd:330)
ERROR: Basis [X: (0.974982, 0.083681, 0.205929), Y: (-0.005439, 0.935123, -0.354246), Z: (-0.222218, 0.344263, 0.912183)] must be normalized in order to be casted to a Quaternion. Use get_rotation_quaternion() or call orthonormalized() if the Basis contains linearly independent vectors.
   at: get_quaternion (core/math/basis.cpp:717)
   GDScript backtrace (most recent call first):
       [0] _carry_service_light (res://scripts/player/player_controller.gd:430)
       [1] _process (res://scripts/player/player_controller.gd:330)
ERROR: Basis [X: (1.0, 0.0, 0.0), Y: (0.0, 0.999988, 0.0), Z: (0.0, 0.0, 0.999988)] must be normalized in order to be casted to a Quaternion. Use get_rotation_quaternion() or call orthonormalized() if the Basis contains linearly independent vectors.
   at: get_quaternion (core/math/basis.cpp:717)
   GDScript backtrace (most recent call first):
       [0] _carry_service_light (res://scripts/player/player_controller.gd:430)
       [1] _process (res://scripts/player/player_controller.gd:330)
ERROR: Basis [X: (0.975379, 0.083592, 0.204078), Y: (-0.006112, 0.935258, -0.35388), Z: (-0.220453, 0.34392, 0.912741)] must be normalized in order to be casted to a Quaternion. Use get_rotation_quaternion() or call orthonormalized() if the Basis contains linearly independent vectors.
   at: get_quaternion (core/math/basis.cpp:717)
   GDScript backtrace (most recent call first):
       [0] _carry_service_light (res://scripts/player/player_controller.gd:430)
       [1] _process (res://scripts/player/player_controller.gd:330)
ERROR: Basis [X: (1.0, 0.0, 0.0), Y: (0.0, 0.999988, 0.0), Z: (0.0, 0.0, 0.999988)] must be normalized in order to be casted to a Quaternion. Use get_rotation_quaternion() or call orthonormalized() if the Basis contains linearly independent vectors.
   at: get_quaternion (core/math/basis.cpp:717)
   GDScript backtrace (most recent call first):
       [0] _carry_service_light (res://scripts/player/player_controller.gd:430)
       [1] _process (res://scripts/player/player_controller.gd:330)
ERROR: Basis [X: (0.975733, 0.083509, 0.202411), Y: (-0.006712, 0.935375, -0.353558), Z: (-0.218861, 0.34362, 0.913237)] must be normalized in order to be casted to a Quaternion. Use get_rotation_quaternion() or call orthonormalized() if the Basis contains linearly independent vectors.
   at: get_quaternion (core/math/basis.cpp:717)
   GDScript backtrace (most recent call first):
       [0] _carry_service_light (res://scripts/player/player_controller.gd:430)
       [1] _process (res://scripts/player/player_controller.gd:330)
ERROR: Basis [X: (1.0, 0.0, 0.0), Y: (0.0, 0.999988, 0.0), Z: (0.0, 0.0, 0.999988)] must be normalized in order to be casted to a Quaternion. Use get_rotation_quaternion() or call orthonormalized() if the Basis contains linearly independent vectors.
   at: get_quaternion (core/math/basis.cpp:717)
   GDScript backtrace (most recent call first):
       [0] _carry_service_light (res://scripts/player/player_controller.gd:430)
       [1] _process (res://scripts/player/player_controller.gd:330)
ERROR: Basis [X: (0.97605, 0.083431, 0.200908), Y: (-0.007246, 0.935478, -0.353275), Z: (-0.217425, 0.343359, 0.913678)] must be normalized in order to be casted to a Quaternion. Use get_rotation_quaternion() or call orthonormalized() if the Basis contains linearly independent vectors.
   at: get_quaternion (core/math/basis.cpp:717)
   GDScript backtrace (most recent call first):
       [0] _carry_service_light (res://scripts/player/player_controller.gd:430)
       [1] _process (res://scripts/player/player_controller.gd:330)
ERROR: Basis [X: (1.0, 0.0, 0.0), Y: (0.0, 0.999988, 0.0), Z: (0.0, 0.0, 0.999988)] must be normalized in order to be casted to a Quaternion. Use get_rotation_quaternion() or call orthonormalized() if the Basis contains linearly independent vectors.
   at: get_quaternion (core/math/basis.cpp:717)
   GDScript backtrace (most recent call first):
       [0] _carry_service_light (res://scripts/player/player_controller.gd:430)
       [1] _process (res://scripts/player/player_controller.gd:330)
ERROR: Basis [X: (0.976334, 0.083358, 0.199554), Y: (-0.007722, 0.935567, -0.353029), Z: (-0.216129, 0.343133, 0.91407)] must be normalized in order to be casted to a Quaternion. Use get_rotation_quaternion() or call orthonormalized() if the Basis contains linearly independent vectors.
   at: get_quaternion (core/math/basis.cpp:717)
   GDScript backtrace (most recent call first):
       [0] _carry_service_light (res://scripts/player/player_controller.gd:430)
       [1] _process (res://scripts/player/player_controller.gd:330)
ERROR: Basis [X: (1.0, 0.0, 0.0), Y: (0.0, 0.999988, 0.0), Z: (0.0, 0.0, 0.999988)] must be normalized in order to be casted to a Quaternion. Use get_rotation_quaternion() or call orthonormalized() if the Basis contains linearly independent vectors.
   at: get_quaternion (core/math/basis.cpp:717)
   GDScript backtrace (most recent call first):
       [0] _carry_service_light (res://scripts/player/player_controller.gd:430)
       [1] _process (res://scripts/player/player_controller.gd:330)
ERROR: Basis [X: (0.976589, 0.083289, 0.198333), Y: (-0.008145, 0.935644, -0.352815), Z: (-0.21496, 0.34294, 0.914418)] must be normalized in order to be casted to a Quaternion. Use get_rotation_quaternion() or call orthonormalized() if the Basis contains linearly independent vectors.
   at: get_quaternion (core/math/basis.cpp:717)
   GDScript backtrace (most recent call first):
       [0] _carry_service_light (res://scripts/player/player_controller.gd:430)
       [1] _process (res://scripts/player/player_controller.gd:330)
ERROR: Basis [X: (1.0, 0.0, 0.0), Y: (0.0, 0.999988, 0.0), Z: (0.0, 0.0, 0.999988)] must be normalized in order to be casted to a Quaternion. Use get_rotation_quaternion() or call orthonormalized() if the Basis contains linearly independent vectors.
   at: get_quaternion (core/math/basis.cpp:717)
   GDScript backtrace (most recent call first):
       [0] _carry_service_light (res://scripts/player/player_controller.gd:430)
       [1] _process (res://scripts/player/player_controller.gd:330)
ERROR: Basis [X: (0.976817, 0.083224, 0.197233), Y: (-0.008521, 0.935711, -0.35263), Z: (-0.213905, 0.342775, 0.914728)] must be normalized in order to be casted to a Quaternion. Use get_rotation_quaternion() or call orthonormalized() if the Basis contains linearly independent vectors.
   at: get_quaternion (core/math/basis.cpp:717)
   GDScript backtrace (most recent call first):
       [0] _carry_service_light (res://scripts/player/player_controller.gd:430)
       [1] _process (res://scripts/player/player_controller.gd:330)
ERROR: Basis [X: (1.0, 0.0, 0.0), Y: (0.0, 0.999988, 0.0), Z: (0.0, 0.0, 0.999988)] must be normalized in order to be casted to a Quaternion. Use get_rotation_quaternion() or call orthonormalized() if the Basis contains linearly independent vectors.
   at: get_quaternion (core/math/basis.cpp:717)
   GDScript backtrace (most recent call first):
       [0] _carry_service_light (res://scripts/player/player_controller.gd:430)
       [1] _process (res://scripts/player/player_controller.gd:330)
ERROR: Basis [X: (0.977022, 0.083162, 0.19624), Y: (-0.008855, 0.935767, -0.352472), Z: (-0.212953, 0.342636, 0.915002)] must be normalized in order to be casted to a Quaternion. Use get_rotation_quaternion() or call orthonormalized() if the Basis contains linearly independent vectors.
   at: get_quaternion (core/math/basis.cpp:717)
   GDScript backtrace (most recent call first):
       [0] _carry_service_light (res://scripts/player/player_controller.gd:430)
       [1] _process (res://scripts/player/player_controller.gd:330)
ERROR: Basis [X: (1.0, 0.0, 0.0), Y: (0.0, 0.999988, 0.0), Z: (0.0, 0.0, 0.999988)] must be normalized in order to be casted to a Quaternion. Use get_rotation_quaternion() or call orthonormalized() if the Basis contains linearly independent vectors.
   at: get_quaternion (core/math/basis.cpp:717)
   GDScript backtrace (most recent call first):
       [0] _carry_service_light (res://scripts/player/player_controller.gd:430)
       [1] _process (res://scripts/player/player_controller.gd:330)
ERROR: Basis [X: (0.977207, 0.083104, 0.195345), Y: (-0.009151, 0.935815, -0.352338), Z: (-0.212093, 0.34252, 0.915245)] must be normalized in order to be casted to a Quaternion. Use get_rotation_quaternion() or call orthonormalized() if the Basis contains linearly independent vectors.
   at: get_quaternion (core/math/basis.cpp:717)
   GDScript backtrace (most recent call first):
       [0] _carry_service_light (res://scripts/player/player_controller.gd:430)
       [1] _process (res://scripts/player/player_controller.gd:330)
ERROR: Basis [X: (1.0, 0.0, 0.0), Y: (0.0, 0.999988, 0.0), Z: (0.0, 0.0, 0.999988)] must be normalized in order to be casted to a Quaternion. Use get_rotation_quaternion() or call orthonormalized() if the Basis contains linearly independent vectors.
   at: get_quaternion (core/math/basis.cpp:717)
   GDScript backtrace (most recent call first):
       [0] _carry_service_light (res://scripts/player/player_controller.gd:430)
       [1] _process (res://scripts/player/player_controller.gd:330)
ERROR: Basis [X: (0.977373, 0.083049, 0.194537), Y: (-0.009414, 0.935854, -0.352226), Z: (-0.211315, 0.342425, 0.91546)] must be normalized in order to be casted to a Quaternion. Use get_rotation_quaternion() or call orthonormalized() if the Basis contains linearly independent vectors.
   at: get_quaternion (core/math/basis.cpp:717)
   GDScript backtrace (most recent call first):
       [0] _carry_service_light (res://scripts/player/player_controller.gd:430)
       [1] _process (res://scripts/player/player_controller.gd:330)
ERROR: Basis [X: (1.0, 0.0, 0.0), Y: (0.0, 0.999988, 0.0), Z: (0.0, 0.0, 0.999988)] must be normalized in order to be casted to a Quaternion. Use get_rotation_quaternion() or call orthonormalized() if the Basis contains linearly independent vectors.
   at: get_quaternion (core/math/basis.cpp:717)
   GDScript backtrace (most recent call first):
       [0] _carry_service_light (res://scripts/player/player_controller.gd:430)
       [1] _process (res://scripts/player/player_controller.gd:330)
ERROR: Basis [X: (0.977522, 0.08121, 0.194563), Y: (-0.009646, 0.939087, -0.343508), Z: (-0.210613, 0.33391, 0.918761)] must be normalized in order to be casted to a Quaternion. Use get_rotation_quaternion() or call orthonormalized() if the Basis contains linearly independent vectors.
   at: get_quaternion (core/math/basis.cpp:717)
   GDScript backtrace (most recent call first):
       [0] _carry_service_light (res://scripts/player/player_controller.gd:430)
       [1] _process (res://scripts/player/player_controller.gd:330)
ERROR: Basis [X: (1.0, 0.0, 0.0), Y: (0.0, 0.999988, 0.0), Z: (0.0, 0.0, 0.999988)] must be normalized in order to be casted to a Quaternion. Use get_rotation_quaternion() or call orthonormalized() if the Basis contains linearly independent vectors.
   at: get_quaternion (core/math/basis.cpp:717)
   GDScript backtrace (most recent call first):
       [0] _carry_service_light (res://scripts/player/player_controller.gd:430)
       [1] _process (res://scripts/player/player_controller.gd:330)
ERROR: Basis [X: (0.977586, 0.075805, 0.196411), Y: (-0.009946, 0.948502, -0.316575), Z: (-0.2103, 0.307526, 0.927997)] must be normalized in order to be casted to a Quaternion. Use get_rotation_quaternion() or call orthonormalized() if the Basis contains linearly independent vectors.
   at: get_quaternion (core/math/basis.cpp:717)
   GDScript backtrace (most recent call first):
       [0] _carry_service_light (res://scripts/player/player_controller.gd:430)
       [1] _process (res://scripts/player/player_controller.gd:330)
ERROR: Basis [X: (1.0, 0.0, 0.0), Y: (0.0, 0.999988, 0.0), Z: (0.0, 0.0, 0.999988)] must be normalized in order to be casted to a Quaternion. Use get_rotation_quaternion() or call orthonormalized() if the Basis contains linearly independent vectors.
   at: get_quaternion (core/math/basis.cpp:717)
   GDScript backtrace (most recent call first):
       [0] _carry_service_light (res://scripts/player/player_controller.gd:430)
       [1] _process (res://scripts/player/player_controller.gd:330)
ERROR: Basis [X: (0.977615, 0.073126, 0.197281), Y: (-0.010579, 0.953544, -0.301027), Z: (-0.210135, 0.292201, 0.932973)] must be normalized in order to be casted to a Quaternion. Use get_rotation_quaternion() or call orthonormalized() if the Basis contains linearly independent vectors.
   at: get_quaternion (core/math/basis.cpp:717)
   GDScript backtrace (most recent call first):
       [0] _carry_service_light (res://scripts/player/player_controller.gd:430)
       [1] _process (res://scripts/player/player_controller.gd:330)
ERROR: Basis [X: (1.0, 0.0, 0.0), Y: (0.0, 0.999988, 0.0), Z: (0.0, 0.0, 0.999988)] must be normalized in order to be casted to a Quaternion. Use get_rotation_quaternion() or call orthonormalized() if the Basis contains linearly independent vectors.
   at: get_quaternion (core/math/basis.cpp:717)
   GDScript backtrace (most recent call first):
       [0] _carry_service_light (res://scripts/player/player_controller.gd:430)
       [1] _process (res://scripts/player/player_controller.gd:330)
ERROR: Basis [X: (0.97772, 0.069955, 0.197913), Y: (-0.010958, 0.958548, -0.284677), Z: (-0.209629, 0.276166, 0.937958)] must be normalized in order to be casted to a Quaternion. Use get_rotation_quaternion() or call orthonormalized() if the Basis contains linearly independent vectors.
   at: get_quaternion (core/math/basis.cpp:717)
   GDScript backtrace (most recent call first):
       [0] _carry_service_light (res://scripts/player/player_controller.gd:430)
       [1] _process (res://scripts/player/player_controller.gd:330)
ERROR: Basis [X: (1.0, 0.0, 0.0), Y: (0.0, 0.999988, 0.0), Z: (0.0, 0.0, 0.999988)] must be normalized in order to be casted to a Quaternion. Use get_rotation_quaternion() or call orthonormalized() if the Basis contains linearly independent vectors.
   at: get_quaternion (core/math/basis.cpp:717)
   GDScript backtrace (most recent call first):
       [0] _carry_service_light (res://scripts/player/player_controller.gd:430)
       [1] _process (res://scripts/player/player_controller.gd:330)
ERROR: Basis [X: (0.977755, 0.068595, 0.198214), Y: (-0.011252, 0.960792, -0.276996), Z: (-0.209448, 0.268604, 0.940191)] must be normalized in order to be casted to a Quaternion. Use get_rotation_quaternion() or call orthonormalized() if the Basis contains linearly independent vectors.
   at: get_quaternion (core/math/basis.cpp:717)
   GDScript backtrace (most recent call first):
       [0] _carry_service_light (res://scripts/player/player_controller.gd:430)
       [1] _process (res://scripts/player/player_controller.gd:330)
ERROR: Basis [X: (1.0, 0.0, 0.0), Y: (0.0, 0.999988, 0.0), Z: (0.0, 0.0, 0.999988)] must be normalized in order to be casted to a Quaternion. Use get_rotation_quaternion() or call orthonormalized() if the Basis contains linearly independent vectors.
   at: get_quaternion (core/math/basis.cpp:717)
   GDScript backtrace (most recent call first):
       [0] _carry_service_light (res://scripts/player/player_controller.gd:430)
       [1] _process (res://scripts/player/player_controller.gd:330)
ERROR: Basis [X: (0.977803, 0.067669, 0.198298), Y: (-0.011328, 0.96209, -0.272452), Z: (-0.209222, 0.264158, 0.9415)] must be normalized in order to be casted to a Quaternion. Use get_rotation_quaternion() or call orthonormalized() if the Basis contains linearly independent vectors.
   at: get_quaternion (core/math/basis.cpp:717)
   GDScript backtrace (most recent call first):
       [0] _carry_service_light (res://scripts/player/player_controller.gd:430)
       [1] _process (res://scripts/player/player_controller.gd:330)
ERROR: Basis [X: (1.0, 0.0, 0.0), Y: (0.0, 0.999988, 0.0), Z: (0.0, 0.0, 0.999988)] must be normalized in order to be casted to a Quaternion. Use get_rotation_quaternion() or call orthonormalized() if the Basis contains linearly independent vectors.
   at: get_quaternion (core/math/basis.cpp:717)
   GDScript backtrace (most recent call first):
       [0] _carry_service_light (res://scripts/player/player_controller.gd:430)
       [1] _process (res://scripts/player/player_controller.gd:330)
ERROR: Basis [X: (0.977905, 0.067207, 0.197951), Y: (-0.011437, 0.962684, -0.270341), Z: (-0.208738, 0.262104, 0.942181)] must be normalized in order to be casted to a Quaternion. Use get_rotation_quaternion() or call orthonormalized() if the Basis contains linearly independent vectors.
   at: get_quaternion (core/math/basis.cpp:717)
   GDScript backtrace (most recent call first):
       [0] _carry_service_light (res://scripts/player/player_controller.gd:430)
       [1] _process (res://scripts/player/player_controller.gd:330)
ERROR: Basis [X: (1.0, 0.0, 0.0), Y: (0.0, 0.999988, 0.0), Z: (0.0, 0.0, 0.999988)] must be normalized in order to be casted to a Quaternion. Use get_rotation_quaternion() or call orthonormalized() if the Basis contains linearly independent vectors.
   at: get_quaternion (core/math/basis.cpp:717)
   GDScript backtrace (most recent call first):
       [0] _carry_service_light (res://scripts/player/player_controller.gd:430)
       [1] _process (res://scripts/player/player_controller.gd:330)
ERROR: Basis [X: (0.977946, 0.067182, 0.197756), Y: (-0.011398, 0.962597, -0.270652), Z: (-0.208547, 0.262429, 0.942133)] must be normalized in order to be casted to a Quaternion. Use get_rotation_quaternion() or call orthonormalized() if the Basis contains linearly independent vectors.
   at: get_quaternion (core/math/basis.cpp:717)
   GDScript backtrace (most recent call first):
       [0] _carry_service_light (res://scripts/player/player_controller.gd:430)
       [1] _process (res://scripts/player/player_controller.gd:330)
ERROR: Basis [X: (1.0, 0.0, 0.0), Y: (0.0, 0.999987, 0.0), Z: (0.0, 0.0, 0.999988)] must be normalized in order to be casted to a Quaternion. Use get_rotation_quaternion() or call orthonormalized() if the Basis contains linearly independent vectors.
   at: get_quaternion (core/math/basis.cpp:717)
   GDScript backtrace (most recent call first):
       [0] _carry_service_light (res://scripts/player/player_controller.gd:430)
       [1] _process (res://scripts/player/player_controller.gd:330)
ERROR: Basis [X: (0.978042, 0.066258, 0.19759), Y: (-0.011403, 0.963695, -0.266713), Z: (-0.208094, 0.258604, 0.94329)] must be normalized in order to be casted to a Quaternion. Use get_rotation_quaternion() or call orthonormalized() if the Basis contains linearly independent vectors.
   at: get_quaternion (core/math/basis.cpp:717)
   GDScript backtrace (most recent call first):
       [0] _carry_service_light (res://scripts/player/player_controller.gd:430)
       [1] _process (res://scripts/player/player_controller.gd:330)
ERROR: Basis [X: (1.0, 0.0, 0.0), Y: (0.0, 0.999987, 0.0), Z: (0.0, 0.0, 0.999987)] must be normalized in order to be casted to a Quaternion. Use get_rotation_quaternion() or call orthonormalized() if the Basis contains linearly independent vectors.
   at: get_quaternion (core/math/basis.cpp:717)
   GDScript backtrace (most recent call first):
       [0] _carry_service_light (res://scripts/player/player_controller.gd:430)
       [1] _process (res://scripts/player/player_controller.gd:330)
ERROR: Basis [X: (0.978122, 0.063069, 0.198236), Y: (-0.011496, 0.967853, -0.251202), Z: (-0.207712, 0.243427, 0.947404)] must be normalized in order to be casted to a Quaternion. Use get_rotation_quaternion() or call orthonormalized() if the Basis contains linearly independent vectors.
   at: get_quaternion (core/math/basis.cpp:717)
   GDScript backtrace (most recent call first):
       [0] _carry_service_light (res://scripts/player/player_controller.gd:430)
       [1] _process (res://scripts/player/player_controller.gd:330)
ERROR: Basis [X: (1.0, 0.0, 0.0), Y: (0.0, 0.999987, 0.0), Z: (0.0, 0.0, 0.999987)] must be normalized in order to be casted to a Quaternion. Use get_rotation_quaternion() or call orthonormalized() if the Basis contains linearly independent vectors.
   at: get_quaternion (core/math/basis.cpp:717)
   GDScript backtrace (most recent call first):
       [0] _carry_service_light (res://scripts/player/player_controller.gd:430)
       [1] _process (res://scripts/player/player_controller.gd:330)
ERROR: Basis [X: (0.978177, 0.060352, 0.198812), Y: (-0.011805, 0.971468, -0.236823), Z: (-0.207438, 0.229308, 0.95098)] must be normalized in order to be casted to a Quaternion. Use get_rotation_quaternion() or call orthonormalized() if the Basis contains linearly independent vectors.
   at: get_quaternion (core/math/basis.cpp:717)
   GDScript backtrace (most recent call first):
       [0] _carry_service_light (res://scripts/player/player_controller.gd:430)
       [1] _process (res://scripts/player/player_controller.gd:330)
ERROR: Basis [X: (1.0, 0.0, 0.0), Y: (0.0, 0.999987, 0.0), Z: (0.0, 0.0, 0.999987)] must be normalized in order to be casted to a Quaternion. Use get_rotation_quaternion() or call orthonormalized() if the Basis contains linearly independent vectors.
   at: get_quaternion (core/math/basis.cpp:717)
   GDScript backtrace (most recent call first):
       [0] _carry_service_light (res://scripts/player/player_controller.gd:430)
       [1] _process (res://scripts/player/player_controller.gd:330)
ERROR: Basis [X: (0.978231, 0.055326, 0.200007), Y: (-0.012033, 0.977294, -0.211485), Z: (-0.207172, 0.204475, 0.956685)] must be normalized in order to be casted to a Quaternion. Use get_rotation_quaternion() or call orthonormalized() if the Basis contains linearly independent vectors.
   at: get_quaternion (core/math/basis.cpp:717)
   GDScript backtrace (most recent call first):
       [0] _carry_service_light (res://scripts/player/player_controller.gd:430)
       [1] _process (res://scripts/player/player_controller.gd:330)
ERROR: Basis [X: (1.0, 0.0, 0.0), Y: (0.0, 0.999987, 0.0), Z: (0.0, 0.0, 0.999987)] must be normalized in order to be casted to a Quaternion. Use get_rotation_quaternion() or call orthonormalized() if the Basis contains linearly independent vectors.
   at: get_quaternion (core/math/basis.cpp:717)
   GDScript backtrace (most recent call first):
       [0] _carry_service_light (res://scripts/player/player_controller.gd:430)
       [1] _process (res://scripts/player/player_controller.gd:330)
ERROR: Basis [X: (0.978261, 0.052138, 0.200711), Y: (-0.012463, 0.980898, -0.194061), Z: (-0.207001, 0.18734, 0.960224)] must be normalized in order to be casted to a Quaternion. Use get_rotation_quaternion() or call orthonormalized() if the Basis contains linearly independent vectors.
   at: get_quaternion (core/math/basis.cpp:717)
   GDScript backtrace (most recent call first):
       [0] _carry_service_light (res://scripts/player/player_controller.gd:430)
       [1] _process (res://scripts/player/player_controller.gd:330)
ERROR: Basis [X: (1.0, 0.0, 0.0), Y: (0.0, 0.999987, 0.0), Z: (0.0, 0.0, 0.999987)] must be normalized in order to be casted to a Quaternion. Use get_rotation_quaternion() or call orthonormalized() if the Basis contains linearly independent vectors.
   at: get_quaternion (core/math/basis.cpp:717)
   GDScript backtrace (most recent call first):
       [0] _carry_service_light (res://scripts/player/player_controller.gd:430)
       [1] _process (res://scripts/player/player_controller.gd:330)
ERROR: Basis [X: (0.978359, 0.044791, 0.202006), Y: (-0.012754, 0.987474, -0.157185), Z: (-0.206521, 0.151207, 0.966675)] must be normalized in order to be casted to a Quaternion. Use get_rotation_quaternion() or call orthonormalized() if the Basis contains linearly independent vectors.
   at: get_quaternion (core/math/basis.cpp:717)
   GDScript backtrace (most recent call first):
       [0] _carry_service_light (res://scripts/player/player_controller.gd:430)
       [1] _process (res://scripts/player/player_controller.gd:330)
ERROR: Basis [X: (1.0, 0.0, 0.0), Y: (0.0, 0.999987, 0.0), Z: (0.0, 0.0, 0.999987)] must be normalized in order to be casted to a Quaternion. Use get_rotation_quaternion() or call orthonormalized() if the Basis contains linearly independent vectors.
   at: get_quaternion (core/math/basis.cpp:717)
   GDScript backtrace (most recent call first):
       [0] _carry_service_light (res://scripts/player/player_controller.gd:430)
       [1] _process (res://scripts/player/player_controller.gd:330)
ERROR: Basis [X: (0.978469, 0.038414, 0.202783), Y: (-0.013507, 0.992326, -0.122809), Z: (-0.20595, 0.117426, 0.971479)] must be normalized in order to be casted to a Quaternion. Use get_rotation_quaternion() or call orthonormalized() if the Basis contains linearly independent vectors.
   at: get_quaternion (core/math/basis.cpp:717)
   GDScript backtrace (most recent call first):
       [0] _carry_service_light (res://scripts/player/player_controller.gd:430)
       [1] _process (res://scripts/player/player_controller.gd:330)
ERROR: Basis [X: (1.0, 0.0, 0.0), Y: (0.0, 0.999987, 0.0), Z: (0.0, 0.0, 0.999987)] must be normalized in order to be casted to a Quaternion. Use get_rotation_quaternion() or call orthonormalized() if the Basis contains linearly independent vectors.
   at: get_quaternion (core/math/basis.cpp:717)
   GDScript backtrace (most recent call first):
       [0] _carry_service_light (res://scripts/player/player_controller.gd:430)
       [1] _process (res://scripts/player/player_controller.gd:330)
ERROR: Basis [X: (0.978684, 0.0298, 0.203194), Y: (-0.014262, 0.996877, -0.077505), Z: (-0.204874, 0.072955, 0.976053)] must be normalized in order to be casted to a Quaternion. Use get_rotation_quaternion() or call orthonormalized() if the Basis contains linearly independent vectors.
   at: get_quaternion (core/math/basis.cpp:717)
   GDScript backtrace (most recent call first):
       [0] _carry_service_light (res://scripts/player/player_controller.gd:430)
       [1] _process (res://scripts/player/player_controller.gd:330)
ERROR: Basis [X: (1.0, 0.0, 0.0), Y: (0.0, 0.999987, 0.0), Z: (0.0, 0.0, 0.999987)] must be normalized in order to be casted to a Quaternion. Use get_rotation_quaternion() or call orthonormalized() if the Basis contains linearly independent vectors.
   at: get_quaternion (core/math/basis.cpp:717)
   GDScript backtrace (most recent call first):
       [0] _carry_service_light (res://scripts/player/player_controller.gd:430)
       [1] _process (res://scripts/player/player_controller.gd:330)
ERROR: Basis [X: (0.978967, 0.023676, 0.202637), Y: (-0.015333, 0.99896, -0.042643), Z: (-0.203441, 0.038639, 0.978312)] must be normalized in order to be casted to a Quaternion. Use get_rotation_quaternion() or call orthonormalized() if the Basis contains linearly independent vectors.
   at: get_quaternion (core/math/basis.cpp:717)
   GDScript backtrace (most recent call first):
       [0] _carry_service_light (res://scripts/player/player_controller.gd:430)
       [1] _process (res://scripts/player/player_controller.gd:330)
ERROR: Basis [X: (1.0, 0.0, 0.0), Y: (0.0, 0.999987, 0.0), Z: (0.0, 0.0, 0.999987)] must be normalized in order to be casted to a Quaternion. Use get_rotation_quaternion() or call orthonormalized() if the Basis contains linearly independent vectors.
   at: get_quaternion (core/math/basis.cpp:717)
   GDScript backtrace (most recent call first):
       [0] _carry_service_light (res://scripts/player/player_controller.gd:430)
       [1] _process (res://scripts/player/player_controller.gd:330)
ERROR: Basis [X: (0.979185, 0.017022, 0.202251), Y: (-0.015979, 0.999837, -0.006787), Z: (-0.202339, 0.003414, 0.979297)] must be normalized in order to be casted to a Quaternion. Use get_rotation_quaternion() or call orthonormalized() if the Basis contains linearly independent vectors.
   at: get_quaternion (core/math/basis.cpp:717)
   GDScript backtrace (most recent call first):
       [0] _carry_service_light (res://scripts/player/player_controller.gd:430)
       [1] _process (res://scripts/player/player_controller.gd:330)
ERROR: Basis [X: (1.0, 0.0, 0.0), Y: (0.0, 0.999987, 0.0), Z: (0.0, 0.0, 0.999987)] must be normalized in order to be casted to a Quaternion. Use get_rotation_quaternion() or call orthonormalized() if the Basis contains linearly independent vectors.
   at: get_quaternion (core/math/basis.cpp:717)
   GDScript backtrace (most recent call first):
       [0] _carry_service_light (res://scripts/player/player_controller.gd:430)
       [1] _process (res://scripts/player/player_controller.gd:330)
ERROR: Basis [X: (0.979325, 0.013079, 0.201868), Y: (-0.016516, 0.999733, 0.015347), Z: (-0.201618, -0.018364, 0.97928)] must be normalized in order to be casted to a Quaternion. Use get_rotation_quaternion() or call orthonormalized() if the Basis contains linearly independent vectors.
   at: get_quaternion (core/math/basis.cpp:717)
   GDScript backtrace (most recent call first):
       [0] _carry_service_light (res://scripts/player/player_controller.gd:430)
       [1] _process (res://scripts/player/player_controller.gd:330)
ERROR: Basis [X: (1.0, 0.0, 0.0), Y: (0.0, 0.999987, 0.0), Z: (0.0, 0.0, 0.999987)] must be normalized in order to be casted to a Quaternion. Use get_rotation_quaternion() or call orthonormalized() if the Basis contains linearly independent vectors.
   at: get_quaternion (core/math/basis.cpp:717)
   GDScript backtrace (most recent call first):
       [0] _carry_service_light (res://scripts/player/player_controller.gd:430)
       [1] _process (res://scripts/player/player_controller.gd:330)
ERROR: Basis [X: (0.979472, 0.005894, 0.20149), Y: (-0.01673, 0.998488, 0.052117), Z: (-0.200884, -0.054418, 0.97809)] must be normalized in order to be casted to a Quaternion. Use get_rotation_quaternion() or call orthonormalized() if the Basis contains linearly independent vectors.
   at: get_quaternion (core/math/basis.cpp:717)
   GDScript backtrace (most recent call first):
       [0] _carry_service_light (res://scripts/player/player_controller.gd:430)
       [1] _process (res://scripts/player/player_controller.gd:330)
ERROR: Basis [X: (1.0, 0.0, 0.0), Y: (0.0, 0.999987, 0.0), Z: (0.0, 0.0, 0.999987)] must be normalized in order to be casted to a Quaternion. Use get_rotation_quaternion() or call orthonormalized() if the Basis contains linearly independent vectors.
   at: get_quaternion (core/math/basis.cpp:717)
   GDScript backtrace (most recent call first):
       [0] _carry_service_light (res://scripts/player/player_controller.gd:430)
       [1] _process (res://scripts/player/player_controller.gd:330)
ERROR: Basis [X: (0.979633, 0.002056, 0.200782), Y: (-0.017314, 0.997075, 0.074266), Z: (-0.200047, -0.07623, 0.976804)] must be normalized in order to be casted to a Quaternion. Use get_rotation_quaternion() or call orthonormalized() if the Basis contains linearly independent vectors.
   at: get_quaternion (core/math/basis.cpp:717)
   GDScript backtrace (most recent call first):
       [0] _carry_service_light (res://scripts/player/player_controller.gd:430)
       [1] _process (res://scripts/player/player_controller.gd:330)
ERROR: Basis [X: (1.0, 0.0, 0.0), Y: (0.0, 0.999987, 0.0), Z: (0.0, 0.0, 0.999987)] must be normalized in order to be casted to a Quaternion. Use get_rotation_quaternion() or call orthonormalized() if the Basis contains linearly independent vectors.
   at: get_quaternion (core/math/basis.cpp:717)
   GDScript backtrace (most recent call first):
       [0] _carry_service_light (res://scripts/player/player_controller.gd:430)
       [1] _process (res://scripts/player/player_controller.gd:330)
ERROR: Basis [X: (0.979698, -0.00199, 0.200464), Y: (-0.01736, 0.99534, 0.094717), Z: (-0.199724, -0.096274, 0.975099)] must be normalized in order to be casted to a Quaternion. Use get_rotation_quaternion() or call orthonormalized() if the Basis contains linearly independent vectors.
   at: get_quaternion (core/math/basis.cpp:717)
   GDScript backtrace (most recent call first):
       [0] _carry_service_light (res://scripts/player/player_controller.gd:430)
       [1] _process (res://scripts/player/player_controller.gd:330)
ERROR: Basis [X: (1.0, 0.0, 0.0), Y: (0.0, 0.999987, 0.0), Z: (0.0, 0.0, 0.999987)] must be normalized in order to be casted to a Quaternion. Use get_rotation_quaternion() or call orthonormalized() if the Basis contains linearly independent vectors.
   at: get_quaternion (core/math/basis.cpp:717)
   GDScript backtrace (most recent call first):
       [0] _carry_service_light (res://scripts/player/player_controller.gd:430)
       [1] _process (res://scripts/player/player_controller.gd:330)
ERROR: Basis [X: (0.979758, -0.00373, 0.200149), Y: (-0.0174, 0.994443, 0.103707), Z: (-0.199428, -0.10509, 0.974248)] must be normalized in order to be casted to a Quaternion. Use get_rotation_quaternion() or call orthonormalized() if the Basis contains linearly independent vectors.
   at: get_quaternion (core/math/basis.cpp:717)
   GDScript backtrace (most recent call first):
       [0] _carry_service_light (res://scripts/player/player_controller.gd:430)
       [1] _process (res://scripts/player/player_controller.gd:330)
ERROR: Basis [X: (1.0, 0.0, 0.0), Y: (0.0, 0.999987, 0.0), Z: (0.0, 0.0, 0.999987)] must be normalized in order to be casted to a Quaternion. Use get_rotation_quaternion() or call orthonormalized() if the Basis contains linearly independent vectors.
   at: get_quaternion (core/math/basis.cpp:717)
   GDScript backtrace (most recent call first):
       [0] _carry_service_light (res://scripts/player/player_controller.gd:430)
       [1] _process (res://scripts/player/player_controller.gd:330)
ERROR: Basis [X: (0.979778, -0.005118, 0.200022), Y: (-0.017131, 0.993844, 0.10934), Z: (-0.199355, -0.110556, 0.973658)] must be normalized in order to be casted to a Quaternion. Use get_rotation_quaternion() or call orthonormalized() if the Basis contains linearly independent vectors.
   at: get_quaternion (core/math/basis.cpp:717)
   GDScript backtrace (most recent call first):
       [0] _carry_service_light (res://scripts/player/player_controller.gd:430)
       [1] _process (res://scripts/player/player_controller.gd:330)
ERROR: Basis [X: (1.0, 0.0, 0.0), Y: (0.0, 0.999987, 0.0), Z: (0.0, 0.0, 0.999987)] must be normalized in order to be casted to a Quaternion. Use get_rotation_quaternion() or call orthonormalized() if the Basis contains linearly independent vectors.
   at: get_quaternion (core/math/basis.cpp:717)
   GDScript backtrace (most recent call first):
       [0] _carry_service_light (res://scripts/player/player_controller.gd:430)
       [1] _process (res://scripts/player/player_controller.gd:330)
ERROR: Basis [X: (0.9798, -0.005121, 0.199913), Y: (-0.016844, 0.993994, 0.108015), Z: (-0.19927, -0.109201, 0.973829)] must be normalized in order to be casted to a Quaternion. Use get_rotation_quaternion() or call orthonormalized() if the Basis contains linearly independent vectors.
   at: get_quaternion (core/math/basis.cpp:717)
   GDScript backtrace (most recent call first):
       [0] _carry_service_light (res://scripts/player/player_controller.gd:430)
       [1] _process (res://scripts/player/player_controller.gd:330)
ERROR: Basis [X: (1.0, 0.0, 0.0), Y: (0.0, 0.999987, 0.0), Z: (0.0, 0.0, 0.999987)] must be normalized in order to be casted to a Quaternion. Use get_rotation_quaternion() or call orthonormalized() if the Basis contains linearly independent vectors.
   at: get_quaternion (core/math/basis.cpp:717)
   GDScript backtrace (most recent call first):
       [0] _carry_service_light (res://scripts/player/player_controller.gd:430)
       [1] _process (res://scripts/player/player_controller.gd:330)
ERROR: Basis [X: (0.979727, -0.005341, 0.200265), Y: (-0.016282, 0.994202, 0.106165), Z: (-0.199676, -0.107274, 0.97396)] must be normalized in order to be casted to a Quaternion. Use get_rotation_quaternion() or call orthonormalized() if the Basis contains linearly independent vectors.
   at: get_quaternion (core/math/basis.cpp:717)
   GDScript backtrace (most recent call first):
       [0] _carry_service_light (res://scripts/player/player_controller.gd:430)
       [1] _process (res://scripts/player/player_controller.gd:330)
ERROR: Basis [X: (1.0, 0.0, 0.0), Y: (0.0, 0.999987, 0.0), Z: (0.0, 0.0, 0.999987)] must be normalized in order to be casted to a Quaternion. Use get_rotation_quaternion() or call orthonormalized() if the Basis contains linearly independent vectors.
   at: get_quaternion (core/math/basis.cpp:717)
   GDScript backtrace (most recent call first):
       [0] _carry_service_light (res://scripts/player/player_controller.gd:430)
       [1] _process (res://scripts/player/player_controller.gd:330)
ERROR: Basis [X: (0.979662, -0.005538, 0.200577), Y: (-0.015773, 0.994388, 0.104493), Z: (-0.200035, -0.105531, 0.974076)] must be normalized in order to be casted to a Quaternion. Use get_rotation_quaternion() or call orthonormalized() if the Basis contains linearly independent vectors.
   at: get_quaternion (core/math/basis.cpp:717)
   GDScript backtrace (most recent call first):
       [0] _carry_service_light (res://scripts/player/player_controller.gd:430)
       [1] _process (res://scripts/player/player_controller.gd:330)
ERROR: Basis [X: (1.0, 0.0, 0.0), Y: (0.0, 0.999987, 0.0), Z: (0.0, 0.0, 0.999987)] must be normalized in order to be casted to a Quaternion. Use get_rotation_quaternion() or call orthonormalized() if the Basis contains linearly independent vectors.
   at: get_quaternion (core/math/basis.cpp:717)
   GDScript backtrace (most recent call first):
       [0] _carry_service_light (res://scripts/player/player_controller.gd:430)
       [1] _process (res://scripts/player/player_controller.gd:330)
ERROR: Basis [X: (0.979604, -0.005715, 0.200852), Y: (-0.015313, 0.994553, 0.102979), Z: (-0.200352, -0.103955, 0.974181)] must be normalized in order to be casted to a Quaternion. Use get_rotation_quaternion() or call orthonormalized() if the Basis contains linearly independent vectors.
   at: get_quaternion (core/math/basis.cpp:717)
   GDScript backtrace (most recent call first):
       [0] _carry_service_light (res://scripts/player/player_controller.gd:430)
       [1] _process (res://scripts/player/player_controller.gd:330)
