ERROR: GENERAL - Message Id Number: 0 | Message Id Name: Loader Message
	loader_get_json: Failed to open JSON file C:\Program Files\TikTok LIVE Studio\0.49.6\resources\app\electron\sdk\lib\LiveStudioVulkanLayer64.json
	Objects - 1
		Object[0] - VK_OBJECT_TYPE_INSTANCE, Handle 2739944902640
   at: _debug_messenger_callback (drivers/vulkan/rendering_context_driver_vulkan.cpp:657)
ERROR: GENERAL - Message Id Number: 0 | Message Id Name: Loader Message
	loader_get_json: Failed to open JSON file C:\Program Files (x86)\Epic Games\Launcher\Portal\Extras\Overlay\EOSOverlayVkLayer-Win32.json
	Objects - 1
		Object[0] - VK_OBJECT_TYPE_INSTANCE, Handle 2739944902640
   at: _debug_messenger_callback (drivers/vulkan/rendering_context_driver_vulkan.cpp:657)
ERROR: GENERAL - Message Id Number: 0 | Message Id Name: Loader Message
	loader_get_json: Failed to open JSON file C:\Program Files (x86)\Epic Games\Launcher\Portal\Extras\Overlay\EOSOverlayVkLayer-Win64.json
	Objects - 1
		Object[0] - VK_OBJECT_TYPE_INSTANCE, Handle 2739944902640
   at: _debug_messenger_callback (drivers/vulkan/rendering_context_driver_vulkan.cpp:657)
ERROR: GENERAL - Message Id Number: 0 | Message Id Name: Loader Message
	loader_get_json: Failed to open JSON file C:\Program Files\TikTok LIVE Studio\0.49.6\resources\app\electron\sdk\lib\LiveStudioVulkanLayer32.json
	Objects - 1
		Object[0] - VK_OBJECT_TYPE_INSTANCE, Handle 2739944902640
   at: _debug_messenger_callback (drivers/vulkan/rendering_context_driver_vulkan.cpp:657)
ERROR: GENERAL - Message Id Number: 0 | Message Id Name: Loader Message
	loader_get_json: Failed to open JSON file C:\Program Files\TikTok LIVE Studio\0.49.6\resources\app\electron\sdk\lib\LiveStudioVulkanLayer64.json
	Objects - 1
		Object[0] - VK_OBJECT_TYPE_INSTANCE, Handle 2739944902640
   at: _debug_messenger_callback (drivers/vulkan/rendering_context_driver_vulkan.cpp:657)
WARNING: GENERAL - Message Id Number: 0 | Message Id Name: Loader Message
	windows_read_data_files_in_registry: Registry lookup failed to get layer manifest files.
	Objects - 1
		Object[0] - VK_OBJECT_TYPE_INSTANCE, Handle 2739944902640
   at: _debug_messenger_callback (drivers/vulkan/rendering_context_driver_vulkan.cpp:654)
WARNING: GENERAL - Message Id Number: 0 | Message Id Name: Loader Message
	Removing layer VK_LAYER_OBS_HOOK (C:\ProgramData\obs-studio-hook\obs-vulkan64.json) because it is a duplicate of VK_LAYER_OBS_HOOK (C:\ProgramData\lovense-obs-studio-hook\obs-vulkan64.json)
	Objects - 1
		Object[0] - VK_OBJECT_TYPE_INSTANCE, Handle 2739944902640
   at: _debug_messenger_callback (drivers/vulkan/rendering_context_driver_vulkan.cpp:654)
WARNING: Image format RGB8 not supported by hardware, converting to RGBA8.
   at: _validate_texture_format (servers/rendering/renderer_rd/storage_rd/texture_storage.cpp:2855)
WARNING: Image format RGB8 not supported by hardware, converting to RGBA8.
   at: _validate_texture_format (servers/rendering/renderer_rd/storage_rd/texture_storage.cpp:2855)
   GDScript backtrace (most recent call first):
       [0] _ready (res://scripts/building/orison_v2_atmosphere.gd:39)
       [1] _ready (res://scripts/building/orison_v2_runtime_root.gd:88)
       [2] _run (res://tests/orison_v2_upper_radios_shot.gd:13)
WARNING: Image format RGB8 not supported by hardware, converting to RGBA8.
   at: _validate_texture_format (servers/rendering/renderer_rd/storage_rd/texture_storage.cpp:2855)
   GDScript backtrace (most recent call first):
       [0] _set_sky_pair (res://scripts/building/day_night_director.gd:498)
       [1] _apply (res://scripts/building/day_night_director.gd:343)
       [2] setup (res://scripts/building/day_night_director.gd:164)
       [3] _ready (res://scripts/building/orison_v2_atmosphere.gd:66)
       [4] _ready (res://scripts/building/orison_v2_runtime_root.gd:88)
       [5] _run (res://tests/orison_v2_upper_radios_shot.gd:13)
WARNING: Image format RGB8 not supported by hardware, converting to RGBA8.
   at: _validate_texture_format (servers/rendering/renderer_rd/storage_rd/texture_storage.cpp:2855)
   GDScript backtrace (most recent call first):
       [0] get_mat (res://scripts/material_library.gd:32)
       [1] material_for (res://scripts/building/orison_v2_architectural_materials.gd:40)
       [2] _box (res://scripts/building/orison_v2_blockout.gd:870)
       [3] _build_spaces (res://scripts/building/orison_v2_blockout.gd:437)
       [4] _ready (res://scripts/building/orison_v2_blockout.gd:44)
       [5] _ready (res://scripts/building/orison_v2_runtime_root.gd:107)
       [6] _run (res://tests/orison_v2_upper_radios_shot.gd:13)
WARNING: Image format RGB8 not supported by hardware, converting to RGBA8.
   at: _validate_texture_format (servers/rendering/renderer_rd/storage_rd/texture_storage.cpp:2855)
   GDScript backtrace (most recent call first):
       [0] get_mat (res://scripts/material_library.gd:34)
       [1] material_for (res://scripts/building/orison_v2_architectural_materials.gd:40)
       [2] _box (res://scripts/building/orison_v2_blockout.gd:870)
       [3] _build_spaces (res://scripts/building/orison_v2_blockout.gd:437)
       [4] _ready (res://scripts/building/orison_v2_blockout.gd:44)
       [5] _ready (res://scripts/building/orison_v2_runtime_root.gd:107)
       [6] _run (res://tests/orison_v2_upper_radios_shot.gd:13)
WARNING: Image format RGB8 not supported by hardware, converting to RGBA8.
   at: _validate_texture_format (servers/rendering/renderer_rd/storage_rd/texture_storage.cpp:2855)
   GDScript backtrace (most recent call first):
       [0] get_mat (res://scripts/material_library.gd:39)
       [1] material_for (res://scripts/building/orison_v2_architectural_materials.gd:40)
       [2] _box (res://scripts/building/orison_v2_blockout.gd:870)
       [3] _build_spaces (res://scripts/building/orison_v2_blockout.gd:437)
       [4] _ready (res://scripts/building/orison_v2_blockout.gd:44)
       [5] _ready (res://scripts/building/orison_v2_runtime_root.gd:107)
       [6] _run (res://tests/orison_v2_upper_radios_shot.gd:13)
WARNING: Image format RGB8 not supported by hardware, converting to RGBA8.
   at: _validate_texture_format (servers/rendering/renderer_rd/storage_rd/texture_storage.cpp:2855)
   GDScript backtrace (most recent call first):
       [0] get_mat (res://scripts/material_library.gd:32)
       [1] material_for (res://scripts/building/orison_v2_architectural_materials.gd:40)
       [2] _box (res://scripts/building/orison_v2_blockout.gd:870)
       [3] _build_spaces (res://scripts/building/orison_v2_blockout.gd:440)
       [4] _ready (res://scripts/building/orison_v2_blockout.gd:44)
       [5] _ready (res://scripts/building/orison_v2_runtime_root.gd:107)
       [6] _run (res://tests/orison_v2_upper_radios_shot.gd:13)
WARNING: Image format RGB8 not supported by hardware, converting to RGBA8.
   at: _validate_texture_format (servers/rendering/renderer_rd/storage_rd/texture_storage.cpp:2855)
   GDScript backtrace (most recent call first):
       [0] get_mat (res://scripts/material_library.gd:34)
       [1] material_for (res://scripts/building/orison_v2_architectural_materials.gd:40)
       [2] _box (res://scripts/building/orison_v2_blockout.gd:870)
       [3] _build_spaces (res://scripts/building/orison_v2_blockout.gd:440)
       [4] _ready (res://scripts/building/orison_v2_blockout.gd:44)
       [5] _ready (res://scripts/building/orison_v2_runtime_root.gd:107)
       [6] _run (res://tests/orison_v2_upper_radios_shot.gd:13)
WARNING: Image format RGB8 not supported by hardware, converting to RGBA8.
   at: _validate_texture_format (servers/rendering/renderer_rd/storage_rd/texture_storage.cpp:2855)
   GDScript backtrace (most recent call first):
       [0] get_mat (res://scripts/material_library.gd:39)
       [1] material_for (res://scripts/building/orison_v2_architectural_materials.gd:40)
       [2] _box (res://scripts/building/orison_v2_blockout.gd:870)
       [3] _build_spaces (res://scripts/building/orison_v2_blockout.gd:440)
       [4] _ready (res://scripts/building/orison_v2_blockout.gd:44)
       [5] _ready (res://scripts/building/orison_v2_runtime_root.gd:107)
       [6] _run (res://tests/orison_v2_upper_radios_shot.gd:13)
WARNING: Image format RGB8 not supported by hardware, converting to RGBA8.
   at: _validate_texture_format (servers/rendering/renderer_rd/storage_rd/texture_storage.cpp:2855)
   GDScript backtrace (most recent call first):
       [0] get_mat (res://scripts/material_library.gd:32)
       [1] material_for (res://scripts/building/orison_v2_architectural_materials.gd:40)
       [2] _box (res://scripts/building/orison_v2_blockout.gd:870)
       [3] _wall_segment (res://scripts/building/orison_v2_blockout.gd:647)
       [4] _wall_with_openings (res://scripts/building/orison_v2_blockout.gd:536)
       [5] _build_space_outline (res://scripts/building/orison_v2_blockout.gd:458)
       [6] _build_spaces (res://scripts/building/orison_v2_blockout.gd:443)
       [7] _ready (res://scripts/building/orison_v2_blockout.gd:44)
       [8] _ready (res://scripts/building/orison_v2_runtime_root.gd:107)
       [9] _run (res://tests/orison_v2_upper_radios_shot.gd:13)
WARNING: Image format RGB8 not supported by hardware, converting to RGBA8.
   at: _validate_texture_format (servers/rendering/renderer_rd/storage_rd/texture_storage.cpp:2855)
   GDScript backtrace (most recent call first):
       [0] get_mat (res://scripts/material_library.gd:34)
       [1] material_for (res://scripts/building/orison_v2_architectural_materials.gd:40)
       [2] _box (res://scripts/building/orison_v2_blockout.gd:870)
       [3] _wall_segment (res://scripts/building/orison_v2_blockout.gd:647)
       [4] _wall_with_openings (res://scripts/building/orison_v2_blockout.gd:536)
       [5] _build_space_outline (res://scripts/building/orison_v2_blockout.gd:458)
       [6] _build_spaces (res://scripts/building/orison_v2_blockout.gd:443)
       [7] _ready (res://scripts/building/orison_v2_blockout.gd:44)
       [8] _ready (res://scripts/building/orison_v2_runtime_root.gd:107)
       [9] _run (res://tests/orison_v2_upper_radios_shot.gd:13)
WARNING: Image format RGB8 not supported by hardware, converting to RGBA8.
   at: _validate_texture_format (servers/rendering/renderer_rd/storage_rd/texture_storage.cpp:2855)
   GDScript backtrace (most recent call first):
       [0] get_mat (res://scripts/material_library.gd:39)
       [1] material_for (res://scripts/building/orison_v2_architectural_materials.gd:40)
       [2] _box (res://scripts/building/orison_v2_blockout.gd:870)
       [3] _wall_segment (res://scripts/building/orison_v2_blockout.gd:647)
       [4] _wall_with_openings (res://scripts/building/orison_v2_blockout.gd:536)
       [5] _build_space_outline (res://scripts/building/orison_v2_blockout.gd:458)
       [6] _build_spaces (res://scripts/building/orison_v2_blockout.gd:443)
       [7] _ready (res://scripts/building/orison_v2_blockout.gd:44)
       [8] _ready (res://scripts/building/orison_v2_runtime_root.gd:107)
       [9] _run (res://tests/orison_v2_upper_radios_shot.gd:13)
WARNING: Image format RGB8 not supported by hardware, converting to RGBA8.
   at: _validate_texture_format (servers/rendering/renderer_rd/storage_rd/texture_storage.cpp:2855)
   GDScript backtrace (most recent call first):
       [0] get_mat (res://scripts/material_library.gd:32)
       [1] material_for (res://scripts/building/orison_v2_architectural_materials.gd:40)
       [2] _box (res://scripts/building/orison_v2_blockout.gd:870)
       [3] _build_spaces (res://scripts/building/orison_v2_blockout.gd:437)
       [4] _ready (res://scripts/building/orison_v2_blockout.gd:44)
       [5] _ready (res://scripts/building/orison_v2_runtime_root.gd:107)
       [6] _run (res://tests/orison_v2_upper_radios_shot.gd:13)
WARNING: Image format RGB8 not supported by hardware, converting to RGBA8.
   at: _validate_texture_format (servers/rendering/renderer_rd/storage_rd/texture_storage.cpp:2855)
   GDScript backtrace (most recent call first):
       [0] get_mat (res://scripts/material_library.gd:34)
       [1] material_for (res://scripts/building/orison_v2_architectural_materials.gd:40)
       [2] _box (res://scripts/building/orison_v2_blockout.gd:870)
       [3] _build_spaces (res://scripts/building/orison_v2_blockout.gd:437)
       [4] _ready (res://scripts/building/orison_v2_blockout.gd:44)
       [5] _ready (res://scripts/building/orison_v2_runtime_root.gd:107)
       [6] _run (res://tests/orison_v2_upper_radios_shot.gd:13)
WARNING: Image format RGB8 not supported by hardware, converting to RGBA8.
   at: _validate_texture_format (servers/rendering/renderer_rd/storage_rd/texture_storage.cpp:2855)
   GDScript backtrace (most recent call first):
       [0] get_mat (res://scripts/material_library.gd:39)
       [1] material_for (res://scripts/building/orison_v2_architectural_materials.gd:40)
       [2] _box (res://scripts/building/orison_v2_blockout.gd:870)
       [3] _build_spaces (res://scripts/building/orison_v2_blockout.gd:437)
       [4] _ready (res://scripts/building/orison_v2_blockout.gd:44)
       [5] _ready (res://scripts/building/orison_v2_runtime_root.gd:107)
       [6] _run (res://tests/orison_v2_upper_radios_shot.gd:13)
WARNING: Image format RGB8 not supported by hardware, converting to RGBA8.
   at: _validate_texture_format (servers/rendering/renderer_rd/storage_rd/texture_storage.cpp:2855)
   GDScript backtrace (most recent call first):
       [0] get_mat (res://scripts/material_library.gd:32)
       [1] material_for (res://scripts/building/orison_v2_architectural_materials.gd:40)
       [2] _box (res://scripts/building/orison_v2_blockout.gd:870)
       [3] _build_spaces (res://scripts/building/orison_v2_blockout.gd:437)
       [4] _ready (res://scripts/building/orison_v2_blockout.gd:44)
       [5] _ready (res://scripts/building/orison_v2_runtime_root.gd:107)
       [6] _run (res://tests/orison_v2_upper_radios_shot.gd:13)
WARNING: Image format RGB8 not supported by hardware, converting to RGBA8.
   at: _validate_texture_format (servers/rendering/renderer_rd/storage_rd/texture_storage.cpp:2855)
   GDScript backtrace (most recent call first):
       [0] get_mat (res://scripts/material_library.gd:34)
       [1] material_for (res://scripts/building/orison_v2_architectural_materials.gd:40)
       [2] _box (res://scripts/building/orison_v2_blockout.gd:870)
       [3] _build_spaces (res://scripts/building/orison_v2_blockout.gd:437)
       [4] _ready (res://scripts/building/orison_v2_blockout.gd:44)
       [5] _ready (res://scripts/building/orison_v2_runtime_root.gd:107)
       [6] _run (res://tests/orison_v2_upper_radios_shot.gd:13)
WARNING: Image format RGB8 not supported by hardware, converting to RGBA8.
   at: _validate_texture_format (servers/rendering/renderer_rd/storage_rd/texture_storage.cpp:2855)
   GDScript backtrace (most recent call first):
       [0] get_mat (res://scripts/material_library.gd:39)
       [1] material_for (res://scripts/building/orison_v2_architectural_materials.gd:40)
       [2] _box (res://scripts/building/orison_v2_blockout.gd:870)
       [3] _build_spaces (res://scripts/building/orison_v2_blockout.gd:437)
       [4] _ready (res://scripts/building/orison_v2_blockout.gd:44)
       [5] _ready (res://scripts/building/orison_v2_runtime_root.gd:107)
       [6] _run (res://tests/orison_v2_upper_radios_shot.gd:13)
WARNING: Image format RGB8 not supported by hardware, converting to RGBA8.
   at: _validate_texture_format (servers/rendering/renderer_rd/storage_rd/texture_storage.cpp:2855)
   GDScript backtrace (most recent call first):
       [0] get_mat (res://scripts/material_library.gd:32)
       [1] material_for (res://scripts/building/orison_v2_architectural_materials.gd:40)
       [2] _box (res://scripts/building/orison_v2_blockout.gd:870)
       [3] _build_spaces (res://scripts/building/orison_v2_blockout.gd:437)
       [4] _ready (res://scripts/building/orison_v2_blockout.gd:44)
       [5] _ready (res://scripts/building/orison_v2_runtime_root.gd:107)
       [6] _run (res://tests/orison_v2_upper_radios_shot.gd:13)
WARNING: Image format RGB8 not supported by hardware, converting to RGBA8.
   at: _validate_texture_format (servers/rendering/renderer_rd/storage_rd/texture_storage.cpp:2855)
   GDScript backtrace (most recent call first):
       [0] get_mat (res://scripts/material_library.gd:34)
       [1] material_for (res://scripts/building/orison_v2_architectural_materials.gd:40)
       [2] _box (res://scripts/building/orison_v2_blockout.gd:870)
       [3] _build_spaces (res://scripts/building/orison_v2_blockout.gd:437)
       [4] _ready (res://scripts/building/orison_v2_blockout.gd:44)
       [5] _ready (res://scripts/building/orison_v2_runtime_root.gd:107)
       [6] _run (res://tests/orison_v2_upper_radios_shot.gd:13)
WARNING: Image format RGB8 not supported by hardware, converting to RGBA8.
   at: _validate_texture_format (servers/rendering/renderer_rd/storage_rd/texture_storage.cpp:2855)
   GDScript backtrace (most recent call first):
       [0] get_mat (res://scripts/material_library.gd:39)
       [1] material_for (res://scripts/building/orison_v2_architectural_materials.gd:40)
       [2] _box (res://scripts/building/orison_v2_blockout.gd:870)
       [3] _build_spaces (res://scripts/building/orison_v2_blockout.gd:437)
       [4] _ready (res://scripts/building/orison_v2_blockout.gd:44)
       [5] _ready (res://scripts/building/orison_v2_runtime_root.gd:107)
       [6] _run (res://tests/orison_v2_upper_radios_shot.gd:13)
WARNING: Image format RGB8 not supported by hardware, converting to RGBA8.
   at: _validate_texture_format (servers/rendering/renderer_rd/storage_rd/texture_storage.cpp:2855)
   GDScript backtrace (most recent call first):
       [0] get_mat (res://scripts/material_library.gd:32)
       [1] material_for (res://scripts/building/orison_v2_architectural_materials.gd:40)
       [2] _box (res://scripts/building/orison_v2_blockout.gd:870)
       [3] _wall_segment (res://scripts/building/orison_v2_blockout.gd:647)
       [4] _wall_with_openings (res://scripts/building/orison_v2_blockout.gd:536)
       [5] _build_space_outline (res://scripts/building/orison_v2_blockout.gd:461)
       [6] _build_spaces (res://scripts/building/orison_v2_blockout.gd:443)
       [7] _ready (res://scripts/building/orison_v2_blockout.gd:44)
       [8] _ready (res://scripts/building/orison_v2_runtime_root.gd:107)
       [9] _run (res://tests/orison_v2_upper_radios_shot.gd:13)
WARNING: Image format RGB8 not supported by hardware, converting to RGBA8.
   at: _validate_texture_format (servers/rendering/renderer_rd/storage_rd/texture_storage.cpp:2855)
   GDScript backtrace (most recent call first):
       [0] get_mat (res://scripts/material_library.gd:34)
       [1] material_for (res://scripts/building/orison_v2_architectural_materials.gd:40)
       [2] _box (res://scripts/building/orison_v2_blockout.gd:870)
       [3] _wall_segment (res://scripts/building/orison_v2_blockout.gd:647)
       [4] _wall_with_openings (res://scripts/building/orison_v2_blockout.gd:536)
       [5] _build_space_outline (res://scripts/building/orison_v2_blockout.gd:461)
       [6] _build_spaces (res://scripts/building/orison_v2_blockout.gd:443)
       [7] _ready (res://scripts/building/orison_v2_blockout.gd:44)
       [8] _ready (res://scripts/building/orison_v2_runtime_root.gd:107)
       [9] _run (res://tests/orison_v2_upper_radios_shot.gd:13)
WARNING: Image format RGB8 not supported by hardware, converting to RGBA8.
   at: _validate_texture_format (servers/rendering/renderer_rd/storage_rd/texture_storage.cpp:2855)
   GDScript backtrace (most recent call first):
       [0] get_mat (res://scripts/material_library.gd:39)
       [1] material_for (res://scripts/building/orison_v2_architectural_materials.gd:40)
       [2] _box (res://scripts/building/orison_v2_blockout.gd:870)
       [3] _wall_segment (res://scripts/building/orison_v2_blockout.gd:647)
       [4] _wall_with_openings (res://scripts/building/orison_v2_blockout.gd:536)
       [5] _build_space_outline (res://scripts/building/orison_v2_blockout.gd:461)
       [6] _build_spaces (res://scripts/building/orison_v2_blockout.gd:443)
       [7] _ready (res://scripts/building/orison_v2_blockout.gd:44)
       [8] _ready (res://scripts/building/orison_v2_runtime_root.gd:107)
       [9] _run (res://tests/orison_v2_upper_radios_shot.gd:13)
WARNING: Image format RGB8 not supported by hardware, converting to RGBA8.
   at: _validate_texture_format (servers/rendering/renderer_rd/storage_rd/texture_storage.cpp:2855)
   GDScript backtrace (most recent call first):
       [0] get_mat (res://scripts/material_library.gd:32)
       [1] material_for (res://scripts/building/orison_v2_architectural_materials.gd:40)
       [2] _box (res://scripts/building/orison_v2_blockout.gd:870)
       [3] _build_doors (res://scripts/building/orison_v2_blockout.gd:677)
       [4] _ready (res://scripts/building/orison_v2_blockout.gd:46)
       [5] _ready (res://scripts/building/orison_v2_runtime_root.gd:107)
       [6] _run (res://tests/orison_v2_upper_radios_shot.gd:13)
WARNING: Image format RGB8 not supported by hardware, converting to RGBA8.
   at: _validate_texture_format (servers/rendering/renderer_rd/storage_rd/texture_storage.cpp:2855)
   GDScript backtrace (most recent call first):
       [0] get_mat (res://scripts/material_library.gd:34)
       [1] material_for (res://scripts/building/orison_v2_architectural_materials.gd:40)
       [2] _box (res://scripts/building/orison_v2_blockout.gd:870)
       [3] _build_doors (res://scripts/building/orison_v2_blockout.gd:677)
       [4] _ready (res://scripts/building/orison_v2_blockout.gd:46)
       [5] _ready (res://scripts/building/orison_v2_runtime_root.gd:107)
       [6] _run (res://tests/orison_v2_upper_radios_shot.gd:13)
WARNING: Image format RGB8 not supported by hardware, converting to RGBA8.
   at: _validate_texture_format (servers/rendering/renderer_rd/storage_rd/texture_storage.cpp:2855)
   GDScript backtrace (most recent call first):
       [0] get_mat (res://scripts/material_library.gd:39)
       [1] material_for (res://scripts/building/orison_v2_architectural_materials.gd:40)
       [2] _box (res://scripts/building/orison_v2_blockout.gd:870)
       [3] _build_doors (res://scripts/building/orison_v2_blockout.gd:677)
       [4] _ready (res://scripts/building/orison_v2_blockout.gd:46)
       [5] _ready (res://scripts/building/orison_v2_runtime_root.gd:107)
       [6] _run (res://tests/orison_v2_upper_radios_shot.gd:13)
WARNING: Image format RGB8 not supported by hardware, converting to RGBA8.
   at: _validate_texture_format (servers/rendering/renderer_rd/storage_rd/texture_storage.cpp:2855)
   GDScript backtrace (most recent call first):
       [0] get_mat (res://scripts/material_library.gd:32)
       [1] material_for (res://scripts/building/orison_v2_architectural_materials.gd:40)
       [2] _box (res://scripts/building/orison_v2_blockout.gd:870)
       [3] _build_u_stair (res://scripts/building/orison_v2_blockout.gd:788)
       [4] _build_stairs (res://scripts/building/orison_v2_blockout.gd:769)
       [5] _ready (res://scripts/building/orison_v2_blockout.gd:52)
       [6] _ready (res://scripts/building/orison_v2_runtime_root.gd:107)
       [7] _run (res://tests/orison_v2_upper_radios_shot.gd:13)
WARNING: Image format RGB8 not supported by hardware, converting to RGBA8.
   at: _validate_texture_format (servers/rendering/renderer_rd/storage_rd/texture_storage.cpp:2855)
   GDScript backtrace (most recent call first):
       [0] get_mat (res://scripts/material_library.gd:34)
       [1] material_for (res://scripts/building/orison_v2_architectural_materials.gd:40)
       [2] _box (res://scripts/building/orison_v2_blockout.gd:870)
       [3] _build_u_stair (res://scripts/building/orison_v2_blockout.gd:788)
       [4] _build_stairs (res://scripts/building/orison_v2_blockout.gd:769)
       [5] _ready (res://scripts/building/orison_v2_blockout.gd:52)
       [6] _ready (res://scripts/building/orison_v2_runtime_root.gd:107)
       [7] _run (res://tests/orison_v2_upper_radios_shot.gd:13)
WARNING: Image format RGB8 not supported by hardware, converting to RGBA8.
   at: _validate_texture_format (servers/rendering/renderer_rd/storage_rd/texture_storage.cpp:2855)
   GDScript backtrace (most recent call first):
       [0] get_mat (res://scripts/material_library.gd:39)
       [1] material_for (res://scripts/building/orison_v2_architectural_materials.gd:40)
       [2] _box (res://scripts/building/orison_v2_blockout.gd:870)
       [3] _build_u_stair (res://scripts/building/orison_v2_blockout.gd:788)
       [4] _build_stairs (res://scripts/building/orison_v2_blockout.gd:769)
       [5] _ready (res://scripts/building/orison_v2_blockout.gd:52)
       [6] _ready (res://scripts/building/orison_v2_runtime_root.gd:107)
       [7] _run (res://tests/orison_v2_upper_radios_shot.gd:13)
WARNING: Image format RGB8 not supported by hardware, converting to RGBA8.
   at: _validate_texture_format (servers/rendering/renderer_rd/storage_rd/texture_storage.cpp:2855)
   GDScript backtrace (most recent call first):
       [0] get_mat (res://scripts/material_library.gd:32)
       [1] material_for (res://scripts/building/orison_v2_architectural_materials.gd:40)
       [2] _box (res://scripts/building/orison_v2_blockout.gd:870)
       [3] _build_u_stair (res://scripts/building/orison_v2_blockout.gd:791)
       [4] _build_stairs (res://scripts/building/orison_v2_blockout.gd:769)
       [5] _ready (res://scripts/building/orison_v2_blockout.gd:52)
       [6] _ready (res://scripts/building/orison_v2_runtime_root.gd:107)
       [7] _run (res://tests/orison_v2_upper_radios_shot.gd:13)
WARNING: Image format RGB8 not supported by hardware, converting to RGBA8.
   at: _validate_texture_format (servers/rendering/renderer_rd/storage_rd/texture_storage.cpp:2855)
   GDScript backtrace (most recent call first):
       [0] get_mat (res://scripts/material_library.gd:34)
       [1] material_for (res://scripts/building/orison_v2_architectural_materials.gd:40)
       [2] _box (res://scripts/building/orison_v2_blockout.gd:870)
       [3] _build_u_stair (res://scripts/building/orison_v2_blockout.gd:791)
       [4] _build_stairs (res://scripts/building/orison_v2_blockout.gd:769)
       [5] _ready (res://scripts/building/orison_v2_blockout.gd:52)
       [6] _ready (res://scripts/building/orison_v2_runtime_root.gd:107)
       [7] _run (res://tests/orison_v2_upper_radios_shot.gd:13)
WARNING: Image format RGB8 not supported by hardware, converting to RGBA8.
   at: _validate_texture_format (servers/rendering/renderer_rd/storage_rd/texture_storage.cpp:2855)
   GDScript backtrace (most recent call first):
       [0] get_mat (res://scripts/material_library.gd:39)
       [1] material_for (res://scripts/building/orison_v2_architectural_materials.gd:40)
       [2] _box (res://scripts/building/orison_v2_blockout.gd:870)
       [3] _build_u_stair (res://scripts/building/orison_v2_blockout.gd:791)
       [4] _build_stairs (res://scripts/building/orison_v2_blockout.gd:769)
       [5] _ready (res://scripts/building/orison_v2_blockout.gd:52)
       [6] _ready (res://scripts/building/orison_v2_runtime_root.gd:107)
       [7] _run (res://tests/orison_v2_upper_radios_shot.gd:13)
WARNING: Image format RGB8 not supported by hardware, converting to RGBA8.
   at: _validate_texture_format (servers/rendering/renderer_rd/storage_rd/texture_storage.cpp:2855)
   GDScript backtrace (most recent call first):
       [0] get_mat (res://scripts/material_library.gd:32)
       [1] retexture (res://scripts/props/functional_prop.gd:270)
       [2] retexture (res://scripts/props/functional_prop.gd:263)
       [3] retexture (res://scripts/props/functional_prop.gd:263)
       [4] _build_visual (res://scripts/props/vantry_point_prop.gd:79)
       [5] _ready (res://scripts/props/functional_prop.gd:38)
       [6] _compose_vantry (res://scripts/building/orison_v2_runtime_root.gd:550)
       [7] _compose_authorities (res://scripts/building/orison_v2_runtime_root.gd:156)
       [8] _ready (res://scripts/building/orison_v2_runtime_root.gd:129)
       [9] _run (res://tests/orison_v2_upper_radios_shot.gd:13)
WARNING: Image format RGB8 not supported by hardware, converting to RGBA8.
   at: _validate_texture_format (servers/rendering/renderer_rd/storage_rd/texture_storage.cpp:2855)
   GDScript backtrace (most recent call first):
       [0] get_mat (res://scripts/material_library.gd:34)
       [1] retexture (res://scripts/props/functional_prop.gd:270)
       [2] retexture (res://scripts/props/functional_prop.gd:263)
       [3] retexture (res://scripts/props/functional_prop.gd:263)
       [4] _build_visual (res://scripts/props/vantry_point_prop.gd:79)
       [5] _ready (res://scripts/props/functional_prop.gd:38)
       [6] _compose_vantry (res://scripts/building/orison_v2_runtime_root.gd:550)
       [7] _compose_authorities (res://scripts/building/orison_v2_runtime_root.gd:156)
       [8] _ready (res://scripts/building/orison_v2_runtime_root.gd:129)
       [9] _run (res://tests/orison_v2_upper_radios_shot.gd:13)
WARNING: Image format RGB8 not supported by hardware, converting to RGBA8.
   at: _validate_texture_format (servers/rendering/renderer_rd/storage_rd/texture_storage.cpp:2855)
   GDScript backtrace (most recent call first):
       [0] get_mat (res://scripts/material_library.gd:39)
       [1] retexture (res://scripts/props/functional_prop.gd:270)
       [2] retexture (res://scripts/props/functional_prop.gd:263)
       [3] retexture (res://scripts/props/functional_prop.gd:263)
       [4] _build_visual (res://scripts/props/vantry_point_prop.gd:79)
       [5] _ready (res://scripts/props/functional_prop.gd:38)
       [6] _compose_vantry (res://scripts/building/orison_v2_runtime_root.gd:550)
       [7] _compose_authorities (res://scripts/building/orison_v2_runtime_root.gd:156)
       [8] _ready (res://scripts/building/orison_v2_runtime_root.gd:129)
       [9] _run (res://tests/orison_v2_upper_radios_shot.gd:13)
WARNING: Image format RGB8 not supported by hardware, converting to RGBA8.
   at: _validate_texture_format (servers/rendering/renderer_rd/storage_rd/texture_storage.cpp:2855)
   GDScript backtrace (most recent call first):
       [0] get_mat (res://scripts/material_library.gd:32)
       [1] retexture (res://scripts/props/functional_prop.gd:270)
       [2] retexture (res://scripts/props/functional_prop.gd:263)
       [3] retexture (res://scripts/props/functional_prop.gd:263)
       [4] _build_visual (res://scripts/props/vantry_point_prop.gd:79)
       [5] _ready (res://scripts/props/functional_prop.gd:38)
       [6] _compose_vantry (res://scripts/building/orison_v2_runtime_root.gd:550)
       [7] _compose_authorities (res://scripts/building/orison_v2_runtime_root.gd:156)
       [8] _ready (res://scripts/building/orison_v2_runtime_root.gd:129)
       [9] _run (res://tests/orison_v2_upper_radios_shot.gd:13)
WARNING: Image format RGB8 not supported by hardware, converting to RGBA8.
   at: _validate_texture_format (servers/rendering/renderer_rd/storage_rd/texture_storage.cpp:2855)
   GDScript backtrace (most recent call first):
       [0] get_mat (res://scripts/material_library.gd:34)
       [1] retexture (res://scripts/props/functional_prop.gd:270)
       [2] retexture (res://scripts/props/functional_prop.gd:263)
       [3] retexture (res://scripts/props/functional_prop.gd:263)
       [4] _build_visual (res://scripts/props/vantry_point_prop.gd:79)
       [5] _ready (res://scripts/props/functional_prop.gd:38)
       [6] _compose_vantry (res://scripts/building/orison_v2_runtime_root.gd:550)
       [7] _compose_authorities (res://scripts/building/orison_v2_runtime_root.gd:156)
       [8] _ready (res://scripts/building/orison_v2_runtime_root.gd:129)
       [9] _run (res://tests/orison_v2_upper_radios_shot.gd:13)
WARNING: Image format RGB8 not supported by hardware, converting to RGBA8.
   at: _validate_texture_format (servers/rendering/renderer_rd/storage_rd/texture_storage.cpp:2855)
   GDScript backtrace (most recent call first):
       [0] get_mat (res://scripts/material_library.gd:39)
       [1] retexture (res://scripts/props/functional_prop.gd:270)
       [2] retexture (res://scripts/props/functional_prop.gd:263)
       [3] retexture (res://scripts/props/functional_prop.gd:263)
       [4] _build_visual (res://scripts/props/vantry_point_prop.gd:79)
       [5] _ready (res://scripts/props/functional_prop.gd:38)
       [6] _compose_vantry (res://scripts/building/orison_v2_runtime_root.gd:550)
       [7] _compose_authorities (res://scripts/building/orison_v2_runtime_root.gd:156)
       [8] _ready (res://scripts/building/orison_v2_runtime_root.gd:129)
       [9] _run (res://tests/orison_v2_upper_radios_shot.gd:13)
WARNING: Image format RGB8 not supported by hardware, converting to RGBA8.
   at: _validate_texture_format (servers/rendering/renderer_rd/storage_rd/texture_storage.cpp:2855)
   GDScript backtrace (most recent call first):
       [0] get_mat (res://scripts/material_library.gd:32)
       [1] retexture (res://scripts/props/functional_prop.gd:270)
       [2] retexture (res://scripts/props/functional_prop.gd:263)
       [3] retexture (res://scripts/props/functional_prop.gd:263)
       [4] _build_visual (res://scripts/props/vantry_point_prop.gd:79)
       [5] _ready (res://scripts/props/functional_prop.gd:38)
       [6] _compose_vantry (res://scripts/building/orison_v2_runtime_root.gd:550)
       [7] _compose_authorities (res://scripts/building/orison_v2_runtime_root.gd:156)
       [8] _ready (res://scripts/building/orison_v2_runtime_root.gd:129)
       [9] _run (res://tests/orison_v2_upper_radios_shot.gd:13)
WARNING: Image format RGB8 not supported by hardware, converting to RGBA8.
   at: _validate_texture_format (servers/rendering/renderer_rd/storage_rd/texture_storage.cpp:2855)
   GDScript backtrace (most recent call first):
       [0] get_mat (res://scripts/material_library.gd:34)
       [1] retexture (res://scripts/props/functional_prop.gd:270)
       [2] retexture (res://scripts/props/functional_prop.gd:263)
       [3] retexture (res://scripts/props/functional_prop.gd:263)
       [4] _build_visual (res://scripts/props/vantry_point_prop.gd:79)
       [5] _ready (res://scripts/props/functional_prop.gd:38)
       [6] _compose_vantry (res://scripts/building/orison_v2_runtime_root.gd:550)
       [7] _compose_authorities (res://scripts/building/orison_v2_runtime_root.gd:156)
       [8] _ready (res://scripts/building/orison_v2_runtime_root.gd:129)
       [9] _run (res://tests/orison_v2_upper_radios_shot.gd:13)
WARNING: Image format RGB8 not supported by hardware, converting to RGBA8.
   at: _validate_texture_format (servers/rendering/renderer_rd/storage_rd/texture_storage.cpp:2855)
   GDScript backtrace (most recent call first):
       [0] get_mat (res://scripts/material_library.gd:39)
       [1] retexture (res://scripts/props/functional_prop.gd:270)
       [2] retexture (res://scripts/props/functional_prop.gd:263)
       [3] retexture (res://scripts/props/functional_prop.gd:263)
       [4] _build_visual (res://scripts/props/vantry_point_prop.gd:79)
       [5] _ready (res://scripts/props/functional_prop.gd:38)
       [6] _compose_vantry (res://scripts/building/orison_v2_runtime_root.gd:550)
       [7] _compose_authorities (res://scripts/building/orison_v2_runtime_root.gd:156)
       [8] _ready (res://scripts/building/orison_v2_runtime_root.gd:129)
       [9] _run (res://tests/orison_v2_upper_radios_shot.gd:13)
WARNING: Image format RGB8 not supported by hardware, converting to RGBA8.
   at: _validate_texture_format (servers/rendering/renderer_rd/storage_rd/texture_storage.cpp:2855)
   GDScript backtrace (most recent call first):
       [0] get_mat (res://scripts/material_library.gd:32)
       [1] retexture (res://scripts/props/functional_prop.gd:270)
       [2] retexture (res://scripts/props/functional_prop.gd:263)
       [3] retexture (res://scripts/props/functional_prop.gd:263)
       [4] _build_visual (res://scripts/props/vantry_point_prop.gd:79)
       [5] _ready (res://scripts/props/functional_prop.gd:38)
       [6] _compose_vantry (res://scripts/building/orison_v2_runtime_root.gd:550)
       [7] _compose_authorities (res://scripts/building/orison_v2_runtime_root.gd:156)
       [8] _ready (res://scripts/building/orison_v2_runtime_root.gd:129)
       [9] _run (res://tests/orison_v2_upper_radios_shot.gd:13)
WARNING: Image format RGB8 not supported by hardware, converting to RGBA8.
   at: _validate_texture_format (servers/rendering/renderer_rd/storage_rd/texture_storage.cpp:2855)
   GDScript backtrace (most recent call first):
       [0] get_mat (res://scripts/material_library.gd:34)
       [1] retexture (res://scripts/props/functional_prop.gd:270)
       [2] retexture (res://scripts/props/functional_prop.gd:263)
       [3] retexture (res://scripts/props/functional_prop.gd:263)
       [4] _build_visual (res://scripts/props/vantry_point_prop.gd:79)
       [5] _ready (res://scripts/props/functional_prop.gd:38)
       [6] _compose_vantry (res://scripts/building/orison_v2_runtime_root.gd:550)
       [7] _compose_authorities (res://scripts/building/orison_v2_runtime_root.gd:156)
       [8] _ready (res://scripts/building/orison_v2_runtime_root.gd:129)
       [9] _run (res://tests/orison_v2_upper_radios_shot.gd:13)
WARNING: Image format RGB8 not supported by hardware, converting to RGBA8.
   at: _validate_texture_format (servers/rendering/renderer_rd/storage_rd/texture_storage.cpp:2855)
   GDScript backtrace (most recent call first):
       [0] get_mat (res://scripts/material_library.gd:39)
       [1] retexture (res://scripts/props/functional_prop.gd:270)
       [2] retexture (res://scripts/props/functional_prop.gd:263)
       [3] retexture (res://scripts/props/functional_prop.gd:263)
       [4] _build_visual (res://scripts/props/vantry_point_prop.gd:79)
       [5] _ready (res://scripts/props/functional_prop.gd:38)
       [6] _compose_vantry (res://scripts/building/orison_v2_runtime_root.gd:550)
       [7] _compose_authorities (res://scripts/building/orison_v2_runtime_root.gd:156)
       [8] _ready (res://scripts/building/orison_v2_runtime_root.gd:129)
       [9] _run (res://tests/orison_v2_upper_radios_shot.gd:13)
WARNING: Image format RGB8 not supported by hardware, converting to RGBA8.
   at: _validate_texture_format (servers/rendering/renderer_rd/storage_rd/texture_storage.cpp:2855)
   GDScript backtrace (most recent call first):
       [0] get_mat (res://scripts/material_library.gd:32)
       [1] retexture (res://scripts/props/functional_prop.gd:270)
       [2] retexture (res://scripts/props/functional_prop.gd:263)
       [3] _build_visual (res://scripts/props/vantry_point_prop.gd:79)
       [4] _ready (res://scripts/props/functional_prop.gd:38)
       [5] _compose_vantry (res://scripts/building/orison_v2_runtime_root.gd:550)
       [6] _compose_authorities (res://scripts/building/orison_v2_runtime_root.gd:156)
       [7] _ready (res://scripts/building/orison_v2_runtime_root.gd:129)
       [8] _run (res://tests/orison_v2_upper_radios_shot.gd:13)
WARNING: Image format RGB8 not supported by hardware, converting to RGBA8.
   at: _validate_texture_format (servers/rendering/renderer_rd/storage_rd/texture_storage.cpp:2855)
   GDScript backtrace (most recent call first):
       [0] get_mat (res://scripts/material_library.gd:34)
       [1] retexture (res://scripts/props/functional_prop.gd:270)
       [2] retexture (res://scripts/props/functional_prop.gd:263)
       [3] _build_visual (res://scripts/props/vantry_point_prop.gd:79)
       [4] _ready (res://scripts/props/functional_prop.gd:38)
       [5] _compose_vantry (res://scripts/building/orison_v2_runtime_root.gd:550)
       [6] _compose_authorities (res://scripts/building/orison_v2_runtime_root.gd:156)
       [7] _ready (res://scripts/building/orison_v2_runtime_root.gd:129)
       [8] _run (res://tests/orison_v2_upper_radios_shot.gd:13)
WARNING: Image format RGB8 not supported by hardware, converting to RGBA8.
   at: _validate_texture_format (servers/rendering/renderer_rd/storage_rd/texture_storage.cpp:2855)
   GDScript backtrace (most recent call first):
       [0] get_mat (res://scripts/material_library.gd:39)
       [1] retexture (res://scripts/props/functional_prop.gd:270)
       [2] retexture (res://scripts/props/functional_prop.gd:263)
       [3] _build_visual (res://scripts/props/vantry_point_prop.gd:79)
       [4] _ready (res://scripts/props/functional_prop.gd:38)
       [5] _compose_vantry (res://scripts/building/orison_v2_runtime_root.gd:550)
       [6] _compose_authorities (res://scripts/building/orison_v2_runtime_root.gd:156)
       [7] _ready (res://scripts/building/orison_v2_runtime_root.gd:129)
       [8] _run (res://tests/orison_v2_upper_radios_shot.gd:13)
WARNING: Image format RGB8 not supported by hardware, converting to RGBA8.
   at: _validate_texture_format (servers/rendering/renderer_rd/storage_rd/texture_storage.cpp:2855)
   GDScript backtrace (most recent call first):
       [0] _brass_material (res://scripts/props/mail_bank_prop.gd:79)
       [1] _ready (res://scripts/props/mail_bank_prop.gd:62)
       [2] mount_consumer (res://scripts/building/orison_v2_anchor_adapter.gd:86)
       [3] _mount (res://scripts/building/orison_v2_runtime_root.gd:553)
       [4] _compose_authorities (res://scripts/building/orison_v2_runtime_root.gd:157)
       [5] _ready (res://scripts/building/orison_v2_runtime_root.gd:129)
       [6] _run (res://tests/orison_v2_upper_radios_shot.gd:13)
WARNING: Image format RGB8 not supported by hardware, converting to RGBA8.
   at: _validate_texture_format (servers/rendering/renderer_rd/storage_rd/texture_storage.cpp:2855)
   GDScript backtrace (most recent call first):
       [0] _build (res://scripts/props/mail_bank_prop.gd:123)
       [1] _ready (res://scripts/props/mail_bank_prop.gd:64)
       [2] mount_consumer (res://scripts/building/orison_v2_anchor_adapter.gd:86)
       [3] _mount (res://scripts/building/orison_v2_runtime_root.gd:553)
       [4] _compose_authorities (res://scripts/building/orison_v2_runtime_root.gd:157)
       [5] _ready (res://scripts/building/orison_v2_runtime_root.gd:129)
       [6] _run (res://tests/orison_v2_upper_radios_shot.gd:13)
WARNING: Image format RGB8 not supported by hardware, converting to RGBA8.
   at: _validate_texture_format (servers/rendering/renderer_rd/storage_rd/texture_storage.cpp:2855)
   GDScript backtrace (most recent call first):
       [0] _build (res://scripts/props/mail_bank_prop.gd:131)
       [1] _ready (res://scripts/props/mail_bank_prop.gd:64)
       [2] mount_consumer (res://scripts/building/orison_v2_anchor_adapter.gd:86)
       [3] _mount (res://scripts/building/orison_v2_runtime_root.gd:553)
       [4] _compose_authorities (res://scripts/building/orison_v2_runtime_root.gd:157)
       [5] _ready (res://scripts/building/orison_v2_runtime_root.gd:129)
       [6] _run (res://tests/orison_v2_upper_radios_shot.gd:13)
WARNING: Image format RGB8 not supported by hardware, converting to RGBA8.
   at: _validate_texture_format (servers/rendering/renderer_rd/storage_rd/texture_storage.cpp:2855)
   GDScript backtrace (most recent call first):
       [0] get_mat (res://scripts/material_library.gd:32)
       [1] _build_sections (res://scripts/props/radiator_prop.gd:176)
       [2] _build_visual (res://scripts/props/radiator_prop.gd:134)
       [3] _ready (res://scripts/props/functional_prop.gd:38)
       [4] mount_consumer (res://scripts/building/orison_v2_anchor_adapter.gd:86)
       [5] mount (res://scripts/building/orison_v2_heating.gd:29)
       [6] _compose_service_round_props (res://scripts/building/orison_v2_runtime_root.gd:486)
       [7] _compose_authorities (res://scripts/building/orison_v2_runtime_root.gd:159)
       [8] _ready (res://scripts/building/orison_v2_runtime_root.gd:129)
       [9] _run (res://tests/orison_v2_upper_radios_shot.gd:13)
WARNING: Image format RGB8 not supported by hardware, converting to RGBA8.
   at: _validate_texture_format (servers/rendering/renderer_rd/storage_rd/texture_storage.cpp:2855)
   GDScript backtrace (most recent call first):
       [0] get_mat (res://scripts/material_library.gd:34)
       [1] _build_sections (res://scripts/props/radiator_prop.gd:176)
       [2] _build_visual (res://scripts/props/radiator_prop.gd:134)
       [3] _ready (res://scripts/props/functional_prop.gd:38)
       [4] mount_consumer (res://scripts/building/orison_v2_anchor_adapter.gd:86)
       [5] mount (res://scripts/building/orison_v2_heating.gd:29)
       [6] _compose_service_round_props (res://scripts/building/orison_v2_runtime_root.gd:486)
       [7] _compose_authorities (res://scripts/building/orison_v2_runtime_root.gd:159)
       [8] _ready (res://scripts/building/orison_v2_runtime_root.gd:129)
       [9] _run (res://tests/orison_v2_upper_radios_shot.gd:13)
WARNING: Image format RGB8 not supported by hardware, converting to RGBA8.
   at: _validate_texture_format (servers/rendering/renderer_rd/storage_rd/texture_storage.cpp:2855)
   GDScript backtrace (most recent call first):
       [0] get_mat (res://scripts/material_library.gd:39)
       [1] _build_sections (res://scripts/props/radiator_prop.gd:176)
       [2] _build_visual (res://scripts/props/radiator_prop.gd:134)
       [3] _ready (res://scripts/props/functional_prop.gd:38)
       [4] mount_consumer (res://scripts/building/orison_v2_anchor_adapter.gd:86)
       [5] mount (res://scripts/building/orison_v2_heating.gd:29)
       [6] _compose_service_round_props (res://scripts/building/orison_v2_runtime_root.gd:486)
       [7] _compose_authorities (res://scripts/building/orison_v2_runtime_root.gd:159)
       [8] _ready (res://scripts/building/orison_v2_runtime_root.gd:129)
       [9] _run (res://tests/orison_v2_upper_radios_shot.gd:13)
WARNING: Image format RGB8 not supported by hardware, converting to RGBA8.
   at: _validate_texture_format (servers/rendering/renderer_rd/storage_rd/texture_storage.cpp:2855)
   GDScript backtrace (most recent call first):
       [0] get_mat (res://scripts/material_library.gd:32)
       [1] retexture (res://scripts/props/functional_prop.gd:270)
       [2] retexture (res://scripts/props/functional_prop.gd:263)
       [3] retexture (res://scripts/props/functional_prop.gd:263)
       [4] retexture (res://scripts/props/functional_prop.gd:263)
       [5] _build_visual (res://scripts/props/radiator_prop.gd:139)
       [6] _ready (res://scripts/props/functional_prop.gd:38)
       [7] mount_consumer (res://scripts/building/orison_v2_anchor_adapter.gd:86)
       [8] mount (res://scripts/building/orison_v2_heating.gd:29)
       [9] _compose_service_round_props (res://scripts/building/orison_v2_runtime_root.gd:486)
       [10] _compose_authorities (res://scripts/building/orison_v2_runtime_root.gd:159)
       [11] _ready (res://scripts/building/orison_v2_runtime_root.gd:129)
       [12] _run (res://tests/orison_v2_upper_radios_shot.gd:13)
WARNING: Image format RGB8 not supported by hardware, converting to RGBA8.
   at: _validate_texture_format (servers/rendering/renderer_rd/storage_rd/texture_storage.cpp:2855)
   GDScript backtrace (most recent call first):
       [0] get_mat (res://scripts/material_library.gd:39)
       [1] retexture (res://scripts/props/functional_prop.gd:270)
       [2] retexture (res://scripts/props/functional_prop.gd:263)
       [3] retexture (res://scripts/props/functional_prop.gd:263)
       [4] retexture (res://scripts/props/functional_prop.gd:263)
       [5] _build_visual (res://scripts/props/radiator_prop.gd:139)
       [6] _ready (res://scripts/props/functional_prop.gd:38)
       [7] mount_consumer (res://scripts/building/orison_v2_anchor_adapter.gd:86)
       [8] mount (res://scripts/building/orison_v2_heating.gd:29)
       [9] _compose_service_round_props (res://scripts/building/orison_v2_runtime_root.gd:486)
       [10] _compose_authorities (res://scripts/building/orison_v2_runtime_root.gd:159)
       [11] _ready (res://scripts/building/orison_v2_runtime_root.gd:129)
       [12] _run (res://tests/orison_v2_upper_radios_shot.gd:13)
WARNING: Image format RGB8 not supported by hardware, converting to RGBA8.
   at: _validate_texture_format (servers/rendering/renderer_rd/storage_rd/texture_storage.cpp:2855)
   GDScript backtrace (most recent call first):
       [0] get_mat (res://scripts/material_library.gd:32)
       [1] retexture (res://scripts/props/functional_prop.gd:270)
       [2] retexture (res://scripts/props/functional_prop.gd:263)
       [3] retexture (res://scripts/props/functional_prop.gd:263)
       [4] _build_visual (res://scripts/props/boiler_prop.gd:90)
       [5] _ready (res://scripts/props/functional_prop.gd:38)
       [6] mount_consumer (res://scripts/building/orison_v2_anchor_adapter.gd:86)
       [7] _mount (res://scripts/building/orison_v2_runtime_root.gd:553)
       [8] _compose_service_round_props (res://scripts/building/orison_v2_runtime_root.gd:493)
       [9] _compose_authorities (res://scripts/building/orison_v2_runtime_root.gd:159)
       [10] _ready (res://scripts/building/orison_v2_runtime_root.gd:129)
       [11] _run (res://tests/orison_v2_upper_radios_shot.gd:13)
WARNING: Image format RGB8 not supported by hardware, converting to RGBA8.
   at: _validate_texture_format (servers/rendering/renderer_rd/storage_rd/texture_storage.cpp:2855)
   GDScript backtrace (most recent call first):
       [0] get_mat (res://scripts/material_library.gd:34)
       [1] retexture (res://scripts/props/functional_prop.gd:270)
       [2] retexture (res://scripts/props/functional_prop.gd:263)
       [3] retexture (res://scripts/props/functional_prop.gd:263)
       [4] _build_visual (res://scripts/props/boiler_prop.gd:90)
       [5] _ready (res://scripts/props/functional_prop.gd:38)
       [6] mount_consumer (res://scripts/building/orison_v2_anchor_adapter.gd:86)
       [7] _mount (res://scripts/building/orison_v2_runtime_root.gd:553)
       [8] _compose_service_round_props (res://scripts/building/orison_v2_runtime_root.gd:493)
       [9] _compose_authorities (res://scripts/building/orison_v2_runtime_root.gd:159)
       [10] _ready (res://scripts/building/orison_v2_runtime_root.gd:129)
       [11] _run (res://tests/orison_v2_upper_radios_shot.gd:13)
WARNING: Image format RGB8 not supported by hardware, converting to RGBA8.
   at: _validate_texture_format (servers/rendering/renderer_rd/storage_rd/texture_storage.cpp:2855)
   GDScript backtrace (most recent call first):
       [0] get_mat (res://scripts/material_library.gd:39)
       [1] retexture (res://scripts/props/functional_prop.gd:270)
       [2] retexture (res://scripts/props/functional_prop.gd:263)
       [3] retexture (res://scripts/props/functional_prop.gd:263)
       [4] _build_visual (res://scripts/props/boiler_prop.gd:90)
       [5] _ready (res://scripts/props/functional_prop.gd:38)
       [6] mount_consumer (res://scripts/building/orison_v2_anchor_adapter.gd:86)
       [7] _mount (res://scripts/building/orison_v2_runtime_root.gd:553)
       [8] _compose_service_round_props (res://scripts/building/orison_v2_runtime_root.gd:493)
       [9] _compose_authorities (res://scripts/building/orison_v2_runtime_root.gd:159)
       [10] _ready (res://scripts/building/orison_v2_runtime_root.gd:129)
       [11] _run (res://tests/orison_v2_upper_radios_shot.gd:13)
WARNING: Image format RGB8 not supported by hardware, converting to RGBA8.
   at: _validate_texture_format (servers/rendering/renderer_rd/storage_rd/texture_storage.cpp:2855)
   GDScript backtrace (most recent call first):
       [0] get_mat (res://scripts/material_library.gd:32)
       [1] retexture (res://scripts/props/functional_prop.gd:270)
       [2] retexture (res://scripts/props/functional_prop.gd:263)
       [3] retexture (res://scripts/props/functional_prop.gd:263)
       [4] _build_visual (res://scripts/props/tap_prop.gd:96)
       [5] _ready (res://scripts/props/functional_prop.gd:38)
       [6] mount_consumer (res://scripts/building/orison_v2_anchor_adapter.gd:86)
       [7] mount (res://scripts/building/orison_v2_domestic_fittings.gd:40)
       [8] _compose_authorities (res://scripts/building/orison_v2_runtime_root.gd:170)
       [9] _ready (res://scripts/building/orison_v2_runtime_root.gd:129)
       [10] _run (res://tests/orison_v2_upper_radios_shot.gd:13)
WARNING: Image format RGB8 not supported by hardware, converting to RGBA8.
   at: _validate_texture_format (servers/rendering/renderer_rd/storage_rd/texture_storage.cpp:2855)
   GDScript backtrace (most recent call first):
       [0] get_mat (res://scripts/material_library.gd:32)
       [1] retexture (res://scripts/props/functional_prop.gd:270)
       [2] retexture (res://scripts/props/functional_prop.gd:263)
       [3] retexture (res://scripts/props/functional_prop.gd:263)
       [4] _build_visual (res://scripts/props/tap_prop.gd:96)
       [5] _ready (res://scripts/props/functional_prop.gd:38)
       [6] mount_consumer (res://scripts/building/orison_v2_anchor_adapter.gd:86)
       [7] mount (res://scripts/building/orison_v2_domestic_fittings.gd:40)
       [8] _compose_authorities (res://scripts/building/orison_v2_runtime_root.gd:170)
       [9] _ready (res://scripts/building/orison_v2_runtime_root.gd:129)
       [10] _run (res://tests/orison_v2_upper_radios_shot.gd:13)
WARNING: Image format RGB8 not supported by hardware, converting to RGBA8.
   at: _validate_texture_format (servers/rendering/renderer_rd/storage_rd/texture_storage.cpp:2855)
   GDScript backtrace (most recent call first):
       [0] get_mat (res://scripts/material_library.gd:34)
       [1] retexture (res://scripts/props/functional_prop.gd:270)
       [2] retexture (res://scripts/props/functional_prop.gd:263)
       [3] retexture (res://scripts/props/functional_prop.gd:263)
       [4] _build_visual (res://scripts/props/tap_prop.gd:96)
       [5] _ready (res://scripts/props/functional_prop.gd:38)
       [6] mount_consumer (res://scripts/building/orison_v2_anchor_adapter.gd:86)
       [7] mount (res://scripts/building/orison_v2_domestic_fittings.gd:40)
       [8] _compose_authorities (res://scripts/building/orison_v2_runtime_root.gd:170)
       [9] _ready (res://scripts/building/orison_v2_runtime_root.gd:129)
       [10] _run (res://tests/orison_v2_upper_radios_shot.gd:13)
WARNING: Image format RGB8 not supported by hardware, converting to RGBA8.
   at: _validate_texture_format (servers/rendering/renderer_rd/storage_rd/texture_storage.cpp:2855)
   GDScript backtrace (most recent call first):
       [0] get_mat (res://scripts/material_library.gd:39)
       [1] retexture (res://scripts/props/functional_prop.gd:270)
       [2] retexture (res://scripts/props/functional_prop.gd:263)
       [3] retexture (res://scripts/props/functional_prop.gd:263)
       [4] _build_visual (res://scripts/props/tap_prop.gd:96)
       [5] _ready (res://scripts/props/functional_prop.gd:38)
       [6] mount_consumer (res://scripts/building/orison_v2_anchor_adapter.gd:86)
       [7] mount (res://scripts/building/orison_v2_domestic_fittings.gd:40)
       [8] _compose_authorities (res://scripts/building/orison_v2_runtime_root.gd:170)
       [9] _ready (res://scripts/building/orison_v2_runtime_root.gd:129)
       [10] _run (res://tests/orison_v2_upper_radios_shot.gd:13)
WARNING: Image format RGB8 not supported by hardware, converting to RGBA8.
   at: _validate_texture_format (servers/rendering/renderer_rd/storage_rd/texture_storage.cpp:2855)
   GDScript backtrace (most recent call first):
       [0] _build_contents (res://scripts/props/fridge_prop.gd:438)
       [1] _build_visual (res://scripts/props/fridge_prop.gd:143)
       [2] _ready (res://scripts/props/functional_prop.gd:38)
       [3] mount_consumer (res://scripts/building/orison_v2_anchor_adapter.gd:86)
       [4] mount (res://scripts/building/orison_v2_domestic_fittings.gd:40)
       [5] _compose_authorities (res://scripts/building/orison_v2_runtime_root.gd:170)
       [6] _ready (res://scripts/building/orison_v2_runtime_root.gd:129)
       [7] _run (res://tests/orison_v2_upper_radios_shot.gd:13)
WARNING: Image format RGB8 not supported by hardware, converting to RGBA8.
   at: _validate_texture_format (servers/rendering/renderer_rd/storage_rd/texture_storage.cpp:2855)
   GDScript backtrace (most recent call first):
       [0] get_mat (res://scripts/material_library.gd:32)
       [1] retexture (res://scripts/props/functional_prop.gd:270)
       [2] retexture (res://scripts/props/functional_prop.gd:263)
       [3] retexture (res://scripts/props/functional_prop.gd:263)
       [4] _build_visual (res://scripts/props/stove_prop.gd:90)
       [5] _ready (res://scripts/props/functional_prop.gd:38)
       [6] mount_consumer (res://scripts/building/orison_v2_anchor_adapter.gd:86)
       [7] mount (res://scripts/building/orison_v2_domestic_fittings.gd:40)
       [8] _compose_authorities (res://scripts/building/orison_v2_runtime_root.gd:170)
       [9] _ready (res://scripts/building/orison_v2_runtime_root.gd:129)
       [10] _run (res://tests/orison_v2_upper_radios_shot.gd:13)
WARNING: Image format RGB8 not supported by hardware, converting to RGBA8.
   at: _validate_texture_format (servers/rendering/renderer_rd/storage_rd/texture_storage.cpp:2855)
   GDScript backtrace (most recent call first):
       [0] get_mat (res://scripts/material_library.gd:39)
       [1] retexture (res://scripts/props/functional_prop.gd:270)
       [2] retexture (res://scripts/props/functional_prop.gd:263)
       [3] retexture (res://scripts/props/functional_prop.gd:263)
       [4] _build_visual (res://scripts/props/stove_prop.gd:90)
       [5] _ready (res://scripts/props/functional_prop.gd:38)
       [6] mount_consumer (res://scripts/building/orison_v2_anchor_adapter.gd:86)
       [7] mount (res://scripts/building/orison_v2_domestic_fittings.gd:40)
       [8] _compose_authorities (res://scripts/building/orison_v2_runtime_root.gd:170)
       [9] _ready (res://scripts/building/orison_v2_runtime_root.gd:129)
       [10] _run (res://tests/orison_v2_upper_radios_shot.gd:13)
WARNING: Image format RGB8 not supported by hardware, converting to RGBA8.
   at: _validate_texture_format (servers/rendering/renderer_rd/storage_rd/texture_storage.cpp:2855)
   GDScript backtrace (most recent call first):
       [0] get_mat (res://scripts/material_library.gd:32)
       [1] retexture (res://scripts/props/functional_prop.gd:270)
       [2] retexture (res://scripts/props/functional_prop.gd:263)
       [3] retexture (res://scripts/props/functional_prop.gd:263)
       [4] _build_visual (res://scripts/props/stove_prop.gd:90)
       [5] _ready (res://scripts/props/functional_prop.gd:38)
       [6] mount_consumer (res://scripts/building/orison_v2_anchor_adapter.gd:86)
       [7] mount (res://scripts/building/orison_v2_domestic_fittings.gd:40)
       [8] _compose_authorities (res://scripts/building/orison_v2_runtime_root.gd:170)
       [9] _ready (res://scripts/building/orison_v2_runtime_root.gd:129)
       [10] _run (res://tests/orison_v2_upper_radios_shot.gd:13)
WARNING: Image format RGB8 not supported by hardware, converting to RGBA8.
   at: _validate_texture_format (servers/rendering/renderer_rd/storage_rd/texture_storage.cpp:2855)
   GDScript backtrace (most recent call first):
       [0] get_mat (res://scripts/material_library.gd:34)
       [1] retexture (res://scripts/props/functional_prop.gd:270)
       [2] retexture (res://scripts/props/functional_prop.gd:263)
       [3] retexture (res://scripts/props/functional_prop.gd:263)
       [4] _build_visual (res://scripts/props/stove_prop.gd:90)
       [5] _ready (res://scripts/props/functional_prop.gd:38)
       [6] mount_consumer (res://scripts/building/orison_v2_anchor_adapter.gd:86)
       [7] mount (res://scripts/building/orison_v2_domestic_fittings.gd:40)
       [8] _compose_authorities (res://scripts/building/orison_v2_runtime_root.gd:170)
       [9] _ready (res://scripts/building/orison_v2_runtime_root.gd:129)
       [10] _run (res://tests/orison_v2_upper_radios_shot.gd:13)
WARNING: Image format RGB8 not supported by hardware, converting to RGBA8.
   at: _validate_texture_format (servers/rendering/renderer_rd/storage_rd/texture_storage.cpp:2855)
   GDScript backtrace (most recent call first):
       [0] get_mat (res://scripts/material_library.gd:39)
       [1] retexture (res://scripts/props/functional_prop.gd:270)
       [2] retexture (res://scripts/props/functional_prop.gd:263)
       [3] retexture (res://scripts/props/functional_prop.gd:263)
       [4] _build_visual (res://scripts/props/stove_prop.gd:90)
       [5] _ready (res://scripts/props/functional_prop.gd:38)
       [6] mount_consumer (res://scripts/building/orison_v2_anchor_adapter.gd:86)
       [7] mount (res://scripts/building/orison_v2_domestic_fittings.gd:40)
       [8] _compose_authorities (res://scripts/building/orison_v2_runtime_root.gd:170)
       [9] _ready (res://scripts/building/orison_v2_runtime_root.gd:129)
       [10] _run (res://tests/orison_v2_upper_radios_shot.gd:13)
WARNING: Image format RGB8 not supported by hardware, converting to RGBA8.
   at: _validate_texture_format (servers/rendering/renderer_rd/storage_rd/texture_storage.cpp:2855)
   GDScript backtrace (most recent call first):
       [0] get_mat (res://scripts/material_library.gd:39)
       [1] retexture (res://scripts/props/functional_prop.gd:270)
       [2] retexture (res://scripts/props/functional_prop.gd:263)
       [3] _build_visual (res://scripts/props/stove_prop.gd:90)
       [4] _ready (res://scripts/props/functional_prop.gd:38)
       [5] mount_consumer (res://scripts/building/orison_v2_anchor_adapter.gd:86)
       [6] mount (res://scripts/building/orison_v2_domestic_fittings.gd:40)
       [7] _compose_authorities (res://scripts/building/orison_v2_runtime_root.gd:170)
       [8] _ready (res://scripts/building/orison_v2_runtime_root.gd:129)
       [9] _run (res://tests/orison_v2_upper_radios_shot.gd:13)
WARNING: Image format RGB8 not supported by hardware, converting to RGBA8.
   at: _validate_texture_format (servers/rendering/renderer_rd/storage_rd/texture_storage.cpp:2855)
   GDScript backtrace (most recent call first):
       [0] get_mat (res://scripts/material_library.gd:32)
       [1] retexture (res://scripts/props/functional_prop.gd:270)
       [2] retexture (res://scripts/props/functional_prop.gd:263)
       [3] retexture (res://scripts/props/functional_prop.gd:263)
       [4] _build_visual (res://scripts/props/fridge_prop.gd:147)
       [5] _ready (res://scripts/props/functional_prop.gd:38)
       [6] mount_consumer (res://scripts/building/orison_v2_anchor_adapter.gd:86)
       [7] mount (res://scripts/building/orison_v2_domestic_fittings.gd:40)
       [8] _compose_authorities (res://scripts/building/orison_v2_runtime_root.gd:170)
       [9] _ready (res://scripts/building/orison_v2_runtime_root.gd:129)
       [10] _run (res://tests/orison_v2_upper_radios_shot.gd:13)
WARNING: Image format RGB8 not supported by hardware, converting to RGBA8.
   at: _validate_texture_format (servers/rendering/renderer_rd/storage_rd/texture_storage.cpp:2855)
   GDScript backtrace (most recent call first):
       [0] get_mat (res://scripts/material_library.gd:34)
       [1] retexture (res://scripts/props/functional_prop.gd:270)
       [2] retexture (res://scripts/props/functional_prop.gd:263)
       [3] retexture (res://scripts/props/functional_prop.gd:263)
       [4] _build_visual (res://scripts/props/fridge_prop.gd:147)
       [5] _ready (res://scripts/props/functional_prop.gd:38)
       [6] mount_consumer (res://scripts/building/orison_v2_anchor_adapter.gd:86)
       [7] mount (res://scripts/building/orison_v2_domestic_fittings.gd:40)
       [8] _compose_authorities (res://scripts/building/orison_v2_runtime_root.gd:170)
       [9] _ready (res://scripts/building/orison_v2_runtime_root.gd:129)
       [10] _run (res://tests/orison_v2_upper_radios_shot.gd:13)
WARNING: Image format RGB8 not supported by hardware, converting to RGBA8.
   at: _validate_texture_format (servers/rendering/renderer_rd/storage_rd/texture_storage.cpp:2855)
   GDScript backtrace (most recent call first):
       [0] get_mat (res://scripts/material_library.gd:39)
       [1] retexture (res://scripts/props/functional_prop.gd:270)
       [2] retexture (res://scripts/props/functional_prop.gd:263)
       [3] retexture (res://scripts/props/functional_prop.gd:263)
       [4] _build_visual (res://scripts/props/fridge_prop.gd:147)
       [5] _ready (res://scripts/props/functional_prop.gd:38)
       [6] mount_consumer (res://scripts/building/orison_v2_anchor_adapter.gd:86)
       [7] mount (res://scripts/building/orison_v2_domestic_fittings.gd:40)
       [8] _compose_authorities (res://scripts/building/orison_v2_runtime_root.gd:170)
       [9] _ready (res://scripts/building/orison_v2_runtime_root.gd:129)
       [10] _run (res://tests/orison_v2_upper_radios_shot.gd:13)
WARNING: Image format RGB8 not supported by hardware, converting to RGBA8.
   at: _validate_texture_format (servers/rendering/renderer_rd/storage_rd/texture_storage.cpp:2855)
   GDScript backtrace (most recent call first):
       [0] get_mat (res://scripts/material_library.gd:32)
       [1] retexture (res://scripts/props/functional_prop.gd:270)
       [2] retexture (res://scripts/props/functional_prop.gd:263)
       [3] retexture (res://scripts/props/functional_prop.gd:263)
       [4] _build_visual (res://scripts/props/fridge_prop.gd:147)
       [5] _ready (res://scripts/props/functional_prop.gd:38)
       [6] mount_consumer (res://scripts/building/orison_v2_anchor_adapter.gd:86)
       [7] mount (res://scripts/building/orison_v2_domestic_fittings.gd:40)
       [8] _compose_authorities (res://scripts/building/orison_v2_runtime_root.gd:170)
       [9] _ready (res://scripts/building/orison_v2_runtime_root.gd:129)
       [10] _run (res://tests/orison_v2_upper_radios_shot.gd:13)
WARNING: Image format RGB8 not supported by hardware, converting to RGBA8.
   at: _validate_texture_format (servers/rendering/renderer_rd/storage_rd/texture_storage.cpp:2855)
   GDScript backtrace (most recent call first):
       [0] get_mat (res://scripts/material_library.gd:34)
       [1] retexture (res://scripts/props/functional_prop.gd:270)
       [2] retexture (res://scripts/props/functional_prop.gd:263)
       [3] retexture (res://scripts/props/functional_prop.gd:263)
       [4] _build_visual (res://scripts/props/fridge_prop.gd:147)
       [5] _ready (res://scripts/props/functional_prop.gd:38)
       [6] mount_consumer (res://scripts/building/orison_v2_anchor_adapter.gd:86)
       [7] mount (res://scripts/building/orison_v2_domestic_fittings.gd:40)
       [8] _compose_authorities (res://scripts/building/orison_v2_runtime_root.gd:170)
       [9] _ready (res://scripts/building/orison_v2_runtime_root.gd:129)
       [10] _run (res://tests/orison_v2_upper_radios_shot.gd:13)
WARNING: Image format RGB8 not supported by hardware, converting to RGBA8.
   at: _validate_texture_format (servers/rendering/renderer_rd/storage_rd/texture_storage.cpp:2855)
   GDScript backtrace (most recent call first):
       [0] get_mat (res://scripts/material_library.gd:39)
       [1] retexture (res://scripts/props/functional_prop.gd:270)
       [2] retexture (res://scripts/props/functional_prop.gd:263)
       [3] retexture (res://scripts/props/functional_prop.gd:263)
       [4] _build_visual (res://scripts/props/fridge_prop.gd:147)
       [5] _ready (res://scripts/props/functional_prop.gd:38)
       [6] mount_consumer (res://scripts/building/orison_v2_anchor_adapter.gd:86)
       [7] mount (res://scripts/building/orison_v2_domestic_fittings.gd:40)
       [8] _compose_authorities (res://scripts/building/orison_v2_runtime_root.gd:170)
       [9] _ready (res://scripts/building/orison_v2_runtime_root.gd:129)
       [10] _run (res://tests/orison_v2_upper_radios_shot.gd:13)
WARNING: Image format RGB8 not supported by hardware, converting to RGBA8.
   at: _validate_texture_format (servers/rendering/renderer_rd/storage_rd/texture_storage.cpp:2855)
   GDScript backtrace (most recent call first):
       [0] get_mat (res://scripts/material_library.gd:32)
       [1] retexture (res://scripts/props/functional_prop.gd:270)
       [2] retexture (res://scripts/props/functional_prop.gd:263)
       [3] retexture (res://scripts/props/functional_prop.gd:263)
       [4] _build_visual (res://scripts/props/tap_prop.gd:96)
       [5] _ready (res://scripts/props/functional_prop.gd:38)
       [6] mount_consumer (res://scripts/building/orison_v2_anchor_adapter.gd:86)
       [7] mount (res://scripts/building/orison_v2_domestic_fittings.gd:40)
       [8] _compose_authorities (res://scripts/building/orison_v2_runtime_root.gd:170)
       [9] _ready (res://scripts/building/orison_v2_runtime_root.gd:129)
       [10] _run (res://tests/orison_v2_upper_radios_shot.gd:13)
WARNING: Image format RGB8 not supported by hardware, converting to RGBA8.
   at: _validate_texture_format (servers/rendering/renderer_rd/storage_rd/texture_storage.cpp:2855)
   GDScript backtrace (most recent call first):
       [0] get_mat (res://scripts/material_library.gd:39)
       [1] retexture (res://scripts/props/functional_prop.gd:270)
       [2] retexture (res://scripts/props/functional_prop.gd:263)
       [3] retexture (res://scripts/props/functional_prop.gd:263)
       [4] _build_visual (res://scripts/props/tap_prop.gd:96)
       [5] _ready (res://scripts/props/functional_prop.gd:38)
       [6] mount_consumer (res://scripts/building/orison_v2_anchor_adapter.gd:86)
       [7] mount (res://scripts/building/orison_v2_domestic_fittings.gd:40)
       [8] _compose_authorities (res://scripts/building/orison_v2_runtime_root.gd:170)
       [9] _ready (res://scripts/building/orison_v2_runtime_root.gd:129)
       [10] _run (res://tests/orison_v2_upper_radios_shot.gd:13)
WARNING: Image format RGB8 not supported by hardware, converting to RGBA8.
   at: _validate_texture_format (servers/rendering/renderer_rd/storage_rd/texture_storage.cpp:2855)
   GDScript backtrace (most recent call first):
       [0] get_mat (res://scripts/material_library.gd:32)
       [1] retexture (res://scripts/props/functional_prop.gd:270)
       [2] retexture (res://scripts/props/functional_prop.gd:263)
       [3] retexture (res://scripts/props/functional_prop.gd:263)
       [4] retexture (res://scripts/props/functional_prop.gd:263)
       [5] _build_visual (res://scripts/props/washer_prop.gd:127)
       [6] _ready (res://scripts/props/functional_prop.gd:38)
       [7] mount_consumer (res://scripts/building/orison_v2_anchor_adapter.gd:86)
       [8] mount (res://scripts/building/orison_v2_laundry.gd:11)
       [9] _compose_authorities (res://scripts/building/orison_v2_runtime_root.gd:177)
       [10] _ready (res://scripts/building/orison_v2_runtime_root.gd:129)
       [11] _run (res://tests/orison_v2_upper_radios_shot.gd:13)
WARNING: Image format RGB8 not supported by hardware, converting to RGBA8.
   at: _validate_texture_format (servers/rendering/renderer_rd/storage_rd/texture_storage.cpp:2855)
   GDScript backtrace (most recent call first):
       [0] get_mat (res://scripts/material_library.gd:34)
       [1] retexture (res://scripts/props/functional_prop.gd:270)
       [2] retexture (res://scripts/props/functional_prop.gd:263)
       [3] retexture (res://scripts/props/functional_prop.gd:263)
       [4] retexture (res://scripts/props/functional_prop.gd:263)
       [5] _build_visual (res://scripts/props/washer_prop.gd:127)
       [6] _ready (res://scripts/props/functional_prop.gd:38)
       [7] mount_consumer (res://scripts/building/orison_v2_anchor_adapter.gd:86)
       [8] mount (res://scripts/building/orison_v2_laundry.gd:11)
       [9] _compose_authorities (res://scripts/building/orison_v2_runtime_root.gd:177)
       [10] _ready (res://scripts/building/orison_v2_runtime_root.gd:129)
       [11] _run (res://tests/orison_v2_upper_radios_shot.gd:13)
WARNING: Image format RGB8 not supported by hardware, converting to RGBA8.
   at: _validate_texture_format (servers/rendering/renderer_rd/storage_rd/texture_storage.cpp:2855)
   GDScript backtrace (most recent call first):
       [0] get_mat (res://scripts/material_library.gd:39)
       [1] retexture (res://scripts/props/functional_prop.gd:270)
       [2] retexture (res://scripts/props/functional_prop.gd:263)
       [3] retexture (res://scripts/props/functional_prop.gd:263)
       [4] retexture (res://scripts/props/functional_prop.gd:263)
       [5] _build_visual (res://scripts/props/washer_prop.gd:127)
       [6] _ready (res://scripts/props/functional_prop.gd:38)
       [7] mount_consumer (res://scripts/building/orison_v2_anchor_adapter.gd:86)
       [8] mount (res://scripts/building/orison_v2_laundry.gd:11)
       [9] _compose_authorities (res://scripts/building/orison_v2_runtime_root.gd:177)
       [10] _ready (res://scripts/building/orison_v2_runtime_root.gd:129)
       [11] _run (res://tests/orison_v2_upper_radios_shot.gd:13)
WARNING: Image format RGB8 not supported by hardware, converting to RGBA8.
   at: _validate_texture_format (servers/rendering/renderer_rd/storage_rd/texture_storage.cpp:2855)
   GDScript backtrace (most recent call first):
       [0] get_mat (res://scripts/material_library.gd:32)
       [1] _material (res://scripts/building/orison_v2_domestic_furniture.gd:165)
       [2] _add_surfaces (res://scripts/building/orison_v2_domestic_furniture.gd:127)
       [3] mount (res://scripts/building/orison_v2_domestic_furniture.gd:40)
       [4] _compose_authorities (res://scripts/building/orison_v2_runtime_root.gd:181)
       [5] _ready (res://scripts/building/orison_v2_runtime_root.gd:129)
       [6] _run (res://tests/orison_v2_upper_radios_shot.gd:13)
WARNING: Image format RGB8 not supported by hardware, converting to RGBA8.
   at: _validate_texture_format (servers/rendering/renderer_rd/storage_rd/texture_storage.cpp:2855)
   GDScript backtrace (most recent call first):
       [0] get_mat (res://scripts/material_library.gd:34)
       [1] _material (res://scripts/building/orison_v2_domestic_furniture.gd:165)
       [2] _add_surfaces (res://scripts/building/orison_v2_domestic_furniture.gd:127)
       [3] mount (res://scripts/building/orison_v2_domestic_furniture.gd:40)
       [4] _compose_authorities (res://scripts/building/orison_v2_runtime_root.gd:181)
       [5] _ready (res://scripts/building/orison_v2_runtime_root.gd:129)
       [6] _run (res://tests/orison_v2_upper_radios_shot.gd:13)
WARNING: Image format RGB8 not supported by hardware, converting to RGBA8.
   at: _validate_texture_format (servers/rendering/renderer_rd/storage_rd/texture_storage.cpp:2855)
   GDScript backtrace (most recent call first):
       [0] get_mat (res://scripts/material_library.gd:39)
       [1] _material (res://scripts/building/orison_v2_domestic_furniture.gd:165)
       [2] _add_surfaces (res://scripts/building/orison_v2_domestic_furniture.gd:127)
       [3] mount (res://scripts/building/orison_v2_domestic_furniture.gd:40)
       [4] _compose_authorities (res://scripts/building/orison_v2_runtime_root.gd:181)
       [5] _ready (res://scripts/building/orison_v2_runtime_root.gd:129)
       [6] _run (res://tests/orison_v2_upper_radios_shot.gd:13)
WARNING: Image format RGB8 not supported by hardware, converting to RGBA8.
   at: _validate_texture_format (servers/rendering/renderer_rd/storage_rd/texture_storage.cpp:2855)
   GDScript backtrace (most recent call first):
       [0] get_mat (res://scripts/material_library.gd:32)
       [1] _material (res://scripts/building/orison_v2_domestic_furniture.gd:165)
       [2] _add_surfaces (res://scripts/building/orison_v2_domestic_furniture.gd:127)
       [3] mount (res://scripts/building/orison_v2_domestic_furniture.gd:40)
       [4] _compose_authorities (res://scripts/building/orison_v2_runtime_root.gd:181)
       [5] _ready (res://scripts/building/orison_v2_runtime_root.gd:129)
       [6] _run (res://tests/orison_v2_upper_radios_shot.gd:13)
WARNING: Image format RGB8 not supported by hardware, converting to RGBA8.
   at: _validate_texture_format (servers/rendering/renderer_rd/storage_rd/texture_storage.cpp:2855)
   GDScript backtrace (most recent call first):
       [0] get_mat (res://scripts/material_library.gd:34)
       [1] _material (res://scripts/building/orison_v2_domestic_furniture.gd:165)
       [2] _add_surfaces (res://scripts/building/orison_v2_domestic_furniture.gd:127)
       [3] mount (res://scripts/building/orison_v2_domestic_furniture.gd:40)
       [4] _compose_authorities (res://scripts/building/orison_v2_runtime_root.gd:181)
       [5] _ready (res://scripts/building/orison_v2_runtime_root.gd:129)
       [6] _run (res://tests/orison_v2_upper_radios_shot.gd:13)
WARNING: Image format RGB8 not supported by hardware, converting to RGBA8.
   at: _validate_texture_format (servers/rendering/renderer_rd/storage_rd/texture_storage.cpp:2855)
   GDScript backtrace (most recent call first):
       [0] get_mat (res://scripts/material_library.gd:39)
       [1] _material (res://scripts/building/orison_v2_domestic_furniture.gd:165)
       [2] _add_surfaces (res://scripts/building/orison_v2_domestic_furniture.gd:127)
       [3] mount (res://scripts/building/orison_v2_domestic_furniture.gd:40)
       [4] _compose_authorities (res://scripts/building/orison_v2_runtime_root.gd:181)
       [5] _ready (res://scripts/building/orison_v2_runtime_root.gd:129)
       [6] _run (res://tests/orison_v2_upper_radios_shot.gd:13)
WARNING: Image format RGB8 not supported by hardware, converting to RGBA8.
   at: _validate_texture_format (servers/rendering/renderer_rd/storage_rd/texture_storage.cpp:2855)
   GDScript backtrace (most recent call first):
       [0] get_mat (res://scripts/material_library.gd:32)
       [1] _material (res://scripts/building/orison_v2_domestic_furniture.gd:165)
       [2] _add_surfaces (res://scripts/building/orison_v2_domestic_furniture.gd:127)
       [3] mount (res://scripts/building/orison_v2_domestic_furniture.gd:40)
       [4] _compose_authorities (res://scripts/building/orison_v2_runtime_root.gd:181)
       [5] _ready (res://scripts/building/orison_v2_runtime_root.gd:129)
       [6] _run (res://tests/orison_v2_upper_radios_shot.gd:13)
WARNING: Image format RGB8 not supported by hardware, converting to RGBA8.
   at: _validate_texture_format (servers/rendering/renderer_rd/storage_rd/texture_storage.cpp:2855)
   GDScript backtrace (most recent call first):
       [0] get_mat (res://scripts/material_library.gd:34)
       [1] _material (res://scripts/building/orison_v2_domestic_furniture.gd:165)
       [2] _add_surfaces (res://scripts/building/orison_v2_domestic_furniture.gd:127)
       [3] mount (res://scripts/building/orison_v2_domestic_furniture.gd:40)
       [4] _compose_authorities (res://scripts/building/orison_v2_runtime_root.gd:181)
       [5] _ready (res://scripts/building/orison_v2_runtime_root.gd:129)
       [6] _run (res://tests/orison_v2_upper_radios_shot.gd:13)
WARNING: Image format RGB8 not supported by hardware, converting to RGBA8.
   at: _validate_texture_format (servers/rendering/renderer_rd/storage_rd/texture_storage.cpp:2855)
   GDScript backtrace (most recent call first):
       [0] get_mat (res://scripts/material_library.gd:39)
       [1] _material (res://scripts/building/orison_v2_domestic_furniture.gd:165)
       [2] _add_surfaces (res://scripts/building/orison_v2_domestic_furniture.gd:127)
       [3] mount (res://scripts/building/orison_v2_domestic_furniture.gd:40)
       [4] _compose_authorities (res://scripts/building/orison_v2_runtime_root.gd:181)
       [5] _ready (res://scripts/building/orison_v2_runtime_root.gd:129)
       [6] _run (res://tests/orison_v2_upper_radios_shot.gd:13)
WARNING: Image format RGB8 not supported by hardware, converting to RGBA8.
   at: _validate_texture_format (servers/rendering/renderer_rd/storage_rd/texture_storage.cpp:2855)
   GDScript backtrace (most recent call first):
       [0] get_mat (res://scripts/material_library.gd:32)
       [1] _material (res://scripts/building/orison_v2_domestic_furniture.gd:165)
       [2] _add_surfaces (res://scripts/building/orison_v2_domestic_furniture.gd:127)
       [3] mount (res://scripts/building/orison_v2_domestic_furniture.gd:40)
       [4] _compose_authorities (res://scripts/building/orison_v2_runtime_root.gd:181)
       [5] _ready (res://scripts/building/orison_v2_runtime_root.gd:129)
       [6] _run (res://tests/orison_v2_upper_radios_shot.gd:13)
WARNING: Image format RGB8 not supported by hardware, converting to RGBA8.
   at: _validate_texture_format (servers/rendering/renderer_rd/storage_rd/texture_storage.cpp:2855)
   GDScript backtrace (most recent call first):
       [0] get_mat (res://scripts/material_library.gd:34)
       [1] _material (res://scripts/building/orison_v2_domestic_furniture.gd:165)
       [2] _add_surfaces (res://scripts/building/orison_v2_domestic_furniture.gd:127)
       [3] mount (res://scripts/building/orison_v2_domestic_furniture.gd:40)
       [4] _compose_authorities (res://scripts/building/orison_v2_runtime_root.gd:181)
       [5] _ready (res://scripts/building/orison_v2_runtime_root.gd:129)
       [6] _run (res://tests/orison_v2_upper_radios_shot.gd:13)
WARNING: Image format RGB8 not supported by hardware, converting to RGBA8.
   at: _validate_texture_format (servers/rendering/renderer_rd/storage_rd/texture_storage.cpp:2855)
   GDScript backtrace (most recent call first):
       [0] get_mat (res://scripts/material_library.gd:39)
       [1] _material (res://scripts/building/orison_v2_domestic_furniture.gd:165)
       [2] _add_surfaces (res://scripts/building/orison_v2_domestic_furniture.gd:127)
       [3] mount (res://scripts/building/orison_v2_domestic_furniture.gd:40)
       [4] _compose_authorities (res://scripts/building/orison_v2_runtime_root.gd:181)
       [5] _ready (res://scripts/building/orison_v2_runtime_root.gd:129)
       [6] _run (res://tests/orison_v2_upper_radios_shot.gd:13)
WARNING: Image format RGB8 not supported by hardware, converting to RGBA8.
   at: _validate_texture_format (servers/rendering/renderer_rd/storage_rd/texture_storage.cpp:2855)
   GDScript backtrace (most recent call first):
       [0] get_mat (res://scripts/material_library.gd:32)
       [1] _material (res://scripts/building/orison_v2_domestic_furniture.gd:165)
       [2] _add_surfaces (res://scripts/building/orison_v2_domestic_furniture.gd:127)
       [3] mount (res://scripts/building/orison_v2_domestic_furniture.gd:40)
       [4] _compose_authorities (res://scripts/building/orison_v2_runtime_root.gd:181)
       [5] _ready (res://scripts/building/orison_v2_runtime_root.gd:129)
       [6] _run (res://tests/orison_v2_upper_radios_shot.gd:13)
WARNING: Image format RGB8 not supported by hardware, converting to RGBA8.
   at: _validate_texture_format (servers/rendering/renderer_rd/storage_rd/texture_storage.cpp:2855)
   GDScript backtrace (most recent call first):
       [0] get_mat (res://scripts/material_library.gd:34)
       [1] _material (res://scripts/building/orison_v2_domestic_furniture.gd:165)
       [2] _add_surfaces (res://scripts/building/orison_v2_domestic_furniture.gd:127)
       [3] mount (res://scripts/building/orison_v2_domestic_furniture.gd:40)
       [4] _compose_authorities (res://scripts/building/orison_v2_runtime_root.gd:181)
       [5] _ready (res://scripts/building/orison_v2_runtime_root.gd:129)
       [6] _run (res://tests/orison_v2_upper_radios_shot.gd:13)
WARNING: Image format RGB8 not supported by hardware, converting to RGBA8.
   at: _validate_texture_format (servers/rendering/renderer_rd/storage_rd/texture_storage.cpp:2855)
   GDScript backtrace (most recent call first):
       [0] get_mat (res://scripts/material_library.gd:39)
       [1] _material (res://scripts/building/orison_v2_domestic_furniture.gd:165)
       [2] _add_surfaces (res://scripts/building/orison_v2_domestic_furniture.gd:127)
       [3] mount (res://scripts/building/orison_v2_domestic_furniture.gd:40)
       [4] _compose_authorities (res://scripts/building/orison_v2_runtime_root.gd:181)
       [5] _ready (res://scripts/building/orison_v2_runtime_root.gd:129)
       [6] _run (res://tests/orison_v2_upper_radios_shot.gd:13)
WARNING: Image format RGB8 not supported by hardware, converting to RGBA8.
   at: _validate_texture_format (servers/rendering/renderer_rd/storage_rd/texture_storage.cpp:2855)
   GDScript backtrace (most recent call first):
       [0] get_mat (res://scripts/material_library.gd:32)
       [1] _material (res://scripts/building/orison_v2_domestic_furniture.gd:165)
       [2] _add_surfaces (res://scripts/building/orison_v2_domestic_furniture.gd:127)
       [3] mount (res://scripts/building/orison_v2_domestic_furniture.gd:40)
       [4] _compose_authorities (res://scripts/building/orison_v2_runtime_root.gd:181)
       [5] _ready (res://scripts/building/orison_v2_runtime_root.gd:129)
       [6] _run (res://tests/orison_v2_upper_radios_shot.gd:13)
WARNING: Image format RGB8 not supported by hardware, converting to RGBA8.
   at: _validate_texture_format (servers/rendering/renderer_rd/storage_rd/texture_storage.cpp:2855)
   GDScript backtrace (most recent call first):
       [0] get_mat (res://scripts/material_library.gd:34)
       [1] _material (res://scripts/building/orison_v2_domestic_furniture.gd:165)
       [2] _add_surfaces (res://scripts/building/orison_v2_domestic_furniture.gd:127)
       [3] mount (res://scripts/building/orison_v2_domestic_furniture.gd:40)
       [4] _compose_authorities (res://scripts/building/orison_v2_runtime_root.gd:181)
       [5] _ready (res://scripts/building/orison_v2_runtime_root.gd:129)
       [6] _run (res://tests/orison_v2_upper_radios_shot.gd:13)
WARNING: Image format RGB8 not supported by hardware, converting to RGBA8.
   at: _validate_texture_format (servers/rendering/renderer_rd/storage_rd/texture_storage.cpp:2855)
   GDScript backtrace (most recent call first):
       [0] get_mat (res://scripts/material_library.gd:39)
       [1] _material (res://scripts/building/orison_v2_domestic_furniture.gd:165)
       [2] _add_surfaces (res://scripts/building/orison_v2_domestic_furniture.gd:127)
       [3] mount (res://scripts/building/orison_v2_domestic_furniture.gd:40)
       [4] _compose_authorities (res://scripts/building/orison_v2_runtime_root.gd:181)
       [5] _ready (res://scripts/building/orison_v2_runtime_root.gd:129)
       [6] _run (res://tests/orison_v2_upper_radios_shot.gd:13)
WARNING: Image format RGB8 not supported by hardware, converting to RGBA8.
   at: _validate_texture_format (servers/rendering/renderer_rd/storage_rd/texture_storage.cpp:2855)
   GDScript backtrace (most recent call first):
       [0] get_mat (res://scripts/material_library.gd:32)
       [1] _material (res://scripts/building/orison_v2_domestic_furniture.gd:165)
       [2] _add_surfaces (res://scripts/building/orison_v2_domestic_furniture.gd:127)
       [3] mount (res://scripts/building/orison_v2_domestic_furniture.gd:40)
       [4] _compose_authorities (res://scripts/building/orison_v2_runtime_root.gd:181)
       [5] _ready (res://scripts/building/orison_v2_runtime_root.gd:129)
       [6] _run (res://tests/orison_v2_upper_radios_shot.gd:13)
WARNING: Image format RGB8 not supported by hardware, converting to RGBA8.
   at: _validate_texture_format (servers/rendering/renderer_rd/storage_rd/texture_storage.cpp:2855)
   GDScript backtrace (most recent call first):
       [0] get_mat (res://scripts/material_library.gd:34)
       [1] _material (res://scripts/building/orison_v2_domestic_furniture.gd:165)
       [2] _add_surfaces (res://scripts/building/orison_v2_domestic_furniture.gd:127)
       [3] mount (res://scripts/building/orison_v2_domestic_furniture.gd:40)
       [4] _compose_authorities (res://scripts/building/orison_v2_runtime_root.gd:181)
       [5] _ready (res://scripts/building/orison_v2_runtime_root.gd:129)
       [6] _run (res://tests/orison_v2_upper_radios_shot.gd:13)
WARNING: Image format RGB8 not supported by hardware, converting to RGBA8.
   at: _validate_texture_format (servers/rendering/renderer_rd/storage_rd/texture_storage.cpp:2855)
   GDScript backtrace (most recent call first):
       [0] get_mat (res://scripts/material_library.gd:39)
       [1] _material (res://scripts/building/orison_v2_domestic_furniture.gd:165)
       [2] _add_surfaces (res://scripts/building/orison_v2_domestic_furniture.gd:127)
       [3] mount (res://scripts/building/orison_v2_domestic_furniture.gd:40)
       [4] _compose_authorities (res://scripts/building/orison_v2_runtime_root.gd:181)
       [5] _ready (res://scripts/building/orison_v2_runtime_root.gd:129)
       [6] _run (res://tests/orison_v2_upper_radios_shot.gd:13)
WARNING: Image format RGB8 not supported by hardware, converting to RGBA8.
   at: _validate_texture_format (servers/rendering/renderer_rd/storage_rd/texture_storage.cpp:2855)
   GDScript backtrace (most recent call first):
       [0] get_mat (res://scripts/material_library.gd:32)
       [1] _material (res://scripts/building/orison_v2_domestic_furniture.gd:165)
       [2] _add_surfaces (res://scripts/building/orison_v2_domestic_furniture.gd:127)
       [3] mount (res://scripts/building/orison_v2_domestic_furniture.gd:40)
       [4] _compose_authorities (res://scripts/building/orison_v2_runtime_root.gd:181)
       [5] _ready (res://scripts/building/orison_v2_runtime_root.gd:129)
       [6] _run (res://tests/orison_v2_upper_radios_shot.gd:13)
WARNING: Image format RGB8 not supported by hardware, converting to RGBA8.
   at: _validate_texture_format (servers/rendering/renderer_rd/storage_rd/texture_storage.cpp:2855)
   GDScript backtrace (most recent call first):
       [0] get_mat (res://scripts/material_library.gd:34)
       [1] _material (res://scripts/building/orison_v2_domestic_furniture.gd:165)
       [2] _add_surfaces (res://scripts/building/orison_v2_domestic_furniture.gd:127)
       [3] mount (res://scripts/building/orison_v2_domestic_furniture.gd:40)
       [4] _compose_authorities (res://scripts/building/orison_v2_runtime_root.gd:181)
       [5] _ready (res://scripts/building/orison_v2_runtime_root.gd:129)
       [6] _run (res://tests/orison_v2_upper_radios_shot.gd:13)
WARNING: Image format RGB8 not supported by hardware, converting to RGBA8.
   at: _validate_texture_format (servers/rendering/renderer_rd/storage_rd/texture_storage.cpp:2855)
   GDScript backtrace (most recent call first):
       [0] get_mat (res://scripts/material_library.gd:39)
       [1] _material (res://scripts/building/orison_v2_domestic_furniture.gd:165)
       [2] _add_surfaces (res://scripts/building/orison_v2_domestic_furniture.gd:127)
       [3] mount (res://scripts/building/orison_v2_domestic_furniture.gd:40)
       [4] _compose_authorities (res://scripts/building/orison_v2_runtime_root.gd:181)
       [5] _ready (res://scripts/building/orison_v2_runtime_root.gd:129)
       [6] _run (res://tests/orison_v2_upper_radios_shot.gd:13)
WARNING: Image format RGB8 not supported by hardware, converting to RGBA8.
   at: _validate_texture_format (servers/rendering/renderer_rd/storage_rd/texture_storage.cpp:2855)
   GDScript backtrace (most recent call first):
       [0] get_mat (res://scripts/material_library.gd:32)
       [1] _material (res://scripts/building/orison_v2_domestic_furniture.gd:165)
       [2] _add_surfaces (res://scripts/building/orison_v2_domestic_furniture.gd:127)
       [3] mount (res://scripts/building/orison_v2_domestic_furniture.gd:40)
       [4] _compose_authorities (res://scripts/building/orison_v2_runtime_root.gd:181)
       [5] _ready (res://scripts/building/orison_v2_runtime_root.gd:129)
       [6] _run (res://tests/orison_v2_upper_radios_shot.gd:13)
WARNING: Image format RGB8 not supported by hardware, converting to RGBA8.
   at: _validate_texture_format (servers/rendering/renderer_rd/storage_rd/texture_storage.cpp:2855)
   GDScript backtrace (most recent call first):
       [0] get_mat (res://scripts/material_library.gd:34)
       [1] _material (res://scripts/building/orison_v2_domestic_furniture.gd:165)
       [2] _add_surfaces (res://scripts/building/orison_v2_domestic_furniture.gd:127)
       [3] mount (res://scripts/building/orison_v2_domestic_furniture.gd:40)
       [4] _compose_authorities (res://scripts/building/orison_v2_runtime_root.gd:181)
       [5] _ready (res://scripts/building/orison_v2_runtime_root.gd:129)
       [6] _run (res://tests/orison_v2_upper_radios_shot.gd:13)
WARNING: Image format RGB8 not supported by hardware, converting to RGBA8.
   at: _validate_texture_format (servers/rendering/renderer_rd/storage_rd/texture_storage.cpp:2855)
   GDScript backtrace (most recent call first):
       [0] get_mat (res://scripts/material_library.gd:39)
       [1] _material (res://scripts/building/orison_v2_domestic_furniture.gd:165)
       [2] _add_surfaces (res://scripts/building/orison_v2_domestic_furniture.gd:127)
       [3] mount (res://scripts/building/orison_v2_domestic_furniture.gd:40)
       [4] _compose_authorities (res://scripts/building/orison_v2_runtime_root.gd:181)
       [5] _ready (res://scripts/building/orison_v2_runtime_root.gd:129)
       [6] _run (res://tests/orison_v2_upper_radios_shot.gd:13)
WARNING: Image format RGB8 not supported by hardware, converting to RGBA8.
   at: _validate_texture_format (servers/rendering/renderer_rd/storage_rd/texture_storage.cpp:2855)
   GDScript backtrace (most recent call first):
       [0] get_mat (res://scripts/material_library.gd:32)
       [1] _material (res://scripts/building/orison_v2_domestic_furniture.gd:165)
       [2] _add_surfaces (res://scripts/building/orison_v2_domestic_furniture.gd:127)
       [3] mount (res://scripts/building/orison_v2_domestic_furniture.gd:40)
       [4] _compose_authorities (res://scripts/building/orison_v2_runtime_root.gd:181)
       [5] _ready (res://scripts/building/orison_v2_runtime_root.gd:129)
       [6] _run (res://tests/orison_v2_upper_radios_shot.gd:13)
WARNING: Image format RGB8 not supported by hardware, converting to RGBA8.
   at: _validate_texture_format (servers/rendering/renderer_rd/storage_rd/texture_storage.cpp:2855)
   GDScript backtrace (most recent call first):
       [0] get_mat (res://scripts/material_library.gd:34)
       [1] _material (res://scripts/building/orison_v2_domestic_furniture.gd:165)
       [2] _add_surfaces (res://scripts/building/orison_v2_domestic_furniture.gd:127)
       [3] mount (res://scripts/building/orison_v2_domestic_furniture.gd:40)
       [4] _compose_authorities (res://scripts/building/orison_v2_runtime_root.gd:181)
       [5] _ready (res://scripts/building/orison_v2_runtime_root.gd:129)
       [6] _run (res://tests/orison_v2_upper_radios_shot.gd:13)
WARNING: Image format RGB8 not supported by hardware, converting to RGBA8.
   at: _validate_texture_format (servers/rendering/renderer_rd/storage_rd/texture_storage.cpp:2855)
   GDScript backtrace (most recent call first):
       [0] get_mat (res://scripts/material_library.gd:39)
       [1] _material (res://scripts/building/orison_v2_domestic_furniture.gd:165)
       [2] _add_surfaces (res://scripts/building/orison_v2_domestic_furniture.gd:127)
       [3] mount (res://scripts/building/orison_v2_domestic_furniture.gd:40)
       [4] _compose_authorities (res://scripts/building/orison_v2_runtime_root.gd:181)
       [5] _ready (res://scripts/building/orison_v2_runtime_root.gd:129)
       [6] _run (res://tests/orison_v2_upper_radios_shot.gd:13)
WARNING: Image format RGB8 not supported by hardware, converting to RGBA8.
   at: _validate_texture_format (servers/rendering/renderer_rd/storage_rd/texture_storage.cpp:2855)
   GDScript backtrace (most recent call first):
       [0] get_mat (res://scripts/material_library.gd:32)
       [1] _material (res://scripts/building/orison_v2_domestic_furniture.gd:165)
       [2] _add_surfaces (res://scripts/building/orison_v2_domestic_furniture.gd:127)
       [3] mount (res://scripts/building/orison_v2_domestic_furniture.gd:40)
       [4] _compose_authorities (res://scripts/building/orison_v2_runtime_root.gd:181)
       [5] _ready (res://scripts/building/orison_v2_runtime_root.gd:129)
       [6] _run (res://tests/orison_v2_upper_radios_shot.gd:13)
WARNING: Image format RGB8 not supported by hardware, converting to RGBA8.
   at: _validate_texture_format (servers/rendering/renderer_rd/storage_rd/texture_storage.cpp:2855)
   GDScript backtrace (most recent call first):
       [0] get_mat (res://scripts/material_library.gd:34)
       [1] _material (res://scripts/building/orison_v2_domestic_furniture.gd:165)
       [2] _add_surfaces (res://scripts/building/orison_v2_domestic_furniture.gd:127)
       [3] mount (res://scripts/building/orison_v2_domestic_furniture.gd:40)
       [4] _compose_authorities (res://scripts/building/orison_v2_runtime_root.gd:181)
       [5] _ready (res://scripts/building/orison_v2_runtime_root.gd:129)
       [6] _run (res://tests/orison_v2_upper_radios_shot.gd:13)
WARNING: Image format RGB8 not supported by hardware, converting to RGBA8.
   at: _validate_texture_format (servers/rendering/renderer_rd/storage_rd/texture_storage.cpp:2855)
   GDScript backtrace (most recent call first):
       [0] get_mat (res://scripts/material_library.gd:39)
       [1] _material (res://scripts/building/orison_v2_domestic_furniture.gd:165)
       [2] _add_surfaces (res://scripts/building/orison_v2_domestic_furniture.gd:127)
       [3] mount (res://scripts/building/orison_v2_domestic_furniture.gd:40)
       [4] _compose_authorities (res://scripts/building/orison_v2_runtime_root.gd:181)
       [5] _ready (res://scripts/building/orison_v2_runtime_root.gd:129)
       [6] _run (res://tests/orison_v2_upper_radios_shot.gd:13)
WARNING: Image format RGB8 not supported by hardware, converting to RGBA8.
   at: _validate_texture_format (servers/rendering/renderer_rd/storage_rd/texture_storage.cpp:2855)
   GDScript backtrace (most recent call first):
       [0] get_mat (res://scripts/material_library.gd:32)
       [1] _material (res://scripts/building/orison_v2_domestic_furniture.gd:165)
       [2] _add_surfaces (res://scripts/building/orison_v2_domestic_furniture.gd:127)
       [3] mount (res://scripts/building/orison_v2_domestic_furniture.gd:40)
       [4] _compose_authorities (res://scripts/building/orison_v2_runtime_root.gd:181)
       [5] _ready (res://scripts/building/orison_v2_runtime_root.gd:129)
       [6] _run (res://tests/orison_v2_upper_radios_shot.gd:13)
WARNING: Image format RGB8 not supported by hardware, converting to RGBA8.
   at: _validate_texture_format (servers/rendering/renderer_rd/storage_rd/texture_storage.cpp:2855)
   GDScript backtrace (most recent call first):
       [0] get_mat (res://scripts/material_library.gd:34)
       [1] _material (res://scripts/building/orison_v2_domestic_furniture.gd:165)
       [2] _add_surfaces (res://scripts/building/orison_v2_domestic_furniture.gd:127)
       [3] mount (res://scripts/building/orison_v2_domestic_furniture.gd:40)
       [4] _compose_authorities (res://scripts/building/orison_v2_runtime_root.gd:181)
       [5] _ready (res://scripts/building/orison_v2_runtime_root.gd:129)
       [6] _run (res://tests/orison_v2_upper_radios_shot.gd:13)
WARNING: Image format RGB8 not supported by hardware, converting to RGBA8.
   at: _validate_texture_format (servers/rendering/renderer_rd/storage_rd/texture_storage.cpp:2855)
   GDScript backtrace (most recent call first):
       [0] get_mat (res://scripts/material_library.gd:39)
       [1] _material (res://scripts/building/orison_v2_domestic_furniture.gd:165)
       [2] _add_surfaces (res://scripts/building/orison_v2_domestic_furniture.gd:127)
       [3] mount (res://scripts/building/orison_v2_domestic_furniture.gd:40)
       [4] _compose_authorities (res://scripts/building/orison_v2_runtime_root.gd:181)
       [5] _ready (res://scripts/building/orison_v2_runtime_root.gd:129)
       [6] _run (res://tests/orison_v2_upper_radios_shot.gd:13)
WARNING: Image format RGB8 not supported by hardware, converting to RGBA8.
   at: _validate_texture_format (servers/rendering/renderer_rd/storage_rd/texture_storage.cpp:2855)
   GDScript backtrace (most recent call first):
       [0] get_mat (res://scripts/material_library.gd:32)
       [1] _material (res://scripts/building/orison_v2_domestic_furniture.gd:165)
       [2] _add_surfaces (res://scripts/building/orison_v2_domestic_furniture.gd:127)
       [3] mount (res://scripts/building/orison_v2_domestic_furniture.gd:40)
       [4] _compose_authorities (res://scripts/building/orison_v2_runtime_root.gd:181)
       [5] _ready (res://scripts/building/orison_v2_runtime_root.gd:129)
       [6] _run (res://tests/orison_v2_upper_radios_shot.gd:13)
WARNING: Image format RGB8 not supported by hardware, converting to RGBA8.
   at: _validate_texture_format (servers/rendering/renderer_rd/storage_rd/texture_storage.cpp:2855)
   GDScript backtrace (most recent call first):
       [0] get_mat (res://scripts/material_library.gd:34)
       [1] _material (res://scripts/building/orison_v2_domestic_furniture.gd:165)
       [2] _add_surfaces (res://scripts/building/orison_v2_domestic_furniture.gd:127)
       [3] mount (res://scripts/building/orison_v2_domestic_furniture.gd:40)
       [4] _compose_authorities (res://scripts/building/orison_v2_runtime_root.gd:181)
       [5] _ready (res://scripts/building/orison_v2_runtime_root.gd:129)
       [6] _run (res://tests/orison_v2_upper_radios_shot.gd:13)
WARNING: Image format RGB8 not supported by hardware, converting to RGBA8.
   at: _validate_texture_format (servers/rendering/renderer_rd/storage_rd/texture_storage.cpp:2855)
   GDScript backtrace (most recent call first):
       [0] get_mat (res://scripts/material_library.gd:39)
       [1] _material (res://scripts/building/orison_v2_domestic_furniture.gd:165)
       [2] _add_surfaces (res://scripts/building/orison_v2_domestic_furniture.gd:127)
       [3] mount (res://scripts/building/orison_v2_domestic_furniture.gd:40)
       [4] _compose_authorities (res://scripts/building/orison_v2_runtime_root.gd:181)
       [5] _ready (res://scripts/building/orison_v2_runtime_root.gd:129)
       [6] _run (res://tests/orison_v2_upper_radios_shot.gd:13)
WARNING: Image format RGB8 not supported by hardware, converting to RGBA8.
   at: _validate_texture_format (servers/rendering/renderer_rd/storage_rd/texture_storage.cpp:2855)
   GDScript backtrace (most recent call first):
       [0] get_mat (res://scripts/material_library.gd:32)
       [1] _material (res://scripts/building/orison_v2_domestic_furniture.gd:165)
       [2] _add_surfaces (res://scripts/building/orison_v2_domestic_furniture.gd:127)
       [3] mount (res://scripts/building/orison_v2_domestic_furniture.gd:40)
       [4] _compose_authorities (res://scripts/building/orison_v2_runtime_root.gd:181)
       [5] _ready (res://scripts/building/orison_v2_runtime_root.gd:129)
       [6] _run (res://tests/orison_v2_upper_radios_shot.gd:13)
WARNING: Image format RGB8 not supported by hardware, converting to RGBA8.
   at: _validate_texture_format (servers/rendering/renderer_rd/storage_rd/texture_storage.cpp:2855)
   GDScript backtrace (most recent call first):
       [0] get_mat (res://scripts/material_library.gd:34)
       [1] _material (res://scripts/building/orison_v2_domestic_furniture.gd:165)
       [2] _add_surfaces (res://scripts/building/orison_v2_domestic_furniture.gd:127)
       [3] mount (res://scripts/building/orison_v2_domestic_furniture.gd:40)
       [4] _compose_authorities (res://scripts/building/orison_v2_runtime_root.gd:181)
       [5] _ready (res://scripts/building/orison_v2_runtime_root.gd:129)
       [6] _run (res://tests/orison_v2_upper_radios_shot.gd:13)
WARNING: Image format RGB8 not supported by hardware, converting to RGBA8.
   at: _validate_texture_format (servers/rendering/renderer_rd/storage_rd/texture_storage.cpp:2855)
   GDScript backtrace (most recent call first):
       [0] get_mat (res://scripts/material_library.gd:39)
       [1] _material (res://scripts/building/orison_v2_domestic_furniture.gd:165)
       [2] _add_surfaces (res://scripts/building/orison_v2_domestic_furniture.gd:127)
       [3] mount (res://scripts/building/orison_v2_domestic_furniture.gd:40)
       [4] _compose_authorities (res://scripts/building/orison_v2_runtime_root.gd:181)
       [5] _ready (res://scripts/building/orison_v2_runtime_root.gd:129)
       [6] _run (res://tests/orison_v2_upper_radios_shot.gd:13)
WARNING: Image format RGB8 not supported by hardware, converting to RGBA8.
   at: _validate_texture_format (servers/rendering/renderer_rd/storage_rd/texture_storage.cpp:2855)
   GDScript backtrace (most recent call first):
       [0] setup (res://scripts/phoneos/phone_light_mask.gd:89)
       [1] _build_hud (res://scripts/player/player_controller.gd:220)
       [2] _ready (res://scripts/player/player_controller.gd:207)
       [3] _compose_authorities (res://scripts/building/orison_v2_runtime_root.gd:214)
       [4] _ready (res://scripts/building/orison_v2_runtime_root.gd:129)
       [5] _run (res://tests/orison_v2_upper_radios_shot.gd:13)
WARNING: Image format RGB8 not supported by hardware, converting to RGBA8.
   at: _validate_texture_format (servers/rendering/renderer_rd/storage_rd/texture_storage.cpp:2855)
   GDScript backtrace (most recent call first):
       [0] setup (res://scripts/phoneos/phone_light_mask.gd:89)
       [1] _build_hud (res://scripts/player/player_controller.gd:220)
       [2] _ready (res://scripts/player/player_controller.gd:207)
       [3] _compose_authorities (res://scripts/building/orison_v2_runtime_root.gd:214)
       [4] _ready (res://scripts/building/orison_v2_runtime_root.gd:129)
       [5] _run (res://tests/orison_v2_upper_radios_shot.gd:13)
WARNING: Image format RGB8 not supported by hardware, converting to RGBA8.
   at: _validate_texture_format (servers/rendering/renderer_rd/storage_rd/texture_storage.cpp:2855)
   GDScript backtrace (most recent call first):
       [0] setup (res://scripts/phoneos/phone_light_mask.gd:89)
       [1] _build_hud (res://scripts/player/player_controller.gd:220)
       [2] _ready (res://scripts/player/player_controller.gd:207)
       [3] _compose_authorities (res://scripts/building/orison_v2_runtime_root.gd:214)
       [4] _ready (res://scripts/building/orison_v2_runtime_root.gd:129)
       [5] _run (res://tests/orison_v2_upper_radios_shot.gd:13)
WARNING: Image format RGB8 not supported by hardware, converting to RGBA8.
   at: _validate_texture_format (servers/rendering/renderer_rd/storage_rd/texture_storage.cpp:2855)
   GDScript backtrace (most recent call first):
       [0] _mount_scene (res://scripts/building/orison_v2_passage_region.gd:81)
       [1] _ready (res://scripts/building/orison_v2_passage_region.gd:57)
       [2] _compose_exterior (res://scripts/building/orison_v2_runtime_root.gd:381)
       [3] _compose_authorities (res://scripts/building/orison_v2_runtime_root.gd:215)
       [4] _ready (res://scripts/building/orison_v2_runtime_root.gd:129)
       [5] _run (res://tests/orison_v2_upper_radios_shot.gd:13)
WARNING: Image format RGB8 not supported by hardware, converting to RGBA8.
   at: _validate_texture_format (servers/rendering/renderer_rd/storage_rd/texture_storage.cpp:2855)
   GDScript backtrace (most recent call first):
       [0] _mount_scene (res://scripts/building/orison_v2_passage_region.gd:81)
       [1] _ready (res://scripts/building/orison_v2_passage_region.gd:57)
       [2] _compose_exterior (res://scripts/building/orison_v2_runtime_root.gd:381)
       [3] _compose_authorities (res://scripts/building/orison_v2_runtime_root.gd:215)
       [4] _ready (res://scripts/building/orison_v2_runtime_root.gd:129)
       [5] _run (res://tests/orison_v2_upper_radios_shot.gd:13)
WARNING: Image format RGB8 not supported by hardware, converting to RGBA8.
   at: _validate_texture_format (servers/rendering/renderer_rd/storage_rd/texture_storage.cpp:2855)
   GDScript backtrace (most recent call first):
       [0] _mount_scene (res://scripts/building/orison_v2_passage_region.gd:81)
       [1] _ready (res://scripts/building/orison_v2_passage_region.gd:57)
       [2] _compose_exterior (res://scripts/building/orison_v2_runtime_root.gd:381)
       [3] _compose_authorities (res://scripts/building/orison_v2_runtime_root.gd:215)
       [4] _ready (res://scripts/building/orison_v2_runtime_root.gd:129)
       [5] _run (res://tests/orison_v2_upper_radios_shot.gd:13)
WARNING: Image format RGB8 not supported by hardware, converting to RGBA8.
   at: _validate_texture_format (servers/rendering/renderer_rd/storage_rd/texture_storage.cpp:2855)
   GDScript backtrace (most recent call first):
       [0] _mount_scene (res://scripts/building/orison_v2_passage_region.gd:81)
       [1] _ready (res://scripts/building/orison_v2_passage_region.gd:57)
       [2] _compose_exterior (res://scripts/building/orison_v2_runtime_root.gd:381)
       [3] _compose_authorities (res://scripts/building/orison_v2_runtime_root.gd:215)
       [4] _ready (res://scripts/building/orison_v2_runtime_root.gd:129)
       [5] _run (res://tests/orison_v2_upper_radios_shot.gd:13)
WARNING: Image format RGB8 not supported by hardware, converting to RGBA8.
   at: _validate_texture_format (servers/rendering/renderer_rd/storage_rd/texture_storage.cpp:2855)
   GDScript backtrace (most recent call first):
       [0] _mount_scene (res://scripts/building/orison_v2_passage_region.gd:81)
       [1] _ready (res://scripts/building/orison_v2_passage_region.gd:57)
       [2] _compose_exterior (res://scripts/building/orison_v2_runtime_root.gd:381)
       [3] _compose_authorities (res://scripts/building/orison_v2_runtime_root.gd:215)
       [4] _ready (res://scripts/building/orison_v2_runtime_root.gd:129)
       [5] _run (res://tests/orison_v2_upper_radios_shot.gd:13)
WARNING: Image format RGB8 not supported by hardware, converting to RGBA8.
   at: _validate_texture_format (servers/rendering/renderer_rd/storage_rd/texture_storage.cpp:2855)
   GDScript backtrace (most recent call first):
       [0] _mount_scene (res://scripts/building/orison_v2_passage_region.gd:81)
       [1] _ready (res://scripts/building/orison_v2_passage_region.gd:57)
       [2] _compose_exterior (res://scripts/building/orison_v2_runtime_root.gd:381)
       [3] _compose_authorities (res://scripts/building/orison_v2_runtime_root.gd:215)
       [4] _ready (res://scripts/building/orison_v2_runtime_root.gd:129)
       [5] _run (res://tests/orison_v2_upper_radios_shot.gd:13)
WARNING: Image format RGB8 not supported by hardware, converting to RGBA8.
   at: _validate_texture_format (servers/rendering/renderer_rd/storage_rd/texture_storage.cpp:2855)
   GDScript backtrace (most recent call first):
       [0] _mount_scene (res://scripts/building/orison_v2_passage_region.gd:81)
       [1] _ready (res://scripts/building/orison_v2_passage_region.gd:57)
       [2] _compose_exterior (res://scripts/building/orison_v2_runtime_root.gd:381)
       [3] _compose_authorities (res://scripts/building/orison_v2_runtime_root.gd:215)
       [4] _ready (res://scripts/building/orison_v2_runtime_root.gd:129)
       [5] _run (res://tests/orison_v2_upper_radios_shot.gd:13)
WARNING: Image format RGB8 not supported by hardware, converting to RGBA8.
   at: _validate_texture_format (servers/rendering/renderer_rd/storage_rd/texture_storage.cpp:2855)
   GDScript backtrace (most recent call first):
       [0] _mount_scene (res://scripts/building/orison_v2_passage_region.gd:81)
       [1] _ready (res://scripts/building/orison_v2_passage_region.gd:57)
       [2] _compose_exterior (res://scripts/building/orison_v2_runtime_root.gd:381)
       [3] _compose_authorities (res://scripts/building/orison_v2_runtime_root.gd:215)
       [4] _ready (res://scripts/building/orison_v2_runtime_root.gd:129)
       [5] _run (res://tests/orison_v2_upper_radios_shot.gd:13)
WARNING: Image format RGB8 not supported by hardware, converting to RGBA8.
   at: _validate_texture_format (servers/rendering/renderer_rd/storage_rd/texture_storage.cpp:2855)
   GDScript backtrace (most recent call first):
       [0] _mount_scene (res://scripts/building/orison_v2_passage_region.gd:81)
       [1] _ready (res://scripts/building/orison_v2_passage_region.gd:57)
       [2] _compose_exterior (res://scripts/building/orison_v2_runtime_root.gd:381)
       [3] _compose_authorities (res://scripts/building/orison_v2_runtime_root.gd:215)
       [4] _ready (res://scripts/building/orison_v2_runtime_root.gd:129)
       [5] _run (res://tests/orison_v2_upper_radios_shot.gd:13)
WARNING: Image format RGB8 not supported by hardware, converting to RGBA8.
   at: _validate_texture_format (servers/rendering/renderer_rd/storage_rd/texture_storage.cpp:2855)
   GDScript backtrace (most recent call first):
       [0] _mount_scene (res://scripts/building/orison_v2_passage_region.gd:81)
       [1] _ready (res://scripts/building/orison_v2_passage_region.gd:57)
       [2] _compose_exterior (res://scripts/building/orison_v2_runtime_root.gd:381)
       [3] _compose_authorities (res://scripts/building/orison_v2_runtime_root.gd:215)
       [4] _ready (res://scripts/building/orison_v2_runtime_root.gd:129)
       [5] _run (res://tests/orison_v2_upper_radios_shot.gd:13)
WARNING: Image format RGB8 not supported by hardware, converting to RGBA8.
   at: _validate_texture_format (servers/rendering/renderer_rd/storage_rd/texture_storage.cpp:2855)
   GDScript backtrace (most recent call first):
       [0] _mount_scene (res://scripts/building/orison_v2_passage_region.gd:81)
       [1] _ready (res://scripts/building/orison_v2_passage_region.gd:57)
       [2] _compose_exterior (res://scripts/building/orison_v2_runtime_root.gd:381)
       [3] _compose_authorities (res://scripts/building/orison_v2_runtime_root.gd:215)
       [4] _ready (res://scripts/building/orison_v2_runtime_root.gd:129)
       [5] _run (res://tests/orison_v2_upper_radios_shot.gd:13)
WARNING: Image format RGB8 not supported by hardware, converting to RGBA8.
   at: _validate_texture_format (servers/rendering/renderer_rd/storage_rd/texture_storage.cpp:2855)
   GDScript backtrace (most recent call first):
       [0] _mount_scene (res://scripts/building/orison_v2_passage_region.gd:81)
       [1] _ready (res://scripts/building/orison_v2_passage_region.gd:57)
       [2] _compose_exterior (res://scripts/building/orison_v2_runtime_root.gd:381)
       [3] _compose_authorities (res://scripts/building/orison_v2_runtime_root.gd:215)
       [4] _ready (res://scripts/building/orison_v2_runtime_root.gd:129)
       [5] _run (res://tests/orison_v2_upper_radios_shot.gd:13)
WARNING: Image format RGB8 not supported by hardware, converting to RGBA8.
   at: _validate_texture_format (servers/rendering/renderer_rd/storage_rd/texture_storage.cpp:2855)
   GDScript backtrace (most recent call first):
       [0] _mount_scene (res://scripts/building/orison_v2_passage_region.gd:81)
       [1] _ready (res://scripts/building/orison_v2_passage_region.gd:57)
       [2] _compose_exterior (res://scripts/building/orison_v2_runtime_root.gd:381)
       [3] _compose_authorities (res://scripts/building/orison_v2_runtime_root.gd:215)
       [4] _ready (res://scripts/building/orison_v2_runtime_root.gd:129)
       [5] _run (res://tests/orison_v2_upper_radios_shot.gd:13)
WARNING: Image format RGB8 not supported by hardware, converting to RGBA8.
   at: _validate_texture_format (servers/rendering/renderer_rd/storage_rd/texture_storage.cpp:2855)
   GDScript backtrace (most recent call first):
       [0] _mount_scene (res://scripts/building/orison_v2_passage_region.gd:81)
       [1] _ready (res://scripts/building/orison_v2_passage_region.gd:57)
       [2] _compose_exterior (res://scripts/building/orison_v2_runtime_root.gd:381)
       [3] _compose_authorities (res://scripts/building/orison_v2_runtime_root.gd:215)
       [4] _ready (res://scripts/building/orison_v2_runtime_root.gd:129)
       [5] _run (res://tests/orison_v2_upper_radios_shot.gd:13)
WARNING: Image format RGB8 not supported by hardware, converting to RGBA8.
   at: _validate_texture_format (servers/rendering/renderer_rd/storage_rd/texture_storage.cpp:2855)
   GDScript backtrace (most recent call first):
       [0] _mount_scene (res://scripts/building/orison_v2_passage_region.gd:81)
       [1] _ready (res://scripts/building/orison_v2_passage_region.gd:57)
       [2] _compose_exterior (res://scripts/building/orison_v2_runtime_root.gd:381)
       [3] _compose_authorities (res://scripts/building/orison_v2_runtime_root.gd:215)
       [4] _ready (res://scripts/building/orison_v2_runtime_root.gd:129)
       [5] _run (res://tests/orison_v2_upper_radios_shot.gd:13)
WARNING: Image format RGB8 not supported by hardware, converting to RGBA8.
   at: _validate_texture_format (servers/rendering/renderer_rd/storage_rd/texture_storage.cpp:2855)
   GDScript backtrace (most recent call first):
       [0] _mount_scene (res://scripts/building/orison_v2_passage_region.gd:81)
       [1] _ready (res://scripts/building/orison_v2_passage_region.gd:57)
       [2] _compose_exterior (res://scripts/building/orison_v2_runtime_root.gd:381)
       [3] _compose_authorities (res://scripts/building/orison_v2_runtime_root.gd:215)
       [4] _ready (res://scripts/building/orison_v2_runtime_root.gd:129)
       [5] _run (res://tests/orison_v2_upper_radios_shot.gd:13)
WARNING: Image format RGB8 not supported by hardware, converting to RGBA8.
   at: _validate_texture_format (servers/rendering/renderer_rd/storage_rd/texture_storage.cpp:2855)
   GDScript backtrace (most recent call first):
       [0] _mount_scene (res://scripts/building/orison_v2_passage_region.gd:81)
       [1] _ready (res://scripts/building/orison_v2_passage_region.gd:57)
       [2] _compose_exterior (res://scripts/building/orison_v2_runtime_root.gd:381)
       [3] _compose_authorities (res://scripts/building/orison_v2_runtime_root.gd:215)
       [4] _ready (res://scripts/building/orison_v2_runtime_root.gd:129)
       [5] _run (res://tests/orison_v2_upper_radios_shot.gd:13)
WARNING: Image format RGB8 not supported by hardware, converting to RGBA8.
   at: _validate_texture_format (servers/rendering/renderer_rd/storage_rd/texture_storage.cpp:2855)
   GDScript backtrace (most recent call first):
       [0] _mount_scene (res://scripts/building/orison_v2_passage_region.gd:81)
       [1] _ready (res://scripts/building/orison_v2_passage_region.gd:57)
       [2] _compose_exterior (res://scripts/building/orison_v2_runtime_root.gd:381)
       [3] _compose_authorities (res://scripts/building/orison_v2_runtime_root.gd:215)
       [4] _ready (res://scripts/building/orison_v2_runtime_root.gd:129)
       [5] _run (res://tests/orison_v2_upper_radios_shot.gd:13)
WARNING: Image format RGB8 not supported by hardware, converting to RGBA8.
   at: _validate_texture_format (servers/rendering/renderer_rd/storage_rd/texture_storage.cpp:2855)
   GDScript backtrace (most recent call first):
       [0] _mount_scene (res://scripts/building/orison_v2_passage_region.gd:81)
       [1] _ready (res://scripts/building/orison_v2_passage_region.gd:57)
       [2] _compose_exterior (res://scripts/building/orison_v2_runtime_root.gd:381)
       [3] _compose_authorities (res://scripts/building/orison_v2_runtime_root.gd:215)
       [4] _ready (res://scripts/building/orison_v2_runtime_root.gd:129)
       [5] _run (res://tests/orison_v2_upper_radios_shot.gd:13)
WARNING: Image format RGB8 not supported by hardware, converting to RGBA8.
   at: _validate_texture_format (servers/rendering/renderer_rd/storage_rd/texture_storage.cpp:2855)
   GDScript backtrace (most recent call first):
       [0] _mount_scene (res://scripts/building/orison_v2_passage_region.gd:81)
       [1] _ready (res://scripts/building/orison_v2_passage_region.gd:57)
       [2] _compose_exterior (res://scripts/building/orison_v2_runtime_root.gd:381)
       [3] _compose_authorities (res://scripts/building/orison_v2_runtime_root.gd:215)
       [4] _ready (res://scripts/building/orison_v2_runtime_root.gd:129)
       [5] _run (res://tests/orison_v2_upper_radios_shot.gd:13)
WARNING: Image format RGB8 not supported by hardware, converting to RGBA8.
   at: _validate_texture_format (servers/rendering/renderer_rd/storage_rd/texture_storage.cpp:2855)
   GDScript backtrace (most recent call first):
       [0] _mount_scene (res://scripts/building/orison_v2_passage_region.gd:81)
       [1] _ready (res://scripts/building/orison_v2_passage_region.gd:57)
       [2] _compose_exterior (res://scripts/building/orison_v2_runtime_root.gd:381)
       [3] _compose_authorities (res://scripts/building/orison_v2_runtime_root.gd:215)
       [4] _ready (res://scripts/building/orison_v2_runtime_root.gd:129)
       [5] _run (res://tests/orison_v2_upper_radios_shot.gd:13)
WARNING: Image format RGB8 not supported by hardware, converting to RGBA8.
   at: _validate_texture_format (servers/rendering/renderer_rd/storage_rd/texture_storage.cpp:2855)
   GDScript backtrace (most recent call first):
       [0] _mount_scene (res://scripts/building/orison_v2_passage_region.gd:81)
       [1] _ready (res://scripts/building/orison_v2_passage_region.gd:57)
       [2] _compose_exterior (res://scripts/building/orison_v2_runtime_root.gd:381)
       [3] _compose_authorities (res://scripts/building/orison_v2_runtime_root.gd:215)
       [4] _ready (res://scripts/building/orison_v2_runtime_root.gd:129)
       [5] _run (res://tests/orison_v2_upper_radios_shot.gd:13)
WARNING: Image format RGB8 not supported by hardware, converting to RGBA8.
   at: _validate_texture_format (servers/rendering/renderer_rd/storage_rd/texture_storage.cpp:2855)
   GDScript backtrace (most recent call first):
       [0] _mount_scene (res://scripts/building/orison_v2_passage_region.gd:81)
       [1] _ready (res://scripts/building/orison_v2_passage_region.gd:57)
       [2] _compose_exterior (res://scripts/building/orison_v2_runtime_root.gd:381)
       [3] _compose_authorities (res://scripts/building/orison_v2_runtime_root.gd:215)
       [4] _ready (res://scripts/building/orison_v2_runtime_root.gd:129)
       [5] _run (res://tests/orison_v2_upper_radios_shot.gd:13)
WARNING: Image format RGB8 not supported by hardware, converting to RGBA8.
   at: _validate_texture_format (servers/rendering/renderer_rd/storage_rd/texture_storage.cpp:2855)
   GDScript backtrace (most recent call first):
       [0] _mount_scene (res://scripts/building/orison_v2_passage_region.gd:81)
       [1] _ready (res://scripts/building/orison_v2_passage_region.gd:63)
       [2] _compose_exterior (res://scripts/building/orison_v2_runtime_root.gd:381)
       [3] _compose_authorities (res://scripts/building/orison_v2_runtime_root.gd:215)
       [4] _ready (res://scripts/building/orison_v2_runtime_root.gd:129)
       [5] _run (res://tests/orison_v2_upper_radios_shot.gd:13)
WARNING: Image format RGB8 not supported by hardware, converting to RGBA8.
   at: _validate_texture_format (servers/rendering/renderer_rd/storage_rd/texture_storage.cpp:2855)
   GDScript backtrace (most recent call first):
       [0] _mount_scene (res://scripts/building/orison_v2_passage_region.gd:81)
       [1] _ready (res://scripts/building/orison_v2_passage_region.gd:63)
       [2] _compose_exterior (res://scripts/building/orison_v2_runtime_root.gd:381)
       [3] _compose_authorities (res://scripts/building/orison_v2_runtime_root.gd:215)
       [4] _ready (res://scripts/building/orison_v2_runtime_root.gd:129)
       [5] _run (res://tests/orison_v2_upper_radios_shot.gd:13)
WARNING: Image format RGB8 not supported by hardware, converting to RGBA8.
   at: _validate_texture_format (servers/rendering/renderer_rd/storage_rd/texture_storage.cpp:2855)
   GDScript backtrace (most recent call first):
       [0] _mount_scene (res://scripts/building/orison_v2_passage_region.gd:81)
       [1] _ready (res://scripts/building/orison_v2_passage_region.gd:63)
       [2] _compose_exterior (res://scripts/building/orison_v2_runtime_root.gd:381)
       [3] _compose_authorities (res://scripts/building/orison_v2_runtime_root.gd:215)
       [4] _ready (res://scripts/building/orison_v2_runtime_root.gd:129)
       [5] _run (res://tests/orison_v2_upper_radios_shot.gd:13)
WARNING: Image format RGB8 not supported by hardware, converting to RGBA8.
   at: _validate_texture_format (servers/rendering/renderer_rd/storage_rd/texture_storage.cpp:2855)
   GDScript backtrace (most recent call first):
       [0] _mount_scene (res://scripts/building/orison_v2_passage_region.gd:81)
       [1] _ready (res://scripts/building/orison_v2_passage_region.gd:63)
       [2] _compose_exterior (res://scripts/building/orison_v2_runtime_root.gd:381)
       [3] _compose_authorities (res://scripts/building/orison_v2_runtime_root.gd:215)
       [4] _ready (res://scripts/building/orison_v2_runtime_root.gd:129)
       [5] _run (res://tests/orison_v2_upper_radios_shot.gd:13)
WARNING: Image format RGB8 not supported by hardware, converting to RGBA8.
   at: _validate_texture_format (servers/rendering/renderer_rd/storage_rd/texture_storage.cpp:2855)
   GDScript backtrace (most recent call first):
       [0] _mount_scene (res://scripts/building/orison_v2_passage_region.gd:81)
       [1] _ready (res://scripts/building/orison_v2_passage_region.gd:63)
       [2] _compose_exterior (res://scripts/building/orison_v2_runtime_root.gd:381)
       [3] _compose_authorities (res://scripts/building/orison_v2_runtime_root.gd:215)
       [4] _ready (res://scripts/building/orison_v2_runtime_root.gd:129)
       [5] _run (res://tests/orison_v2_upper_radios_shot.gd:13)
WARNING: Image format RGB8 not supported by hardware, converting to RGBA8.
   at: _validate_texture_format (servers/rendering/renderer_rd/storage_rd/texture_storage.cpp:2855)
   GDScript backtrace (most recent call first):
       [0] _mount_scene (res://scripts/building/orison_v2_passage_region.gd:81)
       [1] _ready (res://scripts/building/orison_v2_passage_region.gd:63)
       [2] _compose_exterior (res://scripts/building/orison_v2_runtime_root.gd:381)
       [3] _compose_authorities (res://scripts/building/orison_v2_runtime_root.gd:215)
       [4] _ready (res://scripts/building/orison_v2_runtime_root.gd:129)
       [5] _run (res://tests/orison_v2_upper_radios_shot.gd:13)
WARNING: Image format RGB8 not supported by hardware, converting to RGBA8.
   at: _validate_texture_format (servers/rendering/renderer_rd/storage_rd/texture_storage.cpp:2855)
   GDScript backtrace (most recent call first):
       [0] _mount_scene (res://scripts/building/orison_v2_passage_region.gd:81)
       [1] _ready (res://scripts/building/orison_v2_passage_region.gd:63)
       [2] _compose_exterior (res://scripts/building/orison_v2_runtime_root.gd:381)
       [3] _compose_authorities (res://scripts/building/orison_v2_runtime_root.gd:215)
       [4] _ready (res://scripts/building/orison_v2_runtime_root.gd:129)
       [5] _run (res://tests/orison_v2_upper_radios_shot.gd:13)
WARNING: Image format RGB8 not supported by hardware, converting to RGBA8.
   at: _validate_texture_format (servers/rendering/renderer_rd/storage_rd/texture_storage.cpp:2855)
   GDScript backtrace (most recent call first):
       [0] _mount_scene (res://scripts/building/orison_v2_passage_region.gd:81)
       [1] _ready (res://scripts/building/orison_v2_passage_region.gd:63)
       [2] _compose_exterior (res://scripts/building/orison_v2_runtime_root.gd:381)
       [3] _compose_authorities (res://scripts/building/orison_v2_runtime_root.gd:215)
       [4] _ready (res://scripts/building/orison_v2_runtime_root.gd:129)
       [5] _run (res://tests/orison_v2_upper_radios_shot.gd:13)
WARNING: Image format RGB8 not supported by hardware, converting to RGBA8.
   at: _validate_texture_format (servers/rendering/renderer_rd/storage_rd/texture_storage.cpp:2855)
   GDScript backtrace (most recent call first):
       [0] _mount_scene (res://scripts/building/orison_v2_passage_region.gd:81)
       [1] _ready (res://scripts/building/orison_v2_passage_region.gd:63)
       [2] _compose_exterior (res://scripts/building/orison_v2_runtime_root.gd:381)
       [3] _compose_authorities (res://scripts/building/orison_v2_runtime_root.gd:215)
       [4] _ready (res://scripts/building/orison_v2_runtime_root.gd:129)
       [5] _run (res://tests/orison_v2_upper_radios_shot.gd:13)
WARNING: Image format RGB8 not supported by hardware, converting to RGBA8.
   at: _validate_texture_format (servers/rendering/renderer_rd/storage_rd/texture_storage.cpp:2855)
   GDScript backtrace (most recent call first):
       [0] _mount_scene (res://scripts/building/orison_v2_passage_region.gd:81)
       [1] _ready (res://scripts/building/orison_v2_passage_region.gd:63)
       [2] _compose_exterior (res://scripts/building/orison_v2_runtime_root.gd:381)
       [3] _compose_authorities (res://scripts/building/orison_v2_runtime_root.gd:215)
       [4] _ready (res://scripts/building/orison_v2_runtime_root.gd:129)
       [5] _run (res://tests/orison_v2_upper_radios_shot.gd:13)
WARNING: Image format RGB8 not supported by hardware, converting to RGBA8.
   at: _validate_texture_format (servers/rendering/renderer_rd/storage_rd/texture_storage.cpp:2855)
   GDScript backtrace (most recent call first):
       [0] _mount_scene (res://scripts/building/orison_v2_passage_region.gd:81)
       [1] _ready (res://scripts/building/orison_v2_passage_region.gd:63)
       [2] _compose_exterior (res://scripts/building/orison_v2_runtime_root.gd:381)
       [3] _compose_authorities (res://scripts/building/orison_v2_runtime_root.gd:215)
       [4] _ready (res://scripts/building/orison_v2_runtime_root.gd:129)
       [5] _run (res://tests/orison_v2_upper_radios_shot.gd:13)
WARNING: Image format RGB8 not supported by hardware, converting to RGBA8.
   at: _validate_texture_format (servers/rendering/renderer_rd/storage_rd/texture_storage.cpp:2855)
   GDScript backtrace (most recent call first):
       [0] _mount_scene (res://scripts/building/orison_v2_passage_region.gd:81)
       [1] _ready (res://scripts/building/orison_v2_passage_region.gd:63)
       [2] _compose_exterior (res://scripts/building/orison_v2_runtime_root.gd:381)
       [3] _compose_authorities (res://scripts/building/orison_v2_runtime_root.gd:215)
       [4] _ready (res://scripts/building/orison_v2_runtime_root.gd:129)
       [5] _run (res://tests/orison_v2_upper_radios_shot.gd:13)
WARNING: Image format RGB8 not supported by hardware, converting to RGBA8.
   at: _validate_texture_format (servers/rendering/renderer_rd/storage_rd/texture_storage.cpp:2855)
   GDScript backtrace (most recent call first):
       [0] _mount_scene (res://scripts/building/orison_v2_passage_region.gd:81)
       [1] _ready (res://scripts/building/orison_v2_passage_region.gd:63)
       [2] _compose_exterior (res://scripts/building/orison_v2_runtime_root.gd:381)
       [3] _compose_authorities (res://scripts/building/orison_v2_runtime_root.gd:215)
       [4] _ready (res://scripts/building/orison_v2_runtime_root.gd:129)
       [5] _run (res://tests/orison_v2_upper_radios_shot.gd:13)
WARNING: Image format RGB8 not supported by hardware, converting to RGBA8.
   at: _validate_texture_format (servers/rendering/renderer_rd/storage_rd/texture_storage.cpp:2855)
   GDScript backtrace (most recent call first):
       [0] _mount_scene (res://scripts/building/orison_v2_passage_region.gd:81)
       [1] _ready (res://scripts/building/orison_v2_passage_region.gd:63)
       [2] _compose_exterior (res://scripts/building/orison_v2_runtime_root.gd:381)
       [3] _compose_authorities (res://scripts/building/orison_v2_runtime_root.gd:215)
       [4] _ready (res://scripts/building/orison_v2_runtime_root.gd:129)
       [5] _run (res://tests/orison_v2_upper_radios_shot.gd:13)
WARNING: Image format RGB8 not supported by hardware, converting to RGBA8.
   at: _validate_texture_format (servers/rendering/renderer_rd/storage_rd/texture_storage.cpp:2855)
   GDScript backtrace (most recent call first):
       [0] _mount_scene (res://scripts/building/orison_v2_passage_region.gd:81)
       [1] _ready (res://scripts/building/orison_v2_passage_region.gd:63)
       [2] _compose_exterior (res://scripts/building/orison_v2_runtime_root.gd:381)
       [3] _compose_authorities (res://scripts/building/orison_v2_runtime_root.gd:215)
       [4] _ready (res://scripts/building/orison_v2_runtime_root.gd:129)
       [5] _run (res://tests/orison_v2_upper_radios_shot.gd:13)
WARNING: Image format RGB8 not supported by hardware, converting to RGBA8.
   at: _validate_texture_format (servers/rendering/renderer_rd/storage_rd/texture_storage.cpp:2855)
   GDScript backtrace (most recent call first):
       [0] _mount_scene (res://scripts/building/orison_v2_passage_region.gd:81)
       [1] _ready (res://scripts/building/orison_v2_passage_region.gd:63)
       [2] _compose_exterior (res://scripts/building/orison_v2_runtime_root.gd:381)
       [3] _compose_authorities (res://scripts/building/orison_v2_runtime_root.gd:215)
       [4] _ready (res://scripts/building/orison_v2_runtime_root.gd:129)
       [5] _run (res://tests/orison_v2_upper_radios_shot.gd:13)
WARNING: Image format RGB8 not supported by hardware, converting to RGBA8.
   at: _validate_texture_format (servers/rendering/renderer_rd/storage_rd/texture_storage.cpp:2855)
   GDScript backtrace (most recent call first):
       [0] _mount_scene (res://scripts/building/orison_v2_passage_region.gd:81)
       [1] _ready (res://scripts/building/orison_v2_passage_region.gd:63)
       [2] _compose_exterior (res://scripts/building/orison_v2_runtime_root.gd:381)
       [3] _compose_authorities (res://scripts/building/orison_v2_runtime_root.gd:215)
       [4] _ready (res://scripts/building/orison_v2_runtime_root.gd:129)
       [5] _run (res://tests/orison_v2_upper_radios_shot.gd:13)
WARNING: Image format RGB8 not supported by hardware, converting to RGBA8.
   at: _validate_texture_format (servers/rendering/renderer_rd/storage_rd/texture_storage.cpp:2855)
   GDScript backtrace (most recent call first):
       [0] _mount_scene (res://scripts/building/orison_v2_passage_region.gd:81)
       [1] _ready (res://scripts/building/orison_v2_passage_region.gd:63)
       [2] _compose_exterior (res://scripts/building/orison_v2_runtime_root.gd:381)
       [3] _compose_authorities (res://scripts/building/orison_v2_runtime_root.gd:215)
       [4] _ready (res://scripts/building/orison_v2_runtime_root.gd:129)
       [5] _run (res://tests/orison_v2_upper_radios_shot.gd:13)
WARNING: Image format RGB8 not supported by hardware, converting to RGBA8.
   at: _validate_texture_format (servers/rendering/renderer_rd/storage_rd/texture_storage.cpp:2855)
   GDScript backtrace (most recent call first):
       [0] _mount_scene (res://scripts/building/orison_v2_passage_region.gd:81)
       [1] _ready (res://scripts/building/orison_v2_passage_region.gd:63)
       [2] _compose_exterior (res://scripts/building/orison_v2_runtime_root.gd:381)
       [3] _compose_authorities (res://scripts/building/orison_v2_runtime_root.gd:215)
       [4] _ready (res://scripts/building/orison_v2_runtime_root.gd:129)
       [5] _run (res://tests/orison_v2_upper_radios_shot.gd:13)
WARNING: Image format RGB8 not supported by hardware, converting to RGBA8.
   at: _validate_texture_format (servers/rendering/renderer_rd/storage_rd/texture_storage.cpp:2855)
   GDScript backtrace (most recent call first):
       [0] _mount_scene (res://scripts/building/orison_v2_passage_region.gd:81)
       [1] _ready (res://scripts/building/orison_v2_passage_region.gd:63)
       [2] _compose_exterior (res://scripts/building/orison_v2_runtime_root.gd:381)
       [3] _compose_authorities (res://scripts/building/orison_v2_runtime_root.gd:215)
       [4] _ready (res://scripts/building/orison_v2_runtime_root.gd:129)
       [5] _run (res://tests/orison_v2_upper_radios_shot.gd:13)
WARNING: Image format RGB8 not supported by hardware, converting to RGBA8.
   at: _validate_texture_format (servers/rendering/renderer_rd/storage_rd/texture_storage.cpp:2855)
   GDScript backtrace (most recent call first):
       [0] _mount_scene (res://scripts/building/orison_v2_passage_region.gd:81)
       [1] _ready (res://scripts/building/orison_v2_passage_region.gd:63)
       [2] _compose_exterior (res://scripts/building/orison_v2_runtime_root.gd:381)
       [3] _compose_authorities (res://scripts/building/orison_v2_runtime_root.gd:215)
       [4] _ready (res://scripts/building/orison_v2_runtime_root.gd:129)
       [5] _run (res://tests/orison_v2_upper_radios_shot.gd:13)
WARNING: Image format RGB8 not supported by hardware, converting to RGBA8.
   at: _validate_texture_format (servers/rendering/renderer_rd/storage_rd/texture_storage.cpp:2855)
   GDScript backtrace (most recent call first):
       [0] _mount_scene (res://scripts/building/orison_v2_passage_region.gd:81)
       [1] _ready (res://scripts/building/orison_v2_passage_region.gd:63)
       [2] _compose_exterior (res://scripts/building/orison_v2_runtime_root.gd:381)
       [3] _compose_authorities (res://scripts/building/orison_v2_runtime_root.gd:215)
       [4] _ready (res://scripts/building/orison_v2_runtime_root.gd:129)
       [5] _run (res://tests/orison_v2_upper_radios_shot.gd:13)
WARNING: Image format RGB8 not supported by hardware, converting to RGBA8.
   at: _validate_texture_format (servers/rendering/renderer_rd/storage_rd/texture_storage.cpp:2855)
   GDScript backtrace (most recent call first):
       [0] _mount_scene (res://scripts/building/orison_v2_passage_region.gd:81)
       [1] _ready (res://scripts/building/orison_v2_passage_region.gd:63)
       [2] _compose_exterior (res://scripts/building/orison_v2_runtime_root.gd:381)
       [3] _compose_authorities (res://scripts/building/orison_v2_runtime_root.gd:215)
       [4] _ready (res://scripts/building/orison_v2_runtime_root.gd:129)
       [5] _run (res://tests/orison_v2_upper_radios_shot.gd:13)
WARNING: Image format RGB8 not supported by hardware, converting to RGBA8.
   at: _validate_texture_format (servers/rendering/renderer_rd/storage_rd/texture_storage.cpp:2855)
   GDScript backtrace (most recent call first):
       [0] _mount_scene (res://scripts/building/orison_v2_passage_region.gd:81)
       [1] _ready (res://scripts/building/orison_v2_passage_region.gd:63)
       [2] _compose_exterior (res://scripts/building/orison_v2_runtime_root.gd:381)
       [3] _compose_authorities (res://scripts/building/orison_v2_runtime_root.gd:215)
       [4] _ready (res://scripts/building/orison_v2_runtime_root.gd:129)
       [5] _run (res://tests/orison_v2_upper_radios_shot.gd:13)
WARNING: Image format RGB8 not supported by hardware, converting to RGBA8.
   at: _validate_texture_format (servers/rendering/renderer_rd/storage_rd/texture_storage.cpp:2855)
   GDScript backtrace (most recent call first):
       [0] _mount_scene (res://scripts/building/orison_v2_passage_region.gd:81)
       [1] _ready (res://scripts/building/orison_v2_passage_region.gd:63)
       [2] _compose_exterior (res://scripts/building/orison_v2_runtime_root.gd:381)
       [3] _compose_authorities (res://scripts/building/orison_v2_runtime_root.gd:215)
       [4] _ready (res://scripts/building/orison_v2_runtime_root.gd:129)
       [5] _run (res://tests/orison_v2_upper_radios_shot.gd:13)
WARNING: Image format RGB8 not supported by hardware, converting to RGBA8.
   at: _validate_texture_format (servers/rendering/renderer_rd/storage_rd/texture_storage.cpp:2855)
   GDScript backtrace (most recent call first):
       [0] _mount_scene (res://scripts/building/orison_v2_passage_region.gd:81)
       [1] _ready (res://scripts/building/orison_v2_passage_region.gd:63)
       [2] _compose_exterior (res://scripts/building/orison_v2_runtime_root.gd:381)
       [3] _compose_authorities (res://scripts/building/orison_v2_runtime_root.gd:215)
       [4] _ready (res://scripts/building/orison_v2_runtime_root.gd:129)
       [5] _run (res://tests/orison_v2_upper_radios_shot.gd:13)
WARNING: Image format RGB8 not supported by hardware, converting to RGBA8.
   at: _validate_texture_format (servers/rendering/renderer_rd/storage_rd/texture_storage.cpp:2855)
   GDScript backtrace (most recent call first):
       [0] _mount_scene (res://scripts/building/orison_v2_passage_region.gd:81)
       [1] _ready (res://scripts/building/orison_v2_passage_region.gd:63)
       [2] _compose_exterior (res://scripts/building/orison_v2_runtime_root.gd:381)
       [3] _compose_authorities (res://scripts/building/orison_v2_runtime_root.gd:215)
       [4] _ready (res://scripts/building/orison_v2_runtime_root.gd:129)
       [5] _run (res://tests/orison_v2_upper_radios_shot.gd:13)
WARNING: Image format RGB8 not supported by hardware, converting to RGBA8.
   at: _validate_texture_format (servers/rendering/renderer_rd/storage_rd/texture_storage.cpp:2855)
   GDScript backtrace (most recent call first):
       [0] _mount_scene (res://scripts/building/orison_v2_passage_region.gd:81)
       [1] _ready (res://scripts/building/orison_v2_passage_region.gd:63)
       [2] _compose_exterior (res://scripts/building/orison_v2_runtime_root.gd:381)
       [3] _compose_authorities (res://scripts/building/orison_v2_runtime_root.gd:215)
       [4] _ready (res://scripts/building/orison_v2_runtime_root.gd:129)
       [5] _run (res://tests/orison_v2_upper_radios_shot.gd:13)
WARNING: Image format RGB8 not supported by hardware, converting to RGBA8.
   at: _validate_texture_format (servers/rendering/renderer_rd/storage_rd/texture_storage.cpp:2855)
   GDScript backtrace (most recent call first):
       [0] _mount_scene (res://scripts/building/orison_v2_passage_region.gd:81)
       [1] _ready (res://scripts/building/orison_v2_passage_region.gd:63)
       [2] _compose_exterior (res://scripts/building/orison_v2_runtime_root.gd:381)
       [3] _compose_authorities (res://scripts/building/orison_v2_runtime_root.gd:215)
       [4] _ready (res://scripts/building/orison_v2_runtime_root.gd:129)
       [5] _run (res://tests/orison_v2_upper_radios_shot.gd:13)
WARNING: Image format RGB8 not supported by hardware, converting to RGBA8.
   at: _validate_texture_format (servers/rendering/renderer_rd/storage_rd/texture_storage.cpp:2855)
   GDScript backtrace (most recent call first):
       [0] _mount_scene (res://scripts/building/orison_v2_passage_region.gd:81)
       [1] _ready (res://scripts/building/orison_v2_passage_region.gd:63)
       [2] _compose_exterior (res://scripts/building/orison_v2_runtime_root.gd:381)
       [3] _compose_authorities (res://scripts/building/orison_v2_runtime_root.gd:215)
       [4] _ready (res://scripts/building/orison_v2_runtime_root.gd:129)
       [5] _run (res://tests/orison_v2_upper_radios_shot.gd:13)
WARNING: Image format RGB8 not supported by hardware, converting to RGBA8.
   at: _validate_texture_format (servers/rendering/renderer_rd/storage_rd/texture_storage.cpp:2855)
   GDScript backtrace (most recent call first):
       [0] _mount_scene (res://scripts/building/orison_v2_passage_region.gd:81)
       [1] _ready (res://scripts/building/orison_v2_passage_region.gd:63)
       [2] _compose_exterior (res://scripts/building/orison_v2_runtime_root.gd:381)
       [3] _compose_authorities (res://scripts/building/orison_v2_runtime_root.gd:215)
       [4] _ready (res://scripts/building/orison_v2_runtime_root.gd:129)
       [5] _run (res://tests/orison_v2_upper_radios_shot.gd:13)
WARNING: Image format RGB8 not supported by hardware, converting to RGBA8.
   at: _validate_texture_format (servers/rendering/renderer_rd/storage_rd/texture_storage.cpp:2855)
   GDScript backtrace (most recent call first):
       [0] _mount_scene (res://scripts/building/orison_v2_passage_region.gd:81)
       [1] _ready (res://scripts/building/orison_v2_passage_region.gd:63)
       [2] _compose_exterior (res://scripts/building/orison_v2_runtime_root.gd:381)
       [3] _compose_authorities (res://scripts/building/orison_v2_runtime_root.gd:215)
       [4] _ready (res://scripts/building/orison_v2_runtime_root.gd:129)
       [5] _run (res://tests/orison_v2_upper_radios_shot.gd:13)
WARNING: Image format RGB8 not supported by hardware, converting to RGBA8.
   at: _validate_texture_format (servers/rendering/renderer_rd/storage_rd/texture_storage.cpp:2855)
   GDScript backtrace (most recent call first):
       [0] _mount_scene (res://scripts/building/orison_v2_passage_region.gd:81)
       [1] _ready (res://scripts/building/orison_v2_passage_region.gd:63)
       [2] _compose_exterior (res://scripts/building/orison_v2_runtime_root.gd:381)
       [3] _compose_authorities (res://scripts/building/orison_v2_runtime_root.gd:215)
       [4] _ready (res://scripts/building/orison_v2_runtime_root.gd:129)
       [5] _run (res://tests/orison_v2_upper_radios_shot.gd:13)
WARNING: Image format RGB8 not supported by hardware, converting to RGBA8.
   at: _validate_texture_format (servers/rendering/renderer_rd/storage_rd/texture_storage.cpp:2855)
   GDScript backtrace (most recent call first):
       [0] _mount_scene (res://scripts/building/orison_v2_passage_region.gd:81)
       [1] _ready (res://scripts/building/orison_v2_passage_region.gd:63)
       [2] _compose_exterior (res://scripts/building/orison_v2_runtime_root.gd:381)
       [3] _compose_authorities (res://scripts/building/orison_v2_runtime_root.gd:215)
       [4] _ready (res://scripts/building/orison_v2_runtime_root.gd:129)
       [5] _run (res://tests/orison_v2_upper_radios_shot.gd:13)
WARNING: Image format RGB8 not supported by hardware, converting to RGBA8.
   at: _validate_texture_format (servers/rendering/renderer_rd/storage_rd/texture_storage.cpp:2855)
   GDScript backtrace (most recent call first):
       [0] _mount_scene (res://scripts/building/orison_v2_passage_region.gd:81)
       [1] _ready (res://scripts/building/orison_v2_passage_region.gd:63)
       [2] _compose_exterior (res://scripts/building/orison_v2_runtime_root.gd:381)
       [3] _compose_authorities (res://scripts/building/orison_v2_runtime_root.gd:215)
       [4] _ready (res://scripts/building/orison_v2_runtime_root.gd:129)
       [5] _run (res://tests/orison_v2_upper_radios_shot.gd:13)
WARNING: Image format RGB8 not supported by hardware, converting to RGBA8.
   at: _validate_texture_format (servers/rendering/renderer_rd/storage_rd/texture_storage.cpp:2855)
   GDScript backtrace (most recent call first):
       [0] _mount_scene (res://scripts/building/orison_v2_passage_region.gd:81)
       [1] _ready (res://scripts/building/orison_v2_passage_region.gd:63)
       [2] _compose_exterior (res://scripts/building/orison_v2_runtime_root.gd:381)
       [3] _compose_authorities (res://scripts/building/orison_v2_runtime_root.gd:215)
       [4] _ready (res://scripts/building/orison_v2_runtime_root.gd:129)
       [5] _run (res://tests/orison_v2_upper_radios_shot.gd:13)
WARNING: Image format RGB8 not supported by hardware, converting to RGBA8.
   at: _validate_texture_format (servers/rendering/renderer_rd/storage_rd/texture_storage.cpp:2855)
   GDScript backtrace (most recent call first):
       [0] _mount_scene (res://scripts/building/orison_v2_passage_region.gd:81)
       [1] _ready (res://scripts/building/orison_v2_passage_region.gd:63)
       [2] _compose_exterior (res://scripts/building/orison_v2_runtime_root.gd:381)
       [3] _compose_authorities (res://scripts/building/orison_v2_runtime_root.gd:215)
       [4] _ready (res://scripts/building/orison_v2_runtime_root.gd:129)
       [5] _run (res://tests/orison_v2_upper_radios_shot.gd:13)
WARNING: Image format RGB8 not supported by hardware, converting to RGBA8.
   at: _validate_texture_format (servers/rendering/renderer_rd/storage_rd/texture_storage.cpp:2855)
   GDScript backtrace (most recent call first):
       [0] _mount_scene (res://scripts/building/orison_v2_passage_region.gd:81)
       [1] _ready (res://scripts/building/orison_v2_passage_region.gd:63)
       [2] _compose_exterior (res://scripts/building/orison_v2_runtime_root.gd:381)
       [3] _compose_authorities (res://scripts/building/orison_v2_runtime_root.gd:215)
       [4] _ready (res://scripts/building/orison_v2_runtime_root.gd:129)
       [5] _run (res://tests/orison_v2_upper_radios_shot.gd:13)
WARNING: Image format RGB8 not supported by hardware, converting to RGBA8.
   at: _validate_texture_format (servers/rendering/renderer_rd/storage_rd/texture_storage.cpp:2855)
   GDScript backtrace (most recent call first):
       [0] _mount_scene (res://scripts/building/orison_v2_passage_region.gd:81)
       [1] _ready (res://scripts/building/orison_v2_passage_region.gd:63)
       [2] _compose_exterior (res://scripts/building/orison_v2_runtime_root.gd:381)
       [3] _compose_authorities (res://scripts/building/orison_v2_runtime_root.gd:215)
       [4] _ready (res://scripts/building/orison_v2_runtime_root.gd:129)
       [5] _run (res://tests/orison_v2_upper_radios_shot.gd:13)
WARNING: Image format RGB8 not supported by hardware, converting to RGBA8.
   at: _validate_texture_format (servers/rendering/renderer_rd/storage_rd/texture_storage.cpp:2855)
   GDScript backtrace (most recent call first):
       [0] _mount_scene (res://scripts/building/orison_v2_passage_region.gd:81)
       [1] _ready (res://scripts/building/orison_v2_passage_region.gd:63)
       [2] _compose_exterior (res://scripts/building/orison_v2_runtime_root.gd:381)
       [3] _compose_authorities (res://scripts/building/orison_v2_runtime_root.gd:215)
       [4] _ready (res://scripts/building/orison_v2_runtime_root.gd:129)
       [5] _run (res://tests/orison_v2_upper_radios_shot.gd:13)
WARNING: Image format RGB8 not supported by hardware, converting to RGBA8.
   at: _validate_texture_format (servers/rendering/renderer_rd/storage_rd/texture_storage.cpp:2855)
   GDScript backtrace (most recent call first):
       [0] _mount_scene (res://scripts/building/orison_v2_passage_region.gd:81)
       [1] _ready (res://scripts/building/orison_v2_passage_region.gd:63)
       [2] _compose_exterior (res://scripts/building/orison_v2_runtime_root.gd:381)
       [3] _compose_authorities (res://scripts/building/orison_v2_runtime_root.gd:215)
       [4] _ready (res://scripts/building/orison_v2_runtime_root.gd:129)
       [5] _run (res://tests/orison_v2_upper_radios_shot.gd:13)
WARNING: Image format RGB8 not supported by hardware, converting to RGBA8.
   at: _validate_texture_format (servers/rendering/renderer_rd/storage_rd/texture_storage.cpp:2855)
   GDScript backtrace (most recent call first):
       [0] _mount_scene (res://scripts/building/orison_v2_passage_region.gd:81)
       [1] _ready (res://scripts/building/orison_v2_passage_region.gd:63)
       [2] _compose_exterior (res://scripts/building/orison_v2_runtime_root.gd:381)
       [3] _compose_authorities (res://scripts/building/orison_v2_runtime_root.gd:215)
       [4] _ready (res://scripts/building/orison_v2_runtime_root.gd:129)
       [5] _run (res://tests/orison_v2_upper_radios_shot.gd:13)
WARNING: Image format RGB8 not supported by hardware, converting to RGBA8.
   at: _validate_texture_format (servers/rendering/renderer_rd/storage_rd/texture_storage.cpp:2855)
   GDScript backtrace (most recent call first):
       [0] _mount_scene (res://scripts/building/orison_v2_passage_region.gd:81)
       [1] _ready (res://scripts/building/orison_v2_passage_region.gd:63)
       [2] _compose_exterior (res://scripts/building/orison_v2_runtime_root.gd:381)
       [3] _compose_authorities (res://scripts/building/orison_v2_runtime_root.gd:215)
       [4] _ready (res://scripts/building/orison_v2_runtime_root.gd:129)
       [5] _run (res://tests/orison_v2_upper_radios_shot.gd:13)
WARNING: Image format RGB8 not supported by hardware, converting to RGBA8.
   at: _validate_texture_format (servers/rendering/renderer_rd/storage_rd/texture_storage.cpp:2855)
   GDScript backtrace (most recent call first):
       [0] _mount_scene (res://scripts/building/orison_v2_passage_region.gd:81)
       [1] _ready (res://scripts/building/orison_v2_passage_region.gd:63)
       [2] _compose_exterior (res://scripts/building/orison_v2_runtime_root.gd:381)
       [3] _compose_authorities (res://scripts/building/orison_v2_runtime_root.gd:215)
       [4] _ready (res://scripts/building/orison_v2_runtime_root.gd:129)
       [5] _run (res://tests/orison_v2_upper_radios_shot.gd:13)
WARNING: Image format RGB8 not supported by hardware, converting to RGBA8.
   at: _validate_texture_format (servers/rendering/renderer_rd/storage_rd/texture_storage.cpp:2855)
   GDScript backtrace (most recent call first):
       [0] _mount_scene (res://scripts/building/orison_v2_passage_region.gd:81)
       [1] _ready (res://scripts/building/orison_v2_passage_region.gd:63)
       [2] _compose_exterior (res://scripts/building/orison_v2_runtime_root.gd:381)
       [3] _compose_authorities (res://scripts/building/orison_v2_runtime_root.gd:215)
       [4] _ready (res://scripts/building/orison_v2_runtime_root.gd:129)
       [5] _run (res://tests/orison_v2_upper_radios_shot.gd:13)
WARNING: Image format RGB8 not supported by hardware, converting to RGBA8.
   at: _validate_texture_format (servers/rendering/renderer_rd/storage_rd/texture_storage.cpp:2855)
   GDScript backtrace (most recent call first):
       [0] _mount_scene (res://scripts/building/orison_v2_passage_region.gd:81)
       [1] _ready (res://scripts/building/orison_v2_passage_region.gd:63)
       [2] _compose_exterior (res://scripts/building/orison_v2_runtime_root.gd:381)
       [3] _compose_authorities (res://scripts/building/orison_v2_runtime_root.gd:215)
       [4] _ready (res://scripts/building/orison_v2_runtime_root.gd:129)
       [5] _run (res://tests/orison_v2_upper_radios_shot.gd:13)
WARNING: Image format RGB8 not supported by hardware, converting to RGBA8.
   at: _validate_texture_format (servers/rendering/renderer_rd/storage_rd/texture_storage.cpp:2855)
   GDScript backtrace (most recent call first):
       [0] _mount_scene (res://scripts/building/orison_v2_passage_region.gd:81)
       [1] _ready (res://scripts/building/orison_v2_passage_region.gd:63)
       [2] _compose_exterior (res://scripts/building/orison_v2_runtime_root.gd:381)
       [3] _compose_authorities (res://scripts/building/orison_v2_runtime_root.gd:215)
       [4] _ready (res://scripts/building/orison_v2_runtime_root.gd:129)
       [5] _run (res://tests/orison_v2_upper_radios_shot.gd:13)
WARNING: Image format RGB8 not supported by hardware, converting to RGBA8.
   at: _validate_texture_format (servers/rendering/renderer_rd/storage_rd/texture_storage.cpp:2855)
   GDScript backtrace (most recent call first):
       [0] _mount_scene (res://scripts/building/orison_v2_passage_region.gd:81)
       [1] _ready (res://scripts/building/orison_v2_passage_region.gd:63)
       [2] _compose_exterior (res://scripts/building/orison_v2_runtime_root.gd:381)
       [3] _compose_authorities (res://scripts/building/orison_v2_runtime_root.gd:215)
       [4] _ready (res://scripts/building/orison_v2_runtime_root.gd:129)
       [5] _run (res://tests/orison_v2_upper_radios_shot.gd:13)
WARNING: Image format RGB8 not supported by hardware, converting to RGBA8.
   at: _validate_texture_format (servers/rendering/renderer_rd/storage_rd/texture_storage.cpp:2855)
   GDScript backtrace (most recent call first):
       [0] _mount_scene (res://scripts/building/orison_v2_passage_region.gd:81)
       [1] _ready (res://scripts/building/orison_v2_passage_region.gd:63)
       [2] _compose_exterior (res://scripts/building/orison_v2_runtime_root.gd:381)
       [3] _compose_authorities (res://scripts/building/orison_v2_runtime_root.gd:215)
       [4] _ready (res://scripts/building/orison_v2_runtime_root.gd:129)
       [5] _run (res://tests/orison_v2_upper_radios_shot.gd:13)
WARNING: Image format RGB8 not supported by hardware, converting to RGBA8.
   at: _validate_texture_format (servers/rendering/renderer_rd/storage_rd/texture_storage.cpp:2855)
   GDScript backtrace (most recent call first):
       [0] _mount_scene (res://scripts/building/orison_v2_passage_region.gd:81)
       [1] _ready (res://scripts/building/orison_v2_passage_region.gd:63)
       [2] _compose_exterior (res://scripts/building/orison_v2_runtime_root.gd:381)
       [3] _compose_authorities (res://scripts/building/orison_v2_runtime_root.gd:215)
       [4] _ready (res://scripts/building/orison_v2_runtime_root.gd:129)
       [5] _run (res://tests/orison_v2_upper_radios_shot.gd:13)
WARNING: Image format RGB8 not supported by hardware, converting to RGBA8.
   at: _validate_texture_format (servers/rendering/renderer_rd/storage_rd/texture_storage.cpp:2855)
   GDScript backtrace (most recent call first):
       [0] _mount_scene (res://scripts/building/orison_v2_passage_region.gd:81)
       [1] _ready (res://scripts/building/orison_v2_passage_region.gd:63)
       [2] _compose_exterior (res://scripts/building/orison_v2_runtime_root.gd:381)
       [3] _compose_authorities (res://scripts/building/orison_v2_runtime_root.gd:215)
       [4] _ready (res://scripts/building/orison_v2_runtime_root.gd:129)
       [5] _run (res://tests/orison_v2_upper_radios_shot.gd:13)
WARNING: Image format RGB8 not supported by hardware, converting to RGBA8.
   at: _validate_texture_format (servers/rendering/renderer_rd/storage_rd/texture_storage.cpp:2855)
   GDScript backtrace (most recent call first):
       [0] _mount_scene (res://scripts/building/orison_v2_passage_region.gd:81)
       [1] _ready (res://scripts/building/orison_v2_passage_region.gd:63)
       [2] _compose_exterior (res://scripts/building/orison_v2_runtime_root.gd:381)
       [3] _compose_authorities (res://scripts/building/orison_v2_runtime_root.gd:215)
       [4] _ready (res://scripts/building/orison_v2_runtime_root.gd:129)
       [5] _run (res://tests/orison_v2_upper_radios_shot.gd:13)
WARNING: Image format RGB8 not supported by hardware, converting to RGBA8.
   at: _validate_texture_format (servers/rendering/renderer_rd/storage_rd/texture_storage.cpp:2855)
   GDScript backtrace (most recent call first):
       [0] _mount_scene (res://scripts/building/orison_v2_passage_region.gd:81)
       [1] _ready (res://scripts/building/orison_v2_passage_region.gd:63)
       [2] _compose_exterior (res://scripts/building/orison_v2_runtime_root.gd:381)
       [3] _compose_authorities (res://scripts/building/orison_v2_runtime_root.gd:215)
       [4] _ready (res://scripts/building/orison_v2_runtime_root.gd:129)
       [5] _run (res://tests/orison_v2_upper_radios_shot.gd:13)
WARNING: Image format RGB8 not supported by hardware, converting to RGBA8.
   at: _validate_texture_format (servers/rendering/renderer_rd/storage_rd/texture_storage.cpp:2855)
   GDScript backtrace (most recent call first):
       [0] _mount_scene (res://scripts/building/orison_v2_passage_region.gd:81)
       [1] _ready (res://scripts/building/orison_v2_passage_region.gd:63)
       [2] _compose_exterior (res://scripts/building/orison_v2_runtime_root.gd:381)
       [3] _compose_authorities (res://scripts/building/orison_v2_runtime_root.gd:215)
       [4] _ready (res://scripts/building/orison_v2_runtime_root.gd:129)
       [5] _run (res://tests/orison_v2_upper_radios_shot.gd:13)
WARNING: Image format RGB8 not supported by hardware, converting to RGBA8.
   at: _validate_texture_format (servers/rendering/renderer_rd/storage_rd/texture_storage.cpp:2855)
   GDScript backtrace (most recent call first):
       [0] _mount_scene (res://scripts/building/orison_v2_passage_region.gd:81)
       [1] _ready (res://scripts/building/orison_v2_passage_region.gd:63)
       [2] _compose_exterior (res://scripts/building/orison_v2_runtime_root.gd:381)
       [3] _compose_authorities (res://scripts/building/orison_v2_runtime_root.gd:215)
       [4] _ready (res://scripts/building/orison_v2_runtime_root.gd:129)
       [5] _run (res://tests/orison_v2_upper_radios_shot.gd:13)
WARNING: Image format RGB8 not supported by hardware, converting to RGBA8.
   at: _validate_texture_format (servers/rendering/renderer_rd/storage_rd/texture_storage.cpp:2855)
   GDScript backtrace (most recent call first):
       [0] _mount_scene (res://scripts/building/orison_v2_passage_region.gd:81)
       [1] _ready (res://scripts/building/orison_v2_passage_region.gd:63)
       [2] _compose_exterior (res://scripts/building/orison_v2_runtime_root.gd:381)
       [3] _compose_authorities (res://scripts/building/orison_v2_runtime_root.gd:215)
       [4] _ready (res://scripts/building/orison_v2_runtime_root.gd:129)
       [5] _run (res://tests/orison_v2_upper_radios_shot.gd:13)
WARNING: Image format RGB8 not supported by hardware, converting to RGBA8.
   at: _validate_texture_format (servers/rendering/renderer_rd/storage_rd/texture_storage.cpp:2855)
   GDScript backtrace (most recent call first):
       [0] _mount_scene (res://scripts/building/orison_v2_passage_region.gd:81)
       [1] _ready (res://scripts/building/orison_v2_passage_region.gd:63)
       [2] _compose_exterior (res://scripts/building/orison_v2_runtime_root.gd:381)
       [3] _compose_authorities (res://scripts/building/orison_v2_runtime_root.gd:215)
       [4] _ready (res://scripts/building/orison_v2_runtime_root.gd:129)
       [5] _run (res://tests/orison_v2_upper_radios_shot.gd:13)
WARNING: Image format RGB8 not supported by hardware, converting to RGBA8.
   at: _validate_texture_format (servers/rendering/renderer_rd/storage_rd/texture_storage.cpp:2855)
   GDScript backtrace (most recent call first):
       [0] _mount_scene (res://scripts/building/orison_v2_passage_region.gd:81)
       [1] _ready (res://scripts/building/orison_v2_passage_region.gd:63)
       [2] _compose_exterior (res://scripts/building/orison_v2_runtime_root.gd:381)
       [3] _compose_authorities (res://scripts/building/orison_v2_runtime_root.gd:215)
       [4] _ready (res://scripts/building/orison_v2_runtime_root.gd:129)
       [5] _run (res://tests/orison_v2_upper_radios_shot.gd:13)
WARNING: Image format RGB8 not supported by hardware, converting to RGBA8.
   at: _validate_texture_format (servers/rendering/renderer_rd/storage_rd/texture_storage.cpp:2855)
   GDScript backtrace (most recent call first):
       [0] _mount_scene (res://scripts/building/orison_v2_passage_region.gd:81)
       [1] _ready (res://scripts/building/orison_v2_passage_region.gd:63)
       [2] _compose_exterior (res://scripts/building/orison_v2_runtime_root.gd:381)
       [3] _compose_authorities (res://scripts/building/orison_v2_runtime_root.gd:215)
       [4] _ready (res://scripts/building/orison_v2_runtime_root.gd:129)
       [5] _run (res://tests/orison_v2_upper_radios_shot.gd:13)
WARNING: Image format RGB8 not supported by hardware, converting to RGBA8.
   at: _validate_texture_format (servers/rendering/renderer_rd/storage_rd/texture_storage.cpp:2855)
   GDScript backtrace (most recent call first):
       [0] _mount_scene (res://scripts/building/orison_v2_passage_region.gd:81)
       [1] _ready (res://scripts/building/orison_v2_passage_region.gd:63)
       [2] _compose_exterior (res://scripts/building/orison_v2_runtime_root.gd:381)
       [3] _compose_authorities (res://scripts/building/orison_v2_runtime_root.gd:215)
       [4] _ready (res://scripts/building/orison_v2_runtime_root.gd:129)
       [5] _run (res://tests/orison_v2_upper_radios_shot.gd:13)
WARNING: Image format RGB8 not supported by hardware, converting to RGBA8.
   at: _validate_texture_format (servers/rendering/renderer_rd/storage_rd/texture_storage.cpp:2855)
   GDScript backtrace (most recent call first):
       [0] _mount_scene (res://scripts/building/orison_v2_passage_region.gd:81)
       [1] _ready (res://scripts/building/orison_v2_passage_region.gd:63)
       [2] _compose_exterior (res://scripts/building/orison_v2_runtime_root.gd:381)
       [3] _compose_authorities (res://scripts/building/orison_v2_runtime_root.gd:215)
       [4] _ready (res://scripts/building/orison_v2_runtime_root.gd:129)
       [5] _run (res://tests/orison_v2_upper_radios_shot.gd:13)
WARNING: Image format RGB8 not supported by hardware, converting to RGBA8.
   at: _validate_texture_format (servers/rendering/renderer_rd/storage_rd/texture_storage.cpp:2855)
   GDScript backtrace (most recent call first):
       [0] _mount_scene (res://scripts/building/orison_v2_passage_region.gd:81)
       [1] _ready (res://scripts/building/orison_v2_passage_region.gd:63)
       [2] _compose_exterior (res://scripts/building/orison_v2_runtime_root.gd:381)
       [3] _compose_authorities (res://scripts/building/orison_v2_runtime_root.gd:215)
       [4] _ready (res://scripts/building/orison_v2_runtime_root.gd:129)
       [5] _run (res://tests/orison_v2_upper_radios_shot.gd:13)
WARNING: Image format RGB8 not supported by hardware, converting to RGBA8.
   at: _validate_texture_format (servers/rendering/renderer_rd/storage_rd/texture_storage.cpp:2855)
   GDScript backtrace (most recent call first):
       [0] _mount_scene (res://scripts/building/orison_v2_passage_region.gd:81)
       [1] _ready (res://scripts/building/orison_v2_passage_region.gd:63)
       [2] _compose_exterior (res://scripts/building/orison_v2_runtime_root.gd:381)
       [3] _compose_authorities (res://scripts/building/orison_v2_runtime_root.gd:215)
       [4] _ready (res://scripts/building/orison_v2_runtime_root.gd:129)
       [5] _run (res://tests/orison_v2_upper_radios_shot.gd:13)
WARNING: Image format RGB8 not supported by hardware, converting to RGBA8.
   at: _validate_texture_format (servers/rendering/renderer_rd/storage_rd/texture_storage.cpp:2855)
   GDScript backtrace (most recent call first):
       [0] _mount_scene (res://scripts/building/orison_v2_passage_region.gd:81)
       [1] _ready (res://scripts/building/orison_v2_passage_region.gd:63)
       [2] _compose_exterior (res://scripts/building/orison_v2_runtime_root.gd:381)
       [3] _compose_authorities (res://scripts/building/orison_v2_runtime_root.gd:215)
       [4] _ready (res://scripts/building/orison_v2_runtime_root.gd:129)
       [5] _run (res://tests/orison_v2_upper_radios_shot.gd:13)
WARNING: Image format RGB8 not supported by hardware, converting to RGBA8.
   at: _validate_texture_format (servers/rendering/renderer_rd/storage_rd/texture_storage.cpp:2855)
   GDScript backtrace (most recent call first):
       [0] _mount_scene (res://scripts/building/orison_v2_passage_region.gd:81)
       [1] _ready (res://scripts/building/orison_v2_passage_region.gd:63)
       [2] _compose_exterior (res://scripts/building/orison_v2_runtime_root.gd:381)
       [3] _compose_authorities (res://scripts/building/orison_v2_runtime_root.gd:215)
       [4] _ready (res://scripts/building/orison_v2_runtime_root.gd:129)
       [5] _run (res://tests/orison_v2_upper_radios_shot.gd:13)
WARNING: Image format RGB8 not supported by hardware, converting to RGBA8.
   at: _validate_texture_format (servers/rendering/renderer_rd/storage_rd/texture_storage.cpp:2855)
   GDScript backtrace (most recent call first):
       [0] _mount_scene (res://scripts/building/orison_v2_passage_region.gd:81)
       [1] _ready (res://scripts/building/orison_v2_passage_region.gd:63)
       [2] _compose_exterior (res://scripts/building/orison_v2_runtime_root.gd:381)
       [3] _compose_authorities (res://scripts/building/orison_v2_runtime_root.gd:215)
       [4] _ready (res://scripts/building/orison_v2_runtime_root.gd:129)
       [5] _run (res://tests/orison_v2_upper_radios_shot.gd:13)
WARNING: Image format RGB8 not supported by hardware, converting to RGBA8.
   at: _validate_texture_format (servers/rendering/renderer_rd/storage_rd/texture_storage.cpp:2855)
   GDScript backtrace (most recent call first):
       [0] _mount_scene (res://scripts/building/orison_v2_passage_region.gd:81)
       [1] _ready (res://scripts/building/orison_v2_passage_region.gd:63)
       [2] _compose_exterior (res://scripts/building/orison_v2_runtime_root.gd:381)
       [3] _compose_authorities (res://scripts/building/orison_v2_runtime_root.gd:215)
       [4] _ready (res://scripts/building/orison_v2_runtime_root.gd:129)
       [5] _run (res://tests/orison_v2_upper_radios_shot.gd:13)
WARNING: Image format RGB8 not supported by hardware, converting to RGBA8.
   at: _validate_texture_format (servers/rendering/renderer_rd/storage_rd/texture_storage.cpp:2855)
   GDScript backtrace (most recent call first):
       [0] _mount_scene (res://scripts/building/orison_v2_passage_region.gd:81)
       [1] _ready (res://scripts/building/orison_v2_passage_region.gd:63)
       [2] _compose_exterior (res://scripts/building/orison_v2_runtime_root.gd:381)
       [3] _compose_authorities (res://scripts/building/orison_v2_runtime_root.gd:215)
       [4] _ready (res://scripts/building/orison_v2_runtime_root.gd:129)
       [5] _run (res://tests/orison_v2_upper_radios_shot.gd:13)
WARNING: Image format RGB8 not supported by hardware, converting to RGBA8.
   at: _validate_texture_format (servers/rendering/renderer_rd/storage_rd/texture_storage.cpp:2855)
   GDScript backtrace (most recent call first):
       [0] _mount_scene (res://scripts/building/orison_v2_passage_region.gd:81)
       [1] _ready (res://scripts/building/orison_v2_passage_region.gd:63)
       [2] _compose_exterior (res://scripts/building/orison_v2_runtime_root.gd:381)
       [3] _compose_authorities (res://scripts/building/orison_v2_runtime_root.gd:215)
       [4] _ready (res://scripts/building/orison_v2_runtime_root.gd:129)
       [5] _run (res://tests/orison_v2_upper_radios_shot.gd:13)
WARNING: Image format RGB8 not supported by hardware, converting to RGBA8.
   at: _validate_texture_format (servers/rendering/renderer_rd/storage_rd/texture_storage.cpp:2855)
   GDScript backtrace (most recent call first):
       [0] _mount_scene (res://scripts/building/orison_v2_passage_region.gd:81)
       [1] _ready (res://scripts/building/orison_v2_passage_region.gd:63)
       [2] _compose_exterior (res://scripts/building/orison_v2_runtime_root.gd:381)
       [3] _compose_authorities (res://scripts/building/orison_v2_runtime_root.gd:215)
       [4] _ready (res://scripts/building/orison_v2_runtime_root.gd:129)
       [5] _run (res://tests/orison_v2_upper_radios_shot.gd:13)
WARNING: Image format RGB8 not supported by hardware, converting to RGBA8.
   at: _validate_texture_format (servers/rendering/renderer_rd/storage_rd/texture_storage.cpp:2855)
   GDScript backtrace (most recent call first):
       [0] _mount_scene (res://scripts/building/orison_v2_passage_region.gd:81)
       [1] _ready (res://scripts/building/orison_v2_passage_region.gd:63)
       [2] _compose_exterior (res://scripts/building/orison_v2_runtime_root.gd:381)
       [3] _compose_authorities (res://scripts/building/orison_v2_runtime_root.gd:215)
       [4] _ready (res://scripts/building/orison_v2_runtime_root.gd:129)
       [5] _run (res://tests/orison_v2_upper_radios_shot.gd:13)
WARNING: Image format RGB8 not supported by hardware, converting to RGBA8.
   at: _validate_texture_format (servers/rendering/renderer_rd/storage_rd/texture_storage.cpp:2855)
   GDScript backtrace (most recent call first):
       [0] _mount_scene (res://scripts/building/orison_v2_passage_region.gd:81)
       [1] _ready (res://scripts/building/orison_v2_passage_region.gd:63)
       [2] _compose_exterior (res://scripts/building/orison_v2_runtime_root.gd:381)
       [3] _compose_authorities (res://scripts/building/orison_v2_runtime_root.gd:215)
       [4] _ready (res://scripts/building/orison_v2_runtime_root.gd:129)
       [5] _run (res://tests/orison_v2_upper_radios_shot.gd:13)
WARNING: Image format RGB8 not supported by hardware, converting to RGBA8.
   at: _validate_texture_format (servers/rendering/renderer_rd/storage_rd/texture_storage.cpp:2855)
   GDScript backtrace (most recent call first):
       [0] _mount_scene (res://scripts/building/orison_v2_passage_region.gd:81)
       [1] _ready (res://scripts/building/orison_v2_passage_region.gd:63)
       [2] _compose_exterior (res://scripts/building/orison_v2_runtime_root.gd:381)
       [3] _compose_authorities (res://scripts/building/orison_v2_runtime_root.gd:215)
       [4] _ready (res://scripts/building/orison_v2_runtime_root.gd:129)
       [5] _run (res://tests/orison_v2_upper_radios_shot.gd:13)
WARNING: Image format RGB8 not supported by hardware, converting to RGBA8.
   at: _validate_texture_format (servers/rendering/renderer_rd/storage_rd/texture_storage.cpp:2855)
   GDScript backtrace (most recent call first):
       [0] _mount_scene (res://scripts/building/orison_v2_passage_region.gd:81)
       [1] _ready (res://scripts/building/orison_v2_passage_region.gd:63)
       [2] _compose_exterior (res://scripts/building/orison_v2_runtime_root.gd:381)
       [3] _compose_authorities (res://scripts/building/orison_v2_runtime_root.gd:215)
       [4] _ready (res://scripts/building/orison_v2_runtime_root.gd:129)
       [5] _run (res://tests/orison_v2_upper_radios_shot.gd:13)
WARNING: Image format RGB8 not supported by hardware, converting to RGBA8.
   at: _validate_texture_format (servers/rendering/renderer_rd/storage_rd/texture_storage.cpp:2855)
   GDScript backtrace (most recent call first):
       [0] _mount_scene (res://scripts/building/orison_v2_passage_region.gd:81)
       [1] _ready (res://scripts/building/orison_v2_passage_region.gd:63)
       [2] _compose_exterior (res://scripts/building/orison_v2_runtime_root.gd:381)
       [3] _compose_authorities (res://scripts/building/orison_v2_runtime_root.gd:215)
       [4] _ready (res://scripts/building/orison_v2_runtime_root.gd:129)
       [5] _run (res://tests/orison_v2_upper_radios_shot.gd:13)
WARNING: Image format RGB8 not supported by hardware, converting to RGBA8.
   at: _validate_texture_format (servers/rendering/renderer_rd/storage_rd/texture_storage.cpp:2855)
   GDScript backtrace (most recent call first):
       [0] _mount_scene (res://scripts/building/orison_v2_passage_region.gd:81)
       [1] _ready (res://scripts/building/orison_v2_passage_region.gd:63)
       [2] _compose_exterior (res://scripts/building/orison_v2_runtime_root.gd:381)
       [3] _compose_authorities (res://scripts/building/orison_v2_runtime_root.gd:215)
       [4] _ready (res://scripts/building/orison_v2_runtime_root.gd:129)
       [5] _run (res://tests/orison_v2_upper_radios_shot.gd:13)
WARNING: Image format RGB8 not supported by hardware, converting to RGBA8.
   at: _validate_texture_format (servers/rendering/renderer_rd/storage_rd/texture_storage.cpp:2855)
   GDScript backtrace (most recent call first):
       [0] _mount_scene (res://scripts/building/orison_v2_passage_region.gd:81)
       [1] _ready (res://scripts/building/orison_v2_passage_region.gd:63)
       [2] _compose_exterior (res://scripts/building/orison_v2_runtime_root.gd:381)
       [3] _compose_authorities (res://scripts/building/orison_v2_runtime_root.gd:215)
       [4] _ready (res://scripts/building/orison_v2_runtime_root.gd:129)
       [5] _run (res://tests/orison_v2_upper_radios_shot.gd:13)
WARNING: Image format RGB8 not supported by hardware, converting to RGBA8.
   at: _validate_texture_format (servers/rendering/renderer_rd/storage_rd/texture_storage.cpp:2855)
   GDScript backtrace (most recent call first):
       [0] _mount_scene (res://scripts/building/orison_v2_passage_region.gd:81)
       [1] _ready (res://scripts/building/orison_v2_passage_region.gd:63)
       [2] _compose_exterior (res://scripts/building/orison_v2_runtime_root.gd:381)
       [3] _compose_authorities (res://scripts/building/orison_v2_runtime_root.gd:215)
       [4] _ready (res://scripts/building/orison_v2_runtime_root.gd:129)
       [5] _run (res://tests/orison_v2_upper_radios_shot.gd:13)
WARNING: Image format RGB8 not supported by hardware, converting to RGBA8.
   at: _validate_texture_format (servers/rendering/renderer_rd/storage_rd/texture_storage.cpp:2855)
   GDScript backtrace (most recent call first):
       [0] _mount_scene (res://scripts/building/orison_v2_passage_region.gd:81)
       [1] _ready (res://scripts/building/orison_v2_passage_region.gd:63)
       [2] _compose_exterior (res://scripts/building/orison_v2_runtime_root.gd:381)
       [3] _compose_authorities (res://scripts/building/orison_v2_runtime_root.gd:215)
       [4] _ready (res://scripts/building/orison_v2_runtime_root.gd:129)
       [5] _run (res://tests/orison_v2_upper_radios_shot.gd:13)
WARNING: Image format RGB8 not supported by hardware, converting to RGBA8.
   at: _validate_texture_format (servers/rendering/renderer_rd/storage_rd/texture_storage.cpp:2855)
   GDScript backtrace (most recent call first):
       [0] _mount_scene (res://scripts/building/orison_v2_passage_region.gd:81)
       [1] _ready (res://scripts/building/orison_v2_passage_region.gd:63)
       [2] _compose_exterior (res://scripts/building/orison_v2_runtime_root.gd:381)
       [3] _compose_authorities (res://scripts/building/orison_v2_runtime_root.gd:215)
       [4] _ready (res://scripts/building/orison_v2_runtime_root.gd:129)
       [5] _run (res://tests/orison_v2_upper_radios_shot.gd:13)
WARNING: Image format RGB8 not supported by hardware, converting to RGBA8.
   at: _validate_texture_format (servers/rendering/renderer_rd/storage_rd/texture_storage.cpp:2855)
   GDScript backtrace (most recent call first):
       [0] _mount_scene (res://scripts/building/orison_v2_passage_region.gd:81)
       [1] _ready (res://scripts/building/orison_v2_passage_region.gd:63)
       [2] _compose_exterior (res://scripts/building/orison_v2_runtime_root.gd:381)
       [3] _compose_authorities (res://scripts/building/orison_v2_runtime_root.gd:215)
       [4] _ready (res://scripts/building/orison_v2_runtime_root.gd:129)
       [5] _run (res://tests/orison_v2_upper_radios_shot.gd:13)
WARNING: Image format RGB8 not supported by hardware, converting to RGBA8.
   at: _validate_texture_format (servers/rendering/renderer_rd/storage_rd/texture_storage.cpp:2855)
   GDScript backtrace (most recent call first):
       [0] _mount_scene (res://scripts/building/orison_v2_passage_region.gd:81)
       [1] _ready (res://scripts/building/orison_v2_passage_region.gd:63)
       [2] _compose_exterior (res://scripts/building/orison_v2_runtime_root.gd:381)
       [3] _compose_authorities (res://scripts/building/orison_v2_runtime_root.gd:215)
       [4] _ready (res://scripts/building/orison_v2_runtime_root.gd:129)
       [5] _run (res://tests/orison_v2_upper_radios_shot.gd:13)
WARNING: Image format RGB8 not supported by hardware, converting to RGBA8.
   at: _validate_texture_format (servers/rendering/renderer_rd/storage_rd/texture_storage.cpp:2855)
   GDScript backtrace (most recent call first):
       [0] _mount_scene (res://scripts/building/orison_v2_passage_region.gd:81)
       [1] _ready (res://scripts/building/orison_v2_passage_region.gd:63)
       [2] _compose_exterior (res://scripts/building/orison_v2_runtime_root.gd:381)
       [3] _compose_authorities (res://scripts/building/orison_v2_runtime_root.gd:215)
       [4] _ready (res://scripts/building/orison_v2_runtime_root.gd:129)
       [5] _run (res://tests/orison_v2_upper_radios_shot.gd:13)
WARNING: Image format RGB8 not supported by hardware, converting to RGBA8.
   at: _validate_texture_format (servers/rendering/renderer_rd/storage_rd/texture_storage.cpp:2855)
   GDScript backtrace (most recent call first):
       [0] _mount_scene (res://scripts/building/orison_v2_passage_region.gd:81)
       [1] _ready (res://scripts/building/orison_v2_passage_region.gd:63)
       [2] _compose_exterior (res://scripts/building/orison_v2_runtime_root.gd:381)
       [3] _compose_authorities (res://scripts/building/orison_v2_runtime_root.gd:215)
       [4] _ready (res://scripts/building/orison_v2_runtime_root.gd:129)
       [5] _run (res://tests/orison_v2_upper_radios_shot.gd:13)
WARNING: Image format RGB8 not supported by hardware, converting to RGBA8.
   at: _validate_texture_format (servers/rendering/renderer_rd/storage_rd/texture_storage.cpp:2855)
   GDScript backtrace (most recent call first):
       [0] _mount_scene (res://scripts/building/orison_v2_passage_region.gd:81)
       [1] _ready (res://scripts/building/orison_v2_passage_region.gd:63)
       [2] _compose_exterior (res://scripts/building/orison_v2_runtime_root.gd:381)
       [3] _compose_authorities (res://scripts/building/orison_v2_runtime_root.gd:215)
       [4] _ready (res://scripts/building/orison_v2_runtime_root.gd:129)
       [5] _run (res://tests/orison_v2_upper_radios_shot.gd:13)
WARNING: Image format RGB8 not supported by hardware, converting to RGBA8.
   at: _validate_texture_format (servers/rendering/renderer_rd/storage_rd/texture_storage.cpp:2855)
   GDScript backtrace (most recent call first):
       [0] _mount_scene (res://scripts/building/orison_v2_passage_region.gd:81)
       [1] _ready (res://scripts/building/orison_v2_passage_region.gd:63)
       [2] _compose_exterior (res://scripts/building/orison_v2_runtime_root.gd:381)
       [3] _compose_authorities (res://scripts/building/orison_v2_runtime_root.gd:215)
       [4] _ready (res://scripts/building/orison_v2_runtime_root.gd:129)
       [5] _run (res://tests/orison_v2_upper_radios_shot.gd:13)
WARNING: Image format RGB8 not supported by hardware, converting to RGBA8.
   at: _validate_texture_format (servers/rendering/renderer_rd/storage_rd/texture_storage.cpp:2855)
   GDScript backtrace (most recent call first):
       [0] _mount_scene (res://scripts/building/orison_v2_passage_region.gd:81)
       [1] _ready (res://scripts/building/orison_v2_passage_region.gd:63)
       [2] _compose_exterior (res://scripts/building/orison_v2_runtime_root.gd:381)
       [3] _compose_authorities (res://scripts/building/orison_v2_runtime_root.gd:215)
       [4] _ready (res://scripts/building/orison_v2_runtime_root.gd:129)
       [5] _run (res://tests/orison_v2_upper_radios_shot.gd:13)
WARNING: Image format RGB8 not supported by hardware, converting to RGBA8.
   at: _validate_texture_format (servers/rendering/renderer_rd/storage_rd/texture_storage.cpp:2855)
   GDScript backtrace (most recent call first):
       [0] _mount_scene (res://scripts/building/orison_v2_passage_region.gd:81)
       [1] _ready (res://scripts/building/orison_v2_passage_region.gd:63)
       [2] _compose_exterior (res://scripts/building/orison_v2_runtime_root.gd:381)
       [3] _compose_authorities (res://scripts/building/orison_v2_runtime_root.gd:215)
       [4] _ready (res://scripts/building/orison_v2_runtime_root.gd:129)
       [5] _run (res://tests/orison_v2_upper_radios_shot.gd:13)
WARNING: Image format RGB8 not supported by hardware, converting to RGBA8.
   at: _validate_texture_format (servers/rendering/renderer_rd/storage_rd/texture_storage.cpp:2855)
   GDScript backtrace (most recent call first):
       [0] _mount_scene (res://scripts/building/orison_v2_passage_region.gd:81)
       [1] _ready (res://scripts/building/orison_v2_passage_region.gd:63)
       [2] _compose_exterior (res://scripts/building/orison_v2_runtime_root.gd:381)
       [3] _compose_authorities (res://scripts/building/orison_v2_runtime_root.gd:215)
       [4] _ready (res://scripts/building/orison_v2_runtime_root.gd:129)
       [5] _run (res://tests/orison_v2_upper_radios_shot.gd:13)
WARNING: Image format RGB8 not supported by hardware, converting to RGBA8.
   at: _validate_texture_format (servers/rendering/renderer_rd/storage_rd/texture_storage.cpp:2855)
   GDScript backtrace (most recent call first):
       [0] _mount_scene (res://scripts/building/orison_v2_passage_region.gd:81)
       [1] _ready (res://scripts/building/orison_v2_passage_region.gd:63)
       [2] _compose_exterior (res://scripts/building/orison_v2_runtime_root.gd:381)
       [3] _compose_authorities (res://scripts/building/orison_v2_runtime_root.gd:215)
       [4] _ready (res://scripts/building/orison_v2_runtime_root.gd:129)
       [5] _run (res://tests/orison_v2_upper_radios_shot.gd:13)
WARNING: Image format RGB8 not supported by hardware, converting to RGBA8.
   at: _validate_texture_format (servers/rendering/renderer_rd/storage_rd/texture_storage.cpp:2855)
   GDScript backtrace (most recent call first):
       [0] _mount_scene (res://scripts/building/orison_v2_passage_region.gd:81)
       [1] _ready (res://scripts/building/orison_v2_passage_region.gd:63)
       [2] _compose_exterior (res://scripts/building/orison_v2_runtime_root.gd:381)
       [3] _compose_authorities (res://scripts/building/orison_v2_runtime_root.gd:215)
       [4] _ready (res://scripts/building/orison_v2_runtime_root.gd:129)
       [5] _run (res://tests/orison_v2_upper_radios_shot.gd:13)
WARNING: Image format RGB8 not supported by hardware, converting to RGBA8.
   at: _validate_texture_format (servers/rendering/renderer_rd/storage_rd/texture_storage.cpp:2855)
   GDScript backtrace (most recent call first):
       [0] _mount_scene (res://scripts/building/orison_v2_passage_region.gd:81)
       [1] _ready (res://scripts/building/orison_v2_passage_region.gd:63)
       [2] _compose_exterior (res://scripts/building/orison_v2_runtime_root.gd:381)
       [3] _compose_authorities (res://scripts/building/orison_v2_runtime_root.gd:215)
       [4] _ready (res://scripts/building/orison_v2_runtime_root.gd:129)
       [5] _run (res://tests/orison_v2_upper_radios_shot.gd:13)
WARNING: Image format RGB8 not supported by hardware, converting to RGBA8.
   at: _validate_texture_format (servers/rendering/renderer_rd/storage_rd/texture_storage.cpp:2855)
   GDScript backtrace (most recent call first):
       [0] _mount_scene (res://scripts/building/orison_v2_passage_region.gd:81)
       [1] _ready (res://scripts/building/orison_v2_passage_region.gd:63)
       [2] _compose_exterior (res://scripts/building/orison_v2_runtime_root.gd:381)
       [3] _compose_authorities (res://scripts/building/orison_v2_runtime_root.gd:215)
       [4] _ready (res://scripts/building/orison_v2_runtime_root.gd:129)
       [5] _run (res://tests/orison_v2_upper_radios_shot.gd:13)
WARNING: Image format RGB8 not supported by hardware, converting to RGBA8.
   at: _validate_texture_format (servers/rendering/renderer_rd/storage_rd/texture_storage.cpp:2855)
   GDScript backtrace (most recent call first):
       [0] _mount_scene (res://scripts/building/orison_v2_passage_region.gd:81)
       [1] _ready (res://scripts/building/orison_v2_passage_region.gd:63)
       [2] _compose_exterior (res://scripts/building/orison_v2_runtime_root.gd:381)
       [3] _compose_authorities (res://scripts/building/orison_v2_runtime_root.gd:215)
       [4] _ready (res://scripts/building/orison_v2_runtime_root.gd:129)
       [5] _run (res://tests/orison_v2_upper_radios_shot.gd:13)
WARNING: Image format RGB8 not supported by hardware, converting to RGBA8.
   at: _validate_texture_format (servers/rendering/renderer_rd/storage_rd/texture_storage.cpp:2855)
   GDScript backtrace (most recent call first):
       [0] _mount_scene (res://scripts/building/orison_v2_passage_region.gd:81)
       [1] _ready (res://scripts/building/orison_v2_passage_region.gd:63)
       [2] _compose_exterior (res://scripts/building/orison_v2_runtime_root.gd:381)
       [3] _compose_authorities (res://scripts/building/orison_v2_runtime_root.gd:215)
       [4] _ready (res://scripts/building/orison_v2_runtime_root.gd:129)
       [5] _run (res://tests/orison_v2_upper_radios_shot.gd:13)
WARNING: Image format RGB8 not supported by hardware, converting to RGBA8.
   at: _validate_texture_format (servers/rendering/renderer_rd/storage_rd/texture_storage.cpp:2855)
   GDScript backtrace (most recent call first):
       [0] _mount_scene (res://scripts/building/orison_v2_passage_region.gd:81)
       [1] _ready (res://scripts/building/orison_v2_passage_region.gd:63)
       [2] _compose_exterior (res://scripts/building/orison_v2_runtime_root.gd:381)
       [3] _compose_authorities (res://scripts/building/orison_v2_runtime_root.gd:215)
       [4] _ready (res://scripts/building/orison_v2_runtime_root.gd:129)
       [5] _run (res://tests/orison_v2_upper_radios_shot.gd:13)
WARNING: Image format RGB8 not supported by hardware, converting to RGBA8.
   at: _validate_texture_format (servers/rendering/renderer_rd/storage_rd/texture_storage.cpp:2855)
   GDScript backtrace (most recent call first):
       [0] _mount_scene (res://scripts/building/orison_v2_passage_region.gd:81)
       [1] _ready (res://scripts/building/orison_v2_passage_region.gd:63)
       [2] _compose_exterior (res://scripts/building/orison_v2_runtime_root.gd:381)
       [3] _compose_authorities (res://scripts/building/orison_v2_runtime_root.gd:215)
       [4] _ready (res://scripts/building/orison_v2_runtime_root.gd:129)
       [5] _run (res://tests/orison_v2_upper_radios_shot.gd:13)
WARNING: Image format RGB8 not supported by hardware, converting to RGBA8.
   at: _validate_texture_format (servers/rendering/renderer_rd/storage_rd/texture_storage.cpp:2855)
   GDScript backtrace (most recent call first):
       [0] _mount_scene (res://scripts/building/orison_v2_passage_region.gd:81)
       [1] _ready (res://scripts/building/orison_v2_passage_region.gd:63)
       [2] _compose_exterior (res://scripts/building/orison_v2_runtime_root.gd:381)
       [3] _compose_authorities (res://scripts/building/orison_v2_runtime_root.gd:215)
       [4] _ready (res://scripts/building/orison_v2_runtime_root.gd:129)
       [5] _run (res://tests/orison_v2_upper_radios_shot.gd:13)
WARNING: Image format RGB8 not supported by hardware, converting to RGBA8.
   at: _validate_texture_format (servers/rendering/renderer_rd/storage_rd/texture_storage.cpp:2855)
   GDScript backtrace (most recent call first):
       [0] _mount_scene (res://scripts/building/orison_v2_passage_region.gd:81)
       [1] _ready (res://scripts/building/orison_v2_passage_region.gd:63)
       [2] _compose_exterior (res://scripts/building/orison_v2_runtime_root.gd:381)
       [3] _compose_authorities (res://scripts/building/orison_v2_runtime_root.gd:215)
       [4] _ready (res://scripts/building/orison_v2_runtime_root.gd:129)
       [5] _run (res://tests/orison_v2_upper_radios_shot.gd:13)
WARNING: Image format RGB8 not supported by hardware, converting to RGBA8.
   at: _validate_texture_format (servers/rendering/renderer_rd/storage_rd/texture_storage.cpp:2855)
   GDScript backtrace (most recent call first):
       [0] _mount_scene (res://scripts/building/orison_v2_passage_region.gd:81)
       [1] _ready (res://scripts/building/orison_v2_passage_region.gd:63)
       [2] _compose_exterior (res://scripts/building/orison_v2_runtime_root.gd:381)
       [3] _compose_authorities (res://scripts/building/orison_v2_runtime_root.gd:215)
       [4] _ready (res://scripts/building/orison_v2_runtime_root.gd:129)
       [5] _run (res://tests/orison_v2_upper_radios_shot.gd:13)
WARNING: Image format RGB8 not supported by hardware, converting to RGBA8.
   at: _validate_texture_format (servers/rendering/renderer_rd/storage_rd/texture_storage.cpp:2855)
   GDScript backtrace (most recent call first):
       [0] _mount_scene (res://scripts/building/orison_v2_passage_region.gd:81)
       [1] _ready (res://scripts/building/orison_v2_passage_region.gd:63)
       [2] _compose_exterior (res://scripts/building/orison_v2_runtime_root.gd:381)
       [3] _compose_authorities (res://scripts/building/orison_v2_runtime_root.gd:215)
       [4] _ready (res://scripts/building/orison_v2_runtime_root.gd:129)
       [5] _run (res://tests/orison_v2_upper_radios_shot.gd:13)
WARNING: Image format RGB8 not supported by hardware, converting to RGBA8.
   at: _validate_texture_format (servers/rendering/renderer_rd/storage_rd/texture_storage.cpp:2855)
   GDScript backtrace (most recent call first):
       [0] _mount_scene (res://scripts/building/orison_v2_passage_region.gd:81)
       [1] _ready (res://scripts/building/orison_v2_passage_region.gd:63)
       [2] _compose_exterior (res://scripts/building/orison_v2_runtime_root.gd:381)
       [3] _compose_authorities (res://scripts/building/orison_v2_runtime_root.gd:215)
       [4] _ready (res://scripts/building/orison_v2_runtime_root.gd:129)
       [5] _run (res://tests/orison_v2_upper_radios_shot.gd:13)
WARNING: Image format RGB8 not supported by hardware, converting to RGBA8.
   at: _validate_texture_format (servers/rendering/renderer_rd/storage_rd/texture_storage.cpp:2855)
   GDScript backtrace (most recent call first):
       [0] _mount_scene (res://scripts/building/orison_v2_passage_region.gd:81)
       [1] _ready (res://scripts/building/orison_v2_passage_region.gd:63)
       [2] _compose_exterior (res://scripts/building/orison_v2_runtime_root.gd:381)
       [3] _compose_authorities (res://scripts/building/orison_v2_runtime_root.gd:215)
       [4] _ready (res://scripts/building/orison_v2_runtime_root.gd:129)
       [5] _run (res://tests/orison_v2_upper_radios_shot.gd:13)
WARNING: Image format RGB8 not supported by hardware, converting to RGBA8.
   at: _validate_texture_format (servers/rendering/renderer_rd/storage_rd/texture_storage.cpp:2855)
   GDScript backtrace (most recent call first):
       [0] _mount_scene (res://scripts/building/orison_v2_passage_region.gd:81)
       [1] _ready (res://scripts/building/orison_v2_passage_region.gd:63)
       [2] _compose_exterior (res://scripts/building/orison_v2_runtime_root.gd:381)
       [3] _compose_authorities (res://scripts/building/orison_v2_runtime_root.gd:215)
       [4] _ready (res://scripts/building/orison_v2_runtime_root.gd:129)
       [5] _run (res://tests/orison_v2_upper_radios_shot.gd:13)
WARNING: Image format RGB8 not supported by hardware, converting to RGBA8.
   at: _validate_texture_format (servers/rendering/renderer_rd/storage_rd/texture_storage.cpp:2855)
   GDScript backtrace (most recent call first):
       [0] _mount_scene (res://scripts/building/orison_v2_passage_region.gd:81)
       [1] _ready (res://scripts/building/orison_v2_passage_region.gd:63)
       [2] _compose_exterior (res://scripts/building/orison_v2_runtime_root.gd:381)
       [3] _compose_authorities (res://scripts/building/orison_v2_runtime_root.gd:215)
       [4] _ready (res://scripts/building/orison_v2_runtime_root.gd:129)
       [5] _run (res://tests/orison_v2_upper_radios_shot.gd:13)
WARNING: Image format RGB8 not supported by hardware, converting to RGBA8.
   at: _validate_texture_format (servers/rendering/renderer_rd/storage_rd/texture_storage.cpp:2855)
   GDScript backtrace (most recent call first):
       [0] _mount_scene (res://scripts/building/orison_v2_passage_region.gd:81)
       [1] _ready (res://scripts/building/orison_v2_passage_region.gd:63)
       [2] _compose_exterior (res://scripts/building/orison_v2_runtime_root.gd:381)
       [3] _compose_authorities (res://scripts/building/orison_v2_runtime_root.gd:215)
       [4] _ready (res://scripts/building/orison_v2_runtime_root.gd:129)
       [5] _run (res://tests/orison_v2_upper_radios_shot.gd:13)
WARNING: Image format RGB8 not supported by hardware, converting to RGBA8.
   at: _validate_texture_format (servers/rendering/renderer_rd/storage_rd/texture_storage.cpp:2855)
   GDScript backtrace (most recent call first):
       [0] _mount_scene (res://scripts/building/orison_v2_passage_region.gd:81)
       [1] _ready (res://scripts/building/orison_v2_passage_region.gd:63)
       [2] _compose_exterior (res://scripts/building/orison_v2_runtime_root.gd:381)
       [3] _compose_authorities (res://scripts/building/orison_v2_runtime_root.gd:215)
       [4] _ready (res://scripts/building/orison_v2_runtime_root.gd:129)
       [5] _run (res://tests/orison_v2_upper_radios_shot.gd:13)
WARNING: Image format RGB8 not supported by hardware, converting to RGBA8.
   at: _validate_texture_format (servers/rendering/renderer_rd/storage_rd/texture_storage.cpp:2855)
   GDScript backtrace (most recent call first):
       [0] _mount_scene (res://scripts/building/orison_v2_passage_region.gd:81)
       [1] _ready (res://scripts/building/orison_v2_passage_region.gd:63)
       [2] _compose_exterior (res://scripts/building/orison_v2_runtime_root.gd:381)
       [3] _compose_authorities (res://scripts/building/orison_v2_runtime_root.gd:215)
       [4] _ready (res://scripts/building/orison_v2_runtime_root.gd:129)
       [5] _run (res://tests/orison_v2_upper_radios_shot.gd:13)
WARNING: Image format RGB8 not supported by hardware, converting to RGBA8.
   at: _validate_texture_format (servers/rendering/renderer_rd/storage_rd/texture_storage.cpp:2855)
   GDScript backtrace (most recent call first):
       [0] _mount_scene (res://scripts/building/orison_v2_passage_region.gd:81)
       [1] _ready (res://scripts/building/orison_v2_passage_region.gd:63)
       [2] _compose_exterior (res://scripts/building/orison_v2_runtime_root.gd:381)
       [3] _compose_authorities (res://scripts/building/orison_v2_runtime_root.gd:215)
       [4] _ready (res://scripts/building/orison_v2_runtime_root.gd:129)
       [5] _run (res://tests/orison_v2_upper_radios_shot.gd:13)
WARNING: Image format RGB8 not supported by hardware, converting to RGBA8.
   at: _validate_texture_format (servers/rendering/renderer_rd/storage_rd/texture_storage.cpp:2855)
   GDScript backtrace (most recent call first):
       [0] _mount_scene (res://scripts/building/orison_v2_passage_region.gd:81)
       [1] _ready (res://scripts/building/orison_v2_passage_region.gd:63)
       [2] _compose_exterior (res://scripts/building/orison_v2_runtime_root.gd:381)
       [3] _compose_authorities (res://scripts/building/orison_v2_runtime_root.gd:215)
       [4] _ready (res://scripts/building/orison_v2_runtime_root.gd:129)
       [5] _run (res://tests/orison_v2_upper_radios_shot.gd:13)
WARNING: Image format RGB8 not supported by hardware, converting to RGBA8.
   at: _validate_texture_format (servers/rendering/renderer_rd/storage_rd/texture_storage.cpp:2855)
   GDScript backtrace (most recent call first):
       [0] _mount_scene (res://scripts/building/orison_v2_passage_region.gd:81)
       [1] _ready (res://scripts/building/orison_v2_passage_region.gd:63)
       [2] _compose_exterior (res://scripts/building/orison_v2_runtime_root.gd:381)
       [3] _compose_authorities (res://scripts/building/orison_v2_runtime_root.gd:215)
       [4] _ready (res://scripts/building/orison_v2_runtime_root.gd:129)
       [5] _run (res://tests/orison_v2_upper_radios_shot.gd:13)
WARNING: Image format RGB8 not supported by hardware, converting to RGBA8.
   at: _validate_texture_format (servers/rendering/renderer_rd/storage_rd/texture_storage.cpp:2855)
   GDScript backtrace (most recent call first):
       [0] _mount_scene (res://scripts/building/orison_v2_passage_region.gd:81)
       [1] _ready (res://scripts/building/orison_v2_passage_region.gd:63)
       [2] _compose_exterior (res://scripts/building/orison_v2_runtime_root.gd:381)
       [3] _compose_authorities (res://scripts/building/orison_v2_runtime_root.gd:215)
       [4] _ready (res://scripts/building/orison_v2_runtime_root.gd:129)
       [5] _run (res://tests/orison_v2_upper_radios_shot.gd:13)
WARNING: Image format RGB8 not supported by hardware, converting to RGBA8.
   at: _validate_texture_format (servers/rendering/renderer_rd/storage_rd/texture_storage.cpp:2855)
   GDScript backtrace (most recent call first):
       [0] _mount_scene (res://scripts/building/orison_v2_passage_region.gd:81)
       [1] _ready (res://scripts/building/orison_v2_passage_region.gd:63)
       [2] _compose_exterior (res://scripts/building/orison_v2_runtime_root.gd:381)
       [3] _compose_authorities (res://scripts/building/orison_v2_runtime_root.gd:215)
       [4] _ready (res://scripts/building/orison_v2_runtime_root.gd:129)
       [5] _run (res://tests/orison_v2_upper_radios_shot.gd:13)
WARNING: Image format RGB8 not supported by hardware, converting to RGBA8.
   at: _validate_texture_format (servers/rendering/renderer_rd/storage_rd/texture_storage.cpp:2855)
   GDScript backtrace (most recent call first):
       [0] _mount_scene (res://scripts/building/orison_v2_passage_region.gd:81)
       [1] _ready (res://scripts/building/orison_v2_passage_region.gd:63)
       [2] _compose_exterior (res://scripts/building/orison_v2_runtime_root.gd:381)
       [3] _compose_authorities (res://scripts/building/orison_v2_runtime_root.gd:215)
       [4] _ready (res://scripts/building/orison_v2_runtime_root.gd:129)
       [5] _run (res://tests/orison_v2_upper_radios_shot.gd:13)
WARNING: Image format RGB8 not supported by hardware, converting to RGBA8.
   at: _validate_texture_format (servers/rendering/renderer_rd/storage_rd/texture_storage.cpp:2855)
   GDScript backtrace (most recent call first):
       [0] _mount_scene (res://scripts/building/orison_v2_passage_region.gd:81)
       [1] _ready (res://scripts/building/orison_v2_passage_region.gd:63)
       [2] _compose_exterior (res://scripts/building/orison_v2_runtime_root.gd:381)
       [3] _compose_authorities (res://scripts/building/orison_v2_runtime_root.gd:215)
       [4] _ready (res://scripts/building/orison_v2_runtime_root.gd:129)
       [5] _run (res://tests/orison_v2_upper_radios_shot.gd:13)
WARNING: Image format RGB8 not supported by hardware, converting to RGBA8.
   at: _validate_texture_format (servers/rendering/renderer_rd/storage_rd/texture_storage.cpp:2855)
   GDScript backtrace (most recent call first):
       [0] _mount_scene (res://scripts/building/orison_v2_passage_region.gd:81)
       [1] _ready (res://scripts/building/orison_v2_passage_region.gd:63)
       [2] _compose_exterior (res://scripts/building/orison_v2_runtime_root.gd:381)
       [3] _compose_authorities (res://scripts/building/orison_v2_runtime_root.gd:215)
       [4] _ready (res://scripts/building/orison_v2_runtime_root.gd:129)
       [5] _run (res://tests/orison_v2_upper_radios_shot.gd:13)
WARNING: Image format RGB8 not supported by hardware, converting to RGBA8.
   at: _validate_texture_format (servers/rendering/renderer_rd/storage_rd/texture_storage.cpp:2855)
   GDScript backtrace (most recent call first):
       [0] _mount_scene (res://scripts/building/orison_v2_passage_region.gd:81)
       [1] _ready (res://scripts/building/orison_v2_passage_region.gd:63)
       [2] _compose_exterior (res://scripts/building/orison_v2_runtime_root.gd:381)
       [3] _compose_authorities (res://scripts/building/orison_v2_runtime_root.gd:215)
       [4] _ready (res://scripts/building/orison_v2_runtime_root.gd:129)
       [5] _run (res://tests/orison_v2_upper_radios_shot.gd:13)
WARNING: Image format RGB8 not supported by hardware, converting to RGBA8.
   at: _validate_texture_format (servers/rendering/renderer_rd/storage_rd/texture_storage.cpp:2855)
   GDScript backtrace (most recent call first):
       [0] _mount_scene (res://scripts/building/orison_v2_passage_region.gd:81)
       [1] _ready (res://scripts/building/orison_v2_passage_region.gd:63)
       [2] _compose_exterior (res://scripts/building/orison_v2_runtime_root.gd:381)
       [3] _compose_authorities (res://scripts/building/orison_v2_runtime_root.gd:215)
       [4] _ready (res://scripts/building/orison_v2_runtime_root.gd:129)
       [5] _run (res://tests/orison_v2_upper_radios_shot.gd:13)
WARNING: Image format RGB8 not supported by hardware, converting to RGBA8.
   at: _validate_texture_format (servers/rendering/renderer_rd/storage_rd/texture_storage.cpp:2855)
   GDScript backtrace (most recent call first):
       [0] _mount_scene (res://scripts/building/orison_v2_passage_region.gd:81)
       [1] _ready (res://scripts/building/orison_v2_passage_region.gd:63)
       [2] _compose_exterior (res://scripts/building/orison_v2_runtime_root.gd:381)
       [3] _compose_authorities (res://scripts/building/orison_v2_runtime_root.gd:215)
       [4] _ready (res://scripts/building/orison_v2_runtime_root.gd:129)
       [5] _run (res://tests/orison_v2_upper_radios_shot.gd:13)
WARNING: Image format RGB8 not supported by hardware, converting to RGBA8.
   at: _validate_texture_format (servers/rendering/renderer_rd/storage_rd/texture_storage.cpp:2855)
   GDScript backtrace (most recent call first):
       [0] get_mat (res://scripts/material_library.gd:32)
       [1] retexture (res://scripts/props/functional_prop.gd:270)
       [2] retexture (res://scripts/props/functional_prop.gd:263)
       [3] retexture (res://scripts/props/functional_prop.gd:263)
       [4] _build_visual (res://scripts/props/toaster_prop.gd:57)
       [5] _ready (res://scripts/props/functional_prop.gd:38)
       [6] mount (res://scripts/building/orison_v2_household_accessories.gd:35)
       [7] _compose_authorities (res://scripts/building/orison_v2_runtime_root.gd:271)
       [8] _ready (res://scripts/building/orison_v2_runtime_root.gd:129)
       [9] _run (res://tests/orison_v2_upper_radios_shot.gd:13)
WARNING: Image format RGB8 not supported by hardware, converting to RGBA8.
   at: _validate_texture_format (servers/rendering/renderer_rd/storage_rd/texture_storage.cpp:2855)
   GDScript backtrace (most recent call first):
       [0] get_mat (res://scripts/material_library.gd:39)
       [1] retexture (res://scripts/props/functional_prop.gd:270)
       [2] retexture (res://scripts/props/functional_prop.gd:263)
       [3] retexture (res://scripts/props/functional_prop.gd:263)
       [4] _build_visual (res://scripts/props/toaster_prop.gd:57)
       [5] _ready (res://scripts/props/functional_prop.gd:38)
       [6] mount (res://scripts/building/orison_v2_household_accessories.gd:35)
       [7] _compose_authorities (res://scripts/building/orison_v2_runtime_root.gd:271)
       [8] _ready (res://scripts/building/orison_v2_runtime_root.gd:129)
       [9] _run (res://tests/orison_v2_upper_radios_shot.gd:13)
WARNING: Image format RGB8 not supported by hardware, converting to RGBA8.
   at: _validate_texture_format (servers/rendering/renderer_rd/storage_rd/texture_storage.cpp:2855)
   GDScript backtrace (most recent call first):
       [0] get_mat (res://scripts/material_library.gd:32)
       [1] smat (res://scripts/props/functional_prop.gd:344)
       [2] _build_door (res://scripts/props/medicine_cabinet_prop.gd:181)
       [3] _build_visual (res://scripts/props/medicine_cabinet_prop.gd:117)
       [4] _build_visual (res://scripts/building/orison_v2_medicine_cabinet.gd:16)
       [5] _ready (res://scripts/props/functional_prop.gd:38)
       [6] mount (res://scripts/building/orison_v2_household_accessories.gd:35)
       [7] _compose_authorities (res://scripts/building/orison_v2_runtime_root.gd:271)
       [8] _ready (res://scripts/building/orison_v2_runtime_root.gd:129)
       [9] _run (res://tests/orison_v2_upper_radios_shot.gd:13)
WARNING: Image format RGB8 not supported by hardware, converting to RGBA8.
   at: _validate_texture_format (servers/rendering/renderer_rd/storage_rd/texture_storage.cpp:2855)
   GDScript backtrace (most recent call first):
       [0] get_mat (res://scripts/material_library.gd:34)
       [1] smat (res://scripts/props/functional_prop.gd:344)
       [2] _build_door (res://scripts/props/medicine_cabinet_prop.gd:181)
       [3] _build_visual (res://scripts/props/medicine_cabinet_prop.gd:117)
       [4] _build_visual (res://scripts/building/orison_v2_medicine_cabinet.gd:16)
       [5] _ready (res://scripts/props/functional_prop.gd:38)
       [6] mount (res://scripts/building/orison_v2_household_accessories.gd:35)
       [7] _compose_authorities (res://scripts/building/orison_v2_runtime_root.gd:271)
       [8] _ready (res://scripts/building/orison_v2_runtime_root.gd:129)
       [9] _run (res://tests/orison_v2_upper_radios_shot.gd:13)
WARNING: Image format RGB8 not supported by hardware, converting to RGBA8.
   at: _validate_texture_format (servers/rendering/renderer_rd/storage_rd/texture_storage.cpp:2855)
   GDScript backtrace (most recent call first):
       [0] get_mat (res://scripts/material_library.gd:39)
       [1] smat (res://scripts/props/functional_prop.gd:344)
       [2] _build_door (res://scripts/props/medicine_cabinet_prop.gd:181)
       [3] _build_visual (res://scripts/props/medicine_cabinet_prop.gd:117)
       [4] _build_visual (res://scripts/building/orison_v2_medicine_cabinet.gd:16)
       [5] _ready (res://scripts/props/functional_prop.gd:38)
       [6] mount (res://scripts/building/orison_v2_household_accessories.gd:35)
       [7] _compose_authorities (res://scripts/building/orison_v2_runtime_root.gd:271)
       [8] _ready (res://scripts/building/orison_v2_runtime_root.gd:129)
       [9] _run (res://tests/orison_v2_upper_radios_shot.gd:13)
WARNING: Image format RGB8 not supported by hardware, converting to RGBA8.
   at: _validate_texture_format (servers/rendering/renderer_rd/storage_rd/texture_storage.cpp:2855)
   GDScript backtrace (most recent call first):
       [0] _ready (res://scripts/characters/animated_resident.gd:38)
       [1] setup (res://scripts/characters/orison_v2_mina_routine.gd:63)
       [2] _compose_authorities (res://scripts/building/orison_v2_runtime_root.gd:315)
       [3] _ready (res://scripts/building/orison_v2_runtime_root.gd:129)
       [4] _run (res://tests/orison_v2_upper_radios_shot.gd:13)
