WorkerThreadPool: 24 threads, 7 max low-priority.
Godot Engine v4.7.1.stable.official.a13da4feb - https://godotengine.org
TextServer: Added interface "Dummy"
TextServer: Added interface "ICU / HarfBuzz / Graphite (Built-in)"
Using "default" pen tablet driver...

TextServer: Primary interface set to: "ICU / HarfBuzz / Graphite (Built-in)".
CORE API HASH: 3769296884
EDITOR API HASH: 3146738256
SceneTreeFTI: traversal method DEFAULT
Loading resource: res://scripts/game_boot.gd remapped: res://scripts/game_boot.gd
Completed load for: 'res://scripts/game_boot.gd' remapped 'res://scripts/game_boot.gd' at thread -1
Loading resource: res://scripts/audio/conductor_clock.gd remapped: res://scripts/audio/conductor_clock.gd
Completed load for: 'res://scripts/audio/conductor_clock.gd' remapped 'res://scripts/audio/conductor_clock.gd' at thread -1
Loading resource: res://scripts/audio/audio_policy.gd remapped: res://scripts/audio/audio_policy.gd
Completed load for: 'res://scripts/audio/audio_policy.gd' remapped 'res://scripts/audio/audio_policy.gd' at thread -1
Loading resource: res://scripts/game/campaign_clock_driver.gd remapped: res://scripts/game/campaign_clock_driver.gd
Completed load for: 'res://scripts/game/campaign_clock_driver.gd' remapped 'res://scripts/game/campaign_clock_driver.gd' at thread -1
Loading resource: res://scripts/ui/save_status_notice.gd remapped: res://scripts/ui/save_status_notice.gd
Completed load for: 'res://scripts/ui/save_status_notice.gd' remapped 'res://scripts/ui/save_status_notice.gd' at thread -1
Loading resource: res://scripts/game/reality_case_manager.gd remapped: res://scripts/game/reality_case_manager.gd
Completed load for: 'res://scripts/game/reality_case_manager.gd' remapped 'res://scripts/game/reality_case_manager.gd' at thread -1
Loading resource: res://scripts/game/reality_rule_director.gd remapped: res://scripts/game/reality_rule_director.gd
Completed load for: 'res://scripts/game/reality_rule_director.gd' remapped 'res://scripts/game/reality_rule_director.gd' at thread -1
Loaded system CA certificates
Loading resource: res://tests/OrisonV2PassageLoadTeardownTest.tscn remapped: res://tests/OrisonV2PassageLoadTeardownTest.tscn
Loading resource: res://tests/orison_v2_passage_load_teardown_test.gd remapped: res://tests/orison_v2_passage_load_teardown_test.gd
Loading resource: res://scenes/building/orison_v2_runtime.tscn remapped: res://scenes/building/orison_v2_runtime.tscn
Loading resource: res://scripts/building/orison_v2_runtime_root.gd remapped: res://scripts/building/orison_v2_runtime_root.gd
Loading resource: res://scenes/building/orison_v2_blockout.tscn remapped: res://scenes/building/orison_v2_blockout.tscn
Loading resource: res://scripts/building/orison_v2_blockout.gd remapped: res://scripts/building/orison_v2_blockout.gd
Completed load for: 'res://scripts/building/orison_v2_blockout.gd' remapped 'res://scripts/building/orison_v2_blockout.gd' at thread -1
Completed load for: 'res://scenes/building/orison_v2_blockout.tscn' remapped 'res://scenes/building/orison_v2_blockout.tscn' at thread -1
Loading resource: res://assets/ui/telegram/telegram_paper_stock_v1.png remapped: res://assets/ui/telegram/telegram_paper_stock_v1.png
Loading resource: res://.godot/imported/telegram_paper_stock_v1.png-6da8e34d237a3bb83d7695aa967c7cff.ctex remapped: res://.godot/imported/telegram_paper_stock_v1.png-6da8e34d237a3bb83d7695aa967c7cff.ctex
Completed load for: 'res://assets/ui/telegram/telegram_paper_stock_v1.png' remapped 'res://assets/ui/telegram/telegram_paper_stock_v1.png' at thread -1
Loading resource: res://assets/fonts/courier_prime/CourierPrime-Regular.ttf remapped: res://assets/fonts/courier_prime/CourierPrime-Regular.ttf
Loading resource: res://.godot/imported/CourierPrime-Regular.ttf-b33a163554302b210ef6aef62fa4168a.fontdata remapped: res://.godot/imported/CourierPrime-Regular.ttf-b33a163554302b210ef6aef62fa4168a.fontdata
Completed load for: 'res://assets/fonts/courier_prime/CourierPrime-Regular.ttf' remapped 'res://assets/fonts/courier_prime/CourierPrime-Regular.ttf' at thread -1
Loading resource: res://assets/fonts/courier_prime/CourierPrime-Bold.ttf remapped: res://assets/fonts/courier_prime/CourierPrime-Bold.ttf
Loading resource: res://.godot/imported/CourierPrime-Bold.ttf-bf7a7031d9489227399d79b38e4a3e43.fontdata remapped: res://.godot/imported/CourierPrime-Bold.ttf-bf7a7031d9489227399d79b38e4a3e43.fontdata
Completed load for: 'res://assets/fonts/courier_prime/CourierPrime-Bold.ttf' remapped 'res://assets/fonts/courier_prime/CourierPrime-Bold.ttf' at thread -1
Loading resource: res://shaders/orison_waking_sky.gdshader remapped: res://shaders/orison_waking_sky.gdshader
Completed load for: 'res://shaders/orison_waking_sky.gdshader' remapped 'res://shaders/orison_waking_sky.gdshader' at thread -1
Loading resource: res://shaders/orison_surface.gdshader remapped: res://shaders/orison_surface.gdshader
Loading resource: res://shaders/orison_surface.gdshaderinc remapped: res://shaders/orison_surface.gdshaderinc
Loading resource: res://shaders/dream_corruption_layers.gdshaderinc remapped: res://shaders/dream_corruption_layers.gdshaderinc
Completed load for: 'res://shaders/dream_corruption_layers.gdshaderinc' remapped 'res://shaders/dream_corruption_layers.gdshaderinc' at thread -1
Completed load for: 'res://shaders/orison_surface.gdshaderinc' remapped 'res://shaders/orison_surface.gdshaderinc' at thread -1
Completed load for: 'res://shaders/orison_surface.gdshader' remapped 'res://shaders/orison_surface.gdshader' at thread -1
Loading resource: res://shaders/orison_surface_cutout.gdshader remapped: res://shaders/orison_surface_cutout.gdshader
Completed load for: 'res://shaders/orison_surface_cutout.gdshader' remapped 'res://shaders/orison_surface_cutout.gdshader' at thread -1
Loading resource: res://assets/audio/viral_seed.ogg remapped: res://assets/audio/viral_seed.ogg
Loading resource: res://.godot/imported/viral_seed.ogg-befc5f05d706188204c710ae7bb333d9.oggvorbisstr remapped: res://.godot/imported/viral_seed.ogg-befc5f05d706188204c710ae7bb333d9.oggvorbisstr
Completed load for: 'res://assets/audio/viral_seed.ogg' remapped 'res://assets/audio/viral_seed.ogg' at thread -1
Completed load for: 'res://scripts/building/orison_v2_runtime_root.gd' remapped 'res://scripts/building/orison_v2_runtime_root.gd' at thread -1
Completed load for: 'res://scenes/building/orison_v2_runtime.tscn' remapped 'res://scenes/building/orison_v2_runtime.tscn' at thread -1
Completed load for: 'res://tests/orison_v2_passage_load_teardown_test.gd' remapped 'res://tests/orison_v2_passage_load_teardown_test.gd' at thread -1
Completed load for: 'res://tests/OrisonV2PassageLoadTeardownTest.tscn' remapped 'res://tests/OrisonV2PassageLoadTeardownTest.tscn' at thread -1
[ACOUSTIC] 550 nodes loaded
Loading resource: res://assets/building/textures/sky/orison_queens_night_rain_half_dome_4k.png remapped: res://assets/building/textures/sky/orison_queens_night_rain_half_dome_4k.png
Loading resource: res://.godot/imported/orison_queens_night_rain_half_dome_4k.png-dff55cdb11a2763ba9bd10526969d963.ctex remapped: res://.godot/imported/orison_queens_night_rain_half_dome_4k.png-dff55cdb11a2763ba9bd10526969d963.ctex
Completed load for: 'res://assets/building/textures/sky/orison_queens_night_rain_half_dome_4k.png' remapped 'res://assets/building/textures/sky/orison_queens_night_rain_half_dome_4k.png' at thread -1
Loading resource: res://assets/environment/lroc_color_poles_1k.jpg remapped: res://assets/environment/lroc_color_poles_1k.jpg
Loading resource: res://.godot/imported/lroc_color_poles_1k.jpg-e2c80151a793fba59c850ea878bcd927.ctex remapped: res://.godot/imported/lroc_color_poles_1k.jpg-e2c80151a793fba59c850ea878bcd927.ctex
Completed load for: 'res://assets/environment/lroc_color_poles_1k.jpg' remapped 'res://assets/environment/lroc_color_poles_1k.jpg' at thread -1
Loading resource: res://assets/building/textures/sky/eso_gigagalaxy_galactic_half_dome_4k.jpg remapped: res://assets/building/textures/sky/eso_gigagalaxy_galactic_half_dome_4k.jpg
Loading resource: res://.godot/imported/eso_gigagalaxy_galactic_half_dome_4k.jpg-d3c322c83064d2dfb3d88c573d81d35d.ctex remapped: res://.godot/imported/eso_gigagalaxy_galactic_half_dome_4k.jpg-d3c322c83064d2dfb3d88c573d81d35d.ctex
Completed load for: 'res://assets/building/textures/sky/eso_gigagalaxy_galactic_half_dome_4k.jpg' remapped 'res://assets/building/textures/sky/eso_gigagalaxy_galactic_half_dome_4k.jpg' at thread -1
ORISON V2 BLOCKOUT: 61 spaces / 26 doors / 87 anchors
Loading resource: res://assets/building/textures/T_ai_materials_bakelite_black_albedo.png remapped: res://assets/building/textures/T_ai_materials_bakelite_black_albedo.png
Loading resource: res://.godot/imported/T_ai_materials_bakelite_black_albedo.png-7d9915a4f20c2a48a3bbf6eef983ade1.ctex remapped: res://.godot/imported/T_ai_materials_bakelite_black_albedo.png-7d9915a4f20c2a48a3bbf6eef983ade1.ctex
Completed load for: 'res://assets/building/textures/T_ai_materials_bakelite_black_albedo.png' remapped 'res://assets/building/textures/T_ai_materials_bakelite_black_albedo.png' at thread -1
Loading resource: res://assets/building/textures/T_ai_materials_bakelite_black_rough.png remapped: res://assets/building/textures/T_ai_materials_bakelite_black_rough.png
Loading resource: res://.godot/imported/T_ai_materials_bakelite_black_rough.png-25bb9c71631ef93ae27c874974165856.ctex remapped: res://.godot/imported/T_ai_materials_bakelite_black_rough.png-25bb9c71631ef93ae27c874974165856.ctex
Completed load for: 'res://assets/building/textures/T_ai_materials_bakelite_black_rough.png' remapped 'res://assets/building/textures/T_ai_materials_bakelite_black_rough.png' at thread -1
Loading resource: res://assets/building/textures/T_ai_materials_bakelite_black_normal.png remapped: res://assets/building/textures/T_ai_materials_bakelite_black_normal.png
Loading resource: res://.godot/imported/T_ai_materials_bakelite_black_normal.png-f57083d47cf1ccd9352715d03c58d0a9.ctex remapped: res://.godot/imported/T_ai_materials_bakelite_black_normal.png-f57083d47cf1ccd9352715d03c58d0a9.ctex
Completed load for: 'res://assets/building/textures/T_ai_materials_bakelite_black_normal.png' remapped 'res://assets/building/textures/T_ai_materials_bakelite_black_normal.png' at thread -1
Loading resource: res://assets/building/textures/T_ai_materials_brass_mesh_albedo.png remapped: res://assets/building/textures/T_ai_materials_brass_mesh_albedo.png
Loading resource: res://.godot/imported/T_ai_materials_brass_mesh_albedo.png-c6e686cb0c9a5d6fd0e7711f79633540.ctex remapped: res://.godot/imported/T_ai_materials_brass_mesh_albedo.png-c6e686cb0c9a5d6fd0e7711f79633540.ctex
Completed load for: 'res://assets/building/textures/T_ai_materials_brass_mesh_albedo.png' remapped 'res://assets/building/textures/T_ai_materials_brass_mesh_albedo.png' at thread -1
Loading resource: res://assets/building/textures/T_ai_materials_brass_mesh_rough.png remapped: res://assets/building/textures/T_ai_materials_brass_mesh_rough.png
Loading resource: res://.godot/imported/T_ai_materials_brass_mesh_rough.png-da4a57e83ece6ad8139c99e49634de6a.ctex remapped: res://.godot/imported/T_ai_materials_brass_mesh_rough.png-da4a57e83ece6ad8139c99e49634de6a.ctex
Completed load for: 'res://assets/building/textures/T_ai_materials_brass_mesh_rough.png' remapped 'res://assets/building/textures/T_ai_materials_brass_mesh_rough.png' at thread -1
Loading resource: res://assets/building/textures/T_ai_materials_brass_mesh_normal.png remapped: res://assets/building/textures/T_ai_materials_brass_mesh_normal.png
Loading resource: res://.godot/imported/T_ai_materials_brass_mesh_normal.png-14a5899c95c8dd051fba5fe946de3dbf.ctex remapped: res://.godot/imported/T_ai_materials_brass_mesh_normal.png-14a5899c95c8dd051fba5fe946de3dbf.ctex
Completed load for: 'res://assets/building/textures/T_ai_materials_brass_mesh_normal.png' remapped 'res://assets/building/textures/T_ai_materials_brass_mesh_normal.png' at thread -1
Loading resource: res://assets/building/textures/T_library_furniture_linen_albedo.png remapped: res://assets/building/textures/T_library_furniture_linen_albedo.png
Loading resource: res://.godot/imported/T_library_furniture_linen_albedo.png-5db9f5a1934f31d2b298659aee188e18.ctex remapped: res://.godot/imported/T_library_furniture_linen_albedo.png-5db9f5a1934f31d2b298659aee188e18.ctex
Completed load for: 'res://assets/building/textures/T_library_furniture_linen_albedo.png' remapped 'res://assets/building/textures/T_library_furniture_linen_albedo.png' at thread -1
Loading resource: res://assets/building/textures/T_library_furniture_linen_rough.png remapped: res://assets/building/textures/T_library_furniture_linen_rough.png
Loading resource: res://.godot/imported/T_library_furniture_linen_rough.png-78935a8eb3b841d9708cb704d43364ff.ctex remapped: res://.godot/imported/T_library_furniture_linen_rough.png-78935a8eb3b841d9708cb704d43364ff.ctex
Completed load for: 'res://assets/building/textures/T_library_furniture_linen_rough.png' remapped 'res://assets/building/textures/T_library_furniture_linen_rough.png' at thread -1
Loading resource: res://assets/building/textures/T_library_furniture_linen_normal.png remapped: res://assets/building/textures/T_library_furniture_linen_normal.png
Loading resource: res://.godot/imported/T_library_furniture_linen_normal.png-af81f5ff4c6ed27e88a7a06666829584.ctex remapped: res://.godot/imported/T_library_furniture_linen_normal.png-af81f5ff4c6ed27e88a7a06666829584.ctex
Completed load for: 'res://assets/building/textures/T_library_furniture_linen_normal.png' remapped 'res://assets/building/textures/T_library_furniture_linen_normal.png' at thread -1
Loading resource: res://assets/building/textures/T_ai_materials_copper_aged_albedo.png remapped: res://assets/building/textures/T_ai_materials_copper_aged_albedo.png
Loading resource: res://.godot/imported/T_ai_materials_copper_aged_albedo.png-12131203a862c3eef154ff62c653650c.ctex remapped: res://.godot/imported/T_ai_materials_copper_aged_albedo.png-12131203a862c3eef154ff62c653650c.ctex
Completed load for: 'res://assets/building/textures/T_ai_materials_copper_aged_albedo.png' remapped 'res://assets/building/textures/T_ai_materials_copper_aged_albedo.png' at thread -1
Loading resource: res://assets/building/textures/T_ai_materials_copper_aged_rough.png remapped: res://assets/building/textures/T_ai_materials_copper_aged_rough.png
Loading resource: res://.godot/imported/T_ai_materials_copper_aged_rough.png-57c4fbd07216e6a35e054e82bc4ee93d.ctex remapped: res://.godot/imported/T_ai_materials_copper_aged_rough.png-57c4fbd07216e6a35e054e82bc4ee93d.ctex
Completed load for: 'res://assets/building/textures/T_ai_materials_copper_aged_rough.png' remapped 'res://assets/building/textures/T_ai_materials_copper_aged_rough.png' at thread -1
Loading resource: res://assets/building/textures/T_ai_materials_copper_aged_normal.png remapped: res://assets/building/textures/T_ai_materials_copper_aged_normal.png
Loading resource: res://.godot/imported/T_ai_materials_copper_aged_normal.png-84ca44fb676922a225473347f3b0fded.ctex remapped: res://.godot/imported/T_ai_materials_copper_aged_normal.png-84ca44fb676922a225473347f3b0fded.ctex
Completed load for: 'res://assets/building/textures/T_ai_materials_copper_aged_normal.png' remapped 'res://assets/building/textures/T_ai_materials_copper_aged_normal.png' at thread -1
Loading resource: res://assets/building/textures/T_ai_materials_indicator_enamel_albedo.png remapped: res://assets/building/textures/T_ai_materials_indicator_enamel_albedo.png
Loading resource: res://.godot/imported/T_ai_materials_indicator_enamel_albedo.png-40900fe57bfb2590b507fecbe427ec4e.ctex remapped: res://.godot/imported/T_ai_materials_indicator_enamel_albedo.png-40900fe57bfb2590b507fecbe427ec4e.ctex
Completed load for: 'res://assets/building/textures/T_ai_materials_indicator_enamel_albedo.png' remapped 'res://assets/building/textures/T_ai_materials_indicator_enamel_albedo.png' at thread -1
Loading resource: res://assets/building/textures/T_ai_materials_indicator_enamel_rough.png remapped: res://assets/building/textures/T_ai_materials_indicator_enamel_rough.png
Loading resource: res://.godot/imported/T_ai_materials_indicator_enamel_rough.png-7af5ab0518475e7fe6b57661c8df9479.ctex remapped: res://.godot/imported/T_ai_materials_indicator_enamel_rough.png-7af5ab0518475e7fe6b57661c8df9479.ctex
Completed load for: 'res://assets/building/textures/T_ai_materials_indicator_enamel_rough.png' remapped 'res://assets/building/textures/T_ai_materials_indicator_enamel_rough.png' at thread -1
Loading resource: res://assets/building/textures/T_ai_materials_indicator_enamel_normal.png remapped: res://assets/building/textures/T_ai_materials_indicator_enamel_normal.png
Loading resource: res://.godot/imported/T_ai_materials_indicator_enamel_normal.png-6ef0fd147fe1d0bcbf5b046d278689fb.ctex remapped: res://.godot/imported/T_ai_materials_indicator_enamel_normal.png-6ef0fd147fe1d0bcbf5b046d278689fb.ctex
Completed load for: 'res://assets/building/textures/T_ai_materials_indicator_enamel_normal.png' remapped 'res://assets/building/textures/T_ai_materials_indicator_enamel_normal.png' at thread -1
Loading resource: res://assets/building/textures/mailbank/T_mailbank_brass_albedo.png remapped: res://assets/building/textures/mailbank/T_mailbank_brass_albedo.png
Loading resource: res://.godot/imported/T_mailbank_brass_albedo.png-2142dc3953217707fae96d1ab5cdd41d.ctex remapped: res://.godot/imported/T_mailbank_brass_albedo.png-2142dc3953217707fae96d1ab5cdd41d.ctex
Completed load for: 'res://assets/building/textures/mailbank/T_mailbank_brass_albedo.png' remapped 'res://assets/building/textures/mailbank/T_mailbank_brass_albedo.png' at thread -1
Loading resource: res://assets/building/textures/mailbank/T_mailbank_brass_rough.png remapped: res://assets/building/textures/mailbank/T_mailbank_brass_rough.png
Loading resource: res://.godot/imported/T_mailbank_brass_rough.png-d033f41385e15a8726aa7e6e3416e6cd.ctex remapped: res://.godot/imported/T_mailbank_brass_rough.png-d033f41385e15a8726aa7e6e3416e6cd.ctex
Completed load for: 'res://assets/building/textures/mailbank/T_mailbank_brass_rough.png' remapped 'res://assets/building/textures/mailbank/T_mailbank_brass_rough.png' at thread -1
Loading resource: res://assets/building/textures/mailbank/T_mailbank_header.png remapped: res://assets/building/textures/mailbank/T_mailbank_header.png
Loading resource: res://.godot/imported/T_mailbank_header.png-109a1e3b1aa88fa9a6043ad8a67b8bb0.ctex remapped: res://.godot/imported/T_mailbank_header.png-109a1e3b1aa88fa9a6043ad8a67b8bb0.ctex
Completed load for: 'res://assets/building/textures/mailbank/T_mailbank_header.png' remapped 'res://assets/building/textures/mailbank/T_mailbank_header.png' at thread -1
Loading resource: res://assets/building/textures/mailbank/T_mailbank_cards.png remapped: res://assets/building/textures/mailbank/T_mailbank_cards.png
Loading resource: res://.godot/imported/T_mailbank_cards.png-204f4958038d9befcc58fecf0e91adc3.ctex remapped: res://.godot/imported/T_mailbank_cards.png-204f4958038d9befcc58fecf0e91adc3.ctex
Completed load for: 'res://assets/building/textures/mailbank/T_mailbank_cards.png' remapped 'res://assets/building/textures/mailbank/T_mailbank_cards.png' at thread -1
Loading resource: res://assets/audio/freesound/processed/mechanical/metal_tick.ogg remapped: res://assets/audio/freesound/processed/mechanical/metal_tick.ogg
Loading resource: res://.godot/imported/metal_tick.ogg-b1c95a215b3a6ae349163e1f09294533.oggvorbisstr remapped: res://.godot/imported/metal_tick.ogg-b1c95a215b3a6ae349163e1f09294533.oggvorbisstr
Completed load for: 'res://assets/audio/freesound/processed/mechanical/metal_tick.ogg' remapped 'res://assets/audio/freesound/processed/mechanical/metal_tick.ogg' at thread -1
Loading resource: res://assets/audio/freesound/processed/mechanical/pipe_knock.ogg remapped: res://assets/audio/freesound/processed/mechanical/pipe_knock.ogg
Loading resource: res://.godot/imported/pipe_knock.ogg-896a926570ba74a7f6738c1157bd70e5.oggvorbisstr remapped: res://.godot/imported/pipe_knock.ogg-896a926570ba74a7f6738c1157bd70e5.oggvorbisstr
Completed load for: 'res://assets/audio/freesound/processed/mechanical/pipe_knock.ogg' remapped 'res://assets/audio/freesound/processed/mechanical/pipe_knock.ogg' at thread -1
Loading resource: res://assets/audio/freesound/processed/mechanical/appliance_pop.ogg remapped: res://assets/audio/freesound/processed/mechanical/appliance_pop.ogg
Loading resource: res://.godot/imported/appliance_pop.ogg-4f80c379b9967c5c068128cb15ae7a4d.oggvorbisstr remapped: res://.godot/imported/appliance_pop.ogg-4f80c379b9967c5c068128cb15ae7a4d.oggvorbisstr
Completed load for: 'res://assets/audio/freesound/processed/mechanical/appliance_pop.ogg' remapped 'res://assets/audio/freesound/processed/mechanical/appliance_pop.ogg' at thread -1
Loading resource: res://assets/building/textures/T_ai_materials_cast_iron_albedo.png remapped: res://assets/building/textures/T_ai_materials_cast_iron_albedo.png
Loading resource: res://.godot/imported/T_ai_materials_cast_iron_albedo.png-57e1e054c7e682f012f7d336fdfafae3.ctex remapped: res://.godot/imported/T_ai_materials_cast_iron_albedo.png-57e1e054c7e682f012f7d336fdfafae3.ctex
Completed load for: 'res://assets/building/textures/T_ai_materials_cast_iron_albedo.png' remapped 'res://assets/building/textures/T_ai_materials_cast_iron_albedo.png' at thread -1
Loading resource: res://assets/building/textures/T_ai_materials_cast_iron_rough.png remapped: res://assets/building/textures/T_ai_materials_cast_iron_rough.png
Loading resource: res://.godot/imported/T_ai_materials_cast_iron_rough.png-b74900f724ba3730c064ef87fba03915.ctex remapped: res://.godot/imported/T_ai_materials_cast_iron_rough.png-b74900f724ba3730c064ef87fba03915.ctex
Completed load for: 'res://assets/building/textures/T_ai_materials_cast_iron_rough.png' remapped 'res://assets/building/textures/T_ai_materials_cast_iron_rough.png' at thread -1
Loading resource: res://assets/building/textures/T_ai_materials_cast_iron_normal.png remapped: res://assets/building/textures/T_ai_materials_cast_iron_normal.png
Loading resource: res://.godot/imported/T_ai_materials_cast_iron_normal.png-ed572bca8a831db5f0b075724bdbe756.ctex remapped: res://.godot/imported/T_ai_materials_cast_iron_normal.png-ed572bca8a831db5f0b075724bdbe756.ctex
Completed load for: 'res://assets/building/textures/T_ai_materials_cast_iron_normal.png' remapped 'res://assets/building/textures/T_ai_materials_cast_iron_normal.png' at thread -1
Loading resource: res://assets/building/textures/T_library_appliances_galvanized_metal_worn_metal_albedo.png remapped: res://assets/building/textures/T_library_appliances_galvanized_metal_worn_metal_albedo.png
Loading resource: res://.godot/imported/T_library_appliances_galvanized_metal_worn_metal_albedo.png-0e65725f039934d0e52144a560b63b64.ctex remapped: res://.godot/imported/T_library_appliances_galvanized_metal_worn_metal_albedo.png-0e65725f039934d0e52144a560b63b64.ctex
Completed load for: 'res://assets/building/textures/T_library_appliances_galvanized_metal_worn_metal_albedo.png' remapped 'res://assets/building/textures/T_library_appliances_galvanized_metal_worn_metal_albedo.png' at thread -1
Loading resource: res://assets/building/textures/T_library_appliances_galvanized_metal_worn_metal_rough.png remapped: res://assets/building/textures/T_library_appliances_galvanized_metal_worn_metal_rough.png
Loading resource: res://.godot/imported/T_library_appliances_galvanized_metal_worn_metal_rough.png-3ce7d1a7640581cc5ddd8c689701dd1d.ctex remapped: res://.godot/imported/T_library_appliances_galvanized_metal_worn_metal_rough.png-3ce7d1a7640581cc5ddd8c689701dd1d.ctex
Completed load for: 'res://assets/building/textures/T_library_appliances_galvanized_metal_worn_metal_rough.png' remapped 'res://assets/building/textures/T_library_appliances_galvanized_metal_worn_metal_rough.png' at thread -1
Loading resource: res://assets/building/textures/T_library_appliances_galvanized_metal_normal.png remapped: res://assets/building/textures/T_library_appliances_galvanized_metal_normal.png
Loading resource: res://.godot/imported/T_library_appliances_galvanized_metal_normal.png-304b9a3634b3ee78f216e936acaadb71.ctex remapped: res://.godot/imported/T_library_appliances_galvanized_metal_normal.png-304b9a3634b3ee78f216e936acaadb71.ctex
Completed load for: 'res://assets/building/textures/T_library_appliances_galvanized_metal_normal.png' remapped 'res://assets/building/textures/T_library_appliances_galvanized_metal_normal.png' at thread -1
Loading resource: res://assets/building/textures/T_ai_materials_brass_dull_albedo.png remapped: res://assets/building/textures/T_ai_materials_brass_dull_albedo.png
Loading resource: res://.godot/imported/T_ai_materials_brass_dull_albedo.png-e8b0b415c8630a055006aeb0757adc6f.ctex remapped: res://.godot/imported/T_ai_materials_brass_dull_albedo.png-e8b0b415c8630a055006aeb0757adc6f.ctex
Completed load for: 'res://assets/building/textures/T_ai_materials_brass_dull_albedo.png' remapped 'res://assets/building/textures/T_ai_materials_brass_dull_albedo.png' at thread -1
Loading resource: res://assets/building/textures/T_ai_materials_brass_dull_rough.png remapped: res://assets/building/textures/T_ai_materials_brass_dull_rough.png
Loading resource: res://.godot/imported/T_ai_materials_brass_dull_rough.png-1660078479110e73cfb16b45fb078227.ctex remapped: res://.godot/imported/T_ai_materials_brass_dull_rough.png-1660078479110e73cfb16b45fb078227.ctex
Completed load for: 'res://assets/building/textures/T_ai_materials_brass_dull_rough.png' remapped 'res://assets/building/textures/T_ai_materials_brass_dull_rough.png' at thread -1
Loading resource: res://assets/building/textures/T_ai_materials_brass_dull_normal.png remapped: res://assets/building/textures/T_ai_materials_brass_dull_normal.png
Loading resource: res://.godot/imported/T_ai_materials_brass_dull_normal.png-3cb54c21bda657c056106237601c5117.ctex remapped: res://.godot/imported/T_ai_materials_brass_dull_normal.png-3cb54c21bda657c056106237601c5117.ctex
Completed load for: 'res://assets/building/textures/T_ai_materials_brass_dull_normal.png' remapped 'res://assets/building/textures/T_ai_materials_brass_dull_normal.png' at thread -1
Loading resource: res://assets/audio/freesound/processed/events/radiator_whistle.ogg remapped: res://assets/audio/freesound/processed/events/radiator_whistle.ogg
Loading resource: res://.godot/imported/radiator_whistle.ogg-3123443dfdfae1c6faad0154f9675c54.oggvorbisstr remapped: res://.godot/imported/radiator_whistle.ogg-3123443dfdfae1c6faad0154f9675c54.oggvorbisstr
Completed load for: 'res://assets/audio/freesound/processed/events/radiator_whistle.ogg' remapped 'res://assets/audio/freesound/processed/events/radiator_whistle.ogg' at thread -1
Loading resource: res://assets/building/textures/T_ai_materials_soot_worn_soot_albedo.png remapped: res://assets/building/textures/T_ai_materials_soot_worn_soot_albedo.png
Loading resource: res://.godot/imported/T_ai_materials_soot_worn_soot_albedo.png-e4a5924385b9e7a0e69affd4b6ff667c.ctex remapped: res://.godot/imported/T_ai_materials_soot_worn_soot_albedo.png-e4a5924385b9e7a0e69affd4b6ff667c.ctex
Completed load for: 'res://assets/building/textures/T_ai_materials_soot_worn_soot_albedo.png' remapped 'res://assets/building/textures/T_ai_materials_soot_worn_soot_albedo.png' at thread -1
Loading resource: res://assets/building/textures/T_ai_materials_soot_worn_soot_rough.png remapped: res://assets/building/textures/T_ai_materials_soot_worn_soot_rough.png
Loading resource: res://.godot/imported/T_ai_materials_soot_worn_soot_rough.png-d0f0b537724fc4c0b22d04bb08056193.ctex remapped: res://.godot/imported/T_ai_materials_soot_worn_soot_rough.png-d0f0b537724fc4c0b22d04bb08056193.ctex
Completed load for: 'res://assets/building/textures/T_ai_materials_soot_worn_soot_rough.png' remapped 'res://assets/building/textures/T_ai_materials_soot_worn_soot_rough.png' at thread -1
Loading resource: res://assets/building/textures/T_ai_materials_soot_normal.png remapped: res://assets/building/textures/T_ai_materials_soot_normal.png
Loading resource: res://.godot/imported/T_ai_materials_soot_normal.png-7fe43d97ecb5c52915f6ce58f6a9d294.ctex remapped: res://.godot/imported/T_ai_materials_soot_normal.png-7fe43d97ecb5c52915f6ce58f6a9d294.ctex
Completed load for: 'res://assets/building/textures/T_ai_materials_soot_normal.png' remapped 'res://assets/building/textures/T_ai_materials_soot_normal.png' at thread -1
Loading resource: res://assets/building/textures/T_library_furniture_aged_paper_albedo.png remapped: res://assets/building/textures/T_library_furniture_aged_paper_albedo.png
Loading resource: res://.godot/imported/T_library_furniture_aged_paper_albedo.png-47800aaa1e76686a6c8999b19e868e9d.s3tc.ctex remapped: res://.godot/imported/T_library_furniture_aged_paper_albedo.png-47800aaa1e76686a6c8999b19e868e9d.s3tc.ctex
Completed load for: 'res://assets/building/textures/T_library_furniture_aged_paper_albedo.png' remapped 'res://assets/building/textures/T_library_furniture_aged_paper_albedo.png' at thread -1
Loading resource: res://assets/building/textures/T_library_furniture_aged_paper_rough.png remapped: res://assets/building/textures/T_library_furniture_aged_paper_rough.png
Loading resource: res://.godot/imported/T_library_furniture_aged_paper_rough.png-d3ba2c4cb9358bc849e4635d88c48402.s3tc.ctex remapped: res://.godot/imported/T_library_furniture_aged_paper_rough.png-d3ba2c4cb9358bc849e4635d88c48402.s3tc.ctex
Completed load for: 'res://assets/building/textures/T_library_furniture_aged_paper_rough.png' remapped 'res://assets/building/textures/T_library_furniture_aged_paper_rough.png' at thread -1
Loading resource: res://assets/building/textures/T_library_furniture_aged_paper_normal.png remapped: res://assets/building/textures/T_library_furniture_aged_paper_normal.png
Loading resource: res://.godot/imported/T_library_furniture_aged_paper_normal.png-ca70786f182c2b579a11006603977590.s3tc.ctex remapped: res://.godot/imported/T_library_furniture_aged_paper_normal.png-ca70786f182c2b579a11006603977590.s3tc.ctex
Completed load for: 'res://assets/building/textures/T_library_furniture_aged_paper_normal.png' remapped 'res://assets/building/textures/T_library_furniture_aged_paper_normal.png' at thread -1
Loading resource: res://assets/audio/freesound/processed/mechanical/building_thud.ogg remapped: res://assets/audio/freesound/processed/mechanical/building_thud.ogg
Loading resource: res://.godot/imported/building_thud.ogg-b432e72d9b9718bff14d9dc0283ae814.oggvorbisstr remapped: res://.godot/imported/building_thud.ogg-b432e72d9b9718bff14d9dc0283ae814.oggvorbisstr
Completed load for: 'res://assets/audio/freesound/processed/mechanical/building_thud.ogg' remapped 'res://assets/audio/freesound/processed/mechanical/building_thud.ogg' at thread -1
Loading resource: res://assets/audio/freesound/processed/mechanical/mechanical_hum_loop.ogg remapped: res://assets/audio/freesound/processed/mechanical/mechanical_hum_loop.ogg
Loading resource: res://.godot/imported/mechanical_hum_loop.ogg-16d994b76a10c4bbddeae4185625eb8c.oggvorbisstr remapped: res://.godot/imported/mechanical_hum_loop.ogg-16d994b76a10c4bbddeae4185625eb8c.oggvorbisstr
Completed load for: 'res://assets/audio/freesound/processed/mechanical/mechanical_hum_loop.ogg' remapped 'res://assets/audio/freesound/processed/mechanical/mechanical_hum_loop.ogg' at thread -1
Loading resource: res://assets/building/textures/T_library_architectural_painted_trim_albedo.png remapped: res://assets/building/textures/T_library_architectural_painted_trim_albedo.png
Loading resource: res://.godot/imported/T_library_architectural_painted_trim_albedo.png-260947bd5b3183f0a1915453542074b7.ctex remapped: res://.godot/imported/T_library_architectural_painted_trim_albedo.png-260947bd5b3183f0a1915453542074b7.ctex
Completed load for: 'res://assets/building/textures/T_library_architectural_painted_trim_albedo.png' remapped 'res://assets/building/textures/T_library_architectural_painted_trim_albedo.png' at thread -1
Loading resource: res://assets/building/textures/T_library_architectural_painted_trim_rough.png remapped: res://assets/building/textures/T_library_architectural_painted_trim_rough.png
Loading resource: res://.godot/imported/T_library_architectural_painted_trim_rough.png-8a44c0d94b28ed364f174e1d972b73cd.ctex remapped: res://.godot/imported/T_library_architectural_painted_trim_rough.png-8a44c0d94b28ed364f174e1d972b73cd.ctex
Completed load for: 'res://assets/building/textures/T_library_architectural_painted_trim_rough.png' remapped 'res://assets/building/textures/T_library_architectural_painted_trim_rough.png' at thread -1
Loading resource: res://assets/building/textures/T_library_architectural_painted_trim_normal.png remapped: res://assets/building/textures/T_library_architectural_painted_trim_normal.png
Loading resource: res://.godot/imported/T_library_architectural_painted_trim_normal.png-cd6af5e2d5a0b4bf6efd1ca6d9c553ca.ctex remapped: res://.godot/imported/T_library_architectural_painted_trim_normal.png-cd6af5e2d5a0b4bf6efd1ca6d9c553ca.ctex
Completed load for: 'res://assets/building/textures/T_library_architectural_painted_trim_normal.png' remapped 'res://assets/building/textures/T_library_architectural_painted_trim_normal.png' at thread -1
Loading resource: res://assets/building/textures/T_library_appliances_aged_enamel_worn_enamel_albedo.png remapped: res://assets/building/textures/T_library_appliances_aged_enamel_worn_enamel_albedo.png
Loading resource: res://.godot/imported/T_library_appliances_aged_enamel_worn_enamel_albedo.png-b1edfe90caffce39949b567e79629fa3.ctex remapped: res://.godot/imported/T_library_appliances_aged_enamel_worn_enamel_albedo.png-b1edfe90caffce39949b567e79629fa3.ctex
Completed load for: 'res://assets/building/textures/T_library_appliances_aged_enamel_worn_enamel_albedo.png' remapped 'res://assets/building/textures/T_library_appliances_aged_enamel_worn_enamel_albedo.png' at thread -1
Loading resource: res://assets/building/textures/T_library_appliances_aged_enamel_worn_enamel_rough.png remapped: res://assets/building/textures/T_library_appliances_aged_enamel_worn_enamel_rough.png
Loading resource: res://.godot/imported/T_library_appliances_aged_enamel_worn_enamel_rough.png-ca625f4755fcbfc04646fff2a6e51d9b.s3tc.ctex remapped: res://.godot/imported/T_library_appliances_aged_enamel_worn_enamel_rough.png-ca625f4755fcbfc04646fff2a6e51d9b.s3tc.ctex
Completed load for: 'res://assets/building/textures/T_library_appliances_aged_enamel_worn_enamel_rough.png' remapped 'res://assets/building/textures/T_library_appliances_aged_enamel_worn_enamel_rough.png' at thread -1
Loading resource: res://assets/building/textures/T_library_appliances_aged_enamel_normal.png remapped: res://assets/building/textures/T_library_appliances_aged_enamel_normal.png
Loading resource: res://.godot/imported/T_library_appliances_aged_enamel_normal.png-be6702b1c41c829afe392000a738bbd6.s3tc.ctex remapped: res://.godot/imported/T_library_appliances_aged_enamel_normal.png-be6702b1c41c829afe392000a738bbd6.s3tc.ctex
Completed load for: 'res://assets/building/textures/T_library_appliances_aged_enamel_normal.png' remapped 'res://assets/building/textures/T_library_appliances_aged_enamel_normal.png' at thread -1
Loading resource: res://assets/building/textures/T_ai_materials_nickel_plated_albedo.png remapped: res://assets/building/textures/T_ai_materials_nickel_plated_albedo.png
Loading resource: res://.godot/imported/T_ai_materials_nickel_plated_albedo.png-1cdc3be90d017453cd38c4307784907e.ctex remapped: res://.godot/imported/T_ai_materials_nickel_plated_albedo.png-1cdc3be90d017453cd38c4307784907e.ctex
Completed load for: 'res://assets/building/textures/T_ai_materials_nickel_plated_albedo.png' remapped 'res://assets/building/textures/T_ai_materials_nickel_plated_albedo.png' at thread -1
Loading resource: res://assets/building/textures/T_ai_materials_nickel_plated_rough.png remapped: res://assets/building/textures/T_ai_materials_nickel_plated_rough.png
Loading resource: res://.godot/imported/T_ai_materials_nickel_plated_rough.png-7424ed96526f67ec95e9fd94aaeeab83.ctex remapped: res://.godot/imported/T_ai_materials_nickel_plated_rough.png-7424ed96526f67ec95e9fd94aaeeab83.ctex
Completed load for: 'res://assets/building/textures/T_ai_materials_nickel_plated_rough.png' remapped 'res://assets/building/textures/T_ai_materials_nickel_plated_rough.png' at thread -1
Loading resource: res://assets/building/textures/T_ai_materials_nickel_plated_normal.png remapped: res://assets/building/textures/T_ai_materials_nickel_plated_normal.png
Loading resource: res://.godot/imported/T_ai_materials_nickel_plated_normal.png-7d5daef5795cee1f492e39e2111bec14.ctex remapped: res://.godot/imported/T_ai_materials_nickel_plated_normal.png-7d5daef5795cee1f492e39e2111bec14.ctex
Completed load for: 'res://assets/building/textures/T_ai_materials_nickel_plated_normal.png' remapped 'res://assets/building/textures/T_ai_materials_nickel_plated_normal.png' at thread -1
Loading resource: res://assets/audio/freesound/processed/props/sink_water.ogg remapped: res://assets/audio/freesound/processed/props/sink_water.ogg
Loading resource: res://.godot/imported/sink_water.ogg-196f85c275d260f2b0c1c3d69694c291.oggvorbisstr remapped: res://.godot/imported/sink_water.ogg-196f85c275d260f2b0c1c3d69694c291.oggvorbisstr
Completed load for: 'res://assets/audio/freesound/processed/props/sink_water.ogg' remapped 'res://assets/audio/freesound/processed/props/sink_water.ogg' at thread -1
Loading resource: res://assets/building/textures/T_ai_materials_enamel_appliance_albedo.png remapped: res://assets/building/textures/T_ai_materials_enamel_appliance_albedo.png
Loading resource: res://.godot/imported/T_ai_materials_enamel_appliance_albedo.png-cb0383779b27cc57b528556e5751b341.ctex remapped: res://.godot/imported/T_ai_materials_enamel_appliance_albedo.png-cb0383779b27cc57b528556e5751b341.ctex
Completed load for: 'res://assets/building/textures/T_ai_materials_enamel_appliance_albedo.png' remapped 'res://assets/building/textures/T_ai_materials_enamel_appliance_albedo.png' at thread -1
Loading resource: res://assets/building/textures/T_ai_materials_enamel_appliance_rough.png remapped: res://assets/building/textures/T_ai_materials_enamel_appliance_rough.png
Loading resource: res://.godot/imported/T_ai_materials_enamel_appliance_rough.png-6138aadae79c61876c9fcf7827003b53.ctex remapped: res://.godot/imported/T_ai_materials_enamel_appliance_rough.png-6138aadae79c61876c9fcf7827003b53.ctex
Completed load for: 'res://assets/building/textures/T_ai_materials_enamel_appliance_rough.png' remapped 'res://assets/building/textures/T_ai_materials_enamel_appliance_rough.png' at thread -1
Loading resource: res://assets/building/textures/T_ai_materials_enamel_appliance_normal.png remapped: res://assets/building/textures/T_ai_materials_enamel_appliance_normal.png
Loading resource: res://.godot/imported/T_ai_materials_enamel_appliance_normal.png-21a396f64774a536b5228000c355954c.ctex remapped: res://.godot/imported/T_ai_materials_enamel_appliance_normal.png-21a396f64774a536b5228000c355954c.ctex
Completed load for: 'res://assets/building/textures/T_ai_materials_enamel_appliance_normal.png' remapped 'res://assets/building/textures/T_ai_materials_enamel_appliance_normal.png' at thread -1
Loading resource: res://assets/building/textures/T_library_appliances_bakelite_albedo.png remapped: res://assets/building/textures/T_library_appliances_bakelite_albedo.png
Loading resource: res://.godot/imported/T_library_appliances_bakelite_albedo.png-46402ef6fac276ba35663f34d8b8351e.ctex remapped: res://.godot/imported/T_library_appliances_bakelite_albedo.png-46402ef6fac276ba35663f34d8b8351e.ctex
Completed load for: 'res://assets/building/textures/T_library_appliances_bakelite_albedo.png' remapped 'res://assets/building/textures/T_library_appliances_bakelite_albedo.png' at thread -1
Loading resource: res://assets/building/textures/T_library_appliances_bakelite_rough.png remapped: res://assets/building/textures/T_library_appliances_bakelite_rough.png
Loading resource: res://.godot/imported/T_library_appliances_bakelite_rough.png-47bd9bd9c296e0da71dbc399818139e1.ctex remapped: res://.godot/imported/T_library_appliances_bakelite_rough.png-47bd9bd9c296e0da71dbc399818139e1.ctex
Completed load for: 'res://assets/building/textures/T_library_appliances_bakelite_rough.png' remapped 'res://assets/building/textures/T_library_appliances_bakelite_rough.png' at thread -1
Loading resource: res://assets/building/textures/T_library_appliances_bakelite_normal.png remapped: res://assets/building/textures/T_library_appliances_bakelite_normal.png
Loading resource: res://.godot/imported/T_library_appliances_bakelite_normal.png-abeed6abc0fecb440f5473f1237ea12d.ctex remapped: res://.godot/imported/T_library_appliances_bakelite_normal.png-abeed6abc0fecb440f5473f1237ea12d.ctex
Completed load for: 'res://assets/building/textures/T_library_appliances_bakelite_normal.png' remapped 'res://assets/building/textures/T_library_appliances_bakelite_normal.png' at thread -1
Loading resource: res://assets/building/textures/T_ai_materials_fx_grease_albedo.png remapped: res://assets/building/textures/T_ai_materials_fx_grease_albedo.png
Loading resource: res://.godot/imported/T_ai_materials_fx_grease_albedo.png-3941f2a0fd3efe24fd2d22e4b2564897.ctex remapped: res://.godot/imported/T_ai_materials_fx_grease_albedo.png-3941f2a0fd3efe24fd2d22e4b2564897.ctex
Completed load for: 'res://assets/building/textures/T_ai_materials_fx_grease_albedo.png' remapped 'res://assets/building/textures/T_ai_materials_fx_grease_albedo.png' at thread -1
Loading resource: res://assets/building/textures/T_ai_materials_fx_grease_rough.png remapped: res://assets/building/textures/T_ai_materials_fx_grease_rough.png
Loading resource: res://.godot/imported/T_ai_materials_fx_grease_rough.png-96d09363f448949db405cd320f50a96c.ctex remapped: res://.godot/imported/T_ai_materials_fx_grease_rough.png-96d09363f448949db405cd320f50a96c.ctex
Completed load for: 'res://assets/building/textures/T_ai_materials_fx_grease_rough.png' remapped 'res://assets/building/textures/T_ai_materials_fx_grease_rough.png' at thread -1
Loading resource: res://assets/building/textures/T_ai_materials_fx_grease_normal.png remapped: res://assets/building/textures/T_ai_materials_fx_grease_normal.png
Loading resource: res://.godot/imported/T_ai_materials_fx_grease_normal.png-b623a232fa1559831c4ee34f5e7f0550.ctex remapped: res://.godot/imported/T_ai_materials_fx_grease_normal.png-b623a232fa1559831c4ee34f5e7f0550.ctex
Completed load for: 'res://assets/building/textures/T_ai_materials_fx_grease_normal.png' remapped 'res://assets/building/textures/T_ai_materials_fx_grease_normal.png' at thread -1
Loading resource: res://assets/building/textures/larder/larder_labels.png remapped: res://assets/building/textures/larder/larder_labels.png
Loading resource: res://.godot/imported/larder_labels.png-b0072fd7faefb78774b059fa05d0a9e6.ctex remapped: res://.godot/imported/larder_labels.png-b0072fd7faefb78774b059fa05d0a9e6.ctex
Completed load for: 'res://assets/building/textures/larder/larder_labels.png' remapped 'res://assets/building/textures/larder/larder_labels.png' at thread -1
Loading resource: res://assets/building/textures/T_ai_materials_oak_quartered_albedo.png remapped: res://assets/building/textures/T_ai_materials_oak_quartered_albedo.png
Loading resource: res://.godot/imported/T_ai_materials_oak_quartered_albedo.png-297f64cf3d25514e7608b662f7373c0f.ctex remapped: res://.godot/imported/T_ai_materials_oak_quartered_albedo.png-297f64cf3d25514e7608b662f7373c0f.ctex
Completed load for: 'res://assets/building/textures/T_ai_materials_oak_quartered_albedo.png' remapped 'res://assets/building/textures/T_ai_materials_oak_quartered_albedo.png' at thread -1
Loading resource: res://assets/building/textures/T_ai_materials_oak_quartered_rough.png remapped: res://assets/building/textures/T_ai_materials_oak_quartered_rough.png
Loading resource: res://.godot/imported/T_ai_materials_oak_quartered_rough.png-03449fb60a448bed3ca97f0d4cb8fa03.ctex remapped: res://.godot/imported/T_ai_materials_oak_quartered_rough.png-03449fb60a448bed3ca97f0d4cb8fa03.ctex
Completed load for: 'res://assets/building/textures/T_ai_materials_oak_quartered_rough.png' remapped 'res://assets/building/textures/T_ai_materials_oak_quartered_rough.png' at thread -1
Loading resource: res://assets/building/textures/T_ai_materials_oak_quartered_normal.png remapped: res://assets/building/textures/T_ai_materials_oak_quartered_normal.png
Loading resource: res://.godot/imported/T_ai_materials_oak_quartered_normal.png-d8815249fe9a46b0a952acc2fb08483d.ctex remapped: res://.godot/imported/T_ai_materials_oak_quartered_normal.png-d8815249fe9a46b0a952acc2fb08483d.ctex
Completed load for: 'res://assets/building/textures/T_ai_materials_oak_quartered_normal.png' remapped 'res://assets/building/textures/T_ai_materials_oak_quartered_normal.png' at thread -1
Loading resource: res://assets/building/textures/T_ai_materials_zinc_liner_albedo.png remapped: res://assets/building/textures/T_ai_materials_zinc_liner_albedo.png
Loading resource: res://.godot/imported/T_ai_materials_zinc_liner_albedo.png-91baded2005366014c3eff1b5477db5f.ctex remapped: res://.godot/imported/T_ai_materials_zinc_liner_albedo.png-91baded2005366014c3eff1b5477db5f.ctex
Completed load for: 'res://assets/building/textures/T_ai_materials_zinc_liner_albedo.png' remapped 'res://assets/building/textures/T_ai_materials_zinc_liner_albedo.png' at thread -1
Loading resource: res://assets/building/textures/T_ai_materials_zinc_liner_rough.png remapped: res://assets/building/textures/T_ai_materials_zinc_liner_rough.png
Loading resource: res://.godot/imported/T_ai_materials_zinc_liner_rough.png-427bec6086040c4f49beecf3f6aa4371.ctex remapped: res://.godot/imported/T_ai_materials_zinc_liner_rough.png-427bec6086040c4f49beecf3f6aa4371.ctex
Completed load for: 'res://assets/building/textures/T_ai_materials_zinc_liner_rough.png' remapped 'res://assets/building/textures/T_ai_materials_zinc_liner_rough.png' at thread -1
Loading resource: res://assets/building/textures/T_ai_materials_zinc_liner_normal.png remapped: res://assets/building/textures/T_ai_materials_zinc_liner_normal.png
Loading resource: res://.godot/imported/T_ai_materials_zinc_liner_normal.png-6ccf02dc53f7681e5cde963b0c9c51c9.ctex remapped: res://.godot/imported/T_ai_materials_zinc_liner_normal.png-6ccf02dc53f7681e5cde963b0c9c51c9.ctex
Completed load for: 'res://assets/building/textures/T_ai_materials_zinc_liner_normal.png' remapped 'res://assets/building/textures/T_ai_materials_zinc_liner_normal.png' at thread -1
Loading resource: res://assets/audio/freesound/processed/mechanical/timber_creak.ogg remapped: res://assets/audio/freesound/processed/mechanical/timber_creak.ogg
Loading resource: res://.godot/imported/timber_creak.ogg-681095ada9a99fb7d42195d25947d161.oggvorbisstr remapped: res://.godot/imported/timber_creak.ogg-681095ada9a99fb7d42195d25947d161.oggvorbisstr
Completed load for: 'res://assets/audio/freesound/processed/mechanical/timber_creak.ogg' remapped 'res://assets/audio/freesound/processed/mechanical/timber_creak.ogg' at thread -1
Loading resource: res://assets/audio/freesound/processed/events/water_droplets.wav remapped: res://assets/audio/freesound/processed/events/water_droplets.wav
Loading resource: res://.godot/imported/water_droplets.wav-117f7f6db4471d9ccaa90e137ad214e3.sample remapped: res://.godot/imported/water_droplets.wav-117f7f6db4471d9ccaa90e137ad214e3.sample
Completed load for: 'res://assets/audio/freesound/processed/events/water_droplets.wav' remapped 'res://assets/audio/freesound/processed/events/water_droplets.wav' at thread -1
Loading resource: res://assets/building/textures/T_ai_materials_porcelain_fixture_albedo.png remapped: res://assets/building/textures/T_ai_materials_porcelain_fixture_albedo.png
Loading resource: res://.godot/imported/T_ai_materials_porcelain_fixture_albedo.png-d5a45b1899878006c2d05cb5d4dcb298.ctex remapped: res://.godot/imported/T_ai_materials_porcelain_fixture_albedo.png-d5a45b1899878006c2d05cb5d4dcb298.ctex
Completed load for: 'res://assets/building/textures/T_ai_materials_porcelain_fixture_albedo.png' remapped 'res://assets/building/textures/T_ai_materials_porcelain_fixture_albedo.png' at thread -1
Loading resource: res://assets/building/textures/T_ai_materials_porcelain_fixture_rough.png remapped: res://assets/building/textures/T_ai_materials_porcelain_fixture_rough.png
Loading resource: res://.godot/imported/T_ai_materials_porcelain_fixture_rough.png-0aa1c2b76bcd25e524c5910d10542171.ctex remapped: res://.godot/imported/T_ai_materials_porcelain_fixture_rough.png-0aa1c2b76bcd25e524c5910d10542171.ctex
Completed load for: 'res://assets/building/textures/T_ai_materials_porcelain_fixture_rough.png' remapped 'res://assets/building/textures/T_ai_materials_porcelain_fixture_rough.png' at thread -1
Loading resource: res://assets/building/textures/T_ai_materials_porcelain_fixture_normal.png remapped: res://assets/building/textures/T_ai_materials_porcelain_fixture_normal.png
Loading resource: res://.godot/imported/T_ai_materials_porcelain_fixture_normal.png-6977d19a05732e53731a802f3ccb99ec.ctex remapped: res://.godot/imported/T_ai_materials_porcelain_fixture_normal.png-6977d19a05732e53731a802f3ccb99ec.ctex
Completed load for: 'res://assets/building/textures/T_ai_materials_porcelain_fixture_normal.png' remapped 'res://assets/building/textures/T_ai_materials_porcelain_fixture_normal.png' at thread -1
Loading resource: res://assets/audio/freesound/processed/props/shower_water.ogg remapped: res://assets/audio/freesound/processed/props/shower_water.ogg
Loading resource: res://.godot/imported/shower_water.ogg-8fe8f266f62d36d5595380f546a886a2.oggvorbisstr remapped: res://.godot/imported/shower_water.ogg-8fe8f266f62d36d5595380f546a886a2.oggvorbisstr
Completed load for: 'res://assets/audio/freesound/processed/props/shower_water.ogg' remapped 'res://assets/audio/freesound/processed/props/shower_water.ogg' at thread -1
Loading resource: res://assets/building/textures/T_library_furniture_upholstery_rust_albedo.png remapped: res://assets/building/textures/T_library_furniture_upholstery_rust_albedo.png
Loading resource: res://.godot/imported/T_library_furniture_upholstery_rust_albedo.png-249c90a0787fa5a0166c53b3cbf99ff2.ctex remapped: res://.godot/imported/T_library_furniture_upholstery_rust_albedo.png-249c90a0787fa5a0166c53b3cbf99ff2.ctex
Completed load for: 'res://assets/building/textures/T_library_furniture_upholstery_rust_albedo.png' remapped 'res://assets/building/textures/T_library_furniture_upholstery_rust_albedo.png' at thread -1
Loading resource: res://assets/building/textures/T_library_furniture_upholstery_rust_rough.png remapped: res://assets/building/textures/T_library_furniture_upholstery_rust_rough.png
Loading resource: res://.godot/imported/T_library_furniture_upholstery_rust_rough.png-6e32ae9054ddc6424d197e40f5aff193.ctex remapped: res://.godot/imported/T_library_furniture_upholstery_rust_rough.png-6e32ae9054ddc6424d197e40f5aff193.ctex
Completed load for: 'res://assets/building/textures/T_library_furniture_upholstery_rust_rough.png' remapped 'res://assets/building/textures/T_library_furniture_upholstery_rust_rough.png' at thread -1
Loading resource: res://assets/building/textures/T_library_furniture_upholstery_rust_normal.png remapped: res://assets/building/textures/T_library_furniture_upholstery_rust_normal.png
Loading resource: res://.godot/imported/T_library_furniture_upholstery_rust_normal.png-35871501931414bd9d20dfd7a1f101e9.ctex remapped: res://.godot/imported/T_library_furniture_upholstery_rust_normal.png-35871501931414bd9d20dfd7a1f101e9.ctex
Completed load for: 'res://assets/building/textures/T_library_furniture_upholstery_rust_normal.png' remapped 'res://assets/building/textures/T_library_furniture_upholstery_rust_normal.png' at thread -1
Loading resource: res://assets/building/textures/T_library_appliances_brushed_steel_albedo.png remapped: res://assets/building/textures/T_library_appliances_brushed_steel_albedo.png
Loading resource: res://.godot/imported/T_library_appliances_brushed_steel_albedo.png-177206743763bc07bc5cf9f1274d183e.s3tc.ctex remapped: res://.godot/imported/T_library_appliances_brushed_steel_albedo.png-177206743763bc07bc5cf9f1274d183e.s3tc.ctex
Completed load for: 'res://assets/building/textures/T_library_appliances_brushed_steel_albedo.png' remapped 'res://assets/building/textures/T_library_appliances_brushed_steel_albedo.png' at thread -1
Loading resource: res://assets/building/textures/T_library_appliances_brushed_steel_rough.png remapped: res://assets/building/textures/T_library_appliances_brushed_steel_rough.png
Loading resource: res://.godot/imported/T_library_appliances_brushed_steel_rough.png-4c8c52614a5f2d8ec0afe39ba3e069eb.s3tc.ctex remapped: res://.godot/imported/T_library_appliances_brushed_steel_rough.png-4c8c52614a5f2d8ec0afe39ba3e069eb.s3tc.ctex
Completed load for: 'res://assets/building/textures/T_library_appliances_brushed_steel_rough.png' remapped 'res://assets/building/textures/T_library_appliances_brushed_steel_rough.png' at thread -1
Loading resource: res://assets/building/textures/T_library_appliances_brushed_steel_normal.png remapped: res://assets/building/textures/T_library_appliances_brushed_steel_normal.png
Loading resource: res://.godot/imported/T_library_appliances_brushed_steel_normal.png-f8b8d544cee73236dbdfca87af5e5ec5.s3tc.ctex remapped: res://.godot/imported/T_library_appliances_brushed_steel_normal.png-f8b8d544cee73236dbdfca87af5e5ec5.s3tc.ctex
Completed load for: 'res://assets/building/textures/T_library_appliances_brushed_steel_normal.png' remapped 'res://assets/building/textures/T_library_appliances_brushed_steel_normal.png' at thread -1
Loading resource: res://assets/building/textures/T_library_furniture_porcelain_albedo.png remapped: res://assets/building/textures/T_library_furniture_porcelain_albedo.png
Loading resource: res://.godot/imported/T_library_furniture_porcelain_albedo.png-f5b5ec704993bcb4a49f3dfa18796cbe.ctex remapped: res://.godot/imported/T_library_furniture_porcelain_albedo.png-f5b5ec704993bcb4a49f3dfa18796cbe.ctex
Completed load for: 'res://assets/building/textures/T_library_furniture_porcelain_albedo.png' remapped 'res://assets/building/textures/T_library_furniture_porcelain_albedo.png' at thread -1
Loading resource: res://assets/building/textures/T_library_furniture_porcelain_rough.png remapped: res://assets/building/textures/T_library_furniture_porcelain_rough.png
Loading resource: res://.godot/imported/T_library_furniture_porcelain_rough.png-04be3d2a95ec6d78ca44aef0cf8a7ef5.ctex remapped: res://.godot/imported/T_library_furniture_porcelain_rough.png-04be3d2a95ec6d78ca44aef0cf8a7ef5.ctex
Completed load for: 'res://assets/building/textures/T_library_furniture_porcelain_rough.png' remapped 'res://assets/building/textures/T_library_furniture_porcelain_rough.png' at thread -1
Loading resource: res://assets/building/textures/T_library_furniture_porcelain_normal.png remapped: res://assets/building/textures/T_library_furniture_porcelain_normal.png
Loading resource: res://.godot/imported/T_library_furniture_porcelain_normal.png-b6540e6b937aa042b9c3b1ec16baf952.ctex remapped: res://.godot/imported/T_library_furniture_porcelain_normal.png-b6540e6b937aa042b9c3b1ec16baf952.ctex
Completed load for: 'res://assets/building/textures/T_library_furniture_porcelain_normal.png' remapped 'res://assets/building/textures/T_library_furniture_porcelain_normal.png' at thread -1
Loading resource: res://assets/building/textures/T_library_metals_aged_brass_albedo.png remapped: res://assets/building/textures/T_library_metals_aged_brass_albedo.png
Loading resource: res://.godot/imported/T_library_metals_aged_brass_albedo.png-f508ca79a15b9713680db1c9f755302e.ctex remapped: res://.godot/imported/T_library_metals_aged_brass_albedo.png-f508ca79a15b9713680db1c9f755302e.ctex
Completed load for: 'res://assets/building/textures/T_library_metals_aged_brass_albedo.png' remapped 'res://assets/building/textures/T_library_metals_aged_brass_albedo.png' at thread -1
Loading resource: res://assets/building/textures/T_library_metals_aged_brass_rough.png remapped: res://assets/building/textures/T_library_metals_aged_brass_rough.png
Loading resource: res://.godot/imported/T_library_metals_aged_brass_rough.png-2faadea1e9dd2ba1afa2a0f6a009c779.ctex remapped: res://.godot/imported/T_library_metals_aged_brass_rough.png-2faadea1e9dd2ba1afa2a0f6a009c779.ctex
Completed load for: 'res://assets/building/textures/T_library_metals_aged_brass_rough.png' remapped 'res://assets/building/textures/T_library_metals_aged_brass_rough.png' at thread -1
Loading resource: res://assets/building/textures/T_library_metals_aged_brass_normal.png remapped: res://assets/building/textures/T_library_metals_aged_brass_normal.png
Loading resource: res://.godot/imported/T_library_metals_aged_brass_normal.png-be3180ace4d1fc577ad8241ff06d4c2c.ctex remapped: res://.godot/imported/T_library_metals_aged_brass_normal.png-be3180ace4d1fc577ad8241ff06d4c2c.ctex
Completed load for: 'res://assets/building/textures/T_library_metals_aged_brass_normal.png' remapped 'res://assets/building/textures/T_library_metals_aged_brass_normal.png' at thread -1
Loading resource: res://assets/building/textures/T_library_furniture_walnut_albedo.png remapped: res://assets/building/textures/T_library_furniture_walnut_albedo.png
Loading resource: res://.godot/imported/T_library_furniture_walnut_albedo.png-9d83e6768b0b08d28ab2f9a5e8fa017b.ctex remapped: res://.godot/imported/T_library_furniture_walnut_albedo.png-9d83e6768b0b08d28ab2f9a5e8fa017b.ctex
Completed load for: 'res://assets/building/textures/T_library_furniture_walnut_albedo.png' remapped 'res://assets/building/textures/T_library_furniture_walnut_albedo.png' at thread -1
Loading resource: res://assets/building/textures/T_library_furniture_walnut_rough.png remapped: res://assets/building/textures/T_library_furniture_walnut_rough.png
Loading resource: res://.godot/imported/T_library_furniture_walnut_rough.png-9759cde251b5cc10585a4adbb6b9e116.ctex remapped: res://.godot/imported/T_library_furniture_walnut_rough.png-9759cde251b5cc10585a4adbb6b9e116.ctex
Completed load for: 'res://assets/building/textures/T_library_furniture_walnut_rough.png' remapped 'res://assets/building/textures/T_library_furniture_walnut_rough.png' at thread -1
Loading resource: res://assets/building/textures/T_library_furniture_walnut_normal.png remapped: res://assets/building/textures/T_library_furniture_walnut_normal.png
Loading resource: res://.godot/imported/T_library_furniture_walnut_normal.png-8dcc8541e83592102708038ba88600d5.ctex remapped: res://.godot/imported/T_library_furniture_walnut_normal.png-8dcc8541e83592102708038ba88600d5.ctex
Completed load for: 'res://assets/building/textures/T_library_furniture_walnut_normal.png' remapped 'res://assets/building/textures/T_library_furniture_walnut_normal.png' at thread -1
Loading resource: res://assets/ui/phone/mask_clean.png remapped: res://assets/ui/phone/mask_clean.png
Loading resource: res://.godot/imported/mask_clean.png-9754816ed019fdae3e3e5bb028d18c89.ctex remapped: res://.godot/imported/mask_clean.png-9754816ed019fdae3e3e5bb028d18c89.ctex
Completed load for: 'res://assets/ui/phone/mask_clean.png' remapped 'res://assets/ui/phone/mask_clean.png' at thread -1
Loading resource: res://assets/ui/phone/mask_cracked.png remapped: res://assets/ui/phone/mask_cracked.png
Loading resource: res://.godot/imported/mask_cracked.png-183f1d84ab4944c64107e0f51581b7c2.ctex remapped: res://.godot/imported/mask_cracked.png-183f1d84ab4944c64107e0f51581b7c2.ctex
Completed load for: 'res://assets/ui/phone/mask_cracked.png' remapped 'res://assets/ui/phone/mask_cracked.png' at thread -1
Loading resource: res://assets/ui/phone/mask_haze.png remapped: res://assets/ui/phone/mask_haze.png
Loading resource: res://.godot/imported/mask_haze.png-5f23b5b3aad4fa9fe7f497b52174a3ed.ctex remapped: res://.godot/imported/mask_haze.png-5f23b5b3aad4fa9fe7f497b52174a3ed.ctex
Completed load for: 'res://assets/ui/phone/mask_haze.png' remapped 'res://assets/ui/phone/mask_haze.png' at thread -1
Loading resource: res://assets/building/orison_v2/exterior/passage_gateway.gltf remapped: res://assets/building/orison_v2/exterior/passage_gateway.gltf
Loading resource: res://.godot/imported/passage_gateway.gltf-f8ca43c3a54bf23943f0f334c6bb144f.scn remapped: res://.godot/imported/passage_gateway.gltf-f8ca43c3a54bf23943f0f334c6bb144f.scn
Loading resource: res://assets/building/textures/T_ai_materials_common_brick_b_albedo.png remapped: res://assets/building/textures/T_ai_materials_common_brick_b_albedo.png
Loading resource: res://.godot/imported/T_ai_materials_common_brick_b_albedo.png-e59ad40e41945f6629a91bafebdb8249.ctex remapped: res://.godot/imported/T_ai_materials_common_brick_b_albedo.png-e59ad40e41945f6629a91bafebdb8249.ctex
Completed load for: 'res://assets/building/textures/T_ai_materials_common_brick_b_albedo.png' remapped 'res://assets/building/textures/T_ai_materials_common_brick_b_albedo.png' at thread -1
Loading resource: res://assets/building/textures/T_ai_materials_common_brick_b_rough.png remapped: res://assets/building/textures/T_ai_materials_common_brick_b_rough.png
Loading resource: res://.godot/imported/T_ai_materials_common_brick_b_rough.png-6e302458583aa1d4ccce97aa5dc26fcd.ctex remapped: res://.godot/imported/T_ai_materials_common_brick_b_rough.png-6e302458583aa1d4ccce97aa5dc26fcd.ctex
Completed load for: 'res://assets/building/textures/T_ai_materials_common_brick_b_rough.png' remapped 'res://assets/building/textures/T_ai_materials_common_brick_b_rough.png' at thread -1
Loading resource: res://assets/building/textures/T_ai_materials_common_brick_b_normal.png remapped: res://assets/building/textures/T_ai_materials_common_brick_b_normal.png
Loading resource: res://.godot/imported/T_ai_materials_common_brick_b_normal.png-62bb76da8e9eb531104bf21e0f125c03.ctex remapped: res://.godot/imported/T_ai_materials_common_brick_b_normal.png-62bb76da8e9eb531104bf21e0f125c03.ctex
Completed load for: 'res://assets/building/textures/T_ai_materials_common_brick_b_normal.png' remapped 'res://assets/building/textures/T_ai_materials_common_brick_b_normal.png' at thread -1
Loading resource: res://assets/building/textures/T_ai_materials_cast_iron_b_albedo.png remapped: res://assets/building/textures/T_ai_materials_cast_iron_b_albedo.png
Loading resource: res://.godot/imported/T_ai_materials_cast_iron_b_albedo.png-76fdeb7a1436f4c8c98f61389c8a21ba.ctex remapped: res://.godot/imported/T_ai_materials_cast_iron_b_albedo.png-76fdeb7a1436f4c8c98f61389c8a21ba.ctex
Completed load for: 'res://assets/building/textures/T_ai_materials_cast_iron_b_albedo.png' remapped 'res://assets/building/textures/T_ai_materials_cast_iron_b_albedo.png' at thread -1
Loading resource: res://assets/building/textures/T_ai_materials_cast_iron_b_rough.png remapped: res://assets/building/textures/T_ai_materials_cast_iron_b_rough.png
Loading resource: res://.godot/imported/T_ai_materials_cast_iron_b_rough.png-a23e4b80008930a5ac05285d283059fc.ctex remapped: res://.godot/imported/T_ai_materials_cast_iron_b_rough.png-a23e4b80008930a5ac05285d283059fc.ctex
Completed load for: 'res://assets/building/textures/T_ai_materials_cast_iron_b_rough.png' remapped 'res://assets/building/textures/T_ai_materials_cast_iron_b_rough.png' at thread -1
Loading resource: res://assets/building/textures/T_ai_materials_cast_iron_b_normal.png remapped: res://assets/building/textures/T_ai_materials_cast_iron_b_normal.png
Loading resource: res://.godot/imported/T_ai_materials_cast_iron_b_normal.png-62defe9a99fef5d6f3784bbb6d3eba13.ctex remapped: res://.godot/imported/T_ai_materials_cast_iron_b_normal.png-62defe9a99fef5d6f3784bbb6d3eba13.ctex
Completed load for: 'res://assets/building/textures/T_ai_materials_cast_iron_b_normal.png' remapped 'res://assets/building/textures/T_ai_materials_cast_iron_b_normal.png' at thread -1
Loading resource: res://assets/building/textures/T_ai_materials_face_brick_b_albedo.png remapped: res://assets/building/textures/T_ai_materials_face_brick_b_albedo.png
Loading resource: res://.godot/imported/T_ai_materials_face_brick_b_albedo.png-b119d4e5ea3b373eaaf99c0da7a78044.ctex remapped: res://.godot/imported/T_ai_materials_face_brick_b_albedo.png-b119d4e5ea3b373eaaf99c0da7a78044.ctex
Completed load for: 'res://assets/building/textures/T_ai_materials_face_brick_b_albedo.png' remapped 'res://assets/building/textures/T_ai_materials_face_brick_b_albedo.png' at thread -1
Loading resource: res://assets/building/textures/T_ai_materials_face_brick_b_rough.png remapped: res://assets/building/textures/T_ai_materials_face_brick_b_rough.png
Loading resource: res://.godot/imported/T_ai_materials_face_brick_b_rough.png-7fe22c35029b1d7a2d67a08bde48dcab.ctex remapped: res://.godot/imported/T_ai_materials_face_brick_b_rough.png-7fe22c35029b1d7a2d67a08bde48dcab.ctex
Completed load for: 'res://assets/building/textures/T_ai_materials_face_brick_b_rough.png' remapped 'res://assets/building/textures/T_ai_materials_face_brick_b_rough.png' at thread -1
Loading resource: res://assets/building/textures/T_ai_materials_face_brick_b_normal.png remapped: res://assets/building/textures/T_ai_materials_face_brick_b_normal.png
Loading resource: res://.godot/imported/T_ai_materials_face_brick_b_normal.png-073ff5e19fbda8815adfd131a9ec0bd8.ctex remapped: res://.godot/imported/T_ai_materials_face_brick_b_normal.png-073ff5e19fbda8815adfd131a9ec0bd8.ctex
Completed load for: 'res://assets/building/textures/T_ai_materials_face_brick_b_normal.png' remapped 'res://assets/building/textures/T_ai_materials_face_brick_b_normal.png' at thread -1
Loading resource: res://assets/building/textures/T_glass_rough.png remapped: res://assets/building/textures/T_glass_rough.png
Loading resource: res://.godot/imported/T_glass_rough.png-c797fed12cff93ae0344dc05ff3fbd82.ctex remapped: res://.godot/imported/T_glass_rough.png-c797fed12cff93ae0344dc05ff3fbd82.ctex
Completed load for: 'res://assets/building/textures/T_glass_rough.png' remapped 'res://assets/building/textures/T_glass_rough.png' at thread -1
Loading resource: res://assets/building/textures/T_glass_normal.png remapped: res://assets/building/textures/T_glass_normal.png
Loading resource: res://.godot/imported/T_glass_normal.png-7a623a73b4acd556c327793156c0493c.ctex remapped: res://.godot/imported/T_glass_normal.png-7a623a73b4acd556c327793156c0493c.ctex
Completed load for: 'res://assets/building/textures/T_glass_normal.png' remapped 'res://assets/building/textures/T_glass_normal.png' at thread -1
Loading resource: res://assets/building/textures/T_ai_materials_limestone_b_albedo.png remapped: res://assets/building/textures/T_ai_materials_limestone_b_albedo.png
Loading resource: res://.godot/imported/T_ai_materials_limestone_b_albedo.png-40c871f48b82ac29f887fa07e5d8adb0.ctex remapped: res://.godot/imported/T_ai_materials_limestone_b_albedo.png-40c871f48b82ac29f887fa07e5d8adb0.ctex
Completed load for: 'res://assets/building/textures/T_ai_materials_limestone_b_albedo.png' remapped 'res://assets/building/textures/T_ai_materials_limestone_b_albedo.png' at thread -1
Loading resource: res://assets/building/textures/T_ai_materials_limestone_b_rough.png remapped: res://assets/building/textures/T_ai_materials_limestone_b_rough.png
Loading resource: res://.godot/imported/T_ai_materials_limestone_b_rough.png-c07bdeeed478c3c1cc7382375c35634f.ctex remapped: res://.godot/imported/T_ai_materials_limestone_b_rough.png-c07bdeeed478c3c1cc7382375c35634f.ctex
Completed load for: 'res://assets/building/textures/T_ai_materials_limestone_b_rough.png' remapped 'res://assets/building/textures/T_ai_materials_limestone_b_rough.png' at thread -1
Loading resource: res://assets/building/textures/T_ai_materials_limestone_b_normal.png remapped: res://assets/building/textures/T_ai_materials_limestone_b_normal.png
Loading resource: res://.godot/imported/T_ai_materials_limestone_b_normal.png-f6f9850d5a4a004e954576005d51295d.ctex remapped: res://.godot/imported/T_ai_materials_limestone_b_normal.png-f6f9850d5a4a004e954576005d51295d.ctex
Completed load for: 'res://assets/building/textures/T_ai_materials_limestone_b_normal.png' remapped 'res://assets/building/textures/T_ai_materials_limestone_b_normal.png' at thread -1
Loading resource: res://assets/building/textures/T_ai_materials_soot_b_albedo.png remapped: res://assets/building/textures/T_ai_materials_soot_b_albedo.png
Loading resource: res://.godot/imported/T_ai_materials_soot_b_albedo.png-0897afdc04ac2a1f237960d965a183ba.ctex remapped: res://.godot/imported/T_ai_materials_soot_b_albedo.png-0897afdc04ac2a1f237960d965a183ba.ctex
Completed load for: 'res://assets/building/textures/T_ai_materials_soot_b_albedo.png' remapped 'res://assets/building/textures/T_ai_materials_soot_b_albedo.png' at thread -1
Loading resource: res://assets/building/textures/T_ai_materials_soot_b_rough.png remapped: res://assets/building/textures/T_ai_materials_soot_b_rough.png
Loading resource: res://.godot/imported/T_ai_materials_soot_b_rough.png-3de196a13c585b3a96e4601e46de3bf7.ctex remapped: res://.godot/imported/T_ai_materials_soot_b_rough.png-3de196a13c585b3a96e4601e46de3bf7.ctex
Completed load for: 'res://assets/building/textures/T_ai_materials_soot_b_rough.png' remapped 'res://assets/building/textures/T_ai_materials_soot_b_rough.png' at thread -1
Loading resource: res://assets/building/textures/T_ai_materials_soot_b_normal.png remapped: res://assets/building/textures/T_ai_materials_soot_b_normal.png
Loading resource: res://.godot/imported/T_ai_materials_soot_b_normal.png-6a5a435051cc86c38e6e90e8059d6cf1.ctex remapped: res://.godot/imported/T_ai_materials_soot_b_normal.png-6a5a435051cc86c38e6e90e8059d6cf1.ctex
Completed load for: 'res://assets/building/textures/T_ai_materials_soot_b_normal.png' remapped 'res://assets/building/textures/T_ai_materials_soot_b_normal.png' at thread -1
Loading resource: res://assets/building/textures/T_ai_materials_subway_tile_b_albedo.png remapped: res://assets/building/textures/T_ai_materials_subway_tile_b_albedo.png
Loading resource: res://.godot/imported/T_ai_materials_subway_tile_b_albedo.png-21fb5c0ab3017422fda6ebbbfb1f15f1.ctex remapped: res://.godot/imported/T_ai_materials_subway_tile_b_albedo.png-21fb5c0ab3017422fda6ebbbfb1f15f1.ctex
Completed load for: 'res://assets/building/textures/T_ai_materials_subway_tile_b_albedo.png' remapped 'res://assets/building/textures/T_ai_materials_subway_tile_b_albedo.png' at thread -1
Loading resource: res://assets/building/textures/T_ai_materials_subway_tile_b_rough.png remapped: res://assets/building/textures/T_ai_materials_subway_tile_b_rough.png
Loading resource: res://.godot/imported/T_ai_materials_subway_tile_b_rough.png-d1820ad95f93d1452d539b4b873b8e8e.ctex remapped: res://.godot/imported/T_ai_materials_subway_tile_b_rough.png-d1820ad95f93d1452d539b4b873b8e8e.ctex
Completed load for: 'res://assets/building/textures/T_ai_materials_subway_tile_b_rough.png' remapped 'res://assets/building/textures/T_ai_materials_subway_tile_b_rough.png' at thread -1
Loading resource: res://assets/building/textures/T_ai_materials_subway_tile_b_normal.png remapped: res://assets/building/textures/T_ai_materials_subway_tile_b_normal.png
Loading resource: res://.godot/imported/T_ai_materials_subway_tile_b_normal.png-4ce78bd414db8b5cef89d9f47c7af138.ctex remapped: res://.godot/imported/T_ai_materials_subway_tile_b_normal.png-4ce78bd414db8b5cef89d9f47c7af138.ctex
Completed load for: 'res://assets/building/textures/T_ai_materials_subway_tile_b_normal.png' remapped 'res://assets/building/textures/T_ai_materials_subway_tile_b_normal.png' at thread -1
Loading resource: res://assets/building/textures/T_ai_materials_metal_b_albedo.png remapped: res://assets/building/textures/T_ai_materials_metal_b_albedo.png
Loading resource: res://.godot/imported/T_ai_materials_metal_b_albedo.png-e65c80646da0ae9dd075260cc3646fc0.ctex remapped: res://.godot/imported/T_ai_materials_metal_b_albedo.png-e65c80646da0ae9dd075260cc3646fc0.ctex
Completed load for: 'res://assets/building/textures/T_ai_materials_metal_b_albedo.png' remapped 'res://assets/building/textures/T_ai_materials_metal_b_albedo.png' at thread -1
Loading resource: res://assets/building/textures/T_ai_materials_metal_b_rough.png remapped: res://assets/building/textures/T_ai_materials_metal_b_rough.png
Loading resource: res://.godot/imported/T_ai_materials_metal_b_rough.png-611ff6356dfc35ba085075ed024216e5.ctex remapped: res://.godot/imported/T_ai_materials_metal_b_rough.png-611ff6356dfc35ba085075ed024216e5.ctex
Completed load for: 'res://assets/building/textures/T_ai_materials_metal_b_rough.png' remapped 'res://assets/building/textures/T_ai_materials_metal_b_rough.png' at thread -1
Loading resource: res://assets/building/textures/T_ai_materials_metal_b_normal.png remapped: res://assets/building/textures/T_ai_materials_metal_b_normal.png
Loading resource: res://.godot/imported/T_ai_materials_metal_b_normal.png-9c2297cef66d6eb85d20b9ecf3b8c543.ctex remapped: res://.godot/imported/T_ai_materials_metal_b_normal.png-9c2297cef66d6eb85d20b9ecf3b8c543.ctex
Completed load for: 'res://assets/building/textures/T_ai_materials_metal_b_normal.png' remapped 'res://assets/building/textures/T_ai_materials_metal_b_normal.png' at thread -1
Completed load for: 'res://assets/building/orison_v2/exterior/passage_gateway.gltf' remapped 'res://assets/building/orison_v2/exterior/passage_gateway.gltf' at thread -1
Loading resource: res://assets/building/floor_01_cells/passage.gltf remapped: res://assets/building/floor_01_cells/passage.gltf
Loading resource: res://.godot/imported/passage.gltf-b31f3078d96e73dec24aab326f844259.scn remapped: res://.godot/imported/passage.gltf-b31f3078d96e73dec24aab326f844259.scn
Loading resource: res://assets/building/textures/T_ai_materials_brass_albedo.png remapped: res://assets/building/textures/T_ai_materials_brass_albedo.png
Loading resource: res://.godot/imported/T_ai_materials_brass_albedo.png-d52ac6c561f06ba9aeaba322948a4481.ctex remapped: res://.godot/imported/T_ai_materials_brass_albedo.png-d52ac6c561f06ba9aeaba322948a4481.ctex
Completed load for: 'res://assets/building/textures/T_ai_materials_brass_albedo.png' remapped 'res://assets/building/textures/T_ai_materials_brass_albedo.png' at thread -1
Loading resource: res://assets/building/textures/T_ai_materials_brass_rough.png remapped: res://assets/building/textures/T_ai_materials_brass_rough.png
Loading resource: res://.godot/imported/T_ai_materials_brass_rough.png-c32b1e7aaca26621f4caaae3633414cd.ctex remapped: res://.godot/imported/T_ai_materials_brass_rough.png-c32b1e7aaca26621f4caaae3633414cd.ctex
Completed load for: 'res://assets/building/textures/T_ai_materials_brass_rough.png' remapped 'res://assets/building/textures/T_ai_materials_brass_rough.png' at thread -1
Loading resource: res://assets/building/textures/T_ai_materials_brass_normal.png remapped: res://assets/building/textures/T_ai_materials_brass_normal.png
Loading resource: res://.godot/imported/T_ai_materials_brass_normal.png-a2e10dbfa07b6c98b912af52001ef6f7.ctex remapped: res://.godot/imported/T_ai_materials_brass_normal.png-a2e10dbfa07b6c98b912af52001ef6f7.ctex
Completed load for: 'res://assets/building/textures/T_ai_materials_brass_normal.png' remapped 'res://assets/building/textures/T_ai_materials_brass_normal.png' at thread -1
Loading resource: res://assets/building/textures/T_ai_materials_concrete_b_albedo.png remapped: res://assets/building/textures/T_ai_materials_concrete_b_albedo.png
Loading resource: res://.godot/imported/T_ai_materials_concrete_b_albedo.png-929f0b1f6424f6370bc8e574b7074b35.ctex remapped: res://.godot/imported/T_ai_materials_concrete_b_albedo.png-929f0b1f6424f6370bc8e574b7074b35.ctex
Completed load for: 'res://assets/building/textures/T_ai_materials_concrete_b_albedo.png' remapped 'res://assets/building/textures/T_ai_materials_concrete_b_albedo.png' at thread -1
Loading resource: res://assets/building/textures/T_ai_materials_concrete_b_rough.png remapped: res://assets/building/textures/T_ai_materials_concrete_b_rough.png
Loading resource: res://.godot/imported/T_ai_materials_concrete_b_rough.png-24c085fcfa4903a3d600f9247a5b5c47.ctex remapped: res://.godot/imported/T_ai_materials_concrete_b_rough.png-24c085fcfa4903a3d600f9247a5b5c47.ctex
Completed load for: 'res://assets/building/textures/T_ai_materials_concrete_b_rough.png' remapped 'res://assets/building/textures/T_ai_materials_concrete_b_rough.png' at thread -1
Loading resource: res://assets/building/textures/T_ai_materials_concrete_b_normal.png remapped: res://assets/building/textures/T_ai_materials_concrete_b_normal.png
Loading resource: res://.godot/imported/T_ai_materials_concrete_b_normal.png-c327e91076e5561832c5e42c33cf69c5.ctex remapped: res://.godot/imported/T_ai_materials_concrete_b_normal.png-c327e91076e5561832c5e42c33cf69c5.ctex
Completed load for: 'res://assets/building/textures/T_ai_materials_concrete_b_normal.png' remapped 'res://assets/building/textures/T_ai_materials_concrete_b_normal.png' at thread -1
Loading resource: res://assets/building/textures/T_ai_materials_milk_glass_albedo.png remapped: res://assets/building/textures/T_ai_materials_milk_glass_albedo.png
Loading resource: res://.godot/imported/T_ai_materials_milk_glass_albedo.png-c4e531ea030fd79cca5cac8f447f86db.ctex remapped: res://.godot/imported/T_ai_materials_milk_glass_albedo.png-c4e531ea030fd79cca5cac8f447f86db.ctex
Completed load for: 'res://assets/building/textures/T_ai_materials_milk_glass_albedo.png' remapped 'res://assets/building/textures/T_ai_materials_milk_glass_albedo.png' at thread -1
Loading resource: res://assets/building/textures/T_ai_materials_milk_glass_rough.png remapped: res://assets/building/textures/T_ai_materials_milk_glass_rough.png
Loading resource: res://.godot/imported/T_ai_materials_milk_glass_rough.png-5371865fb2b201d2c1772d1a1599e624.ctex remapped: res://.godot/imported/T_ai_materials_milk_glass_rough.png-5371865fb2b201d2c1772d1a1599e624.ctex
Completed load for: 'res://assets/building/textures/T_ai_materials_milk_glass_rough.png' remapped 'res://assets/building/textures/T_ai_materials_milk_glass_rough.png' at thread -1
Loading resource: res://assets/building/textures/T_ai_materials_milk_glass_normal.png remapped: res://assets/building/textures/T_ai_materials_milk_glass_normal.png
Loading resource: res://.godot/imported/T_ai_materials_milk_glass_normal.png-0579286e7a4f9bafea96f774859da512.ctex remapped: res://.godot/imported/T_ai_materials_milk_glass_normal.png-0579286e7a4f9bafea96f774859da512.ctex
Completed load for: 'res://assets/building/textures/T_ai_materials_milk_glass_normal.png' remapped 'res://assets/building/textures/T_ai_materials_milk_glass_normal.png' at thread -1
Loading resource: res://assets/building/textures/T_ai_materials_paper_b_albedo.png remapped: res://assets/building/textures/T_ai_materials_paper_b_albedo.png
Loading resource: res://.godot/imported/T_ai_materials_paper_b_albedo.png-421a1c009ba26942a4eaa732ba4c671f.ctex remapped: res://.godot/imported/T_ai_materials_paper_b_albedo.png-421a1c009ba26942a4eaa732ba4c671f.ctex
Completed load for: 'res://assets/building/textures/T_ai_materials_paper_b_albedo.png' remapped 'res://assets/building/textures/T_ai_materials_paper_b_albedo.png' at thread -1
Loading resource: res://assets/building/textures/T_ai_materials_paper_b_rough.png remapped: res://assets/building/textures/T_ai_materials_paper_b_rough.png
Loading resource: res://.godot/imported/T_ai_materials_paper_b_rough.png-e1a95b941817017d152d2a94b19224cd.ctex remapped: res://.godot/imported/T_ai_materials_paper_b_rough.png-e1a95b941817017d152d2a94b19224cd.ctex
Completed load for: 'res://assets/building/textures/T_ai_materials_paper_b_rough.png' remapped 'res://assets/building/textures/T_ai_materials_paper_b_rough.png' at thread -1
Loading resource: res://assets/building/textures/T_ai_materials_paper_b_normal.png remapped: res://assets/building/textures/T_ai_materials_paper_b_normal.png
Loading resource: res://.godot/imported/T_ai_materials_paper_b_normal.png-38e6ec5a164684033ef11aa92bfb8ca9.ctex remapped: res://.godot/imported/T_ai_materials_paper_b_normal.png-38e6ec5a164684033ef11aa92bfb8ca9.ctex
Completed load for: 'res://assets/building/textures/T_ai_materials_paper_b_normal.png' remapped 'res://assets/building/textures/T_ai_materials_paper_b_normal.png' at thread -1
Loading resource: res://assets/building/textures/T_ai_materials_plaster_b_albedo.png remapped: res://assets/building/textures/T_ai_materials_plaster_b_albedo.png
Loading resource: res://.godot/imported/T_ai_materials_plaster_b_albedo.png-5cd796aae5392199960f60e584a1e216.ctex remapped: res://.godot/imported/T_ai_materials_plaster_b_albedo.png-5cd796aae5392199960f60e584a1e216.ctex
Completed load for: 'res://assets/building/textures/T_ai_materials_plaster_b_albedo.png' remapped 'res://assets/building/textures/T_ai_materials_plaster_b_albedo.png' at thread -1
Loading resource: res://assets/building/textures/T_ai_materials_plaster_b_rough.png remapped: res://assets/building/textures/T_ai_materials_plaster_b_rough.png
Loading resource: res://.godot/imported/T_ai_materials_plaster_b_rough.png-fb059299c916b283d228708dcc7ac2e0.ctex remapped: res://.godot/imported/T_ai_materials_plaster_b_rough.png-fb059299c916b283d228708dcc7ac2e0.ctex
Completed load for: 'res://assets/building/textures/T_ai_materials_plaster_b_rough.png' remapped 'res://assets/building/textures/T_ai_materials_plaster_b_rough.png' at thread -1
Loading resource: res://assets/building/textures/T_ai_materials_plaster_b_normal.png remapped: res://assets/building/textures/T_ai_materials_plaster_b_normal.png
Loading resource: res://.godot/imported/T_ai_materials_plaster_b_normal.png-b3f2e4bbda3f2644aaa1105afc5e824f.ctex remapped: res://.godot/imported/T_ai_materials_plaster_b_normal.png-b3f2e4bbda3f2644aaa1105afc5e824f.ctex
Completed load for: 'res://assets/building/textures/T_ai_materials_plaster_b_normal.png' remapped 'res://assets/building/textures/T_ai_materials_plaster_b_normal.png' at thread -1
Loading resource: res://assets/building/textures/T_ai_materials_plaster_stained_b_albedo.png remapped: res://assets/building/textures/T_ai_materials_plaster_stained_b_albedo.png
Loading resource: res://.godot/imported/T_ai_materials_plaster_stained_b_albedo.png-1a86e7cd2b4fc2e1b986676bbc9004ad.ctex remapped: res://.godot/imported/T_ai_materials_plaster_stained_b_albedo.png-1a86e7cd2b4fc2e1b986676bbc9004ad.ctex
Completed load for: 'res://assets/building/textures/T_ai_materials_plaster_stained_b_albedo.png' remapped 'res://assets/building/textures/T_ai_materials_plaster_stained_b_albedo.png' at thread -1
Loading resource: res://assets/building/textures/T_ai_materials_plaster_stained_b_rough.png remapped: res://assets/building/textures/T_ai_materials_plaster_stained_b_rough.png
Loading resource: res://.godot/imported/T_ai_materials_plaster_stained_b_rough.png-cac36d2e6506f7b1e4f3c1ddc5a86ab9.ctex remapped: res://.godot/imported/T_ai_materials_plaster_stained_b_rough.png-cac36d2e6506f7b1e4f3c1ddc5a86ab9.ctex
Completed load for: 'res://assets/building/textures/T_ai_materials_plaster_stained_b_rough.png' remapped 'res://assets/building/textures/T_ai_materials_plaster_stained_b_rough.png' at thread -1
Loading resource: res://assets/building/textures/T_ai_materials_plaster_stained_b_normal.png remapped: res://assets/building/textures/T_ai_materials_plaster_stained_b_normal.png
Loading resource: res://.godot/imported/T_ai_materials_plaster_stained_b_normal.png-4bd723c3b934408c53a6d46962e8755c.ctex remapped: res://.godot/imported/T_ai_materials_plaster_stained_b_normal.png-4bd723c3b934408c53a6d46962e8755c.ctex
Completed load for: 'res://assets/building/textures/T_ai_materials_plaster_stained_b_normal.png' remapped 'res://assets/building/textures/T_ai_materials_plaster_stained_b_normal.png' at thread -1
Loading resource: res://assets/building/textures/T_ai_materials_terrazzo_b_albedo.png remapped: res://assets/building/textures/T_ai_materials_terrazzo_b_albedo.png
Loading resource: res://.godot/imported/T_ai_materials_terrazzo_b_albedo.png-5b6477078890d941ae3d9b3abee5524f.ctex remapped: res://.godot/imported/T_ai_materials_terrazzo_b_albedo.png-5b6477078890d941ae3d9b3abee5524f.ctex
Completed load for: 'res://assets/building/textures/T_ai_materials_terrazzo_b_albedo.png' remapped 'res://assets/building/textures/T_ai_materials_terrazzo_b_albedo.png' at thread -1
Loading resource: res://assets/building/textures/T_ai_materials_terrazzo_b_rough.png remapped: res://assets/building/textures/T_ai_materials_terrazzo_b_rough.png
Loading resource: res://.godot/imported/T_ai_materials_terrazzo_b_rough.png-4e3e5f1adcc9a383edd66275ebafc324.ctex remapped: res://.godot/imported/T_ai_materials_terrazzo_b_rough.png-4e3e5f1adcc9a383edd66275ebafc324.ctex
Completed load for: 'res://assets/building/textures/T_ai_materials_terrazzo_b_rough.png' remapped 'res://assets/building/textures/T_ai_materials_terrazzo_b_rough.png' at thread -1
Loading resource: res://assets/building/textures/T_ai_materials_terrazzo_b_normal.png remapped: res://assets/building/textures/T_ai_materials_terrazzo_b_normal.png
Loading resource: res://.godot/imported/T_ai_materials_terrazzo_b_normal.png-9c95d11c3ce05fc3bb7feadbf329579d.ctex remapped: res://.godot/imported/T_ai_materials_terrazzo_b_normal.png-9c95d11c3ce05fc3bb7feadbf329579d.ctex
Completed load for: 'res://assets/building/textures/T_ai_materials_terrazzo_b_normal.png' remapped 'res://assets/building/textures/T_ai_materials_terrazzo_b_normal.png' at thread -1
Loading resource: res://assets/building/textures/T_ai_materials_terrazzo_dark_albedo.png remapped: res://assets/building/textures/T_ai_materials_terrazzo_dark_albedo.png
Loading resource: res://.godot/imported/T_ai_materials_terrazzo_dark_albedo.png-e17b982df058454d5eff8639b9b2f7ba.ctex remapped: res://.godot/imported/T_ai_materials_terrazzo_dark_albedo.png-e17b982df058454d5eff8639b9b2f7ba.ctex
Completed load for: 'res://assets/building/textures/T_ai_materials_terrazzo_dark_albedo.png' remapped 'res://assets/building/textures/T_ai_materials_terrazzo_dark_albedo.png' at thread -1
Loading resource: res://assets/building/textures/T_ai_materials_terrazzo_dark_rough.png remapped: res://assets/building/textures/T_ai_materials_terrazzo_dark_rough.png
Loading resource: res://.godot/imported/T_ai_materials_terrazzo_dark_rough.png-4c5fbe6359253541c32c187d0f2a4b23.ctex remapped: res://.godot/imported/T_ai_materials_terrazzo_dark_rough.png-4c5fbe6359253541c32c187d0f2a4b23.ctex
Completed load for: 'res://assets/building/textures/T_ai_materials_terrazzo_dark_rough.png' remapped 'res://assets/building/textures/T_ai_materials_terrazzo_dark_rough.png' at thread -1
Loading resource: res://assets/building/textures/T_ai_materials_terrazzo_dark_normal.png remapped: res://assets/building/textures/T_ai_materials_terrazzo_dark_normal.png
Loading resource: res://.godot/imported/T_ai_materials_terrazzo_dark_normal.png-e3c73b716d43b1bd5c5fe7d2c046ffaa.ctex remapped: res://.godot/imported/T_ai_materials_terrazzo_dark_normal.png-e3c73b716d43b1bd5c5fe7d2c046ffaa.ctex
Completed load for: 'res://assets/building/textures/T_ai_materials_terrazzo_dark_normal.png' remapped 'res://assets/building/textures/T_ai_materials_terrazzo_dark_normal.png' at thread -1
Loading resource: res://assets/building/textures/T_ai_materials_trim_b_albedo.png remapped: res://assets/building/textures/T_ai_materials_trim_b_albedo.png
Loading resource: res://.godot/imported/T_ai_materials_trim_b_albedo.png-441acffa3e278d4e64392230ed9e53e1.ctex remapped: res://.godot/imported/T_ai_materials_trim_b_albedo.png-441acffa3e278d4e64392230ed9e53e1.ctex
Completed load for: 'res://assets/building/textures/T_ai_materials_trim_b_albedo.png' remapped 'res://assets/building/textures/T_ai_materials_trim_b_albedo.png' at thread -1
Loading resource: res://assets/building/textures/T_ai_materials_trim_b_rough.png remapped: res://assets/building/textures/T_ai_materials_trim_b_rough.png
Loading resource: res://.godot/imported/T_ai_materials_trim_b_rough.png-6887850f6bea04c593a6075192033530.ctex remapped: res://.godot/imported/T_ai_materials_trim_b_rough.png-6887850f6bea04c593a6075192033530.ctex
Completed load for: 'res://assets/building/textures/T_ai_materials_trim_b_rough.png' remapped 'res://assets/building/textures/T_ai_materials_trim_b_rough.png' at thread -1
Loading resource: res://assets/building/textures/T_ai_materials_trim_b_normal.png remapped: res://assets/building/textures/T_ai_materials_trim_b_normal.png
Loading resource: res://.godot/imported/T_ai_materials_trim_b_normal.png-33e5124c0f24d930a9eb50d7b016cdfa.ctex remapped: res://.godot/imported/T_ai_materials_trim_b_normal.png-33e5124c0f24d930a9eb50d7b016cdfa.ctex
Completed load for: 'res://assets/building/textures/T_ai_materials_trim_b_normal.png' remapped 'res://assets/building/textures/T_ai_materials_trim_b_normal.png' at thread -1
Loading resource: res://assets/building/textures/T_ai_materials_wood_dark_b_albedo.png remapped: res://assets/building/textures/T_ai_materials_wood_dark_b_albedo.png
Loading resource: res://.godot/imported/T_ai_materials_wood_dark_b_albedo.png-02739701ec626c283c259a19e579ab2e.ctex remapped: res://.godot/imported/T_ai_materials_wood_dark_b_albedo.png-02739701ec626c283c259a19e579ab2e.ctex
Completed load for: 'res://assets/building/textures/T_ai_materials_wood_dark_b_albedo.png' remapped 'res://assets/building/textures/T_ai_materials_wood_dark_b_albedo.png' at thread -1
Loading resource: res://assets/building/textures/T_ai_materials_wood_dark_b_rough.png remapped: res://assets/building/textures/T_ai_materials_wood_dark_b_rough.png
Loading resource: res://.godot/imported/T_ai_materials_wood_dark_b_rough.png-f6ee1d159ba23f36685f2519abd45255.ctex remapped: res://.godot/imported/T_ai_materials_wood_dark_b_rough.png-f6ee1d159ba23f36685f2519abd45255.ctex
Completed load for: 'res://assets/building/textures/T_ai_materials_wood_dark_b_rough.png' remapped 'res://assets/building/textures/T_ai_materials_wood_dark_b_rough.png' at thread -1
Loading resource: res://assets/building/textures/T_ai_materials_wood_dark_b_normal.png remapped: res://assets/building/textures/T_ai_materials_wood_dark_b_normal.png
Loading resource: res://.godot/imported/T_ai_materials_wood_dark_b_normal.png-8e7e968868e60454cce60c5f7665b77b.ctex remapped: res://.godot/imported/T_ai_materials_wood_dark_b_normal.png-8e7e968868e60454cce60c5f7665b77b.ctex
Completed load for: 'res://assets/building/textures/T_ai_materials_wood_dark_b_normal.png' remapped 'res://assets/building/textures/T_ai_materials_wood_dark_b_normal.png' at thread -1
Loading resource: res://assets/building/textures/T_ai_materials_chrome_b_albedo.png remapped: res://assets/building/textures/T_ai_materials_chrome_b_albedo.png
Loading resource: res://.godot/imported/T_ai_materials_chrome_b_albedo.png-9298f376c0fab7b62656218c3c9cf10e.ctex remapped: res://.godot/imported/T_ai_materials_chrome_b_albedo.png-9298f376c0fab7b62656218c3c9cf10e.ctex
Completed load for: 'res://assets/building/textures/T_ai_materials_chrome_b_albedo.png' remapped 'res://assets/building/textures/T_ai_materials_chrome_b_albedo.png' at thread -1
Loading resource: res://assets/building/textures/T_ai_materials_chrome_b_rough.png remapped: res://assets/building/textures/T_ai_materials_chrome_b_rough.png
Loading resource: res://.godot/imported/T_ai_materials_chrome_b_rough.png-7a61bcaf18452cfee8cc5880e657c1a5.ctex remapped: res://.godot/imported/T_ai_materials_chrome_b_rough.png-7a61bcaf18452cfee8cc5880e657c1a5.ctex
Completed load for: 'res://assets/building/textures/T_ai_materials_chrome_b_rough.png' remapped 'res://assets/building/textures/T_ai_materials_chrome_b_rough.png' at thread -1
Loading resource: res://assets/building/textures/T_ai_materials_chrome_b_normal.png remapped: res://assets/building/textures/T_ai_materials_chrome_b_normal.png
Loading resource: res://.godot/imported/T_ai_materials_chrome_b_normal.png-efd086eed57694d5e24ab552a154a759.ctex remapped: res://.godot/imported/T_ai_materials_chrome_b_normal.png-efd086eed57694d5e24ab552a154a759.ctex
Completed load for: 'res://assets/building/textures/T_ai_materials_chrome_b_normal.png' remapped 'res://assets/building/textures/T_ai_materials_chrome_b_normal.png' at thread -1
Completed load for: 'res://assets/building/floor_01_cells/passage.gltf' remapped 'res://assets/building/floor_01_cells/passage.gltf' at thread -1
Loading resource: res://assets/building/floor_01_cells/shop_model_laundry.gltf remapped: res://assets/building/floor_01_cells/shop_model_laundry.gltf
Loading resource: res://.godot/imported/shop_model_laundry.gltf-b58f6150b156b26529f4ed6496522f5b.scn remapped: res://.godot/imported/shop_model_laundry.gltf-b58f6150b156b26529f4ed6496522f5b.scn
Loading resource: res://assets/building/textures/T_ai_materials_awning_vinyl_albedo.png remapped: res://assets/building/textures/T_ai_materials_awning_vinyl_albedo.png
Loading resource: res://.godot/imported/T_ai_materials_awning_vinyl_albedo.png-ada8a06823385c66fc33257ea93ef3fd.ctex remapped: res://.godot/imported/T_ai_materials_awning_vinyl_albedo.png-ada8a06823385c66fc33257ea93ef3fd.ctex
Completed load for: 'res://assets/building/textures/T_ai_materials_awning_vinyl_albedo.png' remapped 'res://assets/building/textures/T_ai_materials_awning_vinyl_albedo.png' at thread -1
Loading resource: res://assets/building/textures/T_ai_materials_awning_vinyl_rough.png remapped: res://assets/building/textures/T_ai_materials_awning_vinyl_rough.png
Loading resource: res://.godot/imported/T_ai_materials_awning_vinyl_rough.png-ff06f58fa41d2a9a8804466f6fb87cf2.ctex remapped: res://.godot/imported/T_ai_materials_awning_vinyl_rough.png-ff06f58fa41d2a9a8804466f6fb87cf2.ctex
Completed load for: 'res://assets/building/textures/T_ai_materials_awning_vinyl_rough.png' remapped 'res://assets/building/textures/T_ai_materials_awning_vinyl_rough.png' at thread -1
Loading resource: res://assets/building/textures/T_ai_materials_awning_vinyl_normal.png remapped: res://assets/building/textures/T_ai_materials_awning_vinyl_normal.png
Loading resource: res://.godot/imported/T_ai_materials_awning_vinyl_normal.png-24d6c82ca12f202eda94433bd6bb75a2.ctex remapped: res://.godot/imported/T_ai_materials_awning_vinyl_normal.png-24d6c82ca12f202eda94433bd6bb75a2.ctex
Completed load for: 'res://assets/building/textures/T_ai_materials_awning_vinyl_normal.png' remapped 'res://assets/building/textures/T_ai_materials_awning_vinyl_normal.png' at thread -1
Loading resource: res://assets/building/textures/T_ai_materials_bakelite_b_albedo.png remapped: res://assets/building/textures/T_ai_materials_bakelite_b_albedo.png
Loading resource: res://.godot/imported/T_ai_materials_bakelite_b_albedo.png-0e2bd11e257be62c842385d9117c6a44.ctex remapped: res://.godot/imported/T_ai_materials_bakelite_b_albedo.png-0e2bd11e257be62c842385d9117c6a44.ctex
Completed load for: 'res://assets/building/textures/T_ai_materials_bakelite_b_albedo.png' remapped 'res://assets/building/textures/T_ai_materials_bakelite_b_albedo.png' at thread -1
Loading resource: res://assets/building/textures/T_ai_materials_bakelite_b_rough.png remapped: res://assets/building/textures/T_ai_materials_bakelite_b_rough.png
Loading resource: res://.godot/imported/T_ai_materials_bakelite_b_rough.png-16faaf6d7def61818ccfe46f27b1eb83.ctex remapped: res://.godot/imported/T_ai_materials_bakelite_b_rough.png-16faaf6d7def61818ccfe46f27b1eb83.ctex
Completed load for: 'res://assets/building/textures/T_ai_materials_bakelite_b_rough.png' remapped 'res://assets/building/textures/T_ai_materials_bakelite_b_rough.png' at thread -1
Loading resource: res://assets/building/textures/T_ai_materials_bakelite_b_normal.png remapped: res://assets/building/textures/T_ai_materials_bakelite_b_normal.png
Loading resource: res://.godot/imported/T_ai_materials_bakelite_b_normal.png-2ad93fd79039d092e3718018cac9ec7a.ctex remapped: res://.godot/imported/T_ai_materials_bakelite_b_normal.png-2ad93fd79039d092e3718018cac9ec7a.ctex
Completed load for: 'res://assets/building/textures/T_ai_materials_bakelite_b_normal.png' remapped 'res://assets/building/textures/T_ai_materials_bakelite_b_normal.png' at thread -1
Loading resource: res://assets/building/textures/T_library_furniture_book_teal_albedo.png remapped: res://assets/building/textures/T_library_furniture_book_teal_albedo.png
Loading resource: res://.godot/imported/T_library_furniture_book_teal_albedo.png-74dcfbf89bf310cd492244585ec6869c.ctex remapped: res://.godot/imported/T_library_furniture_book_teal_albedo.png-74dcfbf89bf310cd492244585ec6869c.ctex
Completed load for: 'res://assets/building/textures/T_library_furniture_book_teal_albedo.png' remapped 'res://assets/building/textures/T_library_furniture_book_teal_albedo.png' at thread -1
Loading resource: res://assets/building/textures/T_library_furniture_book_teal_rough.png remapped: res://assets/building/textures/T_library_furniture_book_teal_rough.png
Loading resource: res://.godot/imported/T_library_furniture_book_teal_rough.png-ecfa8ad6e1f31a3c7eec8ad49b05f740.ctex remapped: res://.godot/imported/T_library_furniture_book_teal_rough.png-ecfa8ad6e1f31a3c7eec8ad49b05f740.ctex
Completed load for: 'res://assets/building/textures/T_library_furniture_book_teal_rough.png' remapped 'res://assets/building/textures/T_library_furniture_book_teal_rough.png' at thread -1
Loading resource: res://assets/building/textures/T_library_furniture_book_teal_normal.png remapped: res://assets/building/textures/T_library_furniture_book_teal_normal.png
Loading resource: res://.godot/imported/T_library_furniture_book_teal_normal.png-8e3b991126d0a76a5f5651e8265909b8.ctex remapped: res://.godot/imported/T_library_furniture_book_teal_normal.png-8e3b991126d0a76a5f5651e8265909b8.ctex
Completed load for: 'res://assets/building/textures/T_library_furniture_book_teal_normal.png' remapped 'res://assets/building/textures/T_library_furniture_book_teal_normal.png' at thread -1
Loading resource: res://assets/building/textures/T_ai_materials_brass_b_albedo.png remapped: res://assets/building/textures/T_ai_materials_brass_b_albedo.png
Loading resource: res://.godot/imported/T_ai_materials_brass_b_albedo.png-4bf0699357ead7370ff4fe06c13a253f.ctex remapped: res://.godot/imported/T_ai_materials_brass_b_albedo.png-4bf0699357ead7370ff4fe06c13a253f.ctex
Completed load for: 'res://assets/building/textures/T_ai_materials_brass_b_albedo.png' remapped 'res://assets/building/textures/T_ai_materials_brass_b_albedo.png' at thread -1
Loading resource: res://assets/building/textures/T_ai_materials_brass_b_rough.png remapped: res://assets/building/textures/T_ai_materials_brass_b_rough.png
Loading resource: res://.godot/imported/T_ai_materials_brass_b_rough.png-061ad592b7a03328e83ea2ab0b9b9b69.ctex remapped: res://.godot/imported/T_ai_materials_brass_b_rough.png-061ad592b7a03328e83ea2ab0b9b9b69.ctex
Completed load for: 'res://assets/building/textures/T_ai_materials_brass_b_rough.png' remapped 'res://assets/building/textures/T_ai_materials_brass_b_rough.png' at thread -1
Loading resource: res://assets/building/textures/T_ai_materials_brass_b_normal.png remapped: res://assets/building/textures/T_ai_materials_brass_b_normal.png
Loading resource: res://.godot/imported/T_ai_materials_brass_b_normal.png-0d1bc0f391effa61fcb62492a18cd898.ctex remapped: res://.godot/imported/T_ai_materials_brass_b_normal.png-0d1bc0f391effa61fcb62492a18cd898.ctex
Completed load for: 'res://assets/building/textures/T_ai_materials_brass_b_normal.png' remapped 'res://assets/building/textures/T_ai_materials_brass_b_normal.png' at thread -1
Loading resource: res://assets/building/textures/T_ai_materials_brass_bright_albedo.png remapped: res://assets/building/textures/T_ai_materials_brass_bright_albedo.png
Loading resource: res://.godot/imported/T_ai_materials_brass_bright_albedo.png-ca745ebeec9cc23eaf8617d17a150695.ctex remapped: res://.godot/imported/T_ai_materials_brass_bright_albedo.png-ca745ebeec9cc23eaf8617d17a150695.ctex
Completed load for: 'res://assets/building/textures/T_ai_materials_brass_bright_albedo.png' remapped 'res://assets/building/textures/T_ai_materials_brass_bright_albedo.png' at thread -1
Loading resource: res://assets/building/textures/T_ai_materials_brass_bright_rough.png remapped: res://assets/building/textures/T_ai_materials_brass_bright_rough.png
Loading resource: res://.godot/imported/T_ai_materials_brass_bright_rough.png-58df16093d1dd6355ecf20ec17b530dc.ctex remapped: res://.godot/imported/T_ai_materials_brass_bright_rough.png-58df16093d1dd6355ecf20ec17b530dc.ctex
Completed load for: 'res://assets/building/textures/T_ai_materials_brass_bright_rough.png' remapped 'res://assets/building/textures/T_ai_materials_brass_bright_rough.png' at thread -1
Loading resource: res://assets/building/textures/T_ai_materials_brass_bright_normal.png remapped: res://assets/building/textures/T_ai_materials_brass_bright_normal.png
Loading resource: res://.godot/imported/T_ai_materials_brass_bright_normal.png-c4eac1a7bc69934dde04d1dba8c73d79.ctex remapped: res://.godot/imported/T_ai_materials_brass_bright_normal.png-c4eac1a7bc69934dde04d1dba8c73d79.ctex
Completed load for: 'res://assets/building/textures/T_ai_materials_brass_bright_normal.png' remapped 'res://assets/building/textures/T_ai_materials_brass_bright_normal.png' at thread -1
Loading resource: res://assets/building/textures/T_ai_materials_countertop_b_albedo.png remapped: res://assets/building/textures/T_ai_materials_countertop_b_albedo.png
Loading resource: res://.godot/imported/T_ai_materials_countertop_b_albedo.png-7747e15b3a864ca2bd74a9d6d99d054a.ctex remapped: res://.godot/imported/T_ai_materials_countertop_b_albedo.png-7747e15b3a864ca2bd74a9d6d99d054a.ctex
Completed load for: 'res://assets/building/textures/T_ai_materials_countertop_b_albedo.png' remapped 'res://assets/building/textures/T_ai_materials_countertop_b_albedo.png' at thread -1
Loading resource: res://assets/building/textures/T_ai_materials_countertop_b_rough.png remapped: res://assets/building/textures/T_ai_materials_countertop_b_rough.png
Loading resource: res://.godot/imported/T_ai_materials_countertop_b_rough.png-7adf2ce20f7bc700d5fa1cc31a0ea521.ctex remapped: res://.godot/imported/T_ai_materials_countertop_b_rough.png-7adf2ce20f7bc700d5fa1cc31a0ea521.ctex
Completed load for: 'res://assets/building/textures/T_ai_materials_countertop_b_rough.png' remapped 'res://assets/building/textures/T_ai_materials_countertop_b_rough.png' at thread -1
Loading resource: res://assets/building/textures/T_ai_materials_countertop_b_normal.png remapped: res://assets/building/textures/T_ai_materials_countertop_b_normal.png
Loading resource: res://.godot/imported/T_ai_materials_countertop_b_normal.png-3ea418e93369747afe6e7e081756a297.ctex remapped: res://.godot/imported/T_ai_materials_countertop_b_normal.png-3ea418e93369747afe6e7e081756a297.ctex
Completed load for: 'res://assets/building/textures/T_ai_materials_countertop_b_normal.png' remapped 'res://assets/building/textures/T_ai_materials_countertop_b_normal.png' at thread -1
Loading resource: res://assets/building/textures/T_ai_materials_enamel_b_albedo.png remapped: res://assets/building/textures/T_ai_materials_enamel_b_albedo.png
Loading resource: res://.godot/imported/T_ai_materials_enamel_b_albedo.png-704228c6383045c9a386dee25795c73a.ctex remapped: res://.godot/imported/T_ai_materials_enamel_b_albedo.png-704228c6383045c9a386dee25795c73a.ctex
Completed load for: 'res://assets/building/textures/T_ai_materials_enamel_b_albedo.png' remapped 'res://assets/building/textures/T_ai_materials_enamel_b_albedo.png' at thread -1
Loading resource: res://assets/building/textures/T_ai_materials_enamel_b_rough.png remapped: res://assets/building/textures/T_ai_materials_enamel_b_rough.png
Loading resource: res://.godot/imported/T_ai_materials_enamel_b_rough.png-ddd733c2460f3717ea75ec385a64a89b.ctex remapped: res://.godot/imported/T_ai_materials_enamel_b_rough.png-ddd733c2460f3717ea75ec385a64a89b.ctex
Completed load for: 'res://assets/building/textures/T_ai_materials_enamel_b_rough.png' remapped 'res://assets/building/textures/T_ai_materials_enamel_b_rough.png' at thread -1
Loading resource: res://assets/building/textures/T_ai_materials_enamel_b_normal.png remapped: res://assets/building/textures/T_ai_materials_enamel_b_normal.png
Loading resource: res://.godot/imported/T_ai_materials_enamel_b_normal.png-d49bea3487921a127dda2b2bbbfe187e.ctex remapped: res://.godot/imported/T_ai_materials_enamel_b_normal.png-d49bea3487921a127dda2b2bbbfe187e.ctex
Completed load for: 'res://assets/building/textures/T_ai_materials_enamel_b_normal.png' remapped 'res://assets/building/textures/T_ai_materials_enamel_b_normal.png' at thread -1
Loading resource: res://assets/building/textures/T_fx_fx_shadow.png remapped: res://assets/building/textures/T_fx_fx_shadow.png
Loading resource: res://.godot/imported/T_fx_fx_shadow.png-8261fd3164708026234d7da6e23e86e2.ctex remapped: res://.godot/imported/T_fx_fx_shadow.png-8261fd3164708026234d7da6e23e86e2.ctex
Completed load for: 'res://assets/building/textures/T_fx_fx_shadow.png' remapped 'res://assets/building/textures/T_fx_fx_shadow.png' at thread -1
Loading resource: res://assets/building/textures/T_ai_materials_linen_b_albedo.png remapped: res://assets/building/textures/T_ai_materials_linen_b_albedo.png
Loading resource: res://.godot/imported/T_ai_materials_linen_b_albedo.png-fab91c2aca389384bc87db90c5b75adf.ctex remapped: res://.godot/imported/T_ai_materials_linen_b_albedo.png-fab91c2aca389384bc87db90c5b75adf.ctex
Completed load for: 'res://assets/building/textures/T_ai_materials_linen_b_albedo.png' remapped 'res://assets/building/textures/T_ai_materials_linen_b_albedo.png' at thread -1
Loading resource: res://assets/building/textures/T_ai_materials_linen_b_rough.png remapped: res://assets/building/textures/T_ai_materials_linen_b_rough.png
Loading resource: res://.godot/imported/T_ai_materials_linen_b_rough.png-8d7e9a95622433d0fe3c3ae7a74ada71.ctex remapped: res://.godot/imported/T_ai_materials_linen_b_rough.png-8d7e9a95622433d0fe3c3ae7a74ada71.ctex
Completed load for: 'res://assets/building/textures/T_ai_materials_linen_b_rough.png' remapped 'res://assets/building/textures/T_ai_materials_linen_b_rough.png' at thread -1
Loading resource: res://assets/building/textures/T_ai_materials_linen_b_normal.png remapped: res://assets/building/textures/T_ai_materials_linen_b_normal.png
Loading resource: res://.godot/imported/T_ai_materials_linen_b_normal.png-e527c81255c45ac5935bec002aa5b893.ctex remapped: res://.godot/imported/T_ai_materials_linen_b_normal.png-e527c81255c45ac5935bec002aa5b893.ctex
Completed load for: 'res://assets/building/textures/T_ai_materials_linen_b_normal.png' remapped 'res://assets/building/textures/T_ai_materials_linen_b_normal.png' at thread -1
Loading resource: res://assets/building/textures/T_ai_materials_plywood_b_albedo.png remapped: res://assets/building/textures/T_ai_materials_plywood_b_albedo.png
Loading resource: res://.godot/imported/T_ai_materials_plywood_b_albedo.png-dc1ad4ca1c1ef4804af8b34e03325978.ctex remapped: res://.godot/imported/T_ai_materials_plywood_b_albedo.png-dc1ad4ca1c1ef4804af8b34e03325978.ctex
Completed load for: 'res://assets/building/textures/T_ai_materials_plywood_b_albedo.png' remapped 'res://assets/building/textures/T_ai_materials_plywood_b_albedo.png' at thread -1
Loading resource: res://assets/building/textures/T_ai_materials_plywood_b_rough.png remapped: res://assets/building/textures/T_ai_materials_plywood_b_rough.png
Loading resource: res://.godot/imported/T_ai_materials_plywood_b_rough.png-30832090751937ae71fecdad42f6e42f.ctex remapped: res://.godot/imported/T_ai_materials_plywood_b_rough.png-30832090751937ae71fecdad42f6e42f.ctex
Completed load for: 'res://assets/building/textures/T_ai_materials_plywood_b_rough.png' remapped 'res://assets/building/textures/T_ai_materials_plywood_b_rough.png' at thread -1
Loading resource: res://assets/building/textures/T_ai_materials_plywood_b_normal.png remapped: res://assets/building/textures/T_ai_materials_plywood_b_normal.png
Loading resource: res://.godot/imported/T_ai_materials_plywood_b_normal.png-2d184c3e1ae02002a0fb2157a51d870c.ctex remapped: res://.godot/imported/T_ai_materials_plywood_b_normal.png-2d184c3e1ae02002a0fb2157a51d870c.ctex
Completed load for: 'res://assets/building/textures/T_ai_materials_plywood_b_normal.png' remapped 'res://assets/building/textures/T_ai_materials_plywood_b_normal.png' at thread -1
Loading resource: res://assets/building/textures/T_ai_materials_quarry_tile_b_albedo.png remapped: res://assets/building/textures/T_ai_materials_quarry_tile_b_albedo.png
Loading resource: res://.godot/imported/T_ai_materials_quarry_tile_b_albedo.png-42727cd0317c59a35a729a792764e8da.ctex remapped: res://.godot/imported/T_ai_materials_quarry_tile_b_albedo.png-42727cd0317c59a35a729a792764e8da.ctex
Completed load for: 'res://assets/building/textures/T_ai_materials_quarry_tile_b_albedo.png' remapped 'res://assets/building/textures/T_ai_materials_quarry_tile_b_albedo.png' at thread -1
Loading resource: res://assets/building/textures/T_ai_materials_quarry_tile_b_rough.png remapped: res://assets/building/textures/T_ai_materials_quarry_tile_b_rough.png
Loading resource: res://.godot/imported/T_ai_materials_quarry_tile_b_rough.png-2c8d6301c19fdc8761eb37df16973993.ctex remapped: res://.godot/imported/T_ai_materials_quarry_tile_b_rough.png-2c8d6301c19fdc8761eb37df16973993.ctex
Completed load for: 'res://assets/building/textures/T_ai_materials_quarry_tile_b_rough.png' remapped 'res://assets/building/textures/T_ai_materials_quarry_tile_b_rough.png' at thread -1
Loading resource: res://assets/building/textures/T_ai_materials_quarry_tile_b_normal.png remapped: res://assets/building/textures/T_ai_materials_quarry_tile_b_normal.png
Loading resource: res://.godot/imported/T_ai_materials_quarry_tile_b_normal.png-545d9fd4a946c44d524197e75ef15d27.ctex remapped: res://.godot/imported/T_ai_materials_quarry_tile_b_normal.png-545d9fd4a946c44d524197e75ef15d27.ctex
Completed load for: 'res://assets/building/textures/T_ai_materials_quarry_tile_b_normal.png' remapped 'res://assets/building/textures/T_ai_materials_quarry_tile_b_normal.png' at thread -1
Loading resource: res://assets/building/textures/T_ai_materials_rubber_aged_albedo.png remapped: res://assets/building/textures/T_ai_materials_rubber_aged_albedo.png
Loading resource: res://.godot/imported/T_ai_materials_rubber_aged_albedo.png-96f3ade22606d4ac925341043c66aa1a.ctex remapped: res://.godot/imported/T_ai_materials_rubber_aged_albedo.png-96f3ade22606d4ac925341043c66aa1a.ctex
Completed load for: 'res://assets/building/textures/T_ai_materials_rubber_aged_albedo.png' remapped 'res://assets/building/textures/T_ai_materials_rubber_aged_albedo.png' at thread -1
Loading resource: res://assets/building/textures/T_ai_materials_rubber_aged_rough.png remapped: res://assets/building/textures/T_ai_materials_rubber_aged_rough.png
Loading resource: res://.godot/imported/T_ai_materials_rubber_aged_rough.png-8391d5faf7c8ba79f1cb29ff69ea3ff3.ctex remapped: res://.godot/imported/T_ai_materials_rubber_aged_rough.png-8391d5faf7c8ba79f1cb29ff69ea3ff3.ctex
Completed load for: 'res://assets/building/textures/T_ai_materials_rubber_aged_rough.png' remapped 'res://assets/building/textures/T_ai_materials_rubber_aged_rough.png' at thread -1
Loading resource: res://assets/building/textures/T_ai_materials_rubber_aged_normal.png remapped: res://assets/building/textures/T_ai_materials_rubber_aged_normal.png
Loading resource: res://.godot/imported/T_ai_materials_rubber_aged_normal.png-d692fc1bd0aacf1695ff8e830e4b5180.ctex remapped: res://.godot/imported/T_ai_materials_rubber_aged_normal.png-d692fc1bd0aacf1695ff8e830e4b5180.ctex
Completed load for: 'res://assets/building/textures/T_ai_materials_rubber_aged_normal.png' remapped 'res://assets/building/textures/T_ai_materials_rubber_aged_normal.png' at thread -1
Loading resource: res://assets/building/textures/T_ai_materials_terracotta_b_albedo.png remapped: res://assets/building/textures/T_ai_materials_terracotta_b_albedo.png
Loading resource: res://.godot/imported/T_ai_materials_terracotta_b_albedo.png-558383554baeab13588e22d235d334f6.ctex remapped: res://.godot/imported/T_ai_materials_terracotta_b_albedo.png-558383554baeab13588e22d235d334f6.ctex
Completed load for: 'res://assets/building/textures/T_ai_materials_terracotta_b_albedo.png' remapped 'res://assets/building/textures/T_ai_materials_terracotta_b_albedo.png' at thread -1
Loading resource: res://assets/building/textures/T_ai_materials_terracotta_b_rough.png remapped: res://assets/building/textures/T_ai_materials_terracotta_b_rough.png
Loading resource: res://.godot/imported/T_ai_materials_terracotta_b_rough.png-d0527e14ab509d67d1e99248be073810.ctex remapped: res://.godot/imported/T_ai_materials_terracotta_b_rough.png-d0527e14ab509d67d1e99248be073810.ctex
Completed load for: 'res://assets/building/textures/T_ai_materials_terracotta_b_rough.png' remapped 'res://assets/building/textures/T_ai_materials_terracotta_b_rough.png' at thread -1
Loading resource: res://assets/building/textures/T_ai_materials_terracotta_b_normal.png remapped: res://assets/building/textures/T_ai_materials_terracotta_b_normal.png
Loading resource: res://.godot/imported/T_ai_materials_terracotta_b_normal.png-ae748eb8f2c8bd668a9e538fe58abca3.ctex remapped: res://.godot/imported/T_ai_materials_terracotta_b_normal.png-ae748eb8f2c8bd668a9e538fe58abca3.ctex
Completed load for: 'res://assets/building/textures/T_ai_materials_terracotta_b_normal.png' remapped 'res://assets/building/textures/T_ai_materials_terracotta_b_normal.png' at thread -1
Loading resource: res://assets/building/textures/T_ai_materials_timber_b_albedo.png remapped: res://assets/building/textures/T_ai_materials_timber_b_albedo.png
Loading resource: res://.godot/imported/T_ai_materials_timber_b_albedo.png-ba5723359a0c7f490e787d6fcd6938b8.ctex remapped: res://.godot/imported/T_ai_materials_timber_b_albedo.png-ba5723359a0c7f490e787d6fcd6938b8.ctex
Completed load for: 'res://assets/building/textures/T_ai_materials_timber_b_albedo.png' remapped 'res://assets/building/textures/T_ai_materials_timber_b_albedo.png' at thread -1
Loading resource: res://assets/building/textures/T_ai_materials_timber_b_rough.png remapped: res://assets/building/textures/T_ai_materials_timber_b_rough.png
Loading resource: res://.godot/imported/T_ai_materials_timber_b_rough.png-cfcde5f63c3841b86ec08444120a125a.ctex remapped: res://.godot/imported/T_ai_materials_timber_b_rough.png-cfcde5f63c3841b86ec08444120a125a.ctex
Completed load for: 'res://assets/building/textures/T_ai_materials_timber_b_rough.png' remapped 'res://assets/building/textures/T_ai_materials_timber_b_rough.png' at thread -1
Loading resource: res://assets/building/textures/T_ai_materials_timber_b_normal.png remapped: res://assets/building/textures/T_ai_materials_timber_b_normal.png
Loading resource: res://.godot/imported/T_ai_materials_timber_b_normal.png-a70b22fbeccd4c4e8707ed82bde12dd8.ctex remapped: res://.godot/imported/T_ai_materials_timber_b_normal.png-a70b22fbeccd4c4e8707ed82bde12dd8.ctex
Completed load for: 'res://assets/building/textures/T_ai_materials_timber_b_normal.png' remapped 'res://assets/building/textures/T_ai_materials_timber_b_normal.png' at thread -1
Loading resource: res://assets/building/textures/T_ai_materials_wainscot_b_albedo.png remapped: res://assets/building/textures/T_ai_materials_wainscot_b_albedo.png
Loading resource: res://.godot/imported/T_ai_materials_wainscot_b_albedo.png-bdfe16afff50ef122017d8cd8be5bc37.ctex remapped: res://.godot/imported/T_ai_materials_wainscot_b_albedo.png-bdfe16afff50ef122017d8cd8be5bc37.ctex
Completed load for: 'res://assets/building/textures/T_ai_materials_wainscot_b_albedo.png' remapped 'res://assets/building/textures/T_ai_materials_wainscot_b_albedo.png' at thread -1
Loading resource: res://assets/building/textures/T_ai_materials_wainscot_b_rough.png remapped: res://assets/building/textures/T_ai_materials_wainscot_b_rough.png
Loading resource: res://.godot/imported/T_ai_materials_wainscot_b_rough.png-f3ea798e19a5a163c8b53c814844988b.ctex remapped: res://.godot/imported/T_ai_materials_wainscot_b_rough.png-f3ea798e19a5a163c8b53c814844988b.ctex
Completed load for: 'res://assets/building/textures/T_ai_materials_wainscot_b_rough.png' remapped 'res://assets/building/textures/T_ai_materials_wainscot_b_rough.png' at thread -1
Loading resource: res://assets/building/textures/T_ai_materials_wainscot_b_normal.png remapped: res://assets/building/textures/T_ai_materials_wainscot_b_normal.png
Loading resource: res://.godot/imported/T_ai_materials_wainscot_b_normal.png-795e5d25c95210be5dc0187b196dd95a.ctex remapped: res://.godot/imported/T_ai_materials_wainscot_b_normal.png-795e5d25c95210be5dc0187b196dd95a.ctex
Completed load for: 'res://assets/building/textures/T_ai_materials_wainscot_b_normal.png' remapped 'res://assets/building/textures/T_ai_materials_wainscot_b_normal.png' at thread -1
Loading resource: res://assets/building/textures/T_fx_fx_scuff.png remapped: res://assets/building/textures/T_fx_fx_scuff.png
Loading resource: res://.godot/imported/T_fx_fx_scuff.png-3337272242a4cc7b52056e443974dfe6.ctex remapped: res://.godot/imported/T_fx_fx_scuff.png-3337272242a4cc7b52056e443974dfe6.ctex
Completed load for: 'res://assets/building/textures/T_fx_fx_scuff.png' remapped 'res://assets/building/textures/T_fx_fx_scuff.png' at thread -1
Loading resource: res://assets/building/textures/T_fx_fx_scuff_rough.png remapped: res://assets/building/textures/T_fx_fx_scuff_rough.png
Loading resource: res://.godot/imported/T_fx_fx_scuff_rough.png-079ee87ba232e74d19fd8450ffe538eb.ctex remapped: res://.godot/imported/T_fx_fx_scuff_rough.png-079ee87ba232e74d19fd8450ffe538eb.ctex
Completed load for: 'res://assets/building/textures/T_fx_fx_scuff_rough.png' remapped 'res://assets/building/textures/T_fx_fx_scuff_rough.png' at thread -1
Loading resource: res://assets/building/textures/T_fx_fx_scuff_normal.png remapped: res://assets/building/textures/T_fx_fx_scuff_normal.png
Loading resource: res://.godot/imported/T_fx_fx_scuff_normal.png-d9c791ffa61779f8e646a3dd86b104d7.ctex remapped: res://.godot/imported/T_fx_fx_scuff_normal.png-d9c791ffa61779f8e646a3dd86b104d7.ctex
Completed load for: 'res://assets/building/textures/T_fx_fx_scuff_normal.png' remapped 'res://assets/building/textures/T_fx_fx_scuff_normal.png' at thread -1
Completed load for: 'res://assets/building/floor_01_cells/shop_model_laundry.gltf' remapped 'res://assets/building/floor_01_cells/shop_model_laundry.gltf' at thread -1
Loading resource: res://assets/building/floor_01_cells/shop_shoe_rebuilding.gltf remapped: res://assets/building/floor_01_cells/shop_shoe_rebuilding.gltf
Loading resource: res://.godot/imported/shop_shoe_rebuilding.gltf-5b789565787d467858dcf8e419253db2.scn remapped: res://.godot/imported/shop_shoe_rebuilding.gltf-5b789565787d467858dcf8e419253db2.scn
Loading resource: res://assets/building/textures/T_ai_materials_floor_oak_b_albedo.png remapped: res://assets/building/textures/T_ai_materials_floor_oak_b_albedo.png
Loading resource: res://.godot/imported/T_ai_materials_floor_oak_b_albedo.png-b9b47581b2d3527a1832c94be6bb1068.ctex remapped: res://.godot/imported/T_ai_materials_floor_oak_b_albedo.png-b9b47581b2d3527a1832c94be6bb1068.ctex
Completed load for: 'res://assets/building/textures/T_ai_materials_floor_oak_b_albedo.png' remapped 'res://assets/building/textures/T_ai_materials_floor_oak_b_albedo.png' at thread -1
Loading resource: res://assets/building/textures/T_ai_materials_floor_oak_b_rough.png remapped: res://assets/building/textures/T_ai_materials_floor_oak_b_rough.png
Loading resource: res://.godot/imported/T_ai_materials_floor_oak_b_rough.png-2077f8ff62fd44aa07ea313096abe11b.ctex remapped: res://.godot/imported/T_ai_materials_floor_oak_b_rough.png-2077f8ff62fd44aa07ea313096abe11b.ctex
Completed load for: 'res://assets/building/textures/T_ai_materials_floor_oak_b_rough.png' remapped 'res://assets/building/textures/T_ai_materials_floor_oak_b_rough.png' at thread -1
Loading resource: res://assets/building/textures/T_ai_materials_floor_oak_b_normal.png remapped: res://assets/building/textures/T_ai_materials_floor_oak_b_normal.png
Loading resource: res://.godot/imported/T_ai_materials_floor_oak_b_normal.png-3d3a7bd55b8d32debe12d343fc7afe00.ctex remapped: res://.godot/imported/T_ai_materials_floor_oak_b_normal.png-3d3a7bd55b8d32debe12d343fc7afe00.ctex
Completed load for: 'res://assets/building/textures/T_ai_materials_floor_oak_b_normal.png' remapped 'res://assets/building/textures/T_ai_materials_floor_oak_b_normal.png' at thread -1
Loading resource: res://assets/building/textures/T_ai_materials_lacquer_red_b_albedo.png remapped: res://assets/building/textures/T_ai_materials_lacquer_red_b_albedo.png
Loading resource: res://.godot/imported/T_ai_materials_lacquer_red_b_albedo.png-4ddb38022173239ddf0aa229f5869707.ctex remapped: res://.godot/imported/T_ai_materials_lacquer_red_b_albedo.png-4ddb38022173239ddf0aa229f5869707.ctex
Completed load for: 'res://assets/building/textures/T_ai_materials_lacquer_red_b_albedo.png' remapped 'res://assets/building/textures/T_ai_materials_lacquer_red_b_albedo.png' at thread -1
Loading resource: res://assets/building/textures/T_ai_materials_lacquer_red_b_rough.png remapped: res://assets/building/textures/T_ai_materials_lacquer_red_b_rough.png
Loading resource: res://.godot/imported/T_ai_materials_lacquer_red_b_rough.png-9ebe4e2787f7412fbb3ebe510140932d.ctex remapped: res://.godot/imported/T_ai_materials_lacquer_red_b_rough.png-9ebe4e2787f7412fbb3ebe510140932d.ctex
Completed load for: 'res://assets/building/textures/T_ai_materials_lacquer_red_b_rough.png' remapped 'res://assets/building/textures/T_ai_materials_lacquer_red_b_rough.png' at thread -1
Loading resource: res://assets/building/textures/T_ai_materials_lacquer_red_b_normal.png remapped: res://assets/building/textures/T_ai_materials_lacquer_red_b_normal.png
Loading resource: res://.godot/imported/T_ai_materials_lacquer_red_b_normal.png-eb150c0190c7d626f40c24241a48e100.ctex remapped: res://.godot/imported/T_ai_materials_lacquer_red_b_normal.png-eb150c0190c7d626f40c24241a48e100.ctex
Completed load for: 'res://assets/building/textures/T_ai_materials_lacquer_red_b_normal.png' remapped 'res://assets/building/textures/T_ai_materials_lacquer_red_b_normal.png' at thread -1
Loading resource: res://assets/building/textures/T_ai_materials_vinyl_oxblood_b_albedo.png remapped: res://assets/building/textures/T_ai_materials_vinyl_oxblood_b_albedo.png
Loading resource: res://.godot/imported/T_ai_materials_vinyl_oxblood_b_albedo.png-1caf8baddbd386721d87ea98df5f8659.ctex remapped: res://.godot/imported/T_ai_materials_vinyl_oxblood_b_albedo.png-1caf8baddbd386721d87ea98df5f8659.ctex
Completed load for: 'res://assets/building/textures/T_ai_materials_vinyl_oxblood_b_albedo.png' remapped 'res://assets/building/textures/T_ai_materials_vinyl_oxblood_b_albedo.png' at thread -1
Loading resource: res://assets/building/textures/T_ai_materials_vinyl_oxblood_b_rough.png remapped: res://assets/building/textures/T_ai_materials_vinyl_oxblood_b_rough.png
Loading resource: res://.godot/imported/T_ai_materials_vinyl_oxblood_b_rough.png-65ebd662c8847f751ba7b8dcbc7b7fed.ctex remapped: res://.godot/imported/T_ai_materials_vinyl_oxblood_b_rough.png-65ebd662c8847f751ba7b8dcbc7b7fed.ctex
Completed load for: 'res://assets/building/textures/T_ai_materials_vinyl_oxblood_b_rough.png' remapped 'res://assets/building/textures/T_ai_materials_vinyl_oxblood_b_rough.png' at thread -1
Loading resource: res://assets/building/textures/T_ai_materials_vinyl_oxblood_b_normal.png remapped: res://assets/building/textures/T_ai_materials_vinyl_oxblood_b_normal.png
Loading resource: res://.godot/imported/T_ai_materials_vinyl_oxblood_b_normal.png-06bcf5a0c9107b001fbe9c3288594ad5.ctex remapped: res://.godot/imported/T_ai_materials_vinyl_oxblood_b_normal.png-06bcf5a0c9107b001fbe9c3288594ad5.ctex
Completed load for: 'res://assets/building/textures/T_ai_materials_vinyl_oxblood_b_normal.png' remapped 'res://assets/building/textures/T_ai_materials_vinyl_oxblood_b_normal.png' at thread -1
Completed load for: 'res://assets/building/floor_01_cells/shop_shoe_rebuilding.gltf' remapped 'res://assets/building/floor_01_cells/shop_shoe_rebuilding.gltf' at thread -1
Loading resource: res://assets/building/floor_01_cells/shop_keys_cut.gltf remapped: res://assets/building/floor_01_cells/shop_keys_cut.gltf
Loading resource: res://.godot/imported/shop_keys_cut.gltf-a09a573a41a1ae479680fa7939aea87a.scn remapped: res://.godot/imported/shop_keys_cut.gltf-a09a573a41a1ae479680fa7939aea87a.scn
Completed load for: 'res://assets/building/floor_01_cells/shop_keys_cut.gltf' remapped 'res://assets/building/floor_01_cells/shop_keys_cut.gltf' at thread -1
Loading resource: res://assets/building/floor_01_cells/shop_hardware_paint.gltf remapped: res://assets/building/floor_01_cells/shop_hardware_paint.gltf
Loading resource: res://.godot/imported/shop_hardware_paint.gltf-5fa7db9168fb194289d4341890065745.scn remapped: res://.godot/imported/shop_hardware_paint.gltf-5fa7db9168fb194289d4341890065745.scn
Loading resource: res://assets/building/textures/T_ai_materials_fabric_green_b_albedo.png remapped: res://assets/building/textures/T_ai_materials_fabric_green_b_albedo.png
Loading resource: res://.godot/imported/T_ai_materials_fabric_green_b_albedo.png-5807e3ae5d7ec84a55295f712a88f820.ctex remapped: res://.godot/imported/T_ai_materials_fabric_green_b_albedo.png-5807e3ae5d7ec84a55295f712a88f820.ctex
Completed load for: 'res://assets/building/textures/T_ai_materials_fabric_green_b_albedo.png' remapped 'res://assets/building/textures/T_ai_materials_fabric_green_b_albedo.png' at thread -1
Loading resource: res://assets/building/textures/T_ai_materials_fabric_green_b_rough.png remapped: res://assets/building/textures/T_ai_materials_fabric_green_b_rough.png
Loading resource: res://.godot/imported/T_ai_materials_fabric_green_b_rough.png-b3bd4faf42eca617955527b9682d8157.ctex remapped: res://.godot/imported/T_ai_materials_fabric_green_b_rough.png-b3bd4faf42eca617955527b9682d8157.ctex
Completed load for: 'res://assets/building/textures/T_ai_materials_fabric_green_b_rough.png' remapped 'res://assets/building/textures/T_ai_materials_fabric_green_b_rough.png' at thread -1
Loading resource: res://assets/building/textures/T_ai_materials_fabric_green_b_normal.png remapped: res://assets/building/textures/T_ai_materials_fabric_green_b_normal.png
Loading resource: res://.godot/imported/T_ai_materials_fabric_green_b_normal.png-4b580ee3e7346248daa685563ae7e352.ctex remapped: res://.godot/imported/T_ai_materials_fabric_green_b_normal.png-4b580ee3e7346248daa685563ae7e352.ctex
Completed load for: 'res://assets/building/textures/T_ai_materials_fabric_green_b_normal.png' remapped 'res://assets/building/textures/T_ai_materials_fabric_green_b_normal.png' at thread -1
Loading resource: res://assets/building/textures/T_ai_materials_safety_orange_b_albedo.png remapped: res://assets/building/textures/T_ai_materials_safety_orange_b_albedo.png
Loading resource: res://.godot/imported/T_ai_materials_safety_orange_b_albedo.png-abaf1fb6cf4aaf7771f8f602470c2f18.ctex remapped: res://.godot/imported/T_ai_materials_safety_orange_b_albedo.png-abaf1fb6cf4aaf7771f8f602470c2f18.ctex
Completed load for: 'res://assets/building/textures/T_ai_materials_safety_orange_b_albedo.png' remapped 'res://assets/building/textures/T_ai_materials_safety_orange_b_albedo.png' at thread -1
Loading resource: res://assets/building/textures/T_ai_materials_safety_orange_b_rough.png remapped: res://assets/building/textures/T_ai_materials_safety_orange_b_rough.png
Loading resource: res://.godot/imported/T_ai_materials_safety_orange_b_rough.png-b889f1dcc342af94b84d6e577c098ac9.ctex remapped: res://.godot/imported/T_ai_materials_safety_orange_b_rough.png-b889f1dcc342af94b84d6e577c098ac9.ctex
Completed load for: 'res://assets/building/textures/T_ai_materials_safety_orange_b_rough.png' remapped 'res://assets/building/textures/T_ai_materials_safety_orange_b_rough.png' at thread -1
Loading resource: res://assets/building/textures/T_ai_materials_safety_orange_b_normal.png remapped: res://assets/building/textures/T_ai_materials_safety_orange_b_normal.png
Loading resource: res://.godot/imported/T_ai_materials_safety_orange_b_normal.png-f703bdcff07b14dfe6b2512464d21398.ctex remapped: res://.godot/imported/T_ai_materials_safety_orange_b_normal.png-f703bdcff07b14dfe6b2512464d21398.ctex
Completed load for: 'res://assets/building/textures/T_ai_materials_safety_orange_b_normal.png' remapped 'res://assets/building/textures/T_ai_materials_safety_orange_b_normal.png' at thread -1
Completed load for: 'res://assets/building/floor_01_cells/shop_hardware_paint.gltf' remapped 'res://assets/building/floor_01_cells/shop_hardware_paint.gltf' at thread -1
Loading resource: res://assets/building/floor_01_cells/shop_funeral_parlour.gltf remapped: res://assets/building/floor_01_cells/shop_funeral_parlour.gltf
Loading resource: res://.godot/imported/shop_funeral_parlour.gltf-ac38f59490db5f5c5e9d79e4d7410699.scn remapped: res://.godot/imported/shop_funeral_parlour.gltf-ac38f59490db5f5c5e9d79e4d7410699.scn
Loading resource: res://assets/building/textures/T_ai_materials_bronze_albedo.png remapped: res://assets/building/textures/T_ai_materials_bronze_albedo.png
Loading resource: res://.godot/imported/T_ai_materials_bronze_albedo.png-117e43b096427042a261f354643a8a93.ctex remapped: res://.godot/imported/T_ai_materials_bronze_albedo.png-117e43b096427042a261f354643a8a93.ctex
Completed load for: 'res://assets/building/textures/T_ai_materials_bronze_albedo.png' remapped 'res://assets/building/textures/T_ai_materials_bronze_albedo.png' at thread -1
Loading resource: res://assets/building/textures/T_ai_materials_bronze_rough.png remapped: res://assets/building/textures/T_ai_materials_bronze_rough.png
Loading resource: res://.godot/imported/T_ai_materials_bronze_rough.png-af7e0f447bc02a289ef6786dbbd49eae.ctex remapped: res://.godot/imported/T_ai_materials_bronze_rough.png-af7e0f447bc02a289ef6786dbbd49eae.ctex
Completed load for: 'res://assets/building/textures/T_ai_materials_bronze_rough.png' remapped 'res://assets/building/textures/T_ai_materials_bronze_rough.png' at thread -1
Loading resource: res://assets/building/textures/T_ai_materials_bronze_normal.png remapped: res://assets/building/textures/T_ai_materials_bronze_normal.png
Loading resource: res://.godot/imported/T_ai_materials_bronze_normal.png-dbdd5a90f97363fdc55a9daf5c69d131.ctex remapped: res://.godot/imported/T_ai_materials_bronze_normal.png-dbdd5a90f97363fdc55a9daf5c69d131.ctex
Completed load for: 'res://assets/building/textures/T_ai_materials_bronze_normal.png' remapped 'res://assets/building/textures/T_ai_materials_bronze_normal.png' at thread -1
Loading resource: res://assets/building/textures/T_ai_materials_plant_b_albedo.png remapped: res://assets/building/textures/T_ai_materials_plant_b_albedo.png
Loading resource: res://.godot/imported/T_ai_materials_plant_b_albedo.png-a723edeeb29f1b98e9e5efa5bd017ef7.ctex remapped: res://.godot/imported/T_ai_materials_plant_b_albedo.png-a723edeeb29f1b98e9e5efa5bd017ef7.ctex
Completed load for: 'res://assets/building/textures/T_ai_materials_plant_b_albedo.png' remapped 'res://assets/building/textures/T_ai_materials_plant_b_albedo.png' at thread -1
Loading resource: res://assets/building/textures/T_ai_materials_plant_b_rough.png remapped: res://assets/building/textures/T_ai_materials_plant_b_rough.png
Loading resource: res://.godot/imported/T_ai_materials_plant_b_rough.png-5c0d0ca121ba917accf0df9e4c128938.ctex remapped: res://.godot/imported/T_ai_materials_plant_b_rough.png-5c0d0ca121ba917accf0df9e4c128938.ctex
Completed load for: 'res://assets/building/textures/T_ai_materials_plant_b_rough.png' remapped 'res://assets/building/textures/T_ai_materials_plant_b_rough.png' at thread -1
Loading resource: res://assets/building/textures/T_ai_materials_plant_b_normal.png remapped: res://assets/building/textures/T_ai_materials_plant_b_normal.png
Loading resource: res://.godot/imported/T_ai_materials_plant_b_normal.png-daf24dda82a665890315bf723a5ff2fe.ctex remapped: res://.godot/imported/T_ai_materials_plant_b_normal.png-daf24dda82a665890315bf723a5ff2fe.ctex
Completed load for: 'res://assets/building/textures/T_ai_materials_plant_b_normal.png' remapped 'res://assets/building/textures/T_ai_materials_plant_b_normal.png' at thread -1
Loading resource: res://assets/building/textures/T_ai_materials_tin_ceiling_b_albedo.png remapped: res://assets/building/textures/T_ai_materials_tin_ceiling_b_albedo.png
Loading resource: res://.godot/imported/T_ai_materials_tin_ceiling_b_albedo.png-d68e2c41d9755309910e47312aae12a2.ctex remapped: res://.godot/imported/T_ai_materials_tin_ceiling_b_albedo.png-d68e2c41d9755309910e47312aae12a2.ctex
Completed load for: 'res://assets/building/textures/T_ai_materials_tin_ceiling_b_albedo.png' remapped 'res://assets/building/textures/T_ai_materials_tin_ceiling_b_albedo.png' at thread -1
Loading resource: res://assets/building/textures/T_ai_materials_tin_ceiling_b_rough.png remapped: res://assets/building/textures/T_ai_materials_tin_ceiling_b_rough.png
Loading resource: res://.godot/imported/T_ai_materials_tin_ceiling_b_rough.png-21fc1cffc663e472813390241899b099.ctex remapped: res://.godot/imported/T_ai_materials_tin_ceiling_b_rough.png-21fc1cffc663e472813390241899b099.ctex
Completed load for: 'res://assets/building/textures/T_ai_materials_tin_ceiling_b_rough.png' remapped 'res://assets/building/textures/T_ai_materials_tin_ceiling_b_rough.png' at thread -1
Loading resource: res://assets/building/textures/T_ai_materials_tin_ceiling_b_normal.png remapped: res://assets/building/textures/T_ai_materials_tin_ceiling_b_normal.png
Loading resource: res://.godot/imported/T_ai_materials_tin_ceiling_b_normal.png-e696b9e982d78e71cbd552c7ea265d1f.ctex remapped: res://.godot/imported/T_ai_materials_tin_ceiling_b_normal.png-e696b9e982d78e71cbd552c7ea265d1f.ctex
Completed load for: 'res://assets/building/textures/T_ai_materials_tin_ceiling_b_normal.png' remapped 'res://assets/building/textures/T_ai_materials_tin_ceiling_b_normal.png' at thread -1
Completed load for: 'res://assets/building/floor_01_cells/shop_funeral_parlour.gltf' remapped 'res://assets/building/floor_01_cells/shop_funeral_parlour.gltf' at thread -1
Loading resource: res://assets/building/floor_01_cells/shop_photo_supplies.gltf remapped: res://assets/building/floor_01_cells/shop_photo_supplies.gltf
Loading resource: res://.godot/imported/shop_photo_supplies.gltf-8a5f6fdc20921bf5705d4d651246de21.scn remapped: res://.godot/imported/shop_photo_supplies.gltf-8a5f6fdc20921bf5705d4d651246de21.scn
Loading resource: res://assets/building/textures/T_library_furniture_book_ochre_albedo.png remapped: res://assets/building/textures/T_library_furniture_book_ochre_albedo.png
Loading resource: res://.godot/imported/T_library_furniture_book_ochre_albedo.png-55380320f95ff584f3ea00d82b0989cc.ctex remapped: res://.godot/imported/T_library_furniture_book_ochre_albedo.png-55380320f95ff584f3ea00d82b0989cc.ctex
Completed load for: 'res://assets/building/textures/T_library_furniture_book_ochre_albedo.png' remapped 'res://assets/building/textures/T_library_furniture_book_ochre_albedo.png' at thread -1
Loading resource: res://assets/building/textures/T_library_furniture_book_ochre_rough.png remapped: res://assets/building/textures/T_library_furniture_book_ochre_rough.png
Loading resource: res://.godot/imported/T_library_furniture_book_ochre_rough.png-dea0bca5a92839d1932d64c5387dc971.ctex remapped: res://.godot/imported/T_library_furniture_book_ochre_rough.png-dea0bca5a92839d1932d64c5387dc971.ctex
Completed load for: 'res://assets/building/textures/T_library_furniture_book_ochre_rough.png' remapped 'res://assets/building/textures/T_library_furniture_book_ochre_rough.png' at thread -1
Loading resource: res://assets/building/textures/T_library_furniture_book_ochre_normal.png remapped: res://assets/building/textures/T_library_furniture_book_ochre_normal.png
Loading resource: res://.godot/imported/T_library_furniture_book_ochre_normal.png-277f06316da7c06043b47e2a41b8107a.ctex remapped: res://.godot/imported/T_library_furniture_book_ochre_normal.png-277f06316da7c06043b47e2a41b8107a.ctex
Completed load for: 'res://assets/building/textures/T_library_furniture_book_ochre_normal.png' remapped 'res://assets/building/textures/T_library_furniture_book_ochre_normal.png' at thread -1
Loading resource: res://assets/building/textures/T_ai_materials_felt_violet_b_albedo.png remapped: res://assets/building/textures/T_ai_materials_felt_violet_b_albedo.png
Loading resource: res://.godot/imported/T_ai_materials_felt_violet_b_albedo.png-1470af9773080f68c85ef56a23a83090.ctex remapped: res://.godot/imported/T_ai_materials_felt_violet_b_albedo.png-1470af9773080f68c85ef56a23a83090.ctex
Completed load for: 'res://assets/building/textures/T_ai_materials_felt_violet_b_albedo.png' remapped 'res://assets/building/textures/T_ai_materials_felt_violet_b_albedo.png' at thread -1
Loading resource: res://assets/building/textures/T_ai_materials_felt_violet_b_rough.png remapped: res://assets/building/textures/T_ai_materials_felt_violet_b_rough.png
Loading resource: res://.godot/imported/T_ai_materials_felt_violet_b_rough.png-2c8bf7a3dd7df40b05ea3b70a3c284c0.ctex remapped: res://.godot/imported/T_ai_materials_felt_violet_b_rough.png-2c8bf7a3dd7df40b05ea3b70a3c284c0.ctex
Completed load for: 'res://assets/building/textures/T_ai_materials_felt_violet_b_rough.png' remapped 'res://assets/building/textures/T_ai_materials_felt_violet_b_rough.png' at thread -1
Loading resource: res://assets/building/textures/T_ai_materials_felt_violet_b_normal.png remapped: res://assets/building/textures/T_ai_materials_felt_violet_b_normal.png
Loading resource: res://.godot/imported/T_ai_materials_felt_violet_b_normal.png-37ee4dc031811bb90743b59193d5eac9.ctex remapped: res://.godot/imported/T_ai_materials_felt_violet_b_normal.png-37ee4dc031811bb90743b59193d5eac9.ctex
Completed load for: 'res://assets/building/textures/T_ai_materials_felt_violet_b_normal.png' remapped 'res://assets/building/textures/T_ai_materials_felt_violet_b_normal.png' at thread -1
Loading resource: res://assets/building/textures/T_ai_materials_linoleum_b_albedo.png remapped: res://assets/building/textures/T_ai_materials_linoleum_b_albedo.png
Loading resource: res://.godot/imported/T_ai_materials_linoleum_b_albedo.png-c149c3171f62ffc61c2c23fa6b1bdbfb.ctex remapped: res://.godot/imported/T_ai_materials_linoleum_b_albedo.png-c149c3171f62ffc61c2c23fa6b1bdbfb.ctex
Completed load for: 'res://assets/building/textures/T_ai_materials_linoleum_b_albedo.png' remapped 'res://assets/building/textures/T_ai_materials_linoleum_b_albedo.png' at thread -1
Loading resource: res://assets/building/textures/T_ai_materials_linoleum_b_rough.png remapped: res://assets/building/textures/T_ai_materials_linoleum_b_rough.png
Loading resource: res://.godot/imported/T_ai_materials_linoleum_b_rough.png-aa9676c113c2e323f4c534808d99ac37.ctex remapped: res://.godot/imported/T_ai_materials_linoleum_b_rough.png-aa9676c113c2e323f4c534808d99ac37.ctex
Completed load for: 'res://assets/building/textures/T_ai_materials_linoleum_b_rough.png' remapped 'res://assets/building/textures/T_ai_materials_linoleum_b_rough.png' at thread -1
Loading resource: res://assets/building/textures/T_ai_materials_linoleum_b_normal.png remapped: res://assets/building/textures/T_ai_materials_linoleum_b_normal.png
Loading resource: res://.godot/imported/T_ai_materials_linoleum_b_normal.png-ee40fb522c9bd81bb8c4e2402b808dd1.ctex remapped: res://.godot/imported/T_ai_materials_linoleum_b_normal.png-ee40fb522c9bd81bb8c4e2402b808dd1.ctex
Completed load for: 'res://assets/building/textures/T_ai_materials_linoleum_b_normal.png' remapped 'res://assets/building/textures/T_ai_materials_linoleum_b_normal.png' at thread -1
Completed load for: 'res://assets/building/floor_01_cells/shop_photo_supplies.gltf' remapped 'res://assets/building/floor_01_cells/shop_photo_supplies.gltf' at thread -1
Loading resource: res://assets/building/floor_01_cells/shop_radio_service.gltf remapped: res://assets/building/floor_01_cells/shop_radio_service.gltf
Loading resource: res://.godot/imported/shop_radio_service.gltf-dbf19d7a6ae871516147cc68f6e4a912.scn remapped: res://.godot/imported/shop_radio_service.gltf-dbf19d7a6ae871516147cc68f6e4a912.scn
Loading resource: res://assets/building/textures/T_ai_materials_appliance_b_albedo.png remapped: res://assets/building/textures/T_ai_materials_appliance_b_albedo.png
Loading resource: res://.godot/imported/T_ai_materials_appliance_b_albedo.png-2ab7a01904e8375f330e998732db7b54.ctex remapped: res://.godot/imported/T_ai_materials_appliance_b_albedo.png-2ab7a01904e8375f330e998732db7b54.ctex
Completed load for: 'res://assets/building/textures/T_ai_materials_appliance_b_albedo.png' remapped 'res://assets/building/textures/T_ai_materials_appliance_b_albedo.png' at thread -1
Loading resource: res://assets/building/textures/T_ai_materials_appliance_b_rough.png remapped: res://assets/building/textures/T_ai_materials_appliance_b_rough.png
Loading resource: res://.godot/imported/T_ai_materials_appliance_b_rough.png-feaf2e878e34ded4346f01c68d77460e.ctex remapped: res://.godot/imported/T_ai_materials_appliance_b_rough.png-feaf2e878e34ded4346f01c68d77460e.ctex
Completed load for: 'res://assets/building/textures/T_ai_materials_appliance_b_rough.png' remapped 'res://assets/building/textures/T_ai_materials_appliance_b_rough.png' at thread -1
Loading resource: res://assets/building/textures/T_ai_materials_appliance_b_normal.png remapped: res://assets/building/textures/T_ai_materials_appliance_b_normal.png
Loading resource: res://.godot/imported/T_ai_materials_appliance_b_normal.png-ba4f5061c77575b1a888f4c358e570c7.ctex remapped: res://.godot/imported/T_ai_materials_appliance_b_normal.png-ba4f5061c77575b1a888f4c358e570c7.ctex
Completed load for: 'res://assets/building/textures/T_ai_materials_appliance_b_normal.png' remapped 'res://assets/building/textures/T_ai_materials_appliance_b_normal.png' at thread -1
Loading resource: res://assets/building/textures/T_ai_materials_fabric_warm_b_albedo.png remapped: res://assets/building/textures/T_ai_materials_fabric_warm_b_albedo.png
Loading resource: res://.godot/imported/T_ai_materials_fabric_warm_b_albedo.png-96b0b2152da69312c3039b9e70d06a58.ctex remapped: res://.godot/imported/T_ai_materials_fabric_warm_b_albedo.png-96b0b2152da69312c3039b9e70d06a58.ctex
Completed load for: 'res://assets/building/textures/T_ai_materials_fabric_warm_b_albedo.png' remapped 'res://assets/building/textures/T_ai_materials_fabric_warm_b_albedo.png' at thread -1
Loading resource: res://assets/building/textures/T_ai_materials_fabric_warm_b_rough.png remapped: res://assets/building/textures/T_ai_materials_fabric_warm_b_rough.png
Loading resource: res://.godot/imported/T_ai_materials_fabric_warm_b_rough.png-6e22d6b33728fd212176c3309a53f568.ctex remapped: res://.godot/imported/T_ai_materials_fabric_warm_b_rough.png-6e22d6b33728fd212176c3309a53f568.ctex
Completed load for: 'res://assets/building/textures/T_ai_materials_fabric_warm_b_rough.png' remapped 'res://assets/building/textures/T_ai_materials_fabric_warm_b_rough.png' at thread -1
Loading resource: res://assets/building/textures/T_ai_materials_fabric_warm_b_normal.png remapped: res://assets/building/textures/T_ai_materials_fabric_warm_b_normal.png
Loading resource: res://.godot/imported/T_ai_materials_fabric_warm_b_normal.png-c6aa4579950d6b136f80a8b3937ca85a.ctex remapped: res://.godot/imported/T_ai_materials_fabric_warm_b_normal.png-c6aa4579950d6b136f80a8b3937ca85a.ctex
Completed load for: 'res://assets/building/textures/T_ai_materials_fabric_warm_b_normal.png' remapped 'res://assets/building/textures/T_ai_materials_fabric_warm_b_normal.png' at thread -1
Loading resource: res://assets/building/textures/T_ai_materials_stairwell_teal_b_albedo.png remapped: res://assets/building/textures/T_ai_materials_stairwell_teal_b_albedo.png
Loading resource: res://.godot/imported/T_ai_materials_stairwell_teal_b_albedo.png-f346b97c2c9f3a11d6babdf072bc54cf.ctex remapped: res://.godot/imported/T_ai_materials_stairwell_teal_b_albedo.png-f346b97c2c9f3a11d6babdf072bc54cf.ctex
Completed load for: 'res://assets/building/textures/T_ai_materials_stairwell_teal_b_albedo.png' remapped 'res://assets/building/textures/T_ai_materials_stairwell_teal_b_albedo.png' at thread -1
Loading resource: res://assets/building/textures/T_ai_materials_stairwell_teal_b_rough.png remapped: res://assets/building/textures/T_ai_materials_stairwell_teal_b_rough.png
Loading resource: res://.godot/imported/T_ai_materials_stairwell_teal_b_rough.png-fecb08ab795128c1d9e214ec72a3981c.ctex remapped: res://.godot/imported/T_ai_materials_stairwell_teal_b_rough.png-fecb08ab795128c1d9e214ec72a3981c.ctex
Completed load for: 'res://assets/building/textures/T_ai_materials_stairwell_teal_b_rough.png' remapped 'res://assets/building/textures/T_ai_materials_stairwell_teal_b_rough.png' at thread -1
Loading resource: res://assets/building/textures/T_ai_materials_stairwell_teal_b_normal.png remapped: res://assets/building/textures/T_ai_materials_stairwell_teal_b_normal.png
Loading resource: res://.godot/imported/T_ai_materials_stairwell_teal_b_normal.png-bf57af8a648d5fc69d3477f14b690e70.ctex remapped: res://.godot/imported/T_ai_materials_stairwell_teal_b_normal.png-bf57af8a648d5fc69d3477f14b690e70.ctex
Completed load for: 'res://assets/building/textures/T_ai_materials_stairwell_teal_b_normal.png' remapped 'res://assets/building/textures/T_ai_materials_stairwell_teal_b_normal.png' at thread -1
Completed load for: 'res://assets/building/floor_01_cells/shop_radio_service.gltf' remapped 'res://assets/building/floor_01_cells/shop_radio_service.gltf' at thread -1
Loading resource: res://assets/building/floor_01_cells/shop_pawnbroker.gltf remapped: res://assets/building/floor_01_cells/shop_pawnbroker.gltf
Loading resource: res://.godot/imported/shop_pawnbroker.gltf-db2618fcdab0698383134ca17232afd9.scn remapped: res://.godot/imported/shop_pawnbroker.gltf-db2618fcdab0698383134ca17232afd9.scn
Loading resource: res://assets/building/textures/T_ai_materials_fabric_cool_b_albedo.png remapped: res://assets/building/textures/T_ai_materials_fabric_cool_b_albedo.png
Loading resource: res://.godot/imported/T_ai_materials_fabric_cool_b_albedo.png-ec2a72c31ab6639c699d83a66dfbbb34.ctex remapped: res://.godot/imported/T_ai_materials_fabric_cool_b_albedo.png-ec2a72c31ab6639c699d83a66dfbbb34.ctex
Completed load for: 'res://assets/building/textures/T_ai_materials_fabric_cool_b_albedo.png' remapped 'res://assets/building/textures/T_ai_materials_fabric_cool_b_albedo.png' at thread -1
Loading resource: res://assets/building/textures/T_ai_materials_fabric_cool_b_rough.png remapped: res://assets/building/textures/T_ai_materials_fabric_cool_b_rough.png
Loading resource: res://.godot/imported/T_ai_materials_fabric_cool_b_rough.png-18c11cb6c48c522a8d302d6418dde4a3.ctex remapped: res://.godot/imported/T_ai_materials_fabric_cool_b_rough.png-18c11cb6c48c522a8d302d6418dde4a3.ctex
Completed load for: 'res://assets/building/textures/T_ai_materials_fabric_cool_b_rough.png' remapped 'res://assets/building/textures/T_ai_materials_fabric_cool_b_rough.png' at thread -1
Loading resource: res://assets/building/textures/T_ai_materials_fabric_cool_b_normal.png remapped: res://assets/building/textures/T_ai_materials_fabric_cool_b_normal.png
Loading resource: res://.godot/imported/T_ai_materials_fabric_cool_b_normal.png-1cf90e56fb6ebd5a233206e9dbea089d.ctex remapped: res://.godot/imported/T_ai_materials_fabric_cool_b_normal.png-1cf90e56fb6ebd5a233206e9dbea089d.ctex
Completed load for: 'res://assets/building/textures/T_ai_materials_fabric_cool_b_normal.png' remapped 'res://assets/building/textures/T_ai_materials_fabric_cool_b_normal.png' at thread -1
Completed load for: 'res://assets/building/floor_01_cells/shop_pawnbroker.gltf' remapped 'res://assets/building/floor_01_cells/shop_pawnbroker.gltf' at thread -1
Loading resource: res://assets/building/floor_01_cells/shop_news_cigars.gltf remapped: res://assets/building/floor_01_cells/shop_news_cigars.gltf
Loading resource: res://.godot/imported/shop_news_cigars.gltf-639767de03fb8c35c827919751655aad.scn remapped: res://.godot/imported/shop_news_cigars.gltf-639767de03fb8c35c827919751655aad.scn
Completed load for: 'res://assets/building/floor_01_cells/shop_news_cigars.gltf' remapped 'res://assets/building/floor_01_cells/shop_news_cigars.gltf' at thread -1
Loading resource: res://assets/building/floor_01_cells/shop_otis_son.gltf remapped: res://assets/building/floor_01_cells/shop_otis_son.gltf
Loading resource: res://.godot/imported/shop_otis_son.gltf-8d80620a075c8f1c11916b1100528b08.scn remapped: res://.godot/imported/shop_otis_son.gltf-8d80620a075c8f1c11916b1100528b08.scn
Loading resource: res://assets/building/textures/T_ai_materials_marble_lobby_b_albedo.png remapped: res://assets/building/textures/T_ai_materials_marble_lobby_b_albedo.png
Loading resource: res://.godot/imported/T_ai_materials_marble_lobby_b_albedo.png-2c2c7d4d3203592407f0b083b32e76b3.ctex remapped: res://.godot/imported/T_ai_materials_marble_lobby_b_albedo.png-2c2c7d4d3203592407f0b083b32e76b3.ctex
Completed load for: 'res://assets/building/textures/T_ai_materials_marble_lobby_b_albedo.png' remapped 'res://assets/building/textures/T_ai_materials_marble_lobby_b_albedo.png' at thread -1
Loading resource: res://assets/building/textures/T_ai_materials_marble_lobby_b_rough.png remapped: res://assets/building/textures/T_ai_materials_marble_lobby_b_rough.png
Loading resource: res://.godot/imported/T_ai_materials_marble_lobby_b_rough.png-addff29d1f66b1f2b75db1a116d0aee4.ctex remapped: res://.godot/imported/T_ai_materials_marble_lobby_b_rough.png-addff29d1f66b1f2b75db1a116d0aee4.ctex
Completed load for: 'res://assets/building/textures/T_ai_materials_marble_lobby_b_rough.png' remapped 'res://assets/building/textures/T_ai_materials_marble_lobby_b_rough.png' at thread -1
Loading resource: res://assets/building/textures/T_ai_materials_marble_lobby_b_normal.png remapped: res://assets/building/textures/T_ai_materials_marble_lobby_b_normal.png
Loading resource: res://.godot/imported/T_ai_materials_marble_lobby_b_normal.png-e925c6e1636f83fc6607ae218c474bfc.ctex remapped: res://.godot/imported/T_ai_materials_marble_lobby_b_normal.png-e925c6e1636f83fc6607ae218c474bfc.ctex
Completed load for: 'res://assets/building/textures/T_ai_materials_marble_lobby_b_normal.png' remapped 'res://assets/building/textures/T_ai_materials_marble_lobby_b_normal.png' at thread -1
Loading resource: res://assets/building/textures/T_ai_materials_porcelain_b_albedo.png remapped: res://assets/building/textures/T_ai_materials_porcelain_b_albedo.png
Loading resource: res://.godot/imported/T_ai_materials_porcelain_b_albedo.png-8ea358576791348c4c69bb4acb66c614.ctex remapped: res://.godot/imported/T_ai_materials_porcelain_b_albedo.png-8ea358576791348c4c69bb4acb66c614.ctex
Completed load for: 'res://assets/building/textures/T_ai_materials_porcelain_b_albedo.png' remapped 'res://assets/building/textures/T_ai_materials_porcelain_b_albedo.png' at thread -1
Loading resource: res://assets/building/textures/T_ai_materials_porcelain_b_rough.png remapped: res://assets/building/textures/T_ai_materials_porcelain_b_rough.png
Loading resource: res://.godot/imported/T_ai_materials_porcelain_b_rough.png-e6669b74c43d2af8ba3addba3b82fe3e.ctex remapped: res://.godot/imported/T_ai_materials_porcelain_b_rough.png-e6669b74c43d2af8ba3addba3b82fe3e.ctex
Completed load for: 'res://assets/building/textures/T_ai_materials_porcelain_b_rough.png' remapped 'res://assets/building/textures/T_ai_materials_porcelain_b_rough.png' at thread -1
Loading resource: res://assets/building/textures/T_ai_materials_porcelain_b_normal.png remapped: res://assets/building/textures/T_ai_materials_porcelain_b_normal.png
Loading resource: res://.godot/imported/T_ai_materials_porcelain_b_normal.png-8d9ae3bce92e523a89bbfdd7d2aa7144.ctex remapped: res://.godot/imported/T_ai_materials_porcelain_b_normal.png-8d9ae3bce92e523a89bbfdd7d2aa7144.ctex
Completed load for: 'res://assets/building/textures/T_ai_materials_porcelain_b_normal.png' remapped 'res://assets/building/textures/T_ai_materials_porcelain_b_normal.png' at thread -1
Completed load for: 'res://assets/building/floor_01_cells/shop_otis_son.gltf' remapped 'res://assets/building/floor_01_cells/shop_otis_son.gltf' at thread -1
Loading resource: res://assets/building/floor_01_cells/shop_luncheonette.gltf remapped: res://assets/building/floor_01_cells/shop_luncheonette.gltf
Loading resource: res://.godot/imported/shop_luncheonette.gltf-372a2d7958587adc9c5787af4c1c6d5a.scn remapped: res://.godot/imported/shop_luncheonette.gltf-372a2d7958587adc9c5787af4c1c6d5a.scn
Completed load for: 'res://assets/building/floor_01_cells/shop_luncheonette.gltf' remapped 'res://assets/building/floor_01_cells/shop_luncheonette.gltf' at thread -1
Loading resource: res://assets/building/textures/height/common_brick_b.png remapped: res://assets/building/textures/height/common_brick_b.png
Loading resource: res://.godot/imported/common_brick_b.png-5ab7100b204e54d07a0e273a6f8d169b.ctex remapped: res://.godot/imported/common_brick_b.png-5ab7100b204e54d07a0e273a6f8d169b.ctex
Completed load for: 'res://assets/building/textures/height/common_brick_b.png' remapped 'res://assets/building/textures/height/common_brick_b.png' at thread -1
Loading resource: res://assets/building/textures/height/cast_iron_b.png remapped: res://assets/building/textures/height/cast_iron_b.png
Loading resource: res://.godot/imported/cast_iron_b.png-3040b3d070c299eaa01681525772afd0.ctex remapped: res://.godot/imported/cast_iron_b.png-3040b3d070c299eaa01681525772afd0.ctex
Completed load for: 'res://assets/building/textures/height/cast_iron_b.png' remapped 'res://assets/building/textures/height/cast_iron_b.png' at thread -1
Loading resource: res://assets/building/textures/height/face_brick_b.png remapped: res://assets/building/textures/height/face_brick_b.png
Loading resource: res://.godot/imported/face_brick_b.png-669ae036fc98ded0d2e89ee942061bd9.ctex remapped: res://.godot/imported/face_brick_b.png-669ae036fc98ded0d2e89ee942061bd9.ctex
Completed load for: 'res://assets/building/textures/height/face_brick_b.png' remapped 'res://assets/building/textures/height/face_brick_b.png' at thread -1
Loading resource: res://assets/building/textures/height/limestone_b.png remapped: res://assets/building/textures/height/limestone_b.png
Loading resource: res://.godot/imported/limestone_b.png-d285d624e959feed2aa45691553bcc66.ctex remapped: res://.godot/imported/limestone_b.png-d285d624e959feed2aa45691553bcc66.ctex
Completed load for: 'res://assets/building/textures/height/limestone_b.png' remapped 'res://assets/building/textures/height/limestone_b.png' at thread -1
Loading resource: res://assets/building/textures/height/subway_tile_b.png remapped: res://assets/building/textures/height/subway_tile_b.png
Loading resource: res://.godot/imported/subway_tile_b.png-8b610ac7969c6f4f97d57c2d22bd5080.ctex remapped: res://.godot/imported/subway_tile_b.png-8b610ac7969c6f4f97d57c2d22bd5080.ctex
Completed load for: 'res://assets/building/textures/height/subway_tile_b.png' remapped 'res://assets/building/textures/height/subway_tile_b.png' at thread -1
Loading resource: res://assets/building/textures/height/concrete_b.png remapped: res://assets/building/textures/height/concrete_b.png
Loading resource: res://.godot/imported/concrete_b.png-c752575018edc915092f624e004e488c.ctex remapped: res://.godot/imported/concrete_b.png-c752575018edc915092f624e004e488c.ctex
Completed load for: 'res://assets/building/textures/height/concrete_b.png' remapped 'res://assets/building/textures/height/concrete_b.png' at thread -1
Loading resource: res://assets/building/textures/height/terrazzo_b.png remapped: res://assets/building/textures/height/terrazzo_b.png
Loading resource: res://.godot/imported/terrazzo_b.png-d82639020ec31ab13338440aa479b147.ctex remapped: res://.godot/imported/terrazzo_b.png-d82639020ec31ab13338440aa479b147.ctex
Completed load for: 'res://assets/building/textures/height/terrazzo_b.png' remapped 'res://assets/building/textures/height/terrazzo_b.png' at thread -1
Loading resource: res://assets/building/textures/height/trim_b.png remapped: res://assets/building/textures/height/trim_b.png
Loading resource: res://.godot/imported/trim_b.png-ccfa895ed31a0fabe6239c8f71ce1f26.ctex remapped: res://.godot/imported/trim_b.png-ccfa895ed31a0fabe6239c8f71ce1f26.ctex
Completed load for: 'res://assets/building/textures/height/trim_b.png' remapped 'res://assets/building/textures/height/trim_b.png' at thread -1
Loading resource: res://assets/building/textures/height/plywood_b.png remapped: res://assets/building/textures/height/plywood_b.png
Loading resource: res://.godot/imported/plywood_b.png-e9a3dbadc6813df4bdb0ddf10369ffe9.ctex remapped: res://.godot/imported/plywood_b.png-e9a3dbadc6813df4bdb0ddf10369ffe9.ctex
Completed load for: 'res://assets/building/textures/height/plywood_b.png' remapped 'res://assets/building/textures/height/plywood_b.png' at thread -1
Loading resource: res://assets/building/textures/height/timber_b.png remapped: res://assets/building/textures/height/timber_b.png
Loading resource: res://.godot/imported/timber_b.png-bdfa325145db0b566ec0055354ae15bf.ctex remapped: res://.godot/imported/timber_b.png-bdfa325145db0b566ec0055354ae15bf.ctex
Completed load for: 'res://assets/building/textures/height/timber_b.png' remapped 'res://assets/building/textures/height/timber_b.png' at thread -1
Loading resource: res://assets/building/textures/height/wainscot_b.png remapped: res://assets/building/textures/height/wainscot_b.png
Loading resource: res://.godot/imported/wainscot_b.png-7d8347ee7bea7276adfbd1a496dcf1e6.ctex remapped: res://.godot/imported/wainscot_b.png-7d8347ee7bea7276adfbd1a496dcf1e6.ctex
Completed load for: 'res://assets/building/textures/height/wainscot_b.png' remapped 'res://assets/building/textures/height/wainscot_b.png' at thread -1
Loading resource: res://assets/building/textures/height/floor_oak_b.png remapped: res://assets/building/textures/height/floor_oak_b.png
Loading resource: res://.godot/imported/floor_oak_b.png-5ef31be5a9cdcc14c554b4e57827be9d.ctex remapped: res://.godot/imported/floor_oak_b.png-5ef31be5a9cdcc14c554b4e57827be9d.ctex
Completed load for: 'res://assets/building/textures/height/floor_oak_b.png' remapped 'res://assets/building/textures/height/floor_oak_b.png' at thread -1
Loading resource: res://assets/building/textures/height/tin_ceiling_b.png remapped: res://assets/building/textures/height/tin_ceiling_b.png
Loading resource: res://.godot/imported/tin_ceiling_b.png-2329c1c53a5ee560e0441488093a18b6.ctex remapped: res://.godot/imported/tin_ceiling_b.png-2329c1c53a5ee560e0441488093a18b6.ctex
Completed load for: 'res://assets/building/textures/height/tin_ceiling_b.png' remapped 'res://assets/building/textures/height/tin_ceiling_b.png' at thread -1
Loading resource: res://assets/building/textures/height/linoleum_b.png remapped: res://assets/building/textures/height/linoleum_b.png
Loading resource: res://.godot/imported/linoleum_b.png-6d834cb2e3affa086a95802c3753b93c.ctex remapped: res://.godot/imported/linoleum_b.png-6d834cb2e3affa086a95802c3753b93c.ctex
Completed load for: 'res://assets/building/textures/height/linoleum_b.png' remapped 'res://assets/building/textures/height/linoleum_b.png' at thread -1
Loading resource: res://assets/building/textures/height/marble_lobby_b.png remapped: res://assets/building/textures/height/marble_lobby_b.png
Loading resource: res://.godot/imported/marble_lobby_b.png-888242a3be9460a9fc361944a471ed34.ctex remapped: res://.godot/imported/marble_lobby_b.png-888242a3be9460a9fc361944a471ed34.ctex
Completed load for: 'res://assets/building/textures/height/marble_lobby_b.png' remapped 'res://assets/building/textures/height/marble_lobby_b.png' at thread -1
[SURFACE] 320 surfaces layered (293 materials)
[PASSAGE HOURS] OPEN; 10 grilles folded
[PASSAGE HOURS] 11 shopfronts, 10 close after 02:00, HARDWARE PAINT keeps night service
[PASSAGE FINISH] 6 gated draws, 3 handcarts, hours active
[V2 PASSAGE] 13 resident cells; 11 doors; 1 shared-service counters
Loading resource: res://assets/audio/freesound/processed/mechanical/line_murmur_loop.ogg remapped: res://assets/audio/freesound/processed/mechanical/line_murmur_loop.ogg
Loading resource: res://.godot/imported/line_murmur_loop.ogg-58dc2a86d2b9e887623cad7a05a443c3.oggvorbisstr remapped: res://.godot/imported/line_murmur_loop.ogg-58dc2a86d2b9e887623cad7a05a443c3.oggvorbisstr
Completed load for: 'res://assets/audio/freesound/processed/mechanical/line_murmur_loop.ogg' remapped 'res://assets/audio/freesound/processed/mechanical/line_murmur_loop.ogg' at thread -1
Loading resource: res://assets/audio/freesound/processed/mechanical/distant_breath.ogg remapped: res://assets/audio/freesound/processed/mechanical/distant_breath.ogg
Loading resource: res://.godot/imported/distant_breath.ogg-af2a52e68bd22f8abb30fdf9517346e3.oggvorbisstr remapped: res://.godot/imported/distant_breath.ogg-af2a52e68bd22f8abb30fdf9517346e3.oggvorbisstr
Completed load for: 'res://assets/audio/freesound/processed/mechanical/distant_breath.ogg' remapped 'res://assets/audio/freesound/processed/mechanical/distant_breath.ogg' at thread -1
Loading resource: res://assets/audio/freesound/processed/mechanical/operator_whistle.ogg remapped: res://assets/audio/freesound/processed/mechanical/operator_whistle.ogg
Loading resource: res://.godot/imported/operator_whistle.ogg-184bf106cc8a40bda770eae3695fc798.oggvorbisstr remapped: res://.godot/imported/operator_whistle.ogg-184bf106cc8a40bda770eae3695fc798.oggvorbisstr
Completed load for: 'res://assets/audio/freesound/processed/mechanical/operator_whistle.ogg' remapped 'res://assets/audio/freesound/processed/mechanical/operator_whistle.ogg' at thread -1
[SCHEDULE] director live: 18 residents on the clock
[ORISON V2 RUNTIME] ready startup_ms=3696.903
[LIGHTING] 54 sources active in system; 54 full personalities; profiles steady/breathe/mains/beat/dropout=[10, 9, 12, 17, 6]
LOAD TEARDOWN: production world starts = true
LOAD TEARDOWN: requests issued but not consumed = true
Loading resource: res://assets/building/textures/height/plywood_b.png remapped: res://assets/building/textures/height/plywood_b.png
Loading resource: res://assets/building/textures/height/trim_b.png remapped: res://assets/building/textures/height/trim_b.png
Loading resource: res://assets/building/textures/height/concrete_b.png remapped: res://assets/building/textures/height/concrete_b.png
Loading resource: res://assets/building/textures/height/terrazzo_b.png remapped: res://assets/building/textures/height/terrazzo_b.png
Loading resource: res://.godot/imported/plywood_b.png-e9a3dbadc6813df4bdb0ddf10369ffe9.ctex remapped: res://.godot/imported/plywood_b.png-e9a3dbadc6813df4bdb0ddf10369ffe9.ctex
Loading resource: res://.godot/imported/trim_b.png-ccfa895ed31a0fabe6239c8f71ce1f26.ctex remapped: res://.godot/imported/trim_b.png-ccfa895ed31a0fabe6239c8f71ce1f26.ctex
Loading resource: res://.godot/imported/concrete_b.png-c752575018edc915092f624e004e488c.ctex remapped: res://.godot/imported/concrete_b.png-c752575018edc915092f624e004e488c.ctex
Loading resource: res://.godot/imported/terrazzo_b.png-d82639020ec31ab13338440aa479b147.ctex remapped: res://.godot/imported/terrazzo_b.png-d82639020ec31ab13338440aa479b147.ctex
Loading resource: res://assets/building/textures/height/wainscot_b.png remapped: res://assets/building/textures/height/wainscot_b.png
Completed load for: 'res://assets/building/textures/height/plywood_b.png' remapped 'res://assets/building/textures/height/plywood_b.png' at thread 3
Completed load for: 'res://assets/building/textures/height/trim_b.png' remapped 'res://assets/building/textures/height/trim_b.png' at thread 2
Completed load for: 'res://assets/building/textures/height/concrete_b.png' remapped 'res://assets/building/textures/height/concrete_b.png' at thread 0
Loading resource: res://assets/building/textures/height/floor_oak_b.png remapped: res://assets/building/textures/height/floor_oak_b.png
Loading resource: res://assets/building/textures/height/tin_ceiling_b.png remapped: res://assets/building/textures/height/tin_ceiling_b.png
Loading resource: res://assets/building/textures/height/linoleum_b.png remapped: res://assets/building/textures/height/linoleum_b.png
Loading resource: res://assets/building/textures/height/marble_lobby_b.png remapped: res://assets/building/textures/height/marble_lobby_b.png
Loading resource: res://.godot/imported/floor_oak_b.png-5ef31be5a9cdcc14c554b4e57827be9d.ctex remapped: res://.godot/imported/floor_oak_b.png-5ef31be5a9cdcc14c554b4e57827be9d.ctex
Loading resource: res://.godot/imported/tin_ceiling_b.png-2329c1c53a5ee560e0441488093a18b6.ctex remapped: res://.godot/imported/tin_ceiling_b.png-2329c1c53a5ee560e0441488093a18b6.ctex
Loading resource: res://.godot/imported/linoleum_b.png-6d834cb2e3affa086a95802c3753b93c.ctex remapped: res://.godot/imported/linoleum_b.png-6d834cb2e3affa086a95802c3753b93c.ctex
Loading resource: res://.godot/imported/marble_lobby_b.png-888242a3be9460a9fc361944a471ed34.ctex remapped: res://.godot/imported/marble_lobby_b.png-888242a3be9460a9fc361944a471ed34.ctex
Loading resource: res://.godot/imported/wainscot_b.png-7d8347ee7bea7276adfbd1a496dcf1e6.ctex remapped: res://.godot/imported/wainscot_b.png-7d8347ee7bea7276adfbd1a496dcf1e6.ctex
Completed load for: 'res://assets/building/textures/height/floor_oak_b.png' remapped 'res://assets/building/textures/height/floor_oak_b.png' at thread 6
Completed load for: 'res://assets/building/textures/height/tin_ceiling_b.png' remapped 'res://assets/building/textures/height/tin_ceiling_b.png' at thread 3
Completed load for: 'res://assets/building/textures/height/linoleum_b.png' remapped 'res://assets/building/textures/height/linoleum_b.png' at thread 2
Completed load for: 'res://assets/building/textures/height/marble_lobby_b.png' remapped 'res://assets/building/textures/height/marble_lobby_b.png' at thread 0
Completed load for: 'res://assets/building/textures/height/terrazzo_b.png' remapped 'res://assets/building/textures/height/terrazzo_b.png' at thread 1
Loading resource: res://assets/building/floor_01_cells/shop_model_laundry.gltf remapped: res://assets/building/floor_01_cells/shop_model_laundry.gltf
Loading resource: res://assets/building/floor_01_cells/shop_shoe_rebuilding.gltf remapped: res://assets/building/floor_01_cells/shop_shoe_rebuilding.gltf
Loading resource: res://assets/building/floor_01_cells/shop_keys_cut.gltf remapped: res://assets/building/floor_01_cells/shop_keys_cut.gltf
Loading resource: res://assets/building/floor_01_cells/shop_hardware_paint.gltf remapped: res://assets/building/floor_01_cells/shop_hardware_paint.gltf
Loading resource: res://assets/building/floor_01_cells/passage.gltf remapped: res://assets/building/floor_01_cells/passage.gltf
Loading resource: res://.godot/imported/shop_shoe_rebuilding.gltf-5b789565787d467858dcf8e419253db2.scn remapped: res://.godot/imported/shop_shoe_rebuilding.gltf-5b789565787d467858dcf8e419253db2.scn
Loading resource: res://.godot/imported/shop_keys_cut.gltf-a09a573a41a1ae479680fa7939aea87a.scn remapped: res://.godot/imported/shop_keys_cut.gltf-a09a573a41a1ae479680fa7939aea87a.scn
Loading resource: res://.godot/imported/shop_hardware_paint.gltf-5fa7db9168fb194289d4341890065745.scn remapped: res://.godot/imported/shop_hardware_paint.gltf-5fa7db9168fb194289d4341890065745.scn
Loading resource: res://.godot/imported/passage.gltf-b31f3078d96e73dec24aab326f844259.scn remapped: res://.godot/imported/passage.gltf-b31f3078d96e73dec24aab326f844259.scn
Loading resource: res://assets/building/textures/T_ai_materials_brass_bright_albedo.png remapped: res://assets/building/textures/T_ai_materials_brass_bright_albedo.png
Loading resource: res://assets/building/textures/T_ai_materials_brass_b_albedo.png remapped: res://assets/building/textures/T_ai_materials_brass_b_albedo.png
Loading resource: res://assets/building/textures/T_library_furniture_book_teal_albedo.png remapped: res://assets/building/textures/T_library_furniture_book_teal_albedo.png
Loading resource: res://assets/building/textures/T_ai_materials_brass_albedo.png remapped: res://assets/building/textures/T_ai_materials_brass_albedo.png
Loading resource: res://.godot/imported/T_ai_materials_brass_bright_albedo.png-ca745ebeec9cc23eaf8617d17a150695.ctex remapped: res://.godot/imported/T_ai_materials_brass_bright_albedo.png-ca745ebeec9cc23eaf8617d17a150695.ctex
Loading resource: res://.godot/imported/T_ai_materials_brass_b_albedo.png-4bf0699357ead7370ff4fe06c13a253f.ctex remapped: res://.godot/imported/T_ai_materials_brass_b_albedo.png-4bf0699357ead7370ff4fe06c13a253f.ctex
Loading resource: res://.godot/imported/T_library_furniture_book_teal_albedo.png-74dcfbf89bf310cd492244585ec6869c.ctex remapped: res://.godot/imported/T_library_furniture_book_teal_albedo.png-74dcfbf89bf310cd492244585ec6869c.ctex
Loading resource: res://.godot/imported/T_ai_materials_brass_albedo.png-d52ac6c561f06ba9aeaba322948a4481.ctex remapped: res://.godot/imported/T_ai_materials_brass_albedo.png-d52ac6c561f06ba9aeaba322948a4481.ctex
Completed load for: 'res://assets/building/textures/height/wainscot_b.png' remapped 'res://assets/building/textures/height/wainscot_b.png' at thread 5
Completed load for: 'res://assets/building/textures/T_ai_materials_brass_bright_albedo.png' remapped 'res://assets/building/textures/T_ai_materials_brass_bright_albedo.png' at thread 2
Loading resource: res://assets/building/textures/T_ai_materials_brass_bright_rough.png remapped: res://assets/building/textures/T_ai_materials_brass_bright_rough.png
Loading resource: res://.godot/imported/shop_model_laundry.gltf-b58f6150b156b26529f4ed6496522f5b.scn remapped: res://.godot/imported/shop_model_laundry.gltf-b58f6150b156b26529f4ed6496522f5b.scn
Loading resource: res://assets/building/floor_01_cells/shop_funeral_parlour.gltf remapped: res://assets/building/floor_01_cells/shop_funeral_parlour.gltf
Loading resource: res://.godot/imported/T_ai_materials_brass_bright_rough.png-58df16093d1dd6355ecf20ec17b530dc.ctex remapped: res://.godot/imported/T_ai_materials_brass_bright_rough.png-58df16093d1dd6355ecf20ec17b530dc.ctex
Loading resource: res://assets/building/textures/T_ai_materials_awning_vinyl_albedo.png remapped: res://assets/building/textures/T_ai_materials_awning_vinyl_albedo.png
Loading resource: res://.godot/imported/T_ai_materials_awning_vinyl_albedo.png-ada8a06823385c66fc33257ea93ef3fd.ctex remapped: res://.godot/imported/T_ai_materials_awning_vinyl_albedo.png-ada8a06823385c66fc33257ea93ef3fd.ctex
Completed load for: 'res://assets/building/textures/T_library_furniture_book_teal_albedo.png' remapped 'res://assets/building/textures/T_library_furniture_book_teal_albedo.png' at thread 1
Loading resource: res://assets/building/textures/T_library_furniture_book_teal_rough.png remapped: res://assets/building/textures/T_library_furniture_book_teal_rough.png
Loading resource: res://.godot/imported/T_library_furniture_book_teal_rough.png-ecfa8ad6e1f31a3c7eec8ad49b05f740.ctex remapped: res://.godot/imported/T_library_furniture_book_teal_rough.png-ecfa8ad6e1f31a3c7eec8ad49b05f740.ctex
Completed load for: 'res://assets/building/textures/T_library_furniture_book_teal_rough.png' remapped 'res://assets/building/textures/T_library_furniture_book_teal_rough.png' at thread 1
Loading resource: res://assets/building/textures/T_library_furniture_book_teal_normal.png remapped: res://assets/building/textures/T_library_furniture_book_teal_normal.png
Loading resource: res://.godot/imported/T_library_furniture_book_teal_normal.png-8e3b991126d0a76a5f5651e8265909b8.ctex remapped: res://.godot/imported/T_library_furniture_book_teal_normal.png-8e3b991126d0a76a5f5651e8265909b8.ctex
Completed load for: 'res://assets/building/textures/T_ai_materials_brass_bright_rough.png' remapped 'res://assets/building/textures/T_ai_materials_brass_bright_rough.png' at thread 2
Loading resource: res://assets/building/textures/height/timber_b.png remapped: res://assets/building/textures/height/timber_b.png
Loading resource: res://.godot/imported/shop_funeral_parlour.gltf-ac38f59490db5f5c5e9d79e4d7410699.scn remapped: res://.godot/imported/shop_funeral_parlour.gltf-ac38f59490db5f5c5e9d79e4d7410699.scn
Loading resource: res://assets/building/textures/T_ai_materials_brass_bright_normal.png remapped: res://assets/building/textures/T_ai_materials_brass_bright_normal.png
Completed load for: 'res://assets/building/textures/T_ai_materials_brass_b_albedo.png' remapped 'res://assets/building/textures/T_ai_materials_brass_b_albedo.png' at thread 0
Completed load for: 'res://assets/building/textures/T_library_furniture_book_teal_normal.png' remapped 'res://assets/building/textures/T_library_furniture_book_teal_normal.png' at thread 1
Loading resource: res://assets/building/textures/T_ai_materials_awning_vinyl_rough.png remapped: res://assets/building/textures/T_ai_materials_awning_vinyl_rough.png
Loading resource: res://.godot/imported/timber_b.png-bdfa325145db0b566ec0055354ae15bf.ctex remapped: res://.godot/imported/timber_b.png-bdfa325145db0b566ec0055354ae15bf.ctex
Completed load for: 'res://assets/building/textures/T_ai_materials_brass_albedo.png' remapped 'res://assets/building/textures/T_ai_materials_brass_albedo.png' at thread 6
Loading resource: res://.godot/imported/T_ai_materials_brass_bright_normal.png-c4eac1a7bc69934dde04d1dba8c73d79.ctex remapped: res://.godot/imported/T_ai_materials_brass_bright_normal.png-c4eac1a7bc69934dde04d1dba8c73d79.ctex
Loading resource: res://assets/building/textures/T_ai_materials_brass_b_rough.png remapped: res://assets/building/textures/T_ai_materials_brass_b_rough.png
Completed load for: 'res://assets/building/textures/T_ai_materials_awning_vinyl_albedo.png' remapped 'res://assets/building/textures/T_ai_materials_awning_vinyl_albedo.png' at thread 3
Loading resource: res://.godot/imported/T_ai_materials_awning_vinyl_rough.png-ff06f58fa41d2a9a8804466f6fb87cf2.ctex remapped: res://.godot/imported/T_ai_materials_awning_vinyl_rough.png-ff06f58fa41d2a9a8804466f6fb87cf2.ctex
Loading resource: res://assets/building/textures/T_ai_materials_brass_rough.png remapped: res://assets/building/textures/T_ai_materials_brass_rough.png
Loading resource: res://assets/building/textures/T_ai_materials_brass_normal.png remapped: res://assets/building/textures/T_ai_materials_brass_normal.png
Completed load for: 'res://assets/building/textures/T_ai_materials_brass_bright_normal.png' remapped 'res://assets/building/textures/T_ai_materials_brass_bright_normal.png' at thread 2
Loading resource: res://.godot/imported/T_ai_materials_brass_b_rough.png-061ad592b7a03328e83ea2ab0b9b9b69.ctex remapped: res://.godot/imported/T_ai_materials_brass_b_rough.png-061ad592b7a03328e83ea2ab0b9b9b69.ctex
Loading resource: res://assets/building/textures/T_ai_materials_awning_vinyl_normal.png remapped: res://assets/building/textures/T_ai_materials_awning_vinyl_normal.png
Loading resource: res://.godot/imported/T_ai_materials_brass_normal.png-a2e10dbfa07b6c98b912af52001ef6f7.ctex remapped: res://.godot/imported/T_ai_materials_brass_normal.png-a2e10dbfa07b6c98b912af52001ef6f7.ctex
Loading resource: res://assets/building/textures/T_ai_materials_concrete_b_albedo.png remapped: res://assets/building/textures/T_ai_materials_concrete_b_albedo.png
Completed load for: 'res://assets/building/textures/T_ai_materials_awning_vinyl_rough.png' remapped 'res://assets/building/textures/T_ai_materials_awning_vinyl_rough.png' at thread 5
Completed load for: 'res://assets/building/textures/height/timber_b.png' remapped 'res://assets/building/textures/height/timber_b.png' at thread 4
Loading resource: res://.godot/imported/T_ai_materials_brass_rough.png-c32b1e7aaca26621f4caaae3633414cd.ctex remapped: res://.godot/imported/T_ai_materials_brass_rough.png-c32b1e7aaca26621f4caaae3633414cd.ctex
Loading resource: res://.godot/imported/T_ai_materials_awning_vinyl_normal.png-24d6c82ca12f202eda94433bd6bb75a2.ctex remapped: res://.godot/imported/T_ai_materials_awning_vinyl_normal.png-24d6c82ca12f202eda94433bd6bb75a2.ctex
Completed load for: 'res://assets/building/textures/T_ai_materials_brass_rough.png' remapped 'res://assets/building/textures/T_ai_materials_brass_rough.png' at thread 1
Loading resource: res://assets/building/textures/T_ai_materials_concrete_b_rough.png remapped: res://assets/building/textures/T_ai_materials_concrete_b_rough.png
Loading resource: res://.godot/imported/T_ai_materials_concrete_b_rough.png-24c085fcfa4903a3d600f9247a5b5c47.ctex remapped: res://.godot/imported/T_ai_materials_concrete_b_rough.png-24c085fcfa4903a3d600f9247a5b5c47.ctex
Completed load for: 'res://assets/building/textures/T_ai_materials_concrete_b_rough.png' remapped 'res://assets/building/textures/T_ai_materials_concrete_b_rough.png' at thread 1
Loading resource: res://assets/building/textures/T_ai_materials_concrete_b_normal.png remapped: res://assets/building/textures/T_ai_materials_concrete_b_normal.png
Loading resource: res://.godot/imported/T_ai_materials_concrete_b_normal.png-c327e91076e5561832c5e42c33cf69c5.ctex remapped: res://.godot/imported/T_ai_materials_concrete_b_normal.png-c327e91076e5561832c5e42c33cf69c5.ctex
Completed load for: 'res://assets/building/textures/T_ai_materials_brass_normal.png' remapped 'res://assets/building/textures/T_ai_materials_brass_normal.png' at thread 6
Loading resource: res://.godot/imported/T_ai_materials_concrete_b_albedo.png-929f0b1f6424f6370bc8e574b7074b35.ctex remapped: res://.godot/imported/T_ai_materials_concrete_b_albedo.png-929f0b1f6424f6370bc8e574b7074b35.ctex
Completed load for: 'res://assets/building/textures/T_ai_materials_awning_vinyl_normal.png' remapped 'res://assets/building/textures/T_ai_materials_awning_vinyl_normal.png' at thread 3
Loading resource: res://assets/building/textures/T_ai_materials_bakelite_b_albedo.png remapped: res://assets/building/textures/T_ai_materials_bakelite_b_albedo.png
Loading resource: res://.godot/imported/T_ai_materials_bakelite_b_albedo.png-0e2bd11e257be62c842385d9117c6a44.ctex remapped: res://.godot/imported/T_ai_materials_bakelite_b_albedo.png-0e2bd11e257be62c842385d9117c6a44.ctex
Loading resource: res://assets/building/textures/T_ai_materials_milk_glass_albedo.png remapped: res://assets/building/textures/T_ai_materials_milk_glass_albedo.png
Loading resource: res://.godot/imported/T_ai_materials_milk_glass_albedo.png-c4e531ea030fd79cca5cac8f447f86db.ctex remapped: res://.godot/imported/T_ai_materials_milk_glass_albedo.png-c4e531ea030fd79cca5cac8f447f86db.ctex
Completed load for: 'res://assets/building/textures/T_ai_materials_concrete_b_normal.png' remapped 'res://assets/building/textures/T_ai_materials_concrete_b_normal.png' at thread 1
Loading resource: res://assets/building/textures/T_ai_materials_countertop_b_albedo.png remapped: res://assets/building/textures/T_ai_materials_countertop_b_albedo.png
Loading resource: res://assets/building/textures/T_ai_materials_bronze_albedo.png remapped: res://assets/building/textures/T_ai_materials_bronze_albedo.png
Loading resource: res://assets/building/floor_01_cells/shop_photo_supplies.gltf remapped: res://assets/building/floor_01_cells/shop_photo_supplies.gltf
Completed load for: 'res://assets/building/textures/T_ai_materials_milk_glass_albedo.png' remapped 'res://assets/building/textures/T_ai_materials_milk_glass_albedo.png' at thread 6
Completed load for: 'res://assets/building/textures/T_ai_materials_brass_b_rough.png' remapped 'res://assets/building/textures/T_ai_materials_brass_b_rough.png' at thread 0
Completed load for: 'res://assets/building/textures/T_ai_materials_concrete_b_albedo.png' remapped 'res://assets/building/textures/T_ai_materials_concrete_b_albedo.png' at thread 2
Loading resource: res://.godot/imported/T_ai_materials_countertop_b_albedo.png-7747e15b3a864ca2bd74a9d6d99d054a.ctex remapped: res://.godot/imported/T_ai_materials_countertop_b_albedo.png-7747e15b3a864ca2bd74a9d6d99d054a.ctex
Completed load for: 'res://assets/building/textures/T_ai_materials_bakelite_b_albedo.png' remapped 'res://assets/building/textures/T_ai_materials_bakelite_b_albedo.png' at thread 3
Loading resource: res://assets/building/textures/T_ai_materials_brass_b_normal.png remapped: res://assets/building/textures/T_ai_materials_brass_b_normal.png
Loading resource: res://assets/building/textures/T_ai_materials_countertop_b_rough.png remapped: res://assets/building/textures/T_ai_materials_countertop_b_rough.png
Loading resource: res://.godot/imported/T_ai_materials_bronze_albedo.png-117e43b096427042a261f354643a8a93.ctex remapped: res://.godot/imported/T_ai_materials_bronze_albedo.png-117e43b096427042a261f354643a8a93.ctex
Loading resource: res://assets/building/textures/T_ai_materials_bakelite_b_rough.png remapped: res://assets/building/textures/T_ai_materials_bakelite_b_rough.png
Loading resource: res://assets/building/textures/T_ai_materials_milk_glass_rough.png remapped: res://assets/building/textures/T_ai_materials_milk_glass_rough.png
Loading resource: res://.godot/imported/shop_photo_supplies.gltf-8a5f6fdc20921bf5705d4d651246de21.scn remapped: res://.godot/imported/shop_photo_supplies.gltf-8a5f6fdc20921bf5705d4d651246de21.scn
Loading resource: res://.godot/imported/T_ai_materials_bakelite_b_rough.png-16faaf6d7def61818ccfe46f27b1eb83.ctex remapped: res://.godot/imported/T_ai_materials_bakelite_b_rough.png-16faaf6d7def61818ccfe46f27b1eb83.ctex
Loading resource: res://.godot/imported/T_ai_materials_milk_glass_rough.png-5371865fb2b201d2c1772d1a1599e624.ctex remapped: res://.godot/imported/T_ai_materials_milk_glass_rough.png-5371865fb2b201d2c1772d1a1599e624.ctex
Completed load for: 'res://assets/building/textures/T_ai_materials_bronze_albedo.png' remapped 'res://assets/building/textures/T_ai_materials_bronze_albedo.png' at thread 5
Loading resource: res://.godot/imported/T_ai_materials_countertop_b_rough.png-7adf2ce20f7bc700d5fa1cc31a0ea521.ctex remapped: res://.godot/imported/T_ai_materials_countertop_b_rough.png-7adf2ce20f7bc700d5fa1cc31a0ea521.ctex
Loading resource: res://assets/building/textures/T_ai_materials_bakelite_b_normal.png remapped: res://assets/building/textures/T_ai_materials_bakelite_b_normal.png
Completed load for: 'res://assets/building/textures/T_ai_materials_bakelite_b_rough.png' remapped 'res://assets/building/textures/T_ai_materials_bakelite_b_rough.png' at thread 3
Loading resource: res://.godot/imported/T_ai_materials_brass_b_normal.png-0d1bc0f391effa61fcb62492a18cd898.ctex remapped: res://.godot/imported/T_ai_materials_brass_b_normal.png-0d1bc0f391effa61fcb62492a18cd898.ctex
Loading resource: res://.godot/imported/T_ai_materials_bakelite_b_normal.png-2ad93fd79039d092e3718018cac9ec7a.ctex remapped: res://.godot/imported/T_ai_materials_bakelite_b_normal.png-2ad93fd79039d092e3718018cac9ec7a.ctex
Completed load for: 'res://assets/building/textures/T_ai_materials_countertop_b_rough.png' remapped 'res://assets/building/textures/T_ai_materials_countertop_b_rough.png' at thread 2
Completed load for: 'res://assets/building/textures/T_ai_materials_countertop_b_albedo.png' remapped 'res://assets/building/textures/T_ai_materials_countertop_b_albedo.png' at thread 1
Loading resource: res://assets/building/textures/T_ai_materials_bronze_rough.png remapped: res://assets/building/textures/T_ai_materials_bronze_rough.png
Loading resource: res://assets/building/textures/T_ai_materials_countertop_b_normal.png remapped: res://assets/building/textures/T_ai_materials_countertop_b_normal.png
Loading resource: res://assets/building/textures/T_ai_materials_fabric_green_b_albedo.png remapped: res://assets/building/textures/T_ai_materials_fabric_green_b_albedo.png
Loading resource: res://.godot/imported/T_ai_materials_bronze_rough.png-af7e0f447bc02a289ef6786dbbd49eae.ctex remapped: res://.godot/imported/T_ai_materials_bronze_rough.png-af7e0f447bc02a289ef6786dbbd49eae.ctex
Loading resource: res://.godot/imported/T_ai_materials_countertop_b_normal.png-3ea418e93369747afe6e7e081756a297.ctex remapped: res://.godot/imported/T_ai_materials_countertop_b_normal.png-3ea418e93369747afe6e7e081756a297.ctex
Completed load for: 'res://assets/building/textures/T_ai_materials_bakelite_b_normal.png' remapped 'res://assets/building/textures/T_ai_materials_bakelite_b_normal.png' at thread 4
Loading resource: res://.godot/imported/T_ai_materials_fabric_green_b_albedo.png-5807e3ae5d7ec84a55295f712a88f820.ctex remapped: res://.godot/imported/T_ai_materials_fabric_green_b_albedo.png-5807e3ae5d7ec84a55295f712a88f820.ctex
Completed load for: 'res://assets/building/textures/T_ai_materials_bronze_rough.png' remapped 'res://assets/building/textures/T_ai_materials_bronze_rough.png' at thread 5
Loading resource: res://assets/building/textures/T_library_furniture_book_ochre_albedo.png remapped: res://assets/building/textures/T_library_furniture_book_ochre_albedo.png
Loading resource: res://assets/building/textures/T_ai_materials_chrome_b_albedo.png remapped: res://assets/building/textures/T_ai_materials_chrome_b_albedo.png
Loading resource: res://assets/building/textures/T_ai_materials_bronze_normal.png remapped: res://assets/building/textures/T_ai_materials_bronze_normal.png
Loading resource: res://.godot/imported/T_library_furniture_book_ochre_albedo.png-55380320f95ff584f3ea00d82b0989cc.ctex remapped: res://.godot/imported/T_library_furniture_book_ochre_albedo.png-55380320f95ff584f3ea00d82b0989cc.ctex
Loading resource: res://.godot/imported/T_ai_materials_chrome_b_albedo.png-9298f376c0fab7b62656218c3c9cf10e.ctex remapped: res://.godot/imported/T_ai_materials_chrome_b_albedo.png-9298f376c0fab7b62656218c3c9cf10e.ctex
Loading resource: res://.godot/imported/T_ai_materials_bronze_normal.png-dbdd5a90f97363fdc55a9daf5c69d131.ctex remapped: res://.godot/imported/T_ai_materials_bronze_normal.png-dbdd5a90f97363fdc55a9daf5c69d131.ctex
Completed load for: 'res://assets/building/textures/T_library_furniture_book_ochre_albedo.png' remapped 'res://assets/building/textures/T_library_furniture_book_ochre_albedo.png' at thread 4
Loading resource: res://assets/building/textures/T_library_furniture_book_ochre_rough.png remapped: res://assets/building/textures/T_library_furniture_book_ochre_rough.png
Loading resource: res://.godot/imported/T_library_furniture_book_ochre_rough.png-dea0bca5a92839d1932d64c5387dc971.ctex remapped: res://.godot/imported/T_library_furniture_book_ochre_rough.png-dea0bca5a92839d1932d64c5387dc971.ctex
Completed load for: 'res://assets/building/textures/T_ai_materials_countertop_b_normal.png' remapped 'res://assets/building/textures/T_ai_materials_countertop_b_normal.png' at thread 2
Completed load for: 'res://assets/building/textures/T_ai_materials_brass_b_normal.png' remapped 'res://assets/building/textures/T_ai_materials_brass_b_normal.png' at thread 0
Completed load for: 'res://assets/building/textures/T_ai_materials_bronze_normal.png' remapped 'res://assets/building/textures/T_ai_materials_bronze_normal.png' at thread 5
Loading resource: res://assets/building/textures/T_ai_materials_floor_oak_b_albedo.png remapped: res://assets/building/textures/T_ai_materials_floor_oak_b_albedo.png
Completed load for: 'res://assets/building/textures/T_ai_materials_fabric_green_b_albedo.png' remapped 'res://assets/building/textures/T_ai_materials_fabric_green_b_albedo.png' at thread 1
Completed load for: 'res://assets/building/textures/T_library_furniture_book_ochre_rough.png' remapped 'res://assets/building/textures/T_library_furniture_book_ochre_rough.png' at thread 4
Completed load for: 'res://assets/building/textures/T_ai_materials_milk_glass_rough.png' remapped 'res://assets/building/textures/T_ai_materials_milk_glass_rough.png' at thread 6
Loading resource: res://assets/building/textures/T_ai_materials_chrome_b_rough.png remapped: res://assets/building/textures/T_ai_materials_chrome_b_rough.png
Loading resource: res://assets/building/textures/T_ai_materials_floor_oak_b_rough.png remapped: res://assets/building/textures/T_ai_materials_floor_oak_b_rough.png
Loading resource: res://assets/building/textures/T_library_furniture_book_ochre_normal.png remapped: res://assets/building/textures/T_library_furniture_book_ochre_normal.png
Loading resource: res://assets/building/textures/T_ai_materials_milk_glass_normal.png remapped: res://assets/building/textures/T_ai_materials_milk_glass_normal.png
Loading resource: res://.godot/imported/T_ai_materials_chrome_b_rough.png-7a61bcaf18452cfee8cc5880e657c1a5.ctex remapped: res://.godot/imported/T_ai_materials_chrome_b_rough.png-7a61bcaf18452cfee8cc5880e657c1a5.ctex
Loading resource: res://.godot/imported/T_ai_materials_floor_oak_b_albedo.png-b9b47581b2d3527a1832c94be6bb1068.ctex remapped: res://.godot/imported/T_ai_materials_floor_oak_b_albedo.png-b9b47581b2d3527a1832c94be6bb1068.ctex
Loading resource: res://.godot/imported/T_library_furniture_book_ochre_normal.png-277f06316da7c06043b47e2a41b8107a.ctex remapped: res://.godot/imported/T_library_furniture_book_ochre_normal.png-277f06316da7c06043b47e2a41b8107a.ctex
Loading resource: res://.godot/imported/T_ai_materials_milk_glass_normal.png-0579286e7a4f9bafea96f774859da512.ctex remapped: res://.godot/imported/T_ai_materials_milk_glass_normal.png-0579286e7a4f9bafea96f774859da512.ctex
Completed load for: 'res://assets/building/textures/T_ai_materials_chrome_b_albedo.png' remapped 'res://assets/building/textures/T_ai_materials_chrome_b_albedo.png' at thread 3
Completed load for: 'res://assets/building/textures/T_ai_materials_chrome_b_rough.png' remapped 'res://assets/building/textures/T_ai_materials_chrome_b_rough.png' at thread 0
Completed load for: 'res://assets/building/textures/T_library_furniture_book_ochre_normal.png' remapped 'res://assets/building/textures/T_library_furniture_book_ochre_normal.png' at thread 4
Completed load for: 'res://assets/building/textures/T_ai_materials_milk_glass_normal.png' remapped 'res://assets/building/textures/T_ai_materials_milk_glass_normal.png' at thread 6
Loading resource: res://assets/building/textures/T_ai_materials_linen_b_albedo.png remapped: res://assets/building/textures/T_ai_materials_linen_b_albedo.png
Loading resource: res://assets/building/textures/T_ai_materials_enamel_b_albedo.png remapped: res://assets/building/textures/T_ai_materials_enamel_b_albedo.png
Loading resource: res://assets/building/textures/T_ai_materials_paper_b_albedo.png remapped: res://assets/building/textures/T_ai_materials_paper_b_albedo.png
Loading resource: res://assets/building/textures/T_ai_materials_fabric_green_b_rough.png remapped: res://assets/building/textures/T_ai_materials_fabric_green_b_rough.png
Loading resource: res://assets/building/textures/T_ai_materials_chrome_b_normal.png remapped: res://assets/building/textures/T_ai_materials_chrome_b_normal.png
Loading resource: res://.godot/imported/T_ai_materials_floor_oak_b_rough.png-2077f8ff62fd44aa07ea313096abe11b.ctex remapped: res://.godot/imported/T_ai_materials_floor_oak_b_rough.png-2077f8ff62fd44aa07ea313096abe11b.ctex
Loading resource: res://.godot/imported/T_ai_materials_linen_b_albedo.png-fab91c2aca389384bc87db90c5b75adf.ctex remapped: res://.godot/imported/T_ai_materials_linen_b_albedo.png-fab91c2aca389384bc87db90c5b75adf.ctex
Loading resource: res://.godot/imported/T_ai_materials_enamel_b_albedo.png-704228c6383045c9a386dee25795c73a.ctex remapped: res://.godot/imported/T_ai_materials_enamel_b_albedo.png-704228c6383045c9a386dee25795c73a.ctex
Loading resource: res://.godot/imported/T_ai_materials_chrome_b_normal.png-efd086eed57694d5e24ab552a154a759.ctex remapped: res://.godot/imported/T_ai_materials_chrome_b_normal.png-efd086eed57694d5e24ab552a154a759.ctex
Loading resource: res://.godot/imported/T_ai_materials_fabric_green_b_rough.png-b3bd4faf42eca617955527b9682d8157.ctex remapped: res://.godot/imported/T_ai_materials_fabric_green_b_rough.png-b3bd4faf42eca617955527b9682d8157.ctex
Completed load for: 'res://assets/building/textures/T_ai_materials_floor_oak_b_albedo.png' remapped 'res://assets/building/textures/T_ai_materials_floor_oak_b_albedo.png' at thread 2
Loading resource: res://.godot/imported/T_ai_materials_paper_b_albedo.png-421a1c009ba26942a4eaa732ba4c671f.ctex remapped: res://.godot/imported/T_ai_materials_paper_b_albedo.png-421a1c009ba26942a4eaa732ba4c671f.ctex
Completed load for: 'res://assets/building/textures/T_ai_materials_floor_oak_b_rough.png' remapped 'res://assets/building/textures/T_ai_materials_floor_oak_b_rough.png' at thread 5
Loading resource: res://assets/building/textures/T_ai_materials_linen_b_rough.png remapped: res://assets/building/textures/T_ai_materials_linen_b_rough.png
Loading resource: res://.godot/imported/T_ai_materials_linen_b_rough.png-8d7e9a95622433d0fe3c3ae7a74ada71.ctex remapped: res://.godot/imported/T_ai_materials_linen_b_rough.png-8d7e9a95622433d0fe3c3ae7a74ada71.ctex
Completed load for: 'res://assets/building/textures/T_ai_materials_linen_b_rough.png' remapped 'res://assets/building/textures/T_ai_materials_linen_b_rough.png' at thread 5
Loading resource: res://assets/building/textures/T_ai_materials_linen_b_normal.png remapped: res://assets/building/textures/T_ai_materials_linen_b_normal.png
Loading resource: res://.godot/imported/T_ai_materials_linen_b_normal.png-e527c81255c45ac5935bec002aa5b893.ctex remapped: res://.godot/imported/T_ai_materials_linen_b_normal.png-e527c81255c45ac5935bec002aa5b893.ctex
Completed load for: 'res://assets/building/textures/T_ai_materials_linen_b_albedo.png' remapped 'res://assets/building/textures/T_ai_materials_linen_b_albedo.png' at thread 0
Loading resource: res://assets/building/textures/T_ai_materials_floor_oak_b_normal.png remapped: res://assets/building/textures/T_ai_materials_floor_oak_b_normal.png
Completed load for: 'res://assets/building/textures/T_ai_materials_paper_b_albedo.png' remapped 'res://assets/building/textures/T_ai_materials_paper_b_albedo.png' at thread 6
Loading resource: res://assets/building/textures/T_ai_materials_paper_b_rough.png remapped: res://assets/building/textures/T_ai_materials_paper_b_rough.png
Completed load for: 'res://assets/building/textures/T_ai_materials_fabric_green_b_rough.png' remapped 'res://assets/building/textures/T_ai_materials_fabric_green_b_rough.png' at thread 1
Completed load for: 'res://assets/building/textures/T_ai_materials_chrome_b_normal.png' remapped 'res://assets/building/textures/T_ai_materials_chrome_b_normal.png' at thread 3
Completed load for: 'res://assets/building/textures/T_ai_materials_enamel_b_albedo.png' remapped 'res://assets/building/textures/T_ai_materials_enamel_b_albedo.png' at thread 4
Loading resource: res://.godot/imported/T_ai_materials_floor_oak_b_normal.png-3d3a7bd55b8d32debe12d343fc7afe00.ctex remapped: res://.godot/imported/T_ai_materials_floor_oak_b_normal.png-3d3a7bd55b8d32debe12d343fc7afe00.ctex
Loading resource: res://assets/building/textures/T_ai_materials_paper_b_normal.png remapped: res://assets/building/textures/T_ai_materials_paper_b_normal.png
Loading resource: res://.godot/imported/T_ai_materials_paper_b_rough.png-e1a95b941817017d152d2a94b19224cd.ctex remapped: res://.godot/imported/T_ai_materials_paper_b_rough.png-e1a95b941817017d152d2a94b19224cd.ctex
Loading resource: res://assets/building/textures/T_ai_materials_fabric_green_b_normal.png remapped: res://assets/building/textures/T_ai_materials_fabric_green_b_normal.png
Loading resource: res://assets/building/textures/T_ai_materials_enamel_b_rough.png remapped: res://assets/building/textures/T_ai_materials_enamel_b_rough.png
Loading resource: res://assets/building/textures/T_ai_materials_enamel_b_normal.png remapped: res://assets/building/textures/T_ai_materials_enamel_b_normal.png
Completed load for: 'res://assets/building/textures/T_ai_materials_paper_b_rough.png' remapped 'res://assets/building/textures/T_ai_materials_paper_b_rough.png' at thread 0
Loading resource: res://.godot/imported/T_ai_materials_paper_b_normal.png-38e6ec5a164684033ef11aa92bfb8ca9.ctex remapped: res://.godot/imported/T_ai_materials_paper_b_normal.png-38e6ec5a164684033ef11aa92bfb8ca9.ctex
Completed load for: 'res://assets/building/textures/T_ai_materials_linen_b_normal.png' remapped 'res://assets/building/textures/T_ai_materials_linen_b_normal.png' at thread 5
Loading resource: res://.godot/imported/T_ai_materials_fabric_green_b_normal.png-4b580ee3e7346248daa685563ae7e352.ctex remapped: res://.godot/imported/T_ai_materials_fabric_green_b_normal.png-4b580ee3e7346248daa685563ae7e352.ctex
Loading resource: res://.godot/imported/T_ai_materials_enamel_b_rough.png-ddd733c2460f3717ea75ec385a64a89b.ctex remapped: res://.godot/imported/T_ai_materials_enamel_b_rough.png-ddd733c2460f3717ea75ec385a64a89b.ctex
Loading resource: res://assets/building/textures/T_ai_materials_plant_b_albedo.png remapped: res://assets/building/textures/T_ai_materials_plant_b_albedo.png
Completed load for: 'res://assets/building/textures/T_ai_materials_floor_oak_b_normal.png' remapped 'res://assets/building/textures/T_ai_materials_floor_oak_b_normal.png' at thread 2
Loading resource: res://.godot/imported/T_ai_materials_enamel_b_normal.png-d49bea3487921a127dda2b2bbbfe187e.ctex remapped: res://.godot/imported/T_ai_materials_enamel_b_normal.png-d49bea3487921a127dda2b2bbbfe187e.ctex
Loading resource: res://assets/building/textures/T_ai_materials_plaster_b_albedo.png remapped: res://assets/building/textures/T_ai_materials_plaster_b_albedo.png
Completed load for: 'res://assets/building/textures/T_ai_materials_paper_b_normal.png' remapped 'res://assets/building/textures/T_ai_materials_paper_b_normal.png' at thread 6
Completed load for: 'res://assets/building/textures/T_ai_materials_enamel_b_rough.png' remapped 'res://assets/building/textures/T_ai_materials_enamel_b_rough.png' at thread 3
Loading resource: res://.godot/imported/T_ai_materials_plaster_b_albedo.png-5cd796aae5392199960f60e584a1e216.ctex remapped: res://.godot/imported/T_ai_materials_plaster_b_albedo.png-5cd796aae5392199960f60e584a1e216.ctex
Loading resource: res://assets/building/textures/T_ai_materials_plaster_b_rough.png remapped: res://assets/building/textures/T_ai_materials_plaster_b_rough.png
Loading resource: res://assets/building/textures/T_fx_fx_shadow.png remapped: res://assets/building/textures/T_fx_fx_shadow.png
Loading resource: res://assets/building/textures/T_ai_materials_lacquer_red_b_albedo.png remapped: res://assets/building/textures/T_ai_materials_lacquer_red_b_albedo.png
Loading resource: res://.godot/imported/T_ai_materials_plant_b_albedo.png-a723edeeb29f1b98e9e5efa5bd017ef7.ctex remapped: res://.godot/imported/T_ai_materials_plant_b_albedo.png-a723edeeb29f1b98e9e5efa5bd017ef7.ctex
Loading resource: res://.godot/imported/T_ai_materials_plaster_b_rough.png-fb059299c916b283d228708dcc7ac2e0.ctex remapped: res://.godot/imported/T_ai_materials_plaster_b_rough.png-fb059299c916b283d228708dcc7ac2e0.ctex
Loading resource: res://.godot/imported/T_ai_materials_lacquer_red_b_albedo.png-4ddb38022173239ddf0aa229f5869707.ctex remapped: res://.godot/imported/T_ai_materials_lacquer_red_b_albedo.png-4ddb38022173239ddf0aa229f5869707.ctex
Completed load for: 'res://assets/building/textures/T_ai_materials_fabric_green_b_normal.png' remapped 'res://assets/building/textures/T_ai_materials_fabric_green_b_normal.png' at thread 1
Completed load for: 'res://assets/building/textures/T_ai_materials_plaster_b_rough.png' remapped 'res://assets/building/textures/T_ai_materials_plaster_b_rough.png' at thread 6
Loading resource: res://assets/building/textures/T_ai_materials_lacquer_red_b_rough.png remapped: res://assets/building/textures/T_ai_materials_lacquer_red_b_rough.png
Loading resource: res://assets/building/textures/T_ai_materials_plaster_b_normal.png remapped: res://assets/building/textures/T_ai_materials_plaster_b_normal.png
Loading resource: res://.godot/imported/T_ai_materials_lacquer_red_b_rough.png-9ebe4e2787f7412fbb3ebe510140932d.ctex remapped: res://.godot/imported/T_ai_materials_lacquer_red_b_rough.png-9ebe4e2787f7412fbb3ebe510140932d.ctex
Completed load for: 'res://assets/building/textures/T_ai_materials_enamel_b_normal.png' remapped 'res://assets/building/textures/T_ai_materials_enamel_b_normal.png' at thread 4
Loading resource: res://.godot/imported/T_fx_fx_shadow.png-8261fd3164708026234d7da6e23e86e2.ctex remapped: res://.godot/imported/T_fx_fx_shadow.png-8261fd3164708026234d7da6e23e86e2.ctex
Loading resource: res://.godot/imported/T_ai_materials_plaster_b_normal.png-b3f2e4bbda3f2644aaa1105afc5e824f.ctex remapped: res://.godot/imported/T_ai_materials_plaster_b_normal.png-b3f2e4bbda3f2644aaa1105afc5e824f.ctex
Completed load for: 'res://assets/building/textures/T_ai_materials_lacquer_red_b_rough.png' remapped 'res://assets/building/textures/T_ai_materials_lacquer_red_b_rough.png' at thread 1
Loading resource: res://assets/building/textures/T_ai_materials_felt_violet_b_albedo.png remapped: res://assets/building/textures/T_ai_materials_felt_violet_b_albedo.png
Completed load for: 'res://assets/building/textures/T_ai_materials_plaster_b_albedo.png' remapped 'res://assets/building/textures/T_ai_materials_plaster_b_albedo.png' at thread 0
Completed load for: 'res://assets/building/textures/T_fx_fx_shadow.png' remapped 'res://assets/building/textures/T_fx_fx_shadow.png' at thread 3
Loading resource: res://.godot/imported/T_ai_materials_felt_violet_b_albedo.png-1470af9773080f68c85ef56a23a83090.ctex remapped: res://.godot/imported/T_ai_materials_felt_violet_b_albedo.png-1470af9773080f68c85ef56a23a83090.ctex
Loading resource: res://assets/building/textures/T_ai_materials_plaster_stained_b_albedo.png remapped: res://assets/building/textures/T_ai_materials_plaster_stained_b_albedo.png
Loading resource: res://assets/building/textures/T_ai_materials_plaster_stained_b_rough.png remapped: res://assets/building/textures/T_ai_materials_plaster_stained_b_rough.png
Completed load for: 'res://assets/building/textures/T_ai_materials_lacquer_red_b_albedo.png' remapped 'res://assets/building/textures/T_ai_materials_lacquer_red_b_albedo.png' at thread 2
Loading resource: res://.godot/imported/T_ai_materials_plaster_stained_b_albedo.png-1a86e7cd2b4fc2e1b986676bbc9004ad.ctex remapped: res://.godot/imported/T_ai_materials_plaster_stained_b_albedo.png-1a86e7cd2b4fc2e1b986676bbc9004ad.ctex
Loading resource: res://.godot/imported/T_ai_materials_plaster_stained_b_rough.png-cac36d2e6506f7b1e4f3c1ddc5a86ab9.ctex remapped: res://.godot/imported/T_ai_materials_plaster_stained_b_rough.png-cac36d2e6506f7b1e4f3c1ddc5a86ab9.ctex
Loading resource: res://assets/building/textures/T_ai_materials_plaster_stained_b_normal.png remapped: res://assets/building/textures/T_ai_materials_plaster_stained_b_normal.png
Completed load for: 'res://assets/building/textures/T_ai_materials_plant_b_albedo.png' remapped 'res://assets/building/textures/T_ai_materials_plant_b_albedo.png' at thread 5
Completed load for: 'res://assets/building/textures/T_ai_materials_plaster_b_normal.png' remapped 'res://assets/building/textures/T_ai_materials_plaster_b_normal.png' at thread 6
Loading resource: res://.godot/imported/T_ai_materials_plaster_stained_b_normal.png-4bd723c3b934408c53a6d46962e8755c.ctex remapped: res://.godot/imported/T_ai_materials_plaster_stained_b_normal.png-4bd723c3b934408c53a6d46962e8755c.ctex
Loading resource: res://assets/building/textures/T_ai_materials_plant_b_rough.png remapped: res://assets/building/textures/T_ai_materials_plant_b_rough.png
Loading resource: res://assets/building/textures/T_ai_materials_terrazzo_b_albedo.png remapped: res://assets/building/textures/T_ai_materials_terrazzo_b_albedo.png
Completed load for: 'res://assets/building/textures/T_ai_materials_plaster_stained_b_rough.png' remapped 'res://assets/building/textures/T_ai_materials_plaster_stained_b_rough.png' at thread 3
Loading resource: res://assets/building/textures/T_ai_materials_lacquer_red_b_normal.png remapped: res://assets/building/textures/T_ai_materials_lacquer_red_b_normal.png
Loading resource: res://.godot/imported/T_ai_materials_plant_b_rough.png-5c0d0ca121ba917accf0df9e4c128938.ctex remapped: res://.godot/imported/T_ai_materials_plant_b_rough.png-5c0d0ca121ba917accf0df9e4c128938.ctex
Loading resource: res://.godot/imported/T_ai_materials_terrazzo_b_albedo.png-5b6477078890d941ae3d9b3abee5524f.ctex remapped: res://.godot/imported/T_ai_materials_terrazzo_b_albedo.png-5b6477078890d941ae3d9b3abee5524f.ctex
Loading resource: res://.godot/imported/T_ai_materials_lacquer_red_b_normal.png-eb150c0190c7d626f40c24241a48e100.ctex remapped: res://.godot/imported/T_ai_materials_lacquer_red_b_normal.png-eb150c0190c7d626f40c24241a48e100.ctex
Completed load for: 'res://assets/building/textures/T_ai_materials_plaster_stained_b_albedo.png' remapped 'res://assets/building/textures/T_ai_materials_plaster_stained_b_albedo.png' at thread 0
Loading resource: res://assets/building/textures/T_ai_materials_plywood_b_albedo.png remapped: res://assets/building/textures/T_ai_materials_plywood_b_albedo.png
Completed load for: 'res://assets/building/textures/T_ai_materials_felt_violet_b_albedo.png' remapped 'res://assets/building/textures/T_ai_materials_felt_violet_b_albedo.png' at thread 4
Completed load for: 'res://assets/building/textures/T_ai_materials_plant_b_rough.png' remapped 'res://assets/building/textures/T_ai_materials_plant_b_rough.png' at thread 5
Loading resource: res://assets/building/textures/T_ai_materials_plywood_b_rough.png remapped: res://assets/building/textures/T_ai_materials_plywood_b_rough.png
Loading resource: res://.godot/imported/T_ai_materials_plywood_b_albedo.png-dc1ad4ca1c1ef4804af8b34e03325978.ctex remapped: res://.godot/imported/T_ai_materials_plywood_b_albedo.png-dc1ad4ca1c1ef4804af8b34e03325978.ctex
Loading resource: res://assets/building/textures/T_ai_materials_felt_violet_b_rough.png remapped: res://assets/building/textures/T_ai_materials_felt_violet_b_rough.png
Loading resource: res://assets/building/textures/T_ai_materials_plant_b_normal.png remapped: res://assets/building/textures/T_ai_materials_plant_b_normal.png
Loading resource: res://.godot/imported/T_ai_materials_plywood_b_rough.png-30832090751937ae71fecdad42f6e42f.ctex remapped: res://.godot/imported/T_ai_materials_plywood_b_rough.png-30832090751937ae71fecdad42f6e42f.ctex
Completed load for: 'res://assets/building/textures/T_ai_materials_plaster_stained_b_normal.png' remapped 'res://assets/building/textures/T_ai_materials_plaster_stained_b_normal.png' at thread 2
Loading resource: res://assets/building/textures/T_ai_materials_plywood_b_normal.png remapped: res://assets/building/textures/T_ai_materials_plywood_b_normal.png
Loading resource: res://.godot/imported/T_ai_materials_felt_violet_b_rough.png-2c8bf7a3dd7df40b05ea3b70a3c284c0.ctex remapped: res://.godot/imported/T_ai_materials_felt_violet_b_rough.png-2c8bf7a3dd7df40b05ea3b70a3c284c0.ctex
Completed load for: 'res://assets/building/textures/T_ai_materials_plywood_b_rough.png' remapped 'res://assets/building/textures/T_ai_materials_plywood_b_rough.png' at thread 0
Loading resource: res://.godot/imported/T_ai_materials_plant_b_normal.png-daf24dda82a665890315bf723a5ff2fe.ctex remapped: res://.godot/imported/T_ai_materials_plant_b_normal.png-daf24dda82a665890315bf723a5ff2fe.ctex
Completed load for: 'res://assets/building/textures/T_ai_materials_lacquer_red_b_normal.png' remapped 'res://assets/building/textures/T_ai_materials_lacquer_red_b_normal.png' at thread 1
Loading resource: res://assets/building/textures/T_ai_materials_timber_b_albedo.png remapped: res://assets/building/textures/T_ai_materials_timber_b_albedo.png
Completed load for: 'res://assets/building/textures/T_ai_materials_terrazzo_b_albedo.png' remapped 'res://assets/building/textures/T_ai_materials_terrazzo_b_albedo.png' at thread 6
Loading resource: res://assets/building/textures/T_ai_materials_safety_orange_b_albedo.png remapped: res://assets/building/textures/T_ai_materials_safety_orange_b_albedo.png
Loading resource: res://.godot/imported/T_ai_materials_timber_b_albedo.png-ba5723359a0c7f490e787d6fcd6938b8.ctex remapped: res://.godot/imported/T_ai_materials_timber_b_albedo.png-ba5723359a0c7f490e787d6fcd6938b8.ctex
Loading resource: res://assets/building/textures/T_ai_materials_terrazzo_b_rough.png remapped: res://assets/building/textures/T_ai_materials_terrazzo_b_rough.png
Loading resource: res://.godot/imported/T_ai_materials_safety_orange_b_albedo.png-abaf1fb6cf4aaf7771f8f602470c2f18.ctex remapped: res://.godot/imported/T_ai_materials_safety_orange_b_albedo.png-abaf1fb6cf4aaf7771f8f602470c2f18.ctex
Loading resource: res://.godot/imported/T_ai_materials_plywood_b_normal.png-2d184c3e1ae02002a0fb2157a51d870c.ctex remapped: res://.godot/imported/T_ai_materials_plywood_b_normal.png-2d184c3e1ae02002a0fb2157a51d870c.ctex
Loading resource: res://.godot/imported/T_ai_materials_terrazzo_b_rough.png-4e3e5f1adcc9a383edd66275ebafc324.ctex remapped: res://.godot/imported/T_ai_materials_terrazzo_b_rough.png-4e3e5f1adcc9a383edd66275ebafc324.ctex
Completed load for: 'res://assets/building/textures/T_ai_materials_plywood_b_albedo.png' remapped 'res://assets/building/textures/T_ai_materials_plywood_b_albedo.png' at thread 3
Loading resource: res://assets/building/textures/T_ai_materials_quarry_tile_b_albedo.png remapped: res://assets/building/textures/T_ai_materials_quarry_tile_b_albedo.png
Completed load for: 'res://assets/building/textures/T_ai_materials_terrazzo_b_rough.png' remapped 'res://assets/building/textures/T_ai_materials_terrazzo_b_rough.png' at thread 6
Completed load for: 'res://assets/building/textures/T_ai_materials_plant_b_normal.png' remapped 'res://assets/building/textures/T_ai_materials_plant_b_normal.png' at thread 5
Completed load for: 'res://assets/building/textures/T_ai_materials_felt_violet_b_rough.png' remapped 'res://assets/building/textures/T_ai_materials_felt_violet_b_rough.png' at thread 4
Loading resource: res://.godot/imported/T_ai_materials_quarry_tile_b_albedo.png-42727cd0317c59a35a729a792764e8da.ctex remapped: res://.godot/imported/T_ai_materials_quarry_tile_b_albedo.png-42727cd0317c59a35a729a792764e8da.ctex
Loading resource: res://assets/building/textures/T_ai_materials_terrazzo_b_normal.png remapped: res://assets/building/textures/T_ai_materials_terrazzo_b_normal.png
Loading resource: res://assets/building/textures/T_ai_materials_tin_ceiling_b_albedo.png remapped: res://assets/building/textures/T_ai_materials_tin_ceiling_b_albedo.png
Completed load for: 'res://assets/building/textures/T_ai_materials_timber_b_albedo.png' remapped 'res://assets/building/textures/T_ai_materials_timber_b_albedo.png' at thread 0
Loading resource: res://.godot/imported/T_ai_materials_terrazzo_b_normal.png-9c95d11c3ce05fc3bb7feadbf329579d.ctex remapped: res://.godot/imported/T_ai_materials_terrazzo_b_normal.png-9c95d11c3ce05fc3bb7feadbf329579d.ctex
Loading resource: res://assets/building/textures/T_ai_materials_felt_violet_b_normal.png remapped: res://assets/building/textures/T_ai_materials_felt_violet_b_normal.png
Loading resource: res://.godot/imported/T_ai_materials_tin_ceiling_b_albedo.png-d68e2c41d9755309910e47312aae12a2.ctex remapped: res://.godot/imported/T_ai_materials_tin_ceiling_b_albedo.png-d68e2c41d9755309910e47312aae12a2.ctex
Completed load for: 'res://assets/building/textures/T_ai_materials_safety_orange_b_albedo.png' remapped 'res://assets/building/textures/T_ai_materials_safety_orange_b_albedo.png' at thread 1
Completed load for: 'res://assets/building/textures/T_ai_materials_plywood_b_normal.png' remapped 'res://assets/building/textures/T_ai_materials_plywood_b_normal.png' at thread 2
Loading resource: res://assets/building/textures/T_ai_materials_timber_b_rough.png remapped: res://assets/building/textures/T_ai_materials_timber_b_rough.png
Loading resource: res://.godot/imported/T_ai_materials_felt_violet_b_normal.png-37ee4dc031811bb90743b59193d5eac9.ctex remapped: res://.godot/imported/T_ai_materials_felt_violet_b_normal.png-37ee4dc031811bb90743b59193d5eac9.ctex
Loading resource: res://assets/building/textures/T_ai_materials_safety_orange_b_rough.png remapped: res://assets/building/textures/T_ai_materials_safety_orange_b_rough.png
Loading resource: res://.godot/imported/T_ai_materials_safety_orange_b_rough.png-b889f1dcc342af94b84d6e577c098ac9.ctex remapped: res://.godot/imported/T_ai_materials_safety_orange_b_rough.png-b889f1dcc342af94b84d6e577c098ac9.ctex
Loading resource: res://assets/building/textures/T_ai_materials_timber_b_normal.png remapped: res://assets/building/textures/T_ai_materials_timber_b_normal.png
Loading resource: res://.godot/imported/T_ai_materials_timber_b_normal.png-a70b22fbeccd4c4e8707ed82bde12dd8.ctex remapped: res://.godot/imported/T_ai_materials_timber_b_normal.png-a70b22fbeccd4c4e8707ed82bde12dd8.ctex
Loading resource: res://.godot/imported/T_ai_materials_timber_b_rough.png-cfcde5f63c3841b86ec08444120a125a.ctex remapped: res://.godot/imported/T_ai_materials_timber_b_rough.png-cfcde5f63c3841b86ec08444120a125a.ctex
Completed load for: 'res://assets/building/textures/T_ai_materials_safety_orange_b_rough.png' remapped 'res://assets/building/textures/T_ai_materials_safety_orange_b_rough.png' at thread 1
Completed load for: 'res://assets/building/textures/T_ai_materials_felt_violet_b_normal.png' remapped 'res://assets/building/textures/T_ai_materials_felt_violet_b_normal.png' at thread 4
Loading resource: res://assets/building/textures/T_ai_materials_safety_orange_b_normal.png remapped: res://assets/building/textures/T_ai_materials_safety_orange_b_normal.png
Completed load for: 'res://assets/building/textures/T_ai_materials_timber_b_rough.png' remapped 'res://assets/building/textures/T_ai_materials_timber_b_rough.png' at thread 0
Completed load for: 'res://assets/building/textures/T_ai_materials_quarry_tile_b_albedo.png' remapped 'res://assets/building/textures/T_ai_materials_quarry_tile_b_albedo.png' at thread 3
Loading resource: res://.godot/imported/T_ai_materials_safety_orange_b_normal.png-f703bdcff07b14dfe6b2512464d21398.ctex remapped: res://.godot/imported/T_ai_materials_safety_orange_b_normal.png-f703bdcff07b14dfe6b2512464d21398.ctex
Loading resource: res://assets/building/textures/T_ai_materials_trim_b_albedo.png remapped: res://assets/building/textures/T_ai_materials_trim_b_albedo.png
Loading resource: res://assets/building/textures/T_ai_materials_quarry_tile_b_rough.png remapped: res://assets/building/textures/T_ai_materials_quarry_tile_b_rough.png
Completed load for: 'res://assets/building/textures/T_ai_materials_terrazzo_b_normal.png' remapped 'res://assets/building/textures/T_ai_materials_terrazzo_b_normal.png' at thread 6
Loading resource: res://.godot/imported/T_ai_materials_trim_b_albedo.png-441acffa3e278d4e64392230ed9e53e1.ctex remapped: res://.godot/imported/T_ai_materials_trim_b_albedo.png-441acffa3e278d4e64392230ed9e53e1.ctex
Loading resource: res://.godot/imported/T_ai_materials_quarry_tile_b_rough.png-2c8d6301c19fdc8761eb37df16973993.ctex remapped: res://.godot/imported/T_ai_materials_quarry_tile_b_rough.png-2c8d6301c19fdc8761eb37df16973993.ctex
Loading resource: res://assets/building/textures/T_ai_materials_terrazzo_dark_albedo.png remapped: res://assets/building/textures/T_ai_materials_terrazzo_dark_albedo.png
Completed load for: 'res://assets/building/textures/T_ai_materials_tin_ceiling_b_albedo.png' remapped 'res://assets/building/textures/T_ai_materials_tin_ceiling_b_albedo.png' at thread 5
Loading resource: res://assets/building/textures/T_ai_materials_linoleum_b_albedo.png remapped: res://assets/building/textures/T_ai_materials_linoleum_b_albedo.png
Completed load for: 'res://assets/building/textures/T_ai_materials_timber_b_normal.png' remapped 'res://assets/building/textures/T_ai_materials_timber_b_normal.png' at thread 2
Loading resource: res://assets/building/textures/T_ai_materials_tin_ceiling_b_rough.png remapped: res://assets/building/textures/T_ai_materials_tin_ceiling_b_rough.png
Loading resource: res://.godot/imported/T_ai_materials_linoleum_b_albedo.png-c149c3171f62ffc61c2c23fa6b1bdbfb.ctex remapped: res://.godot/imported/T_ai_materials_linoleum_b_albedo.png-c149c3171f62ffc61c2c23fa6b1bdbfb.ctex
Loading resource: res://assets/building/textures/T_ai_materials_trim_b_rough.png remapped: res://assets/building/textures/T_ai_materials_trim_b_rough.png
Loading resource: res://.godot/imported/T_ai_materials_tin_ceiling_b_rough.png-21fc1cffc663e472813390241899b099.ctex remapped: res://.godot/imported/T_ai_materials_tin_ceiling_b_rough.png-21fc1cffc663e472813390241899b099.ctex
Loading resource: res://.godot/imported/T_ai_materials_terrazzo_dark_albedo.png-e17b982df058454d5eff8639b9b2f7ba.ctex remapped: res://.godot/imported/T_ai_materials_terrazzo_dark_albedo.png-e17b982df058454d5eff8639b9b2f7ba.ctex
Loading resource: res://.godot/imported/T_ai_materials_trim_b_rough.png-6887850f6bea04c593a6075192033530.ctex remapped: res://.godot/imported/T_ai_materials_trim_b_rough.png-6887850f6bea04c593a6075192033530.ctex
Completed load for: 'res://assets/building/textures/T_ai_materials_safety_orange_b_normal.png' remapped 'res://assets/building/textures/T_ai_materials_safety_orange_b_normal.png' at thread 1
Completed load for: 'res://assets/building/textures/T_ai_materials_tin_ceiling_b_rough.png' remapped 'res://assets/building/textures/T_ai_materials_tin_ceiling_b_rough.png' at thread 5
Loading resource: res://assets/building/textures/T_ai_materials_trim_b_normal.png remapped: res://assets/building/textures/T_ai_materials_trim_b_normal.png
Completed load for: 'res://assets/building/textures/T_ai_materials_quarry_tile_b_rough.png' remapped 'res://assets/building/textures/T_ai_materials_quarry_tile_b_rough.png' at thread 3
Completed load for: 'res://assets/building/textures/T_ai_materials_trim_b_rough.png' remapped 'res://assets/building/textures/T_ai_materials_trim_b_rough.png' at thread 2
Completed load for: 'res://assets/building/textures/T_ai_materials_terrazzo_dark_albedo.png' remapped 'res://assets/building/textures/T_ai_materials_terrazzo_dark_albedo.png' at thread 6
Completed load for: 'res://assets/building/textures/T_ai_materials_trim_b_albedo.png' remapped 'res://assets/building/textures/T_ai_materials_trim_b_albedo.png' at thread 0
Loading resource: res://assets/building/textures/T_ai_materials_tin_ceiling_b_normal.png remapped: res://assets/building/textures/T_ai_materials_tin_ceiling_b_normal.png
Loading resource: res://.godot/imported/T_ai_materials_trim_b_normal.png-33e5124c0f24d930a9eb50d7b016cdfa.ctex remapped: res://.godot/imported/T_ai_materials_trim_b_normal.png-33e5124c0f24d930a9eb50d7b016cdfa.ctex
Loading resource: res://assets/building/textures/T_ai_materials_quarry_tile_b_normal.png remapped: res://assets/building/textures/T_ai_materials_quarry_tile_b_normal.png
Loading resource: res://assets/building/textures/T_ai_materials_vinyl_oxblood_b_albedo.png remapped: res://assets/building/textures/T_ai_materials_vinyl_oxblood_b_albedo.png
Loading resource: res://.godot/imported/T_ai_materials_tin_ceiling_b_normal.png-e696b9e982d78e71cbd552c7ea265d1f.ctex remapped: res://.godot/imported/T_ai_materials_tin_ceiling_b_normal.png-e696b9e982d78e71cbd552c7ea265d1f.ctex
Completed load for: 'res://assets/building/textures/T_ai_materials_linoleum_b_albedo.png' remapped 'res://assets/building/textures/T_ai_materials_linoleum_b_albedo.png' at thread 4
Loading resource: res://.godot/imported/T_ai_materials_quarry_tile_b_normal.png-545d9fd4a946c44d524197e75ef15d27.ctex remapped: res://.godot/imported/T_ai_materials_quarry_tile_b_normal.png-545d9fd4a946c44d524197e75ef15d27.ctex
Loading resource: res://assets/building/textures/T_ai_materials_terrazzo_dark_rough.png remapped: res://assets/building/textures/T_ai_materials_terrazzo_dark_rough.png
Loading resource: res://assets/building/textures/T_ai_materials_linoleum_b_rough.png remapped: res://assets/building/textures/T_ai_materials_linoleum_b_rough.png
Loading resource: res://assets/building/textures/T_ai_materials_vinyl_oxblood_b_rough.png remapped: res://assets/building/textures/T_ai_materials_vinyl_oxblood_b_rough.png
Loading resource: res://.godot/imported/T_ai_materials_linoleum_b_rough.png-aa9676c113c2e323f4c534808d99ac37.ctex remapped: res://.godot/imported/T_ai_materials_linoleum_b_rough.png-aa9676c113c2e323f4c534808d99ac37.ctex
Loading resource: res://.godot/imported/T_ai_materials_vinyl_oxblood_b_rough.png-65ebd662c8847f751ba7b8dcbc7b7fed.ctex remapped: res://.godot/imported/T_ai_materials_vinyl_oxblood_b_rough.png-65ebd662c8847f751ba7b8dcbc7b7fed.ctex
Completed load for: 'res://assets/building/textures/T_ai_materials_linoleum_b_rough.png' remapped 'res://assets/building/textures/T_ai_materials_linoleum_b_rough.png' at thread 4
Loading resource: res://assets/building/textures/T_ai_materials_linoleum_b_normal.png remapped: res://assets/building/textures/T_ai_materials_linoleum_b_normal.png
Loading resource: res://.godot/imported/T_ai_materials_terrazzo_dark_rough.png-4c5fbe6359253541c32c187d0f2a4b23.ctex remapped: res://.godot/imported/T_ai_materials_terrazzo_dark_rough.png-4c5fbe6359253541c32c187d0f2a4b23.ctex
Loading resource: res://.godot/imported/T_ai_materials_vinyl_oxblood_b_albedo.png-1caf8baddbd386721d87ea98df5f8659.ctex remapped: res://.godot/imported/T_ai_materials_vinyl_oxblood_b_albedo.png-1caf8baddbd386721d87ea98df5f8659.ctex
Loading resource: res://.godot/imported/T_ai_materials_linoleum_b_normal.png-ee40fb522c9bd81bb8c4e2402b808dd1.ctex remapped: res://.godot/imported/T_ai_materials_linoleum_b_normal.png-ee40fb522c9bd81bb8c4e2402b808dd1.ctex
Completed load for: 'res://assets/building/textures/T_ai_materials_vinyl_oxblood_b_rough.png' remapped 'res://assets/building/textures/T_ai_materials_vinyl_oxblood_b_rough.png' at thread 0
Loading resource: res://assets/building/textures/T_ai_materials_vinyl_oxblood_b_normal.png remapped: res://assets/building/textures/T_ai_materials_vinyl_oxblood_b_normal.png
Completed load for: 'res://assets/building/textures/T_ai_materials_terrazzo_dark_rough.png' remapped 'res://assets/building/textures/T_ai_materials_terrazzo_dark_rough.png' at thread 6
Completed load for: 'res://assets/building/textures/T_ai_materials_tin_ceiling_b_normal.png' remapped 'res://assets/building/textures/T_ai_materials_tin_ceiling_b_normal.png' at thread 5
Loading resource: res://.godot/imported/T_ai_materials_vinyl_oxblood_b_normal.png-06bcf5a0c9107b001fbe9c3288594ad5.ctex remapped: res://.godot/imported/T_ai_materials_vinyl_oxblood_b_normal.png-06bcf5a0c9107b001fbe9c3288594ad5.ctex
Loading resource: res://assets/building/textures/T_ai_materials_terrazzo_dark_normal.png remapped: res://assets/building/textures/T_ai_materials_terrazzo_dark_normal.png
Loading resource: res://assets/building/textures/T_ai_materials_wainscot_b_albedo.png remapped: res://assets/building/textures/T_ai_materials_wainscot_b_albedo.png
Completed load for: 'res://assets/building/textures/T_ai_materials_quarry_tile_b_normal.png' remapped 'res://assets/building/textures/T_ai_materials_quarry_tile_b_normal.png' at thread 3
Completed load for: 'res://assets/building/textures/T_ai_materials_trim_b_normal.png' remapped 'res://assets/building/textures/T_ai_materials_trim_b_normal.png' at thread 1
Loading resource: res://.godot/imported/T_ai_materials_terrazzo_dark_normal.png-e3c73b716d43b1bd5c5fe7d2c046ffaa.ctex remapped: res://.godot/imported/T_ai_materials_terrazzo_dark_normal.png-e3c73b716d43b1bd5c5fe7d2c046ffaa.ctex
Loading resource: res://.godot/imported/T_ai_materials_wainscot_b_albedo.png-bdfe16afff50ef122017d8cd8be5bc37.ctex remapped: res://.godot/imported/T_ai_materials_wainscot_b_albedo.png-bdfe16afff50ef122017d8cd8be5bc37.ctex
Completed load for: 'res://assets/building/textures/T_ai_materials_terrazzo_dark_normal.png' remapped 'res://assets/building/textures/T_ai_materials_terrazzo_dark_normal.png' at thread 6
Loading resource: res://assets/building/textures/T_ai_materials_terracotta_b_albedo.png remapped: res://assets/building/textures/T_ai_materials_terracotta_b_albedo.png
Completed load for: 'res://assets/building/textures/T_ai_materials_linoleum_b_normal.png' remapped 'res://assets/building/textures/T_ai_materials_linoleum_b_normal.png' at thread 4
Loading resource: res://assets/building/textures/T_ai_materials_wood_dark_b_albedo.png remapped: res://assets/building/textures/T_ai_materials_wood_dark_b_albedo.png
Loading resource: res://.godot/imported/T_ai_materials_terracotta_b_albedo.png-558383554baeab13588e22d235d334f6.ctex remapped: res://.godot/imported/T_ai_materials_terracotta_b_albedo.png-558383554baeab13588e22d235d334f6.ctex
Loading resource: res://assets/building/textures/T_ai_materials_terracotta_b_rough.png remapped: res://assets/building/textures/T_ai_materials_terracotta_b_rough.png
Loading resource: res://.godot/imported/T_ai_materials_wood_dark_b_albedo.png-02739701ec626c283c259a19e579ab2e.ctex remapped: res://.godot/imported/T_ai_materials_wood_dark_b_albedo.png-02739701ec626c283c259a19e579ab2e.ctex
Loading resource: res://assets/building/textures/T_ai_materials_wainscot_b_rough.png remapped: res://assets/building/textures/T_ai_materials_wainscot_b_rough.png
Completed load for: 'res://assets/building/textures/T_ai_materials_vinyl_oxblood_b_normal.png' remapped 'res://assets/building/textures/T_ai_materials_vinyl_oxblood_b_normal.png' at thread 0
Completed load for: 'res://assets/building/textures/T_ai_materials_vinyl_oxblood_b_albedo.png' remapped 'res://assets/building/textures/T_ai_materials_vinyl_oxblood_b_albedo.png' at thread 2
Loading resource: res://.godot/imported/T_ai_materials_terracotta_b_rough.png-d0527e14ab509d67d1e99248be073810.ctex remapped: res://.godot/imported/T_ai_materials_terracotta_b_rough.png-d0527e14ab509d67d1e99248be073810.ctex
Loading resource: res://.godot/imported/T_ai_materials_wainscot_b_rough.png-f3ea798e19a5a163c8b53c814844988b.ctex remapped: res://.godot/imported/T_ai_materials_wainscot_b_rough.png-f3ea798e19a5a163c8b53c814844988b.ctex
Completed load for: 'res://assets/building/textures/T_ai_materials_wainscot_b_rough.png' remapped 'res://assets/building/textures/T_ai_materials_wainscot_b_rough.png' at thread 1
Completed load for: 'res://assets/building/textures/T_ai_materials_terracotta_b_rough.png' remapped 'res://assets/building/textures/T_ai_materials_terracotta_b_rough.png' at thread 4
Loading resource: res://assets/building/textures/T_ai_materials_wood_dark_b_rough.png remapped: res://assets/building/textures/T_ai_materials_wood_dark_b_rough.png
Completed load for: 'res://assets/building/textures/T_ai_materials_wainscot_b_albedo.png' remapped 'res://assets/building/textures/T_ai_materials_wainscot_b_albedo.png' at thread 5
Loading resource: res://assets/building/textures/T_ai_materials_terracotta_b_normal.png remapped: res://assets/building/textures/T_ai_materials_terracotta_b_normal.png
Loading resource: res://.godot/imported/T_ai_materials_wood_dark_b_rough.png-f6ee1d159ba23f36685f2519abd45255.ctex remapped: res://.godot/imported/T_ai_materials_wood_dark_b_rough.png-f6ee1d159ba23f36685f2519abd45255.ctex
Loading resource: res://assets/building/textures/T_fx_fx_scuff.png remapped: res://assets/building/textures/T_fx_fx_scuff.png
Completed load for: 'res://assets/building/textures/T_ai_materials_terracotta_b_albedo.png' remapped 'res://assets/building/textures/T_ai_materials_terracotta_b_albedo.png' at thread 3
Loading resource: res://.godot/imported/T_ai_materials_terracotta_b_normal.png-ae748eb8f2c8bd668a9e538fe58abca3.ctex remapped: res://.godot/imported/T_ai_materials_terracotta_b_normal.png-ae748eb8f2c8bd668a9e538fe58abca3.ctex
Loading resource: res://assets/building/textures/T_ai_materials_wood_dark_b_normal.png remapped: res://assets/building/textures/T_ai_materials_wood_dark_b_normal.png
Loading resource: res://assets/building/textures/T_fx_fx_scuff_rough.png remapped: res://assets/building/textures/T_fx_fx_scuff_rough.png
Completed load for: 'res://assets/building/textures/T_ai_materials_wood_dark_b_rough.png' remapped 'res://assets/building/textures/T_ai_materials_wood_dark_b_rough.png' at thread 2
Completed load for: 'res://assets/building/textures/T_ai_materials_wood_dark_b_albedo.png' remapped 'res://assets/building/textures/T_ai_materials_wood_dark_b_albedo.png' at thread 6
Loading resource: res://assets/building/textures/T_ai_materials_wainscot_b_normal.png remapped: res://assets/building/textures/T_ai_materials_wainscot_b_normal.png
Loading resource: res://.godot/imported/T_fx_fx_scuff.png-3337272242a4cc7b52056e443974dfe6.ctex remapped: res://.godot/imported/T_fx_fx_scuff.png-3337272242a4cc7b52056e443974dfe6.ctex
Loading resource: res://.godot/imported/T_ai_materials_wood_dark_b_normal.png-8e7e968868e60454cce60c5f7665b77b.ctex remapped: res://.godot/imported/T_ai_materials_wood_dark_b_normal.png-8e7e968868e60454cce60c5f7665b77b.ctex
Loading resource: res://.godot/imported/T_ai_materials_wainscot_b_normal.png-795e5d25c95210be5dc0187b196dd95a.ctex remapped: res://.godot/imported/T_ai_materials_wainscot_b_normal.png-795e5d25c95210be5dc0187b196dd95a.ctex
Loading resource: res://.godot/imported/T_fx_fx_scuff_rough.png-079ee87ba232e74d19fd8450ffe538eb.ctex remapped: res://.godot/imported/T_fx_fx_scuff_rough.png-079ee87ba232e74d19fd8450ffe538eb.ctex
Completed load for: 'res://assets/building/textures/T_fx_fx_scuff.png' remapped 'res://assets/building/textures/T_fx_fx_scuff.png' at thread 5
Loading resource: res://assets/building/textures/T_fx_fx_scuff_normal.png remapped: res://assets/building/textures/T_fx_fx_scuff_normal.png
Completed load for: 'res://assets/building/textures/T_fx_fx_scuff_rough.png' remapped 'res://assets/building/textures/T_fx_fx_scuff_rough.png' at thread 3
Loading resource: res://.godot/imported/T_fx_fx_scuff_normal.png-d9c791ffa61779f8e646a3dd86b104d7.ctex remapped: res://.godot/imported/T_fx_fx_scuff_normal.png-d9c791ffa61779f8e646a3dd86b104d7.ctex
Completed load for: 'res://assets/building/textures/T_ai_materials_terracotta_b_normal.png' remapped 'res://assets/building/textures/T_ai_materials_terracotta_b_normal.png' at thread 4
Completed load for: 'res://assets/building/textures/T_fx_fx_scuff_normal.png' remapped 'res://assets/building/textures/T_fx_fx_scuff_normal.png' at thread 2
Completed load for: 'res://assets/building/textures/T_ai_materials_wood_dark_b_normal.png' remapped 'res://assets/building/textures/T_ai_materials_wood_dark_b_normal.png' at thread 1
Completed load for: 'res://assets/building/textures/T_ai_materials_wainscot_b_normal.png' remapped 'res://assets/building/textures/T_ai_materials_wainscot_b_normal.png' at thread 0
Completed load for: 'res://assets/building/floor_01_cells/passage.gltf' remapped 'res://assets/building/floor_01_cells/passage.gltf' at thread 6
Completed load for: 'res://assets/building/floor_01_cells/shop_hardware_paint.gltf' remapped 'res://assets/building/floor_01_cells/shop_hardware_paint.gltf' at thread 1
Completed load for: 'res://assets/building/floor_01_cells/shop_funeral_parlour.gltf' remapped 'res://assets/building/floor_01_cells/shop_funeral_parlour.gltf' at thread 5
Completed load for: 'res://assets/building/floor_01_cells/shop_shoe_rebuilding.gltf' remapped 'res://assets/building/floor_01_cells/shop_shoe_rebuilding.gltf' at thread 2
Completed load for: 'res://assets/building/floor_01_cells/shop_photo_supplies.gltf' remapped 'res://assets/building/floor_01_cells/shop_photo_supplies.gltf' at thread 4
Loading resource: res://assets/building/floor_01_cells/shop_pawnbroker.gltf remapped: res://assets/building/floor_01_cells/shop_pawnbroker.gltf
Completed load for: 'res://assets/building/floor_01_cells/shop_model_laundry.gltf' remapped 'res://assets/building/floor_01_cells/shop_model_laundry.gltf' at thread 3
Loading resource: res://assets/building/floor_01_cells/shop_radio_service.gltf remapped: res://assets/building/floor_01_cells/shop_radio_service.gltf
Completed load for: 'res://assets/building/floor_01_cells/shop_keys_cut.gltf' remapped 'res://assets/building/floor_01_cells/shop_keys_cut.gltf' at thread 0
Loading resource: res://assets/building/floor_01_cells/shop_otis_son.gltf remapped: res://assets/building/floor_01_cells/shop_otis_son.gltf
Loading resource: res://.godot/imported/shop_pawnbroker.gltf-db2618fcdab0698383134ca17232afd9.scn remapped: res://.godot/imported/shop_pawnbroker.gltf-db2618fcdab0698383134ca17232afd9.scn
Loading resource: res://assets/building/floor_01_cells/shop_news_cigars.gltf remapped: res://assets/building/floor_01_cells/shop_news_cigars.gltf
Loading resource: res://.godot/imported/shop_otis_son.gltf-8d80620a075c8f1c11916b1100528b08.scn remapped: res://.godot/imported/shop_otis_son.gltf-8d80620a075c8f1c11916b1100528b08.scn
Loading resource: res://assets/building/floor_01_cells/shop_luncheonette.gltf remapped: res://assets/building/floor_01_cells/shop_luncheonette.gltf
Loading resource: res://.godot/imported/shop_news_cigars.gltf-639767de03fb8c35c827919751655aad.scn remapped: res://.godot/imported/shop_news_cigars.gltf-639767de03fb8c35c827919751655aad.scn
Loading resource: res://assets/building/textures/T_ai_materials_countertop_b_albedo.png remapped: res://assets/building/textures/T_ai_materials_countertop_b_albedo.png
Loading resource: res://.godot/imported/shop_luncheonette.gltf-372a2d7958587adc9c5787af4c1c6d5a.scn remapped: res://.godot/imported/shop_luncheonette.gltf-372a2d7958587adc9c5787af4c1c6d5a.scn
Loading resource: res://assets/building/textures/T_ai_materials_awning_vinyl_albedo.png remapped: res://assets/building/textures/T_ai_materials_awning_vinyl_albedo.png
Loading resource: res://.godot/imported/T_ai_materials_countertop_b_albedo.png-7747e15b3a864ca2bd74a9d6d99d054a.ctex remapped: res://.godot/imported/T_ai_materials_countertop_b_albedo.png-7747e15b3a864ca2bd74a9d6d99d054a.ctex
Loading resource: res://assets/building/textures/T_ai_materials_awning_vinyl_rough.png remapped: res://assets/building/textures/T_ai_materials_awning_vinyl_rough.png
Loading resource: res://.godot/imported/T_ai_materials_awning_vinyl_albedo.png-ada8a06823385c66fc33257ea93ef3fd.ctex remapped: res://.godot/imported/T_ai_materials_awning_vinyl_albedo.png-ada8a06823385c66fc33257ea93ef3fd.ctex
Loading resource: res://assets/building/textures/T_ai_materials_countertop_b_rough.png remapped: res://assets/building/textures/T_ai_materials_countertop_b_rough.png
Loading resource: res://.godot/imported/shop_radio_service.gltf-dbf19d7a6ae871516147cc68f6e4a912.scn remapped: res://.godot/imported/shop_radio_service.gltf-dbf19d7a6ae871516147cc68f6e4a912.scn
Loading resource: res://.godot/imported/T_ai_materials_countertop_b_rough.png-7adf2ce20f7bc700d5fa1cc31a0ea521.ctex remapped: res://.godot/imported/T_ai_materials_countertop_b_rough.png-7adf2ce20f7bc700d5fa1cc31a0ea521.ctex
Loading resource: res://.godot/imported/T_ai_materials_awning_vinyl_rough.png-ff06f58fa41d2a9a8804466f6fb87cf2.ctex remapped: res://.godot/imported/T_ai_materials_awning_vinyl_rough.png-ff06f58fa41d2a9a8804466f6fb87cf2.ctex
Loading resource: res://assets/building/textures/T_ai_materials_appliance_b_albedo.png remapped: res://assets/building/textures/T_ai_materials_appliance_b_albedo.png
Completed load for: 'res://assets/building/textures/T_ai_materials_awning_vinyl_rough.png' remapped 'res://assets/building/textures/T_ai_materials_awning_vinyl_rough.png' at thread 4
Loading resource: res://.godot/imported/T_ai_materials_appliance_b_albedo.png-2ab7a01904e8375f330e998732db7b54.ctex remapped: res://.godot/imported/T_ai_materials_appliance_b_albedo.png-2ab7a01904e8375f330e998732db7b54.ctex
Completed load for: 'res://assets/building/textures/T_ai_materials_countertop_b_rough.png' remapped 'res://assets/building/textures/T_ai_materials_countertop_b_rough.png' at thread 5
Loading resource: res://assets/building/textures/T_ai_materials_awning_vinyl_normal.png remapped: res://assets/building/textures/T_ai_materials_awning_vinyl_normal.png
Loading resource: res://assets/building/textures/T_ai_materials_countertop_b_normal.png remapped: res://assets/building/textures/T_ai_materials_countertop_b_normal.png
Loading resource: res://.godot/imported/T_ai_materials_awning_vinyl_normal.png-24d6c82ca12f202eda94433bd6bb75a2.ctex remapped: res://.godot/imported/T_ai_materials_awning_vinyl_normal.png-24d6c82ca12f202eda94433bd6bb75a2.ctex
Loading resource: res://.godot/imported/T_ai_materials_countertop_b_normal.png-3ea418e93369747afe6e7e081756a297.ctex remapped: res://.godot/imported/T_ai_materials_countertop_b_normal.png-3ea418e93369747afe6e7e081756a297.ctex
Completed load for: 'res://assets/building/textures/T_ai_materials_countertop_b_albedo.png' remapped 'res://assets/building/textures/T_ai_materials_countertop_b_albedo.png' at thread 1
Loading resource: res://assets/building/textures/T_ai_materials_enamel_b_albedo.png remapped: res://assets/building/textures/T_ai_materials_enamel_b_albedo.png
Completed load for: 'res://assets/building/textures/T_ai_materials_awning_vinyl_albedo.png' remapped 'res://assets/building/textures/T_ai_materials_awning_vinyl_albedo.png' at thread 2
Loading resource: res://.godot/imported/T_ai_materials_enamel_b_albedo.png-704228c6383045c9a386dee25795c73a.ctex remapped: res://.godot/imported/T_ai_materials_enamel_b_albedo.png-704228c6383045c9a386dee25795c73a.ctex
Loading resource: res://assets/building/textures/T_library_furniture_book_ochre_albedo.png remapped: res://assets/building/textures/T_library_furniture_book_ochre_albedo.png
Loading resource: res://.godot/imported/T_library_furniture_book_ochre_albedo.png-55380320f95ff584f3ea00d82b0989cc.ctex remapped: res://.godot/imported/T_library_furniture_book_ochre_albedo.png-55380320f95ff584f3ea00d82b0989cc.ctex
Completed load for: 'res://assets/building/textures/T_ai_materials_appliance_b_albedo.png' remapped 'res://assets/building/textures/T_ai_materials_appliance_b_albedo.png' at thread 6
Completed load for: 'res://assets/building/textures/T_library_furniture_book_ochre_albedo.png' remapped 'res://assets/building/textures/T_library_furniture_book_ochre_albedo.png' at thread 2
Loading resource: res://assets/building/textures/T_library_furniture_book_ochre_rough.png remapped: res://assets/building/textures/T_library_furniture_book_ochre_rough.png
Loading resource: res://assets/building/textures/T_ai_materials_appliance_b_rough.png remapped: res://assets/building/textures/T_ai_materials_appliance_b_rough.png
Completed load for: 'res://assets/building/textures/T_ai_materials_awning_vinyl_normal.png' remapped 'res://assets/building/textures/T_ai_materials_awning_vinyl_normal.png' at thread 4
Completed load for: 'res://assets/building/textures/T_ai_materials_countertop_b_normal.png' remapped 'res://assets/building/textures/T_ai_materials_countertop_b_normal.png' at thread 5
Loading resource: res://.godot/imported/T_library_furniture_book_ochre_rough.png-dea0bca5a92839d1932d64c5387dc971.ctex remapped: res://.godot/imported/T_library_furniture_book_ochre_rough.png-dea0bca5a92839d1932d64c5387dc971.ctex
Loading resource: res://.godot/imported/T_ai_materials_appliance_b_rough.png-feaf2e878e34ded4346f01c68d77460e.ctex remapped: res://.godot/imported/T_ai_materials_appliance_b_rough.png-feaf2e878e34ded4346f01c68d77460e.ctex
Loading resource: res://assets/building/textures/T_ai_materials_chrome_b_albedo.png remapped: res://assets/building/textures/T_ai_materials_chrome_b_albedo.png
Completed load for: 'res://assets/building/textures/T_library_furniture_book_ochre_rough.png' remapped 'res://assets/building/textures/T_library_furniture_book_ochre_rough.png' at thread 2
Loading resource: res://.godot/imported/T_ai_materials_chrome_b_albedo.png-9298f376c0fab7b62656218c3c9cf10e.ctex remapped: res://.godot/imported/T_ai_materials_chrome_b_albedo.png-9298f376c0fab7b62656218c3c9cf10e.ctex
Loading resource: res://assets/building/textures/T_library_furniture_book_ochre_normal.png remapped: res://assets/building/textures/T_library_furniture_book_ochre_normal.png
Loading resource: res://assets/building/textures/T_ai_materials_enamel_b_rough.png remapped: res://assets/building/textures/T_ai_materials_enamel_b_rough.png
Completed load for: 'res://assets/building/textures/T_ai_materials_enamel_b_albedo.png' remapped 'res://assets/building/textures/T_ai_materials_enamel_b_albedo.png' at thread 1
Completed load for: 'res://assets/building/textures/T_ai_materials_appliance_b_rough.png' remapped 'res://assets/building/textures/T_ai_materials_appliance_b_rough.png' at thread 6
Loading resource: res://.godot/imported/T_library_furniture_book_ochre_normal.png-277f06316da7c06043b47e2a41b8107a.ctex remapped: res://.godot/imported/T_library_furniture_book_ochre_normal.png-277f06316da7c06043b47e2a41b8107a.ctex
Loading resource: res://.godot/imported/T_ai_materials_enamel_b_rough.png-ddd733c2460f3717ea75ec385a64a89b.ctex remapped: res://.godot/imported/T_ai_materials_enamel_b_rough.png-ddd733c2460f3717ea75ec385a64a89b.ctex
Loading resource: res://assets/building/textures/T_ai_materials_enamel_b_normal.png remapped: res://assets/building/textures/T_ai_materials_enamel_b_normal.png
Completed load for: 'res://assets/building/textures/T_library_furniture_book_ochre_normal.png' remapped 'res://assets/building/textures/T_library_furniture_book_ochre_normal.png' at thread 2
Loading resource: res://assets/building/textures/T_ai_materials_appliance_b_normal.png remapped: res://assets/building/textures/T_ai_materials_appliance_b_normal.png
Loading resource: res://.godot/imported/T_ai_materials_enamel_b_normal.png-d49bea3487921a127dda2b2bbbfe187e.ctex remapped: res://.godot/imported/T_ai_materials_enamel_b_normal.png-d49bea3487921a127dda2b2bbbfe187e.ctex
Completed load for: 'res://assets/building/textures/T_ai_materials_enamel_b_rough.png' remapped 'res://assets/building/textures/T_ai_materials_enamel_b_rough.png' at thread 5
Loading resource: res://assets/building/textures/T_library_furniture_book_teal_albedo.png remapped: res://assets/building/textures/T_library_furniture_book_teal_albedo.png
Loading resource: res://assets/building/textures/T_fx_fx_shadow.png remapped: res://assets/building/textures/T_fx_fx_shadow.png
Loading resource: res://.godot/imported/T_library_furniture_book_teal_albedo.png-74dcfbf89bf310cd492244585ec6869c.ctex remapped: res://.godot/imported/T_library_furniture_book_teal_albedo.png-74dcfbf89bf310cd492244585ec6869c.ctex
Loading resource: res://.godot/imported/T_fx_fx_shadow.png-8261fd3164708026234d7da6e23e86e2.ctex remapped: res://.godot/imported/T_fx_fx_shadow.png-8261fd3164708026234d7da6e23e86e2.ctex
Completed load for: 'res://assets/building/textures/T_ai_materials_chrome_b_albedo.png' remapped 'res://assets/building/textures/T_ai_materials_chrome_b_albedo.png' at thread 4
Loading resource: res://.godot/imported/T_ai_materials_appliance_b_normal.png-ba4f5061c77575b1a888f4c358e570c7.ctex remapped: res://.godot/imported/T_ai_materials_appliance_b_normal.png-ba4f5061c77575b1a888f4c358e570c7.ctex
Completed load for: 'res://assets/building/textures/T_fx_fx_shadow.png' remapped 'res://assets/building/textures/T_fx_fx_shadow.png' at thread 5
Loading resource: res://assets/building/textures/T_ai_materials_chrome_b_rough.png remapped: res://assets/building/textures/T_ai_materials_chrome_b_rough.png
Loading resource: res://assets/building/textures/T_ai_materials_linoleum_b_albedo.png remapped: res://assets/building/textures/T_ai_materials_linoleum_b_albedo.png
Loading resource: res://.godot/imported/T_ai_materials_chrome_b_rough.png-7a61bcaf18452cfee8cc5880e657c1a5.ctex remapped: res://.godot/imported/T_ai_materials_chrome_b_rough.png-7a61bcaf18452cfee8cc5880e657c1a5.ctex
Loading resource: res://.godot/imported/T_ai_materials_linoleum_b_albedo.png-c149c3171f62ffc61c2c23fa6b1bdbfb.ctex remapped: res://.godot/imported/T_ai_materials_linoleum_b_albedo.png-c149c3171f62ffc61c2c23fa6b1bdbfb.ctex
Completed load for: 'res://assets/building/textures/T_library_furniture_book_teal_albedo.png' remapped 'res://assets/building/textures/T_library_furniture_book_teal_albedo.png' at thread 2
Completed load for: 'res://assets/building/textures/T_ai_materials_chrome_b_rough.png' remapped 'res://assets/building/textures/T_ai_materials_chrome_b_rough.png' at thread 4
Loading resource: res://assets/building/textures/T_library_furniture_book_teal_rough.png remapped: res://assets/building/textures/T_library_furniture_book_teal_rough.png
Loading resource: res://assets/building/textures/T_ai_materials_chrome_b_normal.png remapped: res://assets/building/textures/T_ai_materials_chrome_b_normal.png
Loading resource: res://.godot/imported/T_library_furniture_book_teal_rough.png-ecfa8ad6e1f31a3c7eec8ad49b05f740.ctex remapped: res://.godot/imported/T_library_furniture_book_teal_rough.png-ecfa8ad6e1f31a3c7eec8ad49b05f740.ctex
Loading resource: res://.godot/imported/T_ai_materials_chrome_b_normal.png-efd086eed57694d5e24ab552a154a759.ctex remapped: res://.godot/imported/T_ai_materials_chrome_b_normal.png-efd086eed57694d5e24ab552a154a759.ctex
Completed load for: 'res://assets/building/textures/T_library_furniture_book_teal_rough.png' remapped 'res://assets/building/textures/T_library_furniture_book_teal_rough.png' at thread 2
Completed load for: 'res://assets/building/textures/T_ai_materials_enamel_b_normal.png' remapped 'res://assets/building/textures/T_ai_materials_enamel_b_normal.png' at thread 1
Loading resource: res://assets/building/textures/T_library_furniture_book_teal_normal.png remapped: res://assets/building/textures/T_library_furniture_book_teal_normal.png
Loading resource: res://assets/building/textures/T_ai_materials_fabric_cool_b_albedo.png remapped: res://assets/building/textures/T_ai_materials_fabric_cool_b_albedo.png
Loading resource: res://.godot/imported/T_library_furniture_book_teal_normal.png-8e3b991126d0a76a5f5651e8265909b8.ctex remapped: res://.godot/imported/T_library_furniture_book_teal_normal.png-8e3b991126d0a76a5f5651e8265909b8.ctex
Loading resource: res://.godot/imported/T_ai_materials_fabric_cool_b_albedo.png-ec2a72c31ab6639c699d83a66dfbbb34.ctex remapped: res://.godot/imported/T_ai_materials_fabric_cool_b_albedo.png-ec2a72c31ab6639c699d83a66dfbbb34.ctex
Completed load for: 'res://assets/building/textures/T_ai_materials_appliance_b_normal.png' remapped 'res://assets/building/textures/T_ai_materials_appliance_b_normal.png' at thread 6
Completed load for: 'res://assets/building/textures/T_ai_materials_linoleum_b_albedo.png' remapped 'res://assets/building/textures/T_ai_materials_linoleum_b_albedo.png' at thread 5
Loading resource: res://assets/building/textures/T_ai_materials_fabric_warm_b_albedo.png remapped: res://assets/building/textures/T_ai_materials_fabric_warm_b_albedo.png
Loading resource: res://assets/building/textures/T_ai_materials_linoleum_b_rough.png remapped: res://assets/building/textures/T_ai_materials_linoleum_b_rough.png
Loading resource: res://.godot/imported/T_ai_materials_fabric_warm_b_albedo.png-96b0b2152da69312c3039b9e70d06a58.ctex remapped: res://.godot/imported/T_ai_materials_fabric_warm_b_albedo.png-96b0b2152da69312c3039b9e70d06a58.ctex
Loading resource: res://.godot/imported/T_ai_materials_linoleum_b_rough.png-aa9676c113c2e323f4c534808d99ac37.ctex remapped: res://.godot/imported/T_ai_materials_linoleum_b_rough.png-aa9676c113c2e323f4c534808d99ac37.ctex
Completed load for: 'res://assets/building/textures/T_library_furniture_book_teal_normal.png' remapped 'res://assets/building/textures/T_library_furniture_book_teal_normal.png' at thread 2
Completed load for: 'res://assets/building/textures/T_ai_materials_chrome_b_normal.png' remapped 'res://assets/building/textures/T_ai_materials_chrome_b_normal.png' at thread 4
Loading resource: res://assets/building/textures/T_ai_materials_fabric_green_b_albedo.png remapped: res://assets/building/textures/T_ai_materials_fabric_green_b_albedo.png
Loading resource: res://assets/building/textures/T_ai_materials_fabric_cool_b_rough.png remapped: res://assets/building/textures/T_ai_materials_fabric_cool_b_rough.png
Loading resource: res://.godot/imported/T_ai_materials_fabric_green_b_albedo.png-5807e3ae5d7ec84a55295f712a88f820.ctex remapped: res://.godot/imported/T_ai_materials_fabric_green_b_albedo.png-5807e3ae5d7ec84a55295f712a88f820.ctex
Loading resource: res://.godot/imported/T_ai_materials_fabric_cool_b_rough.png-18c11cb6c48c522a8d302d6418dde4a3.ctex remapped: res://.godot/imported/T_ai_materials_fabric_cool_b_rough.png-18c11cb6c48c522a8d302d6418dde4a3.ctex
Completed load for: 'res://assets/building/textures/T_ai_materials_linoleum_b_rough.png' remapped 'res://assets/building/textures/T_ai_materials_linoleum_b_rough.png' at thread 5
Loading resource: res://assets/building/textures/T_ai_materials_linoleum_b_normal.png remapped: res://assets/building/textures/T_ai_materials_linoleum_b_normal.png
Completed load for: 'res://assets/building/textures/T_ai_materials_fabric_cool_b_rough.png' remapped 'res://assets/building/textures/T_ai_materials_fabric_cool_b_rough.png' at thread 4
Loading resource: res://.godot/imported/T_ai_materials_linoleum_b_normal.png-ee40fb522c9bd81bb8c4e2402b808dd1.ctex remapped: res://.godot/imported/T_ai_materials_linoleum_b_normal.png-ee40fb522c9bd81bb8c4e2402b808dd1.ctex
Loading resource: res://assets/building/textures/T_ai_materials_fabric_cool_b_normal.png remapped: res://assets/building/textures/T_ai_materials_fabric_cool_b_normal.png
Completed load for: 'res://assets/building/textures/T_ai_materials_fabric_cool_b_albedo.png' remapped 'res://assets/building/textures/T_ai_materials_fabric_cool_b_albedo.png' at thread 1
Loading resource: res://.godot/imported/T_ai_materials_fabric_cool_b_normal.png-1cf90e56fb6ebd5a233206e9dbea089d.ctex remapped: res://.godot/imported/T_ai_materials_fabric_cool_b_normal.png-1cf90e56fb6ebd5a233206e9dbea089d.ctex
Loading resource: res://assets/building/textures/T_ai_materials_fabric_warm_b_rough.png remapped: res://assets/building/textures/T_ai_materials_fabric_warm_b_rough.png
Completed load for: 'res://assets/building/textures/T_ai_materials_fabric_warm_b_albedo.png' remapped 'res://assets/building/textures/T_ai_materials_fabric_warm_b_albedo.png' at thread 6
Loading resource: res://.godot/imported/T_ai_materials_fabric_warm_b_rough.png-6e22d6b33728fd212176c3309a53f568.ctex remapped: res://.godot/imported/T_ai_materials_fabric_warm_b_rough.png-6e22d6b33728fd212176c3309a53f568.ctex
Loading resource: res://assets/building/textures/T_ai_materials_fabric_warm_b_normal.png remapped: res://assets/building/textures/T_ai_materials_fabric_warm_b_normal.png
Completed load for: 'res://assets/building/textures/T_ai_materials_fabric_warm_b_rough.png' remapped 'res://assets/building/textures/T_ai_materials_fabric_warm_b_rough.png' at thread 1
Loading resource: res://.godot/imported/T_ai_materials_fabric_warm_b_normal.png-c6aa4579950d6b136f80a8b3937ca85a.ctex remapped: res://.godot/imported/T_ai_materials_fabric_warm_b_normal.png-c6aa4579950d6b136f80a8b3937ca85a.ctex
Loading resource: res://assets/building/textures/T_ai_materials_floor_oak_b_albedo.png remapped: res://assets/building/textures/T_ai_materials_floor_oak_b_albedo.png
Completed load for: 'res://assets/building/textures/T_ai_materials_fabric_green_b_albedo.png' remapped 'res://assets/building/textures/T_ai_materials_fabric_green_b_albedo.png' at thread 2
Loading resource: res://.godot/imported/T_ai_materials_floor_oak_b_albedo.png-b9b47581b2d3527a1832c94be6bb1068.ctex remapped: res://.godot/imported/T_ai_materials_floor_oak_b_albedo.png-b9b47581b2d3527a1832c94be6bb1068.ctex
Loading resource: res://assets/building/textures/T_ai_materials_fabric_green_b_rough.png remapped: res://assets/building/textures/T_ai_materials_fabric_green_b_rough.png
Completed load for: 'res://assets/building/textures/T_ai_materials_linoleum_b_normal.png' remapped 'res://assets/building/textures/T_ai_materials_linoleum_b_normal.png' at thread 5
Loading resource: res://assets/building/textures/T_ai_materials_milk_glass_albedo.png remapped: res://assets/building/textures/T_ai_materials_milk_glass_albedo.png
Loading resource: res://.godot/imported/T_ai_materials_fabric_green_b_rough.png-b3bd4faf42eca617955527b9682d8157.ctex remapped: res://.godot/imported/T_ai_materials_fabric_green_b_rough.png-b3bd4faf42eca617955527b9682d8157.ctex
Loading resource: res://.godot/imported/T_ai_materials_milk_glass_albedo.png-c4e531ea030fd79cca5cac8f447f86db.ctex remapped: res://.godot/imported/T_ai_materials_milk_glass_albedo.png-c4e531ea030fd79cca5cac8f447f86db.ctex
Completed load for: 'res://assets/building/textures/T_ai_materials_fabric_green_b_rough.png' remapped 'res://assets/building/textures/T_ai_materials_fabric_green_b_rough.png' at thread 2
Completed load for: 'res://assets/building/textures/T_ai_materials_fabric_cool_b_normal.png' remapped 'res://assets/building/textures/T_ai_materials_fabric_cool_b_normal.png' at thread 4
Loading resource: res://assets/building/textures/T_ai_materials_fabric_green_b_normal.png remapped: res://assets/building/textures/T_ai_materials_fabric_green_b_normal.png
Loading resource: res://assets/building/textures/T_ai_materials_lacquer_red_b_albedo.png remapped: res://assets/building/textures/T_ai_materials_lacquer_red_b_albedo.png
Loading resource: res://.godot/imported/T_ai_materials_fabric_green_b_normal.png-4b580ee3e7346248daa685563ae7e352.ctex remapped: res://.godot/imported/T_ai_materials_fabric_green_b_normal.png-4b580ee3e7346248daa685563ae7e352.ctex
Loading resource: res://.godot/imported/T_ai_materials_lacquer_red_b_albedo.png-4ddb38022173239ddf0aa229f5869707.ctex remapped: res://.godot/imported/T_ai_materials_lacquer_red_b_albedo.png-4ddb38022173239ddf0aa229f5869707.ctex
Completed load for: 'res://assets/building/textures/T_ai_materials_milk_glass_albedo.png' remapped 'res://assets/building/textures/T_ai_materials_milk_glass_albedo.png' at thread 5
Completed load for: 'res://assets/building/textures/T_ai_materials_fabric_warm_b_normal.png' remapped 'res://assets/building/textures/T_ai_materials_fabric_warm_b_normal.png' at thread 6
Loading resource: res://assets/building/textures/T_ai_materials_milk_glass_rough.png remapped: res://assets/building/textures/T_ai_materials_milk_glass_rough.png
Loading resource: res://assets/building/textures/T_ai_materials_milk_glass_normal.png remapped: res://assets/building/textures/T_ai_materials_milk_glass_normal.png
Loading resource: res://.godot/imported/T_ai_materials_milk_glass_rough.png-5371865fb2b201d2c1772d1a1599e624.ctex remapped: res://.godot/imported/T_ai_materials_milk_glass_rough.png-5371865fb2b201d2c1772d1a1599e624.ctex
Loading resource: res://.godot/imported/T_ai_materials_milk_glass_normal.png-0579286e7a4f9bafea96f774859da512.ctex remapped: res://.godot/imported/T_ai_materials_milk_glass_normal.png-0579286e7a4f9bafea96f774859da512.ctex
Completed load for: 'res://assets/building/textures/T_ai_materials_floor_oak_b_albedo.png' remapped 'res://assets/building/textures/T_ai_materials_floor_oak_b_albedo.png' at thread 1
Completed load for: 'res://assets/building/textures/T_ai_materials_milk_glass_rough.png' remapped 'res://assets/building/textures/T_ai_materials_milk_glass_rough.png' at thread 5
Loading resource: res://assets/building/textures/T_ai_materials_floor_oak_b_rough.png remapped: res://assets/building/textures/T_ai_materials_floor_oak_b_rough.png
Completed load for: 'res://assets/building/textures/T_ai_materials_fabric_green_b_normal.png' remapped 'res://assets/building/textures/T_ai_materials_fabric_green_b_normal.png' at thread 2
Completed load for: 'res://assets/building/textures/T_ai_materials_milk_glass_normal.png' remapped 'res://assets/building/textures/T_ai_materials_milk_glass_normal.png' at thread 6
Loading resource: res://assets/building/textures/T_ai_materials_paper_b_albedo.png remapped: res://assets/building/textures/T_ai_materials_paper_b_albedo.png
Loading resource: res://.godot/imported/T_ai_materials_floor_oak_b_rough.png-2077f8ff62fd44aa07ea313096abe11b.ctex remapped: res://.godot/imported/T_ai_materials_floor_oak_b_rough.png-2077f8ff62fd44aa07ea313096abe11b.ctex
Loading resource: res://assets/building/textures/T_ai_materials_lacquer_red_b_rough.png remapped: res://assets/building/textures/T_ai_materials_lacquer_red_b_rough.png
Loading resource: res://.godot/imported/T_ai_materials_paper_b_albedo.png-421a1c009ba26942a4eaa732ba4c671f.ctex remapped: res://.godot/imported/T_ai_materials_paper_b_albedo.png-421a1c009ba26942a4eaa732ba4c671f.ctex
Completed load for: 'res://assets/building/textures/T_ai_materials_lacquer_red_b_albedo.png' remapped 'res://assets/building/textures/T_ai_materials_lacquer_red_b_albedo.png' at thread 4
Loading resource: res://assets/building/textures/T_ai_materials_paper_b_rough.png remapped: res://assets/building/textures/T_ai_materials_paper_b_rough.png
Loading resource: res://.godot/imported/T_ai_materials_lacquer_red_b_rough.png-9ebe4e2787f7412fbb3ebe510140932d.ctex remapped: res://.godot/imported/T_ai_materials_lacquer_red_b_rough.png-9ebe4e2787f7412fbb3ebe510140932d.ctex
Completed load for: 'res://assets/building/textures/T_ai_materials_floor_oak_b_rough.png' remapped 'res://assets/building/textures/T_ai_materials_floor_oak_b_rough.png' at thread 1
Loading resource: res://.godot/imported/T_ai_materials_paper_b_rough.png-e1a95b941817017d152d2a94b19224cd.ctex remapped: res://.godot/imported/T_ai_materials_paper_b_rough.png-e1a95b941817017d152d2a94b19224cd.ctex
Loading resource: res://assets/building/textures/T_ai_materials_lacquer_red_b_normal.png remapped: res://assets/building/textures/T_ai_materials_lacquer_red_b_normal.png
Completed load for: 'res://assets/building/textures/T_ai_materials_lacquer_red_b_rough.png' remapped 'res://assets/building/textures/T_ai_materials_lacquer_red_b_rough.png' at thread 2
Loading resource: res://assets/building/textures/T_ai_materials_floor_oak_b_normal.png remapped: res://assets/building/textures/T_ai_materials_floor_oak_b_normal.png
Loading resource: res://.godot/imported/T_ai_materials_lacquer_red_b_normal.png-eb150c0190c7d626f40c24241a48e100.ctex remapped: res://.godot/imported/T_ai_materials_lacquer_red_b_normal.png-eb150c0190c7d626f40c24241a48e100.ctex
Completed load for: 'res://assets/building/textures/T_ai_materials_paper_b_rough.png' remapped 'res://assets/building/textures/T_ai_materials_paper_b_rough.png' at thread 6
Loading resource: res://assets/building/textures/T_ai_materials_marble_lobby_b_albedo.png remapped: res://assets/building/textures/T_ai_materials_marble_lobby_b_albedo.png
Loading resource: res://assets/building/textures/T_ai_materials_paper_b_normal.png remapped: res://assets/building/textures/T_ai_materials_paper_b_normal.png
Loading resource: res://.godot/imported/T_ai_materials_marble_lobby_b_albedo.png-2c2c7d4d3203592407f0b083b32e76b3.ctex remapped: res://.godot/imported/T_ai_materials_marble_lobby_b_albedo.png-2c2c7d4d3203592407f0b083b32e76b3.ctex
Completed load for: 'res://assets/building/textures/T_ai_materials_paper_b_albedo.png' remapped 'res://assets/building/textures/T_ai_materials_paper_b_albedo.png' at thread 5
Loading resource: res://.godot/imported/T_ai_materials_floor_oak_b_normal.png-3d3a7bd55b8d32debe12d343fc7afe00.ctex remapped: res://.godot/imported/T_ai_materials_floor_oak_b_normal.png-3d3a7bd55b8d32debe12d343fc7afe00.ctex
Loading resource: res://assets/building/textures/T_ai_materials_plaster_b_albedo.png remapped: res://assets/building/textures/T_ai_materials_plaster_b_albedo.png
Loading resource: res://.godot/imported/T_ai_materials_paper_b_normal.png-38e6ec5a164684033ef11aa92bfb8ca9.ctex remapped: res://.godot/imported/T_ai_materials_paper_b_normal.png-38e6ec5a164684033ef11aa92bfb8ca9.ctex
Loading resource: res://.godot/imported/T_ai_materials_plaster_b_albedo.png-5cd796aae5392199960f60e584a1e216.ctex remapped: res://.godot/imported/T_ai_materials_plaster_b_albedo.png-5cd796aae5392199960f60e584a1e216.ctex
Completed load for: 'res://assets/building/textures/T_ai_materials_marble_lobby_b_albedo.png' remapped 'res://assets/building/textures/T_ai_materials_marble_lobby_b_albedo.png' at thread 2
Completed load for: 'res://assets/building/textures/T_ai_materials_lacquer_red_b_normal.png' remapped 'res://assets/building/textures/T_ai_materials_lacquer_red_b_normal.png' at thread 4
Loading resource: res://assets/building/textures/T_ai_materials_marble_lobby_b_rough.png remapped: res://assets/building/textures/T_ai_materials_marble_lobby_b_rough.png
Loading resource: res://assets/building/textures/T_ai_materials_marble_lobby_b_normal.png remapped: res://assets/building/textures/T_ai_materials_marble_lobby_b_normal.png
Loading resource: res://.godot/imported/T_ai_materials_marble_lobby_b_rough.png-addff29d1f66b1f2b75db1a116d0aee4.ctex remapped: res://.godot/imported/T_ai_materials_marble_lobby_b_rough.png-addff29d1f66b1f2b75db1a116d0aee4.ctex
Loading resource: res://.godot/imported/T_ai_materials_marble_lobby_b_normal.png-e925c6e1636f83fc6607ae218c474bfc.ctex remapped: res://.godot/imported/T_ai_materials_marble_lobby_b_normal.png-e925c6e1636f83fc6607ae218c474bfc.ctex
Completed load for: 'res://assets/building/textures/T_ai_materials_floor_oak_b_normal.png' remapped 'res://assets/building/textures/T_ai_materials_floor_oak_b_normal.png' at thread 1
Completed load for: 'res://assets/building/textures/T_ai_materials_paper_b_normal.png' remapped 'res://assets/building/textures/T_ai_materials_paper_b_normal.png' at thread 6
Loading resource: res://assets/building/textures/T_ai_materials_linen_b_albedo.png remapped: res://assets/building/textures/T_ai_materials_linen_b_albedo.png
Loading resource: res://assets/building/textures/T_ai_materials_plaster_b_rough.png remapped: res://assets/building/textures/T_ai_materials_plaster_b_rough.png
Loading resource: res://.godot/imported/T_ai_materials_linen_b_albedo.png-fab91c2aca389384bc87db90c5b75adf.ctex remapped: res://.godot/imported/T_ai_materials_linen_b_albedo.png-fab91c2aca389384bc87db90c5b75adf.ctex
Completed load for: 'res://assets/building/textures/T_ai_materials_marble_lobby_b_normal.png' remapped 'res://assets/building/textures/T_ai_materials_marble_lobby_b_normal.png' at thread 4
Completed load for: 'res://assets/building/textures/T_ai_materials_plaster_b_albedo.png' remapped 'res://assets/building/textures/T_ai_materials_plaster_b_albedo.png' at thread 5
Loading resource: res://.godot/imported/T_ai_materials_plaster_b_rough.png-fb059299c916b283d228708dcc7ac2e0.ctex remapped: res://.godot/imported/T_ai_materials_plaster_b_rough.png-fb059299c916b283d228708dcc7ac2e0.ctex
Completed load for: 'res://assets/building/textures/T_ai_materials_marble_lobby_b_rough.png' remapped 'res://assets/building/textures/T_ai_materials_marble_lobby_b_rough.png' at thread 2
Loading resource: res://assets/building/textures/T_ai_materials_plaster_b_normal.png remapped: res://assets/building/textures/T_ai_materials_plaster_b_normal.png
Completed load for: 'res://assets/building/textures/T_ai_materials_plaster_b_rough.png' remapped 'res://assets/building/textures/T_ai_materials_plaster_b_rough.png' at thread 6
Loading resource: res://assets/building/textures/T_ai_materials_plaster_stained_b_albedo.png remapped: res://assets/building/textures/T_ai_materials_plaster_stained_b_albedo.png
Loading resource: res://assets/building/textures/T_ai_materials_plaster_stained_b_rough.png remapped: res://assets/building/textures/T_ai_materials_plaster_stained_b_rough.png
Loading resource: res://.godot/imported/T_ai_materials_plaster_b_normal.png-b3f2e4bbda3f2644aaa1105afc5e824f.ctex remapped: res://.godot/imported/T_ai_materials_plaster_b_normal.png-b3f2e4bbda3f2644aaa1105afc5e824f.ctex
Loading resource: res://assets/building/textures/T_ai_materials_plaster_stained_b_normal.png remapped: res://assets/building/textures/T_ai_materials_plaster_stained_b_normal.png
Loading resource: res://.godot/imported/T_ai_materials_plaster_stained_b_albedo.png-1a86e7cd2b4fc2e1b986676bbc9004ad.ctex remapped: res://.godot/imported/T_ai_materials_plaster_stained_b_albedo.png-1a86e7cd2b4fc2e1b986676bbc9004ad.ctex
Loading resource: res://.godot/imported/T_ai_materials_plaster_stained_b_normal.png-4bd723c3b934408c53a6d46962e8755c.ctex remapped: res://.godot/imported/T_ai_materials_plaster_stained_b_normal.png-4bd723c3b934408c53a6d46962e8755c.ctex
Loading resource: res://.godot/imported/T_ai_materials_plaster_stained_b_rough.png-cac36d2e6506f7b1e4f3c1ddc5a86ab9.ctex remapped: res://.godot/imported/T_ai_materials_plaster_stained_b_rough.png-cac36d2e6506f7b1e4f3c1ddc5a86ab9.ctex
Completed load for: 'res://assets/building/textures/T_ai_materials_plaster_stained_b_rough.png' remapped 'res://assets/building/textures/T_ai_materials_plaster_stained_b_rough.png' at thread 2
Completed load for: 'res://assets/building/textures/T_ai_materials_linen_b_albedo.png' remapped 'res://assets/building/textures/T_ai_materials_linen_b_albedo.png' at thread 1
Loading resource: res://assets/building/textures/T_ai_materials_plywood_b_albedo.png remapped: res://assets/building/textures/T_ai_materials_plywood_b_albedo.png
Loading resource: res://assets/building/textures/T_ai_materials_linen_b_rough.png remapped: res://assets/building/textures/T_ai_materials_linen_b_rough.png
Loading resource: res://.godot/imported/T_ai_materials_plywood_b_albedo.png-dc1ad4ca1c1ef4804af8b34e03325978.ctex remapped: res://.godot/imported/T_ai_materials_plywood_b_albedo.png-dc1ad4ca1c1ef4804af8b34e03325978.ctex
Loading resource: res://.godot/imported/T_ai_materials_linen_b_rough.png-8d7e9a95622433d0fe3c3ae7a74ada71.ctex remapped: res://.godot/imported/T_ai_materials_linen_b_rough.png-8d7e9a95622433d0fe3c3ae7a74ada71.ctex
Completed load for: 'res://assets/building/textures/T_ai_materials_plaster_b_normal.png' remapped 'res://assets/building/textures/T_ai_materials_plaster_b_normal.png' at thread 4
Completed load for: 'res://assets/building/textures/T_ai_materials_linen_b_rough.png' remapped 'res://assets/building/textures/T_ai_materials_linen_b_rough.png' at thread 1
Loading resource: res://assets/building/textures/T_ai_materials_terracotta_b_albedo.png remapped: res://assets/building/textures/T_ai_materials_terracotta_b_albedo.png
Loading resource: res://assets/building/textures/T_ai_materials_linen_b_normal.png remapped: res://assets/building/textures/T_ai_materials_linen_b_normal.png
Loading resource: res://.godot/imported/T_ai_materials_terracotta_b_albedo.png-558383554baeab13588e22d235d334f6.ctex remapped: res://.godot/imported/T_ai_materials_terracotta_b_albedo.png-558383554baeab13588e22d235d334f6.ctex
Loading resource: res://.godot/imported/T_ai_materials_linen_b_normal.png-e527c81255c45ac5935bec002aa5b893.ctex remapped: res://.godot/imported/T_ai_materials_linen_b_normal.png-e527c81255c45ac5935bec002aa5b893.ctex
Completed load for: 'res://assets/building/textures/T_ai_materials_plaster_stained_b_albedo.png' remapped 'res://assets/building/textures/T_ai_materials_plaster_stained_b_albedo.png' at thread 5
Completed load for: 'res://assets/building/textures/T_ai_materials_plaster_stained_b_normal.png' remapped 'res://assets/building/textures/T_ai_materials_plaster_stained_b_normal.png' at thread 6
Loading resource: res://assets/building/textures/T_ai_materials_safety_orange_b_albedo.png remapped: res://assets/building/textures/T_ai_materials_safety_orange_b_albedo.png
Loading resource: res://assets/building/textures/T_ai_materials_plywood_b_rough.png remapped: res://assets/building/textures/T_ai_materials_plywood_b_rough.png
Loading resource: res://.godot/imported/T_ai_materials_safety_orange_b_albedo.png-abaf1fb6cf4aaf7771f8f602470c2f18.ctex remapped: res://.godot/imported/T_ai_materials_safety_orange_b_albedo.png-abaf1fb6cf4aaf7771f8f602470c2f18.ctex
Loading resource: res://.godot/imported/T_ai_materials_plywood_b_rough.png-30832090751937ae71fecdad42f6e42f.ctex remapped: res://.godot/imported/T_ai_materials_plywood_b_rough.png-30832090751937ae71fecdad42f6e42f.ctex
Completed load for: 'res://assets/building/textures/T_ai_materials_plywood_b_albedo.png' remapped 'res://assets/building/textures/T_ai_materials_plywood_b_albedo.png' at thread 2
Loading resource: res://assets/building/textures/T_ai_materials_plywood_b_normal.png remapped: res://assets/building/textures/T_ai_materials_plywood_b_normal.png
Completed load for: 'res://assets/building/textures/T_ai_materials_plywood_b_rough.png' remapped 'res://assets/building/textures/T_ai_materials_plywood_b_rough.png' at thread 6
Loading resource: res://.godot/imported/T_ai_materials_plywood_b_normal.png-2d184c3e1ae02002a0fb2157a51d870c.ctex remapped: res://.godot/imported/T_ai_materials_plywood_b_normal.png-2d184c3e1ae02002a0fb2157a51d870c.ctex
Loading resource: res://assets/building/textures/T_ai_materials_stairwell_teal_b_albedo.png remapped: res://assets/building/textures/T_ai_materials_stairwell_teal_b_albedo.png
Completed load for: 'res://assets/building/textures/T_ai_materials_terracotta_b_albedo.png' remapped 'res://assets/building/textures/T_ai_materials_terracotta_b_albedo.png' at thread 4
Loading resource: res://.godot/imported/T_ai_materials_stairwell_teal_b_albedo.png-f346b97c2c9f3a11d6babdf072bc54cf.ctex remapped: res://.godot/imported/T_ai_materials_stairwell_teal_b_albedo.png-f346b97c2c9f3a11d6babdf072bc54cf.ctex
Loading resource: res://assets/building/textures/T_ai_materials_terracotta_b_rough.png remapped: res://assets/building/textures/T_ai_materials_terracotta_b_rough.png
Completed load for: 'res://assets/building/textures/T_ai_materials_linen_b_normal.png' remapped 'res://assets/building/textures/T_ai_materials_linen_b_normal.png' at thread 1
Loading resource: res://.godot/imported/T_ai_materials_terracotta_b_rough.png-d0527e14ab509d67d1e99248be073810.ctex remapped: res://.godot/imported/T_ai_materials_terracotta_b_rough.png-d0527e14ab509d67d1e99248be073810.ctex
Loading resource: res://assets/building/textures/T_ai_materials_terracotta_b_normal.png remapped: res://assets/building/textures/T_ai_materials_terracotta_b_normal.png
Loading resource: res://.godot/imported/T_ai_materials_terracotta_b_normal.png-ae748eb8f2c8bd668a9e538fe58abca3.ctex remapped: res://.godot/imported/T_ai_materials_terracotta_b_normal.png-ae748eb8f2c8bd668a9e538fe58abca3.ctex
Completed load for: 'res://assets/building/textures/T_ai_materials_terracotta_b_rough.png' remapped 'res://assets/building/textures/T_ai_materials_terracotta_b_rough.png' at thread 4
Completed load for: 'res://assets/building/textures/T_ai_materials_safety_orange_b_albedo.png' remapped 'res://assets/building/textures/T_ai_materials_safety_orange_b_albedo.png' at thread 5
Loading resource: res://assets/building/textures/T_ai_materials_terrazzo_b_albedo.png remapped: res://assets/building/textures/T_ai_materials_terrazzo_b_albedo.png
Loading resource: res://assets/building/textures/T_ai_materials_safety_orange_b_rough.png remapped: res://assets/building/textures/T_ai_materials_safety_orange_b_rough.png
Loading resource: res://.godot/imported/T_ai_materials_terrazzo_b_albedo.png-5b6477078890d941ae3d9b3abee5524f.ctex remapped: res://.godot/imported/T_ai_materials_terrazzo_b_albedo.png-5b6477078890d941ae3d9b3abee5524f.ctex
Loading resource: res://.godot/imported/T_ai_materials_safety_orange_b_rough.png-b889f1dcc342af94b84d6e577c098ac9.ctex remapped: res://.godot/imported/T_ai_materials_safety_orange_b_rough.png-b889f1dcc342af94b84d6e577c098ac9.ctex
Completed load for: 'res://assets/building/textures/T_ai_materials_plywood_b_normal.png' remapped 'res://assets/building/textures/T_ai_materials_plywood_b_normal.png' at thread 2
Loading resource: res://assets/building/textures/T_ai_materials_porcelain_b_albedo.png remapped: res://assets/building/textures/T_ai_materials_porcelain_b_albedo.png
Completed load for: 'res://assets/building/textures/T_ai_materials_safety_orange_b_rough.png' remapped 'res://assets/building/textures/T_ai_materials_safety_orange_b_rough.png' at thread 5
Loading resource: res://.godot/imported/T_ai_materials_porcelain_b_albedo.png-8ea358576791348c4c69bb4acb66c614.ctex remapped: res://.godot/imported/T_ai_materials_porcelain_b_albedo.png-8ea358576791348c4c69bb4acb66c614.ctex
Loading resource: res://assets/building/textures/T_ai_materials_safety_orange_b_normal.png remapped: res://assets/building/textures/T_ai_materials_safety_orange_b_normal.png
Completed load for: 'res://assets/building/textures/T_ai_materials_stairwell_teal_b_albedo.png' remapped 'res://assets/building/textures/T_ai_materials_stairwell_teal_b_albedo.png' at thread 6
Loading resource: res://.godot/imported/T_ai_materials_safety_orange_b_normal.png-f703bdcff07b14dfe6b2512464d21398.ctex remapped: res://.godot/imported/T_ai_materials_safety_orange_b_normal.png-f703bdcff07b14dfe6b2512464d21398.ctex
Loading resource: res://assets/building/textures/T_ai_materials_stairwell_teal_b_rough.png remapped: res://assets/building/textures/T_ai_materials_stairwell_teal_b_rough.png
Completed load for: 'res://assets/building/textures/T_ai_materials_terracotta_b_normal.png' remapped 'res://assets/building/textures/T_ai_materials_terracotta_b_normal.png' at thread 1
Loading resource: res://.godot/imported/T_ai_materials_stairwell_teal_b_rough.png-fecb08ab795128c1d9e214ec72a3981c.ctex remapped: res://.godot/imported/T_ai_materials_stairwell_teal_b_rough.png-fecb08ab795128c1d9e214ec72a3981c.ctex
Loading resource: res://assets/building/textures/T_ai_materials_timber_b_albedo.png remapped: res://assets/building/textures/T_ai_materials_timber_b_albedo.png
Loading resource: res://.godot/imported/T_ai_materials_timber_b_albedo.png-ba5723359a0c7f490e787d6fcd6938b8.ctex remapped: res://.godot/imported/T_ai_materials_timber_b_albedo.png-ba5723359a0c7f490e787d6fcd6938b8.ctex
Completed load for: 'res://assets/building/textures/T_ai_materials_stairwell_teal_b_rough.png' remapped 'res://assets/building/textures/T_ai_materials_stairwell_teal_b_rough.png' at thread 6
Loading resource: res://assets/building/textures/T_ai_materials_stairwell_teal_b_normal.png remapped: res://assets/building/textures/T_ai_materials_stairwell_teal_b_normal.png
Completed load for: 'res://assets/building/textures/T_ai_materials_terrazzo_b_albedo.png' remapped 'res://assets/building/textures/T_ai_materials_terrazzo_b_albedo.png' at thread 4
Loading resource: res://.godot/imported/T_ai_materials_stairwell_teal_b_normal.png-bf57af8a648d5fc69d3477f14b690e70.ctex remapped: res://.godot/imported/T_ai_materials_stairwell_teal_b_normal.png-bf57af8a648d5fc69d3477f14b690e70.ctex
Loading resource: res://assets/building/textures/T_ai_materials_terrazzo_b_rough.png remapped: res://assets/building/textures/T_ai_materials_terrazzo_b_rough.png
Loading resource: res://.godot/imported/T_ai_materials_terrazzo_b_rough.png-4e3e5f1adcc9a383edd66275ebafc324.ctex remapped: res://.godot/imported/T_ai_materials_terrazzo_b_rough.png-4e3e5f1adcc9a383edd66275ebafc324.ctex
Completed load for: 'res://assets/building/textures/T_ai_materials_porcelain_b_albedo.png' remapped 'res://assets/building/textures/T_ai_materials_porcelain_b_albedo.png' at thread 2
Loading resource: res://assets/building/textures/T_ai_materials_porcelain_b_rough.png remapped: res://assets/building/textures/T_ai_materials_porcelain_b_rough.png
Completed load for: 'res://assets/building/textures/T_ai_materials_safety_orange_b_normal.png' remapped 'res://assets/building/textures/T_ai_materials_safety_orange_b_normal.png' at thread 5
Loading resource: res://.godot/imported/T_ai_materials_porcelain_b_rough.png-e6669b74c43d2af8ba3addba3b82fe3e.ctex remapped: res://.godot/imported/T_ai_materials_porcelain_b_rough.png-e6669b74c43d2af8ba3addba3b82fe3e.ctex
Loading resource: res://assets/building/textures/T_ai_materials_timber_b_rough.png remapped: res://assets/building/textures/T_ai_materials_timber_b_rough.png
Completed load for: 'res://assets/building/textures/T_ai_materials_terrazzo_b_rough.png' remapped 'res://assets/building/textures/T_ai_materials_terrazzo_b_rough.png' at thread 4
Completed load for: 'res://assets/building/textures/T_ai_materials_timber_b_albedo.png' remapped 'res://assets/building/textures/T_ai_materials_timber_b_albedo.png' at thread 1
Completed load for: 'res://assets/building/textures/T_ai_materials_porcelain_b_rough.png' remapped 'res://assets/building/textures/T_ai_materials_porcelain_b_rough.png' at thread 2
Loading resource: res://.godot/imported/T_ai_materials_timber_b_rough.png-cfcde5f63c3841b86ec08444120a125a.ctex remapped: res://.godot/imported/T_ai_materials_timber_b_rough.png-cfcde5f63c3841b86ec08444120a125a.ctex
Loading resource: res://assets/building/textures/T_ai_materials_terrazzo_b_normal.png remapped: res://assets/building/textures/T_ai_materials_terrazzo_b_normal.png
Loading resource: res://assets/building/textures/T_ai_materials_timber_b_normal.png remapped: res://assets/building/textures/T_ai_materials_timber_b_normal.png
Loading resource: res://.godot/imported/T_ai_materials_terrazzo_b_normal.png-9c95d11c3ce05fc3bb7feadbf329579d.ctex remapped: res://.godot/imported/T_ai_materials_terrazzo_b_normal.png-9c95d11c3ce05fc3bb7feadbf329579d.ctex
Completed load for: 'res://assets/building/textures/T_ai_materials_timber_b_rough.png' remapped 'res://assets/building/textures/T_ai_materials_timber_b_rough.png' at thread 5
Loading resource: res://assets/building/textures/T_ai_materials_porcelain_b_normal.png remapped: res://assets/building/textures/T_ai_materials_porcelain_b_normal.png
Loading resource: res://.godot/imported/T_ai_materials_timber_b_normal.png-a70b22fbeccd4c4e8707ed82bde12dd8.ctex remapped: res://.godot/imported/T_ai_materials_timber_b_normal.png-a70b22fbeccd4c4e8707ed82bde12dd8.ctex
Completed load for: 'res://assets/building/textures/T_ai_materials_stairwell_teal_b_normal.png' remapped 'res://assets/building/textures/T_ai_materials_stairwell_teal_b_normal.png' at thread 6
Loading resource: res://assets/building/textures/T_ai_materials_trim_b_albedo.png remapped: res://assets/building/textures/T_ai_materials_trim_b_albedo.png
Loading resource: res://assets/building/textures/T_ai_materials_trim_b_rough.png remapped: res://assets/building/textures/T_ai_materials_trim_b_rough.png
Loading resource: res://.godot/imported/T_ai_materials_trim_b_albedo.png-441acffa3e278d4e64392230ed9e53e1.ctex remapped: res://.godot/imported/T_ai_materials_trim_b_albedo.png-441acffa3e278d4e64392230ed9e53e1.ctex
Loading resource: res://.godot/imported/T_ai_materials_porcelain_b_normal.png-8d9ae3bce92e523a89bbfdd7d2aa7144.ctex remapped: res://.godot/imported/T_ai_materials_porcelain_b_normal.png-8d9ae3bce92e523a89bbfdd7d2aa7144.ctex
Loading resource: res://.godot/imported/T_ai_materials_trim_b_rough.png-6887850f6bea04c593a6075192033530.ctex remapped: res://.godot/imported/T_ai_materials_trim_b_rough.png-6887850f6bea04c593a6075192033530.ctex
Completed load for: 'res://assets/building/textures/T_ai_materials_trim_b_rough.png' remapped 'res://assets/building/textures/T_ai_materials_trim_b_rough.png' at thread 6
Loading resource: res://assets/building/textures/T_ai_materials_trim_b_normal.png remapped: res://assets/building/textures/T_ai_materials_trim_b_normal.png
Completed load for: 'res://assets/building/textures/T_ai_materials_porcelain_b_normal.png' remapped 'res://assets/building/textures/T_ai_materials_porcelain_b_normal.png' at thread 2
Loading resource: res://.godot/imported/T_ai_materials_trim_b_normal.png-33e5124c0f24d930a9eb50d7b016cdfa.ctex remapped: res://.godot/imported/T_ai_materials_trim_b_normal.png-33e5124c0f24d930a9eb50d7b016cdfa.ctex
Loading resource: res://assets/building/textures/T_ai_materials_tin_ceiling_b_albedo.png remapped: res://assets/building/textures/T_ai_materials_tin_ceiling_b_albedo.png
Completed load for: 'res://assets/building/textures/T_ai_materials_terrazzo_b_normal.png' remapped 'res://assets/building/textures/T_ai_materials_terrazzo_b_normal.png' at thread 4
Loading resource: res://.godot/imported/T_ai_materials_tin_ceiling_b_albedo.png-d68e2c41d9755309910e47312aae12a2.ctex remapped: res://.godot/imported/T_ai_materials_tin_ceiling_b_albedo.png-d68e2c41d9755309910e47312aae12a2.ctex
Loading resource: res://assets/building/textures/T_ai_materials_tin_ceiling_b_rough.png remapped: res://assets/building/textures/T_ai_materials_tin_ceiling_b_rough.png
Completed load for: 'res://assets/building/textures/T_ai_materials_timber_b_normal.png' remapped 'res://assets/building/textures/T_ai_materials_timber_b_normal.png' at thread 1
Loading resource: res://.godot/imported/T_ai_materials_tin_ceiling_b_rough.png-21fc1cffc663e472813390241899b099.ctex remapped: res://.godot/imported/T_ai_materials_tin_ceiling_b_rough.png-21fc1cffc663e472813390241899b099.ctex
Loading resource: res://assets/building/textures/T_ai_materials_tin_ceiling_b_normal.png remapped: res://assets/building/textures/T_ai_materials_tin_ceiling_b_normal.png
Completed load for: 'res://assets/building/textures/T_ai_materials_trim_b_albedo.png' remapped 'res://assets/building/textures/T_ai_materials_trim_b_albedo.png' at thread 5
Loading resource: res://.godot/imported/T_ai_materials_tin_ceiling_b_normal.png-e696b9e982d78e71cbd552c7ea265d1f.ctex remapped: res://.godot/imported/T_ai_materials_tin_ceiling_b_normal.png-e696b9e982d78e71cbd552c7ea265d1f.ctex
Loading resource: res://assets/building/textures/T_ai_materials_wainscot_b_albedo.png remapped: res://assets/building/textures/T_ai_materials_wainscot_b_albedo.png
Completed load for: 'res://assets/building/textures/T_ai_materials_tin_ceiling_b_rough.png' remapped 'res://assets/building/textures/T_ai_materials_tin_ceiling_b_rough.png' at thread 4
Loading resource: res://.godot/imported/T_ai_materials_wainscot_b_albedo.png-bdfe16afff50ef122017d8cd8be5bc37.ctex remapped: res://.godot/imported/T_ai_materials_wainscot_b_albedo.png-bdfe16afff50ef122017d8cd8be5bc37.ctex
Loading resource: res://assets/building/textures/T_ai_materials_vinyl_oxblood_b_albedo.png remapped: res://assets/building/textures/T_ai_materials_vinyl_oxblood_b_albedo.png
Completed load for: 'res://assets/building/textures/T_ai_materials_trim_b_normal.png' remapped 'res://assets/building/textures/T_ai_materials_trim_b_normal.png' at thread 6
Loading resource: res://.godot/imported/T_ai_materials_vinyl_oxblood_b_albedo.png-1caf8baddbd386721d87ea98df5f8659.ctex remapped: res://.godot/imported/T_ai_materials_vinyl_oxblood_b_albedo.png-1caf8baddbd386721d87ea98df5f8659.ctex
Loading resource: res://assets/building/textures/T_ai_materials_wainscot_b_rough.png remapped: res://assets/building/textures/T_ai_materials_wainscot_b_rough.png
Completed load for: 'res://assets/building/textures/T_ai_materials_tin_ceiling_b_albedo.png' remapped 'res://assets/building/textures/T_ai_materials_tin_ceiling_b_albedo.png' at thread 2
Loading resource: res://.godot/imported/T_ai_materials_wainscot_b_rough.png-f3ea798e19a5a163c8b53c814844988b.ctex remapped: res://.godot/imported/T_ai_materials_wainscot_b_rough.png-f3ea798e19a5a163c8b53c814844988b.ctex
Loading resource: res://assets/building/textures/T_ai_materials_vinyl_oxblood_b_rough.png remapped: res://assets/building/textures/T_ai_materials_vinyl_oxblood_b_rough.png
Loading resource: res://.godot/imported/T_ai_materials_vinyl_oxblood_b_rough.png-65ebd662c8847f751ba7b8dcbc7b7fed.ctex remapped: res://.godot/imported/T_ai_materials_vinyl_oxblood_b_rough.png-65ebd662c8847f751ba7b8dcbc7b7fed.ctex
Completed load for: 'res://assets/building/textures/T_ai_materials_wainscot_b_rough.png' remapped 'res://assets/building/textures/T_ai_materials_wainscot_b_rough.png' at thread 6
Loading resource: res://assets/building/textures/T_ai_materials_wainscot_b_normal.png remapped: res://assets/building/textures/T_ai_materials_wainscot_b_normal.png
Completed load for: 'res://assets/building/textures/T_ai_materials_tin_ceiling_b_normal.png' remapped 'res://assets/building/textures/T_ai_materials_tin_ceiling_b_normal.png' at thread 1
Completed load for: 'res://assets/building/textures/T_ai_materials_vinyl_oxblood_b_rough.png' remapped 'res://assets/building/textures/T_ai_materials_vinyl_oxblood_b_rough.png' at thread 2
Loading resource: res://assets/building/textures/T_ai_materials_wood_dark_b_albedo.png remapped: res://assets/building/textures/T_ai_materials_wood_dark_b_albedo.png
Loading resource: res://assets/building/textures/T_ai_materials_vinyl_oxblood_b_normal.png remapped: res://assets/building/textures/T_ai_materials_vinyl_oxblood_b_normal.png
Loading resource: res://.godot/imported/T_ai_materials_wood_dark_b_albedo.png-02739701ec626c283c259a19e579ab2e.ctex remapped: res://.godot/imported/T_ai_materials_wood_dark_b_albedo.png-02739701ec626c283c259a19e579ab2e.ctex
Completed load for: 'res://assets/building/textures/T_ai_materials_wainscot_b_albedo.png' remapped 'res://assets/building/textures/T_ai_materials_wainscot_b_albedo.png' at thread 5
Loading resource: res://.godot/imported/T_ai_materials_wainscot_b_normal.png-795e5d25c95210be5dc0187b196dd95a.ctex remapped: res://.godot/imported/T_ai_materials_wainscot_b_normal.png-795e5d25c95210be5dc0187b196dd95a.ctex
Completed load for: 'res://assets/building/textures/T_ai_materials_vinyl_oxblood_b_albedo.png' remapped 'res://assets/building/textures/T_ai_materials_vinyl_oxblood_b_albedo.png' at thread 4
Loading resource: res://.godot/imported/T_ai_materials_vinyl_oxblood_b_normal.png-06bcf5a0c9107b001fbe9c3288594ad5.ctex remapped: res://.godot/imported/T_ai_materials_vinyl_oxblood_b_normal.png-06bcf5a0c9107b001fbe9c3288594ad5.ctex
Loading resource: res://assets/building/textures/T_ai_materials_wood_dark_b_normal.png remapped: res://assets/building/textures/T_ai_materials_wood_dark_b_normal.png
Loading resource: res://assets/building/textures/T_ai_materials_wood_dark_b_rough.png remapped: res://assets/building/textures/T_ai_materials_wood_dark_b_rough.png
Loading resource: res://.godot/imported/T_ai_materials_wood_dark_b_normal.png-8e7e968868e60454cce60c5f7665b77b.ctex remapped: res://.godot/imported/T_ai_materials_wood_dark_b_normal.png-8e7e968868e60454cce60c5f7665b77b.ctex
Loading resource: res://.godot/imported/T_ai_materials_wood_dark_b_rough.png-f6ee1d159ba23f36685f2519abd45255.ctex remapped: res://.godot/imported/T_ai_materials_wood_dark_b_rough.png-f6ee1d159ba23f36685f2519abd45255.ctex
Completed load for: 'res://assets/building/textures/T_ai_materials_wood_dark_b_rough.png' remapped 'res://assets/building/textures/T_ai_materials_wood_dark_b_rough.png' at thread 5
Loading resource: res://assets/building/textures/T_fx_fx_scuff.png remapped: res://assets/building/textures/T_fx_fx_scuff.png
Loading resource: res://.godot/imported/T_fx_fx_scuff.png-3337272242a4cc7b52056e443974dfe6.ctex remapped: res://.godot/imported/T_fx_fx_scuff.png-3337272242a4cc7b52056e443974dfe6.ctex
Completed load for: 'res://assets/building/textures/T_ai_materials_wood_dark_b_albedo.png' remapped 'res://assets/building/textures/T_ai_materials_wood_dark_b_albedo.png' at thread 1
Loading resource: res://assets/building/textures/T_fx_fx_scuff_rough.png remapped: res://assets/building/textures/T_fx_fx_scuff_rough.png
Completed load for: 'res://assets/building/textures/T_fx_fx_scuff.png' remapped 'res://assets/building/textures/T_fx_fx_scuff.png' at thread 5
Loading resource: res://.godot/imported/T_fx_fx_scuff_rough.png-079ee87ba232e74d19fd8450ffe538eb.ctex remapped: res://.godot/imported/T_fx_fx_scuff_rough.png-079ee87ba232e74d19fd8450ffe538eb.ctex
Loading resource: res://assets/building/textures/T_fx_fx_scuff_normal.png remapped: res://assets/building/textures/T_fx_fx_scuff_normal.png
Completed load for: 'res://assets/building/textures/T_ai_materials_wainscot_b_normal.png' remapped 'res://assets/building/textures/T_ai_materials_wainscot_b_normal.png' at thread 6
Completed load for: 'res://assets/building/textures/T_ai_materials_vinyl_oxblood_b_normal.png' remapped 'res://assets/building/textures/T_ai_materials_vinyl_oxblood_b_normal.png' at thread 2
Completed load for: 'res://assets/building/textures/T_fx_fx_scuff_rough.png' remapped 'res://assets/building/textures/T_fx_fx_scuff_rough.png' at thread 1
Loading resource: res://.godot/imported/T_fx_fx_scuff_normal.png-d9c791ffa61779f8e646a3dd86b104d7.ctex remapped: res://.godot/imported/T_fx_fx_scuff_normal.png-d9c791ffa61779f8e646a3dd86b104d7.ctex
Completed load for: 'res://assets/building/textures/T_ai_materials_wood_dark_b_normal.png' remapped 'res://assets/building/textures/T_ai_materials_wood_dark_b_normal.png' at thread 4
Completed load for: 'res://assets/building/textures/T_fx_fx_scuff_normal.png' remapped 'res://assets/building/textures/T_fx_fx_scuff_normal.png' at thread 5
Completed load for: 'res://assets/building/floor_01_cells/shop_otis_son.gltf' remapped 'res://assets/building/floor_01_cells/shop_otis_son.gltf' at thread 2
Completed load for: 'res://assets/building/floor_01_cells/shop_luncheonette.gltf' remapped 'res://assets/building/floor_01_cells/shop_luncheonette.gltf' at thread 4
Completed load for: 'res://assets/building/floor_01_cells/shop_radio_service.gltf' remapped 'res://assets/building/floor_01_cells/shop_radio_service.gltf' at thread 6
Completed load for: 'res://assets/building/floor_01_cells/shop_news_cigars.gltf' remapped 'res://assets/building/floor_01_cells/shop_news_cigars.gltf' at thread 5
Completed load for: 'res://assets/building/floor_01_cells/shop_pawnbroker.gltf' remapped 'res://assets/building/floor_01_cells/shop_pawnbroker.gltf' at thread 1
LOAD TEARDOWN: shutdown drains requests and frees off-tree staging = true
LOAD TEARDOWN: shutdown releases material dependency references = true
LOAD TEARDOWN: world released after repeated shutdown = true
PASSAGE LOAD TEARDOWN: 5 checks; 0 failures; drain_ms=803.408
XR: Clearing primary interface
XR: Removed interface "Native mobile"
XR: Removed interface "OpenXR"
