id,area,priority,action,title,objects,placement,dimensions,construction,materials,wear,lighting,sound,purpose,sources,dependencies,preserve,acceptance,status,owner_notes
B1_LAUNDRY-001,B1_LAUNDRY,P1,add,Household baskets and the folding table,new: 5 wicker baskets (desktop_stock) with chalked floor numbers; a folding table (work_tables) with Mina's uniform stack (cloth family),"Baskets along the wall under the airer's rope line, clear of the wringer swing; table against the wall opposite the washers",,Static desktop_stock and cloth pieces; no new owner; chalk numerals as painted numeral decals (the texture rule allows no lettering; numerals as chalk strokes),"wicker, cotton, chalk",water on the floor between tub and wringer (local wet mask already in A04),,,Schedules: eight households use this room on named days; the room should show the queue,game/data/resident_schedules.json laundry blocks; art/blender/laundry_apparatus.md,,"Washer area reaches (lid, release, feed, cocks, drain), airer rope endpoints, standing approaches",Overview shows baskets and the table without entering any washer stance,verified,"Five wicker baskets (hamper copies) along the north wall either side of the wet-stack pier, clear of the washers and the wringer swing (one first stood inside the pier: slice23c moved it). The chalked floor numbers, the folding table and Mina's uniform stack wait for a decal pass, a work-table copy and a folded-uniform form. Verified at 8f72926b (slice23: basement route 88 and ground 11 waypoints, laundry input 17, laundry apparatus, fittings, receiving and trade 0 failures, identical at 09e583ee in slice23base; Mina's laundry routine passing on both under the long runner in slice23mina and slice23mina_base; apartment batch 236; fabrication 28,403 checks with 0 failures in slice23b) and at 1cddce25 (slice23c, the basket moved: fabrication, laundry route, apparatus and fittings 0 failures, the laundry sweep 0 failures); captures in implementation/slice23 and slice23c."
B1_LAUNDRY-002,B1_LAUNDRY,P1,add,The posted schedule and the painted-over signal outlet,"new: schedule board (Label3D text in the telegram grammar) by the door; a brass signal outlet plate at 2.2 m with a cloth lead to nothing, painted over",Board at 1.5 m beside B1_LAUNDRY_DOOR; outlet high on the north wall (the wall WORS came through),,Notice family board; fixed_lighting-family plate with a lead stub,"card, brass under cream paint",,,,Bible III: WORS 1610 from the laundry room with no transmitter ever found; Accord 11,design/ORISON_BIBLE.md III; design/ORISON_STUDIO_BRIEF.md (the studio shares the laundry's north wall),,,Detail view at the north wall reads the plate,proposed,
B1_LAUNDRY-003,B1_LAUNDRY,P2,add,Omar's deep-service evidence,"new: oil can, a spare belt on a nail, a stepladder folded by the switch (desktop_stock)",,,,,,,,Schedule: Omar deep-services the machines Saturday mornings,,,,Reverse view,verified,"Omar's deep-service evidence: an oil can standing on a folded rag by the first washer, a spare drive belt looped over a nail on the west wall between the washers, and a folded wooden stepladder leaning on the east wall south of the switch (implementation/slice32/images: B1_laundry_stepladder_native, B1_LAUNDRY views). Verified at WIP 87b953dc (implementation/slice32): fabrication batch 0 failures; apartment batch 236 on the long runner; laundry route 17, basement route 88, public doors 17, public furnishings 29 and wall mounts 4 waypoints with 0 failures; laundry apparatus and fittings, ground 0 failures; M08E with only its pre-existing route failure; Mina's laundry routine completes with no failures; the four-space sweep 0 failures."
B1_LAUNDRY-004,B1_LAUNDRY,P1,add,"Supply, taps and drains for the tubs and washers","new: a cold and hot pair over each rinse tub, a drain under each, a hose from the wall cocks to the washer feed (laundry_apparatus family)",,,,,,,,"Review: the tubs and washers have no supply, taps or drains. Accord 11; the washers' CocksReach and DrainReach already exist as controls and need the pipes they imply",art/blender/laundry_apparatus.md; art/blender/heating_distribution.md,,Washer reach areas,Tub detail station shows taps and a drain,proposed,
B1_PUBLIC_CORE-001,B1_PUBLIC_CORE,P2,add,The nook's reader,"new: desktop_stock book face down, a cup, a cushion (cloth) on the nook furniture; the lamp as installed",On nook_table and the nook seat,,,,,,,"Schedules do not name the reader; the nook should look used by whoever reads here at 03:00 (Jonah, probably)",,,Nook lamp owner (B1_NOOK_LAMP) and its cord,Detail view at the lamp,proposed,
B1_PUBLIC_CORE-002,B1_PUBLIC_CORE,P2,add,Basement notices at the stair foot,new: notice frame (Label3D) on the core wall by the floor plate,,,,,,,,Bible VIII.5.h paper trail; boiler hours and the coal date,,,,Readable by the lamp,proposed,
B1_PUBLIC_CORE-003,B1_PUBLIC_CORE,P2,refine,Orange light leak at the pier seam,pier/wall seam beside the stair foot (DT1),,,,,,,,Review: a hard orange light leaks through the seam; close the geometry or clamp the voxel field there,,,,DT1 station without the leak,proposed,
B1_BOILER_APPROACH-001,B1_BOILER_APPROACH,P2,add,"Sand bucket, coal-dust gradient",new: fire bucket (desktop_stock) on a wall hook at 1.2 m; coal-dust floor decal gradient toward the fire door,,,,,,,,Accord 12 and 14: consequence of the firing route,,,1.2 m route and the open boiler-door tip clearance,Threshold view from the core,proposed,
B1_BOILER_ROOM-001,B1_BOILER_ROOM,P1,add,Firing tools and the ash can,"new: shovel, clinker rake, ash can with lid, oil can and rag (desktop_stock / a small basement tools family)",Shovel against the wall beside the fire door outside its swing; ash can under the ash door's tip clearance edge with a ring decal; rake on two nails at 1.3 m,,,"steel, galvanised tin, oiled wood handles","the shovel's blade bright, the handle dark",,,"Bible VIII.5.c: the coal chute, bunker, ash door and water glass all still have jobs",art/blender/boiler_body.md; art/blender/boiler_door_swing.md,,"Firing and ash door swings, the control aisle, the water-column stance, the damper route around the south end",Overview from the fire door; door-swing test unchanged,verified,"The firing tools: a coal shovel leaning on the west wall south of the fire door (outside its swing), the clinker rake on two nails at 1.3 m north of the door, and a lidded, ribbed ash can by the west wall with an oil can standing on a folded rag beside it (implementation/slice29/images: B1_boiler_ash_can_native, B1_boiler_rake_native, B1_BOILER_ROOM_RV). The ash can stands by the wall rather than under the ash door so the firing and ash door swings, the control aisle and the damper route stay clear; the ring decal is not made. Verified at WIP d53988d8 (implementation/slice29): fabrication batch 0 failures; apartment batch 236 (the branch baseline); boiler door swing 0, boiler route 17, basement route 88 and foundation 11 waypoints with 0 failures; boiler body, instruments, pipework and breeching 0 failures; household state 154 checks, 0 failures; the two-room sweep 0 failures."
B1_BOILER_ROOM-002,B1_BOILER_ROOM,P2,add,The chalked log by the water column,chalk-stroke decal column on the wall beside B1_WATER_COLUMN_MASS,,,,,,,,Accord 13: the plant reads as maintained; Omar's hand,,,,Detail view at the column,proposed,
B1_BOILER_ROOM-003,B1_BOILER_ROOM,P2,add,Two cage bulbs over the firing aisle,"new: two cage_bulb fixtures (fixed_lighting family) over the west control aisle, switched with the room",,,,,,,,"Review: near-black in every detail tile; the firing door, gauge glass and controls are not legible without the lamp. L9 allows a boiler room to be dark, not unworkable",TASKS.md L9; art/blender/fixed_lighting.md,,16/16 light budget: name the victim or make these two unlit visuals with a warm emissive if the budget is full,Firing-door detail station readable with the lamp off,proposed,
B1_ELECTRICAL-001,B1_ELECTRICAL,P1,add,The Vantry signal frame,new: B1_signal_frame (new native family: a wall-mounted brass terminal frame 1.2 x 0.9 m with cloth leads dressed in bundles to a trunk going up the riser),"On the wall opposite the fuse panel at 1.2 m, clear of the panel's working front",,One native static assembly; INSPECT owner; cloth leads as bundled cylinders; blank tag rectangles,"brass, Bakelite terminal blocks, silk-braided leads gone grey","dust on the upper bundles, finger-polish on the lower terminals",,,Bible VIII.3: every flat has a point and nobody remembers what half terminate in; the frame is where they terminate,design/ORISON_BIBLE.md VIII.3; art/blender/service_instruments / G05 fuse panel sources,,Fuse panel working front and activity,Overview reads two eras of electricity; fuse activity unchanged,implemented,"The Vantry signal frame hangs on the wall opposite the fuse panel (east of the door, clear of its swing): six bakelite terminal strips with brass terminals and blank tag cards on a board, cloth leads dressed into a bundle and a trunk cleated up the wall to the ceiling (B1_signal_frame_native, B1_ELECTRICAL_OV). Not made: the INSPECT owner; the frame is ambient. Verified at WIP d53988d8 (implementation/slice29): fabrication 0 failures, apartment batch 236, the eight boiler and basement suites unchanged (door swing, boiler route 17, basement route 88, body, instruments, pipework, breeching, foundation 11), household state 154 checks, 0 failures."
B1_ELECTRICAL-002,B1_ELECTRICAL,P2,add,Cleated wiring and the cartridge shelf,new: porcelain cleats with twisted cloth pair along the wall to the panel; a shelf with a fuse box and Omar's chalk,,,,,,,,Accord 13 retrofits as timeline; schedule 03:00 check,,,,Detail view,proposed,
B1_ELECTRICAL-003,B1_ELECTRICAL,P1,add,Conduit in and out of the fuse panel,B1_FUSE_PANEL: a riser conduit from the floor into the panel's bottom and a trunk out of the top to the ceiling with a junction box,,,,,,,,"Review: the panel has no conduit in or out (DT). Accord 11: every wire has origin, path, destination",game/scripts/props/fuse_panel_prop.gd; G05 sources,,Panel working front and activity,Panel detail station,verified,"Steel conduit rises from a floor flange into the fuse panel's backing box and leaves its top for a junction box under the ceiling, each run saddled to the wall, clear of the panel's door and working front (B1_fuse_conduit_native). Verified at WIP d53988d8 (implementation/slice29): fabrication batch 0 failures; apartment batch 236 (the branch baseline); boiler door swing 0, boiler route 17, basement route 88 and foundation 11 waypoints with 0 failures; boiler body, instruments, pipework and breeching 0 failures; household state 154 checks, 0 failures; the two-room sweep 0 failures."
B1_ELECTRICAL_RECESS-001,B1_ELECTRICAL_RECESS,P3,add,Door-arc wear and a dropped cartridge,floor arc decal; desktop_stock cartridge,,,,,,,,Accord 12,,,,Detail view,proposed,
B1_MAINTENANCE_SHOP-001,B1_MAINTENANCE_SHOP,P1,add,Stock and the charging case,"new: capsule crate, bulb boxes, a vice on the bench edge, a battery case with a cloth lead to a signal plate, a service-round tally board (Label3D)",Crate under the bench; bulbs on the parts shelf; vice on the bench's door end; battery case on the floor by the wall; board at 1.5 m,,desktop_stock pieces and one Label3D board,,,,,The complete Mina loop buys the capsule and the player keeps stock somewhere; SR7 apparatus lives here,game/docs/core_loop.md; design/ORISON_SERVICE_ROUND_BRIEF.md,,"Bench stance, door swings",Overview reads a working shop,proposed,
B1_MAINTENANCE_SHOP-002,B1_MAINTENANCE_SHOP,P2,refine,Toolboard silhouettes with one empty hook,b1_toolboard,,,Painted silhouette decals behind each tool; one hook with a silhouette and no tool,,,,,Shop guide flair reused honestly: the shadow board,,,,Detail view,proposed,
B1_COAL_ROOM-001,B1_COAL_ROOM,P2,add,"Shovel cut, dust fan and the tally",heap variant with a cut face on the boiler-door side; dust decal fan at the chute mouth; chalk tally strokes on the bunker board; a coal shovel,,,,,,,,Bible VIII.5.c: coal still has a job; Accord 14 consequence,,,Chute geometry and the delivery aperture,Overview from the coal door,proposed,
B1_COAL_ROOM-002,B1_COAL_ROOM,P1,refine,Chute must terminate at the bunker,B1_COAL_BUNKER chute (orison_v2_coal_delivery.gd),Chute mouth seated on the bunker's board gate; the gravity run continuous from the street cover,,,,,,,"Review: the chute ends in air about 0.5 m above the floor (OV/DT). Accord 11: nothing floats, everything terminates",design/ORISON_V2_COAL_DELIVERY_PROGRESS_2026-09-26.md; game/scripts/building/orison_v2_coal_delivery.gd,,,Chute detail station shows the mouth seated,proposed,
B1_COAL_ROOM-003,B1_COAL_ROOM,P2,refine,"Heap as geometry, not a decal; dust on the whitewash",B1_COAL_HEAP_0..13 fixtures,,,,,,,,Review: the room is spotless and blown out with a decal-based heap; the coal room is the dirtiest room in the building,art/blender/basement_fabrication.md (Blender coal pile),,,OV reads a heap with an angle of repose and grime on the walls,proposed,
B1_RESIDENT_STORAGE-001,B1_RESIDENT_STORAGE,P1,add,Contents per bay by household,"new: 18 bay contents sets from the crate/desktop_stock/cloth families, one per unit, keyed to the bay label; two bays padlocked and empty","Inside each bay against its back wall, leaving the aisle clear and the bay door swing (if any)",,Static merged kits (max 4 objects per bay) selected by unit id; mesh partitions with chain-link alpha if the cage family supports it,"tin trunks, wicker, canvas, timber crates, cloth covers","dust on the bays nobody visits, a clear floor in Omar's and Noel's",,,Eighteen households must be legible here as they are upstairs; Accord 14,game/data/apartment_life_profiles.json (per-unit sets); art/blender/domestic_storage.md,,Aisles and the storage door route,Overview down each aisle reads at least six different households,verified,"One household object against the back of sixteen bays, keyed to the bay labels: suitcases for 1A, 3D, 4A, 5A and 6B; boot trays for 1D and 3A; hampers for 2A, 4C and 6C; parts crates for 2B, 3B, 4B and 5B; 6A's gear crate; 5C's failed canvases face to the wall. 2C's and 4D's bays stay empty (padlocked). Each stands clear of the folded gate and the aisle. Deviations: one object per bay rather than a set; no padlock form yet. Verified at 8f72926b (slice23: basement route 88 and ground 11 waypoints, laundry input 17, laundry apparatus, fittings, receiving and trade 0 failures, identical at 09e583ee in slice23base; Mina's laundry routine passing on both under the long runner in slice23mina and slice23mina_base; apartment batch 236; fabrication 28,403 checks with 0 failures in slice23b) and at 1cddce25 (slice23c, the basket moved: fabrication, laundry route, apparatus and fittings 0 failures, the laundry sweep 0 failures); captures in implementation/slice23 and slice23c."
B1_RESIDENT_STORAGE-002,B1_RESIDENT_STORAGE,P2,refine,Chain-link partitions and bay doors,B1_STORAGE_BAYS partitions,,,"Alpha-scissor chain-link material on the partition family; a hinged mesh door per bay (static, closed; one open)",,,,,Previous sweep finding: solid partitions read as walls,,,,Overview reads cages,proposed,
B1_RESIDENT_STORAGE-003,B1_RESIDENT_STORAGE,P1,refine,Bay labels single-sided and seated on the bay fronts,B1_STORAGE_BAYS Label3D bay labels,,,,,,,,Review: labels read mirrored from behind and float as glyphs along the aisle,game/scripts/building/orison_v2_basement.gd,,,"Aisle stations show labels only on bay fronts, never mirrored",implemented,Bay cage labels are single-sided (Label3D double_sided false) on the bay fronts.
B1_SERVICE_CORE-001,B1_SERVICE_CORE,P3,add,Coal dust on the lowest treads,dust decal on the bottom three treads,,,,,,,,Consequence of the coal door beside it,,,,Detail view,proposed,
BW-001,BW_BUILDING_WIDE,P1,refine,Completion-interior homes: replace copied templates with resident sets,"completion_interiors_source.json records for 1A, 1D, 2C, 3D, 4C, 4D (templates copied from 5C and 2B)",,,"Author per-unit furniture records in the completion source with the resident's program (see the unit pages: F01_A_MAIN-001..006, F01_D_MAIN-001..005, F02_C_MAIN-001, F03_D_MAIN-001..004, F04_C_MAIN-001..004, F04_D_MAIN-001..004) and re-project; add the missing range to 3D (F03_D_KITCHEN) and radios to 1A, 1D, 2C, 3D, 4C, 4D",,,,,Six of eighteen homes are spatially proven and visually anonymous; one is furnished as the wrong trade,art/data/orison_v2/completion_interiors_source.json; tools/build_v2_authoring_projection.py; design/ORISON_V2_COMPLETION_INTERIORS_CHECKPOINT_2026-09-25.md,,"Doors, taps, showers, toilets, stoves, fridges, switched lights and the 144-waypoint route of the completion checkpoint",Threshold views of all six homes identify the resident; OrisonV2CompletionInteriorsTest passes with the new records,verified,"First part, existing variants only: seventeen furniture records in completion_interiors_source (anchors plus consumers on the shared native templates 2A_din_dc1, 2A_sofa, 2B_fabric_worktable, 2A_projector_stand, 4B_wake_nightstand, 3B_tools0) and the three family plans; ten records moved; 1D_din_dc2 retired. Doors, taps, showers, toilets, stoves, fridges, switched lights and the route waypoints untouched; every new piece sits clear of the completion routes' walk points and the switch approach capsules. Still open from the unit pages: pieces that need new families or recipes (armchair, floor lamp, folding screen, mirror, mixer, cable hooks, blankets, desktop stock), listed on their own ids. Verified at 992ae898 and 1fadb5ad: the twelve rebuilt families pass the fabrication batch (implementation/slice6d, exit 0 with native captures of the templates); upper lighting 9,257 checks, 0 failures; LightSwitchModelTest exit 0; upper furniture 402 failures, the same count as the slice-2 run; completion routes 1D 25 waypoints clean, 2C and 4C at their pre-existing bath leg, 1A 15, 3D 16 and 4D 12 ending at their pre-existing kitchen legs (implementation/routes6b); the ten-room sweep shows every piece in place (implementation/slice6). The route test's standing point beside the storage door moved out of the leaf's quarter turn: in today's runs that walk failed from slice 1 onward and passed at main by centimetres (implementation/bisect_16f1d353, bisect_8df6ee18, bisect_5bf9202c)."
BW-002,BW_BUILDING_WIDE,P1,refine,Convert the three second bedrooms,2C_bed1/2C_bed1_ns; 5C_bed1/5C_bed1_ns; 6C_bed1/6C_bed1_ns,,,"Remove the second beds and install the recording room, painting studio and provenance archive per F02_C_BED2, F05_C_BED2 and F06_C_BED2; keep 4C's two beds",,,,,Lived-in brief: no single resident occupies two generic made beds; life profiles declare the conversions,game/data/apartment_life_profiles.json room_conversions; design/CLAUDE_APARTMENT_LIVED_IN_PASS.md 4,,,Sleeper count equals resident count in every unit,implemented,"2C_bed1, 5C_bed1 and 6C_bed1 (with nightstands) removed at their owners (completion source; domestic_furniture_source; blockout anchors); 4C keeps its two beds (re-templated on 5C_bed0). Conversions started with existing variants: 2C session table and chair under the window, 5C pigment table (TableRect09) on the inner wall with a stool, 6C archive table under the window and two shelves on the east wall. Hero props (blanket walls, easel, drying rack, catalogue drawers) stay open on their room entries. Bedding validator expects 19 beds; tables 64, seating 43, storage 45 instances rebuilt. Suites: OrisonV2BeddingTest passes; the fabrication batch for the twelve rebuilt families passes; OrisonV2UpperFurnitureTest stays red on a pre-existing check (mesh material overrides: 394 failures on main at 16f1d353, 400 here, the six new native meshes counted the same way); the C-unit completion route stops at the 2C bath leg exactly as on main."
BW-003,BW_BUILDING_WIDE,P1,refine,Retire the post-1950 furniture variants,"TableRound03 (tulip pedestal) in 2A, 3B, 4A (4A_din_t), 4B (4B_meal_table); TableRound10, the same flared pedestal, in 5B (5B_din_t), 6A and 6C; Shelf04 chrome wire units in 2A; Shelf01 steel posts (2B_fabric_shelf_01/02, 3B_tools0/1, 4B_equipment_shelf, b1_parts_shelf), 4B_shelf (Shelf02 grey steel rack) and 5A_planshelf (Shelf07 thin grey posts); Sofa195/Sofa210 slab cushions (6C_sofa, 4B_couch)",,,"Add period variants to domestic_tables (a turned-leg oak round table), domestic_storage (an oak open shelf unit with turned posts) and domestic_seating (a sprung moquette sofa with rolled arms) and rebind the affected instances; the shared-mesh factory keeps every actor identity","oak, moquette, dull nickel only where a 1927 object would have it",,,,"Bible VIII.4: no injection-moulded colour, no stainless; a 1957 tulip table in a 1928 flat is a texture-independent anachronism",art/blender/domestic_furniture.md; game/data/orison_v2/domestic_tables.json; domestic_storage.json; domestic_seating.json,,"All 41 seating and 62 table actor identities, supports and the exact shared-mesh contract",No tulip pedestal or chrome wire in any overview; apartment furniture batch passes,verified,"At the family recipes: TableRound03/TableRound10 carry an Edwardian turned oak column on a cruciform base of capped feet (column, feet and base in the variant's wood; worktop unchanged); Sofa195/Sofa210 carry rolled arms over the padded arm; Shelf01/02/04/07 stand on square oak posts with oak rails. Plans record column=turned, arms=rolled, posts=oak. The slab seat cushions and the shelves' painted-bin and tin stock (source surfaces) stay as they were. Verified at 4e589c0c: fabrication batch of the twelve rebuilt families exit 0 (tables 64, seating 43, storage 45 instances), upper lighting 9,257 checks with 0 failures, ten-room sweep with 0 failures; native captures of 2A_din_t, 2A_sofa, 2A_shelf0 and 5A_planshelf and the room overviews are under implementation/slice34."
BW-004,BW_BUILDING_WIDE,P1,refine,Bath tile on one face only,"bath wall finish quads in every unit (2C, 3B and others show tile on the hall and bedroom faces; F04 review: 4B closet side wall, 4C vestibule, 4C private hall on two walls, 4C kitchen; F05 review: 5A private hall and study, 5B main room, vestibule and kitchen end wall, 5C vestibule and private hall)",,,The baked wall finish must flip with side (the WK-1 fix for plaster facing); apply the same side-aware emission to the tile family so the room-side face is tile and the far side is the neighbouring room's plaster,,,,,A bedroom with subway tile on one wall reads as a bathroom,design/walkthrough_punchlist.md WK-1 (build_baked_wall_finish winding); art/blender/building_surface_finish.md,,,"No tile visible from any hall, bedroom or kitchen station",verified,"Root cause: a wall segment is one box finished with its owning space's class, and a wet room owns the shared wall, so the hall or bedroom beyond saw subway tile. orison_v2_blockout.gd now adds a 4 mm far-face skin on every interior wet wall, finished with the neighbouring space's class and cut by the same openings; exterior walls and wet-to-wet walls are left alone; no collision, no new owner. Verified at 67c233a5 and 47d93679: the private-hall overviews of 5A, 4C and 2C read plaster where implementation/skinbase (the pre-skin tree at 9f95732c, same station) still shows the bath's subway tile; the bath interiors keep their tile (implementation/slice5, slice5b). OrisonV2FloorSurfaceTest reports the same 57 failures (bath floor/ceiling face ownership and the roof decks) before and after the skin, byte-identical stderr sets (implementation/floorbase vs slice5), so they pre-exist. A speckled patch at the 5A hall corner in the first capture did not reproduce at the same station in the second run and is a screen-space transient, not geometry."
BW-005,BW_BUILDING_WIDE,P1,refine,Ducts and hangers must terminate and seat,"ventilation branch sheets and trapeze hangers in 2D, 3C and the baths (duct_supports.md); the register that ends in a lamp-like shade; F04/F05 review: louvred boxes on square sheet-metal ducts in the 4B, 4C and 4D baths (F04_B/C/D_BATH_VENT_REGISTER), grey box registers in 5A, 5B and 5C, the 5C vestibule duct whose end hangs in mid-air by the door head, and the 5D floor-level duct strip rising to a box register",,,"Hangers rise to the slab soffit and seat (the fitted trapezes of duct_supports.md); the duct closes into the chase with a collar; registers are the painted gravity grille variant (vent_register.md), never a shade",,,,,Accord 11: nothing floats; Bible VIII.5.i: inside a flat there is only a painted gravity register,art/blender/duct_supports.md; art/blender/vent_register.md; art/blender/ventilation_fabric_ports.md,,,2D and 3C overviews show seated hangers; no register reads as a lamp,rejected,"Measured at 1fadb5ad with a seven-space capture (implementation/ducts): the 2D and 5D ceiling branches hang on trapeze hangers whose rods seat at the slab soffit and end in the fitted louvred register box; the 4B and 5C bath registers are the gravity-grille variant, no register reads as a shade; the 5C branch crosses the vestibule ceiling on its hangers and enters the studio wall above the door head rather than ending in mid-air. Open remainder, P3: a sheet collar where a branch passes through a partition (the sleeves family covers only the authored wall service openings)."
BW-006,BW_BUILDING_WIDE,P1,refine,"The service spine is a shell: give it risers, cage bulbs, a dado and a lift","F02-F06 SERVICE_HALL, SERVICE_HALL_SOUTH, SERVICE_CROSSING, SERVICE_CORE",,,"Install the exposed risers with lagging (heating_distribution.md) through the halls, a cage bulb per 4 m (fixed_lighting cage family), a painted dado and concrete floor finish, pipe tags; the service core needs its service lift landing doors and a plain stair finish distinct from the public marble",,,,,The spine is the player's own route and reads as block-out; the public stair's marble on the service stair is a wrong copy,art/blender/heating_distribution.md; art/blender/fixed_lighting.md; art/blender/stair_honed.md,,"Routes, the dumbwaiter, door swings","Service hall overviews show lit, piped, finished corridors",proposed,
BW-007,BW_BUILDING_WIDE,P2,add,"Window treatments everywhere, by sleep schedule",every apartment window (W-GLAZE/W-SHOW joinery family),,,"Add a blind and a curtain pair variant to the window joinery family with a state per unit (blackout down for day sleepers, lace for 1A and 6C, bare for 2C and 6A, paint-stained for 5C), driven by the sleep_schedule the window-glow authority already reads",,,,,Lived-in pass: window treatment state matches sleep schedule; bare windows at 20:00 in November read as vacancy,TASKS.md W-GLAZE/W-SHOW/W-JOINERY; game/data/apartment_life_profiles.json,,,Facade wide station reads curtain states; every bedroom overview shows a treatment,proposed,
BW-008,BW_BUILDING_WIDE,P2,refine,"Bedding, shower curtains and mirrors",bedding family slabs; shower-curtain rigid cylinders (B4 cloth batch); medicine cabinet mirrors hanging off the wall,,,"Bedding: the A03 native beds carry the slack variant; apply it to the completion beds too. Curtains: the B4 drawn/gathered variation with hems must replace the fluted cylinder in every bath. Mirrors: seat the cabinet flush (the two fixings of household_accessories.md). Receptors: bathroom_details.md gives the shower a coved enamel tray, drain grille and hems clearing the rim by 25 mm, yet no capture of 4A, 4C, 4D or 5A shows a tray under the curtain; confirm the installed shower GLB is the rebuilt one and that the tray is not culled by the curtain pose",,,,,Three families seen in every home,art/blender/bedding.md; art/blender/household_accessories.md; cloth batch B4 in art/data/v2_owner_improvement_20261008.json,,,Bath and bed overviews across floors,proposed,
BW-009,BW_BUILDING_WIDE,P2,refine,Cold cyan light leaks and sky reflections at night,"door-leaf slits, hall openings and the public core marble showing a cool blue light with no fixture (F02, F03 reviews); a thin bright vertical line or yellow strip beside the stair in the F04 and F05 public cores and east halls; two dark triangular artefacts above the F05 stair (TH tile); the bright slot along the F04 service core ceiling edge and the bare lintel glow in the F05 service core (RV)",,,Find the source (sky/moon contribution through the voxel field or an ungoverned light) and clamp it; Accord 15: every lumen has a fixture,,,,,A cyan glow on a 1928 stair reads as a modern fixture or a defect,game/scripts/building/light_rig.gd; design/V2_LAMP_SURFACE_BALANCE_2026-10-05.md; TASKS.md L13/L14,,,Public core night stations show only warm practical light,implemented,"The readability cues' nine ungoverned light pools (blue and orange OmniLights beside the stair on F01-F03, at the 2A/4B doors and the 4B terminal) are gated off in production (show_light_pools false in orison_v2_runtime_root). Remaining leaks, if any, need a capture to name."
BW-010,BW_BUILDING_WIDE,P2,refine,Pendants for the completion-interior living rooms,"F01_A_MAIN_LT, F01_D (has pendant), F03_D_MAIN_LT, F04_D_MAIN_LT flush domes",,,Swap to the pendant_shade variant at the authored anchor,,,,,Every authored living room is lit by a pendant; the copies are not,game/data/orison_v2/fixed_lighting.json,,,RoomLumaAudit unchanged,verified,"F01_A_MAIN_LT, F03_D_MAIN_LT, F04_D_MAIN_LT: completion lighting kind pendant_shade and fixed_lighting plan variant pendant_shade_rise100; family rebuilt; fixed_lighting validator 5971 checks, 0 failures on rerun (one contextual standing-view failure at F01_BAR_LT_DECK0 on the first run, absent on rerun and in the owner's final receipts); sweep overviews show the pendants. implementation/slice1 (captures, batch.json, run receipts)"
BW-011,BW_BUILDING_WIDE,P2,add,A domestic radio in every home,"new DomesticRadio_1A, _1D, _2C, _3D, _4C, _4D on their wireless tables (add tables to 1A and 3D)",,,,,,,,Bible VIII.4: everyone has a means of recording and listening; six homes have none,game/data/orison_v2/domestic_radios.json,,,Twelve radios become eighteen; each operates,implemented,"DomesticRadio_1A/1D/2C/3D/4C/4D added to domestic_radios_source (families from the 1928 catalogue: radiola table, Crosley Pup, homebrew regenerative); wireless tables (TableRect07 template) added to 1A, 3D and 4D on the south wall between the doors; orison_v2_radios.gd now places 18 units; the apartment batch test expects 18 receivers. DomesticRadioTest passes; in OrisonV2ApartmentBatchTest the new receivers pass their clearance and operator-stance checks, and the only remaining receiver failures are the pre-existing texture-backed-parts check (98 on main for the twelve, 142 for eighteen); the other red groups (46 fixed-furniture collisions, 18 wood, 12 category, 10 plant, 6 coffee, 2 plant) are identical on main."
BW-012,BW_BUILDING_WIDE,P2,refine,The electric-fridge count,"F02_2A_FRIDGE_01, F03_3D_FRIDGE_01, F04_4D_FRIDGE_01 (FridgeMonitor -> FridgeIcebox)",,,,,,,,"Bible VIII.5.a four electric flats (1A, 3A, 5B, 6C)",game/data/orison_v2/household_fridges.json,,,Seven monitor-tops become four,verified,"2A, 3D, 4D fittings monitor_top false; household_fridges plan instances FridgeIcebox; family rebuilt in Blender; the fabrication batch counts 4 monitors of 18 (test expects 4); 2A native capture and 3D/4D sweep overviews show oak iceboxes. implementation/slice1 (captures, batch.json, run receipts)"
BW-013,BW_BUILDING_WIDE,P2,add,The signal outlet beside every switch,one brass flush plate per room beside each SwitchPlate (133 plates),,,"Static part in the light_switch family, 70 x 115 mm, cloth lead stub where a device connects",,,,,Bible VIII.3: a signal outlet beside the power socket in every room including the bathrooms,art/blender/light_switch.md,,,Detail view at any switch,verified,"orison_v2_room_lighting.gd adds a brass signal-outlet plate (70 x 115 x 6 mm, brass_dull) beside every switch of the room and completion rosters, on the side toward the room centre so it stays on wall rather than on a jamb. Passive draw: no owner, no collision, no lead stub until a device record connects to it. Verified at 992ae898: upper lighting and LightSwitchModelTest exit 0 with the plates in place; implementation/slice6/images/outlet_detail_F01_A_BED.jpg shows the brass plate beside the bedroom switch."
BW-015,BW_BUILDING_WIDE,P2,refine,Exposed white-brick texture patches on interior piers,"pier faces showing a bright white brick texture: 5B main room pier, the 2C door jamb and the F02 landing/west-hall junction, the lobby wall patch (reviews); F04 review: exposed red brick with a white stone bracket inside the F04 landing and public core (DT1, OV) and at the west hall/landing junction (TH)",,,The exterior masonry or a retained-slab join is showing through where a plaster finish quad is missing; emit the plaster finish on those faces (the WK-1 side-aware emission) or give the exposed brick its interior common-brick map,,,,,"A white brick patch in a plastered room reads as an unfinished model, not as stratigraphy",art/blender/exterior_masonry.md; art/blender/building_surface_finish.md,,,No white brick in any apartment or lobby overview,proposed,
BW-016,BW_BUILDING_WIDE,P2,refine,Apartment door leaves blow out under the lamp,"fitted door leaves (orison_v2_fitted_door.gd family) read as flat bright white slabs at night in 6A, 5B and elsewhere; the transom over 4A's door (F04 east hall) blows to a white rectangle; door frames in the F05 east hall and service crossing blow bright; the 5A main-room doorway panel (DT1); 4B private-hall leaves read as flat khaki insets",,,Lower the leaf finish albedo toward the authored cream enamel and give it the panel relief and knob set of the door_fabric family; check the lamp's specular on the enamel,,,,,A door that reads as a white light in a dark room breaks Accord 15 and the period cream-paint look,art/blender/door_knob_set.md; design/V2_LAMP_SURFACE_BALANCE_2026-10-05.md,,,Night overviews show cream panelled leaves,verified,Room-leaf paints a step lower (door_prop.gd interior palette); the entry leaves keep their darker corridor paints. The panel relief already exists; the transom blow-out over 4A stays open. Verified at 67c233a5: F05_B_VESTIBULE_OV shows the darker entry leaf beside the lighter room leaf with panel relief intact; F05_A_PRIVATE_HALL_OV and F04_C_PRIVATE_HALL_OV read the room leaves without the white blow-out (implementation/slice5).
BW-017,BW_BUILDING_WIDE,P1,refine,Public hall practicals: west and east halls and landings have no fixture record,"F02-F06 WEST_HALL, EAST_HALL, LANDING and PUBLIC_CORE spaces: fixed_lighting.json carries F02/F03/F04_SOUTHWEST_HALL_LT and no other public-hall fixture; room_lighting.json has no hall entries",,,"Establish where the halls' present light comes from (the F04 west hall reads lit with no fixture in frame; the F04 east hall, F04 landing, F05 west hall and both F05 service halls read dark or lamp-only); add a flush-dome or opal pendant pair per hall and one per landing from the fixed_lighting family at the hall centreline, 2.9 m, switched with the floor; the desktop light budget is off (light_rig.gd, 2026-08-08) so no victim is needed on desktop, and the mobile ranking already prefers circulation fixtures",,,Warm 2700 K practical per fixture; the 4B lettered transom and the unit doors must read from the landing without the hand lamp,,Review: unit doors 5A/5B render nearly black and the 4A transom is the only lit thing in its hall; a 1928 corridor was never unlit at 20:00,game/data/orison_v2/fixed_lighting.json; game/scripts/building/light_rig.gd; art/blender/fixed_lighting.md,,"Existing SOUTHWEST_HALL_LT fixtures, the lift landing plates and the door-glow authority",West and east hall overviews on every floor show a practical and legible door leaves with the hand lamp off,verified,"Twelve flush domes (flush_dome_rise100 at 2.9 m) on the west and east public halls of F02-F06 (two on the 6.1 m halls of F05/F06), each hall on a landlord's switch beside the stair end or the unit door jamb; blockout anchors, room_lighting records, fixed_lighting plan instances and mirror; family rebuilt. Landings and cores (open stair voids) still have no practical: they need a wall sconce placed against the stair geometry and stay open. Verified at 4e589c0c: upper lighting 9,257 checks, 0 failures (the first run's four F05_C standing-capsule failures cleared with the 5C wardrobe and pigment-table moves); the hall sweep overviews show the domes lit and the switches on the wainscot (implementation/slice3b)."
BW-018,BW_BUILDING_WIDE,P1,refine,Water closets: the low cistern must read,"5C_wc (completion source) and its six copies 1A_wc, 2C_wc, 3D_wc, 4C_wc, 4D_wc, F01_STAFF_WC; 2B_wc and its copy 1D_wc; 5A_wc and 5B_wc",,,"bathroom_details.md describes bath_water_closet.blend with a hollow wash-down bowl, porcelain foot, low cistern, wooden seat, supply shutoff and a separate CisternHandle pivot, with the toilet model references authored in domestic_furniture_source.json and projected by build_v2_authoring_projection.py; the captures show an undersized white block behind the seat (5B, 5C), a flat grey strip and a block (5A), nothing at all (4A, 4C, 4D) and a magenta cistern face (3D). Confirm every WC record references the rebuilt model, that the cistern mesh is not culled or scaled, and that the material binds",,,,,Accord 11: the flush must terminate; a bowl with no cistern cannot work and every reviewer named it first,art/blender/bathroom_details.md; art/data/orison_v2/completion_interiors_source.json; tools/build_v2_authoring_projection.py,,"The flush owner: sound, lever travel, refill time and repeat-use refusal; the paper spindle on the cistern side","Every bath DT station on the WC shows bowl, low cistern and handle; 4B's tanked WC is the reference",rejected,"Measured, not missing: every one of the 19 water closets instantiates bath_water_closet.glb with LowCistern and RemovableCisternLid visible; the cistern is 0.46 x 0.22 x 0.31 m with its top 0.80 m above the floor and at least 0.11 m clear of every bath wall (sweep census probe, implementation/baths/receipts). The raised lid (top 0.94 m) hides it from front-on stations, which is what the review saw. No data change; a lid-down default in unoccupied flats is a possible P3 follow-up."
BW-019,BW_BUILDING_WIDE,P2,refine,"Completion casework: mouldings and hardware on wardrobes, nightstands and kitchen cupboards","Wardrobe05 (5A_w0), Wardrobe06 (5B_aw), Wardrobe07/08 (5C_w0/w1), the 4A, 4C and 4D wardrobes; Nightstand01 everywhere; Cupboard06/Cupboard08 wall cupboards (4A_k_wall_cupboard, 5A_k_wall_cupboard and kin); Counter05 base cabinets with speckled stone tops (16 instances)",,,"Give the wardrobes a cornice, stile-and-rail door panels, escutcheons and turned knobs (household_wardrobes.md); nightstands a drawer pull and a top lip; wall cupboards painted panelled doors with wooden knobs; base cabinets a scrubbed deal or zinc top in place of the speckled stone and a plinth","painted deal, oak, zinc, brass","rubbed paint at the knobs, a ring on the zinc",,,"Review: every bedroom and kitchen on F04 and F05 names the same plain primitives; flat white handle-less boxes with stone tops read 1950, and the completion homes have no other casework",art/blender/household_wardrobes.md; art/blender/domestic_storage.md; game/data/orison_v2/domestic_storage.json; game/data/orison_v2/household_wardrobes.json,,Wardrobe leaf motions and the fitted-storage supports,Bedroom and kitchen overviews show panelled casework with hardware,proposed,
BW-020,BW_BUILDING_WIDE,P3,refine,Terrazzo aggregate scale,"terrazzo, terrazzo_b and terrazzo_dark maps (floor_coverage_pass.gd: cell-snapped hex, 3.0 m cells) on the public hall floors and in the druggist and luncheonette",,,Re-author the aggregate at 5 to 15 mm chips with brass divider strips on a 1.2 m bay (the 1912 Queens hall standard) and keep the hex lattice and divider logic,,,,,"Review (F04, city): chips the size of a hand turn the floor into crazy paving",game/scripts/building/floor_coverage_pass.gd; art/blender/concrete_trowelled.md (the related mineral finishes),,,Hall and shop floor detail stations read as terrazzo at 1 m,proposed,
BW-021,BW_BUILDING_WIDE,P3,refine,Kitchen floors: linoleum over the oak,"4A, 4B, 4C, 5A, 5C kitchens where the oak strip runs in from the hall (review)",,,"Lay a battleship-linoleum sheet variant within the kitchen footprint, worn through to the burlap at the sink and range stances; the owner finish profile decides the colour","linoleum, worn",,,,Review: oak strip in a wet room reads wrong for a tenement kitchen of 1912; linoleum over boards is the period norm,game/data/orison_v2/owner_finish_profiles.json; art/blender/building_surface_finish.md,,,Kitchen overviews on F04 and F05,proposed,
BW-022,BW_BUILDING_WIDE,P2,refine,Unit numerals on the apartment doors,"4C and 4D entry doors (F04 public core, southwest hall) carry no numeral; 4B carries a lettered transom; verify every other unit door",,,"One enamel numeral plate per unit door from the wayfinding plate family, Label3D lettering, centred on the top rail; no numerals in textures",,,,,Review: from the hall nothing says which flat is which; the player's 4B is the only door the hall names,art/blender/wayfinding_plate.md; art/blender/door_knob_set.md,,,Hall threshold stations read the unit numeral,verified,"Every apartment entry leaf carries an enamel numeral plate (0.11 x 0.075 m porcelain-finish plate, single-sided Label3D numeral in cobalt) on its hall face at 1.6 m, placed by orison_v2_domestic_doors.gd from the door's connected spaces, seated on the leaf's actual painted face by a vertex probe (the panel rails stand proud of the slab). The readability cues' debug portal masses stay off in production, but their floating 2A, 4B and PUBLIC ENTRANCE labels remain: OrisonV2DoorCasingsTest holds every portal to exactly one Label3D child, so retiring them is the test owner's call, not this slice's. Verified at 0b5f8a7b: both door-route suites and OrisonV2DoorCasingsTest exit 0, and the hall sweep shows the enamel plates reading 4B, 2B and 3D on the leaves (implementation/numerals2; the earlier implementation/numerals run showed why the plate had to move onto the panel bed). "
BW-023,BW_BUILDING_WIDE,P1,refine,Arcade rear rooms: eleven identical bare boxes,"site_rear cells of all eleven arcade shops: brick end wall, flat grey floor, one empty shelf unit and two brown cubes in every one; only the funeral parlour's rear carries trade furniture; no rear room has a practical",,,"Verify that the trade receiving sets instantiate in the rear cells (laundry_receiving, news_receiving, pawn_receiving, photo_receiving, radio_receiving, diner_receiving, bar_receiving, bodega receiving); if they do and sit elsewhere, re-anchor them; if they are missing, author the receiving set per trade and a cage bulb per rear room from the fixed_lighting family; retire the two shared brown cubes",,,,,Review (city): nothing in any rear room says which shop it belongs to,game/data/orison_v2/*_receiving.json; game/data/floor_01_cell_registry.json; art/blender/fixed_lighting.md,,"Rear doors, routes and the cell registry's refusals",Each site_rear floor station identifies the trade,proposed,
BW-014,BW_BUILDING_WIDE,P3,refine,Wainscot joinery and peepholes,"public-hall wainscot reads as a continuous veneer sheet (F03 review); apartment doors have glowing peepholes (F05_DOOR_05 renders its peephole as a flat white disc, F05_DOOR_06 and the 5A door as a dot; 4D vestibule and 4B hall doors likewise)",,,"Add stile-and-rail relief to the millwork profile; remove the peephole emissive (a 1928 door has a chain and a transom, no glowing lens)",,,,,Accord 14 construction evidence; period,art/blender/millwork_profile.md; art/blender/door_knob_set.md,,,Hall detail views,rejected,"The peephole is a brass lens cylinder (door_prop.gd), not an emitter; the bright disc in the reviews is the lamp's specular on brass. The wainscot relief stays open."
CITY_STREET-001,CITY_STREET,P2,add,Ash cans and horse consequence,"new: galvanised ash cans at three areaways (instanced), two horse droppings decals in the carriageway's dray lane with the brief's fly shimmer (C2 gated)","Cans against the facades clear of both walks' routes; droppings in the lane, never on the crossing line",,,galvanised tin,,,,Bible VIII.1 horses; commensals brief street section,design/ORISON_COMMENSALS_BRIEF.md; design/ORISON_STREET_BRIEF.md,,"Crossing gaps, stagger contact, route limits",Street route and containment tests unchanged,proposed,
CITY_STREET-002,CITY_STREET,P2,add,Election broadsides on the hoardings,new: pasted paper rectangles with a portrait silhouette and a star (no lettering) on both end hoardings,,,,,,,,Period: four days after the Hoover-Smith election; the hoarding already carries old notices,,,,End-of-street views,proposed,
CITY_STREET-003,CITY_STREET,P3,add,Laundry steam at the Arcade flank,new: a steam vent with a slow particle-free billboard plume on the west host building's flank (WeatherFX family),,,,,,,,Destination plan: a laundry vents steam to the pavement; sensory and an occluder,,,,Street view from the Orison door,proposed,
CITY_STREET-004,CITY_STREET,P3,add,"Train pass, heard not seen",new: one scheduled distant train sound from the east end every few minutes (existing acoustic/weather bed),,,,,,,,T-ENDS: whether a train is ever seen or only heard; heard is cheaper and better,TASKS.md T-ENDS,,,Audible from the apron without a visible source,proposed,
CITY_STREET-005,CITY_STREET,P2,refine,Hard-edged dark rectangles on the pavement,ExteriorGroundDecal instances (exterior_detail_pass.gd) at the Orison's base and along the walk,,,"Feather the decal alpha and clip them to the slab joints; a stain follows a joint, a puddle follows a dip",,,,,Review: they read as missing or unmasked decals in four stations,game/scripts/building/exterior_detail_pass.gd,,,Route stations show no hard rectangles,proposed,
CITY_STREET-006,CITY_STREET,P2,refine,Neighbouring masses are flat untextured blocks,"city closure blocks beyond the two facades, the pale column and the flat right-hand wall at the alley mouth",,,"Brick or render map, window grids and a cornice line on every mass inside the storm boundary; the middle-distance loss the brief ships hides them only when the rain is on",,,,,Review: everything beyond the two facades is flat blocking,art/blender/city_closure.md; design/ORISON_STREET_BRIEF.md (middle-distance loss),,,Facade wide and route stations,proposed,
CITY_STREET-007,CITY_STREET,P2,keep,Weather at capture is not evidence,"the street's storm state (live GPU rain, near rain suppressed, puddle pass) and the measured Milky Way of the brief",,,"Before treating the dry road and clear sky as defects, repeat the street stations with the storm on (WEATHER_SEED set, rain enabled); the dossier sweep set no weather",,,,,"Review: no rain, puddles or wet sheen anywhere; the brief ships a quiet storm and keeps the Milky Way overhead by design",design/ORISON_STREET_BRIEF.md; game/scripts/building/orison_v2_atmosphere.gd,,,A storm-state capture of the same stations,proposed,
CITY_FACADE-001,CITY_FACADE,P2,add,Ice cards and curtain states in the windows,window joinery family: ice card rectangles in the kitchen windows of icebox flats facing the street; blackout state for 1D and the day-sleepers,,,,,,,,Bible VIII.5.a: the ice card tells the iceman and the player; lived-in pass: window treatment matches sleep schedule,art/blender/window_joinery.md; game/data/apartment_life_profiles.json sleep_schedule,,Window glow authority,Front wide station reads cards and one blacked window,proposed,
CITY_FACADE-002,CITY_FACADE,P3,refine,Showroom brass and a flat doormat,"front door handle, lock and bell push; the red doormat; the handle-side stone",,,,,Finger-polished high points on tarnished brass; a coir mat with a worn centre; a greasy band on the stone at hand height,,,Review: the best-dressed exterior in the city has no positional wear,art/blender/front_facade.md; art/blender/door_knob_set.md,,,facade_door station,proposed,
CITY_FACADE-003,CITY_FACADE,P2,refine,A white sphere floats in the sky beside the blade,the small bright sphere left of the lantern in facade_blade (moon disc or an exposed light mesh),,,"Identify and fix: if the moon, place it on the sky dome; if a light mesh, hide it",,,,,Accord 15,,,,facade_blade station,proposed,
CITY_ALLEY-001,CITY_ALLEY,P2,add,"Wheel ruts to the coal cover, leaves at the grate",rut decals from the street mouth to the coal cover; leaf litter decal at the drain collector,,,,,,,,Bible VIII.5.c coal delivery; groundworks' drain collector gets a consequence,art/blender/groundworks.md; design/ORISON_V2_COAL_DELIVERY_PROGRESS_2026-09-26.md,,Alley route and boundaries,Service alley test unchanged; walk stations show the ruts,proposed,
CITY_ALLEY-002,CITY_ALLEY,P3,add,One lit window in a neighbour's back,city shells: one emissive window pane on the north neighbour's rear face,,,,,,,,The alley is overlooked; Accord 15 light is practical (a window is a fixture),,,,Alley station 3,proposed,
CITY_ALLEY-003,CITY_ALLEY,P1,refine,Polished brass downpipes and the black band at the wall tops,alley leaders and shoes (roof_drainage.md leaders); the wall tops ending in a flat black strip; the grey plane closing the alley's far end (alley_4_back),,,Coping or a roof edge at the wall tops; finish the closing plane as a neighbour's back,"painted cast iron, rust at the joints, a stain fan on the brick under each shoe",,,,Review: brass tubes and a black band in every frame; no staining under pipes or lamps,art/blender/roof_drainage.md; art/blender/city_closure.md,,,alley_1 and alley_4 stations,proposed,
CITY_ALLEY-004,CITY_ALLEY,P2,refine,The rear door is a flat speckled slab,the grey-green alley door with its yellow block handle; the white specks on its frame,,,"Panelled service leaf with a kick plate, a knob set and a drip; find the specks (light leak or stray vertices)",,,,,Review,art/blender/shop_joinery.md (fitted back doors),,,alley_0 station,proposed,
CITY_SUBWAY-001,CITY_SUBWAY,P3,keep,Keep the kiosk as a terminus,,,,,,,,,"PS11: a station, cutscene, route or fourth zone is rejected",,,,Unchanged,verified,"Kept: no subway or kiosk source or export has changed since e63ce4f6 (implementation/slice34/receipts/keep_audit.receipt.json). Verified at WIP 974ee6d2 (implementation/slice34): fabrication batch 0 failures; apartment batch 236 on the long runner; completion 1A 15 waypoints with its pre-existing kitchen-leg failure; roof route 53 waypoints, 0 failures; the two-space sweep 0 failures; the keep audit (receipts/keep_audit.receipt.json) holds for all nine keep items."
CITY_SUBWAY-002,CITY_SUBWAY,P3,add,Reflected train light and a draught,new: a timed pale flicker up the stair cheeks and a paper scrap stirring at the top tread (existing lighting/weather owners),,,,,,,,Gateway proposal: sound/reflected train light remain optional later gates,,,,Kiosk station shows the flicker once,proposed,
CITY_SUBWAY-003,CITY_SUBWAY,P3,keep,Kiosk lettering and the arch lattice need a closer station,kiosk sign and the lattice across the lit arcade arch,,,,,,,,Review: from the one station the kiosk reads as thin lines and the lattice could read as a shuttered arcade; not a defect until seen closer,,,,A second station at the kerb opposite,proposed,
CITY_BODEGA-001,CITY_BODEGA,P1,add,Valves beside the cigarettes and the batteries card,"new: a card of valve sleeves (six for a dollar: painted price quadrant, no lettering) on the counter case's end; a card of hearing-aid batteries by the till","On the counter case within the counterman's reach, clear of the purchase stance",,desktop_stock pieces seated on the counter support,,,,,Bible VIII.4: a shop stocking valves says everything about this world in one shelf; schedule: Cal's batteries,design/ORISON_BIBLE.md VIII.4; game/data/resident_schedules.json cal_dwyer bodega,,Purchase stance and the counter owner,Counter station shows both cards,proposed,
CITY_BODEGA-002,CITY_BODEGA,P1,add,The notions counter at the back,"new: a short back counter (work_tables family) with fuse boxes, washers in a tray, a coil of wire, tape rolls (desktop_stock) and a second small ledger","Across the rear of the sales aisle before the receiving door, leaving the 30-waypoint receiving route clear",,,,,,,Destination plan: the corner store that stocks what the block needs; every part fetch is a social encounter,design/ORISON_COMMERCIAL_DESTINATION_PLAN_2026-08-29.md,,Receiving leaf and sales-aisle route,Delivery station shows the counter; receiving route test unchanged,proposed,
CITY_BODEGA-003,CITY_BODEGA,P2,add,"The sale sign's error, the ledger, the derby",new: chalked sale card on the window stand with a quadrant numeral crossed out; a credit ledger on the counter; a brown derby on a nail,,,,,,,,Schedules: Evelyn corrects the sale sign; II.3 every shop has a ledger; period ephemera,,,,Window-stock and counter stations,proposed,
CITY_BODEGA-004,CITY_BODEGA,P3,add,Sacha's film in the beer cooler,two film tins on the cooler's lowest shelf among the bottles,,,,,,,,Schedule: the counterman keeps their film stock in the beer fridge,,,Cooler depletion presentation,Cooler station,proposed,
CITY_BODEGA-005,CITY_BODEGA,P1,refine,"Stand-in stock, a featureless register and a strip-light fitting","aisle stock (unlabelled orange cylinders, yellow boxes, cream block sacks, uniform green spheres); the counter register box; the boxed ceiling fitting",,,"Tins with wordless printed bands and seams (no lettering in textures), stacked boxes with torn flaps, burlap sacks, produce with variation; a 1920s brass-and-nickel register with keys; the ceiling fitting becomes two opal pendants or a trough reflector from the fixed_lighting family","tin, card, burlap, nickel",scuffs at aisle ends and the door,,,Review: fully lit and trading but the cleanest room in the city; the fitting reads as a modern strip,art/blender/bodega_frontage.md; art/blender/bodega_receiving.md; art/blender/fixed_lighting.md,,,bodega_aisles and bodega_counter stations,proposed,
CITY_PASSAGE-001,CITY_PASSAGE,P2,add,Night-jewel hours state check,"PassageHoursDirector states at 20:00: ten grilles closed? (shop guide: ordinary closing begins at 02:00, so at 20:00 the shops are OPEN and lit)",,,,,,,,"Verify the capture's hour: the shops are open until 02:00, so the 20:00 nave must read as an evening arcade, lit and trading, with the diner and laundry doors open",TASKS.md PS6; design/SHOP_INTERIOR_BUILD_GUIDE.md I,,,"Passage stations show open grilles and lit shopfronts; if closed, the hours director's clock binding is the defect",proposed,
CITY_PASSAGE-002,CITY_PASSAGE,P2,add,V5 evidence of use on the aisle,"worn brass nosings (already fitted) plus: a parcel shelf by the terminus directory, a ghost sign on the throat's brick, one fluorescent tube in the pawnbroker's fascia (anachronism as phenomenon)",,,,,,,,Reconstruction brief V5; Bible VIII.5.g precedent for dated arrivals,design/VANTRY_ARCADE_RECONSTRUCTION_BRIEF.md,,"Aisle light ids and positions, cart lanes",Aisle stations,proposed,
CITY_PASSAGE-003,CITY_PASSAGE,P3,add,The directory's extra shop,terminus directory (Label3D): one line for a trade with no bay,,,,,,,,V6: the directory listing a shop that is not there,,,,Terminus station,proposed,
CITY_SHOP_MODEL_LAUNDRY-001,CITY_SHOP_MODEL_LAUNDRY,P2,refine,Aged ticket halves and the oldest parcel row,"laundry_trade ticket wire: ticket halves in four ages; parcel shelves: the top row's string sagging, paper darker",,,,,,,,Shop guide 1 flair: the unclaimed parcels are dated; the rhyme with the photo shop's portraits,art/blender/laundry_trade.md; art/blender/laundry_fittings.md,,,Counter station reads age on the wire,proposed,
CITY_SHOP_MODEL_LAUNDRY-002,CITY_SHOP_MODEL_LAUNDRY,P2,add,Steam and heat in the rear,"rear store: a gas ring under the irons with a glow decal, a steam billboard above the tubs (WeatherFX), a wet floor mask",,,,,,,,"Guide: this is hands, water, a mangle and heat; V2 rear zones",,,,Rear survey stations,proposed,
CITY_SHOP_MODEL_LAUNDRY-003,CITY_SHOP_MODEL_LAUNDRY,P2,refine,"Flat garments, flat shelf boards, a blown-out front window",hanging garments on the rail (flat cut-outs); the shelf wall of pale boards; the front glazing,,,Cloth-batch garments with folds; wrapped parcels on the shelves (laundry_trade.md); the window glass from the photo glazing optics,,,,,"Review: identifiable, but every object is a stand-in",art/blender/laundry_trade.md; design/V2_PHOTO_GLAZING_2026-10-05.md,,,IN0 and floor_0 stations,proposed,
CITY_SHOP_SHOE_REBUILDING-001,CITY_SHOP_SHOE_REBUILDING,P2,add,Lasts rack and the waiting seat,"new: a rack of iron lasts in sizes (shop stock family), a low seat with a footrest (shop_seating)",Rack on the party wall behind the bench; seat by the door inside the swing's clear,,,,,,,Shop guide 2 fittings,art/blender/cobbler_fittings.md; art/blender/shop_seating.md,,,Doorway station,proposed,
CITY_SHOP_SHOE_REBUILDING-002,CITY_SHOP_SHOE_REBUILDING,P3,refine,The clean rectangle under the ledger,dust mask with a clean rectangle at the ledger's seat on the counter,,,,,,,,Guide flair,,,,Counter detail,proposed,
CITY_SHOP_SHOE_REBUILDING-003,CITY_SHOP_SHOE_REBUILDING,P2,refine,"A near-black floor, shoe lumps and a red cube",cobbler floor finish and its practical; shelf stock (dark lumps); the plain red cube; the ladder leaning into the aisle,,,Lift the floor with a second cage bulb over the bench and a lighter floor map; lasts and shoes with form (cobbler_fittings.md); remove or dress the cube; stand the ladder against the shelving,,,,,Review: the floor is unreadable in every frame,art/blender/cobbler_fittings.md; art/blender/fixed_lighting.md,,,IN0 station readable,proposed,
CITY_SHOP_KEYS_CUT-001,CITY_SHOP_KEYS_CUT,P2,add,The safe and the picks,new: a second-hand fire safe in the corner with a blank gold-leaf cartouche; a roll of picks unrolled on the bench (shop stock family),Safe in the rear corner clear of the counter stance; picks on the bench,,,,,,,Shop guide 3 fittings,art/blender/locksmith_fittings.md,,,Doorway and counter stations,proposed,
CITY_SHOP_KEYS_CUT-002,CITY_SHOP_KEYS_CUT,P2,refine,The register open at the counter,"keys_cut ledger: open, a column of numerals as strokes, a pencil on a string",,,,,,,,Guide flair: the most quietly frightening object on the street,,,,Counter detail,proposed,
CITY_SHOP_KEYS_CUT-003,CITY_SHOP_KEYS_CUT,P3,refine,A uniform key grid and four copied boxes on a flat mat,key board silhouettes; the four identical boxes on the red mat; the table's dark blocks,,,"Vary blank shapes and gaps on the board, one row empty; three boxes, one open; the table's blocks become the picks and blanks of CITY_SHOP_KEYS_CUT-001",,,,,Review: copy-paste reads at a glance,art/blender/resident_keys.md,,,IN1 station,proposed,
CITY_SHOP_HARDWARE_PAINT-001,CITY_SHOP_HARDWARE_PAINT,P1,add,"Counter bell, night-service card and the capsule box on the shelf","new: brass counter bell, a night-service card (Label3D, telegram grammar), a capsule box on the shelf behind the counter (desktop_stock)",On storm_shop_hardware_paint_counter_top clear of the purchase stance; box on the first shelf behind,,,,,,,PS6: one warm bay at the far end; core loop: the capsule is bought here,game/docs/core_loop.md; TASKS.md PS6,,MaintenanceShopCounter owner and stock validation,"Golden repair route test unchanged; counter station shows bell, card and box",proposed,
CITY_SHOP_HARDWARE_PAINT-002,CITY_SHOP_HARDWARE_PAINT,P3,refine,Identical cans and an identical drawer wall,the seven wire-bail cans; shelf cylinders; the drawer wall pulls,,,"Three can sizes, dented lids, drips down two; one drawer open; wordless colour bands on the cans",,,,,Review,art/blender/hardware_stock.md,,,IN1 station,proposed,
CITY_SHOP_FUNERAL_PARLOUR-001,CITY_SHOP_FUNERAL_PARLOUR,P2,add,Three sample caskets with price cards face down,"new: three caskets at three grades in the corner (shop stock family), card rectangles face down",Rear corner clear of the chair rows and the bier's approach,,,,,,,Shop guide 8 flair,art/blender/funeral_fittings.md,,,Doorway station,proposed,
CITY_SHOP_FUNERAL_PARLOUR-002,CITY_SHOP_FUNERAL_PARLOUR,P2,refine,The register's one signature,lectern register: one signature stroke and blank rules,,,,,,,,Guide: Dorothy Ash went from here,,,,Lectern detail,proposed,
CITY_SHOP_FUNERAL_PARLOUR-003,CITY_SHOP_FUNERAL_PARLOUR,P3,keep,Keep the bier empty and the room orderly,,,,,,,,,Guide: nothing in this room is a shock; the emptiness is the object,,,,Unchanged,verified,"Kept: none of the funeral parlour's sources or exports has changed since e63ce4f6; the bier stays empty (implementation/slice34/receipts/keep_audit.receipt.json). Verified at WIP 974ee6d2 (implementation/slice34): fabrication batch 0 failures; apartment batch 236 on the long runner; completion 1A 15 waypoints with its pre-existing kitchen-leg failure; roof route 53 waypoints, 0 failures; the two-space sweep 0 failures; the keep audit (receipts/keep_audit.receipt.json) holds for all nine keep items."
CITY_SHOP_FUNERAL_PARLOUR-004,CITY_SHOP_FUNERAL_PARLOUR,P3,refine,Rigid chair rows and flat curtains,the spindle-back chairs; the alcove curtains,,,Rows kept (the room is arranged) with two chairs a few degrees off and one pulled out; curtains from the cloth batch with folds,,,,,"Review: identical copies in rigid rows; the arranged order stays, the copies go",art/blender/funeral_drapes.md,,,IN0 station,proposed,
CITY_SHOP_LUNCHEONETTE-001,CITY_SHOP_LUNCHEONETTE,P2,add,"Menu board, shakers, pickled eggs, the fan","new: menu board (Label3D), sugar shakers and a jar on the counter (desktop_stock), a ceiling fan (static)",,,,,,,,Shop guide 5 fittings,art/blender/diner_overhead.md; design/V2_DINER_BACKBAR_2026-10-06.md,,,Counter station,proposed,
CITY_SHOP_LUNCHEONETTE-002,CITY_SHOP_LUNCHEONETTE,P3,refine,The third stool's wear,shop_seating stool 3: vinyl top worn through to the cord,,,,,,,,Schedule: Peter's third stool since 1924,,,,Stool detail,proposed,
CITY_SHOP_LUNCHEONETTE-003,CITY_SHOP_LUNCHEONETTE,P2,refine,"A blown-out register, an unidentifiable pole and a featureless black cabinet",the cream register (overexposes to a white block); the cream pole with a box head behind the counter; the flat black cabinet on legs,,,Register albedo and keys from diner_till.md; identify the pole (a malt mixer or a menu stand) and give it its form; the black cabinet becomes the back-bar cooler of diner_backbar.md,,,,,Review,art/blender/diner_till.md; art/blender/diner_backbar.md; art/blender/diner_apparatus.md,,,IN1 and floor_0 stations,proposed,
CITY_SHOP_OTIS_SON-001,CITY_SHOP_OTIS_SON,P2,refine,Carboy backlight onto the pavement,window stand: a practical behind the carboys (one of the fitted shop lights) so the glass throws colour onto the aisle at night,,,,,,,,Shop guide 11 hero: they throw colour onto the pavement at night; Accord 15 light is practical,art/blender/druggist_carboys.md,,Light budget,Pavement-through-glass station shows colour on the terrazzo,proposed,
CITY_SHOP_OTIS_SON-002,CITY_SHOP_OTIS_SON,P2,refine,"Flat yellow window panel, black-blob taps, blank drawer labels",the front window's yellow panel; fountain taps; the drawer-wall labels; the terrazzo (BW-020),,,Window as show-globe backlight (CITY_SHOP_OTIS_SON-001) through real glazing; nickel fountain taps with handles from druggist_fountain.md; drawer labels as Label3D paper slips or left blank,,,,,Review: the arcade's most complete dressing with three stand-ins in front,art/blender/druggist_fountain.md; art/blender/druggist_drawers.md,,,IN0 and IN2 stations,proposed,
CITY_SHOP_NEWS_CIGARS-001,CITY_SHOP_NEWS_CIGARS,P2,add,The hollow in the tile and the punchboard,floor tile under the stool: a dished variant; a punchboard on the counter half punched (shop stock family),,,,,,,,Shop guide 6 flair,art/blender/news_fittings.md,,,Hatch station,proposed,
CITY_SHOP_NEWS_CIGARS-002,CITY_SHOP_NEWS_CIGARS,P3,add,Headline board for the week,"headline board (Label3D, telegram grammar): the election result as a single line",,,,,,,,Period; no lettering in texture,,,,Pavement station,proposed,
CITY_SHOP_NEWS_CIGARS-003,CITY_SHOP_NEWS_CIGARS,P1,refine,Shelves completely empty; case holds a few lumps,"the booth's shelving and glass case (news_fittings, news stock)",,,"Verify the news stock set instantiates; if it does not exist, author stacked papers (wordless mastheads as blocks of grey), magazine fans, cigar boxes with a lid up; the stool mat becomes a worn rubber mat with the hollow of CITY_SHOP_NEWS_CIGARS-001",,,,,Review: nothing says newspapers or cigars,game/data/orison_v2/news_fittings.json; game/data/orison_v2/news_receiving.json,,,IN0 station,proposed,
CITY_SHOP_PAWNBROKER-001,CITY_SHOP_PAWNBROKER,P2,add,"Balance under a dome, loupe on a cord, the pledge ledger","new: jeweller's balance in a glass dome on the counter, a loupe on a cord, a heavy ledger with a pen (shop stock family)","Counter inside the grille, clear of the wicket's pass shelf",,,,,,,Shop guide 7 fittings; fabrication index open items,art/blender/pawn_fittings.md; art/blender/v2_fabrication_coverage.md,,,Counter station,proposed,
CITY_SHOP_PAWNBROKER-002,CITY_SHOP_PAWNBROKER,P3,refine,A wedding ring in a tiny envelope in the window,window stock: one small envelope with a ring shape,,,,,,,,Guide: every one is somebody's worst month,,,,Window station,proposed,
CITY_SHOP_PAWNBROKER-003,CITY_SHOP_PAWNBROKER,P2,refine,Bare sphere bulbs in the cage; the safe a black block,the two white sphere bulbs inside the counter cage; the safe,,,"Shaded cage lamps from the fixed_lighting family; the safe gets its door line, hinges, dial boss and a painted name panel (no lettering in textures)",,,,,Review: the interior practicals that misbehave,art/blender/fixed_lighting.md; art/blender/pawn_fittings.md,,,floor_0 and IN1 stations,proposed,
CITY_SHOP_PAWNBROKER-004,CITY_SHOP_PAWNBROKER,P3,keep,Clock faces without numerals are authored,the clock wall (pawn_clocks.md),,,,,,,,"The review read the dials as unfinished; pawn_clocks.md gives twelve geometric hour marks and invents no numerals, and the art rule forbids numerals in textures",art/blender/pawn_clocks.md,,,Unchanged,verified,"Kept: the pawn clock wall's sources and export are unchanged since e63ce4f6; the dials keep their geometric hour marks and no numerals (implementation/slice34/receipts/keep_audit.receipt.json). Verified at WIP 974ee6d2 (implementation/slice34): fabrication batch 0 failures; apartment batch 236 on the long runner; completion 1A 15 waypoints with its pre-existing kitchen-leg failure; roof route 53 waypoints, 0 failures; the two-space sweep 0 failures; the keep audit (receipts/keep_audit.receipt.json) holds for all nine keep items."
CITY_SHOP_RADIO_SERVICE-001,CITY_SHOP_RADIO_SERVICE,P1,add,The 1610 set on the bench,radio_apparatus bench: one receiver with its dial pointer at the top of the band and a speaker (signal family); an open-channel hiss from the existing shop ambience owner at low level,"On the bench's leaf, clear of the ledger stance",,,,,,,Shop guide 4 flair: the best single object on the street; Bible III WORS 1610,art/blender/radio_apparatus.md; art/blender/radio_bench.md; design/ORISON_BIBLE.md III,,Receiving keyboard sessions,Bench station shows the pointer at the band's top; no label,proposed,
CITY_SHOP_RADIO_SERVICE-002,CITY_SHOP_RADIO_SERVICE,P3,keep,Keep the chair and kettle 1927,,,,,,,,,Guide: only the signal path is early,,,,Unchanged,verified,"Kept: the radio service shop's sources and exports are unchanged since e63ce4f6 (implementation/slice34/receipts/keep_audit.receipt.json). Verified at WIP 974ee6d2 (implementation/slice34): fabrication batch 0 failures; apartment batch 236 on the long runner; completion 1A 15 waypoints with its pre-existing kitchen-leg failure; roof route 53 waypoints, 0 failures; the two-space sweep 0 failures; the keep audit (receipts/keep_audit.receipt.json) holds for all nine keep items."
CITY_SHOP_RADIO_SERVICE-003,CITY_SHOP_RADIO_SERVICE,P2,refine,Jars instead of valves; a black torus on the floor; no test gear,the row of white-lidded jars on the bench; the shelves of pale bulbs; the black ring on the floor; the bare bench,,,"Valves with bases and getters in a tube rack (radio_stock), a meter and a soldering iron on the bench (radio_bench); the torus is a wire coil (radio_wire) that needs its reel or goes; CITY_SHOP_RADIO_SERVICE-001 adds the 1610 set",,,,,Review: the one shop the divergence touches shows no evidence of the trade,game/data/orison_v2/radio_stock.json; game/data/orison_v2/radio_bench.json; game/data/orison_v2/radio_wire.json,,,IN0 and floor_0 stations,proposed,
CITY_SHOP_PHOTO_SUPPLIES-001,CITY_SHOP_PHOTO_SUPPLIES,P2,refine,One portrait is a building,photo_portraits rail: replace one generated portrait plate with an architectural plate (a facade silhouette),,,,,,,,Shop guide 10 flair; schedules: Nadia,art/blender/photo_portraits.md,,,Rail detail station,proposed,
CITY_SHOP_PHOTO_SUPPLIES-002,CITY_SHOP_PHOTO_SUPPLIES,P2,refine,Film stock as flat blocks; cameras as dark boxes; an empty glass case,the shelving wall of coloured blocks; the three tripod cameras; the counter case,,,"Film boxes with wordless printed bands in three sizes, some turned; cameras with bellows, lens boards and brass (photo_cameras.md); two cameras and a lens under the case glass",,,,,Review,art/blender/photo_cameras.md; game/data/orison_v2/photo_stock.json,,,IN0 and IN1 stations,proposed,
CITY_BAR_DESCENT-001,CITY_BAR_DESCENT,P1,add,The detritus diorama on the stair (B2),"new: on the treads and landing: cans, a crate, paper, a dead token, a sticker strata decal band at hand height, a crushed hat; the red rug's soil mask; a capacity notice and a soda-acid extinguisher on its bracket (1928 retrofits)",Litter against the stair cheeks leaving the 1.6 m clear; rug at the landing; notice and extinguisher on the landing wall,,Static instanced litter from the crate/desktop_stock families; decals; the extinguisher as one native part,"tin, paper, felt, brass extinguisher",the rug's centre worn to the warp,the ballast fluorescent as authored,,Ledger CANONICAL stairwell; B2 commission,docs/harukiya_reference_notes.md II; TASKS.md B2,,"Stair collision, the red door's notch and the capsule route",Bar route test unchanged; stair station reads the diorama,proposed,
CITY_BAR_DESCENT-002,CITY_BAR_DESCENT,P2,add,The 1913 and 1919 photographs,two framed photographs (CharacterMemoryArt) on the landing wall: the block in 1913 and under its first name in 1919 (ledger A0.5),,,,,,,,The bar showing the player its own history,docs/harukiya_reference_notes.md A0.5,,,Landing station,proposed,
CITY_BAR_DESCENT-003,CITY_BAR_DESCENT,P3,add,"Speakeasy judas window, optional",red door: a sliding judas panel at 1.6 m,,,,,,,,Canon finding: Prohibition is not in canon; gated on an owner ruling,,,,Only if ruled,proposed,
CITY_BAR_DESCENT-004,CITY_BAR_DESCENT,P3,refine,Three litter props shared between lobby and vestibule,"the cream taped box, the crate of dark lumps, the leaning cream board, the floor cards; the clean stair treads",,,"CITY_BAR_DESCENT-001's diorama replaces these; until then give the board a printed face (wordless), the crate real contents and the treads a worn centre line",,,,,Review: the only genuine litter in the city is three props,,,,retail_bar_lob stations,proposed,
CITY_BAR_ROOM-001,CITY_BAR_ROOM,P1,add,Counter service objects,"new: tip jar, bar towel, opener, spike, a forgotten pen, a cash register (not a POS) on the counter; rubber mats behind it (desktop_stock / bar families)","On the counter top inside the canopy, clear of the three seat zones' stances",,,,,,,Ledger II inventory: the counter's working surface,docs/harukiya_reference_notes.md II north side,,"BarSeatZone stances, songbook terminal",Canopy station,proposed,
CITY_BAR_ROOM-002,CITY_BAR_ROOM,P2,add,"Lena's patch on the banquette, Cam's ring by the door",couch bank corner module: a contrasting vinyl patch; a beer-ring decal on the dado by the entrance,,,,,,,,Schedules: Lena mends the split vinyl; Cam never sits,,,,West bay and deck stations,proposed,
CITY_BAR_ROOM-003,CITY_BAR_ROOM,P2,add,"Dead token, floor arc, fuse board, handwash sign",a token under cabinet 01; a worn arc decal where players stand; a knife switch and fuse board at the service end; a handwash notice (Label3D),,,,,,,,Ledger II entrance zone and retrofits re-dated to 1928,,,,Deck and service-end stations,proposed,
CITY_BAR_ROOM-004,CITY_BAR_ROOM,P3,add,"Teacups behind the counter, optional speakeasy reading",a row of teacups on the backbar shelf,,,,,,,,Canon finding: gated on a Prohibition ruling,,,,Only if ruled,proposed,
CITY_BAR_ROOM-005,CITY_BAR_ROOM,P2,refine,"A flat red canopy, copied stools, packed flat pictures, a placed rack",the counter canopy slab; the round stools; the picture wall; the pool table's felt and balls,,,"Canopy as a panelled valance with a light trough (bar_ceiling_finish); stools varied in height and wear; pictures as framed objects with glass and depth, spaced; felt worn at the rails and pockets, balls scattered as a game in progress, cue chalk dust",,,,,"Review: the richest dressing in the city, undercut by copies and flat colour; CITY_BAR_ROOM-001 covers the bare counter",art/blender/bar_ceiling_finish.md; art/blender/bar_furniture_construction.json; art/blender/bar_pool.md; art/blender/bar_gallery.md,,,WEST1 and POOL stations,proposed,
CITY_BAR_STAGE-001,CITY_BAR_STAGE,P2,add,The bound book of takes and the setlist board,"new: a bound ledger of takes on the terminal's shelf (papers bound variant), a chalk setlist board (Label3D) on the stage pier",,,,,,,,Bible III.2 the Songbook; ledger karaoke adaptation re-dated,design/ORISON_BIBLE.md III.2; docs/songbook_brief.md,,SongbookTerminalProp and the phonautograph's motion owner,Stage station,proposed,
CITY_BAR_STAGE-002,CITY_BAR_STAGE,P3,refine,The piano reads as a dark block on a flat platform,the upright piano and its platform (seen only from retail_bar_floor_1),,,"Lid, fallboard, music desk and candle sconces on the upright; a plywood platform edge with its nosing (bar_stage.md)",,,,,Review: the STAGE0/1 markers never framed the stage; the one frame that does shows a block,art/blender/bar_stage.md,,,A station from the pool table toward the stage,proposed,
CITY_BAR_WC-001,CITY_BAR_WC,P2,add,"Mismatched repairs, cracked mirror, roller towel",a pipe clip of a different metal on the exposed run; a mirror with a crack decal; a roller towel on a bracket,,,,,,,,Ledger restroom line; Accord 13,art/blender/bar_service_access.md,,Door pose and sink input,WC station,proposed,
CITY_BAR_WC-002,CITY_BAR_WC,P3,refine,Red wash with no visible source; a flat speckled door,F01_BAR_LT_WC (cage_bulb_rise300) and the red wall wash; the WC door leaf,,,Confirm the cage bulb is the wash's source and give it a red-painted bulb or remove the tint; the door gets the panelled service leaf of CITY_BAR_WC-001's repairs,,,,,Accord 15: every lumen has a fixture,game/data/orison_v2/fixed_lighting.json; art/blender/bar_service_access.md,,,WC station shows the bulb and the wash together,proposed,
F01_STREET_APRON-001,F01_STREET_APRON,P2,add,Boot scraper and delivery crates,new: cast-iron boot scraper beside the step; a stack of empty milk crates and an ice-tong hook by the areaway rail (desktop_stock),Scraper 0.3 m from the leaf's hinge side; crates against the facade clear of the door swing and the route,,,"cast iron, pine crates",wet paving and a mud fan at the scraper,,,Bible VIII.4 ice and coal still; the apron is used by delivery,art/blender/front_pavement.md; art/blender/front_facade.md,,"Front entry route, arrival placement, marquee contacts",Front entry route test unchanged; facade view shows crates,proposed,
F01_STREET_APRON-002,F01_STREET_APRON,P3,add,Election ephemera in the gutter,"new: one soaked campaign broadside (papers) against the kerb, a brown derby on the areaway rail",,,,,,,,Period: the Saturday after the Hoover-Smith election; no lettering (a portrait silhouette and a star),,,,Detail view,proposed,
F01_REAR_APRON-001,F01_REAR_APRON,P2,add,Ash cans and the chained wrench,new: two galvanised ash cans with lids by the wall; a coal-cover wrench on a chain by the door,Clear of the leaf's outward swing and the alley route,,,,,,,Bible VIII.5.c; the alley is where ash goes out and coal comes in,,,Rear door route (service alley test),Threshold view from the alley,proposed,
F01_VESTIBULE-001,F01_VESTIBULE,P2,add,"Umbrella stand, drain mat and the directory frame",new: cast-iron umbrella stand; a cast-iron grate mat set flush; the directory board beside the buzzer if not already here,Stand in the corner by the inner door's hinge; grate centred,,,,,,,A weather lock in November; the buzzer's directory is the building's roster,,,Both door swings and the entry route,Threshold view from the street,implemented,"A cast-iron umbrella stand with its drip tray, two furled umbrellas and a walking stick stands in the vestibule's north-west corner, clear of both doors and the street-to-lobby route. Not made: the flush cast-iron grate mat (a floor inlay this pass does not cut) and the directory board. Verified at WIP 87b953dc (implementation/slice32): fabrication batch 0 failures; apartment batch 236 on the long runner; laundry route 17, basement route 88, public doors 17, public furnishings 29 and wall mounts 4 waypoints with 0 failures; laundry apparatus and fittings, ground 0 failures; M08E with only its pre-existing route failure; Mina's laundry routine completes with no failures; the four-space sweep 0 failures."
F01_VESTIBULE-002,F01_VESTIBULE,P2,refine,Street sign reads reversed from inside,FrontDoorExteriorSign / entry sign Label3D double-sided,,,,,,,,Review: the sign's lettering is mirrored through the glass; make the Label3D single-sided with an opaque back,,,,Vestibule OV shows no mirrored lettering,implemented,Entry sign labels single-sided; no mirrored read through the glass.
F01_LOBBY-001,F01_LOBBY,P1,refine,The noticeboard as the building's politics,existing LobbyBulletinBoard (23-piece authored board) or new board family,On the long wall between the windows at 1.5 m,,"Pinboard owner (INSPECT); 23 pieces: memos, schedule, corrected notices with red strokes; Label3D only where the telegram grammar allows; no lettering in texture",,,,,"Schedules: Nadia posts, Evelyn corrects, the association meets; Bible VIII.5.h paper trail",game/data/resident_schedules.json; design/PROP_SET_INTERACTION_MATRIX.md lobby bulletin board,,Bulletin board owner,Detail view reads layers of paper,verified,"F01_lobby_board: a 1.2 x 0.9 m noticeboard (pinboard form, 23 notices in rows, one brass pin each, no lettering) on the south wall between the west window and the inner door, its lower edge above the dado cap at 1.42 m. Deviation: the notices are blank cards in rows (the drifted layout collapses into streaks), and the board is a passive pinboard rather than the 23-piece authored LobbyBulletinBoard owner. Verified at 9120c99a (slice21: reading furniture 25 and public furnishings 29 waypoints with 0 failures and the blockout suite passing, as at 858fb707 in slice21base; apartment batch 236 as before) and at 85f7dfc0 (slice21c, after the board moved above the dado and the boards took the card grid): the thirteen families pass the fabrication batch (27,682 checks, 0 failures; every board and frame on its actual wall face), public furnishings 29 waypoints with 0 failures, apartment batch 236, the lobby sweep 0 failures; captures in implementation/slice21, slice21b and slice21c."
F01_LOBBY-002,F01_LOBBY,P1,add,The master clock and the earliest photograph,"existing Vantry reference ClockProp (sealed cover, RESIST-REFUSE) placed on the core-opening wall; new: framed 1928 photograph (CharacterMemoryArt) beside the inner door",Clock at 2.2 m centred over the core opening; photograph at 1.5 m,,Clock owner as in the matrix; photograph through WallArtLaw,,,,,Bible VIII.5.e: the lobby master is right and wrong; VIII.5.h: the earliest photograph dates from the reopening,"design/ORISON_BIBLE.md VIII.5.e, VIII.5.h",,Clock refusal and house time,Overview from the inner door reads clock and photograph,verified,"F01_lobby_photo: the 1928 photograph (a copy of the photograph frame) at 1.5 m beside the inner door. The sealed Vantry reference clock over the core opening waits for a V2 clock owner (ClockProp is mounted only by the V1 building). Verified at 9120c99a (slice21: reading furniture 25 and public furnishings 29 waypoints with 0 failures and the blockout suite passing, as at 858fb707 in slice21base; apartment batch 236 as before) and at 85f7dfc0 (slice21c, after the board moved above the dado and the boards took the card grid): the thirteen families pass the fabrication batch (27,682 checks, 0 failures; every board and frame on its actual wall face), public furnishings 29 waypoints with 0 failures, apartment batch 236, the lobby sweep 0 failures; captures in implementation/slice21, slice21b and slice21c."
F01_LOBBY-003,F01_LOBBY,P2,add,"Bench wear, spittoon, gloves on the radiator","lobby benches: a worn patch on the end nearest the doors; new: brass spittoon, a dish of wet gloves on F01_LOBBY_RADIATOR_01",,,,,,,,Schedules: the Transients wait facing the doors; Accord 12,,,LobbyBenchZone sit/stand,Detail views,implemented,"A brass spittoon stands by the west bench's door end, clear of the radiator front and the arrival route. Not made: the worn patch on the bench (a texture change) and the dish of gloves on the radiator (the stock inspector has no radiator support). Verified at WIP 87b953dc (implementation/slice32): fabrication batch 0 failures; apartment batch 236 on the long runner; laundry route 17, basement route 88, public doors 17, public furnishings 29 and wall mounts 4 waypoints with 0 failures; laundry apparatus and fittings, ground 0 failures; M08E with only its pre-existing route failure; Mina's laundry routine completes with no failures; the four-space sweep 0 failures."
F01_LOBBY-004,F01_LOBBY,P3,refine,Sweep the earlier punchlist rows against the capture,"'Order Board' teal slabs, floating nameplates, decorative bench on the wrong side (V1 rows)",,,,,,,,Close V1 rows that V2 has already resolved,,,,No floating labels in any tile,proposed,
F01_LOBBY-005,F01_LOBBY,P2,refine,Yellow numbered placard and the white brick patch,the yellow numbered floor placard; the white brick texture patch on the lobby wall (review),,,,,,,,A modern wayfinding placard and a texture patch in the lobby; replace the placard with the enamel plate family and close the patch,art/blender/wayfinding_plate.md,,,Lobby OV,proposed,
F01_WATCH-001,F01_WATCH,P1,add,"Chair, desk lamp, coat and the folded cot","new: F01_watch_chair (ChairDark), F01_watch_lamp (task lamp landlord_enamel), a coat hook with a coat (cloth), a folded iron cot against the wall (new small family or crate-family stand-in)",Chair at the desk facing the lobby window; lamp on the desk's register side with a G14 cord; hook by the mail door; cot folded along the core wall,,Shared variants; the cot as one static assembly,"oak, enamel, grey blanket, iron","the chair's seat polished, the floor scuffed under it",the lamp is a real light only if the 16/16 budget allows; else an unlit visual with a glowing shade decal,,The watch is manned; the player clocks in here,game/docs/v2_launch.md (clock in and take the report); art/blender/task_lamps.md,,"All five instrument owners and their reaches (DetectorReach, Reach_slip, hooks, book, index, reset, line, GuardReach, DispatchReach, CallHardwareReach)",Overview reads a manned room; instrument tests unchanged,implemented,"The watchman's chair (a ChairDark copy) is pulled up to the desk mass facing the lobby opening, a grey coat hangs on a hook between the mail door and the lobby wall, and the night watch's iron camp cot stands folded on end against the core wall with its blanket strapped on. Not made: the desk lamp, because a task lamp needs an acoustic graph node (orison_v2_task_lamp_installations.gd) that this pass does not author. Verified at WIP c6e01928 (implementation/slice28b): fabrication 0 failures, apartment batch 236, M08E with only its pre-existing route failure, M08F 29 checks, mail route 16, public doors 17, public furnishings 29, ground and wall-mount suites unchanged."
F01_WATCH-002,F01_WATCH,P2,add,Tour route card and kettle on a gas ring,new: route card (Label3D) by the key guard; a gas ring with a kettle on the shelf end (desktop_stock),,,,,,,,"The night watch's routine (tour key, report)",,,,Detail view at the key guard,proposed,
F01_MAIL_TELEPHONE-001,F01_MAIL_TELEPHONE,P1,refine,"Eighteen box windows, six empty recesses","LobbyMailBank: per-box window cards (18 distinct card rectangles, 2 overfull), 6 recesses without doors",,,Card decals on the bank's box doors; two door variants slightly ajar with paper,,,,,Bible IV.1: eighteen occupied boxes and six deliberately empty recesses,design/ORISON_BIBLE.md IV.1; game/scripts/props/mail_bank_prop.gd,,MailBankProp leaf and PlayerBox zone,Detail view of the bank reads eighteen different boxes,proposed,
F01_MAIL_TELEPHONE-002,F01_MAIL_TELEPHONE,P1,add,"Operator's stool, headset, cord pile","new: F01_operator_stool (ChairOak stool), headset on a hook (signal device), a coil of cords on the floor by the board, an extensions card (Label3D)",Stool at the board's working height; hook beside the board,,,,,,,Bible VIII.4: the operator is the player; the board is Vantry house equipment,,,House switchboard prop reach,Overview reads a manned board,implemented,"The operator's chair (a ChairOak copy) is pushed aside north of the house board, clear of the board's approach; the headset hangs on a brass hook beside the board with its cord looped below, and a coil of cord lies on the floor south of the board (a copy of 6A's cable coil). Not made: the extensions card, which is lettering and needs a Label3D owner. Verified at WIP c6e01928 with the same runs as F01_WATCH-001 (implementation/slice28b)."
F01_MAIL_TELEPHONE-003,F01_MAIL_TELEPHONE,P2,refine,Fix the backs-to-corridor facing if present,LobbyPorterBoard and LobbyMailBank rotation (punchlist 2026-08-25),,,,,,,,Punchlist: both present their backs to the corridor in V1; verify in V2 capture,,,,Bank face visible from the door,proposed,
F01_PACKAGE-001,F01_PACKAGE,P1,add,"Parcels, the book and the scale","new: 8 parcels (desktop_stock) on the shelves, a parcel book (papers), a brass spring scale, a stamp pad",Parcels by size on the shelves; book and scale on the ledge,,,,,,,Schedules: Cam's package handoffs; the room's purpose text,,,Shelving and the route between doors,Overview reads a parcel room,verified,"The parcel racks carry a load each, built into the public furnishings library and seated in the rack's own body (still two racks, four furnishing bodies): eight string-tied brown-paper parcels by size, one of them 6C's slatted auction crate, 2A's bundle of caption envelopes, and on the north rack's chest-height shelf the parcel book, a brass spring scale and a stamp pad with its rubber stamp (implementation/slice28b/images: parcel_racks_clear, F01_PACKAGE_OV). Verified at WIP c6e01928 (implementation/slice28b): fabrication batch 0 failures; apartment batch 236 (the branch baseline); M08E with only its pre-existing boiler-to-radiator route failure; M08F 29 checks; mail route 16, public doors 17 and public furnishings 29 waypoints, 0 failures; ground and wall-mount suites 0 failures; the three-room sweep 0 failures."
F01_COMMON_B-001,F01_COMMON_B,P1,add,The association's table and the armchair,"reading table: minutes (papers) under a brass weight, jug and glasses (desktop_stock); new: armchair (domestic_seating) and a floor lamp (task lamp) by the window",Papers at the table's head; armchair in the window corner clear of the route,,,,,,,Schedules: the tenant association meets Saturdays; the room is for meeting and reading,,,Table and chairs' walking clearance,Overview from the door,verified,"F01_common_armchair (an Armchair copy) in the common room's south-west window corner, facing into the room, clear of the reading table, its chairs and the bookcases. The minutes, jug and glasses wait for the reading table to become a stock support; the floor lamp waits for the task-lamp installations. Verified at 9120c99a (slice21: reading furniture 25 and public furnishings 29 waypoints with 0 failures and the blockout suite passing, as at 858fb707 in slice21base; apartment batch 236 as before) and at 85f7dfc0 (slice21c, after the board moved above the dado and the boards took the card grid): the thirteen families pass the fabrication batch (27,682 checks, 0 failures; every board and frame on its actual wall face), public furnishings 29 waypoints with 0 failures, apartment batch 236, the lobby sweep 0 failures; captures in implementation/slice21, slice21b and slice21c."
F01_COMMON_B-002,F01_COMMON_B,P2,refine,Bookcase contents,"both bookcases: bookpile objects in varied runs, one shelf of bound magazines",,,,,,,,"Bookcases with nothing read as furniture, not a library",,,,Detail views,proposed,
F01_COMMON_B-003,F01_COMMON_B,P2,refine,Windows look onto an unfinished grey box,the light-court or neighbouring mass outside F01_COMMON_B's windows,,,,,,,,Review: the window view is a grey plaster box; the light court's finished face or a neighbour's back belongs there,art/blender/light_court.md,,,Window detail stations,proposed,
F01_PUBLIC_CORE-001,F01_PUBLIC_CORE,P2,add,Landing notice and the building's paper trail,,"On the core wall beside the floor plate at 1.5 m, clear of the rail",notice frame 0.35 x 0.45 m,"One framed notice board (Label3D text) per core level: the 1928 house rules on the public side, the service notice on the service side","oak frame, glass, foxed paper",a corner of the glass cracked and taped,,,Bible VIII.5.h: the paper trail begins in 1928; Nadia's memos signed Management need a place to be posted,design/ORISON_BIBLE.md VIII.5.h; game/data/resident_schedules.json (Nadia posts the tenant memo Mon/Wed/Fri),,,Readable by the service lamp from the landing,proposed,
F01_PUBLIC_CORE-002,F01_PUBLIC_CORE,P3,refine,Stair wear and the one unique landing piece,,Tread noses and the half-landing wall,,,honed stair marble (art/blender/stair_honed.md) with inherited dishing; one framed piece per half-landing (punchlist: each of the seven landings needs a unique piece),"dished treads, rail gold at hand height, paint rubbed at the turn",,,Accord 12 and the open punchlist row,,,Stair ironwork and tread collision,Reverse view up the flight shows the dishing read against the lamp,proposed,
F01_PUBLIC_CORE-003,F01_PUBLIC_CORE,P1,remove,Exposed blockout plane in the core,the flat orange-tan plane targeted by DT1-3 (OrisonV2Blockout / ServiceAlley / readability cue nodes),,,,,,,,Review: a block-out plane is visible in the public core at eye level,,,,Core detail stations show finished surfaces only,implemented,The orange-tan plane was the readability cues' WARM light pool on the core wall; gated off with BW-009.
F01_CORE_TO_SERVICE-001,F01_CORE_TO_SERVICE,P2,add,Maintenance evidence on the service spine,,"On the riser cluster wall and the floor against it, outside the 1.2 m route",,"Chalk valve marks (decal), a pipe tag per riser (Label3D), one crate, one coiled hose on a bracket; nothing on the route","chalk, card tags on wire, pine crate, rubber hose","drip stain under the valve, a boot scuff where the super stands",,,Accord 11 and 13: every pipe terminates and reads as a timeline; the super's rounds leave marks,art/blender/heating_distribution.md; art/blender/duct_supports.md; game/data/resident_schedules.json (Omar's rounds 08:00-12:00),,"Service route, dumbwaiter approach, door swings",Threshold view from the crossing shows marked pipes and a clear route,proposed,
F01_SERVICE_HALL-001,F01_SERVICE_HALL,P2,add,Maintenance evidence on the service spine,,"On the riser cluster wall and the floor against it, outside the 1.2 m route",,"Chalk valve marks (decal), a pipe tag per riser (Label3D), one crate, one coiled hose on a bracket; nothing on the route","chalk, card tags on wire, pine crate, rubber hose","drip stain under the valve, a boot scuff where the super stands",,,Accord 11 and 13: every pipe terminates and reads as a timeline; the super's rounds leave marks,art/blender/heating_distribution.md; art/blender/duct_supports.md; game/data/resident_schedules.json (Omar's rounds 08:00-12:00),,"Service route, dumbwaiter approach, door swings",Threshold view from the crossing shows marked pipes and a clear route,proposed,
F01_SERVICE_HALL-002,F01_SERVICE_HALL,P2,add,Sack truck and crates by the dumbwaiter,"new: a sack truck leaning by the dumbwaiter, two crates (crate family)","Against the wall beside the dumbwaiter opening, outside the 1.2 m route",,,,,,,G04 dumbwaiter is a working lift; things wait for it,,,Dumbwaiter brake reach and the route,Threshold view from the transfer,proposed,
F01_SERVICE_CORE-001,F01_SERVICE_CORE,P2,add,Landing notice and the building's paper trail,,"On the core wall beside the floor plate at 1.5 m, clear of the rail",notice frame 0.35 x 0.45 m,"One framed notice board (Label3D text) per core level: the 1928 house rules on the public side, the service notice on the service side","oak frame, glass, foxed paper",a corner of the glass cracked and taped,,,Bible VIII.5.h: the paper trail begins in 1928; Nadia's memos signed Management need a place to be posted,design/ORISON_BIBLE.md VIII.5.h; game/data/resident_schedules.json (Nadia posts the tenant memo Mon/Wed/Fri),,,Readable by the service lamp from the landing,proposed,
F01_SERVICE_CORE-002,F01_SERVICE_CORE,P3,refine,Stair wear and the one unique landing piece,,Tread noses and the half-landing wall,,,honed stair marble (art/blender/stair_honed.md) with inherited dishing; one framed piece per half-landing (punchlist: each of the seven landings needs a unique piece),"dished treads, rail gold at hand height, paint rubbed at the turn",,,Accord 12 and the open punchlist row,,,Stair ironwork and tread collision,Reverse view up the flight shows the dishing read against the lamp,proposed,
F01_SERVICE_CORE-003,F01_SERVICE_CORE,P1,refine,Untextured door slab and grey placeholder panel,F01_SERVICE_CORE_DOOR leaf; the flat grey panel on the landing,,,,,,,,Review: an untextured wood slab and a grey placeholder at the service core,,,,Threshold and overview show a finished door and no panel,proposed,
F01_STAFF_RESTROOM-001,F01_STAFF_RESTROOM,P2,add,"Roller towel, mop and bucket, carbolic","new: roller towel bracket (cloth), galvanised bucket with a mop, soap (desktop_stock)",Towel beside the basin; bucket in the corner clear of the WC stance,,,,,,,Section E: the mop has somewhere to live; staff sanitation evidence,,,Tap and cistern reaches,Overview,verified,"The staff restroom's roller towel on its bracket on the west wall, a galvanised bucket with the mop standing in it in the north-west corner (the handle resting on the wall), and a bar of carbolic in a wall soap dish beside the basin (F01_restroom_* native captures, F01_STAFF_RESTROOM views). Verified at WIP 87b953dc (implementation/slice32): fabrication batch 0 failures; apartment batch 236 on the long runner; laundry route 17, basement route 88, public doors 17, public furnishings 29 and wall mounts 4 waypoints with 0 failures; laundry apparatus and fittings, ground 0 failures; M08E with only its pre-existing route failure; Mina's laundry routine completes with no failures; the four-space sweep 0 failures."
F01_A_VESTIBULE-001,F01_A_VESTIBULE,P1,add,Entry landing set for Evelyn Marsh,,"Along the wall opposite the entry door swing, within 0.9 m of the door, leaving the authored route clear",hook strip 0.6 m long at 1.65 m; shelf 0.3 m deep at 1.1 m; mat 0.6 x 0.9 m,Entry kit from the shared desktop_stock / domestic_objects families; hooks and shelf as one native assembly per vestibule variant,"painted pine shelf, iron hooks, coir mat, brass drip tray","scuff fan on the floor inside the door, hand-grime on the door edge at latch height, the wall rubbed by coats at shoulder height",flush dome as authored,,Identify the resident from the threshold (lived-in acceptance criterion),game/data/apartment_life_profiles.json entry_set; art/blender/desktop_stock.md,,"Door swing, 0.8 m route, SwitchPlate reach",Threshold capture from the hall shows the set; door-route test unchanged,verified,"Entry landing set for Evelyn Marsh: a hall stand (DomesticObject16: backboard with four iron hooks at 1.65 m, shelf at 1.1 m, plinth with a brass drip tray) on the north wall between the entry and living-room leaf swings (three doors leave no other wall). Deviations: the coir mat and the per-resident hook load wait for a collision-free floor piece and the cloth family. Verified at b8319c79 and e6c97bc1: the twelve rebuilt families pass the fabrication batch with every stand bearing on its floor (implementation/slice8b, after the three D-plan stands were moved inside their vestibules), apartment batch 236 as before, upper lighting 0 failures, both door-route suites and the six completion routes unchanged (1A 15, 1D 25, 2C 9, 3D 16, 4C 9, 4D 12); the vestibule sweeps show the stands (implementation/slice8)."
F01_A_VESTIBULE-002,F01_A_VESTIBULE,P2,add,Building hardware: signal outlet plate and chain guard,new: brass flush signal-outlet plate beside the switch; new: chain door guard on the entry leaf,"Signal plate 0.15 m beside the existing SWITCH anchor at the same height; chain guard on the leaf at 1.5 m, keeper on the jamb",plate 70 x 115 mm; chain 0.3 m,Two small native parts in the fixed_lighting / door hardware families; no interaction,"brass with a dull lacquer, painted over at one screw",,,,Bible VIII.3: every room has a signal point beside the power socket; Accord 11: one anchor painted over,art/blender/light_switch.md; art/blender/door_knob_set.md,,,Visible in the threshold view at eye height,verified,"The brass signal-outlet plate beside the switch came with BW-013 (slice 6); the chain door guard is on the entry leaf's apartment face: slotted plate by the latch stile, anchor plate and unhooked chain beside it (slice 10). Verified at d38ba7ac (slice10, slice10b): the thirteen families pass the fabrication batch (24,276 checks, 0 failures; seating 51 actors with the two armchairs, 1A's captured natively), door casings and fitted door fabric 0 failures, door hinges 10 as before (the 105-door count and one leaf's knuckles, identical at 6d99760d, slice10c), both door-route suites unchanged (45 and 32 waypoints, 0 failures), completion route 1A 15 waypoints as before (the kitchen leg), apartment batch 236 as before, upper lighting 0 failures, the seven-space sweep 0 failures; the chain guards are shown at the vestibule thresholds and the armchairs in F05_B_MAIN and F01_A_MAIN (implementation/slice10)."
F01_A_VESTIBULE-003,F01_A_VESTIBULE,P2,add,The corrected notice on the back of the door,,"Pinned on the inside face of the entry leaf at 1.5 m, clear of the knob",,"One pinboard-family object (DomesticObject00 pinboard variant, 0.3 x 0.4 m) with two blank card rectangles and one red pencil line decal; no lettering",,,,,Her habit of correcting the building's notices starts at her own door (schedule: notices red-pencilled); the lobby reads it when the door is open,,,Door leaf collision and swing,Visible in the threshold view from the lobby with the door opened by the ordinary interaction,proposed,
F01_A_MAIN-001,F01_A_MAIN,P1,add,Wireless table and domestic radio,new: 1A_wireless_table (TableRect07); new: DomesticRadio_1A,"Against the wall opposite the window, 0.4 m from the bedroom door jamb, radio centred on the table facing the reading chair","TableRect07 as installed elsewhere (about 0.9 x 0.45 m, 0.75 m high)",Reuse the shared native table variant and the DomesticRadio family with support id on the new table,"walnut veneer table, Bakelite radio with a cloth grille and cloth-braided flex to the signal outlet","dust shadow around the radio's feet, the dial knob polished",,,Schedules: radio news at breakfast and quiz programmes in the evening; the Bible gives everyone sound and no television,game/data/orison_v2/domestic_radios.json; game/scripts/building/orison_v2_domestic_radios.gd; art/blender/household_objects_radios.md,,FurnitureInteractionPass radio knob/switch owner,Reverse view shows the radio lit; the radio operates with E,verified,Done by BW-011 in slice 2: 1A_wireless_table (TableRect07) with DomesticRadio_1A on the long wall (implementation/slice2).
F01_A_MAIN-002,F01_A_MAIN,P1,add,"Reading chair, floor lamp and the marking surface","new: 1A_reading_chair (domestic_seating armchair variant); new: 1A_lamp (task lamp 'office_green' variant on a floor stand or the existing landlord_enamel variant); existing: 1A_table, 1A_chair",Chair angled 30 degrees to the window with its back to the kitchen door; lamp behind its outer arm; the existing table moved to the centre of the long wall as the marking table with its chair square to it,chair about 0.8 x 0.85 m; lamp 1.5 m high; table as installed,Seating from the domestic_seating family; lamp from the task_lamps family with a cloth cord to a floor outlet per G14's source plan,"moquette upholstery worn to the weave on the right arm, oak frame; green glass shade","one arm polished, the seat cushion dished on one side only",the lamp is the room's second practical; flush dome stays,,"Her two stations: the chair for the radio and ironing, the table for marking (daily loops: tea, mark, tidy)",art/blender/domestic_furniture.md; art/blender/task_lamps.md; game/data/orison_v2/task_lamp_supply.json,,Route from vestibule to bedroom and kitchen doors; radiator valve reach,"Overview from the vestibule door reads chair, lamp, table and radio as one arranged room",verified,"1A_reading_chair (ChairDark, angled 30 degrees to the window with its back to the kitchen door) and 1A_side_table (TableRect08) by the window; 1A_table and 1A_chair moved onto the long wall as the marking table. Slice 10 replaced the dining chair with the Armchair form (template 5B_radio_chair) reseated at (-14.75, -5.4) facing the window, between the side table and the radiator stance; the floor lamp still waits for the task-lamp family. (implementation/slice6/images/F01_A_MAIN_OV.jpg)"
F01_A_MAIN-003,F01_A_MAIN,P1,add,The orderly pair: retirement certificate and the married-teacher permission,new: two framed documents (CharacterMemoryArt / WallArtLaw hook),"Centred on the long wall opposite the window at 1.55 m, 0.6 m apart, symmetrical about the marking table",each 0.35 x 0.45 m,Two framed paper rectangles with an embossed seal shape and a signature stroke; no readable lettering (texture rule); hung through WallArtLaw,"black-painted frame, foxed paper, a ribbon seal",,,,Decor profile: retirement proof and hard-won permission treated as an orderly pair. Proposed backstory: the 1904 Board letter permitting a married woman to keep teaching,design/resident_decor_profiles.json; game/scripts/props/character_memory_art.gd,,,Detail view at 1.5 m shows two frames level to the millimetre,verified,"1A_frame_a/b: the retirement certificate and the permission as two copies of 4A's document frame (completion copies), 0.6 m apart at 1.55 m on the long north wall, symmetrical about the room's centre. Deviation: the marking table is in the study, so the pair centres on the main room's pendant. Verified at 76d0a584 (slice12) with the apartment batch at 394a9c3c (slice12b): the thirteen families pass the fabrication batch (25,164 checks, 0 failures; objects 44 actors, every board, canvas and frame bearing on its actual wall face), apartment batch 236 with failure labels identical to slice 11 once its category roster holds the original V1 set, upper lighting 0 failures, completion route 1A 15 waypoints as before, the household save owner 0 failures, the five-space sweep 0 failures; the rooms and native close-ups are in implementation/slice12."
F01_A_MAIN-004,F01_A_MAIN,P2,add,Tea service and the unused second cup,"new: 1A_tea_tray, 1A_cup_good, 1A_cup_spare (desktop_stock)","Tray on the marking table's far end; the spare cup alone on the wireless table's edge, dust-ringed",,desktop_stock pieces seated by support id,"porcelain with a gilt line worn at the handle, a tin caddy, a tray cloth",the spare cup has a dust ring and no tea stain; the good cup has both,,,"The contradiction, in porcelain (life profile; Appliance Bible III)",,,,Detail view of the table shows two cups reading differently,verified,"1A_tea_tray (brass tray) with 1A_cup_good and 1A_cup_spare on the side table by the reading chair. Verified at dc849111 (slice9e, slice9f) and 266ef28a (slice9g): the thirteen families pass the fabrication batch (24,237 checks, 0 failures; surface stock 3,461 checks with every record bearing on its support, the fifteen prep cabinets with the 1D, 2C and 4C completion copies), apartment batch 236 as before, completion routes 1D 25, 2C 9 and 4C 9 unchanged (the C-plan bath leg), upper lighting 0 failures, upper kitchens 238 as before (the material-binding and three-stance failures are identical at 66994c91, slice9h), the household save owner's 201 controls save and restore (0 failures), the eight-space sweep 0 failures; the resident surfaces are shown in implementation/slice9 (at bc26e9ca) and the kitchens and the 6C vestibule in slice9e."
F01_A_MAIN-005,F01_A_MAIN,P2,add,The one photograph,new: 1A_photo_frame (desktop_stock),"On the wireless table beside the radio, turned toward the chair",0.12 x 0.17 m,Small standing frame with a sepia plate rectangle (no face detail at this scale),silver-plated frame tarnished at the back,,,,Bible VIII.4: a photograph is an occasion; proposed backstory: her husband's,,,,Visible in the radio detail view,verified,"1A_photo_frame (standing frame) on the marking table. Verified at dc849111 (slice9e, slice9f) and 266ef28a (slice9g): the thirteen families pass the fabrication batch (24,237 checks, 0 failures; surface stock 3,461 checks with every record bearing on its support, the fifteen prep cabinets with the 1D, 2C and 4C completion copies), apartment batch 236 as before, completion routes 1D 25, 2C 9 and 4C 9 unchanged (the C-plan bath leg), upper lighting 0 failures, upper kitchens 238 as before (the material-binding and three-stance failures are identical at 66994c91, slice9h), the household save owner's 201 controls save and restore (0 failures), the eight-space sweep 0 failures; the resident surfaces are shown in implementation/slice9 (at bc26e9ca) and the kitchens and the 6C vestibule in slice9e."
F01_A_MAIN-006,F01_A_MAIN,P2,refine,Pendant instead of flush dome,F01_A_MAIN_LT (flush_dome_rise100),"Same anchor, pendant_shade variant at 2.2 m over the marking table",,Swap the fixed_lighting variant to pendant_shade as every other MAIN room has,,,same energy; the shade throws the marking table into a pool and leaves the window dark,,The six completion homes are the only main rooms lit by a flush dome; the pendant is the authored family for living rooms,game/data/orison_v2/fixed_lighting.json; game/data/orison_v2/room_lighting.json,,,RoomLumaAudit unchanged; overview shows the pool on the table,verified,Done by BW-010 in slice 1: F01_A_MAIN_LT is a pendant_shade (implementation/slice1).
F01_A_KITCHEN-001,F01_A_KITCHEN,P1,refine,Kitchen set for Evelyn Marsh,1A_prep_cabinet; 1A_k_wall_cupboard; F01_1A_STOVE_01; F01_1A_FRIDGE_01; F01_1A_KITCHEN_SINK_01,"On the preparation cabinet top, the drainboard, the range's cold side and the icebox top, within the existing support ids; nothing on the floor in the cross-passage",,"Surface props from desktop_stock (mugs, dishrack, jars, tins, bread board) selected per kitchen_set; at most 8 pieces, merged per family","enamel (tenant-specific variant), tin, glass jars, porcelain, oilcloth on the cabinet top","grease film on the wall behind the range at splash height, a scorched ring on the cabinet top beside the range, worn oilcloth at the working edge",as authored; the range's pilot is the only new glow and only where the resident cooks,,Appliance Bible III: the appliance that tells the truth about the tenant,design/ORISON_APPLIANCE_BIBLE.md; game/data/orison_v2/domestic_surface_props.json; art/blender/desktop_stock.md,,"StoveProp oven leaf, FridgeProp leaf and ice door, TapProp cycle, toaster carriage and crumb pan, prep cabinet slide, kitchen cross-passage",Overview shows the set from the kitchen opening; no prop within the oven or fridge door sweep,verified,"proper_meals_for_one: mug, dish rack and a plate on the drainboard (no prep cabinet in the A plan). Surface-stock records on the sink or prep cabinet support, within the dossier's eight-piece cap; grease film, scorch ring and oilcloth wear stay with the finish pass. Verified at 333c8041: the surface-stock fabrication validator passes 2,644 checks with the 107 records mounted (implementation/slice7/receipts/fabrication_shots__batch.json), the prep-cabinet and toaster validators stay clean, the apartment batch keeps the slice-2 count (236) and upper lighting 0 failures; the kitchen sweeps show the pieces (implementation/slice7)."
F01_A_KITCHEN-002,F01_A_KITCHEN,P2,add,Monitor-top electric evidence,F01_1A_FRIDGE_01,Ice card in the kitchen window's lower pane facing out (icebox units); zinc drip tray on the floor under the icebox with a water tide line,,Card as Label3D-free coloured rectangle with the number as a painted numeral quadrant (no lettering in texture); tray as a desktop-stock piece,"card stock, zinc",the tray's tide line and a rust bloom at one corner,,,Bible VIII.5.a: which number is showing is a fact about that household,design/ORISON_BIBLE.md VIII.5.a,,,Visible in the reverse view; the tray does not enter the fridge door stance,proposed,
F01_A_KITCHEN-003,F01_A_KITCHEN,P2,add,"Medication organizer, the hero object",new: 1A_medication_organizer (desktop_stock),"On the wall cupboard's lowest shelf at eye height, square to the shelf edge",0.2 x 0.08 m,"A seven-compartment tin with a hinged lid, a paper label rectangle per compartment (no lettering)","japanned tin, paper",the lid hinge bright from daily use,,,Life profile hero object; the one examine-interaction the lived-in brief allows per unit,game/data/apartment_life_profiles.json,,,Detail view at the cupboard shows it; it has an INSPECT card and no state,verified,"Evelyn's seven-day medication organizer, two compartments open, stands on the sink's drainboard ribs beside the dish rack: 1A's kitchen has no other free counter (no prep cabinet; the stove and the monitor-top fridge) (1A_medication_organizer_stock, F01_A_KITCHEN_DT1). Verified at WIP 54f7aee1 (implementation/slice31b): fabrication batch 0 failures (rerun_c: the 1D and 3D bedroom close-ups found no clear camera station, so the rerun captures only the jersey, overalls and organizer); apartment batch 236 on the long runner (the batch now exceeds the 180 s serial ceiling); household state 154 checks, 0 failures; completion 1D 25 waypoints, 0 failures; 3D 16 and 4C 9 with their pre-existing kitchen-leg failure; upper lighting 0 failures; upper furniture 488 against 484 at 40110d19, the four new failures being new stock meshes in the suite's pre-existing material-binding check; the five-room sweep 0 failures."
F01_A_KITCHEN-004,F01_A_KITCHEN,P1,refine,No range visible in any tile; verify the native range mounts,"F01_1A_STOVE_01 (household_stoves.json lists the instance; the sink frame, wall cupboard and monitor-top are the only fittings in the five tiles)",,,"Confirm the HouseholdGasRange instance for 1A instantiates at its fitting and is not seated inside the wall or behind the hall opening; the frames are identical to 3D's kitchen, so the template placement is shared",,,,,Review: no range seen; Appliance Bible: 17 kitchens have an enamel gas range,game/data/orison_v2/household_stoves.json; game/data/orison_v2/completion_interiors.json fittings; art/blender/household_stoves.md,,,Kitchen OV shows the range in a station that covers the fourth wall; stove module unchanged at 18 instances,verified,"The runtime census of the slice-7 kitchen sweep lists F01_1A_STOVE_01 (orison_v2_stove.gd) at (-10.6, -7.65) in F01_A_KITCHEN with its semantic anchor; the range mounts, the dossier's stations simply looked past it (implementation/slice7/receipts/sweep_shots__node_census.json)."
F01_A_KITCHEN-005,F01_A_KITCHEN,P3,keep,The ringed dome is the monitor-top's compressor: correct for 1A,F01_1A_FRIDGE_01 (FridgeMonitor),,,,,,,,The review read the GE-pattern drum as an unidentified cabinet; it is the Appliance Bible's monitor-top and 1A is one of the four electric flats,design/ORISON_APPLIANCE_BIBLE.md I,,,Unchanged,verified,"Kept: F01_1A_FRIDGE_01 is FridgeMonitor at e63ce4f6 and at this slice (implementation/slice34/receipts/keep_audit.receipt.json). Verified at WIP 974ee6d2 (implementation/slice34): fabrication batch 0 failures; apartment batch 236 on the long runner; completion 1A 15 waypoints with its pre-existing kitchen-leg failure; roof route 53 waypoints, 0 failures; the two-space sweep 0 failures; the keep audit (receipts/keep_audit.receipt.json) holds for all nine keep items."
F01_A_PRIVATE_HALL-001,F01_A_PRIVATE_HALL,P2,refine,"Hall use evidence (one object, not a kit)",,Against the wall clear of both door swings and the 0.8 m route,,"One native object from an existing family (hamper, hat stand, folded-laundry shelf or boot tray) by the resident's routine","period-appropriate: painted pine, wicker, tin",rub line at hip height where the resident brushes past nightly; floor wear path from bed to bath,,,Accord 14 evidence within two metres; keeps the hall a hall,,,"Door swings, route, bedside/bath approach stances","Threshold view from the main room shows the hall as used, not empty, with the route visibly clear",verified,"A lidded wicker laundry hamper (hamper form) with a linen corner caught under the lid against the east wall at (-5.67, -9.28), clear of every door and opening approach (each opening's span plus 0.15 m, 1.0 m deep), the stances and a 0.85 m route; a completion copy. The hamper's cane panels read as a lidded box rather than a woven basket and the galoshes are plain blocks; finer weave and boot forms are later art. Verified at 2152694f (slice14b) and 4fc1b18d (slice14c, after 2A's and 3A's objects moved to the north end wall out of the door route): the thirteen families pass the fabrication batch (25,826 checks, 0 failures; every hall object bearing inside its hall), apartment batch 236 as before, the apartment door route 45 waypoints and the 4B route 32 with 0 failures, the six completion routes unchanged (1A 15, 1D 25, 2C 9, 3D 16, 4C 9, 4D 12), upper lighting 0 failures, upper furniture 444 identical to slice 13 (slice14base), the eighteen-hall sweep 0 failures; captures in implementation/slice14b and slice14c."
F01_A_BATH-001,F01_A_BATH,P2,refine,Resident bath set for Evelyn Marsh,1A_soap_dish; 1A_hand_towel; 1A_toilet_roll; F01_1A_MIRROR_01 (medicine cabinet),"On the basin rim and the cabinet shelves, inside the existing bath_details supports; towel on the existing rail or on a new 300 mm brass hook beside the basin if no rail exists",,"Small desktop-stock objects in the existing desktop_stock family (max 6 per bathroom), seated by support id, no new owner","porcelain, nickel-plated brass, huckaback cotton; enamel with fine crazing","wiping arc at eye height on the mirror, soap ring on the dish, a chip on the basin rim at the tap side",flush dome as authored; no added light,,"Reads as Evelyn Marsh's routine, not a generic bathroom",game/data/orison_v2/bath_details.json; game/data/orison_v2/household_accessories.json; art/blender/desktop_stock.md,,"TapProp cycle, curtain area, MedicineCabinetProp leaf and the I-key care inspection reach",Detail view from the door shows the set without obstructing the basin stance,proposed,
F01_A_BATH-002,F01_A_BATH,P3,refine,Positional wear and water consequence,,Floor at the receptor edge and the wall at the register,,,existing wet_cloth / local drain finish masks (B4 cloth batch) extended with a 0.4 m water line decal under the curtain hem,"darkened grout line along the receptor, paint lifted below the register, the mop-shadow corner the mop cannot reach",,,Accord 12: wear follows use; Accord 14: consequence within two metres,art/blender/scripts/owner_finish_materials.py (localized drain finish); game/data/orison_v2/owner_finish_profiles.json,E2: inherited patina baked; accrued grime simulated later by section E; author only the inherited layer here,,,proposed,
F01_A_BATH-003,F01_A_BATH,P2,add,Bath rail fitted by the resident,,"On the receptor wall at 0.85 m, 0.45 m long, clear of the curtain travel",,Native brass rail with two rose fixings in the bath_details family,"brass, screw heads painted tile-white",,,,"A senior's own maintenance (Accord 13: her retrofit, her decade)",,,Curtain travel and the shower stance,Detail view at the receptor,proposed,
F01_A_BED-001,F01_A_BED,P1,add,"Dressing table, chair and the pre-war wardrobe contents","existing: 1A_bed, 1A_wardrobe; new: 1A_dressing_table (TableRect05), 1A_bed_chair (ChairDark), 1A_bedside (Nightstand02)",Dressing table under the window with its mirror against the pier; chair at the bed foot with the cardigan over it; nightstand on the door side of the bed,,Shared native furniture variants; the wardrobe's owned garment silhouettes set to long skirts and a toque (household_wardrobes garment set),"oak, a lace runner, a swing mirror",the dressing table top faded in a rectangle where the runner has always been,,,Sleep schedule early (life profile); wardrobe bible silhouette,art/blender/household_wardrobes.md; art/blender/domestic_furniture.md,,Wardrobe leaves and route to the study door,Overview from the main door shows the three pieces and a clear route to the study,verified,"1A_dressing_table (TableRect05) on the west wall beside the bed head (the window wall is taken by the bed foot and the wardrobe), 1A_bed_chair (ChairDark) at the bed foot, 1A_bedside (Nightstand02) on the door side of the head. The wardrobe garment set stays with BW-019. (implementation/slice6/images/F01_A_BED_OV.jpg)"
F01_A_BED-002,F01_A_BED,P2,add,"Bedside: spectacles, a glass with a dosing spoon, the red pencil",new: desktop_stock pieces on 1A_bedside,On the nightstand top,,Three small desktop_stock objects seated by support id,"glass, nickel spoon, cedar pencil",,,,Signature prop and medication routine within arm's reach,,,,Detail view of the nightstand,verified,"On 1A_bedside: folded spectacles (spectacles form) in the back strip and the red pencil (pencil form) along the front edge, beside the nightstand's own glass. The dosing spoon waits for a spoon form. Verified at 82e2fbb9 (slice16) and 42a4a0db (slice16c, the same runtime tree with the surface-stock close-ups made selectable): the thirteen families pass the fabrication batch (26,426 checks, 0 failures; 175 stock assemblies, every new piece bearing on its nightstand or table top clear of the baked book and glass), apartment batch 236 as before, completion routes 1A 15 and 4C 9 as before, upper lighting and the household save owner 0 failures, the seven-space sweep 0 failures; close-ups in implementation/slice16c (1A's nightstand has no clear camera station, so its spectacles and pencil rest on the bearing check alone)."
F01_A_STUDY-001,F01_A_STUDY,P1,add,"Desk, chair and the register shelf","new: 1A_study_desk (work_tables family or TableRect05), 1A_study_chair (ChairDark), 1A_register_shelf (Shelf01)",Desk under the window; shelf on the wall facing the door at 1.2 m; chair between,desk about 1.1 x 0.6 m,Shared native variants; the shelf's bookpile objects from desktop_stock with one register pulled forward 30 mm,"oak, green blotter, foxed cloth bindings",the desk edge worn pale where a wrist rests,flush dome; a candle stub in a tin on the shelf for the 1912 fabric's sake,,Daily loop: mark; story panel: old lesson plans,art/blender/work_tables.md; art/blender/domestic_storage.md; art/blender/desktop_stock.md,,Door swing from the bedroom,Threshold view from the bedroom door reads a study,verified,"1A_study_desk (TableRect05) under the window, 1A_study_chair (ChairDark) tucked in, 1A_register_shelf (Shelf01) on the east wall facing the door; the bookpile stock stays with the desktop_stock items. (implementation/slice6/images/F01_A_STUDY_TH.jpg)"
F01_A_STUDY-002,F01_A_STUDY,P2,add,The 1954 register with one name underlined twice,new: 1A_register_open (desktop_stock papers variant),Open on the desk under the blotter edge,,An open ledger with ruled line decals and one double red underline decal; no letters,,,,,Web II.6 (the Red Pencil) made an object; proposed backstory,design/ORISON_RELATIONSHIP_WEB.md II.6,,,Detail view at the desk shows the double line,verified,"1A_register_open (sheets) on the study desk; the underlined name is lettering and stays off the texture by rule. Verified at dc849111 (slice9e, slice9f) and 266ef28a (slice9g): the thirteen families pass the fabrication batch (24,237 checks, 0 failures; surface stock 3,461 checks with every record bearing on its support, the fifteen prep cabinets with the 1D, 2C and 4C completion copies), apartment batch 236 as before, completion routes 1D 25, 2C 9 and 4C 9 unchanged (the C-plan bath leg), upper lighting 0 failures, upper kitchens 238 as before (the material-binding and three-stance failures are identical at 66994c91, slice9h), the household save owner's 201 controls save and restore (0 failures), the eight-space sweep 0 failures; the resident surfaces are shown in implementation/slice9 (at bc26e9ca) and the kitchens and the 6C vestibule in slice9e."
F01_A_STUDY-003,F01_A_STUDY,P3,add,Tea tins and the trunk of lesson plans,"new: 1A_trunk (crate family), tins (desktop_stock)","Trunk against the wall beside the door, tins stacked on it",,,"tin-plate trunk with brass corners, printed tea tins (colour fields only)",,,,Story panel detail: retirement tea tins and lesson plans,,,,Visible in the reverse view,verified,"Evelyn's trunk of lesson plans (an iron-banded wooden trunk, a larger variant of the suitcase form) stands against the study's north wall clear of the storage door, and two tea tins sit on the study desk beside her open register (1A_lesson_trunk_native, 1A_tea_tin_a_stock). Verified at WIP 974ee6d2 (implementation/slice34): fabrication batch 0 failures; apartment batch 236 on the long runner; completion 1A 15 waypoints with its pre-existing kitchen-leg failure; roof route 53 waypoints, 0 failures; the two-space sweep 0 failures; the keep audit (receipts/keep_audit.receipt.json) holds for all nine keep items."
F01_D_VESTIBULE-001,F01_D_VESTIBULE,P1,add,Entry landing set for Teresa Vale,,"Along the wall opposite the entry door swing, within 0.9 m of the door, leaving the authored route clear",hook strip 0.6 m long at 1.65 m; shelf 0.3 m deep at 1.1 m; mat 0.6 x 0.9 m,Entry kit from the shared desktop_stock / domestic_objects families; hooks and shelf as one native assembly per vestibule variant,"painted pine shelf, iron hooks, coir mat, brass drip tray","scuff fan on the floor inside the door, hand-grime on the door edge at latch height, the wall rubbed by coats at shoulder height",flush dome as authored,,Identify the resident from the threshold (lived-in acceptance criterion),game/data/apartment_life_profiles.json entry_set; art/blender/desktop_stock.md,,"Door swing, 0.8 m route, SwitchPlate reach",Threshold capture from the hall shows the set; door-route test unchanged,verified,"Entry landing set for Teresa Vale: a hall stand (DomesticObject16: backboard with four iron hooks at 1.65 m, shelf at 1.1 m, plinth with a brass drip tray) on the north wall beside the switch (the only wall both leaf swings and the route leave clear; two metres from the door rather than the dossier's 0.9). Deviations: the coir mat and the per-resident hook load wait for a collision-free floor piece and the cloth family. Verified at b8319c79 and e6c97bc1: the twelve rebuilt families pass the fabrication batch with every stand bearing on its floor (implementation/slice8b, after the three D-plan stands were moved inside their vestibules), apartment batch 236 as before, upper lighting 0 failures, both door-route suites and the six completion routes unchanged (1A 15, 1D 25, 2C 9, 3D 16, 4C 9, 4D 12); the vestibule sweeps show the stands (implementation/slice8)."
F01_D_VESTIBULE-002,F01_D_VESTIBULE,P2,add,Building hardware: signal outlet plate and chain guard,new: brass flush signal-outlet plate beside the switch; new: chain door guard on the entry leaf,"Signal plate 0.15 m beside the existing SWITCH anchor at the same height; chain guard on the leaf at 1.5 m, keeper on the jamb",plate 70 x 115 mm; chain 0.3 m,Two small native parts in the fixed_lighting / door hardware families; no interaction,"brass with a dull lacquer, painted over at one screw",,,,Bible VIII.3: every room has a signal point beside the power socket; Accord 11: one anchor painted over,art/blender/light_switch.md; art/blender/door_knob_set.md,,,Visible in the threshold view at eye height,verified,"The brass signal-outlet plate beside the switch came with BW-013 (slice 6); the chain door guard is on the entry leaf's apartment face: slotted plate by the latch stile, anchor plate and unhooked chain beside it (slice 10). Verified at d38ba7ac (slice10, slice10b): the thirteen families pass the fabrication batch (24,276 checks, 0 failures; seating 51 actors with the two armchairs, 1A's captured natively), door casings and fitted door fabric 0 failures, door hinges 10 as before (the 105-door count and one leaf's knuckles, identical at 6d99760d, slice10c), both door-route suites unchanged (45 and 32 waypoints, 0 failures), completion route 1A 15 waypoints as before (the kitchen leg), apartment batch 236 as before, upper lighting 0 failures, the seven-space sweep 0 failures; the chain guards are shown at the vestibule thresholds and the armchairs in F05_B_MAIN and F01_A_MAIN (implementation/slice10)."
F01_D_VESTIBULE-003,F01_D_VESTIBULE,P2,add,The quiet sign near departure,,"On the wall beside the entry door at 1.4 m, the first thing seen leaving",0.2 x 0.15 m,A small card in a frame with a single hand-drawn stroke (no lettering) and a hook under it for the fob watch,,,,,Decor profile: the quiet sign near departure; the fob watch lives here when she is home (wardrobe bible),,,,Threshold view from the service hall shows card and hook,proposed,
F01_D_MAIN-001,F01_D_MAIN,P1,remove,Remove the seamstress copies,"1D_fabric_worktable (TableRect05); 1D_story_pattern_board; 1D_fabric_shelf_01, 1D_fabric_shelf_02 (private hall)",n/a,,Delete the 2B-template records from completion_interiors source for 1D and re-project,,,,,A night nurse's flat must not read as a seamstress's; Lena's trade belongs to 2B alone,art/data/orison_v2/completion_interiors_source.json; tools/build_v2_authoring_projection.py,,"Route, radiator, radio table",Overview shows no cutting table or pattern board,verified,"Done in slice 2 with BW-002: 1D carries no fabric worktable, pattern board or hall shelves (completion source lists wc, bed, wardrobe, sink support, dining set, cupboard, wireless table)."
F01_D_MAIN-002,F01_D_MAIN,P1,add,The night station,"new: 1D_daybed (domestic_seating sofa variant Sofa195 with a blanket); new: 1D_alarm_drawer (small chest, domestic_storage); existing: 1D_wireless_table, 1D_din_t, chairs",Daybed along the wall away from the window; chest beside its head; wireless table as the thermos station at the daybed's foot; dining table against the window pier with one chair,,Shared native variants; a folded blanket and uniform apron silhouettes from the cloth family,"moquette, grey army blanket, deal chest",the daybed cushion crushed at one end only; a ring on the chest top from the thermos,pendant as authored; the blackout blind on the window (W-GLAZE family) down,,Life profile: office becomes night_shift_station; sleep_schedule days,game/data/apartment_life_profiles.json; art/blender/domestic_furniture.md; art/blender/wet_cloth / cloth batch (B4),,Radiator reach and the opening to the hall,Overview from the vestibule reads a day-sleeper's room,verified,"1D_daybed (Sofa195) along the north wall away from the window with 1D_alarm_chest (Nightstand02, the nearest shared variant to a deal chest) at its head; the dining table turned to the window pier with one chair (1D_din_dc2 retired). The wireless table stays on the south wall where BW-011 put the radio with its stance; the blanket and apron silhouettes wait for the cloth family. (implementation/slice6/images/F01_D_MAIN_OV.jpg; the 1D route passes all 25 waypoints)"
F01_D_MAIN-003,F01_D_MAIN,P1,add,Domestic radio for 1D,new: DomesticRadio_1D on 1D_wireless_table,On the existing wireless table,,"DomesticRadio family, support id 1D_wireless_table",,,,,Six homes have no radio; the Bible gives everyone sound,game/data/orison_v2/domestic_radios.json,,,Radio present and operable,verified,Done by BW-011 in slice 2: DomesticRadio_1D on 1D_wireless_table (implementation/slice2).
F01_D_MAIN-004,F01_D_MAIN,P2,add,The call bell she cannot unplug,"new: 1D_house_bell (fixed wall bell, Bakelite dome on a brass base) with cloth flex to the signal outlet","High on the hall-opening wall at 2.2 m, flex running visibly down to the signal plate",dome 0.1 m,Small native part in the fixed_lighting / signal family; no light; INSPECT card only,"Bakelite, brass, cloth flex gone grey",the flex taped where she tried to cut it,,,"Life profile contradiction: blackout curtains, and a bell she cannot unplug; proposed backstory: a 1912 Vantry house bell",design/ORISON_BIBLE.md VIII.3; game/data/apartment_life_profiles.json,,,Detail view at the opening wall shows bell and flex; no sound added here (the case owns it),proposed,
F01_D_MAIN-005,F01_D_MAIN,P2,add,Thermos station and half-finished meal,"new: desktop_stock: dented vacuum flask, a plate under a cloth, a nickel kettle on the table",On the wireless table and the dining table,,,"dented nickel, enamel plate, muslin",,,,Story panel: thermos station; lived-in brief: exhausted half-finished meal,,,,Detail views of both tables,verified,"1D_flask (vacuum flask), 1D_plate and 1D_kettle on the dining table by the window pier; the cloth over the plate waits for the cloth family. Verified at dc849111 (slice9e, slice9f) and 266ef28a (slice9g): the thirteen families pass the fabrication batch (24,237 checks, 0 failures; surface stock 3,461 checks with every record bearing on its support, the fifteen prep cabinets with the 1D, 2C and 4C completion copies), apartment batch 236 as before, completion routes 1D 25, 2C 9 and 4C 9 unchanged (the C-plan bath leg), upper lighting 0 failures, upper kitchens 238 as before (the material-binding and three-stance failures are identical at 66994c91, slice9h), the household save owner's 201 controls save and restore (0 failures), the eight-space sweep 0 failures; the resident surfaces are shown in implementation/slice9 (at bc26e9ca) and the kitchens and the 6C vestibule in slice9e."
F01_D_KITCHEN-001,F01_D_KITCHEN,P1,refine,Kitchen set for Teresa Vale,1D_prep_cabinet; 1D_k_wall_cupboard; F01_1D_STOVE_01; F01_1D_FRIDGE_01; F01_1D_KITCHEN_SINK_01,"On the preparation cabinet top, the drainboard, the range's cold side and the icebox top, within the existing support ids; nothing on the floor in the cross-passage",,"Surface props from desktop_stock (mugs, dishrack, jars, tins, bread board) selected per kitchen_set; at most 8 pieces, merged per family","enamel (tenant-specific variant), tin, glass jars, porcelain, oilcloth on the cabinet top","grease film on the wall behind the range at splash height, a scorched ring on the cabinet top beside the range, worn oilcloth at the working edge",as authored; the range's pilot is the only new glow and only where the resident cooks,,Appliance Bible III: the appliance that tells the truth about the tenant,design/ORISON_APPLIANCE_BIBLE.md; game/data/orison_v2/domestic_surface_props.json; art/blender/desktop_stock.md,,"StoveProp oven leaf, FridgeProp leaf and ice door, TapProp cycle, toaster carriage and crumb pan, prep cabinet slide, kitchen cross-passage",Overview shows the set from the kitchen opening; no prop within the oven or fridge door sweep,verified,"thermos_and_leftovers: mug and rack on the drainboard; kettle, tin and plate on the prep cabinet. Surface-stock records on the sink or prep cabinet support, within the dossier's eight-piece cap; grease film, scorch ring and oilcloth wear stay with the finish pass. Verified at 333c8041: the surface-stock fabrication validator passes 2,644 checks with the 107 records mounted (implementation/slice7/receipts/fabrication_shots__batch.json), the prep-cabinet and toaster validators stay clean, the apartment batch keeps the slice-2 count (236) and upper lighting 0 failures; the kitchen sweeps show the pieces (implementation/slice7). Slice 9 found this home had the prep cabinet anchor but no cabinet consumer, so its cabinet pieces hung in the air; the cabinet is now mounted as a completion copy and the pieces stand on it (implementation/slice9b)."
F01_D_KITCHEN-002,F01_D_KITCHEN,P2,add,Ice card and drip tray evidence,F01_1D_FRIDGE_01,Ice card in the kitchen window's lower pane facing out (icebox units); zinc drip tray on the floor under the icebox with a water tide line,,Card as Label3D-free coloured rectangle with the number as a painted numeral quadrant (no lettering in texture); tray as a desktop-stock piece,"card stock, zinc",the tray's tide line and a rust bloom at one corner,,,Bible VIII.5.a: which number is showing is a fact about that household,design/ORISON_BIBLE.md VIII.5.a,,,Visible in the reverse view; the tray does not enter the fridge door stance,verified,"1D_drip_tray: a zinc drip pan holding a skin of water (driptray form) on the floor under the icebox, between its feet with the front lip showing, clear of the door stance and the door's swing. The ice card in the window pane waits for a window-pane support (the panes belong to the shell, not a furniture actor). Verified at 4444e1e1 (slice22) and db14e977 (slice22b, the 6A backdrop narrowed): the thirteen families pass the fabrication batch (28,045 checks, 0 failures; 206 stock assemblies, every pan bearing on the floor between its icebox's feet), apartment batch 236 as before, the six completion routes unchanged (1A 15, 1D 25, 2C 9, 3D 16, 4C 9, 4D 12), upper lighting and the household save owner 0 failures, upper kitchens 238 with the baseline's labels, the fourteen-kitchen sweep 0 failures; close-ups in implementation/slice22."
F01_D_KITCHEN-003,F01_D_KITCHEN,P1,add,The silenced alarm clock on the icebox top,new: 1D_alarm_clock (desktop_stock) on F01_1D_FRIDGE_01,"Icebox top, back corner, face to the wall",0.1 m dial,A folding travelling alarm or bell-top clock from the desktop_stock family; INSPECT card; no signal (it is a wound clock),"nickel case, cream dial without numerals",,,,Life profile hero object and Appliance Bible III line,game/data/apartment_life_profiles.json,,Fridge leaf and ice door travel,Detail view at the icebox shows the clock turned away,verified,"1D_alarm_clock on the icebox top of F01_1D_FRIDGE_01 (nickel case, two bells, face turned to the room). Verified at dc849111 (slice9e, slice9f) and 266ef28a (slice9g): the thirteen families pass the fabrication batch (24,237 checks, 0 failures; surface stock 3,461 checks with every record bearing on its support, the fifteen prep cabinets with the 1D, 2C and 4C completion copies), apartment batch 236 as before, completion routes 1D 25, 2C 9 and 4C 9 unchanged (the C-plan bath leg), upper lighting 0 failures, upper kitchens 238 as before (the material-binding and three-stance failures are identical at 66994c91, slice9h), the household save owner's 201 controls save and restore (0 failures), the eight-space sweep 0 failures; the resident surfaces are shown in implementation/slice9 (at bc26e9ca) and the kitchens and the 6C vestibule in slice9e."
F01_D_KITCHEN-004,F01_D_KITCHEN,P2,refine,Sourceless blue-white light on the range top,F01_1D_STOVE_01 ambient / a stray light,,,,,,,,Review: an unexplained blue-white light on the range top; Accord 15,,,,Range detail without the glow,proposed,
F01_D_BED-001,F01_D_BED,P1,add,Blackout and the uniform on the door,"existing: 1D_abed, 1D_aw_wardrobe; new: blackout blanket over the blind (cloth family), uniform silhouette on the wardrobe leaf, 1D_bed_chair (ChairDark)",Blanket pinned across the window head; uniform hung on the wardrobe's outer leaf; chair at the bed foot,,Cloth family pieces with sewn edges (B4); the wardrobe garment set navy and starched white,"navy wool cape lining showing scarlet, grey-blue cotton, a grey blanket","the blind's cord worn, the blanket's pins rusting the wall",flush dome; the room is dark by design in daylight,,Sleep schedule days; wardrobe bible late-night state,art/blender/household_wardrobes.md; game/data/apartment_life_profiles.json,,"Wardrobe leaves, bed stance",Overview with the blind down reads as a day-sleeper's room,verified,1D_bed_chair (ChairDark) at the bed foot. The blackout blanket and the uniform on the leaf need the cloth family and the wardrobe garment set (BW-019) and stay open. (implementation/slice6/images/F01_D_BED_OV.jpg)
F01_D_BED-002,F01_D_BED,P2,add,Bedside with the fob watch hook and ear plugs,"new: 1D_bedside (Nightstand01) with desktop_stock: a saucer of wax ear plugs, a glass, the fob watch on a hook",Nightstand on the window side of the bed,,,"deal, nickel",,,,Wardrobe bible: she times things without deciding to; the quiet beside the bed,,,,Detail view of the nightstand,verified,"1D's bedside is a Nightstand01 completion copy at the head of the bed under the window, the bed chair moved to the window corner to make room; on it a saucer of wax ear plugs and the fob watch hung on its little brass stand, beside the nightstand's own glass (implementation/slice31b/images/F01_D_BED_DT3). Verified at WIP 54f7aee1 (implementation/slice31b): fabrication batch 0 failures (rerun_c: the 1D and 3D bedroom close-ups found no clear camera station, so the rerun captures only the jersey, overalls and organizer); apartment batch 236 on the long runner (the batch now exceeds the 180 s serial ceiling); household state 154 checks, 0 failures; completion 1D 25 waypoints, 0 failures; 3D 16 and 4C 9 with their pre-existing kitchen-leg failure; upper lighting 0 failures; upper furniture 488 against 484 at 40110d19, the four new failures being new stock meshes in the suite's pre-existing material-binding check; the five-room sweep 0 failures."
F01_D_PRIVATE_HALL-001,F01_D_PRIVATE_HALL,P2,refine,"Hall use evidence (one object, not a kit)",,Against the wall clear of both door swings and the 0.8 m route,,"One native object from an existing family (hamper, hat stand, folded-laundry shelf or boot tray) by the resident's routine","period-appropriate: painted pine, wicker, tin",rub line at hip height where the resident brushes past nightly; floor wear path from bed to bath,,,Accord 14 evidence within two metres; keeps the hall a hall,,,"Door swings, route, bedside/bath approach stances","Threshold view from the main room shows the hall as used, not empty, with the route visibly clear",verified,"A galvanised boot tray with a pair of rubber galoshes and dried mud (boottray form) against the west wall at (13.07, -4.58), clear of every door and opening approach (each opening's span plus 0.15 m, 1.0 m deep), the stances and a 0.85 m route; a completion copy. The hamper's cane panels read as a lidded box rather than a woven basket and the galoshes are plain blocks; finer weave and boot forms are later art. Verified at 2152694f (slice14b) and 4fc1b18d (slice14c, after 2A's and 3A's objects moved to the north end wall out of the door route): the thirteen families pass the fabrication batch (25,826 checks, 0 failures; every hall object bearing inside its hall), apartment batch 236 as before, the apartment door route 45 waypoints and the 4B route 32 with 0 failures, the six completion routes unchanged (1A 15, 1D 25, 2C 9, 3D 16, 4C 9, 4D 12), upper lighting 0 failures, upper furniture 444 identical to slice 13 (slice14base), the eighteen-hall sweep 0 failures; captures in implementation/slice14b and slice14c."
F01_D_PRIVATE_HALL-002,F01_D_PRIVATE_HALL,P1,remove,Remove 2B's fabric shelves,1D_fabric_shelf_01; 1D_fabric_shelf_02,,,,,,,,Seamstress storage does not belong in the nurse's hall,art/data/orison_v2/completion_interiors_source.json,,,"Hall shows a hamper, not fabric shelves",implemented,The 1D_fabric_shelf_01/02 anchors removed (they had no furniture consumer; the review's shelves were the baked template surfaces).
F01_D_BATH-001,F01_D_BATH,P2,refine,Resident bath set for Teresa Vale,1D_soap_dish; 1D_hand_towel; 1D_toilet_roll; F01_1D_MIRROR_01 (medicine cabinet),"On the basin rim and the cabinet shelves, inside the existing bath_details supports; towel on the existing rail or on a new 300 mm brass hook beside the basin if no rail exists",,"Small desktop-stock objects in the existing desktop_stock family (max 6 per bathroom), seated by support id, no new owner","porcelain, nickel-plated brass, huckaback cotton; enamel with fine crazing","wiping arc at eye height on the mirror, soap ring on the dish, a chip on the basin rim at the tap side",flush dome as authored; no added light,,"Reads as Teresa Vale's routine, not a generic bathroom",game/data/orison_v2/bath_details.json; game/data/orison_v2/household_accessories.json; art/blender/desktop_stock.md,,"TapProp cycle, curtain area, MedicineCabinetProp leaf and the I-key care inspection reach",Detail view from the door shows the set without obstructing the basin stance,proposed,
F01_D_BATH-002,F01_D_BATH,P3,refine,Positional wear and water consequence,,Floor at the receptor edge and the wall at the register,,,existing wet_cloth / local drain finish masks (B4 cloth batch) extended with a 0.4 m water line decal under the curtain hem,"darkened grout line along the receptor, paint lifted below the register, the mop-shadow corner the mop cannot reach",,,Accord 12: wear follows use; Accord 14: consequence within two metres,art/blender/scripts/owner_finish_materials.py (localized drain finish); game/data/orison_v2/owner_finish_profiles.json,E2: inherited patina baked; accrued grime simulated later by section E; author only the inherited layer here,,,proposed,
F01_D_BATH-003,F01_D_BATH,P2,add,Collar and cuffs soaking; towel over the window,new: desktop_stock soaking bowl with collar silhouettes; cloth family towel pegged on the window,Bowl in the basin; towel across the window head,,,"starched linen, huckaback",,,,Wardrobe bible: unpinning them is a decision; sleep schedule,,,Basin stance and tap cycle,Detail at the basin,proposed,
F02_LANDING-001,F02_LANDING,P2,add,Landing notice and the building's paper trail,,"On the core wall beside the floor plate at 1.5 m, clear of the rail",notice frame 0.35 x 0.45 m,"One framed notice board (Label3D text) per core level: the 1928 house rules on the public side, the service notice on the service side","oak frame, glass, foxed paper",a corner of the glass cracked and taped,,,Bible VIII.5.h: the paper trail begins in 1928; Nadia's memos signed Management need a place to be posted,design/ORISON_BIBLE.md VIII.5.h; game/data/resident_schedules.json (Nadia posts the tenant memo Mon/Wed/Fri),,,Readable by the service lamp from the landing,proposed,
F02_LANDING-002,F02_LANDING,P3,refine,Stair wear and the one unique landing piece,,Tread noses and the half-landing wall,,,honed stair marble (art/blender/stair_honed.md) with inherited dishing; one framed piece per half-landing (punchlist: each of the seven landings needs a unique piece),"dished treads, rail gold at hand height, paint rubbed at the turn",,,Accord 12 and the open punchlist row,,,Stair ironwork and tread collision,Reverse view up the flight shows the dishing read against the lamp,proposed,
F02_WEST_HALL-001,F02_WEST_HALL,P2,add,Door-threshold evidence per unit,,"At each apartment door on the hall side: a mat, a milk bottle or a parcel per the resident's routine, within 0.5 m of the jamb and outside the swing",,"One native object per door from the desktop_stock family (coir mat variants, a milk bottle pair, a string-tied parcel, a folded newspaper)","coir, glass, brown paper","the mat's worn centre, the floor varnish gone at the threshold",,,"The hall tells you who lives behind each door before you knock (schedules: milk, parcels, Evelyn's corrected notices)",game/data/resident_schedules.json; design/CLAUDE_APARTMENT_LIVED_IN_PASS.md,,"Door swings, the 1.2 m hall route, resident yield radius",Overview from the landing reads at least two different households from their thresholds,proposed,
F02_WEST_HALL-002,F02_WEST_HALL,P3,refine,Positional hall wear,,Floor centreline and the corner the mop cannot reach; wall at trolley height beside the lift,,,existing public floor finish (A02) with an inherited wear mask only,"centreline dulling, a mop-shadow in the corner, the wall scuffed at 0.6 m by the porter's trolley",,,Accord 12,,E2: inherited layer only; accrued grime belongs to section E,,Reverse view shows the wear path aligned with the actual door positions,proposed,
F02_SOUTHWEST_HALL-001,F02_SOUTHWEST_HALL,P2,add,Door-threshold evidence per unit,,"At each apartment door on the hall side: a mat, a milk bottle or a parcel per the resident's routine, within 0.5 m of the jamb and outside the swing",,"One native object per door from the desktop_stock family (coir mat variants, a milk bottle pair, a string-tied parcel, a folded newspaper)","coir, glass, brown paper","the mat's worn centre, the floor varnish gone at the threshold",,,"The hall tells you who lives behind each door before you knock (schedules: milk, parcels, Evelyn's corrected notices)",game/data/resident_schedules.json; design/CLAUDE_APARTMENT_LIVED_IN_PASS.md,,"Door swings, the 1.2 m hall route, resident yield radius",Overview from the landing reads at least two different households from their thresholds,proposed,
F02_SOUTHWEST_HALL-002,F02_SOUTHWEST_HALL,P3,refine,Positional hall wear,,Floor centreline and the corner the mop cannot reach; wall at trolley height beside the lift,,,existing public floor finish (A02) with an inherited wear mask only,"centreline dulling, a mop-shadow in the corner, the wall scuffed at 0.6 m by the porter's trolley",,,Accord 12,,E2: inherited layer only; accrued grime belongs to section E,,Reverse view shows the wear path aligned with the actual door positions,proposed,
F02_PUBLIC_CORE-001,F02_PUBLIC_CORE,P2,add,Landing notice and the building's paper trail,,"On the core wall beside the floor plate at 1.5 m, clear of the rail",notice frame 0.35 x 0.45 m,"One framed notice board (Label3D text) per core level: the 1928 house rules on the public side, the service notice on the service side","oak frame, glass, foxed paper",a corner of the glass cracked and taped,,,Bible VIII.5.h: the paper trail begins in 1928; Nadia's memos signed Management need a place to be posted,design/ORISON_BIBLE.md VIII.5.h; game/data/resident_schedules.json (Nadia posts the tenant memo Mon/Wed/Fri),,,Readable by the service lamp from the landing,proposed,
F02_PUBLIC_CORE-002,F02_PUBLIC_CORE,P3,refine,Stair wear and the one unique landing piece,,Tread noses and the half-landing wall,,,honed stair marble (art/blender/stair_honed.md) with inherited dishing; one framed piece per half-landing (punchlist: each of the seven landings needs a unique piece),"dished treads, rail gold at hand height, paint rubbed at the turn",,,Accord 12 and the open punchlist row,,,Stair ironwork and tread collision,Reverse view up the flight shows the dishing read against the lamp,proposed,
F02_EAST_HALL-001,F02_EAST_HALL,P2,add,Door-threshold evidence per unit,,"At each apartment door on the hall side: a mat, a milk bottle or a parcel per the resident's routine, within 0.5 m of the jamb and outside the swing",,"One native object per door from the desktop_stock family (coir mat variants, a milk bottle pair, a string-tied parcel, a folded newspaper)","coir, glass, brown paper","the mat's worn centre, the floor varnish gone at the threshold",,,"The hall tells you who lives behind each door before you knock (schedules: milk, parcels, Evelyn's corrected notices)",game/data/resident_schedules.json; design/CLAUDE_APARTMENT_LIVED_IN_PASS.md,,"Door swings, the 1.2 m hall route, resident yield radius",Overview from the landing reads at least two different households from their thresholds,proposed,
F02_EAST_HALL-002,F02_EAST_HALL,P3,refine,Positional hall wear,,Floor centreline and the corner the mop cannot reach; wall at trolley height beside the lift,,,existing public floor finish (A02) with an inherited wear mask only,"centreline dulling, a mop-shadow in the corner, the wall scuffed at 0.6 m by the porter's trolley",,,Accord 12,,E2: inherited layer only; accrued grime belongs to section E,,Reverse view shows the wear path aligned with the actual door positions,proposed,
F02_SERVICE_CROSSING-001,F02_SERVICE_CROSSING,P2,add,Maintenance evidence on the service spine,,"On the riser cluster wall and the floor against it, outside the 1.2 m route",,"Chalk valve marks (decal), a pipe tag per riser (Label3D), one crate, one coiled hose on a bracket; nothing on the route","chalk, card tags on wire, pine crate, rubber hose","drip stain under the valve, a boot scuff where the super stands",,,Accord 11 and 13: every pipe terminates and reads as a timeline; the super's rounds leave marks,art/blender/heating_distribution.md; art/blender/duct_supports.md; game/data/resident_schedules.json (Omar's rounds 08:00-12:00),,"Service route, dumbwaiter approach, door swings",Threshold view from the crossing shows marked pipes and a clear route,proposed,
F02_SERVICE_HALL-001,F02_SERVICE_HALL,P2,add,Maintenance evidence on the service spine,,"On the riser cluster wall and the floor against it, outside the 1.2 m route",,"Chalk valve marks (decal), a pipe tag per riser (Label3D), one crate, one coiled hose on a bracket; nothing on the route","chalk, card tags on wire, pine crate, rubber hose","drip stain under the valve, a boot scuff where the super stands",,,Accord 11 and 13: every pipe terminates and reads as a timeline; the super's rounds leave marks,art/blender/heating_distribution.md; art/blender/duct_supports.md; game/data/resident_schedules.json (Omar's rounds 08:00-12:00),,"Service route, dumbwaiter approach, door swings",Threshold view from the crossing shows marked pipes and a clear route,proposed,
F02_SERVICE_HALL_SOUTH-001,F02_SERVICE_HALL_SOUTH,P2,add,Maintenance evidence on the service spine,,"On the riser cluster wall and the floor against it, outside the 1.2 m route",,"Chalk valve marks (decal), a pipe tag per riser (Label3D), one crate, one coiled hose on a bracket; nothing on the route","chalk, card tags on wire, pine crate, rubber hose","drip stain under the valve, a boot scuff where the super stands",,,Accord 11 and 13: every pipe terminates and reads as a timeline; the super's rounds leave marks,art/blender/heating_distribution.md; art/blender/duct_supports.md; game/data/resident_schedules.json (Omar's rounds 08:00-12:00),,"Service route, dumbwaiter approach, door swings",Threshold view from the crossing shows marked pipes and a clear route,proposed,
F02_SERVICE_CORE-001,F02_SERVICE_CORE,P2,add,Landing notice and the building's paper trail,,"On the core wall beside the floor plate at 1.5 m, clear of the rail",notice frame 0.35 x 0.45 m,"One framed notice board (Label3D text) per core level: the 1928 house rules on the public side, the service notice on the service side","oak frame, glass, foxed paper",a corner of the glass cracked and taped,,,Bible VIII.5.h: the paper trail begins in 1928; Nadia's memos signed Management need a place to be posted,design/ORISON_BIBLE.md VIII.5.h; game/data/resident_schedules.json (Nadia posts the tenant memo Mon/Wed/Fri),,,Readable by the service lamp from the landing,proposed,
F02_SERVICE_CORE-002,F02_SERVICE_CORE,P3,refine,Stair wear and the one unique landing piece,,Tread noses and the half-landing wall,,,honed stair marble (art/blender/stair_honed.md) with inherited dishing; one framed piece per half-landing (punchlist: each of the seven landings needs a unique piece),"dished treads, rail gold at hand height, paint rubbed at the turn",,,Accord 12 and the open punchlist row,,,Stair ironwork and tread collision,Reverse view up the flight shows the dishing read against the lamp,proposed,
F02_SERVICE_CORE-003,F02_SERVICE_CORE,P1,refine,Service core shows the public marble stair and no lift,F02_SERVICE_CORE stair finish; service lift landing doors,,,,,,,,Review: the service stair reuses the public marble and iron; the service lift landing is absent. See BW-006,,,,Core OV shows a plain service stair and the lift landing,proposed,
F02_A_VESTIBULE-001,F02_A_VESTIBULE,P1,add,Entry landing set for Mina Vale,,"Along the wall opposite the entry door swing, within 0.9 m of the door, leaving the authored route clear",hook strip 0.6 m long at 1.65 m; shelf 0.3 m deep at 1.1 m; mat 0.6 x 0.9 m,Entry kit from the shared desktop_stock / domestic_objects families; hooks and shelf as one native assembly per vestibule variant,"painted pine shelf, iron hooks, coir mat, brass drip tray","scuff fan on the floor inside the door, hand-grime on the door edge at latch height, the wall rubbed by coats at shoulder height",flush dome as authored,,Identify the resident from the threshold (lived-in acceptance criterion),game/data/apartment_life_profiles.json entry_set; art/blender/desktop_stock.md,,"Door swing, 0.8 m route, SwitchPlate reach",Threshold capture from the hall shows the set; door-route test unchanged,verified,"Entry landing set for Mina Vale: a hall stand (DomesticObject16: backboard with four iron hooks at 1.65 m, shelf at 1.1 m, plinth with a brass drip tray) on the south wall, clear of the entry leaf's swing and the living-room opening. Deviations: the coir mat and the per-resident hook load wait for a collision-free floor piece and the cloth family. Verified at b8319c79 and e6c97bc1: the twelve rebuilt families pass the fabrication batch with every stand bearing on its floor (implementation/slice8b, after the three D-plan stands were moved inside their vestibules), apartment batch 236 as before, upper lighting 0 failures, both door-route suites and the six completion routes unchanged (1A 15, 1D 25, 2C 9, 3D 16, 4C 9, 4D 12); the vestibule sweeps show the stands (implementation/slice8)."
F02_A_VESTIBULE-002,F02_A_VESTIBULE,P2,add,Building hardware: signal outlet plate and chain guard,new: brass flush signal-outlet plate beside the switch; new: chain door guard on the entry leaf,"Signal plate 0.15 m beside the existing SWITCH anchor at the same height; chain guard on the leaf at 1.5 m, keeper on the jamb",plate 70 x 115 mm; chain 0.3 m,Two small native parts in the fixed_lighting / door hardware families; no interaction,"brass with a dull lacquer, painted over at one screw",,,,Bible VIII.3: every room has a signal point beside the power socket; Accord 11: one anchor painted over,art/blender/light_switch.md; art/blender/door_knob_set.md,,,Visible in the threshold view at eye height,verified,"The brass signal-outlet plate beside the switch came with BW-013 (slice 6); the chain door guard is on the entry leaf's apartment face: slotted plate by the latch stile, anchor plate and unhooked chain beside it (slice 10). Verified at d38ba7ac (slice10, slice10b): the thirteen families pass the fabrication batch (24,276 checks, 0 failures; seating 51 actors with the two armchairs, 1A's captured natively), door casings and fitted door fabric 0 failures, door hinges 10 as before (the 105-door count and one leaf's knuckles, identical at 6d99760d, slice10c), both door-route suites unchanged (45 and 32 waypoints, 0 failures), completion route 1A 15 waypoints as before (the kitchen leg), apartment batch 236 as before, upper lighting 0 failures, the seven-space sweep 0 failures; the chain guards are shown at the vestibule thresholds and the armchairs in F05_B_MAIN and F01_A_MAIN (implementation/slice10)."
F02_A_VESTIBULE-003,F02_A_VESTIBULE,P2,add,The out-tray of filed receipts,,"On the vestibule shelf, square to its edge",,One papers-family stack with a paper-clip stroke,,,,,"Schedules: receipt kept and filed, 13:30 sharp",,,,Visible in the threshold view,verified,"2A_out_tray: a dark wooden out-tray holding a stack of filed receipts (outtray form) square on the hall stand's shelf. Verified at 3ee31793 (slice24: apartment batch 236, the apartment door route 45 waypoints with 0 failures, completion route 3D 16 as before, upper lighting and the household save owner 0 failures, the five-space sweep 0 failures) and at 2c52a53e (slice24c, the light table withdrawn and the upper-kitchen material check scoped to the cabinets: fabrication 28,545 checks with 0 failures, every piece bearing on its support; upper kitchens 206 with the baseline's three stance labels); captures in implementation/slice24."
F02_A_MAIN-001,F02_A_MAIN,P1,refine,Replace the wire shelving with labelled closed storage,"2A_shelf0, 2A_shelf1, 2A_shelf2 (Shelf04)",Same three anchors against the west pier wall; same footprint,"as installed (about 0.9 x 0.4 m, 1.8 m high)",Swap the Shelf04 variant to a closed oak shelf unit variant from domestic_storage with box rows (desktop_stock box family) and label rectangles facing out,"oak, grey card boxes, white label rectangles",finger-grime at the box pulls only on the top two rows (the ones she uses nightly),,,Wire shelving reads post-1950; a court reporter's archive is boxed and labelled (life profile: labeled_everything; decor profile: do not cover storage she uses nightly),art/blender/domestic_storage.md; art/blender/desktop_stock.md,,The three anchor positions and the route along the shelves,Overview shows three matching labelled units; no wire,verified,"Rows of seven labelled box files (fileboxes form: cloth-covered boxes in navy, green, burgundy and brown, a blank paper label and a brass pull on each) on the clear upper boards of 2A_shelf0, 2A_shelf1 and 2A_shelf2, labels facing the room, so the three units read as matching labelled storage. Deviations: the units keep their oak frames (the BW-003 posts already replaced the wire) and their own bins and tins on the lower boards; the labels are blank (no lettering in textures). Verified at ccdf39bf (slice20): the thirteen families pass the fabrication batch (27,601 checks, 0 failures; objects 86, stock 192, the rail and print line on their actual wall faces, the box files on the clear boards), apartment batch 236 as before, upper lighting and the household save owner 0 failures, the two-space sweep 0 failures; close-ups in implementation/slice20."
F02_A_MAIN-002,F02_A_MAIN,P1,add,The caption wall,new: 2A_caption_wall (pinboard-family board 1.2 x 0.9 m) with card rectangles and strings; one blank card,"On the wall between the two west windows at 1.4 m, on the axis from the bedroom desk through the hall door to the window pier",,"One pinboard owner (FurnitureInteractionPass, single tack target) with 24 card rectangles in rows and one empty card; red thread decals linking cards; no lettering","cork, index card, red thread",a pale rectangle where a card was moved,,,"Decor profile: captions visible from the desk, one confrontational axis; proposed backstory: the one blank card is the four seconds",design/resident_decor_profiles.json; design/PROP_SET_INTERACTION_MATRIX.md pinboard row,,"Case 01 owners (F02_A_MONITOR_01, F02_A_CAPTION_WORK_ZONE, Vantry point, calibrator, letter) untouched; WallArtLaw hook",Detail view from the hall door shows the board centred between the windows,verified,"2A_caption_wall: a 1.2 x 0.9 m pinboard (24 cards in rows) on the west wall between the two windows. Deviations: it hangs above 2A_shelf1 (bottom 1.62 m, centre 2.07 m) because the shelf stands 1.6 m tall on that wall; the red threads and the one deliberately blank card wait for a thread form and a card-level distinction. Verified at 260cffe6 (slice15): the thirteen families pass the fabrication batch (26,116 checks, 0 failures; objects 78 actors, every frame, canvas and board bearing on its actual wall face), apartment batch 236 as before, upper lighting 0 failures, completion route 3D 16 waypoints as before, the household save owner 0 failures, the five-space sweep 0 failures; captures in implementation/slice15."
F02_A_MAIN-003,F02_A_MAIN,P1,refine,The unlabelled box in plain sight,existing hero object conspicuously_unlabeled_box (life profile) if instantiated; else new desktop_stock box,"Lowest shelf of 2A_shelf1, front edge, blank face forward, 10 mm proud of the row",,Same box family as the labelled rows with no label rectangle; INSPECT card per the matrix; no second state owner,,,,,Life profile hero object and Case 01 dialogue anchor,game/data/apartment_life_profiles.json; design/lived_in_pass.md (hero object triple duty),,MinaCaseGameplay dialogue anchor if already bound,Detail view of the shelf row reads the one blank box,verified,"2A_plain_box: a blank card carton (carton form) on 2A_shelf1's middle board, flush with the front edge (the bearing rule refuses a 10 mm overhang; the two lower boards are full of the shelf's own bins and tins), blank face forward. The life profile's hero object conspicuously_unlabeled_box has no instantiating owner, so no INSPECT card is bound; the shelf row it should stand proud of arrives with F02_A_MAIN-001. Verified at ec25cca0 (slice11b; slice11 is the first run, red on the two placements fixed here): the thirteen families pass the fabrication batch (24,724 checks, 0 failures; tables 72, storage 50 and objects 36 actors with the copies, surface stock 3,708 checks with every record bearing on its support, the reel boxes on the clear boards), apartment batch 236 as before, upper lighting 0 failures, the household save owner's 201 controls unchanged (0 failures), the four-space sweep 0 failures; the rooms are shown in implementation/slice11b."
F02_A_MAIN-004,F02_A_MAIN,P2,add,Cable discipline,"new: cloth flex runs from the radio, projector and deck to the brass signal outlet and a floor outlet, tied at 0.3 m intervals",Along the skirting from each device to the plate beside F02_A_MAIN_SWITCH,,Static cable family (task_lamp_supply materials) with cord clips,"cloth-braided flex (good flat: coloured silk flex, Bible VIII.4)",,,,Life profile surface set cable_discipline; wealth reads through wiring,game/data/orison_v2/task_lamp_supply.json,,,Detail view at the radio shows the flex to the plate,proposed,
F02_A_MAIN-005,F02_A_MAIN,P2,add,Rug and the sofa's two cushions,"new: 2A_rug (floor cloth family, 2.4 x 1.6 m); 2A_sofa cushions",Rug under the coffee table square to the sofa; nothing under the chairs,,,a worn Turkey-pattern rug with the pattern bleached toward the window,"one sofa cushion dented, one squared",,,"Appliance Bible III inverted: the parlour is 1970 (meaning modern for 1928), the kitchen 1890; one calm sightline (decor principle)",,,,Overview from the vestibule,implemented,"Two piped linen cushions lie on the ends of 2A's sofa seat (2A_cushion_a_stock). Not made: the 2.4 by 1.6 m rug, which would run under the coffee table and the deck in the most strictly checked flat. Verified at WIP 32156acb (implementation/slice33): fabrication batch 0 failures; apartment batch 236 on the long runner; bookshelves 144 checks, 0 failures with the print seated on the repaired case; upper kitchens 206 and upper furniture 488 (both unchanged from slice 31's runs); upper lighting 0 failures; roof route 53 waypoints, 0 failures; the three-space sweep 0 failures."
F02_A_MAIN-006,F02_A_MAIN,P3,keep,Keep the projector and deck where they are,2A_tv (ProjectorProp); 2A_deck,,,,,,,,"F14 rules the projector in case flats; the found-wall throw must not be obstructed by the caption wall (the board is on the window wall, the throw faces the pier)",,,,Projector image lands on bare plaster with the board out of its cone,verified,"Kept: 2A_deck and 2A_projector_stand are unmoved and domestic_projectors.json is unchanged since e63ce4f6; the projector stands at yaw 0 and throws along -z toward the south pier, while the caption board hangs on the west window wall, outside that throw (implementation/slice34/receipts/keep_audit.receipt.json). Verified at WIP 974ee6d2 (implementation/slice34): fabrication batch 0 failures; apartment batch 236 on the long runner; completion 1A 15 waypoints with its pre-existing kitchen-leg failure; roof route 53 waypoints, 0 failures; the two-space sweep 0 failures; the keep audit (receipts/keep_audit.receipt.json) holds for all nine keep items."
F02_A_KITCHEN-001,F02_A_KITCHEN,P1,refine,Kitchen set for Mina Vale,2A_prep_cabinet; 2A_k_wall_cupboard; F02_2A_STOVE_01; F02_2A_FRIDGE_01; F02_2A_KITCHEN_SINK_01,"On the preparation cabinet top, the drainboard, the range's cold side and the icebox top, within the existing support ids; nothing on the floor in the cross-passage",,"Surface props from desktop_stock (mugs, dishrack, jars, tins, bread board) selected per kitchen_set; at most 8 pieces, merged per family","enamel (tenant-specific variant), tin, glass jars, porcelain, oilcloth on the cabinet top","grease film on the wall behind the range at splash height, a scorched ring on the cabinet top beside the range, worn oilcloth at the working edge",as authored; the range's pilot is the only new glow and only where the resident cooks,,Appliance Bible III: the appliance that tells the truth about the tenant,design/ORISON_APPLIANCE_BIBLE.md; game/data/orison_v2/domestic_surface_props.json; art/blender/desktop_stock.md,,"StoveProp oven leaf, FridgeProp leaf and ice door, TapProp cycle, toaster carriage and crumb pan, prep cabinet slide, kitchen cross-passage",Overview shows the set from the kitchen opening; no prop within the oven or fridge door sweep,verified,"measured_portions: two tins and the kettle on the prep cabinet beside the toaster; the drainboard mug and rack were already there. Surface-stock records on the sink or prep cabinet support, within the dossier's eight-piece cap; grease film, scorch ring and oilcloth wear stay with the finish pass. Verified at 333c8041: the surface-stock fabrication validator passes 2,644 checks with the 107 records mounted (implementation/slice7/receipts/fabrication_shots__batch.json), the prep-cabinet and toaster validators stay clean, the apartment batch keeps the slice-2 count (236) and upper lighting 0 failures; the kitchen sweeps show the pieces (implementation/slice7)."
F02_A_KITCHEN-002,F02_A_KITCHEN,P2,add,Monitor-top electric evidence,F02_2A_FRIDGE_01,Ice card in the kitchen window's lower pane facing out (icebox units); zinc drip tray on the floor under the icebox with a water tide line,,Card as Label3D-free coloured rectangle with the number as a painted numeral quadrant (no lettering in texture); tray as a desktop-stock piece,"card stock, zinc",the tray's tide line and a rust bloom at one corner,,,Bible VIII.5.a: which number is showing is a fact about that household,design/ORISON_BIBLE.md VIII.5.a,,,Visible in the reverse view; the tray does not enter the fridge door stance,verified,"2A_drip_tray: a zinc drip pan holding a skin of water (driptray form) on the floor under the icebox, between its feet with the front lip showing, clear of the door stance and the door's swing. The ice card in the window pane waits for a window-pane support (the panes belong to the shell, not a furniture actor). Verified at 4444e1e1 (slice22) and db14e977 (slice22b, the 6A backdrop narrowed): the thirteen families pass the fabrication batch (28,045 checks, 0 failures; 206 stock assemblies, every pan bearing on the floor between its icebox's feet), apartment batch 236 as before, the six completion routes unchanged (1A 15, 1D 25, 2C 9, 3D 16, 4C 9, 4D 12), upper lighting and the household save owner 0 failures, upper kitchens 238 with the baseline's labels, the fourteen-kitchen sweep 0 failures; close-ups in implementation/slice22."
F02_A_KITCHEN-003,F02_A_KITCHEN,P2,refine,Monitor-top to icebox,F02_2A_FRIDGE_01 (FridgeMonitor -> FridgeIcebox),Same anchor and leaf hand,,Swap the household_fridges variant; keep the FridgeProp owner and the mina_factual_refrigerator_caption marker/socket,,,,,Bible VIII.5.a (four electric flats) prevails over data; the ice card then tells her exactness (a number she never changes),game/data/orison_v2/household_fridges.json; game/scripts/game/mina_caption_manifestation.gd (residue socket),,"Refrigerator caption residue socket, fridge leaf and ice door",OrisonV2WakeReconstructionTest and the household fridge module pass with the icebox variant,proposed,
F02_A_PRIVATE_HALL-001,F02_A_PRIVATE_HALL,P2,refine,"Hall use evidence (one object, not a kit)",,Against the wall clear of both door swings and the 0.8 m route,,"One native object from an existing family (hamper, hat stand, folded-laundry shelf or boot tray) by the resident's routine","period-appropriate: painted pine, wicker, tin",rub line at hip height where the resident brushes past nightly; floor wear path from bed to bath,,,Accord 14 evidence within two metres; keeps the hall a hall,,,"Door swings, route, bedside/bath approach stances","Threshold view from the main room shows the hall as used, not empty, with the route visibly clear",verified,"A lidded wicker laundry hamper (hamper form) with a linen corner caught under the lid against the north wall at (-9.32, 7.58), clear of every door and opening approach (each opening's span plus 0.15 m, 1.0 m deep), the stances and a 0.85 m route. The hamper's cane panels read as a lidded box rather than a woven basket and the galoshes are plain blocks; finer weave and boot forms are later art. Verified at 2152694f (slice14b) and 4fc1b18d (slice14c, after 2A's and 3A's objects moved to the north end wall out of the door route): the thirteen families pass the fabrication batch (25,826 checks, 0 failures; every hall object bearing inside its hall), apartment batch 236 as before, the apartment door route 45 waypoints and the 4B route 32 with 0 failures, the six completion routes unchanged (1A 15, 1D 25, 2C 9, 3D 16, 4C 9, 4D 12), upper lighting 0 failures, upper furniture 444 identical to slice 13 (slice14base), the eighteen-hall sweep 0 failures; captures in implementation/slice14b and slice14c."
F02_A_BATH-001,F02_A_BATH,P2,refine,Resident bath set for Mina Vale,2A_soap_dish; 2A_hand_towel; 2A_toilet_roll; F02_2A_MIRROR_01 (medicine cabinet),"On the basin rim and the cabinet shelves, inside the existing bath_details supports; towel on the existing rail or on a new 300 mm brass hook beside the basin if no rail exists",,"Small desktop-stock objects in the existing desktop_stock family (max 6 per bathroom), seated by support id, no new owner","porcelain, nickel-plated brass, huckaback cotton; enamel with fine crazing","wiping arc at eye height on the mirror, soap ring on the dish, a chip on the basin rim at the tap side",flush dome as authored; no added light,,"Reads as Mina Vale's routine, not a generic bathroom",game/data/orison_v2/bath_details.json; game/data/orison_v2/household_accessories.json; art/blender/desktop_stock.md,,"TapProp cycle, curtain area, MedicineCabinetProp leaf and the I-key care inspection reach",Detail view from the door shows the set without obstructing the basin stance,proposed,
F02_A_BATH-002,F02_A_BATH,P3,refine,Positional wear and water consequence,,Floor at the receptor edge and the wall at the register,,,existing wet_cloth / local drain finish masks (B4 cloth batch) extended with a 0.4 m water line decal under the curtain hem,"darkened grout line along the receptor, paint lifted below the register, the mop-shadow corner the mop cannot reach",,,Accord 12: wear follows use; Accord 14: consequence within two metres,art/blender/scripts/owner_finish_materials.py (localized drain finish); game/data/orison_v2/owner_finish_profiles.json,E2: inherited patina baked; accrued grime simulated later by section E; author only the inherited layer here,,,proposed,
F02_A_BED-001,F02_A_BED,P2,refine,Desk surface: duplicate correction tools,"2A_papers, 2A_mug, 2A_phones (existing); new: two identical pencil jars, two identical erasers, a correction-tape reel, a stenographer's pad (desktop_stock)","On 2A_desk within the lamp's pool, the duplicates side by side",,desktop_stock pieces seated by support id,"glass jars, cedar pencils, a red-and-black pad cover",the desk's front edge polished by forearms,,,Life profile surface set duplicate_tools; story panel: correction tape,,,,Detail view of the desk under the lamp,verified,"Two identical pencil jars (tins) on 2A_desk beside the existing papers, mug and headphones; erasers, tape reel and pad wait for their forms. Verified at dc849111 (slice9e, slice9f) and 266ef28a (slice9g): the thirteen families pass the fabrication batch (24,237 checks, 0 failures; surface stock 3,461 checks with every record bearing on its support, the fifteen prep cabinets with the 1D, 2C and 4C completion copies), apartment batch 236 as before, completion routes 1D 25, 2C 9 and 4C 9 unchanged (the C-plan bath leg), upper lighting 0 failures, upper kitchens 238 as before (the material-binding and three-stance failures are identical at 66994c91, slice9h), the household save owner's 201 controls save and restore (0 failures), the eight-space sweep 0 failures; the resident surfaces are shown in implementation/slice9 (at bc26e9ca) and the kitchens and the 6C vestibule in slice9e."
F02_A_BED-002,F02_A_BED,P2,refine,Pinboard density,2A_pinboard (DomesticObject00),As installed above the desk,,Increase the card count on the pinboard variant to a full grid with two overlapping cards; the single tack owner stays,,,,,Decor profile working wall continues into the bedroom,,,,Detail view reads a full board,proposed,
F02_A_BED-003,F02_A_BED,P2,add,The suit on the wardrobe door and the bed made for later,"2A_w0_wardrobe (garment set: slate tailor-made, grey cloche on the shelf); 2A_bed0 counterpane squared",,,Wardrobe garment silhouettes slate and white; a hanger on the outer leaf with the jacket,"worsted, cotton shirting",,,,Wardrobe bible street state for a woman who dresses as though still due in court,,,,Reverse view shows the hung jacket and the squared bed,proposed,
F02_B_VESTIBULE-001,F02_B_VESTIBULE,P1,add,Entry landing set for Lena Ortiz,,"Along the wall opposite the entry door swing, within 0.9 m of the door, leaving the authored route clear",hook strip 0.6 m long at 1.65 m; shelf 0.3 m deep at 1.1 m; mat 0.6 x 0.9 m,Entry kit from the shared desktop_stock / domestic_objects families; hooks and shelf as one native assembly per vestibule variant,"painted pine shelf, iron hooks, coir mat, brass drip tray","scuff fan on the floor inside the door, hand-grime on the door edge at latch height, the wall rubbed by coats at shoulder height",flush dome as authored,,Identify the resident from the threshold (lived-in acceptance criterion),game/data/apartment_life_profiles.json entry_set; art/blender/desktop_stock.md,,"Door swing, 0.8 m route, SwitchPlate reach",Threshold capture from the hall shows the set; door-route test unchanged,verified,"Entry landing set for Lena Ortiz: a hall stand (DomesticObject16: backboard with four iron hooks at 1.65 m, shelf at 1.1 m, plinth with a brass drip tray) on the north wall beside the switch (the only wall both leaf swings and the route leave clear; two metres from the door rather than the dossier's 0.9). Deviations: the coir mat and the per-resident hook load wait for a collision-free floor piece and the cloth family. Verified at b8319c79 and e6c97bc1: the twelve rebuilt families pass the fabrication batch with every stand bearing on its floor (implementation/slice8b, after the three D-plan stands were moved inside their vestibules), apartment batch 236 as before, upper lighting 0 failures, both door-route suites and the six completion routes unchanged (1A 15, 1D 25, 2C 9, 3D 16, 4C 9, 4D 12); the vestibule sweeps show the stands (implementation/slice8)."
F02_B_VESTIBULE-002,F02_B_VESTIBULE,P2,add,Building hardware: signal outlet plate and chain guard,new: brass flush signal-outlet plate beside the switch; new: chain door guard on the entry leaf,"Signal plate 0.15 m beside the existing SWITCH anchor at the same height; chain guard on the leaf at 1.5 m, keeper on the jamb",plate 70 x 115 mm; chain 0.3 m,Two small native parts in the fixed_lighting / door hardware families; no interaction,"brass with a dull lacquer, painted over at one screw",,,,Bible VIII.3: every room has a signal point beside the power socket; Accord 11: one anchor painted over,art/blender/light_switch.md; art/blender/door_knob_set.md,,,Visible in the threshold view at eye height,verified,"The brass signal-outlet plate beside the switch came with BW-013 (slice 6); the chain door guard is on the entry leaf's apartment face: slotted plate by the latch stile, anchor plate and unhooked chain beside it (slice 10). Verified at d38ba7ac (slice10, slice10b): the thirteen families pass the fabrication batch (24,276 checks, 0 failures; seating 51 actors with the two armchairs, 1A's captured natively), door casings and fitted door fabric 0 failures, door hinges 10 as before (the 105-door count and one leaf's knuckles, identical at 6d99760d, slice10c), both door-route suites unchanged (45 and 32 waypoints, 0 failures), completion route 1A 15 waypoints as before (the kitchen leg), apartment batch 236 as before, upper lighting 0 failures, the seven-space sweep 0 failures; the chain guards are shown at the vestibule thresholds and the armchairs in F05_B_MAIN and F01_A_MAIN (implementation/slice10)."
F02_B_VESTIBULE-003,F02_B_VESTIBULE,P2,add,Client's chair and a parcel of finished work,"new: 2B_client_chair (ChairOak), 2B_parcel (desktop_stock string-tied parcel)",Chair against the wall beside the opening; parcel on its seat,,,,,,,Schedules: delivering door to door; entry set clients_welcome,,,Route to the main opening,Threshold view from the crossing,verified,"2B_client_chair (a ChairOak copy) in the vestibule corner north of the opening, facing into the vestibule, clear of the entry-leaf sweep and the route to the main room (the first placement, south of the opening, stood in the door route: slice17); 2B_finished_parcel (parcel form) on its seat. Verified at 7eeaa0ef (slice17b): the thirteen families pass the fabrication batch (26,568 checks, 0 failures; tables 73, seating 52, objects 79, stock 178, the parcel bearing on the chair seat and the pail on the floor), apartment batch 236 as before, the apartment door route 45 and the 4B route 32 waypoints with 0 failures, completion route 4D 12 waypoints as before, upper lighting and the household save owner 0 failures, the four-space sweep 0 failures; captures in implementation/slice17b."
F02_B_MAIN-001,F02_B_MAIN,P1,add,Treadle sewing machine under the window,"new: 2B_sewing_machine (new native family: cast-iron treadle base, oak cabinet, black japanned head)","Under the window with the treadle toward the room, 0.4 m from the window pier, chair in front","about 0.9 x 0.45 m, 0.78 m high","One new native family (Blender) with a treadle OPERATE owner per the matrix (treadle turns, needle drops); no cloth simulation","cast iron, oak, japanned steel with gold line decals (no lettering)",the treadle worn bright at the ball of the foot; thread ends on the floor,,treadle rhythm as the existing sewing possession vocabulary,"Appliance Bible II: sewing machine in the front room, oiled and true; matrix: OPERATE",design/ORISON_APPLIANCE_BIBLE.md; design/PROP_SET_INTERACTION_MATRIX.md; design/PROP_ACTIVITIES.md,,"Window light, route to the kitchen door",Overview shows the machine under the window; E turns the treadle,verified,"2B_sewing_machine (new sewingmachine form: cast-iron legs, rails and treadle on an axle, an oak top and drawer, a black japanned head with its needle, needle plate and handwheel) under the east window with the treadle toward the room. Deviation: passive; the treadle OPERATE owner (treadle turns, needle drops) waits for a mechanism pass. Verified at d0108d15 (slice18): the thirteen families pass the fabrication batch (26,770 checks, 0 failures; objects 83 actors, every new piece standing on its floor inside its room and clear of its neighbours), apartment batch 236 as before, the apartment door route 45 and the 4B route 32 waypoints with 0 failures, upper lighting and the household save owner 0 failures, the three-space sweep 0 failures; native close-ups in implementation/slice18."
F02_B_MAIN-002,F02_B_MAIN,P1,add,The repair queue and the mended armchair,"new: 2B_repair_rail (a wall rail with five hung garments, paper tags); new: 2B_armchair (domestic_seating armchair with a contrasting patch on the right arm)",Rail on the wall beside the private-hall opening at 1.7 m; armchair in the corner away from the window facing the machine,,Cloth family garment silhouettes (sewn edges per B4) on a rail; seating variant with a patch decal,"burgundy wool, a man's jersey in maroon (Cam's), navy cape lining in scarlet (Teresa's), a celluloid collar (Peter's)","the chair's left arm worn through, the right arm patched proudly",,,"Life profile hero object mended_upholstery_armchair; proposed backstory: three garments from this building, tagged by floor","game/data/apartment_life_profiles.json; design/ORISON_RELATIONSHIP_WEB.md II.5, II.6",,,Detail views of rail and chair,verified,"2B_repair_rail (garmentrail form: header board, brackets, rail) on the west wall's segment south of the vestibule opening, rail at 1.7 m, five garments on wooden hangers with paper repair tags: burgundy wool, Cam's maroon jersey, a navy cape, a grey coat and a linen shirt. Deviations: the opening's neighbour wall is the only clear 1 m run (the dossier's spot beside the private-hall opening holds the radio table); the scarlet lining and celluloid collar are colour details the garment form does not carry; the mended armchair waits for the sewing machine, whose placement fixes where it faces (every corner of the room holds a stance or the hall route). Verified at 7c765151 (slice13): the thirteen families pass the fabrication batch (25,479 checks, 0 failures; objects 50 actors, every rail and blanket on its actual wall face, the two closet-shelf items bearing on the clear boards), apartment batch 236 as before, upper lighting 0 failures, completion route 3D 16 waypoints as before (the kitchen leg), the household save owner 0 failures, the four-space sweep 0 failures; the rooms and native close-ups are in implementation/slice13."
F02_B_MAIN-003,F02_B_MAIN,P2,refine,Cutting table surface,"2B_fabric_worktable (existing); 2B_story_patterns, 2B_story_notions (existing)",As installed,,"Add shears, a chalk, a tape and a pincushion from desktop_stock to the table; keep the pattern board",,,,,"Daily loop mend, fit, deliver",,,,Detail view of the table,proposed,
F02_B_MAIN-004,F02_B_MAIN,P3,add,Her own frock with the pinned hem,"new: dress form with a printed voile frock, one hem pinned (cloth family)","Beside the armchair, 0.3 m from the wall",,,"printed cotton voile, steel pins",,,,Life profile contradiction: everything mended but her own hem,,,,Visible in the reverse view,proposed,
F02_B_KITCHEN-001,F02_B_KITCHEN,P1,refine,Kitchen set for Lena Ortiz,2B_prep_cabinet; 2B_k_wall_cupboard; F02_2B_STOVE_01; F02_2B_FRIDGE_01; F02_2B_KITCHEN_SINK_01,"On the preparation cabinet top, the drainboard, the range's cold side and the icebox top, within the existing support ids; nothing on the floor in the cross-passage",,"Surface props from desktop_stock (mugs, dishrack, jars, tins, bread board) selected per kitchen_set; at most 8 pieces, merged per family","enamel (tenant-specific variant), tin, glass jars, porcelain, oilcloth on the cabinet top","grease film on the wall behind the range at splash height, a scorched ring on the cabinet top beside the range, worn oilcloth at the working edge",as authored; the range's pilot is the only new glow and only where the resident cooks,,Appliance Bible III: the appliance that tells the truth about the tenant,design/ORISON_APPLIANCE_BIBLE.md; game/data/orison_v2/domestic_surface_props.json; art/blender/desktop_stock.md,,"StoveProp oven leaf, FridgeProp leaf and ice door, TapProp cycle, toaster carriage and crumb pan, prep cabinet slide, kitchen cross-passage",Overview shows the set from the kitchen opening; no prop within the oven or fridge door sweep,verified,"cooks_for_others: bread board and kettle on the prep cabinet. Surface-stock records on the sink or prep cabinet support, within the dossier's eight-piece cap; grease film, scorch ring and oilcloth wear stay with the finish pass. Verified at 333c8041: the surface-stock fabrication validator passes 2,644 checks with the 107 records mounted (implementation/slice7/receipts/fabrication_shots__batch.json), the prep-cabinet and toaster validators stay clean, the apartment batch keeps the slice-2 count (236) and upper lighting 0 failures; the kitchen sweeps show the pieces (implementation/slice7)."
F02_B_KITCHEN-002,F02_B_KITCHEN,P2,add,Ice card and drip tray evidence,F02_2B_FRIDGE_01,Ice card in the kitchen window's lower pane facing out (icebox units); zinc drip tray on the floor under the icebox with a water tide line,,Card as Label3D-free coloured rectangle with the number as a painted numeral quadrant (no lettering in texture); tray as a desktop-stock piece,"card stock, zinc",the tray's tide line and a rust bloom at one corner,,,Bible VIII.5.a: which number is showing is a fact about that household,design/ORISON_BIBLE.md VIII.5.a,,,Visible in the reverse view; the tray does not enter the fridge door stance,verified,"2B_drip_tray: a zinc drip pan holding a skin of water (driptray form) on the floor under the icebox, between its feet with the front lip showing, clear of the door stance and the door's swing. The ice card in the window pane waits for a window-pane support (the panes belong to the shell, not a furniture actor). Verified at 4444e1e1 (slice22) and db14e977 (slice22b, the 6A backdrop narrowed): the thirteen families pass the fabrication batch (28,045 checks, 0 failures; 206 stock assemblies, every pan bearing on the floor between its icebox's feet), apartment batch 236 as before, the six completion routes unchanged (1A 15, 1D 25, 2C 9, 3D 16, 4C 9, 4D 12), upper lighting and the household save owner 0 failures, upper kitchens 238 with the baseline's labels, the fourteen-kitchen sweep 0 failures; close-ups in implementation/slice22."
F02_B_KITCHEN-003,F02_B_KITCHEN,P3,refine,A pot on the lit burner,F02_2B_STOVE_01 lit burner,,,,,,,,Review: a burner is lit with nothing on it; Lena's biggest pot belongs there,,,,Range detail,proposed,
F02_B_PRIVATE_HALL-001,F02_B_PRIVATE_HALL,P2,refine,"Hall use evidence (one object, not a kit)",,Against the wall clear of both door swings and the 0.8 m route,,"One native object from an existing family (hamper, hat stand, folded-laundry shelf or boot tray) by the resident's routine","period-appropriate: painted pine, wicker, tin",rub line at hip height where the resident brushes past nightly; floor wear path from bed to bath,,,Accord 14 evidence within two metres; keeps the hall a hall,,,"Door swings, route, bedside/bath approach stances","Threshold view from the main room shows the hall as used, not empty, with the route visibly clear",verified,"A lidded wicker laundry hamper (hamper form) with a linen corner caught under the lid against the west wall at (13.07, -4.58), clear of every door and opening approach (each opening's span plus 0.15 m, 1.0 m deep), the stances and a 0.85 m route. The hamper's cane panels read as a lidded box rather than a woven basket and the galoshes are plain blocks; finer weave and boot forms are later art. Verified at 2152694f (slice14b) and 4fc1b18d (slice14c, after 2A's and 3A's objects moved to the north end wall out of the door route): the thirteen families pass the fabrication batch (25,826 checks, 0 failures; every hall object bearing inside its hall), apartment batch 236 as before, the apartment door route 45 waypoints and the 4B route 32 with 0 failures, the six completion routes unchanged (1A 15, 1D 25, 2C 9, 3D 16, 4C 9, 4D 12), upper lighting 0 failures, upper furniture 444 identical to slice 13 (slice14base), the eighteen-hall sweep 0 failures; captures in implementation/slice14b and slice14c."
F02_B_PRIVATE_HALL-002,F02_B_PRIVATE_HALL,P2,refine,Bolts stored vertically,"2B_fabric_shelf_01, 2B_fabric_shelf_02 (Shelf01)",,,Add standing bolt cylinders (cloth family) to the shelf variant,"wool suiting offcuts, voile, burgundy knit",,,,Life profile surface set vertical_fabric,,,,Threshold view from the main room,proposed,
F02_B_PRIVATE_HALL-003,F02_B_PRIVATE_HALL,P2,refine,Chrome shelf posts to painted iron or oak,2B_fabric_shelf_01/02 (Shelf01 chrome posts),,,,,,,,Review: bright chrome posts read post-1950; see BW-003,,,,Hall threshold view,verified,2B_fabric_shelf_01/02 posts are oak (BW-003). (implementation/slice34)
F02_B_BED-001,F02_B_BED,P2,add,"Nightstand, mirror and the one photograph","new: 2B_bedside (Nightstand01), 2B_mirror (mirror family), 2B_photo (desktop_stock frame)",Nightstand on the door side; mirror on the wall opposite the window; frame on the nightstand,,,"deal, a cracked mirror glass, a tin frame",,,,"Wardrobe bible towel state (hair down); web I arrival layer as an object, unexplained",design/ORISON_WARDROBE_BIBLE.md; design/ORISON_RELATIONSHIP_WEB.md I,,,Detail view of the nightstand,verified,"2B_bedside (a Nightstand01 copy) at the head of the bed on the door side, with 2B_photo (standing frame form) in the clear back strip beside the nightstand's own book and glass. The mirror waits for the mirror family's wall variant. Verified at 7eeaa0ef (slice17b): the thirteen families pass the fabrication batch (26,568 checks, 0 failures; tables 73, seating 52, objects 79, stock 178, the parcel bearing on the chair seat and the pail on the floor), apartment batch 236 as before, the apartment door route 45 and the 4B route 32 waypoints with 0 failures, completion route 4D 12 waypoints as before, upper lighting and the household save owner 0 failures, the four-space sweep 0 failures; captures in implementation/slice17b."
F02_B_BATH-001,F02_B_BATH,P2,refine,Resident bath set for Lena Ortiz,2B_soap_dish; 2B_hand_towel; 2B_toilet_roll; F02_2B_MIRROR_01 (medicine cabinet),"On the basin rim and the cabinet shelves, inside the existing bath_details supports; towel on the existing rail or on a new 300 mm brass hook beside the basin if no rail exists",,"Small desktop-stock objects in the existing desktop_stock family (max 6 per bathroom), seated by support id, no new owner","porcelain, nickel-plated brass, huckaback cotton; enamel with fine crazing","wiping arc at eye height on the mirror, soap ring on the dish, a chip on the basin rim at the tap side",flush dome as authored; no added light,,"Reads as Lena Ortiz's routine, not a generic bathroom",game/data/orison_v2/bath_details.json; game/data/orison_v2/household_accessories.json; art/blender/desktop_stock.md,,"TapProp cycle, curtain area, MedicineCabinetProp leaf and the I-key care inspection reach",Detail view from the door shows the set without obstructing the basin stance,proposed,
F02_B_BATH-002,F02_B_BATH,P3,refine,Positional wear and water consequence,,Floor at the receptor edge and the wall at the register,,,existing wet_cloth / local drain finish masks (B4 cloth batch) extended with a 0.4 m water line decal under the curtain hem,"darkened grout line along the receptor, paint lifted below the register, the mop-shadow corner the mop cannot reach",,,Accord 12: wear follows use; Accord 14: consequence within two metres,art/blender/scripts/owner_finish_materials.py (localized drain finish); game/data/orison_v2/owner_finish_profiles.json,E2: inherited patina baked; accrued grime simulated later by section E; author only the inherited layer here,,,proposed,
F02_C_VESTIBULE-001,F02_C_VESTIBULE,P1,add,Entry landing set for Juno Kells,,"Along the wall opposite the entry door swing, within 0.9 m of the door, leaving the authored route clear",hook strip 0.6 m long at 1.65 m; shelf 0.3 m deep at 1.1 m; mat 0.6 x 0.9 m,Entry kit from the shared desktop_stock / domestic_objects families; hooks and shelf as one native assembly per vestibule variant,"painted pine shelf, iron hooks, coir mat, brass drip tray","scuff fan on the floor inside the door, hand-grime on the door edge at latch height, the wall rubbed by coats at shoulder height",flush dome as authored,,Identify the resident from the threshold (lived-in acceptance criterion),game/data/apartment_life_profiles.json entry_set; art/blender/desktop_stock.md,,"Door swing, 0.8 m route, SwitchPlate reach",Threshold capture from the hall shows the set; door-route test unchanged,verified,"Entry landing set for Juno Kells: a hall stand (DomesticObject16: backboard with four iron hooks at 1.65 m, shelf at 1.1 m, plinth with a brass drip tray) on the west wall, clear of the entry leaf's quarter turn and the route line. Deviations: the coir mat and the per-resident hook load wait for a collision-free floor piece and the cloth family. Verified at b8319c79 and e6c97bc1: the twelve rebuilt families pass the fabrication batch with every stand bearing on its floor (implementation/slice8b, after the three D-plan stands were moved inside their vestibules), apartment batch 236 as before, upper lighting 0 failures, both door-route suites and the six completion routes unchanged (1A 15, 1D 25, 2C 9, 3D 16, 4C 9, 4D 12); the vestibule sweeps show the stands (implementation/slice8)."
F02_C_VESTIBULE-002,F02_C_VESTIBULE,P2,add,Building hardware: signal outlet plate and chain guard,new: brass flush signal-outlet plate beside the switch; new: chain door guard on the entry leaf,"Signal plate 0.15 m beside the existing SWITCH anchor at the same height; chain guard on the leaf at 1.5 m, keeper on the jamb",plate 70 x 115 mm; chain 0.3 m,Two small native parts in the fixed_lighting / door hardware families; no interaction,"brass with a dull lacquer, painted over at one screw",,,,Bible VIII.3: every room has a signal point beside the power socket; Accord 11: one anchor painted over,art/blender/light_switch.md; art/blender/door_knob_set.md,,,Visible in the threshold view at eye height,verified,"The brass signal-outlet plate beside the switch came with BW-013 (slice 6); the chain door guard is on the entry leaf's apartment face: slotted plate by the latch stile, anchor plate and unhooked chain beside it (slice 10). Verified at d38ba7ac (slice10, slice10b): the thirteen families pass the fabrication batch (24,276 checks, 0 failures; seating 51 actors with the two armchairs, 1A's captured natively), door casings and fitted door fabric 0 failures, door hinges 10 as before (the 105-door count and one leaf's knuckles, identical at 6d99760d, slice10c), both door-route suites unchanged (45 and 32 waypoints, 0 failures), completion route 1A 15 waypoints as before (the kitchen leg), apartment batch 236 as before, upper lighting 0 failures, the seven-space sweep 0 failures; the chain guards are shown at the vestibule thresholds and the armchairs in F05_B_MAIN and F01_A_MAIN (implementation/slice10)."
F02_C_MAIN-001,F02_C_MAIN,P1,add,The rig and the cable hook strip,"new: 2C_rig_table (work_tables family), 2C_mixer (signal family: Bakelite and brass desk with rotary knobs), 2C_reeldeck (reeldeck asm), 2C_cable_hooks (strip with tape-banded loops)",Rig table against the wall opposite the window where the dining table stood; the dining table moved against the kitchen-side wall as a late-meal surface; hook strip beside the rig at 1.5 m,rig table 1.4 x 0.6 m,"Reuse asm_reeldeck, asm_headphones, asm_cablecoil; one new small mixer in the signal family (Rule of Signal: forty years early); RESIST-REFUSE owners per the matrix (private rigged equipment)","Bakelite, brass, cloth flex in coloured silk; coloured tape bands","tape residue on the table edge, a burn from a soldering iron",,a valve hum from the rig when powered (existing ambient vocabulary only),Life profile surface sets music_work and cable_management; contradiction: meticulous cable labels in a room of chaos,"design/PROP_SET_INTERACTION_MATRIX.md (amp, reeldeck, headphones, cablecoil rows); art/blender/work_tables.md",,Routes to studio and private hall openings; radiator reach,Overview from the vestibule reads the rig first,verified,"2C_rig_table (TableRect05) on the window wall facing the vestibule opening with 2C_din_dc2 as the operator's chair; 2C_din_t and 2C_din_dc1 moved against the kitchen-side wall as the late-meal surface, stances moved with them. (implementation/slice6/images/F02_C_MAIN_OV.jpg) Slice 25 adds 2C_deck (a reel deck copy) on the rig table between the cartons and the mug, and 2C_cable_hooks (new hookstrip form: a batten with five hooks and taped cable loops) on the window wall beside the rig at 1.5 m (implementation/slice25). The mixer and headphones wait for the signal family."
F02_C_MAIN-002,F02_C_MAIN,P2,add,Album sequence on the wall,new: two framed images 0.5 m apart on the window wall (CharacterMemoryArt),"Left to right at 1.5 m, the pipe run avoided (decor profile: pipes must not cut the rhythm)",,"WallArtLaw hook, two frames",,,,,Decor profile composition,,,,Detail view shows two frames with nothing between,verified,"2C_album_a/b: two photographs (artframe form, photo style: moulding, linen mat, a toned print) 0.5 m apart at 1.5 m on the window wall west of the window, nothing between them. Verified at 260cffe6 (slice15): the thirteen families pass the fabrication batch (26,116 checks, 0 failures; objects 78 actors, every frame, canvas and board bearing on its actual wall face), apartment batch 236 as before, upper lighting 0 failures, completion route 3D 16 waypoints as before, the household save owner 0 failures, the five-space sweep 0 failures; captures in implementation/slice15."
F02_C_MAIN-003,F02_C_MAIN,P2,add,Takeout and coffee,"new: desktop_stock: folded cartons, a percolator, one mug, menus under a magnet",Carton stack by the private-hall opening; percolator on the window sill,,,,,,,Kitchen set takeout_plus_coffee spills into the main room,,,,Reverse view,verified,"Two folded cartons (parcels) and the coffee mug on the rig table; the percolator and the menus wait for their forms. Verified at dc849111 (slice9e, slice9f) and 266ef28a (slice9g): the thirteen families pass the fabrication batch (24,237 checks, 0 failures; surface stock 3,461 checks with every record bearing on its support, the fifteen prep cabinets with the 1D, 2C and 4C completion copies), apartment batch 236 as before, completion routes 1D 25, 2C 9 and 4C 9 unchanged (the C-plan bath leg), upper lighting 0 failures, upper kitchens 238 as before (the material-binding and three-stance failures are identical at 66994c91, slice9h), the household save owner's 201 controls save and restore (0 failures), the eight-space sweep 0 failures; the resident surfaces are shown in implementation/slice9 (at bc26e9ca) and the kitchens and the 6C vestibule in slice9e."
F02_C_KITCHEN-001,F02_C_KITCHEN,P1,refine,Kitchen set for Juno Kells,2C_prep_cabinet; 2C_k_wall_cupboard; F02_2C_STOVE_01; F02_2C_FRIDGE_01; F02_2C_KITCHEN_SINK_01,"On the preparation cabinet top, the drainboard, the range's cold side and the icebox top, within the existing support ids; nothing on the floor in the cross-passage",,"Surface props from desktop_stock (mugs, dishrack, jars, tins, bread board) selected per kitchen_set; at most 8 pieces, merged per family","enamel (tenant-specific variant), tin, glass jars, porcelain, oilcloth on the cabinet top","grease film on the wall behind the range at splash height, a scorched ring on the cabinet top beside the range, worn oilcloth at the working edge",as authored; the range's pilot is the only new glow and only where the resident cooks,,Appliance Bible III: the appliance that tells the truth about the tenant,design/ORISON_APPLIANCE_BIBLE.md; game/data/orison_v2/domestic_surface_props.json; art/blender/desktop_stock.md,,"StoveProp oven leaf, FridgeProp leaf and ice door, TapProp cycle, toaster carriage and crumb pan, prep cabinet slide, kitchen cross-passage",Overview shows the set from the kitchen opening; no prop within the oven or fridge door sweep,verified,"takeout_plus_coffee: mug and rack on the drainboard; kettle, tin and a second mug on the prep cabinet. Surface-stock records on the sink or prep cabinet support, within the dossier's eight-piece cap; grease film, scorch ring and oilcloth wear stay with the finish pass. Verified at 333c8041: the surface-stock fabrication validator passes 2,644 checks with the 107 records mounted (implementation/slice7/receipts/fabrication_shots__batch.json), the prep-cabinet and toaster validators stay clean, the apartment batch keeps the slice-2 count (236) and upper lighting 0 failures; the kitchen sweeps show the pieces (implementation/slice7). Slice 9 found this home had the prep cabinet anchor but no cabinet consumer, so its cabinet pieces hung in the air; the cabinet is now mounted as a completion copy and the pieces stand on it (implementation/slice9b)."
F02_C_KITCHEN-002,F02_C_KITCHEN,P2,add,Ice card and drip tray evidence,F02_2C_FRIDGE_01,Ice card in the kitchen window's lower pane facing out (icebox units); zinc drip tray on the floor under the icebox with a water tide line,,Card as Label3D-free coloured rectangle with the number as a painted numeral quadrant (no lettering in texture); tray as a desktop-stock piece,"card stock, zinc",the tray's tide line and a rust bloom at one corner,,,Bible VIII.5.a: which number is showing is a fact about that household,design/ORISON_BIBLE.md VIII.5.a,,,Visible in the reverse view; the tray does not enter the fridge door stance,verified,"2C_drip_tray: a zinc drip pan holding a skin of water (driptray form) on the floor under the icebox, between its feet with the front lip showing, clear of the door stance and the door's swing. The ice card in the window pane waits for a window-pane support (the panes belong to the shell, not a furniture actor). Verified at 4444e1e1 (slice22) and db14e977 (slice22b, the 6A backdrop narrowed): the thirteen families pass the fabrication batch (28,045 checks, 0 failures; 206 stock assemblies, every pan bearing on the floor between its icebox's feet), apartment batch 236 as before, the six completion routes unchanged (1A 15, 1D 25, 2C 9, 3D 16, 4C 9, 4D 12), upper lighting and the household save owner 0 failures, upper kitchens 238 with the baseline's labels, the fourteen-kitchen sweep 0 failures; close-ups in implementation/slice22."
F02_C_KITCHEN-003,F02_C_KITCHEN,P2,add,Tape boxes on the cold side of the range,new: desktop_stock reel boxes x6 on F02_2C_STOVE_01's cold burners and the wall cupboard,Stacked on the two burners away from the percolator; never inside the oven leaf's sweep,,,grey card boxes with coloured tape bands,,,,Appliance Bible III: range used as a shelf,,,StoveProp oven leaf and burner service APIs,Detail view at the range,proposed,
F02_C_KITCHEN-004,F02_C_KITCHEN,P1,refine,Icebox rotated off its base,F02_2C_FRIDGE_01 (yaw about 15 degrees off the wall),,,,,,,,"Review: the oak icebox stands rotated in OV, RV and DT1; a placement bug",game/data/orison_v2/household_fridges.json; art/data/orison_v2/completion_interiors_source.json,,,Kitchen OV shows the icebox square to the wall,rejected,"Measured, not a bug: the runtime census records F02_2C_FRIDGE_01 at yaw 90.0 degrees exactly (square to the east wall, 0.46 m off it); the skew in the review tiles is wide-angle perspective near the frame edge. No data change. implementation/slice1 (captures, batch.json, run receipts)"
F02_C_PRIVATE_HALL-001,F02_C_PRIVATE_HALL,P2,refine,"Hall use evidence (one object, not a kit)",,Against the wall clear of both door swings and the 0.8 m route,,"One native object from an existing family (hamper, hat stand, folded-laundry shelf or boot tray) by the resident's routine","period-appropriate: painted pine, wicker, tin",rub line at hip height where the resident brushes past nightly; floor wear path from bed to bath,,,Accord 14 evidence within two metres; keeps the hall a hall,,,"Door swings, route, bedside/bath approach stances","Threshold view from the main room shows the hall as used, not empty, with the route visibly clear",verified,"A galvanised boot tray with a pair of rubber galoshes and dried mud (boottray form) against the south wall at (6.67, 6.62), clear of every door and opening approach (each opening's span plus 0.15 m, 1.0 m deep), the stances and a 0.85 m route; a completion copy. The hamper's cane panels read as a lidded box rather than a woven basket and the galoshes are plain blocks; finer weave and boot forms are later art. Verified at 2152694f (slice14b) and 4fc1b18d (slice14c, after 2A's and 3A's objects moved to the north end wall out of the door route): the thirteen families pass the fabrication batch (25,826 checks, 0 failures; every hall object bearing inside its hall), apartment batch 236 as before, the apartment door route 45 waypoints and the 4B route 32 with 0 failures, the six completion routes unchanged (1A 15, 1D 25, 2C 9, 3D 16, 4C 9, 4D 12), upper lighting 0 failures, upper furniture 444 identical to slice 13 (slice14base), the eighteen-hall sweep 0 failures; captures in implementation/slice14b and slice14c."
F02_C_STUDIO-001,F02_C_STUDIO,P1,refine,Second wardrobe becomes the session archive,2C_w1_wardrobe (Wardrobe08),,,"Wardrobe variant with shelves instead of a rail and reel boxes as owned contents (never loot, per the matrix)","oak, grey card, coloured tape",,,,Life profile hero object stolen_session_archive; web II.7 take 18 lives here,art/blender/household_wardrobes.md; design/ORISON_RELATIONSHIP_WEB.md II.7,,Both wardrobe leaf motions,Opening the leaf shows shelves of boxes,verified,"Juno's second wardrobe is the session archive: a wardrobe variant (Wardrobe13, on 5C_w1_wardrobe's case) adds two shelves to the original middle shelf and stands grey reel boxes spine-out with coloured tape on each, and omits the rail; both leaves keep their hinges and 92-degree swing (implementation/slice30b/images/Wardrobe13_open, a native render with the leaves open). Verified at WIP 0efdc84b (implementation/slice30b): fabrication batch 0 failures; apartment batch 236 (the branch baseline); household state 154 checks, 0 failures; completion 2C 9 waypoints with its one pre-existing kitchen-leg failure; upper kitchens 206 (the branch baseline); the two-room sweep 0 failures."
F02_C_BATH-001,F02_C_BATH,P2,refine,Resident bath set for Juno Kells,2C_soap_dish; 2C_hand_towel; 2C_toilet_roll; F02_2C_MIRROR_01 (medicine cabinet),"On the basin rim and the cabinet shelves, inside the existing bath_details supports; towel on the existing rail or on a new 300 mm brass hook beside the basin if no rail exists",,"Small desktop-stock objects in the existing desktop_stock family (max 6 per bathroom), seated by support id, no new owner","porcelain, nickel-plated brass, huckaback cotton; enamel with fine crazing","wiping arc at eye height on the mirror, soap ring on the dish, a chip on the basin rim at the tap side",flush dome as authored; no added light,,"Reads as Juno Kells's routine, not a generic bathroom",game/data/orison_v2/bath_details.json; game/data/orison_v2/household_accessories.json; art/blender/desktop_stock.md,,"TapProp cycle, curtain area, MedicineCabinetProp leaf and the I-key care inspection reach",Detail view from the door shows the set without obstructing the basin stance,proposed,
F02_C_BATH-002,F02_C_BATH,P3,refine,Positional wear and water consequence,,Floor at the receptor edge and the wall at the register,,,existing wet_cloth / local drain finish masks (B4 cloth batch) extended with a 0.4 m water line decal under the curtain hem,"darkened grout line along the receptor, paint lifted below the register, the mop-shadow corner the mop cannot reach",,,Accord 12: wear follows use; Accord 14: consequence within two metres,art/blender/scripts/owner_finish_materials.py (localized drain finish); game/data/orison_v2/owner_finish_profiles.json,E2: inherited patina baked; accrued grime simulated later by section E; author only the inherited layer here,,,proposed,
F02_C_BATH-003,F02_C_BATH,P2,refine,Hung duct over the bath,the hung duct in 2C's bath,,,,,,,,Review: the duct reads industrial; see BW-005,,,,Bath OV,proposed,
F02_C_BED1-001,F02_C_BED1,P2,refine,Unmade bed and the recorder on the nightstand,2C_bed0 (counterpane thrown back variant from the bedding family); 2C_bed0_ns with desktop_stock recorder (signal device) and a mug,,,"Bedding family slack variant; recorder as desktop_stock with the licensed early look (black Bakelite, cloth cord)",,,,,Sleep schedule nocturnal; wardrobe bible signature,art/blender/bedding.md,,,Overview shows the bed unmade,proposed,
F02_C_BED2-001,F02_C_BED2,P1,remove,Remove the second bed and nightstand,2C_bed1; 2C_bed1_ns,,,,,,,,Lived-in brief: retain one bed; the second bedroom is the recording room (life profile room_conversions),game/data/apartment_life_profiles.json; art/data/orison_v2/completion_interiors_source.json,,,No bed in the room; the completion-interiors test's sleeper count equals one,verified,Done by BW-002 in slice 2: 2C_bed1 and 2C_bed1_ns retired (implementation/slice2).
F02_C_BED2-002,F02_C_BED2,P1,add,"Blanket walls, stands and the boom","new: 2C_blanket_panels (cloth family, four 1.2 x 2.0 m hung blankets on battens); new: 2C_micstand x2 (asm_micstand), 2C_amp (asm_amp), 2C_guitar (asm_guitar), 2C_pedalboard (asm_pedalboard)",Blankets on the three solid walls and over the window; stands in the room's centre leaving a 0.8 m route from the door; amp in the corner,,"Reuse the existing assemblies named in the matrix (amp, guitar, pedalboard, micstand are RESIST-REFUSE owners); blankets with sewn edges","grey and brown wool blankets, pine battens, nickel stands",chalk marks on the floor where the stands go,,none added; the room is a dead space acoustically (acoustic graph node may be given higher absorption if the graph supports it),Life profile room conversion recording_room; studio brief precedent for the drape family,design/CLAUDE_APARTMENT_LIVED_IN_PASS.md; design/PROP_SET_INTERACTION_MATRIX.md; game/data/acoustic_graph.json,,Door swing and the route,"Threshold view from the hall reads a recording room, not a bedroom",verified,"2C_blanket_a/b: two 1.2 x 2.0 m moving blankets (blanket form: batten, bound edges, quilted rows) on the east wall. Deviations: the window and the door wall keep their light and swing; the mic stands, amp, guitar and pedalboard wait for their families. Verified at 7c765151 (slice13): the thirteen families pass the fabrication batch (25,479 checks, 0 failures; objects 50 actors, every rail and blanket on its actual wall face, the two closet-shelf items bearing on the clear boards), apartment batch 236 as before, upper lighting 0 failures, completion route 3D 16 waypoints as before (the kitchen leg), the household save owner 0 failures, the four-space sweep 0 failures; the rooms and native close-ups are in implementation/slice13."
F02_D_RESTRICTED-001,F02_D_RESTRICTED,P1,keep,Keep the interior empty and lit as it is,,,,,,,,,Intentional empty space; the matrix rules locked doors RESIST-REFUSE with a reason; no interior dressing is proposed,,,,Teleported overview unchanged,verified,"Kept: no slice touches the restricted interiors; the ducts capture at 1fadb5ad shows the same empty, lit room with its ceiling branch (implementation/ducts/images/F02_D_RESTRICTED_OV.jpg)."
F02_D_RESTRICTED-002,F02_D_RESTRICTED,P2,add,"The sealed threshold treatment, on the hall side only","new: a paper notice frame beside F02_D_ENTRY_DOOR (Label3D, one line: the Estate's seal, no explanation); new: dust mat without wear, no milk, a strip of brown paper over the letter slot",Hall side at 1.5 m beside the jamb; mat squared and clean,,Notice in the core notice-frame family; paper strip decal on the leaf,"foxed paper, brown gummed paper","none on the mat (nobody comes), a fingerprint on the paper strip (someone checks)",,through the door only: nothing; the acoustic graph should give 2D a dead node so the riser knock stops at its wall,The building's silence as a visible fact; the Rule of Signal's listening head inside is the only thing that still works,design/ORISON_BIBLE.md VIII.5.h; design/PROP_SET_INTERACTION_MATRIX.md locked doors; game/data/acoustic_graph.json,,Lock state and the 7 locked-door count asserted by the matrix,"Threshold view from F02_SOUTHWEST_HALL shows notice, strip and clean mat; the door rattles with its reason",proposed,
F03_PUBLIC_CORE-001,F03_PUBLIC_CORE,P2,add,Landing notice and the building's paper trail,,"On the core wall beside the floor plate at 1.5 m, clear of the rail",notice frame 0.35 x 0.45 m,"One framed notice board (Label3D text) per core level: the 1928 house rules on the public side, the service notice on the service side","oak frame, glass, foxed paper",a corner of the glass cracked and taped,,,Bible VIII.5.h: the paper trail begins in 1928; Nadia's memos signed Management need a place to be posted,design/ORISON_BIBLE.md VIII.5.h; game/data/resident_schedules.json (Nadia posts the tenant memo Mon/Wed/Fri),,,Readable by the service lamp from the landing,proposed,
F03_PUBLIC_CORE-002,F03_PUBLIC_CORE,P3,refine,Stair wear and the one unique landing piece,,Tread noses and the half-landing wall,,,honed stair marble (art/blender/stair_honed.md) with inherited dishing; one framed piece per half-landing (punchlist: each of the seven landings needs a unique piece),"dished treads, rail gold at hand height, paint rubbed at the turn",,,Accord 12 and the open punchlist row,,,Stair ironwork and tread collision,Reverse view up the flight shows the dishing read against the lamp,proposed,
F03_SERVICE_CORE-001,F03_SERVICE_CORE,P2,add,Landing notice and the building's paper trail,,"On the core wall beside the floor plate at 1.5 m, clear of the rail",notice frame 0.35 x 0.45 m,"One framed notice board (Label3D text) per core level: the 1928 house rules on the public side, the service notice on the service side","oak frame, glass, foxed paper",a corner of the glass cracked and taped,,,Bible VIII.5.h: the paper trail begins in 1928; Nadia's memos signed Management need a place to be posted,design/ORISON_BIBLE.md VIII.5.h; game/data/resident_schedules.json (Nadia posts the tenant memo Mon/Wed/Fri),,,Readable by the service lamp from the landing,proposed,
F03_SERVICE_CORE-002,F03_SERVICE_CORE,P3,refine,Stair wear and the one unique landing piece,,Tread noses and the half-landing wall,,,honed stair marble (art/blender/stair_honed.md) with inherited dishing; one framed piece per half-landing (punchlist: each of the seven landings needs a unique piece),"dished treads, rail gold at hand height, paint rubbed at the turn",,,Accord 12 and the open punchlist row,,,Stair ironwork and tread collision,Reverse view up the flight shows the dishing read against the lamp,proposed,
F03_LANDING-001,F03_LANDING,P2,add,Landing notice and the building's paper trail,,"On the core wall beside the floor plate at 1.5 m, clear of the rail",notice frame 0.35 x 0.45 m,"One framed notice board (Label3D text) per core level: the 1928 house rules on the public side, the service notice on the service side","oak frame, glass, foxed paper",a corner of the glass cracked and taped,,,Bible VIII.5.h: the paper trail begins in 1928; Nadia's memos signed Management need a place to be posted,design/ORISON_BIBLE.md VIII.5.h; game/data/resident_schedules.json (Nadia posts the tenant memo Mon/Wed/Fri),,,Readable by the service lamp from the landing,proposed,
F03_LANDING-002,F03_LANDING,P3,refine,Stair wear and the one unique landing piece,,Tread noses and the half-landing wall,,,honed stair marble (art/blender/stair_honed.md) with inherited dishing; one framed piece per half-landing (punchlist: each of the seven landings needs a unique piece),"dished treads, rail gold at hand height, paint rubbed at the turn",,,Accord 12 and the open punchlist row,,,Stair ironwork and tread collision,Reverse view up the flight shows the dishing read against the lamp,proposed,
F03_EAST_HALL-001,F03_EAST_HALL,P2,add,Door-threshold evidence per unit,,"At each apartment door on the hall side: a mat, a milk bottle or a parcel per the resident's routine, within 0.5 m of the jamb and outside the swing",,"One native object per door from the desktop_stock family (coir mat variants, a milk bottle pair, a string-tied parcel, a folded newspaper)","coir, glass, brown paper","the mat's worn centre, the floor varnish gone at the threshold",,,"The hall tells you who lives behind each door before you knock (schedules: milk, parcels, Evelyn's corrected notices)",game/data/resident_schedules.json; design/CLAUDE_APARTMENT_LIVED_IN_PASS.md,,"Door swings, the 1.2 m hall route, resident yield radius",Overview from the landing reads at least two different households from their thresholds,proposed,
F03_EAST_HALL-002,F03_EAST_HALL,P3,refine,Positional hall wear,,Floor centreline and the corner the mop cannot reach; wall at trolley height beside the lift,,,existing public floor finish (A02) with an inherited wear mask only,"centreline dulling, a mop-shadow in the corner, the wall scuffed at 0.6 m by the porter's trolley",,,Accord 12,,E2: inherited layer only; accrued grime belongs to section E,,Reverse view shows the wear path aligned with the actual door positions,proposed,
F03_EAST_HALL-003,F03_EAST_HALL,P2,remove,Powder-blue plane with a cream stripe at the core end,the flat plane at the east hall's core end (review),,,,,,,,A placeholder plane in a public hall,,,,Hall OV,implemented,The powder-blue plane was the readability cues' PUBLIC light pool beside the stair; gated off with BW-009.
F03_SERVICE_CROSSING-001,F03_SERVICE_CROSSING,P2,add,Maintenance evidence on the service spine,,"On the riser cluster wall and the floor against it, outside the 1.2 m route",,"Chalk valve marks (decal), a pipe tag per riser (Label3D), one crate, one coiled hose on a bracket; nothing on the route","chalk, card tags on wire, pine crate, rubber hose","drip stain under the valve, a boot scuff where the super stands",,,Accord 11 and 13: every pipe terminates and reads as a timeline; the super's rounds leave marks,art/blender/heating_distribution.md; art/blender/duct_supports.md; game/data/resident_schedules.json (Omar's rounds 08:00-12:00),,"Service route, dumbwaiter approach, door swings",Threshold view from the crossing shows marked pipes and a clear route,proposed,
F03_SERVICE_CROSSING-002,F03_SERVICE_CROSSING,P2,refine,Sawtooth ceiling planes over the crossing,ceiling geometry over F03_SERVICE_CROSSING,,,,,,,,Review: angled sawtooth planes read as an export artefact,,,,Crossing OV,proposed,
F03_SERVICE_HALL-001,F03_SERVICE_HALL,P2,add,Maintenance evidence on the service spine,,"On the riser cluster wall and the floor against it, outside the 1.2 m route",,"Chalk valve marks (decal), a pipe tag per riser (Label3D), one crate, one coiled hose on a bracket; nothing on the route","chalk, card tags on wire, pine crate, rubber hose","drip stain under the valve, a boot scuff where the super stands",,,Accord 11 and 13: every pipe terminates and reads as a timeline; the super's rounds leave marks,art/blender/heating_distribution.md; art/blender/duct_supports.md; game/data/resident_schedules.json (Omar's rounds 08:00-12:00),,"Service route, dumbwaiter approach, door swings",Threshold view from the crossing shows marked pipes and a clear route,proposed,
F03_SERVICE_HALL_SOUTH-001,F03_SERVICE_HALL_SOUTH,P2,add,Maintenance evidence on the service spine,,"On the riser cluster wall and the floor against it, outside the 1.2 m route",,"Chalk valve marks (decal), a pipe tag per riser (Label3D), one crate, one coiled hose on a bracket; nothing on the route","chalk, card tags on wire, pine crate, rubber hose","drip stain under the valve, a boot scuff where the super stands",,,Accord 11 and 13: every pipe terminates and reads as a timeline; the super's rounds leave marks,art/blender/heating_distribution.md; art/blender/duct_supports.md; game/data/resident_schedules.json (Omar's rounds 08:00-12:00),,"Service route, dumbwaiter approach, door swings",Threshold view from the crossing shows marked pipes and a clear route,proposed,
F03_WEST_HALL-001,F03_WEST_HALL,P2,add,Door-threshold evidence per unit,,"At each apartment door on the hall side: a mat, a milk bottle or a parcel per the resident's routine, within 0.5 m of the jamb and outside the swing",,"One native object per door from the desktop_stock family (coir mat variants, a milk bottle pair, a string-tied parcel, a folded newspaper)","coir, glass, brown paper","the mat's worn centre, the floor varnish gone at the threshold",,,"The hall tells you who lives behind each door before you knock (schedules: milk, parcels, Evelyn's corrected notices)",game/data/resident_schedules.json; design/CLAUDE_APARTMENT_LIVED_IN_PASS.md,,"Door swings, the 1.2 m hall route, resident yield radius",Overview from the landing reads at least two different households from their thresholds,proposed,
F03_WEST_HALL-002,F03_WEST_HALL,P3,refine,Positional hall wear,,Floor centreline and the corner the mop cannot reach; wall at trolley height beside the lift,,,existing public floor finish (A02) with an inherited wear mask only,"centreline dulling, a mop-shadow in the corner, the wall scuffed at 0.6 m by the porter's trolley",,,Accord 12,,E2: inherited layer only; accrued grime belongs to section E,,Reverse view shows the wear path aligned with the actual door positions,proposed,
F03_SOUTHWEST_HALL-001,F03_SOUTHWEST_HALL,P2,add,Door-threshold evidence per unit,,"At each apartment door on the hall side: a mat, a milk bottle or a parcel per the resident's routine, within 0.5 m of the jamb and outside the swing",,"One native object per door from the desktop_stock family (coir mat variants, a milk bottle pair, a string-tied parcel, a folded newspaper)","coir, glass, brown paper","the mat's worn centre, the floor varnish gone at the threshold",,,"The hall tells you who lives behind each door before you knock (schedules: milk, parcels, Evelyn's corrected notices)",game/data/resident_schedules.json; design/CLAUDE_APARTMENT_LIVED_IN_PASS.md,,"Door swings, the 1.2 m hall route, resident yield radius",Overview from the landing reads at least two different households from their thresholds,proposed,
F03_SOUTHWEST_HALL-002,F03_SOUTHWEST_HALL,P3,refine,Positional hall wear,,Floor centreline and the corner the mop cannot reach; wall at trolley height beside the lift,,,existing public floor finish (A02) with an inherited wear mask only,"centreline dulling, a mop-shadow in the corner, the wall scuffed at 0.6 m by the porter's trolley",,,Accord 12,,E2: inherited layer only; accrued grime belongs to section E,,Reverse view shows the wear path aligned with the actual door positions,proposed,
F03_SOUTHWEST_HALL-003,F03_SOUTHWEST_HALL,P3,refine,Stray diagonal pipe,the diagonal pipe in the southwest hall (review),,,,,,,,Accord 11: give it supports and a destination or remove it,,,,Hall OV,proposed,
F03_A_VESTIBULE-001,F03_A_VESTIBULE,P1,add,Entry landing set for Malcolm Reed,,"Along the wall opposite the entry door swing, within 0.9 m of the door, leaving the authored route clear",hook strip 0.6 m long at 1.65 m; shelf 0.3 m deep at 1.1 m; mat 0.6 x 0.9 m,Entry kit from the shared desktop_stock / domestic_objects families; hooks and shelf as one native assembly per vestibule variant,"painted pine shelf, iron hooks, coir mat, brass drip tray","scuff fan on the floor inside the door, hand-grime on the door edge at latch height, the wall rubbed by coats at shoulder height",flush dome as authored,,Identify the resident from the threshold (lived-in acceptance criterion),game/data/apartment_life_profiles.json entry_set; art/blender/desktop_stock.md,,"Door swing, 0.8 m route, SwitchPlate reach",Threshold capture from the hall shows the set; door-route test unchanged,verified,"Entry landing set for Malcolm Reed: a hall stand (DomesticObject16: backboard with four iron hooks at 1.65 m, shelf at 1.1 m, plinth with a brass drip tray) on the south wall, clear of the entry leaf's swing and the living-room opening. Deviations: the coir mat and the per-resident hook load wait for a collision-free floor piece and the cloth family. Verified at b8319c79 and e6c97bc1: the twelve rebuilt families pass the fabrication batch with every stand bearing on its floor (implementation/slice8b, after the three D-plan stands were moved inside their vestibules), apartment batch 236 as before, upper lighting 0 failures, both door-route suites and the six completion routes unchanged (1A 15, 1D 25, 2C 9, 3D 16, 4C 9, 4D 12); the vestibule sweeps show the stands (implementation/slice8)."
F03_A_VESTIBULE-002,F03_A_VESTIBULE,P2,add,Building hardware: signal outlet plate and chain guard,new: brass flush signal-outlet plate beside the switch; new: chain door guard on the entry leaf,"Signal plate 0.15 m beside the existing SWITCH anchor at the same height; chain guard on the leaf at 1.5 m, keeper on the jamb",plate 70 x 115 mm; chain 0.3 m,Two small native parts in the fixed_lighting / door hardware families; no interaction,"brass with a dull lacquer, painted over at one screw",,,,Bible VIII.3: every room has a signal point beside the power socket; Accord 11: one anchor painted over,art/blender/light_switch.md; art/blender/door_knob_set.md,,,Visible in the threshold view at eye height,verified,"The brass signal-outlet plate beside the switch came with BW-013 (slice 6); the chain door guard is on the entry leaf's apartment face: slotted plate by the latch stile, anchor plate and unhooked chain beside it (slice 10). Verified at d38ba7ac (slice10, slice10b): the thirteen families pass the fabrication batch (24,276 checks, 0 failures; seating 51 actors with the two armchairs, 1A's captured natively), door casings and fitted door fabric 0 failures, door hinges 10 as before (the 105-door count and one leaf's knuckles, identical at 6d99760d, slice10c), both door-route suites unchanged (45 and 32 waypoints, 0 failures), completion route 1A 15 waypoints as before (the kitchen leg), apartment batch 236 as before, upper lighting 0 failures, the seven-space sweep 0 failures; the chain guards are shown at the vestibule thresholds and the armchairs in F05_B_MAIN and F01_A_MAIN (implementation/slice10)."
F03_A_MAIN-001,F03_A_MAIN,P1,add,Propagation shelf across the windows,"new: 3A_prop_shelf (shelf family, 2.4 m long, 0.25 m deep) under both window sills with jars (desktop_stock jarrow family)","Spanning the two west windows at 0.78 m, 0.1 m off the glass, jars in two rows with one gap of exactly one jar's width at the north end",,"One shelf variant with jar rows; the gap is authored as an empty support, dusted (no dust decal there)","pine, glass jars, string tags","water rings on the shelf, a green stain under the jars, dust everywhere but the gap",the window glow lights the jars from behind at day; at night the pendant,,Life profile propagation_shelf; contradiction: one spot kept clear and never filled,game/data/apartment_life_profiles.json; art/blender/domestic_storage.md; art/blender/desktop_stock.md,,"Window light, radiator valve reach, route to the kitchen opening",Overview from the vestibule reads two windows of jars with one gap,verified,"3A_prop_shelf_s/_n: two low oak shelves (Shelf09 1.5 m and Shelf10 1.2 m, two boards, 0.72 m, so they stand under the 0.75 m sills) under the two west windows either side of the potting bench, each with two rows of lidded glass seed jars (seedjars form); the north row lacks one jar at its end (seedjarsgap form). Deviations: two shelves rather than one 2.4 m span because the potting bench stands between the windows; jars hold no soil or seedlings yet (no soil or plant key in the stock family). Verified at 7813b06c (slice19): the thirteen families pass the fabrication batch (27,146 checks, 0 failures; storage 52, objects 84, stock 187, every jar, cover and fold bearing on its board), apartment batch 236 as before, completion route 4C 9 waypoints as before, upper lighting and the household save owner 0 failures, the three-space sweep 0 failures; close-ups in implementation/slice19."
F03_A_MAIN-002,F03_A_MAIN,P2,refine,Potting bench working surface,"3A_potting_bench (TableRect05); 3A_story_cuttings, 3A_story_seed_jars, 3A_story_specimen (existing)","As installed, bench end against the pier",,"Add a zinc watering tray, a trug, a soil sweep decal on the floor under the bench, a pruning station (secateurs on a cloth)","zinc, willow, oilcloth",soil in the floor seams; a knife mark line on the bench edge,,,Life profile pruning_station; story panel pressed leaves and reused jars,,,,Detail view of the bench,proposed,
F03_A_MAIN-003,F03_A_MAIN,P2,add,The propagation diagram and the cutting portrait,new: two framed pieces (CharacterMemoryArt),"On the wall beside the private-hall door at 1.5 m, 0.4 m apart, not crowding the plants (decor profile)",,"WallArtLaw; one diagram sheet (line decals), one small sepia plate",,,,,"Decor profile: evidence, not decor; the only photograph of a plant in the building is Sacha's (web II.8)",,,,Detail view shows two frames clear of the shelf,verified,"3A_diagram (a copy of 4A's document frame standing for the propagation diagram) and 3A_portrait (photo style, the sepia plate) 0.4 m apart at 1.5 m on the north wall between the kitchen opening and the private-hall door, clear of the plants. The diagram's line drawing is a blank sheet (no lettering or line decals in textures). Verified at 260cffe6 (slice15): the thirteen families pass the fabrication batch (26,116 checks, 0 failures; objects 78 actors, every frame, canvas and board bearing on its actual wall face), apartment batch 236 as before, upper lighting 0 failures, completion route 3D 16 waypoints as before, the household save owner 0 failures, the five-space sweep 0 failures; captures in implementation/slice15."
F03_A_MAIN-004,F03_A_MAIN,P3,refine,Repotting on the dining table,"3A_din_t, chairs","Table against the inner wall; one chair under it, one pulled out",,A newspaper sheet decal and a pot on the table (desktop_stock),,,,,Daily loop repot,,,,Reverse view,proposed,
F03_A_MAIN-005,F03_A_MAIN,P1,refine,Reads as an unfurnished template,3A main room overall,,,,,,,,Review: 3A main and all of 3D read as unfurnished templates despite the potting bench; the propagation shelf (F03_A_MAIN-001) is the fix,,,,OV reads a horticulturist's room,verified,"The overview now reads a horticulturist's room: the propagation shelves and seed-jar rows under both west windows (slice 19), the specimen plant in its pot and the potting bench, beside the wall pieces of slice 15 (F03_A_MAIN_OV). Verified at WIP ed0359c3 (implementation/slice27b): fabrication batch 0 failures (surface stock bearings include the sectional case's top cap); apartment batch 236 (the branch baseline); bookshelves 144 checks, 0 failures with the ledger seated on the case; upper kitchens 206 (the branch baseline); four-space sweep 0 failures."
F03_A_KITCHEN-001,F03_A_KITCHEN,P1,refine,Kitchen set for Malcolm Reed,3A_prep_cabinet; 3A_k_wall_cupboard; F03_3A_STOVE_01; F03_3A_FRIDGE_01; F03_3A_KITCHEN_SINK_01,"On the preparation cabinet top, the drainboard, the range's cold side and the icebox top, within the existing support ids; nothing on the floor in the cross-passage",,"Surface props from desktop_stock (mugs, dishrack, jars, tins, bread board) selected per kitchen_set; at most 8 pieces, merged per family","enamel (tenant-specific variant), tin, glass jars, porcelain, oilcloth on the cabinet top","grease film on the wall behind the range at splash height, a scorched ring on the cabinet top beside the range, worn oilcloth at the working edge",as authored; the range's pilot is the only new glow and only where the resident cooks,,Appliance Bible III: the appliance that tells the truth about the tenant,design/ORISON_APPLIANCE_BIBLE.md; game/data/orison_v2/domestic_surface_props.json; art/blender/desktop_stock.md,,"StoveProp oven leaf, FridgeProp leaf and ice door, TapProp cycle, toaster carriage and crumb pan, prep cabinet slide, kitchen cross-passage",Overview shows the set from the kitchen opening; no prop within the oven or fridge door sweep,verified,"jars_and_compost: tin and bread board on the prep cabinet (the jar row is a V1 collector form and waits). Surface-stock records on the sink or prep cabinet support, within the dossier's eight-piece cap; grease film, scorch ring and oilcloth wear stay with the finish pass. Verified at 333c8041: the surface-stock fabrication validator passes 2,644 checks with the 107 records mounted (implementation/slice7/receipts/fabrication_shots__batch.json), the prep-cabinet and toaster validators stay clean, the apartment batch keeps the slice-2 count (236) and upper lighting 0 failures; the kitchen sweeps show the pieces (implementation/slice7)."
F03_A_KITCHEN-002,F03_A_KITCHEN,P2,add,Monitor-top electric evidence,F03_3A_FRIDGE_01,Ice card in the kitchen window's lower pane facing out (icebox units); zinc drip tray on the floor under the icebox with a water tide line,,Card as Label3D-free coloured rectangle with the number as a painted numeral quadrant (no lettering in texture); tray as a desktop-stock piece,"card stock, zinc",the tray's tide line and a rust bloom at one corner,,,Bible VIII.5.a: which number is showing is a fact about that household,design/ORISON_BIBLE.md VIII.5.a,,,Visible in the reverse view; the tray does not enter the fridge door stance,proposed,
F03_A_KITCHEN-003,F03_A_KITCHEN,P1,add,The empty memorial pot above the sink,"new: 3A_memorial_pot (desktop_stock terracotta pot with soil, no plant) on the window sill over F03_3A_KITCHEN_SINK_01","Window sill, centred, facing the room",0.14 m pot,Desktop-stock pot variant with a soil fill and a water ring; INSPECT card only; hero object,"terracotta, dark soil, a chalk line on the rim",the sill under it dusted clean in a ring,,,Life profile hero object empty_memorial_pot; Appliance Bible III,game/data/apartment_life_profiles.json; design/ORISON_APPLIANCE_BIBLE.md,,,Detail view at the sink,verified,"3A's kitchen window is on the west wall, not over the sink, so the empty memorial pot (terracotta, dry soil, a chalk mark on the rim facing the room) stands at the back of the sink's drainboard under the wall cupboard and keeps the sink's detail view (implementation/slice27b/images/3A_memorial_pot_stock.jpg). It is passive stock: the INSPECT card waits for an inspect owner on surface stock. Verified at WIP ed0359c3 (implementation/slice27b): fabrication batch 0 failures (surface stock bearings include the sectional case's top cap); apartment batch 236 (the branch baseline); bookshelves 144 checks, 0 failures with the ledger seated on the case; upper kitchens 206 (the branch baseline); four-space sweep 0 failures."
F03_A_KITCHEN-004,F03_A_KITCHEN,P2,add,Compost pail under the sink,new: 3A_compost_pail (desktop_stock enamel pail with lid),"On the floor under the sink support, clear of the tap stance",,,"chipped white enamel, a lid",,,,Kitchen set jars_and_compost,,,,Reverse view,verified,"3A_compost_pail (the galvanised can form) on the floor at the east end of the sink support, clear of the tap and stove stances. Deviation: beside the sink support rather than under it (the frame's underside is not a clear bearing), galvanised rather than enamel. Verified at 7eeaa0ef (slice17b): the thirteen families pass the fabrication batch (26,568 checks, 0 failures; tables 73, seating 52, objects 79, stock 178, the parcel bearing on the chair seat and the pail on the floor), apartment batch 236 as before, the apartment door route 45 and the 4B route 32 waypoints with 0 failures, completion route 4D 12 waypoints as before, upper lighting and the household save owner 0 failures, the four-space sweep 0 failures; captures in implementation/slice17b."
F03_A_PRIVATE_HALL-001,F03_A_PRIVATE_HALL,P2,refine,"Hall use evidence (one object, not a kit)",,Against the wall clear of both door swings and the 0.8 m route,,"One native object from an existing family (hamper, hat stand, folded-laundry shelf or boot tray) by the resident's routine","period-appropriate: painted pine, wicker, tin",rub line at hip height where the resident brushes past nightly; floor wear path from bed to bath,,,Accord 14 evidence within two metres; keeps the hall a hall,,,"Door swings, route, bedside/bath approach stances","Threshold view from the main room shows the hall as used, not empty, with the route visibly clear",verified,"A galvanised boot tray with a pair of rubber galoshes and dried mud (boottray form) against the north wall at (-9.32, 7.58), clear of every door and opening approach (each opening's span plus 0.15 m, 1.0 m deep), the stances and a 0.85 m route. The hamper's cane panels read as a lidded box rather than a woven basket and the galoshes are plain blocks; finer weave and boot forms are later art. Verified at 2152694f (slice14b) and 4fc1b18d (slice14c, after 2A's and 3A's objects moved to the north end wall out of the door route): the thirteen families pass the fabrication batch (25,826 checks, 0 failures; every hall object bearing inside its hall), apartment batch 236 as before, the apartment door route 45 waypoints and the 4B route 32 with 0 failures, the six completion routes unchanged (1A 15, 1D 25, 2C 9, 3D 16, 4C 9, 4D 12), upper lighting 0 failures, upper furniture 444 identical to slice 13 (slice14base), the eighteen-hall sweep 0 failures; captures in implementation/slice14b and slice14c."
F03_A_BATH-001,F03_A_BATH,P2,refine,Resident bath set for Malcolm Reed,3A_soap_dish; 3A_hand_towel; 3A_toilet_roll; F03_3A_MIRROR_01 (medicine cabinet),"On the basin rim and the cabinet shelves, inside the existing bath_details supports; towel on the existing rail or on a new 300 mm brass hook beside the basin if no rail exists",,"Small desktop-stock objects in the existing desktop_stock family (max 6 per bathroom), seated by support id, no new owner","porcelain, nickel-plated brass, huckaback cotton; enamel with fine crazing","wiping arc at eye height on the mirror, soap ring on the dish, a chip on the basin rim at the tap side",flush dome as authored; no added light,,"Reads as Malcolm Reed's routine, not a generic bathroom",game/data/orison_v2/bath_details.json; game/data/orison_v2/household_accessories.json; art/blender/desktop_stock.md,,"TapProp cycle, curtain area, MedicineCabinetProp leaf and the I-key care inspection reach",Detail view from the door shows the set without obstructing the basin stance,proposed,
F03_A_BATH-002,F03_A_BATH,P3,refine,Positional wear and water consequence,,Floor at the receptor edge and the wall at the register,,,existing wet_cloth / local drain finish masks (B4 cloth batch) extended with a 0.4 m water line decal under the curtain hem,"darkened grout line along the receptor, paint lifted below the register, the mop-shadow corner the mop cannot reach",,,Accord 12: wear follows use; Accord 14: consequence within two metres,art/blender/scripts/owner_finish_materials.py (localized drain finish); game/data/orison_v2/owner_finish_profiles.json,E2: inherited patina baked; accrued grime simulated later by section E; author only the inherited layer here,,,proposed,
F03_A_BED-001,F03_A_BED,P2,add,Seedling tray on the sill and the catalogue,new: 3A_seed_tray (desktop_stock) on the window sill; a catalogue (papers) on 3A_bed0_ns,North window sill; nightstand top,,,"wooden flat, newsprint, paper",,,,Daily loop water; wardrobe bible late-night state,,,,Detail view of the sill,verified,"3A_seed_catalogue (booklet form) on 3A_bed0_ns's front strip. The seedling tray on the north sill waits for a sill support in the stock inspector. Verified at 82e2fbb9 (slice16) and 42a4a0db (slice16c, the same runtime tree with the surface-stock close-ups made selectable): the thirteen families pass the fabrication batch (26,426 checks, 0 failures; 175 stock assemblies, every new piece bearing on its nightstand or table top clear of the baked book and glass), apartment batch 236 as before, completion routes 1A 15 and 4C 9 as before, upper lighting and the household save owner 0 failures, the seven-space sweep 0 failures; close-ups in implementation/slice16c (1A's nightstand has no clear camera station, so its spectacles and pencil rest on the bearing check alone)."
F03_B_VESTIBULE-001,F03_B_VESTIBULE,P1,add,Entry landing set for Omar Bell,,"Along the wall opposite the entry door swing, within 0.9 m of the door, leaving the authored route clear",hook strip 0.6 m long at 1.65 m; shelf 0.3 m deep at 1.1 m; mat 0.6 x 0.9 m,Entry kit from the shared desktop_stock / domestic_objects families; hooks and shelf as one native assembly per vestibule variant,"painted pine shelf, iron hooks, coir mat, brass drip tray","scuff fan on the floor inside the door, hand-grime on the door edge at latch height, the wall rubbed by coats at shoulder height",flush dome as authored,,Identify the resident from the threshold (lived-in acceptance criterion),game/data/apartment_life_profiles.json entry_set; art/blender/desktop_stock.md,,"Door swing, 0.8 m route, SwitchPlate reach",Threshold capture from the hall shows the set; door-route test unchanged,verified,"Entry landing set for Omar Bell: a hall stand (DomesticObject16: backboard with four iron hooks at 1.65 m, shelf at 1.1 m, plinth with a brass drip tray) on the north wall beside the switch (the only wall both leaf swings and the route leave clear; two metres from the door rather than the dossier's 0.9). Deviations: the coir mat and the per-resident hook load wait for a collision-free floor piece and the cloth family. Verified at b8319c79 and e6c97bc1: the twelve rebuilt families pass the fabrication batch with every stand bearing on its floor (implementation/slice8b, after the three D-plan stands were moved inside their vestibules), apartment batch 236 as before, upper lighting 0 failures, both door-route suites and the six completion routes unchanged (1A 15, 1D 25, 2C 9, 3D 16, 4C 9, 4D 12); the vestibule sweeps show the stands (implementation/slice8)."
F03_B_VESTIBULE-002,F03_B_VESTIBULE,P2,add,Building hardware: signal outlet plate and chain guard,new: brass flush signal-outlet plate beside the switch; new: chain door guard on the entry leaf,"Signal plate 0.15 m beside the existing SWITCH anchor at the same height; chain guard on the leaf at 1.5 m, keeper on the jamb",plate 70 x 115 mm; chain 0.3 m,Two small native parts in the fixed_lighting / door hardware families; no interaction,"brass with a dull lacquer, painted over at one screw",,,,Bible VIII.3: every room has a signal point beside the power socket; Accord 11: one anchor painted over,art/blender/light_switch.md; art/blender/door_knob_set.md,,,Visible in the threshold view at eye height,verified,"The brass signal-outlet plate beside the switch came with BW-013 (slice 6); the chain door guard is on the entry leaf's apartment face: slotted plate by the latch stile, anchor plate and unhooked chain beside it (slice 10). Verified at d38ba7ac (slice10, slice10b): the thirteen families pass the fabrication batch (24,276 checks, 0 failures; seating 51 actors with the two armchairs, 1A's captured natively), door casings and fitted door fabric 0 failures, door hinges 10 as before (the 105-door count and one leaf's knuckles, identical at 6d99760d, slice10c), both door-route suites unchanged (45 and 32 waypoints, 0 failures), completion route 1A 15 waypoints as before (the kitchen leg), apartment batch 236 as before, upper lighting 0 failures, the seven-space sweep 0 failures; the chain guards are shown at the vestibule thresholds and the armchairs in F05_B_MAIN and F01_A_MAIN (implementation/slice10)."
F03_B_MAIN-001,F03_B_MAIN,P1,add,The sacrificial teardown on newspaper,"new: 3B_teardown (new native assembly: radio chassis with valves out, on a newspaper sheet, screws in a saucer)","On the floor beside 3B_partscrate, 0.5 m from the wall, outside the bench aisle",0.5 x 0.35 m,"One native assembly in the household_objects_radios family (chassis, three loose valves, a saucer, a sheet); INSPECT owner; never a live receiver","crackle-black steel, glass valves, newsprint decal","solder splash on the newspaper, a scorch on the floor beside it",,,Life profile hero object sacrificial_teardown_appliance; proposed backstory: the 1977 blackout chassis,game/data/apartment_life_profiles.json; art/blender/household_objects_radios.md,,"Bench aisle and workbench stance, the task lamp's cord route (G14)",Detail view from the bench stance,verified,"3B_teardown (new teardown form: a newspaper sheet, an open chassis with three empty valve sockets, three loose valves standing on the sheet, a saucer of screws) on the floor north of the parts crate, beside the hall opening's approach. Passive, never a live receiver; the INSPECT card waits for the matrix pass. Verified at d0108d15 (slice18): the thirteen families pass the fabrication batch (26,770 checks, 0 failures; objects 83 actors, every new piece standing on its floor inside its room and clear of its neighbours), apartment batch 236 as before, the apartment door route 45 and the 4B route 32 waypoints with 0 failures, upper lighting and the household save owner 0 failures, the three-space sweep 0 failures; native close-ups in implementation/slice18."
F03_B_MAIN-002,F03_B_MAIN,P1,add,Intake crate and outgoing shelf,3B_partscrate (existing) retagged as intake; new: 3B_outgoing_shelf (Shelf01) with three wrapped parcels (desktop_stock),Crate by the vestibule opening; shelf on the wall beside the private-hall opening at 1.1 m,,"Paper tags on string (desktop_stock), parcels in brown paper","brown paper, string, pine",,,,Life profile surface set repair_intake; story panel repair tags,,,,Overview reads a flow from door to bench to shelf,verified,"3B_outgoing_shelf (Shelf01 copy) against the south wall west of the private-hall opening, three wrapped parcels (3B_out_parcel_a/b/c) on its 0.97 m board. 3B_partscrate stays at its anchor as the intake crate (the dossier's move to the vestibule opening collides with the radio stance); paper tags wait for a tag form. Verified at ec25cca0 (slice11b; slice11 is the first run, red on the two placements fixed here): the thirteen families pass the fabrication batch (24,724 checks, 0 failures; tables 72, storage 50 and objects 36 actors with the copies, surface stock 3,708 checks with every record bearing on its support, the reel boxes on the clear boards), apartment batch 236 as before, upper lighting 0 failures, the household save owner's 201 controls unchanged (0 failures), the four-space sweep 0 failures; the rooms are shown in implementation/slice11b."
F03_B_MAIN-003,F03_B_MAIN,P2,refine,Fastener drawers on the tool shelves,"3B_tools0, 3B_tools1 (Shelf01)",,,Add a bank of small labelled tins and a six-drawer fastener cabinet (desktop_stock) to the shelf variant,"tin, card labels (blank rectangles)",,,,Life profile fastener_drawers; story panel sorted fasteners,,,,Detail view of the shelves,proposed,
F03_B_MAIN-004,F03_B_MAIN,P2,keep,"Keep the wall radio, projector and bench lamp",3B_radio (HouseholdRadio at 1.82 m); 3B_tv (ProjectorProp); F03_B_LAMP_01 (bench_friction),,,,,,,,F14: Omar's is a case flat with a projector; the wall radio is his second set; the lamp is G14's fitted cord family,,,,Unchanged in the overview,verified,"Kept: household_radios.json, domestic_projectors.json and F03_B_LAMP_01's installation are unchanged since e63ce4f6 (implementation/slice34/receipts/keep_audit.receipt.json). Verified at WIP 974ee6d2 (implementation/slice34): fabrication batch 0 failures; apartment batch 236 on the long runner; completion 1A 15 waypoints with its pre-existing kitchen-leg failure; roof route 53 waypoints, 0 failures; the two-space sweep 0 failures; the keep audit (receipts/keep_audit.receipt.json) holds for all nine keep items."
F03_B_MAIN-005,F03_B_MAIN,P2,refine,Workbench carcass untextured; shelving posts; the radio's seat,3B_workbench (assembly) carcass; 3B_tools0/1 posts; 3B_radio,,,,,,,,"Review: the bench carcass is an untextured dark box, the shelves are square steel posts with flat boxes, the radio sits on the rack not the wall",art/blender/work_tables.md; art/blender/domestic_storage.md,,,Bench and shelf details,proposed,
F03_B_KITCHEN-001,F03_B_KITCHEN,P1,refine,Kitchen set for Omar Bell,3B_prep_cabinet; 3B_k_wall_cupboard; F03_3B_STOVE_01; F03_3B_FRIDGE_01; F03_3B_KITCHEN_SINK_01,"On the preparation cabinet top, the drainboard, the range's cold side and the icebox top, within the existing support ids; nothing on the floor in the cross-passage",,"Surface props from desktop_stock (mugs, dishrack, jars, tins, bread board) selected per kitchen_set; at most 8 pieces, merged per family","enamel (tenant-specific variant), tin, glass jars, porcelain, oilcloth on the cabinet top","grease film on the wall behind the range at splash height, a scorched ring on the cabinet top beside the range, worn oilcloth at the working edge",as authored; the range's pilot is the only new glow and only where the resident cooks,,Appliance Bible III: the appliance that tells the truth about the tenant,design/ORISON_APPLIANCE_BIBLE.md; game/data/orison_v2/domestic_surface_props.json; art/blender/desktop_stock.md,,"StoveProp oven leaf, FridgeProp leaf and ice door, TapProp cycle, toaster carriage and crumb pan, prep cabinet slide, kitchen cross-passage",Overview shows the set from the kitchen opening; no prop within the oven or fridge door sweep,verified,"simple_and_maintained: bread board and tin on the prep cabinet. Surface-stock records on the sink or prep cabinet support, within the dossier's eight-piece cap; grease film, scorch ring and oilcloth wear stay with the finish pass. Verified at 333c8041: the surface-stock fabrication validator passes 2,644 checks with the 107 records mounted (implementation/slice7/receipts/fabrication_shots__batch.json), the prep-cabinet and toaster validators stay clean, the apartment batch keeps the slice-2 count (236) and upper lighting 0 failures; the kitchen sweeps show the pieces (implementation/slice7)."
F03_B_KITCHEN-002,F03_B_KITCHEN,P2,add,Ice card and drip tray evidence,F03_3B_FRIDGE_01,Ice card in the kitchen window's lower pane facing out (icebox units); zinc drip tray on the floor under the icebox with a water tide line,,Card as Label3D-free coloured rectangle with the number as a painted numeral quadrant (no lettering in texture); tray as a desktop-stock piece,"card stock, zinc",the tray's tide line and a rust bloom at one corner,,,Bible VIII.5.a: which number is showing is a fact about that household,design/ORISON_BIBLE.md VIII.5.a,,,Visible in the reverse view; the tray does not enter the fridge door stance,verified,"3B_drip_tray: a zinc drip pan holding a skin of water (driptray form) on the floor under the icebox, between its feet with the front lip showing, clear of the door stance and the door's swing. The ice card in the window pane waits for a window-pane support (the panes belong to the shell, not a furniture actor). Verified at 4444e1e1 (slice22) and db14e977 (slice22b, the 6A backdrop narrowed): the thirteen families pass the fabrication batch (28,045 checks, 0 failures; 206 stock assemblies, every pan bearing on the floor between its icebox's feet), apartment batch 236 as before, the six completion routes unchanged (1A 15, 1D 25, 2C 9, 3D 16, 4C 9, 4D 12), upper lighting and the household save owner 0 failures, upper kitchens 238 with the baseline's labels, the fourteen-kitchen sweep 0 failures; close-ups in implementation/slice22."
F03_B_KITCHEN-003,F03_B_KITCHEN,P2,refine,Workshop enamel on the range,F03_3B_STOVE_01,,,Apply the enamel_workshop recipe (owner finish profiles) to this range only,white enamel with tape residue and one mismatched panel,,,,Appliance Bible IV texture identity,game/data/orison_v2/owner_finish_profiles.json; design/ORISON_APPLIANCE_BIBLE.md IV,,,Detail view at the range,proposed,
F03_B_KITCHEN-004,F03_B_KITCHEN,P2,refine,Service door is a featureless charcoal slab,F03_B_SERVICE_DOOR leaf,,,,,,,,Review; the only kitchen service door in the building should be a panelled service leaf with a kick plate,art/blender/shop_joinery.md (fitted back doors) as the pattern,,,Kitchen OV,proposed,
F03_B_PRIVATE_HALL-001,F03_B_PRIVATE_HALL,P2,refine,"Hall use evidence (one object, not a kit)",,Against the wall clear of both door swings and the 0.8 m route,,"One native object from an existing family (hamper, hat stand, folded-laundry shelf or boot tray) by the resident's routine","period-appropriate: painted pine, wicker, tin",rub line at hip height where the resident brushes past nightly; floor wear path from bed to bath,,,Accord 14 evidence within two metres; keeps the hall a hall,,,"Door swings, route, bedside/bath approach stances","Threshold view from the main room shows the hall as used, not empty, with the route visibly clear",verified,"A parts crate (a copy of 3B_partscrate) against the east wall at (15.38, -9.43), clear of every door and opening approach (each opening's span plus 0.15 m, 1.0 m deep), the stances and a 0.85 m route. The hamper's cane panels read as a lidded box rather than a woven basket and the galoshes are plain blocks; finer weave and boot forms are later art. Verified at 2152694f (slice14b) and 4fc1b18d (slice14c, after 2A's and 3A's objects moved to the north end wall out of the door route): the thirteen families pass the fabrication batch (25,826 checks, 0 failures; every hall object bearing inside its hall), apartment batch 236 as before, the apartment door route 45 waypoints and the 4B route 32 with 0 failures, the six completion routes unchanged (1A 15, 1D 25, 2C 9, 3D 16, 4C 9, 4D 12), upper lighting 0 failures, upper furniture 444 identical to slice 13 (slice14base), the eighteen-hall sweep 0 failures; captures in implementation/slice14b and slice14c."
F03_B_ALCOVE-001,F03_B_ALCOVE,P1,refine,Turn or back-panel the wardrobe,3B_aw_wardrobe (Wardrobe00),"Same anchor; rotate so the leaves face the bed, or add the finished back panel to the variant",,Wardrobe variant with a finished back (household_wardrobes family) or a yaw change in the source plan,,,,,Punchlist: wardrobe faces the main room with its unfinished back panel,design/walkthrough_punchlist.md; art/blender/household_wardrobes.md,,Leaf motions and the 42-leaf test,Overview from the main room shows no raw back,rejected,"Measured, not a bug: 3B_aw_wardrobe at yaw 0 on the north wall shows its two leaves and knobs to the room and the bed foot (implementation/slice2/images/F03_B_ALCOVE_DT3.jpg); the punchlist's back-to-room reading does not hold at this station. No data change."
F03_B_ALCOVE-002,F03_B_ALCOVE,P2,add,"Bedside: spectacles, alarm, torch",new: desktop_stock on 3B_abed_ns,,,,,,,,Schedule: wakes 03:00 to check the breaker panel,,,,Detail view of the nightstand,verified,"3B_alarm (alarm clock) on 3B_abed_ns; spectacles and torch wait for their forms. Verified at dc849111 (slice9e, slice9f) and 266ef28a (slice9g): the thirteen families pass the fabrication batch (24,237 checks, 0 failures; surface stock 3,461 checks with every record bearing on its support, the fifteen prep cabinets with the 1D, 2C and 4C completion copies), apartment batch 236 as before, completion routes 1D 25, 2C 9 and 4C 9 unchanged (the C-plan bath leg), upper lighting 0 failures, upper kitchens 238 as before (the material-binding and three-stance failures are identical at 66994c91, slice9h), the household save owner's 201 controls save and restore (0 failures), the eight-space sweep 0 failures; the resident surfaces are shown in implementation/slice9 (at bc26e9ca) and the kitchens and the 6C vestibule in slice9e."
F03_B_BATH-001,F03_B_BATH,P2,refine,Resident bath set for Omar Bell,3B_soap_dish; 3B_hand_towel; 3B_toilet_roll; F03_3B_MIRROR_01 (medicine cabinet),"On the basin rim and the cabinet shelves, inside the existing bath_details supports; towel on the existing rail or on a new 300 mm brass hook beside the basin if no rail exists",,"Small desktop-stock objects in the existing desktop_stock family (max 6 per bathroom), seated by support id, no new owner","porcelain, nickel-plated brass, huckaback cotton; enamel with fine crazing","wiping arc at eye height on the mirror, soap ring on the dish, a chip on the basin rim at the tap side",flush dome as authored; no added light,,"Reads as Omar Bell's routine, not a generic bathroom",game/data/orison_v2/bath_details.json; game/data/orison_v2/household_accessories.json; art/blender/desktop_stock.md,,"TapProp cycle, curtain area, MedicineCabinetProp leaf and the I-key care inspection reach",Detail view from the door shows the set without obstructing the basin stance,proposed,
F03_B_BATH-002,F03_B_BATH,P3,refine,Positional wear and water consequence,,Floor at the receptor edge and the wall at the register,,,existing wet_cloth / local drain finish masks (B4 cloth batch) extended with a 0.4 m water line decal under the curtain hem,"darkened grout line along the receptor, paint lifted below the register, the mop-shadow corner the mop cannot reach",,,Accord 12: wear follows use; Accord 14: consequence within two metres,art/blender/scripts/owner_finish_materials.py (localized drain finish); game/data/orison_v2/owner_finish_profiles.json,E2: inherited patina baked; accrued grime simulated later by section E; author only the inherited layer here,,,proposed,
F03_D_VESTIBULE-001,F03_D_VESTIBULE,P1,add,Entry landing set for Rhea Sato,,"Along the wall opposite the entry door swing, within 0.9 m of the door, leaving the authored route clear",hook strip 0.6 m long at 1.65 m; shelf 0.3 m deep at 1.1 m; mat 0.6 x 0.9 m,Entry kit from the shared desktop_stock / domestic_objects families; hooks and shelf as one native assembly per vestibule variant,"painted pine shelf, iron hooks, coir mat, brass drip tray","scuff fan on the floor inside the door, hand-grime on the door edge at latch height, the wall rubbed by coats at shoulder height",flush dome as authored,,Identify the resident from the threshold (lived-in acceptance criterion),game/data/apartment_life_profiles.json entry_set; art/blender/desktop_stock.md,,"Door swing, 0.8 m route, SwitchPlate reach",Threshold capture from the hall shows the set; door-route test unchanged,verified,"Entry landing set for Rhea Sato: a hall stand (DomesticObject16: backboard with four iron hooks at 1.65 m, shelf at 1.1 m, plinth with a brass drip tray) on the north wall between the entry and living-room leaf swings (three doors leave no other wall). Deviations: the coir mat and the per-resident hook load wait for a collision-free floor piece and the cloth family. Verified at b8319c79 and e6c97bc1: the twelve rebuilt families pass the fabrication batch with every stand bearing on its floor (implementation/slice8b, after the three D-plan stands were moved inside their vestibules), apartment batch 236 as before, upper lighting 0 failures, both door-route suites and the six completion routes unchanged (1A 15, 1D 25, 2C 9, 3D 16, 4C 9, 4D 12); the vestibule sweeps show the stands (implementation/slice8)."
F03_D_VESTIBULE-002,F03_D_VESTIBULE,P2,add,Building hardware: signal outlet plate and chain guard,new: brass flush signal-outlet plate beside the switch; new: chain door guard on the entry leaf,"Signal plate 0.15 m beside the existing SWITCH anchor at the same height; chain guard on the leaf at 1.5 m, keeper on the jamb",plate 70 x 115 mm; chain 0.3 m,Two small native parts in the fixed_lighting / door hardware families; no interaction,"brass with a dull lacquer, painted over at one screw",,,,Bible VIII.3: every room has a signal point beside the power socket; Accord 11: one anchor painted over,art/blender/light_switch.md; art/blender/door_knob_set.md,,,Visible in the threshold view at eye height,verified,"The brass signal-outlet plate beside the switch came with BW-013 (slice 6); the chain door guard is on the entry leaf's apartment face: slotted plate by the latch stile, anchor plate and unhooked chain beside it (slice 10). Verified at d38ba7ac (slice10, slice10b): the thirteen families pass the fabrication batch (24,276 checks, 0 failures; seating 51 actors with the two armchairs, 1A's captured natively), door casings and fitted door fabric 0 failures, door hinges 10 as before (the 105-door count and one leaf's knuckles, identical at 6d99760d, slice10c), both door-route suites unchanged (45 and 32 waypoints, 0 failures), completion route 1A 15 waypoints as before (the kitchen leg), apartment batch 236 as before, upper lighting 0 failures, the seven-space sweep 0 failures; the chain guards are shown at the vestibule thresholds and the armchairs in F05_B_MAIN and F01_A_MAIN (implementation/slice10)."
F03_D_MAIN-001,F03_D_MAIN,P1,add,"Edit desk, take sheets and the hydration station","existing 3D_table as the edit desk; new 3D_take_sheets (papers), 3D_hydration_tray (desktop_stock), 3D_desk_lamp (task lamp family); new: 3D_wireless_table (TableRect07) and DomesticRadio_3D",Desk against the window pier with the chair facing the room; tray on the desk's left; wireless table on the long wall,,Shared variants; desktop_stock pieces by support id; radio family,"oak, paper, glass, a brass tray",ring marks from the glasses on the desk's left corner only,,,"Life profile surface sets edit_desk, take_sheets, hydration_station; six homes have no radio",game/data/apartment_life_profiles.json; game/data/orison_v2/domestic_radios.json,,,Overview from the vestibule door,verified,"3D_take_sheets (sheets) and 3D_hydration_tray (brass tray) with a glass (mug) on the edit desk 3D_table; the wireless table and radio came with BW-011. The desk lamp waits for the task-lamp family's floor and desk installations. Verified at dc849111 (slice9e, slice9f) and 266ef28a (slice9g): the thirteen families pass the fabrication batch (24,237 checks, 0 failures; surface stock 3,461 checks with every record bearing on its support, the fifteen prep cabinets with the 1D, 2C and 4C completion copies), apartment batch 236 as before, completion routes 1D 25, 2C 9 and 4C 9 unchanged (the C-plan bath leg), upper lighting 0 failures, upper kitchens 238 as before (the material-binding and three-stance failures are identical at 66994c91, slice9h), the household save owner's 201 controls save and restore (0 failures), the eight-space sweep 0 failures; the resident surfaces are shown in implementation/slice9 (at bc26e9ca) and the kitchens and the 6C vestibule in slice9e."
F03_D_MAIN-002,F03_D_MAIN,P1,add,Chaise and the dressing corner,"new: 3D_chaise (domestic_seating sofa variant), 3D_screen (new small folding screen, cloth family), 3D_mirror (mirror family), 3D_fringed_lamp (task lamp variant with a fringed shade decal)","Chaise along the long wall under the dome; screen and mirror in the corner by the bedroom door, the mirror facing the vestibule and away from the study door (the contradiction)",,Shared variants plus one folding screen piece,"worn velvet, silk fringe, a cracked mirror",,,,"Life profile: thrift_glam, dressing mirror facing away from the booth; story panel glamorous thrift-store clutter",,,,Reverse view shows the mirror's back toward the study,verified,"3D_chaise (Sofa195) along the long wall under the dome. The folding screen, mirror and fringed lamp need new pieces and stay open. (implementation/slice6/images/F03_D_MAIN_OV.jpg)"
F03_D_MAIN-003,F03_D_MAIN,P2,add,"Three images, far apart",new: three CharacterMemoryArt frames,At 1.5 m with at least 1.2 m between them,,,,,,,Decor profile: each image gets its own pool of negative space; avoid a salon wall,,,,Overview reads three isolated frames,verified,"3D_image_a/b/c: three photographs (completion copies of 2C's) at 1.5 m on the long north wall, 2.3 m apart, the middle one over the chaise. Verified at 260cffe6 (slice15): the thirteen families pass the fabrication batch (26,116 checks, 0 failures; objects 78 actors, every frame, canvas and board bearing on its actual wall face), apartment batch 236 as before, upper lighting 0 failures, completion route 3D 16 waypoints as before, the household save owner 0 failures, the five-space sweep 0 failures; captures in implementation/slice15."
F03_D_MAIN-004,F03_D_MAIN,P2,refine,Pendant instead of flush dome,F03_D_MAIN_LT,,,pendant_shade variant over the chaise,,,,,Living-room family lighting,,,,RoomLumaAudit unchanged,verified,Done by BW-010 in slice 1: F03_D_MAIN_LT is a pendant_shade (implementation/slice1).
F03_D_KITCHEN-001,F03_D_KITCHEN,P1,refine,Kitchen set for Rhea Sato,3D_prep_cabinet; 3D_k_wall_cupboard; F03_3D_STOVE_01; F03_3D_FRIDGE_01; F03_3D_KITCHEN_SINK_01,"On the preparation cabinet top, the drainboard, the range's cold side and the icebox top, within the existing support ids; nothing on the floor in the cross-passage",,"Surface props from desktop_stock (mugs, dishrack, jars, tins, bread board) selected per kitchen_set; at most 8 pieces, merged per family","enamel (tenant-specific variant), tin, glass jars, porcelain, oilcloth on the cabinet top","grease film on the wall behind the range at splash height, a scorched ring on the cabinet top beside the range, worn oilcloth at the working edge",as authored; the range's pilot is the only new glow and only where the resident cooks,,Appliance Bible III: the appliance that tells the truth about the tenant,design/ORISON_APPLIANCE_BIBLE.md; game/data/orison_v2/domestic_surface_props.json; art/blender/desktop_stock.md,,"StoveProp oven leaf, FridgeProp leaf and ice door, TapProp cycle, toaster carriage and crumb pan, prep cabinet slide, kitchen cross-passage",Overview shows the set from the kitchen opening; no prop within the oven or fridge door sweep,verified,"tea_honey_lemon: mug, rack and a plate on the drainboard (no prep cabinet in the D plan). Surface-stock records on the sink or prep cabinet support, within the dossier's eight-piece cap; grease film, scorch ring and oilcloth wear stay with the finish pass. Verified at 333c8041: the surface-stock fabrication validator passes 2,644 checks with the 107 records mounted (implementation/slice7/receipts/fabrication_shots__batch.json), the prep-cabinet and toaster validators stay clean, the apartment batch keeps the slice-2 count (236) and upper lighting 0 failures; the kitchen sweeps show the pieces (implementation/slice7)."
F03_D_KITCHEN-002,F03_D_KITCHEN,P2,add,Monitor-top electric evidence,F03_3D_FRIDGE_01,Ice card in the kitchen window's lower pane facing out (icebox units); zinc drip tray on the floor under the icebox with a water tide line,,Card as Label3D-free coloured rectangle with the number as a painted numeral quadrant (no lettering in texture); tray as a desktop-stock piece,"card stock, zinc",the tray's tide line and a rust bloom at one corner,,,Bible VIII.5.a: which number is showing is a fact about that household,design/ORISON_BIBLE.md VIII.5.a,,,Visible in the reverse view; the tray does not enter the fridge door stance,verified,"3D_drip_tray: a zinc drip pan holding a skin of water (driptray form) on the floor under the icebox, between its feet with the front lip showing, clear of the door stance and the door's swing. The ice card in the window pane waits for a window-pane support (the panes belong to the shell, not a furniture actor). Verified at 4444e1e1 (slice22) and db14e977 (slice22b, the 6A backdrop narrowed): the thirteen families pass the fabrication batch (28,045 checks, 0 failures; 206 stock assemblies, every pan bearing on the floor between its icebox's feet), apartment batch 236 as before, the six completion routes unchanged (1A 15, 1D 25, 2C 9, 3D 16, 4C 9, 4D 12), upper lighting and the household save owner 0 failures, upper kitchens 238 with the baseline's labels, the fourteen-kitchen sweep 0 failures; close-ups in implementation/slice22."
F03_D_KITCHEN-003,F03_D_KITCHEN,P2,refine,Monitor-top to icebox,F03_3D_FRIDGE_01 (FridgeMonitor -> FridgeIcebox),,,Swap the household_fridges variant; keep the FridgeProp owner,,,,,"Bible VIII.5.a prevails: four electric flats are 1A, 3A, 5B, 6C",game/data/orison_v2/household_fridges.json,,,Household fridge module passes with the icebox variant,proposed,
F03_D_KITCHEN-004,F03_D_KITCHEN,P1,refine,No range visible in any tile; verify the native range mounts,F03_3D_STOVE_01 (household_stoves.json lists the instance; the tiles are identical to 1A's kitchen),,,As F01_A_KITCHEN-004: confirm the 3D range instantiates at its fitting and is visible from the room,,,,,Review: no range or stove seen; the Appliance Bible gives every kitchen but 4B one,game/data/orison_v2/household_stoves.json,,,Kitchen OV shows the range,verified,"As F01_A_KITCHEN-004: F03_3D_STOVE_01 is in the census at (-10.6, -7.65) in F03_D_KITCHEN (implementation/slice7)."
F03_D_PRIVATE_HALL-001,F03_D_PRIVATE_HALL,P2,refine,"Hall use evidence (one object, not a kit)",,Against the wall clear of both door swings and the 0.8 m route,,"One native object from an existing family (hamper, hat stand, folded-laundry shelf or boot tray) by the resident's routine","period-appropriate: painted pine, wicker, tin",rub line at hip height where the resident brushes past nightly; floor wear path from bed to bath,,,Accord 14 evidence within two metres; keeps the hall a hall,,,"Door swings, route, bedside/bath approach stances","Threshold view from the main room shows the hall as used, not empty, with the route visibly clear",verified,"A lidded wicker laundry hamper (hamper form) with a linen corner caught under the lid against the east wall at (-5.87, -9.28), clear of every door and opening approach (each opening's span plus 0.15 m, 1.0 m deep), the stances and a 0.85 m route; a completion copy. The hamper's cane panels read as a lidded box rather than a woven basket and the galoshes are plain blocks; finer weave and boot forms are later art. Verified at 2152694f (slice14b) and 4fc1b18d (slice14c, after 2A's and 3A's objects moved to the north end wall out of the door route): the thirteen families pass the fabrication batch (25,826 checks, 0 failures; every hall object bearing inside its hall), apartment batch 236 as before, the apartment door route 45 waypoints and the 4B route 32 with 0 failures, the six completion routes unchanged (1A 15, 1D 25, 2C 9, 3D 16, 4C 9, 4D 12), upper lighting 0 failures, upper furniture 444 identical to slice 13 (slice14base), the eighteen-hall sweep 0 failures; captures in implementation/slice14b and slice14c."
F03_D_BATH-001,F03_D_BATH,P2,refine,Resident bath set for Rhea Sato,3D_soap_dish; 3D_hand_towel; 3D_toilet_roll; F03_3D_MIRROR_01 (medicine cabinet),"On the basin rim and the cabinet shelves, inside the existing bath_details supports; towel on the existing rail or on a new 300 mm brass hook beside the basin if no rail exists",,"Small desktop-stock objects in the existing desktop_stock family (max 6 per bathroom), seated by support id, no new owner","porcelain, nickel-plated brass, huckaback cotton; enamel with fine crazing","wiping arc at eye height on the mirror, soap ring on the dish, a chip on the basin rim at the tap side",flush dome as authored; no added light,,"Reads as Rhea Sato's routine, not a generic bathroom",game/data/orison_v2/bath_details.json; game/data/orison_v2/household_accessories.json; art/blender/desktop_stock.md,,"TapProp cycle, curtain area, MedicineCabinetProp leaf and the I-key care inspection reach",Detail view from the door shows the set without obstructing the basin stance,proposed,
F03_D_BATH-002,F03_D_BATH,P3,refine,Positional wear and water consequence,,Floor at the receptor edge and the wall at the register,,,existing wet_cloth / local drain finish masks (B4 cloth batch) extended with a 0.4 m water line decal under the curtain hem,"darkened grout line along the receptor, paint lifted below the register, the mop-shadow corner the mop cannot reach",,,Accord 12: wear follows use; Accord 14: consequence within two metres,art/blender/scripts/owner_finish_materials.py (localized drain finish); game/data/orison_v2/owner_finish_profiles.json,E2: inherited patina baked; accrued grime simulated later by section E; author only the inherited layer here,,,proposed,
F03_D_BATH-003,F03_D_BATH,P1,refine,Toilet tank's flat magenta face (missing material),3D_wc cistern,,,,,,,,Review: a magenta face is a missing material binding,game/data/orison_v2/completion_interiors.json (3D_wc template),,,Bath DT3 shows porcelain,rejected,Not reproduced: the bath sweep at 49e5e3a1 renders 3D_wc's cistern in porcelain (implementation/baths/images/F03_D_BATH_OV.jpg); the magenta face in the review tile was transient.
F03_D_BED-001,F03_D_BED,P2,add,Nightstand with the fork chain and scarf,"new: 3D_bedside (Nightstand02) with desktop_stock: fork on a chain, a glass, a scarf on the bedpost (cloth)",Door side of the bed,,,"nickel, silk, wool",,,,Wardrobe bible signature in all three states,,,,Detail view of the nightstand,verified,"3D's bedside is a Nightstand02 completion copy at the bed's head (as 1A's), carrying the tuning fork on its chain beside the nightstand's glass; Rhea's burgundy wool scarf hangs over the head post nearest it, folded over the turned finial (F03_D_BED_DT2). Verified at WIP 54f7aee1 (implementation/slice31b): fabrication batch 0 failures (rerun_c: the 1D and 3D bedroom close-ups found no clear camera station, so the rerun captures only the jersey, overalls and organizer); apartment batch 236 on the long runner (the batch now exceeds the 180 s serial ceiling); household state 154 checks, 0 failures; completion 1D 25 waypoints, 0 failures; 3D 16 and 4C 9 with their pre-existing kitchen-leg failure; upper lighting 0 failures; upper furniture 488 against 484 at 40110d19, the four new failures being new stock meshes in the suite's pre-existing material-binding check; the five-room sweep 0 failures."
F03_D_STUDY-001,F03_D_STUDY,P1,add,"The booth: deadening, stand, case, deck","new: 3D_booth_blankets (cloth family), 3D_music_stand (asm_micstand reuse), 3D_mic_case (new desktop_stock: a latched wooden case with a velvet cut-out, closed), 3D_reeldeck (asm_reeldeck), 3D_headphones (asm_headphones)",Blankets on the two solid walls and over the window; stand centred; case on a stool beside the door; deck on a wall shelf at 1.2 m,,"Reuse the assemblies the matrix names (reeldeck, headphones, micstand are RESIST-REFUSE); case is INSPECT; blankets sewn-edged","brown wool, nickel, walnut case with brass latches, velvet",a chalk cross on the floor at the singing spot,,,Life profile room conversion vocal_booth; hero object isolated_microphone_case,game/data/apartment_life_profiles.json; design/PROP_SET_INTERACTION_MATRIX.md,,Door swing from the bedroom,Threshold view from the bedroom reads a booth,verified,"3D_blanket_a/b: two blankets (completion copies of 2C's) on the study's solid east wall. The music stand, mic case, deck and headphones wait for their families (no blanket over the window, so the study keeps its daylight). Verified at 7c765151 (slice13): the thirteen families pass the fabrication batch (25,479 checks, 0 failures; objects 50 actors, every rail and blanket on its actual wall face, the two closet-shelf items bearing on the clear boards), apartment batch 236 as before, upper lighting 0 failures, completion route 3D 16 waypoints as before (the kitchen leg), the household save owner 0 failures, the four-space sweep 0 failures; the rooms and native close-ups are in implementation/slice13."
F03_D_STUDY-002,F03_D_STUDY,P2,add,The error archive card index,"new: 3D_card_index (domestic_storage small cabinet variant with 12 drawers, one open)",Against the wall beside the deck shelf,"0.45 x 0.35 m, 0.6 m high",,"oak, brass label frames (blank)",,,,"Schedule 20:00: the day's sessions filed, flaws tagged and cross-referenced; proposed backstory",,,,Detail view shows one drawer open with cards,verified,"3D_card_index: a completion copy of 6C's card-index cabinet in the study's south-west corner, clear of the storage door's sweep, the window and the blankets. Verified at 3ee31793 (slice24: apartment batch 236, the apartment door route 45 waypoints with 0 failures, completion route 3D 16 as before, upper lighting and the household save owner 0 failures, the five-space sweep 0 failures) and at 2c52a53e (slice24c, the light table withdrawn and the upper-kitchen material check scoped to the cabinets: fabrication 28,545 checks with 0 failures, every piece bearing on its support; upper kitchens 206 with the baseline's three stance labels); captures in implementation/slice24."
F03_C_RESTRICTED-001,F03_C_RESTRICTED,P1,keep,Keep the interior empty,,,,,,,,,Intentional empty space,,,,Teleported overview unchanged,verified,Kept: unchanged by every slice; captured empty at 1fadb5ad (implementation/ducts).
F03_C_RESTRICTED-002,F03_C_RESTRICTED,P2,add,Sealed threshold treatment on the core side,"new: notice frame beside F03_C_ENTRY_DOOR, paper strip over the slot, clean mat",Core side at 1.5 m,,Core notice family; strip decal,,,,,"As F02_D_RESTRICTED-002, seen by the whole building",,,Locked state,Threshold view from the core,proposed,
F04_LANDING-001,F04_LANDING,P2,add,Landing notice and the building's paper trail,,"On the core wall beside the floor plate at 1.5 m, clear of the rail",notice frame 0.35 x 0.45 m,"One framed notice board (Label3D text) per core level: the 1928 house rules on the public side, the service notice on the service side","oak frame, glass, foxed paper",a corner of the glass cracked and taped,,,Bible VIII.5.h: the paper trail begins in 1928; Nadia's memos signed Management need a place to be posted,design/ORISON_BIBLE.md VIII.5.h; game/data/resident_schedules.json (Nadia posts the tenant memo Mon/Wed/Fri),,,Readable by the service lamp from the landing,proposed,
F04_LANDING-002,F04_LANDING,P3,refine,Stair wear and the one unique landing piece,,Tread noses and the half-landing wall,,,honed stair marble (art/blender/stair_honed.md) with inherited dishing; one framed piece per half-landing (punchlist: each of the seven landings needs a unique piece),"dished treads, rail gold at hand height, paint rubbed at the turn",,,Accord 12 and the open punchlist row,,,Stair ironwork and tread collision,Reverse view up the flight shows the dishing read against the lamp,proposed,
F04_LANDING-003,F04_LANDING,P1,refine,An unlit landing between a lit hall and the stair,F04_LANDING practical (none in data); see BW-017,,,,,,,,"Review: no practical on the landing; the lamp pool is the only light and the lift plate cannot be read. The overview pair faced the parapet, so the landing is otherwise uninspected",game/data/orison_v2/fixed_lighting.json,,,Landing station with the hand lamp off reads the lift plate and the 4B transom,deferred,The landing has no ceiling (stair void); a sconce on the core wall is the remaining item after BW-017's hall domes.
F04_WEST_HALL-001,F04_WEST_HALL,P2,add,Door-threshold evidence per unit,,"At each apartment door on the hall side: a mat, a milk bottle or a parcel per the resident's routine, within 0.5 m of the jamb and outside the swing",,"One native object per door from the desktop_stock family (coir mat variants, a milk bottle pair, a string-tied parcel, a folded newspaper)","coir, glass, brown paper","the mat's worn centre, the floor varnish gone at the threshold",,,"The hall tells you who lives behind each door before you knock (schedules: milk, parcels, Evelyn's corrected notices)",game/data/resident_schedules.json; design/CLAUDE_APARTMENT_LIVED_IN_PASS.md,,"Door swings, the 1.2 m hall route, resident yield radius",Overview from the landing reads at least two different households from their thresholds,proposed,
F04_WEST_HALL-002,F04_WEST_HALL,P3,refine,Positional hall wear,,Floor centreline and the corner the mop cannot reach; wall at trolley height beside the lift,,,existing public floor finish (A02) with an inherited wear mask only,"centreline dulling, a mop-shadow in the corner, the wall scuffed at 0.6 m by the porter's trolley",,,Accord 12,,E2: inherited layer only; accrued grime belongs to section E,,Reverse view shows the wear path aligned with the actual door positions,proposed,
F04_WEST_HALL-003,F04_WEST_HALL,P3,refine,Lit with no fixture in frame; terrazzo chip scale,F04_WEST_HALL practical (BW-017); terrazzo map (BW-020),,,,,,,,Review: the ceiling plane and door head read lit although no fixture is visible; chips oversized,,,,Hall OV shows the practical,verified,"F04_WEST_HALL_LT dome (BW-017, implementation/slice3b); the terrazzo scale stays with BW-020."
F04_SOUTHWEST_HALL-001,F04_SOUTHWEST_HALL,P2,add,Door-threshold evidence per unit,,"At each apartment door on the hall side: a mat, a milk bottle or a parcel per the resident's routine, within 0.5 m of the jamb and outside the swing",,"One native object per door from the desktop_stock family (coir mat variants, a milk bottle pair, a string-tied parcel, a folded newspaper)","coir, glass, brown paper","the mat's worn centre, the floor varnish gone at the threshold",,,"The hall tells you who lives behind each door before you knock (schedules: milk, parcels, Evelyn's corrected notices)",game/data/resident_schedules.json; design/CLAUDE_APARTMENT_LIVED_IN_PASS.md,,"Door swings, the 1.2 m hall route, resident yield radius",Overview from the landing reads at least two different households from their thresholds,proposed,
F04_SOUTHWEST_HALL-002,F04_SOUTHWEST_HALL,P3,refine,Positional hall wear,,Floor centreline and the corner the mop cannot reach; wall at trolley height beside the lift,,,existing public floor finish (A02) with an inherited wear mask only,"centreline dulling, a mop-shadow in the corner, the wall scuffed at 0.6 m by the porter's trolley",,,Accord 12,,E2: inherited layer only; accrued grime belongs to section E,,Reverse view shows the wear path aligned with the actual door positions,proposed,
F04_SOUTHWEST_HALL-003,F04_SOUTHWEST_HALL,P3,refine,4D's door is anonymous from the hall,F04 4D entry door numeral (BW-022),,,,,,,,Review: the rental door carries no unit number,,,,DT3 reads 4D,verified,4D's entry leaf carries its numeral (BW-022). (implementation/numerals2/images/F03_SOUTHWEST_HALL_OV.jpg shows 3D's plate; 4D's leaf carries the same assembly.)
F04_PUBLIC_CORE-001,F04_PUBLIC_CORE,P2,add,Landing notice and the building's paper trail,,"On the core wall beside the floor plate at 1.5 m, clear of the rail",notice frame 0.35 x 0.45 m,"One framed notice board (Label3D text) per core level: the 1928 house rules on the public side, the service notice on the service side","oak frame, glass, foxed paper",a corner of the glass cracked and taped,,,Bible VIII.5.h: the paper trail begins in 1928; Nadia's memos signed Management need a place to be posted,design/ORISON_BIBLE.md VIII.5.h; game/data/resident_schedules.json (Nadia posts the tenant memo Mon/Wed/Fri),,,Readable by the service lamp from the landing,proposed,
F04_PUBLIC_CORE-002,F04_PUBLIC_CORE,P3,refine,Stair wear and the one unique landing piece,,Tread noses and the half-landing wall,,,honed stair marble (art/blender/stair_honed.md) with inherited dishing; one framed piece per half-landing (punchlist: each of the seven landings needs a unique piece),"dished treads, rail gold at hand height, paint rubbed at the turn",,,Accord 12 and the open punchlist row,,,Stair ironwork and tread collision,Reverse view up the flight shows the dishing read against the lamp,proposed,
F04_PUBLIC_CORE-003,F04_PUBLIC_CORE,P2,refine,The lift landing reads as a dark stone-framed hole in bare brick,"PassengerElevator landing at F04 (elevator.gd _build_landing: center-parting landing doors, call plate and interlock at every stop); the core wall finish around it",,,"Plaster the core wall around the landing (BW-015) and give the closed landing leaves their painted-steel finish, sight glass and brass sill so a closed shaft reads as doors, not a void",,,,,Review: the passenger lift the caption promises cannot be found; the brick opening may be it but reads as a hole,game/scripts/building/elevator.gd; art/blender/lift_mirror.md,,"Lift motion, interlocks and call plates",Core OV shows the landing doors and plate,proposed,
F04_EAST_HALL-001,F04_EAST_HALL,P2,add,Door-threshold evidence per unit,,"At each apartment door on the hall side: a mat, a milk bottle or a parcel per the resident's routine, within 0.5 m of the jamb and outside the swing",,"One native object per door from the desktop_stock family (coir mat variants, a milk bottle pair, a string-tied parcel, a folded newspaper)","coir, glass, brown paper","the mat's worn centre, the floor varnish gone at the threshold",,,"The hall tells you who lives behind each door before you knock (schedules: milk, parcels, Evelyn's corrected notices)",game/data/resident_schedules.json; design/CLAUDE_APARTMENT_LIVED_IN_PASS.md,,"Door swings, the 1.2 m hall route, resident yield radius",Overview from the landing reads at least two different households from their thresholds,proposed,
F04_EAST_HALL-002,F04_EAST_HALL,P3,refine,Positional hall wear,,Floor centreline and the corner the mop cannot reach; wall at trolley height beside the lift,,,existing public floor finish (A02) with an inherited wear mask only,"centreline dulling, a mop-shadow in the corner, the wall scuffed at 0.6 m by the porter's trolley",,,Accord 12,,E2: inherited layer only; accrued grime belongs to section E,,Reverse view shows the wear path aligned with the actual door positions,proposed,
F04_EAST_HALL-003,F04_EAST_HALL,P2,refine,No hall light; the 4A transom is the only lit thing,F04_EAST_HALL practical (BW-017); 4A transom light (BW-016),,,,,,,,"Review: the approach to 4A reads unlit except for an overexposed transom, so the door glows",,,,East hall OV with the lamp off,verified,"F04_EAST_HALL_LT dome (BW-017, implementation/slice3b/images/F04_EAST_HALL_OV.jpg); the transom blow-out stays with BW-016."
F04_SERVICE_CROSSING-001,F04_SERVICE_CROSSING,P2,add,Maintenance evidence on the service spine,,"On the riser cluster wall and the floor against it, outside the 1.2 m route",,"Chalk valve marks (decal), a pipe tag per riser (Label3D), one crate, one coiled hose on a bracket; nothing on the route","chalk, card tags on wire, pine crate, rubber hose","drip stain under the valve, a boot scuff where the super stands",,,Accord 11 and 13: every pipe terminates and reads as a timeline; the super's rounds leave marks,art/blender/heating_distribution.md; art/blender/duct_supports.md; game/data/resident_schedules.json (Omar's rounds 08:00-12:00),,"Service route, dumbwaiter approach, door swings",Threshold view from the crossing shows marked pipes and a clear route,proposed,
F04_SERVICE_CROSSING-002,F04_SERVICE_CROSSING,P3,refine,Slab wainscot planes and the hard floor seam,the flat wood-grained slab planes at the crossing (millwork without its profile); the terrazzo-to-tan floor edge,,,Stile-and-rail relief from millwork_profile.md on the slabs; a 40 mm brass threshold strip at the floor seam as the F05 crossing already carries a strip,,,,,Review: wainscot that lost its mouldings and a hard material edge where the public floor meets the service floor,art/blender/millwork_profile.md,,,Crossing OV,proposed,
F04_SERVICE_HALL-001,F04_SERVICE_HALL,P2,add,Maintenance evidence on the service spine,,"On the riser cluster wall and the floor against it, outside the 1.2 m route",,"Chalk valve marks (decal), a pipe tag per riser (Label3D), one crate, one coiled hose on a bracket; nothing on the route","chalk, card tags on wire, pine crate, rubber hose","drip stain under the valve, a boot scuff where the super stands",,,Accord 11 and 13: every pipe terminates and reads as a timeline; the super's rounds leave marks,art/blender/heating_distribution.md; art/blender/duct_supports.md; game/data/resident_schedules.json (Omar's rounds 08:00-12:00),,"Service route, dumbwaiter approach, door swings",Threshold view from the crossing shows marked pipes and a clear route,proposed,
F04_SERVICE_HALL_SOUTH-001,F04_SERVICE_HALL_SOUTH,P2,add,Maintenance evidence on the service spine,,"On the riser cluster wall and the floor against it, outside the 1.2 m route",,"Chalk valve marks (decal), a pipe tag per riser (Label3D), one crate, one coiled hose on a bracket; nothing on the route","chalk, card tags on wire, pine crate, rubber hose","drip stain under the valve, a boot scuff where the super stands",,,Accord 11 and 13: every pipe terminates and reads as a timeline; the super's rounds leave marks,art/blender/heating_distribution.md; art/blender/duct_supports.md; game/data/resident_schedules.json (Omar's rounds 08:00-12:00),,"Service route, dumbwaiter approach, door swings",Threshold view from the crossing shows marked pipes and a clear route,proposed,
F04_SERVICE_CORE-001,F04_SERVICE_CORE,P2,add,Landing notice and the building's paper trail,,"On the core wall beside the floor plate at 1.5 m, clear of the rail",notice frame 0.35 x 0.45 m,"One framed notice board (Label3D text) per core level: the 1928 house rules on the public side, the service notice on the service side","oak frame, glass, foxed paper",a corner of the glass cracked and taped,,,Bible VIII.5.h: the paper trail begins in 1928; Nadia's memos signed Management need a place to be posted,design/ORISON_BIBLE.md VIII.5.h; game/data/resident_schedules.json (Nadia posts the tenant memo Mon/Wed/Fri),,,Readable by the service lamp from the landing,proposed,
F04_SERVICE_CORE-002,F04_SERVICE_CORE,P3,refine,Stair wear and the one unique landing piece,,Tread noses and the half-landing wall,,,honed stair marble (art/blender/stair_honed.md) with inherited dishing; one framed piece per half-landing (punchlist: each of the seven landings needs a unique piece),"dished treads, rail gold at hand height, paint rubbed at the turn",,,Accord 12 and the open punchlist row,,,Stair ironwork and tread collision,Reverse view up the flight shows the dishing read against the lamp,proposed,
F04_A_VESTIBULE-001,F04_A_VESTIBULE,P1,add,Entry landing set for Peter Wren,,"Along the wall opposite the entry door swing, within 0.9 m of the door, leaving the authored route clear",hook strip 0.6 m long at 1.65 m; shelf 0.3 m deep at 1.1 m; mat 0.6 x 0.9 m,Entry kit from the shared desktop_stock / domestic_objects families; hooks and shelf as one native assembly per vestibule variant,"painted pine shelf, iron hooks, coir mat, brass drip tray","scuff fan on the floor inside the door, hand-grime on the door edge at latch height, the wall rubbed by coats at shoulder height",flush dome as authored,,Identify the resident from the threshold (lived-in acceptance criterion),game/data/apartment_life_profiles.json entry_set; art/blender/desktop_stock.md,,"Door swing, 0.8 m route, SwitchPlate reach",Threshold capture from the hall shows the set; door-route test unchanged,verified,"Entry landing set for Peter Wren: a hall stand (DomesticObject16: backboard with four iron hooks at 1.65 m, shelf at 1.1 m, plinth with a brass drip tray) on the north wall beside the switch (the only wall both leaf swings and the route leave clear; two metres from the door rather than the dossier's 0.9). Deviations: the coir mat and the per-resident hook load wait for a collision-free floor piece and the cloth family. Verified at b8319c79 and e6c97bc1: the twelve rebuilt families pass the fabrication batch with every stand bearing on its floor (implementation/slice8b, after the three D-plan stands were moved inside their vestibules), apartment batch 236 as before, upper lighting 0 failures, both door-route suites and the six completion routes unchanged (1A 15, 1D 25, 2C 9, 3D 16, 4C 9, 4D 12); the vestibule sweeps show the stands (implementation/slice8)."
F04_A_VESTIBULE-002,F04_A_VESTIBULE,P2,add,Building hardware: signal outlet plate and chain guard,new: brass flush signal-outlet plate beside the switch; new: chain door guard on the entry leaf,"Signal plate 0.15 m beside the existing SWITCH anchor at the same height; chain guard on the leaf at 1.5 m, keeper on the jamb",plate 70 x 115 mm; chain 0.3 m,Two small native parts in the fixed_lighting / door hardware families; no interaction,"brass with a dull lacquer, painted over at one screw",,,,Bible VIII.3: every room has a signal point beside the power socket; Accord 11: one anchor painted over,art/blender/light_switch.md; art/blender/door_knob_set.md,,,Visible in the threshold view at eye height,verified,"The brass signal-outlet plate beside the switch came with BW-013 (slice 6); the chain door guard is on the entry leaf's apartment face: slotted plate by the latch stile, anchor plate and unhooked chain beside it (slice 10). Verified at d38ba7ac (slice10, slice10b): the thirteen families pass the fabrication batch (24,276 checks, 0 failures; seating 51 actors with the two armchairs, 1A's captured natively), door casings and fitted door fabric 0 failures, door hinges 10 as before (the 105-door count and one leaf's knuckles, identical at 6d99760d, slice10c), both door-route suites unchanged (45 and 32 waypoints, 0 failures), completion route 1A 15 waypoints as before (the kitchen leg), apartment batch 236 as before, upper lighting 0 failures, the seven-space sweep 0 failures; the chain guards are shown at the vestibule thresholds and the armchairs in F05_B_MAIN and F01_A_MAIN (implementation/slice10)."
F04_A_VESTIBULE-003,F04_A_VESTIBULE,P2,add,Overflowed drip tray with its tide line,new: 4A_drip_tray (desktop_stock) with a floor tide-line decal,"Beside the door, 0.1 m from the wall",,,"japanned tin, a water line on the oak",,,,Life profile surface set drip_tray; the one thing he lets overflow,,,,Threshold view,proposed,
F04_A_VESTIBULE-004,F04_A_VESTIBULE,P3,refine,Blockout purpose text names 2B,"game/data/orison_v2_blockout.json space F04_A_VESTIBULE.purpose (reads '2B privacy, coat storage and distribution')",,,"Data text fix to '4A privacy, coat storage and distribution'; no geometry",,,,,Review caught the copied purpose string; it propagates to every caption and census built from the blockout,game/data/orison_v2_blockout.json,,,Sheet caption reads 4A,verified,"Blockout purpose text now reads 4A; the sweep caption shows it. implementation/slice1 (captures, batch.json, run receipts)"
F04_A_MAIN-001,F04_A_MAIN,P1,add,Document staging by status on the writing table,"4A_writing_table (existing); 4A_story_briefs (existing); new: three paper stacks with brass weights, a date stamp, an ink pad, a ruler (desktop_stock)","Three stacks in a row across the table's back edge, 0.05 m apart, aligned; stamp and pad at the right hand",,papers family (FurnitureInteractionPass single-corner owner) and desktop_stock pieces by support id,"paper, brass, black japanned stamp, green blotter",the blotter's ink shadow in the shape of his hand,,,Life profile surface set document_staging; decor profile measured grid; story panel duplicated forms,game/data/apartment_life_profiles.json; design/resident_decor_profiles.json,,,Detail view of the table,verified,"Three paper stacks (4A_staging_a/b, 4A_form_11b) beside the existing briefs on 4A_writing_table. The brass weights, date stamp, ink pad and ruler wait for their forms. Verified at dc849111 (slice9e, slice9f) and 266ef28a (slice9g): the thirteen families pass the fabrication batch (24,237 checks, 0 failures; surface stock 3,461 checks with every record bearing on its support, the fifteen prep cabinets with the 1D, 2C and 4C completion copies), apartment batch 236 as before, completion routes 1D 25, 2C 9 and 4C 9 unchanged (the C-plan bath leg), upper lighting 0 failures, upper kitchens 238 as before (the material-binding and three-stance failures are identical at 66994c91, slice9h), the household save owner's 201 controls save and restore (0 failures), the eight-space sweep 0 failures; the resident surfaces are shown in implementation/slice9 (at bc26e9ca) and the kitchens and the 6C vestibule in slice9e."
F04_A_MAIN-002,F04_A_MAIN,P1,add,Municipal binders and the two framed pieces,"F04_4A_BOOKSHELF_01 (sectional, existing): binder row; new: two CharacterMemoryArt frames on one centreline","Binders on the bookshelf's middle shelf, spines flush; frames above the writing table at 1.5 m, 0.5 m apart, centred on the table",,Bookpile/binder objects as shelf contents; WallArtLaw frames,black cloth binders with blank label squares; black frames,,,,Life profile municipal_binders; decor profile submission and uncertainty aligned almost too carefully; avoid casual angles,,,,Overview reads a grid,verified,"4A_frame_a/b: two moulded frames (artframe form: dark moulding, linen mat, a document sheet with a brass seal disc and a pen stroke, no lettering) 0.5 m apart above the writing table at 1.5 m. The binder row waits for bookshelf contents (the BookshelfProp panel owns that shelf). Verified at 76d0a584 (slice12) with the apartment batch at 394a9c3c (slice12b): the thirteen families pass the fabrication batch (25,164 checks, 0 failures; objects 44 actors, every board, canvas and frame bearing on its actual wall face), apartment batch 236 with failure labels identical to slice 11 once its category roster holds the original V1 set, upper lighting 0 failures, completion route 1A 15 waypoints as before, the household save owner 0 failures, the five-space sweep 0 failures; the rooms and native close-ups are in implementation/slice12."
F04_A_MAIN-003,F04_A_MAIN,P2,add,Form 11-B at this station,new: 4A_form_11b_main (papers single sheet),"On the dining table, face up, square to the edge",,A single-sheet papers object with a form-grid decal (no lettering),,,,,Hero object unresolved_form_11b at every station; proposed backstory: the same form at different stages,,,,Detail view,verified,"4A_form_11b (sheets) at the table's end, where the resident would leave it (slice 9). Verified at dc849111 (slice9e, slice9f) and 266ef28a (slice9g): the thirteen families pass the fabrication batch (24,237 checks, 0 failures; surface stock 3,461 checks with every record bearing on its support, the fifteen prep cabinets with the 1D, 2C and 4C completion copies), apartment batch 236 as before, completion routes 1D 25, 2C 9 and 4C 9 unchanged (the C-plan bath leg), upper lighting 0 failures, upper kitchens 238 as before (the material-binding and three-stance failures are identical at 66994c91, slice9h), the household save owner's 201 controls save and restore (0 failures), the eight-space sweep 0 failures; the resident surfaces are shown in implementation/slice9 (at bc26e9ca) and the kitchens and the 6C vestibule in slice9e."
F04_A_MAIN-004,F04_A_MAIN,P3,refine,"Chairs tucked, radio dial at one station","4A_din_dc1, 4A_din_dc2; DomesticRadio_4A",,,Both chairs tucked square; radio knob at the news station (visual only),,,,,A man who has never left a chair out,,,,Overview,proposed,
F04_A_MAIN-005,F04_A_MAIN,P2,refine,The radio reads as a panel and a white shape,4A wireless table and its set (4A_wireless_table; BW-011 adds DomesticRadio_4A),,,"A readable cabinet set from the domestic_radios family with a horn or cone and dial; until BW-011 lands, remove the abstract pair",,,,,Review: at present an abstract pair of shapes,game/data/orison_v2/domestic_radios.json,,,Wireless-table detail station reads a radio,proposed,
F04_A_KITCHEN-001,F04_A_KITCHEN,P1,refine,Kitchen set for Peter Wren,4A_prep_cabinet; 4A_k_wall_cupboard; F04_4A_STOVE_01; F04_4A_FRIDGE_01; F04_4A_KITCHEN_SINK_01,"On the preparation cabinet top, the drainboard, the range's cold side and the icebox top, within the existing support ids; nothing on the floor in the cross-passage",,"Surface props from desktop_stock (mugs, dishrack, jars, tins, bread board) selected per kitchen_set; at most 8 pieces, merged per family","enamel (tenant-specific variant), tin, glass jars, porcelain, oilcloth on the cabinet top","grease film on the wall behind the range at splash height, a scorched ring on the cabinet top beside the range, worn oilcloth at the working edge",as authored; the range's pilot is the only new glow and only where the resident cooks,,Appliance Bible III: the appliance that tells the truth about the tenant,design/ORISON_APPLIANCE_BIBLE.md; game/data/orison_v2/domestic_surface_props.json; art/blender/desktop_stock.md,,"StoveProp oven leaf, FridgeProp leaf and ice door, TapProp cycle, toaster carriage and crumb pan, prep cabinet slide, kitchen cross-passage",Overview shows the set from the kitchen opening; no prop within the oven or fridge door sweep,verified,"identical_weekday_meals: two tins and a plate on the prep cabinet. Surface-stock records on the sink or prep cabinet support, within the dossier's eight-piece cap; grease film, scorch ring and oilcloth wear stay with the finish pass. Verified at 333c8041: the surface-stock fabrication validator passes 2,644 checks with the 107 records mounted (implementation/slice7/receipts/fabrication_shots__batch.json), the prep-cabinet and toaster validators stay clean, the apartment batch keeps the slice-2 count (236) and upper lighting 0 failures; the kitchen sweeps show the pieces (implementation/slice7)."
F04_A_KITCHEN-002,F04_A_KITCHEN,P2,add,Ice card and drip tray evidence,F04_4A_FRIDGE_01,Ice card in the kitchen window's lower pane facing out (icebox units); zinc drip tray on the floor under the icebox with a water tide line,,Card as Label3D-free coloured rectangle with the number as a painted numeral quadrant (no lettering in texture); tray as a desktop-stock piece,"card stock, zinc",the tray's tide line and a rust bloom at one corner,,,Bible VIII.5.a: which number is showing is a fact about that household,design/ORISON_BIBLE.md VIII.5.a,,,Visible in the reverse view; the tray does not enter the fridge door stance,verified,"4A_drip_tray: a zinc drip pan holding a skin of water (driptray form) on the floor under the icebox, between its feet with the front lip showing, clear of the door stance and the door's swing. The ice card in the window pane waits for a window-pane support (the panes belong to the shell, not a furniture actor). Verified at 4444e1e1 (slice22) and db14e977 (slice22b, the 6A backdrop narrowed): the thirteen families pass the fabrication batch (28,045 checks, 0 failures; 206 stock assemblies, every pan bearing on the floor between its icebox's feet), apartment batch 236 as before, the six completion routes unchanged (1A 15, 1D 25, 2C 9, 3D 16, 4C 9, 4D 12), upper lighting and the household save owner 0 failures, upper kitchens 238 with the baseline's labels, the fourteen-kitchen sweep 0 failures; close-ups in implementation/slice22."
F04_A_KITCHEN-003,F04_A_KITCHEN,P2,add,Form taped to the toaster,F04_4A_TOASTER_01: a taped paper rectangle decal on the end panel,,,Decal on the toaster variant's end panel; the carriage lever unobstructed,,,,,Appliance Bible III: a toaster with a form taped to it about a replacement he never filed,,,"ToasterProp carriage, elements and crumb pan",Detail view at the toaster,proposed,
F04_A_PRIVATE_HALL-001,F04_A_PRIVATE_HALL,P2,refine,"Hall use evidence (one object, not a kit)",,Against the wall clear of both door swings and the 0.8 m route,,"One native object from an existing family (hamper, hat stand, folded-laundry shelf or boot tray) by the resident's routine","period-appropriate: painted pine, wicker, tin",rub line at hip height where the resident brushes past nightly; floor wear path from bed to bath,,,Accord 14 evidence within two metres; keeps the hall a hall,,,"Door swings, route, bedside/bath approach stances","Threshold view from the main room shows the hall as used, not empty, with the route visibly clear",verified,"A galvanised boot tray with a pair of rubber galoshes and dried mud (boottray form) against the east wall at (15.38, -8.98), clear of every door and opening approach (each opening's span plus 0.15 m, 1.0 m deep), the stances and a 0.85 m route. The hamper's cane panels read as a lidded box rather than a woven basket and the galoshes are plain blocks; finer weave and boot forms are later art. Verified at 2152694f (slice14b) and 4fc1b18d (slice14c, after 2A's and 3A's objects moved to the north end wall out of the door route): the thirteen families pass the fabrication batch (25,826 checks, 0 failures; every hall object bearing inside its hall), apartment batch 236 as before, the apartment door route 45 waypoints and the 4B route 32 with 0 failures, the six completion routes unchanged (1A 15, 1D 25, 2C 9, 3D 16, 4C 9, 4D 12), upper lighting 0 failures, upper furniture 444 identical to slice 13 (slice14base), the eighteen-hall sweep 0 failures; captures in implementation/slice14b and slice14c."
F04_A_PRIVATE_HALL-002,F04_A_PRIVATE_HALL,P2,add,Wren's hall file,"new: 4A_hall_file, a second-hand oak four-drawer vertical file (domestic_storage family, new variant) with one drawer not fully shut","Against the hall's east wall between the bath and bed doors, its back to the wall, leaving the 0.9 m clear width",about 0.38 x 0.65 x 1.32 m (a typical oak vertical file of the period; measure before placing),,"quarter-sawn oak, brass label frames (Label3D or blank), nickel pulls",finger grime at the top pull; a ring from a cup,,,The blockout gives this hall 'document storage' and the review found none; the clerk's filing lives where he passes it every night,game/data/orison_v2_blockout.json F04_A_PRIVATE_HALL.purpose; art/blender/domestic_storage.md,,Door swings and the hall's clear width,Hall OV reads the file; doors still open fully,proposed,
F04_A_BATH-001,F04_A_BATH,P2,refine,Resident bath set for Peter Wren,4A_soap_dish; 4A_hand_towel; 4A_toilet_roll; F04_4A_MIRROR_01 (medicine cabinet),"On the basin rim and the cabinet shelves, inside the existing bath_details supports; towel on the existing rail or on a new 300 mm brass hook beside the basin if no rail exists",,"Small desktop-stock objects in the existing desktop_stock family (max 6 per bathroom), seated by support id, no new owner","porcelain, nickel-plated brass, huckaback cotton; enamel with fine crazing","wiping arc at eye height on the mirror, soap ring on the dish, a chip on the basin rim at the tap side",flush dome as authored; no added light,,"Reads as Peter Wren's routine, not a generic bathroom",game/data/orison_v2/bath_details.json; game/data/orison_v2/household_accessories.json; art/blender/desktop_stock.md,,"TapProp cycle, curtain area, MedicineCabinetProp leaf and the I-key care inspection reach",Detail view from the door shows the set without obstructing the basin stance,proposed,
F04_A_BATH-002,F04_A_BATH,P3,refine,Positional wear and water consequence,,Floor at the receptor edge and the wall at the register,,,existing wet_cloth / local drain finish masks (B4 cloth batch) extended with a 0.4 m water line decal under the curtain hem,"darkened grout line along the receptor, paint lifted below the register, the mop-shadow corner the mop cannot reach",,,Accord 12: wear follows use; Accord 14: consequence within two metres,art/blender/scripts/owner_finish_materials.py (localized drain finish); game/data/orison_v2/owner_finish_profiles.json,E2: inherited patina baked; accrued grime simulated later by section E; author only the inherited layer here,,,proposed,
F04_A_BATH-003,F04_A_BATH,P1,refine,WC without a cistern; curtain over nothing,4A_wc (template 5C_wc; BW-018); F04_4A_SHOWER_01 curtain and receptor (BW-008),,,,,,,,"Review: no cistern, tank or flush pipe in any tile; the closed pleated curtain reads as a column with no tray under it",,,,Bath DT on the WC shows the low cistern; the tray reads under a gathered curtain,rejected,"Cistern present (BW-018 measurement: 4A_wc LowCistern visible, 0.42 m clear of the east wall). The curtain/receptor part stays with BW-008."
F04_A_BED-001,F04_A_BED,P2,add,The pocket-book and the suit,"new: 4A_pocketbook (desktop_stock: an overfilled wallet with a folded note corner) on 4A_bed0_ns; 4A_w0_wardrobe garment set: brown sack suit, derby",Nightstand top; wardrobe outer leaf,,,"worn leather, paper, brown wool",,,,Signature prop (Bible IV) and web II.6 as an object,design/ORISON_RELATIONSHIP_WEB.md II.6,,,Detail view of the nightstand,verified,"4A_pocketbook: an overfilled wallet with a folded note's corner showing (wallet form) on 4A_bed0_ns. The brown sack suit waits for wardrobe garment sets. Verified at 82e2fbb9 (slice16) and 42a4a0db (slice16c, the same runtime tree with the surface-stock close-ups made selectable): the thirteen families pass the fabrication batch (26,426 checks, 0 failures; 175 stock assemblies, every new piece bearing on its nightstand or table top clear of the baked book and glass), apartment batch 236 as before, completion routes 1A 15 and 4C 9 as before, upper lighting and the household save owner 0 failures, the seven-space sweep 0 failures; close-ups in implementation/slice16c (1A's nightstand has no clear camera station, so its spectacles and pencil rest on the bearing check alone)."
F04_B_VESTIBULE-001,F04_B_VESTIBULE,P1,add,Entry landing set for the player,,"Along the wall opposite the entry door swing, within 0.9 m of the door, leaving the authored route clear",hook strip 0.6 m long at 1.65 m; shelf 0.3 m deep at 1.1 m; mat 0.6 x 0.9 m,Entry kit from the shared desktop_stock / domestic_objects families; hooks and shelf as one native assembly per vestibule variant,"painted pine shelf, iron hooks, coir mat, brass drip tray","scuff fan on the floor inside the door, hand-grime on the door edge at latch height, the wall rubbed by coats at shoulder height",flush dome as authored,,Identify the resident from the threshold (lived-in acceptance criterion),game/data/apartment_life_profiles.json entry_set; art/blender/desktop_stock.md,,"Door swing, 0.8 m route, SwitchPlate reach",Threshold capture from the hall shows the set; door-route test unchanged,verified,"Entry landing set for the player: a hall stand (DomesticObject16: backboard with four iron hooks at 1.65 m, shelf at 1.1 m, plinth with a brass drip tray) on the south wall, clear of the entry leaf's swing and the living-room opening. Deviations: the coir mat and the per-resident hook load wait for a collision-free floor piece and the cloth family. Verified at b8319c79 and e6c97bc1: the twelve rebuilt families pass the fabrication batch with every stand bearing on its floor (implementation/slice8b, after the three D-plan stands were moved inside their vestibules), apartment batch 236 as before, upper lighting 0 failures, both door-route suites and the six completion routes unchanged (1A 15, 1D 25, 2C 9, 3D 16, 4C 9, 4D 12); the vestibule sweeps show the stands (implementation/slice8)."
F04_B_VESTIBULE-002,F04_B_VESTIBULE,P2,add,Building hardware: signal outlet plate and chain guard,new: brass flush signal-outlet plate beside the switch; new: chain door guard on the entry leaf,"Signal plate 0.15 m beside the existing SWITCH anchor at the same height; chain guard on the leaf at 1.5 m, keeper on the jamb",plate 70 x 115 mm; chain 0.3 m,Two small native parts in the fixed_lighting / door hardware families; no interaction,"brass with a dull lacquer, painted over at one screw",,,,Bible VIII.3: every room has a signal point beside the power socket; Accord 11: one anchor painted over,art/blender/light_switch.md; art/blender/door_knob_set.md,,,Visible in the threshold view at eye height,verified,"The brass signal-outlet plate beside the switch came with BW-013 (slice 6); the chain door guard is on the entry leaf's apartment face: slotted plate by the latch stile, anchor plate and unhooked chain beside it (slice 10). Verified at d38ba7ac (slice10, slice10b): the thirteen families pass the fabrication batch (24,276 checks, 0 failures; seating 51 actors with the two armchairs, 1A's captured natively), door casings and fitted door fabric 0 failures, door hinges 10 as before (the 105-door count and one leaf's knuckles, identical at 6d99760d, slice10c), both door-route suites unchanged (45 and 32 waypoints, 0 failures), completion route 1A 15 waypoints as before (the kitchen leg), apartment batch 236 as before, upper lighting 0 failures, the seven-space sweep 0 failures; the chain guards are shown at the vestibule thresholds and the armchairs in F05_B_MAIN and F01_A_MAIN (implementation/slice10)."
F04_B_VESTIBULE-003,F04_B_VESTIBULE,P1,add,Keyring nail and slip weight,"new: 4B_key_nail, 4B_slip_stack (papers), 4B_brass_weight (desktop_stock)",Nail at 1.5 m beside the door; stack on the shelf,,,,,,,Punchlist: undressed; the player's own routine,,,,Threshold view,verified,"4B_slip_stack (sheets) on the hall stand's shelf; the key nail and the brass weight wait for a wall-mounted form. Verified at dc849111 (slice9e, slice9f) and 266ef28a (slice9g): the thirteen families pass the fabrication batch (24,237 checks, 0 failures; surface stock 3,461 checks with every record bearing on its support, the fifteen prep cabinets with the 1D, 2C and 4C completion copies), apartment batch 236 as before, completion routes 1D 25, 2C 9 and 4C 9 unchanged (the C-plan bath leg), upper lighting 0 failures, upper kitchens 238 as before (the material-binding and three-stance failures are identical at 66994c91, slice9h), the household save owner's 201 controls save and restore (0 failures), the eight-space sweep 0 failures; the resident surfaces are shown in implementation/slice9 (at bc26e9ca) and the kitchens and the 6C vestibule in slice9e."
F04_B_MAIN-001,F04_B_MAIN,P1,add,The case wall,new: 4B_case_wall (pinboard family 1.4 x 1.0 m) behind 4B_terminal_desk with card grid and strings; one owner (single tack),"Centred over the desk at 1.4 m, clear of the terminal's visual",,"Pinboard variant, FurnitureInteractionPass, cards as blank rectangles","cork, card, red string",,,,Life profile surface set case_wall; contradiction: the tidiest thing is the case wall,game/data/apartment_life_profiles.json,,"DeskZone sit/stand, SignalTerminalProp visual, call interface",Detail view from the desk chair,verified,"4B_case_wall: a 1.0 x 1.0 m pinboard (DomesticObject17, 24 cards in a grid, one brass pin each) on the vestibule partition beside the terminal desk, centred on the desk's length at 1.4 m. Deviations: the desk stands free of every wall, so the board hangs on the nearest partition behind the desk chair rather than over the desk; it is 1.0 m wide, not 1.4, to stay on the vestibule-owned face clear of the opening casing; strings between cards wait for a thread form. Verified at 76d0a584 (slice12) with the apartment batch at 394a9c3c (slice12b): the thirteen families pass the fabrication batch (25,164 checks, 0 failures; objects 44 actors, every board, canvas and frame bearing on its actual wall face), apartment batch 236 with failure labels identical to slice 11 once its category roster holds the original V1 set, upper lighting 0 failures, completion route 1A 15 waypoints as before, the household save owner 0 failures, the five-space sweep 0 failures; the rooms and native close-ups are in implementation/slice12."
F04_B_MAIN-002,F04_B_MAIN,P1,add,"The drop-octagon clock, winding owner preserved",existing 4B windable ClockProp (matrix) if present in V2; else install it from the clock family,"On the wall beside the private-hall door at 1.8 m, visible from the desk chair",0.45 m case,ClockProp with the hold-E winding verb and its work order; no signal,,,,,Bible VIII.5.e: 4B has an ordinary eight-day drop-octagon clock set wrong from the lobby master,design/ORISON_BIBLE.md VIII.5.e; design/PROP_SET_INTERACTION_MATRIX.md 4B windable clock,,Winding verb and its WorkOrders binding,Detail view; hold E winds,proposed,
F04_B_MAIN-003,F04_B_MAIN,P2,add,"Badly lived-in: blanket, mug ring, slips",new: cloth blanket on 4B_couch; desktop_stock mug and a slip on 4B_coffee,,,,,,,,"Life profile cleanliness 0.5, sleep odd hours; the contrast with the desk",,,,Overview from the vestibule,verified,"4B_couch_mug and 4B_couch_slip on 4B_coffee; the blanket waits for the cloth family. Verified at dc849111 (slice9e, slice9f) and 266ef28a (slice9g): the thirteen families pass the fabrication batch (24,237 checks, 0 failures; surface stock 3,461 checks with every record bearing on its support, the fifteen prep cabinets with the 1D, 2C and 4C completion copies), apartment batch 236 as before, completion routes 1D 25, 2C 9 and 4C 9 unchanged (the C-plan bath leg), upper lighting 0 failures, upper kitchens 238 as before (the material-binding and three-stance failures are identical at 66994c91, slice9h), the household save owner's 201 controls save and restore (0 failures), the eight-space sweep 0 failures; the resident surfaces are shown in implementation/slice9 (at bc26e9ca) and the kitchens and the 6C vestibule in slice9e."
F04_B_MAIN-004,F04_B_MAIN,P2,refine,Identify and remove the punchlist's featureless white box if it persists,unknown: the tall white box reported in F04_B_MAIN (walkthrough_punchlist.md),,,,,,,,A primitive placeholder in the player's own room is a blocker-class legibility defect,,,,"Overview and reverse show no untextured box; if the capture shows none, close the row",proposed,
F04_B_KITCHEN-001,F04_B_KITCHEN,P1,refine,Kitchen set for the player,4B_prep_cabinet; 4B_k_wall_cupboard; F04_4B_STOVE_01; F04_4B_FRIDGE_01; F04_4B_KITCHEN_SINK_01,"On the preparation cabinet top, the drainboard, the range's cold side and the icebox top, within the existing support ids; nothing on the floor in the cross-passage",,"Surface props from desktop_stock (mugs, dishrack, jars, tins, bread board) selected per kitchen_set; at most 8 pieces, merged per family","enamel (tenant-specific variant), tin, glass jars, porcelain, oilcloth on the cabinet top","grease film on the wall behind the range at splash height, a scorched ring on the cabinet top beside the range, worn oilcloth at the working edge",as authored; the range's pilot is the only new glow and only where the resident cooks,,Appliance Bible III: the appliance that tells the truth about the tenant,design/ORISON_APPLIANCE_BIBLE.md; game/data/orison_v2/domestic_surface_props.json; art/blender/desktop_stock.md,,"StoveProp oven leaf, FridgeProp leaf and ice door, TapProp cycle, toaster carriage and crumb pan, prep cabinet slide, kitchen cross-passage",Overview shows the set from the kitchen opening; no prop within the oven or fridge door sweep,verified,"kettle_toaster_survival: kettle and tin on the prep cabinet, clear of the toaster's -x tray travel; the counter mug and rack were already there. Surface-stock records on the sink or prep cabinet support, within the dossier's eight-piece cap; grease film, scorch ring and oilcloth wear stay with the finish pass. Verified at 333c8041: the surface-stock fabrication validator passes 2,644 checks with the 107 records mounted (implementation/slice7/receipts/fabrication_shots__batch.json), the prep-cabinet and toaster validators stay clean, the apartment batch keeps the slice-2 count (236) and upper lighting 0 failures; the kitchen sweeps show the pieces (implementation/slice7)."
F04_B_KITCHEN-002,F04_B_KITCHEN,P2,add,Ice card and drip tray evidence,F04_4B_FRIDGE_01,Ice card in the kitchen window's lower pane facing out (icebox units); zinc drip tray on the floor under the icebox with a water tide line,,Card as Label3D-free coloured rectangle with the number as a painted numeral quadrant (no lettering in texture); tray as a desktop-stock piece,"card stock, zinc",the tray's tide line and a rust bloom at one corner,,,Bible VIII.5.a: which number is showing is a fact about that household,design/ORISON_BIBLE.md VIII.5.a,,,Visible in the reverse view; the tray does not enter the fridge door stance,verified,"4B_drip_tray: a zinc drip pan holding a skin of water (driptray form) on the floor under the icebox, between its feet with the front lip showing, clear of the door stance and the door's swing. The ice card in the window pane waits for a window-pane support (the panes belong to the shell, not a furniture actor). Verified at 4444e1e1 (slice22) and db14e977 (slice22b, the 6A backdrop narrowed): the thirteen families pass the fabrication batch (28,045 checks, 0 failures; 206 stock assemblies, every pan bearing on the floor between its icebox's feet), apartment batch 236 as before, the six completion routes unchanged (1A 15, 1D 25, 2C 9, 3D 16, 4C 9, 4D 12), upper lighting and the household save owner 0 failures, upper kitchens 238 with the baseline's labels, the fourteen-kitchen sweep 0 failures; close-ups in implementation/slice22."
F04_B_KITCHEN-003,F04_B_KITCHEN,P1,add,Trash can and the landlord's fan,new: 4B_trash (desktop_stock galvanised can with lid); existing or new: 4B box fan (BoxFanProp),"Can under the counter end; fan on the floor beside the opening, cord to the outlet",,,,,,,4B semantic requirement trash; Appliance Bible: landlord-supplied portable fan,,,C1 commensal scatter anchor at the switch,Overview,verified,"4B_trash: a galvanised can with a lid on the kitchen floor beside the prep cabinet (surface stock standing on the floor plane). The landlord's fan is a V1 BoxFanProp with no V2 slot yet. Verified at dc849111 (slice9e, slice9f) and 266ef28a (slice9g): the thirteen families pass the fabrication batch (24,237 checks, 0 failures; surface stock 3,461 checks with every record bearing on its support, the fifteen prep cabinets with the 1D, 2C and 4C completion copies), apartment batch 236 as before, completion routes 1D 25, 2C 9 and 4C 9 unchanged (the C-plan bath leg), upper lighting 0 failures, upper kitchens 238 as before (the material-binding and three-stance failures are identical at 66994c91, slice9h), the household save owner's 201 controls save and restore (0 failures), the eight-space sweep 0 failures; the resident surfaces are shown in implementation/slice9 (at bc26e9ca) and the kitchens and the 6C vestibule in slice9e."
F04_B_KITCHEN-004,F04_B_KITCHEN,P2,refine,Range sides carry a wood-grain material; burners read as electric coils,F04_B_STOVE_01 (the native 4B range) side panels and burner grates,,,Rebind the side panels to the enamel material (the one-material-per-buffer trap: check the GLB's material slots) and give the burners cast-iron spider grates over the gas rings,,,,,Review: a gas range with wood sides and coil burners reads as neither gas nor 1928,game/data/orison_v2/household_stoves.json; art/blender/household_stoves.md,,Stove activity and the lit-burner state,Range detail station,proposed,
F04_B_PRIVATE_HALL-001,F04_B_PRIVATE_HALL,P2,refine,"Hall use evidence (one object, not a kit)",,Against the wall clear of both door swings and the 0.8 m route,,"One native object from an existing family (hamper, hat stand, folded-laundry shelf or boot tray) by the resident's routine","period-appropriate: painted pine, wicker, tin",rub line at hip height where the resident brushes past nightly; floor wear path from bed to bath,,,Accord 14 evidence within two metres; keeps the hall a hall,,,"Door swings, route, bedside/bath approach stances","Threshold view from the main room shows the hall as used, not empty, with the route visibly clear",verified,"A galvanised boot tray with a pair of rubber galoshes and dried mud (boottray form) against the west wall at (-10.83, 5.97), clear of every door and opening approach (each opening's span plus 0.15 m, 1.0 m deep), the stances and a 0.85 m route. The hamper's cane panels read as a lidded box rather than a woven basket and the galoshes are plain blocks; finer weave and boot forms are later art. Verified at 2152694f (slice14b) and 4fc1b18d (slice14c, after 2A's and 3A's objects moved to the north end wall out of the door route): the thirteen families pass the fabrication batch (25,826 checks, 0 failures; every hall object bearing inside its hall), apartment batch 236 as before, the apartment door route 45 waypoints and the 4B route 32 with 0 failures, the six completion routes unchanged (1A 15, 1D 25, 2C 9, 3D 16, 4C 9, 4D 12), upper lighting 0 failures, upper furniture 444 identical to slice 13 (slice14base), the eighteen-hall sweep 0 failures; captures in implementation/slice14b and slice14c."
F04_B_ALCOVE_APPROACH-001,F04_B_ALCOVE_APPROACH,P3,add,Worn runner,new: 4B_runner (floor cloth family 0.7 x 2.0 m),Centred on the route,,,jute runner worn through in the centre,,,,Accord 12 on the player's own route,,,,Overview,proposed,
F04_B_ALCOVE_APPROACH-002,F04_B_ALCOVE_APPROACH,P3,refine,The closet switch's white toggle lever,F04_B_CLOSET_SWITCH (interaction) beside F04_B_ALCOVE_APPROACH_SWITCH,,,"Same push-button plate as the room switches (light_switch.md); the two plates are two circuits (hall, closet) and stay",,,,,Review: a toggle lever reads modern against the push-button family,art/blender/light_switch.md; game/data/orison_v2/room_lighting.json,,Closet switch interaction,DT1 at the closet switch,proposed,
F04_B_BATH-001,F04_B_BATH,P2,refine,Resident bath set for the player,4B_soap_dish; 4B_hand_towel; 4B_toilet_roll; F04_4B_MIRROR_01 (medicine cabinet),"On the basin rim and the cabinet shelves, inside the existing bath_details supports; towel on the existing rail or on a new 300 mm brass hook beside the basin if no rail exists",,"Small desktop-stock objects in the existing desktop_stock family (max 6 per bathroom), seated by support id, no new owner","porcelain, nickel-plated brass, huckaback cotton; enamel with fine crazing","wiping arc at eye height on the mirror, soap ring on the dish, a chip on the basin rim at the tap side",flush dome as authored; no added light,,"Reads as the player's routine, not a generic bathroom",game/data/orison_v2/bath_details.json; game/data/orison_v2/household_accessories.json; art/blender/desktop_stock.md,,"TapProp cycle, curtain area, MedicineCabinetProp leaf and the I-key care inspection reach",Detail view from the door shows the set without obstructing the basin stance,proposed,
F04_B_BATH-002,F04_B_BATH,P3,refine,Positional wear and water consequence,,Floor at the receptor edge and the wall at the register,,,existing wet_cloth / local drain finish masks (B4 cloth batch) extended with a 0.4 m water line decal under the curtain hem,"darkened grout line along the receptor, paint lifted below the register, the mop-shadow corner the mop cannot reach",,,Accord 12: wear follows use; Accord 14: consequence within two metres,art/blender/scripts/owner_finish_materials.py (localized drain finish); game/data/orison_v2/owner_finish_profiles.json,E2: inherited patina baked; accrued grime simulated later by section E; author only the inherited layer here,,,proposed,
F04_B_BATH-003,F04_B_BATH,P3,keep,The low cistern is period-correct,4B WC with its close-coupled low cistern,,,,,,,,"The review read the low tank as post-1928; bathroom_details.md specifies a low cistern with a lever, which the 1928 reopening refit would have installed; it is also the reference every copied WC must match (BW-018)",art/blender/bathroom_details.md,,,Unchanged,verified,"Keep note confirmed by the same probe: 4B's cistern is the family's low cistern, identical to every other unit."
F04_B_CLOSET-001,F04_B_CLOSET,P1,add,Clothing rail and maintenance stock,"4B_equipment_shelf (existing, Shelf01); new: 4B_closet_rail with garment silhouettes (cloth family), desktop_stock: capsule tin, fuse box, flex coil, bulb box",Rail across the closet at 1.7 m; stock on the shelf in a row,,Wardrobe-family rail without leaves; desktop_stock pieces,"iron rail, charcoal jersey, tin, card",,,,4B semantic requirement clothing_storage; punchlist undressed room,,,,Threshold view from the approach with the door opened,verified,"4B_closet_rail (garmentrail form, four garments, no tags) across the closet's north wall at 1.7 m, clear of the shelf and the door; on 4B_equipment_shelf a capsule tin and a bulb carton on the clear boards. The fuse box and flex coil wait for their forms. Verified at 7c765151 (slice13): the thirteen families pass the fabrication batch (25,479 checks, 0 failures; objects 50 actors, every rail and blanket on its actual wall face, the two closet-shelf items bearing on the clear boards), apartment batch 236 as before, upper lighting 0 failures, completion route 3D 16 waypoints as before (the kitchen leg), the household save owner 0 failures, the four-space sweep 0 failures; the rooms and native close-ups are in implementation/slice13."
F04_B_CLOSET-002,F04_B_CLOSET,P2,add,The previous tenant's cap,new: 4B_old_cap (desktop_stock service cap) on the top shelf,,,,,,,,"Web II.9 Mara Chen made an object; INSPECT only, no case fact",design/ORISON_RELATIONSHIP_WEB.md II.9,,,Detail view of the top shelf,verified,"4B_old_cap: the previous tenant's service cap (cap form: navy crown, bakelite peak and band) on the closet shelf's upper board beside the bulb carton. Deviation: the upper board, not the top, which carries the frame's rail caps. Verified at 3ee31793 (slice24: apartment batch 236, the apartment door route 45 waypoints with 0 failures, completion route 3D 16 as before, upper lighting and the household save owner 0 failures, the five-space sweep 0 failures) and at 2c52a53e (slice24c, the light table withdrawn and the upper-kitchen material check scoped to the cabinets: fabrication 28,545 checks with 0 failures, every piece bearing on its support; upper kitchens 206 with the baseline's three stance labels); captures in implementation/slice24."
F04_B_CLOSET-003,F04_B_CLOSET,P2,remove,Placeholder cubes on the equipment shelf,the grey noise-textured cubes and plain cream boxes on 4B_equipment_shelf (Shelf01),,,,,,,,"Review: placeholder crates stand in for equipment; F04_B_CLOSET-001 supplies the rail and stock that replace them, and the steel posts go with BW-003; the closet's side wall also shows bath tile (BW-004)",,,,Closet OV shows no flat-colour cubes,proposed,
F04_B_ALCOVE-001,F04_B_ALCOVE,P1,keep,Keep the wake bed and nightstand exactly,4B_wake_bed; 4B_wake_nightstand,,,,,,,,CoreLoopDirector returns the player to the bedside derived from this record; CampaignShell rebuilds here,game/docs/core_loop.md; game/docs/dream_boundary.md,,,OrisonV2WakeReconstructionTest unchanged,verified,"Kept exactly: no slice touches 4B_wake_bed or 4B_wake_nightstand. OrisonV2WakeReconstructionTest is unchanged: at 7478bd9c (before slice 26) and at slice 26's WIP c9bc2317 it passes the same 33 checks and then trips its own 150 s watchdog, a pre-existing timeout (implementation/slice27b/receipts, wake_*). Verified at WIP ed0359c3 (implementation/slice27b): fabrication batch 0 failures (surface stock bearings include the sectional case's top cap); apartment batch 236 (the branch baseline); bookshelves 144 checks, 0 failures with the ledger seated on the case; upper kitchens 206 (the branch baseline); four-space sweep 0 failures."
F04_B_ALCOVE-002,F04_B_ALCOVE,P2,add,"Thrown-back bedding, boots, slip on the nightstand",4B_wake_bed bedding slack variant; new: desktop_stock boots and a slip,Boots at the bed foot outside the wake stance; slip on the nightstand,,Bedding family variant (A03 bedding batch); desktop_stock,,,,,Sleep odd hours; the one bed in the building that is used at every hour,,,Wake stance and bedside clearance,Overview from the approach,proposed,
F04_C_VESTIBULE-001,F04_C_VESTIBULE,P1,add,Entry landing set for Cam Ortiz and Noel Price,,"Along the wall opposite the entry door swing, within 0.9 m of the door, leaving the authored route clear",hook strip 0.6 m long at 1.65 m; shelf 0.3 m deep at 1.1 m; mat 0.6 x 0.9 m,Entry kit from the shared desktop_stock / domestic_objects families; hooks and shelf as one native assembly per vestibule variant,"painted pine shelf, iron hooks, coir mat, brass drip tray","scuff fan on the floor inside the door, hand-grime on the door edge at latch height, the wall rubbed by coats at shoulder height",flush dome as authored,,Identify the resident from the threshold (lived-in acceptance criterion),game/data/apartment_life_profiles.json entry_set; art/blender/desktop_stock.md,,"Door swing, 0.8 m route, SwitchPlate reach",Threshold capture from the hall shows the set; door-route test unchanged,verified,"Entry landing set for Cam Ortiz and Noel Price: a hall stand (DomesticObject16: backboard with four iron hooks at 1.65 m, shelf at 1.1 m, plinth with a brass drip tray) on the west wall, clear of the entry leaf's quarter turn and the route line. Deviations: the coir mat and the per-resident hook load wait for a collision-free floor piece and the cloth family. Verified at b8319c79 and e6c97bc1: the twelve rebuilt families pass the fabrication batch with every stand bearing on its floor (implementation/slice8b, after the three D-plan stands were moved inside their vestibules), apartment batch 236 as before, upper lighting 0 failures, both door-route suites and the six completion routes unchanged (1A 15, 1D 25, 2C 9, 3D 16, 4C 9, 4D 12); the vestibule sweeps show the stands (implementation/slice8)."
F04_C_VESTIBULE-002,F04_C_VESTIBULE,P2,add,Building hardware: signal outlet plate and chain guard,new: brass flush signal-outlet plate beside the switch; new: chain door guard on the entry leaf,"Signal plate 0.15 m beside the existing SWITCH anchor at the same height; chain guard on the leaf at 1.5 m, keeper on the jamb",plate 70 x 115 mm; chain 0.3 m,Two small native parts in the fixed_lighting / door hardware families; no interaction,"brass with a dull lacquer, painted over at one screw",,,,Bible VIII.3: every room has a signal point beside the power socket; Accord 11: one anchor painted over,art/blender/light_switch.md; art/blender/door_knob_set.md,,,Visible in the threshold view at eye height,verified,"The brass signal-outlet plate beside the switch came with BW-013 (slice 6); the chain door guard is on the entry leaf's apartment face: slotted plate by the latch stile, anchor plate and unhooked chain beside it (slice 10). Verified at d38ba7ac (slice10, slice10b): the thirteen families pass the fabrication batch (24,276 checks, 0 failures; seating 51 actors with the two armchairs, 1A's captured natively), door casings and fitted door fabric 0 failures, door hinges 10 as before (the 105-door count and one leaf's knuckles, identical at 6d99760d, slice10c), both door-route suites unchanged (45 and 32 waypoints, 0 failures), completion route 1A 15 waypoints as before (the kitchen leg), apartment batch 236 as before, upper lighting 0 failures, the seven-space sweep 0 failures; the chain guards are shown at the vestibule thresholds and the armchairs in F05_B_MAIN and F01_A_MAIN (implementation/slice10)."
F04_C_MAIN-001,F04_C_MAIN,P1,add,Two placings and the chalk line,"4C_din_t (existing) with new desktop_stock: two placings, a sandwich in paper, a bike lamp, a napkin, a card; a chalk-line decal under the oilcloth hem",Placings at opposite ends; the line across the table's middle under the cloth,,desktop_stock by support id; oilcloth as a cloth-family cover with a hem,"oilcloth, paper, brass lamp, linen",,,,Hero object the_negotiated_dining_table; contradiction: set for two people who eat separately,game/data/apartment_life_profiles.json,,,Detail view of the table,verified,"Two placings (plates) and a folded napkin (sheets) on 4C_din_t; the sandwich, bike lamp, card and chalk-line decal wait for their forms. Verified at dc849111 (slice9e, slice9f) and 266ef28a (slice9g): the thirteen families pass the fabrication batch (24,237 checks, 0 failures; surface stock 3,461 checks with every record bearing on its support, the fifteen prep cabinets with the 1D, 2C and 4C completion copies), apartment batch 236 as before, completion routes 1D 25, 2C 9 and 4C 9 unchanged (the C-plan bath leg), upper lighting 0 failures, upper kitchens 238 as before (the material-binding and three-stance failures are identical at 66994c91, slice9h), the household save owner's 201 controls save and restore (0 failures), the eight-space sweep 0 failures; the resident surfaces are shown in implementation/slice9 (at bc26e9ca) and the kitchens and the 6C vestibule in slice9e."
F04_C_MAIN-002,F04_C_MAIN,P1,add,Cam's courier corner and Noel's museum bay,"new: 4C_pump, 4C_tube, 4C_snacks (desktop_stock) on the floor by the vestibule opening; new: 4C_museum_shelf (Shelf01) under the window with three covered objects and a folded cloth",Corner beside the vestibule opening; shelf under the window sill,,Shelf family with three small objects under a muslin cloth (cloth family),"rubber, brass, muslin, acid-free card",,,,Life profile surface sets courier_corner and archival_shelf; proposed backstory: three objects from the family flat before the trial,design/ORISON_RELATIONSHIP_WEB.md II.1,,,Overview reads two sides,verified,"4C_museum_shelf (Shelf01) on the window wall beside the window; the courier corner's floor stock stays with the desktop_stock items. (implementation/slice6/images/F04_C_MAIN_OV.jpg) Slice 19 adds Noel's museum bay on it: three cloth-covered objects and a folded cloth (covered and foldedcloth forms), verified at 7813b06c (implementation/slice19/images/4C_covered_a_stock.jpg)."
F04_C_MAIN-003,F04_C_MAIN,P2,add,Domestic radio,new: DomesticRadio_4C on 4C_wireless_table,,,,,,,,No radio in data,,,,Radio operable,verified,Done by BW-011 in slice 2: DomesticRadio_4C on 4C_wireless_table (implementation/slice2).
F04_C_MAIN-004,F04_C_MAIN,P2,refine,Colour board becomes Cam's route map,4C_story_colorboard,,,Pin a route-line decal and ticket stubs (no lettering) to the existing board,,,,,Decor profile: Cam's route by movement,,,,Detail view,proposed,
F04_C_MAIN-005,F04_C_MAIN,P1,refine,Colour board and bookshelf absent from their own detail stations,4C_story_colorboard (DomesticObject09 at its census anchor); F04_4C_BOOKSHELF_01,,,"Both ids exist in the runtime census and were targeted by DT1 and DT3, which show the empty side table and the hall opening; confirm the instances render at their anchors (not inside the wall, back-facing or scaled to nothing) before F04_C_MAIN-002 and -004 build on them",,,,,Review: two of the three story objects named for this room are missing from their own stations,game/data/orison_v2/domestic_objects.json; game/data/orison_v2/bookshelves.json,,,DT1 shows the board; DT3 shows the shelf,verified,"Both actors were absent, not misplaced: 4C_story_colorboard's anchor had no furniture record and F04_4C_BOOKSHELF_01 was missing from the bookshelf roster (as was 2C's F02_2C_BOOKSHELF_01). Slice 26 mounts the colour board as a completion copy of 5C's and adds both shelves to the roster (plain cases, Noel Price's and Juno Kells' libraries), registered with the household save owner (203 controls). Verified at WIP c9bc2317 + 432ad0a5 (implementation/slice26): fabrication batch 0 failures; apartment batch 236 (the branch baseline); household state 154 checks, 0 failures; bookshelves 144 checks, 0 failures once 6C is kept last in the manifest (its suite blanks the last record's canonical book); completion 2C and 4C 9 waypoints with their one pre-existing kitchen-leg failure; upper lighting 0 failures; F04_C_MAIN_DT1 shows the board, F04_C_MAIN_RV and F02_C_MAIN_RV show the new cases."
F04_C_KITCHEN-001,F04_C_KITCHEN,P1,refine,Kitchen set for Cam Ortiz and Noel Price,4C_prep_cabinet; 4C_k_wall_cupboard; F04_4C_STOVE_01; F04_4C_FRIDGE_01; F04_4C_KITCHEN_SINK_01,"On the preparation cabinet top, the drainboard, the range's cold side and the icebox top, within the existing support ids; nothing on the floor in the cross-passage",,"Surface props from desktop_stock (mugs, dishrack, jars, tins, bread board) selected per kitchen_set; at most 8 pieces, merged per family","enamel (tenant-specific variant), tin, glass jars, porcelain, oilcloth on the cabinet top","grease film on the wall behind the range at splash height, a scorched ring on the cabinet top beside the range, worn oilcloth at the working edge",as authored; the range's pilot is the only new glow and only where the resident cooks,,Appliance Bible III: the appliance that tells the truth about the tenant,design/ORISON_APPLIANCE_BIBLE.md; game/data/orison_v2/domestic_surface_props.json; art/blender/desktop_stock.md,,"StoveProp oven leaf, FridgeProp leaf and ice door, TapProp cycle, toaster carriage and crumb pan, prep cabinet slide, kitchen cross-passage",Overview shows the set from the kitchen opening; no prop within the oven or fridge door sweep,verified,"quick_food_vs_preserved: mug and rack on the drainboard; two tins and a bread board on the prep cabinet. Surface-stock records on the sink or prep cabinet support, within the dossier's eight-piece cap; grease film, scorch ring and oilcloth wear stay with the finish pass. Verified at 333c8041: the surface-stock fabrication validator passes 2,644 checks with the 107 records mounted (implementation/slice7/receipts/fabrication_shots__batch.json), the prep-cabinet and toaster validators stay clean, the apartment batch keeps the slice-2 count (236) and upper lighting 0 failures; the kitchen sweeps show the pieces (implementation/slice7). Slice 9 found this home had the prep cabinet anchor but no cabinet consumer, so its cabinet pieces hung in the air; the cabinet is now mounted as a completion copy and the pieces stand on it (implementation/slice9b)."
F04_C_KITCHEN-002,F04_C_KITCHEN,P2,add,Ice card and drip tray evidence,F04_4C_FRIDGE_01,Ice card in the kitchen window's lower pane facing out (icebox units); zinc drip tray on the floor under the icebox with a water tide line,,Card as Label3D-free coloured rectangle with the number as a painted numeral quadrant (no lettering in texture); tray as a desktop-stock piece,"card stock, zinc",the tray's tide line and a rust bloom at one corner,,,Bible VIII.5.a: which number is showing is a fact about that household,design/ORISON_BIBLE.md VIII.5.a,,,Visible in the reverse view; the tray does not enter the fridge door stance,verified,"4C_drip_tray: a dry, dusty zinc drip pan (driptray form) on the floor under the icebox, between its feet with the front lip showing, clear of the door stance and the door's swing. The ice card in the window pane waits for a window-pane support (the panes belong to the shell, not a furniture actor). Verified at 4444e1e1 (slice22) and db14e977 (slice22b, the 6A backdrop narrowed): the thirteen families pass the fabrication batch (28,045 checks, 0 failures; 206 stock assemblies, every pan bearing on the floor between its icebox's feet), apartment batch 236 as before, the six completion routes unchanged (1A 15, 1D 25, 2C 9, 3D 16, 4C 9, 4D 12), upper lighting and the household save owner 0 failures, upper kitchens 238 with the baseline's labels, the fourteen-kitchen sweep 0 failures; close-ups in implementation/slice22."
F04_C_KITCHEN-003,F04_C_KITCHEN,P2,add,The copper kettle and the dry tray,new: 4C_copper_kettle (desktop_stock) on the range; the icebox drip tray dry and dusty,,,,"battered copper, zinc tray with dust",,,,"Appliance Bible III: the kettle is evidence, the dead icebox nobody empties",,,,Detail view,verified,"The dry tray: 4C_drip_tray is dry and dusty (driptraydry form) under the icebox. The copper kettle on the range waits for the stove as a stock support. Verified at 4444e1e1 (slice22) and db14e977 (slice22b, the 6A backdrop narrowed): the thirteen families pass the fabrication batch (28,045 checks, 0 failures; 206 stock assemblies, every pan bearing on the floor between its icebox's feet), apartment batch 236 as before, the six completion routes unchanged (1A 15, 1D 25, 2C 9, 3D 16, 4C 9, 4D 12), upper lighting and the household save owner 0 failures, upper kitchens 238 with the baseline's labels, the fourteen-kitchen sweep 0 failures; close-ups in implementation/slice22."
F04_C_KITCHEN-004,F04_C_KITCHEN,P1,refine,Icebox rotated with its rear edge in the wall plane,F04_4C_FRIDGE_01 (FridgeIcebox; same yaw as F02_2C_FRIDGE_01 and F05_5C_FRIDGE_01),,,Square the icebox to the wall as F02_C_KITCHEN-004; the three copies share one placement record,,,,,Review: a transform error rather than casual placement; the rear edge reads inside the wall in OV and DT1,game/data/orison_v2/household_fridges.json; art/data/orison_v2/completion_interiors_source.json,,,Kitchen OV shows the icebox square and clear of the wall,rejected,"As F02_C_KITCHEN-004: F04_4C_FRIDGE_01 yaw 90.0 in the runtime census; no clipping in the data. implementation/slice1 (captures, batch.json, run receipts)"
F04_C_PRIVATE_HALL-001,F04_C_PRIVATE_HALL,P2,refine,"Hall use evidence (one object, not a kit)",,Against the wall clear of both door swings and the 0.8 m route,,"One native object from an existing family (hamper, hat stand, folded-laundry shelf or boot tray) by the resident's routine","period-appropriate: painted pine, wicker, tin",rub line at hip height where the resident brushes past nightly; floor wear path from bed to bath,,,Accord 14 evidence within two metres; keeps the hall a hall,,,"Door swings, route, bedside/bath approach stances","Threshold view from the main room shows the hall as used, not empty, with the route visibly clear",verified,"A lidded wicker laundry hamper (hamper form) with a linen corner caught under the lid against the south wall at (6.67, 6.62), clear of every door and opening approach (each opening's span plus 0.15 m, 1.0 m deep), the stances and a 0.85 m route; a completion copy. The hamper's cane panels read as a lidded box rather than a woven basket and the galoshes are plain blocks; finer weave and boot forms are later art. Verified at 2152694f (slice14b) and 4fc1b18d (slice14c, after 2A's and 3A's objects moved to the north end wall out of the door route): the thirteen families pass the fabrication batch (25,826 checks, 0 failures; every hall object bearing inside its hall), apartment batch 236 as before, the apartment door route 45 waypoints and the 4B route 32 with 0 failures, the six completion routes unchanged (1A 15, 1D 25, 2C 9, 3D 16, 4C 9, 4D 12), upper lighting 0 failures, upper furniture 444 identical to slice 13 (slice14base), the eighteen-hall sweep 0 failures; captures in implementation/slice14b and slice14c."
F04_C_STUDIO-001,F04_C_STUDIO,P2,refine,Two garment sets,"4C_w0_wardrobe (Cam), 4C_w1_wardrobe (Noel)",,,Garment silhouette sets per wardrobe,"maroon jersey, indigo drill",,,,Wardrobe bible per resident,,,,Open leaves show different wardrobes,proposed,
F04_C_BATH-001,F04_C_BATH,P2,refine,Resident bath set for Cam Ortiz and Noel Price,4C_soap_dish; 4C_hand_towel; 4C_toilet_roll; F04_4C_MIRROR_01 (medicine cabinet),"On the basin rim and the cabinet shelves, inside the existing bath_details supports; towel on the existing rail or on a new 300 mm brass hook beside the basin if no rail exists",,"Small desktop-stock objects in the existing desktop_stock family (max 6 per bathroom), seated by support id, no new owner","porcelain, nickel-plated brass, huckaback cotton; enamel with fine crazing","wiping arc at eye height on the mirror, soap ring on the dish, a chip on the basin rim at the tap side",flush dome as authored; no added light,,"Reads as Cam Ortiz and Noel Price's routine, not a generic bathroom",game/data/orison_v2/bath_details.json; game/data/orison_v2/household_accessories.json; art/blender/desktop_stock.md,,"TapProp cycle, curtain area, MedicineCabinetProp leaf and the I-key care inspection reach",Detail view from the door shows the set without obstructing the basin stance,proposed,
F04_C_BATH-002,F04_C_BATH,P3,refine,Positional wear and water consequence,,Floor at the receptor edge and the wall at the register,,,existing wet_cloth / local drain finish masks (B4 cloth batch) extended with a 0.4 m water line decal under the curtain hem,"darkened grout line along the receptor, paint lifted below the register, the mop-shadow corner the mop cannot reach",,,Accord 12: wear follows use; Accord 14: consequence within two metres,art/blender/scripts/owner_finish_materials.py (localized drain finish); game/data/orison_v2/owner_finish_profiles.json,E2: inherited patina baked; accrued grime simulated later by section E; author only the inherited layer here,,,proposed,
F04_C_BED1-001,F04_C_BED1,P2,add,Jersey with the mended shoulder on the chair,"new: 4C_bed1_chair (ChairOak) with a cloth jersey silhouette, patch decal",Chair at the bed foot,,,,,,,Web II.5 made an object; wardrobe bible late-night state,,,,Detail view,verified,"A ChairOak completion copy stands east of 4C's bed with Noel's maroon jersey folded on the seat, one sleeve over the front edge and a pale mended patch on the shoulder (4C_jersey_stock, F04_C_BED1_DT3). Verified at WIP 54f7aee1 (implementation/slice31b): fabrication batch 0 failures (rerun_c: the 1D and 3D bedroom close-ups found no clear camera station, so the rerun captures only the jersey, overalls and organizer); apartment batch 236 on the long runner (the batch now exceeds the 180 s serial ceiling); household state 154 checks, 0 failures; completion 1D 25 waypoints, 0 failures; 3D 16 and 4C 9 with their pre-existing kitchen-leg failure; upper lighting 0 failures; upper furniture 488 against 484 at 40110d19, the four new failures being new stock meshes in the suite's pre-existing material-binding check; the five-room sweep 0 failures."
F04_C_BED2-001,F04_C_BED2,P2,add,"Slippers, gloves and the condition card","new: desktop_stock slippers under the bed, gloves and a card on 4C_bed1_ns",,,,,,,,Wardrobe bible: slippers with the backs intact; the museum register at home,,,,Detail view,verified,"4C_gloves (a pair, gloves form) and 4C_condition_card (booklet form) on 4C_bed1_ns. The slippers under the bed wait for a slipper form. Verified at 82e2fbb9 (slice16) and 42a4a0db (slice16c, the same runtime tree with the surface-stock close-ups made selectable): the thirteen families pass the fabrication batch (26,426 checks, 0 failures; 175 stock assemblies, every new piece bearing on its nightstand or table top clear of the baked book and glass), apartment batch 236 as before, completion routes 1A 15 and 4C 9 as before, upper lighting and the household save owner 0 failures, the seven-space sweep 0 failures; close-ups in implementation/slice16c (1A's nightstand has no clear camera station, so its spectacles and pencil rest on the bearing check alone)."
F04_D_VESTIBULE-001,F04_D_VESTIBULE,P1,add,Entry landing set for the Transient Guests,,"Along the wall opposite the entry door swing, within 0.9 m of the door, leaving the authored route clear",hook strip 0.6 m long at 1.65 m; shelf 0.3 m deep at 1.1 m; mat 0.6 x 0.9 m,Entry kit from the shared desktop_stock / domestic_objects families; hooks and shelf as one native assembly per vestibule variant,"painted pine shelf, iron hooks, coir mat, brass drip tray","scuff fan on the floor inside the door, hand-grime on the door edge at latch height, the wall rubbed by coats at shoulder height",flush dome as authored,,Identify the resident from the threshold (lived-in acceptance criterion),game/data/apartment_life_profiles.json entry_set; art/blender/desktop_stock.md,,"Door swing, 0.8 m route, SwitchPlate reach",Threshold capture from the hall shows the set; door-route test unchanged,verified,"Entry landing set for the Transient Guests: a hall stand (DomesticObject16: backboard with four iron hooks at 1.65 m, shelf at 1.1 m, plinth with a brass drip tray) on the north wall between the entry and living-room leaf swings (three doors leave no other wall). Deviations: the coir mat and the per-resident hook load wait for a collision-free floor piece and the cloth family. Verified at b8319c79 and e6c97bc1: the twelve rebuilt families pass the fabrication batch with every stand bearing on its floor (implementation/slice8b, after the three D-plan stands were moved inside their vestibules), apartment batch 236 as before, upper lighting 0 failures, both door-route suites and the six completion routes unchanged (1A 15, 1D 25, 2C 9, 3D 16, 4C 9, 4D 12); the vestibule sweeps show the stands (implementation/slice8)."
F04_D_VESTIBULE-002,F04_D_VESTIBULE,P2,add,Building hardware: signal outlet plate and chain guard,new: brass flush signal-outlet plate beside the switch; new: chain door guard on the entry leaf,"Signal plate 0.15 m beside the existing SWITCH anchor at the same height; chain guard on the leaf at 1.5 m, keeper on the jamb",plate 70 x 115 mm; chain 0.3 m,Two small native parts in the fixed_lighting / door hardware families; no interaction,"brass with a dull lacquer, painted over at one screw",,,,Bible VIII.3: every room has a signal point beside the power socket; Accord 11: one anchor painted over,art/blender/light_switch.md; art/blender/door_knob_set.md,,,Visible in the threshold view at eye height,verified,"The brass signal-outlet plate beside the switch came with BW-013 (slice 6); the chain door guard is on the entry leaf's apartment face: slotted plate by the latch stile, anchor plate and unhooked chain beside it (slice 10). Verified at d38ba7ac (slice10, slice10b): the thirteen families pass the fabrication batch (24,276 checks, 0 failures; seating 51 actors with the two armchairs, 1A's captured natively), door casings and fitted door fabric 0 failures, door hinges 10 as before (the 105-door count and one leaf's knuckles, identical at 6d99760d, slice10c), both door-route suites unchanged (45 and 32 waypoints, 0 failures), completion route 1A 15 waypoints as before (the kitchen leg), apartment batch 236 as before, upper lighting 0 failures, the seven-space sweep 0 failures; the chain guards are shown at the vestibule thresholds and the armchairs in F05_B_MAIN and F01_A_MAIN (implementation/slice10)."
F04_D_VESTIBULE-003,F04_D_VESTIBULE,P2,add,Luggage and the rules card,"new: 4D_case, 4D_gladstone (crate/desktop_stock luggage variants), 4D_rules_card (pinboard-family card)",Luggage against the wall opposite the door; card on the door back at 1.5 m,,,,,,,Entry set rolling_luggage; decor profile hotel wayfinding,,,,Threshold view,verified,"4D_case (new suitcase form: a leather case on its long edge with two straps, brass feet and a handle) in the vestibule's north-west corner, clear of the three doors' approaches. The gladstone and the rules card on the door back wait for their forms. Verified at 7eeaa0ef (slice17b): the thirteen families pass the fabrication batch (26,568 checks, 0 failures; tables 73, seating 52, objects 79, stock 178, the parcel bearing on the chair seat and the pail on the floor), apartment batch 236 as before, the apartment door route 45 and the 4B route 32 waypoints with 0 failures, completion route 4D 12 waypoints as before, upper lighting and the household save owner 0 failures, the four-space sweep 0 failures; captures in implementation/slice17b."
F04_D_MAIN-001,F04_D_MAIN,P1,add,Host-generic set,"new: 4D_settee (Sofa195), 4D_lamp (task lamp landlord_enamel variant on a side table), 4D_wireless_table (TableRect07), DomesticRadio_4D, 4D_print (CharacterMemoryArt); existing 4D_table, 4D_chair plus a second chair","Settee under the window, lamp table beside it, radio table on the long wall, dining table by the kitchen door with two chairs",,Shared variants; the landlord's lamp variant repeated from 4B,"moquette in a colour nobody chose, paper shade, walnut","even, light, impersonal: the settee's two cushions equally crushed",,,Life profile surface set host_generic; decor profile impersonal reassurance,,,,Overview from the vestibule reads a furnished let,verified,"4D_settee (Sofa195) on the long wall (the window wall carries the radiator), 4D_lamp_table (TableRect08) beside it, 4D_chair2 (ChairDark) at the dining table; the wireless table and radio from BW-011. (implementation/slice6/images/F04_D_MAIN_OV.jpg) Slice 25 hangs 4D_print (a photograph-frame copy) over the settee at 1.5 m (implementation/slice25); the landlord's lamp waits for the task-lamp family."
F04_D_MAIN-002,F04_D_MAIN,P2,add,Left behind and half packed,"new: desktop_stock: takeout cartons, transit stubs (papers), an open case on the floor (crate family open variant)","Case open by the bedroom door, out of the swing",,,,,,,"Story panel: takeout debris, transit stubs, half-packed bags; surface set left_behind",,,,Reverse view,verified,"4D_cartons (parcel) and 4D_stubs (sheets) on 4D_table; the open case waits for the crate family's open variant. Verified at dc849111 (slice9e, slice9f) and 266ef28a (slice9g): the thirteen families pass the fabrication batch (24,237 checks, 0 failures; surface stock 3,461 checks with every record bearing on its support, the fifteen prep cabinets with the 1D, 2C and 4C completion copies), apartment batch 236 as before, completion routes 1D 25, 2C 9 and 4C 9 unchanged (the C-plan bath leg), upper lighting 0 failures, upper kitchens 238 as before (the material-binding and three-stance failures are identical at 66994c91, slice9h), the household save owner's 201 controls save and restore (0 failures), the eight-space sweep 0 failures; the resident surfaces are shown in implementation/slice9 (at bc26e9ca) and the kitchens and the 6C vestibule in slice9e."
F04_D_MAIN-003,F04_D_MAIN,P2,refine,Identify the punchlist's lumpy white mass,unknown: the giant untextured mass reported in F04_D_MAIN (walkthrough_punchlist.md),,,,,,,,Close or fix the V1 row against the V2 capture,,,,No untextured mass in any view,proposed,
F04_D_MAIN-004,F04_D_MAIN,P2,refine,Pendant instead of flush dome,F04_D_MAIN_LT,,,pendant_shade variant,,,,,Living-room family,,,,RoomLumaAudit unchanged,verified,"Resolved by BW-010 (F04_D_MAIN_OV). implementation/slice1 (captures, batch.json, run receipts)"
F04_D_KITCHEN-001,F04_D_KITCHEN,P1,refine,Kitchen set for the Transient Guests,4D_prep_cabinet; 4D_k_wall_cupboard; F04_4D_STOVE_01; F04_4D_FRIDGE_01; F04_4D_KITCHEN_SINK_01,"On the preparation cabinet top, the drainboard, the range's cold side and the icebox top, within the existing support ids; nothing on the floor in the cross-passage",,"Surface props from desktop_stock (mugs, dishrack, jars, tins, bread board) selected per kitchen_set; at most 8 pieces, merged per family","enamel (tenant-specific variant), tin, glass jars, porcelain, oilcloth on the cabinet top","grease film on the wall behind the range at splash height, a scorched ring on the cabinet top beside the range, worn oilcloth at the working edge",as authored; the range's pilot is the only new glow and only where the resident cooks,,Appliance Bible III: the appliance that tells the truth about the tenant,design/ORISON_APPLIANCE_BIBLE.md; game/data/orison_v2/domestic_surface_props.json; art/blender/desktop_stock.md,,"StoveProp oven leaf, FridgeProp leaf and ice door, TapProp cycle, toaster carriage and crumb pan, prep cabinet slide, kitchen cross-passage",Overview shows the set from the kitchen opening; no prop within the oven or fridge door sweep,verified,"inadequate_cookware: mug, rack and one plate on the drainboard. Surface-stock records on the sink or prep cabinet support, within the dossier's eight-piece cap; grease film, scorch ring and oilcloth wear stay with the finish pass. Verified at 333c8041: the surface-stock fabrication validator passes 2,644 checks with the 107 records mounted (implementation/slice7/receipts/fabrication_shots__batch.json), the prep-cabinet and toaster validators stay clean, the apartment batch keeps the slice-2 count (236) and upper lighting 0 failures; the kitchen sweeps show the pieces (implementation/slice7)."
F04_D_KITCHEN-002,F04_D_KITCHEN,P2,add,Monitor-top electric evidence,F04_4D_FRIDGE_01,Ice card in the kitchen window's lower pane facing out (icebox units); zinc drip tray on the floor under the icebox with a water tide line,,Card as Label3D-free coloured rectangle with the number as a painted numeral quadrant (no lettering in texture); tray as a desktop-stock piece,"card stock, zinc",the tray's tide line and a rust bloom at one corner,,,Bible VIII.5.a: which number is showing is a fact about that household,design/ORISON_BIBLE.md VIII.5.a,,,Visible in the reverse view; the tray does not enter the fridge door stance,verified,"4D_drip_tray: a zinc drip pan holding a skin of water (driptray form) on the floor under the icebox, between its feet with the front lip showing, clear of the door stance and the door's swing. The ice card in the window pane waits for a window-pane support (the panes belong to the shell, not a furniture actor). Verified at 4444e1e1 (slice22) and db14e977 (slice22b, the 6A backdrop narrowed): the thirteen families pass the fabrication batch (28,045 checks, 0 failures; 206 stock assemblies, every pan bearing on the floor between its icebox's feet), apartment batch 236 as before, the six completion routes unchanged (1A 15, 1D 25, 2C 9, 3D 16, 4C 9, 4D 12), upper lighting and the household save owner 0 failures, upper kitchens 238 with the baseline's labels, the fourteen-kitchen sweep 0 failures; close-ups in implementation/slice22."
F04_D_KITCHEN-003,F04_D_KITCHEN,P2,refine,Monitor-top to a dry icebox,F04_4D_FRIDGE_01 (FridgeMonitor -> FridgeIcebox),,,Variant swap; dry tray; blank ice card,,,,,Bible VIII.5.a four electric flats; the rental's fridge was never run,,,,Fridge module passes,verified,"Resolved by BW-012: F04_4D_FRIDGE_01 is a dry icebox (F04_D_KITCHEN_OV). implementation/slice1 (captures, batch.json, run receipts)"
F04_D_KITCHEN-004,F04_D_KITCHEN,P1,refine,No range in the four tiles; verify the native range mounts,"F04_4D_STOVE_01 (household_stoves.json lists it with ambient_lit false; the sheet is partial, four tiles)",,,As F01_A_KITCHEN-004: confirm the HouseholdGasRange instance for 4D instantiates at its fitting and faces the room,,,,,"Review: captioned cooking and washing, only washing is provided",game/data/orison_v2/household_stoves.json; game/data/orison_v2/completion_interiors.json fittings,,,Kitchen OV from the hall side shows the range,verified,"Runtime census lists F04_4D_STOVE_01 (orison_v2_stove.gd) with four grates and burner caps at (-10.6, -7.65) in F04_D_KITCHEN; the range mounts. The overview station does not frame it; no data change."
F04_D_KITCHEN-005,F04_D_KITCHEN,P3,keep,The cabinet with the domed cylinder is the monitor-top,F04_4D_FRIDGE_01 (FridgeMonitor),,,,,,,,"The review read the tall cream cabinet with a long pull and a banded dome as a 1940s refrigerator; it is the monitor-top, which F04_D_KITCHEN-003 and BW-012 already replace with a dry icebox",,,,Resolved by F04_D_KITCHEN-003,verified,Keep note closed with the swap above.
F04_D_PRIVATE_HALL-001,F04_D_PRIVATE_HALL,P2,refine,"Hall use evidence (one object, not a kit)",,Against the wall clear of both door swings and the 0.8 m route,,"One native object from an existing family (hamper, hat stand, folded-laundry shelf or boot tray) by the resident's routine","period-appropriate: painted pine, wicker, tin",rub line at hip height where the resident brushes past nightly; floor wear path from bed to bath,,,Accord 14 evidence within two metres; keeps the hall a hall,,,"Door swings, route, bedside/bath approach stances","Threshold view from the main room shows the hall as used, not empty, with the route visibly clear",verified,"A parts crate (a copy of 3B_partscrate) against the east wall at (-5.87, -9.28), clear of every door and opening approach (each opening's span plus 0.15 m, 1.0 m deep), the stances and a 0.85 m route; a completion copy. The hamper's cane panels read as a lidded box rather than a woven basket and the galoshes are plain blocks; finer weave and boot forms are later art. Verified at 2152694f (slice14b) and 4fc1b18d (slice14c, after 2A's and 3A's objects moved to the north end wall out of the door route): the thirteen families pass the fabrication batch (25,826 checks, 0 failures; every hall object bearing inside its hall), apartment batch 236 as before, the apartment door route 45 waypoints and the 4B route 32 with 0 failures, the six completion routes unchanged (1A 15, 1D 25, 2C 9, 3D 16, 4C 9, 4D 12), upper lighting 0 failures, upper furniture 444 identical to slice 13 (slice14base), the eighteen-hall sweep 0 failures; captures in implementation/slice14b and slice14c."
F04_D_BATH-001,F04_D_BATH,P2,refine,Resident bath set for the Transient Guests,4D_soap_dish; 4D_hand_towel; 4D_toilet_roll; F04_4D_MIRROR_01 (medicine cabinet),"On the basin rim and the cabinet shelves, inside the existing bath_details supports; towel on the existing rail or on a new 300 mm brass hook beside the basin if no rail exists",,"Small desktop-stock objects in the existing desktop_stock family (max 6 per bathroom), seated by support id, no new owner","porcelain, nickel-plated brass, huckaback cotton; enamel with fine crazing","wiping arc at eye height on the mirror, soap ring on the dish, a chip on the basin rim at the tap side",flush dome as authored; no added light,,"Reads as the Transient Guests's routine, not a generic bathroom",game/data/orison_v2/bath_details.json; game/data/orison_v2/household_accessories.json; art/blender/desktop_stock.md,,"TapProp cycle, curtain area, MedicineCabinetProp leaf and the I-key care inspection reach",Detail view from the door shows the set without obstructing the basin stance,proposed,
F04_D_BATH-002,F04_D_BATH,P3,refine,Positional wear and water consequence,,Floor at the receptor edge and the wall at the register,,,existing wet_cloth / local drain finish masks (B4 cloth batch) extended with a 0.4 m water line decal under the curtain hem,"darkened grout line along the receptor, paint lifted below the register, the mop-shadow corner the mop cannot reach",,,Accord 12: wear follows use; Accord 14: consequence within two metres,art/blender/scripts/owner_finish_materials.py (localized drain finish); game/data/orison_v2/owner_finish_profiles.json,E2: inherited patina baked; accrued grime simulated later by section E; author only the inherited layer here,,,proposed,
F04_D_BATH-003,F04_D_BATH,P1,move,Switch plate off the tile above the basin,"F04_D_BATH_SWITCH (anchor at -7.45, 1.12, -12.25) and its plate","To the latch side of the bath door, 150 mm from the frame at 1.12 m; the basin's own position is not in the data read for this dossier, so confirm the clearance on the floor",,,,,,,Review: an electric switch in the splash zone of the basin is wrong for any period,game/data/orison_v2/room_lighting.json switches; game/data/orison_v2_blockout.json anchors,,Switch interaction and the light it owns,DT at the basin shows tile only; the switch is reachable from the door,implemented,"F04_D_BATH_SWITCH anchor moved to (-6.1, 1.12, -9.75) yaw 0: the north wall beside the bath door, off the basin wall."
F04_D_BED-001,F04_D_BED,P2,add,"Mismatched pillows, packed case, wired hangers","4D_bed bedding variant with two pillows; new: open case (crate family), 4D_wardrobe garment set empty with hangers",,,,,,,,Wardrobe bible late-night state; no personal history,,,,Overview,proposed,
F04_D_STUDY-001,F04_D_STUDY,P1,refine,Lock the closet door,F04_D_BED_STORAGE_DOOR leaf_state closed -> locked,,,Door source record change in completion_interiors (leaf_state locked); the matrix's locked-door count rises by one and the card gives the owner's reason,,,,,Life profile room conversion locked_owner_closet,game/data/orison_v2/completion_interiors.json doors; design/PROP_SET_INTERACTION_MATRIX.md locked doors,,Resident key rules (no guest key),E rattles with a reason; door route test updated,verified,"F04_D_BED_STORAGE_DOOR leaf_state locked in completion_interiors_source; the sweep's threshold opening was refused (threshold_door: locked) and OrisonV2CompletionInteriorsTest now expects the refusal and skips the closet: with V2_TEST_UNIT=4D the four lock checks pass (implementation/slice1b/receipts). The suite still ends in its kitchen-to-hall leg (12 waypoints), which fails identically on main at 16f1d353 for 1A (38 waypoints, same target) and for 3D on this branch (14 waypoints): the fridge beside the kitchen door blocks the route line, a pre-existing defect flagged separately. On main the 4D leg already failed earlier, at the walk into the closet after opening its door (7 waypoints; implementation/baseline_completion_4D), so the lock removes a broken step rather than adding one. implementation/slice1 (captures, batch.json, run receipts)"
F04_D_STUDY-002,F04_D_STUDY,P3,add,"Lost property shelves (interior, unseen in play)",new: 4D_lost_shelves (Shelf01 x2) with tagged objects (desktop_stock),,,,,,,,"Hero object prior_guest_lost_property; proposed backstory: nine guests, every tag says 4D",,,,Teleported capture only,proposed,
F05_PUBLIC_CORE-001,F05_PUBLIC_CORE,P2,add,Landing notice and the building's paper trail,,"On the core wall beside the floor plate at 1.5 m, clear of the rail",notice frame 0.35 x 0.45 m,"One framed notice board (Label3D text) per core level: the 1928 house rules on the public side, the service notice on the service side","oak frame, glass, foxed paper",a corner of the glass cracked and taped,,,Bible VIII.5.h: the paper trail begins in 1928; Nadia's memos signed Management need a place to be posted,design/ORISON_BIBLE.md VIII.5.h; game/data/resident_schedules.json (Nadia posts the tenant memo Mon/Wed/Fri),,,Readable by the service lamp from the landing,proposed,
F05_PUBLIC_CORE-002,F05_PUBLIC_CORE,P3,refine,Stair wear and the one unique landing piece,,Tread noses and the half-landing wall,,,honed stair marble (art/blender/stair_honed.md) with inherited dishing; one framed piece per half-landing (punchlist: each of the seven landings needs a unique piece),"dished treads, rail gold at hand height, paint rubbed at the turn",,,Accord 12 and the open punchlist row,,,Stair ironwork and tread collision,Reverse view up the flight shows the dishing read against the lamp,proposed,
F05_PUBLIC_CORE-003,F05_PUBLIC_CORE,P2,refine,Landing floor at 5C's door is flat tan with no skirting,F05_PUBLIC_CORE floor and base around F05_DOOR_06,,,Carry the hall terrazzo and the painted base across the landing to the door sill,,,,,"Review: the landing outside 5C reads as a service space, not the public hall it joins",game/scripts/building/floor_coverage_pass.gd,,,DT1 at DOOR_06 shows terrazzo and base,proposed,
F05_PUBLIC_CORE-004,F05_PUBLIC_CORE,P3,keep,Honed marble without baked wear is the owner's decision,"stair, stair_b, stair_c families",,,,,,,,The review asked for positional wear on the main flight; stair_honed.md removed the baked nosing stripes deliberately because they repeated across half-landings; any wear must be positional (per-tread) or none,art/blender/stair_honed.md,,,Unchanged,verified,"Kept: none of the twelve stair family sources or exports has changed since e63ce4f6; no baked wear was added (implementation/slice34/receipts/keep_audit.receipt.json). Verified at WIP 974ee6d2 (implementation/slice34): fabrication batch 0 failures; apartment batch 236 on the long runner; completion 1A 15 waypoints with its pre-existing kitchen-leg failure; roof route 53 waypoints, 0 failures; the two-space sweep 0 failures; the keep audit (receipts/keep_audit.receipt.json) holds for all nine keep items."
F05_SERVICE_CORE-001,F05_SERVICE_CORE,P2,add,Landing notice and the building's paper trail,,"On the core wall beside the floor plate at 1.5 m, clear of the rail",notice frame 0.35 x 0.45 m,"One framed notice board (Label3D text) per core level: the 1928 house rules on the public side, the service notice on the service side","oak frame, glass, foxed paper",a corner of the glass cracked and taped,,,Bible VIII.5.h: the paper trail begins in 1928; Nadia's memos signed Management need a place to be posted,design/ORISON_BIBLE.md VIII.5.h; game/data/resident_schedules.json (Nadia posts the tenant memo Mon/Wed/Fri),,,Readable by the service lamp from the landing,proposed,
F05_SERVICE_CORE-002,F05_SERVICE_CORE,P3,refine,Stair wear and the one unique landing piece,,Tread noses and the half-landing wall,,,honed stair marble (art/blender/stair_honed.md) with inherited dishing; one framed piece per half-landing (punchlist: each of the seven landings needs a unique piece),"dished treads, rail gold at hand height, paint rubbed at the turn",,,Accord 12 and the open punchlist row,,,Stair ironwork and tread collision,Reverse view up the flight shows the dishing read against the lamp,proposed,
F05_SERVICE_HALL-001,F05_SERVICE_HALL,P2,add,Maintenance evidence on the service spine,,"On the riser cluster wall and the floor against it, outside the 1.2 m route",,"Chalk valve marks (decal), a pipe tag per riser (Label3D), one crate, one coiled hose on a bracket; nothing on the route","chalk, card tags on wire, pine crate, rubber hose","drip stain under the valve, a boot scuff where the super stands",,,Accord 11 and 13: every pipe terminates and reads as a timeline; the super's rounds leave marks,art/blender/heating_distribution.md; art/blender/duct_supports.md; game/data/resident_schedules.json (Omar's rounds 08:00-12:00),,"Service route, dumbwaiter approach, door swings",Threshold view from the crossing shows marked pipes and a clear route,proposed,
F05_EAST_HALL-001,F05_EAST_HALL,P2,add,Door-threshold evidence per unit,,"At each apartment door on the hall side: a mat, a milk bottle or a parcel per the resident's routine, within 0.5 m of the jamb and outside the swing",,"One native object per door from the desktop_stock family (coir mat variants, a milk bottle pair, a string-tied parcel, a folded newspaper)","coir, glass, brown paper","the mat's worn centre, the floor varnish gone at the threshold",,,"The hall tells you who lives behind each door before you knock (schedules: milk, parcels, Evelyn's corrected notices)",game/data/resident_schedules.json; design/CLAUDE_APARTMENT_LIVED_IN_PASS.md,,"Door swings, the 1.2 m hall route, resident yield radius",Overview from the landing reads at least two different households from their thresholds,proposed,
F05_EAST_HALL-002,F05_EAST_HALL,P3,refine,Positional hall wear,,Floor centreline and the corner the mop cannot reach; wall at trolley height beside the lift,,,existing public floor finish (A02) with an inherited wear mask only,"centreline dulling, a mop-shadow in the corner, the wall scuffed at 0.6 m by the porter's trolley",,,Accord 12,,E2: inherited layer only; accrued grime belongs to section E,,Reverse view shows the wear path aligned with the actual door positions,proposed,
F05_SERVICE_CROSSING-001,F05_SERVICE_CROSSING,P2,add,Maintenance evidence on the service spine,,"On the riser cluster wall and the floor against it, outside the 1.2 m route",,"Chalk valve marks (decal), a pipe tag per riser (Label3D), one crate, one coiled hose on a bracket; nothing on the route","chalk, card tags on wire, pine crate, rubber hose","drip stain under the valve, a boot scuff where the super stands",,,Accord 11 and 13: every pipe terminates and reads as a timeline; the super's rounds leave marks,art/blender/heating_distribution.md; art/blender/duct_supports.md; game/data/resident_schedules.json (Omar's rounds 08:00-12:00),,"Service route, dumbwaiter approach, door swings",Threshold view from the crossing shows marked pipes and a clear route,proposed,
F05_SERVICE_CROSSING-002,F05_SERVICE_CROSSING,P3,refine,Peephole as a white disc; dark joint at the upper-left wall,F05_DOOR_05 peephole (BW-014); the wall joint gap in OV,,,,,,,,Review: the white disc and the glowing frame pull the eye more than the kick wear does,,,,TH at DOOR_05,proposed,
F05_SERVICE_HALL_SOUTH-001,F05_SERVICE_HALL_SOUTH,P2,add,Maintenance evidence on the service spine,,"On the riser cluster wall and the floor against it, outside the 1.2 m route",,"Chalk valve marks (decal), a pipe tag per riser (Label3D), one crate, one coiled hose on a bracket; nothing on the route","chalk, card tags on wire, pine crate, rubber hose","drip stain under the valve, a boot scuff where the super stands",,,Accord 11 and 13: every pipe terminates and reads as a timeline; the super's rounds leave marks,art/blender/heating_distribution.md; art/blender/duct_supports.md; game/data/resident_schedules.json (Omar's rounds 08:00-12:00),,"Service route, dumbwaiter approach, door swings",Threshold view from the crossing shows marked pipes and a clear route,proposed,
F05_WEST_HALL-001,F05_WEST_HALL,P2,add,Door-threshold evidence per unit,,"At each apartment door on the hall side: a mat, a milk bottle or a parcel per the resident's routine, within 0.5 m of the jamb and outside the swing",,"One native object per door from the desktop_stock family (coir mat variants, a milk bottle pair, a string-tied parcel, a folded newspaper)","coir, glass, brown paper","the mat's worn centre, the floor varnish gone at the threshold",,,"The hall tells you who lives behind each door before you knock (schedules: milk, parcels, Evelyn's corrected notices)",game/data/resident_schedules.json; design/CLAUDE_APARTMENT_LIVED_IN_PASS.md,,"Door swings, the 1.2 m hall route, resident yield radius",Overview from the landing reads at least two different households from their thresholds,proposed,
F05_WEST_HALL-002,F05_WEST_HALL,P3,refine,Positional hall wear,,Floor centreline and the corner the mop cannot reach; wall at trolley height beside the lift,,,existing public floor finish (A02) with an inherited wear mask only,"centreline dulling, a mop-shadow in the corner, the wall scuffed at 0.6 m by the porter's trolley",,,Accord 12,,E2: inherited layer only; accrued grime belongs to section E,,Reverse view shows the wear path aligned with the actual door positions,proposed,
F05_WEST_HALL-003,F05_WEST_HALL,P2,add,Cal's aerial wire along the dado,new: wire run with four porcelain insulators from the hall's window end to F05_DOOR_03,"At 2.0 m along the dado, through a drilled hole beside the door",,Static wire family (radio_wire.md materials),"copper wire, porcelain insulators",,,,Entry set antenna_experiments spills into the hall,art/blender/radio_wire.md,,,Overview along the hall shows the run,proposed,
F05_WEST_HALL-004,F05_WEST_HALL,P1,refine,Unit doors 5A and 5B render nearly black,"F05_DOOR_02, F05_DOOR_03 leaves; F05_WEST_HALL practical (BW-017)",,,,,,,,Review: the two unit doors are this hall's story and they are unreadable at this exposure; a hall practical and the leaf finish (BW-016) fix it,,,,Hall OV with the lamp off reads both doors,verified,"F05_WEST_HALL_LT_A/_B domes (BW-017, implementation/slice3b/images/F05_WEST_HALL_OV.jpg); the leaf finish stays with BW-016."
F05_A_VESTIBULE-001,F05_A_VESTIBULE,P1,add,Entry landing set for Nadia Quell,,"Along the wall opposite the entry door swing, within 0.9 m of the door, leaving the authored route clear",hook strip 0.6 m long at 1.65 m; shelf 0.3 m deep at 1.1 m; mat 0.6 x 0.9 m,Entry kit from the shared desktop_stock / domestic_objects families; hooks and shelf as one native assembly per vestibule variant,"painted pine shelf, iron hooks, coir mat, brass drip tray","scuff fan on the floor inside the door, hand-grime on the door edge at latch height, the wall rubbed by coats at shoulder height",flush dome as authored,,Identify the resident from the threshold (lived-in acceptance criterion),game/data/apartment_life_profiles.json entry_set; art/blender/desktop_stock.md,,"Door swing, 0.8 m route, SwitchPlate reach",Threshold capture from the hall shows the set; door-route test unchanged,verified,"Entry landing set for Nadia Quell: a hall stand (DomesticObject16: backboard with four iron hooks at 1.65 m, shelf at 1.1 m, plinth with a brass drip tray) on the east wall opposite the entry door. Deviations: the coir mat and the per-resident hook load wait for a collision-free floor piece and the cloth family. Verified at b8319c79 and e6c97bc1: the twelve rebuilt families pass the fabrication batch with every stand bearing on its floor (implementation/slice8b, after the three D-plan stands were moved inside their vestibules), apartment batch 236 as before, upper lighting 0 failures, both door-route suites and the six completion routes unchanged (1A 15, 1D 25, 2C 9, 3D 16, 4C 9, 4D 12); the vestibule sweeps show the stands (implementation/slice8)."
F05_A_VESTIBULE-002,F05_A_VESTIBULE,P2,add,Building hardware: signal outlet plate and chain guard,new: brass flush signal-outlet plate beside the switch; new: chain door guard on the entry leaf,"Signal plate 0.15 m beside the existing SWITCH anchor at the same height; chain guard on the leaf at 1.5 m, keeper on the jamb",plate 70 x 115 mm; chain 0.3 m,Two small native parts in the fixed_lighting / door hardware families; no interaction,"brass with a dull lacquer, painted over at one screw",,,,Bible VIII.3: every room has a signal point beside the power socket; Accord 11: one anchor painted over,art/blender/light_switch.md; art/blender/door_knob_set.md,,,Visible in the threshold view at eye height,verified,"The brass signal-outlet plate beside the switch came with BW-013 (slice 6); the chain door guard is on the entry leaf's apartment face: slotted plate by the latch stile, anchor plate and unhooked chain beside it (slice 10). Verified at d38ba7ac (slice10, slice10b): the thirteen families pass the fabrication batch (24,276 checks, 0 failures; seating 51 actors with the two armchairs, 1A's captured natively), door casings and fitted door fabric 0 failures, door hinges 10 as before (the 105-door count and one leaf's knuckles, identical at 6d99760d, slice10c), both door-route suites unchanged (45 and 32 waypoints, 0 failures), completion route 1A 15 waypoints as before (the kitchen leg), apartment batch 236 as before, upper lighting 0 failures, the seven-space sweep 0 failures; the chain guards are shown at the vestibule thresholds and the armchairs in F05_B_MAIN and F01_A_MAIN (implementation/slice10)."
F05_A_VESTIBULE-003,F05_A_VESTIBULE,P2,add,Chalk swing limit and a torch,new: chalk arc decal on the floor at the leaf's open position; desktop_stock torch on the shelf,,,,,,,,"Contradiction: the exit route is measured, marked and blocked by nothing",,,,Threshold view,verified,"5A_torch (torch form: nickel barrel, head and lens, a bakelite switch) on the hall stand's shelf (held by the bearing check; the vestibule gives the close-up camera no clear station). The chalk swing-limit arc waits for a floor decal pass. Verified at 3ee31793 (slice24: apartment batch 236, the apartment door route 45 waypoints with 0 failures, completion route 3D 16 as before, upper lighting and the household save owner 0 failures, the five-space sweep 0 failures) and at 2c52a53e (slice24c, the light table withdrawn and the upper-kitchen material check scoped to the cabinets: fabrication 28,545 checks with 0 failures, every piece bearing on its support; upper kitchens 206 with the baseline's three stance labels); captures in implementation/slice24."
F05_A_MAIN-001,F05_A_MAIN,P1,add,The plan wall,"5A_pins1 (existing); new: 5A_plan_wall (pinboard family 1.6 x 1.0 m) with four plan sheets (line decals), red annotation strokes, memo drafts","On the wall opposite the window at 1.4 m, clear of the bookshelf, nothing overlapping (decor: avoid cabinet overlap)",,"Pinboard variant, single tack owner","cork, blueprint-blue paper, red pencil",,,,Life profile plan_wall; decor profile advocacy board,game/data/apartment_life_profiles.json; design/resident_decor_profiles.json,,,Overview from the vestibule reads the wall first,verified,"5A_plan_wall: a 1.6 x 1.0 m pinboard (DomesticObject18, 20 sheets; in rows since slice 21, the drifted layout collapsing into streaks) on the north wall between the radiator and the bookshelf at 1.4 m. Deviations: the wall opposite the window is two openings and the switch, so the board takes the clear north wall; plan-line decals and red strokes wait for a sheet form (no lettering in textures). Verified at 76d0a584 (slice12) with the apartment batch at 394a9c3c (slice12b): the thirteen families pass the fabrication batch (25,164 checks, 0 failures; objects 44 actors, every board, canvas and frame bearing on its actual wall face), apartment batch 236 with failure labels identical to slice 11 once its category roster holds the original V1 set, upper lighting 0 failures, completion route 1A 15 waypoints as before, the household save owner 0 failures, the five-space sweep 0 failures; the rooms and native close-ups are in implementation/slice12."
F05_A_MAIN-002,F05_A_MAIN,P1,move,Drawing table to the window,5A_plantable (assembly); 5A_stool; F05_A_LAMP_01 (architect_counterweight),"Plantable square to the window with the stool behind it and the counterweight lamp clamped to its edge, cord per G14's plan",,,,,,,Daily loop correct_plans at the window light; schedule 20:00 drafting,,,Lamp cord route and the plantable's OPERATE/refusal owner (matrix),Reverse view shows the table lit at the window,proposed,
F05_A_MAIN-003,F05_A_MAIN,P2,add,The rent-strike ledger and emergency supplies,"new: 5A_ledger (papers bound variant) on 5A_din_t; new: 5A_supplies_tin (desktop_stock tin with candles, a wrench, a bandage roll) by the vestibule opening",,,,"black cloth ledger, red tin",,,,Life profile emergency_supplies; schedule: the rent-strike ledger signed Management,,,,Detail views,verified,"5A_ledger (bound volumes) on 5A_din_t; the supplies tin by the opening waits for a floor stance clear of the route. Verified at dc849111 (slice9e, slice9f) and 266ef28a (slice9g): the thirteen families pass the fabrication batch (24,237 checks, 0 failures; surface stock 3,461 checks with every record bearing on its support, the fifteen prep cabinets with the 1D, 2C and 4C completion copies), apartment batch 236 as before, completion routes 1D 25, 2C 9 and 4C 9 unchanged (the C-plan bath leg), upper lighting 0 failures, upper kitchens 238 as before (the material-binding and three-stance failures are identical at 66994c91, slice9h), the household save owner's 201 controls save and restore (0 failures), the eight-space sweep 0 failures; the resident surfaces are shown in implementation/slice9 (at bc26e9ca) and the kitchens and the 6C vestibule in slice9e."
F05_A_MAIN-004,F05_A_MAIN,P2,refine,Code books on the bookshelf,F05_5A_BOOKSHELF_01 (plain),,,Bookpile objects: thick uniform volumes with blank spines,,,,,Life profile code_books,,,,Detail view,proposed,
F05_A_MAIN-005,F05_A_MAIN,P2,refine,Desk lamp is polished chrome,the task lamp on 5A_plantable (task lamp family instance for 5A),,,,"dull nickel or black japanned steel, copper base kept",,,,Review: the one object in the room that breaks the 1927 rule,game/data/orison_v2/task_lamps.json; art/blender/task_lamps.md,,,Plan-table detail,proposed,
F05_A_MAIN-006,F05_A_MAIN,P2,refine,Two blank pale-grey recesses on the wall opposite the window,"the two recesses seen in RV (the vestibule and private-hall openings whose leaves blow out, or window recesses without sash); identify first",,,If openings: BW-016; if window recesses: the glazing family's sash and the light-court face beyond (F01_COMMON_B-003 is the same symptom),,,,,Review: flat panels with a light line flatten the far wall and read as placeholders,,,,RV station shows finished openings,proposed,
F05_A_KITCHEN-001,F05_A_KITCHEN,P1,refine,Kitchen set for Nadia Quell,5A_prep_cabinet; 5A_k_wall_cupboard; F05_5A_STOVE_01; F05_5A_FRIDGE_01; F05_5A_KITCHEN_SINK_01,"On the preparation cabinet top, the drainboard, the range's cold side and the icebox top, within the existing support ids; nothing on the floor in the cross-passage",,"Surface props from desktop_stock (mugs, dishrack, jars, tins, bread board) selected per kitchen_set; at most 8 pieces, merged per family","enamel (tenant-specific variant), tin, glass jars, porcelain, oilcloth on the cabinet top","grease film on the wall behind the range at splash height, a scorched ring on the cabinet top beside the range, worn oilcloth at the working edge",as authored; the range's pilot is the only new glow and only where the resident cooks,,Appliance Bible III: the appliance that tells the truth about the tenant,design/ORISON_APPLIANCE_BIBLE.md; game/data/orison_v2/domestic_surface_props.json; art/blender/desktop_stock.md,,"StoveProp oven leaf, FridgeProp leaf and ice door, TapProp cycle, toaster carriage and crumb pan, prep cabinet slide, kitchen cross-passage",Overview shows the set from the kitchen opening; no prop within the oven or fridge door sweep,verified,"efficient_batching: two tins and a bread board on the prep cabinet. Surface-stock records on the sink or prep cabinet support, within the dossier's eight-piece cap; grease film, scorch ring and oilcloth wear stay with the finish pass. Verified at 333c8041: the surface-stock fabrication validator passes 2,644 checks with the 107 records mounted (implementation/slice7/receipts/fabrication_shots__batch.json), the prep-cabinet and toaster validators stay clean, the apartment batch keeps the slice-2 count (236) and upper lighting 0 failures; the kitchen sweeps show the pieces (implementation/slice7)."
F05_A_KITCHEN-002,F05_A_KITCHEN,P2,add,Ice card and drip tray evidence,F05_5A_FRIDGE_01,Ice card in the kitchen window's lower pane facing out (icebox units); zinc drip tray on the floor under the icebox with a water tide line,,Card as Label3D-free coloured rectangle with the number as a painted numeral quadrant (no lettering in texture); tray as a desktop-stock piece,"card stock, zinc",the tray's tide line and a rust bloom at one corner,,,Bible VIII.5.a: which number is showing is a fact about that household,design/ORISON_BIBLE.md VIII.5.a,,,Visible in the reverse view; the tray does not enter the fridge door stance,verified,"5A_drip_tray: a zinc drip pan holding a skin of water (driptray form) on the floor under the icebox, between its feet with the front lip showing, clear of the door stance and the door's swing. The ice card in the window pane waits for a window-pane support (the panes belong to the shell, not a furniture actor). Verified at 4444e1e1 (slice22) and db14e977 (slice22b, the 6A backdrop narrowed): the thirteen families pass the fabrication batch (28,045 checks, 0 failures; 206 stock assemblies, every pan bearing on the floor between its icebox's feet), apartment batch 236 as before, the six completion routes unchanged (1A 15, 1D 25, 2C 9, 3D 16, 4C 9, 4D 12), upper lighting and the household save owner 0 failures, upper kitchens 238 with the baseline's labels, the fourteen-kitchen sweep 0 failures; close-ups in implementation/slice22."
F05_A_KITCHEN-003,F05_A_KITCHEN,P1,add,The corrected floor plan on the icebox door,new: 5A_corrected_plan (papers sheet with plan-line decals and one red-inked room) on F05_5A_FRIDGE_01's leaf,Centred on the icebox leaf at 1.2 m; moves with the leaf,,Decal-plane child of the fridge leaf (the leaf is the owner); INSPECT via the fridge card,,,,,Hero object corrected_floor_plan_of_this_building; proposed backstory: it shows a room that is not on the blockout,,,FridgeProp leaf and ice door,Detail view at the icebox; leaf opens with the sheet attached,verified,"Nadia's corrected floor plan is pinned to the icebox's food door: 5A's icebox has its own variant (FridgeIceboxPlan) whose sheet, ruled walls, copper-inked room and four brass pins belong to the door, so the sheet swings with the leaf and the ice door is untouched (implementation/slice30b/images/F05_A_KITCHEN_OV). The sheet sits on the food door's raised panel (0.43 to 0.83 m) because 1.2 m falls on the ice door; INSPECT stays with the fridge card. Verified at WIP 0efdc84b (implementation/slice30b): fabrication batch 0 failures; apartment batch 236 (the branch baseline); household state 154 checks, 0 failures; completion 2C 9 waypoints with its one pre-existing kitchen-leg failure; upper kitchens 206 (the branch baseline); the two-room sweep 0 failures."
F05_A_PRIVATE_HALL-001,F05_A_PRIVATE_HALL,P2,refine,"Hall use evidence (one object, not a kit)",,Against the wall clear of both door swings and the 0.8 m route,,"One native object from an existing family (hamper, hat stand, folded-laundry shelf or boot tray) by the resident's routine","period-appropriate: painted pine, wicker, tin",rub line at hip height where the resident brushes past nightly; floor wear path from bed to bath,,,Accord 14 evidence within two metres; keeps the hall a hall,,,"Door swings, route, bedside/bath approach stances","Threshold view from the main room shows the hall as used, not empty, with the route visibly clear",verified,"A galvanised boot tray with a pair of rubber galoshes and dried mud (boottray form) against the east wall at (-5.87, -8.48), clear of every door and opening approach (each opening's span plus 0.15 m, 1.0 m deep), the stances and a 0.85 m route. The hamper's cane panels read as a lidded box rather than a woven basket and the galoshes are plain blocks; finer weave and boot forms are later art. Verified at 2152694f (slice14b) and 4fc1b18d (slice14c, after 2A's and 3A's objects moved to the north end wall out of the door route): the thirteen families pass the fabrication batch (25,826 checks, 0 failures; every hall object bearing inside its hall), apartment batch 236 as before, the apartment door route 45 waypoints and the 4B route 32 with 0 failures, the six completion routes unchanged (1A 15, 1D 25, 2C 9, 3D 16, 4C 9, 4D 12), upper lighting 0 failures, upper furniture 444 identical to slice 13 (slice14base), the eighteen-hall sweep 0 failures; captures in implementation/slice14b and slice14c."
F05_A_BATH-001,F05_A_BATH,P2,refine,Resident bath set for Nadia Quell,5A_soap_dish; 5A_hand_towel; 5A_toilet_roll; F05_5A_MIRROR_01 (medicine cabinet),"On the basin rim and the cabinet shelves, inside the existing bath_details supports; towel on the existing rail or on a new 300 mm brass hook beside the basin if no rail exists",,"Small desktop-stock objects in the existing desktop_stock family (max 6 per bathroom), seated by support id, no new owner","porcelain, nickel-plated brass, huckaback cotton; enamel with fine crazing","wiping arc at eye height on the mirror, soap ring on the dish, a chip on the basin rim at the tap side",flush dome as authored; no added light,,"Reads as Nadia Quell's routine, not a generic bathroom",game/data/orison_v2/bath_details.json; game/data/orison_v2/household_accessories.json; art/blender/desktop_stock.md,,"TapProp cycle, curtain area, MedicineCabinetProp leaf and the I-key care inspection reach",Detail view from the door shows the set without obstructing the basin stance,proposed,
F05_A_BATH-002,F05_A_BATH,P3,refine,Positional wear and water consequence,,Floor at the receptor edge and the wall at the register,,,existing wet_cloth / local drain finish masks (B4 cloth batch) extended with a 0.4 m water line decal under the curtain hem,"darkened grout line along the receptor, paint lifted below the register, the mop-shadow corner the mop cannot reach",,,Accord 12: wear follows use; Accord 14: consequence within two metres,art/blender/scripts/owner_finish_materials.py (localized drain finish); game/data/orison_v2/owner_finish_profiles.json,E2: inherited patina baked; accrued grime simulated later by section E; author only the inherited layer here,,,proposed,
F05_A_BATH-003,F05_A_BATH,P1,refine,WC without a cistern; curtain to the floor over nothing; pipe as a grey strip,5A_wc (BW-018); F05_5A_SHOWER_01 curtain and receptor (BW-008); the flat grey vertical strip beside the window (a pipe placeholder: heating_distribution riser or remove); F05_A_BATH_VENT_REGISTER grey box (BW-005),,,,,,,,Review: the fixtures are period in type; the missing cistern and tray undercut the sanitary room,art/blender/heating_distribution.md,,,Bath DT stations,rejected,"Cistern present (BW-018 measurement: 5A_wc LowCistern visible, 0.15 m clear of the south wall). The pipe strip and register parts stay with BW-005 and heating_distribution."
F05_A_BED-001,F05_A_BED,P2,add,"Nightstand set: folding rule, notebook, a reading lamp",desktop_stock on 5A_bed0_ns,,,,,,,,Signature prop; her notes to the Estate written in bed,,,,Detail view,verified,"5A_fold_rule (folding rule form, four leaves and brass rivets) and 5A_notebook (booklet form) on 5A_bed0_ns. The reading lamp waits for the task-lamp installations. Verified at 82e2fbb9 (slice16) and 42a4a0db (slice16c, the same runtime tree with the surface-stock close-ups made selectable): the thirteen families pass the fabrication batch (26,426 checks, 0 failures; 175 stock assemblies, every new piece bearing on its nightstand or table top clear of the baked book and glass), apartment batch 236 as before, completion routes 1A 15 and 4C 9 as before, upper lighting and the household save owner 0 failures, the seven-space sweep 0 failures; close-ups in implementation/slice16c (1A's nightstand has no clear camera station, so its spectacles and pencil rest on the bearing check alone)."
F05_A_STUDY-001,F05_A_STUDY,P2,refine,"Case lid on the model, bands on the rolls, a T-square","5A_model (sitemodel), 5A_planshelf, 5A_pins2",,,"Add a glass case variant to the model (INSPECT), paper bands to the rolls, a T-square on the wall","glass, paper, boxwood",,,,Matrix: the site model is a hero object,,,,Detail views,proposed,
F05_A_STUDY-002,F05_A_STUDY,P2,refine,Placeholder cubes on the plan shelf; thin steel posts,grey blocks and white boxes on 5A_planshelf (Shelf07; posts go with BW-003),,,"Banded plan rolls, two sample bricks and a mortar cube (desktop_stock) replace the cubes; F05_A_STUDY-001 adds the bands and T-square",,,,,Review: the model and pin board carry the story; the shelving reads as modern utility shelving with plain cubes,game/data/orison_v2/surface_stock.json,,,Study OV,verified,5A_planshelf posts are oak (BW-003); the placeholder blocks on it stay as source stock. (implementation/slice34/images/F05_A_STUDY_OV.jpg)
F05_B_VESTIBULE-001,F05_B_VESTIBULE,P1,add,Entry landing set for Cal Dwyer,,"Along the wall opposite the entry door swing, within 0.9 m of the door, leaving the authored route clear",hook strip 0.6 m long at 1.65 m; shelf 0.3 m deep at 1.1 m; mat 0.6 x 0.9 m,Entry kit from the shared desktop_stock / domestic_objects families; hooks and shelf as one native assembly per vestibule variant,"painted pine shelf, iron hooks, coir mat, brass drip tray","scuff fan on the floor inside the door, hand-grime on the door edge at latch height, the wall rubbed by coats at shoulder height",flush dome as authored,,Identify the resident from the threshold (lived-in acceptance criterion),game/data/apartment_life_profiles.json entry_set; art/blender/desktop_stock.md,,"Door swing, 0.8 m route, SwitchPlate reach",Threshold capture from the hall shows the set; door-route test unchanged,verified,"Entry landing set for Cal Dwyer: a hall stand (DomesticObject16: backboard with four iron hooks at 1.65 m, shelf at 1.1 m, plinth with a brass drip tray) on the east wall between the entry and bath leaf swings. Deviations: the coir mat and the per-resident hook load wait for a collision-free floor piece and the cloth family. Verified at b8319c79 and e6c97bc1: the twelve rebuilt families pass the fabrication batch with every stand bearing on its floor (implementation/slice8b, after the three D-plan stands were moved inside their vestibules), apartment batch 236 as before, upper lighting 0 failures, both door-route suites and the six completion routes unchanged (1A 15, 1D 25, 2C 9, 3D 16, 4C 9, 4D 12); the vestibule sweeps show the stands (implementation/slice8)."
F05_B_VESTIBULE-002,F05_B_VESTIBULE,P2,add,Building hardware: signal outlet plate and chain guard,new: brass flush signal-outlet plate beside the switch; new: chain door guard on the entry leaf,"Signal plate 0.15 m beside the existing SWITCH anchor at the same height; chain guard on the leaf at 1.5 m, keeper on the jamb",plate 70 x 115 mm; chain 0.3 m,Two small native parts in the fixed_lighting / door hardware families; no interaction,"brass with a dull lacquer, painted over at one screw",,,,Bible VIII.3: every room has a signal point beside the power socket; Accord 11: one anchor painted over,art/blender/light_switch.md; art/blender/door_knob_set.md,,,Visible in the threshold view at eye height,verified,"The brass signal-outlet plate beside the switch came with BW-013 (slice 6); the chain door guard is on the entry leaf's apartment face: slotted plate by the latch stile, anchor plate and unhooked chain beside it (slice 10). Verified at d38ba7ac (slice10, slice10b): the thirteen families pass the fabrication batch (24,276 checks, 0 failures; seating 51 actors with the two armchairs, 1A's captured natively), door casings and fitted door fabric 0 failures, door hinges 10 as before (the 105-door count and one leaf's knuckles, identical at 6d99760d, slice10c), both door-route suites unchanged (45 and 32 waypoints, 0 failures), completion route 1A 15 waypoints as before (the kitchen leg), apartment batch 236 as before, upper lighting 0 failures, the seven-space sweep 0 failures; the chain guards are shown at the vestibule thresholds and the armchairs in F05_B_MAIN and F01_A_MAIN (implementation/slice10)."
F05_B_VESTIBULE-003,F05_B_VESTIBULE,P2,add,Battery on charge at the signal outlet,new: 5B_battery_case (desktop_stock wooden case with two jars) with a cloth lead to the new signal plate,,,,,,,,Bible VIII.4 batteries are enormous; entry set antenna_experiments,,,,Threshold view,verified,"5B_battery_case (batterycase form: a wooden case with two glass cells and brass terminals) on the floor west of the switch, where the signal-outlet plate sits, clear of the switch stance and the main opening. The cloth lead to the plate waits for a lead form. Verified at 3ee31793 (slice24: apartment batch 236, the apartment door route 45 waypoints with 0 failures, completion route 3D 16 as before, upper lighting and the household save owner 0 failures, the five-space sweep 0 failures) and at 2c52a53e (slice24c, the light table withdrawn and the upper-kitchen material check scoped to the cabinets: fabrication 28,545 checks with 0 failures, every piece bearing on its support; upper kitchens 206 with the baseline's three stance labels); captures in implementation/slice24."
F05_B_MAIN-001,F05_B_MAIN,P1,add,The worn chair facing the radio,new: 5B_radio_chair (domestic_seating armchair variant with the right arm worn through and the seat dished toward the radio side),"Facing 5B_story_radio on its wireless table at 1.6 m, back to the window, with the headphones' lead reaching it",,Seating variant with a wear mask on the radio-side arm and a headrest grease decal,"moquette, oak",the arm facing the radio bald; the other arm barely used,,,Hero object the_radio_chair_worn_wrong; contradiction,game/data/apartment_life_profiles.json,,,Detail view shows the wear direction,verified,"5B_radio_chair: the new Armchair form (sofa recipe at 0.85 m, one cushion, rolled arms) at (-13.8, 5.55) on the window side of the wireless table, facing east along it. The worn-through arm and dished seat are finish work on the cloth and stay open. Verified at d38ba7ac (slice10, slice10b): the thirteen families pass the fabrication batch (24,276 checks, 0 failures; seating 51 actors with the two armchairs, 1A's captured natively), door casings and fitted door fabric 0 failures, door hinges 10 as before (the 105-door count and one leaf's knuckles, identical at 6d99760d, slice10c), both door-route suites unchanged (45 and 32 waypoints, 0 failures), completion route 1A 15 waypoints as before (the kitchen leg), apartment batch 236 as before, upper lighting 0 failures, the seven-space sweep 0 failures; the chain guards are shown at the vestibule thresholds and the armchairs in F05_B_MAIN and F01_A_MAIN (implementation/slice10)."
F05_B_MAIN-002,F05_B_MAIN,P1,add,Reel deck table and the tape catalogue,"new: 5B_deck_table (TableRect05) with asm_reeldeck; new: 5B_tape_shelf (Shelf01 x2) with dated reel boxes in rows (desktop_stock), one plain box",Deck table at the third point of the triangle by the private-hall opening; shelves on the wall beside the vestibule opening,,Reeldeck RESIST-REFUSE owner per the matrix; shelves with box rows,"Bakelite deck, grey card boxes with date tags",the deck's heads bright; the shelf dust-free in one row's width,,,Life profile tape_catalog; Appliance Bible: the reel deck is the only thing warm; web II.1 the Delayed Voice Reel,design/ORISON_RELATIONSHIP_WEB.md II.1; design/PROP_SET_INTERACTION_MATRIX.md reeldeck,,Bible VII.8: the reel is never audible; no playback path,"Overview reads a triangle of chair, set, deck",verified,"5B_deck_table (TableRect05 copy, 1.6 x 0.5 m) along the private-hall opening at the third point of the listening triangle, with 5B_deck (a second DomesticObject04 reel deck bearing on its top) and, on the east wall beside the vestibule opening, two Shelf01 units (5B_tape_shelf_a/b) carrying five rows of fourteen standing reel boxes (boxrow form) and one plain box (reelbox form). Deviations: the deck is passive with no RESIST-REFUSE owner (nothing prompts; the reel is never audible), and the boxes carry seams instead of date tags (no lettering in textures). Verified at ec25cca0 (slice11b; slice11 is the first run, red on the two placements fixed here): the thirteen families pass the fabrication batch (24,724 checks, 0 failures; tables 72, storage 50 and objects 36 actors with the copies, surface stock 3,708 checks with every record bearing on its support, the reel boxes on the clear boards), apartment batch 236 as before, upper lighting 0 failures, the household save owner's 201 controls unchanged (0 failures), the four-space sweep 0 failures; the rooms are shown in implementation/slice11b."
F05_B_MAIN-003,F05_B_MAIN,P2,add,Repair mat on the dining table,"5B_din_t with a cloth repair mat, a chassis, a soldering iron on a tin (desktop_stock)",,,,,,,,Life profile repair_mat; schedule: Omar re-caps a chassis here on Tuesdays,,,,Detail view,verified,"5B_solder_tin on 5B_din_t beside the headphones and lead; the cloth mat and chassis wait for their forms. Verified at dc849111 (slice9e, slice9f) and 266ef28a (slice9g): the thirteen families pass the fabrication batch (24,237 checks, 0 failures; surface stock 3,461 checks with every record bearing on its support, the fifteen prep cabinets with the 1D, 2C and 4C completion copies), apartment batch 236 as before, completion routes 1D 25, 2C 9 and 4C 9 unchanged (the C-plan bath leg), upper lighting 0 failures, upper kitchens 238 as before (the material-binding and three-stance failures are identical at 66994c91, slice9h), the household save owner's 201 controls save and restore (0 failures), the eight-space sweep 0 failures; the resident surfaces are shown in implementation/slice9 (at bc26e9ca) and the kitchens and the 6C vestibule in slice9e."
F05_B_MAIN-004,F05_B_MAIN,P2,add,"Two works, off-centre",new: two CharacterMemoryArt frames,"On the window wall, deliberately not centred, 1.0 m apart",,,,,,,Decor profile: call and response; avoid perfect centering,,,,Overview,verified,"5B_work_a/b: two canvases (copies of 5C's diptych forms) 1.0 m apart at 1.5 m on the window wall south of the window, off the window's centre line. Verified at 260cffe6 (slice15): the thirteen families pass the fabrication batch (26,116 checks, 0 failures; objects 78 actors, every frame, canvas and board bearing on its actual wall face), apartment batch 236 as before, upper lighting 0 failures, completion route 3D 16 waypoints as before, the household save owner 0 failures, the five-space sweep 0 failures; captures in implementation/slice15."
F05_B_MAIN-005,F05_B_MAIN,P1,refine,The tulip pedestal under the listening set,5B_din_t (TableRound10; BW-003),,,,,,,,Review: the most visible anachronism on the floor sits under the room's hero object,,,,Main OV shows a turned-leg table,verified,5B_din_t is the pedestal form now (BW-003). (implementation/slice34)
F05_B_MAIN-006,F05_B_MAIN,P3,refine,Cone speakers render as flat faceted discs,the two cone speakers on 5B_wireless_table (household_radios / radio_apparatus family),,,"A paper cone with a surround and a pressed-steel back, the Western Electric pattern Cal would own; the flat disc is the LOD or a lost normal set",,,,,Review,game/data/orison_v2/household_radios.json; art/blender/radio_apparatus.md,,,Side-table detail,proposed,
F05_B_KITCHEN-001,F05_B_KITCHEN,P1,refine,Kitchen set for Cal Dwyer,5B_prep_cabinet; 5B_k_wall_cupboard; F05_5B_STOVE_01; F05_5B_FRIDGE_01; F05_5B_KITCHEN_SINK_01,"On the preparation cabinet top, the drainboard, the range's cold side and the icebox top, within the existing support ids; nothing on the floor in the cross-passage",,"Surface props from desktop_stock (mugs, dishrack, jars, tins, bread board) selected per kitchen_set; at most 8 pieces, merged per family","enamel (tenant-specific variant), tin, glass jars, porcelain, oilcloth on the cabinet top","grease film on the wall behind the range at splash height, a scorched ring on the cabinet top beside the range, worn oilcloth at the working edge",as authored; the range's pilot is the only new glow and only where the resident cooks,,Appliance Bible III: the appliance that tells the truth about the tenant,design/ORISON_APPLIANCE_BIBLE.md; game/data/orison_v2/domestic_surface_props.json; art/blender/desktop_stock.md,,"StoveProp oven leaf, FridgeProp leaf and ice door, TapProp cycle, toaster carriage and crumb pan, prep cabinet slide, kitchen cross-passage",Overview shows the set from the kitchen opening; no prop within the oven or fridge door sweep,verified,"forgets_to_eat: kettle and a second mug on the prep cabinet. Surface-stock records on the sink or prep cabinet support, within the dossier's eight-piece cap; grease film, scorch ring and oilcloth wear stay with the finish pass. Verified at 333c8041: the surface-stock fabrication validator passes 2,644 checks with the 107 records mounted (implementation/slice7/receipts/fabrication_shots__batch.json), the prep-cabinet and toaster validators stay clean, the apartment batch keeps the slice-2 count (236) and upper lighting 0 failures; the kitchen sweeps show the pieces (implementation/slice7)."
F05_B_KITCHEN-002,F05_B_KITCHEN,P2,add,Monitor-top electric evidence,F05_5B_FRIDGE_01,Ice card in the kitchen window's lower pane facing out (icebox units); zinc drip tray on the floor under the icebox with a water tide line,,Card as Label3D-free coloured rectangle with the number as a painted numeral quadrant (no lettering in texture); tray as a desktop-stock piece,"card stock, zinc",the tray's tide line and a rust bloom at one corner,,,Bible VIII.5.a: which number is showing is a fact about that household,design/ORISON_BIBLE.md VIII.5.a,,,Visible in the reverse view; the tray does not enter the fridge door stance,proposed,
F05_B_KITCHEN-003,F05_B_KITCHEN,P2,add,Batteries and film inside the monitor-top,F05_5B_FRIDGE_01 interior contents: battery cases and film tins (desktop_stock) on the shelves,,,Interior contents as owned scenery visible when the leaf opens,,,,,Appliance Bible III: fridge holds batteries and film,,,Fridge leaf,Open-leaf detail view,proposed,
F05_B_KITCHEN-004,F05_B_KITCHEN,P2,refine,"The hob radios sit on the table, not the range","5B_k_hob_radio0, 5B_k_hob_radio1 (HouseholdRadio, authored as hob radios); the range back shelf is empty",,,"Confirm their support: the ids say hob, the frames show two sets on the comparison table and nothing on the range; either keep the table (and rename) or seat them on the range shelf as authored",,,,,Review versus data,game/data/orison_v2/household_radios.json,,,Kitchen OV matches the data,proposed,
F05_B_PRIVATE_HALL-001,F05_B_PRIVATE_HALL,P2,refine,"Hall use evidence (one object, not a kit)",,Against the wall clear of both door swings and the 0.8 m route,,"One native object from an existing family (hamper, hat stand, folded-laundry shelf or boot tray) by the resident's routine","period-appropriate: painted pine, wicker, tin",rub line at hip height where the resident brushes past nightly; floor wear path from bed to bath,,,Accord 14 evidence within two metres; keeps the hall a hall,,,"Door swings, route, bedside/bath approach stances","Threshold view from the main room shows the hall as used, not empty, with the route visibly clear",verified,"A lidded wicker laundry hamper (hamper form) with a linen corner caught under the lid against the north wall at (-10.83, 11.38), clear of every door and opening approach (each opening's span plus 0.15 m, 1.0 m deep), the stances and a 0.85 m route. The hamper's cane panels read as a lidded box rather than a woven basket and the galoshes are plain blocks; finer weave and boot forms are later art. Verified at 2152694f (slice14b) and 4fc1b18d (slice14c, after 2A's and 3A's objects moved to the north end wall out of the door route): the thirteen families pass the fabrication batch (25,826 checks, 0 failures; every hall object bearing inside its hall), apartment batch 236 as before, the apartment door route 45 waypoints and the 4B route 32 with 0 failures, the six completion routes unchanged (1A 15, 1D 25, 2C 9, 3D 16, 4C 9, 4D 12), upper lighting 0 failures, upper furniture 444 identical to slice 13 (slice14base), the eighteen-hall sweep 0 failures; captures in implementation/slice14b and slice14c."
F05_B_ALCOVE-001,F05_B_ALCOVE,P2,add,Bedside set and the aid's coil,new: DomesticRadio-family bedside set on 5B_abed_ns; desktop_stock coil of cord with a battery case,,,,,,,,"Wardrobe bible towel state: the aid out, coiled beside him",,,,Detail view,proposed,
F05_B_BATH-001,F05_B_BATH,P2,refine,Resident bath set for Cal Dwyer,5B_soap_dish; 5B_hand_towel; 5B_toilet_roll; F05_5B_MIRROR_01 (medicine cabinet),"On the basin rim and the cabinet shelves, inside the existing bath_details supports; towel on the existing rail or on a new 300 mm brass hook beside the basin if no rail exists",,"Small desktop-stock objects in the existing desktop_stock family (max 6 per bathroom), seated by support id, no new owner","porcelain, nickel-plated brass, huckaback cotton; enamel with fine crazing","wiping arc at eye height on the mirror, soap ring on the dish, a chip on the basin rim at the tap side",flush dome as authored; no added light,,"Reads as Cal Dwyer's routine, not a generic bathroom",game/data/orison_v2/bath_details.json; game/data/orison_v2/household_accessories.json; art/blender/desktop_stock.md,,"TapProp cycle, curtain area, MedicineCabinetProp leaf and the I-key care inspection reach",Detail view from the door shows the set without obstructing the basin stance,proposed,
F05_B_BATH-002,F05_B_BATH,P3,refine,Positional wear and water consequence,,Floor at the receptor edge and the wall at the register,,,existing wet_cloth / local drain finish masks (B4 cloth batch) extended with a 0.4 m water line decal under the curtain hem,"darkened grout line along the receptor, paint lifted below the register, the mop-shadow corner the mop cannot reach",,,Accord 12: wear follows use; Accord 14: consequence within two metres,art/blender/scripts/owner_finish_materials.py (localized drain finish); game/data/orison_v2/owner_finish_profiles.json,E2: inherited patina baked; accrued grime simulated later by section E; author only the inherited layer here,,,proposed,
F05_B_BATH-003,F05_B_BATH,P2,move,Column radiator stands mid-room,the tall cream column radiator in F05_B_BATH (heating family instance for 5B's bath),Against the wall under the window or beside the WC with its valve on the supply side; one-pipe steam needs the riser at the wall (Bible VIII.5.c),,"Sectioned casting from the heating family, not a ribbed cylinder",,,,,Review: a radiator in the middle of a bath floor has no pipe and reads as a cylinder,game/data/orison_v2/heating.json; art/blender/heating_distribution.md,,,Bath OV,rejected,Misread: the 'column radiator standing mid-room' is the shower's closed curtain pose (the fluted cream cylinder on its enamel tray); the heating data places no radiator in 5B's bath. The curtain's look is BW-008's item.
F05_C_VESTIBULE-001,F05_C_VESTIBULE,P1,add,Entry landing set for Iris Bell,,"Along the wall opposite the entry door swing, within 0.9 m of the door, leaving the authored route clear",hook strip 0.6 m long at 1.65 m; shelf 0.3 m deep at 1.1 m; mat 0.6 x 0.9 m,Entry kit from the shared desktop_stock / domestic_objects families; hooks and shelf as one native assembly per vestibule variant,"painted pine shelf, iron hooks, coir mat, brass drip tray","scuff fan on the floor inside the door, hand-grime on the door edge at latch height, the wall rubbed by coats at shoulder height",flush dome as authored,,Identify the resident from the threshold (lived-in acceptance criterion),game/data/apartment_life_profiles.json entry_set; art/blender/desktop_stock.md,,"Door swing, 0.8 m route, SwitchPlate reach",Threshold capture from the hall shows the set; door-route test unchanged,verified,"Entry landing set for Iris Bell: a hall stand (DomesticObject16: backboard with four iron hooks at 1.65 m, shelf at 1.1 m, plinth with a brass drip tray) on the west wall, clear of the entry leaf's quarter turn and the route line. Deviations: the coir mat and the per-resident hook load wait for a collision-free floor piece and the cloth family. Verified at b8319c79 and e6c97bc1: the twelve rebuilt families pass the fabrication batch with every stand bearing on its floor (implementation/slice8b, after the three D-plan stands were moved inside their vestibules), apartment batch 236 as before, upper lighting 0 failures, both door-route suites and the six completion routes unchanged (1A 15, 1D 25, 2C 9, 3D 16, 4C 9, 4D 12); the vestibule sweeps show the stands (implementation/slice8)."
F05_C_VESTIBULE-002,F05_C_VESTIBULE,P2,add,Building hardware: signal outlet plate and chain guard,new: brass flush signal-outlet plate beside the switch; new: chain door guard on the entry leaf,"Signal plate 0.15 m beside the existing SWITCH anchor at the same height; chain guard on the leaf at 1.5 m, keeper on the jamb",plate 70 x 115 mm; chain 0.3 m,Two small native parts in the fixed_lighting / door hardware families; no interaction,"brass with a dull lacquer, painted over at one screw",,,,Bible VIII.3: every room has a signal point beside the power socket; Accord 11: one anchor painted over,art/blender/light_switch.md; art/blender/door_knob_set.md,,,Visible in the threshold view at eye height,verified,"The brass signal-outlet plate beside the switch came with BW-013 (slice 6); the chain door guard is on the entry leaf's apartment face: slotted plate by the latch stile, anchor plate and unhooked chain beside it (slice 10). Verified at d38ba7ac (slice10, slice10b): the thirteen families pass the fabrication batch (24,276 checks, 0 failures; seating 51 actors with the two armchairs, 1A's captured natively), door casings and fitted door fabric 0 failures, door hinges 10 as before (the 105-door count and one leaf's knuckles, identical at 6d99760d, slice10c), both door-route suites unchanged (45 and 32 waypoints, 0 failures), completion route 1A 15 waypoints as before (the kitchen leg), apartment batch 236 as before, upper lighting 0 failures, the seven-space sweep 0 failures; the chain guards are shown at the vestibule thresholds and the armchairs in F05_B_MAIN and F01_A_MAIN (implementation/slice10)."
F05_C_VESTIBULE-003,F05_C_VESTIBULE,P1,refine,The ceiling duct ends in mid-air by the door head,the hung duct across F05_C_VESTIBULE (BW-005),,,,,,,,Review: a galvanized duct across an apartment entry is wrong for 1928 and it does not terminate,,,,TH shows no open duct end,rejected,Not reproduced: implementation/ducts/images/F05_C_VESTIBULE_TH.jpg shows the branch carried on two hangers across the vestibule and into the studio partition at the door head; the collar at that penetration is BW-005's P3 remainder.
F05_C_MAIN-001,F05_C_MAIN,P1,add,The diptych on the clean wall,"new: two CharacterMemoryArt canvases 0.6 x 0.8 m, unframed, 0.3 m apart","Centred on the wall opposite the window, with no switch, pipe or register across it (the switch F05_C_MAIN_SWITCH is on another wall)",,WallArtLaw hooks; canvas edges show tacks,"raw canvas edges, oil surface",,,,Decor profile private gallery; avoid utility hardware across faces,,,,Overview reads the pair alone on the wall,verified,"5C_canvas_a/b: two unframed 0.6 x 0.8 m canvases (artframe form: stretcher with a centre brace, wrapped linen with edge tacks, painted fields in different palettes) 0.3 m apart at 1.5 m on the east wall. Deviation: the wall opposite the window is two openings and the bookshelf, so the pair hangs on the clear east wall north of the radiator. Verified at 76d0a584 (slice12) with the apartment batch at 394a9c3c (slice12b): the thirteen families pass the fabrication batch (25,164 checks, 0 failures; objects 44 actors, every board, canvas and frame bearing on its actual wall face), apartment batch 236 with failure labels identical to slice 11 once its category roster holds the original V1 set, upper lighting 0 failures, completion route 1A 15 waypoints as before, the household save owner 0 failures, the five-space sweep 0 failures; the rooms and native close-ups are in implementation/slice12."
F05_C_MAIN-002,F05_C_MAIN,P2,add,Stretching on the table,"5C_din_t with a half-stretched canvas, a hammer, tacks (desktop_stock); 5C_stretchers (crate family stack)",,,,,,,,Schedule 20:00 stretching canvases; surface set canvas_storage,,,,Detail view,verified,"5C_hammer (hammer form) and a tin of tacks on 5C_din_t, beside the solvents and studies. The half-stretched canvas and the stretcher stack wait for a canvas-in-progress form. Verified at 82e2fbb9 (slice16) and 42a4a0db (slice16c, the same runtime tree with the surface-stock close-ups made selectable): the thirteen families pass the fabrication batch (26,426 checks, 0 failures; 175 stock assemblies, every new piece bearing on its nightstand or table top clear of the baked book and glass), apartment batch 236 as before, completion routes 1A 15 and 4C 9 as before, upper lighting and the household save owner 0 failures, the seven-space sweep 0 failures; close-ups in implementation/slice16c (1A's nightstand has no clear camera station, so its spectacles and pencil rest on the bearing check alone)."
F05_C_MAIN-003,F05_C_MAIN,P3,add,A rag on the radiator,cloth family rag over F05_C_RADIATOR_01,,,,,,,,Cleanliness 0.4; Accord 9,,,Radiator valve and vent reach,Detail view,proposed,
F05_C_MAIN-004,F05_C_MAIN,P3,refine,A loose cable loop on the floor by the radiator,the dark cable loop and the boxy object beside the radiator (seen from the studio),,,Give the cable an origin and a destination (the signal outlet of BW-013 and a device) or remove it,,,,,Accord 11,,,,Studio OV,proposed,
F05_C_KITCHEN-001,F05_C_KITCHEN,P1,refine,Kitchen set for Iris Bell,5C_prep_cabinet; 5C_k_wall_cupboard; F05_5C_STOVE_01; F05_5C_FRIDGE_01; F05_5C_KITCHEN_SINK_01,"On the preparation cabinet top, the drainboard, the range's cold side and the icebox top, within the existing support ids; nothing on the floor in the cross-passage",,"Surface props from desktop_stock (mugs, dishrack, jars, tins, bread board) selected per kitchen_set; at most 8 pieces, merged per family","enamel (tenant-specific variant), tin, glass jars, porcelain, oilcloth on the cabinet top","grease film on the wall behind the range at splash height, a scorched ring on the cabinet top beside the range, worn oilcloth at the working edge",as authored; the range's pilot is the only new glow and only where the resident cooks,,Appliance Bible III: the appliance that tells the truth about the tenant,design/ORISON_APPLIANCE_BIBLE.md; game/data/orison_v2/domestic_surface_props.json; art/blender/desktop_stock.md,,"StoveProp oven leaf, FridgeProp leaf and ice door, TapProp cycle, toaster carriage and crumb pan, prep cabinet slide, kitchen cross-passage",Overview shows the set from the kitchen opening; no prop within the oven or fridge door sweep,verified,"meals_between_coats: plate and bread board on the prep cabinet. Surface-stock records on the sink or prep cabinet support, within the dossier's eight-piece cap; grease film, scorch ring and oilcloth wear stay with the finish pass. Verified at 333c8041: the surface-stock fabrication validator passes 2,644 checks with the 107 records mounted (implementation/slice7/receipts/fabrication_shots__batch.json), the prep-cabinet and toaster validators stay clean, the apartment batch keeps the slice-2 count (236) and upper lighting 0 failures; the kitchen sweeps show the pieces (implementation/slice7)."
F05_C_KITCHEN-002,F05_C_KITCHEN,P2,add,Ice card and drip tray evidence,F05_5C_FRIDGE_01,Ice card in the kitchen window's lower pane facing out (icebox units); zinc drip tray on the floor under the icebox with a water tide line,,Card as Label3D-free coloured rectangle with the number as a painted numeral quadrant (no lettering in texture); tray as a desktop-stock piece,"card stock, zinc",the tray's tide line and a rust bloom at one corner,,,Bible VIII.5.a: which number is showing is a fact about that household,design/ORISON_BIBLE.md VIII.5.a,,,Visible in the reverse view; the tray does not enter the fridge door stance,verified,"5C_drip_tray: a zinc drip pan holding a skin of water (driptray form) on the floor under the icebox, between its feet with the front lip showing, clear of the door stance and the door's swing. The ice card in the window pane waits for a window-pane support (the panes belong to the shell, not a furniture actor). Verified at 4444e1e1 (slice22) and db14e977 (slice22b, the 6A backdrop narrowed): the thirteen families pass the fabrication batch (28,045 checks, 0 failures; 206 stock assemblies, every pan bearing on the floor between its icebox's feet), apartment batch 236 as before, the six completion routes unchanged (1A 15, 1D 25, 2C 9, 3D 16, 4C 9, 4D 12), upper lighting and the household save owner 0 failures, upper kitchens 238 with the baseline's labels, the fourteen-kitchen sweep 0 failures; close-ups in implementation/slice22."
F05_C_KITCHEN-003,F05_C_KITCHEN,P2,refine,Paint-flecked enamel and the brush rack,F05_5C_STOVE_01 with the enamel_paintflecked recipe; desktop_stock brush tin on a cold burner,,,,,,,,Appliance Bible IV texture identity; III: one burner is a brush-drying rack,,,Stove owner,Detail view at the range,proposed,
F05_C_KITCHEN-004,F05_C_KITCHEN,P2,refine,Icebox angled off the wall,F05_5C_FRIDGE_01 (FridgeIcebox; the same placement record as 2C and 4C),,,"Square it with F02_C_KITCHEN-004 and F04_C_KITCHEN-004; if the angle is wanted as second-hand placement, author it once and clear the wall",,,,,"Review: reads as deliberate here and as clipping in 4C; one record, one decision",game/data/orison_v2/household_fridges.json,,,Kitchen OV,rejected,"As F02_C_KITCHEN-004: F05_5C_FRIDGE_01 yaw 90.0 in the runtime census. implementation/slice1 (captures, batch.json, run receipts)"
F05_C_PRIVATE_HALL-001,F05_C_PRIVATE_HALL,P2,refine,"Hall use evidence (one object, not a kit)",,Against the wall clear of both door swings and the 0.8 m route,,"One native object from an existing family (hamper, hat stand, folded-laundry shelf or boot tray) by the resident's routine","period-appropriate: painted pine, wicker, tin",rub line at hip height where the resident brushes past nightly; floor wear path from bed to bath,,,Accord 14 evidence within two metres; keeps the hall a hall,,,"Door swings, route, bedside/bath approach stances","Threshold view from the main room shows the hall as used, not empty, with the route visibly clear",verified,"A galvanised boot tray with a pair of rubber galoshes and dried mud (boottray form) against the south wall at (6.67, 6.62), clear of every door and opening approach (each opening's span plus 0.15 m, 1.0 m deep), the stances and a 0.85 m route. The hamper's cane panels read as a lidded box rather than a woven basket and the galoshes are plain blocks; finer weave and boot forms are later art. Verified at 2152694f (slice14b) and 4fc1b18d (slice14c, after 2A's and 3A's objects moved to the north end wall out of the door route): the thirteen families pass the fabrication batch (25,826 checks, 0 failures; every hall object bearing inside its hall), apartment batch 236 as before, the apartment door route 45 waypoints and the 4B route 32 with 0 failures, the six completion routes unchanged (1A 15, 1D 25, 2C 9, 3D 16, 4C 9, 4D 12), upper lighting 0 failures, upper furniture 444 identical to slice 13 (slice14base), the eighteen-hall sweep 0 failures; captures in implementation/slice14b and slice14c."
F05_C_STUDIO-001,F05_C_STUDIO,P2,refine,Second wardrobe as the pigment store,5C_w1_wardrobe (Wardrobe08) shelved variant with tins and jars,,,,"tin, glass, rolled canvas",,,,Life profile pigment_station storage,,,Leaf motions,Open-leaf view,proposed,
F05_C_BATH-001,F05_C_BATH,P2,refine,Resident bath set for Iris Bell,5C_soap_dish; 5C_hand_towel; 5C_toilet_roll; F05_5C_MIRROR_01 (medicine cabinet),"On the basin rim and the cabinet shelves, inside the existing bath_details supports; towel on the existing rail or on a new 300 mm brass hook beside the basin if no rail exists",,"Small desktop-stock objects in the existing desktop_stock family (max 6 per bathroom), seated by support id, no new owner","porcelain, nickel-plated brass, huckaback cotton; enamel with fine crazing","wiping arc at eye height on the mirror, soap ring on the dish, a chip on the basin rim at the tap side",flush dome as authored; no added light,,"Reads as Iris Bell's routine, not a generic bathroom",game/data/orison_v2/bath_details.json; game/data/orison_v2/household_accessories.json; art/blender/desktop_stock.md,,"TapProp cycle, curtain area, MedicineCabinetProp leaf and the I-key care inspection reach",Detail view from the door shows the set without obstructing the basin stance,proposed,
F05_C_BATH-002,F05_C_BATH,P3,refine,Positional wear and water consequence,,Floor at the receptor edge and the wall at the register,,,existing wet_cloth / local drain finish masks (B4 cloth batch) extended with a 0.4 m water line decal under the curtain hem,"darkened grout line along the receptor, paint lifted below the register, the mop-shadow corner the mop cannot reach",,,Accord 12: wear follows use; Accord 14: consequence within two metres,art/blender/scripts/owner_finish_materials.py (localized drain finish); game/data/orison_v2/owner_finish_profiles.json,E2: inherited patina baked; accrued grime simulated later by section E; author only the inherited layer here,,,proposed,
F05_C_BATH-003,F05_C_BATH,P2,refine,The sink wall is bare plaster while the other three are tiled,F05_C_BATH wall finish quad behind F05_5C_SINK_01,,,Emit the tile finish on the fourth wall (the same side-aware quad as BW-004),,,,,Review: tile stops at the corner; the WC also lacks its cistern (BW-018) and the duct reads modern (BW-005),,,,Bath OV,proposed,
F05_C_BED1-001,F05_C_BED1,P2,add,"Overalls on the chair, a face-down canvas",new: 5C_bed_chair (ChairOak) with overall silhouette; desktop_stock small canvas face down on 5C_bed0_ns,,,,,,,,Wardrobe bible late-night state; hero object echo,,,,Detail view,verified,"A ChairOak copy (5C_bed_chair) stands at the foot of Iris's bed with her navy overalls folded on the seat, both buckled straps over the edge; a small study canvas lies face down on the nightstand, stretcher bars up (5C_overalls_stock, F05_C_BED1_DT2/DT3). Verified at WIP 54f7aee1 (implementation/slice31b): fabrication batch 0 failures (rerun_c: the 1D and 3D bedroom close-ups found no clear camera station, so the rerun captures only the jersey, overalls and organizer); apartment batch 236 on the long runner (the batch now exceeds the 180 s serial ceiling); household state 154 checks, 0 failures; completion 1D 25 waypoints, 0 failures; 3D 16 and 4C 9 with their pre-existing kitchen-leg failure; upper lighting 0 failures; upper furniture 488 against 484 at 40110d19, the four new failures being new stock meshes in the suite's pre-existing material-binding check; the five-room sweep 0 failures."
F05_C_BED1-002,F05_C_BED1,P2,move,One wardrobe from the studio closet to the bedroom,5C_w0_wardrobe (Wardrobe07) from F05_C_STUDIO to F05_C_BED1,"Against the bedroom's south wall, clear of the window and the door swing, doors facing the bed",,,,,,,Review: the bedroom captioned for clothing has no clothing storage while the studio closet holds two wardrobes; F05_C_STUDIO-001 keeps the second as the pigment store,art/data/orison_v2/completion_interiors_source.json,F05_C_STUDIO-001,Wardrobe leaf motion,Bedroom OV shows the wardrobe; the closet holds one,implemented,"5C_w0_wardrobe and its stance moved to the bedroom's east wall (3.45, 9.3) facing west; 5C_w1_wardrobe stays in the closet for F05_C_STUDIO-001."
F05_C_BED2-001,F05_C_BED2,P1,remove,Remove the second bed and nightstand,5C_bed1; 5C_bed1_ns,,,,,,,,Lived-in brief: retain one bed; room conversion painting_studio,game/data/apartment_life_profiles.json; art/data/orison_v2/completion_interiors_source.json,,,No bed; sleeper count one,implemented,Removed with BW-002.
F05_C_BED2-002,F05_C_BED2,P1,add,"Easel, pigment station, drying rack, failed canvases facing the wall","new: 5C_easel (new small native family), 5C_pigment_table (work_tables), 5C_drying_rack (shelf family wall rack), 5C_failed_canvases (crate-family stack of six canvases face to the wall), 5C_wash_jar (desktop_stock), floor drop-cloth (cloth family)","Easel at the window with the light from the left; pigment table against the inner wall; rack above it; the six canvases leaning face to the wall beside the door, outside the swing; drop cloth under the easel",easel 1.7 m high; canvases 0.5 to 0.8 m,One new easel family (Blender) with an INSPECT owner; the rest from existing families; the canvases' backs show stretcher bars and one pencilled mark each (no lettering),"pine, raw canvas, tin, glass, a paint-spattered sheet",paint spatter in a fan around the easel's feet; the window sill thick with pigment,flush dome stays; the window is the light,,"Hero object failed_canvases_facing_the_wall; contradiction: the failures are kept, carefully; proposed backstory: portraits of one man",game/data/apartment_life_profiles.json; design/CLAUDE_APARTMENT_LIVED_IN_PASS.md,,Door swing and the route,Threshold view from the hall reads a studio; the canvases' faces are not visible from any station,verified,"5C_easel (new easel form: splayed front legs and a back leg on foot pads, a ledge holding a blank canvas under the top clamp) by the window east of the stool, the canvas facing the stool so the window is on the painter's left; 5C_failed_canvases (new canvasstack form: six canvases standing face to the wall, stretcher backs to the room, a pencil mark on each) west of the door, outside its swing. The pigment table and stool were already placed; the drying rack, wash jar and drop cloth wait for their forms. Verified at d0108d15 (slice18): the thirteen families pass the fabrication batch (26,770 checks, 0 failures; objects 83 actors, every new piece standing on its floor inside its room and clear of its neighbours), apartment batch 236 as before, the apartment door route 45 and the 4B route 32 waypoints with 0 failures, upper lighting and the household save owner 0 failures, the three-space sweep 0 failures; native close-ups in implementation/slice18."
F05_D_RESTRICTED-001,F05_D_RESTRICTED,P1,keep,Keep the interior as authored,,,,,,,,,Intentional vacancy,,,,Teleported overview unchanged,verified,Kept as authored; captured at 1fadb5ad with its ceiling branch and register (implementation/ducts/images/F05_D_RESTRICTED_OV.jpg).
F05_D_RESTRICTED-002,F05_D_RESTRICTED,P2,add,Fire evidence on the crossing side,F05_DOOR_05 leaf: 1928 replacement variant (fresher paint) in a frame with a scorch decal at the head; a soot-ghost decal fan above the lintel; a notice frame,Crossing side; soot fan 0.8 m wide above the lintel,,Decals on the fitted casing and plaster; door variant swap if the fitted_door family has a 'replacement' finish,new oak leaf under cream paint; scorched 1912 frame,,,,Bible VIII.5.h: 1912 fabric under 1928 rooms; Accord 13 retrofit timeline; the purpose text says fire damage and nothing shows it,art/blender/door_fabric / fitted door family; design/walkthrough_punchlist.md (D units),,Lock state,Threshold view from the crossing,proposed,
F05_D_RESTRICTED-003,F05_D_RESTRICTED,P3,remove,Floor-level duct strip and box register,the grey duct strip along the floor line rising to a white louvred box (DT1),,,,,,,,Review: placeholder geometry in an intentionally empty shell; seat the branch in the chase (BW-005) or remove it; the shell otherwise stays as authored (F05_D_RESTRICTED-001),,,,DT1 without the strip,proposed,
F06_PUBLIC_CORE-001,F06_PUBLIC_CORE,P2,add,Landing notice and the building's paper trail,,"On the core wall beside the floor plate at 1.5 m, clear of the rail",notice frame 0.35 x 0.45 m,"One framed notice board (Label3D text) per core level: the 1928 house rules on the public side, the service notice on the service side","oak frame, glass, foxed paper",a corner of the glass cracked and taped,,,Bible VIII.5.h: the paper trail begins in 1928; Nadia's memos signed Management need a place to be posted,design/ORISON_BIBLE.md VIII.5.h; game/data/resident_schedules.json (Nadia posts the tenant memo Mon/Wed/Fri),,,Readable by the service lamp from the landing,proposed,
F06_PUBLIC_CORE-002,F06_PUBLIC_CORE,P3,refine,Stair wear and the one unique landing piece,,Tread noses and the half-landing wall,,,honed stair marble (art/blender/stair_honed.md) with inherited dishing; one framed piece per half-landing (punchlist: each of the seven landings needs a unique piece),"dished treads, rail gold at hand height, paint rubbed at the turn",,,Accord 12 and the open punchlist row,,,Stair ironwork and tread collision,Reverse view up the flight shows the dishing read against the lamp,proposed,
F06_PUBLIC_CORE-003,F06_PUBLIC_CORE,P2,add,The prospectus roof-garden plate,new: framed plate (CharacterMemoryArt) on the half-landing wall below the roof flight,At 1.5 m on the landing wall,,WallArtLaw; a sepia drawing rectangle with figures as silhouettes,,,,,Bible VIII.3: the roof garden is drawn with people in it because the drawing was a promise,,,,Detail view from the landing,proposed,
F06_SERVICE_CORE-001,F06_SERVICE_CORE,P2,add,Landing notice and the building's paper trail,,"On the core wall beside the floor plate at 1.5 m, clear of the rail",notice frame 0.35 x 0.45 m,"One framed notice board (Label3D text) per core level: the 1928 house rules on the public side, the service notice on the service side","oak frame, glass, foxed paper",a corner of the glass cracked and taped,,,Bible VIII.5.h: the paper trail begins in 1928; Nadia's memos signed Management need a place to be posted,design/ORISON_BIBLE.md VIII.5.h; game/data/resident_schedules.json (Nadia posts the tenant memo Mon/Wed/Fri),,,Readable by the service lamp from the landing,proposed,
F06_SERVICE_CORE-002,F06_SERVICE_CORE,P3,refine,Stair wear and the one unique landing piece,,Tread noses and the half-landing wall,,,honed stair marble (art/blender/stair_honed.md) with inherited dishing; one framed piece per half-landing (punchlist: each of the seven landings needs a unique piece),"dished treads, rail gold at hand height, paint rubbed at the turn",,,Accord 12 and the open punchlist row,,,Stair ironwork and tread collision,Reverse view up the flight shows the dishing read against the lamp,proposed,
F06_SERVICE_HALL-001,F06_SERVICE_HALL,P2,add,Maintenance evidence on the service spine,,"On the riser cluster wall and the floor against it, outside the 1.2 m route",,"Chalk valve marks (decal), a pipe tag per riser (Label3D), one crate, one coiled hose on a bracket; nothing on the route","chalk, card tags on wire, pine crate, rubber hose","drip stain under the valve, a boot scuff where the super stands",,,Accord 11 and 13: every pipe terminates and reads as a timeline; the super's rounds leave marks,art/blender/heating_distribution.md; art/blender/duct_supports.md; game/data/resident_schedules.json (Omar's rounds 08:00-12:00),,"Service route, dumbwaiter approach, door swings",Threshold view from the crossing shows marked pipes and a clear route,proposed,
F06_EAST_HALL-001,F06_EAST_HALL,P2,add,Door-threshold evidence per unit,,"At each apartment door on the hall side: a mat, a milk bottle or a parcel per the resident's routine, within 0.5 m of the jamb and outside the swing",,"One native object per door from the desktop_stock family (coir mat variants, a milk bottle pair, a string-tied parcel, a folded newspaper)","coir, glass, brown paper","the mat's worn centre, the floor varnish gone at the threshold",,,"The hall tells you who lives behind each door before you knock (schedules: milk, parcels, Evelyn's corrected notices)",game/data/resident_schedules.json; design/CLAUDE_APARTMENT_LIVED_IN_PASS.md,,"Door swings, the 1.2 m hall route, resident yield radius",Overview from the landing reads at least two different households from their thresholds,proposed,
F06_EAST_HALL-002,F06_EAST_HALL,P3,refine,Positional hall wear,,Floor centreline and the corner the mop cannot reach; wall at trolley height beside the lift,,,existing public floor finish (A02) with an inherited wear mask only,"centreline dulling, a mop-shadow in the corner, the wall scuffed at 0.6 m by the porter's trolley",,,Accord 12,,E2: inherited layer only; accrued grime belongs to section E,,Reverse view shows the wear path aligned with the actual door positions,proposed,
F06_SERVICE_CROSSING-001,F06_SERVICE_CROSSING,P2,add,Maintenance evidence on the service spine,,"On the riser cluster wall and the floor against it, outside the 1.2 m route",,"Chalk valve marks (decal), a pipe tag per riser (Label3D), one crate, one coiled hose on a bracket; nothing on the route","chalk, card tags on wire, pine crate, rubber hose","drip stain under the valve, a boot scuff where the super stands",,,Accord 11 and 13: every pipe terminates and reads as a timeline; the super's rounds leave marks,art/blender/heating_distribution.md; art/blender/duct_supports.md; game/data/resident_schedules.json (Omar's rounds 08:00-12:00),,"Service route, dumbwaiter approach, door swings",Threshold view from the crossing shows marked pipes and a clear route,proposed,
F06_SERVICE_HALL_SOUTH-001,F06_SERVICE_HALL_SOUTH,P2,add,Maintenance evidence on the service spine,,"On the riser cluster wall and the floor against it, outside the 1.2 m route",,"Chalk valve marks (decal), a pipe tag per riser (Label3D), one crate, one coiled hose on a bracket; nothing on the route","chalk, card tags on wire, pine crate, rubber hose","drip stain under the valve, a boot scuff where the super stands",,,Accord 11 and 13: every pipe terminates and reads as a timeline; the super's rounds leave marks,art/blender/heating_distribution.md; art/blender/duct_supports.md; game/data/resident_schedules.json (Omar's rounds 08:00-12:00),,"Service route, dumbwaiter approach, door swings",Threshold view from the crossing shows marked pipes and a clear route,proposed,
F06_WEST_HALL-001,F06_WEST_HALL,P2,add,Door-threshold evidence per unit,,"At each apartment door on the hall side: a mat, a milk bottle or a parcel per the resident's routine, within 0.5 m of the jamb and outside the swing",,"One native object per door from the desktop_stock family (coir mat variants, a milk bottle pair, a string-tied parcel, a folded newspaper)","coir, glass, brown paper","the mat's worn centre, the floor varnish gone at the threshold",,,"The hall tells you who lives behind each door before you knock (schedules: milk, parcels, Evelyn's corrected notices)",game/data/resident_schedules.json; design/CLAUDE_APARTMENT_LIVED_IN_PASS.md,,"Door swings, the 1.2 m hall route, resident yield radius",Overview from the landing reads at least two different households from their thresholds,proposed,
F06_WEST_HALL-002,F06_WEST_HALL,P3,refine,Positional hall wear,,Floor centreline and the corner the mop cannot reach; wall at trolley height beside the lift,,,existing public floor finish (A02) with an inherited wear mask only,"centreline dulling, a mop-shadow in the corner, the wall scuffed at 0.6 m by the porter's trolley",,,Accord 12,,E2: inherited layer only; accrued grime belongs to section E,,Reverse view shows the wear path aligned with the actual door positions,proposed,
F06_A_VESTIBULE-001,F06_A_VESTIBULE,P1,add,Entry landing set for Sacha Reed,,"Along the wall opposite the entry door swing, within 0.9 m of the door, leaving the authored route clear",hook strip 0.6 m long at 1.65 m; shelf 0.3 m deep at 1.1 m; mat 0.6 x 0.9 m,Entry kit from the shared desktop_stock / domestic_objects families; hooks and shelf as one native assembly per vestibule variant,"painted pine shelf, iron hooks, coir mat, brass drip tray","scuff fan on the floor inside the door, hand-grime on the door edge at latch height, the wall rubbed by coats at shoulder height",flush dome as authored,,Identify the resident from the threshold (lived-in acceptance criterion),game/data/apartment_life_profiles.json entry_set; art/blender/desktop_stock.md,,"Door swing, 0.8 m route, SwitchPlate reach",Threshold capture from the hall shows the set; door-route test unchanged,verified,"Entry landing set for Sacha Reed: a hall stand (DomesticObject16: backboard with four iron hooks at 1.65 m, shelf at 1.1 m, plinth with a brass drip tray) on the east wall opposite the entry door. Deviations: the coir mat and the per-resident hook load wait for a collision-free floor piece and the cloth family. Verified at b8319c79 and e6c97bc1: the twelve rebuilt families pass the fabrication batch with every stand bearing on its floor (implementation/slice8b, after the three D-plan stands were moved inside their vestibules), apartment batch 236 as before, upper lighting 0 failures, both door-route suites and the six completion routes unchanged (1A 15, 1D 25, 2C 9, 3D 16, 4C 9, 4D 12); the vestibule sweeps show the stands (implementation/slice8)."
F06_A_VESTIBULE-002,F06_A_VESTIBULE,P2,add,Building hardware: signal outlet plate and chain guard,new: brass flush signal-outlet plate beside the switch; new: chain door guard on the entry leaf,"Signal plate 0.15 m beside the existing SWITCH anchor at the same height; chain guard on the leaf at 1.5 m, keeper on the jamb",plate 70 x 115 mm; chain 0.3 m,Two small native parts in the fixed_lighting / door hardware families; no interaction,"brass with a dull lacquer, painted over at one screw",,,,Bible VIII.3: every room has a signal point beside the power socket; Accord 11: one anchor painted over,art/blender/light_switch.md; art/blender/door_knob_set.md,,,Visible in the threshold view at eye height,verified,"The brass signal-outlet plate beside the switch came with BW-013 (slice 6); the chain door guard is on the entry leaf's apartment face: slotted plate by the latch stile, anchor plate and unhooked chain beside it (slice 10). Verified at d38ba7ac (slice10, slice10b): the thirteen families pass the fabrication batch (24,276 checks, 0 failures; seating 51 actors with the two armchairs, 1A's captured natively), door casings and fitted door fabric 0 failures, door hinges 10 as before (the 105-door count and one leaf's knuckles, identical at 6d99760d, slice10c), both door-route suites unchanged (45 and 32 waypoints, 0 failures), completion route 1A 15 waypoints as before (the kitchen leg), apartment batch 236 as before, upper lighting 0 failures, the seven-space sweep 0 failures; the chain guards are shown at the vestibule thresholds and the armchairs in F05_B_MAIN and F01_A_MAIN (implementation/slice10)."
F06_A_MAIN-001,F06_A_MAIN,P1,add,"Backdrop rail, charging bench and the folding chair","new: 6A_backdrop_rail (wall rail with a paper roll, cloth family), 6A_charging_bench (work_tables) with battery cases and flash tins (desktop_stock), 6A_folding_chair (new small seating variant)",Rail across the end wall opposite the vestibule at 2.2 m with paper hanging to the floor; bench against the window pier; the single chair at the bench,,Rail as a static assembly; bench from work_tables; chair as one new seating variant; tins RESIST-REFUSE (flash powder) per the photo shop's safety rule,"iron rail, grey seamless paper, pine bench, wet-cell cases in wood, tin","paper scuffed at the floor, a burn on the bench",,,"Life profile room conversion photo_workspace; surface sets backdrop_rail, charging_bench; contradiction: one practical folding chair",game/data/apartment_life_profiles.json; design/CLAUDE_APARTMENT_LIVED_IN_PASS.md,,"Tripod, softboxes, crate, coils (RESIST-REFUSE owners), route to the bedroom door",Overview reads a studio with one chair,verified,"6A_backdrop_rail (new backdroprail form: header strip on rear battens, two brackets, a rail and a paper roll with its sheet hanging almost to the floor) on the west wall south of the window, the rail at 2.2 m, clear of the tripod, softboxes and crate (narrowed to 1.2 m in slice 22, implementation/slice22b, after the upper-kitchen suite found the paper inside the tripod stance's capsule). The charging bench and the folding chair wait for a work-table copy and a folding-chair seating variant. Verified at ccdf39bf (slice20): the thirteen families pass the fabrication batch (27,601 checks, 0 failures; objects 86, stock 192, the rail and print line on their actual wall faces, the box files on the clear boards), apartment batch 236 as before, upper lighting and the household save owner 0 failures, the two-space sweep 0 failures; close-ups in implementation/slice20."
F06_A_MAIN-002,F06_A_MAIN,P1,add,Contact sheets on a string and the motif sheet,new: 6A_print_line (string with pegged contact-sheet rectangles) and the hero contact_sheet_of_the_motif pinned above the bench,String from the rail post to the window pier at 1.9 m; hero sheet on the pier at 1.5 m,,Papers-family rectangles with a grid of small frames (no lettering); hero sheet INSPECT,,,,,Hero object contact_sheet_of_the_motif; story panel contact sheets and unshown photographs,,,,Detail view at the bench,verified,"6A_print_line (new printline form: two hook plates, a string at 1.9 m and six pegged contact sheets, each a grid of small dark frames, no lettering) on the south wall east of the bed door. The hero contact sheet above a bench waits for the charging bench. Verified at ccdf39bf (slice20): the thirteen families pass the fabrication batch (27,601 checks, 0 failures; objects 86, stock 192, the rail and print line on their actual wall faces, the box files on the clear boards), apartment batch 236 as before, upper lighting and the household save owner 0 failures, the two-space sweep 0 failures; close-ups in implementation/slice20."
F06_A_MAIN-003,F06_A_MAIN,P2,add,Editorial sequence on the wall,new: three small prints in a row (CharacterMemoryArt),"On the wall beside the private-hall opening, away from the door swing and the bookshelf (decor profile)",,,,,,,Decor profile editorial_sequence,,,,Detail view,verified,"Sacha's editorial sequence: three small photographic prints in a row on the main room's north wall between the radiator and the bookcase, the middle one hung higher (copies of 2C_album_a; implementation/slice33/images: F06_A_MAIN views). Verified at WIP 32156acb (implementation/slice33): fabrication batch 0 failures; apartment batch 236 on the long runner; bookshelves 144 checks, 0 failures with the print seated on the repaired case; upper kitchens 206 and upper furniture 488 (both unchanged from slice 31's runs); upper lighting 0 failures; roof route 53 waypoints, 0 failures; the three-space sweep 0 failures."
F06_A_MAIN-004,F06_A_MAIN,P2,add,"Malcolm's plant, the one picture of a plant",new: one small print on the bookshelf (desktop_stock frame),,,,,,,,Web II.8; proposed backstory,,,,Detail view of the shelf,verified,"The one picture of a plant: a small standing frame on the repaired bookcase's top board, which the surface-stock context inspector now names as a support (6A_plant_print_stock). Verified at WIP 32156acb (implementation/slice33): fabrication batch 0 failures; apartment batch 236 on the long runner; bookshelves 144 checks, 0 failures with the print seated on the repaired case; upper kitchens 206 and upper furniture 488 (both unchanged from slice 31's runs); upper lighting 0 failures; roof route 53 waypoints, 0 failures; the three-space sweep 0 failures."
F06_A_KITCHEN-001,F06_A_KITCHEN,P1,refine,Kitchen set for Sacha Reed,6A_prep_cabinet; 6A_k_wall_cupboard; F06_6A_STOVE_01; F06_6A_FRIDGE_01; F06_6A_KITCHEN_SINK_01,"On the preparation cabinet top, the drainboard, the range's cold side and the icebox top, within the existing support ids; nothing on the floor in the cross-passage",,"Surface props from desktop_stock (mugs, dishrack, jars, tins, bread board) selected per kitchen_set; at most 8 pieces, merged per family","enamel (tenant-specific variant), tin, glass jars, porcelain, oilcloth on the cabinet top","grease film on the wall behind the range at splash height, a scorched ring on the cabinet top beside the range, worn oilcloth at the working edge",as authored; the range's pilot is the only new glow and only where the resident cooks,,Appliance Bible III: the appliance that tells the truth about the tenant,design/ORISON_APPLIANCE_BIBLE.md; game/data/orison_v2/domestic_surface_props.json; art/blender/desktop_stock.md,,"StoveProp oven leaf, FridgeProp leaf and ice door, TapProp cycle, toaster carriage and crumb pan, prep cabinet slide, kitchen cross-passage",Overview shows the set from the kitchen opening; no prop within the oven or fridge door sweep,verified,"eats_standing: plate and tin on the prep cabinet. Surface-stock records on the sink or prep cabinet support, within the dossier's eight-piece cap; grease film, scorch ring and oilcloth wear stay with the finish pass. Verified at 333c8041: the surface-stock fabrication validator passes 2,644 checks with the 107 records mounted (implementation/slice7/receipts/fabrication_shots__batch.json), the prep-cabinet and toaster validators stay clean, the apartment batch keeps the slice-2 count (236) and upper lighting 0 failures; the kitchen sweeps show the pieces (implementation/slice7)."
F06_A_KITCHEN-002,F06_A_KITCHEN,P2,add,Ice card and drip tray evidence,F06_6A_FRIDGE_01,Ice card in the kitchen window's lower pane facing out (icebox units); zinc drip tray on the floor under the icebox with a water tide line,,Card as Label3D-free coloured rectangle with the number as a painted numeral quadrant (no lettering in texture); tray as a desktop-stock piece,"card stock, zinc",the tray's tide line and a rust bloom at one corner,,,Bible VIII.5.a: which number is showing is a fact about that household,design/ORISON_BIBLE.md VIII.5.a,,,Visible in the reverse view; the tray does not enter the fridge door stance,verified,"6A_drip_tray: a zinc drip pan holding a skin of water (driptray form) on the floor under the icebox, between its feet with the front lip showing, clear of the door stance and the door's swing. The ice card in the window pane waits for a window-pane support (the panes belong to the shell, not a furniture actor). Verified at 4444e1e1 (slice22) and db14e977 (slice22b, the 6A backdrop narrowed): the thirteen families pass the fabrication batch (28,045 checks, 0 failures; 206 stock assemblies, every pan bearing on the floor between its icebox's feet), apartment batch 236 as before, the six completion routes unchanged (1A 15, 1D 25, 2C 9, 3D 16, 4C 9, 4D 12), upper lighting and the household save owner 0 failures, upper kitchens 238 with the baseline's labels, the fourteen-kitchen sweep 0 failures; close-ups in implementation/slice22."
F06_A_KITCHEN-003,F06_A_KITCHEN,P2,add,Light table on the prep cabinet,"new: 6A_light_table (desktop_stock frosted glass plate on a frame) on 6A_prep_cabinet with a small lamp beneath (task lamp family, no new light slot unless budget allows; else an unlit visual)",,,,,,,,Kitchen set eats_standing; Appliance Bible III,,,Prep cabinet slide,Detail view,proposed,
F06_A_PRIVATE_HALL-001,F06_A_PRIVATE_HALL,P2,refine,"Hall use evidence (one object, not a kit)",,Against the wall clear of both door swings and the 0.8 m route,,"One native object from an existing family (hamper, hat stand, folded-laundry shelf or boot tray) by the resident's routine","period-appropriate: painted pine, wicker, tin",rub line at hip height where the resident brushes past nightly; floor wear path from bed to bath,,,Accord 14 evidence within two metres; keeps the hall a hall,,,"Door swings, route, bedside/bath approach stances","Threshold view from the main room shows the hall as used, not empty, with the route visibly clear",verified,"A gear crate (a copy of 6A_gearcrate) against the east wall at (-5.87, -8.48), clear of every door and opening approach (each opening's span plus 0.15 m, 1.0 m deep), the stances and a 0.85 m route. The hamper's cane panels read as a lidded box rather than a woven basket and the galoshes are plain blocks; finer weave and boot forms are later art. Verified at 2152694f (slice14b) and 4fc1b18d (slice14c, after 2A's and 3A's objects moved to the north end wall out of the door route): the thirteen families pass the fabrication batch (25,826 checks, 0 failures; every hall object bearing inside its hall), apartment batch 236 as before, the apartment door route 45 waypoints and the 4B route 32 with 0 failures, the six completion routes unchanged (1A 15, 1D 25, 2C 9, 3D 16, 4C 9, 4D 12), upper lighting 0 failures, upper furniture 444 identical to slice 13 (slice14base), the eighteen-hall sweep 0 failures; captures in implementation/slice14b and slice14c."
F06_A_BATH-001,F06_A_BATH,P2,refine,Resident bath set for Sacha Reed,6A_soap_dish; 6A_hand_towel; 6A_toilet_roll; F06_6A_MIRROR_01 (medicine cabinet),"On the basin rim and the cabinet shelves, inside the existing bath_details supports; towel on the existing rail or on a new 300 mm brass hook beside the basin if no rail exists",,"Small desktop-stock objects in the existing desktop_stock family (max 6 per bathroom), seated by support id, no new owner","porcelain, nickel-plated brass, huckaback cotton; enamel with fine crazing","wiping arc at eye height on the mirror, soap ring on the dish, a chip on the basin rim at the tap side",flush dome as authored; no added light,,"Reads as Sacha Reed's routine, not a generic bathroom",game/data/orison_v2/bath_details.json; game/data/orison_v2/household_accessories.json; art/blender/desktop_stock.md,,"TapProp cycle, curtain area, MedicineCabinetProp leaf and the I-key care inspection reach",Detail view from the door shows the set without obstructing the basin stance,proposed,
F06_A_BATH-002,F06_A_BATH,P3,refine,Positional wear and water consequence,,Floor at the receptor edge and the wall at the register,,,existing wet_cloth / local drain finish masks (B4 cloth batch) extended with a 0.4 m water line decal under the curtain hem,"darkened grout line along the receptor, paint lifted below the register, the mop-shadow corner the mop cannot reach",,,Accord 12: wear follows use; Accord 14: consequence within two metres,art/blender/scripts/owner_finish_materials.py (localized drain finish); game/data/orison_v2/owner_finish_profiles.json,E2: inherited patina baked; accrued grime simulated later by section E; author only the inherited layer here,,,proposed,
F06_A_BATH-003,F06_A_BATH,P2,refine,Black mirror and the dithered moon through the bath glass,F06_6A_MIRROR_01 reflection; bath window glass,,,,,,,,Review: the mirror renders black and the moon dithers into a speckled disc through the glass,art/blender/lift_mirror.md (shared live reflection); design/V2_PHOTO_GLAZING_2026-10-05.md (declared optics),,,Bath DT stations,proposed,
F06_A_BED-001,F06_A_BED,P2,add,"Strap on the bedpost, empty case on the nightstand",desktop_stock on 6A_bed0_ns; cloth strap on 6A_bed0,,,,,,,,Wardrobe bible: the tangle without the camera is the character,,,,Detail view,verified,"6A_empty_case: an open leather case with its lining showing (case form) on 6A_bed0_ns. The strap on the bedpost waits for a cloth strap form. Verified at 82e2fbb9 (slice16) and 42a4a0db (slice16c, the same runtime tree with the surface-stock close-ups made selectable): the thirteen families pass the fabrication batch (26,426 checks, 0 failures; 175 stock assemblies, every new piece bearing on its nightstand or table top clear of the baked book and glass), apartment batch 236 as before, completion routes 1A 15 and 4C 9 as before, upper lighting and the household save owner 0 failures, the seven-space sweep 0 failures; close-ups in implementation/slice16c (1A's nightstand has no clear camera station, so its spectacles and pencil rest on the bearing check alone)."
F06_A_STUDY-001,F06_A_STUDY,P1,refine,"Monitors out, plates and loupe in","F06_A monitor props on 6A_deskwall (if still instantiated); new: 6A_plate_box, 6A_loupe, 6A_print_rack (desktop_stock)",,,Remove the MonitorProp instances for 6A or retarget them (matrix row: CRT monitor props are case/conductor-driven; 6A has no case); seat desktop_stock on the desk wall,,,,,Punchlist overlap row; Bible VIII.4: no screens in a flat without a signal reason; the F14 ruling keeps screens out of 6A,design/walkthrough_punchlist.md; TASKS.md F14,,Desk wall assembly,Detail view shows no monitor,verified,"V2 instances no monitor in 6A (the only MonitorProp anchors are F02_A_MONITOR_01 and F04_B_MONITOR_01), so nothing is removed; the desk wall gains a glass-plate box, a loupe and a print rack beside the existing headphones, cans, papers and mug (6A_deskwall_stock, F06_A_STUDY_DT1). Verified at WIP ed0359c3 (implementation/slice27b): fabrication batch 0 failures (surface stock bearings include the sectional case's top cap); apartment batch 236 (the branch baseline); bookshelves 144 checks, 0 failures with the ledger seated on the case; upper kitchens 206 (the branch baseline); four-space sweep 0 failures."
F06_A_STUDY-002,F06_A_STUDY,P2,add,"Three copies, two locations","new: 6A_archive_boxes (crate family x3) under the desk wall, one open",,,,,,,,"Schedule 20:00: backups, the liturgy",,,,Reverse view,verified,"Three archive crates (parts-crate copies, open-topped) under the desk wall against the south wall, clear of the desk's legs, the chair and its stance; the three copies in two locations read as the crates under the desk and the drawers above. Verified at 8877d9df (slice25): the thirteen families pass the fabrication batch (28,681 checks, 0 failures; objects 116, the strip and print on their actual wall faces, the crates inside the study clear of the desk, the deck bearing on the rig table), apartment batch 236, the apartment door route 45 waypoints with 0 failures, completion routes 2C 9 and 4D 12 as before, upper lighting and the household save owner 0 failures, upper kitchens 206 with the baseline's stance labels, the three-space sweep 0 failures; captures in implementation/slice25."
F06_A_STUDY-003,F06_A_STUDY,P2,refine,Desk wall is a flat white slab on black cuboids; modern headphone stand,6A_deskwall (assembly); 6A_phones stand,,,,,,,,Review; see BW-003,,,,Study OV,proposed,
F06_B_VESTIBULE-001,F06_B_VESTIBULE,P1,add,Entry landing set for Jonah Price,,"Along the wall opposite the entry door swing, within 0.9 m of the door, leaving the authored route clear",hook strip 0.6 m long at 1.65 m; shelf 0.3 m deep at 1.1 m; mat 0.6 x 0.9 m,Entry kit from the shared desktop_stock / domestic_objects families; hooks and shelf as one native assembly per vestibule variant,"painted pine shelf, iron hooks, coir mat, brass drip tray","scuff fan on the floor inside the door, hand-grime on the door edge at latch height, the wall rubbed by coats at shoulder height",flush dome as authored,,Identify the resident from the threshold (lived-in acceptance criterion),game/data/apartment_life_profiles.json entry_set; art/blender/desktop_stock.md,,"Door swing, 0.8 m route, SwitchPlate reach",Threshold capture from the hall shows the set; door-route test unchanged,verified,"Entry landing set for Jonah Price: a hall stand (DomesticObject16: backboard with four iron hooks at 1.65 m, shelf at 1.1 m, plinth with a brass drip tray) on the east wall between the entry and bath leaf swings. Deviations: the coir mat and the per-resident hook load wait for a collision-free floor piece and the cloth family. Verified at b8319c79 and e6c97bc1: the twelve rebuilt families pass the fabrication batch with every stand bearing on its floor (implementation/slice8b, after the three D-plan stands were moved inside their vestibules), apartment batch 236 as before, upper lighting 0 failures, both door-route suites and the six completion routes unchanged (1A 15, 1D 25, 2C 9, 3D 16, 4C 9, 4D 12); the vestibule sweeps show the stands (implementation/slice8)."
F06_B_VESTIBULE-002,F06_B_VESTIBULE,P2,add,Building hardware: signal outlet plate and chain guard,new: brass flush signal-outlet plate beside the switch; new: chain door guard on the entry leaf,"Signal plate 0.15 m beside the existing SWITCH anchor at the same height; chain guard on the leaf at 1.5 m, keeper on the jamb",plate 70 x 115 mm; chain 0.3 m,Two small native parts in the fixed_lighting / door hardware families; no interaction,"brass with a dull lacquer, painted over at one screw",,,,Bible VIII.3: every room has a signal point beside the power socket; Accord 11: one anchor painted over,art/blender/light_switch.md; art/blender/door_knob_set.md,,,Visible in the threshold view at eye height,verified,"The brass signal-outlet plate beside the switch came with BW-013 (slice 6); the chain door guard is on the entry leaf's apartment face: slotted plate by the latch stile, anchor plate and unhooked chain beside it (slice 10). Verified at d38ba7ac (slice10, slice10b): the thirteen families pass the fabrication batch (24,276 checks, 0 failures; seating 51 actors with the two armchairs, 1A's captured natively), door casings and fitted door fabric 0 failures, door hinges 10 as before (the 105-door count and one leaf's knuckles, identical at 6d99760d, slice10c), both door-route suites unchanged (45 and 32 waypoints, 0 failures), completion route 1A 15 waypoints as before (the kitchen leg), apartment batch 236 as before, upper lighting 0 failures, the seven-space sweep 0 failures; the chain guards are shown at the vestibule thresholds and the armchairs in F05_B_MAIN and F01_A_MAIN (implementation/slice10)."
F06_B_MAIN-001,F06_B_MAIN,P1,add,"The desk, lamp and the wastebasket of endings","6B_din_t as the desk; new: 6B_lamp (task lamp variant), 6B_wastebasket (desktop_stock wire basket overflowing with crushed paper), 6B_draft_boxes (crate family x3) on F06_6B_BOOKSHELF_01",Table square to the alcove door opening so the bed sees it; lamp at its left; basket on the floor at its right; boxes on the shelf,,Task lamp from the five variants (a new sixth variant is not needed; use office_green) with a G14 cord; desktop_stock basket with paper,"brass lamp, wire basket, foolscap",ring stains on the table in overlapping circles; ink on the table edge,,,"Hero object wastebasket_of_rejected_endings; surface sets writing_sightline, draft_archive; contradiction: the bed faces the desk",game/data/apartment_life_profiles.json; art/blender/task_lamps.md,,,Overview from the alcove door shows the lit desk,verified,"6B_din_t turned into the desk: moved square to the private-hall opening at (-10.25, 4.4) with 6B_din_dc1 behind it facing the opening and 6B_din_dc2 at its west side, the stances re-seated; 6B_wastebasket (wire basket with crushed paper, basket form) on the floor at the desk's right. Deviations: the task lamp waits for the task-lamp installations; the three draft boxes wait for a bookshelf support in the stock inspector. Verified at ec25cca0 (slice11b; slice11 is the first run, red on the two placements fixed here): the thirteen families pass the fabrication batch (24,724 checks, 0 failures; tables 72, storage 50 and objects 36 actors with the copies, surface stock 3,708 checks with every record bearing on its support, the reel boxes on the clear boards), apartment batch 236 as before, upper lighting 0 failures, the household save owner's 201 controls unchanged (0 failures), the four-space sweep 0 failures; the rooms are shown in implementation/slice11b."
F06_B_MAIN-002,F06_B_MAIN,P2,add,One tabletop watercolour,new: 6B_watercolour (desktop_stock standing frame),On the wireless table,,,,,,,Decor profile writer's pauses,,,,Detail view,verified,"6B_watercolour (standing frame) at the far corner of 6B_din_t. Verified at dc849111 (slice9e, slice9f) and 266ef28a (slice9g): the thirteen families pass the fabrication batch (24,237 checks, 0 failures; surface stock 3,461 checks with every record bearing on its support, the fifteen prep cabinets with the 1D, 2C and 4C completion copies), apartment batch 236 as before, completion routes 1D 25, 2C 9 and 4C 9 unchanged (the C-plan bath leg), upper lighting 0 failures, upper kitchens 238 as before (the material-binding and three-stance failures are identical at 66994c91, slice9h), the household save owner's 201 controls save and restore (0 failures), the eight-space sweep 0 failures; the resident surfaces are shown in implementation/slice9 (at bc26e9ca) and the kitchens and the 6C vestibule in slice9e."
F06_B_MAIN-003,F06_B_MAIN,P3,add,Rings everywhere,"ring decals on 6B_din_t, 6B_wireless_table, the bookshelf top",,,,,,,,Kitchen set cold_drinks_and_rings; Accord 12,,,,Detail views,proposed,
F06_B_KITCHEN-001,F06_B_KITCHEN,P1,refine,Kitchen set for Jonah Price,6B_prep_cabinet; 6B_k_wall_cupboard; F06_6B_STOVE_01; F06_6B_FRIDGE_01; F06_6B_KITCHEN_SINK_01,"On the preparation cabinet top, the drainboard, the range's cold side and the icebox top, within the existing support ids; nothing on the floor in the cross-passage",,"Surface props from desktop_stock (mugs, dishrack, jars, tins, bread board) selected per kitchen_set; at most 8 pieces, merged per family","enamel (tenant-specific variant), tin, glass jars, porcelain, oilcloth on the cabinet top","grease film on the wall behind the range at splash height, a scorched ring on the cabinet top beside the range, worn oilcloth at the working edge",as authored; the range's pilot is the only new glow and only where the resident cooks,,Appliance Bible III: the appliance that tells the truth about the tenant,design/ORISON_APPLIANCE_BIBLE.md; game/data/orison_v2/domestic_surface_props.json; art/blender/desktop_stock.md,,"StoveProp oven leaf, FridgeProp leaf and ice door, TapProp cycle, toaster carriage and crumb pan, prep cabinet slide, kitchen cross-passage",Overview shows the set from the kitchen opening; no prop within the oven or fridge door sweep,verified,"cold_drinks_and_rings: kettle and tin on the prep cabinet. Surface-stock records on the sink or prep cabinet support, within the dossier's eight-piece cap; grease film, scorch ring and oilcloth wear stay with the finish pass. Verified at 333c8041: the surface-stock fabrication validator passes 2,644 checks with the 107 records mounted (implementation/slice7/receipts/fabrication_shots__batch.json), the prep-cabinet and toaster validators stay clean, the apartment batch keeps the slice-2 count (236) and upper lighting 0 failures; the kitchen sweeps show the pieces (implementation/slice7)."
F06_B_KITCHEN-002,F06_B_KITCHEN,P2,add,Ice card and drip tray evidence,F06_6B_FRIDGE_01,Ice card in the kitchen window's lower pane facing out (icebox units); zinc drip tray on the floor under the icebox with a water tide line,,Card as Label3D-free coloured rectangle with the number as a painted numeral quadrant (no lettering in texture); tray as a desktop-stock piece,"card stock, zinc",the tray's tide line and a rust bloom at one corner,,,Bible VIII.5.a: which number is showing is a fact about that household,design/ORISON_BIBLE.md VIII.5.a,,,Visible in the reverse view; the tray does not enter the fridge door stance,verified,"6B_drip_tray: a zinc drip pan holding a skin of water (driptray form) on the floor under the icebox, between its feet with the front lip showing, clear of the door stance and the door's swing. The ice card in the window pane waits for a window-pane support (the panes belong to the shell, not a furniture actor). Verified at 4444e1e1 (slice22) and db14e977 (slice22b, the 6A backdrop narrowed): the thirteen families pass the fabrication batch (28,045 checks, 0 failures; 206 stock assemblies, every pan bearing on the floor between its icebox's feet), apartment batch 236 as before, the six completion routes unchanged (1A 15, 1D 25, 2C 9, 3D 16, 4C 9, 4D 12), upper lighting and the household save owner 0 failures, upper kitchens 238 with the baseline's labels, the fourteen-kitchen sweep 0 failures; close-ups in implementation/slice22."
F06_B_KITCHEN-003,F06_B_KITCHEN,P2,refine,Greasy enamel on the range,F06_6B_STOVE_01 with the enamel_greasy recipe,,,,,,,,Appliance Bible IV,,,,Detail view,proposed,
F06_B_PRIVATE_HALL-001,F06_B_PRIVATE_HALL,P2,refine,"Hall use evidence (one object, not a kit)",,Against the wall clear of both door swings and the 0.8 m route,,"One native object from an existing family (hamper, hat stand, folded-laundry shelf or boot tray) by the resident's routine","period-appropriate: painted pine, wicker, tin",rub line at hip height where the resident brushes past nightly; floor wear path from bed to bath,,,Accord 14 evidence within two metres; keeps the hall a hall,,,"Door swings, route, bedside/bath approach stances","Threshold view from the main room shows the hall as used, not empty, with the route visibly clear",verified,"A lidded wicker laundry hamper (hamper form) with a linen corner caught under the lid against the north wall at (-10.83, 11.38), clear of every door and opening approach (each opening's span plus 0.15 m, 1.0 m deep), the stances and a 0.85 m route. The hamper's cane panels read as a lidded box rather than a woven basket and the galoshes are plain blocks; finer weave and boot forms are later art. Verified at 2152694f (slice14b) and 4fc1b18d (slice14c, after 2A's and 3A's objects moved to the north end wall out of the door route): the thirteen families pass the fabrication batch (25,826 checks, 0 failures; every hall object bearing inside its hall), apartment batch 236 as before, the apartment door route 45 waypoints and the 4B route 32 with 0 failures, the six completion routes unchanged (1A 15, 1D 25, 2C 9, 3D 16, 4C 9, 4D 12), upper lighting 0 failures, upper furniture 444 identical to slice 13 (slice14base), the eighteen-hall sweep 0 failures; captures in implementation/slice14b and slice14c."
F06_B_ALCOVE-001,F06_B_ALCOVE,P1,move,Turn the bed to face the desk,6B_abed; 6B_abed_ns,Bed rotated so the foot faces the private-hall door; nightstand on the window side,,,,,,,Contradiction: the bed faces the desk so the last thing he sees is the unfinished page,game/data/apartment_life_profiles.json,,Bedside clearance and the route,Overview from the door shows the bed foot-on,implemented,"6B_abed turned to yaw -90 with its head at the west wall (-14.6, 9.9) so the foot faces the hall door; nightstand at the window side (-15.35, 11.2); stances moved."
F06_B_BATH-001,F06_B_BATH,P2,refine,Resident bath set for Jonah Price,6B_soap_dish; 6B_hand_towel; 6B_toilet_roll; F06_6B_MIRROR_01 (medicine cabinet),"On the basin rim and the cabinet shelves, inside the existing bath_details supports; towel on the existing rail or on a new 300 mm brass hook beside the basin if no rail exists",,"Small desktop-stock objects in the existing desktop_stock family (max 6 per bathroom), seated by support id, no new owner","porcelain, nickel-plated brass, huckaback cotton; enamel with fine crazing","wiping arc at eye height on the mirror, soap ring on the dish, a chip on the basin rim at the tap side",flush dome as authored; no added light,,"Reads as Jonah Price's routine, not a generic bathroom",game/data/orison_v2/bath_details.json; game/data/orison_v2/household_accessories.json; art/blender/desktop_stock.md,,"TapProp cycle, curtain area, MedicineCabinetProp leaf and the I-key care inspection reach",Detail view from the door shows the set without obstructing the basin stance,proposed,
F06_B_BATH-002,F06_B_BATH,P3,refine,Positional wear and water consequence,,Floor at the receptor edge and the wall at the register,,,existing wet_cloth / local drain finish masks (B4 cloth batch) extended with a 0.4 m water line decal under the curtain hem,"darkened grout line along the receptor, paint lifted below the register, the mop-shadow corner the mop cannot reach",,,Accord 12: wear follows use; Accord 14: consequence within two metres,art/blender/scripts/owner_finish_materials.py (localized drain finish); game/data/orison_v2/owner_finish_profiles.json,E2: inherited patina baked; accrued grime simulated later by section E; author only the inherited layer here,,,proposed,
F06_C_VESTIBULE-001,F06_C_VESTIBULE,P1,add,Entry landing set for Mae Kessler,,"Along the wall opposite the entry door swing, within 0.9 m of the door, leaving the authored route clear",hook strip 0.6 m long at 1.65 m; shelf 0.3 m deep at 1.1 m; mat 0.6 x 0.9 m,Entry kit from the shared desktop_stock / domestic_objects families; hooks and shelf as one native assembly per vestibule variant,"painted pine shelf, iron hooks, coir mat, brass drip tray","scuff fan on the floor inside the door, hand-grime on the door edge at latch height, the wall rubbed by coats at shoulder height",flush dome as authored,,Identify the resident from the threshold (lived-in acceptance criterion),game/data/apartment_life_profiles.json entry_set; art/blender/desktop_stock.md,,"Door swing, 0.8 m route, SwitchPlate reach",Threshold capture from the hall shows the set; door-route test unchanged,verified,"Entry landing set for Mae Kessler: a hall stand (DomesticObject16: backboard with four iron hooks at 1.65 m, shelf at 1.1 m, plinth with a brass drip tray) on the west wall, clear of the entry leaf's quarter turn and the route line. Deviations: the coir mat and the per-resident hook load wait for a collision-free floor piece and the cloth family. Verified at b8319c79 and e6c97bc1: the twelve rebuilt families pass the fabrication batch with every stand bearing on its floor (implementation/slice8b, after the three D-plan stands were moved inside their vestibules), apartment batch 236 as before, upper lighting 0 failures, both door-route suites and the six completion routes unchanged (1A 15, 1D 25, 2C 9, 3D 16, 4C 9, 4D 12); the vestibule sweeps show the stands (implementation/slice8)."
F06_C_VESTIBULE-002,F06_C_VESTIBULE,P2,add,Building hardware: signal outlet plate and chain guard,new: brass flush signal-outlet plate beside the switch; new: chain door guard on the entry leaf,"Signal plate 0.15 m beside the existing SWITCH anchor at the same height; chain guard on the leaf at 1.5 m, keeper on the jamb",plate 70 x 115 mm; chain 0.3 m,Two small native parts in the fixed_lighting / door hardware families; no interaction,"brass with a dull lacquer, painted over at one screw",,,,Bible VIII.3: every room has a signal point beside the power socket; Accord 11: one anchor painted over,art/blender/light_switch.md; art/blender/door_knob_set.md,,,Visible in the threshold view at eye height,verified,"The brass signal-outlet plate beside the switch came with BW-013 (slice 6); the chain door guard is on the entry leaf's apartment face: slotted plate by the latch stile, anchor plate and unhooked chain beside it (slice 10). Verified at d38ba7ac (slice10, slice10b): the thirteen families pass the fabrication batch (24,276 checks, 0 failures; seating 51 actors with the two armchairs, 1A's captured natively), door casings and fitted door fabric 0 failures, door hinges 10 as before (the 105-door count and one leaf's knuckles, identical at 6d99760d, slice10c), both door-route suites unchanged (45 and 32 waypoints, 0 failures), completion route 1A 15 waypoints as before (the kitchen leg), apartment batch 236 as before, upper lighting 0 failures, the seven-space sweep 0 failures; the chain guards are shown at the vestibule thresholds and the armchairs in F05_B_MAIN and F01_A_MAIN (implementation/slice10)."
F06_C_VESTIBULE-003,F06_C_VESTIBULE,P1,add,Gloves on a tray and the buttonhook,new: 6C_glove_tray (desktop_stock) on the shelf with gloves; a buttonhook on a ribbon,,,,,,,,Entry set white_gloves_by_the_door; the signature prop,,,,Threshold view,verified,"6C_glove_tray (brass tray) on the hall stand's shelf; the gloves and the buttonhook wait for the cloth family. Verified at dc849111 (slice9e, slice9f) and 266ef28a (slice9g): the thirteen families pass the fabrication batch (24,237 checks, 0 failures; surface stock 3,461 checks with every record bearing on its support, the fifteen prep cabinets with the 1D, 2C and 4C completion copies), apartment batch 236 as before, completion routes 1D 25, 2C 9 and 4C 9 unchanged (the C-plan bath leg), upper lighting 0 failures, upper kitchens 238 as before (the material-binding and three-stance failures are identical at 66994c91, slice9h), the household save owner's 201 controls save and restore (0 failures), the eight-space sweep 0 failures; the resident surfaces are shown in implementation/slice9 (at bc26e9ca) and the kitchens and the 6C vestibule in slice9e."
F06_C_MAIN-001,F06_C_MAIN,P1,add,The catalogue table with two cards for one object,"6C_din_t as the catalogue table; new: 6C_catalogue_cards (papers: two cards), 6C_object_under_review (desktop_stock small object on a cloth), 6C_gloves_on_table",Table at the window; cards side by side beside the object,,,,,,,"Contradiction: two catalogue cards for the same object, both in her hand; surface set catalog_table",game/data/apartment_life_profiles.json,,,Detail view of the table,verified,"6C_card_a (a card stack beside the existing catalogues) and 6C_object_under_review (a string-tied parcel) on the catalogue table 6C_din_t; the second card and the gloves wait for a smaller card form and the cloth family. Verified at dc849111 (slice9e, slice9f) and 266ef28a (slice9g): the thirteen families pass the fabrication batch (24,237 checks, 0 failures; surface stock 3,461 checks with every record bearing on its support, the fifteen prep cabinets with the 1D, 2C and 4C completion copies), apartment batch 236 as before, completion routes 1D 25, 2C 9 and 4C 9 unchanged (the C-plan bath leg), upper lighting 0 failures, upper kitchens 238 as before (the material-binding and three-stance failures are identical at 66994c91, slice9h), the household save owner's 201 controls save and restore (0 failures), the eight-space sweep 0 failures; the resident surfaces are shown in implementation/slice9 (at bc26e9ca) and the kitchens and the 6C vestibule in slice9e."
F06_C_MAIN-002,F06_C_MAIN,P1,add,Prospectus and the unopened ledger on the shelf,F06_6C_BOOKSHELF_01 (sectional): the 1912 Vantry prospectus (a bound sales book with the roof-garden plate) and a thick ledger with a dust line showing it is never opened,,,Two bookpile objects as shelf contents; prospectus INSPECT via the bookshelf panel's card,,,,,Bible VIII.3 and VIII.5.h: the prospectus is a sales book for a building that was demolished; proposed backstory: the Estate ledger never opened (web II.2),"design/ORISON_BIBLE.md VIII.3, VIII.5.h; design/ORISON_RELATIONSHIP_WEB.md II.2",,BookshelfProp sorting panel,Detail view of the shelf,verified,"The 1912 prospectus is already Mae's canonical book inside the sectional case (OrisonV2BookshelvesTest, Mae keeps canonical prospectus). The never-opened ledger now lies on the case's top under a dust film that stops short of one end; the anchor adapter hands passive stock seated on an anchor to the consumer that replaces it, so the ledger belongs to the bookcase (6C_ledger_stock, F06_C_MAIN_OV). Verified at WIP ed0359c3 (implementation/slice27b): fabrication batch 0 failures (surface stock bearings include the sectional case's top cap); apartment batch 236 (the branch baseline); bookshelves 144 checks, 0 failures with the ledger seated on the case; upper kitchens 206 (the branch baseline); four-space sweep 0 failures."
F06_C_MAIN-003,F06_C_MAIN,P2,add,"Classified objects on the wall, people on the furniture",new: a row of five small framed objects with tag rectangles (CharacterMemoryArt); two standing photographs (desktop_stock frames) on the coffee table,Row on the wall beside the studio opening at 1.5 m; frames on the coffee table,,,,,,,Decor profile provenance cabinet,,,,Overview,verified,"6C_photo_a/b (standing frames) on 6C_cof; the five framed objects on the wall wait for the wall-art hook. Verified at dc849111 (slice9e, slice9f) and 266ef28a (slice9g): the thirteen families pass the fabrication batch (24,237 checks, 0 failures; surface stock 3,461 checks with every record bearing on its support, the fifteen prep cabinets with the 1D, 2C and 4C completion copies), apartment batch 236 as before, completion routes 1D 25, 2C 9 and 4C 9 unchanged (the C-plan bath leg), upper lighting 0 failures, upper kitchens 238 as before (the material-binding and three-stance failures are identical at 66994c91, slice9h), the household save owner's 201 controls save and restore (0 failures), the eight-space sweep 0 failures; the resident surfaces are shown in implementation/slice9 (at bc26e9ca) and the kitchens and the 6C vestibule in slice9e."
F06_C_MAIN-004,F06_C_MAIN,P2,add,The Thursday tea service,new: 6C_tea_service (desktop_stock: the good service on a tray) on 6C_cof,,,,,,,,"Schedule: tea with Nadia Thursdays 16:00, the good service",,,,Detail view,verified,"6C_tea_tray with 6C_tea_cup_a/b on 6C_cof. Verified at dc849111 (slice9e, slice9f) and 266ef28a (slice9g): the thirteen families pass the fabrication batch (24,237 checks, 0 failures; surface stock 3,461 checks with every record bearing on its support, the fifteen prep cabinets with the 1D, 2C and 4C completion copies), apartment batch 236 as before, completion routes 1D 25, 2C 9 and 4C 9 unchanged (the C-plan bath leg), upper lighting 0 failures, upper kitchens 238 as before (the material-binding and three-stance failures are identical at 66994c91, slice9h), the household save owner's 201 controls save and restore (0 failures), the eight-space sweep 0 failures; the resident surfaces are shown in implementation/slice9 (at bc26e9ca) and the kitchens and the 6C vestibule in slice9e."
F06_C_MAIN-005,F06_C_MAIN,P2,refine,Boxy untextured sofa and block coffee table,6C_sofa (Sofa195); 6C_cof (Coffee06),,,,,,,,Review; see BW-003 (rolled-arm sprung sofa variant),,,,Main OV,verified,6C_sofa carries rolled arms (BW-003); 6C_cof (Coffee06) is unchanged. (implementation/slice34/images/F06_C_MAIN_OV.jpg)
F06_C_KITCHEN-001,F06_C_KITCHEN,P1,refine,Kitchen set for Mae Kessler,6C_prep_cabinet; 6C_k_wall_cupboard; F06_6C_STOVE_01; F06_6C_FRIDGE_01; F06_6C_KITCHEN_SINK_01,"On the preparation cabinet top, the drainboard, the range's cold side and the icebox top, within the existing support ids; nothing on the floor in the cross-passage",,"Surface props from desktop_stock (mugs, dishrack, jars, tins, bread board) selected per kitchen_set; at most 8 pieces, merged per family","enamel (tenant-specific variant), tin, glass jars, porcelain, oilcloth on the cabinet top","grease film on the wall behind the range at splash height, a scorched ring on the cabinet top beside the range, worn oilcloth at the working edge",as authored; the range's pilot is the only new glow and only where the resident cooks,,Appliance Bible III: the appliance that tells the truth about the tenant,design/ORISON_APPLIANCE_BIBLE.md; game/data/orison_v2/domestic_surface_props.json; art/blender/desktop_stock.md,,"StoveProp oven leaf, FridgeProp leaf and ice door, TapProp cycle, toaster carriage and crumb pan, prep cabinet slide, kitchen cross-passage",Overview shows the set from the kitchen opening; no prop within the oven or fridge door sweep,verified,"careful_and_spare: the missing drainboard mug; kettle and plate on the prep cabinet. Surface-stock records on the sink or prep cabinet support, within the dossier's eight-piece cap; grease film, scorch ring and oilcloth wear stay with the finish pass. Verified at 333c8041: the surface-stock fabrication validator passes 2,644 checks with the 107 records mounted (implementation/slice7/receipts/fabrication_shots__batch.json), the prep-cabinet and toaster validators stay clean, the apartment batch keeps the slice-2 count (236) and upper lighting 0 failures; the kitchen sweeps show the pieces (implementation/slice7)."
F06_C_KITCHEN-002,F06_C_KITCHEN,P2,add,Monitor-top electric evidence,F06_6C_FRIDGE_01,Ice card in the kitchen window's lower pane facing out (icebox units); zinc drip tray on the floor under the icebox with a water tide line,,Card as Label3D-free coloured rectangle with the number as a painted numeral quadrant (no lettering in texture); tray as a desktop-stock piece,"card stock, zinc",the tray's tide line and a rust bloom at one corner,,,Bible VIII.5.a: which number is showing is a fact about that household,design/ORISON_BIBLE.md VIII.5.a,,,Visible in the reverse view; the tray does not enter the fridge door stance,proposed,
F06_C_KITCHEN-003,F06_C_KITCHEN,P3,refine,Pristine enamel on the range,F06_6C_STOVE_01 with the enamel_pristine recipe,,,,,,,,Appliance Bible IV,,,,Detail view,proposed,
F06_C_PRIVATE_HALL-001,F06_C_PRIVATE_HALL,P2,refine,"Hall use evidence (one object, not a kit)",,Against the wall clear of both door swings and the 0.8 m route,,"One native object from an existing family (hamper, hat stand, folded-laundry shelf or boot tray) by the resident's routine","period-appropriate: painted pine, wicker, tin",rub line at hip height where the resident brushes past nightly; floor wear path from bed to bath,,,Accord 14 evidence within two metres; keeps the hall a hall,,,"Door swings, route, bedside/bath approach stances","Threshold view from the main room shows the hall as used, not empty, with the route visibly clear",verified,"A galvanised boot tray with a pair of rubber galoshes and dried mud (boottray form) against the south wall at (6.67, 6.62), clear of every door and opening approach (each opening's span plus 0.15 m, 1.0 m deep), the stances and a 0.85 m route. The hamper's cane panels read as a lidded box rather than a woven basket and the galoshes are plain blocks; finer weave and boot forms are later art. Verified at 2152694f (slice14b) and 4fc1b18d (slice14c, after 2A's and 3A's objects moved to the north end wall out of the door route): the thirteen families pass the fabrication batch (25,826 checks, 0 failures; every hall object bearing inside its hall), apartment batch 236 as before, the apartment door route 45 waypoints and the 4B route 32 with 0 failures, the six completion routes unchanged (1A 15, 1D 25, 2C 9, 3D 16, 4C 9, 4D 12), upper lighting 0 failures, upper furniture 444 identical to slice 13 (slice14base), the eighteen-hall sweep 0 failures; captures in implementation/slice14b and slice14c."
F06_C_STUDIO-001,F06_C_STUDIO,P2,refine,Second wardrobe as the packing store,6C_w1_wardrobe shelved variant with packing materials,,,,,,,,Surface set packing_station,,,,Open-leaf view,proposed,
F06_C_BATH-001,F06_C_BATH,P2,refine,Resident bath set for Mae Kessler,6C_soap_dish; 6C_hand_towel; 6C_toilet_roll; F06_6C_MIRROR_01 (medicine cabinet),"On the basin rim and the cabinet shelves, inside the existing bath_details supports; towel on the existing rail or on a new 300 mm brass hook beside the basin if no rail exists",,"Small desktop-stock objects in the existing desktop_stock family (max 6 per bathroom), seated by support id, no new owner","porcelain, nickel-plated brass, huckaback cotton; enamel with fine crazing","wiping arc at eye height on the mirror, soap ring on the dish, a chip on the basin rim at the tap side",flush dome as authored; no added light,,"Reads as Mae Kessler's routine, not a generic bathroom",game/data/orison_v2/bath_details.json; game/data/orison_v2/household_accessories.json; art/blender/desktop_stock.md,,"TapProp cycle, curtain area, MedicineCabinetProp leaf and the I-key care inspection reach",Detail view from the door shows the set without obstructing the basin stance,proposed,
F06_C_BATH-002,F06_C_BATH,P3,refine,Positional wear and water consequence,,Floor at the receptor edge and the wall at the register,,,existing wet_cloth / local drain finish masks (B4 cloth batch) extended with a 0.4 m water line decal under the curtain hem,"darkened grout line along the receptor, paint lifted below the register, the mop-shadow corner the mop cannot reach",,,Accord 12: wear follows use; Accord 14: consequence within two metres,art/blender/scripts/owner_finish_materials.py (localized drain finish); game/data/orison_v2/owner_finish_profiles.json,E2: inherited patina baked; accrued grime simulated later by section E; author only the inherited layer here,,,proposed,
F06_C_BED1-001,F06_C_BED1,P2,add,"Brooch placed, photograph, hairpins",desktop_stock on 6C_bed0_ns,,,,,,,,Wardrobe bible late-night state; web II.2 as an object,,,,Detail view,verified,"6C_bed_frame and 6C_hairpin_tin on 6C_bed0_ns; the brooch waits for its form. Verified at dc849111 (slice9e, slice9f) and 266ef28a (slice9g): the thirteen families pass the fabrication batch (24,237 checks, 0 failures; surface stock 3,461 checks with every record bearing on its support, the fifteen prep cabinets with the 1D, 2C and 4C completion copies), apartment batch 236 as before, completion routes 1D 25, 2C 9 and 4C 9 unchanged (the C-plan bath leg), upper lighting 0 failures, upper kitchens 238 as before (the material-binding and three-stance failures are identical at 66994c91, slice9h), the household save owner's 201 controls save and restore (0 failures), the eight-space sweep 0 failures; the resident surfaces are shown in implementation/slice9 (at bc26e9ca) and the kitchens and the 6C vestibule in slice9e."
F06_C_BED2-001,F06_C_BED2,P1,remove,Remove the second bed and nightstand,6C_bed1; 6C_bed1_ns,,,,,,,,Lived-in brief: one bed; room conversion provenance_archive,game/data/apartment_life_profiles.json,,,No bed; sleeper count one,implemented,Removed with BW-002.
F06_C_BED2-002,F06_C_BED2,P1,add,"Archive shelving, catalogue drawers and the locked provenance drawer","new: 6C_archive_shelves (Shelf01 x3) with boxed objects under cloths, 6C_card_cabinet (domestic_storage small cabinet with drawers), 6C_provenance_drawer (one drawer with a brass lock; RESIST-REFUSE: locked, the reason is hers)",Shelves on the two solid walls; cabinet under the window with the blind down; 0.8 m route kept,,Shelf family; cabinet variant; the locked drawer is a refusal owner with no key quest (matrix law),"deal shelving, acid-free boxes, muslin, brass lock",none: the one room she keeps as a museum keeps itself,flush dome; blind down,,Hero object locked_provenance_drawer; surface set gloved_handling; story panel contradictory inventories,game/data/apartment_life_profiles.json; design/PROP_SET_INTERACTION_MATRIX.md RESIST-REFUSE law,,Door swing and route,Threshold view from the hall reads an archive,verified,"Three cloth-covered objects (covered form: an object under a linen drape) on the existing 6C_archive_shelf_01/02 boards, and 6C_card_cabinet (new cardcabinet form: twelve drawers with brass pulls and blank label frames, one drawer with a brass lock plate for the provenance drawer) against the south wall west of the door. Deviations: the cabinet stands by the door because the archive table holds the window; the locked drawer is passive (its RESIST-REFUSE owner waits for the matrix pass). Verified at 7813b06c (slice19): the thirteen families pass the fabrication batch (27,146 checks, 0 failures; storage 52, objects 84, stock 187, every jar, cover and fold bearing on its board), apartment batch 236 as before, completion route 4C 9 waypoints as before, upper lighting and the household save owner 0 failures, the three-space sweep 0 failures; close-ups in implementation/slice19."
F06_D_RESTRICTED-001,F06_D_RESTRICTED,P1,keep,Keep the interior as authored,,,,,,,,,Intentional restricted space,,,,Teleported overview unchanged,verified,Kept as authored: no slice touches it; captured empty at b8319c79 (implementation/slice8/images/F06_D_RESTRICTED_OV.jpg).
F06_D_RESTRICTED-002,F06_D_RESTRICTED,P2,add,Padlock hasp and plate on the crossing side,"F06_DOOR_05: hasp and padlock (door hardware family), brass plate",Hasp at 1.2 m across the leaf and jamb; plate at 1.5 m,,,galvanised hasp (1928) over a brass 1912 escutcheon,,,,Accord 13: two eras of lock; the matrix's locked-door reason is the landlord's,,,Lock state,Threshold view from the crossing,proposed,
ROOF_PUBLIC_CORE-001,ROOF_PUBLIC_CORE,P2,add,Landing notice and the building's paper trail,,"On the core wall beside the floor plate at 1.5 m, clear of the rail",notice frame 0.35 x 0.45 m,"One framed notice board (Label3D text) per core level: the 1928 house rules on the public side, the service notice on the service side","oak frame, glass, foxed paper",a corner of the glass cracked and taped,,,Bible VIII.5.h: the paper trail begins in 1928; Nadia's memos signed Management need a place to be posted,design/ORISON_BIBLE.md VIII.5.h; game/data/resident_schedules.json (Nadia posts the tenant memo Mon/Wed/Fri),,,Readable by the service lamp from the landing,proposed,
ROOF_PUBLIC_CORE-002,ROOF_PUBLIC_CORE,P3,refine,Stair wear and the one unique landing piece,,Tread noses and the half-landing wall,,,honed stair marble (art/blender/stair_honed.md) with inherited dishing; one framed piece per half-landing (punchlist: each of the seven landings needs a unique piece),"dished treads, rail gold at hand height, paint rubbed at the turn",,,Accord 12 and the open punchlist row,,,Stair ironwork and tread collision,Reverse view up the flight shows the dishing read against the lamp,proposed,
ROOF_PUBLIC_CORE-003,ROOF_PUBLIC_CORE,P2,add,Roof-use evidence inside the bulkhead,"new: a coil of washing line, a watering can and a trug on the floor beside the door (desktop_stock); a chalk tally on the wall by the door","Against the bulkhead wall opposite the lift guard, outside the door swing",,,,,,,Schedules: Malcolm comes through this door at 07:00 and 17:00,,,"Lift drive guard and refusal, door swing",Threshold view from the stair,implemented,"Roof-use evidence inside the public bulkhead: a coil of washing line, a galvanised watering can and a gardening trug stand on the west landing north of the door, between the wall and the roof route (ROOF_bulkhead_* native captures). Not made: the chalk tally on the wall (lettering-like marks need a decal owner). Verified at WIP 32156acb (implementation/slice33): fabrication batch 0 failures; apartment batch 236 on the long runner; bookshelves 144 checks, 0 failures with the print seated on the repaired case; upper kitchens 206 and upper furniture 488 (both unchanged from slice 31's runs); upper lighting 0 failures; roof route 53 waypoints, 0 failures; the three-space sweep 0 failures."
ROOF_PUBLIC_CORE-004,ROOF_PUBLIC_CORE,P2,refine,Mirror-reversed lift-drive sign text; bulkheads untextured cream boxes,lift drive sign Label3D (double-sided); bulkhead wall finish,,,,,,,,Review: sign text reads reversed from the RV station; bulkhead walls are untextured,art/blender/roof_bulkhead_caps.md,,,RV station shows readable text and finished walls,implemented,Lift-drive sign single-sided (the bulkhead finish part stays open).
ROOF_SERVICE_CORE-001,ROOF_SERVICE_CORE,P2,add,Landing notice and the building's paper trail,,"On the core wall beside the floor plate at 1.5 m, clear of the rail",notice frame 0.35 x 0.45 m,"One framed notice board (Label3D text) per core level: the 1928 house rules on the public side, the service notice on the service side","oak frame, glass, foxed paper",a corner of the glass cracked and taped,,,Bible VIII.5.h: the paper trail begins in 1928; Nadia's memos signed Management need a place to be posted,design/ORISON_BIBLE.md VIII.5.h; game/data/resident_schedules.json (Nadia posts the tenant memo Mon/Wed/Fri),,,Readable by the service lamp from the landing,proposed,
ROOF_SERVICE_CORE-002,ROOF_SERVICE_CORE,P3,refine,Stair wear and the one unique landing piece,,Tread noses and the half-landing wall,,,honed stair marble (art/blender/stair_honed.md) with inherited dishing; one framed piece per half-landing (punchlist: each of the seven landings needs a unique piece),"dished treads, rail gold at hand height, paint rubbed at the turn",,,Accord 12 and the open punchlist row,,,Stair ironwork and tread collision,Reverse view up the flight shows the dishing read against the lamp,proposed,
ROOF_SERVICE_CORE-003,ROOF_SERVICE_CORE,P3,add,Chimney-sweep evidence,new: a soot sack and a set of rods against the wall inside the door (desktop_stock),,,,,,,,The 1912 flue is swept; the tools live by the nearest door,,,,Threshold view,verified,"Chimney-sweep evidence inside the service bulkhead: a tied soot sack on the landing and the sweep's rod bundle with its brush head leaning on the west wall north of the door, clear of the roof route (ROOF_service_* native captures). Verified at WIP 974ee6d2 (implementation/slice34): fabrication batch 0 failures; apartment batch 236 on the long runner; completion 1A 15 waypoints with its pre-existing kitchen-leg failure; roof route 53 waypoints, 0 failures; the two-space sweep 0 failures; the keep audit (receipts/keep_audit.receipt.json) holds for all nine keep items."
ROOF_DECK_WEST-001,ROOF_DECK_WEST,P2,add,Roof-use evidence by the schedules,,"Where the deck is clear of plant, drainage and the authored falling field; never inside the ventilator curbs",,"Instanced static objects: a watering can, a pigeon-stained coping stretch (C2 commensals when ruled), a line post for washing, a chalked tar patch","galvanised tin, creosoted timber, tar","tar patches, a ponding ring where the fall is wrong",,,"Schedules: Malcolm's beds, Juno's roof mics on Mon/Wed, Sacha's photography Tue/Thu, Mae's unhurried hour on Sunday",game/data/resident_schedules.json; art/blender/roof_membrane.md; design/ORISON_COMMENSALS_BRIEF.md (C2 pigeons are gated),,"Falling field, drainage outlets, tank valve and ventilator guards",Overview shows at least one object explaining who comes up here,proposed,
ROOF_DECK_WEST-002,ROOF_DECK_WEST,P1,add,Malcolm's beds and communal planters,new: 3 timber raised beds 2.4 x 0.9 x 0.4 m along the west parapet; 4 communal planters (half-barrels) by the north passage; a compost bin by the tank legs,"Beds 0.6 m off the parapet face, clear of the fan curbs and drainage falls; planters at the passage mouths leaving 1.2 m; compost bin 0.8 m from the tank's southwest leg",,"New static native family (roof_beds) with soil fill, staked tomatoes gone over in November, geraniums in the planters; no collision beyond the box hulls","creosoted timber, soil, galvanised staples, half-barrels",watering stains on the membrane downhill of each bed; a path worn between bed and tank,none added,,"Schedules: beds, staking, planters, the compost bin fed with everyone's greens; Bible VIII.3 the roof garden promise; web II.8 the cuttings' descendants",game/data/resident_schedules.json (malcolm_reed roof blocks); art/blender/roof_membrane.md; art/blender/roof_drainage.md,,"Falling field, outlets, tank valve stance, ventilator curbs and guards",Overview from the bulkhead door reads a garden; roof route test unchanged,proposed,
ROOF_DECK_WEST-003,ROOF_DECK_WEST,P2,add,Washing line between the tank leg and a parapet post,"new: line, two props, four pegs, one sheet (cloth family)","From the tank's northeast leg to a post on the west parapet, 1.9 m high, clear of the route",,,,,,,A 1928 roof is a drying yard; the laundry airer downstairs is for winter,,,,Overview,proposed,
ROOF_DECK_WEST-004,ROOF_DECK_WEST,P1,refine,"The house tank reads as brick, not timber staves","ROOF_TANK_BODY and bands (house_tank.md: timber staves, binding hardware)",,,,,,,,Review and the smoke capture: the tank body carries a brick-like map; the native tank is coopered timber with iron bands,art/blender/house_tank.md; art/blender/city_tanks.md (calibrated stave finish for the neighbours),,,Deck OV shows timber staves and bands,proposed,
ROOF_DECK_WEST-005,ROOF_DECK_WEST,P2,refine,Ventilator housings read as cream stone plinths,ROOF_VENT_FAN_A/B/C housings (A06 pending),,,,,,,,Review: only fan D reads as a fan; the ILG-pattern housings of Bible VIII.5.i are the owner JSON's A06 item,art/data/v2_owner_improvement_20261008.json A06; art/blender/roof_ventilator.md,,,Fan detail stations read motor housings,proposed,
ROOF_DECK_SOUTH-001,ROOF_DECK_SOUTH,P2,add,Roof-use evidence by the schedules,,"Where the deck is clear of plant, drainage and the authored falling field; never inside the ventilator curbs",,"Instanced static objects: a watering can, a pigeon-stained coping stretch (C2 commensals when ruled), a line post for washing, a chalked tar patch","galvanised tin, creosoted timber, tar","tar patches, a ponding ring where the fall is wrong",,,"Schedules: Malcolm's beds, Juno's roof mics on Mon/Wed, Sacha's photography Tue/Thu, Mae's unhurried hour on Sunday",game/data/resident_schedules.json; art/blender/roof_membrane.md; design/ORISON_COMMENSALS_BRIEF.md (C2 pigeons are gated),,"Falling field, drainage outlets, tank valve and ventilator guards",Overview shows at least one object explaining who comes up here,proposed,
ROOF_DECK_SOUTH-002,ROOF_DECK_SOUTH,P2,add,Sacha's tripod mark and Juno's mic stand,"new: three tripod-foot scuffs (decal) at the coping centre; a folded mic stand chained to the parapet post (asm_micstand, RESIST-REFUSE)",Coping centre and the southwest post,,,,,,,"Schedules: roof divided, Juno Mon/Wed and Sacha Tue/Thu",,,,Detail view at the coping,proposed,
ROOF_DECK_NORTH-001,ROOF_DECK_NORTH,P2,add,Roof-use evidence by the schedules,,"Where the deck is clear of plant, drainage and the authored falling field; never inside the ventilator curbs",,"Instanced static objects: a watering can, a pigeon-stained coping stretch (C2 commensals when ruled), a line post for washing, a chalked tar patch","galvanised tin, creosoted timber, tar","tar patches, a ponding ring where the fall is wrong",,,"Schedules: Malcolm's beds, Juno's roof mics on Mon/Wed, Sacha's photography Tue/Thu, Mae's unhurried hour on Sunday",game/data/resident_schedules.json; art/blender/roof_membrane.md; design/ORISON_COMMENSALS_BRIEF.md (C2 pigeons are gated),,"Falling field, drainage outlets, tank valve and ventilator guards",Overview shows at least one object explaining who comes up here,proposed,
ROOF_DECK_NORTH-002,ROOF_DECK_NORTH,P3,add,Roost evidence under C2 when ruled,new: positional guano decals under the north coping's three posts; no birds until C2,,,,,,,,Commensals C2 gated; the evidence layer can be authored first,design/ORISON_COMMENSALS_BRIEF.md,,,Detail view of the coping,proposed,
ROOF_DECK_MIDDLE-001,ROOF_DECK_MIDDLE,P2,add,Roof-use evidence by the schedules,,"Where the deck is clear of plant, drainage and the authored falling field; never inside the ventilator curbs",,"Instanced static objects: a watering can, a pigeon-stained coping stretch (C2 commensals when ruled), a line post for washing, a chalked tar patch","galvanised tin, creosoted timber, tar","tar patches, a ponding ring where the fall is wrong",,,"Schedules: Malcolm's beds, Juno's roof mics on Mon/Wed, Sacha's photography Tue/Thu, Mae's unhurried hour on Sunday",game/data/resident_schedules.json; art/blender/roof_membrane.md; design/ORISON_COMMENSALS_BRIEF.md (C2 pigeons are gated),,"Falling field, drainage outlets, tank valve and ventilator guards",Overview shows at least one object explaining who comes up here,proposed,
ROOF_DECK_MIDDLE-002,ROOF_DECK_MIDDLE,P3,add,Bucket under the gutter outlet,new: galvanised bucket (desktop_stock) under the service bulkhead's open gutter outlet,,,,,,,,Accord 11: every outlet terminates somewhere; the super's bucket,,,,Detail view,proposed,
ROOF_DECK_EAST-001,ROOF_DECK_EAST,P2,add,Roof-use evidence by the schedules,,"Where the deck is clear of plant, drainage and the authored falling field; never inside the ventilator curbs",,"Instanced static objects: a watering can, a pigeon-stained coping stretch (C2 commensals when ruled), a line post for washing, a chalked tar patch","galvanised tin, creosoted timber, tar","tar patches, a ponding ring where the fall is wrong",,,"Schedules: Malcolm's beds, Juno's roof mics on Mon/Wed, Sacha's photography Tue/Thu, Mae's unhurried hour on Sunday",game/data/resident_schedules.json; art/blender/roof_membrane.md; design/ORISON_COMMENSALS_BRIEF.md (C2 pigeons are gated),,"Falling field, drainage outlets, tank valve and ventilator guards",Overview shows at least one object explaining who comes up here,proposed,
ROOF_DECK_EAST-002,ROOF_DECK_EAST,P3,add,Soot on the lee coping,soot decal on the coping east of the chimney,,,,,,,,Consequence within two metres of the flue,,,,Detail view,proposed,
ROOF_DECK_EAST-003,ROOF_DECK_EAST,P2,refine,Chimney reads as a short plain block,"masonry chimney (chimney_crown.md: bonded masonry, mortar joints, stone coping)",,,,,,,,Review: the chimney is a plain brick block; the crown record describes joints and coping,art/blender/chimney_crown.md,,,East walk station,proposed,
ROOF_DECK_SOUTHEAST-001,ROOF_DECK_SOUTHEAST,P2,add,Roof-use evidence by the schedules,,"Where the deck is clear of plant, drainage and the authored falling field; never inside the ventilator curbs",,"Instanced static objects: a watering can, a pigeon-stained coping stretch (C2 commensals when ruled), a line post for washing, a chalked tar patch","galvanised tin, creosoted timber, tar","tar patches, a ponding ring where the fall is wrong",,,"Schedules: Malcolm's beds, Juno's roof mics on Mon/Wed, Sacha's photography Tue/Thu, Mae's unhurried hour on Sunday",game/data/resident_schedules.json; art/blender/roof_membrane.md; design/ORISON_COMMENSALS_BRIEF.md (C2 pigeons are gated),,"Falling field, drainage outlets, tank valve and ventilator guards",Overview shows at least one object explaining who comes up here,proposed,
ROOF_DECK_SOUTHEAST-002,ROOF_DECK_SOUTHEAST,P3,add,A folding stool for the view,new: folding stool (seating family) by the corner post,,,,,,,,Mae's unhurried hour on Sundays; Iris sketching,,,,Overview,proposed,
ROOF_DECK_NORTHEAST-001,ROOF_DECK_NORTHEAST,P2,add,Roof-use evidence by the schedules,,"Where the deck is clear of plant, drainage and the authored falling field; never inside the ventilator curbs",,"Instanced static objects: a watering can, a pigeon-stained coping stretch (C2 commensals when ruled), a line post for washing, a chalked tar patch","galvanised tin, creosoted timber, tar","tar patches, a ponding ring where the fall is wrong",,,"Schedules: Malcolm's beds, Juno's roof mics on Mon/Wed, Sacha's photography Tue/Thu, Mae's unhurried hour on Sunday",game/data/resident_schedules.json; art/blender/roof_membrane.md; design/ORISON_COMMENSALS_BRIEF.md (C2 pigeons are gated),,"Falling field, drainage outlets, tank valve and ventilator guards",Overview shows at least one object explaining who comes up here,proposed,
ROOF_DECK_NORTHEAST-002,ROOF_DECK_NORTHEAST,P3,keep,Keep it empty,,,,,,,,,Intentional emptiness; the roof needs one corner nobody uses,,,,Overview unchanged,verified,"Kept empty: no anchor lies in ROOF_DECK_NORTHEAST at e63ce4f6 or at this slice (implementation/slice34/receipts/keep_audit.receipt.json). Verified at WIP 974ee6d2 (implementation/slice34): fabrication batch 0 failures; apartment batch 236 on the long runner; completion 1A 15 waypoints with its pre-existing kitchen-leg failure; roof route 53 waypoints, 0 failures; the two-space sweep 0 failures; the keep audit (receipts/keep_audit.receipt.json) holds for all nine keep items."
