pass	rgb	class	aabb	detail	path
0	24,8,8	MeshInstance3D	27.3x0.0x12.3	mat=M_plaster@1.000,1.000,1.000	StreetIdShot/OrisonRoot/B1/B1_ceiling_plaster
0	40,8,8	MeshInstance3D	27.3x0.0x10.5	mat=M_plaster_stained@1.000,1.000,1.000	StreetIdShot/OrisonRoot/B1/B1_ceiling_plaster_stained
0	56,8,8	MeshInstance3D	6.5x0.0x10.0	mat=M_tin_ceiling@1.000,1.000,1.000	StreetIdShot/OrisonRoot/B1/B1_ceiling_tin_ceiling
0	72,8,8	MeshInstance3D	6.5x0.0x3.5	mat=M_concrete@1.000,1.000,1.000	StreetIdShot/OrisonRoot/B1/B1_floors_concrete
0	88,8,8	MeshInstance3D	6.5x0.0x10.0	mat=M_terrazzo@1.000,1.000,1.000	StreetIdShot/OrisonRoot/B1/B1_floors_terrazzo
0	104,8,8	MeshInstance3D	0.7x0.0x0.6	mat=M_bakelite@1.000,1.000,1.000	StreetIdShot/OrisonRoot/B1/B1_furnish_bakelite
0	120,8,8	MeshInstance3D	17.8x1.2x16.3	mat=M_bakelite_black@1.000,1.000,1.000	StreetIdShot/OrisonRoot/B1/B1_furnish_bakelite_black
0	136,8,8	MeshInstance3D	0.8x1.5x0.2	mat=M_book_brown@1.000,1.000,1.000	StreetIdShot/OrisonRoot/B1/B1_furnish_book_brown
0	152,8,8	MeshInstance3D	0.8x1.5x0.2	mat=M_book_burgundy@1.000,1.000,1.000	StreetIdShot/OrisonRoot/B1/B1_furnish_book_burgundy
0	168,8,8	MeshInstance3D	0.4x1.6x0.2	mat=M_book_green@1.000,1.000,1.000	StreetIdShot/OrisonRoot/B1/B1_furnish_book_green
0	184,8,8	MeshInstance3D	0.7x1.6x2.1	mat=M_book_navy@1.000,1.000,1.000	StreetIdShot/OrisonRoot/B1/B1_furnish_book_navy
0	200,8,8	MeshInstance3D	0.7x1.5x2.1	mat=M_book_ochre@1.000,1.000,1.000	StreetIdShot/OrisonRoot/B1/B1_furnish_book_ochre
0	216,8,8	MeshInstance3D	0.8x1.5x2.1	mat=M_book_teal@1.000,1.000,1.000	StreetIdShot/OrisonRoot/B1/B1_furnish_book_teal
0	232,8,8	MeshInstance3D	6.8x3.3x5.0	mat=M_brass@1.000,1.000,1.000	StreetIdShot/OrisonRoot/B1/B1_furnish_brass
0	248,8,8	MeshInstance3D	16.8x0.1x16.2	mat=M_brass_bright@1.000,1.000,1.000	StreetIdShot/OrisonRoot/B1/B1_furnish_brass_bright
0	8,24,8	MeshInstance3D	24.8x0.3x16.2	mat=M_brass_dull@1.000,1.000,1.000	StreetIdShot/OrisonRoot/B1/B1_furnish_brass_dull
0	24,24,8	MeshInstance3D	0.1x0.1x0.1	mat=M_ceramic@1.000,1.000,1.000	StreetIdShot/OrisonRoot/B1/B1_furnish_ceramic
0	40,24,8	MeshInstance3D	0.0x0.0x0.2	mat=M_enamel@1.000,1.000,1.000	StreetIdShot/OrisonRoot/B1/B1_furnish_enamel
0	56,24,8	MeshInstance3D	1.3x1.4x0.3	mat=M_floor_oak@1.000,1.000,1.000	StreetIdShot/OrisonRoot/B1/B1_furnish_floor_oak
0	72,24,8	MeshInstance3D	26.9x23.0x17.8	mat=M_metal@1.000,1.000,1.000	StreetIdShot/OrisonRoot/B1/B1_furnish_metal
0	88,24,8	MeshInstance3D	0.1x0.1x0.6	mat=M_milk_glass@1.000,1.000,1.000	StreetIdShot/OrisonRoot/B1/B1_furnish_milk_glass
0	104,24,8	MeshInstance3D	0.2x0.2x0.2	mat=M_plant@1.000,1.000,1.000	StreetIdShot/OrisonRoot/B1/B1_furnish_plant
0	120,24,8	MeshInstance3D	0.0x0.4x0.5	mat=M_screen@0.293,0.313,0.332	StreetIdShot/OrisonRoot/B1/B1_furnish_screen
0	136,24,8	MeshInstance3D	0.3x0.0x0.3	mat=M_soil@1.000,1.000,1.000	StreetIdShot/OrisonRoot/B1/B1_furnish_soil
0	152,24,8	MeshInstance3D	18.9x1.2x16.2	mat=M_soot@1.000,1.000,1.000	StreetIdShot/OrisonRoot/B1/B1_furnish_soot
0	168,24,8	MeshInstance3D	7.0x1.0x3.8	mat=M_terracotta@1.000,1.000,1.000	StreetIdShot/OrisonRoot/B1/B1_furnish_terracotta
0	184,24,8	MeshInstance3D	10.9x0.9x1.9	mat=M_timber@1.000,1.000,1.000	StreetIdShot/OrisonRoot/B1/B1_furnish_timber
0	200,24,8	MeshInstance3D	0.7x0.4x0.5	mat=M_wood_dark@1.000,1.000,1.000	StreetIdShot/OrisonRoot/B1/B1_furnish_wood_dark
0	216,24,8	MeshInstance3D	1.0x1.5x7.7	mat=M_brass@1.000,1.000,1.000	StreetIdShot/OrisonRoot/B1/B1_furniture_brass
0	232,24,8	MeshInstance3D	0.3x0.4x0.3	mat=M_ceramic@1.000,1.000,1.000	StreetIdShot/OrisonRoot/B1/B1_furniture_ceramic
0	248,24,8	MeshInstance3D	24.9x2.3x10.0	mat=M_common_brick@1.000,1.000,1.000	StreetIdShot/OrisonRoot/B1/B1_furniture_common_brick
0	8,40,8	MeshInstance3D	2.9x3.0x2.7	mat=M_concrete@1.000,1.000,1.000	StreetIdShot/OrisonRoot/B1/B1_furniture_concrete
0	24,40,8	MeshInstance3D	0.5x0.5x0.5	mat=M_fabric_cool@1.000,1.000,1.000	StreetIdShot/OrisonRoot/B1/B1_furniture_fabric_cool
0	40,40,8	MeshInstance3D	0.3x0.1x0.6	mat=M_fabric_green@1.000,1.000,1.000	StreetIdShot/OrisonRoot/B1/B1_furniture_fabric_green
0	56,40,8	MeshInstance3D	0.6x0.1x0.4	mat=M_fabric_warm@1.000,1.000,1.000	StreetIdShot/OrisonRoot/B1/B1_furniture_fabric_warm
0	72,40,8	MeshInstance3D	1.6x0.1x1.3	mat=M_floor_oak@1.000,1.000,1.000	StreetIdShot/OrisonRoot/B1/B1_furniture_floor_oak
0	88,40,8	MeshInstance3D	1.1x0.4x3.5	mat=M_indicator_enamel@1.000,1.000,1.000	StreetIdShot/OrisonRoot/B1/B1_furniture_indicator_enamel
0	104,40,8	MeshInstance3D	9.6x0.5x4.2	mat=M_linen@1.000,1.000,1.000	StreetIdShot/OrisonRoot/B1/B1_furniture_linen
0	120,40,8	MeshInstance3D	27.1x2.9x21.5	mat=M_metal@1.000,1.000,1.000	StreetIdShot/OrisonRoot/B1/B1_furniture_metal
0	136,40,8	MeshInstance3D	0.7x0.3x0.0	mat=M_paper@1.000,1.000,1.000	StreetIdShot/OrisonRoot/B1/B1_furniture_paper
0	152,40,8	MeshInstance3D	2.5x0.0x2.5	mat=M_rug_warm@1.000,1.000,1.000	StreetIdShot/OrisonRoot/B1/B1_furniture_rug_warm
0	168,40,8	MeshInstance3D	0.4x0.4x0.4	mat=M_safety_orange@1.000,1.000,1.000	StreetIdShot/OrisonRoot/B1/B1_furniture_safety_orange
0	184,40,8	MeshInstance3D	26.9x0.3x9.9	mat=M_timber@1.000,1.000,1.000	StreetIdShot/OrisonRoot/B1/B1_furniture_timber
0	200,40,8	MeshInstance3D	22.7x2.5x15.8	mat=M_trim@1.000,1.000,1.000	StreetIdShot/OrisonRoot/B1/B1_furniture_trim
0	216,40,8	MeshInstance3D	8.5x0.5x9.4	mat=M_wood_dark@1.000,1.000,1.000	StreetIdShot/OrisonRoot/B1/B1_furniture_wood_dark
0	232,40,8	MeshInstance3D	27.9x0.2x19.9	mat=M_slab@1.000,1.000,1.000	StreetIdShot/OrisonRoot/B1/B1_slabs
0	248,40,8	MeshInstance3D	6.3x2.8x2.9	mat=M_stair@1.000,1.000,1.000	StreetIdShot/OrisonRoot/B1/B1_stairs
0	8,56,8	MeshInstance3D	3.1x3.4x2.9	mat=M_baluster@1.000,1.000,1.000	StreetIdShot/OrisonRoot/B1/B1_stairs_bal
0	24,56,8	MeshInstance3D	6.2x3.0x3.0	mat=M_brass@1.000,1.000,1.000	StreetIdShot/OrisonRoot/B1/B1_stairs_brass
0	40,56,8	MeshInstance3D	6.3x3.2x3.0	mat=M_metal@1.000,1.000,1.000	StreetIdShot/OrisonRoot/B1/B1_stairs_iron
0	56,56,8	MeshInstance3D	6.3x0.2x1.7	mat=M_landing@1.000,1.000,1.000	StreetIdShot/OrisonRoot/B1/B1_stairs_landing
0	72,56,8	MeshInstance3D	6.3x3.8x3.1	mat=M_handrail_wood@1.000,1.000,1.000	StreetIdShot/OrisonRoot/B1/B1_stairs_rail
0	88,56,8	MeshInstance3D	6.3x2.5x2.9	mat=M_stair_treads@1.000,1.000,1.000	StreetIdShot/OrisonRoot/B1/B1_stairs_treads
0	104,56,8	MeshInstance3D	28.1x2.4x20.1	mat=M_limestone@1.000,1.000,1.000	StreetIdShot/OrisonRoot/B1/B1_stone_trim
0	120,56,8	MeshInstance3D	27.3x2.9x19.3	mat=M_trim@1.000,1.000,1.000	StreetIdShot/OrisonRoot/B1/B1_trim
0	136,56,8	MeshInstance3D	10.9x1.2x19.3	mat=M_wainscot@1.000,1.000,1.000	StreetIdShot/OrisonRoot/B1/B1_wainscot_wainscot
0	152,56,8	MeshInstance3D	27.3x2.6x19.3	mat=M_plaster@1.000,1.000,1.000	StreetIdShot/OrisonRoot/B1/B1_walls
0	168,56,8	MeshInstance3D	28.0x2.8x19.7	mat=M_common_brick@1.000,1.000,1.000	StreetIdShot/OrisonRoot/B1/B1_walls_cbrick
0	184,56,8	MeshInstance3D	2.3x2.6x2.3	mat=M_concrete@1.000,1.000,1.000	StreetIdShot/OrisonRoot/B1/B1_walls_conc
0	200,56,8	MeshInstance3D	27.3x2.8x0.5	mat=M_face_brick@1.000,1.000,1.000	StreetIdShot/OrisonRoot/B1/B1_walls_fbrick
0	216,56,8	MultiMeshInstance3D	22.3x0.1x11.7	instances=7;mesh=;mat=StandardMaterial3D@0.720,0.650,0.580;mat=StandardMaterial3D@0.780,0.700,0.520;mat=StandardMaterial3D@0.720,0.280,0.200	StreetIdShot/OrisonRoot/B1/B1_VantryPointBatch
0	232,56,8	MultiMeshInstance3D	5.9x2.6x0.1	instances=6;mesh=;mat=StandardMaterial3D@1.000,1.000,1.000	StreetIdShot/OrisonRoot/B1/@MultiMeshInstance3D@283
0	248,56,8	MultiMeshInstance3D	0.1x3.1x0.2	instances=4;mesh=;mat=StandardMaterial3D@1.000,1.000,1.000	StreetIdShot/OrisonRoot/B1/@MultiMeshInstance3D@284
0	8,72,8	MeshInstance3D	0.0x0.4x0.4	mat=ShaderMaterial;mat=ShaderMaterial	StreetIdShot/OrisonRoot/B1/Arcade_b1_laundry_cab/Screen
0	24,72,8	MeshInstance3D	0.0x0.1x0.6	mat=StandardMaterial3D@0.478,0.125,0.094;mat=StandardMaterial3D@0.478,0.125,0.094	StreetIdShot/OrisonRoot/B1/Arcade_b1_laundry_cab/@MeshInstance3D@957
0	40,72,8	MeshInstance3D	0.1x0.0x0.1	mat=StandardMaterial3D@0.800,0.740,0.500;mat=StandardMaterial3D@0.800,0.740,0.500	StreetIdShot/OrisonRoot/B1/Arcade_b1_laundry_cab/@MeshInstance3D@961
0	56,72,8	MeshInstance3D	0.0x0.0x0.0	mat=StandardMaterial3D@0.100,0.090,0.080;mat=StandardMaterial3D@0.100,0.090,0.080	StreetIdShot/OrisonRoot/B1/Arcade_b1_laundry_cab/@MeshInstance3D@962
0	72,72,8	MeshInstance3D	0.0x0.0x0.0	mat=StandardMaterial3D@0.100,0.090,0.080;mat=StandardMaterial3D@0.100,0.090,0.080	StreetIdShot/OrisonRoot/B1/Arcade_b1_laundry_cab/@MeshInstance3D@963
0	88,72,8	MeshInstance3D	0.0x0.0x0.0	mat=StandardMaterial3D@0.100,0.090,0.080;mat=StandardMaterial3D@0.100,0.090,0.080	StreetIdShot/OrisonRoot/B1/Arcade_b1_laundry_cab/@MeshInstance3D@964
0	104,72,8	MeshInstance3D	0.0x0.0x0.0	mat=StandardMaterial3D@0.100,0.090,0.080;mat=StandardMaterial3D@0.100,0.090,0.080	StreetIdShot/OrisonRoot/B1/Arcade_b1_laundry_cab/@MeshInstance3D@965
0	120,72,8	MeshInstance3D	0.0x0.0x0.0	mat=StandardMaterial3D@0.100,0.090,0.080;mat=StandardMaterial3D@0.100,0.090,0.080	StreetIdShot/OrisonRoot/B1/Arcade_b1_laundry_cab/@MeshInstance3D@966
0	136,72,8	MeshInstance3D	0.0x0.0x0.0	mat=StandardMaterial3D@0.100,0.090,0.080;mat=StandardMaterial3D@0.100,0.090,0.080	StreetIdShot/OrisonRoot/B1/Arcade_b1_laundry_cab/@MeshInstance3D@967
0	152,72,8	MeshInstance3D	0.0x0.0x0.0	mat=StandardMaterial3D@0.100,0.090,0.080;mat=StandardMaterial3D@0.100,0.090,0.080	StreetIdShot/OrisonRoot/B1/Arcade_b1_laundry_cab/@MeshInstance3D@968
0	168,72,8	MeshInstance3D	0.0x0.0x0.0	mat=StandardMaterial3D@0.100,0.090,0.080;mat=StandardMaterial3D@0.100,0.090,0.080	StreetIdShot/OrisonRoot/B1/Arcade_b1_laundry_cab/@MeshInstance3D@969
0	184,72,8	MeshInstance3D	0.0x0.0x0.0	mat=StandardMaterial3D@0.100,0.090,0.080;mat=StandardMaterial3D@0.100,0.090,0.080	StreetIdShot/OrisonRoot/B1/Arcade_b1_laundry_cab/@MeshInstance3D@970
0	200,72,8	MeshInstance3D	0.0x0.0x0.0	mat=StandardMaterial3D@0.100,0.090,0.080;mat=StandardMaterial3D@0.100,0.090,0.080	StreetIdShot/OrisonRoot/B1/Arcade_b1_laundry_cab/@MeshInstance3D@971
0	216,72,8	MeshInstance3D	0.0x0.0x0.0	mat=StandardMaterial3D@0.100,0.090,0.080;mat=StandardMaterial3D@0.100,0.090,0.080	StreetIdShot/OrisonRoot/B1/Arcade_b1_laundry_cab/@MeshInstance3D@972
0	232,72,8	MeshInstance3D	0.0x0.0x0.0	mat=StandardMaterial3D@0.100,0.090,0.080;mat=StandardMaterial3D@0.100,0.090,0.080	StreetIdShot/OrisonRoot/B1/Arcade_b1_laundry_cab/@MeshInstance3D@973
0	248,72,8	MeshInstance3D	0.0x0.0x0.0	mat=StandardMaterial3D@0.090,0.070,0.060;mat=StandardMaterial3D@0.090,0.070,0.060	StreetIdShot/OrisonRoot/B1/Arcade_b1_laundry_cab/@MeshInstance3D@974
0	8,88,8	MeshInstance3D	0.1x0.0x0.0	mat=StandardMaterial3D@0.760,0.680,0.380;mat=StandardMaterial3D@0.760,0.680,0.380	StreetIdShot/OrisonRoot/B1/Arcade_b1_laundry_cab/@MeshInstance3D@975
0	24,88,8	MeshInstance3D	0.7x0.7x0.0	mat=StandardMaterial3D@1.000,1.000,1.000;mat=StandardMaterial3D@1.000,1.000,1.000	StreetIdShot/OrisonRoot/B1/MemoryArt_basement_know_your_exit/@MeshInstance3D@24938
0	40,88,8	MeshInstance3D	0.8x0.0x0.0	mat=StandardMaterial3D@0.055,0.050,0.045;mat=StandardMaterial3D@0.055,0.050,0.045	StreetIdShot/OrisonRoot/B1/MemoryArt_basement_know_your_exit/@MeshInstance3D@24939
0	56,88,8	MeshInstance3D	0.8x0.0x0.0	mat=StandardMaterial3D@0.055,0.050,0.045;mat=StandardMaterial3D@0.055,0.050,0.045	StreetIdShot/OrisonRoot/B1/MemoryArt_basement_know_your_exit/@MeshInstance3D@24940
0	72,88,8	MeshInstance3D	0.0x0.7x0.0	mat=StandardMaterial3D@0.055,0.050,0.045;mat=StandardMaterial3D@0.055,0.050,0.045	StreetIdShot/OrisonRoot/B1/MemoryArt_basement_know_your_exit/@MeshInstance3D@24941
0	88,88,8	MeshInstance3D	0.0x0.7x0.0	mat=StandardMaterial3D@0.055,0.050,0.045;mat=StandardMaterial3D@0.055,0.050,0.045	StreetIdShot/OrisonRoot/B1/MemoryArt_basement_know_your_exit/@MeshInstance3D@24942
0	104,88,8	MeshInstance3D	0.7x0.7x0.0	mat=StandardMaterial3D@1.000,1.000,1.000;mat=StandardMaterial3D@1.000,1.000,1.000	StreetIdShot/OrisonRoot/B1/MemoryArt_laundry_black_cherry/@MeshInstance3D@25130
0	120,88,8	MeshInstance3D	0.8x0.0x0.0	mat=StandardMaterial3D@0.055,0.050,0.045;mat=StandardMaterial3D@0.055,0.050,0.045	StreetIdShot/OrisonRoot/B1/MemoryArt_laundry_black_cherry/@MeshInstance3D@25131
0	136,88,8	MeshInstance3D	0.8x0.0x0.0	mat=StandardMaterial3D@0.055,0.050,0.045;mat=StandardMaterial3D@0.055,0.050,0.045	StreetIdShot/OrisonRoot/B1/MemoryArt_laundry_black_cherry/@MeshInstance3D@25132
0	152,88,8	MeshInstance3D	0.0x0.7x0.0	mat=StandardMaterial3D@0.055,0.050,0.045;mat=StandardMaterial3D@0.055,0.050,0.045	StreetIdShot/OrisonRoot/B1/MemoryArt_laundry_black_cherry/@MeshInstance3D@25133
0	168,88,8	MeshInstance3D	0.0x0.7x0.0	mat=StandardMaterial3D@0.055,0.050,0.045;mat=StandardMaterial3D@0.055,0.050,0.045	StreetIdShot/OrisonRoot/B1/MemoryArt_laundry_black_cherry/@MeshInstance3D@25134
0	184,88,8	MeshInstance3D	27.3x0.0x19.3	mat=M_plaster_b@1.000,1.000,1.000	StreetIdShot/OrisonRoot/F01/F01_ceiling_plaster
0	200,88,8	MeshInstance3D	21.4x0.0x13.5	mat=M_plaster_stained_b@1.000,1.000,1.000	StreetIdShot/OrisonRoot/F01/F01_ceiling_plaster_stained
0	216,88,8	MeshInstance3D	10.7x0.0x12.9	mat=M_tin_ceiling_b@1.000,1.000,1.000	StreetIdShot/OrisonRoot/F01/F01_ceiling_tin_ceiling
0	232,88,8	MeshInstance3D	27.3x18.6x19.8	mat=M_metal_b@1.000,1.000,1.000	StreetIdShot/OrisonRoot/F01/F01_facade_rainwater
0	248,88,8	MeshInstance3D	21.4x0.0x13.5	mat=M_ceramic_b@1.000,1.000,1.000	StreetIdShot/OrisonRoot/F01/F01_floors_ceramic
0	8,104,8	MeshInstance3D	6.5x0.0x3.5	mat=M_concrete_b@1.000,1.000,1.000	StreetIdShot/OrisonRoot/F01/F01_floors_concrete
0	24,104,8	MeshInstance3D	27.3x0.0x19.3	mat=M_floor_oak_b@1.000,1.000,1.000	StreetIdShot/OrisonRoot/F01/F01_floors_floor_oak
0	40,104,8	MeshInstance3D	10.7x0.0x12.9	mat=M_terrazzo_b@1.000,1.000,1.000	StreetIdShot/OrisonRoot/F01/F01_floors_terrazzo
0	56,104,8	MeshInstance3D	17.3x2.6x45.6	mat=M_bakelite_b@1.000,1.000,1.000	StreetIdShot/OrisonRoot/F01/F01_furnish_bakelite
0	72,104,8	MeshInstance3D	22.7x3.9x44.8	mat=M_bakelite_black@1.000,1.000,1.000	StreetIdShot/OrisonRoot/F01/F01_furnish_bakelite_black
0	88,104,8	MeshInstance3D	18.9x1.6x4.9	mat=M_book_brown@1.000,1.000,1.000	StreetIdShot/OrisonRoot/F01/F01_furnish_book_brown
0	104,104,8	MeshInstance3D	18.9x1.6x4.9	mat=M_book_burgundy@1.000,1.000,1.000	StreetIdShot/OrisonRoot/F01/F01_furnish_book_burgundy
0	120,104,8	MeshInstance3D	18.8x1.6x4.9	mat=M_book_green@1.000,1.000,1.000	StreetIdShot/OrisonRoot/F01/F01_furnish_book_green
0	136,104,8	MeshInstance3D	18.9x1.6x4.9	mat=M_book_navy@1.000,1.000,1.000	StreetIdShot/OrisonRoot/F01/F01_furnish_book_navy
0	152,104,8	MeshInstance3D	19.0x1.6x4.9	mat=M_book_ochre@1.000,1.000,1.000	StreetIdShot/OrisonRoot/F01/F01_furnish_book_ochre
0	168,104,8	MeshInstance3D	18.9x2.9x31.9	mat=M_book_teal@1.000,1.000,1.000	StreetIdShot/OrisonRoot/F01/F01_furnish_book_teal
0	184,104,8	MeshInstance3D	26.7x6.1x44.3	mat=M_brass_b@1.000,1.000,1.000	StreetIdShot/OrisonRoot/F01/F01_furnish_brass
0	200,104,8	MeshInstance3D	21.4x2.3x39.9	mat=M_brass_bright@1.000,1.000,1.000	StreetIdShot/OrisonRoot/F01/F01_furnish_brass_bright
0	216,104,8	MeshInstance3D	153.8x46.9x132.9	mat=M_brass_dull@1.000,1.000,1.000	StreetIdShot/OrisonRoot/F01/F01_furnish_brass_dull
0	232,104,8	MeshInstance3D	0.8x0.4x0.0	mat=M_brass_mesh@1.000,1.000,1.000	StreetIdShot/OrisonRoot/F01/F01_furnish_brass_mesh
0	248,104,8	MeshInstance3D	154.6x30.9x133.9	mat=M_bronze@1.000,1.000,1.000	StreetIdShot/OrisonRoot/F01/F01_furnish_bronze
0	8,120,8	MeshInstance3D	13.8x5.2x2.3	mat=M_cast_iron_b@1.000,1.000,1.000	StreetIdShot/OrisonRoot/F01/F01_furnish_cast_iron
0	24,120,8	MeshInstance3D	0.1x0.1x0.1	mat=M_ceramic_b@1.000,1.000,1.000	StreetIdShot/OrisonRoot/F01/F01_furnish_ceramic
0	40,120,8	MeshInstance3D	19.2x3.6x44.5	mat=M_chrome_b@1.000,1.000,1.000	StreetIdShot/OrisonRoot/F01/F01_furnish_chrome
0	56,120,8	MeshInstance3D	8.8x0.1x1.1	mat=M_concrete_b@1.000,1.000,1.000	StreetIdShot/OrisonRoot/F01/F01_furnish_concrete
0	72,120,8	MeshInstance3D	18.2x0.1x9.6	mat=M_countertop_b@1.000,1.000,1.000	StreetIdShot/OrisonRoot/F01/F01_furnish_countertop
0	88,120,8	MeshInstance3D	15.8x3.5x45.6	mat=M_enamel_b@1.000,1.000,1.000	StreetIdShot/OrisonRoot/F01/F01_furnish_enamel
0	104,120,8	MeshInstance3D	17.5x4.3x44.8	mat=M_fabric_cool_b@1.000,1.000,1.000	StreetIdShot/OrisonRoot/F01/F01_furnish_fabric_cool
0	120,120,8	MeshInstance3D	15.4x1.4x5.2	mat=M_fabric_green_b@1.000,1.000,1.000	StreetIdShot/OrisonRoot/F01/F01_furnish_fabric_green
0	136,120,8	MeshInstance3D	26.4x3.3x34.5	mat=M_fabric_warm_b@1.000,1.000,1.000	StreetIdShot/OrisonRoot/F01/F01_furnish_fabric_warm
0	152,120,8	MeshInstance3D	0.0x0.1x0.2	mat=M_felt_violet_b@1.000,1.000,1.000	StreetIdShot/OrisonRoot/F01/F01_furnish_felt_violet
0	168,120,8	MeshInstance3D	23.6x3.9x42.9	mat=M_floor_oak_b@1.000,1.000,1.000	StreetIdShot/OrisonRoot/F01/F01_furnish_floor_oak
0	184,120,8	MeshInstance3D	0.1x1.0x5.5	mat=M_handrail_wood_b@1.000,1.000,1.000	StreetIdShot/OrisonRoot/F01/F01_furnish_handrail_wood
0	200,120,8	MeshInstance3D	0.0x0.2x0.0	mat=M_lacquer_red_b@1.000,1.000,1.000	StreetIdShot/OrisonRoot/F01/F01_furnish_lacquer_red
0	216,120,8	MeshInstance3D	26.3x2.7x33.4	mat=M_linen_b@1.000,1.000,1.000	StreetIdShot/OrisonRoot/F01/F01_furnish_linen
0	232,120,8	MeshInstance3D	202.4x56.2x148.8	mat=M_metal_b@1.000,1.000,1.000	StreetIdShot/OrisonRoot/F01/F01_furnish_metal
0	248,120,8	MeshInstance3D	16.1x3.5x45.3	mat=M_milk_glass@1.000,1.000,1.000	StreetIdShot/OrisonRoot/F01/F01_furnish_milk_glass
0	8,136,8	MeshInstance3D	17.1x0.1x9.5	mat=M_nickel_plated@1.000,1.000,1.000	StreetIdShot/OrisonRoot/F01/F01_furnish_nickel_plated
0	24,136,8	MeshInstance3D	13.0x4.7x44.1	mat=M_oak_quartered@1.000,1.000,1.000	StreetIdShot/OrisonRoot/F01/F01_furnish_oak_quartered
0	40,136,8	MeshInstance3D	31.5x1.9x27.2	mat=M_paper_b@1.000,1.000,1.000	StreetIdShot/OrisonRoot/F01/F01_furnish_paper
0	56,136,8	MeshInstance3D	14.1x3.4x28.3	mat=M_plant_b@1.000,1.000,1.000	StreetIdShot/OrisonRoot/F01/F01_furnish_plant
0	72,136,8	MeshInstance3D	0.8x0.0x0.5	mat=M_plywood_b@1.000,1.000,1.000	StreetIdShot/OrisonRoot/F01/F01_furnish_plywood
0	88,136,8	MeshInstance3D	22.7x3.9x45.7	mat=M_porcelain_b@1.000,1.000,1.000	StreetIdShot/OrisonRoot/F01/F01_furnish_porcelain
0	104,136,8	MeshInstance3D	39.4x1.9x18.0	mat=M_safety_orange_b@1.000,1.000,1.000	StreetIdShot/OrisonRoot/F01/F01_furnish_safety_orange
0	120,136,8	MeshInstance3D	15.9x3.1x44.7	mat=M_screen@0.293,0.313,0.332	StreetIdShot/OrisonRoot/F01/F01_furnish_screen
0	136,136,8	MeshInstance3D	14.2x3.0x28.6	mat=M_soil_b@1.000,1.000,1.000	StreetIdShot/OrisonRoot/F01/F01_furnish_soil
0	152,136,8	MeshInstance3D	39.4x7.0x45.4	mat=M_soot_b@1.000,1.000,1.000	StreetIdShot/OrisonRoot/F01/F01_furnish_soot
0	168,136,8	MeshInstance3D	0.0x0.1x0.2	mat=M_stairwell_teal_b@1.000,1.000,1.000	StreetIdShot/OrisonRoot/F01/F01_furnish_stairwell_teal
0	184,136,8	MeshInstance3D	17.3x4.6x45.6	mat=M_terracotta_b@1.000,1.000,1.000	StreetIdShot/OrisonRoot/F01/F01_furnish_terracotta
0	200,136,8	MeshInstance3D	184.6x53.4x138.0	mat=M_timber_b@1.000,1.000,1.000	StreetIdShot/OrisonRoot/F01/F01_furnish_timber
0	216,136,8	MeshInstance3D	39.3x5.0x45.5	mat=M_trim_b@1.000,1.000,1.000	StreetIdShot/OrisonRoot/F01/F01_furnish_trim
0	232,136,8	MeshInstance3D	4.6x0.1x0.4	mat=M_vinyl_oxblood_b@1.000,1.000,1.000	StreetIdShot/OrisonRoot/F01/F01_furnish_vinyl_oxblood
0	248,136,8	MeshInstance3D	27.3x4.5x45.0	mat=M_wood_dark_b@1.000,1.000,1.000	StreetIdShot/OrisonRoot/F01/F01_furnish_wood_dark
0	8,152,8	MeshInstance3D	23.7x3.7x35.9	mat=M_art@1.000,1.000,1.000	StreetIdShot/OrisonRoot/F01/F01_furniture_art
0	24,152,8	MeshInstance3D	220.0x0.3x148.0	mat=M_asphalt_b@1.000,1.000,1.000	StreetIdShot/OrisonRoot/F01/F01_furniture_asphalt
0	40,152,8	MeshInstance3D	4.7x1.6x9.5	mat=M_brass_b@1.000,1.000,1.000	StreetIdShot/OrisonRoot/F01/F01_furniture_brass
0	56,152,8	MeshInstance3D	19.5x0.0x12.8	mat=M_brass_dull@1.000,1.000,1.000	StreetIdShot/OrisonRoot/F01/F01_furniture_brass_dull
0	72,152,8	MeshInstance3D	145.7x18.8x49.5	mat=M_brass_mesh@1.000,1.000,1.000	StreetIdShot/OrisonRoot/F01/F01_furniture_brass_mesh
0	88,152,8	MeshInstance3D	116.0x12.3x62.7	mat=M_brick_patched_b@1.000,1.000,1.000	StreetIdShot/OrisonRoot/F01/F01_furniture_brick_patched
0	104,152,8	MeshInstance3D	212.4x40.8x164.4	mat=M_bronze@1.000,1.000,1.000	StreetIdShot/OrisonRoot/F01/F01_furniture_bronze
0	120,152,8	MeshInstance3D	0.3x0.4x0.3	mat=M_ceramic_b@1.000,1.000,1.000	StreetIdShot/OrisonRoot/F01/F01_furniture_ceramic
0	136,152,8	MeshInstance3D	21.2x0.0x12.2	mat=M_chrome_b@1.000,1.000,1.000	StreetIdShot/OrisonRoot/F01/F01_furniture_chrome
0	152,152,8	MeshInstance3D	194.0x40.8x126.0	mat=M_common_brick_b@1.000,1.000,1.000	StreetIdShot/OrisonRoot/F01/F01_furniture_common_brick
0	168,152,8	MeshInstance3D	124.0x6.2x62.7	mat=M_concrete_b@1.000,1.000,1.000	StreetIdShot/OrisonRoot/F01/F01_furniture_concrete
0	184,152,8	MeshInstance3D	1.1x0.2x0.5	mat=M_fabric_cool_b@1.000,1.000,1.000	StreetIdShot/OrisonRoot/F01/F01_furniture_fabric_cool
0	200,152,8	MeshInstance3D	77.0x15.1x62.5	mat=M_face_brick_b@1.000,1.000,1.000	StreetIdShot/OrisonRoot/F01/F01_furniture_face_brick
0	216,152,8	MeshInstance3D	1.1x0.4x3.5	mat=M_indicator_enamel@1.000,1.000,1.000	StreetIdShot/OrisonRoot/F01/F01_furniture_indicator_enamel
0	232,152,8	MeshInstance3D	174.5x31.2x138.7	mat=M_lacquer_red_b@1.000,1.000,1.000	StreetIdShot/OrisonRoot/F01/F01_furniture_lacquer_red
0	248,152,8	MeshInstance3D	112.6x0.1x7.9	mat=M_leaf_fall_b@1.000,1.000,1.000	StreetIdShot/OrisonRoot/F01/F01_furniture_leaf_fall
0	8,168,8	MeshInstance3D	212.0x47.5x164.0	mat=M_limestone_b@1.000,1.000,1.000	StreetIdShot/OrisonRoot/F01/F01_furniture_limestone
0	24,168,8	MeshInstance3D	121.6x1.0x26.9	mat=M_linen_b@1.000,1.000,1.000	StreetIdShot/OrisonRoot/F01/F01_furniture_linen
0	40,168,8	MeshInstance3D	19.5x0.0x12.8	mat=M_linoleum_b@1.000,1.000,1.000	StreetIdShot/OrisonRoot/F01/F01_furniture_linoleum
0	56,168,8	MeshInstance3D	146.4x33.9x73.1	mat=M_metal_b@1.000,1.000,1.000	StreetIdShot/OrisonRoot/F01/F01_furniture_metal
0	72,168,8	MeshInstance3D	1.2x0.9x0.0	mat=M_paper_b@1.000,1.000,1.000	StreetIdShot/OrisonRoot/F01/F01_furniture_paper
0	88,168,8	MeshInstance3D	114.4x0.0x13.5	mat=M_puddle_b@1.000,1.000,1.000	StreetIdShot/OrisonRoot/F01/F01_furniture_puddle
0	104,168,8	MeshInstance3D	1.3x0.0x1.8	mat=M_rug_warm_b@1.000,1.000,1.000	StreetIdShot/OrisonRoot/F01/F01_furniture_rug_warm
0	120,168,8	MeshInstance3D	32.0x0.0x4.6	mat=M_sidewalk_grout_b@1.000,1.000,1.000	StreetIdShot/OrisonRoot/F01/F01_furniture_sidewalk_grout
0	136,168,8	MeshInstance3D	33.4x0.1x4.5	mat=M_sidewalk_haunted_b@1.000,1.000,1.000	StreetIdShot/OrisonRoot/F01/F01_furniture_sidewalk_haunted
0	152,168,8	MeshInstance3D	33.4x0.1x4.5	mat=M_concrete_b@1.000,1.000,1.000	StreetIdShot/OrisonRoot/F01/F01_furniture_sidewalk_kerb
0	168,168,8	MeshInstance3D	116.4x13.8x63.1	mat=M_soot_b@1.000,1.000,1.000	StreetIdShot/OrisonRoot/F01/F01_furniture_soot
0	184,168,8	MeshInstance3D	87.4x27.7x33.2	mat=M_timber_b@1.000,1.000,1.000	StreetIdShot/OrisonRoot/F01/F01_furniture_timber
0	200,168,8	MeshInstance3D	27.5x2.6x17.2	mat=M_trim_b@1.000,1.000,1.000	StreetIdShot/OrisonRoot/F01/F01_furniture_trim
0	216,168,8	MeshInstance3D	118.0x0.0x12.8	mat=M_wet_asphalt_b@1.000,1.000,1.000	StreetIdShot/OrisonRoot/F01/F01_furniture_wet_asphalt
0	232,168,8	MeshInstance3D	23.7x3.7x39.2	mat=M_wood_dark_b@1.000,1.000,1.000	StreetIdShot/OrisonRoot/F01/F01_furniture_wood_dark
0	248,168,8	MeshInstance3D	0.1x0.1x0.1	mat=M_bakelite_b@1.000,1.000,1.000	StreetIdShot/OrisonRoot/F01/F01_retail_bar_bakelite
0	8,184,8	MeshInstance3D	16.1x2.7x9.9	mat=M_bar_wall_b@1.000,1.000,1.000	StreetIdShot/OrisonRoot/F01/F01_retail_bar_bar_wall
0	24,184,8	MeshInstance3D	12.8x2.6x1.8	mat=M_bar_wall_red_b@1.000,1.000,1.000	StreetIdShot/OrisonRoot/F01/F01_retail_bar_bar_wall_red
0	40,184,8	MeshInstance3D	2.1x0.9x2.0	mat=M_brass_b@1.000,1.000,1.000	StreetIdShot/OrisonRoot/F01/F01_retail_bar_brass
0	56,184,8	MeshInstance3D	9.2x2.0x0.1	mat=M_chrome_b@1.000,1.000,1.000	StreetIdShot/OrisonRoot/F01/F01_retail_bar_chrome
0	72,184,8	MeshInstance3D	18.4x3.5x9.9	mat=M_common_brick_b@1.000,1.000,1.000	StreetIdShot/OrisonRoot/F01/F01_retail_bar_common_brick
0	88,184,8	MeshInstance3D	15.5x1.0x9.2	mat=M_concrete_b@1.000,1.000,1.000	StreetIdShot/OrisonRoot/F01/F01_retail_bar_concrete
0	104,184,8	MeshInstance3D	5.3x0.1x0.8	mat=M_countertop_b@1.000,1.000,1.000	StreetIdShot/OrisonRoot/F01/F01_retail_bar_countertop
0	120,184,8	MeshInstance3D	0.1x0.1x0.1	mat=M_enamel_b@1.000,1.000,1.000	StreetIdShot/OrisonRoot/F01/F01_retail_bar_enamel
0	136,184,8	MeshInstance3D	0.1x0.1x0.1	mat=M_fabric_green_b@1.000,1.000,1.000	StreetIdShot/OrisonRoot/F01/F01_retail_bar_fabric_green
0	152,184,8	MeshInstance3D	5.5x0.4x1.0	mat=M_fabric_warm_b@1.000,1.000,1.000	StreetIdShot/OrisonRoot/F01/F01_retail_bar_fabric_warm
0	168,184,8	MeshInstance3D	1.8x0.0x1.1	mat=M_felt_violet_b@1.000,1.000,1.000	StreetIdShot/OrisonRoot/F01/F01_retail_bar_felt_violet
0	184,184,8	MeshInstance3D	5.7x1.9x6.8	mat=M_lacquer_red_b@1.000,1.000,1.000	StreetIdShot/OrisonRoot/F01/F01_retail_bar_lacquer_red
0	200,184,8	MeshInstance3D	4.8x0.0x5.4	mat=M_limestone_b@1.000,1.000,1.000	StreetIdShot/OrisonRoot/F01/F01_retail_bar_limestone
0	216,184,8	MeshInstance3D	7.1x0.2x2.0	mat=M_linen_b@1.000,1.000,1.000	StreetIdShot/OrisonRoot/F01/F01_retail_bar_linen
0	232,184,8	MeshInstance3D	17.3x2.9x9.9	mat=M_quarry_tile_b@1.000,1.000,1.000	StreetIdShot/OrisonRoot/F01/F01_retail_bar_quarry_tile
0	248,184,8	MeshInstance3D	0.9x0.0x0.5	mat=M_rug_warm_b@1.000,1.000,1.000	StreetIdShot/OrisonRoot/F01/F01_retail_bar_rug_warm
0	8,200,8	MeshInstance3D	18.4x4.5x9.9	mat=M_soot_b@1.000,1.000,1.000	StreetIdShot/OrisonRoot/F01/F01_retail_bar_soot
0	24,200,8	MeshInstance3D	1.8x5.4x7.5	mat=M_stairwell_teal_b@1.000,1.000,1.000	StreetIdShot/OrisonRoot/F01/F01_retail_bar_stairwell_teal
0	40,200,8	MeshInstance3D	0.1x0.1x0.1	mat=M_terracotta_b@1.000,1.000,1.000	StreetIdShot/OrisonRoot/F01/F01_retail_bar_terracotta
0	56,200,8	MeshInstance3D	5.5x2.2x8.9	mat=M_timber_b@1.000,1.000,1.000	StreetIdShot/OrisonRoot/F01/F01_retail_bar_timber
0	72,200,8	MeshInstance3D	15.5x3.3x9.3	mat=M_wood_dark_b@1.000,1.000,1.000	StreetIdShot/OrisonRoot/F01/F01_retail_bar_wood_dark
0	88,200,8	MeshInstance3D	4.4x0.1x1.2	mat=M_awning_vinyl@1.000,1.000,1.000	StreetIdShot/OrisonRoot/F01/F01_retail_bod_awning_vinyl
0	104,200,8	MeshInstance3D	3.6x1.3x7.2	mat=M_bakelite_b@1.000,1.000,1.000	StreetIdShot/OrisonRoot/F01/F01_retail_bod_bakelite
0	120,200,8	MeshInstance3D	3.6x1.3x7.1	mat=M_brass_b@1.000,1.000,1.000	StreetIdShot/OrisonRoot/F01/F01_retail_bod_brass
0	136,200,8	MeshInstance3D	4.3x0.4x0.1	mat=M_chrome_b@1.000,1.000,1.000	StreetIdShot/OrisonRoot/F01/F01_retail_bod_chrome
0	152,200,8	MeshInstance3D	1.3x0.1x0.8	mat=M_countertop_b@1.000,1.000,1.000	StreetIdShot/OrisonRoot/F01/F01_retail_bod_countertop
0	168,200,8	MeshInstance3D	3.7x1.4x5.1	mat=M_enamel_b@1.000,1.000,1.000	StreetIdShot/OrisonRoot/F01/F01_retail_bod_enamel
0	184,200,8	MeshInstance3D	3.6x1.3x7.5	mat=M_fabric_green_b@1.000,1.000,1.000	StreetIdShot/OrisonRoot/F01/F01_retail_bod_fabric_green
0	200,200,8	MeshInstance3D	4.4x0.1x10.7	mat=M_linoleum_b@1.000,1.000,1.000	StreetIdShot/OrisonRoot/F01/F01_retail_bod_linoleum
0	216,200,8	MeshInstance3D	4.4x3.0x10.5	mat=M_metal_b@1.000,1.000,1.000	StreetIdShot/OrisonRoot/F01/F01_retail_bod_metal
0	232,200,8	MeshInstance3D	3.7x1.3x7.6	mat=M_paper_b@1.000,1.000,1.000	StreetIdShot/OrisonRoot/F01/F01_retail_bod_paper
0	248,200,8	MeshInstance3D	4.4x0.3x10.7	mat=M_plaster_b@1.000,1.000,1.000	StreetIdShot/OrisonRoot/F01/F01_retail_bod_plaster
0	8,216,8	MeshInstance3D	4.4x3.2x10.7	mat=M_plaster_stained_b@1.000,1.000,1.000	StreetIdShot/OrisonRoot/F01/F01_retail_bod_plaster_stained
0	24,216,8	MeshInstance3D	3.8x1.7x7.9	mat=M_safety_orange_b@1.000,1.000,1.000	StreetIdShot/OrisonRoot/F01/F01_retail_bod_safety_orange
0	40,216,8	MeshInstance3D	3.7x1.3x7.0	mat=M_terracotta_b@1.000,1.000,1.000	StreetIdShot/OrisonRoot/F01/F01_retail_bod_terracotta
0	56,216,8	MeshInstance3D	4.4x3.2x1.7	mat=M_wood_dark_b@1.000,1.000,1.000	StreetIdShot/OrisonRoot/F01/F01_retail_bod_wood_dark
0	72,216,8	MeshInstance3D	1.6x1.9x5.4	mat=M_cast_iron_b@1.000,1.000,1.000	StreetIdShot/OrisonRoot/F01/F01_retail_passage_proxy_gateway_cast_iron
0	88,216,8	MeshInstance3D	8.9x3.7x6.2	mat=M_cast_iron_b@1.000,1.000,1.000	StreetIdShot/OrisonRoot/F01/F01_retail_passage_proxy_gateway_cast_iron-col
0	104,216,8	MeshInstance3D	6.7x5.1x0.8	mat=M_common_brick_b@1.000,1.000,1.000	StreetIdShot/OrisonRoot/F01/F01_retail_passage_proxy_gateway_common_brick
0	120,216,8	MeshInstance3D	9.3x5.2x5.8	mat=M_limestone_b@1.000,1.000,1.000	StreetIdShot/OrisonRoot/F01/F01_retail_passage_proxy_gateway_limestone
0	136,216,8	MeshInstance3D	1.6x2.8x5.5	mat=M_soot_b@1.000,1.000,1.000	StreetIdShot/OrisonRoot/F01/F01_retail_passage_proxy_gateway_soot
0	152,216,8	MeshInstance3D	6.4x1.2x0.4	mat=M_limestone_b@1.000,1.000,1.000	StreetIdShot/OrisonRoot/F01/F01_retail_passage_proxy_limestone
0	168,216,8	MeshInstance3D	5.8x3.1x0.1	mat=M_metal_b@1.000,1.000,1.000	StreetIdShot/OrisonRoot/F01/F01_retail_passage_proxy_metal
0	184,216,8	MeshInstance3D	6.5x0.0x9.0	mat=M_linen_b@1.000,1.000,1.000	StreetIdShot/OrisonRoot/F01/F01_retail_site_linen
0	200,216,8	MeshInstance3D	32.7x2.4x4.9	mat=M_metal_b@1.000,1.000,1.000	StreetIdShot/OrisonRoot/F01/F01_retail_site_metal
0	216,216,8	MeshInstance3D	65.4x2.5x7.0	mat=M_plywood_b@1.000,1.000,1.000	StreetIdShot/OrisonRoot/F01/F01_retail_site_plywood
0	232,216,8	MeshInstance3D	44.4x0.9x3.2	mat=M_soil_b@1.000,1.000,1.000	StreetIdShot/OrisonRoot/F01/F01_retail_site_soil
0	248,216,8	MeshInstance3D	45.2x2.0x36.3	mat=M_soot_b@1.000,1.000,1.000	StreetIdShot/OrisonRoot/F01/F01_retail_site_soot
0	8,232,8	MeshInstance3D	27.9x0.2x19.9	mat=M_slab_b@1.000,1.000,1.000	StreetIdShot/OrisonRoot/F01/F01_slabs
0	24,232,8	MeshInstance3D	6.3x3.2x2.9	mat=M_stair_b@1.000,1.000,1.000	StreetIdShot/OrisonRoot/F01/F01_stairs
0	40,232,8	MeshInstance3D	3.1x3.9x3.1	mat=M_baluster_b@1.000,1.000,1.000	StreetIdShot/OrisonRoot/F01/F01_stairs_bal
0	56,232,8	MeshInstance3D	6.2x3.4x3.1	mat=M_brass_b@1.000,1.000,1.000	StreetIdShot/OrisonRoot/F01/F01_stairs_brass
0	72,232,8	MeshInstance3D	6.3x3.4x3.1	mat=M_metal_b@1.000,1.000,1.000	StreetIdShot/OrisonRoot/F01/F01_stairs_iron
0	88,232,8	MeshInstance3D	6.3x1.8x6.3	mat=M_landing@1.000,1.000,1.000	StreetIdShot/OrisonRoot/F01/F01_stairs_landing
0	104,232,8	MeshInstance3D	6.3x4.2x3.2	mat=M_handrail_wood_b@1.000,1.000,1.000	StreetIdShot/OrisonRoot/F01/F01_stairs_rail
0	120,232,8	MeshInstance3D	6.3x2.9x2.9	mat=M_stair_treads@1.000,1.000,1.000	StreetIdShot/OrisonRoot/F01/F01_stairs_treads
0	136,232,8	MeshInstance3D	28.1x2.5x20.1	mat=M_limestone_b@1.000,1.000,1.000	StreetIdShot/OrisonRoot/F01/F01_stone_trim
0	152,232,8	MeshInstance3D	27.3x3.2x19.3	mat=M_trim_b@1.000,1.000,1.000	StreetIdShot/OrisonRoot/F01/F01_trim
0	168,232,8	MeshInstance3D	20.8x0.0x11.6	mat=M_brass_dull@1.000,1.000,1.000	StreetIdShot/OrisonRoot/F01/F01_vent_register_screws
0	184,232,8	MeshInstance3D	20.8x0.0x11.6	mat=M_cast_iron_b@1.000,1.000,1.000	StreetIdShot/OrisonRoot/F01/F01_vent_register_throat
0	200,232,8	MeshInstance3D	20.8x0.0x11.7	mat=M_trim_b@1.000,1.000,1.000	StreetIdShot/OrisonRoot/F01/F01_vent_register_trim
0	216,232,8	MeshInstance3D	6.5x1.2x0.0	mat=M_marble_lobby_b@1.000,1.000,1.000	StreetIdShot/OrisonRoot/F01/F01_wainscot_marble_lobby
0	232,232,8	MeshInstance3D	21.4x1.2x13.5	mat=M_subway_tile_b@1.000,1.000,1.000	StreetIdShot/OrisonRoot/F01/F01_wainscot_subway_tile
0	248,232,8	MeshInstance3D	10.9x1.2x19.3	mat=M_wainscot_b@1.000,1.000,1.000	StreetIdShot/OrisonRoot/F01/F01_wainscot_wainscot
0	8,248,8	MeshInstance3D	27.3x3.0x19.3	mat=M_plaster_b@1.000,1.000,1.000	StreetIdShot/OrisonRoot/F01/F01_walls
0	24,248,8	MeshInstance3D	28.0x3.2x19.7	mat=M_common_brick_b@1.000,1.000,1.000	StreetIdShot/OrisonRoot/F01/F01_walls_cbrick
0	40,248,8	MeshInstance3D	2.3x3.0x2.3	mat=M_concrete_b@1.000,1.000,1.000	StreetIdShot/OrisonRoot/F01/F01_walls_conc
0	56,248,8	MeshInstance3D	27.3x3.2x0.5	mat=M_face_brick_b@1.000,1.000,1.000	StreetIdShot/OrisonRoot/F01/F01_walls_fbrick
0	72,248,8	MultiMeshInstance3D	22.6x0.1x16.7	instances=15;mesh=;mat=StandardMaterial3D@0.720,0.650,0.580;mat=StandardMaterial3D@0.780,0.700,0.520;mat=StandardMaterial3D@0.720,0.280,0.200	StreetIdShot/OrisonRoot/F01/F01_VantryPointBatch
0	88,248,8	MeshInstance3D	0.0x0.7x1.1	mat=StandardMaterial3D@1.000,1.000,1.000;mat=StandardMaterial3D@1.000,1.000,1.000	StreetIdShot/OrisonRoot/F01/LobbyMailBank/FixedBank/FixedNameCards
0	104,248,8	MeshInstance3D	0.1x1.4x1.4	mat=StandardMaterial3D@0.470,0.325,0.185;mat=StandardMaterial3D@0.470,0.325,0.185	StreetIdShot/OrisonRoot/F01/LobbyMailBank/FixedBank/@MeshInstance3D@205
0	120,248,8	MeshInstance3D	0.1x1.4x1.2	mat=StandardMaterial3D@0.720,0.720,0.720;mat=StandardMaterial3D@0.720,0.720,0.720	StreetIdShot/OrisonRoot/F01/LobbyMailBank/FixedBank/@MeshInstance3D@206
0	136,248,8	MeshInstance3D	0.0x0.1x1.2	mat=StandardMaterial3D@1.000,1.000,1.000;mat=StandardMaterial3D@1.000,1.000,1.000	StreetIdShot/OrisonRoot/F01/LobbyMailBank/FixedBank/@MeshInstance3D@207
0	152,248,8	MeshInstance3D	0.1x1.2x1.2	mat=StandardMaterial3D@1.000,1.000,1.000;mat=StandardMaterial3D@1.000,1.000,1.000	StreetIdShot/OrisonRoot/F01/LobbyMailBank/FixedBank/@MeshInstance3D@208
0	168,248,8	MeshInstance3D	0.0x0.7x1.0	mat=StandardMaterial3D@0.620,0.580,0.500;mat=StandardMaterial3D@0.620,0.580,0.500	StreetIdShot/OrisonRoot/F01/LobbyMailBank/FixedBank/@MeshInstance3D@209
0	184,248,8	MeshInstance3D	0.0x0.8x0.9	mat=StandardMaterial3D@0.045,0.038,0.030;mat=StandardMaterial3D@0.045,0.038,0.030	StreetIdShot/OrisonRoot/F01/LobbyMailBank/FixedBank/@MeshInstance3D@210
0	200,248,8	MeshInstance3D	0.0x0.0x0.2	mat=StandardMaterial3D@0.060,0.050,0.040;mat=StandardMaterial3D@0.060,0.050,0.040	StreetIdShot/OrisonRoot/F01/LobbyMailBank/FixedBank/@MeshInstance3D@211
0	216,248,8	MeshInstance3D	0.1x0.1x0.3	mat=StandardMaterial3D@0.090,0.075,0.055;mat=StandardMaterial3D@0.090,0.075,0.055	StreetIdShot/OrisonRoot/F01/LobbyMailBank/@MeshInstance3D@132
0	232,248,8	MeshInstance3D	0.0x0.1x0.3	mat=StandardMaterial3D@1.000,1.000,1.000;mat=StandardMaterial3D@1.000,1.000,1.000	StreetIdShot/OrisonRoot/F01/LobbyMailBank/@Node3D@136/@MeshInstance3D@137
0	248,248,8	MeshInstance3D	0.0x0.0x0.2	mat=StandardMaterial3D@0.720,0.720,0.720;mat=StandardMaterial3D@0.720,0.720,0.720	StreetIdShot/OrisonRoot/F01/LobbyMailBank/@Node3D@136/@MeshInstance3D@138
0	8,8,24	MeshInstance3D	0.0x0.0x0.1	mat=StandardMaterial3D@1.000,1.000,1.000;mat=StandardMaterial3D@1.000,1.000,1.000	StreetIdShot/OrisonRoot/F01/LobbyMailBank/@Node3D@136/@MeshInstance3D@139
0	24,8,24	MeshInstance3D	0.0x0.0x0.0	mat=StandardMaterial3D@0.620,0.580,0.500;mat=StandardMaterial3D@0.620,0.580,0.500	StreetIdShot/OrisonRoot/F01/LobbyMailBank/@Node3D@136/@MeshInstance3D@140
0	40,8,24	MeshInstance3D	0.2x0.0x0.3	mat=StandardMaterial3D@0.320,0.310,0.300;mat=StandardMaterial3D@0.320,0.310,0.300	StreetIdShot/OrisonRoot/F01/LobbyPostTray/@MeshInstance3D@218
0	56,8,24	MeshInstance3D	0.0x0.0x0.3	mat=StandardMaterial3D@0.320,0.310,0.300;mat=StandardMaterial3D@0.320,0.310,0.300	StreetIdShot/OrisonRoot/F01/LobbyPostTray/@MeshInstance3D@219
0	72,8,24	MeshInstance3D	0.0x0.0x0.3	mat=StandardMaterial3D@0.320,0.310,0.300;mat=StandardMaterial3D@0.320,0.310,0.300	StreetIdShot/OrisonRoot/F01/LobbyPostTray/@MeshInstance3D@220
0	88,8,24	MeshInstance3D	0.2x0.0x0.0	mat=StandardMaterial3D@0.320,0.310,0.300;mat=StandardMaterial3D@0.320,0.310,0.300	StreetIdShot/OrisonRoot/F01/LobbyPostTray/@MeshInstance3D@221
0	104,8,24	MeshInstance3D	0.2x0.0x0.3	mat=StandardMaterial3D@0.860,0.830,0.740;mat=StandardMaterial3D@0.860,0.830,0.740	StreetIdShot/OrisonRoot/F01/LobbyPostTray/@MeshInstance3D@222
0	120,8,24	MeshInstance3D	0.2x0.0x0.3	mat=StandardMaterial3D@0.800,0.780,0.720;mat=StandardMaterial3D@0.800,0.780,0.720	StreetIdShot/OrisonRoot/F01/LobbyPostTray/@MeshInstance3D@223
0	136,8,24	MeshInstance3D	0.2x0.0x0.3	mat=StandardMaterial3D@0.740,0.700,0.600;mat=StandardMaterial3D@0.740,0.700,0.600	StreetIdShot/OrisonRoot/F01/LobbyPostTray/@MeshInstance3D@224
0	152,8,24	MeshInstance3D	0.1x0.6x0.3	mat=StandardMaterial3D@0.260,0.150,0.090;mat=StandardMaterial3D@0.260,0.150,0.090	StreetIdShot/OrisonRoot/F01/LobbyPorterBoard/@MeshInstance3D@226
0	168,8,24	MeshInstance3D	0.0x0.5x0.2	mat=StandardMaterial3D@0.550,0.440,0.200;mat=StandardMaterial3D@0.550,0.440,0.200	StreetIdShot/OrisonRoot/F01/LobbyPorterBoard/@MeshInstance3D@227
0	184,8,24	MeshInstance3D	0.0x0.0x0.1	mat=StandardMaterial3D@0.300,0.260,0.160;mat=StandardMaterial3D@0.300,0.260,0.160	StreetIdShot/OrisonRoot/F01/LobbyPorterBoard/@MeshInstance3D@228
0	200,8,24	MeshInstance3D	0.0x0.0x0.1	mat=StandardMaterial3D@0.780,0.740,0.660;mat=StandardMaterial3D@0.780,0.740,0.660	StreetIdShot/OrisonRoot/F01/LobbyPorterBoard/@MeshInstance3D@229
0	216,8,24	MeshInstance3D	0.0x0.0x0.1	mat=StandardMaterial3D@0.300,0.260,0.160;mat=StandardMaterial3D@0.300,0.260,0.160	StreetIdShot/OrisonRoot/F01/LobbyPorterBoard/@MeshInstance3D@230
0	232,8,24	MeshInstance3D	0.0x0.0x0.1	mat=StandardMaterial3D@0.780,0.740,0.660;mat=StandardMaterial3D@0.780,0.740,0.660	StreetIdShot/OrisonRoot/F01/LobbyPorterBoard/@MeshInstance3D@231
0	248,8,24	MeshInstance3D	0.0x0.0x0.1	mat=StandardMaterial3D@0.950,0.720,0.340;mat=StandardMaterial3D@0.950,0.720,0.340	StreetIdShot/OrisonRoot/F01/LobbyPorterBoard/@MeshInstance3D@232
0	8,24,24	MeshInstance3D	0.0x0.0x0.1	mat=StandardMaterial3D@0.780,0.740,0.660;mat=StandardMaterial3D@0.780,0.740,0.660	StreetIdShot/OrisonRoot/F01/LobbyPorterBoard/@MeshInstance3D@233
0	24,24,24	MeshInstance3D	0.0x0.0x0.1	mat=StandardMaterial3D@0.300,0.260,0.160;mat=StandardMaterial3D@0.300,0.260,0.160	StreetIdShot/OrisonRoot/F01/LobbyPorterBoard/@MeshInstance3D@234
0	40,24,24	MeshInstance3D	0.0x0.0x0.1	mat=StandardMaterial3D@0.780,0.740,0.660;mat=StandardMaterial3D@0.780,0.740,0.660	StreetIdShot/OrisonRoot/F01/LobbyPorterBoard/@MeshInstance3D@235
0	56,24,24	MeshInstance3D	0.0x0.0x0.1	mat=StandardMaterial3D@0.300,0.260,0.160;mat=StandardMaterial3D@0.300,0.260,0.160	StreetIdShot/OrisonRoot/F01/LobbyPorterBoard/@MeshInstance3D@236
0	72,24,24	MeshInstance3D	0.0x0.0x0.1	mat=StandardMaterial3D@0.780,0.740,0.660;mat=StandardMaterial3D@0.780,0.740,0.660	StreetIdShot/OrisonRoot/F01/LobbyPorterBoard/@MeshInstance3D@237
0	88,24,24	MeshInstance3D	0.0x0.0x0.1	mat=StandardMaterial3D@0.300,0.260,0.160;mat=StandardMaterial3D@0.300,0.260,0.160	StreetIdShot/OrisonRoot/F01/LobbyPorterBoard/@MeshInstance3D@238
0	104,24,24	MeshInstance3D	0.0x0.0x0.1	mat=StandardMaterial3D@0.780,0.740,0.660;mat=StandardMaterial3D@0.780,0.740,0.660	StreetIdShot/OrisonRoot/F01/LobbyPorterBoard/@MeshInstance3D@239
0	120,24,24	MeshInstance3D	0.0x0.0x0.1	mat=StandardMaterial3D@0.300,0.260,0.160;mat=StandardMaterial3D@0.300,0.260,0.160	StreetIdShot/OrisonRoot/F01/LobbyPorterBoard/@MeshInstance3D@240
0	136,24,24	MeshInstance3D	0.0x0.0x0.1	mat=StandardMaterial3D@0.780,0.740,0.660;mat=StandardMaterial3D@0.780,0.740,0.660	StreetIdShot/OrisonRoot/F01/LobbyPorterBoard/@MeshInstance3D@241
0	152,24,24	MeshInstance3D	0.0x0.0x0.1	mat=StandardMaterial3D@0.300,0.260,0.160;mat=StandardMaterial3D@0.300,0.260,0.160	StreetIdShot/OrisonRoot/F01/LobbyPorterBoard/@MeshInstance3D@242
0	168,24,24	MeshInstance3D	0.0x0.0x0.1	mat=StandardMaterial3D@0.780,0.740,0.660;mat=StandardMaterial3D@0.780,0.740,0.660	StreetIdShot/OrisonRoot/F01/LobbyPorterBoard/@MeshInstance3D@243
0	184,24,24	MultiMeshInstance3D	19.5x2.9x2.0	instances=10;mesh=;mat=StandardMaterial3D@1.000,1.000,1.000	StreetIdShot/OrisonRoot/F01/@MultiMeshInstance3D@285
0	200,24,24	MultiMeshInstance3D	19.0x3.1x2.0	instances=6;mesh=;mat=StandardMaterial3D@1.000,1.000,1.000	StreetIdShot/OrisonRoot/F01/@MultiMeshInstance3D@286
0	216,24,24	MeshInstance3D	0.5x0.9x0.2	mat=StandardMaterial3D@0.035,0.040,0.045;mat=StandardMaterial3D@0.035,0.040,0.045	StreetIdShot/OrisonRoot/F01/TV_retail/@MeshInstance3D@722
0	232,24,24	MeshInstance3D	0.0x0.4x0.4	mat=ShaderMaterial;mat=ShaderMaterial	StreetIdShot/OrisonRoot/F01/Arcade_common_cab/Screen
0	248,24,24	MeshInstance3D	0.0x0.2x0.6	mat=StandardMaterial3D@0.227,0.416,0.345;mat=StandardMaterial3D@0.227,0.416,0.345	StreetIdShot/OrisonRoot/F01/Arcade_common_cab/@MeshInstance3D@977
0	8,40,24	MeshInstance3D	0.1x0.0x0.1	mat=StandardMaterial3D@0.120,0.110,0.100;mat=StandardMaterial3D@0.120,0.110,0.100	StreetIdShot/OrisonRoot/F01/Arcade_common_cab/@MeshInstance3D@981
0	24,40,24	MeshInstance3D	0.1x0.0x0.1	mat=StandardMaterial3D@0.740,0.680,0.420;mat=StandardMaterial3D@0.740,0.680,0.420	StreetIdShot/OrisonRoot/F01/Arcade_common_cab/@MeshInstance3D@982
0	40,40,24	MeshInstance3D	0.1x0.0x0.1	mat=StandardMaterial3D@0.120,0.110,0.100;mat=StandardMaterial3D@0.120,0.110,0.100	StreetIdShot/OrisonRoot/F01/Arcade_common_cab/@MeshInstance3D@983
0	56,40,24	MeshInstance3D	0.1x0.0x0.1	mat=StandardMaterial3D@0.780,0.700,0.400;mat=StandardMaterial3D@0.780,0.700,0.400	StreetIdShot/OrisonRoot/F01/Arcade_common_cab/@MeshInstance3D@984
0	72,40,24	MeshInstance3D	0.3x0.3x0.0	mat=ShaderMaterial;mat=ShaderMaterial	StreetIdShot/OrisonRoot/F01/Arcade_lobby_cab/Screen
0	88,40,24	MeshInstance3D	0.0x0.0x0.0	mat=StandardMaterial3D@0.100,0.080,0.070;mat=StandardMaterial3D@0.100,0.080,0.070	StreetIdShot/OrisonRoot/F01/Arcade_lobby_cab/@MeshInstance3D@987
0	104,40,24	MeshInstance3D	0.0x0.0x0.0	mat=StandardMaterial3D@0.100,0.080,0.070;mat=StandardMaterial3D@0.100,0.080,0.070	StreetIdShot/OrisonRoot/F01/Arcade_lobby_cab/@MeshInstance3D@988
0	120,40,24	MeshInstance3D	0.0x0.0x0.0	mat=StandardMaterial3D@0.100,0.080,0.070;mat=StandardMaterial3D@0.100,0.080,0.070	StreetIdShot/OrisonRoot/F01/Arcade_lobby_cab/@MeshInstance3D@989
0	136,40,24	MeshInstance3D	0.0x0.0x0.0	mat=StandardMaterial3D@0.100,0.080,0.070;mat=StandardMaterial3D@0.100,0.080,0.070	StreetIdShot/OrisonRoot/F01/Arcade_lobby_cab/@MeshInstance3D@990
0	152,40,24	MeshInstance3D	0.0x0.4x0.4	mat=ShaderMaterial;mat=ShaderMaterial	StreetIdShot/OrisonRoot/F01/Arcade_retail_bar_cab01/Screen
0	168,40,24	MeshInstance3D	0.0x0.1x0.6	mat=StandardMaterial3D@0.290,0.824,0.627;mat=StandardMaterial3D@0.290,0.824,0.627	StreetIdShot/OrisonRoot/F01/Arcade_retail_bar_cab01/@MeshInstance3D@992
0	184,40,24	MeshInstance3D	0.1x0.0x0.1	mat=StandardMaterial3D@0.800,0.740,0.500;mat=StandardMaterial3D@0.800,0.740,0.500	StreetIdShot/OrisonRoot/F01/Arcade_retail_bar_cab01/@MeshInstance3D@996
0	200,40,24	MeshInstance3D	0.0x0.0x0.0	mat=StandardMaterial3D@0.100,0.090,0.080;mat=StandardMaterial3D@0.100,0.090,0.080	StreetIdShot/OrisonRoot/F01/Arcade_retail_bar_cab01/@MeshInstance3D@997
0	216,40,24	MeshInstance3D	0.0x0.0x0.0	mat=StandardMaterial3D@0.100,0.090,0.080;mat=StandardMaterial3D@0.100,0.090,0.080	StreetIdShot/OrisonRoot/F01/Arcade_retail_bar_cab01/@MeshInstance3D@998
0	232,40,24	MeshInstance3D	0.0x0.0x0.0	mat=StandardMaterial3D@0.100,0.090,0.080;mat=StandardMaterial3D@0.100,0.090,0.080	StreetIdShot/OrisonRoot/F01/Arcade_retail_bar_cab01/@MeshInstance3D@999
0	248,40,24	MeshInstance3D	0.0x0.0x0.0	mat=StandardMaterial3D@0.100,0.090,0.080;mat=StandardMaterial3D@0.100,0.090,0.080	StreetIdShot/OrisonRoot/F01/Arcade_retail_bar_cab01/@MeshInstance3D@1000
0	8,56,24	MeshInstance3D	0.0x0.0x0.0	mat=StandardMaterial3D@0.100,0.090,0.080;mat=StandardMaterial3D@0.100,0.090,0.080	StreetIdShot/OrisonRoot/F01/Arcade_retail_bar_cab01/@MeshInstance3D@1001
0	24,56,24	MeshInstance3D	0.0x0.0x0.0	mat=StandardMaterial3D@0.100,0.090,0.080;mat=StandardMaterial3D@0.100,0.090,0.080	StreetIdShot/OrisonRoot/F01/Arcade_retail_bar_cab01/@MeshInstance3D@1002
0	40,56,24	MeshInstance3D	0.0x0.0x0.0	mat=StandardMaterial3D@0.100,0.090,0.080;mat=StandardMaterial3D@0.100,0.090,0.080	StreetIdShot/OrisonRoot/F01/Arcade_retail_bar_cab01/@MeshInstance3D@1003
0	56,56,24	MeshInstance3D	0.0x0.0x0.0	mat=StandardMaterial3D@0.100,0.090,0.080;mat=StandardMaterial3D@0.100,0.090,0.080	StreetIdShot/OrisonRoot/F01/Arcade_retail_bar_cab01/@MeshInstance3D@1004
0	72,56,24	MeshInstance3D	0.0x0.0x0.0	mat=StandardMaterial3D@0.100,0.090,0.080;mat=StandardMaterial3D@0.100,0.090,0.080	StreetIdShot/OrisonRoot/F01/Arcade_retail_bar_cab01/@MeshInstance3D@1005
0	88,56,24	MeshInstance3D	0.0x0.0x0.0	mat=StandardMaterial3D@0.100,0.090,0.080;mat=StandardMaterial3D@0.100,0.090,0.080	StreetIdShot/OrisonRoot/F01/Arcade_retail_bar_cab01/@MeshInstance3D@1006
0	104,56,24	MeshInstance3D	0.0x0.0x0.0	mat=StandardMaterial3D@0.100,0.090,0.080;mat=StandardMaterial3D@0.100,0.090,0.080	StreetIdShot/OrisonRoot/F01/Arcade_retail_bar_cab01/@MeshInstance3D@1007
0	120,56,24	MeshInstance3D	0.0x0.0x0.0	mat=StandardMaterial3D@0.100,0.090,0.080;mat=StandardMaterial3D@0.100,0.090,0.080	StreetIdShot/OrisonRoot/F01/Arcade_retail_bar_cab01/@MeshInstance3D@1008
0	136,56,24	MeshInstance3D	0.0x0.0x0.0	mat=StandardMaterial3D@0.090,0.070,0.060;mat=StandardMaterial3D@0.090,0.070,0.060	StreetIdShot/OrisonRoot/F01/Arcade_retail_bar_cab01/@MeshInstance3D@1009
0	152,56,24	MeshInstance3D	0.1x0.0x0.0	mat=StandardMaterial3D@0.760,0.680,0.380;mat=StandardMaterial3D@0.760,0.680,0.380	StreetIdShot/OrisonRoot/F01/Arcade_retail_bar_cab01/@MeshInstance3D@1010
0	168,56,24	MeshInstance3D	0.1x0.0x0.1	mat=StandardMaterial3D@0.680,0.600,0.360;mat=StandardMaterial3D@0.680,0.600,0.360	StreetIdShot/OrisonRoot/F01/Arcade_retail_bar_cab01/@MeshInstance3D@1011
0	184,56,24	MeshInstance3D	0.1x0.0x0.0	mat=StandardMaterial3D@0.100,0.090,0.080;mat=StandardMaterial3D@0.100,0.090,0.080	StreetIdShot/OrisonRoot/F01/Arcade_retail_bar_cab01/@MeshInstance3D@1012
0	200,56,24	MeshInstance3D	0.0x0.0x0.0	mat=StandardMaterial3D@0.090,0.080,0.070;mat=StandardMaterial3D@0.090,0.080,0.070	StreetIdShot/OrisonRoot/F01/Arcade_retail_bar_cab01/@MeshInstance3D@1013
0	216,56,24	MeshInstance3D	0.0x0.4x0.4	mat=ShaderMaterial;mat=ShaderMaterial	StreetIdShot/OrisonRoot/F01/Arcade_retail_bar_cab02/Screen
0	232,56,24	MeshInstance3D	0.0x0.2x0.6	mat=StandardMaterial3D@0.941,0.941,0.925;mat=StandardMaterial3D@0.941,0.941,0.925	StreetIdShot/OrisonRoot/F01/Arcade_retail_bar_cab02/@MeshInstance3D@1015
0	248,56,24	MeshInstance3D	0.1x0.0x0.1	mat=StandardMaterial3D@0.120,0.110,0.100;mat=StandardMaterial3D@0.120,0.110,0.100	StreetIdShot/OrisonRoot/F01/Arcade_retail_bar_cab02/@MeshInstance3D@1019
0	8,72,24	MeshInstance3D	0.1x0.0x0.1	mat=StandardMaterial3D@0.740,0.680,0.420;mat=StandardMaterial3D@0.740,0.680,0.420	StreetIdShot/OrisonRoot/F01/Arcade_retail_bar_cab02/@MeshInstance3D@1020
0	24,72,24	MeshInstance3D	0.1x0.0x0.1	mat=StandardMaterial3D@0.120,0.110,0.100;mat=StandardMaterial3D@0.120,0.110,0.100	StreetIdShot/OrisonRoot/F01/Arcade_retail_bar_cab02/@MeshInstance3D@1021
0	40,72,24	MeshInstance3D	0.1x0.0x0.1	mat=StandardMaterial3D@0.780,0.700,0.400;mat=StandardMaterial3D@0.780,0.700,0.400	StreetIdShot/OrisonRoot/F01/Arcade_retail_bar_cab02/@MeshInstance3D@1022
0	56,72,24	MeshInstance3D	0.4x0.4x0.0	mat=ShaderMaterial;mat=ShaderMaterial	StreetIdShot/OrisonRoot/F01/Arcade_storm_shopcab_model_laundry0/Screen
0	72,72,24	MeshInstance3D	0.6x0.1x0.0	mat=StandardMaterial3D@0.878,0.169,0.125;mat=StandardMaterial3D@0.878,0.169,0.125	StreetIdShot/OrisonRoot/F01/Arcade_storm_shopcab_model_laundry0/@MeshInstance3D@1024
0	88,72,24	MeshInstance3D	0.2x0.2x0.1	mat=StandardMaterial3D@0.090,0.090,0.100;mat=StandardMaterial3D@0.090,0.090,0.100	StreetIdShot/OrisonRoot/F01/Arcade_storm_shopcab_model_laundry0/@MeshInstance3D@1028
0	104,72,24	MeshInstance3D	0.0x0.1x0.1	mat=StandardMaterial3D@0.300,0.310,0.330;mat=StandardMaterial3D@0.300,0.310,0.330	StreetIdShot/OrisonRoot/F01/Arcade_storm_shopcab_model_laundry0/@MeshInstance3D@1029
0	120,72,24	MeshInstance3D	0.4x0.4x0.0	mat=ShaderMaterial;mat=ShaderMaterial	StreetIdShot/OrisonRoot/F01/Arcade_storm_shopcab_photo_supplies0/Screen
0	136,72,24	MeshInstance3D	0.6x0.1x0.0	mat=StandardMaterial3D@0.831,0.627,0.220;mat=StandardMaterial3D@0.831,0.627,0.220	StreetIdShot/OrisonRoot/F01/Arcade_storm_shopcab_photo_supplies0/@MeshInstance3D@1031
0	152,72,24	MeshInstance3D	0.1x0.0x0.1	mat=StandardMaterial3D@0.800,0.740,0.500;mat=StandardMaterial3D@0.800,0.740,0.500	StreetIdShot/OrisonRoot/F01/Arcade_storm_shopcab_photo_supplies0/@MeshInstance3D@1035
0	168,72,24	MeshInstance3D	0.0x0.0x0.0	mat=StandardMaterial3D@0.100,0.090,0.080;mat=StandardMaterial3D@0.100,0.090,0.080	StreetIdShot/OrisonRoot/F01/Arcade_storm_shopcab_photo_supplies0/@MeshInstance3D@1036
0	184,72,24	MeshInstance3D	0.0x0.0x0.0	mat=StandardMaterial3D@0.100,0.090,0.080;mat=StandardMaterial3D@0.100,0.090,0.080	StreetIdShot/OrisonRoot/F01/Arcade_storm_shopcab_photo_supplies0/@MeshInstance3D@1037
0	200,72,24	MeshInstance3D	0.0x0.0x0.0	mat=StandardMaterial3D@0.100,0.090,0.080;mat=StandardMaterial3D@0.100,0.090,0.080	StreetIdShot/OrisonRoot/F01/Arcade_storm_shopcab_photo_supplies0/@MeshInstance3D@1038
0	216,72,24	MeshInstance3D	0.0x0.0x0.0	mat=StandardMaterial3D@0.100,0.090,0.080;mat=StandardMaterial3D@0.100,0.090,0.080	StreetIdShot/OrisonRoot/F01/Arcade_storm_shopcab_photo_supplies0/@MeshInstance3D@1039
0	232,72,24	MeshInstance3D	0.0x0.0x0.0	mat=StandardMaterial3D@0.100,0.090,0.080;mat=StandardMaterial3D@0.100,0.090,0.080	StreetIdShot/OrisonRoot/F01/Arcade_storm_shopcab_photo_supplies0/@MeshInstance3D@1040
0	248,72,24	MeshInstance3D	0.0x0.0x0.0	mat=StandardMaterial3D@0.100,0.090,0.080;mat=StandardMaterial3D@0.100,0.090,0.080	StreetIdShot/OrisonRoot/F01/Arcade_storm_shopcab_photo_supplies0/@MeshInstance3D@1041
0	8,88,24	MeshInstance3D	0.0x0.0x0.0	mat=StandardMaterial3D@0.100,0.090,0.080;mat=StandardMaterial3D@0.100,0.090,0.080	StreetIdShot/OrisonRoot/F01/Arcade_storm_shopcab_photo_supplies0/@MeshInstance3D@1042
0	24,88,24	MeshInstance3D	0.0x0.0x0.0	mat=StandardMaterial3D@0.100,0.090,0.080;mat=StandardMaterial3D@0.100,0.090,0.080	StreetIdShot/OrisonRoot/F01/Arcade_storm_shopcab_photo_supplies0/@MeshInstance3D@1043
0	40,88,24	MeshInstance3D	0.0x0.0x0.0	mat=StandardMaterial3D@0.100,0.090,0.080;mat=StandardMaterial3D@0.100,0.090,0.080	StreetIdShot/OrisonRoot/F01/Arcade_storm_shopcab_photo_supplies0/@MeshInstance3D@1044
0	56,88,24	MeshInstance3D	0.0x0.0x0.0	mat=StandardMaterial3D@0.100,0.090,0.080;mat=StandardMaterial3D@0.100,0.090,0.080	StreetIdShot/OrisonRoot/F01/Arcade_storm_shopcab_photo_supplies0/@MeshInstance3D@1045
0	72,88,24	MeshInstance3D	0.0x0.0x0.0	mat=StandardMaterial3D@0.100,0.090,0.080;mat=StandardMaterial3D@0.100,0.090,0.080	StreetIdShot/OrisonRoot/F01/Arcade_storm_shopcab_photo_supplies0/@MeshInstance3D@1046
0	88,88,24	MeshInstance3D	0.0x0.0x0.0	mat=StandardMaterial3D@0.100,0.090,0.080;mat=StandardMaterial3D@0.100,0.090,0.080	StreetIdShot/OrisonRoot/F01/Arcade_storm_shopcab_photo_supplies0/@MeshInstance3D@1047
0	104,88,24	MeshInstance3D	0.0x0.0x0.0	mat=StandardMaterial3D@0.090,0.070,0.060;mat=StandardMaterial3D@0.090,0.070,0.060	StreetIdShot/OrisonRoot/F01/Arcade_storm_shopcab_photo_supplies0/@MeshInstance3D@1048
0	120,88,24	MeshInstance3D	0.0x0.0x0.1	mat=StandardMaterial3D@0.760,0.680,0.380;mat=StandardMaterial3D@0.760,0.680,0.380	StreetIdShot/OrisonRoot/F01/Arcade_storm_shopcab_photo_supplies0/@MeshInstance3D@1049
0	136,88,24	MeshInstance3D	0.1x0.0x0.1	mat=StandardMaterial3D@0.680,0.600,0.360;mat=StandardMaterial3D@0.680,0.600,0.360	StreetIdShot/OrisonRoot/F01/Arcade_storm_shopcab_photo_supplies0/@MeshInstance3D@1050
0	152,88,24	MeshInstance3D	0.0x0.0x0.1	mat=StandardMaterial3D@0.100,0.090,0.080;mat=StandardMaterial3D@0.100,0.090,0.080	StreetIdShot/OrisonRoot/F01/Arcade_storm_shopcab_photo_supplies0/@MeshInstance3D@1051
0	168,88,24	MeshInstance3D	0.0x0.0x0.0	mat=StandardMaterial3D@0.090,0.080,0.070;mat=StandardMaterial3D@0.090,0.080,0.070	StreetIdShot/OrisonRoot/F01/Arcade_storm_shopcab_photo_supplies0/@MeshInstance3D@1052
0	184,88,24	MeshInstance3D	0.0x0.4x0.4	mat=ShaderMaterial;mat=ShaderMaterial	StreetIdShot/OrisonRoot/F01/Arcade_storm_shopcab_radio_service0/Screen
0	200,88,24	MeshInstance3D	0.0x0.1x0.6	mat=StandardMaterial3D@0.243,1.000,0.784;mat=StandardMaterial3D@0.243,1.000,0.784	StreetIdShot/OrisonRoot/F01/Arcade_storm_shopcab_radio_service0/@MeshInstance3D@1054
0	216,88,24	MeshInstance3D	0.1x0.0x0.1	mat=StandardMaterial3D@0.800,0.740,0.500;mat=StandardMaterial3D@0.800,0.740,0.500	StreetIdShot/OrisonRoot/F01/Arcade_storm_shopcab_radio_service0/@MeshInstance3D@1058
0	232,88,24	MeshInstance3D	0.0x0.0x0.0	mat=StandardMaterial3D@0.100,0.090,0.080;mat=StandardMaterial3D@0.100,0.090,0.080	StreetIdShot/OrisonRoot/F01/Arcade_storm_shopcab_radio_service0/@MeshInstance3D@1059
0	248,88,24	MeshInstance3D	0.0x0.0x0.0	mat=StandardMaterial3D@0.100,0.090,0.080;mat=StandardMaterial3D@0.100,0.090,0.080	StreetIdShot/OrisonRoot/F01/Arcade_storm_shopcab_radio_service0/@MeshInstance3D@1060
0	8,104,24	MeshInstance3D	0.0x0.0x0.0	mat=StandardMaterial3D@0.100,0.090,0.080;mat=StandardMaterial3D@0.100,0.090,0.080	StreetIdShot/OrisonRoot/F01/Arcade_storm_shopcab_radio_service0/@MeshInstance3D@1061
0	24,104,24	MeshInstance3D	0.0x0.0x0.0	mat=StandardMaterial3D@0.100,0.090,0.080;mat=StandardMaterial3D@0.100,0.090,0.080	StreetIdShot/OrisonRoot/F01/Arcade_storm_shopcab_radio_service0/@MeshInstance3D@1062
0	40,104,24	MeshInstance3D	0.0x0.0x0.0	mat=StandardMaterial3D@0.100,0.090,0.080;mat=StandardMaterial3D@0.100,0.090,0.080	StreetIdShot/OrisonRoot/F01/Arcade_storm_shopcab_radio_service0/@MeshInstance3D@1063
0	56,104,24	MeshInstance3D	0.0x0.0x0.0	mat=StandardMaterial3D@0.100,0.090,0.080;mat=StandardMaterial3D@0.100,0.090,0.080	StreetIdShot/OrisonRoot/F01/Arcade_storm_shopcab_radio_service0/@MeshInstance3D@1064
0	72,104,24	MeshInstance3D	0.0x0.0x0.0	mat=StandardMaterial3D@0.100,0.090,0.080;mat=StandardMaterial3D@0.100,0.090,0.080	StreetIdShot/OrisonRoot/F01/Arcade_storm_shopcab_radio_service0/@MeshInstance3D@1065
0	88,104,24	MeshInstance3D	0.0x0.0x0.0	mat=StandardMaterial3D@0.100,0.090,0.080;mat=StandardMaterial3D@0.100,0.090,0.080	StreetIdShot/OrisonRoot/F01/Arcade_storm_shopcab_radio_service0/@MeshInstance3D@1066
0	104,104,24	MeshInstance3D	0.0x0.0x0.0	mat=StandardMaterial3D@0.100,0.090,0.080;mat=StandardMaterial3D@0.100,0.090,0.080	StreetIdShot/OrisonRoot/F01/Arcade_storm_shopcab_radio_service0/@MeshInstance3D@1067
0	120,104,24	MeshInstance3D	0.0x0.0x0.0	mat=StandardMaterial3D@0.100,0.090,0.080;mat=StandardMaterial3D@0.100,0.090,0.080	StreetIdShot/OrisonRoot/F01/Arcade_storm_shopcab_radio_service0/@MeshInstance3D@1068
0	136,104,24	MeshInstance3D	0.0x0.0x0.0	mat=StandardMaterial3D@0.100,0.090,0.080;mat=StandardMaterial3D@0.100,0.090,0.080	StreetIdShot/OrisonRoot/F01/Arcade_storm_shopcab_radio_service0/@MeshInstance3D@1069
0	152,104,24	MeshInstance3D	0.0x0.0x0.0	mat=StandardMaterial3D@0.100,0.090,0.080;mat=StandardMaterial3D@0.100,0.090,0.080	StreetIdShot/OrisonRoot/F01/Arcade_storm_shopcab_radio_service0/@MeshInstance3D@1070
0	168,104,24	MeshInstance3D	0.0x0.0x0.0	mat=StandardMaterial3D@0.090,0.070,0.060;mat=StandardMaterial3D@0.090,0.070,0.060	StreetIdShot/OrisonRoot/F01/Arcade_storm_shopcab_radio_service0/@MeshInstance3D@1071
0	184,104,24	MeshInstance3D	0.0x0.0x0.0	mat=StandardMaterial3D@0.760,0.680,0.380;mat=StandardMaterial3D@0.760,0.680,0.380	StreetIdShot/OrisonRoot/F01/Arcade_storm_shopcab_radio_service0/@MeshInstance3D@1072
0	200,104,24	MeshInstance3D	0.1x0.0x0.1	mat=StandardMaterial3D@0.800,0.740,0.500;mat=StandardMaterial3D@0.800,0.740,0.500	StreetIdShot/OrisonRoot/F01/Arcade_storm_shopcab_radio_service0/@MeshInstance3D@1073
0	216,104,24	MeshInstance3D	0.0x0.0x0.0	mat=StandardMaterial3D@0.100,0.090,0.080;mat=StandardMaterial3D@0.100,0.090,0.080	StreetIdShot/OrisonRoot/F01/Arcade_storm_shopcab_radio_service0/@MeshInstance3D@1074
0	232,104,24	MeshInstance3D	0.0x0.0x0.0	mat=StandardMaterial3D@0.100,0.090,0.080;mat=StandardMaterial3D@0.100,0.090,0.080	StreetIdShot/OrisonRoot/F01/Arcade_storm_shopcab_radio_service0/@MeshInstance3D@1075
0	248,104,24	MeshInstance3D	0.0x0.0x0.0	mat=StandardMaterial3D@0.100,0.090,0.080;mat=StandardMaterial3D@0.100,0.090,0.080	StreetIdShot/OrisonRoot/F01/Arcade_storm_shopcab_radio_service0/@MeshInstance3D@1076
0	8,120,24	MeshInstance3D	0.0x0.0x0.0	mat=StandardMaterial3D@0.100,0.090,0.080;mat=StandardMaterial3D@0.100,0.090,0.080	StreetIdShot/OrisonRoot/F01/Arcade_storm_shopcab_radio_service0/@MeshInstance3D@1077
0	24,120,24	MeshInstance3D	0.0x0.0x0.0	mat=StandardMaterial3D@0.100,0.090,0.080;mat=StandardMaterial3D@0.100,0.090,0.080	StreetIdShot/OrisonRoot/F01/Arcade_storm_shopcab_radio_service0/@MeshInstance3D@1078
0	40,120,24	MeshInstance3D	0.0x0.0x0.0	mat=StandardMaterial3D@0.100,0.090,0.080;mat=StandardMaterial3D@0.100,0.090,0.080	StreetIdShot/OrisonRoot/F01/Arcade_storm_shopcab_radio_service0/@MeshInstance3D@1079
0	56,120,24	MeshInstance3D	0.0x0.0x0.0	mat=StandardMaterial3D@0.100,0.090,0.080;mat=StandardMaterial3D@0.100,0.090,0.080	StreetIdShot/OrisonRoot/F01/Arcade_storm_shopcab_radio_service0/@MeshInstance3D@1080
0	72,120,24	MeshInstance3D	0.0x0.0x0.0	mat=StandardMaterial3D@0.100,0.090,0.080;mat=StandardMaterial3D@0.100,0.090,0.080	StreetIdShot/OrisonRoot/F01/Arcade_storm_shopcab_radio_service0/@MeshInstance3D@1081
0	88,120,24	MeshInstance3D	0.0x0.0x0.0	mat=StandardMaterial3D@0.100,0.090,0.080;mat=StandardMaterial3D@0.100,0.090,0.080	StreetIdShot/OrisonRoot/F01/Arcade_storm_shopcab_radio_service0/@MeshInstance3D@1082
0	104,120,24	MeshInstance3D	0.0x0.0x0.0	mat=StandardMaterial3D@0.100,0.090,0.080;mat=StandardMaterial3D@0.100,0.090,0.080	StreetIdShot/OrisonRoot/F01/Arcade_storm_shopcab_radio_service0/@MeshInstance3D@1083
0	120,120,24	MeshInstance3D	0.0x0.0x0.0	mat=StandardMaterial3D@0.100,0.090,0.080;mat=StandardMaterial3D@0.100,0.090,0.080	StreetIdShot/OrisonRoot/F01/Arcade_storm_shopcab_radio_service0/@MeshInstance3D@1084
0	136,120,24	MeshInstance3D	0.0x0.0x0.0	mat=StandardMaterial3D@0.100,0.090,0.080;mat=StandardMaterial3D@0.100,0.090,0.080	StreetIdShot/OrisonRoot/F01/Arcade_storm_shopcab_radio_service0/@MeshInstance3D@1085
0	152,120,24	MeshInstance3D	0.0x0.0x0.0	mat=StandardMaterial3D@0.090,0.070,0.060;mat=StandardMaterial3D@0.090,0.070,0.060	StreetIdShot/OrisonRoot/F01/Arcade_storm_shopcab_radio_service0/@MeshInstance3D@1086
0	168,120,24	MeshInstance3D	0.0x0.0x0.0	mat=StandardMaterial3D@0.760,0.680,0.380;mat=StandardMaterial3D@0.760,0.680,0.380	StreetIdShot/OrisonRoot/F01/Arcade_storm_shopcab_radio_service0/@MeshInstance3D@1087
0	184,120,24	MeshInstance3D	0.4x0.4x0.0	mat=ShaderMaterial;mat=ShaderMaterial	StreetIdShot/OrisonRoot/F01/Arcade_storm_shopcab_pawnbroker0/Screen
0	200,120,24	MeshInstance3D	0.6x0.2x0.0	mat=StandardMaterial3D@0.478,0.125,0.094;mat=StandardMaterial3D@0.478,0.125,0.094	StreetIdShot/OrisonRoot/F01/Arcade_storm_shopcab_pawnbroker0/@MeshInstance3D@1089
0	216,120,24	MeshInstance3D	0.1x0.0x0.1	mat=StandardMaterial3D@0.800,0.740,0.500;mat=StandardMaterial3D@0.800,0.740,0.500	StreetIdShot/OrisonRoot/F01/Arcade_storm_shopcab_pawnbroker0/@MeshInstance3D@1093
0	232,120,24	MeshInstance3D	0.0x0.0x0.0	mat=StandardMaterial3D@0.100,0.090,0.080;mat=StandardMaterial3D@0.100,0.090,0.080	StreetIdShot/OrisonRoot/F01/Arcade_storm_shopcab_pawnbroker0/@MeshInstance3D@1094
0	248,120,24	MeshInstance3D	0.0x0.0x0.0	mat=StandardMaterial3D@0.100,0.090,0.080;mat=StandardMaterial3D@0.100,0.090,0.080	StreetIdShot/OrisonRoot/F01/Arcade_storm_shopcab_pawnbroker0/@MeshInstance3D@1095
0	8,136,24	MeshInstance3D	0.0x0.0x0.0	mat=StandardMaterial3D@0.100,0.090,0.080;mat=StandardMaterial3D@0.100,0.090,0.080	StreetIdShot/OrisonRoot/F01/Arcade_storm_shopcab_pawnbroker0/@MeshInstance3D@1096
0	24,136,24	MeshInstance3D	0.0x0.0x0.0	mat=StandardMaterial3D@0.100,0.090,0.080;mat=StandardMaterial3D@0.100,0.090,0.080	StreetIdShot/OrisonRoot/F01/Arcade_storm_shopcab_pawnbroker0/@MeshInstance3D@1097
0	40,136,24	MeshInstance3D	0.0x0.0x0.0	mat=StandardMaterial3D@0.100,0.090,0.080;mat=StandardMaterial3D@0.100,0.090,0.080	StreetIdShot/OrisonRoot/F01/Arcade_storm_shopcab_pawnbroker0/@MeshInstance3D@1098
0	56,136,24	MeshInstance3D	0.0x0.0x0.0	mat=StandardMaterial3D@0.100,0.090,0.080;mat=StandardMaterial3D@0.100,0.090,0.080	StreetIdShot/OrisonRoot/F01/Arcade_storm_shopcab_pawnbroker0/@MeshInstance3D@1099
0	72,136,24	MeshInstance3D	0.0x0.0x0.0	mat=StandardMaterial3D@0.100,0.090,0.080;mat=StandardMaterial3D@0.100,0.090,0.080	StreetIdShot/OrisonRoot/F01/Arcade_storm_shopcab_pawnbroker0/@MeshInstance3D@1100
0	88,136,24	MeshInstance3D	0.0x0.0x0.0	mat=StandardMaterial3D@0.100,0.090,0.080;mat=StandardMaterial3D@0.100,0.090,0.080	StreetIdShot/OrisonRoot/F01/Arcade_storm_shopcab_pawnbroker0/@MeshInstance3D@1101
0	104,136,24	MeshInstance3D	0.0x0.0x0.0	mat=StandardMaterial3D@0.100,0.090,0.080;mat=StandardMaterial3D@0.100,0.090,0.080	StreetIdShot/OrisonRoot/F01/Arcade_storm_shopcab_pawnbroker0/@MeshInstance3D@1102
0	120,136,24	MeshInstance3D	0.0x0.0x0.0	mat=StandardMaterial3D@0.100,0.090,0.080;mat=StandardMaterial3D@0.100,0.090,0.080	StreetIdShot/OrisonRoot/F01/Arcade_storm_shopcab_pawnbroker0/@MeshInstance3D@1103
0	136,136,24	MeshInstance3D	0.0x0.0x0.0	mat=StandardMaterial3D@0.100,0.090,0.080;mat=StandardMaterial3D@0.100,0.090,0.080	StreetIdShot/OrisonRoot/F01/Arcade_storm_shopcab_pawnbroker0/@MeshInstance3D@1104
0	152,136,24	MeshInstance3D	0.0x0.0x0.0	mat=StandardMaterial3D@0.100,0.090,0.080;mat=StandardMaterial3D@0.100,0.090,0.080	StreetIdShot/OrisonRoot/F01/Arcade_storm_shopcab_pawnbroker0/@MeshInstance3D@1105
0	168,136,24	MeshInstance3D	0.0x0.0x0.0	mat=StandardMaterial3D@0.090,0.070,0.060;mat=StandardMaterial3D@0.090,0.070,0.060	StreetIdShot/OrisonRoot/F01/Arcade_storm_shopcab_pawnbroker0/@MeshInstance3D@1106
0	184,136,24	MeshInstance3D	0.0x0.0x0.1	mat=StandardMaterial3D@0.760,0.680,0.380;mat=StandardMaterial3D@0.760,0.680,0.380	StreetIdShot/OrisonRoot/F01/Arcade_storm_shopcab_pawnbroker0/@MeshInstance3D@1107
0	200,136,24	MeshInstance3D	0.0x0.4x0.4	mat=ShaderMaterial;mat=ShaderMaterial	StreetIdShot/OrisonRoot/F01/Arcade_storm_shopcab_news_cigars0/Screen
0	216,136,24	MeshInstance3D	0.0x0.1x0.6	mat=StandardMaterial3D@0.941,0.941,0.925;mat=StandardMaterial3D@0.941,0.941,0.925	StreetIdShot/OrisonRoot/F01/Arcade_storm_shopcab_news_cigars0/@MeshInstance3D@1109
0	232,136,24	MeshInstance3D	0.1x0.0x0.1	mat=StandardMaterial3D@0.120,0.110,0.100;mat=StandardMaterial3D@0.120,0.110,0.100	StreetIdShot/OrisonRoot/F01/Arcade_storm_shopcab_news_cigars0/@MeshInstance3D@1113
0	248,136,24	MeshInstance3D	0.1x0.0x0.1	mat=StandardMaterial3D@0.740,0.680,0.420;mat=StandardMaterial3D@0.740,0.680,0.420	StreetIdShot/OrisonRoot/F01/Arcade_storm_shopcab_news_cigars0/@MeshInstance3D@1114
0	8,152,24	MeshInstance3D	0.1x0.0x0.1	mat=StandardMaterial3D@0.120,0.110,0.100;mat=StandardMaterial3D@0.120,0.110,0.100	StreetIdShot/OrisonRoot/F01/Arcade_storm_shopcab_news_cigars0/@MeshInstance3D@1115
0	24,152,24	MeshInstance3D	0.1x0.0x0.1	mat=StandardMaterial3D@0.780,0.700,0.400;mat=StandardMaterial3D@0.780,0.700,0.400	StreetIdShot/OrisonRoot/F01/Arcade_storm_shopcab_news_cigars0/@MeshInstance3D@1116
0	40,152,24	MeshInstance3D	0.4x0.4x0.0	mat=ShaderMaterial;mat=ShaderMaterial	StreetIdShot/OrisonRoot/F01/Arcade_storm_shopcab_luncheonette0/Screen
0	56,152,24	MeshInstance3D	0.6x0.2x0.0	mat=StandardMaterial3D@0.227,0.416,0.345;mat=StandardMaterial3D@0.227,0.416,0.345	StreetIdShot/OrisonRoot/F01/Arcade_storm_shopcab_luncheonette0/@MeshInstance3D@1118
0	72,152,24	MeshInstance3D	0.1x0.0x0.1	mat=StandardMaterial3D@0.120,0.110,0.100;mat=StandardMaterial3D@0.120,0.110,0.100	StreetIdShot/OrisonRoot/F01/Arcade_storm_shopcab_luncheonette0/@MeshInstance3D@1122
0	88,152,24	MeshInstance3D	0.1x0.0x0.1	mat=StandardMaterial3D@0.740,0.680,0.420;mat=StandardMaterial3D@0.740,0.680,0.420	StreetIdShot/OrisonRoot/F01/Arcade_storm_shopcab_luncheonette0/@MeshInstance3D@1123
0	104,152,24	MeshInstance3D	0.1x0.0x0.1	mat=StandardMaterial3D@0.120,0.110,0.100;mat=StandardMaterial3D@0.120,0.110,0.100	StreetIdShot/OrisonRoot/F01/Arcade_storm_shopcab_luncheonette0/@MeshInstance3D@1124
0	120,152,24	MeshInstance3D	0.1x0.0x0.1	mat=StandardMaterial3D@0.780,0.700,0.400;mat=StandardMaterial3D@0.780,0.700,0.400	StreetIdShot/OrisonRoot/F01/Arcade_storm_shopcab_luncheonette0/@MeshInstance3D@1125
0	136,152,24	MeshInstance3D	0.3x0.3x0.0	mat=ShaderMaterial;mat=ShaderMaterial	StreetIdShot/OrisonRoot/F01/Arcade_storm_shopcab_luncheonette1/Screen
0	152,152,24	MeshInstance3D	0.1x0.0x0.1	mat=StandardMaterial3D@0.800,0.740,0.500;mat=StandardMaterial3D@0.800,0.740,0.500	StreetIdShot/OrisonRoot/F01/Arcade_storm_shopcab_luncheonette1/@MeshInstance3D@1128
0	168,152,24	MeshInstance3D	0.0x0.0x0.0	mat=StandardMaterial3D@0.100,0.090,0.080;mat=StandardMaterial3D@0.100,0.090,0.080	StreetIdShot/OrisonRoot/F01/Arcade_storm_shopcab_luncheonette1/@MeshInstance3D@1129
0	184,152,24	MeshInstance3D	0.0x0.0x0.0	mat=StandardMaterial3D@0.100,0.090,0.080;mat=StandardMaterial3D@0.100,0.090,0.080	StreetIdShot/OrisonRoot/F01/Arcade_storm_shopcab_luncheonette1/@MeshInstance3D@1130
0	200,152,24	MeshInstance3D	0.0x0.0x0.0	mat=StandardMaterial3D@0.100,0.090,0.080;mat=StandardMaterial3D@0.100,0.090,0.080	StreetIdShot/OrisonRoot/F01/Arcade_storm_shopcab_luncheonette1/@MeshInstance3D@1131
0	216,152,24	MeshInstance3D	0.0x0.0x0.0	mat=StandardMaterial3D@0.100,0.090,0.080;mat=StandardMaterial3D@0.100,0.090,0.080	StreetIdShot/OrisonRoot/F01/Arcade_storm_shopcab_luncheonette1/@MeshInstance3D@1132
0	232,152,24	MeshInstance3D	0.0x0.0x0.0	mat=StandardMaterial3D@0.100,0.090,0.080;mat=StandardMaterial3D@0.100,0.090,0.080	StreetIdShot/OrisonRoot/F01/Arcade_storm_shopcab_luncheonette1/@MeshInstance3D@1133
0	248,152,24	MeshInstance3D	0.0x0.0x0.0	mat=StandardMaterial3D@0.100,0.090,0.080;mat=StandardMaterial3D@0.100,0.090,0.080	StreetIdShot/OrisonRoot/F01/Arcade_storm_shopcab_luncheonette1/@MeshInstance3D@1134
0	8,168,24	MeshInstance3D	0.0x0.0x0.0	mat=StandardMaterial3D@0.100,0.090,0.080;mat=StandardMaterial3D@0.100,0.090,0.080	StreetIdShot/OrisonRoot/F01/Arcade_storm_shopcab_luncheonette1/@MeshInstance3D@1135
0	24,168,24	MeshInstance3D	0.0x0.0x0.0	mat=StandardMaterial3D@0.100,0.090,0.080;mat=StandardMaterial3D@0.100,0.090,0.080	StreetIdShot/OrisonRoot/F01/Arcade_storm_shopcab_luncheonette1/@MeshInstance3D@1136
0	40,168,24	MeshInstance3D	0.0x0.0x0.0	mat=StandardMaterial3D@0.100,0.090,0.080;mat=StandardMaterial3D@0.100,0.090,0.080	StreetIdShot/OrisonRoot/F01/Arcade_storm_shopcab_luncheonette1/@MeshInstance3D@1137
0	56,168,24	MeshInstance3D	0.0x0.0x0.0	mat=StandardMaterial3D@0.100,0.090,0.080;mat=StandardMaterial3D@0.100,0.090,0.080	StreetIdShot/OrisonRoot/F01/Arcade_storm_shopcab_luncheonette1/@MeshInstance3D@1138
0	72,168,24	MeshInstance3D	0.0x0.0x0.0	mat=StandardMaterial3D@0.100,0.090,0.080;mat=StandardMaterial3D@0.100,0.090,0.080	StreetIdShot/OrisonRoot/F01/Arcade_storm_shopcab_luncheonette1/@MeshInstance3D@1139
0	88,168,24	MeshInstance3D	0.0x0.0x0.0	mat=StandardMaterial3D@0.100,0.090,0.080;mat=StandardMaterial3D@0.100,0.090,0.080	StreetIdShot/OrisonRoot/F01/Arcade_storm_shopcab_luncheonette1/@MeshInstance3D@1140
0	104,168,24	MeshInstance3D	0.0x0.0x0.0	mat=StandardMaterial3D@0.090,0.070,0.060;mat=StandardMaterial3D@0.090,0.070,0.060	StreetIdShot/OrisonRoot/F01/Arcade_storm_shopcab_luncheonette1/@MeshInstance3D@1141
0	120,168,24	MeshInstance3D	0.0x0.0x0.1	mat=StandardMaterial3D@0.760,0.680,0.380;mat=StandardMaterial3D@0.760,0.680,0.380	StreetIdShot/OrisonRoot/F01/Arcade_storm_shopcab_luncheonette1/@MeshInstance3D@1142
0	136,168,24	MultiMeshInstance3D	40.3x2.4x18.9	instances=4;mesh=;mat=ShaderMaterial	StreetIdShot/OrisonRoot/F01/StreetEndHoardingFaces
0	152,168,24	MultiMeshInstance3D	41.0x0.3x14.3	instances=4;mesh=;mat=StandardMaterial3D@1.000,0.320,0.055	StreetIdShot/OrisonRoot/F01/StreetEndWorkBeacons
0	168,168,24	MultiMeshInstance3D	203.6x12.1x151.1	instances=137;mesh=;mat=StandardMaterial3D@1.000,1.000,1.000	StreetIdShot/OrisonRoot/F01/@MultiMeshInstance3D@22782
0	184,168,24	MultiMeshInstance3D	184.7x12.2x134.3	instances=52;mesh=;mat=StandardMaterial3D@1.000,1.000,1.000	StreetIdShot/OrisonRoot/F01/@MultiMeshInstance3D@22783
0	200,168,24	MeshInstance3D	0.0x0.0x0.0	mat=Material_1@1.000,1.000,1.000	StreetIdShot/OrisonRoot/F01/NPC_evelyn_marsh/RiggedCharacter/Armature/Skeleton3D/char1
0	216,168,24	MeshInstance3D	0.0x0.0x0.0	mat=Material_1@1.000,1.000,1.000	StreetIdShot/OrisonRoot/F01/NPC_teresa_vale/RiggedCharacter/Armature/Skeleton3D/char1
0	232,168,24	MeshInstance3D	0.3x0.0x0.2	mat=StandardMaterial3D@0.270,0.290,0.330;mat=StandardMaterial3D@0.270,0.290,0.330	StreetIdShot/OrisonRoot/F01/AffectedProp_evelyn_graded_stack/@MeshInstance3D@23630
0	248,168,24	MeshInstance3D	0.3x0.0x0.2	mat=StandardMaterial3D@0.270,0.290,0.330;mat=StandardMaterial3D@0.270,0.290,0.330	StreetIdShot/OrisonRoot/F01/AffectedProp_evelyn_graded_stack/@MeshInstance3D@23631
0	8,184,24	MeshInstance3D	0.3x0.0x0.2	mat=StandardMaterial3D@0.270,0.290,0.330;mat=StandardMaterial3D@0.270,0.290,0.330	StreetIdShot/OrisonRoot/F01/AffectedProp_evelyn_graded_stack/@MeshInstance3D@23632
0	24,184,24	MeshInstance3D	0.3x0.0x0.0	mat=StandardMaterial3D@0.420,0.380,0.240;mat=StandardMaterial3D@0.420,0.380,0.240	StreetIdShot/OrisonRoot/F01/AffectedProp_evelyn_red_pencil/@MeshInstance3D@23637
0	40,184,24	MeshInstance3D	0.2x0.1x0.2	mat=StandardMaterial3D@0.270,0.290,0.330;mat=StandardMaterial3D@0.270,0.290,0.330	StreetIdShot/OrisonRoot/F01/AffectedProp_evelyn_school_bell/@MeshInstance3D@23640
0	56,184,24	MeshInstance3D	0.1x0.1x0.1	mat=StandardMaterial3D@0.270,0.290,0.330;mat=StandardMaterial3D@0.270,0.290,0.330	StreetIdShot/OrisonRoot/F01/AffectedProp_evelyn_school_bell/@MeshInstance3D@23641
0	72,184,24	MeshInstance3D	0.2x0.1x0.2	mat=StandardMaterial3D@0.420,0.240,0.160;mat=StandardMaterial3D@0.420,0.240,0.160	StreetIdShot/OrisonRoot/F01/AffectedProp_teresa_call_bell/@MeshInstance3D@23645
0	88,184,24	MeshInstance3D	0.1x0.1x0.1	mat=StandardMaterial3D@0.420,0.240,0.160;mat=StandardMaterial3D@0.420,0.240,0.160	StreetIdShot/OrisonRoot/F01/AffectedProp_teresa_call_bell/@MeshInstance3D@23646
0	104,184,24	MeshInstance3D	0.1x0.2x0.2	mat=StandardMaterial3D@0.380,0.200,0.230;mat=StandardMaterial3D@0.380,0.200,0.230	StreetIdShot/OrisonRoot/F01/AffectedProp_teresa_thermos/@MeshInstance3D@23650
0	120,184,24	MeshInstance3D	0.3x0.2x0.2	mat=StandardMaterial3D@0.200,0.280,0.250;mat=StandardMaterial3D@0.200,0.280,0.250	StreetIdShot/OrisonRoot/F01/AffectedProp_teresa_pager/@MeshInstance3D@23653
0	136,184,24	MeshInstance3D	0.1x0.1x0.0	mat=StandardMaterial3D@0.200,0.280,0.250;mat=StandardMaterial3D@0.200,0.280,0.250	StreetIdShot/OrisonRoot/F01/AffectedProp_teresa_pager/@MeshInstance3D@23654
0	152,184,24	MeshInstance3D	0.1x0.1x0.0	mat=StandardMaterial3D@0.200,0.280,0.250;mat=StandardMaterial3D@0.200,0.280,0.250	StreetIdShot/OrisonRoot/F01/AffectedProp_teresa_pager/@MeshInstance3D@23655
0	168,184,24	MeshInstance3D	1.0x0.6x0.0	mat=StandardMaterial3D@0.520,0.370,0.210;mat=StandardMaterial3D@0.520,0.370,0.210	StreetIdShot/OrisonRoot/F01/AffectedProp_lobby_work_order_board/@MeshInstance3D@23898
0	184,184,24	MeshInstance3D	1.1x0.1x0.0	mat=StandardMaterial3D@0.230,0.145,0.085;mat=StandardMaterial3D@0.230,0.145,0.085	StreetIdShot/OrisonRoot/F01/AffectedProp_lobby_work_order_board/@MeshInstance3D@23899
0	200,184,24	MeshInstance3D	1.1x0.1x0.0	mat=StandardMaterial3D@0.230,0.145,0.085;mat=StandardMaterial3D@0.230,0.145,0.085	StreetIdShot/OrisonRoot/F01/AffectedProp_lobby_work_order_board/@MeshInstance3D@23900
0	216,184,24	MeshInstance3D	0.1x0.6x0.0	mat=StandardMaterial3D@0.230,0.145,0.085;mat=StandardMaterial3D@0.230,0.145,0.085	StreetIdShot/OrisonRoot/F01/AffectedProp_lobby_work_order_board/@MeshInstance3D@23901
0	232,184,24	MeshInstance3D	0.1x0.6x0.0	mat=StandardMaterial3D@0.230,0.145,0.085;mat=StandardMaterial3D@0.230,0.145,0.085	StreetIdShot/OrisonRoot/F01/AffectedProp_lobby_work_order_board/@MeshInstance3D@23902
0	248,184,24	MeshInstance3D	0.9x0.0x0.0	mat=StandardMaterial3D@0.380,0.390,0.400;mat=StandardMaterial3D@0.380,0.390,0.400	StreetIdShot/OrisonRoot/F01/AffectedProp_lobby_work_order_board/@MeshInstance3D@23903
0	8,200,24	MeshInstance3D	0.0x0.0x0.0	mat=StandardMaterial3D@0.380,0.390,0.400;mat=StandardMaterial3D@0.380,0.390,0.400	StreetIdShot/OrisonRoot/F01/AffectedProp_lobby_work_order_board/@MeshInstance3D@23904
0	24,200,24	MeshInstance3D	0.0x0.0x0.0	mat=StandardMaterial3D@0.380,0.390,0.400;mat=StandardMaterial3D@0.380,0.390,0.400	StreetIdShot/OrisonRoot/F01/AffectedProp_lobby_work_order_board/@MeshInstance3D@23905
0	40,200,24	MeshInstance3D	0.0x0.0x0.0	mat=StandardMaterial3D@0.380,0.390,0.400;mat=StandardMaterial3D@0.380,0.390,0.400	StreetIdShot/OrisonRoot/F01/AffectedProp_lobby_work_order_board/@MeshInstance3D@23906
0	56,200,24	MeshInstance3D	0.0x0.0x0.0	mat=StandardMaterial3D@0.380,0.390,0.400;mat=StandardMaterial3D@0.380,0.390,0.400	StreetIdShot/OrisonRoot/F01/AffectedProp_lobby_work_order_board/@MeshInstance3D@23907
0	72,200,24	MeshInstance3D	0.0x0.0x0.0	mat=StandardMaterial3D@0.380,0.390,0.400;mat=StandardMaterial3D@0.380,0.390,0.400	StreetIdShot/OrisonRoot/F01/AffectedProp_lobby_work_order_board/@MeshInstance3D@23908
0	88,200,24	MeshInstance3D	0.0x0.0x0.0	mat=StandardMaterial3D@0.380,0.390,0.400;mat=StandardMaterial3D@0.380,0.390,0.400	StreetIdShot/OrisonRoot/F01/AffectedProp_lobby_work_order_board/@MeshInstance3D@23909
0	104,200,24	MeshInstance3D	0.0x0.0x0.0	mat=StandardMaterial3D@0.380,0.390,0.400;mat=StandardMaterial3D@0.380,0.390,0.400	StreetIdShot/OrisonRoot/F01/AffectedProp_lobby_work_order_board/@MeshInstance3D@23910
0	120,200,24	MeshInstance3D	0.2x0.1x0.0	mat=StandardMaterial3D@0.860,0.830,0.700;mat=StandardMaterial3D@0.860,0.830,0.700	StreetIdShot/OrisonRoot/F01/AffectedProp_lobby_work_order_board/@MeshInstance3D@23911
0	136,200,24	MeshInstance3D	0.0x0.0x0.0	mat=StandardMaterial3D@0.460,0.320,0.110;mat=StandardMaterial3D@0.460,0.320,0.110	StreetIdShot/OrisonRoot/F01/AffectedProp_lobby_work_order_board/@MeshInstance3D@23912
0	152,200,24	MeshInstance3D	0.2x0.1x0.0	mat=StandardMaterial3D@0.808,0.756,0.604;mat=StandardMaterial3D@0.808,0.756,0.604	StreetIdShot/OrisonRoot/F01/AffectedProp_lobby_work_order_board/@MeshInstance3D@23913
0	168,200,24	MeshInstance3D	0.0x0.0x0.0	mat=StandardMaterial3D@0.460,0.320,0.110;mat=StandardMaterial3D@0.460,0.320,0.110	StreetIdShot/OrisonRoot/F01/AffectedProp_lobby_work_order_board/@MeshInstance3D@23914
0	184,200,24	MeshInstance3D	0.2x0.1x0.0	mat=StandardMaterial3D@0.756,0.682,0.508;mat=StandardMaterial3D@0.756,0.682,0.508	StreetIdShot/OrisonRoot/F01/AffectedProp_lobby_work_order_board/@MeshInstance3D@23915
0	200,200,24	MeshInstance3D	0.0x0.0x0.0	mat=StandardMaterial3D@0.460,0.320,0.110;mat=StandardMaterial3D@0.460,0.320,0.110	StreetIdShot/OrisonRoot/F01/AffectedProp_lobby_work_order_board/@MeshInstance3D@23916
0	216,200,24	MeshInstance3D	0.2x0.1x0.0	mat=StandardMaterial3D@0.845,0.808,0.671;mat=StandardMaterial3D@0.845,0.808,0.671	StreetIdShot/OrisonRoot/F01/AffectedProp_lobby_work_order_board/@MeshInstance3D@23917
0	232,200,24	MeshInstance3D	0.0x0.0x0.0	mat=StandardMaterial3D@0.460,0.320,0.110;mat=StandardMaterial3D@0.460,0.320,0.110	StreetIdShot/OrisonRoot/F01/AffectedProp_lobby_work_order_board/@MeshInstance3D@23918
0	248,200,24	MeshInstance3D	0.2x0.1x0.0	mat=StandardMaterial3D@0.793,0.734,0.575;mat=StandardMaterial3D@0.793,0.734,0.575	StreetIdShot/OrisonRoot/F01/AffectedProp_lobby_work_order_board/@MeshInstance3D@23919
0	8,216,24	MeshInstance3D	0.0x0.0x0.0	mat=StandardMaterial3D@0.460,0.320,0.110;mat=StandardMaterial3D@0.460,0.320,0.110	StreetIdShot/OrisonRoot/F01/AffectedProp_lobby_work_order_board/@MeshInstance3D@23920
0	24,216,24	MeshInstance3D	0.2x0.1x0.0	mat=StandardMaterial3D@0.741,0.660,0.479;mat=StandardMaterial3D@0.741,0.660,0.479	StreetIdShot/OrisonRoot/F01/AffectedProp_lobby_work_order_board/@MeshInstance3D@23921
0	40,216,24	MeshInstance3D	0.0x0.0x0.0	mat=StandardMaterial3D@0.460,0.320,0.110;mat=StandardMaterial3D@0.460,0.320,0.110	StreetIdShot/OrisonRoot/F01/AffectedProp_lobby_work_order_board/@MeshInstance3D@23922
0	56,216,24	MeshInstance3D	0.2x0.1x0.0	mat=StandardMaterial3D@0.829,0.786,0.643;mat=StandardMaterial3D@0.829,0.786,0.643	StreetIdShot/OrisonRoot/F01/AffectedProp_lobby_work_order_board/@MeshInstance3D@23923
0	72,216,24	MeshInstance3D	0.0x0.0x0.0	mat=StandardMaterial3D@0.460,0.320,0.110;mat=StandardMaterial3D@0.460,0.320,0.110	StreetIdShot/OrisonRoot/F01/AffectedProp_lobby_work_order_board/@MeshInstance3D@23924
0	88,216,24	MeshInstance3D	0.2x0.1x0.0	mat=StandardMaterial3D@0.777,0.712,0.547;mat=StandardMaterial3D@0.777,0.712,0.547	StreetIdShot/OrisonRoot/F01/AffectedProp_lobby_work_order_board/@MeshInstance3D@23925
0	104,216,24	MeshInstance3D	0.0x0.0x0.0	mat=StandardMaterial3D@0.460,0.320,0.110;mat=StandardMaterial3D@0.460,0.320,0.110	StreetIdShot/OrisonRoot/F01/AffectedProp_lobby_work_order_board/@MeshInstance3D@23926
0	120,216,24	MeshInstance3D	0.2x0.1x0.0	mat=StandardMaterial3D@0.726,0.638,0.450;mat=StandardMaterial3D@0.726,0.638,0.450	StreetIdShot/OrisonRoot/F01/AffectedProp_lobby_work_order_board/@MeshInstance3D@23927
0	136,216,24	MeshInstance3D	0.0x0.0x0.0	mat=StandardMaterial3D@0.460,0.320,0.110;mat=StandardMaterial3D@0.460,0.320,0.110	StreetIdShot/OrisonRoot/F01/AffectedProp_lobby_work_order_board/@MeshInstance3D@23928
0	152,216,24	MeshInstance3D	0.0x0.2x0.0	mat=StandardMaterial3D@0.720,0.550,0.120;mat=StandardMaterial3D@0.720,0.550,0.120	StreetIdShot/OrisonRoot/F01/AffectedProp_lobby_work_order_board/@MeshInstance3D@23929
0	168,216,24	MeshInstance3D	0.0x0.2x0.0	mat=StandardMaterial3D@0.300,0.280,0.240;mat=StandardMaterial3D@0.300,0.280,0.240	StreetIdShot/OrisonRoot/F01/AffectedProp_lobby_work_order_board/@MeshInstance3D@23930
0	184,216,24	MeshInstance3D	0.9x0.0x0.1	mat=StandardMaterial3D@0.380,0.390,0.400;mat=StandardMaterial3D@0.380,0.390,0.400	StreetIdShot/OrisonRoot/F01/AffectedProp_lobby_work_order_board/@MeshInstance3D@23931
0	200,216,24	MeshInstance3D	0.9x0.1x0.0	mat=StandardMaterial3D@0.380,0.390,0.400;mat=StandardMaterial3D@0.380,0.390,0.400	StreetIdShot/OrisonRoot/F01/AffectedProp_lobby_work_order_board/@MeshInstance3D@23932
0	216,216,24	MeshInstance3D	0.3x0.0x0.0	mat=StandardMaterial3D@0.460,0.320,0.110;mat=StandardMaterial3D@0.460,0.320,0.110	StreetIdShot/OrisonRoot/F01/AffectedProp_lobby_work_order_board/@MeshInstance3D@23933
0	232,216,24	MeshInstance3D	0.3x0.2x0.2	mat=StandardMaterial3D@0.420,0.380,0.240;mat=StandardMaterial3D@0.420,0.380,0.240	StreetIdShot/OrisonRoot/F01/AffectedProp_elevator_reality_stabilizer/@MeshInstance3D@23972
0	248,216,24	MeshInstance3D	0.1x0.1x0.0	mat=StandardMaterial3D@0.420,0.380,0.240;mat=StandardMaterial3D@0.420,0.380,0.240	StreetIdShot/OrisonRoot/F01/AffectedProp_elevator_reality_stabilizer/@MeshInstance3D@23973
0	8,232,24	MeshInstance3D	0.1x0.1x0.0	mat=StandardMaterial3D@0.420,0.380,0.240;mat=StandardMaterial3D@0.420,0.380,0.240	StreetIdShot/OrisonRoot/F01/AffectedProp_elevator_reality_stabilizer/@MeshInstance3D@23974
0	24,232,24	MeshInstance3D	0.8x0.1x0.4	mat=StandardMaterial3D@0.270,0.290,0.330;mat=StandardMaterial3D@0.270,0.290,0.330	StreetIdShot/OrisonRoot/F01/AffectedProp_maintenance_service_cart/@MeshInstance3D@23979
0	40,232,24	MeshInstance3D	0.1x0.8x0.1	mat=StandardMaterial3D@0.270,0.290,0.330;mat=StandardMaterial3D@0.270,0.290,0.330	StreetIdShot/OrisonRoot/F01/AffectedProp_maintenance_service_cart/@MeshInstance3D@23980
0	56,232,24	MeshInstance3D	0.1x0.8x0.1	mat=StandardMaterial3D@0.270,0.290,0.330;mat=StandardMaterial3D@0.270,0.290,0.330	StreetIdShot/OrisonRoot/F01/AffectedProp_maintenance_service_cart/@MeshInstance3D@23981
0	72,232,24	MeshInstance3D	0.1x0.8x0.1	mat=StandardMaterial3D@0.270,0.290,0.330;mat=StandardMaterial3D@0.270,0.290,0.330	StreetIdShot/OrisonRoot/F01/AffectedProp_maintenance_service_cart/@MeshInstance3D@23982
0	88,232,24	MeshInstance3D	0.1x0.8x0.1	mat=StandardMaterial3D@0.270,0.290,0.330;mat=StandardMaterial3D@0.270,0.290,0.330	StreetIdShot/OrisonRoot/F01/AffectedProp_maintenance_service_cart/@MeshInstance3D@23983
0	104,232,24	MeshInstance3D	0.3x0.0x0.2	mat=StandardMaterial3D@0.180,0.310,0.380;mat=StandardMaterial3D@0.180,0.310,0.380	StreetIdShot/OrisonRoot/F01/AffectedProp_maintenance_clipboard/@MeshInstance3D@23990
0	120,232,24	MeshInstance3D	0.3x0.0x0.0	mat=StandardMaterial3D@0.420,0.380,0.240;mat=StandardMaterial3D@0.420,0.380,0.240	StreetIdShot/OrisonRoot/F01/AffectedProp_impossible_tape_measure/@MeshInstance3D@23993
0	136,232,24	MeshInstance3D	0.1x0.1x0.0	mat=StandardMaterial3D@0.080,0.075,0.070;mat=StandardMaterial3D@0.080,0.075,0.070	StreetIdShot/OrisonRoot/F01/DomesticWitness_evelyn_paper_jam/FaceRig/HourHand/@MeshInstance3D@24043
0	152,232,24	MeshInstance3D	0.1x0.1x0.0	mat=StandardMaterial3D@0.080,0.075,0.070;mat=StandardMaterial3D@0.080,0.075,0.070	StreetIdShot/OrisonRoot/F01/DomesticWitness_evelyn_paper_jam/FaceRig/MinuteHand/@MeshInstance3D@24044
0	168,232,24	MeshInstance3D	0.0x0.1x0.0	mat=StandardMaterial3D@0.557,0.184,0.220;mat=StandardMaterial3D@0.557,0.184,0.220	StreetIdShot/OrisonRoot/F01/DomesticWitness_evelyn_paper_jam/FaceRig/SecondHand/@MeshInstance3D@24045
0	184,232,24	MeshInstance3D	0.4x0.7x0.1	mat=StandardMaterial3D@1.000,1.000,1.000;mat=StandardMaterial3D@1.000,1.000,1.000	StreetIdShot/OrisonRoot/F01/DomesticWitness_evelyn_paper_jam/@MeshInstance3D@24048
0	200,232,24	MeshInstance3D	0.4x0.4x0.1	mat=StandardMaterial3D@0.760,0.720,0.660;mat=StandardMaterial3D@0.760,0.720,0.660	StreetIdShot/OrisonRoot/F01/DomesticWitness_evelyn_paper_jam/@MeshInstance3D@24049
0	216,232,24	MeshInstance3D	0.1x0.1x0.0	mat=StandardMaterial3D@0.910,0.720,0.360;mat=StandardMaterial3D@0.910,0.720,0.360	StreetIdShot/OrisonRoot/F01/DomesticWitness_evelyn_paper_jam/@MeshInstance3D@24050
0	232,232,24	MeshInstance3D	0.3x0.3x0.0	mat=StandardMaterial3D@0.900,0.850,0.740;mat=StandardMaterial3D@0.900,0.850,0.740	StreetIdShot/OrisonRoot/F01/DomesticWitness_evelyn_paper_jam/@MeshInstance3D@24051
0	248,232,24	MeshInstance3D	0.3x0.3x0.0	mat=StandardMaterial3D@0.557,0.184,0.220;mat=StandardMaterial3D@0.557,0.184,0.220	StreetIdShot/OrisonRoot/F01/DomesticWitness_evelyn_paper_jam/@MeshInstance3D@24052
0	8,248,24	MeshInstance3D	0.2x0.2x0.0	mat=StandardMaterial3D@0.170,0.160,0.140;mat=StandardMaterial3D@0.170,0.160,0.140	StreetIdShot/OrisonRoot/F01/DomesticWitness_evelyn_paper_jam/@MeshInstance3D@24053
0	24,248,24	MeshInstance3D	0.1x0.1x0.0	mat=StandardMaterial3D@0.080,0.075,0.070;mat=StandardMaterial3D@0.080,0.075,0.070	StreetIdShot/OrisonRoot/F01/DomesticWitness_teresa_call_bells/FaceRig/HourHand/@MeshInstance3D@24071
0	40,248,24	MeshInstance3D	0.1x0.0x0.0	mat=StandardMaterial3D@0.080,0.075,0.070;mat=StandardMaterial3D@0.080,0.075,0.070	StreetIdShot/OrisonRoot/F01/DomesticWitness_teresa_call_bells/FaceRig/MinuteHand/@MeshInstance3D@24072
0	56,248,24	MeshInstance3D	0.0x0.1x0.0	mat=StandardMaterial3D@0.663,0.835,0.788;mat=StandardMaterial3D@0.663,0.835,0.788	StreetIdShot/OrisonRoot/F01/DomesticWitness_teresa_call_bells/FaceRig/SecondHand/@MeshInstance3D@24073
0	72,248,24	MeshInstance3D	0.4x0.4x0.1	mat=StandardMaterial3D@1.000,1.000,1.000;mat=StandardMaterial3D@1.000,1.000,1.000	StreetIdShot/OrisonRoot/F01/DomesticWitness_teresa_call_bells/@MeshInstance3D@24076
0	88,248,24	MeshInstance3D	0.3x0.3x0.0	mat=StandardMaterial3D@0.900,0.850,0.740;mat=StandardMaterial3D@0.900,0.850,0.740	StreetIdShot/OrisonRoot/F01/DomesticWitness_teresa_call_bells/@MeshInstance3D@24077
0	104,248,24	MeshInstance3D	0.3x0.3x0.0	mat=StandardMaterial3D@0.663,0.835,0.788;mat=StandardMaterial3D@0.663,0.835,0.788	StreetIdShot/OrisonRoot/F01/DomesticWitness_teresa_call_bells/@MeshInstance3D@24078
0	120,248,24	MeshInstance3D	0.2x0.2x0.0	mat=StandardMaterial3D@0.170,0.160,0.140;mat=StandardMaterial3D@0.170,0.160,0.140	StreetIdShot/OrisonRoot/F01/DomesticWitness_teresa_call_bells/@MeshInstance3D@24079
0	136,248,24	MeshInstance3D	0.4x0.6x0.0	mat=StandardMaterial3D@0.180,0.130,0.090;mat=StandardMaterial3D@0.180,0.130,0.090	StreetIdShot/OrisonRoot/F01/DomesticAnomaly_evelyn_mirror/@MeshInstance3D@24522
0	152,248,24	MeshInstance3D	0.4x0.6x0.0	mat=StandardMaterial3D@0.380,0.440,0.460;mat=StandardMaterial3D@0.380,0.440,0.460	StreetIdShot/OrisonRoot/F01/DomesticAnomaly_evelyn_mirror/@MeshInstance3D@24523
0	168,248,24	MeshInstance3D	0.7x0.7x0.0	mat=StandardMaterial3D@1.000,1.000,1.000;mat=StandardMaterial3D@1.000,1.000,1.000	StreetIdShot/OrisonRoot/F01/MemoryArt_evelyn_retirement/@MeshInstance3D@24696
0	184,248,24	MeshInstance3D	0.8x0.0x0.0	mat=StandardMaterial3D@0.180,0.105,0.055;mat=StandardMaterial3D@0.180,0.105,0.055	StreetIdShot/OrisonRoot/F01/MemoryArt_evelyn_retirement/@MeshInstance3D@24697
0	200,248,24	MeshInstance3D	0.8x0.0x0.0	mat=StandardMaterial3D@0.180,0.105,0.055;mat=StandardMaterial3D@0.180,0.105,0.055	StreetIdShot/OrisonRoot/F01/MemoryArt_evelyn_retirement/@MeshInstance3D@24698
0	216,248,24	MeshInstance3D	0.0x0.7x0.0	mat=StandardMaterial3D@0.180,0.105,0.055;mat=StandardMaterial3D@0.180,0.105,0.055	StreetIdShot/OrisonRoot/F01/MemoryArt_evelyn_retirement/@MeshInstance3D@24699
0	232,248,24	MeshInstance3D	0.0x0.7x0.0	mat=StandardMaterial3D@0.180,0.105,0.055;mat=StandardMaterial3D@0.180,0.105,0.055	StreetIdShot/OrisonRoot/F01/MemoryArt_evelyn_retirement/@MeshInstance3D@24700
0	248,248,24	MeshInstance3D	0.0x0.7x0.7	mat=StandardMaterial3D@1.000,1.000,1.000;mat=StandardMaterial3D@1.000,1.000,1.000	StreetIdShot/OrisonRoot/F01/MemoryArt_teresa_night_shift/@MeshInstance3D@24702
0	8,8,40	MeshInstance3D	0.0x0.0x0.8	mat=StandardMaterial3D@0.180,0.105,0.055;mat=StandardMaterial3D@0.180,0.105,0.055	StreetIdShot/OrisonRoot/F01/MemoryArt_teresa_night_shift/@MeshInstance3D@24703
0	24,8,40	MeshInstance3D	0.0x0.0x0.8	mat=StandardMaterial3D@0.180,0.105,0.055;mat=StandardMaterial3D@0.180,0.105,0.055	StreetIdShot/OrisonRoot/F01/MemoryArt_teresa_night_shift/@MeshInstance3D@24704
0	40,8,40	MeshInstance3D	0.0x0.7x0.0	mat=StandardMaterial3D@0.180,0.105,0.055;mat=StandardMaterial3D@0.180,0.105,0.055	StreetIdShot/OrisonRoot/F01/MemoryArt_teresa_night_shift/@MeshInstance3D@24705
0	56,8,40	MeshInstance3D	0.0x0.7x0.0	mat=StandardMaterial3D@0.180,0.105,0.055;mat=StandardMaterial3D@0.180,0.105,0.055	StreetIdShot/OrisonRoot/F01/MemoryArt_teresa_night_shift/@MeshInstance3D@24706
0	72,8,40	MeshInstance3D	0.7x0.7x0.0	mat=StandardMaterial3D@1.000,1.000,1.000;mat=StandardMaterial3D@1.000,1.000,1.000	StreetIdShot/OrisonRoot/F01/WallArt_evelyn_good_enough/@MeshInstance3D@24818
0	88,8,40	MeshInstance3D	0.8x0.0x0.0	mat=StandardMaterial3D@0.055,0.050,0.045;mat=StandardMaterial3D@0.055,0.050,0.045	StreetIdShot/OrisonRoot/F01/WallArt_evelyn_good_enough/@MeshInstance3D@24819
0	104,8,40	MeshInstance3D	0.8x0.0x0.0	mat=StandardMaterial3D@0.055,0.050,0.045;mat=StandardMaterial3D@0.055,0.050,0.045	StreetIdShot/OrisonRoot/F01/WallArt_evelyn_good_enough/@MeshInstance3D@24820
0	120,8,40	MeshInstance3D	0.0x0.7x0.0	mat=StandardMaterial3D@0.055,0.050,0.045;mat=StandardMaterial3D@0.055,0.050,0.045	StreetIdShot/OrisonRoot/F01/WallArt_evelyn_good_enough/@MeshInstance3D@24821
0	136,8,40	MeshInstance3D	0.0x0.7x0.0	mat=StandardMaterial3D@0.055,0.050,0.045;mat=StandardMaterial3D@0.055,0.050,0.045	StreetIdShot/OrisonRoot/F01/WallArt_evelyn_good_enough/@MeshInstance3D@24822
0	152,8,40	MeshInstance3D	0.7x0.7x0.0	mat=StandardMaterial3D@1.000,1.000,1.000;mat=StandardMaterial3D@1.000,1.000,1.000	StreetIdShot/OrisonRoot/F01/WallArt_teresa_quiet_please/@MeshInstance3D@24824
0	168,8,40	MeshInstance3D	0.8x0.0x0.0	mat=StandardMaterial3D@0.200,0.220,0.210;mat=StandardMaterial3D@0.200,0.220,0.210	StreetIdShot/OrisonRoot/F01/WallArt_teresa_quiet_please/@MeshInstance3D@24825
0	184,8,40	MeshInstance3D	0.8x0.0x0.0	mat=StandardMaterial3D@0.200,0.220,0.210;mat=StandardMaterial3D@0.200,0.220,0.210	StreetIdShot/OrisonRoot/F01/WallArt_teresa_quiet_please/@MeshInstance3D@24826
0	200,8,40	MeshInstance3D	0.0x0.7x0.0	mat=StandardMaterial3D@0.200,0.220,0.210;mat=StandardMaterial3D@0.200,0.220,0.210	StreetIdShot/OrisonRoot/F01/WallArt_teresa_quiet_please/@MeshInstance3D@24827
0	216,8,40	MeshInstance3D	0.0x0.7x0.0	mat=StandardMaterial3D@0.200,0.220,0.210;mat=StandardMaterial3D@0.200,0.220,0.210	StreetIdShot/OrisonRoot/F01/WallArt_teresa_quiet_please/@MeshInstance3D@24828
0	232,8,40	MeshInstance3D	0.0x0.7x0.7	mat=StandardMaterial3D@1.000,1.000,1.000;mat=StandardMaterial3D@1.000,1.000,1.000	StreetIdShot/OrisonRoot/F01/MemoryArt_lobby_orison_1928/@MeshInstance3D@24944
0	248,8,40	MeshInstance3D	0.0x0.0x0.8	mat=StandardMaterial3D@0.180,0.105,0.055;mat=StandardMaterial3D@0.180,0.105,0.055	StreetIdShot/OrisonRoot/F01/MemoryArt_lobby_orison_1928/@MeshInstance3D@24945
0	8,24,40	MeshInstance3D	0.0x0.0x0.8	mat=StandardMaterial3D@0.180,0.105,0.055;mat=StandardMaterial3D@0.180,0.105,0.055	StreetIdShot/OrisonRoot/F01/MemoryArt_lobby_orison_1928/@MeshInstance3D@24946
0	24,24,40	MeshInstance3D	0.0x0.7x0.0	mat=StandardMaterial3D@0.180,0.105,0.055;mat=StandardMaterial3D@0.180,0.105,0.055	StreetIdShot/OrisonRoot/F01/MemoryArt_lobby_orison_1928/@MeshInstance3D@24947
0	40,24,40	MeshInstance3D	0.0x0.7x0.0	mat=StandardMaterial3D@0.180,0.105,0.055;mat=StandardMaterial3D@0.180,0.105,0.055	StreetIdShot/OrisonRoot/F01/MemoryArt_lobby_orison_1928/@MeshInstance3D@24948
0	56,24,40	MeshInstance3D	0.0x0.7x0.7	mat=StandardMaterial3D@1.000,1.000,1.000;mat=StandardMaterial3D@1.000,1.000,1.000	StreetIdShot/OrisonRoot/F01/MemoryArt_first_our_queens/@MeshInstance3D@24950
0	72,24,40	MeshInstance3D	0.0x0.0x0.8	mat=StandardMaterial3D@0.055,0.050,0.045;mat=StandardMaterial3D@0.055,0.050,0.045	StreetIdShot/OrisonRoot/F01/MemoryArt_first_our_queens/@MeshInstance3D@24951
0	88,24,40	MeshInstance3D	0.0x0.0x0.8	mat=StandardMaterial3D@0.055,0.050,0.045;mat=StandardMaterial3D@0.055,0.050,0.045	StreetIdShot/OrisonRoot/F01/MemoryArt_first_our_queens/@MeshInstance3D@24952
0	104,24,40	MeshInstance3D	0.0x0.7x0.0	mat=StandardMaterial3D@0.055,0.050,0.045;mat=StandardMaterial3D@0.055,0.050,0.045	StreetIdShot/OrisonRoot/F01/MemoryArt_first_our_queens/@MeshInstance3D@24953
0	120,24,40	MeshInstance3D	0.0x0.7x0.0	mat=StandardMaterial3D@0.055,0.050,0.045;mat=StandardMaterial3D@0.055,0.050,0.045	StreetIdShot/OrisonRoot/F01/MemoryArt_first_our_queens/@MeshInstance3D@24954
0	136,24,40	MeshInstance3D	0.0x0.7x0.7	mat=StandardMaterial3D@1.000,1.000,1.000;mat=StandardMaterial3D@1.000,1.000,1.000	StreetIdShot/OrisonRoot/F01/MemoryArt_evelyn_liberte/@MeshInstance3D@25028
0	152,24,40	MeshInstance3D	0.0x0.0x0.8	mat=StandardMaterial3D@0.250,0.170,0.055;mat=StandardMaterial3D@0.250,0.170,0.055	StreetIdShot/OrisonRoot/F01/MemoryArt_evelyn_liberte/@MeshInstance3D@25029
0	168,24,40	MeshInstance3D	0.0x0.0x0.8	mat=StandardMaterial3D@0.250,0.170,0.055;mat=StandardMaterial3D@0.250,0.170,0.055	StreetIdShot/OrisonRoot/F01/MemoryArt_evelyn_liberte/@MeshInstance3D@25030
0	184,24,40	MeshInstance3D	0.0x0.7x0.0	mat=StandardMaterial3D@0.250,0.170,0.055;mat=StandardMaterial3D@0.250,0.170,0.055	StreetIdShot/OrisonRoot/F01/MemoryArt_evelyn_liberte/@MeshInstance3D@25031
0	200,24,40	MeshInstance3D	0.0x0.7x0.0	mat=StandardMaterial3D@0.250,0.170,0.055;mat=StandardMaterial3D@0.250,0.170,0.055	StreetIdShot/OrisonRoot/F01/MemoryArt_evelyn_liberte/@MeshInstance3D@25032
0	216,24,40	MeshInstance3D	0.0x0.7x0.7	mat=StandardMaterial3D@1.000,1.000,1.000;mat=StandardMaterial3D@1.000,1.000,1.000	StreetIdShot/OrisonRoot/F01/MemoryArt_teresa_cherry/@MeshInstance3D@25034
0	232,24,40	MeshInstance3D	0.0x0.0x0.8	mat=StandardMaterial3D@0.055,0.050,0.045;mat=StandardMaterial3D@0.055,0.050,0.045	StreetIdShot/OrisonRoot/F01/MemoryArt_teresa_cherry/@MeshInstance3D@25035
0	248,24,40	MeshInstance3D	0.0x0.0x0.8	mat=StandardMaterial3D@0.055,0.050,0.045;mat=StandardMaterial3D@0.055,0.050,0.045	StreetIdShot/OrisonRoot/F01/MemoryArt_teresa_cherry/@MeshInstance3D@25036
0	8,40,40	MeshInstance3D	0.0x0.7x0.0	mat=StandardMaterial3D@0.055,0.050,0.045;mat=StandardMaterial3D@0.055,0.050,0.045	StreetIdShot/OrisonRoot/F01/MemoryArt_teresa_cherry/@MeshInstance3D@25037
0	24,40,40	MeshInstance3D	0.0x0.7x0.0	mat=StandardMaterial3D@0.055,0.050,0.045;mat=StandardMaterial3D@0.055,0.050,0.045	StreetIdShot/OrisonRoot/F01/MemoryArt_teresa_cherry/@MeshInstance3D@25038
0	40,40,40	MeshInstance3D	0.0x0.6x0.8	mat=StandardMaterial3D@0.500,0.355,0.200;mat=StandardMaterial3D@0.500,0.355,0.200	StreetIdShot/OrisonRoot/F01/LobbyBulletinBoard/@MeshInstance3D@25158
0	56,40,40	MeshInstance3D	0.0x0.0x0.9	mat=StandardMaterial3D@0.240,0.150,0.090;mat=StandardMaterial3D@0.240,0.150,0.090	StreetIdShot/OrisonRoot/F01/LobbyBulletinBoard/@MeshInstance3D@25159
0	72,40,40	MeshInstance3D	0.0x0.1x0.9	mat=StandardMaterial3D@0.240,0.150,0.090;mat=StandardMaterial3D@0.240,0.150,0.090	StreetIdShot/OrisonRoot/F01/LobbyBulletinBoard/@MeshInstance3D@25160
0	88,40,40	MeshInstance3D	0.0x0.6x0.1	mat=StandardMaterial3D@0.240,0.150,0.090;mat=StandardMaterial3D@0.240,0.150,0.090	StreetIdShot/OrisonRoot/F01/LobbyBulletinBoard/@MeshInstance3D@25161
0	104,40,40	MeshInstance3D	0.0x0.6x0.1	mat=StandardMaterial3D@0.240,0.150,0.090;mat=StandardMaterial3D@0.240,0.150,0.090	StreetIdShot/OrisonRoot/F01/LobbyBulletinBoard/@MeshInstance3D@25162
0	120,40,40	MeshInstance3D	0.0x0.0x0.3	mat=StandardMaterial3D@0.460,0.320,0.110;mat=StandardMaterial3D@0.460,0.320,0.110	StreetIdShot/OrisonRoot/F01/LobbyBulletinBoard/@MeshInstance3D@25163
0	136,40,40	MeshInstance3D	0.0x0.3x0.2	mat=StandardMaterial3D@1.000,1.000,1.000;mat=StandardMaterial3D@1.000,1.000,1.000	StreetIdShot/OrisonRoot/F01/LobbyBulletinBoard/@MeshInstance3D@25165
0	152,40,40	MeshInstance3D	0.0x0.0x0.0	mat=StandardMaterial3D@0.460,0.320,0.110;mat=StandardMaterial3D@0.460,0.320,0.110	StreetIdShot/OrisonRoot/F01/LobbyBulletinBoard/@MeshInstance3D@25166
0	168,40,40	MeshInstance3D	0.0x0.3x0.2	mat=StandardMaterial3D@1.000,1.000,1.000;mat=StandardMaterial3D@1.000,1.000,1.000	StreetIdShot/OrisonRoot/F01/LobbyBulletinBoard/@MeshInstance3D@25167
0	184,40,40	MeshInstance3D	0.0x0.0x0.0	mat=StandardMaterial3D@0.460,0.320,0.110;mat=StandardMaterial3D@0.460,0.320,0.110	StreetIdShot/OrisonRoot/F01/LobbyBulletinBoard/@MeshInstance3D@25168
0	200,40,40	MeshInstance3D	0.0x0.3x0.2	mat=StandardMaterial3D@1.000,1.000,1.000;mat=StandardMaterial3D@1.000,1.000,1.000	StreetIdShot/OrisonRoot/F01/LobbyBulletinBoard/@MeshInstance3D@25169
0	216,40,40	MeshInstance3D	0.0x0.0x0.0	mat=StandardMaterial3D@0.460,0.320,0.110;mat=StandardMaterial3D@0.460,0.320,0.110	StreetIdShot/OrisonRoot/F01/LobbyBulletinBoard/@MeshInstance3D@25170
0	232,40,40	MeshInstance3D	0.0x0.3x0.2	mat=StandardMaterial3D@1.000,1.000,1.000;mat=StandardMaterial3D@1.000,1.000,1.000	StreetIdShot/OrisonRoot/F01/LobbyBulletinBoard/@MeshInstance3D@25171
0	248,40,40	MeshInstance3D	0.0x0.0x0.0	mat=StandardMaterial3D@0.460,0.320,0.110;mat=StandardMaterial3D@0.460,0.320,0.110	StreetIdShot/OrisonRoot/F01/LobbyBulletinBoard/@MeshInstance3D@25172
0	8,56,40	MeshInstance3D	0.0x0.3x0.2	mat=StandardMaterial3D@1.000,1.000,1.000;mat=StandardMaterial3D@1.000,1.000,1.000	StreetIdShot/OrisonRoot/F01/LobbyBulletinBoard/@MeshInstance3D@25173
0	24,56,40	MeshInstance3D	0.0x0.0x0.0	mat=StandardMaterial3D@0.460,0.320,0.110;mat=StandardMaterial3D@0.460,0.320,0.110	StreetIdShot/OrisonRoot/F01/LobbyBulletinBoard/@MeshInstance3D@25174
0	40,56,40	MeshInstance3D	0.0x0.3x0.2	mat=StandardMaterial3D@1.000,1.000,1.000;mat=StandardMaterial3D@1.000,1.000,1.000	StreetIdShot/OrisonRoot/F01/LobbyBulletinBoard/@MeshInstance3D@25175
0	56,56,40	MeshInstance3D	0.0x0.0x0.0	mat=StandardMaterial3D@0.460,0.320,0.110;mat=StandardMaterial3D@0.460,0.320,0.110	StreetIdShot/OrisonRoot/F01/LobbyBulletinBoard/@MeshInstance3D@25176
0	72,56,40	MeshInstance3D	0.0x0.3x0.2	mat=StandardMaterial3D@1.000,1.000,1.000;mat=StandardMaterial3D@1.000,1.000,1.000	StreetIdShot/OrisonRoot/F01/LobbyBulletinBoard/@MeshInstance3D@25177
0	88,56,40	MeshInstance3D	0.0x0.0x0.0	mat=StandardMaterial3D@0.460,0.320,0.110;mat=StandardMaterial3D@0.460,0.320,0.110	StreetIdShot/OrisonRoot/F01/LobbyBulletinBoard/@MeshInstance3D@25178
0	104,56,40	MeshInstance3D	0.0x0.3x0.2	mat=StandardMaterial3D@1.000,1.000,1.000;mat=StandardMaterial3D@1.000,1.000,1.000	StreetIdShot/OrisonRoot/F01/LobbyBulletinBoard/@MeshInstance3D@25179
0	120,56,40	MeshInstance3D	0.0x0.0x0.0	mat=StandardMaterial3D@0.460,0.320,0.110;mat=StandardMaterial3D@0.460,0.320,0.110	StreetIdShot/OrisonRoot/F01/LobbyBulletinBoard/@MeshInstance3D@25180
0	136,56,40	MeshInstance3D	0.1x1.8x1.3	mat=StandardMaterial3D@0.075,0.052,0.035;mat=StandardMaterial3D@0.075,0.052,0.035	StreetIdShot/OrisonRoot/F01/OrisonOriginalSalesBoard/WarpedBacking
0	152,56,40	MeshInstance3D	0.1x1.9x0.1	mat=StandardMaterial3D@0.038,0.023,0.016;mat=StandardMaterial3D@0.038,0.023,0.016	StreetIdShot/OrisonRoot/F01/OrisonOriginalSalesBoard/OuterFrame
0	168,56,40	MeshInstance3D	0.1x1.7x0.0	mat=StandardMaterial3D@0.095,0.052,0.028;mat=StandardMaterial3D@0.095,0.052,0.028	StreetIdShot/OrisonRoot/F01/OrisonOriginalSalesBoard/CarvedFrame
0	184,56,40	MeshInstance3D	0.1x1.9x0.1	mat=StandardMaterial3D@0.038,0.023,0.016;mat=StandardMaterial3D@0.038,0.023,0.016	StreetIdShot/OrisonRoot/F01/OrisonOriginalSalesBoard/@MeshInstance3D@25271
0	200,56,40	MeshInstance3D	0.1x1.7x0.0	mat=StandardMaterial3D@0.095,0.052,0.028;mat=StandardMaterial3D@0.095,0.052,0.028	StreetIdShot/OrisonRoot/F01/OrisonOriginalSalesBoard/@MeshInstance3D@25272
0	216,56,40	MeshInstance3D	0.1x0.1x1.4	mat=StandardMaterial3D@0.038,0.023,0.016;mat=StandardMaterial3D@0.038,0.023,0.016	StreetIdShot/OrisonRoot/F01/OrisonOriginalSalesBoard/@MeshInstance3D@25273
0	232,56,40	MeshInstance3D	0.1x0.0x1.3	mat=StandardMaterial3D@0.095,0.052,0.028;mat=StandardMaterial3D@0.095,0.052,0.028	StreetIdShot/OrisonRoot/F01/OrisonOriginalSalesBoard/@MeshInstance3D@25274
0	248,56,40	MeshInstance3D	0.1x0.1x1.4	mat=StandardMaterial3D@0.038,0.023,0.016;mat=StandardMaterial3D@0.038,0.023,0.016	StreetIdShot/OrisonRoot/F01/OrisonOriginalSalesBoard/@MeshInstance3D@25275
0	8,72,40	MeshInstance3D	0.1x0.0x1.3	mat=StandardMaterial3D@0.095,0.052,0.028;mat=StandardMaterial3D@0.095,0.052,0.028	StreetIdShot/OrisonRoot/F01/OrisonOriginalSalesBoard/@MeshInstance3D@25276
0	24,72,40	MeshInstance3D	0.0x0.1x0.1	mat=StandardMaterial3D@0.310,0.190,0.065;mat=StandardMaterial3D@0.310,0.190,0.065	StreetIdShot/OrisonRoot/F01/OrisonOriginalSalesBoard/FrameBoss
0	40,72,40	MeshInstance3D	0.0x0.1x0.1	mat=StandardMaterial3D@0.310,0.190,0.065;mat=StandardMaterial3D@0.310,0.190,0.065	StreetIdShot/OrisonRoot/F01/OrisonOriginalSalesBoard/@MeshInstance3D@25277
0	56,72,40	MeshInstance3D	0.0x0.1x0.1	mat=StandardMaterial3D@0.310,0.190,0.065;mat=StandardMaterial3D@0.310,0.190,0.065	StreetIdShot/OrisonRoot/F01/OrisonOriginalSalesBoard/@MeshInstance3D@25278
0	72,72,40	MeshInstance3D	0.0x0.1x0.1	mat=StandardMaterial3D@0.310,0.190,0.065;mat=StandardMaterial3D@0.310,0.190,0.065	StreetIdShot/OrisonRoot/F01/OrisonOriginalSalesBoard/@MeshInstance3D@25279
0	88,72,40	MeshInstance3D	0.0x1.4x1.1	mat=StandardMaterial3D@1.000,1.000,1.000;mat=StandardMaterial3D@1.000,1.000,1.000	StreetIdShot/OrisonRoot/F01/OrisonOriginalSalesBoard/Original1926Broadside
0	104,72,40	MeshInstance3D	0.0x0.0x1.1	mat=StandardMaterial3D@0.310,0.240,0.150;mat=StandardMaterial3D@0.310,0.240,0.150	StreetIdShot/OrisonRoot/F01/OrisonOriginalSalesBoard/PaperEdge
0	120,72,40	MeshInstance3D	0.0x0.0x1.1	mat=StandardMaterial3D@0.310,0.240,0.150;mat=StandardMaterial3D@0.310,0.240,0.150	StreetIdShot/OrisonRoot/F01/OrisonOriginalSalesBoard/@MeshInstance3D@25280
0	136,72,40	MeshInstance3D	0.0x1.4x0.0	mat=StandardMaterial3D@0.310,0.240,0.150;mat=StandardMaterial3D@0.310,0.240,0.150	StreetIdShot/OrisonRoot/F01/OrisonOriginalSalesBoard/@MeshInstance3D@25281
0	152,72,40	MeshInstance3D	0.0x1.4x0.0	mat=StandardMaterial3D@0.310,0.240,0.150;mat=StandardMaterial3D@0.310,0.240,0.150	StreetIdShot/OrisonRoot/F01/OrisonOriginalSalesBoard/@MeshInstance3D@25282
0	168,72,40	MeshInstance3D	0.0x0.2x0.2	mat=StandardMaterial3D@1.000,1.000,1.000;mat=StandardMaterial3D@1.000,1.000,1.000	StreetIdShot/OrisonRoot/F01/OrisonOriginalSalesBoard/LoosePaperCorner
0	184,72,40	MeshInstance3D	0.0x0.3x0.3	mat=StandardMaterial3D@0.480,0.430,0.310;mat=StandardMaterial3D@0.480,0.430,0.310	StreetIdShot/OrisonRoot/F01/OrisonOriginalSalesBoard/InspectionNotice
0	200,72,40	MeshInstance3D	0.0x0.0x0.2	mat=StandardMaterial3D@0.085,0.070,0.050;mat=StandardMaterial3D@0.085,0.070,0.050	StreetIdShot/OrisonRoot/F01/OrisonOriginalSalesBoard/InspectionStamp
0	216,72,40	MeshInstance3D	0.0x0.2x0.3	mat=StandardMaterial3D@0.340,0.290,0.200;mat=StandardMaterial3D@0.340,0.290,0.200	StreetIdShot/OrisonRoot/F01/OrisonOriginalSalesBoard/ContractorCard
0	232,72,40	MeshInstance3D	0.0x0.0x0.0	mat=StandardMaterial3D@0.310,0.190,0.065;mat=StandardMaterial3D@0.310,0.190,0.065	StreetIdShot/OrisonRoot/F01/OrisonOriginalSalesBoard/BentBrassTack
0	248,72,40	MeshInstance3D	0.0x0.0x0.0	mat=StandardMaterial3D@0.310,0.190,0.065;mat=StandardMaterial3D@0.310,0.190,0.065	StreetIdShot/OrisonRoot/F01/OrisonOriginalSalesBoard/@MeshInstance3D@25283
0	8,88,40	MeshInstance3D	0.2x0.1x1.5	mat=StandardMaterial3D@0.038,0.023,0.016;mat=StandardMaterial3D@0.038,0.023,0.016	StreetIdShot/OrisonRoot/F01/OrisonOriginalSalesBoard/DustLedge
0	24,88,40	MeshInstance3D	0.0x0.0x0.0	mat=StandardMaterial3D@0.130,0.105,0.075;mat=StandardMaterial3D@0.130,0.105,0.075	StreetIdShot/OrisonRoot/F01/OrisonOriginalSalesBoard/PlasterChip
0	40,88,40	MeshInstance3D	0.0x0.0x0.1	mat=StandardMaterial3D@0.130,0.105,0.075;mat=StandardMaterial3D@0.130,0.105,0.075	StreetIdShot/OrisonRoot/F01/OrisonOriginalSalesBoard/@MeshInstance3D@25284
0	56,88,40	MeshInstance3D	0.0x0.1x0.0	mat=StandardMaterial3D@0.130,0.105,0.075;mat=StandardMaterial3D@0.130,0.105,0.075	StreetIdShot/OrisonRoot/F01/OrisonOriginalSalesBoard/@MeshInstance3D@25285
0	72,88,40	MeshInstance3D	0.0x0.0x0.1	mat=StandardMaterial3D@0.130,0.105,0.075;mat=StandardMaterial3D@0.130,0.105,0.075	StreetIdShot/OrisonRoot/F01/OrisonOriginalSalesBoard/@MeshInstance3D@25286
0	88,88,40	MeshInstance3D	0.0x0.0x0.1	mat=StandardMaterial3D@0.310,0.240,0.150;mat=StandardMaterial3D@0.310,0.240,0.150	StreetIdShot/OrisonRoot/F01/OrisonOriginalSalesBoard/DeadMothWing
0	104,88,40	MeshInstance3D	0.6x0.0x0.0	mat=StandardMaterial3D@0.310,0.190,0.065;mat=StandardMaterial3D@0.310,0.190,0.065	StreetIdShot/OrisonRoot/F01/OrisonOriginalSalesBoard/DisobedientPullChain
0	120,88,40	MeshInstance3D	2.5x0.1x0.7	mat=StandardMaterial3D@0.550,0.450,0.340;mat=StandardMaterial3D@0.550,0.450,0.340	StreetIdShot/OrisonRoot/F01/RealityMaintenanceHeadquarters/@MeshInstance3D@25288
0	136,88,40	MeshInstance3D	0.1x0.8x0.6	mat=StandardMaterial3D@0.380,0.400,0.390;mat=StandardMaterial3D@0.380,0.400,0.390	StreetIdShot/OrisonRoot/F01/RealityMaintenanceHeadquarters/@MeshInstance3D@25289
0	152,88,40	MeshInstance3D	0.1x0.8x0.6	mat=StandardMaterial3D@0.380,0.400,0.390;mat=StandardMaterial3D@0.380,0.400,0.390	StreetIdShot/OrisonRoot/F01/RealityMaintenanceHeadquarters/@MeshInstance3D@25290
0	168,88,40	MeshInstance3D	2.6x1.4x0.1	mat=StandardMaterial3D@0.300,0.340,0.290;mat=StandardMaterial3D@0.300,0.340,0.290	StreetIdShot/OrisonRoot/F01/RealityMaintenanceHeadquarters/@MeshInstance3D@25291
0	184,88,40	MeshInstance3D	2.7x0.1x0.3	mat=StandardMaterial3D@0.380,0.400,0.390;mat=StandardMaterial3D@0.380,0.400,0.390	StreetIdShot/OrisonRoot/F01/RealityMaintenanceHeadquarters/@MeshInstance3D@25292
0	200,88,40	MeshInstance3D	2.7x0.1x0.3	mat=StandardMaterial3D@0.380,0.400,0.390;mat=StandardMaterial3D@0.380,0.400,0.390	StreetIdShot/OrisonRoot/F01/RealityMaintenanceHeadquarters/@MeshInstance3D@25293
0	216,88,40	MeshInstance3D	0.1x0.3x0.1	mat=StandardMaterial3D@0.450,0.560,0.530;mat=StandardMaterial3D@0.450,0.560,0.530	StreetIdShot/OrisonRoot/F01/RealityMaintenanceHeadquarters/Gear_inspection_light/@MeshInstance3D@25294
0	232,88,40	MeshInstance3D	0.0x0.3x0.3	mat=StandardMaterial3D@0.250,0.230,0.180;mat=StandardMaterial3D@0.250,0.230,0.180	StreetIdShot/OrisonRoot/F01/RealityMaintenanceHeadquarters/@MeshInstance3D@25303
0	248,88,40	MeshInstance3D	0.0x0.3x0.3	mat=StandardMaterial3D@0.250,0.230,0.180;mat=StandardMaterial3D@0.250,0.230,0.180	StreetIdShot/OrisonRoot/F01/RealityMaintenanceHeadquarters/@MeshInstance3D@25304
0	8,104,40	MeshInstance3D	0.0x0.3x0.3	mat=StandardMaterial3D@0.250,0.230,0.180;mat=StandardMaterial3D@0.250,0.230,0.180	StreetIdShot/OrisonRoot/F01/RealityMaintenanceHeadquarters/@MeshInstance3D@25305
0	24,104,40	MeshInstance3D	0.0x0.3x0.3	mat=StandardMaterial3D@0.250,0.230,0.180;mat=StandardMaterial3D@0.250,0.230,0.180	StreetIdShot/OrisonRoot/F01/RealityMaintenanceHeadquarters/@MeshInstance3D@25306
0	40,104,40	MeshInstance3D	0.0x0.3x0.3	mat=StandardMaterial3D@0.250,0.230,0.180;mat=StandardMaterial3D@0.250,0.230,0.180	StreetIdShot/OrisonRoot/F01/RealityMaintenanceHeadquarters/@MeshInstance3D@25307
0	56,104,40	MeshInstance3D	0.0x0.3x0.3	mat=StandardMaterial3D@0.250,0.230,0.180;mat=StandardMaterial3D@0.250,0.230,0.180	StreetIdShot/OrisonRoot/F01/RealityMaintenanceHeadquarters/@MeshInstance3D@25308
0	72,104,40	MeshInstance3D	0.0x0.3x0.3	mat=StandardMaterial3D@0.250,0.230,0.180;mat=StandardMaterial3D@0.250,0.230,0.180	StreetIdShot/OrisonRoot/F01/RealityMaintenanceHeadquarters/@MeshInstance3D@25309
0	88,104,40	MeshInstance3D	0.0x0.3x0.3	mat=StandardMaterial3D@0.250,0.230,0.180;mat=StandardMaterial3D@0.250,0.230,0.180	StreetIdShot/OrisonRoot/F01/RealityMaintenanceHeadquarters/@MeshInstance3D@25310
0	104,104,40	MeshInstance3D	0.0x0.3x0.3	mat=StandardMaterial3D@0.250,0.230,0.180;mat=StandardMaterial3D@0.250,0.230,0.180	StreetIdShot/OrisonRoot/F01/RealityMaintenanceHeadquarters/@MeshInstance3D@25311
0	120,104,40	MeshInstance3D	0.0x0.3x0.3	mat=StandardMaterial3D@0.250,0.230,0.180;mat=StandardMaterial3D@0.250,0.230,0.180	StreetIdShot/OrisonRoot/F01/RealityMaintenanceHeadquarters/@MeshInstance3D@25312
0	136,104,40	MeshInstance3D	0.0x0.3x0.3	mat=StandardMaterial3D@0.250,0.230,0.180;mat=StandardMaterial3D@0.250,0.230,0.180	StreetIdShot/OrisonRoot/F01/RealityMaintenanceHeadquarters/@MeshInstance3D@25313
0	152,104,40	MeshInstance3D	0.0x0.3x0.3	mat=StandardMaterial3D@0.250,0.230,0.180;mat=StandardMaterial3D@0.250,0.230,0.180	StreetIdShot/OrisonRoot/F01/RealityMaintenanceHeadquarters/@MeshInstance3D@25314
0	168,104,40	MeshInstance3D	0.0x0.3x0.3	mat=StandardMaterial3D@0.250,0.230,0.180;mat=StandardMaterial3D@0.250,0.230,0.180	StreetIdShot/OrisonRoot/F01/RealityMaintenanceHeadquarters/@MeshInstance3D@25315
0	184,104,40	MeshInstance3D	0.0x0.3x0.3	mat=StandardMaterial3D@0.250,0.230,0.180;mat=StandardMaterial3D@0.250,0.230,0.180	StreetIdShot/OrisonRoot/F01/RealityMaintenanceHeadquarters/@MeshInstance3D@25316
0	200,104,40	MeshInstance3D	0.0x0.3x0.3	mat=StandardMaterial3D@0.250,0.230,0.180;mat=StandardMaterial3D@0.250,0.230,0.180	StreetIdShot/OrisonRoot/F01/RealityMaintenanceHeadquarters/@MeshInstance3D@25317
0	216,104,40	MeshInstance3D	0.0x0.3x0.3	mat=StandardMaterial3D@0.250,0.230,0.180;mat=StandardMaterial3D@0.250,0.230,0.180	StreetIdShot/OrisonRoot/F01/RealityMaintenanceHeadquarters/@MeshInstance3D@25318
0	232,104,40	MeshInstance3D	0.0x0.3x0.3	mat=StandardMaterial3D@0.250,0.230,0.180;mat=StandardMaterial3D@0.250,0.230,0.180	StreetIdShot/OrisonRoot/F01/RealityMaintenanceHeadquarters/@MeshInstance3D@25319
0	248,104,40	MeshInstance3D	0.0x0.3x0.3	mat=StandardMaterial3D@0.250,0.230,0.180;mat=StandardMaterial3D@0.250,0.230,0.180	StreetIdShot/OrisonRoot/F01/RealityMaintenanceHeadquarters/@MeshInstance3D@25320
0	8,120,40	MeshInstance3D	27.3x0.0x19.3	mat=M_plaster_c@1.000,1.000,1.000	StreetIdShot/OrisonRoot/F02/F02_ceiling_plaster
0	24,120,40	MeshInstance3D	23.2x0.0x15.8	mat=M_plaster_stained_c@1.000,1.000,1.000	StreetIdShot/OrisonRoot/F02/F02_ceiling_plaster_stained
0	40,120,40	MeshInstance3D	10.7x0.0x19.3	mat=M_tin_ceiling_c@1.000,1.000,1.000	StreetIdShot/OrisonRoot/F02/F02_ceiling_tin_ceiling
0	56,120,40	MeshInstance3D	15.4x0.0x12.4	mat=M_ceramic_c@1.000,1.000,1.000	StreetIdShot/OrisonRoot/F02/F02_floors_ceramic
0	72,120,40	MeshInstance3D	6.5x0.0x3.5	mat=M_concrete_c@1.000,1.000,1.000	StreetIdShot/OrisonRoot/F02/F02_floors_concrete
0	88,120,40	MeshInstance3D	27.3x0.0x19.3	mat=M_floor_oak_c@1.000,1.000,1.000	StreetIdShot/OrisonRoot/F02/F02_floors_floor_oak
0	104,120,40	MeshInstance3D	10.7x0.0x19.3	mat=M_terrazzo_c@1.000,1.000,1.000	StreetIdShot/OrisonRoot/F02/F02_floors_terrazzo
0	120,120,40	MeshInstance3D	24.7x1.2x11.3	mat=M_bakelite_c@1.000,1.000,1.000	StreetIdShot/OrisonRoot/F02/F02_furnish_bakelite
0	136,120,40	MeshInstance3D	23.6x0.1x16.3	mat=M_bakelite_black@1.000,1.000,1.000	StreetIdShot/OrisonRoot/F02/F02_furnish_bakelite_black
0	152,120,40	MeshInstance3D	25.9x3.3x16.4	mat=M_brass_c@1.000,1.000,1.000	StreetIdShot/OrisonRoot/F02/F02_furnish_brass
0	168,120,40	MeshInstance3D	23.6x0.1x16.3	mat=M_brass_bright@1.000,1.000,1.000	StreetIdShot/OrisonRoot/F02/F02_furnish_brass_bright
0	184,120,40	MeshInstance3D	23.6x0.1x16.3	mat=M_brass_dull@1.000,1.000,1.000	StreetIdShot/OrisonRoot/F02/F02_furnish_brass_dull
0	200,120,40	MeshInstance3D	22.0x0.8x10.6	mat=M_chrome_c@1.000,1.000,1.000	StreetIdShot/OrisonRoot/F02/F02_furnish_chrome
0	216,120,40	MeshInstance3D	15.1x0.1x9.3	mat=M_countertop_c@1.000,1.000,1.000	StreetIdShot/OrisonRoot/F02/F02_furnish_countertop
0	232,120,40	MeshInstance3D	24.9x0.8x10.2	mat=M_enamel_c@1.000,1.000,1.000	StreetIdShot/OrisonRoot/F02/F02_furnish_enamel
0	248,120,40	MeshInstance3D	26.5x0.8x9.1	mat=M_fabric_cool_c@1.000,1.000,1.000	StreetIdShot/OrisonRoot/F02/F02_furnish_fabric_cool
0	8,136,40	MeshInstance3D	26.5x0.6x9.0	mat=M_fabric_green_c@1.000,1.000,1.000	StreetIdShot/OrisonRoot/F02/F02_furnish_fabric_green
0	24,136,40	MeshInstance3D	6.4x0.6x9.3	mat=M_fabric_warm_c@1.000,1.000,1.000	StreetIdShot/OrisonRoot/F02/F02_furnish_fabric_warm
0	40,136,40	MeshInstance3D	23.6x1.8x16.4	mat=M_floor_oak_c@1.000,1.000,1.000	StreetIdShot/OrisonRoot/F02/F02_furnish_floor_oak
0	56,136,40	MeshInstance3D	26.2x0.8x18.1	mat=M_linen_c@1.000,1.000,1.000	StreetIdShot/OrisonRoot/F02/F02_furnish_linen
0	72,136,40	MeshInstance3D	26.7x3.0x12.4	mat=M_metal_c@1.000,1.000,1.000	StreetIdShot/OrisonRoot/F02/F02_furnish_metal
0	88,136,40	MeshInstance3D	13.9x0.1x9.1	mat=M_nickel_plated@1.000,1.000,1.000	StreetIdShot/OrisonRoot/F02/F02_furnish_nickel_plated
0	104,136,40	MeshInstance3D	26.9x1.6x17.9	mat=M_paper_c@1.000,1.000,1.000	StreetIdShot/OrisonRoot/F02/F02_furnish_paper
0	120,136,40	MeshInstance3D	0.3x0.0x0.6	mat=M_plywood_c@1.000,1.000,1.000	StreetIdShot/OrisonRoot/F02/F02_furnish_plywood
0	136,136,40	MeshInstance3D	17.8x1.1x13.8	mat=M_porcelain_c@1.000,1.000,1.000	StreetIdShot/OrisonRoot/F02/F02_furnish_porcelain
0	152,136,40	MeshInstance3D	26.6x1.6x16.3	mat=M_soot_c@1.000,1.000,1.000	StreetIdShot/OrisonRoot/F02/F02_furnish_soot
0	168,136,40	MeshInstance3D	26.9x1.6x12.4	mat=M_timber_c@1.000,1.000,1.000	StreetIdShot/OrisonRoot/F02/F02_furnish_timber
0	184,136,40	MeshInstance3D	21.3x2.2x14.2	mat=M_trim_c@1.000,1.000,1.000	StreetIdShot/OrisonRoot/F02/F02_furnish_trim
0	200,136,40	MeshInstance3D	27.2x2.0x18.2	mat=M_wood_dark_c@1.000,1.000,1.000	StreetIdShot/OrisonRoot/F02/F02_furnish_wood_dark
0	216,136,40	MeshInstance3D	25.1x0.8x12.8	mat=M_art@1.000,1.000,1.000	StreetIdShot/OrisonRoot/F02/F02_furniture_art
0	232,136,40	MeshInstance3D	0.4x0.2x0.3	mat=M_bakelite_c@1.000,1.000,1.000	StreetIdShot/OrisonRoot/F02/F02_furniture_bakelite
0	248,136,40	MeshInstance3D	10.9x1.5x13.5	mat=M_brass_c@1.000,1.000,1.000	StreetIdShot/OrisonRoot/F02/F02_furniture_brass
0	8,152,40	MeshInstance3D	17.0x0.0x12.4	mat=M_brass_dull@1.000,1.000,1.000	StreetIdShot/OrisonRoot/F02/F02_furniture_brass_dull
0	24,152,40	MeshInstance3D	0.7x0.6x0.3	mat=M_cast_iron_c@1.000,1.000,1.000	StreetIdShot/OrisonRoot/F02/F02_furniture_cast_iron
0	40,152,40	MeshInstance3D	0.3x0.4x0.3	mat=M_ceramic_c@1.000,1.000,1.000	StreetIdShot/OrisonRoot/F02/F02_furniture_ceramic
0	56,152,40	MeshInstance3D	15.2x0.0x10.6	mat=M_chrome_c@1.000,1.000,1.000	StreetIdShot/OrisonRoot/F02/F02_furniture_chrome
0	72,152,40	MeshInstance3D	10.9x1.0x13.5	mat=M_indicator_enamel@1.000,1.000,1.000	StreetIdShot/OrisonRoot/F02/F02_furniture_indicator_enamel
0	88,152,40	MeshInstance3D	17.7x1.0x10.4	mat=M_linen_c@1.000,1.000,1.000	StreetIdShot/OrisonRoot/F02/F02_furniture_linen
0	104,152,40	MeshInstance3D	17.0x0.0x12.4	mat=M_linoleum_c@1.000,1.000,1.000	StreetIdShot/OrisonRoot/F02/F02_furniture_linoleum
0	120,152,40	MeshInstance3D	21.6x1.9x11.9	mat=M_metal_c@1.000,1.000,1.000	StreetIdShot/OrisonRoot/F02/F02_furniture_metal
0	136,152,40	MeshInstance3D	0.1x2.3x4.8	mat=M_paper_c@1.000,1.000,1.000	StreetIdShot/OrisonRoot/F02/F02_furniture_paper
0	152,152,40	MeshInstance3D	10.0x0.0x16.0	mat=M_plaster_stained_c@1.000,1.000,1.000	StreetIdShot/OrisonRoot/F02/F02_furniture_plaster_stained
0	168,152,40	MeshInstance3D	0.3x1.5x0.3	mat=M_rug_warm_c@1.000,1.000,1.000	StreetIdShot/OrisonRoot/F02/F02_furniture_rug_warm
0	184,152,40	MeshInstance3D	3.4x0.0x2.4	mat=M_soot_c@1.000,1.000,1.000	StreetIdShot/OrisonRoot/F02/F02_furniture_soot
0	200,152,40	MeshInstance3D	5.3x16.2x1.3	mat=M_timber_c@1.000,1.000,1.000	StreetIdShot/OrisonRoot/F02/F02_furniture_timber
0	216,152,40	MeshInstance3D	27.5x1.8x19.5	mat=M_trim_c@1.000,1.000,1.000	StreetIdShot/OrisonRoot/F02/F02_furniture_trim
0	232,152,40	MeshInstance3D	25.5x2.3x12.8	mat=M_wood_dark_c@1.000,1.000,1.000	StreetIdShot/OrisonRoot/F02/F02_furniture_wood_dark
0	248,152,40	MeshInstance3D	27.9x0.2x19.9	mat=M_slab_c@1.000,1.000,1.000	StreetIdShot/OrisonRoot/F02/F02_slabs
0	8,168,40	MeshInstance3D	6.3x3.2x2.9	mat=M_stair_c@1.000,1.000,1.000	StreetIdShot/OrisonRoot/F02/F02_stairs
0	24,168,40	MeshInstance3D	3.1x3.9x3.1	mat=M_baluster_c@1.000,1.000,1.000	StreetIdShot/OrisonRoot/F02/F02_stairs_bal
0	40,168,40	MeshInstance3D	6.2x3.4x3.1	mat=M_brass_c@1.000,1.000,1.000	StreetIdShot/OrisonRoot/F02/F02_stairs_brass
0	56,168,40	MeshInstance3D	6.3x3.4x3.1	mat=M_metal_c@1.000,1.000,1.000	StreetIdShot/OrisonRoot/F02/F02_stairs_iron
0	72,168,40	MeshInstance3D	6.3x1.8x6.3	mat=M_landing@1.000,1.000,1.000	StreetIdShot/OrisonRoot/F02/F02_stairs_landing
0	88,168,40	MeshInstance3D	6.3x4.2x3.2	mat=M_handrail_wood_c@1.000,1.000,1.000	StreetIdShot/OrisonRoot/F02/F02_stairs_rail
0	104,168,40	MeshInstance3D	6.3x2.9x2.9	mat=M_stair_treads@1.000,1.000,1.000	StreetIdShot/OrisonRoot/F02/F02_stairs_treads
0	120,168,40	MeshInstance3D	28.1x2.5x20.1	mat=M_limestone_c@1.000,1.000,1.000	StreetIdShot/OrisonRoot/F02/F02_stone_trim
0	136,168,40	MeshInstance3D	27.3x3.2x19.3	mat=M_trim_c@1.000,1.000,1.000	StreetIdShot/OrisonRoot/F02/F02_trim
0	152,168,40	MeshInstance3D	14.9x0.0x10.3	mat=M_brass_dull@1.000,1.000,1.000	StreetIdShot/OrisonRoot/F02/F02_vent_register_screws
0	168,168,40	MeshInstance3D	14.8x0.0x10.3	mat=M_cast_iron_c@1.000,1.000,1.000	StreetIdShot/OrisonRoot/F02/F02_vent_register_throat
0	184,168,40	MeshInstance3D	14.9x0.0x10.3	mat=M_trim_c@1.000,1.000,1.000	StreetIdShot/OrisonRoot/F02/F02_vent_register_trim
0	200,168,40	MeshInstance3D	15.5x1.2x12.4	mat=M_subway_tile_c@1.000,1.000,1.000	StreetIdShot/OrisonRoot/F02/F02_wainscot_subway_tile
0	216,168,40	MeshInstance3D	10.5x1.2x19.3	mat=M_wainscot_c@1.000,1.000,1.000	StreetIdShot/OrisonRoot/F02/F02_wainscot_wainscot
0	232,168,40	MeshInstance3D	27.3x3.0x19.3	mat=M_plaster_c@1.000,1.000,1.000	StreetIdShot/OrisonRoot/F02/F02_walls
0	248,168,40	MeshInstance3D	28.0x3.2x19.7	mat=M_common_brick_c@1.000,1.000,1.000	StreetIdShot/OrisonRoot/F02/F02_walls_cbrick
0	8,184,40	MeshInstance3D	2.3x3.0x2.3	mat=M_concrete_c@1.000,1.000,1.000	StreetIdShot/OrisonRoot/F02/F02_walls_conc
0	24,184,40	MeshInstance3D	27.3x3.2x0.4	mat=M_face_brick_c@1.000,1.000,1.000	StreetIdShot/OrisonRoot/F02/F02_walls_fbrick
0	40,184,40	MultiMeshInstance3D	24.1x0.1x16.9	instances=19;mesh=;mat=StandardMaterial3D@0.720,0.650,0.580;mat=StandardMaterial3D@0.780,0.700,0.520;mat=StandardMaterial3D@0.720,0.280,0.200	StreetIdShot/OrisonRoot/F02/F02_VantryPointBatch
0	56,184,40	MultiMeshInstance3D	20.2x2.9x8.0	instances=12;mesh=;mat=StandardMaterial3D@1.000,1.000,1.000	StreetIdShot/OrisonRoot/F02/@MultiMeshInstance3D@287
0	72,184,40	MultiMeshInstance3D	19.7x3.1x7.8	instances=7;mesh=;mat=StandardMaterial3D@1.000,1.000,1.000	StreetIdShot/OrisonRoot/F02/@MultiMeshInstance3D@288
0	88,184,40	MeshInstance3D	0.0x0.1x0.1	mat=StandardMaterial3D@0.035,0.040,0.045;mat=StandardMaterial3D@0.035,0.040,0.045	StreetIdShot/OrisonRoot/F02/Projector_2A/@MeshInstance3D@726
0	104,184,40	MeshInstance3D	0.2x0.0x0.3	mat=StandardMaterial3D@0.185,0.190,0.196;mat=StandardMaterial3D@0.185,0.190,0.196	StreetIdShot/OrisonRoot/F02/Projector_2A/@MeshInstance3D@730
0	120,184,40	MeshInstance3D	0.1x0.0x0.0	mat=StandardMaterial3D@0.130,0.134,0.140;mat=StandardMaterial3D@0.130,0.134,0.140	StreetIdShot/OrisonRoot/F02/Projector_2A/@MeshInstance3D@731
0	136,184,40	MeshInstance3D	0.1x0.0x0.0	mat=StandardMaterial3D@0.130,0.134,0.140;mat=StandardMaterial3D@0.130,0.134,0.140	StreetIdShot/OrisonRoot/F02/Projector_2A/@MeshInstance3D@732
0	152,184,40	MeshInstance3D	0.1x0.1x0.1	mat=StandardMaterial3D@0.185,0.190,0.196;mat=StandardMaterial3D@0.185,0.190,0.196	StreetIdShot/OrisonRoot/F02/Projector_2A/@MeshInstance3D@733
0	168,184,40	MeshInstance3D	0.1x0.2x0.1	mat=StandardMaterial3D@0.185,0.190,0.196;mat=StandardMaterial3D@0.185,0.190,0.196	StreetIdShot/OrisonRoot/F02/Projector_2A/@MeshInstance3D@734
0	184,184,40	MeshInstance3D	0.1x0.2x0.1	mat=StandardMaterial3D@0.130,0.134,0.140;mat=StandardMaterial3D@0.130,0.134,0.140	StreetIdShot/OrisonRoot/F02/Projector_2A/@MeshInstance3D@735
0	200,184,40	MeshInstance3D	0.0x0.0x0.1	mat=StandardMaterial3D@0.155,0.130,0.112;mat=StandardMaterial3D@0.155,0.130,0.112	StreetIdShot/OrisonRoot/F02/Projector_2A/@MeshInstance3D@736
0	216,184,40	MeshInstance3D	0.0x0.0x0.1	mat=StandardMaterial3D@0.155,0.130,0.112;mat=StandardMaterial3D@0.155,0.130,0.112	StreetIdShot/OrisonRoot/F02/Projector_2A/@MeshInstance3D@737
0	232,184,40	MeshInstance3D	0.0x0.0x0.1	mat=StandardMaterial3D@0.155,0.130,0.112;mat=StandardMaterial3D@0.155,0.130,0.112	StreetIdShot/OrisonRoot/F02/Projector_2A/@MeshInstance3D@738
0	248,184,40	MeshInstance3D	0.0x0.0x0.1	mat=StandardMaterial3D@0.155,0.130,0.112;mat=StandardMaterial3D@0.155,0.130,0.112	StreetIdShot/OrisonRoot/F02/Projector_2A/@MeshInstance3D@739
0	8,200,40	MeshInstance3D	0.0x0.0x0.1	mat=StandardMaterial3D@0.155,0.130,0.112;mat=StandardMaterial3D@0.155,0.130,0.112	StreetIdShot/OrisonRoot/F02/Projector_2A/@MeshInstance3D@740
0	24,200,40	MeshInstance3D	0.0x0.0x0.1	mat=StandardMaterial3D@0.155,0.130,0.112;mat=StandardMaterial3D@0.155,0.130,0.112	StreetIdShot/OrisonRoot/F02/Projector_2A/@MeshInstance3D@741
0	40,200,40	MeshInstance3D	0.1x0.0x0.1	mat=StandardMaterial3D@0.130,0.134,0.140;mat=StandardMaterial3D@0.130,0.134,0.140	StreetIdShot/OrisonRoot/F02/Projector_2A/@MeshInstance3D@742
0	56,200,40	MeshInstance3D	0.1x0.1x0.1	mat=StandardMaterial3D@0.130,0.134,0.140;mat=StandardMaterial3D@0.130,0.134,0.140	StreetIdShot/OrisonRoot/F02/Projector_2A/@MeshInstance3D@743
0	72,200,40	MeshInstance3D	0.0x0.1x0.1	mat=StandardMaterial3D@0.520,0.410,0.190;mat=StandardMaterial3D@0.520,0.410,0.190	StreetIdShot/OrisonRoot/F02/Projector_2A/@MeshInstance3D@744
0	88,200,40	MeshInstance3D	0.0x0.1x0.1	mat=StandardMaterial3D@0.130,0.134,0.140;mat=StandardMaterial3D@0.130,0.134,0.140	StreetIdShot/OrisonRoot/F02/Projector_2A/@MeshInstance3D@745
0	104,200,40	MeshInstance3D	0.0x0.1x0.0	mat=StandardMaterial3D@0.520,0.410,0.190;mat=StandardMaterial3D@0.520,0.410,0.190	StreetIdShot/OrisonRoot/F02/Projector_2A/@MeshInstance3D@746
0	120,200,40	MeshInstance3D	0.0x0.0x0.0	mat=StandardMaterial3D@0.130,0.134,0.140;mat=StandardMaterial3D@0.130,0.134,0.140	StreetIdShot/OrisonRoot/F02/Projector_2A/@MeshInstance3D@747
0	136,200,40	MeshInstance3D	0.0x0.0x0.0	mat=StandardMaterial3D@0.130,0.134,0.140;mat=StandardMaterial3D@0.130,0.134,0.140	StreetIdShot/OrisonRoot/F02/Projector_2A/@MeshInstance3D@748
0	152,200,40	MeshInstance3D	0.0x0.0x0.0	mat=StandardMaterial3D@0.155,0.130,0.112;mat=StandardMaterial3D@0.155,0.130,0.112	StreetIdShot/OrisonRoot/F02/Projector_2A/@MeshInstance3D@749
0	168,200,40	MeshInstance3D	0.0x0.0x0.0	mat=StandardMaterial3D@0.155,0.130,0.112;mat=StandardMaterial3D@0.155,0.130,0.112	StreetIdShot/OrisonRoot/F02/Projector_2A/@MeshInstance3D@750
0	184,200,40	MeshInstance3D	0.0x0.0x0.0	mat=StandardMaterial3D@0.130,0.134,0.140;mat=StandardMaterial3D@0.130,0.134,0.140	StreetIdShot/OrisonRoot/F02/Projector_2A/@MeshInstance3D@751
0	200,200,40	MeshInstance3D	0.0x0.1x0.0	mat=StandardMaterial3D@0.105,0.108,0.112;mat=StandardMaterial3D@0.105,0.108,0.112	StreetIdShot/OrisonRoot/F02/Projector_2A/@MeshInstance3D@752
0	216,200,40	MeshInstance3D	0.0x0.0x0.1	mat=StandardMaterial3D@0.105,0.108,0.112;mat=StandardMaterial3D@0.105,0.108,0.112	StreetIdShot/OrisonRoot/F02/Projector_2A/@MeshInstance3D@753
0	232,200,40	MeshInstance3D	0.2x0.2x0.0	mat=StandardMaterial3D@0.140,0.135,0.130;mat=StandardMaterial3D@0.140,0.135,0.130	StreetIdShot/OrisonRoot/F02/Projector_2A/@MeshInstance3D@754
0	248,200,40	MeshInstance3D	0.2x0.2x0.0	mat=StandardMaterial3D@0.140,0.135,0.130;mat=StandardMaterial3D@0.140,0.135,0.130	StreetIdShot/OrisonRoot/F02/Projector_2A/@MeshInstance3D@755
0	8,216,40	MeshInstance3D	0.2x0.2x0.0	mat=StandardMaterial3D@0.045,0.040,0.038;mat=StandardMaterial3D@0.045,0.040,0.038	StreetIdShot/OrisonRoot/F02/Projector_2A/@MeshInstance3D@756
0	24,216,40	MeshInstance3D	0.0x0.0x0.0	mat=StandardMaterial3D@0.140,0.135,0.130;mat=StandardMaterial3D@0.140,0.135,0.130	StreetIdShot/OrisonRoot/F02/Projector_2A/@MeshInstance3D@757
0	40,216,40	MeshInstance3D	0.1x0.2x0.0	mat=StandardMaterial3D@0.105,0.108,0.112;mat=StandardMaterial3D@0.105,0.108,0.112	StreetIdShot/OrisonRoot/F02/Projector_2A/@MeshInstance3D@758
0	56,216,40	MeshInstance3D	0.0x0.0x0.1	mat=StandardMaterial3D@0.105,0.108,0.112;mat=StandardMaterial3D@0.105,0.108,0.112	StreetIdShot/OrisonRoot/F02/Projector_2A/@MeshInstance3D@759
0	72,216,40	MeshInstance3D	0.2x0.2x0.0	mat=StandardMaterial3D@0.140,0.135,0.130;mat=StandardMaterial3D@0.140,0.135,0.130	StreetIdShot/OrisonRoot/F02/Projector_2A/@MeshInstance3D@760
0	88,216,40	MeshInstance3D	0.2x0.2x0.0	mat=StandardMaterial3D@0.140,0.135,0.130;mat=StandardMaterial3D@0.140,0.135,0.130	StreetIdShot/OrisonRoot/F02/Projector_2A/@MeshInstance3D@761
0	104,216,40	MeshInstance3D	0.1x0.1x0.0	mat=StandardMaterial3D@0.045,0.040,0.038;mat=StandardMaterial3D@0.045,0.040,0.038	StreetIdShot/OrisonRoot/F02/Projector_2A/@MeshInstance3D@762
0	120,216,40	MeshInstance3D	0.0x0.0x0.0	mat=StandardMaterial3D@0.140,0.135,0.130;mat=StandardMaterial3D@0.140,0.135,0.130	StreetIdShot/OrisonRoot/F02/Projector_2A/@MeshInstance3D@763
0	136,216,40	MeshInstance3D	0.2x0.0x0.0	mat=StandardMaterial3D@0.155,0.130,0.112;mat=StandardMaterial3D@0.155,0.130,0.112	StreetIdShot/OrisonRoot/F02/Projector_2A/@MeshInstance3D@764
0	152,216,40	MeshInstance3D	0.0x0.0x0.0	mat=Material_1@1.000,1.000,1.000	StreetIdShot/OrisonRoot/F02/NPC_mina_vale/RiggedCharacter/Armature/Skeleton3D/char1
0	168,216,40	MeshInstance3D	0.3x0.0x0.2	mat=StandardMaterial3D@0.200,0.280,0.250;mat=StandardMaterial3D@0.200,0.280,0.250	StreetIdShot/OrisonRoot/F02/AffectedProp_mina_caption_cards/@MeshInstance3D@23660
0	184,216,40	MeshInstance3D	0.3x0.0x0.2	mat=StandardMaterial3D@0.200,0.280,0.250;mat=StandardMaterial3D@0.200,0.280,0.250	StreetIdShot/OrisonRoot/F02/AffectedProp_mina_caption_cards/@MeshInstance3D@23661
0	200,216,40	MeshInstance3D	0.3x0.0x0.2	mat=StandardMaterial3D@0.200,0.280,0.250;mat=StandardMaterial3D@0.200,0.280,0.250	StreetIdShot/OrisonRoot/F02/AffectedProp_mina_caption_cards/@MeshInstance3D@23662
0	216,216,40	MeshInstance3D	0.3x0.0x0.2	mat=StandardMaterial3D@0.270,0.290,0.330;mat=StandardMaterial3D@0.270,0.290,0.330	StreetIdShot/OrisonRoot/F02/AffectedProp_mina_style_guide/@MeshInstance3D@23667
0	232,216,40	MeshInstance3D	0.3x0.0x0.0	mat=StandardMaterial3D@0.420,0.240,0.160;mat=StandardMaterial3D@0.420,0.240,0.160	StreetIdShot/OrisonRoot/F02/AffectedProp_mina_redaction_pencil/@MeshInstance3D@23670
0	248,216,40	MeshInstance3D	0.3x0.2x0.2	mat=StandardMaterial3D@0.270,0.290,0.330;mat=StandardMaterial3D@0.270,0.290,0.330	StreetIdShot/OrisonRoot/F02/AffectedProp_lena_sewing_machine/@MeshInstance3D@23673
0	8,232,40	MeshInstance3D	0.1x0.1x0.0	mat=StandardMaterial3D@0.270,0.290,0.330;mat=StandardMaterial3D@0.270,0.290,0.330	StreetIdShot/OrisonRoot/F02/AffectedProp_lena_sewing_machine/@MeshInstance3D@23674
0	24,232,40	MeshInstance3D	0.1x0.1x0.0	mat=StandardMaterial3D@0.270,0.290,0.330;mat=StandardMaterial3D@0.270,0.290,0.330	StreetIdShot/OrisonRoot/F02/AffectedProp_lena_sewing_machine/@MeshInstance3D@23675
0	40,232,40	MeshInstance3D	0.1x0.1x0.1	mat=StandardMaterial3D@0.180,0.310,0.380;mat=StandardMaterial3D@0.180,0.310,0.380	StreetIdShot/OrisonRoot/F02/AffectedProp_lena_thread_spools/@MeshInstance3D@23680
0	56,232,40	MeshInstance3D	0.1x0.1x0.1	mat=StandardMaterial3D@0.180,0.310,0.380;mat=StandardMaterial3D@0.180,0.310,0.380	StreetIdShot/OrisonRoot/F02/AffectedProp_lena_thread_spools/@MeshInstance3D@23681
0	72,232,40	MeshInstance3D	0.3x0.0x0.0	mat=StandardMaterial3D@0.420,0.380,0.240;mat=StandardMaterial3D@0.420,0.380,0.240	StreetIdShot/OrisonRoot/F02/AffectedProp_lena_shears/@MeshInstance3D@23685
0	88,232,40	MeshInstance3D	0.2x0.0x0.0	mat=StandardMaterial3D@0.420,0.380,0.240;mat=StandardMaterial3D@0.420,0.380,0.240	StreetIdShot/OrisonRoot/F02/AffectedProp_lena_shears/@MeshInstance3D@23686
0	104,232,40	MeshInstance3D	0.3x0.2x0.2	mat=StandardMaterial3D@0.200,0.280,0.250;mat=StandardMaterial3D@0.200,0.280,0.250	StreetIdShot/OrisonRoot/F02/AffectedProp_juno_field_recorder/@MeshInstance3D@23690
0	120,232,40	MeshInstance3D	0.1x0.1x0.0	mat=StandardMaterial3D@0.200,0.280,0.250;mat=StandardMaterial3D@0.200,0.280,0.250	StreetIdShot/OrisonRoot/F02/AffectedProp_juno_field_recorder/@MeshInstance3D@23691
0	136,232,40	MeshInstance3D	0.1x0.1x0.0	mat=StandardMaterial3D@0.200,0.280,0.250;mat=StandardMaterial3D@0.200,0.280,0.250	StreetIdShot/OrisonRoot/F02/AffectedProp_juno_field_recorder/@MeshInstance3D@23692
0	152,232,40	MeshInstance3D	0.3x0.2x0.2	mat=StandardMaterial3D@0.200,0.280,0.250;mat=StandardMaterial3D@0.200,0.280,0.250	StreetIdShot/OrisonRoot/F02/AffectedProp_juno_master_cassette/@MeshInstance3D@23697
0	168,232,40	MeshInstance3D	0.3x0.0x0.3	mat=StandardMaterial3D@0.200,0.280,0.250;mat=StandardMaterial3D@0.200,0.280,0.250	StreetIdShot/OrisonRoot/F02/AffectedProp_juno_patch_cables/@MeshInstance3D@23700
0	184,232,40	MeshInstance3D	0.3x0.0x0.3	mat=StandardMaterial3D@0.200,0.280,0.250;mat=StandardMaterial3D@0.200,0.280,0.250	StreetIdShot/OrisonRoot/F02/AffectedProp_juno_patch_cables/@MeshInstance3D@23701
0	200,232,40	MeshInstance3D	0.4x0.0x0.4	mat=StandardMaterial3D@0.200,0.280,0.250;mat=StandardMaterial3D@0.200,0.280,0.250	StreetIdShot/OrisonRoot/F02/AffectedProp_juno_patch_cables/@MeshInstance3D@23702
0	216,232,40	MeshInstance3D	0.1x0.1x0.0	mat=StandardMaterial3D@0.080,0.075,0.070;mat=StandardMaterial3D@0.080,0.075,0.070	StreetIdShot/OrisonRoot/F02/DomesticWitness_mina_caption_crisis/FaceRig/HourHand/@MeshInstance3D@24098
0	232,232,40	MeshInstance3D	0.1x0.0x0.0	mat=StandardMaterial3D@0.080,0.075,0.070;mat=StandardMaterial3D@0.080,0.075,0.070	StreetIdShot/OrisonRoot/F02/DomesticWitness_mina_caption_crisis/FaceRig/MinuteHand/@MeshInstance3D@24099
0	248,232,40	MeshInstance3D	0.0x0.1x0.0	mat=StandardMaterial3D@0.839,0.651,0.180;mat=StandardMaterial3D@0.839,0.651,0.180	StreetIdShot/OrisonRoot/F02/DomesticWitness_mina_caption_crisis/FaceRig/SecondHand/@MeshInstance3D@24100
0	8,248,40	MeshInstance3D	0.4x0.4x0.1	mat=StandardMaterial3D@1.000,1.000,1.000;mat=StandardMaterial3D@1.000,1.000,1.000	StreetIdShot/OrisonRoot/F02/DomesticWitness_mina_caption_crisis/@MeshInstance3D@24103
0	24,248,40	MeshInstance3D	0.4x0.4x0.0	mat=StandardMaterial3D@0.860,0.870,0.880;mat=StandardMaterial3D@0.860,0.870,0.880	StreetIdShot/OrisonRoot/F02/DomesticWitness_mina_caption_crisis/@MeshInstance3D@24104
0	40,248,40	MeshInstance3D	0.3x0.3x0.0	mat=StandardMaterial3D@0.900,0.850,0.740;mat=StandardMaterial3D@0.900,0.850,0.740	StreetIdShot/OrisonRoot/F02/DomesticWitness_mina_caption_crisis/@MeshInstance3D@24105
0	56,248,40	MeshInstance3D	0.3x0.3x0.0	mat=StandardMaterial3D@0.839,0.651,0.180;mat=StandardMaterial3D@0.839,0.651,0.180	StreetIdShot/OrisonRoot/F02/DomesticWitness_mina_caption_crisis/@MeshInstance3D@24106
0	72,248,40	MeshInstance3D	0.2x0.2x0.0	mat=StandardMaterial3D@0.170,0.160,0.140;mat=StandardMaterial3D@0.170,0.160,0.140	StreetIdShot/OrisonRoot/F02/DomesticWitness_mina_caption_crisis/@MeshInstance3D@24107
0	88,248,40	MeshInstance3D	0.1x0.1x0.0	mat=StandardMaterial3D@0.080,0.075,0.070;mat=StandardMaterial3D@0.080,0.075,0.070	StreetIdShot/OrisonRoot/F02/DomesticWitness_lena_unraveling/FaceRig/HourHand/@MeshInstance3D@24134
0	104,248,40	MeshInstance3D	0.1x0.0x0.0	mat=StandardMaterial3D@0.080,0.075,0.070;mat=StandardMaterial3D@0.080,0.075,0.070	StreetIdShot/OrisonRoot/F02/DomesticWitness_lena_unraveling/FaceRig/MinuteHand/@MeshInstance3D@24135
0	120,248,40	MeshInstance3D	0.0x0.1x0.0	mat=StandardMaterial3D@0.643,0.239,0.365;mat=StandardMaterial3D@0.643,0.239,0.365	StreetIdShot/OrisonRoot/F02/DomesticWitness_lena_unraveling/FaceRig/SecondHand/@MeshInstance3D@24136
0	136,248,40	MeshInstance3D	0.4x0.4x0.1	mat=StandardMaterial3D@1.000,1.000,1.000;mat=StandardMaterial3D@1.000,1.000,1.000	StreetIdShot/OrisonRoot/F02/DomesticWitness_lena_unraveling/@MeshInstance3D@24139
0	152,248,40	MeshInstance3D	0.3x0.3x0.0	mat=StandardMaterial3D@0.643,0.239,0.365;mat=StandardMaterial3D@0.643,0.239,0.365	StreetIdShot/OrisonRoot/F02/DomesticWitness_lena_unraveling/@MeshInstance3D@24140
0	168,248,40	MeshInstance3D	0.0x0.0x0.0	mat=StandardMaterial3D@0.550,0.520,0.450;mat=StandardMaterial3D@0.550,0.520,0.450	StreetIdShot/OrisonRoot/F02/DomesticWitness_lena_unraveling/@MeshInstance3D@24141
0	184,248,40	MeshInstance3D	0.3x0.3x0.0	mat=StandardMaterial3D@0.900,0.850,0.740;mat=StandardMaterial3D@0.900,0.850,0.740	StreetIdShot/OrisonRoot/F02/DomesticWitness_lena_unraveling/@MeshInstance3D@24142
0	200,248,40	MeshInstance3D	0.2x0.2x0.0	mat=StandardMaterial3D@0.170,0.160,0.140;mat=StandardMaterial3D@0.170,0.160,0.140	StreetIdShot/OrisonRoot/F02/DomesticWitness_lena_unraveling/@MeshInstance3D@24143
0	216,248,40	MeshInstance3D	0.1x0.1x0.0	mat=StandardMaterial3D@0.080,0.075,0.070;mat=StandardMaterial3D@0.080,0.075,0.070	StreetIdShot/OrisonRoot/F02/DomesticWitness_juno_feedback_tetris/FaceRig/HourHand/@MeshInstance3D@24161
0	232,248,40	MeshInstance3D	0.1x0.0x0.0	mat=StandardMaterial3D@0.080,0.075,0.070;mat=StandardMaterial3D@0.080,0.075,0.070	StreetIdShot/OrisonRoot/F02/DomesticWitness_juno_feedback_tetris/FaceRig/MinuteHand/@MeshInstance3D@24162
0	248,248,40	MeshInstance3D	0.0x0.1x0.0	mat=StandardMaterial3D@0.463,0.337,0.659;mat=StandardMaterial3D@0.463,0.337,0.659	StreetIdShot/OrisonRoot/F02/DomesticWitness_juno_feedback_tetris/FaceRig/SecondHand/@MeshInstance3D@24163
0	8,8,56	MeshInstance3D	0.4x0.2x0.1	mat=StandardMaterial3D@1.000,1.000,1.000;mat=StandardMaterial3D@1.000,1.000,1.000	StreetIdShot/OrisonRoot/F02/DomesticWitness_juno_feedback_tetris/@MeshInstance3D@24166
0	24,8,56	MeshInstance3D	0.3x0.3x0.0	mat=StandardMaterial3D@0.900,0.850,0.740;mat=StandardMaterial3D@0.900,0.850,0.740	StreetIdShot/OrisonRoot/F02/DomesticWitness_juno_feedback_tetris/@MeshInstance3D@24167
0	40,8,56	MeshInstance3D	0.3x0.3x0.0	mat=StandardMaterial3D@0.463,0.337,0.659;mat=StandardMaterial3D@0.463,0.337,0.659	StreetIdShot/OrisonRoot/F02/DomesticWitness_juno_feedback_tetris/@MeshInstance3D@24168
0	56,8,56	MeshInstance3D	0.2x0.2x0.0	mat=StandardMaterial3D@0.170,0.160,0.140;mat=StandardMaterial3D@0.170,0.160,0.140	StreetIdShot/OrisonRoot/F02/DomesticWitness_juno_feedback_tetris/@MeshInstance3D@24169
0	72,8,56	MeshInstance3D	0.1x0.3x0.2	mat=StandardMaterial3D@0.680,0.630,0.500;mat=StandardMaterial3D@0.680,0.630,0.500	StreetIdShot/OrisonRoot/F02/DomesticAnomaly_mina_intercom/@MeshInstance3D@24528
0	88,8,56	MeshInstance3D	0.0x0.3x0.1	mat=StandardMaterial3D@0.200,0.180,0.150;mat=StandardMaterial3D@0.200,0.180,0.150	StreetIdShot/OrisonRoot/F02/DomesticAnomaly_mina_intercom/@MeshInstance3D@24529
0	104,8,56	MeshInstance3D	0.0x0.0x0.0	mat=StandardMaterial3D@0.620,0.422,0.521;mat=StandardMaterial3D@0.620,0.422,0.521	StreetIdShot/OrisonRoot/F02/DomesticAnomaly_mina_intercom/@MeshInstance3D@24530
0	120,8,56	MeshInstance3D	0.0x0.0x0.0	mat=StandardMaterial3D@0.620,0.422,0.521;mat=StandardMaterial3D@0.620,0.422,0.521	StreetIdShot/OrisonRoot/F02/DomesticAnomaly_mina_intercom/@MeshInstance3D@24531
0	136,8,56	MeshInstance3D	0.0x0.0x0.0	mat=StandardMaterial3D@0.620,0.422,0.521;mat=StandardMaterial3D@0.620,0.422,0.521	StreetIdShot/OrisonRoot/F02/DomesticAnomaly_mina_intercom/@MeshInstance3D@24532
0	152,8,56	MeshInstance3D	0.0x0.0x0.0	mat=StandardMaterial3D@0.620,0.422,0.521;mat=StandardMaterial3D@0.620,0.422,0.521	StreetIdShot/OrisonRoot/F02/DomesticAnomaly_mina_intercom/@MeshInstance3D@24533
0	168,8,56	MeshInstance3D	0.0x0.1x0.4	mat=StandardMaterial3D@0.240,0.160,0.100;mat=StandardMaterial3D@0.240,0.160,0.100	StreetIdShot/OrisonRoot/F02/DomesticAnomaly_lena_coat_hook/@MeshInstance3D@24538
0	184,8,56	MeshInstance3D	0.1x0.1x0.0	mat=StandardMaterial3D@0.360,0.300,0.220;mat=StandardMaterial3D@0.360,0.300,0.220	StreetIdShot/OrisonRoot/F02/DomesticAnomaly_lena_coat_hook/@MeshInstance3D@24540
0	200,8,56	MeshInstance3D	0.1x0.1x0.0	mat=StandardMaterial3D@0.360,0.300,0.220;mat=StandardMaterial3D@0.360,0.300,0.220	StreetIdShot/OrisonRoot/F02/DomesticAnomaly_lena_coat_hook/@MeshInstance3D@24541
0	216,8,56	MeshInstance3D	0.1x0.1x0.0	mat=StandardMaterial3D@0.360,0.300,0.220;mat=StandardMaterial3D@0.360,0.300,0.220	StreetIdShot/OrisonRoot/F02/DomesticAnomaly_lena_coat_hook/@MeshInstance3D@24542
0	232,8,56	MeshInstance3D	0.2x0.2x0.2	mat=StandardMaterial3D@0.080,0.090,0.100;mat=StandardMaterial3D@0.080,0.090,0.100	StreetIdShot/OrisonRoot/F02/DomesticAnomaly_juno_speaker/@MeshInstance3D@24548
0	248,8,56	MeshInstance3D	0.0x0.0x0.0	mat=StandardMaterial3D@0.422,0.620,0.452;mat=StandardMaterial3D@0.422,0.620,0.452	StreetIdShot/OrisonRoot/F02/DomesticAnomaly_juno_speaker/@MeshInstance3D@24549
0	8,24,56	MeshInstance3D	0.7x0.7x0.0	mat=StandardMaterial3D@1.000,1.000,1.000;mat=StandardMaterial3D@1.000,1.000,1.000	StreetIdShot/OrisonRoot/F02/MemoryArt_mina_caption_desk/@MeshInstance3D@24708
0	24,24,56	MeshInstance3D	0.8x0.0x0.0	mat=StandardMaterial3D@0.180,0.105,0.055;mat=StandardMaterial3D@0.180,0.105,0.055	StreetIdShot/OrisonRoot/F02/MemoryArt_mina_caption_desk/@MeshInstance3D@24709
0	40,24,56	MeshInstance3D	0.8x0.0x0.0	mat=StandardMaterial3D@0.180,0.105,0.055;mat=StandardMaterial3D@0.180,0.105,0.055	StreetIdShot/OrisonRoot/F02/MemoryArt_mina_caption_desk/@MeshInstance3D@24710
0	56,24,56	MeshInstance3D	0.0x0.7x0.0	mat=StandardMaterial3D@0.180,0.105,0.055;mat=StandardMaterial3D@0.180,0.105,0.055	StreetIdShot/OrisonRoot/F02/MemoryArt_mina_caption_desk/@MeshInstance3D@24711
0	72,24,56	MeshInstance3D	0.0x0.7x0.0	mat=StandardMaterial3D@0.180,0.105,0.055;mat=StandardMaterial3D@0.180,0.105,0.055	StreetIdShot/OrisonRoot/F02/MemoryArt_mina_caption_desk/@MeshInstance3D@24712
0	88,24,56	MeshInstance3D	0.0x0.7x0.7	mat=StandardMaterial3D@1.000,1.000,1.000;mat=StandardMaterial3D@1.000,1.000,1.000	StreetIdShot/OrisonRoot/F02/MemoryArt_lena_visible_mend/@MeshInstance3D@24714
0	104,24,56	MeshInstance3D	0.0x0.0x0.8	mat=StandardMaterial3D@0.250,0.170,0.055;mat=StandardMaterial3D@0.250,0.170,0.055	StreetIdShot/OrisonRoot/F02/MemoryArt_lena_visible_mend/@MeshInstance3D@24715
0	120,24,56	MeshInstance3D	0.0x0.0x0.8	mat=StandardMaterial3D@0.250,0.170,0.055;mat=StandardMaterial3D@0.250,0.170,0.055	StreetIdShot/OrisonRoot/F02/MemoryArt_lena_visible_mend/@MeshInstance3D@24716
0	136,24,56	MeshInstance3D	0.0x0.7x0.0	mat=StandardMaterial3D@0.250,0.170,0.055;mat=StandardMaterial3D@0.250,0.170,0.055	StreetIdShot/OrisonRoot/F02/MemoryArt_lena_visible_mend/@MeshInstance3D@24717
0	152,24,56	MeshInstance3D	0.0x0.7x0.0	mat=StandardMaterial3D@0.250,0.170,0.055;mat=StandardMaterial3D@0.250,0.170,0.055	StreetIdShot/OrisonRoot/F02/MemoryArt_lena_visible_mend/@MeshInstance3D@24718
0	168,24,56	MeshInstance3D	0.7x0.7x0.0	mat=StandardMaterial3D@1.000,1.000,1.000;mat=StandardMaterial3D@1.000,1.000,1.000	StreetIdShot/OrisonRoot/F02/MemoryArt_juno_session/@MeshInstance3D@24720
0	184,24,56	MeshInstance3D	0.8x0.0x0.0	mat=StandardMaterial3D@0.100,0.075,0.055;mat=StandardMaterial3D@0.100,0.075,0.055	StreetIdShot/OrisonRoot/F02/MemoryArt_juno_session/@MeshInstance3D@24721
0	200,24,56	MeshInstance3D	0.8x0.0x0.0	mat=StandardMaterial3D@0.100,0.075,0.055;mat=StandardMaterial3D@0.100,0.075,0.055	StreetIdShot/OrisonRoot/F02/MemoryArt_juno_session/@MeshInstance3D@24722
0	216,24,56	MeshInstance3D	0.0x0.7x0.0	mat=StandardMaterial3D@0.100,0.075,0.055;mat=StandardMaterial3D@0.100,0.075,0.055	StreetIdShot/OrisonRoot/F02/MemoryArt_juno_session/@MeshInstance3D@24723
0	232,24,56	MeshInstance3D	0.0x0.7x0.0	mat=StandardMaterial3D@0.100,0.075,0.055;mat=StandardMaterial3D@0.100,0.075,0.055	StreetIdShot/OrisonRoot/F02/MemoryArt_juno_session/@MeshInstance3D@24724
0	248,24,56	MeshInstance3D	0.7x0.7x0.0	mat=StandardMaterial3D@1.000,1.000,1.000;mat=StandardMaterial3D@1.000,1.000,1.000	StreetIdShot/OrisonRoot/F02/WallArt_mina_the_unsaid/@MeshInstance3D@24830
0	8,40,56	MeshInstance3D	0.8x0.0x0.0	mat=StandardMaterial3D@0.055,0.050,0.045;mat=StandardMaterial3D@0.055,0.050,0.045	StreetIdShot/OrisonRoot/F02/WallArt_mina_the_unsaid/@MeshInstance3D@24831
0	24,40,56	MeshInstance3D	0.8x0.0x0.0	mat=StandardMaterial3D@0.055,0.050,0.045;mat=StandardMaterial3D@0.055,0.050,0.045	StreetIdShot/OrisonRoot/F02/WallArt_mina_the_unsaid/@MeshInstance3D@24832
0	40,40,56	MeshInstance3D	0.0x0.7x0.0	mat=StandardMaterial3D@0.055,0.050,0.045;mat=StandardMaterial3D@0.055,0.050,0.045	StreetIdShot/OrisonRoot/F02/WallArt_mina_the_unsaid/@MeshInstance3D@24833
0	56,40,56	MeshInstance3D	0.0x0.7x0.0	mat=StandardMaterial3D@0.055,0.050,0.045;mat=StandardMaterial3D@0.055,0.050,0.045	StreetIdShot/OrisonRoot/F02/WallArt_mina_the_unsaid/@MeshInstance3D@24834
0	72,40,56	MeshInstance3D	0.7x0.7x0.0	mat=StandardMaterial3D@1.000,1.000,1.000;mat=StandardMaterial3D@1.000,1.000,1.000	StreetIdShot/OrisonRoot/F02/WallArt_lena_visible_mends/@MeshInstance3D@24836
0	88,40,56	MeshInstance3D	0.8x0.0x0.0	mat=StandardMaterial3D@0.260,0.120,0.045;mat=StandardMaterial3D@0.260,0.120,0.045	StreetIdShot/OrisonRoot/F02/WallArt_lena_visible_mends/@MeshInstance3D@24837
0	104,40,56	MeshInstance3D	0.8x0.0x0.0	mat=StandardMaterial3D@0.260,0.120,0.045;mat=StandardMaterial3D@0.260,0.120,0.045	StreetIdShot/OrisonRoot/F02/WallArt_lena_visible_mends/@MeshInstance3D@24838
0	120,40,56	MeshInstance3D	0.0x0.7x0.0	mat=StandardMaterial3D@0.260,0.120,0.045;mat=StandardMaterial3D@0.260,0.120,0.045	StreetIdShot/OrisonRoot/F02/WallArt_lena_visible_mends/@MeshInstance3D@24839
0	136,40,56	MeshInstance3D	0.0x0.7x0.0	mat=StandardMaterial3D@0.260,0.120,0.045;mat=StandardMaterial3D@0.260,0.120,0.045	StreetIdShot/OrisonRoot/F02/WallArt_lena_visible_mends/@MeshInstance3D@24840
0	152,40,56	MeshInstance3D	0.7x0.7x0.0	mat=StandardMaterial3D@1.000,1.000,1.000;mat=StandardMaterial3D@1.000,1.000,1.000	StreetIdShot/OrisonRoot/F02/WallArt_juno_open_channel/@MeshInstance3D@24842
0	168,40,56	MeshInstance3D	0.8x0.0x0.0	mat=StandardMaterial3D@0.055,0.050,0.045;mat=StandardMaterial3D@0.055,0.050,0.045	StreetIdShot/OrisonRoot/F02/WallArt_juno_open_channel/@MeshInstance3D@24843
0	184,40,56	MeshInstance3D	0.8x0.0x0.0	mat=StandardMaterial3D@0.055,0.050,0.045;mat=StandardMaterial3D@0.055,0.050,0.045	StreetIdShot/OrisonRoot/F02/WallArt_juno_open_channel/@MeshInstance3D@24844
0	200,40,56	MeshInstance3D	0.0x0.7x0.0	mat=StandardMaterial3D@0.055,0.050,0.045;mat=StandardMaterial3D@0.055,0.050,0.045	StreetIdShot/OrisonRoot/F02/WallArt_juno_open_channel/@MeshInstance3D@24845
0	216,40,56	MeshInstance3D	0.0x0.7x0.0	mat=StandardMaterial3D@0.055,0.050,0.045;mat=StandardMaterial3D@0.055,0.050,0.045	StreetIdShot/OrisonRoot/F02/WallArt_juno_open_channel/@MeshInstance3D@24846
0	232,40,56	MeshInstance3D	0.7x0.7x0.0	mat=StandardMaterial3D@1.000,1.000,1.000;mat=StandardMaterial3D@1.000,1.000,1.000	StreetIdShot/OrisonRoot/F02/MemoryArt_second_queensboro/@MeshInstance3D@24956
0	248,40,56	MeshInstance3D	0.8x0.0x0.0	mat=StandardMaterial3D@0.180,0.105,0.055;mat=StandardMaterial3D@0.180,0.105,0.055	StreetIdShot/OrisonRoot/F02/MemoryArt_second_queensboro/@MeshInstance3D@24957
0	8,56,56	MeshInstance3D	0.8x0.0x0.0	mat=StandardMaterial3D@0.180,0.105,0.055;mat=StandardMaterial3D@0.180,0.105,0.055	StreetIdShot/OrisonRoot/F02/MemoryArt_second_queensboro/@MeshInstance3D@24958
0	24,56,56	MeshInstance3D	0.0x0.7x0.0	mat=StandardMaterial3D@0.180,0.105,0.055;mat=StandardMaterial3D@0.180,0.105,0.055	StreetIdShot/OrisonRoot/F02/MemoryArt_second_queensboro/@MeshInstance3D@24959
0	40,56,56	MeshInstance3D	0.0x0.7x0.0	mat=StandardMaterial3D@0.180,0.105,0.055;mat=StandardMaterial3D@0.180,0.105,0.055	StreetIdShot/OrisonRoot/F02/MemoryArt_second_queensboro/@MeshInstance3D@24960
0	56,56,56	MeshInstance3D	0.0x0.7x0.7	mat=StandardMaterial3D@1.000,1.000,1.000;mat=StandardMaterial3D@1.000,1.000,1.000	StreetIdShot/OrisonRoot/F02/MemoryArt_mina_mirror/@MeshInstance3D@25040
0	72,56,56	MeshInstance3D	0.0x0.0x0.8	mat=StandardMaterial3D@0.250,0.170,0.055;mat=StandardMaterial3D@0.250,0.170,0.055	StreetIdShot/OrisonRoot/F02/MemoryArt_mina_mirror/@MeshInstance3D@25041
0	88,56,56	MeshInstance3D	0.0x0.0x0.8	mat=StandardMaterial3D@0.250,0.170,0.055;mat=StandardMaterial3D@0.250,0.170,0.055	StreetIdShot/OrisonRoot/F02/MemoryArt_mina_mirror/@MeshInstance3D@25042
0	104,56,56	MeshInstance3D	0.0x0.7x0.0	mat=StandardMaterial3D@0.250,0.170,0.055;mat=StandardMaterial3D@0.250,0.170,0.055	StreetIdShot/OrisonRoot/F02/MemoryArt_mina_mirror/@MeshInstance3D@25043
0	120,56,56	MeshInstance3D	0.0x0.7x0.0	mat=StandardMaterial3D@0.250,0.170,0.055;mat=StandardMaterial3D@0.250,0.170,0.055	StreetIdShot/OrisonRoot/F02/MemoryArt_mina_mirror/@MeshInstance3D@25044
0	136,56,56	MeshInstance3D	0.7x0.7x0.0	mat=StandardMaterial3D@1.000,1.000,1.000;mat=StandardMaterial3D@1.000,1.000,1.000	StreetIdShot/OrisonRoot/F02/MemoryArt_lena_motorcycle/@MeshInstance3D@25046
0	152,56,56	MeshInstance3D	0.8x0.0x0.0	mat=StandardMaterial3D@0.055,0.050,0.045;mat=StandardMaterial3D@0.055,0.050,0.045	StreetIdShot/OrisonRoot/F02/MemoryArt_lena_motorcycle/@MeshInstance3D@25047
0	168,56,56	MeshInstance3D	0.8x0.0x0.0	mat=StandardMaterial3D@0.055,0.050,0.045;mat=StandardMaterial3D@0.055,0.050,0.045	StreetIdShot/OrisonRoot/F02/MemoryArt_lena_motorcycle/@MeshInstance3D@25048
0	184,56,56	MeshInstance3D	0.0x0.7x0.0	mat=StandardMaterial3D@0.055,0.050,0.045;mat=StandardMaterial3D@0.055,0.050,0.045	StreetIdShot/OrisonRoot/F02/MemoryArt_lena_motorcycle/@MeshInstance3D@25049
0	200,56,56	MeshInstance3D	0.0x0.7x0.0	mat=StandardMaterial3D@0.055,0.050,0.045;mat=StandardMaterial3D@0.055,0.050,0.045	StreetIdShot/OrisonRoot/F02/MemoryArt_lena_motorcycle/@MeshInstance3D@25050
0	216,56,56	MeshInstance3D	0.0x0.7x0.7	mat=StandardMaterial3D@1.000,1.000,1.000;mat=StandardMaterial3D@1.000,1.000,1.000	StreetIdShot/OrisonRoot/F02/MemoryArt_juno_soultrap/@MeshInstance3D@25052
0	232,56,56	MeshInstance3D	0.0x0.0x0.8	mat=StandardMaterial3D@0.055,0.050,0.045;mat=StandardMaterial3D@0.055,0.050,0.045	StreetIdShot/OrisonRoot/F02/MemoryArt_juno_soultrap/@MeshInstance3D@25053
0	248,56,56	MeshInstance3D	0.0x0.0x0.8	mat=StandardMaterial3D@0.055,0.050,0.045;mat=StandardMaterial3D@0.055,0.050,0.045	StreetIdShot/OrisonRoot/F02/MemoryArt_juno_soultrap/@MeshInstance3D@25054
0	8,72,56	MeshInstance3D	0.0x0.7x0.0	mat=StandardMaterial3D@0.055,0.050,0.045;mat=StandardMaterial3D@0.055,0.050,0.045	StreetIdShot/OrisonRoot/F02/MemoryArt_juno_soultrap/@MeshInstance3D@25055
0	24,72,56	MeshInstance3D	0.0x0.7x0.0	mat=StandardMaterial3D@0.055,0.050,0.045;mat=StandardMaterial3D@0.055,0.050,0.045	StreetIdShot/OrisonRoot/F02/MemoryArt_juno_soultrap/@MeshInstance3D@25056
0	40,72,56	MeshInstance3D	0.2x0.1x0.2	mat=StandardMaterial3D@0.720,0.650,0.580;mat=StandardMaterial3D@0.720,0.650,0.580	StreetIdShot/OrisonRoot/F02/ActiveVantryPoint/FixedBackplateAndCapsule/@MeshInstance3D@33
0	56,72,56	MeshInstance3D	0.2x0.0x0.2	mat=StandardMaterial3D@0.780,0.700,0.520;mat=StandardMaterial3D@0.780,0.700,0.520	StreetIdShot/OrisonRoot/F02/ActiveVantryPoint/FixedBackplateAndCapsule/@MeshInstance3D@34
0	72,72,56	MeshInstance3D	0.0x0.0x0.1	mat=StandardMaterial3D@0.380,0.300,0.230;mat=StandardMaterial3D@0.380,0.300,0.230	StreetIdShot/OrisonRoot/F02/ActiveVantryPoint/FixedBackplateAndCapsule/@MeshInstance3D@35
0	88,72,56	MeshInstance3D	0.0x0.0x0.0	mat=StandardMaterial3D@0.720,0.640,0.520;mat=StandardMaterial3D@0.720,0.640,0.520	StreetIdShot/OrisonRoot/F02/ActiveVantryPoint/FixedBackplateAndCapsule/@MeshInstance3D@36
0	104,72,56	MeshInstance3D	0.2x0.0x0.2	mat=StandardMaterial3D@0.780,0.700,0.520;mat=StandardMaterial3D@0.780,0.700,0.520	StreetIdShot/OrisonRoot/F02/ActiveVantryPoint/CaptiveGrille/@MeshInstance3D@37
0	120,72,56	MeshInstance3D	0.0x0.0x0.0	mat=StandardMaterial3D@0.720,0.280,0.200;mat=StandardMaterial3D@0.720,0.280,0.200	StreetIdShot/OrisonRoot/F02/ActiveVantryPoint/@MeshInstance3D@32
0	136,72,56	MeshInstance3D	27.3x0.0x19.3	mat=M_plaster@1.000,1.000,1.000	StreetIdShot/OrisonRoot/F03/F03_ceiling_plaster
0	152,72,56	MeshInstance3D	21.4x0.0x15.8	mat=M_plaster_stained@1.000,1.000,1.000	StreetIdShot/OrisonRoot/F03/F03_ceiling_plaster_stained
0	168,72,56	MeshInstance3D	10.7x0.0x19.3	mat=M_tin_ceiling_d@1.000,1.000,1.000	StreetIdShot/OrisonRoot/F03/F03_ceiling_tin_ceiling
0	184,72,56	MeshInstance3D	15.4x0.0x12.4	mat=M_ceramic@1.000,1.000,1.000	StreetIdShot/OrisonRoot/F03/F03_floors_ceramic
0	200,72,56	MeshInstance3D	6.5x0.0x3.5	mat=M_concrete_d@1.000,1.000,1.000	StreetIdShot/OrisonRoot/F03/F03_floors_concrete
0	216,72,56	MeshInstance3D	27.3x0.0x19.3	mat=M_floor_oak@1.000,1.000,1.000	StreetIdShot/OrisonRoot/F03/F03_floors_floor_oak
0	232,72,56	MeshInstance3D	10.7x0.0x19.3	mat=M_terrazzo_d@1.000,1.000,1.000	StreetIdShot/OrisonRoot/F03/F03_floors_terrazzo
0	248,72,56	MeshInstance3D	23.6x1.0x11.8	mat=M_bakelite_d@1.000,1.000,1.000	StreetIdShot/OrisonRoot/F03/F03_furnish_bakelite
0	8,88,56	MeshInstance3D	23.6x0.1x16.3	mat=M_bakelite_black@1.000,1.000,1.000	StreetIdShot/OrisonRoot/F03/F03_furnish_bakelite_black
0	24,88,56	MeshInstance3D	25.8x1.7x12.3	mat=M_book_brown@1.000,1.000,1.000	StreetIdShot/OrisonRoot/F03/F03_furnish_book_brown
0	40,88,56	MeshInstance3D	7.6x1.7x5.1	mat=M_book_burgundy@1.000,1.000,1.000	StreetIdShot/OrisonRoot/F03/F03_furnish_book_burgundy
0	56,88,56	MeshInstance3D	7.3x1.6x5.1	mat=M_book_green@1.000,1.000,1.000	StreetIdShot/OrisonRoot/F03/F03_furnish_book_green
0	72,88,56	MeshInstance3D	25.8x1.6x12.3	mat=M_book_navy@1.000,1.000,1.000	StreetIdShot/OrisonRoot/F03/F03_furnish_book_navy
0	88,88,56	MeshInstance3D	25.8x1.6x12.3	mat=M_book_ochre@1.000,1.000,1.000	StreetIdShot/OrisonRoot/F03/F03_furnish_book_ochre
0	104,88,56	MeshInstance3D	25.8x1.6x8.1	mat=M_book_teal@1.000,1.000,1.000	StreetIdShot/OrisonRoot/F03/F03_furnish_book_teal
0	120,88,56	MeshInstance3D	26.7x3.3x17.8	mat=M_brass@1.000,1.000,1.000	StreetIdShot/OrisonRoot/F03/F03_furnish_brass
0	136,88,56	MeshInstance3D	23.6x0.1x16.3	mat=M_brass_bright@1.000,1.000,1.000	StreetIdShot/OrisonRoot/F03/F03_furnish_brass_bright
0	152,88,56	MeshInstance3D	23.7x0.1x16.3	mat=M_brass_dull@1.000,1.000,1.000	StreetIdShot/OrisonRoot/F03/F03_furnish_brass_dull
0	168,88,56	MeshInstance3D	18.0x0.2x11.3	mat=M_chrome_d@1.000,1.000,1.000	StreetIdShot/OrisonRoot/F03/F03_furnish_chrome
0	184,88,56	MeshInstance3D	18.2x0.1x9.8	mat=M_countertop@1.000,1.000,1.000	StreetIdShot/OrisonRoot/F03/F03_furnish_countertop
0	200,88,56	MeshInstance3D	23.2x0.1x11.5	mat=M_enamel_d@1.000,1.000,1.000	StreetIdShot/OrisonRoot/F03/F03_furnish_enamel
0	216,88,56	MeshInstance3D	25.7x0.1x1.6	mat=M_fabric_green@1.000,1.000,1.000	StreetIdShot/OrisonRoot/F03/F03_furnish_fabric_green
0	232,88,56	MeshInstance3D	1.3x0.1x1.3	mat=M_fabric_warm@1.000,1.000,1.000	StreetIdShot/OrisonRoot/F03/F03_furnish_fabric_warm
0	248,88,56	MeshInstance3D	25.9x1.8x18.4	mat=M_floor_oak@1.000,1.000,1.000	StreetIdShot/OrisonRoot/F03/F03_furnish_floor_oak
0	8,104,56	MeshInstance3D	26.3x0.8x17.8	mat=M_linen_d@1.000,1.000,1.000	StreetIdShot/OrisonRoot/F03/F03_furnish_linen
0	24,104,56	MeshInstance3D	27.2x3.0x15.1	mat=M_metal@1.000,1.000,1.000	StreetIdShot/OrisonRoot/F03/F03_furnish_metal
0	40,104,56	MeshInstance3D	17.1x0.1x9.7	mat=M_nickel_plated@1.000,1.000,1.000	StreetIdShot/OrisonRoot/F03/F03_furnish_nickel_plated
0	56,104,56	MeshInstance3D	5.9x1.9x18.1	mat=M_oak_quartered@1.000,1.000,1.000	StreetIdShot/OrisonRoot/F03/F03_furnish_oak_quartered
0	72,104,56	MeshInstance3D	26.8x1.7x17.6	mat=M_paper@1.000,1.000,1.000	StreetIdShot/OrisonRoot/F03/F03_furnish_paper
0	88,104,56	MeshInstance3D	0.2x0.5x0.2	mat=M_plant_d@1.000,1.000,1.000	StreetIdShot/OrisonRoot/F03/F03_furnish_plant
0	104,104,56	MeshInstance3D	0.0x0.6x0.9	mat=M_plywood_d@1.000,1.000,1.000	StreetIdShot/OrisonRoot/F03/F03_furnish_plywood
0	120,104,56	MeshInstance3D	19.4x1.1x13.3	mat=M_porcelain@1.000,1.000,1.000	StreetIdShot/OrisonRoot/F03/F03_furnish_porcelain
0	136,104,56	MeshInstance3D	0.4x0.1x0.4	mat=M_soil@1.000,1.000,1.000	StreetIdShot/OrisonRoot/F03/F03_furnish_soil
0	152,104,56	MeshInstance3D	26.3x1.6x16.3	mat=M_soot_d@1.000,1.000,1.000	StreetIdShot/OrisonRoot/F03/F03_furnish_soot
0	168,104,56	MeshInstance3D	0.5x0.5x0.5	mat=M_terracotta@1.000,1.000,1.000	StreetIdShot/OrisonRoot/F03/F03_furnish_terracotta
0	184,104,56	MeshInstance3D	0.9x1.7x7.6	mat=M_timber@1.000,1.000,1.000	StreetIdShot/OrisonRoot/F03/F03_furnish_timber
0	200,104,56	MeshInstance3D	22.6x2.2x14.7	mat=M_trim@1.000,1.000,1.000	StreetIdShot/OrisonRoot/F03/F03_furnish_trim
0	216,104,56	MeshInstance3D	25.3x1.9x15.5	mat=M_wood_dark@1.000,1.000,1.000	StreetIdShot/OrisonRoot/F03/F03_furnish_wood_dark
0	232,104,56	MeshInstance3D	23.7x0.9x12.8	mat=M_art@1.000,1.000,1.000	StreetIdShot/OrisonRoot/F03/F03_furniture_art
0	248,104,56	MeshInstance3D	10.9x1.5x13.5	mat=M_brass@1.000,1.000,1.000	StreetIdShot/OrisonRoot/F03/F03_furniture_brass
0	8,120,56	MeshInstance3D	19.5x0.0x13.0	mat=M_brass_dull@1.000,1.000,1.000	StreetIdShot/OrisonRoot/F03/F03_furniture_brass_dull
0	24,120,56	MeshInstance3D	0.7x0.6x0.3	mat=M_cast_iron_d@1.000,1.000,1.000	StreetIdShot/OrisonRoot/F03/F03_furniture_cast_iron
0	40,120,56	MeshInstance3D	10.9x0.4x6.5	mat=M_ceramic@1.000,1.000,1.000	StreetIdShot/OrisonRoot/F03/F03_furniture_ceramic
0	56,120,56	MeshInstance3D	15.2x0.0x10.6	mat=M_chrome_d@1.000,1.000,1.000	StreetIdShot/OrisonRoot/F03/F03_furniture_chrome
0	72,120,56	MeshInstance3D	22.2x2.2x15.9	mat=M_fabric_cool@1.000,1.000,1.000	StreetIdShot/OrisonRoot/F03/F03_furniture_fabric_cool
0	88,120,56	MeshInstance3D	1.1x0.0x1.5	mat=M_floor_oak@1.000,1.000,1.000	StreetIdShot/OrisonRoot/F03/F03_furniture_floor_oak
0	104,120,56	MeshInstance3D	10.9x1.0x13.5	mat=M_indicator_enamel@1.000,1.000,1.000	StreetIdShot/OrisonRoot/F03/F03_furniture_indicator_enamel
0	120,120,56	MeshInstance3D	20.7x1.0x10.5	mat=M_linen_d@1.000,1.000,1.000	StreetIdShot/OrisonRoot/F03/F03_furniture_linen
0	136,120,56	MeshInstance3D	19.5x0.0x13.0	mat=M_linoleum@1.000,1.000,1.000	StreetIdShot/OrisonRoot/F03/F03_furniture_linoleum
0	152,120,56	MeshInstance3D	22.2x1.8x5.9	mat=M_metal@1.000,1.000,1.000	StreetIdShot/OrisonRoot/F03/F03_furniture_metal
0	168,120,56	MeshInstance3D	10.0x0.0x16.0	mat=M_plaster_stained@1.000,1.000,1.000	StreetIdShot/OrisonRoot/F03/F03_furniture_plaster_stained
0	184,120,56	MeshInstance3D	0.1x1.8x1.4	mat=M_plywood_d@1.000,1.000,1.000	StreetIdShot/OrisonRoot/F03/F03_furniture_plywood
0	200,120,56	MeshInstance3D	0.3x1.5x0.3	mat=M_rug_warm_d@1.000,1.000,1.000	StreetIdShot/OrisonRoot/F03/F03_furniture_rug_warm
0	216,120,56	MeshInstance3D	1.6x0.3x1.0	mat=M_slab_d@1.000,1.000,1.000	StreetIdShot/OrisonRoot/F03/F03_furniture_slab
0	232,120,56	MeshInstance3D	1.8x1.6x1.9	mat=M_soot_d@1.000,1.000,1.000	StreetIdShot/OrisonRoot/F03/F03_furniture_soot
0	248,120,56	MeshInstance3D	5.3x4.4x1.3	mat=M_timber@1.000,1.000,1.000	StreetIdShot/OrisonRoot/F03/F03_furniture_timber
0	8,136,56	MeshInstance3D	27.5x3.0x19.5	mat=M_trim@1.000,1.000,1.000	StreetIdShot/OrisonRoot/F03/F03_furniture_trim
0	24,136,56	MeshInstance3D	23.7x0.9x12.8	mat=M_wood_dark@1.000,1.000,1.000	StreetIdShot/OrisonRoot/F03/F03_furniture_wood_dark
0	40,136,56	MeshInstance3D	27.9x0.2x19.9	mat=M_slab_d@1.000,1.000,1.000	StreetIdShot/OrisonRoot/F03/F03_slabs
0	56,136,56	MeshInstance3D	6.3x3.2x2.9	mat=M_stair@1.000,1.000,1.000	StreetIdShot/OrisonRoot/F03/F03_stairs
0	72,136,56	MeshInstance3D	3.1x3.9x3.1	mat=M_baluster@1.000,1.000,1.000	StreetIdShot/OrisonRoot/F03/F03_stairs_bal
0	88,136,56	MeshInstance3D	6.2x3.4x3.1	mat=M_brass@1.000,1.000,1.000	StreetIdShot/OrisonRoot/F03/F03_stairs_brass
0	104,136,56	MeshInstance3D	6.3x3.4x3.1	mat=M_metal@1.000,1.000,1.000	StreetIdShot/OrisonRoot/F03/F03_stairs_iron
0	120,136,56	MeshInstance3D	6.3x1.8x6.3	mat=M_landing@1.000,1.000,1.000	StreetIdShot/OrisonRoot/F03/F03_stairs_landing
0	136,136,56	MeshInstance3D	6.3x4.2x3.2	mat=M_handrail_wood@1.000,1.000,1.000	StreetIdShot/OrisonRoot/F03/F03_stairs_rail
0	152,136,56	MeshInstance3D	6.3x2.9x2.9	mat=M_stair_treads@1.000,1.000,1.000	StreetIdShot/OrisonRoot/F03/F03_stairs_treads
0	168,136,56	MeshInstance3D	28.1x2.5x20.1	mat=M_limestone@1.000,1.000,1.000	StreetIdShot/OrisonRoot/F03/F03_stone_trim
0	184,136,56	MeshInstance3D	27.3x3.2x19.3	mat=M_trim@1.000,1.000,1.000	StreetIdShot/OrisonRoot/F03/F03_trim
0	200,136,56	MeshInstance3D	14.9x0.0x10.3	mat=M_brass_dull@1.000,1.000,1.000	StreetIdShot/OrisonRoot/F03/F03_vent_register_screws
0	216,136,56	MeshInstance3D	14.8x0.0x10.3	mat=M_cast_iron_d@1.000,1.000,1.000	StreetIdShot/OrisonRoot/F03/F03_vent_register_throat
0	232,136,56	MeshInstance3D	14.9x0.0x10.3	mat=M_trim@1.000,1.000,1.000	StreetIdShot/OrisonRoot/F03/F03_vent_register_trim
0	248,136,56	MeshInstance3D	15.5x1.2x12.4	mat=M_subway_tile@1.000,1.000,1.000	StreetIdShot/OrisonRoot/F03/F03_wainscot_subway_tile
0	8,152,56	MeshInstance3D	10.5x1.2x19.3	mat=M_wainscot_d@1.000,1.000,1.000	StreetIdShot/OrisonRoot/F03/F03_wainscot_wainscot
0	24,152,56	MeshInstance3D	27.3x3.0x19.3	mat=M_plaster@1.000,1.000,1.000	StreetIdShot/OrisonRoot/F03/F03_walls
0	40,152,56	MeshInstance3D	28.0x3.2x19.7	mat=M_common_brick@1.000,1.000,1.000	StreetIdShot/OrisonRoot/F03/F03_walls_cbrick
0	56,152,56	MeshInstance3D	2.3x3.0x2.3	mat=M_concrete_d@1.000,1.000,1.000	StreetIdShot/OrisonRoot/F03/F03_walls_conc
0	72,152,56	MeshInstance3D	27.3x3.2x0.4	mat=M_face_brick@1.000,1.000,1.000	StreetIdShot/OrisonRoot/F03/F03_walls_fbrick
0	88,152,56	MultiMeshInstance3D	24.1x0.1x16.3	instances=19;mesh=;mat=StandardMaterial3D@0.720,0.650,0.580;mat=StandardMaterial3D@0.780,0.700,0.520;mat=StandardMaterial3D@0.720,0.280,0.200	StreetIdShot/OrisonRoot/F03/F03_VantryPointBatch
0	104,152,56	MultiMeshInstance3D	19.0x2.9x8.5	instances=12;mesh=;mat=StandardMaterial3D@1.000,1.000,1.000	StreetIdShot/OrisonRoot/F03/@MultiMeshInstance3D@289
0	120,152,56	MultiMeshInstance3D	18.5x3.1x8.3	instances=7;mesh=;mat=StandardMaterial3D@1.000,1.000,1.000	StreetIdShot/OrisonRoot/F03/@MultiMeshInstance3D@290
0	136,152,56	MeshInstance3D	0.0x0.1x0.1	mat=StandardMaterial3D@0.035,0.040,0.045;mat=StandardMaterial3D@0.035,0.040,0.045	StreetIdShot/OrisonRoot/F03/Projector_3B/@MeshInstance3D@772
0	152,152,56	MeshInstance3D	0.2x0.0x0.3	mat=StandardMaterial3D@0.185,0.190,0.196;mat=StandardMaterial3D@0.185,0.190,0.196	StreetIdShot/OrisonRoot/F03/Projector_3B/@MeshInstance3D@776
0	168,152,56	MeshInstance3D	0.1x0.0x0.0	mat=StandardMaterial3D@0.130,0.134,0.140;mat=StandardMaterial3D@0.130,0.134,0.140	StreetIdShot/OrisonRoot/F03/Projector_3B/@MeshInstance3D@777
0	184,152,56	MeshInstance3D	0.1x0.0x0.0	mat=StandardMaterial3D@0.130,0.134,0.140;mat=StandardMaterial3D@0.130,0.134,0.140	StreetIdShot/OrisonRoot/F03/Projector_3B/@MeshInstance3D@778
0	200,152,56	MeshInstance3D	0.1x0.1x0.1	mat=StandardMaterial3D@0.185,0.190,0.196;mat=StandardMaterial3D@0.185,0.190,0.196	StreetIdShot/OrisonRoot/F03/Projector_3B/@MeshInstance3D@779
0	216,152,56	MeshInstance3D	0.1x0.2x0.1	mat=StandardMaterial3D@0.185,0.190,0.196;mat=StandardMaterial3D@0.185,0.190,0.196	StreetIdShot/OrisonRoot/F03/Projector_3B/@MeshInstance3D@780
0	232,152,56	MeshInstance3D	0.1x0.2x0.1	mat=StandardMaterial3D@0.130,0.134,0.140;mat=StandardMaterial3D@0.130,0.134,0.140	StreetIdShot/OrisonRoot/F03/Projector_3B/@MeshInstance3D@781
0	248,152,56	MeshInstance3D	0.0x0.0x0.1	mat=StandardMaterial3D@0.155,0.130,0.112;mat=StandardMaterial3D@0.155,0.130,0.112	StreetIdShot/OrisonRoot/F03/Projector_3B/@MeshInstance3D@782
0	8,168,56	MeshInstance3D	0.0x0.0x0.1	mat=StandardMaterial3D@0.155,0.130,0.112;mat=StandardMaterial3D@0.155,0.130,0.112	StreetIdShot/OrisonRoot/F03/Projector_3B/@MeshInstance3D@783
0	24,168,56	MeshInstance3D	0.0x0.0x0.1	mat=StandardMaterial3D@0.155,0.130,0.112;mat=StandardMaterial3D@0.155,0.130,0.112	StreetIdShot/OrisonRoot/F03/Projector_3B/@MeshInstance3D@784
0	40,168,56	MeshInstance3D	0.0x0.0x0.1	mat=StandardMaterial3D@0.155,0.130,0.112;mat=StandardMaterial3D@0.155,0.130,0.112	StreetIdShot/OrisonRoot/F03/Projector_3B/@MeshInstance3D@785
0	56,168,56	MeshInstance3D	0.0x0.0x0.1	mat=StandardMaterial3D@0.155,0.130,0.112;mat=StandardMaterial3D@0.155,0.130,0.112	StreetIdShot/OrisonRoot/F03/Projector_3B/@MeshInstance3D@786
0	72,168,56	MeshInstance3D	0.0x0.0x0.1	mat=StandardMaterial3D@0.155,0.130,0.112;mat=StandardMaterial3D@0.155,0.130,0.112	StreetIdShot/OrisonRoot/F03/Projector_3B/@MeshInstance3D@787
0	88,168,56	MeshInstance3D	0.1x0.0x0.1	mat=StandardMaterial3D@0.130,0.134,0.140;mat=StandardMaterial3D@0.130,0.134,0.140	StreetIdShot/OrisonRoot/F03/Projector_3B/@MeshInstance3D@788
0	104,168,56	MeshInstance3D	0.1x0.1x0.1	mat=StandardMaterial3D@0.130,0.134,0.140;mat=StandardMaterial3D@0.130,0.134,0.140	StreetIdShot/OrisonRoot/F03/Projector_3B/@MeshInstance3D@789
0	120,168,56	MeshInstance3D	0.0x0.1x0.1	mat=StandardMaterial3D@0.520,0.410,0.190;mat=StandardMaterial3D@0.520,0.410,0.190	StreetIdShot/OrisonRoot/F03/Projector_3B/@MeshInstance3D@790
0	136,168,56	MeshInstance3D	0.0x0.1x0.1	mat=StandardMaterial3D@0.130,0.134,0.140;mat=StandardMaterial3D@0.130,0.134,0.140	StreetIdShot/OrisonRoot/F03/Projector_3B/@MeshInstance3D@791
0	152,168,56	MeshInstance3D	0.0x0.1x0.0	mat=StandardMaterial3D@0.520,0.410,0.190;mat=StandardMaterial3D@0.520,0.410,0.190	StreetIdShot/OrisonRoot/F03/Projector_3B/@MeshInstance3D@792
0	168,168,56	MeshInstance3D	0.0x0.0x0.0	mat=StandardMaterial3D@0.130,0.134,0.140;mat=StandardMaterial3D@0.130,0.134,0.140	StreetIdShot/OrisonRoot/F03/Projector_3B/@MeshInstance3D@793
0	184,168,56	MeshInstance3D	0.0x0.0x0.0	mat=StandardMaterial3D@0.130,0.134,0.140;mat=StandardMaterial3D@0.130,0.134,0.140	StreetIdShot/OrisonRoot/F03/Projector_3B/@MeshInstance3D@794
0	200,168,56	MeshInstance3D	0.0x0.0x0.0	mat=StandardMaterial3D@0.155,0.130,0.112;mat=StandardMaterial3D@0.155,0.130,0.112	StreetIdShot/OrisonRoot/F03/Projector_3B/@MeshInstance3D@795
0	216,168,56	MeshInstance3D	0.0x0.0x0.0	mat=StandardMaterial3D@0.155,0.130,0.112;mat=StandardMaterial3D@0.155,0.130,0.112	StreetIdShot/OrisonRoot/F03/Projector_3B/@MeshInstance3D@796
0	232,168,56	MeshInstance3D	0.0x0.0x0.0	mat=StandardMaterial3D@0.130,0.134,0.140;mat=StandardMaterial3D@0.130,0.134,0.140	StreetIdShot/OrisonRoot/F03/Projector_3B/@MeshInstance3D@797
0	248,168,56	MeshInstance3D	0.0x0.1x0.0	mat=StandardMaterial3D@0.105,0.108,0.112;mat=StandardMaterial3D@0.105,0.108,0.112	StreetIdShot/OrisonRoot/F03/Projector_3B/@MeshInstance3D@798
0	8,184,56	MeshInstance3D	0.0x0.0x0.1	mat=StandardMaterial3D@0.105,0.108,0.112;mat=StandardMaterial3D@0.105,0.108,0.112	StreetIdShot/OrisonRoot/F03/Projector_3B/@MeshInstance3D@799
0	24,184,56	MeshInstance3D	0.2x0.2x0.0	mat=StandardMaterial3D@0.140,0.135,0.130;mat=StandardMaterial3D@0.140,0.135,0.130	StreetIdShot/OrisonRoot/F03/Projector_3B/@MeshInstance3D@800
0	40,184,56	MeshInstance3D	0.2x0.2x0.0	mat=StandardMaterial3D@0.140,0.135,0.130;mat=StandardMaterial3D@0.140,0.135,0.130	StreetIdShot/OrisonRoot/F03/Projector_3B/@MeshInstance3D@801
0	56,184,56	MeshInstance3D	0.2x0.2x0.0	mat=StandardMaterial3D@0.045,0.040,0.038;mat=StandardMaterial3D@0.045,0.040,0.038	StreetIdShot/OrisonRoot/F03/Projector_3B/@MeshInstance3D@802
0	72,184,56	MeshInstance3D	0.0x0.0x0.0	mat=StandardMaterial3D@0.140,0.135,0.130;mat=StandardMaterial3D@0.140,0.135,0.130	StreetIdShot/OrisonRoot/F03/Projector_3B/@MeshInstance3D@803
0	88,184,56	MeshInstance3D	0.1x0.2x0.0	mat=StandardMaterial3D@0.105,0.108,0.112;mat=StandardMaterial3D@0.105,0.108,0.112	StreetIdShot/OrisonRoot/F03/Projector_3B/@MeshInstance3D@804
0	104,184,56	MeshInstance3D	0.0x0.0x0.1	mat=StandardMaterial3D@0.105,0.108,0.112;mat=StandardMaterial3D@0.105,0.108,0.112	StreetIdShot/OrisonRoot/F03/Projector_3B/@MeshInstance3D@805
0	120,184,56	MeshInstance3D	0.2x0.2x0.0	mat=StandardMaterial3D@0.140,0.135,0.130;mat=StandardMaterial3D@0.140,0.135,0.130	StreetIdShot/OrisonRoot/F03/Projector_3B/@MeshInstance3D@806
0	136,184,56	MeshInstance3D	0.2x0.2x0.0	mat=StandardMaterial3D@0.140,0.135,0.130;mat=StandardMaterial3D@0.140,0.135,0.130	StreetIdShot/OrisonRoot/F03/Projector_3B/@MeshInstance3D@807
0	152,184,56	MeshInstance3D	0.1x0.1x0.0	mat=StandardMaterial3D@0.045,0.040,0.038;mat=StandardMaterial3D@0.045,0.040,0.038	StreetIdShot/OrisonRoot/F03/Projector_3B/@MeshInstance3D@808
0	168,184,56	MeshInstance3D	0.0x0.0x0.0	mat=StandardMaterial3D@0.140,0.135,0.130;mat=StandardMaterial3D@0.140,0.135,0.130	StreetIdShot/OrisonRoot/F03/Projector_3B/@MeshInstance3D@809
0	184,184,56	MeshInstance3D	0.2x0.0x0.0	mat=StandardMaterial3D@0.155,0.130,0.112;mat=StandardMaterial3D@0.155,0.130,0.112	StreetIdShot/OrisonRoot/F03/Projector_3B/@MeshInstance3D@810
0	200,184,56	MeshInstance3D	0.0x0.0x0.0	mat=Material_1@1.000,1.000,1.000	StreetIdShot/OrisonRoot/F03/NPC_omar_bell/RiggedCharacter/Armature/Skeleton3D/char1
0	216,184,56	MeshInstance3D	0.0x0.0x0.0	mat=Material_1@1.000,1.000,1.000	StreetIdShot/OrisonRoot/F03/NPC_rhea_sato/RiggedCharacter/Armature/Skeleton3D/char1
0	232,184,56	MeshInstance3D	0.2x0.2x0.2	mat=StandardMaterial3D@0.200,0.280,0.250;mat=StandardMaterial3D@0.200,0.280,0.250	StreetIdShot/OrisonRoot/F03/AffectedProp_malcolm_memory_cutting/@MeshInstance3D@23707
0	248,184,56	MeshInstance3D	0.2x0.2x0.0	mat=StandardMaterial3D@0.200,0.280,0.250;mat=StandardMaterial3D@0.200,0.280,0.250	StreetIdShot/OrisonRoot/F03/AffectedProp_malcolm_memory_cutting/@MeshInstance3D@23708
0	8,200,56	MeshInstance3D	0.2x0.2x0.0	mat=StandardMaterial3D@0.200,0.280,0.250;mat=StandardMaterial3D@0.200,0.280,0.250	StreetIdShot/OrisonRoot/F03/AffectedProp_malcolm_memory_cutting/@MeshInstance3D@23709
0	24,200,56	MeshInstance3D	0.1x0.2x0.0	mat=StandardMaterial3D@0.200,0.280,0.250;mat=StandardMaterial3D@0.200,0.280,0.250	StreetIdShot/OrisonRoot/F03/AffectedProp_malcolm_memory_cutting/@MeshInstance3D@23710
0	40,200,56	MeshInstance3D	0.2x0.2x0.0	mat=StandardMaterial3D@0.200,0.280,0.250;mat=StandardMaterial3D@0.200,0.280,0.250	StreetIdShot/OrisonRoot/F03/AffectedProp_malcolm_memory_cutting/@MeshInstance3D@23711
0	56,200,56	MeshInstance3D	0.2x0.2x0.0	mat=StandardMaterial3D@0.200,0.280,0.250;mat=StandardMaterial3D@0.200,0.280,0.250	StreetIdShot/OrisonRoot/F03/AffectedProp_malcolm_memory_cutting/@MeshInstance3D@23712
0	72,200,56	MeshInstance3D	0.1x0.1x0.2	mat=StandardMaterial3D@0.420,0.240,0.160;mat=StandardMaterial3D@0.420,0.240,0.160	StreetIdShot/OrisonRoot/F03/AffectedProp_malcolm_empty_pot/@MeshInstance3D@23720
0	88,200,56	MeshInstance3D	0.3x0.0x0.0	mat=StandardMaterial3D@0.420,0.240,0.160;mat=StandardMaterial3D@0.420,0.240,0.160	StreetIdShot/OrisonRoot/F03/AffectedProp_malcolm_pruners/@MeshInstance3D@23723
0	104,200,56	MeshInstance3D	0.2x0.0x0.0	mat=StandardMaterial3D@0.420,0.240,0.160;mat=StandardMaterial3D@0.420,0.240,0.160	StreetIdShot/OrisonRoot/F03/AffectedProp_malcolm_pruners/@MeshInstance3D@23724
0	120,200,56	MeshInstance3D	0.4x0.3x0.2	mat=StandardMaterial3D@0.420,0.240,0.160;mat=StandardMaterial3D@0.420,0.240,0.160	StreetIdShot/OrisonRoot/F03/AffectedProp_omar_tool_case/@MeshInstance3D@23728
0	136,200,56	MeshInstance3D	0.1x0.0x0.0	mat=StandardMaterial3D@0.420,0.240,0.160;mat=StandardMaterial3D@0.420,0.240,0.160	StreetIdShot/OrisonRoot/F03/AffectedProp_omar_tool_case/@MeshInstance3D@23729
0	152,200,56	MeshInstance3D	0.3x0.2x0.2	mat=StandardMaterial3D@0.200,0.280,0.250;mat=StandardMaterial3D@0.200,0.280,0.250	StreetIdShot/OrisonRoot/F03/AffectedProp_omar_wrong_toaster/@MeshInstance3D@23733
0	168,200,56	MeshInstance3D	0.1x0.1x0.0	mat=StandardMaterial3D@0.200,0.280,0.250;mat=StandardMaterial3D@0.200,0.280,0.250	StreetIdShot/OrisonRoot/F03/AffectedProp_omar_wrong_toaster/@MeshInstance3D@23734
0	184,200,56	MeshInstance3D	0.1x0.1x0.0	mat=StandardMaterial3D@0.200,0.280,0.250;mat=StandardMaterial3D@0.200,0.280,0.250	StreetIdShot/OrisonRoot/F03/AffectedProp_omar_wrong_toaster/@MeshInstance3D@23735
0	200,200,56	MeshInstance3D	0.3x0.0x0.2	mat=StandardMaterial3D@0.180,0.310,0.380;mat=StandardMaterial3D@0.180,0.310,0.380	StreetIdShot/OrisonRoot/F03/AffectedProp_omar_unrepairable_tags/@MeshInstance3D@23740
0	216,200,56	MeshInstance3D	0.3x0.0x0.0	mat=StandardMaterial3D@0.420,0.380,0.240;mat=StandardMaterial3D@0.420,0.380,0.240	StreetIdShot/OrisonRoot/F03/AffectedProp_rhea_tuning_fork/@MeshInstance3D@23743
0	232,200,56	MeshInstance3D	0.2x0.0x0.0	mat=StandardMaterial3D@0.420,0.380,0.240;mat=StandardMaterial3D@0.420,0.380,0.240	StreetIdShot/OrisonRoot/F03/AffectedProp_rhea_tuning_fork/@MeshInstance3D@23744
0	248,200,56	MeshInstance3D	0.1x0.1x0.2	mat=StandardMaterial3D@0.380,0.200,0.230;mat=StandardMaterial3D@0.380,0.200,0.230	StreetIdShot/OrisonRoot/F03/AffectedProp_rhea_take_reel/@MeshInstance3D@23748
0	8,216,56	MeshInstance3D	0.1x0.1x0.1	mat=StandardMaterial3D@0.380,0.200,0.230;mat=StandardMaterial3D@0.380,0.200,0.230	StreetIdShot/OrisonRoot/F03/AffectedProp_rhea_take_reel/@MeshInstance3D@23749
0	24,216,56	MeshInstance3D	0.0x0.7x0.1	mat=StandardMaterial3D@0.380,0.200,0.230;mat=StandardMaterial3D@0.380,0.200,0.230	StreetIdShot/OrisonRoot/F03/AffectedProp_rhea_pop_filter/@MeshInstance3D@23753
0	40,216,56	MeshInstance3D	0.1x0.1x0.1	mat=StandardMaterial3D@0.380,0.200,0.230;mat=StandardMaterial3D@0.380,0.200,0.230	StreetIdShot/OrisonRoot/F03/AffectedProp_rhea_pop_filter/@MeshInstance3D@23754
0	56,216,56	MeshInstance3D	0.1x0.1x0.0	mat=StandardMaterial3D@0.080,0.075,0.070;mat=StandardMaterial3D@0.080,0.075,0.070	StreetIdShot/OrisonRoot/F03/DomesticWitness_malcolm_memory_plants/FaceRig/HourHand/@MeshInstance3D@24199
0	72,216,56	MeshInstance3D	0.1x0.0x0.0	mat=StandardMaterial3D@0.080,0.075,0.070;mat=StandardMaterial3D@0.080,0.075,0.070	StreetIdShot/OrisonRoot/F03/DomesticWitness_malcolm_memory_plants/FaceRig/MinuteHand/@MeshInstance3D@24200
0	88,216,56	MeshInstance3D	0.0x0.1x0.0	mat=StandardMaterial3D@0.471,0.576,0.353;mat=StandardMaterial3D@0.471,0.576,0.353	StreetIdShot/OrisonRoot/F03/DomesticWitness_malcolm_memory_plants/FaceRig/SecondHand/@MeshInstance3D@24201
0	104,216,56	MeshInstance3D	0.4x0.4x0.1	mat=StandardMaterial3D@1.000,1.000,1.000;mat=StandardMaterial3D@1.000,1.000,1.000	StreetIdShot/OrisonRoot/F03/DomesticWitness_malcolm_memory_plants/@MeshInstance3D@24204
0	120,216,56	MeshInstance3D	0.6x0.6x0.0	mat=StandardMaterial3D@0.770,0.710,0.550;mat=StandardMaterial3D@0.770,0.710,0.550	StreetIdShot/OrisonRoot/F03/DomesticWitness_malcolm_memory_plants/@MeshInstance3D@24205
0	136,216,56	MeshInstance3D	0.3x0.3x0.0	mat=StandardMaterial3D@0.900,0.850,0.740;mat=StandardMaterial3D@0.900,0.850,0.740	StreetIdShot/OrisonRoot/F03/DomesticWitness_malcolm_memory_plants/@MeshInstance3D@24206
0	152,216,56	MeshInstance3D	0.3x0.3x0.0	mat=StandardMaterial3D@0.471,0.576,0.353;mat=StandardMaterial3D@0.471,0.576,0.353	StreetIdShot/OrisonRoot/F03/DomesticWitness_malcolm_memory_plants/@MeshInstance3D@24207
0	168,216,56	MeshInstance3D	0.2x0.2x0.0	mat=StandardMaterial3D@0.170,0.160,0.140;mat=StandardMaterial3D@0.170,0.160,0.140	StreetIdShot/OrisonRoot/F03/DomesticWitness_malcolm_memory_plants/@MeshInstance3D@24208
0	184,216,56	MeshInstance3D	0.1x0.1x0.0	mat=StandardMaterial3D@0.080,0.075,0.070;mat=StandardMaterial3D@0.080,0.075,0.070	StreetIdShot/OrisonRoot/F03/DomesticWitness_omar_unrepairable/FaceRig/HourHand/@MeshInstance3D@24235
0	200,216,56	MeshInstance3D	0.1x0.0x0.0	mat=StandardMaterial3D@0.080,0.075,0.070;mat=StandardMaterial3D@0.080,0.075,0.070	StreetIdShot/OrisonRoot/F03/DomesticWitness_omar_unrepairable/FaceRig/MinuteHand/@MeshInstance3D@24236
0	216,216,56	MeshInstance3D	0.0x0.1x0.0	mat=StandardMaterial3D@0.710,0.325,0.235;mat=StandardMaterial3D@0.710,0.325,0.235	StreetIdShot/OrisonRoot/F03/DomesticWitness_omar_unrepairable/FaceRig/SecondHand/@MeshInstance3D@24237
0	232,216,56	MeshInstance3D	0.4x0.4x0.1	mat=StandardMaterial3D@1.000,1.000,1.000;mat=StandardMaterial3D@1.000,1.000,1.000	StreetIdShot/OrisonRoot/F03/DomesticWitness_omar_unrepairable/@MeshInstance3D@24240
0	248,216,56	MeshInstance3D	0.3x0.4x0.0	mat=StandardMaterial3D@0.420,0.440,0.450;mat=StandardMaterial3D@0.420,0.440,0.450	StreetIdShot/OrisonRoot/F03/DomesticWitness_omar_unrepairable/@MeshInstance3D@24241
0	8,232,56	MeshInstance3D	0.3x0.4x0.0	mat=StandardMaterial3D@0.520,0.540,0.550;mat=StandardMaterial3D@0.520,0.540,0.550	StreetIdShot/OrisonRoot/F03/DomesticWitness_omar_unrepairable/@MeshInstance3D@24242
0	24,232,56	MeshInstance3D	0.3x0.3x0.0	mat=StandardMaterial3D@0.900,0.850,0.740;mat=StandardMaterial3D@0.900,0.850,0.740	StreetIdShot/OrisonRoot/F03/DomesticWitness_omar_unrepairable/@MeshInstance3D@24243
0	40,232,56	MeshInstance3D	0.3x0.3x0.0	mat=StandardMaterial3D@0.710,0.325,0.235;mat=StandardMaterial3D@0.710,0.325,0.235	StreetIdShot/OrisonRoot/F03/DomesticWitness_omar_unrepairable/@MeshInstance3D@24244
0	56,232,56	MeshInstance3D	0.2x0.2x0.0	mat=StandardMaterial3D@0.170,0.160,0.140;mat=StandardMaterial3D@0.170,0.160,0.140	StreetIdShot/OrisonRoot/F03/DomesticWitness_omar_unrepairable/@MeshInstance3D@24245
0	72,232,56	MeshInstance3D	0.1x0.1x0.0	mat=StandardMaterial3D@0.080,0.075,0.070;mat=StandardMaterial3D@0.080,0.075,0.070	StreetIdShot/OrisonRoot/F03/DomesticWitness_rhea_bad_karaoke/FaceRig/HourHand/@MeshInstance3D@24263
0	88,232,56	MeshInstance3D	0.1x0.0x0.0	mat=StandardMaterial3D@0.080,0.075,0.070;mat=StandardMaterial3D@0.080,0.075,0.070	StreetIdShot/OrisonRoot/F03/DomesticWitness_rhea_bad_karaoke/FaceRig/MinuteHand/@MeshInstance3D@24264
0	104,232,56	MeshInstance3D	0.0x0.1x0.0	mat=StandardMaterial3D@0.655,0.353,0.569;mat=StandardMaterial3D@0.655,0.353,0.569	StreetIdShot/OrisonRoot/F03/DomesticWitness_rhea_bad_karaoke/FaceRig/SecondHand/@MeshInstance3D@24265
0	120,232,56	MeshInstance3D	0.4x0.2x0.1	mat=StandardMaterial3D@1.000,1.000,1.000;mat=StandardMaterial3D@1.000,1.000,1.000	StreetIdShot/OrisonRoot/F03/DomesticWitness_rhea_bad_karaoke/@MeshInstance3D@24268
0	136,232,56	MeshInstance3D	0.3x0.3x0.0	mat=StandardMaterial3D@0.900,0.850,0.740;mat=StandardMaterial3D@0.900,0.850,0.740	StreetIdShot/OrisonRoot/F03/DomesticWitness_rhea_bad_karaoke/@MeshInstance3D@24269
0	152,232,56	MeshInstance3D	0.3x0.3x0.0	mat=StandardMaterial3D@0.655,0.353,0.569;mat=StandardMaterial3D@0.655,0.353,0.569	StreetIdShot/OrisonRoot/F03/DomesticWitness_rhea_bad_karaoke/@MeshInstance3D@24270
0	168,232,56	MeshInstance3D	0.2x0.2x0.0	mat=StandardMaterial3D@0.170,0.160,0.140;mat=StandardMaterial3D@0.170,0.160,0.140	StreetIdShot/OrisonRoot/F03/DomesticWitness_rhea_bad_karaoke/@MeshInstance3D@24271
0	184,232,56	MeshInstance3D	0.3x0.2x0.3	mat=StandardMaterial3D@0.310,0.180,0.100;mat=StandardMaterial3D@0.310,0.180,0.100	StreetIdShot/OrisonRoot/F03/DomesticAnomaly_malcolm_plant/@MeshInstance3D@24554
0	200,232,56	MeshInstance3D	0.1x0.3x0.0	mat=StandardMaterial3D@0.160,0.340,0.170;mat=StandardMaterial3D@0.160,0.340,0.170	StreetIdShot/OrisonRoot/F03/DomesticAnomaly_malcolm_plant/@Node3D@24555/@MeshInstance3D@24556
0	216,232,56	MeshInstance3D	0.1x0.3x0.0	mat=StandardMaterial3D@0.160,0.340,0.170;mat=StandardMaterial3D@0.160,0.340,0.170	StreetIdShot/OrisonRoot/F03/DomesticAnomaly_malcolm_plant/@Node3D@24555/@MeshInstance3D@24557
0	232,232,56	MeshInstance3D	0.1x0.3x0.0	mat=StandardMaterial3D@0.160,0.340,0.170;mat=StandardMaterial3D@0.160,0.340,0.170	StreetIdShot/OrisonRoot/F03/DomesticAnomaly_malcolm_plant/@Node3D@24555/@MeshInstance3D@24558
0	248,232,56	MeshInstance3D	0.2x0.2x0.0	mat=StandardMaterial3D@0.160,0.340,0.170;mat=StandardMaterial3D@0.160,0.340,0.170	StreetIdShot/OrisonRoot/F03/DomesticAnomaly_malcolm_plant/@Node3D@24555/@MeshInstance3D@24559
0	8,248,56	MeshInstance3D	0.2x0.2x0.0	mat=StandardMaterial3D@0.160,0.340,0.170;mat=StandardMaterial3D@0.160,0.340,0.170	StreetIdShot/OrisonRoot/F03/DomesticAnomaly_malcolm_plant/@Node3D@24555/@MeshInstance3D@24560
0	24,248,56	MeshInstance3D	0.2x0.2x0.0	mat=StandardMaterial3D@0.160,0.340,0.170;mat=StandardMaterial3D@0.160,0.340,0.170	StreetIdShot/OrisonRoot/F03/DomesticAnomaly_malcolm_plant/@Node3D@24555/@MeshInstance3D@24561
0	40,248,56	MeshInstance3D	0.3x0.1x0.0	mat=StandardMaterial3D@0.160,0.340,0.170;mat=StandardMaterial3D@0.160,0.340,0.170	StreetIdShot/OrisonRoot/F03/DomesticAnomaly_malcolm_plant/@Node3D@24555/@MeshInstance3D@24562
0	56,248,56	MeshInstance3D	0.1x0.2x0.0	mat=StandardMaterial3D@0.750,0.720,0.630;mat=StandardMaterial3D@0.750,0.720,0.630	StreetIdShot/OrisonRoot/F03/DomesticAnomaly_omar_outlet/@MeshInstance3D@24567
0	72,248,56	MeshInstance3D	0.0x0.0x0.0	mat=StandardMaterial3D@0.050,0.045,0.040;mat=StandardMaterial3D@0.050,0.045,0.040	StreetIdShot/OrisonRoot/F03/DomesticAnomaly_omar_outlet/@MeshInstance3D@24568
0	88,248,56	MeshInstance3D	0.0x0.0x0.0	mat=StandardMaterial3D@0.050,0.045,0.040;mat=StandardMaterial3D@0.050,0.045,0.040	StreetIdShot/OrisonRoot/F03/DomesticAnomaly_omar_outlet/@MeshInstance3D@24569
0	104,248,56	MeshInstance3D	0.0x0.0x0.0	mat=StandardMaterial3D@0.050,0.045,0.040;mat=StandardMaterial3D@0.050,0.045,0.040	StreetIdShot/OrisonRoot/F03/DomesticAnomaly_omar_outlet/@MeshInstance3D@24570
0	120,248,56	MeshInstance3D	0.0x0.0x0.0	mat=StandardMaterial3D@0.050,0.045,0.040;mat=StandardMaterial3D@0.050,0.045,0.040	StreetIdShot/OrisonRoot/F03/DomesticAnomaly_omar_outlet/@MeshInstance3D@24571
0	136,248,56	MeshInstance3D	0.4x0.1x0.3	mat=StandardMaterial3D@0.200,0.220,0.190;mat=StandardMaterial3D@0.200,0.220,0.190	StreetIdShot/OrisonRoot/F03/DomesticAnomaly_rhea_telephone/@MeshInstance3D@24577
0	152,248,56	MeshInstance3D	0.3x0.1x0.2	mat=StandardMaterial3D@0.100,0.110,0.100;mat=StandardMaterial3D@0.100,0.110,0.100	StreetIdShot/OrisonRoot/F03/DomesticAnomaly_rhea_telephone/@MeshInstance3D@24578
0	168,248,56	MeshInstance3D	0.0x0.0x0.0	mat=StandardMaterial3D@0.337,0.496,0.372;mat=StandardMaterial3D@0.337,0.496,0.372	StreetIdShot/OrisonRoot/F03/DomesticAnomaly_rhea_telephone/@MeshInstance3D@24579
0	184,248,56	MeshInstance3D	0.0x0.0x0.0	mat=StandardMaterial3D@0.337,0.496,0.372;mat=StandardMaterial3D@0.337,0.496,0.372	StreetIdShot/OrisonRoot/F03/DomesticAnomaly_rhea_telephone/@MeshInstance3D@24580
0	200,248,56	MeshInstance3D	0.0x0.0x0.0	mat=StandardMaterial3D@0.337,0.496,0.372;mat=StandardMaterial3D@0.337,0.496,0.372	StreetIdShot/OrisonRoot/F03/DomesticAnomaly_rhea_telephone/@MeshInstance3D@24581
0	216,248,56	MeshInstance3D	0.0x0.0x0.0	mat=StandardMaterial3D@0.337,0.496,0.372;mat=StandardMaterial3D@0.337,0.496,0.372	StreetIdShot/OrisonRoot/F03/DomesticAnomaly_rhea_telephone/@MeshInstance3D@24582
0	232,248,56	MeshInstance3D	0.0x0.0x0.0	mat=StandardMaterial3D@0.337,0.496,0.372;mat=StandardMaterial3D@0.337,0.496,0.372	StreetIdShot/OrisonRoot/F03/DomesticAnomaly_rhea_telephone/@MeshInstance3D@24583
0	248,248,56	MeshInstance3D	0.0x0.0x0.0	mat=StandardMaterial3D@0.337,0.496,0.372;mat=StandardMaterial3D@0.337,0.496,0.372	StreetIdShot/OrisonRoot/F03/DomesticAnomaly_rhea_telephone/@MeshInstance3D@24584
0	8,8,72	MeshInstance3D	0.0x0.7x0.7	mat=StandardMaterial3D@1.000,1.000,1.000;mat=StandardMaterial3D@1.000,1.000,1.000	StreetIdShot/OrisonRoot/F03/MemoryArt_malcolm_cutting/@MeshInstance3D@24726
0	24,8,72	MeshInstance3D	0.0x0.0x0.8	mat=StandardMaterial3D@0.180,0.105,0.055;mat=StandardMaterial3D@0.180,0.105,0.055	StreetIdShot/OrisonRoot/F03/MemoryArt_malcolm_cutting/@MeshInstance3D@24727
0	40,8,72	MeshInstance3D	0.0x0.0x0.8	mat=StandardMaterial3D@0.180,0.105,0.055;mat=StandardMaterial3D@0.180,0.105,0.055	StreetIdShot/OrisonRoot/F03/MemoryArt_malcolm_cutting/@MeshInstance3D@24728
0	56,8,72	MeshInstance3D	0.0x0.7x0.0	mat=StandardMaterial3D@0.180,0.105,0.055;mat=StandardMaterial3D@0.180,0.105,0.055	StreetIdShot/OrisonRoot/F03/MemoryArt_malcolm_cutting/@MeshInstance3D@24729
0	72,8,72	MeshInstance3D	0.0x0.7x0.0	mat=StandardMaterial3D@0.180,0.105,0.055;mat=StandardMaterial3D@0.180,0.105,0.055	StreetIdShot/OrisonRoot/F03/MemoryArt_malcolm_cutting/@MeshInstance3D@24730
0	88,8,72	MeshInstance3D	0.7x0.7x0.0	mat=StandardMaterial3D@1.000,1.000,1.000;mat=StandardMaterial3D@1.000,1.000,1.000	StreetIdShot/OrisonRoot/F03/MemoryArt_omar_radio/@MeshInstance3D@24732
0	104,8,72	MeshInstance3D	0.8x0.0x0.0	mat=StandardMaterial3D@0.180,0.105,0.055;mat=StandardMaterial3D@0.180,0.105,0.055	StreetIdShot/OrisonRoot/F03/MemoryArt_omar_radio/@MeshInstance3D@24733
0	120,8,72	MeshInstance3D	0.8x0.0x0.0	mat=StandardMaterial3D@0.180,0.105,0.055;mat=StandardMaterial3D@0.180,0.105,0.055	StreetIdShot/OrisonRoot/F03/MemoryArt_omar_radio/@MeshInstance3D@24734
0	136,8,72	MeshInstance3D	0.0x0.7x0.0	mat=StandardMaterial3D@0.180,0.105,0.055;mat=StandardMaterial3D@0.180,0.105,0.055	StreetIdShot/OrisonRoot/F03/MemoryArt_omar_radio/@MeshInstance3D@24735
0	152,8,72	MeshInstance3D	0.0x0.7x0.0	mat=StandardMaterial3D@0.180,0.105,0.055;mat=StandardMaterial3D@0.180,0.105,0.055	StreetIdShot/OrisonRoot/F03/MemoryArt_omar_radio/@MeshInstance3D@24736
0	168,8,72	MeshInstance3D	0.0x0.7x0.7	mat=StandardMaterial3D@1.000,1.000,1.000;mat=StandardMaterial3D@1.000,1.000,1.000	StreetIdShot/OrisonRoot/F03/MemoryArt_rhea_before_stage/@MeshInstance3D@24738
0	184,8,72	MeshInstance3D	0.0x0.0x0.8	mat=StandardMaterial3D@0.180,0.105,0.055;mat=StandardMaterial3D@0.180,0.105,0.055	StreetIdShot/OrisonRoot/F03/MemoryArt_rhea_before_stage/@MeshInstance3D@24739
0	200,8,72	MeshInstance3D	0.0x0.0x0.8	mat=StandardMaterial3D@0.180,0.105,0.055;mat=StandardMaterial3D@0.180,0.105,0.055	StreetIdShot/OrisonRoot/F03/MemoryArt_rhea_before_stage/@MeshInstance3D@24740
0	216,8,72	MeshInstance3D	0.0x0.7x0.0	mat=StandardMaterial3D@0.180,0.105,0.055;mat=StandardMaterial3D@0.180,0.105,0.055	StreetIdShot/OrisonRoot/F03/MemoryArt_rhea_before_stage/@MeshInstance3D@24741
0	232,8,72	MeshInstance3D	0.0x0.7x0.0	mat=StandardMaterial3D@0.180,0.105,0.055;mat=StandardMaterial3D@0.180,0.105,0.055	StreetIdShot/OrisonRoot/F03/MemoryArt_rhea_before_stage/@MeshInstance3D@24742
0	248,8,72	MeshInstance3D	0.7x0.7x0.0	mat=StandardMaterial3D@1.000,1.000,1.000;mat=StandardMaterial3D@1.000,1.000,1.000	StreetIdShot/OrisonRoot/F03/WallArt_malcolm_propagation_plate/@MeshInstance3D@24848
0	8,24,72	MeshInstance3D	0.8x0.0x0.0	mat=StandardMaterial3D@0.180,0.105,0.055;mat=StandardMaterial3D@0.180,0.105,0.055	StreetIdShot/OrisonRoot/F03/WallArt_malcolm_propagation_plate/@MeshInstance3D@24849
0	24,24,72	MeshInstance3D	0.8x0.0x0.0	mat=StandardMaterial3D@0.180,0.105,0.055;mat=StandardMaterial3D@0.180,0.105,0.055	StreetIdShot/OrisonRoot/F03/WallArt_malcolm_propagation_plate/@MeshInstance3D@24850
0	40,24,72	MeshInstance3D	0.0x0.7x0.0	mat=StandardMaterial3D@0.180,0.105,0.055;mat=StandardMaterial3D@0.180,0.105,0.055	StreetIdShot/OrisonRoot/F03/WallArt_malcolm_propagation_plate/@MeshInstance3D@24851
0	56,24,72	MeshInstance3D	0.0x0.7x0.0	mat=StandardMaterial3D@0.180,0.105,0.055;mat=StandardMaterial3D@0.180,0.105,0.055	StreetIdShot/OrisonRoot/F03/WallArt_malcolm_propagation_plate/@MeshInstance3D@24852
0	72,24,72	MeshInstance3D	0.0x0.7x0.7	mat=StandardMaterial3D@1.000,1.000,1.000;mat=StandardMaterial3D@1.000,1.000,1.000	StreetIdShot/OrisonRoot/F03/WallArt_omar_repair_manual/@MeshInstance3D@24854
0	88,24,72	MeshInstance3D	0.0x0.0x0.8	mat=StandardMaterial3D@0.180,0.105,0.055;mat=StandardMaterial3D@0.180,0.105,0.055	StreetIdShot/OrisonRoot/F03/WallArt_omar_repair_manual/@MeshInstance3D@24855
0	104,24,72	MeshInstance3D	0.0x0.0x0.8	mat=StandardMaterial3D@0.180,0.105,0.055;mat=StandardMaterial3D@0.180,0.105,0.055	StreetIdShot/OrisonRoot/F03/WallArt_omar_repair_manual/@MeshInstance3D@24856
0	120,24,72	MeshInstance3D	0.0x0.7x0.0	mat=StandardMaterial3D@0.180,0.105,0.055;mat=StandardMaterial3D@0.180,0.105,0.055	StreetIdShot/OrisonRoot/F03/WallArt_omar_repair_manual/@MeshInstance3D@24857
0	136,24,72	MeshInstance3D	0.0x0.7x0.0	mat=StandardMaterial3D@0.180,0.105,0.055;mat=StandardMaterial3D@0.180,0.105,0.055	StreetIdShot/OrisonRoot/F03/WallArt_omar_repair_manual/@MeshInstance3D@24858
0	152,24,72	MeshInstance3D	0.7x0.7x0.0	mat=StandardMaterial3D@1.000,1.000,1.000;mat=StandardMaterial3D@1.000,1.000,1.000	StreetIdShot/OrisonRoot/F03/WallArt_rhea_one_bad_note/@MeshInstance3D@24860
0	168,24,72	MeshInstance3D	0.8x0.0x0.0	mat=StandardMaterial3D@0.055,0.050,0.045;mat=StandardMaterial3D@0.055,0.050,0.045	StreetIdShot/OrisonRoot/F03/WallArt_rhea_one_bad_note/@MeshInstance3D@24861
0	184,24,72	MeshInstance3D	0.8x0.0x0.0	mat=StandardMaterial3D@0.055,0.050,0.045;mat=StandardMaterial3D@0.055,0.050,0.045	StreetIdShot/OrisonRoot/F03/WallArt_rhea_one_bad_note/@MeshInstance3D@24862
0	200,24,72	MeshInstance3D	0.0x0.7x0.0	mat=StandardMaterial3D@0.055,0.050,0.045;mat=StandardMaterial3D@0.055,0.050,0.045	StreetIdShot/OrisonRoot/F03/WallArt_rhea_one_bad_note/@MeshInstance3D@24863
0	216,24,72	MeshInstance3D	0.0x0.7x0.0	mat=StandardMaterial3D@0.055,0.050,0.045;mat=StandardMaterial3D@0.055,0.050,0.045	StreetIdShot/OrisonRoot/F03/WallArt_rhea_one_bad_note/@MeshInstance3D@24864
0	232,24,72	MeshInstance3D	0.0x0.7x0.7	mat=StandardMaterial3D@1.000,1.000,1.000;mat=StandardMaterial3D@1.000,1.000,1.000	StreetIdShot/OrisonRoot/F03/MemoryArt_third_rooftop_party/@MeshInstance3D@24962
0	248,24,72	MeshInstance3D	0.0x0.0x0.8	mat=StandardMaterial3D@0.180,0.105,0.055;mat=StandardMaterial3D@0.180,0.105,0.055	StreetIdShot/OrisonRoot/F03/MemoryArt_third_rooftop_party/@MeshInstance3D@24963
0	8,40,72	MeshInstance3D	0.0x0.0x0.8	mat=StandardMaterial3D@0.180,0.105,0.055;mat=StandardMaterial3D@0.180,0.105,0.055	StreetIdShot/OrisonRoot/F03/MemoryArt_third_rooftop_party/@MeshInstance3D@24964
0	24,40,72	MeshInstance3D	0.0x0.7x0.0	mat=StandardMaterial3D@0.180,0.105,0.055;mat=StandardMaterial3D@0.180,0.105,0.055	StreetIdShot/OrisonRoot/F03/MemoryArt_third_rooftop_party/@MeshInstance3D@24965
0	40,40,72	MeshInstance3D	0.0x0.7x0.0	mat=StandardMaterial3D@0.180,0.105,0.055;mat=StandardMaterial3D@0.180,0.105,0.055	StreetIdShot/OrisonRoot/F03/MemoryArt_third_rooftop_party/@MeshInstance3D@24966
0	56,40,72	MeshInstance3D	0.0x0.7x0.7	mat=StandardMaterial3D@1.000,1.000,1.000;mat=StandardMaterial3D@1.000,1.000,1.000	StreetIdShot/OrisonRoot/F03/MemoryArt_malcolm_rembrandt/@MeshInstance3D@25058
0	72,40,72	MeshInstance3D	0.0x0.0x0.8	mat=StandardMaterial3D@0.250,0.170,0.055;mat=StandardMaterial3D@0.250,0.170,0.055	StreetIdShot/OrisonRoot/F03/MemoryArt_malcolm_rembrandt/@MeshInstance3D@25059
0	88,40,72	MeshInstance3D	0.0x0.0x0.8	mat=StandardMaterial3D@0.250,0.170,0.055;mat=StandardMaterial3D@0.250,0.170,0.055	StreetIdShot/OrisonRoot/F03/MemoryArt_malcolm_rembrandt/@MeshInstance3D@25060
0	104,40,72	MeshInstance3D	0.0x0.7x0.0	mat=StandardMaterial3D@0.250,0.170,0.055;mat=StandardMaterial3D@0.250,0.170,0.055	StreetIdShot/OrisonRoot/F03/MemoryArt_malcolm_rembrandt/@MeshInstance3D@25061
0	120,40,72	MeshInstance3D	0.0x0.7x0.0	mat=StandardMaterial3D@0.250,0.170,0.055;mat=StandardMaterial3D@0.250,0.170,0.055	StreetIdShot/OrisonRoot/F03/MemoryArt_malcolm_rembrandt/@MeshInstance3D@25062
0	136,40,72	MeshInstance3D	0.7x0.7x0.0	mat=StandardMaterial3D@1.000,1.000,1.000;mat=StandardMaterial3D@1.000,1.000,1.000	StreetIdShot/OrisonRoot/F03/MemoryArt_omar_vaudeville/@MeshInstance3D@25064
0	152,40,72	MeshInstance3D	0.8x0.0x0.0	mat=StandardMaterial3D@0.055,0.050,0.045;mat=StandardMaterial3D@0.055,0.050,0.045	StreetIdShot/OrisonRoot/F03/MemoryArt_omar_vaudeville/@MeshInstance3D@25065
0	168,40,72	MeshInstance3D	0.8x0.0x0.0	mat=StandardMaterial3D@0.055,0.050,0.045;mat=StandardMaterial3D@0.055,0.050,0.045	StreetIdShot/OrisonRoot/F03/MemoryArt_omar_vaudeville/@MeshInstance3D@25066
0	184,40,72	MeshInstance3D	0.0x0.7x0.0	mat=StandardMaterial3D@0.055,0.050,0.045;mat=StandardMaterial3D@0.055,0.050,0.045	StreetIdShot/OrisonRoot/F03/MemoryArt_omar_vaudeville/@MeshInstance3D@25067
0	200,40,72	MeshInstance3D	0.0x0.7x0.0	mat=StandardMaterial3D@0.055,0.050,0.045;mat=StandardMaterial3D@0.055,0.050,0.045	StreetIdShot/OrisonRoot/F03/MemoryArt_omar_vaudeville/@MeshInstance3D@25068
0	216,40,72	MeshInstance3D	0.0x0.7x0.7	mat=StandardMaterial3D@1.000,1.000,1.000;mat=StandardMaterial3D@1.000,1.000,1.000	StreetIdShot/OrisonRoot/F03/MemoryArt_rhea_dunes/@MeshInstance3D@25070
0	232,40,72	MeshInstance3D	0.0x0.0x0.8	mat=StandardMaterial3D@0.250,0.170,0.055;mat=StandardMaterial3D@0.250,0.170,0.055	StreetIdShot/OrisonRoot/F03/MemoryArt_rhea_dunes/@MeshInstance3D@25071
0	248,40,72	MeshInstance3D	0.0x0.0x0.8	mat=StandardMaterial3D@0.250,0.170,0.055;mat=StandardMaterial3D@0.250,0.170,0.055	StreetIdShot/OrisonRoot/F03/MemoryArt_rhea_dunes/@MeshInstance3D@25072
0	8,56,72	MeshInstance3D	0.0x0.7x0.0	mat=StandardMaterial3D@0.250,0.170,0.055;mat=StandardMaterial3D@0.250,0.170,0.055	StreetIdShot/OrisonRoot/F03/MemoryArt_rhea_dunes/@MeshInstance3D@25073
0	24,56,72	MeshInstance3D	0.0x0.7x0.0	mat=StandardMaterial3D@0.250,0.170,0.055;mat=StandardMaterial3D@0.250,0.170,0.055	StreetIdShot/OrisonRoot/F03/MemoryArt_rhea_dunes/@MeshInstance3D@25074
0	40,56,72	MeshInstance3D	27.3x0.0x19.3	mat=M_plaster_b@1.000,1.000,1.000	StreetIdShot/OrisonRoot/F04/F04_ceiling_plaster
0	56,56,72	MeshInstance3D	27.3x0.0x19.3	mat=M_plaster_stained_b@1.000,1.000,1.000	StreetIdShot/OrisonRoot/F04/F04_ceiling_plaster_stained
0	72,56,72	MeshInstance3D	10.7x0.0x19.3	mat=M_tin_ceiling@1.000,1.000,1.000	StreetIdShot/OrisonRoot/F04/F04_ceiling_tin_ceiling
0	88,56,72	MeshInstance3D	15.4x0.0x13.1	mat=M_ceramic_b@1.000,1.000,1.000	StreetIdShot/OrisonRoot/F04/F04_floors_ceramic
0	104,56,72	MeshInstance3D	6.5x0.0x3.5	mat=M_concrete@1.000,1.000,1.000	StreetIdShot/OrisonRoot/F04/F04_floors_concrete
0	120,56,72	MeshInstance3D	27.3x0.0x19.3	mat=M_floor_oak_b@1.000,1.000,1.000	StreetIdShot/OrisonRoot/F04/F04_floors_floor_oak
0	136,56,72	MeshInstance3D	10.7x0.0x19.3	mat=M_terrazzo@1.000,1.000,1.000	StreetIdShot/OrisonRoot/F04/F04_floors_terrazzo
0	152,56,72	MeshInstance3D	0.6x1.0x0.0	mat=M_bakelite@1.000,1.000,1.000	StreetIdShot/OrisonRoot/F04/F04_furnish_bakelite
0	168,56,72	MeshInstance3D	23.5x0.1x15.6	mat=M_bakelite_black@1.000,1.000,1.000	StreetIdShot/OrisonRoot/F04/F04_furnish_bakelite_black
0	184,56,72	MeshInstance3D	17.5x1.6x6.2	mat=M_book_brown@1.000,1.000,1.000	StreetIdShot/OrisonRoot/F04/F04_furnish_book_brown
0	200,56,72	MeshInstance3D	20.4x1.6x6.2	mat=M_book_burgundy@1.000,1.000,1.000	StreetIdShot/OrisonRoot/F04/F04_furnish_book_burgundy
0	216,56,72	MeshInstance3D	20.4x1.6x6.2	mat=M_book_green@1.000,1.000,1.000	StreetIdShot/OrisonRoot/F04/F04_furnish_book_green
0	232,56,72	MeshInstance3D	20.5x1.6x6.2	mat=M_book_navy@1.000,1.000,1.000	StreetIdShot/OrisonRoot/F04/F04_furnish_book_navy
0	248,56,72	MeshInstance3D	17.5x1.6x6.2	mat=M_book_ochre@1.000,1.000,1.000	StreetIdShot/OrisonRoot/F04/F04_furnish_book_ochre
0	8,72,72	MeshInstance3D	15.6x1.6x6.2	mat=M_book_teal@1.000,1.000,1.000	StreetIdShot/OrisonRoot/F04/F04_furnish_book_teal
0	24,72,72	MeshInstance3D	26.7x3.2x18.1	mat=M_brass_b@1.000,1.000,1.000	StreetIdShot/OrisonRoot/F04/F04_furnish_brass
0	40,72,72	MeshInstance3D	23.5x0.1x15.6	mat=M_brass_bright@1.000,1.000,1.000	StreetIdShot/OrisonRoot/F04/F04_furnish_brass_bright
0	56,72,72	MeshInstance3D	23.5x0.1x15.6	mat=M_brass_dull@1.000,1.000,1.000	StreetIdShot/OrisonRoot/F04/F04_furnish_brass_dull
0	72,72,72	MeshInstance3D	0.1x0.1x0.1	mat=M_ceramic_b@1.000,1.000,1.000	StreetIdShot/OrisonRoot/F04/F04_furnish_ceramic
0	88,72,72	MeshInstance3D	19.8x0.8x11.8	mat=M_chrome@1.000,1.000,1.000	StreetIdShot/OrisonRoot/F04/F04_furnish_chrome
0	104,72,72	MeshInstance3D	18.2x0.1x3.9	mat=M_countertop_b@1.000,1.000,1.000	StreetIdShot/OrisonRoot/F04/F04_furnish_countertop
0	120,72,72	MeshInstance3D	2.5x0.7x0.9	mat=M_fabric_cool_b@1.000,1.000,1.000	StreetIdShot/OrisonRoot/F04/F04_furnish_fabric_cool
0	136,72,72	MeshInstance3D	6.5x0.7x7.4	mat=M_fabric_green_b@1.000,1.000,1.000	StreetIdShot/OrisonRoot/F04/F04_furnish_fabric_green
0	152,72,72	MeshInstance3D	25.7x0.1x1.6	mat=M_fabric_warm_b@1.000,1.000,1.000	StreetIdShot/OrisonRoot/F04/F04_furnish_fabric_warm
0	168,72,72	MeshInstance3D	23.2x1.8x15.9	mat=M_floor_oak_b@1.000,1.000,1.000	StreetIdShot/OrisonRoot/F04/F04_furnish_floor_oak
0	184,72,72	MeshInstance3D	26.4x0.2x18.1	mat=M_linen@1.000,1.000,1.000	StreetIdShot/OrisonRoot/F04/F04_furnish_linen
0	200,72,72	MeshInstance3D	26.7x3.0x13.6	mat=M_metal_b@1.000,1.000,1.000	StreetIdShot/OrisonRoot/F04/F04_furnish_metal
0	216,72,72	MeshInstance3D	18.8x0.1x11.0	mat=M_nickel_plated@1.000,1.000,1.000	StreetIdShot/OrisonRoot/F04/F04_furnish_nickel_plated
0	232,72,72	MeshInstance3D	7.3x1.9x8.2	mat=M_oak_quartered@1.000,1.000,1.000	StreetIdShot/OrisonRoot/F04/F04_furnish_oak_quartered
0	248,72,72	MeshInstance3D	27.3x1.8x17.9	mat=M_paper_b@1.000,1.000,1.000	StreetIdShot/OrisonRoot/F04/F04_furnish_paper
0	8,88,72	MeshInstance3D	19.5x1.1x14.6	mat=M_porcelain_b@1.000,1.000,1.000	StreetIdShot/OrisonRoot/F04/F04_furnish_porcelain
0	24,88,72	MeshInstance3D	25.9x1.6x15.6	mat=M_soot@1.000,1.000,1.000	StreetIdShot/OrisonRoot/F04/F04_furnish_soot
0	40,88,72	MeshInstance3D	27.4x1.9x10.4	mat=M_timber_b@1.000,1.000,1.000	StreetIdShot/OrisonRoot/F04/F04_furnish_timber
0	56,88,72	MeshInstance3D	20.1x2.2x11.8	mat=M_trim_b@1.000,1.000,1.000	StreetIdShot/OrisonRoot/F04/F04_furnish_trim
0	72,88,72	MeshInstance3D	27.4x2.0x18.2	mat=M_wood_dark_b@1.000,1.000,1.000	StreetIdShot/OrisonRoot/F04/F04_furnish_wood_dark
0	88,88,72	MeshInstance3D	25.1x0.9x12.7	mat=M_art@1.000,1.000,1.000	StreetIdShot/OrisonRoot/F04/F04_furniture_art
0	104,88,72	MeshInstance3D	10.9x1.3x13.5	mat=M_brass_b@1.000,1.000,1.000	StreetIdShot/OrisonRoot/F04/F04_furniture_brass
0	120,88,72	MeshInstance3D	19.5x0.0x7.1	mat=M_brass_dull@1.000,1.000,1.000	StreetIdShot/OrisonRoot/F04/F04_furniture_brass_dull
0	136,88,72	MeshInstance3D	0.7x0.6x0.3	mat=M_cast_iron@1.000,1.000,1.000	StreetIdShot/OrisonRoot/F04/F04_furniture_cast_iron
0	152,88,72	MeshInstance3D	9.6x0.5x3.1	mat=M_ceramic_b@1.000,1.000,1.000	StreetIdShot/OrisonRoot/F04/F04_furniture_ceramic
0	168,88,72	MeshInstance3D	15.2x0.0x10.6	mat=M_chrome@1.000,1.000,1.000	StreetIdShot/OrisonRoot/F04/F04_furniture_chrome
0	184,88,72	MeshInstance3D	1.3x0.0x0.6	mat=M_countertop_b@1.000,1.000,1.000	StreetIdShot/OrisonRoot/F04/F04_furniture_countertop
0	200,88,72	MeshInstance3D	1.3x0.0x1.3	mat=M_fabric_cool_b@1.000,1.000,1.000	StreetIdShot/OrisonRoot/F04/F04_furniture_fabric_cool
0	216,88,72	MeshInstance3D	0.6x0.0x1.3	mat=M_floor_oak_b@1.000,1.000,1.000	StreetIdShot/OrisonRoot/F04/F04_furniture_floor_oak
0	232,88,72	MeshInstance3D	10.9x1.0x13.5	mat=M_indicator_enamel@1.000,1.000,1.000	StreetIdShot/OrisonRoot/F04/F04_furniture_indicator_enamel
0	248,88,72	MeshInstance3D	21.0x1.0x13.9	mat=M_linen@1.000,1.000,1.000	StreetIdShot/OrisonRoot/F04/F04_furniture_linen
0	8,104,72	MeshInstance3D	19.5x0.0x12.4	mat=M_linoleum_b@1.000,1.000,1.000	StreetIdShot/OrisonRoot/F04/F04_furniture_linoleum
0	24,104,72	MeshInstance3D	28.6x1.8x4.3	mat=M_metal_b@1.000,1.000,1.000	StreetIdShot/OrisonRoot/F04/F04_furniture_metal
0	40,104,72	MeshInstance3D	1.5x0.1x5.9	mat=M_paper_b@1.000,1.000,1.000	StreetIdShot/OrisonRoot/F04/F04_furniture_paper
0	56,104,72	MeshInstance3D	28.0x0.9x16.0	mat=M_plaster_stained_b@1.000,1.000,1.000	StreetIdShot/OrisonRoot/F04/F04_furniture_plaster_stained
0	72,104,72	MeshInstance3D	1.2x0.0x1.5	mat=M_rug_cool@1.000,1.000,1.000	StreetIdShot/OrisonRoot/F04/F04_furniture_rug_cool
0	88,104,72	MeshInstance3D	6.6x1.5x4.1	mat=M_rug_warm@1.000,1.000,1.000	StreetIdShot/OrisonRoot/F04/F04_furniture_rug_warm
0	104,104,72	MeshInstance3D	0.7x0.5x0.0	mat=M_subway_tile_b@1.000,1.000,1.000	StreetIdShot/OrisonRoot/F04/F04_furniture_subway_tile
0	120,104,72	MeshInstance3D	8.1x4.4x4.4	mat=M_timber_b@1.000,1.000,1.000	StreetIdShot/OrisonRoot/F04/F04_furniture_timber
0	136,104,72	MeshInstance3D	27.6x2.6x19.6	mat=M_trim_b@1.000,1.000,1.000	StreetIdShot/OrisonRoot/F04/F04_furniture_trim
0	152,104,72	MeshInstance3D	25.2x0.9x12.7	mat=M_wood_dark_b@1.000,1.000,1.000	StreetIdShot/OrisonRoot/F04/F04_furniture_wood_dark
0	168,104,72	MeshInstance3D	27.9x0.2x19.9	mat=M_slab@1.000,1.000,1.000	StreetIdShot/OrisonRoot/F04/F04_slabs
0	184,104,72	MeshInstance3D	6.3x3.2x2.9	mat=M_stair_b@1.000,1.000,1.000	StreetIdShot/OrisonRoot/F04/F04_stairs
0	200,104,72	MeshInstance3D	3.1x3.9x3.1	mat=M_baluster_b@1.000,1.000,1.000	StreetIdShot/OrisonRoot/F04/F04_stairs_bal
0	216,104,72	MeshInstance3D	6.2x3.4x3.1	mat=M_brass_b@1.000,1.000,1.000	StreetIdShot/OrisonRoot/F04/F04_stairs_brass
0	232,104,72	MeshInstance3D	6.3x3.4x3.1	mat=M_metal_b@1.000,1.000,1.000	StreetIdShot/OrisonRoot/F04/F04_stairs_iron
0	248,104,72	MeshInstance3D	6.3x1.8x6.3	mat=M_landing@1.000,1.000,1.000	StreetIdShot/OrisonRoot/F04/F04_stairs_landing
0	8,120,72	MeshInstance3D	6.3x4.2x3.2	mat=M_handrail_wood_b@1.000,1.000,1.000	StreetIdShot/OrisonRoot/F04/F04_stairs_rail
0	24,120,72	MeshInstance3D	6.3x2.9x2.9	mat=M_stair_treads@1.000,1.000,1.000	StreetIdShot/OrisonRoot/F04/F04_stairs_treads
0	40,120,72	MeshInstance3D	28.1x2.5x20.1	mat=M_limestone_b@1.000,1.000,1.000	StreetIdShot/OrisonRoot/F04/F04_stone_trim
0	56,120,72	MeshInstance3D	27.4x3.2x19.4	mat=M_trim_b@1.000,1.000,1.000	StreetIdShot/OrisonRoot/F04/F04_trim
0	72,120,72	MeshInstance3D	14.9x0.0x11.0	mat=M_brass_dull@1.000,1.000,1.000	StreetIdShot/OrisonRoot/F04/F04_vent_register_screws
0	88,120,72	MeshInstance3D	14.8x0.0x11.0	mat=M_cast_iron@1.000,1.000,1.000	StreetIdShot/OrisonRoot/F04/F04_vent_register_throat
0	104,120,72	MeshInstance3D	14.9x0.0x11.1	mat=M_trim_b@1.000,1.000,1.000	StreetIdShot/OrisonRoot/F04/F04_vent_register_trim
0	120,120,72	MeshInstance3D	15.5x1.2x13.1	mat=M_subway_tile_b@1.000,1.000,1.000	StreetIdShot/OrisonRoot/F04/F04_wainscot_subway_tile
0	136,120,72	MeshInstance3D	10.5x1.2x19.3	mat=M_wainscot@1.000,1.000,1.000	StreetIdShot/OrisonRoot/F04/F04_wainscot_wainscot
0	152,120,72	MeshInstance3D	27.3x3.0x19.3	mat=M_plaster_b@1.000,1.000,1.000	StreetIdShot/OrisonRoot/F04/F04_walls
0	168,120,72	MeshInstance3D	28.0x3.2x19.7	mat=M_common_brick_b@1.000,1.000,1.000	StreetIdShot/OrisonRoot/F04/F04_walls_cbrick
0	184,120,72	MeshInstance3D	2.3x3.0x2.3	mat=M_concrete@1.000,1.000,1.000	StreetIdShot/OrisonRoot/F04/F04_walls_conc
0	200,120,72	MeshInstance3D	27.3x3.2x0.3	mat=M_face_brick_b@1.000,1.000,1.000	StreetIdShot/OrisonRoot/F04/F04_walls_fbrick
0	216,120,72	MultiMeshInstance3D	24.1x0.1x16.3	instances=21;mesh=;mat=StandardMaterial3D@0.720,0.650,0.580;mat=StandardMaterial3D@0.780,0.700,0.520;mat=StandardMaterial3D@0.720,0.280,0.200	StreetIdShot/OrisonRoot/F04/F04_VantryPointBatch
0	232,120,72	MultiMeshInstance3D	21.1x2.9x6.1	instances=14;mesh=;mat=StandardMaterial3D@1.000,1.000,1.000	StreetIdShot/OrisonRoot/F04/@MultiMeshInstance3D@291
0	248,120,72	MultiMeshInstance3D	20.6x3.1x5.9	instances=8;mesh=;mat=StandardMaterial3D@1.000,1.000,1.000	StreetIdShot/OrisonRoot/F04/@MultiMeshInstance3D@292
0	8,136,72	MeshInstance3D	0.1x0.1x0.0	mat=StandardMaterial3D@0.035,0.040,0.045;mat=StandardMaterial3D@0.035,0.040,0.045	StreetIdShot/OrisonRoot/F04/Projector_4B/@MeshInstance3D@818
0	24,136,72	MeshInstance3D	0.3x0.0x0.2	mat=StandardMaterial3D@0.185,0.190,0.196;mat=StandardMaterial3D@0.185,0.190,0.196	StreetIdShot/OrisonRoot/F04/Projector_4B/@MeshInstance3D@822
0	40,136,72	MeshInstance3D	0.0x0.0x0.2	mat=StandardMaterial3D@0.130,0.134,0.140;mat=StandardMaterial3D@0.130,0.134,0.140	StreetIdShot/OrisonRoot/F04/Projector_4B/@MeshInstance3D@823
0	56,136,72	MeshInstance3D	0.0x0.0x0.2	mat=StandardMaterial3D@0.130,0.134,0.140;mat=StandardMaterial3D@0.130,0.134,0.140	StreetIdShot/OrisonRoot/F04/Projector_4B/@MeshInstance3D@824
0	72,136,72	MeshInstance3D	0.1x0.1x0.1	mat=StandardMaterial3D@0.185,0.190,0.196;mat=StandardMaterial3D@0.185,0.190,0.196	StreetIdShot/OrisonRoot/F04/Projector_4B/@MeshInstance3D@825
0	88,136,72	MeshInstance3D	0.1x0.2x0.1	mat=StandardMaterial3D@0.185,0.190,0.196;mat=StandardMaterial3D@0.185,0.190,0.196	StreetIdShot/OrisonRoot/F04/Projector_4B/@MeshInstance3D@826
0	104,136,72	MeshInstance3D	0.1x0.2x0.1	mat=StandardMaterial3D@0.130,0.134,0.140;mat=StandardMaterial3D@0.130,0.134,0.140	StreetIdShot/OrisonRoot/F04/Projector_4B/@MeshInstance3D@827
0	120,136,72	MeshInstance3D	0.1x0.0x0.0	mat=StandardMaterial3D@0.155,0.130,0.112;mat=StandardMaterial3D@0.155,0.130,0.112	StreetIdShot/OrisonRoot/F04/Projector_4B/@MeshInstance3D@828
0	136,136,72	MeshInstance3D	0.1x0.0x0.0	mat=StandardMaterial3D@0.155,0.130,0.112;mat=StandardMaterial3D@0.155,0.130,0.112	StreetIdShot/OrisonRoot/F04/Projector_4B/@MeshInstance3D@829
0	152,136,72	MeshInstance3D	0.1x0.0x0.0	mat=StandardMaterial3D@0.155,0.130,0.112;mat=StandardMaterial3D@0.155,0.130,0.112	StreetIdShot/OrisonRoot/F04/Projector_4B/@MeshInstance3D@830
0	168,136,72	MeshInstance3D	0.1x0.0x0.0	mat=StandardMaterial3D@0.155,0.130,0.112;mat=StandardMaterial3D@0.155,0.130,0.112	StreetIdShot/OrisonRoot/F04/Projector_4B/@MeshInstance3D@831
0	184,136,72	MeshInstance3D	0.1x0.0x0.0	mat=StandardMaterial3D@0.155,0.130,0.112;mat=StandardMaterial3D@0.155,0.130,0.112	StreetIdShot/OrisonRoot/F04/Projector_4B/@MeshInstance3D@832
0	200,136,72	MeshInstance3D	0.1x0.0x0.0	mat=StandardMaterial3D@0.155,0.130,0.112;mat=StandardMaterial3D@0.155,0.130,0.112	StreetIdShot/OrisonRoot/F04/Projector_4B/@MeshInstance3D@833
0	216,136,72	MeshInstance3D	0.1x0.0x0.1	mat=StandardMaterial3D@0.130,0.134,0.140;mat=StandardMaterial3D@0.130,0.134,0.140	StreetIdShot/OrisonRoot/F04/Projector_4B/@MeshInstance3D@834
0	232,136,72	MeshInstance3D	0.1x0.1x0.1	mat=StandardMaterial3D@0.130,0.134,0.140;mat=StandardMaterial3D@0.130,0.134,0.140	StreetIdShot/OrisonRoot/F04/Projector_4B/@MeshInstance3D@835
0	248,136,72	MeshInstance3D	0.1x0.1x0.0	mat=StandardMaterial3D@0.520,0.410,0.190;mat=StandardMaterial3D@0.520,0.410,0.190	StreetIdShot/OrisonRoot/F04/Projector_4B/@MeshInstance3D@836
0	8,152,72	MeshInstance3D	0.1x0.1x0.0	mat=StandardMaterial3D@0.130,0.134,0.140;mat=StandardMaterial3D@0.130,0.134,0.140	StreetIdShot/OrisonRoot/F04/Projector_4B/@MeshInstance3D@837
0	24,152,72	MeshInstance3D	0.0x0.1x0.0	mat=StandardMaterial3D@0.520,0.410,0.190;mat=StandardMaterial3D@0.520,0.410,0.190	StreetIdShot/OrisonRoot/F04/Projector_4B/@MeshInstance3D@838
0	40,152,72	MeshInstance3D	0.0x0.0x0.0	mat=StandardMaterial3D@0.130,0.134,0.140;mat=StandardMaterial3D@0.130,0.134,0.140	StreetIdShot/OrisonRoot/F04/Projector_4B/@MeshInstance3D@839
0	56,152,72	MeshInstance3D	0.0x0.0x0.0	mat=StandardMaterial3D@0.130,0.134,0.140;mat=StandardMaterial3D@0.130,0.134,0.140	StreetIdShot/OrisonRoot/F04/Projector_4B/@MeshInstance3D@840
0	72,152,72	MeshInstance3D	0.0x0.0x0.0	mat=StandardMaterial3D@0.155,0.130,0.112;mat=StandardMaterial3D@0.155,0.130,0.112	StreetIdShot/OrisonRoot/F04/Projector_4B/@MeshInstance3D@841
0	88,152,72	MeshInstance3D	0.0x0.0x0.0	mat=StandardMaterial3D@0.155,0.130,0.112;mat=StandardMaterial3D@0.155,0.130,0.112	StreetIdShot/OrisonRoot/F04/Projector_4B/@MeshInstance3D@842
0	104,152,72	MeshInstance3D	0.0x0.0x0.0	mat=StandardMaterial3D@0.130,0.134,0.140;mat=StandardMaterial3D@0.130,0.134,0.140	StreetIdShot/OrisonRoot/F04/Projector_4B/@MeshInstance3D@843
0	120,152,72	MeshInstance3D	0.0x0.1x0.0	mat=StandardMaterial3D@0.105,0.108,0.112;mat=StandardMaterial3D@0.105,0.108,0.112	StreetIdShot/OrisonRoot/F04/Projector_4B/@MeshInstance3D@844
0	136,152,72	MeshInstance3D	0.0x0.0x0.0	mat=StandardMaterial3D@0.105,0.108,0.112;mat=StandardMaterial3D@0.105,0.108,0.112	StreetIdShot/OrisonRoot/F04/Projector_4B/@MeshInstance3D@845
0	152,152,72	MeshInstance3D	0.0x0.2x0.2	mat=StandardMaterial3D@0.140,0.135,0.130;mat=StandardMaterial3D@0.140,0.135,0.130	StreetIdShot/OrisonRoot/F04/Projector_4B/@MeshInstance3D@846
0	168,152,72	MeshInstance3D	0.0x0.2x0.2	mat=StandardMaterial3D@0.140,0.135,0.130;mat=StandardMaterial3D@0.140,0.135,0.130	StreetIdShot/OrisonRoot/F04/Projector_4B/@MeshInstance3D@847
0	184,152,72	MeshInstance3D	0.0x0.2x0.2	mat=StandardMaterial3D@0.045,0.040,0.038;mat=StandardMaterial3D@0.045,0.040,0.038	StreetIdShot/OrisonRoot/F04/Projector_4B/@MeshInstance3D@848
0	200,152,72	MeshInstance3D	0.0x0.0x0.0	mat=StandardMaterial3D@0.140,0.135,0.130;mat=StandardMaterial3D@0.140,0.135,0.130	StreetIdShot/OrisonRoot/F04/Projector_4B/@MeshInstance3D@849
0	216,152,72	MeshInstance3D	0.0x0.2x0.1	mat=StandardMaterial3D@0.105,0.108,0.112;mat=StandardMaterial3D@0.105,0.108,0.112	StreetIdShot/OrisonRoot/F04/Projector_4B/@MeshInstance3D@850
0	232,152,72	MeshInstance3D	0.0x0.0x0.0	mat=StandardMaterial3D@0.105,0.108,0.112;mat=StandardMaterial3D@0.105,0.108,0.112	StreetIdShot/OrisonRoot/F04/Projector_4B/@MeshInstance3D@851
0	248,152,72	MeshInstance3D	0.0x0.2x0.2	mat=StandardMaterial3D@0.140,0.135,0.130;mat=StandardMaterial3D@0.140,0.135,0.130	StreetIdShot/OrisonRoot/F04/Projector_4B/@MeshInstance3D@852
0	8,168,72	MeshInstance3D	0.0x0.2x0.2	mat=StandardMaterial3D@0.140,0.135,0.130;mat=StandardMaterial3D@0.140,0.135,0.130	StreetIdShot/OrisonRoot/F04/Projector_4B/@MeshInstance3D@853
0	24,168,72	MeshInstance3D	0.0x0.1x0.1	mat=StandardMaterial3D@0.045,0.040,0.038;mat=StandardMaterial3D@0.045,0.040,0.038	StreetIdShot/OrisonRoot/F04/Projector_4B/@MeshInstance3D@854
0	40,168,72	MeshInstance3D	0.0x0.0x0.0	mat=StandardMaterial3D@0.140,0.135,0.130;mat=StandardMaterial3D@0.140,0.135,0.130	StreetIdShot/OrisonRoot/F04/Projector_4B/@MeshInstance3D@855
0	56,168,72	MeshInstance3D	0.0x0.0x0.2	mat=StandardMaterial3D@0.155,0.130,0.112;mat=StandardMaterial3D@0.155,0.130,0.112	StreetIdShot/OrisonRoot/F04/Projector_4B/@MeshInstance3D@856
0	72,168,72	MeshInstance3D	0.0x0.0x0.0	mat=Material_1@1.000,1.000,1.000	StreetIdShot/OrisonRoot/F04/NPC_peter_wren/RiggedCharacter/Armature/Skeleton3D/char1
0	88,168,72	MeshInstance3D	0.0x0.0x0.0	mat=Material_1@1.000,1.000,1.000	StreetIdShot/OrisonRoot/F04/NPC_cam_ortiz/RiggedCharacter/Armature/Skeleton3D/char1
0	104,168,72	MeshInstance3D	0.3x0.0x0.2	mat=StandardMaterial3D@0.380,0.200,0.230;mat=StandardMaterial3D@0.380,0.200,0.230	StreetIdShot/OrisonRoot/F04/AffectedProp_peter_infinite_forms/@MeshInstance3D@23758
0	120,168,72	MeshInstance3D	0.3x0.0x0.2	mat=StandardMaterial3D@0.380,0.200,0.230;mat=StandardMaterial3D@0.380,0.200,0.230	StreetIdShot/OrisonRoot/F04/AffectedProp_peter_infinite_forms/@MeshInstance3D@23759
0	136,168,72	MeshInstance3D	0.3x0.0x0.2	mat=StandardMaterial3D@0.380,0.200,0.230;mat=StandardMaterial3D@0.380,0.200,0.230	StreetIdShot/OrisonRoot/F04/AffectedProp_peter_infinite_forms/@MeshInstance3D@23760
0	152,168,72	MeshInstance3D	0.3x0.2x0.2	mat=StandardMaterial3D@0.180,0.310,0.380;mat=StandardMaterial3D@0.180,0.310,0.380	StreetIdShot/OrisonRoot/F04/AffectedProp_peter_notary_stamp/@MeshInstance3D@23765
0	168,168,72	MeshInstance3D	0.4x0.3x0.2	mat=StandardMaterial3D@0.420,0.380,0.240;mat=StandardMaterial3D@0.420,0.380,0.240	StreetIdShot/OrisonRoot/F04/AffectedProp_peter_document_case/@MeshInstance3D@23768
0	184,168,72	MeshInstance3D	0.1x0.0x0.0	mat=StandardMaterial3D@0.420,0.380,0.240;mat=StandardMaterial3D@0.420,0.380,0.240	StreetIdShot/OrisonRoot/F04/AffectedProp_peter_document_case/@MeshInstance3D@23769
0	200,168,72	MeshInstance3D	0.2x0.2x0.2	mat=StandardMaterial3D@0.380,0.200,0.230;mat=StandardMaterial3D@0.380,0.200,0.230	StreetIdShot/OrisonRoot/F04/AffectedProp_cam_courier_helmet/@MeshInstance3D@23773
0	216,168,72	MeshInstance3D	0.1x0.0x0.1	mat=StandardMaterial3D@0.200,0.280,0.250;mat=StandardMaterial3D@0.200,0.280,0.250	StreetIdShot/OrisonRoot/F04/AffectedProp_cam_rubber_wedges/@MeshInstance3D@23776
0	232,168,72	MeshInstance3D	0.1x0.0x0.1	mat=StandardMaterial3D@0.200,0.280,0.250;mat=StandardMaterial3D@0.200,0.280,0.250	StreetIdShot/OrisonRoot/F04/AffectedProp_cam_rubber_wedges/@MeshInstance3D@23777
0	248,168,72	MeshInstance3D	0.1x0.0x0.1	mat=StandardMaterial3D@0.200,0.280,0.250;mat=StandardMaterial3D@0.200,0.280,0.250	StreetIdShot/OrisonRoot/F04/AffectedProp_cam_rubber_wedges/@MeshInstance3D@23778
0	8,184,72	MeshInstance3D	0.1x0.0x0.1	mat=StandardMaterial3D@0.200,0.280,0.250;mat=StandardMaterial3D@0.200,0.280,0.250	StreetIdShot/OrisonRoot/F04/AffectedProp_cam_rubber_wedges/@MeshInstance3D@23779
0	24,184,72	MeshInstance3D	0.4x0.3x0.2	mat=StandardMaterial3D@0.270,0.290,0.330;mat=StandardMaterial3D@0.270,0.290,0.330	StreetIdShot/OrisonRoot/F04/AffectedProp_cam_courier_bag/@MeshInstance3D@23785
0	40,184,72	MeshInstance3D	0.1x0.0x0.0	mat=StandardMaterial3D@0.270,0.290,0.330;mat=StandardMaterial3D@0.270,0.290,0.330	StreetIdShot/OrisonRoot/F04/AffectedProp_cam_courier_bag/@MeshInstance3D@23786
0	56,184,72	MeshInstance3D	0.4x0.3x0.2	mat=StandardMaterial3D@0.420,0.380,0.240;mat=StandardMaterial3D@0.420,0.380,0.240	StreetIdShot/OrisonRoot/F04/AffectedProp_noel_artifact_box/@MeshInstance3D@23790
0	72,184,72	MeshInstance3D	0.1x0.0x0.0	mat=StandardMaterial3D@0.420,0.380,0.240;mat=StandardMaterial3D@0.420,0.380,0.240	StreetIdShot/OrisonRoot/F04/AffectedProp_noel_artifact_box/@MeshInstance3D@23791
0	88,184,72	MeshInstance3D	0.3x0.0x0.2	mat=StandardMaterial3D@0.420,0.240,0.160;mat=StandardMaterial3D@0.420,0.240,0.160	StreetIdShot/OrisonRoot/F04/AffectedProp_noel_catalog_gloves/@MeshInstance3D@23795
0	104,184,72	MeshInstance3D	0.3x0.0x0.2	mat=StandardMaterial3D@0.200,0.280,0.250;mat=StandardMaterial3D@0.200,0.280,0.250	StreetIdShot/OrisonRoot/F04/AffectedProp_noel_museum_label/@MeshInstance3D@23798
0	120,184,72	MeshInstance3D	0.4x0.3x0.2	mat=StandardMaterial3D@0.420,0.380,0.240;mat=StandardMaterial3D@0.420,0.380,0.240	StreetIdShot/OrisonRoot/F04/AffectedProp_guest_mismatched_luggage/@MeshInstance3D@23801
0	136,184,72	MeshInstance3D	0.1x0.0x0.0	mat=StandardMaterial3D@0.420,0.380,0.240;mat=StandardMaterial3D@0.420,0.380,0.240	StreetIdShot/OrisonRoot/F04/AffectedProp_guest_mismatched_luggage/@MeshInstance3D@23802
0	152,184,72	MeshInstance3D	0.3x0.0x0.2	mat=StandardMaterial3D@0.380,0.200,0.230;mat=StandardMaterial3D@0.380,0.200,0.230	StreetIdShot/OrisonRoot/F04/AffectedProp_guest_keycards/@MeshInstance3D@23806
0	168,184,72	MeshInstance3D	0.3x0.0x0.2	mat=StandardMaterial3D@0.420,0.240,0.160;mat=StandardMaterial3D@0.420,0.240,0.160	StreetIdShot/OrisonRoot/F04/AffectedProp_guest_hotel_towel/@MeshInstance3D@23809
0	184,184,72	MeshInstance3D	0.2x0.0x0.1	mat=StandardMaterial3D@0.180,0.310,0.380;mat=StandardMaterial3D@0.180,0.310,0.380	StreetIdShot/OrisonRoot/F04/AffectedProp_storage_portal_tags/@MeshInstance3D@23996
0	200,184,72	MeshInstance3D	0.2x0.0x0.1	mat=StandardMaterial3D@0.180,0.310,0.380;mat=StandardMaterial3D@0.180,0.310,0.380	StreetIdShot/OrisonRoot/F04/AffectedProp_storage_portal_tags/@MeshInstance3D@23997
0	216,184,72	MeshInstance3D	0.2x0.0x0.1	mat=StandardMaterial3D@0.180,0.310,0.380;mat=StandardMaterial3D@0.180,0.310,0.380	StreetIdShot/OrisonRoot/F04/AffectedProp_storage_portal_tags/@MeshInstance3D@23998
0	232,184,72	MeshInstance3D	0.2x0.0x0.1	mat=StandardMaterial3D@0.180,0.310,0.380;mat=StandardMaterial3D@0.180,0.310,0.380	StreetIdShot/OrisonRoot/F04/AffectedProp_storage_portal_tags/@MeshInstance3D@23999
0	248,184,72	MeshInstance3D	0.2x0.0x0.1	mat=StandardMaterial3D@0.180,0.310,0.380;mat=StandardMaterial3D@0.180,0.310,0.380	StreetIdShot/OrisonRoot/F04/AffectedProp_storage_portal_tags/@MeshInstance3D@24000
0	8,200,72	MeshInstance3D	0.7x0.5x0.5	mat=StandardMaterial3D@0.380,0.200,0.230;mat=StandardMaterial3D@0.380,0.200,0.230	StreetIdShot/OrisonRoot/F04/AffectedProp_storage_grief_crate/@MeshInstance3D@24007
0	24,200,72	MeshInstance3D	0.3x0.0x0.0	mat=StandardMaterial3D@0.380,0.200,0.230;mat=StandardMaterial3D@0.380,0.200,0.230	StreetIdShot/OrisonRoot/F04/AffectedProp_storage_grief_crate/@MeshInstance3D@24008
0	40,200,72	MeshInstance3D	0.7x0.5x0.5	mat=StandardMaterial3D@0.270,0.290,0.330;mat=StandardMaterial3D@0.270,0.290,0.330	StreetIdShot/OrisonRoot/F04/AffectedProp_storage_shame_crate/@MeshInstance3D@24012
0	56,200,72	MeshInstance3D	0.3x0.0x0.0	mat=StandardMaterial3D@0.270,0.290,0.330;mat=StandardMaterial3D@0.270,0.290,0.330	StreetIdShot/OrisonRoot/F04/AffectedProp_storage_shame_crate/@MeshInstance3D@24013
0	72,200,72	MeshInstance3D	0.1x0.1x0.0	mat=StandardMaterial3D@0.080,0.075,0.070;mat=StandardMaterial3D@0.080,0.075,0.070	StreetIdShot/OrisonRoot/F04/DomesticWitness_peter_form_corridor/FaceRig/HourHand/@MeshInstance3D@24291
0	88,200,72	MeshInstance3D	0.1x0.0x0.0	mat=StandardMaterial3D@0.080,0.075,0.070;mat=StandardMaterial3D@0.080,0.075,0.070	StreetIdShot/OrisonRoot/F04/DomesticWitness_peter_form_corridor/FaceRig/MinuteHand/@MeshInstance3D@24292
0	104,200,72	MeshInstance3D	0.0x0.1x0.0	mat=StandardMaterial3D@0.816,0.718,0.467;mat=StandardMaterial3D@0.816,0.718,0.467	StreetIdShot/OrisonRoot/F04/DomesticWitness_peter_form_corridor/FaceRig/SecondHand/@MeshInstance3D@24293
0	120,200,72	MeshInstance3D	0.4x0.4x0.1	mat=StandardMaterial3D@1.000,1.000,1.000;mat=StandardMaterial3D@1.000,1.000,1.000	StreetIdShot/OrisonRoot/F04/DomesticWitness_peter_form_corridor/@MeshInstance3D@24296
0	136,200,72	MeshInstance3D	0.4x0.4x0.0	mat=StandardMaterial3D@0.050,0.050,0.060;mat=StandardMaterial3D@0.050,0.050,0.060	StreetIdShot/OrisonRoot/F04/DomesticWitness_peter_form_corridor/@MeshInstance3D@24297
0	152,200,72	MeshInstance3D	0.1x0.1x0.1	mat=StandardMaterial3D@0.090,0.090,0.100;mat=StandardMaterial3D@0.090,0.090,0.100	StreetIdShot/OrisonRoot/F04/DomesticWitness_peter_form_corridor/@MeshInstance3D@24298
0	168,200,72	MeshInstance3D	0.3x0.3x0.0	mat=StandardMaterial3D@0.900,0.850,0.740;mat=StandardMaterial3D@0.900,0.850,0.740	StreetIdShot/OrisonRoot/F04/DomesticWitness_peter_form_corridor/@MeshInstance3D@24299
0	184,200,72	MeshInstance3D	0.3x0.3x0.0	mat=StandardMaterial3D@0.816,0.718,0.467;mat=StandardMaterial3D@0.816,0.718,0.467	StreetIdShot/OrisonRoot/F04/DomesticWitness_peter_form_corridor/@MeshInstance3D@24300
0	200,200,72	MeshInstance3D	0.2x0.2x0.0	mat=StandardMaterial3D@0.170,0.160,0.140;mat=StandardMaterial3D@0.170,0.160,0.140	StreetIdShot/OrisonRoot/F04/DomesticWitness_peter_form_corridor/@MeshInstance3D@24301
0	216,200,72	MeshInstance3D	0.1x0.1x0.0	mat=StandardMaterial3D@0.080,0.075,0.070;mat=StandardMaterial3D@0.080,0.075,0.070	StreetIdShot/OrisonRoot/F04/DomesticWitness_cam_tilted_room/FaceRig/HourHand/@MeshInstance3D@24336
0	232,200,72	MeshInstance3D	0.1x0.0x0.0	mat=StandardMaterial3D@0.080,0.075,0.070;mat=StandardMaterial3D@0.080,0.075,0.070	StreetIdShot/OrisonRoot/F04/DomesticWitness_cam_tilted_room/FaceRig/MinuteHand/@MeshInstance3D@24337
0	248,200,72	MeshInstance3D	0.0x0.1x0.0	mat=StandardMaterial3D@0.820,0.420,0.224;mat=StandardMaterial3D@0.820,0.420,0.224	StreetIdShot/OrisonRoot/F04/DomesticWitness_cam_tilted_room/FaceRig/SecondHand/@MeshInstance3D@24338
0	8,216,72	MeshInstance3D	0.4x0.4x0.1	mat=StandardMaterial3D@1.000,1.000,1.000;mat=StandardMaterial3D@1.000,1.000,1.000	StreetIdShot/OrisonRoot/F04/DomesticWitness_cam_tilted_room/@MeshInstance3D@24341
0	24,216,72	MeshInstance3D	0.3x0.4x0.1	mat=StandardMaterial3D@0.820,0.420,0.224;mat=StandardMaterial3D@0.820,0.420,0.224	StreetIdShot/OrisonRoot/F04/DomesticWitness_cam_tilted_room/@MeshInstance3D@24342
0	40,216,72	MeshInstance3D	0.4x0.4x0.0	mat=StandardMaterial3D@0.440,0.450,0.470;mat=StandardMaterial3D@0.440,0.450,0.470	StreetIdShot/OrisonRoot/F04/DomesticWitness_cam_tilted_room/@MeshInstance3D@24343
0	56,216,72	MeshInstance3D	0.3x0.3x0.0	mat=StandardMaterial3D@0.900,0.850,0.740;mat=StandardMaterial3D@0.900,0.850,0.740	StreetIdShot/OrisonRoot/F04/DomesticWitness_cam_tilted_room/@MeshInstance3D@24344
0	72,216,72	MeshInstance3D	0.2x0.2x0.0	mat=StandardMaterial3D@0.170,0.160,0.140;mat=StandardMaterial3D@0.170,0.160,0.140	StreetIdShot/OrisonRoot/F04/DomesticWitness_cam_tilted_room/@MeshInstance3D@24345
0	88,216,72	MeshInstance3D	0.0x0.1x0.1	mat=StandardMaterial3D@0.080,0.075,0.070;mat=StandardMaterial3D@0.080,0.075,0.070	StreetIdShot/OrisonRoot/F04/DomesticWitness_noel_domestic_museum/FaceRig/HourHand/@MeshInstance3D@24372
0	104,216,72	MeshInstance3D	0.0x0.0x0.1	mat=StandardMaterial3D@0.080,0.075,0.070;mat=StandardMaterial3D@0.080,0.075,0.070	StreetIdShot/OrisonRoot/F04/DomesticWitness_noel_domestic_museum/FaceRig/MinuteHand/@MeshInstance3D@24373
0	120,216,72	MeshInstance3D	0.0x0.1x0.0	mat=StandardMaterial3D@0.502,0.416,0.322;mat=StandardMaterial3D@0.502,0.416,0.322	StreetIdShot/OrisonRoot/F04/DomesticWitness_noel_domestic_museum/FaceRig/SecondHand/@MeshInstance3D@24374
0	136,216,72	MeshInstance3D	0.2x0.4x0.5	mat=StandardMaterial3D@1.000,1.000,1.000;mat=StandardMaterial3D@1.000,1.000,1.000	StreetIdShot/OrisonRoot/F04/DomesticWitness_noel_domestic_museum/@MeshInstance3D@24377
0	152,216,72	MeshInstance3D	0.2x0.0x0.5	mat=StandardMaterial3D@0.640,0.600,0.550;mat=StandardMaterial3D@0.640,0.600,0.550	StreetIdShot/OrisonRoot/F04/DomesticWitness_noel_domestic_museum/@MeshInstance3D@24378
0	168,216,72	MeshInstance3D	0.1x0.0x0.4	mat=StandardMaterial3D@0.550,0.420,0.160;mat=StandardMaterial3D@0.550,0.420,0.160	StreetIdShot/OrisonRoot/F04/DomesticWitness_noel_domestic_museum/@MeshInstance3D@24379
0	184,216,72	MeshInstance3D	0.0x0.3x0.3	mat=StandardMaterial3D@0.900,0.850,0.740;mat=StandardMaterial3D@0.900,0.850,0.740	StreetIdShot/OrisonRoot/F04/DomesticWitness_noel_domestic_museum/@MeshInstance3D@24380
0	200,216,72	MeshInstance3D	0.0x0.3x0.3	mat=StandardMaterial3D@0.502,0.416,0.322;mat=StandardMaterial3D@0.502,0.416,0.322	StreetIdShot/OrisonRoot/F04/DomesticWitness_noel_domestic_museum/@MeshInstance3D@24381
0	216,216,72	MeshInstance3D	0.0x0.2x0.2	mat=StandardMaterial3D@0.170,0.160,0.140;mat=StandardMaterial3D@0.170,0.160,0.140	StreetIdShot/OrisonRoot/F04/DomesticWitness_noel_domestic_museum/@MeshInstance3D@24382
0	232,216,72	MeshInstance3D	0.3x0.2x0.4	mat=StandardMaterial3D@1.000,1.000,1.000;mat=StandardMaterial3D@1.000,1.000,1.000	StreetIdShot/OrisonRoot/F04/DomesticWitness_transient_infinite_checkout/@MeshInstance3D@24392
0	248,216,72	MeshInstance3D	0.3x0.2x0.3	mat=StandardMaterial3D@0.385,0.394,0.377;mat=StandardMaterial3D@0.385,0.394,0.377	StreetIdShot/OrisonRoot/F04/DomesticWitness_transient_infinite_checkout/@MeshInstance3D@24393
0	8,232,72	MeshInstance3D	0.2x0.0x0.3	mat=StandardMaterial3D@0.620,0.600,0.520;mat=StandardMaterial3D@0.620,0.600,0.520	StreetIdShot/OrisonRoot/F04/DomesticWitness_transient_infinite_checkout/@MeshInstance3D@24394
0	24,232,72	MeshInstance3D	0.2x0.1x0.3	mat=StandardMaterial3D@0.550,0.550,0.550;mat=StandardMaterial3D@0.550,0.550,0.550	StreetIdShot/OrisonRoot/F04/DomesticWitness_transient_infinite_checkout/@MeshInstance3D@24395
0	40,232,72	MeshInstance3D	0.0x0.2x0.2	mat=StandardMaterial3D@0.670,0.650,0.570;mat=StandardMaterial3D@0.670,0.650,0.570	StreetIdShot/OrisonRoot/F04/DomesticAnomaly_peter_thermostat/@MeshInstance3D@24589
0	56,232,72	MeshInstance3D	0.0x0.0x0.0	mat=StandardMaterial3D@0.422,0.566,0.620;mat=StandardMaterial3D@0.422,0.566,0.620	StreetIdShot/OrisonRoot/F04/DomesticAnomaly_peter_thermostat/@MeshInstance3D@24591
0	72,232,72	MeshInstance3D	0.0x0.1x0.1	mat=StandardMaterial3D@0.320,0.280,0.220;mat=StandardMaterial3D@0.320,0.280,0.220	StreetIdShot/OrisonRoot/F04/DomesticAnomaly_cam_noel_chain/@MeshInstance3D@24596
0	88,232,72	MeshInstance3D	0.0x0.1x0.1	mat=StandardMaterial3D@0.320,0.280,0.220;mat=StandardMaterial3D@0.320,0.280,0.220	StreetIdShot/OrisonRoot/F04/DomesticAnomaly_cam_noel_chain/@MeshInstance3D@24597
0	104,232,72	MeshInstance3D	0.0x0.0x0.0	mat=StandardMaterial3D@0.400,0.360,0.280;mat=StandardMaterial3D@0.400,0.360,0.280	StreetIdShot/OrisonRoot/F04/DomesticAnomaly_cam_noel_chain/@Node3D@24598/@MeshInstance3D@24599
0	120,232,72	MeshInstance3D	0.0x0.0x0.1	mat=StandardMaterial3D@0.400,0.360,0.280;mat=StandardMaterial3D@0.400,0.360,0.280	StreetIdShot/OrisonRoot/F04/DomesticAnomaly_cam_noel_chain/@Node3D@24598/@MeshInstance3D@24600
0	136,232,72	MeshInstance3D	0.0x0.0x0.1	mat=StandardMaterial3D@0.400,0.360,0.280;mat=StandardMaterial3D@0.400,0.360,0.280	StreetIdShot/OrisonRoot/F04/DomesticAnomaly_cam_noel_chain/@Node3D@24598/@MeshInstance3D@24601
0	152,232,72	MeshInstance3D	0.0x0.0x0.1	mat=StandardMaterial3D@0.400,0.360,0.280;mat=StandardMaterial3D@0.400,0.360,0.280	StreetIdShot/OrisonRoot/F04/DomesticAnomaly_cam_noel_chain/@Node3D@24598/@MeshInstance3D@24602
0	168,232,72	MeshInstance3D	0.0x0.0x0.1	mat=StandardMaterial3D@0.400,0.360,0.280;mat=StandardMaterial3D@0.400,0.360,0.280	StreetIdShot/OrisonRoot/F04/DomesticAnomaly_cam_noel_chain/@Node3D@24598/@MeshInstance3D@24603
0	184,232,72	MeshInstance3D	0.0x0.0x0.0	mat=StandardMaterial3D@0.400,0.360,0.280;mat=StandardMaterial3D@0.400,0.360,0.280	StreetIdShot/OrisonRoot/F04/DomesticAnomaly_cam_noel_chain/@Node3D@24598/@MeshInstance3D@24604
0	200,232,72	MeshInstance3D	0.0x0.0x0.1	mat=StandardMaterial3D@0.400,0.360,0.280;mat=StandardMaterial3D@0.400,0.360,0.280	StreetIdShot/OrisonRoot/F04/DomesticAnomaly_cam_noel_chain/@Node3D@24598/@MeshInstance3D@24605
0	216,232,72	MeshInstance3D	0.0x0.0x0.1	mat=StandardMaterial3D@0.400,0.360,0.280;mat=StandardMaterial3D@0.400,0.360,0.280	StreetIdShot/OrisonRoot/F04/DomesticAnomaly_cam_noel_chain/@Node3D@24598/@MeshInstance3D@24606
0	232,232,72	MeshInstance3D	0.0x0.0x0.1	mat=StandardMaterial3D@0.400,0.360,0.280;mat=StandardMaterial3D@0.400,0.360,0.280	StreetIdShot/OrisonRoot/F04/DomesticAnomaly_cam_noel_chain/@Node3D@24598/@MeshInstance3D@24607
0	248,232,72	MeshInstance3D	0.4x0.0x0.3	mat=StandardMaterial3D@0.180,0.200,0.190;mat=StandardMaterial3D@0.180,0.200,0.190	StreetIdShot/OrisonRoot/F04/DomesticAnomaly_guest_luggage_scale/@MeshInstance3D@24612
0	8,248,72	MeshInstance3D	0.2x0.1x0.3	mat=StandardMaterial3D@0.200,0.220,0.190;mat=StandardMaterial3D@0.200,0.220,0.190	StreetIdShot/OrisonRoot/F04/DomesticAnomaly_player_answering_machine/@MeshInstance3D@24672
0	24,248,72	MeshInstance3D	0.1x0.1x0.3	mat=StandardMaterial3D@0.100,0.110,0.100;mat=StandardMaterial3D@0.100,0.110,0.100	StreetIdShot/OrisonRoot/F04/DomesticAnomaly_player_answering_machine/@MeshInstance3D@24673
0	40,248,72	MeshInstance3D	0.0x0.0x0.0	mat=StandardMaterial3D@0.444,0.496,0.337;mat=StandardMaterial3D@0.444,0.496,0.337	StreetIdShot/OrisonRoot/F04/DomesticAnomaly_player_answering_machine/@MeshInstance3D@24674
0	56,248,72	MeshInstance3D	0.0x0.0x0.0	mat=StandardMaterial3D@0.444,0.496,0.337;mat=StandardMaterial3D@0.444,0.496,0.337	StreetIdShot/OrisonRoot/F04/DomesticAnomaly_player_answering_machine/@MeshInstance3D@24675
0	72,248,72	MeshInstance3D	0.0x0.0x0.0	mat=StandardMaterial3D@0.444,0.496,0.337;mat=StandardMaterial3D@0.444,0.496,0.337	StreetIdShot/OrisonRoot/F04/DomesticAnomaly_player_answering_machine/@MeshInstance3D@24676
0	88,248,72	MeshInstance3D	0.0x0.0x0.0	mat=StandardMaterial3D@0.444,0.496,0.337;mat=StandardMaterial3D@0.444,0.496,0.337	StreetIdShot/OrisonRoot/F04/DomesticAnomaly_player_answering_machine/@MeshInstance3D@24677
0	104,248,72	MeshInstance3D	0.0x0.0x0.0	mat=StandardMaterial3D@0.444,0.496,0.337;mat=StandardMaterial3D@0.444,0.496,0.337	StreetIdShot/OrisonRoot/F04/DomesticAnomaly_player_answering_machine/@MeshInstance3D@24678
0	120,248,72	MeshInstance3D	0.0x0.0x0.0	mat=StandardMaterial3D@0.444,0.496,0.337;mat=StandardMaterial3D@0.444,0.496,0.337	StreetIdShot/OrisonRoot/F04/DomesticAnomaly_player_answering_machine/@MeshInstance3D@24679
0	136,248,72	MeshInstance3D	0.2x0.2x0.2	mat=StandardMaterial3D@0.080,0.090,0.100;mat=StandardMaterial3D@0.080,0.090,0.100	StreetIdShot/OrisonRoot/F04/DomesticAnomaly_player_smart_speaker/@MeshInstance3D@24684
0	152,248,72	MeshInstance3D	0.0x0.0x0.0	mat=StandardMaterial3D@0.620,0.422,0.585;mat=StandardMaterial3D@0.620,0.422,0.585	StreetIdShot/OrisonRoot/F04/DomesticAnomaly_player_smart_speaker/@MeshInstance3D@24685
0	168,248,72	MeshInstance3D	0.0x0.6x0.4	mat=StandardMaterial3D@0.180,0.130,0.090;mat=StandardMaterial3D@0.180,0.130,0.090	StreetIdShot/OrisonRoot/F04/DomesticAnomaly_player_wrong_mirror/@MeshInstance3D@24690
0	184,248,72	MeshInstance3D	0.0x0.6x0.4	mat=StandardMaterial3D@0.380,0.440,0.460;mat=StandardMaterial3D@0.380,0.440,0.460	StreetIdShot/OrisonRoot/F04/DomesticAnomaly_player_wrong_mirror/@MeshInstance3D@24691
0	200,248,72	MeshInstance3D	0.0x0.7x0.7	mat=StandardMaterial3D@1.000,1.000,1.000;mat=StandardMaterial3D@1.000,1.000,1.000	StreetIdShot/OrisonRoot/F04/MemoryArt_peter_submitted/@MeshInstance3D@24744
0	216,248,72	MeshInstance3D	0.0x0.0x0.8	mat=StandardMaterial3D@0.180,0.105,0.055;mat=StandardMaterial3D@0.180,0.105,0.055	StreetIdShot/OrisonRoot/F04/MemoryArt_peter_submitted/@MeshInstance3D@24745
0	232,248,72	MeshInstance3D	0.0x0.0x0.8	mat=StandardMaterial3D@0.180,0.105,0.055;mat=StandardMaterial3D@0.180,0.105,0.055	StreetIdShot/OrisonRoot/F04/MemoryArt_peter_submitted/@MeshInstance3D@24746
0	248,248,72	MeshInstance3D	0.0x0.7x0.0	mat=StandardMaterial3D@0.180,0.105,0.055;mat=StandardMaterial3D@0.180,0.105,0.055	StreetIdShot/OrisonRoot/F04/MemoryArt_peter_submitted/@MeshInstance3D@24747
0	8,8,88	MeshInstance3D	0.0x0.7x0.0	mat=StandardMaterial3D@0.180,0.105,0.055;mat=StandardMaterial3D@0.180,0.105,0.055	StreetIdShot/OrisonRoot/F04/MemoryArt_peter_submitted/@MeshInstance3D@24748
0	24,8,88	MeshInstance3D	0.7x0.7x0.0	mat=StandardMaterial3D@1.000,1.000,1.000;mat=StandardMaterial3D@1.000,1.000,1.000	StreetIdShot/OrisonRoot/F04/MemoryArt_cam_delivery/@MeshInstance3D@24750
0	40,8,88	MeshInstance3D	0.8x0.0x0.0	mat=StandardMaterial3D@0.180,0.105,0.055;mat=StandardMaterial3D@0.180,0.105,0.055	StreetIdShot/OrisonRoot/F04/MemoryArt_cam_delivery/@MeshInstance3D@24751
0	56,8,88	MeshInstance3D	0.8x0.0x0.0	mat=StandardMaterial3D@0.180,0.105,0.055;mat=StandardMaterial3D@0.180,0.105,0.055	StreetIdShot/OrisonRoot/F04/MemoryArt_cam_delivery/@MeshInstance3D@24752
0	72,8,88	MeshInstance3D	0.0x0.7x0.0	mat=StandardMaterial3D@0.180,0.105,0.055;mat=StandardMaterial3D@0.180,0.105,0.055	StreetIdShot/OrisonRoot/F04/MemoryArt_cam_delivery/@MeshInstance3D@24753
0	88,8,88	MeshInstance3D	0.0x0.7x0.0	mat=StandardMaterial3D@0.180,0.105,0.055;mat=StandardMaterial3D@0.180,0.105,0.055	StreetIdShot/OrisonRoot/F04/MemoryArt_cam_delivery/@MeshInstance3D@24754
0	104,8,88	MeshInstance3D	0.0x0.7x0.7	mat=StandardMaterial3D@1.000,1.000,1.000;mat=StandardMaterial3D@1.000,1.000,1.000	StreetIdShot/OrisonRoot/F04/MemoryArt_noel_conservation/@MeshInstance3D@24756
0	120,8,88	MeshInstance3D	0.0x0.0x0.8	mat=StandardMaterial3D@0.180,0.105,0.055;mat=StandardMaterial3D@0.180,0.105,0.055	StreetIdShot/OrisonRoot/F04/MemoryArt_noel_conservation/@MeshInstance3D@24757
0	136,8,88	MeshInstance3D	0.0x0.0x0.8	mat=StandardMaterial3D@0.180,0.105,0.055;mat=StandardMaterial3D@0.180,0.105,0.055	StreetIdShot/OrisonRoot/F04/MemoryArt_noel_conservation/@MeshInstance3D@24758
0	152,8,88	MeshInstance3D	0.0x0.7x0.0	mat=StandardMaterial3D@0.180,0.105,0.055;mat=StandardMaterial3D@0.180,0.105,0.055	StreetIdShot/OrisonRoot/F04/MemoryArt_noel_conservation/@MeshInstance3D@24759
0	168,8,88	MeshInstance3D	0.0x0.7x0.0	mat=StandardMaterial3D@0.180,0.105,0.055;mat=StandardMaterial3D@0.180,0.105,0.055	StreetIdShot/OrisonRoot/F04/MemoryArt_noel_conservation/@MeshInstance3D@24760
0	184,8,88	MeshInstance3D	0.0x0.7x0.7	mat=StandardMaterial3D@1.000,1.000,1.000;mat=StandardMaterial3D@1.000,1.000,1.000	StreetIdShot/OrisonRoot/F04/MemoryArt_guests_safe_trip/@MeshInstance3D@24762
0	200,8,88	MeshInstance3D	0.0x0.0x0.8	mat=StandardMaterial3D@0.100,0.075,0.055;mat=StandardMaterial3D@0.100,0.075,0.055	StreetIdShot/OrisonRoot/F04/MemoryArt_guests_safe_trip/@MeshInstance3D@24763
0	216,8,88	MeshInstance3D	0.0x0.0x0.8	mat=StandardMaterial3D@0.100,0.075,0.055;mat=StandardMaterial3D@0.100,0.075,0.055	StreetIdShot/OrisonRoot/F04/MemoryArt_guests_safe_trip/@MeshInstance3D@24764
0	232,8,88	MeshInstance3D	0.0x0.7x0.0	mat=StandardMaterial3D@0.100,0.075,0.055;mat=StandardMaterial3D@0.100,0.075,0.055	StreetIdShot/OrisonRoot/F04/MemoryArt_guests_safe_trip/@MeshInstance3D@24765
0	248,8,88	MeshInstance3D	0.0x0.7x0.0	mat=StandardMaterial3D@0.100,0.075,0.055;mat=StandardMaterial3D@0.100,0.075,0.055	StreetIdShot/OrisonRoot/F04/MemoryArt_guests_safe_trip/@MeshInstance3D@24766
0	8,24,88	MeshInstance3D	0.7x0.7x0.0	mat=StandardMaterial3D@1.000,1.000,1.000;mat=StandardMaterial3D@1.000,1.000,1.000	StreetIdShot/OrisonRoot/F04/WallArt_peter_proceed_uncertain/@MeshInstance3D@24866
0	24,24,88	MeshInstance3D	0.8x0.0x0.0	mat=StandardMaterial3D@0.055,0.050,0.045;mat=StandardMaterial3D@0.055,0.050,0.045	StreetIdShot/OrisonRoot/F04/WallArt_peter_proceed_uncertain/@MeshInstance3D@24867
0	40,24,88	MeshInstance3D	0.8x0.0x0.0	mat=StandardMaterial3D@0.055,0.050,0.045;mat=StandardMaterial3D@0.055,0.050,0.045	StreetIdShot/OrisonRoot/F04/WallArt_peter_proceed_uncertain/@MeshInstance3D@24868
0	56,24,88	MeshInstance3D	0.0x0.7x0.0	mat=StandardMaterial3D@0.055,0.050,0.045;mat=StandardMaterial3D@0.055,0.050,0.045	StreetIdShot/OrisonRoot/F04/WallArt_peter_proceed_uncertain/@MeshInstance3D@24869
0	72,24,88	MeshInstance3D	0.0x0.7x0.0	mat=StandardMaterial3D@0.055,0.050,0.045;mat=StandardMaterial3D@0.055,0.050,0.045	StreetIdShot/OrisonRoot/F04/WallArt_peter_proceed_uncertain/@MeshInstance3D@24870
0	88,24,88	MeshInstance3D	0.7x0.7x0.0	mat=StandardMaterial3D@1.000,1.000,1.000;mat=StandardMaterial3D@1.000,1.000,1.000	StreetIdShot/OrisonRoot/F04/WallArt_cam_stolen_bike_route/@MeshInstance3D@24872
0	104,24,88	MeshInstance3D	0.8x0.0x0.0	mat=StandardMaterial3D@0.200,0.220,0.210;mat=StandardMaterial3D@0.200,0.220,0.210	StreetIdShot/OrisonRoot/F04/WallArt_cam_stolen_bike_route/@MeshInstance3D@24873
0	120,24,88	MeshInstance3D	0.8x0.0x0.0	mat=StandardMaterial3D@0.200,0.220,0.210;mat=StandardMaterial3D@0.200,0.220,0.210	StreetIdShot/OrisonRoot/F04/WallArt_cam_stolen_bike_route/@MeshInstance3D@24874
0	136,24,88	MeshInstance3D	0.0x0.7x0.0	mat=StandardMaterial3D@0.200,0.220,0.210;mat=StandardMaterial3D@0.200,0.220,0.210	StreetIdShot/OrisonRoot/F04/WallArt_cam_stolen_bike_route/@MeshInstance3D@24875
0	152,24,88	MeshInstance3D	0.0x0.7x0.0	mat=StandardMaterial3D@0.200,0.220,0.210;mat=StandardMaterial3D@0.200,0.220,0.210	StreetIdShot/OrisonRoot/F04/WallArt_cam_stolen_bike_route/@MeshInstance3D@24876
0	168,24,88	MeshInstance3D	0.0x0.7x0.7	mat=StandardMaterial3D@1.000,1.000,1.000;mat=StandardMaterial3D@1.000,1.000,1.000	StreetIdShot/OrisonRoot/F04/WallArt_noel_ordinary_objects/@MeshInstance3D@24878
0	184,24,88	MeshInstance3D	0.0x0.0x0.8	mat=StandardMaterial3D@0.055,0.050,0.045;mat=StandardMaterial3D@0.055,0.050,0.045	StreetIdShot/OrisonRoot/F04/WallArt_noel_ordinary_objects/@MeshInstance3D@24879
0	200,24,88	MeshInstance3D	0.0x0.0x0.8	mat=StandardMaterial3D@0.055,0.050,0.045;mat=StandardMaterial3D@0.055,0.050,0.045	StreetIdShot/OrisonRoot/F04/WallArt_noel_ordinary_objects/@MeshInstance3D@24880
0	216,24,88	MeshInstance3D	0.0x0.7x0.0	mat=StandardMaterial3D@0.055,0.050,0.045;mat=StandardMaterial3D@0.055,0.050,0.045	StreetIdShot/OrisonRoot/F04/WallArt_noel_ordinary_objects/@MeshInstance3D@24881
0	232,24,88	MeshInstance3D	0.0x0.7x0.0	mat=StandardMaterial3D@0.055,0.050,0.045;mat=StandardMaterial3D@0.055,0.050,0.045	StreetIdShot/OrisonRoot/F04/WallArt_noel_ordinary_objects/@MeshInstance3D@24882
0	248,24,88	MeshInstance3D	0.7x0.7x0.0	mat=StandardMaterial3D@1.000,1.000,1.000;mat=StandardMaterial3D@1.000,1.000,1.000	StreetIdShot/OrisonRoot/F04/WallArt_guests_you_are_here/@MeshInstance3D@24884
0	8,40,88	MeshInstance3D	0.8x0.0x0.0	mat=StandardMaterial3D@0.180,0.105,0.055;mat=StandardMaterial3D@0.180,0.105,0.055	StreetIdShot/OrisonRoot/F04/WallArt_guests_you_are_here/@MeshInstance3D@24885
0	24,40,88	MeshInstance3D	0.8x0.0x0.0	mat=StandardMaterial3D@0.180,0.105,0.055;mat=StandardMaterial3D@0.180,0.105,0.055	StreetIdShot/OrisonRoot/F04/WallArt_guests_you_are_here/@MeshInstance3D@24886
0	40,40,88	MeshInstance3D	0.0x0.7x0.0	mat=StandardMaterial3D@0.180,0.105,0.055;mat=StandardMaterial3D@0.180,0.105,0.055	StreetIdShot/OrisonRoot/F04/WallArt_guests_you_are_here/@MeshInstance3D@24887
0	56,40,88	MeshInstance3D	0.0x0.7x0.0	mat=StandardMaterial3D@0.180,0.105,0.055;mat=StandardMaterial3D@0.180,0.105,0.055	StreetIdShot/OrisonRoot/F04/WallArt_guests_you_are_here/@MeshInstance3D@24888
0	72,40,88	MeshInstance3D	0.7x0.7x0.0	mat=StandardMaterial3D@1.000,1.000,1.000;mat=StandardMaterial3D@1.000,1.000,1.000	StreetIdShot/OrisonRoot/F04/MemoryArt_fourth_impossible_stairs/@MeshInstance3D@24968
0	88,40,88	MeshInstance3D	0.8x0.0x0.0	mat=StandardMaterial3D@0.250,0.170,0.055;mat=StandardMaterial3D@0.250,0.170,0.055	StreetIdShot/OrisonRoot/F04/MemoryArt_fourth_impossible_stairs/@MeshInstance3D@24969
0	104,40,88	MeshInstance3D	0.8x0.0x0.0	mat=StandardMaterial3D@0.250,0.170,0.055;mat=StandardMaterial3D@0.250,0.170,0.055	StreetIdShot/OrisonRoot/F04/MemoryArt_fourth_impossible_stairs/@MeshInstance3D@24970
0	120,40,88	MeshInstance3D	0.0x0.7x0.0	mat=StandardMaterial3D@0.250,0.170,0.055;mat=StandardMaterial3D@0.250,0.170,0.055	StreetIdShot/OrisonRoot/F04/MemoryArt_fourth_impossible_stairs/@MeshInstance3D@24971
0	136,40,88	MeshInstance3D	0.0x0.7x0.0	mat=StandardMaterial3D@0.250,0.170,0.055;mat=StandardMaterial3D@0.250,0.170,0.055	StreetIdShot/OrisonRoot/F04/MemoryArt_fourth_impossible_stairs/@MeshInstance3D@24972
0	152,40,88	MeshInstance3D	0.0x0.7x0.7	mat=StandardMaterial3D@1.000,1.000,1.000;mat=StandardMaterial3D@1.000,1.000,1.000	StreetIdShot/OrisonRoot/F04/MemoryArt_peter_wooden_legs/@MeshInstance3D@25076
0	168,40,88	MeshInstance3D	0.0x0.0x0.8	mat=StandardMaterial3D@0.250,0.170,0.055;mat=StandardMaterial3D@0.250,0.170,0.055	StreetIdShot/OrisonRoot/F04/MemoryArt_peter_wooden_legs/@MeshInstance3D@25077
0	184,40,88	MeshInstance3D	0.0x0.0x0.8	mat=StandardMaterial3D@0.250,0.170,0.055;mat=StandardMaterial3D@0.250,0.170,0.055	StreetIdShot/OrisonRoot/F04/MemoryArt_peter_wooden_legs/@MeshInstance3D@25078
0	200,40,88	MeshInstance3D	0.0x0.7x0.0	mat=StandardMaterial3D@0.250,0.170,0.055;mat=StandardMaterial3D@0.250,0.170,0.055	StreetIdShot/OrisonRoot/F04/MemoryArt_peter_wooden_legs/@MeshInstance3D@25079
0	216,40,88	MeshInstance3D	0.0x0.7x0.0	mat=StandardMaterial3D@0.250,0.170,0.055;mat=StandardMaterial3D@0.250,0.170,0.055	StreetIdShot/OrisonRoot/F04/MemoryArt_peter_wooden_legs/@MeshInstance3D@25080
0	232,40,88	MeshInstance3D	0.7x0.7x0.0	mat=StandardMaterial3D@1.000,1.000,1.000;mat=StandardMaterial3D@1.000,1.000,1.000	StreetIdShot/OrisonRoot/F04/MemoryArt_cam_noel_witches/@MeshInstance3D@25082
0	248,40,88	MeshInstance3D	0.8x0.0x0.0	mat=StandardMaterial3D@0.055,0.050,0.045;mat=StandardMaterial3D@0.055,0.050,0.045	StreetIdShot/OrisonRoot/F04/MemoryArt_cam_noel_witches/@MeshInstance3D@25083
0	8,56,88	MeshInstance3D	0.8x0.0x0.0	mat=StandardMaterial3D@0.055,0.050,0.045;mat=StandardMaterial3D@0.055,0.050,0.045	StreetIdShot/OrisonRoot/F04/MemoryArt_cam_noel_witches/@MeshInstance3D@25084
0	24,56,88	MeshInstance3D	0.0x0.7x0.0	mat=StandardMaterial3D@0.055,0.050,0.045;mat=StandardMaterial3D@0.055,0.050,0.045	StreetIdShot/OrisonRoot/F04/MemoryArt_cam_noel_witches/@MeshInstance3D@25085
0	40,56,88	MeshInstance3D	0.0x0.7x0.0	mat=StandardMaterial3D@0.055,0.050,0.045;mat=StandardMaterial3D@0.055,0.050,0.045	StreetIdShot/OrisonRoot/F04/MemoryArt_cam_noel_witches/@MeshInstance3D@25086
0	56,56,88	MeshInstance3D	0.7x0.7x0.0	mat=StandardMaterial3D@1.000,1.000,1.000;mat=StandardMaterial3D@1.000,1.000,1.000	StreetIdShot/OrisonRoot/F04/MemoryArt_guests_wuthering/@MeshInstance3D@25088
0	72,56,88	MeshInstance3D	0.8x0.0x0.0	mat=StandardMaterial3D@0.250,0.170,0.055;mat=StandardMaterial3D@0.250,0.170,0.055	StreetIdShot/OrisonRoot/F04/MemoryArt_guests_wuthering/@MeshInstance3D@25089
0	88,56,88	MeshInstance3D	0.8x0.0x0.0	mat=StandardMaterial3D@0.250,0.170,0.055;mat=StandardMaterial3D@0.250,0.170,0.055	StreetIdShot/OrisonRoot/F04/MemoryArt_guests_wuthering/@MeshInstance3D@25090
0	104,56,88	MeshInstance3D	0.0x0.7x0.0	mat=StandardMaterial3D@0.250,0.170,0.055;mat=StandardMaterial3D@0.250,0.170,0.055	StreetIdShot/OrisonRoot/F04/MemoryArt_guests_wuthering/@MeshInstance3D@25091
0	120,56,88	MeshInstance3D	0.0x0.7x0.0	mat=StandardMaterial3D@0.250,0.170,0.055;mat=StandardMaterial3D@0.250,0.170,0.055	StreetIdShot/OrisonRoot/F04/MemoryArt_guests_wuthering/@MeshInstance3D@25092
0	136,56,88	MeshInstance3D	27.3x0.0x19.3	mat=M_plaster_c@1.000,1.000,1.000	StreetIdShot/OrisonRoot/F05/F05_ceiling_plaster
0	152,56,88	MeshInstance3D	24.5x0.0x15.8	mat=M_plaster_stained_c@1.000,1.000,1.000	StreetIdShot/OrisonRoot/F05/F05_ceiling_plaster_stained
0	168,56,88	MeshInstance3D	10.7x0.0x19.3	mat=M_tin_ceiling_b@1.000,1.000,1.000	StreetIdShot/OrisonRoot/F05/F05_ceiling_tin_ceiling
0	184,56,88	MeshInstance3D	15.4x0.0x12.4	mat=M_ceramic_c@1.000,1.000,1.000	StreetIdShot/OrisonRoot/F05/F05_floors_ceramic
0	200,56,88	MeshInstance3D	6.5x0.0x3.5	mat=M_concrete_b@1.000,1.000,1.000	StreetIdShot/OrisonRoot/F05/F05_floors_concrete
0	216,56,88	MeshInstance3D	27.3x0.0x19.3	mat=M_floor_oak_c@1.000,1.000,1.000	StreetIdShot/OrisonRoot/F05/F05_floors_floor_oak
0	232,56,88	MeshInstance3D	10.7x0.0x19.3	mat=M_terrazzo_b@1.000,1.000,1.000	StreetIdShot/OrisonRoot/F05/F05_floors_terrazzo
0	248,56,88	MeshInstance3D	4.8x1.0x4.7	mat=M_bakelite_b@1.000,1.000,1.000	StreetIdShot/OrisonRoot/F05/F05_furnish_bakelite
0	8,72,88	MeshInstance3D	23.6x0.1x15.6	mat=M_bakelite_black@1.000,1.000,1.000	StreetIdShot/OrisonRoot/F05/F05_furnish_bakelite_black
0	24,72,88	MeshInstance3D	0.2x0.0x0.2	mat=M_book_brown@1.000,1.000,1.000	StreetIdShot/OrisonRoot/F05/F05_furnish_book_brown
0	40,72,88	MeshInstance3D	0.2x0.0x0.2	mat=M_book_burgundy@1.000,1.000,1.000	StreetIdShot/OrisonRoot/F05/F05_furnish_book_burgundy
0	56,72,88	MeshInstance3D	0.2x0.0x0.2	mat=M_book_green@1.000,1.000,1.000	StreetIdShot/OrisonRoot/F05/F05_furnish_book_green
0	72,72,88	MeshInstance3D	0.2x0.0x0.2	mat=M_book_navy@1.000,1.000,1.000	StreetIdShot/OrisonRoot/F05/F05_furnish_book_navy
0	88,72,88	MeshInstance3D	0.2x0.0x0.2	mat=M_book_ochre@1.000,1.000,1.000	StreetIdShot/OrisonRoot/F05/F05_furnish_book_ochre
0	104,72,88	MeshInstance3D	0.2x0.0x0.2	mat=M_book_teal@1.000,1.000,1.000	StreetIdShot/OrisonRoot/F05/F05_furnish_book_teal
0	120,72,88	MeshInstance3D	25.9x3.2x16.4	mat=M_brass_c@1.000,1.000,1.000	StreetIdShot/OrisonRoot/F05/F05_furnish_brass
0	136,72,88	MeshInstance3D	23.6x0.1x15.6	mat=M_brass_bright@1.000,1.000,1.000	StreetIdShot/OrisonRoot/F05/F05_furnish_brass_bright
0	152,72,88	MeshInstance3D	23.6x0.1x15.6	mat=M_brass_dull@1.000,1.000,1.000	StreetIdShot/OrisonRoot/F05/F05_furnish_brass_dull
0	168,72,88	MeshInstance3D	11.4x0.0x10.0	mat=M_chrome_b@1.000,1.000,1.000	StreetIdShot/OrisonRoot/F05/F05_furnish_chrome
0	184,72,88	MeshInstance3D	15.1x0.1x9.3	mat=M_countertop_c@1.000,1.000,1.000	StreetIdShot/OrisonRoot/F05/F05_furnish_countertop
0	200,72,88	MeshInstance3D	0.1x0.1x0.1	mat=M_enamel_b@1.000,1.000,1.000	StreetIdShot/OrisonRoot/F05/F05_furnish_enamel
0	216,72,88	MeshInstance3D	1.3x0.1x1.4	mat=M_fabric_cool_c@1.000,1.000,1.000	StreetIdShot/OrisonRoot/F05/F05_furnish_fabric_cool
0	232,72,88	MeshInstance3D	1.3x0.1x1.3	mat=M_fabric_green_c@1.000,1.000,1.000	StreetIdShot/OrisonRoot/F05/F05_furnish_fabric_green
0	248,72,88	MeshInstance3D	5.5x0.1x1.3	mat=M_fabric_warm_c@1.000,1.000,1.000	StreetIdShot/OrisonRoot/F05/F05_furnish_fabric_warm
0	8,88,88	MeshInstance3D	24.3x1.8x16.4	mat=M_floor_oak_c@1.000,1.000,1.000	StreetIdShot/OrisonRoot/F05/F05_furnish_floor_oak
0	24,88,88	MeshInstance3D	25.5x0.8x18.1	mat=M_linen_b@1.000,1.000,1.000	StreetIdShot/OrisonRoot/F05/F05_furnish_linen
0	40,88,88	MeshInstance3D	26.7x3.0x12.4	mat=M_metal_c@1.000,1.000,1.000	StreetIdShot/OrisonRoot/F05/F05_furnish_metal
0	56,88,88	MeshInstance3D	13.9x0.1x9.1	mat=M_nickel_plated@1.000,1.000,1.000	StreetIdShot/OrisonRoot/F05/F05_furnish_nickel_plated
0	72,88,88	MeshInstance3D	26.2x1.9x18.2	mat=M_oak_quartered@1.000,1.000,1.000	StreetIdShot/OrisonRoot/F05/F05_furnish_oak_quartered
0	88,88,88	MeshInstance3D	27.3x1.9x17.9	mat=M_paper_c@1.000,1.000,1.000	StreetIdShot/OrisonRoot/F05/F05_furnish_paper
0	104,88,88	MeshInstance3D	0.4x0.0x0.6	mat=M_plywood_b@1.000,1.000,1.000	StreetIdShot/OrisonRoot/F05/F05_furnish_plywood
0	120,88,88	MeshInstance3D	15.0x1.1x13.3	mat=M_porcelain_c@1.000,1.000,1.000	StreetIdShot/OrisonRoot/F05/F05_furnish_porcelain
0	136,88,88	MeshInstance3D	26.0x1.6x15.6	mat=M_soot_b@1.000,1.000,1.000	StreetIdShot/OrisonRoot/F05/F05_furnish_soot
0	152,88,88	MeshInstance3D	27.4x1.9x10.7	mat=M_timber_c@1.000,1.000,1.000	StreetIdShot/OrisonRoot/F05/F05_furnish_timber
0	168,88,88	MeshInstance3D	19.4x2.2x14.2	mat=M_trim_c@1.000,1.000,1.000	StreetIdShot/OrisonRoot/F05/F05_furnish_trim
0	184,88,88	MeshInstance3D	27.4x2.0x14.4	mat=M_wood_dark_c@1.000,1.000,1.000	StreetIdShot/OrisonRoot/F05/F05_furnish_wood_dark
0	200,88,88	MeshInstance3D	25.1x0.8x12.8	mat=M_art@1.000,1.000,1.000	StreetIdShot/OrisonRoot/F05/F05_furniture_art
0	216,88,88	MeshInstance3D	10.9x1.6x13.5	mat=M_brass_c@1.000,1.000,1.000	StreetIdShot/OrisonRoot/F05/F05_furniture_brass
0	232,88,88	MeshInstance3D	17.0x0.0x12.4	mat=M_brass_dull@1.000,1.000,1.000	StreetIdShot/OrisonRoot/F05/F05_furniture_brass_dull
0	248,88,88	MeshInstance3D	0.7x0.6x0.3	mat=M_cast_iron_b@1.000,1.000,1.000	StreetIdShot/OrisonRoot/F05/F05_furniture_cast_iron
0	8,104,88	MeshInstance3D	8.6x1.1x12.6	mat=M_ceramic_c@1.000,1.000,1.000	StreetIdShot/OrisonRoot/F05/F05_furniture_ceramic
0	24,104,88	MeshInstance3D	5.1x0.8x5.1	mat=M_char_b@1.000,1.000,1.000	StreetIdShot/OrisonRoot/F05/F05_furniture_char
0	40,104,88	MeshInstance3D	15.2x0.0x10.6	mat=M_chrome_b@1.000,1.000,1.000	StreetIdShot/OrisonRoot/F05/F05_furniture_chrome
0	56,104,88	MeshInstance3D	10.9x1.0x13.5	mat=M_indicator_enamel@1.000,1.000,1.000	StreetIdShot/OrisonRoot/F05/F05_furniture_indicator_enamel
0	72,104,88	MeshInstance3D	17.7x1.0x10.4	mat=M_linen_b@1.000,1.000,1.000	StreetIdShot/OrisonRoot/F05/F05_furniture_linen
0	88,104,88	MeshInstance3D	17.0x0.0x12.4	mat=M_linoleum_c@1.000,1.000,1.000	StreetIdShot/OrisonRoot/F05/F05_furniture_linoleum
0	104,104,88	MeshInstance3D	5.8x1.1x2.7	mat=M_metal_c@1.000,1.000,1.000	StreetIdShot/OrisonRoot/F05/F05_furniture_metal
0	120,104,88	MeshInstance3D	0.0x0.9x0.7	mat=M_paper_c@1.000,1.000,1.000	StreetIdShot/OrisonRoot/F05/F05_furniture_paper
0	136,104,88	MeshInstance3D	10.0x0.0x16.0	mat=M_plaster_stained_c@1.000,1.000,1.000	StreetIdShot/OrisonRoot/F05/F05_furniture_plaster_stained
0	152,104,88	MeshInstance3D	0.1x1.8x4.9	mat=M_plywood_b@1.000,1.000,1.000	StreetIdShot/OrisonRoot/F05/F05_furniture_plywood
0	168,104,88	MeshInstance3D	0.3x1.6x0.3	mat=M_rug_warm_b@1.000,1.000,1.000	StreetIdShot/OrisonRoot/F05/F05_furniture_rug_warm
0	184,104,88	MeshInstance3D	4.0x0.4x3.9	mat=M_slab_b@1.000,1.000,1.000	StreetIdShot/OrisonRoot/F05/F05_furniture_slab
0	200,104,88	MeshInstance3D	3.7x2.9x6.8	mat=M_soot_b@1.000,1.000,1.000	StreetIdShot/OrisonRoot/F05/F05_furniture_soot
0	216,104,88	MeshInstance3D	5.3x4.4x1.3	mat=M_timber_c@1.000,1.000,1.000	StreetIdShot/OrisonRoot/F05/F05_furniture_timber
0	232,104,88	MeshInstance3D	27.6x1.6x19.6	mat=M_trim_c@1.000,1.000,1.000	StreetIdShot/OrisonRoot/F05/F05_furniture_trim
0	248,104,88	MeshInstance3D	25.2x0.9x12.8	mat=M_wood_dark_c@1.000,1.000,1.000	StreetIdShot/OrisonRoot/F05/F05_furniture_wood_dark
0	8,120,88	MeshInstance3D	27.9x0.2x19.9	mat=M_slab_b@1.000,1.000,1.000	StreetIdShot/OrisonRoot/F05/F05_slabs
0	24,120,88	MeshInstance3D	6.3x3.2x2.9	mat=M_stair_c@1.000,1.000,1.000	StreetIdShot/OrisonRoot/F05/F05_stairs
0	40,120,88	MeshInstance3D	3.1x3.9x3.1	mat=M_baluster_c@1.000,1.000,1.000	StreetIdShot/OrisonRoot/F05/F05_stairs_bal
0	56,120,88	MeshInstance3D	6.2x3.4x3.1	mat=M_brass_c@1.000,1.000,1.000	StreetIdShot/OrisonRoot/F05/F05_stairs_brass
0	72,120,88	MeshInstance3D	6.3x3.4x3.1	mat=M_metal_c@1.000,1.000,1.000	StreetIdShot/OrisonRoot/F05/F05_stairs_iron
0	88,120,88	MeshInstance3D	6.3x1.8x6.3	mat=M_landing@1.000,1.000,1.000	StreetIdShot/OrisonRoot/F05/F05_stairs_landing
0	104,120,88	MeshInstance3D	6.3x4.2x3.2	mat=M_handrail_wood_c@1.000,1.000,1.000	StreetIdShot/OrisonRoot/F05/F05_stairs_rail
0	120,120,88	MeshInstance3D	6.3x2.9x2.9	mat=M_stair_treads@1.000,1.000,1.000	StreetIdShot/OrisonRoot/F05/F05_stairs_treads
0	136,120,88	MeshInstance3D	28.1x2.6x20.1	mat=M_limestone_c@1.000,1.000,1.000	StreetIdShot/OrisonRoot/F05/F05_stone_trim
0	152,120,88	MeshInstance3D	27.4x3.2x19.4	mat=M_trim_c@1.000,1.000,1.000	StreetIdShot/OrisonRoot/F05/F05_trim
0	168,120,88	MeshInstance3D	14.9x0.0x10.3	mat=M_brass_dull@1.000,1.000,1.000	StreetIdShot/OrisonRoot/F05/F05_vent_register_screws
0	184,120,88	MeshInstance3D	14.8x0.0x10.3	mat=M_cast_iron_b@1.000,1.000,1.000	StreetIdShot/OrisonRoot/F05/F05_vent_register_throat
0	200,120,88	MeshInstance3D	14.9x0.0x10.3	mat=M_trim_c@1.000,1.000,1.000	StreetIdShot/OrisonRoot/F05/F05_vent_register_trim
0	216,120,88	MeshInstance3D	15.5x1.2x12.4	mat=M_subway_tile_c@1.000,1.000,1.000	StreetIdShot/OrisonRoot/F05/F05_wainscot_subway_tile
0	232,120,88	MeshInstance3D	10.5x1.2x19.3	mat=M_wainscot_b@1.000,1.000,1.000	StreetIdShot/OrisonRoot/F05/F05_wainscot_wainscot
0	248,120,88	MeshInstance3D	27.3x3.0x19.3	mat=M_plaster_c@1.000,1.000,1.000	StreetIdShot/OrisonRoot/F05/F05_walls
0	8,136,88	MeshInstance3D	28.0x3.2x19.7	mat=M_common_brick_c@1.000,1.000,1.000	StreetIdShot/OrisonRoot/F05/F05_walls_cbrick
0	24,136,88	MeshInstance3D	2.3x3.0x2.3	mat=M_concrete_b@1.000,1.000,1.000	StreetIdShot/OrisonRoot/F05/F05_walls_conc
0	40,136,88	MeshInstance3D	27.3x3.2x0.3	mat=M_face_brick_c@1.000,1.000,1.000	StreetIdShot/OrisonRoot/F05/F05_walls_fbrick
0	56,136,88	MultiMeshInstance3D	24.1x0.1x16.9	instances=19;mesh=;mat=StandardMaterial3D@0.720,0.650,0.580;mat=StandardMaterial3D@0.780,0.700,0.520;mat=StandardMaterial3D@0.720,0.280,0.200	StreetIdShot/OrisonRoot/F05/F05_VantryPointBatch
0	72,136,88	MultiMeshInstance3D	19.5x2.9x8.8	instances=12;mesh=;mat=StandardMaterial3D@1.000,1.000,1.000	StreetIdShot/OrisonRoot/F05/@MultiMeshInstance3D@293
0	88,136,88	MultiMeshInstance3D	19.0x3.1x8.6	instances=7;mesh=;mat=StandardMaterial3D@1.000,1.000,1.000	StreetIdShot/OrisonRoot/F05/@MultiMeshInstance3D@294
0	104,136,88	MeshInstance3D	0.0x0.1x0.1	mat=StandardMaterial3D@0.035,0.040,0.045;mat=StandardMaterial3D@0.035,0.040,0.045	StreetIdShot/OrisonRoot/F05/Projector_5B/@MeshInstance3D@864
0	120,136,88	MeshInstance3D	0.2x0.0x0.3	mat=StandardMaterial3D@0.185,0.190,0.196;mat=StandardMaterial3D@0.185,0.190,0.196	StreetIdShot/OrisonRoot/F05/Projector_5B/@MeshInstance3D@868
0	136,136,88	MeshInstance3D	0.1x0.0x0.0	mat=StandardMaterial3D@0.130,0.134,0.140;mat=StandardMaterial3D@0.130,0.134,0.140	StreetIdShot/OrisonRoot/F05/Projector_5B/@MeshInstance3D@869
0	152,136,88	MeshInstance3D	0.1x0.0x0.0	mat=StandardMaterial3D@0.130,0.134,0.140;mat=StandardMaterial3D@0.130,0.134,0.140	StreetIdShot/OrisonRoot/F05/Projector_5B/@MeshInstance3D@870
0	168,136,88	MeshInstance3D	0.1x0.1x0.1	mat=StandardMaterial3D@0.185,0.190,0.196;mat=StandardMaterial3D@0.185,0.190,0.196	StreetIdShot/OrisonRoot/F05/Projector_5B/@MeshInstance3D@871
0	184,136,88	MeshInstance3D	0.1x0.2x0.1	mat=StandardMaterial3D@0.185,0.190,0.196;mat=StandardMaterial3D@0.185,0.190,0.196	StreetIdShot/OrisonRoot/F05/Projector_5B/@MeshInstance3D@872
0	200,136,88	MeshInstance3D	0.1x0.2x0.1	mat=StandardMaterial3D@0.130,0.134,0.140;mat=StandardMaterial3D@0.130,0.134,0.140	StreetIdShot/OrisonRoot/F05/Projector_5B/@MeshInstance3D@873
0	216,136,88	MeshInstance3D	0.0x0.0x0.1	mat=StandardMaterial3D@0.155,0.130,0.112;mat=StandardMaterial3D@0.155,0.130,0.112	StreetIdShot/OrisonRoot/F05/Projector_5B/@MeshInstance3D@874
0	232,136,88	MeshInstance3D	0.0x0.0x0.1	mat=StandardMaterial3D@0.155,0.130,0.112;mat=StandardMaterial3D@0.155,0.130,0.112	StreetIdShot/OrisonRoot/F05/Projector_5B/@MeshInstance3D@875
0	248,136,88	MeshInstance3D	0.0x0.0x0.1	mat=StandardMaterial3D@0.155,0.130,0.112;mat=StandardMaterial3D@0.155,0.130,0.112	StreetIdShot/OrisonRoot/F05/Projector_5B/@MeshInstance3D@876
0	8,152,88	MeshInstance3D	0.0x0.0x0.1	mat=StandardMaterial3D@0.155,0.130,0.112;mat=StandardMaterial3D@0.155,0.130,0.112	StreetIdShot/OrisonRoot/F05/Projector_5B/@MeshInstance3D@877
0	24,152,88	MeshInstance3D	0.0x0.0x0.1	mat=StandardMaterial3D@0.155,0.130,0.112;mat=StandardMaterial3D@0.155,0.130,0.112	StreetIdShot/OrisonRoot/F05/Projector_5B/@MeshInstance3D@878
0	40,152,88	MeshInstance3D	0.0x0.0x0.1	mat=StandardMaterial3D@0.155,0.130,0.112;mat=StandardMaterial3D@0.155,0.130,0.112	StreetIdShot/OrisonRoot/F05/Projector_5B/@MeshInstance3D@879
0	56,152,88	MeshInstance3D	0.1x0.0x0.1	mat=StandardMaterial3D@0.130,0.134,0.140;mat=StandardMaterial3D@0.130,0.134,0.140	StreetIdShot/OrisonRoot/F05/Projector_5B/@MeshInstance3D@880
0	72,152,88	MeshInstance3D	0.1x0.1x0.1	mat=StandardMaterial3D@0.130,0.134,0.140;mat=StandardMaterial3D@0.130,0.134,0.140	StreetIdShot/OrisonRoot/F05/Projector_5B/@MeshInstance3D@881
0	88,152,88	MeshInstance3D	0.0x0.1x0.1	mat=StandardMaterial3D@0.520,0.410,0.190;mat=StandardMaterial3D@0.520,0.410,0.190	StreetIdShot/OrisonRoot/F05/Projector_5B/@MeshInstance3D@882
0	104,152,88	MeshInstance3D	0.0x0.1x0.1	mat=StandardMaterial3D@0.130,0.134,0.140;mat=StandardMaterial3D@0.130,0.134,0.140	StreetIdShot/OrisonRoot/F05/Projector_5B/@MeshInstance3D@883
0	120,152,88	MeshInstance3D	0.0x0.1x0.0	mat=StandardMaterial3D@0.520,0.410,0.190;mat=StandardMaterial3D@0.520,0.410,0.190	StreetIdShot/OrisonRoot/F05/Projector_5B/@MeshInstance3D@884
0	136,152,88	MeshInstance3D	0.0x0.0x0.0	mat=StandardMaterial3D@0.130,0.134,0.140;mat=StandardMaterial3D@0.130,0.134,0.140	StreetIdShot/OrisonRoot/F05/Projector_5B/@MeshInstance3D@885
0	152,152,88	MeshInstance3D	0.0x0.0x0.0	mat=StandardMaterial3D@0.130,0.134,0.140;mat=StandardMaterial3D@0.130,0.134,0.140	StreetIdShot/OrisonRoot/F05/Projector_5B/@MeshInstance3D@886
0	168,152,88	MeshInstance3D	0.0x0.0x0.0	mat=StandardMaterial3D@0.155,0.130,0.112;mat=StandardMaterial3D@0.155,0.130,0.112	StreetIdShot/OrisonRoot/F05/Projector_5B/@MeshInstance3D@887
0	184,152,88	MeshInstance3D	0.0x0.0x0.0	mat=StandardMaterial3D@0.155,0.130,0.112;mat=StandardMaterial3D@0.155,0.130,0.112	StreetIdShot/OrisonRoot/F05/Projector_5B/@MeshInstance3D@888
0	200,152,88	MeshInstance3D	0.0x0.0x0.0	mat=StandardMaterial3D@0.130,0.134,0.140;mat=StandardMaterial3D@0.130,0.134,0.140	StreetIdShot/OrisonRoot/F05/Projector_5B/@MeshInstance3D@889
0	216,152,88	MeshInstance3D	0.0x0.1x0.0	mat=StandardMaterial3D@0.105,0.108,0.112;mat=StandardMaterial3D@0.105,0.108,0.112	StreetIdShot/OrisonRoot/F05/Projector_5B/@MeshInstance3D@890
0	232,152,88	MeshInstance3D	0.0x0.0x0.1	mat=StandardMaterial3D@0.105,0.108,0.112;mat=StandardMaterial3D@0.105,0.108,0.112	StreetIdShot/OrisonRoot/F05/Projector_5B/@MeshInstance3D@891
0	248,152,88	MeshInstance3D	0.2x0.2x0.0	mat=StandardMaterial3D@0.140,0.135,0.130;mat=StandardMaterial3D@0.140,0.135,0.130	StreetIdShot/OrisonRoot/F05/Projector_5B/@MeshInstance3D@892
0	8,168,88	MeshInstance3D	0.2x0.2x0.0	mat=StandardMaterial3D@0.140,0.135,0.130;mat=StandardMaterial3D@0.140,0.135,0.130	StreetIdShot/OrisonRoot/F05/Projector_5B/@MeshInstance3D@893
0	24,168,88	MeshInstance3D	0.2x0.2x0.0	mat=StandardMaterial3D@0.045,0.040,0.038;mat=StandardMaterial3D@0.045,0.040,0.038	StreetIdShot/OrisonRoot/F05/Projector_5B/@MeshInstance3D@894
0	40,168,88	MeshInstance3D	0.0x0.0x0.0	mat=StandardMaterial3D@0.140,0.135,0.130;mat=StandardMaterial3D@0.140,0.135,0.130	StreetIdShot/OrisonRoot/F05/Projector_5B/@MeshInstance3D@895
0	56,168,88	MeshInstance3D	0.1x0.2x0.0	mat=StandardMaterial3D@0.105,0.108,0.112;mat=StandardMaterial3D@0.105,0.108,0.112	StreetIdShot/OrisonRoot/F05/Projector_5B/@MeshInstance3D@896
0	72,168,88	MeshInstance3D	0.0x0.0x0.1	mat=StandardMaterial3D@0.105,0.108,0.112;mat=StandardMaterial3D@0.105,0.108,0.112	StreetIdShot/OrisonRoot/F05/Projector_5B/@MeshInstance3D@897
0	88,168,88	MeshInstance3D	0.2x0.2x0.0	mat=StandardMaterial3D@0.140,0.135,0.130;mat=StandardMaterial3D@0.140,0.135,0.130	StreetIdShot/OrisonRoot/F05/Projector_5B/@MeshInstance3D@898
0	104,168,88	MeshInstance3D	0.2x0.2x0.0	mat=StandardMaterial3D@0.140,0.135,0.130;mat=StandardMaterial3D@0.140,0.135,0.130	StreetIdShot/OrisonRoot/F05/Projector_5B/@MeshInstance3D@899
0	120,168,88	MeshInstance3D	0.1x0.1x0.0	mat=StandardMaterial3D@0.045,0.040,0.038;mat=StandardMaterial3D@0.045,0.040,0.038	StreetIdShot/OrisonRoot/F05/Projector_5B/@MeshInstance3D@900
0	136,168,88	MeshInstance3D	0.0x0.0x0.0	mat=StandardMaterial3D@0.140,0.135,0.130;mat=StandardMaterial3D@0.140,0.135,0.130	StreetIdShot/OrisonRoot/F05/Projector_5B/@MeshInstance3D@901
0	152,168,88	MeshInstance3D	0.2x0.0x0.0	mat=StandardMaterial3D@0.155,0.130,0.112;mat=StandardMaterial3D@0.155,0.130,0.112	StreetIdShot/OrisonRoot/F05/Projector_5B/@MeshInstance3D@902
0	168,168,88	MeshInstance3D	0.0x0.0x0.0	mat=Material_1@1.000,1.000,1.000	StreetIdShot/OrisonRoot/F05/NPC_nadia_quell/RiggedCharacter/Armature/Skeleton3D/char1
0	184,168,88	MeshInstance3D	0.0x0.0x0.0	mat=Material_1@1.000,1.000,1.000	StreetIdShot/OrisonRoot/F05/NPC_cal_dwyer/RiggedCharacter/Armature/Skeleton3D/char1
0	200,168,88	MeshInstance3D	0.0x0.0x0.0	mat=Material_1@1.000,1.000,1.000	StreetIdShot/OrisonRoot/F05/NPC_iris_bell/RiggedCharacter/Armature/Skeleton3D/char1
0	216,168,88	MeshInstance3D	0.3x0.0x0.2	mat=StandardMaterial3D@0.270,0.290,0.330;mat=StandardMaterial3D@0.270,0.290,0.330	StreetIdShot/OrisonRoot/F05/AffectedProp_nadia_contradictory_plans/@MeshInstance3D@23812
0	232,168,88	MeshInstance3D	0.3x0.0x0.2	mat=StandardMaterial3D@0.270,0.290,0.330;mat=StandardMaterial3D@0.270,0.290,0.330	StreetIdShot/OrisonRoot/F05/AffectedProp_nadia_contradictory_plans/@MeshInstance3D@23813
0	248,168,88	MeshInstance3D	0.3x0.0x0.2	mat=StandardMaterial3D@0.270,0.290,0.330;mat=StandardMaterial3D@0.270,0.290,0.330	StreetIdShot/OrisonRoot/F05/AffectedProp_nadia_contradictory_plans/@MeshInstance3D@23814
0	8,184,88	MeshInstance3D	0.3x0.0x0.0	mat=StandardMaterial3D@0.420,0.380,0.240;mat=StandardMaterial3D@0.420,0.380,0.240	StreetIdShot/OrisonRoot/F05/AffectedProp_nadia_scale_ruler/@MeshInstance3D@23819
0	24,184,88	MeshInstance3D	0.3x0.2x0.2	mat=StandardMaterial3D@0.420,0.380,0.240;mat=StandardMaterial3D@0.420,0.380,0.240	StreetIdShot/OrisonRoot/F05/AffectedProp_nadia_violation_stamp/@MeshInstance3D@23822
0	40,184,88	MeshInstance3D	0.3x0.2x0.2	mat=StandardMaterial3D@0.200,0.280,0.250;mat=StandardMaterial3D@0.200,0.280,0.250	StreetIdShot/OrisonRoot/F05/AffectedProp_cal_bakelite_radio/@MeshInstance3D@23825
0	56,184,88	MeshInstance3D	0.1x0.1x0.0	mat=StandardMaterial3D@0.200,0.280,0.250;mat=StandardMaterial3D@0.200,0.280,0.250	StreetIdShot/OrisonRoot/F05/AffectedProp_cal_bakelite_radio/@MeshInstance3D@23826
0	72,184,88	MeshInstance3D	0.1x0.1x0.0	mat=StandardMaterial3D@0.200,0.280,0.250;mat=StandardMaterial3D@0.200,0.280,0.250	StreetIdShot/OrisonRoot/F05/AffectedProp_cal_bakelite_radio/@MeshInstance3D@23827
0	88,184,88	MeshInstance3D	0.3x0.0x0.0	mat=StandardMaterial3D@0.380,0.200,0.230;mat=StandardMaterial3D@0.380,0.200,0.230	StreetIdShot/OrisonRoot/F05/AffectedProp_cal_loop_antenna/@MeshInstance3D@23832
0	104,184,88	MeshInstance3D	0.1x0.1x0.1	mat=StandardMaterial3D@0.420,0.380,0.240;mat=StandardMaterial3D@0.420,0.380,0.240	StreetIdShot/OrisonRoot/F05/AffectedProp_cal_voice_tapes/@MeshInstance3D@23835
0	120,184,88	MeshInstance3D	0.1x0.1x0.1	mat=StandardMaterial3D@0.420,0.380,0.240;mat=StandardMaterial3D@0.420,0.380,0.240	StreetIdShot/OrisonRoot/F05/AffectedProp_cal_voice_tapes/@MeshInstance3D@23836
0	136,184,88	MeshInstance3D	0.2x1.0x0.0	mat=StandardMaterial3D@0.200,0.280,0.250;mat=StandardMaterial3D@0.200,0.280,0.250	StreetIdShot/OrisonRoot/F05/AffectedProp_iris_private_canvas/@MeshInstance3D@23840
0	152,184,88	MeshInstance3D	0.2x1.0x0.0	mat=StandardMaterial3D@0.200,0.280,0.250;mat=StandardMaterial3D@0.200,0.280,0.250	StreetIdShot/OrisonRoot/F05/AffectedProp_iris_private_canvas/@MeshInstance3D@23841
0	168,184,88	MeshInstance3D	0.5x0.5x0.0	mat=StandardMaterial3D@0.200,0.280,0.250;mat=StandardMaterial3D@0.200,0.280,0.250	StreetIdShot/OrisonRoot/F05/AffectedProp_iris_private_canvas/@MeshInstance3D@23842
0	184,184,88	MeshInstance3D	0.3x0.0x0.2	mat=StandardMaterial3D@0.200,0.280,0.250;mat=StandardMaterial3D@0.200,0.280,0.250	StreetIdShot/OrisonRoot/F05/AffectedProp_iris_stained_palette/@MeshInstance3D@23847
0	200,184,88	MeshInstance3D	0.2x0.1x0.2	mat=StandardMaterial3D@0.200,0.280,0.250;mat=StandardMaterial3D@0.200,0.280,0.250	StreetIdShot/OrisonRoot/F05/AffectedProp_iris_wrong_paint/@MeshInstance3D@23850
0	216,184,88	MeshInstance3D	0.1x0.1x0.1	mat=StandardMaterial3D@0.200,0.280,0.250;mat=StandardMaterial3D@0.200,0.280,0.250	StreetIdShot/OrisonRoot/F05/AffectedProp_iris_wrong_paint/@MeshInstance3D@23851
0	232,184,88	MeshInstance3D	0.1x0.1x0.0	mat=StandardMaterial3D@0.080,0.075,0.070;mat=StandardMaterial3D@0.080,0.075,0.070	StreetIdShot/OrisonRoot/F05/DomesticWitness_nadia_code_pinball/FaceRig/HourHand/@MeshInstance3D@24418
0	248,184,88	MeshInstance3D	0.1x0.0x0.0	mat=StandardMaterial3D@0.080,0.075,0.070;mat=StandardMaterial3D@0.080,0.075,0.070	StreetIdShot/OrisonRoot/F05/DomesticWitness_nadia_code_pinball/FaceRig/MinuteHand/@MeshInstance3D@24419
0	8,200,88	MeshInstance3D	0.0x0.1x0.0	mat=StandardMaterial3D@0.831,0.725,0.173;mat=StandardMaterial3D@0.831,0.725,0.173	StreetIdShot/OrisonRoot/F05/DomesticWitness_nadia_code_pinball/FaceRig/SecondHand/@MeshInstance3D@24420
0	24,200,88	MeshInstance3D	0.4x0.4x0.1	mat=StandardMaterial3D@1.000,1.000,1.000;mat=StandardMaterial3D@1.000,1.000,1.000	StreetIdShot/OrisonRoot/F05/DomesticWitness_nadia_code_pinball/@MeshInstance3D@24423
0	40,200,88	MeshInstance3D	0.3x0.3x0.1	mat=StandardMaterial3D@0.600,0.450,0.160;mat=StandardMaterial3D@0.600,0.450,0.160	StreetIdShot/OrisonRoot/F05/DomesticWitness_nadia_code_pinball/@MeshInstance3D@24424
0	56,200,88	MeshInstance3D	0.3x0.3x0.0	mat=StandardMaterial3D@0.831,0.725,0.173;mat=StandardMaterial3D@0.831,0.725,0.173	StreetIdShot/OrisonRoot/F05/DomesticWitness_nadia_code_pinball/@MeshInstance3D@24425
0	72,200,88	MeshInstance3D	0.3x0.3x0.0	mat=StandardMaterial3D@0.900,0.850,0.740;mat=StandardMaterial3D@0.900,0.850,0.740	StreetIdShot/OrisonRoot/F05/DomesticWitness_nadia_code_pinball/@MeshInstance3D@24426
0	88,200,88	MeshInstance3D	0.2x0.2x0.0	mat=StandardMaterial3D@0.170,0.160,0.140;mat=StandardMaterial3D@0.170,0.160,0.140	StreetIdShot/OrisonRoot/F05/DomesticWitness_nadia_code_pinball/@MeshInstance3D@24427
0	104,200,88	MeshInstance3D	0.4x0.2x0.1	mat=StandardMaterial3D@1.000,1.000,1.000;mat=StandardMaterial3D@1.000,1.000,1.000	StreetIdShot/OrisonRoot/F05/DomesticWitness_cal_memory_radio/@MeshInstance3D@24437
0	120,200,88	MeshInstance3D	0.4x0.0x0.1	mat=StandardMaterial3D@0.200,0.190,0.170;mat=StandardMaterial3D@0.200,0.190,0.170	StreetIdShot/OrisonRoot/F05/DomesticWitness_cal_memory_radio/@MeshInstance3D@24438
0	136,200,88	MeshInstance3D	0.3x0.0x0.1	mat=StandardMaterial3D@0.580,0.550,0.500;mat=StandardMaterial3D@0.580,0.550,0.500	StreetIdShot/OrisonRoot/F05/DomesticWitness_cal_memory_radio/@MeshInstance3D@24439
0	152,200,88	MeshInstance3D	0.3x0.1x0.0	mat=StandardMaterial3D@0.550,0.550,0.550;mat=StandardMaterial3D@0.550,0.550,0.550	StreetIdShot/OrisonRoot/F05/DomesticWitness_cal_memory_radio/@MeshInstance3D@24440
0	168,200,88	MeshInstance3D	0.1x0.1x0.0	mat=StandardMaterial3D@0.080,0.075,0.070;mat=StandardMaterial3D@0.080,0.075,0.070	StreetIdShot/OrisonRoot/F05/DomesticWitness_iris_runaway_paint/FaceRig/HourHand/@MeshInstance3D@24458
0	184,200,88	MeshInstance3D	0.1x0.0x0.0	mat=StandardMaterial3D@0.080,0.075,0.070;mat=StandardMaterial3D@0.080,0.075,0.070	StreetIdShot/OrisonRoot/F05/DomesticWitness_iris_runaway_paint/FaceRig/MinuteHand/@MeshInstance3D@24459
0	200,200,88	MeshInstance3D	0.0x0.1x0.0	mat=StandardMaterial3D@0.878,0.373,0.380;mat=StandardMaterial3D@0.878,0.373,0.380	StreetIdShot/OrisonRoot/F05/DomesticWitness_iris_runaway_paint/FaceRig/SecondHand/@MeshInstance3D@24460
0	216,200,88	MeshInstance3D	0.4x0.4x0.1	mat=StandardMaterial3D@1.000,1.000,1.000;mat=StandardMaterial3D@1.000,1.000,1.000	StreetIdShot/OrisonRoot/F05/DomesticWitness_iris_runaway_paint/@MeshInstance3D@24463
0	232,200,88	MeshInstance3D	0.3x0.3x0.0	mat=StandardMaterial3D@0.900,0.850,0.740;mat=StandardMaterial3D@0.900,0.850,0.740	StreetIdShot/OrisonRoot/F05/DomesticWitness_iris_runaway_paint/@MeshInstance3D@24464
0	248,200,88	MeshInstance3D	0.3x0.3x0.0	mat=StandardMaterial3D@0.878,0.373,0.380;mat=StandardMaterial3D@0.878,0.373,0.380	StreetIdShot/OrisonRoot/F05/DomesticWitness_iris_runaway_paint/@MeshInstance3D@24465
0	8,216,88	MeshInstance3D	0.2x0.2x0.0	mat=StandardMaterial3D@0.170,0.160,0.140;mat=StandardMaterial3D@0.170,0.160,0.140	StreetIdShot/OrisonRoot/F05/DomesticWitness_iris_runaway_paint/@MeshInstance3D@24466
0	24,216,88	MeshInstance3D	0.5x0.1x0.0	mat=StandardMaterial3D@0.750,0.550,0.130;mat=StandardMaterial3D@0.750,0.550,0.130	StreetIdShot/OrisonRoot/F05/DomesticAnomaly_nadia_level/@MeshInstance3D@24618
0	40,216,88	MeshInstance3D	0.2x0.0x0.1	mat=StandardMaterial3D@0.250,0.420,0.280;mat=StandardMaterial3D@0.250,0.420,0.280	StreetIdShot/OrisonRoot/F05/DomesticAnomaly_nadia_level/@MeshInstance3D@24619
0	56,216,88	MeshInstance3D	0.0x0.0x0.0	mat=StandardMaterial3D@0.040,0.080,0.040;mat=StandardMaterial3D@0.040,0.080,0.040	StreetIdShot/OrisonRoot/F05/DomesticAnomaly_nadia_level/@MeshInstance3D@24620
0	72,216,88	MeshInstance3D	0.3x0.2x0.2	mat=StandardMaterial3D@0.200,0.100,0.055;mat=StandardMaterial3D@0.200,0.100,0.055	StreetIdShot/OrisonRoot/F05/DomesticAnomaly_cal_radio/@MeshInstance3D@24625
0	88,216,88	MeshInstance3D	0.1x0.1x0.0	mat=StandardMaterial3D@0.607,0.422,0.620;mat=StandardMaterial3D@0.607,0.422,0.620	StreetIdShot/OrisonRoot/F05/DomesticAnomaly_cal_radio/@MeshInstance3D@24626
0	104,216,88	MeshInstance3D	0.4x0.5x0.0	mat=StandardMaterial3D@0.220,0.120,0.070;mat=StandardMaterial3D@0.220,0.120,0.070	StreetIdShot/OrisonRoot/F05/DomesticAnomaly_iris_picture_frame/@MeshInstance3D@24632
0	120,216,88	MeshInstance3D	0.3x0.4x0.0	mat=StandardMaterial3D@0.304,0.357,0.446;mat=StandardMaterial3D@0.304,0.357,0.446	StreetIdShot/OrisonRoot/F05/DomesticAnomaly_iris_picture_frame/@MeshInstance3D@24633
0	136,216,88	MeshInstance3D	0.0x0.0x0.0	mat=StandardMaterial3D@0.750,0.650,0.520;mat=StandardMaterial3D@0.750,0.650,0.520	StreetIdShot/OrisonRoot/F05/DomesticAnomaly_iris_picture_frame/@MeshInstance3D@24634
0	152,216,88	MeshInstance3D	0.0x0.7x0.7	mat=StandardMaterial3D@1.000,1.000,1.000;mat=StandardMaterial3D@1.000,1.000,1.000	StreetIdShot/OrisonRoot/F05/MemoryArt_nadia_humane_plan/@MeshInstance3D@24768
0	168,216,88	MeshInstance3D	0.0x0.0x0.8	mat=StandardMaterial3D@0.180,0.105,0.055;mat=StandardMaterial3D@0.180,0.105,0.055	StreetIdShot/OrisonRoot/F05/MemoryArt_nadia_humane_plan/@MeshInstance3D@24769
0	184,216,88	MeshInstance3D	0.0x0.0x0.8	mat=StandardMaterial3D@0.180,0.105,0.055;mat=StandardMaterial3D@0.180,0.105,0.055	StreetIdShot/OrisonRoot/F05/MemoryArt_nadia_humane_plan/@MeshInstance3D@24770
0	200,216,88	MeshInstance3D	0.0x0.7x0.0	mat=StandardMaterial3D@0.180,0.105,0.055;mat=StandardMaterial3D@0.180,0.105,0.055	StreetIdShot/OrisonRoot/F05/MemoryArt_nadia_humane_plan/@MeshInstance3D@24771
0	216,216,88	MeshInstance3D	0.0x0.7x0.0	mat=StandardMaterial3D@0.180,0.105,0.055;mat=StandardMaterial3D@0.180,0.105,0.055	StreetIdShot/OrisonRoot/F05/MemoryArt_nadia_humane_plan/@MeshInstance3D@24772
0	232,216,88	MeshInstance3D	0.7x0.7x0.0	mat=StandardMaterial3D@1.000,1.000,1.000;mat=StandardMaterial3D@1.000,1.000,1.000	StreetIdShot/OrisonRoot/F05/MemoryArt_cal_human_signal/@MeshInstance3D@24774
0	248,216,88	MeshInstance3D	0.8x0.0x0.0	mat=StandardMaterial3D@0.180,0.105,0.055;mat=StandardMaterial3D@0.180,0.105,0.055	StreetIdShot/OrisonRoot/F05/MemoryArt_cal_human_signal/@MeshInstance3D@24775
0	8,232,88	MeshInstance3D	0.8x0.0x0.0	mat=StandardMaterial3D@0.180,0.105,0.055;mat=StandardMaterial3D@0.180,0.105,0.055	StreetIdShot/OrisonRoot/F05/MemoryArt_cal_human_signal/@MeshInstance3D@24776
0	24,232,88	MeshInstance3D	0.0x0.7x0.0	mat=StandardMaterial3D@0.180,0.105,0.055;mat=StandardMaterial3D@0.180,0.105,0.055	StreetIdShot/OrisonRoot/F05/MemoryArt_cal_human_signal/@MeshInstance3D@24777
0	40,232,88	MeshInstance3D	0.0x0.7x0.0	mat=StandardMaterial3D@0.180,0.105,0.055;mat=StandardMaterial3D@0.180,0.105,0.055	StreetIdShot/OrisonRoot/F05/MemoryArt_cal_human_signal/@MeshInstance3D@24778
0	56,232,88	MeshInstance3D	0.7x0.7x0.0	mat=StandardMaterial3D@1.000,1.000,1.000;mat=StandardMaterial3D@1.000,1.000,1.000	StreetIdShot/OrisonRoot/F05/MemoryArt_iris_self_portrait/@MeshInstance3D@24780
0	72,232,88	MeshInstance3D	0.8x0.0x0.0	mat=StandardMaterial3D@0.250,0.170,0.055;mat=StandardMaterial3D@0.250,0.170,0.055	StreetIdShot/OrisonRoot/F05/MemoryArt_iris_self_portrait/@MeshInstance3D@24781
0	88,232,88	MeshInstance3D	0.8x0.0x0.0	mat=StandardMaterial3D@0.250,0.170,0.055;mat=StandardMaterial3D@0.250,0.170,0.055	StreetIdShot/OrisonRoot/F05/MemoryArt_iris_self_portrait/@MeshInstance3D@24782
0	104,232,88	MeshInstance3D	0.0x0.7x0.0	mat=StandardMaterial3D@0.250,0.170,0.055;mat=StandardMaterial3D@0.250,0.170,0.055	StreetIdShot/OrisonRoot/F05/MemoryArt_iris_self_portrait/@MeshInstance3D@24783
0	120,232,88	MeshInstance3D	0.0x0.7x0.0	mat=StandardMaterial3D@0.250,0.170,0.055;mat=StandardMaterial3D@0.250,0.170,0.055	StreetIdShot/OrisonRoot/F05/MemoryArt_iris_self_portrait/@MeshInstance3D@24784
0	136,232,88	MeshInstance3D	0.7x0.7x0.0	mat=StandardMaterial3D@1.000,1.000,1.000;mat=StandardMaterial3D@1.000,1.000,1.000	StreetIdShot/OrisonRoot/F05/WallArt_nadia_people_live_here/@MeshInstance3D@24890
0	152,232,88	MeshInstance3D	0.8x0.0x0.0	mat=StandardMaterial3D@0.055,0.050,0.045;mat=StandardMaterial3D@0.055,0.050,0.045	StreetIdShot/OrisonRoot/F05/WallArt_nadia_people_live_here/@MeshInstance3D@24891
0	168,232,88	MeshInstance3D	0.8x0.0x0.0	mat=StandardMaterial3D@0.055,0.050,0.045;mat=StandardMaterial3D@0.055,0.050,0.045	StreetIdShot/OrisonRoot/F05/WallArt_nadia_people_live_here/@MeshInstance3D@24892
0	184,232,88	MeshInstance3D	0.0x0.7x0.0	mat=StandardMaterial3D@0.055,0.050,0.045;mat=StandardMaterial3D@0.055,0.050,0.045	StreetIdShot/OrisonRoot/F05/WallArt_nadia_people_live_here/@MeshInstance3D@24893
0	200,232,88	MeshInstance3D	0.0x0.7x0.0	mat=StandardMaterial3D@0.055,0.050,0.045;mat=StandardMaterial3D@0.055,0.050,0.045	StreetIdShot/OrisonRoot/F05/WallArt_nadia_people_live_here/@MeshInstance3D@24894
0	216,232,88	MeshInstance3D	0.7x0.7x0.0	mat=StandardMaterial3D@1.000,1.000,1.000;mat=StandardMaterial3D@1.000,1.000,1.000	StreetIdShot/OrisonRoot/F05/WallArt_cal_signal_received/@MeshInstance3D@24896
0	232,232,88	MeshInstance3D	0.8x0.0x0.0	mat=StandardMaterial3D@0.055,0.050,0.045;mat=StandardMaterial3D@0.055,0.050,0.045	StreetIdShot/OrisonRoot/F05/WallArt_cal_signal_received/@MeshInstance3D@24897
0	248,232,88	MeshInstance3D	0.8x0.0x0.0	mat=StandardMaterial3D@0.055,0.050,0.045;mat=StandardMaterial3D@0.055,0.050,0.045	StreetIdShot/OrisonRoot/F05/WallArt_cal_signal_received/@MeshInstance3D@24898
0	8,248,88	MeshInstance3D	0.0x0.7x0.0	mat=StandardMaterial3D@0.055,0.050,0.045;mat=StandardMaterial3D@0.055,0.050,0.045	StreetIdShot/OrisonRoot/F05/WallArt_cal_signal_received/@MeshInstance3D@24899
0	24,248,88	MeshInstance3D	0.0x0.7x0.0	mat=StandardMaterial3D@0.055,0.050,0.045;mat=StandardMaterial3D@0.055,0.050,0.045	StreetIdShot/OrisonRoot/F05/WallArt_cal_signal_received/@MeshInstance3D@24900
0	40,248,88	MeshInstance3D	0.7x0.7x0.0	mat=StandardMaterial3D@1.000,1.000,1.000;mat=StandardMaterial3D@1.000,1.000,1.000	StreetIdShot/OrisonRoot/F05/WallArt_iris_impossible_fold/@MeshInstance3D@24902
0	56,248,88	MeshInstance3D	0.8x0.0x0.0	mat=StandardMaterial3D@0.250,0.170,0.055;mat=StandardMaterial3D@0.250,0.170,0.055	StreetIdShot/OrisonRoot/F05/WallArt_iris_impossible_fold/@MeshInstance3D@24903
0	72,248,88	MeshInstance3D	0.8x0.0x0.0	mat=StandardMaterial3D@0.250,0.170,0.055;mat=StandardMaterial3D@0.250,0.170,0.055	StreetIdShot/OrisonRoot/F05/WallArt_iris_impossible_fold/@MeshInstance3D@24904
0	88,248,88	MeshInstance3D	0.0x0.7x0.0	mat=StandardMaterial3D@0.250,0.170,0.055;mat=StandardMaterial3D@0.250,0.170,0.055	StreetIdShot/OrisonRoot/F05/WallArt_iris_impossible_fold/@MeshInstance3D@24905
0	104,248,88	MeshInstance3D	0.0x0.7x0.0	mat=StandardMaterial3D@0.250,0.170,0.055;mat=StandardMaterial3D@0.250,0.170,0.055	StreetIdShot/OrisonRoot/F05/WallArt_iris_impossible_fold/@MeshInstance3D@24906
0	120,248,88	MeshInstance3D	0.0x0.7x0.7	mat=StandardMaterial3D@1.000,1.000,1.000;mat=StandardMaterial3D@1.000,1.000,1.000	StreetIdShot/OrisonRoot/F05/MemoryArt_fifth_lights_on/@MeshInstance3D@24974
0	136,248,88	MeshInstance3D	0.0x0.0x0.8	mat=StandardMaterial3D@0.055,0.050,0.045;mat=StandardMaterial3D@0.055,0.050,0.045	StreetIdShot/OrisonRoot/F05/MemoryArt_fifth_lights_on/@MeshInstance3D@24975
0	152,248,88	MeshInstance3D	0.0x0.0x0.8	mat=StandardMaterial3D@0.055,0.050,0.045;mat=StandardMaterial3D@0.055,0.050,0.045	StreetIdShot/OrisonRoot/F05/MemoryArt_fifth_lights_on/@MeshInstance3D@24976
0	168,248,88	MeshInstance3D	0.0x0.7x0.0	mat=StandardMaterial3D@0.055,0.050,0.045;mat=StandardMaterial3D@0.055,0.050,0.045	StreetIdShot/OrisonRoot/F05/MemoryArt_fifth_lights_on/@MeshInstance3D@24977
0	184,248,88	MeshInstance3D	0.0x0.7x0.0	mat=StandardMaterial3D@0.055,0.050,0.045;mat=StandardMaterial3D@0.055,0.050,0.045	StreetIdShot/OrisonRoot/F05/MemoryArt_fifth_lights_on/@MeshInstance3D@24978
0	200,248,88	MeshInstance3D	0.7x0.7x0.0	mat=StandardMaterial3D@1.000,1.000,1.000;mat=StandardMaterial3D@1.000,1.000,1.000	StreetIdShot/OrisonRoot/F05/MemoryArt_nadia_joan/@MeshInstance3D@25094
0	216,248,88	MeshInstance3D	0.8x0.0x0.0	mat=StandardMaterial3D@0.055,0.050,0.045;mat=StandardMaterial3D@0.055,0.050,0.045	StreetIdShot/OrisonRoot/F05/MemoryArt_nadia_joan/@MeshInstance3D@25095
0	232,248,88	MeshInstance3D	0.8x0.0x0.0	mat=StandardMaterial3D@0.055,0.050,0.045;mat=StandardMaterial3D@0.055,0.050,0.045	StreetIdShot/OrisonRoot/F05/MemoryArt_nadia_joan/@MeshInstance3D@25096
0	248,248,88	MeshInstance3D	0.0x0.7x0.0	mat=StandardMaterial3D@0.055,0.050,0.045;mat=StandardMaterial3D@0.055,0.050,0.045	StreetIdShot/OrisonRoot/F05/MemoryArt_nadia_joan/@MeshInstance3D@25097
0	8,8,104	MeshInstance3D	0.0x0.7x0.0	mat=StandardMaterial3D@0.055,0.050,0.045;mat=StandardMaterial3D@0.055,0.050,0.045	StreetIdShot/OrisonRoot/F05/MemoryArt_nadia_joan/@MeshInstance3D@25098
0	24,8,104	MeshInstance3D	0.0x0.7x0.7	mat=StandardMaterial3D@1.000,1.000,1.000;mat=StandardMaterial3D@1.000,1.000,1.000	StreetIdShot/OrisonRoot/F05/MemoryArt_cal_ninja_cat/@MeshInstance3D@25100
0	40,8,104	MeshInstance3D	0.0x0.0x0.8	mat=StandardMaterial3D@0.055,0.050,0.045;mat=StandardMaterial3D@0.055,0.050,0.045	StreetIdShot/OrisonRoot/F05/MemoryArt_cal_ninja_cat/@MeshInstance3D@25101
0	56,8,104	MeshInstance3D	0.0x0.0x0.8	mat=StandardMaterial3D@0.055,0.050,0.045;mat=StandardMaterial3D@0.055,0.050,0.045	StreetIdShot/OrisonRoot/F05/MemoryArt_cal_ninja_cat/@MeshInstance3D@25102
0	72,8,104	MeshInstance3D	0.0x0.7x0.0	mat=StandardMaterial3D@0.055,0.050,0.045;mat=StandardMaterial3D@0.055,0.050,0.045	StreetIdShot/OrisonRoot/F05/MemoryArt_cal_ninja_cat/@MeshInstance3D@25103
0	88,8,104	MeshInstance3D	0.0x0.7x0.0	mat=StandardMaterial3D@0.055,0.050,0.045;mat=StandardMaterial3D@0.055,0.050,0.045	StreetIdShot/OrisonRoot/F05/MemoryArt_cal_ninja_cat/@MeshInstance3D@25104
0	104,8,104	MeshInstance3D	0.0x0.7x0.7	mat=StandardMaterial3D@1.000,1.000,1.000;mat=StandardMaterial3D@1.000,1.000,1.000	StreetIdShot/OrisonRoot/F05/MemoryArt_iris_rococo/@MeshInstance3D@25106
0	120,8,104	MeshInstance3D	0.0x0.0x0.8	mat=StandardMaterial3D@0.250,0.170,0.055;mat=StandardMaterial3D@0.250,0.170,0.055	StreetIdShot/OrisonRoot/F05/MemoryArt_iris_rococo/@MeshInstance3D@25107
0	136,8,104	MeshInstance3D	0.0x0.0x0.8	mat=StandardMaterial3D@0.250,0.170,0.055;mat=StandardMaterial3D@0.250,0.170,0.055	StreetIdShot/OrisonRoot/F05/MemoryArt_iris_rococo/@MeshInstance3D@25108
0	152,8,104	MeshInstance3D	0.0x0.7x0.0	mat=StandardMaterial3D@0.250,0.170,0.055;mat=StandardMaterial3D@0.250,0.170,0.055	StreetIdShot/OrisonRoot/F05/MemoryArt_iris_rococo/@MeshInstance3D@25109
0	168,8,104	MeshInstance3D	0.0x0.7x0.0	mat=StandardMaterial3D@0.250,0.170,0.055;mat=StandardMaterial3D@0.250,0.170,0.055	StreetIdShot/OrisonRoot/F05/MemoryArt_iris_rococo/@MeshInstance3D@25110
0	184,8,104	MeshInstance3D	27.3x0.0x19.3	mat=M_plaster@1.000,1.000,1.000	StreetIdShot/OrisonRoot/F06/F06_ceiling_plaster
0	200,8,104	MeshInstance3D	27.3x0.0x15.8	mat=M_plaster_stained@1.000,1.000,1.000	StreetIdShot/OrisonRoot/F06/F06_ceiling_plaster_stained
0	216,8,104	MeshInstance3D	10.7x0.0x19.3	mat=M_tin_ceiling_c@1.000,1.000,1.000	StreetIdShot/OrisonRoot/F06/F06_ceiling_tin_ceiling
0	232,8,104	MeshInstance3D	28.2x0.4x20.2	mat=M_concrete_c@1.000,1.000,1.000	StreetIdShot/OrisonRoot/F06/F06_cornice
0	248,8,104	MeshInstance3D	15.4x0.0x12.4	mat=M_ceramic@1.000,1.000,1.000	StreetIdShot/OrisonRoot/F06/F06_floors_ceramic
0	8,24,104	MeshInstance3D	6.5x0.0x3.5	mat=M_concrete_c@1.000,1.000,1.000	StreetIdShot/OrisonRoot/F06/F06_floors_concrete
0	24,24,104	MeshInstance3D	27.3x0.0x19.3	mat=M_floor_oak@1.000,1.000,1.000	StreetIdShot/OrisonRoot/F06/F06_floors_floor_oak
0	40,24,104	MeshInstance3D	10.7x0.0x19.3	mat=M_terrazzo_c@1.000,1.000,1.000	StreetIdShot/OrisonRoot/F06/F06_floors_terrazzo
0	56,24,104	MeshInstance3D	2.3x1.0x0.6	mat=M_bakelite_c@1.000,1.000,1.000	StreetIdShot/OrisonRoot/F06/F06_furnish_bakelite
0	72,24,104	MeshInstance3D	23.6x0.1x15.6	mat=M_bakelite_black@1.000,1.000,1.000	StreetIdShot/OrisonRoot/F06/F06_furnish_bakelite_black
0	88,24,104	MeshInstance3D	16.8x0.1x1.9	mat=M_book_brown@1.000,1.000,1.000	StreetIdShot/OrisonRoot/F06/F06_furnish_book_brown
0	104,24,104	MeshInstance3D	0.2x0.0x0.2	mat=M_book_burgundy@1.000,1.000,1.000	StreetIdShot/OrisonRoot/F06/F06_furnish_book_burgundy
0	120,24,104	MeshInstance3D	16.8x0.2x1.9	mat=M_book_green@1.000,1.000,1.000	StreetIdShot/OrisonRoot/F06/F06_furnish_book_green
0	136,24,104	MeshInstance3D	16.9x0.1x1.9	mat=M_book_navy@1.000,1.000,1.000	StreetIdShot/OrisonRoot/F06/F06_furnish_book_navy
0	152,24,104	MeshInstance3D	16.9x0.1x1.9	mat=M_book_ochre@1.000,1.000,1.000	StreetIdShot/OrisonRoot/F06/F06_furnish_book_ochre
0	168,24,104	MeshInstance3D	16.9x0.1x1.9	mat=M_book_teal@1.000,1.000,1.000	StreetIdShot/OrisonRoot/F06/F06_furnish_book_teal
0	184,24,104	MeshInstance3D	25.9x3.2x16.4	mat=M_brass@1.000,1.000,1.000	StreetIdShot/OrisonRoot/F06/F06_furnish_brass
0	200,24,104	MeshInstance3D	23.6x0.1x15.6	mat=M_brass_bright@1.000,1.000,1.000	StreetIdShot/OrisonRoot/F06/F06_furnish_brass_bright
0	216,24,104	MeshInstance3D	23.6x0.1x15.6	mat=M_brass_dull@1.000,1.000,1.000	StreetIdShot/OrisonRoot/F06/F06_furnish_brass_dull
0	232,24,104	MeshInstance3D	5.1x0.1x9.8	mat=M_ceramic@1.000,1.000,1.000	StreetIdShot/OrisonRoot/F06/F06_furnish_ceramic
0	248,24,104	MeshInstance3D	14.2x0.0x10.0	mat=M_chrome_c@1.000,1.000,1.000	StreetIdShot/OrisonRoot/F06/F06_furnish_chrome
0	8,40,104	MeshInstance3D	15.1x0.1x9.3	mat=M_countertop@1.000,1.000,1.000	StreetIdShot/OrisonRoot/F06/F06_furnish_countertop
0	24,40,104	MeshInstance3D	6.5x0.7x7.4	mat=M_fabric_cool@1.000,1.000,1.000	StreetIdShot/OrisonRoot/F06/F06_furnish_fabric_cool
0	40,40,104	MeshInstance3D	1.3x0.1x1.4	mat=M_fabric_green@1.000,1.000,1.000	StreetIdShot/OrisonRoot/F06/F06_furnish_fabric_green
0	56,40,104	MeshInstance3D	1.3x0.1x1.3	mat=M_fabric_warm@1.000,1.000,1.000	StreetIdShot/OrisonRoot/F06/F06_furnish_fabric_warm
0	72,40,104	MeshInstance3D	23.2x1.8x16.4	mat=M_floor_oak@1.000,1.000,1.000	StreetIdShot/OrisonRoot/F06/F06_furnish_floor_oak
0	88,40,104	MeshInstance3D	26.4x1.1x18.1	mat=M_linen_c@1.000,1.000,1.000	StreetIdShot/OrisonRoot/F06/F06_furnish_linen
0	104,40,104	MeshInstance3D	26.7x3.0x12.4	mat=M_metal@1.000,1.000,1.000	StreetIdShot/OrisonRoot/F06/F06_furnish_metal
0	120,40,104	MeshInstance3D	13.9x0.1x9.1	mat=M_nickel_plated@1.000,1.000,1.000	StreetIdShot/OrisonRoot/F06/F06_furnish_nickel_plated
0	136,40,104	MeshInstance3D	26.0x0.4x17.9	mat=M_paper@1.000,1.000,1.000	StreetIdShot/OrisonRoot/F06/F06_furnish_paper
0	152,40,104	MeshInstance3D	14.2x1.1x13.3	mat=M_porcelain@1.000,1.000,1.000	StreetIdShot/OrisonRoot/F06/F06_furnish_porcelain
0	168,40,104	MeshInstance3D	0.0x0.1x0.1	mat=M_screen@0.293,0.313,0.332	StreetIdShot/OrisonRoot/F06/F06_furnish_screen
0	184,40,104	MeshInstance3D	26.1x1.7x15.6	mat=M_soot_c@1.000,1.000,1.000	StreetIdShot/OrisonRoot/F06/F06_furnish_soot
0	200,40,104	MeshInstance3D	0.7x1.0x5.6	mat=M_timber@1.000,1.000,1.000	StreetIdShot/OrisonRoot/F06/F06_furnish_timber
0	216,40,104	MeshInstance3D	20.3x2.2x13.3	mat=M_trim@1.000,1.000,1.000	StreetIdShot/OrisonRoot/F06/F06_furnish_trim
0	232,40,104	MeshInstance3D	26.5x2.0x18.2	mat=M_wood_dark@1.000,1.000,1.000	StreetIdShot/OrisonRoot/F06/F06_furnish_wood_dark
0	248,40,104	MeshInstance3D	25.1x0.9x12.8	mat=M_art@1.000,1.000,1.000	StreetIdShot/OrisonRoot/F06/F06_furniture_art
0	8,56,104	MeshInstance3D	10.9x1.3x13.5	mat=M_brass@1.000,1.000,1.000	StreetIdShot/OrisonRoot/F06/F06_furniture_brass
0	24,56,104	MeshInstance3D	17.0x0.0x12.4	mat=M_brass_dull@1.000,1.000,1.000	StreetIdShot/OrisonRoot/F06/F06_furniture_brass_dull
0	40,56,104	MeshInstance3D	0.7x0.6x0.3	mat=M_cast_iron_c@1.000,1.000,1.000	StreetIdShot/OrisonRoot/F06/F06_furniture_cast_iron
0	56,56,104	MeshInstance3D	0.3x0.4x0.3	mat=M_ceramic@1.000,1.000,1.000	StreetIdShot/OrisonRoot/F06/F06_furniture_ceramic
0	72,56,104	MeshInstance3D	15.2x0.0x10.6	mat=M_chrome_c@1.000,1.000,1.000	StreetIdShot/OrisonRoot/F06/F06_furniture_chrome
0	88,56,104	MeshInstance3D	0.9x0.5x2.0	mat=M_fabric_cool@1.000,1.000,1.000	StreetIdShot/OrisonRoot/F06/F06_furniture_fabric_cool
0	104,56,104	MeshInstance3D	10.9x1.0x13.5	mat=M_indicator_enamel@1.000,1.000,1.000	StreetIdShot/OrisonRoot/F06/F06_furniture_indicator_enamel
0	120,56,104	MeshInstance3D	20.8x1.0x10.4	mat=M_linen_c@1.000,1.000,1.000	StreetIdShot/OrisonRoot/F06/F06_furniture_linen
0	136,56,104	MeshInstance3D	17.0x0.0x12.4	mat=M_linoleum@1.000,1.000,1.000	StreetIdShot/OrisonRoot/F06/F06_furniture_linoleum
0	152,56,104	MeshInstance3D	15.9x1.9x12.4	mat=M_metal@1.000,1.000,1.000	StreetIdShot/OrisonRoot/F06/F06_furniture_metal
0	168,56,104	MeshInstance3D	10.0x0.0x16.0	mat=M_plaster_stained@1.000,1.000,1.000	StreetIdShot/OrisonRoot/F06/F06_furniture_plaster_stained
0	184,56,104	MeshInstance3D	14.3x1.5x7.7	mat=M_rug_warm_c@1.000,1.000,1.000	StreetIdShot/OrisonRoot/F06/F06_furniture_rug_warm
0	200,56,104	MeshInstance3D	2.4x2.1x2.7	mat=M_soot_c@1.000,1.000,1.000	StreetIdShot/OrisonRoot/F06/F06_furniture_soot
0	216,56,104	MeshInstance3D	5.3x4.4x1.3	mat=M_timber@1.000,1.000,1.000	StreetIdShot/OrisonRoot/F06/F06_furniture_timber
0	232,56,104	MeshInstance3D	27.6x2.6x19.6	mat=M_trim@1.000,1.000,1.000	StreetIdShot/OrisonRoot/F06/F06_furniture_trim
0	248,56,104	MeshInstance3D	25.2x0.9x12.8	mat=M_wood_dark@1.000,1.000,1.000	StreetIdShot/OrisonRoot/F06/F06_furniture_wood_dark
0	8,72,104	MeshInstance3D	27.9x0.2x19.9	mat=M_slab_c@1.000,1.000,1.000	StreetIdShot/OrisonRoot/F06/F06_slabs
0	24,72,104	MeshInstance3D	6.3x3.2x2.9	mat=M_stair@1.000,1.000,1.000	StreetIdShot/OrisonRoot/F06/F06_stairs
0	40,72,104	MeshInstance3D	3.1x3.9x3.1	mat=M_baluster@1.000,1.000,1.000	StreetIdShot/OrisonRoot/F06/F06_stairs_bal
0	56,72,104	MeshInstance3D	6.2x3.4x3.1	mat=M_brass@1.000,1.000,1.000	StreetIdShot/OrisonRoot/F06/F06_stairs_brass
0	72,72,104	MeshInstance3D	6.3x3.4x3.1	mat=M_metal@1.000,1.000,1.000	StreetIdShot/OrisonRoot/F06/F06_stairs_iron
0	88,72,104	MeshInstance3D	6.3x1.8x6.3	mat=M_landing@1.000,1.000,1.000	StreetIdShot/OrisonRoot/F06/F06_stairs_landing
0	104,72,104	MeshInstance3D	6.3x4.2x3.2	mat=M_handrail_wood@1.000,1.000,1.000	StreetIdShot/OrisonRoot/F06/F06_stairs_rail
0	120,72,104	MeshInstance3D	6.3x2.9x2.9	mat=M_stair_treads@1.000,1.000,1.000	StreetIdShot/OrisonRoot/F06/F06_stairs_treads
0	136,72,104	MeshInstance3D	28.1x2.5x20.1	mat=M_limestone@1.000,1.000,1.000	StreetIdShot/OrisonRoot/F06/F06_stone_trim
0	152,72,104	MeshInstance3D	27.4x3.2x19.4	mat=M_trim@1.000,1.000,1.000	StreetIdShot/OrisonRoot/F06/F06_trim
0	168,72,104	MeshInstance3D	14.9x0.0x10.3	mat=M_brass_dull@1.000,1.000,1.000	StreetIdShot/OrisonRoot/F06/F06_vent_register_screws
0	184,72,104	MeshInstance3D	14.8x0.0x10.3	mat=M_cast_iron_c@1.000,1.000,1.000	StreetIdShot/OrisonRoot/F06/F06_vent_register_throat
0	200,72,104	MeshInstance3D	14.9x0.0x10.3	mat=M_trim@1.000,1.000,1.000	StreetIdShot/OrisonRoot/F06/F06_vent_register_trim
0	216,72,104	MeshInstance3D	15.5x1.2x12.4	mat=M_subway_tile@1.000,1.000,1.000	StreetIdShot/OrisonRoot/F06/F06_wainscot_subway_tile
0	232,72,104	MeshInstance3D	10.5x1.2x19.3	mat=M_wainscot_c@1.000,1.000,1.000	StreetIdShot/OrisonRoot/F06/F06_wainscot_wainscot
0	248,72,104	MeshInstance3D	27.3x3.0x19.3	mat=M_plaster@1.000,1.000,1.000	StreetIdShot/OrisonRoot/F06/F06_walls
0	8,88,104	MeshInstance3D	28.0x3.2x19.7	mat=M_common_brick@1.000,1.000,1.000	StreetIdShot/OrisonRoot/F06/F06_walls_cbrick
0	24,88,104	MeshInstance3D	2.3x3.0x2.3	mat=M_concrete_c@1.000,1.000,1.000	StreetIdShot/OrisonRoot/F06/F06_walls_conc
0	40,88,104	MeshInstance3D	27.3x3.2x0.3	mat=M_face_brick@1.000,1.000,1.000	StreetIdShot/OrisonRoot/F06/F06_walls_fbrick
0	56,88,104	MultiMeshInstance3D	24.1x0.1x16.3	instances=19;mesh=;mat=StandardMaterial3D@0.720,0.650,0.580;mat=StandardMaterial3D@0.780,0.700,0.520;mat=StandardMaterial3D@0.720,0.280,0.200	StreetIdShot/OrisonRoot/F06/F06_VantryPointBatch
0	72,88,104	MultiMeshInstance3D	19.9x2.9x8.2	instances=12;mesh=;mat=StandardMaterial3D@1.000,1.000,1.000	StreetIdShot/OrisonRoot/F06/@MultiMeshInstance3D@295
0	88,88,104	MultiMeshInstance3D	19.4x3.1x8.1	instances=7;mesh=;mat=StandardMaterial3D@1.000,1.000,1.000	StreetIdShot/OrisonRoot/F06/@MultiMeshInstance3D@296
0	104,88,104	MeshInstance3D	0.0x0.1x0.1	mat=StandardMaterial3D@0.035,0.040,0.045;mat=StandardMaterial3D@0.035,0.040,0.045	StreetIdShot/OrisonRoot/F06/Projector_6C/@MeshInstance3D@910
0	120,88,104	MeshInstance3D	0.2x0.0x0.3	mat=StandardMaterial3D@0.185,0.190,0.196;mat=StandardMaterial3D@0.185,0.190,0.196	StreetIdShot/OrisonRoot/F06/Projector_6C/@MeshInstance3D@914
0	136,88,104	MeshInstance3D	0.1x0.0x0.0	mat=StandardMaterial3D@0.130,0.134,0.140;mat=StandardMaterial3D@0.130,0.134,0.140	StreetIdShot/OrisonRoot/F06/Projector_6C/@MeshInstance3D@915
0	152,88,104	MeshInstance3D	0.1x0.0x0.0	mat=StandardMaterial3D@0.130,0.134,0.140;mat=StandardMaterial3D@0.130,0.134,0.140	StreetIdShot/OrisonRoot/F06/Projector_6C/@MeshInstance3D@916
0	168,88,104	MeshInstance3D	0.1x0.1x0.1	mat=StandardMaterial3D@0.185,0.190,0.196;mat=StandardMaterial3D@0.185,0.190,0.196	StreetIdShot/OrisonRoot/F06/Projector_6C/@MeshInstance3D@917
0	184,88,104	MeshInstance3D	0.1x0.2x0.1	mat=StandardMaterial3D@0.185,0.190,0.196;mat=StandardMaterial3D@0.185,0.190,0.196	StreetIdShot/OrisonRoot/F06/Projector_6C/@MeshInstance3D@918
0	200,88,104	MeshInstance3D	0.1x0.2x0.1	mat=StandardMaterial3D@0.130,0.134,0.140;mat=StandardMaterial3D@0.130,0.134,0.140	StreetIdShot/OrisonRoot/F06/Projector_6C/@MeshInstance3D@919
0	216,88,104	MeshInstance3D	0.0x0.0x0.1	mat=StandardMaterial3D@0.155,0.130,0.112;mat=StandardMaterial3D@0.155,0.130,0.112	StreetIdShot/OrisonRoot/F06/Projector_6C/@MeshInstance3D@920
0	232,88,104	MeshInstance3D	0.0x0.0x0.1	mat=StandardMaterial3D@0.155,0.130,0.112;mat=StandardMaterial3D@0.155,0.130,0.112	StreetIdShot/OrisonRoot/F06/Projector_6C/@MeshInstance3D@921
0	248,88,104	MeshInstance3D	0.0x0.0x0.1	mat=StandardMaterial3D@0.155,0.130,0.112;mat=StandardMaterial3D@0.155,0.130,0.112	StreetIdShot/OrisonRoot/F06/Projector_6C/@MeshInstance3D@922
0	8,104,104	MeshInstance3D	0.0x0.0x0.1	mat=StandardMaterial3D@0.155,0.130,0.112;mat=StandardMaterial3D@0.155,0.130,0.112	StreetIdShot/OrisonRoot/F06/Projector_6C/@MeshInstance3D@923
0	24,104,104	MeshInstance3D	0.0x0.0x0.1	mat=StandardMaterial3D@0.155,0.130,0.112;mat=StandardMaterial3D@0.155,0.130,0.112	StreetIdShot/OrisonRoot/F06/Projector_6C/@MeshInstance3D@924
0	40,104,104	MeshInstance3D	0.0x0.0x0.1	mat=StandardMaterial3D@0.155,0.130,0.112;mat=StandardMaterial3D@0.155,0.130,0.112	StreetIdShot/OrisonRoot/F06/Projector_6C/@MeshInstance3D@925
0	56,104,104	MeshInstance3D	0.1x0.0x0.1	mat=StandardMaterial3D@0.130,0.134,0.140;mat=StandardMaterial3D@0.130,0.134,0.140	StreetIdShot/OrisonRoot/F06/Projector_6C/@MeshInstance3D@926
0	72,104,104	MeshInstance3D	0.1x0.1x0.1	mat=StandardMaterial3D@0.130,0.134,0.140;mat=StandardMaterial3D@0.130,0.134,0.140	StreetIdShot/OrisonRoot/F06/Projector_6C/@MeshInstance3D@927
0	88,104,104	MeshInstance3D	0.0x0.1x0.1	mat=StandardMaterial3D@0.520,0.410,0.190;mat=StandardMaterial3D@0.520,0.410,0.190	StreetIdShot/OrisonRoot/F06/Projector_6C/@MeshInstance3D@928
0	104,104,104	MeshInstance3D	0.0x0.1x0.1	mat=StandardMaterial3D@0.130,0.134,0.140;mat=StandardMaterial3D@0.130,0.134,0.140	StreetIdShot/OrisonRoot/F06/Projector_6C/@MeshInstance3D@929
0	120,104,104	MeshInstance3D	0.0x0.1x0.0	mat=StandardMaterial3D@0.520,0.410,0.190;mat=StandardMaterial3D@0.520,0.410,0.190	StreetIdShot/OrisonRoot/F06/Projector_6C/@MeshInstance3D@930
0	136,104,104	MeshInstance3D	0.0x0.0x0.0	mat=StandardMaterial3D@0.130,0.134,0.140;mat=StandardMaterial3D@0.130,0.134,0.140	StreetIdShot/OrisonRoot/F06/Projector_6C/@MeshInstance3D@931
0	152,104,104	MeshInstance3D	0.0x0.0x0.0	mat=StandardMaterial3D@0.130,0.134,0.140;mat=StandardMaterial3D@0.130,0.134,0.140	StreetIdShot/OrisonRoot/F06/Projector_6C/@MeshInstance3D@932
0	168,104,104	MeshInstance3D	0.0x0.0x0.0	mat=StandardMaterial3D@0.155,0.130,0.112;mat=StandardMaterial3D@0.155,0.130,0.112	StreetIdShot/OrisonRoot/F06/Projector_6C/@MeshInstance3D@933
0	184,104,104	MeshInstance3D	0.0x0.0x0.0	mat=StandardMaterial3D@0.155,0.130,0.112;mat=StandardMaterial3D@0.155,0.130,0.112	StreetIdShot/OrisonRoot/F06/Projector_6C/@MeshInstance3D@934
0	200,104,104	MeshInstance3D	0.0x0.0x0.0	mat=StandardMaterial3D@0.130,0.134,0.140;mat=StandardMaterial3D@0.130,0.134,0.140	StreetIdShot/OrisonRoot/F06/Projector_6C/@MeshInstance3D@935
0	216,104,104	MeshInstance3D	0.0x0.1x0.0	mat=StandardMaterial3D@0.105,0.108,0.112;mat=StandardMaterial3D@0.105,0.108,0.112	StreetIdShot/OrisonRoot/F06/Projector_6C/@MeshInstance3D@936
0	232,104,104	MeshInstance3D	0.0x0.0x0.1	mat=StandardMaterial3D@0.105,0.108,0.112;mat=StandardMaterial3D@0.105,0.108,0.112	StreetIdShot/OrisonRoot/F06/Projector_6C/@MeshInstance3D@937
0	248,104,104	MeshInstance3D	0.2x0.2x0.0	mat=StandardMaterial3D@0.140,0.135,0.130;mat=StandardMaterial3D@0.140,0.135,0.130	StreetIdShot/OrisonRoot/F06/Projector_6C/@MeshInstance3D@938
0	8,120,104	MeshInstance3D	0.2x0.2x0.0	mat=StandardMaterial3D@0.140,0.135,0.130;mat=StandardMaterial3D@0.140,0.135,0.130	StreetIdShot/OrisonRoot/F06/Projector_6C/@MeshInstance3D@939
0	24,120,104	MeshInstance3D	0.2x0.2x0.0	mat=StandardMaterial3D@0.045,0.040,0.038;mat=StandardMaterial3D@0.045,0.040,0.038	StreetIdShot/OrisonRoot/F06/Projector_6C/@MeshInstance3D@940
0	40,120,104	MeshInstance3D	0.0x0.0x0.0	mat=StandardMaterial3D@0.140,0.135,0.130;mat=StandardMaterial3D@0.140,0.135,0.130	StreetIdShot/OrisonRoot/F06/Projector_6C/@MeshInstance3D@941
0	56,120,104	MeshInstance3D	0.1x0.2x0.0	mat=StandardMaterial3D@0.105,0.108,0.112;mat=StandardMaterial3D@0.105,0.108,0.112	StreetIdShot/OrisonRoot/F06/Projector_6C/@MeshInstance3D@942
0	72,120,104	MeshInstance3D	0.0x0.0x0.1	mat=StandardMaterial3D@0.105,0.108,0.112;mat=StandardMaterial3D@0.105,0.108,0.112	StreetIdShot/OrisonRoot/F06/Projector_6C/@MeshInstance3D@943
0	88,120,104	MeshInstance3D	0.2x0.2x0.0	mat=StandardMaterial3D@0.140,0.135,0.130;mat=StandardMaterial3D@0.140,0.135,0.130	StreetIdShot/OrisonRoot/F06/Projector_6C/@MeshInstance3D@944
0	104,120,104	MeshInstance3D	0.2x0.2x0.0	mat=StandardMaterial3D@0.140,0.135,0.130;mat=StandardMaterial3D@0.140,0.135,0.130	StreetIdShot/OrisonRoot/F06/Projector_6C/@MeshInstance3D@945
0	120,120,104	MeshInstance3D	0.1x0.1x0.0	mat=StandardMaterial3D@0.045,0.040,0.038;mat=StandardMaterial3D@0.045,0.040,0.038	StreetIdShot/OrisonRoot/F06/Projector_6C/@MeshInstance3D@946
0	136,120,104	MeshInstance3D	0.0x0.0x0.0	mat=StandardMaterial3D@0.140,0.135,0.130;mat=StandardMaterial3D@0.140,0.135,0.130	StreetIdShot/OrisonRoot/F06/Projector_6C/@MeshInstance3D@947
0	152,120,104	MeshInstance3D	0.2x0.0x0.0	mat=StandardMaterial3D@0.155,0.130,0.112;mat=StandardMaterial3D@0.155,0.130,0.112	StreetIdShot/OrisonRoot/F06/Projector_6C/@MeshInstance3D@948
0	168,120,104	MeshInstance3D	0.0x0.0x0.0	mat=Material_1@1.000,1.000,1.000	StreetIdShot/OrisonRoot/F06/NPC_mae_kessler/RiggedCharacter/Armature/Skeleton3D/char1
0	184,120,104	MeshInstance3D	0.3x0.2x0.2	mat=StandardMaterial3D@0.420,0.240,0.160;mat=StandardMaterial3D@0.420,0.240,0.160	StreetIdShot/OrisonRoot/F06/AffectedProp_sacha_primary_camera/@MeshInstance3D@23855
0	200,120,104	MeshInstance3D	0.1x0.1x0.0	mat=StandardMaterial3D@0.420,0.240,0.160;mat=StandardMaterial3D@0.420,0.240,0.160	StreetIdShot/OrisonRoot/F06/AffectedProp_sacha_primary_camera/@MeshInstance3D@23856
0	216,120,104	MeshInstance3D	0.1x0.1x0.0	mat=StandardMaterial3D@0.420,0.240,0.160;mat=StandardMaterial3D@0.420,0.240,0.160	StreetIdShot/OrisonRoot/F06/AffectedProp_sacha_primary_camera/@MeshInstance3D@23857
0	232,120,104	MeshInstance3D	0.1x0.1x0.1	mat=StandardMaterial3D@0.420,0.240,0.160;mat=StandardMaterial3D@0.420,0.240,0.160	StreetIdShot/OrisonRoot/F06/AffectedProp_sacha_primary_camera/@MeshInstance3D@23858
0	248,120,104	MeshInstance3D	0.3x0.2x0.2	mat=StandardMaterial3D@0.420,0.380,0.240;mat=StandardMaterial3D@0.420,0.380,0.240	StreetIdShot/OrisonRoot/F06/AffectedProp_sacha_delay_monitor/@MeshInstance3D@23864
0	8,136,104	MeshInstance3D	0.1x0.1x0.0	mat=StandardMaterial3D@0.420,0.380,0.240;mat=StandardMaterial3D@0.420,0.380,0.240	StreetIdShot/OrisonRoot/F06/AffectedProp_sacha_delay_monitor/@MeshInstance3D@23865
0	24,136,104	MeshInstance3D	0.1x0.1x0.0	mat=StandardMaterial3D@0.420,0.380,0.240;mat=StandardMaterial3D@0.420,0.380,0.240	StreetIdShot/OrisonRoot/F06/AffectedProp_sacha_delay_monitor/@MeshInstance3D@23866
0	40,136,104	MeshInstance3D	0.3x0.0x0.3	mat=StandardMaterial3D@0.200,0.280,0.250;mat=StandardMaterial3D@0.200,0.280,0.250	StreetIdShot/OrisonRoot/F06/AffectedProp_sacha_adapter_tangle/@MeshInstance3D@23871
0	56,136,104	MeshInstance3D	0.3x0.0x0.3	mat=StandardMaterial3D@0.200,0.280,0.250;mat=StandardMaterial3D@0.200,0.280,0.250	StreetIdShot/OrisonRoot/F06/AffectedProp_sacha_adapter_tangle/@MeshInstance3D@23872
0	72,136,104	MeshInstance3D	0.4x0.0x0.4	mat=StandardMaterial3D@0.200,0.280,0.250;mat=StandardMaterial3D@0.200,0.280,0.250	StreetIdShot/OrisonRoot/F06/AffectedProp_sacha_adapter_tangle/@MeshInstance3D@23873
0	88,136,104	MeshInstance3D	0.3x0.0x0.2	mat=StandardMaterial3D@0.180,0.310,0.380;mat=StandardMaterial3D@0.180,0.310,0.380	StreetIdShot/OrisonRoot/F06/AffectedProp_jonah_unfinished_notebook/@MeshInstance3D@23878
0	104,136,104	MeshInstance3D	0.1x0.1x0.1	mat=StandardMaterial3D@0.420,0.380,0.240;mat=StandardMaterial3D@0.420,0.380,0.240	StreetIdShot/OrisonRoot/F06/AffectedProp_jonah_cold_mug/@MeshInstance3D@23881
0	120,136,104	MeshInstance3D	0.3x0.0x0.2	mat=StandardMaterial3D@0.420,0.240,0.160;mat=StandardMaterial3D@0.420,0.240,0.160	StreetIdShot/OrisonRoot/F06/AffectedProp_jonah_word_tiles/@MeshInstance3D@23884
0	136,136,104	MeshInstance3D	0.4x0.3x0.2	mat=StandardMaterial3D@0.180,0.310,0.380;mat=StandardMaterial3D@0.180,0.310,0.380	StreetIdShot/OrisonRoot/F06/AffectedProp_mae_numbered_box/@MeshInstance3D@23887
0	152,136,104	MeshInstance3D	0.1x0.0x0.0	mat=StandardMaterial3D@0.180,0.310,0.380;mat=StandardMaterial3D@0.180,0.310,0.380	StreetIdShot/OrisonRoot/F06/AffectedProp_mae_numbered_box/@MeshInstance3D@23888
0	168,136,104	MeshInstance3D	0.3x0.0x0.2	mat=StandardMaterial3D@0.270,0.290,0.330;mat=StandardMaterial3D@0.270,0.290,0.330	StreetIdShot/OrisonRoot/F06/AffectedProp_mae_white_gloves/@MeshInstance3D@23892
0	184,136,104	MeshInstance3D	0.3x0.0x0.2	mat=StandardMaterial3D@0.420,0.380,0.240;mat=StandardMaterial3D@0.420,0.380,0.240	StreetIdShot/OrisonRoot/F06/AffectedProp_mae_catalog_tags/@MeshInstance3D@23895
0	200,136,104	MeshInstance3D	0.4x0.2x0.1	mat=StandardMaterial3D@1.000,1.000,1.000;mat=StandardMaterial3D@1.000,1.000,1.000	StreetIdShot/OrisonRoot/F06/DomesticWitness_sacha_camera_delay/@MeshInstance3D@24478
0	216,136,104	MeshInstance3D	0.3x0.1x0.0	mat=StandardMaterial3D@0.110,0.055,0.025;mat=StandardMaterial3D@0.110,0.055,0.025	StreetIdShot/OrisonRoot/F06/DomesticWitness_sacha_camera_delay/@MeshInstance3D@24479
0	232,136,104	MeshInstance3D	0.3x0.1x0.0	mat=StandardMaterial3D@0.550,0.550,0.550;mat=StandardMaterial3D@0.550,0.550,0.550	StreetIdShot/OrisonRoot/F06/DomesticWitness_sacha_camera_delay/@MeshInstance3D@24480
0	248,136,104	MeshInstance3D	0.4x0.2x0.1	mat=StandardMaterial3D@1.000,1.000,1.000;mat=StandardMaterial3D@1.000,1.000,1.000	StreetIdShot/OrisonRoot/F06/DomesticWitness_jonah_sentence_insects/@MeshInstance3D@24490
0	8,152,104	MeshInstance3D	0.5x0.1x0.1	mat=StandardMaterial3D@0.140,0.130,0.120;mat=StandardMaterial3D@0.140,0.130,0.120	StreetIdShot/OrisonRoot/F06/DomesticWitness_jonah_sentence_insects/@MeshInstance3D@24491
0	24,152,104	MeshInstance3D	0.3x0.1x0.0	mat=StandardMaterial3D@0.550,0.550,0.550;mat=StandardMaterial3D@0.550,0.550,0.550	StreetIdShot/OrisonRoot/F06/DomesticWitness_jonah_sentence_insects/@MeshInstance3D@24492
0	40,152,104	MeshInstance3D	0.1x0.1x0.0	mat=StandardMaterial3D@0.080,0.075,0.070;mat=StandardMaterial3D@0.080,0.075,0.070	StreetIdShot/OrisonRoot/F06/DomesticWitness_mae_contradictory_antiques/FaceRig/HourHand/@MeshInstance3D@24512
0	56,152,104	MeshInstance3D	0.1x0.0x0.0	mat=StandardMaterial3D@0.080,0.075,0.070;mat=StandardMaterial3D@0.080,0.075,0.070	StreetIdShot/OrisonRoot/F06/DomesticWitness_mae_contradictory_antiques/FaceRig/MinuteHand/@MeshInstance3D@24513
0	72,152,104	MeshInstance3D	0.0x0.1x0.0	mat=StandardMaterial3D@0.420,0.545,0.475;mat=StandardMaterial3D@0.420,0.545,0.475	StreetIdShot/OrisonRoot/F06/DomesticWitness_mae_contradictory_antiques/FaceRig/SecondHand/@MeshInstance3D@24514
0	88,152,104	MeshInstance3D	0.4x0.4x0.1	mat=StandardMaterial3D@1.000,1.000,1.000;mat=StandardMaterial3D@1.000,1.000,1.000	StreetIdShot/OrisonRoot/F06/DomesticWitness_mae_contradictory_antiques/@MeshInstance3D@24517
0	104,152,104	MeshInstance3D	0.4x0.3x0.0	mat=StandardMaterial3D@0.420,0.545,0.475;mat=StandardMaterial3D@0.420,0.545,0.475	StreetIdShot/OrisonRoot/F06/DomesticWitness_mae_contradictory_antiques/@MeshInstance3D@24518
0	120,152,104	MeshInstance3D	0.3x0.3x0.0	mat=StandardMaterial3D@0.900,0.850,0.740;mat=StandardMaterial3D@0.900,0.850,0.740	StreetIdShot/OrisonRoot/F06/DomesticWitness_mae_contradictory_antiques/@MeshInstance3D@24519
0	136,152,104	MeshInstance3D	0.2x0.2x0.0	mat=StandardMaterial3D@0.170,0.160,0.140;mat=StandardMaterial3D@0.170,0.160,0.140	StreetIdShot/OrisonRoot/F06/DomesticWitness_mae_contradictory_antiques/@MeshInstance3D@24520
0	152,152,104	MeshInstance3D	0.2x0.1x0.1	mat=StandardMaterial3D@0.160,0.170,0.170;mat=StandardMaterial3D@0.160,0.170,0.170	StreetIdShot/OrisonRoot/F06/DomesticAnomaly_sacha_camera/@MeshInstance3D@24639
0	168,152,104	MeshInstance3D	0.1x0.1x0.1	mat=StandardMaterial3D@0.070,0.080,0.090;mat=StandardMaterial3D@0.070,0.080,0.090	StreetIdShot/OrisonRoot/F06/DomesticAnomaly_sacha_camera/@Node3D@24640/@MeshInstance3D@24641
0	184,152,104	MeshInstance3D	0.0x0.0x0.0	mat=StandardMaterial3D@0.750,0.030,0.020;mat=StandardMaterial3D@0.750,0.030,0.020	StreetIdShot/OrisonRoot/F06/DomesticAnomaly_sacha_camera/@MeshInstance3D@24642
0	200,152,104	MeshInstance3D	0.4x0.1x0.3	mat=StandardMaterial3D@0.100,0.105,0.100;mat=StandardMaterial3D@0.100,0.105,0.100	StreetIdShot/OrisonRoot/F06/DomesticAnomaly_jonah_typewriter/@MeshInstance3D@24647
0	216,152,104	MeshInstance3D	0.4x0.0x0.0	mat=StandardMaterial3D@0.300,0.270,0.220;mat=StandardMaterial3D@0.300,0.270,0.220	StreetIdShot/OrisonRoot/F06/DomesticAnomaly_jonah_typewriter/@MeshInstance3D@24648
0	232,152,104	MeshInstance3D	0.0x0.0x0.0	mat=StandardMaterial3D@0.320,0.310,0.280;mat=StandardMaterial3D@0.320,0.310,0.280	StreetIdShot/OrisonRoot/F06/DomesticAnomaly_jonah_typewriter/@MeshInstance3D@24649
0	248,152,104	MeshInstance3D	0.0x0.0x0.0	mat=StandardMaterial3D@0.320,0.310,0.280;mat=StandardMaterial3D@0.320,0.310,0.280	StreetIdShot/OrisonRoot/F06/DomesticAnomaly_jonah_typewriter/@MeshInstance3D@24650
0	8,168,104	MeshInstance3D	0.0x0.0x0.0	mat=StandardMaterial3D@0.320,0.310,0.280;mat=StandardMaterial3D@0.320,0.310,0.280	StreetIdShot/OrisonRoot/F06/DomesticAnomaly_jonah_typewriter/@MeshInstance3D@24651
0	24,168,104	MeshInstance3D	0.0x0.0x0.0	mat=StandardMaterial3D@0.320,0.310,0.280;mat=StandardMaterial3D@0.320,0.310,0.280	StreetIdShot/OrisonRoot/F06/DomesticAnomaly_jonah_typewriter/@MeshInstance3D@24652
0	40,168,104	MeshInstance3D	0.0x0.0x0.0	mat=StandardMaterial3D@0.320,0.310,0.280;mat=StandardMaterial3D@0.320,0.310,0.280	StreetIdShot/OrisonRoot/F06/DomesticAnomaly_jonah_typewriter/@MeshInstance3D@24653
0	56,168,104	MeshInstance3D	0.0x0.0x0.0	mat=StandardMaterial3D@0.320,0.310,0.280;mat=StandardMaterial3D@0.320,0.310,0.280	StreetIdShot/OrisonRoot/F06/DomesticAnomaly_jonah_typewriter/@MeshInstance3D@24654
0	72,168,104	MeshInstance3D	0.0x0.0x0.0	mat=StandardMaterial3D@0.320,0.310,0.280;mat=StandardMaterial3D@0.320,0.310,0.280	StreetIdShot/OrisonRoot/F06/DomesticAnomaly_jonah_typewriter/@MeshInstance3D@24655
0	88,168,104	MeshInstance3D	0.0x0.0x0.0	mat=StandardMaterial3D@0.320,0.310,0.280;mat=StandardMaterial3D@0.320,0.310,0.280	StreetIdShot/OrisonRoot/F06/DomesticAnomaly_jonah_typewriter/@MeshInstance3D@24656
0	104,168,104	MeshInstance3D	0.0x0.0x0.0	mat=StandardMaterial3D@0.320,0.310,0.280;mat=StandardMaterial3D@0.320,0.310,0.280	StreetIdShot/OrisonRoot/F06/DomesticAnomaly_jonah_typewriter/@MeshInstance3D@24657
0	120,168,104	MeshInstance3D	0.3x0.1x0.3	mat=StandardMaterial3D@0.340,0.250,0.150;mat=StandardMaterial3D@0.340,0.250,0.150	StreetIdShot/OrisonRoot/F06/DomesticAnomaly_mae_key_bowl/@MeshInstance3D@24662
0	136,168,104	MeshInstance3D	0.0x0.0x0.1	mat=StandardMaterial3D@0.480,0.430,0.310;mat=StandardMaterial3D@0.480,0.430,0.310	StreetIdShot/OrisonRoot/F06/DomesticAnomaly_mae_key_bowl/@MeshInstance3D@24664
0	152,168,104	MeshInstance3D	0.0x0.0x0.1	mat=StandardMaterial3D@0.480,0.430,0.310;mat=StandardMaterial3D@0.480,0.430,0.310	StreetIdShot/OrisonRoot/F06/DomesticAnomaly_mae_key_bowl/@MeshInstance3D@24665
0	168,168,104	MeshInstance3D	0.0x0.0x0.1	mat=StandardMaterial3D@0.480,0.430,0.310;mat=StandardMaterial3D@0.480,0.430,0.310	StreetIdShot/OrisonRoot/F06/DomesticAnomaly_mae_key_bowl/@MeshInstance3D@24666
0	184,168,104	MeshInstance3D	0.7x0.7x0.0	mat=StandardMaterial3D@1.000,1.000,1.000;mat=StandardMaterial3D@1.000,1.000,1.000	StreetIdShot/OrisonRoot/F06/MemoryArt_sacha_camera_lowered/@MeshInstance3D@24786
0	200,168,104	MeshInstance3D	0.8x0.0x0.0	mat=StandardMaterial3D@0.180,0.105,0.055;mat=StandardMaterial3D@0.180,0.105,0.055	StreetIdShot/OrisonRoot/F06/MemoryArt_sacha_camera_lowered/@MeshInstance3D@24787
0	216,168,104	MeshInstance3D	0.8x0.0x0.0	mat=StandardMaterial3D@0.180,0.105,0.055;mat=StandardMaterial3D@0.180,0.105,0.055	StreetIdShot/OrisonRoot/F06/MemoryArt_sacha_camera_lowered/@MeshInstance3D@24788
0	232,168,104	MeshInstance3D	0.0x0.7x0.0	mat=StandardMaterial3D@0.180,0.105,0.055;mat=StandardMaterial3D@0.180,0.105,0.055	StreetIdShot/OrisonRoot/F06/MemoryArt_sacha_camera_lowered/@MeshInstance3D@24789
0	248,168,104	MeshInstance3D	0.0x0.7x0.0	mat=StandardMaterial3D@0.180,0.105,0.055;mat=StandardMaterial3D@0.180,0.105,0.055	StreetIdShot/OrisonRoot/F06/MemoryArt_sacha_camera_lowered/@MeshInstance3D@24790
0	8,184,104	MeshInstance3D	0.7x0.7x0.0	mat=StandardMaterial3D@1.000,1.000,1.000;mat=StandardMaterial3D@1.000,1.000,1.000	StreetIdShot/OrisonRoot/F06/MemoryArt_jonah_unfinished_words/@MeshInstance3D@24792
0	24,184,104	MeshInstance3D	0.8x0.0x0.0	mat=StandardMaterial3D@0.180,0.105,0.055;mat=StandardMaterial3D@0.180,0.105,0.055	StreetIdShot/OrisonRoot/F06/MemoryArt_jonah_unfinished_words/@MeshInstance3D@24793
0	40,184,104	MeshInstance3D	0.8x0.0x0.0	mat=StandardMaterial3D@0.180,0.105,0.055;mat=StandardMaterial3D@0.180,0.105,0.055	StreetIdShot/OrisonRoot/F06/MemoryArt_jonah_unfinished_words/@MeshInstance3D@24794
0	56,184,104	MeshInstance3D	0.0x0.7x0.0	mat=StandardMaterial3D@0.180,0.105,0.055;mat=StandardMaterial3D@0.180,0.105,0.055	StreetIdShot/OrisonRoot/F06/MemoryArt_jonah_unfinished_words/@MeshInstance3D@24795
0	72,184,104	MeshInstance3D	0.0x0.7x0.0	mat=StandardMaterial3D@0.180,0.105,0.055;mat=StandardMaterial3D@0.180,0.105,0.055	StreetIdShot/OrisonRoot/F06/MemoryArt_jonah_unfinished_words/@MeshInstance3D@24796
0	88,184,104	MeshInstance3D	0.3x0.3x0.1	mat=StandardMaterial3D@1.000,1.000,1.000;mat=StandardMaterial3D@1.000,1.000,1.000	StreetIdShot/OrisonRoot/F06/MemoryArt_jonah_listening_watercolor/@MeshInstance3D@24798
0	104,184,104	MeshInstance3D	0.4x0.0x0.2	mat=StandardMaterial3D@0.180,0.105,0.055;mat=StandardMaterial3D@0.180,0.105,0.055	StreetIdShot/OrisonRoot/F06/MemoryArt_jonah_listening_watercolor/@MeshInstance3D@24799
0	120,184,104	MeshInstance3D	0.4x0.0x0.2	mat=StandardMaterial3D@0.180,0.105,0.055;mat=StandardMaterial3D@0.180,0.105,0.055	StreetIdShot/OrisonRoot/F06/MemoryArt_jonah_listening_watercolor/@MeshInstance3D@24800
0	136,184,104	MeshInstance3D	0.0x0.3x0.1	mat=StandardMaterial3D@0.180,0.105,0.055;mat=StandardMaterial3D@0.180,0.105,0.055	StreetIdShot/OrisonRoot/F06/MemoryArt_jonah_listening_watercolor/@MeshInstance3D@24801
0	152,184,104	MeshInstance3D	0.0x0.3x0.1	mat=StandardMaterial3D@0.180,0.105,0.055;mat=StandardMaterial3D@0.180,0.105,0.055	StreetIdShot/OrisonRoot/F06/MemoryArt_jonah_listening_watercolor/@MeshInstance3D@24802
0	168,184,104	MeshInstance3D	0.3x0.0x0.2	mat=StandardMaterial3D@0.140,0.090,0.050;mat=StandardMaterial3D@0.140,0.090,0.050	StreetIdShot/OrisonRoot/F06/MemoryArt_jonah_listening_watercolor/@MeshInstance3D@24803
0	184,184,104	MeshInstance3D	0.0x0.7x0.7	mat=StandardMaterial3D@1.000,1.000,1.000;mat=StandardMaterial3D@1.000,1.000,1.000	StreetIdShot/OrisonRoot/F06/MemoryArt_mae_inherited_box/@MeshInstance3D@24805
0	200,184,104	MeshInstance3D	0.0x0.0x0.8	mat=StandardMaterial3D@0.180,0.105,0.055;mat=StandardMaterial3D@0.180,0.105,0.055	StreetIdShot/OrisonRoot/F06/MemoryArt_mae_inherited_box/@MeshInstance3D@24806
0	216,184,104	MeshInstance3D	0.0x0.0x0.8	mat=StandardMaterial3D@0.180,0.105,0.055;mat=StandardMaterial3D@0.180,0.105,0.055	StreetIdShot/OrisonRoot/F06/MemoryArt_mae_inherited_box/@MeshInstance3D@24807
0	232,184,104	MeshInstance3D	0.0x0.7x0.0	mat=StandardMaterial3D@0.180,0.105,0.055;mat=StandardMaterial3D@0.180,0.105,0.055	StreetIdShot/OrisonRoot/F06/MemoryArt_mae_inherited_box/@MeshInstance3D@24808
0	248,184,104	MeshInstance3D	0.0x0.7x0.0	mat=StandardMaterial3D@0.180,0.105,0.055;mat=StandardMaterial3D@0.180,0.105,0.055	StreetIdShot/OrisonRoot/F06/MemoryArt_mae_inherited_box/@MeshInstance3D@24809
0	8,200,104	MeshInstance3D	0.3x0.3x0.1	mat=StandardMaterial3D@1.000,1.000,1.000;mat=StandardMaterial3D@1.000,1.000,1.000	StreetIdShot/OrisonRoot/F06/MemoryArt_mae_young_cataloger/@MeshInstance3D@24811
0	24,200,104	MeshInstance3D	0.4x0.0x0.2	mat=StandardMaterial3D@0.250,0.170,0.055;mat=StandardMaterial3D@0.250,0.170,0.055	StreetIdShot/OrisonRoot/F06/MemoryArt_mae_young_cataloger/@MeshInstance3D@24812
0	40,200,104	MeshInstance3D	0.4x0.0x0.2	mat=StandardMaterial3D@0.250,0.170,0.055;mat=StandardMaterial3D@0.250,0.170,0.055	StreetIdShot/OrisonRoot/F06/MemoryArt_mae_young_cataloger/@MeshInstance3D@24813
0	56,200,104	MeshInstance3D	0.0x0.3x0.1	mat=StandardMaterial3D@0.250,0.170,0.055;mat=StandardMaterial3D@0.250,0.170,0.055	StreetIdShot/OrisonRoot/F06/MemoryArt_mae_young_cataloger/@MeshInstance3D@24814
0	72,200,104	MeshInstance3D	0.0x0.3x0.1	mat=StandardMaterial3D@0.250,0.170,0.055;mat=StandardMaterial3D@0.250,0.170,0.055	StreetIdShot/OrisonRoot/F06/MemoryArt_mae_young_cataloger/@MeshInstance3D@24815
0	88,200,104	MeshInstance3D	0.3x0.0x0.2	mat=StandardMaterial3D@0.140,0.090,0.050;mat=StandardMaterial3D@0.140,0.090,0.050	StreetIdShot/OrisonRoot/F06/MemoryArt_mae_young_cataloger/@MeshInstance3D@24816
0	104,200,104	MeshInstance3D	0.7x0.7x0.0	mat=StandardMaterial3D@1.000,1.000,1.000;mat=StandardMaterial3D@1.000,1.000,1.000	StreetIdShot/OrisonRoot/F06/WallArt_sacha_look_first/@MeshInstance3D@24908
0	120,200,104	MeshInstance3D	0.8x0.0x0.0	mat=StandardMaterial3D@0.055,0.050,0.045;mat=StandardMaterial3D@0.055,0.050,0.045	StreetIdShot/OrisonRoot/F06/WallArt_sacha_look_first/@MeshInstance3D@24909
0	136,200,104	MeshInstance3D	0.8x0.0x0.0	mat=StandardMaterial3D@0.055,0.050,0.045;mat=StandardMaterial3D@0.055,0.050,0.045	StreetIdShot/OrisonRoot/F06/WallArt_sacha_look_first/@MeshInstance3D@24910
0	152,200,104	MeshInstance3D	0.0x0.7x0.0	mat=StandardMaterial3D@0.055,0.050,0.045;mat=StandardMaterial3D@0.055,0.050,0.045	StreetIdShot/OrisonRoot/F06/WallArt_sacha_look_first/@MeshInstance3D@24911
0	168,200,104	MeshInstance3D	0.0x0.7x0.0	mat=StandardMaterial3D@0.055,0.050,0.045;mat=StandardMaterial3D@0.055,0.050,0.045	StreetIdShot/OrisonRoot/F06/WallArt_sacha_look_first/@MeshInstance3D@24912
0	184,200,104	MeshInstance3D	0.0x0.7x0.7	mat=StandardMaterial3D@1.000,1.000,1.000;mat=StandardMaterial3D@1.000,1.000,1.000	StreetIdShot/OrisonRoot/F06/WallArt_jonah_begin_anywhere/@MeshInstance3D@24914
0	200,200,104	MeshInstance3D	0.0x0.0x0.8	mat=StandardMaterial3D@0.055,0.050,0.045;mat=StandardMaterial3D@0.055,0.050,0.045	StreetIdShot/OrisonRoot/F06/WallArt_jonah_begin_anywhere/@MeshInstance3D@24915
0	216,200,104	MeshInstance3D	0.0x0.0x0.8	mat=StandardMaterial3D@0.055,0.050,0.045;mat=StandardMaterial3D@0.055,0.050,0.045	StreetIdShot/OrisonRoot/F06/WallArt_jonah_begin_anywhere/@MeshInstance3D@24916
0	232,200,104	MeshInstance3D	0.0x0.7x0.0	mat=StandardMaterial3D@0.055,0.050,0.045;mat=StandardMaterial3D@0.055,0.050,0.045	StreetIdShot/OrisonRoot/F06/WallArt_jonah_begin_anywhere/@MeshInstance3D@24917
0	248,200,104	MeshInstance3D	0.0x0.7x0.0	mat=StandardMaterial3D@0.055,0.050,0.045;mat=StandardMaterial3D@0.055,0.050,0.045	StreetIdShot/OrisonRoot/F06/WallArt_jonah_begin_anywhere/@MeshInstance3D@24918
0	8,216,104	MeshInstance3D	0.7x0.7x0.0	mat=StandardMaterial3D@1.000,1.000,1.000;mat=StandardMaterial3D@1.000,1.000,1.000	StreetIdShot/OrisonRoot/F06/WallArt_jonah_words_missing/@MeshInstance3D@24920
0	24,216,104	MeshInstance3D	0.8x0.0x0.0	mat=StandardMaterial3D@0.200,0.220,0.210;mat=StandardMaterial3D@0.200,0.220,0.210	StreetIdShot/OrisonRoot/F06/WallArt_jonah_words_missing/@MeshInstance3D@24921
0	40,216,104	MeshInstance3D	0.8x0.0x0.0	mat=StandardMaterial3D@0.200,0.220,0.210;mat=StandardMaterial3D@0.200,0.220,0.210	StreetIdShot/OrisonRoot/F06/WallArt_jonah_words_missing/@MeshInstance3D@24922
0	56,216,104	MeshInstance3D	0.0x0.7x0.0	mat=StandardMaterial3D@0.200,0.220,0.210;mat=StandardMaterial3D@0.200,0.220,0.210	StreetIdShot/OrisonRoot/F06/WallArt_jonah_words_missing/@MeshInstance3D@24923
0	72,216,104	MeshInstance3D	0.0x0.7x0.0	mat=StandardMaterial3D@0.200,0.220,0.210;mat=StandardMaterial3D@0.200,0.220,0.210	StreetIdShot/OrisonRoot/F06/WallArt_jonah_words_missing/@MeshInstance3D@24924
0	88,216,104	MeshInstance3D	0.7x0.7x0.0	mat=StandardMaterial3D@1.000,1.000,1.000;mat=StandardMaterial3D@1.000,1.000,1.000	StreetIdShot/OrisonRoot/F06/WallArt_mae_provenance_unknown/@MeshInstance3D@24926
0	104,216,104	MeshInstance3D	0.8x0.0x0.0	mat=StandardMaterial3D@0.055,0.050,0.045;mat=StandardMaterial3D@0.055,0.050,0.045	StreetIdShot/OrisonRoot/F06/WallArt_mae_provenance_unknown/@MeshInstance3D@24927
0	120,216,104	MeshInstance3D	0.8x0.0x0.0	mat=StandardMaterial3D@0.055,0.050,0.045;mat=StandardMaterial3D@0.055,0.050,0.045	StreetIdShot/OrisonRoot/F06/WallArt_mae_provenance_unknown/@MeshInstance3D@24928
0	136,216,104	MeshInstance3D	0.0x0.7x0.0	mat=StandardMaterial3D@0.055,0.050,0.045;mat=StandardMaterial3D@0.055,0.050,0.045	StreetIdShot/OrisonRoot/F06/WallArt_mae_provenance_unknown/@MeshInstance3D@24929
0	152,216,104	MeshInstance3D	0.0x0.7x0.0	mat=StandardMaterial3D@0.055,0.050,0.045;mat=StandardMaterial3D@0.055,0.050,0.045	StreetIdShot/OrisonRoot/F06/WallArt_mae_provenance_unknown/@MeshInstance3D@24930
0	168,216,104	MeshInstance3D	0.7x0.7x0.0	mat=StandardMaterial3D@1.000,1.000,1.000;mat=StandardMaterial3D@1.000,1.000,1.000	StreetIdShot/OrisonRoot/F06/WallArt_mae_object_genealogy/@MeshInstance3D@24932
0	184,216,104	MeshInstance3D	0.8x0.0x0.0	mat=StandardMaterial3D@0.180,0.105,0.055;mat=StandardMaterial3D@0.180,0.105,0.055	StreetIdShot/OrisonRoot/F06/WallArt_mae_object_genealogy/@MeshInstance3D@24933
0	200,216,104	MeshInstance3D	0.8x0.0x0.0	mat=StandardMaterial3D@0.180,0.105,0.055;mat=StandardMaterial3D@0.180,0.105,0.055	StreetIdShot/OrisonRoot/F06/WallArt_mae_object_genealogy/@MeshInstance3D@24934
0	216,216,104	MeshInstance3D	0.0x0.7x0.0	mat=StandardMaterial3D@0.180,0.105,0.055;mat=StandardMaterial3D@0.180,0.105,0.055	StreetIdShot/OrisonRoot/F06/WallArt_mae_object_genealogy/@MeshInstance3D@24935
0	232,216,104	MeshInstance3D	0.0x0.7x0.0	mat=StandardMaterial3D@0.180,0.105,0.055;mat=StandardMaterial3D@0.180,0.105,0.055	StreetIdShot/OrisonRoot/F06/WallArt_mae_object_genealogy/@MeshInstance3D@24936
0	248,216,104	MeshInstance3D	0.0x0.7x0.7	mat=StandardMaterial3D@1.000,1.000,1.000;mat=StandardMaterial3D@1.000,1.000,1.000	StreetIdShot/OrisonRoot/F06/MemoryArt_sixth_make_room/@MeshInstance3D@24980
0	8,232,104	MeshInstance3D	0.0x0.0x0.8	mat=StandardMaterial3D@0.055,0.050,0.045;mat=StandardMaterial3D@0.055,0.050,0.045	StreetIdShot/OrisonRoot/F06/MemoryArt_sixth_make_room/@MeshInstance3D@24981
0	24,232,104	MeshInstance3D	0.0x0.0x0.8	mat=StandardMaterial3D@0.055,0.050,0.045;mat=StandardMaterial3D@0.055,0.050,0.045	StreetIdShot/OrisonRoot/F06/MemoryArt_sixth_make_room/@MeshInstance3D@24982
0	40,232,104	MeshInstance3D	0.0x0.7x0.0	mat=StandardMaterial3D@0.055,0.050,0.045;mat=StandardMaterial3D@0.055,0.050,0.045	StreetIdShot/OrisonRoot/F06/MemoryArt_sixth_make_room/@MeshInstance3D@24983
0	56,232,104	MeshInstance3D	0.0x0.7x0.0	mat=StandardMaterial3D@0.055,0.050,0.045;mat=StandardMaterial3D@0.055,0.050,0.045	StreetIdShot/OrisonRoot/F06/MemoryArt_sixth_make_room/@MeshInstance3D@24984
0	72,232,104	MeshInstance3D	0.7x0.7x0.0	mat=StandardMaterial3D@1.000,1.000,1.000;mat=StandardMaterial3D@1.000,1.000,1.000	StreetIdShot/OrisonRoot/F06/MemoryArt_sacha_stardust/@MeshInstance3D@25112
0	88,232,104	MeshInstance3D	0.8x0.0x0.0	mat=StandardMaterial3D@0.055,0.050,0.045;mat=StandardMaterial3D@0.055,0.050,0.045	StreetIdShot/OrisonRoot/F06/MemoryArt_sacha_stardust/@MeshInstance3D@25113
0	104,232,104	MeshInstance3D	0.8x0.0x0.0	mat=StandardMaterial3D@0.055,0.050,0.045;mat=StandardMaterial3D@0.055,0.050,0.045	StreetIdShot/OrisonRoot/F06/MemoryArt_sacha_stardust/@MeshInstance3D@25114
0	120,232,104	MeshInstance3D	0.0x0.7x0.0	mat=StandardMaterial3D@0.055,0.050,0.045;mat=StandardMaterial3D@0.055,0.050,0.045	StreetIdShot/OrisonRoot/F06/MemoryArt_sacha_stardust/@MeshInstance3D@25115
0	136,232,104	MeshInstance3D	0.0x0.7x0.0	mat=StandardMaterial3D@0.055,0.050,0.045;mat=StandardMaterial3D@0.055,0.050,0.045	StreetIdShot/OrisonRoot/F06/MemoryArt_sacha_stardust/@MeshInstance3D@25116
0	152,232,104	MeshInstance3D	0.7x0.7x0.0	mat=StandardMaterial3D@1.000,1.000,1.000;mat=StandardMaterial3D@1.000,1.000,1.000	StreetIdShot/OrisonRoot/F06/MemoryArt_jonah_halloween/@MeshInstance3D@25118
0	168,232,104	MeshInstance3D	0.8x0.0x0.0	mat=StandardMaterial3D@0.055,0.050,0.045;mat=StandardMaterial3D@0.055,0.050,0.045	StreetIdShot/OrisonRoot/F06/MemoryArt_jonah_halloween/@MeshInstance3D@25119
0	184,232,104	MeshInstance3D	0.8x0.0x0.0	mat=StandardMaterial3D@0.055,0.050,0.045;mat=StandardMaterial3D@0.055,0.050,0.045	StreetIdShot/OrisonRoot/F06/MemoryArt_jonah_halloween/@MeshInstance3D@25120
0	200,232,104	MeshInstance3D	0.0x0.7x0.0	mat=StandardMaterial3D@0.055,0.050,0.045;mat=StandardMaterial3D@0.055,0.050,0.045	StreetIdShot/OrisonRoot/F06/MemoryArt_jonah_halloween/@MeshInstance3D@25121
0	216,232,104	MeshInstance3D	0.0x0.7x0.0	mat=StandardMaterial3D@0.055,0.050,0.045;mat=StandardMaterial3D@0.055,0.050,0.045	StreetIdShot/OrisonRoot/F06/MemoryArt_jonah_halloween/@MeshInstance3D@25122
0	232,232,104	MeshInstance3D	0.0x0.7x0.7	mat=StandardMaterial3D@1.000,1.000,1.000;mat=StandardMaterial3D@1.000,1.000,1.000	StreetIdShot/OrisonRoot/F06/MemoryArt_mae_watercolor/@MeshInstance3D@25124
0	248,232,104	MeshInstance3D	0.0x0.0x0.8	mat=StandardMaterial3D@0.250,0.170,0.055;mat=StandardMaterial3D@0.250,0.170,0.055	StreetIdShot/OrisonRoot/F06/MemoryArt_mae_watercolor/@MeshInstance3D@25125
0	8,248,104	MeshInstance3D	0.0x0.0x0.8	mat=StandardMaterial3D@0.250,0.170,0.055;mat=StandardMaterial3D@0.250,0.170,0.055	StreetIdShot/OrisonRoot/F06/MemoryArt_mae_watercolor/@MeshInstance3D@25126
0	24,248,104	MeshInstance3D	0.0x0.7x0.0	mat=StandardMaterial3D@0.250,0.170,0.055;mat=StandardMaterial3D@0.250,0.170,0.055	StreetIdShot/OrisonRoot/F06/MemoryArt_mae_watercolor/@MeshInstance3D@25127
0	40,248,104	MeshInstance3D	0.0x0.7x0.0	mat=StandardMaterial3D@0.250,0.170,0.055;mat=StandardMaterial3D@0.250,0.170,0.055	StreetIdShot/OrisonRoot/F06/MemoryArt_mae_watercolor/@MeshInstance3D@25128
0	56,248,104	MeshInstance3D	2.3x0.1x4.2	mat=M_bakelite_black@1.000,1.000,1.000	StreetIdShot/OrisonRoot/ROOF/ROOF_furnish_bakelite_black
0	72,248,104	MeshInstance3D	12.0x2.4x8.5	mat=M_brass_b@1.000,1.000,1.000	StreetIdShot/OrisonRoot/ROOF/ROOF_furnish_brass
0	88,248,104	MeshInstance3D	2.3x0.1x4.1	mat=M_brass_bright@1.000,1.000,1.000	StreetIdShot/OrisonRoot/ROOF/ROOF_furnish_brass_bright
0	104,248,104	MeshInstance3D	2.3x0.1x4.1	mat=M_brass_dull@1.000,1.000,1.000	StreetIdShot/OrisonRoot/ROOF/ROOF_furnish_brass_dull
0	120,248,104	MeshInstance3D	7.1x0.4x0.5	mat=M_metal_b@1.000,1.000,1.000	StreetIdShot/OrisonRoot/ROOF/ROOF_furnish_metal
0	136,248,104	MeshInstance3D	1.7x1.0x0.5	mat=M_oak_quartered@1.000,1.000,1.000	StreetIdShot/OrisonRoot/ROOF/ROOF_furnish_oak_quartered
0	152,248,104	MeshInstance3D	12.6x1.9x10.0	mat=M_plant_d@1.000,1.000,1.000	StreetIdShot/OrisonRoot/ROOF/ROOF_furnish_plant
0	168,248,104	MeshInstance3D	5.8x1.1x0.3	mat=M_soil_b@1.000,1.000,1.000	StreetIdShot/OrisonRoot/ROOF/ROOF_furnish_soil
0	184,248,104	MeshInstance3D	12.0x1.1x4.1	mat=M_soot_d@1.000,1.000,1.000	StreetIdShot/OrisonRoot/ROOF/ROOF_furnish_soot
0	200,248,104	MeshInstance3D	10.5x0.6x0.3	mat=M_terracotta_b@1.000,1.000,1.000	StreetIdShot/OrisonRoot/ROOF/ROOF_furnish_terracotta
0	216,248,104	MeshInstance3D	24.4x2.4x13.6	mat=M_timber_b@1.000,1.000,1.000	StreetIdShot/OrisonRoot/ROOF/ROOF_furnish_timber
0	232,248,104	MeshInstance3D	3.3x0.9x5.4	mat=M_wood_dark_b@1.000,1.000,1.000	StreetIdShot/OrisonRoot/ROOF/ROOF_furnish_wood_dark
0	248,248,104	MeshInstance3D	2.8x0.9x3.1	mat=M_baluster_b@1.000,1.000,1.000	StreetIdShot/OrisonRoot/ROOF/ROOF_furniture_baluster
0	8,8,120	MeshInstance3D	2.1x0.6x1.3	mat=M_brass_b@1.000,1.000,1.000	StreetIdShot/OrisonRoot/ROOF/ROOF_furniture_brass
0	24,8,120	MeshInstance3D	21.2x0.0x14.9	mat=M_char_d@1.000,1.000,1.000	StreetIdShot/OrisonRoot/ROOF/ROOF_furniture_char
0	40,8,120	MeshInstance3D	2.6x0.1x0.2	mat=M_concrete_d@1.000,1.000,1.000	StreetIdShot/OrisonRoot/ROOF/ROOF_furniture_concrete
0	56,8,120	MeshInstance3D	28.1x0.3x0.1	mat=M_face_brick_b@1.000,1.000,1.000	StreetIdShot/OrisonRoot/ROOF/ROOF_furniture_face_brick
0	72,8,120	MeshInstance3D	3.0x0.1x3.1	mat=M_handrail_wood_b@1.000,1.000,1.000	StreetIdShot/OrisonRoot/ROOF/ROOF_furniture_handrail_wood
0	88,8,120	MeshInstance3D	28.2x2.9x20.2	mat=M_limestone_b@1.000,1.000,1.000	StreetIdShot/OrisonRoot/ROOF/ROOF_furniture_limestone
0	104,8,120	MeshInstance3D	25.0x4.0x17.8	mat=M_metal_b@1.000,1.000,1.000	StreetIdShot/OrisonRoot/ROOF/ROOF_furniture_metal
0	120,8,120	MeshInstance3D	13.4x0.0x10.9	mat=M_soil_b@1.000,1.000,1.000	StreetIdShot/OrisonRoot/ROOF/ROOF_furniture_soil
0	136,8,120	MeshInstance3D	0.1x0.1x2.0	mat=M_soot_d@1.000,1.000,1.000	StreetIdShot/OrisonRoot/ROOF/ROOF_furniture_soot
0	152,8,120	MeshInstance3D	25.6x3.9x15.3	mat=M_timber_b@1.000,1.000,1.000	StreetIdShot/OrisonRoot/ROOF/ROOF_furniture_timber
0	168,8,120	MeshInstance3D	8.0x0.0x8.6	mat=M_wood_dark_b@1.000,1.000,1.000	StreetIdShot/OrisonRoot/ROOF/ROOF_furniture_wood_dark
0	184,8,120	MeshInstance3D	19.3x1.1x12.0	mat=M_metal_b@1.000,1.000,1.000	StreetIdShot/OrisonRoot/ROOF/ROOF_roof_vents
0	200,8,120	MeshInstance3D	6.9x0.1x6.9	mat=M_metal_b@1.000,1.000,1.000	StreetIdShot/OrisonRoot/ROOF/ROOF_skyribs
0	216,8,120	MeshInstance3D	27.9x3.6x19.9	mat=M_slab_d@1.000,1.000,1.000	StreetIdShot/OrisonRoot/ROOF/ROOF_slabs
0	232,8,120	MeshInstance3D	2.9x0.9x0.1	mat=M_baluster_b@1.000,1.000,1.000	StreetIdShot/OrisonRoot/ROOF/ROOF_stairs_bal
0	248,8,120	MeshInstance3D	3.2x1.0x0.1	mat=M_brass_b@1.000,1.000,1.000	StreetIdShot/OrisonRoot/ROOF/ROOF_stairs_brass
0	8,24,120	MeshInstance3D	3.2x0.0x0.1	mat=M_metal_b@1.000,1.000,1.000	StreetIdShot/OrisonRoot/ROOF/ROOF_stairs_iron
0	24,24,120	MeshInstance3D	6.3x0.2x1.7	mat=M_landing@1.000,1.000,1.000	StreetIdShot/OrisonRoot/ROOF/ROOF_stairs_landing
0	40,24,120	MeshInstance3D	3.2x1.0x0.2	mat=M_handrail_wood_b@1.000,1.000,1.000	StreetIdShot/OrisonRoot/ROOF/ROOF_stairs_rail
0	56,24,120	MeshInstance3D	1.0x2.2x0.2	mat=M_limestone_b@1.000,1.000,1.000	StreetIdShot/OrisonRoot/ROOF/ROOF_stone_trim
0	72,24,120	MeshInstance3D	6.9x3.3x10.7	mat=M_trim_b@1.000,1.000,1.000	StreetIdShot/OrisonRoot/ROOF/ROOF_trim
0	88,24,120	MeshInstance3D	6.7x2.5x6.7	mat=M_plaster_b@1.000,1.000,1.000	StreetIdShot/OrisonRoot/ROOF/ROOF_walls
0	104,24,120	MeshInstance3D	28.4x1.1x20.4	mat=M_brick_b@1.000,1.000,1.000	StreetIdShot/OrisonRoot/ROOF/ROOF_walls_brick
0	120,24,120	MeshInstance3D	0.9x2.2x0.5	mat=M_common_brick_b@1.000,1.000,1.000	StreetIdShot/OrisonRoot/ROOF/ROOF_walls_cbrick
0	136,24,120	MeshInstance3D	3.2x3.3x3.3	mat=M_concrete_d@1.000,1.000,1.000	StreetIdShot/OrisonRoot/ROOF/ROOF_walls_conc
0	152,24,120	MultiMeshInstance3D	5.9x2.6x0.1	instances=6;mesh=;mat=StandardMaterial3D@1.000,1.000,1.000	StreetIdShot/OrisonRoot/ROOF/@MultiMeshInstance3D@297
0	168,24,120	MultiMeshInstance3D	0.1x3.1x0.2	instances=4;mesh=;mat=StandardMaterial3D@1.000,1.000,1.000	StreetIdShot/OrisonRoot/ROOF/@MultiMeshInstance3D@298
0	184,24,120	MeshInstance3D	0.0x1.4x2.9	mat=StandardMaterial3D@0.720,0.600,0.380;mat=StandardMaterial3D@0.720,0.600,0.380	StreetIdShot/OrisonRoot/RailingPolish/@MeshInstance3D@427
0	200,24,120	MeshInstance3D	0.2x0.2x0.1	mat=StandardMaterial3D@0.620,0.460,0.320;mat=StandardMaterial3D@0.620,0.460,0.320	StreetIdShot/OrisonRoot/RailingPolish/@MeshInstance3D@428
0	216,24,120	MeshInstance3D	0.1x0.8x0.1	mat=StandardMaterial3D@0.620,0.460,0.320;mat=StandardMaterial3D@0.620,0.460,0.320	StreetIdShot/OrisonRoot/RailingPolish/@MeshInstance3D@429
0	232,24,120	MeshInstance3D	0.1x0.1x0.1	mat=StandardMaterial3D@0.720,0.600,0.380;mat=StandardMaterial3D@0.720,0.600,0.380	StreetIdShot/OrisonRoot/RailingPolish/@MeshInstance3D@430
0	248,24,120	MeshInstance3D	0.2x0.2x0.2	mat=StandardMaterial3D@0.620,0.460,0.320;mat=StandardMaterial3D@0.620,0.460,0.320	StreetIdShot/OrisonRoot/RailingPolish/@MeshInstance3D@431
0	8,40,120	MeshInstance3D	0.0x0.0x0.0	mat=StandardMaterial3D@0.720,0.600,0.380;mat=StandardMaterial3D@0.720,0.600,0.380	StreetIdShot/OrisonRoot/RailingPolish/@MeshInstance3D@432
0	24,40,120	MeshInstance3D	0.2x0.2x0.1	mat=StandardMaterial3D@0.620,0.460,0.320;mat=StandardMaterial3D@0.620,0.460,0.320	StreetIdShot/OrisonRoot/RailingPolish/@MeshInstance3D@433
0	40,40,120	MeshInstance3D	0.1x0.8x0.1	mat=StandardMaterial3D@0.620,0.460,0.320;mat=StandardMaterial3D@0.620,0.460,0.320	StreetIdShot/OrisonRoot/RailingPolish/@MeshInstance3D@434
0	56,40,120	MeshInstance3D	0.1x0.1x0.1	mat=StandardMaterial3D@0.720,0.600,0.380;mat=StandardMaterial3D@0.720,0.600,0.380	StreetIdShot/OrisonRoot/RailingPolish/@MeshInstance3D@435
0	72,40,120	MeshInstance3D	0.2x0.2x0.2	mat=StandardMaterial3D@0.620,0.460,0.320;mat=StandardMaterial3D@0.620,0.460,0.320	StreetIdShot/OrisonRoot/RailingPolish/@MeshInstance3D@436
0	88,40,120	MeshInstance3D	0.0x0.0x0.0	mat=StandardMaterial3D@0.720,0.600,0.380;mat=StandardMaterial3D@0.720,0.600,0.380	StreetIdShot/OrisonRoot/RailingPolish/@MeshInstance3D@437
0	104,40,120	MeshInstance3D	0.1x0.0x0.1	mat=StandardMaterial3D@0.720,0.600,0.380;mat=StandardMaterial3D@0.720,0.600,0.380	StreetIdShot/OrisonRoot/RailingPolish/@MeshInstance3D@438
0	120,40,120	MeshInstance3D	0.1x0.0x0.1	mat=StandardMaterial3D@0.720,0.600,0.380;mat=StandardMaterial3D@0.720,0.600,0.380	StreetIdShot/OrisonRoot/RailingPolish/@MeshInstance3D@439
0	136,40,120	MeshInstance3D	0.1x0.0x0.1	mat=StandardMaterial3D@0.720,0.600,0.380;mat=StandardMaterial3D@0.720,0.600,0.380	StreetIdShot/OrisonRoot/RailingPolish/@MeshInstance3D@440
0	152,40,120	MeshInstance3D	0.1x0.0x0.1	mat=StandardMaterial3D@0.720,0.600,0.380;mat=StandardMaterial3D@0.720,0.600,0.380	StreetIdShot/OrisonRoot/RailingPolish/@MeshInstance3D@441
0	168,40,120	MeshInstance3D	0.2x0.2x0.1	mat=StandardMaterial3D@0.620,0.460,0.320;mat=StandardMaterial3D@0.620,0.460,0.320	StreetIdShot/OrisonRoot/RailingPolish/@MeshInstance3D@442
0	184,40,120	MeshInstance3D	0.1x0.8x0.1	mat=StandardMaterial3D@0.620,0.460,0.320;mat=StandardMaterial3D@0.620,0.460,0.320	StreetIdShot/OrisonRoot/RailingPolish/@MeshInstance3D@443
0	200,40,120	MeshInstance3D	0.1x0.1x0.1	mat=StandardMaterial3D@0.720,0.600,0.380;mat=StandardMaterial3D@0.720,0.600,0.380	StreetIdShot/OrisonRoot/RailingPolish/@MeshInstance3D@444
0	216,40,120	MeshInstance3D	0.2x0.2x0.2	mat=StandardMaterial3D@0.620,0.460,0.320;mat=StandardMaterial3D@0.620,0.460,0.320	StreetIdShot/OrisonRoot/RailingPolish/@MeshInstance3D@445
0	232,40,120	MeshInstance3D	0.0x0.0x0.0	mat=StandardMaterial3D@0.720,0.600,0.380;mat=StandardMaterial3D@0.720,0.600,0.380	StreetIdShot/OrisonRoot/RailingPolish/@MeshInstance3D@446
0	248,40,120	MeshInstance3D	0.2x0.2x0.1	mat=StandardMaterial3D@0.620,0.460,0.320;mat=StandardMaterial3D@0.620,0.460,0.320	StreetIdShot/OrisonRoot/RailingPolish/@MeshInstance3D@447
0	8,56,120	MeshInstance3D	0.1x0.8x0.1	mat=StandardMaterial3D@0.620,0.460,0.320;mat=StandardMaterial3D@0.620,0.460,0.320	StreetIdShot/OrisonRoot/RailingPolish/@MeshInstance3D@448
0	24,56,120	MeshInstance3D	0.1x0.1x0.1	mat=StandardMaterial3D@0.720,0.600,0.380;mat=StandardMaterial3D@0.720,0.600,0.380	StreetIdShot/OrisonRoot/RailingPolish/@MeshInstance3D@449
0	40,56,120	MeshInstance3D	0.2x0.2x0.2	mat=StandardMaterial3D@0.620,0.460,0.320;mat=StandardMaterial3D@0.620,0.460,0.320	StreetIdShot/OrisonRoot/RailingPolish/@MeshInstance3D@450
0	56,56,120	MeshInstance3D	0.0x0.0x0.0	mat=StandardMaterial3D@0.720,0.600,0.380;mat=StandardMaterial3D@0.720,0.600,0.380	StreetIdShot/OrisonRoot/RailingPolish/@MeshInstance3D@451
0	72,56,120	MeshInstance3D	0.0x1.4x2.9	mat=StandardMaterial3D@0.720,0.600,0.380;mat=StandardMaterial3D@0.720,0.600,0.380	StreetIdShot/OrisonRoot/RailingPolish/@MeshInstance3D@452
0	88,56,120	MeshInstance3D	0.2x0.2x0.1	mat=StandardMaterial3D@0.620,0.460,0.320;mat=StandardMaterial3D@0.620,0.460,0.320	StreetIdShot/OrisonRoot/RailingPolish/@MeshInstance3D@453
0	104,56,120	MeshInstance3D	0.1x0.8x0.1	mat=StandardMaterial3D@0.620,0.460,0.320;mat=StandardMaterial3D@0.620,0.460,0.320	StreetIdShot/OrisonRoot/RailingPolish/@MeshInstance3D@454
0	120,56,120	MeshInstance3D	0.1x0.1x0.1	mat=StandardMaterial3D@0.720,0.600,0.380;mat=StandardMaterial3D@0.720,0.600,0.380	StreetIdShot/OrisonRoot/RailingPolish/@MeshInstance3D@455
0	136,56,120	MeshInstance3D	0.2x0.2x0.2	mat=StandardMaterial3D@0.620,0.460,0.320;mat=StandardMaterial3D@0.620,0.460,0.320	StreetIdShot/OrisonRoot/RailingPolish/@MeshInstance3D@456
0	152,56,120	MeshInstance3D	0.0x0.0x0.0	mat=StandardMaterial3D@0.720,0.600,0.380;mat=StandardMaterial3D@0.720,0.600,0.380	StreetIdShot/OrisonRoot/RailingPolish/@MeshInstance3D@457
0	168,56,120	MeshInstance3D	0.2x0.2x0.1	mat=StandardMaterial3D@0.620,0.460,0.320;mat=StandardMaterial3D@0.620,0.460,0.320	StreetIdShot/OrisonRoot/RailingPolish/@MeshInstance3D@458
0	184,56,120	MeshInstance3D	0.1x0.8x0.1	mat=StandardMaterial3D@0.620,0.460,0.320;mat=StandardMaterial3D@0.620,0.460,0.320	StreetIdShot/OrisonRoot/RailingPolish/@MeshInstance3D@459
0	200,56,120	MeshInstance3D	0.1x0.1x0.1	mat=StandardMaterial3D@0.720,0.600,0.380;mat=StandardMaterial3D@0.720,0.600,0.380	StreetIdShot/OrisonRoot/RailingPolish/@MeshInstance3D@460
0	216,56,120	MeshInstance3D	0.2x0.2x0.2	mat=StandardMaterial3D@0.620,0.460,0.320;mat=StandardMaterial3D@0.620,0.460,0.320	StreetIdShot/OrisonRoot/RailingPolish/@MeshInstance3D@461
0	232,56,120	MeshInstance3D	0.0x0.0x0.0	mat=StandardMaterial3D@0.720,0.600,0.380;mat=StandardMaterial3D@0.720,0.600,0.380	StreetIdShot/OrisonRoot/RailingPolish/@MeshInstance3D@462
0	248,56,120	MeshInstance3D	0.1x0.0x0.1	mat=StandardMaterial3D@0.720,0.600,0.380;mat=StandardMaterial3D@0.720,0.600,0.380	StreetIdShot/OrisonRoot/RailingPolish/@MeshInstance3D@463
0	8,72,120	MeshInstance3D	0.1x0.0x0.1	mat=StandardMaterial3D@0.720,0.600,0.380;mat=StandardMaterial3D@0.720,0.600,0.380	StreetIdShot/OrisonRoot/RailingPolish/@MeshInstance3D@464
0	24,72,120	MeshInstance3D	0.1x0.0x0.1	mat=StandardMaterial3D@0.720,0.600,0.380;mat=StandardMaterial3D@0.720,0.600,0.380	StreetIdShot/OrisonRoot/RailingPolish/@MeshInstance3D@465
0	40,72,120	MeshInstance3D	0.1x0.0x0.1	mat=StandardMaterial3D@0.720,0.600,0.380;mat=StandardMaterial3D@0.720,0.600,0.380	StreetIdShot/OrisonRoot/RailingPolish/@MeshInstance3D@466
0	56,72,120	MeshInstance3D	0.0x1.6x2.9	mat=StandardMaterial3D@0.720,0.600,0.380;mat=StandardMaterial3D@0.720,0.600,0.380	StreetIdShot/OrisonRoot/RailingPolish/@MeshInstance3D@467
0	72,72,120	MeshInstance3D	0.2x0.2x0.1	mat=StandardMaterial3D@0.620,0.460,0.320;mat=StandardMaterial3D@0.620,0.460,0.320	StreetIdShot/OrisonRoot/RailingPolish/@MeshInstance3D@468
0	88,72,120	MeshInstance3D	0.1x0.8x0.1	mat=StandardMaterial3D@0.620,0.460,0.320;mat=StandardMaterial3D@0.620,0.460,0.320	StreetIdShot/OrisonRoot/RailingPolish/@MeshInstance3D@469
0	104,72,120	MeshInstance3D	0.1x0.1x0.1	mat=StandardMaterial3D@0.720,0.600,0.380;mat=StandardMaterial3D@0.720,0.600,0.380	StreetIdShot/OrisonRoot/RailingPolish/@MeshInstance3D@470
0	120,72,120	MeshInstance3D	0.2x0.2x0.2	mat=StandardMaterial3D@0.620,0.460,0.320;mat=StandardMaterial3D@0.620,0.460,0.320	StreetIdShot/OrisonRoot/RailingPolish/@MeshInstance3D@471
0	136,72,120	MeshInstance3D	0.0x0.0x0.0	mat=StandardMaterial3D@0.720,0.600,0.380;mat=StandardMaterial3D@0.720,0.600,0.380	StreetIdShot/OrisonRoot/RailingPolish/@MeshInstance3D@472
0	152,72,120	MeshInstance3D	0.2x0.2x0.1	mat=StandardMaterial3D@0.620,0.460,0.320;mat=StandardMaterial3D@0.620,0.460,0.320	StreetIdShot/OrisonRoot/RailingPolish/@MeshInstance3D@473
0	168,72,120	MeshInstance3D	0.1x0.8x0.1	mat=StandardMaterial3D@0.620,0.460,0.320;mat=StandardMaterial3D@0.620,0.460,0.320	StreetIdShot/OrisonRoot/RailingPolish/@MeshInstance3D@474
0	184,72,120	MeshInstance3D	0.1x0.1x0.1	mat=StandardMaterial3D@0.720,0.600,0.380;mat=StandardMaterial3D@0.720,0.600,0.380	StreetIdShot/OrisonRoot/RailingPolish/@MeshInstance3D@475
0	200,72,120	MeshInstance3D	0.2x0.2x0.2	mat=StandardMaterial3D@0.620,0.460,0.320;mat=StandardMaterial3D@0.620,0.460,0.320	StreetIdShot/OrisonRoot/RailingPolish/@MeshInstance3D@476
0	216,72,120	MeshInstance3D	0.0x0.0x0.0	mat=StandardMaterial3D@0.720,0.600,0.380;mat=StandardMaterial3D@0.720,0.600,0.380	StreetIdShot/OrisonRoot/RailingPolish/@MeshInstance3D@477
0	232,72,120	MeshInstance3D	0.1x0.0x0.1	mat=StandardMaterial3D@0.720,0.600,0.380;mat=StandardMaterial3D@0.720,0.600,0.380	StreetIdShot/OrisonRoot/RailingPolish/@MeshInstance3D@478
0	248,72,120	MeshInstance3D	0.1x0.0x0.1	mat=StandardMaterial3D@0.720,0.600,0.380;mat=StandardMaterial3D@0.720,0.600,0.380	StreetIdShot/OrisonRoot/RailingPolish/@MeshInstance3D@479
0	8,88,120	MeshInstance3D	0.1x0.0x0.1	mat=StandardMaterial3D@0.720,0.600,0.380;mat=StandardMaterial3D@0.720,0.600,0.380	StreetIdShot/OrisonRoot/RailingPolish/@MeshInstance3D@480
0	24,88,120	MeshInstance3D	0.1x0.0x0.1	mat=StandardMaterial3D@0.720,0.600,0.380;mat=StandardMaterial3D@0.720,0.600,0.380	StreetIdShot/OrisonRoot/RailingPolish/@MeshInstance3D@481
0	40,88,120	MeshInstance3D	0.1x0.0x0.1	mat=StandardMaterial3D@0.720,0.600,0.380;mat=StandardMaterial3D@0.720,0.600,0.380	StreetIdShot/OrisonRoot/RailingPolish/@MeshInstance3D@482
0	56,88,120	MeshInstance3D	0.2x0.2x0.1	mat=StandardMaterial3D@0.620,0.460,0.320;mat=StandardMaterial3D@0.620,0.460,0.320	StreetIdShot/OrisonRoot/RailingPolish/@MeshInstance3D@483
0	72,88,120	MeshInstance3D	0.1x0.8x0.1	mat=StandardMaterial3D@0.620,0.460,0.320;mat=StandardMaterial3D@0.620,0.460,0.320	StreetIdShot/OrisonRoot/RailingPolish/@MeshInstance3D@484
0	88,88,120	MeshInstance3D	0.1x0.1x0.1	mat=StandardMaterial3D@0.720,0.600,0.380;mat=StandardMaterial3D@0.720,0.600,0.380	StreetIdShot/OrisonRoot/RailingPolish/@MeshInstance3D@485
0	104,88,120	MeshInstance3D	0.2x0.2x0.2	mat=StandardMaterial3D@0.620,0.460,0.320;mat=StandardMaterial3D@0.620,0.460,0.320	StreetIdShot/OrisonRoot/RailingPolish/@MeshInstance3D@486
0	120,88,120	MeshInstance3D	0.0x0.0x0.0	mat=StandardMaterial3D@0.720,0.600,0.380;mat=StandardMaterial3D@0.720,0.600,0.380	StreetIdShot/OrisonRoot/RailingPolish/@MeshInstance3D@487
0	136,88,120	MeshInstance3D	0.2x0.2x0.1	mat=StandardMaterial3D@0.620,0.460,0.320;mat=StandardMaterial3D@0.620,0.460,0.320	StreetIdShot/OrisonRoot/RailingPolish/@MeshInstance3D@488
0	152,88,120	MeshInstance3D	0.1x0.8x0.1	mat=StandardMaterial3D@0.620,0.460,0.320;mat=StandardMaterial3D@0.620,0.460,0.320	StreetIdShot/OrisonRoot/RailingPolish/@MeshInstance3D@489
0	168,88,120	MeshInstance3D	0.1x0.1x0.1	mat=StandardMaterial3D@0.720,0.600,0.380;mat=StandardMaterial3D@0.720,0.600,0.380	StreetIdShot/OrisonRoot/RailingPolish/@MeshInstance3D@490
0	184,88,120	MeshInstance3D	0.2x0.2x0.2	mat=StandardMaterial3D@0.620,0.460,0.320;mat=StandardMaterial3D@0.620,0.460,0.320	StreetIdShot/OrisonRoot/RailingPolish/@MeshInstance3D@491
0	200,88,120	MeshInstance3D	0.0x0.0x0.0	mat=StandardMaterial3D@0.720,0.600,0.380;mat=StandardMaterial3D@0.720,0.600,0.380	StreetIdShot/OrisonRoot/RailingPolish/@MeshInstance3D@492
0	216,88,120	MeshInstance3D	0.0x1.6x2.9	mat=StandardMaterial3D@0.720,0.600,0.380;mat=StandardMaterial3D@0.720,0.600,0.380	StreetIdShot/OrisonRoot/RailingPolish/@MeshInstance3D@493
0	232,88,120	MeshInstance3D	0.2x0.2x0.1	mat=StandardMaterial3D@0.620,0.460,0.320;mat=StandardMaterial3D@0.620,0.460,0.320	StreetIdShot/OrisonRoot/RailingPolish/@MeshInstance3D@494
0	248,88,120	MeshInstance3D	0.1x0.8x0.1	mat=StandardMaterial3D@0.620,0.460,0.320;mat=StandardMaterial3D@0.620,0.460,0.320	StreetIdShot/OrisonRoot/RailingPolish/@MeshInstance3D@495
0	8,104,120	MeshInstance3D	0.1x0.1x0.1	mat=StandardMaterial3D@0.720,0.600,0.380;mat=StandardMaterial3D@0.720,0.600,0.380	StreetIdShot/OrisonRoot/RailingPolish/@MeshInstance3D@496
0	24,104,120	MeshInstance3D	0.2x0.2x0.2	mat=StandardMaterial3D@0.620,0.460,0.320;mat=StandardMaterial3D@0.620,0.460,0.320	StreetIdShot/OrisonRoot/RailingPolish/@MeshInstance3D@497
0	40,104,120	MeshInstance3D	0.0x0.0x0.0	mat=StandardMaterial3D@0.720,0.600,0.380;mat=StandardMaterial3D@0.720,0.600,0.380	StreetIdShot/OrisonRoot/RailingPolish/@MeshInstance3D@498
0	56,104,120	MeshInstance3D	0.2x0.2x0.1	mat=StandardMaterial3D@0.620,0.460,0.320;mat=StandardMaterial3D@0.620,0.460,0.320	StreetIdShot/OrisonRoot/RailingPolish/@MeshInstance3D@499
0	72,104,120	MeshInstance3D	0.1x0.8x0.1	mat=StandardMaterial3D@0.620,0.460,0.320;mat=StandardMaterial3D@0.620,0.460,0.320	StreetIdShot/OrisonRoot/RailingPolish/@MeshInstance3D@500
0	88,104,120	MeshInstance3D	0.1x0.1x0.1	mat=StandardMaterial3D@0.720,0.600,0.380;mat=StandardMaterial3D@0.720,0.600,0.380	StreetIdShot/OrisonRoot/RailingPolish/@MeshInstance3D@501
0	104,104,120	MeshInstance3D	0.2x0.2x0.2	mat=StandardMaterial3D@0.620,0.460,0.320;mat=StandardMaterial3D@0.620,0.460,0.320	StreetIdShot/OrisonRoot/RailingPolish/@MeshInstance3D@502
0	120,104,120	MeshInstance3D	0.0x0.0x0.0	mat=StandardMaterial3D@0.720,0.600,0.380;mat=StandardMaterial3D@0.720,0.600,0.380	StreetIdShot/OrisonRoot/RailingPolish/@MeshInstance3D@503
0	136,104,120	MeshInstance3D	0.1x0.0x0.1	mat=StandardMaterial3D@0.720,0.600,0.380;mat=StandardMaterial3D@0.720,0.600,0.380	StreetIdShot/OrisonRoot/RailingPolish/@MeshInstance3D@504
0	152,104,120	MeshInstance3D	0.1x0.0x0.1	mat=StandardMaterial3D@0.720,0.600,0.380;mat=StandardMaterial3D@0.720,0.600,0.380	StreetIdShot/OrisonRoot/RailingPolish/@MeshInstance3D@505
0	168,104,120	MeshInstance3D	0.1x0.0x0.1	mat=StandardMaterial3D@0.720,0.600,0.380;mat=StandardMaterial3D@0.720,0.600,0.380	StreetIdShot/OrisonRoot/RailingPolish/@MeshInstance3D@506
0	184,104,120	MeshInstance3D	0.1x0.0x0.1	mat=StandardMaterial3D@0.720,0.600,0.380;mat=StandardMaterial3D@0.720,0.600,0.380	StreetIdShot/OrisonRoot/RailingPolish/@MeshInstance3D@507
0	200,104,120	MeshInstance3D	0.1x0.0x0.1	mat=StandardMaterial3D@0.720,0.600,0.380;mat=StandardMaterial3D@0.720,0.600,0.380	StreetIdShot/OrisonRoot/RailingPolish/@MeshInstance3D@508
0	216,104,120	MeshInstance3D	0.0x1.6x2.9	mat=StandardMaterial3D@0.720,0.600,0.380;mat=StandardMaterial3D@0.720,0.600,0.380	StreetIdShot/OrisonRoot/RailingPolish/@MeshInstance3D@509
0	232,104,120	MeshInstance3D	0.2x0.2x0.1	mat=StandardMaterial3D@0.620,0.460,0.320;mat=StandardMaterial3D@0.620,0.460,0.320	StreetIdShot/OrisonRoot/RailingPolish/@MeshInstance3D@510
0	248,104,120	MeshInstance3D	0.1x0.8x0.1	mat=StandardMaterial3D@0.620,0.460,0.320;mat=StandardMaterial3D@0.620,0.460,0.320	StreetIdShot/OrisonRoot/RailingPolish/@MeshInstance3D@511
0	8,120,120	MeshInstance3D	0.1x0.1x0.1	mat=StandardMaterial3D@0.720,0.600,0.380;mat=StandardMaterial3D@0.720,0.600,0.380	StreetIdShot/OrisonRoot/RailingPolish/@MeshInstance3D@512
0	24,120,120	MeshInstance3D	0.2x0.2x0.2	mat=StandardMaterial3D@0.620,0.460,0.320;mat=StandardMaterial3D@0.620,0.460,0.320	StreetIdShot/OrisonRoot/RailingPolish/@MeshInstance3D@513
0	40,120,120	MeshInstance3D	0.0x0.0x0.0	mat=StandardMaterial3D@0.720,0.600,0.380;mat=StandardMaterial3D@0.720,0.600,0.380	StreetIdShot/OrisonRoot/RailingPolish/@MeshInstance3D@514
0	56,120,120	MeshInstance3D	0.2x0.2x0.1	mat=StandardMaterial3D@0.620,0.460,0.320;mat=StandardMaterial3D@0.620,0.460,0.320	StreetIdShot/OrisonRoot/RailingPolish/@MeshInstance3D@515
0	72,120,120	MeshInstance3D	0.1x0.8x0.1	mat=StandardMaterial3D@0.620,0.460,0.320;mat=StandardMaterial3D@0.620,0.460,0.320	StreetIdShot/OrisonRoot/RailingPolish/@MeshInstance3D@516
0	88,120,120	MeshInstance3D	0.1x0.1x0.1	mat=StandardMaterial3D@0.720,0.600,0.380;mat=StandardMaterial3D@0.720,0.600,0.380	StreetIdShot/OrisonRoot/RailingPolish/@MeshInstance3D@517
0	104,120,120	MeshInstance3D	0.2x0.2x0.2	mat=StandardMaterial3D@0.620,0.460,0.320;mat=StandardMaterial3D@0.620,0.460,0.320	StreetIdShot/OrisonRoot/RailingPolish/@MeshInstance3D@518
0	120,120,120	MeshInstance3D	0.0x0.0x0.0	mat=StandardMaterial3D@0.720,0.600,0.380;mat=StandardMaterial3D@0.720,0.600,0.380	StreetIdShot/OrisonRoot/RailingPolish/@MeshInstance3D@519
0	136,120,120	MeshInstance3D	0.1x0.0x0.1	mat=StandardMaterial3D@0.720,0.600,0.380;mat=StandardMaterial3D@0.720,0.600,0.380	StreetIdShot/OrisonRoot/RailingPolish/@MeshInstance3D@520
0	152,120,120	MeshInstance3D	0.1x0.0x0.1	mat=StandardMaterial3D@0.720,0.600,0.380;mat=StandardMaterial3D@0.720,0.600,0.380	StreetIdShot/OrisonRoot/RailingPolish/@MeshInstance3D@521
0	168,120,120	MeshInstance3D	0.1x0.0x0.1	mat=StandardMaterial3D@0.720,0.600,0.380;mat=StandardMaterial3D@0.720,0.600,0.380	StreetIdShot/OrisonRoot/RailingPolish/@MeshInstance3D@522
0	184,120,120	MeshInstance3D	0.1x0.0x0.1	mat=StandardMaterial3D@0.720,0.600,0.380;mat=StandardMaterial3D@0.720,0.600,0.380	StreetIdShot/OrisonRoot/RailingPolish/@MeshInstance3D@523
0	200,120,120	MeshInstance3D	0.1x0.0x0.1	mat=StandardMaterial3D@0.720,0.600,0.380;mat=StandardMaterial3D@0.720,0.600,0.380	StreetIdShot/OrisonRoot/RailingPolish/@MeshInstance3D@524
0	216,120,120	MeshInstance3D	0.2x0.2x0.1	mat=StandardMaterial3D@0.620,0.460,0.320;mat=StandardMaterial3D@0.620,0.460,0.320	StreetIdShot/OrisonRoot/RailingPolish/@MeshInstance3D@525
0	232,120,120	MeshInstance3D	0.1x0.8x0.1	mat=StandardMaterial3D@0.620,0.460,0.320;mat=StandardMaterial3D@0.620,0.460,0.320	StreetIdShot/OrisonRoot/RailingPolish/@MeshInstance3D@526
0	248,120,120	MeshInstance3D	0.1x0.1x0.1	mat=StandardMaterial3D@0.720,0.600,0.380;mat=StandardMaterial3D@0.720,0.600,0.380	StreetIdShot/OrisonRoot/RailingPolish/@MeshInstance3D@527
0	8,136,120	MeshInstance3D	0.2x0.2x0.2	mat=StandardMaterial3D@0.620,0.460,0.320;mat=StandardMaterial3D@0.620,0.460,0.320	StreetIdShot/OrisonRoot/RailingPolish/@MeshInstance3D@528
0	24,136,120	MeshInstance3D	0.0x0.0x0.0	mat=StandardMaterial3D@0.720,0.600,0.380;mat=StandardMaterial3D@0.720,0.600,0.380	StreetIdShot/OrisonRoot/RailingPolish/@MeshInstance3D@529
0	40,136,120	MeshInstance3D	0.2x0.2x0.1	mat=StandardMaterial3D@0.620,0.460,0.320;mat=StandardMaterial3D@0.620,0.460,0.320	StreetIdShot/OrisonRoot/RailingPolish/@MeshInstance3D@530
0	56,136,120	MeshInstance3D	0.1x0.8x0.1	mat=StandardMaterial3D@0.620,0.460,0.320;mat=StandardMaterial3D@0.620,0.460,0.320	StreetIdShot/OrisonRoot/RailingPolish/@MeshInstance3D@531
0	72,136,120	MeshInstance3D	0.1x0.1x0.1	mat=StandardMaterial3D@0.720,0.600,0.380;mat=StandardMaterial3D@0.720,0.600,0.380	StreetIdShot/OrisonRoot/RailingPolish/@MeshInstance3D@532
0	88,136,120	MeshInstance3D	0.2x0.2x0.2	mat=StandardMaterial3D@0.620,0.460,0.320;mat=StandardMaterial3D@0.620,0.460,0.320	StreetIdShot/OrisonRoot/RailingPolish/@MeshInstance3D@533
0	104,136,120	MeshInstance3D	0.0x0.0x0.0	mat=StandardMaterial3D@0.720,0.600,0.380;mat=StandardMaterial3D@0.720,0.600,0.380	StreetIdShot/OrisonRoot/RailingPolish/@MeshInstance3D@534
0	120,136,120	MeshInstance3D	0.0x1.6x2.9	mat=StandardMaterial3D@0.720,0.600,0.380;mat=StandardMaterial3D@0.720,0.600,0.380	StreetIdShot/OrisonRoot/RailingPolish/@MeshInstance3D@535
0	136,136,120	MeshInstance3D	0.2x0.2x0.1	mat=StandardMaterial3D@0.620,0.460,0.320;mat=StandardMaterial3D@0.620,0.460,0.320	StreetIdShot/OrisonRoot/RailingPolish/@MeshInstance3D@536
0	152,136,120	MeshInstance3D	0.1x0.8x0.1	mat=StandardMaterial3D@0.620,0.460,0.320;mat=StandardMaterial3D@0.620,0.460,0.320	StreetIdShot/OrisonRoot/RailingPolish/@MeshInstance3D@537
0	168,136,120	MeshInstance3D	0.1x0.1x0.1	mat=StandardMaterial3D@0.720,0.600,0.380;mat=StandardMaterial3D@0.720,0.600,0.380	StreetIdShot/OrisonRoot/RailingPolish/@MeshInstance3D@538
0	184,136,120	MeshInstance3D	0.2x0.2x0.2	mat=StandardMaterial3D@0.620,0.460,0.320;mat=StandardMaterial3D@0.620,0.460,0.320	StreetIdShot/OrisonRoot/RailingPolish/@MeshInstance3D@539
0	200,136,120	MeshInstance3D	0.0x0.0x0.0	mat=StandardMaterial3D@0.720,0.600,0.380;mat=StandardMaterial3D@0.720,0.600,0.380	StreetIdShot/OrisonRoot/RailingPolish/@MeshInstance3D@540
0	216,136,120	MeshInstance3D	0.2x0.2x0.1	mat=StandardMaterial3D@0.620,0.460,0.320;mat=StandardMaterial3D@0.620,0.460,0.320	StreetIdShot/OrisonRoot/RailingPolish/@MeshInstance3D@541
0	232,136,120	MeshInstance3D	0.1x0.8x0.1	mat=StandardMaterial3D@0.620,0.460,0.320;mat=StandardMaterial3D@0.620,0.460,0.320	StreetIdShot/OrisonRoot/RailingPolish/@MeshInstance3D@542
0	248,136,120	MeshInstance3D	0.1x0.1x0.1	mat=StandardMaterial3D@0.720,0.600,0.380;mat=StandardMaterial3D@0.720,0.600,0.380	StreetIdShot/OrisonRoot/RailingPolish/@MeshInstance3D@543
0	8,152,120	MeshInstance3D	0.2x0.2x0.2	mat=StandardMaterial3D@0.620,0.460,0.320;mat=StandardMaterial3D@0.620,0.460,0.320	StreetIdShot/OrisonRoot/RailingPolish/@MeshInstance3D@544
0	24,152,120	MeshInstance3D	0.0x0.0x0.0	mat=StandardMaterial3D@0.720,0.600,0.380;mat=StandardMaterial3D@0.720,0.600,0.380	StreetIdShot/OrisonRoot/RailingPolish/@MeshInstance3D@545
0	40,152,120	MeshInstance3D	0.1x0.0x0.1	mat=StandardMaterial3D@0.720,0.600,0.380;mat=StandardMaterial3D@0.720,0.600,0.380	StreetIdShot/OrisonRoot/RailingPolish/@MeshInstance3D@546
0	56,152,120	MeshInstance3D	0.1x0.0x0.1	mat=StandardMaterial3D@0.720,0.600,0.380;mat=StandardMaterial3D@0.720,0.600,0.380	StreetIdShot/OrisonRoot/RailingPolish/@MeshInstance3D@547
0	72,152,120	MeshInstance3D	0.1x0.0x0.1	mat=StandardMaterial3D@0.720,0.600,0.380;mat=StandardMaterial3D@0.720,0.600,0.380	StreetIdShot/OrisonRoot/RailingPolish/@MeshInstance3D@548
0	88,152,120	MeshInstance3D	0.1x0.0x0.1	mat=StandardMaterial3D@0.720,0.600,0.380;mat=StandardMaterial3D@0.720,0.600,0.380	StreetIdShot/OrisonRoot/RailingPolish/@MeshInstance3D@549
0	104,152,120	MeshInstance3D	0.1x0.0x0.1	mat=StandardMaterial3D@0.720,0.600,0.380;mat=StandardMaterial3D@0.720,0.600,0.380	StreetIdShot/OrisonRoot/RailingPolish/@MeshInstance3D@550
0	120,152,120	MeshInstance3D	0.0x1.6x2.9	mat=StandardMaterial3D@0.720,0.600,0.380;mat=StandardMaterial3D@0.720,0.600,0.380	StreetIdShot/OrisonRoot/RailingPolish/@MeshInstance3D@551
0	136,152,120	MeshInstance3D	0.2x0.2x0.1	mat=StandardMaterial3D@0.620,0.460,0.320;mat=StandardMaterial3D@0.620,0.460,0.320	StreetIdShot/OrisonRoot/RailingPolish/@MeshInstance3D@552
0	152,152,120	MeshInstance3D	0.1x0.8x0.1	mat=StandardMaterial3D@0.620,0.460,0.320;mat=StandardMaterial3D@0.620,0.460,0.320	StreetIdShot/OrisonRoot/RailingPolish/@MeshInstance3D@553
0	168,152,120	MeshInstance3D	0.1x0.1x0.1	mat=StandardMaterial3D@0.720,0.600,0.380;mat=StandardMaterial3D@0.720,0.600,0.380	StreetIdShot/OrisonRoot/RailingPolish/@MeshInstance3D@554
0	184,152,120	MeshInstance3D	0.2x0.2x0.2	mat=StandardMaterial3D@0.620,0.460,0.320;mat=StandardMaterial3D@0.620,0.460,0.320	StreetIdShot/OrisonRoot/RailingPolish/@MeshInstance3D@555
0	200,152,120	MeshInstance3D	0.0x0.0x0.0	mat=StandardMaterial3D@0.720,0.600,0.380;mat=StandardMaterial3D@0.720,0.600,0.380	StreetIdShot/OrisonRoot/RailingPolish/@MeshInstance3D@556
0	216,152,120	MeshInstance3D	0.2x0.2x0.1	mat=StandardMaterial3D@0.620,0.460,0.320;mat=StandardMaterial3D@0.620,0.460,0.320	StreetIdShot/OrisonRoot/RailingPolish/@MeshInstance3D@557
0	232,152,120	MeshInstance3D	0.1x0.8x0.1	mat=StandardMaterial3D@0.620,0.460,0.320;mat=StandardMaterial3D@0.620,0.460,0.320	StreetIdShot/OrisonRoot/RailingPolish/@MeshInstance3D@558
0	248,152,120	MeshInstance3D	0.1x0.1x0.1	mat=StandardMaterial3D@0.720,0.600,0.380;mat=StandardMaterial3D@0.720,0.600,0.380	StreetIdShot/OrisonRoot/RailingPolish/@MeshInstance3D@559
0	8,168,120	MeshInstance3D	0.2x0.2x0.2	mat=StandardMaterial3D@0.620,0.460,0.320;mat=StandardMaterial3D@0.620,0.460,0.320	StreetIdShot/OrisonRoot/RailingPolish/@MeshInstance3D@560
0	24,168,120	MeshInstance3D	0.0x0.0x0.0	mat=StandardMaterial3D@0.720,0.600,0.380;mat=StandardMaterial3D@0.720,0.600,0.380	StreetIdShot/OrisonRoot/RailingPolish/@MeshInstance3D@561
0	40,168,120	MeshInstance3D	0.1x0.0x0.1	mat=StandardMaterial3D@0.720,0.600,0.380;mat=StandardMaterial3D@0.720,0.600,0.380	StreetIdShot/OrisonRoot/RailingPolish/@MeshInstance3D@562
0	56,168,120	MeshInstance3D	0.1x0.0x0.1	mat=StandardMaterial3D@0.720,0.600,0.380;mat=StandardMaterial3D@0.720,0.600,0.380	StreetIdShot/OrisonRoot/RailingPolish/@MeshInstance3D@563
0	72,168,120	MeshInstance3D	0.1x0.0x0.1	mat=StandardMaterial3D@0.720,0.600,0.380;mat=StandardMaterial3D@0.720,0.600,0.380	StreetIdShot/OrisonRoot/RailingPolish/@MeshInstance3D@564
0	88,168,120	MeshInstance3D	0.1x0.0x0.1	mat=StandardMaterial3D@0.720,0.600,0.380;mat=StandardMaterial3D@0.720,0.600,0.380	StreetIdShot/OrisonRoot/RailingPolish/@MeshInstance3D@565
0	104,168,120	MeshInstance3D	0.1x0.0x0.1	mat=StandardMaterial3D@0.720,0.600,0.380;mat=StandardMaterial3D@0.720,0.600,0.380	StreetIdShot/OrisonRoot/RailingPolish/@MeshInstance3D@566
0	120,168,120	MeshInstance3D	0.2x0.2x0.1	mat=StandardMaterial3D@0.620,0.460,0.320;mat=StandardMaterial3D@0.620,0.460,0.320	StreetIdShot/OrisonRoot/RailingPolish/@MeshInstance3D@567
0	136,168,120	MeshInstance3D	0.1x0.8x0.1	mat=StandardMaterial3D@0.620,0.460,0.320;mat=StandardMaterial3D@0.620,0.460,0.320	StreetIdShot/OrisonRoot/RailingPolish/@MeshInstance3D@568
0	152,168,120	MeshInstance3D	0.1x0.1x0.1	mat=StandardMaterial3D@0.720,0.600,0.380;mat=StandardMaterial3D@0.720,0.600,0.380	StreetIdShot/OrisonRoot/RailingPolish/@MeshInstance3D@569
0	168,168,120	MeshInstance3D	0.2x0.2x0.2	mat=StandardMaterial3D@0.620,0.460,0.320;mat=StandardMaterial3D@0.620,0.460,0.320	StreetIdShot/OrisonRoot/RailingPolish/@MeshInstance3D@570
0	184,168,120	MeshInstance3D	0.0x0.0x0.0	mat=StandardMaterial3D@0.720,0.600,0.380;mat=StandardMaterial3D@0.720,0.600,0.380	StreetIdShot/OrisonRoot/RailingPolish/@MeshInstance3D@571
0	200,168,120	MeshInstance3D	0.2x0.2x0.1	mat=StandardMaterial3D@0.620,0.460,0.320;mat=StandardMaterial3D@0.620,0.460,0.320	StreetIdShot/OrisonRoot/RailingPolish/@MeshInstance3D@572
0	216,168,120	MeshInstance3D	0.1x0.8x0.1	mat=StandardMaterial3D@0.620,0.460,0.320;mat=StandardMaterial3D@0.620,0.460,0.320	StreetIdShot/OrisonRoot/RailingPolish/@MeshInstance3D@573
0	232,168,120	MeshInstance3D	0.1x0.1x0.1	mat=StandardMaterial3D@0.720,0.600,0.380;mat=StandardMaterial3D@0.720,0.600,0.380	StreetIdShot/OrisonRoot/RailingPolish/@MeshInstance3D@574
0	248,168,120	MeshInstance3D	0.2x0.2x0.2	mat=StandardMaterial3D@0.620,0.460,0.320;mat=StandardMaterial3D@0.620,0.460,0.320	StreetIdShot/OrisonRoot/RailingPolish/@MeshInstance3D@575
0	8,184,120	MeshInstance3D	0.0x0.0x0.0	mat=StandardMaterial3D@0.720,0.600,0.380;mat=StandardMaterial3D@0.720,0.600,0.380	StreetIdShot/OrisonRoot/RailingPolish/@MeshInstance3D@576
0	24,184,120	MeshInstance3D	0.0x1.6x2.9	mat=StandardMaterial3D@0.720,0.600,0.380;mat=StandardMaterial3D@0.720,0.600,0.380	StreetIdShot/OrisonRoot/RailingPolish/@MeshInstance3D@577
0	40,184,120	MeshInstance3D	0.2x0.2x0.1	mat=StandardMaterial3D@0.620,0.460,0.320;mat=StandardMaterial3D@0.620,0.460,0.320	StreetIdShot/OrisonRoot/RailingPolish/@MeshInstance3D@578
0	56,184,120	MeshInstance3D	0.1x0.8x0.1	mat=StandardMaterial3D@0.620,0.460,0.320;mat=StandardMaterial3D@0.620,0.460,0.320	StreetIdShot/OrisonRoot/RailingPolish/@MeshInstance3D@579
0	72,184,120	MeshInstance3D	0.1x0.1x0.1	mat=StandardMaterial3D@0.720,0.600,0.380;mat=StandardMaterial3D@0.720,0.600,0.380	StreetIdShot/OrisonRoot/RailingPolish/@MeshInstance3D@580
0	88,184,120	MeshInstance3D	0.2x0.2x0.2	mat=StandardMaterial3D@0.620,0.460,0.320;mat=StandardMaterial3D@0.620,0.460,0.320	StreetIdShot/OrisonRoot/RailingPolish/@MeshInstance3D@581
0	104,184,120	MeshInstance3D	0.0x0.0x0.0	mat=StandardMaterial3D@0.720,0.600,0.380;mat=StandardMaterial3D@0.720,0.600,0.380	StreetIdShot/OrisonRoot/RailingPolish/@MeshInstance3D@582
0	120,184,120	MeshInstance3D	0.2x0.2x0.1	mat=StandardMaterial3D@0.620,0.460,0.320;mat=StandardMaterial3D@0.620,0.460,0.320	StreetIdShot/OrisonRoot/RailingPolish/@MeshInstance3D@583
0	136,184,120	MeshInstance3D	0.1x0.8x0.1	mat=StandardMaterial3D@0.620,0.460,0.320;mat=StandardMaterial3D@0.620,0.460,0.320	StreetIdShot/OrisonRoot/RailingPolish/@MeshInstance3D@584
0	152,184,120	MeshInstance3D	0.1x0.1x0.1	mat=StandardMaterial3D@0.720,0.600,0.380;mat=StandardMaterial3D@0.720,0.600,0.380	StreetIdShot/OrisonRoot/RailingPolish/@MeshInstance3D@585
0	168,184,120	MeshInstance3D	0.2x0.2x0.2	mat=StandardMaterial3D@0.620,0.460,0.320;mat=StandardMaterial3D@0.620,0.460,0.320	StreetIdShot/OrisonRoot/RailingPolish/@MeshInstance3D@586
0	184,184,120	MeshInstance3D	0.0x0.0x0.0	mat=StandardMaterial3D@0.720,0.600,0.380;mat=StandardMaterial3D@0.720,0.600,0.380	StreetIdShot/OrisonRoot/RailingPolish/@MeshInstance3D@587
0	200,184,120	MeshInstance3D	0.1x0.0x0.1	mat=StandardMaterial3D@0.720,0.600,0.380;mat=StandardMaterial3D@0.720,0.600,0.380	StreetIdShot/OrisonRoot/RailingPolish/@MeshInstance3D@588
0	216,184,120	MeshInstance3D	0.1x0.0x0.1	mat=StandardMaterial3D@0.720,0.600,0.380;mat=StandardMaterial3D@0.720,0.600,0.380	StreetIdShot/OrisonRoot/RailingPolish/@MeshInstance3D@589
0	232,184,120	MeshInstance3D	0.1x0.0x0.1	mat=StandardMaterial3D@0.720,0.600,0.380;mat=StandardMaterial3D@0.720,0.600,0.380	StreetIdShot/OrisonRoot/RailingPolish/@MeshInstance3D@590
0	248,184,120	MeshInstance3D	0.1x0.0x0.1	mat=StandardMaterial3D@0.720,0.600,0.380;mat=StandardMaterial3D@0.720,0.600,0.380	StreetIdShot/OrisonRoot/RailingPolish/@MeshInstance3D@591
0	8,200,120	MeshInstance3D	0.1x0.0x0.1	mat=StandardMaterial3D@0.720,0.600,0.380;mat=StandardMaterial3D@0.720,0.600,0.380	StreetIdShot/OrisonRoot/RailingPolish/@MeshInstance3D@592
0	24,200,120	MeshInstance3D	0.0x1.6x2.9	mat=StandardMaterial3D@0.720,0.600,0.380;mat=StandardMaterial3D@0.720,0.600,0.380	StreetIdShot/OrisonRoot/RailingPolish/@MeshInstance3D@593
0	40,200,120	MeshInstance3D	0.2x0.2x0.1	mat=StandardMaterial3D@0.620,0.460,0.320;mat=StandardMaterial3D@0.620,0.460,0.320	StreetIdShot/OrisonRoot/RailingPolish/@MeshInstance3D@594
0	56,200,120	MeshInstance3D	0.1x0.8x0.1	mat=StandardMaterial3D@0.620,0.460,0.320;mat=StandardMaterial3D@0.620,0.460,0.320	StreetIdShot/OrisonRoot/RailingPolish/@MeshInstance3D@595
0	72,200,120	MeshInstance3D	0.1x0.1x0.1	mat=StandardMaterial3D@0.720,0.600,0.380;mat=StandardMaterial3D@0.720,0.600,0.380	StreetIdShot/OrisonRoot/RailingPolish/@MeshInstance3D@596
0	88,200,120	MeshInstance3D	0.2x0.2x0.2	mat=StandardMaterial3D@0.620,0.460,0.320;mat=StandardMaterial3D@0.620,0.460,0.320	StreetIdShot/OrisonRoot/RailingPolish/@MeshInstance3D@597
0	104,200,120	MeshInstance3D	0.0x0.0x0.0	mat=StandardMaterial3D@0.720,0.600,0.380;mat=StandardMaterial3D@0.720,0.600,0.380	StreetIdShot/OrisonRoot/RailingPolish/@MeshInstance3D@598
0	120,200,120	MeshInstance3D	0.2x0.2x0.1	mat=StandardMaterial3D@0.620,0.460,0.320;mat=StandardMaterial3D@0.620,0.460,0.320	StreetIdShot/OrisonRoot/RailingPolish/@MeshInstance3D@599
0	136,200,120	MeshInstance3D	0.1x0.8x0.1	mat=StandardMaterial3D@0.620,0.460,0.320;mat=StandardMaterial3D@0.620,0.460,0.320	StreetIdShot/OrisonRoot/RailingPolish/@MeshInstance3D@600
0	152,200,120	MeshInstance3D	0.1x0.1x0.1	mat=StandardMaterial3D@0.720,0.600,0.380;mat=StandardMaterial3D@0.720,0.600,0.380	StreetIdShot/OrisonRoot/RailingPolish/@MeshInstance3D@601
0	168,200,120	MeshInstance3D	0.2x0.2x0.2	mat=StandardMaterial3D@0.620,0.460,0.320;mat=StandardMaterial3D@0.620,0.460,0.320	StreetIdShot/OrisonRoot/RailingPolish/@MeshInstance3D@602
0	184,200,120	MeshInstance3D	0.0x0.0x0.0	mat=StandardMaterial3D@0.720,0.600,0.380;mat=StandardMaterial3D@0.720,0.600,0.380	StreetIdShot/OrisonRoot/RailingPolish/@MeshInstance3D@603
0	200,200,120	MeshInstance3D	0.1x0.0x0.1	mat=StandardMaterial3D@0.720,0.600,0.380;mat=StandardMaterial3D@0.720,0.600,0.380	StreetIdShot/OrisonRoot/RailingPolish/@MeshInstance3D@604
0	216,200,120	MeshInstance3D	0.1x0.0x0.1	mat=StandardMaterial3D@0.720,0.600,0.380;mat=StandardMaterial3D@0.720,0.600,0.380	StreetIdShot/OrisonRoot/RailingPolish/@MeshInstance3D@605
0	232,200,120	MeshInstance3D	0.1x0.0x0.1	mat=StandardMaterial3D@0.720,0.600,0.380;mat=StandardMaterial3D@0.720,0.600,0.380	StreetIdShot/OrisonRoot/RailingPolish/@MeshInstance3D@606
0	248,200,120	MeshInstance3D	0.1x0.0x0.1	mat=StandardMaterial3D@0.720,0.600,0.380;mat=StandardMaterial3D@0.720,0.600,0.380	StreetIdShot/OrisonRoot/RailingPolish/@MeshInstance3D@607
0	8,216,120	MeshInstance3D	0.1x0.0x0.1	mat=StandardMaterial3D@0.720,0.600,0.380;mat=StandardMaterial3D@0.720,0.600,0.380	StreetIdShot/OrisonRoot/RailingPolish/@MeshInstance3D@608
0	24,216,120	MeshInstance3D	0.2x0.2x0.1	mat=StandardMaterial3D@0.620,0.460,0.320;mat=StandardMaterial3D@0.620,0.460,0.320	StreetIdShot/OrisonRoot/RailingPolish/@MeshInstance3D@609
0	40,216,120	MeshInstance3D	0.1x0.8x0.1	mat=StandardMaterial3D@0.620,0.460,0.320;mat=StandardMaterial3D@0.620,0.460,0.320	StreetIdShot/OrisonRoot/RailingPolish/@MeshInstance3D@610
0	56,216,120	MeshInstance3D	0.1x0.1x0.1	mat=StandardMaterial3D@0.720,0.600,0.380;mat=StandardMaterial3D@0.720,0.600,0.380	StreetIdShot/OrisonRoot/RailingPolish/@MeshInstance3D@611
0	72,216,120	MeshInstance3D	0.2x0.2x0.2	mat=StandardMaterial3D@0.620,0.460,0.320;mat=StandardMaterial3D@0.620,0.460,0.320	StreetIdShot/OrisonRoot/RailingPolish/@MeshInstance3D@612
0	88,216,120	MeshInstance3D	0.0x0.0x0.0	mat=StandardMaterial3D@0.720,0.600,0.380;mat=StandardMaterial3D@0.720,0.600,0.380	StreetIdShot/OrisonRoot/RailingPolish/@MeshInstance3D@613
0	104,216,120	MeshInstance3D	0.2x0.2x0.1	mat=StandardMaterial3D@0.620,0.460,0.320;mat=StandardMaterial3D@0.620,0.460,0.320	StreetIdShot/OrisonRoot/RailingPolish/@MeshInstance3D@614
0	120,216,120	MeshInstance3D	0.1x0.8x0.1	mat=StandardMaterial3D@0.620,0.460,0.320;mat=StandardMaterial3D@0.620,0.460,0.320	StreetIdShot/OrisonRoot/RailingPolish/@MeshInstance3D@615
0	136,216,120	MeshInstance3D	0.1x0.1x0.1	mat=StandardMaterial3D@0.720,0.600,0.380;mat=StandardMaterial3D@0.720,0.600,0.380	StreetIdShot/OrisonRoot/RailingPolish/@MeshInstance3D@616
0	152,216,120	MeshInstance3D	0.2x0.2x0.2	mat=StandardMaterial3D@0.620,0.460,0.320;mat=StandardMaterial3D@0.620,0.460,0.320	StreetIdShot/OrisonRoot/RailingPolish/@MeshInstance3D@617
0	168,216,120	MeshInstance3D	0.0x0.0x0.0	mat=StandardMaterial3D@0.720,0.600,0.380;mat=StandardMaterial3D@0.720,0.600,0.380	StreetIdShot/OrisonRoot/RailingPolish/@MeshInstance3D@618
0	184,216,120	MeshInstance3D	0.0x1.6x2.9	mat=StandardMaterial3D@0.720,0.600,0.380;mat=StandardMaterial3D@0.720,0.600,0.380	StreetIdShot/OrisonRoot/RailingPolish/@MeshInstance3D@619
0	200,216,120	MeshInstance3D	0.2x0.2x0.1	mat=StandardMaterial3D@0.620,0.460,0.320;mat=StandardMaterial3D@0.620,0.460,0.320	StreetIdShot/OrisonRoot/RailingPolish/@MeshInstance3D@620
0	216,216,120	MeshInstance3D	0.1x0.8x0.1	mat=StandardMaterial3D@0.620,0.460,0.320;mat=StandardMaterial3D@0.620,0.460,0.320	StreetIdShot/OrisonRoot/RailingPolish/@MeshInstance3D@621
0	232,216,120	MeshInstance3D	0.1x0.1x0.1	mat=StandardMaterial3D@0.720,0.600,0.380;mat=StandardMaterial3D@0.720,0.600,0.380	StreetIdShot/OrisonRoot/RailingPolish/@MeshInstance3D@622
0	248,216,120	MeshInstance3D	0.2x0.2x0.2	mat=StandardMaterial3D@0.620,0.460,0.320;mat=StandardMaterial3D@0.620,0.460,0.320	StreetIdShot/OrisonRoot/RailingPolish/@MeshInstance3D@623
0	8,232,120	MeshInstance3D	0.0x0.0x0.0	mat=StandardMaterial3D@0.720,0.600,0.380;mat=StandardMaterial3D@0.720,0.600,0.380	StreetIdShot/OrisonRoot/RailingPolish/@MeshInstance3D@624
0	24,232,120	MeshInstance3D	0.2x0.2x0.1	mat=StandardMaterial3D@0.620,0.460,0.320;mat=StandardMaterial3D@0.620,0.460,0.320	StreetIdShot/OrisonRoot/RailingPolish/@MeshInstance3D@625
0	40,232,120	MeshInstance3D	0.1x0.8x0.1	mat=StandardMaterial3D@0.620,0.460,0.320;mat=StandardMaterial3D@0.620,0.460,0.320	StreetIdShot/OrisonRoot/RailingPolish/@MeshInstance3D@626
0	56,232,120	MeshInstance3D	0.1x0.1x0.1	mat=StandardMaterial3D@0.720,0.600,0.380;mat=StandardMaterial3D@0.720,0.600,0.380	StreetIdShot/OrisonRoot/RailingPolish/@MeshInstance3D@627
0	72,232,120	MeshInstance3D	0.2x0.2x0.2	mat=StandardMaterial3D@0.620,0.460,0.320;mat=StandardMaterial3D@0.620,0.460,0.320	StreetIdShot/OrisonRoot/RailingPolish/@MeshInstance3D@628
0	88,232,120	MeshInstance3D	0.0x0.0x0.0	mat=StandardMaterial3D@0.720,0.600,0.380;mat=StandardMaterial3D@0.720,0.600,0.380	StreetIdShot/OrisonRoot/RailingPolish/@MeshInstance3D@629
0	104,232,120	MeshInstance3D	0.1x0.0x0.1	mat=StandardMaterial3D@0.720,0.600,0.380;mat=StandardMaterial3D@0.720,0.600,0.380	StreetIdShot/OrisonRoot/RailingPolish/@MeshInstance3D@630
0	120,232,120	MeshInstance3D	0.1x0.0x0.1	mat=StandardMaterial3D@0.720,0.600,0.380;mat=StandardMaterial3D@0.720,0.600,0.380	StreetIdShot/OrisonRoot/RailingPolish/@MeshInstance3D@631
0	136,232,120	MeshInstance3D	0.1x0.0x0.1	mat=StandardMaterial3D@0.720,0.600,0.380;mat=StandardMaterial3D@0.720,0.600,0.380	StreetIdShot/OrisonRoot/RailingPolish/@MeshInstance3D@632
0	152,232,120	MeshInstance3D	0.1x0.0x0.1	mat=StandardMaterial3D@0.720,0.600,0.380;mat=StandardMaterial3D@0.720,0.600,0.380	StreetIdShot/OrisonRoot/RailingPolish/@MeshInstance3D@633
0	168,232,120	MeshInstance3D	0.1x0.0x0.1	mat=StandardMaterial3D@0.720,0.600,0.380;mat=StandardMaterial3D@0.720,0.600,0.380	StreetIdShot/OrisonRoot/RailingPolish/@MeshInstance3D@634
0	184,232,120	MeshInstance3D	0.0x1.6x2.9	mat=StandardMaterial3D@0.720,0.600,0.380;mat=StandardMaterial3D@0.720,0.600,0.380	StreetIdShot/OrisonRoot/RailingPolish/@MeshInstance3D@635
0	200,232,120	MeshInstance3D	0.2x0.2x0.1	mat=StandardMaterial3D@0.620,0.460,0.320;mat=StandardMaterial3D@0.620,0.460,0.320	StreetIdShot/OrisonRoot/RailingPolish/@MeshInstance3D@636
0	216,232,120	MeshInstance3D	0.1x0.8x0.1	mat=StandardMaterial3D@0.620,0.460,0.320;mat=StandardMaterial3D@0.620,0.460,0.320	StreetIdShot/OrisonRoot/RailingPolish/@MeshInstance3D@637
0	232,232,120	MeshInstance3D	0.1x0.1x0.1	mat=StandardMaterial3D@0.720,0.600,0.380;mat=StandardMaterial3D@0.720,0.600,0.380	StreetIdShot/OrisonRoot/RailingPolish/@MeshInstance3D@638
0	248,232,120	MeshInstance3D	0.2x0.2x0.2	mat=StandardMaterial3D@0.620,0.460,0.320;mat=StandardMaterial3D@0.620,0.460,0.320	StreetIdShot/OrisonRoot/RailingPolish/@MeshInstance3D@639
0	8,248,120	MeshInstance3D	0.0x0.0x0.0	mat=StandardMaterial3D@0.720,0.600,0.380;mat=StandardMaterial3D@0.720,0.600,0.380	StreetIdShot/OrisonRoot/RailingPolish/@MeshInstance3D@640
0	24,248,120	MeshInstance3D	0.2x0.2x0.1	mat=StandardMaterial3D@0.620,0.460,0.320;mat=StandardMaterial3D@0.620,0.460,0.320	StreetIdShot/OrisonRoot/RailingPolish/@MeshInstance3D@641
0	40,248,120	MeshInstance3D	0.1x0.8x0.1	mat=StandardMaterial3D@0.620,0.460,0.320;mat=StandardMaterial3D@0.620,0.460,0.320	StreetIdShot/OrisonRoot/RailingPolish/@MeshInstance3D@642
0	56,248,120	MeshInstance3D	0.1x0.1x0.1	mat=StandardMaterial3D@0.720,0.600,0.380;mat=StandardMaterial3D@0.720,0.600,0.380	StreetIdShot/OrisonRoot/RailingPolish/@MeshInstance3D@643
0	72,248,120	MeshInstance3D	0.2x0.2x0.2	mat=StandardMaterial3D@0.620,0.460,0.320;mat=StandardMaterial3D@0.620,0.460,0.320	StreetIdShot/OrisonRoot/RailingPolish/@MeshInstance3D@644
0	88,248,120	MeshInstance3D	0.0x0.0x0.0	mat=StandardMaterial3D@0.720,0.600,0.380;mat=StandardMaterial3D@0.720,0.600,0.380	StreetIdShot/OrisonRoot/RailingPolish/@MeshInstance3D@645
0	104,248,120	MeshInstance3D	0.1x0.0x0.1	mat=StandardMaterial3D@0.720,0.600,0.380;mat=StandardMaterial3D@0.720,0.600,0.380	StreetIdShot/OrisonRoot/RailingPolish/@MeshInstance3D@646
0	120,248,120	MeshInstance3D	0.1x0.0x0.1	mat=StandardMaterial3D@0.720,0.600,0.380;mat=StandardMaterial3D@0.720,0.600,0.380	StreetIdShot/OrisonRoot/RailingPolish/@MeshInstance3D@647
0	136,248,120	MeshInstance3D	0.1x0.0x0.1	mat=StandardMaterial3D@0.720,0.600,0.380;mat=StandardMaterial3D@0.720,0.600,0.380	StreetIdShot/OrisonRoot/RailingPolish/@MeshInstance3D@648
0	152,248,120	MeshInstance3D	0.1x0.0x0.1	mat=StandardMaterial3D@0.720,0.600,0.380;mat=StandardMaterial3D@0.720,0.600,0.380	StreetIdShot/OrisonRoot/RailingPolish/@MeshInstance3D@649
0	168,248,120	MeshInstance3D	0.1x0.0x0.1	mat=StandardMaterial3D@0.720,0.600,0.380;mat=StandardMaterial3D@0.720,0.600,0.380	StreetIdShot/OrisonRoot/RailingPolish/@MeshInstance3D@650
0	184,248,120	MeshInstance3D	0.2x0.2x0.1	mat=StandardMaterial3D@0.620,0.460,0.320;mat=StandardMaterial3D@0.620,0.460,0.320	StreetIdShot/OrisonRoot/RailingPolish/@MeshInstance3D@651
0	200,248,120	MeshInstance3D	0.1x0.8x0.1	mat=StandardMaterial3D@0.620,0.460,0.320;mat=StandardMaterial3D@0.620,0.460,0.320	StreetIdShot/OrisonRoot/RailingPolish/@MeshInstance3D@652
0	216,248,120	MeshInstance3D	0.1x0.1x0.1	mat=StandardMaterial3D@0.720,0.600,0.380;mat=StandardMaterial3D@0.720,0.600,0.380	StreetIdShot/OrisonRoot/RailingPolish/@MeshInstance3D@653
0	232,248,120	MeshInstance3D	0.2x0.2x0.2	mat=StandardMaterial3D@0.620,0.460,0.320;mat=StandardMaterial3D@0.620,0.460,0.320	StreetIdShot/OrisonRoot/RailingPolish/@MeshInstance3D@654
0	248,248,120	MeshInstance3D	0.0x0.0x0.0	mat=StandardMaterial3D@0.720,0.600,0.380;mat=StandardMaterial3D@0.720,0.600,0.380	StreetIdShot/OrisonRoot/RailingPolish/@MeshInstance3D@655
0	8,8,136	MeshInstance3D	0.2x0.2x0.1	mat=StandardMaterial3D@0.620,0.460,0.320;mat=StandardMaterial3D@0.620,0.460,0.320	StreetIdShot/OrisonRoot/RailingPolish/@MeshInstance3D@656
0	24,8,136	MeshInstance3D	0.1x0.8x0.1	mat=StandardMaterial3D@0.620,0.460,0.320;mat=StandardMaterial3D@0.620,0.460,0.320	StreetIdShot/OrisonRoot/RailingPolish/@MeshInstance3D@657
0	40,8,136	MeshInstance3D	0.1x0.1x0.1	mat=StandardMaterial3D@0.720,0.600,0.380;mat=StandardMaterial3D@0.720,0.600,0.380	StreetIdShot/OrisonRoot/RailingPolish/@MeshInstance3D@658
0	56,8,136	MeshInstance3D	0.2x0.2x0.2	mat=StandardMaterial3D@0.620,0.460,0.320;mat=StandardMaterial3D@0.620,0.460,0.320	StreetIdShot/OrisonRoot/RailingPolish/@MeshInstance3D@659
0	72,8,136	MeshInstance3D	0.0x0.0x0.0	mat=StandardMaterial3D@0.720,0.600,0.380;mat=StandardMaterial3D@0.720,0.600,0.380	StreetIdShot/OrisonRoot/RailingPolish/@MeshInstance3D@660
0	88,8,136	MeshInstance3D	0.0x1.6x2.9	mat=StandardMaterial3D@0.720,0.600,0.380;mat=StandardMaterial3D@0.720,0.600,0.380	StreetIdShot/OrisonRoot/RailingPolish/@MeshInstance3D@661
0	104,8,136	MeshInstance3D	0.2x0.2x0.1	mat=StandardMaterial3D@0.620,0.460,0.320;mat=StandardMaterial3D@0.620,0.460,0.320	StreetIdShot/OrisonRoot/RailingPolish/@MeshInstance3D@662
0	120,8,136	MeshInstance3D	0.1x0.8x0.1	mat=StandardMaterial3D@0.620,0.460,0.320;mat=StandardMaterial3D@0.620,0.460,0.320	StreetIdShot/OrisonRoot/RailingPolish/@MeshInstance3D@663
0	136,8,136	MeshInstance3D	0.1x0.1x0.1	mat=StandardMaterial3D@0.720,0.600,0.380;mat=StandardMaterial3D@0.720,0.600,0.380	StreetIdShot/OrisonRoot/RailingPolish/@MeshInstance3D@664
0	152,8,136	MeshInstance3D	0.2x0.2x0.2	mat=StandardMaterial3D@0.620,0.460,0.320;mat=StandardMaterial3D@0.620,0.460,0.320	StreetIdShot/OrisonRoot/RailingPolish/@MeshInstance3D@665
0	168,8,136	MeshInstance3D	0.0x0.0x0.0	mat=StandardMaterial3D@0.720,0.600,0.380;mat=StandardMaterial3D@0.720,0.600,0.380	StreetIdShot/OrisonRoot/RailingPolish/@MeshInstance3D@666
0	184,8,136	MeshInstance3D	0.2x0.2x0.1	mat=StandardMaterial3D@0.620,0.460,0.320;mat=StandardMaterial3D@0.620,0.460,0.320	StreetIdShot/OrisonRoot/RailingPolish/@MeshInstance3D@667
0	200,8,136	MeshInstance3D	0.1x0.8x0.1	mat=StandardMaterial3D@0.620,0.460,0.320;mat=StandardMaterial3D@0.620,0.460,0.320	StreetIdShot/OrisonRoot/RailingPolish/@MeshInstance3D@668
0	216,8,136	MeshInstance3D	0.1x0.1x0.1	mat=StandardMaterial3D@0.720,0.600,0.380;mat=StandardMaterial3D@0.720,0.600,0.380	StreetIdShot/OrisonRoot/RailingPolish/@MeshInstance3D@669
0	232,8,136	MeshInstance3D	0.2x0.2x0.2	mat=StandardMaterial3D@0.620,0.460,0.320;mat=StandardMaterial3D@0.620,0.460,0.320	StreetIdShot/OrisonRoot/RailingPolish/@MeshInstance3D@670
0	248,8,136	MeshInstance3D	0.0x0.0x0.0	mat=StandardMaterial3D@0.720,0.600,0.380;mat=StandardMaterial3D@0.720,0.600,0.380	StreetIdShot/OrisonRoot/RailingPolish/@MeshInstance3D@671
0	8,24,136	MeshInstance3D	0.1x0.0x0.1	mat=StandardMaterial3D@0.720,0.600,0.380;mat=StandardMaterial3D@0.720,0.600,0.380	StreetIdShot/OrisonRoot/RailingPolish/@MeshInstance3D@672
0	24,24,136	MeshInstance3D	0.1x0.0x0.1	mat=StandardMaterial3D@0.720,0.600,0.380;mat=StandardMaterial3D@0.720,0.600,0.380	StreetIdShot/OrisonRoot/RailingPolish/@MeshInstance3D@673
0	40,24,136	MeshInstance3D	0.1x0.0x0.1	mat=StandardMaterial3D@0.720,0.600,0.380;mat=StandardMaterial3D@0.720,0.600,0.380	StreetIdShot/OrisonRoot/RailingPolish/@MeshInstance3D@674
0	56,24,136	MeshInstance3D	0.1x0.0x0.1	mat=StandardMaterial3D@0.720,0.600,0.380;mat=StandardMaterial3D@0.720,0.600,0.380	StreetIdShot/OrisonRoot/RailingPolish/@MeshInstance3D@675
0	72,24,136	MeshInstance3D	0.1x0.0x0.1	mat=StandardMaterial3D@0.720,0.600,0.380;mat=StandardMaterial3D@0.720,0.600,0.380	StreetIdShot/OrisonRoot/RailingPolish/@MeshInstance3D@676
0	88,24,136	MeshInstance3D	0.0x1.6x2.9	mat=StandardMaterial3D@0.720,0.600,0.380;mat=StandardMaterial3D@0.720,0.600,0.380	StreetIdShot/OrisonRoot/RailingPolish/@MeshInstance3D@677
0	104,24,136	MeshInstance3D	0.2x0.2x0.1	mat=StandardMaterial3D@0.620,0.460,0.320;mat=StandardMaterial3D@0.620,0.460,0.320	StreetIdShot/OrisonRoot/RailingPolish/@MeshInstance3D@678
0	120,24,136	MeshInstance3D	0.1x0.8x0.1	mat=StandardMaterial3D@0.620,0.460,0.320;mat=StandardMaterial3D@0.620,0.460,0.320	StreetIdShot/OrisonRoot/RailingPolish/@MeshInstance3D@679
0	136,24,136	MeshInstance3D	0.1x0.1x0.1	mat=StandardMaterial3D@0.720,0.600,0.380;mat=StandardMaterial3D@0.720,0.600,0.380	StreetIdShot/OrisonRoot/RailingPolish/@MeshInstance3D@680
0	152,24,136	MeshInstance3D	0.2x0.2x0.2	mat=StandardMaterial3D@0.620,0.460,0.320;mat=StandardMaterial3D@0.620,0.460,0.320	StreetIdShot/OrisonRoot/RailingPolish/@MeshInstance3D@681
0	168,24,136	MeshInstance3D	0.0x0.0x0.0	mat=StandardMaterial3D@0.720,0.600,0.380;mat=StandardMaterial3D@0.720,0.600,0.380	StreetIdShot/OrisonRoot/RailingPolish/@MeshInstance3D@682
0	184,24,136	MeshInstance3D	0.2x0.2x0.1	mat=StandardMaterial3D@0.620,0.460,0.320;mat=StandardMaterial3D@0.620,0.460,0.320	StreetIdShot/OrisonRoot/RailingPolish/@MeshInstance3D@683
0	200,24,136	MeshInstance3D	0.1x0.8x0.1	mat=StandardMaterial3D@0.620,0.460,0.320;mat=StandardMaterial3D@0.620,0.460,0.320	StreetIdShot/OrisonRoot/RailingPolish/@MeshInstance3D@684
0	216,24,136	MeshInstance3D	0.1x0.1x0.1	mat=StandardMaterial3D@0.720,0.600,0.380;mat=StandardMaterial3D@0.720,0.600,0.380	StreetIdShot/OrisonRoot/RailingPolish/@MeshInstance3D@685
0	232,24,136	MeshInstance3D	0.2x0.2x0.2	mat=StandardMaterial3D@0.620,0.460,0.320;mat=StandardMaterial3D@0.620,0.460,0.320	StreetIdShot/OrisonRoot/RailingPolish/@MeshInstance3D@686
0	248,24,136	MeshInstance3D	0.0x0.0x0.0	mat=StandardMaterial3D@0.720,0.600,0.380;mat=StandardMaterial3D@0.720,0.600,0.380	StreetIdShot/OrisonRoot/RailingPolish/@MeshInstance3D@687
0	8,40,136	MeshInstance3D	0.1x0.0x0.1	mat=StandardMaterial3D@0.720,0.600,0.380;mat=StandardMaterial3D@0.720,0.600,0.380	StreetIdShot/OrisonRoot/RailingPolish/@MeshInstance3D@688
0	24,40,136	MeshInstance3D	0.1x0.0x0.1	mat=StandardMaterial3D@0.720,0.600,0.380;mat=StandardMaterial3D@0.720,0.600,0.380	StreetIdShot/OrisonRoot/RailingPolish/@MeshInstance3D@689
0	40,40,136	MeshInstance3D	0.1x0.0x0.1	mat=StandardMaterial3D@0.720,0.600,0.380;mat=StandardMaterial3D@0.720,0.600,0.380	StreetIdShot/OrisonRoot/RailingPolish/@MeshInstance3D@690
0	56,40,136	MeshInstance3D	0.1x0.0x0.1	mat=StandardMaterial3D@0.720,0.600,0.380;mat=StandardMaterial3D@0.720,0.600,0.380	StreetIdShot/OrisonRoot/RailingPolish/@MeshInstance3D@691
0	72,40,136	MeshInstance3D	0.1x0.0x0.1	mat=StandardMaterial3D@0.720,0.600,0.380;mat=StandardMaterial3D@0.720,0.600,0.380	StreetIdShot/OrisonRoot/RailingPolish/@MeshInstance3D@692
0	88,40,136	MeshInstance3D	0.2x0.2x0.1	mat=StandardMaterial3D@0.620,0.460,0.320;mat=StandardMaterial3D@0.620,0.460,0.320	StreetIdShot/OrisonRoot/RailingPolish/@MeshInstance3D@693
0	104,40,136	MeshInstance3D	0.1x0.8x0.1	mat=StandardMaterial3D@0.620,0.460,0.320;mat=StandardMaterial3D@0.620,0.460,0.320	StreetIdShot/OrisonRoot/RailingPolish/@MeshInstance3D@694
0	120,40,136	MeshInstance3D	0.1x0.1x0.1	mat=StandardMaterial3D@0.720,0.600,0.380;mat=StandardMaterial3D@0.720,0.600,0.380	StreetIdShot/OrisonRoot/RailingPolish/@MeshInstance3D@695
0	136,40,136	MeshInstance3D	0.2x0.2x0.2	mat=StandardMaterial3D@0.620,0.460,0.320;mat=StandardMaterial3D@0.620,0.460,0.320	StreetIdShot/OrisonRoot/RailingPolish/@MeshInstance3D@696
0	152,40,136	MeshInstance3D	0.0x0.0x0.0	mat=StandardMaterial3D@0.720,0.600,0.380;mat=StandardMaterial3D@0.720,0.600,0.380	StreetIdShot/OrisonRoot/RailingPolish/@MeshInstance3D@697
0	168,40,136	MeshInstance3D	0.2x0.2x0.1	mat=StandardMaterial3D@0.620,0.460,0.320;mat=StandardMaterial3D@0.620,0.460,0.320	StreetIdShot/OrisonRoot/RailingPolish/@MeshInstance3D@698
0	184,40,136	MeshInstance3D	0.1x0.8x0.1	mat=StandardMaterial3D@0.620,0.460,0.320;mat=StandardMaterial3D@0.620,0.460,0.320	StreetIdShot/OrisonRoot/RailingPolish/@MeshInstance3D@699
0	200,40,136	MeshInstance3D	0.1x0.1x0.1	mat=StandardMaterial3D@0.720,0.600,0.380;mat=StandardMaterial3D@0.720,0.600,0.380	StreetIdShot/OrisonRoot/RailingPolish/@MeshInstance3D@700
0	216,40,136	MeshInstance3D	0.2x0.2x0.2	mat=StandardMaterial3D@0.620,0.460,0.320;mat=StandardMaterial3D@0.620,0.460,0.320	StreetIdShot/OrisonRoot/RailingPolish/@MeshInstance3D@701
0	232,40,136	MeshInstance3D	0.0x0.0x0.0	mat=StandardMaterial3D@0.720,0.600,0.380;mat=StandardMaterial3D@0.720,0.600,0.380	StreetIdShot/OrisonRoot/RailingPolish/@MeshInstance3D@702
0	248,40,136	MeshInstance3D	0.0x1.6x2.9	mat=StandardMaterial3D@0.720,0.600,0.380;mat=StandardMaterial3D@0.720,0.600,0.380	StreetIdShot/OrisonRoot/RailingPolish/@MeshInstance3D@703
0	8,56,136	MeshInstance3D	0.2x0.2x0.1	mat=StandardMaterial3D@0.620,0.460,0.320;mat=StandardMaterial3D@0.620,0.460,0.320	StreetIdShot/OrisonRoot/RailingPolish/@MeshInstance3D@704
0	24,56,136	MeshInstance3D	0.1x0.8x0.1	mat=StandardMaterial3D@0.620,0.460,0.320;mat=StandardMaterial3D@0.620,0.460,0.320	StreetIdShot/OrisonRoot/RailingPolish/@MeshInstance3D@705
0	40,56,136	MeshInstance3D	0.1x0.1x0.1	mat=StandardMaterial3D@0.720,0.600,0.380;mat=StandardMaterial3D@0.720,0.600,0.380	StreetIdShot/OrisonRoot/RailingPolish/@MeshInstance3D@706
0	56,56,136	MeshInstance3D	0.2x0.2x0.2	mat=StandardMaterial3D@0.620,0.460,0.320;mat=StandardMaterial3D@0.620,0.460,0.320	StreetIdShot/OrisonRoot/RailingPolish/@MeshInstance3D@707
0	72,56,136	MeshInstance3D	0.0x0.0x0.0	mat=StandardMaterial3D@0.720,0.600,0.380;mat=StandardMaterial3D@0.720,0.600,0.380	StreetIdShot/OrisonRoot/RailingPolish/@MeshInstance3D@708
0	88,56,136	MeshInstance3D	0.2x0.2x0.1	mat=StandardMaterial3D@0.620,0.460,0.320;mat=StandardMaterial3D@0.620,0.460,0.320	StreetIdShot/OrisonRoot/RailingPolish/@MeshInstance3D@709
0	104,56,136	MeshInstance3D	0.1x0.8x0.1	mat=StandardMaterial3D@0.620,0.460,0.320;mat=StandardMaterial3D@0.620,0.460,0.320	StreetIdShot/OrisonRoot/RailingPolish/@MeshInstance3D@710
0	120,56,136	MeshInstance3D	0.1x0.1x0.1	mat=StandardMaterial3D@0.720,0.600,0.380;mat=StandardMaterial3D@0.720,0.600,0.380	StreetIdShot/OrisonRoot/RailingPolish/@MeshInstance3D@711
0	136,56,136	MeshInstance3D	0.2x0.2x0.2	mat=StandardMaterial3D@0.620,0.460,0.320;mat=StandardMaterial3D@0.620,0.460,0.320	StreetIdShot/OrisonRoot/RailingPolish/@MeshInstance3D@712
0	152,56,136	MeshInstance3D	0.0x0.0x0.0	mat=StandardMaterial3D@0.720,0.600,0.380;mat=StandardMaterial3D@0.720,0.600,0.380	StreetIdShot/OrisonRoot/RailingPolish/@MeshInstance3D@713
0	168,56,136	MeshInstance3D	0.1x0.0x0.1	mat=StandardMaterial3D@0.720,0.600,0.380;mat=StandardMaterial3D@0.720,0.600,0.380	StreetIdShot/OrisonRoot/RailingPolish/@MeshInstance3D@714
0	184,56,136	MeshInstance3D	0.1x0.0x0.1	mat=StandardMaterial3D@0.720,0.600,0.380;mat=StandardMaterial3D@0.720,0.600,0.380	StreetIdShot/OrisonRoot/RailingPolish/@MeshInstance3D@715
0	200,56,136	MeshInstance3D	0.1x0.0x0.1	mat=StandardMaterial3D@0.720,0.600,0.380;mat=StandardMaterial3D@0.720,0.600,0.380	StreetIdShot/OrisonRoot/RailingPolish/@MeshInstance3D@716
0	216,56,136	MeshInstance3D	0.1x0.0x0.1	mat=StandardMaterial3D@0.720,0.600,0.380;mat=StandardMaterial3D@0.720,0.600,0.380	StreetIdShot/OrisonRoot/RailingPolish/@MeshInstance3D@717
0	232,56,136	MeshInstance3D	0.1x0.0x0.1	mat=StandardMaterial3D@0.720,0.600,0.380;mat=StandardMaterial3D@0.720,0.600,0.380	StreetIdShot/OrisonRoot/RailingPolish/@MeshInstance3D@718
0	248,56,136	MeshInstance3D	212.1x32.5x163.0	mat=StandardMaterial3D@1.000,0.820,0.560;mat=StandardMaterial3D@1.000,0.820,0.560	StreetIdShot/OrisonRoot/WindowGlow/SitePanes_w2
0	8,72,136	MeshInstance3D	212.1x32.5x164.1	mat=StandardMaterial3D@1.000,0.820,0.560;mat=StandardMaterial3D@1.000,0.820,0.560	StreetIdShot/OrisonRoot/WindowGlow/SitePanes_w3
0	24,72,136	MeshInstance3D	196.0x32.5x156.7	mat=StandardMaterial3D@0.740,0.840,0.960;mat=StandardMaterial3D@0.740,0.840,0.960	StreetIdShot/OrisonRoot/WindowGlow/SitePanes_c3
0	40,72,136	MeshInstance3D	211.0x32.5x164.1	mat=StandardMaterial3D@0.740,0.840,0.960;mat=StandardMaterial3D@0.740,0.840,0.960	StreetIdShot/OrisonRoot/WindowGlow/SitePanes_c2
0	56,72,136	MeshInstance3D	207.6x32.5x163.0	mat=StandardMaterial3D@1.000,0.820,0.560;mat=StandardMaterial3D@1.000,0.820,0.560	StreetIdShot/OrisonRoot/WindowGlow/SitePanes_w4
0	72,72,136	MeshInstance3D	184.3x32.5x159.5	mat=StandardMaterial3D@0.740,0.840,0.960;mat=StandardMaterial3D@0.740,0.840,0.960	StreetIdShot/OrisonRoot/WindowGlow/SitePanes_c4
0	88,72,136	MeshInstance3D	139.0x32.5x112.0	mat=StandardMaterial3D@1.000,0.820,0.560;mat=StandardMaterial3D@1.000,0.820,0.560	StreetIdShot/OrisonRoot/WindowGlow/SitePanes_w1
0	104,72,136	MeshInstance3D	149.0x13.5x110.5	mat=StandardMaterial3D@0.740,0.840,0.960;mat=StandardMaterial3D@0.740,0.840,0.960	StreetIdShot/OrisonRoot/WindowGlow/SitePanes_c1
0	120,72,136	MeshInstance3D	212.1x32.5x164.1	mat=StandardMaterial3D@0.050,0.050,0.060;mat=StandardMaterial3D@0.050,0.050,0.060	StreetIdShot/OrisonRoot/WindowGlow/SiteSashes
0	136,72,136	MeshInstance3D	0.0x0.1x0.1	mat=StandardMaterial3D@0.820,0.720,0.480;mat=StandardMaterial3D@0.820,0.720,0.480	StreetIdShot/OrisonRoot/F01_LOBBY_RADIATOR_01/WorkingAssembly/CastSections/ReplaceableAirVent/@MeshInstance3D@1854
0	152,72,136	MeshInstance3D	0.0x0.1x0.0	mat=StandardMaterial3D@0.480,0.200,0.100;mat=StandardMaterial3D@0.480,0.200,0.100	StreetIdShot/OrisonRoot/F01_LOBBY_RADIATOR_01/WorkingAssembly/CastSections/ReplaceableAirVent/@MeshInstance3D@1855
0	168,72,136	MeshInstance3D	0.2x0.6x0.8	mat=StandardMaterial3D@0.320,0.310,0.300;mat=StandardMaterial3D@0.320,0.310,0.300	StreetIdShot/OrisonRoot/F01_LOBBY_RADIATOR_01/WorkingAssembly/CastSections/@MeshInstance3D@1852
0	184,72,136	MeshInstance3D	0.1x0.1x0.1	mat=StandardMaterial3D@0.820,0.720,0.480;mat=StandardMaterial3D@0.820,0.720,0.480	StreetIdShot/OrisonRoot/F01_LOBBY_RADIATOR_01/WorkingAssembly/SupplyHandwheel/@MeshInstance3D@1853
0	200,72,136	MeshInstance3D	0.1x0.0x0.1	mat=StandardMaterial3D@0.420,0.290,0.180;mat=StandardMaterial3D@0.420,0.290,0.180	StreetIdShot/OrisonRoot/F01_LOBBY_RADIATOR_01/WorkingAssembly/FarEndPitchShim/@MeshInstance3D@1851
0	216,72,136	MeshInstance3D	0.1x0.1x0.2	mat=StandardMaterial3D@0.520,0.480,0.440;mat=StandardMaterial3D@0.520,0.480,0.440	StreetIdShot/OrisonRoot/F01_LOBBY_RADIATOR_01/WorkingAssembly/@MeshInstance3D@1856
0	232,72,136	MeshInstance3D	0.0x0.0x0.1	mat=StandardMaterial3D@0.480,0.200,0.100;mat=StandardMaterial3D@0.480,0.200,0.100	StreetIdShot/OrisonRoot/F01_LOBBY_RADIATOR_01/WorkingAssembly/@MeshInstance3D@1857
0	248,72,136	MeshInstance3D	0.1x0.5x0.5	mat=StandardMaterial3D@0.520,0.460,0.380;mat=StandardMaterial3D@0.520,0.460,0.380	StreetIdShot/OrisonRoot/F01_LOBBY_CLOCK_01/StaticCase/@MeshInstance3D@1887
0	8,88,136	MeshInstance3D	0.0x0.4x0.4	mat=StandardMaterial3D@0.800,0.810,0.770;mat=StandardMaterial3D@0.800,0.810,0.770	StreetIdShot/OrisonRoot/F01_LOBBY_CLOCK_01/StaticCase/@MeshInstance3D@1888
0	24,88,136	MeshInstance3D	0.0x0.5x0.5	mat=StandardMaterial3D@0.820,0.720,0.480;mat=StandardMaterial3D@0.820,0.720,0.480	StreetIdShot/OrisonRoot/F01_LOBBY_CLOCK_01/StaticCase/@MeshInstance3D@1889
0	40,88,136	MeshInstance3D	0.0x0.4x0.4	mat=StandardMaterial3D@0.075,0.068,0.058;mat=StandardMaterial3D@0.075,0.068,0.058	StreetIdShot/OrisonRoot/F01_LOBBY_CLOCK_01/StaticCase/@MeshInstance3D@1890
0	56,88,136	MeshInstance3D	0.0x0.3x0.3	mat=StandardMaterial3D@0.780,0.780,0.740;mat=StandardMaterial3D@0.780,0.780,0.740	StreetIdShot/OrisonRoot/F01_LOBBY_CLOCK_01/StaticCase/@MeshInstance3D@1891
0	72,88,136	MeshInstance3D	0.0x0.1x0.1	mat=StandardMaterial3D@0.075,0.068,0.058;mat=StandardMaterial3D@0.075,0.068,0.058	StreetIdShot/OrisonRoot/F01_LOBBY_CLOCK_01/HourHand/@MeshInstance3D@1883
0	88,88,136	MeshInstance3D	0.0x0.1x0.1	mat=StandardMaterial3D@0.075,0.068,0.058;mat=StandardMaterial3D@0.075,0.068,0.058	StreetIdShot/OrisonRoot/F01_LOBBY_CLOCK_01/MinuteHand/@MeshInstance3D@1884
0	104,88,136	MeshInstance3D	0.0x0.2x0.0	mat=StandardMaterial3D@0.380,0.075,0.055;mat=StandardMaterial3D@0.380,0.075,0.055	StreetIdShot/OrisonRoot/F01_LOBBY_CLOCK_01/SecondHand/@MeshInstance3D@1885
0	120,88,136	MeshInstance3D	0.0x0.8x0.0	mat=StandardMaterial3D@1.000,0.320,0.440;mat=StandardMaterial3D@1.000,0.320,0.440	StreetIdShot/OrisonRoot/F01_NEON_BLADE/@Node3D@1898/@Node3D@1899/@MeshInstance3D@1900
0	136,88,136	MeshInstance3D	0.1x0.0x0.0	mat=StandardMaterial3D@0.300,0.310,0.300;mat=StandardMaterial3D@0.300,0.310,0.300	StreetIdShot/OrisonRoot/F01_NEON_BLADE/@Node3D@1898/@Node3D@1899/@MeshInstance3D@1901
0	152,88,136	MeshInstance3D	0.1x0.1x0.0	mat=StandardMaterial3D@0.740,0.720,0.660;mat=StandardMaterial3D@0.740,0.720,0.660	StreetIdShot/OrisonRoot/F01_NEON_BLADE/@Node3D@1898/@Node3D@1899/@MeshInstance3D@1902
0	168,88,136	MeshInstance3D	0.1x0.1x0.0	mat=StandardMaterial3D@0.740,0.720,0.660;mat=StandardMaterial3D@0.740,0.720,0.660	StreetIdShot/OrisonRoot/F01_NEON_BLADE/@Node3D@1898/@Node3D@1899/@MeshInstance3D@1903
0	184,88,136	MeshInstance3D	0.0x0.8x0.0	mat=StandardMaterial3D@1.000,0.320,0.440;mat=StandardMaterial3D@1.000,0.320,0.440	StreetIdShot/OrisonRoot/F01_NEON_BLADE/@Node3D@1898/@Node3D@1899/@MeshInstance3D@1904
0	200,88,136	MeshInstance3D	0.1x0.0x0.0	mat=StandardMaterial3D@0.300,0.310,0.300;mat=StandardMaterial3D@0.300,0.310,0.300	StreetIdShot/OrisonRoot/F01_NEON_BLADE/@Node3D@1898/@Node3D@1899/@MeshInstance3D@1905
0	216,88,136	MeshInstance3D	0.1x0.1x0.0	mat=StandardMaterial3D@0.740,0.720,0.660;mat=StandardMaterial3D@0.740,0.720,0.660	StreetIdShot/OrisonRoot/F01_NEON_BLADE/@Node3D@1898/@Node3D@1899/@MeshInstance3D@1906
0	232,88,136	MeshInstance3D	0.1x0.1x0.0	mat=StandardMaterial3D@0.740,0.720,0.660;mat=StandardMaterial3D@0.740,0.720,0.660	StreetIdShot/OrisonRoot/F01_NEON_BLADE/@Node3D@1898/@Node3D@1899/@MeshInstance3D@1907
0	248,88,136	MeshInstance3D	0.0x0.0x0.5	mat=StandardMaterial3D@1.000,0.320,0.440;mat=StandardMaterial3D@1.000,0.320,0.440	StreetIdShot/OrisonRoot/F01_NEON_BLADE/@Node3D@1898/@Node3D@1899/@MeshInstance3D@1908
0	8,104,136	MeshInstance3D	0.1x0.0x0.0	mat=StandardMaterial3D@0.300,0.310,0.300;mat=StandardMaterial3D@0.300,0.310,0.300	StreetIdShot/OrisonRoot/F01_NEON_BLADE/@Node3D@1898/@Node3D@1899/@MeshInstance3D@1909
0	24,104,136	MeshInstance3D	0.1x0.1x0.0	mat=StandardMaterial3D@0.740,0.720,0.660;mat=StandardMaterial3D@0.740,0.720,0.660	StreetIdShot/OrisonRoot/F01_NEON_BLADE/@Node3D@1898/@Node3D@1899/@MeshInstance3D@1910
0	40,104,136	MeshInstance3D	0.1x0.1x0.0	mat=StandardMaterial3D@0.740,0.720,0.660;mat=StandardMaterial3D@0.740,0.720,0.660	StreetIdShot/OrisonRoot/F01_NEON_BLADE/@Node3D@1898/@Node3D@1899/@MeshInstance3D@1911
0	56,104,136	MeshInstance3D	0.0x0.0x0.5	mat=StandardMaterial3D@1.000,0.320,0.440;mat=StandardMaterial3D@1.000,0.320,0.440	StreetIdShot/OrisonRoot/F01_NEON_BLADE/@Node3D@1898/@Node3D@1899/@MeshInstance3D@1912
0	72,104,136	MeshInstance3D	0.1x0.0x0.0	mat=StandardMaterial3D@0.300,0.310,0.300;mat=StandardMaterial3D@0.300,0.310,0.300	StreetIdShot/OrisonRoot/F01_NEON_BLADE/@Node3D@1898/@Node3D@1899/@MeshInstance3D@1913
0	88,104,136	MeshInstance3D	0.1x0.1x0.0	mat=StandardMaterial3D@0.740,0.720,0.660;mat=StandardMaterial3D@0.740,0.720,0.660	StreetIdShot/OrisonRoot/F01_NEON_BLADE/@Node3D@1898/@Node3D@1899/@MeshInstance3D@1914
0	104,104,136	MeshInstance3D	0.1x0.1x0.0	mat=StandardMaterial3D@0.740,0.720,0.660;mat=StandardMaterial3D@0.740,0.720,0.660	StreetIdShot/OrisonRoot/F01_NEON_BLADE/@Node3D@1898/@Node3D@1899/@MeshInstance3D@1915
0	120,104,136	MeshInstance3D	0.0x0.8x0.0	mat=StandardMaterial3D@1.000,0.320,0.440;mat=StandardMaterial3D@1.000,0.320,0.440	StreetIdShot/OrisonRoot/F01_NEON_BLADE/@Node3D@1898/@Node3D@1916/@MeshInstance3D@1917
0	136,104,136	MeshInstance3D	0.1x0.0x0.0	mat=StandardMaterial3D@0.300,0.310,0.300;mat=StandardMaterial3D@0.300,0.310,0.300	StreetIdShot/OrisonRoot/F01_NEON_BLADE/@Node3D@1898/@Node3D@1916/@MeshInstance3D@1918
0	152,104,136	MeshInstance3D	0.1x0.1x0.0	mat=StandardMaterial3D@0.740,0.720,0.660;mat=StandardMaterial3D@0.740,0.720,0.660	StreetIdShot/OrisonRoot/F01_NEON_BLADE/@Node3D@1898/@Node3D@1916/@MeshInstance3D@1919
0	168,104,136	MeshInstance3D	0.1x0.1x0.0	mat=StandardMaterial3D@0.740,0.720,0.660;mat=StandardMaterial3D@0.740,0.720,0.660	StreetIdShot/OrisonRoot/F01_NEON_BLADE/@Node3D@1898/@Node3D@1916/@MeshInstance3D@1920
0	184,104,136	MeshInstance3D	0.0x0.0x0.5	mat=StandardMaterial3D@1.000,0.320,0.440;mat=StandardMaterial3D@1.000,0.320,0.440	StreetIdShot/OrisonRoot/F01_NEON_BLADE/@Node3D@1898/@Node3D@1916/@MeshInstance3D@1921
0	200,104,136	MeshInstance3D	0.1x0.0x0.0	mat=StandardMaterial3D@0.300,0.310,0.300;mat=StandardMaterial3D@0.300,0.310,0.300	StreetIdShot/OrisonRoot/F01_NEON_BLADE/@Node3D@1898/@Node3D@1916/@MeshInstance3D@1922
0	216,104,136	MeshInstance3D	0.1x0.1x0.0	mat=StandardMaterial3D@0.740,0.720,0.660;mat=StandardMaterial3D@0.740,0.720,0.660	StreetIdShot/OrisonRoot/F01_NEON_BLADE/@Node3D@1898/@Node3D@1916/@MeshInstance3D@1923
0	232,104,136	MeshInstance3D	0.1x0.1x0.0	mat=StandardMaterial3D@0.740,0.720,0.660;mat=StandardMaterial3D@0.740,0.720,0.660	StreetIdShot/OrisonRoot/F01_NEON_BLADE/@Node3D@1898/@Node3D@1916/@MeshInstance3D@1924
0	248,104,136	MeshInstance3D	0.0x0.4x0.0	mat=StandardMaterial3D@1.000,0.320,0.440;mat=StandardMaterial3D@1.000,0.320,0.440	StreetIdShot/OrisonRoot/F01_NEON_BLADE/@Node3D@1898/@Node3D@1916/@MeshInstance3D@1925
0	8,120,136	MeshInstance3D	0.1x0.0x0.0	mat=StandardMaterial3D@0.300,0.310,0.300;mat=StandardMaterial3D@0.300,0.310,0.300	StreetIdShot/OrisonRoot/F01_NEON_BLADE/@Node3D@1898/@Node3D@1916/@MeshInstance3D@1926
0	24,120,136	MeshInstance3D	0.1x0.1x0.0	mat=StandardMaterial3D@0.740,0.720,0.660;mat=StandardMaterial3D@0.740,0.720,0.660	StreetIdShot/OrisonRoot/F01_NEON_BLADE/@Node3D@1898/@Node3D@1916/@MeshInstance3D@1927
0	40,120,136	MeshInstance3D	0.1x0.1x0.0	mat=StandardMaterial3D@0.740,0.720,0.660;mat=StandardMaterial3D@0.740,0.720,0.660	StreetIdShot/OrisonRoot/F01_NEON_BLADE/@Node3D@1898/@Node3D@1916/@MeshInstance3D@1928
0	56,120,136	MeshInstance3D	0.0x0.0x0.5	mat=StandardMaterial3D@1.000,0.320,0.440;mat=StandardMaterial3D@1.000,0.320,0.440	StreetIdShot/OrisonRoot/F01_NEON_BLADE/@Node3D@1898/@Node3D@1916/@MeshInstance3D@1929
0	72,120,136	MeshInstance3D	0.1x0.0x0.0	mat=StandardMaterial3D@0.300,0.310,0.300;mat=StandardMaterial3D@0.300,0.310,0.300	StreetIdShot/OrisonRoot/F01_NEON_BLADE/@Node3D@1898/@Node3D@1916/@MeshInstance3D@1930
0	88,120,136	MeshInstance3D	0.1x0.1x0.0	mat=StandardMaterial3D@0.740,0.720,0.660;mat=StandardMaterial3D@0.740,0.720,0.660	StreetIdShot/OrisonRoot/F01_NEON_BLADE/@Node3D@1898/@Node3D@1916/@MeshInstance3D@1931
0	104,120,136	MeshInstance3D	0.1x0.1x0.0	mat=StandardMaterial3D@0.740,0.720,0.660;mat=StandardMaterial3D@0.740,0.720,0.660	StreetIdShot/OrisonRoot/F01_NEON_BLADE/@Node3D@1898/@Node3D@1916/@MeshInstance3D@1932
0	120,120,136	MeshInstance3D	0.0x0.4x0.5	mat=StandardMaterial3D@1.000,0.320,0.440;mat=StandardMaterial3D@1.000,0.320,0.440	StreetIdShot/OrisonRoot/F01_NEON_BLADE/@Node3D@1898/@Node3D@1916/@MeshInstance3D@1933
0	136,120,136	MeshInstance3D	0.1x0.0x0.0	mat=StandardMaterial3D@0.300,0.310,0.300;mat=StandardMaterial3D@0.300,0.310,0.300	StreetIdShot/OrisonRoot/F01_NEON_BLADE/@Node3D@1898/@Node3D@1916/@MeshInstance3D@1934
0	152,120,136	MeshInstance3D	0.1x0.1x0.0	mat=StandardMaterial3D@0.740,0.720,0.660;mat=StandardMaterial3D@0.740,0.720,0.660	StreetIdShot/OrisonRoot/F01_NEON_BLADE/@Node3D@1898/@Node3D@1916/@MeshInstance3D@1935
0	168,120,136	MeshInstance3D	0.1x0.1x0.0	mat=StandardMaterial3D@0.740,0.720,0.660;mat=StandardMaterial3D@0.740,0.720,0.660	StreetIdShot/OrisonRoot/F01_NEON_BLADE/@Node3D@1898/@Node3D@1916/@MeshInstance3D@1936
0	184,120,136	MeshInstance3D	0.0x0.8x0.0	mat=StandardMaterial3D@1.000,0.320,0.440;mat=StandardMaterial3D@1.000,0.320,0.440	StreetIdShot/OrisonRoot/F01_NEON_BLADE/@Node3D@1898/@Node3D@1937/@MeshInstance3D@1938
0	200,120,136	MeshInstance3D	0.1x0.0x0.0	mat=StandardMaterial3D@0.300,0.310,0.300;mat=StandardMaterial3D@0.300,0.310,0.300	StreetIdShot/OrisonRoot/F01_NEON_BLADE/@Node3D@1898/@Node3D@1937/@MeshInstance3D@1939
0	216,120,136	MeshInstance3D	0.1x0.1x0.0	mat=StandardMaterial3D@0.740,0.720,0.660;mat=StandardMaterial3D@0.740,0.720,0.660	StreetIdShot/OrisonRoot/F01_NEON_BLADE/@Node3D@1898/@Node3D@1937/@MeshInstance3D@1940
0	232,120,136	MeshInstance3D	0.1x0.1x0.0	mat=StandardMaterial3D@0.740,0.720,0.660;mat=StandardMaterial3D@0.740,0.720,0.660	StreetIdShot/OrisonRoot/F01_NEON_BLADE/@Node3D@1898/@Node3D@1937/@MeshInstance3D@1941
0	248,120,136	MeshInstance3D	0.0x0.0x0.4	mat=StandardMaterial3D@1.000,0.320,0.440;mat=StandardMaterial3D@1.000,0.320,0.440	StreetIdShot/OrisonRoot/F01_NEON_BLADE/@Node3D@1898/@Node3D@1937/@MeshInstance3D@1942
0	8,136,136	MeshInstance3D	0.1x0.0x0.0	mat=StandardMaterial3D@0.300,0.310,0.300;mat=StandardMaterial3D@0.300,0.310,0.300	StreetIdShot/OrisonRoot/F01_NEON_BLADE/@Node3D@1898/@Node3D@1937/@MeshInstance3D@1943
0	24,136,136	MeshInstance3D	0.1x0.1x0.0	mat=StandardMaterial3D@0.740,0.720,0.660;mat=StandardMaterial3D@0.740,0.720,0.660	StreetIdShot/OrisonRoot/F01_NEON_BLADE/@Node3D@1898/@Node3D@1937/@MeshInstance3D@1944
0	40,136,136	MeshInstance3D	0.1x0.1x0.0	mat=StandardMaterial3D@0.740,0.720,0.660;mat=StandardMaterial3D@0.740,0.720,0.660	StreetIdShot/OrisonRoot/F01_NEON_BLADE/@Node3D@1898/@Node3D@1937/@MeshInstance3D@1945
0	56,136,136	MeshInstance3D	0.0x0.0x0.4	mat=StandardMaterial3D@1.000,0.320,0.440;mat=StandardMaterial3D@1.000,0.320,0.440	StreetIdShot/OrisonRoot/F01_NEON_BLADE/@Node3D@1898/@Node3D@1937/@MeshInstance3D@1946
0	72,136,136	MeshInstance3D	0.1x0.0x0.0	mat=StandardMaterial3D@0.300,0.310,0.300;mat=StandardMaterial3D@0.300,0.310,0.300	StreetIdShot/OrisonRoot/F01_NEON_BLADE/@Node3D@1898/@Node3D@1937/@MeshInstance3D@1947
0	88,136,136	MeshInstance3D	0.1x0.1x0.0	mat=StandardMaterial3D@0.740,0.720,0.660;mat=StandardMaterial3D@0.740,0.720,0.660	StreetIdShot/OrisonRoot/F01_NEON_BLADE/@Node3D@1898/@Node3D@1937/@MeshInstance3D@1948
0	104,136,136	MeshInstance3D	0.1x0.1x0.0	mat=StandardMaterial3D@0.740,0.720,0.660;mat=StandardMaterial3D@0.740,0.720,0.660	StreetIdShot/OrisonRoot/F01_NEON_BLADE/@Node3D@1898/@Node3D@1937/@MeshInstance3D@1949
0	120,136,136	MeshInstance3D	0.0x0.0x0.5	mat=StandardMaterial3D@1.000,0.320,0.440;mat=StandardMaterial3D@1.000,0.320,0.440	StreetIdShot/OrisonRoot/F01_NEON_BLADE/@Node3D@1898/@Node3D@1950/@MeshInstance3D@1951
0	136,136,136	MeshInstance3D	0.1x0.0x0.0	mat=StandardMaterial3D@0.300,0.310,0.300;mat=StandardMaterial3D@0.300,0.310,0.300	StreetIdShot/OrisonRoot/F01_NEON_BLADE/@Node3D@1898/@Node3D@1950/@MeshInstance3D@1952
0	152,136,136	MeshInstance3D	0.1x0.1x0.0	mat=StandardMaterial3D@0.740,0.720,0.660;mat=StandardMaterial3D@0.740,0.720,0.660	StreetIdShot/OrisonRoot/F01_NEON_BLADE/@Node3D@1898/@Node3D@1950/@MeshInstance3D@1953
0	168,136,136	MeshInstance3D	0.1x0.1x0.0	mat=StandardMaterial3D@0.740,0.720,0.660;mat=StandardMaterial3D@0.740,0.720,0.660	StreetIdShot/OrisonRoot/F01_NEON_BLADE/@Node3D@1898/@Node3D@1950/@MeshInstance3D@1954
0	184,136,136	MeshInstance3D	0.0x0.4x0.0	mat=StandardMaterial3D@1.000,0.320,0.440;mat=StandardMaterial3D@1.000,0.320,0.440	StreetIdShot/OrisonRoot/F01_NEON_BLADE/@Node3D@1898/@Node3D@1950/@MeshInstance3D@1955
0	200,136,136	MeshInstance3D	0.1x0.0x0.0	mat=StandardMaterial3D@0.300,0.310,0.300;mat=StandardMaterial3D@0.300,0.310,0.300	StreetIdShot/OrisonRoot/F01_NEON_BLADE/@Node3D@1898/@Node3D@1950/@MeshInstance3D@1956
0	216,136,136	MeshInstance3D	0.1x0.1x0.0	mat=StandardMaterial3D@0.740,0.720,0.660;mat=StandardMaterial3D@0.740,0.720,0.660	StreetIdShot/OrisonRoot/F01_NEON_BLADE/@Node3D@1898/@Node3D@1950/@MeshInstance3D@1957
0	232,136,136	MeshInstance3D	0.1x0.1x0.0	mat=StandardMaterial3D@0.740,0.720,0.660;mat=StandardMaterial3D@0.740,0.720,0.660	StreetIdShot/OrisonRoot/F01_NEON_BLADE/@Node3D@1898/@Node3D@1950/@MeshInstance3D@1958
0	248,136,136	MeshInstance3D	0.0x0.0x0.5	mat=StandardMaterial3D@1.000,0.320,0.440;mat=StandardMaterial3D@1.000,0.320,0.440	StreetIdShot/OrisonRoot/F01_NEON_BLADE/@Node3D@1898/@Node3D@1950/@MeshInstance3D@1959
0	8,152,136	MeshInstance3D	0.1x0.0x0.0	mat=StandardMaterial3D@0.300,0.310,0.300;mat=StandardMaterial3D@0.300,0.310,0.300	StreetIdShot/OrisonRoot/F01_NEON_BLADE/@Node3D@1898/@Node3D@1950/@MeshInstance3D@1960
0	24,152,136	MeshInstance3D	0.1x0.1x0.0	mat=StandardMaterial3D@0.740,0.720,0.660;mat=StandardMaterial3D@0.740,0.720,0.660	StreetIdShot/OrisonRoot/F01_NEON_BLADE/@Node3D@1898/@Node3D@1950/@MeshInstance3D@1961
0	40,152,136	MeshInstance3D	0.1x0.1x0.0	mat=StandardMaterial3D@0.740,0.720,0.660;mat=StandardMaterial3D@0.740,0.720,0.660	StreetIdShot/OrisonRoot/F01_NEON_BLADE/@Node3D@1898/@Node3D@1950/@MeshInstance3D@1962
0	56,152,136	MeshInstance3D	0.0x0.4x0.0	mat=StandardMaterial3D@1.000,0.320,0.440;mat=StandardMaterial3D@1.000,0.320,0.440	StreetIdShot/OrisonRoot/F01_NEON_BLADE/@Node3D@1898/@Node3D@1950/@MeshInstance3D@1963
0	72,152,136	MeshInstance3D	0.1x0.0x0.0	mat=StandardMaterial3D@0.300,0.310,0.300;mat=StandardMaterial3D@0.300,0.310,0.300	StreetIdShot/OrisonRoot/F01_NEON_BLADE/@Node3D@1898/@Node3D@1950/@MeshInstance3D@1964
0	88,152,136	MeshInstance3D	0.1x0.1x0.0	mat=StandardMaterial3D@0.740,0.720,0.660;mat=StandardMaterial3D@0.740,0.720,0.660	StreetIdShot/OrisonRoot/F01_NEON_BLADE/@Node3D@1898/@Node3D@1950/@MeshInstance3D@1965
0	104,152,136	MeshInstance3D	0.1x0.1x0.0	mat=StandardMaterial3D@0.740,0.720,0.660;mat=StandardMaterial3D@0.740,0.720,0.660	StreetIdShot/OrisonRoot/F01_NEON_BLADE/@Node3D@1898/@Node3D@1950/@MeshInstance3D@1966
0	120,152,136	MeshInstance3D	0.0x0.0x0.5	mat=StandardMaterial3D@1.000,0.320,0.440;mat=StandardMaterial3D@1.000,0.320,0.440	StreetIdShot/OrisonRoot/F01_NEON_BLADE/@Node3D@1898/@Node3D@1950/@MeshInstance3D@1967
0	136,152,136	MeshInstance3D	0.1x0.0x0.0	mat=StandardMaterial3D@0.300,0.310,0.300;mat=StandardMaterial3D@0.300,0.310,0.300	StreetIdShot/OrisonRoot/F01_NEON_BLADE/@Node3D@1898/@Node3D@1950/@MeshInstance3D@1968
0	152,152,136	MeshInstance3D	0.1x0.1x0.0	mat=StandardMaterial3D@0.740,0.720,0.660;mat=StandardMaterial3D@0.740,0.720,0.660	StreetIdShot/OrisonRoot/F01_NEON_BLADE/@Node3D@1898/@Node3D@1950/@MeshInstance3D@1969
0	168,152,136	MeshInstance3D	0.1x0.1x0.0	mat=StandardMaterial3D@0.740,0.720,0.660;mat=StandardMaterial3D@0.740,0.720,0.660	StreetIdShot/OrisonRoot/F01_NEON_BLADE/@Node3D@1898/@Node3D@1950/@MeshInstance3D@1970
0	184,152,136	MeshInstance3D	0.0x0.8x0.0	mat=StandardMaterial3D@1.000,0.320,0.440;mat=StandardMaterial3D@1.000,0.320,0.440	StreetIdShot/OrisonRoot/F01_NEON_BLADE/@Node3D@1898/@Node3D@1971/@MeshInstance3D@1972
0	200,152,136	MeshInstance3D	0.1x0.0x0.0	mat=StandardMaterial3D@0.300,0.310,0.300;mat=StandardMaterial3D@0.300,0.310,0.300	StreetIdShot/OrisonRoot/F01_NEON_BLADE/@Node3D@1898/@Node3D@1971/@MeshInstance3D@1973
0	216,152,136	MeshInstance3D	0.1x0.1x0.0	mat=StandardMaterial3D@0.740,0.720,0.660;mat=StandardMaterial3D@0.740,0.720,0.660	StreetIdShot/OrisonRoot/F01_NEON_BLADE/@Node3D@1898/@Node3D@1971/@MeshInstance3D@1974
0	232,152,136	MeshInstance3D	0.1x0.1x0.0	mat=StandardMaterial3D@0.740,0.720,0.660;mat=StandardMaterial3D@0.740,0.720,0.660	StreetIdShot/OrisonRoot/F01_NEON_BLADE/@Node3D@1898/@Node3D@1971/@MeshInstance3D@1975
0	248,152,136	MeshInstance3D	0.0x0.8x0.0	mat=StandardMaterial3D@1.000,0.320,0.440;mat=StandardMaterial3D@1.000,0.320,0.440	StreetIdShot/OrisonRoot/F01_NEON_BLADE/@Node3D@1898/@Node3D@1971/@MeshInstance3D@1976
0	8,168,136	MeshInstance3D	0.1x0.0x0.0	mat=StandardMaterial3D@0.300,0.310,0.300;mat=StandardMaterial3D@0.300,0.310,0.300	StreetIdShot/OrisonRoot/F01_NEON_BLADE/@Node3D@1898/@Node3D@1971/@MeshInstance3D@1977
0	24,168,136	MeshInstance3D	0.1x0.1x0.0	mat=StandardMaterial3D@0.740,0.720,0.660;mat=StandardMaterial3D@0.740,0.720,0.660	StreetIdShot/OrisonRoot/F01_NEON_BLADE/@Node3D@1898/@Node3D@1971/@MeshInstance3D@1978
0	40,168,136	MeshInstance3D	0.1x0.1x0.0	mat=StandardMaterial3D@0.740,0.720,0.660;mat=StandardMaterial3D@0.740,0.720,0.660	StreetIdShot/OrisonRoot/F01_NEON_BLADE/@Node3D@1898/@Node3D@1971/@MeshInstance3D@1979
0	56,168,136	MeshInstance3D	0.0x0.0x0.5	mat=StandardMaterial3D@1.000,0.320,0.440;mat=StandardMaterial3D@1.000,0.320,0.440	StreetIdShot/OrisonRoot/F01_NEON_BLADE/@Node3D@1898/@Node3D@1971/@MeshInstance3D@1980
0	72,168,136	MeshInstance3D	0.1x0.0x0.0	mat=StandardMaterial3D@0.300,0.310,0.300;mat=StandardMaterial3D@0.300,0.310,0.300	StreetIdShot/OrisonRoot/F01_NEON_BLADE/@Node3D@1898/@Node3D@1971/@MeshInstance3D@1981
0	88,168,136	MeshInstance3D	0.1x0.1x0.0	mat=StandardMaterial3D@0.740,0.720,0.660;mat=StandardMaterial3D@0.740,0.720,0.660	StreetIdShot/OrisonRoot/F01_NEON_BLADE/@Node3D@1898/@Node3D@1971/@MeshInstance3D@1982
0	104,168,136	MeshInstance3D	0.1x0.1x0.0	mat=StandardMaterial3D@0.740,0.720,0.660;mat=StandardMaterial3D@0.740,0.720,0.660	StreetIdShot/OrisonRoot/F01_NEON_BLADE/@Node3D@1898/@Node3D@1971/@MeshInstance3D@1983
0	120,168,136	MeshInstance3D	0.0x0.0x0.5	mat=StandardMaterial3D@1.000,0.320,0.440;mat=StandardMaterial3D@1.000,0.320,0.440	StreetIdShot/OrisonRoot/F01_NEON_BLADE/@Node3D@1898/@Node3D@1971/@MeshInstance3D@1984
0	136,168,136	MeshInstance3D	0.1x0.0x0.0	mat=StandardMaterial3D@0.300,0.310,0.300;mat=StandardMaterial3D@0.300,0.310,0.300	StreetIdShot/OrisonRoot/F01_NEON_BLADE/@Node3D@1898/@Node3D@1971/@MeshInstance3D@1985
0	152,168,136	MeshInstance3D	0.1x0.1x0.0	mat=StandardMaterial3D@0.740,0.720,0.660;mat=StandardMaterial3D@0.740,0.720,0.660	StreetIdShot/OrisonRoot/F01_NEON_BLADE/@Node3D@1898/@Node3D@1971/@MeshInstance3D@1986
0	168,168,136	MeshInstance3D	0.1x0.1x0.0	mat=StandardMaterial3D@0.740,0.720,0.660;mat=StandardMaterial3D@0.740,0.720,0.660	StreetIdShot/OrisonRoot/F01_NEON_BLADE/@Node3D@1898/@Node3D@1971/@MeshInstance3D@1987
0	184,168,136	MeshInstance3D	0.0x0.8x0.0	mat=StandardMaterial3D@1.000,0.320,0.440;mat=StandardMaterial3D@1.000,0.320,0.440	StreetIdShot/OrisonRoot/F01_NEON_BLADE/@Node3D@1898/@Node3D@1988/@MeshInstance3D@1989
0	200,168,136	MeshInstance3D	0.1x0.0x0.0	mat=StandardMaterial3D@0.300,0.310,0.300;mat=StandardMaterial3D@0.300,0.310,0.300	StreetIdShot/OrisonRoot/F01_NEON_BLADE/@Node3D@1898/@Node3D@1988/@MeshInstance3D@1990
0	216,168,136	MeshInstance3D	0.1x0.1x0.0	mat=StandardMaterial3D@0.740,0.720,0.660;mat=StandardMaterial3D@0.740,0.720,0.660	StreetIdShot/OrisonRoot/F01_NEON_BLADE/@Node3D@1898/@Node3D@1988/@MeshInstance3D@1991
0	232,168,136	MeshInstance3D	0.1x0.1x0.0	mat=StandardMaterial3D@0.740,0.720,0.660;mat=StandardMaterial3D@0.740,0.720,0.660	StreetIdShot/OrisonRoot/F01_NEON_BLADE/@Node3D@1898/@Node3D@1988/@MeshInstance3D@1992
0	248,168,136	MeshInstance3D	0.0x0.8x0.5	mat=StandardMaterial3D@1.000,0.320,0.440;mat=StandardMaterial3D@1.000,0.320,0.440	StreetIdShot/OrisonRoot/F01_NEON_BLADE/@Node3D@1898/@Node3D@1988/@MeshInstance3D@1993
0	8,184,136	MeshInstance3D	0.1x0.0x0.0	mat=StandardMaterial3D@0.300,0.310,0.300;mat=StandardMaterial3D@0.300,0.310,0.300	StreetIdShot/OrisonRoot/F01_NEON_BLADE/@Node3D@1898/@Node3D@1988/@MeshInstance3D@1994
0	24,184,136	MeshInstance3D	0.1x0.1x0.0	mat=StandardMaterial3D@0.740,0.720,0.660;mat=StandardMaterial3D@0.740,0.720,0.660	StreetIdShot/OrisonRoot/F01_NEON_BLADE/@Node3D@1898/@Node3D@1988/@MeshInstance3D@1995
0	40,184,136	MeshInstance3D	0.1x0.1x0.0	mat=StandardMaterial3D@0.740,0.720,0.660;mat=StandardMaterial3D@0.740,0.720,0.660	StreetIdShot/OrisonRoot/F01_NEON_BLADE/@Node3D@1898/@Node3D@1988/@MeshInstance3D@1996
0	56,184,136	MeshInstance3D	0.0x0.8x0.0	mat=StandardMaterial3D@1.000,0.320,0.440;mat=StandardMaterial3D@1.000,0.320,0.440	StreetIdShot/OrisonRoot/F01_NEON_BLADE/@Node3D@1898/@Node3D@1988/@MeshInstance3D@1997
0	72,184,136	MeshInstance3D	0.1x0.0x0.0	mat=StandardMaterial3D@0.300,0.310,0.300;mat=StandardMaterial3D@0.300,0.310,0.300	StreetIdShot/OrisonRoot/F01_NEON_BLADE/@Node3D@1898/@Node3D@1988/@MeshInstance3D@1998
0	88,184,136	MeshInstance3D	0.1x0.1x0.0	mat=StandardMaterial3D@0.740,0.720,0.660;mat=StandardMaterial3D@0.740,0.720,0.660	StreetIdShot/OrisonRoot/F01_NEON_BLADE/@Node3D@1898/@Node3D@1988/@MeshInstance3D@1999
0	104,184,136	MeshInstance3D	0.1x0.1x0.0	mat=StandardMaterial3D@0.740,0.720,0.660;mat=StandardMaterial3D@0.740,0.720,0.660	StreetIdShot/OrisonRoot/F01_NEON_BLADE/@Node3D@1898/@Node3D@1988/@MeshInstance3D@2000
0	120,184,136	MeshInstance3D	0.0x0.8x0.0	mat=StandardMaterial3D@1.000,0.320,0.440;mat=StandardMaterial3D@1.000,0.320,0.440	StreetIdShot/OrisonRoot/F01_NEON_BLADE/@Node3D@2001/@Node3D@2002/@MeshInstance3D@2003
0	136,184,136	MeshInstance3D	0.1x0.0x0.0	mat=StandardMaterial3D@0.300,0.310,0.300;mat=StandardMaterial3D@0.300,0.310,0.300	StreetIdShot/OrisonRoot/F01_NEON_BLADE/@Node3D@2001/@Node3D@2002/@MeshInstance3D@2004
0	152,184,136	MeshInstance3D	0.1x0.1x0.0	mat=StandardMaterial3D@0.740,0.720,0.660;mat=StandardMaterial3D@0.740,0.720,0.660	StreetIdShot/OrisonRoot/F01_NEON_BLADE/@Node3D@2001/@Node3D@2002/@MeshInstance3D@2005
0	168,184,136	MeshInstance3D	0.1x0.1x0.0	mat=StandardMaterial3D@0.740,0.720,0.660;mat=StandardMaterial3D@0.740,0.720,0.660	StreetIdShot/OrisonRoot/F01_NEON_BLADE/@Node3D@2001/@Node3D@2002/@MeshInstance3D@2006
0	184,184,136	MeshInstance3D	0.0x0.8x0.0	mat=StandardMaterial3D@1.000,0.320,0.440;mat=StandardMaterial3D@1.000,0.320,0.440	StreetIdShot/OrisonRoot/F01_NEON_BLADE/@Node3D@2001/@Node3D@2002/@MeshInstance3D@2007
0	200,184,136	MeshInstance3D	0.1x0.0x0.0	mat=StandardMaterial3D@0.300,0.310,0.300;mat=StandardMaterial3D@0.300,0.310,0.300	StreetIdShot/OrisonRoot/F01_NEON_BLADE/@Node3D@2001/@Node3D@2002/@MeshInstance3D@2008
0	216,184,136	MeshInstance3D	0.1x0.1x0.0	mat=StandardMaterial3D@0.740,0.720,0.660;mat=StandardMaterial3D@0.740,0.720,0.660	StreetIdShot/OrisonRoot/F01_NEON_BLADE/@Node3D@2001/@Node3D@2002/@MeshInstance3D@2009
0	232,184,136	MeshInstance3D	0.1x0.1x0.0	mat=StandardMaterial3D@0.740,0.720,0.660;mat=StandardMaterial3D@0.740,0.720,0.660	StreetIdShot/OrisonRoot/F01_NEON_BLADE/@Node3D@2001/@Node3D@2002/@MeshInstance3D@2010
0	248,184,136	MeshInstance3D	0.0x0.0x0.5	mat=StandardMaterial3D@1.000,0.320,0.440;mat=StandardMaterial3D@1.000,0.320,0.440	StreetIdShot/OrisonRoot/F01_NEON_BLADE/@Node3D@2001/@Node3D@2002/@MeshInstance3D@2011
0	8,200,136	MeshInstance3D	0.1x0.0x0.0	mat=StandardMaterial3D@0.300,0.310,0.300;mat=StandardMaterial3D@0.300,0.310,0.300	StreetIdShot/OrisonRoot/F01_NEON_BLADE/@Node3D@2001/@Node3D@2002/@MeshInstance3D@2012
0	24,200,136	MeshInstance3D	0.1x0.1x0.0	mat=StandardMaterial3D@0.740,0.720,0.660;mat=StandardMaterial3D@0.740,0.720,0.660	StreetIdShot/OrisonRoot/F01_NEON_BLADE/@Node3D@2001/@Node3D@2002/@MeshInstance3D@2013
0	40,200,136	MeshInstance3D	0.1x0.1x0.0	mat=StandardMaterial3D@0.740,0.720,0.660;mat=StandardMaterial3D@0.740,0.720,0.660	StreetIdShot/OrisonRoot/F01_NEON_BLADE/@Node3D@2001/@Node3D@2002/@MeshInstance3D@2014
0	56,200,136	MeshInstance3D	0.0x0.0x0.5	mat=StandardMaterial3D@1.000,0.320,0.440;mat=StandardMaterial3D@1.000,0.320,0.440	StreetIdShot/OrisonRoot/F01_NEON_BLADE/@Node3D@2001/@Node3D@2002/@MeshInstance3D@2015
0	72,200,136	MeshInstance3D	0.1x0.0x0.0	mat=StandardMaterial3D@0.300,0.310,0.300;mat=StandardMaterial3D@0.300,0.310,0.300	StreetIdShot/OrisonRoot/F01_NEON_BLADE/@Node3D@2001/@Node3D@2002/@MeshInstance3D@2016
0	88,200,136	MeshInstance3D	0.1x0.1x0.0	mat=StandardMaterial3D@0.740,0.720,0.660;mat=StandardMaterial3D@0.740,0.720,0.660	StreetIdShot/OrisonRoot/F01_NEON_BLADE/@Node3D@2001/@Node3D@2002/@MeshInstance3D@2017
0	104,200,136	MeshInstance3D	0.1x0.1x0.0	mat=StandardMaterial3D@0.740,0.720,0.660;mat=StandardMaterial3D@0.740,0.720,0.660	StreetIdShot/OrisonRoot/F01_NEON_BLADE/@Node3D@2001/@Node3D@2002/@MeshInstance3D@2018
0	120,200,136	MeshInstance3D	0.0x0.8x0.0	mat=StandardMaterial3D@1.000,0.320,0.440;mat=StandardMaterial3D@1.000,0.320,0.440	StreetIdShot/OrisonRoot/F01_NEON_BLADE/@Node3D@2001/@Node3D@2019/@MeshInstance3D@2020
0	136,200,136	MeshInstance3D	0.1x0.0x0.0	mat=StandardMaterial3D@0.300,0.310,0.300;mat=StandardMaterial3D@0.300,0.310,0.300	StreetIdShot/OrisonRoot/F01_NEON_BLADE/@Node3D@2001/@Node3D@2019/@MeshInstance3D@2021
0	152,200,136	MeshInstance3D	0.1x0.1x0.0	mat=StandardMaterial3D@0.740,0.720,0.660;mat=StandardMaterial3D@0.740,0.720,0.660	StreetIdShot/OrisonRoot/F01_NEON_BLADE/@Node3D@2001/@Node3D@2019/@MeshInstance3D@2022
0	168,200,136	MeshInstance3D	0.1x0.1x0.0	mat=StandardMaterial3D@0.740,0.720,0.660;mat=StandardMaterial3D@0.740,0.720,0.660	StreetIdShot/OrisonRoot/F01_NEON_BLADE/@Node3D@2001/@Node3D@2019/@MeshInstance3D@2023
0	184,200,136	MeshInstance3D	0.0x0.0x0.5	mat=StandardMaterial3D@1.000,0.320,0.440;mat=StandardMaterial3D@1.000,0.320,0.440	StreetIdShot/OrisonRoot/F01_NEON_BLADE/@Node3D@2001/@Node3D@2019/@MeshInstance3D@2024
0	200,200,136	MeshInstance3D	0.1x0.0x0.0	mat=StandardMaterial3D@0.300,0.310,0.300;mat=StandardMaterial3D@0.300,0.310,0.300	StreetIdShot/OrisonRoot/F01_NEON_BLADE/@Node3D@2001/@Node3D@2019/@MeshInstance3D@2025
0	216,200,136	MeshInstance3D	0.1x0.1x0.0	mat=StandardMaterial3D@0.740,0.720,0.660;mat=StandardMaterial3D@0.740,0.720,0.660	StreetIdShot/OrisonRoot/F01_NEON_BLADE/@Node3D@2001/@Node3D@2019/@MeshInstance3D@2026
0	232,200,136	MeshInstance3D	0.1x0.1x0.0	mat=StandardMaterial3D@0.740,0.720,0.660;mat=StandardMaterial3D@0.740,0.720,0.660	StreetIdShot/OrisonRoot/F01_NEON_BLADE/@Node3D@2001/@Node3D@2019/@MeshInstance3D@2027
0	248,200,136	MeshInstance3D	0.0x0.4x0.0	mat=StandardMaterial3D@1.000,0.320,0.440;mat=StandardMaterial3D@1.000,0.320,0.440	StreetIdShot/OrisonRoot/F01_NEON_BLADE/@Node3D@2001/@Node3D@2019/@MeshInstance3D@2028
0	8,216,136	MeshInstance3D	0.1x0.0x0.0	mat=StandardMaterial3D@0.300,0.310,0.300;mat=StandardMaterial3D@0.300,0.310,0.300	StreetIdShot/OrisonRoot/F01_NEON_BLADE/@Node3D@2001/@Node3D@2019/@MeshInstance3D@2029
0	24,216,136	MeshInstance3D	0.1x0.1x0.0	mat=StandardMaterial3D@0.740,0.720,0.660;mat=StandardMaterial3D@0.740,0.720,0.660	StreetIdShot/OrisonRoot/F01_NEON_BLADE/@Node3D@2001/@Node3D@2019/@MeshInstance3D@2030
0	40,216,136	MeshInstance3D	0.1x0.1x0.0	mat=StandardMaterial3D@0.740,0.720,0.660;mat=StandardMaterial3D@0.740,0.720,0.660	StreetIdShot/OrisonRoot/F01_NEON_BLADE/@Node3D@2001/@Node3D@2019/@MeshInstance3D@2031
0	56,216,136	MeshInstance3D	0.0x0.0x0.5	mat=StandardMaterial3D@1.000,0.320,0.440;mat=StandardMaterial3D@1.000,0.320,0.440	StreetIdShot/OrisonRoot/F01_NEON_BLADE/@Node3D@2001/@Node3D@2019/@MeshInstance3D@2032
0	72,216,136	MeshInstance3D	0.1x0.0x0.0	mat=StandardMaterial3D@0.300,0.310,0.300;mat=StandardMaterial3D@0.300,0.310,0.300	StreetIdShot/OrisonRoot/F01_NEON_BLADE/@Node3D@2001/@Node3D@2019/@MeshInstance3D@2033
0	88,216,136	MeshInstance3D	0.1x0.1x0.0	mat=StandardMaterial3D@0.740,0.720,0.660;mat=StandardMaterial3D@0.740,0.720,0.660	StreetIdShot/OrisonRoot/F01_NEON_BLADE/@Node3D@2001/@Node3D@2019/@MeshInstance3D@2034
0	104,216,136	MeshInstance3D	0.1x0.1x0.0	mat=StandardMaterial3D@0.740,0.720,0.660;mat=StandardMaterial3D@0.740,0.720,0.660	StreetIdShot/OrisonRoot/F01_NEON_BLADE/@Node3D@2001/@Node3D@2019/@MeshInstance3D@2035
0	120,216,136	MeshInstance3D	0.0x0.4x0.5	mat=StandardMaterial3D@1.000,0.320,0.440;mat=StandardMaterial3D@1.000,0.320,0.440	StreetIdShot/OrisonRoot/F01_NEON_BLADE/@Node3D@2001/@Node3D@2019/@MeshInstance3D@2036
0	136,216,136	MeshInstance3D	0.1x0.0x0.0	mat=StandardMaterial3D@0.300,0.310,0.300;mat=StandardMaterial3D@0.300,0.310,0.300	StreetIdShot/OrisonRoot/F01_NEON_BLADE/@Node3D@2001/@Node3D@2019/@MeshInstance3D@2037
0	152,216,136	MeshInstance3D	0.1x0.1x0.0	mat=StandardMaterial3D@0.740,0.720,0.660;mat=StandardMaterial3D@0.740,0.720,0.660	StreetIdShot/OrisonRoot/F01_NEON_BLADE/@Node3D@2001/@Node3D@2019/@MeshInstance3D@2038
0	168,216,136	MeshInstance3D	0.1x0.1x0.0	mat=StandardMaterial3D@0.740,0.720,0.660;mat=StandardMaterial3D@0.740,0.720,0.660	StreetIdShot/OrisonRoot/F01_NEON_BLADE/@Node3D@2001/@Node3D@2019/@MeshInstance3D@2039
0	184,216,136	MeshInstance3D	0.0x0.8x0.0	mat=StandardMaterial3D@1.000,0.320,0.440;mat=StandardMaterial3D@1.000,0.320,0.440	StreetIdShot/OrisonRoot/F01_NEON_BLADE/@Node3D@2001/@Node3D@2040/@MeshInstance3D@2041
0	200,216,136	MeshInstance3D	0.1x0.0x0.0	mat=StandardMaterial3D@0.300,0.310,0.300;mat=StandardMaterial3D@0.300,0.310,0.300	StreetIdShot/OrisonRoot/F01_NEON_BLADE/@Node3D@2001/@Node3D@2040/@MeshInstance3D@2042
0	216,216,136	MeshInstance3D	0.1x0.1x0.0	mat=StandardMaterial3D@0.740,0.720,0.660;mat=StandardMaterial3D@0.740,0.720,0.660	StreetIdShot/OrisonRoot/F01_NEON_BLADE/@Node3D@2001/@Node3D@2040/@MeshInstance3D@2043
0	232,216,136	MeshInstance3D	0.1x0.1x0.0	mat=StandardMaterial3D@0.740,0.720,0.660;mat=StandardMaterial3D@0.740,0.720,0.660	StreetIdShot/OrisonRoot/F01_NEON_BLADE/@Node3D@2001/@Node3D@2040/@MeshInstance3D@2044
0	248,216,136	MeshInstance3D	0.0x0.0x0.4	mat=StandardMaterial3D@1.000,0.320,0.440;mat=StandardMaterial3D@1.000,0.320,0.440	StreetIdShot/OrisonRoot/F01_NEON_BLADE/@Node3D@2001/@Node3D@2040/@MeshInstance3D@2045
0	8,232,136	MeshInstance3D	0.1x0.0x0.0	mat=StandardMaterial3D@0.300,0.310,0.300;mat=StandardMaterial3D@0.300,0.310,0.300	StreetIdShot/OrisonRoot/F01_NEON_BLADE/@Node3D@2001/@Node3D@2040/@MeshInstance3D@2046
0	24,232,136	MeshInstance3D	0.1x0.1x0.0	mat=StandardMaterial3D@0.740,0.720,0.660;mat=StandardMaterial3D@0.740,0.720,0.660	StreetIdShot/OrisonRoot/F01_NEON_BLADE/@Node3D@2001/@Node3D@2040/@MeshInstance3D@2047
0	40,232,136	MeshInstance3D	0.1x0.1x0.0	mat=StandardMaterial3D@0.740,0.720,0.660;mat=StandardMaterial3D@0.740,0.720,0.660	StreetIdShot/OrisonRoot/F01_NEON_BLADE/@Node3D@2001/@Node3D@2040/@MeshInstance3D@2048
0	56,232,136	MeshInstance3D	0.0x0.0x0.4	mat=StandardMaterial3D@1.000,0.320,0.440;mat=StandardMaterial3D@1.000,0.320,0.440	StreetIdShot/OrisonRoot/F01_NEON_BLADE/@Node3D@2001/@Node3D@2040/@MeshInstance3D@2049
0	72,232,136	MeshInstance3D	0.1x0.0x0.0	mat=StandardMaterial3D@0.300,0.310,0.300;mat=StandardMaterial3D@0.300,0.310,0.300	StreetIdShot/OrisonRoot/F01_NEON_BLADE/@Node3D@2001/@Node3D@2040/@MeshInstance3D@2050
0	88,232,136	MeshInstance3D	0.1x0.1x0.0	mat=StandardMaterial3D@0.740,0.720,0.660;mat=StandardMaterial3D@0.740,0.720,0.660	StreetIdShot/OrisonRoot/F01_NEON_BLADE/@Node3D@2001/@Node3D@2040/@MeshInstance3D@2051
0	104,232,136	MeshInstance3D	0.1x0.1x0.0	mat=StandardMaterial3D@0.740,0.720,0.660;mat=StandardMaterial3D@0.740,0.720,0.660	StreetIdShot/OrisonRoot/F01_NEON_BLADE/@Node3D@2001/@Node3D@2040/@MeshInstance3D@2052
0	120,232,136	MeshInstance3D	0.0x0.0x0.5	mat=StandardMaterial3D@1.000,0.320,0.440;mat=StandardMaterial3D@1.000,0.320,0.440	StreetIdShot/OrisonRoot/F01_NEON_BLADE/@Node3D@2001/@Node3D@2053/@MeshInstance3D@2054
0	136,232,136	MeshInstance3D	0.1x0.0x0.0	mat=StandardMaterial3D@0.300,0.310,0.300;mat=StandardMaterial3D@0.300,0.310,0.300	StreetIdShot/OrisonRoot/F01_NEON_BLADE/@Node3D@2001/@Node3D@2053/@MeshInstance3D@2055
0	152,232,136	MeshInstance3D	0.1x0.1x0.0	mat=StandardMaterial3D@0.740,0.720,0.660;mat=StandardMaterial3D@0.740,0.720,0.660	StreetIdShot/OrisonRoot/F01_NEON_BLADE/@Node3D@2001/@Node3D@2053/@MeshInstance3D@2056
0	168,232,136	MeshInstance3D	0.1x0.1x0.0	mat=StandardMaterial3D@0.740,0.720,0.660;mat=StandardMaterial3D@0.740,0.720,0.660	StreetIdShot/OrisonRoot/F01_NEON_BLADE/@Node3D@2001/@Node3D@2053/@MeshInstance3D@2057
0	184,232,136	MeshInstance3D	0.0x0.4x0.0	mat=StandardMaterial3D@1.000,0.320,0.440;mat=StandardMaterial3D@1.000,0.320,0.440	StreetIdShot/OrisonRoot/F01_NEON_BLADE/@Node3D@2001/@Node3D@2053/@MeshInstance3D@2058
0	200,232,136	MeshInstance3D	0.1x0.0x0.0	mat=StandardMaterial3D@0.300,0.310,0.300;mat=StandardMaterial3D@0.300,0.310,0.300	StreetIdShot/OrisonRoot/F01_NEON_BLADE/@Node3D@2001/@Node3D@2053/@MeshInstance3D@2059
0	216,232,136	MeshInstance3D	0.1x0.1x0.0	mat=StandardMaterial3D@0.740,0.720,0.660;mat=StandardMaterial3D@0.740,0.720,0.660	StreetIdShot/OrisonRoot/F01_NEON_BLADE/@Node3D@2001/@Node3D@2053/@MeshInstance3D@2060
0	232,232,136	MeshInstance3D	0.1x0.1x0.0	mat=StandardMaterial3D@0.740,0.720,0.660;mat=StandardMaterial3D@0.740,0.720,0.660	StreetIdShot/OrisonRoot/F01_NEON_BLADE/@Node3D@2001/@Node3D@2053/@MeshInstance3D@2061
0	248,232,136	MeshInstance3D	0.0x0.0x0.5	mat=StandardMaterial3D@1.000,0.320,0.440;mat=StandardMaterial3D@1.000,0.320,0.440	StreetIdShot/OrisonRoot/F01_NEON_BLADE/@Node3D@2001/@Node3D@2053/@MeshInstance3D@2062
0	8,248,136	MeshInstance3D	0.1x0.0x0.0	mat=StandardMaterial3D@0.300,0.310,0.300;mat=StandardMaterial3D@0.300,0.310,0.300	StreetIdShot/OrisonRoot/F01_NEON_BLADE/@Node3D@2001/@Node3D@2053/@MeshInstance3D@2063
0	24,248,136	MeshInstance3D	0.1x0.1x0.0	mat=StandardMaterial3D@0.740,0.720,0.660;mat=StandardMaterial3D@0.740,0.720,0.660	StreetIdShot/OrisonRoot/F01_NEON_BLADE/@Node3D@2001/@Node3D@2053/@MeshInstance3D@2064
0	40,248,136	MeshInstance3D	0.1x0.1x0.0	mat=StandardMaterial3D@0.740,0.720,0.660;mat=StandardMaterial3D@0.740,0.720,0.660	StreetIdShot/OrisonRoot/F01_NEON_BLADE/@Node3D@2001/@Node3D@2053/@MeshInstance3D@2065
0	56,248,136	MeshInstance3D	0.0x0.4x0.0	mat=StandardMaterial3D@1.000,0.320,0.440;mat=StandardMaterial3D@1.000,0.320,0.440	StreetIdShot/OrisonRoot/F01_NEON_BLADE/@Node3D@2001/@Node3D@2053/@MeshInstance3D@2066
0	72,248,136	MeshInstance3D	0.1x0.0x0.0	mat=StandardMaterial3D@0.300,0.310,0.300;mat=StandardMaterial3D@0.300,0.310,0.300	StreetIdShot/OrisonRoot/F01_NEON_BLADE/@Node3D@2001/@Node3D@2053/@MeshInstance3D@2067
0	88,248,136	MeshInstance3D	0.1x0.1x0.0	mat=StandardMaterial3D@0.740,0.720,0.660;mat=StandardMaterial3D@0.740,0.720,0.660	StreetIdShot/OrisonRoot/F01_NEON_BLADE/@Node3D@2001/@Node3D@2053/@MeshInstance3D@2068
0	104,248,136	MeshInstance3D	0.1x0.1x0.0	mat=StandardMaterial3D@0.740,0.720,0.660;mat=StandardMaterial3D@0.740,0.720,0.660	StreetIdShot/OrisonRoot/F01_NEON_BLADE/@Node3D@2001/@Node3D@2053/@MeshInstance3D@2069
0	120,248,136	MeshInstance3D	0.0x0.0x0.5	mat=StandardMaterial3D@1.000,0.320,0.440;mat=StandardMaterial3D@1.000,0.320,0.440	StreetIdShot/OrisonRoot/F01_NEON_BLADE/@Node3D@2001/@Node3D@2053/@MeshInstance3D@2070
0	136,248,136	MeshInstance3D	0.1x0.0x0.0	mat=StandardMaterial3D@0.300,0.310,0.300;mat=StandardMaterial3D@0.300,0.310,0.300	StreetIdShot/OrisonRoot/F01_NEON_BLADE/@Node3D@2001/@Node3D@2053/@MeshInstance3D@2071
0	152,248,136	MeshInstance3D	0.1x0.1x0.0	mat=StandardMaterial3D@0.740,0.720,0.660;mat=StandardMaterial3D@0.740,0.720,0.660	StreetIdShot/OrisonRoot/F01_NEON_BLADE/@Node3D@2001/@Node3D@2053/@MeshInstance3D@2072
0	168,248,136	MeshInstance3D	0.1x0.1x0.0	mat=StandardMaterial3D@0.740,0.720,0.660;mat=StandardMaterial3D@0.740,0.720,0.660	StreetIdShot/OrisonRoot/F01_NEON_BLADE/@Node3D@2001/@Node3D@2053/@MeshInstance3D@2073
0	184,248,136	MeshInstance3D	0.0x0.8x0.0	mat=StandardMaterial3D@1.000,0.320,0.440;mat=StandardMaterial3D@1.000,0.320,0.440	StreetIdShot/OrisonRoot/F01_NEON_BLADE/@Node3D@2001/@Node3D@2074/@MeshInstance3D@2075
0	200,248,136	MeshInstance3D	0.1x0.0x0.0	mat=StandardMaterial3D@0.300,0.310,0.300;mat=StandardMaterial3D@0.300,0.310,0.300	StreetIdShot/OrisonRoot/F01_NEON_BLADE/@Node3D@2001/@Node3D@2074/@MeshInstance3D@2076
0	216,248,136	MeshInstance3D	0.1x0.1x0.0	mat=StandardMaterial3D@0.740,0.720,0.660;mat=StandardMaterial3D@0.740,0.720,0.660	StreetIdShot/OrisonRoot/F01_NEON_BLADE/@Node3D@2001/@Node3D@2074/@MeshInstance3D@2077
0	232,248,136	MeshInstance3D	0.1x0.1x0.0	mat=StandardMaterial3D@0.740,0.720,0.660;mat=StandardMaterial3D@0.740,0.720,0.660	StreetIdShot/OrisonRoot/F01_NEON_BLADE/@Node3D@2001/@Node3D@2074/@MeshInstance3D@2078
0	248,248,136	MeshInstance3D	0.0x0.8x0.0	mat=StandardMaterial3D@1.000,0.320,0.440;mat=StandardMaterial3D@1.000,0.320,0.440	StreetIdShot/OrisonRoot/F01_NEON_BLADE/@Node3D@2001/@Node3D@2074/@MeshInstance3D@2079
0	8,8,152	MeshInstance3D	0.1x0.0x0.0	mat=StandardMaterial3D@0.300,0.310,0.300;mat=StandardMaterial3D@0.300,0.310,0.300	StreetIdShot/OrisonRoot/F01_NEON_BLADE/@Node3D@2001/@Node3D@2074/@MeshInstance3D@2080
0	24,8,152	MeshInstance3D	0.1x0.1x0.0	mat=StandardMaterial3D@0.740,0.720,0.660;mat=StandardMaterial3D@0.740,0.720,0.660	StreetIdShot/OrisonRoot/F01_NEON_BLADE/@Node3D@2001/@Node3D@2074/@MeshInstance3D@2081
0	40,8,152	MeshInstance3D	0.1x0.1x0.0	mat=StandardMaterial3D@0.740,0.720,0.660;mat=StandardMaterial3D@0.740,0.720,0.660	StreetIdShot/OrisonRoot/F01_NEON_BLADE/@Node3D@2001/@Node3D@2074/@MeshInstance3D@2082
0	56,8,152	MeshInstance3D	0.0x0.0x0.5	mat=StandardMaterial3D@1.000,0.320,0.440;mat=StandardMaterial3D@1.000,0.320,0.440	StreetIdShot/OrisonRoot/F01_NEON_BLADE/@Node3D@2001/@Node3D@2074/@MeshInstance3D@2083
0	72,8,152	MeshInstance3D	0.1x0.0x0.0	mat=StandardMaterial3D@0.300,0.310,0.300;mat=StandardMaterial3D@0.300,0.310,0.300	StreetIdShot/OrisonRoot/F01_NEON_BLADE/@Node3D@2001/@Node3D@2074/@MeshInstance3D@2084
0	88,8,152	MeshInstance3D	0.1x0.1x0.0	mat=StandardMaterial3D@0.740,0.720,0.660;mat=StandardMaterial3D@0.740,0.720,0.660	StreetIdShot/OrisonRoot/F01_NEON_BLADE/@Node3D@2001/@Node3D@2074/@MeshInstance3D@2085
0	104,8,152	MeshInstance3D	0.1x0.1x0.0	mat=StandardMaterial3D@0.740,0.720,0.660;mat=StandardMaterial3D@0.740,0.720,0.660	StreetIdShot/OrisonRoot/F01_NEON_BLADE/@Node3D@2001/@Node3D@2074/@MeshInstance3D@2086
0	120,8,152	MeshInstance3D	0.0x0.0x0.5	mat=StandardMaterial3D@1.000,0.320,0.440;mat=StandardMaterial3D@1.000,0.320,0.440	StreetIdShot/OrisonRoot/F01_NEON_BLADE/@Node3D@2001/@Node3D@2074/@MeshInstance3D@2087
0	136,8,152	MeshInstance3D	0.1x0.0x0.0	mat=StandardMaterial3D@0.300,0.310,0.300;mat=StandardMaterial3D@0.300,0.310,0.300	StreetIdShot/OrisonRoot/F01_NEON_BLADE/@Node3D@2001/@Node3D@2074/@MeshInstance3D@2088
0	152,8,152	MeshInstance3D	0.1x0.1x0.0	mat=StandardMaterial3D@0.740,0.720,0.660;mat=StandardMaterial3D@0.740,0.720,0.660	StreetIdShot/OrisonRoot/F01_NEON_BLADE/@Node3D@2001/@Node3D@2074/@MeshInstance3D@2089
0	168,8,152	MeshInstance3D	0.1x0.1x0.0	mat=StandardMaterial3D@0.740,0.720,0.660;mat=StandardMaterial3D@0.740,0.720,0.660	StreetIdShot/OrisonRoot/F01_NEON_BLADE/@Node3D@2001/@Node3D@2074/@MeshInstance3D@2090
0	184,8,152	MeshInstance3D	0.0x0.8x0.0	mat=StandardMaterial3D@1.000,0.320,0.440;mat=StandardMaterial3D@1.000,0.320,0.440	StreetIdShot/OrisonRoot/F01_NEON_BLADE/@Node3D@2001/@Node3D@2091/@MeshInstance3D@2092
0	200,8,152	MeshInstance3D	0.1x0.0x0.0	mat=StandardMaterial3D@0.300,0.310,0.300;mat=StandardMaterial3D@0.300,0.310,0.300	StreetIdShot/OrisonRoot/F01_NEON_BLADE/@Node3D@2001/@Node3D@2091/@MeshInstance3D@2093
0	216,8,152	MeshInstance3D	0.1x0.1x0.0	mat=StandardMaterial3D@0.740,0.720,0.660;mat=StandardMaterial3D@0.740,0.720,0.660	StreetIdShot/OrisonRoot/F01_NEON_BLADE/@Node3D@2001/@Node3D@2091/@MeshInstance3D@2094
0	232,8,152	MeshInstance3D	0.1x0.1x0.0	mat=StandardMaterial3D@0.740,0.720,0.660;mat=StandardMaterial3D@0.740,0.720,0.660	StreetIdShot/OrisonRoot/F01_NEON_BLADE/@Node3D@2001/@Node3D@2091/@MeshInstance3D@2095
0	248,8,152	MeshInstance3D	0.0x0.8x0.5	mat=StandardMaterial3D@1.000,0.320,0.440;mat=StandardMaterial3D@1.000,0.320,0.440	StreetIdShot/OrisonRoot/F01_NEON_BLADE/@Node3D@2001/@Node3D@2091/@MeshInstance3D@2096
0	8,24,152	MeshInstance3D	0.1x0.0x0.0	mat=StandardMaterial3D@0.300,0.310,0.300;mat=StandardMaterial3D@0.300,0.310,0.300	StreetIdShot/OrisonRoot/F01_NEON_BLADE/@Node3D@2001/@Node3D@2091/@MeshInstance3D@2097
0	24,24,152	MeshInstance3D	0.1x0.1x0.0	mat=StandardMaterial3D@0.740,0.720,0.660;mat=StandardMaterial3D@0.740,0.720,0.660	StreetIdShot/OrisonRoot/F01_NEON_BLADE/@Node3D@2001/@Node3D@2091/@MeshInstance3D@2098
0	40,24,152	MeshInstance3D	0.1x0.1x0.0	mat=StandardMaterial3D@0.740,0.720,0.660;mat=StandardMaterial3D@0.740,0.720,0.660	StreetIdShot/OrisonRoot/F01_NEON_BLADE/@Node3D@2001/@Node3D@2091/@MeshInstance3D@2099
0	56,24,152	MeshInstance3D	0.0x0.8x0.0	mat=StandardMaterial3D@1.000,0.320,0.440;mat=StandardMaterial3D@1.000,0.320,0.440	StreetIdShot/OrisonRoot/F01_NEON_BLADE/@Node3D@2001/@Node3D@2091/@MeshInstance3D@2100
0	72,24,152	MeshInstance3D	0.1x0.0x0.0	mat=StandardMaterial3D@0.300,0.310,0.300;mat=StandardMaterial3D@0.300,0.310,0.300	StreetIdShot/OrisonRoot/F01_NEON_BLADE/@Node3D@2001/@Node3D@2091/@MeshInstance3D@2101
0	88,24,152	MeshInstance3D	0.1x0.1x0.0	mat=StandardMaterial3D@0.740,0.720,0.660;mat=StandardMaterial3D@0.740,0.720,0.660	StreetIdShot/OrisonRoot/F01_NEON_BLADE/@Node3D@2001/@Node3D@2091/@MeshInstance3D@2102
0	104,24,152	MeshInstance3D	0.1x0.1x0.0	mat=StandardMaterial3D@0.740,0.720,0.660;mat=StandardMaterial3D@0.740,0.720,0.660	StreetIdShot/OrisonRoot/F01_NEON_BLADE/@Node3D@2001/@Node3D@2091/@MeshInstance3D@2103
0	120,24,152	MeshInstance3D	0.2x6.1x0.9	mat=StandardMaterial3D@0.055,0.055,0.062;mat=StandardMaterial3D@0.055,0.055,0.062	StreetIdShot/OrisonRoot/F01_NEON_BLADE/@MeshInstance3D@2208
0	136,24,152	MeshInstance3D	0.2x6.4x1.3	mat=StandardMaterial3D@0.105,0.105,0.115;mat=StandardMaterial3D@0.105,0.105,0.115	StreetIdShot/OrisonRoot/F01_NEON_BLADE/@MeshInstance3D@2209
0	152,24,152	MeshInstance3D	0.0x5.7x0.9	mat=StandardMaterial3D@0.130,0.130,0.140;mat=StandardMaterial3D@0.130,0.130,0.140	StreetIdShot/OrisonRoot/F01_NEON_BLADE/@MeshInstance3D@2210
0	168,24,152	MeshInstance3D	0.0x5.7x0.9	mat=StandardMaterial3D@1.000,0.930,0.760;mat=StandardMaterial3D@1.000,0.930,0.760	StreetIdShot/OrisonRoot/F01_NEON_BLADE/@MeshInstance3D@2211
0	184,24,152	MeshInstance3D	0.0x2.9x0.9	mat=StandardMaterial3D@0.200,0.190,0.170;mat=StandardMaterial3D@0.200,0.190,0.170	StreetIdShot/OrisonRoot/F01_NEON_BLADE/@MeshInstance3D@2212
0	200,24,152	MeshInstance3D	0.2x5.2x0.0	mat=StandardMaterial3D@0.130,0.130,0.140;mat=StandardMaterial3D@0.130,0.130,0.140	StreetIdShot/OrisonRoot/F01_NEON_BLADE/@MeshInstance3D@2213
0	216,24,152	MeshInstance3D	0.1x5.4x0.0	mat=StandardMaterial3D@0.240,0.115,0.052;mat=StandardMaterial3D@0.240,0.115,0.052	StreetIdShot/OrisonRoot/F01_NEON_BLADE/@MeshInstance3D@2214
0	232,24,152	MeshInstance3D	0.1x0.1x0.0	mat=StandardMaterial3D@0.420,0.360,0.200;mat=StandardMaterial3D@0.420,0.360,0.200	StreetIdShot/OrisonRoot/F01_NEON_BLADE/@MeshInstance3D@2215
0	248,24,152	MeshInstance3D	0.0x0.3x0.6	mat=StandardMaterial3D@0.140,0.140,0.150;mat=StandardMaterial3D@0.140,0.140,0.150	StreetIdShot/OrisonRoot/F01_NEON_BLADE/@MeshInstance3D@2216
0	8,40,152	MeshInstance3D	0.0x0.0x0.2	mat=StandardMaterial3D@0.160,0.160,0.170;mat=StandardMaterial3D@0.160,0.160,0.170	StreetIdShot/OrisonRoot/F01_NEON_BLADE/@MeshInstance3D@2217
0	24,40,152	MeshInstance3D	0.0x0.8x0.0	mat=StandardMaterial3D@0.340,0.860,1.000;mat=StandardMaterial3D@0.340,0.860,1.000	StreetIdShot/OrisonRoot/F01_NEON_TENANT/@Node3D@2224/@MeshInstance3D@2225
0	40,40,152	MeshInstance3D	0.0x0.0x0.1	mat=StandardMaterial3D@0.300,0.310,0.300;mat=StandardMaterial3D@0.300,0.310,0.300	StreetIdShot/OrisonRoot/F01_NEON_TENANT/@Node3D@2224/@MeshInstance3D@2226
0	56,40,152	MeshInstance3D	0.0x0.1x0.1	mat=StandardMaterial3D@0.740,0.720,0.660;mat=StandardMaterial3D@0.740,0.720,0.660	StreetIdShot/OrisonRoot/F01_NEON_TENANT/@Node3D@2224/@MeshInstance3D@2227
0	72,40,152	MeshInstance3D	0.0x0.1x0.1	mat=StandardMaterial3D@0.740,0.720,0.660;mat=StandardMaterial3D@0.740,0.720,0.660	StreetIdShot/OrisonRoot/F01_NEON_TENANT/@Node3D@2224/@MeshInstance3D@2228
0	88,40,152	MeshInstance3D	0.4x0.0x0.0	mat=StandardMaterial3D@0.340,0.860,1.000;mat=StandardMaterial3D@0.340,0.860,1.000	StreetIdShot/OrisonRoot/F01_NEON_TENANT/@Node3D@2224/@MeshInstance3D@2229
0	104,40,152	MeshInstance3D	0.0x0.0x0.1	mat=StandardMaterial3D@0.300,0.310,0.300;mat=StandardMaterial3D@0.300,0.310,0.300	StreetIdShot/OrisonRoot/F01_NEON_TENANT/@Node3D@2224/@MeshInstance3D@2230
0	120,40,152	MeshInstance3D	0.0x0.1x0.1	mat=StandardMaterial3D@0.740,0.720,0.660;mat=StandardMaterial3D@0.740,0.720,0.660	StreetIdShot/OrisonRoot/F01_NEON_TENANT/@Node3D@2224/@MeshInstance3D@2231
0	136,40,152	MeshInstance3D	0.0x0.1x0.1	mat=StandardMaterial3D@0.740,0.720,0.660;mat=StandardMaterial3D@0.740,0.720,0.660	StreetIdShot/OrisonRoot/F01_NEON_TENANT/@Node3D@2224/@MeshInstance3D@2232
0	152,40,152	MeshInstance3D	0.2x0.2x0.0	mat=StandardMaterial3D@0.340,0.860,1.000;mat=StandardMaterial3D@0.340,0.860,1.000	StreetIdShot/OrisonRoot/F01_NEON_TENANT/@Node3D@2224/@MeshInstance3D@2233
0	168,40,152	MeshInstance3D	0.0x0.1x0.1	mat=StandardMaterial3D@0.740,0.720,0.660;mat=StandardMaterial3D@0.740,0.720,0.660	StreetIdShot/OrisonRoot/F01_NEON_TENANT/@Node3D@2224/@MeshInstance3D@2234
0	184,40,152	MeshInstance3D	0.0x0.1x0.1	mat=StandardMaterial3D@0.740,0.720,0.660;mat=StandardMaterial3D@0.740,0.720,0.660	StreetIdShot/OrisonRoot/F01_NEON_TENANT/@Node3D@2224/@MeshInstance3D@2235
0	200,40,152	MeshInstance3D	0.0x0.5x0.0	mat=StandardMaterial3D@0.340,0.860,1.000;mat=StandardMaterial3D@0.340,0.860,1.000	StreetIdShot/OrisonRoot/F01_NEON_TENANT/@Node3D@2224/@MeshInstance3D@2236
0	216,40,152	MeshInstance3D	0.0x0.0x0.1	mat=StandardMaterial3D@0.300,0.310,0.300;mat=StandardMaterial3D@0.300,0.310,0.300	StreetIdShot/OrisonRoot/F01_NEON_TENANT/@Node3D@2224/@MeshInstance3D@2237
0	232,40,152	MeshInstance3D	0.0x0.1x0.1	mat=StandardMaterial3D@0.740,0.720,0.660;mat=StandardMaterial3D@0.740,0.720,0.660	StreetIdShot/OrisonRoot/F01_NEON_TENANT/@Node3D@2224/@MeshInstance3D@2238
0	248,40,152	MeshInstance3D	0.0x0.1x0.1	mat=StandardMaterial3D@0.740,0.720,0.660;mat=StandardMaterial3D@0.740,0.720,0.660	StreetIdShot/OrisonRoot/F01_NEON_TENANT/@Node3D@2224/@MeshInstance3D@2239
0	8,56,152	MeshInstance3D	0.2x0.2x0.0	mat=StandardMaterial3D@0.340,0.860,1.000;mat=StandardMaterial3D@0.340,0.860,1.000	StreetIdShot/OrisonRoot/F01_NEON_TENANT/@Node3D@2224/@MeshInstance3D@2240
0	24,56,152	MeshInstance3D	0.0x0.1x0.1	mat=StandardMaterial3D@0.740,0.720,0.660;mat=StandardMaterial3D@0.740,0.720,0.660	StreetIdShot/OrisonRoot/F01_NEON_TENANT/@Node3D@2224/@MeshInstance3D@2241
0	40,56,152	MeshInstance3D	0.0x0.1x0.1	mat=StandardMaterial3D@0.740,0.720,0.660;mat=StandardMaterial3D@0.740,0.720,0.660	StreetIdShot/OrisonRoot/F01_NEON_TENANT/@Node3D@2224/@MeshInstance3D@2242
0	56,56,152	MeshInstance3D	0.4x0.0x0.0	mat=StandardMaterial3D@0.340,0.860,1.000;mat=StandardMaterial3D@0.340,0.860,1.000	StreetIdShot/OrisonRoot/F01_NEON_TENANT/@Node3D@2224/@MeshInstance3D@2243
0	72,56,152	MeshInstance3D	0.0x0.0x0.1	mat=StandardMaterial3D@0.300,0.310,0.300;mat=StandardMaterial3D@0.300,0.310,0.300	StreetIdShot/OrisonRoot/F01_NEON_TENANT/@Node3D@2224/@MeshInstance3D@2244
0	88,56,152	MeshInstance3D	0.0x0.1x0.1	mat=StandardMaterial3D@0.740,0.720,0.660;mat=StandardMaterial3D@0.740,0.720,0.660	StreetIdShot/OrisonRoot/F01_NEON_TENANT/@Node3D@2224/@MeshInstance3D@2245
0	104,56,152	MeshInstance3D	0.0x0.1x0.1	mat=StandardMaterial3D@0.740,0.720,0.660;mat=StandardMaterial3D@0.740,0.720,0.660	StreetIdShot/OrisonRoot/F01_NEON_TENANT/@Node3D@2224/@MeshInstance3D@2246
0	120,56,152	MeshInstance3D	0.0x0.8x0.0	mat=StandardMaterial3D@0.340,0.860,1.000;mat=StandardMaterial3D@0.340,0.860,1.000	StreetIdShot/OrisonRoot/F01_NEON_TENANT/@Node3D@2247/@MeshInstance3D@2248
0	136,56,152	MeshInstance3D	0.0x0.0x0.1	mat=StandardMaterial3D@0.300,0.310,0.300;mat=StandardMaterial3D@0.300,0.310,0.300	StreetIdShot/OrisonRoot/F01_NEON_TENANT/@Node3D@2247/@MeshInstance3D@2249
0	152,56,152	MeshInstance3D	0.0x0.1x0.1	mat=StandardMaterial3D@0.740,0.720,0.660;mat=StandardMaterial3D@0.740,0.720,0.660	StreetIdShot/OrisonRoot/F01_NEON_TENANT/@Node3D@2247/@MeshInstance3D@2250
0	168,56,152	MeshInstance3D	0.0x0.1x0.1	mat=StandardMaterial3D@0.740,0.720,0.660;mat=StandardMaterial3D@0.740,0.720,0.660	StreetIdShot/OrisonRoot/F01_NEON_TENANT/@Node3D@2247/@MeshInstance3D@2251
0	184,56,152	MeshInstance3D	0.5x0.0x0.0	mat=StandardMaterial3D@0.340,0.860,1.000;mat=StandardMaterial3D@0.340,0.860,1.000	StreetIdShot/OrisonRoot/F01_NEON_TENANT/@Node3D@2247/@MeshInstance3D@2252
0	200,56,152	MeshInstance3D	0.0x0.0x0.1	mat=StandardMaterial3D@0.300,0.310,0.300;mat=StandardMaterial3D@0.300,0.310,0.300	StreetIdShot/OrisonRoot/F01_NEON_TENANT/@Node3D@2247/@MeshInstance3D@2253
0	216,56,152	MeshInstance3D	0.0x0.1x0.1	mat=StandardMaterial3D@0.740,0.720,0.660;mat=StandardMaterial3D@0.740,0.720,0.660	StreetIdShot/OrisonRoot/F01_NEON_TENANT/@Node3D@2247/@MeshInstance3D@2254
0	232,56,152	MeshInstance3D	0.0x0.1x0.1	mat=StandardMaterial3D@0.740,0.720,0.660;mat=StandardMaterial3D@0.740,0.720,0.660	StreetIdShot/OrisonRoot/F01_NEON_TENANT/@Node3D@2247/@MeshInstance3D@2255
0	248,56,152	MeshInstance3D	0.0x0.4x0.0	mat=StandardMaterial3D@0.340,0.860,1.000;mat=StandardMaterial3D@0.340,0.860,1.000	StreetIdShot/OrisonRoot/F01_NEON_TENANT/@Node3D@2247/@MeshInstance3D@2256
0	8,72,152	MeshInstance3D	0.0x0.0x0.1	mat=StandardMaterial3D@0.300,0.310,0.300;mat=StandardMaterial3D@0.300,0.310,0.300	StreetIdShot/OrisonRoot/F01_NEON_TENANT/@Node3D@2247/@MeshInstance3D@2257
0	24,72,152	MeshInstance3D	0.0x0.1x0.1	mat=StandardMaterial3D@0.740,0.720,0.660;mat=StandardMaterial3D@0.740,0.720,0.660	StreetIdShot/OrisonRoot/F01_NEON_TENANT/@Node3D@2247/@MeshInstance3D@2258
0	40,72,152	MeshInstance3D	0.0x0.1x0.1	mat=StandardMaterial3D@0.740,0.720,0.660;mat=StandardMaterial3D@0.740,0.720,0.660	StreetIdShot/OrisonRoot/F01_NEON_TENANT/@Node3D@2247/@MeshInstance3D@2259
0	56,72,152	MeshInstance3D	0.5x0.0x0.0	mat=StandardMaterial3D@0.340,0.860,1.000;mat=StandardMaterial3D@0.340,0.860,1.000	StreetIdShot/OrisonRoot/F01_NEON_TENANT/@Node3D@2247/@MeshInstance3D@2260
0	72,72,152	MeshInstance3D	0.0x0.0x0.1	mat=StandardMaterial3D@0.300,0.310,0.300;mat=StandardMaterial3D@0.300,0.310,0.300	StreetIdShot/OrisonRoot/F01_NEON_TENANT/@Node3D@2247/@MeshInstance3D@2261
0	88,72,152	MeshInstance3D	0.0x0.1x0.1	mat=StandardMaterial3D@0.740,0.720,0.660;mat=StandardMaterial3D@0.740,0.720,0.660	StreetIdShot/OrisonRoot/F01_NEON_TENANT/@Node3D@2247/@MeshInstance3D@2262
0	104,72,152	MeshInstance3D	0.0x0.1x0.1	mat=StandardMaterial3D@0.740,0.720,0.660;mat=StandardMaterial3D@0.740,0.720,0.660	StreetIdShot/OrisonRoot/F01_NEON_TENANT/@Node3D@2247/@MeshInstance3D@2263
0	120,72,152	MeshInstance3D	0.5x0.4x0.0	mat=StandardMaterial3D@0.340,0.860,1.000;mat=StandardMaterial3D@0.340,0.860,1.000	StreetIdShot/OrisonRoot/F01_NEON_TENANT/@Node3D@2247/@MeshInstance3D@2264
0	136,72,152	MeshInstance3D	0.0x0.0x0.1	mat=StandardMaterial3D@0.300,0.310,0.300;mat=StandardMaterial3D@0.300,0.310,0.300	StreetIdShot/OrisonRoot/F01_NEON_TENANT/@Node3D@2247/@MeshInstance3D@2265
0	152,72,152	MeshInstance3D	0.0x0.1x0.1	mat=StandardMaterial3D@0.740,0.720,0.660;mat=StandardMaterial3D@0.740,0.720,0.660	StreetIdShot/OrisonRoot/F01_NEON_TENANT/@Node3D@2247/@MeshInstance3D@2266
0	168,72,152	MeshInstance3D	0.0x0.1x0.1	mat=StandardMaterial3D@0.740,0.720,0.660;mat=StandardMaterial3D@0.740,0.720,0.660	StreetIdShot/OrisonRoot/F01_NEON_TENANT/@Node3D@2247/@MeshInstance3D@2267
0	184,72,152	MeshInstance3D	0.0x0.8x0.0	mat=StandardMaterial3D@0.340,0.860,1.000;mat=StandardMaterial3D@0.340,0.860,1.000	StreetIdShot/OrisonRoot/F01_NEON_TENANT/@Node3D@2268/@MeshInstance3D@2269
0	200,72,152	MeshInstance3D	0.0x0.0x0.1	mat=StandardMaterial3D@0.300,0.310,0.300;mat=StandardMaterial3D@0.300,0.310,0.300	StreetIdShot/OrisonRoot/F01_NEON_TENANT/@Node3D@2268/@MeshInstance3D@2270
0	216,72,152	MeshInstance3D	0.0x0.1x0.1	mat=StandardMaterial3D@0.740,0.720,0.660;mat=StandardMaterial3D@0.740,0.720,0.660	StreetIdShot/OrisonRoot/F01_NEON_TENANT/@Node3D@2268/@MeshInstance3D@2271
0	232,72,152	MeshInstance3D	0.0x0.1x0.1	mat=StandardMaterial3D@0.740,0.720,0.660;mat=StandardMaterial3D@0.740,0.720,0.660	StreetIdShot/OrisonRoot/F01_NEON_TENANT/@Node3D@2268/@MeshInstance3D@2272
0	248,72,152	MeshInstance3D	0.5x0.0x0.0	mat=StandardMaterial3D@0.340,0.860,1.000;mat=StandardMaterial3D@0.340,0.860,1.000	StreetIdShot/OrisonRoot/F01_NEON_TENANT/@Node3D@2268/@MeshInstance3D@2273
0	8,88,152	MeshInstance3D	0.0x0.0x0.1	mat=StandardMaterial3D@0.300,0.310,0.300;mat=StandardMaterial3D@0.300,0.310,0.300	StreetIdShot/OrisonRoot/F01_NEON_TENANT/@Node3D@2268/@MeshInstance3D@2274
0	24,88,152	MeshInstance3D	0.0x0.1x0.1	mat=StandardMaterial3D@0.740,0.720,0.660;mat=StandardMaterial3D@0.740,0.720,0.660	StreetIdShot/OrisonRoot/F01_NEON_TENANT/@Node3D@2268/@MeshInstance3D@2275
0	40,88,152	MeshInstance3D	0.0x0.1x0.1	mat=StandardMaterial3D@0.740,0.720,0.660;mat=StandardMaterial3D@0.740,0.720,0.660	StreetIdShot/OrisonRoot/F01_NEON_TENANT/@Node3D@2268/@MeshInstance3D@2276
0	56,88,152	MeshInstance3D	0.0x0.8x0.0	mat=StandardMaterial3D@0.340,0.860,1.000;mat=StandardMaterial3D@0.340,0.860,1.000	StreetIdShot/OrisonRoot/F01_NEON_TENANT/@Node3D@2268/@MeshInstance3D@2277
0	72,88,152	MeshInstance3D	0.0x0.0x0.1	mat=StandardMaterial3D@0.300,0.310,0.300;mat=StandardMaterial3D@0.300,0.310,0.300	StreetIdShot/OrisonRoot/F01_NEON_TENANT/@Node3D@2268/@MeshInstance3D@2278
0	88,88,152	MeshInstance3D	0.0x0.1x0.1	mat=StandardMaterial3D@0.740,0.720,0.660;mat=StandardMaterial3D@0.740,0.720,0.660	StreetIdShot/OrisonRoot/F01_NEON_TENANT/@Node3D@2268/@MeshInstance3D@2279
0	104,88,152	MeshInstance3D	0.0x0.1x0.1	mat=StandardMaterial3D@0.740,0.720,0.660;mat=StandardMaterial3D@0.740,0.720,0.660	StreetIdShot/OrisonRoot/F01_NEON_TENANT/@Node3D@2268/@MeshInstance3D@2280
0	120,88,152	MeshInstance3D	0.5x0.0x0.0	mat=StandardMaterial3D@0.340,0.860,1.000;mat=StandardMaterial3D@0.340,0.860,1.000	StreetIdShot/OrisonRoot/F01_NEON_TENANT/@Node3D@2281/@MeshInstance3D@2282
0	136,88,152	MeshInstance3D	0.0x0.0x0.1	mat=StandardMaterial3D@0.300,0.310,0.300;mat=StandardMaterial3D@0.300,0.310,0.300	StreetIdShot/OrisonRoot/F01_NEON_TENANT/@Node3D@2281/@MeshInstance3D@2283
0	152,88,152	MeshInstance3D	0.0x0.1x0.1	mat=StandardMaterial3D@0.740,0.720,0.660;mat=StandardMaterial3D@0.740,0.720,0.660	StreetIdShot/OrisonRoot/F01_NEON_TENANT/@Node3D@2281/@MeshInstance3D@2284
0	168,88,152	MeshInstance3D	0.0x0.1x0.1	mat=StandardMaterial3D@0.740,0.720,0.660;mat=StandardMaterial3D@0.740,0.720,0.660	StreetIdShot/OrisonRoot/F01_NEON_TENANT/@Node3D@2281/@MeshInstance3D@2285
0	184,88,152	MeshInstance3D	0.0x0.8x0.0	mat=StandardMaterial3D@0.340,0.860,1.000;mat=StandardMaterial3D@0.340,0.860,1.000	StreetIdShot/OrisonRoot/F01_NEON_TENANT/@Node3D@2281/@MeshInstance3D@2286
0	200,88,152	MeshInstance3D	0.0x0.0x0.1	mat=StandardMaterial3D@0.300,0.310,0.300;mat=StandardMaterial3D@0.300,0.310,0.300	StreetIdShot/OrisonRoot/F01_NEON_TENANT/@Node3D@2281/@MeshInstance3D@2287
0	216,88,152	MeshInstance3D	0.0x0.1x0.1	mat=StandardMaterial3D@0.740,0.720,0.660;mat=StandardMaterial3D@0.740,0.720,0.660	StreetIdShot/OrisonRoot/F01_NEON_TENANT/@Node3D@2281/@MeshInstance3D@2288
0	232,88,152	MeshInstance3D	0.0x0.1x0.1	mat=StandardMaterial3D@0.740,0.720,0.660;mat=StandardMaterial3D@0.740,0.720,0.660	StreetIdShot/OrisonRoot/F01_NEON_TENANT/@Node3D@2281/@MeshInstance3D@2289
0	248,88,152	MeshInstance3D	0.5x0.0x0.0	mat=StandardMaterial3D@0.340,0.860,1.000;mat=StandardMaterial3D@0.340,0.860,1.000	StreetIdShot/OrisonRoot/F01_NEON_TENANT/@Node3D@2281/@MeshInstance3D@2290
0	8,104,152	MeshInstance3D	0.0x0.0x0.1	mat=StandardMaterial3D@0.300,0.310,0.300;mat=StandardMaterial3D@0.300,0.310,0.300	StreetIdShot/OrisonRoot/F01_NEON_TENANT/@Node3D@2281/@MeshInstance3D@2291
0	24,104,152	MeshInstance3D	0.0x0.1x0.1	mat=StandardMaterial3D@0.740,0.720,0.660;mat=StandardMaterial3D@0.740,0.720,0.660	StreetIdShot/OrisonRoot/F01_NEON_TENANT/@Node3D@2281/@MeshInstance3D@2292
0	40,104,152	MeshInstance3D	0.0x0.1x0.1	mat=StandardMaterial3D@0.740,0.720,0.660;mat=StandardMaterial3D@0.740,0.720,0.660	StreetIdShot/OrisonRoot/F01_NEON_TENANT/@Node3D@2281/@MeshInstance3D@2293
0	56,104,152	MeshInstance3D	0.0x0.4x0.0	mat=StandardMaterial3D@0.340,0.860,1.000;mat=StandardMaterial3D@0.340,0.860,1.000	StreetIdShot/OrisonRoot/F01_NEON_TENANT/@Node3D@2281/@MeshInstance3D@2294
0	72,104,152	MeshInstance3D	0.0x0.0x0.1	mat=StandardMaterial3D@0.300,0.310,0.300;mat=StandardMaterial3D@0.300,0.310,0.300	StreetIdShot/OrisonRoot/F01_NEON_TENANT/@Node3D@2281/@MeshInstance3D@2295
0	88,104,152	MeshInstance3D	0.0x0.1x0.1	mat=StandardMaterial3D@0.740,0.720,0.660;mat=StandardMaterial3D@0.740,0.720,0.660	StreetIdShot/OrisonRoot/F01_NEON_TENANT/@Node3D@2281/@MeshInstance3D@2296
0	104,104,152	MeshInstance3D	0.0x0.1x0.1	mat=StandardMaterial3D@0.740,0.720,0.660;mat=StandardMaterial3D@0.740,0.720,0.660	StreetIdShot/OrisonRoot/F01_NEON_TENANT/@Node3D@2281/@MeshInstance3D@2297
0	120,104,152	MeshInstance3D	0.2x0.0x0.0	mat=StandardMaterial3D@0.340,0.860,1.000;mat=StandardMaterial3D@0.340,0.860,1.000	StreetIdShot/OrisonRoot/F01_NEON_TENANT/@Node3D@2281/@MeshInstance3D@2298
0	136,104,152	MeshInstance3D	0.0x0.1x0.1	mat=StandardMaterial3D@0.740,0.720,0.660;mat=StandardMaterial3D@0.740,0.720,0.660	StreetIdShot/OrisonRoot/F01_NEON_TENANT/@Node3D@2281/@MeshInstance3D@2299
0	152,104,152	MeshInstance3D	0.0x0.1x0.1	mat=StandardMaterial3D@0.740,0.720,0.660;mat=StandardMaterial3D@0.740,0.720,0.660	StreetIdShot/OrisonRoot/F01_NEON_TENANT/@Node3D@2281/@MeshInstance3D@2300
0	168,104,152	MeshInstance3D	0.5x0.0x0.0	mat=StandardMaterial3D@0.340,0.860,1.000;mat=StandardMaterial3D@0.340,0.860,1.000	StreetIdShot/OrisonRoot/F01_NEON_TENANT/@Node3D@2301/@MeshInstance3D@2302
0	184,104,152	MeshInstance3D	0.0x0.0x0.1	mat=StandardMaterial3D@0.300,0.310,0.300;mat=StandardMaterial3D@0.300,0.310,0.300	StreetIdShot/OrisonRoot/F01_NEON_TENANT/@Node3D@2301/@MeshInstance3D@2303
0	200,104,152	MeshInstance3D	0.0x0.1x0.1	mat=StandardMaterial3D@0.740,0.720,0.660;mat=StandardMaterial3D@0.740,0.720,0.660	StreetIdShot/OrisonRoot/F01_NEON_TENANT/@Node3D@2301/@MeshInstance3D@2304
0	216,104,152	MeshInstance3D	0.0x0.1x0.1	mat=StandardMaterial3D@0.740,0.720,0.660;mat=StandardMaterial3D@0.740,0.720,0.660	StreetIdShot/OrisonRoot/F01_NEON_TENANT/@Node3D@2301/@MeshInstance3D@2305
0	232,104,152	MeshInstance3D	0.0x0.4x0.0	mat=StandardMaterial3D@0.340,0.860,1.000;mat=StandardMaterial3D@0.340,0.860,1.000	StreetIdShot/OrisonRoot/F01_NEON_TENANT/@Node3D@2301/@MeshInstance3D@2306
0	248,104,152	MeshInstance3D	0.0x0.0x0.1	mat=StandardMaterial3D@0.300,0.310,0.300;mat=StandardMaterial3D@0.300,0.310,0.300	StreetIdShot/OrisonRoot/F01_NEON_TENANT/@Node3D@2301/@MeshInstance3D@2307
0	8,120,152	MeshInstance3D	0.0x0.1x0.1	mat=StandardMaterial3D@0.740,0.720,0.660;mat=StandardMaterial3D@0.740,0.720,0.660	StreetIdShot/OrisonRoot/F01_NEON_TENANT/@Node3D@2301/@MeshInstance3D@2308
0	24,120,152	MeshInstance3D	0.0x0.1x0.1	mat=StandardMaterial3D@0.740,0.720,0.660;mat=StandardMaterial3D@0.740,0.720,0.660	StreetIdShot/OrisonRoot/F01_NEON_TENANT/@Node3D@2301/@MeshInstance3D@2309
0	40,120,152	MeshInstance3D	0.5x0.0x0.0	mat=StandardMaterial3D@0.340,0.860,1.000;mat=StandardMaterial3D@0.340,0.860,1.000	StreetIdShot/OrisonRoot/F01_NEON_TENANT/@Node3D@2301/@MeshInstance3D@2310
0	56,120,152	MeshInstance3D	0.0x0.0x0.1	mat=StandardMaterial3D@0.300,0.310,0.300;mat=StandardMaterial3D@0.300,0.310,0.300	StreetIdShot/OrisonRoot/F01_NEON_TENANT/@Node3D@2301/@MeshInstance3D@2311
0	72,120,152	MeshInstance3D	0.0x0.1x0.1	mat=StandardMaterial3D@0.740,0.720,0.660;mat=StandardMaterial3D@0.740,0.720,0.660	StreetIdShot/OrisonRoot/F01_NEON_TENANT/@Node3D@2301/@MeshInstance3D@2312
0	88,120,152	MeshInstance3D	0.0x0.1x0.1	mat=StandardMaterial3D@0.740,0.720,0.660;mat=StandardMaterial3D@0.740,0.720,0.660	StreetIdShot/OrisonRoot/F01_NEON_TENANT/@Node3D@2301/@MeshInstance3D@2313
0	104,120,152	MeshInstance3D	0.0x0.4x0.0	mat=StandardMaterial3D@0.340,0.860,1.000;mat=StandardMaterial3D@0.340,0.860,1.000	StreetIdShot/OrisonRoot/F01_NEON_TENANT/@Node3D@2301/@MeshInstance3D@2314
0	120,120,152	MeshInstance3D	0.0x0.0x0.1	mat=StandardMaterial3D@0.300,0.310,0.300;mat=StandardMaterial3D@0.300,0.310,0.300	StreetIdShot/OrisonRoot/F01_NEON_TENANT/@Node3D@2301/@MeshInstance3D@2315
0	136,120,152	MeshInstance3D	0.0x0.1x0.1	mat=StandardMaterial3D@0.740,0.720,0.660;mat=StandardMaterial3D@0.740,0.720,0.660	StreetIdShot/OrisonRoot/F01_NEON_TENANT/@Node3D@2301/@MeshInstance3D@2316
0	152,120,152	MeshInstance3D	0.0x0.1x0.1	mat=StandardMaterial3D@0.740,0.720,0.660;mat=StandardMaterial3D@0.740,0.720,0.660	StreetIdShot/OrisonRoot/F01_NEON_TENANT/@Node3D@2301/@MeshInstance3D@2317
0	168,120,152	MeshInstance3D	0.5x0.0x0.0	mat=StandardMaterial3D@0.340,0.860,1.000;mat=StandardMaterial3D@0.340,0.860,1.000	StreetIdShot/OrisonRoot/F01_NEON_TENANT/@Node3D@2301/@MeshInstance3D@2318
0	184,120,152	MeshInstance3D	0.0x0.0x0.1	mat=StandardMaterial3D@0.300,0.310,0.300;mat=StandardMaterial3D@0.300,0.310,0.300	StreetIdShot/OrisonRoot/F01_NEON_TENANT/@Node3D@2301/@MeshInstance3D@2319
0	200,120,152	MeshInstance3D	0.0x0.1x0.1	mat=StandardMaterial3D@0.740,0.720,0.660;mat=StandardMaterial3D@0.740,0.720,0.660	StreetIdShot/OrisonRoot/F01_NEON_TENANT/@Node3D@2301/@MeshInstance3D@2320
0	216,120,152	MeshInstance3D	0.0x0.1x0.1	mat=StandardMaterial3D@0.740,0.720,0.660;mat=StandardMaterial3D@0.740,0.720,0.660	StreetIdShot/OrisonRoot/F01_NEON_TENANT/@Node3D@2301/@MeshInstance3D@2321
0	232,120,152	MeshInstance3D	3.4x1.3x0.3	mat=StandardMaterial3D@0.055,0.055,0.062;mat=StandardMaterial3D@0.055,0.055,0.062	StreetIdShot/OrisonRoot/F01_NEON_TENANT/@MeshInstance3D@2334
0	248,120,152	MeshInstance3D	3.4x1.7x0.4	mat=StandardMaterial3D@0.105,0.105,0.115;mat=StandardMaterial3D@0.105,0.105,0.115	StreetIdShot/OrisonRoot/F01_NEON_TENANT/@MeshInstance3D@2335
0	8,136,152	MeshInstance3D	0.1x0.1x0.0	mat=StandardMaterial3D@0.420,0.360,0.200;mat=StandardMaterial3D@0.420,0.360,0.200	StreetIdShot/OrisonRoot/F01_NEON_TENANT/@MeshInstance3D@2336
0	24,136,152	MeshInstance3D	0.0x0.3x0.1	mat=StandardMaterial3D@0.140,0.140,0.150;mat=StandardMaterial3D@0.140,0.140,0.150	StreetIdShot/OrisonRoot/F01_NEON_TENANT/@MeshInstance3D@2337
0	40,136,152	MeshInstance3D	0.0x0.0x0.2	mat=StandardMaterial3D@0.160,0.160,0.170;mat=StandardMaterial3D@0.160,0.160,0.170	StreetIdShot/OrisonRoot/F01_NEON_TENANT/@MeshInstance3D@2338
0	56,136,152	MeshInstance3D	0.2x0.0x0.2	mat=StandardMaterial3D@1.000,1.000,1.000;mat=StandardMaterial3D@1.000,1.000,1.000	StreetIdShot/OrisonRoot/F01_MARQUEE_LT_01/@Node3D@2340/@MeshInstance3D@2341
0	72,136,152	MeshInstance3D	0.3x0.0x0.3	mat=StandardMaterial3D@1.000,1.000,1.000;mat=StandardMaterial3D@1.000,1.000,1.000	StreetIdShot/OrisonRoot/F01_MARQUEE_LT_01/@Node3D@2340/@MeshInstance3D@2342
0	88,136,152	MeshInstance3D	0.3x0.3x0.0	mat=StandardMaterial3D@1.000,1.000,1.000;mat=StandardMaterial3D@1.000,1.000,1.000	StreetIdShot/OrisonRoot/F01_MARQUEE_LT_01/@Node3D@2340/@MeshInstance3D@2343
0	104,136,152	MeshInstance3D	0.3x0.2x0.3	mat=StandardMaterial3D@1.000,0.970,0.900;mat=StandardMaterial3D@1.000,0.970,0.900	StreetIdShot/OrisonRoot/F01_MARQUEE_LT_01/@Node3D@2340/bulb_dome
0	120,136,152	MeshInstance3D	0.2x0.0x0.2	mat=StandardMaterial3D@1.000,1.000,1.000;mat=StandardMaterial3D@1.000,1.000,1.000	StreetIdShot/OrisonRoot/F01_MARQUEE_LT_02/@Node3D@2347/@MeshInstance3D@2348
0	136,136,152	MeshInstance3D	0.3x0.0x0.3	mat=StandardMaterial3D@1.000,1.000,1.000;mat=StandardMaterial3D@1.000,1.000,1.000	StreetIdShot/OrisonRoot/F01_MARQUEE_LT_02/@Node3D@2347/@MeshInstance3D@2349
0	152,136,152	MeshInstance3D	0.3x0.3x0.0	mat=StandardMaterial3D@1.000,1.000,1.000;mat=StandardMaterial3D@1.000,1.000,1.000	StreetIdShot/OrisonRoot/F01_MARQUEE_LT_02/@Node3D@2347/@MeshInstance3D@2350
0	168,136,152	MeshInstance3D	0.3x0.2x0.3	mat=StandardMaterial3D@1.000,0.970,0.900;mat=StandardMaterial3D@1.000,0.970,0.900	StreetIdShot/OrisonRoot/F01_MARQUEE_LT_02/@Node3D@2347/bulb_dome
0	184,136,152	MeshInstance3D	0.8x0.3x0.8	mat=StandardMaterial3D@0.780,0.800,0.750;mat=StandardMaterial3D@0.780,0.800,0.750	StreetIdShot/OrisonRoot/F01_F01WC_SHOWER_01/StaticFixture/@MeshInstance3D@2416
0	200,136,152	MeshInstance3D	0.7x2.0x0.8	mat=StandardMaterial3D@0.930,0.910,0.840;mat=StandardMaterial3D@0.930,0.910,0.840	StreetIdShot/OrisonRoot/F01_F01WC_SHOWER_01/StaticFixture/@MeshInstance3D@2417
0	216,136,152	MeshInstance3D	0.1x0.0x0.1	mat=StandardMaterial3D@0.330,0.320,0.290;mat=StandardMaterial3D@0.330,0.320,0.290	StreetIdShot/OrisonRoot/F01_F01WC_SHOWER_01/StaticFixture/@MeshInstance3D@2418
0	232,136,152	MeshInstance3D	0.0x0.0x0.1	mat=StandardMaterial3D@0.790,0.760,0.650;mat=StandardMaterial3D@0.790,0.760,0.650	StreetIdShot/OrisonRoot/F01_F01WC_SHOWER_01/StaticFixture/@MeshInstance3D@2419
0	248,136,152	MeshInstance3D	0.1x0.0x0.1	mat=StandardMaterial3D@0.390,0.180,0.085;mat=StandardMaterial3D@0.390,0.180,0.085	StreetIdShot/OrisonRoot/F01_F01WC_SHOWER_01/StaticFixture/@MeshInstance3D@2420
0	8,152,152	MeshInstance3D	0.1x0.1x0.1	mat=StandardMaterial3D@0.930,0.910,0.840;mat=StandardMaterial3D@0.930,0.910,0.840	StreetIdShot/OrisonRoot/F01_F01WC_SHOWER_01/HotValve/@MeshInstance3D@2421
0	24,152,152	MeshInstance3D	0.0x0.0x0.0	mat=StandardMaterial3D@0.780,0.680,0.440;mat=StandardMaterial3D@0.780,0.680,0.440	StreetIdShot/OrisonRoot/F01_F01WC_SHOWER_01/HotValve/@MeshInstance3D@2422
0	40,152,152	MeshInstance3D	0.1x0.1x0.1	mat=StandardMaterial3D@0.930,0.910,0.840;mat=StandardMaterial3D@0.930,0.910,0.840	StreetIdShot/OrisonRoot/F01_F01WC_SHOWER_01/ColdValve/@MeshInstance3D@2423
0	56,152,152	MeshInstance3D	0.0x0.0x0.0	mat=StandardMaterial3D@0.780,0.680,0.440;mat=StandardMaterial3D@0.780,0.680,0.440	StreetIdShot/OrisonRoot/F01_F01WC_SHOWER_01/ColdValve/@MeshInstance3D@2424
0	72,152,152	MeshInstance3D	0.7x1.6x0.8	mat=StandardMaterial3D@0.900,0.840,0.670;mat=StandardMaterial3D@0.900,0.840,0.670	StreetIdShot/OrisonRoot/F01_F01WC_SHOWER_01/CurtainDrawn/@MeshInstance3D@2425
0	88,152,152	MeshInstance3D	0.6x0.1x0.7	mat=StandardMaterial3D@0.930,0.910,0.840;mat=StandardMaterial3D@0.930,0.910,0.840	StreetIdShot/OrisonRoot/F01_F01WC_SHOWER_01/CurtainDrawn/@MeshInstance3D@2426
0	104,152,152	MeshInstance3D	0.1x0.0x0.1	mat=StandardMaterial3D@0.930,0.910,0.840;mat=StandardMaterial3D@0.930,0.910,0.840	StreetIdShot/OrisonRoot/F01_F01WC_SHOWER_01/Stopper/@MeshInstance3D@2411
0	120,152,152	MeshInstance3D	0.5x1.0x0.7	mat=StandardMaterial3D@0.960,0.940,0.860;mat=StandardMaterial3D@0.960,0.940,0.860	StreetIdShot/OrisonRoot/F01_F01WC_SINK_01/StaticFixture/@MeshInstance3D@2465
0	136,152,152	MeshInstance3D	0.3x1.0x0.2	mat=StandardMaterial3D@0.930,0.910,0.840;mat=StandardMaterial3D@0.930,0.910,0.840	StreetIdShot/OrisonRoot/F01_F01WC_SINK_01/StaticFixture/@MeshInstance3D@2466
0	152,152,152	MeshInstance3D	0.1x0.0x0.1	mat=StandardMaterial3D@0.330,0.320,0.290;mat=StandardMaterial3D@0.330,0.320,0.290	StreetIdShot/OrisonRoot/F01_F01WC_SINK_01/StaticFixture/@MeshInstance3D@2467
0	168,152,152	MeshInstance3D	0.0x0.0x0.1	mat=StandardMaterial3D@0.790,0.760,0.650;mat=StandardMaterial3D@0.790,0.760,0.650	StreetIdShot/OrisonRoot/F01_F01WC_SINK_01/StaticFixture/@MeshInstance3D@2468
0	184,152,152	MeshInstance3D	0.1x0.1x0.1	mat=StandardMaterial3D@0.930,0.910,0.840;mat=StandardMaterial3D@0.930,0.910,0.840	StreetIdShot/OrisonRoot/F01_F01WC_SINK_01/HotValve/@MeshInstance3D@2469
0	200,152,152	MeshInstance3D	0.0x0.0x0.0	mat=StandardMaterial3D@0.780,0.680,0.440;mat=StandardMaterial3D@0.780,0.680,0.440	StreetIdShot/OrisonRoot/F01_F01WC_SINK_01/HotValve/@MeshInstance3D@2470
0	216,152,152	MeshInstance3D	0.1x0.1x0.1	mat=StandardMaterial3D@0.930,0.910,0.840;mat=StandardMaterial3D@0.930,0.910,0.840	StreetIdShot/OrisonRoot/F01_F01WC_SINK_01/ColdValve/@MeshInstance3D@2471
0	232,152,152	MeshInstance3D	0.0x0.0x0.0	mat=StandardMaterial3D@0.780,0.680,0.440;mat=StandardMaterial3D@0.780,0.680,0.440	StreetIdShot/OrisonRoot/F01_F01WC_SINK_01/ColdValve/@MeshInstance3D@2472
0	248,152,152	MeshInstance3D	0.1x0.0x0.1	mat=StandardMaterial3D@0.930,0.910,0.840;mat=StandardMaterial3D@0.930,0.910,0.840	StreetIdShot/OrisonRoot/F01_F01WC_SINK_01/Stopper/@MeshInstance3D@2461
0	8,168,152	MeshInstance3D	0.1x0.7x0.5	mat=StandardMaterial3D@0.860,0.850,0.790;mat=StandardMaterial3D@0.860,0.850,0.790	StreetIdShot/OrisonRoot/F01_F01WC_MIRROR_01/CabinetCarcass/@MeshInstance3D@2492
0	24,168,152	MeshInstance3D	0.0x0.6x0.4	mat=StandardMaterial3D@0.860,0.850,0.790;mat=StandardMaterial3D@0.860,0.850,0.790	StreetIdShot/OrisonRoot/F01_F01WC_MIRROR_01/CabinetDoor/@MeshInstance3D@2504
0	40,168,152	MeshInstance3D	0.0x0.6x0.4	mat=StandardMaterial3D@0.780,0.790,0.760;mat=StandardMaterial3D@0.780,0.790,0.760	StreetIdShot/OrisonRoot/F01_F01WC_MIRROR_01/CabinetDoor/@MeshInstance3D@2505
0	56,168,152	MeshInstance3D	0.1x0.6x0.5	mat=StandardMaterial3D@0.880,0.860,0.800;mat=StandardMaterial3D@0.880,0.860,0.800	StreetIdShot/OrisonRoot/F01_F01WC_MIRROR_01/CabinetDoor/@MeshInstance3D@2506
0	72,168,152	MeshInstance3D	0.1x0.2x0.1	mat=StandardMaterial3D@0.860,0.800,0.660;mat=StandardMaterial3D@0.860,0.800,0.660	StreetIdShot/OrisonRoot/F01_F01WC_MIRROR_01/CabinetContents/@MeshInstance3D@2509
0	88,168,152	MeshInstance3D	0.0x0.2x0.1	mat=StandardMaterial3D@1.000,1.000,1.000;mat=StandardMaterial3D@1.000,1.000,1.000	StreetIdShot/OrisonRoot/F01WC_LT_SCONCE/@Node3D@2512/@MeshInstance3D@2513
0	104,168,152	MeshInstance3D	0.1x0.1x0.1	mat=StandardMaterial3D@1.000,1.000,1.000;mat=StandardMaterial3D@1.000,1.000,1.000	StreetIdShot/OrisonRoot/F01WC_LT_SCONCE/@Node3D@2512/@MeshInstance3D@2514
0	120,168,152	MeshInstance3D	0.2x0.2x0.2	mat=StandardMaterial3D@1.000,0.970,0.900;mat=StandardMaterial3D@1.000,0.970,0.900	StreetIdShot/OrisonRoot/F01WC_LT_SCONCE/@Node3D@2512/bulb_globe
0	136,168,152	MeshInstance3D	0.5x0.3x1.0	mat=StandardMaterial3D@0.780,0.800,0.750;mat=StandardMaterial3D@0.780,0.800,0.750	StreetIdShot/OrisonRoot/F01_common_KITCHEN_SINK_01/StaticFixture/@MeshInstance3D@2563
0	152,168,152	MeshInstance3D	0.2x0.5x0.2	mat=StandardMaterial3D@0.930,0.910,0.840;mat=StandardMaterial3D@0.930,0.910,0.840	StreetIdShot/OrisonRoot/F01_common_KITCHEN_SINK_01/StaticFixture/@MeshInstance3D@2564
0	168,168,152	MeshInstance3D	0.1x0.0x0.1	mat=StandardMaterial3D@0.330,0.320,0.290;mat=StandardMaterial3D@0.330,0.320,0.290	StreetIdShot/OrisonRoot/F01_common_KITCHEN_SINK_01/StaticFixture/@MeshInstance3D@2565
0	184,168,152	MeshInstance3D	0.0x0.0x0.1	mat=StandardMaterial3D@0.790,0.760,0.650;mat=StandardMaterial3D@0.790,0.760,0.650	StreetIdShot/OrisonRoot/F01_common_KITCHEN_SINK_01/StaticFixture/@MeshInstance3D@2566
0	200,168,152	MeshInstance3D	0.1x0.0x0.1	mat=StandardMaterial3D@0.390,0.180,0.085;mat=StandardMaterial3D@0.390,0.180,0.085	StreetIdShot/OrisonRoot/F01_common_KITCHEN_SINK_01/StaticFixture/@MeshInstance3D@2567
0	216,168,152	MeshInstance3D	0.1x0.1x0.1	mat=StandardMaterial3D@0.930,0.910,0.840;mat=StandardMaterial3D@0.930,0.910,0.840	StreetIdShot/OrisonRoot/F01_common_KITCHEN_SINK_01/HotValve/@MeshInstance3D@2568
0	232,168,152	MeshInstance3D	0.0x0.0x0.0	mat=StandardMaterial3D@0.780,0.680,0.440;mat=StandardMaterial3D@0.780,0.680,0.440	StreetIdShot/OrisonRoot/F01_common_KITCHEN_SINK_01/HotValve/@MeshInstance3D@2569
0	248,168,152	MeshInstance3D	0.1x0.1x0.1	mat=StandardMaterial3D@0.930,0.910,0.840;mat=StandardMaterial3D@0.930,0.910,0.840	StreetIdShot/OrisonRoot/F01_common_KITCHEN_SINK_01/ColdValve/@MeshInstance3D@2570
0	8,184,152	MeshInstance3D	0.0x0.0x0.0	mat=StandardMaterial3D@0.780,0.680,0.440;mat=StandardMaterial3D@0.780,0.680,0.440	StreetIdShot/OrisonRoot/F01_common_KITCHEN_SINK_01/ColdValve/@MeshInstance3D@2571
0	24,184,152	MeshInstance3D	0.1x0.0x0.1	mat=StandardMaterial3D@0.930,0.910,0.840;mat=StandardMaterial3D@0.930,0.910,0.840	StreetIdShot/OrisonRoot/F01_common_KITCHEN_SINK_01/Stopper/@MeshInstance3D@2550
0	40,184,152	MeshInstance3D	0.8x0.3x0.8	mat=StandardMaterial3D@0.780,0.800,0.750;mat=StandardMaterial3D@0.780,0.800,0.750	StreetIdShot/OrisonRoot/F01_1A_SHOWER_01/StaticFixture/@MeshInstance3D@2636
0	56,184,152	MeshInstance3D	0.7x2.0x0.8	mat=StandardMaterial3D@0.930,0.910,0.840;mat=StandardMaterial3D@0.930,0.910,0.840	StreetIdShot/OrisonRoot/F01_1A_SHOWER_01/StaticFixture/@MeshInstance3D@2637
0	72,184,152	MeshInstance3D	0.1x0.0x0.1	mat=StandardMaterial3D@0.330,0.320,0.290;mat=StandardMaterial3D@0.330,0.320,0.290	StreetIdShot/OrisonRoot/F01_1A_SHOWER_01/StaticFixture/@MeshInstance3D@2638
0	88,184,152	MeshInstance3D	0.0x0.0x0.1	mat=StandardMaterial3D@0.790,0.760,0.650;mat=StandardMaterial3D@0.790,0.760,0.650	StreetIdShot/OrisonRoot/F01_1A_SHOWER_01/StaticFixture/@MeshInstance3D@2639
0	104,184,152	MeshInstance3D	0.1x0.0x0.1	mat=StandardMaterial3D@0.390,0.180,0.085;mat=StandardMaterial3D@0.390,0.180,0.085	StreetIdShot/OrisonRoot/F01_1A_SHOWER_01/StaticFixture/@MeshInstance3D@2640
0	120,184,152	MeshInstance3D	0.1x0.1x0.1	mat=StandardMaterial3D@0.930,0.910,0.840;mat=StandardMaterial3D@0.930,0.910,0.840	StreetIdShot/OrisonRoot/F01_1A_SHOWER_01/HotValve/@MeshInstance3D@2641
0	136,184,152	MeshInstance3D	0.0x0.0x0.0	mat=StandardMaterial3D@0.780,0.680,0.440;mat=StandardMaterial3D@0.780,0.680,0.440	StreetIdShot/OrisonRoot/F01_1A_SHOWER_01/HotValve/@MeshInstance3D@2642
0	152,184,152	MeshInstance3D	0.1x0.1x0.1	mat=StandardMaterial3D@0.930,0.910,0.840;mat=StandardMaterial3D@0.930,0.910,0.840	StreetIdShot/OrisonRoot/F01_1A_SHOWER_01/ColdValve/@MeshInstance3D@2643
0	168,184,152	MeshInstance3D	0.0x0.0x0.0	mat=StandardMaterial3D@0.780,0.680,0.440;mat=StandardMaterial3D@0.780,0.680,0.440	StreetIdShot/OrisonRoot/F01_1A_SHOWER_01/ColdValve/@MeshInstance3D@2644
0	184,184,152	MeshInstance3D	0.7x1.6x0.8	mat=StandardMaterial3D@0.900,0.840,0.670;mat=StandardMaterial3D@0.900,0.840,0.670	StreetIdShot/OrisonRoot/F01_1A_SHOWER_01/CurtainDrawn/@MeshInstance3D@2645
0	200,184,152	MeshInstance3D	0.6x0.1x0.7	mat=StandardMaterial3D@0.930,0.910,0.840;mat=StandardMaterial3D@0.930,0.910,0.840	StreetIdShot/OrisonRoot/F01_1A_SHOWER_01/CurtainDrawn/@MeshInstance3D@2646
0	216,184,152	MeshInstance3D	0.1x0.0x0.1	mat=StandardMaterial3D@0.930,0.910,0.840;mat=StandardMaterial3D@0.930,0.910,0.840	StreetIdShot/OrisonRoot/F01_1A_SHOWER_01/Stopper/@MeshInstance3D@2631
0	232,184,152	MeshInstance3D	0.5x1.0x0.7	mat=StandardMaterial3D@0.960,0.940,0.860;mat=StandardMaterial3D@0.960,0.940,0.860	StreetIdShot/OrisonRoot/F01_1A_SINK_01/StaticFixture/@MeshInstance3D@2685
0	248,184,152	MeshInstance3D	0.3x1.0x0.2	mat=StandardMaterial3D@0.930,0.910,0.840;mat=StandardMaterial3D@0.930,0.910,0.840	StreetIdShot/OrisonRoot/F01_1A_SINK_01/StaticFixture/@MeshInstance3D@2686
0	8,200,152	MeshInstance3D	0.1x0.0x0.1	mat=StandardMaterial3D@0.330,0.320,0.290;mat=StandardMaterial3D@0.330,0.320,0.290	StreetIdShot/OrisonRoot/F01_1A_SINK_01/StaticFixture/@MeshInstance3D@2687
0	24,200,152	MeshInstance3D	0.0x0.0x0.1	mat=StandardMaterial3D@0.790,0.760,0.650;mat=StandardMaterial3D@0.790,0.760,0.650	StreetIdShot/OrisonRoot/F01_1A_SINK_01/StaticFixture/@MeshInstance3D@2688
0	40,200,152	MeshInstance3D	0.1x0.1x0.1	mat=StandardMaterial3D@0.930,0.910,0.840;mat=StandardMaterial3D@0.930,0.910,0.840	StreetIdShot/OrisonRoot/F01_1A_SINK_01/HotValve/@MeshInstance3D@2689
0	56,200,152	MeshInstance3D	0.0x0.0x0.0	mat=StandardMaterial3D@0.780,0.680,0.440;mat=StandardMaterial3D@0.780,0.680,0.440	StreetIdShot/OrisonRoot/F01_1A_SINK_01/HotValve/@MeshInstance3D@2690
0	72,200,152	MeshInstance3D	0.1x0.1x0.1	mat=StandardMaterial3D@0.930,0.910,0.840;mat=StandardMaterial3D@0.930,0.910,0.840	StreetIdShot/OrisonRoot/F01_1A_SINK_01/ColdValve/@MeshInstance3D@2691
0	88,200,152	MeshInstance3D	0.0x0.0x0.0	mat=StandardMaterial3D@0.780,0.680,0.440;mat=StandardMaterial3D@0.780,0.680,0.440	StreetIdShot/OrisonRoot/F01_1A_SINK_01/ColdValve/@MeshInstance3D@2692
0	104,200,152	MeshInstance3D	0.1x0.0x0.1	mat=StandardMaterial3D@0.930,0.910,0.840;mat=StandardMaterial3D@0.930,0.910,0.840	StreetIdShot/OrisonRoot/F01_1A_SINK_01/Stopper/@MeshInstance3D@2681
0	120,200,152	MeshInstance3D	0.1x0.7x0.5	mat=StandardMaterial3D@0.860,0.850,0.790;mat=StandardMaterial3D@0.860,0.850,0.790	StreetIdShot/OrisonRoot/F01_1A_MIRROR_01/CabinetCarcass/@MeshInstance3D@2712
0	136,200,152	MeshInstance3D	0.0x0.6x0.4	mat=StandardMaterial3D@0.860,0.850,0.790;mat=StandardMaterial3D@0.860,0.850,0.790	StreetIdShot/OrisonRoot/F01_1A_MIRROR_01/CabinetDoor/@MeshInstance3D@2724
0	152,200,152	MeshInstance3D	0.0x0.6x0.4	mat=StandardMaterial3D@0.780,0.790,0.760;mat=StandardMaterial3D@0.780,0.790,0.760	StreetIdShot/OrisonRoot/F01_1A_MIRROR_01/CabinetDoor/@MeshInstance3D@2725
0	168,200,152	MeshInstance3D	0.1x0.6x0.5	mat=StandardMaterial3D@0.880,0.860,0.800;mat=StandardMaterial3D@0.880,0.860,0.800	StreetIdShot/OrisonRoot/F01_1A_MIRROR_01/CabinetDoor/@MeshInstance3D@2726
0	184,200,152	MeshInstance3D	0.0x0.1x0.0	mat=StandardMaterial3D@1.000,1.000,1.000;mat=StandardMaterial3D@1.000,1.000,1.000	StreetIdShot/OrisonRoot/F01_1A_MIRROR_01/CabinetContents/@MeshInstance3D@2730
0	200,200,152	MeshInstance3D	0.1x0.0x0.1	mat=StandardMaterial3D@0.860,0.800,0.660;mat=StandardMaterial3D@0.860,0.800,0.660	StreetIdShot/OrisonRoot/F01_1A_MIRROR_01/CabinetContents/@MeshInstance3D@2732
0	216,200,152	MeshInstance3D	0.0x0.2x0.1	mat=StandardMaterial3D@1.000,1.000,1.000;mat=StandardMaterial3D@1.000,1.000,1.000	StreetIdShot/OrisonRoot/1A_LT_SCONCE/@Node3D@2735/@MeshInstance3D@2736
0	232,200,152	MeshInstance3D	0.1x0.1x0.1	mat=StandardMaterial3D@1.000,1.000,1.000;mat=StandardMaterial3D@1.000,1.000,1.000	StreetIdShot/OrisonRoot/1A_LT_SCONCE/@Node3D@2735/@MeshInstance3D@2737
0	248,200,152	MeshInstance3D	0.2x0.2x0.2	mat=StandardMaterial3D@1.000,0.970,0.900;mat=StandardMaterial3D@1.000,0.970,0.900	StreetIdShot/OrisonRoot/1A_LT_SCONCE/@Node3D@2735/bulb_globe
0	8,216,152	MeshInstance3D	0.0x0.1x0.1	mat=StandardMaterial3D@0.820,0.720,0.480;mat=StandardMaterial3D@0.820,0.720,0.480	StreetIdShot/OrisonRoot/F01_A_RADIATOR_01/WorkingAssembly/CastSections/ReplaceableAirVent/@MeshInstance3D@2842
0	24,216,152	MeshInstance3D	0.0x0.1x0.0	mat=StandardMaterial3D@0.480,0.200,0.100;mat=StandardMaterial3D@0.480,0.200,0.100	StreetIdShot/OrisonRoot/F01_A_RADIATOR_01/WorkingAssembly/CastSections/ReplaceableAirVent/@MeshInstance3D@2843
0	40,216,152	MeshInstance3D	0.2x0.6x0.6	mat=StandardMaterial3D@0.320,0.310,0.300;mat=StandardMaterial3D@0.320,0.310,0.300	StreetIdShot/OrisonRoot/F01_A_RADIATOR_01/WorkingAssembly/CastSections/@MeshInstance3D@2840
0	56,216,152	MeshInstance3D	0.1x0.1x0.1	mat=StandardMaterial3D@0.820,0.720,0.480;mat=StandardMaterial3D@0.820,0.720,0.480	StreetIdShot/OrisonRoot/F01_A_RADIATOR_01/WorkingAssembly/SupplyHandwheel/@MeshInstance3D@2841
0	72,216,152	MeshInstance3D	0.1x0.0x0.1	mat=StandardMaterial3D@0.420,0.290,0.180;mat=StandardMaterial3D@0.420,0.290,0.180	StreetIdShot/OrisonRoot/F01_A_RADIATOR_01/WorkingAssembly/FarEndPitchShim/@MeshInstance3D@2839
0	88,216,152	MeshInstance3D	0.1x0.1x0.2	mat=StandardMaterial3D@0.520,0.480,0.440;mat=StandardMaterial3D@0.520,0.480,0.440	StreetIdShot/OrisonRoot/F01_A_RADIATOR_01/WorkingAssembly/@MeshInstance3D@2844
0	104,216,152	MeshInstance3D	0.0x0.0x0.1	mat=StandardMaterial3D@0.480,0.200,0.100;mat=StandardMaterial3D@0.480,0.200,0.100	StreetIdShot/OrisonRoot/F01_A_RADIATOR_01/WorkingAssembly/@MeshInstance3D@2845
0	120,216,152	MeshInstance3D	1.0x0.3x0.5	mat=StandardMaterial3D@0.780,0.800,0.750;mat=StandardMaterial3D@0.780,0.800,0.750	StreetIdShot/OrisonRoot/F01_1A_KITCHEN_SINK_01/StaticFixture/@MeshInstance3D@2896
0	136,216,152	MeshInstance3D	0.2x0.5x0.2	mat=StandardMaterial3D@0.930,0.910,0.840;mat=StandardMaterial3D@0.930,0.910,0.840	StreetIdShot/OrisonRoot/F01_1A_KITCHEN_SINK_01/StaticFixture/@MeshInstance3D@2897
0	152,216,152	MeshInstance3D	0.1x0.0x0.1	mat=StandardMaterial3D@0.330,0.320,0.290;mat=StandardMaterial3D@0.330,0.320,0.290	StreetIdShot/OrisonRoot/F01_1A_KITCHEN_SINK_01/StaticFixture/@MeshInstance3D@2898
0	168,216,152	MeshInstance3D	0.1x0.0x0.0	mat=StandardMaterial3D@0.790,0.760,0.650;mat=StandardMaterial3D@0.790,0.760,0.650	StreetIdShot/OrisonRoot/F01_1A_KITCHEN_SINK_01/StaticFixture/@MeshInstance3D@2899
0	184,216,152	MeshInstance3D	0.1x0.0x0.1	mat=StandardMaterial3D@0.390,0.180,0.085;mat=StandardMaterial3D@0.390,0.180,0.085	StreetIdShot/OrisonRoot/F01_1A_KITCHEN_SINK_01/StaticFixture/@MeshInstance3D@2900
0	200,216,152	MeshInstance3D	0.1x0.1x0.1	mat=StandardMaterial3D@0.930,0.910,0.840;mat=StandardMaterial3D@0.930,0.910,0.840	StreetIdShot/OrisonRoot/F01_1A_KITCHEN_SINK_01/HotValve/@MeshInstance3D@2901
0	216,216,152	MeshInstance3D	0.0x0.0x0.0	mat=StandardMaterial3D@0.780,0.680,0.440;mat=StandardMaterial3D@0.780,0.680,0.440	StreetIdShot/OrisonRoot/F01_1A_KITCHEN_SINK_01/HotValve/@MeshInstance3D@2902
0	232,216,152	MeshInstance3D	0.1x0.1x0.1	mat=StandardMaterial3D@0.930,0.910,0.840;mat=StandardMaterial3D@0.930,0.910,0.840	StreetIdShot/OrisonRoot/F01_1A_KITCHEN_SINK_01/ColdValve/@MeshInstance3D@2903
0	248,216,152	MeshInstance3D	0.0x0.0x0.0	mat=StandardMaterial3D@0.780,0.680,0.440;mat=StandardMaterial3D@0.780,0.680,0.440	StreetIdShot/OrisonRoot/F01_1A_KITCHEN_SINK_01/ColdValve/@MeshInstance3D@2904
0	8,232,152	MeshInstance3D	0.1x0.0x0.1	mat=StandardMaterial3D@0.930,0.910,0.840;mat=StandardMaterial3D@0.930,0.910,0.840	StreetIdShot/OrisonRoot/F01_1A_KITCHEN_SINK_01/Stopper/@MeshInstance3D@2883
0	24,232,152	MeshInstance3D	0.3x0.1x0.2	mat=StandardMaterial3D@0.820,0.780,0.720;mat=StandardMaterial3D@0.820,0.780,0.720	StreetIdShot/OrisonRoot/F01_1A_TOASTER_01/StaticCase/@MeshInstance3D@3003
0	40,232,152	MeshInstance3D	0.3x0.2x0.2	mat=StandardMaterial3D@0.940,0.920,0.860;mat=StandardMaterial3D@0.940,0.920,0.860	StreetIdShot/OrisonRoot/F01_1A_TOASTER_01/StaticCase/@MeshInstance3D@3004
0	56,232,152	MeshInstance3D	0.0x0.0x0.1	mat=StandardMaterial3D@0.620,0.480,0.400;mat=StandardMaterial3D@0.620,0.480,0.400	StreetIdShot/OrisonRoot/F01_1A_TOASTER_01/StaticCase/@MeshInstance3D@3005
0	72,232,152	MeshInstance3D	0.2x0.1x0.1	mat=StandardMaterial3D@0.860,0.730,0.520;mat=StandardMaterial3D@0.860,0.730,0.520	StreetIdShot/OrisonRoot/F01_1A_TOASTER_01/StaticCase/@MeshInstance3D@3006
0	88,232,152	MeshInstance3D	0.2x0.1x0.1	mat=StandardMaterial3D@0.090,0.025,0.012;mat=StandardMaterial3D@0.090,0.025,0.012	StreetIdShot/OrisonRoot/F01_1A_TOASTER_01/ResistanceWire/@MeshInstance3D@2961
0	104,232,152	MeshInstance3D	0.0x0.0x0.0	mat=StandardMaterial3D@0.820,0.780,0.720;mat=StandardMaterial3D@0.820,0.780,0.720	StreetIdShot/OrisonRoot/F01_1A_TOASTER_01/CarriageLever/@MeshInstance3D@2962
0	120,232,152	MeshInstance3D	0.0x0.0x0.0	mat=StandardMaterial3D@0.940,0.920,0.860;mat=StandardMaterial3D@0.940,0.920,0.860	StreetIdShot/OrisonRoot/F01_1A_TOASTER_01/CarriageLever/@MeshInstance3D@2963
0	136,232,152	MeshInstance3D	0.2x0.0x0.0	mat=StandardMaterial3D@0.940,0.920,0.860;mat=StandardMaterial3D@0.940,0.920,0.860	StreetIdShot/OrisonRoot/F01_1A_TOASTER_01/BreadCarrier/@MeshInstance3D@3007
0	152,232,152	MeshInstance3D	0.2x0.0x0.1	mat=StandardMaterial3D@0.940,0.920,0.860;mat=StandardMaterial3D@0.940,0.920,0.860	StreetIdShot/OrisonRoot/F01_1A_TOASTER_01/OrisonRetrofitCrumbTray/@MeshInstance3D@3008
0	168,232,152	MeshInstance3D	0.0x0.0x0.0	mat=StandardMaterial3D@0.820,0.780,0.720;mat=StandardMaterial3D@0.820,0.780,0.720	StreetIdShot/OrisonRoot/F01_1A_TOASTER_01/OrisonRetrofitCrumbTray/@MeshInstance3D@3009
0	184,232,152	MeshInstance3D	0.1x0.0x0.0	mat=StandardMaterial3D@0.100,0.055,0.025;mat=StandardMaterial3D@0.100,0.055,0.025	StreetIdShot/OrisonRoot/F01_1A_TOASTER_01/OrisonRetrofitCrumbTray/@MeshInstance3D@3011
0	200,232,152	MeshInstance3D	0.2x0.0x0.1	mat=StandardMaterial3D@0.520,0.290,0.090;mat=StandardMaterial3D@0.520,0.290,0.090	StreetIdShot/OrisonRoot/F01_1A_TOASTER_01/OrisonRetrofitCrumbTray/@MeshInstance3D@3012
0	216,232,152	MeshInstance3D	0.2x0.2x0.3	mat=StandardMaterial3D@1.000,0.980,0.920;mat=StandardMaterial3D@1.000,0.980,0.920	StreetIdShot/OrisonRoot/F01_1A_KETTLE_01/Vessel/StaticVessel/@MeshInstance3D@3052
0	232,232,152	MeshInstance3D	0.2x0.1x0.2	mat=StandardMaterial3D@0.750,0.680,0.580;mat=StandardMaterial3D@0.750,0.680,0.580	StreetIdShot/OrisonRoot/F01_1A_KETTLE_01/Vessel/StaticVessel/@MeshInstance3D@3053
0	248,232,152	MeshInstance3D	0.2x0.1x0.0	mat=StandardMaterial3D@0.480,0.310,0.180;mat=StandardMaterial3D@0.480,0.310,0.180	StreetIdShot/OrisonRoot/F01_1A_KETTLE_01/Vessel/StaticVessel/@MeshInstance3D@3054
0	8,248,152	MeshInstance3D	0.0x0.0x0.1	mat=StandardMaterial3D@0.420,0.390,0.350;mat=StandardMaterial3D@0.420,0.390,0.350	StreetIdShot/OrisonRoot/F01_1A_KETTLE_01/Vessel/StaticVessel/@MeshInstance3D@3055
0	24,248,152	MeshInstance3D	0.1x0.0x0.1	mat=StandardMaterial3D@0.580,0.600,0.550;mat=StandardMaterial3D@0.580,0.600,0.550	StreetIdShot/OrisonRoot/F01_1A_KETTLE_01/Vessel/StaticVessel/@MeshInstance3D@3056
0	40,248,152	MeshInstance3D	0.1x0.0x0.1	mat=StandardMaterial3D@1.000,0.980,0.920;mat=StandardMaterial3D@1.000,0.980,0.920	StreetIdShot/OrisonRoot/F01_1A_KETTLE_01/Vessel/Lid/@MeshInstance3D@3057
0	56,248,152	MeshInstance3D	0.0x0.0x0.0	mat=StandardMaterial3D@0.750,0.680,0.580;mat=StandardMaterial3D@0.750,0.680,0.580	StreetIdShot/OrisonRoot/F01_1A_KETTLE_01/Vessel/Lid/@MeshInstance3D@3058
0	72,248,152	MeshInstance3D	0.1x0.1x0.0	mat=StandardMaterial3D@0.720,0.580,0.320;mat=StandardMaterial3D@0.720,0.580,0.320	StreetIdShot/OrisonRoot/F01_1A_KETTLE_01/Vessel/ChainedWhistleCap/@MeshInstance3D@3059
0	88,248,152	MeshInstance3D	0.6x0.7x0.5	mat=StandardMaterial3D@0.420,0.400,0.380;mat=StandardMaterial3D@0.420,0.400,0.380	StreetIdShot/OrisonRoot/F01_1A_STOVE_01/StaticCarcass/@MeshInstance3D@3188
0	104,248,152	MeshInstance3D	0.6x0.8x0.6	mat=StandardMaterial3D@0.200,0.190,0.180;mat=StandardMaterial3D@0.200,0.190,0.180	StreetIdShot/OrisonRoot/F01_1A_STOVE_01/StaticCarcass/@MeshInstance3D@3189
0	120,248,152	MeshInstance3D	0.6x1.0x0.6	mat=StandardMaterial3D@0.900,0.880,0.800;mat=StandardMaterial3D@0.900,0.880,0.800	StreetIdShot/OrisonRoot/F01_1A_STOVE_01/StaticCarcass/@MeshInstance3D@3190
0	136,248,152	MeshInstance3D	0.6x0.4x0.4	mat=StandardMaterial3D@0.820,0.740,0.520;mat=StandardMaterial3D@0.820,0.740,0.520	StreetIdShot/OrisonRoot/F01_1A_STOVE_01/StaticCarcass/@MeshInstance3D@3191
0	152,248,152	MeshInstance3D	0.4x0.3x0.0	mat=StandardMaterial3D@0.900,0.880,0.800;mat=StandardMaterial3D@0.900,0.880,0.800	StreetIdShot/OrisonRoot/F01_1A_STOVE_01/OvenDoor/@MeshInstance3D@3192
0	168,248,152	MeshInstance3D	0.4x0.3x0.0	mat=StandardMaterial3D@0.420,0.400,0.380;mat=StandardMaterial3D@0.420,0.400,0.380	StreetIdShot/OrisonRoot/F01_1A_STOVE_01/OvenDoor/@MeshInstance3D@3193
0	184,248,152	MeshInstance3D	0.4x0.1x0.0	mat=StandardMaterial3D@0.820,0.740,0.520;mat=StandardMaterial3D@0.820,0.740,0.520	StreetIdShot/OrisonRoot/F01_1A_STOVE_01/OvenDoor/@MeshInstance3D@3194
0	200,248,152	MeshInstance3D	0.4x0.1x0.0	mat=StandardMaterial3D@0.900,0.880,0.800;mat=StandardMaterial3D@0.900,0.880,0.800	StreetIdShot/OrisonRoot/F01_1A_STOVE_01/BroilerDrawer/@MeshInstance3D@3195
0	216,248,152	MeshInstance3D	0.2x0.0x0.0	mat=StandardMaterial3D@0.200,0.190,0.180;mat=StandardMaterial3D@0.200,0.190,0.180	StreetIdShot/OrisonRoot/F01_1A_STOVE_01/BroilerDrawer/@MeshInstance3D@3196
0	232,248,152	MeshInstance3D	0.1x0.1x0.0	mat=StandardMaterial3D@0.560,0.390,0.280;mat=StandardMaterial3D@0.560,0.390,0.280	StreetIdShot/OrisonRoot/F01_1A_STOVE_01/BurnerValve1/@MeshInstance3D@3197
0	248,248,152	MeshInstance3D	0.0x0.0x0.0	mat=StandardMaterial3D@0.820,0.740,0.520;mat=StandardMaterial3D@0.820,0.740,0.520	StreetIdShot/OrisonRoot/F01_1A_STOVE_01/BurnerValve1/@MeshInstance3D@3198
0	8,8,168	MeshInstance3D	0.1x0.1x0.0	mat=StandardMaterial3D@0.560,0.390,0.280;mat=StandardMaterial3D@0.560,0.390,0.280	StreetIdShot/OrisonRoot/F01_1A_STOVE_01/BurnerValve2/@MeshInstance3D@3199
0	24,8,168	MeshInstance3D	0.0x0.0x0.0	mat=StandardMaterial3D@0.820,0.740,0.520;mat=StandardMaterial3D@0.820,0.740,0.520	StreetIdShot/OrisonRoot/F01_1A_STOVE_01/BurnerValve2/@MeshInstance3D@3200
0	40,8,168	MeshInstance3D	0.1x0.1x0.0	mat=StandardMaterial3D@0.560,0.390,0.280;mat=StandardMaterial3D@0.560,0.390,0.280	StreetIdShot/OrisonRoot/F01_1A_STOVE_01/BurnerValve3/@MeshInstance3D@3201
0	56,8,168	MeshInstance3D	0.0x0.0x0.0	mat=StandardMaterial3D@0.820,0.740,0.520;mat=StandardMaterial3D@0.820,0.740,0.520	StreetIdShot/OrisonRoot/F01_1A_STOVE_01/BurnerValve3/@MeshInstance3D@3202
0	72,8,168	MeshInstance3D	0.1x0.1x0.0	mat=StandardMaterial3D@0.560,0.390,0.280;mat=StandardMaterial3D@0.560,0.390,0.280	StreetIdShot/OrisonRoot/F01_1A_STOVE_01/BurnerValve4/@MeshInstance3D@3203
0	88,8,168	MeshInstance3D	0.0x0.0x0.0	mat=StandardMaterial3D@0.820,0.740,0.520;mat=StandardMaterial3D@0.820,0.740,0.520	StreetIdShot/OrisonRoot/F01_1A_STOVE_01/BurnerValve4/@MeshInstance3D@3204
0	104,8,168	MeshInstance3D	0.1x0.1x0.0	mat=StandardMaterial3D@0.560,0.390,0.280;mat=StandardMaterial3D@0.560,0.390,0.280	StreetIdShot/OrisonRoot/F01_1A_STOVE_01/OvenValve/@MeshInstance3D@3110
0	120,8,168	MeshInstance3D	0.0x0.0x0.0	mat=StandardMaterial3D@0.820,0.740,0.520;mat=StandardMaterial3D@0.820,0.740,0.520	StreetIdShot/OrisonRoot/F01_1A_STOVE_01/OvenValve/@MeshInstance3D@3111
0	136,8,168	MeshInstance3D	0.2x0.0x0.2	mat=StandardMaterial3D@0.420,0.400,0.380;mat=StandardMaterial3D@0.420,0.400,0.380	StreetIdShot/OrisonRoot/F01_1A_STOVE_01/Grate1/@MeshInstance3D@3205
0	152,8,168	MeshInstance3D	0.1x0.0x0.1	mat=StandardMaterial3D@0.200,0.190,0.180;mat=StandardMaterial3D@0.200,0.190,0.180	StreetIdShot/OrisonRoot/F01_1A_STOVE_01/BurnerCap1/@MeshInstance3D@3209
0	168,8,168	MeshInstance3D	0.1x0.0x0.1	mat=StandardMaterial3D@0.420,0.400,0.380;mat=StandardMaterial3D@0.420,0.400,0.380	StreetIdShot/OrisonRoot/F01_1A_STOVE_01/BurnerCap1/@MeshInstance3D@3210
0	184,8,168	MeshInstance3D	0.2x0.0x0.2	mat=StandardMaterial3D@0.420,0.400,0.380;mat=StandardMaterial3D@0.420,0.400,0.380	StreetIdShot/OrisonRoot/F01_1A_STOVE_01/Grate2/@MeshInstance3D@3206
0	200,8,168	MeshInstance3D	0.1x0.0x0.1	mat=StandardMaterial3D@0.200,0.190,0.180;mat=StandardMaterial3D@0.200,0.190,0.180	StreetIdShot/OrisonRoot/F01_1A_STOVE_01/BurnerCap2/@MeshInstance3D@3211
0	216,8,168	MeshInstance3D	0.1x0.0x0.1	mat=StandardMaterial3D@0.420,0.400,0.380;mat=StandardMaterial3D@0.420,0.400,0.380	StreetIdShot/OrisonRoot/F01_1A_STOVE_01/BurnerCap2/@MeshInstance3D@3212
0	232,8,168	MeshInstance3D	0.2x0.0x0.2	mat=StandardMaterial3D@0.420,0.400,0.380;mat=StandardMaterial3D@0.420,0.400,0.380	StreetIdShot/OrisonRoot/F01_1A_STOVE_01/Grate3/@MeshInstance3D@3207
0	248,8,168	MeshInstance3D	0.1x0.0x0.1	mat=StandardMaterial3D@0.200,0.190,0.180;mat=StandardMaterial3D@0.200,0.190,0.180	StreetIdShot/OrisonRoot/F01_1A_STOVE_01/BurnerCap3/@MeshInstance3D@3213
0	8,24,168	MeshInstance3D	0.1x0.0x0.1	mat=StandardMaterial3D@0.420,0.400,0.380;mat=StandardMaterial3D@0.420,0.400,0.380	StreetIdShot/OrisonRoot/F01_1A_STOVE_01/BurnerCap3/@MeshInstance3D@3214
0	24,24,168	MeshInstance3D	0.2x0.0x0.2	mat=StandardMaterial3D@0.420,0.400,0.380;mat=StandardMaterial3D@0.420,0.400,0.380	StreetIdShot/OrisonRoot/F01_1A_STOVE_01/Grate4/@MeshInstance3D@3208
0	40,24,168	MeshInstance3D	0.1x0.0x0.1	mat=StandardMaterial3D@0.200,0.190,0.180;mat=StandardMaterial3D@0.200,0.190,0.180	StreetIdShot/OrisonRoot/F01_1A_STOVE_01/BurnerCap4/@MeshInstance3D@3215
0	56,24,168	MeshInstance3D	0.1x0.0x0.1	mat=StandardMaterial3D@0.420,0.400,0.380;mat=StandardMaterial3D@0.420,0.400,0.380	StreetIdShot/OrisonRoot/F01_1A_STOVE_01/BurnerCap4/@MeshInstance3D@3216
0	72,24,168	MeshInstance3D	0.6x0.9x0.6	mat=StandardMaterial3D@1.000,1.000,1.000;mat=StandardMaterial3D@1.000,1.000,1.000	StreetIdShot/OrisonRoot/F01_1A_FRIDGE_01/StaticCarcass/@MeshInstance3D@3291
0	88,24,168	MeshInstance3D	0.7x1.2x0.7	mat=StandardMaterial3D@1.000,0.990,0.950;mat=StandardMaterial3D@1.000,0.990,0.950	StreetIdShot/OrisonRoot/F01_1A_FRIDGE_01/StaticCarcass/@MeshInstance3D@3292
0	104,24,168	MeshInstance3D	0.4x0.3x0.4	mat=StandardMaterial3D@0.120,0.100,0.085;mat=StandardMaterial3D@0.120,0.100,0.085	StreetIdShot/OrisonRoot/F01_1A_FRIDGE_01/StaticCarcass/@MeshInstance3D@3293
0	120,24,168	MeshInstance3D	0.5x0.3x0.5	mat=StandardMaterial3D@1.000,1.000,1.000;mat=StandardMaterial3D@1.000,1.000,1.000	StreetIdShot/OrisonRoot/F01_1A_FRIDGE_01/StaticCarcass/@MeshInstance3D@3294
0	136,24,168	MeshInstance3D	0.2x0.1x0.0	mat=StandardMaterial3D@1.000,1.000,1.000;mat=StandardMaterial3D@1.000,1.000,1.000	StreetIdShot/OrisonRoot/F01_1A_FRIDGE_01/StaticCarcass/@MeshInstance3D@3295
0	152,24,168	MeshInstance3D	0.7x1.0x0.1	mat=StandardMaterial3D@1.000,0.990,0.950;mat=StandardMaterial3D@1.000,0.990,0.950	StreetIdShot/OrisonRoot/F01_1A_FRIDGE_01/Door/@MeshInstance3D@3296
0	168,24,168	MeshInstance3D	0.7x0.9x0.1	mat=StandardMaterial3D@1.000,1.000,1.000;mat=StandardMaterial3D@1.000,1.000,1.000	StreetIdShot/OrisonRoot/F01_1A_FRIDGE_01/Door/@MeshInstance3D@3297
0	184,24,168	MeshInstance3D	0.1x0.4x0.0	mat=StandardMaterial3D@0.120,0.100,0.085;mat=StandardMaterial3D@0.120,0.100,0.085	StreetIdShot/OrisonRoot/F01_1A_FRIDGE_01/Door/@MeshInstance3D@3298
0	200,24,168	MeshInstance3D	0.1x0.2x0.1	mat=StandardMaterial3D@1.000,1.000,1.000;mat=StandardMaterial3D@1.000,1.000,1.000	StreetIdShot/OrisonRoot/F01_1A_FRIDGE_01/@MeshInstance3D@3287
0	216,24,168	MeshInstance3D	0.1x0.1x0.1	mat=StandardMaterial3D@1.000,1.000,1.000;mat=StandardMaterial3D@1.000,1.000,1.000	StreetIdShot/OrisonRoot/F01_1A_FRIDGE_01/@MeshInstance3D@3288
0	232,24,168	MeshInstance3D	0.2x0.1x0.1	mat=StandardMaterial3D@0.860,0.820,0.700;mat=StandardMaterial3D@0.860,0.820,0.700	StreetIdShot/OrisonRoot/F01_1A_FRIDGE_01/@MeshInstance3D@3289
0	248,24,168	MeshInstance3D	0.1x0.1x0.1	mat=StandardMaterial3D@0.800,0.780,0.660;mat=StandardMaterial3D@0.800,0.780,0.660	StreetIdShot/OrisonRoot/F01_1A_FRIDGE_01/@MeshInstance3D@3290
0	8,40,168	MeshInstance3D	0.8x0.3x0.8	mat=StandardMaterial3D@0.780,0.800,0.750;mat=StandardMaterial3D@0.780,0.800,0.750	StreetIdShot/OrisonRoot/F01_1D_SHOWER_01/StaticFixture/@MeshInstance3D@3364
0	24,40,168	MeshInstance3D	0.7x2.0x0.8	mat=StandardMaterial3D@0.930,0.910,0.840;mat=StandardMaterial3D@0.930,0.910,0.840	StreetIdShot/OrisonRoot/F01_1D_SHOWER_01/StaticFixture/@MeshInstance3D@3365
0	40,40,168	MeshInstance3D	0.1x0.0x0.1	mat=StandardMaterial3D@0.330,0.320,0.290;mat=StandardMaterial3D@0.330,0.320,0.290	StreetIdShot/OrisonRoot/F01_1D_SHOWER_01/StaticFixture/@MeshInstance3D@3366
0	56,40,168	MeshInstance3D	0.0x0.0x0.1	mat=StandardMaterial3D@0.790,0.760,0.650;mat=StandardMaterial3D@0.790,0.760,0.650	StreetIdShot/OrisonRoot/F01_1D_SHOWER_01/StaticFixture/@MeshInstance3D@3367
0	72,40,168	MeshInstance3D	0.1x0.0x0.1	mat=StandardMaterial3D@0.390,0.180,0.085;mat=StandardMaterial3D@0.390,0.180,0.085	StreetIdShot/OrisonRoot/F01_1D_SHOWER_01/StaticFixture/@MeshInstance3D@3368
0	88,40,168	MeshInstance3D	0.1x0.1x0.1	mat=StandardMaterial3D@0.930,0.910,0.840;mat=StandardMaterial3D@0.930,0.910,0.840	StreetIdShot/OrisonRoot/F01_1D_SHOWER_01/HotValve/@MeshInstance3D@3369
0	104,40,168	MeshInstance3D	0.0x0.0x0.0	mat=StandardMaterial3D@0.780,0.680,0.440;mat=StandardMaterial3D@0.780,0.680,0.440	StreetIdShot/OrisonRoot/F01_1D_SHOWER_01/HotValve/@MeshInstance3D@3370
0	120,40,168	MeshInstance3D	0.1x0.1x0.1	mat=StandardMaterial3D@0.930,0.910,0.840;mat=StandardMaterial3D@0.930,0.910,0.840	StreetIdShot/OrisonRoot/F01_1D_SHOWER_01/ColdValve/@MeshInstance3D@3371
0	136,40,168	MeshInstance3D	0.0x0.0x0.0	mat=StandardMaterial3D@0.780,0.680,0.440;mat=StandardMaterial3D@0.780,0.680,0.440	StreetIdShot/OrisonRoot/F01_1D_SHOWER_01/ColdValve/@MeshInstance3D@3372
0	152,40,168	MeshInstance3D	0.7x1.6x0.8	mat=StandardMaterial3D@0.900,0.840,0.670;mat=StandardMaterial3D@0.900,0.840,0.670	StreetIdShot/OrisonRoot/F01_1D_SHOWER_01/CurtainDrawn/@MeshInstance3D@3373
0	168,40,168	MeshInstance3D	0.6x0.1x0.7	mat=StandardMaterial3D@0.930,0.910,0.840;mat=StandardMaterial3D@0.930,0.910,0.840	StreetIdShot/OrisonRoot/F01_1D_SHOWER_01/CurtainDrawn/@MeshInstance3D@3374
0	184,40,168	MeshInstance3D	0.1x0.0x0.1	mat=StandardMaterial3D@0.930,0.910,0.840;mat=StandardMaterial3D@0.930,0.910,0.840	StreetIdShot/OrisonRoot/F01_1D_SHOWER_01/Stopper/@MeshInstance3D@3359
0	200,40,168	MeshInstance3D	0.5x1.0x0.7	mat=StandardMaterial3D@0.960,0.940,0.860;mat=StandardMaterial3D@0.960,0.940,0.860	StreetIdShot/OrisonRoot/F01_1D_SINK_01/StaticFixture/@MeshInstance3D@3413
0	216,40,168	MeshInstance3D	0.3x1.0x0.2	mat=StandardMaterial3D@0.930,0.910,0.840;mat=StandardMaterial3D@0.930,0.910,0.840	StreetIdShot/OrisonRoot/F01_1D_SINK_01/StaticFixture/@MeshInstance3D@3414
0	232,40,168	MeshInstance3D	0.1x0.0x0.1	mat=StandardMaterial3D@0.330,0.320,0.290;mat=StandardMaterial3D@0.330,0.320,0.290	StreetIdShot/OrisonRoot/F01_1D_SINK_01/StaticFixture/@MeshInstance3D@3415
0	248,40,168	MeshInstance3D	0.0x0.0x0.1	mat=StandardMaterial3D@0.790,0.760,0.650;mat=StandardMaterial3D@0.790,0.760,0.650	StreetIdShot/OrisonRoot/F01_1D_SINK_01/StaticFixture/@MeshInstance3D@3416
0	8,56,168	MeshInstance3D	0.1x0.1x0.1	mat=StandardMaterial3D@0.930,0.910,0.840;mat=StandardMaterial3D@0.930,0.910,0.840	StreetIdShot/OrisonRoot/F01_1D_SINK_01/HotValve/@MeshInstance3D@3417
0	24,56,168	MeshInstance3D	0.0x0.0x0.0	mat=StandardMaterial3D@0.780,0.680,0.440;mat=StandardMaterial3D@0.780,0.680,0.440	StreetIdShot/OrisonRoot/F01_1D_SINK_01/HotValve/@MeshInstance3D@3418
0	40,56,168	MeshInstance3D	0.1x0.1x0.1	mat=StandardMaterial3D@0.930,0.910,0.840;mat=StandardMaterial3D@0.930,0.910,0.840	StreetIdShot/OrisonRoot/F01_1D_SINK_01/ColdValve/@MeshInstance3D@3419
0	56,56,168	MeshInstance3D	0.0x0.0x0.0	mat=StandardMaterial3D@0.780,0.680,0.440;mat=StandardMaterial3D@0.780,0.680,0.440	StreetIdShot/OrisonRoot/F01_1D_SINK_01/ColdValve/@MeshInstance3D@3420
0	72,56,168	MeshInstance3D	0.1x0.0x0.1	mat=StandardMaterial3D@0.930,0.910,0.840;mat=StandardMaterial3D@0.930,0.910,0.840	StreetIdShot/OrisonRoot/F01_1D_SINK_01/Stopper/@MeshInstance3D@3409
0	88,56,168	MeshInstance3D	0.1x0.7x0.5	mat=StandardMaterial3D@0.860,0.850,0.790;mat=StandardMaterial3D@0.860,0.850,0.790	StreetIdShot/OrisonRoot/F01_1D_MIRROR_01/CabinetCarcass/@MeshInstance3D@3440
0	104,56,168	MeshInstance3D	0.0x0.6x0.4	mat=StandardMaterial3D@0.860,0.850,0.790;mat=StandardMaterial3D@0.860,0.850,0.790	StreetIdShot/OrisonRoot/F01_1D_MIRROR_01/CabinetDoor/@MeshInstance3D@3452
0	120,56,168	MeshInstance3D	0.0x0.6x0.4	mat=StandardMaterial3D@0.780,0.790,0.760;mat=StandardMaterial3D@0.780,0.790,0.760	StreetIdShot/OrisonRoot/F01_1D_MIRROR_01/CabinetDoor/@MeshInstance3D@3453
0	136,56,168	MeshInstance3D	0.1x0.6x0.5	mat=StandardMaterial3D@0.880,0.860,0.800;mat=StandardMaterial3D@0.880,0.860,0.800	StreetIdShot/OrisonRoot/F01_1D_MIRROR_01/CabinetDoor/@MeshInstance3D@3454
0	152,56,168	MeshInstance3D	0.0x0.3x0.0	mat=StandardMaterial3D@1.000,1.000,1.000;mat=StandardMaterial3D@1.000,1.000,1.000	StreetIdShot/OrisonRoot/F01_1D_MIRROR_01/CabinetContents/@MeshInstance3D@3458
0	168,56,168	MeshInstance3D	0.0x0.2x0.1	mat=StandardMaterial3D@1.000,1.000,1.000;mat=StandardMaterial3D@1.000,1.000,1.000	StreetIdShot/OrisonRoot/1D_LT_SCONCE/@Node3D@3462/@MeshInstance3D@3463
0	184,56,168	MeshInstance3D	0.1x0.1x0.1	mat=StandardMaterial3D@1.000,1.000,1.000;mat=StandardMaterial3D@1.000,1.000,1.000	StreetIdShot/OrisonRoot/1D_LT_SCONCE/@Node3D@3462/@MeshInstance3D@3464
0	200,56,168	MeshInstance3D	0.2x0.2x0.2	mat=StandardMaterial3D@1.000,0.970,0.900;mat=StandardMaterial3D@1.000,0.970,0.900	StreetIdShot/OrisonRoot/1D_LT_SCONCE/@Node3D@3462/bulb_globe
0	216,56,168	MeshInstance3D	0.0x0.1x0.1	mat=StandardMaterial3D@0.820,0.720,0.480;mat=StandardMaterial3D@0.820,0.720,0.480	StreetIdShot/OrisonRoot/F01_D_RADIATOR_01/WorkingAssembly/CastSections/ReplaceableAirVent/@MeshInstance3D@3569
0	232,56,168	MeshInstance3D	0.0x0.1x0.0	mat=StandardMaterial3D@0.480,0.200,0.100;mat=StandardMaterial3D@0.480,0.200,0.100	StreetIdShot/OrisonRoot/F01_D_RADIATOR_01/WorkingAssembly/CastSections/ReplaceableAirVent/@MeshInstance3D@3570
0	248,56,168	MeshInstance3D	0.2x0.6x0.6	mat=StandardMaterial3D@0.320,0.310,0.300;mat=StandardMaterial3D@0.320,0.310,0.300	StreetIdShot/OrisonRoot/F01_D_RADIATOR_01/WorkingAssembly/CastSections/@MeshInstance3D@3567
0	8,72,168	MeshInstance3D	0.1x0.1x0.1	mat=StandardMaterial3D@0.820,0.720,0.480;mat=StandardMaterial3D@0.820,0.720,0.480	StreetIdShot/OrisonRoot/F01_D_RADIATOR_01/WorkingAssembly/SupplyHandwheel/@MeshInstance3D@3568
0	24,72,168	MeshInstance3D	0.1x0.0x0.1	mat=StandardMaterial3D@0.420,0.290,0.180;mat=StandardMaterial3D@0.420,0.290,0.180	StreetIdShot/OrisonRoot/F01_D_RADIATOR_01/WorkingAssembly/FarEndPitchShim/@MeshInstance3D@3566
0	40,72,168	MeshInstance3D	0.1x0.1x0.2	mat=StandardMaterial3D@0.520,0.480,0.440;mat=StandardMaterial3D@0.520,0.480,0.440	StreetIdShot/OrisonRoot/F01_D_RADIATOR_01/WorkingAssembly/@MeshInstance3D@3571
0	56,72,168	MeshInstance3D	0.0x0.0x0.1	mat=StandardMaterial3D@0.480,0.200,0.100;mat=StandardMaterial3D@0.480,0.200,0.100	StreetIdShot/OrisonRoot/F01_D_RADIATOR_01/WorkingAssembly/@MeshInstance3D@3572
0	72,72,168	MeshInstance3D	1.0x0.3x0.5	mat=StandardMaterial3D@0.780,0.800,0.750;mat=StandardMaterial3D@0.780,0.800,0.750	StreetIdShot/OrisonRoot/F01_1D_KITCHEN_SINK_01/StaticFixture/@MeshInstance3D@3623
0	88,72,168	MeshInstance3D	0.2x0.5x0.2	mat=StandardMaterial3D@0.930,0.910,0.840;mat=StandardMaterial3D@0.930,0.910,0.840	StreetIdShot/OrisonRoot/F01_1D_KITCHEN_SINK_01/StaticFixture/@MeshInstance3D@3624
0	104,72,168	MeshInstance3D	0.1x0.0x0.1	mat=StandardMaterial3D@0.330,0.320,0.290;mat=StandardMaterial3D@0.330,0.320,0.290	StreetIdShot/OrisonRoot/F01_1D_KITCHEN_SINK_01/StaticFixture/@MeshInstance3D@3625
0	120,72,168	MeshInstance3D	0.1x0.0x0.0	mat=StandardMaterial3D@0.790,0.760,0.650;mat=StandardMaterial3D@0.790,0.760,0.650	StreetIdShot/OrisonRoot/F01_1D_KITCHEN_SINK_01/StaticFixture/@MeshInstance3D@3626
0	136,72,168	MeshInstance3D	0.1x0.0x0.1	mat=StandardMaterial3D@0.390,0.180,0.085;mat=StandardMaterial3D@0.390,0.180,0.085	StreetIdShot/OrisonRoot/F01_1D_KITCHEN_SINK_01/StaticFixture/@MeshInstance3D@3627
0	152,72,168	MeshInstance3D	0.1x0.1x0.1	mat=StandardMaterial3D@0.930,0.910,0.840;mat=StandardMaterial3D@0.930,0.910,0.840	StreetIdShot/OrisonRoot/F01_1D_KITCHEN_SINK_01/HotValve/@MeshInstance3D@3628
0	168,72,168	MeshInstance3D	0.0x0.0x0.0	mat=StandardMaterial3D@0.780,0.680,0.440;mat=StandardMaterial3D@0.780,0.680,0.440	StreetIdShot/OrisonRoot/F01_1D_KITCHEN_SINK_01/HotValve/@MeshInstance3D@3629
0	184,72,168	MeshInstance3D	0.1x0.1x0.1	mat=StandardMaterial3D@0.930,0.910,0.840;mat=StandardMaterial3D@0.930,0.910,0.840	StreetIdShot/OrisonRoot/F01_1D_KITCHEN_SINK_01/ColdValve/@MeshInstance3D@3630
0	200,72,168	MeshInstance3D	0.0x0.0x0.0	mat=StandardMaterial3D@0.780,0.680,0.440;mat=StandardMaterial3D@0.780,0.680,0.440	StreetIdShot/OrisonRoot/F01_1D_KITCHEN_SINK_01/ColdValve/@MeshInstance3D@3631
0	216,72,168	MeshInstance3D	0.1x0.0x0.1	mat=StandardMaterial3D@0.930,0.910,0.840;mat=StandardMaterial3D@0.930,0.910,0.840	StreetIdShot/OrisonRoot/F01_1D_KITCHEN_SINK_01/Stopper/@MeshInstance3D@3610
0	232,72,168	MeshInstance3D	0.3x0.1x0.2	mat=StandardMaterial3D@0.820,0.780,0.720;mat=StandardMaterial3D@0.820,0.780,0.720	StreetIdShot/OrisonRoot/F01_1D_TOASTER_01/StaticCase/@MeshInstance3D@3730
0	248,72,168	MeshInstance3D	0.3x0.2x0.2	mat=StandardMaterial3D@0.940,0.920,0.860;mat=StandardMaterial3D@0.940,0.920,0.860	StreetIdShot/OrisonRoot/F01_1D_TOASTER_01/StaticCase/@MeshInstance3D@3731
0	8,88,168	MeshInstance3D	0.0x0.0x0.1	mat=StandardMaterial3D@0.620,0.480,0.400;mat=StandardMaterial3D@0.620,0.480,0.400	StreetIdShot/OrisonRoot/F01_1D_TOASTER_01/StaticCase/@MeshInstance3D@3732
0	24,88,168	MeshInstance3D	0.2x0.1x0.1	mat=StandardMaterial3D@0.860,0.730,0.520;mat=StandardMaterial3D@0.860,0.730,0.520	StreetIdShot/OrisonRoot/F01_1D_TOASTER_01/StaticCase/@MeshInstance3D@3733
0	40,88,168	MeshInstance3D	0.2x0.1x0.1	mat=StandardMaterial3D@0.090,0.025,0.012;mat=StandardMaterial3D@0.090,0.025,0.012	StreetIdShot/OrisonRoot/F01_1D_TOASTER_01/ResistanceWire/@MeshInstance3D@3688
0	56,88,168	MeshInstance3D	0.0x0.0x0.0	mat=StandardMaterial3D@0.820,0.780,0.720;mat=StandardMaterial3D@0.820,0.780,0.720	StreetIdShot/OrisonRoot/F01_1D_TOASTER_01/CarriageLever/@MeshInstance3D@3689
0	72,88,168	MeshInstance3D	0.0x0.0x0.0	mat=StandardMaterial3D@0.940,0.920,0.860;mat=StandardMaterial3D@0.940,0.920,0.860	StreetIdShot/OrisonRoot/F01_1D_TOASTER_01/CarriageLever/@MeshInstance3D@3690
0	88,88,168	MeshInstance3D	0.2x0.0x0.0	mat=StandardMaterial3D@0.940,0.920,0.860;mat=StandardMaterial3D@0.940,0.920,0.860	StreetIdShot/OrisonRoot/F01_1D_TOASTER_01/BreadCarrier/@MeshInstance3D@3734
0	104,88,168	MeshInstance3D	0.2x0.0x0.1	mat=StandardMaterial3D@0.940,0.920,0.860;mat=StandardMaterial3D@0.940,0.920,0.860	StreetIdShot/OrisonRoot/F01_1D_TOASTER_01/OrisonRetrofitCrumbTray/@MeshInstance3D@3735
0	120,88,168	MeshInstance3D	0.0x0.0x0.0	mat=StandardMaterial3D@0.820,0.780,0.720;mat=StandardMaterial3D@0.820,0.780,0.720	StreetIdShot/OrisonRoot/F01_1D_TOASTER_01/OrisonRetrofitCrumbTray/@MeshInstance3D@3736
0	136,88,168	MeshInstance3D	0.0x0.0x0.0	mat=StandardMaterial3D@0.100,0.055,0.025;mat=StandardMaterial3D@0.100,0.055,0.025	StreetIdShot/OrisonRoot/F01_1D_TOASTER_01/OrisonRetrofitCrumbTray/@MeshInstance3D@3738
0	152,88,168	MeshInstance3D	0.2x0.0x0.1	mat=StandardMaterial3D@0.520,0.290,0.090;mat=StandardMaterial3D@0.520,0.290,0.090	StreetIdShot/OrisonRoot/F01_1D_TOASTER_01/OrisonRetrofitCrumbTray/@MeshInstance3D@3739
0	168,88,168	MeshInstance3D	0.2x0.2x0.3	mat=StandardMaterial3D@0.520,0.510,0.480;mat=StandardMaterial3D@0.520,0.510,0.480	StreetIdShot/OrisonRoot/F01_1D_KETTLE_01/Vessel/StaticVessel/@MeshInstance3D@3781
0	184,88,168	MeshInstance3D	0.2x0.1x0.2	mat=StandardMaterial3D@0.480,0.340,0.230;mat=StandardMaterial3D@0.480,0.340,0.230	StreetIdShot/OrisonRoot/F01_1D_KETTLE_01/Vessel/StaticVessel/@MeshInstance3D@3782
0	200,88,168	MeshInstance3D	0.1x0.0x0.1	mat=StandardMaterial3D@0.580,0.600,0.550;mat=StandardMaterial3D@0.580,0.600,0.550	StreetIdShot/OrisonRoot/F01_1D_KETTLE_01/Vessel/StaticVessel/@MeshInstance3D@3783
0	216,88,168	MeshInstance3D	0.2x0.1x0.0	mat=StandardMaterial3D@0.480,0.310,0.180;mat=StandardMaterial3D@0.480,0.310,0.180	StreetIdShot/OrisonRoot/F01_1D_KETTLE_01/Vessel/StaticVessel/@MeshInstance3D@3784
0	232,88,168	MeshInstance3D	0.0x0.0x0.1	mat=StandardMaterial3D@0.420,0.390,0.350;mat=StandardMaterial3D@0.420,0.390,0.350	StreetIdShot/OrisonRoot/F01_1D_KETTLE_01/Vessel/StaticVessel/@MeshInstance3D@3785
0	248,88,168	MeshInstance3D	0.1x0.0x0.1	mat=StandardMaterial3D@0.520,0.510,0.480;mat=StandardMaterial3D@0.520,0.510,0.480	StreetIdShot/OrisonRoot/F01_1D_KETTLE_01/Vessel/Lid/@MeshInstance3D@3786
0	8,104,168	MeshInstance3D	0.0x0.0x0.0	mat=StandardMaterial3D@0.480,0.340,0.230;mat=StandardMaterial3D@0.480,0.340,0.230	StreetIdShot/OrisonRoot/F01_1D_KETTLE_01/Vessel/Lid/@MeshInstance3D@3787
0	24,104,168	MeshInstance3D	0.1x0.1x0.0	mat=StandardMaterial3D@0.720,0.580,0.320;mat=StandardMaterial3D@0.720,0.580,0.320	StreetIdShot/OrisonRoot/F01_1D_KETTLE_01/Vessel/ChainedWhistleCap/@MeshInstance3D@3788
0	40,104,168	MeshInstance3D	0.6x0.7x0.5	mat=StandardMaterial3D@0.420,0.400,0.380;mat=StandardMaterial3D@0.420,0.400,0.380	StreetIdShot/OrisonRoot/F01_1D_STOVE_01/StaticCarcass/@MeshInstance3D@3917
0	56,104,168	MeshInstance3D	0.6x0.8x0.6	mat=StandardMaterial3D@0.200,0.190,0.180;mat=StandardMaterial3D@0.200,0.190,0.180	StreetIdShot/OrisonRoot/F01_1D_STOVE_01/StaticCarcass/@MeshInstance3D@3918
0	72,104,168	MeshInstance3D	0.6x1.0x0.6	mat=StandardMaterial3D@0.920,0.950,0.910;mat=StandardMaterial3D@0.920,0.950,0.910	StreetIdShot/OrisonRoot/F01_1D_STOVE_01/StaticCarcass/@MeshInstance3D@3919
0	88,104,168	MeshInstance3D	0.5x0.4x0.4	mat=StandardMaterial3D@0.820,0.740,0.520;mat=StandardMaterial3D@0.820,0.740,0.520	StreetIdShot/OrisonRoot/F01_1D_STOVE_01/StaticCarcass/@MeshInstance3D@3920
0	104,104,168	MeshInstance3D	0.4x0.3x0.0	mat=StandardMaterial3D@0.920,0.950,0.910;mat=StandardMaterial3D@0.920,0.950,0.910	StreetIdShot/OrisonRoot/F01_1D_STOVE_01/OvenDoor/@MeshInstance3D@3921
0	120,104,168	MeshInstance3D	0.4x0.3x0.0	mat=StandardMaterial3D@0.420,0.400,0.380;mat=StandardMaterial3D@0.420,0.400,0.380	StreetIdShot/OrisonRoot/F01_1D_STOVE_01/OvenDoor/@MeshInstance3D@3922
0	136,104,168	MeshInstance3D	0.4x0.1x0.0	mat=StandardMaterial3D@0.820,0.740,0.520;mat=StandardMaterial3D@0.820,0.740,0.520	StreetIdShot/OrisonRoot/F01_1D_STOVE_01/OvenDoor/@MeshInstance3D@3923
0	152,104,168	MeshInstance3D	0.4x0.1x0.0	mat=StandardMaterial3D@0.920,0.950,0.910;mat=StandardMaterial3D@0.920,0.950,0.910	StreetIdShot/OrisonRoot/F01_1D_STOVE_01/BroilerDrawer/@MeshInstance3D@3924
0	168,104,168	MeshInstance3D	0.2x0.0x0.0	mat=StandardMaterial3D@0.200,0.190,0.180;mat=StandardMaterial3D@0.200,0.190,0.180	StreetIdShot/OrisonRoot/F01_1D_STOVE_01/BroilerDrawer/@MeshInstance3D@3925
0	184,104,168	MeshInstance3D	0.1x0.1x0.0	mat=StandardMaterial3D@0.560,0.390,0.280;mat=StandardMaterial3D@0.560,0.390,0.280	StreetIdShot/OrisonRoot/F01_1D_STOVE_01/BurnerValve1/@MeshInstance3D@3926
0	200,104,168	MeshInstance3D	0.0x0.0x0.0	mat=StandardMaterial3D@0.820,0.740,0.520;mat=StandardMaterial3D@0.820,0.740,0.520	StreetIdShot/OrisonRoot/F01_1D_STOVE_01/BurnerValve1/@MeshInstance3D@3927
0	216,104,168	MeshInstance3D	0.1x0.1x0.0	mat=StandardMaterial3D@0.560,0.390,0.280;mat=StandardMaterial3D@0.560,0.390,0.280	StreetIdShot/OrisonRoot/F01_1D_STOVE_01/BurnerValve2/@MeshInstance3D@3928
0	232,104,168	MeshInstance3D	0.0x0.0x0.0	mat=StandardMaterial3D@0.820,0.740,0.520;mat=StandardMaterial3D@0.820,0.740,0.520	StreetIdShot/OrisonRoot/F01_1D_STOVE_01/BurnerValve2/@MeshInstance3D@3929
0	248,104,168	MeshInstance3D	0.1x0.1x0.0	mat=StandardMaterial3D@0.560,0.390,0.280;mat=StandardMaterial3D@0.560,0.390,0.280	StreetIdShot/OrisonRoot/F01_1D_STOVE_01/BurnerValve3/@MeshInstance3D@3930
0	8,120,168	MeshInstance3D	0.0x0.0x0.0	mat=StandardMaterial3D@0.820,0.740,0.520;mat=StandardMaterial3D@0.820,0.740,0.520	StreetIdShot/OrisonRoot/F01_1D_STOVE_01/BurnerValve3/@MeshInstance3D@3931
0	24,120,168	MeshInstance3D	0.1x0.1x0.0	mat=StandardMaterial3D@0.560,0.390,0.280;mat=StandardMaterial3D@0.560,0.390,0.280	StreetIdShot/OrisonRoot/F01_1D_STOVE_01/BurnerValve4/@MeshInstance3D@3932
0	40,120,168	MeshInstance3D	0.0x0.0x0.0	mat=StandardMaterial3D@0.820,0.740,0.520;mat=StandardMaterial3D@0.820,0.740,0.520	StreetIdShot/OrisonRoot/F01_1D_STOVE_01/BurnerValve4/@MeshInstance3D@3933
0	56,120,168	MeshInstance3D	0.1x0.1x0.0	mat=StandardMaterial3D@0.560,0.390,0.280;mat=StandardMaterial3D@0.560,0.390,0.280	StreetIdShot/OrisonRoot/F01_1D_STOVE_01/OvenValve/@MeshInstance3D@3839
0	72,120,168	MeshInstance3D	0.0x0.0x0.0	mat=StandardMaterial3D@0.820,0.740,0.520;mat=StandardMaterial3D@0.820,0.740,0.520	StreetIdShot/OrisonRoot/F01_1D_STOVE_01/OvenValve/@MeshInstance3D@3840
0	88,120,168	MeshInstance3D	0.2x0.0x0.2	mat=StandardMaterial3D@0.420,0.400,0.380;mat=StandardMaterial3D@0.420,0.400,0.380	StreetIdShot/OrisonRoot/F01_1D_STOVE_01/Grate1/@MeshInstance3D@3934
0	104,120,168	MeshInstance3D	0.1x0.0x0.1	mat=StandardMaterial3D@0.200,0.190,0.180;mat=StandardMaterial3D@0.200,0.190,0.180	StreetIdShot/OrisonRoot/F01_1D_STOVE_01/BurnerCap1/@MeshInstance3D@3938
0	120,120,168	MeshInstance3D	0.1x0.0x0.1	mat=StandardMaterial3D@0.420,0.400,0.380;mat=StandardMaterial3D@0.420,0.400,0.380	StreetIdShot/OrisonRoot/F01_1D_STOVE_01/BurnerCap1/@MeshInstance3D@3939
0	136,120,168	MeshInstance3D	0.2x0.0x0.2	mat=StandardMaterial3D@0.420,0.400,0.380;mat=StandardMaterial3D@0.420,0.400,0.380	StreetIdShot/OrisonRoot/F01_1D_STOVE_01/Grate2/@MeshInstance3D@3935
0	152,120,168	MeshInstance3D	0.1x0.0x0.1	mat=StandardMaterial3D@0.200,0.190,0.180;mat=StandardMaterial3D@0.200,0.190,0.180	StreetIdShot/OrisonRoot/F01_1D_STOVE_01/BurnerCap2/@MeshInstance3D@3940
0	168,120,168	MeshInstance3D	0.1x0.0x0.1	mat=StandardMaterial3D@0.420,0.400,0.380;mat=StandardMaterial3D@0.420,0.400,0.380	StreetIdShot/OrisonRoot/F01_1D_STOVE_01/BurnerCap2/@MeshInstance3D@3941
0	184,120,168	MeshInstance3D	0.2x0.0x0.2	mat=StandardMaterial3D@0.420,0.400,0.380;mat=StandardMaterial3D@0.420,0.400,0.380	StreetIdShot/OrisonRoot/F01_1D_STOVE_01/Grate3/@MeshInstance3D@3936
0	200,120,168	MeshInstance3D	0.1x0.0x0.1	mat=StandardMaterial3D@0.200,0.190,0.180;mat=StandardMaterial3D@0.200,0.190,0.180	StreetIdShot/OrisonRoot/F01_1D_STOVE_01/BurnerCap3/@MeshInstance3D@3942
0	216,120,168	MeshInstance3D	0.1x0.0x0.1	mat=StandardMaterial3D@0.420,0.400,0.380;mat=StandardMaterial3D@0.420,0.400,0.380	StreetIdShot/OrisonRoot/F01_1D_STOVE_01/BurnerCap3/@MeshInstance3D@3943
0	232,120,168	MeshInstance3D	0.2x0.0x0.2	mat=StandardMaterial3D@0.420,0.400,0.380;mat=StandardMaterial3D@0.420,0.400,0.380	StreetIdShot/OrisonRoot/F01_1D_STOVE_01/Grate4/@MeshInstance3D@3937
0	248,120,168	MeshInstance3D	0.1x0.0x0.1	mat=StandardMaterial3D@0.200,0.190,0.180;mat=StandardMaterial3D@0.200,0.190,0.180	StreetIdShot/OrisonRoot/F01_1D_STOVE_01/BurnerCap4/@MeshInstance3D@3944
0	8,136,168	MeshInstance3D	0.1x0.0x0.1	mat=StandardMaterial3D@0.420,0.400,0.380;mat=StandardMaterial3D@0.420,0.400,0.380	StreetIdShot/OrisonRoot/F01_1D_STOVE_01/BurnerCap4/@MeshInstance3D@3945
0	24,136,168	MeshInstance3D	0.7x1.2x0.6	mat=StandardMaterial3D@0.520,0.500,0.460;mat=StandardMaterial3D@0.520,0.500,0.460	StreetIdShot/OrisonRoot/F01_1D_FRIDGE_01/StaticCarcass/@MeshInstance3D@4016
0	40,136,168	MeshInstance3D	0.5x0.1x0.0	mat=StandardMaterial3D@0.190,0.105,0.055;mat=StandardMaterial3D@0.190,0.105,0.055	StreetIdShot/OrisonRoot/F01_1D_FRIDGE_01/StaticCarcass/@MeshInstance3D@4017
0	56,136,168	MeshInstance3D	0.6x0.9x0.5	mat=StandardMaterial3D@1.000,1.000,1.000;mat=StandardMaterial3D@1.000,1.000,1.000	StreetIdShot/OrisonRoot/F01_1D_FRIDGE_01/StaticCarcass/@MeshInstance3D@4018
0	72,136,168	MeshInstance3D	0.7x0.7x0.0	mat=StandardMaterial3D@0.520,0.500,0.460;mat=StandardMaterial3D@0.520,0.500,0.460	StreetIdShot/OrisonRoot/F01_1D_FRIDGE_01/FoodDoor/@MeshInstance3D@4019
0	88,136,168	MeshInstance3D	0.6x0.6x0.0	mat=StandardMaterial3D@1.000,1.000,1.000;mat=StandardMaterial3D@1.000,1.000,1.000	StreetIdShot/OrisonRoot/F01_1D_FRIDGE_01/FoodDoor/@MeshInstance3D@4020
0	104,136,168	MeshInstance3D	0.7x0.6x0.1	mat=StandardMaterial3D@1.000,1.000,1.000;mat=StandardMaterial3D@1.000,1.000,1.000	StreetIdShot/OrisonRoot/F01_1D_FRIDGE_01/FoodDoor/@MeshInstance3D@4021
0	120,136,168	MeshInstance3D	0.7x0.2x0.0	mat=StandardMaterial3D@0.520,0.500,0.460;mat=StandardMaterial3D@0.520,0.500,0.460	StreetIdShot/OrisonRoot/F01_1D_FRIDGE_01/IceDoor/@MeshInstance3D@4022
0	136,136,168	MeshInstance3D	0.0x0.1x0.0	mat=StandardMaterial3D@1.000,1.000,1.000;mat=StandardMaterial3D@1.000,1.000,1.000	StreetIdShot/OrisonRoot/F01_1D_FRIDGE_01/IceDoor/@MeshInstance3D@4023
0	152,136,168	MeshInstance3D	0.5x0.1x0.2	mat=StandardMaterial3D@1.000,1.000,1.000;mat=StandardMaterial3D@1.000,1.000,1.000	StreetIdShot/OrisonRoot/F01_1D_FRIDGE_01/DripTray/@MeshInstance3D@4024
0	168,136,168	MeshInstance3D	0.5x0.1x0.0	mat=StandardMaterial3D@0.520,0.500,0.460;mat=StandardMaterial3D@0.520,0.500,0.460	StreetIdShot/OrisonRoot/F01_1D_FRIDGE_01/DripTray/@MeshInstance3D@4025
0	184,136,168	MeshInstance3D	0.2x0.0x0.0	mat=StandardMaterial3D@1.000,1.000,1.000;mat=StandardMaterial3D@1.000,1.000,1.000	StreetIdShot/OrisonRoot/F01_1D_FRIDGE_01/DripTray/@MeshInstance3D@4026
0	200,136,168	MeshInstance3D	0.1x0.2x0.1	mat=StandardMaterial3D@1.000,1.000,1.000;mat=StandardMaterial3D@1.000,1.000,1.000	StreetIdShot/OrisonRoot/F01_1D_FRIDGE_01/@MeshInstance3D@4014
0	216,136,168	MeshInstance3D	0.1x0.1x0.0	mat=StandardMaterial3D@0.860,0.780,0.240;mat=StandardMaterial3D@0.860,0.780,0.240	StreetIdShot/OrisonRoot/F01_1D_FRIDGE_01/@MeshInstance3D@4015
0	232,136,168	MeshInstance3D	0.9x2.1x0.1	mat=StandardMaterial3D@0.480,0.500,0.470;mat=StandardMaterial3D@0.480,0.500,0.470	StreetIdShot/OrisonRoot/F01_DOOR_01/HingedLeaf/@MeshInstance3D@4045
0	248,136,168	MeshInstance3D	0.9x1.8x0.0	mat=StandardMaterial3D@0.360,0.350,0.320;mat=StandardMaterial3D@0.360,0.350,0.320	StreetIdShot/OrisonRoot/F01_DOOR_01/HingedLeaf/@MeshInstance3D@4046
0	8,152,168	MeshInstance3D	0.1x0.2x0.2	mat=StandardMaterial3D@0.640,0.580,0.430;mat=StandardMaterial3D@0.640,0.580,0.430	StreetIdShot/OrisonRoot/F01_DOOR_01/HingedLeaf/@MeshInstance3D@4047
0	24,152,168	MeshInstance3D	1.0x1.9x0.1	mat=StandardMaterial3D@0.380,0.370,0.340;mat=StandardMaterial3D@0.380,0.370,0.340	StreetIdShot/OrisonRoot/F01_DOOR_01/FixedIronmongery/@MeshInstance3D@4048
0	40,152,168	MeshInstance3D	0.1x2.1x0.9	mat=StandardMaterial3D@0.250,0.340,0.290;mat=StandardMaterial3D@0.250,0.340,0.290	StreetIdShot/OrisonRoot/F01_DOOR_02/HingedLeaf/@MeshInstance3D@4087
0	56,152,168	MeshInstance3D	0.1x1.8x0.7	mat=StandardMaterial3D@0.205,0.279,0.238;mat=StandardMaterial3D@0.205,0.279,0.238	StreetIdShot/OrisonRoot/F01_DOOR_02/HingedLeaf/@MeshInstance3D@4088
0	72,152,168	MeshInstance3D	0.2x1.5x0.8	mat=StandardMaterial3D@0.820,0.740,0.550;mat=StandardMaterial3D@0.820,0.740,0.550	StreetIdShot/OrisonRoot/F01_DOOR_02/HingedLeaf/@MeshInstance3D@4089
0	88,152,168	MeshInstance3D	0.1x0.1x0.4	mat=StandardMaterial3D@0.420,0.400,0.360;mat=StandardMaterial3D@0.420,0.400,0.360	StreetIdShot/OrisonRoot/F01_DOOR_02/HingedLeaf/@MeshInstance3D@4090
0	104,152,168	MeshInstance3D	0.1x1.9x1.0	mat=StandardMaterial3D@0.580,0.520,0.390;mat=StandardMaterial3D@0.580,0.520,0.390	StreetIdShot/OrisonRoot/F01_DOOR_02/FixedIronmongery/@MeshInstance3D@4091
0	120,152,168	MeshInstance3D	0.0x0.1x0.2	mat=StandardMaterial3D@0.300,0.210,0.110;mat=StandardMaterial3D@0.300,0.210,0.110	StreetIdShot/OrisonRoot/F01_DOOR_02/BrassApartmentNumber_1A/@MeshInstance3D@23304
0	136,152,168	MeshInstance3D	0.0x0.1x0.2	mat=StandardMaterial3D@0.720,0.490,0.180;mat=StandardMaterial3D@0.720,0.490,0.180	StreetIdShot/OrisonRoot/F01_DOOR_02/BrassApartmentNumber_1A/@MeshInstance3D@23305
0	152,152,168	MeshInstance3D	0.0x0.1x0.2	mat=StandardMaterial3D@1.000,1.000,1.000;mat=StandardMaterial3D@1.000,1.000,1.000	StreetIdShot/OrisonRoot/F01_DOOR_02/BrassApartmentNumber_1A/@MeshInstance3D@23306
0	168,152,168	MeshInstance3D	0.0x0.1x0.1	mat=StandardMaterial3D@0.760,0.880,0.580;mat=StandardMaterial3D@0.760,0.880,0.580	StreetIdShot/OrisonRoot/F01_DOOR_02/@Node3D@23301/@MeshInstance3D@23302
0	184,152,168	MeshInstance3D	0.1x2.1x0.9	mat=StandardMaterial3D@0.350,0.270,0.240;mat=StandardMaterial3D@0.350,0.270,0.240	StreetIdShot/OrisonRoot/F01_DOOR_03/HingedLeaf/@MeshInstance3D@4130
0	200,152,168	MeshInstance3D	0.1x1.8x0.7	mat=StandardMaterial3D@0.287,0.221,0.197;mat=StandardMaterial3D@0.287,0.221,0.197	StreetIdShot/OrisonRoot/F01_DOOR_03/HingedLeaf/@MeshInstance3D@4131
0	216,152,168	MeshInstance3D	0.2x1.5x0.8	mat=StandardMaterial3D@0.820,0.740,0.550;mat=StandardMaterial3D@0.820,0.740,0.550	StreetIdShot/OrisonRoot/F01_DOOR_03/HingedLeaf/@MeshInstance3D@4132
0	232,152,168	MeshInstance3D	0.1x0.1x0.4	mat=StandardMaterial3D@0.420,0.400,0.360;mat=StandardMaterial3D@0.420,0.400,0.360	StreetIdShot/OrisonRoot/F01_DOOR_03/HingedLeaf/@MeshInstance3D@4133
0	248,152,168	MeshInstance3D	0.1x1.9x1.0	mat=StandardMaterial3D@0.580,0.520,0.390;mat=StandardMaterial3D@0.580,0.520,0.390	StreetIdShot/OrisonRoot/F01_DOOR_03/FixedIronmongery/@MeshInstance3D@4134
0	8,168,168	MeshInstance3D	0.1x2.1x0.9	mat=StandardMaterial3D@0.380,0.340,0.250;mat=StandardMaterial3D@0.380,0.340,0.250	StreetIdShot/OrisonRoot/F01_DOOR_04/HingedLeaf/@MeshInstance3D@4173
0	24,168,168	MeshInstance3D	0.1x1.8x0.7	mat=StandardMaterial3D@0.312,0.279,0.205;mat=StandardMaterial3D@0.312,0.279,0.205	StreetIdShot/OrisonRoot/F01_DOOR_04/HingedLeaf/@MeshInstance3D@4174
0	40,168,168	MeshInstance3D	0.2x1.5x0.8	mat=StandardMaterial3D@0.820,0.740,0.550;mat=StandardMaterial3D@0.820,0.740,0.550	StreetIdShot/OrisonRoot/F01_DOOR_04/HingedLeaf/@MeshInstance3D@4175
0	56,168,168	MeshInstance3D	0.1x0.1x0.4	mat=StandardMaterial3D@0.420,0.400,0.360;mat=StandardMaterial3D@0.420,0.400,0.360	StreetIdShot/OrisonRoot/F01_DOOR_04/HingedLeaf/@MeshInstance3D@4176
0	72,168,168	MeshInstance3D	0.1x1.9x1.0	mat=StandardMaterial3D@0.580,0.520,0.390;mat=StandardMaterial3D@0.580,0.520,0.390	StreetIdShot/OrisonRoot/F01_DOOR_04/FixedIronmongery/@MeshInstance3D@4177
0	88,168,168	MeshInstance3D	0.0x0.1x0.2	mat=StandardMaterial3D@0.300,0.210,0.110;mat=StandardMaterial3D@0.300,0.210,0.110	StreetIdShot/OrisonRoot/F01_DOOR_04/BrassApartmentNumber_1D/@MeshInstance3D@23316
0	104,168,168	MeshInstance3D	0.0x0.1x0.2	mat=StandardMaterial3D@0.720,0.490,0.180;mat=StandardMaterial3D@0.720,0.490,0.180	StreetIdShot/OrisonRoot/F01_DOOR_04/BrassApartmentNumber_1D/@MeshInstance3D@23317
0	120,168,168	MeshInstance3D	0.0x0.1x0.2	mat=StandardMaterial3D@1.000,1.000,1.000;mat=StandardMaterial3D@1.000,1.000,1.000	StreetIdShot/OrisonRoot/F01_DOOR_04/BrassApartmentNumber_1D/@MeshInstance3D@23318
0	136,168,168	MeshInstance3D	0.0x0.1x0.1	mat=StandardMaterial3D@0.760,0.880,0.580;mat=StandardMaterial3D@0.760,0.880,0.580	StreetIdShot/OrisonRoot/F01_DOOR_04/@Node3D@23313/@MeshInstance3D@23314
0	152,168,168	MeshInstance3D	0.1x2.1x0.9	mat=StandardMaterial3D@0.250,0.340,0.290;mat=StandardMaterial3D@0.250,0.340,0.290	StreetIdShot/OrisonRoot/F01_DOOR_05/HingedLeaf/@MeshInstance3D@4216
0	168,168,168	MeshInstance3D	0.1x1.8x0.7	mat=StandardMaterial3D@0.205,0.279,0.238;mat=StandardMaterial3D@0.205,0.279,0.238	StreetIdShot/OrisonRoot/F01_DOOR_05/HingedLeaf/@MeshInstance3D@4217
0	184,168,168	MeshInstance3D	0.2x1.5x0.8	mat=StandardMaterial3D@0.820,0.740,0.550;mat=StandardMaterial3D@0.820,0.740,0.550	StreetIdShot/OrisonRoot/F01_DOOR_05/HingedLeaf/@MeshInstance3D@4218
0	200,168,168	MeshInstance3D	0.1x0.1x0.4	mat=StandardMaterial3D@0.420,0.400,0.360;mat=StandardMaterial3D@0.420,0.400,0.360	StreetIdShot/OrisonRoot/F01_DOOR_05/HingedLeaf/@MeshInstance3D@4219
0	216,168,168	MeshInstance3D	0.1x1.9x1.0	mat=StandardMaterial3D@0.580,0.520,0.390;mat=StandardMaterial3D@0.580,0.520,0.390	StreetIdShot/OrisonRoot/F01_DOOR_05/FixedIronmongery/@MeshInstance3D@4220
0	232,168,168	MeshInstance3D	0.9x2.1x0.1	mat=StandardMaterial3D@0.085,0.032,0.021;mat=StandardMaterial3D@0.085,0.032,0.021	StreetIdShot/OrisonRoot/F01_DOOR_06/CenturyOakLeaf/@MeshInstance3D@4380
0	248,168,168	MeshInstance3D	0.9x2.1x0.1	mat=StandardMaterial3D@0.760,0.640,0.560;mat=StandardMaterial3D@0.760,0.640,0.560	StreetIdShot/OrisonRoot/F01_DOOR_06/CenturyOakLeaf/@MeshInstance3D@4381
0	8,184,168	MeshInstance3D	0.7x1.8x0.2	mat=StandardMaterial3D@0.075,0.070,0.064;mat=StandardMaterial3D@0.075,0.070,0.064	StreetIdShot/OrisonRoot/F01_DOOR_06/CenturyOakLeaf/@MeshInstance3D@4383
0	24,184,168	MeshInstance3D	0.9x1.7x0.2	mat=StandardMaterial3D@0.480,0.300,0.105;mat=StandardMaterial3D@0.480,0.300,0.105	StreetIdShot/OrisonRoot/F01_DOOR_06/CenturyOakLeaf/@MeshInstance3D@4384
0	40,184,168	MeshInstance3D	0.1x0.1x0.4	mat=StandardMaterial3D@0.660,0.470,0.200;mat=StandardMaterial3D@0.660,0.470,0.200	StreetIdShot/OrisonRoot/F01_DOOR_06/CenturyOakLeaf/@MeshInstance3D@4385
0	56,184,168	MeshInstance3D	1.3x2.8x0.2	mat=StandardMaterial3D@0.085,0.032,0.021;mat=StandardMaterial3D@0.085,0.032,0.021	StreetIdShot/OrisonRoot/F01_DOOR_06/@MeshInstance3D@4386
0	72,184,168	MeshInstance3D	1.1x2.6x0.2	mat=StandardMaterial3D@0.075,0.070,0.064;mat=StandardMaterial3D@0.075,0.070,0.064	StreetIdShot/OrisonRoot/F01_DOOR_06/@MeshInstance3D@4388
0	88,184,168	MeshInstance3D	0.8x1.2x0.3	mat=StandardMaterial3D@0.480,0.300,0.105;mat=StandardMaterial3D@0.480,0.300,0.105	StreetIdShot/OrisonRoot/F01_DOOR_06/@MeshInstance3D@4389
0	104,184,168	MeshInstance3D	0.0x0.0x0.0	mat=StandardMaterial3D@0.190,0.140,0.110;mat=StandardMaterial3D@0.190,0.140,0.110	StreetIdShot/OrisonRoot/F01_DOOR_06/@MeshInstance3D@4390
0	120,184,168	MeshInstance3D	0.8x2.0x0.1	mat=StandardMaterial3D@0.480,0.500,0.470;mat=StandardMaterial3D@0.480,0.500,0.470	StreetIdShot/OrisonRoot/F01_DOOR_07/HingedLeaf/@MeshInstance3D@4408
0	136,184,168	MeshInstance3D	0.7x1.8x0.0	mat=StandardMaterial3D@0.360,0.350,0.320;mat=StandardMaterial3D@0.360,0.350,0.320	StreetIdShot/OrisonRoot/F01_DOOR_07/HingedLeaf/@MeshInstance3D@4409
0	152,184,168	MeshInstance3D	0.1x0.2x0.2	mat=StandardMaterial3D@0.640,0.580,0.430;mat=StandardMaterial3D@0.640,0.580,0.430	StreetIdShot/OrisonRoot/F01_DOOR_07/HingedLeaf/@MeshInstance3D@4410
0	168,184,168	MeshInstance3D	0.9x1.8x0.1	mat=StandardMaterial3D@0.380,0.370,0.340;mat=StandardMaterial3D@0.380,0.370,0.340	StreetIdShot/OrisonRoot/F01_DOOR_07/FixedIronmongery/@MeshInstance3D@4411
0	184,184,168	MeshInstance3D	0.8x2.0x0.1	mat=StandardMaterial3D@0.480,0.500,0.470;mat=StandardMaterial3D@0.480,0.500,0.470	StreetIdShot/OrisonRoot/F01_DOOR_08/HingedLeaf/@MeshInstance3D@4429
0	200,184,168	MeshInstance3D	0.7x1.8x0.0	mat=StandardMaterial3D@0.360,0.350,0.320;mat=StandardMaterial3D@0.360,0.350,0.320	StreetIdShot/OrisonRoot/F01_DOOR_08/HingedLeaf/@MeshInstance3D@4430
0	216,184,168	MeshInstance3D	0.1x0.2x0.2	mat=StandardMaterial3D@0.640,0.580,0.430;mat=StandardMaterial3D@0.640,0.580,0.430	StreetIdShot/OrisonRoot/F01_DOOR_08/HingedLeaf/@MeshInstance3D@4431
0	232,184,168	MeshInstance3D	0.9x1.8x0.1	mat=StandardMaterial3D@0.380,0.370,0.340;mat=StandardMaterial3D@0.380,0.370,0.340	StreetIdShot/OrisonRoot/F01_DOOR_08/FixedIronmongery/@MeshInstance3D@4432
0	248,184,168	MeshInstance3D	0.1x2.0x0.8	mat=StandardMaterial3D@0.480,0.500,0.470;mat=StandardMaterial3D@0.480,0.500,0.470	StreetIdShot/OrisonRoot/F01_DOOR_09/HingedLeaf/@MeshInstance3D@4450
0	8,200,168	MeshInstance3D	0.0x1.8x0.7	mat=StandardMaterial3D@0.360,0.350,0.320;mat=StandardMaterial3D@0.360,0.350,0.320	StreetIdShot/OrisonRoot/F01_DOOR_09/HingedLeaf/@MeshInstance3D@4451
0	24,200,168	MeshInstance3D	0.2x0.2x0.1	mat=StandardMaterial3D@0.640,0.580,0.430;mat=StandardMaterial3D@0.640,0.580,0.430	StreetIdShot/OrisonRoot/F01_DOOR_09/HingedLeaf/@MeshInstance3D@4452
0	40,200,168	MeshInstance3D	0.1x1.8x0.9	mat=StandardMaterial3D@0.380,0.370,0.340;mat=StandardMaterial3D@0.380,0.370,0.340	StreetIdShot/OrisonRoot/F01_DOOR_09/FixedIronmongery/@MeshInstance3D@4453
0	56,200,168	MeshInstance3D	0.8x2.0x0.1	mat=StandardMaterial3D@0.780,0.750,0.670;mat=StandardMaterial3D@0.780,0.750,0.670	StreetIdShot/OrisonRoot/F01_DOOR_10/HingedLeaf/@MeshInstance3D@4488
0	72,200,168	MeshInstance3D	0.6x1.7x0.1	mat=StandardMaterial3D@0.640,0.615,0.549;mat=StandardMaterial3D@0.640,0.615,0.549	StreetIdShot/OrisonRoot/F01_DOOR_10/HingedLeaf/@MeshInstance3D@4489
0	88,200,168	MeshInstance3D	0.1x0.2x0.2	mat=StandardMaterial3D@0.820,0.740,0.550;mat=StandardMaterial3D@0.820,0.740,0.550	StreetIdShot/OrisonRoot/F01_DOOR_10/HingedLeaf/@MeshInstance3D@4490
0	104,200,168	MeshInstance3D	0.9x1.8x0.1	mat=StandardMaterial3D@0.580,0.520,0.390;mat=StandardMaterial3D@0.580,0.520,0.390	StreetIdShot/OrisonRoot/F01_DOOR_10/FixedIronmongery/@MeshInstance3D@4491
0	120,200,168	MeshInstance3D	0.1x2.0x0.8	mat=StandardMaterial3D@0.660,0.690,0.610;mat=StandardMaterial3D@0.660,0.690,0.610	StreetIdShot/OrisonRoot/F01_DOOR_11/HingedLeaf/@MeshInstance3D@4526
0	136,200,168	MeshInstance3D	0.1x1.7x0.6	mat=StandardMaterial3D@0.541,0.566,0.500;mat=StandardMaterial3D@0.541,0.566,0.500	StreetIdShot/OrisonRoot/F01_DOOR_11/HingedLeaf/@MeshInstance3D@4527
0	152,200,168	MeshInstance3D	0.2x0.2x0.1	mat=StandardMaterial3D@0.820,0.740,0.550;mat=StandardMaterial3D@0.820,0.740,0.550	StreetIdShot/OrisonRoot/F01_DOOR_11/HingedLeaf/@MeshInstance3D@4528
0	168,200,168	MeshInstance3D	0.1x1.8x0.9	mat=StandardMaterial3D@0.580,0.520,0.390;mat=StandardMaterial3D@0.580,0.520,0.390	StreetIdShot/OrisonRoot/F01_DOOR_11/FixedIronmongery/@MeshInstance3D@4529
0	184,200,168	MeshInstance3D	0.8x2.0x0.1	mat=StandardMaterial3D@0.700,0.630,0.570;mat=StandardMaterial3D@0.700,0.630,0.570	StreetIdShot/OrisonRoot/F01_DOOR_12/HingedLeaf/@MeshInstance3D@4564
0	200,200,168	MeshInstance3D	0.6x1.7x0.1	mat=StandardMaterial3D@0.574,0.517,0.467;mat=StandardMaterial3D@0.574,0.517,0.467	StreetIdShot/OrisonRoot/F01_DOOR_12/HingedLeaf/@MeshInstance3D@4565
0	216,200,168	MeshInstance3D	0.1x0.2x0.2	mat=StandardMaterial3D@0.820,0.740,0.550;mat=StandardMaterial3D@0.820,0.740,0.550	StreetIdShot/OrisonRoot/F01_DOOR_12/HingedLeaf/@MeshInstance3D@4566
0	232,200,168	MeshInstance3D	0.9x1.8x0.1	mat=StandardMaterial3D@0.580,0.520,0.390;mat=StandardMaterial3D@0.580,0.520,0.390	StreetIdShot/OrisonRoot/F01_DOOR_12/FixedIronmongery/@MeshInstance3D@4567
0	248,200,168	MeshInstance3D	0.1x2.0x0.8	mat=StandardMaterial3D@0.780,0.750,0.670;mat=StandardMaterial3D@0.780,0.750,0.670	StreetIdShot/OrisonRoot/F01_DOOR_13/HingedLeaf/@MeshInstance3D@4602
0	8,216,168	MeshInstance3D	0.1x1.7x0.6	mat=StandardMaterial3D@0.640,0.615,0.549;mat=StandardMaterial3D@0.640,0.615,0.549	StreetIdShot/OrisonRoot/F01_DOOR_13/HingedLeaf/@MeshInstance3D@4603
0	24,216,168	MeshInstance3D	0.2x0.2x0.1	mat=StandardMaterial3D@0.820,0.740,0.550;mat=StandardMaterial3D@0.820,0.740,0.550	StreetIdShot/OrisonRoot/F01_DOOR_13/HingedLeaf/@MeshInstance3D@4604
0	40,216,168	MeshInstance3D	0.1x1.8x0.9	mat=StandardMaterial3D@0.580,0.520,0.390;mat=StandardMaterial3D@0.580,0.520,0.390	StreetIdShot/OrisonRoot/F01_DOOR_13/FixedIronmongery/@MeshInstance3D@4605
0	56,216,168	MeshInstance3D	0.8x2.0x0.1	mat=StandardMaterial3D@0.660,0.690,0.610;mat=StandardMaterial3D@0.660,0.690,0.610	StreetIdShot/OrisonRoot/F01_DOOR_14/HingedLeaf/@MeshInstance3D@4640
0	72,216,168	MeshInstance3D	0.6x1.7x0.1	mat=StandardMaterial3D@0.541,0.566,0.500;mat=StandardMaterial3D@0.541,0.566,0.500	StreetIdShot/OrisonRoot/F01_DOOR_14/HingedLeaf/@MeshInstance3D@4641
0	88,216,168	MeshInstance3D	0.1x0.2x0.2	mat=StandardMaterial3D@0.820,0.740,0.550;mat=StandardMaterial3D@0.820,0.740,0.550	StreetIdShot/OrisonRoot/F01_DOOR_14/HingedLeaf/@MeshInstance3D@4642
0	104,216,168	MeshInstance3D	0.9x1.8x0.1	mat=StandardMaterial3D@0.580,0.520,0.390;mat=StandardMaterial3D@0.580,0.520,0.390	StreetIdShot/OrisonRoot/F01_DOOR_14/FixedIronmongery/@MeshInstance3D@4643
0	120,216,168	MeshInstance3D	0.2x0.0x0.2	mat=StandardMaterial3D@1.000,1.000,1.000;mat=StandardMaterial3D@1.000,1.000,1.000	StreetIdShot/OrisonRoot/F01_CORRIDOR_DOME_01/@Node3D@4646/@MeshInstance3D@4647
0	136,216,168	MeshInstance3D	0.3x0.0x0.3	mat=StandardMaterial3D@1.000,1.000,1.000;mat=StandardMaterial3D@1.000,1.000,1.000	StreetIdShot/OrisonRoot/F01_CORRIDOR_DOME_01/@Node3D@4646/@MeshInstance3D@4648
0	152,216,168	MeshInstance3D	0.3x0.3x0.0	mat=StandardMaterial3D@1.000,1.000,1.000;mat=StandardMaterial3D@1.000,1.000,1.000	StreetIdShot/OrisonRoot/F01_CORRIDOR_DOME_01/@Node3D@4646/@MeshInstance3D@4649
0	168,216,168	MeshInstance3D	0.3x0.2x0.3	mat=StandardMaterial3D@1.000,0.970,0.900;mat=StandardMaterial3D@1.000,0.970,0.900	StreetIdShot/OrisonRoot/F01_CORRIDOR_DOME_01/@Node3D@4646/bulb_dome
0	184,216,168	MeshInstance3D	0.2x0.0x0.2	mat=StandardMaterial3D@1.000,1.000,1.000;mat=StandardMaterial3D@1.000,1.000,1.000	StreetIdShot/OrisonRoot/F01_CORRIDOR_DOME_02/@Node3D@4653/@MeshInstance3D@4654
0	200,216,168	MeshInstance3D	0.3x0.0x0.3	mat=StandardMaterial3D@1.000,1.000,1.000;mat=StandardMaterial3D@1.000,1.000,1.000	StreetIdShot/OrisonRoot/F01_CORRIDOR_DOME_02/@Node3D@4653/@MeshInstance3D@4655
0	216,216,168	MeshInstance3D	0.3x0.3x0.0	mat=StandardMaterial3D@1.000,1.000,1.000;mat=StandardMaterial3D@1.000,1.000,1.000	StreetIdShot/OrisonRoot/F01_CORRIDOR_DOME_02/@Node3D@4653/@MeshInstance3D@4656
0	232,216,168	MeshInstance3D	0.3x0.2x0.3	mat=StandardMaterial3D@1.000,0.970,0.900;mat=StandardMaterial3D@1.000,0.970,0.900	StreetIdShot/OrisonRoot/F01_CORRIDOR_DOME_02/@Node3D@4653/bulb_dome
0	248,216,168	MeshInstance3D	0.2x0.0x0.2	mat=StandardMaterial3D@1.000,1.000,1.000;mat=StandardMaterial3D@1.000,1.000,1.000	StreetIdShot/OrisonRoot/F01_CORRIDOR_DOME_03/@Node3D@4660/@MeshInstance3D@4661
0	8,232,168	MeshInstance3D	0.3x0.0x0.3	mat=StandardMaterial3D@1.000,1.000,1.000;mat=StandardMaterial3D@1.000,1.000,1.000	StreetIdShot/OrisonRoot/F01_CORRIDOR_DOME_03/@Node3D@4660/@MeshInstance3D@4662
0	24,232,168	MeshInstance3D	0.3x0.3x0.0	mat=StandardMaterial3D@1.000,1.000,1.000;mat=StandardMaterial3D@1.000,1.000,1.000	StreetIdShot/OrisonRoot/F01_CORRIDOR_DOME_03/@Node3D@4660/@MeshInstance3D@4663
0	40,232,168	MeshInstance3D	0.3x0.2x0.3	mat=StandardMaterial3D@1.000,0.970,0.900;mat=StandardMaterial3D@1.000,0.970,0.900	StreetIdShot/OrisonRoot/F01_CORRIDOR_DOME_03/@Node3D@4660/bulb_dome
0	56,232,168	MeshInstance3D	0.2x0.0x0.2	mat=StandardMaterial3D@1.000,1.000,1.000;mat=StandardMaterial3D@1.000,1.000,1.000	StreetIdShot/OrisonRoot/F01_CORRIDOR_DOME_04/@Node3D@4667/@MeshInstance3D@4668
0	72,232,168	MeshInstance3D	0.3x0.0x0.3	mat=StandardMaterial3D@1.000,1.000,1.000;mat=StandardMaterial3D@1.000,1.000,1.000	StreetIdShot/OrisonRoot/F01_CORRIDOR_DOME_04/@Node3D@4667/@MeshInstance3D@4669
0	88,232,168	MeshInstance3D	0.3x0.3x0.0	mat=StandardMaterial3D@1.000,1.000,1.000;mat=StandardMaterial3D@1.000,1.000,1.000	StreetIdShot/OrisonRoot/F01_CORRIDOR_DOME_04/@Node3D@4667/@MeshInstance3D@4670
0	104,232,168	MeshInstance3D	0.3x0.2x0.3	mat=StandardMaterial3D@1.000,0.970,0.900;mat=StandardMaterial3D@1.000,0.970,0.900	StreetIdShot/OrisonRoot/F01_CORRIDOR_DOME_04/@Node3D@4667/bulb_dome
0	120,232,168	MeshInstance3D	0.2x0.0x0.2	mat=StandardMaterial3D@1.000,1.000,1.000;mat=StandardMaterial3D@1.000,1.000,1.000	StreetIdShot/OrisonRoot/F01_CORRIDOR_DOME_05/@Node3D@4674/@MeshInstance3D@4675
0	136,232,168	MeshInstance3D	0.3x0.0x0.3	mat=StandardMaterial3D@1.000,1.000,1.000;mat=StandardMaterial3D@1.000,1.000,1.000	StreetIdShot/OrisonRoot/F01_CORRIDOR_DOME_05/@Node3D@4674/@MeshInstance3D@4676
0	152,232,168	MeshInstance3D	0.3x0.3x0.0	mat=StandardMaterial3D@1.000,1.000,1.000;mat=StandardMaterial3D@1.000,1.000,1.000	StreetIdShot/OrisonRoot/F01_CORRIDOR_DOME_05/@Node3D@4674/@MeshInstance3D@4677
0	168,232,168	MeshInstance3D	0.3x0.2x0.3	mat=StandardMaterial3D@1.000,0.970,0.900;mat=StandardMaterial3D@1.000,0.970,0.900	StreetIdShot/OrisonRoot/F01_CORRIDOR_DOME_05/@Node3D@4674/bulb_dome
0	184,232,168	MeshInstance3D	0.2x0.0x0.2	mat=StandardMaterial3D@1.000,1.000,1.000;mat=StandardMaterial3D@1.000,1.000,1.000	StreetIdShot/OrisonRoot/F01_CORRIDOR_DOME_06/@Node3D@4681/@MeshInstance3D@4682
0	200,232,168	MeshInstance3D	0.3x0.0x0.3	mat=StandardMaterial3D@1.000,1.000,1.000;mat=StandardMaterial3D@1.000,1.000,1.000	StreetIdShot/OrisonRoot/F01_CORRIDOR_DOME_06/@Node3D@4681/@MeshInstance3D@4683
0	216,232,168	MeshInstance3D	0.3x0.3x0.0	mat=StandardMaterial3D@1.000,1.000,1.000;mat=StandardMaterial3D@1.000,1.000,1.000	StreetIdShot/OrisonRoot/F01_CORRIDOR_DOME_06/@Node3D@4681/@MeshInstance3D@4684
0	232,232,168	MeshInstance3D	0.3x0.2x0.3	mat=StandardMaterial3D@1.000,0.970,0.900;mat=StandardMaterial3D@1.000,0.970,0.900	StreetIdShot/OrisonRoot/F01_CORRIDOR_DOME_06/@Node3D@4681/bulb_dome
0	248,232,168	MeshInstance3D	0.2x0.0x0.2	mat=StandardMaterial3D@1.000,1.000,1.000;mat=StandardMaterial3D@1.000,1.000,1.000	StreetIdShot/OrisonRoot/F01_CORRIDOR_DOME_07/@Node3D@4688/@MeshInstance3D@4689
0	8,248,168	MeshInstance3D	0.3x0.0x0.3	mat=StandardMaterial3D@1.000,1.000,1.000;mat=StandardMaterial3D@1.000,1.000,1.000	StreetIdShot/OrisonRoot/F01_CORRIDOR_DOME_07/@Node3D@4688/@MeshInstance3D@4690
0	24,248,168	MeshInstance3D	0.3x0.3x0.0	mat=StandardMaterial3D@1.000,1.000,1.000;mat=StandardMaterial3D@1.000,1.000,1.000	StreetIdShot/OrisonRoot/F01_CORRIDOR_DOME_07/@Node3D@4688/@MeshInstance3D@4691
0	40,248,168	MeshInstance3D	0.3x0.2x0.3	mat=StandardMaterial3D@1.000,0.970,0.900;mat=StandardMaterial3D@1.000,0.970,0.900	StreetIdShot/OrisonRoot/F01_CORRIDOR_DOME_07/@Node3D@4688/bulb_dome
0	56,248,168	MeshInstance3D	0.2x0.0x0.2	mat=StandardMaterial3D@1.000,1.000,1.000;mat=StandardMaterial3D@1.000,1.000,1.000	StreetIdShot/OrisonRoot/F01_CORRIDOR_DOME_08/@Node3D@4695/@MeshInstance3D@4696
0	72,248,168	MeshInstance3D	0.3x0.0x0.3	mat=StandardMaterial3D@1.000,1.000,1.000;mat=StandardMaterial3D@1.000,1.000,1.000	StreetIdShot/OrisonRoot/F01_CORRIDOR_DOME_08/@Node3D@4695/@MeshInstance3D@4697
0	88,248,168	MeshInstance3D	0.3x0.3x0.0	mat=StandardMaterial3D@1.000,1.000,1.000;mat=StandardMaterial3D@1.000,1.000,1.000	StreetIdShot/OrisonRoot/F01_CORRIDOR_DOME_08/@Node3D@4695/@MeshInstance3D@4698
0	104,248,168	MeshInstance3D	0.3x0.2x0.3	mat=StandardMaterial3D@1.000,0.970,0.900;mat=StandardMaterial3D@1.000,0.970,0.900	StreetIdShot/OrisonRoot/F01_CORRIDOR_DOME_08/@Node3D@4695/bulb_dome
0	120,248,168	MeshInstance3D	0.2x0.0x0.3	mat=StandardMaterial3D@1.000,1.000,1.000;mat=StandardMaterial3D@1.000,1.000,1.000	StreetIdShot/OrisonRoot/F01_LOBBY_LT_CHANDELIER/@Node3D@4702/@MeshInstance3D@4703
0	136,248,168	MeshInstance3D	0.1x0.1x0.1	mat=StandardMaterial3D@1.000,1.000,1.000;mat=StandardMaterial3D@1.000,1.000,1.000	StreetIdShot/OrisonRoot/F01_LOBBY_LT_CHANDELIER/@Node3D@4702/@MeshInstance3D@4704
0	152,248,168	MeshInstance3D	0.1x0.1x0.0	mat=StandardMaterial3D@1.000,1.000,1.000;mat=StandardMaterial3D@1.000,1.000,1.000	StreetIdShot/OrisonRoot/F01_LOBBY_LT_CHANDELIER/@Node3D@4702/@MeshInstance3D@4705
0	168,248,168	MeshInstance3D	0.0x0.1x0.1	mat=StandardMaterial3D@1.000,1.000,1.000;mat=StandardMaterial3D@1.000,1.000,1.000	StreetIdShot/OrisonRoot/F01_LOBBY_LT_CHANDELIER/@Node3D@4702/@MeshInstance3D@4706
0	184,248,168	MeshInstance3D	0.1x0.1x0.0	mat=StandardMaterial3D@1.000,1.000,1.000;mat=StandardMaterial3D@1.000,1.000,1.000	StreetIdShot/OrisonRoot/F01_LOBBY_LT_CHANDELIER/@Node3D@4702/@MeshInstance3D@4707
0	200,248,168	MeshInstance3D	0.0x0.1x0.1	mat=StandardMaterial3D@1.000,1.000,1.000;mat=StandardMaterial3D@1.000,1.000,1.000	StreetIdShot/OrisonRoot/F01_LOBBY_LT_CHANDELIER/@Node3D@4702/@MeshInstance3D@4708
0	216,248,168	MeshInstance3D	0.1x0.1x0.0	mat=StandardMaterial3D@1.000,1.000,1.000;mat=StandardMaterial3D@1.000,1.000,1.000	StreetIdShot/OrisonRoot/F01_LOBBY_LT_CHANDELIER/@Node3D@4702/@MeshInstance3D@4709
0	232,248,168	MeshInstance3D	0.0x0.1x0.1	mat=StandardMaterial3D@1.000,1.000,1.000;mat=StandardMaterial3D@1.000,1.000,1.000	StreetIdShot/OrisonRoot/F01_LOBBY_LT_CHANDELIER/@Node3D@4702/@MeshInstance3D@4710
0	248,248,168	MeshInstance3D	0.1x0.1x0.0	mat=StandardMaterial3D@1.000,1.000,1.000;mat=StandardMaterial3D@1.000,1.000,1.000	StreetIdShot/OrisonRoot/F01_LOBBY_LT_CHANDELIER/@Node3D@4702/@MeshInstance3D@4711
0	8,8,184	MeshInstance3D	0.1x0.1x0.0	mat=StandardMaterial3D@1.000,1.000,1.000;mat=StandardMaterial3D@1.000,1.000,1.000	StreetIdShot/OrisonRoot/F01_LOBBY_LT_CHANDELIER/@Node3D@4702/@MeshInstance3D@4712
0	24,8,184	MeshInstance3D	0.0x0.1x0.1	mat=StandardMaterial3D@1.000,1.000,1.000;mat=StandardMaterial3D@1.000,1.000,1.000	StreetIdShot/OrisonRoot/F01_LOBBY_LT_CHANDELIER/@Node3D@4702/@MeshInstance3D@4713
0	40,8,184	MeshInstance3D	0.1x0.1x0.0	mat=StandardMaterial3D@1.000,1.000,1.000;mat=StandardMaterial3D@1.000,1.000,1.000	StreetIdShot/OrisonRoot/F01_LOBBY_LT_CHANDELIER/@Node3D@4702/@MeshInstance3D@4714
0	56,8,184	MeshInstance3D	0.0x0.1x0.1	mat=StandardMaterial3D@1.000,1.000,1.000;mat=StandardMaterial3D@1.000,1.000,1.000	StreetIdShot/OrisonRoot/F01_LOBBY_LT_CHANDELIER/@Node3D@4702/@MeshInstance3D@4715
0	72,8,184	MeshInstance3D	0.1x0.1x0.0	mat=StandardMaterial3D@1.000,1.000,1.000;mat=StandardMaterial3D@1.000,1.000,1.000	StreetIdShot/OrisonRoot/F01_LOBBY_LT_CHANDELIER/@Node3D@4702/@MeshInstance3D@4716
0	88,8,184	MeshInstance3D	0.0x0.1x0.1	mat=StandardMaterial3D@1.000,1.000,1.000;mat=StandardMaterial3D@1.000,1.000,1.000	StreetIdShot/OrisonRoot/F01_LOBBY_LT_CHANDELIER/@Node3D@4702/@MeshInstance3D@4717
0	104,8,184	MeshInstance3D	0.1x0.1x0.0	mat=StandardMaterial3D@1.000,1.000,1.000;mat=StandardMaterial3D@1.000,1.000,1.000	StreetIdShot/OrisonRoot/F01_LOBBY_LT_CHANDELIER/@Node3D@4702/@MeshInstance3D@4718
0	120,8,184	MeshInstance3D	0.1x0.1x0.0	mat=StandardMaterial3D@1.000,1.000,1.000;mat=StandardMaterial3D@1.000,1.000,1.000	StreetIdShot/OrisonRoot/F01_LOBBY_LT_CHANDELIER/@Node3D@4702/@MeshInstance3D@4719
0	136,8,184	MeshInstance3D	0.0x0.1x0.1	mat=StandardMaterial3D@1.000,1.000,1.000;mat=StandardMaterial3D@1.000,1.000,1.000	StreetIdShot/OrisonRoot/F01_LOBBY_LT_CHANDELIER/@Node3D@4702/@MeshInstance3D@4720
0	152,8,184	MeshInstance3D	0.1x0.1x0.0	mat=StandardMaterial3D@1.000,1.000,1.000;mat=StandardMaterial3D@1.000,1.000,1.000	StreetIdShot/OrisonRoot/F01_LOBBY_LT_CHANDELIER/@Node3D@4702/@MeshInstance3D@4721
0	168,8,184	MeshInstance3D	0.0x0.1x0.1	mat=StandardMaterial3D@1.000,1.000,1.000;mat=StandardMaterial3D@1.000,1.000,1.000	StreetIdShot/OrisonRoot/F01_LOBBY_LT_CHANDELIER/@Node3D@4702/@MeshInstance3D@4722
0	184,8,184	MeshInstance3D	0.1x0.1x0.0	mat=StandardMaterial3D@1.000,1.000,1.000;mat=StandardMaterial3D@1.000,1.000,1.000	StreetIdShot/OrisonRoot/F01_LOBBY_LT_CHANDELIER/@Node3D@4702/@MeshInstance3D@4723
0	200,8,184	MeshInstance3D	0.0x0.1x0.1	mat=StandardMaterial3D@1.000,1.000,1.000;mat=StandardMaterial3D@1.000,1.000,1.000	StreetIdShot/OrisonRoot/F01_LOBBY_LT_CHANDELIER/@Node3D@4702/@MeshInstance3D@4724
0	216,8,184	MeshInstance3D	0.1x0.1x0.0	mat=StandardMaterial3D@1.000,1.000,1.000;mat=StandardMaterial3D@1.000,1.000,1.000	StreetIdShot/OrisonRoot/F01_LOBBY_LT_CHANDELIER/@Node3D@4702/@MeshInstance3D@4725
0	232,8,184	MeshInstance3D	0.4x0.0x0.4	mat=StandardMaterial3D@1.000,1.000,1.000;mat=StandardMaterial3D@1.000,1.000,1.000	StreetIdShot/OrisonRoot/F01_LOBBY_LT_CHANDELIER/@Node3D@4702/@MeshInstance3D@4726
0	248,8,184	MeshInstance3D	0.3x0.1x0.3	mat=StandardMaterial3D@1.000,1.000,1.000;mat=StandardMaterial3D@1.000,1.000,1.000	StreetIdShot/OrisonRoot/F01_LOBBY_LT_CHANDELIER/@Node3D@4702/@MeshInstance3D@4727
0	8,24,184	MeshInstance3D	0.3x0.0x0.3	mat=StandardMaterial3D@1.000,1.000,1.000;mat=StandardMaterial3D@1.000,1.000,1.000	StreetIdShot/OrisonRoot/F01_LOBBY_LT_CHANDELIER/@Node3D@4702/@MeshInstance3D@4728
0	24,24,184	MeshInstance3D	0.1x0.0x0.0	mat=StandardMaterial3D@1.000,1.000,1.000;mat=StandardMaterial3D@1.000,1.000,1.000	StreetIdShot/OrisonRoot/F01_LOBBY_LT_CHANDELIER/@Node3D@4702/@MeshInstance3D@4729
0	40,24,184	MeshInstance3D	0.1x0.1x0.0	mat=StandardMaterial3D@1.000,1.000,1.000;mat=StandardMaterial3D@1.000,1.000,1.000	StreetIdShot/OrisonRoot/F01_LOBBY_LT_CHANDELIER/@Node3D@4702/@MeshInstance3D@4730
0	56,24,184	MeshInstance3D	0.1x0.0x0.1	mat=StandardMaterial3D@1.000,1.000,1.000;mat=StandardMaterial3D@1.000,1.000,1.000	StreetIdShot/OrisonRoot/F01_LOBBY_LT_CHANDELIER/@Node3D@4702/@MeshInstance3D@4731
0	72,24,184	MeshInstance3D	0.0x0.1x0.0	mat=StandardMaterial3D@1.000,1.000,1.000;mat=StandardMaterial3D@1.000,1.000,1.000	StreetIdShot/OrisonRoot/F01_LOBBY_LT_CHANDELIER/@Node3D@4702/@MeshInstance3D@4732
0	88,24,184	MeshInstance3D	0.0x0.1x0.0	mat=StandardMaterial3D@1.000,0.970,0.900;mat=StandardMaterial3D@1.000,0.970,0.900	StreetIdShot/OrisonRoot/F01_LOBBY_LT_CHANDELIER/@Node3D@4702/bulb_candle_0
0	104,24,184	MeshInstance3D	0.1x0.1x0.1	mat=StandardMaterial3D@1.000,1.000,1.000;mat=StandardMaterial3D@1.000,1.000,1.000	StreetIdShot/OrisonRoot/F01_LOBBY_LT_CHANDELIER/@Node3D@4702/@MeshInstance3D@4734
0	120,24,184	MeshInstance3D	0.0x0.1x0.1	mat=StandardMaterial3D@1.000,1.000,1.000;mat=StandardMaterial3D@1.000,1.000,1.000	StreetIdShot/OrisonRoot/F01_LOBBY_LT_CHANDELIER/@Node3D@4702/@MeshInstance3D@4735
0	136,24,184	MeshInstance3D	0.1x0.0x0.1	mat=StandardMaterial3D@1.000,1.000,1.000;mat=StandardMaterial3D@1.000,1.000,1.000	StreetIdShot/OrisonRoot/F01_LOBBY_LT_CHANDELIER/@Node3D@4702/@MeshInstance3D@4736
0	152,24,184	MeshInstance3D	0.0x0.1x0.0	mat=StandardMaterial3D@1.000,1.000,1.000;mat=StandardMaterial3D@1.000,1.000,1.000	StreetIdShot/OrisonRoot/F01_LOBBY_LT_CHANDELIER/@Node3D@4702/@MeshInstance3D@4737
0	168,24,184	MeshInstance3D	0.0x0.1x0.0	mat=StandardMaterial3D@1.000,0.970,0.900;mat=StandardMaterial3D@1.000,0.970,0.900	StreetIdShot/OrisonRoot/F01_LOBBY_LT_CHANDELIER/@Node3D@4702/bulb_candle_1
0	184,24,184	MeshInstance3D	0.1x0.1x0.1	mat=StandardMaterial3D@1.000,1.000,1.000;mat=StandardMaterial3D@1.000,1.000,1.000	StreetIdShot/OrisonRoot/F01_LOBBY_LT_CHANDELIER/@Node3D@4702/@MeshInstance3D@4739
0	200,24,184	MeshInstance3D	0.0x0.1x0.1	mat=StandardMaterial3D@1.000,1.000,1.000;mat=StandardMaterial3D@1.000,1.000,1.000	StreetIdShot/OrisonRoot/F01_LOBBY_LT_CHANDELIER/@Node3D@4702/@MeshInstance3D@4740
0	216,24,184	MeshInstance3D	0.1x0.0x0.1	mat=StandardMaterial3D@1.000,1.000,1.000;mat=StandardMaterial3D@1.000,1.000,1.000	StreetIdShot/OrisonRoot/F01_LOBBY_LT_CHANDELIER/@Node3D@4702/@MeshInstance3D@4741
0	232,24,184	MeshInstance3D	0.0x0.1x0.0	mat=StandardMaterial3D@1.000,1.000,1.000;mat=StandardMaterial3D@1.000,1.000,1.000	StreetIdShot/OrisonRoot/F01_LOBBY_LT_CHANDELIER/@Node3D@4702/@MeshInstance3D@4742
0	248,24,184	MeshInstance3D	0.0x0.1x0.0	mat=StandardMaterial3D@1.000,0.970,0.900;mat=StandardMaterial3D@1.000,0.970,0.900	StreetIdShot/OrisonRoot/F01_LOBBY_LT_CHANDELIER/@Node3D@4702/bulb_candle_2
0	8,40,184	MeshInstance3D	0.1x0.0x0.0	mat=StandardMaterial3D@1.000,1.000,1.000;mat=StandardMaterial3D@1.000,1.000,1.000	StreetIdShot/OrisonRoot/F01_LOBBY_LT_CHANDELIER/@Node3D@4702/@MeshInstance3D@4744
0	24,40,184	MeshInstance3D	0.1x0.1x0.0	mat=StandardMaterial3D@1.000,1.000,1.000;mat=StandardMaterial3D@1.000,1.000,1.000	StreetIdShot/OrisonRoot/F01_LOBBY_LT_CHANDELIER/@Node3D@4702/@MeshInstance3D@4745
0	40,40,184	MeshInstance3D	0.1x0.0x0.1	mat=StandardMaterial3D@1.000,1.000,1.000;mat=StandardMaterial3D@1.000,1.000,1.000	StreetIdShot/OrisonRoot/F01_LOBBY_LT_CHANDELIER/@Node3D@4702/@MeshInstance3D@4746
0	56,40,184	MeshInstance3D	0.0x0.1x0.0	mat=StandardMaterial3D@1.000,1.000,1.000;mat=StandardMaterial3D@1.000,1.000,1.000	StreetIdShot/OrisonRoot/F01_LOBBY_LT_CHANDELIER/@Node3D@4702/@MeshInstance3D@4747
0	72,40,184	MeshInstance3D	0.0x0.1x0.0	mat=StandardMaterial3D@1.000,0.970,0.900;mat=StandardMaterial3D@1.000,0.970,0.900	StreetIdShot/OrisonRoot/F01_LOBBY_LT_CHANDELIER/@Node3D@4702/bulb_candle_3
0	88,40,184	MeshInstance3D	0.1x0.0x0.1	mat=StandardMaterial3D@1.000,1.000,1.000;mat=StandardMaterial3D@1.000,1.000,1.000	StreetIdShot/OrisonRoot/F01_LOBBY_LT_CHANDELIER/@Node3D@4702/@MeshInstance3D@4749
0	104,40,184	MeshInstance3D	0.0x0.1x0.1	mat=StandardMaterial3D@1.000,1.000,1.000;mat=StandardMaterial3D@1.000,1.000,1.000	StreetIdShot/OrisonRoot/F01_LOBBY_LT_CHANDELIER/@Node3D@4702/@MeshInstance3D@4750
0	120,40,184	MeshInstance3D	0.1x0.0x0.1	mat=StandardMaterial3D@1.000,1.000,1.000;mat=StandardMaterial3D@1.000,1.000,1.000	StreetIdShot/OrisonRoot/F01_LOBBY_LT_CHANDELIER/@Node3D@4702/@MeshInstance3D@4751
0	136,40,184	MeshInstance3D	0.0x0.1x0.0	mat=StandardMaterial3D@1.000,1.000,1.000;mat=StandardMaterial3D@1.000,1.000,1.000	StreetIdShot/OrisonRoot/F01_LOBBY_LT_CHANDELIER/@Node3D@4702/@MeshInstance3D@4752
0	152,40,184	MeshInstance3D	0.0x0.1x0.0	mat=StandardMaterial3D@1.000,0.970,0.900;mat=StandardMaterial3D@1.000,0.970,0.900	StreetIdShot/OrisonRoot/F01_LOBBY_LT_CHANDELIER/@Node3D@4702/bulb_candle_4
0	168,40,184	MeshInstance3D	0.1x0.0x0.1	mat=StandardMaterial3D@1.000,1.000,1.000;mat=StandardMaterial3D@1.000,1.000,1.000	StreetIdShot/OrisonRoot/F01_LOBBY_LT_CHANDELIER/@Node3D@4702/@MeshInstance3D@4754
0	184,40,184	MeshInstance3D	0.0x0.1x0.1	mat=StandardMaterial3D@1.000,1.000,1.000;mat=StandardMaterial3D@1.000,1.000,1.000	StreetIdShot/OrisonRoot/F01_LOBBY_LT_CHANDELIER/@Node3D@4702/@MeshInstance3D@4755
0	200,40,184	MeshInstance3D	0.1x0.0x0.1	mat=StandardMaterial3D@1.000,1.000,1.000;mat=StandardMaterial3D@1.000,1.000,1.000	StreetIdShot/OrisonRoot/F01_LOBBY_LT_CHANDELIER/@Node3D@4702/@MeshInstance3D@4756
0	216,40,184	MeshInstance3D	0.0x0.1x0.0	mat=StandardMaterial3D@1.000,1.000,1.000;mat=StandardMaterial3D@1.000,1.000,1.000	StreetIdShot/OrisonRoot/F01_LOBBY_LT_CHANDELIER/@Node3D@4702/@MeshInstance3D@4757
0	232,40,184	MeshInstance3D	0.0x0.1x0.0	mat=StandardMaterial3D@1.000,0.970,0.900;mat=StandardMaterial3D@1.000,0.970,0.900	StreetIdShot/OrisonRoot/F01_LOBBY_LT_CHANDELIER/@Node3D@4702/bulb_candle_5
0	248,40,184	MeshInstance3D	0.2x0.1x0.1	mat=StandardMaterial3D@1.000,1.000,1.000;mat=StandardMaterial3D@1.000,1.000,1.000	StreetIdShot/OrisonRoot/F01_LOBBY_LT_CHANDELIER/@Node3D@4702/@MeshInstance3D@4759
0	8,56,184	MeshInstance3D	0.2x0.1x0.1	mat=StandardMaterial3D@1.000,1.000,1.000;mat=StandardMaterial3D@1.000,1.000,1.000	StreetIdShot/OrisonRoot/F01_LOBBY_LT_CHANDELIER/@Node3D@4702/@MeshInstance3D@4760
0	24,56,184	MeshInstance3D	0.0x0.1x0.2	mat=StandardMaterial3D@1.000,1.000,1.000;mat=StandardMaterial3D@1.000,1.000,1.000	StreetIdShot/OrisonRoot/F01_LOBBY_LT_CHANDELIER/@Node3D@4702/@MeshInstance3D@4761
0	40,56,184	MeshInstance3D	0.7x0.1x0.7	mat=StandardMaterial3D@1.000,0.970,0.900;mat=StandardMaterial3D@1.000,0.970,0.900	StreetIdShot/OrisonRoot/F01_LOBBY_LT_CHANDELIER/@Node3D@4702/bulb_bowl_0
0	56,56,184	MeshInstance3D	0.6x0.1x0.7	mat=StandardMaterial3D@1.000,0.970,0.900;mat=StandardMaterial3D@1.000,0.970,0.900	StreetIdShot/OrisonRoot/F01_LOBBY_LT_CHANDELIER/@Node3D@4702/bulb_bowl_1
0	72,56,184	MeshInstance3D	0.6x0.1x0.6	mat=StandardMaterial3D@1.000,0.970,0.900;mat=StandardMaterial3D@1.000,0.970,0.900	StreetIdShot/OrisonRoot/F01_LOBBY_LT_CHANDELIER/@Node3D@4702/bulb_bowl_2
0	88,56,184	MeshInstance3D	0.5x0.0x0.5	mat=StandardMaterial3D@1.000,0.970,0.900;mat=StandardMaterial3D@1.000,0.970,0.900	StreetIdShot/OrisonRoot/F01_LOBBY_LT_CHANDELIER/@Node3D@4702/bulb_bowl_3
0	104,56,184	MeshInstance3D	0.3x0.0x0.4	mat=StandardMaterial3D@1.000,0.970,0.900;mat=StandardMaterial3D@1.000,0.970,0.900	StreetIdShot/OrisonRoot/F01_LOBBY_LT_CHANDELIER/@Node3D@4702/bulb_bowl_4
0	120,56,184	MeshInstance3D	0.7x0.0x0.7	mat=StandardMaterial3D@1.000,1.000,1.000;mat=StandardMaterial3D@1.000,1.000,1.000	StreetIdShot/OrisonRoot/F01_LOBBY_LT_CHANDELIER/@Node3D@4702/@MeshInstance3D@4767
0	136,56,184	MeshInstance3D	0.1x0.0x0.1	mat=StandardMaterial3D@1.000,1.000,1.000;mat=StandardMaterial3D@1.000,1.000,1.000	StreetIdShot/OrisonRoot/F01_LOBBY_LT_CHANDELIER/@Node3D@4702/@MeshInstance3D@4768
0	152,56,184	MeshInstance3D	0.1x0.0x0.1	mat=StandardMaterial3D@1.000,1.000,1.000;mat=StandardMaterial3D@1.000,1.000,1.000	StreetIdShot/OrisonRoot/F01_LOBBY_LT_CHANDELIER/@Node3D@4702/@MeshInstance3D@4769
0	168,56,184	MeshInstance3D	0.0x0.6x0.0	mat=StandardMaterial3D@0.150,0.140,0.130;mat=StandardMaterial3D@0.150,0.140,0.130	StreetIdShot/OrisonRoot/F01_COMMON_B_LT_PENDANT_SHADE/@Node3D@4773/@MeshInstance3D@4774
0	184,56,184	MeshInstance3D	0.4x0.2x0.5	mat=StandardMaterial3D@0.970,0.900,0.800;mat=StandardMaterial3D@0.970,0.900,0.800	StreetIdShot/OrisonRoot/F01_COMMON_B_LT_PENDANT_SHADE/@Node3D@4773/@MeshInstance3D@4775
0	200,56,184	MeshInstance3D	0.4x0.0x0.4	mat=StandardMaterial3D@1.000,0.970,0.900;mat=StandardMaterial3D@1.000,0.970,0.900	StreetIdShot/OrisonRoot/F01_COMMON_B_LT_PENDANT_SHADE/@Node3D@4773/bulb_diffuser
0	216,56,184	MeshInstance3D	0.1x0.1x0.1	mat=StandardMaterial3D@1.000,0.970,0.900;mat=StandardMaterial3D@1.000,0.970,0.900	StreetIdShot/OrisonRoot/F01_COMMON_B_LT_PENDANT_SHADE/@Node3D@4773/bulb
0	232,56,184	MeshInstance3D	0.0x0.4x0.0	mat=StandardMaterial3D@0.100,0.100,0.100;mat=StandardMaterial3D@0.100,0.100,0.100	StreetIdShot/OrisonRoot/F01_STORAGE_C_LT_CAGE_BULB/@Node3D@4781/@MeshInstance3D@4782
0	248,56,184	MeshInstance3D	0.1x0.1x0.1	mat=StandardMaterial3D@1.000,0.970,0.900;mat=StandardMaterial3D@1.000,0.970,0.900	StreetIdShot/OrisonRoot/F01_STORAGE_C_LT_CAGE_BULB/@Node3D@4781/bulb
0	8,72,184	MeshInstance3D	0.2x0.2x0.0	mat=StandardMaterial3D@0.460,0.460,0.500;mat=StandardMaterial3D@0.460,0.460,0.500	StreetIdShot/OrisonRoot/F01_STORAGE_C_LT_CAGE_BULB/@Node3D@4781/@MeshInstance3D@4783
0	24,72,184	MeshInstance3D	0.1x0.2x0.1	mat=StandardMaterial3D@0.460,0.460,0.500;mat=StandardMaterial3D@0.460,0.460,0.500	StreetIdShot/OrisonRoot/F01_STORAGE_C_LT_CAGE_BULB/@Node3D@4781/@MeshInstance3D@4784
0	40,72,184	MeshInstance3D	0.1x0.2x0.1	mat=StandardMaterial3D@0.460,0.460,0.500;mat=StandardMaterial3D@0.460,0.460,0.500	StreetIdShot/OrisonRoot/F01_STORAGE_C_LT_CAGE_BULB/@Node3D@4781/@MeshInstance3D@4785
0	56,72,184	MeshInstance3D	0.1x0.0x0.1	mat=StandardMaterial3D@0.460,0.460,0.500;mat=StandardMaterial3D@0.460,0.460,0.500	StreetIdShot/OrisonRoot/F01_STORAGE_C_LT_CAGE_BULB/@Node3D@4781/@MeshInstance3D@4786
0	72,72,184	MeshInstance3D	0.2x0.0x0.2	mat=StandardMaterial3D@1.000,1.000,1.000;mat=StandardMaterial3D@1.000,1.000,1.000	StreetIdShot/OrisonRoot/F01_HALL_LT_FLUSH_DOME/@Node3D@4790/@MeshInstance3D@4791
0	88,72,184	MeshInstance3D	0.3x0.0x0.3	mat=StandardMaterial3D@1.000,1.000,1.000;mat=StandardMaterial3D@1.000,1.000,1.000	StreetIdShot/OrisonRoot/F01_HALL_LT_FLUSH_DOME/@Node3D@4790/@MeshInstance3D@4792
0	104,72,184	MeshInstance3D	0.3x0.3x0.0	mat=StandardMaterial3D@1.000,1.000,1.000;mat=StandardMaterial3D@1.000,1.000,1.000	StreetIdShot/OrisonRoot/F01_HALL_LT_FLUSH_DOME/@Node3D@4790/@MeshInstance3D@4793
0	120,72,184	MeshInstance3D	0.3x0.2x0.3	mat=StandardMaterial3D@1.000,0.970,0.900;mat=StandardMaterial3D@1.000,0.970,0.900	StreetIdShot/OrisonRoot/F01_HALL_LT_FLUSH_DOME/@Node3D@4790/bulb_dome
0	136,72,184	MeshInstance3D	0.0x0.4x0.0	mat=StandardMaterial3D@0.100,0.100,0.100;mat=StandardMaterial3D@0.100,0.100,0.100	StreetIdShot/OrisonRoot/F01_UTILITY_LT_CAGE_BULB/@Node3D@4797/@MeshInstance3D@4798
0	152,72,184	MeshInstance3D	0.1x0.1x0.1	mat=StandardMaterial3D@1.000,0.970,0.900;mat=StandardMaterial3D@1.000,0.970,0.900	StreetIdShot/OrisonRoot/F01_UTILITY_LT_CAGE_BULB/@Node3D@4797/bulb
0	168,72,184	MeshInstance3D	0.2x0.2x0.0	mat=StandardMaterial3D@0.460,0.460,0.500;mat=StandardMaterial3D@0.460,0.460,0.500	StreetIdShot/OrisonRoot/F01_UTILITY_LT_CAGE_BULB/@Node3D@4797/@MeshInstance3D@4799
0	184,72,184	MeshInstance3D	0.1x0.2x0.1	mat=StandardMaterial3D@0.460,0.460,0.500;mat=StandardMaterial3D@0.460,0.460,0.500	StreetIdShot/OrisonRoot/F01_UTILITY_LT_CAGE_BULB/@Node3D@4797/@MeshInstance3D@4800
0	200,72,184	MeshInstance3D	0.1x0.2x0.1	mat=StandardMaterial3D@0.460,0.460,0.500;mat=StandardMaterial3D@0.460,0.460,0.500	StreetIdShot/OrisonRoot/F01_UTILITY_LT_CAGE_BULB/@Node3D@4797/@MeshInstance3D@4801
0	216,72,184	MeshInstance3D	0.1x0.0x0.1	mat=StandardMaterial3D@0.460,0.460,0.500;mat=StandardMaterial3D@0.460,0.460,0.500	StreetIdShot/OrisonRoot/F01_UTILITY_LT_CAGE_BULB/@Node3D@4797/@MeshInstance3D@4802
0	232,72,184	MeshInstance3D	0.0x0.6x0.0	mat=StandardMaterial3D@0.150,0.140,0.130;mat=StandardMaterial3D@0.150,0.140,0.130	StreetIdShot/OrisonRoot/F01_OFFICE_LT_PENDANT_SHADE/@Node3D@4806/@MeshInstance3D@4807
0	248,72,184	MeshInstance3D	0.4x0.2x0.5	mat=StandardMaterial3D@0.970,0.900,0.800;mat=StandardMaterial3D@0.970,0.900,0.800	StreetIdShot/OrisonRoot/F01_OFFICE_LT_PENDANT_SHADE/@Node3D@4806/@MeshInstance3D@4808
0	8,88,184	MeshInstance3D	0.4x0.0x0.4	mat=StandardMaterial3D@1.000,0.970,0.900;mat=StandardMaterial3D@1.000,0.970,0.900	StreetIdShot/OrisonRoot/F01_OFFICE_LT_PENDANT_SHADE/@Node3D@4806/bulb_diffuser
0	24,88,184	MeshInstance3D	0.1x0.1x0.1	mat=StandardMaterial3D@1.000,0.970,0.900;mat=StandardMaterial3D@1.000,0.970,0.900	StreetIdShot/OrisonRoot/F01_OFFICE_LT_PENDANT_SHADE/@Node3D@4806/bulb
0	40,88,184	MeshInstance3D	0.0x0.4x0.0	mat=StandardMaterial3D@0.100,0.100,0.100;mat=StandardMaterial3D@0.100,0.100,0.100	StreetIdShot/OrisonRoot/F01_PACKAGE_LT_CAGE_BULB/@Node3D@4814/@MeshInstance3D@4815
0	56,88,184	MeshInstance3D	0.1x0.1x0.1	mat=StandardMaterial3D@1.000,0.970,0.900;mat=StandardMaterial3D@1.000,0.970,0.900	StreetIdShot/OrisonRoot/F01_PACKAGE_LT_CAGE_BULB/@Node3D@4814/bulb
0	72,88,184	MeshInstance3D	0.2x0.2x0.0	mat=StandardMaterial3D@0.460,0.460,0.500;mat=StandardMaterial3D@0.460,0.460,0.500	StreetIdShot/OrisonRoot/F01_PACKAGE_LT_CAGE_BULB/@Node3D@4814/@MeshInstance3D@4816
0	88,88,184	MeshInstance3D	0.1x0.2x0.1	mat=StandardMaterial3D@0.460,0.460,0.500;mat=StandardMaterial3D@0.460,0.460,0.500	StreetIdShot/OrisonRoot/F01_PACKAGE_LT_CAGE_BULB/@Node3D@4814/@MeshInstance3D@4817
0	104,88,184	MeshInstance3D	0.1x0.2x0.1	mat=StandardMaterial3D@0.460,0.460,0.500;mat=StandardMaterial3D@0.460,0.460,0.500	StreetIdShot/OrisonRoot/F01_PACKAGE_LT_CAGE_BULB/@Node3D@4814/@MeshInstance3D@4818
0	120,88,184	MeshInstance3D	0.1x0.0x0.1	mat=StandardMaterial3D@0.460,0.460,0.500;mat=StandardMaterial3D@0.460,0.460,0.500	StreetIdShot/OrisonRoot/F01_PACKAGE_LT_CAGE_BULB/@Node3D@4814/@MeshInstance3D@4819
0	136,88,184	MeshInstance3D	0.2x0.0x0.2	mat=StandardMaterial3D@1.000,1.000,1.000;mat=StandardMaterial3D@1.000,1.000,1.000	StreetIdShot/OrisonRoot/F01_A_BED_LT_FLUSH_DOME/@Node3D@4823/@MeshInstance3D@4824
0	152,88,184	MeshInstance3D	0.3x0.0x0.3	mat=StandardMaterial3D@1.000,1.000,1.000;mat=StandardMaterial3D@1.000,1.000,1.000	StreetIdShot/OrisonRoot/F01_A_BED_LT_FLUSH_DOME/@Node3D@4823/@MeshInstance3D@4825
0	168,88,184	MeshInstance3D	0.3x0.3x0.0	mat=StandardMaterial3D@1.000,1.000,1.000;mat=StandardMaterial3D@1.000,1.000,1.000	StreetIdShot/OrisonRoot/F01_A_BED_LT_FLUSH_DOME/@Node3D@4823/@MeshInstance3D@4826
0	184,88,184	MeshInstance3D	0.3x0.2x0.3	mat=StandardMaterial3D@1.000,0.970,0.900;mat=StandardMaterial3D@1.000,0.970,0.900	StreetIdShot/OrisonRoot/F01_A_BED_LT_FLUSH_DOME/@Node3D@4823/bulb_dome
0	200,88,184	MeshInstance3D	0.0x0.6x0.0	mat=StandardMaterial3D@0.150,0.140,0.130;mat=StandardMaterial3D@0.150,0.140,0.130	StreetIdShot/OrisonRoot/F01_A_MAIN_LT_PENDANT_SHADE/@Node3D@4830/@MeshInstance3D@4831
0	216,88,184	MeshInstance3D	0.4x0.2x0.5	mat=StandardMaterial3D@0.970,0.900,0.800;mat=StandardMaterial3D@0.970,0.900,0.800	StreetIdShot/OrisonRoot/F01_A_MAIN_LT_PENDANT_SHADE/@Node3D@4830/@MeshInstance3D@4832
0	232,88,184	MeshInstance3D	0.4x0.0x0.4	mat=StandardMaterial3D@1.000,0.970,0.900;mat=StandardMaterial3D@1.000,0.970,0.900	StreetIdShot/OrisonRoot/F01_A_MAIN_LT_PENDANT_SHADE/@Node3D@4830/bulb_diffuser
0	248,88,184	MeshInstance3D	0.1x0.1x0.1	mat=StandardMaterial3D@1.000,0.970,0.900;mat=StandardMaterial3D@1.000,0.970,0.900	StreetIdShot/OrisonRoot/F01_A_MAIN_LT_PENDANT_SHADE/@Node3D@4830/bulb
0	8,104,184	MeshInstance3D	0.2x0.0x0.2	mat=StandardMaterial3D@1.000,1.000,1.000;mat=StandardMaterial3D@1.000,1.000,1.000	StreetIdShot/OrisonRoot/F01_D_BED_LT_FLUSH_DOME/@Node3D@4838/@MeshInstance3D@4839
0	24,104,184	MeshInstance3D	0.3x0.0x0.3	mat=StandardMaterial3D@1.000,1.000,1.000;mat=StandardMaterial3D@1.000,1.000,1.000	StreetIdShot/OrisonRoot/F01_D_BED_LT_FLUSH_DOME/@Node3D@4838/@MeshInstance3D@4840
0	40,104,184	MeshInstance3D	0.3x0.3x0.0	mat=StandardMaterial3D@1.000,1.000,1.000;mat=StandardMaterial3D@1.000,1.000,1.000	StreetIdShot/OrisonRoot/F01_D_BED_LT_FLUSH_DOME/@Node3D@4838/@MeshInstance3D@4841
0	56,104,184	MeshInstance3D	0.3x0.2x0.3	mat=StandardMaterial3D@1.000,0.970,0.900;mat=StandardMaterial3D@1.000,0.970,0.900	StreetIdShot/OrisonRoot/F01_D_BED_LT_FLUSH_DOME/@Node3D@4838/bulb_dome
0	72,104,184	MeshInstance3D	0.0x0.6x0.0	mat=StandardMaterial3D@0.150,0.140,0.130;mat=StandardMaterial3D@0.150,0.140,0.130	StreetIdShot/OrisonRoot/F01_D_MAIN_LT_PENDANT_SHADE/@Node3D@4845/@MeshInstance3D@4846
0	88,104,184	MeshInstance3D	0.4x0.2x0.5	mat=StandardMaterial3D@0.970,0.900,0.800;mat=StandardMaterial3D@0.970,0.900,0.800	StreetIdShot/OrisonRoot/F01_D_MAIN_LT_PENDANT_SHADE/@Node3D@4845/@MeshInstance3D@4847
0	104,104,184	MeshInstance3D	0.4x0.0x0.4	mat=StandardMaterial3D@1.000,0.970,0.900;mat=StandardMaterial3D@1.000,0.970,0.900	StreetIdShot/OrisonRoot/F01_D_MAIN_LT_PENDANT_SHADE/@Node3D@4845/bulb_diffuser
0	120,104,184	MeshInstance3D	0.1x0.1x0.1	mat=StandardMaterial3D@1.000,0.970,0.900;mat=StandardMaterial3D@1.000,0.970,0.900	StreetIdShot/OrisonRoot/F01_D_MAIN_LT_PENDANT_SHADE/@Node3D@4845/bulb
0	136,104,184	MeshInstance3D	0.0x0.6x0.0	mat=StandardMaterial3D@0.150,0.140,0.130;mat=StandardMaterial3D@0.150,0.140,0.130	StreetIdShot/OrisonRoot/F01_D_OFFICE_LT_PENDANT_SHADE/@Node3D@4853/@MeshInstance3D@4854
0	152,104,184	MeshInstance3D	0.4x0.2x0.5	mat=StandardMaterial3D@0.970,0.900,0.800;mat=StandardMaterial3D@0.970,0.900,0.800	StreetIdShot/OrisonRoot/F01_D_OFFICE_LT_PENDANT_SHADE/@Node3D@4853/@MeshInstance3D@4855
0	168,104,184	MeshInstance3D	0.4x0.0x0.4	mat=StandardMaterial3D@1.000,0.970,0.900;mat=StandardMaterial3D@1.000,0.970,0.900	StreetIdShot/OrisonRoot/F01_D_OFFICE_LT_PENDANT_SHADE/@Node3D@4853/bulb_diffuser
0	184,104,184	MeshInstance3D	0.1x0.1x0.1	mat=StandardMaterial3D@1.000,0.970,0.900;mat=StandardMaterial3D@1.000,0.970,0.900	StreetIdShot/OrisonRoot/F01_D_OFFICE_LT_PENDANT_SHADE/@Node3D@4853/bulb
0	200,104,184	MeshInstance3D	0.0x0.1x0.0	mat=StandardMaterial3D@0.420,0.350,0.180;mat=StandardMaterial3D@0.420,0.350,0.180	StreetIdShot/OrisonRoot/F01_ATRIUM_FRUIT_1/@Node3D@4861/@MeshInstance3D@4862
0	216,104,184	MeshInstance3D	0.1x0.0x0.1	mat=StandardMaterial3D@1.000,1.000,1.000;mat=StandardMaterial3D@1.000,1.000,1.000	StreetIdShot/OrisonRoot/F01_ATRIUM_FRUIT_1/@Node3D@4861/@MeshInstance3D@4863
0	232,104,184	MeshInstance3D	0.2x0.3x0.2	mat=StandardMaterial3D@1.000,0.970,0.900;mat=StandardMaterial3D@1.000,0.970,0.900	StreetIdShot/OrisonRoot/F01_ATRIUM_FRUIT_1/@Node3D@4861/bulb_fruit
0	248,104,184	MeshInstance3D	0.0x0.1x0.0	mat=StandardMaterial3D@0.420,0.350,0.180;mat=StandardMaterial3D@0.420,0.350,0.180	StreetIdShot/OrisonRoot/F01_ATRIUM_FRUIT_2/@Node3D@4867/@MeshInstance3D@4868
0	8,120,184	MeshInstance3D	0.1x0.0x0.1	mat=StandardMaterial3D@1.000,1.000,1.000;mat=StandardMaterial3D@1.000,1.000,1.000	StreetIdShot/OrisonRoot/F01_ATRIUM_FRUIT_2/@Node3D@4867/@MeshInstance3D@4869
0	24,120,184	MeshInstance3D	0.2x0.3x0.2	mat=StandardMaterial3D@1.000,0.970,0.900;mat=StandardMaterial3D@1.000,0.970,0.900	StreetIdShot/OrisonRoot/F01_ATRIUM_FRUIT_2/@Node3D@4867/bulb_fruit
0	40,120,184	MeshInstance3D	0.0x0.4x0.0	mat=StandardMaterial3D@0.100,0.100,0.100;mat=StandardMaterial3D@0.100,0.100,0.100	StreetIdShot/OrisonRoot/PASSAGE_PORTAL_LT_W/@Node3D@4873/@MeshInstance3D@4874
0	56,120,184	MeshInstance3D	0.1x0.1x0.1	mat=StandardMaterial3D@1.000,0.970,0.900;mat=StandardMaterial3D@1.000,0.970,0.900	StreetIdShot/OrisonRoot/PASSAGE_PORTAL_LT_W/@Node3D@4873/bulb
0	72,120,184	MeshInstance3D	0.2x0.2x0.0	mat=StandardMaterial3D@0.460,0.460,0.500;mat=StandardMaterial3D@0.460,0.460,0.500	StreetIdShot/OrisonRoot/PASSAGE_PORTAL_LT_W/@Node3D@4873/@MeshInstance3D@4875
0	88,120,184	MeshInstance3D	0.1x0.2x0.1	mat=StandardMaterial3D@0.460,0.460,0.500;mat=StandardMaterial3D@0.460,0.460,0.500	StreetIdShot/OrisonRoot/PASSAGE_PORTAL_LT_W/@Node3D@4873/@MeshInstance3D@4876
0	104,120,184	MeshInstance3D	0.1x0.2x0.1	mat=StandardMaterial3D@0.460,0.460,0.500;mat=StandardMaterial3D@0.460,0.460,0.500	StreetIdShot/OrisonRoot/PASSAGE_PORTAL_LT_W/@Node3D@4873/@MeshInstance3D@4877
0	120,120,184	MeshInstance3D	0.1x0.0x0.1	mat=StandardMaterial3D@0.460,0.460,0.500;mat=StandardMaterial3D@0.460,0.460,0.500	StreetIdShot/OrisonRoot/PASSAGE_PORTAL_LT_W/@Node3D@4873/@MeshInstance3D@4878
0	136,120,184	MeshInstance3D	0.0x0.4x0.0	mat=StandardMaterial3D@0.100,0.100,0.100;mat=StandardMaterial3D@0.100,0.100,0.100	StreetIdShot/OrisonRoot/PASSAGE_PORTAL_LT_E/@Node3D@4882/@MeshInstance3D@4883
0	152,120,184	MeshInstance3D	0.1x0.1x0.1	mat=StandardMaterial3D@1.000,0.970,0.900;mat=StandardMaterial3D@1.000,0.970,0.900	StreetIdShot/OrisonRoot/PASSAGE_PORTAL_LT_E/@Node3D@4882/bulb
0	168,120,184	MeshInstance3D	0.2x0.2x0.0	mat=StandardMaterial3D@0.460,0.460,0.500;mat=StandardMaterial3D@0.460,0.460,0.500	StreetIdShot/OrisonRoot/PASSAGE_PORTAL_LT_E/@Node3D@4882/@MeshInstance3D@4884
0	184,120,184	MeshInstance3D	0.1x0.2x0.1	mat=StandardMaterial3D@0.460,0.460,0.500;mat=StandardMaterial3D@0.460,0.460,0.500	StreetIdShot/OrisonRoot/PASSAGE_PORTAL_LT_E/@Node3D@4882/@MeshInstance3D@4885
0	200,120,184	MeshInstance3D	0.1x0.2x0.1	mat=StandardMaterial3D@0.460,0.460,0.500;mat=StandardMaterial3D@0.460,0.460,0.500	StreetIdShot/OrisonRoot/PASSAGE_PORTAL_LT_E/@Node3D@4882/@MeshInstance3D@4886
0	216,120,184	MeshInstance3D	0.1x0.0x0.1	mat=StandardMaterial3D@0.460,0.460,0.500;mat=StandardMaterial3D@0.460,0.460,0.500	StreetIdShot/OrisonRoot/PASSAGE_PORTAL_LT_E/@Node3D@4882/@MeshInstance3D@4887
0	232,120,184	MeshInstance3D	0.9x2.1x0.2	mat=StandardMaterial3D@0.420,0.300,0.200;mat=StandardMaterial3D@0.420,0.300,0.200	StreetIdShot/OrisonRoot/F01_BODEGA_DOOR/HingedLeaf/@MeshInstance3D@4980
0	248,120,184	MeshInstance3D	0.1x0.4x0.2	mat=StandardMaterial3D@0.800,0.700,0.470;mat=StandardMaterial3D@0.800,0.700,0.470	StreetIdShot/OrisonRoot/F01_BODEGA_DOOR/HingedLeaf/@MeshInstance3D@4982
0	8,136,184	MeshInstance3D	0.9x1.9x0.1	mat=StandardMaterial3D@0.580,0.520,0.390;mat=StandardMaterial3D@0.580,0.520,0.390	StreetIdShot/OrisonRoot/F01_BODEGA_DOOR/FixedIronmongery/@MeshInstance3D@4983
0	24,136,184	MeshInstance3D	0.1x0.1x0.7	mat=StandardMaterial3D@1.000,1.000,1.000;mat=StandardMaterial3D@1.000,1.000,1.000	StreetIdShot/OrisonRoot/F01_BODEGA_LT_0/@Node3D@4986/@MeshInstance3D@4987
0	40,136,184	MeshInstance3D	0.0x0.0x0.6	mat=StandardMaterial3D@1.000,0.970,0.900;mat=StandardMaterial3D@1.000,0.970,0.900	StreetIdShot/OrisonRoot/F01_BODEGA_LT_0/@Node3D@4986/bulb_tube
0	56,136,184	MeshInstance3D	0.1x0.1x0.7	mat=StandardMaterial3D@1.000,1.000,1.000;mat=StandardMaterial3D@1.000,1.000,1.000	StreetIdShot/OrisonRoot/F01_BODEGA_LT_1/@Node3D@4992/@MeshInstance3D@4993
0	72,136,184	MeshInstance3D	0.0x0.0x0.6	mat=StandardMaterial3D@1.000,0.970,0.900;mat=StandardMaterial3D@1.000,0.970,0.900	StreetIdShot/OrisonRoot/F01_BODEGA_LT_1/@Node3D@4992/bulb_tube
0	88,136,184	MeshInstance3D	0.1x0.1x0.7	mat=StandardMaterial3D@1.000,1.000,1.000;mat=StandardMaterial3D@1.000,1.000,1.000	StreetIdShot/OrisonRoot/F01_BODEGA_LT_2/@Node3D@4998/@MeshInstance3D@4999
0	104,136,184	MeshInstance3D	0.0x0.0x0.6	mat=StandardMaterial3D@1.000,0.970,0.900;mat=StandardMaterial3D@1.000,0.970,0.900	StreetIdShot/OrisonRoot/F01_BODEGA_LT_2/@Node3D@4998/bulb_tube
0	120,136,184	MeshInstance3D	0.3x0.6x0.3	mat=StandardMaterial3D@1.000,1.000,1.000;mat=StandardMaterial3D@1.000,1.000,1.000	StreetIdShot/OrisonRoot/F01_BODEGA_RADIO/@MeshInstance3D@5005
0	136,136,184	MeshInstance3D	0.0x0.5x0.3	mat=StandardMaterial3D@0.100,0.095,0.090;mat=StandardMaterial3D@0.100,0.095,0.090	StreetIdShot/OrisonRoot/F01_BODEGA_RADIO/@MeshInstance3D@5006
0	152,136,184	MeshInstance3D	0.0x0.2x0.2	mat=StandardMaterial3D@0.160,0.150,0.140;mat=StandardMaterial3D@0.160,0.150,0.140	StreetIdShot/OrisonRoot/F01_BODEGA_RADIO/@MeshInstance3D@5007
0	168,136,184	MeshInstance3D	0.0x0.2x0.2	mat=StandardMaterial3D@0.580,0.550,0.500;mat=StandardMaterial3D@0.580,0.550,0.500	StreetIdShot/OrisonRoot/F01_BODEGA_RADIO/@MeshInstance3D@5008
0	184,136,184	MeshInstance3D	0.0x0.1x0.1	mat=StandardMaterial3D@0.300,0.290,0.270;mat=StandardMaterial3D@0.300,0.290,0.270	StreetIdShot/OrisonRoot/F01_BODEGA_RADIO/@MeshInstance3D@5009
0	200,136,184	MeshInstance3D	0.0x0.1x0.1	mat=StandardMaterial3D@1.000,1.000,1.000;mat=StandardMaterial3D@1.000,1.000,1.000	StreetIdShot/OrisonRoot/F01_BODEGA_RADIO/@MeshInstance3D@5010
0	216,136,184	MeshInstance3D	0.0x0.1x0.1	mat=StandardMaterial3D@0.050,0.050,0.050;mat=StandardMaterial3D@0.050,0.050,0.050	StreetIdShot/OrisonRoot/F01_BODEGA_RADIO/@MeshInstance3D@5011
0	232,136,184	MeshInstance3D	0.0x0.0x0.0	mat=StandardMaterial3D@1.000,1.000,1.000;mat=StandardMaterial3D@1.000,1.000,1.000	StreetIdShot/OrisonRoot/F01_BODEGA_RADIO/@MeshInstance3D@5012
0	248,136,184	MeshInstance3D	0.0x0.0x0.0	mat=StandardMaterial3D@1.000,1.000,1.000;mat=StandardMaterial3D@1.000,1.000,1.000	StreetIdShot/OrisonRoot/F01_BODEGA_RADIO/@MeshInstance3D@5013
0	8,152,184	MeshInstance3D	4.3x0.6x0.0	mat=StandardMaterial3D@0.920,0.740,0.160;mat=StandardMaterial3D@0.920,0.740,0.160	StreetIdShot/OrisonRoot/F01_BODEGA_SIGNAGE/@MeshInstance3D@5016
0	24,152,184	MeshInstance3D	0.0x0.6x1.0	mat=StandardMaterial3D@0.920,0.740,0.160;mat=StandardMaterial3D@0.920,0.740,0.160	StreetIdShot/OrisonRoot/F01_BODEGA_SIGNAGE/@MeshInstance3D@5017
0	40,152,184	MeshInstance3D	0.0x0.6x1.0	mat=StandardMaterial3D@0.920,0.740,0.160;mat=StandardMaterial3D@0.920,0.740,0.160	StreetIdShot/OrisonRoot/F01_BODEGA_SIGNAGE/@MeshInstance3D@5018
0	56,152,184	MeshInstance3D	0.0x0.1x0.6	mat=StandardMaterial3D@0.140,0.140,0.150;mat=StandardMaterial3D@0.140,0.140,0.150	StreetIdShot/OrisonRoot/F01_BODEGA_SIGNAGE/@MeshInstance3D@5022
0	72,152,184	MeshInstance3D	0.1x1.5x0.6	mat=StandardMaterial3D@0.120,0.120,0.130;mat=StandardMaterial3D@0.120,0.120,0.130	StreetIdShot/OrisonRoot/F01_BODEGA_SIGNAGE/@MeshInstance3D@5023
0	88,152,184	MeshInstance3D	0.0x1.4x0.5	mat=StandardMaterial3D@0.930,0.910,0.840;mat=StandardMaterial3D@0.930,0.910,0.840	StreetIdShot/OrisonRoot/F01_BODEGA_SIGNAGE/@MeshInstance3D@5024
0	104,152,184	MeshInstance3D	0.0x1.4x0.5	mat=StandardMaterial3D@0.930,0.910,0.840;mat=StandardMaterial3D@0.930,0.910,0.840	StreetIdShot/OrisonRoot/F01_BODEGA_SIGNAGE/@MeshInstance3D@5026
0	120,152,184	MeshInstance3D	0.3x0.5x0.3	mat=StandardMaterial3D@1.000,1.000,1.000;mat=StandardMaterial3D@1.000,1.000,1.000	StreetIdShot/OrisonRoot/F01_KARAOKE_SPK_0/@MeshInstance3D@5029
0	136,152,184	MeshInstance3D	0.3x0.5x0.0	mat=StandardMaterial3D@0.100,0.095,0.090;mat=StandardMaterial3D@0.100,0.095,0.090	StreetIdShot/OrisonRoot/F01_KARAOKE_SPK_0/@MeshInstance3D@5030
0	152,152,184	MeshInstance3D	0.2x0.2x0.0	mat=StandardMaterial3D@0.160,0.150,0.140;mat=StandardMaterial3D@0.160,0.150,0.140	StreetIdShot/OrisonRoot/F01_KARAOKE_SPK_0/@MeshInstance3D@5031
0	168,152,184	MeshInstance3D	0.2x0.2x0.1	mat=StandardMaterial3D@0.580,0.550,0.500;mat=StandardMaterial3D@0.580,0.550,0.500	StreetIdShot/OrisonRoot/F01_KARAOKE_SPK_0/@MeshInstance3D@5032
0	184,152,184	MeshInstance3D	0.1x0.1x0.0	mat=StandardMaterial3D@0.300,0.290,0.270;mat=StandardMaterial3D@0.300,0.290,0.270	StreetIdShot/OrisonRoot/F01_KARAOKE_SPK_0/@MeshInstance3D@5033
0	200,152,184	MeshInstance3D	0.1x0.1x0.0	mat=StandardMaterial3D@1.000,1.000,1.000;mat=StandardMaterial3D@1.000,1.000,1.000	StreetIdShot/OrisonRoot/F01_KARAOKE_SPK_0/@MeshInstance3D@5034
0	216,152,184	MeshInstance3D	0.1x0.1x0.0	mat=StandardMaterial3D@0.050,0.050,0.050;mat=StandardMaterial3D@0.050,0.050,0.050	StreetIdShot/OrisonRoot/F01_KARAOKE_SPK_0/@MeshInstance3D@5035
0	232,152,184	MeshInstance3D	0.0x0.0x0.0	mat=StandardMaterial3D@1.000,1.000,1.000;mat=StandardMaterial3D@1.000,1.000,1.000	StreetIdShot/OrisonRoot/F01_KARAOKE_SPK_0/@MeshInstance3D@5036
0	248,152,184	MeshInstance3D	0.0x0.0x0.0	mat=StandardMaterial3D@1.000,1.000,1.000;mat=StandardMaterial3D@1.000,1.000,1.000	StreetIdShot/OrisonRoot/F01_KARAOKE_SPK_0/@MeshInstance3D@5037
0	8,168,184	MeshInstance3D	0.3x0.5x0.3	mat=StandardMaterial3D@1.000,1.000,1.000;mat=StandardMaterial3D@1.000,1.000,1.000	StreetIdShot/OrisonRoot/F01_KARAOKE_SPK_1/@MeshInstance3D@5040
0	24,168,184	MeshInstance3D	0.3x0.5x0.0	mat=StandardMaterial3D@0.100,0.095,0.090;mat=StandardMaterial3D@0.100,0.095,0.090	StreetIdShot/OrisonRoot/F01_KARAOKE_SPK_1/@MeshInstance3D@5041
0	40,168,184	MeshInstance3D	0.2x0.2x0.0	mat=StandardMaterial3D@0.160,0.150,0.140;mat=StandardMaterial3D@0.160,0.150,0.140	StreetIdShot/OrisonRoot/F01_KARAOKE_SPK_1/@MeshInstance3D@5042
0	56,168,184	MeshInstance3D	0.2x0.2x0.1	mat=StandardMaterial3D@0.580,0.550,0.500;mat=StandardMaterial3D@0.580,0.550,0.500	StreetIdShot/OrisonRoot/F01_KARAOKE_SPK_1/@MeshInstance3D@5043
0	72,168,184	MeshInstance3D	0.1x0.1x0.0	mat=StandardMaterial3D@0.300,0.290,0.270;mat=StandardMaterial3D@0.300,0.290,0.270	StreetIdShot/OrisonRoot/F01_KARAOKE_SPK_1/@MeshInstance3D@5044
0	88,168,184	MeshInstance3D	0.1x0.1x0.0	mat=StandardMaterial3D@1.000,1.000,1.000;mat=StandardMaterial3D@1.000,1.000,1.000	StreetIdShot/OrisonRoot/F01_KARAOKE_SPK_1/@MeshInstance3D@5045
0	104,168,184	MeshInstance3D	0.1x0.1x0.0	mat=StandardMaterial3D@0.050,0.050,0.050;mat=StandardMaterial3D@0.050,0.050,0.050	StreetIdShot/OrisonRoot/F01_KARAOKE_SPK_1/@MeshInstance3D@5046
0	120,168,184	MeshInstance3D	0.0x0.0x0.0	mat=StandardMaterial3D@1.000,1.000,1.000;mat=StandardMaterial3D@1.000,1.000,1.000	StreetIdShot/OrisonRoot/F01_KARAOKE_SPK_1/@MeshInstance3D@5047
0	136,168,184	MeshInstance3D	0.0x0.0x0.0	mat=StandardMaterial3D@1.000,1.000,1.000;mat=StandardMaterial3D@1.000,1.000,1.000	StreetIdShot/OrisonRoot/F01_KARAOKE_SPK_1/@MeshInstance3D@5048
0	152,168,184	MeshInstance3D	0.0x0.8x0.0	mat=StandardMaterial3D@1.000,0.860,0.520;mat=StandardMaterial3D@1.000,0.860,0.520	StreetIdShot/OrisonRoot/F01_BAR_STAGE_SIGN/@Node3D@5056/@MeshInstance3D@5057
0	168,168,184	MeshInstance3D	0.0x0.0x0.1	mat=StandardMaterial3D@0.300,0.310,0.300;mat=StandardMaterial3D@0.300,0.310,0.300	StreetIdShot/OrisonRoot/F01_BAR_STAGE_SIGN/@Node3D@5056/@MeshInstance3D@5058
0	184,168,184	MeshInstance3D	0.0x0.1x0.1	mat=StandardMaterial3D@0.740,0.720,0.660;mat=StandardMaterial3D@0.740,0.720,0.660	StreetIdShot/OrisonRoot/F01_BAR_STAGE_SIGN/@Node3D@5056/@MeshInstance3D@5059
0	200,168,184	MeshInstance3D	0.0x0.1x0.1	mat=StandardMaterial3D@0.740,0.720,0.660;mat=StandardMaterial3D@0.740,0.720,0.660	StreetIdShot/OrisonRoot/F01_BAR_STAGE_SIGN/@Node3D@5056/@MeshInstance3D@5060
0	216,168,184	MeshInstance3D	0.0x0.8x0.0	mat=StandardMaterial3D@1.000,0.860,0.520;mat=StandardMaterial3D@1.000,0.860,0.520	StreetIdShot/OrisonRoot/F01_BAR_STAGE_SIGN/@Node3D@5056/@MeshInstance3D@5061
0	232,168,184	MeshInstance3D	0.0x0.0x0.1	mat=StandardMaterial3D@0.300,0.310,0.300;mat=StandardMaterial3D@0.300,0.310,0.300	StreetIdShot/OrisonRoot/F01_BAR_STAGE_SIGN/@Node3D@5056/@MeshInstance3D@5062
0	248,168,184	MeshInstance3D	0.0x0.1x0.1	mat=StandardMaterial3D@0.740,0.720,0.660;mat=StandardMaterial3D@0.740,0.720,0.660	StreetIdShot/OrisonRoot/F01_BAR_STAGE_SIGN/@Node3D@5056/@MeshInstance3D@5063
0	8,184,184	MeshInstance3D	0.0x0.1x0.1	mat=StandardMaterial3D@0.740,0.720,0.660;mat=StandardMaterial3D@0.740,0.720,0.660	StreetIdShot/OrisonRoot/F01_BAR_STAGE_SIGN/@Node3D@5056/@MeshInstance3D@5064
0	24,184,184	MeshInstance3D	0.5x0.0x0.0	mat=StandardMaterial3D@1.000,0.860,0.520;mat=StandardMaterial3D@1.000,0.860,0.520	StreetIdShot/OrisonRoot/F01_BAR_STAGE_SIGN/@Node3D@5056/@MeshInstance3D@5065
0	40,184,184	MeshInstance3D	0.0x0.0x0.1	mat=StandardMaterial3D@0.300,0.310,0.300;mat=StandardMaterial3D@0.300,0.310,0.300	StreetIdShot/OrisonRoot/F01_BAR_STAGE_SIGN/@Node3D@5056/@MeshInstance3D@5066
0	56,184,184	MeshInstance3D	0.0x0.1x0.1	mat=StandardMaterial3D@0.740,0.720,0.660;mat=StandardMaterial3D@0.740,0.720,0.660	StreetIdShot/OrisonRoot/F01_BAR_STAGE_SIGN/@Node3D@5056/@MeshInstance3D@5067
0	72,184,184	MeshInstance3D	0.0x0.1x0.1	mat=StandardMaterial3D@0.740,0.720,0.660;mat=StandardMaterial3D@0.740,0.720,0.660	StreetIdShot/OrisonRoot/F01_BAR_STAGE_SIGN/@Node3D@5056/@MeshInstance3D@5068
0	88,184,184	MeshInstance3D	0.0x0.6x0.0	mat=StandardMaterial3D@1.000,0.860,0.520;mat=StandardMaterial3D@1.000,0.860,0.520	StreetIdShot/OrisonRoot/F01_BAR_STAGE_SIGN/@Node3D@5069/@MeshInstance3D@5070
0	104,184,184	MeshInstance3D	0.0x0.0x0.1	mat=StandardMaterial3D@0.300,0.310,0.300;mat=StandardMaterial3D@0.300,0.310,0.300	StreetIdShot/OrisonRoot/F01_BAR_STAGE_SIGN/@Node3D@5069/@MeshInstance3D@5071
0	120,184,184	MeshInstance3D	0.0x0.1x0.1	mat=StandardMaterial3D@0.740,0.720,0.660;mat=StandardMaterial3D@0.740,0.720,0.660	StreetIdShot/OrisonRoot/F01_BAR_STAGE_SIGN/@Node3D@5069/@MeshInstance3D@5072
0	136,184,184	MeshInstance3D	0.0x0.1x0.1	mat=StandardMaterial3D@0.740,0.720,0.660;mat=StandardMaterial3D@0.740,0.720,0.660	StreetIdShot/OrisonRoot/F01_BAR_STAGE_SIGN/@Node3D@5069/@MeshInstance3D@5073
0	152,184,184	MeshInstance3D	0.3x0.3x0.0	mat=StandardMaterial3D@1.000,0.860,0.520;mat=StandardMaterial3D@1.000,0.860,0.520	StreetIdShot/OrisonRoot/F01_BAR_STAGE_SIGN/@Node3D@5069/@MeshInstance3D@5074
0	168,184,184	MeshInstance3D	0.0x0.0x0.1	mat=StandardMaterial3D@0.300,0.310,0.300;mat=StandardMaterial3D@0.300,0.310,0.300	StreetIdShot/OrisonRoot/F01_BAR_STAGE_SIGN/@Node3D@5069/@MeshInstance3D@5075
0	184,184,184	MeshInstance3D	0.0x0.1x0.1	mat=StandardMaterial3D@0.740,0.720,0.660;mat=StandardMaterial3D@0.740,0.720,0.660	StreetIdShot/OrisonRoot/F01_BAR_STAGE_SIGN/@Node3D@5069/@MeshInstance3D@5076
0	200,184,184	MeshInstance3D	0.0x0.1x0.1	mat=StandardMaterial3D@0.740,0.720,0.660;mat=StandardMaterial3D@0.740,0.720,0.660	StreetIdShot/OrisonRoot/F01_BAR_STAGE_SIGN/@Node3D@5069/@MeshInstance3D@5077
0	216,184,184	MeshInstance3D	0.3x0.3x0.0	mat=StandardMaterial3D@1.000,0.860,0.520;mat=StandardMaterial3D@1.000,0.860,0.520	StreetIdShot/OrisonRoot/F01_BAR_STAGE_SIGN/@Node3D@5069/@MeshInstance3D@5078
0	232,184,184	MeshInstance3D	0.0x0.0x0.1	mat=StandardMaterial3D@0.300,0.310,0.300;mat=StandardMaterial3D@0.300,0.310,0.300	StreetIdShot/OrisonRoot/F01_BAR_STAGE_SIGN/@Node3D@5069/@MeshInstance3D@5079
0	248,184,184	MeshInstance3D	0.0x0.1x0.1	mat=StandardMaterial3D@0.740,0.720,0.660;mat=StandardMaterial3D@0.740,0.720,0.660	StreetIdShot/OrisonRoot/F01_BAR_STAGE_SIGN/@Node3D@5069/@MeshInstance3D@5080
0	8,200,184	MeshInstance3D	0.0x0.1x0.1	mat=StandardMaterial3D@0.740,0.720,0.660;mat=StandardMaterial3D@0.740,0.720,0.660	StreetIdShot/OrisonRoot/F01_BAR_STAGE_SIGN/@Node3D@5069/@MeshInstance3D@5081
0	24,200,184	MeshInstance3D	0.0x0.6x0.0	mat=StandardMaterial3D@1.000,0.860,0.520;mat=StandardMaterial3D@1.000,0.860,0.520	StreetIdShot/OrisonRoot/F01_BAR_STAGE_SIGN/@Node3D@5069/@MeshInstance3D@5082
0	40,200,184	MeshInstance3D	0.0x0.0x0.1	mat=StandardMaterial3D@0.300,0.310,0.300;mat=StandardMaterial3D@0.300,0.310,0.300	StreetIdShot/OrisonRoot/F01_BAR_STAGE_SIGN/@Node3D@5069/@MeshInstance3D@5083
0	56,200,184	MeshInstance3D	0.0x0.1x0.1	mat=StandardMaterial3D@0.740,0.720,0.660;mat=StandardMaterial3D@0.740,0.720,0.660	StreetIdShot/OrisonRoot/F01_BAR_STAGE_SIGN/@Node3D@5069/@MeshInstance3D@5084
0	72,200,184	MeshInstance3D	0.0x0.1x0.1	mat=StandardMaterial3D@0.740,0.720,0.660;mat=StandardMaterial3D@0.740,0.720,0.660	StreetIdShot/OrisonRoot/F01_BAR_STAGE_SIGN/@Node3D@5069/@MeshInstance3D@5085
0	88,200,184	MeshInstance3D	0.5x0.0x0.0	mat=StandardMaterial3D@1.000,0.860,0.520;mat=StandardMaterial3D@1.000,0.860,0.520	StreetIdShot/OrisonRoot/F01_BAR_STAGE_SIGN/@Node3D@5069/@MeshInstance3D@5086
0	104,200,184	MeshInstance3D	0.0x0.0x0.1	mat=StandardMaterial3D@0.300,0.310,0.300;mat=StandardMaterial3D@0.300,0.310,0.300	StreetIdShot/OrisonRoot/F01_BAR_STAGE_SIGN/@Node3D@5069/@MeshInstance3D@5087
0	120,200,184	MeshInstance3D	0.0x0.1x0.1	mat=StandardMaterial3D@0.740,0.720,0.660;mat=StandardMaterial3D@0.740,0.720,0.660	StreetIdShot/OrisonRoot/F01_BAR_STAGE_SIGN/@Node3D@5069/@MeshInstance3D@5088
0	136,200,184	MeshInstance3D	0.0x0.1x0.1	mat=StandardMaterial3D@0.740,0.720,0.660;mat=StandardMaterial3D@0.740,0.720,0.660	StreetIdShot/OrisonRoot/F01_BAR_STAGE_SIGN/@Node3D@5069/@MeshInstance3D@5089
0	152,200,184	MeshInstance3D	0.0x0.8x0.0	mat=StandardMaterial3D@1.000,0.860,0.520;mat=StandardMaterial3D@1.000,0.860,0.520	StreetIdShot/OrisonRoot/F01_BAR_STAGE_SIGN/@Node3D@5090/@MeshInstance3D@5091
0	168,200,184	MeshInstance3D	0.0x0.0x0.1	mat=StandardMaterial3D@0.300,0.310,0.300;mat=StandardMaterial3D@0.300,0.310,0.300	StreetIdShot/OrisonRoot/F01_BAR_STAGE_SIGN/@Node3D@5090/@MeshInstance3D@5092
0	184,200,184	MeshInstance3D	0.0x0.1x0.1	mat=StandardMaterial3D@0.740,0.720,0.660;mat=StandardMaterial3D@0.740,0.720,0.660	StreetIdShot/OrisonRoot/F01_BAR_STAGE_SIGN/@Node3D@5090/@MeshInstance3D@5093
0	200,200,184	MeshInstance3D	0.0x0.1x0.1	mat=StandardMaterial3D@0.740,0.720,0.660;mat=StandardMaterial3D@0.740,0.720,0.660	StreetIdShot/OrisonRoot/F01_BAR_STAGE_SIGN/@Node3D@5090/@MeshInstance3D@5094
0	216,200,184	MeshInstance3D	0.5x0.0x0.0	mat=StandardMaterial3D@1.000,0.860,0.520;mat=StandardMaterial3D@1.000,0.860,0.520	StreetIdShot/OrisonRoot/F01_BAR_STAGE_SIGN/@Node3D@5090/@MeshInstance3D@5095
0	232,200,184	MeshInstance3D	0.0x0.0x0.1	mat=StandardMaterial3D@0.300,0.310,0.300;mat=StandardMaterial3D@0.300,0.310,0.300	StreetIdShot/OrisonRoot/F01_BAR_STAGE_SIGN/@Node3D@5090/@MeshInstance3D@5096
0	248,200,184	MeshInstance3D	0.0x0.1x0.1	mat=StandardMaterial3D@0.740,0.720,0.660;mat=StandardMaterial3D@0.740,0.720,0.660	StreetIdShot/OrisonRoot/F01_BAR_STAGE_SIGN/@Node3D@5090/@MeshInstance3D@5097
0	8,216,184	MeshInstance3D	0.0x0.1x0.1	mat=StandardMaterial3D@0.740,0.720,0.660;mat=StandardMaterial3D@0.740,0.720,0.660	StreetIdShot/OrisonRoot/F01_BAR_STAGE_SIGN/@Node3D@5090/@MeshInstance3D@5098
0	24,216,184	MeshInstance3D	0.0x0.4x0.0	mat=StandardMaterial3D@1.000,0.860,0.520;mat=StandardMaterial3D@1.000,0.860,0.520	StreetIdShot/OrisonRoot/F01_BAR_STAGE_SIGN/@Node3D@5090/@MeshInstance3D@5099
0	40,216,184	MeshInstance3D	0.0x0.0x0.1	mat=StandardMaterial3D@0.300,0.310,0.300;mat=StandardMaterial3D@0.300,0.310,0.300	StreetIdShot/OrisonRoot/F01_BAR_STAGE_SIGN/@Node3D@5090/@MeshInstance3D@5100
0	56,216,184	MeshInstance3D	0.0x0.1x0.1	mat=StandardMaterial3D@0.740,0.720,0.660;mat=StandardMaterial3D@0.740,0.720,0.660	StreetIdShot/OrisonRoot/F01_BAR_STAGE_SIGN/@Node3D@5090/@MeshInstance3D@5101
0	72,216,184	MeshInstance3D	0.0x0.1x0.1	mat=StandardMaterial3D@0.740,0.720,0.660;mat=StandardMaterial3D@0.740,0.720,0.660	StreetIdShot/OrisonRoot/F01_BAR_STAGE_SIGN/@Node3D@5090/@MeshInstance3D@5102
0	88,216,184	MeshInstance3D	0.5x0.0x0.0	mat=StandardMaterial3D@1.000,0.860,0.520;mat=StandardMaterial3D@1.000,0.860,0.520	StreetIdShot/OrisonRoot/F01_BAR_STAGE_SIGN/@Node3D@5090/@MeshInstance3D@5103
0	104,216,184	MeshInstance3D	0.0x0.0x0.1	mat=StandardMaterial3D@0.300,0.310,0.300;mat=StandardMaterial3D@0.300,0.310,0.300	StreetIdShot/OrisonRoot/F01_BAR_STAGE_SIGN/@Node3D@5090/@MeshInstance3D@5104
0	120,216,184	MeshInstance3D	0.0x0.1x0.1	mat=StandardMaterial3D@0.740,0.720,0.660;mat=StandardMaterial3D@0.740,0.720,0.660	StreetIdShot/OrisonRoot/F01_BAR_STAGE_SIGN/@Node3D@5090/@MeshInstance3D@5105
0	136,216,184	MeshInstance3D	0.0x0.1x0.1	mat=StandardMaterial3D@0.740,0.720,0.660;mat=StandardMaterial3D@0.740,0.720,0.660	StreetIdShot/OrisonRoot/F01_BAR_STAGE_SIGN/@Node3D@5090/@MeshInstance3D@5106
0	152,216,184	MeshInstance3D	0.5x0.4x0.0	mat=StandardMaterial3D@1.000,0.860,0.520;mat=StandardMaterial3D@1.000,0.860,0.520	StreetIdShot/OrisonRoot/F01_BAR_STAGE_SIGN/@Node3D@5090/@MeshInstance3D@5107
0	168,216,184	MeshInstance3D	0.0x0.0x0.1	mat=StandardMaterial3D@0.300,0.310,0.300;mat=StandardMaterial3D@0.300,0.310,0.300	StreetIdShot/OrisonRoot/F01_BAR_STAGE_SIGN/@Node3D@5090/@MeshInstance3D@5108
0	184,216,184	MeshInstance3D	0.0x0.1x0.1	mat=StandardMaterial3D@0.740,0.720,0.660;mat=StandardMaterial3D@0.740,0.720,0.660	StreetIdShot/OrisonRoot/F01_BAR_STAGE_SIGN/@Node3D@5090/@MeshInstance3D@5109
0	200,216,184	MeshInstance3D	0.0x0.1x0.1	mat=StandardMaterial3D@0.740,0.720,0.660;mat=StandardMaterial3D@0.740,0.720,0.660	StreetIdShot/OrisonRoot/F01_BAR_STAGE_SIGN/@Node3D@5090/@MeshInstance3D@5110
0	216,216,184	MeshInstance3D	0.0x0.8x0.0	mat=StandardMaterial3D@1.000,0.860,0.520;mat=StandardMaterial3D@1.000,0.860,0.520	StreetIdShot/OrisonRoot/F01_BAR_STAGE_SIGN/@Node3D@5111/@MeshInstance3D@5112
0	232,216,184	MeshInstance3D	0.0x0.0x0.1	mat=StandardMaterial3D@0.300,0.310,0.300;mat=StandardMaterial3D@0.300,0.310,0.300	StreetIdShot/OrisonRoot/F01_BAR_STAGE_SIGN/@Node3D@5111/@MeshInstance3D@5113
0	248,216,184	MeshInstance3D	0.0x0.1x0.1	mat=StandardMaterial3D@0.740,0.720,0.660;mat=StandardMaterial3D@0.740,0.720,0.660	StreetIdShot/OrisonRoot/F01_BAR_STAGE_SIGN/@Node3D@5111/@MeshInstance3D@5114
0	8,232,184	MeshInstance3D	0.0x0.1x0.1	mat=StandardMaterial3D@0.740,0.720,0.660;mat=StandardMaterial3D@0.740,0.720,0.660	StreetIdShot/OrisonRoot/F01_BAR_STAGE_SIGN/@Node3D@5111/@MeshInstance3D@5115
0	24,232,184	MeshInstance3D	0.5x0.0x0.0	mat=StandardMaterial3D@1.000,0.860,0.520;mat=StandardMaterial3D@1.000,0.860,0.520	StreetIdShot/OrisonRoot/F01_BAR_STAGE_SIGN/@Node3D@5111/@MeshInstance3D@5116
0	40,232,184	MeshInstance3D	0.0x0.0x0.1	mat=StandardMaterial3D@0.300,0.310,0.300;mat=StandardMaterial3D@0.300,0.310,0.300	StreetIdShot/OrisonRoot/F01_BAR_STAGE_SIGN/@Node3D@5111/@MeshInstance3D@5117
0	56,232,184	MeshInstance3D	0.0x0.1x0.1	mat=StandardMaterial3D@0.740,0.720,0.660;mat=StandardMaterial3D@0.740,0.720,0.660	StreetIdShot/OrisonRoot/F01_BAR_STAGE_SIGN/@Node3D@5111/@MeshInstance3D@5118
0	72,232,184	MeshInstance3D	0.0x0.1x0.1	mat=StandardMaterial3D@0.740,0.720,0.660;mat=StandardMaterial3D@0.740,0.720,0.660	StreetIdShot/OrisonRoot/F01_BAR_STAGE_SIGN/@Node3D@5111/@MeshInstance3D@5119
0	88,232,184	MeshInstance3D	0.0x0.8x0.0	mat=StandardMaterial3D@1.000,0.860,0.520;mat=StandardMaterial3D@1.000,0.860,0.520	StreetIdShot/OrisonRoot/F01_BAR_STAGE_SIGN/@Node3D@5111/@MeshInstance3D@5120
0	104,232,184	MeshInstance3D	0.0x0.0x0.1	mat=StandardMaterial3D@0.300,0.310,0.300;mat=StandardMaterial3D@0.300,0.310,0.300	StreetIdShot/OrisonRoot/F01_BAR_STAGE_SIGN/@Node3D@5111/@MeshInstance3D@5121
0	120,232,184	MeshInstance3D	0.0x0.1x0.1	mat=StandardMaterial3D@0.740,0.720,0.660;mat=StandardMaterial3D@0.740,0.720,0.660	StreetIdShot/OrisonRoot/F01_BAR_STAGE_SIGN/@Node3D@5111/@MeshInstance3D@5122
0	136,232,184	MeshInstance3D	0.0x0.1x0.1	mat=StandardMaterial3D@0.740,0.720,0.660;mat=StandardMaterial3D@0.740,0.720,0.660	StreetIdShot/OrisonRoot/F01_BAR_STAGE_SIGN/@Node3D@5111/@MeshInstance3D@5123
0	152,232,184	MeshInstance3D	0.0x0.8x0.0	mat=StandardMaterial3D@1.000,0.860,0.520;mat=StandardMaterial3D@1.000,0.860,0.520	StreetIdShot/OrisonRoot/F01_BAR_STAGE_SIGN/@Node3D@5124/@MeshInstance3D@5125
0	168,232,184	MeshInstance3D	0.0x0.0x0.1	mat=StandardMaterial3D@0.300,0.310,0.300;mat=StandardMaterial3D@0.300,0.310,0.300	StreetIdShot/OrisonRoot/F01_BAR_STAGE_SIGN/@Node3D@5124/@MeshInstance3D@5126
0	184,232,184	MeshInstance3D	0.0x0.1x0.1	mat=StandardMaterial3D@0.740,0.720,0.660;mat=StandardMaterial3D@0.740,0.720,0.660	StreetIdShot/OrisonRoot/F01_BAR_STAGE_SIGN/@Node3D@5124/@MeshInstance3D@5127
0	200,232,184	MeshInstance3D	0.0x0.1x0.1	mat=StandardMaterial3D@0.740,0.720,0.660;mat=StandardMaterial3D@0.740,0.720,0.660	StreetIdShot/OrisonRoot/F01_BAR_STAGE_SIGN/@Node3D@5124/@MeshInstance3D@5128
0	216,232,184	MeshInstance3D	0.5x0.4x0.0	mat=StandardMaterial3D@1.000,0.860,0.520;mat=StandardMaterial3D@1.000,0.860,0.520	StreetIdShot/OrisonRoot/F01_BAR_STAGE_SIGN/@Node3D@5124/@MeshInstance3D@5129
0	232,232,184	MeshInstance3D	0.0x0.0x0.1	mat=StandardMaterial3D@0.300,0.310,0.300;mat=StandardMaterial3D@0.300,0.310,0.300	StreetIdShot/OrisonRoot/F01_BAR_STAGE_SIGN/@Node3D@5124/@MeshInstance3D@5130
0	248,232,184	MeshInstance3D	0.0x0.1x0.1	mat=StandardMaterial3D@0.740,0.720,0.660;mat=StandardMaterial3D@0.740,0.720,0.660	StreetIdShot/OrisonRoot/F01_BAR_STAGE_SIGN/@Node3D@5124/@MeshInstance3D@5131
0	8,248,184	MeshInstance3D	0.0x0.1x0.1	mat=StandardMaterial3D@0.740,0.720,0.660;mat=StandardMaterial3D@0.740,0.720,0.660	StreetIdShot/OrisonRoot/F01_BAR_STAGE_SIGN/@Node3D@5124/@MeshInstance3D@5132
0	24,248,184	MeshInstance3D	0.5x0.4x0.0	mat=StandardMaterial3D@1.000,0.860,0.520;mat=StandardMaterial3D@1.000,0.860,0.520	StreetIdShot/OrisonRoot/F01_BAR_STAGE_SIGN/@Node3D@5124/@MeshInstance3D@5133
0	40,248,184	MeshInstance3D	0.0x0.0x0.1	mat=StandardMaterial3D@0.300,0.310,0.300;mat=StandardMaterial3D@0.300,0.310,0.300	StreetIdShot/OrisonRoot/F01_BAR_STAGE_SIGN/@Node3D@5124/@MeshInstance3D@5134
0	56,248,184	MeshInstance3D	0.0x0.1x0.1	mat=StandardMaterial3D@0.740,0.720,0.660;mat=StandardMaterial3D@0.740,0.720,0.660	StreetIdShot/OrisonRoot/F01_BAR_STAGE_SIGN/@Node3D@5124/@MeshInstance3D@5135
0	72,248,184	MeshInstance3D	0.0x0.1x0.1	mat=StandardMaterial3D@0.740,0.720,0.660;mat=StandardMaterial3D@0.740,0.720,0.660	StreetIdShot/OrisonRoot/F01_BAR_STAGE_SIGN/@Node3D@5124/@MeshInstance3D@5136
0	88,248,184	MeshInstance3D	0.0x0.8x0.0	mat=StandardMaterial3D@1.000,0.860,0.520;mat=StandardMaterial3D@1.000,0.860,0.520	StreetIdShot/OrisonRoot/F01_BAR_STAGE_SIGN/@Node3D@5137/@MeshInstance3D@5138
0	104,248,184	MeshInstance3D	0.0x0.0x0.1	mat=StandardMaterial3D@0.300,0.310,0.300;mat=StandardMaterial3D@0.300,0.310,0.300	StreetIdShot/OrisonRoot/F01_BAR_STAGE_SIGN/@Node3D@5137/@MeshInstance3D@5139
0	120,248,184	MeshInstance3D	0.0x0.1x0.1	mat=StandardMaterial3D@0.740,0.720,0.660;mat=StandardMaterial3D@0.740,0.720,0.660	StreetIdShot/OrisonRoot/F01_BAR_STAGE_SIGN/@Node3D@5137/@MeshInstance3D@5140
0	136,248,184	MeshInstance3D	0.0x0.1x0.1	mat=StandardMaterial3D@0.740,0.720,0.660;mat=StandardMaterial3D@0.740,0.720,0.660	StreetIdShot/OrisonRoot/F01_BAR_STAGE_SIGN/@Node3D@5137/@MeshInstance3D@5141
0	152,248,184	MeshInstance3D	0.4x0.0x0.0	mat=StandardMaterial3D@1.000,0.860,0.520;mat=StandardMaterial3D@1.000,0.860,0.520	StreetIdShot/OrisonRoot/F01_BAR_STAGE_SIGN/@Node3D@5137/@MeshInstance3D@5142
0	168,248,184	MeshInstance3D	0.0x0.0x0.1	mat=StandardMaterial3D@0.300,0.310,0.300;mat=StandardMaterial3D@0.300,0.310,0.300	StreetIdShot/OrisonRoot/F01_BAR_STAGE_SIGN/@Node3D@5137/@MeshInstance3D@5143
0	184,248,184	MeshInstance3D	0.0x0.1x0.1	mat=StandardMaterial3D@0.740,0.720,0.660;mat=StandardMaterial3D@0.740,0.720,0.660	StreetIdShot/OrisonRoot/F01_BAR_STAGE_SIGN/@Node3D@5137/@MeshInstance3D@5144
0	200,248,184	MeshInstance3D	0.0x0.1x0.1	mat=StandardMaterial3D@0.740,0.720,0.660;mat=StandardMaterial3D@0.740,0.720,0.660	StreetIdShot/OrisonRoot/F01_BAR_STAGE_SIGN/@Node3D@5137/@MeshInstance3D@5145
0	216,248,184	MeshInstance3D	0.4x0.0x0.0	mat=StandardMaterial3D@1.000,0.860,0.520;mat=StandardMaterial3D@1.000,0.860,0.520	StreetIdShot/OrisonRoot/F01_BAR_STAGE_SIGN/@Node3D@5137/@MeshInstance3D@5146
0	232,248,184	MeshInstance3D	0.0x0.0x0.1	mat=StandardMaterial3D@0.300,0.310,0.300;mat=StandardMaterial3D@0.300,0.310,0.300	StreetIdShot/OrisonRoot/F01_BAR_STAGE_SIGN/@Node3D@5137/@MeshInstance3D@5147
0	248,248,184	MeshInstance3D	0.0x0.1x0.1	mat=StandardMaterial3D@0.740,0.720,0.660;mat=StandardMaterial3D@0.740,0.720,0.660	StreetIdShot/OrisonRoot/F01_BAR_STAGE_SIGN/@Node3D@5137/@MeshInstance3D@5148
0	8,8,200	MeshInstance3D	0.0x0.1x0.1	mat=StandardMaterial3D@0.740,0.720,0.660;mat=StandardMaterial3D@0.740,0.720,0.660	StreetIdShot/OrisonRoot/F01_BAR_STAGE_SIGN/@Node3D@5137/@MeshInstance3D@5149
0	24,8,200	MeshInstance3D	0.3x0.4x0.0	mat=StandardMaterial3D@1.000,0.860,0.520;mat=StandardMaterial3D@1.000,0.860,0.520	StreetIdShot/OrisonRoot/F01_BAR_STAGE_SIGN/@Node3D@5150/@MeshInstance3D@5151
0	40,8,200	MeshInstance3D	0.0x0.0x0.1	mat=StandardMaterial3D@0.300,0.310,0.300;mat=StandardMaterial3D@0.300,0.310,0.300	StreetIdShot/OrisonRoot/F01_BAR_STAGE_SIGN/@Node3D@5150/@MeshInstance3D@5152
0	56,8,200	MeshInstance3D	0.0x0.1x0.1	mat=StandardMaterial3D@0.740,0.720,0.660;mat=StandardMaterial3D@0.740,0.720,0.660	StreetIdShot/OrisonRoot/F01_BAR_STAGE_SIGN/@Node3D@5150/@MeshInstance3D@5153
0	72,8,200	MeshInstance3D	0.0x0.1x0.1	mat=StandardMaterial3D@0.740,0.720,0.660;mat=StandardMaterial3D@0.740,0.720,0.660	StreetIdShot/OrisonRoot/F01_BAR_STAGE_SIGN/@Node3D@5150/@MeshInstance3D@5154
0	88,8,200	MeshInstance3D	0.3x0.4x0.0	mat=StandardMaterial3D@1.000,0.860,0.520;mat=StandardMaterial3D@1.000,0.860,0.520	StreetIdShot/OrisonRoot/F01_BAR_STAGE_SIGN/@Node3D@5150/@MeshInstance3D@5155
0	104,8,200	MeshInstance3D	0.0x0.0x0.1	mat=StandardMaterial3D@0.300,0.310,0.300;mat=StandardMaterial3D@0.300,0.310,0.300	StreetIdShot/OrisonRoot/F01_BAR_STAGE_SIGN/@Node3D@5150/@MeshInstance3D@5156
0	120,8,200	MeshInstance3D	0.0x0.1x0.1	mat=StandardMaterial3D@0.740,0.720,0.660;mat=StandardMaterial3D@0.740,0.720,0.660	StreetIdShot/OrisonRoot/F01_BAR_STAGE_SIGN/@Node3D@5150/@MeshInstance3D@5157
0	136,8,200	MeshInstance3D	0.0x0.1x0.1	mat=StandardMaterial3D@0.740,0.720,0.660;mat=StandardMaterial3D@0.740,0.720,0.660	StreetIdShot/OrisonRoot/F01_BAR_STAGE_SIGN/@Node3D@5150/@MeshInstance3D@5158
0	152,8,200	MeshInstance3D	0.0x0.5x0.0	mat=StandardMaterial3D@1.000,0.860,0.520;mat=StandardMaterial3D@1.000,0.860,0.520	StreetIdShot/OrisonRoot/F01_BAR_STAGE_SIGN/@Node3D@5150/@MeshInstance3D@5159
0	168,8,200	MeshInstance3D	0.0x0.0x0.1	mat=StandardMaterial3D@0.300,0.310,0.300;mat=StandardMaterial3D@0.300,0.310,0.300	StreetIdShot/OrisonRoot/F01_BAR_STAGE_SIGN/@Node3D@5150/@MeshInstance3D@5160
0	184,8,200	MeshInstance3D	0.0x0.1x0.1	mat=StandardMaterial3D@0.740,0.720,0.660;mat=StandardMaterial3D@0.740,0.720,0.660	StreetIdShot/OrisonRoot/F01_BAR_STAGE_SIGN/@Node3D@5150/@MeshInstance3D@5161
0	200,8,200	MeshInstance3D	0.0x0.1x0.1	mat=StandardMaterial3D@0.740,0.720,0.660;mat=StandardMaterial3D@0.740,0.720,0.660	StreetIdShot/OrisonRoot/F01_BAR_STAGE_SIGN/@Node3D@5150/@MeshInstance3D@5162
0	216,8,200	MeshInstance3D	0.0x0.6x0.0	mat=StandardMaterial3D@1.000,0.860,0.520;mat=StandardMaterial3D@1.000,0.860,0.520	StreetIdShot/OrisonRoot/F01_BAR_STAGE_SIGN/@Node3D@5163/@MeshInstance3D@5164
0	232,8,200	MeshInstance3D	0.0x0.0x0.1	mat=StandardMaterial3D@0.300,0.310,0.300;mat=StandardMaterial3D@0.300,0.310,0.300	StreetIdShot/OrisonRoot/F01_BAR_STAGE_SIGN/@Node3D@5163/@MeshInstance3D@5165
0	248,8,200	MeshInstance3D	0.0x0.1x0.1	mat=StandardMaterial3D@0.740,0.720,0.660;mat=StandardMaterial3D@0.740,0.720,0.660	StreetIdShot/OrisonRoot/F01_BAR_STAGE_SIGN/@Node3D@5163/@MeshInstance3D@5166
0	8,24,200	MeshInstance3D	0.0x0.1x0.1	mat=StandardMaterial3D@0.740,0.720,0.660;mat=StandardMaterial3D@0.740,0.720,0.660	StreetIdShot/OrisonRoot/F01_BAR_STAGE_SIGN/@Node3D@5163/@MeshInstance3D@5167
0	24,24,200	MeshInstance3D	0.3x0.3x0.0	mat=StandardMaterial3D@1.000,0.860,0.520;mat=StandardMaterial3D@1.000,0.860,0.520	StreetIdShot/OrisonRoot/F01_BAR_STAGE_SIGN/@Node3D@5163/@MeshInstance3D@5168
0	40,24,200	MeshInstance3D	0.0x0.0x0.1	mat=StandardMaterial3D@0.300,0.310,0.300;mat=StandardMaterial3D@0.300,0.310,0.300	StreetIdShot/OrisonRoot/F01_BAR_STAGE_SIGN/@Node3D@5163/@MeshInstance3D@5169
0	56,24,200	MeshInstance3D	0.0x0.1x0.1	mat=StandardMaterial3D@0.740,0.720,0.660;mat=StandardMaterial3D@0.740,0.720,0.660	StreetIdShot/OrisonRoot/F01_BAR_STAGE_SIGN/@Node3D@5163/@MeshInstance3D@5170
0	72,24,200	MeshInstance3D	0.0x0.1x0.1	mat=StandardMaterial3D@0.740,0.720,0.660;mat=StandardMaterial3D@0.740,0.720,0.660	StreetIdShot/OrisonRoot/F01_BAR_STAGE_SIGN/@Node3D@5163/@MeshInstance3D@5171
0	88,24,200	MeshInstance3D	0.3x0.3x0.0	mat=StandardMaterial3D@1.000,0.860,0.520;mat=StandardMaterial3D@1.000,0.860,0.520	StreetIdShot/OrisonRoot/F01_BAR_STAGE_SIGN/@Node3D@5163/@MeshInstance3D@5172
0	104,24,200	MeshInstance3D	0.0x0.0x0.1	mat=StandardMaterial3D@0.300,0.310,0.300;mat=StandardMaterial3D@0.300,0.310,0.300	StreetIdShot/OrisonRoot/F01_BAR_STAGE_SIGN/@Node3D@5163/@MeshInstance3D@5173
0	120,24,200	MeshInstance3D	0.0x0.1x0.1	mat=StandardMaterial3D@0.740,0.720,0.660;mat=StandardMaterial3D@0.740,0.720,0.660	StreetIdShot/OrisonRoot/F01_BAR_STAGE_SIGN/@Node3D@5163/@MeshInstance3D@5174
0	136,24,200	MeshInstance3D	0.0x0.1x0.1	mat=StandardMaterial3D@0.740,0.720,0.660;mat=StandardMaterial3D@0.740,0.720,0.660	StreetIdShot/OrisonRoot/F01_BAR_STAGE_SIGN/@Node3D@5163/@MeshInstance3D@5175
0	152,24,200	MeshInstance3D	0.0x0.6x0.0	mat=StandardMaterial3D@1.000,0.860,0.520;mat=StandardMaterial3D@1.000,0.860,0.520	StreetIdShot/OrisonRoot/F01_BAR_STAGE_SIGN/@Node3D@5163/@MeshInstance3D@5176
0	168,24,200	MeshInstance3D	0.0x0.0x0.1	mat=StandardMaterial3D@0.300,0.310,0.300;mat=StandardMaterial3D@0.300,0.310,0.300	StreetIdShot/OrisonRoot/F01_BAR_STAGE_SIGN/@Node3D@5163/@MeshInstance3D@5177
0	184,24,200	MeshInstance3D	0.0x0.1x0.1	mat=StandardMaterial3D@0.740,0.720,0.660;mat=StandardMaterial3D@0.740,0.720,0.660	StreetIdShot/OrisonRoot/F01_BAR_STAGE_SIGN/@Node3D@5163/@MeshInstance3D@5178
0	200,24,200	MeshInstance3D	0.0x0.1x0.1	mat=StandardMaterial3D@0.740,0.720,0.660;mat=StandardMaterial3D@0.740,0.720,0.660	StreetIdShot/OrisonRoot/F01_BAR_STAGE_SIGN/@Node3D@5163/@MeshInstance3D@5179
0	216,24,200	MeshInstance3D	0.5x0.0x0.0	mat=StandardMaterial3D@1.000,0.860,0.520;mat=StandardMaterial3D@1.000,0.860,0.520	StreetIdShot/OrisonRoot/F01_BAR_STAGE_SIGN/@Node3D@5163/@MeshInstance3D@5180
0	232,24,200	MeshInstance3D	0.0x0.0x0.1	mat=StandardMaterial3D@0.300,0.310,0.300;mat=StandardMaterial3D@0.300,0.310,0.300	StreetIdShot/OrisonRoot/F01_BAR_STAGE_SIGN/@Node3D@5163/@MeshInstance3D@5181
0	248,24,200	MeshInstance3D	0.0x0.1x0.1	mat=StandardMaterial3D@0.740,0.720,0.660;mat=StandardMaterial3D@0.740,0.720,0.660	StreetIdShot/OrisonRoot/F01_BAR_STAGE_SIGN/@Node3D@5163/@MeshInstance3D@5182
0	8,40,200	MeshInstance3D	0.0x0.1x0.1	mat=StandardMaterial3D@0.740,0.720,0.660;mat=StandardMaterial3D@0.740,0.720,0.660	StreetIdShot/OrisonRoot/F01_BAR_STAGE_SIGN/@Node3D@5163/@MeshInstance3D@5183
0	24,40,200	MeshInstance3D	5.2x1.3x0.3	mat=StandardMaterial3D@0.055,0.055,0.062;mat=StandardMaterial3D@0.055,0.055,0.062	StreetIdShot/OrisonRoot/F01_BAR_STAGE_SIGN/@MeshInstance3D@5196
0	40,40,200	MeshInstance3D	5.3x1.7x0.4	mat=StandardMaterial3D@0.105,0.105,0.115;mat=StandardMaterial3D@0.105,0.105,0.115	StreetIdShot/OrisonRoot/F01_BAR_STAGE_SIGN/@MeshInstance3D@5197
0	56,40,200	MeshInstance3D	0.1x0.1x0.0	mat=StandardMaterial3D@0.420,0.360,0.200;mat=StandardMaterial3D@0.420,0.360,0.200	StreetIdShot/OrisonRoot/F01_BAR_STAGE_SIGN/@MeshInstance3D@5198
0	72,40,200	MeshInstance3D	0.0x0.3x0.1	mat=StandardMaterial3D@0.140,0.140,0.150;mat=StandardMaterial3D@0.140,0.140,0.150	StreetIdShot/OrisonRoot/F01_BAR_STAGE_SIGN/@MeshInstance3D@5199
0	88,40,200	MeshInstance3D	0.0x0.0x0.2	mat=StandardMaterial3D@0.160,0.160,0.170;mat=StandardMaterial3D@0.160,0.160,0.170	StreetIdShot/OrisonRoot/F01_BAR_STAGE_SIGN/@MeshInstance3D@5200
0	104,40,200	MeshInstance3D	0.0x0.0x0.0	mat=StandardMaterial3D@0.200,0.340,0.520;mat=StandardMaterial3D@0.200,0.340,0.520	StreetIdShot/OrisonRoot/F01_BAR_POOL/@MeshInstance3D@5202
0	120,40,200	MeshInstance3D	0.0x0.0x0.0	mat=StandardMaterial3D@0.140,0.240,0.400;mat=StandardMaterial3D@0.140,0.240,0.400	StreetIdShot/OrisonRoot/F01_BAR_POOL/@MeshInstance3D@5203
0	136,40,200	MeshInstance3D	0.1x0.1x0.1	mat=StandardMaterial3D@0.720,0.760,0.740;mat=StandardMaterial3D@0.720,0.760,0.740	StreetIdShot/OrisonRoot/F01_BAR_DARTS/@MeshInstance3D@5205
0	152,40,200	MeshInstance3D	0.0x0.2x0.0	mat=StandardMaterial3D@0.550,0.550,0.600;mat=StandardMaterial3D@0.550,0.550,0.600	StreetIdShot/OrisonRoot/F01_BAR_DARTS/@MeshInstance3D@5206
0	168,40,200	MeshInstance3D	0.0x0.2x0.0	mat=StandardMaterial3D@0.720,0.620,0.280;mat=StandardMaterial3D@0.720,0.620,0.280	StreetIdShot/OrisonRoot/F01_BAR_DARTS/@MeshInstance3D@5207
0	184,40,200	MeshInstance3D	0.0x0.2x0.0	mat=StandardMaterial3D@0.550,0.550,0.600;mat=StandardMaterial3D@0.550,0.550,0.600	StreetIdShot/OrisonRoot/F01_BAR_DARTS/@MeshInstance3D@5208
0	200,40,200	MeshInstance3D	0.0x0.0x0.0	mat=StandardMaterial3D@0.784,0.208,0.169;mat=StandardMaterial3D@0.784,0.208,0.169	StreetIdShot/OrisonRoot/F01_BAR_DARTS/@MeshInstance3D@5209
0	216,40,200	MeshInstance3D	0.0x0.0x0.0	mat=StandardMaterial3D@0.184,0.561,0.525;mat=StandardMaterial3D@0.184,0.561,0.525	StreetIdShot/OrisonRoot/F01_BAR_DARTS/@MeshInstance3D@5210
0	232,40,200	MeshInstance3D	0.0x0.0x0.0	mat=StandardMaterial3D@0.890,0.690,0.184;mat=StandardMaterial3D@0.890,0.690,0.184	StreetIdShot/OrisonRoot/F01_BAR_DARTS/@MeshInstance3D@5211
0	248,40,200	MeshInstance3D	0.0x0.4x0.0	mat=StandardMaterial3D@0.100,0.100,0.100;mat=StandardMaterial3D@0.100,0.100,0.100	StreetIdShot/OrisonRoot/F01_BAR_LT_DARTS/@Node3D@5213/@MeshInstance3D@5214
0	8,56,200	MeshInstance3D	0.1x0.1x0.1	mat=StandardMaterial3D@1.000,0.970,0.900;mat=StandardMaterial3D@1.000,0.970,0.900	StreetIdShot/OrisonRoot/F01_BAR_LT_DARTS/@Node3D@5213/bulb
0	24,56,200	MeshInstance3D	0.2x0.2x0.0	mat=StandardMaterial3D@0.460,0.460,0.500;mat=StandardMaterial3D@0.460,0.460,0.500	StreetIdShot/OrisonRoot/F01_BAR_LT_DARTS/@Node3D@5213/@MeshInstance3D@5215
0	40,56,200	MeshInstance3D	0.1x0.2x0.1	mat=StandardMaterial3D@0.460,0.460,0.500;mat=StandardMaterial3D@0.460,0.460,0.500	StreetIdShot/OrisonRoot/F01_BAR_LT_DARTS/@Node3D@5213/@MeshInstance3D@5216
0	56,56,200	MeshInstance3D	0.1x0.2x0.1	mat=StandardMaterial3D@0.460,0.460,0.500;mat=StandardMaterial3D@0.460,0.460,0.500	StreetIdShot/OrisonRoot/F01_BAR_LT_DARTS/@Node3D@5213/@MeshInstance3D@5217
0	72,56,200	MeshInstance3D	0.1x0.0x0.1	mat=StandardMaterial3D@0.460,0.460,0.500;mat=StandardMaterial3D@0.460,0.460,0.500	StreetIdShot/OrisonRoot/F01_BAR_LT_DARTS/@Node3D@5213/@MeshInstance3D@5218
0	88,56,200	MeshInstance3D	0.7x1.0x0.5	mat=StandardMaterial3D@0.960,0.940,0.860;mat=StandardMaterial3D@0.960,0.940,0.860	StreetIdShot/OrisonRoot/F01_BAR_WC_SINK_01/StaticFixture/@MeshInstance3D@5256
0	104,56,200	MeshInstance3D	0.2x1.0x0.3	mat=StandardMaterial3D@0.930,0.910,0.840;mat=StandardMaterial3D@0.930,0.910,0.840	StreetIdShot/OrisonRoot/F01_BAR_WC_SINK_01/StaticFixture/@MeshInstance3D@5257
0	120,56,200	MeshInstance3D	0.1x0.0x0.1	mat=StandardMaterial3D@0.330,0.320,0.290;mat=StandardMaterial3D@0.330,0.320,0.290	StreetIdShot/OrisonRoot/F01_BAR_WC_SINK_01/StaticFixture/@MeshInstance3D@5258
0	136,56,200	MeshInstance3D	0.1x0.0x0.0	mat=StandardMaterial3D@0.790,0.760,0.650;mat=StandardMaterial3D@0.790,0.760,0.650	StreetIdShot/OrisonRoot/F01_BAR_WC_SINK_01/StaticFixture/@MeshInstance3D@5259
0	152,56,200	MeshInstance3D	0.1x0.1x0.1	mat=StandardMaterial3D@0.930,0.910,0.840;mat=StandardMaterial3D@0.930,0.910,0.840	StreetIdShot/OrisonRoot/F01_BAR_WC_SINK_01/HotValve/@MeshInstance3D@5260
0	168,56,200	MeshInstance3D	0.0x0.0x0.0	mat=StandardMaterial3D@0.780,0.680,0.440;mat=StandardMaterial3D@0.780,0.680,0.440	StreetIdShot/OrisonRoot/F01_BAR_WC_SINK_01/HotValve/@MeshInstance3D@5261
0	184,56,200	MeshInstance3D	0.1x0.1x0.1	mat=StandardMaterial3D@0.930,0.910,0.840;mat=StandardMaterial3D@0.930,0.910,0.840	StreetIdShot/OrisonRoot/F01_BAR_WC_SINK_01/ColdValve/@MeshInstance3D@5262
0	200,56,200	MeshInstance3D	0.0x0.0x0.0	mat=StandardMaterial3D@0.780,0.680,0.440;mat=StandardMaterial3D@0.780,0.680,0.440	StreetIdShot/OrisonRoot/F01_BAR_WC_SINK_01/ColdValve/@MeshInstance3D@5263
0	216,56,200	MeshInstance3D	0.1x0.0x0.1	mat=StandardMaterial3D@0.930,0.910,0.840;mat=StandardMaterial3D@0.930,0.910,0.840	StreetIdShot/OrisonRoot/F01_BAR_WC_SINK_01/Stopper/@MeshInstance3D@5252
0	232,56,200	MeshInstance3D	0.7x2.0x0.1	mat=StandardMaterial3D@0.480,0.500,0.470;mat=StandardMaterial3D@0.480,0.500,0.470	StreetIdShot/OrisonRoot/F01_BAR_WC_DOOR/HingedLeaf/@MeshInstance3D@5281
0	248,56,200	MeshInstance3D	0.6x1.7x0.0	mat=StandardMaterial3D@0.360,0.350,0.320;mat=StandardMaterial3D@0.360,0.350,0.320	StreetIdShot/OrisonRoot/F01_BAR_WC_DOOR/HingedLeaf/@MeshInstance3D@5282
0	8,72,200	MeshInstance3D	0.1x0.2x0.2	mat=StandardMaterial3D@0.640,0.580,0.430;mat=StandardMaterial3D@0.640,0.580,0.430	StreetIdShot/OrisonRoot/F01_BAR_WC_DOOR/HingedLeaf/@MeshInstance3D@5283
0	24,72,200	MeshInstance3D	0.7x1.8x0.1	mat=StandardMaterial3D@0.380,0.370,0.340;mat=StandardMaterial3D@0.380,0.370,0.340	StreetIdShot/OrisonRoot/F01_BAR_WC_DOOR/FixedIronmongery/@MeshInstance3D@5284
0	40,72,200	MeshInstance3D	0.9x2.1x0.2	mat=StandardMaterial3D@0.420,0.300,0.200;mat=StandardMaterial3D@0.420,0.300,0.200	StreetIdShot/OrisonRoot/F01_BAR_DOOR/HingedLeaf/@MeshInstance3D@5304
0	56,72,200	MeshInstance3D	0.1x0.4x0.2	mat=StandardMaterial3D@0.800,0.700,0.470;mat=StandardMaterial3D@0.800,0.700,0.470	StreetIdShot/OrisonRoot/F01_BAR_DOOR/HingedLeaf/@MeshInstance3D@5306
0	72,72,200	MeshInstance3D	0.9x1.9x0.1	mat=StandardMaterial3D@0.580,0.520,0.390;mat=StandardMaterial3D@0.580,0.520,0.390	StreetIdShot/OrisonRoot/F01_BAR_DOOR/FixedIronmongery/@MeshInstance3D@5307
0	88,72,200	MeshInstance3D	0.1x2.0x0.9	mat=StandardMaterial3D@0.480,0.500,0.470;mat=StandardMaterial3D@0.480,0.500,0.470	StreetIdShot/OrisonRoot/F01_BAR_RED_DOOR/HingedLeaf/@MeshInstance3D@5325
0	104,72,200	MeshInstance3D	0.0x1.8x0.8	mat=StandardMaterial3D@0.360,0.350,0.320;mat=StandardMaterial3D@0.360,0.350,0.320	StreetIdShot/OrisonRoot/F01_BAR_RED_DOOR/HingedLeaf/@MeshInstance3D@5326
0	120,72,200	MeshInstance3D	0.2x0.2x0.1	mat=StandardMaterial3D@0.640,0.580,0.430;mat=StandardMaterial3D@0.640,0.580,0.430	StreetIdShot/OrisonRoot/F01_BAR_RED_DOOR/HingedLeaf/@MeshInstance3D@5327
0	136,72,200	MeshInstance3D	0.1x1.8x0.9	mat=StandardMaterial3D@0.380,0.370,0.340;mat=StandardMaterial3D@0.380,0.370,0.340	StreetIdShot/OrisonRoot/F01_BAR_RED_DOOR/FixedIronmongery/@MeshInstance3D@5328
0	152,72,200	MeshInstance3D	0.3x0.1x0.6	mat=StandardMaterial3D@0.235,0.150,0.090;mat=StandardMaterial3D@0.235,0.150,0.090	StreetIdShot/OrisonRoot/F01_BAR_SONGBOOK/@MeshInstance3D@5331
0	168,72,200	MeshInstance3D	0.4x0.0x0.7	mat=StandardMaterial3D@0.312,0.235,0.181;mat=StandardMaterial3D@0.312,0.235,0.181	StreetIdShot/OrisonRoot/F01_BAR_SONGBOOK/@MeshInstance3D@5332
0	184,72,200	MeshInstance3D	0.1x0.0x0.1	mat=StandardMaterial3D@0.175,0.180,0.186;mat=StandardMaterial3D@0.175,0.180,0.186	StreetIdShot/OrisonRoot/F01_BAR_SONGBOOK/@MeshInstance3D@5333
0	200,72,200	MeshInstance3D	0.1x0.0x0.1	mat=StandardMaterial3D@0.175,0.180,0.186;mat=StandardMaterial3D@0.175,0.180,0.186	StreetIdShot/OrisonRoot/F01_BAR_SONGBOOK/@MeshInstance3D@5334
0	216,72,200	MeshInstance3D	0.3x0.3x0.3	mat=StandardMaterial3D@0.211,0.135,0.081;mat=StandardMaterial3D@0.211,0.135,0.081	StreetIdShot/OrisonRoot/F01_BAR_SONGBOOK/@MeshInstance3D@5335
0	232,72,200	MeshInstance3D	0.2x0.2x0.0	mat=StandardMaterial3D@0.175,0.180,0.186;mat=StandardMaterial3D@0.175,0.180,0.186	StreetIdShot/OrisonRoot/F01_BAR_SONGBOOK/@MeshInstance3D@5336
0	248,72,200	MeshInstance3D	0.3x0.3x0.0	mat=StandardMaterial3D@0.175,0.180,0.186;mat=StandardMaterial3D@0.175,0.180,0.186	StreetIdShot/OrisonRoot/F01_BAR_SONGBOOK/@MeshInstance3D@5337
0	8,88,200	MeshInstance3D	0.2x0.2x0.0	mat=StandardMaterial3D@0.175,0.180,0.186;mat=StandardMaterial3D@0.175,0.180,0.186	StreetIdShot/OrisonRoot/F01_BAR_SONGBOOK/@MeshInstance3D@5338
0	24,88,200	MeshInstance3D	0.1x0.0x0.1	mat=StandardMaterial3D@0.520,0.410,0.190;mat=StandardMaterial3D@0.520,0.410,0.190	StreetIdShot/OrisonRoot/F01_BAR_SONGBOOK/@MeshInstance3D@5339
0	40,88,200	MeshInstance3D	0.1x0.1x0.0	mat=StandardMaterial3D@0.720,0.680,0.580;mat=StandardMaterial3D@0.720,0.680,0.580	StreetIdShot/OrisonRoot/F01_BAR_SONGBOOK/@MeshInstance3D@5340
0	56,88,200	MeshInstance3D	0.0x0.0x0.1	mat=StandardMaterial3D@0.620,0.580,0.440;mat=StandardMaterial3D@0.620,0.580,0.440	StreetIdShot/OrisonRoot/F01_BAR_SONGBOOK/@MeshInstance3D@5341
0	72,88,200	MeshInstance3D	0.2x0.2x0.1	mat=StandardMaterial3D@0.035,0.033,0.032;mat=StandardMaterial3D@0.035,0.033,0.032	StreetIdShot/OrisonRoot/F01_BAR_SONGBOOK/@MeshInstance3D@5342
0	88,88,200	MeshInstance3D	0.3x0.0x0.0	mat=StandardMaterial3D@0.520,0.410,0.190;mat=StandardMaterial3D@0.520,0.410,0.190	StreetIdShot/OrisonRoot/F01_BAR_SONGBOOK/@MeshInstance3D@5343
0	104,88,200	MeshInstance3D	0.0x0.0x0.3	mat=StandardMaterial3D@0.175,0.180,0.186;mat=StandardMaterial3D@0.175,0.180,0.186	StreetIdShot/OrisonRoot/F01_BAR_SONGBOOK/@MeshInstance3D@5344
0	120,88,200	MeshInstance3D	0.0x0.0x0.3	mat=StandardMaterial3D@0.520,0.410,0.190;mat=StandardMaterial3D@0.520,0.410,0.190	StreetIdShot/OrisonRoot/F01_BAR_SONGBOOK/@MeshInstance3D@5345
0	136,88,200	MeshInstance3D	0.0x0.0x0.0	mat=StandardMaterial3D@0.520,0.410,0.190;mat=StandardMaterial3D@0.520,0.410,0.190	StreetIdShot/OrisonRoot/F01_BAR_SONGBOOK/@MeshInstance3D@5346
0	152,88,200	MeshInstance3D	0.0x0.1x0.0	mat=StandardMaterial3D@0.175,0.180,0.186;mat=StandardMaterial3D@0.175,0.180,0.186	StreetIdShot/OrisonRoot/F01_BAR_SONGBOOK/@MeshInstance3D@5347
0	168,88,200	MeshInstance3D	0.0x0.0x0.0	mat=StandardMaterial3D@0.235,0.150,0.090;mat=StandardMaterial3D@0.235,0.150,0.090	StreetIdShot/OrisonRoot/F01_BAR_SONGBOOK/@MeshInstance3D@5348
0	184,88,200	MeshInstance3D	0.0x0.0x0.1	mat=StandardMaterial3D@0.520,0.410,0.190;mat=StandardMaterial3D@0.520,0.410,0.190	StreetIdShot/OrisonRoot/F01_BAR_SONGBOOK/@MeshInstance3D@5349
0	200,88,200	MeshInstance3D	2.4x0.6x0.0	mat=StandardMaterial3D@0.150,0.115,0.085;mat=StandardMaterial3D@0.150,0.115,0.085	StreetIdShot/OrisonRoot/F01_BAR_SIGNAGE/@MeshInstance3D@5352
0	216,88,200	MeshInstance3D	0.3x0.0x0.0	mat=StandardMaterial3D@0.850,0.820,0.720;mat=StandardMaterial3D@0.850,0.820,0.720	StreetIdShot/OrisonRoot/F01_BAR_SIGNAGE/@MeshInstance3D@5353
0	232,88,200	MeshInstance3D	0.4x0.0x0.0	mat=StandardMaterial3D@0.850,0.820,0.720;mat=StandardMaterial3D@0.850,0.820,0.720	StreetIdShot/OrisonRoot/F01_BAR_SIGNAGE/@MeshInstance3D@5354
0	248,88,200	MeshInstance3D	0.4x0.0x0.0	mat=StandardMaterial3D@0.850,0.820,0.720;mat=StandardMaterial3D@0.850,0.820,0.720	StreetIdShot/OrisonRoot/F01_BAR_SIGNAGE/@MeshInstance3D@5355
0	8,104,200	MeshInstance3D	0.2x0.2x0.0	mat=StandardMaterial3D@0.850,0.820,0.720;mat=StandardMaterial3D@0.850,0.820,0.720	StreetIdShot/OrisonRoot/F01_BAR_SIGNAGE/@MeshInstance3D@5356
0	24,104,200	MeshInstance3D	0.2x0.2x0.0	mat=StandardMaterial3D@0.850,0.820,0.720;mat=StandardMaterial3D@0.850,0.820,0.720	StreetIdShot/OrisonRoot/F01_BAR_SIGNAGE/@MeshInstance3D@5357
0	40,104,200	MeshInstance3D	0.2x0.0x0.0	mat=StandardMaterial3D@0.850,0.820,0.720;mat=StandardMaterial3D@0.850,0.820,0.720	StreetIdShot/OrisonRoot/F01_BAR_SIGNAGE/@MeshInstance3D@5358
0	56,104,200	MeshInstance3D	0.0x0.1x0.0	mat=StandardMaterial3D@0.850,0.820,0.720;mat=StandardMaterial3D@0.850,0.820,0.720	StreetIdShot/OrisonRoot/F01_BAR_SIGNAGE/@MeshInstance3D@5359
0	72,104,200	MeshInstance3D	0.0x0.1x0.0	mat=StandardMaterial3D@0.850,0.820,0.720;mat=StandardMaterial3D@0.850,0.820,0.720	StreetIdShot/OrisonRoot/F01_BAR_SIGNAGE/@MeshInstance3D@5360
0	88,104,200	MeshInstance3D	0.2x0.0x0.0	mat=StandardMaterial3D@0.850,0.820,0.720;mat=StandardMaterial3D@0.850,0.820,0.720	StreetIdShot/OrisonRoot/F01_BAR_SIGNAGE/@MeshInstance3D@5361
0	104,104,200	MeshInstance3D	0.2x0.0x0.0	mat=StandardMaterial3D@0.850,0.820,0.720;mat=StandardMaterial3D@0.850,0.820,0.720	StreetIdShot/OrisonRoot/F01_BAR_SIGNAGE/@MeshInstance3D@5362
0	120,104,200	MeshInstance3D	0.0x0.4x0.0	mat=StandardMaterial3D@0.850,0.820,0.720;mat=StandardMaterial3D@0.850,0.820,0.720	StreetIdShot/OrisonRoot/F01_BAR_SIGNAGE/@MeshInstance3D@5363
0	136,104,200	MeshInstance3D	0.4x0.0x0.0	mat=StandardMaterial3D@0.850,0.820,0.720;mat=StandardMaterial3D@0.850,0.820,0.720	StreetIdShot/OrisonRoot/F01_BAR_SIGNAGE/@MeshInstance3D@5364
0	152,104,200	MeshInstance3D	0.2x0.2x0.0	mat=StandardMaterial3D@0.850,0.820,0.720;mat=StandardMaterial3D@0.850,0.820,0.720	StreetIdShot/OrisonRoot/F01_BAR_SIGNAGE/@MeshInstance3D@5365
0	168,104,200	MeshInstance3D	0.2x0.2x0.0	mat=StandardMaterial3D@0.850,0.820,0.720;mat=StandardMaterial3D@0.850,0.820,0.720	StreetIdShot/OrisonRoot/F01_BAR_SIGNAGE/@MeshInstance3D@5366
0	184,104,200	MeshInstance3D	0.4x0.0x0.0	mat=StandardMaterial3D@0.850,0.820,0.720;mat=StandardMaterial3D@0.850,0.820,0.720	StreetIdShot/OrisonRoot/F01_BAR_SIGNAGE/@MeshInstance3D@5367
0	200,104,200	MeshInstance3D	0.0x0.1x0.0	mat=StandardMaterial3D@0.850,0.820,0.720;mat=StandardMaterial3D@0.850,0.820,0.720	StreetIdShot/OrisonRoot/F01_BAR_SIGNAGE/@MeshInstance3D@5368
0	216,104,200	MeshInstance3D	0.4x0.0x0.0	mat=StandardMaterial3D@0.850,0.820,0.720;mat=StandardMaterial3D@0.850,0.820,0.720	StreetIdShot/OrisonRoot/F01_BAR_SIGNAGE/@MeshInstance3D@5369
0	232,104,200	MeshInstance3D	0.0x0.3x0.0	mat=StandardMaterial3D@0.850,0.820,0.720;mat=StandardMaterial3D@0.850,0.820,0.720	StreetIdShot/OrisonRoot/F01_BAR_SIGNAGE/@MeshInstance3D@5370
0	248,104,200	MeshInstance3D	0.1x0.1x0.0	mat=StandardMaterial3D@0.850,0.820,0.720;mat=StandardMaterial3D@0.850,0.820,0.720	StreetIdShot/OrisonRoot/F01_BAR_SIGNAGE/@MeshInstance3D@5371
0	8,120,200	MeshInstance3D	0.2x0.0x0.0	mat=StandardMaterial3D@0.850,0.820,0.720;mat=StandardMaterial3D@0.850,0.820,0.720	StreetIdShot/OrisonRoot/F01_BAR_SIGNAGE/@MeshInstance3D@5372
0	24,120,200	MeshInstance3D	0.2x0.0x0.0	mat=StandardMaterial3D@0.850,0.820,0.720;mat=StandardMaterial3D@0.850,0.820,0.720	StreetIdShot/OrisonRoot/F01_BAR_SIGNAGE/@MeshInstance3D@5373
0	40,120,200	MeshInstance3D	0.0x0.2x0.0	mat=StandardMaterial3D@0.850,0.820,0.720;mat=StandardMaterial3D@0.850,0.820,0.720	StreetIdShot/OrisonRoot/F01_BAR_SIGNAGE/@MeshInstance3D@5374
0	56,120,200	MeshInstance3D	0.3x0.0x0.0	mat=StandardMaterial3D@0.850,0.820,0.720;mat=StandardMaterial3D@0.850,0.820,0.720	StreetIdShot/OrisonRoot/F01_BAR_SIGNAGE/@MeshInstance3D@5375
0	72,120,200	MeshInstance3D	0.0x0.1x0.0	mat=StandardMaterial3D@0.120,0.120,0.130;mat=StandardMaterial3D@0.120,0.120,0.130	StreetIdShot/OrisonRoot/F01_BAR_SIGNAGE/@MeshInstance3D@5377
0	88,120,200	MeshInstance3D	0.0x0.0x0.4	mat=StandardMaterial3D@0.120,0.120,0.130;mat=StandardMaterial3D@0.120,0.120,0.130	StreetIdShot/OrisonRoot/F01_BAR_SIGNAGE/@MeshInstance3D@5378
0	104,120,200	MeshInstance3D	0.2x0.1x0.2	mat=StandardMaterial3D@0.100,0.110,0.120;mat=StandardMaterial3D@0.100,0.110,0.120	StreetIdShot/OrisonRoot/F01_BAR_SIGNAGE/@MeshInstance3D@5379
0	120,120,200	MeshInstance3D	0.0x0.0x0.0	mat=StandardMaterial3D@0.950,0.850,0.620;mat=StandardMaterial3D@0.950,0.850,0.620	StreetIdShot/OrisonRoot/F01_BAR_SIGNAGE/@MeshInstance3D@5380
0	136,120,200	MeshInstance3D	0.0x0.1x0.0	mat=StandardMaterial3D@0.120,0.120,0.130;mat=StandardMaterial3D@0.120,0.120,0.130	StreetIdShot/OrisonRoot/F01_BAR_SIGNAGE/@MeshInstance3D@5382
0	152,120,200	MeshInstance3D	0.0x0.0x0.4	mat=StandardMaterial3D@0.120,0.120,0.130;mat=StandardMaterial3D@0.120,0.120,0.130	StreetIdShot/OrisonRoot/F01_BAR_SIGNAGE/@MeshInstance3D@5383
0	168,120,200	MeshInstance3D	0.2x0.1x0.2	mat=StandardMaterial3D@0.100,0.110,0.120;mat=StandardMaterial3D@0.100,0.110,0.120	StreetIdShot/OrisonRoot/F01_BAR_SIGNAGE/@MeshInstance3D@5384
0	184,120,200	MeshInstance3D	0.0x0.0x0.0	mat=StandardMaterial3D@0.950,0.850,0.620;mat=StandardMaterial3D@0.950,0.850,0.620	StreetIdShot/OrisonRoot/F01_BAR_SIGNAGE/@MeshInstance3D@5385
0	200,120,200	MeshInstance3D	0.0x0.0x0.4	mat=StandardMaterial3D@0.130,0.120,0.110;mat=StandardMaterial3D@0.130,0.120,0.110	StreetIdShot/OrisonRoot/F01_BAR_SIGNAGE/@MeshInstance3D@5387
0	216,120,200	MeshInstance3D	0.0x0.2x0.0	mat=StandardMaterial3D@0.100,0.090,0.080;mat=StandardMaterial3D@0.100,0.090,0.080	StreetIdShot/OrisonRoot/F01_BAR_SIGNAGE/@Node3D@5388/@MeshInstance3D@5389
0	232,120,200	MeshInstance3D	0.2x0.1x0.2	mat=StandardMaterial3D@0.080,0.070,0.060;mat=StandardMaterial3D@0.080,0.070,0.060	StreetIdShot/OrisonRoot/F01_BAR_SIGNAGE/@Node3D@5388/@MeshInstance3D@5390
0	248,120,200	MeshInstance3D	0.4x0.6x0.4	mat=StandardMaterial3D@0.720,0.140,0.080;mat=StandardMaterial3D@0.720,0.140,0.080	StreetIdShot/OrisonRoot/F01_BAR_SIGNAGE/@Node3D@5388/@MeshInstance3D@5391
0	8,136,200	MeshInstance3D	0.2x0.1x0.2	mat=StandardMaterial3D@0.080,0.070,0.060;mat=StandardMaterial3D@0.080,0.070,0.060	StreetIdShot/OrisonRoot/F01_BAR_SIGNAGE/@Node3D@5388/@MeshInstance3D@5392
0	24,136,200	MeshInstance3D	0.3x0.8x0.0	mat=StandardMaterial3D@0.100,0.100,0.110;mat=StandardMaterial3D@0.100,0.100,0.110	StreetIdShot/OrisonRoot/F01_BAR_SIGNAGE/@MeshInstance3D@5394
0	40,136,200	MeshInstance3D	0.1x0.1x0.1	mat=StandardMaterial3D@0.950,0.800,0.550;mat=StandardMaterial3D@0.950,0.800,0.550	StreetIdShot/OrisonRoot/F01_BAR_SIGNAGE/@MeshInstance3D@5395
0	56,136,200	MeshInstance3D	0.1x0.1x0.1	mat=StandardMaterial3D@0.350,0.330,0.300;mat=StandardMaterial3D@0.350,0.330,0.300	StreetIdShot/OrisonRoot/F01_BAR_SIGNAGE/@MeshInstance3D@5396
0	72,136,200	MeshInstance3D	0.1x0.1x0.1	mat=StandardMaterial3D@0.950,0.800,0.550;mat=StandardMaterial3D@0.950,0.800,0.550	StreetIdShot/OrisonRoot/F01_BAR_SIGNAGE/@MeshInstance3D@5397
0	88,136,200	MeshInstance3D	0.1x0.1x0.1	mat=StandardMaterial3D@0.950,0.800,0.550;mat=StandardMaterial3D@0.950,0.800,0.550	StreetIdShot/OrisonRoot/F01_BAR_SIGNAGE/@MeshInstance3D@5398
0	104,136,200	MeshInstance3D	0.1x0.1x0.1	mat=StandardMaterial3D@0.950,0.800,0.550;mat=StandardMaterial3D@0.950,0.800,0.550	StreetIdShot/OrisonRoot/F01_BAR_SIGNAGE/@MeshInstance3D@5399
0	120,136,200	MeshInstance3D	0.1x0.1x0.1	mat=StandardMaterial3D@0.350,0.330,0.300;mat=StandardMaterial3D@0.350,0.330,0.300	StreetIdShot/OrisonRoot/F01_BAR_SIGNAGE/@MeshInstance3D@5400
0	136,136,200	MeshInstance3D	0.1x0.1x0.1	mat=StandardMaterial3D@0.950,0.800,0.550;mat=StandardMaterial3D@0.950,0.800,0.550	StreetIdShot/OrisonRoot/F01_BAR_SIGNAGE/@MeshInstance3D@5401
0	152,136,200	MeshInstance3D	0.0x0.4x0.0	mat=StandardMaterial3D@0.100,0.100,0.100;mat=StandardMaterial3D@0.100,0.100,0.100	StreetIdShot/OrisonRoot/F01_BAR_LT_LOBBY/@Node3D@5403/@MeshInstance3D@5404
0	168,136,200	MeshInstance3D	0.1x0.1x0.1	mat=StandardMaterial3D@1.000,0.970,0.900;mat=StandardMaterial3D@1.000,0.970,0.900	StreetIdShot/OrisonRoot/F01_BAR_LT_LOBBY/@Node3D@5403/bulb
0	184,136,200	MeshInstance3D	0.2x0.2x0.0	mat=StandardMaterial3D@0.460,0.460,0.500;mat=StandardMaterial3D@0.460,0.460,0.500	StreetIdShot/OrisonRoot/F01_BAR_LT_LOBBY/@Node3D@5403/@MeshInstance3D@5405
0	200,136,200	MeshInstance3D	0.1x0.2x0.1	mat=StandardMaterial3D@0.460,0.460,0.500;mat=StandardMaterial3D@0.460,0.460,0.500	StreetIdShot/OrisonRoot/F01_BAR_LT_LOBBY/@Node3D@5403/@MeshInstance3D@5406
0	216,136,200	MeshInstance3D	0.1x0.2x0.1	mat=StandardMaterial3D@0.460,0.460,0.500;mat=StandardMaterial3D@0.460,0.460,0.500	StreetIdShot/OrisonRoot/F01_BAR_LT_LOBBY/@Node3D@5403/@MeshInstance3D@5407
0	232,136,200	MeshInstance3D	0.1x0.0x0.1	mat=StandardMaterial3D@0.460,0.460,0.500;mat=StandardMaterial3D@0.460,0.460,0.500	StreetIdShot/OrisonRoot/F01_BAR_LT_LOBBY/@Node3D@5403/@MeshInstance3D@5408
0	248,136,200	MeshInstance3D	0.0x0.4x0.0	mat=StandardMaterial3D@0.100,0.100,0.100;mat=StandardMaterial3D@0.100,0.100,0.100	StreetIdShot/OrisonRoot/F01_BAR_LT_STAIR/@Node3D@5412/@MeshInstance3D@5413
0	8,152,200	MeshInstance3D	0.1x0.1x0.1	mat=StandardMaterial3D@1.000,0.970,0.900;mat=StandardMaterial3D@1.000,0.970,0.900	StreetIdShot/OrisonRoot/F01_BAR_LT_STAIR/@Node3D@5412/bulb
0	24,152,200	MeshInstance3D	0.2x0.2x0.0	mat=StandardMaterial3D@0.460,0.460,0.500;mat=StandardMaterial3D@0.460,0.460,0.500	StreetIdShot/OrisonRoot/F01_BAR_LT_STAIR/@Node3D@5412/@MeshInstance3D@5414
0	40,152,200	MeshInstance3D	0.1x0.2x0.1	mat=StandardMaterial3D@0.460,0.460,0.500;mat=StandardMaterial3D@0.460,0.460,0.500	StreetIdShot/OrisonRoot/F01_BAR_LT_STAIR/@Node3D@5412/@MeshInstance3D@5415
0	56,152,200	MeshInstance3D	0.1x0.2x0.1	mat=StandardMaterial3D@0.460,0.460,0.500;mat=StandardMaterial3D@0.460,0.460,0.500	StreetIdShot/OrisonRoot/F01_BAR_LT_STAIR/@Node3D@5412/@MeshInstance3D@5416
0	72,152,200	MeshInstance3D	0.1x0.0x0.1	mat=StandardMaterial3D@0.460,0.460,0.500;mat=StandardMaterial3D@0.460,0.460,0.500	StreetIdShot/OrisonRoot/F01_BAR_LT_STAIR/@Node3D@5412/@MeshInstance3D@5417
0	88,152,200	MeshInstance3D	0.1x0.0x0.7	mat=StandardMaterial3D@1.000,1.000,1.000;mat=StandardMaterial3D@1.000,1.000,1.000	StreetIdShot/OrisonRoot/F01_BAR_LT_CAN0/@Node3D@5421/@MeshInstance3D@5422
0	104,152,200	MeshInstance3D	0.0x0.0x0.6	mat=StandardMaterial3D@1.000,0.970,0.900;mat=StandardMaterial3D@1.000,0.970,0.900	StreetIdShot/OrisonRoot/F01_BAR_LT_CAN0/@Node3D@5421/bulb_tube
0	120,152,200	MeshInstance3D	0.1x0.0x0.7	mat=StandardMaterial3D@1.000,1.000,1.000;mat=StandardMaterial3D@1.000,1.000,1.000	StreetIdShot/OrisonRoot/F01_BAR_LT_CAN1/@Node3D@5427/@MeshInstance3D@5428
0	136,152,200	MeshInstance3D	0.0x0.0x0.6	mat=StandardMaterial3D@1.000,0.970,0.900;mat=StandardMaterial3D@1.000,0.970,0.900	StreetIdShot/OrisonRoot/F01_BAR_LT_CAN1/@Node3D@5427/bulb_tube
0	152,152,200	MeshInstance3D	0.0x0.5x0.0	mat=StandardMaterial3D@0.150,0.140,0.130;mat=StandardMaterial3D@0.150,0.140,0.130	StreetIdShot/OrisonRoot/F01_BAR_LT_POOL/@Node3D@5433/@MeshInstance3D@5434
0	168,152,200	MeshInstance3D	0.4x0.2x0.5	mat=StandardMaterial3D@0.970,0.900,0.800;mat=StandardMaterial3D@0.970,0.900,0.800	StreetIdShot/OrisonRoot/F01_BAR_LT_POOL/@Node3D@5433/@MeshInstance3D@5435
0	184,152,200	MeshInstance3D	0.4x0.0x0.4	mat=StandardMaterial3D@1.000,0.970,0.900;mat=StandardMaterial3D@1.000,0.970,0.900	StreetIdShot/OrisonRoot/F01_BAR_LT_POOL/@Node3D@5433/bulb_diffuser
0	200,152,200	MeshInstance3D	0.1x0.1x0.1	mat=StandardMaterial3D@1.000,0.970,0.900;mat=StandardMaterial3D@1.000,0.970,0.900	StreetIdShot/OrisonRoot/F01_BAR_LT_POOL/@Node3D@5433/bulb
0	216,152,200	MeshInstance3D	0.0x0.5x0.0	mat=StandardMaterial3D@0.150,0.140,0.130;mat=StandardMaterial3D@0.150,0.140,0.130	StreetIdShot/OrisonRoot/F01_BAR_LT_TAB0/@Node3D@5441/@MeshInstance3D@5442
0	232,152,200	MeshInstance3D	0.4x0.2x0.5	mat=StandardMaterial3D@0.970,0.900,0.800;mat=StandardMaterial3D@0.970,0.900,0.800	StreetIdShot/OrisonRoot/F01_BAR_LT_TAB0/@Node3D@5441/@MeshInstance3D@5443
0	248,152,200	MeshInstance3D	0.4x0.0x0.4	mat=StandardMaterial3D@1.000,0.970,0.900;mat=StandardMaterial3D@1.000,0.970,0.900	StreetIdShot/OrisonRoot/F01_BAR_LT_TAB0/@Node3D@5441/bulb_diffuser
0	8,168,200	MeshInstance3D	0.1x0.1x0.1	mat=StandardMaterial3D@1.000,0.970,0.900;mat=StandardMaterial3D@1.000,0.970,0.900	StreetIdShot/OrisonRoot/F01_BAR_LT_TAB0/@Node3D@5441/bulb
0	24,168,200	MeshInstance3D	0.0x0.5x0.0	mat=StandardMaterial3D@0.150,0.140,0.130;mat=StandardMaterial3D@0.150,0.140,0.130	StreetIdShot/OrisonRoot/F01_BAR_LT_TAB1/@Node3D@5449/@MeshInstance3D@5450
0	40,168,200	MeshInstance3D	0.4x0.2x0.5	mat=StandardMaterial3D@0.970,0.900,0.800;mat=StandardMaterial3D@0.970,0.900,0.800	StreetIdShot/OrisonRoot/F01_BAR_LT_TAB1/@Node3D@5449/@MeshInstance3D@5451
0	56,168,200	MeshInstance3D	0.4x0.0x0.4	mat=StandardMaterial3D@1.000,0.970,0.900;mat=StandardMaterial3D@1.000,0.970,0.900	StreetIdShot/OrisonRoot/F01_BAR_LT_TAB1/@Node3D@5449/bulb_diffuser
0	72,168,200	MeshInstance3D	0.1x0.1x0.1	mat=StandardMaterial3D@1.000,0.970,0.900;mat=StandardMaterial3D@1.000,0.970,0.900	StreetIdShot/OrisonRoot/F01_BAR_LT_TAB1/@Node3D@5449/bulb
0	88,168,200	MeshInstance3D	0.0x0.5x0.0	mat=StandardMaterial3D@0.150,0.140,0.130;mat=StandardMaterial3D@0.150,0.140,0.130	StreetIdShot/OrisonRoot/F01_BAR_LT_TAB2/@Node3D@5457/@MeshInstance3D@5458
0	104,168,200	MeshInstance3D	0.4x0.2x0.5	mat=StandardMaterial3D@0.970,0.900,0.800;mat=StandardMaterial3D@0.970,0.900,0.800	StreetIdShot/OrisonRoot/F01_BAR_LT_TAB2/@Node3D@5457/@MeshInstance3D@5459
0	120,168,200	MeshInstance3D	0.4x0.0x0.4	mat=StandardMaterial3D@1.000,0.970,0.900;mat=StandardMaterial3D@1.000,0.970,0.900	StreetIdShot/OrisonRoot/F01_BAR_LT_TAB2/@Node3D@5457/bulb_diffuser
0	136,168,200	MeshInstance3D	0.1x0.1x0.1	mat=StandardMaterial3D@1.000,0.970,0.900;mat=StandardMaterial3D@1.000,0.970,0.900	StreetIdShot/OrisonRoot/F01_BAR_LT_TAB2/@Node3D@5457/bulb
0	152,168,200	MeshInstance3D	0.0x0.4x0.0	mat=StandardMaterial3D@0.100,0.100,0.100;mat=StandardMaterial3D@0.100,0.100,0.100	StreetIdShot/OrisonRoot/F01_BAR_LT_STAGE0/@Node3D@5465/@MeshInstance3D@5466
0	168,168,200	MeshInstance3D	0.1x0.1x0.1	mat=StandardMaterial3D@1.000,0.970,0.900;mat=StandardMaterial3D@1.000,0.970,0.900	StreetIdShot/OrisonRoot/F01_BAR_LT_STAGE0/@Node3D@5465/bulb
0	184,168,200	MeshInstance3D	0.2x0.2x0.0	mat=StandardMaterial3D@0.460,0.460,0.500;mat=StandardMaterial3D@0.460,0.460,0.500	StreetIdShot/OrisonRoot/F01_BAR_LT_STAGE0/@Node3D@5465/@MeshInstance3D@5467
0	200,168,200	MeshInstance3D	0.1x0.2x0.1	mat=StandardMaterial3D@0.460,0.460,0.500;mat=StandardMaterial3D@0.460,0.460,0.500	StreetIdShot/OrisonRoot/F01_BAR_LT_STAGE0/@Node3D@5465/@MeshInstance3D@5468
0	216,168,200	MeshInstance3D	0.1x0.2x0.1	mat=StandardMaterial3D@0.460,0.460,0.500;mat=StandardMaterial3D@0.460,0.460,0.500	StreetIdShot/OrisonRoot/F01_BAR_LT_STAGE0/@Node3D@5465/@MeshInstance3D@5469
0	232,168,200	MeshInstance3D	0.1x0.0x0.1	mat=StandardMaterial3D@0.460,0.460,0.500;mat=StandardMaterial3D@0.460,0.460,0.500	StreetIdShot/OrisonRoot/F01_BAR_LT_STAGE0/@Node3D@5465/@MeshInstance3D@5470
0	248,168,200	MeshInstance3D	0.0x0.4x0.0	mat=StandardMaterial3D@0.100,0.100,0.100;mat=StandardMaterial3D@0.100,0.100,0.100	StreetIdShot/OrisonRoot/F01_BAR_LT_STAGE1/@Node3D@5474/@MeshInstance3D@5475
0	8,184,200	MeshInstance3D	0.1x0.1x0.1	mat=StandardMaterial3D@1.000,0.970,0.900;mat=StandardMaterial3D@1.000,0.970,0.900	StreetIdShot/OrisonRoot/F01_BAR_LT_STAGE1/@Node3D@5474/bulb
0	24,184,200	MeshInstance3D	0.2x0.2x0.0	mat=StandardMaterial3D@0.460,0.460,0.500;mat=StandardMaterial3D@0.460,0.460,0.500	StreetIdShot/OrisonRoot/F01_BAR_LT_STAGE1/@Node3D@5474/@MeshInstance3D@5476
0	40,184,200	MeshInstance3D	0.1x0.2x0.1	mat=StandardMaterial3D@0.460,0.460,0.500;mat=StandardMaterial3D@0.460,0.460,0.500	StreetIdShot/OrisonRoot/F01_BAR_LT_STAGE1/@Node3D@5474/@MeshInstance3D@5477
0	56,184,200	MeshInstance3D	0.1x0.2x0.1	mat=StandardMaterial3D@0.460,0.460,0.500;mat=StandardMaterial3D@0.460,0.460,0.500	StreetIdShot/OrisonRoot/F01_BAR_LT_STAGE1/@Node3D@5474/@MeshInstance3D@5478
0	72,184,200	MeshInstance3D	0.1x0.0x0.1	mat=StandardMaterial3D@0.460,0.460,0.500;mat=StandardMaterial3D@0.460,0.460,0.500	StreetIdShot/OrisonRoot/F01_BAR_LT_STAGE1/@Node3D@5474/@MeshInstance3D@5479
0	88,184,200	MeshInstance3D	0.0x0.2x0.1	mat=StandardMaterial3D@1.000,1.000,1.000;mat=StandardMaterial3D@1.000,1.000,1.000	StreetIdShot/OrisonRoot/F01_BAR_LT_DECK0/@Node3D@5483/@MeshInstance3D@5484
0	104,184,200	MeshInstance3D	0.1x0.1x0.1	mat=StandardMaterial3D@1.000,1.000,1.000;mat=StandardMaterial3D@1.000,1.000,1.000	StreetIdShot/OrisonRoot/F01_BAR_LT_DECK0/@Node3D@5483/@MeshInstance3D@5485
0	120,184,200	MeshInstance3D	0.2x0.2x0.2	mat=StandardMaterial3D@1.000,0.970,0.900;mat=StandardMaterial3D@1.000,0.970,0.900	StreetIdShot/OrisonRoot/F01_BAR_LT_DECK0/@Node3D@5483/bulb_globe
0	136,184,200	MeshInstance3D	0.0x0.2x0.1	mat=StandardMaterial3D@1.000,1.000,1.000;mat=StandardMaterial3D@1.000,1.000,1.000	StreetIdShot/OrisonRoot/F01_BAR_LT_DECK1/@Node3D@5489/@MeshInstance3D@5490
0	152,184,200	MeshInstance3D	0.1x0.1x0.1	mat=StandardMaterial3D@1.000,1.000,1.000;mat=StandardMaterial3D@1.000,1.000,1.000	StreetIdShot/OrisonRoot/F01_BAR_LT_DECK1/@Node3D@5489/@MeshInstance3D@5491
0	168,184,200	MeshInstance3D	0.2x0.2x0.2	mat=StandardMaterial3D@1.000,0.970,0.900;mat=StandardMaterial3D@1.000,0.970,0.900	StreetIdShot/OrisonRoot/F01_BAR_LT_DECK1/@Node3D@5489/bulb_globe
0	184,184,200	MeshInstance3D	0.0x0.2x0.1	mat=StandardMaterial3D@1.000,1.000,1.000;mat=StandardMaterial3D@1.000,1.000,1.000	StreetIdShot/OrisonRoot/F01_BAR_LT_WEST0/@Node3D@5495/@MeshInstance3D@5496
0	200,184,200	MeshInstance3D	0.1x0.1x0.1	mat=StandardMaterial3D@1.000,1.000,1.000;mat=StandardMaterial3D@1.000,1.000,1.000	StreetIdShot/OrisonRoot/F01_BAR_LT_WEST0/@Node3D@5495/@MeshInstance3D@5497
0	216,184,200	MeshInstance3D	0.2x0.2x0.2	mat=StandardMaterial3D@1.000,0.970,0.900;mat=StandardMaterial3D@1.000,0.970,0.900	StreetIdShot/OrisonRoot/F01_BAR_LT_WEST0/@Node3D@5495/bulb_globe
0	232,184,200	MeshInstance3D	0.0x0.2x0.1	mat=StandardMaterial3D@1.000,1.000,1.000;mat=StandardMaterial3D@1.000,1.000,1.000	StreetIdShot/OrisonRoot/F01_BAR_LT_WEST1/@Node3D@5501/@MeshInstance3D@5502
0	248,184,200	MeshInstance3D	0.1x0.1x0.1	mat=StandardMaterial3D@1.000,1.000,1.000;mat=StandardMaterial3D@1.000,1.000,1.000	StreetIdShot/OrisonRoot/F01_BAR_LT_WEST1/@Node3D@5501/@MeshInstance3D@5503
0	8,200,200	MeshInstance3D	0.2x0.2x0.2	mat=StandardMaterial3D@1.000,0.970,0.900;mat=StandardMaterial3D@1.000,0.970,0.900	StreetIdShot/OrisonRoot/F01_BAR_LT_WEST1/@Node3D@5501/bulb_globe
0	24,200,200	MeshInstance3D	0.0x0.4x0.0	mat=StandardMaterial3D@0.100,0.100,0.100;mat=StandardMaterial3D@0.100,0.100,0.100	StreetIdShot/OrisonRoot/F01_BAR_LT_WC/@Node3D@5507/@MeshInstance3D@5508
0	40,200,200	MeshInstance3D	0.1x0.1x0.1	mat=StandardMaterial3D@1.000,0.970,0.900;mat=StandardMaterial3D@1.000,0.970,0.900	StreetIdShot/OrisonRoot/F01_BAR_LT_WC/@Node3D@5507/bulb
0	56,200,200	MeshInstance3D	0.2x0.2x0.0	mat=StandardMaterial3D@0.460,0.460,0.500;mat=StandardMaterial3D@0.460,0.460,0.500	StreetIdShot/OrisonRoot/F01_BAR_LT_WC/@Node3D@5507/@MeshInstance3D@5509
0	72,200,200	MeshInstance3D	0.1x0.2x0.1	mat=StandardMaterial3D@0.460,0.460,0.500;mat=StandardMaterial3D@0.460,0.460,0.500	StreetIdShot/OrisonRoot/F01_BAR_LT_WC/@Node3D@5507/@MeshInstance3D@5510
0	88,200,200	MeshInstance3D	0.1x0.2x0.1	mat=StandardMaterial3D@0.460,0.460,0.500;mat=StandardMaterial3D@0.460,0.460,0.500	StreetIdShot/OrisonRoot/F01_BAR_LT_WC/@Node3D@5507/@MeshInstance3D@5511
0	104,200,200	MeshInstance3D	0.1x0.0x0.1	mat=StandardMaterial3D@0.460,0.460,0.500;mat=StandardMaterial3D@0.460,0.460,0.500	StreetIdShot/OrisonRoot/F01_BAR_LT_WC/@Node3D@5507/@MeshInstance3D@5512
0	120,200,200	MeshInstance3D	0.3x0.1x0.3	mat=StandardMaterial3D@0.460,0.460,0.500;mat=StandardMaterial3D@0.460,0.460,0.500	StreetIdShot/OrisonRoot/F01_STREETLAMP_03/@Node3D@6152/@MeshInstance3D@6153
0	136,200,200	MeshInstance3D	0.3x0.2x0.3	mat=StandardMaterial3D@0.540,0.380,0.180;mat=StandardMaterial3D@0.540,0.380,0.180	StreetIdShot/OrisonRoot/F01_STREETLAMP_03/@Node3D@6152/stained_lens
0	152,200,200	MeshInstance3D	0.1x0.1x0.1	mat=StandardMaterial3D@1.000,0.970,0.900;mat=StandardMaterial3D@1.000,0.970,0.900	StreetIdShot/OrisonRoot/F01_STREETLAMP_03/@Node3D@6152/bulb_core
0	168,200,200	MeshInstance3D	0.3x0.1x0.3	mat=StandardMaterial3D@0.460,0.460,0.500;mat=StandardMaterial3D@0.460,0.460,0.500	StreetIdShot/OrisonRoot/F01_STREETLAMP_04/@Node3D@6158/@MeshInstance3D@6159
0	184,200,200	MeshInstance3D	0.3x0.2x0.3	mat=StandardMaterial3D@0.540,0.380,0.180;mat=StandardMaterial3D@0.540,0.380,0.180	StreetIdShot/OrisonRoot/F01_STREETLAMP_04/@Node3D@6158/stained_lens
0	200,200,200	MeshInstance3D	0.1x0.1x0.1	mat=StandardMaterial3D@1.000,0.970,0.900;mat=StandardMaterial3D@1.000,0.970,0.900	StreetIdShot/OrisonRoot/F01_STREETLAMP_04/@Node3D@6158/bulb_core
0	216,200,200	MeshInstance3D	0.3x0.1x0.3	mat=StandardMaterial3D@0.460,0.460,0.500;mat=StandardMaterial3D@0.460,0.460,0.500	StreetIdShot/OrisonRoot/F01_STREETLAMP_06/@Node3D@6164/@MeshInstance3D@6165
0	232,200,200	MeshInstance3D	0.3x0.2x0.3	mat=StandardMaterial3D@0.540,0.380,0.180;mat=StandardMaterial3D@0.540,0.380,0.180	StreetIdShot/OrisonRoot/F01_STREETLAMP_06/@Node3D@6164/stained_lens
0	248,200,200	MeshInstance3D	0.1x0.1x0.1	mat=StandardMaterial3D@1.000,0.970,0.900;mat=StandardMaterial3D@1.000,0.970,0.900	StreetIdShot/OrisonRoot/F01_STREETLAMP_06/@Node3D@6164/bulb_core
0	8,216,200	MeshInstance3D	0.3x0.1x0.3	mat=StandardMaterial3D@0.460,0.460,0.500;mat=StandardMaterial3D@0.460,0.460,0.500	StreetIdShot/OrisonRoot/F01_STREETLAMP_07/@Node3D@6170/@MeshInstance3D@6171
0	24,216,200	MeshInstance3D	0.3x0.2x0.3	mat=StandardMaterial3D@0.540,0.380,0.180;mat=StandardMaterial3D@0.540,0.380,0.180	StreetIdShot/OrisonRoot/F01_STREETLAMP_07/@Node3D@6170/stained_lens
0	40,216,200	MeshInstance3D	0.1x0.1x0.1	mat=StandardMaterial3D@1.000,0.970,0.900;mat=StandardMaterial3D@1.000,0.970,0.900	StreetIdShot/OrisonRoot/F01_STREETLAMP_07/@Node3D@6170/bulb_core
0	56,216,200	MeshInstance3D	0.3x0.1x0.3	mat=StandardMaterial3D@0.460,0.460,0.500;mat=StandardMaterial3D@0.460,0.460,0.500	StreetIdShot/OrisonRoot/F01_STREETLAMP_08/@Node3D@6176/@MeshInstance3D@6177
0	72,216,200	MeshInstance3D	0.3x0.2x0.3	mat=StandardMaterial3D@0.540,0.380,0.180;mat=StandardMaterial3D@0.540,0.380,0.180	StreetIdShot/OrisonRoot/F01_STREETLAMP_08/@Node3D@6176/stained_lens
0	88,216,200	MeshInstance3D	0.1x0.1x0.1	mat=StandardMaterial3D@1.000,0.970,0.900;mat=StandardMaterial3D@1.000,0.970,0.900	StreetIdShot/OrisonRoot/F01_STREETLAMP_08/@Node3D@6176/bulb_core
0	104,216,200	MeshInstance3D	0.8x0.3x0.8	mat=StandardMaterial3D@0.780,0.800,0.750;mat=StandardMaterial3D@0.780,0.800,0.750	StreetIdShot/OrisonRoot/F02_2A_SHOWER_01/StaticFixture/@MeshInstance3D@6244
0	120,216,200	MeshInstance3D	0.7x2.0x0.8	mat=StandardMaterial3D@0.930,0.910,0.840;mat=StandardMaterial3D@0.930,0.910,0.840	StreetIdShot/OrisonRoot/F02_2A_SHOWER_01/StaticFixture/@MeshInstance3D@6245
0	136,216,200	MeshInstance3D	0.1x0.0x0.1	mat=StandardMaterial3D@0.330,0.320,0.290;mat=StandardMaterial3D@0.330,0.320,0.290	StreetIdShot/OrisonRoot/F02_2A_SHOWER_01/StaticFixture/@MeshInstance3D@6246
0	152,216,200	MeshInstance3D	0.0x0.0x0.1	mat=StandardMaterial3D@0.790,0.760,0.650;mat=StandardMaterial3D@0.790,0.760,0.650	StreetIdShot/OrisonRoot/F02_2A_SHOWER_01/StaticFixture/@MeshInstance3D@6247
0	168,216,200	MeshInstance3D	0.1x0.0x0.1	mat=StandardMaterial3D@0.390,0.180,0.085;mat=StandardMaterial3D@0.390,0.180,0.085	StreetIdShot/OrisonRoot/F02_2A_SHOWER_01/StaticFixture/@MeshInstance3D@6248
0	184,216,200	MeshInstance3D	0.1x0.1x0.1	mat=StandardMaterial3D@0.930,0.910,0.840;mat=StandardMaterial3D@0.930,0.910,0.840	StreetIdShot/OrisonRoot/F02_2A_SHOWER_01/HotValve/@MeshInstance3D@6249
0	200,216,200	MeshInstance3D	0.0x0.0x0.0	mat=StandardMaterial3D@0.780,0.680,0.440;mat=StandardMaterial3D@0.780,0.680,0.440	StreetIdShot/OrisonRoot/F02_2A_SHOWER_01/HotValve/@MeshInstance3D@6250
0	216,216,200	MeshInstance3D	0.1x0.1x0.1	mat=StandardMaterial3D@0.930,0.910,0.840;mat=StandardMaterial3D@0.930,0.910,0.840	StreetIdShot/OrisonRoot/F02_2A_SHOWER_01/ColdValve/@MeshInstance3D@6251
0	232,216,200	MeshInstance3D	0.0x0.0x0.0	mat=StandardMaterial3D@0.780,0.680,0.440;mat=StandardMaterial3D@0.780,0.680,0.440	StreetIdShot/OrisonRoot/F02_2A_SHOWER_01/ColdValve/@MeshInstance3D@6252
0	248,216,200	MeshInstance3D	0.7x1.6x0.8	mat=StandardMaterial3D@0.900,0.840,0.670;mat=StandardMaterial3D@0.900,0.840,0.670	StreetIdShot/OrisonRoot/F02_2A_SHOWER_01/CurtainDrawn/@MeshInstance3D@6253
0	8,232,200	MeshInstance3D	0.6x0.1x0.7	mat=StandardMaterial3D@0.930,0.910,0.840;mat=StandardMaterial3D@0.930,0.910,0.840	StreetIdShot/OrisonRoot/F02_2A_SHOWER_01/CurtainDrawn/@MeshInstance3D@6254
0	24,232,200	MeshInstance3D	0.1x0.0x0.1	mat=StandardMaterial3D@0.930,0.910,0.840;mat=StandardMaterial3D@0.930,0.910,0.840	StreetIdShot/OrisonRoot/F02_2A_SHOWER_01/Stopper/@MeshInstance3D@6239
0	40,232,200	MeshInstance3D	0.5x1.0x0.7	mat=StandardMaterial3D@0.960,0.940,0.860;mat=StandardMaterial3D@0.960,0.940,0.860	StreetIdShot/OrisonRoot/F02_2A_SINK_01/StaticFixture/@MeshInstance3D@6293
0	56,232,200	MeshInstance3D	0.3x1.0x0.2	mat=StandardMaterial3D@0.930,0.910,0.840;mat=StandardMaterial3D@0.930,0.910,0.840	StreetIdShot/OrisonRoot/F02_2A_SINK_01/StaticFixture/@MeshInstance3D@6294
0	72,232,200	MeshInstance3D	0.1x0.0x0.1	mat=StandardMaterial3D@0.330,0.320,0.290;mat=StandardMaterial3D@0.330,0.320,0.290	StreetIdShot/OrisonRoot/F02_2A_SINK_01/StaticFixture/@MeshInstance3D@6295
0	88,232,200	MeshInstance3D	0.0x0.0x0.1	mat=StandardMaterial3D@0.790,0.760,0.650;mat=StandardMaterial3D@0.790,0.760,0.650	StreetIdShot/OrisonRoot/F02_2A_SINK_01/StaticFixture/@MeshInstance3D@6296
0	104,232,200	MeshInstance3D	0.1x0.1x0.1	mat=StandardMaterial3D@0.930,0.910,0.840;mat=StandardMaterial3D@0.930,0.910,0.840	StreetIdShot/OrisonRoot/F02_2A_SINK_01/HotValve/@MeshInstance3D@6297
0	120,232,200	MeshInstance3D	0.0x0.0x0.0	mat=StandardMaterial3D@0.780,0.680,0.440;mat=StandardMaterial3D@0.780,0.680,0.440	StreetIdShot/OrisonRoot/F02_2A_SINK_01/HotValve/@MeshInstance3D@6298
0	136,232,200	MeshInstance3D	0.1x0.1x0.1	mat=StandardMaterial3D@0.930,0.910,0.840;mat=StandardMaterial3D@0.930,0.910,0.840	StreetIdShot/OrisonRoot/F02_2A_SINK_01/ColdValve/@MeshInstance3D@6299
0	152,232,200	MeshInstance3D	0.0x0.0x0.0	mat=StandardMaterial3D@0.780,0.680,0.440;mat=StandardMaterial3D@0.780,0.680,0.440	StreetIdShot/OrisonRoot/F02_2A_SINK_01/ColdValve/@MeshInstance3D@6300
0	168,232,200	MeshInstance3D	0.1x0.0x0.1	mat=StandardMaterial3D@0.930,0.910,0.840;mat=StandardMaterial3D@0.930,0.910,0.840	StreetIdShot/OrisonRoot/F02_2A_SINK_01/Stopper/@MeshInstance3D@6289
0	184,232,200	MeshInstance3D	0.1x0.7x0.5	mat=StandardMaterial3D@0.860,0.850,0.790;mat=StandardMaterial3D@0.860,0.850,0.790	StreetIdShot/OrisonRoot/F02_2A_MIRROR_01/CabinetCarcass/@MeshInstance3D@6320
0	200,232,200	MeshInstance3D	0.0x0.6x0.4	mat=StandardMaterial3D@0.860,0.850,0.790;mat=StandardMaterial3D@0.860,0.850,0.790	StreetIdShot/OrisonRoot/F02_2A_MIRROR_01/CabinetDoor/@MeshInstance3D@6332
0	216,232,200	MeshInstance3D	0.0x0.6x0.4	mat=StandardMaterial3D@0.780,0.790,0.760;mat=StandardMaterial3D@0.780,0.790,0.760	StreetIdShot/OrisonRoot/F02_2A_MIRROR_01/CabinetDoor/@MeshInstance3D@6333
0	232,232,200	MeshInstance3D	0.1x0.6x0.5	mat=StandardMaterial3D@0.880,0.860,0.800;mat=StandardMaterial3D@0.880,0.860,0.800	StreetIdShot/OrisonRoot/F02_2A_MIRROR_01/CabinetDoor/@MeshInstance3D@6334
0	248,232,200	MeshInstance3D	0.0x0.0x0.1	mat=StandardMaterial3D@0.860,0.800,0.660;mat=StandardMaterial3D@0.860,0.800,0.660	StreetIdShot/OrisonRoot/F02_2A_MIRROR_01/CabinetContents/@MeshInstance3D@6338
0	8,248,200	MeshInstance3D	0.0x0.2x0.1	mat=StandardMaterial3D@1.000,1.000,1.000;mat=StandardMaterial3D@1.000,1.000,1.000	StreetIdShot/OrisonRoot/2A_LT_SCONCE/@Node3D@6341/@MeshInstance3D@6342
0	24,248,200	MeshInstance3D	0.1x0.1x0.1	mat=StandardMaterial3D@1.000,1.000,1.000;mat=StandardMaterial3D@1.000,1.000,1.000	StreetIdShot/OrisonRoot/2A_LT_SCONCE/@Node3D@6341/@MeshInstance3D@6343
0	40,248,200	MeshInstance3D	0.2x0.2x0.2	mat=StandardMaterial3D@1.000,0.970,0.900;mat=StandardMaterial3D@1.000,0.970,0.900	StreetIdShot/OrisonRoot/2A_LT_SCONCE/@Node3D@6341/bulb_globe
0	56,248,200	MeshInstance3D	0.0x0.1x0.1	mat=StandardMaterial3D@0.820,0.720,0.480;mat=StandardMaterial3D@0.820,0.720,0.480	StreetIdShot/OrisonRoot/F02_A_RADIATOR_01/WorkingAssembly/CastSections/ReplaceableAirVent/@MeshInstance3D@6459
0	72,248,200	MeshInstance3D	0.0x0.1x0.0	mat=StandardMaterial3D@0.480,0.200,0.100;mat=StandardMaterial3D@0.480,0.200,0.100	StreetIdShot/OrisonRoot/F02_A_RADIATOR_01/WorkingAssembly/CastSections/ReplaceableAirVent/@MeshInstance3D@6460
0	88,248,200	MeshInstance3D	0.2x0.6x0.7	mat=StandardMaterial3D@0.320,0.310,0.300;mat=StandardMaterial3D@0.320,0.310,0.300	StreetIdShot/OrisonRoot/F02_A_RADIATOR_01/WorkingAssembly/CastSections/@MeshInstance3D@6457
0	104,248,200	MeshInstance3D	0.1x0.1x0.1	mat=StandardMaterial3D@0.820,0.720,0.480;mat=StandardMaterial3D@0.820,0.720,0.480	StreetIdShot/OrisonRoot/F02_A_RADIATOR_01/WorkingAssembly/SupplyHandwheel/@MeshInstance3D@6458
0	120,248,200	MeshInstance3D	0.1x0.0x0.1	mat=StandardMaterial3D@0.420,0.290,0.180;mat=StandardMaterial3D@0.420,0.290,0.180	StreetIdShot/OrisonRoot/F02_A_RADIATOR_01/WorkingAssembly/FarEndPitchShim/@MeshInstance3D@6456
0	136,248,200	MeshInstance3D	0.1x0.1x0.2	mat=StandardMaterial3D@0.520,0.480,0.440;mat=StandardMaterial3D@0.520,0.480,0.440	StreetIdShot/OrisonRoot/F02_A_RADIATOR_01/WorkingAssembly/@MeshInstance3D@6461
0	152,248,200	MeshInstance3D	0.0x0.0x0.1	mat=StandardMaterial3D@0.480,0.200,0.100;mat=StandardMaterial3D@0.480,0.200,0.100	StreetIdShot/OrisonRoot/F02_A_RADIATOR_01/WorkingAssembly/@MeshInstance3D@6462
0	168,248,200	MeshInstance3D	1.0x0.3x0.5	mat=StandardMaterial3D@0.780,0.800,0.750;mat=StandardMaterial3D@0.780,0.800,0.750	StreetIdShot/OrisonRoot/F02_2A_KITCHEN_SINK_01/StaticFixture/@MeshInstance3D@6513
0	184,248,200	MeshInstance3D	0.2x0.5x0.2	mat=StandardMaterial3D@0.930,0.910,0.840;mat=StandardMaterial3D@0.930,0.910,0.840	StreetIdShot/OrisonRoot/F02_2A_KITCHEN_SINK_01/StaticFixture/@MeshInstance3D@6514
0	200,248,200	MeshInstance3D	0.1x0.0x0.1	mat=StandardMaterial3D@0.330,0.320,0.290;mat=StandardMaterial3D@0.330,0.320,0.290	StreetIdShot/OrisonRoot/F02_2A_KITCHEN_SINK_01/StaticFixture/@MeshInstance3D@6515
0	216,248,200	MeshInstance3D	0.1x0.0x0.0	mat=StandardMaterial3D@0.790,0.760,0.650;mat=StandardMaterial3D@0.790,0.760,0.650	StreetIdShot/OrisonRoot/F02_2A_KITCHEN_SINK_01/StaticFixture/@MeshInstance3D@6516
0	232,248,200	MeshInstance3D	0.1x0.0x0.1	mat=StandardMaterial3D@0.390,0.180,0.085;mat=StandardMaterial3D@0.390,0.180,0.085	StreetIdShot/OrisonRoot/F02_2A_KITCHEN_SINK_01/StaticFixture/@MeshInstance3D@6517
0	248,248,200	MeshInstance3D	0.1x0.1x0.1	mat=StandardMaterial3D@0.930,0.910,0.840;mat=StandardMaterial3D@0.930,0.910,0.840	StreetIdShot/OrisonRoot/F02_2A_KITCHEN_SINK_01/HotValve/@MeshInstance3D@6518
0	8,8,216	MeshInstance3D	0.0x0.0x0.0	mat=StandardMaterial3D@0.780,0.680,0.440;mat=StandardMaterial3D@0.780,0.680,0.440	StreetIdShot/OrisonRoot/F02_2A_KITCHEN_SINK_01/HotValve/@MeshInstance3D@6519
0	24,8,216	MeshInstance3D	0.1x0.1x0.1	mat=StandardMaterial3D@0.930,0.910,0.840;mat=StandardMaterial3D@0.930,0.910,0.840	StreetIdShot/OrisonRoot/F02_2A_KITCHEN_SINK_01/ColdValve/@MeshInstance3D@6520
0	40,8,216	MeshInstance3D	0.0x0.0x0.0	mat=StandardMaterial3D@0.780,0.680,0.440;mat=StandardMaterial3D@0.780,0.680,0.440	StreetIdShot/OrisonRoot/F02_2A_KITCHEN_SINK_01/ColdValve/@MeshInstance3D@6521
0	56,8,216	MeshInstance3D	0.1x0.0x0.1	mat=StandardMaterial3D@0.930,0.910,0.840;mat=StandardMaterial3D@0.930,0.910,0.840	StreetIdShot/OrisonRoot/F02_2A_KITCHEN_SINK_01/Stopper/@MeshInstance3D@6500
0	72,8,216	MeshInstance3D	0.3x0.1x0.2	mat=StandardMaterial3D@0.820,0.780,0.720;mat=StandardMaterial3D@0.820,0.780,0.720	StreetIdShot/OrisonRoot/F02_2A_TOASTER_01/StaticCase/@MeshInstance3D@6620
0	88,8,216	MeshInstance3D	0.3x0.2x0.2	mat=StandardMaterial3D@0.940,0.920,0.860;mat=StandardMaterial3D@0.940,0.920,0.860	StreetIdShot/OrisonRoot/F02_2A_TOASTER_01/StaticCase/@MeshInstance3D@6621
0	104,8,216	MeshInstance3D	0.0x0.0x0.1	mat=StandardMaterial3D@0.620,0.480,0.400;mat=StandardMaterial3D@0.620,0.480,0.400	StreetIdShot/OrisonRoot/F02_2A_TOASTER_01/StaticCase/@MeshInstance3D@6622
0	120,8,216	MeshInstance3D	0.2x0.1x0.1	mat=StandardMaterial3D@0.860,0.730,0.520;mat=StandardMaterial3D@0.860,0.730,0.520	StreetIdShot/OrisonRoot/F02_2A_TOASTER_01/StaticCase/@MeshInstance3D@6623
0	136,8,216	MeshInstance3D	0.2x0.1x0.1	mat=StandardMaterial3D@0.090,0.025,0.012;mat=StandardMaterial3D@0.090,0.025,0.012	StreetIdShot/OrisonRoot/F02_2A_TOASTER_01/ResistanceWire/@MeshInstance3D@6578
0	152,8,216	MeshInstance3D	0.0x0.0x0.0	mat=StandardMaterial3D@0.820,0.780,0.720;mat=StandardMaterial3D@0.820,0.780,0.720	StreetIdShot/OrisonRoot/F02_2A_TOASTER_01/CarriageLever/@MeshInstance3D@6579
0	168,8,216	MeshInstance3D	0.0x0.0x0.0	mat=StandardMaterial3D@0.940,0.920,0.860;mat=StandardMaterial3D@0.940,0.920,0.860	StreetIdShot/OrisonRoot/F02_2A_TOASTER_01/CarriageLever/@MeshInstance3D@6580
0	184,8,216	MeshInstance3D	0.2x0.0x0.0	mat=StandardMaterial3D@0.940,0.920,0.860;mat=StandardMaterial3D@0.940,0.920,0.860	StreetIdShot/OrisonRoot/F02_2A_TOASTER_01/BreadCarrier/@MeshInstance3D@6624
0	200,8,216	MeshInstance3D	0.2x0.0x0.1	mat=StandardMaterial3D@0.940,0.920,0.860;mat=StandardMaterial3D@0.940,0.920,0.860	StreetIdShot/OrisonRoot/F02_2A_TOASTER_01/OrisonRetrofitCrumbTray/@MeshInstance3D@6625
0	216,8,216	MeshInstance3D	0.0x0.0x0.0	mat=StandardMaterial3D@0.820,0.780,0.720;mat=StandardMaterial3D@0.820,0.780,0.720	StreetIdShot/OrisonRoot/F02_2A_TOASTER_01/OrisonRetrofitCrumbTray/@MeshInstance3D@6626
0	232,8,216	MeshInstance3D	0.1x0.0x0.1	mat=StandardMaterial3D@0.100,0.055,0.025;mat=StandardMaterial3D@0.100,0.055,0.025	StreetIdShot/OrisonRoot/F02_2A_TOASTER_01/OrisonRetrofitCrumbTray/@MeshInstance3D@6628
0	248,8,216	MeshInstance3D	0.2x0.0x0.1	mat=StandardMaterial3D@0.520,0.290,0.090;mat=StandardMaterial3D@0.520,0.290,0.090	StreetIdShot/OrisonRoot/F02_2A_TOASTER_01/OrisonRetrofitCrumbTray/@MeshInstance3D@6629
0	8,24,216	MeshInstance3D	0.6x0.7x0.5	mat=StandardMaterial3D@0.420,0.400,0.380;mat=StandardMaterial3D@0.420,0.400,0.380	StreetIdShot/OrisonRoot/F02_2A_STOVE_01/StaticCarcass/@MeshInstance3D@6758
0	24,24,216	MeshInstance3D	0.6x0.8x0.6	mat=StandardMaterial3D@0.200,0.190,0.180;mat=StandardMaterial3D@0.200,0.190,0.180	StreetIdShot/OrisonRoot/F02_2A_STOVE_01/StaticCarcass/@MeshInstance3D@6759
0	40,24,216	MeshInstance3D	0.6x1.0x0.6	mat=StandardMaterial3D@1.000,0.970,0.890;mat=StandardMaterial3D@1.000,0.970,0.890	StreetIdShot/OrisonRoot/F02_2A_STOVE_01/StaticCarcass/@MeshInstance3D@6760
0	56,24,216	MeshInstance3D	0.6x0.4x0.4	mat=StandardMaterial3D@0.820,0.740,0.520;mat=StandardMaterial3D@0.820,0.740,0.520	StreetIdShot/OrisonRoot/F02_2A_STOVE_01/StaticCarcass/@MeshInstance3D@6761
0	72,24,216	MeshInstance3D	0.4x0.3x0.0	mat=StandardMaterial3D@1.000,0.970,0.890;mat=StandardMaterial3D@1.000,0.970,0.890	StreetIdShot/OrisonRoot/F02_2A_STOVE_01/OvenDoor/@MeshInstance3D@6762
0	88,24,216	MeshInstance3D	0.4x0.3x0.0	mat=StandardMaterial3D@0.420,0.400,0.380;mat=StandardMaterial3D@0.420,0.400,0.380	StreetIdShot/OrisonRoot/F02_2A_STOVE_01/OvenDoor/@MeshInstance3D@6763
0	104,24,216	MeshInstance3D	0.4x0.1x0.0	mat=StandardMaterial3D@0.820,0.740,0.520;mat=StandardMaterial3D@0.820,0.740,0.520	StreetIdShot/OrisonRoot/F02_2A_STOVE_01/OvenDoor/@MeshInstance3D@6764
0	120,24,216	MeshInstance3D	0.4x0.1x0.0	mat=StandardMaterial3D@1.000,0.970,0.890;mat=StandardMaterial3D@1.000,0.970,0.890	StreetIdShot/OrisonRoot/F02_2A_STOVE_01/BroilerDrawer/@MeshInstance3D@6765
0	136,24,216	MeshInstance3D	0.2x0.0x0.0	mat=StandardMaterial3D@0.200,0.190,0.180;mat=StandardMaterial3D@0.200,0.190,0.180	StreetIdShot/OrisonRoot/F02_2A_STOVE_01/BroilerDrawer/@MeshInstance3D@6766
0	152,24,216	MeshInstance3D	0.1x0.1x0.0	mat=StandardMaterial3D@0.560,0.390,0.280;mat=StandardMaterial3D@0.560,0.390,0.280	StreetIdShot/OrisonRoot/F02_2A_STOVE_01/BurnerValve1/@MeshInstance3D@6767
0	168,24,216	MeshInstance3D	0.0x0.0x0.0	mat=StandardMaterial3D@0.820,0.740,0.520;mat=StandardMaterial3D@0.820,0.740,0.520	StreetIdShot/OrisonRoot/F02_2A_STOVE_01/BurnerValve1/@MeshInstance3D@6768
0	184,24,216	MeshInstance3D	0.1x0.1x0.0	mat=StandardMaterial3D@0.560,0.390,0.280;mat=StandardMaterial3D@0.560,0.390,0.280	StreetIdShot/OrisonRoot/F02_2A_STOVE_01/BurnerValve2/@MeshInstance3D@6769
0	200,24,216	MeshInstance3D	0.0x0.0x0.0	mat=StandardMaterial3D@0.820,0.740,0.520;mat=StandardMaterial3D@0.820,0.740,0.520	StreetIdShot/OrisonRoot/F02_2A_STOVE_01/BurnerValve2/@MeshInstance3D@6770
0	216,24,216	MeshInstance3D	0.1x0.1x0.0	mat=StandardMaterial3D@0.560,0.390,0.280;mat=StandardMaterial3D@0.560,0.390,0.280	StreetIdShot/OrisonRoot/F02_2A_STOVE_01/BurnerValve3/@MeshInstance3D@6771
0	232,24,216	MeshInstance3D	0.0x0.0x0.0	mat=StandardMaterial3D@0.820,0.740,0.520;mat=StandardMaterial3D@0.820,0.740,0.520	StreetIdShot/OrisonRoot/F02_2A_STOVE_01/BurnerValve3/@MeshInstance3D@6772
0	248,24,216	MeshInstance3D	0.1x0.1x0.0	mat=StandardMaterial3D@0.560,0.390,0.280;mat=StandardMaterial3D@0.560,0.390,0.280	StreetIdShot/OrisonRoot/F02_2A_STOVE_01/BurnerValve4/@MeshInstance3D@6773
0	8,40,216	MeshInstance3D	0.0x0.0x0.0	mat=StandardMaterial3D@0.820,0.740,0.520;mat=StandardMaterial3D@0.820,0.740,0.520	StreetIdShot/OrisonRoot/F02_2A_STOVE_01/BurnerValve4/@MeshInstance3D@6774
0	24,40,216	MeshInstance3D	0.1x0.1x0.0	mat=StandardMaterial3D@0.560,0.390,0.280;mat=StandardMaterial3D@0.560,0.390,0.280	StreetIdShot/OrisonRoot/F02_2A_STOVE_01/OvenValve/@MeshInstance3D@6680
0	40,40,216	MeshInstance3D	0.0x0.0x0.0	mat=StandardMaterial3D@0.820,0.740,0.520;mat=StandardMaterial3D@0.820,0.740,0.520	StreetIdShot/OrisonRoot/F02_2A_STOVE_01/OvenValve/@MeshInstance3D@6681
0	56,40,216	MeshInstance3D	0.2x0.0x0.2	mat=StandardMaterial3D@0.420,0.400,0.380;mat=StandardMaterial3D@0.420,0.400,0.380	StreetIdShot/OrisonRoot/F02_2A_STOVE_01/Grate1/@MeshInstance3D@6775
0	72,40,216	MeshInstance3D	0.1x0.0x0.1	mat=StandardMaterial3D@0.200,0.190,0.180;mat=StandardMaterial3D@0.200,0.190,0.180	StreetIdShot/OrisonRoot/F02_2A_STOVE_01/BurnerCap1/@MeshInstance3D@6779
0	88,40,216	MeshInstance3D	0.1x0.0x0.1	mat=StandardMaterial3D@0.420,0.400,0.380;mat=StandardMaterial3D@0.420,0.400,0.380	StreetIdShot/OrisonRoot/F02_2A_STOVE_01/BurnerCap1/@MeshInstance3D@6780
0	104,40,216	MeshInstance3D	0.2x0.0x0.2	mat=StandardMaterial3D@0.420,0.400,0.380;mat=StandardMaterial3D@0.420,0.400,0.380	StreetIdShot/OrisonRoot/F02_2A_STOVE_01/Grate2/@MeshInstance3D@6776
0	120,40,216	MeshInstance3D	0.1x0.0x0.1	mat=StandardMaterial3D@0.200,0.190,0.180;mat=StandardMaterial3D@0.200,0.190,0.180	StreetIdShot/OrisonRoot/F02_2A_STOVE_01/BurnerCap2/@MeshInstance3D@6781
0	136,40,216	MeshInstance3D	0.1x0.0x0.1	mat=StandardMaterial3D@0.420,0.400,0.380;mat=StandardMaterial3D@0.420,0.400,0.380	StreetIdShot/OrisonRoot/F02_2A_STOVE_01/BurnerCap2/@MeshInstance3D@6782
0	152,40,216	MeshInstance3D	0.2x0.0x0.2	mat=StandardMaterial3D@0.420,0.400,0.380;mat=StandardMaterial3D@0.420,0.400,0.380	StreetIdShot/OrisonRoot/F02_2A_STOVE_01/Grate3/@MeshInstance3D@6777
0	168,40,216	MeshInstance3D	0.1x0.0x0.1	mat=StandardMaterial3D@0.200,0.190,0.180;mat=StandardMaterial3D@0.200,0.190,0.180	StreetIdShot/OrisonRoot/F02_2A_STOVE_01/BurnerCap3/@MeshInstance3D@6783
0	184,40,216	MeshInstance3D	0.1x0.0x0.1	mat=StandardMaterial3D@0.420,0.400,0.380;mat=StandardMaterial3D@0.420,0.400,0.380	StreetIdShot/OrisonRoot/F02_2A_STOVE_01/BurnerCap3/@MeshInstance3D@6784
0	200,40,216	MeshInstance3D	0.2x0.0x0.2	mat=StandardMaterial3D@0.420,0.400,0.380;mat=StandardMaterial3D@0.420,0.400,0.380	StreetIdShot/OrisonRoot/F02_2A_STOVE_01/Grate4/@MeshInstance3D@6778
0	216,40,216	MeshInstance3D	0.1x0.0x0.1	mat=StandardMaterial3D@0.200,0.190,0.180;mat=StandardMaterial3D@0.200,0.190,0.180	StreetIdShot/OrisonRoot/F02_2A_STOVE_01/BurnerCap4/@MeshInstance3D@6785
0	232,40,216	MeshInstance3D	0.1x0.0x0.1	mat=StandardMaterial3D@0.420,0.400,0.380;mat=StandardMaterial3D@0.420,0.400,0.380	StreetIdShot/OrisonRoot/F02_2A_STOVE_01/BurnerCap4/@MeshInstance3D@6786
0	248,40,216	MeshInstance3D	0.7x1.2x0.6	mat=StandardMaterial3D@0.670,0.610,0.530;mat=StandardMaterial3D@0.670,0.610,0.530	StreetIdShot/OrisonRoot/F02_2A_FRIDGE_01/StaticCarcass/@MeshInstance3D@6859
0	8,56,216	MeshInstance3D	0.5x0.1x0.0	mat=StandardMaterial3D@0.190,0.105,0.055;mat=StandardMaterial3D@0.190,0.105,0.055	StreetIdShot/OrisonRoot/F02_2A_FRIDGE_01/StaticCarcass/@MeshInstance3D@6860
0	24,56,216	MeshInstance3D	0.6x0.9x0.5	mat=StandardMaterial3D@1.000,1.000,1.000;mat=StandardMaterial3D@1.000,1.000,1.000	StreetIdShot/OrisonRoot/F02_2A_FRIDGE_01/StaticCarcass/@MeshInstance3D@6861
0	40,56,216	MeshInstance3D	0.7x0.7x0.0	mat=StandardMaterial3D@0.670,0.610,0.530;mat=StandardMaterial3D@0.670,0.610,0.530	StreetIdShot/OrisonRoot/F02_2A_FRIDGE_01/FoodDoor/@MeshInstance3D@6862
0	56,56,216	MeshInstance3D	0.6x0.6x0.0	mat=StandardMaterial3D@1.000,1.000,1.000;mat=StandardMaterial3D@1.000,1.000,1.000	StreetIdShot/OrisonRoot/F02_2A_FRIDGE_01/FoodDoor/@MeshInstance3D@6863
0	72,56,216	MeshInstance3D	0.7x0.6x0.1	mat=StandardMaterial3D@1.000,1.000,1.000;mat=StandardMaterial3D@1.000,1.000,1.000	StreetIdShot/OrisonRoot/F02_2A_FRIDGE_01/FoodDoor/@MeshInstance3D@6864
0	88,56,216	MeshInstance3D	0.7x0.2x0.0	mat=StandardMaterial3D@0.670,0.610,0.530;mat=StandardMaterial3D@0.670,0.610,0.530	StreetIdShot/OrisonRoot/F02_2A_FRIDGE_01/IceDoor/@MeshInstance3D@6865
0	104,56,216	MeshInstance3D	0.0x0.1x0.0	mat=StandardMaterial3D@1.000,1.000,1.000;mat=StandardMaterial3D@1.000,1.000,1.000	StreetIdShot/OrisonRoot/F02_2A_FRIDGE_01/IceDoor/@MeshInstance3D@6866
0	120,56,216	MeshInstance3D	0.5x0.1x0.2	mat=StandardMaterial3D@1.000,1.000,1.000;mat=StandardMaterial3D@1.000,1.000,1.000	StreetIdShot/OrisonRoot/F02_2A_FRIDGE_01/DripTray/@MeshInstance3D@6867
0	136,56,216	MeshInstance3D	0.5x0.1x0.0	mat=StandardMaterial3D@0.670,0.610,0.530;mat=StandardMaterial3D@0.670,0.610,0.530	StreetIdShot/OrisonRoot/F02_2A_FRIDGE_01/DripTray/@MeshInstance3D@6868
0	152,56,216	MeshInstance3D	0.2x0.0x0.0	mat=StandardMaterial3D@1.000,1.000,1.000;mat=StandardMaterial3D@1.000,1.000,1.000	StreetIdShot/OrisonRoot/F02_2A_FRIDGE_01/DripTray/@MeshInstance3D@6869
0	168,56,216	MeshInstance3D	0.1x0.1x0.1	mat=StandardMaterial3D@1.000,1.000,1.000;mat=StandardMaterial3D@1.000,1.000,1.000	StreetIdShot/OrisonRoot/F02_2A_FRIDGE_01/@MeshInstance3D@6855
0	184,56,216	MeshInstance3D	0.1x0.2x0.1	mat=StandardMaterial3D@1.000,1.000,1.000;mat=StandardMaterial3D@1.000,1.000,1.000	StreetIdShot/OrisonRoot/F02_2A_FRIDGE_01/@MeshInstance3D@6856
0	200,56,216	MeshInstance3D	0.1x0.1x0.1	mat=StandardMaterial3D@0.320,0.440,0.260;mat=StandardMaterial3D@0.320,0.440,0.260	StreetIdShot/OrisonRoot/F02_2A_FRIDGE_01/@MeshInstance3D@6857
0	216,56,216	MeshInstance3D	0.1x0.1x0.1	mat=StandardMaterial3D@0.360,0.240,0.180;mat=StandardMaterial3D@0.360,0.240,0.180	StreetIdShot/OrisonRoot/F02_2A_FRIDGE_01/@MeshInstance3D@6858
0	232,56,216	MeshInstance3D	0.5x0.4x0.1	mat=StandardMaterial3D@0.460,0.440,0.400;mat=StandardMaterial3D@0.460,0.440,0.400	StreetIdShot/OrisonRoot/F02_A_MONITOR_01/ReceiverCase/@MeshInstance3D@6878
0	248,56,216	MeshInstance3D	0.5x0.3x0.0	mat=StandardMaterial3D@0.550,0.500,0.380;mat=StandardMaterial3D@0.550,0.500,0.380	StreetIdShot/OrisonRoot/F02_A_MONITOR_01/ReceiverCase/@MeshInstance3D@6879
0	8,72,216	MeshInstance3D	0.4x0.2x0.0	mat=StandardMaterial3D@0.025,0.035,0.032;mat=StandardMaterial3D@0.025,0.035,0.032	StreetIdShot/OrisonRoot/F02_A_MONITOR_01/PicturePlate
0	24,72,216	MeshInstance3D	0.2x0.0x0.2	mat=StandardMaterial3D@0.620,0.500,0.240;mat=StandardMaterial3D@0.620,0.500,0.240	StreetIdShot/OrisonRoot/F02_A_LAMP_01/@MeshInstance3D@6881
0	40,72,216	MeshInstance3D	0.0x0.2x0.0	mat=StandardMaterial3D@0.620,0.500,0.240;mat=StandardMaterial3D@0.620,0.500,0.240	StreetIdShot/OrisonRoot/F02_A_LAMP_01/@MeshInstance3D@6882
0	56,72,216	MeshInstance3D	0.2x0.1x0.1	mat=StandardMaterial3D@0.160,0.340,0.220;mat=StandardMaterial3D@0.160,0.340,0.220	StreetIdShot/OrisonRoot/F02_A_LAMP_01/@MeshInstance3D@6883
0	72,72,216	MeshInstance3D	0.2x0.0x0.1	mat=StandardMaterial3D@0.620,0.500,0.240;mat=StandardMaterial3D@0.620,0.500,0.240	StreetIdShot/OrisonRoot/F02_A_LAMP_01/@MeshInstance3D@6884
0	88,72,216	MeshInstance3D	0.0x0.0x0.0	mat=StandardMaterial3D@0.110,0.090,0.080;mat=StandardMaterial3D@0.110,0.090,0.080	StreetIdShot/OrisonRoot/F02_A_LAMP_01/@MeshInstance3D@6885
0	104,72,216	MeshInstance3D	0.0x0.2x0.0	mat=StandardMaterial3D@0.300,0.260,0.220;mat=StandardMaterial3D@0.300,0.260,0.220	StreetIdShot/OrisonRoot/F02_A_LAMP_01/@MeshInstance3D@6886
0	120,72,216	MeshInstance3D	0.8x0.3x0.8	mat=StandardMaterial3D@0.780,0.800,0.750;mat=StandardMaterial3D@0.780,0.800,0.750	StreetIdShot/OrisonRoot/F02_2B_SHOWER_01/StaticFixture/@MeshInstance3D@6950
0	136,72,216	MeshInstance3D	0.7x2.0x0.8	mat=StandardMaterial3D@0.930,0.910,0.840;mat=StandardMaterial3D@0.930,0.910,0.840	StreetIdShot/OrisonRoot/F02_2B_SHOWER_01/StaticFixture/@MeshInstance3D@6951
0	152,72,216	MeshInstance3D	0.1x0.0x0.1	mat=StandardMaterial3D@0.330,0.320,0.290;mat=StandardMaterial3D@0.330,0.320,0.290	StreetIdShot/OrisonRoot/F02_2B_SHOWER_01/StaticFixture/@MeshInstance3D@6952
0	168,72,216	MeshInstance3D	0.0x0.0x0.1	mat=StandardMaterial3D@0.790,0.760,0.650;mat=StandardMaterial3D@0.790,0.760,0.650	StreetIdShot/OrisonRoot/F02_2B_SHOWER_01/StaticFixture/@MeshInstance3D@6953
0	184,72,216	MeshInstance3D	0.1x0.0x0.1	mat=StandardMaterial3D@0.390,0.180,0.085;mat=StandardMaterial3D@0.390,0.180,0.085	StreetIdShot/OrisonRoot/F02_2B_SHOWER_01/StaticFixture/@MeshInstance3D@6954
0	200,72,216	MeshInstance3D	0.1x0.1x0.1	mat=StandardMaterial3D@0.930,0.910,0.840;mat=StandardMaterial3D@0.930,0.910,0.840	StreetIdShot/OrisonRoot/F02_2B_SHOWER_01/HotValve/@MeshInstance3D@6955
0	216,72,216	MeshInstance3D	0.0x0.0x0.0	mat=StandardMaterial3D@0.780,0.680,0.440;mat=StandardMaterial3D@0.780,0.680,0.440	StreetIdShot/OrisonRoot/F02_2B_SHOWER_01/HotValve/@MeshInstance3D@6956
0	232,72,216	MeshInstance3D	0.1x0.1x0.1	mat=StandardMaterial3D@0.930,0.910,0.840;mat=StandardMaterial3D@0.930,0.910,0.840	StreetIdShot/OrisonRoot/F02_2B_SHOWER_01/ColdValve/@MeshInstance3D@6957
0	248,72,216	MeshInstance3D	0.0x0.0x0.0	mat=StandardMaterial3D@0.780,0.680,0.440;mat=StandardMaterial3D@0.780,0.680,0.440	StreetIdShot/OrisonRoot/F02_2B_SHOWER_01/ColdValve/@MeshInstance3D@6958
0	8,88,216	MeshInstance3D	0.7x1.6x0.8	mat=StandardMaterial3D@0.900,0.840,0.670;mat=StandardMaterial3D@0.900,0.840,0.670	StreetIdShot/OrisonRoot/F02_2B_SHOWER_01/CurtainDrawn/@MeshInstance3D@6959
0	24,88,216	MeshInstance3D	0.6x0.1x0.7	mat=StandardMaterial3D@0.930,0.910,0.840;mat=StandardMaterial3D@0.930,0.910,0.840	StreetIdShot/OrisonRoot/F02_2B_SHOWER_01/CurtainDrawn/@MeshInstance3D@6960
0	40,88,216	MeshInstance3D	0.1x0.0x0.1	mat=StandardMaterial3D@0.930,0.910,0.840;mat=StandardMaterial3D@0.930,0.910,0.840	StreetIdShot/OrisonRoot/F02_2B_SHOWER_01/Stopper/@MeshInstance3D@6945
0	56,88,216	MeshInstance3D	0.5x1.0x0.7	mat=StandardMaterial3D@0.960,0.940,0.860;mat=StandardMaterial3D@0.960,0.940,0.860	StreetIdShot/OrisonRoot/F02_2B_SINK_01/StaticFixture/@MeshInstance3D@6999
0	72,88,216	MeshInstance3D	0.3x1.0x0.2	mat=StandardMaterial3D@0.930,0.910,0.840;mat=StandardMaterial3D@0.930,0.910,0.840	StreetIdShot/OrisonRoot/F02_2B_SINK_01/StaticFixture/@MeshInstance3D@7000
0	88,88,216	MeshInstance3D	0.1x0.0x0.1	mat=StandardMaterial3D@0.330,0.320,0.290;mat=StandardMaterial3D@0.330,0.320,0.290	StreetIdShot/OrisonRoot/F02_2B_SINK_01/StaticFixture/@MeshInstance3D@7001
0	104,88,216	MeshInstance3D	0.0x0.0x0.1	mat=StandardMaterial3D@0.790,0.760,0.650;mat=StandardMaterial3D@0.790,0.760,0.650	StreetIdShot/OrisonRoot/F02_2B_SINK_01/StaticFixture/@MeshInstance3D@7002
0	120,88,216	MeshInstance3D	0.1x0.1x0.1	mat=StandardMaterial3D@0.930,0.910,0.840;mat=StandardMaterial3D@0.930,0.910,0.840	StreetIdShot/OrisonRoot/F02_2B_SINK_01/HotValve/@MeshInstance3D@7003
0	136,88,216	MeshInstance3D	0.0x0.0x0.0	mat=StandardMaterial3D@0.780,0.680,0.440;mat=StandardMaterial3D@0.780,0.680,0.440	StreetIdShot/OrisonRoot/F02_2B_SINK_01/HotValve/@MeshInstance3D@7004
0	152,88,216	MeshInstance3D	0.1x0.1x0.1	mat=StandardMaterial3D@0.930,0.910,0.840;mat=StandardMaterial3D@0.930,0.910,0.840	StreetIdShot/OrisonRoot/F02_2B_SINK_01/ColdValve/@MeshInstance3D@7005
0	168,88,216	MeshInstance3D	0.0x0.0x0.0	mat=StandardMaterial3D@0.780,0.680,0.440;mat=StandardMaterial3D@0.780,0.680,0.440	StreetIdShot/OrisonRoot/F02_2B_SINK_01/ColdValve/@MeshInstance3D@7006
0	184,88,216	MeshInstance3D	0.1x0.0x0.1	mat=StandardMaterial3D@0.930,0.910,0.840;mat=StandardMaterial3D@0.930,0.910,0.840	StreetIdShot/OrisonRoot/F02_2B_SINK_01/Stopper/@MeshInstance3D@6995
0	200,88,216	MeshInstance3D	0.1x0.7x0.5	mat=StandardMaterial3D@0.860,0.850,0.790;mat=StandardMaterial3D@0.860,0.850,0.790	StreetIdShot/OrisonRoot/F02_2B_MIRROR_01/CabinetCarcass/@MeshInstance3D@7026
0	216,88,216	MeshInstance3D	0.0x0.6x0.4	mat=StandardMaterial3D@0.860,0.850,0.790;mat=StandardMaterial3D@0.860,0.850,0.790	StreetIdShot/OrisonRoot/F02_2B_MIRROR_01/CabinetDoor/@MeshInstance3D@7038
0	232,88,216	MeshInstance3D	0.0x0.6x0.4	mat=StandardMaterial3D@0.780,0.790,0.760;mat=StandardMaterial3D@0.780,0.790,0.760	StreetIdShot/OrisonRoot/F02_2B_MIRROR_01/CabinetDoor/@MeshInstance3D@7039
0	248,88,216	MeshInstance3D	0.1x0.6x0.5	mat=StandardMaterial3D@0.880,0.860,0.800;mat=StandardMaterial3D@0.880,0.860,0.800	StreetIdShot/OrisonRoot/F02_2B_MIRROR_01/CabinetDoor/@MeshInstance3D@7040
0	8,104,216	MeshInstance3D	0.0x0.0x0.0	mat=StandardMaterial3D@0.860,0.800,0.660;mat=StandardMaterial3D@0.860,0.800,0.660	StreetIdShot/OrisonRoot/F02_2B_MIRROR_01/CabinetContents/@MeshInstance3D@7044
0	24,104,216	MeshInstance3D	0.0x0.2x0.1	mat=StandardMaterial3D@1.000,1.000,1.000;mat=StandardMaterial3D@1.000,1.000,1.000	StreetIdShot/OrisonRoot/2B_LT_SCONCE/@Node3D@7048/@MeshInstance3D@7049
0	40,104,216	MeshInstance3D	0.1x0.1x0.1	mat=StandardMaterial3D@1.000,1.000,1.000;mat=StandardMaterial3D@1.000,1.000,1.000	StreetIdShot/OrisonRoot/2B_LT_SCONCE/@Node3D@7048/@MeshInstance3D@7050
0	56,104,216	MeshInstance3D	0.2x0.2x0.2	mat=StandardMaterial3D@1.000,0.970,0.900;mat=StandardMaterial3D@1.000,0.970,0.900	StreetIdShot/OrisonRoot/2B_LT_SCONCE/@Node3D@7048/bulb_globe
0	72,104,216	MeshInstance3D	0.0x0.1x0.1	mat=StandardMaterial3D@0.820,0.720,0.480;mat=StandardMaterial3D@0.820,0.720,0.480	StreetIdShot/OrisonRoot/F02_B_RADIATOR_01/WorkingAssembly/CastSections/ReplaceableAirVent/@MeshInstance3D@7177
0	88,104,216	MeshInstance3D	0.0x0.1x0.0	mat=StandardMaterial3D@0.480,0.200,0.100;mat=StandardMaterial3D@0.480,0.200,0.100	StreetIdShot/OrisonRoot/F02_B_RADIATOR_01/WorkingAssembly/CastSections/ReplaceableAirVent/@MeshInstance3D@7178
0	104,104,216	MeshInstance3D	0.2x0.6x0.8	mat=StandardMaterial3D@0.740,0.750,0.760;mat=StandardMaterial3D@0.740,0.750,0.760	StreetIdShot/OrisonRoot/F02_B_RADIATOR_01/WorkingAssembly/CastSections/@MeshInstance3D@7175
0	120,104,216	MeshInstance3D	0.1x0.1x0.1	mat=StandardMaterial3D@0.820,0.720,0.480;mat=StandardMaterial3D@0.820,0.720,0.480	StreetIdShot/OrisonRoot/F02_B_RADIATOR_01/WorkingAssembly/SupplyHandwheel/@MeshInstance3D@7176
0	136,104,216	MeshInstance3D	0.1x0.0x0.1	mat=StandardMaterial3D@0.420,0.290,0.180;mat=StandardMaterial3D@0.420,0.290,0.180	StreetIdShot/OrisonRoot/F02_B_RADIATOR_01/WorkingAssembly/FarEndPitchShim/@MeshInstance3D@7174
0	152,104,216	MeshInstance3D	0.1x0.1x0.2	mat=StandardMaterial3D@0.520,0.480,0.440;mat=StandardMaterial3D@0.520,0.480,0.440	StreetIdShot/OrisonRoot/F02_B_RADIATOR_01/WorkingAssembly/@MeshInstance3D@7179
0	168,104,216	MeshInstance3D	0.0x0.0x0.1	mat=StandardMaterial3D@0.480,0.200,0.100;mat=StandardMaterial3D@0.480,0.200,0.100	StreetIdShot/OrisonRoot/F02_B_RADIATOR_01/WorkingAssembly/@MeshInstance3D@7180
0	184,104,216	MeshInstance3D	0.5x0.3x1.0	mat=StandardMaterial3D@0.780,0.800,0.750;mat=StandardMaterial3D@0.780,0.800,0.750	StreetIdShot/OrisonRoot/F02_2B_KITCHEN_SINK_01/StaticFixture/@MeshInstance3D@7231
0	200,104,216	MeshInstance3D	0.2x0.5x0.2	mat=StandardMaterial3D@0.930,0.910,0.840;mat=StandardMaterial3D@0.930,0.910,0.840	StreetIdShot/OrisonRoot/F02_2B_KITCHEN_SINK_01/StaticFixture/@MeshInstance3D@7232
0	216,104,216	MeshInstance3D	0.1x0.0x0.1	mat=StandardMaterial3D@0.330,0.320,0.290;mat=StandardMaterial3D@0.330,0.320,0.290	StreetIdShot/OrisonRoot/F02_2B_KITCHEN_SINK_01/StaticFixture/@MeshInstance3D@7233
0	232,104,216	MeshInstance3D	0.0x0.0x0.1	mat=StandardMaterial3D@0.790,0.760,0.650;mat=StandardMaterial3D@0.790,0.760,0.650	StreetIdShot/OrisonRoot/F02_2B_KITCHEN_SINK_01/StaticFixture/@MeshInstance3D@7234
0	248,104,216	MeshInstance3D	0.1x0.0x0.1	mat=StandardMaterial3D@0.390,0.180,0.085;mat=StandardMaterial3D@0.390,0.180,0.085	StreetIdShot/OrisonRoot/F02_2B_KITCHEN_SINK_01/StaticFixture/@MeshInstance3D@7235
0	8,120,216	MeshInstance3D	0.1x0.1x0.1	mat=StandardMaterial3D@0.930,0.910,0.840;mat=StandardMaterial3D@0.930,0.910,0.840	StreetIdShot/OrisonRoot/F02_2B_KITCHEN_SINK_01/HotValve/@MeshInstance3D@7236
0	24,120,216	MeshInstance3D	0.0x0.0x0.0	mat=StandardMaterial3D@0.780,0.680,0.440;mat=StandardMaterial3D@0.780,0.680,0.440	StreetIdShot/OrisonRoot/F02_2B_KITCHEN_SINK_01/HotValve/@MeshInstance3D@7237
0	40,120,216	MeshInstance3D	0.1x0.1x0.1	mat=StandardMaterial3D@0.930,0.910,0.840;mat=StandardMaterial3D@0.930,0.910,0.840	StreetIdShot/OrisonRoot/F02_2B_KITCHEN_SINK_01/ColdValve/@MeshInstance3D@7238
0	56,120,216	MeshInstance3D	0.0x0.0x0.0	mat=StandardMaterial3D@0.780,0.680,0.440;mat=StandardMaterial3D@0.780,0.680,0.440	StreetIdShot/OrisonRoot/F02_2B_KITCHEN_SINK_01/ColdValve/@MeshInstance3D@7239
0	72,120,216	MeshInstance3D	0.1x0.0x0.1	mat=StandardMaterial3D@0.930,0.910,0.840;mat=StandardMaterial3D@0.930,0.910,0.840	StreetIdShot/OrisonRoot/F02_2B_KITCHEN_SINK_01/Stopper/@MeshInstance3D@7218
0	88,120,216	MeshInstance3D	0.2x0.1x0.3	mat=StandardMaterial3D@0.820,0.780,0.720;mat=StandardMaterial3D@0.820,0.780,0.720	StreetIdShot/OrisonRoot/F02_2B_TOASTER_01/StaticCase/@MeshInstance3D@7338
0	104,120,216	MeshInstance3D	0.2x0.2x0.3	mat=StandardMaterial3D@0.940,0.920,0.860;mat=StandardMaterial3D@0.940,0.920,0.860	StreetIdShot/OrisonRoot/F02_2B_TOASTER_01/StaticCase/@MeshInstance3D@7339
0	120,120,216	MeshInstance3D	0.1x0.0x0.0	mat=StandardMaterial3D@0.620,0.480,0.400;mat=StandardMaterial3D@0.620,0.480,0.400	StreetIdShot/OrisonRoot/F02_2B_TOASTER_01/StaticCase/@MeshInstance3D@7340
0	136,120,216	MeshInstance3D	0.1x0.1x0.2	mat=StandardMaterial3D@0.860,0.730,0.520;mat=StandardMaterial3D@0.860,0.730,0.520	StreetIdShot/OrisonRoot/F02_2B_TOASTER_01/StaticCase/@MeshInstance3D@7341
0	152,120,216	MeshInstance3D	0.1x0.1x0.2	mat=StandardMaterial3D@0.090,0.025,0.012;mat=StandardMaterial3D@0.090,0.025,0.012	StreetIdShot/OrisonRoot/F02_2B_TOASTER_01/ResistanceWire/@MeshInstance3D@7296
0	168,120,216	MeshInstance3D	0.0x0.0x0.0	mat=StandardMaterial3D@0.820,0.780,0.720;mat=StandardMaterial3D@0.820,0.780,0.720	StreetIdShot/OrisonRoot/F02_2B_TOASTER_01/CarriageLever/@MeshInstance3D@7297
0	184,120,216	MeshInstance3D	0.0x0.0x0.0	mat=StandardMaterial3D@0.940,0.920,0.860;mat=StandardMaterial3D@0.940,0.920,0.860	StreetIdShot/OrisonRoot/F02_2B_TOASTER_01/CarriageLever/@MeshInstance3D@7298
0	200,120,216	MeshInstance3D	0.0x0.0x0.2	mat=StandardMaterial3D@0.940,0.920,0.860;mat=StandardMaterial3D@0.940,0.920,0.860	StreetIdShot/OrisonRoot/F02_2B_TOASTER_01/BreadCarrier/@MeshInstance3D@7342
0	216,120,216	MeshInstance3D	0.1x0.0x0.2	mat=StandardMaterial3D@0.940,0.920,0.860;mat=StandardMaterial3D@0.940,0.920,0.860	StreetIdShot/OrisonRoot/F02_2B_TOASTER_01/OrisonRetrofitCrumbTray/@MeshInstance3D@7343
0	232,120,216	MeshInstance3D	0.0x0.0x0.0	mat=StandardMaterial3D@0.820,0.780,0.720;mat=StandardMaterial3D@0.820,0.780,0.720	StreetIdShot/OrisonRoot/F02_2B_TOASTER_01/OrisonRetrofitCrumbTray/@MeshInstance3D@7344
0	248,120,216	MeshInstance3D	0.1x0.0x0.1	mat=StandardMaterial3D@0.100,0.055,0.025;mat=StandardMaterial3D@0.100,0.055,0.025	StreetIdShot/OrisonRoot/F02_2B_TOASTER_01/OrisonRetrofitCrumbTray/@MeshInstance3D@7346
0	8,136,216	MeshInstance3D	0.1x0.0x0.2	mat=StandardMaterial3D@0.520,0.290,0.090;mat=StandardMaterial3D@0.520,0.290,0.090	StreetIdShot/OrisonRoot/F02_2B_TOASTER_01/OrisonRetrofitCrumbTray/@MeshInstance3D@7347
0	24,136,216	MeshInstance3D	0.5x0.7x0.6	mat=StandardMaterial3D@0.420,0.400,0.380;mat=StandardMaterial3D@0.420,0.400,0.380	StreetIdShot/OrisonRoot/F02_2B_STOVE_01/StaticCarcass/@MeshInstance3D@7476
0	40,136,216	MeshInstance3D	0.6x0.8x0.6	mat=StandardMaterial3D@0.200,0.190,0.180;mat=StandardMaterial3D@0.200,0.190,0.180	StreetIdShot/OrisonRoot/F02_2B_STOVE_01/StaticCarcass/@MeshInstance3D@7477
0	56,136,216	MeshInstance3D	0.6x1.0x0.6	mat=StandardMaterial3D@0.960,0.910,0.820;mat=StandardMaterial3D@0.960,0.910,0.820	StreetIdShot/OrisonRoot/F02_2B_STOVE_01/StaticCarcass/@MeshInstance3D@7478
0	72,136,216	MeshInstance3D	0.4x0.4x0.5	mat=StandardMaterial3D@0.820,0.740,0.520;mat=StandardMaterial3D@0.820,0.740,0.520	StreetIdShot/OrisonRoot/F02_2B_STOVE_01/StaticCarcass/@MeshInstance3D@7479
0	88,136,216	MeshInstance3D	0.0x0.3x0.4	mat=StandardMaterial3D@0.960,0.910,0.820;mat=StandardMaterial3D@0.960,0.910,0.820	StreetIdShot/OrisonRoot/F02_2B_STOVE_01/OvenDoor/@MeshInstance3D@7480
0	104,136,216	MeshInstance3D	0.0x0.3x0.4	mat=StandardMaterial3D@0.420,0.400,0.380;mat=StandardMaterial3D@0.420,0.400,0.380	StreetIdShot/OrisonRoot/F02_2B_STOVE_01/OvenDoor/@MeshInstance3D@7481
0	120,136,216	MeshInstance3D	0.0x0.1x0.4	mat=StandardMaterial3D@0.820,0.740,0.520;mat=StandardMaterial3D@0.820,0.740,0.520	StreetIdShot/OrisonRoot/F02_2B_STOVE_01/OvenDoor/@MeshInstance3D@7482
0	136,136,216	MeshInstance3D	0.0x0.1x0.4	mat=StandardMaterial3D@0.960,0.910,0.820;mat=StandardMaterial3D@0.960,0.910,0.820	StreetIdShot/OrisonRoot/F02_2B_STOVE_01/BroilerDrawer/@MeshInstance3D@7483
0	152,136,216	MeshInstance3D	0.0x0.0x0.2	mat=StandardMaterial3D@0.200,0.190,0.180;mat=StandardMaterial3D@0.200,0.190,0.180	StreetIdShot/OrisonRoot/F02_2B_STOVE_01/BroilerDrawer/@MeshInstance3D@7484
0	168,136,216	MeshInstance3D	0.0x0.1x0.1	mat=StandardMaterial3D@0.560,0.390,0.280;mat=StandardMaterial3D@0.560,0.390,0.280	StreetIdShot/OrisonRoot/F02_2B_STOVE_01/BurnerValve1/@MeshInstance3D@7485
0	184,136,216	MeshInstance3D	0.0x0.0x0.0	mat=StandardMaterial3D@0.820,0.740,0.520;mat=StandardMaterial3D@0.820,0.740,0.520	StreetIdShot/OrisonRoot/F02_2B_STOVE_01/BurnerValve1/@MeshInstance3D@7486
0	200,136,216	MeshInstance3D	0.0x0.1x0.1	mat=StandardMaterial3D@0.560,0.390,0.280;mat=StandardMaterial3D@0.560,0.390,0.280	StreetIdShot/OrisonRoot/F02_2B_STOVE_01/BurnerValve2/@MeshInstance3D@7487
0	216,136,216	MeshInstance3D	0.0x0.0x0.0	mat=StandardMaterial3D@0.820,0.740,0.520;mat=StandardMaterial3D@0.820,0.740,0.520	StreetIdShot/OrisonRoot/F02_2B_STOVE_01/BurnerValve2/@MeshInstance3D@7488
0	232,136,216	MeshInstance3D	0.0x0.1x0.1	mat=StandardMaterial3D@0.560,0.390,0.280;mat=StandardMaterial3D@0.560,0.390,0.280	StreetIdShot/OrisonRoot/F02_2B_STOVE_01/BurnerValve3/@MeshInstance3D@7489
0	248,136,216	MeshInstance3D	0.0x0.0x0.0	mat=StandardMaterial3D@0.820,0.740,0.520;mat=StandardMaterial3D@0.820,0.740,0.520	StreetIdShot/OrisonRoot/F02_2B_STOVE_01/BurnerValve3/@MeshInstance3D@7490
0	8,152,216	MeshInstance3D	0.0x0.1x0.1	mat=StandardMaterial3D@0.560,0.390,0.280;mat=StandardMaterial3D@0.560,0.390,0.280	StreetIdShot/OrisonRoot/F02_2B_STOVE_01/BurnerValve4/@MeshInstance3D@7491
0	24,152,216	MeshInstance3D	0.0x0.0x0.0	mat=StandardMaterial3D@0.820,0.740,0.520;mat=StandardMaterial3D@0.820,0.740,0.520	StreetIdShot/OrisonRoot/F02_2B_STOVE_01/BurnerValve4/@MeshInstance3D@7492
0	40,152,216	MeshInstance3D	0.0x0.1x0.1	mat=StandardMaterial3D@0.560,0.390,0.280;mat=StandardMaterial3D@0.560,0.390,0.280	StreetIdShot/OrisonRoot/F02_2B_STOVE_01/OvenValve/@MeshInstance3D@7398
0	56,152,216	MeshInstance3D	0.0x0.0x0.0	mat=StandardMaterial3D@0.820,0.740,0.520;mat=StandardMaterial3D@0.820,0.740,0.520	StreetIdShot/OrisonRoot/F02_2B_STOVE_01/OvenValve/@MeshInstance3D@7399
0	72,152,216	MeshInstance3D	0.2x0.0x0.2	mat=StandardMaterial3D@0.420,0.400,0.380;mat=StandardMaterial3D@0.420,0.400,0.380	StreetIdShot/OrisonRoot/F02_2B_STOVE_01/Grate1/@MeshInstance3D@7493
0	88,152,216	MeshInstance3D	0.1x0.0x0.1	mat=StandardMaterial3D@0.200,0.190,0.180;mat=StandardMaterial3D@0.200,0.190,0.180	StreetIdShot/OrisonRoot/F02_2B_STOVE_01/BurnerCap1/@MeshInstance3D@7497
0	104,152,216	MeshInstance3D	0.1x0.0x0.1	mat=StandardMaterial3D@0.420,0.400,0.380;mat=StandardMaterial3D@0.420,0.400,0.380	StreetIdShot/OrisonRoot/F02_2B_STOVE_01/BurnerCap1/@MeshInstance3D@7498
0	120,152,216	MeshInstance3D	0.2x0.0x0.2	mat=StandardMaterial3D@0.420,0.400,0.380;mat=StandardMaterial3D@0.420,0.400,0.380	StreetIdShot/OrisonRoot/F02_2B_STOVE_01/Grate2/@MeshInstance3D@7494
0	136,152,216	MeshInstance3D	0.1x0.0x0.1	mat=StandardMaterial3D@0.200,0.190,0.180;mat=StandardMaterial3D@0.200,0.190,0.180	StreetIdShot/OrisonRoot/F02_2B_STOVE_01/BurnerCap2/@MeshInstance3D@7499
0	152,152,216	MeshInstance3D	0.1x0.0x0.1	mat=StandardMaterial3D@0.420,0.400,0.380;mat=StandardMaterial3D@0.420,0.400,0.380	StreetIdShot/OrisonRoot/F02_2B_STOVE_01/BurnerCap2/@MeshInstance3D@7500
0	168,152,216	MeshInstance3D	0.2x0.0x0.2	mat=StandardMaterial3D@0.420,0.400,0.380;mat=StandardMaterial3D@0.420,0.400,0.380	StreetIdShot/OrisonRoot/F02_2B_STOVE_01/Grate3/@MeshInstance3D@7495
0	184,152,216	MeshInstance3D	0.1x0.0x0.1	mat=StandardMaterial3D@0.200,0.190,0.180;mat=StandardMaterial3D@0.200,0.190,0.180	StreetIdShot/OrisonRoot/F02_2B_STOVE_01/BurnerCap3/@MeshInstance3D@7501
0	200,152,216	MeshInstance3D	0.1x0.0x0.1	mat=StandardMaterial3D@0.420,0.400,0.380;mat=StandardMaterial3D@0.420,0.400,0.380	StreetIdShot/OrisonRoot/F02_2B_STOVE_01/BurnerCap3/@MeshInstance3D@7502
0	216,152,216	MeshInstance3D	0.2x0.0x0.2	mat=StandardMaterial3D@0.420,0.400,0.380;mat=StandardMaterial3D@0.420,0.400,0.380	StreetIdShot/OrisonRoot/F02_2B_STOVE_01/Grate4/@MeshInstance3D@7496
0	232,152,216	MeshInstance3D	0.1x0.0x0.1	mat=StandardMaterial3D@0.200,0.190,0.180;mat=StandardMaterial3D@0.200,0.190,0.180	StreetIdShot/OrisonRoot/F02_2B_STOVE_01/BurnerCap4/@MeshInstance3D@7503
0	248,152,216	MeshInstance3D	0.1x0.0x0.1	mat=StandardMaterial3D@0.420,0.400,0.380;mat=StandardMaterial3D@0.420,0.400,0.380	StreetIdShot/OrisonRoot/F02_2B_STOVE_01/BurnerCap4/@MeshInstance3D@7504
0	8,168,216	MeshInstance3D	0.6x1.2x0.7	mat=StandardMaterial3D@0.580,0.540,0.480;mat=StandardMaterial3D@0.580,0.540,0.480	StreetIdShot/OrisonRoot/F02_2B_FRIDGE_01/StaticCarcass/@MeshInstance3D@7576
0	24,168,216	MeshInstance3D	0.0x0.1x0.5	mat=StandardMaterial3D@0.190,0.105,0.055;mat=StandardMaterial3D@0.190,0.105,0.055	StreetIdShot/OrisonRoot/F02_2B_FRIDGE_01/StaticCarcass/@MeshInstance3D@7577
0	40,168,216	MeshInstance3D	0.5x0.9x0.6	mat=StandardMaterial3D@1.000,1.000,1.000;mat=StandardMaterial3D@1.000,1.000,1.000	StreetIdShot/OrisonRoot/F02_2B_FRIDGE_01/StaticCarcass/@MeshInstance3D@7578
0	56,168,216	MeshInstance3D	0.0x0.7x0.7	mat=StandardMaterial3D@0.580,0.540,0.480;mat=StandardMaterial3D@0.580,0.540,0.480	StreetIdShot/OrisonRoot/F02_2B_FRIDGE_01/FoodDoor/@MeshInstance3D@7579
0	72,168,216	MeshInstance3D	0.0x0.6x0.6	mat=StandardMaterial3D@1.000,1.000,1.000;mat=StandardMaterial3D@1.000,1.000,1.000	StreetIdShot/OrisonRoot/F02_2B_FRIDGE_01/FoodDoor/@MeshInstance3D@7580
0	88,168,216	MeshInstance3D	0.1x0.6x0.7	mat=StandardMaterial3D@1.000,1.000,1.000;mat=StandardMaterial3D@1.000,1.000,1.000	StreetIdShot/OrisonRoot/F02_2B_FRIDGE_01/FoodDoor/@MeshInstance3D@7581
0	104,168,216	MeshInstance3D	0.0x0.2x0.7	mat=StandardMaterial3D@0.580,0.540,0.480;mat=StandardMaterial3D@0.580,0.540,0.480	StreetIdShot/OrisonRoot/F02_2B_FRIDGE_01/IceDoor/@MeshInstance3D@7582
0	120,168,216	MeshInstance3D	0.0x0.1x0.0	mat=StandardMaterial3D@1.000,1.000,1.000;mat=StandardMaterial3D@1.000,1.000,1.000	StreetIdShot/OrisonRoot/F02_2B_FRIDGE_01/IceDoor/@MeshInstance3D@7583
0	136,168,216	MeshInstance3D	0.2x0.1x0.5	mat=StandardMaterial3D@1.000,1.000,1.000;mat=StandardMaterial3D@1.000,1.000,1.000	StreetIdShot/OrisonRoot/F02_2B_FRIDGE_01/DripTray/@MeshInstance3D@7584
0	152,168,216	MeshInstance3D	0.0x0.1x0.5	mat=StandardMaterial3D@0.580,0.540,0.480;mat=StandardMaterial3D@0.580,0.540,0.480	StreetIdShot/OrisonRoot/F02_2B_FRIDGE_01/DripTray/@MeshInstance3D@7585
0	168,168,216	MeshInstance3D	0.0x0.0x0.2	mat=StandardMaterial3D@1.000,1.000,1.000;mat=StandardMaterial3D@1.000,1.000,1.000	StreetIdShot/OrisonRoot/F02_2B_FRIDGE_01/DripTray/@MeshInstance3D@7586
0	184,168,216	MeshInstance3D	0.1x0.2x0.1	mat=StandardMaterial3D@1.000,1.000,1.000;mat=StandardMaterial3D@1.000,1.000,1.000	StreetIdShot/OrisonRoot/F02_2B_FRIDGE_01/@MeshInstance3D@7573
0	200,168,216	MeshInstance3D	0.0x0.1x0.1	mat=StandardMaterial3D@1.000,1.000,1.000;mat=StandardMaterial3D@1.000,1.000,1.000	StreetIdShot/OrisonRoot/F02_2B_FRIDGE_01/@MeshInstance3D@7574
0	216,168,216	MeshInstance3D	0.1x0.1x0.1	mat=StandardMaterial3D@0.780,0.760,0.640;mat=StandardMaterial3D@0.780,0.760,0.640	StreetIdShot/OrisonRoot/F02_2B_FRIDGE_01/@MeshInstance3D@7575
0	232,168,216	MeshInstance3D	0.8x0.3x0.8	mat=StandardMaterial3D@0.780,0.800,0.750;mat=StandardMaterial3D@0.780,0.800,0.750	StreetIdShot/OrisonRoot/F02_2C_SHOWER_01/StaticFixture/@MeshInstance3D@7652
0	248,168,216	MeshInstance3D	0.7x2.0x0.8	mat=StandardMaterial3D@0.930,0.910,0.840;mat=StandardMaterial3D@0.930,0.910,0.840	StreetIdShot/OrisonRoot/F02_2C_SHOWER_01/StaticFixture/@MeshInstance3D@7653
0	8,184,216	MeshInstance3D	0.1x0.0x0.1	mat=StandardMaterial3D@0.330,0.320,0.290;mat=StandardMaterial3D@0.330,0.320,0.290	StreetIdShot/OrisonRoot/F02_2C_SHOWER_01/StaticFixture/@MeshInstance3D@7654
0	24,184,216	MeshInstance3D	0.0x0.0x0.1	mat=StandardMaterial3D@0.790,0.760,0.650;mat=StandardMaterial3D@0.790,0.760,0.650	StreetIdShot/OrisonRoot/F02_2C_SHOWER_01/StaticFixture/@MeshInstance3D@7655
0	40,184,216	MeshInstance3D	0.1x0.0x0.1	mat=StandardMaterial3D@0.390,0.180,0.085;mat=StandardMaterial3D@0.390,0.180,0.085	StreetIdShot/OrisonRoot/F02_2C_SHOWER_01/StaticFixture/@MeshInstance3D@7656
0	56,184,216	MeshInstance3D	0.1x0.1x0.1	mat=StandardMaterial3D@0.930,0.910,0.840;mat=StandardMaterial3D@0.930,0.910,0.840	StreetIdShot/OrisonRoot/F02_2C_SHOWER_01/HotValve/@MeshInstance3D@7657
0	72,184,216	MeshInstance3D	0.0x0.0x0.0	mat=StandardMaterial3D@0.780,0.680,0.440;mat=StandardMaterial3D@0.780,0.680,0.440	StreetIdShot/OrisonRoot/F02_2C_SHOWER_01/HotValve/@MeshInstance3D@7658
0	88,184,216	MeshInstance3D	0.1x0.1x0.1	mat=StandardMaterial3D@0.930,0.910,0.840;mat=StandardMaterial3D@0.930,0.910,0.840	StreetIdShot/OrisonRoot/F02_2C_SHOWER_01/ColdValve/@MeshInstance3D@7659
0	104,184,216	MeshInstance3D	0.0x0.0x0.0	mat=StandardMaterial3D@0.780,0.680,0.440;mat=StandardMaterial3D@0.780,0.680,0.440	StreetIdShot/OrisonRoot/F02_2C_SHOWER_01/ColdValve/@MeshInstance3D@7660
0	120,184,216	MeshInstance3D	0.7x1.6x0.8	mat=StandardMaterial3D@0.900,0.840,0.670;mat=StandardMaterial3D@0.900,0.840,0.670	StreetIdShot/OrisonRoot/F02_2C_SHOWER_01/CurtainDrawn/@MeshInstance3D@7661
0	136,184,216	MeshInstance3D	0.6x0.1x0.7	mat=StandardMaterial3D@0.930,0.910,0.840;mat=StandardMaterial3D@0.930,0.910,0.840	StreetIdShot/OrisonRoot/F02_2C_SHOWER_01/CurtainDrawn/@MeshInstance3D@7662
0	152,184,216	MeshInstance3D	0.1x0.0x0.1	mat=StandardMaterial3D@0.930,0.910,0.840;mat=StandardMaterial3D@0.930,0.910,0.840	StreetIdShot/OrisonRoot/F02_2C_SHOWER_01/Stopper/@MeshInstance3D@7647
0	168,184,216	MeshInstance3D	0.5x1.0x0.7	mat=StandardMaterial3D@0.960,0.940,0.860;mat=StandardMaterial3D@0.960,0.940,0.860	StreetIdShot/OrisonRoot/F02_2C_SINK_01/StaticFixture/@MeshInstance3D@7701
0	184,184,216	MeshInstance3D	0.3x1.0x0.2	mat=StandardMaterial3D@0.930,0.910,0.840;mat=StandardMaterial3D@0.930,0.910,0.840	StreetIdShot/OrisonRoot/F02_2C_SINK_01/StaticFixture/@MeshInstance3D@7702
0	200,184,216	MeshInstance3D	0.1x0.0x0.1	mat=StandardMaterial3D@0.330,0.320,0.290;mat=StandardMaterial3D@0.330,0.320,0.290	StreetIdShot/OrisonRoot/F02_2C_SINK_01/StaticFixture/@MeshInstance3D@7703
0	216,184,216	MeshInstance3D	0.0x0.0x0.1	mat=StandardMaterial3D@0.790,0.760,0.650;mat=StandardMaterial3D@0.790,0.760,0.650	StreetIdShot/OrisonRoot/F02_2C_SINK_01/StaticFixture/@MeshInstance3D@7704
0	232,184,216	MeshInstance3D	0.1x0.1x0.1	mat=StandardMaterial3D@0.930,0.910,0.840;mat=StandardMaterial3D@0.930,0.910,0.840	StreetIdShot/OrisonRoot/F02_2C_SINK_01/HotValve/@MeshInstance3D@7705
0	248,184,216	MeshInstance3D	0.0x0.0x0.0	mat=StandardMaterial3D@0.780,0.680,0.440;mat=StandardMaterial3D@0.780,0.680,0.440	StreetIdShot/OrisonRoot/F02_2C_SINK_01/HotValve/@MeshInstance3D@7706
0	8,200,216	MeshInstance3D	0.1x0.1x0.1	mat=StandardMaterial3D@0.930,0.910,0.840;mat=StandardMaterial3D@0.930,0.910,0.840	StreetIdShot/OrisonRoot/F02_2C_SINK_01/ColdValve/@MeshInstance3D@7707
0	24,200,216	MeshInstance3D	0.0x0.0x0.0	mat=StandardMaterial3D@0.780,0.680,0.440;mat=StandardMaterial3D@0.780,0.680,0.440	StreetIdShot/OrisonRoot/F02_2C_SINK_01/ColdValve/@MeshInstance3D@7708
0	40,200,216	MeshInstance3D	0.1x0.0x0.1	mat=StandardMaterial3D@0.930,0.910,0.840;mat=StandardMaterial3D@0.930,0.910,0.840	StreetIdShot/OrisonRoot/F02_2C_SINK_01/Stopper/@MeshInstance3D@7697
0	56,200,216	MeshInstance3D	0.1x0.7x0.5	mat=StandardMaterial3D@0.860,0.850,0.790;mat=StandardMaterial3D@0.860,0.850,0.790	StreetIdShot/OrisonRoot/F02_2C_MIRROR_01/CabinetCarcass/@MeshInstance3D@7728
0	72,200,216	MeshInstance3D	0.0x0.6x0.4	mat=StandardMaterial3D@0.860,0.850,0.790;mat=StandardMaterial3D@0.860,0.850,0.790	StreetIdShot/OrisonRoot/F02_2C_MIRROR_01/CabinetDoor/@MeshInstance3D@7740
0	88,200,216	MeshInstance3D	0.0x0.6x0.4	mat=StandardMaterial3D@0.780,0.790,0.760;mat=StandardMaterial3D@0.780,0.790,0.760	StreetIdShot/OrisonRoot/F02_2C_MIRROR_01/CabinetDoor/@MeshInstance3D@7741
0	104,200,216	MeshInstance3D	0.1x0.6x0.5	mat=StandardMaterial3D@0.880,0.860,0.800;mat=StandardMaterial3D@0.880,0.860,0.800	StreetIdShot/OrisonRoot/F02_2C_MIRROR_01/CabinetDoor/@MeshInstance3D@7742
0	120,200,216	MeshInstance3D	0.1x0.0x0.1	mat=StandardMaterial3D@0.860,0.800,0.660;mat=StandardMaterial3D@0.860,0.800,0.660	StreetIdShot/OrisonRoot/F02_2C_MIRROR_01/CabinetContents/@MeshInstance3D@7746
0	136,200,216	MeshInstance3D	0.0x0.2x0.1	mat=StandardMaterial3D@1.000,1.000,1.000;mat=StandardMaterial3D@1.000,1.000,1.000	StreetIdShot/OrisonRoot/2C_LT_SCONCE/@Node3D@7749/@MeshInstance3D@7750
0	152,200,216	MeshInstance3D	0.1x0.1x0.1	mat=StandardMaterial3D@1.000,1.000,1.000;mat=StandardMaterial3D@1.000,1.000,1.000	StreetIdShot/OrisonRoot/2C_LT_SCONCE/@Node3D@7749/@MeshInstance3D@7751
0	168,200,216	MeshInstance3D	0.2x0.2x0.2	mat=StandardMaterial3D@1.000,0.970,0.900;mat=StandardMaterial3D@1.000,0.970,0.900	StreetIdShot/OrisonRoot/2C_LT_SCONCE/@Node3D@7749/bulb_globe
0	184,200,216	MeshInstance3D	0.0x0.1x0.1	mat=StandardMaterial3D@0.820,0.720,0.480;mat=StandardMaterial3D@0.820,0.720,0.480	StreetIdShot/OrisonRoot/F02_C_RADIATOR_01/WorkingAssembly/CastSections/ReplaceableAirVent/@MeshInstance3D@7856
0	200,200,216	MeshInstance3D	0.0x0.1x0.0	mat=StandardMaterial3D@0.480,0.200,0.100;mat=StandardMaterial3D@0.480,0.200,0.100	StreetIdShot/OrisonRoot/F02_C_RADIATOR_01/WorkingAssembly/CastSections/ReplaceableAirVent/@MeshInstance3D@7857
0	216,200,216	MeshInstance3D	0.2x0.6x0.6	mat=StandardMaterial3D@0.320,0.310,0.300;mat=StandardMaterial3D@0.320,0.310,0.300	StreetIdShot/OrisonRoot/F02_C_RADIATOR_01/WorkingAssembly/CastSections/@MeshInstance3D@7854
0	232,200,216	MeshInstance3D	0.1x0.1x0.1	mat=StandardMaterial3D@0.820,0.720,0.480;mat=StandardMaterial3D@0.820,0.720,0.480	StreetIdShot/OrisonRoot/F02_C_RADIATOR_01/WorkingAssembly/SupplyHandwheel/@MeshInstance3D@7855
0	248,200,216	MeshInstance3D	0.1x0.0x0.1	mat=StandardMaterial3D@0.420,0.290,0.180;mat=StandardMaterial3D@0.420,0.290,0.180	StreetIdShot/OrisonRoot/F02_C_RADIATOR_01/WorkingAssembly/FarEndPitchShim/@MeshInstance3D@7853
0	8,216,216	MeshInstance3D	0.1x0.1x0.2	mat=StandardMaterial3D@0.520,0.480,0.440;mat=StandardMaterial3D@0.520,0.480,0.440	StreetIdShot/OrisonRoot/F02_C_RADIATOR_01/WorkingAssembly/@MeshInstance3D@7858
0	24,216,216	MeshInstance3D	0.0x0.0x0.1	mat=StandardMaterial3D@0.480,0.200,0.100;mat=StandardMaterial3D@0.480,0.200,0.100	StreetIdShot/OrisonRoot/F02_C_RADIATOR_01/WorkingAssembly/@MeshInstance3D@7859
0	40,216,216	MeshInstance3D	0.5x0.3x1.0	mat=StandardMaterial3D@0.780,0.800,0.750;mat=StandardMaterial3D@0.780,0.800,0.750	StreetIdShot/OrisonRoot/F02_2C_KITCHEN_SINK_01/StaticFixture/@MeshInstance3D@7910
0	56,216,216	MeshInstance3D	0.2x0.5x0.2	mat=StandardMaterial3D@0.930,0.910,0.840;mat=StandardMaterial3D@0.930,0.910,0.840	StreetIdShot/OrisonRoot/F02_2C_KITCHEN_SINK_01/StaticFixture/@MeshInstance3D@7911
0	72,216,216	MeshInstance3D	0.1x0.0x0.1	mat=StandardMaterial3D@0.330,0.320,0.290;mat=StandardMaterial3D@0.330,0.320,0.290	StreetIdShot/OrisonRoot/F02_2C_KITCHEN_SINK_01/StaticFixture/@MeshInstance3D@7912
0	88,216,216	MeshInstance3D	0.0x0.0x0.1	mat=StandardMaterial3D@0.790,0.760,0.650;mat=StandardMaterial3D@0.790,0.760,0.650	StreetIdShot/OrisonRoot/F02_2C_KITCHEN_SINK_01/StaticFixture/@MeshInstance3D@7913
0	104,216,216	MeshInstance3D	0.1x0.0x0.1	mat=StandardMaterial3D@0.390,0.180,0.085;mat=StandardMaterial3D@0.390,0.180,0.085	StreetIdShot/OrisonRoot/F02_2C_KITCHEN_SINK_01/StaticFixture/@MeshInstance3D@7914
0	120,216,216	MeshInstance3D	0.1x0.1x0.1	mat=StandardMaterial3D@0.930,0.910,0.840;mat=StandardMaterial3D@0.930,0.910,0.840	StreetIdShot/OrisonRoot/F02_2C_KITCHEN_SINK_01/HotValve/@MeshInstance3D@7915
0	136,216,216	MeshInstance3D	0.0x0.0x0.0	mat=StandardMaterial3D@0.780,0.680,0.440;mat=StandardMaterial3D@0.780,0.680,0.440	StreetIdShot/OrisonRoot/F02_2C_KITCHEN_SINK_01/HotValve/@MeshInstance3D@7916
0	152,216,216	MeshInstance3D	0.1x0.1x0.1	mat=StandardMaterial3D@0.930,0.910,0.840;mat=StandardMaterial3D@0.930,0.910,0.840	StreetIdShot/OrisonRoot/F02_2C_KITCHEN_SINK_01/ColdValve/@MeshInstance3D@7917
0	168,216,216	MeshInstance3D	0.0x0.0x0.0	mat=StandardMaterial3D@0.780,0.680,0.440;mat=StandardMaterial3D@0.780,0.680,0.440	StreetIdShot/OrisonRoot/F02_2C_KITCHEN_SINK_01/ColdValve/@MeshInstance3D@7918
0	184,216,216	MeshInstance3D	0.1x0.0x0.1	mat=StandardMaterial3D@0.930,0.910,0.840;mat=StandardMaterial3D@0.930,0.910,0.840	StreetIdShot/OrisonRoot/F02_2C_KITCHEN_SINK_01/Stopper/@MeshInstance3D@7897
0	200,216,216	MeshInstance3D	0.5x0.7x0.6	mat=StandardMaterial3D@0.420,0.400,0.380;mat=StandardMaterial3D@0.420,0.400,0.380	StreetIdShot/OrisonRoot/F02_2C_STOVE_01/StaticCarcass/@MeshInstance3D@8045
0	216,216,216	MeshInstance3D	0.6x0.8x0.6	mat=StandardMaterial3D@0.200,0.190,0.180;mat=StandardMaterial3D@0.200,0.190,0.180	StreetIdShot/OrisonRoot/F02_2C_STOVE_01/StaticCarcass/@MeshInstance3D@8046
0	232,216,216	MeshInstance3D	0.6x1.0x0.6	mat=StandardMaterial3D@1.000,0.970,0.890;mat=StandardMaterial3D@1.000,0.970,0.890	StreetIdShot/OrisonRoot/F02_2C_STOVE_01/StaticCarcass/@MeshInstance3D@8047
0	248,216,216	MeshInstance3D	0.4x0.4x0.6	mat=StandardMaterial3D@0.820,0.740,0.520;mat=StandardMaterial3D@0.820,0.740,0.520	StreetIdShot/OrisonRoot/F02_2C_STOVE_01/StaticCarcass/@MeshInstance3D@8048
0	8,232,216	MeshInstance3D	0.0x0.3x0.4	mat=StandardMaterial3D@1.000,0.970,0.890;mat=StandardMaterial3D@1.000,0.970,0.890	StreetIdShot/OrisonRoot/F02_2C_STOVE_01/OvenDoor/@MeshInstance3D@8049
0	24,232,216	MeshInstance3D	0.0x0.3x0.4	mat=StandardMaterial3D@0.420,0.400,0.380;mat=StandardMaterial3D@0.420,0.400,0.380	StreetIdShot/OrisonRoot/F02_2C_STOVE_01/OvenDoor/@MeshInstance3D@8050
0	40,232,216	MeshInstance3D	0.0x0.1x0.4	mat=StandardMaterial3D@0.820,0.740,0.520;mat=StandardMaterial3D@0.820,0.740,0.520	StreetIdShot/OrisonRoot/F02_2C_STOVE_01/OvenDoor/@MeshInstance3D@8051
0	56,232,216	MeshInstance3D	0.0x0.1x0.4	mat=StandardMaterial3D@1.000,0.970,0.890;mat=StandardMaterial3D@1.000,0.970,0.890	StreetIdShot/OrisonRoot/F02_2C_STOVE_01/BroilerDrawer/@MeshInstance3D@8052
0	72,232,216	MeshInstance3D	0.0x0.0x0.2	mat=StandardMaterial3D@0.200,0.190,0.180;mat=StandardMaterial3D@0.200,0.190,0.180	StreetIdShot/OrisonRoot/F02_2C_STOVE_01/BroilerDrawer/@MeshInstance3D@8053
0	88,232,216	MeshInstance3D	0.0x0.1x0.1	mat=StandardMaterial3D@0.560,0.390,0.280;mat=StandardMaterial3D@0.560,0.390,0.280	StreetIdShot/OrisonRoot/F02_2C_STOVE_01/BurnerValve1/@MeshInstance3D@8054
0	104,232,216	MeshInstance3D	0.0x0.0x0.0	mat=StandardMaterial3D@0.820,0.740,0.520;mat=StandardMaterial3D@0.820,0.740,0.520	StreetIdShot/OrisonRoot/F02_2C_STOVE_01/BurnerValve1/@MeshInstance3D@8055
0	120,232,216	MeshInstance3D	0.0x0.1x0.1	mat=StandardMaterial3D@0.560,0.390,0.280;mat=StandardMaterial3D@0.560,0.390,0.280	StreetIdShot/OrisonRoot/F02_2C_STOVE_01/BurnerValve2/@MeshInstance3D@8056
0	136,232,216	MeshInstance3D	0.0x0.0x0.0	mat=StandardMaterial3D@0.820,0.740,0.520;mat=StandardMaterial3D@0.820,0.740,0.520	StreetIdShot/OrisonRoot/F02_2C_STOVE_01/BurnerValve2/@MeshInstance3D@8057
0	152,232,216	MeshInstance3D	0.0x0.1x0.1	mat=StandardMaterial3D@0.560,0.390,0.280;mat=StandardMaterial3D@0.560,0.390,0.280	StreetIdShot/OrisonRoot/F02_2C_STOVE_01/BurnerValve3/@MeshInstance3D@8058
0	168,232,216	MeshInstance3D	0.0x0.0x0.0	mat=StandardMaterial3D@0.820,0.740,0.520;mat=StandardMaterial3D@0.820,0.740,0.520	StreetIdShot/OrisonRoot/F02_2C_STOVE_01/BurnerValve3/@MeshInstance3D@8059
0	184,232,216	MeshInstance3D	0.0x0.1x0.1	mat=StandardMaterial3D@0.560,0.390,0.280;mat=StandardMaterial3D@0.560,0.390,0.280	StreetIdShot/OrisonRoot/F02_2C_STOVE_01/BurnerValve4/@MeshInstance3D@8060
0	200,232,216	MeshInstance3D	0.0x0.0x0.0	mat=StandardMaterial3D@0.820,0.740,0.520;mat=StandardMaterial3D@0.820,0.740,0.520	StreetIdShot/OrisonRoot/F02_2C_STOVE_01/BurnerValve4/@MeshInstance3D@8061
0	216,232,216	MeshInstance3D	0.0x0.1x0.1	mat=StandardMaterial3D@0.560,0.390,0.280;mat=StandardMaterial3D@0.560,0.390,0.280	StreetIdShot/OrisonRoot/F02_2C_STOVE_01/OvenValve/@MeshInstance3D@7967
0	232,232,216	MeshInstance3D	0.0x0.0x0.0	mat=StandardMaterial3D@0.820,0.740,0.520;mat=StandardMaterial3D@0.820,0.740,0.520	StreetIdShot/OrisonRoot/F02_2C_STOVE_01/OvenValve/@MeshInstance3D@7968
0	248,232,216	MeshInstance3D	0.2x0.0x0.2	mat=StandardMaterial3D@0.420,0.400,0.380;mat=StandardMaterial3D@0.420,0.400,0.380	StreetIdShot/OrisonRoot/F02_2C_STOVE_01/Grate1/@MeshInstance3D@8062
0	8,248,216	MeshInstance3D	0.1x0.0x0.1	mat=StandardMaterial3D@0.200,0.190,0.180;mat=StandardMaterial3D@0.200,0.190,0.180	StreetIdShot/OrisonRoot/F02_2C_STOVE_01/BurnerCap1/@MeshInstance3D@8066
0	24,248,216	MeshInstance3D	0.1x0.0x0.1	mat=StandardMaterial3D@0.420,0.400,0.380;mat=StandardMaterial3D@0.420,0.400,0.380	StreetIdShot/OrisonRoot/F02_2C_STOVE_01/BurnerCap1/@MeshInstance3D@8067
0	40,248,216	MeshInstance3D	0.2x0.0x0.2	mat=StandardMaterial3D@0.420,0.400,0.380;mat=StandardMaterial3D@0.420,0.400,0.380	StreetIdShot/OrisonRoot/F02_2C_STOVE_01/Grate2/@MeshInstance3D@8063
0	56,248,216	MeshInstance3D	0.1x0.0x0.1	mat=StandardMaterial3D@0.200,0.190,0.180;mat=StandardMaterial3D@0.200,0.190,0.180	StreetIdShot/OrisonRoot/F02_2C_STOVE_01/BurnerCap2/@MeshInstance3D@8068
0	72,248,216	MeshInstance3D	0.1x0.0x0.1	mat=StandardMaterial3D@0.420,0.400,0.380;mat=StandardMaterial3D@0.420,0.400,0.380	StreetIdShot/OrisonRoot/F02_2C_STOVE_01/BurnerCap2/@MeshInstance3D@8069
0	88,248,216	MeshInstance3D	0.2x0.0x0.2	mat=StandardMaterial3D@0.420,0.400,0.380;mat=StandardMaterial3D@0.420,0.400,0.380	StreetIdShot/OrisonRoot/F02_2C_STOVE_01/Grate3/@MeshInstance3D@8064
0	104,248,216	MeshInstance3D	0.1x0.0x0.1	mat=StandardMaterial3D@0.200,0.190,0.180;mat=StandardMaterial3D@0.200,0.190,0.180	StreetIdShot/OrisonRoot/F02_2C_STOVE_01/BurnerCap3/@MeshInstance3D@8070
0	120,248,216	MeshInstance3D	0.1x0.0x0.1	mat=StandardMaterial3D@0.420,0.400,0.380;mat=StandardMaterial3D@0.420,0.400,0.380	StreetIdShot/OrisonRoot/F02_2C_STOVE_01/BurnerCap3/@MeshInstance3D@8071
0	136,248,216	MeshInstance3D	0.2x0.0x0.2	mat=StandardMaterial3D@0.420,0.400,0.380;mat=StandardMaterial3D@0.420,0.400,0.380	StreetIdShot/OrisonRoot/F02_2C_STOVE_01/Grate4/@MeshInstance3D@8065
0	152,248,216	MeshInstance3D	0.1x0.0x0.1	mat=StandardMaterial3D@0.200,0.190,0.180;mat=StandardMaterial3D@0.200,0.190,0.180	StreetIdShot/OrisonRoot/F02_2C_STOVE_01/BurnerCap4/@MeshInstance3D@8072
0	168,248,216	MeshInstance3D	0.1x0.0x0.1	mat=StandardMaterial3D@0.420,0.400,0.380;mat=StandardMaterial3D@0.420,0.400,0.380	StreetIdShot/OrisonRoot/F02_2C_STOVE_01/BurnerCap4/@MeshInstance3D@8073
0	184,248,216	MeshInstance3D	0.6x1.2x0.7	mat=StandardMaterial3D@0.520,0.500,0.460;mat=StandardMaterial3D@0.520,0.500,0.460	StreetIdShot/OrisonRoot/F02_2C_FRIDGE_01/StaticCarcass/@MeshInstance3D@8145
0	200,248,216	MeshInstance3D	0.0x0.1x0.5	mat=StandardMaterial3D@0.190,0.105,0.055;mat=StandardMaterial3D@0.190,0.105,0.055	StreetIdShot/OrisonRoot/F02_2C_FRIDGE_01/StaticCarcass/@MeshInstance3D@8146
0	216,248,216	MeshInstance3D	0.5x0.9x0.6	mat=StandardMaterial3D@1.000,1.000,1.000;mat=StandardMaterial3D@1.000,1.000,1.000	StreetIdShot/OrisonRoot/F02_2C_FRIDGE_01/StaticCarcass/@MeshInstance3D@8147
0	232,248,216	MeshInstance3D	0.0x0.7x0.7	mat=StandardMaterial3D@0.520,0.500,0.460;mat=StandardMaterial3D@0.520,0.500,0.460	StreetIdShot/OrisonRoot/F02_2C_FRIDGE_01/FoodDoor/@MeshInstance3D@8148
0	248,248,216	MeshInstance3D	0.0x0.6x0.6	mat=StandardMaterial3D@1.000,1.000,1.000;mat=StandardMaterial3D@1.000,1.000,1.000	StreetIdShot/OrisonRoot/F02_2C_FRIDGE_01/FoodDoor/@MeshInstance3D@8149
0	8,8,232	MeshInstance3D	0.1x0.6x0.7	mat=StandardMaterial3D@1.000,1.000,1.000;mat=StandardMaterial3D@1.000,1.000,1.000	StreetIdShot/OrisonRoot/F02_2C_FRIDGE_01/FoodDoor/@MeshInstance3D@8150
0	24,8,232	MeshInstance3D	0.0x0.2x0.7	mat=StandardMaterial3D@0.520,0.500,0.460;mat=StandardMaterial3D@0.520,0.500,0.460	StreetIdShot/OrisonRoot/F02_2C_FRIDGE_01/IceDoor/@MeshInstance3D@8151
0	40,8,232	MeshInstance3D	0.0x0.1x0.0	mat=StandardMaterial3D@1.000,1.000,1.000;mat=StandardMaterial3D@1.000,1.000,1.000	StreetIdShot/OrisonRoot/F02_2C_FRIDGE_01/IceDoor/@MeshInstance3D@8152
0	56,8,232	MeshInstance3D	0.2x0.1x0.5	mat=StandardMaterial3D@1.000,1.000,1.000;mat=StandardMaterial3D@1.000,1.000,1.000	StreetIdShot/OrisonRoot/F02_2C_FRIDGE_01/DripTray/@MeshInstance3D@8153
0	72,8,232	MeshInstance3D	0.0x0.1x0.5	mat=StandardMaterial3D@0.520,0.500,0.460;mat=StandardMaterial3D@0.520,0.500,0.460	StreetIdShot/OrisonRoot/F02_2C_FRIDGE_01/DripTray/@MeshInstance3D@8154
0	88,8,232	MeshInstance3D	0.0x0.0x0.2	mat=StandardMaterial3D@1.000,1.000,1.000;mat=StandardMaterial3D@1.000,1.000,1.000	StreetIdShot/OrisonRoot/F02_2C_FRIDGE_01/DripTray/@MeshInstance3D@8155
0	104,8,232	MeshInstance3D	0.1x0.2x0.1	mat=StandardMaterial3D@1.000,1.000,1.000;mat=StandardMaterial3D@1.000,1.000,1.000	StreetIdShot/OrisonRoot/F02_2C_FRIDGE_01/@MeshInstance3D@8142
0	120,8,232	MeshInstance3D	0.1x0.2x0.1	mat=StandardMaterial3D@1.000,1.000,1.000;mat=StandardMaterial3D@1.000,1.000,1.000	StreetIdShot/OrisonRoot/F02_2C_FRIDGE_01/@MeshInstance3D@8143
0	136,8,232	MeshInstance3D	0.1x0.1x0.2	mat=StandardMaterial3D@0.840,0.720,0.480;mat=StandardMaterial3D@0.840,0.720,0.480	StreetIdShot/OrisonRoot/F02_2C_FRIDGE_01/@MeshInstance3D@8144
0	152,8,232	MeshInstance3D	0.3x0.6x0.3	mat=StandardMaterial3D@1.000,1.000,1.000;mat=StandardMaterial3D@1.000,1.000,1.000	StreetIdShot/OrisonRoot/F02_C_SPEAKER_01/@MeshInstance3D@8159
0	168,8,232	MeshInstance3D	0.0x0.5x0.3	mat=StandardMaterial3D@0.100,0.095,0.090;mat=StandardMaterial3D@0.100,0.095,0.090	StreetIdShot/OrisonRoot/F02_C_SPEAKER_01/@MeshInstance3D@8160
0	184,8,232	MeshInstance3D	0.0x0.2x0.2	mat=StandardMaterial3D@0.160,0.150,0.140;mat=StandardMaterial3D@0.160,0.150,0.140	StreetIdShot/OrisonRoot/F02_C_SPEAKER_01/@MeshInstance3D@8161
0	200,8,232	MeshInstance3D	0.0x0.2x0.2	mat=StandardMaterial3D@0.580,0.550,0.500;mat=StandardMaterial3D@0.580,0.550,0.500	StreetIdShot/OrisonRoot/F02_C_SPEAKER_01/@MeshInstance3D@8162
0	216,8,232	MeshInstance3D	0.0x0.1x0.1	mat=StandardMaterial3D@0.300,0.290,0.270;mat=StandardMaterial3D@0.300,0.290,0.270	StreetIdShot/OrisonRoot/F02_C_SPEAKER_01/@MeshInstance3D@8163
0	232,8,232	MeshInstance3D	0.0x0.1x0.1	mat=StandardMaterial3D@1.000,1.000,1.000;mat=StandardMaterial3D@1.000,1.000,1.000	StreetIdShot/OrisonRoot/F02_C_SPEAKER_01/@MeshInstance3D@8164
0	248,8,232	MeshInstance3D	0.0x0.1x0.1	mat=StandardMaterial3D@0.050,0.050,0.050;mat=StandardMaterial3D@0.050,0.050,0.050	StreetIdShot/OrisonRoot/F02_C_SPEAKER_01/@MeshInstance3D@8165
0	8,24,232	MeshInstance3D	0.0x0.0x0.0	mat=StandardMaterial3D@1.000,1.000,1.000;mat=StandardMaterial3D@1.000,1.000,1.000	StreetIdShot/OrisonRoot/F02_C_SPEAKER_01/@MeshInstance3D@8166
0	24,24,232	MeshInstance3D	0.0x0.0x0.0	mat=StandardMaterial3D@1.000,1.000,1.000;mat=StandardMaterial3D@1.000,1.000,1.000	StreetIdShot/OrisonRoot/F02_C_SPEAKER_01/@MeshInstance3D@8167
0	40,24,232	MeshInstance3D	0.3x0.6x0.3	mat=StandardMaterial3D@1.000,1.000,1.000;mat=StandardMaterial3D@1.000,1.000,1.000	StreetIdShot/OrisonRoot/F02_C_SPEAKER_02/@MeshInstance3D@8170
0	56,24,232	MeshInstance3D	0.0x0.5x0.3	mat=StandardMaterial3D@0.100,0.095,0.090;mat=StandardMaterial3D@0.100,0.095,0.090	StreetIdShot/OrisonRoot/F02_C_SPEAKER_02/@MeshInstance3D@8171
0	72,24,232	MeshInstance3D	0.0x0.2x0.2	mat=StandardMaterial3D@0.160,0.150,0.140;mat=StandardMaterial3D@0.160,0.150,0.140	StreetIdShot/OrisonRoot/F02_C_SPEAKER_02/@MeshInstance3D@8172
0	88,24,232	MeshInstance3D	0.0x0.2x0.2	mat=StandardMaterial3D@0.580,0.550,0.500;mat=StandardMaterial3D@0.580,0.550,0.500	StreetIdShot/OrisonRoot/F02_C_SPEAKER_02/@MeshInstance3D@8173
0	104,24,232	MeshInstance3D	0.0x0.1x0.1	mat=StandardMaterial3D@0.300,0.290,0.270;mat=StandardMaterial3D@0.300,0.290,0.270	StreetIdShot/OrisonRoot/F02_C_SPEAKER_02/@MeshInstance3D@8174
0	120,24,232	MeshInstance3D	0.0x0.1x0.1	mat=StandardMaterial3D@1.000,1.000,1.000;mat=StandardMaterial3D@1.000,1.000,1.000	StreetIdShot/OrisonRoot/F02_C_SPEAKER_02/@MeshInstance3D@8175
0	136,24,232	MeshInstance3D	0.0x0.1x0.1	mat=StandardMaterial3D@0.050,0.050,0.050;mat=StandardMaterial3D@0.050,0.050,0.050	StreetIdShot/OrisonRoot/F02_C_SPEAKER_02/@MeshInstance3D@8176
0	152,24,232	MeshInstance3D	0.0x0.0x0.0	mat=StandardMaterial3D@1.000,1.000,1.000;mat=StandardMaterial3D@1.000,1.000,1.000	StreetIdShot/OrisonRoot/F02_C_SPEAKER_02/@MeshInstance3D@8177
0	168,24,232	MeshInstance3D	0.0x0.0x0.0	mat=StandardMaterial3D@1.000,1.000,1.000;mat=StandardMaterial3D@1.000,1.000,1.000	StreetIdShot/OrisonRoot/F02_C_SPEAKER_02/@MeshInstance3D@8178
0	184,24,232	MeshInstance3D	0.1x0.4x0.5	mat=StandardMaterial3D@0.460,0.440,0.400;mat=StandardMaterial3D@0.460,0.440,0.400	StreetIdShot/OrisonRoot/F02_C_MONITOR_01/ReceiverCase/@MeshInstance3D@8186
0	200,24,232	MeshInstance3D	0.0x0.3x0.5	mat=StandardMaterial3D@0.550,0.500,0.380;mat=StandardMaterial3D@0.550,0.500,0.380	StreetIdShot/OrisonRoot/F02_C_MONITOR_01/ReceiverCase/@MeshInstance3D@8187
0	216,24,232	MeshInstance3D	0.0x0.2x0.4	mat=StandardMaterial3D@0.025,0.035,0.032;mat=StandardMaterial3D@0.025,0.035,0.032	StreetIdShot/OrisonRoot/F02_C_MONITOR_01/PicturePlate
0	232,24,232	MeshInstance3D	0.3x0.4x0.2	mat=StandardMaterial3D@0.310,0.310,0.290;mat=StandardMaterial3D@0.310,0.310,0.290	StreetIdShot/OrisonRoot/F02_C_BOXFAN_01/StaticCarcass/@MeshInstance3D@8239
0	248,24,232	MeshInstance3D	0.4x0.4x0.2	mat=StandardMaterial3D@0.480,0.470,0.430;mat=StandardMaterial3D@0.480,0.470,0.430	StreetIdShot/OrisonRoot/F02_C_BOXFAN_01/StaticCarcass/@MeshInstance3D@8240
0	8,40,232	MeshInstance3D	0.2x0.3x0.1	mat=StandardMaterial3D@1.000,1.000,1.000;mat=StandardMaterial3D@1.000,1.000,1.000	StreetIdShot/OrisonRoot/F02_C_BOXFAN_01/StaticCarcass/@MeshInstance3D@8241
0	24,40,232	MeshInstance3D	0.1x0.0x0.2	mat=StandardMaterial3D@0.200,0.160,0.120;mat=StandardMaterial3D@0.200,0.160,0.120	StreetIdShot/OrisonRoot/F02_C_BOXFAN_01/StaticCarcass/@MeshInstance3D@8242
0	40,40,232	MeshInstance3D	0.6x0.6x0.0	mat=StandardMaterial3D@0.250,0.210,0.170;mat=StandardMaterial3D@0.250,0.210,0.170	StreetIdShot/OrisonRoot/F02_C_BOXFAN_01/Rotor/@MeshInstance3D@8243
0	56,40,232	MeshInstance3D	0.1x0.0x0.1	mat=StandardMaterial3D@1.000,1.000,1.000;mat=StandardMaterial3D@1.000,1.000,1.000	StreetIdShot/OrisonRoot/F02_C_BOXFAN_01/SpeedSelector/@MeshInstance3D@8244
0	72,40,232	MeshInstance3D	0.1x0.1x0.0	mat=StandardMaterial3D@1.000,1.000,1.000;mat=StandardMaterial3D@1.000,1.000,1.000	StreetIdShot/OrisonRoot/F02_C_BOXFAN_01/AttachmentPlug/@MeshInstance3D@8245
0	88,40,232	MeshInstance3D	0.0x0.0x0.0	mat=StandardMaterial3D@1.000,1.000,1.000;mat=StandardMaterial3D@1.000,1.000,1.000	StreetIdShot/OrisonRoot/F02_C_BOXFAN_01/AttachmentPlug/@MeshInstance3D@8246
0	104,40,232	MeshInstance3D	0.0x0.1x0.0	mat=StandardMaterial3D@0.200,0.160,0.120;mat=StandardMaterial3D@0.200,0.160,0.120	StreetIdShot/OrisonRoot/F02_C_BOXFAN_01/AttachmentPlug/@MeshInstance3D@8247
0	120,40,232	MeshInstance3D	0.8x0.3x0.8	mat=StandardMaterial3D@0.780,0.800,0.750;mat=StandardMaterial3D@0.780,0.800,0.750	StreetIdShot/OrisonRoot/F02_2D_SHOWER_01/StaticFixture/@MeshInstance3D@8311
0	136,40,232	MeshInstance3D	0.7x2.0x0.8	mat=StandardMaterial3D@0.930,0.910,0.840;mat=StandardMaterial3D@0.930,0.910,0.840	StreetIdShot/OrisonRoot/F02_2D_SHOWER_01/StaticFixture/@MeshInstance3D@8312
0	152,40,232	MeshInstance3D	0.1x0.0x0.1	mat=StandardMaterial3D@0.330,0.320,0.290;mat=StandardMaterial3D@0.330,0.320,0.290	StreetIdShot/OrisonRoot/F02_2D_SHOWER_01/StaticFixture/@MeshInstance3D@8313
0	168,40,232	MeshInstance3D	0.0x0.0x0.1	mat=StandardMaterial3D@0.790,0.760,0.650;mat=StandardMaterial3D@0.790,0.760,0.650	StreetIdShot/OrisonRoot/F02_2D_SHOWER_01/StaticFixture/@MeshInstance3D@8314
0	184,40,232	MeshInstance3D	0.1x0.0x0.1	mat=StandardMaterial3D@0.390,0.180,0.085;mat=StandardMaterial3D@0.390,0.180,0.085	StreetIdShot/OrisonRoot/F02_2D_SHOWER_01/StaticFixture/@MeshInstance3D@8315
0	200,40,232	MeshInstance3D	0.1x0.1x0.1	mat=StandardMaterial3D@0.930,0.910,0.840;mat=StandardMaterial3D@0.930,0.910,0.840	StreetIdShot/OrisonRoot/F02_2D_SHOWER_01/HotValve/@MeshInstance3D@8316
0	216,40,232	MeshInstance3D	0.0x0.0x0.0	mat=StandardMaterial3D@0.780,0.680,0.440;mat=StandardMaterial3D@0.780,0.680,0.440	StreetIdShot/OrisonRoot/F02_2D_SHOWER_01/HotValve/@MeshInstance3D@8317
0	232,40,232	MeshInstance3D	0.1x0.1x0.1	mat=StandardMaterial3D@0.930,0.910,0.840;mat=StandardMaterial3D@0.930,0.910,0.840	StreetIdShot/OrisonRoot/F02_2D_SHOWER_01/ColdValve/@MeshInstance3D@8318
0	248,40,232	MeshInstance3D	0.0x0.0x0.0	mat=StandardMaterial3D@0.780,0.680,0.440;mat=StandardMaterial3D@0.780,0.680,0.440	StreetIdShot/OrisonRoot/F02_2D_SHOWER_01/ColdValve/@MeshInstance3D@8319
0	8,56,232	MeshInstance3D	0.7x1.6x0.8	mat=StandardMaterial3D@0.900,0.840,0.670;mat=StandardMaterial3D@0.900,0.840,0.670	StreetIdShot/OrisonRoot/F02_2D_SHOWER_01/CurtainDrawn/@MeshInstance3D@8320
0	24,56,232	MeshInstance3D	0.6x0.1x0.7	mat=StandardMaterial3D@0.930,0.910,0.840;mat=StandardMaterial3D@0.930,0.910,0.840	StreetIdShot/OrisonRoot/F02_2D_SHOWER_01/CurtainDrawn/@MeshInstance3D@8321
0	40,56,232	MeshInstance3D	0.1x0.0x0.1	mat=StandardMaterial3D@0.930,0.910,0.840;mat=StandardMaterial3D@0.930,0.910,0.840	StreetIdShot/OrisonRoot/F02_2D_SHOWER_01/Stopper/@MeshInstance3D@8306
0	56,56,232	MeshInstance3D	0.5x1.0x0.7	mat=StandardMaterial3D@0.960,0.940,0.860;mat=StandardMaterial3D@0.960,0.940,0.860	StreetIdShot/OrisonRoot/F02_2D_SINK_01/StaticFixture/@MeshInstance3D@8360
0	72,56,232	MeshInstance3D	0.3x1.0x0.2	mat=StandardMaterial3D@0.930,0.910,0.840;mat=StandardMaterial3D@0.930,0.910,0.840	StreetIdShot/OrisonRoot/F02_2D_SINK_01/StaticFixture/@MeshInstance3D@8361
0	88,56,232	MeshInstance3D	0.1x0.0x0.1	mat=StandardMaterial3D@0.330,0.320,0.290;mat=StandardMaterial3D@0.330,0.320,0.290	StreetIdShot/OrisonRoot/F02_2D_SINK_01/StaticFixture/@MeshInstance3D@8362
0	104,56,232	MeshInstance3D	0.0x0.0x0.1	mat=StandardMaterial3D@0.790,0.760,0.650;mat=StandardMaterial3D@0.790,0.760,0.650	StreetIdShot/OrisonRoot/F02_2D_SINK_01/StaticFixture/@MeshInstance3D@8363
0	120,56,232	MeshInstance3D	0.1x0.1x0.1	mat=StandardMaterial3D@0.930,0.910,0.840;mat=StandardMaterial3D@0.930,0.910,0.840	StreetIdShot/OrisonRoot/F02_2D_SINK_01/HotValve/@MeshInstance3D@8364
0	136,56,232	MeshInstance3D	0.0x0.0x0.0	mat=StandardMaterial3D@0.780,0.680,0.440;mat=StandardMaterial3D@0.780,0.680,0.440	StreetIdShot/OrisonRoot/F02_2D_SINK_01/HotValve/@MeshInstance3D@8365
0	152,56,232	MeshInstance3D	0.1x0.1x0.1	mat=StandardMaterial3D@0.930,0.910,0.840;mat=StandardMaterial3D@0.930,0.910,0.840	StreetIdShot/OrisonRoot/F02_2D_SINK_01/ColdValve/@MeshInstance3D@8366
0	168,56,232	MeshInstance3D	0.0x0.0x0.0	mat=StandardMaterial3D@0.780,0.680,0.440;mat=StandardMaterial3D@0.780,0.680,0.440	StreetIdShot/OrisonRoot/F02_2D_SINK_01/ColdValve/@MeshInstance3D@8367
0	184,56,232	MeshInstance3D	0.1x0.0x0.1	mat=StandardMaterial3D@0.930,0.910,0.840;mat=StandardMaterial3D@0.930,0.910,0.840	StreetIdShot/OrisonRoot/F02_2D_SINK_01/Stopper/@MeshInstance3D@8356
0	200,56,232	MeshInstance3D	0.1x0.7x0.5	mat=StandardMaterial3D@0.860,0.850,0.790;mat=StandardMaterial3D@0.860,0.850,0.790	StreetIdShot/OrisonRoot/F02_2D_MIRROR_01/CabinetCarcass/@MeshInstance3D@8387
0	216,56,232	MeshInstance3D	0.0x0.6x0.4	mat=StandardMaterial3D@0.860,0.850,0.790;mat=StandardMaterial3D@0.860,0.850,0.790	StreetIdShot/OrisonRoot/F02_2D_MIRROR_01/CabinetDoor/@MeshInstance3D@8399
0	232,56,232	MeshInstance3D	0.0x0.6x0.4	mat=StandardMaterial3D@0.780,0.790,0.760;mat=StandardMaterial3D@0.780,0.790,0.760	StreetIdShot/OrisonRoot/F02_2D_MIRROR_01/CabinetDoor/@MeshInstance3D@8400
0	248,56,232	MeshInstance3D	0.1x0.6x0.5	mat=StandardMaterial3D@0.880,0.860,0.800;mat=StandardMaterial3D@0.880,0.860,0.800	StreetIdShot/OrisonRoot/F02_2D_MIRROR_01/CabinetDoor/@MeshInstance3D@8401
0	8,72,232	MeshInstance3D	0.0x0.2x0.1	mat=StandardMaterial3D@1.000,1.000,1.000;mat=StandardMaterial3D@1.000,1.000,1.000	StreetIdShot/OrisonRoot/2D_LT_SCONCE/@Node3D@8404/@MeshInstance3D@8405
0	24,72,232	MeshInstance3D	0.1x0.1x0.1	mat=StandardMaterial3D@1.000,1.000,1.000;mat=StandardMaterial3D@1.000,1.000,1.000	StreetIdShot/OrisonRoot/2D_LT_SCONCE/@Node3D@8404/@MeshInstance3D@8406
0	40,72,232	MeshInstance3D	0.2x0.2x0.2	mat=StandardMaterial3D@1.000,0.970,0.900;mat=StandardMaterial3D@1.000,0.970,0.900	StreetIdShot/OrisonRoot/2D_LT_SCONCE/@Node3D@8404/bulb_globe
0	56,72,232	MeshInstance3D	0.0x0.1x0.1	mat=StandardMaterial3D@0.820,0.720,0.480;mat=StandardMaterial3D@0.820,0.720,0.480	StreetIdShot/OrisonRoot/F02_D_RADIATOR_01/WorkingAssembly/CastSections/ReplaceableAirVent/@MeshInstance3D@8522
0	72,72,232	MeshInstance3D	0.0x0.1x0.0	mat=StandardMaterial3D@0.480,0.200,0.100;mat=StandardMaterial3D@0.480,0.200,0.100	StreetIdShot/OrisonRoot/F02_D_RADIATOR_01/WorkingAssembly/CastSections/ReplaceableAirVent/@MeshInstance3D@8523
0	88,72,232	MeshInstance3D	0.2x0.6x0.7	mat=StandardMaterial3D@0.320,0.310,0.300;mat=StandardMaterial3D@0.320,0.310,0.300	StreetIdShot/OrisonRoot/F02_D_RADIATOR_01/WorkingAssembly/CastSections/@MeshInstance3D@8520
0	104,72,232	MeshInstance3D	0.1x0.1x0.1	mat=StandardMaterial3D@0.820,0.720,0.480;mat=StandardMaterial3D@0.820,0.720,0.480	StreetIdShot/OrisonRoot/F02_D_RADIATOR_01/WorkingAssembly/SupplyHandwheel/@MeshInstance3D@8521
0	120,72,232	MeshInstance3D	0.1x0.0x0.1	mat=StandardMaterial3D@0.420,0.290,0.180;mat=StandardMaterial3D@0.420,0.290,0.180	StreetIdShot/OrisonRoot/F02_D_RADIATOR_01/WorkingAssembly/FarEndPitchShim/@MeshInstance3D@8519
0	136,72,232	MeshInstance3D	0.1x0.1x0.2	mat=StandardMaterial3D@0.520,0.480,0.440;mat=StandardMaterial3D@0.520,0.480,0.440	StreetIdShot/OrisonRoot/F02_D_RADIATOR_01/WorkingAssembly/@MeshInstance3D@8524
0	152,72,232	MeshInstance3D	0.0x0.0x0.1	mat=StandardMaterial3D@0.480,0.200,0.100;mat=StandardMaterial3D@0.480,0.200,0.100	StreetIdShot/OrisonRoot/F02_D_RADIATOR_01/WorkingAssembly/@MeshInstance3D@8525
0	168,72,232	MeshInstance3D	0.4x0.4x0.0	mat=StandardMaterial3D@0.700,0.650,0.600;mat=StandardMaterial3D@0.700,0.650,0.600	StreetIdShot/OrisonRoot/F02_FLUE_BREAST/FixedThimble/@MeshInstance3D@8542
0	184,72,232	MeshInstance3D	0.3x0.3x0.1	mat=StandardMaterial3D@0.780,0.760,0.720;mat=StandardMaterial3D@0.780,0.760,0.720	StreetIdShot/OrisonRoot/F02_FLUE_BREAST/FixedThimble/@MeshInstance3D@8543
0	200,72,232	MeshInstance3D	0.1x0.1x0.0	mat=StandardMaterial3D@0.780,0.760,0.720;mat=StandardMaterial3D@0.780,0.760,0.720	StreetIdShot/OrisonRoot/F02_FLUE_BREAST/ClosurePlate/@MeshInstance3D@8544
0	216,72,232	MeshInstance3D	0.9x2.1x0.1	mat=StandardMaterial3D@0.480,0.500,0.470;mat=StandardMaterial3D@0.480,0.500,0.470	StreetIdShot/OrisonRoot/F02_DOOR_01/HingedLeaf/@MeshInstance3D@8564
0	232,72,232	MeshInstance3D	0.9x1.8x0.0	mat=StandardMaterial3D@0.360,0.350,0.320;mat=StandardMaterial3D@0.360,0.350,0.320	StreetIdShot/OrisonRoot/F02_DOOR_01/HingedLeaf/@MeshInstance3D@8565
0	248,72,232	MeshInstance3D	0.1x0.2x0.2	mat=StandardMaterial3D@0.640,0.580,0.430;mat=StandardMaterial3D@0.640,0.580,0.430	StreetIdShot/OrisonRoot/F02_DOOR_01/HingedLeaf/@MeshInstance3D@8566
0	8,88,232	MeshInstance3D	1.0x1.9x0.1	mat=StandardMaterial3D@0.380,0.370,0.340;mat=StandardMaterial3D@0.380,0.370,0.340	StreetIdShot/OrisonRoot/F02_DOOR_01/FixedIronmongery/@MeshInstance3D@8567
0	24,88,232	MeshInstance3D	0.1x2.1x0.9	mat=StandardMaterial3D@0.350,0.270,0.240;mat=StandardMaterial3D@0.350,0.270,0.240	StreetIdShot/OrisonRoot/F02_DOOR_02/HingedLeaf/@MeshInstance3D@8606
0	40,88,232	MeshInstance3D	0.1x1.8x0.7	mat=StandardMaterial3D@0.287,0.221,0.197;mat=StandardMaterial3D@0.287,0.221,0.197	StreetIdShot/OrisonRoot/F02_DOOR_02/HingedLeaf/@MeshInstance3D@8607
0	56,88,232	MeshInstance3D	0.2x1.5x0.8	mat=StandardMaterial3D@0.820,0.740,0.550;mat=StandardMaterial3D@0.820,0.740,0.550	StreetIdShot/OrisonRoot/F02_DOOR_02/HingedLeaf/@MeshInstance3D@8608
0	72,88,232	MeshInstance3D	0.1x0.1x0.4	mat=StandardMaterial3D@0.420,0.400,0.360;mat=StandardMaterial3D@0.420,0.400,0.360	StreetIdShot/OrisonRoot/F02_DOOR_02/HingedLeaf/@MeshInstance3D@8609
0	88,88,232	MeshInstance3D	0.1x1.9x1.0	mat=StandardMaterial3D@0.580,0.520,0.390;mat=StandardMaterial3D@0.580,0.520,0.390	StreetIdShot/OrisonRoot/F02_DOOR_02/FixedIronmongery/@MeshInstance3D@8610
0	104,88,232	MeshInstance3D	0.0x0.1x0.2	mat=StandardMaterial3D@0.300,0.210,0.110;mat=StandardMaterial3D@0.300,0.210,0.110	StreetIdShot/OrisonRoot/F02_DOOR_02/BrassApartmentNumber_2A/@MeshInstance3D@23232
0	120,88,232	MeshInstance3D	0.0x0.1x0.2	mat=StandardMaterial3D@0.720,0.490,0.180;mat=StandardMaterial3D@0.720,0.490,0.180	StreetIdShot/OrisonRoot/F02_DOOR_02/BrassApartmentNumber_2A/@MeshInstance3D@23233
0	136,88,232	MeshInstance3D	0.0x0.1x0.2	mat=StandardMaterial3D@1.000,1.000,1.000;mat=StandardMaterial3D@1.000,1.000,1.000	StreetIdShot/OrisonRoot/F02_DOOR_02/BrassApartmentNumber_2A/@MeshInstance3D@23234
0	152,88,232	MeshInstance3D	0.0x0.1x0.1	mat=StandardMaterial3D@0.760,0.880,0.580;mat=StandardMaterial3D@0.760,0.880,0.580	StreetIdShot/OrisonRoot/F02_DOOR_02/@Node3D@23229/@MeshInstance3D@23230
0	168,88,232	MeshInstance3D	0.1x2.1x0.9	mat=StandardMaterial3D@0.380,0.340,0.250;mat=StandardMaterial3D@0.380,0.340,0.250	StreetIdShot/OrisonRoot/F02_DOOR_03/HingedLeaf/@MeshInstance3D@8649
0	184,88,232	MeshInstance3D	0.1x1.8x0.7	mat=StandardMaterial3D@0.312,0.279,0.205;mat=StandardMaterial3D@0.312,0.279,0.205	StreetIdShot/OrisonRoot/F02_DOOR_03/HingedLeaf/@MeshInstance3D@8650
0	200,88,232	MeshInstance3D	0.2x1.5x0.8	mat=StandardMaterial3D@0.820,0.740,0.550;mat=StandardMaterial3D@0.820,0.740,0.550	StreetIdShot/OrisonRoot/F02_DOOR_03/HingedLeaf/@MeshInstance3D@8651
0	216,88,232	MeshInstance3D	0.1x0.1x0.4	mat=StandardMaterial3D@0.420,0.400,0.360;mat=StandardMaterial3D@0.420,0.400,0.360	StreetIdShot/OrisonRoot/F02_DOOR_03/HingedLeaf/@MeshInstance3D@8652
0	232,88,232	MeshInstance3D	0.1x1.9x1.0	mat=StandardMaterial3D@0.580,0.520,0.390;mat=StandardMaterial3D@0.580,0.520,0.390	StreetIdShot/OrisonRoot/F02_DOOR_03/FixedIronmongery/@MeshInstance3D@8653
0	248,88,232	MeshInstance3D	0.0x0.1x0.2	mat=StandardMaterial3D@0.300,0.210,0.110;mat=StandardMaterial3D@0.300,0.210,0.110	StreetIdShot/OrisonRoot/F02_DOOR_03/BrassApartmentNumber_2B/@MeshInstance3D@23328
0	8,104,232	MeshInstance3D	0.0x0.1x0.2	mat=StandardMaterial3D@0.720,0.490,0.180;mat=StandardMaterial3D@0.720,0.490,0.180	StreetIdShot/OrisonRoot/F02_DOOR_03/BrassApartmentNumber_2B/@MeshInstance3D@23329
0	24,104,232	MeshInstance3D	0.0x0.1x0.2	mat=StandardMaterial3D@1.000,1.000,1.000;mat=StandardMaterial3D@1.000,1.000,1.000	StreetIdShot/OrisonRoot/F02_DOOR_03/BrassApartmentNumber_2B/@MeshInstance3D@23330
0	40,104,232	MeshInstance3D	0.0x0.1x0.1	mat=StandardMaterial3D@0.760,0.880,0.580;mat=StandardMaterial3D@0.760,0.880,0.580	StreetIdShot/OrisonRoot/F02_DOOR_03/@Node3D@23325/@MeshInstance3D@23326
0	56,104,232	MeshInstance3D	0.1x2.1x0.9	mat=StandardMaterial3D@0.480,0.500,0.470;mat=StandardMaterial3D@0.480,0.500,0.470	StreetIdShot/OrisonRoot/F02_DOOR_04/HingedLeaf/@MeshInstance3D@8671
0	72,104,232	MeshInstance3D	0.0x1.8x0.9	mat=StandardMaterial3D@0.360,0.350,0.320;mat=StandardMaterial3D@0.360,0.350,0.320	StreetIdShot/OrisonRoot/F02_DOOR_04/HingedLeaf/@MeshInstance3D@8672
0	88,104,232	MeshInstance3D	0.2x0.2x0.1	mat=StandardMaterial3D@0.640,0.580,0.430;mat=StandardMaterial3D@0.640,0.580,0.430	StreetIdShot/OrisonRoot/F02_DOOR_04/HingedLeaf/@MeshInstance3D@8673
0	104,104,232	MeshInstance3D	0.1x1.9x1.0	mat=StandardMaterial3D@0.380,0.370,0.340;mat=StandardMaterial3D@0.380,0.370,0.340	StreetIdShot/OrisonRoot/F02_DOOR_04/FixedIronmongery/@MeshInstance3D@8674
0	120,104,232	MeshInstance3D	0.1x2.1x0.9	mat=StandardMaterial3D@0.350,0.270,0.240;mat=StandardMaterial3D@0.350,0.270,0.240	StreetIdShot/OrisonRoot/F02_DOOR_05/HingedLeaf/@MeshInstance3D@8713
0	136,104,232	MeshInstance3D	0.1x1.8x0.7	mat=StandardMaterial3D@0.287,0.221,0.197;mat=StandardMaterial3D@0.287,0.221,0.197	StreetIdShot/OrisonRoot/F02_DOOR_05/HingedLeaf/@MeshInstance3D@8714
0	152,104,232	MeshInstance3D	0.2x1.5x0.8	mat=StandardMaterial3D@0.820,0.740,0.550;mat=StandardMaterial3D@0.820,0.740,0.550	StreetIdShot/OrisonRoot/F02_DOOR_05/HingedLeaf/@MeshInstance3D@8715
0	168,104,232	MeshInstance3D	0.1x0.1x0.4	mat=StandardMaterial3D@0.420,0.400,0.360;mat=StandardMaterial3D@0.420,0.400,0.360	StreetIdShot/OrisonRoot/F02_DOOR_05/HingedLeaf/@MeshInstance3D@8716
0	184,104,232	MeshInstance3D	0.1x1.9x1.0	mat=StandardMaterial3D@0.580,0.520,0.390;mat=StandardMaterial3D@0.580,0.520,0.390	StreetIdShot/OrisonRoot/F02_DOOR_05/FixedIronmongery/@MeshInstance3D@8717
0	200,104,232	MeshInstance3D	0.0x0.1x0.2	mat=StandardMaterial3D@0.300,0.210,0.110;mat=StandardMaterial3D@0.300,0.210,0.110	StreetIdShot/OrisonRoot/F02_DOOR_05/BrassApartmentNumber_2C/@MeshInstance3D@23244
0	216,104,232	MeshInstance3D	0.0x0.1x0.2	mat=StandardMaterial3D@0.720,0.490,0.180;mat=StandardMaterial3D@0.720,0.490,0.180	StreetIdShot/OrisonRoot/F02_DOOR_05/BrassApartmentNumber_2C/@MeshInstance3D@23245
0	232,104,232	MeshInstance3D	0.0x0.1x0.2	mat=StandardMaterial3D@1.000,1.000,1.000;mat=StandardMaterial3D@1.000,1.000,1.000	StreetIdShot/OrisonRoot/F02_DOOR_05/BrassApartmentNumber_2C/@MeshInstance3D@23246
0	248,104,232	MeshInstance3D	0.0x0.1x0.1	mat=StandardMaterial3D@0.760,0.880,0.580;mat=StandardMaterial3D@0.760,0.880,0.580	StreetIdShot/OrisonRoot/F02_DOOR_05/@Node3D@23241/@MeshInstance3D@23242
0	8,120,232	MeshInstance3D	0.8x2.0x0.1	mat=StandardMaterial3D@0.780,0.750,0.670;mat=StandardMaterial3D@0.780,0.750,0.670	StreetIdShot/OrisonRoot/F02_DOOR_06/HingedLeaf/@MeshInstance3D@8752
0	24,120,232	MeshInstance3D	0.6x1.7x0.1	mat=StandardMaterial3D@0.640,0.615,0.549;mat=StandardMaterial3D@0.640,0.615,0.549	StreetIdShot/OrisonRoot/F02_DOOR_06/HingedLeaf/@MeshInstance3D@8753
0	40,120,232	MeshInstance3D	0.1x0.2x0.2	mat=StandardMaterial3D@0.820,0.740,0.550;mat=StandardMaterial3D@0.820,0.740,0.550	StreetIdShot/OrisonRoot/F02_DOOR_06/HingedLeaf/@MeshInstance3D@8754
0	56,120,232	MeshInstance3D	0.9x1.8x0.1	mat=StandardMaterial3D@0.580,0.520,0.390;mat=StandardMaterial3D@0.580,0.520,0.390	StreetIdShot/OrisonRoot/F02_DOOR_06/FixedIronmongery/@MeshInstance3D@8755
0	72,120,232	MeshInstance3D	0.8x2.0x0.1	mat=StandardMaterial3D@0.660,0.690,0.610;mat=StandardMaterial3D@0.660,0.690,0.610	StreetIdShot/OrisonRoot/F02_DOOR_07/HingedLeaf/@MeshInstance3D@8790
0	88,120,232	MeshInstance3D	0.6x1.7x0.1	mat=StandardMaterial3D@0.541,0.566,0.500;mat=StandardMaterial3D@0.541,0.566,0.500	StreetIdShot/OrisonRoot/F02_DOOR_07/HingedLeaf/@MeshInstance3D@8791
0	104,120,232	MeshInstance3D	0.1x0.2x0.2	mat=StandardMaterial3D@0.820,0.740,0.550;mat=StandardMaterial3D@0.820,0.740,0.550	StreetIdShot/OrisonRoot/F02_DOOR_07/HingedLeaf/@MeshInstance3D@8792
0	120,120,232	MeshInstance3D	0.9x1.8x0.1	mat=StandardMaterial3D@0.580,0.520,0.390;mat=StandardMaterial3D@0.580,0.520,0.390	StreetIdShot/OrisonRoot/F02_DOOR_07/FixedIronmongery/@MeshInstance3D@8793
0	136,120,232	MeshInstance3D	0.1x2.0x0.8	mat=StandardMaterial3D@0.700,0.630,0.570;mat=StandardMaterial3D@0.700,0.630,0.570	StreetIdShot/OrisonRoot/F02_DOOR_08/HingedLeaf/@MeshInstance3D@8828
0	152,120,232	MeshInstance3D	0.1x1.7x0.6	mat=StandardMaterial3D@0.574,0.517,0.467;mat=StandardMaterial3D@0.574,0.517,0.467	StreetIdShot/OrisonRoot/F02_DOOR_08/HingedLeaf/@MeshInstance3D@8829
0	168,120,232	MeshInstance3D	0.2x0.2x0.1	mat=StandardMaterial3D@0.820,0.740,0.550;mat=StandardMaterial3D@0.820,0.740,0.550	StreetIdShot/OrisonRoot/F02_DOOR_08/HingedLeaf/@MeshInstance3D@8830
0	184,120,232	MeshInstance3D	0.1x1.8x0.9	mat=StandardMaterial3D@0.580,0.520,0.390;mat=StandardMaterial3D@0.580,0.520,0.390	StreetIdShot/OrisonRoot/F02_DOOR_08/FixedIronmongery/@MeshInstance3D@8831
0	200,120,232	MeshInstance3D	0.8x2.0x0.1	mat=StandardMaterial3D@0.780,0.750,0.670;mat=StandardMaterial3D@0.780,0.750,0.670	StreetIdShot/OrisonRoot/F02_DOOR_09/HingedLeaf/@MeshInstance3D@8866
0	216,120,232	MeshInstance3D	0.6x1.7x0.1	mat=StandardMaterial3D@0.640,0.615,0.549;mat=StandardMaterial3D@0.640,0.615,0.549	StreetIdShot/OrisonRoot/F02_DOOR_09/HingedLeaf/@MeshInstance3D@8867
0	232,120,232	MeshInstance3D	0.1x0.2x0.2	mat=StandardMaterial3D@0.820,0.740,0.550;mat=StandardMaterial3D@0.820,0.740,0.550	StreetIdShot/OrisonRoot/F02_DOOR_09/HingedLeaf/@MeshInstance3D@8868
0	248,120,232	MeshInstance3D	0.9x1.8x0.1	mat=StandardMaterial3D@0.580,0.520,0.390;mat=StandardMaterial3D@0.580,0.520,0.390	StreetIdShot/OrisonRoot/F02_DOOR_09/FixedIronmongery/@MeshInstance3D@8869
0	8,136,232	MeshInstance3D	0.8x2.0x0.1	mat=StandardMaterial3D@0.660,0.690,0.610;mat=StandardMaterial3D@0.660,0.690,0.610	StreetIdShot/OrisonRoot/F02_DOOR_10/HingedLeaf/@MeshInstance3D@8904
0	24,136,232	MeshInstance3D	0.6x1.7x0.1	mat=StandardMaterial3D@0.541,0.566,0.500;mat=StandardMaterial3D@0.541,0.566,0.500	StreetIdShot/OrisonRoot/F02_DOOR_10/HingedLeaf/@MeshInstance3D@8905
0	40,136,232	MeshInstance3D	0.1x0.2x0.2	mat=StandardMaterial3D@0.820,0.740,0.550;mat=StandardMaterial3D@0.820,0.740,0.550	StreetIdShot/OrisonRoot/F02_DOOR_10/HingedLeaf/@MeshInstance3D@8906
0	56,136,232	MeshInstance3D	0.9x1.8x0.1	mat=StandardMaterial3D@0.580,0.520,0.390;mat=StandardMaterial3D@0.580,0.520,0.390	StreetIdShot/OrisonRoot/F02_DOOR_10/FixedIronmongery/@MeshInstance3D@8907
0	72,136,232	MeshInstance3D	0.8x2.0x0.1	mat=StandardMaterial3D@0.700,0.630,0.570;mat=StandardMaterial3D@0.700,0.630,0.570	StreetIdShot/OrisonRoot/F02_DOOR_11/HingedLeaf/@MeshInstance3D@8942
0	88,136,232	MeshInstance3D	0.6x1.7x0.1	mat=StandardMaterial3D@0.574,0.517,0.467;mat=StandardMaterial3D@0.574,0.517,0.467	StreetIdShot/OrisonRoot/F02_DOOR_11/HingedLeaf/@MeshInstance3D@8943
0	104,136,232	MeshInstance3D	0.1x0.2x0.2	mat=StandardMaterial3D@0.820,0.740,0.550;mat=StandardMaterial3D@0.820,0.740,0.550	StreetIdShot/OrisonRoot/F02_DOOR_11/HingedLeaf/@MeshInstance3D@8944
0	120,136,232	MeshInstance3D	0.9x1.8x0.1	mat=StandardMaterial3D@0.580,0.520,0.390;mat=StandardMaterial3D@0.580,0.520,0.390	StreetIdShot/OrisonRoot/F02_DOOR_11/FixedIronmongery/@MeshInstance3D@8945
0	136,136,232	MeshInstance3D	0.1x2.0x0.8	mat=StandardMaterial3D@0.780,0.750,0.670;mat=StandardMaterial3D@0.780,0.750,0.670	StreetIdShot/OrisonRoot/F02_DOOR_12/HingedLeaf/@MeshInstance3D@8980
0	152,136,232	MeshInstance3D	0.1x1.7x0.6	mat=StandardMaterial3D@0.640,0.615,0.549;mat=StandardMaterial3D@0.640,0.615,0.549	StreetIdShot/OrisonRoot/F02_DOOR_12/HingedLeaf/@MeshInstance3D@8981
0	168,136,232	MeshInstance3D	0.2x0.2x0.1	mat=StandardMaterial3D@0.820,0.740,0.550;mat=StandardMaterial3D@0.820,0.740,0.550	StreetIdShot/OrisonRoot/F02_DOOR_12/HingedLeaf/@MeshInstance3D@8982
0	184,136,232	MeshInstance3D	0.1x1.8x0.9	mat=StandardMaterial3D@0.580,0.520,0.390;mat=StandardMaterial3D@0.580,0.520,0.390	StreetIdShot/OrisonRoot/F02_DOOR_12/FixedIronmongery/@MeshInstance3D@8983
0	200,136,232	MeshInstance3D	0.8x2.0x0.1	mat=StandardMaterial3D@0.660,0.690,0.610;mat=StandardMaterial3D@0.660,0.690,0.610	StreetIdShot/OrisonRoot/F02_DOOR_13/HingedLeaf/@MeshInstance3D@9018
0	216,136,232	MeshInstance3D	0.6x1.7x0.1	mat=StandardMaterial3D@0.541,0.566,0.500;mat=StandardMaterial3D@0.541,0.566,0.500	StreetIdShot/OrisonRoot/F02_DOOR_13/HingedLeaf/@MeshInstance3D@9019
0	232,136,232	MeshInstance3D	0.1x0.2x0.2	mat=StandardMaterial3D@0.820,0.740,0.550;mat=StandardMaterial3D@0.820,0.740,0.550	StreetIdShot/OrisonRoot/F02_DOOR_13/HingedLeaf/@MeshInstance3D@9020
0	248,136,232	MeshInstance3D	0.9x1.8x0.1	mat=StandardMaterial3D@0.580,0.520,0.390;mat=StandardMaterial3D@0.580,0.520,0.390	StreetIdShot/OrisonRoot/F02_DOOR_13/FixedIronmongery/@MeshInstance3D@9021
0	8,152,232	MeshInstance3D	0.1x2.0x0.8	mat=StandardMaterial3D@0.700,0.630,0.570;mat=StandardMaterial3D@0.700,0.630,0.570	StreetIdShot/OrisonRoot/F02_DOOR_14/HingedLeaf/@MeshInstance3D@9056
0	24,152,232	MeshInstance3D	0.1x1.7x0.6	mat=StandardMaterial3D@0.574,0.517,0.467;mat=StandardMaterial3D@0.574,0.517,0.467	StreetIdShot/OrisonRoot/F02_DOOR_14/HingedLeaf/@MeshInstance3D@9057
0	40,152,232	MeshInstance3D	0.2x0.2x0.1	mat=StandardMaterial3D@0.820,0.740,0.550;mat=StandardMaterial3D@0.820,0.740,0.550	StreetIdShot/OrisonRoot/F02_DOOR_14/HingedLeaf/@MeshInstance3D@9058
0	56,152,232	MeshInstance3D	0.1x1.8x0.9	mat=StandardMaterial3D@0.580,0.520,0.390;mat=StandardMaterial3D@0.580,0.520,0.390	StreetIdShot/OrisonRoot/F02_DOOR_14/FixedIronmongery/@MeshInstance3D@9059
0	72,152,232	MeshInstance3D	0.8x2.0x0.1	mat=StandardMaterial3D@0.780,0.750,0.670;mat=StandardMaterial3D@0.780,0.750,0.670	StreetIdShot/OrisonRoot/F02_DOOR_15/HingedLeaf/@MeshInstance3D@9094
0	88,152,232	MeshInstance3D	0.6x1.7x0.1	mat=StandardMaterial3D@0.640,0.615,0.549;mat=StandardMaterial3D@0.640,0.615,0.549	StreetIdShot/OrisonRoot/F02_DOOR_15/HingedLeaf/@MeshInstance3D@9095
0	104,152,232	MeshInstance3D	0.1x0.2x0.2	mat=StandardMaterial3D@0.820,0.740,0.550;mat=StandardMaterial3D@0.820,0.740,0.550	StreetIdShot/OrisonRoot/F02_DOOR_15/HingedLeaf/@MeshInstance3D@9096
0	120,152,232	MeshInstance3D	0.9x1.8x0.1	mat=StandardMaterial3D@0.580,0.520,0.390;mat=StandardMaterial3D@0.580,0.520,0.390	StreetIdShot/OrisonRoot/F02_DOOR_15/FixedIronmongery/@MeshInstance3D@9097
0	136,152,232	MeshInstance3D	0.2x0.0x0.2	mat=StandardMaterial3D@1.000,1.000,1.000;mat=StandardMaterial3D@1.000,1.000,1.000	StreetIdShot/OrisonRoot/F02_CORRIDOR_DOME_01/@Node3D@9100/@MeshInstance3D@9101
0	152,152,232	MeshInstance3D	0.3x0.0x0.3	mat=StandardMaterial3D@1.000,1.000,1.000;mat=StandardMaterial3D@1.000,1.000,1.000	StreetIdShot/OrisonRoot/F02_CORRIDOR_DOME_01/@Node3D@9100/@MeshInstance3D@9102
0	168,152,232	MeshInstance3D	0.3x0.3x0.0	mat=StandardMaterial3D@1.000,1.000,1.000;mat=StandardMaterial3D@1.000,1.000,1.000	StreetIdShot/OrisonRoot/F02_CORRIDOR_DOME_01/@Node3D@9100/@MeshInstance3D@9103
0	184,152,232	MeshInstance3D	0.3x0.2x0.3	mat=StandardMaterial3D@1.000,0.970,0.900;mat=StandardMaterial3D@1.000,0.970,0.900	StreetIdShot/OrisonRoot/F02_CORRIDOR_DOME_01/@Node3D@9100/bulb_dome
0	200,152,232	MeshInstance3D	0.2x0.0x0.2	mat=StandardMaterial3D@1.000,1.000,1.000;mat=StandardMaterial3D@1.000,1.000,1.000	StreetIdShot/OrisonRoot/F02_CORRIDOR_DOME_02/@Node3D@9107/@MeshInstance3D@9108
0	216,152,232	MeshInstance3D	0.3x0.0x0.3	mat=StandardMaterial3D@1.000,1.000,1.000;mat=StandardMaterial3D@1.000,1.000,1.000	StreetIdShot/OrisonRoot/F02_CORRIDOR_DOME_02/@Node3D@9107/@MeshInstance3D@9109
0	232,152,232	MeshInstance3D	0.3x0.3x0.0	mat=StandardMaterial3D@1.000,1.000,1.000;mat=StandardMaterial3D@1.000,1.000,1.000	StreetIdShot/OrisonRoot/F02_CORRIDOR_DOME_02/@Node3D@9107/@MeshInstance3D@9110
0	248,152,232	MeshInstance3D	0.3x0.2x0.3	mat=StandardMaterial3D@1.000,0.970,0.900;mat=StandardMaterial3D@1.000,0.970,0.900	StreetIdShot/OrisonRoot/F02_CORRIDOR_DOME_02/@Node3D@9107/bulb_dome
0	8,168,232	MeshInstance3D	0.2x0.0x0.2	mat=StandardMaterial3D@1.000,1.000,1.000;mat=StandardMaterial3D@1.000,1.000,1.000	StreetIdShot/OrisonRoot/F02_CORRIDOR_DOME_03/@Node3D@9114/@MeshInstance3D@9115
0	24,168,232	MeshInstance3D	0.3x0.0x0.3	mat=StandardMaterial3D@1.000,1.000,1.000;mat=StandardMaterial3D@1.000,1.000,1.000	StreetIdShot/OrisonRoot/F02_CORRIDOR_DOME_03/@Node3D@9114/@MeshInstance3D@9116
0	40,168,232	MeshInstance3D	0.3x0.3x0.0	mat=StandardMaterial3D@1.000,1.000,1.000;mat=StandardMaterial3D@1.000,1.000,1.000	StreetIdShot/OrisonRoot/F02_CORRIDOR_DOME_03/@Node3D@9114/@MeshInstance3D@9117
0	56,168,232	MeshInstance3D	0.3x0.2x0.3	mat=StandardMaterial3D@1.000,0.970,0.900;mat=StandardMaterial3D@1.000,0.970,0.900	StreetIdShot/OrisonRoot/F02_CORRIDOR_DOME_03/@Node3D@9114/bulb_dome
0	72,168,232	MeshInstance3D	0.2x0.0x0.2	mat=StandardMaterial3D@1.000,1.000,1.000;mat=StandardMaterial3D@1.000,1.000,1.000	StreetIdShot/OrisonRoot/F02_CORRIDOR_DOME_04/@Node3D@9121/@MeshInstance3D@9122
0	88,168,232	MeshInstance3D	0.3x0.0x0.3	mat=StandardMaterial3D@1.000,1.000,1.000;mat=StandardMaterial3D@1.000,1.000,1.000	StreetIdShot/OrisonRoot/F02_CORRIDOR_DOME_04/@Node3D@9121/@MeshInstance3D@9123
0	104,168,232	MeshInstance3D	0.3x0.3x0.0	mat=StandardMaterial3D@1.000,1.000,1.000;mat=StandardMaterial3D@1.000,1.000,1.000	StreetIdShot/OrisonRoot/F02_CORRIDOR_DOME_04/@Node3D@9121/@MeshInstance3D@9124
0	120,168,232	MeshInstance3D	0.3x0.2x0.3	mat=StandardMaterial3D@1.000,0.970,0.900;mat=StandardMaterial3D@1.000,0.970,0.900	StreetIdShot/OrisonRoot/F02_CORRIDOR_DOME_04/@Node3D@9121/bulb_dome
0	136,168,232	MeshInstance3D	0.2x0.0x0.2	mat=StandardMaterial3D@1.000,1.000,1.000;mat=StandardMaterial3D@1.000,1.000,1.000	StreetIdShot/OrisonRoot/F02_CORRIDOR_DOME_05/@Node3D@9128/@MeshInstance3D@9129
0	152,168,232	MeshInstance3D	0.3x0.0x0.3	mat=StandardMaterial3D@1.000,1.000,1.000;mat=StandardMaterial3D@1.000,1.000,1.000	StreetIdShot/OrisonRoot/F02_CORRIDOR_DOME_05/@Node3D@9128/@MeshInstance3D@9130
0	168,168,232	MeshInstance3D	0.3x0.3x0.0	mat=StandardMaterial3D@1.000,1.000,1.000;mat=StandardMaterial3D@1.000,1.000,1.000	StreetIdShot/OrisonRoot/F02_CORRIDOR_DOME_05/@Node3D@9128/@MeshInstance3D@9131
0	184,168,232	MeshInstance3D	0.3x0.2x0.3	mat=StandardMaterial3D@1.000,0.970,0.900;mat=StandardMaterial3D@1.000,0.970,0.900	StreetIdShot/OrisonRoot/F02_CORRIDOR_DOME_05/@Node3D@9128/bulb_dome
0	200,168,232	MeshInstance3D	0.2x0.0x0.2	mat=StandardMaterial3D@1.000,1.000,1.000;mat=StandardMaterial3D@1.000,1.000,1.000	StreetIdShot/OrisonRoot/F02_CORRIDOR_DOME_06/@Node3D@9135/@MeshInstance3D@9136
0	216,168,232	MeshInstance3D	0.3x0.0x0.3	mat=StandardMaterial3D@1.000,1.000,1.000;mat=StandardMaterial3D@1.000,1.000,1.000	StreetIdShot/OrisonRoot/F02_CORRIDOR_DOME_06/@Node3D@9135/@MeshInstance3D@9137
0	232,168,232	MeshInstance3D	0.3x0.3x0.0	mat=StandardMaterial3D@1.000,1.000,1.000;mat=StandardMaterial3D@1.000,1.000,1.000	StreetIdShot/OrisonRoot/F02_CORRIDOR_DOME_06/@Node3D@9135/@MeshInstance3D@9138
0	248,168,232	MeshInstance3D	0.3x0.2x0.3	mat=StandardMaterial3D@1.000,0.970,0.900;mat=StandardMaterial3D@1.000,0.970,0.900	StreetIdShot/OrisonRoot/F02_CORRIDOR_DOME_06/@Node3D@9135/bulb_dome
0	8,184,232	MeshInstance3D	0.2x0.0x0.2	mat=StandardMaterial3D@1.000,1.000,1.000;mat=StandardMaterial3D@1.000,1.000,1.000	StreetIdShot/OrisonRoot/F02_CORRIDOR_DOME_07/@Node3D@9142/@MeshInstance3D@9143
0	24,184,232	MeshInstance3D	0.3x0.0x0.3	mat=StandardMaterial3D@1.000,1.000,1.000;mat=StandardMaterial3D@1.000,1.000,1.000	StreetIdShot/OrisonRoot/F02_CORRIDOR_DOME_07/@Node3D@9142/@MeshInstance3D@9144
0	40,184,232	MeshInstance3D	0.3x0.3x0.0	mat=StandardMaterial3D@1.000,1.000,1.000;mat=StandardMaterial3D@1.000,1.000,1.000	StreetIdShot/OrisonRoot/F02_CORRIDOR_DOME_07/@Node3D@9142/@MeshInstance3D@9145
0	56,184,232	MeshInstance3D	0.3x0.2x0.3	mat=StandardMaterial3D@1.000,0.970,0.900;mat=StandardMaterial3D@1.000,0.970,0.900	StreetIdShot/OrisonRoot/F02_CORRIDOR_DOME_07/@Node3D@9142/bulb_dome
0	72,184,232	MeshInstance3D	0.2x0.0x0.2	mat=StandardMaterial3D@1.000,1.000,1.000;mat=StandardMaterial3D@1.000,1.000,1.000	StreetIdShot/OrisonRoot/F02_CORRIDOR_DOME_08/@Node3D@9149/@MeshInstance3D@9150
0	88,184,232	MeshInstance3D	0.3x0.0x0.3	mat=StandardMaterial3D@1.000,1.000,1.000;mat=StandardMaterial3D@1.000,1.000,1.000	StreetIdShot/OrisonRoot/F02_CORRIDOR_DOME_08/@Node3D@9149/@MeshInstance3D@9151
0	104,184,232	MeshInstance3D	0.3x0.3x0.0	mat=StandardMaterial3D@1.000,1.000,1.000;mat=StandardMaterial3D@1.000,1.000,1.000	StreetIdShot/OrisonRoot/F02_CORRIDOR_DOME_08/@Node3D@9149/@MeshInstance3D@9152
0	120,184,232	MeshInstance3D	0.3x0.2x0.3	mat=StandardMaterial3D@1.000,0.970,0.900;mat=StandardMaterial3D@1.000,0.970,0.900	StreetIdShot/OrisonRoot/F02_CORRIDOR_DOME_08/@Node3D@9149/bulb_dome
0	136,184,232	MeshInstance3D	0.2x0.0x0.2	mat=StandardMaterial3D@1.000,1.000,1.000;mat=StandardMaterial3D@1.000,1.000,1.000	StreetIdShot/OrisonRoot/F02_A_BED_LT_FLUSH_DOME/@Node3D@9156/@MeshInstance3D@9157
0	152,184,232	MeshInstance3D	0.3x0.0x0.3	mat=StandardMaterial3D@1.000,1.000,1.000;mat=StandardMaterial3D@1.000,1.000,1.000	StreetIdShot/OrisonRoot/F02_A_BED_LT_FLUSH_DOME/@Node3D@9156/@MeshInstance3D@9158
0	168,184,232	MeshInstance3D	0.3x0.3x0.0	mat=StandardMaterial3D@1.000,1.000,1.000;mat=StandardMaterial3D@1.000,1.000,1.000	StreetIdShot/OrisonRoot/F02_A_BED_LT_FLUSH_DOME/@Node3D@9156/@MeshInstance3D@9159
0	184,184,232	MeshInstance3D	0.3x0.2x0.3	mat=StandardMaterial3D@1.000,0.970,0.900;mat=StandardMaterial3D@1.000,0.970,0.900	StreetIdShot/OrisonRoot/F02_A_BED_LT_FLUSH_DOME/@Node3D@9156/bulb_dome
0	200,184,232	MeshInstance3D	0.0x0.6x0.0	mat=StandardMaterial3D@0.150,0.140,0.130;mat=StandardMaterial3D@0.150,0.140,0.130	StreetIdShot/OrisonRoot/F02_A_MAIN_LT_PENDANT_SHADE/@Node3D@9163/@MeshInstance3D@9164
0	216,184,232	MeshInstance3D	0.4x0.2x0.5	mat=StandardMaterial3D@0.970,0.900,0.800;mat=StandardMaterial3D@0.970,0.900,0.800	StreetIdShot/OrisonRoot/F02_A_MAIN_LT_PENDANT_SHADE/@Node3D@9163/@MeshInstance3D@9165
0	232,184,232	MeshInstance3D	0.4x0.0x0.4	mat=StandardMaterial3D@1.000,0.970,0.900;mat=StandardMaterial3D@1.000,0.970,0.900	StreetIdShot/OrisonRoot/F02_A_MAIN_LT_PENDANT_SHADE/@Node3D@9163/bulb_diffuser
0	248,184,232	MeshInstance3D	0.1x0.1x0.1	mat=StandardMaterial3D@1.000,0.970,0.900;mat=StandardMaterial3D@1.000,0.970,0.900	StreetIdShot/OrisonRoot/F02_A_MAIN_LT_PENDANT_SHADE/@Node3D@9163/bulb
0	8,200,232	MeshInstance3D	0.2x0.0x0.2	mat=StandardMaterial3D@1.000,1.000,1.000;mat=StandardMaterial3D@1.000,1.000,1.000	StreetIdShot/OrisonRoot/F02_B_ALCOVE_LT_FLUSH_DOME/@Node3D@9171/@MeshInstance3D@9172
0	24,200,232	MeshInstance3D	0.3x0.0x0.3	mat=StandardMaterial3D@1.000,1.000,1.000;mat=StandardMaterial3D@1.000,1.000,1.000	StreetIdShot/OrisonRoot/F02_B_ALCOVE_LT_FLUSH_DOME/@Node3D@9171/@MeshInstance3D@9173
0	40,200,232	MeshInstance3D	0.3x0.3x0.0	mat=StandardMaterial3D@1.000,1.000,1.000;mat=StandardMaterial3D@1.000,1.000,1.000	StreetIdShot/OrisonRoot/F02_B_ALCOVE_LT_FLUSH_DOME/@Node3D@9171/@MeshInstance3D@9174
0	56,200,232	MeshInstance3D	0.3x0.2x0.3	mat=StandardMaterial3D@1.000,0.970,0.900;mat=StandardMaterial3D@1.000,0.970,0.900	StreetIdShot/OrisonRoot/F02_B_ALCOVE_LT_FLUSH_DOME/@Node3D@9171/bulb_dome
0	72,200,232	MeshInstance3D	0.7x0.1x0.1	mat=StandardMaterial3D@1.000,1.000,1.000;mat=StandardMaterial3D@1.000,1.000,1.000	StreetIdShot/OrisonRoot/F02_B_KITCHEN_LT_KITCHEN_LINEAR/@Node3D@9178/@MeshInstance3D@9179
0	88,200,232	MeshInstance3D	0.6x0.0x0.0	mat=StandardMaterial3D@1.000,0.970,0.900;mat=StandardMaterial3D@1.000,0.970,0.900	StreetIdShot/OrisonRoot/F02_B_KITCHEN_LT_KITCHEN_LINEAR/@Node3D@9178/bulb_tube
0	104,200,232	MeshInstance3D	0.0x0.6x0.0	mat=StandardMaterial3D@0.150,0.140,0.130;mat=StandardMaterial3D@0.150,0.140,0.130	StreetIdShot/OrisonRoot/F02_B_MAIN_LT_PENDANT_SHADE/@Node3D@9184/@MeshInstance3D@9185
0	120,200,232	MeshInstance3D	0.4x0.2x0.5	mat=StandardMaterial3D@0.970,0.900,0.800;mat=StandardMaterial3D@0.970,0.900,0.800	StreetIdShot/OrisonRoot/F02_B_MAIN_LT_PENDANT_SHADE/@Node3D@9184/@MeshInstance3D@9186
0	136,200,232	MeshInstance3D	0.4x0.0x0.4	mat=StandardMaterial3D@1.000,0.970,0.900;mat=StandardMaterial3D@1.000,0.970,0.900	StreetIdShot/OrisonRoot/F02_B_MAIN_LT_PENDANT_SHADE/@Node3D@9184/bulb_diffuser
0	152,200,232	MeshInstance3D	0.1x0.1x0.1	mat=StandardMaterial3D@1.000,0.970,0.900;mat=StandardMaterial3D@1.000,0.970,0.900	StreetIdShot/OrisonRoot/F02_B_MAIN_LT_PENDANT_SHADE/@Node3D@9184/bulb
0	168,200,232	MeshInstance3D	0.2x0.0x0.2	mat=StandardMaterial3D@1.000,1.000,1.000;mat=StandardMaterial3D@1.000,1.000,1.000	StreetIdShot/OrisonRoot/F02_C_BED1_LT_FLUSH_DOME/@Node3D@9192/@MeshInstance3D@9193
0	184,200,232	MeshInstance3D	0.3x0.0x0.3	mat=StandardMaterial3D@1.000,1.000,1.000;mat=StandardMaterial3D@1.000,1.000,1.000	StreetIdShot/OrisonRoot/F02_C_BED1_LT_FLUSH_DOME/@Node3D@9192/@MeshInstance3D@9194
0	200,200,232	MeshInstance3D	0.3x0.3x0.0	mat=StandardMaterial3D@1.000,1.000,1.000;mat=StandardMaterial3D@1.000,1.000,1.000	StreetIdShot/OrisonRoot/F02_C_BED1_LT_FLUSH_DOME/@Node3D@9192/@MeshInstance3D@9195
0	216,200,232	MeshInstance3D	0.3x0.2x0.3	mat=StandardMaterial3D@1.000,0.970,0.900;mat=StandardMaterial3D@1.000,0.970,0.900	StreetIdShot/OrisonRoot/F02_C_BED1_LT_FLUSH_DOME/@Node3D@9192/bulb_dome
0	232,200,232	MeshInstance3D	0.2x0.0x0.2	mat=StandardMaterial3D@1.000,1.000,1.000;mat=StandardMaterial3D@1.000,1.000,1.000	StreetIdShot/OrisonRoot/F02_C_BED2_LT_FLUSH_DOME/@Node3D@9199/@MeshInstance3D@9200
0	248,200,232	MeshInstance3D	0.3x0.0x0.3	mat=StandardMaterial3D@1.000,1.000,1.000;mat=StandardMaterial3D@1.000,1.000,1.000	StreetIdShot/OrisonRoot/F02_C_BED2_LT_FLUSH_DOME/@Node3D@9199/@MeshInstance3D@9201
0	8,216,232	MeshInstance3D	0.3x0.3x0.0	mat=StandardMaterial3D@1.000,1.000,1.000;mat=StandardMaterial3D@1.000,1.000,1.000	StreetIdShot/OrisonRoot/F02_C_BED2_LT_FLUSH_DOME/@Node3D@9199/@MeshInstance3D@9202
0	24,216,232	MeshInstance3D	0.3x0.2x0.3	mat=StandardMaterial3D@1.000,0.970,0.900;mat=StandardMaterial3D@1.000,0.970,0.900	StreetIdShot/OrisonRoot/F02_C_BED2_LT_FLUSH_DOME/@Node3D@9199/bulb_dome
0	40,216,232	MeshInstance3D	0.0x0.6x0.0	mat=StandardMaterial3D@0.150,0.140,0.130;mat=StandardMaterial3D@0.150,0.140,0.130	StreetIdShot/OrisonRoot/F02_C_MAIN_LT_PENDANT_SHADE/@Node3D@9206/@MeshInstance3D@9207
0	56,216,232	MeshInstance3D	0.4x0.2x0.5	mat=StandardMaterial3D@0.970,0.900,0.800;mat=StandardMaterial3D@0.970,0.900,0.800	StreetIdShot/OrisonRoot/F02_C_MAIN_LT_PENDANT_SHADE/@Node3D@9206/@MeshInstance3D@9208
0	72,216,232	MeshInstance3D	0.4x0.0x0.4	mat=StandardMaterial3D@1.000,0.970,0.900;mat=StandardMaterial3D@1.000,0.970,0.900	StreetIdShot/OrisonRoot/F02_C_MAIN_LT_PENDANT_SHADE/@Node3D@9206/bulb_diffuser
0	88,216,232	MeshInstance3D	0.1x0.1x0.1	mat=StandardMaterial3D@1.000,0.970,0.900;mat=StandardMaterial3D@1.000,0.970,0.900	StreetIdShot/OrisonRoot/F02_C_MAIN_LT_PENDANT_SHADE/@Node3D@9206/bulb
0	104,216,232	MeshInstance3D	0.0x0.4x0.0	mat=StandardMaterial3D@0.100,0.100,0.100;mat=StandardMaterial3D@0.100,0.100,0.100	StreetIdShot/OrisonRoot/F02_WSTOR_LT_CAGE_BULB/@Node3D@9214/@MeshInstance3D@9215
0	120,216,232	MeshInstance3D	0.1x0.1x0.1	mat=StandardMaterial3D@1.000,0.970,0.900;mat=StandardMaterial3D@1.000,0.970,0.900	StreetIdShot/OrisonRoot/F02_WSTOR_LT_CAGE_BULB/@Node3D@9214/bulb
0	136,216,232	MeshInstance3D	0.2x0.2x0.0	mat=StandardMaterial3D@0.460,0.460,0.500;mat=StandardMaterial3D@0.460,0.460,0.500	StreetIdShot/OrisonRoot/F02_WSTOR_LT_CAGE_BULB/@Node3D@9214/@MeshInstance3D@9216
0	152,216,232	MeshInstance3D	0.1x0.2x0.1	mat=StandardMaterial3D@0.460,0.460,0.500;mat=StandardMaterial3D@0.460,0.460,0.500	StreetIdShot/OrisonRoot/F02_WSTOR_LT_CAGE_BULB/@Node3D@9214/@MeshInstance3D@9217
0	168,216,232	MeshInstance3D	0.1x0.2x0.1	mat=StandardMaterial3D@0.460,0.460,0.500;mat=StandardMaterial3D@0.460,0.460,0.500	StreetIdShot/OrisonRoot/F02_WSTOR_LT_CAGE_BULB/@Node3D@9214/@MeshInstance3D@9218
0	184,216,232	MeshInstance3D	0.1x0.0x0.1	mat=StandardMaterial3D@0.460,0.460,0.500;mat=StandardMaterial3D@0.460,0.460,0.500	StreetIdShot/OrisonRoot/F02_WSTOR_LT_CAGE_BULB/@Node3D@9214/@MeshInstance3D@9219
0	200,216,232	MeshInstance3D	0.2x0.0x0.2	mat=StandardMaterial3D@1.000,1.000,1.000;mat=StandardMaterial3D@1.000,1.000,1.000	StreetIdShot/OrisonRoot/F02_HALL_LT_FLUSH_DOME/@Node3D@9223/@MeshInstance3D@9224
0	216,216,232	MeshInstance3D	0.3x0.0x0.3	mat=StandardMaterial3D@1.000,1.000,1.000;mat=StandardMaterial3D@1.000,1.000,1.000	StreetIdShot/OrisonRoot/F02_HALL_LT_FLUSH_DOME/@Node3D@9223/@MeshInstance3D@9225
0	232,216,232	MeshInstance3D	0.3x0.3x0.0	mat=StandardMaterial3D@1.000,1.000,1.000;mat=StandardMaterial3D@1.000,1.000,1.000	StreetIdShot/OrisonRoot/F02_HALL_LT_FLUSH_DOME/@Node3D@9223/@MeshInstance3D@9226
0	248,216,232	MeshInstance3D	0.3x0.2x0.3	mat=StandardMaterial3D@1.000,0.970,0.900;mat=StandardMaterial3D@1.000,0.970,0.900	StreetIdShot/OrisonRoot/F02_HALL_LT_FLUSH_DOME/@Node3D@9223/bulb_dome
0	8,232,232	MeshInstance3D	0.0x0.4x0.0	mat=StandardMaterial3D@0.100,0.100,0.100;mat=StandardMaterial3D@0.100,0.100,0.100	StreetIdShot/OrisonRoot/F02_UTILITY_LT_CAGE_BULB/@Node3D@9230/@MeshInstance3D@9231
0	24,232,232	MeshInstance3D	0.1x0.1x0.1	mat=StandardMaterial3D@1.000,0.970,0.900;mat=StandardMaterial3D@1.000,0.970,0.900	StreetIdShot/OrisonRoot/F02_UTILITY_LT_CAGE_BULB/@Node3D@9230/bulb
0	40,232,232	MeshInstance3D	0.2x0.2x0.0	mat=StandardMaterial3D@0.460,0.460,0.500;mat=StandardMaterial3D@0.460,0.460,0.500	StreetIdShot/OrisonRoot/F02_UTILITY_LT_CAGE_BULB/@Node3D@9230/@MeshInstance3D@9232
0	56,232,232	MeshInstance3D	0.1x0.2x0.1	mat=StandardMaterial3D@0.460,0.460,0.500;mat=StandardMaterial3D@0.460,0.460,0.500	StreetIdShot/OrisonRoot/F02_UTILITY_LT_CAGE_BULB/@Node3D@9230/@MeshInstance3D@9233
0	72,232,232	MeshInstance3D	0.1x0.2x0.1	mat=StandardMaterial3D@0.460,0.460,0.500;mat=StandardMaterial3D@0.460,0.460,0.500	StreetIdShot/OrisonRoot/F02_UTILITY_LT_CAGE_BULB/@Node3D@9230/@MeshInstance3D@9234
0	88,232,232	MeshInstance3D	0.1x0.0x0.1	mat=StandardMaterial3D@0.460,0.460,0.500;mat=StandardMaterial3D@0.460,0.460,0.500	StreetIdShot/OrisonRoot/F02_UTILITY_LT_CAGE_BULB/@Node3D@9230/@MeshInstance3D@9235
0	104,232,232	MeshInstance3D	0.0x0.1x0.0	mat=StandardMaterial3D@0.420,0.350,0.180;mat=StandardMaterial3D@0.420,0.350,0.180	StreetIdShot/OrisonRoot/F02_ATRIUM_FRUIT_1/@Node3D@9239/@MeshInstance3D@9240
0	120,232,232	MeshInstance3D	0.1x0.0x0.1	mat=StandardMaterial3D@1.000,1.000,1.000;mat=StandardMaterial3D@1.000,1.000,1.000	StreetIdShot/OrisonRoot/F02_ATRIUM_FRUIT_1/@Node3D@9239/@MeshInstance3D@9241
0	136,232,232	MeshInstance3D	0.2x0.3x0.2	mat=StandardMaterial3D@1.000,0.970,0.900;mat=StandardMaterial3D@1.000,0.970,0.900	StreetIdShot/OrisonRoot/F02_ATRIUM_FRUIT_1/@Node3D@9239/bulb_fruit
0	152,232,232	MeshInstance3D	0.0x0.1x0.0	mat=StandardMaterial3D@0.420,0.350,0.180;mat=StandardMaterial3D@0.420,0.350,0.180	StreetIdShot/OrisonRoot/F02_ATRIUM_FRUIT_2/@Node3D@9245/@MeshInstance3D@9246
0	168,232,232	MeshInstance3D	0.1x0.0x0.1	mat=StandardMaterial3D@1.000,1.000,1.000;mat=StandardMaterial3D@1.000,1.000,1.000	StreetIdShot/OrisonRoot/F02_ATRIUM_FRUIT_2/@Node3D@9245/@MeshInstance3D@9247
0	184,232,232	MeshInstance3D	0.2x0.3x0.2	mat=StandardMaterial3D@1.000,0.970,0.900;mat=StandardMaterial3D@1.000,0.970,0.900	StreetIdShot/OrisonRoot/F02_ATRIUM_FRUIT_2/@Node3D@9245/bulb_fruit
0	200,232,232	MeshInstance3D	0.7x1.2x0.3	mat=StandardMaterial3D@0.460,0.390,0.300;mat=StandardMaterial3D@0.460,0.390,0.300	StreetIdShot/OrisonRoot/F02_2A_BOOKSHELF_01/FixedCase/@MeshInstance3D@9260
0	216,232,232	MeshInstance3D	0.0x1.2x0.3	mat=StandardMaterial3D@0.480,0.400,0.300;mat=StandardMaterial3D@0.480,0.400,0.300	StreetIdShot/OrisonRoot/F02_2A_BOOKSHELF_01/FixedCase/@MeshInstance3D@9261
0	232,232,232	MeshInstance3D	0.5x0.2x0.0	mat=StandardMaterial3D@0.780,0.700,0.500;mat=StandardMaterial3D@0.780,0.700,0.500	StreetIdShot/OrisonRoot/F02_2A_BOOKSHELF_01/FixedCase/@MeshInstance3D@9262
0	248,232,232	MeshInstance3D	0.3x0.3x0.1	mat=StandardMaterial3D@1.000,1.000,1.000;mat=StandardMaterial3D@1.000,1.000,1.000	StreetIdShot/OrisonRoot/F02_2A_BOOKSHELF_01/Books/BatchedCovers
0	8,248,232	MeshInstance3D	0.2x0.2x0.1	mat=StandardMaterial3D@1.000,1.000,1.000;mat=StandardMaterial3D@1.000,1.000,1.000	StreetIdShot/OrisonRoot/F02_2A_BOOKSHELF_01/Books/BatchedPages
0	24,248,232	MeshInstance3D	0.7x0.4x0.0	mat=StandardMaterial3D@0.300,0.210,0.110;mat=StandardMaterial3D@0.300,0.210,0.110	StreetIdShot/OrisonRoot/WayfindingSignage/FloorDirectory_F01/@MeshInstance3D@23427
0	40,248,232	MeshInstance3D	0.6x0.3x0.0	mat=StandardMaterial3D@0.055,0.075,0.068;mat=StandardMaterial3D@0.055,0.075,0.068	StreetIdShot/OrisonRoot/WayfindingSignage/FloorDirectory_F01/@MeshInstance3D@23428
0	56,248,232	MeshInstance3D	0.5x0.1x0.0	mat=StandardMaterial3D@0.740,0.700,0.580;mat=StandardMaterial3D@0.740,0.700,0.580	StreetIdShot/OrisonRoot/WayfindingSignage/FloorDirectory_F01/@MeshInstance3D@23430
0	72,248,232	MeshInstance3D	0.5x0.1x0.0	mat=StandardMaterial3D@0.740,0.700,0.580;mat=StandardMaterial3D@0.740,0.700,0.580	StreetIdShot/OrisonRoot/WayfindingSignage/FloorDirectory_F01/@MeshInstance3D@23432
0	88,248,232	MeshInstance3D	0.0x0.0x0.0	mat=StandardMaterial3D@0.720,0.490,0.180;mat=StandardMaterial3D@0.720,0.490,0.180	StreetIdShot/OrisonRoot/WayfindingSignage/FloorDirectory_F01/@MeshInstance3D@23434
0	104,248,232	MeshInstance3D	0.0x0.0x0.0	mat=StandardMaterial3D@0.720,0.490,0.180;mat=StandardMaterial3D@0.720,0.490,0.180	StreetIdShot/OrisonRoot/WayfindingSignage/FloorDirectory_F01/@MeshInstance3D@23435
0	120,248,232	MeshInstance3D	0.0x0.0x0.0	mat=StandardMaterial3D@0.720,0.490,0.180;mat=StandardMaterial3D@0.720,0.490,0.180	StreetIdShot/OrisonRoot/WayfindingSignage/FloorDirectory_F01/@MeshInstance3D@23436
0	136,248,232	MeshInstance3D	0.0x0.0x0.0	mat=StandardMaterial3D@0.720,0.490,0.180;mat=StandardMaterial3D@0.720,0.490,0.180	StreetIdShot/OrisonRoot/WayfindingSignage/FloorDirectory_F01/@MeshInstance3D@23437
0	152,248,232	MeshInstance3D	0.7x0.4x0.0	mat=StandardMaterial3D@0.300,0.210,0.110;mat=StandardMaterial3D@0.300,0.210,0.110	StreetIdShot/OrisonRoot/WayfindingSignage/FloorDirectory_F02/@MeshInstance3D@23438
0	168,248,232	MeshInstance3D	0.6x0.3x0.0	mat=StandardMaterial3D@0.055,0.075,0.068;mat=StandardMaterial3D@0.055,0.075,0.068	StreetIdShot/OrisonRoot/WayfindingSignage/FloorDirectory_F02/@MeshInstance3D@23439
0	184,248,232	MeshInstance3D	0.5x0.1x0.0	mat=StandardMaterial3D@0.740,0.700,0.580;mat=StandardMaterial3D@0.740,0.700,0.580	StreetIdShot/OrisonRoot/WayfindingSignage/FloorDirectory_F02/@MeshInstance3D@23441
0	200,248,232	MeshInstance3D	0.5x0.1x0.0	mat=StandardMaterial3D@0.740,0.700,0.580;mat=StandardMaterial3D@0.740,0.700,0.580	StreetIdShot/OrisonRoot/WayfindingSignage/FloorDirectory_F02/@MeshInstance3D@23443
0	216,248,232	MeshInstance3D	0.5x0.1x0.0	mat=StandardMaterial3D@0.740,0.700,0.580;mat=StandardMaterial3D@0.740,0.700,0.580	StreetIdShot/OrisonRoot/WayfindingSignage/FloorDirectory_F02/@MeshInstance3D@23445
0	232,248,232	MeshInstance3D	0.0x0.0x0.0	mat=StandardMaterial3D@0.720,0.490,0.180;mat=StandardMaterial3D@0.720,0.490,0.180	StreetIdShot/OrisonRoot/WayfindingSignage/FloorDirectory_F02/@MeshInstance3D@23447
0	248,248,232	MeshInstance3D	0.0x0.0x0.0	mat=StandardMaterial3D@0.720,0.490,0.180;mat=StandardMaterial3D@0.720,0.490,0.180	StreetIdShot/OrisonRoot/WayfindingSignage/FloorDirectory_F02/@MeshInstance3D@23448
0	8,8,248	MeshInstance3D	0.0x0.0x0.0	mat=StandardMaterial3D@0.720,0.490,0.180;mat=StandardMaterial3D@0.720,0.490,0.180	StreetIdShot/OrisonRoot/WayfindingSignage/FloorDirectory_F02/@MeshInstance3D@23449
0	24,8,248	MeshInstance3D	0.0x0.0x0.0	mat=StandardMaterial3D@0.720,0.490,0.180;mat=StandardMaterial3D@0.720,0.490,0.180	StreetIdShot/OrisonRoot/WayfindingSignage/FloorDirectory_F02/@MeshInstance3D@23450
0	40,8,248	MeshInstance3D	0.7x0.4x0.0	mat=StandardMaterial3D@0.300,0.210,0.110;mat=StandardMaterial3D@0.300,0.210,0.110	StreetIdShot/OrisonRoot/WayfindingSignage/FloorDirectory_F03/@MeshInstance3D@23451
0	56,8,248	MeshInstance3D	0.6x0.3x0.0	mat=StandardMaterial3D@0.055,0.075,0.068;mat=StandardMaterial3D@0.055,0.075,0.068	StreetIdShot/OrisonRoot/WayfindingSignage/FloorDirectory_F03/@MeshInstance3D@23452
0	72,8,248	MeshInstance3D	0.5x0.1x0.0	mat=StandardMaterial3D@0.740,0.700,0.580;mat=StandardMaterial3D@0.740,0.700,0.580	StreetIdShot/OrisonRoot/WayfindingSignage/FloorDirectory_F03/@MeshInstance3D@23454
0	88,8,248	MeshInstance3D	0.5x0.1x0.0	mat=StandardMaterial3D@0.740,0.700,0.580;mat=StandardMaterial3D@0.740,0.700,0.580	StreetIdShot/OrisonRoot/WayfindingSignage/FloorDirectory_F03/@MeshInstance3D@23456
0	104,8,248	MeshInstance3D	0.5x0.1x0.0	mat=StandardMaterial3D@0.740,0.700,0.580;mat=StandardMaterial3D@0.740,0.700,0.580	StreetIdShot/OrisonRoot/WayfindingSignage/FloorDirectory_F03/@MeshInstance3D@23458
0	120,8,248	MeshInstance3D	0.0x0.0x0.0	mat=StandardMaterial3D@0.720,0.490,0.180;mat=StandardMaterial3D@0.720,0.490,0.180	StreetIdShot/OrisonRoot/WayfindingSignage/FloorDirectory_F03/@MeshInstance3D@23460
0	136,8,248	MeshInstance3D	0.0x0.0x0.0	mat=StandardMaterial3D@0.720,0.490,0.180;mat=StandardMaterial3D@0.720,0.490,0.180	StreetIdShot/OrisonRoot/WayfindingSignage/FloorDirectory_F03/@MeshInstance3D@23461
0	152,8,248	MeshInstance3D	0.0x0.0x0.0	mat=StandardMaterial3D@0.720,0.490,0.180;mat=StandardMaterial3D@0.720,0.490,0.180	StreetIdShot/OrisonRoot/WayfindingSignage/FloorDirectory_F03/@MeshInstance3D@23462
0	168,8,248	MeshInstance3D	0.0x0.0x0.0	mat=StandardMaterial3D@0.720,0.490,0.180;mat=StandardMaterial3D@0.720,0.490,0.180	StreetIdShot/OrisonRoot/WayfindingSignage/FloorDirectory_F03/@MeshInstance3D@23463
0	184,8,248	MeshInstance3D	0.7x0.5x0.0	mat=StandardMaterial3D@0.300,0.210,0.110;mat=StandardMaterial3D@0.300,0.210,0.110	StreetIdShot/OrisonRoot/WayfindingSignage/FloorDirectory_F04/@MeshInstance3D@23464
0	200,8,248	MeshInstance3D	0.6x0.4x0.0	mat=StandardMaterial3D@0.055,0.075,0.068;mat=StandardMaterial3D@0.055,0.075,0.068	StreetIdShot/OrisonRoot/WayfindingSignage/FloorDirectory_F04/@MeshInstance3D@23465
0	216,8,248	MeshInstance3D	0.5x0.1x0.0	mat=StandardMaterial3D@0.740,0.700,0.580;mat=StandardMaterial3D@0.740,0.700,0.580	StreetIdShot/OrisonRoot/WayfindingSignage/FloorDirectory_F04/@MeshInstance3D@23467
0	232,8,248	MeshInstance3D	0.5x0.1x0.0	mat=StandardMaterial3D@0.740,0.700,0.580;mat=StandardMaterial3D@0.740,0.700,0.580	StreetIdShot/OrisonRoot/WayfindingSignage/FloorDirectory_F04/@MeshInstance3D@23469
0	248,8,248	MeshInstance3D	0.5x0.1x0.0	mat=StandardMaterial3D@0.740,0.700,0.580;mat=StandardMaterial3D@0.740,0.700,0.580	StreetIdShot/OrisonRoot/WayfindingSignage/FloorDirectory_F04/@MeshInstance3D@23471
0	8,24,248	MeshInstance3D	0.5x0.1x0.0	mat=StandardMaterial3D@0.740,0.700,0.580;mat=StandardMaterial3D@0.740,0.700,0.580	StreetIdShot/OrisonRoot/WayfindingSignage/FloorDirectory_F04/@MeshInstance3D@23473
0	24,24,248	MeshInstance3D	0.0x0.0x0.0	mat=StandardMaterial3D@0.720,0.490,0.180;mat=StandardMaterial3D@0.720,0.490,0.180	StreetIdShot/OrisonRoot/WayfindingSignage/FloorDirectory_F04/@MeshInstance3D@23475
0	40,24,248	MeshInstance3D	0.0x0.0x0.0	mat=StandardMaterial3D@0.720,0.490,0.180;mat=StandardMaterial3D@0.720,0.490,0.180	StreetIdShot/OrisonRoot/WayfindingSignage/FloorDirectory_F04/@MeshInstance3D@23476
0	56,24,248	MeshInstance3D	0.0x0.0x0.0	mat=StandardMaterial3D@0.720,0.490,0.180;mat=StandardMaterial3D@0.720,0.490,0.180	StreetIdShot/OrisonRoot/WayfindingSignage/FloorDirectory_F04/@MeshInstance3D@23477
0	72,24,248	MeshInstance3D	0.0x0.0x0.0	mat=StandardMaterial3D@0.720,0.490,0.180;mat=StandardMaterial3D@0.720,0.490,0.180	StreetIdShot/OrisonRoot/WayfindingSignage/FloorDirectory_F04/@MeshInstance3D@23478
0	88,24,248	MeshInstance3D	0.7x0.4x0.0	mat=StandardMaterial3D@0.300,0.210,0.110;mat=StandardMaterial3D@0.300,0.210,0.110	StreetIdShot/OrisonRoot/WayfindingSignage/FloorDirectory_F05/@MeshInstance3D@23479
0	104,24,248	MeshInstance3D	0.6x0.3x0.0	mat=StandardMaterial3D@0.055,0.075,0.068;mat=StandardMaterial3D@0.055,0.075,0.068	StreetIdShot/OrisonRoot/WayfindingSignage/FloorDirectory_F05/@MeshInstance3D@23480
0	120,24,248	MeshInstance3D	0.5x0.1x0.0	mat=StandardMaterial3D@0.740,0.700,0.580;mat=StandardMaterial3D@0.740,0.700,0.580	StreetIdShot/OrisonRoot/WayfindingSignage/FloorDirectory_F05/@MeshInstance3D@23482
0	136,24,248	MeshInstance3D	0.5x0.1x0.0	mat=StandardMaterial3D@0.740,0.700,0.580;mat=StandardMaterial3D@0.740,0.700,0.580	StreetIdShot/OrisonRoot/WayfindingSignage/FloorDirectory_F05/@MeshInstance3D@23484
0	152,24,248	MeshInstance3D	0.5x0.1x0.0	mat=StandardMaterial3D@0.740,0.700,0.580;mat=StandardMaterial3D@0.740,0.700,0.580	StreetIdShot/OrisonRoot/WayfindingSignage/FloorDirectory_F05/@MeshInstance3D@23486
0	168,24,248	MeshInstance3D	0.0x0.0x0.0	mat=StandardMaterial3D@0.720,0.490,0.180;mat=StandardMaterial3D@0.720,0.490,0.180	StreetIdShot/OrisonRoot/WayfindingSignage/FloorDirectory_F05/@MeshInstance3D@23488
0	184,24,248	MeshInstance3D	0.0x0.0x0.0	mat=StandardMaterial3D@0.720,0.490,0.180;mat=StandardMaterial3D@0.720,0.490,0.180	StreetIdShot/OrisonRoot/WayfindingSignage/FloorDirectory_F05/@MeshInstance3D@23489
0	200,24,248	MeshInstance3D	0.0x0.0x0.0	mat=StandardMaterial3D@0.720,0.490,0.180;mat=StandardMaterial3D@0.720,0.490,0.180	StreetIdShot/OrisonRoot/WayfindingSignage/FloorDirectory_F05/@MeshInstance3D@23490
0	216,24,248	MeshInstance3D	0.0x0.0x0.0	mat=StandardMaterial3D@0.720,0.490,0.180;mat=StandardMaterial3D@0.720,0.490,0.180	StreetIdShot/OrisonRoot/WayfindingSignage/FloorDirectory_F05/@MeshInstance3D@23491
0	232,24,248	MeshInstance3D	0.7x0.4x0.0	mat=StandardMaterial3D@0.300,0.210,0.110;mat=StandardMaterial3D@0.300,0.210,0.110	StreetIdShot/OrisonRoot/WayfindingSignage/FloorDirectory_F06/@MeshInstance3D@23492
0	248,24,248	MeshInstance3D	0.6x0.3x0.0	mat=StandardMaterial3D@0.055,0.075,0.068;mat=StandardMaterial3D@0.055,0.075,0.068	StreetIdShot/OrisonRoot/WayfindingSignage/FloorDirectory_F06/@MeshInstance3D@23493
0	8,40,248	MeshInstance3D	0.5x0.1x0.0	mat=StandardMaterial3D@0.740,0.700,0.580;mat=StandardMaterial3D@0.740,0.700,0.580	StreetIdShot/OrisonRoot/WayfindingSignage/FloorDirectory_F06/@MeshInstance3D@23495
0	24,40,248	MeshInstance3D	0.5x0.1x0.0	mat=StandardMaterial3D@0.740,0.700,0.580;mat=StandardMaterial3D@0.740,0.700,0.580	StreetIdShot/OrisonRoot/WayfindingSignage/FloorDirectory_F06/@MeshInstance3D@23497
0	40,40,248	MeshInstance3D	0.5x0.1x0.0	mat=StandardMaterial3D@0.740,0.700,0.580;mat=StandardMaterial3D@0.740,0.700,0.580	StreetIdShot/OrisonRoot/WayfindingSignage/FloorDirectory_F06/@MeshInstance3D@23499
0	56,40,248	MeshInstance3D	0.0x0.0x0.0	mat=StandardMaterial3D@0.720,0.490,0.180;mat=StandardMaterial3D@0.720,0.490,0.180	StreetIdShot/OrisonRoot/WayfindingSignage/FloorDirectory_F06/@MeshInstance3D@23501
0	72,40,248	MeshInstance3D	0.0x0.0x0.0	mat=StandardMaterial3D@0.720,0.490,0.180;mat=StandardMaterial3D@0.720,0.490,0.180	StreetIdShot/OrisonRoot/WayfindingSignage/FloorDirectory_F06/@MeshInstance3D@23502
0	88,40,248	MeshInstance3D	0.0x0.0x0.0	mat=StandardMaterial3D@0.720,0.490,0.180;mat=StandardMaterial3D@0.720,0.490,0.180	StreetIdShot/OrisonRoot/WayfindingSignage/FloorDirectory_F06/@MeshInstance3D@23503
0	104,40,248	MeshInstance3D	0.0x0.0x0.0	mat=StandardMaterial3D@0.720,0.490,0.180;mat=StandardMaterial3D@0.720,0.490,0.180	StreetIdShot/OrisonRoot/WayfindingSignage/FloorDirectory_F06/@MeshInstance3D@23504
0	120,40,248	MeshInstance3D	0.7x0.4x0.0	mat=StandardMaterial3D@0.300,0.210,0.110;mat=StandardMaterial3D@0.300,0.210,0.110	StreetIdShot/OrisonRoot/WayfindingSignage/FloorDirectory_B1/@MeshInstance3D@23505
0	136,40,248	MeshInstance3D	0.6x0.3x0.0	mat=StandardMaterial3D@0.055,0.075,0.068;mat=StandardMaterial3D@0.055,0.075,0.068	StreetIdShot/OrisonRoot/WayfindingSignage/FloorDirectory_B1/@MeshInstance3D@23506
0	152,40,248	MeshInstance3D	0.5x0.1x0.0	mat=StandardMaterial3D@0.740,0.700,0.580;mat=StandardMaterial3D@0.740,0.700,0.580	StreetIdShot/OrisonRoot/WayfindingSignage/FloorDirectory_B1/@MeshInstance3D@23508
0	168,40,248	MeshInstance3D	0.5x0.1x0.0	mat=StandardMaterial3D@0.740,0.700,0.580;mat=StandardMaterial3D@0.740,0.700,0.580	StreetIdShot/OrisonRoot/WayfindingSignage/FloorDirectory_B1/@MeshInstance3D@23510
0	184,40,248	MeshInstance3D	0.5x0.1x0.0	mat=StandardMaterial3D@0.740,0.700,0.580;mat=StandardMaterial3D@0.740,0.700,0.580	StreetIdShot/OrisonRoot/WayfindingSignage/FloorDirectory_B1/@MeshInstance3D@23512
0	200,40,248	MeshInstance3D	0.0x0.0x0.0	mat=StandardMaterial3D@0.720,0.490,0.180;mat=StandardMaterial3D@0.720,0.490,0.180	StreetIdShot/OrisonRoot/WayfindingSignage/FloorDirectory_B1/@MeshInstance3D@23514
0	216,40,248	MeshInstance3D	0.0x0.0x0.0	mat=StandardMaterial3D@0.720,0.490,0.180;mat=StandardMaterial3D@0.720,0.490,0.180	StreetIdShot/OrisonRoot/WayfindingSignage/FloorDirectory_B1/@MeshInstance3D@23515
0	232,40,248	MeshInstance3D	0.0x0.0x0.0	mat=StandardMaterial3D@0.720,0.490,0.180;mat=StandardMaterial3D@0.720,0.490,0.180	StreetIdShot/OrisonRoot/WayfindingSignage/FloorDirectory_B1/@MeshInstance3D@23516
0	248,40,248	MeshInstance3D	0.0x0.0x0.0	mat=StandardMaterial3D@0.720,0.490,0.180;mat=StandardMaterial3D@0.720,0.490,0.180	StreetIdShot/OrisonRoot/WayfindingSignage/FloorDirectory_B1/@MeshInstance3D@23517
0	8,56,248	MeshInstance3D	0.0x0.3x0.6	mat=StandardMaterial3D@0.300,0.210,0.110;mat=StandardMaterial3D@0.300,0.210,0.110	StreetIdShot/OrisonRoot/WayfindingSignage/FireDirection_B1/@MeshInstance3D@23518
0	24,56,248	MeshInstance3D	0.0x0.3x0.6	mat=StandardMaterial3D@0.055,0.075,0.068;mat=StandardMaterial3D@0.055,0.075,0.068	StreetIdShot/OrisonRoot/WayfindingSignage/FireDirection_B1/@MeshInstance3D@23519
0	40,56,248	MeshInstance3D	0.0x0.3x0.6	mat=StandardMaterial3D@0.300,0.210,0.110;mat=StandardMaterial3D@0.300,0.210,0.110	StreetIdShot/OrisonRoot/WayfindingSignage/FireDirection_F01/@MeshInstance3D@23524
0	56,56,248	MeshInstance3D	0.0x0.3x0.6	mat=StandardMaterial3D@0.055,0.075,0.068;mat=StandardMaterial3D@0.055,0.075,0.068	StreetIdShot/OrisonRoot/WayfindingSignage/FireDirection_F01/@MeshInstance3D@23525
0	72,56,248	MeshInstance3D	0.0x0.3x0.6	mat=StandardMaterial3D@0.300,0.210,0.110;mat=StandardMaterial3D@0.300,0.210,0.110	StreetIdShot/OrisonRoot/WayfindingSignage/FireDirection_F02/@MeshInstance3D@23530
0	88,56,248	MeshInstance3D	0.0x0.3x0.6	mat=StandardMaterial3D@0.055,0.075,0.068;mat=StandardMaterial3D@0.055,0.075,0.068	StreetIdShot/OrisonRoot/WayfindingSignage/FireDirection_F02/@MeshInstance3D@23531
0	104,56,248	MeshInstance3D	0.0x0.3x0.6	mat=StandardMaterial3D@0.300,0.210,0.110;mat=StandardMaterial3D@0.300,0.210,0.110	StreetIdShot/OrisonRoot/WayfindingSignage/FireDirection_F03/@MeshInstance3D@23536
0	120,56,248	MeshInstance3D	0.0x0.3x0.6	mat=StandardMaterial3D@0.055,0.075,0.068;mat=StandardMaterial3D@0.055,0.075,0.068	StreetIdShot/OrisonRoot/WayfindingSignage/FireDirection_F03/@MeshInstance3D@23537
0	136,56,248	MeshInstance3D	0.0x0.3x0.6	mat=StandardMaterial3D@0.300,0.210,0.110;mat=StandardMaterial3D@0.300,0.210,0.110	StreetIdShot/OrisonRoot/WayfindingSignage/FireDirection_F04/@MeshInstance3D@23542
0	152,56,248	MeshInstance3D	0.0x0.3x0.6	mat=StandardMaterial3D@0.055,0.075,0.068;mat=StandardMaterial3D@0.055,0.075,0.068	StreetIdShot/OrisonRoot/WayfindingSignage/FireDirection_F04/@MeshInstance3D@23543
0	168,56,248	MeshInstance3D	0.0x0.3x0.6	mat=StandardMaterial3D@0.300,0.210,0.110;mat=StandardMaterial3D@0.300,0.210,0.110	StreetIdShot/OrisonRoot/WayfindingSignage/FireDirection_F05/@MeshInstance3D@23548
0	184,56,248	MeshInstance3D	0.0x0.3x0.6	mat=StandardMaterial3D@0.055,0.075,0.068;mat=StandardMaterial3D@0.055,0.075,0.068	StreetIdShot/OrisonRoot/WayfindingSignage/FireDirection_F05/@MeshInstance3D@23549
0	200,56,248	MeshInstance3D	0.0x0.3x0.6	mat=StandardMaterial3D@0.300,0.210,0.110;mat=StandardMaterial3D@0.300,0.210,0.110	StreetIdShot/OrisonRoot/WayfindingSignage/FireDirection_F06/@MeshInstance3D@23554
0	216,56,248	MeshInstance3D	0.0x0.3x0.6	mat=StandardMaterial3D@0.055,0.075,0.068;mat=StandardMaterial3D@0.055,0.075,0.068	StreetIdShot/OrisonRoot/WayfindingSignage/FireDirection_F06/@MeshInstance3D@23555
0	232,56,248	MeshInstance3D	0.0x0.3x0.6	mat=StandardMaterial3D@0.300,0.210,0.110;mat=StandardMaterial3D@0.300,0.210,0.110	StreetIdShot/OrisonRoot/WayfindingSignage/FireDirection_ROOF/@MeshInstance3D@23560
0	248,56,248	MeshInstance3D	0.0x0.3x0.6	mat=StandardMaterial3D@0.055,0.075,0.068;mat=StandardMaterial3D@0.055,0.075,0.068	StreetIdShot/OrisonRoot/WayfindingSignage/FireDirection_ROOF/@MeshInstance3D@23561
0	8,72,248	MeshInstance3D	0.5x1.3x0.0	mat=StandardMaterial3D@0.300,0.210,0.110;mat=StandardMaterial3D@0.300,0.210,0.110	StreetIdShot/OrisonRoot/WayfindingSignage/FrontResidentDirectoryAndBuzzer/@MeshInstance3D@23566
0	24,72,248	MeshInstance3D	0.5x1.2x0.0	mat=StandardMaterial3D@0.055,0.075,0.068;mat=StandardMaterial3D@0.055,0.075,0.068	StreetIdShot/OrisonRoot/WayfindingSignage/FrontResidentDirectoryAndBuzzer/@MeshInstance3D@23567
0	40,72,248	MeshInstance3D	0.4x0.0x0.0	mat=StandardMaterial3D@0.740,0.700,0.580;mat=StandardMaterial3D@0.740,0.700,0.580	StreetIdShot/OrisonRoot/WayfindingSignage/FrontResidentDirectoryAndBuzzer/@MeshInstance3D@23569
0	56,72,248	MeshInstance3D	0.0x0.0x0.0	mat=StandardMaterial3D@0.720,0.490,0.180;mat=StandardMaterial3D@0.720,0.490,0.180	StreetIdShot/OrisonRoot/WayfindingSignage/FrontResidentDirectoryAndBuzzer/@MeshInstance3D@23571
0	72,72,248	MeshInstance3D	0.4x0.0x0.0	mat=StandardMaterial3D@0.740,0.700,0.580;mat=StandardMaterial3D@0.740,0.700,0.580	StreetIdShot/OrisonRoot/WayfindingSignage/FrontResidentDirectoryAndBuzzer/@MeshInstance3D@23572
0	88,72,248	MeshInstance3D	0.0x0.0x0.0	mat=StandardMaterial3D@0.720,0.490,0.180;mat=StandardMaterial3D@0.720,0.490,0.180	StreetIdShot/OrisonRoot/WayfindingSignage/FrontResidentDirectoryAndBuzzer/@MeshInstance3D@23574
0	104,72,248	MeshInstance3D	0.4x0.0x0.0	mat=StandardMaterial3D@0.740,0.700,0.580;mat=StandardMaterial3D@0.740,0.700,0.580	StreetIdShot/OrisonRoot/WayfindingSignage/FrontResidentDirectoryAndBuzzer/@MeshInstance3D@23575
0	120,72,248	MeshInstance3D	0.0x0.0x0.0	mat=StandardMaterial3D@0.720,0.490,0.180;mat=StandardMaterial3D@0.720,0.490,0.180	StreetIdShot/OrisonRoot/WayfindingSignage/FrontResidentDirectoryAndBuzzer/@MeshInstance3D@23577
0	136,72,248	MeshInstance3D	0.4x0.0x0.0	mat=StandardMaterial3D@0.740,0.700,0.580;mat=StandardMaterial3D@0.740,0.700,0.580	StreetIdShot/OrisonRoot/WayfindingSignage/FrontResidentDirectoryAndBuzzer/@MeshInstance3D@23578
0	152,72,248	MeshInstance3D	0.0x0.0x0.0	mat=StandardMaterial3D@0.720,0.490,0.180;mat=StandardMaterial3D@0.720,0.490,0.180	StreetIdShot/OrisonRoot/WayfindingSignage/FrontResidentDirectoryAndBuzzer/@MeshInstance3D@23580
0	168,72,248	MeshInstance3D	0.4x0.0x0.0	mat=StandardMaterial3D@0.740,0.700,0.580;mat=StandardMaterial3D@0.740,0.700,0.580	StreetIdShot/OrisonRoot/WayfindingSignage/FrontResidentDirectoryAndBuzzer/@MeshInstance3D@23581
0	184,72,248	MeshInstance3D	0.0x0.0x0.0	mat=StandardMaterial3D@0.720,0.490,0.180;mat=StandardMaterial3D@0.720,0.490,0.180	StreetIdShot/OrisonRoot/WayfindingSignage/FrontResidentDirectoryAndBuzzer/@MeshInstance3D@23583
0	200,72,248	MeshInstance3D	0.4x0.0x0.0	mat=StandardMaterial3D@0.740,0.700,0.580;mat=StandardMaterial3D@0.740,0.700,0.580	StreetIdShot/OrisonRoot/WayfindingSignage/FrontResidentDirectoryAndBuzzer/@MeshInstance3D@23584
0	216,72,248	MeshInstance3D	0.0x0.0x0.0	mat=StandardMaterial3D@0.720,0.490,0.180;mat=StandardMaterial3D@0.720,0.490,0.180	StreetIdShot/OrisonRoot/WayfindingSignage/FrontResidentDirectoryAndBuzzer/@MeshInstance3D@23586
0	232,72,248	MeshInstance3D	0.4x0.0x0.0	mat=StandardMaterial3D@0.740,0.700,0.580;mat=StandardMaterial3D@0.740,0.700,0.580	StreetIdShot/OrisonRoot/WayfindingSignage/FrontResidentDirectoryAndBuzzer/@MeshInstance3D@23587
0	248,72,248	MeshInstance3D	0.0x0.0x0.0	mat=StandardMaterial3D@0.720,0.490,0.180;mat=StandardMaterial3D@0.720,0.490,0.180	StreetIdShot/OrisonRoot/WayfindingSignage/FrontResidentDirectoryAndBuzzer/@MeshInstance3D@23589
0	8,88,248	MeshInstance3D	0.4x0.0x0.0	mat=StandardMaterial3D@0.740,0.700,0.580;mat=StandardMaterial3D@0.740,0.700,0.580	StreetIdShot/OrisonRoot/WayfindingSignage/FrontResidentDirectoryAndBuzzer/@MeshInstance3D@23590
0	24,88,248	MeshInstance3D	0.0x0.0x0.0	mat=StandardMaterial3D@0.720,0.490,0.180;mat=StandardMaterial3D@0.720,0.490,0.180	StreetIdShot/OrisonRoot/WayfindingSignage/FrontResidentDirectoryAndBuzzer/@MeshInstance3D@23592
0	40,88,248	MeshInstance3D	0.4x0.0x0.0	mat=StandardMaterial3D@0.740,0.700,0.580;mat=StandardMaterial3D@0.740,0.700,0.580	StreetIdShot/OrisonRoot/WayfindingSignage/FrontResidentDirectoryAndBuzzer/@MeshInstance3D@23593
0	56,88,248	MeshInstance3D	0.0x0.0x0.0	mat=StandardMaterial3D@0.720,0.490,0.180;mat=StandardMaterial3D@0.720,0.490,0.180	StreetIdShot/OrisonRoot/WayfindingSignage/FrontResidentDirectoryAndBuzzer/@MeshInstance3D@23595
0	72,88,248	MeshInstance3D	0.4x0.0x0.0	mat=StandardMaterial3D@0.740,0.700,0.580;mat=StandardMaterial3D@0.740,0.700,0.580	StreetIdShot/OrisonRoot/WayfindingSignage/FrontResidentDirectoryAndBuzzer/@MeshInstance3D@23596
0	88,88,248	MeshInstance3D	0.0x0.0x0.0	mat=StandardMaterial3D@0.720,0.490,0.180;mat=StandardMaterial3D@0.720,0.490,0.180	StreetIdShot/OrisonRoot/WayfindingSignage/FrontResidentDirectoryAndBuzzer/@MeshInstance3D@23598
0	104,88,248	MeshInstance3D	0.4x0.0x0.0	mat=StandardMaterial3D@0.740,0.700,0.580;mat=StandardMaterial3D@0.740,0.700,0.580	StreetIdShot/OrisonRoot/WayfindingSignage/FrontResidentDirectoryAndBuzzer/@MeshInstance3D@23599
0	120,88,248	MeshInstance3D	0.0x0.0x0.0	mat=StandardMaterial3D@0.720,0.490,0.180;mat=StandardMaterial3D@0.720,0.490,0.180	StreetIdShot/OrisonRoot/WayfindingSignage/FrontResidentDirectoryAndBuzzer/@MeshInstance3D@23601
0	136,88,248	MeshInstance3D	0.4x0.0x0.0	mat=StandardMaterial3D@0.740,0.700,0.580;mat=StandardMaterial3D@0.740,0.700,0.580	StreetIdShot/OrisonRoot/WayfindingSignage/FrontResidentDirectoryAndBuzzer/@MeshInstance3D@23602
0	152,88,248	MeshInstance3D	0.0x0.0x0.0	mat=StandardMaterial3D@0.720,0.490,0.180;mat=StandardMaterial3D@0.720,0.490,0.180	StreetIdShot/OrisonRoot/WayfindingSignage/FrontResidentDirectoryAndBuzzer/@MeshInstance3D@23604
0	168,88,248	MeshInstance3D	0.4x0.0x0.0	mat=StandardMaterial3D@0.740,0.700,0.580;mat=StandardMaterial3D@0.740,0.700,0.580	StreetIdShot/OrisonRoot/WayfindingSignage/FrontResidentDirectoryAndBuzzer/@MeshInstance3D@23605
0	184,88,248	MeshInstance3D	0.0x0.0x0.0	mat=StandardMaterial3D@0.720,0.490,0.180;mat=StandardMaterial3D@0.720,0.490,0.180	StreetIdShot/OrisonRoot/WayfindingSignage/FrontResidentDirectoryAndBuzzer/@MeshInstance3D@23607
0	200,88,248	MeshInstance3D	0.4x0.0x0.0	mat=StandardMaterial3D@0.740,0.700,0.580;mat=StandardMaterial3D@0.740,0.700,0.580	StreetIdShot/OrisonRoot/WayfindingSignage/FrontResidentDirectoryAndBuzzer/@MeshInstance3D@23608
0	216,88,248	MeshInstance3D	0.0x0.0x0.0	mat=StandardMaterial3D@0.720,0.490,0.180;mat=StandardMaterial3D@0.720,0.490,0.180	StreetIdShot/OrisonRoot/WayfindingSignage/FrontResidentDirectoryAndBuzzer/@MeshInstance3D@23610
0	232,88,248	MeshInstance3D	0.4x0.0x0.0	mat=StandardMaterial3D@0.740,0.700,0.580;mat=StandardMaterial3D@0.740,0.700,0.580	StreetIdShot/OrisonRoot/WayfindingSignage/FrontResidentDirectoryAndBuzzer/@MeshInstance3D@23611
0	248,88,248	MeshInstance3D	0.0x0.0x0.0	mat=StandardMaterial3D@0.720,0.490,0.180;mat=StandardMaterial3D@0.720,0.490,0.180	StreetIdShot/OrisonRoot/WayfindingSignage/FrontResidentDirectoryAndBuzzer/@MeshInstance3D@23613
0	8,104,248	MeshInstance3D	0.4x0.0x0.0	mat=StandardMaterial3D@0.740,0.700,0.580;mat=StandardMaterial3D@0.740,0.700,0.580	StreetIdShot/OrisonRoot/WayfindingSignage/FrontResidentDirectoryAndBuzzer/@MeshInstance3D@23614
0	24,104,248	MeshInstance3D	0.0x0.0x0.0	mat=StandardMaterial3D@0.720,0.490,0.180;mat=StandardMaterial3D@0.720,0.490,0.180	StreetIdShot/OrisonRoot/WayfindingSignage/FrontResidentDirectoryAndBuzzer/@MeshInstance3D@23616
0	40,104,248	MeshInstance3D	0.4x0.0x0.0	mat=StandardMaterial3D@0.740,0.700,0.580;mat=StandardMaterial3D@0.740,0.700,0.580	StreetIdShot/OrisonRoot/WayfindingSignage/FrontResidentDirectoryAndBuzzer/@MeshInstance3D@23617
0	56,104,248	MeshInstance3D	0.0x0.0x0.0	mat=StandardMaterial3D@0.720,0.490,0.180;mat=StandardMaterial3D@0.720,0.490,0.180	StreetIdShot/OrisonRoot/WayfindingSignage/FrontResidentDirectoryAndBuzzer/@MeshInstance3D@23619
0	72,104,248	MeshInstance3D	0.4x0.0x0.0	mat=StandardMaterial3D@0.740,0.700,0.580;mat=StandardMaterial3D@0.740,0.700,0.580	StreetIdShot/OrisonRoot/WayfindingSignage/FrontResidentDirectoryAndBuzzer/@MeshInstance3D@23620
0	88,104,248	MeshInstance3D	0.0x0.0x0.0	mat=StandardMaterial3D@0.720,0.490,0.180;mat=StandardMaterial3D@0.720,0.490,0.180	StreetIdShot/OrisonRoot/WayfindingSignage/FrontResidentDirectoryAndBuzzer/@MeshInstance3D@23622
0	104,104,248	MeshInstance3D	0.0x0.0x0.0	mat=StandardMaterial3D@0.720,0.490,0.180;mat=StandardMaterial3D@0.720,0.490,0.180	StreetIdShot/OrisonRoot/WayfindingSignage/FrontResidentDirectoryAndBuzzer/@MeshInstance3D@23623
0	120,104,248	MeshInstance3D	0.0x0.0x0.0	mat=StandardMaterial3D@0.720,0.490,0.180;mat=StandardMaterial3D@0.720,0.490,0.180	StreetIdShot/OrisonRoot/WayfindingSignage/FrontResidentDirectoryAndBuzzer/@MeshInstance3D@23624
0	136,104,248	MeshInstance3D	0.0x0.0x0.0	mat=StandardMaterial3D@0.720,0.490,0.180;mat=StandardMaterial3D@0.720,0.490,0.180	StreetIdShot/OrisonRoot/WayfindingSignage/FrontResidentDirectoryAndBuzzer/@MeshInstance3D@23625
0	152,104,248	MeshInstance3D	0.0x0.0x0.0	mat=StandardMaterial3D@0.720,0.490,0.180;mat=StandardMaterial3D@0.720,0.490,0.180	StreetIdShot/OrisonRoot/WayfindingSignage/FrontResidentDirectoryAndBuzzer/@MeshInstance3D@23626
0	168,104,248	MeshInstance3D	0.7x0.7x0.0	mat=StandardMaterial3D@1.000,1.000,1.000;mat=StandardMaterial3D@1.000,1.000,1.000	StreetIdShot/OrisonRoot/MemoryArt_landing_wors_1610/@MeshInstance3D@24986
0	184,104,248	MeshInstance3D	0.8x0.0x0.0	mat=StandardMaterial3D@0.055,0.050,0.045;mat=StandardMaterial3D@0.055,0.050,0.045	StreetIdShot/OrisonRoot/MemoryArt_landing_wors_1610/@MeshInstance3D@24987
0	200,104,248	MeshInstance3D	0.8x0.0x0.0	mat=StandardMaterial3D@0.055,0.050,0.045;mat=StandardMaterial3D@0.055,0.050,0.045	StreetIdShot/OrisonRoot/MemoryArt_landing_wors_1610/@MeshInstance3D@24988
0	216,104,248	MeshInstance3D	0.0x0.7x0.0	mat=StandardMaterial3D@0.055,0.050,0.045;mat=StandardMaterial3D@0.055,0.050,0.045	StreetIdShot/OrisonRoot/MemoryArt_landing_wors_1610/@MeshInstance3D@24989
0	232,104,248	MeshInstance3D	0.0x0.7x0.0	mat=StandardMaterial3D@0.055,0.050,0.045;mat=StandardMaterial3D@0.055,0.050,0.045	StreetIdShot/OrisonRoot/MemoryArt_landing_wors_1610/@MeshInstance3D@24990
0	248,104,248	MeshInstance3D	0.7x0.7x0.0	mat=StandardMaterial3D@1.000,1.000,1.000;mat=StandardMaterial3D@1.000,1.000,1.000	StreetIdShot/OrisonRoot/MemoryArt_landing_notice_1928/@MeshInstance3D@24992
0	8,120,248	MeshInstance3D	0.8x0.0x0.0	mat=StandardMaterial3D@0.055,0.050,0.045;mat=StandardMaterial3D@0.055,0.050,0.045	StreetIdShot/OrisonRoot/MemoryArt_landing_notice_1928/@MeshInstance3D@24993
0	24,120,248	MeshInstance3D	0.8x0.0x0.0	mat=StandardMaterial3D@0.055,0.050,0.045;mat=StandardMaterial3D@0.055,0.050,0.045	StreetIdShot/OrisonRoot/MemoryArt_landing_notice_1928/@MeshInstance3D@24994
0	40,120,248	MeshInstance3D	0.0x0.7x0.0	mat=StandardMaterial3D@0.055,0.050,0.045;mat=StandardMaterial3D@0.055,0.050,0.045	StreetIdShot/OrisonRoot/MemoryArt_landing_notice_1928/@MeshInstance3D@24995
0	56,120,248	MeshInstance3D	0.0x0.7x0.0	mat=StandardMaterial3D@0.055,0.050,0.045;mat=StandardMaterial3D@0.055,0.050,0.045	StreetIdShot/OrisonRoot/MemoryArt_landing_notice_1928/@MeshInstance3D@24996
0	72,120,248	MeshInstance3D	0.7x0.7x0.0	mat=StandardMaterial3D@1.000,1.000,1.000;mat=StandardMaterial3D@1.000,1.000,1.000	StreetIdShot/OrisonRoot/MemoryArt_landing_garment_memorial/@MeshInstance3D@24998
0	88,120,248	MeshInstance3D	0.8x0.0x0.0	mat=StandardMaterial3D@0.180,0.105,0.055;mat=StandardMaterial3D@0.180,0.105,0.055	StreetIdShot/OrisonRoot/MemoryArt_landing_garment_memorial/@MeshInstance3D@24999
0	104,120,248	MeshInstance3D	0.8x0.0x0.0	mat=StandardMaterial3D@0.180,0.105,0.055;mat=StandardMaterial3D@0.180,0.105,0.055	StreetIdShot/OrisonRoot/MemoryArt_landing_garment_memorial/@MeshInstance3D@25000
0	120,120,248	MeshInstance3D	0.0x0.7x0.0	mat=StandardMaterial3D@0.180,0.105,0.055;mat=StandardMaterial3D@0.180,0.105,0.055	StreetIdShot/OrisonRoot/MemoryArt_landing_garment_memorial/@MeshInstance3D@25001
0	136,120,248	MeshInstance3D	0.0x0.7x0.0	mat=StandardMaterial3D@0.180,0.105,0.055;mat=StandardMaterial3D@0.180,0.105,0.055	StreetIdShot/OrisonRoot/MemoryArt_landing_garment_memorial/@MeshInstance3D@25002
0	152,120,248	MeshInstance3D	0.7x0.7x0.0	mat=StandardMaterial3D@1.000,1.000,1.000;mat=StandardMaterial3D@1.000,1.000,1.000	StreetIdShot/OrisonRoot/MemoryArt_landing_pelargonium/@MeshInstance3D@25004
0	168,120,248	MeshInstance3D	0.8x0.0x0.0	mat=StandardMaterial3D@0.180,0.105,0.055;mat=StandardMaterial3D@0.180,0.105,0.055	StreetIdShot/OrisonRoot/MemoryArt_landing_pelargonium/@MeshInstance3D@25005
0	184,120,248	MeshInstance3D	0.8x0.0x0.0	mat=StandardMaterial3D@0.180,0.105,0.055;mat=StandardMaterial3D@0.180,0.105,0.055	StreetIdShot/OrisonRoot/MemoryArt_landing_pelargonium/@MeshInstance3D@25006
0	200,120,248	MeshInstance3D	0.0x0.7x0.0	mat=StandardMaterial3D@0.180,0.105,0.055;mat=StandardMaterial3D@0.180,0.105,0.055	StreetIdShot/OrisonRoot/MemoryArt_landing_pelargonium/@MeshInstance3D@25007
0	216,120,248	MeshInstance3D	0.0x0.7x0.0	mat=StandardMaterial3D@0.180,0.105,0.055;mat=StandardMaterial3D@0.180,0.105,0.055	StreetIdShot/OrisonRoot/MemoryArt_landing_pelargonium/@MeshInstance3D@25008
0	232,120,248	MeshInstance3D	0.7x0.7x0.0	mat=StandardMaterial3D@1.000,1.000,1.000;mat=StandardMaterial3D@1.000,1.000,1.000	StreetIdShot/OrisonRoot/MemoryArt_landing_stenographers/@MeshInstance3D@25010
0	248,120,248	MeshInstance3D	0.8x0.0x0.0	mat=StandardMaterial3D@0.180,0.105,0.055;mat=StandardMaterial3D@0.180,0.105,0.055	StreetIdShot/OrisonRoot/MemoryArt_landing_stenographers/@MeshInstance3D@25011
0	8,136,248	MeshInstance3D	0.8x0.0x0.0	mat=StandardMaterial3D@0.180,0.105,0.055;mat=StandardMaterial3D@0.180,0.105,0.055	StreetIdShot/OrisonRoot/MemoryArt_landing_stenographers/@MeshInstance3D@25012
0	24,136,248	MeshInstance3D	0.0x0.7x0.0	mat=StandardMaterial3D@0.180,0.105,0.055;mat=StandardMaterial3D@0.180,0.105,0.055	StreetIdShot/OrisonRoot/MemoryArt_landing_stenographers/@MeshInstance3D@25013
0	40,136,248	MeshInstance3D	0.0x0.7x0.0	mat=StandardMaterial3D@0.180,0.105,0.055;mat=StandardMaterial3D@0.180,0.105,0.055	StreetIdShot/OrisonRoot/MemoryArt_landing_stenographers/@MeshInstance3D@25014
0	56,136,248	MeshInstance3D	0.7x0.7x0.0	mat=StandardMaterial3D@1.000,1.000,1.000;mat=StandardMaterial3D@1.000,1.000,1.000	StreetIdShot/OrisonRoot/MemoryArt_landing_radio_club/@MeshInstance3D@25016
0	72,136,248	MeshInstance3D	0.8x0.0x0.0	mat=StandardMaterial3D@0.180,0.105,0.055;mat=StandardMaterial3D@0.180,0.105,0.055	StreetIdShot/OrisonRoot/MemoryArt_landing_radio_club/@MeshInstance3D@25017
0	88,136,248	MeshInstance3D	0.8x0.0x0.0	mat=StandardMaterial3D@0.180,0.105,0.055;mat=StandardMaterial3D@0.180,0.105,0.055	StreetIdShot/OrisonRoot/MemoryArt_landing_radio_club/@MeshInstance3D@25018
0	104,136,248	MeshInstance3D	0.0x0.7x0.0	mat=StandardMaterial3D@0.180,0.105,0.055;mat=StandardMaterial3D@0.180,0.105,0.055	StreetIdShot/OrisonRoot/MemoryArt_landing_radio_club/@MeshInstance3D@25019
0	120,136,248	MeshInstance3D	0.0x0.7x0.0	mat=StandardMaterial3D@0.180,0.105,0.055;mat=StandardMaterial3D@0.180,0.105,0.055	StreetIdShot/OrisonRoot/MemoryArt_landing_radio_club/@MeshInstance3D@25020
0	136,136,248	MeshInstance3D	0.7x0.7x0.0	mat=StandardMaterial3D@1.000,1.000,1.000;mat=StandardMaterial3D@1.000,1.000,1.000	StreetIdShot/OrisonRoot/MemoryArt_landing_roof_monitor/@MeshInstance3D@25022
0	152,136,248	MeshInstance3D	0.8x0.0x0.0	mat=StandardMaterial3D@0.180,0.105,0.055;mat=StandardMaterial3D@0.180,0.105,0.055	StreetIdShot/OrisonRoot/MemoryArt_landing_roof_monitor/@MeshInstance3D@25023
0	168,136,248	MeshInstance3D	0.8x0.0x0.0	mat=StandardMaterial3D@0.180,0.105,0.055;mat=StandardMaterial3D@0.180,0.105,0.055	StreetIdShot/OrisonRoot/MemoryArt_landing_roof_monitor/@MeshInstance3D@25024
0	184,136,248	MeshInstance3D	0.0x0.7x0.0	mat=StandardMaterial3D@0.180,0.105,0.055;mat=StandardMaterial3D@0.180,0.105,0.055	StreetIdShot/OrisonRoot/MemoryArt_landing_roof_monitor/@MeshInstance3D@25025
0	200,136,248	MeshInstance3D	0.0x0.7x0.0	mat=StandardMaterial3D@0.180,0.105,0.055;mat=StandardMaterial3D@0.180,0.105,0.055	StreetIdShot/OrisonRoot/MemoryArt_landing_roof_monitor/@MeshInstance3D@25026
0	216,136,248	MeshInstance3D	5.0x2.6x0.1	mat=StandardMaterial3D@0.055,0.050,0.045;mat=StandardMaterial3D@0.055,0.050,0.045	StreetIdShot/OrisonRoot/FoundArtPass/FoundBillboard_future_today/@MeshInstance3D@25142
0	232,136,248	MeshInstance3D	0.1x1.5x0.1	mat=StandardMaterial3D@0.055,0.050,0.045;mat=StandardMaterial3D@0.055,0.050,0.045	StreetIdShot/OrisonRoot/FoundArtPass/FoundBillboard_future_today/@MeshInstance3D@25145
0	248,136,248	MeshInstance3D	0.1x1.5x0.1	mat=StandardMaterial3D@0.055,0.050,0.045;mat=StandardMaterial3D@0.055,0.050,0.045	StreetIdShot/OrisonRoot/FoundArtPass/FoundBillboard_future_today/@MeshInstance3D@25146
0	8,152,248	MeshInstance3D	0.9x0.6x0.0	mat=StandardMaterial3D@0.150,0.105,0.055;mat=StandardMaterial3D@0.150,0.105,0.055	StreetIdShot/OrisonRoot/FrontDoorExteriorSign/@MeshInstance3D@25148
0	24,152,248	MeshInstance3D	0.0x0.0x0.0	mat=StandardMaterial3D@0.150,0.105,0.055;mat=StandardMaterial3D@0.150,0.105,0.055	StreetIdShot/OrisonRoot/FrontDoorExteriorSign/@MeshInstance3D@25149
0	40,152,248	MeshInstance3D	0.0x0.0x0.0	mat=StandardMaterial3D@0.150,0.105,0.055;mat=StandardMaterial3D@0.150,0.105,0.055	StreetIdShot/OrisonRoot/FrontDoorExteriorSign/@MeshInstance3D@25150
0	56,152,248	MeshInstance3D	0.0x0.0x0.0	mat=StandardMaterial3D@0.150,0.105,0.055;mat=StandardMaterial3D@0.150,0.105,0.055	StreetIdShot/OrisonRoot/FrontDoorExteriorSign/@MeshInstance3D@25151
0	72,152,248	MeshInstance3D	0.0x0.0x0.0	mat=StandardMaterial3D@0.150,0.105,0.055;mat=StandardMaterial3D@0.150,0.105,0.055	StreetIdShot/OrisonRoot/FrontDoorExteriorSign/@MeshInstance3D@25152
0	88,152,248	MeshInstance3D	0.0x0.1x0.0	mat=StandardMaterial3D@0.420,0.290,0.110;mat=StandardMaterial3D@0.420,0.290,0.110	StreetIdShot/OrisonRoot/EntranceMarqueeDress/@MeshInstance3D@25183
0	104,152,248	MeshInstance3D	0.1x0.0x0.1	mat=StandardMaterial3D@0.420,0.290,0.110;mat=StandardMaterial3D@0.420,0.290,0.110	StreetIdShot/OrisonRoot/EntranceMarqueeDress/@MeshInstance3D@25184
0	120,152,248	MeshInstance3D	0.1x0.0x0.1	mat=StandardMaterial3D@0.800,0.780,0.720;mat=StandardMaterial3D@0.800,0.780,0.720	StreetIdShot/OrisonRoot/EntranceMarqueeDress/@MeshInstance3D@25185
0	136,152,248	MeshInstance3D	0.2x0.1x0.2	mat=StandardMaterial3D@0.940,0.900,0.820;mat=StandardMaterial3D@0.940,0.900,0.820	StreetIdShot/OrisonRoot/EntranceMarqueeDress/@MeshInstance3D@25186
0	152,152,248	MeshInstance3D	0.0x0.1x0.0	mat=StandardMaterial3D@0.940,0.900,0.820;mat=StandardMaterial3D@0.940,0.900,0.820	StreetIdShot/OrisonRoot/EntranceMarqueeDress/@MeshInstance3D@25187
0	168,152,248	MeshInstance3D	0.0x0.1x0.0	mat=StandardMaterial3D@0.940,0.900,0.820;mat=StandardMaterial3D@0.940,0.900,0.820	StreetIdShot/OrisonRoot/EntranceMarqueeDress/@MeshInstance3D@25188
0	184,152,248	MeshInstance3D	0.0x0.1x0.0	mat=StandardMaterial3D@0.940,0.900,0.820;mat=StandardMaterial3D@0.940,0.900,0.820	StreetIdShot/OrisonRoot/EntranceMarqueeDress/@MeshInstance3D@25189
0	200,152,248	MeshInstance3D	0.0x0.1x0.0	mat=StandardMaterial3D@0.940,0.900,0.820;mat=StandardMaterial3D@0.940,0.900,0.820	StreetIdShot/OrisonRoot/EntranceMarqueeDress/@MeshInstance3D@25190
0	216,152,248	MeshInstance3D	0.0x0.1x0.0	mat=StandardMaterial3D@0.940,0.900,0.820;mat=StandardMaterial3D@0.940,0.900,0.820	StreetIdShot/OrisonRoot/EntranceMarqueeDress/@MeshInstance3D@25191
0	232,152,248	MeshInstance3D	0.0x0.1x0.0	mat=StandardMaterial3D@0.940,0.900,0.820;mat=StandardMaterial3D@0.940,0.900,0.820	StreetIdShot/OrisonRoot/EntranceMarqueeDress/@MeshInstance3D@25192
0	248,152,248	MeshInstance3D	0.0x0.1x0.0	mat=StandardMaterial3D@0.940,0.900,0.820;mat=StandardMaterial3D@0.940,0.900,0.820	StreetIdShot/OrisonRoot/EntranceMarqueeDress/@MeshInstance3D@25193
0	8,168,248	MeshInstance3D	0.0x0.1x0.0	mat=StandardMaterial3D@0.940,0.900,0.820;mat=StandardMaterial3D@0.940,0.900,0.820	StreetIdShot/OrisonRoot/EntranceMarqueeDress/@MeshInstance3D@25194
0	24,168,248	MeshInstance3D	0.0x0.1x0.0	mat=StandardMaterial3D@0.940,0.900,0.820;mat=StandardMaterial3D@0.940,0.900,0.820	StreetIdShot/OrisonRoot/EntranceMarqueeDress/@MeshInstance3D@25195
0	40,168,248	MeshInstance3D	0.0x0.1x0.0	mat=StandardMaterial3D@0.940,0.900,0.820;mat=StandardMaterial3D@0.940,0.900,0.820	StreetIdShot/OrisonRoot/EntranceMarqueeDress/@MeshInstance3D@25196
0	56,168,248	MeshInstance3D	0.0x0.1x0.0	mat=StandardMaterial3D@0.940,0.900,0.820;mat=StandardMaterial3D@0.940,0.900,0.820	StreetIdShot/OrisonRoot/EntranceMarqueeDress/@MeshInstance3D@25197
0	72,168,248	MeshInstance3D	0.0x0.1x0.0	mat=StandardMaterial3D@0.940,0.900,0.820;mat=StandardMaterial3D@0.940,0.900,0.820	StreetIdShot/OrisonRoot/EntranceMarqueeDress/@MeshInstance3D@25198
0	88,168,248	MeshInstance3D	0.1x0.1x0.1	mat=StandardMaterial3D@1.000,0.930,0.780;mat=StandardMaterial3D@1.000,0.930,0.780	StreetIdShot/OrisonRoot/EntranceMarqueeDress/@MeshInstance3D@25199
0	104,168,248	MeshInstance3D	0.0x0.1x0.0	mat=StandardMaterial3D@0.420,0.290,0.110;mat=StandardMaterial3D@0.420,0.290,0.110	StreetIdShot/OrisonRoot/EntranceMarqueeDress/@MeshInstance3D@25201
0	120,168,248	MeshInstance3D	0.1x0.0x0.1	mat=StandardMaterial3D@0.420,0.290,0.110;mat=StandardMaterial3D@0.420,0.290,0.110	StreetIdShot/OrisonRoot/EntranceMarqueeDress/@MeshInstance3D@25202
0	136,168,248	MeshInstance3D	0.1x0.0x0.1	mat=StandardMaterial3D@0.800,0.780,0.720;mat=StandardMaterial3D@0.800,0.780,0.720	StreetIdShot/OrisonRoot/EntranceMarqueeDress/@MeshInstance3D@25203
0	152,168,248	MeshInstance3D	0.2x0.1x0.2	mat=StandardMaterial3D@0.940,0.900,0.820;mat=StandardMaterial3D@0.940,0.900,0.820	StreetIdShot/OrisonRoot/EntranceMarqueeDress/@MeshInstance3D@25204
0	168,168,248	MeshInstance3D	0.0x0.1x0.0	mat=StandardMaterial3D@0.940,0.900,0.820;mat=StandardMaterial3D@0.940,0.900,0.820	StreetIdShot/OrisonRoot/EntranceMarqueeDress/@MeshInstance3D@25205
0	184,168,248	MeshInstance3D	0.0x0.1x0.0	mat=StandardMaterial3D@0.940,0.900,0.820;mat=StandardMaterial3D@0.940,0.900,0.820	StreetIdShot/OrisonRoot/EntranceMarqueeDress/@MeshInstance3D@25206
0	200,168,248	MeshInstance3D	0.0x0.1x0.0	mat=StandardMaterial3D@0.940,0.900,0.820;mat=StandardMaterial3D@0.940,0.900,0.820	StreetIdShot/OrisonRoot/EntranceMarqueeDress/@MeshInstance3D@25207
0	216,168,248	MeshInstance3D	0.0x0.1x0.0	mat=StandardMaterial3D@0.940,0.900,0.820;mat=StandardMaterial3D@0.940,0.900,0.820	StreetIdShot/OrisonRoot/EntranceMarqueeDress/@MeshInstance3D@25208
0	232,168,248	MeshInstance3D	0.0x0.1x0.0	mat=StandardMaterial3D@0.940,0.900,0.820;mat=StandardMaterial3D@0.940,0.900,0.820	StreetIdShot/OrisonRoot/EntranceMarqueeDress/@MeshInstance3D@25209
0	248,168,248	MeshInstance3D	0.0x0.1x0.0	mat=StandardMaterial3D@0.940,0.900,0.820;mat=StandardMaterial3D@0.940,0.900,0.820	StreetIdShot/OrisonRoot/EntranceMarqueeDress/@MeshInstance3D@25210
0	8,184,248	MeshInstance3D	0.0x0.1x0.0	mat=StandardMaterial3D@0.940,0.900,0.820;mat=StandardMaterial3D@0.940,0.900,0.820	StreetIdShot/OrisonRoot/EntranceMarqueeDress/@MeshInstance3D@25211
0	24,184,248	MeshInstance3D	0.0x0.1x0.0	mat=StandardMaterial3D@0.940,0.900,0.820;mat=StandardMaterial3D@0.940,0.900,0.820	StreetIdShot/OrisonRoot/EntranceMarqueeDress/@MeshInstance3D@25212
0	40,184,248	MeshInstance3D	0.0x0.1x0.0	mat=StandardMaterial3D@0.940,0.900,0.820;mat=StandardMaterial3D@0.940,0.900,0.820	StreetIdShot/OrisonRoot/EntranceMarqueeDress/@MeshInstance3D@25213
0	56,184,248	MeshInstance3D	0.0x0.1x0.0	mat=StandardMaterial3D@0.940,0.900,0.820;mat=StandardMaterial3D@0.940,0.900,0.820	StreetIdShot/OrisonRoot/EntranceMarqueeDress/@MeshInstance3D@25214
0	72,184,248	MeshInstance3D	0.0x0.1x0.0	mat=StandardMaterial3D@0.940,0.900,0.820;mat=StandardMaterial3D@0.940,0.900,0.820	StreetIdShot/OrisonRoot/EntranceMarqueeDress/@MeshInstance3D@25215
0	88,184,248	MeshInstance3D	0.0x0.1x0.0	mat=StandardMaterial3D@0.940,0.900,0.820;mat=StandardMaterial3D@0.940,0.900,0.820	StreetIdShot/OrisonRoot/EntranceMarqueeDress/@MeshInstance3D@25216
0	104,184,248	MeshInstance3D	0.1x0.1x0.1	mat=StandardMaterial3D@1.000,0.930,0.780;mat=StandardMaterial3D@1.000,0.930,0.780	StreetIdShot/OrisonRoot/EntranceMarqueeDress/@MeshInstance3D@25217
0	120,184,248	MeshInstance3D	0.1x0.0x0.1	mat=StandardMaterial3D@0.620,0.560,0.420;mat=StandardMaterial3D@0.620,0.560,0.420	StreetIdShot/OrisonRoot/@Node3D@25226/@MeshInstance3D@25227
0	136,184,248	MeshInstance3D	0.1x0.0x0.1	mat=StandardMaterial3D@0.620,0.560,0.420;mat=StandardMaterial3D@0.620,0.560,0.420	StreetIdShot/OrisonRoot/@Node3D@25226/@MeshInstance3D@25228
0	152,184,248	MeshInstance3D	0.1x0.0x0.1	mat=StandardMaterial3D@0.620,0.560,0.420;mat=StandardMaterial3D@0.620,0.560,0.420	StreetIdShot/OrisonRoot/@Node3D@25226/@MeshInstance3D@25229
0	168,184,248	MeshInstance3D	0.1x0.0x0.1	mat=StandardMaterial3D@0.620,0.560,0.420;mat=StandardMaterial3D@0.620,0.560,0.420	StreetIdShot/OrisonRoot/@Node3D@25226/@MeshInstance3D@25230
0	184,184,248	MeshInstance3D	0.1x0.0x0.1	mat=StandardMaterial3D@0.620,0.560,0.420;mat=StandardMaterial3D@0.620,0.560,0.420	StreetIdShot/OrisonRoot/@Node3D@25226/@MeshInstance3D@25231
0	200,184,248	MeshInstance3D	0.1x0.0x0.1	mat=StandardMaterial3D@0.620,0.560,0.420;mat=StandardMaterial3D@0.620,0.560,0.420	StreetIdShot/OrisonRoot/@Node3D@25226/@MeshInstance3D@25232
0	216,184,248	MeshInstance3D	0.1x0.0x0.1	mat=StandardMaterial3D@0.620,0.560,0.420;mat=StandardMaterial3D@0.620,0.560,0.420	StreetIdShot/OrisonRoot/@Node3D@25226/@MeshInstance3D@25233
0	232,184,248	MeshInstance3D	0.1x0.0x0.1	mat=StandardMaterial3D@0.620,0.560,0.420;mat=StandardMaterial3D@0.620,0.560,0.420	StreetIdShot/OrisonRoot/@Node3D@25226/@MeshInstance3D@25234
0	248,184,248	MeshInstance3D	0.1x0.0x0.1	mat=StandardMaterial3D@0.620,0.560,0.420;mat=StandardMaterial3D@0.620,0.560,0.420	StreetIdShot/OrisonRoot/@Node3D@25226/@MeshInstance3D@25235
0	8,200,248	MeshInstance3D	0.1x0.0x0.1	mat=StandardMaterial3D@0.620,0.560,0.420;mat=StandardMaterial3D@0.620,0.560,0.420	StreetIdShot/OrisonRoot/@Node3D@25226/@MeshInstance3D@25236
0	24,200,248	MeshInstance3D	0.1x0.0x0.1	mat=StandardMaterial3D@0.620,0.560,0.420;mat=StandardMaterial3D@0.620,0.560,0.420	StreetIdShot/OrisonRoot/@Node3D@25226/@MeshInstance3D@25237
0	40,200,248	MeshInstance3D	0.1x0.0x0.1	mat=StandardMaterial3D@0.620,0.560,0.420;mat=StandardMaterial3D@0.620,0.560,0.420	StreetIdShot/OrisonRoot/@Node3D@25226/@MeshInstance3D@25238
0	56,200,248	MeshInstance3D	0.1x0.0x0.1	mat=StandardMaterial3D@0.620,0.560,0.420;mat=StandardMaterial3D@0.620,0.560,0.420	StreetIdShot/OrisonRoot/@Node3D@25226/@MeshInstance3D@25239
0	72,200,248	MeshInstance3D	0.1x0.0x0.1	mat=StandardMaterial3D@0.620,0.560,0.420;mat=StandardMaterial3D@0.620,0.560,0.420	StreetIdShot/OrisonRoot/@Node3D@25226/@MeshInstance3D@25240
0	88,200,248	MeshInstance3D	0.1x0.0x0.1	mat=StandardMaterial3D@0.620,0.560,0.420;mat=StandardMaterial3D@0.620,0.560,0.420	StreetIdShot/OrisonRoot/@Node3D@25226/@MeshInstance3D@25241
0	104,200,248	MeshInstance3D	0.1x0.0x0.1	mat=StandardMaterial3D@0.620,0.560,0.420;mat=StandardMaterial3D@0.620,0.560,0.420	StreetIdShot/OrisonRoot/@Node3D@25226/@MeshInstance3D@25242
0	120,200,248	MeshInstance3D	0.1x0.0x0.1	mat=StandardMaterial3D@0.620,0.560,0.420;mat=StandardMaterial3D@0.620,0.560,0.420	StreetIdShot/OrisonRoot/@Node3D@25226/@MeshInstance3D@25243
0	136,200,248	MeshInstance3D	0.1x0.0x0.1	mat=StandardMaterial3D@0.620,0.560,0.420;mat=StandardMaterial3D@0.620,0.560,0.420	StreetIdShot/OrisonRoot/@Node3D@25226/@MeshInstance3D@25244
0	152,200,248	MeshInstance3D	0.1x0.0x0.1	mat=StandardMaterial3D@0.620,0.560,0.420;mat=StandardMaterial3D@0.620,0.560,0.420	StreetIdShot/OrisonRoot/@Node3D@25226/@MeshInstance3D@25245
0	168,200,248	MeshInstance3D	0.1x0.0x0.1	mat=StandardMaterial3D@0.620,0.560,0.420;mat=StandardMaterial3D@0.620,0.560,0.420	StreetIdShot/OrisonRoot/@Node3D@25226/@MeshInstance3D@25246
0	184,200,248	MeshInstance3D	0.1x0.0x0.1	mat=StandardMaterial3D@0.620,0.560,0.420;mat=StandardMaterial3D@0.620,0.560,0.420	StreetIdShot/OrisonRoot/@Node3D@25248/@MeshInstance3D@25249
0	200,200,248	MeshInstance3D	0.1x0.0x0.1	mat=StandardMaterial3D@0.620,0.560,0.420;mat=StandardMaterial3D@0.620,0.560,0.420	StreetIdShot/OrisonRoot/@Node3D@25248/@MeshInstance3D@25250
0	216,200,248	MeshInstance3D	0.1x0.0x0.1	mat=StandardMaterial3D@0.620,0.560,0.420;mat=StandardMaterial3D@0.620,0.560,0.420	StreetIdShot/OrisonRoot/@Node3D@25248/@MeshInstance3D@25251
0	232,200,248	MeshInstance3D	0.1x0.0x0.1	mat=StandardMaterial3D@0.620,0.560,0.420;mat=StandardMaterial3D@0.620,0.560,0.420	StreetIdShot/OrisonRoot/@Node3D@25248/@MeshInstance3D@25252
0	248,200,248	MeshInstance3D	0.1x0.0x0.1	mat=StandardMaterial3D@0.620,0.560,0.420;mat=StandardMaterial3D@0.620,0.560,0.420	StreetIdShot/OrisonRoot/@Node3D@25248/@MeshInstance3D@25253
0	8,216,248	MeshInstance3D	0.1x0.0x0.1	mat=StandardMaterial3D@0.620,0.560,0.420;mat=StandardMaterial3D@0.620,0.560,0.420	StreetIdShot/OrisonRoot/@Node3D@25248/@MeshInstance3D@25254
0	24,216,248	MeshInstance3D	0.1x0.0x0.1	mat=StandardMaterial3D@0.620,0.560,0.420;mat=StandardMaterial3D@0.620,0.560,0.420	StreetIdShot/OrisonRoot/@Node3D@25248/@MeshInstance3D@25255
0	40,216,248	MeshInstance3D	0.1x0.0x0.1	mat=StandardMaterial3D@0.620,0.560,0.420;mat=StandardMaterial3D@0.620,0.560,0.420	StreetIdShot/OrisonRoot/@Node3D@25248/@MeshInstance3D@25256
0	56,216,248	MeshInstance3D	0.1x0.0x0.1	mat=StandardMaterial3D@0.620,0.560,0.420;mat=StandardMaterial3D@0.620,0.560,0.420	StreetIdShot/OrisonRoot/@Node3D@25248/@MeshInstance3D@25257
0	72,216,248	MeshInstance3D	0.1x0.0x0.1	mat=StandardMaterial3D@0.620,0.560,0.420;mat=StandardMaterial3D@0.620,0.560,0.420	StreetIdShot/OrisonRoot/@Node3D@25248/@MeshInstance3D@25258
0	88,216,248	MeshInstance3D	0.1x0.0x0.1	mat=StandardMaterial3D@0.620,0.560,0.420;mat=StandardMaterial3D@0.620,0.560,0.420	StreetIdShot/OrisonRoot/@Node3D@25248/@MeshInstance3D@25259
0	104,216,248	MeshInstance3D	0.1x0.0x0.1	mat=StandardMaterial3D@0.620,0.560,0.420;mat=StandardMaterial3D@0.620,0.560,0.420	StreetIdShot/OrisonRoot/@Node3D@25248/@MeshInstance3D@25260
0	120,216,248	MeshInstance3D	0.1x0.0x0.1	mat=StandardMaterial3D@0.620,0.560,0.420;mat=StandardMaterial3D@0.620,0.560,0.420	StreetIdShot/OrisonRoot/@Node3D@25248/@MeshInstance3D@25261
0	136,216,248	MeshInstance3D	0.1x0.0x0.1	mat=StandardMaterial3D@0.620,0.560,0.420;mat=StandardMaterial3D@0.620,0.560,0.420	StreetIdShot/OrisonRoot/@Node3D@25248/@MeshInstance3D@25262
0	152,216,248	MeshInstance3D	0.1x0.0x0.1	mat=StandardMaterial3D@0.620,0.560,0.420;mat=StandardMaterial3D@0.620,0.560,0.420	StreetIdShot/OrisonRoot/@Node3D@25248/@MeshInstance3D@25263
0	168,216,248	MeshInstance3D	0.1x0.0x0.1	mat=StandardMaterial3D@0.620,0.560,0.420;mat=StandardMaterial3D@0.620,0.560,0.420	StreetIdShot/OrisonRoot/@Node3D@25248/@MeshInstance3D@25264
0	184,216,248	MeshInstance3D	0.1x0.0x0.1	mat=StandardMaterial3D@0.620,0.560,0.420;mat=StandardMaterial3D@0.620,0.560,0.420	StreetIdShot/OrisonRoot/@Node3D@25248/@MeshInstance3D@25265
0	200,216,248	MeshInstance3D	0.1x0.0x0.1	mat=StandardMaterial3D@0.620,0.560,0.420;mat=StandardMaterial3D@0.620,0.560,0.420	StreetIdShot/OrisonRoot/@Node3D@25248/@MeshInstance3D@25266
0	216,216,248	MeshInstance3D	0.1x0.0x0.1	mat=StandardMaterial3D@0.620,0.560,0.420;mat=StandardMaterial3D@0.620,0.560,0.420	StreetIdShot/OrisonRoot/@Node3D@25248/@MeshInstance3D@25267
0	232,216,248	MeshInstance3D	0.1x0.0x0.1	mat=StandardMaterial3D@0.620,0.560,0.420;mat=StandardMaterial3D@0.620,0.560,0.420	StreetIdShot/OrisonRoot/@Node3D@25248/@MeshInstance3D@25268
0	248,216,248	MeshInstance3D	0.7x0.6x0.1	mat=StandardMaterial3D@0.200,0.310,0.270;mat=StandardMaterial3D@0.200,0.310,0.270	StreetIdShot/OrisonRoot/MinaCaseGameplay/WORK_ORDER_002-A/@MeshInstance3D@25327
0	8,232,248	MeshInstance3D	0.3x0.2x0.2	mat=StandardMaterial3D@0.320,0.270,0.200;mat=StandardMaterial3D@0.320,0.270,0.200	StreetIdShot/OrisonRoot/MinaCaseGameplay/Caption_Cards/@MeshInstance3D@25330
0	24,232,248	MeshInstance3D	0.3x0.2x0.2	mat=StandardMaterial3D@0.320,0.270,0.200;mat=StandardMaterial3D@0.320,0.270,0.200	StreetIdShot/OrisonRoot/MinaCaseGameplay/Personal_Style_Guide/@MeshInstance3D@25333
0	40,232,248	MeshInstance3D	0.3x0.2x0.2	mat=StandardMaterial3D@0.320,0.270,0.200;mat=StandardMaterial3D@0.320,0.270,0.200	StreetIdShot/OrisonRoot/MinaCaseGameplay/Redaction_Pencil/@MeshInstance3D@25336
0	56,232,248	MeshInstance3D	0.5x0.4x0.3	mat=StandardMaterial3D@0.160,0.310,0.360;mat=StandardMaterial3D@0.160,0.310,0.360	StreetIdShot/OrisonRoot/MinaCaseGameplay/CAPTION_CALIBRATOR/@MeshInstance3D@25339
0	72,232,248	MeshInstance3D	0.4x0.5x0.2	mat=StandardMaterial3D@0.180,0.210,0.190;mat=StandardMaterial3D@0.180,0.210,0.190	StreetIdShot/OrisonRoot/MinaCaseGameplay/TIME_CLOCK/@MeshInstance3D@25349
0	88,232,248	MeshInstance3D	0.1x1.0x1.5	mat=StandardMaterial3D@0.380,0.290,0.220;mat=StandardMaterial3D@0.380,0.290,0.220	StreetIdShot/OrisonRoot/AcceptedRealityRules/@MeshInstance3D@25359
0	104,232,248	MeshInstance3D	1.5x0.1x1.7	mat=StandardMaterial3D@0.450,0.420,0.380;mat=StandardMaterial3D@0.450,0.420,0.380	StreetIdShot/OrisonRoot/@Node3D@25363/@AnimatableBody3D@25364/@MeshInstance3D@25366
0	120,232,248	MeshInstance3D	1.5x0.1x1.7	mat=StandardMaterial3D@0.450,0.420,0.380;mat=StandardMaterial3D@0.450,0.420,0.380	StreetIdShot/OrisonRoot/@Node3D@25363/@AnimatableBody3D@25364/@MeshInstance3D@25368
0	136,232,248	MeshInstance3D	0.0x2.2x1.7	mat=StandardMaterial3D@0.450,0.420,0.380;mat=StandardMaterial3D@0.450,0.420,0.380	StreetIdShot/OrisonRoot/@Node3D@25363/@AnimatableBody3D@25364/@MeshInstance3D@25370
0	152,232,248	MeshInstance3D	0.1x2.2x1.7	mat=StandardMaterial3D@0.450,0.420,0.380;mat=StandardMaterial3D@0.450,0.420,0.380	StreetIdShot/OrisonRoot/@Node3D@25363/@AnimatableBody3D@25364/@MeshInstance3D@25372
0	168,232,248	MeshInstance3D	1.5x2.2x0.1	mat=StandardMaterial3D@0.450,0.420,0.380;mat=StandardMaterial3D@0.450,0.420,0.380	StreetIdShot/OrisonRoot/@Node3D@25363/@AnimatableBody3D@25364/@MeshInstance3D@25374
0	184,232,248	MeshInstance3D	1.5x0.0x1.6	mat=StandardMaterial3D@1.000,1.000,1.000;mat=StandardMaterial3D@1.000,1.000,1.000	StreetIdShot/OrisonRoot/@Node3D@25363/@AnimatableBody3D@25364/@MeshInstance3D@25375
0	200,232,248	MeshInstance3D	0.0x0.1x1.6	mat=StandardMaterial3D@1.000,1.000,1.000;mat=StandardMaterial3D@1.000,1.000,1.000	StreetIdShot/OrisonRoot/@Node3D@25363/@AnimatableBody3D@25364/@MeshInstance3D@25376
0	216,232,248	MeshInstance3D	0.0x0.6x0.6	mat=StandardMaterial3D@1.000,1.000,1.000;mat=StandardMaterial3D@1.000,1.000,1.000	StreetIdShot/OrisonRoot/@Node3D@25363/@AnimatableBody3D@25364/@MeshInstance3D@25377
0	232,232,248	MeshInstance3D	0.0x0.5x0.5	mat=StandardMaterial3D@1.000,1.000,1.000;mat=StandardMaterial3D@1.000,1.000,1.000	StreetIdShot/OrisonRoot/@Node3D@25363/@AnimatableBody3D@25364/@MeshInstance3D@25378
0	248,232,248	MeshInstance3D	0.0x0.6x0.6	mat=StandardMaterial3D@1.000,1.000,1.000;mat=StandardMaterial3D@1.000,1.000,1.000	StreetIdShot/OrisonRoot/@Node3D@25363/@AnimatableBody3D@25364/@MeshInstance3D@25379
0	8,248,248	MeshInstance3D	0.0x0.5x0.5	mat=StandardMaterial3D@1.000,1.000,1.000;mat=StandardMaterial3D@1.000,1.000,1.000	StreetIdShot/OrisonRoot/@Node3D@25363/@AnimatableBody3D@25364/@MeshInstance3D@25380
0	24,248,248	MeshInstance3D	0.0x0.1x1.6	mat=StandardMaterial3D@1.000,1.000,1.000;mat=StandardMaterial3D@1.000,1.000,1.000	StreetIdShot/OrisonRoot/@Node3D@25363/@AnimatableBody3D@25364/@MeshInstance3D@25381
0	40,248,248	MeshInstance3D	0.0x1.0x1.6	mat=StandardMaterial3D@1.000,1.000,1.000;mat=StandardMaterial3D@1.000,1.000,1.000	StreetIdShot/OrisonRoot/@Node3D@25363/@AnimatableBody3D@25364/@MeshInstance3D@25382
0	56,248,248	MeshInstance3D	0.0x0.1x1.6	mat=StandardMaterial3D@1.000,1.000,1.000;mat=StandardMaterial3D@1.000,1.000,1.000	StreetIdShot/OrisonRoot/@Node3D@25363/@AnimatableBody3D@25364/@MeshInstance3D@25383
0	72,248,248	MeshInstance3D	0.0x0.1x1.6	mat=StandardMaterial3D@1.000,1.000,1.000;mat=StandardMaterial3D@1.000,1.000,1.000	StreetIdShot/OrisonRoot/@Node3D@25363/@AnimatableBody3D@25364/@MeshInstance3D@25384
0	88,248,248	MeshInstance3D	0.0x0.6x0.6	mat=StandardMaterial3D@1.000,1.000,1.000;mat=StandardMaterial3D@1.000,1.000,1.000	StreetIdShot/OrisonRoot/@Node3D@25363/@AnimatableBody3D@25364/@MeshInstance3D@25385
0	104,248,248	MeshInstance3D	0.0x0.5x0.5	mat=StandardMaterial3D@1.000,1.000,1.000;mat=StandardMaterial3D@1.000,1.000,1.000	StreetIdShot/OrisonRoot/@Node3D@25363/@AnimatableBody3D@25364/@MeshInstance3D@25386
0	120,248,248	MeshInstance3D	0.0x0.6x0.6	mat=StandardMaterial3D@1.000,1.000,1.000;mat=StandardMaterial3D@1.000,1.000,1.000	StreetIdShot/OrisonRoot/@Node3D@25363/@AnimatableBody3D@25364/@MeshInstance3D@25387
0	136,248,248	MeshInstance3D	0.0x0.5x0.5	mat=StandardMaterial3D@1.000,1.000,1.000;mat=StandardMaterial3D@1.000,1.000,1.000	StreetIdShot/OrisonRoot/@Node3D@25363/@AnimatableBody3D@25364/@MeshInstance3D@25388
0	152,248,248	MeshInstance3D	0.0x0.1x1.6	mat=StandardMaterial3D@1.000,1.000,1.000;mat=StandardMaterial3D@1.000,1.000,1.000	StreetIdShot/OrisonRoot/@Node3D@25363/@AnimatableBody3D@25364/@MeshInstance3D@25389
0	168,248,248	MeshInstance3D	0.0x1.0x1.6	mat=StandardMaterial3D@1.000,1.000,1.000;mat=StandardMaterial3D@1.000,1.000,1.000	StreetIdShot/OrisonRoot/@Node3D@25363/@AnimatableBody3D@25364/@MeshInstance3D@25390
0	184,248,248	MeshInstance3D	0.0x0.1x1.6	mat=StandardMaterial3D@1.000,1.000,1.000;mat=StandardMaterial3D@1.000,1.000,1.000	StreetIdShot/OrisonRoot/@Node3D@25363/@AnimatableBody3D@25364/@MeshInstance3D@25391
0	200,248,248	MeshInstance3D	1.5x0.1x0.0	mat=StandardMaterial3D@1.000,1.000,1.000;mat=StandardMaterial3D@1.000,1.000,1.000	StreetIdShot/OrisonRoot/@Node3D@25363/@AnimatableBody3D@25364/@MeshInstance3D@25392
0	216,248,248	MeshInstance3D	0.6x0.6x0.0	mat=StandardMaterial3D@1.000,1.000,1.000;mat=StandardMaterial3D@1.000,1.000,1.000	StreetIdShot/OrisonRoot/@Node3D@25363/@AnimatableBody3D@25364/@MeshInstance3D@25393
0	232,248,248	MeshInstance3D	0.5x0.5x0.0	mat=StandardMaterial3D@1.000,1.000,1.000;mat=StandardMaterial3D@1.000,1.000,1.000	StreetIdShot/OrisonRoot/@Node3D@25363/@AnimatableBody3D@25364/@MeshInstance3D@25394
0	248,248,248	MeshInstance3D	0.6x0.6x0.0	mat=StandardMaterial3D@1.000,1.000,1.000;mat=StandardMaterial3D@1.000,1.000,1.000	StreetIdShot/OrisonRoot/@Node3D@25363/@AnimatableBody3D@25364/@MeshInstance3D@25395
1	24,8,8	MeshInstance3D	0.5x0.5x0.0	mat=StandardMaterial3D@0.031,0.031,0.031;mat=StandardMaterial3D@0.031,0.031,0.031	StreetIdShot/OrisonRoot/@Node3D@25363/@AnimatableBody3D@25364/@MeshInstance3D@25396
1	40,8,8	MeshInstance3D	1.5x0.1x0.0	mat=StandardMaterial3D@0.031,0.031,0.031;mat=StandardMaterial3D@0.031,0.031,0.031	StreetIdShot/OrisonRoot/@Node3D@25363/@AnimatableBody3D@25364/@MeshInstance3D@25397
1	56,8,8	MeshInstance3D	1.5x0.1x0.0	mat=StandardMaterial3D@0.031,0.031,0.031;mat=StandardMaterial3D@0.031,0.031,0.031	StreetIdShot/OrisonRoot/@Node3D@25363/@AnimatableBody3D@25364/@MeshInstance3D@25398
1	72,8,8	MeshInstance3D	1.1x0.9x0.0	mat=StandardMaterial3D@0.031,0.031,0.031;mat=StandardMaterial3D@0.031,0.031,0.031	StreetIdShot/OrisonRoot/@Node3D@25363/@AnimatableBody3D@25364/@MeshInstance3D@25399
1	88,8,8	MeshInstance3D	1.0x0.8x0.0	mat=StandardMaterial3D@0.031,0.031,0.031;mat=StandardMaterial3D@0.031,0.031,0.031	StreetIdShot/OrisonRoot/@Node3D@25363/@AnimatableBody3D@25364/@MeshInstance3D@25400
1	104,8,8	MeshInstance3D	0.0x0.0x1.4	mat=StandardMaterial3D@0.031,0.031,0.031;mat=StandardMaterial3D@0.031,0.031,0.031	StreetIdShot/OrisonRoot/@Node3D@25363/@AnimatableBody3D@25364/@MeshInstance3D@25401
1	120,8,8	MeshInstance3D	0.1x0.0x0.0	mat=StandardMaterial3D@0.031,0.031,0.031;mat=StandardMaterial3D@0.031,0.031,0.031	StreetIdShot/OrisonRoot/@Node3D@25363/@AnimatableBody3D@25364/@MeshInstance3D@25402
1	136,8,8	MeshInstance3D	0.1x0.0x0.0	mat=StandardMaterial3D@0.031,0.031,0.031;mat=StandardMaterial3D@0.031,0.031,0.031	StreetIdShot/OrisonRoot/@Node3D@25363/@AnimatableBody3D@25364/@MeshInstance3D@25403
1	152,8,8	MeshInstance3D	0.0x0.0x1.4	mat=StandardMaterial3D@0.031,0.031,0.031;mat=StandardMaterial3D@0.031,0.031,0.031	StreetIdShot/OrisonRoot/@Node3D@25363/@AnimatableBody3D@25364/@MeshInstance3D@25404
1	168,8,8	MeshInstance3D	0.1x0.0x0.0	mat=StandardMaterial3D@0.031,0.031,0.031;mat=StandardMaterial3D@0.031,0.031,0.031	StreetIdShot/OrisonRoot/@Node3D@25363/@AnimatableBody3D@25364/@MeshInstance3D@25405
1	184,8,8	MeshInstance3D	0.1x0.0x0.0	mat=StandardMaterial3D@0.031,0.031,0.031;mat=StandardMaterial3D@0.031,0.031,0.031	StreetIdShot/OrisonRoot/@Node3D@25363/@AnimatableBody3D@25364/@MeshInstance3D@25406
1	200,8,8	MeshInstance3D	1.3x0.0x0.0	mat=StandardMaterial3D@0.031,0.031,0.031;mat=StandardMaterial3D@0.031,0.031,0.031	StreetIdShot/OrisonRoot/@Node3D@25363/@AnimatableBody3D@25364/@MeshInstance3D@25407
1	216,8,8	MeshInstance3D	0.1x0.1x1.6	mat=StandardMaterial3D@0.031,0.031,0.031;mat=StandardMaterial3D@0.031,0.031,0.031	StreetIdShot/OrisonRoot/@Node3D@25363/@AnimatableBody3D@25364/@MeshInstance3D@25408
1	232,8,8	MeshInstance3D	0.1x0.1x1.6	mat=StandardMaterial3D@0.031,0.031,0.031;mat=StandardMaterial3D@0.031,0.031,0.031	StreetIdShot/OrisonRoot/@Node3D@25363/@AnimatableBody3D@25364/@MeshInstance3D@25409
1	248,8,8	MeshInstance3D	1.5x0.1x0.1	mat=StandardMaterial3D@0.031,0.031,0.031;mat=StandardMaterial3D@0.031,0.031,0.031	StreetIdShot/OrisonRoot/@Node3D@25363/@AnimatableBody3D@25364/@MeshInstance3D@25410
1	8,24,8	MeshInstance3D	0.4x0.2x0.5	mat=StandardMaterial3D@0.031,0.031,0.031;mat=StandardMaterial3D@0.031,0.031,0.031	StreetIdShot/OrisonRoot/@Node3D@25363/@AnimatableBody3D@25364/@MeshInstance3D@25411
1	24,24,8	MeshInstance3D	0.0x0.0x0.1	mat=StandardMaterial3D@0.031,0.031,0.031;mat=StandardMaterial3D@0.031,0.031,0.031	StreetIdShot/OrisonRoot/@Node3D@25363/@AnimatableBody3D@25364/@MeshInstance3D@25412
1	40,24,8	MeshInstance3D	0.1x0.0x0.1	mat=StandardMaterial3D@0.031,0.031,0.031;mat=StandardMaterial3D@0.031,0.031,0.031	StreetIdShot/OrisonRoot/@Node3D@25363/@AnimatableBody3D@25364/@MeshInstance3D@25413
1	56,24,8	MeshInstance3D	0.1x0.0x0.1	mat=StandardMaterial3D@0.031,0.031,0.031;mat=StandardMaterial3D@0.031,0.031,0.031	StreetIdShot/OrisonRoot/@Node3D@25363/@AnimatableBody3D@25364/@MeshInstance3D@25414
1	72,24,8	MeshInstance3D	0.1x0.0x0.0	mat=StandardMaterial3D@0.031,0.031,0.031;mat=StandardMaterial3D@0.031,0.031,0.031	StreetIdShot/OrisonRoot/@Node3D@25363/@AnimatableBody3D@25364/@MeshInstance3D@25415
1	88,24,8	MeshInstance3D	0.1x0.0x0.0	mat=StandardMaterial3D@0.031,0.031,0.031;mat=StandardMaterial3D@0.031,0.031,0.031	StreetIdShot/OrisonRoot/@Node3D@25363/@AnimatableBody3D@25364/@MeshInstance3D@25416
1	104,24,8	MeshInstance3D	0.1x0.0x0.1	mat=StandardMaterial3D@0.031,0.031,0.031;mat=StandardMaterial3D@0.031,0.031,0.031	StreetIdShot/OrisonRoot/@Node3D@25363/@AnimatableBody3D@25364/@MeshInstance3D@25417
1	120,24,8	MeshInstance3D	0.1x0.0x0.1	mat=StandardMaterial3D@0.031,0.031,0.031;mat=StandardMaterial3D@0.031,0.031,0.031	StreetIdShot/OrisonRoot/@Node3D@25363/@AnimatableBody3D@25364/@MeshInstance3D@25418
1	136,24,8	MeshInstance3D	0.0x0.0x0.1	mat=StandardMaterial3D@0.031,0.031,0.031;mat=StandardMaterial3D@0.031,0.031,0.031	StreetIdShot/OrisonRoot/@Node3D@25363/@AnimatableBody3D@25364/@MeshInstance3D@25419
1	152,24,8	MeshInstance3D	0.0x0.0x0.1	mat=StandardMaterial3D@0.031,0.031,0.031;mat=StandardMaterial3D@0.031,0.031,0.031	StreetIdShot/OrisonRoot/@Node3D@25363/@AnimatableBody3D@25364/@MeshInstance3D@25420
1	168,24,8	MeshInstance3D	0.1x0.0x0.1	mat=StandardMaterial3D@0.031,0.031,0.031;mat=StandardMaterial3D@0.031,0.031,0.031	StreetIdShot/OrisonRoot/@Node3D@25363/@AnimatableBody3D@25364/@MeshInstance3D@25421
1	184,24,8	MeshInstance3D	0.1x0.0x0.1	mat=StandardMaterial3D@0.031,0.031,0.031;mat=StandardMaterial3D@0.031,0.031,0.031	StreetIdShot/OrisonRoot/@Node3D@25363/@AnimatableBody3D@25364/@MeshInstance3D@25422
1	200,24,8	MeshInstance3D	0.1x0.0x0.0	mat=StandardMaterial3D@0.031,0.031,0.031;mat=StandardMaterial3D@0.031,0.031,0.031	StreetIdShot/OrisonRoot/@Node3D@25363/@AnimatableBody3D@25364/@MeshInstance3D@25423
1	216,24,8	MeshInstance3D	0.1x0.0x0.0	mat=StandardMaterial3D@0.031,0.031,0.031;mat=StandardMaterial3D@0.031,0.031,0.031	StreetIdShot/OrisonRoot/@Node3D@25363/@AnimatableBody3D@25364/@MeshInstance3D@25424
1	232,24,8	MeshInstance3D	0.1x0.0x0.1	mat=StandardMaterial3D@0.031,0.031,0.031;mat=StandardMaterial3D@0.031,0.031,0.031	StreetIdShot/OrisonRoot/@Node3D@25363/@AnimatableBody3D@25364/@MeshInstance3D@25425
1	248,24,8	MeshInstance3D	0.1x0.0x0.1	mat=StandardMaterial3D@0.031,0.031,0.031;mat=StandardMaterial3D@0.031,0.031,0.031	StreetIdShot/OrisonRoot/@Node3D@25363/@AnimatableBody3D@25364/@MeshInstance3D@25426
1	8,40,8	MeshInstance3D	0.0x0.0x0.1	mat=StandardMaterial3D@0.031,0.031,0.031;mat=StandardMaterial3D@0.031,0.031,0.031	StreetIdShot/OrisonRoot/@Node3D@25363/@AnimatableBody3D@25364/@MeshInstance3D@25427
1	24,40,8	MeshInstance3D	0.1x0.0x0.0	mat=StandardMaterial3D@0.031,0.031,0.031;mat=StandardMaterial3D@0.031,0.031,0.031	StreetIdShot/OrisonRoot/@Node3D@25363/@AnimatableBody3D@25364/CarGate/@MeshInstance3D@25428
1	40,40,8	MeshInstance3D	0.1x0.0x0.0	mat=StandardMaterial3D@0.031,0.031,0.031;mat=StandardMaterial3D@0.031,0.031,0.031	StreetIdShot/OrisonRoot/@Node3D@25363/@AnimatableBody3D@25364/CarGate/@MeshInstance3D@25429
1	56,40,8	MeshInstance3D	0.0x1.9x0.0	mat=StandardMaterial3D@0.031,0.031,0.031;mat=StandardMaterial3D@0.031,0.031,0.031	StreetIdShot/OrisonRoot/@Node3D@25363/@AnimatableBody3D@25364/CarGate/@MeshInstance3D@25430
1	72,40,8	MeshInstance3D	0.0x1.9x0.0	mat=StandardMaterial3D@0.031,0.031,0.031;mat=StandardMaterial3D@0.031,0.031,0.031	StreetIdShot/OrisonRoot/@Node3D@25363/@AnimatableBody3D@25364/CarGate/@MeshInstance3D@25431
1	88,40,8	MeshInstance3D	0.0x1.9x0.0	mat=StandardMaterial3D@0.031,0.031,0.031;mat=StandardMaterial3D@0.031,0.031,0.031	StreetIdShot/OrisonRoot/@Node3D@25363/@AnimatableBody3D@25364/CarGate/@MeshInstance3D@25432
1	104,40,8	MeshInstance3D	0.0x1.9x0.0	mat=StandardMaterial3D@0.031,0.031,0.031;mat=StandardMaterial3D@0.031,0.031,0.031	StreetIdShot/OrisonRoot/@Node3D@25363/@AnimatableBody3D@25364/CarGate/@MeshInstance3D@25433
1	120,40,8	MeshInstance3D	0.0x1.9x0.0	mat=StandardMaterial3D@0.031,0.031,0.031;mat=StandardMaterial3D@0.031,0.031,0.031	StreetIdShot/OrisonRoot/@Node3D@25363/@AnimatableBody3D@25364/CarGate/@MeshInstance3D@25434
1	136,40,8	MeshInstance3D	0.0x1.9x0.0	mat=StandardMaterial3D@0.031,0.031,0.031;mat=StandardMaterial3D@0.031,0.031,0.031	StreetIdShot/OrisonRoot/@Node3D@25363/@AnimatableBody3D@25364/CarGate/@MeshInstance3D@25435
1	152,40,8	MeshInstance3D	0.0x1.9x0.0	mat=StandardMaterial3D@0.031,0.031,0.031;mat=StandardMaterial3D@0.031,0.031,0.031	StreetIdShot/OrisonRoot/@Node3D@25363/@AnimatableBody3D@25364/CarGate/@MeshInstance3D@25436
1	168,40,8	MeshInstance3D	0.0x1.9x0.0	mat=StandardMaterial3D@0.031,0.031,0.031;mat=StandardMaterial3D@0.031,0.031,0.031	StreetIdShot/OrisonRoot/@Node3D@25363/@AnimatableBody3D@25364/CarGate/@MeshInstance3D@25437
1	184,40,8	MeshInstance3D	0.0x1.9x0.0	mat=StandardMaterial3D@0.031,0.031,0.031;mat=StandardMaterial3D@0.031,0.031,0.031	StreetIdShot/OrisonRoot/@Node3D@25363/@AnimatableBody3D@25364/CarGate/@MeshInstance3D@25438
1	200,40,8	MeshInstance3D	0.0x1.9x0.0	mat=StandardMaterial3D@0.031,0.031,0.031;mat=StandardMaterial3D@0.031,0.031,0.031	StreetIdShot/OrisonRoot/@Node3D@25363/@AnimatableBody3D@25364/CarGate/@MeshInstance3D@25439
1	216,40,8	MeshInstance3D	0.0x1.9x0.0	mat=StandardMaterial3D@0.031,0.031,0.031;mat=StandardMaterial3D@0.031,0.031,0.031	StreetIdShot/OrisonRoot/@Node3D@25363/@AnimatableBody3D@25364/CarGate/@MeshInstance3D@25440
1	232,40,8	MeshInstance3D	0.0x1.9x0.0	mat=StandardMaterial3D@0.031,0.031,0.031;mat=StandardMaterial3D@0.031,0.031,0.031	StreetIdShot/OrisonRoot/@Node3D@25363/@AnimatableBody3D@25364/CarGate/@MeshInstance3D@25441
1	248,40,8	MeshInstance3D	0.0x1.9x0.0	mat=StandardMaterial3D@0.031,0.031,0.031;mat=StandardMaterial3D@0.031,0.031,0.031	StreetIdShot/OrisonRoot/@Node3D@25363/@AnimatableBody3D@25364/CarGate/@MeshInstance3D@25442
1	8,56,8	MeshInstance3D	0.0x1.9x0.0	mat=StandardMaterial3D@0.031,0.031,0.031;mat=StandardMaterial3D@0.031,0.031,0.031	StreetIdShot/OrisonRoot/@Node3D@25363/@AnimatableBody3D@25364/CarGate/@MeshInstance3D@25443
1	24,56,8	MeshInstance3D	0.0x1.9x0.0	mat=StandardMaterial3D@0.031,0.031,0.031;mat=StandardMaterial3D@0.031,0.031,0.031	StreetIdShot/OrisonRoot/@Node3D@25363/@AnimatableBody3D@25364/CarGate/@MeshInstance3D@25444
1	40,56,8	MeshInstance3D	0.0x1.9x0.0	mat=StandardMaterial3D@0.031,0.031,0.031;mat=StandardMaterial3D@0.031,0.031,0.031	StreetIdShot/OrisonRoot/@Node3D@25363/@AnimatableBody3D@25364/CarGate/@MeshInstance3D@25445
1	56,56,8	MeshInstance3D	0.0x1.9x0.0	mat=StandardMaterial3D@0.031,0.031,0.031;mat=StandardMaterial3D@0.031,0.031,0.031	StreetIdShot/OrisonRoot/@Node3D@25363/@AnimatableBody3D@25364/CarGate/@MeshInstance3D@25446
1	72,56,8	MeshInstance3D	0.3x0.3x0.0	mat=StandardMaterial3D@0.031,0.031,0.031;mat=StandardMaterial3D@0.031,0.031,0.031	StreetIdShot/OrisonRoot/@Node3D@25363/@AnimatableBody3D@25364/@MeshInstance3D@25447
1	88,56,8	MeshInstance3D	0.4x0.4x0.0	mat=StandardMaterial3D@0.031,0.031,0.031;mat=StandardMaterial3D@0.031,0.031,0.031	StreetIdShot/OrisonRoot/@Node3D@25363/@AnimatableBody3D@25364/@MeshInstance3D@25448
1	104,56,8	MeshInstance3D	0.1x0.1x0.0	mat=StandardMaterial3D@0.031,0.031,0.031;mat=StandardMaterial3D@0.031,0.031,0.031	StreetIdShot/OrisonRoot/@Node3D@25363/@AnimatableBody3D@25364/@Node3D@25449/@MeshInstance3D@25450
1	120,56,8	MeshInstance3D	0.0x0.0x0.0	mat=StandardMaterial3D@0.031,0.031,0.031;mat=StandardMaterial3D@0.031,0.031,0.031	StreetIdShot/OrisonRoot/@Node3D@25363/@AnimatableBody3D@25364/@MeshInstance3D@25451
1	136,56,8	MeshInstance3D	0.0x0.0x0.0	mat=StandardMaterial3D@0.031,0.031,0.031;mat=StandardMaterial3D@0.031,0.031,0.031	StreetIdShot/OrisonRoot/@Node3D@25363/@AnimatableBody3D@25364/@MeshInstance3D@25452
1	152,56,8	MeshInstance3D	0.0x0.0x0.0	mat=StandardMaterial3D@0.031,0.031,0.031;mat=StandardMaterial3D@0.031,0.031,0.031	StreetIdShot/OrisonRoot/@Node3D@25363/@AnimatableBody3D@25364/@MeshInstance3D@25453
1	168,56,8	MeshInstance3D	0.0x0.0x0.0	mat=StandardMaterial3D@0.031,0.031,0.031;mat=StandardMaterial3D@0.031,0.031,0.031	StreetIdShot/OrisonRoot/@Node3D@25363/@AnimatableBody3D@25364/@MeshInstance3D@25454
1	184,56,8	MeshInstance3D	0.0x0.0x0.0	mat=StandardMaterial3D@0.031,0.031,0.031;mat=StandardMaterial3D@0.031,0.031,0.031	StreetIdShot/OrisonRoot/@Node3D@25363/@AnimatableBody3D@25364/@MeshInstance3D@25455
1	200,56,8	MeshInstance3D	0.0x0.0x0.0	mat=StandardMaterial3D@0.031,0.031,0.031;mat=StandardMaterial3D@0.031,0.031,0.031	StreetIdShot/OrisonRoot/@Node3D@25363/@AnimatableBody3D@25364/@MeshInstance3D@25456
1	216,56,8	MeshInstance3D	0.0x0.0x0.0	mat=StandardMaterial3D@0.031,0.031,0.031;mat=StandardMaterial3D@0.031,0.031,0.031	StreetIdShot/OrisonRoot/@Node3D@25363/@AnimatableBody3D@25364/@MeshInstance3D@25457
1	232,56,8	MeshInstance3D	0.0x0.0x0.0	mat=StandardMaterial3D@0.031,0.031,0.031;mat=StandardMaterial3D@0.031,0.031,0.031	StreetIdShot/OrisonRoot/@Node3D@25363/@AnimatableBody3D@25364/@MeshInstance3D@25458
1	248,56,8	MeshInstance3D	0.0x0.3x0.2	mat=StandardMaterial3D@0.031,0.031,0.031;mat=StandardMaterial3D@0.031,0.031,0.031	StreetIdShot/OrisonRoot/@Node3D@25363/@AnimatableBody3D@25364/@MeshInstance3D@25459
1	8,72,8	MeshInstance3D	0.0x0.3x0.2	mat=StandardMaterial3D@0.031,0.031,0.031;mat=StandardMaterial3D@0.031,0.031,0.031	StreetIdShot/OrisonRoot/@Node3D@25363/@AnimatableBody3D@25364/@MeshInstance3D@25460
1	24,72,8	MeshInstance3D	0.0x0.8x0.2	mat=StandardMaterial3D@0.031,0.031,0.031;mat=StandardMaterial3D@0.031,0.031,0.031	StreetIdShot/OrisonRoot/@Node3D@25363/@AnimatableBody3D@25364/@MeshInstance3D@25600
1	40,72,8	MeshInstance3D	0.0x0.0x0.0	mat=StandardMaterial3D@0.031,0.031,0.031;mat=StandardMaterial3D@0.031,0.031,0.031	StreetIdShot/OrisonRoot/@Node3D@25363/@AnimatableBody3D@25364/@MeshInstance3D@25601
1	56,72,8	MeshInstance3D	0.0x0.1x0.1	mat=StandardMaterial3D@0.031,0.031,0.031;mat=StandardMaterial3D@0.031,0.031,0.031	StreetIdShot/OrisonRoot/@Node3D@25363/@AnimatableBody3D@25364/@MeshInstance3D@25602
1	72,72,8	MeshInstance3D	0.0x0.0x0.0	mat=StandardMaterial3D@0.031,0.031,0.031;mat=StandardMaterial3D@0.031,0.031,0.031	StreetIdShot/OrisonRoot/@Node3D@25363/@AnimatableBody3D@25364/@MeshInstance3D@25605
1	88,72,8	MeshInstance3D	0.0x0.1x0.1	mat=StandardMaterial3D@0.031,0.031,0.031;mat=StandardMaterial3D@0.031,0.031,0.031	StreetIdShot/OrisonRoot/@Node3D@25363/@AnimatableBody3D@25364/@MeshInstance3D@25606
1	104,72,8	MeshInstance3D	0.0x0.0x0.0	mat=StandardMaterial3D@0.031,0.031,0.031;mat=StandardMaterial3D@0.031,0.031,0.031	StreetIdShot/OrisonRoot/@Node3D@25363/@AnimatableBody3D@25364/@MeshInstance3D@25609
1	120,72,8	MeshInstance3D	0.0x0.1x0.1	mat=StandardMaterial3D@0.031,0.031,0.031;mat=StandardMaterial3D@0.031,0.031,0.031	StreetIdShot/OrisonRoot/@Node3D@25363/@AnimatableBody3D@25364/@MeshInstance3D@25610
1	136,72,8	MeshInstance3D	0.0x0.0x0.0	mat=StandardMaterial3D@0.031,0.031,0.031;mat=StandardMaterial3D@0.031,0.031,0.031	StreetIdShot/OrisonRoot/@Node3D@25363/@AnimatableBody3D@25364/@MeshInstance3D@25613
1	152,72,8	MeshInstance3D	0.0x0.1x0.1	mat=StandardMaterial3D@0.031,0.031,0.031;mat=StandardMaterial3D@0.031,0.031,0.031	StreetIdShot/OrisonRoot/@Node3D@25363/@AnimatableBody3D@25364/@MeshInstance3D@25614
1	168,72,8	MeshInstance3D	0.0x0.0x0.0	mat=StandardMaterial3D@0.031,0.031,0.031;mat=StandardMaterial3D@0.031,0.031,0.031	StreetIdShot/OrisonRoot/@Node3D@25363/@AnimatableBody3D@25364/@MeshInstance3D@25617
1	184,72,8	MeshInstance3D	0.0x0.1x0.1	mat=StandardMaterial3D@0.031,0.031,0.031;mat=StandardMaterial3D@0.031,0.031,0.031	StreetIdShot/OrisonRoot/@Node3D@25363/@AnimatableBody3D@25364/@MeshInstance3D@25618
1	200,72,8	MeshInstance3D	0.0x0.0x0.0	mat=StandardMaterial3D@0.031,0.031,0.031;mat=StandardMaterial3D@0.031,0.031,0.031	StreetIdShot/OrisonRoot/@Node3D@25363/@AnimatableBody3D@25364/@MeshInstance3D@25621
1	216,72,8	MeshInstance3D	0.0x0.1x0.1	mat=StandardMaterial3D@0.031,0.031,0.031;mat=StandardMaterial3D@0.031,0.031,0.031	StreetIdShot/OrisonRoot/@Node3D@25363/@AnimatableBody3D@25364/@MeshInstance3D@25622
1	232,72,8	MeshInstance3D	0.0x0.0x0.0	mat=StandardMaterial3D@0.031,0.031,0.031;mat=StandardMaterial3D@0.031,0.031,0.031	StreetIdShot/OrisonRoot/@Node3D@25363/@AnimatableBody3D@25364/@MeshInstance3D@25625
1	248,72,8	MeshInstance3D	0.0x0.1x0.1	mat=StandardMaterial3D@0.031,0.031,0.031;mat=StandardMaterial3D@0.031,0.031,0.031	StreetIdShot/OrisonRoot/@Node3D@25363/@AnimatableBody3D@25364/@MeshInstance3D@25626
1	8,88,8	MeshInstance3D	0.0x0.0x0.0	mat=StandardMaterial3D@0.031,0.031,0.031;mat=StandardMaterial3D@0.031,0.031,0.031	StreetIdShot/OrisonRoot/@Node3D@25363/@AnimatableBody3D@25364/@MeshInstance3D@25629
1	24,88,8	MeshInstance3D	0.0x0.1x0.1	mat=StandardMaterial3D@0.031,0.031,0.031;mat=StandardMaterial3D@0.031,0.031,0.031	StreetIdShot/OrisonRoot/@Node3D@25363/@AnimatableBody3D@25364/@MeshInstance3D@25630
1	40,88,8	MeshInstance3D	0.0x0.1x0.1	mat=StandardMaterial3D@0.031,0.031,0.031;mat=StandardMaterial3D@0.031,0.031,0.031	StreetIdShot/OrisonRoot/@Node3D@25363/@AnimatableBody3D@25364/@MeshInstance3D@25633
1	56,88,8	MeshInstance3D	0.0x0.0x0.0	mat=StandardMaterial3D@0.031,0.031,0.031;mat=StandardMaterial3D@0.031,0.031,0.031	StreetIdShot/OrisonRoot/@Node3D@25363/@AnimatableBody3D@25364/@MeshInstance3D@25634
1	72,88,8	MeshInstance3D	0.1x2.2x0.2	mat=StandardMaterial3D@0.031,0.031,0.031;mat=StandardMaterial3D@0.031,0.031,0.031	StreetIdShot/OrisonRoot/@Node3D@25363/@MeshInstance3D@25464
1	88,88,8	MeshInstance3D	0.1x2.2x0.2	mat=StandardMaterial3D@0.031,0.031,0.031;mat=StandardMaterial3D@0.031,0.031,0.031	StreetIdShot/OrisonRoot/@Node3D@25363/@MeshInstance3D@25465
1	104,88,8	MeshInstance3D	1.1x0.1x0.2	mat=StandardMaterial3D@0.031,0.031,0.031;mat=StandardMaterial3D@0.031,0.031,0.031	StreetIdShot/OrisonRoot/@Node3D@25363/@MeshInstance3D@25466
1	120,88,8	MeshInstance3D	0.5x2.1x0.0	mat=StandardMaterial3D@0.031,0.031,0.031;mat=StandardMaterial3D@0.031,0.031,0.031	StreetIdShot/OrisonRoot/@Node3D@25363/@AnimatableBody3D@25467/@MeshInstance3D@25469
1	136,88,8	MeshInstance3D	0.5x0.2x0.1	mat=StandardMaterial3D@0.031,0.031,0.031;mat=StandardMaterial3D@0.031,0.031,0.031	StreetIdShot/OrisonRoot/@Node3D@25363/@AnimatableBody3D@25467/@MeshInstance3D@25471
1	152,88,8	MeshInstance3D	0.5x2.1x0.0	mat=StandardMaterial3D@0.031,0.031,0.031;mat=StandardMaterial3D@0.031,0.031,0.031	StreetIdShot/OrisonRoot/@Node3D@25363/@AnimatableBody3D@25472/@MeshInstance3D@25474
1	168,88,8	MeshInstance3D	0.5x0.2x0.1	mat=StandardMaterial3D@0.031,0.031,0.031;mat=StandardMaterial3D@0.031,0.031,0.031	StreetIdShot/OrisonRoot/@Node3D@25363/@AnimatableBody3D@25472/@MeshInstance3D@25476
1	184,88,8	MeshInstance3D	0.1x0.2x0.0	mat=StandardMaterial3D@0.031,0.031,0.031;mat=StandardMaterial3D@0.031,0.031,0.031	StreetIdShot/OrisonRoot/@Node3D@25363/@MeshInstance3D@25477
1	200,88,8	MeshInstance3D	0.0x0.0x0.0	mat=StandardMaterial3D@0.031,0.031,0.031;mat=StandardMaterial3D@0.031,0.031,0.031	StreetIdShot/OrisonRoot/@Node3D@25363/@MeshInstance3D@25478
1	216,88,8	MeshInstance3D	0.1x2.2x0.2	mat=StandardMaterial3D@0.031,0.031,0.031;mat=StandardMaterial3D@0.031,0.031,0.031	StreetIdShot/OrisonRoot/@Node3D@25363/@MeshInstance3D@25481
1	232,88,8	MeshInstance3D	0.1x2.2x0.2	mat=StandardMaterial3D@0.031,0.031,0.031;mat=StandardMaterial3D@0.031,0.031,0.031	StreetIdShot/OrisonRoot/@Node3D@25363/@MeshInstance3D@25482
1	248,88,8	MeshInstance3D	1.1x0.1x0.2	mat=StandardMaterial3D@0.031,0.031,0.031;mat=StandardMaterial3D@0.031,0.031,0.031	StreetIdShot/OrisonRoot/@Node3D@25363/@MeshInstance3D@25483
1	8,104,8	MeshInstance3D	0.5x2.1x0.0	mat=StandardMaterial3D@0.031,0.031,0.031;mat=StandardMaterial3D@0.031,0.031,0.031	StreetIdShot/OrisonRoot/@Node3D@25363/@AnimatableBody3D@25484/@MeshInstance3D@25486
1	24,104,8	MeshInstance3D	0.5x0.2x0.1	mat=StandardMaterial3D@0.031,0.031,0.031;mat=StandardMaterial3D@0.031,0.031,0.031	StreetIdShot/OrisonRoot/@Node3D@25363/@AnimatableBody3D@25484/@MeshInstance3D@25488
1	40,104,8	MeshInstance3D	0.5x2.1x0.0	mat=StandardMaterial3D@0.031,0.031,0.031;mat=StandardMaterial3D@0.031,0.031,0.031	StreetIdShot/OrisonRoot/@Node3D@25363/@AnimatableBody3D@25489/@MeshInstance3D@25491
1	56,104,8	MeshInstance3D	0.5x0.2x0.1	mat=StandardMaterial3D@0.031,0.031,0.031;mat=StandardMaterial3D@0.031,0.031,0.031	StreetIdShot/OrisonRoot/@Node3D@25363/@AnimatableBody3D@25489/@MeshInstance3D@25493
1	72,104,8	MeshInstance3D	0.1x0.2x0.0	mat=StandardMaterial3D@0.031,0.031,0.031;mat=StandardMaterial3D@0.031,0.031,0.031	StreetIdShot/OrisonRoot/@Node3D@25363/@MeshInstance3D@25494
1	88,104,8	MeshInstance3D	0.0x0.0x0.0	mat=StandardMaterial3D@0.031,0.031,0.031;mat=StandardMaterial3D@0.031,0.031,0.031	StreetIdShot/OrisonRoot/@Node3D@25363/@MeshInstance3D@25495
1	104,104,8	MeshInstance3D	0.1x2.2x0.2	mat=StandardMaterial3D@0.031,0.031,0.031;mat=StandardMaterial3D@0.031,0.031,0.031	StreetIdShot/OrisonRoot/@Node3D@25363/@MeshInstance3D@25498
1	120,104,8	MeshInstance3D	0.1x2.2x0.2	mat=StandardMaterial3D@0.031,0.031,0.031;mat=StandardMaterial3D@0.031,0.031,0.031	StreetIdShot/OrisonRoot/@Node3D@25363/@MeshInstance3D@25499
1	136,104,8	MeshInstance3D	1.1x0.1x0.2	mat=StandardMaterial3D@0.031,0.031,0.031;mat=StandardMaterial3D@0.031,0.031,0.031	StreetIdShot/OrisonRoot/@Node3D@25363/@MeshInstance3D@25500
1	152,104,8	MeshInstance3D	0.5x2.1x0.0	mat=StandardMaterial3D@0.031,0.031,0.031;mat=StandardMaterial3D@0.031,0.031,0.031	StreetIdShot/OrisonRoot/@Node3D@25363/@AnimatableBody3D@25501/@MeshInstance3D@25503
1	168,104,8	MeshInstance3D	0.5x0.2x0.1	mat=StandardMaterial3D@0.031,0.031,0.031;mat=StandardMaterial3D@0.031,0.031,0.031	StreetIdShot/OrisonRoot/@Node3D@25363/@AnimatableBody3D@25501/@MeshInstance3D@25505
1	184,104,8	MeshInstance3D	0.5x2.1x0.0	mat=StandardMaterial3D@0.031,0.031,0.031;mat=StandardMaterial3D@0.031,0.031,0.031	StreetIdShot/OrisonRoot/@Node3D@25363/@AnimatableBody3D@25506/@MeshInstance3D@25508
1	200,104,8	MeshInstance3D	0.5x0.2x0.1	mat=StandardMaterial3D@0.031,0.031,0.031;mat=StandardMaterial3D@0.031,0.031,0.031	StreetIdShot/OrisonRoot/@Node3D@25363/@AnimatableBody3D@25506/@MeshInstance3D@25510
1	216,104,8	MeshInstance3D	0.1x0.2x0.0	mat=StandardMaterial3D@0.031,0.031,0.031;mat=StandardMaterial3D@0.031,0.031,0.031	StreetIdShot/OrisonRoot/@Node3D@25363/@MeshInstance3D@25511
1	232,104,8	MeshInstance3D	0.0x0.0x0.0	mat=StandardMaterial3D@0.031,0.031,0.031;mat=StandardMaterial3D@0.031,0.031,0.031	StreetIdShot/OrisonRoot/@Node3D@25363/@MeshInstance3D@25512
1	248,104,8	MeshInstance3D	0.1x2.2x0.2	mat=StandardMaterial3D@0.031,0.031,0.031;mat=StandardMaterial3D@0.031,0.031,0.031	StreetIdShot/OrisonRoot/@Node3D@25363/@MeshInstance3D@25515
1	8,120,8	MeshInstance3D	0.1x2.2x0.2	mat=StandardMaterial3D@0.031,0.031,0.031;mat=StandardMaterial3D@0.031,0.031,0.031	StreetIdShot/OrisonRoot/@Node3D@25363/@MeshInstance3D@25516
1	24,120,8	MeshInstance3D	1.1x0.1x0.2	mat=StandardMaterial3D@0.031,0.031,0.031;mat=StandardMaterial3D@0.031,0.031,0.031	StreetIdShot/OrisonRoot/@Node3D@25363/@MeshInstance3D@25517
1	40,120,8	MeshInstance3D	0.5x2.1x0.0	mat=StandardMaterial3D@0.031,0.031,0.031;mat=StandardMaterial3D@0.031,0.031,0.031	StreetIdShot/OrisonRoot/@Node3D@25363/@AnimatableBody3D@25518/@MeshInstance3D@25520
1	56,120,8	MeshInstance3D	0.5x0.2x0.1	mat=StandardMaterial3D@0.031,0.031,0.031;mat=StandardMaterial3D@0.031,0.031,0.031	StreetIdShot/OrisonRoot/@Node3D@25363/@AnimatableBody3D@25518/@MeshInstance3D@25522
1	72,120,8	MeshInstance3D	0.5x2.1x0.0	mat=StandardMaterial3D@0.031,0.031,0.031;mat=StandardMaterial3D@0.031,0.031,0.031	StreetIdShot/OrisonRoot/@Node3D@25363/@AnimatableBody3D@25523/@MeshInstance3D@25525
1	88,120,8	MeshInstance3D	0.5x0.2x0.1	mat=StandardMaterial3D@0.031,0.031,0.031;mat=StandardMaterial3D@0.031,0.031,0.031	StreetIdShot/OrisonRoot/@Node3D@25363/@AnimatableBody3D@25523/@MeshInstance3D@25527
1	104,120,8	MeshInstance3D	0.1x0.2x0.0	mat=StandardMaterial3D@0.031,0.031,0.031;mat=StandardMaterial3D@0.031,0.031,0.031	StreetIdShot/OrisonRoot/@Node3D@25363/@MeshInstance3D@25528
1	120,120,8	MeshInstance3D	0.0x0.0x0.0	mat=StandardMaterial3D@0.031,0.031,0.031;mat=StandardMaterial3D@0.031,0.031,0.031	StreetIdShot/OrisonRoot/@Node3D@25363/@MeshInstance3D@25529
1	136,120,8	MeshInstance3D	0.1x2.2x0.2	mat=StandardMaterial3D@0.031,0.031,0.031;mat=StandardMaterial3D@0.031,0.031,0.031	StreetIdShot/OrisonRoot/@Node3D@25363/@MeshInstance3D@25532
1	152,120,8	MeshInstance3D	0.1x2.2x0.2	mat=StandardMaterial3D@0.031,0.031,0.031;mat=StandardMaterial3D@0.031,0.031,0.031	StreetIdShot/OrisonRoot/@Node3D@25363/@MeshInstance3D@25533
1	168,120,8	MeshInstance3D	1.1x0.1x0.2	mat=StandardMaterial3D@0.031,0.031,0.031;mat=StandardMaterial3D@0.031,0.031,0.031	StreetIdShot/OrisonRoot/@Node3D@25363/@MeshInstance3D@25534
1	184,120,8	MeshInstance3D	0.5x2.1x0.0	mat=StandardMaterial3D@0.031,0.031,0.031;mat=StandardMaterial3D@0.031,0.031,0.031	StreetIdShot/OrisonRoot/@Node3D@25363/@AnimatableBody3D@25535/@MeshInstance3D@25537
1	200,120,8	MeshInstance3D	0.5x0.2x0.1	mat=StandardMaterial3D@0.031,0.031,0.031;mat=StandardMaterial3D@0.031,0.031,0.031	StreetIdShot/OrisonRoot/@Node3D@25363/@AnimatableBody3D@25535/@MeshInstance3D@25539
1	216,120,8	MeshInstance3D	0.5x2.1x0.0	mat=StandardMaterial3D@0.031,0.031,0.031;mat=StandardMaterial3D@0.031,0.031,0.031	StreetIdShot/OrisonRoot/@Node3D@25363/@AnimatableBody3D@25540/@MeshInstance3D@25542
1	232,120,8	MeshInstance3D	0.5x0.2x0.1	mat=StandardMaterial3D@0.031,0.031,0.031;mat=StandardMaterial3D@0.031,0.031,0.031	StreetIdShot/OrisonRoot/@Node3D@25363/@AnimatableBody3D@25540/@MeshInstance3D@25544
1	248,120,8	MeshInstance3D	0.1x0.2x0.0	mat=StandardMaterial3D@0.031,0.031,0.031;mat=StandardMaterial3D@0.031,0.031,0.031	StreetIdShot/OrisonRoot/@Node3D@25363/@MeshInstance3D@25545
1	8,136,8	MeshInstance3D	0.0x0.0x0.0	mat=StandardMaterial3D@0.031,0.031,0.031;mat=StandardMaterial3D@0.031,0.031,0.031	StreetIdShot/OrisonRoot/@Node3D@25363/@MeshInstance3D@25546
1	24,136,8	MeshInstance3D	0.1x2.2x0.2	mat=StandardMaterial3D@0.031,0.031,0.031;mat=StandardMaterial3D@0.031,0.031,0.031	StreetIdShot/OrisonRoot/@Node3D@25363/@MeshInstance3D@25549
1	40,136,8	MeshInstance3D	0.1x2.2x0.2	mat=StandardMaterial3D@0.031,0.031,0.031;mat=StandardMaterial3D@0.031,0.031,0.031	StreetIdShot/OrisonRoot/@Node3D@25363/@MeshInstance3D@25550
1	56,136,8	MeshInstance3D	1.1x0.1x0.2	mat=StandardMaterial3D@0.031,0.031,0.031;mat=StandardMaterial3D@0.031,0.031,0.031	StreetIdShot/OrisonRoot/@Node3D@25363/@MeshInstance3D@25551
1	72,136,8	MeshInstance3D	0.5x2.1x0.0	mat=StandardMaterial3D@0.031,0.031,0.031;mat=StandardMaterial3D@0.031,0.031,0.031	StreetIdShot/OrisonRoot/@Node3D@25363/@AnimatableBody3D@25552/@MeshInstance3D@25554
1	88,136,8	MeshInstance3D	0.5x0.2x0.1	mat=StandardMaterial3D@0.031,0.031,0.031;mat=StandardMaterial3D@0.031,0.031,0.031	StreetIdShot/OrisonRoot/@Node3D@25363/@AnimatableBody3D@25552/@MeshInstance3D@25556
1	104,136,8	MeshInstance3D	0.5x2.1x0.0	mat=StandardMaterial3D@0.031,0.031,0.031;mat=StandardMaterial3D@0.031,0.031,0.031	StreetIdShot/OrisonRoot/@Node3D@25363/@AnimatableBody3D@25557/@MeshInstance3D@25559
1	120,136,8	MeshInstance3D	0.5x0.2x0.1	mat=StandardMaterial3D@0.031,0.031,0.031;mat=StandardMaterial3D@0.031,0.031,0.031	StreetIdShot/OrisonRoot/@Node3D@25363/@AnimatableBody3D@25557/@MeshInstance3D@25561
1	136,136,8	MeshInstance3D	0.1x0.2x0.0	mat=StandardMaterial3D@0.031,0.031,0.031;mat=StandardMaterial3D@0.031,0.031,0.031	StreetIdShot/OrisonRoot/@Node3D@25363/@MeshInstance3D@25562
1	152,136,8	MeshInstance3D	0.0x0.0x0.0	mat=StandardMaterial3D@0.031,0.031,0.031;mat=StandardMaterial3D@0.031,0.031,0.031	StreetIdShot/OrisonRoot/@Node3D@25363/@MeshInstance3D@25563
1	168,136,8	MeshInstance3D	0.1x2.2x0.2	mat=StandardMaterial3D@0.031,0.031,0.031;mat=StandardMaterial3D@0.031,0.031,0.031	StreetIdShot/OrisonRoot/@Node3D@25363/@MeshInstance3D@25566
1	184,136,8	MeshInstance3D	0.1x2.2x0.2	mat=StandardMaterial3D@0.031,0.031,0.031;mat=StandardMaterial3D@0.031,0.031,0.031	StreetIdShot/OrisonRoot/@Node3D@25363/@MeshInstance3D@25567
1	200,136,8	MeshInstance3D	1.1x0.1x0.2	mat=StandardMaterial3D@0.031,0.031,0.031;mat=StandardMaterial3D@0.031,0.031,0.031	StreetIdShot/OrisonRoot/@Node3D@25363/@MeshInstance3D@25568
1	216,136,8	MeshInstance3D	0.5x2.1x0.0	mat=StandardMaterial3D@0.031,0.031,0.031;mat=StandardMaterial3D@0.031,0.031,0.031	StreetIdShot/OrisonRoot/@Node3D@25363/@AnimatableBody3D@25569/@MeshInstance3D@25571
1	232,136,8	MeshInstance3D	0.5x0.2x0.1	mat=StandardMaterial3D@0.031,0.031,0.031;mat=StandardMaterial3D@0.031,0.031,0.031	StreetIdShot/OrisonRoot/@Node3D@25363/@AnimatableBody3D@25569/@MeshInstance3D@25573
1	248,136,8	MeshInstance3D	0.5x2.1x0.0	mat=StandardMaterial3D@0.031,0.031,0.031;mat=StandardMaterial3D@0.031,0.031,0.031	StreetIdShot/OrisonRoot/@Node3D@25363/@AnimatableBody3D@25574/@MeshInstance3D@25576
1	8,152,8	MeshInstance3D	0.5x0.2x0.1	mat=StandardMaterial3D@0.031,0.031,0.031;mat=StandardMaterial3D@0.031,0.031,0.031	StreetIdShot/OrisonRoot/@Node3D@25363/@AnimatableBody3D@25574/@MeshInstance3D@25578
1	24,152,8	MeshInstance3D	0.1x0.2x0.0	mat=StandardMaterial3D@0.031,0.031,0.031;mat=StandardMaterial3D@0.031,0.031,0.031	StreetIdShot/OrisonRoot/@Node3D@25363/@MeshInstance3D@25579
1	40,152,8	MeshInstance3D	0.0x0.0x0.0	mat=StandardMaterial3D@0.031,0.031,0.031;mat=StandardMaterial3D@0.031,0.031,0.031	StreetIdShot/OrisonRoot/@Node3D@25363/@MeshInstance3D@25580
1	56,152,8	MeshInstance3D	0.1x2.2x0.2	mat=StandardMaterial3D@0.031,0.031,0.031;mat=StandardMaterial3D@0.031,0.031,0.031	StreetIdShot/OrisonRoot/@Node3D@25363/@MeshInstance3D@25583
1	72,152,8	MeshInstance3D	0.1x2.2x0.2	mat=StandardMaterial3D@0.031,0.031,0.031;mat=StandardMaterial3D@0.031,0.031,0.031	StreetIdShot/OrisonRoot/@Node3D@25363/@MeshInstance3D@25584
1	88,152,8	MeshInstance3D	1.1x0.1x0.2	mat=StandardMaterial3D@0.031,0.031,0.031;mat=StandardMaterial3D@0.031,0.031,0.031	StreetIdShot/OrisonRoot/@Node3D@25363/@MeshInstance3D@25585
1	104,152,8	MeshInstance3D	0.5x2.1x0.0	mat=StandardMaterial3D@0.031,0.031,0.031;mat=StandardMaterial3D@0.031,0.031,0.031	StreetIdShot/OrisonRoot/@Node3D@25363/@AnimatableBody3D@25586/@MeshInstance3D@25588
1	120,152,8	MeshInstance3D	0.5x0.2x0.1	mat=StandardMaterial3D@0.031,0.031,0.031;mat=StandardMaterial3D@0.031,0.031,0.031	StreetIdShot/OrisonRoot/@Node3D@25363/@AnimatableBody3D@25586/@MeshInstance3D@25590
1	136,152,8	MeshInstance3D	0.5x2.1x0.0	mat=StandardMaterial3D@0.031,0.031,0.031;mat=StandardMaterial3D@0.031,0.031,0.031	StreetIdShot/OrisonRoot/@Node3D@25363/@AnimatableBody3D@25591/@MeshInstance3D@25593
1	152,152,8	MeshInstance3D	0.5x0.2x0.1	mat=StandardMaterial3D@0.031,0.031,0.031;mat=StandardMaterial3D@0.031,0.031,0.031	StreetIdShot/OrisonRoot/@Node3D@25363/@AnimatableBody3D@25591/@MeshInstance3D@25595
1	168,152,8	MeshInstance3D	0.1x0.2x0.0	mat=StandardMaterial3D@0.031,0.031,0.031;mat=StandardMaterial3D@0.031,0.031,0.031	StreetIdShot/OrisonRoot/@Node3D@25363/@MeshInstance3D@25596
1	184,152,8	MeshInstance3D	0.0x0.0x0.0	mat=StandardMaterial3D@0.031,0.031,0.031;mat=StandardMaterial3D@0.031,0.031,0.031	StreetIdShot/OrisonRoot/@Node3D@25363/@MeshInstance3D@25597
1	200,152,8	MeshInstance3D	5.0x0.2x7.0	mat=StandardMaterial3D@0.031,0.031,0.031;mat=StandardMaterial3D@0.031,0.031,0.031	StreetIdShot/OrisonRoot/@Node3D@25942/@StaticBody3D@25945/@MeshInstance3D@25944
1	216,152,8	MeshInstance3D	5.0x0.2x7.0	mat=StandardMaterial3D@0.031,0.031,0.031;mat=StandardMaterial3D@0.031,0.031,0.031	StreetIdShot/OrisonRoot/@Node3D@25942/@StaticBody3D@25948/@MeshInstance3D@25947
1	232,152,8	MeshInstance3D	0.2x3.4x7.0	mat=StandardMaterial3D@0.031,0.031,0.031;mat=StandardMaterial3D@0.031,0.031,0.031	StreetIdShot/OrisonRoot/@Node3D@25942/@StaticBody3D@25951/@MeshInstance3D@25950
1	248,152,8	MeshInstance3D	0.2x3.4x7.0	mat=StandardMaterial3D@0.031,0.031,0.031;mat=StandardMaterial3D@0.031,0.031,0.031	StreetIdShot/OrisonRoot/@Node3D@25942/@StaticBody3D@25954/@MeshInstance3D@25953
1	8,168,8	MeshInstance3D	5.0x3.4x0.2	mat=StandardMaterial3D@0.031,0.031,0.031;mat=StandardMaterial3D@0.031,0.031,0.031	StreetIdShot/OrisonRoot/@Node3D@25942/@StaticBody3D@25957/@MeshInstance3D@25956
1	24,168,8	MeshInstance3D	5.0x3.4x0.2	mat=StandardMaterial3D@0.031,0.031,0.031;mat=StandardMaterial3D@0.031,0.031,0.031	StreetIdShot/OrisonRoot/@Node3D@25942/@StaticBody3D@25960/@MeshInstance3D@25959
1	40,168,8	MeshInstance3D	5.0x0.0x0.0	mat=StandardMaterial3D@0.031,0.031,0.031;mat=StandardMaterial3D@0.031,0.031,0.031	StreetIdShot/OrisonRoot/@Node3D@25942/@MeshInstance3D@25961
1	56,168,8	MeshInstance3D	5.0x0.0x0.0	mat=StandardMaterial3D@0.031,0.031,0.031;mat=StandardMaterial3D@0.031,0.031,0.031	StreetIdShot/OrisonRoot/@Node3D@25942/@MeshInstance3D@25962
1	72,168,8	MeshInstance3D	0.0x0.0x7.0	mat=StandardMaterial3D@0.031,0.031,0.031;mat=StandardMaterial3D@0.031,0.031,0.031	StreetIdShot/OrisonRoot/@Node3D@25942/@MeshInstance3D@25963
1	88,168,8	MeshInstance3D	0.0x0.0x7.0	mat=StandardMaterial3D@0.031,0.031,0.031;mat=StandardMaterial3D@0.031,0.031,0.031	StreetIdShot/OrisonRoot/@Node3D@25942/@MeshInstance3D@25964
1	104,168,8	MeshInstance3D	5.0x0.0x0.0	mat=StandardMaterial3D@0.031,0.031,0.031;mat=StandardMaterial3D@0.031,0.031,0.031	StreetIdShot/OrisonRoot/@Node3D@25942/@MeshInstance3D@25965
1	120,168,8	MeshInstance3D	5.0x0.0x0.0	mat=StandardMaterial3D@0.031,0.031,0.031;mat=StandardMaterial3D@0.031,0.031,0.031	StreetIdShot/OrisonRoot/@Node3D@25942/@MeshInstance3D@25966
1	136,168,8	MeshInstance3D	0.0x0.0x7.0	mat=StandardMaterial3D@0.031,0.031,0.031;mat=StandardMaterial3D@0.031,0.031,0.031	StreetIdShot/OrisonRoot/@Node3D@25942/@MeshInstance3D@25967
1	152,168,8	MeshInstance3D	0.0x0.0x7.0	mat=StandardMaterial3D@0.031,0.031,0.031;mat=StandardMaterial3D@0.031,0.031,0.031	StreetIdShot/OrisonRoot/@Node3D@25942/@MeshInstance3D@25968
1	168,168,8	MeshInstance3D	0.9x2.1x0.0	mat=StandardMaterial3D@0.031,0.031,0.031;mat=StandardMaterial3D@0.031,0.031,0.031	StreetIdShot/OrisonRoot/@Node3D@25942/@Area3D@25971/@MeshInstance3D@25972
1	184,168,8	CPUParticles3D	0.0x0.0x0.0	mat=StandardMaterial3D@0.031,0.031,0.031	StreetIdShot/OrisonRoot/WeatherFX/Leaves
