WorkerThreadPool: 24 threads, 7 max low-priority.
Godot Engine v4.7.1.stable.official.a13da4feb - https://godotengine.org
TextServer: Added interface "Dummy"
TextServer: Added interface "ICU / HarfBuzz / Graphite (Built-in)"
Accessibility: AccessKit driver loaded.
Accessibility: window 0 adapter created.
Devices:
  #0: NVIDIA NVIDIA GeForce RTX 4080 - Supported, Discrete
Optional Vulkan device extension VK_EXT_fragment_density_map not found
Optional Vulkan device extension VK_EXT_fragment_density_map2 not found
Optional Vulkan device extension VK_QCOM_fragment_density_map_offset not found
Optional Vulkan device extension VK_EXT_astc_decode_mode not found
Optional Vulkan device extension VK_EXT_texture_compression_astc_hdr not found
Optional Vulkan device extension VK_NV_ray_tracing_validation not found
Optional Vulkan device extension VK_KHR_external_memory_fd not found
Optional Vulkan device extension VK_EXT_debug_marker not found
- Vulkan Fragment Shading Rate supported:
  Pipeline fragment shading rate
  Primitive fragment shading rate
  Attachment fragment shading rate, min texel size: (16, 16), max texel size: (16, 16), max fragment size: (4, 4)
- Vulkan Fragment Density Map not supported
- Vulkan multiview supported:
  max view count: 32
  max instances: 134217727
- Vulkan subgroup:
  size: 32
  min size: 32
  max size: 32
  stages: STAGE_VERTEX, STAGE_TESSELLATION_CONTROL, STAGE_TESSELLATION_EVALUATION, STAGE_GEOMETRY, STAGE_FRAGMENT, STAGE_COMPUTE, STAGE_RAYGEN_KHR, STAGE_ANY_HIT_KHR, STAGE_CLOSEST_HIT_KHR, STAGE_MISS_KHR, STAGE_INTERSECTION_KHR, STAGE_CALLABLE_KHR, STAGE_TASK_NV, STAGE_MESH_NV
  supported ops: FEATURE_BASIC, FEATURE_VOTE, FEATURE_ARITHMETIC, FEATURE_BALLOT, FEATURE_SHUFFLE, FEATURE_SHUFFLE_RELATIVE, FEATURE_CLUSTERED, FEATURE_QUAD, FEATURE_PARTITIONED_NV
  quad operations in all stages
- Vulkan Acceleration Structure supported
  min acceleration structure scratch offset alignment: 128
- Vulkan Raytracing supported
  shader group handle size: 32
  shader group handle alignment: 32
  shader group handle size aligned: 32
  shader group base alignment: 64
Vulkan 1.4.341 - Forward+ - Using Device #0: NVIDIA - NVIDIA GeForce RTX 4080
Startup PSO cache (0.0 MiB)
SDL: Init OK!
Using "winink" pen tablet driver...
Creating VMA small objects pool for memory type index 1
Shader 'CanvasSdfShaderRD' (group 0) SHA256: 54b47da3ce58bfeb483acea9e9e45b5de11793d45b2a38279aa17b08296ef514
Shader cache miss for CanvasSdfShaderRD/54b47da3ce58bfeb483acea9e9e45b5de11793d45b2a38279aa17b08296ef514/8305c75c1294a9f00656f0f14344bb8bedcfe4e7
Shader 'SkeletonShaderRD' (group 0) SHA256: 08b4464d16133f4db97a8df4663b95b2b956ecd3e7addf44a16e644f488157c2
Shader cache miss for SkeletonShaderRD/08b4464d16133f4db97a8df4663b95b2b956ecd3e7addf44a16e644f488157c2/8305c75c1294a9f00656f0f14344bb8bedcfe4e7
Shader 'SortShaderRD' (group 0) SHA256: 8e4ebbbb19fcd734c6f15656afbe1bcd5eb3acdfdae9cab023ebd6f54c901ef8
Shader cache miss for SortShaderRD/8e4ebbbb19fcd734c6f15656afbe1bcd5eb3acdfdae9cab023ebd6f54c901ef8/8305c75c1294a9f00656f0f14344bb8bedcfe4e7
Shader 'ParticlesShaderRD' (group 0) SHA256: 8f4c25caa97a2f74d5fa5f299aabdd514f57d9737b8642ed65c20e846dad5db0
Shader cache miss for ParticlesShaderRD/8f4c25caa97a2f74d5fa5f299aabdd514f57d9737b8642ed65c20e846dad5db0/07b5904b662900d90454c39c46885098de79aa4c
Shader 'ParticlesCopyShaderRD' (group 0) SHA256: 688d10aec3c2e17e8c578ba3e2db1ea2f054eedd511b1e1647952c0acaeeab72
Shader cache miss for ParticlesCopyShaderRD/688d10aec3c2e17e8c578ba3e2db1ea2f054eedd511b1e1647952c0acaeeab72/8305c75c1294a9f00656f0f14344bb8bedcfe4e7
Shader 'CanvasShaderRD' (group 0) SHA256: 1ac5f6c8d534ebab572b3f886e38134784245fbd5fa01c7cbb6cc452e5400080
Shader cache miss for CanvasShaderRD/1ac5f6c8d534ebab572b3f886e38134784245fbd5fa01c7cbb6cc452e5400080/8305c75c1294a9f00656f0f14344bb8bedcfe4e7
Shader 'CanvasOcclusionShaderRD' (group 0) SHA256: 3b765d5624135f9fbf3199b6660b8387d5b904f48be0914a622e5da9b906b504
Shader cache miss for CanvasOcclusionShaderRD/3b765d5624135f9fbf3199b6660b8387d5b904f48be0914a622e5da9b906b504/8305c75c1294a9f00656f0f14344bb8bedcfe4e7
Shader cache miss for CanvasShaderRD/1ac5f6c8d534ebab572b3f886e38134784245fbd5fa01c7cbb6cc452e5400080/89e0c5a264d1558e7bc2ca0dc3d0afd834fbe7b6
Shader cache miss for CanvasShaderRD/1ac5f6c8d534ebab572b3f886e38134784245fbd5fa01c7cbb6cc452e5400080/8f9335de72e837eeead40640cc01fddc5baf5a7c
Shader 'TexBlitShaderRD' (group 0) SHA256: ce377a6d54cd54d45abdd915ec4cf3877fef3cbace94de3df4ed73ec0124ea0c
Shader cache miss for TexBlitShaderRD/ce377a6d54cd54d45abdd915ec4cf3877fef3cbace94de3df4ed73ec0124ea0c/1e8995c9eb0e9b0b053035999de68595c521a33e
Shader 'ClusterRenderShaderRD' (group 0) SHA256: e1824bcfaf9ebab715957f09e04336284255c4a495944e7ca919e9c20509cf78
Shader cache miss for ClusterRenderShaderRD/e1824bcfaf9ebab715957f09e04336284255c4a495944e7ca919e9c20509cf78/8305c75c1294a9f00656f0f14344bb8bedcfe4e7
Shader 'ClusterStoreShaderRD' (group 0) SHA256: 552b8bd4a514bf18836a8f9d32f41185bdb0efa58da3d5b3e68a39d68f6cecfc
Shader cache miss for ClusterStoreShaderRD/552b8bd4a514bf18836a8f9d32f41185bdb0efa58da3d5b3e68a39d68f6cecfc/8305c75c1294a9f00656f0f14344bb8bedcfe4e7
Shader 'ClusterDebugShaderRD' (group 0) SHA256: 0825a26b8d0923d82c8881fc87e3d931ea89a116d0550106157b7033dfa382a7
Shader cache miss for ClusterDebugShaderRD/0825a26b8d0923d82c8881fc87e3d931ea89a116d0550106157b7033dfa382a7/8305c75c1294a9f00656f0f14344bb8bedcfe4e7
Shader 'SceneForwardClusteredShaderRD' (group 0) SHA256: 069fad9662d1c110a7284347f6822a7ae0bb9be399f57215e33231e68a6e4692
Shader 'SceneForwardClusteredShaderRD' (group 1) SHA256: e6ddf6e05db4f231ee7be3016d02a9e703882c6b2e93191499ae729257086fbf
Shader 'SceneForwardClusteredShaderRD' (group 2) SHA256: 03231cc5a2baf868ce6ae9ca41bb9f199e71fe058e538a5f5121bcec6a77e72d
Shader 'SceneForwardClusteredShaderRD' (group 3) SHA256: e3d89c1bd8f3ff6a0fef46ab1650f9c56e7ec927639ae227579c7831b94bc4ae
Shader cache miss for SceneForwardClusteredShaderRD/069fad9662d1c110a7284347f6822a7ae0bb9be399f57215e33231e68a6e4692/b600e18e20b53d8932999d48838b29553c586934
Shader cache miss for SceneForwardClusteredShaderRD/069fad9662d1c110a7284347f6822a7ae0bb9be399f57215e33231e68a6e4692/347259af253e6bbec7ad5c69332af5ca731015aa
Shader cache miss for SceneForwardClusteredShaderRD/069fad9662d1c110a7284347f6822a7ae0bb9be399f57215e33231e68a6e4692/a784797763b72ce058effad41b273eb697df9814
Shader 'BestFitNormalShaderRD' (group 0) SHA256: 522b47cc4c3c4b572bc28faadfdeea9c0a31b5381e4ea2e3406d0f6fda73d52b
Shader cache miss for BestFitNormalShaderRD/522b47cc4c3c4b572bc28faadfdeea9c0a31b5381e4ea2e3406d0f6fda73d52b/8305c75c1294a9f00656f0f14344bb8bedcfe4e7
Shader 'IntegrateDfgShaderRD' (group 0) SHA256: 83448d29d7232c732c9d312b8e7faaa363fd72cf79165ec15256862089ebd46e
Shader cache miss for IntegrateDfgShaderRD/83448d29d7232c732c9d312b8e7faaa363fd72cf79165ec15256862089ebd46e/8305c75c1294a9f00656f0f14344bb8bedcfe4e7
Shader 'TaaResolveShaderRD' (group 0) SHA256: c5152f5d8d5e919024126af06b7cf1a216b5184957e1946e198175642a86027f
Shader cache miss for TaaResolveShaderRD/c5152f5d8d5e919024126af06b7cf1a216b5184957e1946e198175642a86027f/8305c75c1294a9f00656f0f14344bb8bedcfe4e7
Shader 'Fsr2DepthClipPassShaderRD' (group 0) SHA256: a20cc609c661dbc20c0e6a50851d7ef432d89eb01d24ccf77a8d354b1003b593
Shader 'Fsr2ReconstructPreviousDepthPassShaderRD' (group 0) SHA256: cbbdd1c21ee3ee90d8d06a9dd43063e4947406284591dc52cda4af06f70cf4c5
Shader 'Fsr2LockPassShaderRD' (group 0) SHA256: 995caf07233459282796e20cf661d1dff50d44e7f6b71a02f50ff28852375d11
Shader 'Fsr2AccumulatePassShaderRD' (group 0) SHA256: 5d2518fa9d077ed7e9937130bcc8f122a0c112da50e4102e291ff2e2e3b3655a
Shader 'Fsr2RcasPassShaderRD' (group 0) SHA256: 1a214ec56a6146372aa5be425b51e322c000385e510d969388b8a7b64e8633fe
Shader 'Fsr2ComputeLuminancePyramidPassShaderRD' (group 0) SHA256: 858215f4d90283500ee2148c5aa0e0849b1581cc1eff4a636e59f7ab9c107253
Shader 'Fsr2AutogenReactivePassShaderRD' (group 0) SHA256: 4c3e8464d1a8b62c5285265b7d298da6fd431f85d1353a00f4791bde194cda86
Shader 'Fsr2TcrAutogenPassShaderRD' (group 0) SHA256: 6259947a4b72af42bd9446599035d159f6a0f4ad7816329d4ce18d50bf4ec655
Shader 'SsEffectsDownsampleShaderRD' (group 0) SHA256: ccf4e10c5ab4528ecf8f9b97dbc17f491b409915c7c64f533bcc896c43acdfb0
Shader cache miss for SsEffectsDownsampleShaderRD/ccf4e10c5ab4528ecf8f9b97dbc17f491b409915c7c64f533bcc896c43acdfb0/8305c75c1294a9f00656f0f14344bb8bedcfe4e7
Shader 'SsilShaderRD' (group 0) SHA256: 2b3bf37ba8a45aa5cbc064da9031687142e6f007565f6dee75f83189a9edcfa3
Shader cache miss for SsilShaderRD/2b3bf37ba8a45aa5cbc064da9031687142e6f007565f6dee75f83189a9edcfa3/8305c75c1294a9f00656f0f14344bb8bedcfe4e7
Shader 'SsilImportanceMapShaderRD' (group 0) SHA256: 1c4d07be7a352b493a9afdef9363514c1f219eb178911ec18626ea542c3b1334
Shader cache miss for SsilImportanceMapShaderRD/1c4d07be7a352b493a9afdef9363514c1f219eb178911ec18626ea542c3b1334/8305c75c1294a9f00656f0f14344bb8bedcfe4e7
Shader 'SsilBlurShaderRD' (group 0) SHA256: ba99bf82030acafb5628e8fbd1e0a70fb6a1fa2af5283800a6585fa9c71317d5
Shader cache miss for SsilBlurShaderRD/ba99bf82030acafb5628e8fbd1e0a70fb6a1fa2af5283800a6585fa9c71317d5/8305c75c1294a9f00656f0f14344bb8bedcfe4e7
Shader 'SsilInterleaveShaderRD' (group 0) SHA256: e3b6eab6e5b68136736435a560115616f4074e0be5dca3e2242912a504320162
Shader cache miss for SsilInterleaveShaderRD/e3b6eab6e5b68136736435a560115616f4074e0be5dca3e2242912a504320162/8305c75c1294a9f00656f0f14344bb8bedcfe4e7
Shader 'SsaoShaderRD' (group 0) SHA256: 66a821ba71909db6948ec1aded9d3ee630866bfb4556c2e275650a1ba3b8f5e3
Shader cache miss for SsaoShaderRD/66a821ba71909db6948ec1aded9d3ee630866bfb4556c2e275650a1ba3b8f5e3/8305c75c1294a9f00656f0f14344bb8bedcfe4e7
Shader 'SsaoImportanceMapShaderRD' (group 0) SHA256: 8701d1e664bf71d29af6f5d0a42ba62d7efbdec7f5f82064ea3b0fe3eef94361
Shader cache miss for SsaoImportanceMapShaderRD/8701d1e664bf71d29af6f5d0a42ba62d7efbdec7f5f82064ea3b0fe3eef94361/8305c75c1294a9f00656f0f14344bb8bedcfe4e7
Shader 'SsaoBlurShaderRD' (group 0) SHA256: 75c97c3818b26631d447852881b25a2a80e6c894e956c009b714072cbd46c1ef
Shader cache miss for SsaoBlurShaderRD/75c97c3818b26631d447852881b25a2a80e6c894e956c009b714072cbd46c1ef/8305c75c1294a9f00656f0f14344bb8bedcfe4e7
Shader 'SsaoInterleaveShaderRD' (group 0) SHA256: bee8210303269b0457bb9b0180392661b1c86739a5b9b2efe8a252021fcca1f5
Shader cache miss for SsaoInterleaveShaderRD/bee8210303269b0457bb9b0180392661b1c86739a5b9b2efe8a252021fcca1f5/8305c75c1294a9f00656f0f14344bb8bedcfe4e7
Shader 'ScreenSpaceReflectionDownsampleShaderRD' (group 0) SHA256: ce68b2844d60e91b13d566f130e5e6be4924ecd57975c33ed49db903d1d10cdd
Shader cache miss for ScreenSpaceReflectionDownsampleShaderRD/ce68b2844d60e91b13d566f130e5e6be4924ecd57975c33ed49db903d1d10cdd/8305c75c1294a9f00656f0f14344bb8bedcfe4e7
Shader 'ScreenSpaceReflectionHizShaderRD' (group 0) SHA256: d816ec3b916a39c24ef8495a965202569a714911181fd70869fdc76e1647898d
Shader cache miss for ScreenSpaceReflectionHizShaderRD/d816ec3b916a39c24ef8495a965202569a714911181fd70869fdc76e1647898d/8305c75c1294a9f00656f0f14344bb8bedcfe4e7
Shader 'ScreenSpaceReflectionShaderRD' (group 0) SHA256: dd5e885eefeba0f65c2678de75b986844fb186f0d2a38e39381b435388d51dbb
Shader cache miss for ScreenSpaceReflectionShaderRD/dd5e885eefeba0f65c2678de75b986844fb186f0d2a38e39381b435388d51dbb/8305c75c1294a9f00656f0f14344bb8bedcfe4e7
Shader 'ScreenSpaceReflectionFilterShaderRD' (group 0) SHA256: adaaba74fde6be6ed9036c3b4e1988baef6dcb0a7cc9aa46eee0f81796fd1ee7
Shader cache miss for ScreenSpaceReflectionFilterShaderRD/adaaba74fde6be6ed9036c3b4e1988baef6dcb0a7cc9aa46eee0f81796fd1ee7/8305c75c1294a9f00656f0f14344bb8bedcfe4e7
Shader 'ScreenSpaceReflectionResolveShaderRD' (group 0) SHA256: 7179c7134fdf0cbefc7c3244957827cbec1fd0180b3dfa0ea580579b7b83a06c
Shader cache miss for ScreenSpaceReflectionResolveShaderRD/7179c7134fdf0cbefc7c3244957827cbec1fd0180b3dfa0ea580579b7b83a06c/8305c75c1294a9f00656f0f14344bb8bedcfe4e7
Shader 'SubsurfaceScatteringShaderRD' (group 0) SHA256: 7c8ee12c5109342b5667f38d6fda4ec1c20f0d014ad9690457e6f19d602b96d9
Shader cache miss for SubsurfaceScatteringShaderRD/7c8ee12c5109342b5667f38d6fda4ec1c20f0d014ad9690457e6f19d602b96d9/8305c75c1294a9f00656f0f14344bb8bedcfe4e7
Shader 'SkyShaderRD' (group 0) SHA256: 9be8c23dcd20154e4a1ab0bef919421f8c51853d47c2fe6dc91221f8cfc74997
Shader cache miss for SkyShaderRD/9be8c23dcd20154e4a1ab0bef919421f8c51853d47c2fe6dc91221f8cfc74997/0fa1946a11e1cca806ebfe4b3b4ac7f723d8b701
Shader cache miss for SkyShaderRD/9be8c23dcd20154e4a1ab0bef919421f8c51853d47c2fe6dc91221f8cfc74997/ff1961ca0c4c55a79eb12f819a7b6345801bbbaf
Shader 'VoxelGiShaderRD' (group 0) SHA256: be32ca7811c1d8efa7aea8f6759edee078b2130e3ae5a44ffb2866906b7f344a
Shader cache miss for VoxelGiShaderRD/be32ca7811c1d8efa7aea8f6759edee078b2130e3ae5a44ffb2866906b7f344a/8305c75c1294a9f00656f0f14344bb8bedcfe4e7
Shader 'VoxelGiDebugShaderRD' (group 0) SHA256: 9a34146b67b3016d20f7a43d89748fc6c5eb980a677a57e30e08f4db1bc9a2c6
Shader cache miss for VoxelGiDebugShaderRD/9a34146b67b3016d20f7a43d89748fc6c5eb980a677a57e30e08f4db1bc9a2c6/8305c75c1294a9f00656f0f14344bb8bedcfe4e7
Shader 'SdfgiPreprocessShaderRD' (group 0) SHA256: 1df3f43771989a4c102242eeab16de469b18c89bbd7ff3866c4fd78a99d2e961
Shader cache miss for SdfgiPreprocessShaderRD/1df3f43771989a4c102242eeab16de469b18c89bbd7ff3866c4fd78a99d2e961/8305c75c1294a9f00656f0f14344bb8bedcfe4e7
Shader 'SdfgiDirectLightShaderRD' (group 0) SHA256: 60b8f559824902a3ba6f601c82ba13bb027a01cf114421e8b3e7f1577251f982
Shader cache miss for SdfgiDirectLightShaderRD/60b8f559824902a3ba6f601c82ba13bb027a01cf114421e8b3e7f1577251f982/8305c75c1294a9f00656f0f14344bb8bedcfe4e7
Shader 'SdfgiIntegrateShaderRD' (group 0) SHA256: 8402e25fb473b17f05fd8134b61bac8272f9bb13ec37039e0f82a546918f3004
Shader cache miss for SdfgiIntegrateShaderRD/8402e25fb473b17f05fd8134b61bac8272f9bb13ec37039e0f82a546918f3004/8305c75c1294a9f00656f0f14344bb8bedcfe4e7
Shader 'GiShaderRD' (group 0) SHA256: a60cccbead6fab980bf996289c17b9a77b68a540d44ab8a15ec477060a5862cf
Shader 'GiShaderRD' (group 1) SHA256: 4b8662cdf9663cca618a7d8d793e816df7b2d7e775eefbb9eb5fbb0bdbe7d3d3
Shader cache miss for GiShaderRD/a60cccbead6fab980bf996289c17b9a77b68a540d44ab8a15ec477060a5862cf/8305c75c1294a9f00656f0f14344bb8bedcfe4e7
Shader cache miss for GiShaderRD/4b8662cdf9663cca618a7d8d793e816df7b2d7e775eefbb9eb5fbb0bdbe7d3d3/8305c75c1294a9f00656f0f14344bb8bedcfe4e7
Shader 'SdfgiDebugShaderRD' (group 0) SHA256: 6c94a7679fba279d983d32e141b6648229956762362a863275c13ba2608c7e4d
Shader cache miss for SdfgiDebugShaderRD/6c94a7679fba279d983d32e141b6648229956762362a863275c13ba2608c7e4d/8305c75c1294a9f00656f0f14344bb8bedcfe4e7
Shader 'SdfgiDebugProbesShaderRD' (group 0) SHA256: 9067100a09ae2d21f3f325a69e660546baba568b663847a9ba75cbdc3ea337ee
Shader cache miss for SdfgiDebugProbesShaderRD/9067100a09ae2d21f3f325a69e660546baba568b663847a9ba75cbdc3ea337ee/8305c75c1294a9f00656f0f14344bb8bedcfe4e7
Shader 'VolumetricFogShaderRD' (group 0) SHA256: 4fcd7eea54024fa982593be8aed8c9df465d0c4f629d7d1d1dfdf887cdaca664
Shader 'VolumetricFogShaderRD' (group 1) SHA256: ca7636fab5e9482809eef50fa6684b206f196dada5f05272cb6f04bab7b39ad4
Shader 'VolumetricFogShaderRD' (group 2) SHA256: cb01070fac4570703f705033e78fe8f33ec0bc024a29f53170c0e593709e87ce
Shader 'VolumetricFogShaderRD' (group 3) SHA256: c66c1f9d3ee29cfbd36a5292e40323598a914dddef06f93951451c87654fd3ca
Shader cache miss for VolumetricFogShaderRD/cb01070fac4570703f705033e78fe8f33ec0bc024a29f53170c0e593709e87ce/3377d4ca9d0fc2e16f62596ee37d619e8e7e3f54
Shader 'VolumetricFogProcessShaderRD' (group 0) SHA256: b3d8b51125b8cc82b65e91af793ad8427f49e486687dd0559cabc908674c4390
Shader 'VolumetricFogProcessShaderRD' (group 1) SHA256: fb70f1d0cde8662299c3e8439861294b94192590612d199e70f0f2380126ce56
Shader 'VolumetricFogProcessShaderRD' (group 2) SHA256: ea198e67c91d4d2ddf767049e2aede96f6c4a7ebb51ac9f6f9bbb89e28b083df
Shader 'VolumetricFogProcessShaderRD' (group 3) SHA256: 89e722db621fadf587f712b1100bfe8ade1e7ad5051befa7e3c3bb7bae4a1c18
Shader cache miss for VolumetricFogProcessShaderRD/ea198e67c91d4d2ddf767049e2aede96f6c4a7ebb51ac9f6f9bbb89e28b083df/8305c75c1294a9f00656f0f14344bb8bedcfe4e7
Shader 'BokehDofShaderRD' (group 0) SHA256: 07a1c984a30f7beb4c3290c8d0216119327b1f6eb8b36e5c96cfb751f30742e6
Shader cache miss for BokehDofShaderRD/07a1c984a30f7beb4c3290c8d0216119327b1f6eb8b36e5c96cfb751f30742e6/8305c75c1294a9f00656f0f14344bb8bedcfe4e7
Shader 'CopyShaderRD' (group 0) SHA256: 23f6cf7986b46c68792dfd3f087267f14eebc49382f0c0fd265b45462b58afcf
Shader cache miss for CopyShaderRD/23f6cf7986b46c68792dfd3f087267f14eebc49382f0c0fd265b45462b58afcf/8305c75c1294a9f00656f0f14344bb8bedcfe4e7
Shader 'CopyToFbShaderRD' (group 0) SHA256: d00e29e632391ed3791124b988da290d922da3d9e2083273523bd8173b24ff97
Shader cache miss for CopyToFbShaderRD/d00e29e632391ed3791124b988da290d922da3d9e2083273523bd8173b24ff97/8305c75c1294a9f00656f0f14344bb8bedcfe4e7
Shader 'CubeToDpShaderRD' (group 0) SHA256: 9825f5ee942047b6912a1b6fe49935a8c928598f40d2cdfc64a0f61134deed27
Shader cache miss for CubeToDpShaderRD/9825f5ee942047b6912a1b6fe49935a8c928598f40d2cdfc64a0f61134deed27/8305c75c1294a9f00656f0f14344bb8bedcfe4e7
Shader 'CubeToOctmapShaderRD' (group 0) SHA256: 8bf32929c5b41445f085dd302ccba233028481a94d43ce1b531bc8e2e66677a4
Shader cache miss for CubeToOctmapShaderRD/8bf32929c5b41445f085dd302ccba233028481a94d43ce1b531bc8e2e66677a4/8305c75c1294a9f00656f0f14344bb8bedcfe4e7
Shader 'OctmapDownsamplerShaderRD' (group 0) SHA256: c79c7ea0ebc9a0833c5f465f1c555216a15727d2c4e3a227e9d5cd1e80f0669e
Shader cache miss for OctmapDownsamplerShaderRD/c79c7ea0ebc9a0833c5f465f1c555216a15727d2c4e3a227e9d5cd1e80f0669e/8305c75c1294a9f00656f0f14344bb8bedcfe4e7
Shader 'OctmapFilterShaderRD' (group 0) SHA256: a511f5ad922f5d701a26f801b4f9c96406071103345fa83fd394f8954c1dd7ac
Shader cache miss for OctmapFilterShaderRD/a511f5ad922f5d701a26f801b4f9c96406071103345fa83fd394f8954c1dd7ac/8305c75c1294a9f00656f0f14344bb8bedcfe4e7
Shader 'OctmapRoughnessShaderRD' (group 0) SHA256: 9f66b38742366834aef44d557fed0d0753432ffb2cf24eebb14792092fc26b83
Shader cache miss for OctmapRoughnessShaderRD/9f66b38742366834aef44d557fed0d0753432ffb2cf24eebb14792092fc26b83/8305c75c1294a9f00656f0f14344bb8bedcfe4e7
Updated PSO cache (3.0 MiB)
Shader 'SpecularMergeShaderRD' (group 0) SHA256: 38d1cf8969e8f223baa218cbcd7ad415e6e945247fdb8cefddabba66acaab0e4
Shader cache miss for SpecularMergeShaderRD/38d1cf8969e8f223baa218cbcd7ad415e6e945247fdb8cefddabba66acaab0e4/8305c75c1294a9f00656f0f14344bb8bedcfe4e7
Shader 'ShadowFrustumShaderRD' (group 0) SHA256: 7aba7a73f7499f30591bb36c54f106926052cdc0048232d9054de723408b1ea2
Shader cache miss for ShadowFrustumShaderRD/7aba7a73f7499f30591bb36c54f106926052cdc0048232d9054de723408b1ea2/8305c75c1294a9f00656f0f14344bb8bedcfe4e7
Shader 'MotionVectorsShaderRD' (group 0) SHA256: 21fe2ffffa991405f5c0b4bb35dd8789b4049f8e56d80a5aa61aa8233992e3c1
Shader cache miss for MotionVectorsShaderRD/21fe2ffffa991405f5c0b4bb35dd8789b4049f8e56d80a5aa61aa8233992e3c1/8305c75c1294a9f00656f0f14344bb8bedcfe4e7
Shader 'LuminanceReduceShaderRD' (group 0) SHA256: 926f3544c80af9c002aea2fe9f66f19b40ec81e54f627608fc28573493ac5edb
Shader cache miss for LuminanceReduceShaderRD/926f3544c80af9c002aea2fe9f66f19b40ec81e54f627608fc28573493ac5edb/8305c75c1294a9f00656f0f14344bb8bedcfe4e7
Shader 'SmaaEdgeDetectionShaderRD' (group 0) SHA256: 749ffc0281a6ab411cf5a66f2560a2f33f9a258f57c513c67047f363e5e7ab33
Shader cache miss for SmaaEdgeDetectionShaderRD/749ffc0281a6ab411cf5a66f2560a2f33f9a258f57c513c67047f363e5e7ab33/8305c75c1294a9f00656f0f14344bb8bedcfe4e7
Shader 'SmaaWeightCalculationShaderRD' (group 0) SHA256: 510ed0d4e978b1a21f4e459da4ee2516c38f4460931e2a5714dae17c8b5547c2
Shader cache miss for SmaaWeightCalculationShaderRD/510ed0d4e978b1a21f4e459da4ee2516c38f4460931e2a5714dae17c8b5547c2/8305c75c1294a9f00656f0f14344bb8bedcfe4e7
Shader 'SmaaBlendingShaderRD' (group 0) SHA256: daa696d3938d7aadbc85111a68936e774199a2ded78d364782d43ef580b5296d
Shader cache miss for SmaaBlendingShaderRD/daa696d3938d7aadbc85111a68936e774199a2ded78d364782d43ef580b5296d/8305c75c1294a9f00656f0f14344bb8bedcfe4e7
Shader 'TonemapShaderRD' (group 0) SHA256: 6d008fe28b8fd25f510d360d45c329659bbd6cc2a222dc519c18fea4a3c17a36
Shader cache miss for TonemapShaderRD/6d008fe28b8fd25f510d360d45c329659bbd6cc2a222dc519c18fea4a3c17a36/8305c75c1294a9f00656f0f14344bb8bedcfe4e7
Shader 'VrsShaderRD' (group 0) SHA256: 9df305f4045418de07830cd11c3be6abf40ea73a66b1fc87b5e04821ac4f402c
Shader cache miss for VrsShaderRD/9df305f4045418de07830cd11c3be6abf40ea73a66b1fc87b5e04821ac4f402c/8305c75c1294a9f00656f0f14344bb8bedcfe4e7
Shader 'FsrUpscaleShaderRD' (group 0) SHA256: de60781f9669b1455afc7507208cad7b3c71f8e59f4c894548899e482420e8dd
Shader cache miss for FsrUpscaleShaderRD/de60781f9669b1455afc7507208cad7b3c71f8e59f4c894548899e482420e8dd/8305c75c1294a9f00656f0f14344bb8bedcfe4e7
Shader 'ResolveShaderRD' (group 0) SHA256: b92e1e567b3ce7b008af4819aa7a8f7848a6f4dd09e28737bcd07456b04c2c7e
Shader cache miss for ResolveShaderRD/b92e1e567b3ce7b008af4819aa7a8f7848a6f4dd09e28737bcd07456b04c2c7e/8305c75c1294a9f00656f0f14344bb8bedcfe4e7
Shader 'BlitShaderRD' (group 0) SHA256: 29b32016e1c23e0db5906fbe9b87108e39e7f5965c0016eb53fc5e1c03293243

Shader cache miss for BlitShaderRD/29b32016e1c23e0db5906fbe9b87108e39e7f5965c0016eb53fc5e1c03293243/8305c75c1294a9f00656f0f14344bb8bedcfe4e7
TextServer: Primary interface set to: "ICU / HarfBuzz / Graphite (Built-in)".
Shader cache miss for CanvasShaderRD/1ac5f6c8d534ebab572b3f886e38134784245fbd5fa01c7cbb6cc452e5400080/c2f7efc3419efdd79fabd056897820a83f2ac2c9
CORE API HASH: 3769296884
EDITOR API HASH: 3146738256
SceneTreeFTI: traversal method DEFAULT
Loading resource: res://scripts/game_boot.gd remapped: res://scripts/game_boot.gd
Completed load for: 'res://scripts/game_boot.gd' remapped 'res://scripts/game_boot.gd' at thread -1
Loading resource: res://scripts/audio/conductor_clock.gd remapped: res://scripts/audio/conductor_clock.gd
Completed load for: 'res://scripts/audio/conductor_clock.gd' remapped 'res://scripts/audio/conductor_clock.gd' at thread -1
Loading resource: res://scripts/audio/audio_policy.gd remapped: res://scripts/audio/audio_policy.gd
Completed load for: 'res://scripts/audio/audio_policy.gd' remapped 'res://scripts/audio/audio_policy.gd' at thread -1
Loading resource: res://scripts/game/campaign_clock_driver.gd remapped: res://scripts/game/campaign_clock_driver.gd
Completed load for: 'res://scripts/game/campaign_clock_driver.gd' remapped 'res://scripts/game/campaign_clock_driver.gd' at thread -1
Loading resource: res://scripts/ui/save_status_notice.gd remapped: res://scripts/ui/save_status_notice.gd
Completed load for: 'res://scripts/ui/save_status_notice.gd' remapped 'res://scripts/ui/save_status_notice.gd' at thread -1
Loading resource: res://scripts/game/reality_case_manager.gd remapped: res://scripts/game/reality_case_manager.gd
Completed load for: 'res://scripts/game/reality_case_manager.gd' remapped 'res://scripts/game/reality_case_manager.gd' at thread -1
Loading resource: res://scripts/game/reality_rule_director.gd remapped: res://scripts/game/reality_rule_director.gd
Completed load for: 'res://scripts/game/reality_rule_director.gd' remapped 'res://scripts/game/reality_rule_director.gd' at thread -1
Loaded system CA certificates
Loading resource: res://tests/HistoricalRadioLobbyShot.tscn remapped: res://tests/HistoricalRadioLobbyShot.tscn
Loading resource: res://tests/historical_radio_lobby_shot.gd remapped: res://tests/historical_radio_lobby_shot.gd
Loading resource: res://scenes/building/orison_root.tscn remapped: res://scenes/building/orison_root.tscn
Loading resource: res://scripts/building/building_root.gd remapped: res://scripts/building/building_root.gd
Loading resource: res://shaders/planar_mirror.gdshader remapped: res://shaders/planar_mirror.gdshader
Completed load for: 'res://shaders/planar_mirror.gdshader' remapped 'res://shaders/planar_mirror.gdshader' at thread -1
Loading resource: res://assets/ui/telegram/telegram_paper_stock_v1.png remapped: res://assets/ui/telegram/telegram_paper_stock_v1.png
Loading resource: res://.godot/imported/telegram_paper_stock_v1.png-6da8e34d237a3bb83d7695aa967c7cff.ctex remapped: res://.godot/imported/telegram_paper_stock_v1.png-6da8e34d237a3bb83d7695aa967c7cff.ctex
Completed load for: 'res://assets/ui/telegram/telegram_paper_stock_v1.png' remapped 'res://assets/ui/telegram/telegram_paper_stock_v1.png' at thread -1
Loading resource: res://assets/fonts/courier_prime/CourierPrime-Regular.ttf remapped: res://assets/fonts/courier_prime/CourierPrime-Regular.ttf
Loading resource: res://.godot/imported/CourierPrime-Regular.ttf-b33a163554302b210ef6aef62fa4168a.fontdata remapped: res://.godot/imported/CourierPrime-Regular.ttf-b33a163554302b210ef6aef62fa4168a.fontdata
Completed load for: 'res://assets/fonts/courier_prime/CourierPrime-Regular.ttf' remapped 'res://assets/fonts/courier_prime/CourierPrime-Regular.ttf' at thread -1
Loading resource: res://assets/fonts/courier_prime/CourierPrime-Bold.ttf remapped: res://assets/fonts/courier_prime/CourierPrime-Bold.ttf
Loading resource: res://.godot/imported/CourierPrime-Bold.ttf-bf7a7031d9489227399d79b38e4a3e43.fontdata remapped: res://.godot/imported/CourierPrime-Bold.ttf-bf7a7031d9489227399d79b38e4a3e43.fontdata
Completed load for: 'res://assets/fonts/courier_prime/CourierPrime-Bold.ttf' remapped 'res://assets/fonts/courier_prime/CourierPrime-Bold.ttf' at thread -1
Loading resource: res://assets/building/textures/signage/orison_century_entry_door_albedo_v1.png remapped: res://assets/building/textures/signage/orison_century_entry_door_albedo_v1.png
Loading resource: res://.godot/imported/orison_century_entry_door_albedo_v1.png-f053c4e781246c464c942ce8f396e3df.ctex remapped: res://.godot/imported/orison_century_entry_door_albedo_v1.png-f053c4e781246c464c942ce8f396e3df.ctex
Completed load for: 'res://assets/building/textures/signage/orison_century_entry_door_albedo_v1.png' remapped 'res://assets/building/textures/signage/orison_century_entry_door_albedo_v1.png' at thread -1
Loading resource: res://assets/audio/viral_seed.ogg remapped: res://assets/audio/viral_seed.ogg
Loading resource: res://.godot/imported/viral_seed.ogg-befc5f05d706188204c710ae7bb333d9.oggvorbisstr remapped: res://.godot/imported/viral_seed.ogg-befc5f05d706188204c710ae7bb333d9.oggvorbisstr
Completed load for: 'res://assets/audio/viral_seed.ogg' remapped 'res://assets/audio/viral_seed.ogg' at thread -1
Loading resource: res://shaders/floor_coverage.gdshader remapped: res://shaders/floor_coverage.gdshader
Completed load for: 'res://shaders/floor_coverage.gdshader' remapped 'res://shaders/floor_coverage.gdshader' at thread -1
Loading resource: res://shaders/orison_surface.gdshader remapped: res://shaders/orison_surface.gdshader
Loading resource: res://shaders/orison_surface.gdshaderinc remapped: res://shaders/orison_surface.gdshaderinc
Loading resource: res://shaders/dream_corruption_layers.gdshaderinc remapped: res://shaders/dream_corruption_layers.gdshaderinc
Completed load for: 'res://shaders/dream_corruption_layers.gdshaderinc' remapped 'res://shaders/dream_corruption_layers.gdshaderinc' at thread -1
Completed load for: 'res://shaders/orison_surface.gdshaderinc' remapped 'res://shaders/orison_surface.gdshaderinc' at thread -1
Completed load for: 'res://shaders/orison_surface.gdshader' remapped 'res://shaders/orison_surface.gdshader' at thread -1
Loading resource: res://shaders/orison_surface_cutout.gdshader remapped: res://shaders/orison_surface_cutout.gdshader
Completed load for: 'res://shaders/orison_surface_cutout.gdshader' remapped 'res://shaders/orison_surface_cutout.gdshader' at thread -1
Loading resource: res://assets/building/textures/signage/aged_brass_quadrants_v1.png remapped: res://assets/building/textures/signage/aged_brass_quadrants_v1.png
Loading resource: res://.godot/imported/aged_brass_quadrants_v1.png-28266065a4bd3b6eebe0e9b1e3ddbe36.ctex remapped: res://.godot/imported/aged_brass_quadrants_v1.png-28266065a4bd3b6eebe0e9b1e3ddbe36.ctex
Completed load for: 'res://assets/building/textures/signage/aged_brass_quadrants_v1.png' remapped 'res://assets/building/textures/signage/aged_brass_quadrants_v1.png' at thread -1
Loading resource: res://assets/building/textures/signage/engraved_plates.png remapped: res://assets/building/textures/signage/engraved_plates.png
Loading resource: res://.godot/imported/engraved_plates.png-d216d7c3d1741022a73ce58ea4a3cfa6.ctex remapped: res://.godot/imported/engraved_plates.png-d216d7c3d1741022a73ce58ea4a3cfa6.ctex
Completed load for: 'res://assets/building/textures/signage/engraved_plates.png' remapped 'res://assets/building/textures/signage/engraved_plates.png' at thread -1
Loading resource: res://shaders/dream_tentacle.gdshader remapped: res://shaders/dream_tentacle.gdshader
Loading resource: res://shaders/dream_entity_surface.gdshaderinc remapped: res://shaders/dream_entity_surface.gdshaderinc
Completed load for: 'res://shaders/dream_entity_surface.gdshaderinc' remapped 'res://shaders/dream_entity_surface.gdshaderinc' at thread -1
Completed load for: 'res://shaders/dream_tentacle.gdshader' remapped 'res://shaders/dream_tentacle.gdshader' at thread -1
Loading resource: res://shaders/dream_eye.gdshader remapped: res://shaders/dream_eye.gdshader
Completed load for: 'res://shaders/dream_eye.gdshader' remapped 'res://shaders/dream_eye.gdshader' at thread -1
Loading resource: res://shaders/dream_eyelid.gdshader remapped: res://shaders/dream_eyelid.gdshader
Completed load for: 'res://shaders/dream_eyelid.gdshader' remapped 'res://shaders/dream_eyelid.gdshader' at thread -1
Loading resource: res://shaders/dream_cilia.gdshader remapped: res://shaders/dream_cilia.gdshader
Completed load for: 'res://shaders/dream_cilia.gdshader' remapped 'res://shaders/dream_cilia.gdshader' at thread -1
Loading resource: res://shaders/dream_crystal.gdshader remapped: res://shaders/dream_crystal.gdshader
Completed load for: 'res://shaders/dream_crystal.gdshader' remapped 'res://shaders/dream_crystal.gdshader' at thread -1
Loading resource: res://shaders/dream_gold.gdshader remapped: res://shaders/dream_gold.gdshader
Completed load for: 'res://shaders/dream_gold.gdshader' remapped 'res://shaders/dream_gold.gdshader' at thread -1
Loading resource: res://shaders/dream_sucker.gdshader remapped: res://shaders/dream_sucker.gdshader
Completed load for: 'res://shaders/dream_sucker.gdshader' remapped 'res://shaders/dream_sucker.gdshader' at thread -1
Loading resource: res://shaders/dream_membrane.gdshader remapped: res://shaders/dream_membrane.gdshader
Completed load for: 'res://shaders/dream_membrane.gdshader' remapped 'res://shaders/dream_membrane.gdshader' at thread -1
Loading resource: res://shaders/dream_tendrils.gdshader remapped: res://shaders/dream_tendrils.gdshader
Completed load for: 'res://shaders/dream_tendrils.gdshader' remapped 'res://shaders/dream_tendrils.gdshader' at thread -1
Loading resource: res://assets/dream/tentacle/dream_tentacle.glb remapped: res://assets/dream/tentacle/dream_tentacle.glb
Loading resource: res://.godot/imported/dream_tentacle.glb-163cd22d73288c3d2a827fb5c0d691fa.scn remapped: res://.godot/imported/dream_tentacle.glb-163cd22d73288c3d2a827fb5c0d691fa.scn
Shader cache miss for SceneForwardClusteredShaderRD/069fad9662d1c110a7284347f6822a7ae0bb9be399f57215e33231e68a6e4692/9ae935cd107ff04dc4904f4d9a48208144d11fe5
Completed load for: 'res://assets/dream/tentacle/dream_tentacle.glb' remapped 'res://assets/dream/tentacle/dream_tentacle.glb' at thread -1
Loading resource: res://shaders/dream_hero_skin.gdshader remapped: res://shaders/dream_hero_skin.gdshader
Completed load for: 'res://shaders/dream_hero_skin.gdshader' remapped 'res://shaders/dream_hero_skin.gdshader' at thread -1
Loading resource: res://assets/dream/tentacle/T_dream_hero_anatomy.png remapped: res://assets/dream/tentacle/T_dream_hero_anatomy.png
Loading resource: res://.godot/imported/T_dream_hero_anatomy.png-e735c6abb05508b4e4c43633a35d83f1.ctex remapped: res://.godot/imported/T_dream_hero_anatomy.png-e735c6abb05508b4e4c43633a35d83f1.ctex
Completed load for: 'res://assets/dream/tentacle/T_dream_hero_anatomy.png' remapped 'res://assets/dream/tentacle/T_dream_hero_anatomy.png' at thread -1
Loading resource: res://shaders/dream_residue.gdshader remapped: res://shaders/dream_residue.gdshader
Completed load for: 'res://shaders/dream_residue.gdshader' remapped 'res://shaders/dream_residue.gdshader' at thread -1
Loading resource: res://shaders/dream_critter.gdshader remapped: res://shaders/dream_critter.gdshader
Completed load for: 'res://shaders/dream_critter.gdshader' remapped 'res://shaders/dream_critter.gdshader' at thread -1
Loading resource: res://shaders/dream_palp.gdshader remapped: res://shaders/dream_palp.gdshader
Completed load for: 'res://shaders/dream_palp.gdshader' remapped 'res://shaders/dream_palp.gdshader' at thread -1
Loading resource: res://assets/ui/title/orison_original_advert_lobby_v1.png remapped: res://assets/ui/title/orison_original_advert_lobby_v1.png
Loading resource: res://.godot/imported/orison_original_advert_lobby_v1.png-b45097ae2b0f24de00c2e9d66019c2c3.ctex remapped: res://.godot/imported/orison_original_advert_lobby_v1.png-b45097ae2b0f24de00c2e9d66019c2c3.ctex
Completed load for: 'res://assets/ui/title/orison_original_advert_lobby_v1.png' remapped 'res://assets/ui/title/orison_original_advert_lobby_v1.png' at thread -1
Completed load for: 'res://scripts/building/building_root.gd' remapped 'res://scripts/building/building_root.gd' at thread -1
Completed load for: 'res://scenes/building/orison_root.tscn' remapped 'res://scenes/building/orison_root.tscn' at thread -1
Completed load for: 'res://tests/historical_radio_lobby_shot.gd' remapped 'res://tests/historical_radio_lobby_shot.gd' at thread -1
Completed load for: 'res://tests/HistoricalRadioLobbyShot.tscn' remapped 'res://tests/HistoricalRadioLobbyShot.tscn' at thread -1
[ACOUSTIC] 550 nodes loaded
[RENDER] forward_plus
Loading resource: res://assets/building/textures/sky/orison_queens_night_rain_half_dome_4k.png remapped: res://assets/building/textures/sky/orison_queens_night_rain_half_dome_4k.png
Loading resource: res://.godot/imported/orison_queens_night_rain_half_dome_4k.png-dff55cdb11a2763ba9bd10526969d963.ctex remapped: res://.godot/imported/orison_queens_night_rain_half_dome_4k.png-dff55cdb11a2763ba9bd10526969d963.ctex
Completed load for: 'res://assets/building/textures/sky/orison_queens_night_rain_half_dome_4k.png' remapped 'res://assets/building/textures/sky/orison_queens_night_rain_half_dome_4k.png' at thread -1
Shader cache miss for SceneForwardClusteredShaderRD/069fad9662d1c110a7284347f6822a7ae0bb9be399f57215e33231e68a6e4692/173ec96edd75d7852036e8cf75ab78654b6c1143
Loading resource: res://assets/environment/lroc_color_poles_1k.jpg remapped: res://assets/environment/lroc_color_poles_1k.jpg
Loading resource: res://.godot/imported/lroc_color_poles_1k.jpg-e2c80151a793fba59c850ea878bcd927.ctex remapped: res://.godot/imported/lroc_color_poles_1k.jpg-e2c80151a793fba59c850ea878bcd927.ctex
Completed load for: 'res://assets/environment/lroc_color_poles_1k.jpg' remapped 'res://assets/environment/lroc_color_poles_1k.jpg' at thread -1
Shader cache miss for SceneForwardClusteredShaderRD/069fad9662d1c110a7284347f6822a7ae0bb9be399f57215e33231e68a6e4692/c31d00021df505ae64f6baec0c28abe58521a0ac
Shader cache miss for SceneForwardClusteredShaderRD/069fad9662d1c110a7284347f6822a7ae0bb9be399f57215e33231e68a6e4692/c31d00021df505ae64f6baec0c28abe58521a0ac
Shader cache miss for SceneForwardClusteredShaderRD/069fad9662d1c110a7284347f6822a7ae0bb9be399f57215e33231e68a6e4692/af0ade5e23fd51fcdb4c776961041b9981a8c91a
Loading resource: res://assets/building/textures/sky/eso_gigagalaxy_galactic_half_dome_4k.jpg remapped: res://assets/building/textures/sky/eso_gigagalaxy_galactic_half_dome_4k.jpg
Loading resource: res://.godot/imported/eso_gigagalaxy_galactic_half_dome_4k.jpg-d3c322c83064d2dfb3d88c573d81d35d.ctex remapped: res://.godot/imported/eso_gigagalaxy_galactic_half_dome_4k.jpg-d3c322c83064d2dfb3d88c573d81d35d.ctex
Completed load for: 'res://assets/building/textures/sky/eso_gigagalaxy_galactic_half_dome_4k.jpg' remapped 'res://assets/building/textures/sky/eso_gigagalaxy_galactic_half_dome_4k.jpg' at thread -1
Loading resource: res://assets/building/floor_b1.gltf remapped: res://assets/building/floor_b1.gltf
Loading resource: res://.godot/imported/floor_b1.gltf-10aa188a710e2963a0c2a606433811c7.scn remapped: res://.godot/imported/floor_b1.gltf-10aa188a710e2963a0c2a606433811c7.scn
Loading resource: res://assets/building/textures/T_ai_materials_plaster_worn_plaster_albedo.png remapped: res://assets/building/textures/T_ai_materials_plaster_worn_plaster_albedo.png
Loading resource: res://.godot/imported/T_ai_materials_plaster_worn_plaster_albedo.png-2cbabf1b3c02b6dba32bf23b4350cf47.ctex remapped: res://.godot/imported/T_ai_materials_plaster_worn_plaster_albedo.png-2cbabf1b3c02b6dba32bf23b4350cf47.ctex
Completed load for: 'res://assets/building/textures/T_ai_materials_plaster_worn_plaster_albedo.png' remapped 'res://assets/building/textures/T_ai_materials_plaster_worn_plaster_albedo.png' at thread -1
Loading resource: res://assets/building/textures/T_ai_materials_plaster_worn_plaster_rough.png remapped: res://assets/building/textures/T_ai_materials_plaster_worn_plaster_rough.png
Loading resource: res://.godot/imported/T_ai_materials_plaster_worn_plaster_rough.png-118ee1cd911db1de21582e93caeffb64.ctex remapped: res://.godot/imported/T_ai_materials_plaster_worn_plaster_rough.png-118ee1cd911db1de21582e93caeffb64.ctex
Completed load for: 'res://assets/building/textures/T_ai_materials_plaster_worn_plaster_rough.png' remapped 'res://assets/building/textures/T_ai_materials_plaster_worn_plaster_rough.png' at thread -1
Loading resource: res://assets/building/textures/T_ai_materials_plaster_normal.png remapped: res://assets/building/textures/T_ai_materials_plaster_normal.png
Loading resource: res://.godot/imported/T_ai_materials_plaster_normal.png-1846c11a95742a54771cb58d87ae88b7.ctex remapped: res://.godot/imported/T_ai_materials_plaster_normal.png-1846c11a95742a54771cb58d87ae88b7.ctex
Completed load for: 'res://assets/building/textures/T_ai_materials_plaster_normal.png' remapped 'res://assets/building/textures/T_ai_materials_plaster_normal.png' at thread -1
Loading resource: res://assets/building/textures/T_ai_materials_plaster_stained_albedo.png remapped: res://assets/building/textures/T_ai_materials_plaster_stained_albedo.png
Loading resource: res://.godot/imported/T_ai_materials_plaster_stained_albedo.png-93a9a5d2f2a6da307659e0845ca37fb5.ctex remapped: res://.godot/imported/T_ai_materials_plaster_stained_albedo.png-93a9a5d2f2a6da307659e0845ca37fb5.ctex
Completed load for: 'res://assets/building/textures/T_ai_materials_plaster_stained_albedo.png' remapped 'res://assets/building/textures/T_ai_materials_plaster_stained_albedo.png' at thread -1
Loading resource: res://assets/building/textures/T_ai_materials_plaster_stained_rough.png remapped: res://assets/building/textures/T_ai_materials_plaster_stained_rough.png
Loading resource: res://.godot/imported/T_ai_materials_plaster_stained_rough.png-2e655ad65a85e548b999c9181b0b3e85.ctex remapped: res://.godot/imported/T_ai_materials_plaster_stained_rough.png-2e655ad65a85e548b999c9181b0b3e85.ctex
Completed load for: 'res://assets/building/textures/T_ai_materials_plaster_stained_rough.png' remapped 'res://assets/building/textures/T_ai_materials_plaster_stained_rough.png' at thread -1
Loading resource: res://assets/building/textures/T_ai_materials_plaster_stained_normal.png remapped: res://assets/building/textures/T_ai_materials_plaster_stained_normal.png
Loading resource: res://.godot/imported/T_ai_materials_plaster_stained_normal.png-95476ce39ab17636358b139d68c995e3.ctex remapped: res://.godot/imported/T_ai_materials_plaster_stained_normal.png-95476ce39ab17636358b139d68c995e3.ctex
Completed load for: 'res://assets/building/textures/T_ai_materials_plaster_stained_normal.png' remapped 'res://assets/building/textures/T_ai_materials_plaster_stained_normal.png' at thread -1
Loading resource: res://assets/building/textures/T_ai_materials_tin_ceiling_albedo.png remapped: res://assets/building/textures/T_ai_materials_tin_ceiling_albedo.png
Loading resource: res://.godot/imported/T_ai_materials_tin_ceiling_albedo.png-f5a4ec52b70283adbf835072369ab444.ctex remapped: res://.godot/imported/T_ai_materials_tin_ceiling_albedo.png-f5a4ec52b70283adbf835072369ab444.ctex
Completed load for: 'res://assets/building/textures/T_ai_materials_tin_ceiling_albedo.png' remapped 'res://assets/building/textures/T_ai_materials_tin_ceiling_albedo.png' at thread -1
Loading resource: res://assets/building/textures/T_ai_materials_tin_ceiling_rough.png remapped: res://assets/building/textures/T_ai_materials_tin_ceiling_rough.png
Loading resource: res://.godot/imported/T_ai_materials_tin_ceiling_rough.png-4ad24bdb879d9421f0d16adc65a996b2.ctex remapped: res://.godot/imported/T_ai_materials_tin_ceiling_rough.png-4ad24bdb879d9421f0d16adc65a996b2.ctex
Completed load for: 'res://assets/building/textures/T_ai_materials_tin_ceiling_rough.png' remapped 'res://assets/building/textures/T_ai_materials_tin_ceiling_rough.png' at thread -1
Loading resource: res://assets/building/textures/T_ai_materials_tin_ceiling_normal.png remapped: res://assets/building/textures/T_ai_materials_tin_ceiling_normal.png
Loading resource: res://.godot/imported/T_ai_materials_tin_ceiling_normal.png-603e3a6c0390157de1ecbec931ca4193.ctex remapped: res://.godot/imported/T_ai_materials_tin_ceiling_normal.png-603e3a6c0390157de1ecbec931ca4193.ctex
Completed load for: 'res://assets/building/textures/T_ai_materials_tin_ceiling_normal.png' remapped 'res://assets/building/textures/T_ai_materials_tin_ceiling_normal.png' at thread -1
Loading resource: res://assets/building/textures/T_wallfinish_b1_w00_albedo.png remapped: res://assets/building/textures/T_wallfinish_b1_w00_albedo.png
Loading resource: res://.godot/imported/T_wallfinish_b1_w00_albedo.png-c59f80c27db83fb665f4675b8403e0d9.ctex remapped: res://.godot/imported/T_wallfinish_b1_w00_albedo.png-c59f80c27db83fb665f4675b8403e0d9.ctex
Completed load for: 'res://assets/building/textures/T_wallfinish_b1_w00_albedo.png' remapped 'res://assets/building/textures/T_wallfinish_b1_w00_albedo.png' at thread -1
Loading resource: res://assets/building/textures/T_wallfinish_b1_w00_roughness.png remapped: res://assets/building/textures/T_wallfinish_b1_w00_roughness.png
Loading resource: res://.godot/imported/T_wallfinish_b1_w00_roughness.png-a607c5c87931638aa9b5524ba1f3cdb9.ctex remapped: res://.godot/imported/T_wallfinish_b1_w00_roughness.png-a607c5c87931638aa9b5524ba1f3cdb9.ctex
Completed load for: 'res://assets/building/textures/T_wallfinish_b1_w00_roughness.png' remapped 'res://assets/building/textures/T_wallfinish_b1_w00_roughness.png' at thread -1
Loading resource: res://assets/building/textures/T_wallfinish_b1_w00_normal.png remapped: res://assets/building/textures/T_wallfinish_b1_w00_normal.png
Loading resource: res://.godot/imported/T_wallfinish_b1_w00_normal.png-eaab5198ae2f7e2b140d48fe6b544839.ctex remapped: res://.godot/imported/T_wallfinish_b1_w00_normal.png-eaab5198ae2f7e2b140d48fe6b544839.ctex
Completed load for: 'res://assets/building/textures/T_wallfinish_b1_w00_normal.png' remapped 'res://assets/building/textures/T_wallfinish_b1_w00_normal.png' at thread -1
Loading resource: res://assets/building/textures/T_wallfinish_b1_w01_albedo.png remapped: res://assets/building/textures/T_wallfinish_b1_w01_albedo.png
Loading resource: res://.godot/imported/T_wallfinish_b1_w01_albedo.png-6f3cc11b4bc526ff7e415a3e6bff5f08.ctex remapped: res://.godot/imported/T_wallfinish_b1_w01_albedo.png-6f3cc11b4bc526ff7e415a3e6bff5f08.ctex
Completed load for: 'res://assets/building/textures/T_wallfinish_b1_w01_albedo.png' remapped 'res://assets/building/textures/T_wallfinish_b1_w01_albedo.png' at thread -1
Loading resource: res://assets/building/textures/T_wallfinish_b1_w01_roughness.png remapped: res://assets/building/textures/T_wallfinish_b1_w01_roughness.png
Loading resource: res://.godot/imported/T_wallfinish_b1_w01_roughness.png-848078d97ad48ffa8eda91e1560d060e.ctex remapped: res://.godot/imported/T_wallfinish_b1_w01_roughness.png-848078d97ad48ffa8eda91e1560d060e.ctex
Completed load for: 'res://assets/building/textures/T_wallfinish_b1_w01_roughness.png' remapped 'res://assets/building/textures/T_wallfinish_b1_w01_roughness.png' at thread -1
Loading resource: res://assets/building/textures/T_wallfinish_b1_w01_normal.png remapped: res://assets/building/textures/T_wallfinish_b1_w01_normal.png
Loading resource: res://.godot/imported/T_wallfinish_b1_w01_normal.png-e1c12d9c3daf58dee1c9c7945cc6bb15.ctex remapped: res://.godot/imported/T_wallfinish_b1_w01_normal.png-e1c12d9c3daf58dee1c9c7945cc6bb15.ctex
Completed load for: 'res://assets/building/textures/T_wallfinish_b1_w01_normal.png' remapped 'res://assets/building/textures/T_wallfinish_b1_w01_normal.png' at thread -1
Loading resource: res://assets/building/textures/T_wallfinish_b1_w02_albedo.png remapped: res://assets/building/textures/T_wallfinish_b1_w02_albedo.png
Loading resource: res://.godot/imported/T_wallfinish_b1_w02_albedo.png-b8d62bb17b6396a25158143063491ffe.ctex remapped: res://.godot/imported/T_wallfinish_b1_w02_albedo.png-b8d62bb17b6396a25158143063491ffe.ctex
Completed load for: 'res://assets/building/textures/T_wallfinish_b1_w02_albedo.png' remapped 'res://assets/building/textures/T_wallfinish_b1_w02_albedo.png' at thread -1
Loading resource: res://assets/building/textures/T_wallfinish_b1_w02_roughness.png remapped: res://assets/building/textures/T_wallfinish_b1_w02_roughness.png
Loading resource: res://.godot/imported/T_wallfinish_b1_w02_roughness.png-42f30b41a157ded932ce172561b6609a.ctex remapped: res://.godot/imported/T_wallfinish_b1_w02_roughness.png-42f30b41a157ded932ce172561b6609a.ctex
Completed load for: 'res://assets/building/textures/T_wallfinish_b1_w02_roughness.png' remapped 'res://assets/building/textures/T_wallfinish_b1_w02_roughness.png' at thread -1
Loading resource: res://assets/building/textures/T_wallfinish_b1_w02_normal.png remapped: res://assets/building/textures/T_wallfinish_b1_w02_normal.png
Loading resource: res://.godot/imported/T_wallfinish_b1_w02_normal.png-ac0fb9907ab3b8fac707b2ad5bb9dfb4.ctex remapped: res://.godot/imported/T_wallfinish_b1_w02_normal.png-ac0fb9907ab3b8fac707b2ad5bb9dfb4.ctex
Completed load for: 'res://assets/building/textures/T_wallfinish_b1_w02_normal.png' remapped 'res://assets/building/textures/T_wallfinish_b1_w02_normal.png' at thread -1
Loading resource: res://assets/building/textures/T_wallfinish_b1_w03_albedo.png remapped: res://assets/building/textures/T_wallfinish_b1_w03_albedo.png
Loading resource: res://.godot/imported/T_wallfinish_b1_w03_albedo.png-bfe0636abc50a48e702a11d41238c41d.ctex remapped: res://.godot/imported/T_wallfinish_b1_w03_albedo.png-bfe0636abc50a48e702a11d41238c41d.ctex
Completed load for: 'res://assets/building/textures/T_wallfinish_b1_w03_albedo.png' remapped 'res://assets/building/textures/T_wallfinish_b1_w03_albedo.png' at thread -1
Loading resource: res://assets/building/textures/T_wallfinish_b1_w03_roughness.png remapped: res://assets/building/textures/T_wallfinish_b1_w03_roughness.png
Loading resource: res://.godot/imported/T_wallfinish_b1_w03_roughness.png-d235405ac3963d63ad98a4050b549bf9.ctex remapped: res://.godot/imported/T_wallfinish_b1_w03_roughness.png-d235405ac3963d63ad98a4050b549bf9.ctex
Completed load for: 'res://assets/building/textures/T_wallfinish_b1_w03_roughness.png' remapped 'res://assets/building/textures/T_wallfinish_b1_w03_roughness.png' at thread -1
Loading resource: res://assets/building/textures/T_wallfinish_b1_w03_normal.png remapped: res://assets/building/textures/T_wallfinish_b1_w03_normal.png
Loading resource: res://.godot/imported/T_wallfinish_b1_w03_normal.png-93c2372d41995718d3c6c42e310a997c.ctex remapped: res://.godot/imported/T_wallfinish_b1_w03_normal.png-93c2372d41995718d3c6c42e310a997c.ctex
Completed load for: 'res://assets/building/textures/T_wallfinish_b1_w03_normal.png' remapped 'res://assets/building/textures/T_wallfinish_b1_w03_normal.png' at thread -1
Loading resource: res://assets/building/textures/T_wallfinish_b1_w04_albedo.png remapped: res://assets/building/textures/T_wallfinish_b1_w04_albedo.png
Loading resource: res://.godot/imported/T_wallfinish_b1_w04_albedo.png-adb9f5dbfab3d212ee52f96169cfeebc.ctex remapped: res://.godot/imported/T_wallfinish_b1_w04_albedo.png-adb9f5dbfab3d212ee52f96169cfeebc.ctex
Completed load for: 'res://assets/building/textures/T_wallfinish_b1_w04_albedo.png' remapped 'res://assets/building/textures/T_wallfinish_b1_w04_albedo.png' at thread -1
Loading resource: res://assets/building/textures/T_wallfinish_b1_w04_roughness.png remapped: res://assets/building/textures/T_wallfinish_b1_w04_roughness.png
Loading resource: res://.godot/imported/T_wallfinish_b1_w04_roughness.png-b3fead14d906c601a39f1f8841c39199.ctex remapped: res://.godot/imported/T_wallfinish_b1_w04_roughness.png-b3fead14d906c601a39f1f8841c39199.ctex
Completed load for: 'res://assets/building/textures/T_wallfinish_b1_w04_roughness.png' remapped 'res://assets/building/textures/T_wallfinish_b1_w04_roughness.png' at thread -1
Loading resource: res://assets/building/textures/T_wallfinish_b1_w04_normal.png remapped: res://assets/building/textures/T_wallfinish_b1_w04_normal.png
Loading resource: res://.godot/imported/T_wallfinish_b1_w04_normal.png-f4ac660aa98853beee7f5a72efc6bcb8.ctex remapped: res://.godot/imported/T_wallfinish_b1_w04_normal.png-f4ac660aa98853beee7f5a72efc6bcb8.ctex
Completed load for: 'res://assets/building/textures/T_wallfinish_b1_w04_normal.png' remapped 'res://assets/building/textures/T_wallfinish_b1_w04_normal.png' at thread -1
Loading resource: res://assets/building/textures/T_wallfinish_b1_w05_albedo.png remapped: res://assets/building/textures/T_wallfinish_b1_w05_albedo.png
Loading resource: res://.godot/imported/T_wallfinish_b1_w05_albedo.png-220dc0680f2bf9626e5c4718239647bf.ctex remapped: res://.godot/imported/T_wallfinish_b1_w05_albedo.png-220dc0680f2bf9626e5c4718239647bf.ctex
Completed load for: 'res://assets/building/textures/T_wallfinish_b1_w05_albedo.png' remapped 'res://assets/building/textures/T_wallfinish_b1_w05_albedo.png' at thread -1
Loading resource: res://assets/building/textures/T_wallfinish_b1_w05_roughness.png remapped: res://assets/building/textures/T_wallfinish_b1_w05_roughness.png
Loading resource: res://.godot/imported/T_wallfinish_b1_w05_roughness.png-9893d3d29b764de34dc3be4d9405d1b5.ctex remapped: res://.godot/imported/T_wallfinish_b1_w05_roughness.png-9893d3d29b764de34dc3be4d9405d1b5.ctex
Completed load for: 'res://assets/building/textures/T_wallfinish_b1_w05_roughness.png' remapped 'res://assets/building/textures/T_wallfinish_b1_w05_roughness.png' at thread -1
Loading resource: res://assets/building/textures/T_wallfinish_b1_w05_normal.png remapped: res://assets/building/textures/T_wallfinish_b1_w05_normal.png
Loading resource: res://.godot/imported/T_wallfinish_b1_w05_normal.png-4ed4dd6fec7526f6130aa8be561a47a6.ctex remapped: res://.godot/imported/T_wallfinish_b1_w05_normal.png-4ed4dd6fec7526f6130aa8be561a47a6.ctex
Completed load for: 'res://assets/building/textures/T_wallfinish_b1_w05_normal.png' remapped 'res://assets/building/textures/T_wallfinish_b1_w05_normal.png' at thread -1
Loading resource: res://assets/building/textures/T_wallfinish_b1_w06_albedo.png remapped: res://assets/building/textures/T_wallfinish_b1_w06_albedo.png
Loading resource: res://.godot/imported/T_wallfinish_b1_w06_albedo.png-8131f23ae8d0fb44783173bdfcb75a3b.ctex remapped: res://.godot/imported/T_wallfinish_b1_w06_albedo.png-8131f23ae8d0fb44783173bdfcb75a3b.ctex
Completed load for: 'res://assets/building/textures/T_wallfinish_b1_w06_albedo.png' remapped 'res://assets/building/textures/T_wallfinish_b1_w06_albedo.png' at thread -1
Loading resource: res://assets/building/textures/T_wallfinish_b1_w06_roughness.png remapped: res://assets/building/textures/T_wallfinish_b1_w06_roughness.png
Loading resource: res://.godot/imported/T_wallfinish_b1_w06_roughness.png-af79ce86e0d12a5f12de544c43a5bf6a.ctex remapped: res://.godot/imported/T_wallfinish_b1_w06_roughness.png-af79ce86e0d12a5f12de544c43a5bf6a.ctex
Completed load for: 'res://assets/building/textures/T_wallfinish_b1_w06_roughness.png' remapped 'res://assets/building/textures/T_wallfinish_b1_w06_roughness.png' at thread -1
Loading resource: res://assets/building/textures/T_wallfinish_b1_w06_normal.png remapped: res://assets/building/textures/T_wallfinish_b1_w06_normal.png
Loading resource: res://.godot/imported/T_wallfinish_b1_w06_normal.png-58973e23fe70490c2057c9081cffa01d.ctex remapped: res://.godot/imported/T_wallfinish_b1_w06_normal.png-58973e23fe70490c2057c9081cffa01d.ctex
Completed load for: 'res://assets/building/textures/T_wallfinish_b1_w06_normal.png' remapped 'res://assets/building/textures/T_wallfinish_b1_w06_normal.png' at thread -1
Loading resource: res://assets/building/textures/T_wallfinish_b1_w07_albedo.png remapped: res://assets/building/textures/T_wallfinish_b1_w07_albedo.png
Loading resource: res://.godot/imported/T_wallfinish_b1_w07_albedo.png-4a13f45a1b985b106ef066397e4985e2.ctex remapped: res://.godot/imported/T_wallfinish_b1_w07_albedo.png-4a13f45a1b985b106ef066397e4985e2.ctex
Completed load for: 'res://assets/building/textures/T_wallfinish_b1_w07_albedo.png' remapped 'res://assets/building/textures/T_wallfinish_b1_w07_albedo.png' at thread -1
Loading resource: res://assets/building/textures/T_wallfinish_b1_w07_roughness.png remapped: res://assets/building/textures/T_wallfinish_b1_w07_roughness.png
Loading resource: res://.godot/imported/T_wallfinish_b1_w07_roughness.png-92df5f2586e172005fed8a853c8e4c2b.ctex remapped: res://.godot/imported/T_wallfinish_b1_w07_roughness.png-92df5f2586e172005fed8a853c8e4c2b.ctex
Completed load for: 'res://assets/building/textures/T_wallfinish_b1_w07_roughness.png' remapped 'res://assets/building/textures/T_wallfinish_b1_w07_roughness.png' at thread -1
Loading resource: res://assets/building/textures/T_wallfinish_b1_w07_normal.png remapped: res://assets/building/textures/T_wallfinish_b1_w07_normal.png
Loading resource: res://.godot/imported/T_wallfinish_b1_w07_normal.png-a592af8762887b1ee07281a5f63bd69f.ctex remapped: res://.godot/imported/T_wallfinish_b1_w07_normal.png-a592af8762887b1ee07281a5f63bd69f.ctex
Completed load for: 'res://assets/building/textures/T_wallfinish_b1_w07_normal.png' remapped 'res://assets/building/textures/T_wallfinish_b1_w07_normal.png' at thread -1
Loading resource: res://assets/building/textures/T_wallfinish_b1_w08_albedo.png remapped: res://assets/building/textures/T_wallfinish_b1_w08_albedo.png
Loading resource: res://.godot/imported/T_wallfinish_b1_w08_albedo.png-486d9cb43d145c61cc4e1a6433b608d2.ctex remapped: res://.godot/imported/T_wallfinish_b1_w08_albedo.png-486d9cb43d145c61cc4e1a6433b608d2.ctex
Completed load for: 'res://assets/building/textures/T_wallfinish_b1_w08_albedo.png' remapped 'res://assets/building/textures/T_wallfinish_b1_w08_albedo.png' at thread -1
Loading resource: res://assets/building/textures/T_wallfinish_b1_w08_roughness.png remapped: res://assets/building/textures/T_wallfinish_b1_w08_roughness.png
Loading resource: res://.godot/imported/T_wallfinish_b1_w08_roughness.png-0605d7ffda146f2e13c6f3622fcc077d.ctex remapped: res://.godot/imported/T_wallfinish_b1_w08_roughness.png-0605d7ffda146f2e13c6f3622fcc077d.ctex
Completed load for: 'res://assets/building/textures/T_wallfinish_b1_w08_roughness.png' remapped 'res://assets/building/textures/T_wallfinish_b1_w08_roughness.png' at thread -1
Loading resource: res://assets/building/textures/T_wallfinish_b1_w08_normal.png remapped: res://assets/building/textures/T_wallfinish_b1_w08_normal.png
Loading resource: res://.godot/imported/T_wallfinish_b1_w08_normal.png-d6f3976a9a5e76e958bc517257677c79.ctex remapped: res://.godot/imported/T_wallfinish_b1_w08_normal.png-d6f3976a9a5e76e958bc517257677c79.ctex
Completed load for: 'res://assets/building/textures/T_wallfinish_b1_w08_normal.png' remapped 'res://assets/building/textures/T_wallfinish_b1_w08_normal.png' at thread -1
Loading resource: res://assets/building/textures/T_wallfinish_b1_w09_albedo.png remapped: res://assets/building/textures/T_wallfinish_b1_w09_albedo.png
Loading resource: res://.godot/imported/T_wallfinish_b1_w09_albedo.png-11b028dfdd86a07b243d5c8f5de4f834.ctex remapped: res://.godot/imported/T_wallfinish_b1_w09_albedo.png-11b028dfdd86a07b243d5c8f5de4f834.ctex
Completed load for: 'res://assets/building/textures/T_wallfinish_b1_w09_albedo.png' remapped 'res://assets/building/textures/T_wallfinish_b1_w09_albedo.png' at thread -1
Loading resource: res://assets/building/textures/T_wallfinish_b1_w09_roughness.png remapped: res://assets/building/textures/T_wallfinish_b1_w09_roughness.png
Loading resource: res://.godot/imported/T_wallfinish_b1_w09_roughness.png-2e748737a8cc25712a1d0f162bb3abe4.ctex remapped: res://.godot/imported/T_wallfinish_b1_w09_roughness.png-2e748737a8cc25712a1d0f162bb3abe4.ctex
Completed load for: 'res://assets/building/textures/T_wallfinish_b1_w09_roughness.png' remapped 'res://assets/building/textures/T_wallfinish_b1_w09_roughness.png' at thread -1
Loading resource: res://assets/building/textures/T_wallfinish_b1_w09_normal.png remapped: res://assets/building/textures/T_wallfinish_b1_w09_normal.png
Loading resource: res://.godot/imported/T_wallfinish_b1_w09_normal.png-9b17ea72958f28dcf44ede73c6d75c39.ctex remapped: res://.godot/imported/T_wallfinish_b1_w09_normal.png-9b17ea72958f28dcf44ede73c6d75c39.ctex
Completed load for: 'res://assets/building/textures/T_wallfinish_b1_w09_normal.png' remapped 'res://assets/building/textures/T_wallfinish_b1_w09_normal.png' at thread -1
Loading resource: res://assets/building/textures/T_wallfinish_b1_w10_albedo.png remapped: res://assets/building/textures/T_wallfinish_b1_w10_albedo.png
Loading resource: res://.godot/imported/T_wallfinish_b1_w10_albedo.png-05f9b270791e14a58b796a9ce13ae916.ctex remapped: res://.godot/imported/T_wallfinish_b1_w10_albedo.png-05f9b270791e14a58b796a9ce13ae916.ctex
Completed load for: 'res://assets/building/textures/T_wallfinish_b1_w10_albedo.png' remapped 'res://assets/building/textures/T_wallfinish_b1_w10_albedo.png' at thread -1
Loading resource: res://assets/building/textures/T_wallfinish_b1_w10_roughness.png remapped: res://assets/building/textures/T_wallfinish_b1_w10_roughness.png
Loading resource: res://.godot/imported/T_wallfinish_b1_w10_roughness.png-c0b70c8d2c2ff9f3151f1d622f4e3e36.ctex remapped: res://.godot/imported/T_wallfinish_b1_w10_roughness.png-c0b70c8d2c2ff9f3151f1d622f4e3e36.ctex
Completed load for: 'res://assets/building/textures/T_wallfinish_b1_w10_roughness.png' remapped 'res://assets/building/textures/T_wallfinish_b1_w10_roughness.png' at thread -1
Loading resource: res://assets/building/textures/T_wallfinish_b1_w10_normal.png remapped: res://assets/building/textures/T_wallfinish_b1_w10_normal.png
Loading resource: res://.godot/imported/T_wallfinish_b1_w10_normal.png-9e685fa42288c14417b92bcc620c8d3c.ctex remapped: res://.godot/imported/T_wallfinish_b1_w10_normal.png-9e685fa42288c14417b92bcc620c8d3c.ctex
Completed load for: 'res://assets/building/textures/T_wallfinish_b1_w10_normal.png' remapped 'res://assets/building/textures/T_wallfinish_b1_w10_normal.png' at thread -1
Loading resource: res://assets/building/textures/T_ai_materials_concrete_albedo.png remapped: res://assets/building/textures/T_ai_materials_concrete_albedo.png
Loading resource: res://.godot/imported/T_ai_materials_concrete_albedo.png-6afea6071794a72e223b17275f930740.ctex remapped: res://.godot/imported/T_ai_materials_concrete_albedo.png-6afea6071794a72e223b17275f930740.ctex
Completed load for: 'res://assets/building/textures/T_ai_materials_concrete_albedo.png' remapped 'res://assets/building/textures/T_ai_materials_concrete_albedo.png' at thread -1
Loading resource: res://assets/building/textures/T_ai_materials_concrete_rough.png remapped: res://assets/building/textures/T_ai_materials_concrete_rough.png
Loading resource: res://.godot/imported/T_ai_materials_concrete_rough.png-c0559a751e945dd8cd27e8549eff8016.ctex remapped: res://.godot/imported/T_ai_materials_concrete_rough.png-c0559a751e945dd8cd27e8549eff8016.ctex
Completed load for: 'res://assets/building/textures/T_ai_materials_concrete_rough.png' remapped 'res://assets/building/textures/T_ai_materials_concrete_rough.png' at thread -1
Loading resource: res://assets/building/textures/T_ai_materials_concrete_normal.png remapped: res://assets/building/textures/T_ai_materials_concrete_normal.png
Loading resource: res://.godot/imported/T_ai_materials_concrete_normal.png-467d3dcc54b252c2cd023271606a46a6.ctex remapped: res://.godot/imported/T_ai_materials_concrete_normal.png-467d3dcc54b252c2cd023271606a46a6.ctex
Completed load for: 'res://assets/building/textures/T_ai_materials_concrete_normal.png' remapped 'res://assets/building/textures/T_ai_materials_concrete_normal.png' at thread -1
Loading resource: res://assets/building/textures/T_ai_materials_terrazzo_albedo.png remapped: res://assets/building/textures/T_ai_materials_terrazzo_albedo.png
Loading resource: res://.godot/imported/T_ai_materials_terrazzo_albedo.png-2701bb720ec84f32296b06621566318d.ctex remapped: res://.godot/imported/T_ai_materials_terrazzo_albedo.png-2701bb720ec84f32296b06621566318d.ctex
Completed load for: 'res://assets/building/textures/T_ai_materials_terrazzo_albedo.png' remapped 'res://assets/building/textures/T_ai_materials_terrazzo_albedo.png' at thread -1
Loading resource: res://assets/building/textures/T_ai_materials_terrazzo_rough.png remapped: res://assets/building/textures/T_ai_materials_terrazzo_rough.png
Loading resource: res://.godot/imported/T_ai_materials_terrazzo_rough.png-1d31d55f440ad5241ed92261f12becb6.ctex remapped: res://.godot/imported/T_ai_materials_terrazzo_rough.png-1d31d55f440ad5241ed92261f12becb6.ctex
Completed load for: 'res://assets/building/textures/T_ai_materials_terrazzo_rough.png' remapped 'res://assets/building/textures/T_ai_materials_terrazzo_rough.png' at thread -1
Loading resource: res://assets/building/textures/T_ai_materials_terrazzo_normal.png remapped: res://assets/building/textures/T_ai_materials_terrazzo_normal.png
Loading resource: res://.godot/imported/T_ai_materials_terrazzo_normal.png-3b3ea5952780bc99c313341499c4c825.ctex remapped: res://.godot/imported/T_ai_materials_terrazzo_normal.png-3b3ea5952780bc99c313341499c4c825.ctex
Completed load for: 'res://assets/building/textures/T_ai_materials_terrazzo_normal.png' remapped 'res://assets/building/textures/T_ai_materials_terrazzo_normal.png' at thread -1
Loading resource: res://assets/building/textures/T_ai_materials_bakelite_albedo.png remapped: res://assets/building/textures/T_ai_materials_bakelite_albedo.png
Loading resource: res://.godot/imported/T_ai_materials_bakelite_albedo.png-bc78ad018a5655c318e32a60148f9635.ctex remapped: res://.godot/imported/T_ai_materials_bakelite_albedo.png-bc78ad018a5655c318e32a60148f9635.ctex
Completed load for: 'res://assets/building/textures/T_ai_materials_bakelite_albedo.png' remapped 'res://assets/building/textures/T_ai_materials_bakelite_albedo.png' at thread -1
Loading resource: res://assets/building/textures/T_ai_materials_bakelite_rough.png remapped: res://assets/building/textures/T_ai_materials_bakelite_rough.png
Loading resource: res://.godot/imported/T_ai_materials_bakelite_rough.png-e0d9a913644ec116542ae080dd05d9c9.ctex remapped: res://.godot/imported/T_ai_materials_bakelite_rough.png-e0d9a913644ec116542ae080dd05d9c9.ctex
Completed load for: 'res://assets/building/textures/T_ai_materials_bakelite_rough.png' remapped 'res://assets/building/textures/T_ai_materials_bakelite_rough.png' at thread -1
Loading resource: res://assets/building/textures/T_ai_materials_bakelite_normal.png remapped: res://assets/building/textures/T_ai_materials_bakelite_normal.png
Loading resource: res://.godot/imported/T_ai_materials_bakelite_normal.png-b9f1e20c576536001f2bd4b923be31db.ctex remapped: res://.godot/imported/T_ai_materials_bakelite_normal.png-b9f1e20c576536001f2bd4b923be31db.ctex
Completed load for: 'res://assets/building/textures/T_ai_materials_bakelite_normal.png' remapped 'res://assets/building/textures/T_ai_materials_bakelite_normal.png' at thread -1
Loading resource: res://assets/building/textures/T_ai_materials_bakelite_black_albedo.png remapped: res://assets/building/textures/T_ai_materials_bakelite_black_albedo.png
Loading resource: res://.godot/imported/T_ai_materials_bakelite_black_albedo.png-7d9915a4f20c2a48a3bbf6eef983ade1.ctex remapped: res://.godot/imported/T_ai_materials_bakelite_black_albedo.png-7d9915a4f20c2a48a3bbf6eef983ade1.ctex
Completed load for: 'res://assets/building/textures/T_ai_materials_bakelite_black_albedo.png' remapped 'res://assets/building/textures/T_ai_materials_bakelite_black_albedo.png' at thread -1
Loading resource: res://assets/building/textures/T_ai_materials_bakelite_black_rough.png remapped: res://assets/building/textures/T_ai_materials_bakelite_black_rough.png
Loading resource: res://.godot/imported/T_ai_materials_bakelite_black_rough.png-25bb9c71631ef93ae27c874974165856.ctex remapped: res://.godot/imported/T_ai_materials_bakelite_black_rough.png-25bb9c71631ef93ae27c874974165856.ctex
Completed load for: 'res://assets/building/textures/T_ai_materials_bakelite_black_rough.png' remapped 'res://assets/building/textures/T_ai_materials_bakelite_black_rough.png' at thread -1
Loading resource: res://assets/building/textures/T_ai_materials_bakelite_black_normal.png remapped: res://assets/building/textures/T_ai_materials_bakelite_black_normal.png
Loading resource: res://.godot/imported/T_ai_materials_bakelite_black_normal.png-f57083d47cf1ccd9352715d03c58d0a9.ctex remapped: res://.godot/imported/T_ai_materials_bakelite_black_normal.png-f57083d47cf1ccd9352715d03c58d0a9.ctex
Completed load for: 'res://assets/building/textures/T_ai_materials_bakelite_black_normal.png' remapped 'res://assets/building/textures/T_ai_materials_bakelite_black_normal.png' at thread -1
Loading resource: res://assets/building/textures/T_library_furniture_book_brown_albedo.png remapped: res://assets/building/textures/T_library_furniture_book_brown_albedo.png
Loading resource: res://.godot/imported/T_library_furniture_book_brown_albedo.png-54d863f499c9941a3d31981216a2a832.ctex remapped: res://.godot/imported/T_library_furniture_book_brown_albedo.png-54d863f499c9941a3d31981216a2a832.ctex
Completed load for: 'res://assets/building/textures/T_library_furniture_book_brown_albedo.png' remapped 'res://assets/building/textures/T_library_furniture_book_brown_albedo.png' at thread -1
Loading resource: res://assets/building/textures/T_library_furniture_book_brown_rough.png remapped: res://assets/building/textures/T_library_furniture_book_brown_rough.png
Loading resource: res://.godot/imported/T_library_furniture_book_brown_rough.png-564c596a43ca3c1accfdfe1c35acb2d1.ctex remapped: res://.godot/imported/T_library_furniture_book_brown_rough.png-564c596a43ca3c1accfdfe1c35acb2d1.ctex
Completed load for: 'res://assets/building/textures/T_library_furniture_book_brown_rough.png' remapped 'res://assets/building/textures/T_library_furniture_book_brown_rough.png' at thread -1
Loading resource: res://assets/building/textures/T_library_furniture_book_brown_normal.png remapped: res://assets/building/textures/T_library_furniture_book_brown_normal.png
Loading resource: res://.godot/imported/T_library_furniture_book_brown_normal.png-5d31df520596e8645d7e41d4b5d83049.ctex remapped: res://.godot/imported/T_library_furniture_book_brown_normal.png-5d31df520596e8645d7e41d4b5d83049.ctex
Completed load for: 'res://assets/building/textures/T_library_furniture_book_brown_normal.png' remapped 'res://assets/building/textures/T_library_furniture_book_brown_normal.png' at thread -1
Loading resource: res://assets/building/textures/T_library_furniture_book_burgundy_albedo.png remapped: res://assets/building/textures/T_library_furniture_book_burgundy_albedo.png
Loading resource: res://.godot/imported/T_library_furniture_book_burgundy_albedo.png-5fd090297481ad039dacbe59b39f6de5.ctex remapped: res://.godot/imported/T_library_furniture_book_burgundy_albedo.png-5fd090297481ad039dacbe59b39f6de5.ctex
Completed load for: 'res://assets/building/textures/T_library_furniture_book_burgundy_albedo.png' remapped 'res://assets/building/textures/T_library_furniture_book_burgundy_albedo.png' at thread -1
Loading resource: res://assets/building/textures/T_library_furniture_book_burgundy_rough.png remapped: res://assets/building/textures/T_library_furniture_book_burgundy_rough.png
Loading resource: res://.godot/imported/T_library_furniture_book_burgundy_rough.png-ebb41b744d4ef36b6cc40ab5c9aaf4e7.ctex remapped: res://.godot/imported/T_library_furniture_book_burgundy_rough.png-ebb41b744d4ef36b6cc40ab5c9aaf4e7.ctex
Completed load for: 'res://assets/building/textures/T_library_furniture_book_burgundy_rough.png' remapped 'res://assets/building/textures/T_library_furniture_book_burgundy_rough.png' at thread -1
Loading resource: res://assets/building/textures/T_library_furniture_book_burgundy_normal.png remapped: res://assets/building/textures/T_library_furniture_book_burgundy_normal.png
Loading resource: res://.godot/imported/T_library_furniture_book_burgundy_normal.png-a4353788482574844980e7a57ef738ef.ctex remapped: res://.godot/imported/T_library_furniture_book_burgundy_normal.png-a4353788482574844980e7a57ef738ef.ctex
Completed load for: 'res://assets/building/textures/T_library_furniture_book_burgundy_normal.png' remapped 'res://assets/building/textures/T_library_furniture_book_burgundy_normal.png' at thread -1
Loading resource: res://assets/building/textures/T_library_furniture_book_green_albedo.png remapped: res://assets/building/textures/T_library_furniture_book_green_albedo.png
Loading resource: res://.godot/imported/T_library_furniture_book_green_albedo.png-4f22a4be3fb92dca0600237c05eda081.ctex remapped: res://.godot/imported/T_library_furniture_book_green_albedo.png-4f22a4be3fb92dca0600237c05eda081.ctex
Completed load for: 'res://assets/building/textures/T_library_furniture_book_green_albedo.png' remapped 'res://assets/building/textures/T_library_furniture_book_green_albedo.png' at thread -1
Loading resource: res://assets/building/textures/T_library_furniture_book_green_rough.png remapped: res://assets/building/textures/T_library_furniture_book_green_rough.png
Loading resource: res://.godot/imported/T_library_furniture_book_green_rough.png-36b1000f856ba545bed5b536506d8194.ctex remapped: res://.godot/imported/T_library_furniture_book_green_rough.png-36b1000f856ba545bed5b536506d8194.ctex
Completed load for: 'res://assets/building/textures/T_library_furniture_book_green_rough.png' remapped 'res://assets/building/textures/T_library_furniture_book_green_rough.png' at thread -1
Loading resource: res://assets/building/textures/T_library_furniture_book_green_normal.png remapped: res://assets/building/textures/T_library_furniture_book_green_normal.png
Loading resource: res://.godot/imported/T_library_furniture_book_green_normal.png-0bbb1f7a76641225ec2000894409e75b.ctex remapped: res://.godot/imported/T_library_furniture_book_green_normal.png-0bbb1f7a76641225ec2000894409e75b.ctex
Completed load for: 'res://assets/building/textures/T_library_furniture_book_green_normal.png' remapped 'res://assets/building/textures/T_library_furniture_book_green_normal.png' at thread -1
Loading resource: res://assets/building/textures/T_library_furniture_book_navy_albedo.png remapped: res://assets/building/textures/T_library_furniture_book_navy_albedo.png
Loading resource: res://.godot/imported/T_library_furniture_book_navy_albedo.png-948030fea59ef4291d97800cc7e0bb0d.ctex remapped: res://.godot/imported/T_library_furniture_book_navy_albedo.png-948030fea59ef4291d97800cc7e0bb0d.ctex
Completed load for: 'res://assets/building/textures/T_library_furniture_book_navy_albedo.png' remapped 'res://assets/building/textures/T_library_furniture_book_navy_albedo.png' at thread -1
Loading resource: res://assets/building/textures/T_library_furniture_book_navy_rough.png remapped: res://assets/building/textures/T_library_furniture_book_navy_rough.png
Loading resource: res://.godot/imported/T_library_furniture_book_navy_rough.png-c3cd67d9374afce67f314bcd89267796.ctex remapped: res://.godot/imported/T_library_furniture_book_navy_rough.png-c3cd67d9374afce67f314bcd89267796.ctex
Completed load for: 'res://assets/building/textures/T_library_furniture_book_navy_rough.png' remapped 'res://assets/building/textures/T_library_furniture_book_navy_rough.png' at thread -1
Loading resource: res://assets/building/textures/T_library_furniture_book_navy_normal.png remapped: res://assets/building/textures/T_library_furniture_book_navy_normal.png
Loading resource: res://.godot/imported/T_library_furniture_book_navy_normal.png-beb21f1f1a60d389c261bcf58b2245bc.ctex remapped: res://.godot/imported/T_library_furniture_book_navy_normal.png-beb21f1f1a60d389c261bcf58b2245bc.ctex
Completed load for: 'res://assets/building/textures/T_library_furniture_book_navy_normal.png' remapped 'res://assets/building/textures/T_library_furniture_book_navy_normal.png' at thread -1
Loading resource: res://assets/building/textures/T_library_furniture_book_ochre_albedo.png remapped: res://assets/building/textures/T_library_furniture_book_ochre_albedo.png
Loading resource: res://.godot/imported/T_library_furniture_book_ochre_albedo.png-55380320f95ff584f3ea00d82b0989cc.ctex remapped: res://.godot/imported/T_library_furniture_book_ochre_albedo.png-55380320f95ff584f3ea00d82b0989cc.ctex
Completed load for: 'res://assets/building/textures/T_library_furniture_book_ochre_albedo.png' remapped 'res://assets/building/textures/T_library_furniture_book_ochre_albedo.png' at thread -1
Loading resource: res://assets/building/textures/T_library_furniture_book_ochre_rough.png remapped: res://assets/building/textures/T_library_furniture_book_ochre_rough.png
Loading resource: res://.godot/imported/T_library_furniture_book_ochre_rough.png-dea0bca5a92839d1932d64c5387dc971.ctex remapped: res://.godot/imported/T_library_furniture_book_ochre_rough.png-dea0bca5a92839d1932d64c5387dc971.ctex
Completed load for: 'res://assets/building/textures/T_library_furniture_book_ochre_rough.png' remapped 'res://assets/building/textures/T_library_furniture_book_ochre_rough.png' at thread -1
Loading resource: res://assets/building/textures/T_library_furniture_book_ochre_normal.png remapped: res://assets/building/textures/T_library_furniture_book_ochre_normal.png
Loading resource: res://.godot/imported/T_library_furniture_book_ochre_normal.png-277f06316da7c06043b47e2a41b8107a.ctex remapped: res://.godot/imported/T_library_furniture_book_ochre_normal.png-277f06316da7c06043b47e2a41b8107a.ctex
Completed load for: 'res://assets/building/textures/T_library_furniture_book_ochre_normal.png' remapped 'res://assets/building/textures/T_library_furniture_book_ochre_normal.png' at thread -1
Loading resource: res://assets/building/textures/T_library_furniture_book_teal_albedo.png remapped: res://assets/building/textures/T_library_furniture_book_teal_albedo.png
Loading resource: res://.godot/imported/T_library_furniture_book_teal_albedo.png-74dcfbf89bf310cd492244585ec6869c.ctex remapped: res://.godot/imported/T_library_furniture_book_teal_albedo.png-74dcfbf89bf310cd492244585ec6869c.ctex
Completed load for: 'res://assets/building/textures/T_library_furniture_book_teal_albedo.png' remapped 'res://assets/building/textures/T_library_furniture_book_teal_albedo.png' at thread -1
Loading resource: res://assets/building/textures/T_library_furniture_book_teal_rough.png remapped: res://assets/building/textures/T_library_furniture_book_teal_rough.png
Loading resource: res://.godot/imported/T_library_furniture_book_teal_rough.png-ecfa8ad6e1f31a3c7eec8ad49b05f740.ctex remapped: res://.godot/imported/T_library_furniture_book_teal_rough.png-ecfa8ad6e1f31a3c7eec8ad49b05f740.ctex
Completed load for: 'res://assets/building/textures/T_library_furniture_book_teal_rough.png' remapped 'res://assets/building/textures/T_library_furniture_book_teal_rough.png' at thread -1
Loading resource: res://assets/building/textures/T_library_furniture_book_teal_normal.png remapped: res://assets/building/textures/T_library_furniture_book_teal_normal.png
Loading resource: res://.godot/imported/T_library_furniture_book_teal_normal.png-8e3b991126d0a76a5f5651e8265909b8.ctex remapped: res://.godot/imported/T_library_furniture_book_teal_normal.png-8e3b991126d0a76a5f5651e8265909b8.ctex
Completed load for: 'res://assets/building/textures/T_library_furniture_book_teal_normal.png' remapped 'res://assets/building/textures/T_library_furniture_book_teal_normal.png' at thread -1
Loading resource: res://assets/building/textures/T_ai_materials_brass_albedo.png remapped: res://assets/building/textures/T_ai_materials_brass_albedo.png
Loading resource: res://.godot/imported/T_ai_materials_brass_albedo.png-d52ac6c561f06ba9aeaba322948a4481.ctex remapped: res://.godot/imported/T_ai_materials_brass_albedo.png-d52ac6c561f06ba9aeaba322948a4481.ctex
Completed load for: 'res://assets/building/textures/T_ai_materials_brass_albedo.png' remapped 'res://assets/building/textures/T_ai_materials_brass_albedo.png' at thread -1
Loading resource: res://assets/building/textures/T_ai_materials_brass_rough.png remapped: res://assets/building/textures/T_ai_materials_brass_rough.png
Loading resource: res://.godot/imported/T_ai_materials_brass_rough.png-c32b1e7aaca26621f4caaae3633414cd.ctex remapped: res://.godot/imported/T_ai_materials_brass_rough.png-c32b1e7aaca26621f4caaae3633414cd.ctex
Completed load for: 'res://assets/building/textures/T_ai_materials_brass_rough.png' remapped 'res://assets/building/textures/T_ai_materials_brass_rough.png' at thread -1
Loading resource: res://assets/building/textures/T_ai_materials_brass_normal.png remapped: res://assets/building/textures/T_ai_materials_brass_normal.png
Loading resource: res://.godot/imported/T_ai_materials_brass_normal.png-a2e10dbfa07b6c98b912af52001ef6f7.ctex remapped: res://.godot/imported/T_ai_materials_brass_normal.png-a2e10dbfa07b6c98b912af52001ef6f7.ctex
Completed load for: 'res://assets/building/textures/T_ai_materials_brass_normal.png' remapped 'res://assets/building/textures/T_ai_materials_brass_normal.png' at thread -1
Loading resource: res://assets/building/textures/T_ai_materials_brass_bright_albedo.png remapped: res://assets/building/textures/T_ai_materials_brass_bright_albedo.png
Loading resource: res://.godot/imported/T_ai_materials_brass_bright_albedo.png-ca745ebeec9cc23eaf8617d17a150695.ctex remapped: res://.godot/imported/T_ai_materials_brass_bright_albedo.png-ca745ebeec9cc23eaf8617d17a150695.ctex
Completed load for: 'res://assets/building/textures/T_ai_materials_brass_bright_albedo.png' remapped 'res://assets/building/textures/T_ai_materials_brass_bright_albedo.png' at thread -1
Loading resource: res://assets/building/textures/T_ai_materials_brass_bright_rough.png remapped: res://assets/building/textures/T_ai_materials_brass_bright_rough.png
Loading resource: res://.godot/imported/T_ai_materials_brass_bright_rough.png-58df16093d1dd6355ecf20ec17b530dc.ctex remapped: res://.godot/imported/T_ai_materials_brass_bright_rough.png-58df16093d1dd6355ecf20ec17b530dc.ctex
Completed load for: 'res://assets/building/textures/T_ai_materials_brass_bright_rough.png' remapped 'res://assets/building/textures/T_ai_materials_brass_bright_rough.png' at thread -1
Loading resource: res://assets/building/textures/T_ai_materials_brass_bright_normal.png remapped: res://assets/building/textures/T_ai_materials_brass_bright_normal.png
Loading resource: res://.godot/imported/T_ai_materials_brass_bright_normal.png-c4eac1a7bc69934dde04d1dba8c73d79.ctex remapped: res://.godot/imported/T_ai_materials_brass_bright_normal.png-c4eac1a7bc69934dde04d1dba8c73d79.ctex
Completed load for: 'res://assets/building/textures/T_ai_materials_brass_bright_normal.png' remapped 'res://assets/building/textures/T_ai_materials_brass_bright_normal.png' at thread -1
Loading resource: res://assets/building/textures/T_ai_materials_ceramic_albedo.png remapped: res://assets/building/textures/T_ai_materials_ceramic_albedo.png
Loading resource: res://.godot/imported/T_ai_materials_ceramic_albedo.png-6bd6af952e4065bcf63c2b01f5d99c81.ctex remapped: res://.godot/imported/T_ai_materials_ceramic_albedo.png-6bd6af952e4065bcf63c2b01f5d99c81.ctex
Completed load for: 'res://assets/building/textures/T_ai_materials_ceramic_albedo.png' remapped 'res://assets/building/textures/T_ai_materials_ceramic_albedo.png' at thread -1
Loading resource: res://assets/building/textures/T_ai_materials_ceramic_rough.png remapped: res://assets/building/textures/T_ai_materials_ceramic_rough.png
Loading resource: res://.godot/imported/T_ai_materials_ceramic_rough.png-0e66a8fc4524875be677996347181796.ctex remapped: res://.godot/imported/T_ai_materials_ceramic_rough.png-0e66a8fc4524875be677996347181796.ctex
Completed load for: 'res://assets/building/textures/T_ai_materials_ceramic_rough.png' remapped 'res://assets/building/textures/T_ai_materials_ceramic_rough.png' at thread -1
Loading resource: res://assets/building/textures/T_ai_materials_ceramic_normal.png remapped: res://assets/building/textures/T_ai_materials_ceramic_normal.png
Loading resource: res://.godot/imported/T_ai_materials_ceramic_normal.png-43d10fff007284e4d07a7a13d402229d.ctex remapped: res://.godot/imported/T_ai_materials_ceramic_normal.png-43d10fff007284e4d07a7a13d402229d.ctex
Completed load for: 'res://assets/building/textures/T_ai_materials_ceramic_normal.png' remapped 'res://assets/building/textures/T_ai_materials_ceramic_normal.png' at thread -1
Loading resource: res://assets/building/textures/T_ai_materials_enamel_worn_enamel_albedo.png remapped: res://assets/building/textures/T_ai_materials_enamel_worn_enamel_albedo.png
Loading resource: res://.godot/imported/T_ai_materials_enamel_worn_enamel_albedo.png-81ac910bbd4cea9b9fe9f98ed80f5172.ctex remapped: res://.godot/imported/T_ai_materials_enamel_worn_enamel_albedo.png-81ac910bbd4cea9b9fe9f98ed80f5172.ctex
Completed load for: 'res://assets/building/textures/T_ai_materials_enamel_worn_enamel_albedo.png' remapped 'res://assets/building/textures/T_ai_materials_enamel_worn_enamel_albedo.png' at thread -1
Loading resource: res://assets/building/textures/T_ai_materials_enamel_worn_enamel_rough.png remapped: res://assets/building/textures/T_ai_materials_enamel_worn_enamel_rough.png
Loading resource: res://.godot/imported/T_ai_materials_enamel_worn_enamel_rough.png-5752c87ccb874ead51833cc089caa98e.ctex remapped: res://.godot/imported/T_ai_materials_enamel_worn_enamel_rough.png-5752c87ccb874ead51833cc089caa98e.ctex
Completed load for: 'res://assets/building/textures/T_ai_materials_enamel_worn_enamel_rough.png' remapped 'res://assets/building/textures/T_ai_materials_enamel_worn_enamel_rough.png' at thread -1
Loading resource: res://assets/building/textures/T_ai_materials_enamel_normal.png remapped: res://assets/building/textures/T_ai_materials_enamel_normal.png
Loading resource: res://.godot/imported/T_ai_materials_enamel_normal.png-ca51a2824e4e1128fcdc258d94f8fdc4.ctex remapped: res://.godot/imported/T_ai_materials_enamel_normal.png-ca51a2824e4e1128fcdc258d94f8fdc4.ctex
Completed load for: 'res://assets/building/textures/T_ai_materials_enamel_normal.png' remapped 'res://assets/building/textures/T_ai_materials_enamel_normal.png' at thread -1
Loading resource: res://assets/building/textures/T_ai_materials_floor_oak_albedo.png remapped: res://assets/building/textures/T_ai_materials_floor_oak_albedo.png
Loading resource: res://.godot/imported/T_ai_materials_floor_oak_albedo.png-a780194f26a172eb17e646f379a7e368.ctex remapped: res://.godot/imported/T_ai_materials_floor_oak_albedo.png-a780194f26a172eb17e646f379a7e368.ctex
Completed load for: 'res://assets/building/textures/T_ai_materials_floor_oak_albedo.png' remapped 'res://assets/building/textures/T_ai_materials_floor_oak_albedo.png' at thread -1
Loading resource: res://assets/building/textures/T_ai_materials_floor_oak_rough.png remapped: res://assets/building/textures/T_ai_materials_floor_oak_rough.png
Loading resource: res://.godot/imported/T_ai_materials_floor_oak_rough.png-4fe81457f0a3400a8a398088e4bc6770.ctex remapped: res://.godot/imported/T_ai_materials_floor_oak_rough.png-4fe81457f0a3400a8a398088e4bc6770.ctex
Completed load for: 'res://assets/building/textures/T_ai_materials_floor_oak_rough.png' remapped 'res://assets/building/textures/T_ai_materials_floor_oak_rough.png' at thread -1
Loading resource: res://assets/building/textures/T_ai_materials_floor_oak_normal.png remapped: res://assets/building/textures/T_ai_materials_floor_oak_normal.png
Loading resource: res://.godot/imported/T_ai_materials_floor_oak_normal.png-b5ebbcbc1b87bd59d059804a6d84c1a9.ctex remapped: res://.godot/imported/T_ai_materials_floor_oak_normal.png-b5ebbcbc1b87bd59d059804a6d84c1a9.ctex
Completed load for: 'res://assets/building/textures/T_ai_materials_floor_oak_normal.png' remapped 'res://assets/building/textures/T_ai_materials_floor_oak_normal.png' at thread -1
Loading resource: res://assets/building/textures/T_fx_fx_shadow.png remapped: res://assets/building/textures/T_fx_fx_shadow.png
Loading resource: res://.godot/imported/T_fx_fx_shadow.png-8261fd3164708026234d7da6e23e86e2.ctex remapped: res://.godot/imported/T_fx_fx_shadow.png-8261fd3164708026234d7da6e23e86e2.ctex
Completed load for: 'res://assets/building/textures/T_fx_fx_shadow.png' remapped 'res://assets/building/textures/T_fx_fx_shadow.png' at thread -1
Loading resource: res://assets/building/textures/T_glass_rough.png remapped: res://assets/building/textures/T_glass_rough.png
Loading resource: res://.godot/imported/T_glass_rough.png-c797fed12cff93ae0344dc05ff3fbd82.ctex remapped: res://.godot/imported/T_glass_rough.png-c797fed12cff93ae0344dc05ff3fbd82.ctex
Completed load for: 'res://assets/building/textures/T_glass_rough.png' remapped 'res://assets/building/textures/T_glass_rough.png' at thread -1
Loading resource: res://assets/building/textures/T_glass_normal.png remapped: res://assets/building/textures/T_glass_normal.png
Loading resource: res://.godot/imported/T_glass_normal.png-7a623a73b4acd556c327793156c0493c.ctex remapped: res://.godot/imported/T_glass_normal.png-7a623a73b4acd556c327793156c0493c.ctex
Completed load for: 'res://assets/building/textures/T_glass_normal.png' remapped 'res://assets/building/textures/T_glass_normal.png' at thread -1
Loading resource: res://assets/building/textures/T_ai_materials_metal_albedo.png remapped: res://assets/building/textures/T_ai_materials_metal_albedo.png
Loading resource: res://.godot/imported/T_ai_materials_metal_albedo.png-18d1cbc0662363aa3e5adb7f111d8bb4.ctex remapped: res://.godot/imported/T_ai_materials_metal_albedo.png-18d1cbc0662363aa3e5adb7f111d8bb4.ctex
Completed load for: 'res://assets/building/textures/T_ai_materials_metal_albedo.png' remapped 'res://assets/building/textures/T_ai_materials_metal_albedo.png' at thread -1
Loading resource: res://assets/building/textures/T_ai_materials_metal_rough.png remapped: res://assets/building/textures/T_ai_materials_metal_rough.png
Loading resource: res://.godot/imported/T_ai_materials_metal_rough.png-65246a059be6fcfa43c6055086de63d7.ctex remapped: res://.godot/imported/T_ai_materials_metal_rough.png-65246a059be6fcfa43c6055086de63d7.ctex
Completed load for: 'res://assets/building/textures/T_ai_materials_metal_rough.png' remapped 'res://assets/building/textures/T_ai_materials_metal_rough.png' at thread -1
Loading resource: res://assets/building/textures/T_ai_materials_metal_normal.png remapped: res://assets/building/textures/T_ai_materials_metal_normal.png
Loading resource: res://.godot/imported/T_ai_materials_metal_normal.png-116d0878e563f0d4494685f3671d0dcd.ctex remapped: res://.godot/imported/T_ai_materials_metal_normal.png-116d0878e563f0d4494685f3671d0dcd.ctex
Completed load for: 'res://assets/building/textures/T_ai_materials_metal_normal.png' remapped 'res://assets/building/textures/T_ai_materials_metal_normal.png' at thread -1
Loading resource: res://assets/building/textures/T_ai_materials_milk_glass_albedo.png remapped: res://assets/building/textures/T_ai_materials_milk_glass_albedo.png
Loading resource: res://.godot/imported/T_ai_materials_milk_glass_albedo.png-c4e531ea030fd79cca5cac8f447f86db.ctex remapped: res://.godot/imported/T_ai_materials_milk_glass_albedo.png-c4e531ea030fd79cca5cac8f447f86db.ctex
Completed load for: 'res://assets/building/textures/T_ai_materials_milk_glass_albedo.png' remapped 'res://assets/building/textures/T_ai_materials_milk_glass_albedo.png' at thread -1
Loading resource: res://assets/building/textures/T_ai_materials_milk_glass_rough.png remapped: res://assets/building/textures/T_ai_materials_milk_glass_rough.png
Loading resource: res://.godot/imported/T_ai_materials_milk_glass_rough.png-5371865fb2b201d2c1772d1a1599e624.ctex remapped: res://.godot/imported/T_ai_materials_milk_glass_rough.png-5371865fb2b201d2c1772d1a1599e624.ctex
Completed load for: 'res://assets/building/textures/T_ai_materials_milk_glass_rough.png' remapped 'res://assets/building/textures/T_ai_materials_milk_glass_rough.png' at thread -1
Loading resource: res://assets/building/textures/T_ai_materials_milk_glass_normal.png remapped: res://assets/building/textures/T_ai_materials_milk_glass_normal.png
Loading resource: res://.godot/imported/T_ai_materials_milk_glass_normal.png-0579286e7a4f9bafea96f774859da512.ctex remapped: res://.godot/imported/T_ai_materials_milk_glass_normal.png-0579286e7a4f9bafea96f774859da512.ctex
Completed load for: 'res://assets/building/textures/T_ai_materials_milk_glass_normal.png' remapped 'res://assets/building/textures/T_ai_materials_milk_glass_normal.png' at thread -1
Loading resource: res://assets/building/textures/T_ai_materials_plant_albedo.png remapped: res://assets/building/textures/T_ai_materials_plant_albedo.png
Loading resource: res://.godot/imported/T_ai_materials_plant_albedo.png-65ddc873440dc9f2628496375ad6608c.ctex remapped: res://.godot/imported/T_ai_materials_plant_albedo.png-65ddc873440dc9f2628496375ad6608c.ctex
Completed load for: 'res://assets/building/textures/T_ai_materials_plant_albedo.png' remapped 'res://assets/building/textures/T_ai_materials_plant_albedo.png' at thread -1
Loading resource: res://assets/building/textures/T_ai_materials_plant_rough.png remapped: res://assets/building/textures/T_ai_materials_plant_rough.png
Loading resource: res://.godot/imported/T_ai_materials_plant_rough.png-539dc479d53b2e360debb154497e8f00.ctex remapped: res://.godot/imported/T_ai_materials_plant_rough.png-539dc479d53b2e360debb154497e8f00.ctex
Completed load for: 'res://assets/building/textures/T_ai_materials_plant_rough.png' remapped 'res://assets/building/textures/T_ai_materials_plant_rough.png' at thread -1
Loading resource: res://assets/building/textures/T_ai_materials_plant_normal.png remapped: res://assets/building/textures/T_ai_materials_plant_normal.png
Loading resource: res://.godot/imported/T_ai_materials_plant_normal.png-4b9eadf819621067f91b3aa4df0e008f.ctex remapped: res://.godot/imported/T_ai_materials_plant_normal.png-4b9eadf819621067f91b3aa4df0e008f.ctex
Completed load for: 'res://assets/building/textures/T_ai_materials_plant_normal.png' remapped 'res://assets/building/textures/T_ai_materials_plant_normal.png' at thread -1
Loading resource: res://assets/building/textures/T_ai_materials_soil_albedo.png remapped: res://assets/building/textures/T_ai_materials_soil_albedo.png
Loading resource: res://.godot/imported/T_ai_materials_soil_albedo.png-4cd983463740fa6a06456865efa2b60c.ctex remapped: res://.godot/imported/T_ai_materials_soil_albedo.png-4cd983463740fa6a06456865efa2b60c.ctex
Completed load for: 'res://assets/building/textures/T_ai_materials_soil_albedo.png' remapped 'res://assets/building/textures/T_ai_materials_soil_albedo.png' at thread -1
Loading resource: res://assets/building/textures/T_ai_materials_soil_rough.png remapped: res://assets/building/textures/T_ai_materials_soil_rough.png
Loading resource: res://.godot/imported/T_ai_materials_soil_rough.png-96355c607814964c9eb694cd669746bf.ctex remapped: res://.godot/imported/T_ai_materials_soil_rough.png-96355c607814964c9eb694cd669746bf.ctex
Completed load for: 'res://assets/building/textures/T_ai_materials_soil_rough.png' remapped 'res://assets/building/textures/T_ai_materials_soil_rough.png' at thread -1
Loading resource: res://assets/building/textures/T_ai_materials_soil_normal.png remapped: res://assets/building/textures/T_ai_materials_soil_normal.png
Loading resource: res://.godot/imported/T_ai_materials_soil_normal.png-0efcc3621f323ed80b4c9ff95b44b508.ctex remapped: res://.godot/imported/T_ai_materials_soil_normal.png-0efcc3621f323ed80b4c9ff95b44b508.ctex
Completed load for: 'res://assets/building/textures/T_ai_materials_soil_normal.png' remapped 'res://assets/building/textures/T_ai_materials_soil_normal.png' at thread -1
Loading resource: res://assets/building/textures/T_ai_materials_soot_worn_soot_albedo.png remapped: res://assets/building/textures/T_ai_materials_soot_worn_soot_albedo.png
Loading resource: res://.godot/imported/T_ai_materials_soot_worn_soot_albedo.png-e4a5924385b9e7a0e69affd4b6ff667c.ctex remapped: res://.godot/imported/T_ai_materials_soot_worn_soot_albedo.png-e4a5924385b9e7a0e69affd4b6ff667c.ctex
Completed load for: 'res://assets/building/textures/T_ai_materials_soot_worn_soot_albedo.png' remapped 'res://assets/building/textures/T_ai_materials_soot_worn_soot_albedo.png' at thread -1
Loading resource: res://assets/building/textures/T_ai_materials_soot_worn_soot_rough.png remapped: res://assets/building/textures/T_ai_materials_soot_worn_soot_rough.png
Loading resource: res://.godot/imported/T_ai_materials_soot_worn_soot_rough.png-d0f0b537724fc4c0b22d04bb08056193.ctex remapped: res://.godot/imported/T_ai_materials_soot_worn_soot_rough.png-d0f0b537724fc4c0b22d04bb08056193.ctex
Completed load for: 'res://assets/building/textures/T_ai_materials_soot_worn_soot_rough.png' remapped 'res://assets/building/textures/T_ai_materials_soot_worn_soot_rough.png' at thread -1
Loading resource: res://assets/building/textures/T_ai_materials_soot_normal.png remapped: res://assets/building/textures/T_ai_materials_soot_normal.png
Loading resource: res://.godot/imported/T_ai_materials_soot_normal.png-7fe43d97ecb5c52915f6ce58f6a9d294.ctex remapped: res://.godot/imported/T_ai_materials_soot_normal.png-7fe43d97ecb5c52915f6ce58f6a9d294.ctex
Completed load for: 'res://assets/building/textures/T_ai_materials_soot_normal.png' remapped 'res://assets/building/textures/T_ai_materials_soot_normal.png' at thread -1
Loading resource: res://assets/building/textures/T_ai_materials_terracotta_albedo.png remapped: res://assets/building/textures/T_ai_materials_terracotta_albedo.png
Loading resource: res://.godot/imported/T_ai_materials_terracotta_albedo.png-04518ee4fac744fb1358f16817986b4b.ctex remapped: res://.godot/imported/T_ai_materials_terracotta_albedo.png-04518ee4fac744fb1358f16817986b4b.ctex
Completed load for: 'res://assets/building/textures/T_ai_materials_terracotta_albedo.png' remapped 'res://assets/building/textures/T_ai_materials_terracotta_albedo.png' at thread -1
Loading resource: res://assets/building/textures/T_ai_materials_terracotta_rough.png remapped: res://assets/building/textures/T_ai_materials_terracotta_rough.png
Loading resource: res://.godot/imported/T_ai_materials_terracotta_rough.png-02609b7e41b0dbed966ab3a59b65ca21.ctex remapped: res://.godot/imported/T_ai_materials_terracotta_rough.png-02609b7e41b0dbed966ab3a59b65ca21.ctex
Completed load for: 'res://assets/building/textures/T_ai_materials_terracotta_rough.png' remapped 'res://assets/building/textures/T_ai_materials_terracotta_rough.png' at thread -1
Loading resource: res://assets/building/textures/T_ai_materials_terracotta_normal.png remapped: res://assets/building/textures/T_ai_materials_terracotta_normal.png
Loading resource: res://.godot/imported/T_ai_materials_terracotta_normal.png-5f92527d18700c7e43938b48c8e28e8c.ctex remapped: res://.godot/imported/T_ai_materials_terracotta_normal.png-5f92527d18700c7e43938b48c8e28e8c.ctex
Completed load for: 'res://assets/building/textures/T_ai_materials_terracotta_normal.png' remapped 'res://assets/building/textures/T_ai_materials_terracotta_normal.png' at thread -1
Loading resource: res://assets/building/textures/T_ai_materials_timber_albedo.png remapped: res://assets/building/textures/T_ai_materials_timber_albedo.png
Loading resource: res://.godot/imported/T_ai_materials_timber_albedo.png-56e7f209cfea2060a409086859dda101.ctex remapped: res://.godot/imported/T_ai_materials_timber_albedo.png-56e7f209cfea2060a409086859dda101.ctex
Completed load for: 'res://assets/building/textures/T_ai_materials_timber_albedo.png' remapped 'res://assets/building/textures/T_ai_materials_timber_albedo.png' at thread -1
Loading resource: res://assets/building/textures/T_ai_materials_timber_rough.png remapped: res://assets/building/textures/T_ai_materials_timber_rough.png
Loading resource: res://.godot/imported/T_ai_materials_timber_rough.png-f438418a34efc2fed2ae0f8c1d439888.ctex remapped: res://.godot/imported/T_ai_materials_timber_rough.png-f438418a34efc2fed2ae0f8c1d439888.ctex
Completed load for: 'res://assets/building/textures/T_ai_materials_timber_rough.png' remapped 'res://assets/building/textures/T_ai_materials_timber_rough.png' at thread -1
Loading resource: res://assets/building/textures/T_ai_materials_timber_normal.png remapped: res://assets/building/textures/T_ai_materials_timber_normal.png
Loading resource: res://.godot/imported/T_ai_materials_timber_normal.png-f4b08debd8ace7147978364896842e97.ctex remapped: res://.godot/imported/T_ai_materials_timber_normal.png-f4b08debd8ace7147978364896842e97.ctex
Completed load for: 'res://assets/building/textures/T_ai_materials_timber_normal.png' remapped 'res://assets/building/textures/T_ai_materials_timber_normal.png' at thread -1
Loading resource: res://assets/building/textures/T_ai_materials_wood_dark_albedo.png remapped: res://assets/building/textures/T_ai_materials_wood_dark_albedo.png
Loading resource: res://.godot/imported/T_ai_materials_wood_dark_albedo.png-559e1718da9b470732246c84fc493a0f.ctex remapped: res://.godot/imported/T_ai_materials_wood_dark_albedo.png-559e1718da9b470732246c84fc493a0f.ctex
Completed load for: 'res://assets/building/textures/T_ai_materials_wood_dark_albedo.png' remapped 'res://assets/building/textures/T_ai_materials_wood_dark_albedo.png' at thread -1
Loading resource: res://assets/building/textures/T_ai_materials_wood_dark_rough.png remapped: res://assets/building/textures/T_ai_materials_wood_dark_rough.png
Loading resource: res://.godot/imported/T_ai_materials_wood_dark_rough.png-ef69a9b6e38bf2a45dc86689d3eca997.ctex remapped: res://.godot/imported/T_ai_materials_wood_dark_rough.png-ef69a9b6e38bf2a45dc86689d3eca997.ctex
Completed load for: 'res://assets/building/textures/T_ai_materials_wood_dark_rough.png' remapped 'res://assets/building/textures/T_ai_materials_wood_dark_rough.png' at thread -1
Loading resource: res://assets/building/textures/T_ai_materials_wood_dark_normal.png remapped: res://assets/building/textures/T_ai_materials_wood_dark_normal.png
Loading resource: res://.godot/imported/T_ai_materials_wood_dark_normal.png-6405e12f172c5f64e0cefde71f19e3fe.ctex remapped: res://.godot/imported/T_ai_materials_wood_dark_normal.png-6405e12f172c5f64e0cefde71f19e3fe.ctex
Completed load for: 'res://assets/building/textures/T_ai_materials_wood_dark_normal.png' remapped 'res://assets/building/textures/T_ai_materials_wood_dark_normal.png' at thread -1
Loading resource: res://assets/building/textures/T_ai_materials_common_brick_albedo.png remapped: res://assets/building/textures/T_ai_materials_common_brick_albedo.png
Loading resource: res://.godot/imported/T_ai_materials_common_brick_albedo.png-33ca8c618a97fb422b16965276bdd7c9.ctex remapped: res://.godot/imported/T_ai_materials_common_brick_albedo.png-33ca8c618a97fb422b16965276bdd7c9.ctex
Completed load for: 'res://assets/building/textures/T_ai_materials_common_brick_albedo.png' remapped 'res://assets/building/textures/T_ai_materials_common_brick_albedo.png' at thread -1
Loading resource: res://assets/building/textures/T_ai_materials_common_brick_rough.png remapped: res://assets/building/textures/T_ai_materials_common_brick_rough.png
Loading resource: res://.godot/imported/T_ai_materials_common_brick_rough.png-82d248157c70e9ad41801c2e0f8ae1e0.ctex remapped: res://.godot/imported/T_ai_materials_common_brick_rough.png-82d248157c70e9ad41801c2e0f8ae1e0.ctex
Completed load for: 'res://assets/building/textures/T_ai_materials_common_brick_rough.png' remapped 'res://assets/building/textures/T_ai_materials_common_brick_rough.png' at thread -1
Loading resource: res://assets/building/textures/T_ai_materials_common_brick_normal.png remapped: res://assets/building/textures/T_ai_materials_common_brick_normal.png
Loading resource: res://.godot/imported/T_ai_materials_common_brick_normal.png-e8e290f414127ae8108b0cc88f923889.ctex remapped: res://.godot/imported/T_ai_materials_common_brick_normal.png-e8e290f414127ae8108b0cc88f923889.ctex
Completed load for: 'res://assets/building/textures/T_ai_materials_common_brick_normal.png' remapped 'res://assets/building/textures/T_ai_materials_common_brick_normal.png' at thread -1
Loading resource: res://assets/building/textures/T_ai_materials_fabric_cool_albedo.png remapped: res://assets/building/textures/T_ai_materials_fabric_cool_albedo.png
Loading resource: res://.godot/imported/T_ai_materials_fabric_cool_albedo.png-9c83c852cae0f158b98b62d02158cb6a.ctex remapped: res://.godot/imported/T_ai_materials_fabric_cool_albedo.png-9c83c852cae0f158b98b62d02158cb6a.ctex
Completed load for: 'res://assets/building/textures/T_ai_materials_fabric_cool_albedo.png' remapped 'res://assets/building/textures/T_ai_materials_fabric_cool_albedo.png' at thread -1
Loading resource: res://assets/building/textures/T_ai_materials_fabric_cool_rough.png remapped: res://assets/building/textures/T_ai_materials_fabric_cool_rough.png
Loading resource: res://.godot/imported/T_ai_materials_fabric_cool_rough.png-6311788d71b166114ba64d17288494cb.ctex remapped: res://.godot/imported/T_ai_materials_fabric_cool_rough.png-6311788d71b166114ba64d17288494cb.ctex
Completed load for: 'res://assets/building/textures/T_ai_materials_fabric_cool_rough.png' remapped 'res://assets/building/textures/T_ai_materials_fabric_cool_rough.png' at thread -1
Loading resource: res://assets/building/textures/T_ai_materials_fabric_cool_normal.png remapped: res://assets/building/textures/T_ai_materials_fabric_cool_normal.png
Loading resource: res://.godot/imported/T_ai_materials_fabric_cool_normal.png-1e53346d8737bccef95da8c8acf4b542.ctex remapped: res://.godot/imported/T_ai_materials_fabric_cool_normal.png-1e53346d8737bccef95da8c8acf4b542.ctex
Completed load for: 'res://assets/building/textures/T_ai_materials_fabric_cool_normal.png' remapped 'res://assets/building/textures/T_ai_materials_fabric_cool_normal.png' at thread -1
Loading resource: res://assets/building/textures/T_ai_materials_fabric_green_albedo.png remapped: res://assets/building/textures/T_ai_materials_fabric_green_albedo.png
Loading resource: res://.godot/imported/T_ai_materials_fabric_green_albedo.png-db442a68982f500d197937d9dccf3e59.ctex remapped: res://.godot/imported/T_ai_materials_fabric_green_albedo.png-db442a68982f500d197937d9dccf3e59.ctex
Completed load for: 'res://assets/building/textures/T_ai_materials_fabric_green_albedo.png' remapped 'res://assets/building/textures/T_ai_materials_fabric_green_albedo.png' at thread -1
Loading resource: res://assets/building/textures/T_ai_materials_fabric_green_rough.png remapped: res://assets/building/textures/T_ai_materials_fabric_green_rough.png
Loading resource: res://.godot/imported/T_ai_materials_fabric_green_rough.png-8c00fc627f50db18f6d70f9c5d2e0120.ctex remapped: res://.godot/imported/T_ai_materials_fabric_green_rough.png-8c00fc627f50db18f6d70f9c5d2e0120.ctex
Completed load for: 'res://assets/building/textures/T_ai_materials_fabric_green_rough.png' remapped 'res://assets/building/textures/T_ai_materials_fabric_green_rough.png' at thread -1
Loading resource: res://assets/building/textures/T_ai_materials_fabric_green_normal.png remapped: res://assets/building/textures/T_ai_materials_fabric_green_normal.png
Loading resource: res://.godot/imported/T_ai_materials_fabric_green_normal.png-fe1f9057c81c7ff10d67a0ac89da824d.ctex remapped: res://.godot/imported/T_ai_materials_fabric_green_normal.png-fe1f9057c81c7ff10d67a0ac89da824d.ctex
Completed load for: 'res://assets/building/textures/T_ai_materials_fabric_green_normal.png' remapped 'res://assets/building/textures/T_ai_materials_fabric_green_normal.png' at thread -1
Loading resource: res://assets/building/textures/T_ai_materials_fabric_warm_albedo.png remapped: res://assets/building/textures/T_ai_materials_fabric_warm_albedo.png
Loading resource: res://.godot/imported/T_ai_materials_fabric_warm_albedo.png-e741405047fa9d54d87d748909dd3d3d.ctex remapped: res://.godot/imported/T_ai_materials_fabric_warm_albedo.png-e741405047fa9d54d87d748909dd3d3d.ctex
Completed load for: 'res://assets/building/textures/T_ai_materials_fabric_warm_albedo.png' remapped 'res://assets/building/textures/T_ai_materials_fabric_warm_albedo.png' at thread -1
Loading resource: res://assets/building/textures/T_ai_materials_fabric_warm_rough.png remapped: res://assets/building/textures/T_ai_materials_fabric_warm_rough.png
Loading resource: res://.godot/imported/T_ai_materials_fabric_warm_rough.png-5e311b029449831d5317757733cc1f6a.ctex remapped: res://.godot/imported/T_ai_materials_fabric_warm_rough.png-5e311b029449831d5317757733cc1f6a.ctex
Completed load for: 'res://assets/building/textures/T_ai_materials_fabric_warm_rough.png' remapped 'res://assets/building/textures/T_ai_materials_fabric_warm_rough.png' at thread -1
Loading resource: res://assets/building/textures/T_ai_materials_fabric_warm_normal.png remapped: res://assets/building/textures/T_ai_materials_fabric_warm_normal.png
Loading resource: res://.godot/imported/T_ai_materials_fabric_warm_normal.png-56ab00f391fc04ec35b8185348ca9468.ctex remapped: res://.godot/imported/T_ai_materials_fabric_warm_normal.png-56ab00f391fc04ec35b8185348ca9468.ctex
Completed load for: 'res://assets/building/textures/T_ai_materials_fabric_warm_normal.png' remapped 'res://assets/building/textures/T_ai_materials_fabric_warm_normal.png' at thread -1
Loading resource: res://assets/building/textures/T_ai_materials_indicator_enamel_albedo.png remapped: res://assets/building/textures/T_ai_materials_indicator_enamel_albedo.png
Loading resource: res://.godot/imported/T_ai_materials_indicator_enamel_albedo.png-40900fe57bfb2590b507fecbe427ec4e.ctex remapped: res://.godot/imported/T_ai_materials_indicator_enamel_albedo.png-40900fe57bfb2590b507fecbe427ec4e.ctex
Completed load for: 'res://assets/building/textures/T_ai_materials_indicator_enamel_albedo.png' remapped 'res://assets/building/textures/T_ai_materials_indicator_enamel_albedo.png' at thread -1
Loading resource: res://assets/building/textures/T_ai_materials_indicator_enamel_rough.png remapped: res://assets/building/textures/T_ai_materials_indicator_enamel_rough.png
Loading resource: res://.godot/imported/T_ai_materials_indicator_enamel_rough.png-7af5ab0518475e7fe6b57661c8df9479.ctex remapped: res://.godot/imported/T_ai_materials_indicator_enamel_rough.png-7af5ab0518475e7fe6b57661c8df9479.ctex
Completed load for: 'res://assets/building/textures/T_ai_materials_indicator_enamel_rough.png' remapped 'res://assets/building/textures/T_ai_materials_indicator_enamel_rough.png' at thread -1
Loading resource: res://assets/building/textures/T_ai_materials_indicator_enamel_normal.png remapped: res://assets/building/textures/T_ai_materials_indicator_enamel_normal.png
Loading resource: res://.godot/imported/T_ai_materials_indicator_enamel_normal.png-6ef0fd147fe1d0bcbf5b046d278689fb.ctex remapped: res://.godot/imported/T_ai_materials_indicator_enamel_normal.png-6ef0fd147fe1d0bcbf5b046d278689fb.ctex
Completed load for: 'res://assets/building/textures/T_ai_materials_indicator_enamel_normal.png' remapped 'res://assets/building/textures/T_ai_materials_indicator_enamel_normal.png' at thread -1
Loading resource: res://assets/building/textures/T_ai_materials_linen_albedo.png remapped: res://assets/building/textures/T_ai_materials_linen_albedo.png
Loading resource: res://.godot/imported/T_ai_materials_linen_albedo.png-ef78161e5c63592b9688da3c0654a5fa.ctex remapped: res://.godot/imported/T_ai_materials_linen_albedo.png-ef78161e5c63592b9688da3c0654a5fa.ctex
Completed load for: 'res://assets/building/textures/T_ai_materials_linen_albedo.png' remapped 'res://assets/building/textures/T_ai_materials_linen_albedo.png' at thread -1
Loading resource: res://assets/building/textures/T_ai_materials_linen_rough.png remapped: res://assets/building/textures/T_ai_materials_linen_rough.png
Loading resource: res://.godot/imported/T_ai_materials_linen_rough.png-92b66dd260d3031bfe3e57dae5c2b567.ctex remapped: res://.godot/imported/T_ai_materials_linen_rough.png-92b66dd260d3031bfe3e57dae5c2b567.ctex
Completed load for: 'res://assets/building/textures/T_ai_materials_linen_rough.png' remapped 'res://assets/building/textures/T_ai_materials_linen_rough.png' at thread -1
Loading resource: res://assets/building/textures/T_ai_materials_linen_normal.png remapped: res://assets/building/textures/T_ai_materials_linen_normal.png
Loading resource: res://.godot/imported/T_ai_materials_linen_normal.png-4f32699869088a6403ef585c601a5bab.ctex remapped: res://.godot/imported/T_ai_materials_linen_normal.png-4f32699869088a6403ef585c601a5bab.ctex
Completed load for: 'res://assets/building/textures/T_ai_materials_linen_normal.png' remapped 'res://assets/building/textures/T_ai_materials_linen_normal.png' at thread -1
Loading resource: res://assets/building/textures/T_ai_materials_paper_albedo.png remapped: res://assets/building/textures/T_ai_materials_paper_albedo.png
Loading resource: res://.godot/imported/T_ai_materials_paper_albedo.png-2018f1fb5f4777b6dfcb12b190c31496.ctex remapped: res://.godot/imported/T_ai_materials_paper_albedo.png-2018f1fb5f4777b6dfcb12b190c31496.ctex
Completed load for: 'res://assets/building/textures/T_ai_materials_paper_albedo.png' remapped 'res://assets/building/textures/T_ai_materials_paper_albedo.png' at thread -1
Loading resource: res://assets/building/textures/T_ai_materials_paper_rough.png remapped: res://assets/building/textures/T_ai_materials_paper_rough.png
Loading resource: res://.godot/imported/T_ai_materials_paper_rough.png-80fa9a391d5a2869a0902daf12c95ab4.ctex remapped: res://.godot/imported/T_ai_materials_paper_rough.png-80fa9a391d5a2869a0902daf12c95ab4.ctex
Completed load for: 'res://assets/building/textures/T_ai_materials_paper_rough.png' remapped 'res://assets/building/textures/T_ai_materials_paper_rough.png' at thread -1
Loading resource: res://assets/building/textures/T_ai_materials_paper_normal.png remapped: res://assets/building/textures/T_ai_materials_paper_normal.png
Loading resource: res://.godot/imported/T_ai_materials_paper_normal.png-87371a989f3ade08189c1828a6dba845.ctex remapped: res://.godot/imported/T_ai_materials_paper_normal.png-87371a989f3ade08189c1828a6dba845.ctex
Completed load for: 'res://assets/building/textures/T_ai_materials_paper_normal.png' remapped 'res://assets/building/textures/T_ai_materials_paper_normal.png' at thread -1
Loading resource: res://assets/building/textures/T_ai_materials_rug_warm_albedo.png remapped: res://assets/building/textures/T_ai_materials_rug_warm_albedo.png
Loading resource: res://.godot/imported/T_ai_materials_rug_warm_albedo.png-a90feab415d160cfac66aad721cfac86.ctex remapped: res://.godot/imported/T_ai_materials_rug_warm_albedo.png-a90feab415d160cfac66aad721cfac86.ctex
Completed load for: 'res://assets/building/textures/T_ai_materials_rug_warm_albedo.png' remapped 'res://assets/building/textures/T_ai_materials_rug_warm_albedo.png' at thread -1
Loading resource: res://assets/building/textures/T_ai_materials_rug_warm_rough.png remapped: res://assets/building/textures/T_ai_materials_rug_warm_rough.png
Loading resource: res://.godot/imported/T_ai_materials_rug_warm_rough.png-28567541040c93d8cc7fb2123c6d4645.ctex remapped: res://.godot/imported/T_ai_materials_rug_warm_rough.png-28567541040c93d8cc7fb2123c6d4645.ctex
Completed load for: 'res://assets/building/textures/T_ai_materials_rug_warm_rough.png' remapped 'res://assets/building/textures/T_ai_materials_rug_warm_rough.png' at thread -1
Loading resource: res://assets/building/textures/T_ai_materials_rug_warm_normal.png remapped: res://assets/building/textures/T_ai_materials_rug_warm_normal.png
Loading resource: res://.godot/imported/T_ai_materials_rug_warm_normal.png-b89f52f32c6bb2b8d22a4cf30f56d78a.ctex remapped: res://.godot/imported/T_ai_materials_rug_warm_normal.png-b89f52f32c6bb2b8d22a4cf30f56d78a.ctex
Completed load for: 'res://assets/building/textures/T_ai_materials_rug_warm_normal.png' remapped 'res://assets/building/textures/T_ai_materials_rug_warm_normal.png' at thread -1
Loading resource: res://assets/building/textures/T_ai_materials_safety_orange_albedo.png remapped: res://assets/building/textures/T_ai_materials_safety_orange_albedo.png
Loading resource: res://.godot/imported/T_ai_materials_safety_orange_albedo.png-e7df90816e1c5bd72d688679f1910063.ctex remapped: res://.godot/imported/T_ai_materials_safety_orange_albedo.png-e7df90816e1c5bd72d688679f1910063.ctex
Completed load for: 'res://assets/building/textures/T_ai_materials_safety_orange_albedo.png' remapped 'res://assets/building/textures/T_ai_materials_safety_orange_albedo.png' at thread -1
Loading resource: res://assets/building/textures/T_ai_materials_safety_orange_rough.png remapped: res://assets/building/textures/T_ai_materials_safety_orange_rough.png
Loading resource: res://.godot/imported/T_ai_materials_safety_orange_rough.png-0faa088749a496596b524ecf8a0ebf8c.ctex remapped: res://.godot/imported/T_ai_materials_safety_orange_rough.png-0faa088749a496596b524ecf8a0ebf8c.ctex
Completed load for: 'res://assets/building/textures/T_ai_materials_safety_orange_rough.png' remapped 'res://assets/building/textures/T_ai_materials_safety_orange_rough.png' at thread -1
Loading resource: res://assets/building/textures/T_ai_materials_safety_orange_normal.png remapped: res://assets/building/textures/T_ai_materials_safety_orange_normal.png
Loading resource: res://.godot/imported/T_ai_materials_safety_orange_normal.png-c7c6f36a438a9b1eb45bf83476b0e1e8.ctex remapped: res://.godot/imported/T_ai_materials_safety_orange_normal.png-c7c6f36a438a9b1eb45bf83476b0e1e8.ctex
Completed load for: 'res://assets/building/textures/T_ai_materials_safety_orange_normal.png' remapped 'res://assets/building/textures/T_ai_materials_safety_orange_normal.png' at thread -1
Loading resource: res://assets/building/textures/T_ai_materials_trim_albedo.png remapped: res://assets/building/textures/T_ai_materials_trim_albedo.png
Loading resource: res://.godot/imported/T_ai_materials_trim_albedo.png-a24250c3154331a6d48ff3654b64c0aa.ctex remapped: res://.godot/imported/T_ai_materials_trim_albedo.png-a24250c3154331a6d48ff3654b64c0aa.ctex
Completed load for: 'res://assets/building/textures/T_ai_materials_trim_albedo.png' remapped 'res://assets/building/textures/T_ai_materials_trim_albedo.png' at thread -1
Loading resource: res://assets/building/textures/T_ai_materials_trim_rough.png remapped: res://assets/building/textures/T_ai_materials_trim_rough.png
Loading resource: res://.godot/imported/T_ai_materials_trim_rough.png-969f0669dd2603ac0877a6771e128f86.ctex remapped: res://.godot/imported/T_ai_materials_trim_rough.png-969f0669dd2603ac0877a6771e128f86.ctex
Completed load for: 'res://assets/building/textures/T_ai_materials_trim_rough.png' remapped 'res://assets/building/textures/T_ai_materials_trim_rough.png' at thread -1
Loading resource: res://assets/building/textures/T_ai_materials_trim_normal.png remapped: res://assets/building/textures/T_ai_materials_trim_normal.png
Loading resource: res://.godot/imported/T_ai_materials_trim_normal.png-51a394f9fa0388826ede52026b6faf4b.ctex remapped: res://.godot/imported/T_ai_materials_trim_normal.png-51a394f9fa0388826ede52026b6faf4b.ctex
Completed load for: 'res://assets/building/textures/T_ai_materials_trim_normal.png' remapped 'res://assets/building/textures/T_ai_materials_trim_normal.png' at thread -1
Loading resource: res://assets/building/textures/T_fx_fx_ao.png remapped: res://assets/building/textures/T_fx_fx_ao.png
Loading resource: res://.godot/imported/T_fx_fx_ao.png-35d4e991c43f086b8da6eaaf6114b9ca.ctex remapped: res://.godot/imported/T_fx_fx_ao.png-35d4e991c43f086b8da6eaaf6114b9ca.ctex
Completed load for: 'res://assets/building/textures/T_fx_fx_ao.png' remapped 'res://assets/building/textures/T_fx_fx_ao.png' at thread -1
Loading resource: res://assets/building/textures/T_generated_sash_albedo.png remapped: res://assets/building/textures/T_generated_sash_albedo.png
Loading resource: res://.godot/imported/T_generated_sash_albedo.png-0aac49fb6b2510a70402b9352c719763.ctex remapped: res://.godot/imported/T_generated_sash_albedo.png-0aac49fb6b2510a70402b9352c719763.ctex
Completed load for: 'res://assets/building/textures/T_generated_sash_albedo.png' remapped 'res://assets/building/textures/T_generated_sash_albedo.png' at thread -1
Loading resource: res://assets/building/textures/T_generated_sash_rough.png remapped: res://assets/building/textures/T_generated_sash_rough.png
Loading resource: res://.godot/imported/T_generated_sash_rough.png-0671c2e214af1b22c92f0613551ca51e.ctex remapped: res://.godot/imported/T_generated_sash_rough.png-0671c2e214af1b22c92f0613551ca51e.ctex
Completed load for: 'res://assets/building/textures/T_generated_sash_rough.png' remapped 'res://assets/building/textures/T_generated_sash_rough.png' at thread -1
Loading resource: res://assets/building/textures/T_generated_sash_normal.png remapped: res://assets/building/textures/T_generated_sash_normal.png
Loading resource: res://.godot/imported/T_generated_sash_normal.png-c6f91f2ef87d2cf117bb554180faf649.ctex remapped: res://.godot/imported/T_generated_sash_normal.png-c6f91f2ef87d2cf117bb554180faf649.ctex
Completed load for: 'res://assets/building/textures/T_generated_sash_normal.png' remapped 'res://assets/building/textures/T_generated_sash_normal.png' at thread -1
Loading resource: res://assets/building/textures/T_ai_materials_slab_albedo.png remapped: res://assets/building/textures/T_ai_materials_slab_albedo.png
Loading resource: res://.godot/imported/T_ai_materials_slab_albedo.png-d234a863408a601305f53f9284c4ceda.ctex remapped: res://.godot/imported/T_ai_materials_slab_albedo.png-d234a863408a601305f53f9284c4ceda.ctex
Completed load for: 'res://assets/building/textures/T_ai_materials_slab_albedo.png' remapped 'res://assets/building/textures/T_ai_materials_slab_albedo.png' at thread -1
Loading resource: res://assets/building/textures/T_ai_materials_slab_rough.png remapped: res://assets/building/textures/T_ai_materials_slab_rough.png
Loading resource: res://.godot/imported/T_ai_materials_slab_rough.png-d05e036b14e8fde99ae4f3fe5fb91e5a.ctex remapped: res://.godot/imported/T_ai_materials_slab_rough.png-d05e036b14e8fde99ae4f3fe5fb91e5a.ctex
Completed load for: 'res://assets/building/textures/T_ai_materials_slab_rough.png' remapped 'res://assets/building/textures/T_ai_materials_slab_rough.png' at thread -1
Loading resource: res://assets/building/textures/T_ai_materials_slab_normal.png remapped: res://assets/building/textures/T_ai_materials_slab_normal.png
Loading resource: res://.godot/imported/T_ai_materials_slab_normal.png-f8da83d24f97616098f6a5a983006462.ctex remapped: res://.godot/imported/T_ai_materials_slab_normal.png-f8da83d24f97616098f6a5a983006462.ctex
Completed load for: 'res://assets/building/textures/T_ai_materials_slab_normal.png' remapped 'res://assets/building/textures/T_ai_materials_slab_normal.png' at thread -1
Loading resource: res://assets/building/textures/T_ai_materials_stair_albedo.png remapped: res://assets/building/textures/T_ai_materials_stair_albedo.png
Loading resource: res://.godot/imported/T_ai_materials_stair_albedo.png-95224de943f56503d212ddbda92954b5.ctex remapped: res://.godot/imported/T_ai_materials_stair_albedo.png-95224de943f56503d212ddbda92954b5.ctex
Completed load for: 'res://assets/building/textures/T_ai_materials_stair_albedo.png' remapped 'res://assets/building/textures/T_ai_materials_stair_albedo.png' at thread -1
Loading resource: res://assets/building/textures/T_ai_materials_stair_rough.png remapped: res://assets/building/textures/T_ai_materials_stair_rough.png
Loading resource: res://.godot/imported/T_ai_materials_stair_rough.png-c1b3d7d85edaac433617c8316921c978.ctex remapped: res://.godot/imported/T_ai_materials_stair_rough.png-c1b3d7d85edaac433617c8316921c978.ctex
Completed load for: 'res://assets/building/textures/T_ai_materials_stair_rough.png' remapped 'res://assets/building/textures/T_ai_materials_stair_rough.png' at thread -1
Loading resource: res://assets/building/textures/T_ai_materials_stair_normal.png remapped: res://assets/building/textures/T_ai_materials_stair_normal.png
Loading resource: res://.godot/imported/T_ai_materials_stair_normal.png-7d94bbf2d0d01e4f352fbf89392b3dc5.ctex remapped: res://.godot/imported/T_ai_materials_stair_normal.png-7d94bbf2d0d01e4f352fbf89392b3dc5.ctex
Completed load for: 'res://assets/building/textures/T_ai_materials_stair_normal.png' remapped 'res://assets/building/textures/T_ai_materials_stair_normal.png' at thread -1
Loading resource: res://assets/building/textures/T_ai_materials_baluster_albedo.png remapped: res://assets/building/textures/T_ai_materials_baluster_albedo.png
Loading resource: res://.godot/imported/T_ai_materials_baluster_albedo.png-ec3944e601fdf74cded927973ee24206.ctex remapped: res://.godot/imported/T_ai_materials_baluster_albedo.png-ec3944e601fdf74cded927973ee24206.ctex
Completed load for: 'res://assets/building/textures/T_ai_materials_baluster_albedo.png' remapped 'res://assets/building/textures/T_ai_materials_baluster_albedo.png' at thread -1
Loading resource: res://assets/building/textures/T_ai_materials_baluster_rough.png remapped: res://assets/building/textures/T_ai_materials_baluster_rough.png
Loading resource: res://.godot/imported/T_ai_materials_baluster_rough.png-c85c86ffb49ece53a6afd3ac486017ed.ctex remapped: res://.godot/imported/T_ai_materials_baluster_rough.png-c85c86ffb49ece53a6afd3ac486017ed.ctex
Completed load for: 'res://assets/building/textures/T_ai_materials_baluster_rough.png' remapped 'res://assets/building/textures/T_ai_materials_baluster_rough.png' at thread -1
Loading resource: res://assets/building/textures/T_ai_materials_baluster_normal.png remapped: res://assets/building/textures/T_ai_materials_baluster_normal.png
Loading resource: res://.godot/imported/T_ai_materials_baluster_normal.png-57bb61b3deb0793639b5680a81c677bd.ctex remapped: res://.godot/imported/T_ai_materials_baluster_normal.png-57bb61b3deb0793639b5680a81c677bd.ctex
Completed load for: 'res://assets/building/textures/T_ai_materials_baluster_normal.png' remapped 'res://assets/building/textures/T_ai_materials_baluster_normal.png' at thread -1
Loading resource: res://assets/building/textures/T_ai_materials_handrail_wood_albedo.png remapped: res://assets/building/textures/T_ai_materials_handrail_wood_albedo.png
Loading resource: res://.godot/imported/T_ai_materials_handrail_wood_albedo.png-bf0c18d54a71c0acc5db0d5717fd36a5.ctex remapped: res://.godot/imported/T_ai_materials_handrail_wood_albedo.png-bf0c18d54a71c0acc5db0d5717fd36a5.ctex
Completed load for: 'res://assets/building/textures/T_ai_materials_handrail_wood_albedo.png' remapped 'res://assets/building/textures/T_ai_materials_handrail_wood_albedo.png' at thread -1
Loading resource: res://assets/building/textures/T_ai_materials_handrail_wood_rough.png remapped: res://assets/building/textures/T_ai_materials_handrail_wood_rough.png
Loading resource: res://.godot/imported/T_ai_materials_handrail_wood_rough.png-9b99ef2be4da200b1784fcf4f437b5ab.ctex remapped: res://.godot/imported/T_ai_materials_handrail_wood_rough.png-9b99ef2be4da200b1784fcf4f437b5ab.ctex
Completed load for: 'res://assets/building/textures/T_ai_materials_handrail_wood_rough.png' remapped 'res://assets/building/textures/T_ai_materials_handrail_wood_rough.png' at thread -1
Loading resource: res://assets/building/textures/T_ai_materials_handrail_wood_normal.png remapped: res://assets/building/textures/T_ai_materials_handrail_wood_normal.png
Loading resource: res://.godot/imported/T_ai_materials_handrail_wood_normal.png-67f4be0b4fef2cf521b914d65dda8ac5.ctex remapped: res://.godot/imported/T_ai_materials_handrail_wood_normal.png-67f4be0b4fef2cf521b914d65dda8ac5.ctex
Completed load for: 'res://assets/building/textures/T_ai_materials_handrail_wood_normal.png' remapped 'res://assets/building/textures/T_ai_materials_handrail_wood_normal.png' at thread -1
Loading resource: res://assets/building/textures/T_fx_fx_ceiling_soffit_failed.png remapped: res://assets/building/textures/T_fx_fx_ceiling_soffit_failed.png
Loading resource: res://.godot/imported/T_fx_fx_ceiling_soffit_failed.png-ecd92569940c0f2d24b73e0dc14b6b0b.ctex remapped: res://.godot/imported/T_fx_fx_ceiling_soffit_failed.png-ecd92569940c0f2d24b73e0dc14b6b0b.ctex
Completed load for: 'res://assets/building/textures/T_fx_fx_ceiling_soffit_failed.png' remapped 'res://assets/building/textures/T_fx_fx_ceiling_soffit_failed.png' at thread -1
Loading resource: res://assets/building/textures/T_fx_fx_ceiling_soffit_failed_rough.png remapped: res://assets/building/textures/T_fx_fx_ceiling_soffit_failed_rough.png
Loading resource: res://.godot/imported/T_fx_fx_ceiling_soffit_failed_rough.png-ada7fa12d9093e95907015229a22b111.ctex remapped: res://.godot/imported/T_fx_fx_ceiling_soffit_failed_rough.png-ada7fa12d9093e95907015229a22b111.ctex
Completed load for: 'res://assets/building/textures/T_fx_fx_ceiling_soffit_failed_rough.png' remapped 'res://assets/building/textures/T_fx_fx_ceiling_soffit_failed_rough.png' at thread -1
Loading resource: res://assets/building/textures/T_fx_fx_ceiling_soffit_failed_normal.png remapped: res://assets/building/textures/T_fx_fx_ceiling_soffit_failed_normal.png
Loading resource: res://.godot/imported/T_fx_fx_ceiling_soffit_failed_normal.png-975be601d686e4f41d7fb0f22ab143d3.ctex remapped: res://.godot/imported/T_fx_fx_ceiling_soffit_failed_normal.png-975be601d686e4f41d7fb0f22ab143d3.ctex
Completed load for: 'res://assets/building/textures/T_fx_fx_ceiling_soffit_failed_normal.png' remapped 'res://assets/building/textures/T_fx_fx_ceiling_soffit_failed_normal.png' at thread -1
Loading resource: res://assets/building/textures/T_ai_materials_stair_treads_albedo.png remapped: res://assets/building/textures/T_ai_materials_stair_treads_albedo.png
Loading resource: res://.godot/imported/T_ai_materials_stair_treads_albedo.png-e06556b04df3ec00d033d57a76c9e5bb.ctex remapped: res://.godot/imported/T_ai_materials_stair_treads_albedo.png-e06556b04df3ec00d033d57a76c9e5bb.ctex
Completed load for: 'res://assets/building/textures/T_ai_materials_stair_treads_albedo.png' remapped 'res://assets/building/textures/T_ai_materials_stair_treads_albedo.png' at thread -1
Loading resource: res://assets/building/textures/T_ai_materials_stair_treads_rough.png remapped: res://assets/building/textures/T_ai_materials_stair_treads_rough.png
Loading resource: res://.godot/imported/T_ai_materials_stair_treads_rough.png-22757c6287ba74d61a70de62407d11ad.ctex remapped: res://.godot/imported/T_ai_materials_stair_treads_rough.png-22757c6287ba74d61a70de62407d11ad.ctex
Completed load for: 'res://assets/building/textures/T_ai_materials_stair_treads_rough.png' remapped 'res://assets/building/textures/T_ai_materials_stair_treads_rough.png' at thread -1
Loading resource: res://assets/building/textures/T_ai_materials_stair_treads_normal.png remapped: res://assets/building/textures/T_ai_materials_stair_treads_normal.png
Loading resource: res://.godot/imported/T_ai_materials_stair_treads_normal.png-2167e8fc6602d0b4dee2bdce5ffa50ab.ctex remapped: res://.godot/imported/T_ai_materials_stair_treads_normal.png-2167e8fc6602d0b4dee2bdce5ffa50ab.ctex
Completed load for: 'res://assets/building/textures/T_ai_materials_stair_treads_normal.png' remapped 'res://assets/building/textures/T_ai_materials_stair_treads_normal.png' at thread -1
Loading resource: res://assets/building/textures/T_ai_materials_limestone_albedo.png remapped: res://assets/building/textures/T_ai_materials_limestone_albedo.png
Loading resource: res://.godot/imported/T_ai_materials_limestone_albedo.png-a6d058e24e9af66f9dc0eb74c2514542.ctex remapped: res://.godot/imported/T_ai_materials_limestone_albedo.png-a6d058e24e9af66f9dc0eb74c2514542.ctex
Completed load for: 'res://assets/building/textures/T_ai_materials_limestone_albedo.png' remapped 'res://assets/building/textures/T_ai_materials_limestone_albedo.png' at thread -1
Loading resource: res://assets/building/textures/T_ai_materials_limestone_rough.png remapped: res://assets/building/textures/T_ai_materials_limestone_rough.png
Loading resource: res://.godot/imported/T_ai_materials_limestone_rough.png-edab4d5cb3b23b056556dce1fcaf39ef.ctex remapped: res://.godot/imported/T_ai_materials_limestone_rough.png-edab4d5cb3b23b056556dce1fcaf39ef.ctex
Completed load for: 'res://assets/building/textures/T_ai_materials_limestone_rough.png' remapped 'res://assets/building/textures/T_ai_materials_limestone_rough.png' at thread -1
Loading resource: res://assets/building/textures/T_ai_materials_limestone_normal.png remapped: res://assets/building/textures/T_ai_materials_limestone_normal.png
Loading resource: res://.godot/imported/T_ai_materials_limestone_normal.png-d3f6f96a87b3876a7631e1bb60ee53f4.ctex remapped: res://.godot/imported/T_ai_materials_limestone_normal.png-d3f6f96a87b3876a7631e1bb60ee53f4.ctex
Completed load for: 'res://assets/building/textures/T_ai_materials_limestone_normal.png' remapped 'res://assets/building/textures/T_ai_materials_limestone_normal.png' at thread -1
Loading resource: res://assets/building/textures/T_ai_materials_wainscot_albedo.png remapped: res://assets/building/textures/T_ai_materials_wainscot_albedo.png
Loading resource: res://.godot/imported/T_ai_materials_wainscot_albedo.png-9ed39962185856def468694c17ac61e5.ctex remapped: res://.godot/imported/T_ai_materials_wainscot_albedo.png-9ed39962185856def468694c17ac61e5.ctex
Completed load for: 'res://assets/building/textures/T_ai_materials_wainscot_albedo.png' remapped 'res://assets/building/textures/T_ai_materials_wainscot_albedo.png' at thread -1
Loading resource: res://assets/building/textures/T_ai_materials_wainscot_rough.png remapped: res://assets/building/textures/T_ai_materials_wainscot_rough.png
Loading resource: res://.godot/imported/T_ai_materials_wainscot_rough.png-6b9f2dec68cb3c4b6fef4a9a50eb8be1.ctex remapped: res://.godot/imported/T_ai_materials_wainscot_rough.png-6b9f2dec68cb3c4b6fef4a9a50eb8be1.ctex
Completed load for: 'res://assets/building/textures/T_ai_materials_wainscot_rough.png' remapped 'res://assets/building/textures/T_ai_materials_wainscot_rough.png' at thread -1
Loading resource: res://assets/building/textures/T_ai_materials_wainscot_normal.png remapped: res://assets/building/textures/T_ai_materials_wainscot_normal.png
Loading resource: res://.godot/imported/T_ai_materials_wainscot_normal.png-282de968ababfd0d14a0e605abd31126.ctex remapped: res://.godot/imported/T_ai_materials_wainscot_normal.png-282de968ababfd0d14a0e605abd31126.ctex
Completed load for: 'res://assets/building/textures/T_ai_materials_wainscot_normal.png' remapped 'res://assets/building/textures/T_ai_materials_wainscot_normal.png' at thread -1
Loading resource: res://assets/building/textures/T_ai_materials_face_brick_albedo.png remapped: res://assets/building/textures/T_ai_materials_face_brick_albedo.png
Loading resource: res://.godot/imported/T_ai_materials_face_brick_albedo.png-9c31549ac838a993598b3116eaf4ef17.ctex remapped: res://.godot/imported/T_ai_materials_face_brick_albedo.png-9c31549ac838a993598b3116eaf4ef17.ctex
Completed load for: 'res://assets/building/textures/T_ai_materials_face_brick_albedo.png' remapped 'res://assets/building/textures/T_ai_materials_face_brick_albedo.png' at thread -1
Loading resource: res://assets/building/textures/T_ai_materials_face_brick_rough.png remapped: res://assets/building/textures/T_ai_materials_face_brick_rough.png
Loading resource: res://.godot/imported/T_ai_materials_face_brick_rough.png-e990847fd92439b410a6b2a30e9ad4df.ctex remapped: res://.godot/imported/T_ai_materials_face_brick_rough.png-e990847fd92439b410a6b2a30e9ad4df.ctex
Completed load for: 'res://assets/building/textures/T_ai_materials_face_brick_rough.png' remapped 'res://assets/building/textures/T_ai_materials_face_brick_rough.png' at thread -1
Loading resource: res://assets/building/textures/T_ai_materials_face_brick_normal.png remapped: res://assets/building/textures/T_ai_materials_face_brick_normal.png
Loading resource: res://.godot/imported/T_ai_materials_face_brick_normal.png-2e6cd4f282375dc4a24d8e5199661e2a.ctex remapped: res://.godot/imported/T_ai_materials_face_brick_normal.png-2e6cd4f282375dc4a24d8e5199661e2a.ctex
Completed load for: 'res://assets/building/textures/T_ai_materials_face_brick_normal.png' remapped 'res://assets/building/textures/T_ai_materials_face_brick_normal.png' at thread -1
Loading resource: res://assets/building/textures/T_fx_fx_drip.png remapped: res://assets/building/textures/T_fx_fx_drip.png
Loading resource: res://.godot/imported/T_fx_fx_drip.png-2d4c898147d0252f148a44600da9cd26.ctex remapped: res://.godot/imported/T_fx_fx_drip.png-2d4c898147d0252f148a44600da9cd26.ctex
Completed load for: 'res://assets/building/textures/T_fx_fx_drip.png' remapped 'res://assets/building/textures/T_fx_fx_drip.png' at thread -1
Loading resource: res://assets/building/textures/T_fx_fx_drip_rough.png remapped: res://assets/building/textures/T_fx_fx_drip_rough.png
Loading resource: res://.godot/imported/T_fx_fx_drip_rough.png-6246a50e66dc9881a06b0bc8815bbe03.ctex remapped: res://.godot/imported/T_fx_fx_drip_rough.png-6246a50e66dc9881a06b0bc8815bbe03.ctex
Completed load for: 'res://assets/building/textures/T_fx_fx_drip_rough.png' remapped 'res://assets/building/textures/T_fx_fx_drip_rough.png' at thread -1
Loading resource: res://assets/building/textures/T_fx_fx_drip_normal.png remapped: res://assets/building/textures/T_fx_fx_drip_normal.png
Loading resource: res://.godot/imported/T_fx_fx_drip_normal.png-68ee5ac260cf88c27d06807cfe112330.ctex remapped: res://.godot/imported/T_fx_fx_drip_normal.png-68ee5ac260cf88c27d06807cfe112330.ctex
Completed load for: 'res://assets/building/textures/T_fx_fx_drip_normal.png' remapped 'res://assets/building/textures/T_fx_fx_drip_normal.png' at thread -1
Loading resource: res://assets/building/textures/T_fx_fx_grease.png remapped: res://assets/building/textures/T_fx_fx_grease.png
Loading resource: res://.godot/imported/T_fx_fx_grease.png-ffbb1a1f7f777ffe21e61263ca7ebaf1.ctex remapped: res://.godot/imported/T_fx_fx_grease.png-ffbb1a1f7f777ffe21e61263ca7ebaf1.ctex
Completed load for: 'res://assets/building/textures/T_fx_fx_grease.png' remapped 'res://assets/building/textures/T_fx_fx_grease.png' at thread -1
Loading resource: res://assets/building/textures/T_fx_fx_grease_rough.png remapped: res://assets/building/textures/T_fx_fx_grease_rough.png
Loading resource: res://.godot/imported/T_fx_fx_grease_rough.png-0ca82726716d710de812b48b71739b44.ctex remapped: res://.godot/imported/T_fx_fx_grease_rough.png-0ca82726716d710de812b48b71739b44.ctex
Completed load for: 'res://assets/building/textures/T_fx_fx_grease_rough.png' remapped 'res://assets/building/textures/T_fx_fx_grease_rough.png' at thread -1
Loading resource: res://assets/building/textures/T_fx_fx_grease_normal.png remapped: res://assets/building/textures/T_fx_fx_grease_normal.png
Loading resource: res://.godot/imported/T_fx_fx_grease_normal.png-7918b42fef2ad3aab76bc77f4e266fe0.ctex remapped: res://.godot/imported/T_fx_fx_grease_normal.png-7918b42fef2ad3aab76bc77f4e266fe0.ctex
Completed load for: 'res://assets/building/textures/T_fx_fx_grease_normal.png' remapped 'res://assets/building/textures/T_fx_fx_grease_normal.png' at thread -1
Loading resource: res://assets/building/textures/T_fx_fx_scuff.png remapped: res://assets/building/textures/T_fx_fx_scuff.png
Loading resource: res://.godot/imported/T_fx_fx_scuff.png-3337272242a4cc7b52056e443974dfe6.ctex remapped: res://.godot/imported/T_fx_fx_scuff.png-3337272242a4cc7b52056e443974dfe6.ctex
Completed load for: 'res://assets/building/textures/T_fx_fx_scuff.png' remapped 'res://assets/building/textures/T_fx_fx_scuff.png' at thread -1
Loading resource: res://assets/building/textures/T_fx_fx_scuff_rough.png remapped: res://assets/building/textures/T_fx_fx_scuff_rough.png
Loading resource: res://.godot/imported/T_fx_fx_scuff_rough.png-079ee87ba232e74d19fd8450ffe538eb.ctex remapped: res://.godot/imported/T_fx_fx_scuff_rough.png-079ee87ba232e74d19fd8450ffe538eb.ctex
Completed load for: 'res://assets/building/textures/T_fx_fx_scuff_rough.png' remapped 'res://assets/building/textures/T_fx_fx_scuff_rough.png' at thread -1
Loading resource: res://assets/building/textures/T_fx_fx_scuff_normal.png remapped: res://assets/building/textures/T_fx_fx_scuff_normal.png
Loading resource: res://.godot/imported/T_fx_fx_scuff_normal.png-d9c791ffa61779f8e646a3dd86b104d7.ctex remapped: res://.godot/imported/T_fx_fx_scuff_normal.png-d9c791ffa61779f8e646a3dd86b104d7.ctex
Completed load for: 'res://assets/building/textures/T_fx_fx_scuff_normal.png' remapped 'res://assets/building/textures/T_fx_fx_scuff_normal.png' at thread -1
Shader cache miss for SceneForwardClusteredShaderRD/069fad9662d1c110a7284347f6822a7ae0bb9be399f57215e33231e68a6e4692/8e7daf2608d4995879a00150d733c1a0af95413a
Shader cache miss for SceneForwardClusteredShaderRD/069fad9662d1c110a7284347f6822a7ae0bb9be399f57215e33231e68a6e4692/43d20757257224d97c347ac30eab72c226a378b8
Shader cache miss for SceneForwardClusteredShaderRD/069fad9662d1c110a7284347f6822a7ae0bb9be399f57215e33231e68a6e4692/36a830bb8c1017df7767422038a8a68cf8ca3db3
Shader cache miss for SceneForwardClusteredShaderRD/069fad9662d1c110a7284347f6822a7ae0bb9be399f57215e33231e68a6e4692/a496140de1a54a7fd99443fd4b03919305b2f8ae
Shader cache miss for SceneForwardClusteredShaderRD/069fad9662d1c110a7284347f6822a7ae0bb9be399f57215e33231e68a6e4692/a01bc778a4e2de9eecc0ae2b0dc7cf17d657cfb5
Shader cache miss for SceneForwardClusteredShaderRD/069fad9662d1c110a7284347f6822a7ae0bb9be399f57215e33231e68a6e4692/77e28fea868f1d640cf581ded2e966295b75d2d8
Completed load for: 'res://assets/building/floor_b1.gltf' remapped 'res://assets/building/floor_b1.gltf' at thread -1
Loading resource: res://assets/building/floor_01.gltf remapped: res://assets/building/floor_01.gltf
Loading resource: res://.godot/imported/floor_01.gltf-bf4c33bf9f8385d0a54b5d29fe87eaae.scn remapped: res://.godot/imported/floor_01.gltf-bf4c33bf9f8385d0a54b5d29fe87eaae.scn
Loading resource: res://assets/building/textures/T_ai_materials_plaster_b_albedo.png remapped: res://assets/building/textures/T_ai_materials_plaster_b_albedo.png
Loading resource: res://.godot/imported/T_ai_materials_plaster_b_albedo.png-5cd796aae5392199960f60e584a1e216.ctex remapped: res://.godot/imported/T_ai_materials_plaster_b_albedo.png-5cd796aae5392199960f60e584a1e216.ctex
Completed load for: 'res://assets/building/textures/T_ai_materials_plaster_b_albedo.png' remapped 'res://assets/building/textures/T_ai_materials_plaster_b_albedo.png' at thread -1
Loading resource: res://assets/building/textures/T_ai_materials_plaster_b_rough.png remapped: res://assets/building/textures/T_ai_materials_plaster_b_rough.png
Loading resource: res://.godot/imported/T_ai_materials_plaster_b_rough.png-fb059299c916b283d228708dcc7ac2e0.ctex remapped: res://.godot/imported/T_ai_materials_plaster_b_rough.png-fb059299c916b283d228708dcc7ac2e0.ctex
Completed load for: 'res://assets/building/textures/T_ai_materials_plaster_b_rough.png' remapped 'res://assets/building/textures/T_ai_materials_plaster_b_rough.png' at thread -1
Loading resource: res://assets/building/textures/T_ai_materials_plaster_b_normal.png remapped: res://assets/building/textures/T_ai_materials_plaster_b_normal.png
Loading resource: res://.godot/imported/T_ai_materials_plaster_b_normal.png-b3f2e4bbda3f2644aaa1105afc5e824f.ctex remapped: res://.godot/imported/T_ai_materials_plaster_b_normal.png-b3f2e4bbda3f2644aaa1105afc5e824f.ctex
Completed load for: 'res://assets/building/textures/T_ai_materials_plaster_b_normal.png' remapped 'res://assets/building/textures/T_ai_materials_plaster_b_normal.png' at thread -1
Loading resource: res://assets/building/textures/T_ai_materials_plaster_stained_b_albedo.png remapped: res://assets/building/textures/T_ai_materials_plaster_stained_b_albedo.png
Loading resource: res://.godot/imported/T_ai_materials_plaster_stained_b_albedo.png-1a86e7cd2b4fc2e1b986676bbc9004ad.ctex remapped: res://.godot/imported/T_ai_materials_plaster_stained_b_albedo.png-1a86e7cd2b4fc2e1b986676bbc9004ad.ctex
Completed load for: 'res://assets/building/textures/T_ai_materials_plaster_stained_b_albedo.png' remapped 'res://assets/building/textures/T_ai_materials_plaster_stained_b_albedo.png' at thread -1
Loading resource: res://assets/building/textures/T_ai_materials_plaster_stained_b_rough.png remapped: res://assets/building/textures/T_ai_materials_plaster_stained_b_rough.png
Loading resource: res://.godot/imported/T_ai_materials_plaster_stained_b_rough.png-cac36d2e6506f7b1e4f3c1ddc5a86ab9.ctex remapped: res://.godot/imported/T_ai_materials_plaster_stained_b_rough.png-cac36d2e6506f7b1e4f3c1ddc5a86ab9.ctex
Completed load for: 'res://assets/building/textures/T_ai_materials_plaster_stained_b_rough.png' remapped 'res://assets/building/textures/T_ai_materials_plaster_stained_b_rough.png' at thread -1
Loading resource: res://assets/building/textures/T_ai_materials_plaster_stained_b_normal.png remapped: res://assets/building/textures/T_ai_materials_plaster_stained_b_normal.png
Loading resource: res://.godot/imported/T_ai_materials_plaster_stained_b_normal.png-4bd723c3b934408c53a6d46962e8755c.ctex remapped: res://.godot/imported/T_ai_materials_plaster_stained_b_normal.png-4bd723c3b934408c53a6d46962e8755c.ctex
Completed load for: 'res://assets/building/textures/T_ai_materials_plaster_stained_b_normal.png' remapped 'res://assets/building/textures/T_ai_materials_plaster_stained_b_normal.png' at thread -1
Loading resource: res://assets/building/textures/T_ai_materials_tin_ceiling_b_albedo.png remapped: res://assets/building/textures/T_ai_materials_tin_ceiling_b_albedo.png
Loading resource: res://.godot/imported/T_ai_materials_tin_ceiling_b_albedo.png-d68e2c41d9755309910e47312aae12a2.ctex remapped: res://.godot/imported/T_ai_materials_tin_ceiling_b_albedo.png-d68e2c41d9755309910e47312aae12a2.ctex
Completed load for: 'res://assets/building/textures/T_ai_materials_tin_ceiling_b_albedo.png' remapped 'res://assets/building/textures/T_ai_materials_tin_ceiling_b_albedo.png' at thread -1
Loading resource: res://assets/building/textures/T_ai_materials_tin_ceiling_b_rough.png remapped: res://assets/building/textures/T_ai_materials_tin_ceiling_b_rough.png
Loading resource: res://.godot/imported/T_ai_materials_tin_ceiling_b_rough.png-21fc1cffc663e472813390241899b099.ctex remapped: res://.godot/imported/T_ai_materials_tin_ceiling_b_rough.png-21fc1cffc663e472813390241899b099.ctex
Completed load for: 'res://assets/building/textures/T_ai_materials_tin_ceiling_b_rough.png' remapped 'res://assets/building/textures/T_ai_materials_tin_ceiling_b_rough.png' at thread -1
Loading resource: res://assets/building/textures/T_ai_materials_tin_ceiling_b_normal.png remapped: res://assets/building/textures/T_ai_materials_tin_ceiling_b_normal.png
Loading resource: res://.godot/imported/T_ai_materials_tin_ceiling_b_normal.png-e696b9e982d78e71cbd552c7ea265d1f.ctex remapped: res://.godot/imported/T_ai_materials_tin_ceiling_b_normal.png-e696b9e982d78e71cbd552c7ea265d1f.ctex
Completed load for: 'res://assets/building/textures/T_ai_materials_tin_ceiling_b_normal.png' remapped 'res://assets/building/textures/T_ai_materials_tin_ceiling_b_normal.png' at thread -1
Loading resource: res://assets/building/textures/T_ai_materials_metal_b_albedo.png remapped: res://assets/building/textures/T_ai_materials_metal_b_albedo.png
Loading resource: res://.godot/imported/T_ai_materials_metal_b_albedo.png-e65c80646da0ae9dd075260cc3646fc0.ctex remapped: res://.godot/imported/T_ai_materials_metal_b_albedo.png-e65c80646da0ae9dd075260cc3646fc0.ctex
Completed load for: 'res://assets/building/textures/T_ai_materials_metal_b_albedo.png' remapped 'res://assets/building/textures/T_ai_materials_metal_b_albedo.png' at thread -1
Loading resource: res://assets/building/textures/T_ai_materials_metal_b_rough.png remapped: res://assets/building/textures/T_ai_materials_metal_b_rough.png
Loading resource: res://.godot/imported/T_ai_materials_metal_b_rough.png-611ff6356dfc35ba085075ed024216e5.ctex remapped: res://.godot/imported/T_ai_materials_metal_b_rough.png-611ff6356dfc35ba085075ed024216e5.ctex
Completed load for: 'res://assets/building/textures/T_ai_materials_metal_b_rough.png' remapped 'res://assets/building/textures/T_ai_materials_metal_b_rough.png' at thread -1
Loading resource: res://assets/building/textures/T_ai_materials_metal_b_normal.png remapped: res://assets/building/textures/T_ai_materials_metal_b_normal.png
Loading resource: res://.godot/imported/T_ai_materials_metal_b_normal.png-9c2297cef66d6eb85d20b9ecf3b8c543.ctex remapped: res://.godot/imported/T_ai_materials_metal_b_normal.png-9c2297cef66d6eb85d20b9ecf3b8c543.ctex
Completed load for: 'res://assets/building/textures/T_ai_materials_metal_b_normal.png' remapped 'res://assets/building/textures/T_ai_materials_metal_b_normal.png' at thread -1
Loading resource: res://assets/building/textures/T_wallfinish_f01_w00_albedo.png remapped: res://assets/building/textures/T_wallfinish_f01_w00_albedo.png
Loading resource: res://.godot/imported/T_wallfinish_f01_w00_albedo.png-a7686f84be5d331a3613a679598ca595.ctex remapped: res://.godot/imported/T_wallfinish_f01_w00_albedo.png-a7686f84be5d331a3613a679598ca595.ctex
Completed load for: 'res://assets/building/textures/T_wallfinish_f01_w00_albedo.png' remapped 'res://assets/building/textures/T_wallfinish_f01_w00_albedo.png' at thread -1
Loading resource: res://assets/building/textures/T_wallfinish_f01_w00_roughness.png remapped: res://assets/building/textures/T_wallfinish_f01_w00_roughness.png
Loading resource: res://.godot/imported/T_wallfinish_f01_w00_roughness.png-e0550c259ec1d4e1acb5d5642a0ca06d.ctex remapped: res://.godot/imported/T_wallfinish_f01_w00_roughness.png-e0550c259ec1d4e1acb5d5642a0ca06d.ctex
Completed load for: 'res://assets/building/textures/T_wallfinish_f01_w00_roughness.png' remapped 'res://assets/building/textures/T_wallfinish_f01_w00_roughness.png' at thread -1
Loading resource: res://assets/building/textures/T_wallfinish_f01_w00_normal.png remapped: res://assets/building/textures/T_wallfinish_f01_w00_normal.png
Loading resource: res://.godot/imported/T_wallfinish_f01_w00_normal.png-a8358b7cdcea5162191fd6ecef5cecd8.ctex remapped: res://.godot/imported/T_wallfinish_f01_w00_normal.png-a8358b7cdcea5162191fd6ecef5cecd8.ctex
Completed load for: 'res://assets/building/textures/T_wallfinish_f01_w00_normal.png' remapped 'res://assets/building/textures/T_wallfinish_f01_w00_normal.png' at thread -1
Loading resource: res://assets/building/textures/T_wallfinish_f01_w01_albedo.png remapped: res://assets/building/textures/T_wallfinish_f01_w01_albedo.png
Loading resource: res://.godot/imported/T_wallfinish_f01_w01_albedo.png-1db9ca79160a944be0ecdde471b6b965.ctex remapped: res://.godot/imported/T_wallfinish_f01_w01_albedo.png-1db9ca79160a944be0ecdde471b6b965.ctex
Completed load for: 'res://assets/building/textures/T_wallfinish_f01_w01_albedo.png' remapped 'res://assets/building/textures/T_wallfinish_f01_w01_albedo.png' at thread -1
Loading resource: res://assets/building/textures/T_wallfinish_f01_w01_roughness.png remapped: res://assets/building/textures/T_wallfinish_f01_w01_roughness.png
Loading resource: res://.godot/imported/T_wallfinish_f01_w01_roughness.png-b5a4873b6434fd346a6a2d916cdd5062.ctex remapped: res://.godot/imported/T_wallfinish_f01_w01_roughness.png-b5a4873b6434fd346a6a2d916cdd5062.ctex
Completed load for: 'res://assets/building/textures/T_wallfinish_f01_w01_roughness.png' remapped 'res://assets/building/textures/T_wallfinish_f01_w01_roughness.png' at thread -1
Loading resource: res://assets/building/textures/T_wallfinish_f01_w01_normal.png remapped: res://assets/building/textures/T_wallfinish_f01_w01_normal.png
Loading resource: res://.godot/imported/T_wallfinish_f01_w01_normal.png-71d4fdc5a037214b860e0490830306ae.ctex remapped: res://.godot/imported/T_wallfinish_f01_w01_normal.png-71d4fdc5a037214b860e0490830306ae.ctex
Completed load for: 'res://assets/building/textures/T_wallfinish_f01_w01_normal.png' remapped 'res://assets/building/textures/T_wallfinish_f01_w01_normal.png' at thread -1
Loading resource: res://assets/building/textures/T_wallfinish_f01_w02_albedo.png remapped: res://assets/building/textures/T_wallfinish_f01_w02_albedo.png
Loading resource: res://.godot/imported/T_wallfinish_f01_w02_albedo.png-253456afda6e59427debdf21ac4c9d29.ctex remapped: res://.godot/imported/T_wallfinish_f01_w02_albedo.png-253456afda6e59427debdf21ac4c9d29.ctex
Completed load for: 'res://assets/building/textures/T_wallfinish_f01_w02_albedo.png' remapped 'res://assets/building/textures/T_wallfinish_f01_w02_albedo.png' at thread -1
Loading resource: res://assets/building/textures/T_wallfinish_f01_w02_roughness.png remapped: res://assets/building/textures/T_wallfinish_f01_w02_roughness.png
Loading resource: res://.godot/imported/T_wallfinish_f01_w02_roughness.png-74dd486de7424d31d97a8f889b34a85a.ctex remapped: res://.godot/imported/T_wallfinish_f01_w02_roughness.png-74dd486de7424d31d97a8f889b34a85a.ctex
Completed load for: 'res://assets/building/textures/T_wallfinish_f01_w02_roughness.png' remapped 'res://assets/building/textures/T_wallfinish_f01_w02_roughness.png' at thread -1
Loading resource: res://assets/building/textures/T_wallfinish_f01_w02_normal.png remapped: res://assets/building/textures/T_wallfinish_f01_w02_normal.png
Loading resource: res://.godot/imported/T_wallfinish_f01_w02_normal.png-7df55f70c230d4ca8c0e37f0ddea8645.ctex remapped: res://.godot/imported/T_wallfinish_f01_w02_normal.png-7df55f70c230d4ca8c0e37f0ddea8645.ctex
Completed load for: 'res://assets/building/textures/T_wallfinish_f01_w02_normal.png' remapped 'res://assets/building/textures/T_wallfinish_f01_w02_normal.png' at thread -1
Loading resource: res://assets/building/textures/T_wallfinish_f01_w03_albedo.png remapped: res://assets/building/textures/T_wallfinish_f01_w03_albedo.png
Loading resource: res://.godot/imported/T_wallfinish_f01_w03_albedo.png-8291a8634ad78362637bd9bcfa481eef.ctex remapped: res://.godot/imported/T_wallfinish_f01_w03_albedo.png-8291a8634ad78362637bd9bcfa481eef.ctex
Completed load for: 'res://assets/building/textures/T_wallfinish_f01_w03_albedo.png' remapped 'res://assets/building/textures/T_wallfinish_f01_w03_albedo.png' at thread -1
Loading resource: res://assets/building/textures/T_wallfinish_f01_w03_roughness.png remapped: res://assets/building/textures/T_wallfinish_f01_w03_roughness.png
Loading resource: res://.godot/imported/T_wallfinish_f01_w03_roughness.png-627bce04ab9111598ac44d78463b45af.ctex remapped: res://.godot/imported/T_wallfinish_f01_w03_roughness.png-627bce04ab9111598ac44d78463b45af.ctex
Completed load for: 'res://assets/building/textures/T_wallfinish_f01_w03_roughness.png' remapped 'res://assets/building/textures/T_wallfinish_f01_w03_roughness.png' at thread -1
Loading resource: res://assets/building/textures/T_wallfinish_f01_w03_normal.png remapped: res://assets/building/textures/T_wallfinish_f01_w03_normal.png
Loading resource: res://.godot/imported/T_wallfinish_f01_w03_normal.png-c352908f6404fa82ad486b8cdc6aedaf.ctex remapped: res://.godot/imported/T_wallfinish_f01_w03_normal.png-c352908f6404fa82ad486b8cdc6aedaf.ctex
Completed load for: 'res://assets/building/textures/T_wallfinish_f01_w03_normal.png' remapped 'res://assets/building/textures/T_wallfinish_f01_w03_normal.png' at thread -1
Loading resource: res://assets/building/textures/T_wallfinish_f01_w04_albedo.png remapped: res://assets/building/textures/T_wallfinish_f01_w04_albedo.png
Loading resource: res://.godot/imported/T_wallfinish_f01_w04_albedo.png-69671d651d73f574bea18999b91e237e.ctex remapped: res://.godot/imported/T_wallfinish_f01_w04_albedo.png-69671d651d73f574bea18999b91e237e.ctex
Completed load for: 'res://assets/building/textures/T_wallfinish_f01_w04_albedo.png' remapped 'res://assets/building/textures/T_wallfinish_f01_w04_albedo.png' at thread -1
Loading resource: res://assets/building/textures/T_wallfinish_f01_w04_roughness.png remapped: res://assets/building/textures/T_wallfinish_f01_w04_roughness.png
Loading resource: res://.godot/imported/T_wallfinish_f01_w04_roughness.png-32f97d0cfb05ca6c3e9101b7c61ac62a.ctex remapped: res://.godot/imported/T_wallfinish_f01_w04_roughness.png-32f97d0cfb05ca6c3e9101b7c61ac62a.ctex
Completed load for: 'res://assets/building/textures/T_wallfinish_f01_w04_roughness.png' remapped 'res://assets/building/textures/T_wallfinish_f01_w04_roughness.png' at thread -1
Loading resource: res://assets/building/textures/T_wallfinish_f01_w04_normal.png remapped: res://assets/building/textures/T_wallfinish_f01_w04_normal.png
Loading resource: res://.godot/imported/T_wallfinish_f01_w04_normal.png-eeeaed2f0b9a7060a07cb83e9ceb7f72.ctex remapped: res://.godot/imported/T_wallfinish_f01_w04_normal.png-eeeaed2f0b9a7060a07cb83e9ceb7f72.ctex
Completed load for: 'res://assets/building/textures/T_wallfinish_f01_w04_normal.png' remapped 'res://assets/building/textures/T_wallfinish_f01_w04_normal.png' at thread -1
Loading resource: res://assets/building/textures/T_wallfinish_f01_w05_albedo.png remapped: res://assets/building/textures/T_wallfinish_f01_w05_albedo.png
Loading resource: res://.godot/imported/T_wallfinish_f01_w05_albedo.png-30418bef79ffa6027290d226460f21d5.ctex remapped: res://.godot/imported/T_wallfinish_f01_w05_albedo.png-30418bef79ffa6027290d226460f21d5.ctex
Completed load for: 'res://assets/building/textures/T_wallfinish_f01_w05_albedo.png' remapped 'res://assets/building/textures/T_wallfinish_f01_w05_albedo.png' at thread -1
Loading resource: res://assets/building/textures/T_wallfinish_f01_w05_roughness.png remapped: res://assets/building/textures/T_wallfinish_f01_w05_roughness.png
Loading resource: res://.godot/imported/T_wallfinish_f01_w05_roughness.png-ea7f4c8a6a3572110c1c1b7bfa703485.ctex remapped: res://.godot/imported/T_wallfinish_f01_w05_roughness.png-ea7f4c8a6a3572110c1c1b7bfa703485.ctex
Completed load for: 'res://assets/building/textures/T_wallfinish_f01_w05_roughness.png' remapped 'res://assets/building/textures/T_wallfinish_f01_w05_roughness.png' at thread -1
Loading resource: res://assets/building/textures/T_wallfinish_f01_w05_normal.png remapped: res://assets/building/textures/T_wallfinish_f01_w05_normal.png
Loading resource: res://.godot/imported/T_wallfinish_f01_w05_normal.png-d0aa5a585e01a846683709739d008dd0.ctex remapped: res://.godot/imported/T_wallfinish_f01_w05_normal.png-d0aa5a585e01a846683709739d008dd0.ctex
Completed load for: 'res://assets/building/textures/T_wallfinish_f01_w05_normal.png' remapped 'res://assets/building/textures/T_wallfinish_f01_w05_normal.png' at thread -1
Loading resource: res://assets/building/textures/T_wallfinish_f01_w06_albedo.png remapped: res://assets/building/textures/T_wallfinish_f01_w06_albedo.png
Loading resource: res://.godot/imported/T_wallfinish_f01_w06_albedo.png-1ae85093f6eed986c0c49662ac939450.ctex remapped: res://.godot/imported/T_wallfinish_f01_w06_albedo.png-1ae85093f6eed986c0c49662ac939450.ctex
Completed load for: 'res://assets/building/textures/T_wallfinish_f01_w06_albedo.png' remapped 'res://assets/building/textures/T_wallfinish_f01_w06_albedo.png' at thread -1
Loading resource: res://assets/building/textures/T_wallfinish_f01_w06_roughness.png remapped: res://assets/building/textures/T_wallfinish_f01_w06_roughness.png
Loading resource: res://.godot/imported/T_wallfinish_f01_w06_roughness.png-94339e000ae841002f61e5cfe651f17f.ctex remapped: res://.godot/imported/T_wallfinish_f01_w06_roughness.png-94339e000ae841002f61e5cfe651f17f.ctex
Completed load for: 'res://assets/building/textures/T_wallfinish_f01_w06_roughness.png' remapped 'res://assets/building/textures/T_wallfinish_f01_w06_roughness.png' at thread -1
Loading resource: res://assets/building/textures/T_wallfinish_f01_w06_normal.png remapped: res://assets/building/textures/T_wallfinish_f01_w06_normal.png
Loading resource: res://.godot/imported/T_wallfinish_f01_w06_normal.png-8a54dabf42b13bc0ce914d20b3d8e684.ctex remapped: res://.godot/imported/T_wallfinish_f01_w06_normal.png-8a54dabf42b13bc0ce914d20b3d8e684.ctex
Completed load for: 'res://assets/building/textures/T_wallfinish_f01_w06_normal.png' remapped 'res://assets/building/textures/T_wallfinish_f01_w06_normal.png' at thread -1
Loading resource: res://assets/building/textures/T_wallfinish_f01_w07_albedo.png remapped: res://assets/building/textures/T_wallfinish_f01_w07_albedo.png
Loading resource: res://.godot/imported/T_wallfinish_f01_w07_albedo.png-f8d3abdd73b0b5cddc242c7c9c4d7653.ctex remapped: res://.godot/imported/T_wallfinish_f01_w07_albedo.png-f8d3abdd73b0b5cddc242c7c9c4d7653.ctex
Completed load for: 'res://assets/building/textures/T_wallfinish_f01_w07_albedo.png' remapped 'res://assets/building/textures/T_wallfinish_f01_w07_albedo.png' at thread -1
Loading resource: res://assets/building/textures/T_wallfinish_f01_w07_roughness.png remapped: res://assets/building/textures/T_wallfinish_f01_w07_roughness.png
Loading resource: res://.godot/imported/T_wallfinish_f01_w07_roughness.png-a42b56dd4d2699c05a27b3f3b5231a45.ctex remapped: res://.godot/imported/T_wallfinish_f01_w07_roughness.png-a42b56dd4d2699c05a27b3f3b5231a45.ctex
Completed load for: 'res://assets/building/textures/T_wallfinish_f01_w07_roughness.png' remapped 'res://assets/building/textures/T_wallfinish_f01_w07_roughness.png' at thread -1
Loading resource: res://assets/building/textures/T_wallfinish_f01_w07_normal.png remapped: res://assets/building/textures/T_wallfinish_f01_w07_normal.png
Loading resource: res://.godot/imported/T_wallfinish_f01_w07_normal.png-aa1add5a642d32f12b0ddcce00e532f4.ctex remapped: res://.godot/imported/T_wallfinish_f01_w07_normal.png-aa1add5a642d32f12b0ddcce00e532f4.ctex
Completed load for: 'res://assets/building/textures/T_wallfinish_f01_w07_normal.png' remapped 'res://assets/building/textures/T_wallfinish_f01_w07_normal.png' at thread -1
Loading resource: res://assets/building/textures/T_wallfinish_f01_w08_albedo.png remapped: res://assets/building/textures/T_wallfinish_f01_w08_albedo.png
Loading resource: res://.godot/imported/T_wallfinish_f01_w08_albedo.png-5fca723ca97ec68c8c55b2f39c5d5c5b.ctex remapped: res://.godot/imported/T_wallfinish_f01_w08_albedo.png-5fca723ca97ec68c8c55b2f39c5d5c5b.ctex
Completed load for: 'res://assets/building/textures/T_wallfinish_f01_w08_albedo.png' remapped 'res://assets/building/textures/T_wallfinish_f01_w08_albedo.png' at thread -1
Loading resource: res://assets/building/textures/T_wallfinish_f01_w08_roughness.png remapped: res://assets/building/textures/T_wallfinish_f01_w08_roughness.png
Loading resource: res://.godot/imported/T_wallfinish_f01_w08_roughness.png-dccdefea2d0612c45c7bfff9803e59a0.ctex remapped: res://.godot/imported/T_wallfinish_f01_w08_roughness.png-dccdefea2d0612c45c7bfff9803e59a0.ctex
Completed load for: 'res://assets/building/textures/T_wallfinish_f01_w08_roughness.png' remapped 'res://assets/building/textures/T_wallfinish_f01_w08_roughness.png' at thread -1
Loading resource: res://assets/building/textures/T_wallfinish_f01_w08_normal.png remapped: res://assets/building/textures/T_wallfinish_f01_w08_normal.png
Loading resource: res://.godot/imported/T_wallfinish_f01_w08_normal.png-7bec9b18eb19b52d19ead53a37cb6bba.ctex remapped: res://.godot/imported/T_wallfinish_f01_w08_normal.png-7bec9b18eb19b52d19ead53a37cb6bba.ctex
Completed load for: 'res://assets/building/textures/T_wallfinish_f01_w08_normal.png' remapped 'res://assets/building/textures/T_wallfinish_f01_w08_normal.png' at thread -1
Loading resource: res://assets/building/textures/T_wallfinish_f01_w09_albedo.png remapped: res://assets/building/textures/T_wallfinish_f01_w09_albedo.png
Loading resource: res://.godot/imported/T_wallfinish_f01_w09_albedo.png-cc0740e689a2d272ad82c07773107860.ctex remapped: res://.godot/imported/T_wallfinish_f01_w09_albedo.png-cc0740e689a2d272ad82c07773107860.ctex
Completed load for: 'res://assets/building/textures/T_wallfinish_f01_w09_albedo.png' remapped 'res://assets/building/textures/T_wallfinish_f01_w09_albedo.png' at thread -1
Loading resource: res://assets/building/textures/T_wallfinish_f01_w09_roughness.png remapped: res://assets/building/textures/T_wallfinish_f01_w09_roughness.png
Loading resource: res://.godot/imported/T_wallfinish_f01_w09_roughness.png-df54942253f291131a9819f9902de4df.ctex remapped: res://.godot/imported/T_wallfinish_f01_w09_roughness.png-df54942253f291131a9819f9902de4df.ctex
Completed load for: 'res://assets/building/textures/T_wallfinish_f01_w09_roughness.png' remapped 'res://assets/building/textures/T_wallfinish_f01_w09_roughness.png' at thread -1
Loading resource: res://assets/building/textures/T_wallfinish_f01_w09_normal.png remapped: res://assets/building/textures/T_wallfinish_f01_w09_normal.png
Loading resource: res://.godot/imported/T_wallfinish_f01_w09_normal.png-9364872ce149c5a11162a8970498263b.ctex remapped: res://.godot/imported/T_wallfinish_f01_w09_normal.png-9364872ce149c5a11162a8970498263b.ctex
Completed load for: 'res://assets/building/textures/T_wallfinish_f01_w09_normal.png' remapped 'res://assets/building/textures/T_wallfinish_f01_w09_normal.png' at thread -1
Loading resource: res://assets/building/textures/T_ai_materials_ceramic_b_albedo.png remapped: res://assets/building/textures/T_ai_materials_ceramic_b_albedo.png
Loading resource: res://.godot/imported/T_ai_materials_ceramic_b_albedo.png-3fe330068e4e2f0314e02f02d80b104e.ctex remapped: res://.godot/imported/T_ai_materials_ceramic_b_albedo.png-3fe330068e4e2f0314e02f02d80b104e.ctex
Completed load for: 'res://assets/building/textures/T_ai_materials_ceramic_b_albedo.png' remapped 'res://assets/building/textures/T_ai_materials_ceramic_b_albedo.png' at thread -1
Loading resource: res://assets/building/textures/T_ai_materials_ceramic_b_rough.png remapped: res://assets/building/textures/T_ai_materials_ceramic_b_rough.png
Loading resource: res://.godot/imported/T_ai_materials_ceramic_b_rough.png-3a72f63c7288738d77633aa7b32c8887.ctex remapped: res://.godot/imported/T_ai_materials_ceramic_b_rough.png-3a72f63c7288738d77633aa7b32c8887.ctex
Completed load for: 'res://assets/building/textures/T_ai_materials_ceramic_b_rough.png' remapped 'res://assets/building/textures/T_ai_materials_ceramic_b_rough.png' at thread -1
Loading resource: res://assets/building/textures/T_ai_materials_ceramic_b_normal.png remapped: res://assets/building/textures/T_ai_materials_ceramic_b_normal.png
Loading resource: res://.godot/imported/T_ai_materials_ceramic_b_normal.png-6f54cedb9956be6ebb5fb30cf5a36263.ctex remapped: res://.godot/imported/T_ai_materials_ceramic_b_normal.png-6f54cedb9956be6ebb5fb30cf5a36263.ctex
Completed load for: 'res://assets/building/textures/T_ai_materials_ceramic_b_normal.png' remapped 'res://assets/building/textures/T_ai_materials_ceramic_b_normal.png' at thread -1
Loading resource: res://assets/building/textures/T_ai_materials_concrete_b_albedo.png remapped: res://assets/building/textures/T_ai_materials_concrete_b_albedo.png
Loading resource: res://.godot/imported/T_ai_materials_concrete_b_albedo.png-929f0b1f6424f6370bc8e574b7074b35.ctex remapped: res://.godot/imported/T_ai_materials_concrete_b_albedo.png-929f0b1f6424f6370bc8e574b7074b35.ctex
Completed load for: 'res://assets/building/textures/T_ai_materials_concrete_b_albedo.png' remapped 'res://assets/building/textures/T_ai_materials_concrete_b_albedo.png' at thread -1
Loading resource: res://assets/building/textures/T_ai_materials_concrete_b_rough.png remapped: res://assets/building/textures/T_ai_materials_concrete_b_rough.png
Loading resource: res://.godot/imported/T_ai_materials_concrete_b_rough.png-24c085fcfa4903a3d600f9247a5b5c47.ctex remapped: res://.godot/imported/T_ai_materials_concrete_b_rough.png-24c085fcfa4903a3d600f9247a5b5c47.ctex
Completed load for: 'res://assets/building/textures/T_ai_materials_concrete_b_rough.png' remapped 'res://assets/building/textures/T_ai_materials_concrete_b_rough.png' at thread -1
Loading resource: res://assets/building/textures/T_ai_materials_concrete_b_normal.png remapped: res://assets/building/textures/T_ai_materials_concrete_b_normal.png
Loading resource: res://.godot/imported/T_ai_materials_concrete_b_normal.png-c327e91076e5561832c5e42c33cf69c5.ctex remapped: res://.godot/imported/T_ai_materials_concrete_b_normal.png-c327e91076e5561832c5e42c33cf69c5.ctex
Completed load for: 'res://assets/building/textures/T_ai_materials_concrete_b_normal.png' remapped 'res://assets/building/textures/T_ai_materials_concrete_b_normal.png' at thread -1
Loading resource: res://assets/building/textures/T_ai_materials_floor_oak_b_albedo.png remapped: res://assets/building/textures/T_ai_materials_floor_oak_b_albedo.png
Loading resource: res://.godot/imported/T_ai_materials_floor_oak_b_albedo.png-b9b47581b2d3527a1832c94be6bb1068.ctex remapped: res://.godot/imported/T_ai_materials_floor_oak_b_albedo.png-b9b47581b2d3527a1832c94be6bb1068.ctex
Completed load for: 'res://assets/building/textures/T_ai_materials_floor_oak_b_albedo.png' remapped 'res://assets/building/textures/T_ai_materials_floor_oak_b_albedo.png' at thread -1
Loading resource: res://assets/building/textures/T_ai_materials_floor_oak_b_rough.png remapped: res://assets/building/textures/T_ai_materials_floor_oak_b_rough.png
Loading resource: res://.godot/imported/T_ai_materials_floor_oak_b_rough.png-2077f8ff62fd44aa07ea313096abe11b.ctex remapped: res://.godot/imported/T_ai_materials_floor_oak_b_rough.png-2077f8ff62fd44aa07ea313096abe11b.ctex
Completed load for: 'res://assets/building/textures/T_ai_materials_floor_oak_b_rough.png' remapped 'res://assets/building/textures/T_ai_materials_floor_oak_b_rough.png' at thread -1
Loading resource: res://assets/building/textures/T_ai_materials_floor_oak_b_normal.png remapped: res://assets/building/textures/T_ai_materials_floor_oak_b_normal.png
Loading resource: res://.godot/imported/T_ai_materials_floor_oak_b_normal.png-3d3a7bd55b8d32debe12d343fc7afe00.ctex remapped: res://.godot/imported/T_ai_materials_floor_oak_b_normal.png-3d3a7bd55b8d32debe12d343fc7afe00.ctex
Completed load for: 'res://assets/building/textures/T_ai_materials_floor_oak_b_normal.png' remapped 'res://assets/building/textures/T_ai_materials_floor_oak_b_normal.png' at thread -1
Loading resource: res://assets/building/textures/T_ai_materials_terrazzo_b_albedo.png remapped: res://assets/building/textures/T_ai_materials_terrazzo_b_albedo.png
Loading resource: res://.godot/imported/T_ai_materials_terrazzo_b_albedo.png-5b6477078890d941ae3d9b3abee5524f.ctex remapped: res://.godot/imported/T_ai_materials_terrazzo_b_albedo.png-5b6477078890d941ae3d9b3abee5524f.ctex
Completed load for: 'res://assets/building/textures/T_ai_materials_terrazzo_b_albedo.png' remapped 'res://assets/building/textures/T_ai_materials_terrazzo_b_albedo.png' at thread -1
Loading resource: res://assets/building/textures/T_ai_materials_terrazzo_b_rough.png remapped: res://assets/building/textures/T_ai_materials_terrazzo_b_rough.png
Loading resource: res://.godot/imported/T_ai_materials_terrazzo_b_rough.png-4e3e5f1adcc9a383edd66275ebafc324.ctex remapped: res://.godot/imported/T_ai_materials_terrazzo_b_rough.png-4e3e5f1adcc9a383edd66275ebafc324.ctex
Completed load for: 'res://assets/building/textures/T_ai_materials_terrazzo_b_rough.png' remapped 'res://assets/building/textures/T_ai_materials_terrazzo_b_rough.png' at thread -1
Loading resource: res://assets/building/textures/T_ai_materials_terrazzo_b_normal.png remapped: res://assets/building/textures/T_ai_materials_terrazzo_b_normal.png
Loading resource: res://.godot/imported/T_ai_materials_terrazzo_b_normal.png-9c95d11c3ce05fc3bb7feadbf329579d.ctex remapped: res://.godot/imported/T_ai_materials_terrazzo_b_normal.png-9c95d11c3ce05fc3bb7feadbf329579d.ctex
Completed load for: 'res://assets/building/textures/T_ai_materials_terrazzo_b_normal.png' remapped 'res://assets/building/textures/T_ai_materials_terrazzo_b_normal.png' at thread -1
Loading resource: res://assets/building/textures/T_ai_materials_bakelite_b_albedo.png remapped: res://assets/building/textures/T_ai_materials_bakelite_b_albedo.png
Loading resource: res://.godot/imported/T_ai_materials_bakelite_b_albedo.png-0e2bd11e257be62c842385d9117c6a44.ctex remapped: res://.godot/imported/T_ai_materials_bakelite_b_albedo.png-0e2bd11e257be62c842385d9117c6a44.ctex
Completed load for: 'res://assets/building/textures/T_ai_materials_bakelite_b_albedo.png' remapped 'res://assets/building/textures/T_ai_materials_bakelite_b_albedo.png' at thread -1
Loading resource: res://assets/building/textures/T_ai_materials_bakelite_b_rough.png remapped: res://assets/building/textures/T_ai_materials_bakelite_b_rough.png
Loading resource: res://.godot/imported/T_ai_materials_bakelite_b_rough.png-16faaf6d7def61818ccfe46f27b1eb83.ctex remapped: res://.godot/imported/T_ai_materials_bakelite_b_rough.png-16faaf6d7def61818ccfe46f27b1eb83.ctex
Completed load for: 'res://assets/building/textures/T_ai_materials_bakelite_b_rough.png' remapped 'res://assets/building/textures/T_ai_materials_bakelite_b_rough.png' at thread -1
Loading resource: res://assets/building/textures/T_ai_materials_bakelite_b_normal.png remapped: res://assets/building/textures/T_ai_materials_bakelite_b_normal.png
Loading resource: res://.godot/imported/T_ai_materials_bakelite_b_normal.png-2ad93fd79039d092e3718018cac9ec7a.ctex remapped: res://.godot/imported/T_ai_materials_bakelite_b_normal.png-2ad93fd79039d092e3718018cac9ec7a.ctex
Completed load for: 'res://assets/building/textures/T_ai_materials_bakelite_b_normal.png' remapped 'res://assets/building/textures/T_ai_materials_bakelite_b_normal.png' at thread -1
Loading resource: res://assets/building/textures/T_ai_materials_brass_b_albedo.png remapped: res://assets/building/textures/T_ai_materials_brass_b_albedo.png
Loading resource: res://.godot/imported/T_ai_materials_brass_b_albedo.png-4bf0699357ead7370ff4fe06c13a253f.ctex remapped: res://.godot/imported/T_ai_materials_brass_b_albedo.png-4bf0699357ead7370ff4fe06c13a253f.ctex
Completed load for: 'res://assets/building/textures/T_ai_materials_brass_b_albedo.png' remapped 'res://assets/building/textures/T_ai_materials_brass_b_albedo.png' at thread -1
Loading resource: res://assets/building/textures/T_ai_materials_brass_b_rough.png remapped: res://assets/building/textures/T_ai_materials_brass_b_rough.png
Loading resource: res://.godot/imported/T_ai_materials_brass_b_rough.png-061ad592b7a03328e83ea2ab0b9b9b69.ctex remapped: res://.godot/imported/T_ai_materials_brass_b_rough.png-061ad592b7a03328e83ea2ab0b9b9b69.ctex
Completed load for: 'res://assets/building/textures/T_ai_materials_brass_b_rough.png' remapped 'res://assets/building/textures/T_ai_materials_brass_b_rough.png' at thread -1
Loading resource: res://assets/building/textures/T_ai_materials_brass_b_normal.png remapped: res://assets/building/textures/T_ai_materials_brass_b_normal.png
Loading resource: res://.godot/imported/T_ai_materials_brass_b_normal.png-0d1bc0f391effa61fcb62492a18cd898.ctex remapped: res://.godot/imported/T_ai_materials_brass_b_normal.png-0d1bc0f391effa61fcb62492a18cd898.ctex
Completed load for: 'res://assets/building/textures/T_ai_materials_brass_b_normal.png' remapped 'res://assets/building/textures/T_ai_materials_brass_b_normal.png' at thread -1
Loading resource: res://assets/building/textures/T_ai_materials_brass_mesh_albedo.png remapped: res://assets/building/textures/T_ai_materials_brass_mesh_albedo.png
Loading resource: res://.godot/imported/T_ai_materials_brass_mesh_albedo.png-c6e686cb0c9a5d6fd0e7711f79633540.ctex remapped: res://.godot/imported/T_ai_materials_brass_mesh_albedo.png-c6e686cb0c9a5d6fd0e7711f79633540.ctex
Completed load for: 'res://assets/building/textures/T_ai_materials_brass_mesh_albedo.png' remapped 'res://assets/building/textures/T_ai_materials_brass_mesh_albedo.png' at thread -1
Loading resource: res://assets/building/textures/T_ai_materials_brass_mesh_rough.png remapped: res://assets/building/textures/T_ai_materials_brass_mesh_rough.png
Loading resource: res://.godot/imported/T_ai_materials_brass_mesh_rough.png-da4a57e83ece6ad8139c99e49634de6a.ctex remapped: res://.godot/imported/T_ai_materials_brass_mesh_rough.png-da4a57e83ece6ad8139c99e49634de6a.ctex
Completed load for: 'res://assets/building/textures/T_ai_materials_brass_mesh_rough.png' remapped 'res://assets/building/textures/T_ai_materials_brass_mesh_rough.png' at thread -1
Loading resource: res://assets/building/textures/T_ai_materials_brass_mesh_normal.png remapped: res://assets/building/textures/T_ai_materials_brass_mesh_normal.png
Loading resource: res://.godot/imported/T_ai_materials_brass_mesh_normal.png-14a5899c95c8dd051fba5fe946de3dbf.ctex remapped: res://.godot/imported/T_ai_materials_brass_mesh_normal.png-14a5899c95c8dd051fba5fe946de3dbf.ctex
Completed load for: 'res://assets/building/textures/T_ai_materials_brass_mesh_normal.png' remapped 'res://assets/building/textures/T_ai_materials_brass_mesh_normal.png' at thread -1
Loading resource: res://assets/building/textures/T_ai_materials_bronze_albedo.png remapped: res://assets/building/textures/T_ai_materials_bronze_albedo.png
Loading resource: res://.godot/imported/T_ai_materials_bronze_albedo.png-117e43b096427042a261f354643a8a93.ctex remapped: res://.godot/imported/T_ai_materials_bronze_albedo.png-117e43b096427042a261f354643a8a93.ctex
Completed load for: 'res://assets/building/textures/T_ai_materials_bronze_albedo.png' remapped 'res://assets/building/textures/T_ai_materials_bronze_albedo.png' at thread -1
Loading resource: res://assets/building/textures/T_ai_materials_bronze_rough.png remapped: res://assets/building/textures/T_ai_materials_bronze_rough.png
Loading resource: res://.godot/imported/T_ai_materials_bronze_rough.png-af7e0f447bc02a289ef6786dbbd49eae.ctex remapped: res://.godot/imported/T_ai_materials_bronze_rough.png-af7e0f447bc02a289ef6786dbbd49eae.ctex
Completed load for: 'res://assets/building/textures/T_ai_materials_bronze_rough.png' remapped 'res://assets/building/textures/T_ai_materials_bronze_rough.png' at thread -1
Loading resource: res://assets/building/textures/T_ai_materials_bronze_normal.png remapped: res://assets/building/textures/T_ai_materials_bronze_normal.png
Loading resource: res://.godot/imported/T_ai_materials_bronze_normal.png-dbdd5a90f97363fdc55a9daf5c69d131.ctex remapped: res://.godot/imported/T_ai_materials_bronze_normal.png-dbdd5a90f97363fdc55a9daf5c69d131.ctex
Completed load for: 'res://assets/building/textures/T_ai_materials_bronze_normal.png' remapped 'res://assets/building/textures/T_ai_materials_bronze_normal.png' at thread -1
Loading resource: res://assets/building/textures/T_ai_materials_cast_iron_b_albedo.png remapped: res://assets/building/textures/T_ai_materials_cast_iron_b_albedo.png
Loading resource: res://.godot/imported/T_ai_materials_cast_iron_b_albedo.png-76fdeb7a1436f4c8c98f61389c8a21ba.ctex remapped: res://.godot/imported/T_ai_materials_cast_iron_b_albedo.png-76fdeb7a1436f4c8c98f61389c8a21ba.ctex
Completed load for: 'res://assets/building/textures/T_ai_materials_cast_iron_b_albedo.png' remapped 'res://assets/building/textures/T_ai_materials_cast_iron_b_albedo.png' at thread -1
Loading resource: res://assets/building/textures/T_ai_materials_cast_iron_b_rough.png remapped: res://assets/building/textures/T_ai_materials_cast_iron_b_rough.png
Loading resource: res://.godot/imported/T_ai_materials_cast_iron_b_rough.png-a23e4b80008930a5ac05285d283059fc.ctex remapped: res://.godot/imported/T_ai_materials_cast_iron_b_rough.png-a23e4b80008930a5ac05285d283059fc.ctex
Completed load for: 'res://assets/building/textures/T_ai_materials_cast_iron_b_rough.png' remapped 'res://assets/building/textures/T_ai_materials_cast_iron_b_rough.png' at thread -1
Loading resource: res://assets/building/textures/T_ai_materials_cast_iron_b_normal.png remapped: res://assets/building/textures/T_ai_materials_cast_iron_b_normal.png
Loading resource: res://.godot/imported/T_ai_materials_cast_iron_b_normal.png-62defe9a99fef5d6f3784bbb6d3eba13.ctex remapped: res://.godot/imported/T_ai_materials_cast_iron_b_normal.png-62defe9a99fef5d6f3784bbb6d3eba13.ctex
Completed load for: 'res://assets/building/textures/T_ai_materials_cast_iron_b_normal.png' remapped 'res://assets/building/textures/T_ai_materials_cast_iron_b_normal.png' at thread -1
Loading resource: res://assets/building/textures/T_ai_materials_chrome_b_albedo.png remapped: res://assets/building/textures/T_ai_materials_chrome_b_albedo.png
Loading resource: res://.godot/imported/T_ai_materials_chrome_b_albedo.png-9298f376c0fab7b62656218c3c9cf10e.ctex remapped: res://.godot/imported/T_ai_materials_chrome_b_albedo.png-9298f376c0fab7b62656218c3c9cf10e.ctex
Completed load for: 'res://assets/building/textures/T_ai_materials_chrome_b_albedo.png' remapped 'res://assets/building/textures/T_ai_materials_chrome_b_albedo.png' at thread -1
Loading resource: res://assets/building/textures/T_ai_materials_chrome_b_rough.png remapped: res://assets/building/textures/T_ai_materials_chrome_b_rough.png
Loading resource: res://.godot/imported/T_ai_materials_chrome_b_rough.png-7a61bcaf18452cfee8cc5880e657c1a5.ctex remapped: res://.godot/imported/T_ai_materials_chrome_b_rough.png-7a61bcaf18452cfee8cc5880e657c1a5.ctex
Completed load for: 'res://assets/building/textures/T_ai_materials_chrome_b_rough.png' remapped 'res://assets/building/textures/T_ai_materials_chrome_b_rough.png' at thread -1
Loading resource: res://assets/building/textures/T_ai_materials_chrome_b_normal.png remapped: res://assets/building/textures/T_ai_materials_chrome_b_normal.png
Loading resource: res://.godot/imported/T_ai_materials_chrome_b_normal.png-efd086eed57694d5e24ab552a154a759.ctex remapped: res://.godot/imported/T_ai_materials_chrome_b_normal.png-efd086eed57694d5e24ab552a154a759.ctex
Completed load for: 'res://assets/building/textures/T_ai_materials_chrome_b_normal.png' remapped 'res://assets/building/textures/T_ai_materials_chrome_b_normal.png' at thread -1
Loading resource: res://assets/building/textures/T_ai_materials_countertop_b_albedo.png remapped: res://assets/building/textures/T_ai_materials_countertop_b_albedo.png
Loading resource: res://.godot/imported/T_ai_materials_countertop_b_albedo.png-7747e15b3a864ca2bd74a9d6d99d054a.ctex remapped: res://.godot/imported/T_ai_materials_countertop_b_albedo.png-7747e15b3a864ca2bd74a9d6d99d054a.ctex
Completed load for: 'res://assets/building/textures/T_ai_materials_countertop_b_albedo.png' remapped 'res://assets/building/textures/T_ai_materials_countertop_b_albedo.png' at thread -1
Loading resource: res://assets/building/textures/T_ai_materials_countertop_b_rough.png remapped: res://assets/building/textures/T_ai_materials_countertop_b_rough.png
Loading resource: res://.godot/imported/T_ai_materials_countertop_b_rough.png-7adf2ce20f7bc700d5fa1cc31a0ea521.ctex remapped: res://.godot/imported/T_ai_materials_countertop_b_rough.png-7adf2ce20f7bc700d5fa1cc31a0ea521.ctex
Completed load for: 'res://assets/building/textures/T_ai_materials_countertop_b_rough.png' remapped 'res://assets/building/textures/T_ai_materials_countertop_b_rough.png' at thread -1
Loading resource: res://assets/building/textures/T_ai_materials_countertop_b_normal.png remapped: res://assets/building/textures/T_ai_materials_countertop_b_normal.png
Loading resource: res://.godot/imported/T_ai_materials_countertop_b_normal.png-3ea418e93369747afe6e7e081756a297.ctex remapped: res://.godot/imported/T_ai_materials_countertop_b_normal.png-3ea418e93369747afe6e7e081756a297.ctex
Completed load for: 'res://assets/building/textures/T_ai_materials_countertop_b_normal.png' remapped 'res://assets/building/textures/T_ai_materials_countertop_b_normal.png' at thread -1
Loading resource: res://assets/building/textures/T_ai_materials_enamel_b_albedo.png remapped: res://assets/building/textures/T_ai_materials_enamel_b_albedo.png
Loading resource: res://.godot/imported/T_ai_materials_enamel_b_albedo.png-704228c6383045c9a386dee25795c73a.ctex remapped: res://.godot/imported/T_ai_materials_enamel_b_albedo.png-704228c6383045c9a386dee25795c73a.ctex
Completed load for: 'res://assets/building/textures/T_ai_materials_enamel_b_albedo.png' remapped 'res://assets/building/textures/T_ai_materials_enamel_b_albedo.png' at thread -1
Loading resource: res://assets/building/textures/T_ai_materials_enamel_b_rough.png remapped: res://assets/building/textures/T_ai_materials_enamel_b_rough.png
Loading resource: res://.godot/imported/T_ai_materials_enamel_b_rough.png-ddd733c2460f3717ea75ec385a64a89b.ctex remapped: res://.godot/imported/T_ai_materials_enamel_b_rough.png-ddd733c2460f3717ea75ec385a64a89b.ctex
Completed load for: 'res://assets/building/textures/T_ai_materials_enamel_b_rough.png' remapped 'res://assets/building/textures/T_ai_materials_enamel_b_rough.png' at thread -1
Loading resource: res://assets/building/textures/T_ai_materials_enamel_b_normal.png remapped: res://assets/building/textures/T_ai_materials_enamel_b_normal.png
Loading resource: res://.godot/imported/T_ai_materials_enamel_b_normal.png-d49bea3487921a127dda2b2bbbfe187e.ctex remapped: res://.godot/imported/T_ai_materials_enamel_b_normal.png-d49bea3487921a127dda2b2bbbfe187e.ctex
Completed load for: 'res://assets/building/textures/T_ai_materials_enamel_b_normal.png' remapped 'res://assets/building/textures/T_ai_materials_enamel_b_normal.png' at thread -1
Loading resource: res://assets/building/textures/T_ai_materials_fabric_cool_b_albedo.png remapped: res://assets/building/textures/T_ai_materials_fabric_cool_b_albedo.png
Loading resource: res://.godot/imported/T_ai_materials_fabric_cool_b_albedo.png-ec2a72c31ab6639c699d83a66dfbbb34.ctex remapped: res://.godot/imported/T_ai_materials_fabric_cool_b_albedo.png-ec2a72c31ab6639c699d83a66dfbbb34.ctex
Completed load for: 'res://assets/building/textures/T_ai_materials_fabric_cool_b_albedo.png' remapped 'res://assets/building/textures/T_ai_materials_fabric_cool_b_albedo.png' at thread -1
Loading resource: res://assets/building/textures/T_ai_materials_fabric_cool_b_rough.png remapped: res://assets/building/textures/T_ai_materials_fabric_cool_b_rough.png
Loading resource: res://.godot/imported/T_ai_materials_fabric_cool_b_rough.png-18c11cb6c48c522a8d302d6418dde4a3.ctex remapped: res://.godot/imported/T_ai_materials_fabric_cool_b_rough.png-18c11cb6c48c522a8d302d6418dde4a3.ctex
Completed load for: 'res://assets/building/textures/T_ai_materials_fabric_cool_b_rough.png' remapped 'res://assets/building/textures/T_ai_materials_fabric_cool_b_rough.png' at thread -1
Loading resource: res://assets/building/textures/T_ai_materials_fabric_cool_b_normal.png remapped: res://assets/building/textures/T_ai_materials_fabric_cool_b_normal.png
Loading resource: res://.godot/imported/T_ai_materials_fabric_cool_b_normal.png-1cf90e56fb6ebd5a233206e9dbea089d.ctex remapped: res://.godot/imported/T_ai_materials_fabric_cool_b_normal.png-1cf90e56fb6ebd5a233206e9dbea089d.ctex
Completed load for: 'res://assets/building/textures/T_ai_materials_fabric_cool_b_normal.png' remapped 'res://assets/building/textures/T_ai_materials_fabric_cool_b_normal.png' at thread -1
Loading resource: res://assets/building/textures/T_ai_materials_fabric_green_b_albedo.png remapped: res://assets/building/textures/T_ai_materials_fabric_green_b_albedo.png
Loading resource: res://.godot/imported/T_ai_materials_fabric_green_b_albedo.png-5807e3ae5d7ec84a55295f712a88f820.ctex remapped: res://.godot/imported/T_ai_materials_fabric_green_b_albedo.png-5807e3ae5d7ec84a55295f712a88f820.ctex
Completed load for: 'res://assets/building/textures/T_ai_materials_fabric_green_b_albedo.png' remapped 'res://assets/building/textures/T_ai_materials_fabric_green_b_albedo.png' at thread -1
Loading resource: res://assets/building/textures/T_ai_materials_fabric_green_b_rough.png remapped: res://assets/building/textures/T_ai_materials_fabric_green_b_rough.png
Loading resource: res://.godot/imported/T_ai_materials_fabric_green_b_rough.png-b3bd4faf42eca617955527b9682d8157.ctex remapped: res://.godot/imported/T_ai_materials_fabric_green_b_rough.png-b3bd4faf42eca617955527b9682d8157.ctex
Completed load for: 'res://assets/building/textures/T_ai_materials_fabric_green_b_rough.png' remapped 'res://assets/building/textures/T_ai_materials_fabric_green_b_rough.png' at thread -1
Loading resource: res://assets/building/textures/T_ai_materials_fabric_green_b_normal.png remapped: res://assets/building/textures/T_ai_materials_fabric_green_b_normal.png
Loading resource: res://.godot/imported/T_ai_materials_fabric_green_b_normal.png-4b580ee3e7346248daa685563ae7e352.ctex remapped: res://.godot/imported/T_ai_materials_fabric_green_b_normal.png-4b580ee3e7346248daa685563ae7e352.ctex
Completed load for: 'res://assets/building/textures/T_ai_materials_fabric_green_b_normal.png' remapped 'res://assets/building/textures/T_ai_materials_fabric_green_b_normal.png' at thread -1
Loading resource: res://assets/building/textures/T_ai_materials_fabric_warm_b_albedo.png remapped: res://assets/building/textures/T_ai_materials_fabric_warm_b_albedo.png
Loading resource: res://.godot/imported/T_ai_materials_fabric_warm_b_albedo.png-96b0b2152da69312c3039b9e70d06a58.ctex remapped: res://.godot/imported/T_ai_materials_fabric_warm_b_albedo.png-96b0b2152da69312c3039b9e70d06a58.ctex
Completed load for: 'res://assets/building/textures/T_ai_materials_fabric_warm_b_albedo.png' remapped 'res://assets/building/textures/T_ai_materials_fabric_warm_b_albedo.png' at thread -1
Loading resource: res://assets/building/textures/T_ai_materials_fabric_warm_b_rough.png remapped: res://assets/building/textures/T_ai_materials_fabric_warm_b_rough.png
Loading resource: res://.godot/imported/T_ai_materials_fabric_warm_b_rough.png-6e22d6b33728fd212176c3309a53f568.ctex remapped: res://.godot/imported/T_ai_materials_fabric_warm_b_rough.png-6e22d6b33728fd212176c3309a53f568.ctex
Completed load for: 'res://assets/building/textures/T_ai_materials_fabric_warm_b_rough.png' remapped 'res://assets/building/textures/T_ai_materials_fabric_warm_b_rough.png' at thread -1
Loading resource: res://assets/building/textures/T_ai_materials_fabric_warm_b_normal.png remapped: res://assets/building/textures/T_ai_materials_fabric_warm_b_normal.png
Loading resource: res://.godot/imported/T_ai_materials_fabric_warm_b_normal.png-c6aa4579950d6b136f80a8b3937ca85a.ctex remapped: res://.godot/imported/T_ai_materials_fabric_warm_b_normal.png-c6aa4579950d6b136f80a8b3937ca85a.ctex
Completed load for: 'res://assets/building/textures/T_ai_materials_fabric_warm_b_normal.png' remapped 'res://assets/building/textures/T_ai_materials_fabric_warm_b_normal.png' at thread -1
Loading resource: res://assets/building/textures/T_ai_materials_felt_violet_b_albedo.png remapped: res://assets/building/textures/T_ai_materials_felt_violet_b_albedo.png
Loading resource: res://.godot/imported/T_ai_materials_felt_violet_b_albedo.png-1470af9773080f68c85ef56a23a83090.ctex remapped: res://.godot/imported/T_ai_materials_felt_violet_b_albedo.png-1470af9773080f68c85ef56a23a83090.ctex
Completed load for: 'res://assets/building/textures/T_ai_materials_felt_violet_b_albedo.png' remapped 'res://assets/building/textures/T_ai_materials_felt_violet_b_albedo.png' at thread -1
Loading resource: res://assets/building/textures/T_ai_materials_felt_violet_b_rough.png remapped: res://assets/building/textures/T_ai_materials_felt_violet_b_rough.png
Loading resource: res://.godot/imported/T_ai_materials_felt_violet_b_rough.png-2c8bf7a3dd7df40b05ea3b70a3c284c0.ctex remapped: res://.godot/imported/T_ai_materials_felt_violet_b_rough.png-2c8bf7a3dd7df40b05ea3b70a3c284c0.ctex
Completed load for: 'res://assets/building/textures/T_ai_materials_felt_violet_b_rough.png' remapped 'res://assets/building/textures/T_ai_materials_felt_violet_b_rough.png' at thread -1
Loading resource: res://assets/building/textures/T_ai_materials_felt_violet_b_normal.png remapped: res://assets/building/textures/T_ai_materials_felt_violet_b_normal.png
Loading resource: res://.godot/imported/T_ai_materials_felt_violet_b_normal.png-37ee4dc031811bb90743b59193d5eac9.ctex remapped: res://.godot/imported/T_ai_materials_felt_violet_b_normal.png-37ee4dc031811bb90743b59193d5eac9.ctex
Completed load for: 'res://assets/building/textures/T_ai_materials_felt_violet_b_normal.png' remapped 'res://assets/building/textures/T_ai_materials_felt_violet_b_normal.png' at thread -1
Loading resource: res://assets/building/textures/T_ai_materials_handrail_wood_b_albedo.png remapped: res://assets/building/textures/T_ai_materials_handrail_wood_b_albedo.png
Loading resource: res://.godot/imported/T_ai_materials_handrail_wood_b_albedo.png-3b9e8f1149f00efb00519216417393c0.ctex remapped: res://.godot/imported/T_ai_materials_handrail_wood_b_albedo.png-3b9e8f1149f00efb00519216417393c0.ctex
Completed load for: 'res://assets/building/textures/T_ai_materials_handrail_wood_b_albedo.png' remapped 'res://assets/building/textures/T_ai_materials_handrail_wood_b_albedo.png' at thread -1
Loading resource: res://assets/building/textures/T_ai_materials_handrail_wood_b_rough.png remapped: res://assets/building/textures/T_ai_materials_handrail_wood_b_rough.png
Loading resource: res://.godot/imported/T_ai_materials_handrail_wood_b_rough.png-0de8612e0125af8d99529bf24af1f703.ctex remapped: res://.godot/imported/T_ai_materials_handrail_wood_b_rough.png-0de8612e0125af8d99529bf24af1f703.ctex
Completed load for: 'res://assets/building/textures/T_ai_materials_handrail_wood_b_rough.png' remapped 'res://assets/building/textures/T_ai_materials_handrail_wood_b_rough.png' at thread -1
Loading resource: res://assets/building/textures/T_ai_materials_handrail_wood_b_normal.png remapped: res://assets/building/textures/T_ai_materials_handrail_wood_b_normal.png
Loading resource: res://.godot/imported/T_ai_materials_handrail_wood_b_normal.png-b1602d8b425d4bdbae55e332b7db7b0c.ctex remapped: res://.godot/imported/T_ai_materials_handrail_wood_b_normal.png-b1602d8b425d4bdbae55e332b7db7b0c.ctex
Completed load for: 'res://assets/building/textures/T_ai_materials_handrail_wood_b_normal.png' remapped 'res://assets/building/textures/T_ai_materials_handrail_wood_b_normal.png' at thread -1
Loading resource: res://assets/building/textures/T_ai_materials_lacquer_red_b_albedo.png remapped: res://assets/building/textures/T_ai_materials_lacquer_red_b_albedo.png
Loading resource: res://.godot/imported/T_ai_materials_lacquer_red_b_albedo.png-4ddb38022173239ddf0aa229f5869707.ctex remapped: res://.godot/imported/T_ai_materials_lacquer_red_b_albedo.png-4ddb38022173239ddf0aa229f5869707.ctex
Completed load for: 'res://assets/building/textures/T_ai_materials_lacquer_red_b_albedo.png' remapped 'res://assets/building/textures/T_ai_materials_lacquer_red_b_albedo.png' at thread -1
Loading resource: res://assets/building/textures/T_ai_materials_lacquer_red_b_rough.png remapped: res://assets/building/textures/T_ai_materials_lacquer_red_b_rough.png
Loading resource: res://.godot/imported/T_ai_materials_lacquer_red_b_rough.png-9ebe4e2787f7412fbb3ebe510140932d.ctex remapped: res://.godot/imported/T_ai_materials_lacquer_red_b_rough.png-9ebe4e2787f7412fbb3ebe510140932d.ctex
Completed load for: 'res://assets/building/textures/T_ai_materials_lacquer_red_b_rough.png' remapped 'res://assets/building/textures/T_ai_materials_lacquer_red_b_rough.png' at thread -1
Loading resource: res://assets/building/textures/T_ai_materials_lacquer_red_b_normal.png remapped: res://assets/building/textures/T_ai_materials_lacquer_red_b_normal.png
Loading resource: res://.godot/imported/T_ai_materials_lacquer_red_b_normal.png-eb150c0190c7d626f40c24241a48e100.ctex remapped: res://.godot/imported/T_ai_materials_lacquer_red_b_normal.png-eb150c0190c7d626f40c24241a48e100.ctex
Completed load for: 'res://assets/building/textures/T_ai_materials_lacquer_red_b_normal.png' remapped 'res://assets/building/textures/T_ai_materials_lacquer_red_b_normal.png' at thread -1
Loading resource: res://assets/building/textures/T_ai_materials_linen_b_albedo.png remapped: res://assets/building/textures/T_ai_materials_linen_b_albedo.png
Loading resource: res://.godot/imported/T_ai_materials_linen_b_albedo.png-fab91c2aca389384bc87db90c5b75adf.ctex remapped: res://.godot/imported/T_ai_materials_linen_b_albedo.png-fab91c2aca389384bc87db90c5b75adf.ctex
Completed load for: 'res://assets/building/textures/T_ai_materials_linen_b_albedo.png' remapped 'res://assets/building/textures/T_ai_materials_linen_b_albedo.png' at thread -1
Loading resource: res://assets/building/textures/T_ai_materials_linen_b_rough.png remapped: res://assets/building/textures/T_ai_materials_linen_b_rough.png
Loading resource: res://.godot/imported/T_ai_materials_linen_b_rough.png-8d7e9a95622433d0fe3c3ae7a74ada71.ctex remapped: res://.godot/imported/T_ai_materials_linen_b_rough.png-8d7e9a95622433d0fe3c3ae7a74ada71.ctex
Completed load for: 'res://assets/building/textures/T_ai_materials_linen_b_rough.png' remapped 'res://assets/building/textures/T_ai_materials_linen_b_rough.png' at thread -1
Loading resource: res://assets/building/textures/T_ai_materials_linen_b_normal.png remapped: res://assets/building/textures/T_ai_materials_linen_b_normal.png
Loading resource: res://.godot/imported/T_ai_materials_linen_b_normal.png-e527c81255c45ac5935bec002aa5b893.ctex remapped: res://.godot/imported/T_ai_materials_linen_b_normal.png-e527c81255c45ac5935bec002aa5b893.ctex
Completed load for: 'res://assets/building/textures/T_ai_materials_linen_b_normal.png' remapped 'res://assets/building/textures/T_ai_materials_linen_b_normal.png' at thread -1
Loading resource: res://assets/building/textures/T_ai_materials_nickel_plated_albedo.png remapped: res://assets/building/textures/T_ai_materials_nickel_plated_albedo.png
Loading resource: res://.godot/imported/T_ai_materials_nickel_plated_albedo.png-1cdc3be90d017453cd38c4307784907e.ctex remapped: res://.godot/imported/T_ai_materials_nickel_plated_albedo.png-1cdc3be90d017453cd38c4307784907e.ctex
Completed load for: 'res://assets/building/textures/T_ai_materials_nickel_plated_albedo.png' remapped 'res://assets/building/textures/T_ai_materials_nickel_plated_albedo.png' at thread -1
Loading resource: res://assets/building/textures/T_ai_materials_nickel_plated_rough.png remapped: res://assets/building/textures/T_ai_materials_nickel_plated_rough.png
Loading resource: res://.godot/imported/T_ai_materials_nickel_plated_rough.png-7424ed96526f67ec95e9fd94aaeeab83.ctex remapped: res://.godot/imported/T_ai_materials_nickel_plated_rough.png-7424ed96526f67ec95e9fd94aaeeab83.ctex
Completed load for: 'res://assets/building/textures/T_ai_materials_nickel_plated_rough.png' remapped 'res://assets/building/textures/T_ai_materials_nickel_plated_rough.png' at thread -1
Loading resource: res://assets/building/textures/T_ai_materials_nickel_plated_normal.png remapped: res://assets/building/textures/T_ai_materials_nickel_plated_normal.png
Loading resource: res://.godot/imported/T_ai_materials_nickel_plated_normal.png-7d5daef5795cee1f492e39e2111bec14.ctex remapped: res://.godot/imported/T_ai_materials_nickel_plated_normal.png-7d5daef5795cee1f492e39e2111bec14.ctex
Completed load for: 'res://assets/building/textures/T_ai_materials_nickel_plated_normal.png' remapped 'res://assets/building/textures/T_ai_materials_nickel_plated_normal.png' at thread -1
Loading resource: res://assets/building/textures/T_ai_materials_oak_quartered_albedo.png remapped: res://assets/building/textures/T_ai_materials_oak_quartered_albedo.png
Loading resource: res://.godot/imported/T_ai_materials_oak_quartered_albedo.png-297f64cf3d25514e7608b662f7373c0f.ctex remapped: res://.godot/imported/T_ai_materials_oak_quartered_albedo.png-297f64cf3d25514e7608b662f7373c0f.ctex
Completed load for: 'res://assets/building/textures/T_ai_materials_oak_quartered_albedo.png' remapped 'res://assets/building/textures/T_ai_materials_oak_quartered_albedo.png' at thread -1
Loading resource: res://assets/building/textures/T_ai_materials_oak_quartered_rough.png remapped: res://assets/building/textures/T_ai_materials_oak_quartered_rough.png
Loading resource: res://.godot/imported/T_ai_materials_oak_quartered_rough.png-03449fb60a448bed3ca97f0d4cb8fa03.ctex remapped: res://.godot/imported/T_ai_materials_oak_quartered_rough.png-03449fb60a448bed3ca97f0d4cb8fa03.ctex
Completed load for: 'res://assets/building/textures/T_ai_materials_oak_quartered_rough.png' remapped 'res://assets/building/textures/T_ai_materials_oak_quartered_rough.png' at thread -1
Loading resource: res://assets/building/textures/T_ai_materials_oak_quartered_normal.png remapped: res://assets/building/textures/T_ai_materials_oak_quartered_normal.png
Loading resource: res://.godot/imported/T_ai_materials_oak_quartered_normal.png-d8815249fe9a46b0a952acc2fb08483d.ctex remapped: res://.godot/imported/T_ai_materials_oak_quartered_normal.png-d8815249fe9a46b0a952acc2fb08483d.ctex
Completed load for: 'res://assets/building/textures/T_ai_materials_oak_quartered_normal.png' remapped 'res://assets/building/textures/T_ai_materials_oak_quartered_normal.png' at thread -1
Loading resource: res://assets/building/textures/T_ai_materials_paper_b_albedo.png remapped: res://assets/building/textures/T_ai_materials_paper_b_albedo.png
Loading resource: res://.godot/imported/T_ai_materials_paper_b_albedo.png-421a1c009ba26942a4eaa732ba4c671f.ctex remapped: res://.godot/imported/T_ai_materials_paper_b_albedo.png-421a1c009ba26942a4eaa732ba4c671f.ctex
Completed load for: 'res://assets/building/textures/T_ai_materials_paper_b_albedo.png' remapped 'res://assets/building/textures/T_ai_materials_paper_b_albedo.png' at thread -1
Loading resource: res://assets/building/textures/T_ai_materials_paper_b_rough.png remapped: res://assets/building/textures/T_ai_materials_paper_b_rough.png
Loading resource: res://.godot/imported/T_ai_materials_paper_b_rough.png-e1a95b941817017d152d2a94b19224cd.ctex remapped: res://.godot/imported/T_ai_materials_paper_b_rough.png-e1a95b941817017d152d2a94b19224cd.ctex
Completed load for: 'res://assets/building/textures/T_ai_materials_paper_b_rough.png' remapped 'res://assets/building/textures/T_ai_materials_paper_b_rough.png' at thread -1
Loading resource: res://assets/building/textures/T_ai_materials_paper_b_normal.png remapped: res://assets/building/textures/T_ai_materials_paper_b_normal.png
Loading resource: res://.godot/imported/T_ai_materials_paper_b_normal.png-38e6ec5a164684033ef11aa92bfb8ca9.ctex remapped: res://.godot/imported/T_ai_materials_paper_b_normal.png-38e6ec5a164684033ef11aa92bfb8ca9.ctex
Completed load for: 'res://assets/building/textures/T_ai_materials_paper_b_normal.png' remapped 'res://assets/building/textures/T_ai_materials_paper_b_normal.png' at thread -1
Loading resource: res://assets/building/textures/T_ai_materials_plant_b_albedo.png remapped: res://assets/building/textures/T_ai_materials_plant_b_albedo.png
Loading resource: res://.godot/imported/T_ai_materials_plant_b_albedo.png-a723edeeb29f1b98e9e5efa5bd017ef7.ctex remapped: res://.godot/imported/T_ai_materials_plant_b_albedo.png-a723edeeb29f1b98e9e5efa5bd017ef7.ctex
Completed load for: 'res://assets/building/textures/T_ai_materials_plant_b_albedo.png' remapped 'res://assets/building/textures/T_ai_materials_plant_b_albedo.png' at thread -1
Loading resource: res://assets/building/textures/T_ai_materials_plant_b_rough.png remapped: res://assets/building/textures/T_ai_materials_plant_b_rough.png
Loading resource: res://.godot/imported/T_ai_materials_plant_b_rough.png-5c0d0ca121ba917accf0df9e4c128938.ctex remapped: res://.godot/imported/T_ai_materials_plant_b_rough.png-5c0d0ca121ba917accf0df9e4c128938.ctex
Completed load for: 'res://assets/building/textures/T_ai_materials_plant_b_rough.png' remapped 'res://assets/building/textures/T_ai_materials_plant_b_rough.png' at thread -1
Loading resource: res://assets/building/textures/T_ai_materials_plant_b_normal.png remapped: res://assets/building/textures/T_ai_materials_plant_b_normal.png
Loading resource: res://.godot/imported/T_ai_materials_plant_b_normal.png-daf24dda82a665890315bf723a5ff2fe.ctex remapped: res://.godot/imported/T_ai_materials_plant_b_normal.png-daf24dda82a665890315bf723a5ff2fe.ctex
Completed load for: 'res://assets/building/textures/T_ai_materials_plant_b_normal.png' remapped 'res://assets/building/textures/T_ai_materials_plant_b_normal.png' at thread -1
Loading resource: res://assets/building/textures/T_ai_materials_plywood_b_albedo.png remapped: res://assets/building/textures/T_ai_materials_plywood_b_albedo.png
Loading resource: res://.godot/imported/T_ai_materials_plywood_b_albedo.png-dc1ad4ca1c1ef4804af8b34e03325978.ctex remapped: res://.godot/imported/T_ai_materials_plywood_b_albedo.png-dc1ad4ca1c1ef4804af8b34e03325978.ctex
Completed load for: 'res://assets/building/textures/T_ai_materials_plywood_b_albedo.png' remapped 'res://assets/building/textures/T_ai_materials_plywood_b_albedo.png' at thread -1
Loading resource: res://assets/building/textures/T_ai_materials_plywood_b_rough.png remapped: res://assets/building/textures/T_ai_materials_plywood_b_rough.png
Loading resource: res://.godot/imported/T_ai_materials_plywood_b_rough.png-30832090751937ae71fecdad42f6e42f.ctex remapped: res://.godot/imported/T_ai_materials_plywood_b_rough.png-30832090751937ae71fecdad42f6e42f.ctex
Completed load for: 'res://assets/building/textures/T_ai_materials_plywood_b_rough.png' remapped 'res://assets/building/textures/T_ai_materials_plywood_b_rough.png' at thread -1
Loading resource: res://assets/building/textures/T_ai_materials_plywood_b_normal.png remapped: res://assets/building/textures/T_ai_materials_plywood_b_normal.png
Loading resource: res://.godot/imported/T_ai_materials_plywood_b_normal.png-2d184c3e1ae02002a0fb2157a51d870c.ctex remapped: res://.godot/imported/T_ai_materials_plywood_b_normal.png-2d184c3e1ae02002a0fb2157a51d870c.ctex
Completed load for: 'res://assets/building/textures/T_ai_materials_plywood_b_normal.png' remapped 'res://assets/building/textures/T_ai_materials_plywood_b_normal.png' at thread -1
Loading resource: res://assets/building/textures/T_ai_materials_porcelain_b_albedo.png remapped: res://assets/building/textures/T_ai_materials_porcelain_b_albedo.png
Loading resource: res://.godot/imported/T_ai_materials_porcelain_b_albedo.png-8ea358576791348c4c69bb4acb66c614.ctex remapped: res://.godot/imported/T_ai_materials_porcelain_b_albedo.png-8ea358576791348c4c69bb4acb66c614.ctex
Completed load for: 'res://assets/building/textures/T_ai_materials_porcelain_b_albedo.png' remapped 'res://assets/building/textures/T_ai_materials_porcelain_b_albedo.png' at thread -1
Loading resource: res://assets/building/textures/T_ai_materials_porcelain_b_rough.png remapped: res://assets/building/textures/T_ai_materials_porcelain_b_rough.png
Loading resource: res://.godot/imported/T_ai_materials_porcelain_b_rough.png-e6669b74c43d2af8ba3addba3b82fe3e.ctex remapped: res://.godot/imported/T_ai_materials_porcelain_b_rough.png-e6669b74c43d2af8ba3addba3b82fe3e.ctex
Completed load for: 'res://assets/building/textures/T_ai_materials_porcelain_b_rough.png' remapped 'res://assets/building/textures/T_ai_materials_porcelain_b_rough.png' at thread -1
Loading resource: res://assets/building/textures/T_ai_materials_porcelain_b_normal.png remapped: res://assets/building/textures/T_ai_materials_porcelain_b_normal.png
Loading resource: res://.godot/imported/T_ai_materials_porcelain_b_normal.png-8d9ae3bce92e523a89bbfdd7d2aa7144.ctex remapped: res://.godot/imported/T_ai_materials_porcelain_b_normal.png-8d9ae3bce92e523a89bbfdd7d2aa7144.ctex
Completed load for: 'res://assets/building/textures/T_ai_materials_porcelain_b_normal.png' remapped 'res://assets/building/textures/T_ai_materials_porcelain_b_normal.png' at thread -1
Loading resource: res://assets/building/textures/T_ai_materials_rubber_aged_albedo.png remapped: res://assets/building/textures/T_ai_materials_rubber_aged_albedo.png
Loading resource: res://.godot/imported/T_ai_materials_rubber_aged_albedo.png-96f3ade22606d4ac925341043c66aa1a.ctex remapped: res://.godot/imported/T_ai_materials_rubber_aged_albedo.png-96f3ade22606d4ac925341043c66aa1a.ctex
Completed load for: 'res://assets/building/textures/T_ai_materials_rubber_aged_albedo.png' remapped 'res://assets/building/textures/T_ai_materials_rubber_aged_albedo.png' at thread -1
Loading resource: res://assets/building/textures/T_ai_materials_rubber_aged_rough.png remapped: res://assets/building/textures/T_ai_materials_rubber_aged_rough.png
Loading resource: res://.godot/imported/T_ai_materials_rubber_aged_rough.png-8391d5faf7c8ba79f1cb29ff69ea3ff3.ctex remapped: res://.godot/imported/T_ai_materials_rubber_aged_rough.png-8391d5faf7c8ba79f1cb29ff69ea3ff3.ctex
Completed load for: 'res://assets/building/textures/T_ai_materials_rubber_aged_rough.png' remapped 'res://assets/building/textures/T_ai_materials_rubber_aged_rough.png' at thread -1
Loading resource: res://assets/building/textures/T_ai_materials_rubber_aged_normal.png remapped: res://assets/building/textures/T_ai_materials_rubber_aged_normal.png
Loading resource: res://.godot/imported/T_ai_materials_rubber_aged_normal.png-d692fc1bd0aacf1695ff8e830e4b5180.ctex remapped: res://.godot/imported/T_ai_materials_rubber_aged_normal.png-d692fc1bd0aacf1695ff8e830e4b5180.ctex
Completed load for: 'res://assets/building/textures/T_ai_materials_rubber_aged_normal.png' remapped 'res://assets/building/textures/T_ai_materials_rubber_aged_normal.png' at thread -1
Loading resource: res://assets/building/textures/T_ai_materials_rug_warm_b_albedo.png remapped: res://assets/building/textures/T_ai_materials_rug_warm_b_albedo.png
Loading resource: res://.godot/imported/T_ai_materials_rug_warm_b_albedo.png-d55bfb77107dece480dec524403bae3f.ctex remapped: res://.godot/imported/T_ai_materials_rug_warm_b_albedo.png-d55bfb77107dece480dec524403bae3f.ctex
Completed load for: 'res://assets/building/textures/T_ai_materials_rug_warm_b_albedo.png' remapped 'res://assets/building/textures/T_ai_materials_rug_warm_b_albedo.png' at thread -1
Loading resource: res://assets/building/textures/T_ai_materials_rug_warm_b_rough.png remapped: res://assets/building/textures/T_ai_materials_rug_warm_b_rough.png
Loading resource: res://.godot/imported/T_ai_materials_rug_warm_b_rough.png-607c905bf68a904385c04762af86f404.ctex remapped: res://.godot/imported/T_ai_materials_rug_warm_b_rough.png-607c905bf68a904385c04762af86f404.ctex
Completed load for: 'res://assets/building/textures/T_ai_materials_rug_warm_b_rough.png' remapped 'res://assets/building/textures/T_ai_materials_rug_warm_b_rough.png' at thread -1
Loading resource: res://assets/building/textures/T_ai_materials_rug_warm_b_normal.png remapped: res://assets/building/textures/T_ai_materials_rug_warm_b_normal.png
Loading resource: res://.godot/imported/T_ai_materials_rug_warm_b_normal.png-aecc2557b1397f93d6edf1167c640dd3.ctex remapped: res://.godot/imported/T_ai_materials_rug_warm_b_normal.png-aecc2557b1397f93d6edf1167c640dd3.ctex
Completed load for: 'res://assets/building/textures/T_ai_materials_rug_warm_b_normal.png' remapped 'res://assets/building/textures/T_ai_materials_rug_warm_b_normal.png' at thread -1
Loading resource: res://assets/building/textures/T_ai_materials_safety_orange_b_albedo.png remapped: res://assets/building/textures/T_ai_materials_safety_orange_b_albedo.png
Loading resource: res://.godot/imported/T_ai_materials_safety_orange_b_albedo.png-abaf1fb6cf4aaf7771f8f602470c2f18.ctex remapped: res://.godot/imported/T_ai_materials_safety_orange_b_albedo.png-abaf1fb6cf4aaf7771f8f602470c2f18.ctex
Completed load for: 'res://assets/building/textures/T_ai_materials_safety_orange_b_albedo.png' remapped 'res://assets/building/textures/T_ai_materials_safety_orange_b_albedo.png' at thread -1
Loading resource: res://assets/building/textures/T_ai_materials_safety_orange_b_rough.png remapped: res://assets/building/textures/T_ai_materials_safety_orange_b_rough.png
Loading resource: res://.godot/imported/T_ai_materials_safety_orange_b_rough.png-b889f1dcc342af94b84d6e577c098ac9.ctex remapped: res://.godot/imported/T_ai_materials_safety_orange_b_rough.png-b889f1dcc342af94b84d6e577c098ac9.ctex
Completed load for: 'res://assets/building/textures/T_ai_materials_safety_orange_b_rough.png' remapped 'res://assets/building/textures/T_ai_materials_safety_orange_b_rough.png' at thread -1
Loading resource: res://assets/building/textures/T_ai_materials_safety_orange_b_normal.png remapped: res://assets/building/textures/T_ai_materials_safety_orange_b_normal.png
Loading resource: res://.godot/imported/T_ai_materials_safety_orange_b_normal.png-f703bdcff07b14dfe6b2512464d21398.ctex remapped: res://.godot/imported/T_ai_materials_safety_orange_b_normal.png-f703bdcff07b14dfe6b2512464d21398.ctex
Completed load for: 'res://assets/building/textures/T_ai_materials_safety_orange_b_normal.png' remapped 'res://assets/building/textures/T_ai_materials_safety_orange_b_normal.png' at thread -1
Loading resource: res://assets/building/textures/T_ai_materials_soil_b_albedo.png remapped: res://assets/building/textures/T_ai_materials_soil_b_albedo.png
Loading resource: res://.godot/imported/T_ai_materials_soil_b_albedo.png-911640b61f09a8661d77879c5aa2a3cb.ctex remapped: res://.godot/imported/T_ai_materials_soil_b_albedo.png-911640b61f09a8661d77879c5aa2a3cb.ctex
Completed load for: 'res://assets/building/textures/T_ai_materials_soil_b_albedo.png' remapped 'res://assets/building/textures/T_ai_materials_soil_b_albedo.png' at thread -1
Loading resource: res://assets/building/textures/T_ai_materials_soil_b_rough.png remapped: res://assets/building/textures/T_ai_materials_soil_b_rough.png
Loading resource: res://.godot/imported/T_ai_materials_soil_b_rough.png-ced51430f07cf3261c2c988809d8408c.ctex remapped: res://.godot/imported/T_ai_materials_soil_b_rough.png-ced51430f07cf3261c2c988809d8408c.ctex
Completed load for: 'res://assets/building/textures/T_ai_materials_soil_b_rough.png' remapped 'res://assets/building/textures/T_ai_materials_soil_b_rough.png' at thread -1
Loading resource: res://assets/building/textures/T_ai_materials_soil_b_normal.png remapped: res://assets/building/textures/T_ai_materials_soil_b_normal.png
Loading resource: res://.godot/imported/T_ai_materials_soil_b_normal.png-cc2d024d57a05380cbb084a26c50a76a.ctex remapped: res://.godot/imported/T_ai_materials_soil_b_normal.png-cc2d024d57a05380cbb084a26c50a76a.ctex
Completed load for: 'res://assets/building/textures/T_ai_materials_soil_b_normal.png' remapped 'res://assets/building/textures/T_ai_materials_soil_b_normal.png' at thread -1
Loading resource: res://assets/building/textures/T_ai_materials_soot_b_albedo.png remapped: res://assets/building/textures/T_ai_materials_soot_b_albedo.png
Loading resource: res://.godot/imported/T_ai_materials_soot_b_albedo.png-0897afdc04ac2a1f237960d965a183ba.ctex remapped: res://.godot/imported/T_ai_materials_soot_b_albedo.png-0897afdc04ac2a1f237960d965a183ba.ctex
Completed load for: 'res://assets/building/textures/T_ai_materials_soot_b_albedo.png' remapped 'res://assets/building/textures/T_ai_materials_soot_b_albedo.png' at thread -1
Loading resource: res://assets/building/textures/T_ai_materials_soot_b_rough.png remapped: res://assets/building/textures/T_ai_materials_soot_b_rough.png
Loading resource: res://.godot/imported/T_ai_materials_soot_b_rough.png-3de196a13c585b3a96e4601e46de3bf7.ctex remapped: res://.godot/imported/T_ai_materials_soot_b_rough.png-3de196a13c585b3a96e4601e46de3bf7.ctex
Completed load for: 'res://assets/building/textures/T_ai_materials_soot_b_rough.png' remapped 'res://assets/building/textures/T_ai_materials_soot_b_rough.png' at thread -1
Loading resource: res://assets/building/textures/T_ai_materials_soot_b_normal.png remapped: res://assets/building/textures/T_ai_materials_soot_b_normal.png
Loading resource: res://.godot/imported/T_ai_materials_soot_b_normal.png-6a5a435051cc86c38e6e90e8059d6cf1.ctex remapped: res://.godot/imported/T_ai_materials_soot_b_normal.png-6a5a435051cc86c38e6e90e8059d6cf1.ctex
Completed load for: 'res://assets/building/textures/T_ai_materials_soot_b_normal.png' remapped 'res://assets/building/textures/T_ai_materials_soot_b_normal.png' at thread -1
Loading resource: res://assets/building/textures/T_ai_materials_stairwell_teal_b_albedo.png remapped: res://assets/building/textures/T_ai_materials_stairwell_teal_b_albedo.png
Loading resource: res://.godot/imported/T_ai_materials_stairwell_teal_b_albedo.png-f346b97c2c9f3a11d6babdf072bc54cf.ctex remapped: res://.godot/imported/T_ai_materials_stairwell_teal_b_albedo.png-f346b97c2c9f3a11d6babdf072bc54cf.ctex
Completed load for: 'res://assets/building/textures/T_ai_materials_stairwell_teal_b_albedo.png' remapped 'res://assets/building/textures/T_ai_materials_stairwell_teal_b_albedo.png' at thread -1
Loading resource: res://assets/building/textures/T_ai_materials_stairwell_teal_b_rough.png remapped: res://assets/building/textures/T_ai_materials_stairwell_teal_b_rough.png
Loading resource: res://.godot/imported/T_ai_materials_stairwell_teal_b_rough.png-fecb08ab795128c1d9e214ec72a3981c.ctex remapped: res://.godot/imported/T_ai_materials_stairwell_teal_b_rough.png-fecb08ab795128c1d9e214ec72a3981c.ctex
Completed load for: 'res://assets/building/textures/T_ai_materials_stairwell_teal_b_rough.png' remapped 'res://assets/building/textures/T_ai_materials_stairwell_teal_b_rough.png' at thread -1
Loading resource: res://assets/building/textures/T_ai_materials_stairwell_teal_b_normal.png remapped: res://assets/building/textures/T_ai_materials_stairwell_teal_b_normal.png
Loading resource: res://.godot/imported/T_ai_materials_stairwell_teal_b_normal.png-bf57af8a648d5fc69d3477f14b690e70.ctex remapped: res://.godot/imported/T_ai_materials_stairwell_teal_b_normal.png-bf57af8a648d5fc69d3477f14b690e70.ctex
Completed load for: 'res://assets/building/textures/T_ai_materials_stairwell_teal_b_normal.png' remapped 'res://assets/building/textures/T_ai_materials_stairwell_teal_b_normal.png' at thread -1
Loading resource: res://assets/building/textures/T_ai_materials_terracotta_b_albedo.png remapped: res://assets/building/textures/T_ai_materials_terracotta_b_albedo.png
Loading resource: res://.godot/imported/T_ai_materials_terracotta_b_albedo.png-558383554baeab13588e22d235d334f6.ctex remapped: res://.godot/imported/T_ai_materials_terracotta_b_albedo.png-558383554baeab13588e22d235d334f6.ctex
Completed load for: 'res://assets/building/textures/T_ai_materials_terracotta_b_albedo.png' remapped 'res://assets/building/textures/T_ai_materials_terracotta_b_albedo.png' at thread -1
Loading resource: res://assets/building/textures/T_ai_materials_terracotta_b_rough.png remapped: res://assets/building/textures/T_ai_materials_terracotta_b_rough.png
Loading resource: res://.godot/imported/T_ai_materials_terracotta_b_rough.png-d0527e14ab509d67d1e99248be073810.ctex remapped: res://.godot/imported/T_ai_materials_terracotta_b_rough.png-d0527e14ab509d67d1e99248be073810.ctex
Completed load for: 'res://assets/building/textures/T_ai_materials_terracotta_b_rough.png' remapped 'res://assets/building/textures/T_ai_materials_terracotta_b_rough.png' at thread -1
Loading resource: res://assets/building/textures/T_ai_materials_terracotta_b_normal.png remapped: res://assets/building/textures/T_ai_materials_terracotta_b_normal.png
Loading resource: res://.godot/imported/T_ai_materials_terracotta_b_normal.png-ae748eb8f2c8bd668a9e538fe58abca3.ctex remapped: res://.godot/imported/T_ai_materials_terracotta_b_normal.png-ae748eb8f2c8bd668a9e538fe58abca3.ctex
Completed load for: 'res://assets/building/textures/T_ai_materials_terracotta_b_normal.png' remapped 'res://assets/building/textures/T_ai_materials_terracotta_b_normal.png' at thread -1
Loading resource: res://assets/building/textures/T_ai_materials_timber_b_albedo.png remapped: res://assets/building/textures/T_ai_materials_timber_b_albedo.png
Loading resource: res://.godot/imported/T_ai_materials_timber_b_albedo.png-ba5723359a0c7f490e787d6fcd6938b8.ctex remapped: res://.godot/imported/T_ai_materials_timber_b_albedo.png-ba5723359a0c7f490e787d6fcd6938b8.ctex
Completed load for: 'res://assets/building/textures/T_ai_materials_timber_b_albedo.png' remapped 'res://assets/building/textures/T_ai_materials_timber_b_albedo.png' at thread -1
Loading resource: res://assets/building/textures/T_ai_materials_timber_b_rough.png remapped: res://assets/building/textures/T_ai_materials_timber_b_rough.png
Loading resource: res://.godot/imported/T_ai_materials_timber_b_rough.png-cfcde5f63c3841b86ec08444120a125a.ctex remapped: res://.godot/imported/T_ai_materials_timber_b_rough.png-cfcde5f63c3841b86ec08444120a125a.ctex
Completed load for: 'res://assets/building/textures/T_ai_materials_timber_b_rough.png' remapped 'res://assets/building/textures/T_ai_materials_timber_b_rough.png' at thread -1
Loading resource: res://assets/building/textures/T_ai_materials_timber_b_normal.png remapped: res://assets/building/textures/T_ai_materials_timber_b_normal.png
Loading resource: res://.godot/imported/T_ai_materials_timber_b_normal.png-a70b22fbeccd4c4e8707ed82bde12dd8.ctex remapped: res://.godot/imported/T_ai_materials_timber_b_normal.png-a70b22fbeccd4c4e8707ed82bde12dd8.ctex
Completed load for: 'res://assets/building/textures/T_ai_materials_timber_b_normal.png' remapped 'res://assets/building/textures/T_ai_materials_timber_b_normal.png' at thread -1
Loading resource: res://assets/building/textures/T_ai_materials_trim_b_albedo.png remapped: res://assets/building/textures/T_ai_materials_trim_b_albedo.png
Loading resource: res://.godot/imported/T_ai_materials_trim_b_albedo.png-441acffa3e278d4e64392230ed9e53e1.ctex remapped: res://.godot/imported/T_ai_materials_trim_b_albedo.png-441acffa3e278d4e64392230ed9e53e1.ctex
Completed load for: 'res://assets/building/textures/T_ai_materials_trim_b_albedo.png' remapped 'res://assets/building/textures/T_ai_materials_trim_b_albedo.png' at thread -1
Loading resource: res://assets/building/textures/T_ai_materials_trim_b_rough.png remapped: res://assets/building/textures/T_ai_materials_trim_b_rough.png
Loading resource: res://.godot/imported/T_ai_materials_trim_b_rough.png-6887850f6bea04c593a6075192033530.ctex remapped: res://.godot/imported/T_ai_materials_trim_b_rough.png-6887850f6bea04c593a6075192033530.ctex
Completed load for: 'res://assets/building/textures/T_ai_materials_trim_b_rough.png' remapped 'res://assets/building/textures/T_ai_materials_trim_b_rough.png' at thread -1
Loading resource: res://assets/building/textures/T_ai_materials_trim_b_normal.png remapped: res://assets/building/textures/T_ai_materials_trim_b_normal.png
Loading resource: res://.godot/imported/T_ai_materials_trim_b_normal.png-33e5124c0f24d930a9eb50d7b016cdfa.ctex remapped: res://.godot/imported/T_ai_materials_trim_b_normal.png-33e5124c0f24d930a9eb50d7b016cdfa.ctex
Completed load for: 'res://assets/building/textures/T_ai_materials_trim_b_normal.png' remapped 'res://assets/building/textures/T_ai_materials_trim_b_normal.png' at thread -1
Loading resource: res://assets/building/textures/T_ai_materials_vinyl_oxblood_b_albedo.png remapped: res://assets/building/textures/T_ai_materials_vinyl_oxblood_b_albedo.png
Loading resource: res://.godot/imported/T_ai_materials_vinyl_oxblood_b_albedo.png-1caf8baddbd386721d87ea98df5f8659.ctex remapped: res://.godot/imported/T_ai_materials_vinyl_oxblood_b_albedo.png-1caf8baddbd386721d87ea98df5f8659.ctex
Completed load for: 'res://assets/building/textures/T_ai_materials_vinyl_oxblood_b_albedo.png' remapped 'res://assets/building/textures/T_ai_materials_vinyl_oxblood_b_albedo.png' at thread -1
Loading resource: res://assets/building/textures/T_ai_materials_vinyl_oxblood_b_rough.png remapped: res://assets/building/textures/T_ai_materials_vinyl_oxblood_b_rough.png
Loading resource: res://.godot/imported/T_ai_materials_vinyl_oxblood_b_rough.png-65ebd662c8847f751ba7b8dcbc7b7fed.ctex remapped: res://.godot/imported/T_ai_materials_vinyl_oxblood_b_rough.png-65ebd662c8847f751ba7b8dcbc7b7fed.ctex
Completed load for: 'res://assets/building/textures/T_ai_materials_vinyl_oxblood_b_rough.png' remapped 'res://assets/building/textures/T_ai_materials_vinyl_oxblood_b_rough.png' at thread -1
Loading resource: res://assets/building/textures/T_ai_materials_vinyl_oxblood_b_normal.png remapped: res://assets/building/textures/T_ai_materials_vinyl_oxblood_b_normal.png
Loading resource: res://.godot/imported/T_ai_materials_vinyl_oxblood_b_normal.png-06bcf5a0c9107b001fbe9c3288594ad5.ctex remapped: res://.godot/imported/T_ai_materials_vinyl_oxblood_b_normal.png-06bcf5a0c9107b001fbe9c3288594ad5.ctex
Completed load for: 'res://assets/building/textures/T_ai_materials_vinyl_oxblood_b_normal.png' remapped 'res://assets/building/textures/T_ai_materials_vinyl_oxblood_b_normal.png' at thread -1
Loading resource: res://assets/building/textures/T_ai_materials_wood_dark_b_albedo.png remapped: res://assets/building/textures/T_ai_materials_wood_dark_b_albedo.png
Loading resource: res://.godot/imported/T_ai_materials_wood_dark_b_albedo.png-02739701ec626c283c259a19e579ab2e.ctex remapped: res://.godot/imported/T_ai_materials_wood_dark_b_albedo.png-02739701ec626c283c259a19e579ab2e.ctex
Completed load for: 'res://assets/building/textures/T_ai_materials_wood_dark_b_albedo.png' remapped 'res://assets/building/textures/T_ai_materials_wood_dark_b_albedo.png' at thread -1
Loading resource: res://assets/building/textures/T_ai_materials_wood_dark_b_rough.png remapped: res://assets/building/textures/T_ai_materials_wood_dark_b_rough.png
Loading resource: res://.godot/imported/T_ai_materials_wood_dark_b_rough.png-f6ee1d159ba23f36685f2519abd45255.ctex remapped: res://.godot/imported/T_ai_materials_wood_dark_b_rough.png-f6ee1d159ba23f36685f2519abd45255.ctex
Completed load for: 'res://assets/building/textures/T_ai_materials_wood_dark_b_rough.png' remapped 'res://assets/building/textures/T_ai_materials_wood_dark_b_rough.png' at thread -1
Loading resource: res://assets/building/textures/T_ai_materials_wood_dark_b_normal.png remapped: res://assets/building/textures/T_ai_materials_wood_dark_b_normal.png
Loading resource: res://.godot/imported/T_ai_materials_wood_dark_b_normal.png-8e7e968868e60454cce60c5f7665b77b.ctex remapped: res://.godot/imported/T_ai_materials_wood_dark_b_normal.png-8e7e968868e60454cce60c5f7665b77b.ctex
Completed load for: 'res://assets/building/textures/T_ai_materials_wood_dark_b_normal.png' remapped 'res://assets/building/textures/T_ai_materials_wood_dark_b_normal.png' at thread -1
Loading resource: res://assets/building/textures/T_ai_materials_art_albedo.png remapped: res://assets/building/textures/T_ai_materials_art_albedo.png
Loading resource: res://.godot/imported/T_ai_materials_art_albedo.png-fe11014bcf89a53d9db44015545ee5e5.ctex remapped: res://.godot/imported/T_ai_materials_art_albedo.png-fe11014bcf89a53d9db44015545ee5e5.ctex
Completed load for: 'res://assets/building/textures/T_ai_materials_art_albedo.png' remapped 'res://assets/building/textures/T_ai_materials_art_albedo.png' at thread -1
Loading resource: res://assets/building/textures/T_ai_materials_art_rough.png remapped: res://assets/building/textures/T_ai_materials_art_rough.png
Loading resource: res://.godot/imported/T_ai_materials_art_rough.png-2df5bff4f8155be30a41be3e562105c2.ctex remapped: res://.godot/imported/T_ai_materials_art_rough.png-2df5bff4f8155be30a41be3e562105c2.ctex
Completed load for: 'res://assets/building/textures/T_ai_materials_art_rough.png' remapped 'res://assets/building/textures/T_ai_materials_art_rough.png' at thread -1
Loading resource: res://assets/building/textures/T_ai_materials_art_normal.png remapped: res://assets/building/textures/T_ai_materials_art_normal.png
Loading resource: res://.godot/imported/T_ai_materials_art_normal.png-a61dad41a58cf1c1a1793fdc902f77cf.ctex remapped: res://.godot/imported/T_ai_materials_art_normal.png-a61dad41a58cf1c1a1793fdc902f77cf.ctex
Completed load for: 'res://assets/building/textures/T_ai_materials_art_normal.png' remapped 'res://assets/building/textures/T_ai_materials_art_normal.png' at thread -1
Loading resource: res://assets/building/textures/T_ai_materials_asphalt_b_albedo.png remapped: res://assets/building/textures/T_ai_materials_asphalt_b_albedo.png
Loading resource: res://.godot/imported/T_ai_materials_asphalt_b_albedo.png-8de44624e599b044f75d1fc754597de7.ctex remapped: res://.godot/imported/T_ai_materials_asphalt_b_albedo.png-8de44624e599b044f75d1fc754597de7.ctex
Completed load for: 'res://assets/building/textures/T_ai_materials_asphalt_b_albedo.png' remapped 'res://assets/building/textures/T_ai_materials_asphalt_b_albedo.png' at thread -1
Loading resource: res://assets/building/textures/T_ai_materials_asphalt_b_rough.png remapped: res://assets/building/textures/T_ai_materials_asphalt_b_rough.png
Loading resource: res://.godot/imported/T_ai_materials_asphalt_b_rough.png-487eb43442d70a7703e706b935fefded.ctex remapped: res://.godot/imported/T_ai_materials_asphalt_b_rough.png-487eb43442d70a7703e706b935fefded.ctex
Completed load for: 'res://assets/building/textures/T_ai_materials_asphalt_b_rough.png' remapped 'res://assets/building/textures/T_ai_materials_asphalt_b_rough.png' at thread -1
Loading resource: res://assets/building/textures/T_ai_materials_asphalt_b_normal.png remapped: res://assets/building/textures/T_ai_materials_asphalt_b_normal.png
Loading resource: res://.godot/imported/T_ai_materials_asphalt_b_normal.png-87f03ae87cc5887d2c8bb8f242e105fc.ctex remapped: res://.godot/imported/T_ai_materials_asphalt_b_normal.png-87f03ae87cc5887d2c8bb8f242e105fc.ctex
Completed load for: 'res://assets/building/textures/T_ai_materials_asphalt_b_normal.png' remapped 'res://assets/building/textures/T_ai_materials_asphalt_b_normal.png' at thread -1
Loading resource: res://assets/building/textures/T_generated_blind_slat_albedo.png remapped: res://assets/building/textures/T_generated_blind_slat_albedo.png
Loading resource: res://.godot/imported/T_generated_blind_slat_albedo.png-3c8ee5e2e29c845a1b07f8d9a4c27abb.ctex remapped: res://.godot/imported/T_generated_blind_slat_albedo.png-3c8ee5e2e29c845a1b07f8d9a4c27abb.ctex
Completed load for: 'res://assets/building/textures/T_generated_blind_slat_albedo.png' remapped 'res://assets/building/textures/T_generated_blind_slat_albedo.png' at thread -1
Loading resource: res://assets/building/textures/T_generated_blind_slat_rough.png remapped: res://assets/building/textures/T_generated_blind_slat_rough.png
Loading resource: res://.godot/imported/T_generated_blind_slat_rough.png-cc1f33f838057ee0a150d709f78fb20e.ctex remapped: res://.godot/imported/T_generated_blind_slat_rough.png-cc1f33f838057ee0a150d709f78fb20e.ctex
Completed load for: 'res://assets/building/textures/T_generated_blind_slat_rough.png' remapped 'res://assets/building/textures/T_generated_blind_slat_rough.png' at thread -1
Loading resource: res://assets/building/textures/T_generated_blind_slat_normal.png remapped: res://assets/building/textures/T_generated_blind_slat_normal.png
Loading resource: res://.godot/imported/T_generated_blind_slat_normal.png-aeace9a425cafb5de48e63d2b0b44ec0.ctex remapped: res://.godot/imported/T_generated_blind_slat_normal.png-aeace9a425cafb5de48e63d2b0b44ec0.ctex
Completed load for: 'res://assets/building/textures/T_generated_blind_slat_normal.png' remapped 'res://assets/building/textures/T_generated_blind_slat_normal.png' at thread -1
Loading resource: res://assets/building/textures/T_ai_materials_brick_patched_b_albedo.png remapped: res://assets/building/textures/T_ai_materials_brick_patched_b_albedo.png
Loading resource: res://.godot/imported/T_ai_materials_brick_patched_b_albedo.png-c82a6c19ab85893e0a503c6fd4cdd6ee.ctex remapped: res://.godot/imported/T_ai_materials_brick_patched_b_albedo.png-c82a6c19ab85893e0a503c6fd4cdd6ee.ctex
Completed load for: 'res://assets/building/textures/T_ai_materials_brick_patched_b_albedo.png' remapped 'res://assets/building/textures/T_ai_materials_brick_patched_b_albedo.png' at thread -1
Loading resource: res://assets/building/textures/T_ai_materials_brick_patched_b_rough.png remapped: res://assets/building/textures/T_ai_materials_brick_patched_b_rough.png
Loading resource: res://.godot/imported/T_ai_materials_brick_patched_b_rough.png-6ba095b23798ab1e55ea07bb7f6d0a20.ctex remapped: res://.godot/imported/T_ai_materials_brick_patched_b_rough.png-6ba095b23798ab1e55ea07bb7f6d0a20.ctex
Completed load for: 'res://assets/building/textures/T_ai_materials_brick_patched_b_rough.png' remapped 'res://assets/building/textures/T_ai_materials_brick_patched_b_rough.png' at thread -1
Loading resource: res://assets/building/textures/T_ai_materials_brick_patched_b_normal.png remapped: res://assets/building/textures/T_ai_materials_brick_patched_b_normal.png
Loading resource: res://.godot/imported/T_ai_materials_brick_patched_b_normal.png-30991261efce5ece05515eaf48397c1a.ctex remapped: res://.godot/imported/T_ai_materials_brick_patched_b_normal.png-30991261efce5ece05515eaf48397c1a.ctex
Completed load for: 'res://assets/building/textures/T_ai_materials_brick_patched_b_normal.png' remapped 'res://assets/building/textures/T_ai_materials_brick_patched_b_normal.png' at thread -1
Loading resource: res://assets/building/textures/T_ai_materials_common_brick_b_albedo.png remapped: res://assets/building/textures/T_ai_materials_common_brick_b_albedo.png
Loading resource: res://.godot/imported/T_ai_materials_common_brick_b_albedo.png-e59ad40e41945f6629a91bafebdb8249.ctex remapped: res://.godot/imported/T_ai_materials_common_brick_b_albedo.png-e59ad40e41945f6629a91bafebdb8249.ctex
Completed load for: 'res://assets/building/textures/T_ai_materials_common_brick_b_albedo.png' remapped 'res://assets/building/textures/T_ai_materials_common_brick_b_albedo.png' at thread -1
Loading resource: res://assets/building/textures/T_ai_materials_common_brick_b_rough.png remapped: res://assets/building/textures/T_ai_materials_common_brick_b_rough.png
Loading resource: res://.godot/imported/T_ai_materials_common_brick_b_rough.png-6e302458583aa1d4ccce97aa5dc26fcd.ctex remapped: res://.godot/imported/T_ai_materials_common_brick_b_rough.png-6e302458583aa1d4ccce97aa5dc26fcd.ctex
Completed load for: 'res://assets/building/textures/T_ai_materials_common_brick_b_rough.png' remapped 'res://assets/building/textures/T_ai_materials_common_brick_b_rough.png' at thread -1
Loading resource: res://assets/building/textures/T_ai_materials_common_brick_b_normal.png remapped: res://assets/building/textures/T_ai_materials_common_brick_b_normal.png
Loading resource: res://.godot/imported/T_ai_materials_common_brick_b_normal.png-62bb76da8e9eb531104bf21e0f125c03.ctex remapped: res://.godot/imported/T_ai_materials_common_brick_b_normal.png-62bb76da8e9eb531104bf21e0f125c03.ctex
Completed load for: 'res://assets/building/textures/T_ai_materials_common_brick_b_normal.png' remapped 'res://assets/building/textures/T_ai_materials_common_brick_b_normal.png' at thread -1
Loading resource: res://assets/building/textures/T_ai_materials_face_brick_b_albedo.png remapped: res://assets/building/textures/T_ai_materials_face_brick_b_albedo.png
Loading resource: res://.godot/imported/T_ai_materials_face_brick_b_albedo.png-b119d4e5ea3b373eaaf99c0da7a78044.ctex remapped: res://.godot/imported/T_ai_materials_face_brick_b_albedo.png-b119d4e5ea3b373eaaf99c0da7a78044.ctex
Completed load for: 'res://assets/building/textures/T_ai_materials_face_brick_b_albedo.png' remapped 'res://assets/building/textures/T_ai_materials_face_brick_b_albedo.png' at thread -1
Loading resource: res://assets/building/textures/T_ai_materials_face_brick_b_rough.png remapped: res://assets/building/textures/T_ai_materials_face_brick_b_rough.png
Loading resource: res://.godot/imported/T_ai_materials_face_brick_b_rough.png-7fe22c35029b1d7a2d67a08bde48dcab.ctex remapped: res://.godot/imported/T_ai_materials_face_brick_b_rough.png-7fe22c35029b1d7a2d67a08bde48dcab.ctex
Completed load for: 'res://assets/building/textures/T_ai_materials_face_brick_b_rough.png' remapped 'res://assets/building/textures/T_ai_materials_face_brick_b_rough.png' at thread -1
Loading resource: res://assets/building/textures/T_ai_materials_face_brick_b_normal.png remapped: res://assets/building/textures/T_ai_materials_face_brick_b_normal.png
Loading resource: res://.godot/imported/T_ai_materials_face_brick_b_normal.png-073ff5e19fbda8815adfd131a9ec0bd8.ctex remapped: res://.godot/imported/T_ai_materials_face_brick_b_normal.png-073ff5e19fbda8815adfd131a9ec0bd8.ctex
Completed load for: 'res://assets/building/textures/T_ai_materials_face_brick_b_normal.png' remapped 'res://assets/building/textures/T_ai_materials_face_brick_b_normal.png' at thread -1
Loading resource: res://assets/building/textures/T_fx_fx_damp.png remapped: res://assets/building/textures/T_fx_fx_damp.png
Loading resource: res://.godot/imported/T_fx_fx_damp.png-03ed569d182c79c3cbf964cb180a6ba9.ctex remapped: res://.godot/imported/T_fx_fx_damp.png-03ed569d182c79c3cbf964cb180a6ba9.ctex
Completed load for: 'res://assets/building/textures/T_fx_fx_damp.png' remapped 'res://assets/building/textures/T_fx_fx_damp.png' at thread -1
Loading resource: res://assets/building/textures/T_fx_fx_damp_rough.png remapped: res://assets/building/textures/T_fx_fx_damp_rough.png
Loading resource: res://.godot/imported/T_fx_fx_damp_rough.png-5812dc7b1159e493b21bd5749c7f1e44.ctex remapped: res://.godot/imported/T_fx_fx_damp_rough.png-5812dc7b1159e493b21bd5749c7f1e44.ctex
Completed load for: 'res://assets/building/textures/T_fx_fx_damp_rough.png' remapped 'res://assets/building/textures/T_fx_fx_damp_rough.png' at thread -1
Loading resource: res://assets/building/textures/T_fx_fx_damp_normal.png remapped: res://assets/building/textures/T_fx_fx_damp_normal.png
Loading resource: res://.godot/imported/T_fx_fx_damp_normal.png-1cad432da939fec3abe5b3827a23465c.ctex remapped: res://.godot/imported/T_fx_fx_damp_normal.png-1cad432da939fec3abe5b3827a23465c.ctex
Completed load for: 'res://assets/building/textures/T_fx_fx_damp_normal.png' remapped 'res://assets/building/textures/T_fx_fx_damp_normal.png' at thread -1
Loading resource: res://assets/building/textures/T_ai_materials_leaf_fall_b_albedo.png remapped: res://assets/building/textures/T_ai_materials_leaf_fall_b_albedo.png
Loading resource: res://.godot/imported/T_ai_materials_leaf_fall_b_albedo.png-626df676ba5f3650664aec0600001a77.ctex remapped: res://.godot/imported/T_ai_materials_leaf_fall_b_albedo.png-626df676ba5f3650664aec0600001a77.ctex
Completed load for: 'res://assets/building/textures/T_ai_materials_leaf_fall_b_albedo.png' remapped 'res://assets/building/textures/T_ai_materials_leaf_fall_b_albedo.png' at thread -1
Loading resource: res://assets/building/textures/T_ai_materials_leaf_fall_b_rough.png remapped: res://assets/building/textures/T_ai_materials_leaf_fall_b_rough.png
Loading resource: res://.godot/imported/T_ai_materials_leaf_fall_b_rough.png-732c9a00da154a9a2da89b75327fcec0.ctex remapped: res://.godot/imported/T_ai_materials_leaf_fall_b_rough.png-732c9a00da154a9a2da89b75327fcec0.ctex
Completed load for: 'res://assets/building/textures/T_ai_materials_leaf_fall_b_rough.png' remapped 'res://assets/building/textures/T_ai_materials_leaf_fall_b_rough.png' at thread -1
Loading resource: res://assets/building/textures/T_ai_materials_leaf_fall_b_normal.png remapped: res://assets/building/textures/T_ai_materials_leaf_fall_b_normal.png
Loading resource: res://.godot/imported/T_ai_materials_leaf_fall_b_normal.png-6ccd1f2a1089e6caa8a85111ed21ba58.ctex remapped: res://.godot/imported/T_ai_materials_leaf_fall_b_normal.png-6ccd1f2a1089e6caa8a85111ed21ba58.ctex
Completed load for: 'res://assets/building/textures/T_ai_materials_leaf_fall_b_normal.png' remapped 'res://assets/building/textures/T_ai_materials_leaf_fall_b_normal.png' at thread -1
Loading resource: res://assets/building/textures/T_ai_materials_limestone_b_albedo.png remapped: res://assets/building/textures/T_ai_materials_limestone_b_albedo.png
Loading resource: res://.godot/imported/T_ai_materials_limestone_b_albedo.png-40c871f48b82ac29f887fa07e5d8adb0.ctex remapped: res://.godot/imported/T_ai_materials_limestone_b_albedo.png-40c871f48b82ac29f887fa07e5d8adb0.ctex
Completed load for: 'res://assets/building/textures/T_ai_materials_limestone_b_albedo.png' remapped 'res://assets/building/textures/T_ai_materials_limestone_b_albedo.png' at thread -1
Loading resource: res://assets/building/textures/T_ai_materials_limestone_b_rough.png remapped: res://assets/building/textures/T_ai_materials_limestone_b_rough.png
Loading resource: res://.godot/imported/T_ai_materials_limestone_b_rough.png-c07bdeeed478c3c1cc7382375c35634f.ctex remapped: res://.godot/imported/T_ai_materials_limestone_b_rough.png-c07bdeeed478c3c1cc7382375c35634f.ctex
Completed load for: 'res://assets/building/textures/T_ai_materials_limestone_b_rough.png' remapped 'res://assets/building/textures/T_ai_materials_limestone_b_rough.png' at thread -1
Loading resource: res://assets/building/textures/T_ai_materials_limestone_b_normal.png remapped: res://assets/building/textures/T_ai_materials_limestone_b_normal.png
Loading resource: res://.godot/imported/T_ai_materials_limestone_b_normal.png-f6f9850d5a4a004e954576005d51295d.ctex remapped: res://.godot/imported/T_ai_materials_limestone_b_normal.png-f6f9850d5a4a004e954576005d51295d.ctex
Completed load for: 'res://assets/building/textures/T_ai_materials_limestone_b_normal.png' remapped 'res://assets/building/textures/T_ai_materials_limestone_b_normal.png' at thread -1
Loading resource: res://assets/building/textures/T_ai_materials_linoleum_b_albedo.png remapped: res://assets/building/textures/T_ai_materials_linoleum_b_albedo.png
Loading resource: res://.godot/imported/T_ai_materials_linoleum_b_albedo.png-c149c3171f62ffc61c2c23fa6b1bdbfb.ctex remapped: res://.godot/imported/T_ai_materials_linoleum_b_albedo.png-c149c3171f62ffc61c2c23fa6b1bdbfb.ctex
Completed load for: 'res://assets/building/textures/T_ai_materials_linoleum_b_albedo.png' remapped 'res://assets/building/textures/T_ai_materials_linoleum_b_albedo.png' at thread -1
Loading resource: res://assets/building/textures/T_ai_materials_linoleum_b_rough.png remapped: res://assets/building/textures/T_ai_materials_linoleum_b_rough.png
Loading resource: res://.godot/imported/T_ai_materials_linoleum_b_rough.png-aa9676c113c2e323f4c534808d99ac37.ctex remapped: res://.godot/imported/T_ai_materials_linoleum_b_rough.png-aa9676c113c2e323f4c534808d99ac37.ctex
Completed load for: 'res://assets/building/textures/T_ai_materials_linoleum_b_rough.png' remapped 'res://assets/building/textures/T_ai_materials_linoleum_b_rough.png' at thread -1
Loading resource: res://assets/building/textures/T_ai_materials_linoleum_b_normal.png remapped: res://assets/building/textures/T_ai_materials_linoleum_b_normal.png
Loading resource: res://.godot/imported/T_ai_materials_linoleum_b_normal.png-ee40fb522c9bd81bb8c4e2402b808dd1.ctex remapped: res://.godot/imported/T_ai_materials_linoleum_b_normal.png-ee40fb522c9bd81bb8c4e2402b808dd1.ctex
Completed load for: 'res://assets/building/textures/T_ai_materials_linoleum_b_normal.png' remapped 'res://assets/building/textures/T_ai_materials_linoleum_b_normal.png' at thread -1
Loading resource: res://assets/building/textures/T_ai_materials_puddle_b_albedo.png remapped: res://assets/building/textures/T_ai_materials_puddle_b_albedo.png
Loading resource: res://.godot/imported/T_ai_materials_puddle_b_albedo.png-ec065a4d539423ab559e709d7c1c266b.ctex remapped: res://.godot/imported/T_ai_materials_puddle_b_albedo.png-ec065a4d539423ab559e709d7c1c266b.ctex
Completed load for: 'res://assets/building/textures/T_ai_materials_puddle_b_albedo.png' remapped 'res://assets/building/textures/T_ai_materials_puddle_b_albedo.png' at thread -1
Loading resource: res://assets/building/textures/T_ai_materials_puddle_b_rough.png remapped: res://assets/building/textures/T_ai_materials_puddle_b_rough.png
Loading resource: res://.godot/imported/T_ai_materials_puddle_b_rough.png-ff722fcf68e3663543c3aef7e7026d67.ctex remapped: res://.godot/imported/T_ai_materials_puddle_b_rough.png-ff722fcf68e3663543c3aef7e7026d67.ctex
Completed load for: 'res://assets/building/textures/T_ai_materials_puddle_b_rough.png' remapped 'res://assets/building/textures/T_ai_materials_puddle_b_rough.png' at thread -1
Loading resource: res://assets/building/textures/T_ai_materials_puddle_b_normal.png remapped: res://assets/building/textures/T_ai_materials_puddle_b_normal.png
Loading resource: res://.godot/imported/T_ai_materials_puddle_b_normal.png-e66f0cdfbf9b4c9c414bfbabc6a2cca4.ctex remapped: res://.godot/imported/T_ai_materials_puddle_b_normal.png-e66f0cdfbf9b4c9c414bfbabc6a2cca4.ctex
Completed load for: 'res://assets/building/textures/T_ai_materials_puddle_b_normal.png' remapped 'res://assets/building/textures/T_ai_materials_puddle_b_normal.png' at thread -1
Loading resource: res://assets/building/textures/T_ai_materials_sidewalk_grout_b_albedo.png remapped: res://assets/building/textures/T_ai_materials_sidewalk_grout_b_albedo.png
Loading resource: res://.godot/imported/T_ai_materials_sidewalk_grout_b_albedo.png-dba97e170231c30ca06505db62cbcd69.ctex remapped: res://.godot/imported/T_ai_materials_sidewalk_grout_b_albedo.png-dba97e170231c30ca06505db62cbcd69.ctex
Completed load for: 'res://assets/building/textures/T_ai_materials_sidewalk_grout_b_albedo.png' remapped 'res://assets/building/textures/T_ai_materials_sidewalk_grout_b_albedo.png' at thread -1
Loading resource: res://assets/building/textures/T_ai_materials_sidewalk_grout_b_rough.png remapped: res://assets/building/textures/T_ai_materials_sidewalk_grout_b_rough.png
Loading resource: res://.godot/imported/T_ai_materials_sidewalk_grout_b_rough.png-403bdfa3f2998da57716d2b3aab60082.ctex remapped: res://.godot/imported/T_ai_materials_sidewalk_grout_b_rough.png-403bdfa3f2998da57716d2b3aab60082.ctex
Completed load for: 'res://assets/building/textures/T_ai_materials_sidewalk_grout_b_rough.png' remapped 'res://assets/building/textures/T_ai_materials_sidewalk_grout_b_rough.png' at thread -1
Loading resource: res://assets/building/textures/T_ai_materials_sidewalk_grout_b_normal.png remapped: res://assets/building/textures/T_ai_materials_sidewalk_grout_b_normal.png
Loading resource: res://.godot/imported/T_ai_materials_sidewalk_grout_b_normal.png-e5afb0d74eba3ed01447ea3372f98b6b.ctex remapped: res://.godot/imported/T_ai_materials_sidewalk_grout_b_normal.png-e5afb0d74eba3ed01447ea3372f98b6b.ctex
Completed load for: 'res://assets/building/textures/T_ai_materials_sidewalk_grout_b_normal.png' remapped 'res://assets/building/textures/T_ai_materials_sidewalk_grout_b_normal.png' at thread -1
Loading resource: res://assets/building/textures/T_ai_materials_sidewalk_haunted_b_albedo.png remapped: res://assets/building/textures/T_ai_materials_sidewalk_haunted_b_albedo.png
Loading resource: res://.godot/imported/T_ai_materials_sidewalk_haunted_b_albedo.png-bcf00edaa64b8a0eea1bb3908da48a92.ctex remapped: res://.godot/imported/T_ai_materials_sidewalk_haunted_b_albedo.png-bcf00edaa64b8a0eea1bb3908da48a92.ctex
Completed load for: 'res://assets/building/textures/T_ai_materials_sidewalk_haunted_b_albedo.png' remapped 'res://assets/building/textures/T_ai_materials_sidewalk_haunted_b_albedo.png' at thread -1
Loading resource: res://assets/building/textures/T_ai_materials_sidewalk_haunted_b_rough.png remapped: res://assets/building/textures/T_ai_materials_sidewalk_haunted_b_rough.png
Loading resource: res://.godot/imported/T_ai_materials_sidewalk_haunted_b_rough.png-08035101dfd4fd529bf33f3287ea4da8.ctex remapped: res://.godot/imported/T_ai_materials_sidewalk_haunted_b_rough.png-08035101dfd4fd529bf33f3287ea4da8.ctex
Completed load for: 'res://assets/building/textures/T_ai_materials_sidewalk_haunted_b_rough.png' remapped 'res://assets/building/textures/T_ai_materials_sidewalk_haunted_b_rough.png' at thread -1
Loading resource: res://assets/building/textures/T_ai_materials_sidewalk_haunted_b_normal.png remapped: res://assets/building/textures/T_ai_materials_sidewalk_haunted_b_normal.png
Loading resource: res://.godot/imported/T_ai_materials_sidewalk_haunted_b_normal.png-06a9c874741a7ac1066a61a73b85ff6c.ctex remapped: res://.godot/imported/T_ai_materials_sidewalk_haunted_b_normal.png-06a9c874741a7ac1066a61a73b85ff6c.ctex
Completed load for: 'res://assets/building/textures/T_ai_materials_sidewalk_haunted_b_normal.png' remapped 'res://assets/building/textures/T_ai_materials_sidewalk_haunted_b_normal.png' at thread -1
Loading resource: res://assets/building/textures/T_ai_materials_wet_asphalt_b_albedo.png remapped: res://assets/building/textures/T_ai_materials_wet_asphalt_b_albedo.png
Loading resource: res://.godot/imported/T_ai_materials_wet_asphalt_b_albedo.png-361b28759c58260364eebc4a2cecba7e.ctex remapped: res://.godot/imported/T_ai_materials_wet_asphalt_b_albedo.png-361b28759c58260364eebc4a2cecba7e.ctex
Completed load for: 'res://assets/building/textures/T_ai_materials_wet_asphalt_b_albedo.png' remapped 'res://assets/building/textures/T_ai_materials_wet_asphalt_b_albedo.png' at thread -1
Loading resource: res://assets/building/textures/T_ai_materials_wet_asphalt_b_rough.png remapped: res://assets/building/textures/T_ai_materials_wet_asphalt_b_rough.png
Loading resource: res://.godot/imported/T_ai_materials_wet_asphalt_b_rough.png-1f7d60c6e5aed0e9cf82edfaaa52d090.ctex remapped: res://.godot/imported/T_ai_materials_wet_asphalt_b_rough.png-1f7d60c6e5aed0e9cf82edfaaa52d090.ctex
Completed load for: 'res://assets/building/textures/T_ai_materials_wet_asphalt_b_rough.png' remapped 'res://assets/building/textures/T_ai_materials_wet_asphalt_b_rough.png' at thread -1
Loading resource: res://assets/building/textures/T_ai_materials_wet_asphalt_b_normal.png remapped: res://assets/building/textures/T_ai_materials_wet_asphalt_b_normal.png
Loading resource: res://.godot/imported/T_ai_materials_wet_asphalt_b_normal.png-55c771ca3b291c0fc52db140fd756b94.ctex remapped: res://.godot/imported/T_ai_materials_wet_asphalt_b_normal.png-55c771ca3b291c0fc52db140fd756b94.ctex
Completed load for: 'res://assets/building/textures/T_ai_materials_wet_asphalt_b_normal.png' remapped 'res://assets/building/textures/T_ai_materials_wet_asphalt_b_normal.png' at thread -1
Loading resource: res://assets/building/textures/T_ai_materials_bar_wall_b_albedo.png remapped: res://assets/building/textures/T_ai_materials_bar_wall_b_albedo.png
Loading resource: res://.godot/imported/T_ai_materials_bar_wall_b_albedo.png-b20c0aa9e6ec7ef386622cc3cdda4bf3.ctex remapped: res://.godot/imported/T_ai_materials_bar_wall_b_albedo.png-b20c0aa9e6ec7ef386622cc3cdda4bf3.ctex
Completed load for: 'res://assets/building/textures/T_ai_materials_bar_wall_b_albedo.png' remapped 'res://assets/building/textures/T_ai_materials_bar_wall_b_albedo.png' at thread -1
Loading resource: res://assets/building/textures/T_ai_materials_bar_wall_b_rough.png remapped: res://assets/building/textures/T_ai_materials_bar_wall_b_rough.png
Loading resource: res://.godot/imported/T_ai_materials_bar_wall_b_rough.png-7a3c6730ab9fe076f499fa94221bf625.ctex remapped: res://.godot/imported/T_ai_materials_bar_wall_b_rough.png-7a3c6730ab9fe076f499fa94221bf625.ctex
Completed load for: 'res://assets/building/textures/T_ai_materials_bar_wall_b_rough.png' remapped 'res://assets/building/textures/T_ai_materials_bar_wall_b_rough.png' at thread -1
Loading resource: res://assets/building/textures/T_ai_materials_bar_wall_b_normal.png remapped: res://assets/building/textures/T_ai_materials_bar_wall_b_normal.png
Loading resource: res://.godot/imported/T_ai_materials_bar_wall_b_normal.png-6f48c21f05b37a48694c8051c5c68f23.ctex remapped: res://.godot/imported/T_ai_materials_bar_wall_b_normal.png-6f48c21f05b37a48694c8051c5c68f23.ctex
Completed load for: 'res://assets/building/textures/T_ai_materials_bar_wall_b_normal.png' remapped 'res://assets/building/textures/T_ai_materials_bar_wall_b_normal.png' at thread -1
Loading resource: res://assets/building/textures/T_ai_materials_bar_wall_red_b_albedo.png remapped: res://assets/building/textures/T_ai_materials_bar_wall_red_b_albedo.png
Loading resource: res://.godot/imported/T_ai_materials_bar_wall_red_b_albedo.png-523136d140e21976e684c8747ec2cb32.ctex remapped: res://.godot/imported/T_ai_materials_bar_wall_red_b_albedo.png-523136d140e21976e684c8747ec2cb32.ctex
Completed load for: 'res://assets/building/textures/T_ai_materials_bar_wall_red_b_albedo.png' remapped 'res://assets/building/textures/T_ai_materials_bar_wall_red_b_albedo.png' at thread -1
Loading resource: res://assets/building/textures/T_ai_materials_bar_wall_red_b_rough.png remapped: res://assets/building/textures/T_ai_materials_bar_wall_red_b_rough.png
Loading resource: res://.godot/imported/T_ai_materials_bar_wall_red_b_rough.png-7baf0f4a50a129c3cff60fcf555b8108.ctex remapped: res://.godot/imported/T_ai_materials_bar_wall_red_b_rough.png-7baf0f4a50a129c3cff60fcf555b8108.ctex
Completed load for: 'res://assets/building/textures/T_ai_materials_bar_wall_red_b_rough.png' remapped 'res://assets/building/textures/T_ai_materials_bar_wall_red_b_rough.png' at thread -1
Loading resource: res://assets/building/textures/T_ai_materials_bar_wall_red_b_normal.png remapped: res://assets/building/textures/T_ai_materials_bar_wall_red_b_normal.png
Loading resource: res://.godot/imported/T_ai_materials_bar_wall_red_b_normal.png-748bb10e4d1f3443a2aa6ac4f2fc41ad.ctex remapped: res://.godot/imported/T_ai_materials_bar_wall_red_b_normal.png-748bb10e4d1f3443a2aa6ac4f2fc41ad.ctex
Completed load for: 'res://assets/building/textures/T_ai_materials_bar_wall_red_b_normal.png' remapped 'res://assets/building/textures/T_ai_materials_bar_wall_red_b_normal.png' at thread -1
Loading resource: res://assets/building/textures/T_ai_materials_mirror_aged_albedo.png remapped: res://assets/building/textures/T_ai_materials_mirror_aged_albedo.png
Loading resource: res://.godot/imported/T_ai_materials_mirror_aged_albedo.png-8e5b21ec89d0d577d36014e240e7c6e6.ctex remapped: res://.godot/imported/T_ai_materials_mirror_aged_albedo.png-8e5b21ec89d0d577d36014e240e7c6e6.ctex
Completed load for: 'res://assets/building/textures/T_ai_materials_mirror_aged_albedo.png' remapped 'res://assets/building/textures/T_ai_materials_mirror_aged_albedo.png' at thread -1
Loading resource: res://assets/building/textures/T_ai_materials_mirror_aged_rough.png remapped: res://assets/building/textures/T_ai_materials_mirror_aged_rough.png
Loading resource: res://.godot/imported/T_ai_materials_mirror_aged_rough.png-f5ce4a7873b2a888bf827cf12abfa745.ctex remapped: res://.godot/imported/T_ai_materials_mirror_aged_rough.png-f5ce4a7873b2a888bf827cf12abfa745.ctex
Completed load for: 'res://assets/building/textures/T_ai_materials_mirror_aged_rough.png' remapped 'res://assets/building/textures/T_ai_materials_mirror_aged_rough.png' at thread -1
Loading resource: res://assets/building/textures/T_ai_materials_mirror_aged_normal.png remapped: res://assets/building/textures/T_ai_materials_mirror_aged_normal.png
Loading resource: res://.godot/imported/T_ai_materials_mirror_aged_normal.png-5c396e3c38870d7adc8f76d1c9ea1d6a.ctex remapped: res://.godot/imported/T_ai_materials_mirror_aged_normal.png-5c396e3c38870d7adc8f76d1c9ea1d6a.ctex
Completed load for: 'res://assets/building/textures/T_ai_materials_mirror_aged_normal.png' remapped 'res://assets/building/textures/T_ai_materials_mirror_aged_normal.png' at thread -1
Loading resource: res://assets/building/textures/T_ai_materials_quarry_tile_b_albedo.png remapped: res://assets/building/textures/T_ai_materials_quarry_tile_b_albedo.png
Loading resource: res://.godot/imported/T_ai_materials_quarry_tile_b_albedo.png-42727cd0317c59a35a729a792764e8da.ctex remapped: res://.godot/imported/T_ai_materials_quarry_tile_b_albedo.png-42727cd0317c59a35a729a792764e8da.ctex
Completed load for: 'res://assets/building/textures/T_ai_materials_quarry_tile_b_albedo.png' remapped 'res://assets/building/textures/T_ai_materials_quarry_tile_b_albedo.png' at thread -1
Loading resource: res://assets/building/textures/T_ai_materials_quarry_tile_b_rough.png remapped: res://assets/building/textures/T_ai_materials_quarry_tile_b_rough.png
Loading resource: res://.godot/imported/T_ai_materials_quarry_tile_b_rough.png-2c8d6301c19fdc8761eb37df16973993.ctex remapped: res://.godot/imported/T_ai_materials_quarry_tile_b_rough.png-2c8d6301c19fdc8761eb37df16973993.ctex
Completed load for: 'res://assets/building/textures/T_ai_materials_quarry_tile_b_rough.png' remapped 'res://assets/building/textures/T_ai_materials_quarry_tile_b_rough.png' at thread -1
Loading resource: res://assets/building/textures/T_ai_materials_quarry_tile_b_normal.png remapped: res://assets/building/textures/T_ai_materials_quarry_tile_b_normal.png
Loading resource: res://.godot/imported/T_ai_materials_quarry_tile_b_normal.png-545d9fd4a946c44d524197e75ef15d27.ctex remapped: res://.godot/imported/T_ai_materials_quarry_tile_b_normal.png-545d9fd4a946c44d524197e75ef15d27.ctex
Completed load for: 'res://assets/building/textures/T_ai_materials_quarry_tile_b_normal.png' remapped 'res://assets/building/textures/T_ai_materials_quarry_tile_b_normal.png' at thread -1
Loading resource: res://assets/building/textures/T_library_architectural_haunted_wallpaper_albedo.png remapped: res://assets/building/textures/T_library_architectural_haunted_wallpaper_albedo.png
Loading resource: res://.godot/imported/T_library_architectural_haunted_wallpaper_albedo.png-7b4ec112981c400b9d3e782dd07d4530.ctex remapped: res://.godot/imported/T_library_architectural_haunted_wallpaper_albedo.png-7b4ec112981c400b9d3e782dd07d4530.ctex
Completed load for: 'res://assets/building/textures/T_library_architectural_haunted_wallpaper_albedo.png' remapped 'res://assets/building/textures/T_library_architectural_haunted_wallpaper_albedo.png' at thread -1
Loading resource: res://assets/building/textures/T_library_architectural_haunted_wallpaper_rough.png remapped: res://assets/building/textures/T_library_architectural_haunted_wallpaper_rough.png
Loading resource: res://.godot/imported/T_library_architectural_haunted_wallpaper_rough.png-66521259972ee16c5215e364f89e54da.ctex remapped: res://.godot/imported/T_library_architectural_haunted_wallpaper_rough.png-66521259972ee16c5215e364f89e54da.ctex
Completed load for: 'res://assets/building/textures/T_library_architectural_haunted_wallpaper_rough.png' remapped 'res://assets/building/textures/T_library_architectural_haunted_wallpaper_rough.png' at thread -1
Loading resource: res://assets/building/textures/T_library_architectural_haunted_wallpaper_normal.png remapped: res://assets/building/textures/T_library_architectural_haunted_wallpaper_normal.png
Loading resource: res://.godot/imported/T_library_architectural_haunted_wallpaper_normal.png-771d10b867fce94a5191611ce30cce68.ctex remapped: res://.godot/imported/T_library_architectural_haunted_wallpaper_normal.png-771d10b867fce94a5191611ce30cce68.ctex
Completed load for: 'res://assets/building/textures/T_library_architectural_haunted_wallpaper_normal.png' remapped 'res://assets/building/textures/T_library_architectural_haunted_wallpaper_normal.png' at thread -1
Loading resource: res://assets/building/textures/T_ai_materials_awning_vinyl_albedo.png remapped: res://assets/building/textures/T_ai_materials_awning_vinyl_albedo.png
Loading resource: res://.godot/imported/T_ai_materials_awning_vinyl_albedo.png-ada8a06823385c66fc33257ea93ef3fd.ctex remapped: res://.godot/imported/T_ai_materials_awning_vinyl_albedo.png-ada8a06823385c66fc33257ea93ef3fd.ctex
Completed load for: 'res://assets/building/textures/T_ai_materials_awning_vinyl_albedo.png' remapped 'res://assets/building/textures/T_ai_materials_awning_vinyl_albedo.png' at thread -1
Loading resource: res://assets/building/textures/T_ai_materials_awning_vinyl_rough.png remapped: res://assets/building/textures/T_ai_materials_awning_vinyl_rough.png
Loading resource: res://.godot/imported/T_ai_materials_awning_vinyl_rough.png-ff06f58fa41d2a9a8804466f6fb87cf2.ctex remapped: res://.godot/imported/T_ai_materials_awning_vinyl_rough.png-ff06f58fa41d2a9a8804466f6fb87cf2.ctex
Completed load for: 'res://assets/building/textures/T_ai_materials_awning_vinyl_rough.png' remapped 'res://assets/building/textures/T_ai_materials_awning_vinyl_rough.png' at thread -1
Loading resource: res://assets/building/textures/T_ai_materials_awning_vinyl_normal.png remapped: res://assets/building/textures/T_ai_materials_awning_vinyl_normal.png
Loading resource: res://.godot/imported/T_ai_materials_awning_vinyl_normal.png-24d6c82ca12f202eda94433bd6bb75a2.ctex remapped: res://.godot/imported/T_ai_materials_awning_vinyl_normal.png-24d6c82ca12f202eda94433bd6bb75a2.ctex
Completed load for: 'res://assets/building/textures/T_ai_materials_awning_vinyl_normal.png' remapped 'res://assets/building/textures/T_ai_materials_awning_vinyl_normal.png' at thread -1
Loading resource: res://assets/building/textures/T_ai_materials_subway_tile_b_albedo.png remapped: res://assets/building/textures/T_ai_materials_subway_tile_b_albedo.png
Loading resource: res://.godot/imported/T_ai_materials_subway_tile_b_albedo.png-21fb5c0ab3017422fda6ebbbfb1f15f1.ctex remapped: res://.godot/imported/T_ai_materials_subway_tile_b_albedo.png-21fb5c0ab3017422fda6ebbbfb1f15f1.ctex
Completed load for: 'res://assets/building/textures/T_ai_materials_subway_tile_b_albedo.png' remapped 'res://assets/building/textures/T_ai_materials_subway_tile_b_albedo.png' at thread -1
Loading resource: res://assets/building/textures/T_ai_materials_subway_tile_b_rough.png remapped: res://assets/building/textures/T_ai_materials_subway_tile_b_rough.png
Loading resource: res://.godot/imported/T_ai_materials_subway_tile_b_rough.png-d1820ad95f93d1452d539b4b873b8e8e.ctex remapped: res://.godot/imported/T_ai_materials_subway_tile_b_rough.png-d1820ad95f93d1452d539b4b873b8e8e.ctex
Completed load for: 'res://assets/building/textures/T_ai_materials_subway_tile_b_rough.png' remapped 'res://assets/building/textures/T_ai_materials_subway_tile_b_rough.png' at thread -1
Loading resource: res://assets/building/textures/T_ai_materials_subway_tile_b_normal.png remapped: res://assets/building/textures/T_ai_materials_subway_tile_b_normal.png
Loading resource: res://.godot/imported/T_ai_materials_subway_tile_b_normal.png-4ce78bd414db8b5cef89d9f47c7af138.ctex remapped: res://.godot/imported/T_ai_materials_subway_tile_b_normal.png-4ce78bd414db8b5cef89d9f47c7af138.ctex
Completed load for: 'res://assets/building/textures/T_ai_materials_subway_tile_b_normal.png' remapped 'res://assets/building/textures/T_ai_materials_subway_tile_b_normal.png' at thread -1
Loading resource: res://assets/building/textures/T_ai_materials_terrazzo_dark_albedo.png remapped: res://assets/building/textures/T_ai_materials_terrazzo_dark_albedo.png
Loading resource: res://.godot/imported/T_ai_materials_terrazzo_dark_albedo.png-e17b982df058454d5eff8639b9b2f7ba.ctex remapped: res://.godot/imported/T_ai_materials_terrazzo_dark_albedo.png-e17b982df058454d5eff8639b9b2f7ba.ctex
Completed load for: 'res://assets/building/textures/T_ai_materials_terrazzo_dark_albedo.png' remapped 'res://assets/building/textures/T_ai_materials_terrazzo_dark_albedo.png' at thread -1
Loading resource: res://assets/building/textures/T_ai_materials_terrazzo_dark_rough.png remapped: res://assets/building/textures/T_ai_materials_terrazzo_dark_rough.png
Loading resource: res://.godot/imported/T_ai_materials_terrazzo_dark_rough.png-4c5fbe6359253541c32c187d0f2a4b23.ctex remapped: res://.godot/imported/T_ai_materials_terrazzo_dark_rough.png-4c5fbe6359253541c32c187d0f2a4b23.ctex
Completed load for: 'res://assets/building/textures/T_ai_materials_terrazzo_dark_rough.png' remapped 'res://assets/building/textures/T_ai_materials_terrazzo_dark_rough.png' at thread -1
Loading resource: res://assets/building/textures/T_ai_materials_terrazzo_dark_normal.png remapped: res://assets/building/textures/T_ai_materials_terrazzo_dark_normal.png
Loading resource: res://.godot/imported/T_ai_materials_terrazzo_dark_normal.png-e3c73b716d43b1bd5c5fe7d2c046ffaa.ctex remapped: res://.godot/imported/T_ai_materials_terrazzo_dark_normal.png-e3c73b716d43b1bd5c5fe7d2c046ffaa.ctex
Completed load for: 'res://assets/building/textures/T_ai_materials_terrazzo_dark_normal.png' remapped 'res://assets/building/textures/T_ai_materials_terrazzo_dark_normal.png' at thread -1
Loading resource: res://assets/building/textures/T_ai_materials_wainscot_b_albedo.png remapped: res://assets/building/textures/T_ai_materials_wainscot_b_albedo.png
Loading resource: res://.godot/imported/T_ai_materials_wainscot_b_albedo.png-bdfe16afff50ef122017d8cd8be5bc37.ctex remapped: res://.godot/imported/T_ai_materials_wainscot_b_albedo.png-bdfe16afff50ef122017d8cd8be5bc37.ctex
Completed load for: 'res://assets/building/textures/T_ai_materials_wainscot_b_albedo.png' remapped 'res://assets/building/textures/T_ai_materials_wainscot_b_albedo.png' at thread -1
Loading resource: res://assets/building/textures/T_ai_materials_wainscot_b_rough.png remapped: res://assets/building/textures/T_ai_materials_wainscot_b_rough.png
Loading resource: res://.godot/imported/T_ai_materials_wainscot_b_rough.png-f3ea798e19a5a163c8b53c814844988b.ctex remapped: res://.godot/imported/T_ai_materials_wainscot_b_rough.png-f3ea798e19a5a163c8b53c814844988b.ctex
Completed load for: 'res://assets/building/textures/T_ai_materials_wainscot_b_rough.png' remapped 'res://assets/building/textures/T_ai_materials_wainscot_b_rough.png' at thread -1
Loading resource: res://assets/building/textures/T_ai_materials_wainscot_b_normal.png remapped: res://assets/building/textures/T_ai_materials_wainscot_b_normal.png
Loading resource: res://.godot/imported/T_ai_materials_wainscot_b_normal.png-795e5d25c95210be5dc0187b196dd95a.ctex remapped: res://.godot/imported/T_ai_materials_wainscot_b_normal.png-795e5d25c95210be5dc0187b196dd95a.ctex
Completed load for: 'res://assets/building/textures/T_ai_materials_wainscot_b_normal.png' remapped 'res://assets/building/textures/T_ai_materials_wainscot_b_normal.png' at thread -1
Loading resource: res://assets/building/textures/T_ai_materials_marble_lobby_b_albedo.png remapped: res://assets/building/textures/T_ai_materials_marble_lobby_b_albedo.png
Loading resource: res://.godot/imported/T_ai_materials_marble_lobby_b_albedo.png-2c2c7d4d3203592407f0b083b32e76b3.ctex remapped: res://.godot/imported/T_ai_materials_marble_lobby_b_albedo.png-2c2c7d4d3203592407f0b083b32e76b3.ctex
Completed load for: 'res://assets/building/textures/T_ai_materials_marble_lobby_b_albedo.png' remapped 'res://assets/building/textures/T_ai_materials_marble_lobby_b_albedo.png' at thread -1
Loading resource: res://assets/building/textures/T_ai_materials_marble_lobby_b_rough.png remapped: res://assets/building/textures/T_ai_materials_marble_lobby_b_rough.png
Loading resource: res://.godot/imported/T_ai_materials_marble_lobby_b_rough.png-addff29d1f66b1f2b75db1a116d0aee4.ctex remapped: res://.godot/imported/T_ai_materials_marble_lobby_b_rough.png-addff29d1f66b1f2b75db1a116d0aee4.ctex
Completed load for: 'res://assets/building/textures/T_ai_materials_marble_lobby_b_rough.png' remapped 'res://assets/building/textures/T_ai_materials_marble_lobby_b_rough.png' at thread -1
Loading resource: res://assets/building/textures/T_ai_materials_marble_lobby_b_normal.png remapped: res://assets/building/textures/T_ai_materials_marble_lobby_b_normal.png
Loading resource: res://.godot/imported/T_ai_materials_marble_lobby_b_normal.png-e925c6e1636f83fc6607ae218c474bfc.ctex remapped: res://.godot/imported/T_ai_materials_marble_lobby_b_normal.png-e925c6e1636f83fc6607ae218c474bfc.ctex
Completed load for: 'res://assets/building/textures/T_ai_materials_marble_lobby_b_normal.png' remapped 'res://assets/building/textures/T_ai_materials_marble_lobby_b_normal.png' at thread -1
Loading resource: res://assets/building/textures/T_ai_materials_zinc_liner_albedo.png remapped: res://assets/building/textures/T_ai_materials_zinc_liner_albedo.png
Loading resource: res://.godot/imported/T_ai_materials_zinc_liner_albedo.png-91baded2005366014c3eff1b5477db5f.ctex remapped: res://.godot/imported/T_ai_materials_zinc_liner_albedo.png-91baded2005366014c3eff1b5477db5f.ctex
Completed load for: 'res://assets/building/textures/T_ai_materials_zinc_liner_albedo.png' remapped 'res://assets/building/textures/T_ai_materials_zinc_liner_albedo.png' at thread -1
Loading resource: res://assets/building/textures/T_ai_materials_zinc_liner_rough.png remapped: res://assets/building/textures/T_ai_materials_zinc_liner_rough.png
Loading resource: res://.godot/imported/T_ai_materials_zinc_liner_rough.png-427bec6086040c4f49beecf3f6aa4371.ctex remapped: res://.godot/imported/T_ai_materials_zinc_liner_rough.png-427bec6086040c4f49beecf3f6aa4371.ctex
Completed load for: 'res://assets/building/textures/T_ai_materials_zinc_liner_rough.png' remapped 'res://assets/building/textures/T_ai_materials_zinc_liner_rough.png' at thread -1
Loading resource: res://assets/building/textures/T_ai_materials_zinc_liner_normal.png remapped: res://assets/building/textures/T_ai_materials_zinc_liner_normal.png
Loading resource: res://.godot/imported/T_ai_materials_zinc_liner_normal.png-6ccf02dc53f7681e5cde963b0c9c51c9.ctex remapped: res://.godot/imported/T_ai_materials_zinc_liner_normal.png-6ccf02dc53f7681e5cde963b0c9c51c9.ctex
Completed load for: 'res://assets/building/textures/T_ai_materials_zinc_liner_normal.png' remapped 'res://assets/building/textures/T_ai_materials_zinc_liner_normal.png' at thread -1
Loading resource: res://assets/building/textures/T_ai_materials_appliance_b_albedo.png remapped: res://assets/building/textures/T_ai_materials_appliance_b_albedo.png
Loading resource: res://.godot/imported/T_ai_materials_appliance_b_albedo.png-2ab7a01904e8375f330e998732db7b54.ctex remapped: res://.godot/imported/T_ai_materials_appliance_b_albedo.png-2ab7a01904e8375f330e998732db7b54.ctex
Completed load for: 'res://assets/building/textures/T_ai_materials_appliance_b_albedo.png' remapped 'res://assets/building/textures/T_ai_materials_appliance_b_albedo.png' at thread -1
Loading resource: res://assets/building/textures/T_ai_materials_appliance_b_rough.png remapped: res://assets/building/textures/T_ai_materials_appliance_b_rough.png
Loading resource: res://.godot/imported/T_ai_materials_appliance_b_rough.png-feaf2e878e34ded4346f01c68d77460e.ctex remapped: res://.godot/imported/T_ai_materials_appliance_b_rough.png-feaf2e878e34ded4346f01c68d77460e.ctex
Completed load for: 'res://assets/building/textures/T_ai_materials_appliance_b_rough.png' remapped 'res://assets/building/textures/T_ai_materials_appliance_b_rough.png' at thread -1
Loading resource: res://assets/building/textures/T_ai_materials_appliance_b_normal.png remapped: res://assets/building/textures/T_ai_materials_appliance_b_normal.png
Loading resource: res://.godot/imported/T_ai_materials_appliance_b_normal.png-ba4f5061c77575b1a888f4c358e570c7.ctex remapped: res://.godot/imported/T_ai_materials_appliance_b_normal.png-ba4f5061c77575b1a888f4c358e570c7.ctex
Completed load for: 'res://assets/building/textures/T_ai_materials_appliance_b_normal.png' remapped 'res://assets/building/textures/T_ai_materials_appliance_b_normal.png' at thread -1
Loading resource: res://assets/building/textures/T_ai_materials_copper_aged_albedo.png remapped: res://assets/building/textures/T_ai_materials_copper_aged_albedo.png
Loading resource: res://.godot/imported/T_ai_materials_copper_aged_albedo.png-12131203a862c3eef154ff62c653650c.ctex remapped: res://.godot/imported/T_ai_materials_copper_aged_albedo.png-12131203a862c3eef154ff62c653650c.ctex
Completed load for: 'res://assets/building/textures/T_ai_materials_copper_aged_albedo.png' remapped 'res://assets/building/textures/T_ai_materials_copper_aged_albedo.png' at thread -1
Loading resource: res://assets/building/textures/T_ai_materials_copper_aged_rough.png remapped: res://assets/building/textures/T_ai_materials_copper_aged_rough.png
Loading resource: res://.godot/imported/T_ai_materials_copper_aged_rough.png-57c4fbd07216e6a35e054e82bc4ee93d.ctex remapped: res://.godot/imported/T_ai_materials_copper_aged_rough.png-57c4fbd07216e6a35e054e82bc4ee93d.ctex
Completed load for: 'res://assets/building/textures/T_ai_materials_copper_aged_rough.png' remapped 'res://assets/building/textures/T_ai_materials_copper_aged_rough.png' at thread -1
Loading resource: res://assets/building/textures/T_ai_materials_copper_aged_normal.png remapped: res://assets/building/textures/T_ai_materials_copper_aged_normal.png
Loading resource: res://.godot/imported/T_ai_materials_copper_aged_normal.png-84ca44fb676922a225473347f3b0fded.ctex remapped: res://.godot/imported/T_ai_materials_copper_aged_normal.png-84ca44fb676922a225473347f3b0fded.ctex
Completed load for: 'res://assets/building/textures/T_ai_materials_copper_aged_normal.png' remapped 'res://assets/building/textures/T_ai_materials_copper_aged_normal.png' at thread -1
Loading resource: res://assets/building/textures/T_generated_road_paint_albedo.png remapped: res://assets/building/textures/T_generated_road_paint_albedo.png
Loading resource: res://.godot/imported/T_generated_road_paint_albedo.png-ba97d3f3392dd9c2dff9885198e5b6da.ctex remapped: res://.godot/imported/T_generated_road_paint_albedo.png-ba97d3f3392dd9c2dff9885198e5b6da.ctex
Completed load for: 'res://assets/building/textures/T_generated_road_paint_albedo.png' remapped 'res://assets/building/textures/T_generated_road_paint_albedo.png' at thread -1
Loading resource: res://assets/building/textures/T_generated_road_paint_rough.png remapped: res://assets/building/textures/T_generated_road_paint_rough.png
Loading resource: res://.godot/imported/T_generated_road_paint_rough.png-57cdf28ed4487064ad51b02d4c06cd42.ctex remapped: res://.godot/imported/T_generated_road_paint_rough.png-57cdf28ed4487064ad51b02d4c06cd42.ctex
Completed load for: 'res://assets/building/textures/T_generated_road_paint_rough.png' remapped 'res://assets/building/textures/T_generated_road_paint_rough.png' at thread -1
Loading resource: res://assets/building/textures/T_generated_road_paint_normal.png remapped: res://assets/building/textures/T_generated_road_paint_normal.png
Loading resource: res://.godot/imported/T_generated_road_paint_normal.png-c365cacb02d135432a2ce31fd382db75.ctex remapped: res://.godot/imported/T_generated_road_paint_normal.png-c365cacb02d135432a2ce31fd382db75.ctex
Completed load for: 'res://assets/building/textures/T_generated_road_paint_normal.png' remapped 'res://assets/building/textures/T_generated_road_paint_normal.png' at thread -1
Loading resource: res://assets/building/textures/T_ai_materials_slab_b_albedo.png remapped: res://assets/building/textures/T_ai_materials_slab_b_albedo.png
Loading resource: res://.godot/imported/T_ai_materials_slab_b_albedo.png-1ea838942a38cfde390142311050e76b.ctex remapped: res://.godot/imported/T_ai_materials_slab_b_albedo.png-1ea838942a38cfde390142311050e76b.ctex
Completed load for: 'res://assets/building/textures/T_ai_materials_slab_b_albedo.png' remapped 'res://assets/building/textures/T_ai_materials_slab_b_albedo.png' at thread -1
Loading resource: res://assets/building/textures/T_ai_materials_slab_b_rough.png remapped: res://assets/building/textures/T_ai_materials_slab_b_rough.png
Loading resource: res://.godot/imported/T_ai_materials_slab_b_rough.png-e26b9ac37ac7c3c54e99d856d335eff7.ctex remapped: res://.godot/imported/T_ai_materials_slab_b_rough.png-e26b9ac37ac7c3c54e99d856d335eff7.ctex
Completed load for: 'res://assets/building/textures/T_ai_materials_slab_b_rough.png' remapped 'res://assets/building/textures/T_ai_materials_slab_b_rough.png' at thread -1
Loading resource: res://assets/building/textures/T_ai_materials_slab_b_normal.png remapped: res://assets/building/textures/T_ai_materials_slab_b_normal.png
Loading resource: res://.godot/imported/T_ai_materials_slab_b_normal.png-41197379d057a65cd604052cfe79b5e9.ctex remapped: res://.godot/imported/T_ai_materials_slab_b_normal.png-41197379d057a65cd604052cfe79b5e9.ctex
Completed load for: 'res://assets/building/textures/T_ai_materials_slab_b_normal.png' remapped 'res://assets/building/textures/T_ai_materials_slab_b_normal.png' at thread -1
Loading resource: res://assets/building/textures/T_ai_materials_stair_b_albedo.png remapped: res://assets/building/textures/T_ai_materials_stair_b_albedo.png
Loading resource: res://.godot/imported/T_ai_materials_stair_b_albedo.png-b47fe4c566696ab562f97cd9596b80af.ctex remapped: res://.godot/imported/T_ai_materials_stair_b_albedo.png-b47fe4c566696ab562f97cd9596b80af.ctex
Completed load for: 'res://assets/building/textures/T_ai_materials_stair_b_albedo.png' remapped 'res://assets/building/textures/T_ai_materials_stair_b_albedo.png' at thread -1
Loading resource: res://assets/building/textures/T_ai_materials_stair_b_rough.png remapped: res://assets/building/textures/T_ai_materials_stair_b_rough.png
Loading resource: res://.godot/imported/T_ai_materials_stair_b_rough.png-bbe9c56ec96a76d1c085bcf9b9ac7b39.ctex remapped: res://.godot/imported/T_ai_materials_stair_b_rough.png-bbe9c56ec96a76d1c085bcf9b9ac7b39.ctex
Completed load for: 'res://assets/building/textures/T_ai_materials_stair_b_rough.png' remapped 'res://assets/building/textures/T_ai_materials_stair_b_rough.png' at thread -1
Loading resource: res://assets/building/textures/T_ai_materials_stair_b_normal.png remapped: res://assets/building/textures/T_ai_materials_stair_b_normal.png
Loading resource: res://.godot/imported/T_ai_materials_stair_b_normal.png-388e9f7a3fc563b2731b02c407d31be5.ctex remapped: res://.godot/imported/T_ai_materials_stair_b_normal.png-388e9f7a3fc563b2731b02c407d31be5.ctex
Completed load for: 'res://assets/building/textures/T_ai_materials_stair_b_normal.png' remapped 'res://assets/building/textures/T_ai_materials_stair_b_normal.png' at thread -1
Loading resource: res://assets/building/textures/T_ai_materials_baluster_b_albedo.png remapped: res://assets/building/textures/T_ai_materials_baluster_b_albedo.png
Loading resource: res://.godot/imported/T_ai_materials_baluster_b_albedo.png-36f060901b7d7a1ae5754f53d83aff11.ctex remapped: res://.godot/imported/T_ai_materials_baluster_b_albedo.png-36f060901b7d7a1ae5754f53d83aff11.ctex
Completed load for: 'res://assets/building/textures/T_ai_materials_baluster_b_albedo.png' remapped 'res://assets/building/textures/T_ai_materials_baluster_b_albedo.png' at thread -1
Loading resource: res://assets/building/textures/T_ai_materials_baluster_b_rough.png remapped: res://assets/building/textures/T_ai_materials_baluster_b_rough.png
Loading resource: res://.godot/imported/T_ai_materials_baluster_b_rough.png-0e9d544d8885bd4d235fc42206ddbaf7.ctex remapped: res://.godot/imported/T_ai_materials_baluster_b_rough.png-0e9d544d8885bd4d235fc42206ddbaf7.ctex
Completed load for: 'res://assets/building/textures/T_ai_materials_baluster_b_rough.png' remapped 'res://assets/building/textures/T_ai_materials_baluster_b_rough.png' at thread -1
Loading resource: res://assets/building/textures/T_ai_materials_baluster_b_normal.png remapped: res://assets/building/textures/T_ai_materials_baluster_b_normal.png
Loading resource: res://.godot/imported/T_ai_materials_baluster_b_normal.png-ea2e4efe612a1b89247d2a9eda8b251f.ctex remapped: res://.godot/imported/T_ai_materials_baluster_b_normal.png-ea2e4efe612a1b89247d2a9eda8b251f.ctex
Completed load for: 'res://assets/building/textures/T_ai_materials_baluster_b_normal.png' remapped 'res://assets/building/textures/T_ai_materials_baluster_b_normal.png' at thread -1
Loading resource: res://assets/building/textures/T_fx_fx_traffic.png remapped: res://assets/building/textures/T_fx_fx_traffic.png
Loading resource: res://.godot/imported/T_fx_fx_traffic.png-f760afa13a2c55c3f9d4c2c7cfab5a71.ctex remapped: res://.godot/imported/T_fx_fx_traffic.png-f760afa13a2c55c3f9d4c2c7cfab5a71.ctex
Completed load for: 'res://assets/building/textures/T_fx_fx_traffic.png' remapped 'res://assets/building/textures/T_fx_fx_traffic.png' at thread -1
Loading resource: res://assets/building/textures/T_fx_fx_traffic_rough.png remapped: res://assets/building/textures/T_fx_fx_traffic_rough.png
Loading resource: res://.godot/imported/T_fx_fx_traffic_rough.png-ba36b20e02fd711febbe4ace9eef912c.ctex remapped: res://.godot/imported/T_fx_fx_traffic_rough.png-ba36b20e02fd711febbe4ace9eef912c.ctex
Completed load for: 'res://assets/building/textures/T_fx_fx_traffic_rough.png' remapped 'res://assets/building/textures/T_fx_fx_traffic_rough.png' at thread -1
Loading resource: res://assets/building/textures/T_fx_fx_traffic_normal.png remapped: res://assets/building/textures/T_fx_fx_traffic_normal.png
Loading resource: res://.godot/imported/T_fx_fx_traffic_normal.png-a086dddd10920b34ec39a12cbf7b6a62.ctex remapped: res://.godot/imported/T_fx_fx_traffic_normal.png-a086dddd10920b34ec39a12cbf7b6a62.ctex
Completed load for: 'res://assets/building/textures/T_fx_fx_traffic_normal.png' remapped 'res://assets/building/textures/T_fx_fx_traffic_normal.png' at thread -1
Completed load for: 'res://assets/building/floor_01.gltf' remapped 'res://assets/building/floor_01.gltf' at thread -1
Loading resource: res://assets/building/floor_02.gltf remapped: res://assets/building/floor_02.gltf
Loading resource: res://.godot/imported/floor_02.gltf-87b458037cc1d66f742572699698727a.scn remapped: res://.godot/imported/floor_02.gltf-87b458037cc1d66f742572699698727a.scn
Loading resource: res://assets/building/textures/T_ai_materials_plaster_c_albedo.png remapped: res://assets/building/textures/T_ai_materials_plaster_c_albedo.png
Loading resource: res://.godot/imported/T_ai_materials_plaster_c_albedo.png-5a4df8f4e9977378242b7d63402df752.ctex remapped: res://.godot/imported/T_ai_materials_plaster_c_albedo.png-5a4df8f4e9977378242b7d63402df752.ctex
Completed load for: 'res://assets/building/textures/T_ai_materials_plaster_c_albedo.png' remapped 'res://assets/building/textures/T_ai_materials_plaster_c_albedo.png' at thread -1
Loading resource: res://assets/building/textures/T_ai_materials_plaster_c_rough.png remapped: res://assets/building/textures/T_ai_materials_plaster_c_rough.png
Loading resource: res://.godot/imported/T_ai_materials_plaster_c_rough.png-2e595f4deb3bd129a7f5b64db3d96d32.ctex remapped: res://.godot/imported/T_ai_materials_plaster_c_rough.png-2e595f4deb3bd129a7f5b64db3d96d32.ctex
Completed load for: 'res://assets/building/textures/T_ai_materials_plaster_c_rough.png' remapped 'res://assets/building/textures/T_ai_materials_plaster_c_rough.png' at thread -1
Loading resource: res://assets/building/textures/T_ai_materials_plaster_c_normal.png remapped: res://assets/building/textures/T_ai_materials_plaster_c_normal.png
Loading resource: res://.godot/imported/T_ai_materials_plaster_c_normal.png-8e56a0374e73e967325102a30a902516.ctex remapped: res://.godot/imported/T_ai_materials_plaster_c_normal.png-8e56a0374e73e967325102a30a902516.ctex
Completed load for: 'res://assets/building/textures/T_ai_materials_plaster_c_normal.png' remapped 'res://assets/building/textures/T_ai_materials_plaster_c_normal.png' at thread -1
Loading resource: res://assets/building/textures/T_ai_materials_plaster_stained_c_albedo.png remapped: res://assets/building/textures/T_ai_materials_plaster_stained_c_albedo.png
Loading resource: res://.godot/imported/T_ai_materials_plaster_stained_c_albedo.png-20197e7640716765a7a589100a8a54c6.ctex remapped: res://.godot/imported/T_ai_materials_plaster_stained_c_albedo.png-20197e7640716765a7a589100a8a54c6.ctex
Completed load for: 'res://assets/building/textures/T_ai_materials_plaster_stained_c_albedo.png' remapped 'res://assets/building/textures/T_ai_materials_plaster_stained_c_albedo.png' at thread -1
Loading resource: res://assets/building/textures/T_ai_materials_plaster_stained_c_rough.png remapped: res://assets/building/textures/T_ai_materials_plaster_stained_c_rough.png
Loading resource: res://.godot/imported/T_ai_materials_plaster_stained_c_rough.png-8506d26634f04b5dd0a638115f61c2e0.ctex remapped: res://.godot/imported/T_ai_materials_plaster_stained_c_rough.png-8506d26634f04b5dd0a638115f61c2e0.ctex
Completed load for: 'res://assets/building/textures/T_ai_materials_plaster_stained_c_rough.png' remapped 'res://assets/building/textures/T_ai_materials_plaster_stained_c_rough.png' at thread -1
Loading resource: res://assets/building/textures/T_ai_materials_plaster_stained_c_normal.png remapped: res://assets/building/textures/T_ai_materials_plaster_stained_c_normal.png
Loading resource: res://.godot/imported/T_ai_materials_plaster_stained_c_normal.png-dd0c3d58f9fa8ff4ef0041a0ca83c92f.ctex remapped: res://.godot/imported/T_ai_materials_plaster_stained_c_normal.png-dd0c3d58f9fa8ff4ef0041a0ca83c92f.ctex
Completed load for: 'res://assets/building/textures/T_ai_materials_plaster_stained_c_normal.png' remapped 'res://assets/building/textures/T_ai_materials_plaster_stained_c_normal.png' at thread -1
Loading resource: res://assets/building/textures/T_ai_materials_tin_ceiling_c_albedo.png remapped: res://assets/building/textures/T_ai_materials_tin_ceiling_c_albedo.png
Loading resource: res://.godot/imported/T_ai_materials_tin_ceiling_c_albedo.png-bf22e5bfe06ba8ff5755735123f19dbe.ctex remapped: res://.godot/imported/T_ai_materials_tin_ceiling_c_albedo.png-bf22e5bfe06ba8ff5755735123f19dbe.ctex
Completed load for: 'res://assets/building/textures/T_ai_materials_tin_ceiling_c_albedo.png' remapped 'res://assets/building/textures/T_ai_materials_tin_ceiling_c_albedo.png' at thread -1
Loading resource: res://assets/building/textures/T_ai_materials_tin_ceiling_c_rough.png remapped: res://assets/building/textures/T_ai_materials_tin_ceiling_c_rough.png
Loading resource: res://.godot/imported/T_ai_materials_tin_ceiling_c_rough.png-d35c688222704f73c26b455b920b0cbd.ctex remapped: res://.godot/imported/T_ai_materials_tin_ceiling_c_rough.png-d35c688222704f73c26b455b920b0cbd.ctex
Completed load for: 'res://assets/building/textures/T_ai_materials_tin_ceiling_c_rough.png' remapped 'res://assets/building/textures/T_ai_materials_tin_ceiling_c_rough.png' at thread -1
Loading resource: res://assets/building/textures/T_ai_materials_tin_ceiling_c_normal.png remapped: res://assets/building/textures/T_ai_materials_tin_ceiling_c_normal.png
Loading resource: res://.godot/imported/T_ai_materials_tin_ceiling_c_normal.png-4a484fd249bae0d4ba0ada8cae12e81f.ctex remapped: res://.godot/imported/T_ai_materials_tin_ceiling_c_normal.png-4a484fd249bae0d4ba0ada8cae12e81f.ctex
Completed load for: 'res://assets/building/textures/T_ai_materials_tin_ceiling_c_normal.png' remapped 'res://assets/building/textures/T_ai_materials_tin_ceiling_c_normal.png' at thread -1
Loading resource: res://assets/building/textures/T_wallfinish_f02_w00_albedo.png remapped: res://assets/building/textures/T_wallfinish_f02_w00_albedo.png
Loading resource: res://.godot/imported/T_wallfinish_f02_w00_albedo.png-9c5db92ca4c28be9255540a5f7c00710.ctex remapped: res://.godot/imported/T_wallfinish_f02_w00_albedo.png-9c5db92ca4c28be9255540a5f7c00710.ctex
Completed load for: 'res://assets/building/textures/T_wallfinish_f02_w00_albedo.png' remapped 'res://assets/building/textures/T_wallfinish_f02_w00_albedo.png' at thread -1
Loading resource: res://assets/building/textures/T_wallfinish_f02_w00_roughness.png remapped: res://assets/building/textures/T_wallfinish_f02_w00_roughness.png
Loading resource: res://.godot/imported/T_wallfinish_f02_w00_roughness.png-437812d36ceb6c175dc9685ada5fe85e.ctex remapped: res://.godot/imported/T_wallfinish_f02_w00_roughness.png-437812d36ceb6c175dc9685ada5fe85e.ctex
Completed load for: 'res://assets/building/textures/T_wallfinish_f02_w00_roughness.png' remapped 'res://assets/building/textures/T_wallfinish_f02_w00_roughness.png' at thread -1
Loading resource: res://assets/building/textures/T_wallfinish_f02_w00_normal.png remapped: res://assets/building/textures/T_wallfinish_f02_w00_normal.png
Loading resource: res://.godot/imported/T_wallfinish_f02_w00_normal.png-34ffb6c8f17a65981f52eae975f7ef33.ctex remapped: res://.godot/imported/T_wallfinish_f02_w00_normal.png-34ffb6c8f17a65981f52eae975f7ef33.ctex
Completed load for: 'res://assets/building/textures/T_wallfinish_f02_w00_normal.png' remapped 'res://assets/building/textures/T_wallfinish_f02_w00_normal.png' at thread -1
Loading resource: res://assets/building/textures/T_wallfinish_f02_w01_albedo.png remapped: res://assets/building/textures/T_wallfinish_f02_w01_albedo.png
Loading resource: res://.godot/imported/T_wallfinish_f02_w01_albedo.png-ddf3948dd2ae7650b68d97a7b9243c2a.ctex remapped: res://.godot/imported/T_wallfinish_f02_w01_albedo.png-ddf3948dd2ae7650b68d97a7b9243c2a.ctex
Completed load for: 'res://assets/building/textures/T_wallfinish_f02_w01_albedo.png' remapped 'res://assets/building/textures/T_wallfinish_f02_w01_albedo.png' at thread -1
Loading resource: res://assets/building/textures/T_wallfinish_f02_w01_roughness.png remapped: res://assets/building/textures/T_wallfinish_f02_w01_roughness.png
Loading resource: res://.godot/imported/T_wallfinish_f02_w01_roughness.png-0e7980c933cb6e3799cbe44c1bd46c8f.ctex remapped: res://.godot/imported/T_wallfinish_f02_w01_roughness.png-0e7980c933cb6e3799cbe44c1bd46c8f.ctex
Completed load for: 'res://assets/building/textures/T_wallfinish_f02_w01_roughness.png' remapped 'res://assets/building/textures/T_wallfinish_f02_w01_roughness.png' at thread -1
Loading resource: res://assets/building/textures/T_wallfinish_f02_w01_normal.png remapped: res://assets/building/textures/T_wallfinish_f02_w01_normal.png
Loading resource: res://.godot/imported/T_wallfinish_f02_w01_normal.png-ef23e88d4d959e4601319b99667df539.ctex remapped: res://.godot/imported/T_wallfinish_f02_w01_normal.png-ef23e88d4d959e4601319b99667df539.ctex
Completed load for: 'res://assets/building/textures/T_wallfinish_f02_w01_normal.png' remapped 'res://assets/building/textures/T_wallfinish_f02_w01_normal.png' at thread -1
Loading resource: res://assets/building/textures/T_wallfinish_f02_w02_albedo.png remapped: res://assets/building/textures/T_wallfinish_f02_w02_albedo.png
Loading resource: res://.godot/imported/T_wallfinish_f02_w02_albedo.png-e61842ba185da2f0e90bc2dea8d4a783.ctex remapped: res://.godot/imported/T_wallfinish_f02_w02_albedo.png-e61842ba185da2f0e90bc2dea8d4a783.ctex
Completed load for: 'res://assets/building/textures/T_wallfinish_f02_w02_albedo.png' remapped 'res://assets/building/textures/T_wallfinish_f02_w02_albedo.png' at thread -1
Loading resource: res://assets/building/textures/T_wallfinish_f02_w02_roughness.png remapped: res://assets/building/textures/T_wallfinish_f02_w02_roughness.png
Loading resource: res://.godot/imported/T_wallfinish_f02_w02_roughness.png-88e666dd02e06cec1ad6f9f74212e54c.ctex remapped: res://.godot/imported/T_wallfinish_f02_w02_roughness.png-88e666dd02e06cec1ad6f9f74212e54c.ctex
Completed load for: 'res://assets/building/textures/T_wallfinish_f02_w02_roughness.png' remapped 'res://assets/building/textures/T_wallfinish_f02_w02_roughness.png' at thread -1
Loading resource: res://assets/building/textures/T_wallfinish_f02_w02_normal.png remapped: res://assets/building/textures/T_wallfinish_f02_w02_normal.png
Loading resource: res://.godot/imported/T_wallfinish_f02_w02_normal.png-a7326190a0f98a89f1be032c28edc870.ctex remapped: res://.godot/imported/T_wallfinish_f02_w02_normal.png-a7326190a0f98a89f1be032c28edc870.ctex
Completed load for: 'res://assets/building/textures/T_wallfinish_f02_w02_normal.png' remapped 'res://assets/building/textures/T_wallfinish_f02_w02_normal.png' at thread -1
Loading resource: res://assets/building/textures/T_wallfinish_f02_w03_albedo.png remapped: res://assets/building/textures/T_wallfinish_f02_w03_albedo.png
Loading resource: res://.godot/imported/T_wallfinish_f02_w03_albedo.png-66ed31b2f8016a4fd4a2e85272a28482.ctex remapped: res://.godot/imported/T_wallfinish_f02_w03_albedo.png-66ed31b2f8016a4fd4a2e85272a28482.ctex
Completed load for: 'res://assets/building/textures/T_wallfinish_f02_w03_albedo.png' remapped 'res://assets/building/textures/T_wallfinish_f02_w03_albedo.png' at thread -1
Loading resource: res://assets/building/textures/T_wallfinish_f02_w03_roughness.png remapped: res://assets/building/textures/T_wallfinish_f02_w03_roughness.png
Loading resource: res://.godot/imported/T_wallfinish_f02_w03_roughness.png-229f8580ea202a2f1e3e7523ea3ccff5.ctex remapped: res://.godot/imported/T_wallfinish_f02_w03_roughness.png-229f8580ea202a2f1e3e7523ea3ccff5.ctex
Completed load for: 'res://assets/building/textures/T_wallfinish_f02_w03_roughness.png' remapped 'res://assets/building/textures/T_wallfinish_f02_w03_roughness.png' at thread -1
Loading resource: res://assets/building/textures/T_wallfinish_f02_w03_normal.png remapped: res://assets/building/textures/T_wallfinish_f02_w03_normal.png
Loading resource: res://.godot/imported/T_wallfinish_f02_w03_normal.png-c2448964f21a66275679062427186508.ctex remapped: res://.godot/imported/T_wallfinish_f02_w03_normal.png-c2448964f21a66275679062427186508.ctex
Completed load for: 'res://assets/building/textures/T_wallfinish_f02_w03_normal.png' remapped 'res://assets/building/textures/T_wallfinish_f02_w03_normal.png' at thread -1
Loading resource: res://assets/building/textures/T_wallfinish_f02_w04_albedo.png remapped: res://assets/building/textures/T_wallfinish_f02_w04_albedo.png
Loading resource: res://.godot/imported/T_wallfinish_f02_w04_albedo.png-3ab5ea4d58693768b4c8cf61c2e17708.ctex remapped: res://.godot/imported/T_wallfinish_f02_w04_albedo.png-3ab5ea4d58693768b4c8cf61c2e17708.ctex
Completed load for: 'res://assets/building/textures/T_wallfinish_f02_w04_albedo.png' remapped 'res://assets/building/textures/T_wallfinish_f02_w04_albedo.png' at thread -1
Loading resource: res://assets/building/textures/T_wallfinish_f02_w04_roughness.png remapped: res://assets/building/textures/T_wallfinish_f02_w04_roughness.png
Loading resource: res://.godot/imported/T_wallfinish_f02_w04_roughness.png-6e58a6228d9fb4ed1adc2bed3de9fe85.ctex remapped: res://.godot/imported/T_wallfinish_f02_w04_roughness.png-6e58a6228d9fb4ed1adc2bed3de9fe85.ctex
Completed load for: 'res://assets/building/textures/T_wallfinish_f02_w04_roughness.png' remapped 'res://assets/building/textures/T_wallfinish_f02_w04_roughness.png' at thread -1
Loading resource: res://assets/building/textures/T_wallfinish_f02_w04_normal.png remapped: res://assets/building/textures/T_wallfinish_f02_w04_normal.png
Loading resource: res://.godot/imported/T_wallfinish_f02_w04_normal.png-036c67608c97fefbedf3e13a42f7e2ba.ctex remapped: res://.godot/imported/T_wallfinish_f02_w04_normal.png-036c67608c97fefbedf3e13a42f7e2ba.ctex
Completed load for: 'res://assets/building/textures/T_wallfinish_f02_w04_normal.png' remapped 'res://assets/building/textures/T_wallfinish_f02_w04_normal.png' at thread -1
Loading resource: res://assets/building/textures/T_wallfinish_f02_w05_albedo.png remapped: res://assets/building/textures/T_wallfinish_f02_w05_albedo.png
Loading resource: res://.godot/imported/T_wallfinish_f02_w05_albedo.png-02eb2d2327ead004b5fe7e2cac8a513a.ctex remapped: res://.godot/imported/T_wallfinish_f02_w05_albedo.png-02eb2d2327ead004b5fe7e2cac8a513a.ctex
Completed load for: 'res://assets/building/textures/T_wallfinish_f02_w05_albedo.png' remapped 'res://assets/building/textures/T_wallfinish_f02_w05_albedo.png' at thread -1
Loading resource: res://assets/building/textures/T_wallfinish_f02_w05_roughness.png remapped: res://assets/building/textures/T_wallfinish_f02_w05_roughness.png
Loading resource: res://.godot/imported/T_wallfinish_f02_w05_roughness.png-4b9627f54931e70b825556545a58cf10.ctex remapped: res://.godot/imported/T_wallfinish_f02_w05_roughness.png-4b9627f54931e70b825556545a58cf10.ctex
Completed load for: 'res://assets/building/textures/T_wallfinish_f02_w05_roughness.png' remapped 'res://assets/building/textures/T_wallfinish_f02_w05_roughness.png' at thread -1
Loading resource: res://assets/building/textures/T_wallfinish_f02_w05_normal.png remapped: res://assets/building/textures/T_wallfinish_f02_w05_normal.png
Loading resource: res://.godot/imported/T_wallfinish_f02_w05_normal.png-b8a0f4deaae8b7007340ecfa0ae16a93.ctex remapped: res://.godot/imported/T_wallfinish_f02_w05_normal.png-b8a0f4deaae8b7007340ecfa0ae16a93.ctex
Completed load for: 'res://assets/building/textures/T_wallfinish_f02_w05_normal.png' remapped 'res://assets/building/textures/T_wallfinish_f02_w05_normal.png' at thread -1
Loading resource: res://assets/building/textures/T_wallfinish_f02_w06_albedo.png remapped: res://assets/building/textures/T_wallfinish_f02_w06_albedo.png
Loading resource: res://.godot/imported/T_wallfinish_f02_w06_albedo.png-9894af8a0d31dbd31e30e205c638650d.ctex remapped: res://.godot/imported/T_wallfinish_f02_w06_albedo.png-9894af8a0d31dbd31e30e205c638650d.ctex
Completed load for: 'res://assets/building/textures/T_wallfinish_f02_w06_albedo.png' remapped 'res://assets/building/textures/T_wallfinish_f02_w06_albedo.png' at thread -1
Loading resource: res://assets/building/textures/T_wallfinish_f02_w06_roughness.png remapped: res://assets/building/textures/T_wallfinish_f02_w06_roughness.png
Loading resource: res://.godot/imported/T_wallfinish_f02_w06_roughness.png-86fad2625a4a29cf00559af22b727b21.ctex remapped: res://.godot/imported/T_wallfinish_f02_w06_roughness.png-86fad2625a4a29cf00559af22b727b21.ctex
Completed load for: 'res://assets/building/textures/T_wallfinish_f02_w06_roughness.png' remapped 'res://assets/building/textures/T_wallfinish_f02_w06_roughness.png' at thread -1
Loading resource: res://assets/building/textures/T_wallfinish_f02_w06_normal.png remapped: res://assets/building/textures/T_wallfinish_f02_w06_normal.png
Loading resource: res://.godot/imported/T_wallfinish_f02_w06_normal.png-159412bf6648fab86cfaf7da78a11e4a.ctex remapped: res://.godot/imported/T_wallfinish_f02_w06_normal.png-159412bf6648fab86cfaf7da78a11e4a.ctex
Completed load for: 'res://assets/building/textures/T_wallfinish_f02_w06_normal.png' remapped 'res://assets/building/textures/T_wallfinish_f02_w06_normal.png' at thread -1
Loading resource: res://assets/building/textures/T_wallfinish_f02_w07_albedo.png remapped: res://assets/building/textures/T_wallfinish_f02_w07_albedo.png
Loading resource: res://.godot/imported/T_wallfinish_f02_w07_albedo.png-fa88087cf296cbf479601138db39b2f7.ctex remapped: res://.godot/imported/T_wallfinish_f02_w07_albedo.png-fa88087cf296cbf479601138db39b2f7.ctex
Completed load for: 'res://assets/building/textures/T_wallfinish_f02_w07_albedo.png' remapped 'res://assets/building/textures/T_wallfinish_f02_w07_albedo.png' at thread -1
Loading resource: res://assets/building/textures/T_wallfinish_f02_w07_roughness.png remapped: res://assets/building/textures/T_wallfinish_f02_w07_roughness.png
Loading resource: res://.godot/imported/T_wallfinish_f02_w07_roughness.png-eccb5982a8c5d806fac96ea6716ce596.ctex remapped: res://.godot/imported/T_wallfinish_f02_w07_roughness.png-eccb5982a8c5d806fac96ea6716ce596.ctex
Completed load for: 'res://assets/building/textures/T_wallfinish_f02_w07_roughness.png' remapped 'res://assets/building/textures/T_wallfinish_f02_w07_roughness.png' at thread -1
Loading resource: res://assets/building/textures/T_wallfinish_f02_w07_normal.png remapped: res://assets/building/textures/T_wallfinish_f02_w07_normal.png
Loading resource: res://.godot/imported/T_wallfinish_f02_w07_normal.png-e57615996de4f2e5ed5702027336a490.ctex remapped: res://.godot/imported/T_wallfinish_f02_w07_normal.png-e57615996de4f2e5ed5702027336a490.ctex
Completed load for: 'res://assets/building/textures/T_wallfinish_f02_w07_normal.png' remapped 'res://assets/building/textures/T_wallfinish_f02_w07_normal.png' at thread -1
Loading resource: res://assets/building/textures/T_wallfinish_f02_w08_albedo.png remapped: res://assets/building/textures/T_wallfinish_f02_w08_albedo.png
Loading resource: res://.godot/imported/T_wallfinish_f02_w08_albedo.png-b7c99886fd73550f5381c246acded9c5.ctex remapped: res://.godot/imported/T_wallfinish_f02_w08_albedo.png-b7c99886fd73550f5381c246acded9c5.ctex
Completed load for: 'res://assets/building/textures/T_wallfinish_f02_w08_albedo.png' remapped 'res://assets/building/textures/T_wallfinish_f02_w08_albedo.png' at thread -1
Loading resource: res://assets/building/textures/T_wallfinish_f02_w08_roughness.png remapped: res://assets/building/textures/T_wallfinish_f02_w08_roughness.png
Loading resource: res://.godot/imported/T_wallfinish_f02_w08_roughness.png-9f99b7bb9c9c7ceab6abbac095675da3.ctex remapped: res://.godot/imported/T_wallfinish_f02_w08_roughness.png-9f99b7bb9c9c7ceab6abbac095675da3.ctex
Completed load for: 'res://assets/building/textures/T_wallfinish_f02_w08_roughness.png' remapped 'res://assets/building/textures/T_wallfinish_f02_w08_roughness.png' at thread -1
Loading resource: res://assets/building/textures/T_wallfinish_f02_w08_normal.png remapped: res://assets/building/textures/T_wallfinish_f02_w08_normal.png
Loading resource: res://.godot/imported/T_wallfinish_f02_w08_normal.png-fa2ce4fdba36454fb9fc855cd477b47a.ctex remapped: res://.godot/imported/T_wallfinish_f02_w08_normal.png-fa2ce4fdba36454fb9fc855cd477b47a.ctex
Completed load for: 'res://assets/building/textures/T_wallfinish_f02_w08_normal.png' remapped 'res://assets/building/textures/T_wallfinish_f02_w08_normal.png' at thread -1
Loading resource: res://assets/building/textures/T_wallfinish_f02_w09_albedo.png remapped: res://assets/building/textures/T_wallfinish_f02_w09_albedo.png
Loading resource: res://.godot/imported/T_wallfinish_f02_w09_albedo.png-679a9dd72fe5d30587bee7143b42ec3c.ctex remapped: res://.godot/imported/T_wallfinish_f02_w09_albedo.png-679a9dd72fe5d30587bee7143b42ec3c.ctex
Completed load for: 'res://assets/building/textures/T_wallfinish_f02_w09_albedo.png' remapped 'res://assets/building/textures/T_wallfinish_f02_w09_albedo.png' at thread -1
Loading resource: res://assets/building/textures/T_wallfinish_f02_w09_roughness.png remapped: res://assets/building/textures/T_wallfinish_f02_w09_roughness.png
Loading resource: res://.godot/imported/T_wallfinish_f02_w09_roughness.png-ff1dd0b7622f974de6ed6b1e7e3bb8e8.ctex remapped: res://.godot/imported/T_wallfinish_f02_w09_roughness.png-ff1dd0b7622f974de6ed6b1e7e3bb8e8.ctex
Completed load for: 'res://assets/building/textures/T_wallfinish_f02_w09_roughness.png' remapped 'res://assets/building/textures/T_wallfinish_f02_w09_roughness.png' at thread -1
Loading resource: res://assets/building/textures/T_wallfinish_f02_w09_normal.png remapped: res://assets/building/textures/T_wallfinish_f02_w09_normal.png
Loading resource: res://.godot/imported/T_wallfinish_f02_w09_normal.png-eaf38d00aba20443ca15eddc7656ae1c.ctex remapped: res://.godot/imported/T_wallfinish_f02_w09_normal.png-eaf38d00aba20443ca15eddc7656ae1c.ctex
Completed load for: 'res://assets/building/textures/T_wallfinish_f02_w09_normal.png' remapped 'res://assets/building/textures/T_wallfinish_f02_w09_normal.png' at thread -1
Loading resource: res://assets/building/textures/T_wallfinish_f02_w10_albedo.png remapped: res://assets/building/textures/T_wallfinish_f02_w10_albedo.png
Loading resource: res://.godot/imported/T_wallfinish_f02_w10_albedo.png-ac6fe48ee8aec4180b9edd9a05b755c3.ctex remapped: res://.godot/imported/T_wallfinish_f02_w10_albedo.png-ac6fe48ee8aec4180b9edd9a05b755c3.ctex
Completed load for: 'res://assets/building/textures/T_wallfinish_f02_w10_albedo.png' remapped 'res://assets/building/textures/T_wallfinish_f02_w10_albedo.png' at thread -1
Loading resource: res://assets/building/textures/T_wallfinish_f02_w10_roughness.png remapped: res://assets/building/textures/T_wallfinish_f02_w10_roughness.png
Loading resource: res://.godot/imported/T_wallfinish_f02_w10_roughness.png-868cb0a0fbc7ccc64e795b8dddda9dff.ctex remapped: res://.godot/imported/T_wallfinish_f02_w10_roughness.png-868cb0a0fbc7ccc64e795b8dddda9dff.ctex
Completed load for: 'res://assets/building/textures/T_wallfinish_f02_w10_roughness.png' remapped 'res://assets/building/textures/T_wallfinish_f02_w10_roughness.png' at thread -1
Loading resource: res://assets/building/textures/T_wallfinish_f02_w10_normal.png remapped: res://assets/building/textures/T_wallfinish_f02_w10_normal.png
Loading resource: res://.godot/imported/T_wallfinish_f02_w10_normal.png-072f7035434a38498af806b3f753791f.ctex remapped: res://.godot/imported/T_wallfinish_f02_w10_normal.png-072f7035434a38498af806b3f753791f.ctex
Completed load for: 'res://assets/building/textures/T_wallfinish_f02_w10_normal.png' remapped 'res://assets/building/textures/T_wallfinish_f02_w10_normal.png' at thread -1
Loading resource: res://assets/building/textures/T_ai_materials_ceramic_c_albedo.png remapped: res://assets/building/textures/T_ai_materials_ceramic_c_albedo.png
Loading resource: res://.godot/imported/T_ai_materials_ceramic_c_albedo.png-a2256dd444779d02f0115b8e785da6ef.ctex remapped: res://.godot/imported/T_ai_materials_ceramic_c_albedo.png-a2256dd444779d02f0115b8e785da6ef.ctex
Completed load for: 'res://assets/building/textures/T_ai_materials_ceramic_c_albedo.png' remapped 'res://assets/building/textures/T_ai_materials_ceramic_c_albedo.png' at thread -1
Loading resource: res://assets/building/textures/T_ai_materials_ceramic_c_rough.png remapped: res://assets/building/textures/T_ai_materials_ceramic_c_rough.png
Loading resource: res://.godot/imported/T_ai_materials_ceramic_c_rough.png-5b85a9133942e73c07c95e2dbd472101.ctex remapped: res://.godot/imported/T_ai_materials_ceramic_c_rough.png-5b85a9133942e73c07c95e2dbd472101.ctex
Completed load for: 'res://assets/building/textures/T_ai_materials_ceramic_c_rough.png' remapped 'res://assets/building/textures/T_ai_materials_ceramic_c_rough.png' at thread -1
Loading resource: res://assets/building/textures/T_ai_materials_ceramic_c_normal.png remapped: res://assets/building/textures/T_ai_materials_ceramic_c_normal.png
Loading resource: res://.godot/imported/T_ai_materials_ceramic_c_normal.png-fd5bc34a48c877cc95aaae2dc08fb852.ctex remapped: res://.godot/imported/T_ai_materials_ceramic_c_normal.png-fd5bc34a48c877cc95aaae2dc08fb852.ctex
Completed load for: 'res://assets/building/textures/T_ai_materials_ceramic_c_normal.png' remapped 'res://assets/building/textures/T_ai_materials_ceramic_c_normal.png' at thread -1
Loading resource: res://assets/building/textures/T_ai_materials_concrete_c_albedo.png remapped: res://assets/building/textures/T_ai_materials_concrete_c_albedo.png
Loading resource: res://.godot/imported/T_ai_materials_concrete_c_albedo.png-704e0c4ae22f7b4115c36573da76aa5c.ctex remapped: res://.godot/imported/T_ai_materials_concrete_c_albedo.png-704e0c4ae22f7b4115c36573da76aa5c.ctex
Completed load for: 'res://assets/building/textures/T_ai_materials_concrete_c_albedo.png' remapped 'res://assets/building/textures/T_ai_materials_concrete_c_albedo.png' at thread -1
Loading resource: res://assets/building/textures/T_ai_materials_concrete_c_rough.png remapped: res://assets/building/textures/T_ai_materials_concrete_c_rough.png
Loading resource: res://.godot/imported/T_ai_materials_concrete_c_rough.png-99877f3319304217d2080ce2a984d231.ctex remapped: res://.godot/imported/T_ai_materials_concrete_c_rough.png-99877f3319304217d2080ce2a984d231.ctex
Completed load for: 'res://assets/building/textures/T_ai_materials_concrete_c_rough.png' remapped 'res://assets/building/textures/T_ai_materials_concrete_c_rough.png' at thread -1
Loading resource: res://assets/building/textures/T_ai_materials_concrete_c_normal.png remapped: res://assets/building/textures/T_ai_materials_concrete_c_normal.png
Loading resource: res://.godot/imported/T_ai_materials_concrete_c_normal.png-da8523e1426348ac6055baddc04d714f.ctex remapped: res://.godot/imported/T_ai_materials_concrete_c_normal.png-da8523e1426348ac6055baddc04d714f.ctex
Completed load for: 'res://assets/building/textures/T_ai_materials_concrete_c_normal.png' remapped 'res://assets/building/textures/T_ai_materials_concrete_c_normal.png' at thread -1
Loading resource: res://assets/building/textures/T_ai_materials_floor_oak_c_albedo.png remapped: res://assets/building/textures/T_ai_materials_floor_oak_c_albedo.png
Loading resource: res://.godot/imported/T_ai_materials_floor_oak_c_albedo.png-b573bfc3741e86abecd46b6b331baa18.ctex remapped: res://.godot/imported/T_ai_materials_floor_oak_c_albedo.png-b573bfc3741e86abecd46b6b331baa18.ctex
Completed load for: 'res://assets/building/textures/T_ai_materials_floor_oak_c_albedo.png' remapped 'res://assets/building/textures/T_ai_materials_floor_oak_c_albedo.png' at thread -1
Loading resource: res://assets/building/textures/T_ai_materials_floor_oak_c_rough.png remapped: res://assets/building/textures/T_ai_materials_floor_oak_c_rough.png
Loading resource: res://.godot/imported/T_ai_materials_floor_oak_c_rough.png-e5a2003d215f4f65d569d769444eab8c.ctex remapped: res://.godot/imported/T_ai_materials_floor_oak_c_rough.png-e5a2003d215f4f65d569d769444eab8c.ctex
Completed load for: 'res://assets/building/textures/T_ai_materials_floor_oak_c_rough.png' remapped 'res://assets/building/textures/T_ai_materials_floor_oak_c_rough.png' at thread -1
Loading resource: res://assets/building/textures/T_ai_materials_floor_oak_c_normal.png remapped: res://assets/building/textures/T_ai_materials_floor_oak_c_normal.png
Loading resource: res://.godot/imported/T_ai_materials_floor_oak_c_normal.png-893cefe0459fdcd6d7dbad4dd3e03a9f.ctex remapped: res://.godot/imported/T_ai_materials_floor_oak_c_normal.png-893cefe0459fdcd6d7dbad4dd3e03a9f.ctex
Completed load for: 'res://assets/building/textures/T_ai_materials_floor_oak_c_normal.png' remapped 'res://assets/building/textures/T_ai_materials_floor_oak_c_normal.png' at thread -1
Loading resource: res://assets/building/textures/T_ai_materials_terrazzo_c_albedo.png remapped: res://assets/building/textures/T_ai_materials_terrazzo_c_albedo.png
Loading resource: res://.godot/imported/T_ai_materials_terrazzo_c_albedo.png-123998d694bdcb727c1e09d9eb51a433.ctex remapped: res://.godot/imported/T_ai_materials_terrazzo_c_albedo.png-123998d694bdcb727c1e09d9eb51a433.ctex
Completed load for: 'res://assets/building/textures/T_ai_materials_terrazzo_c_albedo.png' remapped 'res://assets/building/textures/T_ai_materials_terrazzo_c_albedo.png' at thread -1
Loading resource: res://assets/building/textures/T_ai_materials_terrazzo_c_rough.png remapped: res://assets/building/textures/T_ai_materials_terrazzo_c_rough.png
Loading resource: res://.godot/imported/T_ai_materials_terrazzo_c_rough.png-0740853f1b1471bd35a112198cb35a50.ctex remapped: res://.godot/imported/T_ai_materials_terrazzo_c_rough.png-0740853f1b1471bd35a112198cb35a50.ctex
Completed load for: 'res://assets/building/textures/T_ai_materials_terrazzo_c_rough.png' remapped 'res://assets/building/textures/T_ai_materials_terrazzo_c_rough.png' at thread -1
Loading resource: res://assets/building/textures/T_ai_materials_terrazzo_c_normal.png remapped: res://assets/building/textures/T_ai_materials_terrazzo_c_normal.png
Loading resource: res://.godot/imported/T_ai_materials_terrazzo_c_normal.png-9cc626263a0b5195a33bc77a1ffc8b63.ctex remapped: res://.godot/imported/T_ai_materials_terrazzo_c_normal.png-9cc626263a0b5195a33bc77a1ffc8b63.ctex
Completed load for: 'res://assets/building/textures/T_ai_materials_terrazzo_c_normal.png' remapped 'res://assets/building/textures/T_ai_materials_terrazzo_c_normal.png' at thread -1
Loading resource: res://assets/building/textures/T_ai_materials_bakelite_c_albedo.png remapped: res://assets/building/textures/T_ai_materials_bakelite_c_albedo.png
Loading resource: res://.godot/imported/T_ai_materials_bakelite_c_albedo.png-140ae526f9c64e5113daab0424b40e60.ctex remapped: res://.godot/imported/T_ai_materials_bakelite_c_albedo.png-140ae526f9c64e5113daab0424b40e60.ctex
Completed load for: 'res://assets/building/textures/T_ai_materials_bakelite_c_albedo.png' remapped 'res://assets/building/textures/T_ai_materials_bakelite_c_albedo.png' at thread -1
Loading resource: res://assets/building/textures/T_ai_materials_bakelite_c_rough.png remapped: res://assets/building/textures/T_ai_materials_bakelite_c_rough.png
Loading resource: res://.godot/imported/T_ai_materials_bakelite_c_rough.png-548e7fd057f77f8141fd8f919fe8361e.ctex remapped: res://.godot/imported/T_ai_materials_bakelite_c_rough.png-548e7fd057f77f8141fd8f919fe8361e.ctex
Completed load for: 'res://assets/building/textures/T_ai_materials_bakelite_c_rough.png' remapped 'res://assets/building/textures/T_ai_materials_bakelite_c_rough.png' at thread -1
Loading resource: res://assets/building/textures/T_ai_materials_bakelite_c_normal.png remapped: res://assets/building/textures/T_ai_materials_bakelite_c_normal.png
Loading resource: res://.godot/imported/T_ai_materials_bakelite_c_normal.png-f874c818f5c7f399fe38f7ec39604c4c.ctex remapped: res://.godot/imported/T_ai_materials_bakelite_c_normal.png-f874c818f5c7f399fe38f7ec39604c4c.ctex
Completed load for: 'res://assets/building/textures/T_ai_materials_bakelite_c_normal.png' remapped 'res://assets/building/textures/T_ai_materials_bakelite_c_normal.png' at thread -1
Loading resource: res://assets/building/textures/T_ai_materials_brass_c_albedo.png remapped: res://assets/building/textures/T_ai_materials_brass_c_albedo.png
Loading resource: res://.godot/imported/T_ai_materials_brass_c_albedo.png-d3b22413997a2a91d15821194d70ce83.ctex remapped: res://.godot/imported/T_ai_materials_brass_c_albedo.png-d3b22413997a2a91d15821194d70ce83.ctex
Completed load for: 'res://assets/building/textures/T_ai_materials_brass_c_albedo.png' remapped 'res://assets/building/textures/T_ai_materials_brass_c_albedo.png' at thread -1
Loading resource: res://assets/building/textures/T_ai_materials_brass_c_rough.png remapped: res://assets/building/textures/T_ai_materials_brass_c_rough.png
Loading resource: res://.godot/imported/T_ai_materials_brass_c_rough.png-2fc2928fdbdeae82d6235273a47b0e81.ctex remapped: res://.godot/imported/T_ai_materials_brass_c_rough.png-2fc2928fdbdeae82d6235273a47b0e81.ctex
Completed load for: 'res://assets/building/textures/T_ai_materials_brass_c_rough.png' remapped 'res://assets/building/textures/T_ai_materials_brass_c_rough.png' at thread -1
Loading resource: res://assets/building/textures/T_ai_materials_brass_c_normal.png remapped: res://assets/building/textures/T_ai_materials_brass_c_normal.png
Loading resource: res://.godot/imported/T_ai_materials_brass_c_normal.png-33c629fe87bc1ba2c9fc64f6acc649a7.ctex remapped: res://.godot/imported/T_ai_materials_brass_c_normal.png-33c629fe87bc1ba2c9fc64f6acc649a7.ctex
Completed load for: 'res://assets/building/textures/T_ai_materials_brass_c_normal.png' remapped 'res://assets/building/textures/T_ai_materials_brass_c_normal.png' at thread -1
Loading resource: res://assets/building/textures/T_ai_materials_chrome_c_albedo.png remapped: res://assets/building/textures/T_ai_materials_chrome_c_albedo.png
Loading resource: res://.godot/imported/T_ai_materials_chrome_c_albedo.png-b5e4530d25dd7fda299c4d536b1c01f0.ctex remapped: res://.godot/imported/T_ai_materials_chrome_c_albedo.png-b5e4530d25dd7fda299c4d536b1c01f0.ctex
Completed load for: 'res://assets/building/textures/T_ai_materials_chrome_c_albedo.png' remapped 'res://assets/building/textures/T_ai_materials_chrome_c_albedo.png' at thread -1
Loading resource: res://assets/building/textures/T_ai_materials_chrome_c_rough.png remapped: res://assets/building/textures/T_ai_materials_chrome_c_rough.png
Loading resource: res://.godot/imported/T_ai_materials_chrome_c_rough.png-819d8edb6fe0250da928fa51ffaa8ebd.ctex remapped: res://.godot/imported/T_ai_materials_chrome_c_rough.png-819d8edb6fe0250da928fa51ffaa8ebd.ctex
Completed load for: 'res://assets/building/textures/T_ai_materials_chrome_c_rough.png' remapped 'res://assets/building/textures/T_ai_materials_chrome_c_rough.png' at thread -1
Loading resource: res://assets/building/textures/T_ai_materials_chrome_c_normal.png remapped: res://assets/building/textures/T_ai_materials_chrome_c_normal.png
Loading resource: res://.godot/imported/T_ai_materials_chrome_c_normal.png-a215e858ffc157128c7c6d837a37c356.ctex remapped: res://.godot/imported/T_ai_materials_chrome_c_normal.png-a215e858ffc157128c7c6d837a37c356.ctex
Completed load for: 'res://assets/building/textures/T_ai_materials_chrome_c_normal.png' remapped 'res://assets/building/textures/T_ai_materials_chrome_c_normal.png' at thread -1
Loading resource: res://assets/building/textures/T_ai_materials_countertop_c_albedo.png remapped: res://assets/building/textures/T_ai_materials_countertop_c_albedo.png
Loading resource: res://.godot/imported/T_ai_materials_countertop_c_albedo.png-52d69dac7869d8e288f787d774f8451e.ctex remapped: res://.godot/imported/T_ai_materials_countertop_c_albedo.png-52d69dac7869d8e288f787d774f8451e.ctex
Completed load for: 'res://assets/building/textures/T_ai_materials_countertop_c_albedo.png' remapped 'res://assets/building/textures/T_ai_materials_countertop_c_albedo.png' at thread -1
Loading resource: res://assets/building/textures/T_ai_materials_countertop_c_rough.png remapped: res://assets/building/textures/T_ai_materials_countertop_c_rough.png
Loading resource: res://.godot/imported/T_ai_materials_countertop_c_rough.png-ca0c3347e0789c688b0c2e6b82b285e6.ctex remapped: res://.godot/imported/T_ai_materials_countertop_c_rough.png-ca0c3347e0789c688b0c2e6b82b285e6.ctex
Completed load for: 'res://assets/building/textures/T_ai_materials_countertop_c_rough.png' remapped 'res://assets/building/textures/T_ai_materials_countertop_c_rough.png' at thread -1
Loading resource: res://assets/building/textures/T_ai_materials_countertop_c_normal.png remapped: res://assets/building/textures/T_ai_materials_countertop_c_normal.png
Loading resource: res://.godot/imported/T_ai_materials_countertop_c_normal.png-aa5ca312e3576ba3e82e72cde03a808c.ctex remapped: res://.godot/imported/T_ai_materials_countertop_c_normal.png-aa5ca312e3576ba3e82e72cde03a808c.ctex
Completed load for: 'res://assets/building/textures/T_ai_materials_countertop_c_normal.png' remapped 'res://assets/building/textures/T_ai_materials_countertop_c_normal.png' at thread -1
Loading resource: res://assets/building/textures/T_ai_materials_enamel_c_albedo.png remapped: res://assets/building/textures/T_ai_materials_enamel_c_albedo.png
Loading resource: res://.godot/imported/T_ai_materials_enamel_c_albedo.png-248a532e488fa0fc8a801540a4590bbc.ctex remapped: res://.godot/imported/T_ai_materials_enamel_c_albedo.png-248a532e488fa0fc8a801540a4590bbc.ctex
Completed load for: 'res://assets/building/textures/T_ai_materials_enamel_c_albedo.png' remapped 'res://assets/building/textures/T_ai_materials_enamel_c_albedo.png' at thread -1
Loading resource: res://assets/building/textures/T_ai_materials_enamel_c_rough.png remapped: res://assets/building/textures/T_ai_materials_enamel_c_rough.png
Loading resource: res://.godot/imported/T_ai_materials_enamel_c_rough.png-8871da21abf97b93655877c2d1ac45fd.ctex remapped: res://.godot/imported/T_ai_materials_enamel_c_rough.png-8871da21abf97b93655877c2d1ac45fd.ctex
Completed load for: 'res://assets/building/textures/T_ai_materials_enamel_c_rough.png' remapped 'res://assets/building/textures/T_ai_materials_enamel_c_rough.png' at thread -1
Loading resource: res://assets/building/textures/T_ai_materials_enamel_c_normal.png remapped: res://assets/building/textures/T_ai_materials_enamel_c_normal.png
Loading resource: res://.godot/imported/T_ai_materials_enamel_c_normal.png-571716dfa41e7ce6b50197a7c3f2e6e2.ctex remapped: res://.godot/imported/T_ai_materials_enamel_c_normal.png-571716dfa41e7ce6b50197a7c3f2e6e2.ctex
Completed load for: 'res://assets/building/textures/T_ai_materials_enamel_c_normal.png' remapped 'res://assets/building/textures/T_ai_materials_enamel_c_normal.png' at thread -1
Loading resource: res://assets/building/textures/T_ai_materials_fabric_cool_c_albedo.png remapped: res://assets/building/textures/T_ai_materials_fabric_cool_c_albedo.png
Loading resource: res://.godot/imported/T_ai_materials_fabric_cool_c_albedo.png-11e9d5a7dc4d33e4a57b4a969730a9cc.ctex remapped: res://.godot/imported/T_ai_materials_fabric_cool_c_albedo.png-11e9d5a7dc4d33e4a57b4a969730a9cc.ctex
Completed load for: 'res://assets/building/textures/T_ai_materials_fabric_cool_c_albedo.png' remapped 'res://assets/building/textures/T_ai_materials_fabric_cool_c_albedo.png' at thread -1
Loading resource: res://assets/building/textures/T_ai_materials_fabric_cool_c_rough.png remapped: res://assets/building/textures/T_ai_materials_fabric_cool_c_rough.png
Loading resource: res://.godot/imported/T_ai_materials_fabric_cool_c_rough.png-d35660771d2a5e8a6880b5b30cca551e.ctex remapped: res://.godot/imported/T_ai_materials_fabric_cool_c_rough.png-d35660771d2a5e8a6880b5b30cca551e.ctex
Completed load for: 'res://assets/building/textures/T_ai_materials_fabric_cool_c_rough.png' remapped 'res://assets/building/textures/T_ai_materials_fabric_cool_c_rough.png' at thread -1
Loading resource: res://assets/building/textures/T_ai_materials_fabric_cool_c_normal.png remapped: res://assets/building/textures/T_ai_materials_fabric_cool_c_normal.png
Loading resource: res://.godot/imported/T_ai_materials_fabric_cool_c_normal.png-3d6e9d0a9e976ab66d2fcdefc50bac86.ctex remapped: res://.godot/imported/T_ai_materials_fabric_cool_c_normal.png-3d6e9d0a9e976ab66d2fcdefc50bac86.ctex
Completed load for: 'res://assets/building/textures/T_ai_materials_fabric_cool_c_normal.png' remapped 'res://assets/building/textures/T_ai_materials_fabric_cool_c_normal.png' at thread -1
Loading resource: res://assets/building/textures/T_ai_materials_fabric_green_c_albedo.png remapped: res://assets/building/textures/T_ai_materials_fabric_green_c_albedo.png
Loading resource: res://.godot/imported/T_ai_materials_fabric_green_c_albedo.png-27754bbf4c2f78310599aa1f3c7645f5.ctex remapped: res://.godot/imported/T_ai_materials_fabric_green_c_albedo.png-27754bbf4c2f78310599aa1f3c7645f5.ctex
Completed load for: 'res://assets/building/textures/T_ai_materials_fabric_green_c_albedo.png' remapped 'res://assets/building/textures/T_ai_materials_fabric_green_c_albedo.png' at thread -1
Loading resource: res://assets/building/textures/T_ai_materials_fabric_green_c_rough.png remapped: res://assets/building/textures/T_ai_materials_fabric_green_c_rough.png
Loading resource: res://.godot/imported/T_ai_materials_fabric_green_c_rough.png-6389b8f62d5e33d187a151761b287495.ctex remapped: res://.godot/imported/T_ai_materials_fabric_green_c_rough.png-6389b8f62d5e33d187a151761b287495.ctex
Completed load for: 'res://assets/building/textures/T_ai_materials_fabric_green_c_rough.png' remapped 'res://assets/building/textures/T_ai_materials_fabric_green_c_rough.png' at thread -1
Loading resource: res://assets/building/textures/T_ai_materials_fabric_green_c_normal.png remapped: res://assets/building/textures/T_ai_materials_fabric_green_c_normal.png
Loading resource: res://.godot/imported/T_ai_materials_fabric_green_c_normal.png-15316f2084bc8f2ba9fe9c552f037cd6.ctex remapped: res://.godot/imported/T_ai_materials_fabric_green_c_normal.png-15316f2084bc8f2ba9fe9c552f037cd6.ctex
Completed load for: 'res://assets/building/textures/T_ai_materials_fabric_green_c_normal.png' remapped 'res://assets/building/textures/T_ai_materials_fabric_green_c_normal.png' at thread -1
Loading resource: res://assets/building/textures/T_ai_materials_fabric_warm_c_albedo.png remapped: res://assets/building/textures/T_ai_materials_fabric_warm_c_albedo.png
Loading resource: res://.godot/imported/T_ai_materials_fabric_warm_c_albedo.png-8ff1f464a0458118b658b42c5cb2d939.ctex remapped: res://.godot/imported/T_ai_materials_fabric_warm_c_albedo.png-8ff1f464a0458118b658b42c5cb2d939.ctex
Completed load for: 'res://assets/building/textures/T_ai_materials_fabric_warm_c_albedo.png' remapped 'res://assets/building/textures/T_ai_materials_fabric_warm_c_albedo.png' at thread -1
Loading resource: res://assets/building/textures/T_ai_materials_fabric_warm_c_rough.png remapped: res://assets/building/textures/T_ai_materials_fabric_warm_c_rough.png
Loading resource: res://.godot/imported/T_ai_materials_fabric_warm_c_rough.png-48199b92a052a8e984782cfb4aaa2d74.ctex remapped: res://.godot/imported/T_ai_materials_fabric_warm_c_rough.png-48199b92a052a8e984782cfb4aaa2d74.ctex
Completed load for: 'res://assets/building/textures/T_ai_materials_fabric_warm_c_rough.png' remapped 'res://assets/building/textures/T_ai_materials_fabric_warm_c_rough.png' at thread -1
Loading resource: res://assets/building/textures/T_ai_materials_fabric_warm_c_normal.png remapped: res://assets/building/textures/T_ai_materials_fabric_warm_c_normal.png
Loading resource: res://.godot/imported/T_ai_materials_fabric_warm_c_normal.png-ceab89cb16aaecc88172cbf0a396498c.ctex remapped: res://.godot/imported/T_ai_materials_fabric_warm_c_normal.png-ceab89cb16aaecc88172cbf0a396498c.ctex
Completed load for: 'res://assets/building/textures/T_ai_materials_fabric_warm_c_normal.png' remapped 'res://assets/building/textures/T_ai_materials_fabric_warm_c_normal.png' at thread -1
Loading resource: res://assets/building/textures/T_ai_materials_linen_c_albedo.png remapped: res://assets/building/textures/T_ai_materials_linen_c_albedo.png
Loading resource: res://.godot/imported/T_ai_materials_linen_c_albedo.png-c9e2a80fa8d334fa3719d7c7298bba2b.ctex remapped: res://.godot/imported/T_ai_materials_linen_c_albedo.png-c9e2a80fa8d334fa3719d7c7298bba2b.ctex
Completed load for: 'res://assets/building/textures/T_ai_materials_linen_c_albedo.png' remapped 'res://assets/building/textures/T_ai_materials_linen_c_albedo.png' at thread -1
Loading resource: res://assets/building/textures/T_ai_materials_linen_c_rough.png remapped: res://assets/building/textures/T_ai_materials_linen_c_rough.png
Loading resource: res://.godot/imported/T_ai_materials_linen_c_rough.png-9c10594fecca867a1bc8d6473051e045.ctex remapped: res://.godot/imported/T_ai_materials_linen_c_rough.png-9c10594fecca867a1bc8d6473051e045.ctex
Completed load for: 'res://assets/building/textures/T_ai_materials_linen_c_rough.png' remapped 'res://assets/building/textures/T_ai_materials_linen_c_rough.png' at thread -1
Loading resource: res://assets/building/textures/T_ai_materials_linen_c_normal.png remapped: res://assets/building/textures/T_ai_materials_linen_c_normal.png
Loading resource: res://.godot/imported/T_ai_materials_linen_c_normal.png-52b7c8ee5ddaf9c3a71c8bd2c47af8c8.ctex remapped: res://.godot/imported/T_ai_materials_linen_c_normal.png-52b7c8ee5ddaf9c3a71c8bd2c47af8c8.ctex
Completed load for: 'res://assets/building/textures/T_ai_materials_linen_c_normal.png' remapped 'res://assets/building/textures/T_ai_materials_linen_c_normal.png' at thread -1
Loading resource: res://assets/building/textures/T_ai_materials_metal_c_albedo.png remapped: res://assets/building/textures/T_ai_materials_metal_c_albedo.png
Loading resource: res://.godot/imported/T_ai_materials_metal_c_albedo.png-984fb70277436f39ce87de4ab0dcaf28.ctex remapped: res://.godot/imported/T_ai_materials_metal_c_albedo.png-984fb70277436f39ce87de4ab0dcaf28.ctex
Completed load for: 'res://assets/building/textures/T_ai_materials_metal_c_albedo.png' remapped 'res://assets/building/textures/T_ai_materials_metal_c_albedo.png' at thread -1
Loading resource: res://assets/building/textures/T_ai_materials_metal_c_rough.png remapped: res://assets/building/textures/T_ai_materials_metal_c_rough.png
Loading resource: res://.godot/imported/T_ai_materials_metal_c_rough.png-42ebaf4e28015b1cd7f5b652876cd035.ctex remapped: res://.godot/imported/T_ai_materials_metal_c_rough.png-42ebaf4e28015b1cd7f5b652876cd035.ctex
Completed load for: 'res://assets/building/textures/T_ai_materials_metal_c_rough.png' remapped 'res://assets/building/textures/T_ai_materials_metal_c_rough.png' at thread -1
Loading resource: res://assets/building/textures/T_ai_materials_metal_c_normal.png remapped: res://assets/building/textures/T_ai_materials_metal_c_normal.png
Loading resource: res://.godot/imported/T_ai_materials_metal_c_normal.png-2402e1e3cf0ccde0322d73e3c93a9925.ctex remapped: res://.godot/imported/T_ai_materials_metal_c_normal.png-2402e1e3cf0ccde0322d73e3c93a9925.ctex
Completed load for: 'res://assets/building/textures/T_ai_materials_metal_c_normal.png' remapped 'res://assets/building/textures/T_ai_materials_metal_c_normal.png' at thread -1
Loading resource: res://assets/building/textures/T_ai_materials_paper_c_albedo.png remapped: res://assets/building/textures/T_ai_materials_paper_c_albedo.png
Loading resource: res://.godot/imported/T_ai_materials_paper_c_albedo.png-f89e0b27c1a513263a72ab810174091a.ctex remapped: res://.godot/imported/T_ai_materials_paper_c_albedo.png-f89e0b27c1a513263a72ab810174091a.ctex
Completed load for: 'res://assets/building/textures/T_ai_materials_paper_c_albedo.png' remapped 'res://assets/building/textures/T_ai_materials_paper_c_albedo.png' at thread -1
Loading resource: res://assets/building/textures/T_ai_materials_paper_c_rough.png remapped: res://assets/building/textures/T_ai_materials_paper_c_rough.png
Loading resource: res://.godot/imported/T_ai_materials_paper_c_rough.png-ffab358be36801d85856c382f76861d2.ctex remapped: res://.godot/imported/T_ai_materials_paper_c_rough.png-ffab358be36801d85856c382f76861d2.ctex
Completed load for: 'res://assets/building/textures/T_ai_materials_paper_c_rough.png' remapped 'res://assets/building/textures/T_ai_materials_paper_c_rough.png' at thread -1
Loading resource: res://assets/building/textures/T_ai_materials_paper_c_normal.png remapped: res://assets/building/textures/T_ai_materials_paper_c_normal.png
Loading resource: res://.godot/imported/T_ai_materials_paper_c_normal.png-f0e3c8602a7a4745d24be6dc8009d5da.ctex remapped: res://.godot/imported/T_ai_materials_paper_c_normal.png-f0e3c8602a7a4745d24be6dc8009d5da.ctex
Completed load for: 'res://assets/building/textures/T_ai_materials_paper_c_normal.png' remapped 'res://assets/building/textures/T_ai_materials_paper_c_normal.png' at thread -1
Loading resource: res://assets/building/textures/T_ai_materials_plywood_c_albedo.png remapped: res://assets/building/textures/T_ai_materials_plywood_c_albedo.png
Loading resource: res://.godot/imported/T_ai_materials_plywood_c_albedo.png-e21ae0c8d8fa2316b1bea7162401e5bc.ctex remapped: res://.godot/imported/T_ai_materials_plywood_c_albedo.png-e21ae0c8d8fa2316b1bea7162401e5bc.ctex
Completed load for: 'res://assets/building/textures/T_ai_materials_plywood_c_albedo.png' remapped 'res://assets/building/textures/T_ai_materials_plywood_c_albedo.png' at thread -1
Loading resource: res://assets/building/textures/T_ai_materials_plywood_c_rough.png remapped: res://assets/building/textures/T_ai_materials_plywood_c_rough.png
Loading resource: res://.godot/imported/T_ai_materials_plywood_c_rough.png-725ebc0f60c972af171825bec42dc485.ctex remapped: res://.godot/imported/T_ai_materials_plywood_c_rough.png-725ebc0f60c972af171825bec42dc485.ctex
Completed load for: 'res://assets/building/textures/T_ai_materials_plywood_c_rough.png' remapped 'res://assets/building/textures/T_ai_materials_plywood_c_rough.png' at thread -1
Loading resource: res://assets/building/textures/T_ai_materials_plywood_c_normal.png remapped: res://assets/building/textures/T_ai_materials_plywood_c_normal.png
Loading resource: res://.godot/imported/T_ai_materials_plywood_c_normal.png-8df5b2f6061b53c31f16d652b4144719.ctex remapped: res://.godot/imported/T_ai_materials_plywood_c_normal.png-8df5b2f6061b53c31f16d652b4144719.ctex
Completed load for: 'res://assets/building/textures/T_ai_materials_plywood_c_normal.png' remapped 'res://assets/building/textures/T_ai_materials_plywood_c_normal.png' at thread -1
Loading resource: res://assets/building/textures/T_ai_materials_porcelain_c_albedo.png remapped: res://assets/building/textures/T_ai_materials_porcelain_c_albedo.png
Loading resource: res://.godot/imported/T_ai_materials_porcelain_c_albedo.png-5338cf420825da08398d1debf72d12a8.ctex remapped: res://.godot/imported/T_ai_materials_porcelain_c_albedo.png-5338cf420825da08398d1debf72d12a8.ctex
Completed load for: 'res://assets/building/textures/T_ai_materials_porcelain_c_albedo.png' remapped 'res://assets/building/textures/T_ai_materials_porcelain_c_albedo.png' at thread -1
Loading resource: res://assets/building/textures/T_ai_materials_porcelain_c_rough.png remapped: res://assets/building/textures/T_ai_materials_porcelain_c_rough.png
Loading resource: res://.godot/imported/T_ai_materials_porcelain_c_rough.png-e9289a1af04748fe8ab09816926a66af.ctex remapped: res://.godot/imported/T_ai_materials_porcelain_c_rough.png-e9289a1af04748fe8ab09816926a66af.ctex
Completed load for: 'res://assets/building/textures/T_ai_materials_porcelain_c_rough.png' remapped 'res://assets/building/textures/T_ai_materials_porcelain_c_rough.png' at thread -1
Loading resource: res://assets/building/textures/T_ai_materials_porcelain_c_normal.png remapped: res://assets/building/textures/T_ai_materials_porcelain_c_normal.png
Loading resource: res://.godot/imported/T_ai_materials_porcelain_c_normal.png-cc25dae8615e77557c731fd6f725a3ab.ctex remapped: res://.godot/imported/T_ai_materials_porcelain_c_normal.png-cc25dae8615e77557c731fd6f725a3ab.ctex
Completed load for: 'res://assets/building/textures/T_ai_materials_porcelain_c_normal.png' remapped 'res://assets/building/textures/T_ai_materials_porcelain_c_normal.png' at thread -1
Loading resource: res://assets/building/textures/T_ai_materials_soot_c_albedo.png remapped: res://assets/building/textures/T_ai_materials_soot_c_albedo.png
Loading resource: res://.godot/imported/T_ai_materials_soot_c_albedo.png-8033ddb2c5cca39ba4a5d8fc30bdb0bc.ctex remapped: res://.godot/imported/T_ai_materials_soot_c_albedo.png-8033ddb2c5cca39ba4a5d8fc30bdb0bc.ctex
Completed load for: 'res://assets/building/textures/T_ai_materials_soot_c_albedo.png' remapped 'res://assets/building/textures/T_ai_materials_soot_c_albedo.png' at thread -1
Loading resource: res://assets/building/textures/T_ai_materials_soot_c_rough.png remapped: res://assets/building/textures/T_ai_materials_soot_c_rough.png
Loading resource: res://.godot/imported/T_ai_materials_soot_c_rough.png-504f56a1ddb9c28f5ead57dce7780a23.ctex remapped: res://.godot/imported/T_ai_materials_soot_c_rough.png-504f56a1ddb9c28f5ead57dce7780a23.ctex
Completed load for: 'res://assets/building/textures/T_ai_materials_soot_c_rough.png' remapped 'res://assets/building/textures/T_ai_materials_soot_c_rough.png' at thread -1
Loading resource: res://assets/building/textures/T_ai_materials_soot_c_normal.png remapped: res://assets/building/textures/T_ai_materials_soot_c_normal.png
Loading resource: res://.godot/imported/T_ai_materials_soot_c_normal.png-fe75247fa7ca5b67ea276ab33f3c9887.ctex remapped: res://.godot/imported/T_ai_materials_soot_c_normal.png-fe75247fa7ca5b67ea276ab33f3c9887.ctex
Completed load for: 'res://assets/building/textures/T_ai_materials_soot_c_normal.png' remapped 'res://assets/building/textures/T_ai_materials_soot_c_normal.png' at thread -1
Loading resource: res://assets/building/textures/T_ai_materials_timber_c_albedo.png remapped: res://assets/building/textures/T_ai_materials_timber_c_albedo.png
Loading resource: res://.godot/imported/T_ai_materials_timber_c_albedo.png-a21d1af6534389d881fe5efc40a6527e.ctex remapped: res://.godot/imported/T_ai_materials_timber_c_albedo.png-a21d1af6534389d881fe5efc40a6527e.ctex
Completed load for: 'res://assets/building/textures/T_ai_materials_timber_c_albedo.png' remapped 'res://assets/building/textures/T_ai_materials_timber_c_albedo.png' at thread -1
Loading resource: res://assets/building/textures/T_ai_materials_timber_c_rough.png remapped: res://assets/building/textures/T_ai_materials_timber_c_rough.png
Loading resource: res://.godot/imported/T_ai_materials_timber_c_rough.png-884c60ba7e2cbf83800b6bf81a0e1fac.ctex remapped: res://.godot/imported/T_ai_materials_timber_c_rough.png-884c60ba7e2cbf83800b6bf81a0e1fac.ctex
Completed load for: 'res://assets/building/textures/T_ai_materials_timber_c_rough.png' remapped 'res://assets/building/textures/T_ai_materials_timber_c_rough.png' at thread -1
Loading resource: res://assets/building/textures/T_ai_materials_timber_c_normal.png remapped: res://assets/building/textures/T_ai_materials_timber_c_normal.png
Loading resource: res://.godot/imported/T_ai_materials_timber_c_normal.png-37143a6bfffce48359e7d6da34192028.ctex remapped: res://.godot/imported/T_ai_materials_timber_c_normal.png-37143a6bfffce48359e7d6da34192028.ctex
Completed load for: 'res://assets/building/textures/T_ai_materials_timber_c_normal.png' remapped 'res://assets/building/textures/T_ai_materials_timber_c_normal.png' at thread -1
Loading resource: res://assets/building/textures/T_ai_materials_trim_c_albedo.png remapped: res://assets/building/textures/T_ai_materials_trim_c_albedo.png
Loading resource: res://.godot/imported/T_ai_materials_trim_c_albedo.png-f3f6b08bda6878692d707fbea77bee01.ctex remapped: res://.godot/imported/T_ai_materials_trim_c_albedo.png-f3f6b08bda6878692d707fbea77bee01.ctex
Completed load for: 'res://assets/building/textures/T_ai_materials_trim_c_albedo.png' remapped 'res://assets/building/textures/T_ai_materials_trim_c_albedo.png' at thread -1
Loading resource: res://assets/building/textures/T_ai_materials_trim_c_rough.png remapped: res://assets/building/textures/T_ai_materials_trim_c_rough.png
Loading resource: res://.godot/imported/T_ai_materials_trim_c_rough.png-c6e47d7fb7d0a2ad346b92ab77e3ba0e.ctex remapped: res://.godot/imported/T_ai_materials_trim_c_rough.png-c6e47d7fb7d0a2ad346b92ab77e3ba0e.ctex
Completed load for: 'res://assets/building/textures/T_ai_materials_trim_c_rough.png' remapped 'res://assets/building/textures/T_ai_materials_trim_c_rough.png' at thread -1
Loading resource: res://assets/building/textures/T_ai_materials_trim_c_normal.png remapped: res://assets/building/textures/T_ai_materials_trim_c_normal.png
Loading resource: res://.godot/imported/T_ai_materials_trim_c_normal.png-37927f58ce1a66e6e8980262c37020c5.ctex remapped: res://.godot/imported/T_ai_materials_trim_c_normal.png-37927f58ce1a66e6e8980262c37020c5.ctex
Completed load for: 'res://assets/building/textures/T_ai_materials_trim_c_normal.png' remapped 'res://assets/building/textures/T_ai_materials_trim_c_normal.png' at thread -1
Loading resource: res://assets/building/textures/T_ai_materials_wood_dark_c_albedo.png remapped: res://assets/building/textures/T_ai_materials_wood_dark_c_albedo.png
Loading resource: res://.godot/imported/T_ai_materials_wood_dark_c_albedo.png-3856484a72a4c5c64328b2a6262d6c20.ctex remapped: res://.godot/imported/T_ai_materials_wood_dark_c_albedo.png-3856484a72a4c5c64328b2a6262d6c20.ctex
Completed load for: 'res://assets/building/textures/T_ai_materials_wood_dark_c_albedo.png' remapped 'res://assets/building/textures/T_ai_materials_wood_dark_c_albedo.png' at thread -1
Loading resource: res://assets/building/textures/T_ai_materials_wood_dark_c_rough.png remapped: res://assets/building/textures/T_ai_materials_wood_dark_c_rough.png
Loading resource: res://.godot/imported/T_ai_materials_wood_dark_c_rough.png-14fa99aa972e593c0c2b917835d05ba2.ctex remapped: res://.godot/imported/T_ai_materials_wood_dark_c_rough.png-14fa99aa972e593c0c2b917835d05ba2.ctex
Completed load for: 'res://assets/building/textures/T_ai_materials_wood_dark_c_rough.png' remapped 'res://assets/building/textures/T_ai_materials_wood_dark_c_rough.png' at thread -1
Loading resource: res://assets/building/textures/T_ai_materials_wood_dark_c_normal.png remapped: res://assets/building/textures/T_ai_materials_wood_dark_c_normal.png
Loading resource: res://.godot/imported/T_ai_materials_wood_dark_c_normal.png-076bfab15722df9f62ea4d5429d83334.ctex remapped: res://.godot/imported/T_ai_materials_wood_dark_c_normal.png-076bfab15722df9f62ea4d5429d83334.ctex
Completed load for: 'res://assets/building/textures/T_ai_materials_wood_dark_c_normal.png' remapped 'res://assets/building/textures/T_ai_materials_wood_dark_c_normal.png' at thread -1
Loading resource: res://assets/building/textures/T_ai_materials_cast_iron_c_albedo.png remapped: res://assets/building/textures/T_ai_materials_cast_iron_c_albedo.png
Loading resource: res://.godot/imported/T_ai_materials_cast_iron_c_albedo.png-3caec25fa3e0adeb637cae4431cb2580.ctex remapped: res://.godot/imported/T_ai_materials_cast_iron_c_albedo.png-3caec25fa3e0adeb637cae4431cb2580.ctex
Completed load for: 'res://assets/building/textures/T_ai_materials_cast_iron_c_albedo.png' remapped 'res://assets/building/textures/T_ai_materials_cast_iron_c_albedo.png' at thread -1
Loading resource: res://assets/building/textures/T_ai_materials_cast_iron_c_rough.png remapped: res://assets/building/textures/T_ai_materials_cast_iron_c_rough.png
Loading resource: res://.godot/imported/T_ai_materials_cast_iron_c_rough.png-93f4e8b0955d3b33779bbc82d3f5c899.ctex remapped: res://.godot/imported/T_ai_materials_cast_iron_c_rough.png-93f4e8b0955d3b33779bbc82d3f5c899.ctex
Completed load for: 'res://assets/building/textures/T_ai_materials_cast_iron_c_rough.png' remapped 'res://assets/building/textures/T_ai_materials_cast_iron_c_rough.png' at thread -1
Loading resource: res://assets/building/textures/T_ai_materials_cast_iron_c_normal.png remapped: res://assets/building/textures/T_ai_materials_cast_iron_c_normal.png
Loading resource: res://.godot/imported/T_ai_materials_cast_iron_c_normal.png-a0a4a79e08d2ed7d3ecbe0f302586fa8.ctex remapped: res://.godot/imported/T_ai_materials_cast_iron_c_normal.png-a0a4a79e08d2ed7d3ecbe0f302586fa8.ctex
Completed load for: 'res://assets/building/textures/T_ai_materials_cast_iron_c_normal.png' remapped 'res://assets/building/textures/T_ai_materials_cast_iron_c_normal.png' at thread -1
Loading resource: res://assets/building/textures/T_fx_fx_patch.png remapped: res://assets/building/textures/T_fx_fx_patch.png
Loading resource: res://.godot/imported/T_fx_fx_patch.png-a18ec92bbafdd777cc6dbeb315668e66.ctex remapped: res://.godot/imported/T_fx_fx_patch.png-a18ec92bbafdd777cc6dbeb315668e66.ctex
Completed load for: 'res://assets/building/textures/T_fx_fx_patch.png' remapped 'res://assets/building/textures/T_fx_fx_patch.png' at thread -1
Loading resource: res://assets/building/textures/T_fx_fx_patch_rough.png remapped: res://assets/building/textures/T_fx_fx_patch_rough.png
Loading resource: res://.godot/imported/T_fx_fx_patch_rough.png-dd494e5ef258e747bcac091936fdda2d.ctex remapped: res://.godot/imported/T_fx_fx_patch_rough.png-dd494e5ef258e747bcac091936fdda2d.ctex
Completed load for: 'res://assets/building/textures/T_fx_fx_patch_rough.png' remapped 'res://assets/building/textures/T_fx_fx_patch_rough.png' at thread -1
Loading resource: res://assets/building/textures/T_fx_fx_patch_normal.png remapped: res://assets/building/textures/T_fx_fx_patch_normal.png
Loading resource: res://.godot/imported/T_fx_fx_patch_normal.png-e9baafb4d1efd0086989d1b040bb44b4.ctex remapped: res://.godot/imported/T_fx_fx_patch_normal.png-e9baafb4d1efd0086989d1b040bb44b4.ctex
Completed load for: 'res://assets/building/textures/T_fx_fx_patch_normal.png' remapped 'res://assets/building/textures/T_fx_fx_patch_normal.png' at thread -1
Loading resource: res://assets/building/textures/T_ai_materials_linoleum_c_albedo.png remapped: res://assets/building/textures/T_ai_materials_linoleum_c_albedo.png
Loading resource: res://.godot/imported/T_ai_materials_linoleum_c_albedo.png-4c88882597aed22e70410a3b251f0c52.ctex remapped: res://.godot/imported/T_ai_materials_linoleum_c_albedo.png-4c88882597aed22e70410a3b251f0c52.ctex
Completed load for: 'res://assets/building/textures/T_ai_materials_linoleum_c_albedo.png' remapped 'res://assets/building/textures/T_ai_materials_linoleum_c_albedo.png' at thread -1
Loading resource: res://assets/building/textures/T_ai_materials_linoleum_c_rough.png remapped: res://assets/building/textures/T_ai_materials_linoleum_c_rough.png
Loading resource: res://.godot/imported/T_ai_materials_linoleum_c_rough.png-6be53ad99d8664f9fcc7f8afb933a313.ctex remapped: res://.godot/imported/T_ai_materials_linoleum_c_rough.png-6be53ad99d8664f9fcc7f8afb933a313.ctex
Completed load for: 'res://assets/building/textures/T_ai_materials_linoleum_c_rough.png' remapped 'res://assets/building/textures/T_ai_materials_linoleum_c_rough.png' at thread -1
Loading resource: res://assets/building/textures/T_ai_materials_linoleum_c_normal.png remapped: res://assets/building/textures/T_ai_materials_linoleum_c_normal.png
Loading resource: res://.godot/imported/T_ai_materials_linoleum_c_normal.png-cb66a54a84d90d5e6446793ecec85c0f.ctex remapped: res://.godot/imported/T_ai_materials_linoleum_c_normal.png-cb66a54a84d90d5e6446793ecec85c0f.ctex
Completed load for: 'res://assets/building/textures/T_ai_materials_linoleum_c_normal.png' remapped 'res://assets/building/textures/T_ai_materials_linoleum_c_normal.png' at thread -1
Loading resource: res://assets/building/textures/T_ai_materials_rug_warm_c_albedo.png remapped: res://assets/building/textures/T_ai_materials_rug_warm_c_albedo.png
Loading resource: res://.godot/imported/T_ai_materials_rug_warm_c_albedo.png-929c370086fc629a6176740586446563.ctex remapped: res://.godot/imported/T_ai_materials_rug_warm_c_albedo.png-929c370086fc629a6176740586446563.ctex
Completed load for: 'res://assets/building/textures/T_ai_materials_rug_warm_c_albedo.png' remapped 'res://assets/building/textures/T_ai_materials_rug_warm_c_albedo.png' at thread -1
Loading resource: res://assets/building/textures/T_ai_materials_rug_warm_c_rough.png remapped: res://assets/building/textures/T_ai_materials_rug_warm_c_rough.png
Loading resource: res://.godot/imported/T_ai_materials_rug_warm_c_rough.png-82e07937d3d732b65312dbfb36bcc4e9.ctex remapped: res://.godot/imported/T_ai_materials_rug_warm_c_rough.png-82e07937d3d732b65312dbfb36bcc4e9.ctex
Completed load for: 'res://assets/building/textures/T_ai_materials_rug_warm_c_rough.png' remapped 'res://assets/building/textures/T_ai_materials_rug_warm_c_rough.png' at thread -1
Loading resource: res://assets/building/textures/T_ai_materials_rug_warm_c_normal.png remapped: res://assets/building/textures/T_ai_materials_rug_warm_c_normal.png
Loading resource: res://.godot/imported/T_ai_materials_rug_warm_c_normal.png-8aea576e311685700646e7fa7b7171e5.ctex remapped: res://.godot/imported/T_ai_materials_rug_warm_c_normal.png-8aea576e311685700646e7fa7b7171e5.ctex
Completed load for: 'res://assets/building/textures/T_ai_materials_rug_warm_c_normal.png' remapped 'res://assets/building/textures/T_ai_materials_rug_warm_c_normal.png' at thread -1
Loading resource: res://assets/building/textures/T_ai_materials_slab_c_albedo.png remapped: res://assets/building/textures/T_ai_materials_slab_c_albedo.png
Loading resource: res://.godot/imported/T_ai_materials_slab_c_albedo.png-9ecf35f04b061d4a323c2c0114303e4f.ctex remapped: res://.godot/imported/T_ai_materials_slab_c_albedo.png-9ecf35f04b061d4a323c2c0114303e4f.ctex
Completed load for: 'res://assets/building/textures/T_ai_materials_slab_c_albedo.png' remapped 'res://assets/building/textures/T_ai_materials_slab_c_albedo.png' at thread -1
Loading resource: res://assets/building/textures/T_ai_materials_slab_c_rough.png remapped: res://assets/building/textures/T_ai_materials_slab_c_rough.png
Loading resource: res://.godot/imported/T_ai_materials_slab_c_rough.png-d918cbe97f0efd94470fee90c832764b.ctex remapped: res://.godot/imported/T_ai_materials_slab_c_rough.png-d918cbe97f0efd94470fee90c832764b.ctex
Completed load for: 'res://assets/building/textures/T_ai_materials_slab_c_rough.png' remapped 'res://assets/building/textures/T_ai_materials_slab_c_rough.png' at thread -1
Loading resource: res://assets/building/textures/T_ai_materials_slab_c_normal.png remapped: res://assets/building/textures/T_ai_materials_slab_c_normal.png
Loading resource: res://.godot/imported/T_ai_materials_slab_c_normal.png-87cf081c3a793bfb521c9e92a07139c4.ctex remapped: res://.godot/imported/T_ai_materials_slab_c_normal.png-87cf081c3a793bfb521c9e92a07139c4.ctex
Completed load for: 'res://assets/building/textures/T_ai_materials_slab_c_normal.png' remapped 'res://assets/building/textures/T_ai_materials_slab_c_normal.png' at thread -1
Loading resource: res://assets/building/textures/T_ai_materials_stair_c_albedo.png remapped: res://assets/building/textures/T_ai_materials_stair_c_albedo.png
Loading resource: res://.godot/imported/T_ai_materials_stair_c_albedo.png-85bb8f9b39714c46bb4107878b0c939a.ctex remapped: res://.godot/imported/T_ai_materials_stair_c_albedo.png-85bb8f9b39714c46bb4107878b0c939a.ctex
Completed load for: 'res://assets/building/textures/T_ai_materials_stair_c_albedo.png' remapped 'res://assets/building/textures/T_ai_materials_stair_c_albedo.png' at thread -1
Loading resource: res://assets/building/textures/T_ai_materials_stair_c_rough.png remapped: res://assets/building/textures/T_ai_materials_stair_c_rough.png
Loading resource: res://.godot/imported/T_ai_materials_stair_c_rough.png-863085f59e9ba5f6831464b92595f981.ctex remapped: res://.godot/imported/T_ai_materials_stair_c_rough.png-863085f59e9ba5f6831464b92595f981.ctex
Completed load for: 'res://assets/building/textures/T_ai_materials_stair_c_rough.png' remapped 'res://assets/building/textures/T_ai_materials_stair_c_rough.png' at thread -1
Loading resource: res://assets/building/textures/T_ai_materials_stair_c_normal.png remapped: res://assets/building/textures/T_ai_materials_stair_c_normal.png
Loading resource: res://.godot/imported/T_ai_materials_stair_c_normal.png-686cd8299c7312163271984b2724c935.ctex remapped: res://.godot/imported/T_ai_materials_stair_c_normal.png-686cd8299c7312163271984b2724c935.ctex
Completed load for: 'res://assets/building/textures/T_ai_materials_stair_c_normal.png' remapped 'res://assets/building/textures/T_ai_materials_stair_c_normal.png' at thread -1
Loading resource: res://assets/building/textures/T_ai_materials_baluster_c_albedo.png remapped: res://assets/building/textures/T_ai_materials_baluster_c_albedo.png
Loading resource: res://.godot/imported/T_ai_materials_baluster_c_albedo.png-c68fdb51aa5999b313027573eddd75ea.ctex remapped: res://.godot/imported/T_ai_materials_baluster_c_albedo.png-c68fdb51aa5999b313027573eddd75ea.ctex
Completed load for: 'res://assets/building/textures/T_ai_materials_baluster_c_albedo.png' remapped 'res://assets/building/textures/T_ai_materials_baluster_c_albedo.png' at thread -1
Loading resource: res://assets/building/textures/T_ai_materials_baluster_c_rough.png remapped: res://assets/building/textures/T_ai_materials_baluster_c_rough.png
Loading resource: res://.godot/imported/T_ai_materials_baluster_c_rough.png-83f48efbc81dfb74e96508870bd3c63e.ctex remapped: res://.godot/imported/T_ai_materials_baluster_c_rough.png-83f48efbc81dfb74e96508870bd3c63e.ctex
Completed load for: 'res://assets/building/textures/T_ai_materials_baluster_c_rough.png' remapped 'res://assets/building/textures/T_ai_materials_baluster_c_rough.png' at thread -1
Loading resource: res://assets/building/textures/T_ai_materials_baluster_c_normal.png remapped: res://assets/building/textures/T_ai_materials_baluster_c_normal.png
Loading resource: res://.godot/imported/T_ai_materials_baluster_c_normal.png-56773268b78b1aa14a80bda0265d8f2d.ctex remapped: res://.godot/imported/T_ai_materials_baluster_c_normal.png-56773268b78b1aa14a80bda0265d8f2d.ctex
Completed load for: 'res://assets/building/textures/T_ai_materials_baluster_c_normal.png' remapped 'res://assets/building/textures/T_ai_materials_baluster_c_normal.png' at thread -1
Loading resource: res://assets/building/textures/T_ai_materials_handrail_wood_c_albedo.png remapped: res://assets/building/textures/T_ai_materials_handrail_wood_c_albedo.png
Loading resource: res://.godot/imported/T_ai_materials_handrail_wood_c_albedo.png-8d9b0e648ca764dd73af33898c8a9f66.ctex remapped: res://.godot/imported/T_ai_materials_handrail_wood_c_albedo.png-8d9b0e648ca764dd73af33898c8a9f66.ctex
Completed load for: 'res://assets/building/textures/T_ai_materials_handrail_wood_c_albedo.png' remapped 'res://assets/building/textures/T_ai_materials_handrail_wood_c_albedo.png' at thread -1
Loading resource: res://assets/building/textures/T_ai_materials_handrail_wood_c_rough.png remapped: res://assets/building/textures/T_ai_materials_handrail_wood_c_rough.png
Loading resource: res://.godot/imported/T_ai_materials_handrail_wood_c_rough.png-1ed56931f52e196bb1be4cedf31e8022.ctex remapped: res://.godot/imported/T_ai_materials_handrail_wood_c_rough.png-1ed56931f52e196bb1be4cedf31e8022.ctex
Completed load for: 'res://assets/building/textures/T_ai_materials_handrail_wood_c_rough.png' remapped 'res://assets/building/textures/T_ai_materials_handrail_wood_c_rough.png' at thread -1
Loading resource: res://assets/building/textures/T_ai_materials_handrail_wood_c_normal.png remapped: res://assets/building/textures/T_ai_materials_handrail_wood_c_normal.png
Loading resource: res://.godot/imported/T_ai_materials_handrail_wood_c_normal.png-06e1af66e838685ac78948af636b5412.ctex remapped: res://.godot/imported/T_ai_materials_handrail_wood_c_normal.png-06e1af66e838685ac78948af636b5412.ctex
Completed load for: 'res://assets/building/textures/T_ai_materials_handrail_wood_c_normal.png' remapped 'res://assets/building/textures/T_ai_materials_handrail_wood_c_normal.png' at thread -1
Loading resource: res://assets/building/textures/T_ai_materials_limestone_c_albedo.png remapped: res://assets/building/textures/T_ai_materials_limestone_c_albedo.png
Loading resource: res://.godot/imported/T_ai_materials_limestone_c_albedo.png-0fd7b8a44a26b6103200a433d8894feb.ctex remapped: res://.godot/imported/T_ai_materials_limestone_c_albedo.png-0fd7b8a44a26b6103200a433d8894feb.ctex
Completed load for: 'res://assets/building/textures/T_ai_materials_limestone_c_albedo.png' remapped 'res://assets/building/textures/T_ai_materials_limestone_c_albedo.png' at thread -1
Loading resource: res://assets/building/textures/T_ai_materials_limestone_c_rough.png remapped: res://assets/building/textures/T_ai_materials_limestone_c_rough.png
Loading resource: res://.godot/imported/T_ai_materials_limestone_c_rough.png-638c702108ac1bf821c0820b4f61a0c7.ctex remapped: res://.godot/imported/T_ai_materials_limestone_c_rough.png-638c702108ac1bf821c0820b4f61a0c7.ctex
Completed load for: 'res://assets/building/textures/T_ai_materials_limestone_c_rough.png' remapped 'res://assets/building/textures/T_ai_materials_limestone_c_rough.png' at thread -1
Loading resource: res://assets/building/textures/T_ai_materials_limestone_c_normal.png remapped: res://assets/building/textures/T_ai_materials_limestone_c_normal.png
Loading resource: res://.godot/imported/T_ai_materials_limestone_c_normal.png-126800e1ac45bfe19e807ce6e787f46c.ctex remapped: res://.godot/imported/T_ai_materials_limestone_c_normal.png-126800e1ac45bfe19e807ce6e787f46c.ctex
Completed load for: 'res://assets/building/textures/T_ai_materials_limestone_c_normal.png' remapped 'res://assets/building/textures/T_ai_materials_limestone_c_normal.png' at thread -1
Loading resource: res://assets/building/textures/T_ai_materials_subway_tile_c_albedo.png remapped: res://assets/building/textures/T_ai_materials_subway_tile_c_albedo.png
Loading resource: res://.godot/imported/T_ai_materials_subway_tile_c_albedo.png-c5eb8c5812c615e62ba742b6e9b6ea7e.ctex remapped: res://.godot/imported/T_ai_materials_subway_tile_c_albedo.png-c5eb8c5812c615e62ba742b6e9b6ea7e.ctex
Completed load for: 'res://assets/building/textures/T_ai_materials_subway_tile_c_albedo.png' remapped 'res://assets/building/textures/T_ai_materials_subway_tile_c_albedo.png' at thread -1
Loading resource: res://assets/building/textures/T_ai_materials_subway_tile_c_rough.png remapped: res://assets/building/textures/T_ai_materials_subway_tile_c_rough.png
Loading resource: res://.godot/imported/T_ai_materials_subway_tile_c_rough.png-d84b5af3626036b63db0dc2299041317.ctex remapped: res://.godot/imported/T_ai_materials_subway_tile_c_rough.png-d84b5af3626036b63db0dc2299041317.ctex
Completed load for: 'res://assets/building/textures/T_ai_materials_subway_tile_c_rough.png' remapped 'res://assets/building/textures/T_ai_materials_subway_tile_c_rough.png' at thread -1
Loading resource: res://assets/building/textures/T_ai_materials_subway_tile_c_normal.png remapped: res://assets/building/textures/T_ai_materials_subway_tile_c_normal.png
Loading resource: res://.godot/imported/T_ai_materials_subway_tile_c_normal.png-8bfd036f0ef78566ba0af075fbe36469.ctex remapped: res://.godot/imported/T_ai_materials_subway_tile_c_normal.png-8bfd036f0ef78566ba0af075fbe36469.ctex
Completed load for: 'res://assets/building/textures/T_ai_materials_subway_tile_c_normal.png' remapped 'res://assets/building/textures/T_ai_materials_subway_tile_c_normal.png' at thread -1
Loading resource: res://assets/building/textures/T_ai_materials_wainscot_c_albedo.png remapped: res://assets/building/textures/T_ai_materials_wainscot_c_albedo.png
Loading resource: res://.godot/imported/T_ai_materials_wainscot_c_albedo.png-efb55e28bbbd955d80db7b5aaeb291f5.ctex remapped: res://.godot/imported/T_ai_materials_wainscot_c_albedo.png-efb55e28bbbd955d80db7b5aaeb291f5.ctex
Completed load for: 'res://assets/building/textures/T_ai_materials_wainscot_c_albedo.png' remapped 'res://assets/building/textures/T_ai_materials_wainscot_c_albedo.png' at thread -1
Loading resource: res://assets/building/textures/T_ai_materials_wainscot_c_rough.png remapped: res://assets/building/textures/T_ai_materials_wainscot_c_rough.png
Loading resource: res://.godot/imported/T_ai_materials_wainscot_c_rough.png-e7fc0791380e475b34438b3e8ce36007.ctex remapped: res://.godot/imported/T_ai_materials_wainscot_c_rough.png-e7fc0791380e475b34438b3e8ce36007.ctex
Completed load for: 'res://assets/building/textures/T_ai_materials_wainscot_c_rough.png' remapped 'res://assets/building/textures/T_ai_materials_wainscot_c_rough.png' at thread -1
Loading resource: res://assets/building/textures/T_ai_materials_wainscot_c_normal.png remapped: res://assets/building/textures/T_ai_materials_wainscot_c_normal.png
Loading resource: res://.godot/imported/T_ai_materials_wainscot_c_normal.png-d19370c89c5e6abb87a88f14a1a97000.ctex remapped: res://.godot/imported/T_ai_materials_wainscot_c_normal.png-d19370c89c5e6abb87a88f14a1a97000.ctex
Completed load for: 'res://assets/building/textures/T_ai_materials_wainscot_c_normal.png' remapped 'res://assets/building/textures/T_ai_materials_wainscot_c_normal.png' at thread -1
Loading resource: res://assets/building/textures/T_ai_materials_common_brick_c_albedo.png remapped: res://assets/building/textures/T_ai_materials_common_brick_c_albedo.png
Loading resource: res://.godot/imported/T_ai_materials_common_brick_c_albedo.png-b75a8b6dc370386ec336716ea4a83905.ctex remapped: res://.godot/imported/T_ai_materials_common_brick_c_albedo.png-b75a8b6dc370386ec336716ea4a83905.ctex
Completed load for: 'res://assets/building/textures/T_ai_materials_common_brick_c_albedo.png' remapped 'res://assets/building/textures/T_ai_materials_common_brick_c_albedo.png' at thread -1
Loading resource: res://assets/building/textures/T_ai_materials_common_brick_c_rough.png remapped: res://assets/building/textures/T_ai_materials_common_brick_c_rough.png
Loading resource: res://.godot/imported/T_ai_materials_common_brick_c_rough.png-93eaf0645abdafc6dd3215f19abd70a6.ctex remapped: res://.godot/imported/T_ai_materials_common_brick_c_rough.png-93eaf0645abdafc6dd3215f19abd70a6.ctex
Completed load for: 'res://assets/building/textures/T_ai_materials_common_brick_c_rough.png' remapped 'res://assets/building/textures/T_ai_materials_common_brick_c_rough.png' at thread -1
Loading resource: res://assets/building/textures/T_ai_materials_common_brick_c_normal.png remapped: res://assets/building/textures/T_ai_materials_common_brick_c_normal.png
Loading resource: res://.godot/imported/T_ai_materials_common_brick_c_normal.png-16e90748fb3a72327f4a2a9cd1ceb361.ctex remapped: res://.godot/imported/T_ai_materials_common_brick_c_normal.png-16e90748fb3a72327f4a2a9cd1ceb361.ctex
Completed load for: 'res://assets/building/textures/T_ai_materials_common_brick_c_normal.png' remapped 'res://assets/building/textures/T_ai_materials_common_brick_c_normal.png' at thread -1
Loading resource: res://assets/building/textures/T_ai_materials_face_brick_c_albedo.png remapped: res://assets/building/textures/T_ai_materials_face_brick_c_albedo.png
Loading resource: res://.godot/imported/T_ai_materials_face_brick_c_albedo.png-711bd3e7817e0aa34e6e764afa041827.ctex remapped: res://.godot/imported/T_ai_materials_face_brick_c_albedo.png-711bd3e7817e0aa34e6e764afa041827.ctex
Completed load for: 'res://assets/building/textures/T_ai_materials_face_brick_c_albedo.png' remapped 'res://assets/building/textures/T_ai_materials_face_brick_c_albedo.png' at thread -1
Loading resource: res://assets/building/textures/T_ai_materials_face_brick_c_rough.png remapped: res://assets/building/textures/T_ai_materials_face_brick_c_rough.png
Loading resource: res://.godot/imported/T_ai_materials_face_brick_c_rough.png-9896578ab267b6f9afefc0dab98d10df.ctex remapped: res://.godot/imported/T_ai_materials_face_brick_c_rough.png-9896578ab267b6f9afefc0dab98d10df.ctex
Completed load for: 'res://assets/building/textures/T_ai_materials_face_brick_c_rough.png' remapped 'res://assets/building/textures/T_ai_materials_face_brick_c_rough.png' at thread -1
Loading resource: res://assets/building/textures/T_ai_materials_face_brick_c_normal.png remapped: res://assets/building/textures/T_ai_materials_face_brick_c_normal.png
Loading resource: res://.godot/imported/T_ai_materials_face_brick_c_normal.png-e7ee47e85b74d370dbb14ffc5d3d38b3.ctex remapped: res://.godot/imported/T_ai_materials_face_brick_c_normal.png-e7ee47e85b74d370dbb14ffc5d3d38b3.ctex
Completed load for: 'res://assets/building/textures/T_ai_materials_face_brick_c_normal.png' remapped 'res://assets/building/textures/T_ai_materials_face_brick_c_normal.png' at thread -1
Completed load for: 'res://assets/building/floor_02.gltf' remapped 'res://assets/building/floor_02.gltf' at thread -1
Loading resource: res://assets/building/floor_03.gltf remapped: res://assets/building/floor_03.gltf
Loading resource: res://.godot/imported/floor_03.gltf-7c0f4951b8a04caefe2b03857cc19575.scn remapped: res://.godot/imported/floor_03.gltf-7c0f4951b8a04caefe2b03857cc19575.scn
Loading resource: res://assets/building/textures/T_ai_materials_tin_ceiling_d_albedo.png remapped: res://assets/building/textures/T_ai_materials_tin_ceiling_d_albedo.png
Loading resource: res://.godot/imported/T_ai_materials_tin_ceiling_d_albedo.png-7b84c40a7ed0cbab9187caa98b71e3af.ctex remapped: res://.godot/imported/T_ai_materials_tin_ceiling_d_albedo.png-7b84c40a7ed0cbab9187caa98b71e3af.ctex
Completed load for: 'res://assets/building/textures/T_ai_materials_tin_ceiling_d_albedo.png' remapped 'res://assets/building/textures/T_ai_materials_tin_ceiling_d_albedo.png' at thread -1
Loading resource: res://assets/building/textures/T_ai_materials_tin_ceiling_d_rough.png remapped: res://assets/building/textures/T_ai_materials_tin_ceiling_d_rough.png
Loading resource: res://.godot/imported/T_ai_materials_tin_ceiling_d_rough.png-c7c6fe9ce1f0495d8f48381a938dd79c.ctex remapped: res://.godot/imported/T_ai_materials_tin_ceiling_d_rough.png-c7c6fe9ce1f0495d8f48381a938dd79c.ctex
Completed load for: 'res://assets/building/textures/T_ai_materials_tin_ceiling_d_rough.png' remapped 'res://assets/building/textures/T_ai_materials_tin_ceiling_d_rough.png' at thread -1
Loading resource: res://assets/building/textures/T_ai_materials_tin_ceiling_d_normal.png remapped: res://assets/building/textures/T_ai_materials_tin_ceiling_d_normal.png
Loading resource: res://.godot/imported/T_ai_materials_tin_ceiling_d_normal.png-7b0b186fed78d24527c61e7ea77418c2.ctex remapped: res://.godot/imported/T_ai_materials_tin_ceiling_d_normal.png-7b0b186fed78d24527c61e7ea77418c2.ctex
Completed load for: 'res://assets/building/textures/T_ai_materials_tin_ceiling_d_normal.png' remapped 'res://assets/building/textures/T_ai_materials_tin_ceiling_d_normal.png' at thread -1
Loading resource: res://assets/building/textures/T_wallfinish_f03_w00_albedo.png remapped: res://assets/building/textures/T_wallfinish_f03_w00_albedo.png
Loading resource: res://.godot/imported/T_wallfinish_f03_w00_albedo.png-e440879532427f556ecec18e2505d898.ctex remapped: res://.godot/imported/T_wallfinish_f03_w00_albedo.png-e440879532427f556ecec18e2505d898.ctex
Completed load for: 'res://assets/building/textures/T_wallfinish_f03_w00_albedo.png' remapped 'res://assets/building/textures/T_wallfinish_f03_w00_albedo.png' at thread -1
Loading resource: res://assets/building/textures/T_wallfinish_f03_w00_roughness.png remapped: res://assets/building/textures/T_wallfinish_f03_w00_roughness.png
Loading resource: res://.godot/imported/T_wallfinish_f03_w00_roughness.png-2cdced219e83125e2c9f9c42956f9877.ctex remapped: res://.godot/imported/T_wallfinish_f03_w00_roughness.png-2cdced219e83125e2c9f9c42956f9877.ctex
Completed load for: 'res://assets/building/textures/T_wallfinish_f03_w00_roughness.png' remapped 'res://assets/building/textures/T_wallfinish_f03_w00_roughness.png' at thread -1
Loading resource: res://assets/building/textures/T_wallfinish_f03_w00_normal.png remapped: res://assets/building/textures/T_wallfinish_f03_w00_normal.png
Loading resource: res://.godot/imported/T_wallfinish_f03_w00_normal.png-8b1ffbbfe118e2bac32ded2b15b32fa2.ctex remapped: res://.godot/imported/T_wallfinish_f03_w00_normal.png-8b1ffbbfe118e2bac32ded2b15b32fa2.ctex
Completed load for: 'res://assets/building/textures/T_wallfinish_f03_w00_normal.png' remapped 'res://assets/building/textures/T_wallfinish_f03_w00_normal.png' at thread -1
Loading resource: res://assets/building/textures/T_wallfinish_f03_w01_albedo.png remapped: res://assets/building/textures/T_wallfinish_f03_w01_albedo.png
Loading resource: res://.godot/imported/T_wallfinish_f03_w01_albedo.png-4ccbc0e3e5a9a516e9e0685befc80952.ctex remapped: res://.godot/imported/T_wallfinish_f03_w01_albedo.png-4ccbc0e3e5a9a516e9e0685befc80952.ctex
Completed load for: 'res://assets/building/textures/T_wallfinish_f03_w01_albedo.png' remapped 'res://assets/building/textures/T_wallfinish_f03_w01_albedo.png' at thread -1
Loading resource: res://assets/building/textures/T_wallfinish_f03_w01_roughness.png remapped: res://assets/building/textures/T_wallfinish_f03_w01_roughness.png
Loading resource: res://.godot/imported/T_wallfinish_f03_w01_roughness.png-5fd32963324a4bac79e0f7a9ee2fe8a6.ctex remapped: res://.godot/imported/T_wallfinish_f03_w01_roughness.png-5fd32963324a4bac79e0f7a9ee2fe8a6.ctex
Completed load for: 'res://assets/building/textures/T_wallfinish_f03_w01_roughness.png' remapped 'res://assets/building/textures/T_wallfinish_f03_w01_roughness.png' at thread -1
Loading resource: res://assets/building/textures/T_wallfinish_f03_w01_normal.png remapped: res://assets/building/textures/T_wallfinish_f03_w01_normal.png
Loading resource: res://.godot/imported/T_wallfinish_f03_w01_normal.png-ff657d2d60cc9f0af9c667adfd6a064d.ctex remapped: res://.godot/imported/T_wallfinish_f03_w01_normal.png-ff657d2d60cc9f0af9c667adfd6a064d.ctex
Completed load for: 'res://assets/building/textures/T_wallfinish_f03_w01_normal.png' remapped 'res://assets/building/textures/T_wallfinish_f03_w01_normal.png' at thread -1
Loading resource: res://assets/building/textures/T_wallfinish_f03_w02_albedo.png remapped: res://assets/building/textures/T_wallfinish_f03_w02_albedo.png
Loading resource: res://.godot/imported/T_wallfinish_f03_w02_albedo.png-78d6f2bfe50ed063d07e69d93c1eb74e.ctex remapped: res://.godot/imported/T_wallfinish_f03_w02_albedo.png-78d6f2bfe50ed063d07e69d93c1eb74e.ctex
Completed load for: 'res://assets/building/textures/T_wallfinish_f03_w02_albedo.png' remapped 'res://assets/building/textures/T_wallfinish_f03_w02_albedo.png' at thread -1
Loading resource: res://assets/building/textures/T_wallfinish_f03_w02_roughness.png remapped: res://assets/building/textures/T_wallfinish_f03_w02_roughness.png
Loading resource: res://.godot/imported/T_wallfinish_f03_w02_roughness.png-ce66c3ff88ca8af213fccf661a73cfc9.ctex remapped: res://.godot/imported/T_wallfinish_f03_w02_roughness.png-ce66c3ff88ca8af213fccf661a73cfc9.ctex
Completed load for: 'res://assets/building/textures/T_wallfinish_f03_w02_roughness.png' remapped 'res://assets/building/textures/T_wallfinish_f03_w02_roughness.png' at thread -1
Loading resource: res://assets/building/textures/T_wallfinish_f03_w02_normal.png remapped: res://assets/building/textures/T_wallfinish_f03_w02_normal.png
Loading resource: res://.godot/imported/T_wallfinish_f03_w02_normal.png-00227cf1c3d54f8c87c30ee00a05b8ff.ctex remapped: res://.godot/imported/T_wallfinish_f03_w02_normal.png-00227cf1c3d54f8c87c30ee00a05b8ff.ctex
Completed load for: 'res://assets/building/textures/T_wallfinish_f03_w02_normal.png' remapped 'res://assets/building/textures/T_wallfinish_f03_w02_normal.png' at thread -1
Loading resource: res://assets/building/textures/T_wallfinish_f03_w03_albedo.png remapped: res://assets/building/textures/T_wallfinish_f03_w03_albedo.png
Loading resource: res://.godot/imported/T_wallfinish_f03_w03_albedo.png-94fedee0ea350898fc035c24841fcdcd.ctex remapped: res://.godot/imported/T_wallfinish_f03_w03_albedo.png-94fedee0ea350898fc035c24841fcdcd.ctex
Completed load for: 'res://assets/building/textures/T_wallfinish_f03_w03_albedo.png' remapped 'res://assets/building/textures/T_wallfinish_f03_w03_albedo.png' at thread -1
Loading resource: res://assets/building/textures/T_wallfinish_f03_w03_roughness.png remapped: res://assets/building/textures/T_wallfinish_f03_w03_roughness.png
Loading resource: res://.godot/imported/T_wallfinish_f03_w03_roughness.png-7162ea26d9bcbe77b8ced975bbf9eb7b.ctex remapped: res://.godot/imported/T_wallfinish_f03_w03_roughness.png-7162ea26d9bcbe77b8ced975bbf9eb7b.ctex
Completed load for: 'res://assets/building/textures/T_wallfinish_f03_w03_roughness.png' remapped 'res://assets/building/textures/T_wallfinish_f03_w03_roughness.png' at thread -1
Loading resource: res://assets/building/textures/T_wallfinish_f03_w03_normal.png remapped: res://assets/building/textures/T_wallfinish_f03_w03_normal.png
Loading resource: res://.godot/imported/T_wallfinish_f03_w03_normal.png-0998fcffa5f15cd5c759cb2719d275d1.ctex remapped: res://.godot/imported/T_wallfinish_f03_w03_normal.png-0998fcffa5f15cd5c759cb2719d275d1.ctex
Completed load for: 'res://assets/building/textures/T_wallfinish_f03_w03_normal.png' remapped 'res://assets/building/textures/T_wallfinish_f03_w03_normal.png' at thread -1
Loading resource: res://assets/building/textures/T_wallfinish_f03_w04_albedo.png remapped: res://assets/building/textures/T_wallfinish_f03_w04_albedo.png
Loading resource: res://.godot/imported/T_wallfinish_f03_w04_albedo.png-9b3d716a5d60165f1d34f577dfd99167.ctex remapped: res://.godot/imported/T_wallfinish_f03_w04_albedo.png-9b3d716a5d60165f1d34f577dfd99167.ctex
Completed load for: 'res://assets/building/textures/T_wallfinish_f03_w04_albedo.png' remapped 'res://assets/building/textures/T_wallfinish_f03_w04_albedo.png' at thread -1
Loading resource: res://assets/building/textures/T_wallfinish_f03_w04_roughness.png remapped: res://assets/building/textures/T_wallfinish_f03_w04_roughness.png
Loading resource: res://.godot/imported/T_wallfinish_f03_w04_roughness.png-3740c07af7cdf1ae56436fab4c148788.ctex remapped: res://.godot/imported/T_wallfinish_f03_w04_roughness.png-3740c07af7cdf1ae56436fab4c148788.ctex
Completed load for: 'res://assets/building/textures/T_wallfinish_f03_w04_roughness.png' remapped 'res://assets/building/textures/T_wallfinish_f03_w04_roughness.png' at thread -1
Loading resource: res://assets/building/textures/T_wallfinish_f03_w04_normal.png remapped: res://assets/building/textures/T_wallfinish_f03_w04_normal.png
Loading resource: res://.godot/imported/T_wallfinish_f03_w04_normal.png-9c7fdd4d424b2dd35734a9a63e236734.ctex remapped: res://.godot/imported/T_wallfinish_f03_w04_normal.png-9c7fdd4d424b2dd35734a9a63e236734.ctex
Completed load for: 'res://assets/building/textures/T_wallfinish_f03_w04_normal.png' remapped 'res://assets/building/textures/T_wallfinish_f03_w04_normal.png' at thread -1
Loading resource: res://assets/building/textures/T_wallfinish_f03_w05_albedo.png remapped: res://assets/building/textures/T_wallfinish_f03_w05_albedo.png
Loading resource: res://.godot/imported/T_wallfinish_f03_w05_albedo.png-a56fc375ea5e9d553754b325de8eb718.ctex remapped: res://.godot/imported/T_wallfinish_f03_w05_albedo.png-a56fc375ea5e9d553754b325de8eb718.ctex
Completed load for: 'res://assets/building/textures/T_wallfinish_f03_w05_albedo.png' remapped 'res://assets/building/textures/T_wallfinish_f03_w05_albedo.png' at thread -1
Loading resource: res://assets/building/textures/T_wallfinish_f03_w05_roughness.png remapped: res://assets/building/textures/T_wallfinish_f03_w05_roughness.png
Loading resource: res://.godot/imported/T_wallfinish_f03_w05_roughness.png-c8010cb91c0f423118c59016f36910a2.ctex remapped: res://.godot/imported/T_wallfinish_f03_w05_roughness.png-c8010cb91c0f423118c59016f36910a2.ctex
Completed load for: 'res://assets/building/textures/T_wallfinish_f03_w05_roughness.png' remapped 'res://assets/building/textures/T_wallfinish_f03_w05_roughness.png' at thread -1
Loading resource: res://assets/building/textures/T_wallfinish_f03_w05_normal.png remapped: res://assets/building/textures/T_wallfinish_f03_w05_normal.png
Loading resource: res://.godot/imported/T_wallfinish_f03_w05_normal.png-4cd49c82a32bbe90e36a6de81d59b0a8.ctex remapped: res://.godot/imported/T_wallfinish_f03_w05_normal.png-4cd49c82a32bbe90e36a6de81d59b0a8.ctex
Completed load for: 'res://assets/building/textures/T_wallfinish_f03_w05_normal.png' remapped 'res://assets/building/textures/T_wallfinish_f03_w05_normal.png' at thread -1
Loading resource: res://assets/building/textures/T_wallfinish_f03_w06_albedo.png remapped: res://assets/building/textures/T_wallfinish_f03_w06_albedo.png
Loading resource: res://.godot/imported/T_wallfinish_f03_w06_albedo.png-2dfb54a19e8657d4ac754c97c7dc412f.ctex remapped: res://.godot/imported/T_wallfinish_f03_w06_albedo.png-2dfb54a19e8657d4ac754c97c7dc412f.ctex
Completed load for: 'res://assets/building/textures/T_wallfinish_f03_w06_albedo.png' remapped 'res://assets/building/textures/T_wallfinish_f03_w06_albedo.png' at thread -1
Loading resource: res://assets/building/textures/T_wallfinish_f03_w06_roughness.png remapped: res://assets/building/textures/T_wallfinish_f03_w06_roughness.png
Loading resource: res://.godot/imported/T_wallfinish_f03_w06_roughness.png-0163909de2ef09a07994118ba2f11250.ctex remapped: res://.godot/imported/T_wallfinish_f03_w06_roughness.png-0163909de2ef09a07994118ba2f11250.ctex
Completed load for: 'res://assets/building/textures/T_wallfinish_f03_w06_roughness.png' remapped 'res://assets/building/textures/T_wallfinish_f03_w06_roughness.png' at thread -1
Loading resource: res://assets/building/textures/T_wallfinish_f03_w06_normal.png remapped: res://assets/building/textures/T_wallfinish_f03_w06_normal.png
Loading resource: res://.godot/imported/T_wallfinish_f03_w06_normal.png-84e9d7c67176f227a047636664a4e611.ctex remapped: res://.godot/imported/T_wallfinish_f03_w06_normal.png-84e9d7c67176f227a047636664a4e611.ctex
Completed load for: 'res://assets/building/textures/T_wallfinish_f03_w06_normal.png' remapped 'res://assets/building/textures/T_wallfinish_f03_w06_normal.png' at thread -1
Loading resource: res://assets/building/textures/T_wallfinish_f03_w07_albedo.png remapped: res://assets/building/textures/T_wallfinish_f03_w07_albedo.png
Loading resource: res://.godot/imported/T_wallfinish_f03_w07_albedo.png-5bfb5428c799a3612e8079c37418ee21.ctex remapped: res://.godot/imported/T_wallfinish_f03_w07_albedo.png-5bfb5428c799a3612e8079c37418ee21.ctex
Completed load for: 'res://assets/building/textures/T_wallfinish_f03_w07_albedo.png' remapped 'res://assets/building/textures/T_wallfinish_f03_w07_albedo.png' at thread -1
Loading resource: res://assets/building/textures/T_wallfinish_f03_w07_roughness.png remapped: res://assets/building/textures/T_wallfinish_f03_w07_roughness.png
Loading resource: res://.godot/imported/T_wallfinish_f03_w07_roughness.png-5d9655f1be18807e1bb4a16ed522229c.ctex remapped: res://.godot/imported/T_wallfinish_f03_w07_roughness.png-5d9655f1be18807e1bb4a16ed522229c.ctex
Completed load for: 'res://assets/building/textures/T_wallfinish_f03_w07_roughness.png' remapped 'res://assets/building/textures/T_wallfinish_f03_w07_roughness.png' at thread -1
Loading resource: res://assets/building/textures/T_wallfinish_f03_w07_normal.png remapped: res://assets/building/textures/T_wallfinish_f03_w07_normal.png
Loading resource: res://.godot/imported/T_wallfinish_f03_w07_normal.png-9d1f385a37c49c7ee088a3afbfbfb120.ctex remapped: res://.godot/imported/T_wallfinish_f03_w07_normal.png-9d1f385a37c49c7ee088a3afbfbfb120.ctex
Completed load for: 'res://assets/building/textures/T_wallfinish_f03_w07_normal.png' remapped 'res://assets/building/textures/T_wallfinish_f03_w07_normal.png' at thread -1
Loading resource: res://assets/building/textures/T_wallfinish_f03_w08_albedo.png remapped: res://assets/building/textures/T_wallfinish_f03_w08_albedo.png
Loading resource: res://.godot/imported/T_wallfinish_f03_w08_albedo.png-60f10b6192e9441d2c6c42a631479a40.ctex remapped: res://.godot/imported/T_wallfinish_f03_w08_albedo.png-60f10b6192e9441d2c6c42a631479a40.ctex
Completed load for: 'res://assets/building/textures/T_wallfinish_f03_w08_albedo.png' remapped 'res://assets/building/textures/T_wallfinish_f03_w08_albedo.png' at thread -1
Loading resource: res://assets/building/textures/T_wallfinish_f03_w08_roughness.png remapped: res://assets/building/textures/T_wallfinish_f03_w08_roughness.png
Loading resource: res://.godot/imported/T_wallfinish_f03_w08_roughness.png-e4ccf6540395341b7cd627d30bfb7bec.ctex remapped: res://.godot/imported/T_wallfinish_f03_w08_roughness.png-e4ccf6540395341b7cd627d30bfb7bec.ctex
Completed load for: 'res://assets/building/textures/T_wallfinish_f03_w08_roughness.png' remapped 'res://assets/building/textures/T_wallfinish_f03_w08_roughness.png' at thread -1
Loading resource: res://assets/building/textures/T_wallfinish_f03_w08_normal.png remapped: res://assets/building/textures/T_wallfinish_f03_w08_normal.png
Loading resource: res://.godot/imported/T_wallfinish_f03_w08_normal.png-69b998542a06522834b8fd8b57a998f1.ctex remapped: res://.godot/imported/T_wallfinish_f03_w08_normal.png-69b998542a06522834b8fd8b57a998f1.ctex
Completed load for: 'res://assets/building/textures/T_wallfinish_f03_w08_normal.png' remapped 'res://assets/building/textures/T_wallfinish_f03_w08_normal.png' at thread -1
Loading resource: res://assets/building/textures/T_wallfinish_f03_w09_albedo.png remapped: res://assets/building/textures/T_wallfinish_f03_w09_albedo.png
Loading resource: res://.godot/imported/T_wallfinish_f03_w09_albedo.png-6997579e82e2f87d61640e12e6de8227.ctex remapped: res://.godot/imported/T_wallfinish_f03_w09_albedo.png-6997579e82e2f87d61640e12e6de8227.ctex
Completed load for: 'res://assets/building/textures/T_wallfinish_f03_w09_albedo.png' remapped 'res://assets/building/textures/T_wallfinish_f03_w09_albedo.png' at thread -1
Loading resource: res://assets/building/textures/T_wallfinish_f03_w09_roughness.png remapped: res://assets/building/textures/T_wallfinish_f03_w09_roughness.png
Loading resource: res://.godot/imported/T_wallfinish_f03_w09_roughness.png-b9708f418889fc7bc0bea0d1eb7df02a.ctex remapped: res://.godot/imported/T_wallfinish_f03_w09_roughness.png-b9708f418889fc7bc0bea0d1eb7df02a.ctex
Completed load for: 'res://assets/building/textures/T_wallfinish_f03_w09_roughness.png' remapped 'res://assets/building/textures/T_wallfinish_f03_w09_roughness.png' at thread -1
Loading resource: res://assets/building/textures/T_wallfinish_f03_w09_normal.png remapped: res://assets/building/textures/T_wallfinish_f03_w09_normal.png
Loading resource: res://.godot/imported/T_wallfinish_f03_w09_normal.png-bc44edc5c2837fbd1524f77a70c7cb2a.ctex remapped: res://.godot/imported/T_wallfinish_f03_w09_normal.png-bc44edc5c2837fbd1524f77a70c7cb2a.ctex
Completed load for: 'res://assets/building/textures/T_wallfinish_f03_w09_normal.png' remapped 'res://assets/building/textures/T_wallfinish_f03_w09_normal.png' at thread -1
Loading resource: res://assets/building/textures/T_wallfinish_f03_w10_albedo.png remapped: res://assets/building/textures/T_wallfinish_f03_w10_albedo.png
Loading resource: res://.godot/imported/T_wallfinish_f03_w10_albedo.png-920ed9993296bd083e596d7860d596a5.ctex remapped: res://.godot/imported/T_wallfinish_f03_w10_albedo.png-920ed9993296bd083e596d7860d596a5.ctex
Completed load for: 'res://assets/building/textures/T_wallfinish_f03_w10_albedo.png' remapped 'res://assets/building/textures/T_wallfinish_f03_w10_albedo.png' at thread -1
Loading resource: res://assets/building/textures/T_wallfinish_f03_w10_roughness.png remapped: res://assets/building/textures/T_wallfinish_f03_w10_roughness.png
Loading resource: res://.godot/imported/T_wallfinish_f03_w10_roughness.png-3c16395a91f26eac2aecc67af6e2f9d3.ctex remapped: res://.godot/imported/T_wallfinish_f03_w10_roughness.png-3c16395a91f26eac2aecc67af6e2f9d3.ctex
Completed load for: 'res://assets/building/textures/T_wallfinish_f03_w10_roughness.png' remapped 'res://assets/building/textures/T_wallfinish_f03_w10_roughness.png' at thread -1
Loading resource: res://assets/building/textures/T_wallfinish_f03_w10_normal.png remapped: res://assets/building/textures/T_wallfinish_f03_w10_normal.png
Loading resource: res://.godot/imported/T_wallfinish_f03_w10_normal.png-dc430fb481deaf9628b4c7e42c9cd04f.ctex remapped: res://.godot/imported/T_wallfinish_f03_w10_normal.png-dc430fb481deaf9628b4c7e42c9cd04f.ctex
Completed load for: 'res://assets/building/textures/T_wallfinish_f03_w10_normal.png' remapped 'res://assets/building/textures/T_wallfinish_f03_w10_normal.png' at thread -1
Loading resource: res://assets/building/textures/T_ai_materials_concrete_d_albedo.png remapped: res://assets/building/textures/T_ai_materials_concrete_d_albedo.png
Loading resource: res://.godot/imported/T_ai_materials_concrete_d_albedo.png-d739e224832cb76e4f3e91253f5fd889.ctex remapped: res://.godot/imported/T_ai_materials_concrete_d_albedo.png-d739e224832cb76e4f3e91253f5fd889.ctex
Completed load for: 'res://assets/building/textures/T_ai_materials_concrete_d_albedo.png' remapped 'res://assets/building/textures/T_ai_materials_concrete_d_albedo.png' at thread -1
Loading resource: res://assets/building/textures/T_ai_materials_concrete_d_rough.png remapped: res://assets/building/textures/T_ai_materials_concrete_d_rough.png
Loading resource: res://.godot/imported/T_ai_materials_concrete_d_rough.png-07719ff7aac6ed23ac9f027a141434f4.ctex remapped: res://.godot/imported/T_ai_materials_concrete_d_rough.png-07719ff7aac6ed23ac9f027a141434f4.ctex
Completed load for: 'res://assets/building/textures/T_ai_materials_concrete_d_rough.png' remapped 'res://assets/building/textures/T_ai_materials_concrete_d_rough.png' at thread -1
Loading resource: res://assets/building/textures/T_ai_materials_concrete_d_normal.png remapped: res://assets/building/textures/T_ai_materials_concrete_d_normal.png
Loading resource: res://.godot/imported/T_ai_materials_concrete_d_normal.png-80d886d064740be9dd4fea0b1579100f.ctex remapped: res://.godot/imported/T_ai_materials_concrete_d_normal.png-80d886d064740be9dd4fea0b1579100f.ctex
Completed load for: 'res://assets/building/textures/T_ai_materials_concrete_d_normal.png' remapped 'res://assets/building/textures/T_ai_materials_concrete_d_normal.png' at thread -1
Loading resource: res://assets/building/textures/T_ai_materials_terrazzo_d_albedo.png remapped: res://assets/building/textures/T_ai_materials_terrazzo_d_albedo.png
Loading resource: res://.godot/imported/T_ai_materials_terrazzo_d_albedo.png-49250eb1f9e0e113b06309bb54c302aa.ctex remapped: res://.godot/imported/T_ai_materials_terrazzo_d_albedo.png-49250eb1f9e0e113b06309bb54c302aa.ctex
Completed load for: 'res://assets/building/textures/T_ai_materials_terrazzo_d_albedo.png' remapped 'res://assets/building/textures/T_ai_materials_terrazzo_d_albedo.png' at thread -1
Loading resource: res://assets/building/textures/T_ai_materials_terrazzo_d_rough.png remapped: res://assets/building/textures/T_ai_materials_terrazzo_d_rough.png
Loading resource: res://.godot/imported/T_ai_materials_terrazzo_d_rough.png-b6c96500b8d790a703cd21a17a22cabf.ctex remapped: res://.godot/imported/T_ai_materials_terrazzo_d_rough.png-b6c96500b8d790a703cd21a17a22cabf.ctex
Completed load for: 'res://assets/building/textures/T_ai_materials_terrazzo_d_rough.png' remapped 'res://assets/building/textures/T_ai_materials_terrazzo_d_rough.png' at thread -1
Loading resource: res://assets/building/textures/T_ai_materials_terrazzo_d_normal.png remapped: res://assets/building/textures/T_ai_materials_terrazzo_d_normal.png
Loading resource: res://.godot/imported/T_ai_materials_terrazzo_d_normal.png-46b7878151c5465a1966eba538ae856a.ctex remapped: res://.godot/imported/T_ai_materials_terrazzo_d_normal.png-46b7878151c5465a1966eba538ae856a.ctex
Completed load for: 'res://assets/building/textures/T_ai_materials_terrazzo_d_normal.png' remapped 'res://assets/building/textures/T_ai_materials_terrazzo_d_normal.png' at thread -1
Loading resource: res://assets/building/textures/T_ai_materials_bakelite_d_albedo.png remapped: res://assets/building/textures/T_ai_materials_bakelite_d_albedo.png
Loading resource: res://.godot/imported/T_ai_materials_bakelite_d_albedo.png-7f18565aae411ec61bb21d6a37732fd6.ctex remapped: res://.godot/imported/T_ai_materials_bakelite_d_albedo.png-7f18565aae411ec61bb21d6a37732fd6.ctex
Completed load for: 'res://assets/building/textures/T_ai_materials_bakelite_d_albedo.png' remapped 'res://assets/building/textures/T_ai_materials_bakelite_d_albedo.png' at thread -1
Loading resource: res://assets/building/textures/T_ai_materials_bakelite_d_rough.png remapped: res://assets/building/textures/T_ai_materials_bakelite_d_rough.png
Loading resource: res://.godot/imported/T_ai_materials_bakelite_d_rough.png-bcc6d4958eef60ec3cc75b121e421012.ctex remapped: res://.godot/imported/T_ai_materials_bakelite_d_rough.png-bcc6d4958eef60ec3cc75b121e421012.ctex
Completed load for: 'res://assets/building/textures/T_ai_materials_bakelite_d_rough.png' remapped 'res://assets/building/textures/T_ai_materials_bakelite_d_rough.png' at thread -1
Loading resource: res://assets/building/textures/T_ai_materials_bakelite_d_normal.png remapped: res://assets/building/textures/T_ai_materials_bakelite_d_normal.png
Loading resource: res://.godot/imported/T_ai_materials_bakelite_d_normal.png-6c0ca502ade6709eec193685cceead6f.ctex remapped: res://.godot/imported/T_ai_materials_bakelite_d_normal.png-6c0ca502ade6709eec193685cceead6f.ctex
Completed load for: 'res://assets/building/textures/T_ai_materials_bakelite_d_normal.png' remapped 'res://assets/building/textures/T_ai_materials_bakelite_d_normal.png' at thread -1
Loading resource: res://assets/building/textures/T_ai_materials_chrome_d_albedo.png remapped: res://assets/building/textures/T_ai_materials_chrome_d_albedo.png
Loading resource: res://.godot/imported/T_ai_materials_chrome_d_albedo.png-cd36e2c56c3eae0af3e012d2e4abecdd.ctex remapped: res://.godot/imported/T_ai_materials_chrome_d_albedo.png-cd36e2c56c3eae0af3e012d2e4abecdd.ctex
Completed load for: 'res://assets/building/textures/T_ai_materials_chrome_d_albedo.png' remapped 'res://assets/building/textures/T_ai_materials_chrome_d_albedo.png' at thread -1
Loading resource: res://assets/building/textures/T_ai_materials_chrome_d_rough.png remapped: res://assets/building/textures/T_ai_materials_chrome_d_rough.png
Loading resource: res://.godot/imported/T_ai_materials_chrome_d_rough.png-cd32a10795728b87f9a9b78c28202984.ctex remapped: res://.godot/imported/T_ai_materials_chrome_d_rough.png-cd32a10795728b87f9a9b78c28202984.ctex
Completed load for: 'res://assets/building/textures/T_ai_materials_chrome_d_rough.png' remapped 'res://assets/building/textures/T_ai_materials_chrome_d_rough.png' at thread -1
Loading resource: res://assets/building/textures/T_ai_materials_chrome_d_normal.png remapped: res://assets/building/textures/T_ai_materials_chrome_d_normal.png
Loading resource: res://.godot/imported/T_ai_materials_chrome_d_normal.png-520e4a03dfd5ca48f0d88a409bed3c81.ctex remapped: res://.godot/imported/T_ai_materials_chrome_d_normal.png-520e4a03dfd5ca48f0d88a409bed3c81.ctex
Completed load for: 'res://assets/building/textures/T_ai_materials_chrome_d_normal.png' remapped 'res://assets/building/textures/T_ai_materials_chrome_d_normal.png' at thread -1
Loading resource: res://assets/building/textures/T_ai_materials_countertop_albedo.png remapped: res://assets/building/textures/T_ai_materials_countertop_albedo.png
Loading resource: res://.godot/imported/T_ai_materials_countertop_albedo.png-fcf73c41ab408eb5d6cae50a74094f54.ctex remapped: res://.godot/imported/T_ai_materials_countertop_albedo.png-fcf73c41ab408eb5d6cae50a74094f54.ctex
Completed load for: 'res://assets/building/textures/T_ai_materials_countertop_albedo.png' remapped 'res://assets/building/textures/T_ai_materials_countertop_albedo.png' at thread -1
Loading resource: res://assets/building/textures/T_ai_materials_countertop_rough.png remapped: res://assets/building/textures/T_ai_materials_countertop_rough.png
Loading resource: res://.godot/imported/T_ai_materials_countertop_rough.png-e5d47a4951e05500fc7fdfa657b06a43.ctex remapped: res://.godot/imported/T_ai_materials_countertop_rough.png-e5d47a4951e05500fc7fdfa657b06a43.ctex
Completed load for: 'res://assets/building/textures/T_ai_materials_countertop_rough.png' remapped 'res://assets/building/textures/T_ai_materials_countertop_rough.png' at thread -1
Loading resource: res://assets/building/textures/T_ai_materials_countertop_normal.png remapped: res://assets/building/textures/T_ai_materials_countertop_normal.png
Loading resource: res://.godot/imported/T_ai_materials_countertop_normal.png-919f6d2535f5acf73fb9ba2f0930d5af.ctex remapped: res://.godot/imported/T_ai_materials_countertop_normal.png-919f6d2535f5acf73fb9ba2f0930d5af.ctex
Completed load for: 'res://assets/building/textures/T_ai_materials_countertop_normal.png' remapped 'res://assets/building/textures/T_ai_materials_countertop_normal.png' at thread -1
Loading resource: res://assets/building/textures/T_ai_materials_enamel_d_albedo.png remapped: res://assets/building/textures/T_ai_materials_enamel_d_albedo.png
Loading resource: res://.godot/imported/T_ai_materials_enamel_d_albedo.png-15fe9dd0a4e4473a909550264496cb65.ctex remapped: res://.godot/imported/T_ai_materials_enamel_d_albedo.png-15fe9dd0a4e4473a909550264496cb65.ctex
Completed load for: 'res://assets/building/textures/T_ai_materials_enamel_d_albedo.png' remapped 'res://assets/building/textures/T_ai_materials_enamel_d_albedo.png' at thread -1
Loading resource: res://assets/building/textures/T_ai_materials_enamel_d_rough.png remapped: res://assets/building/textures/T_ai_materials_enamel_d_rough.png
Loading resource: res://.godot/imported/T_ai_materials_enamel_d_rough.png-7f75d7c2266952a1db069461da70e019.ctex remapped: res://.godot/imported/T_ai_materials_enamel_d_rough.png-7f75d7c2266952a1db069461da70e019.ctex
Completed load for: 'res://assets/building/textures/T_ai_materials_enamel_d_rough.png' remapped 'res://assets/building/textures/T_ai_materials_enamel_d_rough.png' at thread -1
Loading resource: res://assets/building/textures/T_ai_materials_enamel_d_normal.png remapped: res://assets/building/textures/T_ai_materials_enamel_d_normal.png
Loading resource: res://.godot/imported/T_ai_materials_enamel_d_normal.png-294d873e4b9952a52b62095a1920bedd.ctex remapped: res://.godot/imported/T_ai_materials_enamel_d_normal.png-294d873e4b9952a52b62095a1920bedd.ctex
Completed load for: 'res://assets/building/textures/T_ai_materials_enamel_d_normal.png' remapped 'res://assets/building/textures/T_ai_materials_enamel_d_normal.png' at thread -1
Loading resource: res://assets/building/textures/T_ai_materials_linen_d_albedo.png remapped: res://assets/building/textures/T_ai_materials_linen_d_albedo.png
Loading resource: res://.godot/imported/T_ai_materials_linen_d_albedo.png-5bddb81c21cdbc6b963c6a733b410eb3.ctex remapped: res://.godot/imported/T_ai_materials_linen_d_albedo.png-5bddb81c21cdbc6b963c6a733b410eb3.ctex
Completed load for: 'res://assets/building/textures/T_ai_materials_linen_d_albedo.png' remapped 'res://assets/building/textures/T_ai_materials_linen_d_albedo.png' at thread -1
Loading resource: res://assets/building/textures/T_ai_materials_linen_d_rough.png remapped: res://assets/building/textures/T_ai_materials_linen_d_rough.png
Loading resource: res://.godot/imported/T_ai_materials_linen_d_rough.png-3e6dee1516c064d85f4c5e3aea8aa95d.ctex remapped: res://.godot/imported/T_ai_materials_linen_d_rough.png-3e6dee1516c064d85f4c5e3aea8aa95d.ctex
Completed load for: 'res://assets/building/textures/T_ai_materials_linen_d_rough.png' remapped 'res://assets/building/textures/T_ai_materials_linen_d_rough.png' at thread -1
Loading resource: res://assets/building/textures/T_ai_materials_linen_d_normal.png remapped: res://assets/building/textures/T_ai_materials_linen_d_normal.png
Loading resource: res://.godot/imported/T_ai_materials_linen_d_normal.png-ca257cd98f093b001ae5bfb07b56003c.ctex remapped: res://.godot/imported/T_ai_materials_linen_d_normal.png-ca257cd98f093b001ae5bfb07b56003c.ctex
Completed load for: 'res://assets/building/textures/T_ai_materials_linen_d_normal.png' remapped 'res://assets/building/textures/T_ai_materials_linen_d_normal.png' at thread -1
Loading resource: res://assets/building/textures/T_ai_materials_plant_d_albedo.png remapped: res://assets/building/textures/T_ai_materials_plant_d_albedo.png
Loading resource: res://.godot/imported/T_ai_materials_plant_d_albedo.png-2c6fea11d611dcdd0db2f9532eb7e0ea.ctex remapped: res://.godot/imported/T_ai_materials_plant_d_albedo.png-2c6fea11d611dcdd0db2f9532eb7e0ea.ctex
Completed load for: 'res://assets/building/textures/T_ai_materials_plant_d_albedo.png' remapped 'res://assets/building/textures/T_ai_materials_plant_d_albedo.png' at thread -1
Loading resource: res://assets/building/textures/T_ai_materials_plant_d_rough.png remapped: res://assets/building/textures/T_ai_materials_plant_d_rough.png
Loading resource: res://.godot/imported/T_ai_materials_plant_d_rough.png-0fb400d543c9219855b18a338e5ecde8.ctex remapped: res://.godot/imported/T_ai_materials_plant_d_rough.png-0fb400d543c9219855b18a338e5ecde8.ctex
Completed load for: 'res://assets/building/textures/T_ai_materials_plant_d_rough.png' remapped 'res://assets/building/textures/T_ai_materials_plant_d_rough.png' at thread -1
Loading resource: res://assets/building/textures/T_ai_materials_plant_d_normal.png remapped: res://assets/building/textures/T_ai_materials_plant_d_normal.png
Loading resource: res://.godot/imported/T_ai_materials_plant_d_normal.png-1e2799ae9bf9afee2bae0bc9d8bbc6be.ctex remapped: res://.godot/imported/T_ai_materials_plant_d_normal.png-1e2799ae9bf9afee2bae0bc9d8bbc6be.ctex
Completed load for: 'res://assets/building/textures/T_ai_materials_plant_d_normal.png' remapped 'res://assets/building/textures/T_ai_materials_plant_d_normal.png' at thread -1
Loading resource: res://assets/building/textures/T_ai_materials_plywood_d_albedo.png remapped: res://assets/building/textures/T_ai_materials_plywood_d_albedo.png
Loading resource: res://.godot/imported/T_ai_materials_plywood_d_albedo.png-c9e288b6826b5f37107783a9cb543c26.ctex remapped: res://.godot/imported/T_ai_materials_plywood_d_albedo.png-c9e288b6826b5f37107783a9cb543c26.ctex
Completed load for: 'res://assets/building/textures/T_ai_materials_plywood_d_albedo.png' remapped 'res://assets/building/textures/T_ai_materials_plywood_d_albedo.png' at thread -1
Loading resource: res://assets/building/textures/T_ai_materials_plywood_d_rough.png remapped: res://assets/building/textures/T_ai_materials_plywood_d_rough.png
Loading resource: res://.godot/imported/T_ai_materials_plywood_d_rough.png-84866a66eff1b5bdcb77a7621a2ce61c.ctex remapped: res://.godot/imported/T_ai_materials_plywood_d_rough.png-84866a66eff1b5bdcb77a7621a2ce61c.ctex
Completed load for: 'res://assets/building/textures/T_ai_materials_plywood_d_rough.png' remapped 'res://assets/building/textures/T_ai_materials_plywood_d_rough.png' at thread -1
Loading resource: res://assets/building/textures/T_ai_materials_plywood_d_normal.png remapped: res://assets/building/textures/T_ai_materials_plywood_d_normal.png
Loading resource: res://.godot/imported/T_ai_materials_plywood_d_normal.png-14148091fb690330365d391348cd1efb.ctex remapped: res://.godot/imported/T_ai_materials_plywood_d_normal.png-14148091fb690330365d391348cd1efb.ctex
Completed load for: 'res://assets/building/textures/T_ai_materials_plywood_d_normal.png' remapped 'res://assets/building/textures/T_ai_materials_plywood_d_normal.png' at thread -1
Loading resource: res://assets/building/textures/T_ai_materials_porcelain_albedo.png remapped: res://assets/building/textures/T_ai_materials_porcelain_albedo.png
Loading resource: res://.godot/imported/T_ai_materials_porcelain_albedo.png-c15c53fb014fd513849ec3058adaeca1.ctex remapped: res://.godot/imported/T_ai_materials_porcelain_albedo.png-c15c53fb014fd513849ec3058adaeca1.ctex
Completed load for: 'res://assets/building/textures/T_ai_materials_porcelain_albedo.png' remapped 'res://assets/building/textures/T_ai_materials_porcelain_albedo.png' at thread -1
Loading resource: res://assets/building/textures/T_ai_materials_porcelain_rough.png remapped: res://assets/building/textures/T_ai_materials_porcelain_rough.png
Loading resource: res://.godot/imported/T_ai_materials_porcelain_rough.png-53223ea0c859e1cbdc6105d7f57e9fc2.ctex remapped: res://.godot/imported/T_ai_materials_porcelain_rough.png-53223ea0c859e1cbdc6105d7f57e9fc2.ctex
Completed load for: 'res://assets/building/textures/T_ai_materials_porcelain_rough.png' remapped 'res://assets/building/textures/T_ai_materials_porcelain_rough.png' at thread -1
Loading resource: res://assets/building/textures/T_ai_materials_porcelain_normal.png remapped: res://assets/building/textures/T_ai_materials_porcelain_normal.png
Loading resource: res://.godot/imported/T_ai_materials_porcelain_normal.png-a9290575b81203eb4e42f42691266bdb.ctex remapped: res://.godot/imported/T_ai_materials_porcelain_normal.png-a9290575b81203eb4e42f42691266bdb.ctex
Completed load for: 'res://assets/building/textures/T_ai_materials_porcelain_normal.png' remapped 'res://assets/building/textures/T_ai_materials_porcelain_normal.png' at thread -1
Loading resource: res://assets/building/textures/T_ai_materials_soot_d_albedo.png remapped: res://assets/building/textures/T_ai_materials_soot_d_albedo.png
Loading resource: res://.godot/imported/T_ai_materials_soot_d_albedo.png-9a4f6210e041341c03d2bceaf4e993a3.ctex remapped: res://.godot/imported/T_ai_materials_soot_d_albedo.png-9a4f6210e041341c03d2bceaf4e993a3.ctex
Completed load for: 'res://assets/building/textures/T_ai_materials_soot_d_albedo.png' remapped 'res://assets/building/textures/T_ai_materials_soot_d_albedo.png' at thread -1
Loading resource: res://assets/building/textures/T_ai_materials_soot_d_rough.png remapped: res://assets/building/textures/T_ai_materials_soot_d_rough.png
Loading resource: res://.godot/imported/T_ai_materials_soot_d_rough.png-1a1f923455dfd3c036d1029fec0b6464.ctex remapped: res://.godot/imported/T_ai_materials_soot_d_rough.png-1a1f923455dfd3c036d1029fec0b6464.ctex
Completed load for: 'res://assets/building/textures/T_ai_materials_soot_d_rough.png' remapped 'res://assets/building/textures/T_ai_materials_soot_d_rough.png' at thread -1
Loading resource: res://assets/building/textures/T_ai_materials_soot_d_normal.png remapped: res://assets/building/textures/T_ai_materials_soot_d_normal.png
Loading resource: res://.godot/imported/T_ai_materials_soot_d_normal.png-f8b138c7a0ba70db5364ed84b71b0741.ctex remapped: res://.godot/imported/T_ai_materials_soot_d_normal.png-f8b138c7a0ba70db5364ed84b71b0741.ctex
Completed load for: 'res://assets/building/textures/T_ai_materials_soot_d_normal.png' remapped 'res://assets/building/textures/T_ai_materials_soot_d_normal.png' at thread -1
Loading resource: res://assets/building/textures/T_ai_materials_cast_iron_d_albedo.png remapped: res://assets/building/textures/T_ai_materials_cast_iron_d_albedo.png
Loading resource: res://.godot/imported/T_ai_materials_cast_iron_d_albedo.png-72ef32691d19ca62f0100081282204b0.ctex remapped: res://.godot/imported/T_ai_materials_cast_iron_d_albedo.png-72ef32691d19ca62f0100081282204b0.ctex
Completed load for: 'res://assets/building/textures/T_ai_materials_cast_iron_d_albedo.png' remapped 'res://assets/building/textures/T_ai_materials_cast_iron_d_albedo.png' at thread -1
Loading resource: res://assets/building/textures/T_ai_materials_cast_iron_d_rough.png remapped: res://assets/building/textures/T_ai_materials_cast_iron_d_rough.png
Loading resource: res://.godot/imported/T_ai_materials_cast_iron_d_rough.png-4ab2113fcd429c567f3a8f330e705a61.ctex remapped: res://.godot/imported/T_ai_materials_cast_iron_d_rough.png-4ab2113fcd429c567f3a8f330e705a61.ctex
Completed load for: 'res://assets/building/textures/T_ai_materials_cast_iron_d_rough.png' remapped 'res://assets/building/textures/T_ai_materials_cast_iron_d_rough.png' at thread -1
Loading resource: res://assets/building/textures/T_ai_materials_cast_iron_d_normal.png remapped: res://assets/building/textures/T_ai_materials_cast_iron_d_normal.png
Loading resource: res://.godot/imported/T_ai_materials_cast_iron_d_normal.png-2955e3cef6fbe065325907af3b6d8b20.ctex remapped: res://.godot/imported/T_ai_materials_cast_iron_d_normal.png-2955e3cef6fbe065325907af3b6d8b20.ctex
Completed load for: 'res://assets/building/textures/T_ai_materials_cast_iron_d_normal.png' remapped 'res://assets/building/textures/T_ai_materials_cast_iron_d_normal.png' at thread -1
Loading resource: res://assets/building/textures/T_ai_materials_linoleum_albedo.png remapped: res://assets/building/textures/T_ai_materials_linoleum_albedo.png
Loading resource: res://.godot/imported/T_ai_materials_linoleum_albedo.png-1a0afe4a7184b346ec5b375c5f89e8e1.ctex remapped: res://.godot/imported/T_ai_materials_linoleum_albedo.png-1a0afe4a7184b346ec5b375c5f89e8e1.ctex
Completed load for: 'res://assets/building/textures/T_ai_materials_linoleum_albedo.png' remapped 'res://assets/building/textures/T_ai_materials_linoleum_albedo.png' at thread -1
Loading resource: res://assets/building/textures/T_ai_materials_linoleum_rough.png remapped: res://assets/building/textures/T_ai_materials_linoleum_rough.png
Loading resource: res://.godot/imported/T_ai_materials_linoleum_rough.png-7cb93e045077b8879af52d35ba654610.ctex remapped: res://.godot/imported/T_ai_materials_linoleum_rough.png-7cb93e045077b8879af52d35ba654610.ctex
Completed load for: 'res://assets/building/textures/T_ai_materials_linoleum_rough.png' remapped 'res://assets/building/textures/T_ai_materials_linoleum_rough.png' at thread -1
Loading resource: res://assets/building/textures/T_ai_materials_linoleum_normal.png remapped: res://assets/building/textures/T_ai_materials_linoleum_normal.png
Loading resource: res://.godot/imported/T_ai_materials_linoleum_normal.png-c4c12728e92d49b3f8739e187cb6d088.ctex remapped: res://.godot/imported/T_ai_materials_linoleum_normal.png-c4c12728e92d49b3f8739e187cb6d088.ctex
Completed load for: 'res://assets/building/textures/T_ai_materials_linoleum_normal.png' remapped 'res://assets/building/textures/T_ai_materials_linoleum_normal.png' at thread -1
Loading resource: res://assets/building/textures/T_ai_materials_rug_warm_d_albedo.png remapped: res://assets/building/textures/T_ai_materials_rug_warm_d_albedo.png
Loading resource: res://.godot/imported/T_ai_materials_rug_warm_d_albedo.png-1f9506bcb9a5d901c345d52efcd00b59.ctex remapped: res://.godot/imported/T_ai_materials_rug_warm_d_albedo.png-1f9506bcb9a5d901c345d52efcd00b59.ctex
Completed load for: 'res://assets/building/textures/T_ai_materials_rug_warm_d_albedo.png' remapped 'res://assets/building/textures/T_ai_materials_rug_warm_d_albedo.png' at thread -1
Loading resource: res://assets/building/textures/T_ai_materials_rug_warm_d_rough.png remapped: res://assets/building/textures/T_ai_materials_rug_warm_d_rough.png
Loading resource: res://.godot/imported/T_ai_materials_rug_warm_d_rough.png-c6657249a30f0366ddc667ca4bdb0e19.ctex remapped: res://.godot/imported/T_ai_materials_rug_warm_d_rough.png-c6657249a30f0366ddc667ca4bdb0e19.ctex
Completed load for: 'res://assets/building/textures/T_ai_materials_rug_warm_d_rough.png' remapped 'res://assets/building/textures/T_ai_materials_rug_warm_d_rough.png' at thread -1
Loading resource: res://assets/building/textures/T_ai_materials_rug_warm_d_normal.png remapped: res://assets/building/textures/T_ai_materials_rug_warm_d_normal.png
Loading resource: res://.godot/imported/T_ai_materials_rug_warm_d_normal.png-7ebde9c61486b18bbb0bef6e27cdf8c8.ctex remapped: res://.godot/imported/T_ai_materials_rug_warm_d_normal.png-7ebde9c61486b18bbb0bef6e27cdf8c8.ctex
Completed load for: 'res://assets/building/textures/T_ai_materials_rug_warm_d_normal.png' remapped 'res://assets/building/textures/T_ai_materials_rug_warm_d_normal.png' at thread -1
Loading resource: res://assets/building/textures/T_ai_materials_slab_d_albedo.png remapped: res://assets/building/textures/T_ai_materials_slab_d_albedo.png
Loading resource: res://.godot/imported/T_ai_materials_slab_d_albedo.png-3c905a36e879bb1a7ad1ce1dacb65c90.ctex remapped: res://.godot/imported/T_ai_materials_slab_d_albedo.png-3c905a36e879bb1a7ad1ce1dacb65c90.ctex
Completed load for: 'res://assets/building/textures/T_ai_materials_slab_d_albedo.png' remapped 'res://assets/building/textures/T_ai_materials_slab_d_albedo.png' at thread -1
Loading resource: res://assets/building/textures/T_ai_materials_slab_d_rough.png remapped: res://assets/building/textures/T_ai_materials_slab_d_rough.png
Loading resource: res://.godot/imported/T_ai_materials_slab_d_rough.png-902ef6dc164c0a9cf6ff4e126053b705.ctex remapped: res://.godot/imported/T_ai_materials_slab_d_rough.png-902ef6dc164c0a9cf6ff4e126053b705.ctex
Completed load for: 'res://assets/building/textures/T_ai_materials_slab_d_rough.png' remapped 'res://assets/building/textures/T_ai_materials_slab_d_rough.png' at thread -1
Loading resource: res://assets/building/textures/T_ai_materials_slab_d_normal.png remapped: res://assets/building/textures/T_ai_materials_slab_d_normal.png
Loading resource: res://.godot/imported/T_ai_materials_slab_d_normal.png-d527c850f943a98e7ae9e1474814fe42.ctex remapped: res://.godot/imported/T_ai_materials_slab_d_normal.png-d527c850f943a98e7ae9e1474814fe42.ctex
Completed load for: 'res://assets/building/textures/T_ai_materials_slab_d_normal.png' remapped 'res://assets/building/textures/T_ai_materials_slab_d_normal.png' at thread -1
Loading resource: res://assets/building/textures/T_ai_materials_subway_tile_albedo.png remapped: res://assets/building/textures/T_ai_materials_subway_tile_albedo.png
Loading resource: res://.godot/imported/T_ai_materials_subway_tile_albedo.png-e72614bf13c73a65877560d3bb194f6e.ctex remapped: res://.godot/imported/T_ai_materials_subway_tile_albedo.png-e72614bf13c73a65877560d3bb194f6e.ctex
Completed load for: 'res://assets/building/textures/T_ai_materials_subway_tile_albedo.png' remapped 'res://assets/building/textures/T_ai_materials_subway_tile_albedo.png' at thread -1
Loading resource: res://assets/building/textures/T_ai_materials_subway_tile_rough.png remapped: res://assets/building/textures/T_ai_materials_subway_tile_rough.png
Loading resource: res://.godot/imported/T_ai_materials_subway_tile_rough.png-7bac32631549431ed18ed3a45347a29d.ctex remapped: res://.godot/imported/T_ai_materials_subway_tile_rough.png-7bac32631549431ed18ed3a45347a29d.ctex
Completed load for: 'res://assets/building/textures/T_ai_materials_subway_tile_rough.png' remapped 'res://assets/building/textures/T_ai_materials_subway_tile_rough.png' at thread -1
Loading resource: res://assets/building/textures/T_ai_materials_subway_tile_normal.png remapped: res://assets/building/textures/T_ai_materials_subway_tile_normal.png
Loading resource: res://.godot/imported/T_ai_materials_subway_tile_normal.png-0a63583fe1f7dcfd9d5695671cd01327.ctex remapped: res://.godot/imported/T_ai_materials_subway_tile_normal.png-0a63583fe1f7dcfd9d5695671cd01327.ctex
Completed load for: 'res://assets/building/textures/T_ai_materials_subway_tile_normal.png' remapped 'res://assets/building/textures/T_ai_materials_subway_tile_normal.png' at thread -1
Loading resource: res://assets/building/textures/T_ai_materials_wainscot_d_albedo.png remapped: res://assets/building/textures/T_ai_materials_wainscot_d_albedo.png
Loading resource: res://.godot/imported/T_ai_materials_wainscot_d_albedo.png-130d5d575020f3fa495ecc8381775db3.ctex remapped: res://.godot/imported/T_ai_materials_wainscot_d_albedo.png-130d5d575020f3fa495ecc8381775db3.ctex
Completed load for: 'res://assets/building/textures/T_ai_materials_wainscot_d_albedo.png' remapped 'res://assets/building/textures/T_ai_materials_wainscot_d_albedo.png' at thread -1
Loading resource: res://assets/building/textures/T_ai_materials_wainscot_d_rough.png remapped: res://assets/building/textures/T_ai_materials_wainscot_d_rough.png
Loading resource: res://.godot/imported/T_ai_materials_wainscot_d_rough.png-5370fda96ace94cef975fddf7dc1a176.ctex remapped: res://.godot/imported/T_ai_materials_wainscot_d_rough.png-5370fda96ace94cef975fddf7dc1a176.ctex
Completed load for: 'res://assets/building/textures/T_ai_materials_wainscot_d_rough.png' remapped 'res://assets/building/textures/T_ai_materials_wainscot_d_rough.png' at thread -1
Loading resource: res://assets/building/textures/T_ai_materials_wainscot_d_normal.png remapped: res://assets/building/textures/T_ai_materials_wainscot_d_normal.png
Loading resource: res://.godot/imported/T_ai_materials_wainscot_d_normal.png-2034876967b13b4bf74a6d92cd6b5d3c.ctex remapped: res://.godot/imported/T_ai_materials_wainscot_d_normal.png-2034876967b13b4bf74a6d92cd6b5d3c.ctex
Completed load for: 'res://assets/building/textures/T_ai_materials_wainscot_d_normal.png' remapped 'res://assets/building/textures/T_ai_materials_wainscot_d_normal.png' at thread -1
Completed load for: 'res://assets/building/floor_03.gltf' remapped 'res://assets/building/floor_03.gltf' at thread -1
Loading resource: res://assets/building/floor_04.gltf remapped: res://assets/building/floor_04.gltf
Loading resource: res://.godot/imported/floor_04.gltf-495287099597d18b92aa5bf921f2387d.scn remapped: res://.godot/imported/floor_04.gltf-495287099597d18b92aa5bf921f2387d.scn
Loading resource: res://assets/building/textures/T_wallfinish_f04_w00_albedo.png remapped: res://assets/building/textures/T_wallfinish_f04_w00_albedo.png
Loading resource: res://.godot/imported/T_wallfinish_f04_w00_albedo.png-1fd3b3f3fddd7260c4f8c548acd11fc6.ctex remapped: res://.godot/imported/T_wallfinish_f04_w00_albedo.png-1fd3b3f3fddd7260c4f8c548acd11fc6.ctex
Completed load for: 'res://assets/building/textures/T_wallfinish_f04_w00_albedo.png' remapped 'res://assets/building/textures/T_wallfinish_f04_w00_albedo.png' at thread -1
Loading resource: res://assets/building/textures/T_wallfinish_f04_w00_roughness.png remapped: res://assets/building/textures/T_wallfinish_f04_w00_roughness.png
Loading resource: res://.godot/imported/T_wallfinish_f04_w00_roughness.png-84c8cdb996948aef39a617f98352b86b.ctex remapped: res://.godot/imported/T_wallfinish_f04_w00_roughness.png-84c8cdb996948aef39a617f98352b86b.ctex
Completed load for: 'res://assets/building/textures/T_wallfinish_f04_w00_roughness.png' remapped 'res://assets/building/textures/T_wallfinish_f04_w00_roughness.png' at thread -1
Loading resource: res://assets/building/textures/T_wallfinish_f04_w00_normal.png remapped: res://assets/building/textures/T_wallfinish_f04_w00_normal.png
Loading resource: res://.godot/imported/T_wallfinish_f04_w00_normal.png-f60b37600202428af15dc05ff06c39ff.ctex remapped: res://.godot/imported/T_wallfinish_f04_w00_normal.png-f60b37600202428af15dc05ff06c39ff.ctex
Completed load for: 'res://assets/building/textures/T_wallfinish_f04_w00_normal.png' remapped 'res://assets/building/textures/T_wallfinish_f04_w00_normal.png' at thread -1
Loading resource: res://assets/building/textures/T_wallfinish_f04_w01_albedo.png remapped: res://assets/building/textures/T_wallfinish_f04_w01_albedo.png
Loading resource: res://.godot/imported/T_wallfinish_f04_w01_albedo.png-7f5926024dc4e719b176e29daeeb38af.ctex remapped: res://.godot/imported/T_wallfinish_f04_w01_albedo.png-7f5926024dc4e719b176e29daeeb38af.ctex
Completed load for: 'res://assets/building/textures/T_wallfinish_f04_w01_albedo.png' remapped 'res://assets/building/textures/T_wallfinish_f04_w01_albedo.png' at thread -1
Loading resource: res://assets/building/textures/T_wallfinish_f04_w01_roughness.png remapped: res://assets/building/textures/T_wallfinish_f04_w01_roughness.png
Loading resource: res://.godot/imported/T_wallfinish_f04_w01_roughness.png-c1f1d18ab445968c1c04505d28e323fd.ctex remapped: res://.godot/imported/T_wallfinish_f04_w01_roughness.png-c1f1d18ab445968c1c04505d28e323fd.ctex
Completed load for: 'res://assets/building/textures/T_wallfinish_f04_w01_roughness.png' remapped 'res://assets/building/textures/T_wallfinish_f04_w01_roughness.png' at thread -1
Loading resource: res://assets/building/textures/T_wallfinish_f04_w01_normal.png remapped: res://assets/building/textures/T_wallfinish_f04_w01_normal.png
Loading resource: res://.godot/imported/T_wallfinish_f04_w01_normal.png-0e60d1af79be8f3f14ff3bf962641dfb.ctex remapped: res://.godot/imported/T_wallfinish_f04_w01_normal.png-0e60d1af79be8f3f14ff3bf962641dfb.ctex
Completed load for: 'res://assets/building/textures/T_wallfinish_f04_w01_normal.png' remapped 'res://assets/building/textures/T_wallfinish_f04_w01_normal.png' at thread -1
Loading resource: res://assets/building/textures/T_wallfinish_f04_w02_albedo.png remapped: res://assets/building/textures/T_wallfinish_f04_w02_albedo.png
Loading resource: res://.godot/imported/T_wallfinish_f04_w02_albedo.png-81693e5a0a9855a0836f610bf06e5071.ctex remapped: res://.godot/imported/T_wallfinish_f04_w02_albedo.png-81693e5a0a9855a0836f610bf06e5071.ctex
Completed load for: 'res://assets/building/textures/T_wallfinish_f04_w02_albedo.png' remapped 'res://assets/building/textures/T_wallfinish_f04_w02_albedo.png' at thread -1
Loading resource: res://assets/building/textures/T_wallfinish_f04_w02_roughness.png remapped: res://assets/building/textures/T_wallfinish_f04_w02_roughness.png
Loading resource: res://.godot/imported/T_wallfinish_f04_w02_roughness.png-97831d02a1f1cfef357470da909cde2e.ctex remapped: res://.godot/imported/T_wallfinish_f04_w02_roughness.png-97831d02a1f1cfef357470da909cde2e.ctex
Completed load for: 'res://assets/building/textures/T_wallfinish_f04_w02_roughness.png' remapped 'res://assets/building/textures/T_wallfinish_f04_w02_roughness.png' at thread -1
Loading resource: res://assets/building/textures/T_wallfinish_f04_w02_normal.png remapped: res://assets/building/textures/T_wallfinish_f04_w02_normal.png
Loading resource: res://.godot/imported/T_wallfinish_f04_w02_normal.png-afcb77a56f384e76039b4d99c6a523f3.ctex remapped: res://.godot/imported/T_wallfinish_f04_w02_normal.png-afcb77a56f384e76039b4d99c6a523f3.ctex
Completed load for: 'res://assets/building/textures/T_wallfinish_f04_w02_normal.png' remapped 'res://assets/building/textures/T_wallfinish_f04_w02_normal.png' at thread -1
Loading resource: res://assets/building/textures/T_wallfinish_f04_w03_albedo.png remapped: res://assets/building/textures/T_wallfinish_f04_w03_albedo.png
Loading resource: res://.godot/imported/T_wallfinish_f04_w03_albedo.png-d4de86b5821166eb88ba05d63e3163fc.ctex remapped: res://.godot/imported/T_wallfinish_f04_w03_albedo.png-d4de86b5821166eb88ba05d63e3163fc.ctex
Completed load for: 'res://assets/building/textures/T_wallfinish_f04_w03_albedo.png' remapped 'res://assets/building/textures/T_wallfinish_f04_w03_albedo.png' at thread -1
Loading resource: res://assets/building/textures/T_wallfinish_f04_w03_roughness.png remapped: res://assets/building/textures/T_wallfinish_f04_w03_roughness.png
Loading resource: res://.godot/imported/T_wallfinish_f04_w03_roughness.png-6f7ed199e033ae48bdc909d66754462b.ctex remapped: res://.godot/imported/T_wallfinish_f04_w03_roughness.png-6f7ed199e033ae48bdc909d66754462b.ctex
Completed load for: 'res://assets/building/textures/T_wallfinish_f04_w03_roughness.png' remapped 'res://assets/building/textures/T_wallfinish_f04_w03_roughness.png' at thread -1
Loading resource: res://assets/building/textures/T_wallfinish_f04_w03_normal.png remapped: res://assets/building/textures/T_wallfinish_f04_w03_normal.png
Loading resource: res://.godot/imported/T_wallfinish_f04_w03_normal.png-3ab97c6229f49c896ae56917478cb18f.ctex remapped: res://.godot/imported/T_wallfinish_f04_w03_normal.png-3ab97c6229f49c896ae56917478cb18f.ctex
Completed load for: 'res://assets/building/textures/T_wallfinish_f04_w03_normal.png' remapped 'res://assets/building/textures/T_wallfinish_f04_w03_normal.png' at thread -1
Loading resource: res://assets/building/textures/T_wallfinish_f04_w04_albedo.png remapped: res://assets/building/textures/T_wallfinish_f04_w04_albedo.png
Loading resource: res://.godot/imported/T_wallfinish_f04_w04_albedo.png-efbe1dc6f26f5d4001f61ccb9f7a0895.ctex remapped: res://.godot/imported/T_wallfinish_f04_w04_albedo.png-efbe1dc6f26f5d4001f61ccb9f7a0895.ctex
Completed load for: 'res://assets/building/textures/T_wallfinish_f04_w04_albedo.png' remapped 'res://assets/building/textures/T_wallfinish_f04_w04_albedo.png' at thread -1
Loading resource: res://assets/building/textures/T_wallfinish_f04_w04_roughness.png remapped: res://assets/building/textures/T_wallfinish_f04_w04_roughness.png
Loading resource: res://.godot/imported/T_wallfinish_f04_w04_roughness.png-c000709f6cfe80a179dda7dc4e365f24.ctex remapped: res://.godot/imported/T_wallfinish_f04_w04_roughness.png-c000709f6cfe80a179dda7dc4e365f24.ctex
Completed load for: 'res://assets/building/textures/T_wallfinish_f04_w04_roughness.png' remapped 'res://assets/building/textures/T_wallfinish_f04_w04_roughness.png' at thread -1
Loading resource: res://assets/building/textures/T_wallfinish_f04_w04_normal.png remapped: res://assets/building/textures/T_wallfinish_f04_w04_normal.png
Loading resource: res://.godot/imported/T_wallfinish_f04_w04_normal.png-284f804bf738e3e77ceae729a81aa92b.ctex remapped: res://.godot/imported/T_wallfinish_f04_w04_normal.png-284f804bf738e3e77ceae729a81aa92b.ctex
Completed load for: 'res://assets/building/textures/T_wallfinish_f04_w04_normal.png' remapped 'res://assets/building/textures/T_wallfinish_f04_w04_normal.png' at thread -1
Loading resource: res://assets/building/textures/T_wallfinish_f04_w05_albedo.png remapped: res://assets/building/textures/T_wallfinish_f04_w05_albedo.png
Loading resource: res://.godot/imported/T_wallfinish_f04_w05_albedo.png-15978806130c68890558439d4f3a95ca.ctex remapped: res://.godot/imported/T_wallfinish_f04_w05_albedo.png-15978806130c68890558439d4f3a95ca.ctex
Completed load for: 'res://assets/building/textures/T_wallfinish_f04_w05_albedo.png' remapped 'res://assets/building/textures/T_wallfinish_f04_w05_albedo.png' at thread -1
Loading resource: res://assets/building/textures/T_wallfinish_f04_w05_roughness.png remapped: res://assets/building/textures/T_wallfinish_f04_w05_roughness.png
Loading resource: res://.godot/imported/T_wallfinish_f04_w05_roughness.png-11efa7269497618d9f8271b1ddd57f43.ctex remapped: res://.godot/imported/T_wallfinish_f04_w05_roughness.png-11efa7269497618d9f8271b1ddd57f43.ctex
Completed load for: 'res://assets/building/textures/T_wallfinish_f04_w05_roughness.png' remapped 'res://assets/building/textures/T_wallfinish_f04_w05_roughness.png' at thread -1
Loading resource: res://assets/building/textures/T_wallfinish_f04_w05_normal.png remapped: res://assets/building/textures/T_wallfinish_f04_w05_normal.png
Loading resource: res://.godot/imported/T_wallfinish_f04_w05_normal.png-5919360e10045f22d09b172d11a9ff95.ctex remapped: res://.godot/imported/T_wallfinish_f04_w05_normal.png-5919360e10045f22d09b172d11a9ff95.ctex
Completed load for: 'res://assets/building/textures/T_wallfinish_f04_w05_normal.png' remapped 'res://assets/building/textures/T_wallfinish_f04_w05_normal.png' at thread -1
Loading resource: res://assets/building/textures/T_wallfinish_f04_w06_albedo.png remapped: res://assets/building/textures/T_wallfinish_f04_w06_albedo.png
Loading resource: res://.godot/imported/T_wallfinish_f04_w06_albedo.png-ce1745791dbd384d640baddb7b4e019e.ctex remapped: res://.godot/imported/T_wallfinish_f04_w06_albedo.png-ce1745791dbd384d640baddb7b4e019e.ctex
Completed load for: 'res://assets/building/textures/T_wallfinish_f04_w06_albedo.png' remapped 'res://assets/building/textures/T_wallfinish_f04_w06_albedo.png' at thread -1
Loading resource: res://assets/building/textures/T_wallfinish_f04_w06_roughness.png remapped: res://assets/building/textures/T_wallfinish_f04_w06_roughness.png
Loading resource: res://.godot/imported/T_wallfinish_f04_w06_roughness.png-bd3f7c13d5c63e1467386003d6e907a7.ctex remapped: res://.godot/imported/T_wallfinish_f04_w06_roughness.png-bd3f7c13d5c63e1467386003d6e907a7.ctex
Completed load for: 'res://assets/building/textures/T_wallfinish_f04_w06_roughness.png' remapped 'res://assets/building/textures/T_wallfinish_f04_w06_roughness.png' at thread -1
Loading resource: res://assets/building/textures/T_wallfinish_f04_w06_normal.png remapped: res://assets/building/textures/T_wallfinish_f04_w06_normal.png
Loading resource: res://.godot/imported/T_wallfinish_f04_w06_normal.png-1a7a2b1477efc1bd1c87e8c4dcd3d4a0.ctex remapped: res://.godot/imported/T_wallfinish_f04_w06_normal.png-1a7a2b1477efc1bd1c87e8c4dcd3d4a0.ctex
Completed load for: 'res://assets/building/textures/T_wallfinish_f04_w06_normal.png' remapped 'res://assets/building/textures/T_wallfinish_f04_w06_normal.png' at thread -1
Loading resource: res://assets/building/textures/T_wallfinish_f04_w07_albedo.png remapped: res://assets/building/textures/T_wallfinish_f04_w07_albedo.png
Loading resource: res://.godot/imported/T_wallfinish_f04_w07_albedo.png-5eb23f286fc71b6858cbeb126049ae3f.ctex remapped: res://.godot/imported/T_wallfinish_f04_w07_albedo.png-5eb23f286fc71b6858cbeb126049ae3f.ctex
Completed load for: 'res://assets/building/textures/T_wallfinish_f04_w07_albedo.png' remapped 'res://assets/building/textures/T_wallfinish_f04_w07_albedo.png' at thread -1
Loading resource: res://assets/building/textures/T_wallfinish_f04_w07_roughness.png remapped: res://assets/building/textures/T_wallfinish_f04_w07_roughness.png
Loading resource: res://.godot/imported/T_wallfinish_f04_w07_roughness.png-81a37e7f18721cb6b42293c8f6aa95ca.ctex remapped: res://.godot/imported/T_wallfinish_f04_w07_roughness.png-81a37e7f18721cb6b42293c8f6aa95ca.ctex
Completed load for: 'res://assets/building/textures/T_wallfinish_f04_w07_roughness.png' remapped 'res://assets/building/textures/T_wallfinish_f04_w07_roughness.png' at thread -1
Loading resource: res://assets/building/textures/T_wallfinish_f04_w07_normal.png remapped: res://assets/building/textures/T_wallfinish_f04_w07_normal.png
Loading resource: res://.godot/imported/T_wallfinish_f04_w07_normal.png-18618f6aeeb1b86ed712081e0e53a738.ctex remapped: res://.godot/imported/T_wallfinish_f04_w07_normal.png-18618f6aeeb1b86ed712081e0e53a738.ctex
Completed load for: 'res://assets/building/textures/T_wallfinish_f04_w07_normal.png' remapped 'res://assets/building/textures/T_wallfinish_f04_w07_normal.png' at thread -1
Loading resource: res://assets/building/textures/T_wallfinish_f04_w08_albedo.png remapped: res://assets/building/textures/T_wallfinish_f04_w08_albedo.png
Loading resource: res://.godot/imported/T_wallfinish_f04_w08_albedo.png-8da53249169197d499eb1b62e5a21df4.ctex remapped: res://.godot/imported/T_wallfinish_f04_w08_albedo.png-8da53249169197d499eb1b62e5a21df4.ctex
Completed load for: 'res://assets/building/textures/T_wallfinish_f04_w08_albedo.png' remapped 'res://assets/building/textures/T_wallfinish_f04_w08_albedo.png' at thread -1
Loading resource: res://assets/building/textures/T_wallfinish_f04_w08_roughness.png remapped: res://assets/building/textures/T_wallfinish_f04_w08_roughness.png
Loading resource: res://.godot/imported/T_wallfinish_f04_w08_roughness.png-f96be179aa26c8db5cbc23da01559aa1.ctex remapped: res://.godot/imported/T_wallfinish_f04_w08_roughness.png-f96be179aa26c8db5cbc23da01559aa1.ctex
Completed load for: 'res://assets/building/textures/T_wallfinish_f04_w08_roughness.png' remapped 'res://assets/building/textures/T_wallfinish_f04_w08_roughness.png' at thread -1
Loading resource: res://assets/building/textures/T_wallfinish_f04_w08_normal.png remapped: res://assets/building/textures/T_wallfinish_f04_w08_normal.png
Loading resource: res://.godot/imported/T_wallfinish_f04_w08_normal.png-60aeb91d6a26507b3561f8debbc6ca67.ctex remapped: res://.godot/imported/T_wallfinish_f04_w08_normal.png-60aeb91d6a26507b3561f8debbc6ca67.ctex
Completed load for: 'res://assets/building/textures/T_wallfinish_f04_w08_normal.png' remapped 'res://assets/building/textures/T_wallfinish_f04_w08_normal.png' at thread -1
Loading resource: res://assets/building/textures/T_wallfinish_f04_w09_albedo.png remapped: res://assets/building/textures/T_wallfinish_f04_w09_albedo.png
Loading resource: res://.godot/imported/T_wallfinish_f04_w09_albedo.png-16b54fd2a12947e7297f7dae6dcd6540.ctex remapped: res://.godot/imported/T_wallfinish_f04_w09_albedo.png-16b54fd2a12947e7297f7dae6dcd6540.ctex
Completed load for: 'res://assets/building/textures/T_wallfinish_f04_w09_albedo.png' remapped 'res://assets/building/textures/T_wallfinish_f04_w09_albedo.png' at thread -1
Loading resource: res://assets/building/textures/T_wallfinish_f04_w09_roughness.png remapped: res://assets/building/textures/T_wallfinish_f04_w09_roughness.png
Loading resource: res://.godot/imported/T_wallfinish_f04_w09_roughness.png-c6f3e80115bcd3e6e9342594ffd697b4.ctex remapped: res://.godot/imported/T_wallfinish_f04_w09_roughness.png-c6f3e80115bcd3e6e9342594ffd697b4.ctex
Completed load for: 'res://assets/building/textures/T_wallfinish_f04_w09_roughness.png' remapped 'res://assets/building/textures/T_wallfinish_f04_w09_roughness.png' at thread -1
Loading resource: res://assets/building/textures/T_wallfinish_f04_w09_normal.png remapped: res://assets/building/textures/T_wallfinish_f04_w09_normal.png
Loading resource: res://.godot/imported/T_wallfinish_f04_w09_normal.png-eb62a79094fc2db7e66f78861010f8d5.ctex remapped: res://.godot/imported/T_wallfinish_f04_w09_normal.png-eb62a79094fc2db7e66f78861010f8d5.ctex
Completed load for: 'res://assets/building/textures/T_wallfinish_f04_w09_normal.png' remapped 'res://assets/building/textures/T_wallfinish_f04_w09_normal.png' at thread -1
Loading resource: res://assets/building/textures/T_wallfinish_f04_w10_albedo.png remapped: res://assets/building/textures/T_wallfinish_f04_w10_albedo.png
Loading resource: res://.godot/imported/T_wallfinish_f04_w10_albedo.png-2019669eb84fa87aec4c96fa2258ec37.ctex remapped: res://.godot/imported/T_wallfinish_f04_w10_albedo.png-2019669eb84fa87aec4c96fa2258ec37.ctex
Completed load for: 'res://assets/building/textures/T_wallfinish_f04_w10_albedo.png' remapped 'res://assets/building/textures/T_wallfinish_f04_w10_albedo.png' at thread -1
Loading resource: res://assets/building/textures/T_wallfinish_f04_w10_roughness.png remapped: res://assets/building/textures/T_wallfinish_f04_w10_roughness.png
Loading resource: res://.godot/imported/T_wallfinish_f04_w10_roughness.png-39f230b31b6bbb5b2e842643627adfb1.ctex remapped: res://.godot/imported/T_wallfinish_f04_w10_roughness.png-39f230b31b6bbb5b2e842643627adfb1.ctex
Completed load for: 'res://assets/building/textures/T_wallfinish_f04_w10_roughness.png' remapped 'res://assets/building/textures/T_wallfinish_f04_w10_roughness.png' at thread -1
Loading resource: res://assets/building/textures/T_wallfinish_f04_w10_normal.png remapped: res://assets/building/textures/T_wallfinish_f04_w10_normal.png
Loading resource: res://.godot/imported/T_wallfinish_f04_w10_normal.png-4158fdcbbc25c106ace4f948a769bd09.ctex remapped: res://.godot/imported/T_wallfinish_f04_w10_normal.png-4158fdcbbc25c106ace4f948a769bd09.ctex
Completed load for: 'res://assets/building/textures/T_wallfinish_f04_w10_normal.png' remapped 'res://assets/building/textures/T_wallfinish_f04_w10_normal.png' at thread -1
Loading resource: res://assets/building/textures/T_ai_materials_chrome_albedo.png remapped: res://assets/building/textures/T_ai_materials_chrome_albedo.png
Loading resource: res://.godot/imported/T_ai_materials_chrome_albedo.png-54dafc296ac65ed1f3dbc7cdf37bb5a3.ctex remapped: res://.godot/imported/T_ai_materials_chrome_albedo.png-54dafc296ac65ed1f3dbc7cdf37bb5a3.ctex
Completed load for: 'res://assets/building/textures/T_ai_materials_chrome_albedo.png' remapped 'res://assets/building/textures/T_ai_materials_chrome_albedo.png' at thread -1
Loading resource: res://assets/building/textures/T_ai_materials_chrome_rough.png remapped: res://assets/building/textures/T_ai_materials_chrome_rough.png
Loading resource: res://.godot/imported/T_ai_materials_chrome_rough.png-a2787da2cf99042e7dc7bd47a91b4ef9.ctex remapped: res://.godot/imported/T_ai_materials_chrome_rough.png-a2787da2cf99042e7dc7bd47a91b4ef9.ctex
Completed load for: 'res://assets/building/textures/T_ai_materials_chrome_rough.png' remapped 'res://assets/building/textures/T_ai_materials_chrome_rough.png' at thread -1
Loading resource: res://assets/building/textures/T_ai_materials_chrome_normal.png remapped: res://assets/building/textures/T_ai_materials_chrome_normal.png
Loading resource: res://.godot/imported/T_ai_materials_chrome_normal.png-b8fa6cdd3334c3c71cfaa9b994dbf197.ctex remapped: res://.godot/imported/T_ai_materials_chrome_normal.png-b8fa6cdd3334c3c71cfaa9b994dbf197.ctex
Completed load for: 'res://assets/building/textures/T_ai_materials_chrome_normal.png' remapped 'res://assets/building/textures/T_ai_materials_chrome_normal.png' at thread -1
Loading resource: res://assets/building/textures/T_ai_materials_cast_iron_albedo.png remapped: res://assets/building/textures/T_ai_materials_cast_iron_albedo.png
Loading resource: res://.godot/imported/T_ai_materials_cast_iron_albedo.png-57e1e054c7e682f012f7d336fdfafae3.ctex remapped: res://.godot/imported/T_ai_materials_cast_iron_albedo.png-57e1e054c7e682f012f7d336fdfafae3.ctex
Completed load for: 'res://assets/building/textures/T_ai_materials_cast_iron_albedo.png' remapped 'res://assets/building/textures/T_ai_materials_cast_iron_albedo.png' at thread -1
Loading resource: res://assets/building/textures/T_ai_materials_cast_iron_rough.png remapped: res://assets/building/textures/T_ai_materials_cast_iron_rough.png
Loading resource: res://.godot/imported/T_ai_materials_cast_iron_rough.png-b74900f724ba3730c064ef87fba03915.ctex remapped: res://.godot/imported/T_ai_materials_cast_iron_rough.png-b74900f724ba3730c064ef87fba03915.ctex
Completed load for: 'res://assets/building/textures/T_ai_materials_cast_iron_rough.png' remapped 'res://assets/building/textures/T_ai_materials_cast_iron_rough.png' at thread -1
Loading resource: res://assets/building/textures/T_ai_materials_cast_iron_normal.png remapped: res://assets/building/textures/T_ai_materials_cast_iron_normal.png
Loading resource: res://.godot/imported/T_ai_materials_cast_iron_normal.png-ed572bca8a831db5f0b075724bdbe756.ctex remapped: res://.godot/imported/T_ai_materials_cast_iron_normal.png-ed572bca8a831db5f0b075724bdbe756.ctex
Completed load for: 'res://assets/building/textures/T_ai_materials_cast_iron_normal.png' remapped 'res://assets/building/textures/T_ai_materials_cast_iron_normal.png' at thread -1
Completed load for: 'res://assets/building/floor_04.gltf' remapped 'res://assets/building/floor_04.gltf' at thread -1
Loading resource: res://assets/building/floor_05.gltf remapped: res://assets/building/floor_05.gltf
Loading resource: res://.godot/imported/floor_05.gltf-3d7550b6aa235c323bda7b3d6e1908bc.scn remapped: res://.godot/imported/floor_05.gltf-3d7550b6aa235c323bda7b3d6e1908bc.scn
Loading resource: res://assets/building/textures/T_wallfinish_f05_w00_albedo.png remapped: res://assets/building/textures/T_wallfinish_f05_w00_albedo.png
Loading resource: res://.godot/imported/T_wallfinish_f05_w00_albedo.png-55bb968f48fb56ebf0d6b4fb76d72e94.ctex remapped: res://.godot/imported/T_wallfinish_f05_w00_albedo.png-55bb968f48fb56ebf0d6b4fb76d72e94.ctex
Completed load for: 'res://assets/building/textures/T_wallfinish_f05_w00_albedo.png' remapped 'res://assets/building/textures/T_wallfinish_f05_w00_albedo.png' at thread -1
Loading resource: res://assets/building/textures/T_wallfinish_f05_w00_roughness.png remapped: res://assets/building/textures/T_wallfinish_f05_w00_roughness.png
Loading resource: res://.godot/imported/T_wallfinish_f05_w00_roughness.png-67eea83c7ebccd75332aa34d27aa0b65.ctex remapped: res://.godot/imported/T_wallfinish_f05_w00_roughness.png-67eea83c7ebccd75332aa34d27aa0b65.ctex
Completed load for: 'res://assets/building/textures/T_wallfinish_f05_w00_roughness.png' remapped 'res://assets/building/textures/T_wallfinish_f05_w00_roughness.png' at thread -1
Loading resource: res://assets/building/textures/T_wallfinish_f05_w00_normal.png remapped: res://assets/building/textures/T_wallfinish_f05_w00_normal.png
Loading resource: res://.godot/imported/T_wallfinish_f05_w00_normal.png-757a360f5cf05dcc3d6366bf71aa9355.ctex remapped: res://.godot/imported/T_wallfinish_f05_w00_normal.png-757a360f5cf05dcc3d6366bf71aa9355.ctex
Completed load for: 'res://assets/building/textures/T_wallfinish_f05_w00_normal.png' remapped 'res://assets/building/textures/T_wallfinish_f05_w00_normal.png' at thread -1
Loading resource: res://assets/building/textures/T_wallfinish_f05_w01_albedo.png remapped: res://assets/building/textures/T_wallfinish_f05_w01_albedo.png
Loading resource: res://.godot/imported/T_wallfinish_f05_w01_albedo.png-52b84652574c7ab4b89dbbc63dbb7b8c.ctex remapped: res://.godot/imported/T_wallfinish_f05_w01_albedo.png-52b84652574c7ab4b89dbbc63dbb7b8c.ctex
Completed load for: 'res://assets/building/textures/T_wallfinish_f05_w01_albedo.png' remapped 'res://assets/building/textures/T_wallfinish_f05_w01_albedo.png' at thread -1
Loading resource: res://assets/building/textures/T_wallfinish_f05_w01_roughness.png remapped: res://assets/building/textures/T_wallfinish_f05_w01_roughness.png
Loading resource: res://.godot/imported/T_wallfinish_f05_w01_roughness.png-81db9a0db17c6cefafd786fd2d4df250.ctex remapped: res://.godot/imported/T_wallfinish_f05_w01_roughness.png-81db9a0db17c6cefafd786fd2d4df250.ctex
Completed load for: 'res://assets/building/textures/T_wallfinish_f05_w01_roughness.png' remapped 'res://assets/building/textures/T_wallfinish_f05_w01_roughness.png' at thread -1
Loading resource: res://assets/building/textures/T_wallfinish_f05_w01_normal.png remapped: res://assets/building/textures/T_wallfinish_f05_w01_normal.png
Loading resource: res://.godot/imported/T_wallfinish_f05_w01_normal.png-2d7e4e4eaa344b8fe45995482b0e286c.ctex remapped: res://.godot/imported/T_wallfinish_f05_w01_normal.png-2d7e4e4eaa344b8fe45995482b0e286c.ctex
Completed load for: 'res://assets/building/textures/T_wallfinish_f05_w01_normal.png' remapped 'res://assets/building/textures/T_wallfinish_f05_w01_normal.png' at thread -1
Loading resource: res://assets/building/textures/T_wallfinish_f05_w02_albedo.png remapped: res://assets/building/textures/T_wallfinish_f05_w02_albedo.png
Loading resource: res://.godot/imported/T_wallfinish_f05_w02_albedo.png-ffee738b73a11d003c8d1a329b130217.ctex remapped: res://.godot/imported/T_wallfinish_f05_w02_albedo.png-ffee738b73a11d003c8d1a329b130217.ctex
Completed load for: 'res://assets/building/textures/T_wallfinish_f05_w02_albedo.png' remapped 'res://assets/building/textures/T_wallfinish_f05_w02_albedo.png' at thread -1
Loading resource: res://assets/building/textures/T_wallfinish_f05_w02_roughness.png remapped: res://assets/building/textures/T_wallfinish_f05_w02_roughness.png
Loading resource: res://.godot/imported/T_wallfinish_f05_w02_roughness.png-84886b34e558a12b8328a76ca36d17a0.ctex remapped: res://.godot/imported/T_wallfinish_f05_w02_roughness.png-84886b34e558a12b8328a76ca36d17a0.ctex
Completed load for: 'res://assets/building/textures/T_wallfinish_f05_w02_roughness.png' remapped 'res://assets/building/textures/T_wallfinish_f05_w02_roughness.png' at thread -1
Loading resource: res://assets/building/textures/T_wallfinish_f05_w02_normal.png remapped: res://assets/building/textures/T_wallfinish_f05_w02_normal.png
Loading resource: res://.godot/imported/T_wallfinish_f05_w02_normal.png-1d94e19f189c908290ad7f4a22c08b04.ctex remapped: res://.godot/imported/T_wallfinish_f05_w02_normal.png-1d94e19f189c908290ad7f4a22c08b04.ctex
Completed load for: 'res://assets/building/textures/T_wallfinish_f05_w02_normal.png' remapped 'res://assets/building/textures/T_wallfinish_f05_w02_normal.png' at thread -1
Loading resource: res://assets/building/textures/T_wallfinish_f05_w03_albedo.png remapped: res://assets/building/textures/T_wallfinish_f05_w03_albedo.png
Loading resource: res://.godot/imported/T_wallfinish_f05_w03_albedo.png-f6eb171138d243604526a64dc8b3a38d.ctex remapped: res://.godot/imported/T_wallfinish_f05_w03_albedo.png-f6eb171138d243604526a64dc8b3a38d.ctex
Completed load for: 'res://assets/building/textures/T_wallfinish_f05_w03_albedo.png' remapped 'res://assets/building/textures/T_wallfinish_f05_w03_albedo.png' at thread -1
Loading resource: res://assets/building/textures/T_wallfinish_f05_w03_roughness.png remapped: res://assets/building/textures/T_wallfinish_f05_w03_roughness.png
Loading resource: res://.godot/imported/T_wallfinish_f05_w03_roughness.png-6b307713fd64720df24e22aee5cfdcdd.ctex remapped: res://.godot/imported/T_wallfinish_f05_w03_roughness.png-6b307713fd64720df24e22aee5cfdcdd.ctex
Completed load for: 'res://assets/building/textures/T_wallfinish_f05_w03_roughness.png' remapped 'res://assets/building/textures/T_wallfinish_f05_w03_roughness.png' at thread -1
Loading resource: res://assets/building/textures/T_wallfinish_f05_w03_normal.png remapped: res://assets/building/textures/T_wallfinish_f05_w03_normal.png
Loading resource: res://.godot/imported/T_wallfinish_f05_w03_normal.png-e274eec0a3336bb1e15db7d3b4790a7f.ctex remapped: res://.godot/imported/T_wallfinish_f05_w03_normal.png-e274eec0a3336bb1e15db7d3b4790a7f.ctex
Completed load for: 'res://assets/building/textures/T_wallfinish_f05_w03_normal.png' remapped 'res://assets/building/textures/T_wallfinish_f05_w03_normal.png' at thread -1
Loading resource: res://assets/building/textures/T_wallfinish_f05_w04_albedo.png remapped: res://assets/building/textures/T_wallfinish_f05_w04_albedo.png
Loading resource: res://.godot/imported/T_wallfinish_f05_w04_albedo.png-1031a166b0da627d203a0e0d41e5c7e8.ctex remapped: res://.godot/imported/T_wallfinish_f05_w04_albedo.png-1031a166b0da627d203a0e0d41e5c7e8.ctex
Completed load for: 'res://assets/building/textures/T_wallfinish_f05_w04_albedo.png' remapped 'res://assets/building/textures/T_wallfinish_f05_w04_albedo.png' at thread -1
Loading resource: res://assets/building/textures/T_wallfinish_f05_w04_roughness.png remapped: res://assets/building/textures/T_wallfinish_f05_w04_roughness.png
Loading resource: res://.godot/imported/T_wallfinish_f05_w04_roughness.png-9201aae261b86fdd5951b7fbf9776db8.ctex remapped: res://.godot/imported/T_wallfinish_f05_w04_roughness.png-9201aae261b86fdd5951b7fbf9776db8.ctex
Completed load for: 'res://assets/building/textures/T_wallfinish_f05_w04_roughness.png' remapped 'res://assets/building/textures/T_wallfinish_f05_w04_roughness.png' at thread -1
Loading resource: res://assets/building/textures/T_wallfinish_f05_w04_normal.png remapped: res://assets/building/textures/T_wallfinish_f05_w04_normal.png
Loading resource: res://.godot/imported/T_wallfinish_f05_w04_normal.png-a5d9f1d4059ced74c16222de8e334f4c.ctex remapped: res://.godot/imported/T_wallfinish_f05_w04_normal.png-a5d9f1d4059ced74c16222de8e334f4c.ctex
Completed load for: 'res://assets/building/textures/T_wallfinish_f05_w04_normal.png' remapped 'res://assets/building/textures/T_wallfinish_f05_w04_normal.png' at thread -1
Loading resource: res://assets/building/textures/T_wallfinish_f05_w05_albedo.png remapped: res://assets/building/textures/T_wallfinish_f05_w05_albedo.png
Loading resource: res://.godot/imported/T_wallfinish_f05_w05_albedo.png-5221e13333be719e5a9b3e8896a7a12a.ctex remapped: res://.godot/imported/T_wallfinish_f05_w05_albedo.png-5221e13333be719e5a9b3e8896a7a12a.ctex
Completed load for: 'res://assets/building/textures/T_wallfinish_f05_w05_albedo.png' remapped 'res://assets/building/textures/T_wallfinish_f05_w05_albedo.png' at thread -1
Loading resource: res://assets/building/textures/T_wallfinish_f05_w05_roughness.png remapped: res://assets/building/textures/T_wallfinish_f05_w05_roughness.png
Loading resource: res://.godot/imported/T_wallfinish_f05_w05_roughness.png-1361648fa52e99b68b5f99d51c4aad41.ctex remapped: res://.godot/imported/T_wallfinish_f05_w05_roughness.png-1361648fa52e99b68b5f99d51c4aad41.ctex
Completed load for: 'res://assets/building/textures/T_wallfinish_f05_w05_roughness.png' remapped 'res://assets/building/textures/T_wallfinish_f05_w05_roughness.png' at thread -1
Loading resource: res://assets/building/textures/T_wallfinish_f05_w05_normal.png remapped: res://assets/building/textures/T_wallfinish_f05_w05_normal.png
Loading resource: res://.godot/imported/T_wallfinish_f05_w05_normal.png-0b33f72ea9d7d27c83e881458bb9c528.ctex remapped: res://.godot/imported/T_wallfinish_f05_w05_normal.png-0b33f72ea9d7d27c83e881458bb9c528.ctex
Completed load for: 'res://assets/building/textures/T_wallfinish_f05_w05_normal.png' remapped 'res://assets/building/textures/T_wallfinish_f05_w05_normal.png' at thread -1
Loading resource: res://assets/building/textures/T_wallfinish_f05_w06_albedo.png remapped: res://assets/building/textures/T_wallfinish_f05_w06_albedo.png
Loading resource: res://.godot/imported/T_wallfinish_f05_w06_albedo.png-868eb5a520c16ec647bf7b637a60d980.ctex remapped: res://.godot/imported/T_wallfinish_f05_w06_albedo.png-868eb5a520c16ec647bf7b637a60d980.ctex
Completed load for: 'res://assets/building/textures/T_wallfinish_f05_w06_albedo.png' remapped 'res://assets/building/textures/T_wallfinish_f05_w06_albedo.png' at thread -1
Loading resource: res://assets/building/textures/T_wallfinish_f05_w06_roughness.png remapped: res://assets/building/textures/T_wallfinish_f05_w06_roughness.png
Loading resource: res://.godot/imported/T_wallfinish_f05_w06_roughness.png-e80cfce8c5f567f473020a1e74ea0b37.ctex remapped: res://.godot/imported/T_wallfinish_f05_w06_roughness.png-e80cfce8c5f567f473020a1e74ea0b37.ctex
Completed load for: 'res://assets/building/textures/T_wallfinish_f05_w06_roughness.png' remapped 'res://assets/building/textures/T_wallfinish_f05_w06_roughness.png' at thread -1
Loading resource: res://assets/building/textures/T_wallfinish_f05_w06_normal.png remapped: res://assets/building/textures/T_wallfinish_f05_w06_normal.png
Loading resource: res://.godot/imported/T_wallfinish_f05_w06_normal.png-2752ace469a9d1f3071cc741c6a42458.ctex remapped: res://.godot/imported/T_wallfinish_f05_w06_normal.png-2752ace469a9d1f3071cc741c6a42458.ctex
Completed load for: 'res://assets/building/textures/T_wallfinish_f05_w06_normal.png' remapped 'res://assets/building/textures/T_wallfinish_f05_w06_normal.png' at thread -1
Loading resource: res://assets/building/textures/T_wallfinish_f05_w07_albedo.png remapped: res://assets/building/textures/T_wallfinish_f05_w07_albedo.png
Loading resource: res://.godot/imported/T_wallfinish_f05_w07_albedo.png-4b96cac16d5b58761dcbad92307bab2c.ctex remapped: res://.godot/imported/T_wallfinish_f05_w07_albedo.png-4b96cac16d5b58761dcbad92307bab2c.ctex
Completed load for: 'res://assets/building/textures/T_wallfinish_f05_w07_albedo.png' remapped 'res://assets/building/textures/T_wallfinish_f05_w07_albedo.png' at thread -1
Loading resource: res://assets/building/textures/T_wallfinish_f05_w07_roughness.png remapped: res://assets/building/textures/T_wallfinish_f05_w07_roughness.png
Loading resource: res://.godot/imported/T_wallfinish_f05_w07_roughness.png-69f2623a2869b42be3172ccb9d1d6785.ctex remapped: res://.godot/imported/T_wallfinish_f05_w07_roughness.png-69f2623a2869b42be3172ccb9d1d6785.ctex
Completed load for: 'res://assets/building/textures/T_wallfinish_f05_w07_roughness.png' remapped 'res://assets/building/textures/T_wallfinish_f05_w07_roughness.png' at thread -1
Loading resource: res://assets/building/textures/T_wallfinish_f05_w07_normal.png remapped: res://assets/building/textures/T_wallfinish_f05_w07_normal.png
Loading resource: res://.godot/imported/T_wallfinish_f05_w07_normal.png-e0edc755be8fae792d210fa260cbf237.ctex remapped: res://.godot/imported/T_wallfinish_f05_w07_normal.png-e0edc755be8fae792d210fa260cbf237.ctex
Completed load for: 'res://assets/building/textures/T_wallfinish_f05_w07_normal.png' remapped 'res://assets/building/textures/T_wallfinish_f05_w07_normal.png' at thread -1
Loading resource: res://assets/building/textures/T_wallfinish_f05_w08_albedo.png remapped: res://assets/building/textures/T_wallfinish_f05_w08_albedo.png
Loading resource: res://.godot/imported/T_wallfinish_f05_w08_albedo.png-aac060f551a67515b29fa521b7d9d069.ctex remapped: res://.godot/imported/T_wallfinish_f05_w08_albedo.png-aac060f551a67515b29fa521b7d9d069.ctex
Completed load for: 'res://assets/building/textures/T_wallfinish_f05_w08_albedo.png' remapped 'res://assets/building/textures/T_wallfinish_f05_w08_albedo.png' at thread -1
Loading resource: res://assets/building/textures/T_wallfinish_f05_w08_roughness.png remapped: res://assets/building/textures/T_wallfinish_f05_w08_roughness.png
Loading resource: res://.godot/imported/T_wallfinish_f05_w08_roughness.png-58793d3983bdb0b877923c61eb84178e.ctex remapped: res://.godot/imported/T_wallfinish_f05_w08_roughness.png-58793d3983bdb0b877923c61eb84178e.ctex
Completed load for: 'res://assets/building/textures/T_wallfinish_f05_w08_roughness.png' remapped 'res://assets/building/textures/T_wallfinish_f05_w08_roughness.png' at thread -1
Loading resource: res://assets/building/textures/T_wallfinish_f05_w08_normal.png remapped: res://assets/building/textures/T_wallfinish_f05_w08_normal.png
Loading resource: res://.godot/imported/T_wallfinish_f05_w08_normal.png-d3a4e6aa6078a2741eb85f9e1753fa06.ctex remapped: res://.godot/imported/T_wallfinish_f05_w08_normal.png-d3a4e6aa6078a2741eb85f9e1753fa06.ctex
Completed load for: 'res://assets/building/textures/T_wallfinish_f05_w08_normal.png' remapped 'res://assets/building/textures/T_wallfinish_f05_w08_normal.png' at thread -1
Loading resource: res://assets/building/textures/T_wallfinish_f05_w09_albedo.png remapped: res://assets/building/textures/T_wallfinish_f05_w09_albedo.png
Loading resource: res://.godot/imported/T_wallfinish_f05_w09_albedo.png-9c7d3c3dbe32fbee6b426f38501de9ae.ctex remapped: res://.godot/imported/T_wallfinish_f05_w09_albedo.png-9c7d3c3dbe32fbee6b426f38501de9ae.ctex
Completed load for: 'res://assets/building/textures/T_wallfinish_f05_w09_albedo.png' remapped 'res://assets/building/textures/T_wallfinish_f05_w09_albedo.png' at thread -1
Loading resource: res://assets/building/textures/T_wallfinish_f05_w09_roughness.png remapped: res://assets/building/textures/T_wallfinish_f05_w09_roughness.png
Loading resource: res://.godot/imported/T_wallfinish_f05_w09_roughness.png-76e4a44d54df0202c8680b9d4b04e326.ctex remapped: res://.godot/imported/T_wallfinish_f05_w09_roughness.png-76e4a44d54df0202c8680b9d4b04e326.ctex
Completed load for: 'res://assets/building/textures/T_wallfinish_f05_w09_roughness.png' remapped 'res://assets/building/textures/T_wallfinish_f05_w09_roughness.png' at thread -1
Loading resource: res://assets/building/textures/T_wallfinish_f05_w09_normal.png remapped: res://assets/building/textures/T_wallfinish_f05_w09_normal.png
Loading resource: res://.godot/imported/T_wallfinish_f05_w09_normal.png-150b7070449cf2e71f9a5ae08a989e50.ctex remapped: res://.godot/imported/T_wallfinish_f05_w09_normal.png-150b7070449cf2e71f9a5ae08a989e50.ctex
Completed load for: 'res://assets/building/textures/T_wallfinish_f05_w09_normal.png' remapped 'res://assets/building/textures/T_wallfinish_f05_w09_normal.png' at thread -1
Loading resource: res://assets/building/textures/T_wallfinish_f05_w10_albedo.png remapped: res://assets/building/textures/T_wallfinish_f05_w10_albedo.png
Loading resource: res://.godot/imported/T_wallfinish_f05_w10_albedo.png-0bed872fe27f6e4d43a68e879c2bf260.ctex remapped: res://.godot/imported/T_wallfinish_f05_w10_albedo.png-0bed872fe27f6e4d43a68e879c2bf260.ctex
Completed load for: 'res://assets/building/textures/T_wallfinish_f05_w10_albedo.png' remapped 'res://assets/building/textures/T_wallfinish_f05_w10_albedo.png' at thread -1
Loading resource: res://assets/building/textures/T_wallfinish_f05_w10_roughness.png remapped: res://assets/building/textures/T_wallfinish_f05_w10_roughness.png
Loading resource: res://.godot/imported/T_wallfinish_f05_w10_roughness.png-cd5213613610257e657424a6bf50fd06.ctex remapped: res://.godot/imported/T_wallfinish_f05_w10_roughness.png-cd5213613610257e657424a6bf50fd06.ctex
Completed load for: 'res://assets/building/textures/T_wallfinish_f05_w10_roughness.png' remapped 'res://assets/building/textures/T_wallfinish_f05_w10_roughness.png' at thread -1
Loading resource: res://assets/building/textures/T_wallfinish_f05_w10_normal.png remapped: res://assets/building/textures/T_wallfinish_f05_w10_normal.png
Loading resource: res://.godot/imported/T_wallfinish_f05_w10_normal.png-be86f726f389177a3159d8c1415b4495.ctex remapped: res://.godot/imported/T_wallfinish_f05_w10_normal.png-be86f726f389177a3159d8c1415b4495.ctex
Completed load for: 'res://assets/building/textures/T_wallfinish_f05_w10_normal.png' remapped 'res://assets/building/textures/T_wallfinish_f05_w10_normal.png' at thread -1
Loading resource: res://assets/building/textures/T_ai_materials_char_b_albedo.png remapped: res://assets/building/textures/T_ai_materials_char_b_albedo.png
Loading resource: res://.godot/imported/T_ai_materials_char_b_albedo.png-e2ac28a9138183fc1e653d9ebb7a4d63.ctex remapped: res://.godot/imported/T_ai_materials_char_b_albedo.png-e2ac28a9138183fc1e653d9ebb7a4d63.ctex
Completed load for: 'res://assets/building/textures/T_ai_materials_char_b_albedo.png' remapped 'res://assets/building/textures/T_ai_materials_char_b_albedo.png' at thread -1
Loading resource: res://assets/building/textures/T_ai_materials_char_b_rough.png remapped: res://assets/building/textures/T_ai_materials_char_b_rough.png
Loading resource: res://.godot/imported/T_ai_materials_char_b_rough.png-2e451779a0e1e84567e8a671230ad20a.ctex remapped: res://.godot/imported/T_ai_materials_char_b_rough.png-2e451779a0e1e84567e8a671230ad20a.ctex
Completed load for: 'res://assets/building/textures/T_ai_materials_char_b_rough.png' remapped 'res://assets/building/textures/T_ai_materials_char_b_rough.png' at thread -1
Loading resource: res://assets/building/textures/T_ai_materials_char_b_normal.png remapped: res://assets/building/textures/T_ai_materials_char_b_normal.png
Loading resource: res://.godot/imported/T_ai_materials_char_b_normal.png-1026ad0f45c1acd4e5bb804caf07a880.ctex remapped: res://.godot/imported/T_ai_materials_char_b_normal.png-1026ad0f45c1acd4e5bb804caf07a880.ctex
Completed load for: 'res://assets/building/textures/T_ai_materials_char_b_normal.png' remapped 'res://assets/building/textures/T_ai_materials_char_b_normal.png' at thread -1
Loading resource: res://assets/building/textures/T_fx_fx_burn.png remapped: res://assets/building/textures/T_fx_fx_burn.png
Loading resource: res://.godot/imported/T_fx_fx_burn.png-72ee2514abab1afa33d3155a37bc0417.ctex remapped: res://.godot/imported/T_fx_fx_burn.png-72ee2514abab1afa33d3155a37bc0417.ctex
Completed load for: 'res://assets/building/textures/T_fx_fx_burn.png' remapped 'res://assets/building/textures/T_fx_fx_burn.png' at thread -1
Loading resource: res://assets/building/textures/T_fx_fx_burn_rough.png remapped: res://assets/building/textures/T_fx_fx_burn_rough.png
Loading resource: res://.godot/imported/T_fx_fx_burn_rough.png-4307d8235663cd3c9ae35a1928192994.ctex remapped: res://.godot/imported/T_fx_fx_burn_rough.png-4307d8235663cd3c9ae35a1928192994.ctex
Completed load for: 'res://assets/building/textures/T_fx_fx_burn_rough.png' remapped 'res://assets/building/textures/T_fx_fx_burn_rough.png' at thread -1
Loading resource: res://assets/building/textures/T_fx_fx_burn_normal.png remapped: res://assets/building/textures/T_fx_fx_burn_normal.png
Loading resource: res://.godot/imported/T_fx_fx_burn_normal.png-59c058ca99ef91d2f4d1906cacfd74d5.ctex remapped: res://.godot/imported/T_fx_fx_burn_normal.png-59c058ca99ef91d2f4d1906cacfd74d5.ctex
Completed load for: 'res://assets/building/textures/T_fx_fx_burn_normal.png' remapped 'res://assets/building/textures/T_fx_fx_burn_normal.png' at thread -1
Completed load for: 'res://assets/building/floor_05.gltf' remapped 'res://assets/building/floor_05.gltf' at thread -1
Loading resource: res://assets/building/floor_06.gltf remapped: res://assets/building/floor_06.gltf
Loading resource: res://.godot/imported/floor_06.gltf-1c462f7a430e72ffb8db95729ca816ee.scn remapped: res://.godot/imported/floor_06.gltf-1c462f7a430e72ffb8db95729ca816ee.scn
Loading resource: res://assets/building/textures/T_wallfinish_f06_w00_albedo.png remapped: res://assets/building/textures/T_wallfinish_f06_w00_albedo.png
Loading resource: res://.godot/imported/T_wallfinish_f06_w00_albedo.png-3591db0db37a399029676870fc706943.ctex remapped: res://.godot/imported/T_wallfinish_f06_w00_albedo.png-3591db0db37a399029676870fc706943.ctex
Completed load for: 'res://assets/building/textures/T_wallfinish_f06_w00_albedo.png' remapped 'res://assets/building/textures/T_wallfinish_f06_w00_albedo.png' at thread -1
Loading resource: res://assets/building/textures/T_wallfinish_f06_w00_roughness.png remapped: res://assets/building/textures/T_wallfinish_f06_w00_roughness.png
Loading resource: res://.godot/imported/T_wallfinish_f06_w00_roughness.png-c95ce5f726485c92435e4bde3e195022.ctex remapped: res://.godot/imported/T_wallfinish_f06_w00_roughness.png-c95ce5f726485c92435e4bde3e195022.ctex
Completed load for: 'res://assets/building/textures/T_wallfinish_f06_w00_roughness.png' remapped 'res://assets/building/textures/T_wallfinish_f06_w00_roughness.png' at thread -1
Loading resource: res://assets/building/textures/T_wallfinish_f06_w00_normal.png remapped: res://assets/building/textures/T_wallfinish_f06_w00_normal.png
Loading resource: res://.godot/imported/T_wallfinish_f06_w00_normal.png-db1a0aceb7bf1c2a16aef411f1abc1c7.ctex remapped: res://.godot/imported/T_wallfinish_f06_w00_normal.png-db1a0aceb7bf1c2a16aef411f1abc1c7.ctex
Completed load for: 'res://assets/building/textures/T_wallfinish_f06_w00_normal.png' remapped 'res://assets/building/textures/T_wallfinish_f06_w00_normal.png' at thread -1
Loading resource: res://assets/building/textures/T_wallfinish_f06_w01_albedo.png remapped: res://assets/building/textures/T_wallfinish_f06_w01_albedo.png
Loading resource: res://.godot/imported/T_wallfinish_f06_w01_albedo.png-8b7b729ae0875268c0ace316756bccbc.ctex remapped: res://.godot/imported/T_wallfinish_f06_w01_albedo.png-8b7b729ae0875268c0ace316756bccbc.ctex
Completed load for: 'res://assets/building/textures/T_wallfinish_f06_w01_albedo.png' remapped 'res://assets/building/textures/T_wallfinish_f06_w01_albedo.png' at thread -1
Loading resource: res://assets/building/textures/T_wallfinish_f06_w01_roughness.png remapped: res://assets/building/textures/T_wallfinish_f06_w01_roughness.png
Loading resource: res://.godot/imported/T_wallfinish_f06_w01_roughness.png-835accd681d0ba68c790684ce67053a5.ctex remapped: res://.godot/imported/T_wallfinish_f06_w01_roughness.png-835accd681d0ba68c790684ce67053a5.ctex
Completed load for: 'res://assets/building/textures/T_wallfinish_f06_w01_roughness.png' remapped 'res://assets/building/textures/T_wallfinish_f06_w01_roughness.png' at thread -1
Loading resource: res://assets/building/textures/T_wallfinish_f06_w01_normal.png remapped: res://assets/building/textures/T_wallfinish_f06_w01_normal.png
Loading resource: res://.godot/imported/T_wallfinish_f06_w01_normal.png-6e04f3fbfd8912c9fcc4578f20ac1344.ctex remapped: res://.godot/imported/T_wallfinish_f06_w01_normal.png-6e04f3fbfd8912c9fcc4578f20ac1344.ctex
Completed load for: 'res://assets/building/textures/T_wallfinish_f06_w01_normal.png' remapped 'res://assets/building/textures/T_wallfinish_f06_w01_normal.png' at thread -1
Loading resource: res://assets/building/textures/T_wallfinish_f06_w02_albedo.png remapped: res://assets/building/textures/T_wallfinish_f06_w02_albedo.png
Loading resource: res://.godot/imported/T_wallfinish_f06_w02_albedo.png-4480dc791be0b990b6b0c16e4cae9584.ctex remapped: res://.godot/imported/T_wallfinish_f06_w02_albedo.png-4480dc791be0b990b6b0c16e4cae9584.ctex
Completed load for: 'res://assets/building/textures/T_wallfinish_f06_w02_albedo.png' remapped 'res://assets/building/textures/T_wallfinish_f06_w02_albedo.png' at thread -1
Loading resource: res://assets/building/textures/T_wallfinish_f06_w02_roughness.png remapped: res://assets/building/textures/T_wallfinish_f06_w02_roughness.png
Loading resource: res://.godot/imported/T_wallfinish_f06_w02_roughness.png-f187d3c4f598b4ce6fc2ac15e9c05229.ctex remapped: res://.godot/imported/T_wallfinish_f06_w02_roughness.png-f187d3c4f598b4ce6fc2ac15e9c05229.ctex
Completed load for: 'res://assets/building/textures/T_wallfinish_f06_w02_roughness.png' remapped 'res://assets/building/textures/T_wallfinish_f06_w02_roughness.png' at thread -1
Loading resource: res://assets/building/textures/T_wallfinish_f06_w02_normal.png remapped: res://assets/building/textures/T_wallfinish_f06_w02_normal.png
Loading resource: res://.godot/imported/T_wallfinish_f06_w02_normal.png-7c409699c56c25622c7896b02b2079ec.ctex remapped: res://.godot/imported/T_wallfinish_f06_w02_normal.png-7c409699c56c25622c7896b02b2079ec.ctex
Completed load for: 'res://assets/building/textures/T_wallfinish_f06_w02_normal.png' remapped 'res://assets/building/textures/T_wallfinish_f06_w02_normal.png' at thread -1
Loading resource: res://assets/building/textures/T_wallfinish_f06_w03_albedo.png remapped: res://assets/building/textures/T_wallfinish_f06_w03_albedo.png
Loading resource: res://.godot/imported/T_wallfinish_f06_w03_albedo.png-87695913079b6e25562ba0e09213bf68.ctex remapped: res://.godot/imported/T_wallfinish_f06_w03_albedo.png-87695913079b6e25562ba0e09213bf68.ctex
Completed load for: 'res://assets/building/textures/T_wallfinish_f06_w03_albedo.png' remapped 'res://assets/building/textures/T_wallfinish_f06_w03_albedo.png' at thread -1
Loading resource: res://assets/building/textures/T_wallfinish_f06_w03_roughness.png remapped: res://assets/building/textures/T_wallfinish_f06_w03_roughness.png
Loading resource: res://.godot/imported/T_wallfinish_f06_w03_roughness.png-a9ada4da9b156435c12d9be5f40336ce.ctex remapped: res://.godot/imported/T_wallfinish_f06_w03_roughness.png-a9ada4da9b156435c12d9be5f40336ce.ctex
Completed load for: 'res://assets/building/textures/T_wallfinish_f06_w03_roughness.png' remapped 'res://assets/building/textures/T_wallfinish_f06_w03_roughness.png' at thread -1
Loading resource: res://assets/building/textures/T_wallfinish_f06_w03_normal.png remapped: res://assets/building/textures/T_wallfinish_f06_w03_normal.png
Loading resource: res://.godot/imported/T_wallfinish_f06_w03_normal.png-885e388b051124c3ee035489403f5bf4.ctex remapped: res://.godot/imported/T_wallfinish_f06_w03_normal.png-885e388b051124c3ee035489403f5bf4.ctex
Completed load for: 'res://assets/building/textures/T_wallfinish_f06_w03_normal.png' remapped 'res://assets/building/textures/T_wallfinish_f06_w03_normal.png' at thread -1
Loading resource: res://assets/building/textures/T_wallfinish_f06_w04_albedo.png remapped: res://assets/building/textures/T_wallfinish_f06_w04_albedo.png
Loading resource: res://.godot/imported/T_wallfinish_f06_w04_albedo.png-02ab50ceca9b2241367fdb72ad8915ba.ctex remapped: res://.godot/imported/T_wallfinish_f06_w04_albedo.png-02ab50ceca9b2241367fdb72ad8915ba.ctex
Completed load for: 'res://assets/building/textures/T_wallfinish_f06_w04_albedo.png' remapped 'res://assets/building/textures/T_wallfinish_f06_w04_albedo.png' at thread -1
Loading resource: res://assets/building/textures/T_wallfinish_f06_w04_roughness.png remapped: res://assets/building/textures/T_wallfinish_f06_w04_roughness.png
Loading resource: res://.godot/imported/T_wallfinish_f06_w04_roughness.png-829b7e608147a932609ec0de5b052bb4.ctex remapped: res://.godot/imported/T_wallfinish_f06_w04_roughness.png-829b7e608147a932609ec0de5b052bb4.ctex
Completed load for: 'res://assets/building/textures/T_wallfinish_f06_w04_roughness.png' remapped 'res://assets/building/textures/T_wallfinish_f06_w04_roughness.png' at thread -1
Loading resource: res://assets/building/textures/T_wallfinish_f06_w04_normal.png remapped: res://assets/building/textures/T_wallfinish_f06_w04_normal.png
Loading resource: res://.godot/imported/T_wallfinish_f06_w04_normal.png-df6a536f1857a07094297ea622006c9b.ctex remapped: res://.godot/imported/T_wallfinish_f06_w04_normal.png-df6a536f1857a07094297ea622006c9b.ctex
Completed load for: 'res://assets/building/textures/T_wallfinish_f06_w04_normal.png' remapped 'res://assets/building/textures/T_wallfinish_f06_w04_normal.png' at thread -1
Loading resource: res://assets/building/textures/T_wallfinish_f06_w05_albedo.png remapped: res://assets/building/textures/T_wallfinish_f06_w05_albedo.png
Loading resource: res://.godot/imported/T_wallfinish_f06_w05_albedo.png-53ee5cf4e98fa5b4345c28598315bd34.ctex remapped: res://.godot/imported/T_wallfinish_f06_w05_albedo.png-53ee5cf4e98fa5b4345c28598315bd34.ctex
Completed load for: 'res://assets/building/textures/T_wallfinish_f06_w05_albedo.png' remapped 'res://assets/building/textures/T_wallfinish_f06_w05_albedo.png' at thread -1
Loading resource: res://assets/building/textures/T_wallfinish_f06_w05_roughness.png remapped: res://assets/building/textures/T_wallfinish_f06_w05_roughness.png
Loading resource: res://.godot/imported/T_wallfinish_f06_w05_roughness.png-31f0a8f08e89137c2e431e9556a7dad3.ctex remapped: res://.godot/imported/T_wallfinish_f06_w05_roughness.png-31f0a8f08e89137c2e431e9556a7dad3.ctex
Completed load for: 'res://assets/building/textures/T_wallfinish_f06_w05_roughness.png' remapped 'res://assets/building/textures/T_wallfinish_f06_w05_roughness.png' at thread -1
Loading resource: res://assets/building/textures/T_wallfinish_f06_w05_normal.png remapped: res://assets/building/textures/T_wallfinish_f06_w05_normal.png
Loading resource: res://.godot/imported/T_wallfinish_f06_w05_normal.png-4ba9a87c2738f3a39cb23d8df3987203.ctex remapped: res://.godot/imported/T_wallfinish_f06_w05_normal.png-4ba9a87c2738f3a39cb23d8df3987203.ctex
Completed load for: 'res://assets/building/textures/T_wallfinish_f06_w05_normal.png' remapped 'res://assets/building/textures/T_wallfinish_f06_w05_normal.png' at thread -1
Loading resource: res://assets/building/textures/T_wallfinish_f06_w06_albedo.png remapped: res://assets/building/textures/T_wallfinish_f06_w06_albedo.png
Loading resource: res://.godot/imported/T_wallfinish_f06_w06_albedo.png-a27f38385e0ff5738e042b60532f842f.ctex remapped: res://.godot/imported/T_wallfinish_f06_w06_albedo.png-a27f38385e0ff5738e042b60532f842f.ctex
Completed load for: 'res://assets/building/textures/T_wallfinish_f06_w06_albedo.png' remapped 'res://assets/building/textures/T_wallfinish_f06_w06_albedo.png' at thread -1
Loading resource: res://assets/building/textures/T_wallfinish_f06_w06_roughness.png remapped: res://assets/building/textures/T_wallfinish_f06_w06_roughness.png
Loading resource: res://.godot/imported/T_wallfinish_f06_w06_roughness.png-c07be291449da4cbe19e33140ac3da19.ctex remapped: res://.godot/imported/T_wallfinish_f06_w06_roughness.png-c07be291449da4cbe19e33140ac3da19.ctex
Completed load for: 'res://assets/building/textures/T_wallfinish_f06_w06_roughness.png' remapped 'res://assets/building/textures/T_wallfinish_f06_w06_roughness.png' at thread -1
Loading resource: res://assets/building/textures/T_wallfinish_f06_w06_normal.png remapped: res://assets/building/textures/T_wallfinish_f06_w06_normal.png
Loading resource: res://.godot/imported/T_wallfinish_f06_w06_normal.png-723bca1ce3846b59125de01a9425f602.ctex remapped: res://.godot/imported/T_wallfinish_f06_w06_normal.png-723bca1ce3846b59125de01a9425f602.ctex
Completed load for: 'res://assets/building/textures/T_wallfinish_f06_w06_normal.png' remapped 'res://assets/building/textures/T_wallfinish_f06_w06_normal.png' at thread -1
Loading resource: res://assets/building/textures/T_wallfinish_f06_w07_albedo.png remapped: res://assets/building/textures/T_wallfinish_f06_w07_albedo.png
Loading resource: res://.godot/imported/T_wallfinish_f06_w07_albedo.png-efd9b17d5826571ee41b08ba266ce47a.ctex remapped: res://.godot/imported/T_wallfinish_f06_w07_albedo.png-efd9b17d5826571ee41b08ba266ce47a.ctex
Completed load for: 'res://assets/building/textures/T_wallfinish_f06_w07_albedo.png' remapped 'res://assets/building/textures/T_wallfinish_f06_w07_albedo.png' at thread -1
Loading resource: res://assets/building/textures/T_wallfinish_f06_w07_roughness.png remapped: res://assets/building/textures/T_wallfinish_f06_w07_roughness.png
Loading resource: res://.godot/imported/T_wallfinish_f06_w07_roughness.png-77f66a96c566e99b78dcf1d01cc2216b.ctex remapped: res://.godot/imported/T_wallfinish_f06_w07_roughness.png-77f66a96c566e99b78dcf1d01cc2216b.ctex
Completed load for: 'res://assets/building/textures/T_wallfinish_f06_w07_roughness.png' remapped 'res://assets/building/textures/T_wallfinish_f06_w07_roughness.png' at thread -1
Loading resource: res://assets/building/textures/T_wallfinish_f06_w07_normal.png remapped: res://assets/building/textures/T_wallfinish_f06_w07_normal.png
Loading resource: res://.godot/imported/T_wallfinish_f06_w07_normal.png-1aa2b2ad52cf95c8c2478af922402396.ctex remapped: res://.godot/imported/T_wallfinish_f06_w07_normal.png-1aa2b2ad52cf95c8c2478af922402396.ctex
Completed load for: 'res://assets/building/textures/T_wallfinish_f06_w07_normal.png' remapped 'res://assets/building/textures/T_wallfinish_f06_w07_normal.png' at thread -1
Loading resource: res://assets/building/textures/T_wallfinish_f06_w08_albedo.png remapped: res://assets/building/textures/T_wallfinish_f06_w08_albedo.png
Loading resource: res://.godot/imported/T_wallfinish_f06_w08_albedo.png-01b5fe7a1000d9446d7026f86b291092.ctex remapped: res://.godot/imported/T_wallfinish_f06_w08_albedo.png-01b5fe7a1000d9446d7026f86b291092.ctex
Completed load for: 'res://assets/building/textures/T_wallfinish_f06_w08_albedo.png' remapped 'res://assets/building/textures/T_wallfinish_f06_w08_albedo.png' at thread -1
Loading resource: res://assets/building/textures/T_wallfinish_f06_w08_roughness.png remapped: res://assets/building/textures/T_wallfinish_f06_w08_roughness.png
Loading resource: res://.godot/imported/T_wallfinish_f06_w08_roughness.png-b17626de3c148b9be0aef5f5b330fb59.ctex remapped: res://.godot/imported/T_wallfinish_f06_w08_roughness.png-b17626de3c148b9be0aef5f5b330fb59.ctex
Completed load for: 'res://assets/building/textures/T_wallfinish_f06_w08_roughness.png' remapped 'res://assets/building/textures/T_wallfinish_f06_w08_roughness.png' at thread -1
Loading resource: res://assets/building/textures/T_wallfinish_f06_w08_normal.png remapped: res://assets/building/textures/T_wallfinish_f06_w08_normal.png
Loading resource: res://.godot/imported/T_wallfinish_f06_w08_normal.png-349180865c6713ed989874221c71242e.ctex remapped: res://.godot/imported/T_wallfinish_f06_w08_normal.png-349180865c6713ed989874221c71242e.ctex
Completed load for: 'res://assets/building/textures/T_wallfinish_f06_w08_normal.png' remapped 'res://assets/building/textures/T_wallfinish_f06_w08_normal.png' at thread -1
Loading resource: res://assets/building/textures/T_wallfinish_f06_w09_albedo.png remapped: res://assets/building/textures/T_wallfinish_f06_w09_albedo.png
Loading resource: res://.godot/imported/T_wallfinish_f06_w09_albedo.png-372b1050df081d787253627de9d3abdb.ctex remapped: res://.godot/imported/T_wallfinish_f06_w09_albedo.png-372b1050df081d787253627de9d3abdb.ctex
Completed load for: 'res://assets/building/textures/T_wallfinish_f06_w09_albedo.png' remapped 'res://assets/building/textures/T_wallfinish_f06_w09_albedo.png' at thread -1
Loading resource: res://assets/building/textures/T_wallfinish_f06_w09_roughness.png remapped: res://assets/building/textures/T_wallfinish_f06_w09_roughness.png
Loading resource: res://.godot/imported/T_wallfinish_f06_w09_roughness.png-66ef506cdb34f04fa49d17e5f100f35e.ctex remapped: res://.godot/imported/T_wallfinish_f06_w09_roughness.png-66ef506cdb34f04fa49d17e5f100f35e.ctex
Completed load for: 'res://assets/building/textures/T_wallfinish_f06_w09_roughness.png' remapped 'res://assets/building/textures/T_wallfinish_f06_w09_roughness.png' at thread -1
Loading resource: res://assets/building/textures/T_wallfinish_f06_w09_normal.png remapped: res://assets/building/textures/T_wallfinish_f06_w09_normal.png
Loading resource: res://.godot/imported/T_wallfinish_f06_w09_normal.png-29a2dc39f44d499eb63aa74583938406.ctex remapped: res://.godot/imported/T_wallfinish_f06_w09_normal.png-29a2dc39f44d499eb63aa74583938406.ctex
Completed load for: 'res://assets/building/textures/T_wallfinish_f06_w09_normal.png' remapped 'res://assets/building/textures/T_wallfinish_f06_w09_normal.png' at thread -1
Loading resource: res://assets/building/textures/T_wallfinish_f06_w10_albedo.png remapped: res://assets/building/textures/T_wallfinish_f06_w10_albedo.png
Loading resource: res://.godot/imported/T_wallfinish_f06_w10_albedo.png-2408d1c5b29ab9e5932da7c7cd1e8911.ctex remapped: res://.godot/imported/T_wallfinish_f06_w10_albedo.png-2408d1c5b29ab9e5932da7c7cd1e8911.ctex
Completed load for: 'res://assets/building/textures/T_wallfinish_f06_w10_albedo.png' remapped 'res://assets/building/textures/T_wallfinish_f06_w10_albedo.png' at thread -1
Loading resource: res://assets/building/textures/T_wallfinish_f06_w10_roughness.png remapped: res://assets/building/textures/T_wallfinish_f06_w10_roughness.png
Loading resource: res://.godot/imported/T_wallfinish_f06_w10_roughness.png-25a8dfb094a5e1297978a3053ce42526.ctex remapped: res://.godot/imported/T_wallfinish_f06_w10_roughness.png-25a8dfb094a5e1297978a3053ce42526.ctex
Completed load for: 'res://assets/building/textures/T_wallfinish_f06_w10_roughness.png' remapped 'res://assets/building/textures/T_wallfinish_f06_w10_roughness.png' at thread -1
Loading resource: res://assets/building/textures/T_wallfinish_f06_w10_normal.png remapped: res://assets/building/textures/T_wallfinish_f06_w10_normal.png
Loading resource: res://.godot/imported/T_wallfinish_f06_w10_normal.png-74aec61fa27c0286531752ae6c304105.ctex remapped: res://.godot/imported/T_wallfinish_f06_w10_normal.png-74aec61fa27c0286531752ae6c304105.ctex
Completed load for: 'res://assets/building/textures/T_wallfinish_f06_w10_normal.png' remapped 'res://assets/building/textures/T_wallfinish_f06_w10_normal.png' at thread -1
Completed load for: 'res://assets/building/floor_06.gltf' remapped 'res://assets/building/floor_06.gltf' at thread -1
Loading resource: res://assets/building/roof.gltf remapped: res://assets/building/roof.gltf
Loading resource: res://.godot/imported/roof.gltf-96d69c1e8c5ac6cdc97f633e4e70081c.scn remapped: res://.godot/imported/roof.gltf-96d69c1e8c5ac6cdc97f633e4e70081c.scn
Loading resource: res://assets/building/textures/T_wallfinish_roof_w00_albedo.png remapped: res://assets/building/textures/T_wallfinish_roof_w00_albedo.png
Loading resource: res://.godot/imported/T_wallfinish_roof_w00_albedo.png-66c8370866b474c9a9e5b374d6ac7315.ctex remapped: res://.godot/imported/T_wallfinish_roof_w00_albedo.png-66c8370866b474c9a9e5b374d6ac7315.ctex
Completed load for: 'res://assets/building/textures/T_wallfinish_roof_w00_albedo.png' remapped 'res://assets/building/textures/T_wallfinish_roof_w00_albedo.png' at thread -1
Loading resource: res://assets/building/textures/T_wallfinish_roof_w00_roughness.png remapped: res://assets/building/textures/T_wallfinish_roof_w00_roughness.png
Loading resource: res://.godot/imported/T_wallfinish_roof_w00_roughness.png-50bac1ea9b14c2a45a54496b885f1072.ctex remapped: res://.godot/imported/T_wallfinish_roof_w00_roughness.png-50bac1ea9b14c2a45a54496b885f1072.ctex
Completed load for: 'res://assets/building/textures/T_wallfinish_roof_w00_roughness.png' remapped 'res://assets/building/textures/T_wallfinish_roof_w00_roughness.png' at thread -1
Loading resource: res://assets/building/textures/T_wallfinish_roof_w00_normal.png remapped: res://assets/building/textures/T_wallfinish_roof_w00_normal.png
Loading resource: res://.godot/imported/T_wallfinish_roof_w00_normal.png-7cdf83d506e40e8b34774e4cc44649c1.ctex remapped: res://.godot/imported/T_wallfinish_roof_w00_normal.png-7cdf83d506e40e8b34774e4cc44649c1.ctex
Completed load for: 'res://assets/building/textures/T_wallfinish_roof_w00_normal.png' remapped 'res://assets/building/textures/T_wallfinish_roof_w00_normal.png' at thread -1
Loading resource: res://assets/building/textures/T_wallfinish_roof_w01_albedo.png remapped: res://assets/building/textures/T_wallfinish_roof_w01_albedo.png
Loading resource: res://.godot/imported/T_wallfinish_roof_w01_albedo.png-aad53d1f149bb7b85663ae32fd81d677.ctex remapped: res://.godot/imported/T_wallfinish_roof_w01_albedo.png-aad53d1f149bb7b85663ae32fd81d677.ctex
Completed load for: 'res://assets/building/textures/T_wallfinish_roof_w01_albedo.png' remapped 'res://assets/building/textures/T_wallfinish_roof_w01_albedo.png' at thread -1
Loading resource: res://assets/building/textures/T_wallfinish_roof_w01_roughness.png remapped: res://assets/building/textures/T_wallfinish_roof_w01_roughness.png
Loading resource: res://.godot/imported/T_wallfinish_roof_w01_roughness.png-53186b98b31a3492c880e25f127b142d.ctex remapped: res://.godot/imported/T_wallfinish_roof_w01_roughness.png-53186b98b31a3492c880e25f127b142d.ctex
Completed load for: 'res://assets/building/textures/T_wallfinish_roof_w01_roughness.png' remapped 'res://assets/building/textures/T_wallfinish_roof_w01_roughness.png' at thread -1
Loading resource: res://assets/building/textures/T_wallfinish_roof_w01_normal.png remapped: res://assets/building/textures/T_wallfinish_roof_w01_normal.png
Loading resource: res://.godot/imported/T_wallfinish_roof_w01_normal.png-930546d44d8f9b9abadb659fbfd148a8.ctex remapped: res://.godot/imported/T_wallfinish_roof_w01_normal.png-930546d44d8f9b9abadb659fbfd148a8.ctex
Completed load for: 'res://assets/building/textures/T_wallfinish_roof_w01_normal.png' remapped 'res://assets/building/textures/T_wallfinish_roof_w01_normal.png' at thread -1
Loading resource: res://assets/building/textures/T_wallfinish_roof_w02_albedo.png remapped: res://assets/building/textures/T_wallfinish_roof_w02_albedo.png
Loading resource: res://.godot/imported/T_wallfinish_roof_w02_albedo.png-bc58b9806cdd512f8d37ac8af7a26f75.ctex remapped: res://.godot/imported/T_wallfinish_roof_w02_albedo.png-bc58b9806cdd512f8d37ac8af7a26f75.ctex
Completed load for: 'res://assets/building/textures/T_wallfinish_roof_w02_albedo.png' remapped 'res://assets/building/textures/T_wallfinish_roof_w02_albedo.png' at thread -1
Loading resource: res://assets/building/textures/T_wallfinish_roof_w02_roughness.png remapped: res://assets/building/textures/T_wallfinish_roof_w02_roughness.png
Loading resource: res://.godot/imported/T_wallfinish_roof_w02_roughness.png-065f3ef18d765be45f8a4948e97b0dbf.ctex remapped: res://.godot/imported/T_wallfinish_roof_w02_roughness.png-065f3ef18d765be45f8a4948e97b0dbf.ctex
Completed load for: 'res://assets/building/textures/T_wallfinish_roof_w02_roughness.png' remapped 'res://assets/building/textures/T_wallfinish_roof_w02_roughness.png' at thread -1
Loading resource: res://assets/building/textures/T_wallfinish_roof_w02_normal.png remapped: res://assets/building/textures/T_wallfinish_roof_w02_normal.png
Loading resource: res://.godot/imported/T_wallfinish_roof_w02_normal.png-672ce9e0c1baa499edfc244bbfb7e0c7.ctex remapped: res://.godot/imported/T_wallfinish_roof_w02_normal.png-672ce9e0c1baa499edfc244bbfb7e0c7.ctex
Completed load for: 'res://assets/building/textures/T_wallfinish_roof_w02_normal.png' remapped 'res://assets/building/textures/T_wallfinish_roof_w02_normal.png' at thread -1
Loading resource: res://assets/building/textures/T_wallfinish_roof_w03_albedo.png remapped: res://assets/building/textures/T_wallfinish_roof_w03_albedo.png
Loading resource: res://.godot/imported/T_wallfinish_roof_w03_albedo.png-917b631d70276b8661dfaededfe74419.ctex remapped: res://.godot/imported/T_wallfinish_roof_w03_albedo.png-917b631d70276b8661dfaededfe74419.ctex
Completed load for: 'res://assets/building/textures/T_wallfinish_roof_w03_albedo.png' remapped 'res://assets/building/textures/T_wallfinish_roof_w03_albedo.png' at thread -1
Loading resource: res://assets/building/textures/T_wallfinish_roof_w03_roughness.png remapped: res://assets/building/textures/T_wallfinish_roof_w03_roughness.png
Loading resource: res://.godot/imported/T_wallfinish_roof_w03_roughness.png-017b0d201d844747dc4945d8244fd04a.ctex remapped: res://.godot/imported/T_wallfinish_roof_w03_roughness.png-017b0d201d844747dc4945d8244fd04a.ctex
Completed load for: 'res://assets/building/textures/T_wallfinish_roof_w03_roughness.png' remapped 'res://assets/building/textures/T_wallfinish_roof_w03_roughness.png' at thread -1
Loading resource: res://assets/building/textures/T_wallfinish_roof_w03_normal.png remapped: res://assets/building/textures/T_wallfinish_roof_w03_normal.png
Loading resource: res://.godot/imported/T_wallfinish_roof_w03_normal.png-d9e29cad27c89c66361e2ac67cae2825.ctex remapped: res://.godot/imported/T_wallfinish_roof_w03_normal.png-d9e29cad27c89c66361e2ac67cae2825.ctex
Completed load for: 'res://assets/building/textures/T_wallfinish_roof_w03_normal.png' remapped 'res://assets/building/textures/T_wallfinish_roof_w03_normal.png' at thread -1
Loading resource: res://assets/building/textures/T_wallfinish_roof_w04_albedo.png remapped: res://assets/building/textures/T_wallfinish_roof_w04_albedo.png
Loading resource: res://.godot/imported/T_wallfinish_roof_w04_albedo.png-c72c163ad42f1a6c0455499497c76bdf.ctex remapped: res://.godot/imported/T_wallfinish_roof_w04_albedo.png-c72c163ad42f1a6c0455499497c76bdf.ctex
Completed load for: 'res://assets/building/textures/T_wallfinish_roof_w04_albedo.png' remapped 'res://assets/building/textures/T_wallfinish_roof_w04_albedo.png' at thread -1
Loading resource: res://assets/building/textures/T_wallfinish_roof_w04_roughness.png remapped: res://assets/building/textures/T_wallfinish_roof_w04_roughness.png
Loading resource: res://.godot/imported/T_wallfinish_roof_w04_roughness.png-53855797f3388f26bd51d4171771e85a.ctex remapped: res://.godot/imported/T_wallfinish_roof_w04_roughness.png-53855797f3388f26bd51d4171771e85a.ctex
Completed load for: 'res://assets/building/textures/T_wallfinish_roof_w04_roughness.png' remapped 'res://assets/building/textures/T_wallfinish_roof_w04_roughness.png' at thread -1
Loading resource: res://assets/building/textures/T_wallfinish_roof_w04_normal.png remapped: res://assets/building/textures/T_wallfinish_roof_w04_normal.png
Loading resource: res://.godot/imported/T_wallfinish_roof_w04_normal.png-b6ac2c477c061b8e856b20fa33f59c8e.ctex remapped: res://.godot/imported/T_wallfinish_roof_w04_normal.png-b6ac2c477c061b8e856b20fa33f59c8e.ctex
Completed load for: 'res://assets/building/textures/T_wallfinish_roof_w04_normal.png' remapped 'res://assets/building/textures/T_wallfinish_roof_w04_normal.png' at thread -1
Loading resource: res://assets/building/textures/T_ai_materials_char_d_albedo.png remapped: res://assets/building/textures/T_ai_materials_char_d_albedo.png
Loading resource: res://.godot/imported/T_ai_materials_char_d_albedo.png-e05df8041727eb46adf4a16e83d3e47f.ctex remapped: res://.godot/imported/T_ai_materials_char_d_albedo.png-e05df8041727eb46adf4a16e83d3e47f.ctex
Completed load for: 'res://assets/building/textures/T_ai_materials_char_d_albedo.png' remapped 'res://assets/building/textures/T_ai_materials_char_d_albedo.png' at thread -1
Loading resource: res://assets/building/textures/T_ai_materials_char_d_rough.png remapped: res://assets/building/textures/T_ai_materials_char_d_rough.png
Loading resource: res://.godot/imported/T_ai_materials_char_d_rough.png-b306d2c1ff796760105ec5d920fc79aa.ctex remapped: res://.godot/imported/T_ai_materials_char_d_rough.png-b306d2c1ff796760105ec5d920fc79aa.ctex
Completed load for: 'res://assets/building/textures/T_ai_materials_char_d_rough.png' remapped 'res://assets/building/textures/T_ai_materials_char_d_rough.png' at thread -1
Loading resource: res://assets/building/textures/T_ai_materials_char_d_normal.png remapped: res://assets/building/textures/T_ai_materials_char_d_normal.png
Loading resource: res://.godot/imported/T_ai_materials_char_d_normal.png-dd74f744a6c1ca505d1b9a8e8289d75e.ctex remapped: res://.godot/imported/T_ai_materials_char_d_normal.png-dd74f744a6c1ca505d1b9a8e8289d75e.ctex
Completed load for: 'res://assets/building/textures/T_ai_materials_char_d_normal.png' remapped 'res://assets/building/textures/T_ai_materials_char_d_normal.png' at thread -1
Loading resource: res://assets/building/textures/T_ai_materials_brick_b_albedo.png remapped: res://assets/building/textures/T_ai_materials_brick_b_albedo.png
Loading resource: res://.godot/imported/T_ai_materials_brick_b_albedo.png-f2afa5d3c0d37e7111048edec4f8f0c8.ctex remapped: res://.godot/imported/T_ai_materials_brick_b_albedo.png-f2afa5d3c0d37e7111048edec4f8f0c8.ctex
Completed load for: 'res://assets/building/textures/T_ai_materials_brick_b_albedo.png' remapped 'res://assets/building/textures/T_ai_materials_brick_b_albedo.png' at thread -1
Loading resource: res://assets/building/textures/T_ai_materials_brick_b_rough.png remapped: res://assets/building/textures/T_ai_materials_brick_b_rough.png
Loading resource: res://.godot/imported/T_ai_materials_brick_b_rough.png-1ecc5ff5d9bd71dfa01f351c0ca62426.ctex remapped: res://.godot/imported/T_ai_materials_brick_b_rough.png-1ecc5ff5d9bd71dfa01f351c0ca62426.ctex
Completed load for: 'res://assets/building/textures/T_ai_materials_brick_b_rough.png' remapped 'res://assets/building/textures/T_ai_materials_brick_b_rough.png' at thread -1
Loading resource: res://assets/building/textures/T_ai_materials_brick_b_normal.png remapped: res://assets/building/textures/T_ai_materials_brick_b_normal.png
Loading resource: res://.godot/imported/T_ai_materials_brick_b_normal.png-b8974c2aece1b8c96ff7382544b4cb45.ctex remapped: res://.godot/imported/T_ai_materials_brick_b_normal.png-b8974c2aece1b8c96ff7382544b4cb45.ctex
Completed load for: 'res://assets/building/textures/T_ai_materials_brick_b_normal.png' remapped 'res://assets/building/textures/T_ai_materials_brick_b_normal.png' at thread -1
Completed load for: 'res://assets/building/roof.gltf' remapped 'res://assets/building/roof.gltf' at thread -1
[PASSAGE] 304 interior, 20 shell and 186 foreign F01 draws indexed
Shader cache miss for SceneForwardClusteredShaderRD/069fad9662d1c110a7284347f6822a7ae0bb9be399f57215e33231e68a6e4692/e00eb7713e31510a72f6374c30718fe108c8d108
Loading resource: res://assets/building/textures/T_library_furniture_linen_albedo.png remapped: res://assets/building/textures/T_library_furniture_linen_albedo.png
Loading resource: res://.godot/imported/T_library_furniture_linen_albedo.png-5db9f5a1934f31d2b298659aee188e18.ctex remapped: res://.godot/imported/T_library_furniture_linen_albedo.png-5db9f5a1934f31d2b298659aee188e18.ctex
Completed load for: 'res://assets/building/textures/T_library_furniture_linen_albedo.png' remapped 'res://assets/building/textures/T_library_furniture_linen_albedo.png' at thread -1
Loading resource: res://assets/building/textures/T_library_furniture_linen_rough.png remapped: res://assets/building/textures/T_library_furniture_linen_rough.png
Loading resource: res://.godot/imported/T_library_furniture_linen_rough.png-78935a8eb3b841d9708cb704d43364ff.ctex remapped: res://.godot/imported/T_library_furniture_linen_rough.png-78935a8eb3b841d9708cb704d43364ff.ctex
Completed load for: 'res://assets/building/textures/T_library_furniture_linen_rough.png' remapped 'res://assets/building/textures/T_library_furniture_linen_rough.png' at thread -1
Loading resource: res://assets/building/textures/T_library_furniture_linen_normal.png remapped: res://assets/building/textures/T_library_furniture_linen_normal.png
Loading resource: res://.godot/imported/T_library_furniture_linen_normal.png-af81f5ff4c6ed27e88a7a06666829584.ctex remapped: res://.godot/imported/T_library_furniture_linen_normal.png-af81f5ff4c6ed27e88a7a06666829584.ctex
Completed load for: 'res://assets/building/textures/T_library_furniture_linen_normal.png' remapped 'res://assets/building/textures/T_library_furniture_linen_normal.png' at thread -1
[VANTRY] 119 points, 7 floor batches, 3 static draws/floor
Loading resource: res://assets/building/textures/height/tin_ceiling.png remapped: res://assets/building/textures/height/tin_ceiling.png
Loading resource: res://.godot/imported/tin_ceiling.png-e06034a5de3846dc3bed7078819b9089.ctex remapped: res://.godot/imported/tin_ceiling.png-e06034a5de3846dc3bed7078819b9089.ctex
Completed load for: 'res://assets/building/textures/height/tin_ceiling.png' remapped 'res://assets/building/textures/height/tin_ceiling.png' at thread -1
Loading resource: res://assets/building/textures/height/concrete.png remapped: res://assets/building/textures/height/concrete.png
Loading resource: res://.godot/imported/concrete.png-d03beb603cf4c789c8481b2bdbacaca4.ctex remapped: res://.godot/imported/concrete.png-d03beb603cf4c789c8481b2bdbacaca4.ctex
Completed load for: 'res://assets/building/textures/height/concrete.png' remapped 'res://assets/building/textures/height/concrete.png' at thread -1
Loading resource: res://assets/building/textures/height/terrazzo.png remapped: res://assets/building/textures/height/terrazzo.png
Loading resource: res://.godot/imported/terrazzo.png-1e2fcef66f2cab3c0aba6dd704116bf0.ctex remapped: res://.godot/imported/terrazzo.png-1e2fcef66f2cab3c0aba6dd704116bf0.ctex
Completed load for: 'res://assets/building/textures/height/terrazzo.png' remapped 'res://assets/building/textures/height/terrazzo.png' at thread -1
Loading resource: res://assets/building/textures/height/ceramic.png remapped: res://assets/building/textures/height/ceramic.png
Loading resource: res://.godot/imported/ceramic.png-7eee840f5699cc8ec7b9f1cbf3469156.ctex remapped: res://.godot/imported/ceramic.png-7eee840f5699cc8ec7b9f1cbf3469156.ctex
Completed load for: 'res://assets/building/textures/height/ceramic.png' remapped 'res://assets/building/textures/height/ceramic.png' at thread -1
Loading resource: res://assets/building/textures/height/floor_oak.png remapped: res://assets/building/textures/height/floor_oak.png
Loading resource: res://.godot/imported/floor_oak.png-554356c92efe0e202fbde0005c6132f3.ctex remapped: res://.godot/imported/floor_oak.png-554356c92efe0e202fbde0005c6132f3.ctex
Completed load for: 'res://assets/building/textures/height/floor_oak.png' remapped 'res://assets/building/textures/height/floor_oak.png' at thread -1
Loading resource: res://assets/building/textures/height/common_brick.png remapped: res://assets/building/textures/height/common_brick.png
Loading resource: res://.godot/imported/common_brick.png-556c90e0ba7beaabe57de376cc46caa8.ctex remapped: res://.godot/imported/common_brick.png-556c90e0ba7beaabe57de376cc46caa8.ctex
Completed load for: 'res://assets/building/textures/height/common_brick.png' remapped 'res://assets/building/textures/height/common_brick.png' at thread -1
Loading resource: res://assets/building/textures/height/slab.png remapped: res://assets/building/textures/height/slab.png
Loading resource: res://.godot/imported/slab.png-94c788ab8581124b6ec0453d18e10b9c.ctex remapped: res://.godot/imported/slab.png-94c788ab8581124b6ec0453d18e10b9c.ctex
Completed load for: 'res://assets/building/textures/height/slab.png' remapped 'res://assets/building/textures/height/slab.png' at thread -1
Loading resource: res://assets/building/textures/height/stair.png remapped: res://assets/building/textures/height/stair.png
Loading resource: res://.godot/imported/stair.png-0c1da915b51449697dcae256924f36ca.ctex remapped: res://.godot/imported/stair.png-0c1da915b51449697dcae256924f36ca.ctex
Completed load for: 'res://assets/building/textures/height/stair.png' remapped 'res://assets/building/textures/height/stair.png' at thread -1
Loading resource: res://assets/building/textures/height/landing.png remapped: res://assets/building/textures/height/landing.png
Loading resource: res://.godot/imported/landing.png-84ce3d6a19c492d5bb5a608cfdcac36f.ctex remapped: res://.godot/imported/landing.png-84ce3d6a19c492d5bb5a608cfdcac36f.ctex
Completed load for: 'res://assets/building/textures/height/landing.png' remapped 'res://assets/building/textures/height/landing.png' at thread -1
Loading resource: res://assets/building/textures/height/limestone.png remapped: res://assets/building/textures/height/limestone.png
Loading resource: res://.godot/imported/limestone.png-0e1dfa90d28519e8147140b5725d4a64.ctex remapped: res://.godot/imported/limestone.png-0e1dfa90d28519e8147140b5725d4a64.ctex
Completed load for: 'res://assets/building/textures/height/limestone.png' remapped 'res://assets/building/textures/height/limestone.png' at thread -1
Loading resource: res://assets/building/textures/height/wainscot.png remapped: res://assets/building/textures/height/wainscot.png
Loading resource: res://.godot/imported/wainscot.png-6560206ee8ff7f45c55cb48bac432d96.ctex remapped: res://.godot/imported/wainscot.png-6560206ee8ff7f45c55cb48bac432d96.ctex
Completed load for: 'res://assets/building/textures/height/wainscot.png' remapped 'res://assets/building/textures/height/wainscot.png' at thread -1
Loading resource: res://assets/building/textures/height/face_brick.png remapped: res://assets/building/textures/height/face_brick.png
Loading resource: res://.godot/imported/face_brick.png-031a9c2890c5e442e2dd727a841f305d.ctex remapped: res://.godot/imported/face_brick.png-031a9c2890c5e442e2dd727a841f305d.ctex
Completed load for: 'res://assets/building/textures/height/face_brick.png' remapped 'res://assets/building/textures/height/face_brick.png' at thread -1
Loading resource: res://assets/building/textures/height/subway_tile.png remapped: res://assets/building/textures/height/subway_tile.png
Loading resource: res://.godot/imported/subway_tile.png-57496c1588a8e642f306cffc4ee9510a.ctex remapped: res://.godot/imported/subway_tile.png-57496c1588a8e642f306cffc4ee9510a.ctex
Completed load for: 'res://assets/building/textures/height/subway_tile.png' remapped 'res://assets/building/textures/height/subway_tile.png' at thread -1
Loading resource: res://assets/building/textures/height/cast_iron.png remapped: res://assets/building/textures/height/cast_iron.png
Loading resource: res://.godot/imported/cast_iron.png-ed382e639deab6973a869db66732f5dd.ctex remapped: res://.godot/imported/cast_iron.png-ed382e639deab6973a869db66732f5dd.ctex
Completed load for: 'res://assets/building/textures/height/cast_iron.png' remapped 'res://assets/building/textures/height/cast_iron.png' at thread -1
[HEIGHTMAP] 39 materials given parallax, 527 left flat
Shader cache miss for SceneForwardClusteredShaderRD/069fad9662d1c110a7284347f6822a7ae0bb9be399f57215e33231e68a6e4692/f73dc8bf120c3fb9f5d5594314c8ce39542729e1
Shader cache miss for SceneForwardClusteredShaderRD/069fad9662d1c110a7284347f6822a7ae0bb9be399f57215e33231e68a6e4692/9a29e2b057ac41424fad77f423ecc5896455d1b8
Loading resource: res://assets/building/textures/masks/wall_age.png remapped: res://assets/building/textures/masks/wall_age.png
Loading resource: res://.godot/imported/wall_age.png-18d1b3e97b16a92dbfc21ae12a3a5c1a.ctex remapped: res://.godot/imported/wall_age.png-18d1b3e97b16a92dbfc21ae12a3a5c1a.ctex
Completed load for: 'res://assets/building/textures/masks/wall_age.png' remapped 'res://assets/building/textures/masks/wall_age.png' at thread -1
Loading resource: res://assets/building/textures/height/timber.png remapped: res://assets/building/textures/height/timber.png
Loading resource: res://.godot/imported/timber.png-fd54abf985baacadff65d8026229367d.ctex remapped: res://.godot/imported/timber.png-fd54abf985baacadff65d8026229367d.ctex
Completed load for: 'res://assets/building/textures/height/timber.png' remapped 'res://assets/building/textures/height/timber.png' at thread -1
Loading resource: res://assets/building/textures/height/trim.png remapped: res://assets/building/textures/height/trim.png
Loading resource: res://.godot/imported/trim.png-7677eb61da2a435ed61c463f0829460d.ctex remapped: res://.godot/imported/trim.png-7677eb61da2a435ed61c463f0829460d.ctex
Completed load for: 'res://assets/building/textures/height/trim.png' remapped 'res://assets/building/textures/height/trim.png' at thread -1
Loading resource: res://assets/building/textures/height/stair_treads.png remapped: res://assets/building/textures/height/stair_treads.png
Loading resource: res://.godot/imported/stair_treads.png-23efc98c292798eefc7ca7a5c288df16.ctex remapped: res://.godot/imported/stair_treads.png-23efc98c292798eefc7ca7a5c288df16.ctex
Completed load for: 'res://assets/building/textures/height/stair_treads.png' remapped 'res://assets/building/textures/height/stair_treads.png' at thread -1
Loading resource: res://assets/building/textures/height/tin_ceiling_b.png remapped: res://assets/building/textures/height/tin_ceiling_b.png
Loading resource: res://.godot/imported/tin_ceiling_b.png-2329c1c53a5ee560e0441488093a18b6.ctex remapped: res://.godot/imported/tin_ceiling_b.png-2329c1c53a5ee560e0441488093a18b6.ctex
Completed load for: 'res://assets/building/textures/height/tin_ceiling_b.png' remapped 'res://assets/building/textures/height/tin_ceiling_b.png' at thread -1
Loading resource: res://assets/building/textures/height/ceramic_b.png remapped: res://assets/building/textures/height/ceramic_b.png
Loading resource: res://.godot/imported/ceramic_b.png-e75c5cfd78c3c5d7112d702bd15248a0.ctex remapped: res://.godot/imported/ceramic_b.png-e75c5cfd78c3c5d7112d702bd15248a0.ctex
Completed load for: 'res://assets/building/textures/height/ceramic_b.png' remapped 'res://assets/building/textures/height/ceramic_b.png' at thread -1
Loading resource: res://assets/building/textures/height/concrete_b.png remapped: res://assets/building/textures/height/concrete_b.png
Loading resource: res://.godot/imported/concrete_b.png-c752575018edc915092f624e004e488c.ctex remapped: res://.godot/imported/concrete_b.png-c752575018edc915092f624e004e488c.ctex
Completed load for: 'res://assets/building/textures/height/concrete_b.png' remapped 'res://assets/building/textures/height/concrete_b.png' at thread -1
Loading resource: res://assets/building/textures/height/floor_oak_b.png remapped: res://assets/building/textures/height/floor_oak_b.png
Loading resource: res://.godot/imported/floor_oak_b.png-5ef31be5a9cdcc14c554b4e57827be9d.ctex remapped: res://.godot/imported/floor_oak_b.png-5ef31be5a9cdcc14c554b4e57827be9d.ctex
Completed load for: 'res://assets/building/textures/height/floor_oak_b.png' remapped 'res://assets/building/textures/height/floor_oak_b.png' at thread -1
Loading resource: res://assets/building/textures/height/terrazzo_b.png remapped: res://assets/building/textures/height/terrazzo_b.png
Loading resource: res://.godot/imported/terrazzo_b.png-d82639020ec31ab13338440aa479b147.ctex remapped: res://.godot/imported/terrazzo_b.png-d82639020ec31ab13338440aa479b147.ctex
Completed load for: 'res://assets/building/textures/height/terrazzo_b.png' remapped 'res://assets/building/textures/height/terrazzo_b.png' at thread -1
Loading resource: res://assets/building/textures/height/cast_iron_b.png remapped: res://assets/building/textures/height/cast_iron_b.png
Loading resource: res://.godot/imported/cast_iron_b.png-3040b3d070c299eaa01681525772afd0.ctex remapped: res://.godot/imported/cast_iron_b.png-3040b3d070c299eaa01681525772afd0.ctex
Completed load for: 'res://assets/building/textures/height/cast_iron_b.png' remapped 'res://assets/building/textures/height/cast_iron_b.png' at thread -1
Loading resource: res://assets/building/textures/height/plywood_b.png remapped: res://assets/building/textures/height/plywood_b.png
Loading resource: res://.godot/imported/plywood_b.png-e9a3dbadc6813df4bdb0ddf10369ffe9.ctex remapped: res://.godot/imported/plywood_b.png-e9a3dbadc6813df4bdb0ddf10369ffe9.ctex
Completed load for: 'res://assets/building/textures/height/plywood_b.png' remapped 'res://assets/building/textures/height/plywood_b.png' at thread -1
Loading resource: res://assets/building/textures/height/timber_b.png remapped: res://assets/building/textures/height/timber_b.png
Loading resource: res://.godot/imported/timber_b.png-bdfa325145db0b566ec0055354ae15bf.ctex remapped: res://.godot/imported/timber_b.png-bdfa325145db0b566ec0055354ae15bf.ctex
Completed load for: 'res://assets/building/textures/height/timber_b.png' remapped 'res://assets/building/textures/height/timber_b.png' at thread -1
Loading resource: res://assets/building/textures/height/trim_b.png remapped: res://assets/building/textures/height/trim_b.png
Loading resource: res://.godot/imported/trim_b.png-ccfa895ed31a0fabe6239c8f71ce1f26.ctex remapped: res://.godot/imported/trim_b.png-ccfa895ed31a0fabe6239c8f71ce1f26.ctex
Completed load for: 'res://assets/building/textures/height/trim_b.png' remapped 'res://assets/building/textures/height/trim_b.png' at thread -1
Loading resource: res://assets/building/textures/height/asphalt_b.png remapped: res://assets/building/textures/height/asphalt_b.png
Loading resource: res://.godot/imported/asphalt_b.png-e6bb90cb86411ca91060f994b1b6e3a5.ctex remapped: res://.godot/imported/asphalt_b.png-e6bb90cb86411ca91060f994b1b6e3a5.ctex
Completed load for: 'res://assets/building/textures/height/asphalt_b.png' remapped 'res://assets/building/textures/height/asphalt_b.png' at thread -1
Loading resource: res://assets/building/textures/height/brick_patched_b.png remapped: res://assets/building/textures/height/brick_patched_b.png
Loading resource: res://.godot/imported/brick_patched_b.png-f6518b333a17cb1e39f7a6f86891bc94.ctex remapped: res://.godot/imported/brick_patched_b.png-f6518b333a17cb1e39f7a6f86891bc94.ctex
Completed load for: 'res://assets/building/textures/height/brick_patched_b.png' remapped 'res://assets/building/textures/height/brick_patched_b.png' at thread -1
Loading resource: res://assets/building/textures/height/common_brick_b.png remapped: res://assets/building/textures/height/common_brick_b.png
Loading resource: res://.godot/imported/common_brick_b.png-5ab7100b204e54d07a0e273a6f8d169b.ctex remapped: res://.godot/imported/common_brick_b.png-5ab7100b204e54d07a0e273a6f8d169b.ctex
Completed load for: 'res://assets/building/textures/height/common_brick_b.png' remapped 'res://assets/building/textures/height/common_brick_b.png' at thread -1
Loading resource: res://assets/building/textures/height/face_brick_b.png remapped: res://assets/building/textures/height/face_brick_b.png
Loading resource: res://.godot/imported/face_brick_b.png-669ae036fc98ded0d2e89ee942061bd9.ctex remapped: res://.godot/imported/face_brick_b.png-669ae036fc98ded0d2e89ee942061bd9.ctex
Completed load for: 'res://assets/building/textures/height/face_brick_b.png' remapped 'res://assets/building/textures/height/face_brick_b.png' at thread -1
Loading resource: res://assets/building/textures/height/limestone_b.png remapped: res://assets/building/textures/height/limestone_b.png
Loading resource: res://.godot/imported/limestone_b.png-d285d624e959feed2aa45691553bcc66.ctex remapped: res://.godot/imported/limestone_b.png-d285d624e959feed2aa45691553bcc66.ctex
Completed load for: 'res://assets/building/textures/height/limestone_b.png' remapped 'res://assets/building/textures/height/limestone_b.png' at thread -1
Loading resource: res://assets/building/textures/height/linoleum_b.png remapped: res://assets/building/textures/height/linoleum_b.png
Loading resource: res://.godot/imported/linoleum_b.png-6d834cb2e3affa086a95802c3753b93c.ctex remapped: res://.godot/imported/linoleum_b.png-6d834cb2e3affa086a95802c3753b93c.ctex
Completed load for: 'res://assets/building/textures/height/linoleum_b.png' remapped 'res://assets/building/textures/height/linoleum_b.png' at thread -1
Loading resource: res://assets/building/textures/height/sidewalk_haunted_b.png remapped: res://assets/building/textures/height/sidewalk_haunted_b.png
Loading resource: res://.godot/imported/sidewalk_haunted_b.png-1836cbb0d9f44703ae617cd0b1bef533.ctex remapped: res://.godot/imported/sidewalk_haunted_b.png-1836cbb0d9f44703ae617cd0b1bef533.ctex
Completed load for: 'res://assets/building/textures/height/sidewalk_haunted_b.png' remapped 'res://assets/building/textures/height/sidewalk_haunted_b.png' at thread -1
Loading resource: res://assets/building/textures/height/wet_asphalt_b.png remapped: res://assets/building/textures/height/wet_asphalt_b.png
Loading resource: res://.godot/imported/wet_asphalt_b.png-c2dc0556521fb64676119cacd549fde0.ctex remapped: res://.godot/imported/wet_asphalt_b.png-c2dc0556521fb64676119cacd549fde0.ctex
Completed load for: 'res://assets/building/textures/height/wet_asphalt_b.png' remapped 'res://assets/building/textures/height/wet_asphalt_b.png' at thread -1
Loading resource: res://assets/building/textures/height/subway_tile_b.png remapped: res://assets/building/textures/height/subway_tile_b.png
Loading resource: res://.godot/imported/subway_tile_b.png-8b610ac7969c6f4f97d57c2d22bd5080.ctex remapped: res://.godot/imported/subway_tile_b.png-8b610ac7969c6f4f97d57c2d22bd5080.ctex
Completed load for: 'res://assets/building/textures/height/subway_tile_b.png' remapped 'res://assets/building/textures/height/subway_tile_b.png' at thread -1
Loading resource: res://assets/building/textures/height/wainscot_b.png remapped: res://assets/building/textures/height/wainscot_b.png
Loading resource: res://.godot/imported/wainscot_b.png-7d8347ee7bea7276adfbd1a496dcf1e6.ctex remapped: res://.godot/imported/wainscot_b.png-7d8347ee7bea7276adfbd1a496dcf1e6.ctex
Completed load for: 'res://assets/building/textures/height/wainscot_b.png' remapped 'res://assets/building/textures/height/wainscot_b.png' at thread -1
Loading resource: res://assets/building/textures/height/marble_lobby_b.png remapped: res://assets/building/textures/height/marble_lobby_b.png
Loading resource: res://.godot/imported/marble_lobby_b.png-888242a3be9460a9fc361944a471ed34.ctex remapped: res://.godot/imported/marble_lobby_b.png-888242a3be9460a9fc361944a471ed34.ctex
Completed load for: 'res://assets/building/textures/height/marble_lobby_b.png' remapped 'res://assets/building/textures/height/marble_lobby_b.png' at thread -1
Loading resource: res://assets/building/textures/height/slab_b.png remapped: res://assets/building/textures/height/slab_b.png
Loading resource: res://.godot/imported/slab_b.png-13840feeffef21e18761f0e67f6612b6.ctex remapped: res://.godot/imported/slab_b.png-13840feeffef21e18761f0e67f6612b6.ctex
Completed load for: 'res://assets/building/textures/height/slab_b.png' remapped 'res://assets/building/textures/height/slab_b.png' at thread -1
Loading resource: res://assets/building/textures/height/stair_b.png remapped: res://assets/building/textures/height/stair_b.png
Loading resource: res://.godot/imported/stair_b.png-7ddf8355f5056fc2d6e078484f92187b.ctex remapped: res://.godot/imported/stair_b.png-7ddf8355f5056fc2d6e078484f92187b.ctex
Completed load for: 'res://assets/building/textures/height/stair_b.png' remapped 'res://assets/building/textures/height/stair_b.png' at thread -1
Loading resource: res://assets/building/textures/height/tin_ceiling_c.png remapped: res://assets/building/textures/height/tin_ceiling_c.png
Loading resource: res://.godot/imported/tin_ceiling_c.png-7a5579e226bd34a90de562600cd4b84f.ctex remapped: res://.godot/imported/tin_ceiling_c.png-7a5579e226bd34a90de562600cd4b84f.ctex
Completed load for: 'res://assets/building/textures/height/tin_ceiling_c.png' remapped 'res://assets/building/textures/height/tin_ceiling_c.png' at thread -1
Loading resource: res://assets/building/textures/height/ceramic_c.png remapped: res://assets/building/textures/height/ceramic_c.png
Loading resource: res://.godot/imported/ceramic_c.png-f081b232258288ab63d590db1decc01c.ctex remapped: res://.godot/imported/ceramic_c.png-f081b232258288ab63d590db1decc01c.ctex
Completed load for: 'res://assets/building/textures/height/ceramic_c.png' remapped 'res://assets/building/textures/height/ceramic_c.png' at thread -1
Loading resource: res://assets/building/textures/height/concrete_c.png remapped: res://assets/building/textures/height/concrete_c.png
Loading resource: res://.godot/imported/concrete_c.png-7c948e7020eb50d94a50ac405bbb777a.ctex remapped: res://.godot/imported/concrete_c.png-7c948e7020eb50d94a50ac405bbb777a.ctex
Completed load for: 'res://assets/building/textures/height/concrete_c.png' remapped 'res://assets/building/textures/height/concrete_c.png' at thread -1
Loading resource: res://assets/building/textures/height/floor_oak_c.png remapped: res://assets/building/textures/height/floor_oak_c.png
Loading resource: res://.godot/imported/floor_oak_c.png-a9f47886d462e3a3d317f721ab788382.ctex remapped: res://.godot/imported/floor_oak_c.png-a9f47886d462e3a3d317f721ab788382.ctex
Completed load for: 'res://assets/building/textures/height/floor_oak_c.png' remapped 'res://assets/building/textures/height/floor_oak_c.png' at thread -1
Loading resource: res://assets/building/textures/height/terrazzo_c.png remapped: res://assets/building/textures/height/terrazzo_c.png
Loading resource: res://.godot/imported/terrazzo_c.png-e5a3771971032d6e502904d573cacf6d.ctex remapped: res://.godot/imported/terrazzo_c.png-e5a3771971032d6e502904d573cacf6d.ctex
Completed load for: 'res://assets/building/textures/height/terrazzo_c.png' remapped 'res://assets/building/textures/height/terrazzo_c.png' at thread -1
Loading resource: res://assets/building/textures/height/plywood_c.png remapped: res://assets/building/textures/height/plywood_c.png
Loading resource: res://.godot/imported/plywood_c.png-a6768b25bd9ed0723c34b1c33557f669.ctex remapped: res://.godot/imported/plywood_c.png-a6768b25bd9ed0723c34b1c33557f669.ctex
Completed load for: 'res://assets/building/textures/height/plywood_c.png' remapped 'res://assets/building/textures/height/plywood_c.png' at thread -1
Loading resource: res://assets/building/textures/height/timber_c.png remapped: res://assets/building/textures/height/timber_c.png
Loading resource: res://.godot/imported/timber_c.png-0b1017178ada22106bc74945a62dbd3b.ctex remapped: res://.godot/imported/timber_c.png-0b1017178ada22106bc74945a62dbd3b.ctex
Completed load for: 'res://assets/building/textures/height/timber_c.png' remapped 'res://assets/building/textures/height/timber_c.png' at thread -1
Loading resource: res://assets/building/textures/height/trim_c.png remapped: res://assets/building/textures/height/trim_c.png
Loading resource: res://.godot/imported/trim_c.png-6289f71524c67a4eea9091e924a3bbd7.ctex remapped: res://.godot/imported/trim_c.png-6289f71524c67a4eea9091e924a3bbd7.ctex
Completed load for: 'res://assets/building/textures/height/trim_c.png' remapped 'res://assets/building/textures/height/trim_c.png' at thread -1
Loading resource: res://assets/building/textures/height/cast_iron_c.png remapped: res://assets/building/textures/height/cast_iron_c.png
Loading resource: res://.godot/imported/cast_iron_c.png-c03434cf2467b684dcdd89cdf4bfc2d8.ctex remapped: res://.godot/imported/cast_iron_c.png-c03434cf2467b684dcdd89cdf4bfc2d8.ctex
Completed load for: 'res://assets/building/textures/height/cast_iron_c.png' remapped 'res://assets/building/textures/height/cast_iron_c.png' at thread -1
Loading resource: res://assets/building/textures/height/linoleum_c.png remapped: res://assets/building/textures/height/linoleum_c.png
Loading resource: res://.godot/imported/linoleum_c.png-3b1e901f690e208df75d0b9062070a6a.ctex remapped: res://.godot/imported/linoleum_c.png-3b1e901f690e208df75d0b9062070a6a.ctex
Completed load for: 'res://assets/building/textures/height/linoleum_c.png' remapped 'res://assets/building/textures/height/linoleum_c.png' at thread -1
Loading resource: res://assets/building/textures/height/slab_c.png remapped: res://assets/building/textures/height/slab_c.png
Loading resource: res://.godot/imported/slab_c.png-73aab7f16be1a4ec564b776f3b9c5c7e.ctex remapped: res://.godot/imported/slab_c.png-73aab7f16be1a4ec564b776f3b9c5c7e.ctex
Completed load for: 'res://assets/building/textures/height/slab_c.png' remapped 'res://assets/building/textures/height/slab_c.png' at thread -1
Loading resource: res://assets/building/textures/height/stair_c.png remapped: res://assets/building/textures/height/stair_c.png
Loading resource: res://.godot/imported/stair_c.png-398280692efab7a1df0170419652121c.ctex remapped: res://.godot/imported/stair_c.png-398280692efab7a1df0170419652121c.ctex
Completed load for: 'res://assets/building/textures/height/stair_c.png' remapped 'res://assets/building/textures/height/stair_c.png' at thread -1
Loading resource: res://assets/building/textures/height/limestone_c.png remapped: res://assets/building/textures/height/limestone_c.png
Loading resource: res://.godot/imported/limestone_c.png-a49c527d366ba1f3e781b725df778ed1.ctex remapped: res://.godot/imported/limestone_c.png-a49c527d366ba1f3e781b725df778ed1.ctex
Completed load for: 'res://assets/building/textures/height/limestone_c.png' remapped 'res://assets/building/textures/height/limestone_c.png' at thread -1
Loading resource: res://assets/building/textures/height/subway_tile_c.png remapped: res://assets/building/textures/height/subway_tile_c.png
Loading resource: res://.godot/imported/subway_tile_c.png-50c5cc4f2aafb886e9d6325cf62e1805.ctex remapped: res://.godot/imported/subway_tile_c.png-50c5cc4f2aafb886e9d6325cf62e1805.ctex
Completed load for: 'res://assets/building/textures/height/subway_tile_c.png' remapped 'res://assets/building/textures/height/subway_tile_c.png' at thread -1
Loading resource: res://assets/building/textures/height/wainscot_c.png remapped: res://assets/building/textures/height/wainscot_c.png
Loading resource: res://.godot/imported/wainscot_c.png-75fd9d6a649f29b7d035b77f73571f27.ctex remapped: res://.godot/imported/wainscot_c.png-75fd9d6a649f29b7d035b77f73571f27.ctex
Completed load for: 'res://assets/building/textures/height/wainscot_c.png' remapped 'res://assets/building/textures/height/wainscot_c.png' at thread -1
Loading resource: res://assets/building/textures/height/common_brick_c.png remapped: res://assets/building/textures/height/common_brick_c.png
Loading resource: res://.godot/imported/common_brick_c.png-7f150d2b19978e76cab68f63dab2a9b6.ctex remapped: res://.godot/imported/common_brick_c.png-7f150d2b19978e76cab68f63dab2a9b6.ctex
Completed load for: 'res://assets/building/textures/height/common_brick_c.png' remapped 'res://assets/building/textures/height/common_brick_c.png' at thread -1
Loading resource: res://assets/building/textures/height/face_brick_c.png remapped: res://assets/building/textures/height/face_brick_c.png
Loading resource: res://.godot/imported/face_brick_c.png-88f25fe116be807c7c4ef60688c1617c.ctex remapped: res://.godot/imported/face_brick_c.png-88f25fe116be807c7c4ef60688c1617c.ctex
Completed load for: 'res://assets/building/textures/height/face_brick_c.png' remapped 'res://assets/building/textures/height/face_brick_c.png' at thread -1
Loading resource: res://assets/building/textures/height/tin_ceiling_d.png remapped: res://assets/building/textures/height/tin_ceiling_d.png
Loading resource: res://.godot/imported/tin_ceiling_d.png-c45a3b6159208a1324f44538f971cb5c.ctex remapped: res://.godot/imported/tin_ceiling_d.png-c45a3b6159208a1324f44538f971cb5c.ctex
Completed load for: 'res://assets/building/textures/height/tin_ceiling_d.png' remapped 'res://assets/building/textures/height/tin_ceiling_d.png' at thread -1
Loading resource: res://assets/building/textures/height/concrete_d.png remapped: res://assets/building/textures/height/concrete_d.png
Loading resource: res://.godot/imported/concrete_d.png-0a82fb373d10ecb5e17250c41fcc7219.ctex remapped: res://.godot/imported/concrete_d.png-0a82fb373d10ecb5e17250c41fcc7219.ctex
Completed load for: 'res://assets/building/textures/height/concrete_d.png' remapped 'res://assets/building/textures/height/concrete_d.png' at thread -1
Loading resource: res://assets/building/textures/height/terrazzo_d.png remapped: res://assets/building/textures/height/terrazzo_d.png
Loading resource: res://.godot/imported/terrazzo_d.png-3faf24eded6931c5926141745de33da4.ctex remapped: res://.godot/imported/terrazzo_d.png-3faf24eded6931c5926141745de33da4.ctex
Completed load for: 'res://assets/building/textures/height/terrazzo_d.png' remapped 'res://assets/building/textures/height/terrazzo_d.png' at thread -1
Loading resource: res://assets/building/textures/height/plywood_d.png remapped: res://assets/building/textures/height/plywood_d.png
Loading resource: res://.godot/imported/plywood_d.png-fca0a46916e8f99f4ff2881d18286f32.ctex remapped: res://.godot/imported/plywood_d.png-fca0a46916e8f99f4ff2881d18286f32.ctex
Completed load for: 'res://assets/building/textures/height/plywood_d.png' remapped 'res://assets/building/textures/height/plywood_d.png' at thread -1
Loading resource: res://assets/building/textures/height/cast_iron_d.png remapped: res://assets/building/textures/height/cast_iron_d.png
Loading resource: res://.godot/imported/cast_iron_d.png-2f58f7ba43e4cc1974a76a889001d687.ctex remapped: res://.godot/imported/cast_iron_d.png-2f58f7ba43e4cc1974a76a889001d687.ctex
Completed load for: 'res://assets/building/textures/height/cast_iron_d.png' remapped 'res://assets/building/textures/height/cast_iron_d.png' at thread -1
Loading resource: res://assets/building/textures/height/linoleum.png remapped: res://assets/building/textures/height/linoleum.png
Loading resource: res://.godot/imported/linoleum.png-6abbf16cabe0a213aa707b3e4e8433bd.ctex remapped: res://.godot/imported/linoleum.png-6abbf16cabe0a213aa707b3e4e8433bd.ctex
Completed load for: 'res://assets/building/textures/height/linoleum.png' remapped 'res://assets/building/textures/height/linoleum.png' at thread -1
Loading resource: res://assets/building/textures/height/slab_d.png remapped: res://assets/building/textures/height/slab_d.png
Loading resource: res://.godot/imported/slab_d.png-52c037d5dad423ee3e81cd50f86750b7.ctex remapped: res://.godot/imported/slab_d.png-52c037d5dad423ee3e81cd50f86750b7.ctex
Completed load for: 'res://assets/building/textures/height/slab_d.png' remapped 'res://assets/building/textures/height/slab_d.png' at thread -1
Loading resource: res://assets/building/textures/height/wainscot_d.png remapped: res://assets/building/textures/height/wainscot_d.png
Loading resource: res://.godot/imported/wainscot_d.png-d0b37068f877f5369710c7dd936a1ce8.ctex remapped: res://.godot/imported/wainscot_d.png-d0b37068f877f5369710c7dd936a1ce8.ctex
Completed load for: 'res://assets/building/textures/height/wainscot_d.png' remapped 'res://assets/building/textures/height/wainscot_d.png' at thread -1
Loading resource: res://assets/building/textures/height/brick_b.png remapped: res://assets/building/textures/height/brick_b.png
Loading resource: res://.godot/imported/brick_b.png-e03c33bb662ea1bd043f42872860ff9c.ctex remapped: res://.godot/imported/brick_b.png-e03c33bb662ea1bd043f42872860ff9c.ctex
Completed load for: 'res://assets/building/textures/height/brick_b.png' remapped 'res://assets/building/textures/height/brick_b.png' at thread -1
[SURFACE] 1003 surfaces layered (677 materials)
Loading resource: res://assets/building/textures/story_details/orison_infrastructure_atlas.png remapped: res://assets/building/textures/story_details/orison_infrastructure_atlas.png
Loading resource: res://.godot/imported/orison_infrastructure_atlas.png-dc816f4a9ed2aa3799cbb592d3c24e9b.ctex remapped: res://.godot/imported/orison_infrastructure_atlas.png-dc816f4a9ed2aa3799cbb592d3c24e9b.ctex
Completed load for: 'res://assets/building/textures/story_details/orison_infrastructure_atlas.png' remapped 'res://assets/building/textures/story_details/orison_infrastructure_atlas.png' at thread -1
Shader cache miss for SceneForwardClusteredShaderRD/069fad9662d1c110a7284347f6822a7ae0bb9be399f57215e33231e68a6e4692/a51da970b675d828928ad427d0278427aa448a58
Loading resource: res://assets/building/textures/story_details/orison_infrastructure_atlas.png remapped: res://assets/building/textures/story_details/orison_infrastructure_atlas.png
Loading resource: res://.godot/imported/orison_infrastructure_atlas.png-dc816f4a9ed2aa3799cbb592d3c24e9b.ctex remapped: res://.godot/imported/orison_infrastructure_atlas.png-dc816f4a9ed2aa3799cbb592d3c24e9b.ctex
Completed load for: 'res://assets/building/textures/story_details/orison_infrastructure_atlas.png' remapped 'res://assets/building/textures/story_details/orison_infrastructure_atlas.png' at thread -1
Loading resource: res://assets/building/textures/story_details/orison_infrastructure_atlas.png remapped: res://assets/building/textures/story_details/orison_infrastructure_atlas.png
Loading resource: res://.godot/imported/orison_infrastructure_atlas.png-dc816f4a9ed2aa3799cbb592d3c24e9b.ctex remapped: res://.godot/imported/orison_infrastructure_atlas.png-dc816f4a9ed2aa3799cbb592d3c24e9b.ctex
Completed load for: 'res://assets/building/textures/story_details/orison_infrastructure_atlas.png' remapped 'res://assets/building/textures/story_details/orison_infrastructure_atlas.png' at thread -1
Loading resource: res://assets/building/textures/story_details/orison_infrastructure_atlas.png remapped: res://assets/building/textures/story_details/orison_infrastructure_atlas.png
Loading resource: res://.godot/imported/orison_infrastructure_atlas.png-dc816f4a9ed2aa3799cbb592d3c24e9b.ctex remapped: res://.godot/imported/orison_infrastructure_atlas.png-dc816f4a9ed2aa3799cbb592d3c24e9b.ctex
Completed load for: 'res://assets/building/textures/story_details/orison_infrastructure_atlas.png' remapped 'res://assets/building/textures/story_details/orison_infrastructure_atlas.png' at thread -1
Loading resource: res://assets/building/textures/mailbank/T_mailbank_brass_albedo.png remapped: res://assets/building/textures/mailbank/T_mailbank_brass_albedo.png
Loading resource: res://.godot/imported/T_mailbank_brass_albedo.png-2142dc3953217707fae96d1ab5cdd41d.ctex remapped: res://.godot/imported/T_mailbank_brass_albedo.png-2142dc3953217707fae96d1ab5cdd41d.ctex
Completed load for: 'res://assets/building/textures/mailbank/T_mailbank_brass_albedo.png' remapped 'res://assets/building/textures/mailbank/T_mailbank_brass_albedo.png' at thread -1
Loading resource: res://assets/building/textures/mailbank/T_mailbank_brass_rough.png remapped: res://assets/building/textures/mailbank/T_mailbank_brass_rough.png
Loading resource: res://.godot/imported/T_mailbank_brass_rough.png-d033f41385e15a8726aa7e6e3416e6cd.ctex remapped: res://.godot/imported/T_mailbank_brass_rough.png-d033f41385e15a8726aa7e6e3416e6cd.ctex
Completed load for: 'res://assets/building/textures/mailbank/T_mailbank_brass_rough.png' remapped 'res://assets/building/textures/mailbank/T_mailbank_brass_rough.png' at thread -1
Loading resource: res://assets/building/textures/mailbank/T_mailbank_header.png remapped: res://assets/building/textures/mailbank/T_mailbank_header.png
Loading resource: res://.godot/imported/T_mailbank_header.png-109a1e3b1aa88fa9a6043ad8a67b8bb0.ctex remapped: res://.godot/imported/T_mailbank_header.png-109a1e3b1aa88fa9a6043ad8a67b8bb0.ctex
Completed load for: 'res://assets/building/textures/mailbank/T_mailbank_header.png' remapped 'res://assets/building/textures/mailbank/T_mailbank_header.png' at thread -1
Loading resource: res://assets/building/textures/mailbank/T_mailbank_cards.png remapped: res://assets/building/textures/mailbank/T_mailbank_cards.png
Loading resource: res://.godot/imported/T_mailbank_cards.png-204f4958038d9befcc58fecf0e91adc3.ctex remapped: res://.godot/imported/T_mailbank_cards.png-204f4958038d9befcc58fecf0e91adc3.ctex
Completed load for: 'res://assets/building/textures/mailbank/T_mailbank_cards.png' remapped 'res://assets/building/textures/mailbank/T_mailbank_cards.png' at thread -1
Loading resource: res://assets/audio/freesound/processed/mechanical/metal_tick.ogg remapped: res://assets/audio/freesound/processed/mechanical/metal_tick.ogg
Loading resource: res://.godot/imported/metal_tick.ogg-b1c95a215b3a6ae349163e1f09294533.oggvorbisstr remapped: res://.godot/imported/metal_tick.ogg-b1c95a215b3a6ae349163e1f09294533.oggvorbisstr
Completed load for: 'res://assets/audio/freesound/processed/mechanical/metal_tick.ogg' remapped 'res://assets/audio/freesound/processed/mechanical/metal_tick.ogg' at thread -1
Loading resource: res://assets/audio/freesound/processed/mechanical/building_thud.ogg remapped: res://assets/audio/freesound/processed/mechanical/building_thud.ogg
Loading resource: res://.godot/imported/building_thud.ogg-b432e72d9b9718bff14d9dc0283ae814.oggvorbisstr remapped: res://.godot/imported/building_thud.ogg-b432e72d9b9718bff14d9dc0283ae814.oggvorbisstr
Completed load for: 'res://assets/audio/freesound/processed/mechanical/building_thud.ogg' remapped 'res://assets/audio/freesound/processed/mechanical/building_thud.ogg' at thread -1
Loading resource: res://assets/audio/freesound/processed/mechanical/pipe_knock.ogg remapped: res://assets/audio/freesound/processed/mechanical/pipe_knock.ogg
Loading resource: res://.godot/imported/pipe_knock.ogg-896a926570ba74a7f6738c1157bd70e5.oggvorbisstr remapped: res://.godot/imported/pipe_knock.ogg-896a926570ba74a7f6738c1157bd70e5.oggvorbisstr
Completed load for: 'res://assets/audio/freesound/processed/mechanical/pipe_knock.ogg' remapped 'res://assets/audio/freesound/processed/mechanical/pipe_knock.ogg' at thread -1
Loading resource: res://assets/audio/freesound/processed/mechanical/timber_creak.ogg remapped: res://assets/audio/freesound/processed/mechanical/timber_creak.ogg
Loading resource: res://.godot/imported/timber_creak.ogg-681095ada9a99fb7d42195d25947d161.oggvorbisstr remapped: res://.godot/imported/timber_creak.ogg-681095ada9a99fb7d42195d25947d161.oggvorbisstr
Completed load for: 'res://assets/audio/freesound/processed/mechanical/timber_creak.ogg' remapped 'res://assets/audio/freesound/processed/mechanical/timber_creak.ogg' at thread -1
Loading resource: res://assets/audio/freesound/processed/mechanical/appliance_pop.ogg remapped: res://assets/audio/freesound/processed/mechanical/appliance_pop.ogg
Loading resource: res://.godot/imported/appliance_pop.ogg-4f80c379b9967c5c068128cb15ae7a4d.oggvorbisstr remapped: res://.godot/imported/appliance_pop.ogg-4f80c379b9967c5c068128cb15ae7a4d.oggvorbisstr
Completed load for: 'res://assets/audio/freesound/processed/mechanical/appliance_pop.ogg' remapped 'res://assets/audio/freesound/processed/mechanical/appliance_pop.ogg' at thread -1
Loading resource: res://assets/audio/freesound/processed/events/electric_power_down.wav remapped: res://assets/audio/freesound/processed/events/electric_power_down.wav
Loading resource: res://.godot/imported/electric_power_down.wav-4f22f40a1eb600cb46e54b6909189b97.sample remapped: res://.godot/imported/electric_power_down.wav-4f22f40a1eb600cb46e54b6909189b97.sample
Completed load for: 'res://assets/audio/freesound/processed/events/electric_power_down.wav' remapped 'res://assets/audio/freesound/processed/events/electric_power_down.wav' at thread -1
Loading resource: res://assets/audio/freesound/processed/mechanical/electrical_buzz_loop.ogg remapped: res://assets/audio/freesound/processed/mechanical/electrical_buzz_loop.ogg
Loading resource: res://.godot/imported/electrical_buzz_loop.ogg-50cf698c61aaf69d1302c8822c5b3bb1.oggvorbisstr remapped: res://.godot/imported/electrical_buzz_loop.ogg-50cf698c61aaf69d1302c8822c5b3bb1.oggvorbisstr
Completed load for: 'res://assets/audio/freesound/processed/mechanical/electrical_buzz_loop.ogg' remapped 'res://assets/audio/freesound/processed/mechanical/electrical_buzz_loop.ogg' at thread -1
Loading resource: res://assets/audio/freesound/processed/props/sink_water.ogg remapped: res://assets/audio/freesound/processed/props/sink_water.ogg
Loading resource: res://.godot/imported/sink_water.ogg-196f85c275d260f2b0c1c3d69694c291.oggvorbisstr remapped: res://.godot/imported/sink_water.ogg-196f85c275d260f2b0c1c3d69694c291.oggvorbisstr
Completed load for: 'res://assets/audio/freesound/processed/props/sink_water.ogg' remapped 'res://assets/audio/freesound/processed/props/sink_water.ogg' at thread -1
Loading resource: res://assets/building/textures/story_details/resident_ephemera_atlas.png remapped: res://assets/building/textures/story_details/resident_ephemera_atlas.png
Loading resource: res://.godot/imported/resident_ephemera_atlas.png-72d202df3ffeb94fd04cb3dfe076b2b7.ctex remapped: res://.godot/imported/resident_ephemera_atlas.png-72d202df3ffeb94fd04cb3dfe076b2b7.ctex
Completed load for: 'res://assets/building/textures/story_details/resident_ephemera_atlas.png' remapped 'res://assets/building/textures/story_details/resident_ephemera_atlas.png' at thread -1
Loading resource: res://assets/building/textures/story_details/resident_ephemera_atlas.png remapped: res://assets/building/textures/story_details/resident_ephemera_atlas.png
Loading resource: res://.godot/imported/resident_ephemera_atlas.png-72d202df3ffeb94fd04cb3dfe076b2b7.ctex remapped: res://.godot/imported/resident_ephemera_atlas.png-72d202df3ffeb94fd04cb3dfe076b2b7.ctex
Completed load for: 'res://assets/building/textures/story_details/resident_ephemera_atlas.png' remapped 'res://assets/building/textures/story_details/resident_ephemera_atlas.png' at thread -1
Loading resource: res://assets/building/textures/story_details/resident_ephemera_atlas.png remapped: res://assets/building/textures/story_details/resident_ephemera_atlas.png
Loading resource: res://.godot/imported/resident_ephemera_atlas.png-72d202df3ffeb94fd04cb3dfe076b2b7.ctex remapped: res://.godot/imported/resident_ephemera_atlas.png-72d202df3ffeb94fd04cb3dfe076b2b7.ctex
Completed load for: 'res://assets/building/textures/story_details/resident_ephemera_atlas.png' remapped 'res://assets/building/textures/story_details/resident_ephemera_atlas.png' at thread -1
Loading resource: res://assets/building/textures/story_details/resident_ephemera_atlas.png remapped: res://assets/building/textures/story_details/resident_ephemera_atlas.png
Loading resource: res://.godot/imported/resident_ephemera_atlas.png-72d202df3ffeb94fd04cb3dfe076b2b7.ctex remapped: res://.godot/imported/resident_ephemera_atlas.png-72d202df3ffeb94fd04cb3dfe076b2b7.ctex
Completed load for: 'res://assets/building/textures/story_details/resident_ephemera_atlas.png' remapped 'res://assets/building/textures/story_details/resident_ephemera_atlas.png' at thread -1
[BUILDING] 7 resident stories rehung off a bathroom wall
Loading resource: res://assets/audio/freesound/processed/mechanical/line_murmur_loop.ogg remapped: res://assets/audio/freesound/processed/mechanical/line_murmur_loop.ogg
Loading resource: res://.godot/imported/line_murmur_loop.ogg-58dc2a86d2b9e887623cad7a05a443c3.oggvorbisstr remapped: res://.godot/imported/line_murmur_loop.ogg-58dc2a86d2b9e887623cad7a05a443c3.oggvorbisstr
Completed load for: 'res://assets/audio/freesound/processed/mechanical/line_murmur_loop.ogg' remapped 'res://assets/audio/freesound/processed/mechanical/line_murmur_loop.ogg' at thread -1
[DOMESTIC RADIO] 18 receivers across 18 occupied units; 0 unresolved
Loading resource: res://assets/building/textures/T_library_architectural_painted_trim_albedo.png remapped: res://assets/building/textures/T_library_architectural_painted_trim_albedo.png
Loading resource: res://.godot/imported/T_library_architectural_painted_trim_albedo.png-260947bd5b3183f0a1915453542074b7.ctex remapped: res://.godot/imported/T_library_architectural_painted_trim_albedo.png-260947bd5b3183f0a1915453542074b7.ctex
Completed load for: 'res://assets/building/textures/T_library_architectural_painted_trim_albedo.png' remapped 'res://assets/building/textures/T_library_architectural_painted_trim_albedo.png' at thread -1
Loading resource: res://assets/building/textures/T_library_architectural_painted_trim_rough.png remapped: res://assets/building/textures/T_library_architectural_painted_trim_rough.png
Loading resource: res://.godot/imported/T_library_architectural_painted_trim_rough.png-8a44c0d94b28ed364f174e1d972b73cd.ctex remapped: res://.godot/imported/T_library_architectural_painted_trim_rough.png-8a44c0d94b28ed364f174e1d972b73cd.ctex
Completed load for: 'res://assets/building/textures/T_library_architectural_painted_trim_rough.png' remapped 'res://assets/building/textures/T_library_architectural_painted_trim_rough.png' at thread -1
Loading resource: res://assets/building/textures/T_library_architectural_painted_trim_normal.png remapped: res://assets/building/textures/T_library_architectural_painted_trim_normal.png
Loading resource: res://.godot/imported/T_library_architectural_painted_trim_normal.png-cd6af5e2d5a0b4bf6efd1ca6d9c553ca.ctex remapped: res://.godot/imported/T_library_architectural_painted_trim_normal.png-cd6af5e2d5a0b4bf6efd1ca6d9c553ca.ctex
Completed load for: 'res://assets/building/textures/T_library_architectural_painted_trim_normal.png' remapped 'res://assets/building/textures/T_library_architectural_painted_trim_normal.png' at thread -1
Shader cache miss for SceneForwardClusteredShaderRD/069fad9662d1c110a7284347f6822a7ae0bb9be399f57215e33231e68a6e4692/1c6f17c1e748e816b1b50097eb51b11d06dc66c1
Loading resource: res://assets/building/textures/T_library_appliances_galvanized_metal_worn_metal_albedo.png remapped: res://assets/building/textures/T_library_appliances_galvanized_metal_worn_metal_albedo.png
Loading resource: res://.godot/imported/T_library_appliances_galvanized_metal_worn_metal_albedo.png-0e65725f039934d0e52144a560b63b64.ctex remapped: res://.godot/imported/T_library_appliances_galvanized_metal_worn_metal_albedo.png-0e65725f039934d0e52144a560b63b64.ctex
Completed load for: 'res://assets/building/textures/T_library_appliances_galvanized_metal_worn_metal_albedo.png' remapped 'res://assets/building/textures/T_library_appliances_galvanized_metal_worn_metal_albedo.png' at thread -1
Loading resource: res://assets/building/textures/T_library_appliances_galvanized_metal_worn_metal_rough.png remapped: res://assets/building/textures/T_library_appliances_galvanized_metal_worn_metal_rough.png
Loading resource: res://.godot/imported/T_library_appliances_galvanized_metal_worn_metal_rough.png-3ce7d1a7640581cc5ddd8c689701dd1d.ctex remapped: res://.godot/imported/T_library_appliances_galvanized_metal_worn_metal_rough.png-3ce7d1a7640581cc5ddd8c689701dd1d.ctex
Completed load for: 'res://assets/building/textures/T_library_appliances_galvanized_metal_worn_metal_rough.png' remapped 'res://assets/building/textures/T_library_appliances_galvanized_metal_worn_metal_rough.png' at thread -1
Loading resource: res://assets/building/textures/T_library_appliances_galvanized_metal_normal.png remapped: res://assets/building/textures/T_library_appliances_galvanized_metal_normal.png
Loading resource: res://.godot/imported/T_library_appliances_galvanized_metal_normal.png-304b9a3634b3ee78f216e936acaadb71.ctex remapped: res://.godot/imported/T_library_appliances_galvanized_metal_normal.png-304b9a3634b3ee78f216e936acaadb71.ctex
Completed load for: 'res://assets/building/textures/T_library_appliances_galvanized_metal_normal.png' remapped 'res://assets/building/textures/T_library_appliances_galvanized_metal_normal.png' at thread -1
Loading resource: res://assets/building/textures/atmospheric_decals/institutional_wear_atlas.png remapped: res://assets/building/textures/atmospheric_decals/institutional_wear_atlas.png
Loading resource: res://.godot/imported/institutional_wear_atlas.png-d6cec0d7b541854d9741af7875396515.ctex remapped: res://.godot/imported/institutional_wear_atlas.png-d6cec0d7b541854d9741af7875396515.ctex
Completed load for: 'res://assets/building/textures/atmospheric_decals/institutional_wear_atlas.png' remapped 'res://assets/building/textures/atmospheric_decals/institutional_wear_atlas.png' at thread -1
Loading resource: res://assets/building/textures/atmospheric_decals/institutional_wear_atlas.png remapped: res://assets/building/textures/atmospheric_decals/institutional_wear_atlas.png
Loading resource: res://.godot/imported/institutional_wear_atlas.png-d6cec0d7b541854d9741af7875396515.ctex remapped: res://.godot/imported/institutional_wear_atlas.png-d6cec0d7b541854d9741af7875396515.ctex
Completed load for: 'res://assets/building/textures/atmospheric_decals/institutional_wear_atlas.png' remapped 'res://assets/building/textures/atmospheric_decals/institutional_wear_atlas.png' at thread -1
Loading resource: res://assets/building/textures/atmospheric_decals/uncanny_trace_atlas.png remapped: res://assets/building/textures/atmospheric_decals/uncanny_trace_atlas.png
Loading resource: res://.godot/imported/uncanny_trace_atlas.png-69d2b4792bd54ce4477cb5e835958724.ctex remapped: res://.godot/imported/uncanny_trace_atlas.png-69d2b4792bd54ce4477cb5e835958724.ctex
Completed load for: 'res://assets/building/textures/atmospheric_decals/uncanny_trace_atlas.png' remapped 'res://assets/building/textures/atmospheric_decals/uncanny_trace_atlas.png' at thread -1
Loading resource: res://assets/building/textures/atmospheric_decals/domestic_residue_atlas.png remapped: res://assets/building/textures/atmospheric_decals/domestic_residue_atlas.png
Loading resource: res://.godot/imported/domestic_residue_atlas.png-e3e694b1e65dadd4feadcb414e8c6320.ctex remapped: res://.godot/imported/domestic_residue_atlas.png-e3e694b1e65dadd4feadcb414e8c6320.ctex
Completed load for: 'res://assets/building/textures/atmospheric_decals/domestic_residue_atlas.png' remapped 'res://assets/building/textures/atmospheric_decals/domestic_residue_atlas.png' at thread -1
Loading resource: res://assets/building/textures/atmospheric_decals/domestic_residue_atlas.png remapped: res://assets/building/textures/atmospheric_decals/domestic_residue_atlas.png
Loading resource: res://.godot/imported/domestic_residue_atlas.png-e3e694b1e65dadd4feadcb414e8c6320.ctex remapped: res://.godot/imported/domestic_residue_atlas.png-e3e694b1e65dadd4feadcb414e8c6320.ctex
Completed load for: 'res://assets/building/textures/atmospheric_decals/domestic_residue_atlas.png' remapped 'res://assets/building/textures/atmospheric_decals/domestic_residue_atlas.png' at thread -1
Loading resource: res://assets/building/textures/atmospheric_decals/institutional_wear_atlas.png remapped: res://assets/building/textures/atmospheric_decals/institutional_wear_atlas.png
Loading resource: res://.godot/imported/institutional_wear_atlas.png-d6cec0d7b541854d9741af7875396515.ctex remapped: res://.godot/imported/institutional_wear_atlas.png-d6cec0d7b541854d9741af7875396515.ctex
Completed load for: 'res://assets/building/textures/atmospheric_decals/institutional_wear_atlas.png' remapped 'res://assets/building/textures/atmospheric_decals/institutional_wear_atlas.png' at thread -1
Loading resource: res://assets/building/textures/atmospheric_decals/institutional_wear_atlas.png remapped: res://assets/building/textures/atmospheric_decals/institutional_wear_atlas.png
Loading resource: res://.godot/imported/institutional_wear_atlas.png-d6cec0d7b541854d9741af7875396515.ctex remapped: res://.godot/imported/institutional_wear_atlas.png-d6cec0d7b541854d9741af7875396515.ctex
Completed load for: 'res://assets/building/textures/atmospheric_decals/institutional_wear_atlas.png' remapped 'res://assets/building/textures/atmospheric_decals/institutional_wear_atlas.png' at thread -1
Loading resource: res://assets/building/textures/atmospheric_decals/domestic_residue_atlas.png remapped: res://assets/building/textures/atmospheric_decals/domestic_residue_atlas.png
Loading resource: res://.godot/imported/domestic_residue_atlas.png-e3e694b1e65dadd4feadcb414e8c6320.ctex remapped: res://.godot/imported/domestic_residue_atlas.png-e3e694b1e65dadd4feadcb414e8c6320.ctex
Completed load for: 'res://assets/building/textures/atmospheric_decals/domestic_residue_atlas.png' remapped 'res://assets/building/textures/atmospheric_decals/domestic_residue_atlas.png' at thread -1
Loading resource: res://assets/building/textures/atmospheric_decals/domestic_residue_atlas.png remapped: res://assets/building/textures/atmospheric_decals/domestic_residue_atlas.png
Loading resource: res://.godot/imported/domestic_residue_atlas.png-e3e694b1e65dadd4feadcb414e8c6320.ctex remapped: res://.godot/imported/domestic_residue_atlas.png-e3e694b1e65dadd4feadcb414e8c6320.ctex
Completed load for: 'res://assets/building/textures/atmospheric_decals/domestic_residue_atlas.png' remapped 'res://assets/building/textures/atmospheric_decals/domestic_residue_atlas.png' at thread -1
Loading resource: res://assets/building/textures/atmospheric_decals/uncanny_trace_atlas.png remapped: res://assets/building/textures/atmospheric_decals/uncanny_trace_atlas.png
Loading resource: res://.godot/imported/uncanny_trace_atlas.png-69d2b4792bd54ce4477cb5e835958724.ctex remapped: res://.godot/imported/uncanny_trace_atlas.png-69d2b4792bd54ce4477cb5e835958724.ctex
Completed load for: 'res://assets/building/textures/atmospheric_decals/uncanny_trace_atlas.png' remapped 'res://assets/building/textures/atmospheric_decals/uncanny_trace_atlas.png' at thread -1
Loading resource: res://assets/building/textures/atmospheric_decals/uncanny_trace_atlas.png remapped: res://assets/building/textures/atmospheric_decals/uncanny_trace_atlas.png
Loading resource: res://.godot/imported/uncanny_trace_atlas.png-69d2b4792bd54ce4477cb5e835958724.ctex remapped: res://.godot/imported/uncanny_trace_atlas.png-69d2b4792bd54ce4477cb5e835958724.ctex
Completed load for: 'res://assets/building/textures/atmospheric_decals/uncanny_trace_atlas.png' remapped 'res://assets/building/textures/atmospheric_decals/uncanny_trace_atlas.png' at thread -1
Loading resource: res://assets/building/textures/atmospheric_decals/uncanny_trace_atlas.png remapped: res://assets/building/textures/atmospheric_decals/uncanny_trace_atlas.png
Loading resource: res://.godot/imported/uncanny_trace_atlas.png-69d2b4792bd54ce4477cb5e835958724.ctex remapped: res://.godot/imported/uncanny_trace_atlas.png-69d2b4792bd54ce4477cb5e835958724.ctex
Completed load for: 'res://assets/building/textures/atmospheric_decals/uncanny_trace_atlas.png' remapped 'res://assets/building/textures/atmospheric_decals/uncanny_trace_atlas.png' at thread -1
Loading resource: res://assets/building/textures/T_library_furniture_walnut_albedo.png remapped: res://assets/building/textures/T_library_furniture_walnut_albedo.png
Loading resource: res://.godot/imported/T_library_furniture_walnut_albedo.png-9d83e6768b0b08d28ab2f9a5e8fa017b.ctex remapped: res://.godot/imported/T_library_furniture_walnut_albedo.png-9d83e6768b0b08d28ab2f9a5e8fa017b.ctex
Completed load for: 'res://assets/building/textures/T_library_furniture_walnut_albedo.png' remapped 'res://assets/building/textures/T_library_furniture_walnut_albedo.png' at thread -1
Loading resource: res://assets/building/textures/T_library_furniture_walnut_rough.png remapped: res://assets/building/textures/T_library_furniture_walnut_rough.png
Loading resource: res://.godot/imported/T_library_furniture_walnut_rough.png-9759cde251b5cc10585a4adbb6b9e116.ctex remapped: res://.godot/imported/T_library_furniture_walnut_rough.png-9759cde251b5cc10585a4adbb6b9e116.ctex
Completed load for: 'res://assets/building/textures/T_library_furniture_walnut_rough.png' remapped 'res://assets/building/textures/T_library_furniture_walnut_rough.png' at thread -1
Loading resource: res://assets/building/textures/T_library_furniture_walnut_normal.png remapped: res://assets/building/textures/T_library_furniture_walnut_normal.png
Loading resource: res://.godot/imported/T_library_furniture_walnut_normal.png-8dcc8541e83592102708038ba88600d5.ctex remapped: res://.godot/imported/T_library_furniture_walnut_normal.png-8dcc8541e83592102708038ba88600d5.ctex
Completed load for: 'res://assets/building/textures/T_library_furniture_walnut_normal.png' remapped 'res://assets/building/textures/T_library_furniture_walnut_normal.png' at thread -1
Loading resource: res://assets/building/textures/T_library_metals_aged_brass_albedo.png remapped: res://assets/building/textures/T_library_metals_aged_brass_albedo.png
Loading resource: res://.godot/imported/T_library_metals_aged_brass_albedo.png-f508ca79a15b9713680db1c9f755302e.ctex remapped: res://.godot/imported/T_library_metals_aged_brass_albedo.png-f508ca79a15b9713680db1c9f755302e.ctex
Completed load for: 'res://assets/building/textures/T_library_metals_aged_brass_albedo.png' remapped 'res://assets/building/textures/T_library_metals_aged_brass_albedo.png' at thread -1
Loading resource: res://assets/building/textures/T_library_metals_aged_brass_rough.png remapped: res://assets/building/textures/T_library_metals_aged_brass_rough.png
Loading resource: res://.godot/imported/T_library_metals_aged_brass_rough.png-2faadea1e9dd2ba1afa2a0f6a009c779.ctex remapped: res://.godot/imported/T_library_metals_aged_brass_rough.png-2faadea1e9dd2ba1afa2a0f6a009c779.ctex
Completed load for: 'res://assets/building/textures/T_library_metals_aged_brass_rough.png' remapped 'res://assets/building/textures/T_library_metals_aged_brass_rough.png' at thread -1
Loading resource: res://assets/building/textures/T_library_metals_aged_brass_normal.png remapped: res://assets/building/textures/T_library_metals_aged_brass_normal.png
Loading resource: res://.godot/imported/T_library_metals_aged_brass_normal.png-be3180ace4d1fc577ad8241ff06d4c2c.ctex remapped: res://.godot/imported/T_library_metals_aged_brass_normal.png-be3180ace4d1fc577ad8241ff06d4c2c.ctex
Completed load for: 'res://assets/building/textures/T_library_metals_aged_brass_normal.png' remapped 'res://assets/building/textures/T_library_metals_aged_brass_normal.png' at thread -1
Shader cache miss for SceneForwardClusteredShaderRD/069fad9662d1c110a7284347f6822a7ae0bb9be399f57215e33231e68a6e4692/4f6a6823f24c73458208870242e238995b1781b0
Shader cache miss for SceneForwardClusteredShaderRD/069fad9662d1c110a7284347f6822a7ae0bb9be399f57215e33231e68a6e4692/2ce5b7e6d9c1cb48de3bce557df091df934a2bc4
[DOOR GLOW] 107 closed doors, 9 leaking light (skipped: { "no_circulation": 86, "asleep": 12 })
Loading resource: res://shaders/tv_screen.gdshader remapped: res://shaders/tv_screen.gdshader
Completed load for: 'res://shaders/tv_screen.gdshader' remapped 'res://shaders/tv_screen.gdshader' at thread -1
Shader cache miss for SceneForwardClusteredShaderRD/069fad9662d1c110a7284347f6822a7ae0bb9be399f57215e33231e68a6e4692/c32cfe524f836db1fef220dd3ccbf2c789c5b319
Loading resource: res://shaders/projected_film.gdshader remapped: res://shaders/projected_film.gdshader
Completed load for: 'res://shaders/projected_film.gdshader' remapped 'res://shaders/projected_film.gdshader' at thread -1
Shader cache miss for SceneForwardClusteredShaderRD/069fad9662d1c110a7284347f6822a7ae0bb9be399f57215e33231e68a6e4692/c1ae60792929160ff4932817118f4ea11c1f70a1
Loading resource: res://assets/video/clips/ch_11.ogv remapped: res://assets/video/clips/ch_11.ogv
Completed load for: 'res://assets/video/clips/ch_11.ogv' remapped 'res://assets/video/clips/ch_11.ogv' at thread -1
Loading resource: res://assets/video/clips/ch_08.ogv remapped: res://assets/video/clips/ch_08.ogv
Completed load for: 'res://assets/video/clips/ch_08.ogv' remapped 'res://assets/video/clips/ch_08.ogv' at thread -1
Loading resource: res://assets/video/clips/ch_04.ogv remapped: res://assets/video/clips/ch_04.ogv
Completed load for: 'res://assets/video/clips/ch_04.ogv' remapped 'res://assets/video/clips/ch_04.ogv' at thread -1
Loading resource: res://assets/video/clips/ch_37.ogv remapped: res://assets/video/clips/ch_37.ogv
Completed load for: 'res://assets/video/clips/ch_37.ogv' remapped 'res://assets/video/clips/ch_37.ogv' at thread -1
Loading resource: res://assets/video/clips/ch_34.ogv remapped: res://assets/video/clips/ch_34.ogv
Completed load for: 'res://assets/video/clips/ch_34.ogv' remapped 'res://assets/video/clips/ch_34.ogv' at thread -1
[STATION] 37 clips, 6 machines (5 projectors, 1 sets), all dark
Loading resource: res://shaders/scope_screen.gdshader remapped: res://shaders/scope_screen.gdshader
Completed load for: 'res://shaders/scope_screen.gdshader' remapped 'res://shaders/scope_screen.gdshader' at thread -1
Shader cache miss for SceneForwardClusteredShaderRD/069fad9662d1c110a7284347f6822a7ae0bb9be399f57215e33231e68a6e4692/b129a41fd393ace4ff2ad5f37cb65a61bc072551
[ARCADE] 10 cabinet(s) from a catalog of 12: SOMETHING IN THE HALL (mystery_serial), OPERATIONS (farm_and_market), STEP SEQUENCE (variety_hour), NIGHT MAIL (aviation_hour), COUNTY LEAGUE (sporting_wire), THE THOUSAND (motor_racing), TOWER OF ASH (adventure_serial), OUTER RIM (night_sky), DO NOT ANSWER (mystery_serial), OVERTIME (sporting_wire)
[ARCADE] all of them are running arcade_pit
Loading resource: res://assets/audio/freesound/processed/mechanical/distant_breath.ogg remapped: res://assets/audio/freesound/processed/mechanical/distant_breath.ogg
Loading resource: res://.godot/imported/distant_breath.ogg-af2a52e68bd22f8abb30fdf9517346e3.oggvorbisstr remapped: res://.godot/imported/distant_breath.ogg-af2a52e68bd22f8abb30fdf9517346e3.oggvorbisstr
Completed load for: 'res://assets/audio/freesound/processed/mechanical/distant_breath.ogg' remapped 'res://assets/audio/freesound/processed/mechanical/distant_breath.ogg' at thread -1
Loading resource: res://assets/audio/freesound/processed/mechanical/operator_whistle.ogg remapped: res://assets/audio/freesound/processed/mechanical/operator_whistle.ogg
Loading resource: res://.godot/imported/operator_whistle.ogg-184bf106cc8a40bda770eae3695fc798.oggvorbisstr remapped: res://.godot/imported/operator_whistle.ogg-184bf106cc8a40bda770eae3695fc798.oggvorbisstr
Completed load for: 'res://assets/audio/freesound/processed/mechanical/operator_whistle.ogg' remapped 'res://assets/audio/freesound/processed/mechanical/operator_whistle.ogg' at thread -1
Shader cache miss for SceneForwardClusteredShaderRD/069fad9662d1c110a7284347f6822a7ae0bb9be399f57215e33231e68a6e4692/ce284d0337c56daabe976677fc16a331307eeb05
Loading resource: res://assets/building/textures/T_ai_materials_brass_dull_albedo.png remapped: res://assets/building/textures/T_ai_materials_brass_dull_albedo.png
Loading resource: res://.godot/imported/T_ai_materials_brass_dull_albedo.png-e8b0b415c8630a055006aeb0757adc6f.ctex remapped: res://.godot/imported/T_ai_materials_brass_dull_albedo.png-e8b0b415c8630a055006aeb0757adc6f.ctex
Completed load for: 'res://assets/building/textures/T_ai_materials_brass_dull_albedo.png' remapped 'res://assets/building/textures/T_ai_materials_brass_dull_albedo.png' at thread -1
Loading resource: res://assets/building/textures/T_ai_materials_brass_dull_rough.png remapped: res://assets/building/textures/T_ai_materials_brass_dull_rough.png
Loading resource: res://.godot/imported/T_ai_materials_brass_dull_rough.png-1660078479110e73cfb16b45fb078227.ctex remapped: res://.godot/imported/T_ai_materials_brass_dull_rough.png-1660078479110e73cfb16b45fb078227.ctex
Completed load for: 'res://assets/building/textures/T_ai_materials_brass_dull_rough.png' remapped 'res://assets/building/textures/T_ai_materials_brass_dull_rough.png' at thread -1
Loading resource: res://assets/building/textures/T_ai_materials_brass_dull_normal.png remapped: res://assets/building/textures/T_ai_materials_brass_dull_normal.png
Loading resource: res://.godot/imported/T_ai_materials_brass_dull_normal.png-3cb54c21bda657c056106237601c5117.ctex remapped: res://.godot/imported/T_ai_materials_brass_dull_normal.png-3cb54c21bda657c056106237601c5117.ctex
Completed load for: 'res://assets/building/textures/T_ai_materials_brass_dull_normal.png' remapped 'res://assets/building/textures/T_ai_materials_brass_dull_normal.png' at thread -1
Loading resource: res://assets/building/textures/T_library_furniture_aged_paper_albedo.png remapped: res://assets/building/textures/T_library_furniture_aged_paper_albedo.png
Loading resource: res://.godot/imported/T_library_furniture_aged_paper_albedo.png-47800aaa1e76686a6c8999b19e868e9d.s3tc.ctex remapped: res://.godot/imported/T_library_furniture_aged_paper_albedo.png-47800aaa1e76686a6c8999b19e868e9d.s3tc.ctex
Completed load for: 'res://assets/building/textures/T_library_furniture_aged_paper_albedo.png' remapped 'res://assets/building/textures/T_library_furniture_aged_paper_albedo.png' at thread -1
Loading resource: res://assets/building/textures/T_library_furniture_aged_paper_rough.png remapped: res://assets/building/textures/T_library_furniture_aged_paper_rough.png
Loading resource: res://.godot/imported/T_library_furniture_aged_paper_rough.png-d3ba2c4cb9358bc849e4635d88c48402.s3tc.ctex remapped: res://.godot/imported/T_library_furniture_aged_paper_rough.png-d3ba2c4cb9358bc849e4635d88c48402.s3tc.ctex
Completed load for: 'res://assets/building/textures/T_library_furniture_aged_paper_rough.png' remapped 'res://assets/building/textures/T_library_furniture_aged_paper_rough.png' at thread -1
Loading resource: res://assets/building/textures/T_library_furniture_aged_paper_normal.png remapped: res://assets/building/textures/T_library_furniture_aged_paper_normal.png
Loading resource: res://.godot/imported/T_library_furniture_aged_paper_normal.png-ca70786f182c2b579a11006603977590.s3tc.ctex remapped: res://.godot/imported/T_library_furniture_aged_paper_normal.png-ca70786f182c2b579a11006603977590.s3tc.ctex
Completed load for: 'res://assets/building/textures/T_library_furniture_aged_paper_normal.png' remapped 'res://assets/building/textures/T_library_furniture_aged_paper_normal.png' at thread -1
Loading resource: res://assets/audio/freesound/processed/mechanical/mechanical_hum_loop.ogg remapped: res://assets/audio/freesound/processed/mechanical/mechanical_hum_loop.ogg
Loading resource: res://.godot/imported/mechanical_hum_loop.ogg-16d994b76a10c4bbddeae4185625eb8c.oggvorbisstr remapped: res://.godot/imported/mechanical_hum_loop.ogg-16d994b76a10c4bbddeae4185625eb8c.oggvorbisstr
Completed load for: 'res://assets/audio/freesound/processed/mechanical/mechanical_hum_loop.ogg' remapped 'res://assets/audio/freesound/processed/mechanical/mechanical_hum_loop.ogg' at thread -1
Loading resource: res://assets/building/textures/T_library_appliances_aged_enamel_worn_enamel_albedo.png remapped: res://assets/building/textures/T_library_appliances_aged_enamel_worn_enamel_albedo.png
Loading resource: res://.godot/imported/T_library_appliances_aged_enamel_worn_enamel_albedo.png-b1edfe90caffce39949b567e79629fa3.ctex remapped: res://.godot/imported/T_library_appliances_aged_enamel_worn_enamel_albedo.png-b1edfe90caffce39949b567e79629fa3.ctex
Completed load for: 'res://assets/building/textures/T_library_appliances_aged_enamel_worn_enamel_albedo.png' remapped 'res://assets/building/textures/T_library_appliances_aged_enamel_worn_enamel_albedo.png' at thread -1
Loading resource: res://assets/building/textures/T_library_appliances_aged_enamel_worn_enamel_rough.png remapped: res://assets/building/textures/T_library_appliances_aged_enamel_worn_enamel_rough.png
Loading resource: res://.godot/imported/T_library_appliances_aged_enamel_worn_enamel_rough.png-ca625f4755fcbfc04646fff2a6e51d9b.s3tc.ctex remapped: res://.godot/imported/T_library_appliances_aged_enamel_worn_enamel_rough.png-ca625f4755fcbfc04646fff2a6e51d9b.s3tc.ctex
Completed load for: 'res://assets/building/textures/T_library_appliances_aged_enamel_worn_enamel_rough.png' remapped 'res://assets/building/textures/T_library_appliances_aged_enamel_worn_enamel_rough.png' at thread -1
Loading resource: res://assets/building/textures/T_library_appliances_aged_enamel_normal.png remapped: res://assets/building/textures/T_library_appliances_aged_enamel_normal.png
Loading resource: res://.godot/imported/T_library_appliances_aged_enamel_normal.png-be6702b1c41c829afe392000a738bbd6.s3tc.ctex remapped: res://.godot/imported/T_library_appliances_aged_enamel_normal.png-be6702b1c41c829afe392000a738bbd6.s3tc.ctex
Completed load for: 'res://assets/building/textures/T_library_appliances_aged_enamel_normal.png' remapped 'res://assets/building/textures/T_library_appliances_aged_enamel_normal.png' at thread -1
Loading resource: res://assets/audio/freesound/processed/mechanical/washer_agitate_loop.ogg remapped: res://assets/audio/freesound/processed/mechanical/washer_agitate_loop.ogg
Loading resource: res://.godot/imported/washer_agitate_loop.ogg-ef869f4b1fbf49c23833659a17a106b4.oggvorbisstr remapped: res://.godot/imported/washer_agitate_loop.ogg-ef869f4b1fbf49c23833659a17a106b4.oggvorbisstr
Completed load for: 'res://assets/audio/freesound/processed/mechanical/washer_agitate_loop.ogg' remapped 'res://assets/audio/freesound/processed/mechanical/washer_agitate_loop.ogg' at thread -1
Shader cache miss for SceneForwardClusteredShaderRD/069fad9662d1c110a7284347f6822a7ae0bb9be399f57215e33231e68a6e4692/b07e1a1cb8fbb2f4e7001c90360e03af72d705f0
Shader cache miss for SceneForwardClusteredShaderRD/069fad9662d1c110a7284347f6822a7ae0bb9be399f57215e33231e68a6e4692/ff88bb14a0faed2fc05aa867ae3b9c5c1069e193
Shader cache miss for SceneForwardClusteredShaderRD/069fad9662d1c110a7284347f6822a7ae0bb9be399f57215e33231e68a6e4692/8a33e3448804a106dc84cf085356a6f6afc878ff
Loading resource: res://assets/audio/freesound/processed/events/radiator_whistle.ogg remapped: res://assets/audio/freesound/processed/events/radiator_whistle.ogg
Loading resource: res://.godot/imported/radiator_whistle.ogg-3123443dfdfae1c6faad0154f9675c54.oggvorbisstr remapped: res://.godot/imported/radiator_whistle.ogg-3123443dfdfae1c6faad0154f9675c54.oggvorbisstr
Completed load for: 'res://assets/audio/freesound/processed/events/radiator_whistle.ogg' remapped 'res://assets/audio/freesound/processed/events/radiator_whistle.ogg' at thread -1
Shader cache miss for SceneForwardClusteredShaderRD/069fad9662d1c110a7284347f6822a7ae0bb9be399f57215e33231e68a6e4692/989df9100012cd3a70d11b2872ac4fac3ad872a4
Loading resource: res://assets/audio/freesound/processed/props/shower_water.ogg remapped: res://assets/audio/freesound/processed/props/shower_water.ogg
Loading resource: res://.godot/imported/shower_water.ogg-8fe8f266f62d36d5595380f546a886a2.oggvorbisstr remapped: res://.godot/imported/shower_water.ogg-8fe8f266f62d36d5595380f546a886a2.oggvorbisstr
Completed load for: 'res://assets/audio/freesound/processed/props/shower_water.ogg' remapped 'res://assets/audio/freesound/processed/props/shower_water.ogg' at thread -1
Loading resource: res://assets/building/textures/T_ai_materials_porcelain_fixture_albedo.png remapped: res://assets/building/textures/T_ai_materials_porcelain_fixture_albedo.png
Loading resource: res://.godot/imported/T_ai_materials_porcelain_fixture_albedo.png-d5a45b1899878006c2d05cb5d4dcb298.ctex remapped: res://.godot/imported/T_ai_materials_porcelain_fixture_albedo.png-d5a45b1899878006c2d05cb5d4dcb298.ctex
Completed load for: 'res://assets/building/textures/T_ai_materials_porcelain_fixture_albedo.png' remapped 'res://assets/building/textures/T_ai_materials_porcelain_fixture_albedo.png' at thread -1
Loading resource: res://assets/building/textures/T_ai_materials_porcelain_fixture_rough.png remapped: res://assets/building/textures/T_ai_materials_porcelain_fixture_rough.png
Loading resource: res://.godot/imported/T_ai_materials_porcelain_fixture_rough.png-0aa1c2b76bcd25e524c5910d10542171.ctex remapped: res://.godot/imported/T_ai_materials_porcelain_fixture_rough.png-0aa1c2b76bcd25e524c5910d10542171.ctex
Completed load for: 'res://assets/building/textures/T_ai_materials_porcelain_fixture_rough.png' remapped 'res://assets/building/textures/T_ai_materials_porcelain_fixture_rough.png' at thread -1
Loading resource: res://assets/building/textures/T_ai_materials_porcelain_fixture_normal.png remapped: res://assets/building/textures/T_ai_materials_porcelain_fixture_normal.png
Loading resource: res://.godot/imported/T_ai_materials_porcelain_fixture_normal.png-6977d19a05732e53731a802f3ccb99ec.ctex remapped: res://.godot/imported/T_ai_materials_porcelain_fixture_normal.png-6977d19a05732e53731a802f3ccb99ec.ctex
Completed load for: 'res://assets/building/textures/T_ai_materials_porcelain_fixture_normal.png' remapped 'res://assets/building/textures/T_ai_materials_porcelain_fixture_normal.png' at thread -1
Loading resource: res://assets/building/textures/larder/larder_labels.png remapped: res://assets/building/textures/larder/larder_labels.png
Loading resource: res://.godot/imported/larder_labels.png-b0072fd7faefb78774b059fa05d0a9e6.ctex remapped: res://.godot/imported/larder_labels.png-b0072fd7faefb78774b059fa05d0a9e6.ctex
Completed load for: 'res://assets/building/textures/larder/larder_labels.png' remapped 'res://assets/building/textures/larder/larder_labels.png' at thread -1
Loading resource: res://assets/audio/freesound/processed/events/door_squeak.wav remapped: res://assets/audio/freesound/processed/events/door_squeak.wav
Loading resource: res://.godot/imported/door_squeak.wav-82eacdb04955339fbedc0c64bfa38d25.sample remapped: res://.godot/imported/door_squeak.wav-82eacdb04955339fbedc0c64bfa38d25.sample
Completed load for: 'res://assets/audio/freesound/processed/events/door_squeak.wav' remapped 'res://assets/audio/freesound/processed/events/door_squeak.wav' at thread -1
Loading resource: res://assets/building/textures/larder/larder_labels.png remapped: res://assets/building/textures/larder/larder_labels.png
Loading resource: res://.godot/imported/larder_labels.png-b0072fd7faefb78774b059fa05d0a9e6.ctex remapped: res://.godot/imported/larder_labels.png-b0072fd7faefb78774b059fa05d0a9e6.ctex
Completed load for: 'res://assets/building/textures/larder/larder_labels.png' remapped 'res://assets/building/textures/larder/larder_labels.png' at thread -1
Loading resource: res://assets/building/textures/T_library_furniture_upholstery_rust_albedo.png remapped: res://assets/building/textures/T_library_furniture_upholstery_rust_albedo.png
Loading resource: res://.godot/imported/T_library_furniture_upholstery_rust_albedo.png-249c90a0787fa5a0166c53b3cbf99ff2.ctex remapped: res://.godot/imported/T_library_furniture_upholstery_rust_albedo.png-249c90a0787fa5a0166c53b3cbf99ff2.ctex
Completed load for: 'res://assets/building/textures/T_library_furniture_upholstery_rust_albedo.png' remapped 'res://assets/building/textures/T_library_furniture_upholstery_rust_albedo.png' at thread -1
Loading resource: res://assets/building/textures/T_library_furniture_upholstery_rust_rough.png remapped: res://assets/building/textures/T_library_furniture_upholstery_rust_rough.png
Loading resource: res://.godot/imported/T_library_furniture_upholstery_rust_rough.png-6e32ae9054ddc6424d197e40f5aff193.ctex remapped: res://.godot/imported/T_library_furniture_upholstery_rust_rough.png-6e32ae9054ddc6424d197e40f5aff193.ctex
Completed load for: 'res://assets/building/textures/T_library_furniture_upholstery_rust_rough.png' remapped 'res://assets/building/textures/T_library_furniture_upholstery_rust_rough.png' at thread -1
Loading resource: res://assets/building/textures/T_library_furniture_upholstery_rust_normal.png remapped: res://assets/building/textures/T_library_furniture_upholstery_rust_normal.png
Loading resource: res://.godot/imported/T_library_furniture_upholstery_rust_normal.png-35871501931414bd9d20dfd7a1f101e9.ctex remapped: res://.godot/imported/T_library_furniture_upholstery_rust_normal.png-35871501931414bd9d20dfd7a1f101e9.ctex
Completed load for: 'res://assets/building/textures/T_library_furniture_upholstery_rust_normal.png' remapped 'res://assets/building/textures/T_library_furniture_upholstery_rust_normal.png' at thread -1
Loading resource: res://assets/building/textures/T_ai_materials_mica_heater_albedo.png remapped: res://assets/building/textures/T_ai_materials_mica_heater_albedo.png
Loading resource: res://.godot/imported/T_ai_materials_mica_heater_albedo.png-ece8bc0b1dfb2bbcf6ce89e3e539781b.ctex remapped: res://.godot/imported/T_ai_materials_mica_heater_albedo.png-ece8bc0b1dfb2bbcf6ce89e3e539781b.ctex
Completed load for: 'res://assets/building/textures/T_ai_materials_mica_heater_albedo.png' remapped 'res://assets/building/textures/T_ai_materials_mica_heater_albedo.png' at thread -1
Loading resource: res://assets/building/textures/T_ai_materials_mica_heater_rough.png remapped: res://assets/building/textures/T_ai_materials_mica_heater_rough.png
Loading resource: res://.godot/imported/T_ai_materials_mica_heater_rough.png-cd6e296c8def2b2d770e6be1978ce882.ctex remapped: res://.godot/imported/T_ai_materials_mica_heater_rough.png-cd6e296c8def2b2d770e6be1978ce882.ctex
Completed load for: 'res://assets/building/textures/T_ai_materials_mica_heater_rough.png' remapped 'res://assets/building/textures/T_ai_materials_mica_heater_rough.png' at thread -1
Loading resource: res://assets/building/textures/T_ai_materials_mica_heater_normal.png remapped: res://assets/building/textures/T_ai_materials_mica_heater_normal.png
Loading resource: res://.godot/imported/T_ai_materials_mica_heater_normal.png-96c2dc361bdb5845058b18adce12947c.ctex remapped: res://.godot/imported/T_ai_materials_mica_heater_normal.png-96c2dc361bdb5845058b18adce12947c.ctex
Completed load for: 'res://assets/building/textures/T_ai_materials_mica_heater_normal.png' remapped 'res://assets/building/textures/T_ai_materials_mica_heater_normal.png' at thread -1
Loading resource: res://assets/building/textures/T_ai_materials_fx_grease_albedo.png remapped: res://assets/building/textures/T_ai_materials_fx_grease_albedo.png
Loading resource: res://.godot/imported/T_ai_materials_fx_grease_albedo.png-3941f2a0fd3efe24fd2d22e4b2564897.ctex remapped: res://.godot/imported/T_ai_materials_fx_grease_albedo.png-3941f2a0fd3efe24fd2d22e4b2564897.ctex
Completed load for: 'res://assets/building/textures/T_ai_materials_fx_grease_albedo.png' remapped 'res://assets/building/textures/T_ai_materials_fx_grease_albedo.png' at thread -1
Loading resource: res://assets/building/textures/T_ai_materials_fx_grease_rough.png remapped: res://assets/building/textures/T_ai_materials_fx_grease_rough.png
Loading resource: res://.godot/imported/T_ai_materials_fx_grease_rough.png-96d09363f448949db405cd320f50a96c.ctex remapped: res://.godot/imported/T_ai_materials_fx_grease_rough.png-96d09363f448949db405cd320f50a96c.ctex
Completed load for: 'res://assets/building/textures/T_ai_materials_fx_grease_rough.png' remapped 'res://assets/building/textures/T_ai_materials_fx_grease_rough.png' at thread -1
Loading resource: res://assets/building/textures/T_ai_materials_fx_grease_normal.png remapped: res://assets/building/textures/T_ai_materials_fx_grease_normal.png
Loading resource: res://.godot/imported/T_ai_materials_fx_grease_normal.png-b623a232fa1559831c4ee34f5e7f0550.ctex remapped: res://.godot/imported/T_ai_materials_fx_grease_normal.png-b623a232fa1559831c4ee34f5e7f0550.ctex
Completed load for: 'res://assets/building/textures/T_ai_materials_fx_grease_normal.png' remapped 'res://assets/building/textures/T_ai_materials_fx_grease_normal.png' at thread -1
Shader cache miss for SceneForwardClusteredShaderRD/069fad9662d1c110a7284347f6822a7ae0bb9be399f57215e33231e68a6e4692/6ae999d6ca01dec30a07cbe3b32345a291fe7cc5
Shader cache miss for ParticlesShaderRD/8f4c25caa97a2f74d5fa5f299aabdd514f57d9737b8642ed65c20e846dad5db0/516ec521ae34af1eaa78e2bf22f1ed70ea17c826
Shader cache miss for SceneForwardClusteredShaderRD/069fad9662d1c110a7284347f6822a7ae0bb9be399f57215e33231e68a6e4692/ff88bb14a0faed2fc05aa867ae3b9c5c1069e193
Loading resource: res://assets/audio/freesound/processed/mechanical/pressure_whistle_loop.ogg remapped: res://assets/audio/freesound/processed/mechanical/pressure_whistle_loop.ogg
Loading resource: res://.godot/imported/pressure_whistle_loop.ogg-8d0c083ba725832e145d5980cdbfe4ab.oggvorbisstr remapped: res://.godot/imported/pressure_whistle_loop.ogg-8d0c083ba725832e145d5980cdbfe4ab.oggvorbisstr
Completed load for: 'res://assets/audio/freesound/processed/mechanical/pressure_whistle_loop.ogg' remapped 'res://assets/audio/freesound/processed/mechanical/pressure_whistle_loop.ogg' at thread -1
Shader cache miss for SceneForwardClusteredShaderRD/069fad9662d1c110a7284347f6822a7ae0bb9be399f57215e33231e68a6e4692/32f7c17dbaa70ed9dd62a8167aa5933833f219b5
Loading resource: res://assets/building/textures/T_ai_materials_enamel_appliance_albedo.png remapped: res://assets/building/textures/T_ai_materials_enamel_appliance_albedo.png
Loading resource: res://.godot/imported/T_ai_materials_enamel_appliance_albedo.png-cb0383779b27cc57b528556e5751b341.ctex remapped: res://.godot/imported/T_ai_materials_enamel_appliance_albedo.png-cb0383779b27cc57b528556e5751b341.ctex
Completed load for: 'res://assets/building/textures/T_ai_materials_enamel_appliance_albedo.png' remapped 'res://assets/building/textures/T_ai_materials_enamel_appliance_albedo.png' at thread -1
Loading resource: res://assets/building/textures/T_ai_materials_enamel_appliance_rough.png remapped: res://assets/building/textures/T_ai_materials_enamel_appliance_rough.png
Loading resource: res://.godot/imported/T_ai_materials_enamel_appliance_rough.png-6138aadae79c61876c9fcf7827003b53.ctex remapped: res://.godot/imported/T_ai_materials_enamel_appliance_rough.png-6138aadae79c61876c9fcf7827003b53.ctex
Completed load for: 'res://assets/building/textures/T_ai_materials_enamel_appliance_rough.png' remapped 'res://assets/building/textures/T_ai_materials_enamel_appliance_rough.png' at thread -1
Loading resource: res://assets/building/textures/T_ai_materials_enamel_appliance_normal.png remapped: res://assets/building/textures/T_ai_materials_enamel_appliance_normal.png
Loading resource: res://.godot/imported/T_ai_materials_enamel_appliance_normal.png-21a396f64774a536b5228000c355954c.ctex remapped: res://.godot/imported/T_ai_materials_enamel_appliance_normal.png-21a396f64774a536b5228000c355954c.ctex
Completed load for: 'res://assets/building/textures/T_ai_materials_enamel_appliance_normal.png' remapped 'res://assets/building/textures/T_ai_materials_enamel_appliance_normal.png' at thread -1
Loading resource: res://assets/building/textures/T_library_appliances_bakelite_albedo.png remapped: res://assets/building/textures/T_library_appliances_bakelite_albedo.png
Loading resource: res://.godot/imported/T_library_appliances_bakelite_albedo.png-46402ef6fac276ba35663f34d8b8351e.ctex remapped: res://.godot/imported/T_library_appliances_bakelite_albedo.png-46402ef6fac276ba35663f34d8b8351e.ctex
Completed load for: 'res://assets/building/textures/T_library_appliances_bakelite_albedo.png' remapped 'res://assets/building/textures/T_library_appliances_bakelite_albedo.png' at thread -1
Loading resource: res://assets/building/textures/T_library_appliances_bakelite_rough.png remapped: res://assets/building/textures/T_library_appliances_bakelite_rough.png
Loading resource: res://.godot/imported/T_library_appliances_bakelite_rough.png-47bd9bd9c296e0da71dbc399818139e1.ctex remapped: res://.godot/imported/T_library_appliances_bakelite_rough.png-47bd9bd9c296e0da71dbc399818139e1.ctex
Completed load for: 'res://assets/building/textures/T_library_appliances_bakelite_rough.png' remapped 'res://assets/building/textures/T_library_appliances_bakelite_rough.png' at thread -1
Loading resource: res://assets/building/textures/T_library_appliances_bakelite_normal.png remapped: res://assets/building/textures/T_library_appliances_bakelite_normal.png
Loading resource: res://.godot/imported/T_library_appliances_bakelite_normal.png-abeed6abc0fecb440f5473f1237ea12d.ctex remapped: res://.godot/imported/T_library_appliances_bakelite_normal.png-abeed6abc0fecb440f5473f1237ea12d.ctex
Completed load for: 'res://assets/building/textures/T_library_appliances_bakelite_normal.png' remapped 'res://assets/building/textures/T_library_appliances_bakelite_normal.png' at thread -1
Loading resource: res://assets/building/textures/T_library_appliances_brushed_steel_albedo.png remapped: res://assets/building/textures/T_library_appliances_brushed_steel_albedo.png
Loading resource: res://.godot/imported/T_library_appliances_brushed_steel_albedo.png-177206743763bc07bc5cf9f1274d183e.s3tc.ctex remapped: res://.godot/imported/T_library_appliances_brushed_steel_albedo.png-177206743763bc07bc5cf9f1274d183e.s3tc.ctex
Completed load for: 'res://assets/building/textures/T_library_appliances_brushed_steel_albedo.png' remapped 'res://assets/building/textures/T_library_appliances_brushed_steel_albedo.png' at thread -1
Loading resource: res://assets/building/textures/T_library_appliances_brushed_steel_rough.png remapped: res://assets/building/textures/T_library_appliances_brushed_steel_rough.png
Loading resource: res://.godot/imported/T_library_appliances_brushed_steel_rough.png-4c8c52614a5f2d8ec0afe39ba3e069eb.s3tc.ctex remapped: res://.godot/imported/T_library_appliances_brushed_steel_rough.png-4c8c52614a5f2d8ec0afe39ba3e069eb.s3tc.ctex
Completed load for: 'res://assets/building/textures/T_library_appliances_brushed_steel_rough.png' remapped 'res://assets/building/textures/T_library_appliances_brushed_steel_rough.png' at thread -1
Loading resource: res://assets/building/textures/T_library_appliances_brushed_steel_normal.png remapped: res://assets/building/textures/T_library_appliances_brushed_steel_normal.png
Loading resource: res://.godot/imported/T_library_appliances_brushed_steel_normal.png-f8b8d544cee73236dbdfca87af5e5ec5.s3tc.ctex remapped: res://.godot/imported/T_library_appliances_brushed_steel_normal.png-f8b8d544cee73236dbdfca87af5e5ec5.s3tc.ctex
Completed load for: 'res://assets/building/textures/T_library_appliances_brushed_steel_normal.png' remapped 'res://assets/building/textures/T_library_appliances_brushed_steel_normal.png' at thread -1
Loading resource: res://assets/audio/freesound/processed/events/water_droplets.wav remapped: res://assets/audio/freesound/processed/events/water_droplets.wav
Loading resource: res://.godot/imported/water_droplets.wav-117f7f6db4471d9ccaa90e137ad214e3.sample remapped: res://.godot/imported/water_droplets.wav-117f7f6db4471d9ccaa90e137ad214e3.sample
Completed load for: 'res://assets/audio/freesound/processed/events/water_droplets.wav' remapped 'res://assets/audio/freesound/processed/events/water_droplets.wav' at thread -1
Shader cache miss for SceneForwardClusteredShaderRD/069fad9662d1c110a7284347f6822a7ae0bb9be399f57215e33231e68a6e4692/81295725b10ccf2e0f96f4b5a1fafbf2e58c4e7e
Loading resource: res://assets/building/textures/exterior_lighting/stained_cracked_prismatic_glass.png remapped: res://assets/building/textures/exterior_lighting/stained_cracked_prismatic_glass.png
Loading resource: res://.godot/imported/stained_cracked_prismatic_glass.png-70a63e51b75d90baa3de5e7000b8bf19.ctex remapped: res://.godot/imported/stained_cracked_prismatic_glass.png-70a63e51b75d90baa3de5e7000b8bf19.ctex
Completed load for: 'res://assets/building/textures/exterior_lighting/stained_cracked_prismatic_glass.png' remapped 'res://assets/building/textures/exterior_lighting/stained_cracked_prismatic_glass.png' at thread -1
Loading resource: res://assets/building/textures/found_art/screens_02.webp remapped: res://assets/building/textures/found_art/screens_02.webp
Loading resource: res://.godot/imported/screens_02.webp-8befac21f07faf5d97a9f4860cabe264.ctex remapped: res://.godot/imported/screens_02.webp-8befac21f07faf5d97a9f4860cabe264.ctex
Completed load for: 'res://assets/building/textures/found_art/screens_02.webp' remapped 'res://assets/building/textures/found_art/screens_02.webp' at thread -1
Loading resource: res://assets/building/textures/found_art/screens_02.webp remapped: res://assets/building/textures/found_art/screens_02.webp
Loading resource: res://.godot/imported/screens_02.webp-8befac21f07faf5d97a9f4860cabe264.ctex remapped: res://.godot/imported/screens_02.webp-8befac21f07faf5d97a9f4860cabe264.ctex
Completed load for: 'res://assets/building/textures/found_art/screens_02.webp' remapped 'res://assets/building/textures/found_art/screens_02.webp' at thread -1
Shader cache miss for SceneForwardClusteredShaderRD/069fad9662d1c110a7284347f6822a7ae0bb9be399f57215e33231e68a6e4692/f9470bb28294bf26311caf56104540eda1625250
Shader cache miss for SceneForwardClusteredShaderRD/069fad9662d1c110a7284347f6822a7ae0bb9be399f57215e33231e68a6e4692/2ec25469ff871061d95be949217a0424b913da69
Loading resource: res://assets/building/textures/found_art/screens_01.webp remapped: res://assets/building/textures/found_art/screens_01.webp
Loading resource: res://.godot/imported/screens_01.webp-5aa71f1f60c5038f65559c5ceff124f2.ctex remapped: res://.godot/imported/screens_01.webp-5aa71f1f60c5038f65559c5ceff124f2.ctex
Completed load for: 'res://assets/building/textures/found_art/screens_01.webp' remapped 'res://assets/building/textures/found_art/screens_01.webp' at thread -1
Loading resource: res://assets/building/textures/found_art/screens_01.webp remapped: res://assets/building/textures/found_art/screens_01.webp
Loading resource: res://.godot/imported/screens_01.webp-5aa71f1f60c5038f65559c5ceff124f2.ctex remapped: res://.godot/imported/screens_01.webp-5aa71f1f60c5038f65559c5ceff124f2.ctex
Completed load for: 'res://assets/building/textures/found_art/screens_01.webp' remapped 'res://assets/building/textures/found_art/screens_01.webp' at thread -1
Loading resource: res://assets/building/textures/found_art/screens_01.webp remapped: res://assets/building/textures/found_art/screens_01.webp
Loading resource: res://.godot/imported/screens_01.webp-5aa71f1f60c5038f65559c5ceff124f2.ctex remapped: res://.godot/imported/screens_01.webp-5aa71f1f60c5038f65559c5ceff124f2.ctex
Completed load for: 'res://assets/building/textures/found_art/screens_01.webp' remapped 'res://assets/building/textures/found_art/screens_01.webp' at thread -1
[BUILDING] 488 functional props spawned
[FURNITURE INTERACTION] 72 baked mechanisms restored
Loading resource: res://assets/building/textures/exterior_details/exterior_damage_atlas.png remapped: res://assets/building/textures/exterior_details/exterior_damage_atlas.png
Loading resource: res://.godot/imported/exterior_damage_atlas.png-3a1f771d9caf9d69ea72aefa3d0211c3.ctex remapped: res://.godot/imported/exterior_damage_atlas.png-3a1f771d9caf9d69ea72aefa3d0211c3.ctex
Completed load for: 'res://assets/building/textures/exterior_details/exterior_damage_atlas.png' remapped 'res://assets/building/textures/exterior_details/exterior_damage_atlas.png' at thread -1
Loading resource: res://assets/building/textures/exterior_details/exterior_damage_atlas.png remapped: res://assets/building/textures/exterior_details/exterior_damage_atlas.png
Loading resource: res://.godot/imported/exterior_damage_atlas.png-3a1f771d9caf9d69ea72aefa3d0211c3.ctex remapped: res://.godot/imported/exterior_damage_atlas.png-3a1f771d9caf9d69ea72aefa3d0211c3.ctex
Completed load for: 'res://assets/building/textures/exterior_details/exterior_damage_atlas.png' remapped 'res://assets/building/textures/exterior_details/exterior_damage_atlas.png' at thread -1
Loading resource: res://assets/building/textures/exterior_details/exterior_damage_atlas.png remapped: res://assets/building/textures/exterior_details/exterior_damage_atlas.png
Loading resource: res://.godot/imported/exterior_damage_atlas.png-3a1f771d9caf9d69ea72aefa3d0211c3.ctex remapped: res://.godot/imported/exterior_damage_atlas.png-3a1f771d9caf9d69ea72aefa3d0211c3.ctex
Completed load for: 'res://assets/building/textures/exterior_details/exterior_damage_atlas.png' remapped 'res://assets/building/textures/exterior_details/exterior_damage_atlas.png' at thread -1
Loading resource: res://assets/building/textures/exterior_details/exterior_damage_atlas.png remapped: res://assets/building/textures/exterior_details/exterior_damage_atlas.png
Loading resource: res://.godot/imported/exterior_damage_atlas.png-3a1f771d9caf9d69ea72aefa3d0211c3.ctex remapped: res://.godot/imported/exterior_damage_atlas.png-3a1f771d9caf9d69ea72aefa3d0211c3.ctex
Completed load for: 'res://assets/building/textures/exterior_details/exterior_damage_atlas.png' remapped 'res://assets/building/textures/exterior_details/exterior_damage_atlas.png' at thread -1
Shader cache miss for SceneForwardClusteredShaderRD/069fad9662d1c110a7284347f6822a7ae0bb9be399f57215e33231e68a6e4692/80727c5c405cd49d3b85121d51c05577e1779f1a
Shader cache miss for SceneForwardClusteredShaderRD/069fad9662d1c110a7284347f6822a7ae0bb9be399f57215e33231e68a6e4692/80727c5c405cd49d3b85121d51c05577e1779f1a
Shader cache miss for SceneForwardClusteredShaderRD/069fad9662d1c110a7284347f6822a7ae0bb9be399f57215e33231e68a6e4692/80727c5c405cd49d3b85121d51c05577e1779f1a
Shader cache miss for SceneForwardClusteredShaderRD/069fad9662d1c110a7284347f6822a7ae0bb9be399f57215e33231e68a6e4692/80727c5c405cd49d3b85121d51c05577e1779f1a
Shader cache miss for SceneForwardClusteredShaderRD/069fad9662d1c110a7284347f6822a7ae0bb9be399f57215e33231e68a6e4692/80727c5c405cd49d3b85121d51c05577e1779f1a
Shader cache miss for SceneForwardClusteredShaderRD/069fad9662d1c110a7284347f6822a7ae0bb9be399f57215e33231e68a6e4692/80727c5c405cd49d3b85121d51c05577e1779f1a
Shader cache miss for SceneForwardClusteredShaderRD/069fad9662d1c110a7284347f6822a7ae0bb9be399f57215e33231e68a6e4692/fe3f88e0241aae0238d53bf639f4438c41f99561
Shader cache miss for SceneForwardClusteredShaderRD/069fad9662d1c110a7284347f6822a7ae0bb9be399f57215e33231e68a6e4692/63f61b4e446b4503278aac4c800bab48386602ef
Shader cache miss for SceneForwardClusteredShaderRD/069fad9662d1c110a7284347f6822a7ae0bb9be399f57215e33231e68a6e4692/43400f97e11d14be9207aaa6fdf05ad92d242b95
Shader cache miss for SceneForwardClusteredShaderRD/069fad9662d1c110a7284347f6822a7ae0bb9be399f57215e33231e68a6e4692/293d2904769d9c5732205898e0178587b9dec205
Shader cache miss for SceneForwardClusteredShaderRD/069fad9662d1c110a7284347f6822a7ae0bb9be399f57215e33231e68a6e4692/bf3252567abeae09838af7bcbab3f860a7c30751
Loading resource: res://assets/building/textures/exterior_details/puddle_surface_v2.png remapped: res://assets/building/textures/exterior_details/puddle_surface_v2.png
Loading resource: res://.godot/imported/puddle_surface_v2.png-4d852b26d73aebddbd2c46bacfad5d29.ctex remapped: res://.godot/imported/puddle_surface_v2.png-4d852b26d73aebddbd2c46bacfad5d29.ctex
Completed load for: 'res://assets/building/textures/exterior_details/puddle_surface_v2.png' remapped 'res://assets/building/textures/exterior_details/puddle_surface_v2.png' at thread -1
[BUILDING] exterior finish: 381 batched details, 11 decals, 8 puddles
Loading resource: res://assets/audio/freesound/processed/props/streetlamp_buzz.ogg remapped: res://assets/audio/freesound/processed/props/streetlamp_buzz.ogg
Loading resource: res://.godot/imported/streetlamp_buzz.ogg-e75dd5f132e9783b289d55e2a0d6f876.oggvorbisstr remapped: res://.godot/imported/streetlamp_buzz.ogg-e75dd5f132e9783b289d55e2a0d6f876.oggvorbisstr
Completed load for: 'res://assets/audio/freesound/processed/props/streetlamp_buzz.ogg' remapped 'res://assets/audio/freesound/processed/props/streetlamp_buzz.ogg' at thread -1
Shader cache miss for SceneForwardClusteredShaderRD/069fad9662d1c110a7284347f6822a7ae0bb9be399f57215e33231e68a6e4692/02f882187982bf4fe298b1416b46f11a9a761880
[PASSAGE HOURS] OPEN; 10 grilles folded
[PASSAGE HOURS] 11 shopfronts, 10 close after 02:00, HARDWARE PAINT keeps night service
[PASSAGE FINISH] 6 gated draws, 3 handcarts, hours active
Loading resource: res://assets/characters/evelyn_marsh/evelyn_marsh.gltf remapped: res://assets/characters/evelyn_marsh/evelyn_marsh.gltf
Loading resource: res://.godot/imported/evelyn_marsh.gltf-3c5f33c2601eb059a14353959a8220e9.scn remapped: res://.godot/imported/evelyn_marsh.gltf-3c5f33c2601eb059a14353959a8220e9.scn
Loading resource: res://assets/characters/evelyn_marsh/texture_0.jpg remapped: res://assets/characters/evelyn_marsh/texture_0.jpg
Loading resource: res://.godot/imported/texture_0.jpg-988f22cee236c0ac493f5db3acc14b88.ctex remapped: res://.godot/imported/texture_0.jpg-988f22cee236c0ac493f5db3acc14b88.ctex
Completed load for: 'res://assets/characters/evelyn_marsh/texture_0.jpg' remapped 'res://assets/characters/evelyn_marsh/texture_0.jpg' at thread -1
Completed load for: 'res://assets/characters/evelyn_marsh/evelyn_marsh.gltf' remapped 'res://assets/characters/evelyn_marsh/evelyn_marsh.gltf' at thread -1
Loading resource: res://assets/characters/teresa_vale/teresa_vale.gltf remapped: res://assets/characters/teresa_vale/teresa_vale.gltf
Loading resource: res://.godot/imported/teresa_vale.gltf-4705af9c2eba83e06db1688eca9e725a.scn remapped: res://.godot/imported/teresa_vale.gltf-4705af9c2eba83e06db1688eca9e725a.scn
Loading resource: res://assets/characters/teresa_vale/texture_0.png remapped: res://assets/characters/teresa_vale/texture_0.png
Loading resource: res://.godot/imported/texture_0.png-8399c2993d076a4859fda13067f81fb2.ctex remapped: res://.godot/imported/texture_0.png-8399c2993d076a4859fda13067f81fb2.ctex
Completed load for: 'res://assets/characters/teresa_vale/texture_0.png' remapped 'res://assets/characters/teresa_vale/texture_0.png' at thread -1
Completed load for: 'res://assets/characters/teresa_vale/teresa_vale.gltf' remapped 'res://assets/characters/teresa_vale/teresa_vale.gltf' at thread -1
[MOVES] personal library: res://assets/characters/teresa_vale/teresa_vale_moves.glb
Loading resource: res://assets/characters/teresa_vale/teresa_vale_moves.glb remapped: res://assets/characters/teresa_vale/teresa_vale_moves.glb
Loading resource: res://.godot/imported/teresa_vale_moves.glb-38d1fcf126576fa16d4be9247d50bac8.scn remapped: res://.godot/imported/teresa_vale_moves.glb-38d1fcf126576fa16d4be9247d50bac8.scn
Completed load for: 'res://assets/characters/teresa_vale/teresa_vale_moves.glb' remapped 'res://assets/characters/teresa_vale/teresa_vale_moves.glb' at thread -1
Loading resource: res://assets/characters/mina_vale/mina_vale.gltf remapped: res://assets/characters/mina_vale/mina_vale.gltf
Loading resource: res://.godot/imported/mina_vale.gltf-d3b988ce2a7a61307ce74670bab22300.scn remapped: res://.godot/imported/mina_vale.gltf-d3b988ce2a7a61307ce74670bab22300.scn
Loading resource: res://assets/characters/mina_vale/texture_0.png remapped: res://assets/characters/mina_vale/texture_0.png
Loading resource: res://.godot/imported/texture_0.png-7ba0d1bb8e8fcf582a40806e4c270463.ctex remapped: res://.godot/imported/texture_0.png-7ba0d1bb8e8fcf582a40806e4c270463.ctex
Completed load for: 'res://assets/characters/mina_vale/texture_0.png' remapped 'res://assets/characters/mina_vale/texture_0.png' at thread -1
Shader cache miss for SceneForwardClusteredShaderRD/069fad9662d1c110a7284347f6822a7ae0bb9be399f57215e33231e68a6e4692/1d22b95377aadca3a0931113adee5cc3272a0404
Completed load for: 'res://assets/characters/mina_vale/mina_vale.gltf' remapped 'res://assets/characters/mina_vale/mina_vale.gltf' at thread -1
[MOVES] personal library: res://assets/characters/mina_vale/mina_vale_moves.glb
Loading resource: res://assets/characters/mina_vale/mina_vale_moves.glb remapped: res://assets/characters/mina_vale/mina_vale_moves.glb
Loading resource: res://.godot/imported/mina_vale_moves.glb-b3b06abba36248588db08d0bdc7704f0.scn remapped: res://.godot/imported/mina_vale_moves.glb-b3b06abba36248588db08d0bdc7704f0.scn
Completed load for: 'res://assets/characters/mina_vale/mina_vale_moves.glb' remapped 'res://assets/characters/mina_vale/mina_vale_moves.glb' at thread -1
Loading resource: res://assets/characters/lena_ortiz/lena_ortiz.gltf remapped: res://assets/characters/lena_ortiz/lena_ortiz.gltf
Loading resource: res://.godot/imported/lena_ortiz.gltf-6af5793b3937dd6e471592742ec5a152.scn remapped: res://.godot/imported/lena_ortiz.gltf-6af5793b3937dd6e471592742ec5a152.scn
Loading resource: res://assets/characters/lena_ortiz/texture_0.png remapped: res://assets/characters/lena_ortiz/texture_0.png
Loading resource: res://.godot/imported/texture_0.png-3d275ac39c434a2f381792189c177a7e.ctex remapped: res://.godot/imported/texture_0.png-3d275ac39c434a2f381792189c177a7e.ctex
Completed load for: 'res://assets/characters/lena_ortiz/texture_0.png' remapped 'res://assets/characters/lena_ortiz/texture_0.png' at thread -1
Completed load for: 'res://assets/characters/lena_ortiz/lena_ortiz.gltf' remapped 'res://assets/characters/lena_ortiz/lena_ortiz.gltf' at thread -1
[MOVES] personal library: res://assets/characters/lena_ortiz/lena_ortiz_moves.glb
Loading resource: res://assets/characters/lena_ortiz/lena_ortiz_moves.glb remapped: res://assets/characters/lena_ortiz/lena_ortiz_moves.glb
Loading resource: res://.godot/imported/lena_ortiz_moves.glb-12127deb06c671a2d3c3d0e95b77fc60.scn remapped: res://.godot/imported/lena_ortiz_moves.glb-12127deb06c671a2d3c3d0e95b77fc60.scn
Completed load for: 'res://assets/characters/lena_ortiz/lena_ortiz_moves.glb' remapped 'res://assets/characters/lena_ortiz/lena_ortiz_moves.glb' at thread -1
Loading resource: res://assets/characters/juno_kells/juno_kells.gltf remapped: res://assets/characters/juno_kells/juno_kells.gltf
Loading resource: res://.godot/imported/juno_kells.gltf-d0d1a49a3cdb82a71ef65cfa0681850c.scn remapped: res://.godot/imported/juno_kells.gltf-d0d1a49a3cdb82a71ef65cfa0681850c.scn
Loading resource: res://assets/characters/juno_kells/texture_0.png remapped: res://assets/characters/juno_kells/texture_0.png
Loading resource: res://.godot/imported/texture_0.png-36f90857ef508ea61d02646faea3792f.ctex remapped: res://.godot/imported/texture_0.png-36f90857ef508ea61d02646faea3792f.ctex
Completed load for: 'res://assets/characters/juno_kells/texture_0.png' remapped 'res://assets/characters/juno_kells/texture_0.png' at thread -1
Completed load for: 'res://assets/characters/juno_kells/juno_kells.gltf' remapped 'res://assets/characters/juno_kells/juno_kells.gltf' at thread -1
[MOVES] personal library: res://assets/characters/juno_kells/juno_kells_moves.glb
Loading resource: res://assets/characters/juno_kells/juno_kells_moves.glb remapped: res://assets/characters/juno_kells/juno_kells_moves.glb
Loading resource: res://.godot/imported/juno_kells_moves.glb-a96a77efb8b8b6f379d3c35386e0e22a.scn remapped: res://.godot/imported/juno_kells_moves.glb-a96a77efb8b8b6f379d3c35386e0e22a.scn
Completed load for: 'res://assets/characters/juno_kells/juno_kells_moves.glb' remapped 'res://assets/characters/juno_kells/juno_kells_moves.glb' at thread -1
Loading resource: res://assets/characters/malcolm_reed/malcolm_reed.gltf remapped: res://assets/characters/malcolm_reed/malcolm_reed.gltf
Loading resource: res://.godot/imported/malcolm_reed.gltf-1c7e31a0ba9d4d0b39f6a6d6e4948584.scn remapped: res://.godot/imported/malcolm_reed.gltf-1c7e31a0ba9d4d0b39f6a6d6e4948584.scn
Loading resource: res://assets/characters/malcolm_reed/texture_0.png remapped: res://assets/characters/malcolm_reed/texture_0.png
Loading resource: res://.godot/imported/texture_0.png-42b2190152b2b70138a799e7438955ed.ctex remapped: res://.godot/imported/texture_0.png-42b2190152b2b70138a799e7438955ed.ctex
Completed load for: 'res://assets/characters/malcolm_reed/texture_0.png' remapped 'res://assets/characters/malcolm_reed/texture_0.png' at thread -1
Completed load for: 'res://assets/characters/malcolm_reed/malcolm_reed.gltf' remapped 'res://assets/characters/malcolm_reed/malcolm_reed.gltf' at thread -1
[MOVES] personal library: res://assets/characters/malcolm_reed/malcolm_reed_moves.glb
Loading resource: res://assets/characters/malcolm_reed/malcolm_reed_moves.glb remapped: res://assets/characters/malcolm_reed/malcolm_reed_moves.glb
Loading resource: res://.godot/imported/malcolm_reed_moves.glb-fe7e5de4afe78808cd6d028044375285.scn remapped: res://.godot/imported/malcolm_reed_moves.glb-fe7e5de4afe78808cd6d028044375285.scn
Completed load for: 'res://assets/characters/malcolm_reed/malcolm_reed_moves.glb' remapped 'res://assets/characters/malcolm_reed/malcolm_reed_moves.glb' at thread -1
Loading resource: res://assets/characters/omar_bell/omar_bell.gltf remapped: res://assets/characters/omar_bell/omar_bell.gltf
Loading resource: res://.godot/imported/omar_bell.gltf-66118b907eae1459b3094360623122ed.scn remapped: res://.godot/imported/omar_bell.gltf-66118b907eae1459b3094360623122ed.scn
Loading resource: res://assets/characters/omar_bell/texture_0.png remapped: res://assets/characters/omar_bell/texture_0.png
Loading resource: res://.godot/imported/texture_0.png-f7eade2c3465da553a31b1c970746a8b.ctex remapped: res://.godot/imported/texture_0.png-f7eade2c3465da553a31b1c970746a8b.ctex
Completed load for: 'res://assets/characters/omar_bell/texture_0.png' remapped 'res://assets/characters/omar_bell/texture_0.png' at thread -1
Completed load for: 'res://assets/characters/omar_bell/omar_bell.gltf' remapped 'res://assets/characters/omar_bell/omar_bell.gltf' at thread -1
[MOVES] personal library: res://assets/characters/omar_bell/omar_bell_moves.glb
Loading resource: res://assets/characters/omar_bell/omar_bell_moves.glb remapped: res://assets/characters/omar_bell/omar_bell_moves.glb
Loading resource: res://.godot/imported/omar_bell_moves.glb-010dae59629c7357d5df4ca134e0f83b.scn remapped: res://.godot/imported/omar_bell_moves.glb-010dae59629c7357d5df4ca134e0f83b.scn
Completed load for: 'res://assets/characters/omar_bell/omar_bell_moves.glb' remapped 'res://assets/characters/omar_bell/omar_bell_moves.glb' at thread -1
Loading resource: res://assets/characters/rhea_sato/rhea_sato.gltf remapped: res://assets/characters/rhea_sato/rhea_sato.gltf
Loading resource: res://.godot/imported/rhea_sato.gltf-592d0ff9f06185b21c732c89953addc6.scn remapped: res://.godot/imported/rhea_sato.gltf-592d0ff9f06185b21c732c89953addc6.scn
Loading resource: res://assets/characters/rhea_sato/texture_0.png remapped: res://assets/characters/rhea_sato/texture_0.png
Loading resource: res://.godot/imported/texture_0.png-768e6981af6daace2f8af8563a32a6fb.ctex remapped: res://.godot/imported/texture_0.png-768e6981af6daace2f8af8563a32a6fb.ctex
Completed load for: 'res://assets/characters/rhea_sato/texture_0.png' remapped 'res://assets/characters/rhea_sato/texture_0.png' at thread -1
Completed load for: 'res://assets/characters/rhea_sato/rhea_sato.gltf' remapped 'res://assets/characters/rhea_sato/rhea_sato.gltf' at thread -1
[MOVES] personal library: res://assets/characters/rhea_sato/rhea_sato_moves.glb
Loading resource: res://assets/characters/rhea_sato/rhea_sato_moves.glb remapped: res://assets/characters/rhea_sato/rhea_sato_moves.glb
Loading resource: res://.godot/imported/rhea_sato_moves.glb-781d63160c7a24b8174b827376b30979.scn remapped: res://.godot/imported/rhea_sato_moves.glb-781d63160c7a24b8174b827376b30979.scn
Completed load for: 'res://assets/characters/rhea_sato/rhea_sato_moves.glb' remapped 'res://assets/characters/rhea_sato/rhea_sato_moves.glb' at thread -1
Loading resource: res://assets/characters/peter_wren/peter_wren.gltf remapped: res://assets/characters/peter_wren/peter_wren.gltf
Loading resource: res://.godot/imported/peter_wren.gltf-ed52f549fee178d8ff9481c04ff470b9.scn remapped: res://.godot/imported/peter_wren.gltf-ed52f549fee178d8ff9481c04ff470b9.scn
Loading resource: res://assets/characters/peter_wren/texture_0.png remapped: res://assets/characters/peter_wren/texture_0.png
Loading resource: res://.godot/imported/texture_0.png-4be1397af45c1c2e68cdb1844d429a00.ctex remapped: res://.godot/imported/texture_0.png-4be1397af45c1c2e68cdb1844d429a00.ctex
Completed load for: 'res://assets/characters/peter_wren/texture_0.png' remapped 'res://assets/characters/peter_wren/texture_0.png' at thread -1
Completed load for: 'res://assets/characters/peter_wren/peter_wren.gltf' remapped 'res://assets/characters/peter_wren/peter_wren.gltf' at thread -1
[MOVES] personal library: res://assets/characters/peter_wren/peter_wren_moves.glb
Loading resource: res://assets/characters/peter_wren/peter_wren_moves.glb remapped: res://assets/characters/peter_wren/peter_wren_moves.glb
Loading resource: res://.godot/imported/peter_wren_moves.glb-0bfff03ffd86d770ff60b7996f8107b9.scn remapped: res://.godot/imported/peter_wren_moves.glb-0bfff03ffd86d770ff60b7996f8107b9.scn
Completed load for: 'res://assets/characters/peter_wren/peter_wren_moves.glb' remapped 'res://assets/characters/peter_wren/peter_wren_moves.glb' at thread -1
Loading resource: res://assets/characters/cam_ortiz/cam_ortiz.gltf remapped: res://assets/characters/cam_ortiz/cam_ortiz.gltf
Loading resource: res://.godot/imported/cam_ortiz.gltf-54df82eb6c082377841cc095d00ae171.scn remapped: res://.godot/imported/cam_ortiz.gltf-54df82eb6c082377841cc095d00ae171.scn
Loading resource: res://assets/characters/cam_ortiz/texture_0.png remapped: res://assets/characters/cam_ortiz/texture_0.png
Loading resource: res://.godot/imported/texture_0.png-cbdd849b7fca90e9965a9a840b0728cb.ctex remapped: res://.godot/imported/texture_0.png-cbdd849b7fca90e9965a9a840b0728cb.ctex
Completed load for: 'res://assets/characters/cam_ortiz/texture_0.png' remapped 'res://assets/characters/cam_ortiz/texture_0.png' at thread -1
Completed load for: 'res://assets/characters/cam_ortiz/cam_ortiz.gltf' remapped 'res://assets/characters/cam_ortiz/cam_ortiz.gltf' at thread -1
[MOVES] personal library: res://assets/characters/cam_ortiz/cam_ortiz_moves.glb
Loading resource: res://assets/characters/cam_ortiz/cam_ortiz_moves.glb remapped: res://assets/characters/cam_ortiz/cam_ortiz_moves.glb
Loading resource: res://.godot/imported/cam_ortiz_moves.glb-412e3f6d292e39d567871045d91de196.scn remapped: res://.godot/imported/cam_ortiz_moves.glb-412e3f6d292e39d567871045d91de196.scn
Completed load for: 'res://assets/characters/cam_ortiz/cam_ortiz_moves.glb' remapped 'res://assets/characters/cam_ortiz/cam_ortiz_moves.glb' at thread -1
Loading resource: res://assets/characters/noel_price/noel_price.gltf remapped: res://assets/characters/noel_price/noel_price.gltf
Loading resource: res://.godot/imported/noel_price.gltf-69ed2ae4cb829c6072d45f128aa182bd.scn remapped: res://.godot/imported/noel_price.gltf-69ed2ae4cb829c6072d45f128aa182bd.scn
Loading resource: res://assets/characters/noel_price/texture_0.png remapped: res://assets/characters/noel_price/texture_0.png
Loading resource: res://.godot/imported/texture_0.png-56b65b32887f567dad30c0c4bbd3f91c.ctex remapped: res://.godot/imported/texture_0.png-56b65b32887f567dad30c0c4bbd3f91c.ctex
Completed load for: 'res://assets/characters/noel_price/texture_0.png' remapped 'res://assets/characters/noel_price/texture_0.png' at thread -1
Completed load for: 'res://assets/characters/noel_price/noel_price.gltf' remapped 'res://assets/characters/noel_price/noel_price.gltf' at thread -1
[MOVES] personal library: res://assets/characters/noel_price/noel_price_moves.glb
Loading resource: res://assets/characters/noel_price/noel_price_moves.glb remapped: res://assets/characters/noel_price/noel_price_moves.glb
Loading resource: res://.godot/imported/noel_price_moves.glb-46c26dd78a97e3ea896a7789ff696f04.scn remapped: res://.godot/imported/noel_price_moves.glb-46c26dd78a97e3ea896a7789ff696f04.scn
Completed load for: 'res://assets/characters/noel_price/noel_price_moves.glb' remapped 'res://assets/characters/noel_price/noel_price_moves.glb' at thread -1
Loading resource: res://assets/characters/transient_guests/transient_guests.gltf remapped: res://assets/characters/transient_guests/transient_guests.gltf
Loading resource: res://.godot/imported/transient_guests.gltf-c923da44ab103504d8ead6dc92900911.scn remapped: res://.godot/imported/transient_guests.gltf-c923da44ab103504d8ead6dc92900911.scn
Loading resource: res://assets/characters/transient_guests/texture_0.png remapped: res://assets/characters/transient_guests/texture_0.png
Loading resource: res://.godot/imported/texture_0.png-196d4c8f9280bf839bb77fe00124564d.ctex remapped: res://.godot/imported/texture_0.png-196d4c8f9280bf839bb77fe00124564d.ctex
Completed load for: 'res://assets/characters/transient_guests/texture_0.png' remapped 'res://assets/characters/transient_guests/texture_0.png' at thread -1
Completed load for: 'res://assets/characters/transient_guests/transient_guests.gltf' remapped 'res://assets/characters/transient_guests/transient_guests.gltf' at thread -1
[MOVES] personal library: res://assets/characters/transient_guests/transient_guests_moves.glb
Loading resource: res://assets/characters/transient_guests/transient_guests_moves.glb remapped: res://assets/characters/transient_guests/transient_guests_moves.glb
Loading resource: res://.godot/imported/transient_guests_moves.glb-13cf45d9c017187ce9a1a19efe5e09df.scn remapped: res://.godot/imported/transient_guests_moves.glb-13cf45d9c017187ce9a1a19efe5e09df.scn
Completed load for: 'res://assets/characters/transient_guests/transient_guests_moves.glb' remapped 'res://assets/characters/transient_guests/transient_guests_moves.glb' at thread -1
Loading resource: res://assets/characters/nadia_quell/nadia_quell.gltf remapped: res://assets/characters/nadia_quell/nadia_quell.gltf
Loading resource: res://.godot/imported/nadia_quell.gltf-b6d002bf79451125c3ea7f15bdc789a9.scn remapped: res://.godot/imported/nadia_quell.gltf-b6d002bf79451125c3ea7f15bdc789a9.scn
Loading resource: res://assets/characters/nadia_quell/texture_0.png remapped: res://assets/characters/nadia_quell/texture_0.png
Loading resource: res://.godot/imported/texture_0.png-c34c7e9785f4fed6498502097cadc8a3.ctex remapped: res://.godot/imported/texture_0.png-c34c7e9785f4fed6498502097cadc8a3.ctex
Completed load for: 'res://assets/characters/nadia_quell/texture_0.png' remapped 'res://assets/characters/nadia_quell/texture_0.png' at thread -1
Completed load for: 'res://assets/characters/nadia_quell/nadia_quell.gltf' remapped 'res://assets/characters/nadia_quell/nadia_quell.gltf' at thread -1
[MOVES] personal library: res://assets/characters/nadia_quell/nadia_quell_moves.glb
Loading resource: res://assets/characters/nadia_quell/nadia_quell_moves.glb remapped: res://assets/characters/nadia_quell/nadia_quell_moves.glb
Loading resource: res://.godot/imported/nadia_quell_moves.glb-a06057855bb1c261c2daf81405444a47.scn remapped: res://.godot/imported/nadia_quell_moves.glb-a06057855bb1c261c2daf81405444a47.scn
Completed load for: 'res://assets/characters/nadia_quell/nadia_quell_moves.glb' remapped 'res://assets/characters/nadia_quell/nadia_quell_moves.glb' at thread -1
Loading resource: res://assets/characters/cal_dwyer/cal_dwyer.gltf remapped: res://assets/characters/cal_dwyer/cal_dwyer.gltf
Loading resource: res://.godot/imported/cal_dwyer.gltf-6b58e9db4a0ff8e7396e6e63f6969a34.scn remapped: res://.godot/imported/cal_dwyer.gltf-6b58e9db4a0ff8e7396e6e63f6969a34.scn
Loading resource: res://assets/characters/cal_dwyer/texture_0.png remapped: res://assets/characters/cal_dwyer/texture_0.png
Loading resource: res://.godot/imported/texture_0.png-260e73d7f5e19f613d18cb3a75a5192f.ctex remapped: res://.godot/imported/texture_0.png-260e73d7f5e19f613d18cb3a75a5192f.ctex
Completed load for: 'res://assets/characters/cal_dwyer/texture_0.png' remapped 'res://assets/characters/cal_dwyer/texture_0.png' at thread -1
Completed load for: 'res://assets/characters/cal_dwyer/cal_dwyer.gltf' remapped 'res://assets/characters/cal_dwyer/cal_dwyer.gltf' at thread -1
[MOVES] personal library: res://assets/characters/cal_dwyer/cal_dwyer_moves.glb
Loading resource: res://assets/characters/cal_dwyer/cal_dwyer_moves.glb remapped: res://assets/characters/cal_dwyer/cal_dwyer_moves.glb
Loading resource: res://.godot/imported/cal_dwyer_moves.glb-9e1ecdfd16a5cf403677419e69379361.scn remapped: res://.godot/imported/cal_dwyer_moves.glb-9e1ecdfd16a5cf403677419e69379361.scn
Completed load for: 'res://assets/characters/cal_dwyer/cal_dwyer_moves.glb' remapped 'res://assets/characters/cal_dwyer/cal_dwyer_moves.glb' at thread -1
Loading resource: res://assets/characters/iris_bell/iris_bell.gltf remapped: res://assets/characters/iris_bell/iris_bell.gltf
Loading resource: res://.godot/imported/iris_bell.gltf-ba73f6f15b6c563717f15c958566d670.scn remapped: res://.godot/imported/iris_bell.gltf-ba73f6f15b6c563717f15c958566d670.scn
Loading resource: res://assets/characters/iris_bell/texture_0.png remapped: res://assets/characters/iris_bell/texture_0.png
Loading resource: res://.godot/imported/texture_0.png-11a1c7bce2f78d109815a0f7c7ae556e.ctex remapped: res://.godot/imported/texture_0.png-11a1c7bce2f78d109815a0f7c7ae556e.ctex
Completed load for: 'res://assets/characters/iris_bell/texture_0.png' remapped 'res://assets/characters/iris_bell/texture_0.png' at thread -1
Completed load for: 'res://assets/characters/iris_bell/iris_bell.gltf' remapped 'res://assets/characters/iris_bell/iris_bell.gltf' at thread -1
[MOVES] personal library: res://assets/characters/iris_bell/iris_bell_moves.glb
Loading resource: res://assets/characters/iris_bell/iris_bell_moves.glb remapped: res://assets/characters/iris_bell/iris_bell_moves.glb
Loading resource: res://.godot/imported/iris_bell_moves.glb-b29541715ad1707b56c52591e3cdb97f.scn remapped: res://.godot/imported/iris_bell_moves.glb-b29541715ad1707b56c52591e3cdb97f.scn
Completed load for: 'res://assets/characters/iris_bell/iris_bell_moves.glb' remapped 'res://assets/characters/iris_bell/iris_bell_moves.glb' at thread -1
Loading resource: res://assets/characters/sacha_reed/sacha_reed.gltf remapped: res://assets/characters/sacha_reed/sacha_reed.gltf
Loading resource: res://.godot/imported/sacha_reed.gltf-2562b9182fc87fdf2ea5d5e87fd7f4af.scn remapped: res://.godot/imported/sacha_reed.gltf-2562b9182fc87fdf2ea5d5e87fd7f4af.scn
Loading resource: res://assets/characters/sacha_reed/texture_0.png remapped: res://assets/characters/sacha_reed/texture_0.png
Loading resource: res://.godot/imported/texture_0.png-84ce60a8d90aa08c8ffedbc0d58e5512.ctex remapped: res://.godot/imported/texture_0.png-84ce60a8d90aa08c8ffedbc0d58e5512.ctex
Completed load for: 'res://assets/characters/sacha_reed/texture_0.png' remapped 'res://assets/characters/sacha_reed/texture_0.png' at thread -1
Completed load for: 'res://assets/characters/sacha_reed/sacha_reed.gltf' remapped 'res://assets/characters/sacha_reed/sacha_reed.gltf' at thread -1
[MOVES] personal library: res://assets/characters/sacha_reed/sacha_reed_moves.glb
Loading resource: res://assets/characters/sacha_reed/sacha_reed_moves.glb remapped: res://assets/characters/sacha_reed/sacha_reed_moves.glb
Loading resource: res://.godot/imported/sacha_reed_moves.glb-8ace3646b39cf1b9957b535ae9717980.scn remapped: res://.godot/imported/sacha_reed_moves.glb-8ace3646b39cf1b9957b535ae9717980.scn
Completed load for: 'res://assets/characters/sacha_reed/sacha_reed_moves.glb' remapped 'res://assets/characters/sacha_reed/sacha_reed_moves.glb' at thread -1
Loading resource: res://assets/characters/jonah_price/jonah_price.gltf remapped: res://assets/characters/jonah_price/jonah_price.gltf
Loading resource: res://.godot/imported/jonah_price.gltf-2e5049dd6bc80f76dd3960aacf863f6f.scn remapped: res://.godot/imported/jonah_price.gltf-2e5049dd6bc80f76dd3960aacf863f6f.scn
Loading resource: res://assets/characters/jonah_price/texture_0.png remapped: res://assets/characters/jonah_price/texture_0.png
Loading resource: res://.godot/imported/texture_0.png-caa436597f018c137c8d040e77afdb2a.ctex remapped: res://.godot/imported/texture_0.png-caa436597f018c137c8d040e77afdb2a.ctex
Completed load for: 'res://assets/characters/jonah_price/texture_0.png' remapped 'res://assets/characters/jonah_price/texture_0.png' at thread -1
Completed load for: 'res://assets/characters/jonah_price/jonah_price.gltf' remapped 'res://assets/characters/jonah_price/jonah_price.gltf' at thread -1
[MOVES] personal library: res://assets/characters/jonah_price/jonah_price_moves.glb
Loading resource: res://assets/characters/jonah_price/jonah_price_moves.glb remapped: res://assets/characters/jonah_price/jonah_price_moves.glb
Loading resource: res://.godot/imported/jonah_price_moves.glb-657c42cf6449786e57d87c65c937bce3.scn remapped: res://.godot/imported/jonah_price_moves.glb-657c42cf6449786e57d87c65c937bce3.scn
Completed load for: 'res://assets/characters/jonah_price/jonah_price_moves.glb' remapped 'res://assets/characters/jonah_price/jonah_price_moves.glb' at thread -1
Loading resource: res://assets/characters/mae_kessler/mae_kessler.gltf remapped: res://assets/characters/mae_kessler/mae_kessler.gltf
Loading resource: res://.godot/imported/mae_kessler.gltf-ad4189c17a51112ff26cec6ba7d168d4.scn remapped: res://.godot/imported/mae_kessler.gltf-ad4189c17a51112ff26cec6ba7d168d4.scn
Loading resource: res://assets/characters/mae_kessler/texture_0.png remapped: res://assets/characters/mae_kessler/texture_0.png
Loading resource: res://.godot/imported/texture_0.png-218ecacfe42af0b94d98b91b382a2fbb.ctex remapped: res://.godot/imported/texture_0.png-218ecacfe42af0b94d98b91b382a2fbb.ctex
Completed load for: 'res://assets/characters/mae_kessler/texture_0.png' remapped 'res://assets/characters/mae_kessler/texture_0.png' at thread -1
Completed load for: 'res://assets/characters/mae_kessler/mae_kessler.gltf' remapped 'res://assets/characters/mae_kessler/mae_kessler.gltf' at thread -1
[MOVES] personal library: res://assets/characters/mae_kessler/mae_kessler_moves.glb
Loading resource: res://assets/characters/mae_kessler/mae_kessler_moves.glb remapped: res://assets/characters/mae_kessler/mae_kessler_moves.glb
Loading resource: res://.godot/imported/mae_kessler_moves.glb-bc394b5a82dbbddf48e09b3eb0311d3c.scn remapped: res://.godot/imported/mae_kessler_moves.glb-bc394b5a82dbbddf48e09b3eb0311d3c.scn
Completed load for: 'res://assets/characters/mae_kessler/mae_kessler_moves.glb' remapped 'res://assets/characters/mae_kessler/mae_kessler_moves.glb' at thread -1
[BUILDING] 18 residents spawned (18 rigged, 0 sprite fallbacks)
[NAV] 4 schedule anchors installed in PASSAGE
[NAV] 336 nodes across 8 floors; 7 stair links; elevator linked; 57 wall-crossing edges rejected; 323 safe links restored
Loading resource: res://assets/characters/evelyn_marsh/evelyn_marsh.gltf remapped: res://assets/characters/evelyn_marsh/evelyn_marsh.gltf
Loading resource: res://.godot/imported/evelyn_marsh.gltf-3c5f33c2601eb059a14353959a8220e9.scn remapped: res://.godot/imported/evelyn_marsh.gltf-3c5f33c2601eb059a14353959a8220e9.scn
Completed load for: 'res://assets/characters/evelyn_marsh/evelyn_marsh.gltf' remapped 'res://assets/characters/evelyn_marsh/evelyn_marsh.gltf' at thread -1
Loading resource: res://assets/characters/shared/biped_gestures.glb remapped: res://assets/characters/shared/biped_gestures.glb
Loading resource: res://.godot/imported/biped_gestures.glb-544a5a0da43e4dee4c5b411529b91f7f.scn remapped: res://.godot/imported/biped_gestures.glb-544a5a0da43e4dee4c5b411529b91f7f.scn
Completed load for: 'res://assets/characters/shared/biped_gestures.glb' remapped 'res://assets/characters/shared/biped_gestures.glb' at thread -1
[ROUTINES] evelyn_marsh: 48 clips
[ROUTINES] evelyn_marsh upgraded to a mesh
[MOVES] personal library: res://assets/characters/teresa_vale/teresa_vale_moves.glb
[ROUTINES] teresa_vale: 49 clips
[ROUTINES] teresa_vale upgraded to a mesh
[MOVES] personal library: res://assets/characters/mina_vale/mina_vale_moves.glb
[ROUTINES] mina_vale: 49 clips
[ROUTINES] mina_vale upgraded to a mesh
[MOVES] personal library: res://assets/characters/lena_ortiz/lena_ortiz_moves.glb
[ROUTINES] lena_ortiz: 49 clips
[ROUTINES] lena_ortiz upgraded to a mesh
[MOVES] personal library: res://assets/characters/juno_kells/juno_kells_moves.glb
[ROUTINES] juno_kells: 49 clips
[ROUTINES] juno_kells upgraded to a mesh
[MOVES] personal library: res://assets/characters/malcolm_reed/malcolm_reed_moves.glb
[ROUTINES] malcolm_reed: 49 clips
[ROUTINES] malcolm_reed upgraded to a mesh
[MOVES] personal library: res://assets/characters/omar_bell/omar_bell_moves.glb
[ROUTINES] omar_bell: 49 clips
[ROUTINES] omar_bell upgraded to a mesh
[MOVES] personal library: res://assets/characters/rhea_sato/rhea_sato_moves.glb
[ROUTINES] rhea_sato: 49 clips
[ROUTINES] rhea_sato upgraded to a mesh
[MOVES] personal library: res://assets/characters/peter_wren/peter_wren_moves.glb
[ROUTINES] peter_wren: 49 clips
[ROUTINES] peter_wren upgraded to a mesh
[MOVES] personal library: res://assets/characters/cam_ortiz/cam_ortiz_moves.glb
[ROUTINES] cam_ortiz: 49 clips
[ROUTINES] cam_ortiz upgraded to a mesh
[MOVES] personal library: res://assets/characters/noel_price/noel_price_moves.glb
[ROUTINES] noel_price: 49 clips
[ROUTINES] noel_price upgraded to a mesh
[MOVES] personal library: res://assets/characters/transient_guests/transient_guests_moves.glb
[ROUTINES] transient_guests: 49 clips
[ROUTINES] transient_guests upgraded to a mesh
[MOVES] personal library: res://assets/characters/nadia_quell/nadia_quell_moves.glb
[ROUTINES] nadia_quell: 49 clips
[ROUTINES] nadia_quell upgraded to a mesh
[MOVES] personal library: res://assets/characters/cal_dwyer/cal_dwyer_moves.glb
[ROUTINES] cal_dwyer: 49 clips
[ROUTINES] cal_dwyer upgraded to a mesh
[MOVES] personal library: res://assets/characters/iris_bell/iris_bell_moves.glb
[ROUTINES] iris_bell: 49 clips
[ROUTINES] iris_bell upgraded to a mesh
[MOVES] personal library: res://assets/characters/sacha_reed/sacha_reed_moves.glb
[ROUTINES] sacha_reed: 49 clips
[ROUTINES] sacha_reed upgraded to a mesh
[MOVES] personal library: res://assets/characters/jonah_price/jonah_price_moves.glb
[ROUTINES] jonah_price: 49 clips
[ROUTINES] jonah_price upgraded to a mesh
[MOVES] personal library: res://assets/characters/mae_kessler/mae_kessler_moves.glb
[ROUTINES] mae_kessler: 49 clips
[ROUTINES] mae_kessler upgraded to a mesh
[ROUTINES] 18 residents with somewhere to be
[SWITCHES] 157 fixtures wired across 119 rooms, 87 exterior
[SWITCHES] 215 live plates
Loading resource: res://assets/building/textures/T_ai_materials_car_paint_albedo.png remapped: res://assets/building/textures/T_ai_materials_car_paint_albedo.png
Loading resource: res://.godot/imported/T_ai_materials_car_paint_albedo.png-ac96a1ea99bff1538335198a861688db.ctex remapped: res://.godot/imported/T_ai_materials_car_paint_albedo.png-ac96a1ea99bff1538335198a861688db.ctex
Completed load for: 'res://assets/building/textures/T_ai_materials_car_paint_albedo.png' remapped 'res://assets/building/textures/T_ai_materials_car_paint_albedo.png' at thread -1
Loading resource: res://assets/building/textures/T_ai_materials_car_paint_rough.png remapped: res://assets/building/textures/T_ai_materials_car_paint_rough.png
Loading resource: res://.godot/imported/T_ai_materials_car_paint_rough.png-3d5604edc16fa44e8e59b0c3821e833a.ctex remapped: res://.godot/imported/T_ai_materials_car_paint_rough.png-3d5604edc16fa44e8e59b0c3821e833a.ctex
Completed load for: 'res://assets/building/textures/T_ai_materials_car_paint_rough.png' remapped 'res://assets/building/textures/T_ai_materials_car_paint_rough.png' at thread -1
Loading resource: res://assets/building/textures/T_ai_materials_car_paint_normal.png remapped: res://assets/building/textures/T_ai_materials_car_paint_normal.png
Loading resource: res://.godot/imported/T_ai_materials_car_paint_normal.png-b3627dbbb4fc9b7b7cfa53c046602ae8.ctex remapped: res://.godot/imported/T_ai_materials_car_paint_normal.png-b3627dbbb4fc9b7b7cfa53c046602ae8.ctex
Completed load for: 'res://assets/building/textures/T_ai_materials_car_paint_normal.png' remapped 'res://assets/building/textures/T_ai_materials_car_paint_normal.png' at thread -1
Loading resource: res://assets/building/textures/traffic/we_tuna_pianos_sign.png remapped: res://assets/building/textures/traffic/we_tuna_pianos_sign.png
Loading resource: res://.godot/imported/we_tuna_pianos_sign.png-f82723fbdbd773f1fbdf6784a367a05b.ctex remapped: res://.godot/imported/we_tuna_pianos_sign.png-f82723fbdbd773f1fbdf6784a367a05b.ctex
Completed load for: 'res://assets/building/textures/traffic/we_tuna_pianos_sign.png' remapped 'res://assets/building/textures/traffic/we_tuna_pianos_sign.png' at thread -1
Loading resource: res://assets/vehicles/piano_truck.glb remapped: res://assets/vehicles/piano_truck.glb
Loading resource: res://.godot/imported/piano_truck.glb-b364638c9bc77610ff042cd9aa8e1469.scn remapped: res://.godot/imported/piano_truck.glb-b364638c9bc77610ff042cd9aa8e1469.scn
Loading resource: res://assets/vehicles/piano_truck_T_piano_truck_side.png remapped: res://assets/vehicles/piano_truck_T_piano_truck_side.png
Loading resource: res://.godot/imported/piano_truck_T_piano_truck_side.png-2fe859b0c19ccc45d190b0bd1643cdf8.ctex remapped: res://.godot/imported/piano_truck_T_piano_truck_side.png-2fe859b0c19ccc45d190b0bd1643cdf8.ctex
Completed load for: 'res://assets/vehicles/piano_truck_T_piano_truck_side.png' remapped 'res://assets/vehicles/piano_truck_T_piano_truck_side.png' at thread -1
Loading resource: res://assets/vehicles/piano_truck_T_piano_truck_rear.png remapped: res://assets/vehicles/piano_truck_T_piano_truck_rear.png
Loading resource: res://.godot/imported/piano_truck_T_piano_truck_rear.png-9c48e580b5a41b406b618a00ab4f5547.ctex remapped: res://.godot/imported/piano_truck_T_piano_truck_rear.png-9c48e580b5a41b406b618a00ab4f5547.ctex
Completed load for: 'res://assets/vehicles/piano_truck_T_piano_truck_rear.png' remapped 'res://assets/vehicles/piano_truck_T_piano_truck_rear.png' at thread -1
Loading resource: res://assets/vehicles/piano_truck_T_piano_truck_paint.png remapped: res://assets/vehicles/piano_truck_T_piano_truck_paint.png
Loading resource: res://.godot/imported/piano_truck_T_piano_truck_paint.png-190346ca2626e52413d043f86b493841.ctex remapped: res://.godot/imported/piano_truck_T_piano_truck_paint.png-190346ca2626e52413d043f86b493841.ctex
Completed load for: 'res://assets/vehicles/piano_truck_T_piano_truck_paint.png' remapped 'res://assets/vehicles/piano_truck_T_piano_truck_paint.png' at thread -1
Loading resource: res://assets/vehicles/piano_truck_T_piano_truck_panel.png remapped: res://assets/vehicles/piano_truck_T_piano_truck_panel.png
Loading resource: res://.godot/imported/piano_truck_T_piano_truck_panel.png-21fe6e945ba9b4feded4e8167b4e9dc3.ctex remapped: res://.godot/imported/piano_truck_T_piano_truck_panel.png-21fe6e945ba9b4feded4e8167b4e9dc3.ctex
Completed load for: 'res://assets/vehicles/piano_truck_T_piano_truck_panel.png' remapped 'res://assets/vehicles/piano_truck_T_piano_truck_panel.png' at thread -1
Shader cache miss for SceneForwardClusteredShaderRD/069fad9662d1c110a7284347f6822a7ae0bb9be399f57215e33231e68a6e4692/6b21b453576648653e2c75766a797fd539cbd8eb
Completed load for: 'res://assets/vehicles/piano_truck.glb' remapped 'res://assets/vehicles/piano_truck.glb' at thread -1
Shader cache miss for SceneForwardClusteredShaderRD/069fad9662d1c110a7284347f6822a7ae0bb9be399f57215e33231e68a6e4692/b366b0634788b61eac50cdf8a4b186cc94db2364
Shader cache miss for SceneForwardClusteredShaderRD/069fad9662d1c110a7284347f6822a7ae0bb9be399f57215e33231e68a6e4692/478a5631a1273ff3ba0b35a62912315674ef191e
[MOON] 70 windowed rooms
[BUILDING] 18 apartment reality controllers ready
Loading resource: res://assets/audio/freesound/processed/mechanical/elevator_bell.ogg remapped: res://assets/audio/freesound/processed/mechanical/elevator_bell.ogg
Loading resource: res://.godot/imported/elevator_bell.ogg-2f60116cc08d9ca2ba83b4bc142b018d.oggvorbisstr remapped: res://.godot/imported/elevator_bell.ogg-2f60116cc08d9ca2ba83b4bc142b018d.oggvorbisstr
Completed load for: 'res://assets/audio/freesound/processed/mechanical/elevator_bell.ogg' remapped 'res://assets/audio/freesound/processed/mechanical/elevator_bell.ogg' at thread -1
[WAYFINDING] 17 brass unit numbers, 7 directories, 8 fire signs, 1 spine plates, 6 stair pairs, 6 landing plates
[BUILDING] 62 reality-affected props placed
Loading resource: res://assets/building/textures/clocks/dials_honest.png remapped: res://assets/building/textures/clocks/dials_honest.png
Loading resource: res://.godot/imported/dials_honest.png-bd4c103903936256c9590c87438c06f6.ctex remapped: res://.godot/imported/dials_honest.png-bd4c103903936256c9590c87438c06f6.ctex
Completed load for: 'res://assets/building/textures/clocks/dials_honest.png' remapped 'res://assets/building/textures/clocks/dials_honest.png' at thread -1
Shader cache miss for SceneForwardClusteredShaderRD/069fad9662d1c110a7284347f6822a7ae0bb9be399f57215e33231e68a6e4692/4534de3371fe4120bbadb706155fa252846a18ff
[WITNESS] 18 clocks and 20 other domestic anomalies placed and rigged
Loading resource: res://assets/dream/incarnations/mina/T_ai_dream_mina_ink_fiber/albedo.png remapped: res://assets/dream/incarnations/mina/T_ai_dream_mina_ink_fiber/albedo.png
Loading resource: res://.godot/imported/albedo.png-d496fe03983783f0f8d03cae574328a0.ctex remapped: res://.godot/imported/albedo.png-d496fe03983783f0f8d03cae574328a0.ctex
Completed load for: 'res://assets/dream/incarnations/mina/T_ai_dream_mina_ink_fiber/albedo.png' remapped 'res://assets/dream/incarnations/mina/T_ai_dream_mina_ink_fiber/albedo.png' at thread -1
Loading resource: res://assets/dream/incarnations/mina/T_ai_dream_mina_ink_fiber/normal.png remapped: res://assets/dream/incarnations/mina/T_ai_dream_mina_ink_fiber/normal.png
Loading resource: res://.godot/imported/normal.png-e72ad26b76e16b1059552caee0b94c22.ctex remapped: res://.godot/imported/normal.png-e72ad26b76e16b1059552caee0b94c22.ctex
Completed load for: 'res://assets/dream/incarnations/mina/T_ai_dream_mina_ink_fiber/normal.png' remapped 'res://assets/dream/incarnations/mina/T_ai_dream_mina_ink_fiber/normal.png' at thread -1
Loading resource: res://assets/dream/incarnations/mina/T_ai_dream_mina_erased_stock/albedo.png remapped: res://assets/dream/incarnations/mina/T_ai_dream_mina_erased_stock/albedo.png
Loading resource: res://.godot/imported/albedo.png-2151c7cd382b069dbc51d9d92749b85e.ctex remapped: res://.godot/imported/albedo.png-2151c7cd382b069dbc51d9d92749b85e.ctex
Completed load for: 'res://assets/dream/incarnations/mina/T_ai_dream_mina_erased_stock/albedo.png' remapped 'res://assets/dream/incarnations/mina/T_ai_dream_mina_erased_stock/albedo.png' at thread -1
Loading resource: res://assets/dream/incarnations/mina/T_ai_dream_mina_erased_stock/normal.png remapped: res://assets/dream/incarnations/mina/T_ai_dream_mina_erased_stock/normal.png
Loading resource: res://.godot/imported/normal.png-aa76f9886fc71496d8bb397b3fa0af89.ctex remapped: res://.godot/imported/normal.png-aa76f9886fc71496d8bb397b3fa0af89.ctex
Completed load for: 'res://assets/dream/incarnations/mina/T_ai_dream_mina_erased_stock/normal.png' remapped 'res://assets/dream/incarnations/mina/T_ai_dream_mina_erased_stock/normal.png' at thread -1
Loading resource: res://assets/dream/incarnations/mina/T_ai_dream_mina_gilt_edge/albedo.png remapped: res://assets/dream/incarnations/mina/T_ai_dream_mina_gilt_edge/albedo.png
Loading resource: res://.godot/imported/albedo.png-6725dd91273ea1462a3813bdee46232f.ctex remapped: res://.godot/imported/albedo.png-6725dd91273ea1462a3813bdee46232f.ctex
Completed load for: 'res://assets/dream/incarnations/mina/T_ai_dream_mina_gilt_edge/albedo.png' remapped 'res://assets/dream/incarnations/mina/T_ai_dream_mina_gilt_edge/albedo.png' at thread -1
Loading resource: res://assets/dream/incarnations/mina/T_ai_dream_mina_gilt_edge/normal.png remapped: res://assets/dream/incarnations/mina/T_ai_dream_mina_gilt_edge/normal.png
Loading resource: res://.godot/imported/normal.png-bb0e358bbdc544a8c7ee936096fe395a.ctex remapped: res://.godot/imported/normal.png-bb0e358bbdc544a8c7ee936096fe395a.ctex
Completed load for: 'res://assets/dream/incarnations/mina/T_ai_dream_mina_gilt_edge/normal.png' remapped 'res://assets/dream/incarnations/mina/T_ai_dream_mina_gilt_edge/normal.png' at thread -1
[ENCROACH] living field on F02 binds 78 materials
Loading resource: res://assets/dream/incarnations/peter/T_ai_dream_peter_ledger_stock/albedo.png remapped: res://assets/dream/incarnations/peter/T_ai_dream_peter_ledger_stock/albedo.png
Loading resource: res://.godot/imported/albedo.png-bfc067116df5cc53b171c7cfc383da98.ctex remapped: res://.godot/imported/albedo.png-bfc067116df5cc53b171c7cfc383da98.ctex
Completed load for: 'res://assets/dream/incarnations/peter/T_ai_dream_peter_ledger_stock/albedo.png' remapped 'res://assets/dream/incarnations/peter/T_ai_dream_peter_ledger_stock/albedo.png' at thread -1
Loading resource: res://assets/dream/incarnations/peter/T_ai_dream_peter_ledger_stock/normal.png remapped: res://assets/dream/incarnations/peter/T_ai_dream_peter_ledger_stock/normal.png
Loading resource: res://.godot/imported/normal.png-462c255fe81cd2e2cd1e83d0f95f5585.ctex remapped: res://.godot/imported/normal.png-462c255fe81cd2e2cd1e83d0f95f5585.ctex
Completed load for: 'res://assets/dream/incarnations/peter/T_ai_dream_peter_ledger_stock/normal.png' remapped 'res://assets/dream/incarnations/peter/T_ai_dream_peter_ledger_stock/normal.png' at thread -1
Loading resource: res://assets/dream/incarnations/peter/T_ai_dream_peter_stamp_pad/albedo.png remapped: res://assets/dream/incarnations/peter/T_ai_dream_peter_stamp_pad/albedo.png
Loading resource: res://.godot/imported/albedo.png-15eb3820543424111c1ae4531e2717ed.ctex remapped: res://.godot/imported/albedo.png-15eb3820543424111c1ae4531e2717ed.ctex
Completed load for: 'res://assets/dream/incarnations/peter/T_ai_dream_peter_stamp_pad/albedo.png' remapped 'res://assets/dream/incarnations/peter/T_ai_dream_peter_stamp_pad/albedo.png' at thread -1
Loading resource: res://assets/dream/incarnations/peter/T_ai_dream_peter_stamp_pad/normal.png remapped: res://assets/dream/incarnations/peter/T_ai_dream_peter_stamp_pad/normal.png
Loading resource: res://.godot/imported/normal.png-cfcaa7a39b1e4c6ec672ae1ed4d99979.ctex remapped: res://.godot/imported/normal.png-cfcaa7a39b1e4c6ec672ae1ed4d99979.ctex
Completed load for: 'res://assets/dream/incarnations/peter/T_ai_dream_peter_stamp_pad/normal.png' remapped 'res://assets/dream/incarnations/peter/T_ai_dream_peter_stamp_pad/normal.png' at thread -1
Loading resource: res://assets/dream/incarnations/peter/T_ai_dream_peter_carbon_copy/albedo.png remapped: res://assets/dream/incarnations/peter/T_ai_dream_peter_carbon_copy/albedo.png
Loading resource: res://.godot/imported/albedo.png-8e9a7a2a9132473578f2bd2ce4fc4f16.ctex remapped: res://.godot/imported/albedo.png-8e9a7a2a9132473578f2bd2ce4fc4f16.ctex
Completed load for: 'res://assets/dream/incarnations/peter/T_ai_dream_peter_carbon_copy/albedo.png' remapped 'res://assets/dream/incarnations/peter/T_ai_dream_peter_carbon_copy/albedo.png' at thread -1
Loading resource: res://assets/dream/incarnations/peter/T_ai_dream_peter_carbon_copy/normal.png remapped: res://assets/dream/incarnations/peter/T_ai_dream_peter_carbon_copy/normal.png
Loading resource: res://.godot/imported/normal.png-f22b430563ca28f31c322d6e2ff3bc28.ctex remapped: res://.godot/imported/normal.png-f22b430563ca28f31c322d6e2ff3bc28.ctex
Completed load for: 'res://assets/dream/incarnations/peter/T_ai_dream_peter_carbon_copy/normal.png' remapped 'res://assets/dream/incarnations/peter/T_ai_dream_peter_carbon_copy/normal.png' at thread -1
[ENCROACH] living field on F04 binds 83 materials
Loading resource: res://assets/dream/incarnations/juno/T_ai_dream_juno_speaker_cloth/albedo.png remapped: res://assets/dream/incarnations/juno/T_ai_dream_juno_speaker_cloth/albedo.png
Loading resource: res://.godot/imported/albedo.png-f75e7398de556b393fe68231057996ac.ctex remapped: res://.godot/imported/albedo.png-f75e7398de556b393fe68231057996ac.ctex
Completed load for: 'res://assets/dream/incarnations/juno/T_ai_dream_juno_speaker_cloth/albedo.png' remapped 'res://assets/dream/incarnations/juno/T_ai_dream_juno_speaker_cloth/albedo.png' at thread -1
Loading resource: res://assets/dream/incarnations/juno/T_ai_dream_juno_speaker_cloth/normal.png remapped: res://assets/dream/incarnations/juno/T_ai_dream_juno_speaker_cloth/normal.png
Loading resource: res://.godot/imported/normal.png-3dee8024b072a314ce20e52f19a56b65.ctex remapped: res://.godot/imported/normal.png-3dee8024b072a314ce20e52f19a56b65.ctex
Completed load for: 'res://assets/dream/incarnations/juno/T_ai_dream_juno_speaker_cloth/normal.png' remapped 'res://assets/dream/incarnations/juno/T_ai_dream_juno_speaker_cloth/normal.png' at thread -1
Loading resource: res://assets/dream/incarnations/juno/T_ai_dream_juno_oxidized_brass/albedo.png remapped: res://assets/dream/incarnations/juno/T_ai_dream_juno_oxidized_brass/albedo.png
Loading resource: res://.godot/imported/albedo.png-0a185faa5550c7663fd60e0e059c6c77.ctex remapped: res://.godot/imported/albedo.png-0a185faa5550c7663fd60e0e059c6c77.ctex
Completed load for: 'res://assets/dream/incarnations/juno/T_ai_dream_juno_oxidized_brass/albedo.png' remapped 'res://assets/dream/incarnations/juno/T_ai_dream_juno_oxidized_brass/albedo.png' at thread -1
Loading resource: res://assets/dream/incarnations/juno/T_ai_dream_juno_oxidized_brass/normal.png remapped: res://assets/dream/incarnations/juno/T_ai_dream_juno_oxidized_brass/normal.png
Loading resource: res://.godot/imported/normal.png-3b0026d713de5fe00b57786fa46388a6.ctex remapped: res://.godot/imported/normal.png-3b0026d713de5fe00b57786fa46388a6.ctex
Completed load for: 'res://assets/dream/incarnations/juno/T_ai_dream_juno_oxidized_brass/normal.png' remapped 'res://assets/dream/incarnations/juno/T_ai_dream_juno_oxidized_brass/normal.png' at thread -1
Loading resource: res://assets/dream/incarnations/juno/T_ai_dream_juno_diaphragm/albedo.png remapped: res://assets/dream/incarnations/juno/T_ai_dream_juno_diaphragm/albedo.png
Loading resource: res://.godot/imported/albedo.png-22793b094f37c8e7a02c7115135a0ee3.ctex remapped: res://.godot/imported/albedo.png-22793b094f37c8e7a02c7115135a0ee3.ctex
Completed load for: 'res://assets/dream/incarnations/juno/T_ai_dream_juno_diaphragm/albedo.png' remapped 'res://assets/dream/incarnations/juno/T_ai_dream_juno_diaphragm/albedo.png' at thread -1
Loading resource: res://assets/dream/incarnations/juno/T_ai_dream_juno_diaphragm/normal.png remapped: res://assets/dream/incarnations/juno/T_ai_dream_juno_diaphragm/normal.png
Loading resource: res://.godot/imported/normal.png-24fd82fb4f0b788b1e8b0772a8e0f59a.ctex remapped: res://.godot/imported/normal.png-24fd82fb4f0b788b1e8b0772a8e0f59a.ctex
Completed load for: 'res://assets/dream/incarnations/juno/T_ai_dream_juno_diaphragm/normal.png' remapped 'res://assets/dream/incarnations/juno/T_ai_dream_juno_diaphragm/normal.png' at thread -1
Loading resource: res://assets/dream/incarnations/mae/T_ai_dream_mae_lacquer_craquelure/albedo.png remapped: res://assets/dream/incarnations/mae/T_ai_dream_mae_lacquer_craquelure/albedo.png
Loading resource: res://.godot/imported/albedo.png-ce0642a40d5ac3ffe6a89f65f26c54fc.ctex remapped: res://.godot/imported/albedo.png-ce0642a40d5ac3ffe6a89f65f26c54fc.ctex
Completed load for: 'res://assets/dream/incarnations/mae/T_ai_dream_mae_lacquer_craquelure/albedo.png' remapped 'res://assets/dream/incarnations/mae/T_ai_dream_mae_lacquer_craquelure/albedo.png' at thread -1
Loading resource: res://assets/dream/incarnations/mae/T_ai_dream_mae_lacquer_craquelure/normal.png remapped: res://assets/dream/incarnations/mae/T_ai_dream_mae_lacquer_craquelure/normal.png
Loading resource: res://.godot/imported/normal.png-3412e033c4fd38173c956a58412ba526.ctex remapped: res://.godot/imported/normal.png-3412e033c4fd38173c956a58412ba526.ctex
Completed load for: 'res://assets/dream/incarnations/mae/T_ai_dream_mae_lacquer_craquelure/normal.png' remapped 'res://assets/dream/incarnations/mae/T_ai_dream_mae_lacquer_craquelure/normal.png' at thread -1
Loading resource: res://assets/dream/incarnations/mae/T_ai_dream_mae_marquetry_grain/albedo.png remapped: res://assets/dream/incarnations/mae/T_ai_dream_mae_marquetry_grain/albedo.png
Loading resource: res://.godot/imported/albedo.png-9ff1d63f2f9b3b1a7cabc34a01cd2371.ctex remapped: res://.godot/imported/albedo.png-9ff1d63f2f9b3b1a7cabc34a01cd2371.ctex
Completed load for: 'res://assets/dream/incarnations/mae/T_ai_dream_mae_marquetry_grain/albedo.png' remapped 'res://assets/dream/incarnations/mae/T_ai_dream_mae_marquetry_grain/albedo.png' at thread -1
Loading resource: res://assets/dream/incarnations/mae/T_ai_dream_mae_marquetry_grain/normal.png remapped: res://assets/dream/incarnations/mae/T_ai_dream_mae_marquetry_grain/normal.png
Loading resource: res://.godot/imported/normal.png-efce5432a49b47fc9c9323817a628461.ctex remapped: res://.godot/imported/normal.png-efce5432a49b47fc9c9323817a628461.ctex
Completed load for: 'res://assets/dream/incarnations/mae/T_ai_dream_mae_marquetry_grain/normal.png' remapped 'res://assets/dream/incarnations/mae/T_ai_dream_mae_marquetry_grain/normal.png' at thread -1
Loading resource: res://assets/dream/incarnations/mae/T_ai_dream_mae_foxed_label_stock/albedo.png remapped: res://assets/dream/incarnations/mae/T_ai_dream_mae_foxed_label_stock/albedo.png
Loading resource: res://.godot/imported/albedo.png-d76007f1244417e135d0d965cd21f629.ctex remapped: res://.godot/imported/albedo.png-d76007f1244417e135d0d965cd21f629.ctex
Completed load for: 'res://assets/dream/incarnations/mae/T_ai_dream_mae_foxed_label_stock/albedo.png' remapped 'res://assets/dream/incarnations/mae/T_ai_dream_mae_foxed_label_stock/albedo.png' at thread -1
Loading resource: res://assets/dream/incarnations/mae/T_ai_dream_mae_foxed_label_stock/normal.png remapped: res://assets/dream/incarnations/mae/T_ai_dream_mae_foxed_label_stock/normal.png
Loading resource: res://.godot/imported/normal.png-983084ac3c3d25743faf301b3ae103db.ctex remapped: res://.godot/imported/normal.png-983084ac3c3d25743faf301b3ae103db.ctex
Completed load for: 'res://assets/dream/incarnations/mae/T_ai_dream_mae_foxed_label_stock/normal.png' remapped 'res://assets/dream/incarnations/mae/T_ai_dream_mae_foxed_label_stock/normal.png' at thread -1
[ENCROACH] living field on F06 binds 81 materials
Loading resource: res://assets/dream/incarnations/cal/T_ai_dream_cal_dial_glass/albedo.png remapped: res://assets/dream/incarnations/cal/T_ai_dream_cal_dial_glass/albedo.png
Loading resource: res://.godot/imported/albedo.png-2a7ed5f3c8d7fc02bcd1361398d88080.ctex remapped: res://.godot/imported/albedo.png-2a7ed5f3c8d7fc02bcd1361398d88080.ctex
Completed load for: 'res://assets/dream/incarnations/cal/T_ai_dream_cal_dial_glass/albedo.png' remapped 'res://assets/dream/incarnations/cal/T_ai_dream_cal_dial_glass/albedo.png' at thread -1
Loading resource: res://assets/dream/incarnations/cal/T_ai_dream_cal_dial_glass/normal.png remapped: res://assets/dream/incarnations/cal/T_ai_dream_cal_dial_glass/normal.png
Loading resource: res://.godot/imported/normal.png-f3df709a19cf530826b7d57ae7551032.ctex remapped: res://.godot/imported/normal.png-f3df709a19cf530826b7d57ae7551032.ctex
Completed load for: 'res://assets/dream/incarnations/cal/T_ai_dream_cal_dial_glass/normal.png' remapped 'res://assets/dream/incarnations/cal/T_ai_dream_cal_dial_glass/normal.png' at thread -1
Loading resource: res://assets/dream/incarnations/cal/T_ai_dream_cal_bakelite/albedo.png remapped: res://assets/dream/incarnations/cal/T_ai_dream_cal_bakelite/albedo.png
Loading resource: res://.godot/imported/albedo.png-4dd9c6e30428d2f18a3b53fe818b2d8e.ctex remapped: res://.godot/imported/albedo.png-4dd9c6e30428d2f18a3b53fe818b2d8e.ctex
Completed load for: 'res://assets/dream/incarnations/cal/T_ai_dream_cal_bakelite/albedo.png' remapped 'res://assets/dream/incarnations/cal/T_ai_dream_cal_bakelite/albedo.png' at thread -1
Loading resource: res://assets/dream/incarnations/cal/T_ai_dream_cal_bakelite/normal.png remapped: res://assets/dream/incarnations/cal/T_ai_dream_cal_bakelite/normal.png
Loading resource: res://.godot/imported/normal.png-b930001f6e0f82180aad0555cc32bce9.ctex remapped: res://.godot/imported/normal.png-b930001f6e0f82180aad0555cc32bce9.ctex
Completed load for: 'res://assets/dream/incarnations/cal/T_ai_dream_cal_bakelite/normal.png' remapped 'res://assets/dream/incarnations/cal/T_ai_dream_cal_bakelite/normal.png' at thread -1
Loading resource: res://assets/dream/incarnations/cal/T_ai_dream_cal_wax_groove/albedo.png remapped: res://assets/dream/incarnations/cal/T_ai_dream_cal_wax_groove/albedo.png
Loading resource: res://.godot/imported/albedo.png-9799a4ac72f1672c12d6918b5b1865ae.ctex remapped: res://.godot/imported/albedo.png-9799a4ac72f1672c12d6918b5b1865ae.ctex
Completed load for: 'res://assets/dream/incarnations/cal/T_ai_dream_cal_wax_groove/albedo.png' remapped 'res://assets/dream/incarnations/cal/T_ai_dream_cal_wax_groove/albedo.png' at thread -1
Loading resource: res://assets/dream/incarnations/cal/T_ai_dream_cal_wax_groove/normal.png remapped: res://assets/dream/incarnations/cal/T_ai_dream_cal_wax_groove/normal.png
Loading resource: res://.godot/imported/normal.png-9d112f1a763904aac28e287c7956cfa6.ctex remapped: res://.godot/imported/normal.png-9d112f1a763904aac28e287c7956cfa6.ctex
Completed load for: 'res://assets/dream/incarnations/cal/T_ai_dream_cal_wax_groove/normal.png' remapped 'res://assets/dream/incarnations/cal/T_ai_dream_cal_wax_groove/normal.png' at thread -1
[ENCROACH] living field on F05 binds 86 materials
Loading resource: res://assets/dream/incarnations/omar/T_ai_dream_omar_tool_steel/albedo.png remapped: res://assets/dream/incarnations/omar/T_ai_dream_omar_tool_steel/albedo.png
Loading resource: res://.godot/imported/albedo.png-9dbedc3f2cf94724f7f137bbe47f0147.ctex remapped: res://.godot/imported/albedo.png-9dbedc3f2cf94724f7f137bbe47f0147.ctex
Completed load for: 'res://assets/dream/incarnations/omar/T_ai_dream_omar_tool_steel/albedo.png' remapped 'res://assets/dream/incarnations/omar/T_ai_dream_omar_tool_steel/albedo.png' at thread -1
Loading resource: res://assets/dream/incarnations/omar/T_ai_dream_omar_tool_steel/normal.png remapped: res://assets/dream/incarnations/omar/T_ai_dream_omar_tool_steel/normal.png
Loading resource: res://.godot/imported/normal.png-866fd3459cae477b5e88748e0f291eea.ctex remapped: res://.godot/imported/normal.png-866fd3459cae477b5e88748e0f291eea.ctex
Completed load for: 'res://assets/dream/incarnations/omar/T_ai_dream_omar_tool_steel/normal.png' remapped 'res://assets/dream/incarnations/omar/T_ai_dream_omar_tool_steel/normal.png' at thread -1
Loading resource: res://assets/dream/incarnations/omar/T_ai_dream_omar_fatigue_fracture/albedo.png remapped: res://assets/dream/incarnations/omar/T_ai_dream_omar_fatigue_fracture/albedo.png
Loading resource: res://.godot/imported/albedo.png-aaf8e8445a7e782ab07cdd87ba46cab8.ctex remapped: res://.godot/imported/albedo.png-aaf8e8445a7e782ab07cdd87ba46cab8.ctex
Completed load for: 'res://assets/dream/incarnations/omar/T_ai_dream_omar_fatigue_fracture/albedo.png' remapped 'res://assets/dream/incarnations/omar/T_ai_dream_omar_fatigue_fracture/albedo.png' at thread -1
Loading resource: res://assets/dream/incarnations/omar/T_ai_dream_omar_fatigue_fracture/normal.png remapped: res://assets/dream/incarnations/omar/T_ai_dream_omar_fatigue_fracture/normal.png
Loading resource: res://.godot/imported/normal.png-37fec50e6dd1d26ec4b60635addf5e1f.ctex remapped: res://.godot/imported/normal.png-37fec50e6dd1d26ec4b60635addf5e1f.ctex
Completed load for: 'res://assets/dream/incarnations/omar/T_ai_dream_omar_fatigue_fracture/normal.png' remapped 'res://assets/dream/incarnations/omar/T_ai_dream_omar_fatigue_fracture/normal.png' at thread -1
Loading resource: res://assets/dream/incarnations/omar/T_ai_dream_omar_solder_alloy/albedo.png remapped: res://assets/dream/incarnations/omar/T_ai_dream_omar_solder_alloy/albedo.png
Loading resource: res://.godot/imported/albedo.png-c9c7da46c288c0957209ac1745dcd495.ctex remapped: res://.godot/imported/albedo.png-c9c7da46c288c0957209ac1745dcd495.ctex
Completed load for: 'res://assets/dream/incarnations/omar/T_ai_dream_omar_solder_alloy/albedo.png' remapped 'res://assets/dream/incarnations/omar/T_ai_dream_omar_solder_alloy/albedo.png' at thread -1
Loading resource: res://assets/dream/incarnations/omar/T_ai_dream_omar_solder_alloy/normal.png remapped: res://assets/dream/incarnations/omar/T_ai_dream_omar_solder_alloy/normal.png
Loading resource: res://.godot/imported/normal.png-3cbee4d54baf72a6ee6578b633cd8f03.ctex remapped: res://.godot/imported/normal.png-3cbee4d54baf72a6ee6578b633cd8f03.ctex
Completed load for: 'res://assets/dream/incarnations/omar/T_ai_dream_omar_solder_alloy/normal.png' remapped 'res://assets/dream/incarnations/omar/T_ai_dream_omar_solder_alloy/normal.png' at thread -1
[ENCROACH] living field on F03 binds 89 materials
Shader cache miss for SceneForwardClusteredShaderRD/069fad9662d1c110a7284347f6822a7ae0bb9be399f57215e33231e68a6e4692/b26b8b50275c8643667a0ba8cd22271b1fba0559
Shader cache miss for SceneForwardClusteredShaderRD/069fad9662d1c110a7284347f6822a7ae0bb9be399f57215e33231e68a6e4692/3dc3bbabde2ae4e2f93069484386001473b4671e
Shader cache miss for SceneForwardClusteredShaderRD/069fad9662d1c110a7284347f6822a7ae0bb9be399f57215e33231e68a6e4692/172970b5b2efbf02b4ae120abe61ec4f826c2737
Shader cache miss for SceneForwardClusteredShaderRD/069fad9662d1c110a7284347f6822a7ae0bb9be399f57215e33231e68a6e4692/5d63c4729e4cab6ff117431bcd4b092d7c13f855
[ENCROACH] 22 finish surfaces across 6 case flats, 6 beachheads
[INCIDENTS] 15 flats on 5 living storeys can report
Loading resource: res://assets/building/textures/character_memories/memories_floors_1_2.png remapped: res://assets/building/textures/character_memories/memories_floors_1_2.png
Loading resource: res://.godot/imported/memories_floors_1_2.png-93055150849b415372a020273ea5d696.ctex remapped: res://.godot/imported/memories_floors_1_2.png-93055150849b415372a020273ea5d696.ctex
Completed load for: 'res://assets/building/textures/character_memories/memories_floors_1_2.png' remapped 'res://assets/building/textures/character_memories/memories_floors_1_2.png' at thread -1
Loading resource: res://assets/building/textures/character_memories/memories_floors_1_2.png remapped: res://assets/building/textures/character_memories/memories_floors_1_2.png
Loading resource: res://.godot/imported/memories_floors_1_2.png-93055150849b415372a020273ea5d696.ctex remapped: res://.godot/imported/memories_floors_1_2.png-93055150849b415372a020273ea5d696.ctex
Completed load for: 'res://assets/building/textures/character_memories/memories_floors_1_2.png' remapped 'res://assets/building/textures/character_memories/memories_floors_1_2.png' at thread -1
Loading resource: res://assets/building/textures/character_memories/memories_floors_1_2.png remapped: res://assets/building/textures/character_memories/memories_floors_1_2.png
Loading resource: res://.godot/imported/memories_floors_1_2.png-93055150849b415372a020273ea5d696.ctex remapped: res://.godot/imported/memories_floors_1_2.png-93055150849b415372a020273ea5d696.ctex
Completed load for: 'res://assets/building/textures/character_memories/memories_floors_1_2.png' remapped 'res://assets/building/textures/character_memories/memories_floors_1_2.png' at thread -1
Loading resource: res://assets/building/textures/character_memories/memories_floors_1_2.png remapped: res://assets/building/textures/character_memories/memories_floors_1_2.png
Loading resource: res://.godot/imported/memories_floors_1_2.png-93055150849b415372a020273ea5d696.ctex remapped: res://.godot/imported/memories_floors_1_2.png-93055150849b415372a020273ea5d696.ctex
Completed load for: 'res://assets/building/textures/character_memories/memories_floors_1_2.png' remapped 'res://assets/building/textures/character_memories/memories_floors_1_2.png' at thread -1
Loading resource: res://assets/building/textures/character_memories/memories_floors_2_3.png remapped: res://assets/building/textures/character_memories/memories_floors_2_3.png
Loading resource: res://.godot/imported/memories_floors_2_3.png-fc7b4f850f78deef4ab050f5fd8be74e.ctex remapped: res://.godot/imported/memories_floors_2_3.png-fc7b4f850f78deef4ab050f5fd8be74e.ctex
Completed load for: 'res://assets/building/textures/character_memories/memories_floors_2_3.png' remapped 'res://assets/building/textures/character_memories/memories_floors_2_3.png' at thread -1
Loading resource: res://assets/building/textures/character_memories/memories_floors_2_3.png remapped: res://assets/building/textures/character_memories/memories_floors_2_3.png
Loading resource: res://.godot/imported/memories_floors_2_3.png-fc7b4f850f78deef4ab050f5fd8be74e.ctex remapped: res://.godot/imported/memories_floors_2_3.png-fc7b4f850f78deef4ab050f5fd8be74e.ctex
Completed load for: 'res://assets/building/textures/character_memories/memories_floors_2_3.png' remapped 'res://assets/building/textures/character_memories/memories_floors_2_3.png' at thread -1
Loading resource: res://assets/building/textures/character_memories/memories_floors_2_3.png remapped: res://assets/building/textures/character_memories/memories_floors_2_3.png
Loading resource: res://.godot/imported/memories_floors_2_3.png-fc7b4f850f78deef4ab050f5fd8be74e.ctex remapped: res://.godot/imported/memories_floors_2_3.png-fc7b4f850f78deef4ab050f5fd8be74e.ctex
Completed load for: 'res://assets/building/textures/character_memories/memories_floors_2_3.png' remapped 'res://assets/building/textures/character_memories/memories_floors_2_3.png' at thread -1
Loading resource: res://assets/building/textures/character_memories/memories_floors_2_3.png remapped: res://assets/building/textures/character_memories/memories_floors_2_3.png
Loading resource: res://.godot/imported/memories_floors_2_3.png-fc7b4f850f78deef4ab050f5fd8be74e.ctex remapped: res://.godot/imported/memories_floors_2_3.png-fc7b4f850f78deef4ab050f5fd8be74e.ctex
Completed load for: 'res://assets/building/textures/character_memories/memories_floors_2_3.png' remapped 'res://assets/building/textures/character_memories/memories_floors_2_3.png' at thread -1
Loading resource: res://assets/building/textures/character_memories/memories_floors_4_guest.png remapped: res://assets/building/textures/character_memories/memories_floors_4_guest.png
Loading resource: res://.godot/imported/memories_floors_4_guest.png-c939ef1144e18a11e807ee40d1256fa3.ctex remapped: res://.godot/imported/memories_floors_4_guest.png-c939ef1144e18a11e807ee40d1256fa3.ctex
Completed load for: 'res://assets/building/textures/character_memories/memories_floors_4_guest.png' remapped 'res://assets/building/textures/character_memories/memories_floors_4_guest.png' at thread -1
Loading resource: res://assets/building/textures/character_memories/memories_floors_4_guest.png remapped: res://assets/building/textures/character_memories/memories_floors_4_guest.png
Loading resource: res://.godot/imported/memories_floors_4_guest.png-c939ef1144e18a11e807ee40d1256fa3.ctex remapped: res://.godot/imported/memories_floors_4_guest.png-c939ef1144e18a11e807ee40d1256fa3.ctex
Completed load for: 'res://assets/building/textures/character_memories/memories_floors_4_guest.png' remapped 'res://assets/building/textures/character_memories/memories_floors_4_guest.png' at thread -1
Loading resource: res://assets/building/textures/character_memories/memories_floors_4_guest.png remapped: res://assets/building/textures/character_memories/memories_floors_4_guest.png
Loading resource: res://.godot/imported/memories_floors_4_guest.png-c939ef1144e18a11e807ee40d1256fa3.ctex remapped: res://.godot/imported/memories_floors_4_guest.png-c939ef1144e18a11e807ee40d1256fa3.ctex
Completed load for: 'res://assets/building/textures/character_memories/memories_floors_4_guest.png' remapped 'res://assets/building/textures/character_memories/memories_floors_4_guest.png' at thread -1
Loading resource: res://assets/building/textures/character_memories/memories_floors_4_guest.png remapped: res://assets/building/textures/character_memories/memories_floors_4_guest.png
Loading resource: res://.godot/imported/memories_floors_4_guest.png-c939ef1144e18a11e807ee40d1256fa3.ctex remapped: res://.godot/imported/memories_floors_4_guest.png-c939ef1144e18a11e807ee40d1256fa3.ctex
Completed load for: 'res://assets/building/textures/character_memories/memories_floors_4_guest.png' remapped 'res://assets/building/textures/character_memories/memories_floors_4_guest.png' at thread -1
Loading resource: res://assets/building/textures/character_memories/memories_floors_5_6.png remapped: res://assets/building/textures/character_memories/memories_floors_5_6.png
Loading resource: res://.godot/imported/memories_floors_5_6.png-bfa5a1b4a3e288494fa35491afe2099a.ctex remapped: res://.godot/imported/memories_floors_5_6.png-bfa5a1b4a3e288494fa35491afe2099a.ctex
Completed load for: 'res://assets/building/textures/character_memories/memories_floors_5_6.png' remapped 'res://assets/building/textures/character_memories/memories_floors_5_6.png' at thread -1
Loading resource: res://assets/building/textures/character_memories/memories_floors_5_6.png remapped: res://assets/building/textures/character_memories/memories_floors_5_6.png
Loading resource: res://.godot/imported/memories_floors_5_6.png-bfa5a1b4a3e288494fa35491afe2099a.ctex remapped: res://.godot/imported/memories_floors_5_6.png-bfa5a1b4a3e288494fa35491afe2099a.ctex
Completed load for: 'res://assets/building/textures/character_memories/memories_floors_5_6.png' remapped 'res://assets/building/textures/character_memories/memories_floors_5_6.png' at thread -1
Loading resource: res://assets/building/textures/character_memories/memories_floors_5_6.png remapped: res://assets/building/textures/character_memories/memories_floors_5_6.png
Loading resource: res://.godot/imported/memories_floors_5_6.png-bfa5a1b4a3e288494fa35491afe2099a.ctex remapped: res://.godot/imported/memories_floors_5_6.png-bfa5a1b4a3e288494fa35491afe2099a.ctex
Completed load for: 'res://assets/building/textures/character_memories/memories_floors_5_6.png' remapped 'res://assets/building/textures/character_memories/memories_floors_5_6.png' at thread -1
Loading resource: res://assets/building/textures/character_memories/memories_floors_5_6.png remapped: res://assets/building/textures/character_memories/memories_floors_5_6.png
Loading resource: res://.godot/imported/memories_floors_5_6.png-bfa5a1b4a3e288494fa35491afe2099a.ctex remapped: res://.godot/imported/memories_floors_5_6.png-bfa5a1b4a3e288494fa35491afe2099a.ctex
Completed load for: 'res://assets/building/textures/character_memories/memories_floors_5_6.png' remapped 'res://assets/building/textures/character_memories/memories_floors_5_6.png' at thread -1
Loading resource: res://assets/building/textures/character_memories/memories_floor_6_private.png remapped: res://assets/building/textures/character_memories/memories_floor_6_private.png
Loading resource: res://.godot/imported/memories_floor_6_private.png-a6704abc7a7e351f1acd3475b674e5b8.ctex remapped: res://.godot/imported/memories_floor_6_private.png-a6704abc7a7e351f1acd3475b674e5b8.ctex
Completed load for: 'res://assets/building/textures/character_memories/memories_floor_6_private.png' remapped 'res://assets/building/textures/character_memories/memories_floor_6_private.png' at thread -1
Loading resource: res://assets/building/textures/character_memories/memories_floor_6_private.png remapped: res://assets/building/textures/character_memories/memories_floor_6_private.png
Loading resource: res://.godot/imported/memories_floor_6_private.png-a6704abc7a7e351f1acd3475b674e5b8.ctex remapped: res://.godot/imported/memories_floor_6_private.png-a6704abc7a7e351f1acd3475b674e5b8.ctex
Completed load for: 'res://assets/building/textures/character_memories/memories_floor_6_private.png' remapped 'res://assets/building/textures/character_memories/memories_floor_6_private.png' at thread -1
Loading resource: res://assets/building/textures/character_memories/memories_floor_6_private.png remapped: res://assets/building/textures/character_memories/memories_floor_6_private.png
Loading resource: res://.godot/imported/memories_floor_6_private.png-a6704abc7a7e351f1acd3475b674e5b8.ctex remapped: res://.godot/imported/memories_floor_6_private.png-a6704abc7a7e351f1acd3475b674e5b8.ctex
Completed load for: 'res://assets/building/textures/character_memories/memories_floor_6_private.png' remapped 'res://assets/building/textures/character_memories/memories_floor_6_private.png' at thread -1
Loading resource: res://assets/building/textures/character_memories/memories_floor_6_private.png remapped: res://assets/building/textures/character_memories/memories_floor_6_private.png
Loading resource: res://.godot/imported/memories_floor_6_private.png-a6704abc7a7e351f1acd3475b674e5b8.ctex remapped: res://.godot/imported/memories_floor_6_private.png-a6704abc7a7e351f1acd3475b674e5b8.ctex
Completed load for: 'res://assets/building/textures/character_memories/memories_floor_6_private.png' remapped 'res://assets/building/textures/character_memories/memories_floor_6_private.png' at thread -1
[BUILDING] 20 character memory artworks placed
Loading resource: res://assets/building/textures/character_wall_art/wall_art_floors_1_2.png remapped: res://assets/building/textures/character_wall_art/wall_art_floors_1_2.png
Loading resource: res://.godot/imported/wall_art_floors_1_2.png-5f277babd796e55673292f7881506b03.ctex remapped: res://.godot/imported/wall_art_floors_1_2.png-5f277babd796e55673292f7881506b03.ctex
Completed load for: 'res://assets/building/textures/character_wall_art/wall_art_floors_1_2.png' remapped 'res://assets/building/textures/character_wall_art/wall_art_floors_1_2.png' at thread -1
Loading resource: res://assets/building/textures/character_wall_art/wall_art_floors_1_2.png remapped: res://assets/building/textures/character_wall_art/wall_art_floors_1_2.png
Loading resource: res://.godot/imported/wall_art_floors_1_2.png-5f277babd796e55673292f7881506b03.ctex remapped: res://.godot/imported/wall_art_floors_1_2.png-5f277babd796e55673292f7881506b03.ctex
Completed load for: 'res://assets/building/textures/character_wall_art/wall_art_floors_1_2.png' remapped 'res://assets/building/textures/character_wall_art/wall_art_floors_1_2.png' at thread -1
Loading resource: res://assets/building/textures/character_wall_art/wall_art_floors_1_2.png remapped: res://assets/building/textures/character_wall_art/wall_art_floors_1_2.png
Loading resource: res://.godot/imported/wall_art_floors_1_2.png-5f277babd796e55673292f7881506b03.ctex remapped: res://.godot/imported/wall_art_floors_1_2.png-5f277babd796e55673292f7881506b03.ctex
Completed load for: 'res://assets/building/textures/character_wall_art/wall_art_floors_1_2.png' remapped 'res://assets/building/textures/character_wall_art/wall_art_floors_1_2.png' at thread -1
Loading resource: res://assets/building/textures/character_wall_art/wall_art_floors_1_2.png remapped: res://assets/building/textures/character_wall_art/wall_art_floors_1_2.png
Loading resource: res://.godot/imported/wall_art_floors_1_2.png-5f277babd796e55673292f7881506b03.ctex remapped: res://.godot/imported/wall_art_floors_1_2.png-5f277babd796e55673292f7881506b03.ctex
Completed load for: 'res://assets/building/textures/character_wall_art/wall_art_floors_1_2.png' remapped 'res://assets/building/textures/character_wall_art/wall_art_floors_1_2.png' at thread -1
Loading resource: res://assets/building/textures/character_wall_art/wall_art_floors_2_3.png remapped: res://assets/building/textures/character_wall_art/wall_art_floors_2_3.png
Loading resource: res://.godot/imported/wall_art_floors_2_3.png-2cc8d8ca0f156041c853841b0dedb2bf.ctex remapped: res://.godot/imported/wall_art_floors_2_3.png-2cc8d8ca0f156041c853841b0dedb2bf.ctex
Completed load for: 'res://assets/building/textures/character_wall_art/wall_art_floors_2_3.png' remapped 'res://assets/building/textures/character_wall_art/wall_art_floors_2_3.png' at thread -1
Loading resource: res://assets/building/textures/character_wall_art/wall_art_floors_2_3.png remapped: res://assets/building/textures/character_wall_art/wall_art_floors_2_3.png
Loading resource: res://.godot/imported/wall_art_floors_2_3.png-2cc8d8ca0f156041c853841b0dedb2bf.ctex remapped: res://.godot/imported/wall_art_floors_2_3.png-2cc8d8ca0f156041c853841b0dedb2bf.ctex
Completed load for: 'res://assets/building/textures/character_wall_art/wall_art_floors_2_3.png' remapped 'res://assets/building/textures/character_wall_art/wall_art_floors_2_3.png' at thread -1
Loading resource: res://assets/building/textures/character_wall_art/wall_art_floors_2_3.png remapped: res://assets/building/textures/character_wall_art/wall_art_floors_2_3.png
Loading resource: res://.godot/imported/wall_art_floors_2_3.png-2cc8d8ca0f156041c853841b0dedb2bf.ctex remapped: res://.godot/imported/wall_art_floors_2_3.png-2cc8d8ca0f156041c853841b0dedb2bf.ctex
Completed load for: 'res://assets/building/textures/character_wall_art/wall_art_floors_2_3.png' remapped 'res://assets/building/textures/character_wall_art/wall_art_floors_2_3.png' at thread -1
Loading resource: res://assets/building/textures/character_wall_art/wall_art_floors_2_3.png remapped: res://assets/building/textures/character_wall_art/wall_art_floors_2_3.png
Loading resource: res://.godot/imported/wall_art_floors_2_3.png-2cc8d8ca0f156041c853841b0dedb2bf.ctex remapped: res://.godot/imported/wall_art_floors_2_3.png-2cc8d8ca0f156041c853841b0dedb2bf.ctex
Completed load for: 'res://assets/building/textures/character_wall_art/wall_art_floors_2_3.png' remapped 'res://assets/building/textures/character_wall_art/wall_art_floors_2_3.png' at thread -1
Loading resource: res://assets/building/textures/character_wall_art/wall_art_floors_4_guest.png remapped: res://assets/building/textures/character_wall_art/wall_art_floors_4_guest.png
Loading resource: res://.godot/imported/wall_art_floors_4_guest.png-2342c7cf02714aedbb94b3a5c5887b7e.ctex remapped: res://.godot/imported/wall_art_floors_4_guest.png-2342c7cf02714aedbb94b3a5c5887b7e.ctex
Completed load for: 'res://assets/building/textures/character_wall_art/wall_art_floors_4_guest.png' remapped 'res://assets/building/textures/character_wall_art/wall_art_floors_4_guest.png' at thread -1
Loading resource: res://assets/building/textures/character_wall_art/wall_art_floors_4_guest.png remapped: res://assets/building/textures/character_wall_art/wall_art_floors_4_guest.png
Loading resource: res://.godot/imported/wall_art_floors_4_guest.png-2342c7cf02714aedbb94b3a5c5887b7e.ctex remapped: res://.godot/imported/wall_art_floors_4_guest.png-2342c7cf02714aedbb94b3a5c5887b7e.ctex
Completed load for: 'res://assets/building/textures/character_wall_art/wall_art_floors_4_guest.png' remapped 'res://assets/building/textures/character_wall_art/wall_art_floors_4_guest.png' at thread -1
Loading resource: res://assets/building/textures/character_wall_art/wall_art_floors_4_guest.png remapped: res://assets/building/textures/character_wall_art/wall_art_floors_4_guest.png
Loading resource: res://.godot/imported/wall_art_floors_4_guest.png-2342c7cf02714aedbb94b3a5c5887b7e.ctex remapped: res://.godot/imported/wall_art_floors_4_guest.png-2342c7cf02714aedbb94b3a5c5887b7e.ctex
Completed load for: 'res://assets/building/textures/character_wall_art/wall_art_floors_4_guest.png' remapped 'res://assets/building/textures/character_wall_art/wall_art_floors_4_guest.png' at thread -1
Loading resource: res://assets/building/textures/character_wall_art/wall_art_floors_4_guest.png remapped: res://assets/building/textures/character_wall_art/wall_art_floors_4_guest.png
Loading resource: res://.godot/imported/wall_art_floors_4_guest.png-2342c7cf02714aedbb94b3a5c5887b7e.ctex remapped: res://.godot/imported/wall_art_floors_4_guest.png-2342c7cf02714aedbb94b3a5c5887b7e.ctex
Completed load for: 'res://assets/building/textures/character_wall_art/wall_art_floors_4_guest.png' remapped 'res://assets/building/textures/character_wall_art/wall_art_floors_4_guest.png' at thread -1
Loading resource: res://assets/building/textures/character_wall_art/wall_art_floors_5_6.png remapped: res://assets/building/textures/character_wall_art/wall_art_floors_5_6.png
Loading resource: res://.godot/imported/wall_art_floors_5_6.png-d7e99fea756ef34b96f0d9cb2b67245e.ctex remapped: res://.godot/imported/wall_art_floors_5_6.png-d7e99fea756ef34b96f0d9cb2b67245e.ctex
Completed load for: 'res://assets/building/textures/character_wall_art/wall_art_floors_5_6.png' remapped 'res://assets/building/textures/character_wall_art/wall_art_floors_5_6.png' at thread -1
Loading resource: res://assets/building/textures/character_wall_art/wall_art_floors_5_6.png remapped: res://assets/building/textures/character_wall_art/wall_art_floors_5_6.png
Loading resource: res://.godot/imported/wall_art_floors_5_6.png-d7e99fea756ef34b96f0d9cb2b67245e.ctex remapped: res://.godot/imported/wall_art_floors_5_6.png-d7e99fea756ef34b96f0d9cb2b67245e.ctex
Completed load for: 'res://assets/building/textures/character_wall_art/wall_art_floors_5_6.png' remapped 'res://assets/building/textures/character_wall_art/wall_art_floors_5_6.png' at thread -1
Loading resource: res://assets/building/textures/character_wall_art/wall_art_floors_5_6.png remapped: res://assets/building/textures/character_wall_art/wall_art_floors_5_6.png
Loading resource: res://.godot/imported/wall_art_floors_5_6.png-d7e99fea756ef34b96f0d9cb2b67245e.ctex remapped: res://.godot/imported/wall_art_floors_5_6.png-d7e99fea756ef34b96f0d9cb2b67245e.ctex
Completed load for: 'res://assets/building/textures/character_wall_art/wall_art_floors_5_6.png' remapped 'res://assets/building/textures/character_wall_art/wall_art_floors_5_6.png' at thread -1
Loading resource: res://assets/building/textures/character_wall_art/wall_art_floors_5_6.png remapped: res://assets/building/textures/character_wall_art/wall_art_floors_5_6.png
Loading resource: res://.godot/imported/wall_art_floors_5_6.png-d7e99fea756ef34b96f0d9cb2b67245e.ctex remapped: res://.godot/imported/wall_art_floors_5_6.png-d7e99fea756ef34b96f0d9cb2b67245e.ctex
Completed load for: 'res://assets/building/textures/character_wall_art/wall_art_floors_5_6.png' remapped 'res://assets/building/textures/character_wall_art/wall_art_floors_5_6.png' at thread -1
Loading resource: res://assets/building/textures/character_wall_art/wall_art_floor_6_private.png remapped: res://assets/building/textures/character_wall_art/wall_art_floor_6_private.png
Loading resource: res://.godot/imported/wall_art_floor_6_private.png-e8d5ec73d026b3551ac1348dd6b507c5.ctex remapped: res://.godot/imported/wall_art_floor_6_private.png-e8d5ec73d026b3551ac1348dd6b507c5.ctex
Completed load for: 'res://assets/building/textures/character_wall_art/wall_art_floor_6_private.png' remapped 'res://assets/building/textures/character_wall_art/wall_art_floor_6_private.png' at thread -1
Loading resource: res://assets/building/textures/character_wall_art/wall_art_floor_6_private.png remapped: res://assets/building/textures/character_wall_art/wall_art_floor_6_private.png
Loading resource: res://.godot/imported/wall_art_floor_6_private.png-e8d5ec73d026b3551ac1348dd6b507c5.ctex remapped: res://.godot/imported/wall_art_floor_6_private.png-e8d5ec73d026b3551ac1348dd6b507c5.ctex
Completed load for: 'res://assets/building/textures/character_wall_art/wall_art_floor_6_private.png' remapped 'res://assets/building/textures/character_wall_art/wall_art_floor_6_private.png' at thread -1
Loading resource: res://assets/building/textures/character_wall_art/wall_art_floor_6_private.png remapped: res://assets/building/textures/character_wall_art/wall_art_floor_6_private.png
Loading resource: res://.godot/imported/wall_art_floor_6_private.png-e8d5ec73d026b3551ac1348dd6b507c5.ctex remapped: res://.godot/imported/wall_art_floor_6_private.png-e8d5ec73d026b3551ac1348dd6b507c5.ctex
Completed load for: 'res://assets/building/textures/character_wall_art/wall_art_floor_6_private.png' remapped 'res://assets/building/textures/character_wall_art/wall_art_floor_6_private.png' at thread -1
Loading resource: res://assets/building/textures/character_wall_art/wall_art_floor_6_private.png remapped: res://assets/building/textures/character_wall_art/wall_art_floor_6_private.png
Loading resource: res://.godot/imported/wall_art_floor_6_private.png-e8d5ec73d026b3551ac1348dd6b507c5.ctex remapped: res://.godot/imported/wall_art_floor_6_private.png-e8d5ec73d026b3551ac1348dd6b507c5.ctex
Completed load for: 'res://assets/building/textures/character_wall_art/wall_art_floor_6_private.png' remapped 'res://assets/building/textures/character_wall_art/wall_art_floor_6_private.png' at thread -1
[BUILDING] 20 character-specific wall artworks placed
Loading resource: res://assets/building/textures/hallway_art/hallway_art_lower.png remapped: res://assets/building/textures/hallway_art/hallway_art_lower.png
Loading resource: res://.godot/imported/hallway_art_lower.png-5bb7f0715216730471c7888f25b181ee.ctex remapped: res://.godot/imported/hallway_art_lower.png-5bb7f0715216730471c7888f25b181ee.ctex
Completed load for: 'res://assets/building/textures/hallway_art/hallway_art_lower.png' remapped 'res://assets/building/textures/hallway_art/hallway_art_lower.png' at thread -1
Loading resource: res://assets/building/textures/hallway_art/hallway_art_lower.png remapped: res://assets/building/textures/hallway_art/hallway_art_lower.png
Loading resource: res://.godot/imported/hallway_art_lower.png-5bb7f0715216730471c7888f25b181ee.ctex remapped: res://.godot/imported/hallway_art_lower.png-5bb7f0715216730471c7888f25b181ee.ctex
Completed load for: 'res://assets/building/textures/hallway_art/hallway_art_lower.png' remapped 'res://assets/building/textures/hallway_art/hallway_art_lower.png' at thread -1
Loading resource: res://assets/building/textures/hallway_art/hallway_art_lower.png remapped: res://assets/building/textures/hallway_art/hallway_art_lower.png
Loading resource: res://.godot/imported/hallway_art_lower.png-5bb7f0715216730471c7888f25b181ee.ctex remapped: res://.godot/imported/hallway_art_lower.png-5bb7f0715216730471c7888f25b181ee.ctex
Completed load for: 'res://assets/building/textures/hallway_art/hallway_art_lower.png' remapped 'res://assets/building/textures/hallway_art/hallway_art_lower.png' at thread -1
Loading resource: res://assets/building/textures/hallway_art/hallway_art_lower.png remapped: res://assets/building/textures/hallway_art/hallway_art_lower.png
Loading resource: res://.godot/imported/hallway_art_lower.png-5bb7f0715216730471c7888f25b181ee.ctex remapped: res://.godot/imported/hallway_art_lower.png-5bb7f0715216730471c7888f25b181ee.ctex
Completed load for: 'res://assets/building/textures/hallway_art/hallway_art_lower.png' remapped 'res://assets/building/textures/hallway_art/hallway_art_lower.png' at thread -1
Loading resource: res://assets/building/textures/hallway_art/hallway_art_upper.png remapped: res://assets/building/textures/hallway_art/hallway_art_upper.png
Loading resource: res://.godot/imported/hallway_art_upper.png-6e3aeb130c37e4a79486e54607725e80.ctex remapped: res://.godot/imported/hallway_art_upper.png-6e3aeb130c37e4a79486e54607725e80.ctex
Completed load for: 'res://assets/building/textures/hallway_art/hallway_art_upper.png' remapped 'res://assets/building/textures/hallway_art/hallway_art_upper.png' at thread -1
Loading resource: res://assets/building/textures/hallway_art/hallway_art_upper.png remapped: res://assets/building/textures/hallway_art/hallway_art_upper.png
Loading resource: res://.godot/imported/hallway_art_upper.png-6e3aeb130c37e4a79486e54607725e80.ctex remapped: res://.godot/imported/hallway_art_upper.png-6e3aeb130c37e4a79486e54607725e80.ctex
Completed load for: 'res://assets/building/textures/hallway_art/hallway_art_upper.png' remapped 'res://assets/building/textures/hallway_art/hallway_art_upper.png' at thread -1
Loading resource: res://assets/building/textures/hallway_art/hallway_art_upper.png remapped: res://assets/building/textures/hallway_art/hallway_art_upper.png
Loading resource: res://.godot/imported/hallway_art_upper.png-6e3aeb130c37e4a79486e54607725e80.ctex remapped: res://.godot/imported/hallway_art_upper.png-6e3aeb130c37e4a79486e54607725e80.ctex
Completed load for: 'res://assets/building/textures/hallway_art/hallway_art_upper.png' remapped 'res://assets/building/textures/hallway_art/hallway_art_upper.png' at thread -1
Loading resource: res://assets/building/textures/hallway_art/hallway_art_upper.png remapped: res://assets/building/textures/hallway_art/hallway_art_upper.png
Loading resource: res://.godot/imported/hallway_art_upper.png-6e3aeb130c37e4a79486e54607725e80.ctex remapped: res://.godot/imported/hallway_art_upper.png-6e3aeb130c37e4a79486e54607725e80.ctex
Completed load for: 'res://assets/building/textures/hallway_art/hallway_art_upper.png' remapped 'res://assets/building/textures/hallway_art/hallway_art_upper.png' at thread -1
[BUILDING] 8 hallway artworks placed
Loading resource: res://assets/building/textures/hallway_art/stair_landing_art.png remapped: res://assets/building/textures/hallway_art/stair_landing_art.png
Loading resource: res://.godot/imported/stair_landing_art.png-aaf6b1faaf4ffa463150e5cc0f53d3c0.ctex remapped: res://.godot/imported/stair_landing_art.png-aaf6b1faaf4ffa463150e5cc0f53d3c0.ctex
Completed load for: 'res://assets/building/textures/hallway_art/stair_landing_art.png' remapped 'res://assets/building/textures/hallway_art/stair_landing_art.png' at thread -1
Loading resource: res://assets/building/textures/hallway_art/stair_landing_art.png remapped: res://assets/building/textures/hallway_art/stair_landing_art.png
Loading resource: res://.godot/imported/stair_landing_art.png-aaf6b1faaf4ffa463150e5cc0f53d3c0.ctex remapped: res://.godot/imported/stair_landing_art.png-aaf6b1faaf4ffa463150e5cc0f53d3c0.ctex
Completed load for: 'res://assets/building/textures/hallway_art/stair_landing_art.png' remapped 'res://assets/building/textures/hallway_art/stair_landing_art.png' at thread -1
Loading resource: res://assets/building/textures/hallway_art/stair_landing_art.png remapped: res://assets/building/textures/hallway_art/stair_landing_art.png
Loading resource: res://.godot/imported/stair_landing_art.png-aaf6b1faaf4ffa463150e5cc0f53d3c0.ctex remapped: res://.godot/imported/stair_landing_art.png-aaf6b1faaf4ffa463150e5cc0f53d3c0.ctex
Completed load for: 'res://assets/building/textures/hallway_art/stair_landing_art.png' remapped 'res://assets/building/textures/hallway_art/stair_landing_art.png' at thread -1
Loading resource: res://assets/building/textures/hallway_art/stair_landing_art.png remapped: res://assets/building/textures/hallway_art/stair_landing_art.png
Loading resource: res://.godot/imported/stair_landing_art.png-aaf6b1faaf4ffa463150e5cc0f53d3c0.ctex remapped: res://.godot/imported/stair_landing_art.png-aaf6b1faaf4ffa463150e5cc0f53d3c0.ctex
Completed load for: 'res://assets/building/textures/hallway_art/stair_landing_art.png' remapped 'res://assets/building/textures/hallway_art/stair_landing_art.png' at thread -1
Loading resource: res://assets/building/textures/hallway_art/stair_landing_art.png remapped: res://assets/building/textures/hallway_art/stair_landing_art.png
Loading resource: res://.godot/imported/stair_landing_art.png-aaf6b1faaf4ffa463150e5cc0f53d3c0.ctex remapped: res://.godot/imported/stair_landing_art.png-aaf6b1faaf4ffa463150e5cc0f53d3c0.ctex
Completed load for: 'res://assets/building/textures/hallway_art/stair_landing_art.png' remapped 'res://assets/building/textures/hallway_art/stair_landing_art.png' at thread -1
Loading resource: res://assets/building/textures/hallway_art/stair_landing_art.png remapped: res://assets/building/textures/hallway_art/stair_landing_art.png
Loading resource: res://.godot/imported/stair_landing_art.png-aaf6b1faaf4ffa463150e5cc0f53d3c0.ctex remapped: res://.godot/imported/stair_landing_art.png-aaf6b1faaf4ffa463150e5cc0f53d3c0.ctex
Completed load for: 'res://assets/building/textures/hallway_art/stair_landing_art.png' remapped 'res://assets/building/textures/hallway_art/stair_landing_art.png' at thread -1
Loading resource: res://assets/building/textures/hallway_art/stair_landing_art.png remapped: res://assets/building/textures/hallway_art/stair_landing_art.png
Loading resource: res://.godot/imported/stair_landing_art.png-aaf6b1faaf4ffa463150e5cc0f53d3c0.ctex remapped: res://.godot/imported/stair_landing_art.png-aaf6b1faaf4ffa463150e5cc0f53d3c0.ctex
Completed load for: 'res://assets/building/textures/hallway_art/stair_landing_art.png' remapped 'res://assets/building/textures/hallway_art/stair_landing_art.png' at thread -1
[BUILDING] 7 stair-landing pieces hung
Loading resource: res://assets/building/textures/found_art/fine_art_01.webp remapped: res://assets/building/textures/found_art/fine_art_01.webp
Loading resource: res://.godot/imported/fine_art_01.webp-364e952d7976c0cbf0b405bf4ec7e23f.ctex remapped: res://.godot/imported/fine_art_01.webp-364e952d7976c0cbf0b405bf4ec7e23f.ctex
Completed load for: 'res://assets/building/textures/found_art/fine_art_01.webp' remapped 'res://assets/building/textures/found_art/fine_art_01.webp' at thread -1
Loading resource: res://assets/building/textures/found_art/posters_01.webp remapped: res://assets/building/textures/found_art/posters_01.webp
Loading resource: res://.godot/imported/posters_01.webp-552a2e37d3e64f0803abaffa9d394d50.ctex remapped: res://.godot/imported/posters_01.webp-552a2e37d3e64f0803abaffa9d394d50.ctex
Completed load for: 'res://assets/building/textures/found_art/posters_01.webp' remapped 'res://assets/building/textures/found_art/posters_01.webp' at thread -1
Loading resource: res://assets/building/textures/found_art/fine_art_01.webp remapped: res://assets/building/textures/found_art/fine_art_01.webp
Loading resource: res://.godot/imported/fine_art_01.webp-364e952d7976c0cbf0b405bf4ec7e23f.ctex remapped: res://.godot/imported/fine_art_01.webp-364e952d7976c0cbf0b405bf4ec7e23f.ctex
Completed load for: 'res://assets/building/textures/found_art/fine_art_01.webp' remapped 'res://assets/building/textures/found_art/fine_art_01.webp' at thread -1
Loading resource: res://assets/building/textures/found_art/posters_02.webp remapped: res://assets/building/textures/found_art/posters_02.webp
Loading resource: res://.godot/imported/posters_02.webp-3a84a696631ab94e94dd3dcdcd3da840.ctex remapped: res://.godot/imported/posters_02.webp-3a84a696631ab94e94dd3dcdcd3da840.ctex
Completed load for: 'res://assets/building/textures/found_art/posters_02.webp' remapped 'res://assets/building/textures/found_art/posters_02.webp' at thread -1
Loading resource: res://assets/building/textures/found_art/posters_03.webp remapped: res://assets/building/textures/found_art/posters_03.webp
Loading resource: res://.godot/imported/posters_03.webp-9c17345fcdc2bca6dd5b16d583bd4b4e.ctex remapped: res://.godot/imported/posters_03.webp-9c17345fcdc2bca6dd5b16d583bd4b4e.ctex
Completed load for: 'res://assets/building/textures/found_art/posters_03.webp' remapped 'res://assets/building/textures/found_art/posters_03.webp' at thread -1
Loading resource: res://assets/building/textures/found_art/fine_art_01.webp remapped: res://assets/building/textures/found_art/fine_art_01.webp
Loading resource: res://.godot/imported/fine_art_01.webp-364e952d7976c0cbf0b405bf4ec7e23f.ctex remapped: res://.godot/imported/fine_art_01.webp-364e952d7976c0cbf0b405bf4ec7e23f.ctex
Completed load for: 'res://assets/building/textures/found_art/fine_art_01.webp' remapped 'res://assets/building/textures/found_art/fine_art_01.webp' at thread -1
Loading resource: res://assets/building/textures/found_art/posters_03.webp remapped: res://assets/building/textures/found_art/posters_03.webp
Loading resource: res://.godot/imported/posters_03.webp-9c17345fcdc2bca6dd5b16d583bd4b4e.ctex remapped: res://.godot/imported/posters_03.webp-9c17345fcdc2bca6dd5b16d583bd4b4e.ctex
Completed load for: 'res://assets/building/textures/found_art/posters_03.webp' remapped 'res://assets/building/textures/found_art/posters_03.webp' at thread -1
Loading resource: res://assets/building/textures/found_art/posters_01.webp remapped: res://assets/building/textures/found_art/posters_01.webp
Loading resource: res://.godot/imported/posters_01.webp-552a2e37d3e64f0803abaffa9d394d50.ctex remapped: res://.godot/imported/posters_01.webp-552a2e37d3e64f0803abaffa9d394d50.ctex
Completed load for: 'res://assets/building/textures/found_art/posters_01.webp' remapped 'res://assets/building/textures/found_art/posters_01.webp' at thread -1
Loading resource: res://assets/building/textures/found_art/fine_art_02.webp remapped: res://assets/building/textures/found_art/fine_art_02.webp
Loading resource: res://.godot/imported/fine_art_02.webp-c5cd20055ad61b38b9f3e70e575a0fe3.ctex remapped: res://.godot/imported/fine_art_02.webp-c5cd20055ad61b38b9f3e70e575a0fe3.ctex
Completed load for: 'res://assets/building/textures/found_art/fine_art_02.webp' remapped 'res://assets/building/textures/found_art/fine_art_02.webp' at thread -1
Loading resource: res://assets/building/textures/found_art/posters_04.webp remapped: res://assets/building/textures/found_art/posters_04.webp
Loading resource: res://.godot/imported/posters_04.webp-1ed9451e1c915a914ae2cd2edcbba81b.ctex remapped: res://.godot/imported/posters_04.webp-1ed9451e1c915a914ae2cd2edcbba81b.ctex
Completed load for: 'res://assets/building/textures/found_art/posters_04.webp' remapped 'res://assets/building/textures/found_art/posters_04.webp' at thread -1
Loading resource: res://assets/building/textures/found_art/posters_02.webp remapped: res://assets/building/textures/found_art/posters_02.webp
Loading resource: res://.godot/imported/posters_02.webp-3a84a696631ab94e94dd3dcdcd3da840.ctex remapped: res://.godot/imported/posters_02.webp-3a84a696631ab94e94dd3dcdcd3da840.ctex
Completed load for: 'res://assets/building/textures/found_art/posters_02.webp' remapped 'res://assets/building/textures/found_art/posters_02.webp' at thread -1
Loading resource: res://assets/building/textures/found_art/posters_03.webp remapped: res://assets/building/textures/found_art/posters_03.webp
Loading resource: res://.godot/imported/posters_03.webp-9c17345fcdc2bca6dd5b16d583bd4b4e.ctex remapped: res://.godot/imported/posters_03.webp-9c17345fcdc2bca6dd5b16d583bd4b4e.ctex
Completed load for: 'res://assets/building/textures/found_art/posters_03.webp' remapped 'res://assets/building/textures/found_art/posters_03.webp' at thread -1
Loading resource: res://assets/building/textures/found_art/fine_art_01.webp remapped: res://assets/building/textures/found_art/fine_art_01.webp
Loading resource: res://.godot/imported/fine_art_01.webp-364e952d7976c0cbf0b405bf4ec7e23f.ctex remapped: res://.godot/imported/fine_art_01.webp-364e952d7976c0cbf0b405bf4ec7e23f.ctex
Completed load for: 'res://assets/building/textures/found_art/fine_art_01.webp' remapped 'res://assets/building/textures/found_art/fine_art_01.webp' at thread -1
Loading resource: res://assets/building/textures/found_art/posters_02.webp remapped: res://assets/building/textures/found_art/posters_02.webp
Loading resource: res://.godot/imported/posters_02.webp-3a84a696631ab94e94dd3dcdcd3da840.ctex remapped: res://.godot/imported/posters_02.webp-3a84a696631ab94e94dd3dcdcd3da840.ctex
Completed load for: 'res://assets/building/textures/found_art/posters_02.webp' remapped 'res://assets/building/textures/found_art/posters_02.webp' at thread -1
Loading resource: res://assets/building/textures/found_art/posters_01.webp remapped: res://assets/building/textures/found_art/posters_01.webp
Loading resource: res://.godot/imported/posters_01.webp-552a2e37d3e64f0803abaffa9d394d50.ctex remapped: res://.godot/imported/posters_01.webp-552a2e37d3e64f0803abaffa9d394d50.ctex
Completed load for: 'res://assets/building/textures/found_art/posters_01.webp' remapped 'res://assets/building/textures/found_art/posters_01.webp' at thread -1
Loading resource: res://assets/building/textures/found_art/fine_art_02.webp remapped: res://assets/building/textures/found_art/fine_art_02.webp
Loading resource: res://.godot/imported/fine_art_02.webp-c5cd20055ad61b38b9f3e70e575a0fe3.ctex remapped: res://.godot/imported/fine_art_02.webp-c5cd20055ad61b38b9f3e70e575a0fe3.ctex
Completed load for: 'res://assets/building/textures/found_art/fine_art_02.webp' remapped 'res://assets/building/textures/found_art/fine_art_02.webp' at thread -1
Loading resource: res://assets/building/textures/found_art/posters_04.webp remapped: res://assets/building/textures/found_art/posters_04.webp
Loading resource: res://.godot/imported/posters_04.webp-1ed9451e1c915a914ae2cd2edcbba81b.ctex remapped: res://.godot/imported/posters_04.webp-1ed9451e1c915a914ae2cd2edcbba81b.ctex
Completed load for: 'res://assets/building/textures/found_art/posters_04.webp' remapped 'res://assets/building/textures/found_art/posters_04.webp' at thread -1
Loading resource: res://assets/building/textures/found_art/editorial_01.webp remapped: res://assets/building/textures/found_art/editorial_01.webp
Loading resource: res://.godot/imported/editorial_01.webp-ab2da292cd3ac8650b2c833765557384.ctex remapped: res://.godot/imported/editorial_01.webp-ab2da292cd3ac8650b2c833765557384.ctex
Completed load for: 'res://assets/building/textures/found_art/editorial_01.webp' remapped 'res://assets/building/textures/found_art/editorial_01.webp' at thread -1
Loading resource: res://assets/building/textures/found_art/editorial_02.webp remapped: res://assets/building/textures/found_art/editorial_02.webp
Loading resource: res://.godot/imported/editorial_02.webp-d1e5e3b8fd2569b5065af39255fa2203.ctex remapped: res://.godot/imported/editorial_02.webp-d1e5e3b8fd2569b5065af39255fa2203.ctex
Completed load for: 'res://assets/building/textures/found_art/editorial_02.webp' remapped 'res://assets/building/textures/found_art/editorial_02.webp' at thread -1
Loading resource: res://assets/building/textures/found_art/editorial_03.webp remapped: res://assets/building/textures/found_art/editorial_03.webp
Loading resource: res://.godot/imported/editorial_03.webp-26ea1974601585086b844f159f4aaaac.ctex remapped: res://.godot/imported/editorial_03.webp-26ea1974601585086b844f159f4aaaac.ctex
Completed load for: 'res://assets/building/textures/found_art/editorial_03.webp' remapped 'res://assets/building/textures/found_art/editorial_03.webp' at thread -1
Loading resource: res://assets/building/textures/found_art/editorial_01.webp remapped: res://assets/building/textures/found_art/editorial_01.webp
Loading resource: res://.godot/imported/editorial_01.webp-ab2da292cd3ac8650b2c833765557384.ctex remapped: res://.godot/imported/editorial_01.webp-ab2da292cd3ac8650b2c833765557384.ctex
Completed load for: 'res://assets/building/textures/found_art/editorial_01.webp' remapped 'res://assets/building/textures/found_art/editorial_01.webp' at thread -1
Loading resource: res://assets/building/textures/found_art/editorial_02.webp remapped: res://assets/building/textures/found_art/editorial_02.webp
Loading resource: res://.godot/imported/editorial_02.webp-d1e5e3b8fd2569b5065af39255fa2203.ctex remapped: res://.godot/imported/editorial_02.webp-d1e5e3b8fd2569b5065af39255fa2203.ctex
Completed load for: 'res://assets/building/textures/found_art/editorial_02.webp' remapped 'res://assets/building/textures/found_art/editorial_02.webp' at thread -1
Loading resource: res://assets/building/textures/found_art/editorial_03.webp remapped: res://assets/building/textures/found_art/editorial_03.webp
Loading resource: res://.godot/imported/editorial_03.webp-26ea1974601585086b844f159f4aaaac.ctex remapped: res://.godot/imported/editorial_03.webp-26ea1974601585086b844f159f4aaaac.ctex
Completed load for: 'res://assets/building/textures/found_art/editorial_03.webp' remapped 'res://assets/building/textures/found_art/editorial_03.webp' at thread -1
Loading resource: res://assets/building/textures/found_art/editorial_03.webp remapped: res://assets/building/textures/found_art/editorial_03.webp
Loading resource: res://.godot/imported/editorial_03.webp-26ea1974601585086b844f159f4aaaac.ctex remapped: res://.godot/imported/editorial_03.webp-26ea1974601585086b844f159f4aaaac.ctex
Completed load for: 'res://assets/building/textures/found_art/editorial_03.webp' remapped 'res://assets/building/textures/found_art/editorial_03.webp' at thread -1
Loading resource: res://assets/building/textures/found_art/billboards_01.webp remapped: res://assets/building/textures/found_art/billboards_01.webp
Loading resource: res://.godot/imported/billboards_01.webp-f3c40ca09ac5027222b8c7c9f78e0000.ctex remapped: res://.godot/imported/billboards_01.webp-f3c40ca09ac5027222b8c7c9f78e0000.ctex
Completed load for: 'res://assets/building/textures/found_art/billboards_01.webp' remapped 'res://assets/building/textures/found_art/billboards_01.webp' at thread -1
[BUILDING] found art: 17 walls, 7 print props, 1 billboards
Loading resource: res://assets/building/textures/notices/lobby_notices.png remapped: res://assets/building/textures/notices/lobby_notices.png
Loading resource: res://.godot/imported/lobby_notices.png-1b6ca73ccd933421484a5291e1f336f7.ctex remapped: res://.godot/imported/lobby_notices.png-1b6ca73ccd933421484a5291e1f336f7.ctex
Completed load for: 'res://assets/building/textures/notices/lobby_notices.png' remapped 'res://assets/building/textures/notices/lobby_notices.png' at thread -1
Shader cache miss for SceneForwardClusteredShaderRD/069fad9662d1c110a7284347f6822a7ae0bb9be399f57215e33231e68a6e4692/8c8535e565e7e453ae838e50a7898f95fe7564e1
Shader cache miss for SceneForwardClusteredShaderRD/069fad9662d1c110a7284347f6822a7ae0bb9be399f57215e33231e68a6e4692/ae3c8e31f908e0df600cc24ef1a7ea00e2995926
[BUILDING] front-door exterior light and signage placed
Loading resource: res://assets/building/textures/T_library_furniture_porcelain_albedo.png remapped: res://assets/building/textures/T_library_furniture_porcelain_albedo.png
Loading resource: res://.godot/imported/T_library_furniture_porcelain_albedo.png-f5b5ec704993bcb4a49f3dfa18796cbe.ctex remapped: res://.godot/imported/T_library_furniture_porcelain_albedo.png-f5b5ec704993bcb4a49f3dfa18796cbe.ctex
Completed load for: 'res://assets/building/textures/T_library_furniture_porcelain_albedo.png' remapped 'res://assets/building/textures/T_library_furniture_porcelain_albedo.png' at thread -1
Loading resource: res://assets/building/textures/T_library_furniture_porcelain_rough.png remapped: res://assets/building/textures/T_library_furniture_porcelain_rough.png
Loading resource: res://.godot/imported/T_library_furniture_porcelain_rough.png-04be3d2a95ec6d78ca44aef0cf8a7ef5.ctex remapped: res://.godot/imported/T_library_furniture_porcelain_rough.png-04be3d2a95ec6d78ca44aef0cf8a7ef5.ctex
Completed load for: 'res://assets/building/textures/T_library_furniture_porcelain_rough.png' remapped 'res://assets/building/textures/T_library_furniture_porcelain_rough.png' at thread -1
Loading resource: res://assets/building/textures/T_library_furniture_porcelain_normal.png remapped: res://assets/building/textures/T_library_furniture_porcelain_normal.png
Loading resource: res://.godot/imported/T_library_furniture_porcelain_normal.png-b6540e6b937aa042b9c3b1ec16baf952.ctex remapped: res://.godot/imported/T_library_furniture_porcelain_normal.png-b6540e6b937aa042b9c3b1ec16baf952.ctex
Completed load for: 'res://assets/building/textures/T_library_furniture_porcelain_normal.png' remapped 'res://assets/building/textures/T_library_furniture_porcelain_normal.png' at thread -1
[BUILDING] maintenance headquarters ready: 18 trophy slots, 6 gear tiers
[LIGHT RIG] budgets resolved: 64 active / 5 shadow
Shader cache miss for SceneForwardClusteredShaderRD/069fad9662d1c110a7284347f6822a7ae0bb9be399f57215e33231e68a6e4692/7cde7b3bc12901faf797c7e6c20799c5c6408955
Loading resource: res://assets/audio/freesound/processed/beds/ambient_basement_elevator.ogg remapped: res://assets/audio/freesound/processed/beds/ambient_basement_elevator.ogg
Loading resource: res://.godot/imported/ambient_basement_elevator.ogg-d7dee9361003bb9ed9f3ee40fab3228c.oggvorbisstr remapped: res://.godot/imported/ambient_basement_elevator.ogg-d7dee9361003bb9ed9f3ee40fab3228c.oggvorbisstr
Completed load for: 'res://assets/audio/freesound/processed/beds/ambient_basement_elevator.ogg' remapped 'res://assets/audio/freesound/processed/beds/ambient_basement_elevator.ogg' at thread -1
[SCHEDULE] director inert: 18 residents on the clock
[HARUKIYA] 9 interactables placed
Shader cache miss for CanvasShaderRD/1ac5f6c8d534ebab572b3f886e38134784245fbd5fa01c7cbb6cc452e5400080/b2346e9d1492d8c23cbfbcc756e52ca926791369
Loading resource: res://assets/ui/phone/mask_clean.png remapped: res://assets/ui/phone/mask_clean.png
Loading resource: res://.godot/imported/mask_clean.png-9754816ed019fdae3e3e5bb028d18c89.ctex remapped: res://.godot/imported/mask_clean.png-9754816ed019fdae3e3e5bb028d18c89.ctex
Completed load for: 'res://assets/ui/phone/mask_clean.png' remapped 'res://assets/ui/phone/mask_clean.png' at thread -1
Loading resource: res://assets/ui/phone/mask_cracked.png remapped: res://assets/ui/phone/mask_cracked.png
Loading resource: res://.godot/imported/mask_cracked.png-183f1d84ab4944c64107e0f51581b7c2.ctex remapped: res://.godot/imported/mask_cracked.png-183f1d84ab4944c64107e0f51581b7c2.ctex
Completed load for: 'res://assets/ui/phone/mask_cracked.png' remapped 'res://assets/ui/phone/mask_cracked.png' at thread -1
Loading resource: res://assets/ui/phone/mask_haze.png remapped: res://assets/ui/phone/mask_haze.png
Loading resource: res://.godot/imported/mask_haze.png-5f23b5b3aad4fa9fe7f497b52174a3ed.ctex remapped: res://.godot/imported/mask_haze.png-5f23b5b3aad4fa9fe7f497b52174a3ed.ctex
Completed load for: 'res://assets/ui/phone/mask_haze.png' remapped 'res://assets/ui/phone/mask_haze.png' at thread -1
Loading resource: res://assets/audio/freesound/processed/beds/ambient_city_night.ogg remapped: res://assets/audio/freesound/processed/beds/ambient_city_night.ogg
Loading resource: res://.godot/imported/ambient_city_night.ogg-9342b892f9072cb348754a80a6959aa0.oggvorbisstr remapped: res://.godot/imported/ambient_city_night.ogg-9342b892f9072cb348754a80a6959aa0.oggvorbisstr
Completed load for: 'res://assets/audio/freesound/processed/beds/ambient_city_night.ogg' remapped 'res://assets/audio/freesound/processed/beds/ambient_city_night.ogg' at thread -1
Loading resource: res://assets/audio/freesound/processed/beds/ambient_building_radiators.ogg remapped: res://assets/audio/freesound/processed/beds/ambient_building_radiators.ogg
Loading resource: res://.godot/imported/ambient_building_radiators.ogg-97952c94203eaf32cd9f198c6d5beea9.oggvorbisstr remapped: res://.godot/imported/ambient_building_radiators.ogg-97952c94203eaf32cd9f198c6d5beea9.oggvorbisstr
Completed load for: 'res://assets/audio/freesound/processed/beds/ambient_building_radiators.ogg' remapped 'res://assets/audio/freesound/processed/beds/ambient_building_radiators.ogg' at thread -1
Loading resource: res://assets/audio/freesound/processed/beds/ambient_roof_storm_city.ogg remapped: res://assets/audio/freesound/processed/beds/ambient_roof_storm_city.ogg
Loading resource: res://.godot/imported/ambient_roof_storm_city.ogg-c04e2a89b8dfead920e7b3a7b0189eaf.oggvorbisstr remapped: res://.godot/imported/ambient_roof_storm_city.ogg-c04e2a89b8dfead920e7b3a7b0189eaf.oggvorbisstr
Completed load for: 'res://assets/audio/freesound/processed/beds/ambient_roof_storm_city.ogg' remapped 'res://assets/audio/freesound/processed/beds/ambient_roof_storm_city.ogg' at thread -1
Shader cache miss for SceneForwardClusteredShaderRD/069fad9662d1c110a7284347f6822a7ae0bb9be399f57215e33231e68a6e4692/ef165615413a7ba11e53c512cddabdaaac06ba3a
Shader cache miss for SceneForwardClusteredShaderRD/069fad9662d1c110a7284347f6822a7ae0bb9be399f57215e33231e68a6e4692/d7b2d6f6de2f8035ce508858d88f90b9772497a8
Shader cache miss for SceneForwardClusteredShaderRD/069fad9662d1c110a7284347f6822a7ae0bb9be399f57215e33231e68a6e4692/2437e70d0170ff8bb5719e2240323dedae7447ec
Shader cache miss for SceneForwardClusteredShaderRD/069fad9662d1c110a7284347f6822a7ae0bb9be399f57215e33231e68a6e4692/ca4185b8be32288c77ae65ff4132deae545d7607
Shader cache miss for SceneForwardClusteredShaderRD/069fad9662d1c110a7284347f6822a7ae0bb9be399f57215e33231e68a6e4692/779d22e3e8dcc41ee6dceb24320be55b7fa0b2e6
Shader cache miss for SceneForwardClusteredShaderRD/069fad9662d1c110a7284347f6822a7ae0bb9be399f57215e33231e68a6e4692/78b31081755b0001d799a1fd48ccc54e3d9c8331
Shader cache miss for SceneForwardClusteredShaderRD/069fad9662d1c110a7284347f6822a7ae0bb9be399f57215e33231e68a6e4692/2a5b31fddfc2a6c29c1083fd66ba8bafba995d4d
Shader cache miss for SceneForwardClusteredShaderRD/069fad9662d1c110a7284347f6822a7ae0bb9be399f57215e33231e68a6e4692/cadd2d98a717c83bdeba04f8a3f69bde4832f617
Shader cache miss for SceneForwardClusteredShaderRD/069fad9662d1c110a7284347f6822a7ae0bb9be399f57215e33231e68a6e4692/78757b8d842956aa9172f80ca395b1bc085b24fc
[BUILDING] Orison assembled: 8 floors, 565 windows lit, 292 railing details, player in lobby
[BUILDING] 197 low-overhead environment details and 26 story decals
[BUILDING] 64 atmospheric evidence decals
[PASSAGE] late sweep: 117 interior, 759 foreign, 4 shared late-built F01 draws registered
[PASSAGE] root sweep: 17 interior, 971 foreign draws, 37 foreign lights registered
[STREET] 1612 enclosed F01 draws indexed
bcdec: Decompression of a 1024x1024 DXT1 RGB8 image with 10 mipmaps took 1 ms.
bcdec: Decompression of a 1024x1024 DXT1 RGB8 image with 10 mipmaps took 1 ms.
bcdec: Decompression of a 1024x1024 DXT1 RGB8 image with 10 mipmaps took 1 ms.
bcdec: Decompression of a 1024x1024 DXT1 RGB8 image with 10 mipmaps took 2 ms.
bcdec: Decompression of a 1024x1024 DXT1 RGB8 image with 10 mipmaps took 1 ms.
[SURFACE] 3946 prop draws layered in triplanar mode (936 materials)
[ENCROACH] 938 prop draws reached across 6 case flats
[ENCROACH] living field on F02 binds 568 materials
[ENCROACH] living field on F04 binds 413 materials
[ENCROACH] living field on F06 binds 378 materials
[ENCROACH] living field on F05 binds 391 materials
[ENCROACH] living field on F03 binds 407 materials
Shader cache miss for SceneForwardClusteredShaderRD/069fad9662d1c110a7284347f6822a7ae0bb9be399f57215e33231e68a6e4692/e3d23b05e1d97d5849196fcb5c75fddbdfd03cfb
Shader cache miss for SceneForwardClusteredShaderRD/069fad9662d1c110a7284347f6822a7ae0bb9be399f57215e33231e68a6e4692/a83e5fd94d4c762c1c74f4ceb6b88d7d5aed0b4a
Shader cache miss for SceneForwardClusteredShaderRD/069fad9662d1c110a7284347f6822a7ae0bb9be399f57215e33231e68a6e4692/a733bf9a089899a800ce65e243c9462af8238703
Shader cache miss for SceneForwardClusteredShaderRD/069fad9662d1c110a7284347f6822a7ae0bb9be399f57215e33231e68a6e4692/63db8bb08b8a96a1a645f434e7591be14417f31d
[LIGHTING] 254 sources active in system; 254 full personalities; profiles steady/breathe/mains/beat/dropout=[55, 54, 49, 45, 51]
Shader cache miss for SceneForwardClusteredShaderRD/069fad9662d1c110a7284347f6822a7ae0bb9be399f57215e33231e68a6e4692/b129be51e1f9490d938f2230794581368d255e7b
Shader cache miss for SceneForwardClusteredShaderRD/069fad9662d1c110a7284347f6822a7ae0bb9be399f57215e33231e68a6e4692/22cd235015bcd0e902092061deea96b4c0debd28
Shader cache miss for SceneForwardClusteredShaderRD/069fad9662d1c110a7284347f6822a7ae0bb9be399f57215e33231e68a6e4692/b88a2331337bd29268df2d0b56927e62b8d861a8
Shader cache miss for SceneForwardClusteredShaderRD/069fad9662d1c110a7284347f6822a7ae0bb9be399f57215e33231e68a6e4692/c51aae2dcffafe01645fedaf28be55eba3dd02ae
[NAV] collision audit: 368 edges cut by real geometry, 71 island nodes relinked, 0 stair legs obstructed
[STREET] 173 enclosed F01 draws indexed
[HARUKIYA] OPEN, 18 fixtures
MultiUmaBuffer 'RENDER_LIST_OPAQUE' used a total of 0 buffers. A large number may indicate a waste of VRAM and can be brought down by tweaking MAX_EXTRA_BUFFERS for this buffer.
MultiUmaBuffer 'RENDER_LIST_ALPHA' used a total of 0 buffers. A large number may indicate a waste of VRAM and can be brought down by tweaking MAX_EXTRA_BUFFERS for this buffer.
Shader cache miss for SceneForwardClusteredShaderRD/e6ddf6e05db4f231ee7be3016d02a9e703882c6b2e93191499ae729257086fbf/b600e18e20b53d8932999d48838b29553c586934
Shader cache miss for SceneForwardClusteredShaderRD/e6ddf6e05db4f231ee7be3016d02a9e703882c6b2e93191499ae729257086fbf/347259af253e6bbec7ad5c69332af5ca731015aa
Shader cache miss for SceneForwardClusteredShaderRD/e6ddf6e05db4f231ee7be3016d02a9e703882c6b2e93191499ae729257086fbf/a784797763b72ce058effad41b273eb697df9814
Shader cache miss for SceneForwardClusteredShaderRD/e6ddf6e05db4f231ee7be3016d02a9e703882c6b2e93191499ae729257086fbf/9ae935cd107ff04dc4904f4d9a48208144d11fe5
Shader cache miss for SceneForwardClusteredShaderRD/e6ddf6e05db4f231ee7be3016d02a9e703882c6b2e93191499ae729257086fbf/173ec96edd75d7852036e8cf75ab78654b6c1143
Shader cache miss for SceneForwardClusteredShaderRD/e6ddf6e05db4f231ee7be3016d02a9e703882c6b2e93191499ae729257086fbf/c31d00021df505ae64f6baec0c28abe58521a0ac
Shader cache miss for SceneForwardClusteredShaderRD/e6ddf6e05db4f231ee7be3016d02a9e703882c6b2e93191499ae729257086fbf/c31d00021df505ae64f6baec0c28abe58521a0ac
Shader cache miss for SceneForwardClusteredShaderRD/e6ddf6e05db4f231ee7be3016d02a9e703882c6b2e93191499ae729257086fbf/af0ade5e23fd51fcdb4c776961041b9981a8c91a
Shader cache miss for SceneForwardClusteredShaderRD/e6ddf6e05db4f231ee7be3016d02a9e703882c6b2e93191499ae729257086fbf/8e7daf2608d4995879a00150d733c1a0af95413a
Shader cache miss for SceneForwardClusteredShaderRD/e6ddf6e05db4f231ee7be3016d02a9e703882c6b2e93191499ae729257086fbf/43d20757257224d97c347ac30eab72c226a378b8
Shader cache miss for SceneForwardClusteredShaderRD/e6ddf6e05db4f231ee7be3016d02a9e703882c6b2e93191499ae729257086fbf/36a830bb8c1017df7767422038a8a68cf8ca3db3
Shader cache miss for SceneForwardClusteredShaderRD/e6ddf6e05db4f231ee7be3016d02a9e703882c6b2e93191499ae729257086fbf/a496140de1a54a7fd99443fd4b03919305b2f8ae
Shader cache miss for SceneForwardClusteredShaderRD/e6ddf6e05db4f231ee7be3016d02a9e703882c6b2e93191499ae729257086fbf/a01bc778a4e2de9eecc0ae2b0dc7cf17d657cfb5
Shader cache miss for SceneForwardClusteredShaderRD/e6ddf6e05db4f231ee7be3016d02a9e703882c6b2e93191499ae729257086fbf/77e28fea868f1d640cf581ded2e966295b75d2d8
Shader cache miss for SceneForwardClusteredShaderRD/e6ddf6e05db4f231ee7be3016d02a9e703882c6b2e93191499ae729257086fbf/e00eb7713e31510a72f6374c30718fe108c8d108
Shader cache miss for SceneForwardClusteredShaderRD/e6ddf6e05db4f231ee7be3016d02a9e703882c6b2e93191499ae729257086fbf/f73dc8bf120c3fb9f5d5594314c8ce39542729e1
Shader cache miss for SceneForwardClusteredShaderRD/e6ddf6e05db4f231ee7be3016d02a9e703882c6b2e93191499ae729257086fbf/9a29e2b057ac41424fad77f423ecc5896455d1b8
Shader cache miss for SceneForwardClusteredShaderRD/e6ddf6e05db4f231ee7be3016d02a9e703882c6b2e93191499ae729257086fbf/a51da970b675d828928ad427d0278427aa448a58
Shader cache miss for SceneForwardClusteredShaderRD/e6ddf6e05db4f231ee7be3016d02a9e703882c6b2e93191499ae729257086fbf/1c6f17c1e748e816b1b50097eb51b11d06dc66c1
Shader cache miss for SceneForwardClusteredShaderRD/e6ddf6e05db4f231ee7be3016d02a9e703882c6b2e93191499ae729257086fbf/4f6a6823f24c73458208870242e238995b1781b0
Shader cache miss for SceneForwardClusteredShaderRD/e6ddf6e05db4f231ee7be3016d02a9e703882c6b2e93191499ae729257086fbf/2ce5b7e6d9c1cb48de3bce557df091df934a2bc4
Shader cache miss for SceneForwardClusteredShaderRD/e6ddf6e05db4f231ee7be3016d02a9e703882c6b2e93191499ae729257086fbf/c32cfe524f836db1fef220dd3ccbf2c789c5b319
Shader cache miss for SceneForwardClusteredShaderRD/e6ddf6e05db4f231ee7be3016d02a9e703882c6b2e93191499ae729257086fbf/c1ae60792929160ff4932817118f4ea11c1f70a1
Shader cache miss for SceneForwardClusteredShaderRD/e6ddf6e05db4f231ee7be3016d02a9e703882c6b2e93191499ae729257086fbf/b129a41fd393ace4ff2ad5f37cb65a61bc072551
Shader cache miss for SceneForwardClusteredShaderRD/e6ddf6e05db4f231ee7be3016d02a9e703882c6b2e93191499ae729257086fbf/ce284d0337c56daabe976677fc16a331307eeb05
Shader cache miss for SceneForwardClusteredShaderRD/e6ddf6e05db4f231ee7be3016d02a9e703882c6b2e93191499ae729257086fbf/b07e1a1cb8fbb2f4e7001c90360e03af72d705f0
Shader cache miss for SceneForwardClusteredShaderRD/e6ddf6e05db4f231ee7be3016d02a9e703882c6b2e93191499ae729257086fbf/ff88bb14a0faed2fc05aa867ae3b9c5c1069e193
Shader cache miss for SceneForwardClusteredShaderRD/e6ddf6e05db4f231ee7be3016d02a9e703882c6b2e93191499ae729257086fbf/8a33e3448804a106dc84cf085356a6f6afc878ff
Shader cache miss for SceneForwardClusteredShaderRD/e6ddf6e05db4f231ee7be3016d02a9e703882c6b2e93191499ae729257086fbf/989df9100012cd3a70d11b2872ac4fac3ad872a4
Shader cache miss for SceneForwardClusteredShaderRD/e6ddf6e05db4f231ee7be3016d02a9e703882c6b2e93191499ae729257086fbf/6ae999d6ca01dec30a07cbe3b32345a291fe7cc5
Shader cache miss for SceneForwardClusteredShaderRD/e6ddf6e05db4f231ee7be3016d02a9e703882c6b2e93191499ae729257086fbf/ff88bb14a0faed2fc05aa867ae3b9c5c1069e193
Shader cache miss for SceneForwardClusteredShaderRD/e6ddf6e05db4f231ee7be3016d02a9e703882c6b2e93191499ae729257086fbf/32f7c17dbaa70ed9dd62a8167aa5933833f219b5
Shader cache miss for SceneForwardClusteredShaderRD/e6ddf6e05db4f231ee7be3016d02a9e703882c6b2e93191499ae729257086fbf/81295725b10ccf2e0f96f4b5a1fafbf2e58c4e7e
Shader cache miss for SceneForwardClusteredShaderRD/e6ddf6e05db4f231ee7be3016d02a9e703882c6b2e93191499ae729257086fbf/f9470bb28294bf26311caf56104540eda1625250
Shader cache miss for SceneForwardClusteredShaderRD/e6ddf6e05db4f231ee7be3016d02a9e703882c6b2e93191499ae729257086fbf/2ec25469ff871061d95be949217a0424b913da69
Shader cache miss for SceneForwardClusteredShaderRD/e6ddf6e05db4f231ee7be3016d02a9e703882c6b2e93191499ae729257086fbf/80727c5c405cd49d3b85121d51c05577e1779f1a
Shader cache miss for SceneForwardClusteredShaderRD/e6ddf6e05db4f231ee7be3016d02a9e703882c6b2e93191499ae729257086fbf/80727c5c405cd49d3b85121d51c05577e1779f1a
Shader cache miss for SceneForwardClusteredShaderRD/e6ddf6e05db4f231ee7be3016d02a9e703882c6b2e93191499ae729257086fbf/80727c5c405cd49d3b85121d51c05577e1779f1a
Shader cache miss for SceneForwardClusteredShaderRD/e6ddf6e05db4f231ee7be3016d02a9e703882c6b2e93191499ae729257086fbf/80727c5c405cd49d3b85121d51c05577e1779f1a
Shader cache miss for SceneForwardClusteredShaderRD/e6ddf6e05db4f231ee7be3016d02a9e703882c6b2e93191499ae729257086fbf/80727c5c405cd49d3b85121d51c05577e1779f1a
Shader cache miss for SceneForwardClusteredShaderRD/e6ddf6e05db4f231ee7be3016d02a9e703882c6b2e93191499ae729257086fbf/80727c5c405cd49d3b85121d51c05577e1779f1a
Shader cache miss for SceneForwardClusteredShaderRD/e6ddf6e05db4f231ee7be3016d02a9e703882c6b2e93191499ae729257086fbf/fe3f88e0241aae0238d53bf639f4438c41f99561
Shader cache miss for SceneForwardClusteredShaderRD/e6ddf6e05db4f231ee7be3016d02a9e703882c6b2e93191499ae729257086fbf/63f61b4e446b4503278aac4c800bab48386602ef
Shader cache miss for SceneForwardClusteredShaderRD/e6ddf6e05db4f231ee7be3016d02a9e703882c6b2e93191499ae729257086fbf/43400f97e11d14be9207aaa6fdf05ad92d242b95
Shader cache miss for SceneForwardClusteredShaderRD/e6ddf6e05db4f231ee7be3016d02a9e703882c6b2e93191499ae729257086fbf/293d2904769d9c5732205898e0178587b9dec205
Shader cache miss for SceneForwardClusteredShaderRD/e6ddf6e05db4f231ee7be3016d02a9e703882c6b2e93191499ae729257086fbf/bf3252567abeae09838af7bcbab3f860a7c30751
Shader cache miss for SceneForwardClusteredShaderRD/e6ddf6e05db4f231ee7be3016d02a9e703882c6b2e93191499ae729257086fbf/02f882187982bf4fe298b1416b46f11a9a761880
Shader cache miss for SceneForwardClusteredShaderRD/e6ddf6e05db4f231ee7be3016d02a9e703882c6b2e93191499ae729257086fbf/1d22b95377aadca3a0931113adee5cc3272a0404
Shader cache miss for SceneForwardClusteredShaderRD/e6ddf6e05db4f231ee7be3016d02a9e703882c6b2e93191499ae729257086fbf/6b21b453576648653e2c75766a797fd539cbd8eb
Shader cache miss for SceneForwardClusteredShaderRD/e6ddf6e05db4f231ee7be3016d02a9e703882c6b2e93191499ae729257086fbf/b366b0634788b61eac50cdf8a4b186cc94db2364
Shader cache miss for SceneForwardClusteredShaderRD/e6ddf6e05db4f231ee7be3016d02a9e703882c6b2e93191499ae729257086fbf/478a5631a1273ff3ba0b35a62912315674ef191e
Shader cache miss for SceneForwardClusteredShaderRD/e6ddf6e05db4f231ee7be3016d02a9e703882c6b2e93191499ae729257086fbf/4534de3371fe4120bbadb706155fa252846a18ff
Shader cache miss for SceneForwardClusteredShaderRD/e6ddf6e05db4f231ee7be3016d02a9e703882c6b2e93191499ae729257086fbf/b26b8b50275c8643667a0ba8cd22271b1fba0559
Shader cache miss for SceneForwardClusteredShaderRD/e6ddf6e05db4f231ee7be3016d02a9e703882c6b2e93191499ae729257086fbf/3dc3bbabde2ae4e2f93069484386001473b4671e
Shader cache miss for SceneForwardClusteredShaderRD/e6ddf6e05db4f231ee7be3016d02a9e703882c6b2e93191499ae729257086fbf/172970b5b2efbf02b4ae120abe61ec4f826c2737
Shader cache miss for SceneForwardClusteredShaderRD/e6ddf6e05db4f231ee7be3016d02a9e703882c6b2e93191499ae729257086fbf/5d63c4729e4cab6ff117431bcd4b092d7c13f855
Shader cache miss for SceneForwardClusteredShaderRD/e6ddf6e05db4f231ee7be3016d02a9e703882c6b2e93191499ae729257086fbf/8c8535e565e7e453ae838e50a7898f95fe7564e1
Shader cache miss for SceneForwardClusteredShaderRD/e6ddf6e05db4f231ee7be3016d02a9e703882c6b2e93191499ae729257086fbf/ae3c8e31f908e0df600cc24ef1a7ea00e2995926
Shader cache miss for SceneForwardClusteredShaderRD/e6ddf6e05db4f231ee7be3016d02a9e703882c6b2e93191499ae729257086fbf/7cde7b3bc12901faf797c7e6c20799c5c6408955
Shader cache miss for SceneForwardClusteredShaderRD/e6ddf6e05db4f231ee7be3016d02a9e703882c6b2e93191499ae729257086fbf/ef165615413a7ba11e53c512cddabdaaac06ba3a
Shader cache miss for SceneForwardClusteredShaderRD/e6ddf6e05db4f231ee7be3016d02a9e703882c6b2e93191499ae729257086fbf/d7b2d6f6de2f8035ce508858d88f90b9772497a8
Shader cache miss for SceneForwardClusteredShaderRD/e6ddf6e05db4f231ee7be3016d02a9e703882c6b2e93191499ae729257086fbf/2437e70d0170ff8bb5719e2240323dedae7447ec
Shader cache miss for SceneForwardClusteredShaderRD/e6ddf6e05db4f231ee7be3016d02a9e703882c6b2e93191499ae729257086fbf/ca4185b8be32288c77ae65ff4132deae545d7607
Shader cache miss for SceneForwardClusteredShaderRD/e6ddf6e05db4f231ee7be3016d02a9e703882c6b2e93191499ae729257086fbf/779d22e3e8dcc41ee6dceb24320be55b7fa0b2e6
Shader cache miss for SceneForwardClusteredShaderRD/e6ddf6e05db4f231ee7be3016d02a9e703882c6b2e93191499ae729257086fbf/78b31081755b0001d799a1fd48ccc54e3d9c8331
Shader cache miss for SceneForwardClusteredShaderRD/e6ddf6e05db4f231ee7be3016d02a9e703882c6b2e93191499ae729257086fbf/2a5b31fddfc2a6c29c1083fd66ba8bafba995d4d
Shader cache miss for SceneForwardClusteredShaderRD/e6ddf6e05db4f231ee7be3016d02a9e703882c6b2e93191499ae729257086fbf/cadd2d98a717c83bdeba04f8a3f69bde4832f617
Shader cache miss for SceneForwardClusteredShaderRD/e6ddf6e05db4f231ee7be3016d02a9e703882c6b2e93191499ae729257086fbf/78757b8d842956aa9172f80ca395b1bc085b24fc
Shader cache miss for SceneForwardClusteredShaderRD/e6ddf6e05db4f231ee7be3016d02a9e703882c6b2e93191499ae729257086fbf/e3d23b05e1d97d5849196fcb5c75fddbdfd03cfb
Shader cache miss for SceneForwardClusteredShaderRD/e6ddf6e05db4f231ee7be3016d02a9e703882c6b2e93191499ae729257086fbf/a83e5fd94d4c762c1c74f4ceb6b88d7d5aed0b4a
Shader cache miss for SceneForwardClusteredShaderRD/e6ddf6e05db4f231ee7be3016d02a9e703882c6b2e93191499ae729257086fbf/a733bf9a089899a800ce65e243c9462af8238703
Shader cache miss for SceneForwardClusteredShaderRD/e6ddf6e05db4f231ee7be3016d02a9e703882c6b2e93191499ae729257086fbf/63db8bb08b8a96a1a645f434e7591be14417f31d
Shader cache miss for SceneForwardClusteredShaderRD/e6ddf6e05db4f231ee7be3016d02a9e703882c6b2e93191499ae729257086fbf/b129be51e1f9490d938f2230794581368d255e7b
Shader cache miss for SceneForwardClusteredShaderRD/e6ddf6e05db4f231ee7be3016d02a9e703882c6b2e93191499ae729257086fbf/22cd235015bcd0e902092061deea96b4c0debd28
Shader cache miss for SceneForwardClusteredShaderRD/e6ddf6e05db4f231ee7be3016d02a9e703882c6b2e93191499ae729257086fbf/b88a2331337bd29268df2d0b56927e62b8d861a8
Shader cache miss for SceneForwardClusteredShaderRD/e6ddf6e05db4f231ee7be3016d02a9e703882c6b2e93191499ae729257086fbf/c51aae2dcffafe01645fedaf28be55eba3dd02ae
Updated PSO cache (6.2 MiB)
Updated PSO cache (19.3 MiB)
Updated PSO cache (22.5 MiB)
Updated PSO cache (25.8 MiB)
Updated PSO cache (29.0 MiB)
Updated PSO cache (33.0 MiB)
MultiUmaBuffer 'RENDER_LIST_OPAQUE' used a total of 1 buffers. A large number may indicate a waste of VRAM and can be brought down by tweaking MAX_EXTRA_BUFFERS for this buffer.
Updated PSO cache (37.0 MiB)
MultiUmaBuffer 'RENDER_LIST_SECONDARY' used a total of 0 buffers. A large number may indicate a waste of VRAM and can be brought down by tweaking MAX_EXTRA_BUFFERS for this buffer.
MultiUmaBuffer 'RENDER_LIST_SECONDARY' used a total of 3 buffers. A large number may indicate a waste of VRAM and can be brought down by tweaking MAX_EXTRA_BUFFERS for this buffer.
MultiUmaBuffer 'RENDER_LIST_SECONDARY' used a total of 1 buffers. A large number may indicate a waste of VRAM and can be brought down by tweaking MAX_EXTRA_BUFFERS for this buffer.
Updated PSO cache (40.0 MiB)
[HISTORICAL-RADIO-V1-LOBBY TIMING] stage=setup elapsed=0.001 remaining=53.999
[HISTORICAL-RADIO-V1-LOBBY BUDGET] stage=setup outstanding=3 reserve=3.050 slack=50.948
[HISTORICAL-RADIO-V1-LOBBY TIMING] stage=actual_lobby_ready elapsed=0.059 remaining=53.941
[HISTORICAL-RADIO-V1-LOBBY BUDGET] stage=actual_lobby_ready outstanding=3 reserve=3.050 slack=50.890
Updated PSO cache (44.8 MiB)
Updated PSO cache (53.8 MiB)
[HISTORICAL-RADIO-V1-LOBBY CAPTURE] 1/3 label=01_physical_hand_copy elapsed=0.450 path=C:\PleaseRemainOnTheLine-astra\design\astra\evidence\historical_radio_notice\capture_03\shots/01_physical_hand_copy.png
[HISTORICAL-RADIO-V1-LOBBY TIMING] stage=pending_notice_printed elapsed=0.500 remaining=53.500
[HISTORICAL-RADIO-V1-LOBBY BUDGET] stage=pending_notice_printed outstanding=2 reserve=2.700 slack=50.800
[HISTORICAL-RADIO-V1-LOBBY CAPTURE] 2/3 label=02_pending_field_copy elapsed=0.796 path=C:\PleaseRemainOnTheLine-astra\design\astra\evidence\historical_radio_notice\capture_03\shots/02_pending_field_copy.png
[HISTORICAL-RADIO-V1-LOBBY TIMING] stage=effective_notice_printed elapsed=0.838 remaining=53.162
[HISTORICAL-RADIO-V1-LOBBY BUDGET] stage=effective_notice_printed outstanding=1 reserve=2.350 slack=50.810
[HISTORICAL-RADIO-V1-LOBBY CAPTURE] 3/3 label=03_effective_field_copy elapsed=1.138 path=C:\PleaseRemainOnTheLine-astra\design\astra\evidence\historical_radio_notice\capture_03\shots/03_effective_field_copy.png
[HISTORICAL-RADIO-V1-LOBBY TIMING] stage=finish elapsed=1.139 remaining=52.861
[HISTORICAL-RADIO-V1-LOBBY BUDGET] stage=finish outstanding=0 reserve=2.000 slack=50.860
[HISTORICAL-RADIO-V1-LOBBY] RESULT: PASS captures=3 expected=3 elapsed=1.142
XR: Clearing primary interface
XR: Removed interface "Native mobile"
XR: Removed interface "OpenXR"
Freeing Default Tex_Blit Shader
MultiUmaBuffer 'RENDER_LIST_OPAQUE' used a total of 2 buffers. A large number may indicate a waste of VRAM and can be brought down by tweaking MAX_EXTRA_BUFFERS for this buffer.
MultiUmaBuffer 'RENDER_LIST_MOTION' used a total of 0 buffers. A large number may indicate a waste of VRAM and can be brought down by tweaking MAX_EXTRA_BUFFERS for this buffer.
MultiUmaBuffer 'RENDER_LIST_ALPHA' used a total of 2 buffers. A large number may indicate a waste of VRAM and can be brought down by tweaking MAX_EXTRA_BUFFERS for this buffer.
MultiUmaBuffer 'RENDER_LIST_SECONDARY' used a total of 6 buffers. A large number may indicate a waste of VRAM and can be brought down by tweaking MAX_EXTRA_BUFFERS for this buffer.
MultiUmaBuffer 'CANVAS_INSTANCE_DATA' used a total of 3 buffers. A large number may indicate a waste of VRAM and can be brought down by tweaking MAX_EXTRA_BUFFERS for this buffer.
Accessibility: window 0 adapter destroyed.
Updated PSO cache (53.8 MiB)
