Godot Engine v4.7.1.stable.official.a13da4feb - https://godotengine.org
Vulkan 1.4.341 - Forward+ - Using Device #0: NVIDIA - NVIDIA GeForce RTX 4080

[ACOUSTIC] 550 nodes loaded
ORISON V2 BLOCKOUT: 200 spaces / 111 doors / 1104 anchors
[V2 FRONT COURT ROOF] three seated girders; retained roof slabs; mapped exterior concrete
[V2 BODEGA POWER] independent inlet; four existing fittings; 20 bearings
[SURFACE] 1311 surfaces layered (478 materials)
[PASSAGE HOURS] OPEN; 10 grilles folded
[PASSAGE HOURS] 11 shopfronts, 10 close after 02:00, HARDWARE PAINT keeps night service
[PASSAGE FINISH] 6 gated draws, 3 handcarts, hours active
[V2 PASSAGE] 13 resident cells; 11 doors; 1 shared-service counters
[SURFACE] 170 surfaces layered (81 materials)
[HARUKIYA] 9 interactables placed
[ARCADE] 2 cabinet(s) from a catalog of 12: SOMETHING IN THE HALL (mystery_serial), OPERATIONS (farm_and_market)
[ARCADE] all of them are running arcade_pit
[V2 BAR] retained cell; 29 registered markers; 3 doors
[V2 FRONT FACADE] native entrance, original landmark hardware, glazed marquee and fitted blade
[SCHEDULE] director live: 18 residents on the clock
[MOVES] personal library: res://assets/characters/mina_vale/mina_vale_moves.glb
SOURCE PARAPET MATERIAL ROOF_PARAPET_EAST brick 
SOURCE PARAPET MATERIAL ROOF_PARAPET_NORTH brick 
SOURCE PARAPET MATERIAL ROOF_PARAPET_SOUTH brick 
SOURCE PARAPET MATERIAL ROOF_PARAPET_WEST brick 
[ORISON V2 RUNTIME] ready startup_ms=30934.644
[LIGHTING] 211 sources active in system; 211 full personalities; profiles steady/breathe/mains/beat/dropout=[50, 49, 36, 42, 34]
CAP MAPPING: mesh=fixed_lighting_flush_dome_rise150__Body_ON_brass valid_basis=true max_uv_excess=0.00000176858157 widest=1.00018508260331 vertices=8829 derivatives=true bad_derivatives=0 min_determinant=0.00000002000626 worst_dot=0.99999868869781
CAP MAPPING: mesh=fixed_lighting_flush_dome_rise150__Bulb_ON_bulb valid_basis=true max_uv_excess=0.00000218115747 widest=1.00019718349396 vertices=55307 derivatives=true bad_derivatives=0 min_determinant=0.0000032627654 worst_dot=0.99999982118607
CAP MAPPING: mesh=fixed_lighting_flush_dome_rise150__Mount_ON_brass valid_basis=true max_uv_excess=0.00000420864671 widest=1.00071499261512 vertices=1250 derivatives=true bad_derivatives=0 min_determinant=0.00000022321561 worst_dot=0.99999982118607
CAP MAPPING: mesh=fixed_lighting_pendant_shade_rise360__Body_ON_brass valid_basis=true max_uv_excess=0.00000222702511 widest=1.00071535182409 vertices=10671 derivatives=true bad_derivatives=0 min_determinant=0.00000000874689 worst_dot=0.99999463558197
CAP MAPPING: mesh=fixed_lighting_pendant_shade_rise360__Body_ON_enamel valid_basis=true max_uv_excess=0.00000220607035 widest=1.00073326849615 vertices=873 derivatives=true bad_derivatives=0 min_determinant=0.0000122861322 worst_dot=0.99999988079071
CAP MAPPING: mesh=fixed_lighting_pendant_shade_rise360__Body_ON_linen valid_basis=true max_uv_excess=0.0000027474016 widest=1.00018232134953 vertices=8783 derivatives=true bad_derivatives=0 min_determinant=0.00001211036555 worst_dot=0.99999982118607
CAP MAPPING: mesh=fixed_lighting_pendant_shade_rise360__Body_ON_rubber valid_basis=true max_uv_excess=0.00000007357448 widest=1.00006088965948 vertices=357 derivatives=true bad_derivatives=0 min_determinant=0.00000008034271 worst_dot=0.99999982118607
CAP MAPPING: mesh=fixed_lighting_pendant_shade_rise360__Bulb_ON_bulb valid_basis=true max_uv_excess=0.00000376300886 widest=1.00073344203372 vertices=29478 derivatives=true bad_derivatives=0 min_determinant=0.00000072198646 worst_dot=0.99999982118607
CAP MAPPING: mesh=fixed_lighting_pendant_shade_rise360__Mount_ON_brass valid_basis=true max_uv_excess=0.00000561028719 widest=1.00077299988628 vertices=3475 derivatives=true bad_derivatives=0 min_determinant=0.00000058501542 worst_dot=0.99999982118607
CAP MAPPING: mesh=fixed_lighting_pendant_shade_rise100__Body_ON_brass valid_basis=true max_uv_excess=0.00000222702511 widest=1.00071535182409 vertices=10671 derivatives=true bad_derivatives=0 min_determinant=0.00000000874689 worst_dot=0.99999463558197
CAP MAPPING: mesh=fixed_lighting_pendant_shade_rise100__Body_ON_enamel valid_basis=true max_uv_excess=0.00000220607035 widest=1.00073326849615 vertices=873 derivatives=true bad_derivatives=0 min_determinant=0.0000122861322 worst_dot=0.99999988079071
CAP MAPPING: mesh=fixed_lighting_pendant_shade_rise100__Body_ON_linen valid_basis=true max_uv_excess=0.0000027474016 widest=1.00018232134953 vertices=8783 derivatives=true bad_derivatives=0 min_determinant=0.00001211036555 worst_dot=0.99999982118607
CAP MAPPING: mesh=fixed_lighting_pendant_shade_rise100__Body_ON_rubber valid_basis=true max_uv_excess=0.00000007357448 widest=1.00006088965948 vertices=363 derivatives=true bad_derivatives=0 min_determinant=0.00000008034271 worst_dot=0.99999976158142
CAP MAPPING: mesh=fixed_lighting_pendant_shade_rise100__Bulb_ON_bulb valid_basis=true max_uv_excess=0.00000376300886 widest=1.00073344203372 vertices=29478 derivatives=true bad_derivatives=0 min_determinant=0.00000072198646 worst_dot=0.99999982118607
CAP MAPPING: mesh=fixed_lighting_pendant_shade_rise100__Mount_ON_brass valid_basis=true max_uv_excess=0.00000561028719 widest=1.00077299988628 vertices=3397 derivatives=true bad_derivatives=0 min_determinant=0.00000058499423 worst_dot=0.99999982118607
CAP MAPPING: mesh=fixed_lighting_kitchen_linear_rise100__Body_ON_brass valid_basis=true max_uv_excess=0.0000000516884 widest=1.00010404230321 vertices=795 derivatives=true bad_derivatives=0 min_determinant=0.00000002002169 worst_dot=0.99999910593033
CAP MAPPING: mesh=fixed_lighting_kitchen_linear_rise100__Body_ON_enamel valid_basis=true max_uv_excess=0.00000011920929 widest=1.00023916423925 vertices=3568 derivatives=true bad_derivatives=0 min_determinant=0.00000002891519 worst_dot=0.99999976158142
CAP MAPPING: mesh=fixed_lighting_kitchen_linear_rise100__Bulb_ON_bulb valid_basis=true max_uv_excess=0.00000190059654 widest=1.00072630571091 vertices=956 derivatives=true bad_derivatives=0 min_determinant=0.00000665328705 worst_dot=0.99999988079071
CAP MAPPING: mesh=fixed_lighting_kitchen_linear_rise100__Mount_ON_brass valid_basis=true max_uv_excess=0.00000420864671 widest=1.00071499261512 vertices=1237 derivatives=true bad_derivatives=0 min_determinant=0.00000022321561 worst_dot=0.99999982118607
CAP MAPPING: mesh=fixed_lighting_flush_dome_rise100__Body_ON_brass valid_basis=true max_uv_excess=0.00000176858157 widest=1.00018508260331 vertices=8829 derivatives=true bad_derivatives=0 min_determinant=0.00000002000626 worst_dot=0.99999868869781
CAP MAPPING: mesh=fixed_lighting_flush_dome_rise100__Bulb_ON_bulb valid_basis=true max_uv_excess=0.00000218115747 widest=1.00019718349396 vertices=55307 derivatives=true bad_derivatives=0 min_determinant=0.0000032627654 worst_dot=0.99999982118607
CAP MAPPING: mesh=fixed_lighting_flush_dome_rise100__Mount_ON_brass valid_basis=true max_uv_excess=0.00000420864671 widest=1.00071499261512 vertices=1237 derivatives=true bad_derivatives=0 min_determinant=0.00000022321561 worst_dot=0.99999982118607
CAP MAPPING: mesh=fixed_lighting_sconce_globe_back050__Body_ON_brass valid_basis=true max_uv_excess=0.00000229291618 widest=1.0007709499817 vertices=11639 derivatives=true bad_derivatives=0 min_determinant=0.00000005666249 worst_dot=0.99999976158142
CAP MAPPING: mesh=fixed_lighting_sconce_globe_back050__Body_ON_enamel valid_basis=true max_uv_excess=0.00000172224827 widest=1.0007314681308 vertices=905 derivatives=true bad_derivatives=0 min_determinant=0.00000936085915 worst_dot=0.99999982118607
CAP MAPPING: mesh=fixed_lighting_sconce_globe_back050__Bulb_ON_bulb valid_basis=true max_uv_excess=0.00000162003562 widest=1.00031747355831 vertices=55871 derivatives=true bad_derivatives=0 min_determinant=0.00000159960502 worst_dot=0.99999976158142
CAP MAPPING: mesh=fixed_lighting_pendant_shade__Body_ON_brass valid_basis=true max_uv_excess=0.00000222702511 widest=1.00071535182409 vertices=10671 derivatives=true bad_derivatives=0 min_determinant=0.00000000874689 worst_dot=0.99999463558197
CAP MAPPING: mesh=fixed_lighting_pendant_shade__Body_ON_enamel valid_basis=true max_uv_excess=0.00000220607035 widest=1.00073326849615 vertices=873 derivatives=true bad_derivatives=0 min_determinant=0.0000122861322 worst_dot=0.99999988079071
CAP MAPPING: mesh=fixed_lighting_pendant_shade__Body_ON_linen valid_basis=true max_uv_excess=0.0000027474016 widest=1.00018232134953 vertices=8783 derivatives=true bad_derivatives=0 min_determinant=0.00001211036555 worst_dot=0.99999982118607
CAP MAPPING: mesh=fixed_lighting_pendant_shade__Body_ON_rubber valid_basis=true max_uv_excess=0.00000007357448 widest=1.00006088965948 vertices=352 derivatives=true bad_derivatives=0 min_determinant=0.00000008034271 worst_dot=0.99999982118607
CAP MAPPING: mesh=fixed_lighting_pendant_shade__Bulb_ON_bulb valid_basis=true max_uv_excess=0.00000376300886 widest=1.00073344203372 vertices=29478 derivatives=true bad_derivatives=0 min_determinant=0.00000072198646 worst_dot=0.99999982118607
CAP MAPPING: mesh=fixed_lighting_pendant_shade__Mount_ON_brass valid_basis=true max_uv_excess=0.00000561028719 widest=1.00077299988628 vertices=3400 derivatives=true bad_derivatives=0 min_determinant=0.00000058499423 worst_dot=0.99999982118607
CAP MAPPING: mesh=fixed_lighting_flush_dome__Body_ON_brass valid_basis=true max_uv_excess=0.00000176858157 widest=1.00018508260331 vertices=8829 derivatives=true bad_derivatives=0 min_determinant=0.00000002000626 worst_dot=0.99999868869781
CAP MAPPING: mesh=fixed_lighting_flush_dome__Bulb_ON_bulb valid_basis=true max_uv_excess=0.00000218115747 widest=1.00019718349396 vertices=55307 derivatives=true bad_derivatives=0 min_determinant=0.0000032627654 worst_dot=0.99999982118607
CAP MAPPING: mesh=fixed_lighting_kitchen_linear__Body_ON_brass valid_basis=true max_uv_excess=0.0000000516884 widest=1.00010404230321 vertices=795 derivatives=true bad_derivatives=0 min_determinant=0.00000002002169 worst_dot=0.99999910593033
CAP MAPPING: mesh=fixed_lighting_kitchen_linear__Body_ON_enamel valid_basis=true max_uv_excess=0.00000011920929 widest=1.00023916423925 vertices=3568 derivatives=true bad_derivatives=0 min_determinant=0.00000002891519 worst_dot=0.99999976158142
CAP MAPPING: mesh=fixed_lighting_kitchen_linear__Bulb_ON_bulb valid_basis=true max_uv_excess=0.00000190059654 widest=1.00072630571091 vertices=956 derivatives=true bad_derivatives=0 min_determinant=0.00000665328705 worst_dot=0.99999988079071
CAP MAPPING: mesh=fixed_lighting_cage_bulb_rise960__Body_ON_brass valid_basis=true max_uv_excess=0.00000245776027 widest=1.00072847826941 vertices=7363 derivatives=true bad_derivatives=0 min_determinant=0.00000105940483 worst_dot=0.99999976158142
CAP MAPPING: mesh=fixed_lighting_cage_bulb_rise960__Body_ON_enamel valid_basis=true max_uv_excess=0.00000237720087 widest=1.00072693801604 vertices=911 derivatives=true bad_derivatives=0 min_determinant=0.00001345621418 worst_dot=0.99999988079071
CAP MAPPING: mesh=fixed_lighting_cage_bulb_rise960__Body_ON_iron valid_basis=true max_uv_excess=0.00000738725066 widest=1.00071509504366 vertices=4991 derivatives=true bad_derivatives=0 min_determinant=0.0000021434838 worst_dot=0.99999982118607
CAP MAPPING: mesh=fixed_lighting_cage_bulb_rise960__Body_ON_rubber valid_basis=true max_uv_excess=0.00000005238689 widest=1.00006087482463 vertices=335 derivatives=true bad_derivatives=0 min_determinant=0.00000005579091 worst_dot=0.99999970197678
CAP MAPPING: mesh=fixed_lighting_cage_bulb_rise960__Bulb_ON_bulb valid_basis=true max_uv_excess=0.00000422261655 widest=1.00073029381385 vertices=27571 derivatives=true bad_derivatives=0 min_determinant=0.00000092266237 worst_dot=0.99999982118607
CAP MAPPING: mesh=fixed_lighting_cage_bulb_rise960__Mount_ON_brass valid_basis=true max_uv_excess=0.00000420864671 widest=1.00077299988628 vertices=4665 derivatives=true bad_derivatives=0 min_determinant=0.00000022321561 worst_dot=0.99999982118607
CAP MAPPING: mesh=fixed_lighting_cage_bulb_wall0x-255__Body_ON_brass valid_basis=true max_uv_excess=0.00000245776027 widest=1.00072847826941 vertices=7363 derivatives=true bad_derivatives=0 min_determinant=0.00000105940483 worst_dot=0.99999976158142
CAP MAPPING: mesh=fixed_lighting_cage_bulb_wall0x-255__Body_ON_enamel valid_basis=true max_uv_excess=0.00000237720087 widest=1.00072693801604 vertices=911 derivatives=true bad_derivatives=0 min_determinant=0.00001345621418 worst_dot=0.99999988079071
CAP MAPPING: mesh=fixed_lighting_cage_bulb_wall0x-255__Body_ON_iron valid_basis=true max_uv_excess=0.00000738725066 widest=1.00071509504366 vertices=4991 derivatives=true bad_derivatives=0 min_determinant=0.0000021434838 worst_dot=0.99999982118607
CAP MAPPING: mesh=fixed_lighting_cage_bulb_wall0x-255__Body_ON_rubber valid_basis=true max_uv_excess=0.00000005238689 widest=1.00006087482463 vertices=335 derivatives=true bad_derivatives=0 min_determinant=0.00000005579091 worst_dot=0.99999970197678
CAP MAPPING: mesh=fixed_lighting_cage_bulb_wall0x-255__Bulb_ON_bulb valid_basis=true max_uv_excess=0.00000422261655 widest=1.00073029381385 vertices=27571 derivatives=true bad_derivatives=0 min_determinant=0.00000092266237 worst_dot=0.99999982118607
CAP MAPPING: mesh=fixed_lighting_cage_bulb_wall0x-255__Mount_ON_brass valid_basis=true max_uv_excess=0.00000518234447 widest=1.00077299988628 vertices=4574 derivatives=true bad_derivatives=0 min_determinant=0.00000058501687 worst_dot=0.99999982118607
CAP MAPPING: mesh=fixed_lighting_cage_bulb_rise160__Body_ON_brass valid_basis=true max_uv_excess=0.00000245776027 widest=1.00072847826941 vertices=7363 derivatives=true bad_derivatives=0 min_determinant=0.00000105940483 worst_dot=0.99999976158142
CAP MAPPING: mesh=fixed_lighting_cage_bulb_rise160__Body_ON_enamel valid_basis=true max_uv_excess=0.00000237720087 widest=1.00072693801604 vertices=911 derivatives=true bad_derivatives=0 min_determinant=0.00001345621418 worst_dot=0.99999988079071
CAP MAPPING: mesh=fixed_lighting_cage_bulb_rise160__Body_ON_iron valid_basis=true max_uv_excess=0.00000738725066 widest=1.00071509504366 vertices=4991 derivatives=true bad_derivatives=0 min_determinant=0.0000021434838 worst_dot=0.99999982118607
CAP MAPPING: mesh=fixed_lighting_cage_bulb_rise160__Body_ON_rubber valid_basis=true max_uv_excess=0.00000005238689 widest=1.00006087482463 vertices=335 derivatives=true bad_derivatives=0 min_determinant=0.00000005579091 worst_dot=0.99999970197678
CAP MAPPING: mesh=fixed_lighting_cage_bulb_rise160__Bulb_ON_bulb valid_basis=true max_uv_excess=0.00000422261655 widest=1.00073029381385 vertices=27571 derivatives=true bad_derivatives=0 min_determinant=0.00000092266237 worst_dot=0.99999982118607
CAP MAPPING: mesh=fixed_lighting_cage_bulb_rise160__Mount_ON_brass valid_basis=true max_uv_excess=0.00000420864671 widest=1.00077299988628 vertices=4647 derivatives=true bad_derivatives=0 min_determinant=0.00000022321561 worst_dot=0.99999982118607
CAP MAPPING: mesh=fixed_lighting_cage_bulb_rise140__Body_ON_brass valid_basis=true max_uv_excess=0.00000245776027 widest=1.00072847826941 vertices=7363 derivatives=true bad_derivatives=0 min_determinant=0.00000105940483 worst_dot=0.99999976158142
CAP MAPPING: mesh=fixed_lighting_cage_bulb_rise140__Body_ON_enamel valid_basis=true max_uv_excess=0.00000237720087 widest=1.00072693801604 vertices=911 derivatives=true bad_derivatives=0 min_determinant=0.00001345621418 worst_dot=0.99999988079071
CAP MAPPING: mesh=fixed_lighting_cage_bulb_rise140__Body_ON_iron valid_basis=true max_uv_excess=0.00000738725066 widest=1.00071509504366 vertices=4991 derivatives=true bad_derivatives=0 min_determinant=0.0000021434838 worst_dot=0.99999982118607
CAP MAPPING: mesh=fixed_lighting_cage_bulb_rise140__Body_ON_rubber valid_basis=true max_uv_excess=0.00000005238689 widest=1.00006087482463 vertices=335 derivatives=true bad_derivatives=0 min_determinant=0.00000005579091 worst_dot=0.99999970197678
CAP MAPPING: mesh=fixed_lighting_cage_bulb_rise140__Bulb_ON_bulb valid_basis=true max_uv_excess=0.00000422261655 widest=1.00073029381385 vertices=27571 derivatives=true bad_derivatives=0 min_determinant=0.00000092266237 worst_dot=0.99999982118607
CAP MAPPING: mesh=fixed_lighting_cage_bulb_rise140__Mount_ON_brass valid_basis=true max_uv_excess=0.00000420864671 widest=1.00077299988628 vertices=4654 derivatives=true bad_derivatives=0 min_determinant=0.00000022321561 worst_dot=0.99999982118607
CAP MAPPING: mesh=fixed_lighting_cage_bulb_rise250__Body_ON_brass valid_basis=true max_uv_excess=0.00000245776027 widest=1.00072847826941 vertices=7363 derivatives=true bad_derivatives=0 min_determinant=0.00000105940483 worst_dot=0.99999976158142
CAP MAPPING: mesh=fixed_lighting_cage_bulb_rise250__Body_ON_enamel valid_basis=true max_uv_excess=0.00000237720087 widest=1.00072693801604 vertices=911 derivatives=true bad_derivatives=0 min_determinant=0.00001345621418 worst_dot=0.99999988079071
CAP MAPPING: mesh=fixed_lighting_cage_bulb_rise250__Body_ON_iron valid_basis=true max_uv_excess=0.00000738725066 widest=1.00071509504366 vertices=4991 derivatives=true bad_derivatives=0 min_determinant=0.0000021434838 worst_dot=0.99999982118607
CAP MAPPING: mesh=fixed_lighting_cage_bulb_rise250__Body_ON_rubber valid_basis=true max_uv_excess=0.00000005238689 widest=1.00006087482463 vertices=335 derivatives=true bad_derivatives=0 min_determinant=0.00000005579091 worst_dot=0.99999970197678
CAP MAPPING: mesh=fixed_lighting_cage_bulb_rise250__Bulb_ON_bulb valid_basis=true max_uv_excess=0.00000422261655 widest=1.00073029381385 vertices=27571 derivatives=true bad_derivatives=0 min_determinant=0.00000092266237 worst_dot=0.99999982118607
CAP MAPPING: mesh=fixed_lighting_cage_bulb_rise250__Mount_ON_brass valid_basis=true max_uv_excess=0.00000420864671 widest=1.00077299988628 vertices=4660 derivatives=true bad_derivatives=0 min_determinant=0.00000022321561 worst_dot=0.99999982118607
CAP MAPPING: mesh=fixed_lighting_cage_bulb_rise60__Body_ON_brass valid_basis=true max_uv_excess=0.00000245776027 widest=1.00072847826941 vertices=7363 derivatives=true bad_derivatives=0 min_determinant=0.00000105940483 worst_dot=0.99999976158142
CAP MAPPING: mesh=fixed_lighting_cage_bulb_rise60__Body_ON_enamel valid_basis=true max_uv_excess=0.00000237720087 widest=1.00072693801604 vertices=911 derivatives=true bad_derivatives=0 min_determinant=0.00001345621418 worst_dot=0.99999988079071
CAP MAPPING: mesh=fixed_lighting_cage_bulb_rise60__Body_ON_iron valid_basis=true max_uv_excess=0.00000738725066 widest=1.00071509504366 vertices=4991 derivatives=true bad_derivatives=0 min_determinant=0.0000021434838 worst_dot=0.99999982118607
CAP MAPPING: mesh=fixed_lighting_cage_bulb_rise60__Body_ON_rubber valid_basis=true max_uv_excess=0.00000005238689 widest=1.00006087482463 vertices=335 derivatives=true bad_derivatives=0 min_determinant=0.00000005579091 worst_dot=0.99999970197678
CAP MAPPING: mesh=fixed_lighting_cage_bulb_rise60__Bulb_ON_bulb valid_basis=true max_uv_excess=0.00000422261655 widest=1.00073029381385 vertices=27571 derivatives=true bad_derivatives=0 min_determinant=0.00000092266237 worst_dot=0.99999982118607
CAP MAPPING: mesh=fixed_lighting_cage_bulb_rise60__Mount_ON_brass valid_basis=true max_uv_excess=0.00000420864671 widest=1.00077299988628 vertices=4643 derivatives=true bad_derivatives=0 min_determinant=0.00000022321561 worst_dot=0.99999982118607
CAP MAPPING: mesh=fixed_lighting_cage_bulb_rise2000__Body_ON_brass valid_basis=true max_uv_excess=0.00000245776027 widest=1.00072847826941 vertices=7363 derivatives=true bad_derivatives=0 min_determinant=0.00000105940483 worst_dot=0.99999976158142
CAP MAPPING: mesh=fixed_lighting_cage_bulb_rise2000__Body_ON_enamel valid_basis=true max_uv_excess=0.00000237720087 widest=1.00072693801604 vertices=911 derivatives=true bad_derivatives=0 min_determinant=0.00001345621418 worst_dot=0.99999988079071
CAP MAPPING: mesh=fixed_lighting_cage_bulb_rise2000__Body_ON_iron valid_basis=true max_uv_excess=0.00000738725066 widest=1.00071509504366 vertices=4991 derivatives=true bad_derivatives=0 min_determinant=0.0000021434838 worst_dot=0.99999982118607
CAP MAPPING: mesh=fixed_lighting_cage_bulb_rise2000__Body_ON_rubber valid_basis=true max_uv_excess=0.00000005238689 widest=1.00006087482463 vertices=335 derivatives=true bad_derivatives=0 min_determinant=0.00000005579091 worst_dot=0.99999970197678
CAP MAPPING: mesh=fixed_lighting_cage_bulb_rise2000__Bulb_ON_bulb valid_basis=true max_uv_excess=0.00000422261655 widest=1.00073029381385 vertices=27571 derivatives=true bad_derivatives=0 min_determinant=0.00000092266237 worst_dot=0.99999982118607
CAP MAPPING: mesh=fixed_lighting_cage_bulb_rise2000__Mount_ON_brass valid_basis=true max_uv_excess=0.00000420864671 widest=1.00077299988628 vertices=4690 derivatives=true bad_derivatives=0 min_determinant=0.00000022321561 worst_dot=0.99999982118607
CAP MAPPING: mesh=fixed_lighting_kitchen_linear_rise80__Body_ON_brass valid_basis=true max_uv_excess=0.0000000516884 widest=1.00010404230321 vertices=795 derivatives=true bad_derivatives=0 min_determinant=0.00000002002169 worst_dot=0.99999910593033
CAP MAPPING: mesh=fixed_lighting_kitchen_linear_rise80__Body_ON_enamel valid_basis=true max_uv_excess=0.00000011920929 widest=1.00023916423925 vertices=3568 derivatives=true bad_derivatives=0 min_determinant=0.00000002891519 worst_dot=0.99999976158142
CAP MAPPING: mesh=fixed_lighting_kitchen_linear_rise80__Bulb_ON_bulb valid_basis=true max_uv_excess=0.00000190059654 widest=1.00072630571091 vertices=956 derivatives=true bad_derivatives=0 min_determinant=0.00000665328705 worst_dot=0.99999988079071
CAP MAPPING: mesh=fixed_lighting_kitchen_linear_rise80__Mount_ON_brass valid_basis=true max_uv_excess=0.00000420864671 widest=1.00071499261512 vertices=1225 derivatives=true bad_derivatives=0 min_determinant=0.00000022321561 worst_dot=0.99999982118607
CAP MAPPING: mesh=fixed_lighting_pendant_shade_rise450__Body_ON_brass valid_basis=true max_uv_excess=0.00000222702511 widest=1.00071535182409 vertices=10671 derivatives=true bad_derivatives=0 min_determinant=0.00000000874689 worst_dot=0.99999463558197
CAP MAPPING: mesh=fixed_lighting_pendant_shade_rise450__Body_ON_enamel valid_basis=true max_uv_excess=0.00000220607035 widest=1.00073326849615 vertices=873 derivatives=true bad_derivatives=0 min_determinant=0.0000122861322 worst_dot=0.99999988079071
CAP MAPPING: mesh=fixed_lighting_pendant_shade_rise450__Body_ON_linen valid_basis=true max_uv_excess=0.0000027474016 widest=1.00018232134953 vertices=8783 derivatives=true bad_derivatives=0 min_determinant=0.00001211036555 worst_dot=0.99999982118607
CAP MAPPING: mesh=fixed_lighting_pendant_shade_rise450__Body_ON_rubber valid_basis=true max_uv_excess=0.00000007357448 widest=1.00006088965948 vertices=377 derivatives=true bad_derivatives=0 min_determinant=0.00000008034271 worst_dot=0.99999982118607
CAP MAPPING: mesh=fixed_lighting_pendant_shade_rise450__Bulb_ON_bulb valid_basis=true max_uv_excess=0.00000376300886 widest=1.00073344203372 vertices=29478 derivatives=true bad_derivatives=0 min_determinant=0.00000072198646 worst_dot=0.99999982118607
CAP MAPPING: mesh=fixed_lighting_pendant_shade_rise450__Mount_ON_brass valid_basis=true max_uv_excess=0.00000561028719 widest=1.00077299988628 vertices=3504 derivatives=true bad_derivatives=0 min_determinant=0.00000058501542 worst_dot=0.99999982118607
CAP MAPPING: mesh=fixed_lighting_pendant_shade_rise470__Body_ON_brass valid_basis=true max_uv_excess=0.00000222702511 widest=1.00071535182409 vertices=10671 derivatives=true bad_derivatives=0 min_determinant=0.00000000874689 worst_dot=0.99999463558197
CAP MAPPING: mesh=fixed_lighting_pendant_shade_rise470__Body_ON_enamel valid_basis=true max_uv_excess=0.00000220607035 widest=1.00073326849615 vertices=873 derivatives=true bad_derivatives=0 min_determinant=0.0000122861322 worst_dot=0.99999988079071
CAP MAPPING: mesh=fixed_lighting_pendant_shade_rise470__Body_ON_linen valid_basis=true max_uv_excess=0.0000027474016 widest=1.00018232134953 vertices=8783 derivatives=true bad_derivatives=0 min_determinant=0.00001211036555 worst_dot=0.99999982118607
CAP MAPPING: mesh=fixed_lighting_pendant_shade_rise470__Body_ON_rubber valid_basis=true max_uv_excess=0.00000004778849 widest=1.00006088965948 vertices=373 derivatives=true bad_derivatives=0 min_determinant=0.00000008034271 worst_dot=0.99999976158142
CAP MAPPING: mesh=fixed_lighting_pendant_shade_rise470__Bulb_ON_bulb valid_basis=true max_uv_excess=0.00000376300886 widest=1.00073344203372 vertices=29478 derivatives=true bad_derivatives=0 min_determinant=0.00000072198646 worst_dot=0.99999982118607
CAP MAPPING: mesh=fixed_lighting_pendant_shade_rise470__Mount_ON_brass valid_basis=true max_uv_excess=0.00000561028719 widest=1.00077299988628 vertices=3476 derivatives=true bad_derivatives=0 min_determinant=0.00000058501542 worst_dot=0.99999982118607
CAP MAPPING: mesh=fixed_lighting_pendant_shade_rise3140__Body_ON_brass valid_basis=true max_uv_excess=0.00000222702511 widest=1.00071535182409 vertices=10671 derivatives=true bad_derivatives=0 min_determinant=0.00000000874689 worst_dot=0.99999463558197
CAP MAPPING: mesh=fixed_lighting_pendant_shade_rise3140__Body_ON_enamel valid_basis=true max_uv_excess=0.00000220607035 widest=1.00073326849615 vertices=873 derivatives=true bad_derivatives=0 min_determinant=0.0000122861322 worst_dot=0.99999988079071
CAP MAPPING: mesh=fixed_lighting_pendant_shade_rise3140__Body_ON_linen valid_basis=true max_uv_excess=0.0000027474016 widest=1.00018232134953 vertices=8783 derivatives=true bad_derivatives=0 min_determinant=0.00001211036555 worst_dot=0.99999982118607
CAP MAPPING: mesh=fixed_lighting_pendant_shade_rise3140__Body_ON_rubber valid_basis=true max_uv_excess=0.00000023841858 widest=1.00006088965948 vertices=372 derivatives=true bad_derivatives=0 min_determinant=0.00000008034271 worst_dot=0.99999982118607
CAP MAPPING: mesh=fixed_lighting_pendant_shade_rise3140__Bulb_ON_bulb valid_basis=true max_uv_excess=0.00000376300886 widest=1.00073344203372 vertices=29478 derivatives=true bad_derivatives=0 min_determinant=0.00000072198646 worst_dot=0.99999982118607
CAP MAPPING: mesh=fixed_lighting_pendant_shade_rise3140__Mount_ON_brass valid_basis=true max_uv_excess=0.00000561028719 widest=1.00076518977854 vertices=3672 derivatives=true bad_derivatives=0 min_determinant=0.00000058496045 worst_dot=0.99999982118607
CAP MAPPING: mesh=fixed_lighting_cage_bulb_rise800__Body_ON_brass valid_basis=true max_uv_excess=0.00000245776027 widest=1.00072847826941 vertices=7363 derivatives=true bad_derivatives=0 min_determinant=0.00000105940483 worst_dot=0.99999976158142
CAP MAPPING: mesh=fixed_lighting_cage_bulb_rise800__Body_ON_enamel valid_basis=true max_uv_excess=0.00000237720087 widest=1.00072693801604 vertices=911 derivatives=true bad_derivatives=0 min_determinant=0.00001345621418 worst_dot=0.99999988079071
CAP MAPPING: mesh=fixed_lighting_cage_bulb_rise800__Body_ON_iron valid_basis=true max_uv_excess=0.00000738725066 widest=1.00071509504366 vertices=4991 derivatives=true bad_derivatives=0 min_determinant=0.0000021434838 worst_dot=0.99999982118607
CAP MAPPING: mesh=fixed_lighting_cage_bulb_rise800__Body_ON_rubber valid_basis=true max_uv_excess=0.00000005238689 widest=1.00006087482463 vertices=335 derivatives=true bad_derivatives=0 min_determinant=0.00000005579091 worst_dot=0.99999970197678
CAP MAPPING: mesh=fixed_lighting_cage_bulb_rise800__Bulb_ON_bulb valid_basis=true max_uv_excess=0.00000422261655 widest=1.00073029381385 vertices=27571 derivatives=true bad_derivatives=0 min_determinant=0.00000092266237 worst_dot=0.99999982118607
CAP MAPPING: mesh=fixed_lighting_cage_bulb_rise800__Mount_ON_brass valid_basis=true max_uv_excess=0.00000420864671 widest=1.00077299988628 vertices=4659 derivatives=true bad_derivatives=0 min_determinant=0.00000022321561 worst_dot=0.99999982118607
CAP MAPPING: mesh=fixed_lighting_sconce_globe_back80__Body_ON_brass valid_basis=true max_uv_excess=0.00000229291618 widest=1.0007709499817 vertices=11640 derivatives=true bad_derivatives=0 min_determinant=0.00000005667773 worst_dot=0.99999976158142
CAP MAPPING: mesh=fixed_lighting_sconce_globe_back80__Body_ON_enamel valid_basis=true max_uv_excess=0.00000172224827 widest=1.0007314681308 vertices=905 derivatives=true bad_derivatives=0 min_determinant=0.00000936085915 worst_dot=0.99999982118607
CAP MAPPING: mesh=fixed_lighting_sconce_globe_back80__Bulb_ON_bulb valid_basis=true max_uv_excess=0.00000162003562 widest=1.00031747355831 vertices=55871 derivatives=true bad_derivatives=0 min_determinant=0.00000159960502 worst_dot=0.99999976158142
CAP MAPPING: mesh=fixed_lighting_sconce_globe_back160__Body_ON_brass valid_basis=true max_uv_excess=0.00000229291618 widest=1.0007709499817 vertices=11659 derivatives=true bad_derivatives=0 min_determinant=0.00000005666249 worst_dot=0.99999976158142
CAP MAPPING: mesh=fixed_lighting_sconce_globe_back160__Body_ON_enamel valid_basis=true max_uv_excess=0.00000172224827 widest=1.0007314681308 vertices=905 derivatives=true bad_derivatives=0 min_determinant=0.00000936085915 worst_dot=0.99999982118607
CAP MAPPING: mesh=fixed_lighting_sconce_globe_back160__Bulb_ON_bulb valid_basis=true max_uv_excess=0.00000162003562 widest=1.00031747355831 vertices=55871 derivatives=true bad_derivatives=0 min_determinant=0.00000159960502 worst_dot=0.99999976158142
CAP MAPPING: mesh=fixed_lighting_sconce_globe_back100__Body_ON_brass valid_basis=true max_uv_excess=0.00000229291618 widest=1.0007709499817 vertices=11654 derivatives=true bad_derivatives=0 min_determinant=0.00000005666249 worst_dot=0.99999976158142
CAP MAPPING: mesh=fixed_lighting_sconce_globe_back100__Body_ON_enamel valid_basis=true max_uv_excess=0.00000172224827 widest=1.0007314681308 vertices=905 derivatives=true bad_derivatives=0 min_determinant=0.00000936085915 worst_dot=0.99999982118607
CAP MAPPING: mesh=fixed_lighting_sconce_globe_back100__Bulb_ON_bulb valid_basis=true max_uv_excess=0.00000162003562 widest=1.00031747355831 vertices=55871 derivatives=true bad_derivatives=0 min_determinant=0.00000159960502 worst_dot=0.99999976158142
CAP MAPPING: mesh=fixed_lighting_cage_bulb_rise300__Body_ON_brass valid_basis=true max_uv_excess=0.00000245776027 widest=1.00072847826941 vertices=7363 derivatives=true bad_derivatives=0 min_determinant=0.00000105940483 worst_dot=0.99999976158142
CAP MAPPING: mesh=fixed_lighting_cage_bulb_rise300__Body_ON_enamel valid_basis=true max_uv_excess=0.00000237720087 widest=1.00072693801604 vertices=911 derivatives=true bad_derivatives=0 min_determinant=0.00001345621418 worst_dot=0.99999988079071
CAP MAPPING: mesh=fixed_lighting_cage_bulb_rise300__Body_ON_iron valid_basis=true max_uv_excess=0.00000738725066 widest=1.00071509504366 vertices=4991 derivatives=true bad_derivatives=0 min_determinant=0.0000021434838 worst_dot=0.99999982118607
CAP MAPPING: mesh=fixed_lighting_cage_bulb_rise300__Body_ON_rubber valid_basis=true max_uv_excess=0.00000005238689 widest=1.00006087482463 vertices=335 derivatives=true bad_derivatives=0 min_determinant=0.00000005579091 worst_dot=0.99999970197678
CAP MAPPING: mesh=fixed_lighting_cage_bulb_rise300__Bulb_ON_bulb valid_basis=true max_uv_excess=0.00000422261655 widest=1.00073029381385 vertices=27571 derivatives=true bad_derivatives=0 min_determinant=0.00000092266237 worst_dot=0.99999982118607
CAP MAPPING: mesh=fixed_lighting_cage_bulb_rise300__Mount_ON_brass valid_basis=true max_uv_excess=0.00000420864671 widest=1.00077299988628 vertices=4664 derivatives=true bad_derivatives=0 min_determinant=0.00000022321561 worst_dot=0.99999982118607
CAP MAPPING: mesh=fixed_lighting_cage_bulb_wall0x200__Body_ON_brass valid_basis=true max_uv_excess=0.00000245776027 widest=1.00072847826941 vertices=7363 derivatives=true bad_derivatives=0 min_determinant=0.00000105940483 worst_dot=0.99999976158142
CAP MAPPING: mesh=fixed_lighting_cage_bulb_wall0x200__Body_ON_enamel valid_basis=true max_uv_excess=0.00000237720087 widest=1.00072693801604 vertices=911 derivatives=true bad_derivatives=0 min_determinant=0.00001345621418 worst_dot=0.99999988079071
CAP MAPPING: mesh=fixed_lighting_cage_bulb_wall0x200__Body_ON_iron valid_basis=true max_uv_excess=0.00000738725066 widest=1.00071509504366 vertices=4991 derivatives=true bad_derivatives=0 min_determinant=0.0000021434838 worst_dot=0.99999982118607
CAP MAPPING: mesh=fixed_lighting_cage_bulb_wall0x200__Body_ON_rubber valid_basis=true max_uv_excess=0.00000005238689 widest=1.00006087482463 vertices=335 derivatives=true bad_derivatives=0 min_determinant=0.00000005579091 worst_dot=0.99999970197678
CAP MAPPING: mesh=fixed_lighting_cage_bulb_wall0x200__Bulb_ON_bulb valid_basis=true max_uv_excess=0.00000422261655 widest=1.00073029381385 vertices=27571 derivatives=true bad_derivatives=0 min_determinant=0.00000092266237 worst_dot=0.99999982118607
CAP MAPPING: mesh=fixed_lighting_cage_bulb_wall0x200__Mount_ON_brass valid_basis=true max_uv_excess=0.00000518234447 widest=1.00077299988628 vertices=4472 derivatives=true bad_derivatives=0 min_determinant=0.00000058501687 worst_dot=0.99999982118607
CAP MAPPING: mesh=fixed_lighting_cage_bulb_rise380__Body_ON_brass valid_basis=true max_uv_excess=0.00000245776027 widest=1.00072847826941 vertices=7363 derivatives=true bad_derivatives=0 min_determinant=0.00000105940483 worst_dot=0.99999976158142
CAP MAPPING: mesh=fixed_lighting_cage_bulb_rise380__Body_ON_enamel valid_basis=true max_uv_excess=0.00000237720087 widest=1.00072693801604 vertices=911 derivatives=true bad_derivatives=0 min_determinant=0.00001345621418 worst_dot=0.99999988079071
CAP MAPPING: mesh=fixed_lighting_cage_bulb_rise380__Body_ON_iron valid_basis=true max_uv_excess=0.00000738725066 widest=1.00071509504366 vertices=4991 derivatives=true bad_derivatives=0 min_determinant=0.0000021434838 worst_dot=0.99999982118607
CAP MAPPING: mesh=fixed_lighting_cage_bulb_rise380__Body_ON_rubber valid_basis=true max_uv_excess=0.00000005238689 widest=1.00006087482463 vertices=335 derivatives=true bad_derivatives=0 min_determinant=0.00000005579091 worst_dot=0.99999970197678
CAP MAPPING: mesh=fixed_lighting_cage_bulb_rise380__Bulb_ON_bulb valid_basis=true max_uv_excess=0.00000422261655 widest=1.00073029381385 vertices=27571 derivatives=true bad_derivatives=0 min_determinant=0.00000092266237 worst_dot=0.99999982118607
CAP MAPPING: mesh=fixed_lighting_cage_bulb_rise380__Mount_ON_brass valid_basis=true max_uv_excess=0.00000420864671 widest=1.00077299988628 vertices=4653 derivatives=true bad_derivatives=0 min_determinant=0.00000022321561 worst_dot=0.99999982118607
[SWITCHES] F02_C_VESTIBULE -> off (1 fixtures)
[SWITCHES] F02_C_MAIN -> off (1 fixtures)
[SWITCHES] F02_C_STUDIO -> off (1 fixtures)
[SWITCHES] F02_C_PRIVATE_HALL -> off (1 fixtures)
[SWITCHES] F02_C_BATH -> off (1 fixtures)
[SWITCHES] F02_C_KITCHEN -> off (1 fixtures)
[SWITCHES] F02_C_BED1 -> off (1 fixtures)
[SWITCHES] F02_C_BED2 -> off (1 fixtures)
[SWITCHES] F04_C_VESTIBULE -> off (1 fixtures)
[SWITCHES] F04_C_MAIN -> off (1 fixtures)
[SWITCHES] F04_C_STUDIO -> off (1 fixtures)
[SWITCHES] F04_C_PRIVATE_HALL -> off (1 fixtures)
[SWITCHES] F04_C_BATH -> off (1 fixtures)
[SWITCHES] F04_C_KITCHEN -> off (1 fixtures)
[SWITCHES] F04_C_BED1 -> off (1 fixtures)
[SWITCHES] F04_C_BED2 -> off (1 fixtures)
[SWITCHES] F01_D_VESTIBULE -> off (1 fixtures)
[SWITCHES] F01_D_MAIN -> off (1 fixtures)
[SWITCHES] F01_D_KITCHEN -> off (1 fixtures)
[SWITCHES] F01_D_BED -> off (1 fixtures)
[SWITCHES] F01_D_PRIVATE_HALL -> off (1 fixtures)
[SWITCHES] F01_D_BATH -> off (1 fixtures)
[SWITCHES] F01_A_VESTIBULE -> off (1 fixtures)
[SWITCHES] F01_A_MAIN -> off (1 fixtures)
[SWITCHES] F01_A_PRIVATE_HALL -> off (1 fixtures)
[SWITCHES] F01_A_BATH -> off (1 fixtures)
[SWITCHES] F01_A_KITCHEN -> off (1 fixtures)
[SWITCHES] F01_A_BED -> off (1 fixtures)
[SWITCHES] F01_A_STUDY -> off (1 fixtures)
[SWITCHES] F03_D_VESTIBULE -> off (1 fixtures)
[SWITCHES] F03_D_MAIN -> off (1 fixtures)
[SWITCHES] F03_D_PRIVATE_HALL -> off (1 fixtures)
[SWITCHES] F03_D_BATH -> off (1 fixtures)
[SWITCHES] F03_D_KITCHEN -> off (1 fixtures)
[SWITCHES] F03_D_BED -> off (1 fixtures)
[SWITCHES] F03_D_STUDY -> off (1 fixtures)
[SWITCHES] F04_D_VESTIBULE -> off (1 fixtures)
[SWITCHES] F04_D_MAIN -> off (1 fixtures)
[SWITCHES] F04_D_PRIVATE_HALL -> off (1 fixtures)
[SWITCHES] F04_D_BATH -> off (1 fixtures)
[SWITCHES] F04_D_KITCHEN -> off (1 fixtures)
[SWITCHES] F04_D_BED -> off (1 fixtures)
[SWITCHES] F04_D_STUDY -> off (1 fixtures)
[SWITCHES] F02_SOUTHWEST_HALL -> off (1 fixtures)
[SWITCHES] F03_SOUTHWEST_HALL -> off (1 fixtures)
[SWITCHES] F04_SOUTHWEST_HALL -> off (1 fixtures)
[SWITCHES] F01_STAFF_RESTROOM -> off (1 fixtures)
[SWITCHES] B1_ELECTRICAL -> off (1 fixtures)
[SWITCHES] B1_MAINTENANCE_SHOP -> off (1 fixtures)
[SWITCHES] B1_COAL_ROOM -> off (1 fixtures)
[SWITCHES] B1_RESIDENT_STORAGE -> off (1 fixtures)
[SWITCHES] B1_SERVICE_CORE -> off (1 fixtures)
[SWITCHES] B1_LAUNDRY -> off (1 fixtures)
[SWITCHES] F02_A_MAIN -> off (1 fixtures)
[SWITCHES] F03_B_MAIN -> off (1 fixtures)
[SWITCHES] F03_B_KITCHEN -> off (1 fixtures)
[SWITCHES] F03_B_ALCOVE -> off (1 fixtures)
[SWITCHES] F03_B_BATH -> off (1 fixtures)
[SWITCHES] F04_B_ALCOVE -> off (1 fixtures)
[SWITCHES] F04_B_MAIN -> off (1 fixtures)
[SWITCHES] F04_B_BATH -> off (1 fixtures)
[SWITCHES] F04_B_KITCHEN -> off (1 fixtures)
[SWITCHES] F04_B_PRIVATE_HALL -> off (1 fixtures)
[SWITCHES] F04_B_CLOSET -> off (1 fixtures)
[SWITCHES] F02_A_VESTIBULE -> off (1 fixtures)
[SWITCHES] F02_A_KITCHEN -> off (1 fixtures)
[SWITCHES] F02_A_PRIVATE_HALL -> off (1 fixtures)
[SWITCHES] F02_A_BATH -> off (1 fixtures)
[SWITCHES] F02_A_BED -> off (1 fixtures)
[SWITCHES] F02_B_VESTIBULE -> off (1 fixtures)
[SWITCHES] F02_B_MAIN -> off (1 fixtures)
[SWITCHES] F02_B_KITCHEN -> off (1 fixtures)
[SWITCHES] F02_B_BED -> off (1 fixtures)
[SWITCHES] F02_B_PRIVATE_HALL -> off (1 fixtures)
[SWITCHES] F02_B_BATH -> off (1 fixtures)
[SWITCHES] F03_B_VESTIBULE -> off (1 fixtures)
[SWITCHES] F03_B_PRIVATE_HALL -> off (1 fixtures)
[SWITCHES] F04_B_VESTIBULE -> off (1 fixtures)
[SWITCHES] F04_B_ALCOVE_APPROACH -> off (1 fixtures)
[SWITCHES] F03_A_MAIN -> off (1 fixtures)
[SWITCHES] F03_A_VESTIBULE -> off (1 fixtures)
[SWITCHES] F03_A_KITCHEN -> off (1 fixtures)
[SWITCHES] F03_A_PRIVATE_HALL -> off (1 fixtures)
[SWITCHES] F03_A_BATH -> off (1 fixtures)
[SWITCHES] F03_A_BED -> off (1 fixtures)
[SWITCHES] F04_A_VESTIBULE -> off (1 fixtures)
[SWITCHES] F04_A_MAIN -> off (1 fixtures)
[SWITCHES] F04_A_KITCHEN -> off (1 fixtures)
[SWITCHES] F04_A_BED -> off (1 fixtures)
[SWITCHES] F04_A_PRIVATE_HALL -> off (1 fixtures)
[SWITCHES] F04_A_BATH -> off (1 fixtures)
[SWITCHES] F05_A_MAIN -> off (1 fixtures)
[SWITCHES] F05_A_VESTIBULE -> off (1 fixtures)
[SWITCHES] F05_A_PRIVATE_HALL -> off (1 fixtures)
[SWITCHES] F05_A_BATH -> off (1 fixtures)
[SWITCHES] F05_A_BED -> off (1 fixtures)
[SWITCHES] F05_A_KITCHEN -> off (1 fixtures)
[SWITCHES] F05_A_STUDY -> off (1 fixtures)
[SWITCHES] F05_B_MAIN -> off (1 fixtures)
[SWITCHES] F05_B_VESTIBULE -> off (1 fixtures)
[SWITCHES] F05_B_BATH -> off (1 fixtures)
[SWITCHES] F05_B_ALCOVE -> off (1 fixtures)
[SWITCHES] F05_B_PRIVATE_HALL -> off (1 fixtures)
[SWITCHES] F05_B_KITCHEN -> off (1 fixtures)
[SWITCHES] F05_C_VESTIBULE -> off (1 fixtures)
[SWITCHES] F05_C_MAIN -> off (1 fixtures)
[SWITCHES] F05_C_STUDIO -> off (1 fixtures)
[SWITCHES] F05_C_PRIVATE_HALL -> off (1 fixtures)
[SWITCHES] F05_C_BATH -> off (1 fixtures)
[SWITCHES] F05_C_KITCHEN -> off (1 fixtures)
[SWITCHES] F05_C_BED1 -> off (1 fixtures)
[SWITCHES] F05_C_BED2 -> off (1 fixtures)
[SWITCHES] F06_A_MAIN -> off (1 fixtures)
[SWITCHES] F06_A_VESTIBULE -> off (1 fixtures)
[SWITCHES] F06_A_PRIVATE_HALL -> off (1 fixtures)
[SWITCHES] F06_A_BATH -> off (1 fixtures)
[SWITCHES] F06_A_BED -> off (1 fixtures)
[SWITCHES] F06_A_KITCHEN -> off (1 fixtures)
[SWITCHES] F06_A_STUDY -> off (1 fixtures)
[SWITCHES] F06_B_MAIN -> off (1 fixtures)
[SWITCHES] F06_B_VESTIBULE -> off (1 fixtures)
[SWITCHES] F06_B_BATH -> off (1 fixtures)
[SWITCHES] F06_B_ALCOVE -> off (1 fixtures)
[SWITCHES] F06_B_PRIVATE_HALL -> off (1 fixtures)
[SWITCHES] F06_B_KITCHEN -> off (1 fixtures)
[SWITCHES] F06_C_VESTIBULE -> off (1 fixtures)
[SWITCHES] F06_C_MAIN -> off (1 fixtures)
[SWITCHES] F06_C_STUDIO -> off (1 fixtures)
[SWITCHES] F06_C_PRIVATE_HALL -> off (1 fixtures)
[SWITCHES] F06_C_BATH -> off (1 fixtures)
[SWITCHES] F06_C_KITCHEN -> off (1 fixtures)
[SWITCHES] F06_C_BED1 -> off (1 fixtures)
[SWITCHES] F06_C_BED2 -> off (1 fixtures)
[HARUKIYA] OPEN, 18 fixtures
CAP MAPPING: mesh=medicine_cabinets_MedicineRight__Body_ON_enamel valid_basis=true max_uv_excess=0.00000008805364 widest=1.00063379567405 vertices=7813 derivatives=true bad_derivatives=0 min_determinant=0.00000000722607 worst_dot=0.99999970197678
CAP MAPPING: mesh=medicine_cabinets_MedicineRight__Body_ON_glassish valid_basis=true max_uv_excess=0.00000011030352 widest=1.00055481719793 vertices=1023 derivatives=true bad_derivatives=0 min_determinant=0.00000002888487 worst_dot=0.99999982118607
CAP MAPPING: mesh=medicine_cabinets_MedicineRight__Body_ON_nickel valid_basis=true max_uv_excess=0.00000237929635 widest=1.00112271645746 vertices=16628 derivatives=true bad_derivatives=0 min_determinant=0.00000000722607 worst_dot=0.99999976158142
CAP MAPPING: mesh=medicine_cabinets_MedicineRight__CabinetDoor_ON_bakelite valid_basis=true max_uv_excess=0.00000008314964 widest=1.00027329278307 vertices=2040 derivatives=true bad_derivatives=0 min_determinant=0.00000004161343 worst_dot=0.99999988079071
CAP MAPPING: mesh=medicine_cabinets_MedicineRight__CabinetDoor_ON_enamel valid_basis=true max_uv_excess=0.00000007631024 widest=1.00036909105907 vertices=530 derivatives=true bad_derivatives=0 min_determinant=0.00000001850648 worst_dot=0.99999982118607
CAP MAPPING: mesh=medicine_cabinets_MedicineRight__CabinetDoor_ON_nickel valid_basis=true max_uv_excess=0.00000222725794 widest=1.00077730365296 vertices=13912 derivatives=true bad_derivatives=0 min_determinant=0.00000001849776 worst_dot=0.99999976158142
CAP MAPPING: mesh=medicine_cabinets_MedicineRight__Mirror_ON_mirror valid_basis=true max_uv_excess=0.00000006916525 widest=1.00042893216252 vertices=500 derivatives=true bad_derivatives=0 min_determinant=0.00000001417325 worst_dot=0.99999982118607
CAP MAPPING: mesh=medicine_cabinets_MedicineItem_aspirin__Body_ON_bakelite valid_basis=true max_uv_excess=0.00000083644409 widest=1.00073122097824 vertices=879 derivatives=true bad_derivatives=0 min_determinant=0.00000113558622 worst_dot=0.99999988079071
CAP MAPPING: mesh=medicine_cabinets_MedicineItem_aspirin__Body_ON_bottle valid_basis=true max_uv_excess=0.0000014025718 widest=1.000745860838 vertices=2584 derivatives=true bad_derivatives=0 min_determinant=0.00000126273133 worst_dot=0.99999982118607
CAP MAPPING: mesh=medicine_cabinets_MedicineItem_cold_cream__Body_ON_porcelain valid_basis=true max_uv_excess=0.00000006286427 widest=1.00013071629351 vertices=2198 derivatives=true bad_derivatives=0 min_determinant=0.00000098150713 worst_dot=0.99999976158142
CAP MAPPING: mesh=medicine_cabinets_MedicineItem_thimble_tin__Body_ON_nickel valid_basis=true max_uv_excess=0.00000008699135 widest=1.00030162007012 vertices=2174 derivatives=true bad_derivatives=0 min_determinant=0.00000075143686 worst_dot=0.99999982118607
CAP MAPPING: mesh=medicine_cabinets_MedicineItem_iodine__Body_ON_bakelite valid_basis=true max_uv_excess=0.00000077264849 widest=1.00072369717335 vertices=913 derivatives=true bad_derivatives=0 min_determinant=0.00000124751925 worst_dot=0.99999988079071
CAP MAPPING: mesh=medicine_cabinets_MedicineItem_iodine__Body_ON_bottle valid_basis=true max_uv_excess=0.00000131723937 widest=1.00074475924913 vertices=2608 derivatives=true bad_derivatives=0 min_determinant=0.00000115902526 worst_dot=0.99999988079071
CAP MAPPING: mesh=medicine_cabinets_MedicineItem_razor__Body_ON_bakelite valid_basis=true max_uv_excess=0.00000004435424 widest=1.0000603107298 vertices=521 derivatives=true bad_derivatives=0 min_determinant=0.00000026022305 worst_dot=0.99999982118607
CAP MAPPING: mesh=medicine_cabinets_MedicineItem_razor__Body_ON_nickel valid_basis=true max_uv_excess=0.00000008515781 widest=1.0008237249682 vertices=8264 derivatives=true bad_derivatives=0 min_determinant=0.00000000462568 worst_dot=0.99999624490738
CAP MAPPING: mesh=medicine_cabinets_MedicineItem_shaving_stick__Body_ON_bakelite valid_basis=true max_uv_excess=0.00000093411654 widest=1.00072053510687 vertices=886 derivatives=true bad_derivatives=0 min_determinant=0.00000176790324 worst_dot=0.99999982118607
CAP MAPPING: mesh=medicine_cabinets_MedicineItem_shaving_stick__Body_ON_bottle valid_basis=true max_uv_excess=0.00000160373747 widest=1.00073193932312 vertices=2598 derivatives=true bad_derivatives=0 min_determinant=0.00000147028639 worst_dot=0.99999982118607
CAP MAPPING: mesh=medicine_cabinets_MedicineItem_shaving_stick__Body_ON_paper valid_basis=true max_uv_excess=0.00000161491334 widest=1.00072550054936 vertices=723 derivatives=true bad_derivatives=0 min_determinant=0.00000007528995 worst_dot=0.99999928474426
CAP MAPPING: mesh=medicine_cabinets_MedicineItem_plasters__Body_ON_paper valid_basis=true max_uv_excess=0.00000004695539 widest=1.0009084059752 vertices=999 derivatives=true bad_derivatives=0 min_determinant=0.00000000115642 worst_dot=0.99999952316284
CAP MAPPING: mesh=medicine_cabinets_MedicineItem_brown_bottle__Body_ON_bakelite valid_basis=true max_uv_excess=0.00000093411654 widest=1.00072053510687 vertices=913 derivatives=true bad_derivatives=0 min_determinant=0.00000191248112 worst_dot=0.99999982118607
CAP MAPPING: mesh=medicine_cabinets_MedicineItem_brown_bottle__Body_ON_bottle valid_basis=true max_uv_excess=0.00000160373747 widest=1.00073193932312 vertices=2620 derivatives=true bad_derivatives=0 min_determinant=0.00000147028639 worst_dot=0.99999982118607
CAP MAPPING: mesh=medicine_cabinets_MedicineLeft__Body_ON_enamel valid_basis=true max_uv_excess=0.00000008805364 widest=1.00063379567405 vertices=7813 derivatives=true bad_derivatives=0 min_determinant=0.00000000722607 worst_dot=0.99999970197678
CAP MAPPING: mesh=medicine_cabinets_MedicineLeft__Body_ON_glassish valid_basis=true max_uv_excess=0.00000011030352 widest=1.00055481719793 vertices=1023 derivatives=true bad_derivatives=0 min_determinant=0.00000002888487 worst_dot=0.99999982118607
CAP MAPPING: mesh=medicine_cabinets_MedicineLeft__Body_ON_nickel valid_basis=true max_uv_excess=0.00000237929635 widest=1.00112271645746 vertices=16635 derivatives=true bad_derivatives=0 min_determinant=0.00000000722607 worst_dot=0.99999976158142
CAP MAPPING: mesh=medicine_cabinets_MedicineLeft__CabinetDoor_ON_bakelite valid_basis=true max_uv_excess=0.00000008314964 widest=1.00027329278307 vertices=2040 derivatives=true bad_derivatives=0 min_determinant=0.00000004161343 worst_dot=0.99999988079071
CAP MAPPING: mesh=medicine_cabinets_MedicineLeft__CabinetDoor_ON_enamel valid_basis=true max_uv_excess=0.00000007631024 widest=1.00036909105907 vertices=530 derivatives=true bad_derivatives=0 min_determinant=0.00000001850648 worst_dot=0.99999982118607
CAP MAPPING: mesh=medicine_cabinets_MedicineLeft__CabinetDoor_ON_nickel valid_basis=true max_uv_excess=0.00000222725794 widest=1.00074514946414 vertices=13902 derivatives=true bad_derivatives=0 min_determinant=0.00000001849776 worst_dot=0.99999976158142
CAP MAPPING: mesh=medicine_cabinets_MedicineLeft__Mirror_ON_mirror valid_basis=true max_uv_excess=0.00000006916525 widest=1.00042893216252 vertices=500 derivatives=true bad_derivatives=0 min_determinant=0.00000001417325 worst_dot=0.99999982118607
CAP MAPPING: mesh=medicine_cabinets_MedicineItem_turpentine__Body_ON_bakelite valid_basis=true max_uv_excess=0.00000099756289 widest=1.00072672600394 vertices=902 derivatives=true bad_derivatives=0 min_determinant=0.00000221793194 worst_dot=0.99999982118607
CAP MAPPING: mesh=medicine_cabinets_MedicineItem_turpentine__Body_ON_bottle valid_basis=true max_uv_excess=0.00000168895349 widest=1.00073325628856 vertices=2627 derivatives=true bad_derivatives=0 min_determinant=0.00000157406717 worst_dot=0.99999982118607
CAP MAPPING: mesh=medicine_cabinets_MedicineItem_QUELL_TONIC__Body_ON_bakelite valid_basis=true max_uv_excess=0.00000099756289 widest=1.00072672600394 vertices=919 derivatives=true bad_derivatives=0 min_determinant=0.00000237827769 worst_dot=0.99999982118607
CAP MAPPING: mesh=medicine_cabinets_MedicineItem_QUELL_TONIC__Body_ON_bottle valid_basis=true max_uv_excess=0.00000168895349 widest=1.00073325628856 vertices=2615 derivatives=true bad_derivatives=0 min_determinant=0.00000157406717 worst_dot=0.99999982118607
CAP MAPPING: mesh=medicine_cabinets_MedicineItem_QUELL_TONIC__Body_ON_paper valid_basis=true max_uv_excess=0.00000168918632 widest=1.00071814326854 vertices=742 derivatives=true bad_derivatives=0 min_determinant=0.00000008437294 worst_dot=0.99999910593033
CAP MAPPING: mesh=photo_radio_fittings_storm_shop_photo_supplies_dr_door__fabric_warm valid_basis=true max_uv_excess=0.00000004610047 widest=1.00000732122186 vertices=3086 derivatives=true bad_derivatives=0 min_determinant=0.00001454436278 worst_dot=0.99999982118607
CAP MAPPING: mesh=photo_radio_fittings_storm_shop_photo_supplies_dr_door__iron_blackened valid_basis=true max_uv_excess=0.00000007584458 widest=1.00014611330206 vertices=504 derivatives=true bad_derivatives=0 min_determinant=0.00000011562663 worst_dot=0.99999988079071
CAP MAPPING: mesh=photo_radio_fittings_storm_shop_photo_supplies_dr_door__wood_dark valid_basis=true max_uv_excess=0.00000010954682 widest=1.0001055157607 vertices=3136 derivatives=true bad_derivatives=0 min_determinant=0.00000046251235 worst_dot=0.99999988079071
CAP MAPPING: mesh=photo_radio_fittings_storm_shop_photo_supplies_dr_lamp__iron_blackened valid_basis=true max_uv_excess=0.00000008786446 widest=1.00025581162232 vertices=9258 derivatives=true bad_derivatives=0 min_determinant=0.00000011563898 worst_dot=0.99999988079071
CAP MAPPING: mesh=photo_radio_fittings_storm_shop_photo_supplies_dr_lamp__milk_glass valid_basis=true max_uv_excess=0.00000008288771 widest=1.00002818587187 vertices=1829 derivatives=true bad_derivatives=0 min_determinant=0.00004632807605 worst_dot=0.99999988079071
CAP MAPPING: mesh=photo_radio_fittings_storm_shop_radio_service_window_plinth__plywood valid_basis=true max_uv_excess=0.00000008475035 widest=1.00008473748749 vertices=500 derivatives=true bad_derivatives=0 min_determinant=0.00000046259948 worst_dot=0.99999994039536
CAP MAPPING: mesh=photo_radio_fittings_storm_shop_radio_service_window_plinth__wood_dark valid_basis=true max_uv_excess=0.00000011886004 widest=1.00011159238848 vertices=10972 derivatives=true bad_derivatives=0 min_determinant=0.00000046255592 worst_dot=0.99999982118607
[PASSAGE HOURS] AFTER_HOURS; 10 grilles drawn
[PASSAGE HOURS] OPEN; 10 grilles folded
PHOTO RADIO FITTINGS: checks=170 parts=7 triangles=11488 removed=48 supports=15 failures=0
CAP MAPPING: mesh=household_wardrobes_Wardrobe00__Body_ON_brass valid_basis=true max_uv_excess=0.00000008294592 widest=1.00099888619065 vertices=3446 derivatives=true bad_derivatives=0 min_determinant=0.00000000462756 worst_dot=0.99999892711639
CAP MAPPING: mesh=household_wardrobes_Wardrobe00__Body_ON_fabric_cool valid_basis=true max_uv_excess=0.00000008195639 widest=1.0001348457911 vertices=13045 derivatives=true bad_derivatives=0 min_determinant=0.00000069091442 worst_dot=0.99999982118607
CAP MAPPING: mesh=household_wardrobes_Wardrobe00__Body_ON_fabric_green valid_basis=true max_uv_excess=0.00000008381903 widest=1.00013548451226 vertices=13055 derivatives=true bad_derivatives=0 min_determinant=0.0000006908429 worst_dot=0.99999982118607
CAP MAPPING: mesh=household_wardrobes_Wardrobe00__Body_ON_fabric_warm valid_basis=true max_uv_excess=0.00000008195639 widest=1.00012749563196 vertices=13005 derivatives=true bad_derivatives=0 min_determinant=0.00000069091218 worst_dot=0.99999982118607
CAP MAPPING: mesh=household_wardrobes_Wardrobe00__Body_ON_linen valid_basis=true max_uv_excess=0.00000008632196 widest=1.00014563167814 vertices=13005 derivatives=true bad_derivatives=0 min_determinant=0.0000006908429 worst_dot=0.99999982118607
CAP MAPPING: mesh=household_wardrobes_Wardrobe00__Body_ON_metal valid_basis=true max_uv_excess=0.00000008766074 widest=1.00010819873476 vertices=12094 derivatives=true bad_derivatives=0 min_determinant=0.00000030130301 worst_dot=0.99999976158142
CAP MAPPING: mesh=household_wardrobes_Wardrobe00__Body_ON_oak_quartered valid_basis=true max_uv_excess=0.00000011920929 widest=1.00042779961388 vertices=7711 derivatives=true bad_derivatives=0 min_determinant=0.0000000288887 worst_dot=0.99999976158142
CAP MAPPING: mesh=household_wardrobes_Wardrobe00__LeftLeaf_ON_brass valid_basis=true max_uv_excess=0.00000153202564 widest=1.00076471531876 vertices=6662 derivatives=true bad_derivatives=0 min_determinant=0.00000001039982 worst_dot=0.99999976158142
CAP MAPPING: mesh=household_wardrobes_Wardrobe00__LeftLeaf_ON_oak_quartered valid_basis=true max_uv_excess=0.00000011920929 widest=1.00030697773124 vertices=3125 derivatives=true bad_derivatives=0 min_determinant=0.00000004161626 worst_dot=0.99999690055847
CAP MAPPING: mesh=household_wardrobes_Wardrobe00__RightLeaf_ON_brass valid_basis=true max_uv_excess=0.00000153062865 widest=1.00076475887845 vertices=6627 derivatives=true bad_derivatives=0 min_determinant=0.00000001039841 worst_dot=0.99999976158142
CAP MAPPING: mesh=household_wardrobes_Wardrobe00__RightLeaf_ON_oak_quartered valid_basis=true max_uv_excess=0.00000011920929 widest=1.00032137768102 vertices=3134 derivatives=true bad_derivatives=0 min_determinant=0.00000004161626 worst_dot=0.99999666213989
CAP MAPPING: mesh=household_wardrobes_Wardrobe01__Body_ON_brass valid_basis=true max_uv_excess=0.00000008294592 widest=1.00099888619065 vertices=3446 derivatives=true bad_derivatives=0 min_determinant=0.00000000462756 worst_dot=0.99999892711639
CAP MAPPING: mesh=household_wardrobes_Wardrobe01__Body_ON_fabric_cool valid_basis=true max_uv_excess=0.00000008940697 widest=1.0001361305969 vertices=13050 derivatives=true bad_derivatives=0 min_determinant=0.00000069127204 worst_dot=0.99999982118607
CAP MAPPING: mesh=household_wardrobes_Wardrobe01__Body_ON_fabric_green valid_basis=true max_uv_excess=0.00000008940697 widest=1.00013485161618 vertices=13019 derivatives=true bad_derivatives=0 min_determinant=0.00000069127204 worst_dot=0.99999976158142
CAP MAPPING: mesh=household_wardrobes_Wardrobe01__Body_ON_fabric_warm valid_basis=true max_uv_excess=0.00000008568168 widest=1.00011087808365 vertices=13018 derivatives=true bad_derivatives=0 min_determinant=0.00000069134356 worst_dot=0.99999982118607
CAP MAPPING: mesh=household_wardrobes_Wardrobe01__Body_ON_linen valid_basis=true max_uv_excess=0.00000008940697 widest=1.00014527864051 vertices=12986 derivatives=true bad_derivatives=0 min_determinant=0.00000069127204 worst_dot=0.99999982118607
CAP MAPPING: mesh=household_wardrobes_Wardrobe01__Body_ON_metal valid_basis=true max_uv_excess=0.00000008766074 widest=1.00010819873476 vertices=12092 derivatives=true bad_derivatives=0 min_determinant=0.00000030130301 worst_dot=0.99999976158142
CAP MAPPING: mesh=household_wardrobes_Wardrobe01__Body_ON_wood_dark valid_basis=true max_uv_excess=0.00000011920929 widest=1.00042779961388 vertices=7711 derivatives=true bad_derivatives=0 min_determinant=0.0000000288887 worst_dot=0.99999976158142
CAP MAPPING: mesh=household_wardrobes_Wardrobe01__LeftLeaf_ON_brass valid_basis=true max_uv_excess=0.00000153202564 widest=1.00076471531876 vertices=6662 derivatives=true bad_derivatives=0 min_determinant=0.00000001039982 worst_dot=0.99999976158142
CAP MAPPING: mesh=household_wardrobes_Wardrobe01__LeftLeaf_ON_wood_dark valid_basis=true max_uv_excess=0.00000011920929 widest=1.00030697773124 vertices=3125 derivatives=true bad_derivatives=0 min_determinant=0.00000004161626 worst_dot=0.99999690055847
CAP MAPPING: mesh=household_wardrobes_Wardrobe01__RightLeaf_ON_brass valid_basis=true max_uv_excess=0.00000153062865 widest=1.00076475887845 vertices=6627 derivatives=true bad_derivatives=0 min_determinant=0.00000001039841 worst_dot=0.99999976158142
CAP MAPPING: mesh=household_wardrobes_Wardrobe01__RightLeaf_ON_wood_dark valid_basis=true max_uv_excess=0.00000011920929 widest=1.00032137768102 vertices=3134 derivatives=true bad_derivatives=0 min_determinant=0.00000004161626 worst_dot=0.99999666213989
CAP MAPPING: mesh=household_wardrobes_Wardrobe02__Body_ON_brass valid_basis=true max_uv_excess=0.00000008294592 widest=1.00099888619065 vertices=3446 derivatives=true bad_derivatives=0 min_determinant=0.00000000462756 worst_dot=0.99999892711639
CAP MAPPING: mesh=household_wardrobes_Wardrobe02__Body_ON_fabric_cool valid_basis=true max_uv_excess=0.00000008568168 widest=1.0001396820196 vertices=13037 derivatives=true bad_derivatives=0 min_determinant=0.00000069134356 worst_dot=0.99999982118607
CAP MAPPING: mesh=household_wardrobes_Wardrobe02__Body_ON_fabric_green valid_basis=true max_uv_excess=0.00000008568168 widest=1.00012604285809 vertices=13045 derivatives=true bad_derivatives=0 min_determinant=0.00000069133462 worst_dot=0.99999976158142
CAP MAPPING: mesh=household_wardrobes_Wardrobe02__Body_ON_fabric_warm valid_basis=true max_uv_excess=0.00000008940697 widest=1.00013995024385 vertices=13006 derivatives=true bad_derivatives=0 min_determinant=0.00000069134356 worst_dot=0.99999982118607
CAP MAPPING: mesh=household_wardrobes_Wardrobe02__Body_ON_linen valid_basis=true max_uv_excess=0.00000008603092 widest=1.00014030870497 vertices=12989 derivatives=true bad_derivatives=0 min_determinant=0.00000069134356 worst_dot=0.99999982118607
CAP MAPPING: mesh=household_wardrobes_Wardrobe02__Body_ON_metal valid_basis=true max_uv_excess=0.00000008766074 widest=1.00010819873476 vertices=12092 derivatives=true bad_derivatives=0 min_determinant=0.00000030130301 worst_dot=0.99999976158142
CAP MAPPING: mesh=household_wardrobes_Wardrobe02__Body_ON_wood_dark valid_basis=true max_uv_excess=0.00000011920929 widest=1.00042779961388 vertices=7711 derivatives=true bad_derivatives=0 min_determinant=0.0000000288887 worst_dot=0.99999976158142
CAP MAPPING: mesh=household_wardrobes_Wardrobe02__LeftLeaf_ON_brass valid_basis=true max_uv_excess=0.00000153202564 widest=1.00076471531876 vertices=6662 derivatives=true bad_derivatives=0 min_determinant=0.00000001039982 worst_dot=0.99999976158142
CAP MAPPING: mesh=household_wardrobes_Wardrobe02__LeftLeaf_ON_wood_dark valid_basis=true max_uv_excess=0.00000011920929 widest=1.00030697773124 vertices=3125 derivatives=true bad_derivatives=0 min_determinant=0.00000004161626 worst_dot=0.99999690055847
CAP MAPPING: mesh=household_wardrobes_Wardrobe02__RightLeaf_ON_brass valid_basis=true max_uv_excess=0.00000153062865 widest=1.00076475887845 vertices=6627 derivatives=true bad_derivatives=0 min_determinant=0.00000001039841 worst_dot=0.99999976158142
CAP MAPPING: mesh=household_wardrobes_Wardrobe02__RightLeaf_ON_wood_dark valid_basis=true max_uv_excess=0.00000011920929 widest=1.00032137768102 vertices=3134 derivatives=true bad_derivatives=0 min_determinant=0.00000004161626 worst_dot=0.99999666213989
CAP MAPPING: mesh=household_wardrobes_Wardrobe03__Body_ON_brass valid_basis=true max_uv_excess=0.00000008294592 widest=1.00099888619065 vertices=3446 derivatives=true bad_derivatives=0 min_determinant=0.00000000462756 worst_dot=0.99999892711639
CAP MAPPING: mesh=household_wardrobes_Wardrobe03__Body_ON_fabric_cool valid_basis=true max_uv_excess=0.00000008940697 widest=1.00012431603873 vertices=13023 derivatives=true bad_derivatives=0 min_determinant=0.0000006908429 worst_dot=0.99999982118607
CAP MAPPING: mesh=household_wardrobes_Wardrobe03__Body_ON_fabric_green valid_basis=true max_uv_excess=0.00000008568168 widest=1.00014272123206 vertices=13016 derivatives=true bad_derivatives=0 min_determinant=0.0000006908429 worst_dot=0.99999982118607
CAP MAPPING: mesh=household_wardrobes_Wardrobe03__Body_ON_fabric_warm valid_basis=true max_uv_excess=0.00000008579809 widest=1.00013342530719 vertices=13013 derivatives=true bad_derivatives=0 min_determinant=0.0000006908429 worst_dot=0.99999982118607
CAP MAPPING: mesh=household_wardrobes_Wardrobe03__Body_ON_linen valid_basis=true max_uv_excess=0.00000008568168 widest=1.00012765333014 vertices=13001 derivatives=true bad_derivatives=0 min_determinant=0.0000006908429 worst_dot=0.99999982118607
CAP MAPPING: mesh=household_wardrobes_Wardrobe03__Body_ON_metal valid_basis=true max_uv_excess=0.00000008766074 widest=1.00010819873476 vertices=12095 derivatives=true bad_derivatives=0 min_determinant=0.00000030130301 worst_dot=0.99999976158142
CAP MAPPING: mesh=household_wardrobes_Wardrobe03__Body_ON_oak_quartered valid_basis=true max_uv_excess=0.00000011920929 widest=1.00042779961388 vertices=7711 derivatives=true bad_derivatives=0 min_determinant=0.0000000288887 worst_dot=0.99999976158142
CAP MAPPING: mesh=household_wardrobes_Wardrobe03__LeftLeaf_ON_brass valid_basis=true max_uv_excess=0.00000153202564 widest=1.00076471531876 vertices=6662 derivatives=true bad_derivatives=0 min_determinant=0.00000001039982 worst_dot=0.99999976158142
CAP MAPPING: mesh=household_wardrobes_Wardrobe03__LeftLeaf_ON_oak_quartered valid_basis=true max_uv_excess=0.00000011920929 widest=1.00030697773124 vertices=3125 derivatives=true bad_derivatives=0 min_determinant=0.00000004161626 worst_dot=0.99999690055847
CAP MAPPING: mesh=household_wardrobes_Wardrobe03__RightLeaf_ON_brass valid_basis=true max_uv_excess=0.00000153062865 widest=1.00076475887845 vertices=6627 derivatives=true bad_derivatives=0 min_determinant=0.00000001039841 worst_dot=0.99999976158142
CAP MAPPING: mesh=household_wardrobes_Wardrobe03__RightLeaf_ON_oak_quartered valid_basis=true max_uv_excess=0.00000011920929 widest=1.00032137768102 vertices=3134 derivatives=true bad_derivatives=0 min_determinant=0.00000004161626 worst_dot=0.99999666213989
CAP MAPPING: mesh=household_wardrobes_Wardrobe04__Body_ON_brass valid_basis=true max_uv_excess=0.00000008294592 widest=1.00099888619065 vertices=3446 derivatives=true bad_derivatives=0 min_determinant=0.00000000462756 worst_dot=0.99999892711639
CAP MAPPING: mesh=household_wardrobes_Wardrobe04__Body_ON_fabric_cool valid_basis=true max_uv_excess=0.00000008568168 widest=1.0001250512191 vertices=13025 derivatives=true bad_derivatives=0 min_determinant=0.00000069105747 worst_dot=0.99999982118607
CAP MAPPING: mesh=household_wardrobes_Wardrobe04__Body_ON_fabric_green valid_basis=true max_uv_excess=0.00000008568168 widest=1.00012088691088 vertices=13052 derivatives=true bad_derivatives=0 min_determinant=0.00000069111558 worst_dot=0.99999982118607
CAP MAPPING: mesh=household_wardrobes_Wardrobe04__Body_ON_fabric_warm valid_basis=true max_uv_excess=0.00000008195639 widest=1.00013201452494 vertices=13046 derivatives=true bad_derivatives=0 min_determinant=0.00000069112899 worst_dot=0.99999982118607
CAP MAPPING: mesh=household_wardrobes_Wardrobe04__Body_ON_linen valid_basis=true max_uv_excess=0.00000008568168 widest=1.00013313190805 vertices=12996 derivatives=true bad_derivatives=0 min_determinant=0.00000069112899 worst_dot=0.99999982118607
CAP MAPPING: mesh=household_wardrobes_Wardrobe04__Body_ON_metal valid_basis=true max_uv_excess=0.00000008766074 widest=1.00010819873476 vertices=12091 derivatives=true bad_derivatives=0 min_determinant=0.00000030130301 worst_dot=0.99999976158142
CAP MAPPING: mesh=household_wardrobes_Wardrobe04__Body_ON_wood_dark valid_basis=true max_uv_excess=0.00000011920929 widest=1.00042779961388 vertices=7711 derivatives=true bad_derivatives=0 min_determinant=0.0000000288887 worst_dot=0.99999976158142
CAP MAPPING: mesh=household_wardrobes_Wardrobe04__LeftLeaf_ON_brass valid_basis=true max_uv_excess=0.00000153202564 widest=1.00076471531876 vertices=6662 derivatives=true bad_derivatives=0 min_determinant=0.00000001039982 worst_dot=0.99999976158142
CAP MAPPING: mesh=household_wardrobes_Wardrobe04__LeftLeaf_ON_wood_dark valid_basis=true max_uv_excess=0.00000011920929 widest=1.00030697773124 vertices=3125 derivatives=true bad_derivatives=0 min_determinant=0.00000004161626 worst_dot=0.99999690055847
CAP MAPPING: mesh=household_wardrobes_Wardrobe04__RightLeaf_ON_brass valid_basis=true max_uv_excess=0.00000153062865 widest=1.00076475887845 vertices=6627 derivatives=true bad_derivatives=0 min_determinant=0.00000001039841 worst_dot=0.99999976158142
CAP MAPPING: mesh=household_wardrobes_Wardrobe04__RightLeaf_ON_wood_dark valid_basis=true max_uv_excess=0.00000011920929 widest=1.00032137768102 vertices=3134 derivatives=true bad_derivatives=0 min_determinant=0.00000004161626 worst_dot=0.99999666213989
CAP MAPPING: mesh=household_wardrobes_Wardrobe05__Body_ON_brass valid_basis=true max_uv_excess=0.00000008294592 widest=1.00099888619065 vertices=3446 derivatives=true bad_derivatives=0 min_determinant=0.00000000462756 worst_dot=0.99999892711639
CAP MAPPING: mesh=household_wardrobes_Wardrobe05__Body_ON_fabric_cool valid_basis=true max_uv_excess=0.00000008940697 widest=1.00014424097005 vertices=13029 derivatives=true bad_derivatives=0 min_determinant=0.00000069141285 worst_dot=0.99999982118607
CAP MAPPING: mesh=household_wardrobes_Wardrobe05__Body_ON_fabric_green valid_basis=true max_uv_excess=0.00000008568168 widest=1.00013105254092 vertices=13049 derivatives=true bad_derivatives=0 min_determinant=0.00000069141508 worst_dot=0.99999982118607
CAP MAPPING: mesh=household_wardrobes_Wardrobe05__Body_ON_fabric_warm valid_basis=true max_uv_excess=0.00000008568168 widest=1.00014164774233 vertices=13034 derivatives=true bad_derivatives=0 min_determinant=0.00000069147766 worst_dot=0.99999982118607
CAP MAPPING: mesh=household_wardrobes_Wardrobe05__Body_ON_linen valid_basis=true max_uv_excess=0.00000008568168 widest=1.00012827240845 vertices=13012 derivatives=true bad_derivatives=0 min_determinant=0.00000069141508 worst_dot=0.99999982118607
CAP MAPPING: mesh=household_wardrobes_Wardrobe05__Body_ON_metal valid_basis=true max_uv_excess=0.00000008766074 widest=1.00010819873476 vertices=12095 derivatives=true bad_derivatives=0 min_determinant=0.00000030130301 worst_dot=0.99999976158142
CAP MAPPING: mesh=household_wardrobes_Wardrobe05__Body_ON_oak_quartered valid_basis=true max_uv_excess=0.00000011920929 widest=1.00042779961388 vertices=7711 derivatives=true bad_derivatives=0 min_determinant=0.0000000288887 worst_dot=0.99999976158142
CAP MAPPING: mesh=household_wardrobes_Wardrobe05__LeftLeaf_ON_brass valid_basis=true max_uv_excess=0.00000153202564 widest=1.00076471531876 vertices=6662 derivatives=true bad_derivatives=0 min_determinant=0.00000001039982 worst_dot=0.99999976158142
CAP MAPPING: mesh=household_wardrobes_Wardrobe05__LeftLeaf_ON_oak_quartered valid_basis=true max_uv_excess=0.00000011920929 widest=1.00030697773124 vertices=3125 derivatives=true bad_derivatives=0 min_determinant=0.00000004161626 worst_dot=0.99999690055847
CAP MAPPING: mesh=household_wardrobes_Wardrobe05__RightLeaf_ON_brass valid_basis=true max_uv_excess=0.00000153062865 widest=1.00076475887845 vertices=6627 derivatives=true bad_derivatives=0 min_determinant=0.00000001039841 worst_dot=0.99999976158142
CAP MAPPING: mesh=household_wardrobes_Wardrobe05__RightLeaf_ON_oak_quartered valid_basis=true max_uv_excess=0.00000011920929 widest=1.00032137768102 vertices=3134 derivatives=true bad_derivatives=0 min_determinant=0.00000004161626 worst_dot=0.99999666213989
CAP MAPPING: mesh=household_wardrobes_Wardrobe06__Body_ON_brass valid_basis=true max_uv_excess=0.00000008294592 widest=1.00099888619065 vertices=3446 derivatives=true bad_derivatives=0 min_determinant=0.00000000462756 worst_dot=0.99999892711639
CAP MAPPING: mesh=household_wardrobes_Wardrobe06__Body_ON_fabric_cool valid_basis=true max_uv_excess=0.00000008795178 widest=1.00014817304886 vertices=13010 derivatives=true bad_derivatives=0 min_determinant=0.00000069141508 worst_dot=0.99999976158142
CAP MAPPING: mesh=household_wardrobes_Wardrobe06__Body_ON_fabric_green valid_basis=true max_uv_excess=0.00000008940697 widest=1.00009469506296 vertices=13041 derivatives=true bad_derivatives=0 min_determinant=0.00000069141508 worst_dot=0.99999982118607
CAP MAPPING: mesh=household_wardrobes_Wardrobe06__Body_ON_fabric_warm valid_basis=true max_uv_excess=0.00000008300412 widest=1.00013684693709 vertices=13030 derivatives=true bad_derivatives=0 min_determinant=0.00000069134356 worst_dot=0.99999982118607
CAP MAPPING: mesh=household_wardrobes_Wardrobe06__Body_ON_linen valid_basis=true max_uv_excess=0.00000008684583 widest=1.00012471690454 vertices=13025 derivatives=true bad_derivatives=0 min_determinant=0.00000069134356 worst_dot=0.99999982118607
CAP MAPPING: mesh=household_wardrobes_Wardrobe06__Body_ON_metal valid_basis=true max_uv_excess=0.00000008766074 widest=1.00010819873476 vertices=12097 derivatives=true bad_derivatives=0 min_determinant=0.00000030130301 worst_dot=0.99999976158142
CAP MAPPING: mesh=household_wardrobes_Wardrobe06__Body_ON_oak_quartered valid_basis=true max_uv_excess=0.00000011920929 widest=1.00042779961388 vertices=7711 derivatives=true bad_derivatives=0 min_determinant=0.0000000288887 worst_dot=0.99999976158142
CAP MAPPING: mesh=household_wardrobes_Wardrobe06__LeftLeaf_ON_brass valid_basis=true max_uv_excess=0.00000153202564 widest=1.00076471531876 vertices=6662 derivatives=true bad_derivatives=0 min_determinant=0.00000001039982 worst_dot=0.99999976158142
CAP MAPPING: mesh=household_wardrobes_Wardrobe06__LeftLeaf_ON_oak_quartered valid_basis=true max_uv_excess=0.00000011920929 widest=1.00030697773124 vertices=3125 derivatives=true bad_derivatives=0 min_determinant=0.00000004161626 worst_dot=0.99999690055847
CAP MAPPING: mesh=household_wardrobes_Wardrobe06__RightLeaf_ON_brass valid_basis=true max_uv_excess=0.00000153062865 widest=1.00076475887845 vertices=6627 derivatives=true bad_derivatives=0 min_determinant=0.00000001039841 worst_dot=0.99999976158142
CAP MAPPING: mesh=household_wardrobes_Wardrobe06__RightLeaf_ON_oak_quartered valid_basis=true max_uv_excess=0.00000011920929 widest=1.00032137768102 vertices=3134 derivatives=true bad_derivatives=0 min_determinant=0.00000004161626 worst_dot=0.99999666213989
CAP MAPPING: mesh=household_wardrobes_Wardrobe07__Body_ON_brass valid_basis=true max_uv_excess=0.00000008294592 widest=1.00099888619065 vertices=3446 derivatives=true bad_derivatives=0 min_determinant=0.00000000462756 worst_dot=0.99999892711639
CAP MAPPING: mesh=household_wardrobes_Wardrobe07__Body_ON_fabric_cool valid_basis=true max_uv_excess=0.00000008940697 widest=1.00011632744089 vertices=13023 derivatives=true bad_derivatives=0 min_determinant=0.00000069127204 worst_dot=0.99999982118607
CAP MAPPING: mesh=household_wardrobes_Wardrobe07__Body_ON_fabric_green valid_basis=true max_uv_excess=0.00000009313226 widest=1.00010639823471 vertices=13036 derivatives=true bad_derivatives=0 min_determinant=0.00000069134132 worst_dot=0.99999982118607
CAP MAPPING: mesh=household_wardrobes_Wardrobe07__Body_ON_fabric_warm valid_basis=true max_uv_excess=0.00000008940697 widest=1.00012163832626 vertices=13041 derivatives=true bad_derivatives=0 min_determinant=0.00000069134356 worst_dot=0.99999982118607
CAP MAPPING: mesh=household_wardrobes_Wardrobe07__Body_ON_linen valid_basis=true max_uv_excess=0.00000008195639 widest=1.00013471642193 vertices=13027 derivatives=true bad_derivatives=0 min_determinant=0.00000069134356 worst_dot=0.99999982118607
CAP MAPPING: mesh=household_wardrobes_Wardrobe07__Body_ON_metal valid_basis=true max_uv_excess=0.00000008766074 widest=1.00010819873476 vertices=12088 derivatives=true bad_derivatives=0 min_determinant=0.00000030130301 worst_dot=0.99999976158142
CAP MAPPING: mesh=household_wardrobes_Wardrobe07__Body_ON_oak_quartered valid_basis=true max_uv_excess=0.00000011920929 widest=1.00042779961388 vertices=7711 derivatives=true bad_derivatives=0 min_determinant=0.0000000288887 worst_dot=0.99999976158142
CAP MAPPING: mesh=household_wardrobes_Wardrobe07__LeftLeaf_ON_brass valid_basis=true max_uv_excess=0.00000153202564 widest=1.00076471531876 vertices=6662 derivatives=true bad_derivatives=0 min_determinant=0.00000001039982 worst_dot=0.99999976158142
CAP MAPPING: mesh=household_wardrobes_Wardrobe07__LeftLeaf_ON_oak_quartered valid_basis=true max_uv_excess=0.00000011920929 widest=1.00030697773124 vertices=3125 derivatives=true bad_derivatives=0 min_determinant=0.00000004161626 worst_dot=0.99999690055847
CAP MAPPING: mesh=household_wardrobes_Wardrobe07__RightLeaf_ON_brass valid_basis=true max_uv_excess=0.00000153062865 widest=1.00076475887845 vertices=6627 derivatives=true bad_derivatives=0 min_determinant=0.00000001039841 worst_dot=0.99999976158142
CAP MAPPING: mesh=household_wardrobes_Wardrobe07__RightLeaf_ON_oak_quartered valid_basis=true max_uv_excess=0.00000011920929 widest=1.00032137768102 vertices=3134 derivatives=true bad_derivatives=0 min_determinant=0.00000004161626 worst_dot=0.99999666213989
CAP MAPPING: mesh=household_wardrobes_Wardrobe08__Body_ON_brass valid_basis=true max_uv_excess=0.00000008294592 widest=1.00099888619065 vertices=3446 derivatives=true bad_derivatives=0 min_determinant=0.00000000462756 worst_dot=0.99999892711639
CAP MAPPING: mesh=household_wardrobes_Wardrobe08__Body_ON_fabric_cool valid_basis=true max_uv_excess=0.00000008940697 widest=1.00013218088289 vertices=13017 derivatives=true bad_derivatives=0 min_determinant=0.00000069127204 worst_dot=0.99999982118607
CAP MAPPING: mesh=household_wardrobes_Wardrobe08__Body_ON_fabric_green valid_basis=true max_uv_excess=0.00000008940697 widest=1.00013306114979 vertices=13021 derivatives=true bad_derivatives=0 min_determinant=0.00000069120051 worst_dot=0.99999982118607
CAP MAPPING: mesh=household_wardrobes_Wardrobe08__Body_ON_fabric_warm valid_basis=true max_uv_excess=0.00000009685755 widest=1.00014083464563 vertices=12995 derivatives=true bad_derivatives=0 min_determinant=0.00000069120051 worst_dot=0.99999976158142
CAP MAPPING: mesh=household_wardrobes_Wardrobe08__Body_ON_linen valid_basis=true max_uv_excess=0.00000008568168 widest=1.00010503571067 vertices=12999 derivatives=true bad_derivatives=0 min_determinant=0.00000069120051 worst_dot=0.99999982118607
CAP MAPPING: mesh=household_wardrobes_Wardrobe08__Body_ON_metal valid_basis=true max_uv_excess=0.00000008766074 widest=1.00010819873476 vertices=12091 derivatives=true bad_derivatives=0 min_determinant=0.00000030130301 worst_dot=0.99999976158142
CAP MAPPING: mesh=household_wardrobes_Wardrobe08__Body_ON_oak_quartered valid_basis=true max_uv_excess=0.00000011920929 widest=1.00042779961388 vertices=7711 derivatives=true bad_derivatives=0 min_determinant=0.0000000288887 worst_dot=0.99999976158142
CAP MAPPING: mesh=household_wardrobes_Wardrobe08__LeftLeaf_ON_brass valid_basis=true max_uv_excess=0.00000153202564 widest=1.00076471531876 vertices=6662 derivatives=true bad_derivatives=0 min_determinant=0.00000001039982 worst_dot=0.99999976158142
CAP MAPPING: mesh=household_wardrobes_Wardrobe08__LeftLeaf_ON_oak_quartered valid_basis=true max_uv_excess=0.00000011920929 widest=1.00030697773124 vertices=3125 derivatives=true bad_derivatives=0 min_determinant=0.00000004161626 worst_dot=0.99999690055847
CAP MAPPING: mesh=household_wardrobes_Wardrobe08__RightLeaf_ON_brass valid_basis=true max_uv_excess=0.00000153062865 widest=1.00076475887845 vertices=6627 derivatives=true bad_derivatives=0 min_determinant=0.00000001039841 worst_dot=0.99999976158142
CAP MAPPING: mesh=household_wardrobes_Wardrobe08__RightLeaf_ON_oak_quartered valid_basis=true max_uv_excess=0.00000011920929 widest=1.00032137768102 vertices=3134 derivatives=true bad_derivatives=0 min_determinant=0.00000004161626 worst_dot=0.99999666213989
CAP MAPPING: mesh=household_wardrobes_Wardrobe09__Body_ON_brass valid_basis=true max_uv_excess=0.00000008294592 widest=1.00099888619065 vertices=3446 derivatives=true bad_derivatives=0 min_determinant=0.00000000462756 worst_dot=0.99999892711639
CAP MAPPING: mesh=household_wardrobes_Wardrobe09__Body_ON_fabric_cool valid_basis=true max_uv_excess=0.00000008568168 widest=1.00013980617109 vertices=13025 derivatives=true bad_derivatives=0 min_determinant=0.00000069091442 worst_dot=0.99999982118607
CAP MAPPING: mesh=household_wardrobes_Wardrobe09__Body_ON_fabric_green valid_basis=true max_uv_excess=0.00000008940697 widest=1.00012821117078 vertices=13065 derivatives=true bad_derivatives=0 min_determinant=0.00000069091442 worst_dot=0.99999982118607
CAP MAPPING: mesh=household_wardrobes_Wardrobe09__Body_ON_fabric_warm valid_basis=true max_uv_excess=0.00000008312054 widest=1.00014076781945 vertices=13036 derivatives=true bad_derivatives=0 min_determinant=0.00000069097924 worst_dot=0.99999982118607
CAP MAPPING: mesh=household_wardrobes_Wardrobe09__Body_ON_linen valid_basis=true max_uv_excess=0.00000008568168 widest=1.00012520587964 vertices=12999 derivatives=true bad_derivatives=0 min_determinant=0.00000069091442 worst_dot=0.99999982118607
CAP MAPPING: mesh=household_wardrobes_Wardrobe09__Body_ON_metal valid_basis=true max_uv_excess=0.00000008911593 widest=1.00011477106621 vertices=12087 derivatives=true bad_derivatives=0 min_determinant=0.00000030130301 worst_dot=0.99999976158142
CAP MAPPING: mesh=household_wardrobes_Wardrobe09__Body_ON_wood_dark valid_basis=true max_uv_excess=0.00000011920929 widest=1.00042779961388 vertices=7711 derivatives=true bad_derivatives=0 min_determinant=0.0000000288887 worst_dot=0.99999976158142
CAP MAPPING: mesh=household_wardrobes_Wardrobe09__LeftLeaf_ON_brass valid_basis=true max_uv_excess=0.00000153202564 widest=1.00076471531876 vertices=6662 derivatives=true bad_derivatives=0 min_determinant=0.00000001039982 worst_dot=0.99999976158142
CAP MAPPING: mesh=household_wardrobes_Wardrobe09__LeftLeaf_ON_wood_dark valid_basis=true max_uv_excess=0.00000011920929 widest=1.00030697773124 vertices=3125 derivatives=true bad_derivatives=0 min_determinant=0.00000004161626 worst_dot=0.99999690055847
CAP MAPPING: mesh=household_wardrobes_Wardrobe09__RightLeaf_ON_brass valid_basis=true max_uv_excess=0.00000153062865 widest=1.00076475887845 vertices=6627 derivatives=true bad_derivatives=0 min_determinant=0.00000001039841 worst_dot=0.99999976158142
CAP MAPPING: mesh=household_wardrobes_Wardrobe09__RightLeaf_ON_wood_dark valid_basis=true max_uv_excess=0.00000011920929 widest=1.00032137768102 vertices=3134 derivatives=true bad_derivatives=0 min_determinant=0.00000004161626 worst_dot=0.99999666213989
CAP MAPPING: mesh=household_wardrobes_Wardrobe10__Body_ON_brass valid_basis=true max_uv_excess=0.00000008294592 widest=1.00099888619065 vertices=3446 derivatives=true bad_derivatives=0 min_determinant=0.00000000462756 worst_dot=0.99999892711639
CAP MAPPING: mesh=household_wardrobes_Wardrobe10__Body_ON_fabric_cool valid_basis=true max_uv_excess=0.00000008405186 widest=1.00012953669828 vertices=13011 derivatives=true bad_derivatives=0 min_determinant=0.00000069091442 worst_dot=0.99999982118607
CAP MAPPING: mesh=household_wardrobes_Wardrobe10__Body_ON_fabric_green valid_basis=true max_uv_excess=0.00000008632196 widest=1.00014513543789 vertices=13049 derivatives=true bad_derivatives=0 min_determinant=0.00000069091442 worst_dot=0.99999982118607
CAP MAPPING: mesh=household_wardrobes_Wardrobe10__Body_ON_fabric_warm valid_basis=true max_uv_excess=0.00000008568168 widest=1.00013680883285 vertices=13014 derivatives=true bad_derivatives=0 min_determinant=0.00000069091442 worst_dot=0.99999982118607
CAP MAPPING: mesh=household_wardrobes_Wardrobe10__Body_ON_linen valid_basis=true max_uv_excess=0.00000008940697 widest=1.00012672132276 vertices=13003 derivatives=true bad_derivatives=0 min_determinant=0.00000069091218 worst_dot=0.99999982118607
CAP MAPPING: mesh=household_wardrobes_Wardrobe10__Body_ON_metal valid_basis=true max_uv_excess=0.00000008766074 widest=1.00010819873476 vertices=12093 derivatives=true bad_derivatives=0 min_determinant=0.00000030130301 worst_dot=0.99999976158142
CAP MAPPING: mesh=household_wardrobes_Wardrobe10__Body_ON_wood_dark valid_basis=true max_uv_excess=0.00000011920929 widest=1.00042779961388 vertices=7711 derivatives=true bad_derivatives=0 min_determinant=0.0000000288887 worst_dot=0.99999976158142
CAP MAPPING: mesh=household_wardrobes_Wardrobe10__LeftLeaf_ON_brass valid_basis=true max_uv_excess=0.00000153202564 widest=1.00076471531876 vertices=6662 derivatives=true bad_derivatives=0 min_determinant=0.00000001039982 worst_dot=0.99999976158142
CAP MAPPING: mesh=household_wardrobes_Wardrobe10__LeftLeaf_ON_wood_dark valid_basis=true max_uv_excess=0.00000011920929 widest=1.00030697773124 vertices=3125 derivatives=true bad_derivatives=0 min_determinant=0.00000004161626 worst_dot=0.99999690055847
CAP MAPPING: mesh=household_wardrobes_Wardrobe10__RightLeaf_ON_brass valid_basis=true max_uv_excess=0.00000153062865 widest=1.00076475887845 vertices=6627 derivatives=true bad_derivatives=0 min_determinant=0.00000001039841 worst_dot=0.99999976158142
CAP MAPPING: mesh=household_wardrobes_Wardrobe10__RightLeaf_ON_wood_dark valid_basis=true max_uv_excess=0.00000011920929 widest=1.00032137768102 vertices=3134 derivatives=true bad_derivatives=0 min_determinant=0.00000004161626 worst_dot=0.99999666213989
CAP MAPPING: mesh=household_wardrobes_Wardrobe11__Body_ON_brass valid_basis=true max_uv_excess=0.00000008294592 widest=1.00099888619065 vertices=3446 derivatives=true bad_derivatives=0 min_determinant=0.00000000462756 worst_dot=0.99999892711639
CAP MAPPING: mesh=household_wardrobes_Wardrobe11__Body_ON_fabric_cool valid_basis=true max_uv_excess=0.0000000835862 widest=1.00014121438074 vertices=13035 derivatives=true bad_derivatives=0 min_determinant=0.0000006908429 worst_dot=0.99999976158142
CAP MAPPING: mesh=household_wardrobes_Wardrobe11__Body_ON_fabric_green valid_basis=true max_uv_excess=0.00000008195639 widest=1.00012802929591 vertices=13020 derivatives=true bad_derivatives=0 min_determinant=0.0000006908429 worst_dot=0.99999982118607
CAP MAPPING: mesh=household_wardrobes_Wardrobe11__Body_ON_fabric_warm valid_basis=true max_uv_excess=0.00000008277129 widest=1.00012705026626 vertices=12985 derivatives=true bad_derivatives=0 min_determinant=0.00000069091442 worst_dot=0.99999982118607
CAP MAPPING: mesh=household_wardrobes_Wardrobe11__Body_ON_linen valid_basis=true max_uv_excess=0.00000008940697 widest=1.00012887406761 vertices=13010 derivatives=true bad_derivatives=0 min_determinant=0.00000069090324 worst_dot=0.99999982118607
CAP MAPPING: mesh=household_wardrobes_Wardrobe11__Body_ON_metal valid_basis=true max_uv_excess=0.00000008766074 widest=1.00010819873476 vertices=12094 derivatives=true bad_derivatives=0 min_determinant=0.00000030130301 worst_dot=0.99999976158142
CAP MAPPING: mesh=household_wardrobes_Wardrobe11__Body_ON_wood_dark valid_basis=true max_uv_excess=0.00000011920929 widest=1.00042779961388 vertices=7711 derivatives=true bad_derivatives=0 min_determinant=0.0000000288887 worst_dot=0.99999976158142
CAP MAPPING: mesh=household_wardrobes_Wardrobe11__LeftLeaf_ON_brass valid_basis=true max_uv_excess=0.00000153202564 widest=1.00076471531876 vertices=6662 derivatives=true bad_derivatives=0 min_determinant=0.00000001039982 worst_dot=0.99999976158142
CAP MAPPING: mesh=household_wardrobes_Wardrobe11__LeftLeaf_ON_wood_dark valid_basis=true max_uv_excess=0.00000011920929 widest=1.00030697773124 vertices=3125 derivatives=true bad_derivatives=0 min_determinant=0.00000004161626 worst_dot=0.99999690055847
CAP MAPPING: mesh=household_wardrobes_Wardrobe11__RightLeaf_ON_brass valid_basis=true max_uv_excess=0.00000153062865 widest=1.00076475887845 vertices=6627 derivatives=true bad_derivatives=0 min_determinant=0.00000001039841 worst_dot=0.99999976158142
CAP MAPPING: mesh=household_wardrobes_Wardrobe11__RightLeaf_ON_wood_dark valid_basis=true max_uv_excess=0.00000011920929 widest=1.00032137768102 vertices=3134 derivatives=true bad_derivatives=0 min_determinant=0.00000004161626 worst_dot=0.99999666213989
CAP MAPPING: mesh=household_wardrobes_Wardrobe12__Body_ON_brass valid_basis=true max_uv_excess=0.00000008294592 widest=1.00099888619065 vertices=3446 derivatives=true bad_derivatives=0 min_determinant=0.00000000462756 worst_dot=0.99999892711639
CAP MAPPING: mesh=household_wardrobes_Wardrobe12__Body_ON_fabric_cool valid_basis=true max_uv_excess=0.00000008195639 widest=1.00013460842205 vertices=13047 derivatives=true bad_derivatives=0 min_determinant=0.0000006908429 worst_dot=0.99999976158142
CAP MAPPING: mesh=household_wardrobes_Wardrobe12__Body_ON_fabric_green valid_basis=true max_uv_excess=0.00000008568168 widest=1.00011799901301 vertices=13055 derivatives=true bad_derivatives=0 min_determinant=0.00000069155813 worst_dot=0.99999982118607
CAP MAPPING: mesh=household_wardrobes_Wardrobe12__Body_ON_fabric_warm valid_basis=true max_uv_excess=0.00000008195639 widest=1.00011909767097 vertices=12998 derivatives=true bad_derivatives=0 min_determinant=0.00000069083172 worst_dot=0.99999982118607
CAP MAPPING: mesh=household_wardrobes_Wardrobe12__Body_ON_linen valid_basis=true max_uv_excess=0.0000000782311 widest=1.0001100111532 vertices=13013 derivatives=true bad_derivatives=0 min_determinant=0.00000069077137 worst_dot=0.99999982118607
CAP MAPPING: mesh=household_wardrobes_Wardrobe12__Body_ON_metal valid_basis=true max_uv_excess=0.00000008766074 widest=1.00010819873476 vertices=12096 derivatives=true bad_derivatives=0 min_determinant=0.00000030130301 worst_dot=0.99999976158142
CAP MAPPING: mesh=household_wardrobes_Wardrobe12__Body_ON_wood_dark valid_basis=true max_uv_excess=0.00000011920929 widest=1.00042779961388 vertices=7711 derivatives=true bad_derivatives=0 min_determinant=0.0000000288887 worst_dot=0.99999976158142
CAP MAPPING: mesh=household_wardrobes_Wardrobe12__LeftLeaf_ON_brass valid_basis=true max_uv_excess=0.00000153202564 widest=1.00076471531876 vertices=6662 derivatives=true bad_derivatives=0 min_determinant=0.00000001039982 worst_dot=0.99999976158142
CAP MAPPING: mesh=household_wardrobes_Wardrobe12__LeftLeaf_ON_wood_dark valid_basis=true max_uv_excess=0.00000011920929 widest=1.00030697773124 vertices=3125 derivatives=true bad_derivatives=0 min_determinant=0.00000004161626 worst_dot=0.99999690055847
CAP MAPPING: mesh=household_wardrobes_Wardrobe12__RightLeaf_ON_brass valid_basis=true max_uv_excess=0.00000153062865 widest=1.00076475887845 vertices=6627 derivatives=true bad_derivatives=0 min_determinant=0.00000001039841 worst_dot=0.99999976158142
CAP MAPPING: mesh=household_wardrobes_Wardrobe12__RightLeaf_ON_wood_dark valid_basis=true max_uv_excess=0.00000011920929 widest=1.00032137768102 vertices=3134 derivatives=true bad_derivatives=0 min_determinant=0.00000004161626 worst_dot=0.99999666213989
CAP MAPPING: mesh=domestic_objects_DomesticObject00__Body_ON_brass valid_basis=true max_uv_excess=0.00000189413549 widest=1.00297930152463 vertices=5239 derivatives=true bad_derivatives=0 min_determinant=0.00000025864131 worst_dot=0.99999982118607
CAP MAPPING: mesh=domestic_objects_DomesticObject00__Body_ON_paper valid_basis=true max_uv_excess=0.00000008801362 widest=1.00114287281831 vertices=7717 derivatives=true bad_derivatives=0 min_determinant=0.00000000073811 worst_dot=0.99999642372131
CAP MAPPING: mesh=domestic_objects_DomesticObject00__Body_ON_timber valid_basis=true max_uv_excess=0.00000006299524 widest=1.00028727766093 vertices=506 derivatives=true bad_derivatives=0 min_determinant=0.00000004163674 worst_dot=0.99999982118607
CAP MAPPING: mesh=domestic_objects_DomesticObject00__Body_ON_wood_dark valid_basis=true max_uv_excess=0.00000007223571 widest=1.00027425700011 vertices=3599 derivatives=true bad_derivatives=0 min_determinant=0.00000002889958 worst_dot=0.99999976158142
CAP MAPPING: mesh=domestic_objects_DomesticObject01__Body_ON_timber valid_basis=true max_uv_excess=0.00000006885966 widest=1.00018729705411 vertices=530 derivatives=true bad_derivatives=0 min_determinant=0.00000004162933 worst_dot=0.99999988079071
CAP MAPPING: mesh=domestic_objects_DomesticObject01__Body_ON_wood_dark valid_basis=true max_uv_excess=0.00000007689232 widest=1.00026956964619 vertices=3603 derivatives=true bad_derivatives=0 min_determinant=0.00000002889958 worst_dot=0.99999982118607
CAP MAPPING: mesh=domestic_objects_DomesticObject02__Body_ON_brass valid_basis=true max_uv_excess=0.00000049686059 widest=1.00081544590526 vertices=4381 derivatives=true bad_derivatives=0 min_determinant=0.0000008146988 worst_dot=0.99999988079071
CAP MAPPING: mesh=domestic_objects_DomesticObject02__Body_ON_metal valid_basis=true max_uv_excess=0.00000097311568 widest=1.00080879726905 vertices=8859 derivatives=true bad_derivatives=0 min_determinant=0.00000120567276 worst_dot=0.99999988079071
CAP MAPPING: mesh=domestic_objects_DomesticObject02__Body_ON_plywood valid_basis=true max_uv_excess=0.00000011920929 widest=1.0002118172876 vertices=506 derivatives=true bad_derivatives=0 min_determinant=0.00000011563898 worst_dot=0.99999982118607
CAP MAPPING: mesh=domestic_objects_DomesticObject02__Body_ON_rubber_aged valid_basis=true max_uv_excess=0.00000007078052 widest=1.00001359357296 vertices=4606 derivatives=true bad_derivatives=0 min_determinant=0.00002102858646 worst_dot=0.99999982118607
CAP MAPPING: mesh=domestic_objects_DomesticObject02__Body_ON_timber valid_basis=true max_uv_excess=0.00000005355105 widest=1.00002477360305 vertices=534 derivatives=true bad_derivatives=0 min_determinant=0.00000185072309 worst_dot=0.99999988079071
CAP MAPPING: mesh=domestic_objects_DomesticObject02__Body_ON_wood_dark valid_basis=true max_uv_excess=0.00000007118797 widest=1.00032691062136 vertices=1028 derivatives=true bad_derivatives=0 min_determinant=0.0000000289043 worst_dot=0.99999982118607
CAP MAPPING: mesh=domestic_objects_DomesticObject03__Body_ON_metal valid_basis=true max_uv_excess=0.00000005960464 widest=1.00070710916987 vertices=2994 derivatives=true bad_derivatives=0 min_determinant=0.00000000462179 worst_dot=0.99999964237213
CAP MAPPING: mesh=domestic_objects_DomesticObject03__Body_ON_timber valid_basis=true max_uv_excess=0.00000006263144 widest=1.0001569603556 vertices=3555 derivatives=true bad_derivatives=0 min_determinant=0.00000011566076 worst_dot=0.99999982118607
CAP MAPPING: mesh=domestic_objects_DomesticObject04__Body_ON_bakelite valid_basis=true max_uv_excess=0.00000094890129 widest=1.00072542725316 vertices=2318 derivatives=true bad_derivatives=0 min_determinant=0.00000011567019 worst_dot=0.99999988079071
CAP MAPPING: mesh=domestic_objects_DomesticObject04__Body_ON_enamel valid_basis=true max_uv_excess=0.00000281073153 widest=1.00071625927542 vertices=1815 derivatives=true bad_derivatives=0 min_determinant=0.00000817670497 worst_dot=0.99999982118607
CAP MAPPING: mesh=domestic_objects_DomesticObject04__Body_ON_metal valid_basis=true max_uv_excess=0.00000057736179 widest=1.00073564918575 vertices=10584 derivatives=true bad_derivatives=0 min_determinant=0.00000002891519 worst_dot=0.99999982118607
CAP MAPPING: mesh=domestic_objects_DomesticObject04__Body_ON_paper valid_basis=true max_uv_excess=0.00000008483767 widest=1.00082062571655 vertices=998 derivatives=true bad_derivatives=0 min_determinant=0.00000000462568 worst_dot=0.99999964237213
CAP MAPPING: mesh=domestic_objects_DomesticObject04__Body_ON_rubber_aged valid_basis=true max_uv_excess=0.00000113528222 widest=1.00018813035343 vertices=7249 derivatives=true bad_derivatives=0 min_determinant=0.0000011999393 worst_dot=0.99999976158142
CAP MAPPING: mesh=domestic_objects_DomesticObject04__Body_ON_soot valid_basis=true max_uv_excess=0.00000384496525 widest=1.00072245950876 vertices=23629 derivatives=true bad_derivatives=0 min_determinant=0.00000000028856 worst_dot=0.9999960064888
CAP MAPPING: mesh=domestic_objects_DomesticObject05__Body_ON_cane valid_basis=true max_uv_excess=0.00000008568168 widest=1.00006915071398 vertices=4752 derivatives=true bad_derivatives=0 min_determinant=0.00000008538683 worst_dot=0.99999982118607
CAP MAPPING: mesh=domestic_objects_DomesticObject05__Body_ON_leaf_rib valid_basis=true max_uv_excess=0.00000048964284 widest=1.00120822440756 vertices=61990 derivatives=true bad_derivatives=0 min_determinant=0.00000000252952 worst_dot=0.99999392032623
CAP MAPPING: mesh=domestic_objects_DomesticObject05__Body_ON_plant valid_basis=true max_uv_excess=0.00000008940697 widest=1.00007062213875 vertices=13316 derivatives=true bad_derivatives=0 min_determinant=0.00000253745105 worst_dot=0.99999982118607
CAP MAPPING: mesh=domestic_objects_DomesticObject05__Body_ON_soil valid_basis=true max_uv_excess=0.00000242795795 widest=1.00017599185016 vertices=3238 derivatives=true bad_derivatives=0 min_determinant=0.00024232362139 worst_dot=0.99999982118607
CAP MAPPING: mesh=domestic_objects_DomesticObject05__Body_ON_terracotta valid_basis=true max_uv_excess=0.00000314041972 widest=1.00017953849024 vertices=8640 derivatives=true bad_derivatives=0 min_determinant=0.00017641100062 worst_dot=0.99999982118607
CAP MAPPING: mesh=domestic_objects_DomesticObject06__Body_ON_brass valid_basis=true max_uv_excess=0.00000189611455 widest=1.0030945941556 vertices=6283 derivatives=true bad_derivatives=0 min_determinant=0.00000025796558 worst_dot=0.99999982118607
CAP MAPPING: mesh=domestic_objects_DomesticObject06__Body_ON_paper valid_basis=true max_uv_excess=0.00000007437484 widest=1.00114287281831 vertices=9289 derivatives=true bad_derivatives=0 min_determinant=0.00000000073811 worst_dot=0.99999636411667
CAP MAPPING: mesh=domestic_objects_DomesticObject06__Body_ON_timber valid_basis=true max_uv_excess=0.00000011920929 widest=1.000190222068 vertices=525 derivatives=true bad_derivatives=0 min_determinant=0.00000004161802 worst_dot=0.99999982118607
CAP MAPPING: mesh=domestic_objects_DomesticObject06__Body_ON_wood_dark valid_basis=true max_uv_excess=0.00000007869676 widest=1.00025832529717 vertices=3527 derivatives=true bad_derivatives=0 min_determinant=0.00000002889958 worst_dot=0.99999982118607
CAP MAPPING: mesh=domestic_objects_DomesticObject07__Body_ON_brass valid_basis=true max_uv_excess=0.00000189803541 widest=1.00308126882815 vertices=4918 derivatives=true bad_derivatives=0 min_determinant=0.00000025796558 worst_dot=0.99999982118607
CAP MAPPING: mesh=domestic_objects_DomesticObject07__Body_ON_paper valid_basis=true max_uv_excess=0.00000008412826 widest=1.00132967161072 vertices=7196 derivatives=true bad_derivatives=0 min_determinant=0.00000000073811 worst_dot=0.999995470047
CAP MAPPING: mesh=domestic_objects_DomesticObject07__Body_ON_timber valid_basis=true max_uv_excess=0.00000006299524 widest=1.00028727766093 vertices=529 derivatives=true bad_derivatives=0 min_determinant=0.00000004163674 worst_dot=0.99999988079071
CAP MAPPING: mesh=domestic_objects_DomesticObject07__Body_ON_wood_dark valid_basis=true max_uv_excess=0.00000011920929 widest=1.00032691062136 vertices=3617 derivatives=true bad_derivatives=0 min_determinant=0.00000002891047 worst_dot=0.99999976158142
CAP MAPPING: mesh=domestic_objects_DomesticObject08__Body_ON_book_brown valid_basis=true max_uv_excess=0.00000003839523 widest=1.00035018766595 vertices=1515 derivatives=true bad_derivatives=0 min_determinant=0.0000000104106 worst_dot=0.99999976158142
CAP MAPPING: mesh=domestic_objects_DomesticObject08__Body_ON_book_burgundy valid_basis=true max_uv_excess=0.00000005407492 widest=1.00036343584976 vertices=1517 derivatives=true bad_derivatives=0 min_determinant=0.0000000104106 worst_dot=0.99999976158142
CAP MAPPING: mesh=domestic_objects_DomesticObject08__Body_ON_book_green valid_basis=true max_uv_excess=0.00000004470348 widest=1.00034534163073 vertices=1528 derivatives=true bad_derivatives=0 min_determinant=0.0000000104106 worst_dot=0.99999982118607
CAP MAPPING: mesh=domestic_objects_DomesticObject08__Body_ON_book_navy valid_basis=true max_uv_excess=0.00000004470348 widest=1.00032137768102 vertices=1533 derivatives=true bad_derivatives=0 min_determinant=0.0000000104106 worst_dot=0.99999982118607
CAP MAPPING: mesh=domestic_objects_DomesticObject08__Body_ON_book_ochre valid_basis=true max_uv_excess=0.00000003523746 widest=1.00032137768102 vertices=1542 derivatives=true bad_derivatives=0 min_determinant=0.0000000104106 worst_dot=0.99999982118607
CAP MAPPING: mesh=domestic_objects_DomesticObject08__Body_ON_book_teal valid_basis=true max_uv_excess=0.00000003365858 widest=1.00030697773124 vertices=1520 derivatives=true bad_derivatives=0 min_determinant=0.0000000104106 worst_dot=0.99999976158142
CAP MAPPING: mesh=domestic_objects_DomesticObject08__Body_ON_paper valid_basis=true max_uv_excess=0.00000006169284 widest=1.00084403020591 vertices=3010 derivatives=true bad_derivatives=0 min_determinant=0.00000000462238 worst_dot=0.99999964237213
CAP MAPPING: mesh=domestic_objects_DomesticObject09__Body_ON_brass valid_basis=true max_uv_excess=0.00000189611455 widest=1.00298594281688 vertices=7646 derivatives=true bad_derivatives=0 min_determinant=0.00000025864131 worst_dot=0.99999982118607
CAP MAPPING: mesh=domestic_objects_DomesticObject09__Body_ON_paper valid_basis=true max_uv_excess=0.00000008030838 widest=1.00114287281831 vertices=11278 derivatives=true bad_derivatives=0 min_determinant=0.00000000073792 worst_dot=0.99999535083771
CAP MAPPING: mesh=domestic_objects_DomesticObject09__Body_ON_timber valid_basis=true max_uv_excess=0.00000005438051 widest=1.00024803205448 vertices=514 derivatives=true bad_derivatives=0 min_determinant=0.00000004162933 worst_dot=0.99999988079071
CAP MAPPING: mesh=domestic_objects_DomesticObject09__Body_ON_wood_dark valid_basis=true max_uv_excess=0.00000007648487 widest=1.00029466970755 vertices=3669 derivatives=true bad_derivatives=0 min_determinant=0.0000000289043 worst_dot=0.99999982118607
CAP MAPPING: mesh=domestic_objects_DomesticObject10__Body_ON_metal valid_basis=true max_uv_excess=0.00000883731991 widest=1.0007338972434 vertices=8356 derivatives=true bad_derivatives=0 min_determinant=0.00000001849776 worst_dot=0.99999982118607
CAP MAPPING: mesh=domestic_objects_DomesticObject10__Body_ON_milk_glass valid_basis=true max_uv_excess=0.00000161980279 widest=1.00049476436847 vertices=1529 derivatives=true bad_derivatives=0 min_determinant=0.00000002889341 worst_dot=0.99999982118607
CAP MAPPING: mesh=domestic_objects_DomesticObject10__Body_ON_rubber_aged valid_basis=true max_uv_excess=0.00000139325857 widest=1.00071008593772 vertices=2030 derivatives=true bad_derivatives=0 min_determinant=0.00000612993519 worst_dot=0.99999982118607
CAP MAPPING: mesh=domestic_objects_DomesticObject10__Body_ON_soot valid_basis=true max_uv_excess=0.00000206148252 widest=1.00071635544499 vertices=4313 derivatives=true bad_derivatives=0 min_determinant=0.00000005524898 worst_dot=0.99999982118607
CAP MAPPING: mesh=domestic_objects_DomesticObject11__Body_ON_linen valid_basis=true max_uv_excess=0.00000004237518 widest=1.00003026903182 vertices=24 derivatives=true bad_derivatives=0 min_determinant=0.00010359708261 worst_dot=1.0
CAP MAPPING: mesh=domestic_objects_DomesticObject11__Body_ON_metal valid_basis=true max_uv_excess=0.0000014025718 widest=1.00072993426142 vertices=3348 derivatives=true bad_derivatives=0 min_determinant=0.0000001089123 worst_dot=0.99999976158142
CAP MAPPING: mesh=domestic_objects_DomesticObject11__Body_ON_rubber_aged valid_basis=true max_uv_excess=0.00000139139593 widest=1.00071129982958 vertices=2032 derivatives=true bad_derivatives=0 min_determinant=0.00000612991823 worst_dot=0.99999988079071
CAP MAPPING: mesh=domestic_objects_DomesticObject11__Body_ON_soot valid_basis=true max_uv_excess=0.00000160373747 widest=1.00072757898142 vertices=2151 derivatives=true bad_derivatives=0 min_determinant=0.00000005524898 worst_dot=0.99999898672104
CAP MAPPING: mesh=domestic_objects_DomesticObject12__Body_ON_metal valid_basis=true max_uv_excess=0.00000007522613 widest=1.00075753646235 vertices=1481 derivatives=true bad_derivatives=0 min_determinant=0.00000000462568 worst_dot=0.99999958276749
CAP MAPPING: mesh=domestic_objects_DomesticObject12__Body_ON_soot valid_basis=true max_uv_excess=0.00000005960464 widest=1.00006577841387 vertices=1481 derivatives=true bad_derivatives=0 min_determinant=0.00000046266191 worst_dot=0.99999988079071
CAP MAPPING: mesh=domestic_objects_DomesticObject12__Body_ON_timber valid_basis=true max_uv_excess=0.0000000888831 widest=1.00014955322765 vertices=3547 derivatives=true bad_derivatives=0 min_determinant=0.00000011566076 worst_dot=0.99999982118607
CAP MAPPING: mesh=domestic_objects_DomesticObject13__Body_ON_rubber_aged valid_basis=true max_uv_excess=0.00000007916242 widest=1.00004254947378 vertices=17556 derivatives=true bad_derivatives=0 min_determinant=0.00000143322106 worst_dot=0.99999976158142
CAP MAPPING: mesh=domestic_objects_DomesticObject14__Body_ON_rubber_aged valid_basis=true max_uv_excess=0.00000008288771 widest=1.0001588438935 vertices=17556 derivatives=true bad_derivatives=0 min_determinant=0.00000074475025 worst_dot=0.99999982118607
CAP MAPPING: mesh=domestic_objects_DomesticObject15__Body_ON_brass valid_basis=true max_uv_excess=0.00000049686059 widest=1.00081544590526 vertices=4381 derivatives=true bad_derivatives=0 min_determinant=0.0000008146988 worst_dot=0.99999988079071
CAP MAPPING: mesh=domestic_objects_DomesticObject15__Body_ON_metal valid_basis=true max_uv_excess=0.00000097311568 widest=1.00080879726905 vertices=11191 derivatives=true bad_derivatives=0 min_determinant=0.00000001850589 worst_dot=0.99999988079071
CAP MAPPING: mesh=domestic_objects_DomesticObject15__Body_ON_plywood valid_basis=true max_uv_excess=0.00000011920929 widest=1.0002118172876 vertices=506 derivatives=true bad_derivatives=0 min_determinant=0.00000011563898 worst_dot=0.99999982118607
CAP MAPPING: mesh=domestic_objects_DomesticObject15__Body_ON_rubber_aged valid_basis=true max_uv_excess=0.00000007078052 widest=1.00001359357296 vertices=4606 derivatives=true bad_derivatives=0 min_determinant=0.00002102858646 worst_dot=0.99999982118607
CAP MAPPING: mesh=domestic_objects_DomesticObject15__Body_ON_timber valid_basis=true max_uv_excess=0.00000005355105 widest=1.00002477360305 vertices=534 derivatives=true bad_derivatives=0 min_determinant=0.00000185072309 worst_dot=0.99999988079071
CAP MAPPING: mesh=task_lamps_TaskLamp_emeralite__bakelite valid_basis=true max_uv_excess=0.00000073609408 widest=1.00041671463971 vertices=1206 derivatives=true bad_derivatives=0 min_determinant=0.00000235826312 worst_dot=0.99999988079071
CAP MAPPING: mesh=task_lamps_TaskLamp_emeralite__brass valid_basis=true max_uv_excess=0.00000376161188 widest=1.00042371496762 vertices=8539 derivatives=true bad_derivatives=0 min_determinant=0.00000001393423 worst_dot=0.9999977350235
CAP MAPPING: mesh=task_lamps_TaskLamp_emeralite__bulb_opal valid_basis=true max_uv_excess=0.00000073225237 widest=1.00041623312139 vertices=1028 derivatives=true bad_derivatives=0 min_determinant=0.00001411364945 worst_dot=0.99999988079071
CAP MAPPING: mesh=task_lamps_TaskLamp_emeralite__green_glass valid_basis=true max_uv_excess=0.00000006891787 widest=1.00002337626028 vertices=1644 derivatives=true bad_derivatives=0 min_determinant=0.00000076801271 worst_dot=1.0
CAP MAPPING: mesh=task_lamps_TaskLamp_emeralite__nickel_plated valid_basis=true max_uv_excess=0.00000052736141 widest=1.00041337133065 vertices=1175 derivatives=true bad_derivatives=0 min_determinant=0.00000166465887 worst_dot=0.99999982118607
CAP MAPPING: mesh=task_lamps_TaskLamp_emeralite__rubber_aged valid_basis=true max_uv_excess=0.00000007450581 widest=1.00001774550732 vertices=178 derivatives=true bad_derivatives=0 min_determinant=0.00000372772282 worst_dot=0.99999988079071
CAP MAPPING: mesh=task_lamps_TaskLamp_emeralite__switch_bakelite valid_basis=true max_uv_excess=0.00000005273614 widest=1.00007214946311 vertices=796 derivatives=true bad_derivatives=0 min_determinant=0.00000022327247 worst_dot=0.99999988079071
CAP MAPPING: mesh=task_lamps_TaskLamp_office_green__bakelite valid_basis=true max_uv_excess=0.00000073609408 widest=1.00041671463971 vertices=1206 derivatives=true bad_derivatives=0 min_determinant=0.00000235828397 worst_dot=0.99999988079071
CAP MAPPING: mesh=task_lamps_TaskLamp_office_green__brass valid_basis=true max_uv_excess=0.00000309152529 widest=1.00042371496762 vertices=8512 derivatives=true bad_derivatives=0 min_determinant=0.00000001393072 worst_dot=0.99999797344208
CAP MAPPING: mesh=task_lamps_TaskLamp_office_green__bulb_opal valid_basis=true max_uv_excess=0.00000074319541 widest=1.00042073151925 vertices=1028 derivatives=true bad_derivatives=0 min_determinant=0.00001411364945 worst_dot=0.99999982118607
CAP MAPPING: mesh=task_lamps_TaskLamp_office_green__green_glass valid_basis=true max_uv_excess=0.00000005820766 widest=1.00001850824118 vertices=1606 derivatives=true bad_derivatives=0 min_determinant=0.00000062032072 worst_dot=1.0
CAP MAPPING: mesh=task_lamps_TaskLamp_office_green__nickel_plated valid_basis=true max_uv_excess=0.00000052736141 widest=1.00041337133065 vertices=1175 derivatives=true bad_derivatives=0 min_determinant=0.00000166465887 worst_dot=0.99999982118607
CAP MAPPING: mesh=task_lamps_TaskLamp_office_green__rubber_aged valid_basis=true max_uv_excess=0.00000005960464 widest=1.00001176270169 vertices=180 derivatives=true bad_derivatives=0 min_determinant=0.0000037278732 worst_dot=0.99999988079071
CAP MAPPING: mesh=task_lamps_TaskLamp_office_green__switch_bakelite valid_basis=true max_uv_excess=0.00000005273614 widest=1.00007214946311 vertices=796 derivatives=true bad_derivatives=0 min_determinant=0.00000022327247 worst_dot=0.99999988079071
CAP MAPPING: mesh=task_lamps_TaskLamp_bench_friction__bakelite valid_basis=true max_uv_excess=0.00000007427298 widest=1.00003340052178 vertices=538 derivatives=true bad_derivatives=0 min_determinant=0.00000064524359 worst_dot=0.99999988079071
CAP MAPPING: mesh=task_lamps_TaskLamp_bench_friction__bulb_opal valid_basis=true max_uv_excess=0.00000081304461 widest=1.00039614553258 vertices=1152 derivatives=true bad_derivatives=0 min_determinant=0.00002242403381 worst_dot=0.99999982118607
CAP MAPPING: mesh=task_lamps_TaskLamp_bench_friction__iron_blackened valid_basis=true max_uv_excess=0.00000434555113 widest=1.00041243081503 vertices=9035 derivatives=true bad_derivatives=0 min_determinant=0.00000003568986 worst_dot=0.99999892711639
CAP MAPPING: mesh=task_lamps_TaskLamp_bench_friction__nickel_plated valid_basis=true max_uv_excess=0.00000447686762 widest=1.0005627987783 vertices=35962 derivatives=true bad_derivatives=0 min_determinant=0.00000000141895 worst_dot=0.99998337030411
CAP MAPPING: mesh=task_lamps_TaskLamp_bench_friction__rubber_aged valid_basis=true max_uv_excess=0.00000005960464 widest=1.00002251142987 vertices=226 derivatives=true bad_derivatives=0 min_determinant=0.00000372772282 worst_dot=0.99999988079071
CAP MAPPING: mesh=task_lamps_TaskLamp_bench_friction__switch_bakelite valid_basis=true max_uv_excess=0.00000005273614 widest=1.00007214946311 vertices=796 derivatives=true bad_derivatives=0 min_determinant=0.00000022327247 worst_dot=0.99999988079071
CAP MAPPING: mesh=task_lamps_TaskLamp_landlord_enamel__bakelite valid_basis=true max_uv_excess=0.00000007473864 widest=1.00003360993648 vertices=491 derivatives=true bad_derivatives=0 min_determinant=0.00000064522599 worst_dot=0.99999988079071
CAP MAPPING: mesh=task_lamps_TaskLamp_landlord_enamel__bulb_opal valid_basis=true max_uv_excess=0.00000080442987 widest=1.00039335457555 vertices=1152 derivatives=true bad_derivatives=0 min_determinant=0.00002242400607 worst_dot=0.99999982118607
CAP MAPPING: mesh=task_lamps_TaskLamp_landlord_enamel__enamel valid_basis=true max_uv_excess=0.00000328477472 widest=1.00042693731258 vertices=5920 derivatives=true bad_derivatives=0 min_determinant=0.00000014285308 worst_dot=0.99999976158142
CAP MAPPING: mesh=task_lamps_TaskLamp_landlord_enamel__iron_blackened valid_basis=true max_uv_excess=0.00000005960464 widest=1.00009467026436 vertices=620 derivatives=true bad_derivatives=0 min_determinant=0.00000003568946 worst_dot=0.99999892711639
CAP MAPPING: mesh=task_lamps_TaskLamp_landlord_enamel__nickel_plated valid_basis=true max_uv_excess=0.00000349059701 widest=1.00042138330287 vertices=13385 derivatives=true bad_derivatives=0 min_determinant=0.00000000142239 worst_dot=0.99999189376831
CAP MAPPING: mesh=task_lamps_TaskLamp_landlord_enamel__rubber_aged valid_basis=true max_uv_excess=0.00000005075708 widest=1.00002210582973 vertices=180 derivatives=true bad_derivatives=0 min_determinant=0.00000372781501 worst_dot=0.99999988079071
CAP MAPPING: mesh=task_lamps_TaskLamp_landlord_enamel__switch_bakelite valid_basis=true max_uv_excess=0.00000005273614 widest=1.00007214946311 vertices=796 derivatives=true bad_derivatives=0 min_determinant=0.00000022327247 worst_dot=0.99999988079071
CAP MAPPING: mesh=task_lamps_TaskLamp_architect_counterweight__bakelite valid_basis=true max_uv_excess=0.00000006984919 widest=1.00002209249195 vertices=531 derivatives=true bad_derivatives=0 min_determinant=0.00000064522599 worst_dot=0.99999988079071
CAP MAPPING: mesh=task_lamps_TaskLamp_architect_counterweight__bulb_opal valid_basis=true max_uv_excess=0.00000079395249 widest=1.00039656438334 vertices=1152 derivatives=true bad_derivatives=0 min_determinant=0.00002242406075 worst_dot=0.99999982118607
CAP MAPPING: mesh=task_lamps_TaskLamp_architect_counterweight__iron_blackened valid_basis=true max_uv_excess=0.00000005913898 widest=1.00009467026436 vertices=627 derivatives=true bad_derivatives=0 min_determinant=0.00000003568502 worst_dot=0.99999892711639
CAP MAPPING: mesh=task_lamps_TaskLamp_architect_counterweight__nickel_plated valid_basis=true max_uv_excess=0.00000302167609 widest=1.00042571414675 vertices=36305 derivatives=true bad_derivatives=0 min_determinant=0.00000008032416 worst_dot=0.99999928474426
CAP MAPPING: mesh=task_lamps_TaskLamp_architect_counterweight__rubber_aged valid_basis=true max_uv_excess=0.00000005960464 widest=1.00001997631438 vertices=228 derivatives=true bad_derivatives=0 min_determinant=0.00000372786321 worst_dot=0.99999988079071
CAP MAPPING: mesh=task_lamps_TaskLamp_architect_counterweight__switch_bakelite valid_basis=true max_uv_excess=0.00000005273614 widest=1.00007214946311 vertices=796 derivatives=true bad_derivatives=0 min_determinant=0.00000022327247 worst_dot=0.99999988079071
CAP MAPPING: mesh=task_lamps_TaskLamp_architect_counterweight__wood_dark valid_basis=true max_uv_excess=0.00000447127968 widest=1.00040680707456 vertices=2102 derivatives=true bad_derivatives=0 min_determinant=0.00000032146907 worst_dot=0.99999982118607
TASK LAMPS: { "checks": 416, "parts": 34, "triangles": 61596, "production_actors": 1, "library_variants": 5, "failures": [] }
FABRICATION BATCH: worlds=1 modules=6 module_checks=10291 failures=75 elapsed_ms=66716
