Godot Engine v4.7.1.stable.official.a13da4feb - https://godotengine.org

[   0% ] [90m[1mfirst_scan_filesystem[22m | Started Project initialization (5 steps)[39m[0m
[   0% ] [90m[1mfirst_scan_filesystem[22m | Scanning file structure...[39m[0m
[  16% ] [90m[1mfirst_scan_filesystem[22m | Loading global class names...[39m[0m
[  33% ] [90m[1mfirst_scan_filesystem[22m | Verifying GDExtensions...[39m[0m
[  50% ] [90m[1mfirst_scan_filesystem[22m | Creating autoload scripts...[39m[0m
[  66% ] [90m[1mfirst_scan_filesystem[22m | Initializing plugins...[39m[0m
[  83% ] [90m[1mfirst_scan_filesystem[22m | Starting file scan...[39m[0m
[92m[ DONE ][39m [1mfirst_scan_filesystem[22m
[0m
[   0% ] [90m[1m_update_scan_actions[22m | Started Scanning actions... (801 steps)[39m[0m
[   0% ] [90m[1m_update_scan_actions[22m | T_ai_materials_appliance_b_albedo.png[39m[0m
[   0% ] [90m[1m_update_scan_actions[22m | T_ai_materials_appliance_b_normal.png[39m[0m
[   0% ] [90m[1m_update_scan_actions[22m | T_ai_materials_appliance_b_rough.png[39m[0m
[   0% ] [90m[1m_update_scan_actions[22m | T_ai_materials_art_albedo.png[39m[0m
[   0% ] [90m[1m_update_scan_actions[22m | T_ai_materials_art_normal.png[39m[0m
[   0% ] [90m[1m_update_scan_actions[22m | T_ai_materials_art_rough.png[39m[0m
[   0% ] [90m[1m_update_scan_actions[22m | T_ai_materials_asphalt_b_albedo.png[39m[0m
[   0% ] [90m[1m_update_scan_actions[22m | T_ai_materials_asphalt_b_normal.png[39m[0m
[   0% ] [90m[1m_update_scan_actions[22m | T_ai_materials_asphalt_b_rough.png[39m[0m
[   1% ] [90m[1m_update_scan_actions[22m | T_ai_materials_awning_vinyl_albedo.png[39m[0m
[   1% ] [90m[1m_update_scan_actions[22m | T_ai_materials_awning_vinyl_normal.png[39m[0m
[   1% ] [90m[1m_update_scan_actions[22m | T_ai_materials_awning_vinyl_rough.png[39m[0m
[   1% ] [90m[1m_update_scan_actions[22m | T_ai_materials_bakelite_albedo.png[39m[0m
[   1% ] [90m[1m_update_scan_actions[22m | T_ai_materials_bakelite_black_albedo.png[39m[0m
[   1% ] [90m[1m_update_scan_actions[22m | T_ai_materials_bakelite_black_normal.png[39m[0m
[   1% ] [90m[1m_update_scan_actions[22m | T_ai_materials_bakelite_black_rough.png[39m[0m
[   1% ] [90m[1m_update_scan_actions[22m | T_ai_materials_bakelite_b_albedo.png[39m[0m
[   2% ] [90m[1m_update_scan_actions[22m | T_ai_materials_bakelite_b_normal.png[39m[0m
[   2% ] [90m[1m_update_scan_actions[22m | T_ai_materials_bakelite_b_rough.png[39m[0m
[   2% ] [90m[1m_update_scan_actions[22m | T_ai_materials_bakelite_c_albedo.png[39m[0m
[   2% ] [90m[1m_update_scan_actions[22m | T_ai_materials_bakelite_c_normal.png[39m[0m
[   2% ] [90m[1m_update_scan_actions[22m | T_ai_materials_bakelite_c_rough.png[39m[0m
[   2% ] [90m[1m_update_scan_actions[22m | T_ai_materials_bakelite_d_albedo.png[39m[0m
[   2% ] [90m[1m_update_scan_actions[22m | T_ai_materials_bakelite_d_normal.png[39m[0m
[   2% ] [90m[1m_update_scan_actions[22m | T_ai_materials_bakelite_d_rough.png[39m[0m
[   3% ] [90m[1m_update_scan_actions[22m | T_ai_materials_bakelite_normal.png[39m[0m
[   3% ] [90m[1m_update_scan_actions[22m | T_ai_materials_bakelite_rough.png[39m[0m
[   3% ] [90m[1m_update_scan_actions[22m | T_ai_materials_baluster_albedo.png[39m[0m
[   3% ] [90m[1m_update_scan_actions[22m | T_ai_materials_baluster_b_albedo.png[39m[0m
[   3% ] [90m[1m_update_scan_actions[22m | T_ai_materials_baluster_b_normal.png[39m[0m
[   3% ] [90m[1m_update_scan_actions[22m | T_ai_materials_baluster_b_rough.png[39m[0m
[   3% ] [90m[1m_update_scan_actions[22m | T_ai_materials_baluster_c_albedo.png[39m[0m
[   3% ] [90m[1m_update_scan_actions[22m | T_ai_materials_baluster_c_normal.png[39m[0m
[   4% ] [90m[1m_update_scan_actions[22m | T_ai_materials_baluster_c_rough.png[39m[0m
[   4% ] [90m[1m_update_scan_actions[22m | T_ai_materials_baluster_normal.png[39m[0m
[   4% ] [90m[1m_update_scan_actions[22m | T_ai_materials_baluster_rough.png[39m[0m
[   4% ] [90m[1m_update_scan_actions[22m | T_ai_materials_bar_wall_b_albedo.png[39m[0m
[   4% ] [90m[1m_update_scan_actions[22m | T_ai_materials_bar_wall_b_normal.png[39m[0m
[   4% ] [90m[1m_update_scan_actions[22m | T_ai_materials_bar_wall_b_rough.png[39m[0m
[   4% ] [90m[1m_update_scan_actions[22m | T_ai_materials_bar_wall_red_b_albedo.png[39m[0m
[   4% ] [90m[1m_update_scan_actions[22m | T_ai_materials_bar_wall_red_b_normal.png[39m[0m
[   5% ] [90m[1m_update_scan_actions[22m | T_ai_materials_bar_wall_red_b_rough.png[39m[0m
[   5% ] [90m[1m_update_scan_actions[22m | T_ai_materials_brass_albedo.png[39m[0m
[   5% ] [90m[1m_update_scan_actions[22m | T_ai_materials_brass_bright_albedo.png[39m[0m
[   5% ] [90m[1m_update_scan_actions[22m | T_ai_materials_brass_bright_normal.png[39m[0m
[   5% ] [90m[1m_update_scan_actions[22m | T_ai_materials_brass_bright_rough.png[39m[0m
[   5% ] [90m[1m_update_scan_actions[22m | T_ai_materials_brass_b_albedo.png[39m[0m
[   5% ] [90m[1m_update_scan_actions[22m | T_ai_materials_brass_b_normal.png[39m[0m
[   5% ] [90m[1m_update_scan_actions[22m | T_ai_materials_brass_b_rough.png[39m[0m
[   6% ] [90m[1m_update_scan_actions[22m | T_ai_materials_brass_c_albedo.png[39m[0m
[   6% ] [90m[1m_update_scan_actions[22m | T_ai_materials_brass_c_normal.png[39m[0m
[   6% ] [90m[1m_update_scan_actions[22m | T_ai_materials_brass_c_rough.png[39m[0m
[   6% ] [90m[1m_update_scan_actions[22m | T_ai_materials_brass_mesh_albedo.png[39m[0m
[   6% ] [90m[1m_update_scan_actions[22m | T_ai_materials_brass_mesh_normal.png[39m[0m
[   6% ] [90m[1m_update_scan_actions[22m | T_ai_materials_brass_mesh_rough.png[39m[0m
[   6% ] [90m[1m_update_scan_actions[22m | T_ai_materials_brass_normal.png[39m[0m
[   6% ] [90m[1m_update_scan_actions[22m | T_ai_materials_brass_rough.png[39m[0m
[   7% ] [90m[1m_update_scan_actions[22m | T_ai_materials_brick_b_albedo.png[39m[0m
[   7% ] [90m[1m_update_scan_actions[22m | T_ai_materials_brick_b_normal.png[39m[0m
[   7% ] [90m[1m_update_scan_actions[22m | T_ai_materials_brick_b_rough.png[39m[0m
[   7% ] [90m[1m_update_scan_actions[22m | T_ai_materials_brick_patched_b_albedo.png[39m[0m
[   7% ] [90m[1m_update_scan_actions[22m | T_ai_materials_brick_patched_b_normal.png[39m[0m
[   7% ] [90m[1m_update_scan_actions[22m | T_ai_materials_brick_patched_b_rough.png[39m[0m
[   7% ] [90m[1m_update_scan_actions[22m | T_ai_materials_bronze_albedo.png[39m[0m
[   7% ] [90m[1m_update_scan_actions[22m | T_ai_materials_bronze_normal.png[39m[0m
[   8% ] [90m[1m_update_scan_actions[22m | T_ai_materials_bronze_rough.png[39m[0m
[   8% ] [90m[1m_update_scan_actions[22m | T_ai_materials_cast_iron_albedo.png[39m[0m
[   8% ] [90m[1m_update_scan_actions[22m | T_ai_materials_cast_iron_b_albedo.png[39m[0m
[   8% ] [90m[1m_update_scan_actions[22m | T_ai_materials_cast_iron_b_normal.png[39m[0m
[   8% ] [90m[1m_update_scan_actions[22m | T_ai_materials_cast_iron_b_rough.png[39m[0m
[   8% ] [90m[1m_update_scan_actions[22m | T_ai_materials_cast_iron_c_albedo.png[39m[0m
[   8% ] [90m[1m_update_scan_actions[22m | T_ai_materials_cast_iron_c_normal.png[39m[0m
[   8% ] [90m[1m_update_scan_actions[22m | T_ai_materials_cast_iron_c_rough.png[39m[0m
[   9% ] [90m[1m_update_scan_actions[22m | T_ai_materials_cast_iron_d_albedo.png[39m[0m
[   9% ] [90m[1m_update_scan_actions[22m | T_ai_materials_cast_iron_d_normal.png[39m[0m
[   9% ] [90m[1m_update_scan_actions[22m | T_ai_materials_cast_iron_d_rough.png[39m[0m
[   9% ] [90m[1m_update_scan_actions[22m | T_ai_materials_cast_iron_normal.png[39m[0m
[   9% ] [90m[1m_update_scan_actions[22m | T_ai_materials_cast_iron_rough.png[39m[0m
[   9% ] [90m[1m_update_scan_actions[22m | T_ai_materials_ceramic_albedo.png[39m[0m
[   9% ] [90m[1m_update_scan_actions[22m | T_ai_materials_ceramic_b_albedo.png[39m[0m
[   9% ] [90m[1m_update_scan_actions[22m | T_ai_materials_ceramic_b_normal.png[39m[0m
[  10% ] [90m[1m_update_scan_actions[22m | T_ai_materials_ceramic_b_rough.png[39m[0m
[  10% ] [90m[1m_update_scan_actions[22m | T_ai_materials_ceramic_c_albedo.png[39m[0m
[  10% ] [90m[1m_update_scan_actions[22m | T_ai_materials_ceramic_c_normal.png[39m[0m
[  10% ] [90m[1m_update_scan_actions[22m | T_ai_materials_ceramic_c_rough.png[39m[0m
[  10% ] [90m[1m_update_scan_actions[22m | T_ai_materials_ceramic_normal.png[39m[0m
[  10% ] [90m[1m_update_scan_actions[22m | T_ai_materials_ceramic_rough.png[39m[0m
[  10% ] [90m[1m_update_scan_actions[22m | T_ai_materials_char_b_albedo.png[39m[0m
[  10% ] [90m[1m_update_scan_actions[22m | T_ai_materials_char_b_normal.png[39m[0m
[  11% ] [90m[1m_update_scan_actions[22m | T_ai_materials_char_b_rough.png[39m[0m
[  11% ] [90m[1m_update_scan_actions[22m | T_ai_materials_char_d_albedo.png[39m[0m
[  11% ] [90m[1m_update_scan_actions[22m | T_ai_materials_char_d_normal.png[39m[0m
[  11% ] [90m[1m_update_scan_actions[22m | T_ai_materials_char_d_rough.png[39m[0m
[  11% ] [90m[1m_update_scan_actions[22m | T_ai_materials_chrome_albedo.png[39m[0m
[  11% ] [90m[1m_update_scan_actions[22m | T_ai_materials_chrome_b_albedo.png[39m[0m
[  11% ] [90m[1m_update_scan_actions[22m | T_ai_materials_chrome_b_normal.png[39m[0m
[  11% ] [90m[1m_update_scan_actions[22m | T_ai_materials_chrome_b_rough.png[39m[0m
[  12% ] [90m[1m_update_scan_actions[22m | T_ai_materials_chrome_c_albedo.png[39m[0m
[  12% ] [90m[1m_update_scan_actions[22m | T_ai_materials_chrome_c_normal.png[39m[0m
[  12% ] [90m[1m_update_scan_actions[22m | T_ai_materials_chrome_c_rough.png[39m[0m
[  12% ] [90m[1m_update_scan_actions[22m | T_ai_materials_chrome_d_albedo.png[39m[0m
[  12% ] [90m[1m_update_scan_actions[22m | T_ai_materials_chrome_d_normal.png[39m[0m
[  12% ] [90m[1m_update_scan_actions[22m | T_ai_materials_chrome_d_rough.png[39m[0m
[  12% ] [90m[1m_update_scan_actions[22m | T_ai_materials_chrome_normal.png[39m[0m
[  12% ] [90m[1m_update_scan_actions[22m | T_ai_materials_chrome_rough.png[39m[0m
[  13% ] [90m[1m_update_scan_actions[22m | T_ai_materials_common_brick_albedo.png[39m[0m
[  13% ] [90m[1m_update_scan_actions[22m | T_ai_materials_common_brick_b_albedo.png[39m[0m
[  13% ] [90m[1m_update_scan_actions[22m | T_ai_materials_common_brick_b_normal.png[39m[0m
[  13% ] [90m[1m_update_scan_actions[22m | T_ai_materials_common_brick_b_rough.png[39m[0m
[  13% ] [90m[1m_update_scan_actions[22m | T_ai_materials_common_brick_c_albedo.png[39m[0m
[  13% ] [90m[1m_update_scan_actions[22m | T_ai_materials_common_brick_c_normal.png[39m[0m
[  13% ] [90m[1m_update_scan_actions[22m | T_ai_materials_common_brick_c_rough.png[39m[0m
[  13% ] [90m[1m_update_scan_actions[22m | T_ai_materials_common_brick_normal.png[39m[0m
[  14% ] [90m[1m_update_scan_actions[22m | T_ai_materials_common_brick_rough.png[39m[0m
[  14% ] [90m[1m_update_scan_actions[22m | T_ai_materials_concrete_albedo.png[39m[0m
[  14% ] [90m[1m_update_scan_actions[22m | T_ai_materials_concrete_b_albedo.png[39m[0m
[  14% ] [90m[1m_update_scan_actions[22m | T_ai_materials_concrete_b_normal.png[39m[0m
[  14% ] [90m[1m_update_scan_actions[22m | T_ai_materials_concrete_b_rough.png[39m[0m
[  14% ] [90m[1m_update_scan_actions[22m | T_ai_materials_concrete_c_albedo.png[39m[0m
[  14% ] [90m[1m_update_scan_actions[22m | T_ai_materials_concrete_c_normal.png[39m[0m
[  14% ] [90m[1m_update_scan_actions[22m | T_ai_materials_concrete_c_rough.png[39m[0m
[  15% ] [90m[1m_update_scan_actions[22m | T_ai_materials_concrete_d_albedo.png[39m[0m
[  15% ] [90m[1m_update_scan_actions[22m | T_ai_materials_concrete_d_normal.png[39m[0m
[  15% ] [90m[1m_update_scan_actions[22m | T_ai_materials_concrete_d_rough.png[39m[0m
[  15% ] [90m[1m_update_scan_actions[22m | T_ai_materials_concrete_normal.png[39m[0m
[  15% ] [90m[1m_update_scan_actions[22m | T_ai_materials_concrete_rough.png[39m[0m
[  15% ] [90m[1m_update_scan_actions[22m | T_ai_materials_copper_aged_albedo.png[39m[0m
[  15% ] [90m[1m_update_scan_actions[22m | T_ai_materials_copper_aged_normal.png[39m[0m
[  15% ] [90m[1m_update_scan_actions[22m | T_ai_materials_copper_aged_rough.png[39m[0m
[  16% ] [90m[1m_update_scan_actions[22m | T_ai_materials_countertop_albedo.png[39m[0m
[  16% ] [90m[1m_update_scan_actions[22m | T_ai_materials_countertop_b_albedo.png[39m[0m
[  16% ] [90m[1m_update_scan_actions[22m | T_ai_materials_countertop_b_normal.png[39m[0m
[  16% ] [90m[1m_update_scan_actions[22m | T_ai_materials_countertop_b_rough.png[39m[0m
[  16% ] [90m[1m_update_scan_actions[22m | T_ai_materials_countertop_c_albedo.png[39m[0m
[  16% ] [90m[1m_update_scan_actions[22m | T_ai_materials_countertop_c_normal.png[39m[0m
[  16% ] [90m[1m_update_scan_actions[22m | T_ai_materials_countertop_c_rough.png[39m[0m
[  16% ] [90m[1m_update_scan_actions[22m | T_ai_materials_countertop_normal.png[39m[0m
[  17% ] [90m[1m_update_scan_actions[22m | T_ai_materials_countertop_rough.png[39m[0m
[  17% ] [90m[1m_update_scan_actions[22m | T_ai_materials_enamel_b_albedo.png[39m[0m
[  17% ] [90m[1m_update_scan_actions[22m | T_ai_materials_enamel_b_normal.png[39m[0m
[  17% ] [90m[1m_update_scan_actions[22m | T_ai_materials_enamel_b_rough.png[39m[0m
[  17% ] [90m[1m_update_scan_actions[22m | T_ai_materials_enamel_c_albedo.png[39m[0m
[  17% ] [90m[1m_update_scan_actions[22m | T_ai_materials_enamel_c_normal.png[39m[0m
[  17% ] [90m[1m_update_scan_actions[22m | T_ai_materials_enamel_c_rough.png[39m[0m
[  17% ] [90m[1m_update_scan_actions[22m | T_ai_materials_enamel_d_albedo.png[39m[0m
[  18% ] [90m[1m_update_scan_actions[22m | T_ai_materials_enamel_d_normal.png[39m[0m
[  18% ] [90m[1m_update_scan_actions[22m | T_ai_materials_enamel_d_rough.png[39m[0m
[  18% ] [90m[1m_update_scan_actions[22m | T_ai_materials_enamel_normal.png[39m[0m
[  18% ] [90m[1m_update_scan_actions[22m | T_ai_materials_enamel_worn_enamel_albedo.png[39m[0m
[  18% ] [90m[1m_update_scan_actions[22m | T_ai_materials_enamel_worn_enamel_rough.png[39m[0m
[  18% ] [90m[1m_update_scan_actions[22m | T_ai_materials_fabric_cool_albedo.png[39m[0m
[  18% ] [90m[1m_update_scan_actions[22m | T_ai_materials_fabric_cool_b_albedo.png[39m[0m
[  18% ] [90m[1m_update_scan_actions[22m | T_ai_materials_fabric_cool_b_normal.png[39m[0m
[  19% ] [90m[1m_update_scan_actions[22m | T_ai_materials_fabric_cool_b_rough.png[39m[0m
[  19% ] [90m[1m_update_scan_actions[22m | T_ai_materials_fabric_cool_c_albedo.png[39m[0m
[  19% ] [90m[1m_update_scan_actions[22m | T_ai_materials_fabric_cool_c_normal.png[39m[0m
[  19% ] [90m[1m_update_scan_actions[22m | T_ai_materials_fabric_cool_c_rough.png[39m[0m
[  19% ] [90m[1m_update_scan_actions[22m | T_ai_materials_fabric_cool_normal.png[39m[0m
[  19% ] [90m[1m_update_scan_actions[22m | T_ai_materials_fabric_cool_rough.png[39m[0m
[  19% ] [90m[1m_update_scan_actions[22m | T_ai_materials_fabric_green_albedo.png[39m[0m
[  19% ] [90m[1m_update_scan_actions[22m | T_ai_materials_fabric_green_b_albedo.png[39m[0m
[  20% ] [90m[1m_update_scan_actions[22m | T_ai_materials_fabric_green_b_normal.png[39m[0m
[  20% ] [90m[1m_update_scan_actions[22m | T_ai_materials_fabric_green_b_rough.png[39m[0m
[  20% ] [90m[1m_update_scan_actions[22m | T_ai_materials_fabric_green_c_albedo.png[39m[0m
[  20% ] [90m[1m_update_scan_actions[22m | T_ai_materials_fabric_green_c_normal.png[39m[0m
[  20% ] [90m[1m_update_scan_actions[22m | T_ai_materials_fabric_green_c_rough.png[39m[0m
[  20% ] [90m[1m_update_scan_actions[22m | T_ai_materials_fabric_green_normal.png[39m[0m
[  20% ] [90m[1m_update_scan_actions[22m | T_ai_materials_fabric_green_rough.png[39m[0m
[  20% ] [90m[1m_update_scan_actions[22m | T_ai_materials_fabric_warm_albedo.png[39m[0m
[  21% ] [90m[1m_update_scan_actions[22m | T_ai_materials_fabric_warm_b_albedo.png[39m[0m
[  21% ] [90m[1m_update_scan_actions[22m | T_ai_materials_fabric_warm_b_normal.png[39m[0m
[  21% ] [90m[1m_update_scan_actions[22m | T_ai_materials_fabric_warm_b_rough.png[39m[0m
[  21% ] [90m[1m_update_scan_actions[22m | T_ai_materials_fabric_warm_c_albedo.png[39m[0m
[  21% ] [90m[1m_update_scan_actions[22m | T_ai_materials_fabric_warm_c_normal.png[39m[0m
[  21% ] [90m[1m_update_scan_actions[22m | T_ai_materials_fabric_warm_c_rough.png[39m[0m
[  21% ] [90m[1m_update_scan_actions[22m | T_ai_materials_fabric_warm_normal.png[39m[0m
[  21% ] [90m[1m_update_scan_actions[22m | T_ai_materials_fabric_warm_rough.png[39m[0m
[  22% ] [90m[1m_update_scan_actions[22m | T_ai_materials_face_brick_albedo.png[39m[0m
[  22% ] [90m[1m_update_scan_actions[22m | T_ai_materials_face_brick_b_albedo.png[39m[0m
[  22% ] [90m[1m_update_scan_actions[22m | T_ai_materials_face_brick_b_normal.png[39m[0m
[  22% ] [90m[1m_update_scan_actions[22m | T_ai_materials_face_brick_b_rough.png[39m[0m
[  22% ] [90m[1m_update_scan_actions[22m | T_ai_materials_face_brick_c_albedo.png[39m[0m
[  22% ] [90m[1m_update_scan_actions[22m | T_ai_materials_face_brick_c_normal.png[39m[0m
[  22% ] [90m[1m_update_scan_actions[22m | T_ai_materials_face_brick_c_rough.png[39m[0m
[  22% ] [90m[1m_update_scan_actions[22m | T_ai_materials_face_brick_normal.png[39m[0m
[  23% ] [90m[1m_update_scan_actions[22m | T_ai_materials_face_brick_rough.png[39m[0m
[  23% ] [90m[1m_update_scan_actions[22m | T_ai_materials_felt_violet_b_albedo.png[39m[0m
[  23% ] [90m[1m_update_scan_actions[22m | T_ai_materials_felt_violet_b_normal.png[39m[0m
[  23% ] [90m[1m_update_scan_actions[22m | T_ai_materials_felt_violet_b_rough.png[39m[0m
[  23% ] [90m[1m_update_scan_actions[22m | T_ai_materials_floor_oak_albedo.png[39m[0m
[  23% ] [90m[1m_update_scan_actions[22m | T_ai_materials_floor_oak_b_albedo.png[39m[0m
[  23% ] [90m[1m_update_scan_actions[22m | T_ai_materials_floor_oak_b_normal.png[39m[0m
[  23% ] [90m[1m_update_scan_actions[22m | T_ai_materials_floor_oak_b_rough.png[39m[0m
[  24% ] [90m[1m_update_scan_actions[22m | T_ai_materials_floor_oak_c_albedo.png[39m[0m
[  24% ] [90m[1m_update_scan_actions[22m | T_ai_materials_floor_oak_c_normal.png[39m[0m
[  24% ] [90m[1m_update_scan_actions[22m | T_ai_materials_floor_oak_c_rough.png[39m[0m
[  24% ] [90m[1m_update_scan_actions[22m | T_ai_materials_floor_oak_normal.png[39m[0m
[  24% ] [90m[1m_update_scan_actions[22m | T_ai_materials_floor_oak_rough.png[39m[0m
[  24% ] [90m[1m_update_scan_actions[22m | T_ai_materials_handrail_wood_albedo.png[39m[0m
[  24% ] [90m[1m_update_scan_actions[22m | T_ai_materials_handrail_wood_b_albedo.png[39m[0m
[  24% ] [90m[1m_update_scan_actions[22m | T_ai_materials_handrail_wood_b_normal.png[39m[0m
[  25% ] [90m[1m_update_scan_actions[22m | T_ai_materials_handrail_wood_b_rough.png[39m[0m
[  25% ] [90m[1m_update_scan_actions[22m | T_ai_materials_handrail_wood_c_albedo.png[39m[0m
[  25% ] [90m[1m_update_scan_actions[22m | T_ai_materials_handrail_wood_c_normal.png[39m[0m
[  25% ] [90m[1m_update_scan_actions[22m | T_ai_materials_handrail_wood_c_rough.png[39m[0m
[  25% ] [90m[1m_update_scan_actions[22m | T_ai_materials_handrail_wood_normal.png[39m[0m
[  25% ] [90m[1m_update_scan_actions[22m | T_ai_materials_handrail_wood_rough.png[39m[0m
[  25% ] [90m[1m_update_scan_actions[22m | T_ai_materials_indicator_enamel_albedo.png[39m[0m
[  25% ] [90m[1m_update_scan_actions[22m | T_ai_materials_indicator_enamel_normal.png[39m[0m
[  26% ] [90m[1m_update_scan_actions[22m | T_ai_materials_indicator_enamel_rough.png[39m[0m
[  26% ] [90m[1m_update_scan_actions[22m | T_ai_materials_lacquer_red_b_albedo.png[39m[0m
[  26% ] [90m[1m_update_scan_actions[22m | T_ai_materials_lacquer_red_b_normal.png[39m[0m
[  26% ] [90m[1m_update_scan_actions[22m | T_ai_materials_lacquer_red_b_rough.png[39m[0m
[  26% ] [90m[1m_update_scan_actions[22m | T_ai_materials_leaf_fall_b_albedo.png[39m[0m
[  26% ] [90m[1m_update_scan_actions[22m | T_ai_materials_leaf_fall_b_normal.png[39m[0m
[  26% ] [90m[1m_update_scan_actions[22m | T_ai_materials_leaf_fall_b_rough.png[39m[0m
[  26% ] [90m[1m_update_scan_actions[22m | T_ai_materials_limestone_albedo.png[39m[0m
[  27% ] [90m[1m_update_scan_actions[22m | T_ai_materials_limestone_b_albedo.png[39m[0m
[  27% ] [90m[1m_update_scan_actions[22m | T_ai_materials_limestone_b_normal.png[39m[0m
[  27% ] [90m[1m_update_scan_actions[22m | T_ai_materials_limestone_b_rough.png[39m[0m
[  27% ] [90m[1m_update_scan_actions[22m | T_ai_materials_limestone_c_albedo.png[39m[0m
[  27% ] [90m[1m_update_scan_actions[22m | T_ai_materials_limestone_c_normal.png[39m[0m
[  27% ] [90m[1m_update_scan_actions[22m | T_ai_materials_limestone_c_rough.png[39m[0m
[  27% ] [90m[1m_update_scan_actions[22m | T_ai_materials_limestone_normal.png[39m[0m
[  27% ] [90m[1m_update_scan_actions[22m | T_ai_materials_limestone_rough.png[39m[0m
[  28% ] [90m[1m_update_scan_actions[22m | T_ai_materials_linen_albedo.png[39m[0m
[  28% ] [90m[1m_update_scan_actions[22m | T_ai_materials_linen_b_albedo.png[39m[0m
[  28% ] [90m[1m_update_scan_actions[22m | T_ai_materials_linen_b_normal.png[39m[0m
[  28% ] [90m[1m_update_scan_actions[22m | T_ai_materials_linen_b_rough.png[39m[0m
[  28% ] [90m[1m_update_scan_actions[22m | T_ai_materials_linen_c_albedo.png[39m[0m
[  28% ] [90m[1m_update_scan_actions[22m | T_ai_materials_linen_c_normal.png[39m[0m
[  28% ] [90m[1m_update_scan_actions[22m | T_ai_materials_linen_c_rough.png[39m[0m
[  28% ] [90m[1m_update_scan_actions[22m | T_ai_materials_linen_d_albedo.png[39m[0m
[  29% ] [90m[1m_update_scan_actions[22m | T_ai_materials_linen_d_normal.png[39m[0m
[  29% ] [90m[1m_update_scan_actions[22m | T_ai_materials_linen_d_rough.png[39m[0m
[  29% ] [90m[1m_update_scan_actions[22m | T_ai_materials_linen_normal.png[39m[0m
[  29% ] [90m[1m_update_scan_actions[22m | T_ai_materials_linen_rough.png[39m[0m
[  29% ] [90m[1m_update_scan_actions[22m | T_ai_materials_linoleum_albedo.png[39m[0m
[  29% ] [90m[1m_update_scan_actions[22m | T_ai_materials_linoleum_b_albedo.png[39m[0m
[  29% ] [90m[1m_update_scan_actions[22m | T_ai_materials_linoleum_b_normal.png[39m[0m
[  29% ] [90m[1m_update_scan_actions[22m | T_ai_materials_linoleum_b_rough.png[39m[0m
[  30% ] [90m[1m_update_scan_actions[22m | T_ai_materials_linoleum_c_albedo.png[39m[0m
[  30% ] [90m[1m_update_scan_actions[22m | T_ai_materials_linoleum_c_normal.png[39m[0m
[  30% ] [90m[1m_update_scan_actions[22m | T_ai_materials_linoleum_c_rough.png[39m[0m
[  30% ] [90m[1m_update_scan_actions[22m | T_ai_materials_linoleum_normal.png[39m[0m
[  30% ] [90m[1m_update_scan_actions[22m | T_ai_materials_linoleum_rough.png[39m[0m
[  30% ] [90m[1m_update_scan_actions[22m | T_ai_materials_marble_lobby_b_albedo.png[39m[0m
[  30% ] [90m[1m_update_scan_actions[22m | T_ai_materials_marble_lobby_b_normal.png[39m[0m
[  30% ] [90m[1m_update_scan_actions[22m | T_ai_materials_marble_lobby_b_rough.png[39m[0m
[  31% ] [90m[1m_update_scan_actions[22m | T_ai_materials_metal_albedo.png[39m[0m
[  31% ] [90m[1m_update_scan_actions[22m | T_ai_materials_metal_b_albedo.png[39m[0m
[  31% ] [90m[1m_update_scan_actions[22m | T_ai_materials_metal_b_normal.png[39m[0m
[  31% ] [90m[1m_update_scan_actions[22m | T_ai_materials_metal_b_rough.png[39m[0m
[  31% ] [90m[1m_update_scan_actions[22m | T_ai_materials_metal_c_albedo.png[39m[0m
[  31% ] [90m[1m_update_scan_actions[22m | T_ai_materials_metal_c_normal.png[39m[0m
[  31% ] [90m[1m_update_scan_actions[22m | T_ai_materials_metal_c_rough.png[39m[0m
[  31% ] [90m[1m_update_scan_actions[22m | T_ai_materials_metal_normal.png[39m[0m
[  32% ] [90m[1m_update_scan_actions[22m | T_ai_materials_metal_rough.png[39m[0m
[  32% ] [90m[1m_update_scan_actions[22m | T_ai_materials_milk_glass_albedo.png[39m[0m
[  32% ] [90m[1m_update_scan_actions[22m | T_ai_materials_milk_glass_normal.png[39m[0m
[  32% ] [90m[1m_update_scan_actions[22m | T_ai_materials_milk_glass_rough.png[39m[0m
[  32% ] [90m[1m_update_scan_actions[22m | T_ai_materials_mirror_aged_albedo.png[39m[0m
[  32% ] [90m[1m_update_scan_actions[22m | T_ai_materials_mirror_aged_normal.png[39m[0m
[  32% ] [90m[1m_update_scan_actions[22m | T_ai_materials_mirror_aged_rough.png[39m[0m
[  32% ] [90m[1m_update_scan_actions[22m | T_ai_materials_nickel_plated_albedo.png[39m[0m
[  33% ] [90m[1m_update_scan_actions[22m | T_ai_materials_nickel_plated_normal.png[39m[0m
[  33% ] [90m[1m_update_scan_actions[22m | T_ai_materials_nickel_plated_rough.png[39m[0m
[  33% ] [90m[1m_update_scan_actions[22m | T_ai_materials_oak_quartered_albedo.png[39m[0m
[  33% ] [90m[1m_update_scan_actions[22m | T_ai_materials_oak_quartered_normal.png[39m[0m
[  33% ] [90m[1m_update_scan_actions[22m | T_ai_materials_oak_quartered_rough.png[39m[0m
[  33% ] [90m[1m_update_scan_actions[22m | T_ai_materials_paper_albedo.png[39m[0m
[  33% ] [90m[1m_update_scan_actions[22m | T_ai_materials_paper_b_albedo.png[39m[0m
[  33% ] [90m[1m_update_scan_actions[22m | T_ai_materials_paper_b_normal.png[39m[0m
[  34% ] [90m[1m_update_scan_actions[22m | T_ai_materials_paper_b_rough.png[39m[0m
[  34% ] [90m[1m_update_scan_actions[22m | T_ai_materials_paper_c_albedo.png[39m[0m
[  34% ] [90m[1m_update_scan_actions[22m | T_ai_materials_paper_c_normal.png[39m[0m
[  34% ] [90m[1m_update_scan_actions[22m | T_ai_materials_paper_c_rough.png[39m[0m
[  34% ] [90m[1m_update_scan_actions[22m | T_ai_materials_paper_normal.png[39m[0m
[  34% ] [90m[1m_update_scan_actions[22m | T_ai_materials_paper_rough.png[39m[0m
[  34% ] [90m[1m_update_scan_actions[22m | T_ai_materials_plant_albedo.png[39m[0m
[  34% ] [90m[1m_update_scan_actions[22m | T_ai_materials_plant_b_albedo.png[39m[0m
[  35% ] [90m[1m_update_scan_actions[22m | T_ai_materials_plant_b_normal.png[39m[0m
[  35% ] [90m[1m_update_scan_actions[22m | T_ai_materials_plant_b_rough.png[39m[0m
[  35% ] [90m[1m_update_scan_actions[22m | T_ai_materials_plant_d_albedo.png[39m[0m
[  35% ] [90m[1m_update_scan_actions[22m | T_ai_materials_plant_d_normal.png[39m[0m
[  35% ] [90m[1m_update_scan_actions[22m | T_ai_materials_plant_d_rough.png[39m[0m
[  35% ] [90m[1m_update_scan_actions[22m | T_ai_materials_plant_normal.png[39m[0m
[  35% ] [90m[1m_update_scan_actions[22m | T_ai_materials_plant_rough.png[39m[0m
[  35% ] [90m[1m_update_scan_actions[22m | T_ai_materials_plaster_b_albedo.png[39m[0m
[  36% ] [90m[1m_update_scan_actions[22m | T_ai_materials_plaster_b_normal.png[39m[0m
[  36% ] [90m[1m_update_scan_actions[22m | T_ai_materials_plaster_b_rough.png[39m[0m
[  36% ] [90m[1m_update_scan_actions[22m | T_ai_materials_plaster_c_albedo.png[39m[0m
[  36% ] [90m[1m_update_scan_actions[22m | T_ai_materials_plaster_c_normal.png[39m[0m
[  36% ] [90m[1m_update_scan_actions[22m | T_ai_materials_plaster_c_rough.png[39m[0m
[  36% ] [90m[1m_update_scan_actions[22m | T_ai_materials_plaster_normal.png[39m[0m
[  36% ] [90m[1m_update_scan_actions[22m | T_ai_materials_plaster_stained_albedo.png[39m[0m
[  36% ] [90m[1m_update_scan_actions[22m | T_ai_materials_plaster_stained_b_albedo.png[39m[0m
[  37% ] [90m[1m_update_scan_actions[22m | T_ai_materials_plaster_stained_b_normal.png[39m[0m
[  37% ] [90m[1m_update_scan_actions[22m | T_ai_materials_plaster_stained_b_rough.png[39m[0m
[  37% ] [90m[1m_update_scan_actions[22m | T_ai_materials_plaster_stained_c_albedo.png[39m[0m
[  37% ] [90m[1m_update_scan_actions[22m | T_ai_materials_plaster_stained_c_normal.png[39m[0m
[  37% ] [90m[1m_update_scan_actions[22m | T_ai_materials_plaster_stained_c_rough.png[39m[0m
[  37% ] [90m[1m_update_scan_actions[22m | T_ai_materials_plaster_stained_normal.png[39m[0m
[  37% ] [90m[1m_update_scan_actions[22m | T_ai_materials_plaster_stained_rough.png[39m[0m
[  37% ] [90m[1m_update_scan_actions[22m | T_ai_materials_plaster_worn_plaster_albedo.png[39m[0m
[  38% ] [90m[1m_update_scan_actions[22m | T_ai_materials_plaster_worn_plaster_rough.png[39m[0m
[  38% ] [90m[1m_update_scan_actions[22m | T_ai_materials_plywood_b_albedo.png[39m[0m
[  38% ] [90m[1m_update_scan_actions[22m | T_ai_materials_plywood_b_normal.png[39m[0m
[  38% ] [90m[1m_update_scan_actions[22m | T_ai_materials_plywood_b_rough.png[39m[0m
[  38% ] [90m[1m_update_scan_actions[22m | T_ai_materials_plywood_c_albedo.png[39m[0m
[  38% ] [90m[1m_update_scan_actions[22m | T_ai_materials_plywood_c_normal.png[39m[0m
[  38% ] [90m[1m_update_scan_actions[22m | T_ai_materials_plywood_c_rough.png[39m[0m
[  38% ] [90m[1m_update_scan_actions[22m | T_ai_materials_plywood_d_albedo.png[39m[0m
[  39% ] [90m[1m_update_scan_actions[22m | T_ai_materials_plywood_d_normal.png[39m[0m
[  39% ] [90m[1m_update_scan_actions[22m | T_ai_materials_plywood_d_rough.png[39m[0m
[  39% ] [90m[1m_update_scan_actions[22m | T_ai_materials_porcelain_albedo.png[39m[0m
[  39% ] [90m[1m_update_scan_actions[22m | T_ai_materials_porcelain_b_albedo.png[39m[0m
[  39% ] [90m[1m_update_scan_actions[22m | T_ai_materials_porcelain_b_normal.png[39m[0m
[  39% ] [90m[1m_update_scan_actions[22m | T_ai_materials_porcelain_b_rough.png[39m[0m
[  39% ] [90m[1m_update_scan_actions[22m | T_ai_materials_porcelain_c_albedo.png[39m[0m
[  39% ] [90m[1m_update_scan_actions[22m | T_ai_materials_porcelain_c_normal.png[39m[0m
[  40% ] [90m[1m_update_scan_actions[22m | T_ai_materials_porcelain_c_rough.png[39m[0m
[  40% ] [90m[1m_update_scan_actions[22m | T_ai_materials_porcelain_normal.png[39m[0m
[  40% ] [90m[1m_update_scan_actions[22m | T_ai_materials_porcelain_rough.png[39m[0m
[  40% ] [90m[1m_update_scan_actions[22m | T_ai_materials_puddle_b_albedo.png[39m[0m
[  40% ] [90m[1m_update_scan_actions[22m | T_ai_materials_puddle_b_normal.png[39m[0m
[  40% ] [90m[1m_update_scan_actions[22m | T_ai_materials_puddle_b_rough.png[39m[0m
[  40% ] [90m[1m_update_scan_actions[22m | T_ai_materials_quarry_tile_b_albedo.png[39m[0m
[  40% ] [90m[1m_update_scan_actions[22m | T_ai_materials_quarry_tile_b_normal.png[39m[0m
[  41% ] [90m[1m_update_scan_actions[22m | T_ai_materials_quarry_tile_b_rough.png[39m[0m
[  41% ] [90m[1m_update_scan_actions[22m | T_ai_materials_rubber_aged_albedo.png[39m[0m
[  41% ] [90m[1m_update_scan_actions[22m | T_ai_materials_rubber_aged_normal.png[39m[0m
[  41% ] [90m[1m_update_scan_actions[22m | T_ai_materials_rubber_aged_rough.png[39m[0m
[  41% ] [90m[1m_update_scan_actions[22m | T_ai_materials_rug_warm_albedo.png[39m[0m
[  41% ] [90m[1m_update_scan_actions[22m | T_ai_materials_rug_warm_b_albedo.png[39m[0m
[  41% ] [90m[1m_update_scan_actions[22m | T_ai_materials_rug_warm_b_normal.png[39m[0m
[  41% ] [90m[1m_update_scan_actions[22m | T_ai_materials_rug_warm_b_rough.png[39m[0m
[  42% ] [90m[1m_update_scan_actions[22m | T_ai_materials_rug_warm_c_albedo.png[39m[0m
[  42% ] [90m[1m_update_scan_actions[22m | T_ai_materials_rug_warm_c_normal.png[39m[0m
[  42% ] [90m[1m_update_scan_actions[22m | T_ai_materials_rug_warm_c_rough.png[39m[0m
[  42% ] [90m[1m_update_scan_actions[22m | T_ai_materials_rug_warm_d_albedo.png[39m[0m
[  42% ] [90m[1m_update_scan_actions[22m | T_ai_materials_rug_warm_d_normal.png[39m[0m
[  42% ] [90m[1m_update_scan_actions[22m | T_ai_materials_rug_warm_d_rough.png[39m[0m
[  42% ] [90m[1m_update_scan_actions[22m | T_ai_materials_rug_warm_normal.png[39m[0m
[  42% ] [90m[1m_update_scan_actions[22m | T_ai_materials_rug_warm_rough.png[39m[0m
[  43% ] [90m[1m_update_scan_actions[22m | T_ai_materials_safety_orange_albedo.png[39m[0m
[  43% ] [90m[1m_update_scan_actions[22m | T_ai_materials_safety_orange_b_albedo.png[39m[0m
[  43% ] [90m[1m_update_scan_actions[22m | T_ai_materials_safety_orange_b_normal.png[39m[0m
[  43% ] [90m[1m_update_scan_actions[22m | T_ai_materials_safety_orange_b_rough.png[39m[0m
[  43% ] [90m[1m_update_scan_actions[22m | T_ai_materials_safety_orange_normal.png[39m[0m
[  43% ] [90m[1m_update_scan_actions[22m | T_ai_materials_safety_orange_rough.png[39m[0m
[  43% ] [90m[1m_update_scan_actions[22m | T_ai_materials_sidewalk_grout_b_albedo.png[39m[0m
[  43% ] [90m[1m_update_scan_actions[22m | T_ai_materials_sidewalk_grout_b_normal.png[39m[0m
[  44% ] [90m[1m_update_scan_actions[22m | T_ai_materials_sidewalk_grout_b_rough.png[39m[0m
[  44% ] [90m[1m_update_scan_actions[22m | T_ai_materials_sidewalk_haunted_b_albedo.png[39m[0m
[  44% ] [90m[1m_update_scan_actions[22m | T_ai_materials_sidewalk_haunted_b_normal.png[39m[0m
[  44% ] [90m[1m_update_scan_actions[22m | T_ai_materials_sidewalk_haunted_b_rough.png[39m[0m
[  44% ] [90m[1m_update_scan_actions[22m | T_ai_materials_slab_albedo.png[39m[0m
[  44% ] [90m[1m_update_scan_actions[22m | T_ai_materials_slab_b_albedo.png[39m[0m
[  44% ] [90m[1m_update_scan_actions[22m | T_ai_materials_slab_b_normal.png[39m[0m
[  44% ] [90m[1m_update_scan_actions[22m | T_ai_materials_slab_b_rough.png[39m[0m
[  45% ] [90m[1m_update_scan_actions[22m | T_ai_materials_slab_c_albedo.png[39m[0m
[  45% ] [90m[1m_update_scan_actions[22m | T_ai_materials_slab_c_normal.png[39m[0m
[  45% ] [90m[1m_update_scan_actions[22m | T_ai_materials_slab_c_rough.png[39m[0m
[  45% ] [90m[1m_update_scan_actions[22m | T_ai_materials_slab_d_albedo.png[39m[0m
[  45% ] [90m[1m_update_scan_actions[22m | T_ai_materials_slab_d_normal.png[39m[0m
[  45% ] [90m[1m_update_scan_actions[22m | T_ai_materials_slab_d_rough.png[39m[0m
[  45% ] [90m[1m_update_scan_actions[22m | T_ai_materials_slab_normal.png[39m[0m
[  45% ] [90m[1m_update_scan_actions[22m | T_ai_materials_slab_rough.png[39m[0m
[  46% ] [90m[1m_update_scan_actions[22m | T_ai_materials_soil_albedo.png[39m[0m
[  46% ] [90m[1m_update_scan_actions[22m | T_ai_materials_soil_b_albedo.png[39m[0m
[  46% ] [90m[1m_update_scan_actions[22m | T_ai_materials_soil_b_normal.png[39m[0m
[  46% ] [90m[1m_update_scan_actions[22m | T_ai_materials_soil_b_rough.png[39m[0m
[  46% ] [90m[1m_update_scan_actions[22m | T_ai_materials_soil_normal.png[39m[0m
[  46% ] [90m[1m_update_scan_actions[22m | T_ai_materials_soil_rough.png[39m[0m
[  46% ] [90m[1m_update_scan_actions[22m | T_ai_materials_soot_b_albedo.png[39m[0m
[  46% ] [90m[1m_update_scan_actions[22m | T_ai_materials_soot_b_normal.png[39m[0m
[  47% ] [90m[1m_update_scan_actions[22m | T_ai_materials_soot_b_rough.png[39m[0m
[  47% ] [90m[1m_update_scan_actions[22m | T_ai_materials_soot_c_albedo.png[39m[0m
[  47% ] [90m[1m_update_scan_actions[22m | T_ai_materials_soot_c_normal.png[39m[0m
[  47% ] [90m[1m_update_scan_actions[22m | T_ai_materials_soot_c_rough.png[39m[0m
[  47% ] [90m[1m_update_scan_actions[22m | T_ai_materials_soot_d_albedo.png[39m[0m
[  47% ] [90m[1m_update_scan_actions[22m | T_ai_materials_soot_d_normal.png[39m[0m
[  47% ] [90m[1m_update_scan_actions[22m | T_ai_materials_soot_d_rough.png[39m[0m
[  47% ] [90m[1m_update_scan_actions[22m | T_ai_materials_soot_normal.png[39m[0m
[  48% ] [90m[1m_update_scan_actions[22m | T_ai_materials_soot_worn_soot_albedo.png[39m[0m
[  48% ] [90m[1m_update_scan_actions[22m | T_ai_materials_soot_worn_soot_rough.png[39m[0m
[  48% ] [90m[1m_update_scan_actions[22m | T_ai_materials_stairwell_teal_b_albedo.png[39m[0m
[  48% ] [90m[1m_update_scan_actions[22m | T_ai_materials_stairwell_teal_b_normal.png[39m[0m
[  48% ] [90m[1m_update_scan_actions[22m | T_ai_materials_stairwell_teal_b_rough.png[39m[0m
[  48% ] [90m[1m_update_scan_actions[22m | T_ai_materials_stair_albedo.png[39m[0m
[  48% ] [90m[1m_update_scan_actions[22m | T_ai_materials_stair_b_albedo.png[39m[0m
[  48% ] [90m[1m_update_scan_actions[22m | T_ai_materials_stair_b_normal.png[39m[0m
[  49% ] [90m[1m_update_scan_actions[22m | T_ai_materials_stair_b_rough.png[39m[0m
[  49% ] [90m[1m_update_scan_actions[22m | T_ai_materials_stair_c_albedo.png[39m[0m
[  49% ] [90m[1m_update_scan_actions[22m | T_ai_materials_stair_c_normal.png[39m[0m
[  49% ] [90m[1m_update_scan_actions[22m | T_ai_materials_stair_c_rough.png[39m[0m
[  49% ] [90m[1m_update_scan_actions[22m | T_ai_materials_stair_normal.png[39m[0m
[  49% ] [90m[1m_update_scan_actions[22m | T_ai_materials_stair_rough.png[39m[0m
[  49% ] [90m[1m_update_scan_actions[22m | T_ai_materials_stair_treads_albedo.png[39m[0m
[  49% ] [90m[1m_update_scan_actions[22m | T_ai_materials_stair_treads_normal.png[39m[0m
[  50% ] [90m[1m_update_scan_actions[22m | T_ai_materials_stair_treads_rough.png[39m[0m
[  50% ] [90m[1m_update_scan_actions[22m | T_ai_materials_subway_tile_albedo.png[39m[0m
[  50% ] [90m[1m_update_scan_actions[22m | T_ai_materials_subway_tile_b_albedo.png[39m[0m
[  50% ] [90m[1m_update_scan_actions[22m | T_ai_materials_subway_tile_b_normal.png[39m[0m
[  50% ] [90m[1m_update_scan_actions[22m | T_ai_materials_subway_tile_b_rough.png[39m[0m
[  50% ] [90m[1m_update_scan_actions[22m | T_ai_materials_subway_tile_c_albedo.png[39m[0m
[  50% ] [90m[1m_update_scan_actions[22m | T_ai_materials_subway_tile_c_normal.png[39m[0m
[  50% ] [90m[1m_update_scan_actions[22m | T_ai_materials_subway_tile_c_rough.png[39m[0m
[  50% ] [90m[1m_update_scan_actions[22m | T_ai_materials_subway_tile_normal.png[39m[0m
[  51% ] [90m[1m_update_scan_actions[22m | T_ai_materials_subway_tile_rough.png[39m[0m
[  51% ] [90m[1m_update_scan_actions[22m | T_ai_materials_terracotta_albedo.png[39m[0m
[  51% ] [90m[1m_update_scan_actions[22m | T_ai_materials_terracotta_b_albedo.png[39m[0m
[  51% ] [90m[1m_update_scan_actions[22m | T_ai_materials_terracotta_b_normal.png[39m[0m
[  51% ] [90m[1m_update_scan_actions[22m | T_ai_materials_terracotta_b_rough.png[39m[0m
[  51% ] [90m[1m_update_scan_actions[22m | T_ai_materials_terracotta_normal.png[39m[0m
[  51% ] [90m[1m_update_scan_actions[22m | T_ai_materials_terracotta_rough.png[39m[0m
[  51% ] [90m[1m_update_scan_actions[22m | T_ai_materials_terrazzo_albedo.png[39m[0m
[  52% ] [90m[1m_update_scan_actions[22m | T_ai_materials_terrazzo_b_albedo.png[39m[0m
[  52% ] [90m[1m_update_scan_actions[22m | T_ai_materials_terrazzo_b_normal.png[39m[0m
[  52% ] [90m[1m_update_scan_actions[22m | T_ai_materials_terrazzo_b_rough.png[39m[0m
[  52% ] [90m[1m_update_scan_actions[22m | T_ai_materials_terrazzo_c_albedo.png[39m[0m
[  52% ] [90m[1m_update_scan_actions[22m | T_ai_materials_terrazzo_c_normal.png[39m[0m
[  52% ] [90m[1m_update_scan_actions[22m | T_ai_materials_terrazzo_c_rough.png[39m[0m
[  52% ] [90m[1m_update_scan_actions[22m | T_ai_materials_terrazzo_dark_albedo.png[39m[0m
[  52% ] [90m[1m_update_scan_actions[22m | T_ai_materials_terrazzo_dark_normal.png[39m[0m
[  53% ] [90m[1m_update_scan_actions[22m | T_ai_materials_terrazzo_dark_rough.png[39m[0m
[  53% ] [90m[1m_update_scan_actions[22m | T_ai_materials_terrazzo_d_albedo.png[39m[0m
[  53% ] [90m[1m_update_scan_actions[22m | T_ai_materials_terrazzo_d_normal.png[39m[0m
[  53% ] [90m[1m_update_scan_actions[22m | T_ai_materials_terrazzo_d_rough.png[39m[0m
[  53% ] [90m[1m_update_scan_actions[22m | T_ai_materials_terrazzo_normal.png[39m[0m
[  53% ] [90m[1m_update_scan_actions[22m | T_ai_materials_terrazzo_rough.png[39m[0m
[  53% ] [90m[1m_update_scan_actions[22m | T_ai_materials_timber_albedo.png[39m[0m
[  53% ] [90m[1m_update_scan_actions[22m | T_ai_materials_timber_b_albedo.png[39m[0m
[  54% ] [90m[1m_update_scan_actions[22m | T_ai_materials_timber_b_normal.png[39m[0m
[  54% ] [90m[1m_update_scan_actions[22m | T_ai_materials_timber_b_rough.png[39m[0m
[  54% ] [90m[1m_update_scan_actions[22m | T_ai_materials_timber_c_albedo.png[39m[0m
[  54% ] [90m[1m_update_scan_actions[22m | T_ai_materials_timber_c_normal.png[39m[0m
[  54% ] [90m[1m_update_scan_actions[22m | T_ai_materials_timber_c_rough.png[39m[0m
[  54% ] [90m[1m_update_scan_actions[22m | T_ai_materials_timber_normal.png[39m[0m
[  54% ] [90m[1m_update_scan_actions[22m | T_ai_materials_timber_rough.png[39m[0m
[  54% ] [90m[1m_update_scan_actions[22m | T_ai_materials_tin_ceiling_albedo.png[39m[0m
[  55% ] [90m[1m_update_scan_actions[22m | T_ai_materials_tin_ceiling_b_albedo.png[39m[0m
[  55% ] [90m[1m_update_scan_actions[22m | T_ai_materials_tin_ceiling_b_normal.png[39m[0m
[  55% ] [90m[1m_update_scan_actions[22m | T_ai_materials_tin_ceiling_b_rough.png[39m[0m
[  55% ] [90m[1m_update_scan_actions[22m | T_ai_materials_tin_ceiling_c_albedo.png[39m[0m
[  55% ] [90m[1m_update_scan_actions[22m | T_ai_materials_tin_ceiling_c_normal.png[39m[0m
[  55% ] [90m[1m_update_scan_actions[22m | T_ai_materials_tin_ceiling_c_rough.png[39m[0m
[  55% ] [90m[1m_update_scan_actions[22m | T_ai_materials_tin_ceiling_d_albedo.png[39m[0m
[  55% ] [90m[1m_update_scan_actions[22m | T_ai_materials_tin_ceiling_d_normal.png[39m[0m
[  56% ] [90m[1m_update_scan_actions[22m | T_ai_materials_tin_ceiling_d_rough.png[39m[0m
[  56% ] [90m[1m_update_scan_actions[22m | T_ai_materials_tin_ceiling_normal.png[39m[0m
[  56% ] [90m[1m_update_scan_actions[22m | T_ai_materials_tin_ceiling_rough.png[39m[0m
[  56% ] [90m[1m_update_scan_actions[22m | T_ai_materials_trim_albedo.png[39m[0m
[  56% ] [90m[1m_update_scan_actions[22m | T_ai_materials_trim_b_albedo.png[39m[0m
[  56% ] [90m[1m_update_scan_actions[22m | T_ai_materials_trim_b_normal.png[39m[0m
[  56% ] [90m[1m_update_scan_actions[22m | T_ai_materials_trim_b_rough.png[39m[0m
[  56% ] [90m[1m_update_scan_actions[22m | T_ai_materials_trim_c_albedo.png[39m[0m
[  57% ] [90m[1m_update_scan_actions[22m | T_ai_materials_trim_c_normal.png[39m[0m
[  57% ] [90m[1m_update_scan_actions[22m | T_ai_materials_trim_c_rough.png[39m[0m
[  57% ] [90m[1m_update_scan_actions[22m | T_ai_materials_trim_normal.png[39m[0m
[  57% ] [90m[1m_update_scan_actions[22m | T_ai_materials_trim_rough.png[39m[0m
[  57% ] [90m[1m_update_scan_actions[22m | T_ai_materials_vinyl_oxblood_b_albedo.png[39m[0m
[  57% ] [90m[1m_update_scan_actions[22m | T_ai_materials_vinyl_oxblood_b_normal.png[39m[0m
[  57% ] [90m[1m_update_scan_actions[22m | T_ai_materials_vinyl_oxblood_b_rough.png[39m[0m
[  57% ] [90m[1m_update_scan_actions[22m | T_ai_materials_wainscot_albedo.png[39m[0m
[  58% ] [90m[1m_update_scan_actions[22m | T_ai_materials_wainscot_b_albedo.png[39m[0m
[  58% ] [90m[1m_update_scan_actions[22m | T_ai_materials_wainscot_b_normal.png[39m[0m
[  58% ] [90m[1m_update_scan_actions[22m | T_ai_materials_wainscot_b_rough.png[39m[0m
[  58% ] [90m[1m_update_scan_actions[22m | T_ai_materials_wainscot_c_albedo.png[39m[0m
[  58% ] [90m[1m_update_scan_actions[22m | T_ai_materials_wainscot_c_normal.png[39m[0m
[  58% ] [90m[1m_update_scan_actions[22m | T_ai_materials_wainscot_c_rough.png[39m[0m
[  58% ] [90m[1m_update_scan_actions[22m | T_ai_materials_wainscot_d_albedo.png[39m[0m
[  58% ] [90m[1m_update_scan_actions[22m | T_ai_materials_wainscot_d_normal.png[39m[0m
[  59% ] [90m[1m_update_scan_actions[22m | T_ai_materials_wainscot_d_rough.png[39m[0m
[  59% ] [90m[1m_update_scan_actions[22m | T_ai_materials_wainscot_normal.png[39m[0m
[  59% ] [90m[1m_update_scan_actions[22m | T_ai_materials_wainscot_rough.png[39m[0m
[  59% ] [90m[1m_update_scan_actions[22m | T_ai_materials_wet_asphalt_b_albedo.png[39m[0m
[  59% ] [90m[1m_update_scan_actions[22m | T_ai_materials_wet_asphalt_b_normal.png[39m[0m
[  59% ] [90m[1m_update_scan_actions[22m | T_ai_materials_wet_asphalt_b_rough.png[39m[0m
[  59% ] [90m[1m_update_scan_actions[22m | T_ai_materials_wood_dark_albedo.png[39m[0m
[  59% ] [90m[1m_update_scan_actions[22m | T_ai_materials_wood_dark_b_albedo.png[39m[0m
[  60% ] [90m[1m_update_scan_actions[22m | T_ai_materials_wood_dark_b_normal.png[39m[0m
[  60% ] [90m[1m_update_scan_actions[22m | T_ai_materials_wood_dark_b_rough.png[39m[0m
[  60% ] [90m[1m_update_scan_actions[22m | T_ai_materials_wood_dark_c_albedo.png[39m[0m
[  60% ] [90m[1m_update_scan_actions[22m | T_ai_materials_wood_dark_c_normal.png[39m[0m
[  60% ] [90m[1m_update_scan_actions[22m | T_ai_materials_wood_dark_c_rough.png[39m[0m
[  60% ] [90m[1m_update_scan_actions[22m | T_ai_materials_wood_dark_normal.png[39m[0m
[  60% ] [90m[1m_update_scan_actions[22m | T_ai_materials_wood_dark_rough.png[39m[0m
[  60% ] [90m[1m_update_scan_actions[22m | T_ai_materials_zinc_liner_albedo.png[39m[0m
[  61% ] [90m[1m_update_scan_actions[22m | T_ai_materials_zinc_liner_normal.png[39m[0m
[  61% ] [90m[1m_update_scan_actions[22m | T_ai_materials_zinc_liner_rough.png[39m[0m
[  61% ] [90m[1m_update_scan_actions[22m | T_fx_fx_ao.png[39m[0m
[  61% ] [90m[1m_update_scan_actions[22m | T_fx_fx_burn.png[39m[0m
[  61% ] [90m[1m_update_scan_actions[22m | T_fx_fx_burn_normal.png[39m[0m
[  61% ] [90m[1m_update_scan_actions[22m | T_fx_fx_burn_rough.png[39m[0m
[  61% ] [90m[1m_update_scan_actions[22m | T_fx_fx_ceiling_soffit_failed.png[39m[0m
[  61% ] [90m[1m_update_scan_actions[22m | T_fx_fx_ceiling_soffit_failed_normal.png[39m[0m
[  62% ] [90m[1m_update_scan_actions[22m | T_fx_fx_ceiling_soffit_failed_rough.png[39m[0m
[  62% ] [90m[1m_update_scan_actions[22m | T_fx_fx_damp.png[39m[0m
[  62% ] [90m[1m_update_scan_actions[22m | T_fx_fx_damp_normal.png[39m[0m
[  62% ] [90m[1m_update_scan_actions[22m | T_fx_fx_damp_rough.png[39m[0m
[  62% ] [90m[1m_update_scan_actions[22m | T_fx_fx_drip.png[39m[0m
[  62% ] [90m[1m_update_scan_actions[22m | T_fx_fx_drip_normal.png[39m[0m
[  62% ] [90m[1m_update_scan_actions[22m | T_fx_fx_drip_rough.png[39m[0m
[  62% ] [90m[1m_update_scan_actions[22m | T_fx_fx_grease.png[39m[0m
[  63% ] [90m[1m_update_scan_actions[22m | T_fx_fx_grease_normal.png[39m[0m
[  63% ] [90m[1m_update_scan_actions[22m | T_fx_fx_grease_rough.png[39m[0m
[  63% ] [90m[1m_update_scan_actions[22m | T_fx_fx_patch.png[39m[0m
[  63% ] [90m[1m_update_scan_actions[22m | T_fx_fx_patch_normal.png[39m[0m
[  63% ] [90m[1m_update_scan_actions[22m | T_fx_fx_patch_rough.png[39m[0m
[  63% ] [90m[1m_update_scan_actions[22m | T_fx_fx_scuff.png[39m[0m
[  63% ] [90m[1m_update_scan_actions[22m | T_fx_fx_scuff_normal.png[39m[0m
[  63% ] [90m[1m_update_scan_actions[22m | T_fx_fx_scuff_rough.png[39m[0m
[  64% ] [90m[1m_update_scan_actions[22m | T_fx_fx_shadow.png[39m[0m
[  64% ] [90m[1m_update_scan_actions[22m | T_fx_fx_traffic.png[39m[0m
[  64% ] [90m[1m_update_scan_actions[22m | T_fx_fx_traffic_normal.png[39m[0m
[  64% ] [90m[1m_update_scan_actions[22m | T_fx_fx_traffic_rough.png[39m[0m
[  64% ] [90m[1m_update_scan_actions[22m | T_generated_blind_slat_albedo.png[39m[0m
[  64% ] [90m[1m_update_scan_actions[22m | T_generated_blind_slat_normal.png[39m[0m
[  64% ] [90m[1m_update_scan_actions[22m | T_generated_blind_slat_rough.png[39m[0m
[  64% ] [90m[1m_update_scan_actions[22m | T_generated_road_paint_albedo.png[39m[0m
[  65% ] [90m[1m_update_scan_actions[22m | T_generated_road_paint_normal.png[39m[0m
[  65% ] [90m[1m_update_scan_actions[22m | T_generated_road_paint_rough.png[39m[0m
[  65% ] [90m[1m_update_scan_actions[22m | T_generated_sash_albedo.png[39m[0m
[  65% ] [90m[1m_update_scan_actions[22m | T_generated_sash_normal.png[39m[0m
[  65% ] [90m[1m_update_scan_actions[22m | T_generated_sash_rough.png[39m[0m
[  65% ] [90m[1m_update_scan_actions[22m | T_glass_normal.png[39m[0m
[  65% ] [90m[1m_update_scan_actions[22m | T_glass_rough.png[39m[0m
[  65% ] [90m[1m_update_scan_actions[22m | T_library_architectural_haunted_wallpaper_albedo.png[39m[0m
[  66% ] [90m[1m_update_scan_actions[22m | T_library_architectural_haunted_wallpaper_normal.png[39m[0m
[  66% ] [90m[1m_update_scan_actions[22m | T_library_architectural_haunted_wallpaper_rough.png[39m[0m
[  66% ] [90m[1m_update_scan_actions[22m | T_library_furniture_book_brown_albedo.png[39m[0m
[  66% ] [90m[1m_update_scan_actions[22m | T_library_furniture_book_brown_normal.png[39m[0m
[  66% ] [90m[1m_update_scan_actions[22m | T_library_furniture_book_brown_rough.png[39m[0m
[  66% ] [90m[1m_update_scan_actions[22m | T_library_furniture_book_burgundy_albedo.png[39m[0m
[  66% ] [90m[1m_update_scan_actions[22m | T_library_furniture_book_burgundy_normal.png[39m[0m
[  66% ] [90m[1m_update_scan_actions[22m | T_library_furniture_book_burgundy_rough.png[39m[0m
[  67% ] [90m[1m_update_scan_actions[22m | T_library_furniture_book_green_albedo.png[39m[0m
[  67% ] [90m[1m_update_scan_actions[22m | T_library_furniture_book_green_normal.png[39m[0m
[  67% ] [90m[1m_update_scan_actions[22m | T_library_furniture_book_green_rough.png[39m[0m
[  67% ] [90m[1m_update_scan_actions[22m | T_library_furniture_book_navy_albedo.png[39m[0m
[  67% ] [90m[1m_update_scan_actions[22m | T_library_furniture_book_navy_normal.png[39m[0m
[  67% ] [90m[1m_update_scan_actions[22m | T_library_furniture_book_navy_rough.png[39m[0m
[  67% ] [90m[1m_update_scan_actions[22m | T_library_furniture_book_ochre_albedo.png[39m[0m
[  67% ] [90m[1m_update_scan_actions[22m | T_library_furniture_book_ochre_normal.png[39m[0m
[  68% ] [90m[1m_update_scan_actions[22m | T_library_furniture_book_ochre_rough.png[39m[0m
[  68% ] [90m[1m_update_scan_actions[22m | T_library_furniture_book_teal_albedo.png[39m[0m
[  68% ] [90m[1m_update_scan_actions[22m | T_library_furniture_book_teal_normal.png[39m[0m
[  68% ] [90m[1m_update_scan_actions[22m | T_library_furniture_book_teal_rough.png[39m[0m
[  68% ] [90m[1m_update_scan_actions[22m | T_wallfinish_b1_w00_albedo.png[39m[0m
[  68% ] [90m[1m_update_scan_actions[22m | T_wallfinish_b1_w00_normal.png[39m[0m
[  68% ] [90m[1m_update_scan_actions[22m | T_wallfinish_b1_w00_roughness.png[39m[0m
[  68% ] [90m[1m_update_scan_actions[22m | T_wallfinish_b1_w01_albedo.png[39m[0m
[  69% ] [90m[1m_update_scan_actions[22m | T_wallfinish_b1_w01_normal.png[39m[0m
[  69% ] [90m[1m_update_scan_actions[22m | T_wallfinish_b1_w01_roughness.png[39m[0m
[  69% ] [90m[1m_update_scan_actions[22m | T_wallfinish_b1_w02_albedo.png[39m[0m
[  69% ] [90m[1m_update_scan_actions[22m | T_wallfinish_b1_w02_normal.png[39m[0m
[  69% ] [90m[1m_update_scan_actions[22m | T_wallfinish_b1_w02_roughness.png[39m[0m
[  69% ] [90m[1m_update_scan_actions[22m | T_wallfinish_b1_w03_albedo.png[39m[0m
[  69% ] [90m[1m_update_scan_actions[22m | T_wallfinish_b1_w03_normal.png[39m[0m
[  69% ] [90m[1m_update_scan_actions[22m | T_wallfinish_b1_w03_roughness.png[39m[0m
[  70% ] [90m[1m_update_scan_actions[22m | T_wallfinish_b1_w04_albedo.png[39m[0m
[  70% ] [90m[1m_update_scan_actions[22m | T_wallfinish_b1_w04_normal.png[39m[0m
[  70% ] [90m[1m_update_scan_actions[22m | T_wallfinish_b1_w04_roughness.png[39m[0m
[  70% ] [90m[1m_update_scan_actions[22m | T_wallfinish_b1_w05_albedo.png[39m[0m
[  70% ] [90m[1m_update_scan_actions[22m | T_wallfinish_b1_w05_normal.png[39m[0m
[  70% ] [90m[1m_update_scan_actions[22m | T_wallfinish_b1_w05_roughness.png[39m[0m
[  70% ] [90m[1m_update_scan_actions[22m | T_wallfinish_b1_w06_albedo.png[39m[0m
[  70% ] [90m[1m_update_scan_actions[22m | T_wallfinish_b1_w06_normal.png[39m[0m
[  71% ] [90m[1m_update_scan_actions[22m | T_wallfinish_b1_w06_roughness.png[39m[0m
[  71% ] [90m[1m_update_scan_actions[22m | T_wallfinish_b1_w07_albedo.png[39m[0m
[  71% ] [90m[1m_update_scan_actions[22m | T_wallfinish_b1_w07_normal.png[39m[0m
[  71% ] [90m[1m_update_scan_actions[22m | T_wallfinish_b1_w07_roughness.png[39m[0m
[  71% ] [90m[1m_update_scan_actions[22m | T_wallfinish_b1_w08_albedo.png[39m[0m
[  71% ] [90m[1m_update_scan_actions[22m | T_wallfinish_b1_w08_normal.png[39m[0m
[  71% ] [90m[1m_update_scan_actions[22m | T_wallfinish_b1_w08_roughness.png[39m[0m
[  71% ] [90m[1m_update_scan_actions[22m | T_wallfinish_b1_w09_albedo.png[39m[0m
[  72% ] [90m[1m_update_scan_actions[22m | T_wallfinish_b1_w09_normal.png[39m[0m
[  72% ] [90m[1m_update_scan_actions[22m | T_wallfinish_b1_w09_roughness.png[39m[0m
[  72% ] [90m[1m_update_scan_actions[22m | T_wallfinish_b1_w10_albedo.png[39m[0m
[  72% ] [90m[1m_update_scan_actions[22m | T_wallfinish_b1_w10_normal.png[39m[0m
[  72% ] [90m[1m_update_scan_actions[22m | T_wallfinish_b1_w10_roughness.png[39m[0m
[  72% ] [90m[1m_update_scan_actions[22m | T_wallfinish_f01_w00_albedo.png[39m[0m
[  72% ] [90m[1m_update_scan_actions[22m | T_wallfinish_f01_w00_normal.png[39m[0m
[  72% ] [90m[1m_update_scan_actions[22m | T_wallfinish_f01_w00_roughness.png[39m[0m
[  73% ] [90m[1m_update_scan_actions[22m | T_wallfinish_f01_w01_albedo.png[39m[0m
[  73% ] [90m[1m_update_scan_actions[22m | T_wallfinish_f01_w01_normal.png[39m[0m
[  73% ] [90m[1m_update_scan_actions[22m | T_wallfinish_f01_w01_roughness.png[39m[0m
[  73% ] [90m[1m_update_scan_actions[22m | T_wallfinish_f01_w02_albedo.png[39m[0m
[  73% ] [90m[1m_update_scan_actions[22m | T_wallfinish_f01_w02_normal.png[39m[0m
[  73% ] [90m[1m_update_scan_actions[22m | T_wallfinish_f01_w02_roughness.png[39m[0m
[  73% ] [90m[1m_update_scan_actions[22m | T_wallfinish_f01_w03_albedo.png[39m[0m
[  73% ] [90m[1m_update_scan_actions[22m | T_wallfinish_f01_w03_normal.png[39m[0m
[  74% ] [90m[1m_update_scan_actions[22m | T_wallfinish_f01_w03_roughness.png[39m[0m
[  74% ] [90m[1m_update_scan_actions[22m | T_wallfinish_f01_w04_albedo.png[39m[0m
[  74% ] [90m[1m_update_scan_actions[22m | T_wallfinish_f01_w04_normal.png[39m[0m
[  74% ] [90m[1m_update_scan_actions[22m | T_wallfinish_f01_w04_roughness.png[39m[0m
[  74% ] [90m[1m_update_scan_actions[22m | T_wallfinish_f01_w05_albedo.png[39m[0m
[  74% ] [90m[1m_update_scan_actions[22m | T_wallfinish_f01_w05_normal.png[39m[0m
[  74% ] [90m[1m_update_scan_actions[22m | T_wallfinish_f01_w05_roughness.png[39m[0m
[  74% ] [90m[1m_update_scan_actions[22m | T_wallfinish_f01_w06_albedo.png[39m[0m
[  75% ] [90m[1m_update_scan_actions[22m | T_wallfinish_f01_w06_normal.png[39m[0m
[  75% ] [90m[1m_update_scan_actions[22m | T_wallfinish_f01_w06_roughness.png[39m[0m
[  75% ] [90m[1m_update_scan_actions[22m | T_wallfinish_f01_w07_albedo.png[39m[0m
[  75% ] [90m[1m_update_scan_actions[22m | T_wallfinish_f01_w07_normal.png[39m[0m
[  75% ] [90m[1m_update_scan_actions[22m | T_wallfinish_f01_w07_roughness.png[39m[0m
[  75% ] [90m[1m_update_scan_actions[22m | T_wallfinish_f01_w08_albedo.png[39m[0m
[  75% ] [90m[1m_update_scan_actions[22m | T_wallfinish_f01_w08_normal.png[39m[0m
[  75% ] [90m[1m_update_scan_actions[22m | T_wallfinish_f01_w08_roughness.png[39m[0m
[  76% ] [90m[1m_update_scan_actions[22m | T_wallfinish_f01_w09_albedo.png[39m[0m
[  76% ] [90m[1m_update_scan_actions[22m | T_wallfinish_f01_w09_normal.png[39m[0m
[  76% ] [90m[1m_update_scan_actions[22m | T_wallfinish_f01_w09_roughness.png[39m[0m
[  76% ] [90m[1m_update_scan_actions[22m | T_wallfinish_f02_w00_albedo.png[39m[0m
[  76% ] [90m[1m_update_scan_actions[22m | T_wallfinish_f02_w00_normal.png[39m[0m
[  76% ] [90m[1m_update_scan_actions[22m | T_wallfinish_f02_w00_roughness.png[39m[0m
[  76% ] [90m[1m_update_scan_actions[22m | T_wallfinish_f02_w01_albedo.png[39m[0m
[  76% ] [90m[1m_update_scan_actions[22m | T_wallfinish_f02_w01_normal.png[39m[0m
[  77% ] [90m[1m_update_scan_actions[22m | T_wallfinish_f02_w01_roughness.png[39m[0m
[  77% ] [90m[1m_update_scan_actions[22m | T_wallfinish_f02_w02_albedo.png[39m[0m
[  77% ] [90m[1m_update_scan_actions[22m | T_wallfinish_f02_w02_normal.png[39m[0m
[  77% ] [90m[1m_update_scan_actions[22m | T_wallfinish_f02_w02_roughness.png[39m[0m
[  77% ] [90m[1m_update_scan_actions[22m | T_wallfinish_f02_w03_albedo.png[39m[0m
[  77% ] [90m[1m_update_scan_actions[22m | T_wallfinish_f02_w03_normal.png[39m[0m
[  77% ] [90m[1m_update_scan_actions[22m | T_wallfinish_f02_w03_roughness.png[39m[0m
[  77% ] [90m[1m_update_scan_actions[22m | T_wallfinish_f02_w04_albedo.png[39m[0m
[  78% ] [90m[1m_update_scan_actions[22m | T_wallfinish_f02_w04_normal.png[39m[0m
[  78% ] [90m[1m_update_scan_actions[22m | T_wallfinish_f02_w04_roughness.png[39m[0m
[  78% ] [90m[1m_update_scan_actions[22m | T_wallfinish_f02_w05_albedo.png[39m[0m
[  78% ] [90m[1m_update_scan_actions[22m | T_wallfinish_f02_w05_normal.png[39m[0m
[  78% ] [90m[1m_update_scan_actions[22m | T_wallfinish_f02_w05_roughness.png[39m[0m
[  78% ] [90m[1m_update_scan_actions[22m | T_wallfinish_f02_w06_albedo.png[39m[0m
[  78% ] [90m[1m_update_scan_actions[22m | T_wallfinish_f02_w06_normal.png[39m[0m
[  78% ] [90m[1m_update_scan_actions[22m | T_wallfinish_f02_w06_roughness.png[39m[0m
[  79% ] [90m[1m_update_scan_actions[22m | T_wallfinish_f02_w07_albedo.png[39m[0m
[  79% ] [90m[1m_update_scan_actions[22m | T_wallfinish_f02_w07_normal.png[39m[0m
[  79% ] [90m[1m_update_scan_actions[22m | T_wallfinish_f02_w07_roughness.png[39m[0m
[  79% ] [90m[1m_update_scan_actions[22m | T_wallfinish_f02_w08_albedo.png[39m[0m
[  79% ] [90m[1m_update_scan_actions[22m | T_wallfinish_f02_w08_normal.png[39m[0m
[  79% ] [90m[1m_update_scan_actions[22m | T_wallfinish_f02_w08_roughness.png[39m[0m
[  79% ] [90m[1m_update_scan_actions[22m | T_wallfinish_f02_w09_albedo.png[39m[0m
[  79% ] [90m[1m_update_scan_actions[22m | T_wallfinish_f02_w09_normal.png[39m[0m
[  80% ] [90m[1m_update_scan_actions[22m | T_wallfinish_f02_w09_roughness.png[39m[0m
[  80% ] [90m[1m_update_scan_actions[22m | T_wallfinish_f02_w10_albedo.png[39m[0m
[  80% ] [90m[1m_update_scan_actions[22m | T_wallfinish_f02_w10_normal.png[39m[0m
[  80% ] [90m[1m_update_scan_actions[22m | T_wallfinish_f02_w10_roughness.png[39m[0m
[  80% ] [90m[1m_update_scan_actions[22m | T_wallfinish_f03_w00_albedo.png[39m[0m
[  80% ] [90m[1m_update_scan_actions[22m | T_wallfinish_f03_w00_normal.png[39m[0m
[  80% ] [90m[1m_update_scan_actions[22m | T_wallfinish_f03_w00_roughness.png[39m[0m
[  80% ] [90m[1m_update_scan_actions[22m | T_wallfinish_f03_w01_albedo.png[39m[0m
[  81% ] [90m[1m_update_scan_actions[22m | T_wallfinish_f03_w01_normal.png[39m[0m
[  81% ] [90m[1m_update_scan_actions[22m | T_wallfinish_f03_w01_roughness.png[39m[0m
[  81% ] [90m[1m_update_scan_actions[22m | T_wallfinish_f03_w02_albedo.png[39m[0m
[  81% ] [90m[1m_update_scan_actions[22m | T_wallfinish_f03_w02_normal.png[39m[0m
[  81% ] [90m[1m_update_scan_actions[22m | T_wallfinish_f03_w02_roughness.png[39m[0m
[  81% ] [90m[1m_update_scan_actions[22m | T_wallfinish_f03_w03_albedo.png[39m[0m
[  81% ] [90m[1m_update_scan_actions[22m | T_wallfinish_f03_w03_normal.png[39m[0m
[  81% ] [90m[1m_update_scan_actions[22m | T_wallfinish_f03_w03_roughness.png[39m[0m
[  82% ] [90m[1m_update_scan_actions[22m | T_wallfinish_f03_w04_albedo.png[39m[0m
[  82% ] [90m[1m_update_scan_actions[22m | T_wallfinish_f03_w04_normal.png[39m[0m
[  82% ] [90m[1m_update_scan_actions[22m | T_wallfinish_f03_w04_roughness.png[39m[0m
[  82% ] [90m[1m_update_scan_actions[22m | T_wallfinish_f03_w05_albedo.png[39m[0m
[  82% ] [90m[1m_update_scan_actions[22m | T_wallfinish_f03_w05_normal.png[39m[0m
[  82% ] [90m[1m_update_scan_actions[22m | T_wallfinish_f03_w05_roughness.png[39m[0m
[  82% ] [90m[1m_update_scan_actions[22m | T_wallfinish_f03_w06_albedo.png[39m[0m
[  82% ] [90m[1m_update_scan_actions[22m | T_wallfinish_f03_w06_normal.png[39m[0m
[  83% ] [90m[1m_update_scan_actions[22m | T_wallfinish_f03_w06_roughness.png[39m[0m
[  83% ] [90m[1m_update_scan_actions[22m | T_wallfinish_f03_w07_albedo.png[39m[0m
[  83% ] [90m[1m_update_scan_actions[22m | T_wallfinish_f03_w07_normal.png[39m[0m
[  83% ] [90m[1m_update_scan_actions[22m | T_wallfinish_f03_w07_roughness.png[39m[0m
[  83% ] [90m[1m_update_scan_actions[22m | T_wallfinish_f03_w08_albedo.png[39m[0m
[  83% ] [90m[1m_update_scan_actions[22m | T_wallfinish_f03_w08_normal.png[39m[0m
[  83% ] [90m[1m_update_scan_actions[22m | T_wallfinish_f03_w08_roughness.png[39m[0m
[  83% ] [90m[1m_update_scan_actions[22m | T_wallfinish_f03_w09_albedo.png[39m[0m
[  84% ] [90m[1m_update_scan_actions[22m | T_wallfinish_f03_w09_normal.png[39m[0m
[  84% ] [90m[1m_update_scan_actions[22m | T_wallfinish_f03_w09_roughness.png[39m[0m
[  84% ] [90m[1m_update_scan_actions[22m | T_wallfinish_f03_w10_albedo.png[39m[0m
[  84% ] [90m[1m_update_scan_actions[22m | T_wallfinish_f03_w10_normal.png[39m[0m
[  84% ] [90m[1m_update_scan_actions[22m | T_wallfinish_f03_w10_roughness.png[39m[0m
[  84% ] [90m[1m_update_scan_actions[22m | T_wallfinish_f04_w00_albedo.png[39m[0m
[  84% ] [90m[1m_update_scan_actions[22m | T_wallfinish_f04_w00_normal.png[39m[0m
[  84% ] [90m[1m_update_scan_actions[22m | T_wallfinish_f04_w00_roughness.png[39m[0m
[  85% ] [90m[1m_update_scan_actions[22m | T_wallfinish_f04_w01_albedo.png[39m[0m
[  85% ] [90m[1m_update_scan_actions[22m | T_wallfinish_f04_w01_normal.png[39m[0m
[  85% ] [90m[1m_update_scan_actions[22m | T_wallfinish_f04_w01_roughness.png[39m[0m
[  85% ] [90m[1m_update_scan_actions[22m | T_wallfinish_f04_w02_albedo.png[39m[0m
[  85% ] [90m[1m_update_scan_actions[22m | T_wallfinish_f04_w02_normal.png[39m[0m
[  85% ] [90m[1m_update_scan_actions[22m | T_wallfinish_f04_w02_roughness.png[39m[0m
[  85% ] [90m[1m_update_scan_actions[22m | T_wallfinish_f04_w03_albedo.png[39m[0m
[  85% ] [90m[1m_update_scan_actions[22m | T_wallfinish_f04_w03_normal.png[39m[0m
[  86% ] [90m[1m_update_scan_actions[22m | T_wallfinish_f04_w03_roughness.png[39m[0m
[  86% ] [90m[1m_update_scan_actions[22m | T_wallfinish_f04_w04_albedo.png[39m[0m
[  86% ] [90m[1m_update_scan_actions[22m | T_wallfinish_f04_w04_normal.png[39m[0m
[  86% ] [90m[1m_update_scan_actions[22m | T_wallfinish_f04_w04_roughness.png[39m[0m
[  86% ] [90m[1m_update_scan_actions[22m | T_wallfinish_f04_w05_albedo.png[39m[0m
[  86% ] [90m[1m_update_scan_actions[22m | T_wallfinish_f04_w05_normal.png[39m[0m
[  86% ] [90m[1m_update_scan_actions[22m | T_wallfinish_f04_w05_roughness.png[39m[0m
[  86% ] [90m[1m_update_scan_actions[22m | T_wallfinish_f04_w06_albedo.png[39m[0m
[  87% ] [90m[1m_update_scan_actions[22m | T_wallfinish_f04_w06_normal.png[39m[0m
[  87% ] [90m[1m_update_scan_actions[22m | T_wallfinish_f04_w06_roughness.png[39m[0m
[  87% ] [90m[1m_update_scan_actions[22m | T_wallfinish_f04_w07_albedo.png[39m[0m
[  87% ] [90m[1m_update_scan_actions[22m | T_wallfinish_f04_w07_normal.png[39m[0m
[  87% ] [90m[1m_update_scan_actions[22m | T_wallfinish_f04_w07_roughness.png[39m[0m
[  87% ] [90m[1m_update_scan_actions[22m | T_wallfinish_f04_w08_albedo.png[39m[0m
[  87% ] [90m[1m_update_scan_actions[22m | T_wallfinish_f04_w08_normal.png[39m[0m
[  87% ] [90m[1m_update_scan_actions[22m | T_wallfinish_f04_w08_roughness.png[39m[0m
[  88% ] [90m[1m_update_scan_actions[22m | T_wallfinish_f04_w09_albedo.png[39m[0m
[  88% ] [90m[1m_update_scan_actions[22m | T_wallfinish_f04_w09_normal.png[39m[0m
[  88% ] [90m[1m_update_scan_actions[22m | T_wallfinish_f04_w09_roughness.png[39m[0m
[  88% ] [90m[1m_update_scan_actions[22m | T_wallfinish_f04_w10_albedo.png[39m[0m
[  88% ] [90m[1m_update_scan_actions[22m | T_wallfinish_f04_w10_normal.png[39m[0m
[  88% ] [90m[1m_update_scan_actions[22m | T_wallfinish_f04_w10_roughness.png[39m[0m
[  88% ] [90m[1m_update_scan_actions[22m | T_wallfinish_f05_w00_albedo.png[39m[0m
[  88% ] [90m[1m_update_scan_actions[22m | T_wallfinish_f05_w00_normal.png[39m[0m
[  89% ] [90m[1m_update_scan_actions[22m | T_wallfinish_f05_w00_roughness.png[39m[0m
[  89% ] [90m[1m_update_scan_actions[22m | T_wallfinish_f05_w01_albedo.png[39m[0m
[  89% ] [90m[1m_update_scan_actions[22m | T_wallfinish_f05_w01_normal.png[39m[0m
[  89% ] [90m[1m_update_scan_actions[22m | T_wallfinish_f05_w01_roughness.png[39m[0m
[  89% ] [90m[1m_update_scan_actions[22m | T_wallfinish_f05_w02_albedo.png[39m[0m
[  89% ] [90m[1m_update_scan_actions[22m | T_wallfinish_f05_w02_normal.png[39m[0m
[  89% ] [90m[1m_update_scan_actions[22m | T_wallfinish_f05_w02_roughness.png[39m[0m
[  89% ] [90m[1m_update_scan_actions[22m | T_wallfinish_f05_w03_albedo.png[39m[0m
[  90% ] [90m[1m_update_scan_actions[22m | T_wallfinish_f05_w03_normal.png[39m[0m
[  90% ] [90m[1m_update_scan_actions[22m | T_wallfinish_f05_w03_roughness.png[39m[0m
[  90% ] [90m[1m_update_scan_actions[22m | T_wallfinish_f05_w04_albedo.png[39m[0m
[  90% ] [90m[1m_update_scan_actions[22m | T_wallfinish_f05_w04_normal.png[39m[0m
[  90% ] [90m[1m_update_scan_actions[22m | T_wallfinish_f05_w04_roughness.png[39m[0m
[  90% ] [90m[1m_update_scan_actions[22m | T_wallfinish_f05_w05_albedo.png[39m[0m
[  90% ] [90m[1m_update_scan_actions[22m | T_wallfinish_f05_w05_normal.png[39m[0m
[  90% ] [90m[1m_update_scan_actions[22m | T_wallfinish_f05_w05_roughness.png[39m[0m
[  91% ] [90m[1m_update_scan_actions[22m | T_wallfinish_f05_w06_albedo.png[39m[0m
[  91% ] [90m[1m_update_scan_actions[22m | T_wallfinish_f05_w06_normal.png[39m[0m
[  91% ] [90m[1m_update_scan_actions[22m | T_wallfinish_f05_w06_roughness.png[39m[0m
[  91% ] [90m[1m_update_scan_actions[22m | T_wallfinish_f05_w07_albedo.png[39m[0m
[  91% ] [90m[1m_update_scan_actions[22m | T_wallfinish_f05_w07_normal.png[39m[0m
[  91% ] [90m[1m_update_scan_actions[22m | T_wallfinish_f05_w07_roughness.png[39m[0m
[  91% ] [90m[1m_update_scan_actions[22m | T_wallfinish_f05_w08_albedo.png[39m[0m
[  91% ] [90m[1m_update_scan_actions[22m | T_wallfinish_f05_w08_normal.png[39m[0m
[  92% ] [90m[1m_update_scan_actions[22m | T_wallfinish_f05_w08_roughness.png[39m[0m
[  92% ] [90m[1m_update_scan_actions[22m | T_wallfinish_f05_w09_albedo.png[39m[0m
[  92% ] [90m[1m_update_scan_actions[22m | T_wallfinish_f05_w09_normal.png[39m[0m
[  92% ] [90m[1m_update_scan_actions[22m | T_wallfinish_f05_w09_roughness.png[39m[0m
[  92% ] [90m[1m_update_scan_actions[22m | T_wallfinish_f05_w10_albedo.png[39m[0m
[  92% ] [90m[1m_update_scan_actions[22m | T_wallfinish_f05_w10_normal.png[39m[0m
[  92% ] [90m[1m_update_scan_actions[22m | T_wallfinish_f05_w10_roughness.png[39m[0m
[  92% ] [90m[1m_update_scan_actions[22m | T_wallfinish_f06_w00_albedo.png[39m[0m
[  93% ] [90m[1m_update_scan_actions[22m | T_wallfinish_f06_w00_normal.png[39m[0m
[  93% ] [90m[1m_update_scan_actions[22m | T_wallfinish_f06_w00_roughness.png[39m[0m
[  93% ] [90m[1m_update_scan_actions[22m | T_wallfinish_f06_w01_albedo.png[39m[0m
[  93% ] [90m[1m_update_scan_actions[22m | T_wallfinish_f06_w01_normal.png[39m[0m
[  93% ] [90m[1m_update_scan_actions[22m | T_wallfinish_f06_w01_roughness.png[39m[0m
[  93% ] [90m[1m_update_scan_actions[22m | T_wallfinish_f06_w02_albedo.png[39m[0m
[  93% ] [90m[1m_update_scan_actions[22m | T_wallfinish_f06_w02_normal.png[39m[0m
[  93% ] [90m[1m_update_scan_actions[22m | T_wallfinish_f06_w02_roughness.png[39m[0m
[  94% ] [90m[1m_update_scan_actions[22m | T_wallfinish_f06_w03_albedo.png[39m[0m
[  94% ] [90m[1m_update_scan_actions[22m | T_wallfinish_f06_w03_normal.png[39m[0m
[  94% ] [90m[1m_update_scan_actions[22m | T_wallfinish_f06_w03_roughness.png[39m[0m
[  94% ] [90m[1m_update_scan_actions[22m | T_wallfinish_f06_w04_albedo.png[39m[0m
[  94% ] [90m[1m_update_scan_actions[22m | T_wallfinish_f06_w04_normal.png[39m[0m
[  94% ] [90m[1m_update_scan_actions[22m | T_wallfinish_f06_w04_roughness.png[39m[0m
[  94% ] [90m[1m_update_scan_actions[22m | T_wallfinish_f06_w05_albedo.png[39m[0m
[  94% ] [90m[1m_update_scan_actions[22m | T_wallfinish_f06_w05_normal.png[39m[0m
[  95% ] [90m[1m_update_scan_actions[22m | T_wallfinish_f06_w05_roughness.png[39m[0m
[  95% ] [90m[1m_update_scan_actions[22m | T_wallfinish_f06_w06_albedo.png[39m[0m
[  95% ] [90m[1m_update_scan_actions[22m | T_wallfinish_f06_w06_normal.png[39m[0m
[  95% ] [90m[1m_update_scan_actions[22m | T_wallfinish_f06_w06_roughness.png[39m[0m
[  95% ] [90m[1m_update_scan_actions[22m | T_wallfinish_f06_w07_albedo.png[39m[0m
[  95% ] [90m[1m_update_scan_actions[22m | T_wallfinish_f06_w07_normal.png[39m[0m
[  95% ] [90m[1m_update_scan_actions[22m | T_wallfinish_f06_w07_roughness.png[39m[0m
[  95% ] [90m[1m_update_scan_actions[22m | T_wallfinish_f06_w08_albedo.png[39m[0m
[  96% ] [90m[1m_update_scan_actions[22m | T_wallfinish_f06_w08_normal.png[39m[0m
[  96% ] [90m[1m_update_scan_actions[22m | T_wallfinish_f06_w08_roughness.png[39m[0m
[  96% ] [90m[1m_update_scan_actions[22m | T_wallfinish_f06_w09_albedo.png[39m[0m
[  96% ] [90m[1m_update_scan_actions[22m | T_wallfinish_f06_w09_normal.png[39m[0m
[  96% ] [90m[1m_update_scan_actions[22m | T_wallfinish_f06_w09_roughness.png[39m[0m
[  96% ] [90m[1m_update_scan_actions[22m | T_wallfinish_f06_w10_albedo.png[39m[0m
[  96% ] [90m[1m_update_scan_actions[22m | T_wallfinish_f06_w10_normal.png[39m[0m
[  96% ] [90m[1m_update_scan_actions[22m | T_wallfinish_f06_w10_roughness.png[39m[0m
[  97% ] [90m[1m_update_scan_actions[22m | T_wallfinish_roof_w00_albedo.png[39m[0m
[  97% ] [90m[1m_update_scan_actions[22m | T_wallfinish_roof_w00_normal.png[39m[0m
[  97% ] [90m[1m_update_scan_actions[22m | T_wallfinish_roof_w00_roughness.png[39m[0m
[  97% ] [90m[1m_update_scan_actions[22m | T_wallfinish_roof_w01_albedo.png[39m[0m
[  97% ] [90m[1m_update_scan_actions[22m | T_wallfinish_roof_w01_normal.png[39m[0m
[  97% ] [90m[1m_update_scan_actions[22m | T_wallfinish_roof_w01_roughness.png[39m[0m
[  97% ] [90m[1m_update_scan_actions[22m | T_wallfinish_roof_w02_albedo.png[39m[0m
[  97% ] [90m[1m_update_scan_actions[22m | T_wallfinish_roof_w02_normal.png[39m[0m
[  98% ] [90m[1m_update_scan_actions[22m | T_wallfinish_roof_w02_roughness.png[39m[0m
[  98% ] [90m[1m_update_scan_actions[22m | T_wallfinish_roof_w03_albedo.png[39m[0m
[  98% ] [90m[1m_update_scan_actions[22m | T_wallfinish_roof_w03_normal.png[39m[0m
[  98% ] [90m[1m_update_scan_actions[22m | T_wallfinish_roof_w03_roughness.png[39m[0m
[  98% ] [90m[1m_update_scan_actions[22m | T_wallfinish_roof_w04_albedo.png[39m[0m
[  98% ] [90m[1m_update_scan_actions[22m | T_wallfinish_roof_w04_normal.png[39m[0m
[  98% ] [90m[1m_update_scan_actions[22m | T_wallfinish_roof_w04_roughness.png[39m[0m
[  98% ] [90m[1m_update_scan_actions[22m | floor_01.gltf[39m[0m
[  99% ] [90m[1m_update_scan_actions[22m | floor_02.gltf[39m[0m
[  99% ] [90m[1m_update_scan_actions[22m | floor_03.gltf[39m[0m
[  99% ] [90m[1m_update_scan_actions[22m | floor_04.gltf[39m[0m
[  99% ] [90m[1m_update_scan_actions[22m | floor_05.gltf[39m[0m
[  99% ] [90m[1m_update_scan_actions[22m | floor_06.gltf[39m[0m
[  99% ] [90m[1m_update_scan_actions[22m | floor_b1.gltf[39m[0m
[  99% ] [90m[1m_update_scan_actions[22m | roof.gltf[39m[0m
[92m[ DONE ][39m [1m_update_scan_actions[22m
[0m
[   0% ] [90m[1mreimport[22m | Started (Re)Importing Assets (194 steps)[39m[0m
[   0% ] [90m[1mreimport[22m | Preparing files to reimport...[39m[0m
[   0% ] [90m[1mreimport[22m | Preparing files to reimport...[39m[0m
[   1% ] [90m[1mreimport[22m | Preparing files to reimport...[39m[0m
[   1% ] [90m[1mreimport[22m | Preparing files to reimport...[39m[0m
[   2% ] [90m[1mreimport[22m | Preparing files to reimport...[39m[0m
[   2% ] [90m[1mreimport[22m | Preparing files to reimport...[39m[0m
[   3% ] [90m[1mreimport[22m | Preparing files to reimport...[39m[0m
[   3% ] [90m[1mreimport[22m | Preparing files to reimport...[39m[0m
[   4% ] [90m[1mreimport[22m | Preparing files to reimport...[39m[0m
[   4% ] [90m[1mreimport[22m | Preparing files to reimport...[39m[0m
[   5% ] [90m[1mreimport[22m | Preparing files to reimport...[39m[0m
[   5% ] [90m[1mreimport[22m | Preparing files to reimport...[39m[0m
[   6% ] [90m[1mreimport[22m | Preparing files to reimport...[39m[0m
[   6% ] [90m[1mreimport[22m | Preparing files to reimport...[39m[0m
[   7% ] [90m[1mreimport[22m | Preparing files to reimport...[39m[0m
[   7% ] [90m[1mreimport[22m | Preparing files to reimport...[39m[0m
[   8% ] [90m[1mreimport[22m | Preparing files to reimport...[39m[0m
[   8% ] [90m[1mreimport[22m | Preparing files to reimport...[39m[0m
[   9% ] [90m[1mreimport[22m | Preparing files to reimport...[39m[0m
[   9% ] [90m[1mreimport[22m | Preparing files to reimport...[39m[0m
[  10% ] [90m[1mreimport[22m | Preparing files to reimport...[39m[0m
[  10% ] [90m[1mreimport[22m | Preparing files to reimport...[39m[0m
[  11% ] [90m[1mreimport[22m | Preparing files to reimport...[39m[0m
[  11% ] [90m[1mreimport[22m | Preparing files to reimport...[39m[0m
[  12% ] [90m[1mreimport[22m | Preparing files to reimport...[39m[0m
[  12% ] [90m[1mreimport[22m | Preparing files to reimport...[39m[0m
[  13% ] [90m[1mreimport[22m | Preparing files to reimport...[39m[0m
[  13% ] [90m[1mreimport[22m | Preparing files to reimport...[39m[0m
[  14% ] [90m[1mreimport[22m | Preparing files to reimport...[39m[0m
[  14% ] [90m[1mreimport[22m | Preparing files to reimport...[39m[0m
[  15% ] [90m[1mreimport[22m | Preparing files to reimport...[39m[0m
[  15% ] [90m[1mreimport[22m | Preparing files to reimport...[39m[0m
[  16% ] [90m[1mreimport[22m | Preparing files to reimport...[39m[0m
[  16% ] [90m[1mreimport[22m | Preparing files to reimport...[39m[0m
[  17% ] [90m[1mreimport[22m | Preparing files to reimport...[39m[0m
[  17% ] [90m[1mreimport[22m | Preparing files to reimport...[39m[0m
[  18% ] [90m[1mreimport[22m | Preparing files to reimport...[39m[0m
[  18% ] [90m[1mreimport[22m | Preparing files to reimport...[39m[0m
[  19% ] [90m[1mreimport[22m | Preparing files to reimport...[39m[0m
[  20% ] [90m[1mreimport[22m | Preparing files to reimport...[39m[0m
[  20% ] [90m[1mreimport[22m | Preparing files to reimport...[39m[0m
[  21% ] [90m[1mreimport[22m | Preparing files to reimport...[39m[0m
[  21% ] [90m[1mreimport[22m | Preparing files to reimport...[39m[0m
[  22% ] [90m[1mreimport[22m | Preparing files to reimport...[39m[0m
[  22% ] [90m[1mreimport[22m | Preparing files to reimport...[39m[0m
[  23% ] [90m[1mreimport[22m | Preparing files to reimport...[39m[0m
[  23% ] [90m[1mreimport[22m | Preparing files to reimport...[39m[0m
[  24% ] [90m[1mreimport[22m | Preparing files to reimport...[39m[0m
[  24% ] [90m[1mreimport[22m | Preparing files to reimport...[39m[0m
[  25% ] [90m[1mreimport[22m | Preparing files to reimport...[39m[0m
[  25% ] [90m[1mreimport[22m | Preparing files to reimport...[39m[0m
[  26% ] [90m[1mreimport[22m | Preparing files to reimport...[39m[0m
[  26% ] [90m[1mreimport[22m | Preparing files to reimport...[39m[0m
[  27% ] [90m[1mreimport[22m | Preparing files to reimport...[39m[0m
[  27% ] [90m[1mreimport[22m | Preparing files to reimport...[39m[0m
[  28% ] [90m[1mreimport[22m | Preparing files to reimport...[39m[0m
[  28% ] [90m[1mreimport[22m | Preparing files to reimport...[39m[0m
[  29% ] [90m[1mreimport[22m | Preparing files to reimport...[39m[0m
[  29% ] [90m[1mreimport[22m | Preparing files to reimport...[39m[0m
[  30% ] [90m[1mreimport[22m | Preparing files to reimport...[39m[0m
[  30% ] [90m[1mreimport[22m | Preparing files to reimport...[39m[0m
[  31% ] [90m[1mreimport[22m | Preparing files to reimport...[39m[0m
[  31% ] [90m[1mreimport[22m | Preparing files to reimport...[39m[0m
[  32% ] [90m[1mreimport[22m | Preparing files to reimport...[39m[0m
[  32% ] [90m[1mreimport[22m | Preparing files to reimport...[39m[0m
[  33% ] [90m[1mreimport[22m | Preparing files to reimport...[39m[0m
[  33% ] [90m[1mreimport[22m | Preparing files to reimport...[39m[0m
[  34% ] [90m[1mreimport[22m | Preparing files to reimport...[39m[0m
[  34% ] [90m[1mreimport[22m | Preparing files to reimport...[39m[0m
[  35% ] [90m[1mreimport[22m | Preparing files to reimport...[39m[0m
[  35% ] [90m[1mreimport[22m | Preparing files to reimport...[39m[0m
[  36% ] [90m[1mreimport[22m | Preparing files to reimport...[39m[0m
[  36% ] [90m[1mreimport[22m | Preparing files to reimport...[39m[0m
[  37% ] [90m[1mreimport[22m | Preparing files to reimport...[39m[0m
[  37% ] [90m[1mreimport[22m | Preparing files to reimport...[39m[0m
[  38% ] [90m[1mreimport[22m | Preparing files to reimport...[39m[0m
[  38% ] [90m[1mreimport[22m | Preparing files to reimport...[39m[0m
[  39% ] [90m[1mreimport[22m | Preparing files to reimport...[39m[0m
[  40% ] [90m[1mreimport[22m | Preparing files to reimport...[39m[0m
[  40% ] [90m[1mreimport[22m | Preparing files to reimport...[39m[0m
[  41% ] [90m[1mreimport[22m | Preparing files to reimport...[39m[0m
[  41% ] [90m[1mreimport[22m | Preparing files to reimport...[39m[0m
[  42% ] [90m[1mreimport[22m | Preparing files to reimport...[39m[0m
[  42% ] [90m[1mreimport[22m | Preparing files to reimport...[39m[0m
[  43% ] [90m[1mreimport[22m | Preparing files to reimport...[39m[0m
[  43% ] [90m[1mreimport[22m | Preparing files to reimport...[39m[0m
[  44% ] [90m[1mreimport[22m | Preparing files to reimport...[39m[0m
[  44% ] [90m[1mreimport[22m | Preparing files to reimport...[39m[0m
[  45% ] [90m[1mreimport[22m | Preparing files to reimport...[39m[0m
[  45% ] [90m[1mreimport[22m | Preparing files to reimport...[39m[0m
[  46% ] [90m[1mreimport[22m | Preparing files to reimport...[39m[0m
[  46% ] [90m[1mreimport[22m | Preparing files to reimport...[39m[0m
[  47% ] [90m[1mreimport[22m | Preparing files to reimport...[39m[0m
[  47% ] [90m[1mreimport[22m | Preparing files to reimport...[39m[0m
[  48% ] [90m[1mreimport[22m | Preparing files to reimport...[39m[0m
[  48% ] [90m[1mreimport[22m | Preparing files to reimport...[39m[0m
[  49% ] [90m[1mreimport[22m | Preparing files to reimport...[39m[0m
[  49% ] [90m[1mreimport[22m | Preparing files to reimport...[39m[0m
[  50% ] [90m[1mreimport[22m | Preparing files to reimport...[39m[0m
[  50% ] [90m[1mreimport[22m | Preparing files to reimport...[39m[0m
[  51% ] [90m[1mreimport[22m | Preparing files to reimport...[39m[0m
[  51% ] [90m[1mreimport[22m | Preparing files to reimport...[39m[0m
[  52% ] [90m[1mreimport[22m | Preparing files to reimport...[39m[0m
[  52% ] [90m[1mreimport[22m | Preparing files to reimport...[39m[0m
[  53% ] [90m[1mreimport[22m | Preparing files to reimport...[39m[0m
[  53% ] [90m[1mreimport[22m | Preparing files to reimport...[39m[0m
[  54% ] [90m[1mreimport[22m | Preparing files to reimport...[39m[0m
[  54% ] [90m[1mreimport[22m | Preparing files to reimport...[39m[0m
[  55% ] [90m[1mreimport[22m | Preparing files to reimport...[39m[0m
[  55% ] [90m[1mreimport[22m | Preparing files to reimport...[39m[0m
[  56% ] [90m[1mreimport[22m | Preparing files to reimport...[39m[0m
[  56% ] [90m[1mreimport[22m | Preparing files to reimport...[39m[0m
[  57% ] [90m[1mreimport[22m | Preparing files to reimport...[39m[0m
[  57% ] [90m[1mreimport[22m | Preparing files to reimport...[39m[0m
[  58% ] [90m[1mreimport[22m | Preparing files to reimport...[39m[0m
[  58% ] [90m[1mreimport[22m | Preparing files to reimport...[39m[0m
[  59% ] [90m[1mreimport[22m | Preparing files to reimport...[39m[0m
[  60% ] [90m[1mreimport[22m | Preparing files to reimport...[39m[0m
[  60% ] [90m[1mreimport[22m | Preparing files to reimport...[39m[0m
[  61% ] [90m[1mreimport[22m | Preparing files to reimport...[39m[0m
[  61% ] [90m[1mreimport[22m | Preparing files to reimport...[39m[0m
[  62% ] [90m[1mreimport[22m | Preparing files to reimport...[39m[0m
[  62% ] [90m[1mreimport[22m | Preparing files to reimport...[39m[0m
[  63% ] [90m[1mreimport[22m | Preparing files to reimport...[39m[0m
[  63% ] [90m[1mreimport[22m | Preparing files to reimport...[39m[0m
[  64% ] [90m[1mreimport[22m | Preparing files to reimport...[39m[0m
[  64% ] [90m[1mreimport[22m | Preparing files to reimport...[39m[0m
[  65% ] [90m[1mreimport[22m | Preparing files to reimport...[39m[0m
[  65% ] [90m[1mreimport[22m | Preparing files to reimport...[39m[0m
[  66% ] [90m[1mreimport[22m | Preparing files to reimport...[39m[0m
[  66% ] [90m[1mreimport[22m | Preparing files to reimport...[39m[0m
[  67% ] [90m[1mreimport[22m | Preparing files to reimport...[39m[0m
[  67% ] [90m[1mreimport[22m | Preparing files to reimport...[39m[0m
[  68% ] [90m[1mreimport[22m | Preparing files to reimport...[39m[0m
[  68% ] [90m[1mreimport[22m | Preparing files to reimport...[39m[0m
[  69% ] [90m[1mreimport[22m | Preparing files to reimport...[39m[0m
[  69% ] [90m[1mreimport[22m | Preparing files to reimport...[39m[0m
[  70% ] [90m[1mreimport[22m | Preparing files to reimport...[39m[0m
[  70% ] [90m[1mreimport[22m | Preparing files to reimport...[39m[0m
[  71% ] [90m[1mreimport[22m | Preparing files to reimport...[39m[0m
[  71% ] [90m[1mreimport[22m | Preparing files to reimport...[39m[0m
[  72% ] [90m[1mreimport[22m | Preparing files to reimport...[39m[0m
[  72% ] [90m[1mreimport[22m | Preparing files to reimport...[39m[0m
[  73% ] [90m[1mreimport[22m | Preparing files to reimport...[39m[0m
[  73% ] [90m[1mreimport[22m | Preparing files to reimport...[39m[0m
[  74% ] [90m[1mreimport[22m | Preparing files to reimport...[39m[0m
[  74% ] [90m[1mreimport[22m | Preparing files to reimport...[39m[0m
[  75% ] [90m[1mreimport[22m | Preparing files to reimport...[39m[0m
[  75% ] [90m[1mreimport[22m | Preparing files to reimport...[39m[0m
[  76% ] [90m[1mreimport[22m | Preparing files to reimport...[39m[0m
[  76% ] [90m[1mreimport[22m | Preparing files to reimport...[39m[0m
[  77% ] [90m[1mreimport[22m | Preparing files to reimport...[39m[0m
[  77% ] [90m[1mreimport[22m | Preparing files to reimport...[39m[0m
[  78% ] [90m[1mreimport[22m | Preparing files to reimport...[39m[0m
[  78% ] [90m[1mreimport[22m | Preparing files to reimport...[39m[0m
[  79% ] [90m[1mreimport[22m | Preparing files to reimport...[39m[0m
[  80% ] [90m[1mreimport[22m | Preparing files to reimport...[39m[0m
[  80% ] [90m[1mreimport[22m | Preparing files to reimport...[39m[0m
[  81% ] [90m[1mreimport[22m | Preparing files to reimport...[39m[0m
[  81% ] [90m[1mreimport[22m | Preparing files to reimport...[39m[0m
[  82% ] [90m[1mreimport[22m | Preparing files to reimport...[39m[0m
[  82% ] [90m[1mreimport[22m | Preparing files to reimport...[39m[0m
[  83% ] [90m[1mreimport[22m | Preparing files to reimport...[39m[0m
[  83% ] [90m[1mreimport[22m | Preparing files to reimport...[39m[0m
[  84% ] [90m[1mreimport[22m | Preparing files to reimport...[39m[0m
[  84% ] [90m[1mreimport[22m | Preparing files to reimport...[39m[0m
[  85% ] [90m[1mreimport[22m | Preparing files to reimport...[39m[0m
[  85% ] [90m[1mreimport[22m | Preparing files to reimport...[39m[0m
[  86% ] [90m[1mreimport[22m | Preparing files to reimport...[39m[0m
[  86% ] [90m[1mreimport[22m | Preparing files to reimport...[39m[0m
[  87% ] [90m[1mreimport[22m | Preparing files to reimport...[39m[0m
[  87% ] [90m[1mreimport[22m | Preparing files to reimport...[39m[0m
[  88% ] [90m[1mreimport[22m | Preparing files to reimport...[39m[0m
[  88% ] [90m[1mreimport[22m | Preparing files to reimport...[39m[0m
[  89% ] [90m[1mreimport[22m | Preparing files to reimport...[39m[0m
[  89% ] [90m[1mreimport[22m | Preparing files to reimport...[39m[0m
[  90% ] [90m[1mreimport[22m | Preparing files to reimport...[39m[0m
[  90% ] [90m[1mreimport[22m | Preparing files to reimport...[39m[0m
[  91% ] [90m[1mreimport[22m | Preparing files to reimport...[39m[0m
[  91% ] [90m[1mreimport[22m | Preparing files to reimport...[39m[0m
[  92% ] [90m[1mreimport[22m | Preparing files to reimport...[39m[0m
[  92% ] [90m[1mreimport[22m | Preparing files to reimport...[39m[0m
[  93% ] [90m[1mreimport[22m | Preparing files to reimport...[39m[0m
[  93% ] [90m[1mreimport[22m | Preparing files to reimport...[39m[0m
[  94% ] [90m[1mreimport[22m | Preparing files to reimport...[39m[0m
[  94% ] [90m[1mreimport[22m | Preparing files to reimport...[39m[0m
[  95% ] [90m[1mreimport[22m | Preparing files to reimport...[39m[0m
[  95% ] [90m[1mreimport[22m | Preparing files to reimport...[39m[0m
[  96% ] [90m[1mreimport[22m | Preparing files to reimport...[39m[0m
[  96% ] [90m[1mreimport[22m | Preparing files to reimport...[39m[0m
[  97% ] [90m[1mreimport[22m | Preparing files to reimport...[39m[0m
[  97% ] [90m[1mreimport[22m | Preparing files to reimport...[39m[0m
[  98% ] [90m[1mreimport[22m | Preparing files to reimport...[39m[0m
[  98% ] [90m[1mreimport[22m | Preparing files to reimport...[39m[0m
[   0% ] [90m[1mreimport[22m | Executing pre-reimport operations...[39m[0m
[   0% ] [90m[1mpreload_reimporting_scene[22m | Started Preparing scenes for reload (1 steps)[39m[0m
[   0% ] [90m[1mpreload_reimporting_scene[22m | Analyzing scene [empty][39m[0m
[  50% ] [90m[1mpreload_reimporting_scene[22m | Preparation done.[39m[0m
[92m[ DONE ][39m [1mpreload_reimporting_scene[22m
[0m
[   0% ] [90m[1mreimport[22m | T_ai_materials_art_albedo.png[39m[0m
[   0% ] [90m[1mreimport[22m | T_ai_materials_art_rough.png[39m[0m
[   1% ] [90m[1mreimport[22m | T_ai_materials_art_normal.png[39m[0m
[   1% ] [90m[1mreimport[22m | T_generated_blind_slat_albedo.png[39m[0m
[   2% ] [90m[1mreimport[22m | T_generated_blind_slat_rough.png[39m[0m
[   2% ] [90m[1mreimport[22m | T_generated_blind_slat_normal.png[39m[0m
[   3% ] [90m[1mreimport[22m | T_ai_materials_cast_iron_c_albedo.png[39m[0m
[   3% ] [90m[1mreimport[22m | T_ai_materials_cast_iron_c_rough.png[39m[0m
[   4% ] [90m[1mreimport[22m | T_ai_materials_cast_iron_c_normal.png[39m[0m
[   4% ] [90m[1mreimport[22m | T_fx_fx_patch.png[39m[0m
[   5% ] [90m[1mreimport[22m | T_fx_fx_patch_rough.png[39m[0m
[   5% ] [90m[1mreimport[22m | T_fx_fx_patch_normal.png[39m[0m
[   6% ] [90m[1mreimport[22m | T_ai_materials_indicator_enamel_albedo.png[39m[0m
[   6% ] [90m[1mreimport[22m | T_ai_materials_indicator_enamel_rough.png[39m[0m
[   7% ] [90m[1mreimport[22m | T_ai_materials_indicator_enamel_normal.png[39m[0m
[   7% ] [90m[1mreimport[22m | T_ai_materials_linoleum_c_albedo.png[39m[0m
[   8% ] [90m[1mreimport[22m | T_ai_materials_linoleum_c_rough.png[39m[0m
[   8% ] [90m[1mreimport[22m | T_ai_materials_linoleum_c_normal.png[39m[0m
[   9% ] [90m[1mreimport[22m | T_ai_materials_rug_warm_c_albedo.png[39m[0m
[   9% ] [90m[1mreimport[22m | T_ai_materials_rug_warm_c_rough.png[39m[0m
[  10% ] [90m[1mreimport[22m | T_ai_materials_rug_warm_c_normal.png[39m[0m
[  10% ] [90m[1mreimport[22m | T_fx_fx_ao.png[39m[0m
[  11% ] [90m[1mreimport[22m | T_generated_sash_albedo.png[39m[0m
[  11% ] [90m[1mreimport[22m | T_generated_sash_rough.png[39m[0m
[  12% ] [90m[1mreimport[22m | T_ai_materials_nickel_plated_albedo.png[39m[0m
[  12% ] [90m[1mreimport[22m | T_ai_materials_nickel_plated_rough.png[39m[0m
[  13% ] [90m[1mreimport[22m | T_ai_materials_nickel_plated_normal.png[39m[0m
[  13% ] [90m[1mreimport[22m | T_ai_materials_paper_c_albedo.png[39m[0m
[  14% ] [90m[1mreimport[22m | T_ai_materials_paper_c_rough.png[39m[0m
[  14% ] [90m[1mreimport[22m | T_ai_materials_paper_c_normal.png[39m[0m
[  15% ] [90m[1mreimport[22m | T_ai_materials_plywood_c_albedo.png[39m[0m
[  15% ] [90m[1mreimport[22m | T_ai_materials_plywood_c_rough.png[39m[0m
[  16% ] [90m[1mreimport[22m | T_ai_materials_plywood_c_normal.png[39m[0m
[  16% ] [90m[1mreimport[22m | T_ai_materials_porcelain_c_albedo.png[39m[0m
[  17% ] [90m[1mreimport[22m | T_ai_materials_porcelain_c_rough.png[39m[0m
[  17% ] [90m[1mreimport[22m | T_ai_materials_porcelain_c_normal.png[39m[0m
[  18% ] [90m[1mreimport[22m | T_ai_materials_soot_c_albedo.png[39m[0m
[  18% ] [90m[1mreimport[22m | T_ai_materials_soot_c_rough.png[39m[0m
[  19% ] [90m[1mreimport[22m | T_ai_materials_soot_c_normal.png[39m[0m
[  20% ] [90m[1mreimport[22m | T_ai_materials_timber_c_albedo.png[39m[0m
[  20% ] [90m[1mreimport[22m | T_ai_materials_timber_c_rough.png[39m[0m
[  21% ] [90m[1mreimport[22m | T_ai_materials_timber_c_normal.png[39m[0m
[  21% ] [90m[1mreimport[22m | T_ai_materials_trim_c_albedo.png[39m[0m
[  22% ] [90m[1mreimport[22m | T_ai_materials_trim_c_rough.png[39m[0m
[  22% ] [90m[1mreimport[22m | T_ai_materials_trim_c_normal.png[39m[0m
[  23% ] [90m[1mreimport[22m | T_ai_materials_wood_dark_c_albedo.png[39m[0m
[  23% ] [90m[1mreimport[22m | T_ai_materials_wood_dark_c_rough.png[39m[0m
[  24% ] [90m[1mreimport[22m | T_ai_materials_wood_dark_c_normal.png[39m[0m
[  24% ] [90m[1mreimport[22m | T_ai_materials_subway_tile_c_albedo.png[39m[0m
[  25% ] [90m[1mreimport[22m | T_ai_materials_subway_tile_c_rough.png[39m[0m
[  25% ] [90m[1mreimport[22m | T_ai_materials_subway_tile_c_normal.png[39m[0m
[  26% ] [90m[1mreimport[22m | T_ai_materials_wainscot_c_albedo.png[39m[0m
[  26% ] [90m[1mreimport[22m | T_ai_materials_wainscot_c_rough.png[39m[0m
[  27% ] [90m[1mreimport[22m | T_ai_materials_wainscot_c_normal.png[39m[0m
[  27% ] [90m[1mreimport[22m | T_ai_materials_common_brick_c_albedo.png[39m[0m
[  28% ] [90m[1mreimport[22m | T_ai_materials_common_brick_c_rough.png[39m[0m
[  28% ] [90m[1mreimport[22m | T_ai_materials_common_brick_c_normal.png[39m[0m
[  29% ] [90m[1mreimport[22m | T_ai_materials_face_brick_c_albedo.png[39m[0m
[  29% ] [90m[1mreimport[22m | T_ai_materials_face_brick_c_rough.png[39m[0m
[  30% ] [90m[1mreimport[22m | T_ai_materials_face_brick_c_normal.png[39m[0m
[  30% ] [90m[1mreimport[22m | T_fx_fx_drip.png[39m[0m
[  31% ] [90m[1mreimport[22m | T_fx_fx_drip_rough.png[39m[0m
[  31% ] [90m[1mreimport[22m | T_fx_fx_drip_normal.png[39m[0m
[  32% ] [90m[1mreimport[22m | T_fx_fx_grease.png[39m[0m
[  32% ] [90m[1mreimport[22m | T_fx_fx_grease_rough.png[39m[0m
[  33% ] [90m[1mreimport[22m | T_fx_fx_grease_normal.png[39m[0m
[  33% ] [90m[1mreimport[22m | T_fx_fx_scuff.png[39m[0m
[  34% ] [90m[1mreimport[22m | T_fx_fx_scuff_rough.png[39m[0m
[  34% ] [90m[1mreimport[22m | T_fx_fx_scuff_normal.png[39m[0m
[  35% ] [90m[1mreimport[22m | T_fx_fx_traffic.png[39m[0m
[  35% ] [90m[1mreimport[22m | T_fx_fx_traffic_rough.png[39m[0m
[  36% ] [90m[1mreimport[22m | T_fx_fx_traffic_normal.png[39m[0m
[  36% ] [90m[1mreimport[22m | T_generated_sash_normal.png[39m[0m
[  37% ] [90m[1mreimport[22m | T_ai_materials_slab_c_albedo.png[39m[0m
[  37% ] [90m[1mreimport[22m | T_ai_materials_slab_c_rough.png[39m[0m
[  38% ] [90m[1mreimport[22m | T_ai_materials_slab_c_normal.png[39m[0m
[  38% ] [90m[1mreimport[22m | T_ai_materials_stair_c_albedo.png[39m[0m
[  39% ] [90m[1mreimport[22m | T_ai_materials_stair_c_rough.png[39m[0m
[  40% ] [90m[1mreimport[22m | T_ai_materials_stair_c_normal.png[39m[0m
[  40% ] [90m[1mreimport[22m | T_ai_materials_baluster_c_albedo.png[39m[0m
[  41% ] [90m[1mreimport[22m | T_ai_materials_baluster_c_rough.png[39m[0m
[  41% ] [90m[1mreimport[22m | T_ai_materials_baluster_c_normal.png[39m[0m
[  42% ] [90m[1mreimport[22m | T_ai_materials_terrazzo_albedo.png[39m[0m
[  42% ] [90m[1mreimport[22m | T_ai_materials_terrazzo_rough.png[39m[0m
[  43% ] [90m[1mreimport[22m | T_ai_materials_terrazzo_normal.png[39m[0m
[  43% ] [90m[1mreimport[22m | T_ai_materials_handrail_wood_c_albedo.png[39m[0m
[  44% ] [90m[1mreimport[22m | T_ai_materials_handrail_wood_c_rough.png[39m[0m
[  44% ] [90m[1mreimport[22m | T_ai_materials_handrail_wood_c_normal.png[39m[0m
[  45% ] [90m[1mreimport[22m | T_fx_fx_ceiling_soffit_failed.png[39m[0m
[  45% ] [90m[1mreimport[22m | T_fx_fx_ceiling_soffit_failed_rough.png[39m[0m
[  46% ] [90m[1mreimport[22m | T_fx_fx_ceiling_soffit_failed_normal.png[39m[0m
[  46% ] [90m[1mreimport[22m | T_ai_materials_stair_treads_albedo.png[39m[0m
[  47% ] [90m[1mreimport[22m | T_ai_materials_stair_treads_rough.png[39m[0m
[  47% ] [90m[1mreimport[22m | T_ai_materials_stair_treads_normal.png[39m[0m
[  48% ] [90m[1mreimport[22m | T_ai_materials_limestone_c_albedo.png[39m[0m
[  48% ] [90m[1mreimport[22m | T_ai_materials_limestone_c_rough.png[39m[0m
[  49% ] [90m[1mreimport[22m | T_ai_materials_limestone_c_normal.png[39m[0m
[  49% ] [90m[1mreimport[22m | T_wallfinish_f02_w05_albedo.png[39m[0m
[  50% ] [90m[1mreimport[22m | T_wallfinish_f02_w05_roughness.png[39m[0m
[  50% ] [90m[1mreimport[22m | T_wallfinish_f02_w05_normal.png[39m[0m
[  51% ] [90m[1mreimport[22m | T_wallfinish_f02_w06_albedo.png[39m[0m
[  51% ] [90m[1mreimport[22m | T_wallfinish_f02_w06_roughness.png[39m[0m
[  52% ] [90m[1mreimport[22m | T_wallfinish_f02_w06_normal.png[39m[0m
[  52% ] [90m[1mreimport[22m | T_wallfinish_f02_w07_albedo.png[39m[0m
[  53% ] [90m[1mreimport[22m | T_wallfinish_f02_w07_roughness.png[39m[0m
[  53% ] [90m[1mreimport[22m | T_wallfinish_f02_w07_normal.png[39m[0m
[  54% ] [90m[1mreimport[22m | T_wallfinish_f02_w08_albedo.png[39m[0m
[  54% ] [90m[1mreimport[22m | T_wallfinish_f02_w08_roughness.png[39m[0m
[  55% ] [90m[1mreimport[22m | T_wallfinish_f02_w08_normal.png[39m[0m
[  55% ] [90m[1mreimport[22m | T_wallfinish_f02_w09_albedo.png[39m[0m
[  56% ] [90m[1mreimport[22m | T_wallfinish_f02_w09_roughness.png[39m[0m
[  56% ] [90m[1mreimport[22m | T_wallfinish_f02_w09_normal.png[39m[0m
[  57% ] [90m[1mreimport[22m | T_wallfinish_f02_w10_albedo.png[39m[0m
[  57% ] [90m[1mreimport[22m | T_wallfinish_f02_w10_roughness.png[39m[0m
[  58% ] [90m[1mreimport[22m | T_wallfinish_f02_w10_normal.png[39m[0m
[  58% ] [90m[1mreimport[22m | T_ai_materials_ceramic_c_albedo.png[39m[0m
[  59% ] [90m[1mreimport[22m | T_ai_materials_ceramic_c_rough.png[39m[0m
[  60% ] [90m[1mreimport[22m | T_ai_materials_ceramic_c_normal.png[39m[0m
[  60% ] [90m[1mreimport[22m | T_ai_materials_concrete_c_albedo.png[39m[0m
[  61% ] [90m[1mreimport[22m | T_ai_materials_concrete_c_rough.png[39m[0m
[  61% ] [90m[1mreimport[22m | T_ai_materials_concrete_c_normal.png[39m[0m
[  62% ] [90m[1mreimport[22m | T_ai_materials_plaster_c_albedo.png[39m[0m
[  62% ] [90m[1mreimport[22m | T_ai_materials_plaster_c_rough.png[39m[0m
[  63% ] [90m[1mreimport[22m | T_ai_materials_plaster_c_normal.png[39m[0m
[  63% ] [90m[1mreimport[22m | T_ai_materials_plaster_stained_c_albedo.png[39m[0m
[  64% ] [90m[1mreimport[22m | T_ai_materials_plaster_stained_c_rough.png[39m[0m
[  64% ] [90m[1mreimport[22m | T_ai_materials_plaster_stained_c_normal.png[39m[0m
[  65% ] [90m[1mreimport[22m | T_ai_materials_tin_ceiling_c_albedo.png[39m[0m
[  65% ] [90m[1mreimport[22m | T_ai_materials_tin_ceiling_c_rough.png[39m[0m
[  66% ] [90m[1mreimport[22m | T_ai_materials_tin_ceiling_c_normal.png[39m[0m
[  66% ] [90m[1mreimport[22m | T_wallfinish_f02_w00_albedo.png[39m[0m
[  67% ] [90m[1mreimport[22m | T_wallfinish_f02_w00_roughness.png[39m[0m
[  67% ] [90m[1mreimport[22m | T_wallfinish_f02_w00_normal.png[39m[0m
[  68% ] [90m[1mreimport[22m | T_wallfinish_f02_w01_albedo.png[39m[0m
[  68% ] [90m[1mreimport[22m | T_wallfinish_f02_w01_roughness.png[39m[0m
[  69% ] [90m[1mreimport[22m | T_wallfinish_f02_w01_normal.png[39m[0m
[  69% ] [90m[1mreimport[22m | T_wallfinish_f02_w02_albedo.png[39m[0m
[  70% ] [90m[1mreimport[22m | T_wallfinish_f02_w02_roughness.png[39m[0m
[  70% ] [90m[1mreimport[22m | T_wallfinish_f02_w02_normal.png[39m[0m
[  71% ] [90m[1mreimport[22m | T_wallfinish_f02_w03_albedo.png[39m[0m
[  71% ] [90m[1mreimport[22m | T_wallfinish_f02_w03_roughness.png[39m[0m
[  72% ] [90m[1mreimport[22m | T_wallfinish_f02_w03_normal.png[39m[0m
[  72% ] [90m[1mreimport[22m | T_wallfinish_f02_w04_albedo.png[39m[0m
[  73% ] [90m[1mreimport[22m | T_wallfinish_f02_w04_roughness.png[39m[0m
[  73% ] [90m[1mreimport[22m | T_wallfinish_f02_w04_normal.png[39m[0m
[  74% ] [90m[1mreimport[22m | T_ai_materials_countertop_c_albedo.png[39m[0m
[  74% ] [90m[1mreimport[22m | T_ai_materials_countertop_c_rough.png[39m[0m
[  75% ] [90m[1mreimport[22m | T_ai_materials_countertop_c_normal.png[39m[0m
[  75% ] [90m[1mreimport[22m | T_ai_materials_enamel_c_albedo.png[39m[0m
[  76% ] [90m[1mreimport[22m | T_ai_materials_enamel_c_rough.png[39m[0m
[  76% ] [90m[1mreimport[22m | T_ai_materials_enamel_c_normal.png[39m[0m
[  77% ] [90m[1mreimport[22m | T_ai_materials_fabric_cool_c_albedo.png[39m[0m
[  77% ] [90m[1mreimport[22m | T_ai_materials_fabric_cool_c_rough.png[39m[0m
[  78% ] [90m[1mreimport[22m | T_ai_materials_fabric_cool_c_normal.png[39m[0m
[  78% ] [90m[1mreimport[22m | T_ai_materials_fabric_green_c_albedo.png[39m[0m
[  79% ] [90m[1mreimport[22m | T_ai_materials_fabric_green_c_rough.png[39m[0m
[  80% ] [90m[1mreimport[22m | T_ai_materials_fabric_green_c_normal.png[39m[0m
[  80% ] [90m[1mreimport[22m | T_ai_materials_fabric_warm_c_albedo.png[39m[0m
[  81% ] [90m[1mreimport[22m | T_ai_materials_fabric_warm_c_rough.png[39m[0m
[  81% ] [90m[1mreimport[22m | T_ai_materials_fabric_warm_c_normal.png[39m[0m
[  82% ] [90m[1mreimport[22m | T_fx_fx_shadow.png[39m[0m
[  82% ] [90m[1mreimport[22m | T_glass_rough.png[39m[0m
[  83% ] [90m[1mreimport[22m | T_glass_normal.png[39m[0m
[  83% ] [90m[1mreimport[22m | T_ai_materials_linen_c_albedo.png[39m[0m
[  84% ] [90m[1mreimport[22m | T_ai_materials_linen_c_rough.png[39m[0m
[  84% ] [90m[1mreimport[22m | T_ai_materials_linen_c_normal.png[39m[0m
[  85% ] [90m[1mreimport[22m | T_ai_materials_metal_c_albedo.png[39m[0m
[  85% ] [90m[1mreimport[22m | T_ai_materials_metal_c_rough.png[39m[0m
[  86% ] [90m[1mreimport[22m | T_ai_materials_metal_c_normal.png[39m[0m
[  86% ] [90m[1mreimport[22m | T_ai_materials_floor_oak_c_albedo.png[39m[0m
[  87% ] [90m[1mreimport[22m | T_ai_materials_floor_oak_c_rough.png[39m[0m
[  87% ] [90m[1mreimport[22m | T_ai_materials_floor_oak_c_normal.png[39m[0m
[  88% ] [90m[1mreimport[22m | T_ai_materials_terrazzo_c_albedo.png[39m[0m
[  88% ] [90m[1mreimport[22m | T_ai_materials_terrazzo_c_rough.png[39m[0m
[  89% ] [90m[1mreimport[22m | T_ai_materials_terrazzo_c_normal.png[39m[0m
[  89% ] [90m[1mreimport[22m | T_ai_materials_bakelite_c_albedo.png[39m[0m
[  90% ] [90m[1mreimport[22m | T_ai_materials_bakelite_c_rough.png[39m[0m
[  90% ] [90m[1mreimport[22m | T_ai_materials_bakelite_c_normal.png[39m[0m
[  91% ] [90m[1mreimport[22m | T_ai_materials_bakelite_black_albedo.png[39m[0m
[  91% ] [90m[1mreimport[22m | T_ai_materials_bakelite_black_rough.png[39m[0m
[  92% ] [90m[1mreimport[22m | T_ai_materials_bakelite_black_normal.png[39m[0m
[  92% ] [90m[1mreimport[22m | T_ai_materials_brass_c_albedo.png[39m[0m
[  93% ] [90m[1mreimport[22m | T_ai_materials_brass_c_rough.png[39m[0m
[  93% ] [90m[1mreimport[22m | T_ai_materials_brass_c_normal.png[39m[0m
[  94% ] [90m[1mreimport[22m | T_ai_materials_brass_bright_albedo.png[39m[0m
[  94% ] [90m[1mreimport[22m | T_ai_materials_brass_bright_rough.png[39m[0m
[  95% ] [90m[1mreimport[22m | T_ai_materials_brass_bright_normal.png[39m[0m
[  95% ] [90m[1mreimport[22m | T_ai_materials_brass_albedo.png[39m[0m
[  96% ] [90m[1mreimport[22m | T_ai_materials_brass_rough.png[39m[0m
[  96% ] [90m[1mreimport[22m | T_ai_materials_brass_normal.png[39m[0m
[  97% ] [90m[1mreimport[22m | T_ai_materials_chrome_c_albedo.png[39m[0m
[  97% ] [90m[1mreimport[22m | T_ai_materials_chrome_c_rough.png[39m[0m
[  98% ] [90m[1mreimport[22m | T_ai_materials_chrome_c_normal.png[39m[0m
[  98% ] [90m[1mreimport[22m | floor_02.gltf[39m[0m
[   0% ] [90m[1mimport[22m | Started Import Scene (104 steps)[39m[0m
[   0% ] [90m[1mimport[22m | Importing Scene...[39m[0m
[   1% ] [90m[1mimport[22m | Running Custom Script...[39m[0m
[  99% ] [90m[1mimport[22m | Saving...[39m[0m
[92m[ DONE ][39m [1mimport[22m
[0m
[  99% ] [90m[1mreimport[22m | Finalizing Asset Import...[39m[0m
[92m[ DONE ][39m [1mreimport[22m
[0m
[   0% ] [90m[1mreimport[22m | Started (Re)Importing Assets (194 steps)[39m[0m
[   0% ] [90m[1mreimport[22m | Executing post-reimport operations...[39m[0m
[92m[ DONE ][39m [1mreimport[22m
[0m
[   0% ] [90m[1mloading_editor_layout[22m | Started Loading editor (5 steps)[39m[0m
[   0% ] [90m[1mloading_editor_layout[22m | Loading editor layout...[39m[0m
[  16% ] [90m[1mloading_editor_layout[22m | Loading docks...[39m[0m
[  33% ] [90m[1mloading_editor_layout[22m | Reopening scenes...[39m[0m
[  50% ] [90m[1mloading_editor_layout[22m | Loading central editor layout...[39m[0m
[  66% ] [90m[1mloading_editor_layout[22m | Loading plugin window layout...[39m[0m
[  83% ] [90m[1mloading_editor_layout[22m | Editor layout ready.[39m[0m
[92m[ DONE ][39m [1mloading_editor_layout[22m
[0m
