Godot Engine v4.7.1.stable.official.a13da4feb - https://godotengine.org

[   0% ] [90m[1mfirst_scan_filesystem[22m | Started Project initialization (5 steps)[39m[0m
[   0% ] [90m[1mfirst_scan_filesystem[22m | Scanning file structure...[39m[0m
[  16% ] [90m[1mfirst_scan_filesystem[22m | Loading global class names...[39m[0m
[  33% ] [90m[1mfirst_scan_filesystem[22m | Verifying GDExtensions...[39m[0m
[  50% ] [90m[1mfirst_scan_filesystem[22m | Creating autoload scripts...[39m[0m
[  66% ] [90m[1mfirst_scan_filesystem[22m | Initializing plugins...[39m[0m
[  83% ] [90m[1mfirst_scan_filesystem[22m | Starting file scan...[39m[0m
[92m[ DONE ][39m [1mfirst_scan_filesystem[22m
[0m
[   0% ] [90m[1mupdate_scripts_classes[22m | Started Registering global classes... (26 steps)[39m[0m
[   0% ] [90m[1mupdate_scripts_classes[22m | [39m[0m
[   3% ] [90m[1mupdate_scripts_classes[22m | [39m[0m
[   7% ] [90m[1mupdate_scripts_classes[22m | [39m[0m
[  11% ] [90m[1mupdate_scripts_classes[22m | [39m[0m
[  14% ] [90m[1mupdate_scripts_classes[22m | [39m[0m
[  18% ] [90m[1mupdate_scripts_classes[22m | [39m[0m
[  22% ] [90m[1mupdate_scripts_classes[22m | [39m[0m
[  25% ] [90m[1mupdate_scripts_classes[22m | OrisonV2RuntimeRoot[39m[0m
[  29% ] [90m[1mupdate_scripts_classes[22m | OrisonV2ShopBucketRegistry[39m[0m
[  33% ] [90m[1mupdate_scripts_classes[22m | [39m[0m
[  37% ] [90m[1mupdate_scripts_classes[22m | [39m[0m
[  40% ] [90m[1mupdate_scripts_classes[22m | [39m[0m
[  44% ] [90m[1mupdate_scripts_classes[22m | [39m[0m
[  48% ] [90m[1mupdate_scripts_classes[22m | SwitchSystem[39m[0m
[  51% ] [90m[1mupdate_scripts_classes[22m | FirstShiftDirector[39m[0m
[  55% ] [90m[1mupdate_scripts_classes[22m | FunctionalProp[39m[0m
[  59% ] [90m[1mupdate_scripts_classes[22m | [39m[0m
[  62% ] [90m[1mupdate_scripts_classes[22m | [39m[0m
[  66% ] [90m[1mupdate_scripts_classes[22m | [39m[0m
[  70% ] [90m[1mupdate_scripts_classes[22m | [39m[0m
[  74% ] [90m[1mupdate_scripts_classes[22m | [39m[0m
[  77% ] [90m[1mupdate_scripts_classes[22m | [39m[0m
[  81% ] [90m[1mupdate_scripts_classes[22m | [39m[0m
[  85% ] [90m[1mupdate_scripts_classes[22m | [39m[0m
[  88% ] [90m[1mupdate_scripts_classes[22m | [39m[0m
[  92% ] [90m[1mupdate_scripts_classes[22m | [39m[0m
[92m[ DONE ][39m [1mupdate_scripts_classes[22m
[0m
[   0% ] [90m[1msavepack[22m | Started Packing (102 steps)[39m[0m
[   1% ] [90m[1msavepack[22m | Storing File: res://assets/arcade/arcade_cabinets.json[39m[0m
[   1% ] [90m[1msavepack[22m | Storing File: res://assets/arcade/semantic_scene.json[39m[0m
[   1% ] [90m[1msavepack[22m | Storing File: res://.godot/imported/ambient_basement_elevator.ogg-d7dee9361003bb9ed9f3ee40fab3228c.oggvorbisstr[39m[0m
[   1% ] [90m[1msavepack[22m | Storing File: res://assets/audio/freesound/processed/beds/ambient_basement_elevator.ogg.import[39m[0m
[   1% ] [90m[1msavepack[22m | Storing File: res://.godot/imported/ambient_building_radiators.ogg-97952c94203eaf32cd9f198c6d5beea9.oggvorbisstr[39m[0m
[   1% ] [90m[1msavepack[22m | Storing File: res://assets/audio/freesound/processed/beds/ambient_building_radiators.ogg.import[39m[0m
[   1% ] [90m[1msavepack[22m | Storing File: res://.godot/imported/ambient_city_night.ogg-9342b892f9072cb348754a80a6959aa0.oggvorbisstr[39m[0m
[   1% ] [90m[1msavepack[22m | Storing File: res://assets/audio/freesound/processed/beds/ambient_city_night.ogg.import[39m[0m
[   1% ] [90m[1msavepack[22m | Storing File: res://.godot/imported/ambient_roof_storm_city.ogg-c04e2a89b8dfead920e7b3a7b0189eaf.oggvorbisstr[39m[0m
[   1% ] [90m[1msavepack[22m | Storing File: res://assets/audio/freesound/processed/beds/ambient_roof_storm_city.ogg.import[39m[0m
[   1% ] [90m[1msavepack[22m | Storing File: res://.godot/imported/cellular_channel_tick.ogg-86f955d67ec221e75e15dc4ba9343946.oggvorbisstr[39m[0m
[   1% ] [90m[1msavepack[22m | Storing File: res://assets/audio/freesound/processed/cellular/cellular_channel_tick.ogg.import[39m[0m
[   1% ] [90m[1msavepack[22m | Storing File: res://.godot/imported/cellular_cilia_friction.ogg-cd7a87e43e41e05a594f810c062574d7.oggvorbisstr[39m[0m
[   1% ] [90m[1msavepack[22m | Storing File: res://assets/audio/freesound/processed/cellular/cellular_cilia_friction.ogg.import[39m[0m
[   1% ] [90m[1msavepack[22m | Storing File: res://.godot/imported/cellular_relay_hiss.ogg-a0592773a2948e2d7402ade645b758f2.oggvorbisstr[39m[0m
[   1% ] [90m[1msavepack[22m | Storing File: res://assets/audio/freesound/processed/cellular/cellular_relay_hiss.ogg.import[39m[0m
[   1% ] [90m[1msavepack[22m | Storing File: res://.godot/imported/cellular_vesicle_release.ogg-f496b1965644d43dcae734b243c1b269.oggvorbisstr[39m[0m
[   1% ] [90m[1msavepack[22m | Storing File: res://assets/audio/freesound/processed/cellular/cellular_vesicle_release.ogg.import[39m[0m
[   1% ] [90m[1msavepack[22m | Storing File: res://.godot/imported/distant_rain_people_train.ogg-3fd497b339da71d58463521167bdd74f.oggvorbisstr[39m[0m
[   1% ] [90m[1msavepack[22m | Storing File: res://assets/audio/freesound/processed/events/distant_rain_people_train.ogg.import[39m[0m
[   1% ] [90m[1msavepack[22m | Storing File: res://.godot/imported/door_squeak.wav-82eacdb04955339fbedc0c64bfa38d25.sample[39m[0m
[   1% ] [90m[1msavepack[22m | Storing File: res://assets/audio/freesound/processed/events/door_squeak.wav.import[39m[0m
[   1% ] [90m[1msavepack[22m | Storing File: res://.godot/imported/electric_power_down.wav-4f22f40a1eb600cb46e54b6909189b97.sample[39m[0m
[   1% ] [90m[1msavepack[22m | Storing File: res://assets/audio/freesound/processed/events/electric_power_down.wav.import[39m[0m
[   1% ] [90m[1msavepack[22m | Storing File: res://.godot/imported/hail_window.ogg-fb8ad5329cce380c8e9835c40d57e14a.oggvorbisstr[39m[0m
[   1% ] [90m[1msavepack[22m | Storing File: res://assets/audio/freesound/processed/events/hail_window.ogg.import[39m[0m
[   1% ] [90m[1msavepack[22m | Storing File: res://.godot/imported/radiator_whistle.ogg-3123443dfdfae1c6faad0154f9675c54.oggvorbisstr[39m[0m
[   1% ] [90m[1msavepack[22m | Storing File: res://assets/audio/freesound/processed/events/radiator_whistle.ogg.import[39m[0m
[   1% ] [90m[1msavepack[22m | Storing File: res://.godot/imported/stairs_footsteps.ogg-9365eaeebe8458dcd3429f038c5e09e9.oggvorbisstr[39m[0m
[   1% ] [90m[1msavepack[22m | Storing File: res://assets/audio/freesound/processed/events/stairs_footsteps.ogg.import[39m[0m
[   1% ] [90m[1msavepack[22m | Storing File: res://.godot/imported/water_droplets.wav-117f7f6db4471d9ccaa90e137ad214e3.sample[39m[0m
[   1% ] [90m[1msavepack[22m | Storing File: res://assets/audio/freesound/processed/events/water_droplets.wav.import[39m[0m
[   1% ] [90m[1msavepack[22m | Storing File: res://.godot/imported/appliance_pop.ogg-4f80c379b9967c5c068128cb15ae7a4d.oggvorbisstr[39m[0m
[   1% ] [90m[1msavepack[22m | Storing File: res://assets/audio/freesound/processed/mechanical/appliance_pop.ogg.import[39m[0m
[   1% ] [90m[1msavepack[22m | Storing File: res://.godot/imported/building_thud.ogg-b432e72d9b9718bff14d9dc0283ae814.oggvorbisstr[39m[0m
[   1% ] [90m[1msavepack[22m | Storing File: res://assets/audio/freesound/processed/mechanical/building_thud.ogg.import[39m[0m
[   1% ] [90m[1msavepack[22m | Storing File: res://.godot/imported/distant_breath.ogg-af2a52e68bd22f8abb30fdf9517346e3.oggvorbisstr[39m[0m
[   1% ] [90m[1msavepack[22m | Storing File: res://assets/audio/freesound/processed/mechanical/distant_breath.ogg.import[39m[0m
[   1% ] [90m[1msavepack[22m | Storing File: res://.godot/imported/electrical_buzz_loop.ogg-50cf698c61aaf69d1302c8822c5b3bb1.oggvorbisstr[39m[0m
[   1% ] [90m[1msavepack[22m | Storing File: res://assets/audio/freesound/processed/mechanical/electrical_buzz_loop.ogg.import[39m[0m
[   2% ] [90m[1msavepack[22m | Storing File: res://.godot/imported/elevator_bell.ogg-2f60116cc08d9ca2ba83b4bc142b018d.oggvorbisstr[39m[0m
[   2% ] [90m[1msavepack[22m | Storing File: res://assets/audio/freesound/processed/mechanical/elevator_bell.ogg.import[39m[0m
[   2% ] [90m[1msavepack[22m | Storing File: res://.godot/imported/line_murmur_loop.ogg-58dc2a86d2b9e887623cad7a05a443c3.oggvorbisstr[39m[0m
[   2% ] [90m[1msavepack[22m | Storing File: res://assets/audio/freesound/processed/mechanical/line_murmur_loop.ogg.import[39m[0m
[   2% ] [90m[1msavepack[22m | Storing File: res://.godot/imported/mechanical_hum_loop.ogg-16d994b76a10c4bbddeae4185625eb8c.oggvorbisstr[39m[0m
[   2% ] [90m[1msavepack[22m | Storing File: res://assets/audio/freesound/processed/mechanical/mechanical_hum_loop.ogg.import[39m[0m
[   2% ] [90m[1msavepack[22m | Storing File: res://.godot/imported/metal_tick.ogg-b1c95a215b3a6ae349163e1f09294533.oggvorbisstr[39m[0m
[   2% ] [90m[1msavepack[22m | Storing File: res://assets/audio/freesound/processed/mechanical/metal_tick.ogg.import[39m[0m
[   2% ] [90m[1msavepack[22m | Storing File: res://.godot/imported/operator_whistle.ogg-184bf106cc8a40bda770eae3695fc798.oggvorbisstr[39m[0m
[   2% ] [90m[1msavepack[22m | Storing File: res://assets/audio/freesound/processed/mechanical/operator_whistle.ogg.import[39m[0m
[   2% ] [90m[1msavepack[22m | Storing File: res://.godot/imported/pipe_knock.ogg-896a926570ba74a7f6738c1157bd70e5.oggvorbisstr[39m[0m
[   2% ] [90m[1msavepack[22m | Storing File: res://assets/audio/freesound/processed/mechanical/pipe_knock.ogg.import[39m[0m
[   2% ] [90m[1msavepack[22m | Storing File: res://.godot/imported/pressure_whistle_loop.ogg-8d0c083ba725832e145d5980cdbfe4ab.oggvorbisstr[39m[0m
[   2% ] [90m[1msavepack[22m | Storing File: res://assets/audio/freesound/processed/mechanical/pressure_whistle_loop.ogg.import[39m[0m
[   2% ] [90m[1msavepack[22m | Storing File: res://.godot/imported/timber_creak.ogg-681095ada9a99fb7d42195d25947d161.oggvorbisstr[39m[0m
[   2% ] [90m[1msavepack[22m | Storing File: res://assets/audio/freesound/processed/mechanical/timber_creak.ogg.import[39m[0m
[   2% ] [90m[1msavepack[22m | Storing File: res://.godot/imported/vantry_line_chirp.ogg-05c81da60d5af31683e287eb38937150.oggvorbisstr[39m[0m
[   2% ] [90m[1msavepack[22m | Storing File: res://assets/audio/freesound/processed/mechanical/vantry_line_chirp.ogg.import[39m[0m
[   2% ] [90m[1msavepack[22m | Storing File: res://.godot/imported/washer_agitate_loop.ogg-ef869f4b1fbf49c23833659a17a106b4.oggvorbisstr[39m[0m
[   2% ] [90m[1msavepack[22m | Storing File: res://assets/audio/freesound/processed/mechanical/washer_agitate_loop.ogg.import[39m[0m
[   2% ] [90m[1msavepack[22m | Storing File: res://.godot/imported/rain_on_metal.ogg-563a517d5a96609c4a33746479dcdd52.oggvorbisstr[39m[0m
[   2% ] [90m[1msavepack[22m | Storing File: res://assets/audio/freesound/processed/props/rain_on_metal.ogg.import[39m[0m
[   2% ] [90m[1msavepack[22m | Storing File: res://.godot/imported/shower_water.ogg-8fe8f266f62d36d5595380f546a886a2.oggvorbisstr[39m[0m
[   2% ] [90m[1msavepack[22m | Storing File: res://assets/audio/freesound/processed/props/shower_water.ogg.import[39m[0m
[   2% ] [90m[1msavepack[22m | Storing File: res://.godot/imported/sink_water.ogg-196f85c275d260f2b0c1c3d69694c291.oggvorbisstr[39m[0m
[   2% ] [90m[1msavepack[22m | Storing File: res://assets/audio/freesound/processed/props/sink_water.ogg.import[39m[0m
[   2% ] [90m[1msavepack[22m | Storing File: res://.godot/imported/streetlamp_buzz.ogg-e75dd5f132e9783b289d55e2a0d6f876.oggvorbisstr[39m[0m
[   2% ] [90m[1msavepack[22m | Storing File: res://assets/audio/freesound/processed/props/streetlamp_buzz.ogg.import[39m[0m
[   2% ] [90m[1msavepack[22m | Storing File: res://.godot/imported/after_the_last_elevator.webp-01cb598d24f08449c71ce5ecf7910ea4.ctex[39m[0m
[   2% ] [90m[1msavepack[22m | Storing File: res://assets/audio/music/covers/after_the_last_elevator.webp.import[39m[0m
[   2% ] [90m[1msavepack[22m | Storing File: res://.godot/imported/amber_rivers.webp-3537472e1e8c57ccbe699d26b0f7ab02.ctex[39m[0m
[   2% ] [90m[1msavepack[22m | Storing File: res://assets/audio/music/covers/amber_rivers.webp.import[39m[0m
[   2% ] [90m[1msavepack[22m | Storing File: res://.godot/imported/am_maintenance.webp-9fa309105502e1bc2ead6caba6f74001.ctex[39m[0m
[   2% ] [90m[1msavepack[22m | Storing File: res://assets/audio/music/covers/am_maintenance.webp.import[39m[0m
[   2% ] [90m[1msavepack[22m | Storing File: res://.godot/imported/ancient_angles.webp-3eb36f5e69956a91387371dbcab738c1.ctex[39m[0m
[   2% ] [90m[1msavepack[22m | Storing File: res://assets/audio/music/covers/ancient_angles.webp.import[39m[0m
[   2% ] [90m[1msavepack[22m | Storing File: res://.godot/imported/a_calculated_deviation.webp-b5746cd8e01e0ce152a92507f8019e49.ctex[39m[0m
[   2% ] [90m[1msavepack[22m | Storing File: res://assets/audio/music/covers/a_calculated_deviation.webp.import[39m[0m
[   2% ] [90m[1msavepack[22m | Storing File: res://.godot/imported/a_threat_in_the_blue.webp-ca4c8b0053a3db0e127080b5c4aeec42.ctex[39m[0m
[   2% ] [90m[1msavepack[22m | Storing File: res://assets/audio/music/covers/a_threat_in_the_blue.webp.import[39m[0m
[   2% ] [90m[1msavepack[22m | Storing File: res://.godot/imported/bloom_in_the_quiet.webp-908af520f0e92c6b8a81264eed4779a4.ctex[39m[0m
[   2% ] [90m[1msavepack[22m | Storing File: res://assets/audio/music/covers/bloom_in_the_quiet.webp.import[39m[0m
[   3% ] [90m[1msavepack[22m | Storing File: res://.godot/imported/desk_lamp_confessions.webp-828ebf59acfebfe4cca9f847e9aa4f97.ctex[39m[0m
[   3% ] [90m[1msavepack[22m | Storing File: res://assets/audio/music/covers/desk_lamp_confessions.webp.import[39m[0m
[   3% ] [90m[1msavepack[22m | Storing File: res://.godot/imported/felt_correct.webp-aa5f32923df1f34c754d5b692a99f812.ctex[39m[0m
[   3% ] [90m[1msavepack[22m | Storing File: res://assets/audio/music/covers/felt_correct.webp.import[39m[0m
[   3% ] [90m[1msavepack[22m | Storing File: res://.godot/imported/glass_orchard.webp-37c13964dc1fa83c845701b8e39d038c.ctex[39m[0m
[   3% ] [90m[1msavepack[22m | Storing File: res://assets/audio/music/covers/glass_orchard.webp.import[39m[0m
[   3% ] [90m[1msavepack[22m | Storing File: res://.godot/imported/glorious_stain.webp-be175a3a997d451ac43577876b4a89c0.ctex[39m[0m
[   3% ] [90m[1msavepack[22m | Storing File: res://assets/audio/music/covers/glorious_stain.webp.import[39m[0m
[   3% ] [90m[1msavepack[22m | Storing File: res://.godot/imported/golden_hour_blinds.webp-058833ca69d338e8781c7337e962d3f4.ctex[39m[0m
[   3% ] [90m[1msavepack[22m | Storing File: res://assets/audio/music/covers/golden_hour_blinds.webp.import[39m[0m
[   3% ] [90m[1msavepack[22m | Storing File: res://.godot/imported/gravity_in_the_grain.webp-2b502552643078a7c6bb1ed1751c19ba.ctex[39m[0m
[   3% ] [90m[1msavepack[22m | Storing File: res://assets/audio/music/covers/gravity_in_the_grain.webp.import[39m[0m
[   3% ] [90m[1msavepack[22m | Storing File: res://.godot/imported/grease_under_my_nails.webp-ee441bd2752be91f480d6bca823c34e3.ctex[39m[0m
[   3% ] [90m[1msavepack[22m | Storing File: res://assets/audio/music/covers/grease_under_my_nails.webp.import[39m[0m
[   3% ] [90m[1msavepack[22m | Storing File: res://.godot/imported/kindness_for_the_unseen.webp-1ce4b22c4ef796394df0649285f4b139.ctex[39m[0m
[   3% ] [90m[1msavepack[22m | Storing File: res://assets/audio/music/covers/kindness_for_the_unseen.webp.import[39m[0m
[   3% ] [90m[1msavepack[22m | Storing File: res://.godot/imported/linen_and_salt.webp-a82332e1d3377b7273258b9a8809068b.ctex[39m[0m
[   3% ] [90m[1msavepack[22m | Storing File: res://assets/audio/music/covers/linen_and_salt.webp.import[39m[0m
[   3% ] [90m[1msavepack[22m | Storing File: res://.godot/imported/living_with_the_motor.webp-1bacdf81180f71eb1b4353a094ed52f6.ctex[39m[0m
[   3% ] [90m[1msavepack[22m | Storing File: res://assets/audio/music/covers/living_with_the_motor.webp.import[39m[0m
[   3% ] [90m[1msavepack[22m | Storing File: res://.godot/imported/mina_s_midday_quest.webp-e2b5bed81354a9931c42f7cd4e233a80.ctex[39m[0m
[   3% ] [90m[1msavepack[22m | Storing File: res://assets/audio/music/covers/mina_s_midday_quest.webp.import[39m[0m
[   3% ] [90m[1msavepack[22m | Storing File: res://.godot/imported/no_subject_line.webp-d5675c29efd89fd3673bbd95f6bb41f6.ctex[39m[0m
[   3% ] [90m[1msavepack[22m | Storing File: res://assets/audio/music/covers/no_subject_line.webp.import[39m[0m
[   3% ] [90m[1msavepack[22m | Storing File: res://.godot/imported/paper_sleep.webp-f110ef3088ccf90ebbb42cce5f8929ef.ctex[39m[0m
[   3% ] [90m[1msavepack[22m | Storing File: res://assets/audio/music/covers/paper_sleep.webp.import[39m[0m
[   3% ] [90m[1msavepack[22m | Storing File: res://.godot/imported/porcelain_blooms.webp-663eb6cc59b2cf23f94a40c753b4a0bd.ctex[39m[0m
[   3% ] [90m[1msavepack[22m | Storing File: res://assets/audio/music/covers/porcelain_blooms.webp.import[39m[0m
[   3% ] [90m[1msavepack[22m | Storing File: res://.godot/imported/properly_labeled.webp-8b9d7a121bbb5b0ab5280e158de5784e.ctex[39m[0m
[   3% ] [90m[1msavepack[22m | Storing File: res://assets/audio/music/covers/properly_labeled.webp.import[39m[0m
[   3% ] [90m[1msavepack[22m | Storing File: res://.godot/imported/rest_within_the_tide.webp-54a0e61f3bd0d6af7169e4c908739d44.ctex[39m[0m
[   3% ] [90m[1msavepack[22m | Storing File: res://assets/audio/music/covers/rest_within_the_tide.webp.import[39m[0m
[   3% ] [90m[1msavepack[22m | Storing File: res://.godot/imported/signed_in_white.webp-243d44b10af1f98cf74df94750bf7c1a.ctex[39m[0m
[   3% ] [90m[1msavepack[22m | Storing File: res://assets/audio/music/covers/signed_in_white.webp.import[39m[0m
[   3% ] [90m[1msavepack[22m | Storing File: res://.godot/imported/slow_stirring_morning.webp-5c42e12d2364b9eaabc0f191932ab8c0.ctex[39m[0m
[   3% ] [90m[1msavepack[22m | Storing File: res://assets/audio/music/covers/slow_stirring_morning.webp.import[39m[0m
[   3% ] [90m[1msavepack[22m | Storing File: res://.godot/imported/someone_bigger_is_holding.webp-2e219925c760eef28010981f4e6c1dc4.ctex[39m[0m
[   3% ] [90m[1msavepack[22m | Storing File: res://assets/audio/music/covers/someone_bigger_is_holding.webp.import[39m[0m
[   3% ] [90m[1msavepack[22m | Storing File: res://.godot/imported/stripes_of_velvet.webp-26760d3d7537925088815f257ff0d7be.ctex[39m[0m
[   3% ] [90m[1msavepack[22m | Storing File: res://assets/audio/music/covers/stripes_of_velvet.webp.import[39m[0m
[   4% ] [90m[1msavepack[22m | Storing File: res://.godot/imported/that_was_selection.webp-e3e784f4e3cb03de05cb2dac1c926fae.ctex[39m[0m
[   4% ] [90m[1msavepack[22m | Storing File: res://assets/audio/music/covers/that_was_selection.webp.import[39m[0m
[   4% ] [90m[1msavepack[22m | Storing File: res://.godot/imported/the_discipline_of_shadows.webp-e8caecfa32a8b424936e8e9eaa04fe67.ctex[39m[0m
[   4% ] [90m[1msavepack[22m | Storing File: res://assets/audio/music/covers/the_discipline_of_shadows.webp.import[39m[0m
[   4% ] [90m[1msavepack[22m | Storing File: res://.godot/imported/the_quarterly_audit.webp-340de5bcf3cd9a15e54cbfff7b787c48.ctex[39m[0m
[   4% ] [90m[1msavepack[22m | Storing File: res://assets/audio/music/covers/the_quarterly_audit.webp.import[39m[0m
[   4% ] [90m[1msavepack[22m | Storing File: res://.godot/imported/the_space_between.webp-cafdf6a82e4f751185fbad103933735d.ctex[39m[0m
[   4% ] [90m[1msavepack[22m | Storing File: res://assets/audio/music/covers/the_space_between.webp.import[39m[0m
[   4% ] [90m[1msavepack[22m | Storing File: res://.godot/imported/the_third_thread.webp-dc8ef37a7cc8749d610fd6791db92372.ctex[39m[0m
[   4% ] [90m[1msavepack[22m | Storing File: res://assets/audio/music/covers/the_third_thread.webp.import[39m[0m
[   4% ] [90m[1msavepack[22m | Storing File: res://.godot/imported/under_the_canopy.webp-3173a763b76efbfd517ab84f35091956.ctex[39m[0m
[   4% ] [90m[1msavepack[22m | Storing File: res://assets/audio/music/covers/under_the_canopy.webp.import[39m[0m
[   4% ] [90m[1msavepack[22m | Storing File: res://.godot/imported/velvet_firelight.webp-e3b9cf441c16f647122d98dfa2270bac.ctex[39m[0m
[   4% ] [90m[1msavepack[22m | Storing File: res://assets/audio/music/covers/velvet_firelight.webp.import[39m[0m
[   4% ] [90m[1msavepack[22m | Storing File: res://.godot/imported/waiting_for_the_cloudburst.webp-870808bc7ff5052b81626e8b7e740c2e.ctex[39m[0m
[   4% ] [90m[1msavepack[22m | Storing File: res://assets/audio/music/covers/waiting_for_the_cloudburst.webp.import[39m[0m
[   4% ] [90m[1msavepack[22m | Storing File: res://.godot/imported/wishes_in_the_glass.webp-5165d11071be6b14e517d8347838ce14.ctex[39m[0m
[   4% ] [90m[1msavepack[22m | Storing File: res://assets/audio/music/covers/wishes_in_the_glass.webp.import[39m[0m
[   4% ] [90m[1msavepack[22m | Storing File: res://.godot/imported/after_the_last_elevator.ogg-fdc9080c37db5be701f04ae203cc0410.oggvorbisstr[39m[0m
[   4% ] [90m[1msavepack[22m | Storing File: res://assets/audio/music/library/after_the_last_elevator.ogg.import[39m[0m
[   4% ] [90m[1msavepack[22m | Storing File: res://.godot/imported/amber_rivers.ogg-3236d3e4281798ad245ccb4d9d092540.oggvorbisstr[39m[0m
[   4% ] [90m[1msavepack[22m | Storing File: res://assets/audio/music/library/amber_rivers.ogg.import[39m[0m
[   4% ] [90m[1msavepack[22m | Storing File: res://.godot/imported/am_maintenance.ogg-74c65b3297ddefed20c8223615df1b6e.oggvorbisstr[39m[0m
[   4% ] [90m[1msavepack[22m | Storing File: res://assets/audio/music/library/am_maintenance.ogg.import[39m[0m
[   4% ] [90m[1msavepack[22m | Storing File: res://.godot/imported/ancient_angles.ogg-3923005ffd9fa03edba2a763cca78204.oggvorbisstr[39m[0m
[   4% ] [90m[1msavepack[22m | Storing File: res://assets/audio/music/library/ancient_angles.ogg.import[39m[0m
[   4% ] [90m[1msavepack[22m | Storing File: res://.godot/imported/a_calculated_deviation.ogg-f460a29d97736028a23d03792ff23685.oggvorbisstr[39m[0m
[   4% ] [90m[1msavepack[22m | Storing File: res://assets/audio/music/library/a_calculated_deviation.ogg.import[39m[0m
[   4% ] [90m[1msavepack[22m | Storing File: res://.godot/imported/a_threat_in_the_blue.ogg-9409abac02a3af6ac57086a365692ead.oggvorbisstr[39m[0m
[   4% ] [90m[1msavepack[22m | Storing File: res://assets/audio/music/library/a_threat_in_the_blue.ogg.import[39m[0m
[   4% ] [90m[1msavepack[22m | Storing File: res://.godot/imported/bloom_in_the_quiet.ogg-1d25278aeb0f061c83593144e8565e4b.oggvorbisstr[39m[0m
[   4% ] [90m[1msavepack[22m | Storing File: res://assets/audio/music/library/bloom_in_the_quiet.ogg.import[39m[0m
[   4% ] [90m[1msavepack[22m | Storing File: res://.godot/imported/desk_lamp_confessions.ogg-2ef4ba46afbe896b83131a81fd808921.oggvorbisstr[39m[0m
[   4% ] [90m[1msavepack[22m | Storing File: res://assets/audio/music/library/desk_lamp_confessions.ogg.import[39m[0m
[   4% ] [90m[1msavepack[22m | Storing File: res://.godot/imported/felt_correct.ogg-95c54d96d6c8dd54da7e3dae2884f84a.oggvorbisstr[39m[0m
[   4% ] [90m[1msavepack[22m | Storing File: res://assets/audio/music/library/felt_correct.ogg.import[39m[0m
[   4% ] [90m[1msavepack[22m | Storing File: res://.godot/imported/glass_orchard.ogg-8578b0ca2da272bedac9410f0d859771.oggvorbisstr[39m[0m
[   4% ] [90m[1msavepack[22m | Storing File: res://assets/audio/music/library/glass_orchard.ogg.import[39m[0m
[   4% ] [90m[1msavepack[22m | Storing File: res://.godot/imported/glorious_stain.ogg-9959ab5e2e045c24718c8d2210bcd32f.oggvorbisstr[39m[0m
[   4% ] [90m[1msavepack[22m | Storing File: res://assets/audio/music/library/glorious_stain.ogg.import[39m[0m
[   4% ] [90m[1msavepack[22m | Storing File: res://.godot/imported/golden_hour_blinds.ogg-77415552883d28afc9589699d521b68a.oggvorbisstr[39m[0m
[   4% ] [90m[1msavepack[22m | Storing File: res://assets/audio/music/library/golden_hour_blinds.ogg.import[39m[0m
[   5% ] [90m[1msavepack[22m | Storing File: res://.godot/imported/gravity_in_the_grain.ogg-5a2a49529190d6d1127fc91c947e3ab4.oggvorbisstr[39m[0m
[   5% ] [90m[1msavepack[22m | Storing File: res://assets/audio/music/library/gravity_in_the_grain.ogg.import[39m[0m
[   5% ] [90m[1msavepack[22m | Storing File: res://.godot/imported/grease_under_my_nails.ogg-e996e2ca99cc7387ac61907434c64393.oggvorbisstr[39m[0m
[   5% ] [90m[1msavepack[22m | Storing File: res://assets/audio/music/library/grease_under_my_nails.ogg.import[39m[0m
[   5% ] [90m[1msavepack[22m | Storing File: res://.godot/imported/kindness_for_the_unseen.ogg-3c07dc772211f2c54266e88e4f0e75b6.oggvorbisstr[39m[0m
[   5% ] [90m[1msavepack[22m | Storing File: res://assets/audio/music/library/kindness_for_the_unseen.ogg.import[39m[0m
[   5% ] [90m[1msavepack[22m | Storing File: res://.godot/imported/linen_and_salt.ogg-4306111dc510f337481908f3c254ef8a.oggvorbisstr[39m[0m
[   5% ] [90m[1msavepack[22m | Storing File: res://assets/audio/music/library/linen_and_salt.ogg.import[39m[0m
[   5% ] [90m[1msavepack[22m | Storing File: res://.godot/imported/living_with_the_motor.ogg-9f314ed5f5d3e958bd7e4440b6ffe985.oggvorbisstr[39m[0m
[   5% ] [90m[1msavepack[22m | Storing File: res://assets/audio/music/library/living_with_the_motor.ogg.import[39m[0m
[   5% ] [90m[1msavepack[22m | Storing File: res://.godot/imported/mina_s_midday_quest.ogg-1dd3c0dc32d326fd10526da959dc22bc.oggvorbisstr[39m[0m
[   5% ] [90m[1msavepack[22m | Storing File: res://assets/audio/music/library/mina_s_midday_quest.ogg.import[39m[0m
[   5% ] [90m[1msavepack[22m | Storing File: res://.godot/imported/no_subject_line.ogg-3932427889eb82720343a3c7bc32a087.oggvorbisstr[39m[0m
[   5% ] [90m[1msavepack[22m | Storing File: res://assets/audio/music/library/no_subject_line.ogg.import[39m[0m
[   5% ] [90m[1msavepack[22m | Storing File: res://.godot/imported/paper_sleep.ogg-125d509adae595aafcd6c80cbb69a412.oggvorbisstr[39m[0m
[   5% ] [90m[1msavepack[22m | Storing File: res://assets/audio/music/library/paper_sleep.ogg.import[39m[0m
[   5% ] [90m[1msavepack[22m | Storing File: res://.godot/imported/porcelain_blooms.ogg-5ce3941261cd67910e15228f82de7f24.oggvorbisstr[39m[0m
[   5% ] [90m[1msavepack[22m | Storing File: res://assets/audio/music/library/porcelain_blooms.ogg.import[39m[0m
[   5% ] [90m[1msavepack[22m | Storing File: res://.godot/imported/properly_labeled.ogg-0c8cdb4ba838c17c35f4f688fbd1f3a7.oggvorbisstr[39m[0m
[   5% ] [90m[1msavepack[22m | Storing File: res://assets/audio/music/library/properly_labeled.ogg.import[39m[0m
[   5% ] [90m[1msavepack[22m | Storing File: res://.godot/imported/rest_within_the_tide.ogg-931f19b3545b096a3fb6f3209553fbd1.oggvorbisstr[39m[0m
[   5% ] [90m[1msavepack[22m | Storing File: res://assets/audio/music/library/rest_within_the_tide.ogg.import[39m[0m
[   5% ] [90m[1msavepack[22m | Storing File: res://.godot/imported/signed_in_white.ogg-921414f348e8c1ee622c526e15e989db.oggvorbisstr[39m[0m
[   5% ] [90m[1msavepack[22m | Storing File: res://assets/audio/music/library/signed_in_white.ogg.import[39m[0m
[   5% ] [90m[1msavepack[22m | Storing File: res://.godot/imported/slow_stirring_morning.ogg-c035347383abfe444e3c4a55b029ade0.oggvorbisstr[39m[0m
[   5% ] [90m[1msavepack[22m | Storing File: res://assets/audio/music/library/slow_stirring_morning.ogg.import[39m[0m
[   5% ] [90m[1msavepack[22m | Storing File: res://.godot/imported/someone_bigger_is_holding.ogg-8debec91dde7897a3c04f0907a866358.oggvorbisstr[39m[0m
[   5% ] [90m[1msavepack[22m | Storing File: res://assets/audio/music/library/someone_bigger_is_holding.ogg.import[39m[0m
[   5% ] [90m[1msavepack[22m | Storing File: res://.godot/imported/stripes_of_velvet.ogg-23ed140c28dbcc366bba506162870e66.oggvorbisstr[39m[0m
[   5% ] [90m[1msavepack[22m | Storing File: res://assets/audio/music/library/stripes_of_velvet.ogg.import[39m[0m
[   5% ] [90m[1msavepack[22m | Storing File: res://.godot/imported/that_was_selection.ogg-c5f761ce4b3c6ebcb743cc4ce567adc1.oggvorbisstr[39m[0m
[   5% ] [90m[1msavepack[22m | Storing File: res://assets/audio/music/library/that_was_selection.ogg.import[39m[0m
[   5% ] [90m[1msavepack[22m | Storing File: res://.godot/imported/the_discipline_of_shadows.ogg-83de1364717b5422eeb37ce7c8ea4f5d.oggvorbisstr[39m[0m
[   5% ] [90m[1msavepack[22m | Storing File: res://assets/audio/music/library/the_discipline_of_shadows.ogg.import[39m[0m
[   5% ] [90m[1msavepack[22m | Storing File: res://.godot/imported/the_quarterly_audit.ogg-df34f0602d8263e5db207bd1f17d700a.oggvorbisstr[39m[0m
[   5% ] [90m[1msavepack[22m | Storing File: res://assets/audio/music/library/the_quarterly_audit.ogg.import[39m[0m
[   5% ] [90m[1msavepack[22m | Storing File: res://.godot/imported/the_space_between.ogg-18d54d639f5cfb3931adc250840c857a.oggvorbisstr[39m[0m
[   5% ] [90m[1msavepack[22m | Storing File: res://assets/audio/music/library/the_space_between.ogg.import[39m[0m
[   5% ] [90m[1msavepack[22m | Storing File: res://.godot/imported/the_third_thread.ogg-9b09b9502ad63256b4139e624bf78422.oggvorbisstr[39m[0m
[   5% ] [90m[1msavepack[22m | Storing File: res://assets/audio/music/library/the_third_thread.ogg.import[39m[0m
[   5% ] [90m[1msavepack[22m | Storing File: res://.godot/imported/under_the_canopy.ogg-e09cf8c4c8b2b7fa7848a0de19053d1d.oggvorbisstr[39m[0m
[   5% ] [90m[1msavepack[22m | Storing File: res://assets/audio/music/library/under_the_canopy.ogg.import[39m[0m
[   6% ] [90m[1msavepack[22m | Storing File: res://.godot/imported/velvet_firelight.ogg-f65308348cd8a81723892f8d88a34240.oggvorbisstr[39m[0m
[   6% ] [90m[1msavepack[22m | Storing File: res://assets/audio/music/library/velvet_firelight.ogg.import[39m[0m
[   6% ] [90m[1msavepack[22m | Storing File: res://.godot/imported/waiting_for_the_cloudburst.ogg-a22e8faccd60994beebc916d9c40e1bb.oggvorbisstr[39m[0m
[   6% ] [90m[1msavepack[22m | Storing File: res://assets/audio/music/library/waiting_for_the_cloudburst.ogg.import[39m[0m
[   6% ] [90m[1msavepack[22m | Storing File: res://.godot/imported/wishes_in_the_glass.ogg-f672eb1dd9487db5d738d5814c4eb8e5.oggvorbisstr[39m[0m
[   6% ] [90m[1msavepack[22m | Storing File: res://assets/audio/music/library/wishes_in_the_glass.ogg.import[39m[0m
[   6% ] [90m[1msavepack[22m | Storing File: res://.godot/imported/clockwork_waltz_escapement_failure.ogg-08402274378d034128829f27425b7185.oggvorbisstr[39m[0m
[   6% ] [90m[1msavepack[22m | Storing File: res://assets/audio/music/title/clockwork_waltz_escapement_failure.ogg.import[39m[0m
[   6% ] [90m[1msavepack[22m | Storing File: res://.godot/imported/clockwork_waltz_original.ogg-1a1bc00bfaf3fbfec9d76b6e1ff9cb09.oggvorbisstr[39m[0m
[   6% ] [90m[1msavepack[22m | Storing File: res://assets/audio/music/title/clockwork_waltz_original.ogg.import[39m[0m
[   6% ] [90m[1msavepack[22m | Storing File: res://.godot/imported/three_am_radiator.ogg-d163d84303581d0f1e5b67436b9ec958.oggvorbisstr[39m[0m
[   6% ] [90m[1msavepack[22m | Storing File: res://assets/audio/music/title/three_am_radiator.ogg.import[39m[0m
[   6% ] [90m[1msavepack[22m | Storing File: res://.godot/imported/viral_seed.ogg-befc5f05d706188204c710ae7bb333d9.oggvorbisstr[39m[0m
[   6% ] [90m[1msavepack[22m | Storing File: res://assets/audio/viral_seed.ogg.import[39m[0m
[   6% ] [90m[1msavepack[22m | Storing File: res://.godot/imported/orison_f01_interior.gltf-e84f79c4f9d1207e3ae3f3149033ce0e.scn[39m[0m
[   6% ] [90m[1msavepack[22m | Storing File: res://assets/building/floor_01_cells/orison_f01_interior.gltf.import[39m[0m
[   6% ] [90m[1msavepack[22m | Storing File: res://.godot/imported/orison_facade_shell.gltf-eb4992166200763304ce5e92a00ca215.scn[39m[0m
[   6% ] [90m[1msavepack[22m | Storing File: res://assets/building/floor_01_cells/orison_facade_shell.gltf.import[39m[0m
[   6% ] [90m[1msavepack[22m | Storing File: res://.godot/imported/passage.gltf-b31f3078d96e73dec24aab326f844259.scn[39m[0m
[   6% ] [90m[1msavepack[22m | Storing File: res://assets/building/floor_01_cells/passage.gltf.import[39m[0m
[   6% ] [90m[1msavepack[22m | Storing File: res://.godot/imported/shop_bar.gltf-7059dd4565482bab5abc85820ab2fb7a.scn[39m[0m
[   6% ] [90m[1msavepack[22m | Storing File: res://assets/building/floor_01_cells/shop_bar.gltf.import[39m[0m
[   6% ] [90m[1msavepack[22m | Storing File: res://.godot/imported/shop_bodega.gltf-ed2ac6e13c2675f85cc36e7db024af81.scn[39m[0m
[   6% ] [90m[1msavepack[22m | Storing File: res://assets/building/floor_01_cells/shop_bodega.gltf.import[39m[0m
[   6% ] [90m[1msavepack[22m | Storing File: res://.godot/imported/shop_funeral_parlour.gltf-ac38f59490db5f5c5e9d79e4d7410699.scn[39m[0m
[   6% ] [90m[1msavepack[22m | Storing File: res://assets/building/floor_01_cells/shop_funeral_parlour.gltf.import[39m[0m
[   6% ] [90m[1msavepack[22m | Storing File: res://.godot/imported/shop_hardware_paint.gltf-5fa7db9168fb194289d4341890065745.scn[39m[0m
[   6% ] [90m[1msavepack[22m | Storing File: res://assets/building/floor_01_cells/shop_hardware_paint.gltf.import[39m[0m
[   6% ] [90m[1msavepack[22m | Storing File: res://.godot/imported/shop_keys_cut.gltf-a09a573a41a1ae479680fa7939aea87a.scn[39m[0m
[   6% ] [90m[1msavepack[22m | Storing File: res://assets/building/floor_01_cells/shop_keys_cut.gltf.import[39m[0m
[   6% ] [90m[1msavepack[22m | Storing File: res://.godot/imported/shop_luncheonette.gltf-372a2d7958587adc9c5787af4c1c6d5a.scn[39m[0m
[   6% ] [90m[1msavepack[22m | Storing File: res://assets/building/floor_01_cells/shop_luncheonette.gltf.import[39m[0m
[   6% ] [90m[1msavepack[22m | Storing File: res://.godot/imported/shop_model_laundry.gltf-b58f6150b156b26529f4ed6496522f5b.scn[39m[0m
[   6% ] [90m[1msavepack[22m | Storing File: res://assets/building/floor_01_cells/shop_model_laundry.gltf.import[39m[0m
[   6% ] [90m[1msavepack[22m | Storing File: res://.godot/imported/shop_news_cigars.gltf-639767de03fb8c35c827919751655aad.scn[39m[0m
[   6% ] [90m[1msavepack[22m | Storing File: res://assets/building/floor_01_cells/shop_news_cigars.gltf.import[39m[0m
[   6% ] [90m[1msavepack[22m | Storing File: res://.godot/imported/shop_otis_son.gltf-8d80620a075c8f1c11916b1100528b08.scn[39m[0m
[   6% ] [90m[1msavepack[22m | Storing File: res://assets/building/floor_01_cells/shop_otis_son.gltf.import[39m[0m
[   6% ] [90m[1msavepack[22m | Storing File: res://.godot/imported/shop_pawnbroker.gltf-db2618fcdab0698383134ca17232afd9.scn[39m[0m
[   6% ] [90m[1msavepack[22m | Storing File: res://assets/building/floor_01_cells/shop_pawnbroker.gltf.import[39m[0m
[   7% ] [90m[1msavepack[22m | Storing File: res://.godot/imported/shop_photo_supplies.gltf-8a5f6fdc20921bf5705d4d651246de21.scn[39m[0m
[   7% ] [90m[1msavepack[22m | Storing File: res://assets/building/floor_01_cells/shop_photo_supplies.gltf.import[39m[0m
[   7% ] [90m[1msavepack[22m | Storing File: res://.godot/imported/shop_radio_service.gltf-dbf19d7a6ae871516147cc68f6e4a912.scn[39m[0m
[   7% ] [90m[1msavepack[22m | Storing File: res://assets/building/floor_01_cells/shop_radio_service.gltf.import[39m[0m
[   7% ] [90m[1msavepack[22m | Storing File: res://.godot/imported/shop_shoe_rebuilding.gltf-5b789565787d467858dcf8e419253db2.scn[39m[0m
[   7% ] [90m[1msavepack[22m | Storing File: res://assets/building/floor_01_cells/shop_shoe_rebuilding.gltf.import[39m[0m
[   7% ] [90m[1msavepack[22m | Storing File: res://.godot/imported/site_street_common.gltf-03b1fb6c9b02a090f547d79b2e0f693e.scn[39m[0m
[   7% ] [90m[1msavepack[22m | Storing File: res://assets/building/floor_01_cells/site_street_common.gltf.import[39m[0m
[   7% ] [90m[1msavepack[22m | Storing File: res://.godot/imported/domestic_residue_atlas.png-e3e694b1e65dadd4feadcb414e8c6320.ctex[39m[0m
[   7% ] [90m[1msavepack[22m | Storing File: res://assets/building/textures/atmospheric_decals/domestic_residue_atlas.png.import[39m[0m
[   7% ] [90m[1msavepack[22m | Storing File: res://.godot/imported/domestic_residue_atlas_chroma.png-ffe5da15cb9820906fc06cd15fd45f5b.ctex[39m[0m
[   7% ] [90m[1msavepack[22m | Storing File: res://assets/building/textures/atmospheric_decals/domestic_residue_atlas_chroma.png.import[39m[0m
[   7% ] [90m[1msavepack[22m | Storing File: res://.godot/imported/institutional_wear_atlas.png-d6cec0d7b541854d9741af7875396515.ctex[39m[0m
[   7% ] [90m[1msavepack[22m | Storing File: res://assets/building/textures/atmospheric_decals/institutional_wear_atlas.png.import[39m[0m
[   7% ] [90m[1msavepack[22m | Storing File: res://.godot/imported/institutional_wear_atlas_chroma.png-12bc17aeb6376ab15ebed1f1537863e4.ctex[39m[0m
[   7% ] [90m[1msavepack[22m | Storing File: res://assets/building/textures/atmospheric_decals/institutional_wear_atlas_chroma.png.import[39m[0m
[   7% ] [90m[1msavepack[22m | Storing File: res://.godot/imported/period_patterns_atlas.png-748b7bcce44afcd760c5b9acd4977182.ctex[39m[0m
[   7% ] [90m[1msavepack[22m | Storing File: res://assets/building/textures/atmospheric_decals/period_patterns_atlas.png.import[39m[0m
[   7% ] [90m[1msavepack[22m | Storing File: res://.godot/imported/uncanny_trace_atlas.png-69d2b4792bd54ce4477cb5e835958724.ctex[39m[0m
[   7% ] [90m[1msavepack[22m | Storing File: res://assets/building/textures/atmospheric_decals/uncanny_trace_atlas.png.import[39m[0m
[   7% ] [90m[1msavepack[22m | Storing File: res://.godot/imported/uncanny_trace_atlas_chroma.png-65e982603c8496441dcccb90456257e1.ctex[39m[0m
[   7% ] [90m[1msavepack[22m | Storing File: res://assets/building/textures/atmospheric_decals/uncanny_trace_atlas_chroma.png.import[39m[0m
[   7% ] [90m[1msavepack[22m | Storing File: res://.godot/imported/memories_floors_1_2.png-93055150849b415372a020273ea5d696.ctex[39m[0m
[   7% ] [90m[1msavepack[22m | Storing File: res://assets/building/textures/character_memories/memories_floors_1_2.png.import[39m[0m
[   7% ] [90m[1msavepack[22m | Storing File: res://.godot/imported/memories_floors_2_3.png-fc7b4f850f78deef4ab050f5fd8be74e.ctex[39m[0m
[   7% ] [90m[1msavepack[22m | Storing File: res://assets/building/textures/character_memories/memories_floors_2_3.png.import[39m[0m
[   7% ] [90m[1msavepack[22m | Storing File: res://.godot/imported/memories_floors_4_guest.png-c939ef1144e18a11e807ee40d1256fa3.ctex[39m[0m
[   7% ] [90m[1msavepack[22m | Storing File: res://assets/building/textures/character_memories/memories_floors_4_guest.png.import[39m[0m
[   7% ] [90m[1msavepack[22m | Storing File: res://.godot/imported/memories_floors_5_6.png-bfa5a1b4a3e288494fa35491afe2099a.ctex[39m[0m
[   7% ] [90m[1msavepack[22m | Storing File: res://assets/building/textures/character_memories/memories_floors_5_6.png.import[39m[0m
[   7% ] [90m[1msavepack[22m | Storing File: res://.godot/imported/memories_floor_6_private.png-a6704abc7a7e351f1acd3475b674e5b8.ctex[39m[0m
[   7% ] [90m[1msavepack[22m | Storing File: res://assets/building/textures/character_memories/memories_floor_6_private.png.import[39m[0m
[   7% ] [90m[1msavepack[22m | Storing File: res://.godot/imported/wall_art_floors_1_2.png-5f277babd796e55673292f7881506b03.ctex[39m[0m
[   7% ] [90m[1msavepack[22m | Storing File: res://assets/building/textures/character_wall_art/wall_art_floors_1_2.png.import[39m[0m
[   7% ] [90m[1msavepack[22m | Storing File: res://.godot/imported/wall_art_floors_2_3.png-2cc8d8ca0f156041c853841b0dedb2bf.ctex[39m[0m
[   7% ] [90m[1msavepack[22m | Storing File: res://assets/building/textures/character_wall_art/wall_art_floors_2_3.png.import[39m[0m
[   7% ] [90m[1msavepack[22m | Storing File: res://.godot/imported/wall_art_floors_4_guest.png-2342c7cf02714aedbb94b3a5c5887b7e.ctex[39m[0m
[   7% ] [90m[1msavepack[22m | Storing File: res://assets/building/textures/character_wall_art/wall_art_floors_4_guest.png.import[39m[0m
[   7% ] [90m[1msavepack[22m | Storing File: res://.godot/imported/wall_art_floors_5_6.png-d7e99fea756ef34b96f0d9cb2b67245e.ctex[39m[0m
[   7% ] [90m[1msavepack[22m | Storing File: res://assets/building/textures/character_wall_art/wall_art_floors_5_6.png.import[39m[0m
[   7% ] [90m[1msavepack[22m | Storing File: res://.godot/imported/wall_art_floor_6_private.png-e8d5ec73d026b3551ac1348dd6b507c5.ctex[39m[0m
[   7% ] [90m[1msavepack[22m | Storing File: res://assets/building/textures/character_wall_art/wall_art_floor_6_private.png.import[39m[0m
[   8% ] [90m[1msavepack[22m | Storing File: res://.godot/imported/dials_honest.png-bd4c103903936256c9590c87438c06f6.ctex[39m[0m
[   8% ] [90m[1msavepack[22m | Storing File: res://assets/building/textures/clocks/dials_honest.png.import[39m[0m
[   8% ] [90m[1msavepack[22m | Storing File: res://.godot/imported/dials_possessed.png-4c15ffc92fdee570d281dc26a229832a.ctex[39m[0m
[   8% ] [90m[1msavepack[22m | Storing File: res://assets/building/textures/clocks/dials_possessed.png.import[39m[0m
[   8% ] [90m[1msavepack[22m | Storing File: res://.godot/imported/exterior_damage_atlas.png-3a1f771d9caf9d69ea72aefa3d0211c3.ctex[39m[0m
[   8% ] [90m[1msavepack[22m | Storing File: res://assets/building/textures/exterior_details/exterior_damage_atlas.png.import[39m[0m
[   8% ] [90m[1msavepack[22m | Storing File: res://.godot/imported/exterior_damage_atlas_chroma.png-ab488dd359c3307c12dea11b4f545fe3.ctex[39m[0m
[   8% ] [90m[1msavepack[22m | Storing File: res://assets/building/textures/exterior_details/exterior_damage_atlas_chroma.png.import[39m[0m
[   8% ] [90m[1msavepack[22m | Storing File: res://.godot/imported/puddle_surface_v2.png-4d852b26d73aebddbd2c46bacfad5d29.ctex[39m[0m
[   8% ] [90m[1msavepack[22m | Storing File: res://assets/building/textures/exterior_details/puddle_surface_v2.png.import[39m[0m
[   8% ] [90m[1msavepack[22m | Storing File: res://.godot/imported/stained_cracked_prismatic_glass.png-70a63e51b75d90baa3de5e7000b8bf19.ctex[39m[0m
[   8% ] [90m[1msavepack[22m | Storing File: res://assets/building/textures/exterior_lighting/stained_cracked_prismatic_glass.png.import[39m[0m
[   8% ] [90m[1msavepack[22m | Storing File: res://.godot/imported/billboards_01.webp-f3c40ca09ac5027222b8c7c9f78e0000.ctex[39m[0m
[   8% ] [90m[1msavepack[22m | Storing File: res://assets/building/textures/found_art/billboards_01.webp.import[39m[0m
[   8% ] [90m[1msavepack[22m | Storing File: res://.godot/imported/editorial_01.webp-ab2da292cd3ac8650b2c833765557384.ctex[39m[0m
[   8% ] [90m[1msavepack[22m | Storing File: res://assets/building/textures/found_art/editorial_01.webp.import[39m[0m
[   8% ] [90m[1msavepack[22m | Storing File: res://.godot/imported/editorial_02.webp-d1e5e3b8fd2569b5065af39255fa2203.ctex[39m[0m
[   8% ] [90m[1msavepack[22m | Storing File: res://assets/building/textures/found_art/editorial_02.webp.import[39m[0m
[   8% ] [90m[1msavepack[22m | Storing File: res://.godot/imported/editorial_03.webp-26ea1974601585086b844f159f4aaaac.ctex[39m[0m
[   8% ] [90m[1msavepack[22m | Storing File: res://assets/building/textures/found_art/editorial_03.webp.import[39m[0m
[   8% ] [90m[1msavepack[22m | Storing File: res://.godot/imported/fine_art_01.webp-364e952d7976c0cbf0b405bf4ec7e23f.ctex[39m[0m
[   8% ] [90m[1msavepack[22m | Storing File: res://assets/building/textures/found_art/fine_art_01.webp.import[39m[0m
[   8% ] [90m[1msavepack[22m | Storing File: res://.godot/imported/fine_art_02.webp-c5cd20055ad61b38b9f3e70e575a0fe3.ctex[39m[0m
[   8% ] [90m[1msavepack[22m | Storing File: res://assets/building/textures/found_art/fine_art_02.webp.import[39m[0m
[   8% ] [90m[1msavepack[22m | Storing File: res://.godot/imported/orison_immortal_kitty_poster.webp-dee9339dd141b2dfa31adda472e3f688.ctex[39m[0m
[   8% ] [90m[1msavepack[22m | Storing File: res://assets/building/textures/found_art/orison_immortal_kitty_poster.webp.import[39m[0m
[   8% ] [90m[1msavepack[22m | Storing File: res://.godot/imported/posters_01.webp-552a2e37d3e64f0803abaffa9d394d50.ctex[39m[0m
[   8% ] [90m[1msavepack[22m | Storing File: res://assets/building/textures/found_art/posters_01.webp.import[39m[0m
[   8% ] [90m[1msavepack[22m | Storing File: res://.godot/imported/posters_02.webp-3a84a696631ab94e94dd3dcdcd3da840.ctex[39m[0m
[   8% ] [90m[1msavepack[22m | Storing File: res://assets/building/textures/found_art/posters_02.webp.import[39m[0m
[   8% ] [90m[1msavepack[22m | Storing File: res://.godot/imported/posters_03.webp-9c17345fcdc2bca6dd5b16d583bd4b4e.ctex[39m[0m
[   8% ] [90m[1msavepack[22m | Storing File: res://assets/building/textures/found_art/posters_03.webp.import[39m[0m
[   8% ] [90m[1msavepack[22m | Storing File: res://.godot/imported/posters_04.webp-1ed9451e1c915a914ae2cd2edcbba81b.ctex[39m[0m
[   8% ] [90m[1msavepack[22m | Storing File: res://assets/building/textures/found_art/posters_04.webp.import[39m[0m
[   8% ] [90m[1msavepack[22m | Storing File: res://.godot/imported/screens_01.webp-5aa71f1f60c5038f65559c5ceff124f2.ctex[39m[0m
[   8% ] [90m[1msavepack[22m | Storing File: res://assets/building/textures/found_art/screens_01.webp.import[39m[0m
[   8% ] [90m[1msavepack[22m | Storing File: res://.godot/imported/screens_02.webp-8befac21f07faf5d97a9f4860cabe264.ctex[39m[0m
[   8% ] [90m[1msavepack[22m | Storing File: res://assets/building/textures/found_art/screens_02.webp.import[39m[0m
[   8% ] [90m[1msavepack[22m | Storing File: res://.godot/imported/hallway_art_lower.png-5bb7f0715216730471c7888f25b181ee.ctex[39m[0m
[   8% ] [90m[1msavepack[22m | Storing File: res://assets/building/textures/hallway_art/hallway_art_lower.png.import[39m[0m
[   9% ] [90m[1msavepack[22m | Storing File: res://.godot/imported/hallway_art_upper.png-6e3aeb130c37e4a79486e54607725e80.ctex[39m[0m
[   9% ] [90m[1msavepack[22m | Storing File: res://assets/building/textures/hallway_art/hallway_art_upper.png.import[39m[0m
[   9% ] [90m[1msavepack[22m | Storing File: res://.godot/imported/stair_landing_art.png-aaf6b1faaf4ffa463150e5cc0f53d3c0.ctex[39m[0m
[   9% ] [90m[1msavepack[22m | Storing File: res://assets/building/textures/hallway_art/stair_landing_art.png.import[39m[0m
[   9% ] [90m[1msavepack[22m | Storing File: res://.godot/imported/asphalt.png-21ea0a77a46f91f37c29f9663b7e95f1.ctex[39m[0m
[   9% ] [90m[1msavepack[22m | Storing File: res://assets/building/textures/height/asphalt.png.import[39m[0m
[   9% ] [90m[1msavepack[22m | Storing File: res://.godot/imported/asphalt_b.png-e6bb90cb86411ca91060f994b1b6e3a5.ctex[39m[0m
[   9% ] [90m[1msavepack[22m | Storing File: res://assets/building/textures/height/asphalt_b.png.import[39m[0m
[   9% ] [90m[1msavepack[22m | Storing File: res://.godot/imported/asphalt_c.png-d3346c80749495c38c5fe6f122a9f4b8.ctex[39m[0m
[   9% ] [90m[1msavepack[22m | Storing File: res://assets/building/textures/height/asphalt_c.png.import[39m[0m
[   9% ] [90m[1msavepack[22m | Storing File: res://.godot/imported/asphalt_d.png-9059e6b63461aee3e3e8c8d2411728b4.ctex[39m[0m
[   9% ] [90m[1msavepack[22m | Storing File: res://assets/building/textures/height/asphalt_d.png.import[39m[0m
[   9% ] [90m[1msavepack[22m | Storing File: res://.godot/imported/brick.png-bd841ebcdfc0ce8b780ed9d597c2f446.ctex[39m[0m
[   9% ] [90m[1msavepack[22m | Storing File: res://assets/building/textures/height/brick.png.import[39m[0m
[   9% ] [90m[1msavepack[22m | Storing File: res://.godot/imported/brick_b.png-e03c33bb662ea1bd043f42872860ff9c.ctex[39m[0m
[   9% ] [90m[1msavepack[22m | Storing File: res://assets/building/textures/height/brick_b.png.import[39m[0m
[   9% ] [90m[1msavepack[22m | Storing File: res://.godot/imported/brick_c.png-8a8c266f9065b4b43458e7e4c933fe4a.ctex[39m[0m
[   9% ] [90m[1msavepack[22m | Storing File: res://assets/building/textures/height/brick_c.png.import[39m[0m
[   9% ] [90m[1msavepack[22m | Storing File: res://.godot/imported/brick_patched.png-3100c1cbfe342cbf2dd5514fbb4c5455.ctex[39m[0m
[   9% ] [90m[1msavepack[22m | Storing File: res://assets/building/textures/height/brick_patched.png.import[39m[0m
[   9% ] [90m[1msavepack[22m | Storing File: res://.godot/imported/brick_patched_b.png-f6518b333a17cb1e39f7a6f86891bc94.ctex[39m[0m
[   9% ] [90m[1msavepack[22m | Storing File: res://assets/building/textures/height/brick_patched_b.png.import[39m[0m
[   9% ] [90m[1msavepack[22m | Storing File: res://.godot/imported/brick_patched_c.png-e96fbd329719247ed9a1b1a125809b7c.ctex[39m[0m
[   9% ] [90m[1msavepack[22m | Storing File: res://assets/building/textures/height/brick_patched_c.png.import[39m[0m
[   9% ] [90m[1msavepack[22m | Storing File: res://.godot/imported/cast_iron.png-ed382e639deab6973a869db66732f5dd.ctex[39m[0m
[   9% ] [90m[1msavepack[22m | Storing File: res://assets/building/textures/height/cast_iron.png.import[39m[0m
[   9% ] [90m[1msavepack[22m | Storing File: res://.godot/imported/cast_iron_b.png-3040b3d070c299eaa01681525772afd0.ctex[39m[0m
[   9% ] [90m[1msavepack[22m | Storing File: res://assets/building/textures/height/cast_iron_b.png.import[39m[0m
[   9% ] [90m[1msavepack[22m | Storing File: res://.godot/imported/cast_iron_c.png-c03434cf2467b684dcdd89cdf4bfc2d8.ctex[39m[0m
[   9% ] [90m[1msavepack[22m | Storing File: res://assets/building/textures/height/cast_iron_c.png.import[39m[0m
[   9% ] [90m[1msavepack[22m | Storing File: res://.godot/imported/cast_iron_d.png-2f58f7ba43e4cc1974a76a889001d687.ctex[39m[0m
[   9% ] [90m[1msavepack[22m | Storing File: res://assets/building/textures/height/cast_iron_d.png.import[39m[0m
[   9% ] [90m[1msavepack[22m | Storing File: res://.godot/imported/ceramic.png-7eee840f5699cc8ec7b9f1cbf3469156.ctex[39m[0m
[   9% ] [90m[1msavepack[22m | Storing File: res://assets/building/textures/height/ceramic.png.import[39m[0m
[   9% ] [90m[1msavepack[22m | Storing File: res://.godot/imported/ceramic_b.png-e75c5cfd78c3c5d7112d702bd15248a0.ctex[39m[0m
[   9% ] [90m[1msavepack[22m | Storing File: res://assets/building/textures/height/ceramic_b.png.import[39m[0m
[   9% ] [90m[1msavepack[22m | Storing File: res://.godot/imported/ceramic_c.png-f081b232258288ab63d590db1decc01c.ctex[39m[0m
[   9% ] [90m[1msavepack[22m | Storing File: res://assets/building/textures/height/ceramic_c.png.import[39m[0m
[   9% ] [90m[1msavepack[22m | Storing File: res://.godot/imported/common_brick.png-556c90e0ba7beaabe57de376cc46caa8.ctex[39m[0m
[   9% ] [90m[1msavepack[22m | Storing File: res://assets/building/textures/height/common_brick.png.import[39m[0m
[   9% ] [90m[1msavepack[22m | Storing File: res://.godot/imported/common_brick_b.png-5ab7100b204e54d07a0e273a6f8d169b.ctex[39m[0m
[   9% ] [90m[1msavepack[22m | Storing File: res://assets/building/textures/height/common_brick_b.png.import[39m[0m
[  10% ] [90m[1msavepack[22m | Storing File: res://.godot/imported/common_brick_c.png-7f150d2b19978e76cab68f63dab2a9b6.ctex[39m[0m
[  10% ] [90m[1msavepack[22m | Storing File: res://assets/building/textures/height/common_brick_c.png.import[39m[0m
[  10% ] [90m[1msavepack[22m | Storing File: res://.godot/imported/concrete.png-d03beb603cf4c789c8481b2bdbacaca4.ctex[39m[0m
[  10% ] [90m[1msavepack[22m | Storing File: res://assets/building/textures/height/concrete.png.import[39m[0m
[  10% ] [90m[1msavepack[22m | Storing File: res://.godot/imported/concrete_b.png-c752575018edc915092f624e004e488c.ctex[39m[0m
[  10% ] [90m[1msavepack[22m | Storing File: res://assets/building/textures/height/concrete_b.png.import[39m[0m
[  10% ] [90m[1msavepack[22m | Storing File: res://.godot/imported/concrete_c.png-7c948e7020eb50d94a50ac405bbb777a.ctex[39m[0m
[  10% ] [90m[1msavepack[22m | Storing File: res://assets/building/textures/height/concrete_c.png.import[39m[0m
[  10% ] [90m[1msavepack[22m | Storing File: res://.godot/imported/concrete_d.png-0a82fb373d10ecb5e17250c41fcc7219.ctex[39m[0m
[  10% ] [90m[1msavepack[22m | Storing File: res://assets/building/textures/height/concrete_d.png.import[39m[0m
[  10% ] [90m[1msavepack[22m | Storing File: res://.godot/imported/face_brick.png-031a9c2890c5e442e2dd727a841f305d.ctex[39m[0m
[  10% ] [90m[1msavepack[22m | Storing File: res://assets/building/textures/height/face_brick.png.import[39m[0m
[  10% ] [90m[1msavepack[22m | Storing File: res://.godot/imported/face_brick_b.png-669ae036fc98ded0d2e89ee942061bd9.ctex[39m[0m
[  10% ] [90m[1msavepack[22m | Storing File: res://assets/building/textures/height/face_brick_b.png.import[39m[0m
[  10% ] [90m[1msavepack[22m | Storing File: res://.godot/imported/face_brick_c.png-88f25fe116be807c7c4ef60688c1617c.ctex[39m[0m
[  10% ] [90m[1msavepack[22m | Storing File: res://assets/building/textures/height/face_brick_c.png.import[39m[0m
[  10% ] [90m[1msavepack[22m | Storing File: res://.godot/imported/floor_oak.png-554356c92efe0e202fbde0005c6132f3.ctex[39m[0m
[  10% ] [90m[1msavepack[22m | Storing File: res://assets/building/textures/height/floor_oak.png.import[39m[0m
[  10% ] [90m[1msavepack[22m | Storing File: res://.godot/imported/floor_oak_b.png-5ef31be5a9cdcc14c554b4e57827be9d.ctex[39m[0m
[  10% ] [90m[1msavepack[22m | Storing File: res://assets/building/textures/height/floor_oak_b.png.import[39m[0m
[  10% ] [90m[1msavepack[22m | Storing File: res://.godot/imported/floor_oak_c.png-a9f47886d462e3a3d317f721ab788382.ctex[39m[0m
[  10% ] [90m[1msavepack[22m | Storing File: res://assets/building/textures/height/floor_oak_c.png.import[39m[0m
[  10% ] [90m[1msavepack[22m | Storing File: res://.godot/imported/landing.png-84ce3d6a19c492d5bb5a608cfdcac36f.ctex[39m[0m
[  10% ] [90m[1msavepack[22m | Storing File: res://assets/building/textures/height/landing.png.import[39m[0m
[  10% ] [90m[1msavepack[22m | Storing File: res://.godot/imported/limestone.png-0e1dfa90d28519e8147140b5725d4a64.ctex[39m[0m
[  10% ] [90m[1msavepack[22m | Storing File: res://assets/building/textures/height/limestone.png.import[39m[0m
[  10% ] [90m[1msavepack[22m | Storing File: res://.godot/imported/limestone_b.png-d285d624e959feed2aa45691553bcc66.ctex[39m[0m
[  10% ] [90m[1msavepack[22m | Storing File: res://assets/building/textures/height/limestone_b.png.import[39m[0m
[  10% ] [90m[1msavepack[22m | Storing File: res://.godot/imported/limestone_c.png-a49c527d366ba1f3e781b725df778ed1.ctex[39m[0m
[  10% ] [90m[1msavepack[22m | Storing File: res://assets/building/textures/height/limestone_c.png.import[39m[0m
[  10% ] [90m[1msavepack[22m | Storing File: res://.godot/imported/linoleum.png-6abbf16cabe0a213aa707b3e4e8433bd.ctex[39m[0m
[  10% ] [90m[1msavepack[22m | Storing File: res://assets/building/textures/height/linoleum.png.import[39m[0m
[  10% ] [90m[1msavepack[22m | Storing File: res://.godot/imported/linoleum_b.png-6d834cb2e3affa086a95802c3753b93c.ctex[39m[0m
[  10% ] [90m[1msavepack[22m | Storing File: res://assets/building/textures/height/linoleum_b.png.import[39m[0m
[  10% ] [90m[1msavepack[22m | Storing File: res://.godot/imported/linoleum_c.png-3b1e901f690e208df75d0b9062070a6a.ctex[39m[0m
[  10% ] [90m[1msavepack[22m | Storing File: res://assets/building/textures/height/linoleum_c.png.import[39m[0m
[  10% ] [90m[1msavepack[22m | Storing File: res://.godot/imported/marble_lobby.png-7c1f46fb9f517af2ddb04768611e5d3b.ctex[39m[0m
[  10% ] [90m[1msavepack[22m | Storing File: res://assets/building/textures/height/marble_lobby.png.import[39m[0m
[  10% ] [90m[1msavepack[22m | Storing File: res://.godot/imported/marble_lobby_b.png-888242a3be9460a9fc361944a471ed34.ctex[39m[0m
[  10% ] [90m[1msavepack[22m | Storing File: res://assets/building/textures/height/marble_lobby_b.png.import[39m[0m
[  10% ] [90m[1msavepack[22m | Storing File: res://.godot/imported/marble_lobby_c.png-ae4f6d0c1968c37ddc6a4445aa92c5fe.ctex[39m[0m
[  10% ] [90m[1msavepack[22m | Storing File: res://assets/building/textures/height/marble_lobby_c.png.import[39m[0m
[  11% ] [90m[1msavepack[22m | Storing File: res://.godot/imported/marble_lobby_d.png-47d983fc0a728edb4df15a2132f69b7b.ctex[39m[0m
[  11% ] [90m[1msavepack[22m | Storing File: res://assets/building/textures/height/marble_lobby_d.png.import[39m[0m
[  11% ] [90m[1msavepack[22m | Storing File: res://.godot/imported/plywood.png-dd36097e71134b47294724908ffbf98d.ctex[39m[0m
[  11% ] [90m[1msavepack[22m | Storing File: res://assets/building/textures/height/plywood.png.import[39m[0m
[  11% ] [90m[1msavepack[22m | Storing File: res://.godot/imported/plywood_b.png-e9a3dbadc6813df4bdb0ddf10369ffe9.ctex[39m[0m
[  11% ] [90m[1msavepack[22m | Storing File: res://assets/building/textures/height/plywood_b.png.import[39m[0m
[  11% ] [90m[1msavepack[22m | Storing File: res://.godot/imported/plywood_c.png-a6768b25bd9ed0723c34b1c33557f669.ctex[39m[0m
[  11% ] [90m[1msavepack[22m | Storing File: res://assets/building/textures/height/plywood_c.png.import[39m[0m
[  11% ] [90m[1msavepack[22m | Storing File: res://.godot/imported/plywood_d.png-fca0a46916e8f99f4ff2881d18286f32.ctex[39m[0m
[  11% ] [90m[1msavepack[22m | Storing File: res://assets/building/textures/height/plywood_d.png.import[39m[0m
[  11% ] [90m[1msavepack[22m | Storing File: res://.godot/imported/sidewalk_haunted.png-f4b9045c401b539bdf091364e74ab479.ctex[39m[0m
[  11% ] [90m[1msavepack[22m | Storing File: res://assets/building/textures/height/sidewalk_haunted.png.import[39m[0m
[  11% ] [90m[1msavepack[22m | Storing File: res://.godot/imported/sidewalk_haunted_b.png-1836cbb0d9f44703ae617cd0b1bef533.ctex[39m[0m
[  11% ] [90m[1msavepack[22m | Storing File: res://assets/building/textures/height/sidewalk_haunted_b.png.import[39m[0m
[  11% ] [90m[1msavepack[22m | Storing File: res://.godot/imported/slab.png-94c788ab8581124b6ec0453d18e10b9c.ctex[39m[0m
[  11% ] [90m[1msavepack[22m | Storing File: res://assets/building/textures/height/slab.png.import[39m[0m
[  11% ] [90m[1msavepack[22m | Storing File: res://.godot/imported/slab_b.png-13840feeffef21e18761f0e67f6612b6.ctex[39m[0m
[  11% ] [90m[1msavepack[22m | Storing File: res://assets/building/textures/height/slab_b.png.import[39m[0m
[  11% ] [90m[1msavepack[22m | Storing File: res://.godot/imported/slab_c.png-73aab7f16be1a4ec564b776f3b9c5c7e.ctex[39m[0m
[  11% ] [90m[1msavepack[22m | Storing File: res://assets/building/textures/height/slab_c.png.import[39m[0m
[  11% ] [90m[1msavepack[22m | Storing File: res://.godot/imported/slab_d.png-52c037d5dad423ee3e81cd50f86750b7.ctex[39m[0m
[  11% ] [90m[1msavepack[22m | Storing File: res://assets/building/textures/height/slab_d.png.import[39m[0m
[  11% ] [90m[1msavepack[22m | Storing File: res://.godot/imported/stair.png-0c1da915b51449697dcae256924f36ca.ctex[39m[0m
[  11% ] [90m[1msavepack[22m | Storing File: res://assets/building/textures/height/stair.png.import[39m[0m
[  11% ] [90m[1msavepack[22m | Storing File: res://.godot/imported/stair_b.png-7ddf8355f5056fc2d6e078484f92187b.ctex[39m[0m
[  11% ] [90m[1msavepack[22m | Storing File: res://assets/building/textures/height/stair_b.png.import[39m[0m
[  11% ] [90m[1msavepack[22m | Storing File: res://.godot/imported/stair_c.png-398280692efab7a1df0170419652121c.ctex[39m[0m
[  11% ] [90m[1msavepack[22m | Storing File: res://assets/building/textures/height/stair_c.png.import[39m[0m
[  11% ] [90m[1msavepack[22m | Storing File: res://.godot/imported/stair_treads.png-23efc98c292798eefc7ca7a5c288df16.ctex[39m[0m
[  11% ] [90m[1msavepack[22m | Storing File: res://assets/building/textures/height/stair_treads.png.import[39m[0m
[  11% ] [90m[1msavepack[22m | Storing File: res://.godot/imported/subway_tile.png-57496c1588a8e642f306cffc4ee9510a.ctex[39m[0m
[  11% ] [90m[1msavepack[22m | Storing File: res://assets/building/textures/height/subway_tile.png.import[39m[0m
[  11% ] [90m[1msavepack[22m | Storing File: res://.godot/imported/subway_tile_b.png-8b610ac7969c6f4f97d57c2d22bd5080.ctex[39m[0m
[  11% ] [90m[1msavepack[22m | Storing File: res://assets/building/textures/height/subway_tile_b.png.import[39m[0m
[  11% ] [90m[1msavepack[22m | Storing File: res://.godot/imported/subway_tile_c.png-50c5cc4f2aafb886e9d6325cf62e1805.ctex[39m[0m
[  11% ] [90m[1msavepack[22m | Storing File: res://assets/building/textures/height/subway_tile_c.png.import[39m[0m
[  11% ] [90m[1msavepack[22m | Storing File: res://.godot/imported/terrazzo.png-1e2fcef66f2cab3c0aba6dd704116bf0.ctex[39m[0m
[  11% ] [90m[1msavepack[22m | Storing File: res://assets/building/textures/height/terrazzo.png.import[39m[0m
[  11% ] [90m[1msavepack[22m | Storing File: res://.godot/imported/terrazzo_b.png-d82639020ec31ab13338440aa479b147.ctex[39m[0m
[  11% ] [90m[1msavepack[22m | Storing File: res://assets/building/textures/height/terrazzo_b.png.import[39m[0m
[  12% ] [90m[1msavepack[22m | Storing File: res://.godot/imported/terrazzo_c.png-e5a3771971032d6e502904d573cacf6d.ctex[39m[0m
[  12% ] [90m[1msavepack[22m | Storing File: res://assets/building/textures/height/terrazzo_c.png.import[39m[0m
[  12% ] [90m[1msavepack[22m | Storing File: res://.godot/imported/terrazzo_d.png-3faf24eded6931c5926141745de33da4.ctex[39m[0m
[  12% ] [90m[1msavepack[22m | Storing File: res://assets/building/textures/height/terrazzo_d.png.import[39m[0m
[  12% ] [90m[1msavepack[22m | Storing File: res://.godot/imported/timber.png-fd54abf985baacadff65d8026229367d.ctex[39m[0m
[  12% ] [90m[1msavepack[22m | Storing File: res://assets/building/textures/height/timber.png.import[39m[0m
[  12% ] [90m[1msavepack[22m | Storing File: res://.godot/imported/timber_b.png-bdfa325145db0b566ec0055354ae15bf.ctex[39m[0m
[  12% ] [90m[1msavepack[22m | Storing File: res://assets/building/textures/height/timber_b.png.import[39m[0m
[  12% ] [90m[1msavepack[22m | Storing File: res://.godot/imported/timber_c.png-0b1017178ada22106bc74945a62dbd3b.ctex[39m[0m
[  12% ] [90m[1msavepack[22m | Storing File: res://assets/building/textures/height/timber_c.png.import[39m[0m
[  12% ] [90m[1msavepack[22m | Storing File: res://.godot/imported/tin_ceiling.png-e06034a5de3846dc3bed7078819b9089.ctex[39m[0m
[  12% ] [90m[1msavepack[22m | Storing File: res://assets/building/textures/height/tin_ceiling.png.import[39m[0m
[  12% ] [90m[1msavepack[22m | Storing File: res://.godot/imported/tin_ceiling_b.png-2329c1c53a5ee560e0441488093a18b6.ctex[39m[0m
[  12% ] [90m[1msavepack[22m | Storing File: res://assets/building/textures/height/tin_ceiling_b.png.import[39m[0m
[  12% ] [90m[1msavepack[22m | Storing File: res://.godot/imported/tin_ceiling_c.png-7a5579e226bd34a90de562600cd4b84f.ctex[39m[0m
[  12% ] [90m[1msavepack[22m | Storing File: res://assets/building/textures/height/tin_ceiling_c.png.import[39m[0m
[  12% ] [90m[1msavepack[22m | Storing File: res://.godot/imported/tin_ceiling_d.png-c45a3b6159208a1324f44538f971cb5c.ctex[39m[0m
[  12% ] [90m[1msavepack[22m | Storing File: res://assets/building/textures/height/tin_ceiling_d.png.import[39m[0m
[  12% ] [90m[1msavepack[22m | Storing File: res://.godot/imported/trim.png-7677eb61da2a435ed61c463f0829460d.ctex[39m[0m
[  12% ] [90m[1msavepack[22m | Storing File: res://assets/building/textures/height/trim.png.import[39m[0m
[  12% ] [90m[1msavepack[22m | Storing File: res://.godot/imported/trim_b.png-ccfa895ed31a0fabe6239c8f71ce1f26.ctex[39m[0m
[  12% ] [90m[1msavepack[22m | Storing File: res://assets/building/textures/height/trim_b.png.import[39m[0m
[  12% ] [90m[1msavepack[22m | Storing File: res://.godot/imported/trim_c.png-6289f71524c67a4eea9091e924a3bbd7.ctex[39m[0m
[  12% ] [90m[1msavepack[22m | Storing File: res://assets/building/textures/height/trim_c.png.import[39m[0m
[  12% ] [90m[1msavepack[22m | Storing File: res://.godot/imported/wainscot.png-6560206ee8ff7f45c55cb48bac432d96.ctex[39m[0m
[  12% ] [90m[1msavepack[22m | Storing File: res://assets/building/textures/height/wainscot.png.import[39m[0m
[  12% ] [90m[1msavepack[22m | Storing File: res://.godot/imported/wainscot_b.png-7d8347ee7bea7276adfbd1a496dcf1e6.ctex[39m[0m
[  12% ] [90m[1msavepack[22m | Storing File: res://assets/building/textures/height/wainscot_b.png.import[39m[0m
[  12% ] [90m[1msavepack[22m | Storing File: res://.godot/imported/wainscot_c.png-75fd9d6a649f29b7d035b77f73571f27.ctex[39m[0m
[  12% ] [90m[1msavepack[22m | Storing File: res://assets/building/textures/height/wainscot_c.png.import[39m[0m
[  12% ] [90m[1msavepack[22m | Storing File: res://.godot/imported/wainscot_d.png-d0b37068f877f5369710c7dd936a1ce8.ctex[39m[0m
[  12% ] [90m[1msavepack[22m | Storing File: res://assets/building/textures/height/wainscot_d.png.import[39m[0m
[  12% ] [90m[1msavepack[22m | Storing File: res://.godot/imported/wet_asphalt.png-630ebdf8a7a1a906301a64cfda390280.ctex[39m[0m
[  12% ] [90m[1msavepack[22m | Storing File: res://assets/building/textures/height/wet_asphalt.png.import[39m[0m
[  12% ] [90m[1msavepack[22m | Storing File: res://.godot/imported/wet_asphalt_b.png-c2dc0556521fb64676119cacd549fde0.ctex[39m[0m
[  12% ] [90m[1msavepack[22m | Storing File: res://assets/building/textures/height/wet_asphalt_b.png.import[39m[0m
[  12% ] [90m[1msavepack[22m | Storing File: res://.godot/imported/wet_asphalt_c.png-9bc66ed6809232022d77735c6c3af8c2.ctex[39m[0m
[  12% ] [90m[1msavepack[22m | Storing File: res://assets/building/textures/height/wet_asphalt_c.png.import[39m[0m
[  12% ] [90m[1msavepack[22m | Storing File: res://.godot/imported/larder_labels.png-b0072fd7faefb78774b059fa05d0a9e6.ctex[39m[0m
[  12% ] [90m[1msavepack[22m | Storing File: res://assets/building/textures/larder/larder_labels.png.import[39m[0m
[  12% ] [90m[1msavepack[22m | Storing File: res://.godot/imported/T_mailbank_brass_albedo.png-2142dc3953217707fae96d1ab5cdd41d.ctex[39m[0m
[  12% ] [90m[1msavepack[22m | Storing File: res://assets/building/textures/mailbank/T_mailbank_brass_albedo.png.import[39m[0m
[  13% ] [90m[1msavepack[22m | Storing File: res://.godot/imported/T_mailbank_brass_rough.png-d033f41385e15a8726aa7e6e3416e6cd.ctex[39m[0m
[  13% ] [90m[1msavepack[22m | Storing File: res://assets/building/textures/mailbank/T_mailbank_brass_rough.png.import[39m[0m
[  13% ] [90m[1msavepack[22m | Storing File: res://.godot/imported/T_mailbank_cards.png-204f4958038d9befcc58fecf0e91adc3.ctex[39m[0m
[  13% ] [90m[1msavepack[22m | Storing File: res://assets/building/textures/mailbank/T_mailbank_cards.png.import[39m[0m
[  13% ] [90m[1msavepack[22m | Storing File: res://.godot/imported/T_mailbank_header.png-109a1e3b1aa88fa9a6043ad8a67b8bb0.ctex[39m[0m
[  13% ] [90m[1msavepack[22m | Storing File: res://assets/building/textures/mailbank/T_mailbank_header.png.import[39m[0m
[  13% ] [90m[1msavepack[22m | Storing File: res://.godot/imported/reality_maintenance_brass_plaque.png-d5fb74485ab106f4f1ff699fba2eadd0.ctex[39m[0m
[  13% ] [90m[1msavepack[22m | Storing File: res://assets/building/textures/maintenance_hq/reality_maintenance_brass_plaque.png.import[39m[0m
[  13% ] [90m[1msavepack[22m | Storing File: res://.godot/imported/wall_age.png-18d1b3e97b16a92dbfc21ae12a3a5c1a.ctex[39m[0m
[  13% ] [90m[1msavepack[22m | Storing File: res://assets/building/textures/masks/wall_age.png.import[39m[0m
[  13% ] [90m[1msavepack[22m | Storing File: res://.godot/imported/lobby_notices.png-1b6ca73ccd933421484a5291e1f336f7.ctex[39m[0m
[  13% ] [90m[1msavepack[22m | Storing File: res://assets/building/textures/notices/lobby_notices.png.import[39m[0m
[  13% ] [90m[1msavepack[22m | Storing File: res://.godot/imported/orison_1928_ephemera_substrates_v1.png-8adcbff28a2b43ab8d35b9ca802531a6.ctex[39m[0m
[  13% ] [90m[1msavepack[22m | Storing File: res://assets/building/textures/period/orison_1928_ephemera_substrates_v1.png.import[39m[0m
[  13% ] [90m[1msavepack[22m | Storing File: res://.godot/imported/aged_brass_quadrants_v1.png-28266065a4bd3b6eebe0e9b1e3ddbe36.ctex[39m[0m
[  13% ] [90m[1msavepack[22m | Storing File: res://assets/building/textures/signage/aged_brass_quadrants_v1.png.import[39m[0m
[  13% ] [90m[1msavepack[22m | Storing File: res://.godot/imported/engraved_plates.png-d216d7c3d1741022a73ce58ea4a3cfa6.ctex[39m[0m
[  13% ] [90m[1msavepack[22m | Storing File: res://assets/building/textures/signage/engraved_plates.png.import[39m[0m
[  13% ] [90m[1msavepack[22m | Storing File: res://.godot/imported/orison_century_entry_door_albedo_v1.png-f053c4e781246c464c942ce8f396e3df.ctex[39m[0m
[  13% ] [90m[1msavepack[22m | Storing File: res://assets/building/textures/signage/orison_century_entry_door_albedo_v1.png.import[39m[0m
[  13% ] [90m[1msavepack[22m | Storing File: res://.godot/imported/sky_segment_01.png-81f88f96189db96633ba1b934594d9ff.ctex[39m[0m
[  13% ] [90m[1msavepack[22m | Storing File: res://assets/building/textures/sky/source_pieces/sky_segment_01.png.import[39m[0m
[  13% ] [90m[1msavepack[22m | Storing File: res://.godot/imported/sky_segment_02_moon.png-e61e12efbd8b2403b29d11bb37f8a3cd.ctex[39m[0m
[  13% ] [90m[1msavepack[22m | Storing File: res://assets/building/textures/sky/source_pieces/sky_segment_02_moon.png.import[39m[0m
[  13% ] [90m[1msavepack[22m | Storing File: res://.godot/imported/sky_segment_03.png-9280c70c5b012ab22a217d1e5a4f713d.ctex[39m[0m
[  13% ] [90m[1msavepack[22m | Storing File: res://assets/building/textures/sky/source_pieces/sky_segment_03.png.import[39m[0m
[  13% ] [90m[1msavepack[22m | Storing File: res://.godot/imported/sky_segment_04_wrap.png-ed4ff5725c502fdfbcc617e19ff325b2.ctex[39m[0m
[  13% ] [90m[1msavepack[22m | Storing File: res://assets/building/textures/sky/source_pieces/sky_segment_04_wrap.png.import[39m[0m
[  13% ] [90m[1msavepack[22m | Storing File: res://.godot/imported/eso_gigagalaxy_galactic_half_dome_4k.jpg-d3c322c83064d2dfb3d88c573d81d35d.ctex[39m[0m
[  13% ] [90m[1msavepack[22m | Storing File: res://assets/building/textures/sky/eso_gigagalaxy_galactic_half_dome_4k.jpg.import[39m[0m
[  13% ] [90m[1msavepack[22m | Storing File: res://.godot/imported/orison_clear_day_half_dome_4k.png-c3a64c0d234f07e43bf5ae7cb5057328.ctex[39m[0m
[  13% ] [90m[1msavepack[22m | Storing File: res://assets/building/textures/sky/orison_clear_day_half_dome_4k.png.import[39m[0m
[  13% ] [90m[1msavepack[22m | Storing File: res://.godot/imported/orison_clear_milky_way_half_dome_4k.png-9dec0b60cddfdc273d34979a37a8f187.ctex[39m[0m
[  13% ] [90m[1msavepack[22m | Storing File: res://assets/building/textures/sky/orison_clear_milky_way_half_dome_4k.png.import[39m[0m
[  13% ] [90m[1msavepack[22m | Storing File: res://.godot/imported/orison_clear_twilight_half_dome_4k.png-0ae046a3375c44b70c9c724c36681aaa.ctex[39m[0m
[  13% ] [90m[1msavepack[22m | Storing File: res://assets/building/textures/sky/orison_clear_twilight_half_dome_4k.png.import[39m[0m
[  13% ] [90m[1msavepack[22m | Storing File: res://assets/arcade/packages/cab_vacuum_yard.swcpkg[39m[0m
[  13% ] [90m[1msavepack[22m | Storing File: res://assets/arcade/packages/cab_spore_gallery.swcpkg[39m[0m
[  13% ] [90m[1msavepack[22m | Storing File: res://.godot/imported/orison_half_dome_night_4k.png-359bef7919ba60ab27223c55e527e159.ctex[39m[0m
[  13% ] [90m[1msavepack[22m | Storing File: res://assets/building/textures/sky/orison_half_dome_night_4k.png.import[39m[0m
[  14% ] [90m[1msavepack[22m | Storing File: res://assets/arcade/packages/cab_salt_monastery.swcpkg[39m[0m
[  14% ] [90m[1msavepack[22m | Storing File: res://assets/arcade/packages/cab_reactor_deck.swcpkg[39m[0m
[  14% ] [90m[1msavepack[22m | Storing File: res://assets/arcade/packages/cab_orbital_station.swcpkg[39m[0m
[  14% ] [90m[1msavepack[22m | Storing File: res://assets/arcade/packages/cab_occult_fortress.swcpkg[39m[0m
[  14% ] [90m[1msavepack[22m | Storing File: res://assets/arcade/packages/cab_nacre_reef.swcpkg[39m[0m
[  14% ] [90m[1msavepack[22m | Storing File: res://assets/arcade/packages/cab_moon_cathedral.swcpkg[39m[0m
[  14% ] [90m[1msavepack[22m | Storing File: res://assets/arcade/packages/cab_grey_installation.swcpkg[39m[0m
[  14% ] [90m[1msavepack[22m | Storing File: res://assets/arcade/packages/cab_deep_facility.swcpkg[39m[0m
[  14% ] [90m[1msavepack[22m | Storing File: res://.godot/imported/orison_queens_day_rain_half_dome_4k.png-a9920d28b01589441eaa47cc559805f9.ctex[39m[0m
[  14% ] [90m[1msavepack[22m | Storing File: res://assets/building/textures/sky/orison_queens_day_rain_half_dome_4k.png.import[39m[0m
[  14% ] [90m[1msavepack[22m | Storing File: res://assets/arcade/packages/cab_coral_temple.swcpkg[39m[0m
[  14% ] [90m[1msavepack[22m | Storing File: res://.godot/imported/orison_queens_evening_rain_half_dome_4k.png-32d801fe06d679ccf2f5d902a98015ff.ctex[39m[0m
[  14% ] [90m[1msavepack[22m | Storing File: res://assets/building/textures/sky/orison_queens_evening_rain_half_dome_4k.png.import[39m[0m
[  14% ] [90m[1msavepack[22m | Storing File: res://assets/arcade/packages/cab_bone_reliquary.swcpkg[39m[0m
[  14% ] [90m[1msavepack[22m | Storing File: res://.godot/imported/orison_queens_morning_rain_half_dome_4k.png-ed33fe9fce9b1517764ef1a19c5f692e.ctex[39m[0m
[  14% ] [90m[1msavepack[22m | Storing File: res://assets/building/textures/sky/orison_queens_morning_rain_half_dome_4k.png.import[39m[0m
[  14% ] [90m[1msavepack[22m | Storing File: res://scripts/ui/title_screen.gdc[39m[0m
[  14% ] [90m[1msavepack[22m | Storing File: res://.godot/imported/orison_queens_night_half_dome_4k.png-1d8a46a5cadf9981e9b98010876ee252.ctex[39m[0m
[  14% ] [90m[1msavepack[22m | Storing File: res://assets/building/textures/sky/orison_queens_night_half_dome_4k.png.import[39m[0m
[  14% ] [90m[1msavepack[22m | Storing File: res://scripts/ui/touch_controls.gdc[39m[0m
[  14% ] [90m[1msavepack[22m | Storing File: res://scripts/game_boot.gdc[39m[0m
[  14% ] [90m[1msavepack[22m | Storing File: res://.godot/imported/orison_queens_night_rain_half_dome_4k.png-dff55cdb11a2763ba9bd10526969d963.ctex[39m[0m
[  14% ] [90m[1msavepack[22m | Storing File: res://assets/building/textures/sky/orison_queens_night_rain_half_dome_4k.png.import[39m[0m
[  14% ] [90m[1msavepack[22m | Storing File: res://scripts/material_library.gdc[39m[0m
[  14% ] [90m[1msavepack[22m | Storing File: res://shaders/dream_architecture_relief.gdshaderinc[39m[0m
[  15% ] [90m[1msavepack[22m | Storing File: res://.godot/imported/orison_infrastructure_atlas.png-dc816f4a9ed2aa3799cbb592d3c24e9b.ctex[39m[0m
[  15% ] [90m[1msavepack[22m | Storing File: res://assets/building/textures/story_details/orison_infrastructure_atlas.png.import[39m[0m
[  15% ] [90m[1msavepack[22m | Storing File: res://.godot/imported/resident_ephemera_atlas.png-72d202df3ffeb94fd04cb3dfe076b2b7.ctex[39m[0m
[  15% ] [90m[1msavepack[22m | Storing File: res://assets/building/textures/story_details/resident_ephemera_atlas.png.import[39m[0m
[  15% ] [90m[1msavepack[22m | Storing File: res://.godot/imported/T_piano_truck_albedo.png-5a7e1c41c3f60f420a3bf2a8aefc4cd7.ctex[39m[0m
[  15% ] [90m[1msavepack[22m | Storing File: res://assets/building/textures/traffic/T_piano_truck_albedo.png.import[39m[0m
[  15% ] [90m[1msavepack[22m | Storing File: res://.godot/imported/T_piano_truck_metal.png-4181cc64de2ff69aa44ea5ce495eae86.ctex[39m[0m
[  15% ] [90m[1msavepack[22m | Storing File: res://assets/building/textures/traffic/T_piano_truck_metal.png.import[39m[0m
[  15% ] [90m[1msavepack[22m | Storing File: res://.godot/imported/T_piano_truck_paint.png-db61b08420416b7f1b641a6f2a05e4bb.ctex[39m[0m
[  15% ] [90m[1msavepack[22m | Storing File: res://assets/building/textures/traffic/T_piano_truck_paint.png.import[39m[0m
[  15% ] [90m[1msavepack[22m | Storing File: res://.godot/imported/T_piano_truck_panel.png-f5ee23622d4911648048fd07cd918e72.ctex[39m[0m
[  15% ] [90m[1msavepack[22m | Storing File: res://assets/building/textures/traffic/T_piano_truck_panel.png.import[39m[0m
[  15% ] [90m[1msavepack[22m | Storing File: res://.godot/imported/T_piano_truck_panel_rough.png-7417f7dbbe3a75bf16fddafbdd34230b.ctex[39m[0m
[  15% ] [90m[1msavepack[22m | Storing File: res://assets/building/textures/traffic/T_piano_truck_panel_rough.png.import[39m[0m
[  15% ] [90m[1msavepack[22m | Storing File: res://.godot/imported/T_piano_truck_rear.png-ff216e0bbc671a462c1a0af13b005641.ctex[39m[0m
[  15% ] [90m[1msavepack[22m | Storing File: res://assets/building/textures/traffic/T_piano_truck_rear.png.import[39m[0m
[  15% ] [90m[1msavepack[22m | Storing File: res://.godot/imported/T_piano_truck_rough.png-b149d442cbc50f49275076c96aecc14d.ctex[39m[0m
[  15% ] [90m[1msavepack[22m | Storing File: res://assets/building/textures/traffic/T_piano_truck_rough.png.import[39m[0m
[  15% ] [90m[1msavepack[22m | Storing File: res://.godot/imported/T_piano_truck_side.png-7f9c5673fc2d97e4a9f7f92d191a4d14.ctex[39m[0m
[  15% ] [90m[1msavepack[22m | Storing File: res://assets/building/textures/traffic/T_piano_truck_side.png.import[39m[0m
[  15% ] [90m[1msavepack[22m | Storing File: res://.godot/imported/we_tuna_pianos_sign.png-f82723fbdbd773f1fbdf6784a367a05b.ctex[39m[0m
[  15% ] [90m[1msavepack[22m | Storing File: res://assets/building/textures/traffic/we_tuna_pianos_sign.png.import[39m[0m
[  15% ] [90m[1msavepack[22m | Storing File: res://.godot/imported/T_ai_materials_appliance_albedo.png-dee293a9c3902bf0469a0e10830dc567.ctex[39m[0m
[  15% ] [90m[1msavepack[22m | Storing File: res://assets/building/textures/T_ai_materials_appliance_albedo.png.import[39m[0m
[  15% ] [90m[1msavepack[22m | Storing File: res://.godot/imported/T_ai_materials_appliance_b_albedo.png-2ab7a01904e8375f330e998732db7b54.ctex[39m[0m
[  15% ] [90m[1msavepack[22m | Storing File: res://assets/building/textures/T_ai_materials_appliance_b_albedo.png.import[39m[0m
[  15% ] [90m[1msavepack[22m | Storing File: res://.godot/imported/T_ai_materials_appliance_b_normal.png-ba4f5061c77575b1a888f4c358e570c7.ctex[39m[0m
[  15% ] [90m[1msavepack[22m | Storing File: res://assets/building/textures/T_ai_materials_appliance_b_normal.png.import[39m[0m
[  15% ] [90m[1msavepack[22m | Storing File: res://.godot/imported/T_ai_materials_appliance_b_rough.png-feaf2e878e34ded4346f01c68d77460e.ctex[39m[0m
[  15% ] [90m[1msavepack[22m | Storing File: res://assets/building/textures/T_ai_materials_appliance_b_rough.png.import[39m[0m
[  15% ] [90m[1msavepack[22m | Storing File: res://.godot/imported/T_ai_materials_appliance_c_albedo.png-c8562cf4aa289327902ba093b8259f69.ctex[39m[0m
[  15% ] [90m[1msavepack[22m | Storing File: res://assets/building/textures/T_ai_materials_appliance_c_albedo.png.import[39m[0m
[  15% ] [90m[1msavepack[22m | Storing File: res://.godot/imported/T_ai_materials_appliance_c_normal.png-73725bd75e33f345f50458a817bb7c82.ctex[39m[0m
[  15% ] [90m[1msavepack[22m | Storing File: res://assets/building/textures/T_ai_materials_appliance_c_normal.png.import[39m[0m
[  15% ] [90m[1msavepack[22m | Storing File: res://.godot/imported/T_ai_materials_appliance_c_rough.png-8e255f1592f176c706e68864072c9f63.ctex[39m[0m
[  15% ] [90m[1msavepack[22m | Storing File: res://assets/building/textures/T_ai_materials_appliance_c_rough.png.import[39m[0m
[  15% ] [90m[1msavepack[22m | Storing File: res://.godot/imported/T_ai_materials_appliance_normal.png-79caeb0049dbc46c08261065c8e7c161.ctex[39m[0m
[  15% ] [90m[1msavepack[22m | Storing File: res://assets/building/textures/T_ai_materials_appliance_normal.png.import[39m[0m
[  15% ] [90m[1msavepack[22m | Storing File: res://.godot/imported/T_ai_materials_appliance_rough.png-bc0cad4721aa836d3effa27076771014.ctex[39m[0m
[  15% ] [90m[1msavepack[22m | Storing File: res://assets/building/textures/T_ai_materials_appliance_rough.png.import[39m[0m
[  15% ] [90m[1msavepack[22m | Storing File: res://.godot/imported/T_ai_materials_appliance_worn_appliance_albedo.png-a5350689b351d15b2f837911f07a5407.ctex[39m[0m
[  15% ] [90m[1msavepack[22m | Storing File: res://assets/building/textures/T_ai_materials_appliance_worn_appliance_albedo.png.import[39m[0m
[  16% ] [90m[1msavepack[22m | Storing File: res://.godot/imported/T_ai_materials_appliance_worn_appliance_rough.png-fa60fab19d36977f6cf44e63778b2af7.ctex[39m[0m
[  16% ] [90m[1msavepack[22m | Storing File: res://assets/building/textures/T_ai_materials_appliance_worn_appliance_rough.png.import[39m[0m
[  16% ] [90m[1msavepack[22m | Storing File: res://.godot/imported/T_ai_materials_art_albedo.png-fe11014bcf89a53d9db44015545ee5e5.ctex[39m[0m
[  16% ] [90m[1msavepack[22m | Storing File: res://assets/building/textures/T_ai_materials_art_albedo.png.import[39m[0m
[  16% ] [90m[1msavepack[22m | Storing File: res://.godot/imported/T_ai_materials_art_normal.png-a61dad41a58cf1c1a1793fdc902f77cf.ctex[39m[0m
[  16% ] [90m[1msavepack[22m | Storing File: res://assets/building/textures/T_ai_materials_art_normal.png.import[39m[0m
[  16% ] [90m[1msavepack[22m | Storing File: res://.godot/imported/T_ai_materials_art_rough.png-2df5bff4f8155be30a41be3e562105c2.ctex[39m[0m
[  16% ] [90m[1msavepack[22m | Storing File: res://assets/building/textures/T_ai_materials_art_rough.png.import[39m[0m
[  16% ] [90m[1msavepack[22m | Storing File: res://.godot/imported/T_ai_materials_asphalt_albedo.png-2eb92a2de7df1a224c69b807530c5f36.ctex[39m[0m
[  16% ] [90m[1msavepack[22m | Storing File: res://assets/building/textures/T_ai_materials_asphalt_albedo.png.import[39m[0m
[  16% ] [90m[1msavepack[22m | Storing File: res://.godot/imported/T_ai_materials_asphalt_b_albedo.png-8de44624e599b044f75d1fc754597de7.ctex[39m[0m
[  16% ] [90m[1msavepack[22m | Storing File: res://assets/building/textures/T_ai_materials_asphalt_b_albedo.png.import[39m[0m
[  16% ] [90m[1msavepack[22m | Storing File: res://.godot/imported/T_ai_materials_asphalt_b_normal.png-87f03ae87cc5887d2c8bb8f242e105fc.ctex[39m[0m
[  16% ] [90m[1msavepack[22m | Storing File: res://assets/building/textures/T_ai_materials_asphalt_b_normal.png.import[39m[0m
[  16% ] [90m[1msavepack[22m | Storing File: res://.godot/imported/T_ai_materials_asphalt_b_rough.png-487eb43442d70a7703e706b935fefded.ctex[39m[0m
[  16% ] [90m[1msavepack[22m | Storing File: res://assets/building/textures/T_ai_materials_asphalt_b_rough.png.import[39m[0m
[  16% ] [90m[1msavepack[22m | Storing File: res://.godot/imported/T_ai_materials_asphalt_normal.png-6a5a9ee790bd12987c5905b7eeee2d37.ctex[39m[0m
[  16% ] [90m[1msavepack[22m | Storing File: res://assets/building/textures/T_ai_materials_asphalt_normal.png.import[39m[0m
[  16% ] [90m[1msavepack[22m | Storing File: res://.godot/imported/T_ai_materials_asphalt_rough.png-dd2a81a2d1fe0c23c0b9d23d3e0a714c.ctex[39m[0m
[  16% ] [90m[1msavepack[22m | Storing File: res://assets/building/textures/T_ai_materials_asphalt_rough.png.import[39m[0m
[  16% ] [90m[1msavepack[22m | Storing File: res://.godot/imported/T_ai_materials_awning_vinyl_albedo.png-ada8a06823385c66fc33257ea93ef3fd.ctex[39m[0m
[  16% ] [90m[1msavepack[22m | Storing File: res://assets/building/textures/T_ai_materials_awning_vinyl_albedo.png.import[39m[0m
[  16% ] [90m[1msavepack[22m | Storing File: res://.godot/imported/T_ai_materials_awning_vinyl_normal.png-24d6c82ca12f202eda94433bd6bb75a2.ctex[39m[0m
[  16% ] [90m[1msavepack[22m | Storing File: res://assets/building/textures/T_ai_materials_awning_vinyl_normal.png.import[39m[0m
[  16% ] [90m[1msavepack[22m | Storing File: res://.godot/imported/T_ai_materials_awning_vinyl_rough.png-ff06f58fa41d2a9a8804466f6fb87cf2.ctex[39m[0m
[  16% ] [90m[1msavepack[22m | Storing File: res://assets/building/textures/T_ai_materials_awning_vinyl_rough.png.import[39m[0m
[  16% ] [90m[1msavepack[22m | Storing File: res://.godot/imported/T_ai_materials_bakelite_albedo.png-bc78ad018a5655c318e32a60148f9635.ctex[39m[0m
[  16% ] [90m[1msavepack[22m | Storing File: res://assets/building/textures/T_ai_materials_bakelite_albedo.png.import[39m[0m
[  16% ] [90m[1msavepack[22m | Storing File: res://.godot/imported/T_ai_materials_bakelite_black_albedo.png-7d9915a4f20c2a48a3bbf6eef983ade1.ctex[39m[0m
[  16% ] [90m[1msavepack[22m | Storing File: res://assets/building/textures/T_ai_materials_bakelite_black_albedo.png.import[39m[0m
[  16% ] [90m[1msavepack[22m | Storing File: res://.godot/imported/T_ai_materials_bakelite_black_normal.png-f57083d47cf1ccd9352715d03c58d0a9.ctex[39m[0m
[  16% ] [90m[1msavepack[22m | Storing File: res://assets/building/textures/T_ai_materials_bakelite_black_normal.png.import[39m[0m
[  16% ] [90m[1msavepack[22m | Storing File: res://.godot/imported/T_ai_materials_bakelite_black_rough.png-25bb9c71631ef93ae27c874974165856.ctex[39m[0m
[  16% ] [90m[1msavepack[22m | Storing File: res://assets/building/textures/T_ai_materials_bakelite_black_rough.png.import[39m[0m
[  16% ] [90m[1msavepack[22m | Storing File: res://.godot/imported/T_ai_materials_bakelite_b_albedo.png-0e2bd11e257be62c842385d9117c6a44.ctex[39m[0m
[  16% ] [90m[1msavepack[22m | Storing File: res://assets/building/textures/T_ai_materials_bakelite_b_albedo.png.import[39m[0m
[  16% ] [90m[1msavepack[22m | Storing File: res://.godot/imported/T_ai_materials_bakelite_b_normal.png-2ad93fd79039d092e3718018cac9ec7a.ctex[39m[0m
[  16% ] [90m[1msavepack[22m | Storing File: res://assets/building/textures/T_ai_materials_bakelite_b_normal.png.import[39m[0m
[  16% ] [90m[1msavepack[22m | Storing File: res://.godot/imported/T_ai_materials_bakelite_b_rough.png-16faaf6d7def61818ccfe46f27b1eb83.ctex[39m[0m
[  16% ] [90m[1msavepack[22m | Storing File: res://assets/building/textures/T_ai_materials_bakelite_b_rough.png.import[39m[0m
[  17% ] [90m[1msavepack[22m | Storing File: res://.godot/imported/T_ai_materials_bakelite_c_albedo.png-140ae526f9c64e5113daab0424b40e60.ctex[39m[0m
[  17% ] [90m[1msavepack[22m | Storing File: res://assets/building/textures/T_ai_materials_bakelite_c_albedo.png.import[39m[0m
[  17% ] [90m[1msavepack[22m | Storing File: res://.godot/imported/T_ai_materials_bakelite_c_normal.png-f874c818f5c7f399fe38f7ec39604c4c.ctex[39m[0m
[  17% ] [90m[1msavepack[22m | Storing File: res://assets/building/textures/T_ai_materials_bakelite_c_normal.png.import[39m[0m
[  17% ] [90m[1msavepack[22m | Storing File: res://.godot/imported/T_ai_materials_bakelite_c_rough.png-548e7fd057f77f8141fd8f919fe8361e.ctex[39m[0m
[  17% ] [90m[1msavepack[22m | Storing File: res://assets/building/textures/T_ai_materials_bakelite_c_rough.png.import[39m[0m
[  17% ] [90m[1msavepack[22m | Storing File: res://.godot/imported/T_ai_materials_bakelite_d_albedo.png-7f18565aae411ec61bb21d6a37732fd6.ctex[39m[0m
[  17% ] [90m[1msavepack[22m | Storing File: res://assets/building/textures/T_ai_materials_bakelite_d_albedo.png.import[39m[0m
[  17% ] [90m[1msavepack[22m | Storing File: res://.godot/imported/T_ai_materials_bakelite_d_normal.png-6c0ca502ade6709eec193685cceead6f.ctex[39m[0m
[  17% ] [90m[1msavepack[22m | Storing File: res://assets/building/textures/T_ai_materials_bakelite_d_normal.png.import[39m[0m
[  17% ] [90m[1msavepack[22m | Storing File: res://.godot/imported/T_ai_materials_bakelite_d_rough.png-bcc6d4958eef60ec3cc75b121e421012.ctex[39m[0m
[  17% ] [90m[1msavepack[22m | Storing File: res://assets/building/textures/T_ai_materials_bakelite_d_rough.png.import[39m[0m
[  17% ] [90m[1msavepack[22m | Storing File: res://.godot/imported/T_ai_materials_bakelite_normal.png-b9f1e20c576536001f2bd4b923be31db.ctex[39m[0m
[  17% ] [90m[1msavepack[22m | Storing File: res://assets/building/textures/T_ai_materials_bakelite_normal.png.import[39m[0m
[  17% ] [90m[1msavepack[22m | Storing File: res://.godot/imported/T_ai_materials_bakelite_rough.png-e0d9a913644ec116542ae080dd05d9c9.ctex[39m[0m
[  17% ] [90m[1msavepack[22m | Storing File: res://assets/building/textures/T_ai_materials_bakelite_rough.png.import[39m[0m
[  17% ] [90m[1msavepack[22m | Storing File: res://.godot/imported/T_ai_materials_baluster_albedo.png-ec3944e601fdf74cded927973ee24206.ctex[39m[0m
[  17% ] [90m[1msavepack[22m | Storing File: res://assets/building/textures/T_ai_materials_baluster_albedo.png.import[39m[0m
[  17% ] [90m[1msavepack[22m | Storing File: res://.godot/imported/T_ai_materials_baluster_b_albedo.png-36f060901b7d7a1ae5754f53d83aff11.ctex[39m[0m
[  17% ] [90m[1msavepack[22m | Storing File: res://assets/building/textures/T_ai_materials_baluster_b_albedo.png.import[39m[0m
[  17% ] [90m[1msavepack[22m | Storing File: res://.godot/imported/T_ai_materials_baluster_b_normal.png-ea2e4efe612a1b89247d2a9eda8b251f.ctex[39m[0m
[  17% ] [90m[1msavepack[22m | Storing File: res://assets/building/textures/T_ai_materials_baluster_b_normal.png.import[39m[0m
[  17% ] [90m[1msavepack[22m | Storing File: res://.godot/imported/T_ai_materials_baluster_b_rough.png-0e9d544d8885bd4d235fc42206ddbaf7.ctex[39m[0m
[  17% ] [90m[1msavepack[22m | Storing File: res://assets/building/textures/T_ai_materials_baluster_b_rough.png.import[39m[0m
[  17% ] [90m[1msavepack[22m | Storing File: res://.godot/imported/T_ai_materials_baluster_c_albedo.png-c68fdb51aa5999b313027573eddd75ea.ctex[39m[0m
[  17% ] [90m[1msavepack[22m | Storing File: res://assets/building/textures/T_ai_materials_baluster_c_albedo.png.import[39m[0m
[  17% ] [90m[1msavepack[22m | Storing File: res://.godot/imported/T_ai_materials_baluster_c_normal.png-56773268b78b1aa14a80bda0265d8f2d.ctex[39m[0m
[  17% ] [90m[1msavepack[22m | Storing File: res://assets/building/textures/T_ai_materials_baluster_c_normal.png.import[39m[0m
[  17% ] [90m[1msavepack[22m | Storing File: res://.godot/imported/T_ai_materials_baluster_c_rough.png-83f48efbc81dfb74e96508870bd3c63e.ctex[39m[0m
[  17% ] [90m[1msavepack[22m | Storing File: res://assets/building/textures/T_ai_materials_baluster_c_rough.png.import[39m[0m
[  17% ] [90m[1msavepack[22m | Storing File: res://.godot/imported/T_ai_materials_baluster_normal.png-57bb61b3deb0793639b5680a81c677bd.ctex[39m[0m
[  17% ] [90m[1msavepack[22m | Storing File: res://assets/building/textures/T_ai_materials_baluster_normal.png.import[39m[0m
[  17% ] [90m[1msavepack[22m | Storing File: res://.godot/imported/T_ai_materials_baluster_rough.png-c85c86ffb49ece53a6afd3ac486017ed.ctex[39m[0m
[  17% ] [90m[1msavepack[22m | Storing File: res://assets/building/textures/T_ai_materials_baluster_rough.png.import[39m[0m
[  17% ] [90m[1msavepack[22m | Storing File: res://.godot/imported/T_ai_materials_bar_wall_b_albedo.png-b20c0aa9e6ec7ef386622cc3cdda4bf3.ctex[39m[0m
[  17% ] [90m[1msavepack[22m | Storing File: res://assets/building/textures/T_ai_materials_bar_wall_b_albedo.png.import[39m[0m
[  17% ] [90m[1msavepack[22m | Storing File: res://.godot/imported/T_ai_materials_bar_wall_b_normal.png-6f48c21f05b37a48694c8051c5c68f23.ctex[39m[0m
[  17% ] [90m[1msavepack[22m | Storing File: res://assets/building/textures/T_ai_materials_bar_wall_b_normal.png.import[39m[0m
[  17% ] [90m[1msavepack[22m | Storing File: res://.godot/imported/T_ai_materials_bar_wall_b_rough.png-7a3c6730ab9fe076f499fa94221bf625.ctex[39m[0m
[  17% ] [90m[1msavepack[22m | Storing File: res://assets/building/textures/T_ai_materials_bar_wall_b_rough.png.import[39m[0m
[  17% ] [90m[1msavepack[22m | Storing File: res://.godot/imported/T_ai_materials_bar_wall_red_b_albedo.png-523136d140e21976e684c8747ec2cb32.ctex[39m[0m
[  17% ] [90m[1msavepack[22m | Storing File: res://assets/building/textures/T_ai_materials_bar_wall_red_b_albedo.png.import[39m[0m
[  18% ] [90m[1msavepack[22m | Storing File: res://.godot/imported/T_ai_materials_bar_wall_red_b_normal.png-748bb10e4d1f3443a2aa6ac4f2fc41ad.ctex[39m[0m
[  18% ] [90m[1msavepack[22m | Storing File: res://assets/building/textures/T_ai_materials_bar_wall_red_b_normal.png.import[39m[0m
[  18% ] [90m[1msavepack[22m | Storing File: res://.godot/imported/T_ai_materials_bar_wall_red_b_rough.png-7baf0f4a50a129c3cff60fcf555b8108.ctex[39m[0m
[  18% ] [90m[1msavepack[22m | Storing File: res://assets/building/textures/T_ai_materials_bar_wall_red_b_rough.png.import[39m[0m
[  18% ] [90m[1msavepack[22m | Storing File: res://.godot/imported/T_ai_materials_brass_albedo.png-d52ac6c561f06ba9aeaba322948a4481.ctex[39m[0m
[  18% ] [90m[1msavepack[22m | Storing File: res://assets/building/textures/T_ai_materials_brass_albedo.png.import[39m[0m
[  18% ] [90m[1msavepack[22m | Storing File: res://.godot/imported/T_ai_materials_brass_bright_albedo.png-ca745ebeec9cc23eaf8617d17a150695.ctex[39m[0m
[  18% ] [90m[1msavepack[22m | Storing File: res://assets/building/textures/T_ai_materials_brass_bright_albedo.png.import[39m[0m
[  18% ] [90m[1msavepack[22m | Storing File: res://.godot/imported/T_ai_materials_brass_bright_normal.png-c4eac1a7bc69934dde04d1dba8c73d79.ctex[39m[0m
[  18% ] [90m[1msavepack[22m | Storing File: res://assets/building/textures/T_ai_materials_brass_bright_normal.png.import[39m[0m
[  18% ] [90m[1msavepack[22m | Storing File: res://.godot/imported/T_ai_materials_brass_bright_rough.png-58df16093d1dd6355ecf20ec17b530dc.ctex[39m[0m
[  18% ] [90m[1msavepack[22m | Storing File: res://assets/building/textures/T_ai_materials_brass_bright_rough.png.import[39m[0m
[  18% ] [90m[1msavepack[22m | Storing File: res://.godot/imported/T_ai_materials_brass_b_albedo.png-4bf0699357ead7370ff4fe06c13a253f.ctex[39m[0m
[  18% ] [90m[1msavepack[22m | Storing File: res://assets/building/textures/T_ai_materials_brass_b_albedo.png.import[39m[0m
[  18% ] [90m[1msavepack[22m | Storing File: res://.godot/imported/T_ai_materials_brass_b_normal.png-0d1bc0f391effa61fcb62492a18cd898.ctex[39m[0m
[  18% ] [90m[1msavepack[22m | Storing File: res://assets/building/textures/T_ai_materials_brass_b_normal.png.import[39m[0m
[  18% ] [90m[1msavepack[22m | Storing File: res://.godot/imported/T_ai_materials_brass_b_rough.png-061ad592b7a03328e83ea2ab0b9b9b69.ctex[39m[0m
[  18% ] [90m[1msavepack[22m | Storing File: res://assets/building/textures/T_ai_materials_brass_b_rough.png.import[39m[0m
[  18% ] [90m[1msavepack[22m | Storing File: res://.godot/imported/T_ai_materials_brass_c_albedo.png-d3b22413997a2a91d15821194d70ce83.ctex[39m[0m
[  18% ] [90m[1msavepack[22m | Storing File: res://assets/building/textures/T_ai_materials_brass_c_albedo.png.import[39m[0m
[  18% ] [90m[1msavepack[22m | Storing File: res://.godot/imported/T_ai_materials_brass_c_normal.png-33c629fe87bc1ba2c9fc64f6acc649a7.ctex[39m[0m
[  18% ] [90m[1msavepack[22m | Storing File: res://assets/building/textures/T_ai_materials_brass_c_normal.png.import[39m[0m
[  18% ] [90m[1msavepack[22m | Storing File: res://.godot/imported/T_ai_materials_brass_c_rough.png-2fc2928fdbdeae82d6235273a47b0e81.ctex[39m[0m
[  18% ] [90m[1msavepack[22m | Storing File: res://assets/building/textures/T_ai_materials_brass_c_rough.png.import[39m[0m
[  18% ] [90m[1msavepack[22m | Storing File: res://.godot/imported/T_ai_materials_brass_dull_albedo.png-e8b0b415c8630a055006aeb0757adc6f.ctex[39m[0m
[  18% ] [90m[1msavepack[22m | Storing File: res://assets/building/textures/T_ai_materials_brass_dull_albedo.png.import[39m[0m
[  18% ] [90m[1msavepack[22m | Storing File: res://.godot/imported/T_ai_materials_brass_dull_normal.png-3cb54c21bda657c056106237601c5117.ctex[39m[0m
[  18% ] [90m[1msavepack[22m | Storing File: res://assets/building/textures/T_ai_materials_brass_dull_normal.png.import[39m[0m
[  18% ] [90m[1msavepack[22m | Storing File: res://.godot/imported/T_ai_materials_brass_dull_rough.png-1660078479110e73cfb16b45fb078227.ctex[39m[0m
[  18% ] [90m[1msavepack[22m | Storing File: res://assets/building/textures/T_ai_materials_brass_dull_rough.png.import[39m[0m
[  18% ] [90m[1msavepack[22m | Storing File: res://.godot/imported/T_ai_materials_brass_mesh_albedo.png-c6e686cb0c9a5d6fd0e7711f79633540.ctex[39m[0m
[  18% ] [90m[1msavepack[22m | Storing File: res://assets/building/textures/T_ai_materials_brass_mesh_albedo.png.import[39m[0m
[  18% ] [90m[1msavepack[22m | Storing File: res://.godot/imported/T_ai_materials_brass_mesh_normal.png-14a5899c95c8dd051fba5fe946de3dbf.ctex[39m[0m
[  18% ] [90m[1msavepack[22m | Storing File: res://assets/building/textures/T_ai_materials_brass_mesh_normal.png.import[39m[0m
[  18% ] [90m[1msavepack[22m | Storing File: res://.godot/imported/T_ai_materials_brass_mesh_rough.png-da4a57e83ece6ad8139c99e49634de6a.ctex[39m[0m
[  18% ] [90m[1msavepack[22m | Storing File: res://assets/building/textures/T_ai_materials_brass_mesh_rough.png.import[39m[0m
[  18% ] [90m[1msavepack[22m | Storing File: res://.godot/imported/T_ai_materials_brass_normal.png-a2e10dbfa07b6c98b912af52001ef6f7.ctex[39m[0m
[  18% ] [90m[1msavepack[22m | Storing File: res://assets/building/textures/T_ai_materials_brass_normal.png.import[39m[0m
[  18% ] [90m[1msavepack[22m | Storing File: res://.godot/imported/T_ai_materials_brass_rough.png-c32b1e7aaca26621f4caaae3633414cd.ctex[39m[0m
[  18% ] [90m[1msavepack[22m | Storing File: res://assets/building/textures/T_ai_materials_brass_rough.png.import[39m[0m
[  18% ] [90m[1msavepack[22m | Storing File: res://.godot/imported/T_ai_materials_brick_albedo.png-18648e81d53d1e58222212d91018e592.ctex[39m[0m
[  18% ] [90m[1msavepack[22m | Storing File: res://assets/building/textures/T_ai_materials_brick_albedo.png.import[39m[0m
[  19% ] [90m[1msavepack[22m | Storing File: res://.godot/imported/T_ai_materials_brick_b_albedo.png-f2afa5d3c0d37e7111048edec4f8f0c8.ctex[39m[0m
[  19% ] [90m[1msavepack[22m | Storing File: res://assets/building/textures/T_ai_materials_brick_b_albedo.png.import[39m[0m
[  19% ] [90m[1msavepack[22m | Storing File: res://.godot/imported/T_ai_materials_brick_b_normal.png-b8974c2aece1b8c96ff7382544b4cb45.ctex[39m[0m
[  19% ] [90m[1msavepack[22m | Storing File: res://assets/building/textures/T_ai_materials_brick_b_normal.png.import[39m[0m
[  19% ] [90m[1msavepack[22m | Storing File: res://.godot/imported/T_ai_materials_brick_b_rough.png-1ecc5ff5d9bd71dfa01f351c0ca62426.ctex[39m[0m
[  19% ] [90m[1msavepack[22m | Storing File: res://assets/building/textures/T_ai_materials_brick_b_rough.png.import[39m[0m
[  19% ] [90m[1msavepack[22m | Storing File: res://.godot/imported/T_ai_materials_brick_normal.png-8867289d805570434ddc4a643bc01974.ctex[39m[0m
[  19% ] [90m[1msavepack[22m | Storing File: res://assets/building/textures/T_ai_materials_brick_normal.png.import[39m[0m
[  19% ] [90m[1msavepack[22m | Storing File: res://.godot/imported/T_ai_materials_brick_patched_b_albedo.png-c82a6c19ab85893e0a503c6fd4cdd6ee.ctex[39m[0m
[  19% ] [90m[1msavepack[22m | Storing File: res://assets/building/textures/T_ai_materials_brick_patched_b_albedo.png.import[39m[0m
[  19% ] [90m[1msavepack[22m | Storing File: res://.godot/imported/T_ai_materials_brick_patched_b_normal.png-30991261efce5ece05515eaf48397c1a.ctex[39m[0m
[  19% ] [90m[1msavepack[22m | Storing File: res://assets/building/textures/T_ai_materials_brick_patched_b_normal.png.import[39m[0m
[  19% ] [90m[1msavepack[22m | Storing File: res://.godot/imported/T_ai_materials_brick_patched_b_rough.png-6ba095b23798ab1e55ea07bb7f6d0a20.ctex[39m[0m
[  19% ] [90m[1msavepack[22m | Storing File: res://assets/building/textures/T_ai_materials_brick_patched_b_rough.png.import[39m[0m
[  19% ] [90m[1msavepack[22m | Storing File: res://.godot/imported/T_ai_materials_brick_rough.png-93b33d03098f48d2fb612158ba0e9c96.ctex[39m[0m
[  19% ] [90m[1msavepack[22m | Storing File: res://assets/building/textures/T_ai_materials_brick_rough.png.import[39m[0m
[  19% ] [90m[1msavepack[22m | Storing File: res://.godot/imported/T_ai_materials_bronze_albedo.png-117e43b096427042a261f354643a8a93.ctex[39m[0m
[  19% ] [90m[1msavepack[22m | Storing File: res://assets/building/textures/T_ai_materials_bronze_albedo.png.import[39m[0m
[  19% ] [90m[1msavepack[22m | Storing File: res://.godot/imported/T_ai_materials_bronze_normal.png-dbdd5a90f97363fdc55a9daf5c69d131.ctex[39m[0m
[  19% ] [90m[1msavepack[22m | Storing File: res://assets/building/textures/T_ai_materials_bronze_normal.png.import[39m[0m
[  19% ] [90m[1msavepack[22m | Storing File: res://.godot/imported/T_ai_materials_bronze_rough.png-af7e0f447bc02a289ef6786dbbd49eae.ctex[39m[0m
[  19% ] [90m[1msavepack[22m | Storing File: res://assets/building/textures/T_ai_materials_bronze_rough.png.import[39m[0m
[  19% ] [90m[1msavepack[22m | Storing File: res://.godot/imported/T_ai_materials_car_paint_albedo.png-ac96a1ea99bff1538335198a861688db.ctex[39m[0m
[  19% ] [90m[1msavepack[22m | Storing File: res://assets/building/textures/T_ai_materials_car_paint_albedo.png.import[39m[0m
[  19% ] [90m[1msavepack[22m | Storing File: res://.godot/imported/T_ai_materials_car_paint_normal.png-b3627dbbb4fc9b7b7cfa53c046602ae8.ctex[39m[0m
[  19% ] [90m[1msavepack[22m | Storing File: res://assets/building/textures/T_ai_materials_car_paint_normal.png.import[39m[0m
[  19% ] [90m[1msavepack[22m | Storing File: res://.godot/imported/T_ai_materials_car_paint_rough.png-3d5604edc16fa44e8e59b0c3821e833a.ctex[39m[0m
[  19% ] [90m[1msavepack[22m | Storing File: res://assets/building/textures/T_ai_materials_car_paint_rough.png.import[39m[0m
[  19% ] [90m[1msavepack[22m | Storing File: res://.godot/imported/T_ai_materials_cast_iron_albedo.png-57e1e054c7e682f012f7d336fdfafae3.ctex[39m[0m
[  19% ] [90m[1msavepack[22m | Storing File: res://assets/building/textures/T_ai_materials_cast_iron_albedo.png.import[39m[0m
[  19% ] [90m[1msavepack[22m | Storing File: res://.godot/imported/T_ai_materials_cast_iron_b_albedo.png-76fdeb7a1436f4c8c98f61389c8a21ba.ctex[39m[0m
[  19% ] [90m[1msavepack[22m | Storing File: res://assets/building/textures/T_ai_materials_cast_iron_b_albedo.png.import[39m[0m
[  19% ] [90m[1msavepack[22m | Storing File: res://.godot/imported/T_ai_materials_cast_iron_b_normal.png-62defe9a99fef5d6f3784bbb6d3eba13.ctex[39m[0m
[  19% ] [90m[1msavepack[22m | Storing File: res://assets/building/textures/T_ai_materials_cast_iron_b_normal.png.import[39m[0m
[  19% ] [90m[1msavepack[22m | Storing File: res://.godot/imported/T_ai_materials_cast_iron_b_rough.png-a23e4b80008930a5ac05285d283059fc.ctex[39m[0m
[  19% ] [90m[1msavepack[22m | Storing File: res://assets/building/textures/T_ai_materials_cast_iron_b_rough.png.import[39m[0m
[  19% ] [90m[1msavepack[22m | Storing File: res://.godot/imported/T_ai_materials_cast_iron_c_albedo.png-3caec25fa3e0adeb637cae4431cb2580.ctex[39m[0m
[  19% ] [90m[1msavepack[22m | Storing File: res://assets/building/textures/T_ai_materials_cast_iron_c_albedo.png.import[39m[0m
[  19% ] [90m[1msavepack[22m | Storing File: res://.godot/imported/T_ai_materials_cast_iron_c_normal.png-a0a4a79e08d2ed7d3ecbe0f302586fa8.ctex[39m[0m
[  19% ] [90m[1msavepack[22m | Storing File: res://assets/building/textures/T_ai_materials_cast_iron_c_normal.png.import[39m[0m
[  20% ] [90m[1msavepack[22m | Storing File: res://.godot/imported/T_ai_materials_cast_iron_c_rough.png-93f4e8b0955d3b33779bbc82d3f5c899.ctex[39m[0m
[  20% ] [90m[1msavepack[22m | Storing File: res://assets/building/textures/T_ai_materials_cast_iron_c_rough.png.import[39m[0m
[  20% ] [90m[1msavepack[22m | Storing File: res://.godot/imported/T_ai_materials_cast_iron_d_albedo.png-72ef32691d19ca62f0100081282204b0.ctex[39m[0m
[  20% ] [90m[1msavepack[22m | Storing File: res://assets/building/textures/T_ai_materials_cast_iron_d_albedo.png.import[39m[0m
[  20% ] [90m[1msavepack[22m | Storing File: res://.godot/imported/T_ai_materials_cast_iron_d_normal.png-2955e3cef6fbe065325907af3b6d8b20.ctex[39m[0m
[  20% ] [90m[1msavepack[22m | Storing File: res://assets/building/textures/T_ai_materials_cast_iron_d_normal.png.import[39m[0m
[  20% ] [90m[1msavepack[22m | Storing File: res://.godot/imported/T_ai_materials_cast_iron_d_rough.png-4ab2113fcd429c567f3a8f330e705a61.ctex[39m[0m
[  20% ] [90m[1msavepack[22m | Storing File: res://assets/building/textures/T_ai_materials_cast_iron_d_rough.png.import[39m[0m
[  20% ] [90m[1msavepack[22m | Storing File: res://.godot/imported/T_ai_materials_cast_iron_normal.png-ed572bca8a831db5f0b075724bdbe756.ctex[39m[0m
[  20% ] [90m[1msavepack[22m | Storing File: res://assets/building/textures/T_ai_materials_cast_iron_normal.png.import[39m[0m
[  20% ] [90m[1msavepack[22m | Storing File: res://.godot/imported/T_ai_materials_cast_iron_rough.png-b74900f724ba3730c064ef87fba03915.ctex[39m[0m
[  20% ] [90m[1msavepack[22m | Storing File: res://assets/building/textures/T_ai_materials_cast_iron_rough.png.import[39m[0m
[  20% ] [90m[1msavepack[22m | Storing File: res://.godot/imported/T_ai_materials_ceramic_albedo.png-6bd6af952e4065bcf63c2b01f5d99c81.ctex[39m[0m
[  20% ] [90m[1msavepack[22m | Storing File: res://assets/building/textures/T_ai_materials_ceramic_albedo.png.import[39m[0m
[  20% ] [90m[1msavepack[22m | Storing File: res://.godot/imported/T_ai_materials_ceramic_b_albedo.png-3fe330068e4e2f0314e02f02d80b104e.ctex[39m[0m
[  20% ] [90m[1msavepack[22m | Storing File: res://assets/building/textures/T_ai_materials_ceramic_b_albedo.png.import[39m[0m
[  20% ] [90m[1msavepack[22m | Storing File: res://.godot/imported/T_ai_materials_ceramic_b_normal.png-6f54cedb9956be6ebb5fb30cf5a36263.ctex[39m[0m
[  20% ] [90m[1msavepack[22m | Storing File: res://assets/building/textures/T_ai_materials_ceramic_b_normal.png.import[39m[0m
[  20% ] [90m[1msavepack[22m | Storing File: res://.godot/imported/T_ai_materials_ceramic_b_rough.png-3a72f63c7288738d77633aa7b32c8887.ctex[39m[0m
[  20% ] [90m[1msavepack[22m | Storing File: res://assets/building/textures/T_ai_materials_ceramic_b_rough.png.import[39m[0m
[  20% ] [90m[1msavepack[22m | Storing File: res://.godot/imported/T_ai_materials_ceramic_c_albedo.png-a2256dd444779d02f0115b8e785da6ef.ctex[39m[0m
[  20% ] [90m[1msavepack[22m | Storing File: res://assets/building/textures/T_ai_materials_ceramic_c_albedo.png.import[39m[0m
[  20% ] [90m[1msavepack[22m | Storing File: res://.godot/imported/T_ai_materials_ceramic_c_normal.png-fd5bc34a48c877cc95aaae2dc08fb852.ctex[39m[0m
[  20% ] [90m[1msavepack[22m | Storing File: res://assets/building/textures/T_ai_materials_ceramic_c_normal.png.import[39m[0m
[  20% ] [90m[1msavepack[22m | Storing File: res://.godot/imported/T_ai_materials_ceramic_c_rough.png-5b85a9133942e73c07c95e2dbd472101.ctex[39m[0m
[  20% ] [90m[1msavepack[22m | Storing File: res://assets/building/textures/T_ai_materials_ceramic_c_rough.png.import[39m[0m
[  20% ] [90m[1msavepack[22m | Storing File: res://.godot/imported/T_ai_materials_ceramic_normal.png-43d10fff007284e4d07a7a13d402229d.ctex[39m[0m
[  20% ] [90m[1msavepack[22m | Storing File: res://assets/building/textures/T_ai_materials_ceramic_normal.png.import[39m[0m
[  20% ] [90m[1msavepack[22m | Storing File: res://.godot/imported/T_ai_materials_ceramic_rough.png-0e66a8fc4524875be677996347181796.ctex[39m[0m
[  20% ] [90m[1msavepack[22m | Storing File: res://assets/building/textures/T_ai_materials_ceramic_rough.png.import[39m[0m
[  20% ] [90m[1msavepack[22m | Storing File: res://.godot/imported/T_ai_materials_char_albedo.png-9c5c82f0667327457c3a6f894f2e5cf7.ctex[39m[0m
[  20% ] [90m[1msavepack[22m | Storing File: res://assets/building/textures/T_ai_materials_char_albedo.png.import[39m[0m
[  20% ] [90m[1msavepack[22m | Storing File: res://.godot/imported/T_ai_materials_char_b_albedo.png-e2ac28a9138183fc1e653d9ebb7a4d63.ctex[39m[0m
[  20% ] [90m[1msavepack[22m | Storing File: res://assets/building/textures/T_ai_materials_char_b_albedo.png.import[39m[0m
[  20% ] [90m[1msavepack[22m | Storing File: res://.godot/imported/T_ai_materials_char_b_normal.png-1026ad0f45c1acd4e5bb804caf07a880.ctex[39m[0m
[  20% ] [90m[1msavepack[22m | Storing File: res://assets/building/textures/T_ai_materials_char_b_normal.png.import[39m[0m
[  20% ] [90m[1msavepack[22m | Storing File: res://.godot/imported/T_ai_materials_char_b_rough.png-2e451779a0e1e84567e8a671230ad20a.ctex[39m[0m
[  20% ] [90m[1msavepack[22m | Storing File: res://assets/building/textures/T_ai_materials_char_b_rough.png.import[39m[0m
[  20% ] [90m[1msavepack[22m | Storing File: res://.godot/imported/T_ai_materials_char_d_albedo.png-e05df8041727eb46adf4a16e83d3e47f.ctex[39m[0m
[  20% ] [90m[1msavepack[22m | Storing File: res://assets/building/textures/T_ai_materials_char_d_albedo.png.import[39m[0m
[  20% ] [90m[1msavepack[22m | Storing File: res://.godot/imported/T_ai_materials_char_d_normal.png-dd74f744a6c1ca505d1b9a8e8289d75e.ctex[39m[0m
[  20% ] [90m[1msavepack[22m | Storing File: res://assets/building/textures/T_ai_materials_char_d_normal.png.import[39m[0m
[  21% ] [90m[1msavepack[22m | Storing File: res://.godot/imported/T_ai_materials_char_d_rough.png-b306d2c1ff796760105ec5d920fc79aa.ctex[39m[0m
[  21% ] [90m[1msavepack[22m | Storing File: res://assets/building/textures/T_ai_materials_char_d_rough.png.import[39m[0m
[  21% ] [90m[1msavepack[22m | Storing File: res://.godot/imported/T_ai_materials_char_normal.png-d878597e418306375c2b4008d5bcfbe1.ctex[39m[0m
[  21% ] [90m[1msavepack[22m | Storing File: res://assets/building/textures/T_ai_materials_char_normal.png.import[39m[0m
[  21% ] [90m[1msavepack[22m | Storing File: res://.godot/imported/T_ai_materials_char_rough.png-1ee93a9a050fc94de3f3cf371246211b.ctex[39m[0m
[  21% ] [90m[1msavepack[22m | Storing File: res://assets/building/textures/T_ai_materials_char_rough.png.import[39m[0m
[  21% ] [90m[1msavepack[22m | Storing File: res://.godot/imported/T_ai_materials_chochin_albedo.png-4f318c04bd48f291d73698842dc07609.ctex[39m[0m
[  21% ] [90m[1msavepack[22m | Storing File: res://assets/building/textures/T_ai_materials_chochin_albedo.png.import[39m[0m
[  21% ] [90m[1msavepack[22m | Storing File: res://.godot/imported/T_ai_materials_chochin_normal.png-e3bcae052223d50a876615188355ca72.ctex[39m[0m
[  21% ] [90m[1msavepack[22m | Storing File: res://assets/building/textures/T_ai_materials_chochin_normal.png.import[39m[0m
[  21% ] [90m[1msavepack[22m | Storing File: res://.godot/imported/T_ai_materials_chochin_rough.png-6fd6beb54a79de0b534e40bbd3eec1d7.ctex[39m[0m
[  21% ] [90m[1msavepack[22m | Storing File: res://assets/building/textures/T_ai_materials_chochin_rough.png.import[39m[0m
[  21% ] [90m[1msavepack[22m | Storing File: res://.godot/imported/T_ai_materials_chrome_albedo.png-54dafc296ac65ed1f3dbc7cdf37bb5a3.ctex[39m[0m
[  21% ] [90m[1msavepack[22m | Storing File: res://assets/building/textures/T_ai_materials_chrome_albedo.png.import[39m[0m
[  21% ] [90m[1msavepack[22m | Storing File: res://.godot/imported/T_ai_materials_chrome_b_albedo.png-9298f376c0fab7b62656218c3c9cf10e.ctex[39m[0m
[  21% ] [90m[1msavepack[22m | Storing File: res://assets/building/textures/T_ai_materials_chrome_b_albedo.png.import[39m[0m
[  21% ] [90m[1msavepack[22m | Storing File: res://.godot/imported/T_ai_materials_chrome_b_normal.png-efd086eed57694d5e24ab552a154a759.ctex[39m[0m
[  21% ] [90m[1msavepack[22m | Storing File: res://assets/building/textures/T_ai_materials_chrome_b_normal.png.import[39m[0m
[  21% ] [90m[1msavepack[22m | Storing File: res://.godot/imported/T_ai_materials_chrome_b_rough.png-7a61bcaf18452cfee8cc5880e657c1a5.ctex[39m[0m
[  21% ] [90m[1msavepack[22m | Storing File: res://assets/building/textures/T_ai_materials_chrome_b_rough.png.import[39m[0m
[  21% ] [90m[1msavepack[22m | Storing File: res://.godot/imported/T_ai_materials_chrome_c_albedo.png-b5e4530d25dd7fda299c4d536b1c01f0.ctex[39m[0m
[  21% ] [90m[1msavepack[22m | Storing File: res://assets/building/textures/T_ai_materials_chrome_c_albedo.png.import[39m[0m
[  21% ] [90m[1msavepack[22m | Storing File: res://.godot/imported/T_ai_materials_chrome_c_normal.png-a215e858ffc157128c7c6d837a37c356.ctex[39m[0m
[  21% ] [90m[1msavepack[22m | Storing File: res://assets/building/textures/T_ai_materials_chrome_c_normal.png.import[39m[0m
[  21% ] [90m[1msavepack[22m | Storing File: res://.godot/imported/T_ai_materials_chrome_c_rough.png-819d8edb6fe0250da928fa51ffaa8ebd.ctex[39m[0m
[  21% ] [90m[1msavepack[22m | Storing File: res://assets/building/textures/T_ai_materials_chrome_c_rough.png.import[39m[0m
[  21% ] [90m[1msavepack[22m | Storing File: res://.godot/imported/T_ai_materials_chrome_d_albedo.png-cd36e2c56c3eae0af3e012d2e4abecdd.ctex[39m[0m
[  21% ] [90m[1msavepack[22m | Storing File: res://assets/building/textures/T_ai_materials_chrome_d_albedo.png.import[39m[0m
[  21% ] [90m[1msavepack[22m | Storing File: res://.godot/imported/T_ai_materials_chrome_d_normal.png-520e4a03dfd5ca48f0d88a409bed3c81.ctex[39m[0m
[  21% ] [90m[1msavepack[22m | Storing File: res://assets/building/textures/T_ai_materials_chrome_d_normal.png.import[39m[0m
[  21% ] [90m[1msavepack[22m | Storing File: res://.godot/imported/T_ai_materials_chrome_d_rough.png-cd32a10795728b87f9a9b78c28202984.ctex[39m[0m
[  21% ] [90m[1msavepack[22m | Storing File: res://assets/building/textures/T_ai_materials_chrome_d_rough.png.import[39m[0m
[  21% ] [90m[1msavepack[22m | Storing File: res://.godot/imported/T_ai_materials_chrome_normal.png-b8fa6cdd3334c3c71cfaa9b994dbf197.ctex[39m[0m
[  21% ] [90m[1msavepack[22m | Storing File: res://assets/building/textures/T_ai_materials_chrome_normal.png.import[39m[0m
[  21% ] [90m[1msavepack[22m | Storing File: res://.godot/imported/T_ai_materials_chrome_rough.png-a2787da2cf99042e7dc7bd47a91b4ef9.ctex[39m[0m
[  21% ] [90m[1msavepack[22m | Storing File: res://assets/building/textures/T_ai_materials_chrome_rough.png.import[39m[0m
[  21% ] [90m[1msavepack[22m | Storing File: res://.godot/imported/T_ai_materials_common_brick_albedo.png-33ca8c618a97fb422b16965276bdd7c9.ctex[39m[0m
[  21% ] [90m[1msavepack[22m | Storing File: res://assets/building/textures/T_ai_materials_common_brick_albedo.png.import[39m[0m
[  21% ] [90m[1msavepack[22m | Storing File: res://.godot/imported/T_ai_materials_common_brick_b_albedo.png-e59ad40e41945f6629a91bafebdb8249.ctex[39m[0m
[  21% ] [90m[1msavepack[22m | Storing File: res://assets/building/textures/T_ai_materials_common_brick_b_albedo.png.import[39m[0m
[  21% ] [90m[1msavepack[22m | Storing File: res://.godot/imported/T_ai_materials_common_brick_b_normal.png-62bb76da8e9eb531104bf21e0f125c03.ctex[39m[0m
[  21% ] [90m[1msavepack[22m | Storing File: res://assets/building/textures/T_ai_materials_common_brick_b_normal.png.import[39m[0m
[  22% ] [90m[1msavepack[22m | Storing File: res://.godot/imported/T_ai_materials_common_brick_b_rough.png-6e302458583aa1d4ccce97aa5dc26fcd.ctex[39m[0m
[  22% ] [90m[1msavepack[22m | Storing File: res://assets/building/textures/T_ai_materials_common_brick_b_rough.png.import[39m[0m
[  22% ] [90m[1msavepack[22m | Storing File: res://.godot/imported/T_ai_materials_common_brick_c_albedo.png-b75a8b6dc370386ec336716ea4a83905.ctex[39m[0m
[  22% ] [90m[1msavepack[22m | Storing File: res://assets/building/textures/T_ai_materials_common_brick_c_albedo.png.import[39m[0m
[  22% ] [90m[1msavepack[22m | Storing File: res://.godot/imported/T_ai_materials_common_brick_c_normal.png-16e90748fb3a72327f4a2a9cd1ceb361.ctex[39m[0m
[  22% ] [90m[1msavepack[22m | Storing File: res://assets/building/textures/T_ai_materials_common_brick_c_normal.png.import[39m[0m
[  22% ] [90m[1msavepack[22m | Storing File: res://.godot/imported/T_ai_materials_common_brick_c_rough.png-93eaf0645abdafc6dd3215f19abd70a6.ctex[39m[0m
[  22% ] [90m[1msavepack[22m | Storing File: res://assets/building/textures/T_ai_materials_common_brick_c_rough.png.import[39m[0m
[  22% ] [90m[1msavepack[22m | Storing File: res://.godot/imported/T_ai_materials_common_brick_normal.png-e8e290f414127ae8108b0cc88f923889.ctex[39m[0m
[  22% ] [90m[1msavepack[22m | Storing File: res://assets/building/textures/T_ai_materials_common_brick_normal.png.import[39m[0m
[  22% ] [90m[1msavepack[22m | Storing File: res://.godot/imported/T_ai_materials_common_brick_rough.png-82d248157c70e9ad41801c2e0f8ae1e0.ctex[39m[0m
[  22% ] [90m[1msavepack[22m | Storing File: res://assets/building/textures/T_ai_materials_common_brick_rough.png.import[39m[0m
[  22% ] [90m[1msavepack[22m | Storing File: res://.godot/imported/T_ai_materials_concrete_albedo.png-6afea6071794a72e223b17275f930740.ctex[39m[0m
[  22% ] [90m[1msavepack[22m | Storing File: res://assets/building/textures/T_ai_materials_concrete_albedo.png.import[39m[0m
[  22% ] [90m[1msavepack[22m | Storing File: res://.godot/imported/T_ai_materials_concrete_b_albedo.png-929f0b1f6424f6370bc8e574b7074b35.ctex[39m[0m
[  22% ] [90m[1msavepack[22m | Storing File: res://assets/building/textures/T_ai_materials_concrete_b_albedo.png.import[39m[0m
[  22% ] [90m[1msavepack[22m | Storing File: res://.godot/imported/T_ai_materials_concrete_b_normal.png-c327e91076e5561832c5e42c33cf69c5.ctex[39m[0m
[  22% ] [90m[1msavepack[22m | Storing File: res://assets/building/textures/T_ai_materials_concrete_b_normal.png.import[39m[0m
[  22% ] [90m[1msavepack[22m | Storing File: res://.godot/imported/T_ai_materials_concrete_b_rough.png-24c085fcfa4903a3d600f9247a5b5c47.ctex[39m[0m
[  22% ] [90m[1msavepack[22m | Storing File: res://assets/building/textures/T_ai_materials_concrete_b_rough.png.import[39m[0m
[  22% ] [90m[1msavepack[22m | Storing File: res://.godot/imported/T_ai_materials_concrete_c_albedo.png-704e0c4ae22f7b4115c36573da76aa5c.ctex[39m[0m
[  22% ] [90m[1msavepack[22m | Storing File: res://assets/building/textures/T_ai_materials_concrete_c_albedo.png.import[39m[0m
[  22% ] [90m[1msavepack[22m | Storing File: res://.godot/imported/T_ai_materials_concrete_c_normal.png-da8523e1426348ac6055baddc04d714f.ctex[39m[0m
[  22% ] [90m[1msavepack[22m | Storing File: res://assets/building/textures/T_ai_materials_concrete_c_normal.png.import[39m[0m
[  22% ] [90m[1msavepack[22m | Storing File: res://.godot/imported/T_ai_materials_concrete_c_rough.png-99877f3319304217d2080ce2a984d231.ctex[39m[0m
[  22% ] [90m[1msavepack[22m | Storing File: res://assets/building/textures/T_ai_materials_concrete_c_rough.png.import[39m[0m
[  22% ] [90m[1msavepack[22m | Storing File: res://.godot/imported/T_ai_materials_concrete_d_albedo.png-d739e224832cb76e4f3e91253f5fd889.ctex[39m[0m
[  22% ] [90m[1msavepack[22m | Storing File: res://assets/building/textures/T_ai_materials_concrete_d_albedo.png.import[39m[0m
[  22% ] [90m[1msavepack[22m | Storing File: res://.godot/imported/T_ai_materials_concrete_d_normal.png-80d886d064740be9dd4fea0b1579100f.ctex[39m[0m
[  22% ] [90m[1msavepack[22m | Storing File: res://assets/building/textures/T_ai_materials_concrete_d_normal.png.import[39m[0m
[  22% ] [90m[1msavepack[22m | Storing File: res://.godot/imported/T_ai_materials_concrete_d_rough.png-07719ff7aac6ed23ac9f027a141434f4.ctex[39m[0m
[  22% ] [90m[1msavepack[22m | Storing File: res://assets/building/textures/T_ai_materials_concrete_d_rough.png.import[39m[0m
[  22% ] [90m[1msavepack[22m | Storing File: res://.godot/imported/T_ai_materials_concrete_normal.png-467d3dcc54b252c2cd023271606a46a6.ctex[39m[0m
[  22% ] [90m[1msavepack[22m | Storing File: res://assets/building/textures/T_ai_materials_concrete_normal.png.import[39m[0m
[  22% ] [90m[1msavepack[22m | Storing File: res://.godot/imported/T_ai_materials_concrete_rough.png-c0559a751e945dd8cd27e8549eff8016.ctex[39m[0m
[  22% ] [90m[1msavepack[22m | Storing File: res://assets/building/textures/T_ai_materials_concrete_rough.png.import[39m[0m
[  22% ] [90m[1msavepack[22m | Storing File: res://.godot/imported/T_ai_materials_concrete_worn_concrete_albedo.png-35fc5e136bcc6fc88b227ad400b1e5c0.ctex[39m[0m
[  22% ] [90m[1msavepack[22m | Storing File: res://assets/building/textures/T_ai_materials_concrete_worn_concrete_albedo.png.import[39m[0m
[  22% ] [90m[1msavepack[22m | Storing File: res://.godot/imported/T_ai_materials_concrete_worn_concrete_rough.png-959cbb087367c6b57def69c0f70c3909.ctex[39m[0m
[  22% ] [90m[1msavepack[22m | Storing File: res://assets/building/textures/T_ai_materials_concrete_worn_concrete_rough.png.import[39m[0m
[  23% ] [90m[1msavepack[22m | Storing File: res://.godot/imported/T_ai_materials_copper_aged_albedo.png-12131203a862c3eef154ff62c653650c.ctex[39m[0m
[  23% ] [90m[1msavepack[22m | Storing File: res://assets/building/textures/T_ai_materials_copper_aged_albedo.png.import[39m[0m
[  23% ] [90m[1msavepack[22m | Storing File: res://.godot/imported/T_ai_materials_copper_aged_normal.png-84ca44fb676922a225473347f3b0fded.ctex[39m[0m
[  23% ] [90m[1msavepack[22m | Storing File: res://assets/building/textures/T_ai_materials_copper_aged_normal.png.import[39m[0m
[  23% ] [90m[1msavepack[22m | Storing File: res://.godot/imported/T_ai_materials_copper_aged_rough.png-57c4fbd07216e6a35e054e82bc4ee93d.ctex[39m[0m
[  23% ] [90m[1msavepack[22m | Storing File: res://assets/building/textures/T_ai_materials_copper_aged_rough.png.import[39m[0m
[  23% ] [90m[1msavepack[22m | Storing File: res://.godot/imported/T_ai_materials_countertop_albedo.png-fcf73c41ab408eb5d6cae50a74094f54.ctex[39m[0m
[  23% ] [90m[1msavepack[22m | Storing File: res://assets/building/textures/T_ai_materials_countertop_albedo.png.import[39m[0m
[  23% ] [90m[1msavepack[22m | Storing File: res://.godot/imported/T_ai_materials_countertop_b_albedo.png-7747e15b3a864ca2bd74a9d6d99d054a.ctex[39m[0m
[  23% ] [90m[1msavepack[22m | Storing File: res://assets/building/textures/T_ai_materials_countertop_b_albedo.png.import[39m[0m
[  23% ] [90m[1msavepack[22m | Storing File: res://.godot/imported/T_ai_materials_countertop_b_normal.png-3ea418e93369747afe6e7e081756a297.ctex[39m[0m
[  23% ] [90m[1msavepack[22m | Storing File: res://assets/building/textures/T_ai_materials_countertop_b_normal.png.import[39m[0m
[  23% ] [90m[1msavepack[22m | Storing File: res://.godot/imported/T_ai_materials_countertop_b_rough.png-7adf2ce20f7bc700d5fa1cc31a0ea521.ctex[39m[0m
[  23% ] [90m[1msavepack[22m | Storing File: res://assets/building/textures/T_ai_materials_countertop_b_rough.png.import[39m[0m
[  23% ] [90m[1msavepack[22m | Storing File: res://.godot/imported/T_ai_materials_countertop_c_albedo.png-52d69dac7869d8e288f787d774f8451e.ctex[39m[0m
[  23% ] [90m[1msavepack[22m | Storing File: res://assets/building/textures/T_ai_materials_countertop_c_albedo.png.import[39m[0m
[  23% ] [90m[1msavepack[22m | Storing File: res://.godot/imported/T_ai_materials_countertop_c_normal.png-aa5ca312e3576ba3e82e72cde03a808c.ctex[39m[0m
[  23% ] [90m[1msavepack[22m | Storing File: res://assets/building/textures/T_ai_materials_countertop_c_normal.png.import[39m[0m
[  23% ] [90m[1msavepack[22m | Storing File: res://.godot/imported/T_ai_materials_countertop_c_rough.png-ca0c3347e0789c688b0c2e6b82b285e6.ctex[39m[0m
[  23% ] [90m[1msavepack[22m | Storing File: res://assets/building/textures/T_ai_materials_countertop_c_rough.png.import[39m[0m
[  23% ] [90m[1msavepack[22m | Storing File: res://.godot/imported/T_ai_materials_countertop_normal.png-919f6d2535f5acf73fb9ba2f0930d5af.ctex[39m[0m
[  23% ] [90m[1msavepack[22m | Storing File: res://assets/building/textures/T_ai_materials_countertop_normal.png.import[39m[0m
[  23% ] [90m[1msavepack[22m | Storing File: res://.godot/imported/T_ai_materials_countertop_rough.png-e5d47a4951e05500fc7fdfa657b06a43.ctex[39m[0m
[  23% ] [90m[1msavepack[22m | Storing File: res://assets/building/textures/T_ai_materials_countertop_rough.png.import[39m[0m
[  23% ] [90m[1msavepack[22m | Storing File: res://.godot/imported/T_ai_materials_enamel_appliance_albedo.png-cb0383779b27cc57b528556e5751b341.ctex[39m[0m
[  23% ] [90m[1msavepack[22m | Storing File: res://assets/building/textures/T_ai_materials_enamel_appliance_albedo.png.import[39m[0m
[  23% ] [90m[1msavepack[22m | Storing File: res://.godot/imported/T_ai_materials_enamel_appliance_normal.png-21a396f64774a536b5228000c355954c.ctex[39m[0m
[  23% ] [90m[1msavepack[22m | Storing File: res://assets/building/textures/T_ai_materials_enamel_appliance_normal.png.import[39m[0m
[  23% ] [90m[1msavepack[22m | Storing File: res://.godot/imported/T_ai_materials_enamel_appliance_rough.png-6138aadae79c61876c9fcf7827003b53.ctex[39m[0m
[  23% ] [90m[1msavepack[22m | Storing File: res://assets/building/textures/T_ai_materials_enamel_appliance_rough.png.import[39m[0m
[  23% ] [90m[1msavepack[22m | Storing File: res://.godot/imported/T_ai_materials_enamel_b_albedo.png-704228c6383045c9a386dee25795c73a.ctex[39m[0m
[  23% ] [90m[1msavepack[22m | Storing File: res://assets/building/textures/T_ai_materials_enamel_b_albedo.png.import[39m[0m
[  23% ] [90m[1msavepack[22m | Storing File: res://.godot/imported/T_ai_materials_enamel_b_normal.png-d49bea3487921a127dda2b2bbbfe187e.ctex[39m[0m
[  23% ] [90m[1msavepack[22m | Storing File: res://assets/building/textures/T_ai_materials_enamel_b_normal.png.import[39m[0m
[  23% ] [90m[1msavepack[22m | Storing File: res://.godot/imported/T_ai_materials_enamel_b_rough.png-ddd733c2460f3717ea75ec385a64a89b.ctex[39m[0m
[  23% ] [90m[1msavepack[22m | Storing File: res://assets/building/textures/T_ai_materials_enamel_b_rough.png.import[39m[0m
[  23% ] [90m[1msavepack[22m | Storing File: res://.godot/imported/T_ai_materials_enamel_c_albedo.png-248a532e488fa0fc8a801540a4590bbc.ctex[39m[0m
[  23% ] [90m[1msavepack[22m | Storing File: res://assets/building/textures/T_ai_materials_enamel_c_albedo.png.import[39m[0m
[  23% ] [90m[1msavepack[22m | Storing File: res://.godot/imported/T_ai_materials_enamel_c_normal.png-571716dfa41e7ce6b50197a7c3f2e6e2.ctex[39m[0m
[  23% ] [90m[1msavepack[22m | Storing File: res://assets/building/textures/T_ai_materials_enamel_c_normal.png.import[39m[0m
[  23% ] [90m[1msavepack[22m | Storing File: res://.godot/imported/T_ai_materials_enamel_c_rough.png-8871da21abf97b93655877c2d1ac45fd.ctex[39m[0m
[  23% ] [90m[1msavepack[22m | Storing File: res://assets/building/textures/T_ai_materials_enamel_c_rough.png.import[39m[0m
[  24% ] [90m[1msavepack[22m | Storing File: res://.godot/imported/T_ai_materials_enamel_d_albedo.png-15fe9dd0a4e4473a909550264496cb65.ctex[39m[0m
[  24% ] [90m[1msavepack[22m | Storing File: res://assets/building/textures/T_ai_materials_enamel_d_albedo.png.import[39m[0m
[  24% ] [90m[1msavepack[22m | Storing File: res://.godot/imported/T_ai_materials_enamel_d_normal.png-294d873e4b9952a52b62095a1920bedd.ctex[39m[0m
[  24% ] [90m[1msavepack[22m | Storing File: res://assets/building/textures/T_ai_materials_enamel_d_normal.png.import[39m[0m
[  24% ] [90m[1msavepack[22m | Storing File: res://.godot/imported/T_ai_materials_enamel_d_rough.png-7f75d7c2266952a1db069461da70e019.ctex[39m[0m
[  24% ] [90m[1msavepack[22m | Storing File: res://assets/building/textures/T_ai_materials_enamel_d_rough.png.import[39m[0m
[  24% ] [90m[1msavepack[22m | Storing File: res://.godot/imported/T_ai_materials_enamel_normal.png-ca51a2824e4e1128fcdc258d94f8fdc4.ctex[39m[0m
[  24% ] [90m[1msavepack[22m | Storing File: res://assets/building/textures/T_ai_materials_enamel_normal.png.import[39m[0m
[  24% ] [90m[1msavepack[22m | Storing File: res://.godot/imported/T_ai_materials_enamel_worn_enamel_albedo.png-81ac910bbd4cea9b9fe9f98ed80f5172.ctex[39m[0m
[  24% ] [90m[1msavepack[22m | Storing File: res://assets/building/textures/T_ai_materials_enamel_worn_enamel_albedo.png.import[39m[0m
[  24% ] [90m[1msavepack[22m | Storing File: res://.godot/imported/T_ai_materials_enamel_worn_enamel_rough.png-5752c87ccb874ead51833cc089caa98e.ctex[39m[0m
[  24% ] [90m[1msavepack[22m | Storing File: res://assets/building/textures/T_ai_materials_enamel_worn_enamel_rough.png.import[39m[0m
[  24% ] [90m[1msavepack[22m | Storing File: res://.godot/imported/T_ai_materials_fabric_cool_albedo.png-9c83c852cae0f158b98b62d02158cb6a.ctex[39m[0m
[  24% ] [90m[1msavepack[22m | Storing File: res://assets/building/textures/T_ai_materials_fabric_cool_albedo.png.import[39m[0m
[  24% ] [90m[1msavepack[22m | Storing File: res://.godot/imported/T_ai_materials_fabric_cool_b_albedo.png-ec2a72c31ab6639c699d83a66dfbbb34.ctex[39m[0m
[  24% ] [90m[1msavepack[22m | Storing File: res://assets/building/textures/T_ai_materials_fabric_cool_b_albedo.png.import[39m[0m
[  24% ] [90m[1msavepack[22m | Storing File: res://.godot/imported/T_ai_materials_fabric_cool_b_normal.png-1cf90e56fb6ebd5a233206e9dbea089d.ctex[39m[0m
[  24% ] [90m[1msavepack[22m | Storing File: res://assets/building/textures/T_ai_materials_fabric_cool_b_normal.png.import[39m[0m
[  24% ] [90m[1msavepack[22m | Storing File: res://.godot/imported/T_ai_materials_fabric_cool_b_rough.png-18c11cb6c48c522a8d302d6418dde4a3.ctex[39m[0m
[  24% ] [90m[1msavepack[22m | Storing File: res://assets/building/textures/T_ai_materials_fabric_cool_b_rough.png.import[39m[0m
[  24% ] [90m[1msavepack[22m | Storing File: res://.godot/imported/T_ai_materials_fabric_cool_c_albedo.png-11e9d5a7dc4d33e4a57b4a969730a9cc.ctex[39m[0m
[  24% ] [90m[1msavepack[22m | Storing File: res://assets/building/textures/T_ai_materials_fabric_cool_c_albedo.png.import[39m[0m
[  24% ] [90m[1msavepack[22m | Storing File: res://.godot/imported/T_ai_materials_fabric_cool_c_normal.png-3d6e9d0a9e976ab66d2fcdefc50bac86.ctex[39m[0m
[  24% ] [90m[1msavepack[22m | Storing File: res://assets/building/textures/T_ai_materials_fabric_cool_c_normal.png.import[39m[0m
[  24% ] [90m[1msavepack[22m | Storing File: res://.godot/imported/T_ai_materials_fabric_cool_c_rough.png-d35660771d2a5e8a6880b5b30cca551e.ctex[39m[0m
[  24% ] [90m[1msavepack[22m | Storing File: res://assets/building/textures/T_ai_materials_fabric_cool_c_rough.png.import[39m[0m
[  24% ] [90m[1msavepack[22m | Storing File: res://.godot/imported/T_ai_materials_fabric_cool_normal.png-1e53346d8737bccef95da8c8acf4b542.ctex[39m[0m
[  24% ] [90m[1msavepack[22m | Storing File: res://assets/building/textures/T_ai_materials_fabric_cool_normal.png.import[39m[0m
[  24% ] [90m[1msavepack[22m | Storing File: res://.godot/imported/T_ai_materials_fabric_cool_rough.png-6311788d71b166114ba64d17288494cb.ctex[39m[0m
[  24% ] [90m[1msavepack[22m | Storing File: res://assets/building/textures/T_ai_materials_fabric_cool_rough.png.import[39m[0m
[  24% ] [90m[1msavepack[22m | Storing File: res://.godot/imported/T_ai_materials_fabric_green_albedo.png-db442a68982f500d197937d9dccf3e59.ctex[39m[0m
[  24% ] [90m[1msavepack[22m | Storing File: res://assets/building/textures/T_ai_materials_fabric_green_albedo.png.import[39m[0m
[  24% ] [90m[1msavepack[22m | Storing File: res://.godot/imported/T_ai_materials_fabric_green_b_albedo.png-5807e3ae5d7ec84a55295f712a88f820.ctex[39m[0m
[  24% ] [90m[1msavepack[22m | Storing File: res://assets/building/textures/T_ai_materials_fabric_green_b_albedo.png.import[39m[0m
[  24% ] [90m[1msavepack[22m | Storing File: res://.godot/imported/T_ai_materials_fabric_green_b_normal.png-4b580ee3e7346248daa685563ae7e352.ctex[39m[0m
[  24% ] [90m[1msavepack[22m | Storing File: res://assets/building/textures/T_ai_materials_fabric_green_b_normal.png.import[39m[0m
[  24% ] [90m[1msavepack[22m | Storing File: res://.godot/imported/T_ai_materials_fabric_green_b_rough.png-b3bd4faf42eca617955527b9682d8157.ctex[39m[0m
[  24% ] [90m[1msavepack[22m | Storing File: res://assets/building/textures/T_ai_materials_fabric_green_b_rough.png.import[39m[0m
[  24% ] [90m[1msavepack[22m | Storing File: res://.godot/imported/T_ai_materials_fabric_green_c_albedo.png-27754bbf4c2f78310599aa1f3c7645f5.ctex[39m[0m
[  24% ] [90m[1msavepack[22m | Storing File: res://assets/building/textures/T_ai_materials_fabric_green_c_albedo.png.import[39m[0m
[  25% ] [90m[1msavepack[22m | Storing File: res://.godot/imported/T_ai_materials_fabric_green_c_normal.png-15316f2084bc8f2ba9fe9c552f037cd6.ctex[39m[0m
[  25% ] [90m[1msavepack[22m | Storing File: res://assets/building/textures/T_ai_materials_fabric_green_c_normal.png.import[39m[0m
[  25% ] [90m[1msavepack[22m | Storing File: res://.godot/imported/T_ai_materials_fabric_green_c_rough.png-6389b8f62d5e33d187a151761b287495.ctex[39m[0m
[  25% ] [90m[1msavepack[22m | Storing File: res://assets/building/textures/T_ai_materials_fabric_green_c_rough.png.import[39m[0m
[  25% ] [90m[1msavepack[22m | Storing File: res://.godot/imported/T_ai_materials_fabric_green_normal.png-fe1f9057c81c7ff10d67a0ac89da824d.ctex[39m[0m
[  25% ] [90m[1msavepack[22m | Storing File: res://assets/building/textures/T_ai_materials_fabric_green_normal.png.import[39m[0m
[  25% ] [90m[1msavepack[22m | Storing File: res://.godot/imported/T_ai_materials_fabric_green_rough.png-8c00fc627f50db18f6d70f9c5d2e0120.ctex[39m[0m
[  25% ] [90m[1msavepack[22m | Storing File: res://assets/building/textures/T_ai_materials_fabric_green_rough.png.import[39m[0m
[  25% ] [90m[1msavepack[22m | Storing File: res://.godot/imported/T_ai_materials_fabric_warm_albedo.png-e741405047fa9d54d87d748909dd3d3d.ctex[39m[0m
[  25% ] [90m[1msavepack[22m | Storing File: res://assets/building/textures/T_ai_materials_fabric_warm_albedo.png.import[39m[0m
[  25% ] [90m[1msavepack[22m | Storing File: res://.godot/imported/T_ai_materials_fabric_warm_b_albedo.png-96b0b2152da69312c3039b9e70d06a58.ctex[39m[0m
[  25% ] [90m[1msavepack[22m | Storing File: res://assets/building/textures/T_ai_materials_fabric_warm_b_albedo.png.import[39m[0m
[  25% ] [90m[1msavepack[22m | Storing File: res://.godot/imported/T_ai_materials_fabric_warm_b_normal.png-c6aa4579950d6b136f80a8b3937ca85a.ctex[39m[0m
[  25% ] [90m[1msavepack[22m | Storing File: res://assets/building/textures/T_ai_materials_fabric_warm_b_normal.png.import[39m[0m
[  25% ] [90m[1msavepack[22m | Storing File: res://.godot/imported/T_ai_materials_fabric_warm_b_rough.png-6e22d6b33728fd212176c3309a53f568.ctex[39m[0m
[  25% ] [90m[1msavepack[22m | Storing File: res://assets/building/textures/T_ai_materials_fabric_warm_b_rough.png.import[39m[0m
[  25% ] [90m[1msavepack[22m | Storing File: res://.godot/imported/T_ai_materials_fabric_warm_c_albedo.png-8ff1f464a0458118b658b42c5cb2d939.ctex[39m[0m
[  25% ] [90m[1msavepack[22m | Storing File: res://assets/building/textures/T_ai_materials_fabric_warm_c_albedo.png.import[39m[0m
[  25% ] [90m[1msavepack[22m | Storing File: res://.godot/imported/T_ai_materials_fabric_warm_c_normal.png-ceab89cb16aaecc88172cbf0a396498c.ctex[39m[0m
[  25% ] [90m[1msavepack[22m | Storing File: res://assets/building/textures/T_ai_materials_fabric_warm_c_normal.png.import[39m[0m
[  25% ] [90m[1msavepack[22m | Storing File: res://.godot/imported/T_ai_materials_fabric_warm_c_rough.png-48199b92a052a8e984782cfb4aaa2d74.ctex[39m[0m
[  25% ] [90m[1msavepack[22m | Storing File: res://assets/building/textures/T_ai_materials_fabric_warm_c_rough.png.import[39m[0m
[  25% ] [90m[1msavepack[22m | Storing File: res://.godot/imported/T_ai_materials_fabric_warm_normal.png-56ab00f391fc04ec35b8185348ca9468.ctex[39m[0m
[  25% ] [90m[1msavepack[22m | Storing File: res://assets/building/textures/T_ai_materials_fabric_warm_normal.png.import[39m[0m
[  25% ] [90m[1msavepack[22m | Storing File: res://.godot/imported/T_ai_materials_fabric_warm_rough.png-5e311b029449831d5317757733cc1f6a.ctex[39m[0m
[  25% ] [90m[1msavepack[22m | Storing File: res://assets/building/textures/T_ai_materials_fabric_warm_rough.png.import[39m[0m
[  25% ] [90m[1msavepack[22m | Storing File: res://.godot/imported/T_ai_materials_face_brick_albedo.png-9c31549ac838a993598b3116eaf4ef17.ctex[39m[0m
[  25% ] [90m[1msavepack[22m | Storing File: res://assets/building/textures/T_ai_materials_face_brick_albedo.png.import[39m[0m
[  25% ] [90m[1msavepack[22m | Storing File: res://.godot/imported/T_ai_materials_face_brick_b_albedo.png-b119d4e5ea3b373eaaf99c0da7a78044.ctex[39m[0m
[  25% ] [90m[1msavepack[22m | Storing File: res://assets/building/textures/T_ai_materials_face_brick_b_albedo.png.import[39m[0m
[  25% ] [90m[1msavepack[22m | Storing File: res://.godot/imported/T_ai_materials_face_brick_b_normal.png-073ff5e19fbda8815adfd131a9ec0bd8.ctex[39m[0m
[  25% ] [90m[1msavepack[22m | Storing File: res://assets/building/textures/T_ai_materials_face_brick_b_normal.png.import[39m[0m
[  25% ] [90m[1msavepack[22m | Storing File: res://.godot/imported/T_ai_materials_face_brick_b_rough.png-7fe22c35029b1d7a2d67a08bde48dcab.ctex[39m[0m
[  25% ] [90m[1msavepack[22m | Storing File: res://assets/building/textures/T_ai_materials_face_brick_b_rough.png.import[39m[0m
[  25% ] [90m[1msavepack[22m | Storing File: res://.godot/imported/T_ai_materials_face_brick_c_albedo.png-711bd3e7817e0aa34e6e764afa041827.ctex[39m[0m
[  25% ] [90m[1msavepack[22m | Storing File: res://assets/building/textures/T_ai_materials_face_brick_c_albedo.png.import[39m[0m
[  25% ] [90m[1msavepack[22m | Storing File: res://.godot/imported/T_ai_materials_face_brick_c_normal.png-e7ee47e85b74d370dbb14ffc5d3d38b3.ctex[39m[0m
[  25% ] [90m[1msavepack[22m | Storing File: res://assets/building/textures/T_ai_materials_face_brick_c_normal.png.import[39m[0m
[  25% ] [90m[1msavepack[22m | Storing File: res://.godot/imported/T_ai_materials_face_brick_c_rough.png-9896578ab267b6f9afefc0dab98d10df.ctex[39m[0m
[  25% ] [90m[1msavepack[22m | Storing File: res://assets/building/textures/T_ai_materials_face_brick_c_rough.png.import[39m[0m
[  25% ] [90m[1msavepack[22m | Storing File: res://.godot/imported/T_ai_materials_face_brick_normal.png-2e6cd4f282375dc4a24d8e5199661e2a.ctex[39m[0m
[  25% ] [90m[1msavepack[22m | Storing File: res://assets/building/textures/T_ai_materials_face_brick_normal.png.import[39m[0m
[  26% ] [90m[1msavepack[22m | Storing File: res://.godot/imported/T_ai_materials_face_brick_rough.png-e990847fd92439b410a6b2a30e9ad4df.ctex[39m[0m
[  26% ] [90m[1msavepack[22m | Storing File: res://assets/building/textures/T_ai_materials_face_brick_rough.png.import[39m[0m
[  26% ] [90m[1msavepack[22m | Storing File: res://.godot/imported/T_ai_materials_felt_violet_b_albedo.png-1470af9773080f68c85ef56a23a83090.ctex[39m[0m
[  26% ] [90m[1msavepack[22m | Storing File: res://assets/building/textures/T_ai_materials_felt_violet_b_albedo.png.import[39m[0m
[  26% ] [90m[1msavepack[22m | Storing File: res://.godot/imported/T_ai_materials_felt_violet_b_normal.png-37ee4dc031811bb90743b59193d5eac9.ctex[39m[0m
[  26% ] [90m[1msavepack[22m | Storing File: res://assets/building/textures/T_ai_materials_felt_violet_b_normal.png.import[39m[0m
[  26% ] [90m[1msavepack[22m | Storing File: res://.godot/imported/T_ai_materials_felt_violet_b_rough.png-2c8bf7a3dd7df40b05ea3b70a3c284c0.ctex[39m[0m
[  26% ] [90m[1msavepack[22m | Storing File: res://assets/building/textures/T_ai_materials_felt_violet_b_rough.png.import[39m[0m
[  26% ] [90m[1msavepack[22m | Storing File: res://.godot/imported/T_ai_materials_floor_oak_albedo.png-a780194f26a172eb17e646f379a7e368.ctex[39m[0m
[  26% ] [90m[1msavepack[22m | Storing File: res://assets/building/textures/T_ai_materials_floor_oak_albedo.png.import[39m[0m
[  26% ] [90m[1msavepack[22m | Storing File: res://.godot/imported/T_ai_materials_floor_oak_b_albedo.png-b9b47581b2d3527a1832c94be6bb1068.ctex[39m[0m
[  26% ] [90m[1msavepack[22m | Storing File: res://assets/building/textures/T_ai_materials_floor_oak_b_albedo.png.import[39m[0m
[  26% ] [90m[1msavepack[22m | Storing File: res://.godot/imported/T_ai_materials_floor_oak_b_normal.png-3d3a7bd55b8d32debe12d343fc7afe00.ctex[39m[0m
[  26% ] [90m[1msavepack[22m | Storing File: res://assets/building/textures/T_ai_materials_floor_oak_b_normal.png.import[39m[0m
[  26% ] [90m[1msavepack[22m | Storing File: res://.godot/imported/T_ai_materials_floor_oak_b_rough.png-2077f8ff62fd44aa07ea313096abe11b.ctex[39m[0m
[  26% ] [90m[1msavepack[22m | Storing File: res://assets/building/textures/T_ai_materials_floor_oak_b_rough.png.import[39m[0m
[  26% ] [90m[1msavepack[22m | Storing File: res://.godot/imported/T_ai_materials_floor_oak_c_albedo.png-b573bfc3741e86abecd46b6b331baa18.ctex[39m[0m
[  26% ] [90m[1msavepack[22m | Storing File: res://assets/building/textures/T_ai_materials_floor_oak_c_albedo.png.import[39m[0m
[  26% ] [90m[1msavepack[22m | Storing File: res://.godot/imported/T_ai_materials_floor_oak_c_normal.png-893cefe0459fdcd6d7dbad4dd3e03a9f.ctex[39m[0m
[  26% ] [90m[1msavepack[22m | Storing File: res://assets/building/textures/T_ai_materials_floor_oak_c_normal.png.import[39m[0m
[  26% ] [90m[1msavepack[22m | Storing File: res://.godot/imported/T_ai_materials_floor_oak_c_rough.png-e5a2003d215f4f65d569d769444eab8c.ctex[39m[0m
[  26% ] [90m[1msavepack[22m | Storing File: res://assets/building/textures/T_ai_materials_floor_oak_c_rough.png.import[39m[0m
[  26% ] [90m[1msavepack[22m | Storing File: res://.godot/imported/T_ai_materials_floor_oak_normal.png-b5ebbcbc1b87bd59d059804a6d84c1a9.ctex[39m[0m
[  26% ] [90m[1msavepack[22m | Storing File: res://assets/building/textures/T_ai_materials_floor_oak_normal.png.import[39m[0m
[  26% ] [90m[1msavepack[22m | Storing File: res://.godot/imported/T_ai_materials_floor_oak_rough.png-4fe81457f0a3400a8a398088e4bc6770.ctex[39m[0m
[  26% ] [90m[1msavepack[22m | Storing File: res://assets/building/textures/T_ai_materials_floor_oak_rough.png.import[39m[0m
[  26% ] [90m[1msavepack[22m | Storing File: res://.godot/imported/T_ai_materials_fx_grease_albedo.png-3941f2a0fd3efe24fd2d22e4b2564897.ctex[39m[0m
[  26% ] [90m[1msavepack[22m | Storing File: res://assets/building/textures/T_ai_materials_fx_grease_albedo.png.import[39m[0m
[  26% ] [90m[1msavepack[22m | Storing File: res://.godot/imported/T_ai_materials_fx_grease_normal.png-b623a232fa1559831c4ee34f5e7f0550.ctex[39m[0m
[  26% ] [90m[1msavepack[22m | Storing File: res://assets/building/textures/T_ai_materials_fx_grease_normal.png.import[39m[0m
[  26% ] [90m[1msavepack[22m | Storing File: res://.godot/imported/T_ai_materials_fx_grease_rough.png-96d09363f448949db405cd320f50a96c.ctex[39m[0m
[  26% ] [90m[1msavepack[22m | Storing File: res://assets/building/textures/T_ai_materials_fx_grease_rough.png.import[39m[0m
[  26% ] [90m[1msavepack[22m | Storing File: res://.godot/imported/T_ai_materials_handrail_wood_albedo.png-bf0c18d54a71c0acc5db0d5717fd36a5.ctex[39m[0m
[  26% ] [90m[1msavepack[22m | Storing File: res://assets/building/textures/T_ai_materials_handrail_wood_albedo.png.import[39m[0m
[  26% ] [90m[1msavepack[22m | Storing File: res://.godot/imported/T_ai_materials_handrail_wood_b_albedo.png-3b9e8f1149f00efb00519216417393c0.ctex[39m[0m
[  26% ] [90m[1msavepack[22m | Storing File: res://assets/building/textures/T_ai_materials_handrail_wood_b_albedo.png.import[39m[0m
[  26% ] [90m[1msavepack[22m | Storing File: res://.godot/imported/T_ai_materials_handrail_wood_b_normal.png-b1602d8b425d4bdbae55e332b7db7b0c.ctex[39m[0m
[  26% ] [90m[1msavepack[22m | Storing File: res://assets/building/textures/T_ai_materials_handrail_wood_b_normal.png.import[39m[0m
[  26% ] [90m[1msavepack[22m | Storing File: res://.godot/imported/T_ai_materials_handrail_wood_b_rough.png-0de8612e0125af8d99529bf24af1f703.ctex[39m[0m
[  26% ] [90m[1msavepack[22m | Storing File: res://assets/building/textures/T_ai_materials_handrail_wood_b_rough.png.import[39m[0m
[  26% ] [90m[1msavepack[22m | Storing File: res://.godot/imported/T_ai_materials_handrail_wood_c_albedo.png-8d9b0e648ca764dd73af33898c8a9f66.ctex[39m[0m
[  26% ] [90m[1msavepack[22m | Storing File: res://assets/building/textures/T_ai_materials_handrail_wood_c_albedo.png.import[39m[0m
[  27% ] [90m[1msavepack[22m | Storing File: res://.godot/imported/T_ai_materials_handrail_wood_c_normal.png-06e1af66e838685ac78948af636b5412.ctex[39m[0m
[  27% ] [90m[1msavepack[22m | Storing File: res://assets/building/textures/T_ai_materials_handrail_wood_c_normal.png.import[39m[0m
[  27% ] [90m[1msavepack[22m | Storing File: res://.godot/imported/T_ai_materials_handrail_wood_c_rough.png-1ed56931f52e196bb1be4cedf31e8022.ctex[39m[0m
[  27% ] [90m[1msavepack[22m | Storing File: res://assets/building/textures/T_ai_materials_handrail_wood_c_rough.png.import[39m[0m
[  27% ] [90m[1msavepack[22m | Storing File: res://.godot/imported/T_ai_materials_handrail_wood_normal.png-67f4be0b4fef2cf521b914d65dda8ac5.ctex[39m[0m
[  27% ] [90m[1msavepack[22m | Storing File: res://assets/building/textures/T_ai_materials_handrail_wood_normal.png.import[39m[0m
[  27% ] [90m[1msavepack[22m | Storing File: res://.godot/imported/T_ai_materials_handrail_wood_rough.png-9b99ef2be4da200b1784fcf4f437b5ab.ctex[39m[0m
[  27% ] [90m[1msavepack[22m | Storing File: res://assets/building/textures/T_ai_materials_handrail_wood_rough.png.import[39m[0m
[  27% ] [90m[1msavepack[22m | Storing File: res://.godot/imported/T_ai_materials_hoarding_b_albedo.png-67d0cee2d0c59d1bb7015e4c82eb3e4d.ctex[39m[0m
[  27% ] [90m[1msavepack[22m | Storing File: res://assets/building/textures/T_ai_materials_hoarding_b_albedo.png.import[39m[0m
[  27% ] [90m[1msavepack[22m | Storing File: res://.godot/imported/T_ai_materials_hoarding_b_normal.png-9741a8f8eb961a6421dae8eabe57227c.ctex[39m[0m
[  27% ] [90m[1msavepack[22m | Storing File: res://assets/building/textures/T_ai_materials_hoarding_b_normal.png.import[39m[0m
[  27% ] [90m[1msavepack[22m | Storing File: res://.godot/imported/T_ai_materials_hoarding_b_rough.png-f5c8d2b7af1edc688b0d3944e42413f1.ctex[39m[0m
[  27% ] [90m[1msavepack[22m | Storing File: res://assets/building/textures/T_ai_materials_hoarding_b_rough.png.import[39m[0m
[  27% ] [90m[1msavepack[22m | Storing File: res://.godot/imported/T_ai_materials_indicator_enamel_albedo.png-40900fe57bfb2590b507fecbe427ec4e.ctex[39m[0m
[  27% ] [90m[1msavepack[22m | Storing File: res://assets/building/textures/T_ai_materials_indicator_enamel_albedo.png.import[39m[0m
[  27% ] [90m[1msavepack[22m | Storing File: res://.godot/imported/T_ai_materials_indicator_enamel_normal.png-6ef0fd147fe1d0bcbf5b046d278689fb.ctex[39m[0m
[  27% ] [90m[1msavepack[22m | Storing File: res://assets/building/textures/T_ai_materials_indicator_enamel_normal.png.import[39m[0m
[  27% ] [90m[1msavepack[22m | Storing File: res://.godot/imported/T_ai_materials_indicator_enamel_rough.png-7af5ab0518475e7fe6b57661c8df9479.ctex[39m[0m
[  27% ] [90m[1msavepack[22m | Storing File: res://assets/building/textures/T_ai_materials_indicator_enamel_rough.png.import[39m[0m
[  27% ] [90m[1msavepack[22m | Storing File: res://.godot/imported/T_ai_materials_lacquer_red_b_albedo.png-4ddb38022173239ddf0aa229f5869707.ctex[39m[0m
[  27% ] [90m[1msavepack[22m | Storing File: res://assets/building/textures/T_ai_materials_lacquer_red_b_albedo.png.import[39m[0m
[  27% ] [90m[1msavepack[22m | Storing File: res://.godot/imported/T_ai_materials_lacquer_red_b_normal.png-eb150c0190c7d626f40c24241a48e100.ctex[39m[0m
[  27% ] [90m[1msavepack[22m | Storing File: res://assets/building/textures/T_ai_materials_lacquer_red_b_normal.png.import[39m[0m
[  27% ] [90m[1msavepack[22m | Storing File: res://.godot/imported/T_ai_materials_lacquer_red_b_rough.png-9ebe4e2787f7412fbb3ebe510140932d.ctex[39m[0m
[  27% ] [90m[1msavepack[22m | Storing File: res://assets/building/textures/T_ai_materials_lacquer_red_b_rough.png.import[39m[0m
[  27% ] [90m[1msavepack[22m | Storing File: res://.godot/imported/T_ai_materials_leaf_fall_albedo.png-09d3d49e36acb9c29816df3da2257474.ctex[39m[0m
[  27% ] [90m[1msavepack[22m | Storing File: res://assets/building/textures/T_ai_materials_leaf_fall_albedo.png.import[39m[0m
[  27% ] [90m[1msavepack[22m | Storing File: res://.godot/imported/T_ai_materials_leaf_fall_b_albedo.png-626df676ba5f3650664aec0600001a77.ctex[39m[0m
[  27% ] [90m[1msavepack[22m | Storing File: res://assets/building/textures/T_ai_materials_leaf_fall_b_albedo.png.import[39m[0m
[  27% ] [90m[1msavepack[22m | Storing File: res://.godot/imported/T_ai_materials_leaf_fall_b_normal.png-6ccd1f2a1089e6caa8a85111ed21ba58.ctex[39m[0m
[  27% ] [90m[1msavepack[22m | Storing File: res://assets/building/textures/T_ai_materials_leaf_fall_b_normal.png.import[39m[0m
[  27% ] [90m[1msavepack[22m | Storing File: res://.godot/imported/T_ai_materials_leaf_fall_b_rough.png-732c9a00da154a9a2da89b75327fcec0.ctex[39m[0m
[  27% ] [90m[1msavepack[22m | Storing File: res://assets/building/textures/T_ai_materials_leaf_fall_b_rough.png.import[39m[0m
[  27% ] [90m[1msavepack[22m | Storing File: res://.godot/imported/T_ai_materials_leaf_fall_normal.png-b4e32b14889d9ad01ede97502ee01330.ctex[39m[0m
[  27% ] [90m[1msavepack[22m | Storing File: res://assets/building/textures/T_ai_materials_leaf_fall_normal.png.import[39m[0m
[  27% ] [90m[1msavepack[22m | Storing File: res://.godot/imported/T_ai_materials_leaf_fall_rough.png-6fbaf64bc731580aa1259ca8593f0a04.ctex[39m[0m
[  27% ] [90m[1msavepack[22m | Storing File: res://assets/building/textures/T_ai_materials_leaf_fall_rough.png.import[39m[0m
[  27% ] [90m[1msavepack[22m | Storing File: res://.godot/imported/T_ai_materials_limestone_albedo.png-a6d058e24e9af66f9dc0eb74c2514542.ctex[39m[0m
[  27% ] [90m[1msavepack[22m | Storing File: res://assets/building/textures/T_ai_materials_limestone_albedo.png.import[39m[0m
[  28% ] [90m[1msavepack[22m | Storing File: res://.godot/imported/T_ai_materials_limestone_b_albedo.png-40c871f48b82ac29f887fa07e5d8adb0.ctex[39m[0m
[  28% ] [90m[1msavepack[22m | Storing File: res://assets/building/textures/T_ai_materials_limestone_b_albedo.png.import[39m[0m
[  28% ] [90m[1msavepack[22m | Storing File: res://.godot/imported/T_ai_materials_limestone_b_normal.png-f6f9850d5a4a004e954576005d51295d.ctex[39m[0m
[  28% ] [90m[1msavepack[22m | Storing File: res://assets/building/textures/T_ai_materials_limestone_b_normal.png.import[39m[0m
[  28% ] [90m[1msavepack[22m | Storing File: res://.godot/imported/T_ai_materials_limestone_b_rough.png-c07bdeeed478c3c1cc7382375c35634f.ctex[39m[0m
[  28% ] [90m[1msavepack[22m | Storing File: res://assets/building/textures/T_ai_materials_limestone_b_rough.png.import[39m[0m
[  28% ] [90m[1msavepack[22m | Storing File: res://.godot/imported/T_ai_materials_limestone_c_albedo.png-0fd7b8a44a26b6103200a433d8894feb.ctex[39m[0m
[  28% ] [90m[1msavepack[22m | Storing File: res://assets/building/textures/T_ai_materials_limestone_c_albedo.png.import[39m[0m
[  28% ] [90m[1msavepack[22m | Storing File: res://.godot/imported/T_ai_materials_limestone_c_normal.png-126800e1ac45bfe19e807ce6e787f46c.ctex[39m[0m
[  28% ] [90m[1msavepack[22m | Storing File: res://assets/building/textures/T_ai_materials_limestone_c_normal.png.import[39m[0m
[  28% ] [90m[1msavepack[22m | Storing File: res://.godot/imported/T_ai_materials_limestone_c_rough.png-638c702108ac1bf821c0820b4f61a0c7.ctex[39m[0m
[  28% ] [90m[1msavepack[22m | Storing File: res://assets/building/textures/T_ai_materials_limestone_c_rough.png.import[39m[0m
[  28% ] [90m[1msavepack[22m | Storing File: res://.godot/imported/T_ai_materials_limestone_normal.png-d3f6f96a87b3876a7631e1bb60ee53f4.ctex[39m[0m
[  28% ] [90m[1msavepack[22m | Storing File: res://assets/building/textures/T_ai_materials_limestone_normal.png.import[39m[0m
[  28% ] [90m[1msavepack[22m | Storing File: res://.godot/imported/T_ai_materials_limestone_rough.png-edab4d5cb3b23b056556dce1fcaf39ef.ctex[39m[0m
[  28% ] [90m[1msavepack[22m | Storing File: res://assets/building/textures/T_ai_materials_limestone_rough.png.import[39m[0m
[  28% ] [90m[1msavepack[22m | Storing File: res://.godot/imported/T_ai_materials_linen_albedo.png-ef78161e5c63592b9688da3c0654a5fa.ctex[39m[0m
[  28% ] [90m[1msavepack[22m | Storing File: res://assets/building/textures/T_ai_materials_linen_albedo.png.import[39m[0m
[  28% ] [90m[1msavepack[22m | Storing File: res://.godot/imported/T_ai_materials_linen_b_albedo.png-fab91c2aca389384bc87db90c5b75adf.ctex[39m[0m
[  28% ] [90m[1msavepack[22m | Storing File: res://assets/building/textures/T_ai_materials_linen_b_albedo.png.import[39m[0m
[  28% ] [90m[1msavepack[22m | Storing File: res://.godot/imported/T_ai_materials_linen_b_normal.png-e527c81255c45ac5935bec002aa5b893.ctex[39m[0m
[  28% ] [90m[1msavepack[22m | Storing File: res://assets/building/textures/T_ai_materials_linen_b_normal.png.import[39m[0m
[  28% ] [90m[1msavepack[22m | Storing File: res://.godot/imported/T_ai_materials_linen_b_rough.png-8d7e9a95622433d0fe3c3ae7a74ada71.ctex[39m[0m
[  28% ] [90m[1msavepack[22m | Storing File: res://assets/building/textures/T_ai_materials_linen_b_rough.png.import[39m[0m
[  28% ] [90m[1msavepack[22m | Storing File: res://.godot/imported/T_ai_materials_linen_c_albedo.png-c9e2a80fa8d334fa3719d7c7298bba2b.ctex[39m[0m
[  28% ] [90m[1msavepack[22m | Storing File: res://assets/building/textures/T_ai_materials_linen_c_albedo.png.import[39m[0m
[  28% ] [90m[1msavepack[22m | Storing File: res://.godot/imported/T_ai_materials_linen_c_normal.png-52b7c8ee5ddaf9c3a71c8bd2c47af8c8.ctex[39m[0m
[  28% ] [90m[1msavepack[22m | Storing File: res://assets/building/textures/T_ai_materials_linen_c_normal.png.import[39m[0m
[  28% ] [90m[1msavepack[22m | Storing File: res://.godot/imported/T_ai_materials_linen_c_rough.png-9c10594fecca867a1bc8d6473051e045.ctex[39m[0m
[  28% ] [90m[1msavepack[22m | Storing File: res://assets/building/textures/T_ai_materials_linen_c_rough.png.import[39m[0m
[  28% ] [90m[1msavepack[22m | Storing File: res://.godot/imported/T_ai_materials_linen_d_albedo.png-5bddb81c21cdbc6b963c6a733b410eb3.ctex[39m[0m
[  28% ] [90m[1msavepack[22m | Storing File: res://assets/building/textures/T_ai_materials_linen_d_albedo.png.import[39m[0m
[  28% ] [90m[1msavepack[22m | Storing File: res://.godot/imported/T_ai_materials_linen_d_normal.png-ca257cd98f093b001ae5bfb07b56003c.ctex[39m[0m
[  28% ] [90m[1msavepack[22m | Storing File: res://assets/building/textures/T_ai_materials_linen_d_normal.png.import[39m[0m
[  28% ] [90m[1msavepack[22m | Storing File: res://.godot/imported/T_ai_materials_linen_d_rough.png-3e6dee1516c064d85f4c5e3aea8aa95d.ctex[39m[0m
[  28% ] [90m[1msavepack[22m | Storing File: res://assets/building/textures/T_ai_materials_linen_d_rough.png.import[39m[0m
[  28% ] [90m[1msavepack[22m | Storing File: res://.godot/imported/T_ai_materials_linen_normal.png-4f32699869088a6403ef585c601a5bab.ctex[39m[0m
[  28% ] [90m[1msavepack[22m | Storing File: res://assets/building/textures/T_ai_materials_linen_normal.png.import[39m[0m
[  28% ] [90m[1msavepack[22m | Storing File: res://.godot/imported/T_ai_materials_linen_rough.png-92b66dd260d3031bfe3e57dae5c2b567.ctex[39m[0m
[  28% ] [90m[1msavepack[22m | Storing File: res://assets/building/textures/T_ai_materials_linen_rough.png.import[39m[0m
[  28% ] [90m[1msavepack[22m | Storing File: res://.godot/imported/T_ai_materials_linoleum_albedo.png-1a0afe4a7184b346ec5b375c5f89e8e1.ctex[39m[0m
[  28% ] [90m[1msavepack[22m | Storing File: res://assets/building/textures/T_ai_materials_linoleum_albedo.png.import[39m[0m
[  29% ] [90m[1msavepack[22m | Storing File: res://.godot/imported/T_ai_materials_linoleum_b_albedo.png-c149c3171f62ffc61c2c23fa6b1bdbfb.ctex[39m[0m
[  29% ] [90m[1msavepack[22m | Storing File: res://assets/building/textures/T_ai_materials_linoleum_b_albedo.png.import[39m[0m
[  29% ] [90m[1msavepack[22m | Storing File: res://.godot/imported/T_ai_materials_linoleum_b_normal.png-ee40fb522c9bd81bb8c4e2402b808dd1.ctex[39m[0m
[  29% ] [90m[1msavepack[22m | Storing File: res://assets/building/textures/T_ai_materials_linoleum_b_normal.png.import[39m[0m
[  29% ] [90m[1msavepack[22m | Storing File: res://.godot/imported/T_ai_materials_linoleum_b_rough.png-aa9676c113c2e323f4c534808d99ac37.ctex[39m[0m
[  29% ] [90m[1msavepack[22m | Storing File: res://assets/building/textures/T_ai_materials_linoleum_b_rough.png.import[39m[0m
[  29% ] [90m[1msavepack[22m | Storing File: res://.godot/imported/T_ai_materials_linoleum_c_albedo.png-4c88882597aed22e70410a3b251f0c52.ctex[39m[0m
[  29% ] [90m[1msavepack[22m | Storing File: res://assets/building/textures/T_ai_materials_linoleum_c_albedo.png.import[39m[0m
[  29% ] [90m[1msavepack[22m | Storing File: res://.godot/imported/T_ai_materials_linoleum_c_normal.png-cb66a54a84d90d5e6446793ecec85c0f.ctex[39m[0m
[  29% ] [90m[1msavepack[22m | Storing File: res://assets/building/textures/T_ai_materials_linoleum_c_normal.png.import[39m[0m
[  29% ] [90m[1msavepack[22m | Storing File: res://.godot/imported/T_ai_materials_linoleum_c_rough.png-6be53ad99d8664f9fcc7f8afb933a313.ctex[39m[0m
[  29% ] [90m[1msavepack[22m | Storing File: res://assets/building/textures/T_ai_materials_linoleum_c_rough.png.import[39m[0m
[  29% ] [90m[1msavepack[22m | Storing File: res://.godot/imported/T_ai_materials_linoleum_normal.png-c4c12728e92d49b3f8739e187cb6d088.ctex[39m[0m
[  29% ] [90m[1msavepack[22m | Storing File: res://assets/building/textures/T_ai_materials_linoleum_normal.png.import[39m[0m
[  29% ] [90m[1msavepack[22m | Storing File: res://.godot/imported/T_ai_materials_linoleum_rough.png-7cb93e045077b8879af52d35ba654610.ctex[39m[0m
[  29% ] [90m[1msavepack[22m | Storing File: res://assets/building/textures/T_ai_materials_linoleum_rough.png.import[39m[0m
[  29% ] [90m[1msavepack[22m | Storing File: res://.godot/imported/T_ai_materials_marble_lobby_albedo.png-618cf7e7a48cc28f9cac0ba11d09d16c.ctex[39m[0m
[  29% ] [90m[1msavepack[22m | Storing File: res://assets/building/textures/T_ai_materials_marble_lobby_albedo.png.import[39m[0m
[  29% ] [90m[1msavepack[22m | Storing File: res://.godot/imported/T_ai_materials_marble_lobby_b_albedo.png-2c2c7d4d3203592407f0b083b32e76b3.ctex[39m[0m
[  29% ] [90m[1msavepack[22m | Storing File: res://assets/building/textures/T_ai_materials_marble_lobby_b_albedo.png.import[39m[0m
[  29% ] [90m[1msavepack[22m | Storing File: res://.godot/imported/T_ai_materials_marble_lobby_b_normal.png-e925c6e1636f83fc6607ae218c474bfc.ctex[39m[0m
[  29% ] [90m[1msavepack[22m | Storing File: res://assets/building/textures/T_ai_materials_marble_lobby_b_normal.png.import[39m[0m
[  29% ] [90m[1msavepack[22m | Storing File: res://.godot/imported/T_ai_materials_marble_lobby_b_rough.png-addff29d1f66b1f2b75db1a116d0aee4.ctex[39m[0m
[  29% ] [90m[1msavepack[22m | Storing File: res://assets/building/textures/T_ai_materials_marble_lobby_b_rough.png.import[39m[0m
[  29% ] [90m[1msavepack[22m | Storing File: res://.godot/imported/T_ai_materials_marble_lobby_normal.png-4a85b2b28f01978bfc85376e17394797.ctex[39m[0m
[  29% ] [90m[1msavepack[22m | Storing File: res://assets/building/textures/T_ai_materials_marble_lobby_normal.png.import[39m[0m
[  29% ] [90m[1msavepack[22m | Storing File: res://.godot/imported/T_ai_materials_marble_lobby_rough.png-a1598cb2d2572485486eb4caa7ea6040.ctex[39m[0m
[  29% ] [90m[1msavepack[22m | Storing File: res://assets/building/textures/T_ai_materials_marble_lobby_rough.png.import[39m[0m
[  29% ] [90m[1msavepack[22m | Storing File: res://.godot/imported/T_ai_materials_metal_albedo.png-18d1cbc0662363aa3e5adb7f111d8bb4.ctex[39m[0m
[  29% ] [90m[1msavepack[22m | Storing File: res://assets/building/textures/T_ai_materials_metal_albedo.png.import[39m[0m
[  29% ] [90m[1msavepack[22m | Storing File: res://.godot/imported/T_ai_materials_metal_b_albedo.png-e65c80646da0ae9dd075260cc3646fc0.ctex[39m[0m
[  29% ] [90m[1msavepack[22m | Storing File: res://assets/building/textures/T_ai_materials_metal_b_albedo.png.import[39m[0m
[  29% ] [90m[1msavepack[22m | Storing File: res://.godot/imported/T_ai_materials_metal_b_normal.png-9c2297cef66d6eb85d20b9ecf3b8c543.ctex[39m[0m
[  29% ] [90m[1msavepack[22m | Storing File: res://assets/building/textures/T_ai_materials_metal_b_normal.png.import[39m[0m
[  29% ] [90m[1msavepack[22m | Storing File: res://.godot/imported/T_ai_materials_metal_b_rough.png-611ff6356dfc35ba085075ed024216e5.ctex[39m[0m
[  29% ] [90m[1msavepack[22m | Storing File: res://assets/building/textures/T_ai_materials_metal_b_rough.png.import[39m[0m
[  29% ] [90m[1msavepack[22m | Storing File: res://.godot/imported/T_ai_materials_metal_c_albedo.png-984fb70277436f39ce87de4ab0dcaf28.ctex[39m[0m
[  29% ] [90m[1msavepack[22m | Storing File: res://assets/building/textures/T_ai_materials_metal_c_albedo.png.import[39m[0m
[  29% ] [90m[1msavepack[22m | Storing File: res://.godot/imported/T_ai_materials_metal_c_normal.png-2402e1e3cf0ccde0322d73e3c93a9925.ctex[39m[0m
[  29% ] [90m[1msavepack[22m | Storing File: res://assets/building/textures/T_ai_materials_metal_c_normal.png.import[39m[0m
[  30% ] [90m[1msavepack[22m | Storing File: res://.godot/imported/T_ai_materials_metal_c_rough.png-42ebaf4e28015b1cd7f5b652876cd035.ctex[39m[0m
[  30% ] [90m[1msavepack[22m | Storing File: res://assets/building/textures/T_ai_materials_metal_c_rough.png.import[39m[0m
[  30% ] [90m[1msavepack[22m | Storing File: res://.godot/imported/T_ai_materials_metal_normal.png-116d0878e563f0d4494685f3671d0dcd.ctex[39m[0m
[  30% ] [90m[1msavepack[22m | Storing File: res://assets/building/textures/T_ai_materials_metal_normal.png.import[39m[0m
[  30% ] [90m[1msavepack[22m | Storing File: res://.godot/imported/T_ai_materials_metal_rough.png-65246a059be6fcfa43c6055086de63d7.ctex[39m[0m
[  30% ] [90m[1msavepack[22m | Storing File: res://assets/building/textures/T_ai_materials_metal_rough.png.import[39m[0m
[  30% ] [90m[1msavepack[22m | Storing File: res://.godot/imported/T_ai_materials_metal_worn_metal_albedo.png-75cb9ba32ffc592a7354f60294aa6425.ctex[39m[0m
[  30% ] [90m[1msavepack[22m | Storing File: res://assets/building/textures/T_ai_materials_metal_worn_metal_albedo.png.import[39m[0m
[  30% ] [90m[1msavepack[22m | Storing File: res://.godot/imported/T_ai_materials_metal_worn_metal_rough.png-fe729869ee3569e9e7b6e18fc5caaee4.ctex[39m[0m
[  30% ] [90m[1msavepack[22m | Storing File: res://assets/building/textures/T_ai_materials_metal_worn_metal_rough.png.import[39m[0m
[  30% ] [90m[1msavepack[22m | Storing File: res://.godot/imported/T_ai_materials_mica_heater_albedo.png-ece8bc0b1dfb2bbcf6ce89e3e539781b.ctex[39m[0m
[  30% ] [90m[1msavepack[22m | Storing File: res://assets/building/textures/T_ai_materials_mica_heater_albedo.png.import[39m[0m
[  30% ] [90m[1msavepack[22m | Storing File: res://.godot/imported/T_ai_materials_mica_heater_normal.png-96c2dc361bdb5845058b18adce12947c.ctex[39m[0m
[  30% ] [90m[1msavepack[22m | Storing File: res://assets/building/textures/T_ai_materials_mica_heater_normal.png.import[39m[0m
[  30% ] [90m[1msavepack[22m | Storing File: res://.godot/imported/T_ai_materials_mica_heater_rough.png-cd6e296c8def2b2d770e6be1978ce882.ctex[39m[0m
[  30% ] [90m[1msavepack[22m | Storing File: res://assets/building/textures/T_ai_materials_mica_heater_rough.png.import[39m[0m
[  30% ] [90m[1msavepack[22m | Storing File: res://.godot/imported/T_ai_materials_milk_glass_albedo.png-c4e531ea030fd79cca5cac8f447f86db.ctex[39m[0m
[  30% ] [90m[1msavepack[22m | Storing File: res://assets/building/textures/T_ai_materials_milk_glass_albedo.png.import[39m[0m
[  30% ] [90m[1msavepack[22m | Storing File: res://.godot/imported/T_ai_materials_milk_glass_normal.png-0579286e7a4f9bafea96f774859da512.ctex[39m[0m
[  30% ] [90m[1msavepack[22m | Storing File: res://assets/building/textures/T_ai_materials_milk_glass_normal.png.import[39m[0m
[  30% ] [90m[1msavepack[22m | Storing File: res://.godot/imported/T_ai_materials_milk_glass_rough.png-5371865fb2b201d2c1772d1a1599e624.ctex[39m[0m
[  30% ] [90m[1msavepack[22m | Storing File: res://assets/building/textures/T_ai_materials_milk_glass_rough.png.import[39m[0m
[  30% ] [90m[1msavepack[22m | Storing File: res://.godot/imported/T_ai_materials_mirror_aged_albedo.png-8e5b21ec89d0d577d36014e240e7c6e6.ctex[39m[0m
[  30% ] [90m[1msavepack[22m | Storing File: res://assets/building/textures/T_ai_materials_mirror_aged_albedo.png.import[39m[0m
[  30% ] [90m[1msavepack[22m | Storing File: res://.godot/imported/T_ai_materials_mirror_aged_normal.png-5c396e3c38870d7adc8f76d1c9ea1d6a.ctex[39m[0m
[  30% ] [90m[1msavepack[22m | Storing File: res://assets/building/textures/T_ai_materials_mirror_aged_normal.png.import[39m[0m
[  30% ] [90m[1msavepack[22m | Storing File: res://.godot/imported/T_ai_materials_mirror_aged_rough.png-f5ce4a7873b2a888bf827cf12abfa745.ctex[39m[0m
[  30% ] [90m[1msavepack[22m | Storing File: res://assets/building/textures/T_ai_materials_mirror_aged_rough.png.import[39m[0m
[  30% ] [90m[1msavepack[22m | Storing File: res://.godot/imported/T_ai_materials_nickel_plated_albedo.png-1cdc3be90d017453cd38c4307784907e.ctex[39m[0m
[  30% ] [90m[1msavepack[22m | Storing File: res://assets/building/textures/T_ai_materials_nickel_plated_albedo.png.import[39m[0m
[  30% ] [90m[1msavepack[22m | Storing File: res://.godot/imported/T_ai_materials_nickel_plated_normal.png-7d5daef5795cee1f492e39e2111bec14.ctex[39m[0m
[  30% ] [90m[1msavepack[22m | Storing File: res://assets/building/textures/T_ai_materials_nickel_plated_normal.png.import[39m[0m
[  30% ] [90m[1msavepack[22m | Storing File: res://.godot/imported/T_ai_materials_nickel_plated_rough.png-7424ed96526f67ec95e9fd94aaeeab83.ctex[39m[0m
[  30% ] [90m[1msavepack[22m | Storing File: res://assets/building/textures/T_ai_materials_nickel_plated_rough.png.import[39m[0m
[  30% ] [90m[1msavepack[22m | Storing File: res://.godot/imported/T_ai_materials_oak_quartered_albedo.png-297f64cf3d25514e7608b662f7373c0f.ctex[39m[0m
[  30% ] [90m[1msavepack[22m | Storing File: res://assets/building/textures/T_ai_materials_oak_quartered_albedo.png.import[39m[0m
[  30% ] [90m[1msavepack[22m | Storing File: res://.godot/imported/T_ai_materials_oak_quartered_normal.png-d8815249fe9a46b0a952acc2fb08483d.ctex[39m[0m
[  30% ] [90m[1msavepack[22m | Storing File: res://assets/building/textures/T_ai_materials_oak_quartered_normal.png.import[39m[0m
[  30% ] [90m[1msavepack[22m | Storing File: res://.godot/imported/T_ai_materials_oak_quartered_rough.png-03449fb60a448bed3ca97f0d4cb8fa03.ctex[39m[0m
[  30% ] [90m[1msavepack[22m | Storing File: res://assets/building/textures/T_ai_materials_oak_quartered_rough.png.import[39m[0m
[  30% ] [90m[1msavepack[22m | Storing File: res://.godot/imported/T_ai_materials_paper_albedo.png-2018f1fb5f4777b6dfcb12b190c31496.ctex[39m[0m
[  30% ] [90m[1msavepack[22m | Storing File: res://assets/building/textures/T_ai_materials_paper_albedo.png.import[39m[0m
[  31% ] [90m[1msavepack[22m | Storing File: res://.godot/imported/T_ai_materials_paper_b_albedo.png-421a1c009ba26942a4eaa732ba4c671f.ctex[39m[0m
[  31% ] [90m[1msavepack[22m | Storing File: res://assets/building/textures/T_ai_materials_paper_b_albedo.png.import[39m[0m
[  31% ] [90m[1msavepack[22m | Storing File: res://.godot/imported/T_ai_materials_paper_b_normal.png-38e6ec5a164684033ef11aa92bfb8ca9.ctex[39m[0m
[  31% ] [90m[1msavepack[22m | Storing File: res://assets/building/textures/T_ai_materials_paper_b_normal.png.import[39m[0m
[  31% ] [90m[1msavepack[22m | Storing File: res://.godot/imported/T_ai_materials_paper_b_rough.png-e1a95b941817017d152d2a94b19224cd.ctex[39m[0m
[  31% ] [90m[1msavepack[22m | Storing File: res://assets/building/textures/T_ai_materials_paper_b_rough.png.import[39m[0m
[  31% ] [90m[1msavepack[22m | Storing File: res://.godot/imported/T_ai_materials_paper_c_albedo.png-f89e0b27c1a513263a72ab810174091a.ctex[39m[0m
[  31% ] [90m[1msavepack[22m | Storing File: res://assets/building/textures/T_ai_materials_paper_c_albedo.png.import[39m[0m
[  31% ] [90m[1msavepack[22m | Storing File: res://.godot/imported/T_ai_materials_paper_c_normal.png-f0e3c8602a7a4745d24be6dc8009d5da.ctex[39m[0m
[  31% ] [90m[1msavepack[22m | Storing File: res://assets/building/textures/T_ai_materials_paper_c_normal.png.import[39m[0m
[  31% ] [90m[1msavepack[22m | Storing File: res://.godot/imported/T_ai_materials_paper_c_rough.png-ffab358be36801d85856c382f76861d2.ctex[39m[0m
[  31% ] [90m[1msavepack[22m | Storing File: res://assets/building/textures/T_ai_materials_paper_c_rough.png.import[39m[0m
[  31% ] [90m[1msavepack[22m | Storing File: res://.godot/imported/T_ai_materials_paper_normal.png-87371a989f3ade08189c1828a6dba845.ctex[39m[0m
[  31% ] [90m[1msavepack[22m | Storing File: res://assets/building/textures/T_ai_materials_paper_normal.png.import[39m[0m
[  31% ] [90m[1msavepack[22m | Storing File: res://.godot/imported/T_ai_materials_paper_rough.png-80fa9a391d5a2869a0902daf12c95ab4.ctex[39m[0m
[  31% ] [90m[1msavepack[22m | Storing File: res://assets/building/textures/T_ai_materials_paper_rough.png.import[39m[0m
[  31% ] [90m[1msavepack[22m | Storing File: res://.godot/imported/T_ai_materials_plant_albedo.png-65ddc873440dc9f2628496375ad6608c.ctex[39m[0m
[  31% ] [90m[1msavepack[22m | Storing File: res://assets/building/textures/T_ai_materials_plant_albedo.png.import[39m[0m
[  31% ] [90m[1msavepack[22m | Storing File: res://.godot/imported/T_ai_materials_plant_b_albedo.png-a723edeeb29f1b98e9e5efa5bd017ef7.ctex[39m[0m
[  31% ] [90m[1msavepack[22m | Storing File: res://assets/building/textures/T_ai_materials_plant_b_albedo.png.import[39m[0m
[  31% ] [90m[1msavepack[22m | Storing File: res://.godot/imported/T_ai_materials_plant_b_normal.png-daf24dda82a665890315bf723a5ff2fe.ctex[39m[0m
[  31% ] [90m[1msavepack[22m | Storing File: res://assets/building/textures/T_ai_materials_plant_b_normal.png.import[39m[0m
[  31% ] [90m[1msavepack[22m | Storing File: res://.godot/imported/T_ai_materials_plant_b_rough.png-5c0d0ca121ba917accf0df9e4c128938.ctex[39m[0m
[  31% ] [90m[1msavepack[22m | Storing File: res://assets/building/textures/T_ai_materials_plant_b_rough.png.import[39m[0m
[  31% ] [90m[1msavepack[22m | Storing File: res://.godot/imported/T_ai_materials_plant_c_albedo.png-5b3a2d2b900b27dcf4642dac61771d8f.ctex[39m[0m
[  31% ] [90m[1msavepack[22m | Storing File: res://assets/building/textures/T_ai_materials_plant_c_albedo.png.import[39m[0m
[  31% ] [90m[1msavepack[22m | Storing File: res://.godot/imported/T_ai_materials_plant_c_normal.png-945ceb200bd1e5ab25d52f6b474e6106.ctex[39m[0m
[  31% ] [90m[1msavepack[22m | Storing File: res://assets/building/textures/T_ai_materials_plant_c_normal.png.import[39m[0m
[  31% ] [90m[1msavepack[22m | Storing File: res://.godot/imported/T_ai_materials_plant_c_rough.png-dcc8784671e1f5147a672eb5b895fff6.ctex[39m[0m
[  31% ] [90m[1msavepack[22m | Storing File: res://assets/building/textures/T_ai_materials_plant_c_rough.png.import[39m[0m
[  31% ] [90m[1msavepack[22m | Storing File: res://.godot/imported/T_ai_materials_plant_d_albedo.png-2c6fea11d611dcdd0db2f9532eb7e0ea.ctex[39m[0m
[  31% ] [90m[1msavepack[22m | Storing File: res://assets/building/textures/T_ai_materials_plant_d_albedo.png.import[39m[0m
[  31% ] [90m[1msavepack[22m | Storing File: res://.godot/imported/T_ai_materials_plant_d_normal.png-1e2799ae9bf9afee2bae0bc9d8bbc6be.ctex[39m[0m
[  31% ] [90m[1msavepack[22m | Storing File: res://assets/building/textures/T_ai_materials_plant_d_normal.png.import[39m[0m
[  31% ] [90m[1msavepack[22m | Storing File: res://.godot/imported/T_ai_materials_plant_d_rough.png-0fb400d543c9219855b18a338e5ecde8.ctex[39m[0m
[  31% ] [90m[1msavepack[22m | Storing File: res://assets/building/textures/T_ai_materials_plant_d_rough.png.import[39m[0m
[  31% ] [90m[1msavepack[22m | Storing File: res://.godot/imported/T_ai_materials_plant_normal.png-4b9eadf819621067f91b3aa4df0e008f.ctex[39m[0m
[  31% ] [90m[1msavepack[22m | Storing File: res://assets/building/textures/T_ai_materials_plant_normal.png.import[39m[0m
[  31% ] [90m[1msavepack[22m | Storing File: res://.godot/imported/T_ai_materials_plant_rough.png-539dc479d53b2e360debb154497e8f00.ctex[39m[0m
[  31% ] [90m[1msavepack[22m | Storing File: res://assets/building/textures/T_ai_materials_plant_rough.png.import[39m[0m
[  31% ] [90m[1msavepack[22m | Storing File: res://.godot/imported/T_ai_materials_plaster_b_albedo.png-5cd796aae5392199960f60e584a1e216.ctex[39m[0m
[  31% ] [90m[1msavepack[22m | Storing File: res://assets/building/textures/T_ai_materials_plaster_b_albedo.png.import[39m[0m
[  32% ] [90m[1msavepack[22m | Storing File: res://.godot/imported/T_ai_materials_plaster_b_normal.png-b3f2e4bbda3f2644aaa1105afc5e824f.ctex[39m[0m
[  32% ] [90m[1msavepack[22m | Storing File: res://assets/building/textures/T_ai_materials_plaster_b_normal.png.import[39m[0m
[  32% ] [90m[1msavepack[22m | Storing File: res://.godot/imported/T_ai_materials_plaster_b_rough.png-fb059299c916b283d228708dcc7ac2e0.ctex[39m[0m
[  32% ] [90m[1msavepack[22m | Storing File: res://assets/building/textures/T_ai_materials_plaster_b_rough.png.import[39m[0m
[  32% ] [90m[1msavepack[22m | Storing File: res://.godot/imported/T_ai_materials_plaster_c_albedo.png-5a4df8f4e9977378242b7d63402df752.ctex[39m[0m
[  32% ] [90m[1msavepack[22m | Storing File: res://assets/building/textures/T_ai_materials_plaster_c_albedo.png.import[39m[0m
[  32% ] [90m[1msavepack[22m | Storing File: res://.godot/imported/T_ai_materials_plaster_c_normal.png-8e56a0374e73e967325102a30a902516.ctex[39m[0m
[  32% ] [90m[1msavepack[22m | Storing File: res://assets/building/textures/T_ai_materials_plaster_c_normal.png.import[39m[0m
[  32% ] [90m[1msavepack[22m | Storing File: res://.godot/imported/T_ai_materials_plaster_c_rough.png-2e595f4deb3bd129a7f5b64db3d96d32.ctex[39m[0m
[  32% ] [90m[1msavepack[22m | Storing File: res://assets/building/textures/T_ai_materials_plaster_c_rough.png.import[39m[0m
[  32% ] [90m[1msavepack[22m | Storing File: res://.godot/imported/T_ai_materials_plaster_normal.png-1846c11a95742a54771cb58d87ae88b7.ctex[39m[0m
[  32% ] [90m[1msavepack[22m | Storing File: res://assets/building/textures/T_ai_materials_plaster_normal.png.import[39m[0m
[  32% ] [90m[1msavepack[22m | Storing File: res://.godot/imported/T_ai_materials_plaster_stained_albedo.png-93a9a5d2f2a6da307659e0845ca37fb5.ctex[39m[0m
[  32% ] [90m[1msavepack[22m | Storing File: res://assets/building/textures/T_ai_materials_plaster_stained_albedo.png.import[39m[0m
[  32% ] [90m[1msavepack[22m | Storing File: res://.godot/imported/T_ai_materials_plaster_stained_b_albedo.png-1a86e7cd2b4fc2e1b986676bbc9004ad.ctex[39m[0m
[  32% ] [90m[1msavepack[22m | Storing File: res://assets/building/textures/T_ai_materials_plaster_stained_b_albedo.png.import[39m[0m
[  32% ] [90m[1msavepack[22m | Storing File: res://.godot/imported/T_ai_materials_plaster_stained_b_normal.png-4bd723c3b934408c53a6d46962e8755c.ctex[39m[0m
[  32% ] [90m[1msavepack[22m | Storing File: res://assets/building/textures/T_ai_materials_plaster_stained_b_normal.png.import[39m[0m
[  32% ] [90m[1msavepack[22m | Storing File: res://.godot/imported/T_ai_materials_plaster_stained_b_rough.png-cac36d2e6506f7b1e4f3c1ddc5a86ab9.ctex[39m[0m
[  32% ] [90m[1msavepack[22m | Storing File: res://assets/building/textures/T_ai_materials_plaster_stained_b_rough.png.import[39m[0m
[  32% ] [90m[1msavepack[22m | Storing File: res://.godot/imported/T_ai_materials_plaster_stained_c_albedo.png-20197e7640716765a7a589100a8a54c6.ctex[39m[0m
[  32% ] [90m[1msavepack[22m | Storing File: res://assets/building/textures/T_ai_materials_plaster_stained_c_albedo.png.import[39m[0m
[  32% ] [90m[1msavepack[22m | Storing File: res://.godot/imported/T_ai_materials_plaster_stained_c_normal.png-dd0c3d58f9fa8ff4ef0041a0ca83c92f.ctex[39m[0m
[  32% ] [90m[1msavepack[22m | Storing File: res://assets/building/textures/T_ai_materials_plaster_stained_c_normal.png.import[39m[0m
[  32% ] [90m[1msavepack[22m | Storing File: res://.godot/imported/T_ai_materials_plaster_stained_c_rough.png-8506d26634f04b5dd0a638115f61c2e0.ctex[39m[0m
[  32% ] [90m[1msavepack[22m | Storing File: res://assets/building/textures/T_ai_materials_plaster_stained_c_rough.png.import[39m[0m
[  32% ] [90m[1msavepack[22m | Storing File: res://.godot/imported/T_ai_materials_plaster_stained_normal.png-95476ce39ab17636358b139d68c995e3.ctex[39m[0m
[  32% ] [90m[1msavepack[22m | Storing File: res://assets/building/textures/T_ai_materials_plaster_stained_normal.png.import[39m[0m
[  32% ] [90m[1msavepack[22m | Storing File: res://.godot/imported/T_ai_materials_plaster_stained_rough.png-2e655ad65a85e548b999c9181b0b3e85.ctex[39m[0m
[  32% ] [90m[1msavepack[22m | Storing File: res://assets/building/textures/T_ai_materials_plaster_stained_rough.png.import[39m[0m
[  32% ] [90m[1msavepack[22m | Storing File: res://.godot/imported/T_ai_materials_plaster_worn_plaster_albedo.png-2cbabf1b3c02b6dba32bf23b4350cf47.ctex[39m[0m
[  32% ] [90m[1msavepack[22m | Storing File: res://assets/building/textures/T_ai_materials_plaster_worn_plaster_albedo.png.import[39m[0m
[  32% ] [90m[1msavepack[22m | Storing File: res://.godot/imported/T_ai_materials_plaster_worn_plaster_rough.png-118ee1cd911db1de21582e93caeffb64.ctex[39m[0m
[  32% ] [90m[1msavepack[22m | Storing File: res://assets/building/textures/T_ai_materials_plaster_worn_plaster_rough.png.import[39m[0m
[  32% ] [90m[1msavepack[22m | Storing File: res://.godot/imported/T_ai_materials_plywood_albedo.png-fa2fffb7bf269e4556078c3d1d7e4c2c.ctex[39m[0m
[  32% ] [90m[1msavepack[22m | Storing File: res://assets/building/textures/T_ai_materials_plywood_albedo.png.import[39m[0m
[  32% ] [90m[1msavepack[22m | Storing File: res://.godot/imported/T_ai_materials_plywood_b_albedo.png-dc1ad4ca1c1ef4804af8b34e03325978.ctex[39m[0m
[  32% ] [90m[1msavepack[22m | Storing File: res://assets/building/textures/T_ai_materials_plywood_b_albedo.png.import[39m[0m
[  32% ] [90m[1msavepack[22m | Storing File: res://.godot/imported/T_ai_materials_plywood_b_normal.png-2d184c3e1ae02002a0fb2157a51d870c.ctex[39m[0m
[  32% ] [90m[1msavepack[22m | Storing File: res://assets/building/textures/T_ai_materials_plywood_b_normal.png.import[39m[0m
[  33% ] [90m[1msavepack[22m | Storing File: res://.godot/imported/T_ai_materials_plywood_b_rough.png-30832090751937ae71fecdad42f6e42f.ctex[39m[0m
[  33% ] [90m[1msavepack[22m | Storing File: res://assets/building/textures/T_ai_materials_plywood_b_rough.png.import[39m[0m
[  33% ] [90m[1msavepack[22m | Storing File: res://.godot/imported/T_ai_materials_plywood_c_albedo.png-e21ae0c8d8fa2316b1bea7162401e5bc.ctex[39m[0m
[  33% ] [90m[1msavepack[22m | Storing File: res://assets/building/textures/T_ai_materials_plywood_c_albedo.png.import[39m[0m
[  33% ] [90m[1msavepack[22m | Storing File: res://.godot/imported/T_ai_materials_plywood_c_normal.png-8df5b2f6061b53c31f16d652b4144719.ctex[39m[0m
[  33% ] [90m[1msavepack[22m | Storing File: res://assets/building/textures/T_ai_materials_plywood_c_normal.png.import[39m[0m
[  33% ] [90m[1msavepack[22m | Storing File: res://.godot/imported/T_ai_materials_plywood_c_rough.png-725ebc0f60c972af171825bec42dc485.ctex[39m[0m
[  33% ] [90m[1msavepack[22m | Storing File: res://assets/building/textures/T_ai_materials_plywood_c_rough.png.import[39m[0m
[  33% ] [90m[1msavepack[22m | Storing File: res://.godot/imported/T_ai_materials_plywood_d_albedo.png-c9e288b6826b5f37107783a9cb543c26.ctex[39m[0m
[  33% ] [90m[1msavepack[22m | Storing File: res://assets/building/textures/T_ai_materials_plywood_d_albedo.png.import[39m[0m
[  33% ] [90m[1msavepack[22m | Storing File: res://.godot/imported/T_ai_materials_plywood_d_normal.png-14148091fb690330365d391348cd1efb.ctex[39m[0m
[  33% ] [90m[1msavepack[22m | Storing File: res://assets/building/textures/T_ai_materials_plywood_d_normal.png.import[39m[0m
[  33% ] [90m[1msavepack[22m | Storing File: res://.godot/imported/T_ai_materials_plywood_d_rough.png-84866a66eff1b5bdcb77a7621a2ce61c.ctex[39m[0m
[  33% ] [90m[1msavepack[22m | Storing File: res://assets/building/textures/T_ai_materials_plywood_d_rough.png.import[39m[0m
[  33% ] [90m[1msavepack[22m | Storing File: res://.godot/imported/T_ai_materials_plywood_normal.png-9aea715ba7801b74eccebef68ab6e89b.ctex[39m[0m
[  33% ] [90m[1msavepack[22m | Storing File: res://assets/building/textures/T_ai_materials_plywood_normal.png.import[39m[0m
[  33% ] [90m[1msavepack[22m | Storing File: res://.godot/imported/T_ai_materials_plywood_rough.png-78dcdc99478de8621d842c4b960c1d7f.ctex[39m[0m
[  33% ] [90m[1msavepack[22m | Storing File: res://assets/building/textures/T_ai_materials_plywood_rough.png.import[39m[0m
[  33% ] [90m[1msavepack[22m | Storing File: res://.godot/imported/T_ai_materials_porcelain_albedo.png-c15c53fb014fd513849ec3058adaeca1.ctex[39m[0m
[  33% ] [90m[1msavepack[22m | Storing File: res://assets/building/textures/T_ai_materials_porcelain_albedo.png.import[39m[0m
[  33% ] [90m[1msavepack[22m | Storing File: res://.godot/imported/T_ai_materials_porcelain_b_albedo.png-8ea358576791348c4c69bb4acb66c614.ctex[39m[0m
[  33% ] [90m[1msavepack[22m | Storing File: res://assets/building/textures/T_ai_materials_porcelain_b_albedo.png.import[39m[0m
[  33% ] [90m[1msavepack[22m | Storing File: res://.godot/imported/T_ai_materials_porcelain_b_normal.png-8d9ae3bce92e523a89bbfdd7d2aa7144.ctex[39m[0m
[  33% ] [90m[1msavepack[22m | Storing File: res://assets/building/textures/T_ai_materials_porcelain_b_normal.png.import[39m[0m
[  33% ] [90m[1msavepack[22m | Storing File: res://.godot/imported/T_ai_materials_porcelain_b_rough.png-e6669b74c43d2af8ba3addba3b82fe3e.ctex[39m[0m
[  33% ] [90m[1msavepack[22m | Storing File: res://assets/building/textures/T_ai_materials_porcelain_b_rough.png.import[39m[0m
[  33% ] [90m[1msavepack[22m | Storing File: res://.godot/imported/T_ai_materials_porcelain_c_albedo.png-5338cf420825da08398d1debf72d12a8.ctex[39m[0m
[  33% ] [90m[1msavepack[22m | Storing File: res://assets/building/textures/T_ai_materials_porcelain_c_albedo.png.import[39m[0m
[  33% ] [90m[1msavepack[22m | Storing File: res://.godot/imported/T_ai_materials_porcelain_c_normal.png-cc25dae8615e77557c731fd6f725a3ab.ctex[39m[0m
[  33% ] [90m[1msavepack[22m | Storing File: res://assets/building/textures/T_ai_materials_porcelain_c_normal.png.import[39m[0m
[  33% ] [90m[1msavepack[22m | Storing File: res://.godot/imported/T_ai_materials_porcelain_c_rough.png-e9289a1af04748fe8ab09816926a66af.ctex[39m[0m
[  33% ] [90m[1msavepack[22m | Storing File: res://assets/building/textures/T_ai_materials_porcelain_c_rough.png.import[39m[0m
[  33% ] [90m[1msavepack[22m | Storing File: res://.godot/imported/T_ai_materials_porcelain_fixture_albedo.png-d5a45b1899878006c2d05cb5d4dcb298.ctex[39m[0m
[  33% ] [90m[1msavepack[22m | Storing File: res://assets/building/textures/T_ai_materials_porcelain_fixture_albedo.png.import[39m[0m
[  33% ] [90m[1msavepack[22m | Storing File: res://.godot/imported/T_ai_materials_porcelain_fixture_normal.png-6977d19a05732e53731a802f3ccb99ec.ctex[39m[0m
[  33% ] [90m[1msavepack[22m | Storing File: res://assets/building/textures/T_ai_materials_porcelain_fixture_normal.png.import[39m[0m
[  33% ] [90m[1msavepack[22m | Storing File: res://.godot/imported/T_ai_materials_porcelain_fixture_rough.png-0aa1c2b76bcd25e524c5910d10542171.ctex[39m[0m
[  33% ] [90m[1msavepack[22m | Storing File: res://assets/building/textures/T_ai_materials_porcelain_fixture_rough.png.import[39m[0m
[  33% ] [90m[1msavepack[22m | Storing File: res://.godot/imported/T_ai_materials_porcelain_normal.png-a9290575b81203eb4e42f42691266bdb.ctex[39m[0m
[  33% ] [90m[1msavepack[22m | Storing File: res://assets/building/textures/T_ai_materials_porcelain_normal.png.import[39m[0m
[  33% ] [90m[1msavepack[22m | Storing File: res://.godot/imported/T_ai_materials_porcelain_rough.png-53223ea0c859e1cbdc6105d7f57e9fc2.ctex[39m[0m
[  33% ] [90m[1msavepack[22m | Storing File: res://assets/building/textures/T_ai_materials_porcelain_rough.png.import[39m[0m
[  33% ] [90m[1msavepack[22m | Storing File: res://.godot/imported/T_ai_materials_puddle_albedo.png-5633354884cace9e0d1a03fc7226c029.ctex[39m[0m
[  33% ] [90m[1msavepack[22m | Storing File: res://assets/building/textures/T_ai_materials_puddle_albedo.png.import[39m[0m
[  33% ] [90m[1msavepack[22m | Storing File: res://.godot/imported/T_ai_materials_puddle_b_albedo.png-ec065a4d539423ab559e709d7c1c266b.ctex[39m[0m
[  33% ] [90m[1msavepack[22m | Storing File: res://assets/building/textures/T_ai_materials_puddle_b_albedo.png.import[39m[0m
[  33% ] [90m[1msavepack[22m | Storing File: res://.godot/imported/T_ai_materials_puddle_b_normal.png-e66f0cdfbf9b4c9c414bfbabc6a2cca4.ctex[39m[0m
[  33% ] [90m[1msavepack[22m | Storing File: res://assets/building/textures/T_ai_materials_puddle_b_normal.png.import[39m[0m
[  33% ] [90m[1msavepack[22m | Storing File: res://.godot/imported/T_ai_materials_puddle_b_rough.png-ff722fcf68e3663543c3aef7e7026d67.ctex[39m[0m
[  33% ] [90m[1msavepack[22m | Storing File: res://assets/building/textures/T_ai_materials_puddle_b_rough.png.import[39m[0m
[  33% ] [90m[1msavepack[22m | Storing File: res://.godot/imported/T_ai_materials_puddle_normal.png-2209c773ab7344ac34e2db04b1d4ceac.ctex[39m[0m
[  33% ] [90m[1msavepack[22m | Storing File: res://assets/building/textures/T_ai_materials_puddle_normal.png.import[39m[0m
[  33% ] [90m[1msavepack[22m | Storing File: res://.godot/imported/T_ai_materials_puddle_rough.png-d1938646204dd63cdaaf24873a5dd72a.ctex[39m[0m
[  33% ] [90m[1msavepack[22m | Storing File: res://assets/building/textures/T_ai_materials_puddle_rough.png.import[39m[0m
[  33% ] [90m[1msavepack[22m | Storing File: res://.godot/imported/T_ai_materials_quarry_tile_b_albedo.png-42727cd0317c59a35a729a792764e8da.ctex[39m[0m
[  33% ] [90m[1msavepack[22m | Storing File: res://assets/building/textures/T_ai_materials_quarry_tile_b_albedo.png.import[39m[0m
[  33% ] [90m[1msavepack[22m | Storing File: res://.godot/imported/T_ai_materials_quarry_tile_b_normal.png-545d9fd4a946c44d524197e75ef15d27.ctex[39m[0m
[  33% ] [90m[1msavepack[22m | Storing File: res://assets/building/textures/T_ai_materials_quarry_tile_b_normal.png.import[39m[0m
[  33% ] [90m[1msavepack[22m | Storing File: res://.godot/imported/T_ai_materials_quarry_tile_b_rough.png-2c8d6301c19fdc8761eb37df16973993.ctex[39m[0m
[  33% ] [90m[1msavepack[22m | Storing File: res://assets/building/textures/T_ai_materials_quarry_tile_b_rough.png.import[39m[0m
[  33% ] [90m[1msavepack[22m | Storing File: res://.godot/imported/T_ai_materials_rubber_aged_albedo.png-96f3ade22606d4ac925341043c66aa1a.ctex[39m[0m
[  33% ] [90m[1msavepack[22m | Storing File: res://assets/building/textures/T_ai_materials_rubber_aged_albedo.png.import[39m[0m
[  33% ] [90m[1msavepack[22m | Storing File: res://.godot/imported/T_ai_materials_rubber_aged_normal.png-d692fc1bd0aacf1695ff8e830e4b5180.ctex[39m[0m
[  33% ] [90m[1msavepack[22m | Storing File: res://assets/building/textures/T_ai_materials_rubber_aged_normal.png.import[39m[0m
[  33% ] [90m[1msavepack[22m | Storing File: res://.godot/imported/T_ai_materials_rubber_aged_rough.png-8391d5faf7c8ba79f1cb29ff69ea3ff3.ctex[39m[0m
[  33% ] [90m[1msavepack[22m | Storing File: res://assets/building/textures/T_ai_materials_rubber_aged_rough.png.import[39m[0m
[  33% ] [90m[1msavepack[22m | Storing File: res://.godot/imported/T_ai_materials_rug_cool_albedo.png-265c578eb14f29bb7ec21195462414c4.ctex[39m[0m
[  33% ] [90m[1msavepack[22m | Storing File: res://assets/building/textures/T_ai_materials_rug_cool_albedo.png.import[39m[0m
[  33% ] [90m[1msavepack[22m | Storing File: res://.godot/imported/T_ai_materials_rug_cool_normal.png-8870400450dc0805c9814597142ff79f.ctex[39m[0m
[  33% ] [90m[1msavepack[22m | Storing File: res://assets/building/textures/T_ai_materials_rug_cool_normal.png.import[39m[0m
[  33% ] [90m[1msavepack[22m | Storing File: res://.godot/imported/T_ai_materials_rug_cool_rough.png-275a527ddabd4b6ded02e3227789d018.ctex[39m[0m
[  33% ] [90m[1msavepack[22m | Storing File: res://assets/building/textures/T_ai_materials_rug_cool_rough.png.import[39m[0m
[  33% ] [90m[1msavepack[22m | Storing File: res://.godot/imported/T_ai_materials_rug_green_albedo.png-95479468ab846b59a3075176e8d3f573.ctex[39m[0m
[  33% ] [90m[1msavepack[22m | Storing File: res://assets/building/textures/T_ai_materials_rug_green_albedo.png.import[39m[0m
[  33% ] [90m[1msavepack[22m | Storing File: res://.godot/imported/T_ai_materials_rug_green_normal.png-a74065d6e21762a71f5948d5da156d0c.ctex[39m[0m
[  33% ] [90m[1msavepack[22m | Storing File: res://assets/building/textures/T_ai_materials_rug_green_normal.png.import[39m[0m
[  33% ] [90m[1msavepack[22m | Storing File: res://.godot/imported/T_ai_materials_rug_green_rough.png-80137c93c68230f57521cdbe94efa172.ctex[39m[0m
[  33% ] [90m[1msavepack[22m | Storing File: res://assets/building/textures/T_ai_materials_rug_green_rough.png.import[39m[0m
[  33% ] [90m[1msavepack[22m | Storing File: res://.godot/imported/T_ai_materials_rug_warm_albedo.png-a90feab415d160cfac66aad721cfac86.ctex[39m[0m
[  33% ] [90m[1msavepack[22m | Storing File: res://assets/building/textures/T_ai_materials_rug_warm_albedo.png.import[39m[0m
[  33% ] [90m[1msavepack[22m | Storing File: res://.godot/imported/T_ai_materials_rug_warm_b_albedo.png-d55bfb77107dece480dec524403bae3f.ctex[39m[0m
[  33% ] [90m[1msavepack[22m | Storing File: res://assets/building/textures/T_ai_materials_rug_warm_b_albedo.png.import[39m[0m
[  33% ] [90m[1msavepack[22m | Storing File: res://.godot/imported/T_ai_materials_rug_warm_b_normal.png-aecc2557b1397f93d6edf1167c640dd3.ctex[39m[0m
[  33% ] [90m[1msavepack[22m | Storing File: res://assets/building/textures/T_ai_materials_rug_warm_b_normal.png.import[39m[0m
[  34% ] [90m[1msavepack[22m | Storing File: res://.godot/imported/T_ai_materials_rug_warm_b_rough.png-607c905bf68a904385c04762af86f404.ctex[39m[0m
[  34% ] [90m[1msavepack[22m | Storing File: res://assets/building/textures/T_ai_materials_rug_warm_b_rough.png.import[39m[0m
[  34% ] [90m[1msavepack[22m | Storing File: res://.godot/imported/T_ai_materials_rug_warm_c_albedo.png-929c370086fc629a6176740586446563.ctex[39m[0m
[  34% ] [90m[1msavepack[22m | Storing File: res://assets/building/textures/T_ai_materials_rug_warm_c_albedo.png.import[39m[0m
[  34% ] [90m[1msavepack[22m | Storing File: res://.godot/imported/T_ai_materials_rug_warm_c_normal.png-8aea576e311685700646e7fa7b7171e5.ctex[39m[0m
[  34% ] [90m[1msavepack[22m | Storing File: res://assets/building/textures/T_ai_materials_rug_warm_c_normal.png.import[39m[0m
[  34% ] [90m[1msavepack[22m | Storing File: res://.godot/imported/T_ai_materials_rug_warm_c_rough.png-82e07937d3d732b65312dbfb36bcc4e9.ctex[39m[0m
[  34% ] [90m[1msavepack[22m | Storing File: res://assets/building/textures/T_ai_materials_rug_warm_c_rough.png.import[39m[0m
[  34% ] [90m[1msavepack[22m | Storing File: res://.godot/imported/T_ai_materials_rug_warm_d_albedo.png-1f9506bcb9a5d901c345d52efcd00b59.ctex[39m[0m
[  34% ] [90m[1msavepack[22m | Storing File: res://assets/building/textures/T_ai_materials_rug_warm_d_albedo.png.import[39m[0m
[  34% ] [90m[1msavepack[22m | Storing File: res://.godot/imported/T_ai_materials_rug_warm_d_normal.png-7ebde9c61486b18bbb0bef6e27cdf8c8.ctex[39m[0m
[  34% ] [90m[1msavepack[22m | Storing File: res://assets/building/textures/T_ai_materials_rug_warm_d_normal.png.import[39m[0m
[  34% ] [90m[1msavepack[22m | Storing File: res://.godot/imported/T_ai_materials_rug_warm_d_rough.png-c6657249a30f0366ddc667ca4bdb0e19.ctex[39m[0m
[  34% ] [90m[1msavepack[22m | Storing File: res://assets/building/textures/T_ai_materials_rug_warm_d_rough.png.import[39m[0m
[  34% ] [90m[1msavepack[22m | Storing File: res://.godot/imported/T_ai_materials_rug_warm_normal.png-b89f52f32c6bb2b8d22a4cf30f56d78a.ctex[39m[0m
[  34% ] [90m[1msavepack[22m | Storing File: res://assets/building/textures/T_ai_materials_rug_warm_normal.png.import[39m[0m
[  34% ] [90m[1msavepack[22m | Storing File: res://.godot/imported/T_ai_materials_rug_warm_rough.png-28567541040c93d8cc7fb2123c6d4645.ctex[39m[0m
[  34% ] [90m[1msavepack[22m | Storing File: res://assets/building/textures/T_ai_materials_rug_warm_rough.png.import[39m[0m
[  34% ] [90m[1msavepack[22m | Storing File: res://.godot/imported/T_ai_materials_safety_orange_albedo.png-e7df90816e1c5bd72d688679f1910063.ctex[39m[0m
[  34% ] [90m[1msavepack[22m | Storing File: res://assets/building/textures/T_ai_materials_safety_orange_albedo.png.import[39m[0m
[  34% ] [90m[1msavepack[22m | Storing File: res://.godot/imported/T_ai_materials_safety_orange_b_albedo.png-abaf1fb6cf4aaf7771f8f602470c2f18.ctex[39m[0m
[  34% ] [90m[1msavepack[22m | Storing File: res://assets/building/textures/T_ai_materials_safety_orange_b_albedo.png.import[39m[0m
[  34% ] [90m[1msavepack[22m | Storing File: res://.godot/imported/T_ai_materials_safety_orange_b_normal.png-f703bdcff07b14dfe6b2512464d21398.ctex[39m[0m
[  34% ] [90m[1msavepack[22m | Storing File: res://assets/building/textures/T_ai_materials_safety_orange_b_normal.png.import[39m[0m
[  34% ] [90m[1msavepack[22m | Storing File: res://.godot/imported/T_ai_materials_safety_orange_b_rough.png-b889f1dcc342af94b84d6e577c098ac9.ctex[39m[0m
[  34% ] [90m[1msavepack[22m | Storing File: res://assets/building/textures/T_ai_materials_safety_orange_b_rough.png.import[39m[0m
[  34% ] [90m[1msavepack[22m | Storing File: res://.godot/imported/T_ai_materials_safety_orange_normal.png-c7c6f36a438a9b1eb45bf83476b0e1e8.ctex[39m[0m
[  34% ] [90m[1msavepack[22m | Storing File: res://assets/building/textures/T_ai_materials_safety_orange_normal.png.import[39m[0m
[  34% ] [90m[1msavepack[22m | Storing File: res://.godot/imported/T_ai_materials_safety_orange_rough.png-0faa088749a496596b524ecf8a0ebf8c.ctex[39m[0m
[  34% ] [90m[1msavepack[22m | Storing File: res://assets/building/textures/T_ai_materials_safety_orange_rough.png.import[39m[0m
[  34% ] [90m[1msavepack[22m | Storing File: res://.godot/imported/T_ai_materials_sidewalk_grout_albedo.png-322b799cd01223fb93447c1c1422cc74.ctex[39m[0m
[  34% ] [90m[1msavepack[22m | Storing File: res://assets/building/textures/T_ai_materials_sidewalk_grout_albedo.png.import[39m[0m
[  34% ] [90m[1msavepack[22m | Storing File: res://.godot/imported/T_ai_materials_sidewalk_grout_b_albedo.png-dba97e170231c30ca06505db62cbcd69.ctex[39m[0m
[  34% ] [90m[1msavepack[22m | Storing File: res://assets/building/textures/T_ai_materials_sidewalk_grout_b_albedo.png.import[39m[0m
[  34% ] [90m[1msavepack[22m | Storing File: res://.godot/imported/T_ai_materials_sidewalk_grout_b_normal.png-e5afb0d74eba3ed01447ea3372f98b6b.ctex[39m[0m
[  34% ] [90m[1msavepack[22m | Storing File: res://assets/building/textures/T_ai_materials_sidewalk_grout_b_normal.png.import[39m[0m
[  34% ] [90m[1msavepack[22m | Storing File: res://.godot/imported/T_ai_materials_sidewalk_grout_b_rough.png-403bdfa3f2998da57716d2b3aab60082.ctex[39m[0m
[  34% ] [90m[1msavepack[22m | Storing File: res://assets/building/textures/T_ai_materials_sidewalk_grout_b_rough.png.import[39m[0m
[  34% ] [90m[1msavepack[22m | Storing File: res://.godot/imported/T_ai_materials_sidewalk_grout_normal.png-d53c1b394d201703da3bf346efac377a.ctex[39m[0m
[  34% ] [90m[1msavepack[22m | Storing File: res://assets/building/textures/T_ai_materials_sidewalk_grout_normal.png.import[39m[0m
[  35% ] [90m[1msavepack[22m | Storing File: res://.godot/imported/T_ai_materials_sidewalk_grout_rough.png-643f0a60251f0753dcb32ba9bb1d624f.ctex[39m[0m
[  35% ] [90m[1msavepack[22m | Storing File: res://assets/building/textures/T_ai_materials_sidewalk_grout_rough.png.import[39m[0m
[  35% ] [90m[1msavepack[22m | Storing File: res://.godot/imported/T_ai_materials_sidewalk_haunted_albedo.png-59b918c2bda4c9b604b65ff46231d0bd.ctex[39m[0m
[  35% ] [90m[1msavepack[22m | Storing File: res://assets/building/textures/T_ai_materials_sidewalk_haunted_albedo.png.import[39m[0m
[  35% ] [90m[1msavepack[22m | Storing File: res://.godot/imported/T_ai_materials_sidewalk_haunted_b_albedo.png-bcf00edaa64b8a0eea1bb3908da48a92.ctex[39m[0m
[  35% ] [90m[1msavepack[22m | Storing File: res://assets/building/textures/T_ai_materials_sidewalk_haunted_b_albedo.png.import[39m[0m
[  35% ] [90m[1msavepack[22m | Storing File: res://.godot/imported/T_ai_materials_sidewalk_haunted_b_normal.png-06a9c874741a7ac1066a61a73b85ff6c.ctex[39m[0m
[  35% ] [90m[1msavepack[22m | Storing File: res://assets/building/textures/T_ai_materials_sidewalk_haunted_b_normal.png.import[39m[0m
[  35% ] [90m[1msavepack[22m | Storing File: res://.godot/imported/T_ai_materials_sidewalk_haunted_b_rough.png-08035101dfd4fd529bf33f3287ea4da8.ctex[39m[0m
[  35% ] [90m[1msavepack[22m | Storing File: res://assets/building/textures/T_ai_materials_sidewalk_haunted_b_rough.png.import[39m[0m
[  35% ] [90m[1msavepack[22m | Storing File: res://.godot/imported/T_ai_materials_sidewalk_haunted_normal.png-89a7e7fe9bc656f78fd19aa818b63f73.ctex[39m[0m
[  35% ] [90m[1msavepack[22m | Storing File: res://assets/building/textures/T_ai_materials_sidewalk_haunted_normal.png.import[39m[0m
[  35% ] [90m[1msavepack[22m | Storing File: res://.godot/imported/T_ai_materials_sidewalk_haunted_rough.png-4f74a186035e69e0646a9b493681dd91.ctex[39m[0m
[  35% ] [90m[1msavepack[22m | Storing File: res://assets/building/textures/T_ai_materials_sidewalk_haunted_rough.png.import[39m[0m
[  35% ] [90m[1msavepack[22m | Storing File: res://.godot/imported/T_ai_materials_sign_board_albedo.png-e8145d94f8b6ff08e0d26a755e5e9412.ctex[39m[0m
[  35% ] [90m[1msavepack[22m | Storing File: res://assets/building/textures/T_ai_materials_sign_board_albedo.png.import[39m[0m
[  35% ] [90m[1msavepack[22m | Storing File: res://.godot/imported/T_ai_materials_sign_board_normal.png-d66c819ea4abdd73affcb16cf034c81c.ctex[39m[0m
[  35% ] [90m[1msavepack[22m | Storing File: res://assets/building/textures/T_ai_materials_sign_board_normal.png.import[39m[0m
[  35% ] [90m[1msavepack[22m | Storing File: res://.godot/imported/T_ai_materials_sign_board_rough.png-8eea951817b128dadf1059102395cded.ctex[39m[0m
[  35% ] [90m[1msavepack[22m | Storing File: res://assets/building/textures/T_ai_materials_sign_board_rough.png.import[39m[0m
[  35% ] [90m[1msavepack[22m | Storing File: res://.godot/imported/T_ai_materials_slab_albedo.png-d234a863408a601305f53f9284c4ceda.ctex[39m[0m
[  35% ] [90m[1msavepack[22m | Storing File: res://assets/building/textures/T_ai_materials_slab_albedo.png.import[39m[0m
[  35% ] [90m[1msavepack[22m | Storing File: res://.godot/imported/T_ai_materials_slab_b_albedo.png-1ea838942a38cfde390142311050e76b.ctex[39m[0m
[  35% ] [90m[1msavepack[22m | Storing File: res://assets/building/textures/T_ai_materials_slab_b_albedo.png.import[39m[0m
[  35% ] [90m[1msavepack[22m | Storing File: res://.godot/imported/T_ai_materials_slab_b_normal.png-41197379d057a65cd604052cfe79b5e9.ctex[39m[0m
[  35% ] [90m[1msavepack[22m | Storing File: res://assets/building/textures/T_ai_materials_slab_b_normal.png.import[39m[0m
[  35% ] [90m[1msavepack[22m | Storing File: res://.godot/imported/T_ai_materials_slab_b_rough.png-e26b9ac37ac7c3c54e99d856d335eff7.ctex[39m[0m
[  35% ] [90m[1msavepack[22m | Storing File: res://assets/building/textures/T_ai_materials_slab_b_rough.png.import[39m[0m
[  35% ] [90m[1msavepack[22m | Storing File: res://.godot/imported/T_ai_materials_slab_c_albedo.png-9ecf35f04b061d4a323c2c0114303e4f.ctex[39m[0m
[  35% ] [90m[1msavepack[22m | Storing File: res://assets/building/textures/T_ai_materials_slab_c_albedo.png.import[39m[0m
[  35% ] [90m[1msavepack[22m | Storing File: res://.godot/imported/T_ai_materials_slab_c_normal.png-87cf081c3a793bfb521c9e92a07139c4.ctex[39m[0m
[  35% ] [90m[1msavepack[22m | Storing File: res://assets/building/textures/T_ai_materials_slab_c_normal.png.import[39m[0m
[  35% ] [90m[1msavepack[22m | Storing File: res://.godot/imported/T_ai_materials_slab_c_rough.png-d918cbe97f0efd94470fee90c832764b.ctex[39m[0m
[  35% ] [90m[1msavepack[22m | Storing File: res://assets/building/textures/T_ai_materials_slab_c_rough.png.import[39m[0m
[  35% ] [90m[1msavepack[22m | Storing File: res://.godot/imported/T_ai_materials_slab_d_albedo.png-3c905a36e879bb1a7ad1ce1dacb65c90.ctex[39m[0m
[  35% ] [90m[1msavepack[22m | Storing File: res://assets/building/textures/T_ai_materials_slab_d_albedo.png.import[39m[0m
[  35% ] [90m[1msavepack[22m | Storing File: res://.godot/imported/T_ai_materials_slab_d_normal.png-d527c850f943a98e7ae9e1474814fe42.ctex[39m[0m
[  35% ] [90m[1msavepack[22m | Storing File: res://assets/building/textures/T_ai_materials_slab_d_normal.png.import[39m[0m
[  35% ] [90m[1msavepack[22m | Storing File: res://.godot/imported/T_ai_materials_slab_d_rough.png-902ef6dc164c0a9cf6ff4e126053b705.ctex[39m[0m
[  35% ] [90m[1msavepack[22m | Storing File: res://assets/building/textures/T_ai_materials_slab_d_rough.png.import[39m[0m
[  35% ] [90m[1msavepack[22m | Storing File: res://.godot/imported/T_ai_materials_slab_normal.png-f8da83d24f97616098f6a5a983006462.ctex[39m[0m
[  35% ] [90m[1msavepack[22m | Storing File: res://assets/building/textures/T_ai_materials_slab_normal.png.import[39m[0m
[  36% ] [90m[1msavepack[22m | Storing File: res://.godot/imported/T_ai_materials_slab_rough.png-d05e036b14e8fde99ae4f3fe5fb91e5a.ctex[39m[0m
[  36% ] [90m[1msavepack[22m | Storing File: res://assets/building/textures/T_ai_materials_slab_rough.png.import[39m[0m
[  36% ] [90m[1msavepack[22m | Storing File: res://.godot/imported/T_ai_materials_soil_albedo.png-4cd983463740fa6a06456865efa2b60c.ctex[39m[0m
[  36% ] [90m[1msavepack[22m | Storing File: res://assets/building/textures/T_ai_materials_soil_albedo.png.import[39m[0m
[  36% ] [90m[1msavepack[22m | Storing File: res://.godot/imported/T_ai_materials_soil_b_albedo.png-911640b61f09a8661d77879c5aa2a3cb.ctex[39m[0m
[  36% ] [90m[1msavepack[22m | Storing File: res://assets/building/textures/T_ai_materials_soil_b_albedo.png.import[39m[0m
[  36% ] [90m[1msavepack[22m | Storing File: res://.godot/imported/T_ai_materials_soil_b_normal.png-cc2d024d57a05380cbb084a26c50a76a.ctex[39m[0m
[  36% ] [90m[1msavepack[22m | Storing File: res://assets/building/textures/T_ai_materials_soil_b_normal.png.import[39m[0m
[  36% ] [90m[1msavepack[22m | Storing File: res://.godot/imported/T_ai_materials_soil_b_rough.png-ced51430f07cf3261c2c988809d8408c.ctex[39m[0m
[  36% ] [90m[1msavepack[22m | Storing File: res://assets/building/textures/T_ai_materials_soil_b_rough.png.import[39m[0m
[  36% ] [90m[1msavepack[22m | Storing File: res://.godot/imported/T_ai_materials_soil_c_albedo.png-7225cf22663d8643ffde9d4aafa6d34e.ctex[39m[0m
[  36% ] [90m[1msavepack[22m | Storing File: res://assets/building/textures/T_ai_materials_soil_c_albedo.png.import[39m[0m
[  36% ] [90m[1msavepack[22m | Storing File: res://.godot/imported/T_ai_materials_soil_c_normal.png-f165d2da7b4709d3f1cc1ae1ae1cbc9c.ctex[39m[0m
[  36% ] [90m[1msavepack[22m | Storing File: res://assets/building/textures/T_ai_materials_soil_c_normal.png.import[39m[0m
[  36% ] [90m[1msavepack[22m | Storing File: res://.godot/imported/T_ai_materials_soil_c_rough.png-bd56788a6b2ea2b168e693109cd54bf4.ctex[39m[0m
[  36% ] [90m[1msavepack[22m | Storing File: res://assets/building/textures/T_ai_materials_soil_c_rough.png.import[39m[0m
[  36% ] [90m[1msavepack[22m | Storing File: res://.godot/imported/T_ai_materials_soil_normal.png-0efcc3621f323ed80b4c9ff95b44b508.ctex[39m[0m
[  36% ] [90m[1msavepack[22m | Storing File: res://assets/building/textures/T_ai_materials_soil_normal.png.import[39m[0m
[  36% ] [90m[1msavepack[22m | Storing File: res://.godot/imported/T_ai_materials_soil_rough.png-96355c607814964c9eb694cd669746bf.ctex[39m[0m
[  36% ] [90m[1msavepack[22m | Storing File: res://assets/building/textures/T_ai_materials_soil_rough.png.import[39m[0m
[  36% ] [90m[1msavepack[22m | Storing File: res://.godot/imported/T_ai_materials_soot_albedo.png-a6b5d5529eae321ee3527a755d89c2a9.ctex[39m[0m
[  36% ] [90m[1msavepack[22m | Storing File: res://assets/building/textures/T_ai_materials_soot_albedo.png.import[39m[0m
[  36% ] [90m[1msavepack[22m | Storing File: res://.godot/imported/T_ai_materials_soot_b_albedo.png-0897afdc04ac2a1f237960d965a183ba.ctex[39m[0m
[  36% ] [90m[1msavepack[22m | Storing File: res://assets/building/textures/T_ai_materials_soot_b_albedo.png.import[39m[0m
[  36% ] [90m[1msavepack[22m | Storing File: res://.godot/imported/T_ai_materials_soot_b_normal.png-6a5a435051cc86c38e6e90e8059d6cf1.ctex[39m[0m
[  36% ] [90m[1msavepack[22m | Storing File: res://assets/building/textures/T_ai_materials_soot_b_normal.png.import[39m[0m
[  36% ] [90m[1msavepack[22m | Storing File: res://.godot/imported/T_ai_materials_soot_b_rough.png-3de196a13c585b3a96e4601e46de3bf7.ctex[39m[0m
[  36% ] [90m[1msavepack[22m | Storing File: res://assets/building/textures/T_ai_materials_soot_b_rough.png.import[39m[0m
[  36% ] [90m[1msavepack[22m | Storing File: res://.godot/imported/T_ai_materials_soot_c_albedo.png-8033ddb2c5cca39ba4a5d8fc30bdb0bc.ctex[39m[0m
[  36% ] [90m[1msavepack[22m | Storing File: res://assets/building/textures/T_ai_materials_soot_c_albedo.png.import[39m[0m
[  36% ] [90m[1msavepack[22m | Storing File: res://.godot/imported/T_ai_materials_soot_c_normal.png-fe75247fa7ca5b67ea276ab33f3c9887.ctex[39m[0m
[  36% ] [90m[1msavepack[22m | Storing File: res://assets/building/textures/T_ai_materials_soot_c_normal.png.import[39m[0m
[  36% ] [90m[1msavepack[22m | Storing File: res://.godot/imported/T_ai_materials_soot_c_rough.png-504f56a1ddb9c28f5ead57dce7780a23.ctex[39m[0m
[  36% ] [90m[1msavepack[22m | Storing File: res://assets/building/textures/T_ai_materials_soot_c_rough.png.import[39m[0m
[  36% ] [90m[1msavepack[22m | Storing File: res://.godot/imported/T_ai_materials_soot_d_albedo.png-9a4f6210e041341c03d2bceaf4e993a3.ctex[39m[0m
[  36% ] [90m[1msavepack[22m | Storing File: res://assets/building/textures/T_ai_materials_soot_d_albedo.png.import[39m[0m
[  36% ] [90m[1msavepack[22m | Storing File: res://.godot/imported/T_ai_materials_soot_d_normal.png-f8b138c7a0ba70db5364ed84b71b0741.ctex[39m[0m
[  36% ] [90m[1msavepack[22m | Storing File: res://assets/building/textures/T_ai_materials_soot_d_normal.png.import[39m[0m
[  36% ] [90m[1msavepack[22m | Storing File: res://.godot/imported/T_ai_materials_soot_d_rough.png-1a1f923455dfd3c036d1029fec0b6464.ctex[39m[0m
[  36% ] [90m[1msavepack[22m | Storing File: res://assets/building/textures/T_ai_materials_soot_d_rough.png.import[39m[0m
[  37% ] [90m[1msavepack[22m | Storing File: res://.godot/imported/T_ai_materials_soot_normal.png-7fe43d97ecb5c52915f6ce58f6a9d294.ctex[39m[0m
[  37% ] [90m[1msavepack[22m | Storing File: res://assets/building/textures/T_ai_materials_soot_normal.png.import[39m[0m
[  37% ] [90m[1msavepack[22m | Storing File: res://.godot/imported/T_ai_materials_soot_rough.png-1210647471717773bc9cadedde0ab07d.ctex[39m[0m
[  37% ] [90m[1msavepack[22m | Storing File: res://assets/building/textures/T_ai_materials_soot_rough.png.import[39m[0m
[  37% ] [90m[1msavepack[22m | Storing File: res://.godot/imported/T_ai_materials_soot_worn_soot_albedo.png-e4a5924385b9e7a0e69affd4b6ff667c.ctex[39m[0m
[  37% ] [90m[1msavepack[22m | Storing File: res://assets/building/textures/T_ai_materials_soot_worn_soot_albedo.png.import[39m[0m
[  37% ] [90m[1msavepack[22m | Storing File: res://.godot/imported/T_ai_materials_soot_worn_soot_rough.png-d0f0b537724fc4c0b22d04bb08056193.ctex[39m[0m
[  37% ] [90m[1msavepack[22m | Storing File: res://assets/building/textures/T_ai_materials_soot_worn_soot_rough.png.import[39m[0m
[  37% ] [90m[1msavepack[22m | Storing File: res://.godot/imported/T_ai_materials_stairwell_teal_b_albedo.png-f346b97c2c9f3a11d6babdf072bc54cf.ctex[39m[0m
[  37% ] [90m[1msavepack[22m | Storing File: res://assets/building/textures/T_ai_materials_stairwell_teal_b_albedo.png.import[39m[0m
[  37% ] [90m[1msavepack[22m | Storing File: res://.godot/imported/T_ai_materials_stairwell_teal_b_normal.png-bf57af8a648d5fc69d3477f14b690e70.ctex[39m[0m
[  37% ] [90m[1msavepack[22m | Storing File: res://assets/building/textures/T_ai_materials_stairwell_teal_b_normal.png.import[39m[0m
[  37% ] [90m[1msavepack[22m | Storing File: res://.godot/imported/T_ai_materials_stairwell_teal_b_rough.png-fecb08ab795128c1d9e214ec72a3981c.ctex[39m[0m
[  37% ] [90m[1msavepack[22m | Storing File: res://assets/building/textures/T_ai_materials_stairwell_teal_b_rough.png.import[39m[0m
[  37% ] [90m[1msavepack[22m | Storing File: res://.godot/imported/T_ai_materials_stair_albedo.png-95224de943f56503d212ddbda92954b5.ctex[39m[0m
[  37% ] [90m[1msavepack[22m | Storing File: res://assets/building/textures/T_ai_materials_stair_albedo.png.import[39m[0m
[  37% ] [90m[1msavepack[22m | Storing File: res://.godot/imported/T_ai_materials_stair_b_albedo.png-b47fe4c566696ab562f97cd9596b80af.ctex[39m[0m
[  37% ] [90m[1msavepack[22m | Storing File: res://assets/building/textures/T_ai_materials_stair_b_albedo.png.import[39m[0m
[  37% ] [90m[1msavepack[22m | Storing File: res://.godot/imported/T_ai_materials_stair_b_normal.png-388e9f7a3fc563b2731b02c407d31be5.ctex[39m[0m
[  37% ] [90m[1msavepack[22m | Storing File: res://assets/building/textures/T_ai_materials_stair_b_normal.png.import[39m[0m
[  37% ] [90m[1msavepack[22m | Storing File: res://.godot/imported/T_ai_materials_stair_b_rough.png-bbe9c56ec96a76d1c085bcf9b9ac7b39.ctex[39m[0m
[  37% ] [90m[1msavepack[22m | Storing File: res://assets/building/textures/T_ai_materials_stair_b_rough.png.import[39m[0m
[  37% ] [90m[1msavepack[22m | Storing File: res://.godot/imported/T_ai_materials_stair_c_albedo.png-85bb8f9b39714c46bb4107878b0c939a.ctex[39m[0m
[  37% ] [90m[1msavepack[22m | Storing File: res://assets/building/textures/T_ai_materials_stair_c_albedo.png.import[39m[0m
[  37% ] [90m[1msavepack[22m | Storing File: res://.godot/imported/T_ai_materials_stair_c_normal.png-686cd8299c7312163271984b2724c935.ctex[39m[0m
[  37% ] [90m[1msavepack[22m | Storing File: res://assets/building/textures/T_ai_materials_stair_c_normal.png.import[39m[0m
[  37% ] [90m[1msavepack[22m | Storing File: res://.godot/imported/T_ai_materials_stair_c_rough.png-863085f59e9ba5f6831464b92595f981.ctex[39m[0m
[  37% ] [90m[1msavepack[22m | Storing File: res://assets/building/textures/T_ai_materials_stair_c_rough.png.import[39m[0m
[  37% ] [90m[1msavepack[22m | Storing File: res://.godot/imported/T_ai_materials_stair_normal.png-7d94bbf2d0d01e4f352fbf89392b3dc5.ctex[39m[0m
[  37% ] [90m[1msavepack[22m | Storing File: res://assets/building/textures/T_ai_materials_stair_normal.png.import[39m[0m
[  37% ] [90m[1msavepack[22m | Storing File: res://.godot/imported/T_ai_materials_stair_rough.png-c1b3d7d85edaac433617c8316921c978.ctex[39m[0m
[  37% ] [90m[1msavepack[22m | Storing File: res://assets/building/textures/T_ai_materials_stair_rough.png.import[39m[0m
[  37% ] [90m[1msavepack[22m | Storing File: res://.godot/imported/T_ai_materials_stair_treads_albedo.png-e06556b04df3ec00d033d57a76c9e5bb.ctex[39m[0m
[  37% ] [90m[1msavepack[22m | Storing File: res://assets/building/textures/T_ai_materials_stair_treads_albedo.png.import[39m[0m
[  37% ] [90m[1msavepack[22m | Storing File: res://.godot/imported/T_ai_materials_stair_treads_normal.png-2167e8fc6602d0b4dee2bdce5ffa50ab.ctex[39m[0m
[  37% ] [90m[1msavepack[22m | Storing File: res://assets/building/textures/T_ai_materials_stair_treads_normal.png.import[39m[0m
[  37% ] [90m[1msavepack[22m | Storing File: res://.godot/imported/T_ai_materials_stair_treads_rough.png-22757c6287ba74d61a70de62407d11ad.ctex[39m[0m
[  37% ] [90m[1msavepack[22m | Storing File: res://assets/building/textures/T_ai_materials_stair_treads_rough.png.import[39m[0m
[  37% ] [90m[1msavepack[22m | Storing File: res://.godot/imported/T_ai_materials_subway_tile_albedo.png-e72614bf13c73a65877560d3bb194f6e.ctex[39m[0m
[  37% ] [90m[1msavepack[22m | Storing File: res://assets/building/textures/T_ai_materials_subway_tile_albedo.png.import[39m[0m
[  37% ] [90m[1msavepack[22m | Storing File: res://.godot/imported/T_ai_materials_subway_tile_b_albedo.png-21fb5c0ab3017422fda6ebbbfb1f15f1.ctex[39m[0m
[  37% ] [90m[1msavepack[22m | Storing File: res://assets/building/textures/T_ai_materials_subway_tile_b_albedo.png.import[39m[0m
[  38% ] [90m[1msavepack[22m | Storing File: res://.godot/imported/T_ai_materials_subway_tile_b_normal.png-4ce78bd414db8b5cef89d9f47c7af138.ctex[39m[0m
[  38% ] [90m[1msavepack[22m | Storing File: res://assets/building/textures/T_ai_materials_subway_tile_b_normal.png.import[39m[0m
[  38% ] [90m[1msavepack[22m | Storing File: res://.godot/imported/T_ai_materials_subway_tile_b_rough.png-d1820ad95f93d1452d539b4b873b8e8e.ctex[39m[0m
[  38% ] [90m[1msavepack[22m | Storing File: res://assets/building/textures/T_ai_materials_subway_tile_b_rough.png.import[39m[0m
[  38% ] [90m[1msavepack[22m | Storing File: res://.godot/imported/T_ai_materials_subway_tile_c_albedo.png-c5eb8c5812c615e62ba742b6e9b6ea7e.ctex[39m[0m
[  38% ] [90m[1msavepack[22m | Storing File: res://assets/building/textures/T_ai_materials_subway_tile_c_albedo.png.import[39m[0m
[  38% ] [90m[1msavepack[22m | Storing File: res://.godot/imported/T_ai_materials_subway_tile_c_normal.png-8bfd036f0ef78566ba0af075fbe36469.ctex[39m[0m
[  38% ] [90m[1msavepack[22m | Storing File: res://assets/building/textures/T_ai_materials_subway_tile_c_normal.png.import[39m[0m
[  38% ] [90m[1msavepack[22m | Storing File: res://.godot/imported/T_ai_materials_subway_tile_c_rough.png-d84b5af3626036b63db0dc2299041317.ctex[39m[0m
[  38% ] [90m[1msavepack[22m | Storing File: res://assets/building/textures/T_ai_materials_subway_tile_c_rough.png.import[39m[0m
[  38% ] [90m[1msavepack[22m | Storing File: res://.godot/imported/T_ai_materials_subway_tile_normal.png-0a63583fe1f7dcfd9d5695671cd01327.ctex[39m[0m
[  38% ] [90m[1msavepack[22m | Storing File: res://assets/building/textures/T_ai_materials_subway_tile_normal.png.import[39m[0m
[  38% ] [90m[1msavepack[22m | Storing File: res://.godot/imported/T_ai_materials_subway_tile_rough.png-7bac32631549431ed18ed3a45347a29d.ctex[39m[0m
[  38% ] [90m[1msavepack[22m | Storing File: res://assets/building/textures/T_ai_materials_subway_tile_rough.png.import[39m[0m
[  38% ] [90m[1msavepack[22m | Storing File: res://.godot/imported/T_ai_materials_terracotta_albedo.png-04518ee4fac744fb1358f16817986b4b.ctex[39m[0m
[  38% ] [90m[1msavepack[22m | Storing File: res://assets/building/textures/T_ai_materials_terracotta_albedo.png.import[39m[0m
[  38% ] [90m[1msavepack[22m | Storing File: res://.godot/imported/T_ai_materials_terracotta_b_albedo.png-558383554baeab13588e22d235d334f6.ctex[39m[0m
[  38% ] [90m[1msavepack[22m | Storing File: res://assets/building/textures/T_ai_materials_terracotta_b_albedo.png.import[39m[0m
[  38% ] [90m[1msavepack[22m | Storing File: res://.godot/imported/T_ai_materials_terracotta_b_normal.png-ae748eb8f2c8bd668a9e538fe58abca3.ctex[39m[0m
[  38% ] [90m[1msavepack[22m | Storing File: res://assets/building/textures/T_ai_materials_terracotta_b_normal.png.import[39m[0m
[  38% ] [90m[1msavepack[22m | Storing File: res://.godot/imported/T_ai_materials_terracotta_b_rough.png-d0527e14ab509d67d1e99248be073810.ctex[39m[0m
[  38% ] [90m[1msavepack[22m | Storing File: res://assets/building/textures/T_ai_materials_terracotta_b_rough.png.import[39m[0m
[  38% ] [90m[1msavepack[22m | Storing File: res://.godot/imported/T_ai_materials_terracotta_c_albedo.png-6e0d9e63bd5a1e0c2cc37f1bf325571f.ctex[39m[0m
[  38% ] [90m[1msavepack[22m | Storing File: res://assets/building/textures/T_ai_materials_terracotta_c_albedo.png.import[39m[0m
[  38% ] [90m[1msavepack[22m | Storing File: res://.godot/imported/T_ai_materials_terracotta_c_normal.png-101f8fa7b9091a1653f42182d59544be.ctex[39m[0m
[  38% ] [90m[1msavepack[22m | Storing File: res://assets/building/textures/T_ai_materials_terracotta_c_normal.png.import[39m[0m
[  38% ] [90m[1msavepack[22m | Storing File: res://.godot/imported/T_ai_materials_terracotta_c_rough.png-11b3e9f161f440f06d250a22859e4c71.ctex[39m[0m
[  38% ] [90m[1msavepack[22m | Storing File: res://assets/building/textures/T_ai_materials_terracotta_c_rough.png.import[39m[0m
[  38% ] [90m[1msavepack[22m | Storing File: res://.godot/imported/T_ai_materials_terracotta_normal.png-5f92527d18700c7e43938b48c8e28e8c.ctex[39m[0m
[  38% ] [90m[1msavepack[22m | Storing File: res://assets/building/textures/T_ai_materials_terracotta_normal.png.import[39m[0m
[  38% ] [90m[1msavepack[22m | Storing File: res://.godot/imported/T_ai_materials_terracotta_rough.png-02609b7e41b0dbed966ab3a59b65ca21.ctex[39m[0m
[  38% ] [90m[1msavepack[22m | Storing File: res://assets/building/textures/T_ai_materials_terracotta_rough.png.import[39m[0m
[  38% ] [90m[1msavepack[22m | Storing File: res://.godot/imported/T_ai_materials_terrazzo_albedo.png-2701bb720ec84f32296b06621566318d.ctex[39m[0m
[  38% ] [90m[1msavepack[22m | Storing File: res://assets/building/textures/T_ai_materials_terrazzo_albedo.png.import[39m[0m
[  38% ] [90m[1msavepack[22m | Storing File: res://.godot/imported/T_ai_materials_terrazzo_b_albedo.png-5b6477078890d941ae3d9b3abee5524f.ctex[39m[0m
[  38% ] [90m[1msavepack[22m | Storing File: res://assets/building/textures/T_ai_materials_terrazzo_b_albedo.png.import[39m[0m
[  38% ] [90m[1msavepack[22m | Storing File: res://.godot/imported/T_ai_materials_terrazzo_b_normal.png-9c95d11c3ce05fc3bb7feadbf329579d.ctex[39m[0m
[  38% ] [90m[1msavepack[22m | Storing File: res://assets/building/textures/T_ai_materials_terrazzo_b_normal.png.import[39m[0m
[  38% ] [90m[1msavepack[22m | Storing File: res://.godot/imported/T_ai_materials_terrazzo_b_rough.png-4e3e5f1adcc9a383edd66275ebafc324.ctex[39m[0m
[  38% ] [90m[1msavepack[22m | Storing File: res://assets/building/textures/T_ai_materials_terrazzo_b_rough.png.import[39m[0m
[  38% ] [90m[1msavepack[22m | Storing File: res://.godot/imported/T_ai_materials_terrazzo_c_albedo.png-123998d694bdcb727c1e09d9eb51a433.ctex[39m[0m
[  38% ] [90m[1msavepack[22m | Storing File: res://assets/building/textures/T_ai_materials_terrazzo_c_albedo.png.import[39m[0m
[  39% ] [90m[1msavepack[22m | Storing File: res://.godot/imported/T_ai_materials_terrazzo_c_normal.png-9cc626263a0b5195a33bc77a1ffc8b63.ctex[39m[0m
[  39% ] [90m[1msavepack[22m | Storing File: res://assets/building/textures/T_ai_materials_terrazzo_c_normal.png.import[39m[0m
[  39% ] [90m[1msavepack[22m | Storing File: res://.godot/imported/T_ai_materials_terrazzo_c_rough.png-0740853f1b1471bd35a112198cb35a50.ctex[39m[0m
[  39% ] [90m[1msavepack[22m | Storing File: res://assets/building/textures/T_ai_materials_terrazzo_c_rough.png.import[39m[0m
[  39% ] [90m[1msavepack[22m | Storing File: res://.godot/imported/T_ai_materials_terrazzo_dark_albedo.png-e17b982df058454d5eff8639b9b2f7ba.ctex[39m[0m
[  39% ] [90m[1msavepack[22m | Storing File: res://assets/building/textures/T_ai_materials_terrazzo_dark_albedo.png.import[39m[0m
[  39% ] [90m[1msavepack[22m | Storing File: res://.godot/imported/T_ai_materials_terrazzo_dark_normal.png-e3c73b716d43b1bd5c5fe7d2c046ffaa.ctex[39m[0m
[  39% ] [90m[1msavepack[22m | Storing File: res://assets/building/textures/T_ai_materials_terrazzo_dark_normal.png.import[39m[0m
[  39% ] [90m[1msavepack[22m | Storing File: res://.godot/imported/T_ai_materials_terrazzo_dark_rough.png-4c5fbe6359253541c32c187d0f2a4b23.ctex[39m[0m
[  39% ] [90m[1msavepack[22m | Storing File: res://assets/building/textures/T_ai_materials_terrazzo_dark_rough.png.import[39m[0m
[  39% ] [90m[1msavepack[22m | Storing File: res://.godot/imported/T_ai_materials_terrazzo_d_albedo.png-49250eb1f9e0e113b06309bb54c302aa.ctex[39m[0m
[  39% ] [90m[1msavepack[22m | Storing File: res://assets/building/textures/T_ai_materials_terrazzo_d_albedo.png.import[39m[0m
[  39% ] [90m[1msavepack[22m | Storing File: res://.godot/imported/T_ai_materials_terrazzo_d_normal.png-46b7878151c5465a1966eba538ae856a.ctex[39m[0m
[  39% ] [90m[1msavepack[22m | Storing File: res://assets/building/textures/T_ai_materials_terrazzo_d_normal.png.import[39m[0m
[  39% ] [90m[1msavepack[22m | Storing File: res://.godot/imported/T_ai_materials_terrazzo_d_rough.png-b6c96500b8d790a703cd21a17a22cabf.ctex[39m[0m
[  39% ] [90m[1msavepack[22m | Storing File: res://assets/building/textures/T_ai_materials_terrazzo_d_rough.png.import[39m[0m
[  39% ] [90m[1msavepack[22m | Storing File: res://.godot/imported/T_ai_materials_terrazzo_normal.png-3b3ea5952780bc99c313341499c4c825.ctex[39m[0m
[  39% ] [90m[1msavepack[22m | Storing File: res://assets/building/textures/T_ai_materials_terrazzo_normal.png.import[39m[0m
[  39% ] [90m[1msavepack[22m | Storing File: res://.godot/imported/T_ai_materials_terrazzo_rough.png-1d31d55f440ad5241ed92261f12becb6.ctex[39m[0m
[  39% ] [90m[1msavepack[22m | Storing File: res://assets/building/textures/T_ai_materials_terrazzo_rough.png.import[39m[0m
[  39% ] [90m[1msavepack[22m | Storing File: res://.godot/imported/T_ai_materials_timber_albedo.png-56e7f209cfea2060a409086859dda101.ctex[39m[0m
[  39% ] [90m[1msavepack[22m | Storing File: res://assets/building/textures/T_ai_materials_timber_albedo.png.import[39m[0m
[  39% ] [90m[1msavepack[22m | Storing File: res://.godot/imported/T_ai_materials_timber_b_albedo.png-ba5723359a0c7f490e787d6fcd6938b8.ctex[39m[0m
[  39% ] [90m[1msavepack[22m | Storing File: res://assets/building/textures/T_ai_materials_timber_b_albedo.png.import[39m[0m
[  39% ] [90m[1msavepack[22m | Storing File: res://.godot/imported/T_ai_materials_timber_b_normal.png-a70b22fbeccd4c4e8707ed82bde12dd8.ctex[39m[0m
[  39% ] [90m[1msavepack[22m | Storing File: res://assets/building/textures/T_ai_materials_timber_b_normal.png.import[39m[0m
[  39% ] [90m[1msavepack[22m | Storing File: res://.godot/imported/T_ai_materials_timber_b_rough.png-cfcde5f63c3841b86ec08444120a125a.ctex[39m[0m
[  39% ] [90m[1msavepack[22m | Storing File: res://assets/building/textures/T_ai_materials_timber_b_rough.png.import[39m[0m
[  39% ] [90m[1msavepack[22m | Storing File: res://.godot/imported/T_ai_materials_timber_c_albedo.png-a21d1af6534389d881fe5efc40a6527e.ctex[39m[0m
[  39% ] [90m[1msavepack[22m | Storing File: res://assets/building/textures/T_ai_materials_timber_c_albedo.png.import[39m[0m
[  39% ] [90m[1msavepack[22m | Storing File: res://.godot/imported/T_ai_materials_timber_c_normal.png-37143a6bfffce48359e7d6da34192028.ctex[39m[0m
[  39% ] [90m[1msavepack[22m | Storing File: res://assets/building/textures/T_ai_materials_timber_c_normal.png.import[39m[0m
[  39% ] [90m[1msavepack[22m | Storing File: res://.godot/imported/T_ai_materials_timber_c_rough.png-884c60ba7e2cbf83800b6bf81a0e1fac.ctex[39m[0m
[  39% ] [90m[1msavepack[22m | Storing File: res://assets/building/textures/T_ai_materials_timber_c_rough.png.import[39m[0m
[  39% ] [90m[1msavepack[22m | Storing File: res://.godot/imported/T_ai_materials_timber_normal.png-f4b08debd8ace7147978364896842e97.ctex[39m[0m
[  39% ] [90m[1msavepack[22m | Storing File: res://assets/building/textures/T_ai_materials_timber_normal.png.import[39m[0m
[  39% ] [90m[1msavepack[22m | Storing File: res://.godot/imported/T_ai_materials_timber_rough.png-f438418a34efc2fed2ae0f8c1d439888.ctex[39m[0m
[  39% ] [90m[1msavepack[22m | Storing File: res://assets/building/textures/T_ai_materials_timber_rough.png.import[39m[0m
[  39% ] [90m[1msavepack[22m | Storing File: res://.godot/imported/T_ai_materials_tin_ceiling_albedo.png-f5a4ec52b70283adbf835072369ab444.ctex[39m[0m
[  39% ] [90m[1msavepack[22m | Storing File: res://assets/building/textures/T_ai_materials_tin_ceiling_albedo.png.import[39m[0m
[  40% ] [90m[1msavepack[22m | Storing File: res://.godot/imported/T_ai_materials_tin_ceiling_b_albedo.png-d68e2c41d9755309910e47312aae12a2.ctex[39m[0m
[  40% ] [90m[1msavepack[22m | Storing File: res://assets/building/textures/T_ai_materials_tin_ceiling_b_albedo.png.import[39m[0m
[  40% ] [90m[1msavepack[22m | Storing File: res://.godot/imported/T_ai_materials_tin_ceiling_b_normal.png-e696b9e982d78e71cbd552c7ea265d1f.ctex[39m[0m
[  40% ] [90m[1msavepack[22m | Storing File: res://assets/building/textures/T_ai_materials_tin_ceiling_b_normal.png.import[39m[0m
[  40% ] [90m[1msavepack[22m | Storing File: res://.godot/imported/T_ai_materials_tin_ceiling_b_rough.png-21fc1cffc663e472813390241899b099.ctex[39m[0m
[  40% ] [90m[1msavepack[22m | Storing File: res://assets/building/textures/T_ai_materials_tin_ceiling_b_rough.png.import[39m[0m
[  40% ] [90m[1msavepack[22m | Storing File: res://.godot/imported/T_ai_materials_tin_ceiling_c_albedo.png-bf22e5bfe06ba8ff5755735123f19dbe.ctex[39m[0m
[  40% ] [90m[1msavepack[22m | Storing File: res://assets/building/textures/T_ai_materials_tin_ceiling_c_albedo.png.import[39m[0m
[  40% ] [90m[1msavepack[22m | Storing File: res://.godot/imported/T_ai_materials_tin_ceiling_c_normal.png-4a484fd249bae0d4ba0ada8cae12e81f.ctex[39m[0m
[  40% ] [90m[1msavepack[22m | Storing File: res://assets/building/textures/T_ai_materials_tin_ceiling_c_normal.png.import[39m[0m
[  40% ] [90m[1msavepack[22m | Storing File: res://.godot/imported/T_ai_materials_tin_ceiling_c_rough.png-d35c688222704f73c26b455b920b0cbd.ctex[39m[0m
[  40% ] [90m[1msavepack[22m | Storing File: res://assets/building/textures/T_ai_materials_tin_ceiling_c_rough.png.import[39m[0m
[  40% ] [90m[1msavepack[22m | Storing File: res://.godot/imported/T_ai_materials_tin_ceiling_d_albedo.png-7b84c40a7ed0cbab9187caa98b71e3af.ctex[39m[0m
[  40% ] [90m[1msavepack[22m | Storing File: res://assets/building/textures/T_ai_materials_tin_ceiling_d_albedo.png.import[39m[0m
[  40% ] [90m[1msavepack[22m | Storing File: res://.godot/imported/T_ai_materials_tin_ceiling_d_normal.png-7b0b186fed78d24527c61e7ea77418c2.ctex[39m[0m
[  40% ] [90m[1msavepack[22m | Storing File: res://assets/building/textures/T_ai_materials_tin_ceiling_d_normal.png.import[39m[0m
[  40% ] [90m[1msavepack[22m | Storing File: res://.godot/imported/T_ai_materials_tin_ceiling_d_rough.png-c7c6fe9ce1f0495d8f48381a938dd79c.ctex[39m[0m
[  40% ] [90m[1msavepack[22m | Storing File: res://assets/building/textures/T_ai_materials_tin_ceiling_d_rough.png.import[39m[0m
[  40% ] [90m[1msavepack[22m | Storing File: res://.godot/imported/T_ai_materials_tin_ceiling_normal.png-603e3a6c0390157de1ecbec931ca4193.ctex[39m[0m
[  40% ] [90m[1msavepack[22m | Storing File: res://assets/building/textures/T_ai_materials_tin_ceiling_normal.png.import[39m[0m
[  40% ] [90m[1msavepack[22m | Storing File: res://.godot/imported/T_ai_materials_tin_ceiling_rough.png-4ad24bdb879d9421f0d16adc65a996b2.ctex[39m[0m
[  40% ] [90m[1msavepack[22m | Storing File: res://assets/building/textures/T_ai_materials_tin_ceiling_rough.png.import[39m[0m
[  40% ] [90m[1msavepack[22m | Storing File: res://.godot/imported/T_ai_materials_trim_albedo.png-a24250c3154331a6d48ff3654b64c0aa.ctex[39m[0m
[  40% ] [90m[1msavepack[22m | Storing File: res://assets/building/textures/T_ai_materials_trim_albedo.png.import[39m[0m
[  40% ] [90m[1msavepack[22m | Storing File: res://.godot/imported/T_ai_materials_trim_b_albedo.png-441acffa3e278d4e64392230ed9e53e1.ctex[39m[0m
[  40% ] [90m[1msavepack[22m | Storing File: res://assets/building/textures/T_ai_materials_trim_b_albedo.png.import[39m[0m
[  40% ] [90m[1msavepack[22m | Storing File: res://.godot/imported/T_ai_materials_trim_b_normal.png-33e5124c0f24d930a9eb50d7b016cdfa.ctex[39m[0m
[  40% ] [90m[1msavepack[22m | Storing File: res://assets/building/textures/T_ai_materials_trim_b_normal.png.import[39m[0m
[  40% ] [90m[1msavepack[22m | Storing File: res://.godot/imported/T_ai_materials_trim_b_rough.png-6887850f6bea04c593a6075192033530.ctex[39m[0m
[  40% ] [90m[1msavepack[22m | Storing File: res://assets/building/textures/T_ai_materials_trim_b_rough.png.import[39m[0m
[  40% ] [90m[1msavepack[22m | Storing File: res://.godot/imported/T_ai_materials_trim_c_albedo.png-f3f6b08bda6878692d707fbea77bee01.ctex[39m[0m
[  40% ] [90m[1msavepack[22m | Storing File: res://assets/building/textures/T_ai_materials_trim_c_albedo.png.import[39m[0m
[  40% ] [90m[1msavepack[22m | Storing File: res://.godot/imported/T_ai_materials_trim_c_normal.png-37927f58ce1a66e6e8980262c37020c5.ctex[39m[0m
[  40% ] [90m[1msavepack[22m | Storing File: res://assets/building/textures/T_ai_materials_trim_c_normal.png.import[39m[0m
[  40% ] [90m[1msavepack[22m | Storing File: res://.godot/imported/T_ai_materials_trim_c_rough.png-c6e47d7fb7d0a2ad346b92ab77e3ba0e.ctex[39m[0m
[  40% ] [90m[1msavepack[22m | Storing File: res://assets/building/textures/T_ai_materials_trim_c_rough.png.import[39m[0m
[  40% ] [90m[1msavepack[22m | Storing File: res://.godot/imported/T_ai_materials_trim_normal.png-51a394f9fa0388826ede52026b6faf4b.ctex[39m[0m
[  40% ] [90m[1msavepack[22m | Storing File: res://assets/building/textures/T_ai_materials_trim_normal.png.import[39m[0m
[  40% ] [90m[1msavepack[22m | Storing File: res://.godot/imported/T_ai_materials_trim_rough.png-969f0669dd2603ac0877a6771e128f86.ctex[39m[0m
[  40% ] [90m[1msavepack[22m | Storing File: res://assets/building/textures/T_ai_materials_trim_rough.png.import[39m[0m
[  40% ] [90m[1msavepack[22m | Storing File: res://.godot/imported/T_ai_materials_vinyl_oxblood_b_albedo.png-1caf8baddbd386721d87ea98df5f8659.ctex[39m[0m
[  40% ] [90m[1msavepack[22m | Storing File: res://assets/building/textures/T_ai_materials_vinyl_oxblood_b_albedo.png.import[39m[0m
[  41% ] [90m[1msavepack[22m | Storing File: res://.godot/imported/T_ai_materials_vinyl_oxblood_b_normal.png-06bcf5a0c9107b001fbe9c3288594ad5.ctex[39m[0m
[  41% ] [90m[1msavepack[22m | Storing File: res://assets/building/textures/T_ai_materials_vinyl_oxblood_b_normal.png.import[39m[0m
[  41% ] [90m[1msavepack[22m | Storing File: res://.godot/imported/T_ai_materials_vinyl_oxblood_b_rough.png-65ebd662c8847f751ba7b8dcbc7b7fed.ctex[39m[0m
[  41% ] [90m[1msavepack[22m | Storing File: res://assets/building/textures/T_ai_materials_vinyl_oxblood_b_rough.png.import[39m[0m
[  41% ] [90m[1msavepack[22m | Storing File: res://.godot/imported/T_ai_materials_wainscot_albedo.png-9ed39962185856def468694c17ac61e5.ctex[39m[0m
[  41% ] [90m[1msavepack[22m | Storing File: res://assets/building/textures/T_ai_materials_wainscot_albedo.png.import[39m[0m
[  41% ] [90m[1msavepack[22m | Storing File: res://.godot/imported/T_ai_materials_wainscot_b_albedo.png-bdfe16afff50ef122017d8cd8be5bc37.ctex[39m[0m
[  41% ] [90m[1msavepack[22m | Storing File: res://assets/building/textures/T_ai_materials_wainscot_b_albedo.png.import[39m[0m
[  41% ] [90m[1msavepack[22m | Storing File: res://.godot/imported/T_ai_materials_wainscot_b_normal.png-795e5d25c95210be5dc0187b196dd95a.ctex[39m[0m
[  41% ] [90m[1msavepack[22m | Storing File: res://assets/building/textures/T_ai_materials_wainscot_b_normal.png.import[39m[0m
[  41% ] [90m[1msavepack[22m | Storing File: res://.godot/imported/T_ai_materials_wainscot_b_rough.png-f3ea798e19a5a163c8b53c814844988b.ctex[39m[0m
[  41% ] [90m[1msavepack[22m | Storing File: res://assets/building/textures/T_ai_materials_wainscot_b_rough.png.import[39m[0m
[  41% ] [90m[1msavepack[22m | Storing File: res://.godot/imported/T_ai_materials_wainscot_c_albedo.png-efb55e28bbbd955d80db7b5aaeb291f5.ctex[39m[0m
[  41% ] [90m[1msavepack[22m | Storing File: res://assets/building/textures/T_ai_materials_wainscot_c_albedo.png.import[39m[0m
[  41% ] [90m[1msavepack[22m | Storing File: res://.godot/imported/T_ai_materials_wainscot_c_normal.png-d19370c89c5e6abb87a88f14a1a97000.ctex[39m[0m
[  41% ] [90m[1msavepack[22m | Storing File: res://assets/building/textures/T_ai_materials_wainscot_c_normal.png.import[39m[0m
[  41% ] [90m[1msavepack[22m | Storing File: res://.godot/imported/T_ai_materials_wainscot_c_rough.png-e7fc0791380e475b34438b3e8ce36007.ctex[39m[0m
[  41% ] [90m[1msavepack[22m | Storing File: res://assets/building/textures/T_ai_materials_wainscot_c_rough.png.import[39m[0m
[  41% ] [90m[1msavepack[22m | Storing File: res://.godot/imported/T_ai_materials_wainscot_d_albedo.png-130d5d575020f3fa495ecc8381775db3.ctex[39m[0m
[  41% ] [90m[1msavepack[22m | Storing File: res://assets/building/textures/T_ai_materials_wainscot_d_albedo.png.import[39m[0m
[  41% ] [90m[1msavepack[22m | Storing File: res://.godot/imported/T_ai_materials_wainscot_d_normal.png-2034876967b13b4bf74a6d92cd6b5d3c.ctex[39m[0m
[  41% ] [90m[1msavepack[22m | Storing File: res://assets/building/textures/T_ai_materials_wainscot_d_normal.png.import[39m[0m
[  41% ] [90m[1msavepack[22m | Storing File: res://.godot/imported/T_ai_materials_wainscot_d_rough.png-5370fda96ace94cef975fddf7dc1a176.ctex[39m[0m
[  41% ] [90m[1msavepack[22m | Storing File: res://assets/building/textures/T_ai_materials_wainscot_d_rough.png.import[39m[0m
[  41% ] [90m[1msavepack[22m | Storing File: res://.godot/imported/T_ai_materials_wainscot_normal.png-282de968ababfd0d14a0e605abd31126.ctex[39m[0m
[  41% ] [90m[1msavepack[22m | Storing File: res://assets/building/textures/T_ai_materials_wainscot_normal.png.import[39m[0m
[  41% ] [90m[1msavepack[22m | Storing File: res://.godot/imported/T_ai_materials_wainscot_rough.png-6b9f2dec68cb3c4b6fef4a9a50eb8be1.ctex[39m[0m
[  41% ] [90m[1msavepack[22m | Storing File: res://assets/building/textures/T_ai_materials_wainscot_rough.png.import[39m[0m
[  41% ] [90m[1msavepack[22m | Storing File: res://.godot/imported/T_ai_materials_wainscot_worn_wainscot_albedo.png-962b7c623d7392cf03441dd05d1dd39d.ctex[39m[0m
[  41% ] [90m[1msavepack[22m | Storing File: res://assets/building/textures/T_ai_materials_wainscot_worn_wainscot_albedo.png.import[39m[0m
[  41% ] [90m[1msavepack[22m | Storing File: res://.godot/imported/T_ai_materials_wainscot_worn_wainscot_rough.png-e1843c057d46dc396d61002eeeee3992.ctex[39m[0m
[  41% ] [90m[1msavepack[22m | Storing File: res://assets/building/textures/T_ai_materials_wainscot_worn_wainscot_rough.png.import[39m[0m
[  41% ] [90m[1msavepack[22m | Storing File: res://.godot/imported/T_ai_materials_wet_asphalt_albedo.png-e7d1508c79469ea3a4ddcf8a80d3f2cf.ctex[39m[0m
[  41% ] [90m[1msavepack[22m | Storing File: res://assets/building/textures/T_ai_materials_wet_asphalt_albedo.png.import[39m[0m
[  41% ] [90m[1msavepack[22m | Storing File: res://.godot/imported/T_ai_materials_wet_asphalt_b_albedo.png-361b28759c58260364eebc4a2cecba7e.ctex[39m[0m
[  41% ] [90m[1msavepack[22m | Storing File: res://assets/building/textures/T_ai_materials_wet_asphalt_b_albedo.png.import[39m[0m
[  41% ] [90m[1msavepack[22m | Storing File: res://.godot/imported/T_ai_materials_wet_asphalt_b_normal.png-55c771ca3b291c0fc52db140fd756b94.ctex[39m[0m
[  41% ] [90m[1msavepack[22m | Storing File: res://assets/building/textures/T_ai_materials_wet_asphalt_b_normal.png.import[39m[0m
[  41% ] [90m[1msavepack[22m | Storing File: res://.godot/imported/T_ai_materials_wet_asphalt_b_rough.png-1f7d60c6e5aed0e9cf82edfaaa52d090.ctex[39m[0m
[  41% ] [90m[1msavepack[22m | Storing File: res://assets/building/textures/T_ai_materials_wet_asphalt_b_rough.png.import[39m[0m
[  41% ] [90m[1msavepack[22m | Storing File: res://.godot/imported/T_ai_materials_wet_asphalt_normal.png-182c856c4f976318a8a9dd1243252df7.ctex[39m[0m
[  41% ] [90m[1msavepack[22m | Storing File: res://assets/building/textures/T_ai_materials_wet_asphalt_normal.png.import[39m[0m
[  42% ] [90m[1msavepack[22m | Storing File: res://.godot/imported/T_ai_materials_wet_asphalt_rough.png-67a74167876d0ee469aa9f5212258b81.ctex[39m[0m
[  42% ] [90m[1msavepack[22m | Storing File: res://assets/building/textures/T_ai_materials_wet_asphalt_rough.png.import[39m[0m
[  42% ] [90m[1msavepack[22m | Storing File: res://.godot/imported/T_ai_materials_wood_dark_albedo.png-559e1718da9b470732246c84fc493a0f.ctex[39m[0m
[  42% ] [90m[1msavepack[22m | Storing File: res://assets/building/textures/T_ai_materials_wood_dark_albedo.png.import[39m[0m
[  42% ] [90m[1msavepack[22m | Storing File: res://.godot/imported/T_ai_materials_wood_dark_b_albedo.png-02739701ec626c283c259a19e579ab2e.ctex[39m[0m
[  42% ] [90m[1msavepack[22m | Storing File: res://assets/building/textures/T_ai_materials_wood_dark_b_albedo.png.import[39m[0m
[  42% ] [90m[1msavepack[22m | Storing File: res://.godot/imported/T_ai_materials_wood_dark_b_normal.png-8e7e968868e60454cce60c5f7665b77b.ctex[39m[0m
[  42% ] [90m[1msavepack[22m | Storing File: res://assets/building/textures/T_ai_materials_wood_dark_b_normal.png.import[39m[0m
[  42% ] [90m[1msavepack[22m | Storing File: res://.godot/imported/T_ai_materials_wood_dark_b_rough.png-f6ee1d159ba23f36685f2519abd45255.ctex[39m[0m
[  42% ] [90m[1msavepack[22m | Storing File: res://assets/building/textures/T_ai_materials_wood_dark_b_rough.png.import[39m[0m
[  42% ] [90m[1msavepack[22m | Storing File: res://.godot/imported/T_ai_materials_wood_dark_c_albedo.png-3856484a72a4c5c64328b2a6262d6c20.ctex[39m[0m
[  42% ] [90m[1msavepack[22m | Storing File: res://assets/building/textures/T_ai_materials_wood_dark_c_albedo.png.import[39m[0m
[  42% ] [90m[1msavepack[22m | Storing File: res://.godot/imported/T_ai_materials_wood_dark_c_normal.png-076bfab15722df9f62ea4d5429d83334.ctex[39m[0m
[  42% ] [90m[1msavepack[22m | Storing File: res://assets/building/textures/T_ai_materials_wood_dark_c_normal.png.import[39m[0m
[  42% ] [90m[1msavepack[22m | Storing File: res://.godot/imported/T_ai_materials_wood_dark_c_rough.png-14fa99aa972e593c0c2b917835d05ba2.ctex[39m[0m
[  42% ] [90m[1msavepack[22m | Storing File: res://assets/building/textures/T_ai_materials_wood_dark_c_rough.png.import[39m[0m
[  42% ] [90m[1msavepack[22m | Storing File: res://.godot/imported/T_ai_materials_wood_dark_normal.png-6405e12f172c5f64e0cefde71f19e3fe.ctex[39m[0m
[  42% ] [90m[1msavepack[22m | Storing File: res://assets/building/textures/T_ai_materials_wood_dark_normal.png.import[39m[0m
[  42% ] [90m[1msavepack[22m | Storing File: res://.godot/imported/T_ai_materials_wood_dark_rough.png-ef69a9b6e38bf2a45dc86689d3eca997.ctex[39m[0m
[  42% ] [90m[1msavepack[22m | Storing File: res://assets/building/textures/T_ai_materials_wood_dark_rough.png.import[39m[0m
[  42% ] [90m[1msavepack[22m | Storing File: res://.godot/imported/T_ai_materials_zinc_liner_albedo.png-91baded2005366014c3eff1b5477db5f.ctex[39m[0m
[  42% ] [90m[1msavepack[22m | Storing File: res://assets/building/textures/T_ai_materials_zinc_liner_albedo.png.import[39m[0m
[  42% ] [90m[1msavepack[22m | Storing File: res://.godot/imported/T_ai_materials_zinc_liner_normal.png-6ccf02dc53f7681e5cde963b0c9c51c9.ctex[39m[0m
[  42% ] [90m[1msavepack[22m | Storing File: res://assets/building/textures/T_ai_materials_zinc_liner_normal.png.import[39m[0m
[  42% ] [90m[1msavepack[22m | Storing File: res://.godot/imported/T_ai_materials_zinc_liner_rough.png-427bec6086040c4f49beecf3f6aa4371.ctex[39m[0m
[  42% ] [90m[1msavepack[22m | Storing File: res://assets/building/textures/T_ai_materials_zinc_liner_rough.png.import[39m[0m
[  42% ] [90m[1msavepack[22m | Storing File: res://.godot/imported/T_fx_fx_ao.png-35d4e991c43f086b8da6eaaf6114b9ca.ctex[39m[0m
[  42% ] [90m[1msavepack[22m | Storing File: res://assets/building/textures/T_fx_fx_ao.png.import[39m[0m
[  42% ] [90m[1msavepack[22m | Storing File: res://.godot/imported/T_fx_fx_burn.png-72ee2514abab1afa33d3155a37bc0417.ctex[39m[0m
[  42% ] [90m[1msavepack[22m | Storing File: res://assets/building/textures/T_fx_fx_burn.png.import[39m[0m
[  42% ] [90m[1msavepack[22m | Storing File: res://.godot/imported/T_fx_fx_burn_normal.png-59c058ca99ef91d2f4d1906cacfd74d5.ctex[39m[0m
[  42% ] [90m[1msavepack[22m | Storing File: res://assets/building/textures/T_fx_fx_burn_normal.png.import[39m[0m
[  42% ] [90m[1msavepack[22m | Storing File: res://.godot/imported/T_fx_fx_burn_rough.png-4307d8235663cd3c9ae35a1928192994.ctex[39m[0m
[  42% ] [90m[1msavepack[22m | Storing File: res://assets/building/textures/T_fx_fx_burn_rough.png.import[39m[0m
[  42% ] [90m[1msavepack[22m | Storing File: res://.godot/imported/T_fx_fx_ceiling_soffit_failed.png-ecd92569940c0f2d24b73e0dc14b6b0b.ctex[39m[0m
[  42% ] [90m[1msavepack[22m | Storing File: res://assets/building/textures/T_fx_fx_ceiling_soffit_failed.png.import[39m[0m
[  42% ] [90m[1msavepack[22m | Storing File: res://.godot/imported/T_fx_fx_ceiling_soffit_failed_normal.png-975be601d686e4f41d7fb0f22ab143d3.ctex[39m[0m
[  42% ] [90m[1msavepack[22m | Storing File: res://assets/building/textures/T_fx_fx_ceiling_soffit_failed_normal.png.import[39m[0m
[  42% ] [90m[1msavepack[22m | Storing File: res://.godot/imported/T_fx_fx_ceiling_soffit_failed_rough.png-ada7fa12d9093e95907015229a22b111.ctex[39m[0m
[  42% ] [90m[1msavepack[22m | Storing File: res://assets/building/textures/T_fx_fx_ceiling_soffit_failed_rough.png.import[39m[0m
[  43% ] [90m[1msavepack[22m | Storing File: res://.godot/imported/T_fx_fx_ceiling_soffit_test.png-2f6eb9b4da616c8ff287afcabbd6f44f.ctex[39m[0m
[  43% ] [90m[1msavepack[22m | Storing File: res://assets/building/textures/T_fx_fx_ceiling_soffit_test.png.import[39m[0m
[  43% ] [90m[1msavepack[22m | Storing File: res://.godot/imported/T_fx_fx_damp.png-03ed569d182c79c3cbf964cb180a6ba9.ctex[39m[0m
[  43% ] [90m[1msavepack[22m | Storing File: res://assets/building/textures/T_fx_fx_damp.png.import[39m[0m
[  43% ] [90m[1msavepack[22m | Storing File: res://.godot/imported/T_fx_fx_damp_normal.png-1cad432da939fec3abe5b3827a23465c.ctex[39m[0m
[  43% ] [90m[1msavepack[22m | Storing File: res://assets/building/textures/T_fx_fx_damp_normal.png.import[39m[0m
[  43% ] [90m[1msavepack[22m | Storing File: res://.godot/imported/T_fx_fx_damp_rough.png-5812dc7b1159e493b21bd5749c7f1e44.ctex[39m[0m
[  43% ] [90m[1msavepack[22m | Storing File: res://assets/building/textures/T_fx_fx_damp_rough.png.import[39m[0m
[  43% ] [90m[1msavepack[22m | Storing File: res://.godot/imported/T_fx_fx_drip.png-2d4c898147d0252f148a44600da9cd26.ctex[39m[0m
[  43% ] [90m[1msavepack[22m | Storing File: res://assets/building/textures/T_fx_fx_drip.png.import[39m[0m
[  43% ] [90m[1msavepack[22m | Storing File: res://.godot/imported/T_fx_fx_drip_normal.png-68ee5ac260cf88c27d06807cfe112330.ctex[39m[0m
[  43% ] [90m[1msavepack[22m | Storing File: res://assets/building/textures/T_fx_fx_drip_normal.png.import[39m[0m
[  43% ] [90m[1msavepack[22m | Storing File: res://.godot/imported/T_fx_fx_drip_rough.png-6246a50e66dc9881a06b0bc8815bbe03.ctex[39m[0m
[  43% ] [90m[1msavepack[22m | Storing File: res://assets/building/textures/T_fx_fx_drip_rough.png.import[39m[0m
[  43% ] [90m[1msavepack[22m | Storing File: res://.godot/imported/T_fx_fx_grease.png-ffbb1a1f7f777ffe21e61263ca7ebaf1.ctex[39m[0m
[  43% ] [90m[1msavepack[22m | Storing File: res://assets/building/textures/T_fx_fx_grease.png.import[39m[0m
[  43% ] [90m[1msavepack[22m | Storing File: res://.godot/imported/T_fx_fx_grease_normal.png-7918b42fef2ad3aab76bc77f4e266fe0.ctex[39m[0m
[  43% ] [90m[1msavepack[22m | Storing File: res://assets/building/textures/T_fx_fx_grease_normal.png.import[39m[0m
[  43% ] [90m[1msavepack[22m | Storing File: res://.godot/imported/T_fx_fx_grease_rough.png-0ca82726716d710de812b48b71739b44.ctex[39m[0m
[  43% ] [90m[1msavepack[22m | Storing File: res://assets/building/textures/T_fx_fx_grease_rough.png.import[39m[0m
[  43% ] [90m[1msavepack[22m | Storing File: res://.godot/imported/T_fx_fx_patch.png-a18ec92bbafdd777cc6dbeb315668e66.ctex[39m[0m
[  43% ] [90m[1msavepack[22m | Storing File: res://assets/building/textures/T_fx_fx_patch.png.import[39m[0m
[  43% ] [90m[1msavepack[22m | Storing File: res://.godot/imported/T_fx_fx_patch_normal.png-e9baafb4d1efd0086989d1b040bb44b4.ctex[39m[0m
[  43% ] [90m[1msavepack[22m | Storing File: res://assets/building/textures/T_fx_fx_patch_normal.png.import[39m[0m
[  43% ] [90m[1msavepack[22m | Storing File: res://.godot/imported/T_fx_fx_patch_rough.png-dd494e5ef258e747bcac091936fdda2d.ctex[39m[0m
[  43% ] [90m[1msavepack[22m | Storing File: res://assets/building/textures/T_fx_fx_patch_rough.png.import[39m[0m
[  43% ] [90m[1msavepack[22m | Storing File: res://.godot/imported/T_fx_fx_scuff.png-3337272242a4cc7b52056e443974dfe6.ctex[39m[0m
[  43% ] [90m[1msavepack[22m | Storing File: res://assets/building/textures/T_fx_fx_scuff.png.import[39m[0m
[  43% ] [90m[1msavepack[22m | Storing File: res://.godot/imported/T_fx_fx_scuff_normal.png-d9c791ffa61779f8e646a3dd86b104d7.ctex[39m[0m
[  43% ] [90m[1msavepack[22m | Storing File: res://assets/building/textures/T_fx_fx_scuff_normal.png.import[39m[0m
[  43% ] [90m[1msavepack[22m | Storing File: res://.godot/imported/T_fx_fx_scuff_rough.png-079ee87ba232e74d19fd8450ffe538eb.ctex[39m[0m
[  43% ] [90m[1msavepack[22m | Storing File: res://assets/building/textures/T_fx_fx_scuff_rough.png.import[39m[0m
[  43% ] [90m[1msavepack[22m | Storing File: res://.godot/imported/T_fx_fx_shadow.png-8261fd3164708026234d7da6e23e86e2.ctex[39m[0m
[  43% ] [90m[1msavepack[22m | Storing File: res://assets/building/textures/T_fx_fx_shadow.png.import[39m[0m
[  43% ] [90m[1msavepack[22m | Storing File: res://.godot/imported/T_fx_fx_traffic.png-f760afa13a2c55c3f9d4c2c7cfab5a71.ctex[39m[0m
[  43% ] [90m[1msavepack[22m | Storing File: res://assets/building/textures/T_fx_fx_traffic.png.import[39m[0m
[  43% ] [90m[1msavepack[22m | Storing File: res://.godot/imported/T_fx_fx_traffic_normal.png-a086dddd10920b34ec39a12cbf7b6a62.ctex[39m[0m
[  43% ] [90m[1msavepack[22m | Storing File: res://assets/building/textures/T_fx_fx_traffic_normal.png.import[39m[0m
[  43% ] [90m[1msavepack[22m | Storing File: res://.godot/imported/T_fx_fx_traffic_rough.png-ba36b20e02fd711febbe4ace9eef912c.ctex[39m[0m
[  43% ] [90m[1msavepack[22m | Storing File: res://assets/building/textures/T_fx_fx_traffic_rough.png.import[39m[0m
[  43% ] [90m[1msavepack[22m | Storing File: res://.godot/imported/T_generated_blind_slat_albedo.png-3c8ee5e2e29c845a1b07f8d9a4c27abb.ctex[39m[0m
[  43% ] [90m[1msavepack[22m | Storing File: res://assets/building/textures/T_generated_blind_slat_albedo.png.import[39m[0m
[  44% ] [90m[1msavepack[22m | Storing File: res://.godot/imported/T_generated_blind_slat_normal.png-aeace9a425cafb5de48e63d2b0b44ec0.ctex[39m[0m
[  44% ] [90m[1msavepack[22m | Storing File: res://assets/building/textures/T_generated_blind_slat_normal.png.import[39m[0m
[  44% ] [90m[1msavepack[22m | Storing File: res://.godot/imported/T_generated_blind_slat_rough.png-cc1f33f838057ee0a150d709f78fb20e.ctex[39m[0m
[  44% ] [90m[1msavepack[22m | Storing File: res://assets/building/textures/T_generated_blind_slat_rough.png.import[39m[0m
[  44% ] [90m[1msavepack[22m | Storing File: res://.godot/imported/T_generated_brick_albedo.png-cdb1c9165705a5d4353438c99701f8b1.ctex[39m[0m
[  44% ] [90m[1msavepack[22m | Storing File: res://assets/building/textures/T_generated_brick_albedo.png.import[39m[0m
[  44% ] [90m[1msavepack[22m | Storing File: res://.godot/imported/T_generated_brick_normal.png-d3eb7afcf5c7e8c2f1130cd5f65e92a2.ctex[39m[0m
[  44% ] [90m[1msavepack[22m | Storing File: res://assets/building/textures/T_generated_brick_normal.png.import[39m[0m
[  44% ] [90m[1msavepack[22m | Storing File: res://.godot/imported/T_generated_brick_rough.png-90cd86b6847a01592abdca20e094e30b.ctex[39m[0m
[  44% ] [90m[1msavepack[22m | Storing File: res://assets/building/textures/T_generated_brick_rough.png.import[39m[0m
[  44% ] [90m[1msavepack[22m | Storing File: res://.godot/imported/T_generated_common_brick_albedo.png-74a66e4b779803732be16b8a1ba66adb.ctex[39m[0m
[  44% ] [90m[1msavepack[22m | Storing File: res://assets/building/textures/T_generated_common_brick_albedo.png.import[39m[0m
[  44% ] [90m[1msavepack[22m | Storing File: res://.godot/imported/T_generated_common_brick_normal.png-c053f289c0f3691a1239f3c39885c5c5.ctex[39m[0m
[  44% ] [90m[1msavepack[22m | Storing File: res://assets/building/textures/T_generated_common_brick_normal.png.import[39m[0m
[  44% ] [90m[1msavepack[22m | Storing File: res://.godot/imported/T_generated_common_brick_rough.png-28463ead540907642421712e22abf121.ctex[39m[0m
[  44% ] [90m[1msavepack[22m | Storing File: res://assets/building/textures/T_generated_common_brick_rough.png.import[39m[0m
[  44% ] [90m[1msavepack[22m | Storing File: res://.godot/imported/T_generated_concrete_albedo.png-13028d3c565b5fe4a26134fafef8f013.ctex[39m[0m
[  44% ] [90m[1msavepack[22m | Storing File: res://assets/building/textures/T_generated_concrete_albedo.png.import[39m[0m
[  44% ] [90m[1msavepack[22m | Storing File: res://.godot/imported/T_generated_concrete_normal.png-1a3f697baf5fc2f54b78991b418bd881.ctex[39m[0m
[  44% ] [90m[1msavepack[22m | Storing File: res://assets/building/textures/T_generated_concrete_normal.png.import[39m[0m
[  44% ] [90m[1msavepack[22m | Storing File: res://.godot/imported/T_generated_concrete_rough.png-8f60d90673be27bc4686a1a046c27afb.ctex[39m[0m
[  44% ] [90m[1msavepack[22m | Storing File: res://assets/building/textures/T_generated_concrete_rough.png.import[39m[0m
[  44% ] [90m[1msavepack[22m | Storing File: res://.godot/imported/T_generated_concrete_worn_concrete_albedo.png-5f1dcec1407f01301b2b5db79b846f24.ctex[39m[0m
[  44% ] [90m[1msavepack[22m | Storing File: res://assets/building/textures/T_generated_concrete_worn_concrete_albedo.png.import[39m[0m
[  44% ] [90m[1msavepack[22m | Storing File: res://.godot/imported/T_generated_concrete_worn_concrete_rough.png-48d338c79e06273a3ae7f913a93c5d80.ctex[39m[0m
[  44% ] [90m[1msavepack[22m | Storing File: res://assets/building/textures/T_generated_concrete_worn_concrete_rough.png.import[39m[0m
[  44% ] [90m[1msavepack[22m | Storing File: res://.godot/imported/T_generated_fabric_cool_albedo.png-79a118ba2ba29370de68cdaba6d30e67.ctex[39m[0m
[  44% ] [90m[1msavepack[22m | Storing File: res://assets/building/textures/T_generated_fabric_cool_albedo.png.import[39m[0m
[  44% ] [90m[1msavepack[22m | Storing File: res://.godot/imported/T_generated_fabric_cool_normal.png-55ab52e737bc783f0bad0dc31400c383.ctex[39m[0m
[  44% ] [90m[1msavepack[22m | Storing File: res://assets/building/textures/T_generated_fabric_cool_normal.png.import[39m[0m
[  44% ] [90m[1msavepack[22m | Storing File: res://.godot/imported/T_generated_fabric_cool_rough.png-172d2c89e8521972729ba5f11f1db81a.ctex[39m[0m
[  44% ] [90m[1msavepack[22m | Storing File: res://assets/building/textures/T_generated_fabric_cool_rough.png.import[39m[0m
[  44% ] [90m[1msavepack[22m | Storing File: res://.godot/imported/T_generated_face_brick_albedo.png-bd286a25d78dce54f8ecdec3f81ee191.ctex[39m[0m
[  44% ] [90m[1msavepack[22m | Storing File: res://assets/building/textures/T_generated_face_brick_albedo.png.import[39m[0m
[  44% ] [90m[1msavepack[22m | Storing File: res://.godot/imported/T_generated_face_brick_normal.png-26deb4874e41cbb4cf8862a353a07d97.ctex[39m[0m
[  44% ] [90m[1msavepack[22m | Storing File: res://assets/building/textures/T_generated_face_brick_normal.png.import[39m[0m
[  44% ] [90m[1msavepack[22m | Storing File: res://.godot/imported/T_generated_face_brick_rough.png-acc9d6ab5a2f9d53a509acf1f4ad6e47.ctex[39m[0m
[  44% ] [90m[1msavepack[22m | Storing File: res://assets/building/textures/T_generated_face_brick_rough.png.import[39m[0m
[  44% ] [90m[1msavepack[22m | Storing File: res://.godot/imported/T_generated_floor_oak_albedo.png-a6f0118c3ab6864e23d3692aa99edec6.ctex[39m[0m
[  44% ] [90m[1msavepack[22m | Storing File: res://assets/building/textures/T_generated_floor_oak_albedo.png.import[39m[0m
[  45% ] [90m[1msavepack[22m | Storing File: res://.godot/imported/T_generated_floor_oak_normal.png-069d4b930a68356129a78664f0f69073.ctex[39m[0m
[  45% ] [90m[1msavepack[22m | Storing File: res://assets/building/textures/T_generated_floor_oak_normal.png.import[39m[0m
[  45% ] [90m[1msavepack[22m | Storing File: res://.godot/imported/T_generated_floor_oak_rough.png-fbee26fbdc6735f1c95aae6b97f9adaa.ctex[39m[0m
[  45% ] [90m[1msavepack[22m | Storing File: res://assets/building/textures/T_generated_floor_oak_rough.png.import[39m[0m
[  45% ] [90m[1msavepack[22m | Storing File: res://.godot/imported/T_generated_limestone_albedo.png-8e1a4830885bb9871bf702b10027968b.ctex[39m[0m
[  45% ] [90m[1msavepack[22m | Storing File: res://assets/building/textures/T_generated_limestone_albedo.png.import[39m[0m
[  45% ] [90m[1msavepack[22m | Storing File: res://.godot/imported/T_generated_limestone_normal.png-e59d52368d77b9f934cd3501c1bb29e8.ctex[39m[0m
[  45% ] [90m[1msavepack[22m | Storing File: res://assets/building/textures/T_generated_limestone_normal.png.import[39m[0m
[  45% ] [90m[1msavepack[22m | Storing File: res://.godot/imported/T_generated_limestone_rough.png-4e17787378265bfb5473e21727d5fbea.ctex[39m[0m
[  45% ] [90m[1msavepack[22m | Storing File: res://assets/building/textures/T_generated_limestone_rough.png.import[39m[0m
[  45% ] [90m[1msavepack[22m | Storing File: res://.godot/imported/T_generated_linen_albedo.png-25d1a5ae2c8bfd2bd10359e2f3ac4259.ctex[39m[0m
[  45% ] [90m[1msavepack[22m | Storing File: res://assets/building/textures/T_generated_linen_albedo.png.import[39m[0m
[  45% ] [90m[1msavepack[22m | Storing File: res://.godot/imported/T_generated_linen_normal.png-747ce8cfc23322a37e1cda89947b2457.ctex[39m[0m
[  45% ] [90m[1msavepack[22m | Storing File: res://assets/building/textures/T_generated_linen_normal.png.import[39m[0m
[  45% ] [90m[1msavepack[22m | Storing File: res://.godot/imported/T_generated_linen_rough.png-f9c988fe7fbc679c5638577c39cf6767.ctex[39m[0m
[  45% ] [90m[1msavepack[22m | Storing File: res://assets/building/textures/T_generated_linen_rough.png.import[39m[0m
[  45% ] [90m[1msavepack[22m | Storing File: res://.godot/imported/T_generated_plaster_albedo.png-4434174f52e01c7ee9ce3d6632da7d82.ctex[39m[0m
[  45% ] [90m[1msavepack[22m | Storing File: res://assets/building/textures/T_generated_plaster_albedo.png.import[39m[0m
[  45% ] [90m[1msavepack[22m | Storing File: res://.godot/imported/T_generated_plaster_normal.png-6ff3fb5d252e96dcf7d30dfb205297af.ctex[39m[0m
[  45% ] [90m[1msavepack[22m | Storing File: res://assets/building/textures/T_generated_plaster_normal.png.import[39m[0m
[  45% ] [90m[1msavepack[22m | Storing File: res://.godot/imported/T_generated_plaster_rough.png-26ce0e15ecb070a9b397a575f5ddae9a.ctex[39m[0m
[  45% ] [90m[1msavepack[22m | Storing File: res://assets/building/textures/T_generated_plaster_rough.png.import[39m[0m
[  45% ] [90m[1msavepack[22m | Storing File: res://.godot/imported/T_generated_plaster_worn_plaster_albedo.png-89833b417a14b787586bc07753f0012d.ctex[39m[0m
[  45% ] [90m[1msavepack[22m | Storing File: res://assets/building/textures/T_generated_plaster_worn_plaster_albedo.png.import[39m[0m
[  45% ] [90m[1msavepack[22m | Storing File: res://.godot/imported/T_generated_plaster_worn_plaster_rough.png-6c9d794602862e0610533e4c989bdf58.ctex[39m[0m
[  45% ] [90m[1msavepack[22m | Storing File: res://assets/building/textures/T_generated_plaster_worn_plaster_rough.png.import[39m[0m
[  45% ] [90m[1msavepack[22m | Storing File: res://.godot/imported/T_generated_road_paint_albedo.png-ba97d3f3392dd9c2dff9885198e5b6da.ctex[39m[0m
[  45% ] [90m[1msavepack[22m | Storing File: res://assets/building/textures/T_generated_road_paint_albedo.png.import[39m[0m
[  45% ] [90m[1msavepack[22m | Storing File: res://.godot/imported/T_generated_road_paint_normal.png-c365cacb02d135432a2ce31fd382db75.ctex[39m[0m
[  45% ] [90m[1msavepack[22m | Storing File: res://assets/building/textures/T_generated_road_paint_normal.png.import[39m[0m
[  45% ] [90m[1msavepack[22m | Storing File: res://.godot/imported/T_generated_road_paint_rough.png-57cdf28ed4487064ad51b02d4c06cd42.ctex[39m[0m
[  45% ] [90m[1msavepack[22m | Storing File: res://assets/building/textures/T_generated_road_paint_rough.png.import[39m[0m
[  45% ] [90m[1msavepack[22m | Storing File: res://.godot/imported/T_generated_sash_albedo.png-0aac49fb6b2510a70402b9352c719763.ctex[39m[0m
[  45% ] [90m[1msavepack[22m | Storing File: res://assets/building/textures/T_generated_sash_albedo.png.import[39m[0m
[  45% ] [90m[1msavepack[22m | Storing File: res://.godot/imported/T_generated_sash_normal.png-c6f91f2ef87d2cf117bb554180faf649.ctex[39m[0m
[  45% ] [90m[1msavepack[22m | Storing File: res://assets/building/textures/T_generated_sash_normal.png.import[39m[0m
[  45% ] [90m[1msavepack[22m | Storing File: res://.godot/imported/T_generated_sash_rough.png-0671c2e214af1b22c92f0613551ca51e.ctex[39m[0m
[  45% ] [90m[1msavepack[22m | Storing File: res://assets/building/textures/T_generated_sash_rough.png.import[39m[0m
[  45% ] [90m[1msavepack[22m | Storing File: res://.godot/imported/T_generated_slab_albedo.png-099cc60f0cf936cc8ef1f2bc7dd0977a.ctex[39m[0m
[  45% ] [90m[1msavepack[22m | Storing File: res://assets/building/textures/T_generated_slab_albedo.png.import[39m[0m
[  45% ] [90m[1msavepack[22m | Storing File: res://.godot/imported/T_generated_slab_normal.png-9e16cc675e7136e1b59ae920f3782948.ctex[39m[0m
[  45% ] [90m[1msavepack[22m | Storing File: res://assets/building/textures/T_generated_slab_normal.png.import[39m[0m
[  46% ] [90m[1msavepack[22m | Storing File: res://.godot/imported/T_generated_slab_rough.png-1bc9b4e0dd38906204fef4430ab804da.ctex[39m[0m
[  46% ] [90m[1msavepack[22m | Storing File: res://assets/building/textures/T_generated_slab_rough.png.import[39m[0m
[  46% ] [90m[1msavepack[22m | Storing File: res://.godot/imported/T_generated_soil_albedo.png-4a55f32eda9d80305f1bee3fdc64565f.ctex[39m[0m
[  46% ] [90m[1msavepack[22m | Storing File: res://assets/building/textures/T_generated_soil_albedo.png.import[39m[0m
[  46% ] [90m[1msavepack[22m | Storing File: res://.godot/imported/T_generated_soil_normal.png-b634079dde61b4576228f1f895f251a7.ctex[39m[0m
[  46% ] [90m[1msavepack[22m | Storing File: res://assets/building/textures/T_generated_soil_normal.png.import[39m[0m
[  46% ] [90m[1msavepack[22m | Storing File: res://.godot/imported/T_generated_soil_rough.png-80fcf7ba41f966f9ddd1bbc56639421c.ctex[39m[0m
[  46% ] [90m[1msavepack[22m | Storing File: res://assets/building/textures/T_generated_soil_rough.png.import[39m[0m
[  46% ] [90m[1msavepack[22m | Storing File: res://.godot/imported/T_generated_soot_normal.png-2e2c4255e0775d4dde56a7dc44909450.ctex[39m[0m
[  46% ] [90m[1msavepack[22m | Storing File: res://assets/building/textures/T_generated_soot_normal.png.import[39m[0m
[  46% ] [90m[1msavepack[22m | Storing File: res://.godot/imported/T_generated_soot_worn_soot_albedo.png-45807685a24376afec9266a42984fdc8.ctex[39m[0m
[  46% ] [90m[1msavepack[22m | Storing File: res://assets/building/textures/T_generated_soot_worn_soot_albedo.png.import[39m[0m
[  46% ] [90m[1msavepack[22m | Storing File: res://.godot/imported/T_generated_soot_worn_soot_rough.png-974b4b17665f7be42e4f061ecfc36fa4.ctex[39m[0m
[  46% ] [90m[1msavepack[22m | Storing File: res://assets/building/textures/T_generated_soot_worn_soot_rough.png.import[39m[0m
[  46% ] [90m[1msavepack[22m | Storing File: res://.godot/imported/T_generated_stair_albedo.png-03b9f57b49f47fdacbf39681e5958edb.ctex[39m[0m
[  46% ] [90m[1msavepack[22m | Storing File: res://assets/building/textures/T_generated_stair_albedo.png.import[39m[0m
[  46% ] [90m[1msavepack[22m | Storing File: res://.godot/imported/T_generated_stair_normal.png-28451932bc3e38416897346df5019194.ctex[39m[0m
[  46% ] [90m[1msavepack[22m | Storing File: res://assets/building/textures/T_generated_stair_normal.png.import[39m[0m
[  46% ] [90m[1msavepack[22m | Storing File: res://.godot/imported/T_generated_stair_rough.png-00898379bf8e4d22dc444adc2fadeb7e.ctex[39m[0m
[  46% ] [90m[1msavepack[22m | Storing File: res://assets/building/textures/T_generated_stair_rough.png.import[39m[0m
[  46% ] [90m[1msavepack[22m | Storing File: res://.godot/imported/T_generated_terracotta_albedo.png-ef16d35eeeea33c9a5f323e9c57eaf04.ctex[39m[0m
[  46% ] [90m[1msavepack[22m | Storing File: res://assets/building/textures/T_generated_terracotta_albedo.png.import[39m[0m
[  46% ] [90m[1msavepack[22m | Storing File: res://.godot/imported/T_generated_terracotta_normal.png-15e0af844050083c42a9171533315357.ctex[39m[0m
[  46% ] [90m[1msavepack[22m | Storing File: res://assets/building/textures/T_generated_terracotta_normal.png.import[39m[0m
[  46% ] [90m[1msavepack[22m | Storing File: res://.godot/imported/T_generated_terracotta_rough.png-85e8dc9a699366b41360cad391749b90.ctex[39m[0m
[  46% ] [90m[1msavepack[22m | Storing File: res://assets/building/textures/T_generated_terracotta_rough.png.import[39m[0m
[  46% ] [90m[1msavepack[22m | Storing File: res://.godot/imported/T_generated_terrazzo_albedo.png-0780432e2d10cea564a38e6a36d21eac.ctex[39m[0m
[  46% ] [90m[1msavepack[22m | Storing File: res://assets/building/textures/T_generated_terrazzo_albedo.png.import[39m[0m
[  46% ] [90m[1msavepack[22m | Storing File: res://.godot/imported/T_generated_terrazzo_normal.png-c410dde30f3ffde655075b25b77cf109.ctex[39m[0m
[  46% ] [90m[1msavepack[22m | Storing File: res://assets/building/textures/T_generated_terrazzo_normal.png.import[39m[0m
[  46% ] [90m[1msavepack[22m | Storing File: res://.godot/imported/T_generated_terrazzo_rough.png-cc546142a10336c61c7b515cc3f4b704.ctex[39m[0m
[  46% ] [90m[1msavepack[22m | Storing File: res://assets/building/textures/T_generated_terrazzo_rough.png.import[39m[0m
[  46% ] [90m[1msavepack[22m | Storing File: res://.godot/imported/T_generated_timber_albedo.png-24fdcc90467c6f89cffe63b479358e54.ctex[39m[0m
[  46% ] [90m[1msavepack[22m | Storing File: res://assets/building/textures/T_generated_timber_albedo.png.import[39m[0m
[  46% ] [90m[1msavepack[22m | Storing File: res://.godot/imported/T_generated_timber_normal.png-0c6acddc3fd9713813747316c4e6d6da.ctex[39m[0m
[  46% ] [90m[1msavepack[22m | Storing File: res://assets/building/textures/T_generated_timber_normal.png.import[39m[0m
[  46% ] [90m[1msavepack[22m | Storing File: res://.godot/imported/T_generated_timber_rough.png-2807475429a118365911433148cb54d1.ctex[39m[0m
[  46% ] [90m[1msavepack[22m | Storing File: res://assets/building/textures/T_generated_timber_rough.png.import[39m[0m
[  46% ] [90m[1msavepack[22m | Storing File: res://.godot/imported/T_generated_wainscot_normal.png-b7c8fee922d2f94969f3ee3523805d09.ctex[39m[0m
[  46% ] [90m[1msavepack[22m | Storing File: res://assets/building/textures/T_generated_wainscot_normal.png.import[39m[0m
[  46% ] [90m[1msavepack[22m | Storing File: res://.godot/imported/T_generated_wainscot_worn_wainscot_albedo.png-7b78e81a9d52aa57a16b9aad4dfe818c.ctex[39m[0m
[  46% ] [90m[1msavepack[22m | Storing File: res://assets/building/textures/T_generated_wainscot_worn_wainscot_albedo.png.import[39m[0m
[  47% ] [90m[1msavepack[22m | Storing File: res://.godot/imported/T_generated_wainscot_worn_wainscot_rough.png-b2f6fd5da5c50d2e829b6bc3452e94b2.ctex[39m[0m
[  47% ] [90m[1msavepack[22m | Storing File: res://assets/building/textures/T_generated_wainscot_worn_wainscot_rough.png.import[39m[0m
[  47% ] [90m[1msavepack[22m | Storing File: res://.godot/imported/T_glass_normal.png-7a623a73b4acd556c327793156c0493c.ctex[39m[0m
[  47% ] [90m[1msavepack[22m | Storing File: res://assets/building/textures/T_glass_normal.png.import[39m[0m
[  47% ] [90m[1msavepack[22m | Storing File: res://.godot/imported/T_glass_rough.png-c797fed12cff93ae0344dc05ff3fbd82.ctex[39m[0m
[  47% ] [90m[1msavepack[22m | Storing File: res://assets/building/textures/T_glass_rough.png.import[39m[0m
[  47% ] [90m[1msavepack[22m | Storing File: res://.godot/imported/T_library_appliances_aged_enamel_normal.png-be6702b1c41c829afe392000a738bbd6.s3tc.ctex[39m[0m
[  47% ] [90m[1msavepack[22m | Storing File: res://assets/building/textures/T_library_appliances_aged_enamel_normal.png.import[39m[0m
[  47% ] [90m[1msavepack[22m | Storing File: res://.godot/imported/T_library_appliances_aged_enamel_worn_appliance_albedo.png-2f2c608bd46d148bbd3b7a79f73b58ed.ctex[39m[0m
[  47% ] [90m[1msavepack[22m | Storing File: res://assets/building/textures/T_library_appliances_aged_enamel_worn_appliance_albedo.png.import[39m[0m
[  47% ] [90m[1msavepack[22m | Storing File: res://.godot/imported/T_library_appliances_aged_enamel_worn_appliance_rough.png-9f6cf53929fd9eac4c050ee2537c1cdd.ctex[39m[0m
[  47% ] [90m[1msavepack[22m | Storing File: res://assets/building/textures/T_library_appliances_aged_enamel_worn_appliance_rough.png.import[39m[0m
[  47% ] [90m[1msavepack[22m | Storing File: res://.godot/imported/T_library_appliances_aged_enamel_worn_enamel_albedo.png-b1edfe90caffce39949b567e79629fa3.ctex[39m[0m
[  47% ] [90m[1msavepack[22m | Storing File: res://assets/building/textures/T_library_appliances_aged_enamel_worn_enamel_albedo.png.import[39m[0m
[  47% ] [90m[1msavepack[22m | Storing File: res://.godot/imported/T_library_appliances_aged_enamel_worn_enamel_rough.png-ca625f4755fcbfc04646fff2a6e51d9b.s3tc.ctex[39m[0m
[  47% ] [90m[1msavepack[22m | Storing File: res://assets/building/textures/T_library_appliances_aged_enamel_worn_enamel_rough.png.import[39m[0m
[  47% ] [90m[1msavepack[22m | Storing File: res://.godot/imported/T_library_appliances_bakelite_albedo.png-46402ef6fac276ba35663f34d8b8351e.ctex[39m[0m
[  47% ] [90m[1msavepack[22m | Storing File: res://assets/building/textures/T_library_appliances_bakelite_albedo.png.import[39m[0m
[  47% ] [90m[1msavepack[22m | Storing File: res://.godot/imported/T_library_appliances_bakelite_normal.png-abeed6abc0fecb440f5473f1237ea12d.ctex[39m[0m
[  47% ] [90m[1msavepack[22m | Storing File: res://assets/building/textures/T_library_appliances_bakelite_normal.png.import[39m[0m
[  47% ] [90m[1msavepack[22m | Storing File: res://.godot/imported/T_library_appliances_bakelite_rough.png-47bd9bd9c296e0da71dbc399818139e1.ctex[39m[0m
[  47% ] [90m[1msavepack[22m | Storing File: res://assets/building/textures/T_library_appliances_bakelite_rough.png.import[39m[0m
[  47% ] [90m[1msavepack[22m | Storing File: res://.godot/imported/T_library_appliances_brushed_steel_albedo.png-177206743763bc07bc5cf9f1274d183e.s3tc.ctex[39m[0m
[  47% ] [90m[1msavepack[22m | Storing File: res://assets/building/textures/T_library_appliances_brushed_steel_albedo.png.import[39m[0m
[  47% ] [90m[1msavepack[22m | Storing File: res://.godot/imported/T_library_appliances_brushed_steel_normal.png-f8b8d544cee73236dbdfca87af5e5ec5.s3tc.ctex[39m[0m
[  47% ] [90m[1msavepack[22m | Storing File: res://assets/building/textures/T_library_appliances_brushed_steel_normal.png.import[39m[0m
[  47% ] [90m[1msavepack[22m | Storing File: res://.godot/imported/T_library_appliances_brushed_steel_rough.png-4c8c52614a5f2d8ec0afe39ba3e069eb.s3tc.ctex[39m[0m
[  47% ] [90m[1msavepack[22m | Storing File: res://assets/building/textures/T_library_appliances_brushed_steel_rough.png.import[39m[0m
[  47% ] [90m[1msavepack[22m | Storing File: res://.godot/imported/T_library_appliances_galvanized_metal_normal.png-304b9a3634b3ee78f216e936acaadb71.ctex[39m[0m
[  47% ] [90m[1msavepack[22m | Storing File: res://assets/building/textures/T_library_appliances_galvanized_metal_normal.png.import[39m[0m
[  47% ] [90m[1msavepack[22m | Storing File: res://.godot/imported/T_library_appliances_galvanized_metal_worn_metal_albedo.png-0e65725f039934d0e52144a560b63b64.ctex[39m[0m
[  47% ] [90m[1msavepack[22m | Storing File: res://assets/building/textures/T_library_appliances_galvanized_metal_worn_metal_albedo.png.import[39m[0m
[  47% ] [90m[1msavepack[22m | Storing File: res://.godot/imported/T_library_appliances_galvanized_metal_worn_metal_rough.png-3ce7d1a7640581cc5ddd8c689701dd1d.ctex[39m[0m
[  47% ] [90m[1msavepack[22m | Storing File: res://assets/building/textures/T_library_appliances_galvanized_metal_worn_metal_rough.png.import[39m[0m
[  47% ] [90m[1msavepack[22m | Storing File: res://.godot/imported/T_library_architectural_aged_countertop_albedo.png-8ea5424bd9e2d2a73de370ed3e63d45f.ctex[39m[0m
[  47% ] [90m[1msavepack[22m | Storing File: res://assets/building/textures/T_library_architectural_aged_countertop_albedo.png.import[39m[0m
[  47% ] [90m[1msavepack[22m | Storing File: res://.godot/imported/T_library_architectural_aged_countertop_normal.png-8df416bc5e90d73578b8e2b1474315c0.ctex[39m[0m
[  47% ] [90m[1msavepack[22m | Storing File: res://assets/building/textures/T_library_architectural_aged_countertop_normal.png.import[39m[0m
[  47% ] [90m[1msavepack[22m | Storing File: res://.godot/imported/T_library_architectural_aged_countertop_rough.png-9938a383fec7827404beac793126379b.ctex[39m[0m
[  47% ] [90m[1msavepack[22m | Storing File: res://assets/building/textures/T_library_architectural_aged_countertop_rough.png.import[39m[0m
[  48% ] [90m[1msavepack[22m | Storing File: res://.godot/imported/T_library_architectural_ceramic_tile_albedo.png-044eab229dd5720c3778ca612e6a51e1.ctex[39m[0m
[  48% ] [90m[1msavepack[22m | Storing File: res://assets/building/textures/T_library_architectural_ceramic_tile_albedo.png.import[39m[0m
[  48% ] [90m[1msavepack[22m | Storing File: res://.godot/imported/T_library_architectural_ceramic_tile_normal.png-70e6944687dae131e5b6bdfaa4632e3f.ctex[39m[0m
[  48% ] [90m[1msavepack[22m | Storing File: res://assets/building/textures/T_library_architectural_ceramic_tile_normal.png.import[39m[0m
[  48% ] [90m[1msavepack[22m | Storing File: res://.godot/imported/T_library_architectural_ceramic_tile_rough.png-c592a61e7e0328a56b9aaad342853eb9.ctex[39m[0m
[  48% ] [90m[1msavepack[22m | Storing File: res://assets/building/textures/T_library_architectural_ceramic_tile_rough.png.import[39m[0m
[  48% ] [90m[1msavepack[22m | Storing File: res://.godot/imported/T_library_architectural_haunted_wallpaper_albedo.png-7b4ec112981c400b9d3e782dd07d4530.ctex[39m[0m
[  48% ] [90m[1msavepack[22m | Storing File: res://assets/building/textures/T_library_architectural_haunted_wallpaper_albedo.png.import[39m[0m
[  48% ] [90m[1msavepack[22m | Storing File: res://.godot/imported/T_library_architectural_haunted_wallpaper_normal.png-771d10b867fce94a5191611ce30cce68.ctex[39m[0m
[  48% ] [90m[1msavepack[22m | Storing File: res://assets/building/textures/T_library_architectural_haunted_wallpaper_normal.png.import[39m[0m
[  48% ] [90m[1msavepack[22m | Storing File: res://.godot/imported/T_library_architectural_haunted_wallpaper_rough.png-66521259972ee16c5215e364f89e54da.ctex[39m[0m
[  48% ] [90m[1msavepack[22m | Storing File: res://assets/building/textures/T_library_architectural_haunted_wallpaper_rough.png.import[39m[0m
[  48% ] [90m[1msavepack[22m | Storing File: res://.godot/imported/T_library_architectural_painted_trim_albedo.png-260947bd5b3183f0a1915453542074b7.ctex[39m[0m
[  48% ] [90m[1msavepack[22m | Storing File: res://assets/building/textures/T_library_architectural_painted_trim_albedo.png.import[39m[0m
[  48% ] [90m[1msavepack[22m | Storing File: res://.godot/imported/T_library_architectural_painted_trim_normal.png-cd6af5e2d5a0b4bf6efd1ca6d9c553ca.ctex[39m[0m
[  48% ] [90m[1msavepack[22m | Storing File: res://assets/building/textures/T_library_architectural_painted_trim_normal.png.import[39m[0m
[  48% ] [90m[1msavepack[22m | Storing File: res://.godot/imported/T_library_architectural_painted_trim_rough.png-8a44c0d94b28ed364f174e1d972b73cd.ctex[39m[0m
[  48% ] [90m[1msavepack[22m | Storing File: res://assets/building/textures/T_library_architectural_painted_trim_rough.png.import[39m[0m
[  48% ] [90m[1msavepack[22m | Storing File: res://.godot/imported/T_library_architectural_worn_stair_stone_albedo.png-205616104c219cbd87630b370e9466d6.ctex[39m[0m
[  48% ] [90m[1msavepack[22m | Storing File: res://assets/building/textures/T_library_architectural_worn_stair_stone_albedo.png.import[39m[0m
[  48% ] [90m[1msavepack[22m | Storing File: res://.godot/imported/T_library_architectural_worn_stair_stone_normal.png-744895fbac7b8b73a861d9f1d3a338e8.ctex[39m[0m
[  48% ] [90m[1msavepack[22m | Storing File: res://assets/building/textures/T_library_architectural_worn_stair_stone_normal.png.import[39m[0m
[  48% ] [90m[1msavepack[22m | Storing File: res://.godot/imported/T_library_architectural_worn_stair_stone_rough.png-53e7b8d99eb3a5eb52f8baeda8bc36a8.ctex[39m[0m
[  48% ] [90m[1msavepack[22m | Storing File: res://assets/building/textures/T_library_architectural_worn_stair_stone_rough.png.import[39m[0m
[  48% ] [90m[1msavepack[22m | Storing File: res://.godot/imported/T_library_damage_charred_surface_normal.png-0d47f8a3a737bff1b79edfc2f29c40cd.ctex[39m[0m
[  48% ] [90m[1msavepack[22m | Storing File: res://assets/building/textures/T_library_damage_charred_surface_normal.png.import[39m[0m
[  48% ] [90m[1msavepack[22m | Storing File: res://.godot/imported/T_library_damage_charred_surface_worn_soot_albedo.png-5e5393a0e7c3ac500434d0426e0229f4.ctex[39m[0m
[  48% ] [90m[1msavepack[22m | Storing File: res://assets/building/textures/T_library_damage_charred_surface_worn_soot_albedo.png.import[39m[0m
[  48% ] [90m[1msavepack[22m | Storing File: res://.godot/imported/T_library_damage_charred_surface_worn_soot_rough.png-e7794509e917701d6dbc197d22deca77.ctex[39m[0m
[  48% ] [90m[1msavepack[22m | Storing File: res://assets/building/textures/T_library_damage_charred_surface_worn_soot_rough.png.import[39m[0m
[  48% ] [90m[1msavepack[22m | Storing File: res://.godot/imported/T_library_exterior_haunted_sidewalk_albedo.png-aaf982844ef9887f4737bf0a5b7c6268.ctex[39m[0m
[  48% ] [90m[1msavepack[22m | Storing File: res://assets/building/textures/T_library_exterior_haunted_sidewalk_albedo.png.import[39m[0m
[  48% ] [90m[1msavepack[22m | Storing File: res://.godot/imported/T_library_exterior_haunted_sidewalk_normal.png-a9640e81cca1c89a3e3dc4febaa12a3f.ctex[39m[0m
[  48% ] [90m[1msavepack[22m | Storing File: res://assets/building/textures/T_library_exterior_haunted_sidewalk_normal.png.import[39m[0m
[  48% ] [90m[1msavepack[22m | Storing File: res://.godot/imported/T_library_exterior_haunted_sidewalk_rough.png-3e3b9c009036fa3f6fc80e9ae2d17fb4.ctex[39m[0m
[  48% ] [90m[1msavepack[22m | Storing File: res://assets/building/textures/T_library_exterior_haunted_sidewalk_rough.png.import[39m[0m
[  48% ] [90m[1msavepack[22m | Storing File: res://.godot/imported/T_library_exterior_sidewalk_grout_albedo.png-1838d6ea0b00178b993625d50285d9ad.ctex[39m[0m
[  48% ] [90m[1msavepack[22m | Storing File: res://assets/building/textures/T_library_exterior_sidewalk_grout_albedo.png.import[39m[0m
[  48% ] [90m[1msavepack[22m | Storing File: res://.godot/imported/T_library_exterior_sidewalk_grout_normal.png-a692bd860bb2c23f0569ff372a39fdc9.ctex[39m[0m
[  48% ] [90m[1msavepack[22m | Storing File: res://assets/building/textures/T_library_exterior_sidewalk_grout_normal.png.import[39m[0m
[  48% ] [90m[1msavepack[22m | Storing File: res://.godot/imported/T_library_exterior_sidewalk_grout_rough.png-6083ae98dee97e50ab4f2ab832eacb0f.ctex[39m[0m
[  48% ] [90m[1msavepack[22m | Storing File: res://assets/building/textures/T_library_exterior_sidewalk_grout_rough.png.import[39m[0m
[  49% ] [90m[1msavepack[22m | Storing File: res://.godot/imported/T_library_furniture_aged_paper_albedo.png-47800aaa1e76686a6c8999b19e868e9d.s3tc.ctex[39m[0m
[  49% ] [90m[1msavepack[22m | Storing File: res://assets/building/textures/T_library_furniture_aged_paper_albedo.png.import[39m[0m
[  49% ] [90m[1msavepack[22m | Storing File: res://.godot/imported/T_library_furniture_aged_paper_normal.png-ca70786f182c2b579a11006603977590.s3tc.ctex[39m[0m
[  49% ] [90m[1msavepack[22m | Storing File: res://assets/building/textures/T_library_furniture_aged_paper_normal.png.import[39m[0m
[  49% ] [90m[1msavepack[22m | Storing File: res://.godot/imported/T_library_furniture_aged_paper_rough.png-d3ba2c4cb9358bc849e4635d88c48402.s3tc.ctex[39m[0m
[  49% ] [90m[1msavepack[22m | Storing File: res://assets/building/textures/T_library_furniture_aged_paper_rough.png.import[39m[0m
[  49% ] [90m[1msavepack[22m | Storing File: res://.godot/imported/T_library_furniture_art_canvas_albedo.png-c09de936008c42987ea2a03a3c916e68.ctex[39m[0m
[  49% ] [90m[1msavepack[22m | Storing File: res://assets/building/textures/T_library_furniture_art_canvas_albedo.png.import[39m[0m
[  49% ] [90m[1msavepack[22m | Storing File: res://.godot/imported/T_library_furniture_art_canvas_normal.png-c1776214d226327d4585b72d5dd86bf9.ctex[39m[0m
[  49% ] [90m[1msavepack[22m | Storing File: res://assets/building/textures/T_library_furniture_art_canvas_normal.png.import[39m[0m
[  49% ] [90m[1msavepack[22m | Storing File: res://.godot/imported/T_library_furniture_art_canvas_rough.png-731c24a8b0834415ea4ea1f2325a0c83.ctex[39m[0m
[  49% ] [90m[1msavepack[22m | Storing File: res://assets/building/textures/T_library_furniture_art_canvas_rough.png.import[39m[0m
[  49% ] [90m[1msavepack[22m | Storing File: res://.godot/imported/T_library_furniture_book_brown_albedo.png-54d863f499c9941a3d31981216a2a832.ctex[39m[0m
[  49% ] [90m[1msavepack[22m | Storing File: res://assets/building/textures/T_library_furniture_book_brown_albedo.png.import[39m[0m
[  49% ] [90m[1msavepack[22m | Storing File: res://.godot/imported/T_library_furniture_book_brown_normal.png-5d31df520596e8645d7e41d4b5d83049.ctex[39m[0m
[  49% ] [90m[1msavepack[22m | Storing File: res://assets/building/textures/T_library_furniture_book_brown_normal.png.import[39m[0m
[  49% ] [90m[1msavepack[22m | Storing File: res://.godot/imported/T_library_furniture_book_brown_rough.png-564c596a43ca3c1accfdfe1c35acb2d1.ctex[39m[0m
[  49% ] [90m[1msavepack[22m | Storing File: res://assets/building/textures/T_library_furniture_book_brown_rough.png.import[39m[0m
[  49% ] [90m[1msavepack[22m | Storing File: res://.godot/imported/T_library_furniture_book_burgundy_albedo.png-5fd090297481ad039dacbe59b39f6de5.ctex[39m[0m
[  49% ] [90m[1msavepack[22m | Storing File: res://assets/building/textures/T_library_furniture_book_burgundy_albedo.png.import[39m[0m
[  49% ] [90m[1msavepack[22m | Storing File: res://.godot/imported/T_library_furniture_book_burgundy_normal.png-a4353788482574844980e7a57ef738ef.ctex[39m[0m
[  49% ] [90m[1msavepack[22m | Storing File: res://assets/building/textures/T_library_furniture_book_burgundy_normal.png.import[39m[0m
[  49% ] [90m[1msavepack[22m | Storing File: res://.godot/imported/T_library_furniture_book_burgundy_rough.png-ebb41b744d4ef36b6cc40ab5c9aaf4e7.ctex[39m[0m
[  49% ] [90m[1msavepack[22m | Storing File: res://assets/building/textures/T_library_furniture_book_burgundy_rough.png.import[39m[0m
[  49% ] [90m[1msavepack[22m | Storing File: res://.godot/imported/T_library_furniture_book_green_albedo.png-4f22a4be3fb92dca0600237c05eda081.ctex[39m[0m
[  49% ] [90m[1msavepack[22m | Storing File: res://assets/building/textures/T_library_furniture_book_green_albedo.png.import[39m[0m
[  49% ] [90m[1msavepack[22m | Storing File: res://.godot/imported/T_library_furniture_book_green_normal.png-0bbb1f7a76641225ec2000894409e75b.ctex[39m[0m
[  49% ] [90m[1msavepack[22m | Storing File: res://assets/building/textures/T_library_furniture_book_green_normal.png.import[39m[0m
[  49% ] [90m[1msavepack[22m | Storing File: res://.godot/imported/T_library_furniture_book_green_rough.png-36b1000f856ba545bed5b536506d8194.ctex[39m[0m
[  49% ] [90m[1msavepack[22m | Storing File: res://assets/building/textures/T_library_furniture_book_green_rough.png.import[39m[0m
[  49% ] [90m[1msavepack[22m | Storing File: res://.godot/imported/T_library_furniture_book_navy_albedo.png-948030fea59ef4291d97800cc7e0bb0d.ctex[39m[0m
[  49% ] [90m[1msavepack[22m | Storing File: res://assets/building/textures/T_library_furniture_book_navy_albedo.png.import[39m[0m
[  49% ] [90m[1msavepack[22m | Storing File: res://.godot/imported/T_library_furniture_book_navy_normal.png-beb21f1f1a60d389c261bcf58b2245bc.ctex[39m[0m
[  49% ] [90m[1msavepack[22m | Storing File: res://assets/building/textures/T_library_furniture_book_navy_normal.png.import[39m[0m
[  49% ] [90m[1msavepack[22m | Storing File: res://.godot/imported/T_library_furniture_book_navy_rough.png-c3cd67d9374afce67f314bcd89267796.ctex[39m[0m
[  49% ] [90m[1msavepack[22m | Storing File: res://assets/building/textures/T_library_furniture_book_navy_rough.png.import[39m[0m
[  49% ] [90m[1msavepack[22m | Storing File: res://.godot/imported/T_library_furniture_book_ochre_albedo.png-55380320f95ff584f3ea00d82b0989cc.ctex[39m[0m
[  49% ] [90m[1msavepack[22m | Storing File: res://assets/building/textures/T_library_furniture_book_ochre_albedo.png.import[39m[0m
[  49% ] [90m[1msavepack[22m | Storing File: res://.godot/imported/T_library_furniture_book_ochre_normal.png-277f06316da7c06043b47e2a41b8107a.ctex[39m[0m
[  49% ] [90m[1msavepack[22m | Storing File: res://assets/building/textures/T_library_furniture_book_ochre_normal.png.import[39m[0m
[  50% ] [90m[1msavepack[22m | Storing File: res://.godot/imported/T_library_furniture_book_ochre_rough.png-dea0bca5a92839d1932d64c5387dc971.ctex[39m[0m
[  50% ] [90m[1msavepack[22m | Storing File: res://assets/building/textures/T_library_furniture_book_ochre_rough.png.import[39m[0m
[  50% ] [90m[1msavepack[22m | Storing File: res://.godot/imported/T_library_furniture_book_teal_albedo.png-74dcfbf89bf310cd492244585ec6869c.ctex[39m[0m
[  50% ] [90m[1msavepack[22m | Storing File: res://assets/building/textures/T_library_furniture_book_teal_albedo.png.import[39m[0m
[  50% ] [90m[1msavepack[22m | Storing File: res://.godot/imported/T_library_furniture_book_teal_normal.png-8e3b991126d0a76a5f5651e8265909b8.ctex[39m[0m
[  50% ] [90m[1msavepack[22m | Storing File: res://assets/building/textures/T_library_furniture_book_teal_normal.png.import[39m[0m
[  50% ] [90m[1msavepack[22m | Storing File: res://.godot/imported/T_library_furniture_book_teal_rough.png-ecfa8ad6e1f31a3c7eec8ad49b05f740.ctex[39m[0m
[  50% ] [90m[1msavepack[22m | Storing File: res://assets/building/textures/T_library_furniture_book_teal_rough.png.import[39m[0m
[  50% ] [90m[1msavepack[22m | Storing File: res://.godot/imported/T_library_furniture_linen_albedo.png-5db9f5a1934f31d2b298659aee188e18.ctex[39m[0m
[  50% ] [90m[1msavepack[22m | Storing File: res://assets/building/textures/T_library_furniture_linen_albedo.png.import[39m[0m
[  50% ] [90m[1msavepack[22m | Storing File: res://.godot/imported/T_library_furniture_linen_normal.png-af81f5ff4c6ed27e88a7a06666829584.ctex[39m[0m
[  50% ] [90m[1msavepack[22m | Storing File: res://assets/building/textures/T_library_furniture_linen_normal.png.import[39m[0m
[  50% ] [90m[1msavepack[22m | Storing File: res://.godot/imported/T_library_furniture_linen_rough.png-78935a8eb3b841d9708cb704d43364ff.ctex[39m[0m
[  50% ] [90m[1msavepack[22m | Storing File: res://assets/building/textures/T_library_furniture_linen_rough.png.import[39m[0m
[  50% ] [90m[1msavepack[22m | Storing File: res://.godot/imported/T_library_furniture_porcelain_albedo.png-f5b5ec704993bcb4a49f3dfa18796cbe.ctex[39m[0m
[  50% ] [90m[1msavepack[22m | Storing File: res://assets/building/textures/T_library_furniture_porcelain_albedo.png.import[39m[0m
[  50% ] [90m[1msavepack[22m | Storing File: res://.godot/imported/T_library_furniture_porcelain_normal.png-b6540e6b937aa042b9c3b1ec16baf952.ctex[39m[0m
[  50% ] [90m[1msavepack[22m | Storing File: res://assets/building/textures/T_library_furniture_porcelain_normal.png.import[39m[0m
[  50% ] [90m[1msavepack[22m | Storing File: res://.godot/imported/T_library_furniture_porcelain_rough.png-04be3d2a95ec6d78ca44aef0cf8a7ef5.ctex[39m[0m
[  50% ] [90m[1msavepack[22m | Storing File: res://assets/building/textures/T_library_furniture_porcelain_rough.png.import[39m[0m
[  50% ] [90m[1msavepack[22m | Storing File: res://.godot/imported/T_library_furniture_rug_cool_albedo.png-d490298e29a38ac5dd5b86a15c66858d.ctex[39m[0m
[  50% ] [90m[1msavepack[22m | Storing File: res://assets/building/textures/T_library_furniture_rug_cool_albedo.png.import[39m[0m
[  50% ] [90m[1msavepack[22m | Storing File: res://.godot/imported/T_library_furniture_rug_cool_normal.png-a83fa3cc5fb78d6d7b1bb72184050f8a.ctex[39m[0m
[  50% ] [90m[1msavepack[22m | Storing File: res://assets/building/textures/T_library_furniture_rug_cool_normal.png.import[39m[0m
[  50% ] [90m[1msavepack[22m | Storing File: res://.godot/imported/T_library_furniture_rug_cool_rough.png-665ae80da68e91cce2eff3c471a726dd.ctex[39m[0m
[  50% ] [90m[1msavepack[22m | Storing File: res://assets/building/textures/T_library_furniture_rug_cool_rough.png.import[39m[0m
[  50% ] [90m[1msavepack[22m | Storing File: res://.godot/imported/T_library_furniture_rug_green_albedo.png-d17273c82ecf5af61f6d9e4edb719301.ctex[39m[0m
[  50% ] [90m[1msavepack[22m | Storing File: res://assets/building/textures/T_library_furniture_rug_green_albedo.png.import[39m[0m
[  50% ] [90m[1msavepack[22m | Storing File: res://.godot/imported/T_library_furniture_rug_green_normal.png-9440a3946426bf60779714f628b65f93.ctex[39m[0m
[  50% ] [90m[1msavepack[22m | Storing File: res://assets/building/textures/T_library_furniture_rug_green_normal.png.import[39m[0m
[  50% ] [90m[1msavepack[22m | Storing File: res://.godot/imported/T_library_furniture_rug_green_rough.png-6a53eabc85bdb13e7ebb64e7d7c46930.ctex[39m[0m
[  50% ] [90m[1msavepack[22m | Storing File: res://assets/building/textures/T_library_furniture_rug_green_rough.png.import[39m[0m
[  50% ] [90m[1msavepack[22m | Storing File: res://.godot/imported/T_library_furniture_rug_warm_albedo.png-7ac21bce95fde21750c863d70a4e189f.ctex[39m[0m
[  50% ] [90m[1msavepack[22m | Storing File: res://assets/building/textures/T_library_furniture_rug_warm_albedo.png.import[39m[0m
[  50% ] [90m[1msavepack[22m | Storing File: res://.godot/imported/T_library_furniture_rug_warm_normal.png-e6b0d2c276b3ec101298b06e4f6a9463.ctex[39m[0m
[  50% ] [90m[1msavepack[22m | Storing File: res://assets/building/textures/T_library_furniture_rug_warm_normal.png.import[39m[0m
[  50% ] [90m[1msavepack[22m | Storing File: res://.godot/imported/T_library_furniture_rug_warm_rough.png-6593ba08b7d8e7cfdec24f4b910e937b.ctex[39m[0m
[  50% ] [90m[1msavepack[22m | Storing File: res://assets/building/textures/T_library_furniture_rug_warm_rough.png.import[39m[0m
[  50% ] [90m[1msavepack[22m | Storing File: res://.godot/imported/T_library_furniture_upholstery_cool_albedo.png-744333da5c1421ea765a93d959f7d25d.ctex[39m[0m
[  50% ] [90m[1msavepack[22m | Storing File: res://assets/building/textures/T_library_furniture_upholstery_cool_albedo.png.import[39m[0m
[  50% ] [90m[1msavepack[22m | Storing File: res://.godot/imported/T_library_furniture_upholstery_cool_normal.png-aa4388e2da2c802775d980c1e035e19a.ctex[39m[0m
[  50% ] [90m[1msavepack[22m | Storing File: res://assets/building/textures/T_library_furniture_upholstery_cool_normal.png.import[39m[0m
[  51% ] [90m[1msavepack[22m | Storing File: res://.godot/imported/T_library_furniture_upholstery_cool_rough.png-3d291fec476e8562f60918eaf898f28b.ctex[39m[0m
[  51% ] [90m[1msavepack[22m | Storing File: res://assets/building/textures/T_library_furniture_upholstery_cool_rough.png.import[39m[0m
[  51% ] [90m[1msavepack[22m | Storing File: res://.godot/imported/T_library_furniture_upholstery_moss_albedo.png-b6c3f8c4edad895ba722a2cb5987da6b.ctex[39m[0m
[  51% ] [90m[1msavepack[22m | Storing File: res://assets/building/textures/T_library_furniture_upholstery_moss_albedo.png.import[39m[0m
[  51% ] [90m[1msavepack[22m | Storing File: res://.godot/imported/T_library_furniture_upholstery_moss_normal.png-4bd625e5de82d4a2a0b0f4345ab7b0dd.ctex[39m[0m
[  51% ] [90m[1msavepack[22m | Storing File: res://assets/building/textures/T_library_furniture_upholstery_moss_normal.png.import[39m[0m
[  51% ] [90m[1msavepack[22m | Storing File: res://.godot/imported/T_library_furniture_upholstery_moss_rough.png-828ceb766531223bdeeb9040d645d00f.ctex[39m[0m
[  51% ] [90m[1msavepack[22m | Storing File: res://assets/building/textures/T_library_furniture_upholstery_moss_rough.png.import[39m[0m
[  51% ] [90m[1msavepack[22m | Storing File: res://.godot/imported/T_library_furniture_upholstery_rust_albedo.png-249c90a0787fa5a0166c53b3cbf99ff2.ctex[39m[0m
[  51% ] [90m[1msavepack[22m | Storing File: res://assets/building/textures/T_library_furniture_upholstery_rust_albedo.png.import[39m[0m
[  51% ] [90m[1msavepack[22m | Storing File: res://.godot/imported/T_library_furniture_upholstery_rust_normal.png-35871501931414bd9d20dfd7a1f101e9.ctex[39m[0m
[  51% ] [90m[1msavepack[22m | Storing File: res://assets/building/textures/T_library_furniture_upholstery_rust_normal.png.import[39m[0m
[  51% ] [90m[1msavepack[22m | Storing File: res://.godot/imported/T_library_furniture_upholstery_rust_rough.png-6e32ae9054ddc6424d197e40f5aff193.ctex[39m[0m
[  51% ] [90m[1msavepack[22m | Storing File: res://assets/building/textures/T_library_furniture_upholstery_rust_rough.png.import[39m[0m
[  51% ] [90m[1msavepack[22m | Storing File: res://.godot/imported/T_library_furniture_walnut_albedo.png-9d83e6768b0b08d28ab2f9a5e8fa017b.ctex[39m[0m
[  51% ] [90m[1msavepack[22m | Storing File: res://assets/building/textures/T_library_furniture_walnut_albedo.png.import[39m[0m
[  51% ] [90m[1msavepack[22m | Storing File: res://.godot/imported/T_library_furniture_walnut_normal.png-8dcc8541e83592102708038ba88600d5.ctex[39m[0m
[  51% ] [90m[1msavepack[22m | Storing File: res://assets/building/textures/T_library_furniture_walnut_normal.png.import[39m[0m
[  51% ] [90m[1msavepack[22m | Storing File: res://.godot/imported/T_library_furniture_walnut_rough.png-9759cde251b5cc10585a4adbb6b9e116.ctex[39m[0m
[  51% ] [90m[1msavepack[22m | Storing File: res://assets/building/textures/T_library_furniture_walnut_rough.png.import[39m[0m
[  51% ] [90m[1msavepack[22m | Storing File: res://.godot/imported/T_library_metals_aged_brass_albedo.png-f508ca79a15b9713680db1c9f755302e.ctex[39m[0m
[  51% ] [90m[1msavepack[22m | Storing File: res://assets/building/textures/T_library_metals_aged_brass_albedo.png.import[39m[0m
[  51% ] [90m[1msavepack[22m | Storing File: res://.godot/imported/T_library_metals_aged_brass_normal.png-be3180ace4d1fc577ad8241ff06d4c2c.ctex[39m[0m
[  51% ] [90m[1msavepack[22m | Storing File: res://assets/building/textures/T_library_metals_aged_brass_normal.png.import[39m[0m
[  51% ] [90m[1msavepack[22m | Storing File: res://.godot/imported/T_library_metals_aged_brass_rough.png-2faadea1e9dd2ba1afa2a0f6a009c779.ctex[39m[0m
[  51% ] [90m[1msavepack[22m | Storing File: res://assets/building/textures/T_library_metals_aged_brass_rough.png.import[39m[0m
[  51% ] [90m[1msavepack[22m | Storing File: res://.godot/imported/T_library_organic_leaf_surface_albedo.png-6890a94a420551b3db54a646bfa74162.s3tc.ctex[39m[0m
[  51% ] [90m[1msavepack[22m | Storing File: res://assets/building/textures/T_library_organic_leaf_surface_albedo.png.import[39m[0m
[  51% ] [90m[1msavepack[22m | Storing File: res://.godot/imported/T_library_organic_leaf_surface_normal.png-c8fb429ec47f008b6aa1e52b5df228cb.s3tc.ctex[39m[0m
[  51% ] [90m[1msavepack[22m | Storing File: res://assets/building/textures/T_library_organic_leaf_surface_normal.png.import[39m[0m
[  51% ] [90m[1msavepack[22m | Storing File: res://.godot/imported/T_library_organic_leaf_surface_rough.png-5105ce300d6649c25189fff6aa993892.s3tc.ctex[39m[0m
[  51% ] [90m[1msavepack[22m | Storing File: res://assets/building/textures/T_library_organic_leaf_surface_rough.png.import[39m[0m
[  51% ] [90m[1msavepack[22m | Storing File: res://.godot/imported/T_wallfinish_b1_w00_albedo.png-c59f80c27db83fb665f4675b8403e0d9.ctex[39m[0m
[  51% ] [90m[1msavepack[22m | Storing File: res://assets/building/textures/T_wallfinish_b1_w00_albedo.png.import[39m[0m
[  51% ] [90m[1msavepack[22m | Storing File: res://.godot/imported/T_wallfinish_b1_w00_normal.png-eaab5198ae2f7e2b140d48fe6b544839.ctex[39m[0m
[  51% ] [90m[1msavepack[22m | Storing File: res://assets/building/textures/T_wallfinish_b1_w00_normal.png.import[39m[0m
[  51% ] [90m[1msavepack[22m | Storing File: res://.godot/imported/T_wallfinish_b1_w00_roughness.png-a607c5c87931638aa9b5524ba1f3cdb9.ctex[39m[0m
[  51% ] [90m[1msavepack[22m | Storing File: res://assets/building/textures/T_wallfinish_b1_w00_roughness.png.import[39m[0m
[  51% ] [90m[1msavepack[22m | Storing File: res://.godot/imported/T_wallfinish_b1_w01_albedo.png-6f3cc11b4bc526ff7e415a3e6bff5f08.ctex[39m[0m
[  51% ] [90m[1msavepack[22m | Storing File: res://assets/building/textures/T_wallfinish_b1_w01_albedo.png.import[39m[0m
[  51% ] [90m[1msavepack[22m | Storing File: res://.godot/imported/T_wallfinish_b1_w01_normal.png-e1c12d9c3daf58dee1c9c7945cc6bb15.ctex[39m[0m
[  51% ] [90m[1msavepack[22m | Storing File: res://assets/building/textures/T_wallfinish_b1_w01_normal.png.import[39m[0m
[  52% ] [90m[1msavepack[22m | Storing File: res://.godot/imported/T_wallfinish_b1_w01_roughness.png-848078d97ad48ffa8eda91e1560d060e.ctex[39m[0m
[  52% ] [90m[1msavepack[22m | Storing File: res://assets/building/textures/T_wallfinish_b1_w01_roughness.png.import[39m[0m
[  52% ] [90m[1msavepack[22m | Storing File: res://.godot/imported/T_wallfinish_b1_w02_albedo.png-b8d62bb17b6396a25158143063491ffe.ctex[39m[0m
[  52% ] [90m[1msavepack[22m | Storing File: res://assets/building/textures/T_wallfinish_b1_w02_albedo.png.import[39m[0m
[  52% ] [90m[1msavepack[22m | Storing File: res://.godot/imported/T_wallfinish_b1_w02_normal.png-ac0fb9907ab3b8fac707b2ad5bb9dfb4.ctex[39m[0m
[  52% ] [90m[1msavepack[22m | Storing File: res://assets/building/textures/T_wallfinish_b1_w02_normal.png.import[39m[0m
[  52% ] [90m[1msavepack[22m | Storing File: res://.godot/imported/T_wallfinish_b1_w02_roughness.png-42f30b41a157ded932ce172561b6609a.ctex[39m[0m
[  52% ] [90m[1msavepack[22m | Storing File: res://assets/building/textures/T_wallfinish_b1_w02_roughness.png.import[39m[0m
[  52% ] [90m[1msavepack[22m | Storing File: res://.godot/imported/T_wallfinish_b1_w03_albedo.png-bfe0636abc50a48e702a11d41238c41d.ctex[39m[0m
[  52% ] [90m[1msavepack[22m | Storing File: res://assets/building/textures/T_wallfinish_b1_w03_albedo.png.import[39m[0m
[  52% ] [90m[1msavepack[22m | Storing File: res://.godot/imported/T_wallfinish_b1_w03_normal.png-93c2372d41995718d3c6c42e310a997c.ctex[39m[0m
[  52% ] [90m[1msavepack[22m | Storing File: res://assets/building/textures/T_wallfinish_b1_w03_normal.png.import[39m[0m
[  52% ] [90m[1msavepack[22m | Storing File: res://.godot/imported/T_wallfinish_b1_w03_roughness.png-d235405ac3963d63ad98a4050b549bf9.ctex[39m[0m
[  52% ] [90m[1msavepack[22m | Storing File: res://assets/building/textures/T_wallfinish_b1_w03_roughness.png.import[39m[0m
[  52% ] [90m[1msavepack[22m | Storing File: res://.godot/imported/T_wallfinish_b1_w04_albedo.png-adb9f5dbfab3d212ee52f96169cfeebc.ctex[39m[0m
[  52% ] [90m[1msavepack[22m | Storing File: res://assets/building/textures/T_wallfinish_b1_w04_albedo.png.import[39m[0m
[  52% ] [90m[1msavepack[22m | Storing File: res://.godot/imported/T_wallfinish_b1_w04_normal.png-f4ac660aa98853beee7f5a72efc6bcb8.ctex[39m[0m
[  52% ] [90m[1msavepack[22m | Storing File: res://assets/building/textures/T_wallfinish_b1_w04_normal.png.import[39m[0m
[  52% ] [90m[1msavepack[22m | Storing File: res://.godot/imported/T_wallfinish_b1_w04_roughness.png-b3fead14d906c601a39f1f8841c39199.ctex[39m[0m
[  52% ] [90m[1msavepack[22m | Storing File: res://assets/building/textures/T_wallfinish_b1_w04_roughness.png.import[39m[0m
[  52% ] [90m[1msavepack[22m | Storing File: res://.godot/imported/T_wallfinish_b1_w05_albedo.png-220dc0680f2bf9626e5c4718239647bf.ctex[39m[0m
[  52% ] [90m[1msavepack[22m | Storing File: res://assets/building/textures/T_wallfinish_b1_w05_albedo.png.import[39m[0m
[  52% ] [90m[1msavepack[22m | Storing File: res://.godot/imported/T_wallfinish_b1_w05_normal.png-4ed4dd6fec7526f6130aa8be561a47a6.ctex[39m[0m
[  52% ] [90m[1msavepack[22m | Storing File: res://assets/building/textures/T_wallfinish_b1_w05_normal.png.import[39m[0m
[  52% ] [90m[1msavepack[22m | Storing File: res://.godot/imported/T_wallfinish_b1_w05_roughness.png-9893d3d29b764de34dc3be4d9405d1b5.ctex[39m[0m
[  52% ] [90m[1msavepack[22m | Storing File: res://assets/building/textures/T_wallfinish_b1_w05_roughness.png.import[39m[0m
[  52% ] [90m[1msavepack[22m | Storing File: res://.godot/imported/T_wallfinish_b1_w06_albedo.png-8131f23ae8d0fb44783173bdfcb75a3b.ctex[39m[0m
[  52% ] [90m[1msavepack[22m | Storing File: res://assets/building/textures/T_wallfinish_b1_w06_albedo.png.import[39m[0m
[  52% ] [90m[1msavepack[22m | Storing File: res://.godot/imported/T_wallfinish_b1_w06_normal.png-58973e23fe70490c2057c9081cffa01d.ctex[39m[0m
[  52% ] [90m[1msavepack[22m | Storing File: res://assets/building/textures/T_wallfinish_b1_w06_normal.png.import[39m[0m
[  52% ] [90m[1msavepack[22m | Storing File: res://.godot/imported/T_wallfinish_b1_w06_roughness.png-af79ce86e0d12a5f12de544c43a5bf6a.ctex[39m[0m
[  52% ] [90m[1msavepack[22m | Storing File: res://assets/building/textures/T_wallfinish_b1_w06_roughness.png.import[39m[0m
[  52% ] [90m[1msavepack[22m | Storing File: res://.godot/imported/T_wallfinish_b1_w07_albedo.png-4a13f45a1b985b106ef066397e4985e2.ctex[39m[0m
[  52% ] [90m[1msavepack[22m | Storing File: res://assets/building/textures/T_wallfinish_b1_w07_albedo.png.import[39m[0m
[  52% ] [90m[1msavepack[22m | Storing File: res://.godot/imported/T_wallfinish_b1_w07_normal.png-a592af8762887b1ee07281a5f63bd69f.ctex[39m[0m
[  52% ] [90m[1msavepack[22m | Storing File: res://assets/building/textures/T_wallfinish_b1_w07_normal.png.import[39m[0m
[  52% ] [90m[1msavepack[22m | Storing File: res://.godot/imported/T_wallfinish_b1_w07_roughness.png-92df5f2586e172005fed8a853c8e4c2b.ctex[39m[0m
[  52% ] [90m[1msavepack[22m | Storing File: res://assets/building/textures/T_wallfinish_b1_w07_roughness.png.import[39m[0m
[  52% ] [90m[1msavepack[22m | Storing File: res://.godot/imported/T_wallfinish_b1_w08_albedo.png-486d9cb43d145c61cc4e1a6433b608d2.ctex[39m[0m
[  52% ] [90m[1msavepack[22m | Storing File: res://assets/building/textures/T_wallfinish_b1_w08_albedo.png.import[39m[0m
[  53% ] [90m[1msavepack[22m | Storing File: res://.godot/imported/T_wallfinish_b1_w08_normal.png-d6f3976a9a5e76e958bc517257677c79.ctex[39m[0m
[  53% ] [90m[1msavepack[22m | Storing File: res://assets/building/textures/T_wallfinish_b1_w08_normal.png.import[39m[0m
[  53% ] [90m[1msavepack[22m | Storing File: res://.godot/imported/T_wallfinish_b1_w08_roughness.png-0605d7ffda146f2e13c6f3622fcc077d.ctex[39m[0m
[  53% ] [90m[1msavepack[22m | Storing File: res://assets/building/textures/T_wallfinish_b1_w08_roughness.png.import[39m[0m
[  53% ] [90m[1msavepack[22m | Storing File: res://.godot/imported/T_wallfinish_b1_w09_albedo.png-11b028dfdd86a07b243d5c8f5de4f834.ctex[39m[0m
[  53% ] [90m[1msavepack[22m | Storing File: res://assets/building/textures/T_wallfinish_b1_w09_albedo.png.import[39m[0m
[  53% ] [90m[1msavepack[22m | Storing File: res://.godot/imported/T_wallfinish_b1_w09_normal.png-9b17ea72958f28dcf44ede73c6d75c39.ctex[39m[0m
[  53% ] [90m[1msavepack[22m | Storing File: res://assets/building/textures/T_wallfinish_b1_w09_normal.png.import[39m[0m
[  53% ] [90m[1msavepack[22m | Storing File: res://.godot/imported/T_wallfinish_b1_w09_roughness.png-2e748737a8cc25712a1d0f162bb3abe4.ctex[39m[0m
[  53% ] [90m[1msavepack[22m | Storing File: res://assets/building/textures/T_wallfinish_b1_w09_roughness.png.import[39m[0m
[  53% ] [90m[1msavepack[22m | Storing File: res://.godot/imported/T_wallfinish_b1_w10_albedo.png-05f9b270791e14a58b796a9ce13ae916.ctex[39m[0m
[  53% ] [90m[1msavepack[22m | Storing File: res://assets/building/textures/T_wallfinish_b1_w10_albedo.png.import[39m[0m
[  53% ] [90m[1msavepack[22m | Storing File: res://.godot/imported/T_wallfinish_b1_w10_normal.png-9e685fa42288c14417b92bcc620c8d3c.ctex[39m[0m
[  53% ] [90m[1msavepack[22m | Storing File: res://assets/building/textures/T_wallfinish_b1_w10_normal.png.import[39m[0m
[  53% ] [90m[1msavepack[22m | Storing File: res://.godot/imported/T_wallfinish_b1_w10_roughness.png-c0b70c8d2c2ff9f3151f1d622f4e3e36.ctex[39m[0m
[  53% ] [90m[1msavepack[22m | Storing File: res://assets/building/textures/T_wallfinish_b1_w10_roughness.png.import[39m[0m
[  53% ] [90m[1msavepack[22m | Storing File: res://.godot/imported/T_wallfinish_f01_w00_albedo.png-a7686f84be5d331a3613a679598ca595.ctex[39m[0m
[  53% ] [90m[1msavepack[22m | Storing File: res://assets/building/textures/T_wallfinish_f01_w00_albedo.png.import[39m[0m
[  53% ] [90m[1msavepack[22m | Storing File: res://.godot/imported/T_wallfinish_f01_w00_normal.png-a8358b7cdcea5162191fd6ecef5cecd8.ctex[39m[0m
[  53% ] [90m[1msavepack[22m | Storing File: res://assets/building/textures/T_wallfinish_f01_w00_normal.png.import[39m[0m
[  53% ] [90m[1msavepack[22m | Storing File: res://.godot/imported/T_wallfinish_f01_w00_roughness.png-e0550c259ec1d4e1acb5d5642a0ca06d.ctex[39m[0m
[  53% ] [90m[1msavepack[22m | Storing File: res://assets/building/textures/T_wallfinish_f01_w00_roughness.png.import[39m[0m
[  53% ] [90m[1msavepack[22m | Storing File: res://.godot/imported/T_wallfinish_f01_w01_albedo.png-1db9ca79160a944be0ecdde471b6b965.ctex[39m[0m
[  53% ] [90m[1msavepack[22m | Storing File: res://assets/building/textures/T_wallfinish_f01_w01_albedo.png.import[39m[0m
[  53% ] [90m[1msavepack[22m | Storing File: res://.godot/imported/T_wallfinish_f01_w01_normal.png-71d4fdc5a037214b860e0490830306ae.ctex[39m[0m
[  53% ] [90m[1msavepack[22m | Storing File: res://assets/building/textures/T_wallfinish_f01_w01_normal.png.import[39m[0m
[  53% ] [90m[1msavepack[22m | Storing File: res://.godot/imported/T_wallfinish_f01_w01_roughness.png-b5a4873b6434fd346a6a2d916cdd5062.ctex[39m[0m
[  53% ] [90m[1msavepack[22m | Storing File: res://assets/building/textures/T_wallfinish_f01_w01_roughness.png.import[39m[0m
[  53% ] [90m[1msavepack[22m | Storing File: res://.godot/imported/T_wallfinish_f01_w02_albedo.png-253456afda6e59427debdf21ac4c9d29.ctex[39m[0m
[  53% ] [90m[1msavepack[22m | Storing File: res://assets/building/textures/T_wallfinish_f01_w02_albedo.png.import[39m[0m
[  53% ] [90m[1msavepack[22m | Storing File: res://.godot/imported/T_wallfinish_f01_w02_normal.png-7df55f70c230d4ca8c0e37f0ddea8645.ctex[39m[0m
[  53% ] [90m[1msavepack[22m | Storing File: res://assets/building/textures/T_wallfinish_f01_w02_normal.png.import[39m[0m
[  53% ] [90m[1msavepack[22m | Storing File: res://.godot/imported/T_wallfinish_f01_w02_roughness.png-74dd486de7424d31d97a8f889b34a85a.ctex[39m[0m
[  53% ] [90m[1msavepack[22m | Storing File: res://assets/building/textures/T_wallfinish_f01_w02_roughness.png.import[39m[0m
[  53% ] [90m[1msavepack[22m | Storing File: res://.godot/imported/T_wallfinish_f01_w03_albedo.png-8291a8634ad78362637bd9bcfa481eef.ctex[39m[0m
[  53% ] [90m[1msavepack[22m | Storing File: res://assets/building/textures/T_wallfinish_f01_w03_albedo.png.import[39m[0m
[  53% ] [90m[1msavepack[22m | Storing File: res://.godot/imported/T_wallfinish_f01_w03_normal.png-c352908f6404fa82ad486b8cdc6aedaf.ctex[39m[0m
[  53% ] [90m[1msavepack[22m | Storing File: res://assets/building/textures/T_wallfinish_f01_w03_normal.png.import[39m[0m
[  53% ] [90m[1msavepack[22m | Storing File: res://.godot/imported/T_wallfinish_f01_w03_roughness.png-627bce04ab9111598ac44d78463b45af.ctex[39m[0m
[  53% ] [90m[1msavepack[22m | Storing File: res://assets/building/textures/T_wallfinish_f01_w03_roughness.png.import[39m[0m
[  53% ] [90m[1msavepack[22m | Storing File: res://.godot/imported/T_wallfinish_f01_w04_albedo.png-69671d651d73f574bea18999b91e237e.ctex[39m[0m
[  53% ] [90m[1msavepack[22m | Storing File: res://assets/building/textures/T_wallfinish_f01_w04_albedo.png.import[39m[0m
[  54% ] [90m[1msavepack[22m | Storing File: res://.godot/imported/T_wallfinish_f01_w04_normal.png-eeeaed2f0b9a7060a07cb83e9ceb7f72.ctex[39m[0m
[  54% ] [90m[1msavepack[22m | Storing File: res://assets/building/textures/T_wallfinish_f01_w04_normal.png.import[39m[0m
[  54% ] [90m[1msavepack[22m | Storing File: res://.godot/imported/T_wallfinish_f01_w04_roughness.png-32f97d0cfb05ca6c3e9101b7c61ac62a.ctex[39m[0m
[  54% ] [90m[1msavepack[22m | Storing File: res://assets/building/textures/T_wallfinish_f01_w04_roughness.png.import[39m[0m
[  54% ] [90m[1msavepack[22m | Storing File: res://.godot/imported/T_wallfinish_f01_w05_albedo.png-30418bef79ffa6027290d226460f21d5.ctex[39m[0m
[  54% ] [90m[1msavepack[22m | Storing File: res://assets/building/textures/T_wallfinish_f01_w05_albedo.png.import[39m[0m
[  54% ] [90m[1msavepack[22m | Storing File: res://.godot/imported/T_wallfinish_f01_w05_normal.png-d0aa5a585e01a846683709739d008dd0.ctex[39m[0m
[  54% ] [90m[1msavepack[22m | Storing File: res://assets/building/textures/T_wallfinish_f01_w05_normal.png.import[39m[0m
[  54% ] [90m[1msavepack[22m | Storing File: res://.godot/imported/T_wallfinish_f01_w05_roughness.png-ea7f4c8a6a3572110c1c1b7bfa703485.ctex[39m[0m
[  54% ] [90m[1msavepack[22m | Storing File: res://assets/building/textures/T_wallfinish_f01_w05_roughness.png.import[39m[0m
[  54% ] [90m[1msavepack[22m | Storing File: res://.godot/imported/T_wallfinish_f01_w06_albedo.png-1ae85093f6eed986c0c49662ac939450.ctex[39m[0m
[  54% ] [90m[1msavepack[22m | Storing File: res://assets/building/textures/T_wallfinish_f01_w06_albedo.png.import[39m[0m
[  54% ] [90m[1msavepack[22m | Storing File: res://.godot/imported/T_wallfinish_f01_w06_normal.png-8a54dabf42b13bc0ce914d20b3d8e684.ctex[39m[0m
[  54% ] [90m[1msavepack[22m | Storing File: res://assets/building/textures/T_wallfinish_f01_w06_normal.png.import[39m[0m
[  54% ] [90m[1msavepack[22m | Storing File: res://.godot/imported/T_wallfinish_f01_w06_roughness.png-94339e000ae841002f61e5cfe651f17f.ctex[39m[0m
[  54% ] [90m[1msavepack[22m | Storing File: res://assets/building/textures/T_wallfinish_f01_w06_roughness.png.import[39m[0m
[  54% ] [90m[1msavepack[22m | Storing File: res://.godot/imported/T_wallfinish_f01_w07_albedo.png-f8d3abdd73b0b5cddc242c7c9c4d7653.ctex[39m[0m
[  54% ] [90m[1msavepack[22m | Storing File: res://assets/building/textures/T_wallfinish_f01_w07_albedo.png.import[39m[0m
[  54% ] [90m[1msavepack[22m | Storing File: res://.godot/imported/T_wallfinish_f01_w07_normal.png-aa1add5a642d32f12b0ddcce00e532f4.ctex[39m[0m
[  54% ] [90m[1msavepack[22m | Storing File: res://assets/building/textures/T_wallfinish_f01_w07_normal.png.import[39m[0m
[  54% ] [90m[1msavepack[22m | Storing File: res://.godot/imported/T_wallfinish_f01_w07_roughness.png-a42b56dd4d2699c05a27b3f3b5231a45.ctex[39m[0m
[  54% ] [90m[1msavepack[22m | Storing File: res://assets/building/textures/T_wallfinish_f01_w07_roughness.png.import[39m[0m
[  54% ] [90m[1msavepack[22m | Storing File: res://.godot/imported/T_wallfinish_f01_w08_albedo.png-5fca723ca97ec68c8c55b2f39c5d5c5b.ctex[39m[0m
[  54% ] [90m[1msavepack[22m | Storing File: res://assets/building/textures/T_wallfinish_f01_w08_albedo.png.import[39m[0m
[  54% ] [90m[1msavepack[22m | Storing File: res://.godot/imported/T_wallfinish_f01_w08_normal.png-7bec9b18eb19b52d19ead53a37cb6bba.ctex[39m[0m
[  54% ] [90m[1msavepack[22m | Storing File: res://assets/building/textures/T_wallfinish_f01_w08_normal.png.import[39m[0m
[  54% ] [90m[1msavepack[22m | Storing File: res://.godot/imported/T_wallfinish_f01_w08_roughness.png-dccdefea2d0612c45c7bfff9803e59a0.ctex[39m[0m
[  54% ] [90m[1msavepack[22m | Storing File: res://assets/building/textures/T_wallfinish_f01_w08_roughness.png.import[39m[0m
[  54% ] [90m[1msavepack[22m | Storing File: res://.godot/imported/T_wallfinish_f01_w09_albedo.png-cc0740e689a2d272ad82c07773107860.ctex[39m[0m
[  54% ] [90m[1msavepack[22m | Storing File: res://assets/building/textures/T_wallfinish_f01_w09_albedo.png.import[39m[0m
[  54% ] [90m[1msavepack[22m | Storing File: res://.godot/imported/T_wallfinish_f01_w09_normal.png-9364872ce149c5a11162a8970498263b.ctex[39m[0m
[  54% ] [90m[1msavepack[22m | Storing File: res://assets/building/textures/T_wallfinish_f01_w09_normal.png.import[39m[0m
[  54% ] [90m[1msavepack[22m | Storing File: res://.godot/imported/T_wallfinish_f01_w09_roughness.png-df54942253f291131a9819f9902de4df.ctex[39m[0m
[  54% ] [90m[1msavepack[22m | Storing File: res://assets/building/textures/T_wallfinish_f01_w09_roughness.png.import[39m[0m
[  54% ] [90m[1msavepack[22m | Storing File: res://.godot/imported/T_wallfinish_f02_w00_albedo.png-9c5db92ca4c28be9255540a5f7c00710.ctex[39m[0m
[  54% ] [90m[1msavepack[22m | Storing File: res://assets/building/textures/T_wallfinish_f02_w00_albedo.png.import[39m[0m
[  54% ] [90m[1msavepack[22m | Storing File: res://.godot/imported/T_wallfinish_f02_w00_normal.png-34ffb6c8f17a65981f52eae975f7ef33.ctex[39m[0m
[  54% ] [90m[1msavepack[22m | Storing File: res://assets/building/textures/T_wallfinish_f02_w00_normal.png.import[39m[0m
[  54% ] [90m[1msavepack[22m | Storing File: res://.godot/imported/T_wallfinish_f02_w00_roughness.png-437812d36ceb6c175dc9685ada5fe85e.ctex[39m[0m
[  54% ] [90m[1msavepack[22m | Storing File: res://assets/building/textures/T_wallfinish_f02_w00_roughness.png.import[39m[0m
[  54% ] [90m[1msavepack[22m | Storing File: res://.godot/imported/T_wallfinish_f02_w01_albedo.png-ddf3948dd2ae7650b68d97a7b9243c2a.ctex[39m[0m
[  54% ] [90m[1msavepack[22m | Storing File: res://assets/building/textures/T_wallfinish_f02_w01_albedo.png.import[39m[0m
[  55% ] [90m[1msavepack[22m | Storing File: res://.godot/imported/T_wallfinish_f02_w01_normal.png-ef23e88d4d959e4601319b99667df539.ctex[39m[0m
[  55% ] [90m[1msavepack[22m | Storing File: res://assets/building/textures/T_wallfinish_f02_w01_normal.png.import[39m[0m
[  55% ] [90m[1msavepack[22m | Storing File: res://.godot/imported/T_wallfinish_f02_w01_roughness.png-0e7980c933cb6e3799cbe44c1bd46c8f.ctex[39m[0m
[  55% ] [90m[1msavepack[22m | Storing File: res://assets/building/textures/T_wallfinish_f02_w01_roughness.png.import[39m[0m
[  55% ] [90m[1msavepack[22m | Storing File: res://.godot/imported/T_wallfinish_f02_w02_albedo.png-e61842ba185da2f0e90bc2dea8d4a783.ctex[39m[0m
[  55% ] [90m[1msavepack[22m | Storing File: res://assets/building/textures/T_wallfinish_f02_w02_albedo.png.import[39m[0m
[  55% ] [90m[1msavepack[22m | Storing File: res://.godot/imported/T_wallfinish_f02_w02_normal.png-a7326190a0f98a89f1be032c28edc870.ctex[39m[0m
[  55% ] [90m[1msavepack[22m | Storing File: res://assets/building/textures/T_wallfinish_f02_w02_normal.png.import[39m[0m
[  55% ] [90m[1msavepack[22m | Storing File: res://.godot/imported/T_wallfinish_f02_w02_roughness.png-88e666dd02e06cec1ad6f9f74212e54c.ctex[39m[0m
[  55% ] [90m[1msavepack[22m | Storing File: res://assets/building/textures/T_wallfinish_f02_w02_roughness.png.import[39m[0m
[  55% ] [90m[1msavepack[22m | Storing File: res://.godot/imported/T_wallfinish_f02_w03_albedo.png-66ed31b2f8016a4fd4a2e85272a28482.ctex[39m[0m
[  55% ] [90m[1msavepack[22m | Storing File: res://assets/building/textures/T_wallfinish_f02_w03_albedo.png.import[39m[0m
[  55% ] [90m[1msavepack[22m | Storing File: res://.godot/imported/T_wallfinish_f02_w03_normal.png-c2448964f21a66275679062427186508.ctex[39m[0m
[  55% ] [90m[1msavepack[22m | Storing File: res://assets/building/textures/T_wallfinish_f02_w03_normal.png.import[39m[0m
[  55% ] [90m[1msavepack[22m | Storing File: res://.godot/imported/T_wallfinish_f02_w03_roughness.png-229f8580ea202a2f1e3e7523ea3ccff5.ctex[39m[0m
[  55% ] [90m[1msavepack[22m | Storing File: res://assets/building/textures/T_wallfinish_f02_w03_roughness.png.import[39m[0m
[  55% ] [90m[1msavepack[22m | Storing File: res://.godot/imported/T_wallfinish_f02_w04_albedo.png-3ab5ea4d58693768b4c8cf61c2e17708.ctex[39m[0m
[  55% ] [90m[1msavepack[22m | Storing File: res://assets/building/textures/T_wallfinish_f02_w04_albedo.png.import[39m[0m
[  55% ] [90m[1msavepack[22m | Storing File: res://.godot/imported/T_wallfinish_f02_w04_normal.png-036c67608c97fefbedf3e13a42f7e2ba.ctex[39m[0m
[  55% ] [90m[1msavepack[22m | Storing File: res://assets/building/textures/T_wallfinish_f02_w04_normal.png.import[39m[0m
[  55% ] [90m[1msavepack[22m | Storing File: res://.godot/imported/T_wallfinish_f02_w04_roughness.png-6e58a6228d9fb4ed1adc2bed3de9fe85.ctex[39m[0m
[  55% ] [90m[1msavepack[22m | Storing File: res://assets/building/textures/T_wallfinish_f02_w04_roughness.png.import[39m[0m
[  55% ] [90m[1msavepack[22m | Storing File: res://.godot/imported/T_wallfinish_f02_w05_albedo.png-02eb2d2327ead004b5fe7e2cac8a513a.ctex[39m[0m
[  55% ] [90m[1msavepack[22m | Storing File: res://assets/building/textures/T_wallfinish_f02_w05_albedo.png.import[39m[0m
[  55% ] [90m[1msavepack[22m | Storing File: res://.godot/imported/T_wallfinish_f02_w05_normal.png-b8a0f4deaae8b7007340ecfa0ae16a93.ctex[39m[0m
[  55% ] [90m[1msavepack[22m | Storing File: res://assets/building/textures/T_wallfinish_f02_w05_normal.png.import[39m[0m
[  55% ] [90m[1msavepack[22m | Storing File: res://.godot/imported/T_wallfinish_f02_w05_roughness.png-4b9627f54931e70b825556545a58cf10.ctex[39m[0m
[  55% ] [90m[1msavepack[22m | Storing File: res://assets/building/textures/T_wallfinish_f02_w05_roughness.png.import[39m[0m
[  55% ] [90m[1msavepack[22m | Storing File: res://.godot/imported/T_wallfinish_f02_w06_albedo.png-9894af8a0d31dbd31e30e205c638650d.ctex[39m[0m
[  55% ] [90m[1msavepack[22m | Storing File: res://assets/building/textures/T_wallfinish_f02_w06_albedo.png.import[39m[0m
[  55% ] [90m[1msavepack[22m | Storing File: res://.godot/imported/T_wallfinish_f02_w06_normal.png-159412bf6648fab86cfaf7da78a11e4a.ctex[39m[0m
[  55% ] [90m[1msavepack[22m | Storing File: res://assets/building/textures/T_wallfinish_f02_w06_normal.png.import[39m[0m
[  55% ] [90m[1msavepack[22m | Storing File: res://.godot/imported/T_wallfinish_f02_w06_roughness.png-86fad2625a4a29cf00559af22b727b21.ctex[39m[0m
[  55% ] [90m[1msavepack[22m | Storing File: res://assets/building/textures/T_wallfinish_f02_w06_roughness.png.import[39m[0m
[  55% ] [90m[1msavepack[22m | Storing File: res://.godot/imported/T_wallfinish_f02_w07_albedo.png-fa88087cf296cbf479601138db39b2f7.ctex[39m[0m
[  55% ] [90m[1msavepack[22m | Storing File: res://assets/building/textures/T_wallfinish_f02_w07_albedo.png.import[39m[0m
[  55% ] [90m[1msavepack[22m | Storing File: res://.godot/imported/T_wallfinish_f02_w07_normal.png-e57615996de4f2e5ed5702027336a490.ctex[39m[0m
[  55% ] [90m[1msavepack[22m | Storing File: res://assets/building/textures/T_wallfinish_f02_w07_normal.png.import[39m[0m
[  55% ] [90m[1msavepack[22m | Storing File: res://.godot/imported/T_wallfinish_f02_w07_roughness.png-eccb5982a8c5d806fac96ea6716ce596.ctex[39m[0m
[  55% ] [90m[1msavepack[22m | Storing File: res://assets/building/textures/T_wallfinish_f02_w07_roughness.png.import[39m[0m
[  56% ] [90m[1msavepack[22m | Storing File: res://.godot/imported/T_wallfinish_f02_w08_albedo.png-b7c99886fd73550f5381c246acded9c5.ctex[39m[0m
[  56% ] [90m[1msavepack[22m | Storing File: res://assets/building/textures/T_wallfinish_f02_w08_albedo.png.import[39m[0m
[  56% ] [90m[1msavepack[22m | Storing File: res://.godot/imported/T_wallfinish_f02_w08_normal.png-fa2ce4fdba36454fb9fc855cd477b47a.ctex[39m[0m
[  56% ] [90m[1msavepack[22m | Storing File: res://assets/building/textures/T_wallfinish_f02_w08_normal.png.import[39m[0m
[  56% ] [90m[1msavepack[22m | Storing File: res://.godot/imported/T_wallfinish_f02_w08_roughness.png-9f99b7bb9c9c7ceab6abbac095675da3.ctex[39m[0m
[  56% ] [90m[1msavepack[22m | Storing File: res://assets/building/textures/T_wallfinish_f02_w08_roughness.png.import[39m[0m
[  56% ] [90m[1msavepack[22m | Storing File: res://.godot/imported/T_wallfinish_f02_w09_albedo.png-679a9dd72fe5d30587bee7143b42ec3c.ctex[39m[0m
[  56% ] [90m[1msavepack[22m | Storing File: res://assets/building/textures/T_wallfinish_f02_w09_albedo.png.import[39m[0m
[  56% ] [90m[1msavepack[22m | Storing File: res://.godot/imported/T_wallfinish_f02_w09_normal.png-eaf38d00aba20443ca15eddc7656ae1c.ctex[39m[0m
[  56% ] [90m[1msavepack[22m | Storing File: res://assets/building/textures/T_wallfinish_f02_w09_normal.png.import[39m[0m
[  56% ] [90m[1msavepack[22m | Storing File: res://.godot/imported/T_wallfinish_f02_w09_roughness.png-ff1dd0b7622f974de6ed6b1e7e3bb8e8.ctex[39m[0m
[  56% ] [90m[1msavepack[22m | Storing File: res://assets/building/textures/T_wallfinish_f02_w09_roughness.png.import[39m[0m
[  56% ] [90m[1msavepack[22m | Storing File: res://.godot/imported/T_wallfinish_f02_w10_albedo.png-ac6fe48ee8aec4180b9edd9a05b755c3.ctex[39m[0m
[  56% ] [90m[1msavepack[22m | Storing File: res://assets/building/textures/T_wallfinish_f02_w10_albedo.png.import[39m[0m
[  56% ] [90m[1msavepack[22m | Storing File: res://.godot/imported/T_wallfinish_f02_w10_normal.png-072f7035434a38498af806b3f753791f.ctex[39m[0m
[  56% ] [90m[1msavepack[22m | Storing File: res://assets/building/textures/T_wallfinish_f02_w10_normal.png.import[39m[0m
[  56% ] [90m[1msavepack[22m | Storing File: res://.godot/imported/T_wallfinish_f02_w10_roughness.png-868cb0a0fbc7ccc64e795b8dddda9dff.ctex[39m[0m
[  56% ] [90m[1msavepack[22m | Storing File: res://assets/building/textures/T_wallfinish_f02_w10_roughness.png.import[39m[0m
[  56% ] [90m[1msavepack[22m | Storing File: res://.godot/imported/T_wallfinish_f03_w00_albedo.png-e440879532427f556ecec18e2505d898.ctex[39m[0m
[  56% ] [90m[1msavepack[22m | Storing File: res://assets/building/textures/T_wallfinish_f03_w00_albedo.png.import[39m[0m
[  56% ] [90m[1msavepack[22m | Storing File: res://.godot/imported/T_wallfinish_f03_w00_normal.png-8b1ffbbfe118e2bac32ded2b15b32fa2.ctex[39m[0m
[  56% ] [90m[1msavepack[22m | Storing File: res://assets/building/textures/T_wallfinish_f03_w00_normal.png.import[39m[0m
[  56% ] [90m[1msavepack[22m | Storing File: res://.godot/imported/T_wallfinish_f03_w00_roughness.png-2cdced219e83125e2c9f9c42956f9877.ctex[39m[0m
[  56% ] [90m[1msavepack[22m | Storing File: res://assets/building/textures/T_wallfinish_f03_w00_roughness.png.import[39m[0m
[  56% ] [90m[1msavepack[22m | Storing File: res://.godot/imported/T_wallfinish_f03_w01_albedo.png-4ccbc0e3e5a9a516e9e0685befc80952.ctex[39m[0m
[  56% ] [90m[1msavepack[22m | Storing File: res://assets/building/textures/T_wallfinish_f03_w01_albedo.png.import[39m[0m
[  56% ] [90m[1msavepack[22m | Storing File: res://.godot/imported/T_wallfinish_f03_w01_normal.png-ff657d2d60cc9f0af9c667adfd6a064d.ctex[39m[0m
[  56% ] [90m[1msavepack[22m | Storing File: res://assets/building/textures/T_wallfinish_f03_w01_normal.png.import[39m[0m
[  56% ] [90m[1msavepack[22m | Storing File: res://.godot/imported/T_wallfinish_f03_w01_roughness.png-5fd32963324a4bac79e0f7a9ee2fe8a6.ctex[39m[0m
[  56% ] [90m[1msavepack[22m | Storing File: res://assets/building/textures/T_wallfinish_f03_w01_roughness.png.import[39m[0m
[  56% ] [90m[1msavepack[22m | Storing File: res://.godot/imported/T_wallfinish_f03_w02_albedo.png-78d6f2bfe50ed063d07e69d93c1eb74e.ctex[39m[0m
[  56% ] [90m[1msavepack[22m | Storing File: res://assets/building/textures/T_wallfinish_f03_w02_albedo.png.import[39m[0m
[  56% ] [90m[1msavepack[22m | Storing File: res://.godot/imported/T_wallfinish_f03_w02_normal.png-00227cf1c3d54f8c87c30ee00a05b8ff.ctex[39m[0m
[  56% ] [90m[1msavepack[22m | Storing File: res://assets/building/textures/T_wallfinish_f03_w02_normal.png.import[39m[0m
[  56% ] [90m[1msavepack[22m | Storing File: res://.godot/imported/T_wallfinish_f03_w02_roughness.png-ce66c3ff88ca8af213fccf661a73cfc9.ctex[39m[0m
[  56% ] [90m[1msavepack[22m | Storing File: res://assets/building/textures/T_wallfinish_f03_w02_roughness.png.import[39m[0m
[  56% ] [90m[1msavepack[22m | Storing File: res://.godot/imported/T_wallfinish_f03_w03_albedo.png-94fedee0ea350898fc035c24841fcdcd.ctex[39m[0m
[  56% ] [90m[1msavepack[22m | Storing File: res://assets/building/textures/T_wallfinish_f03_w03_albedo.png.import[39m[0m
[  56% ] [90m[1msavepack[22m | Storing File: res://.godot/imported/T_wallfinish_f03_w03_normal.png-0998fcffa5f15cd5c759cb2719d275d1.ctex[39m[0m
[  56% ] [90m[1msavepack[22m | Storing File: res://assets/building/textures/T_wallfinish_f03_w03_normal.png.import[39m[0m
[  56% ] [90m[1msavepack[22m | Storing File: res://.godot/imported/T_wallfinish_f03_w03_roughness.png-7162ea26d9bcbe77b8ced975bbf9eb7b.ctex[39m[0m
[  56% ] [90m[1msavepack[22m | Storing File: res://assets/building/textures/T_wallfinish_f03_w03_roughness.png.import[39m[0m
[  57% ] [90m[1msavepack[22m | Storing File: res://.godot/imported/T_wallfinish_f03_w04_albedo.png-9b3d716a5d60165f1d34f577dfd99167.ctex[39m[0m
[  57% ] [90m[1msavepack[22m | Storing File: res://assets/building/textures/T_wallfinish_f03_w04_albedo.png.import[39m[0m
[  57% ] [90m[1msavepack[22m | Storing File: res://.godot/imported/T_wallfinish_f03_w04_normal.png-9c7fdd4d424b2dd35734a9a63e236734.ctex[39m[0m
[  57% ] [90m[1msavepack[22m | Storing File: res://assets/building/textures/T_wallfinish_f03_w04_normal.png.import[39m[0m
[  57% ] [90m[1msavepack[22m | Storing File: res://.godot/imported/T_wallfinish_f03_w04_roughness.png-3740c07af7cdf1ae56436fab4c148788.ctex[39m[0m
[  57% ] [90m[1msavepack[22m | Storing File: res://assets/building/textures/T_wallfinish_f03_w04_roughness.png.import[39m[0m
[  57% ] [90m[1msavepack[22m | Storing File: res://.godot/imported/T_wallfinish_f03_w05_albedo.png-a56fc375ea5e9d553754b325de8eb718.ctex[39m[0m
[  57% ] [90m[1msavepack[22m | Storing File: res://assets/building/textures/T_wallfinish_f03_w05_albedo.png.import[39m[0m
[  57% ] [90m[1msavepack[22m | Storing File: res://.godot/imported/T_wallfinish_f03_w05_normal.png-4cd49c82a32bbe90e36a6de81d59b0a8.ctex[39m[0m
[  57% ] [90m[1msavepack[22m | Storing File: res://assets/building/textures/T_wallfinish_f03_w05_normal.png.import[39m[0m
[  57% ] [90m[1msavepack[22m | Storing File: res://.godot/imported/T_wallfinish_f03_w05_roughness.png-c8010cb91c0f423118c59016f36910a2.ctex[39m[0m
[  57% ] [90m[1msavepack[22m | Storing File: res://assets/building/textures/T_wallfinish_f03_w05_roughness.png.import[39m[0m
[  57% ] [90m[1msavepack[22m | Storing File: res://.godot/imported/T_wallfinish_f03_w06_albedo.png-2dfb54a19e8657d4ac754c97c7dc412f.ctex[39m[0m
[  57% ] [90m[1msavepack[22m | Storing File: res://assets/building/textures/T_wallfinish_f03_w06_albedo.png.import[39m[0m
[  57% ] [90m[1msavepack[22m | Storing File: res://.godot/imported/T_wallfinish_f03_w06_normal.png-84e9d7c67176f227a047636664a4e611.ctex[39m[0m
[  57% ] [90m[1msavepack[22m | Storing File: res://assets/building/textures/T_wallfinish_f03_w06_normal.png.import[39m[0m
[  57% ] [90m[1msavepack[22m | Storing File: res://.godot/imported/T_wallfinish_f03_w06_roughness.png-0163909de2ef09a07994118ba2f11250.ctex[39m[0m
[  57% ] [90m[1msavepack[22m | Storing File: res://assets/building/textures/T_wallfinish_f03_w06_roughness.png.import[39m[0m
[  57% ] [90m[1msavepack[22m | Storing File: res://.godot/imported/T_wallfinish_f03_w07_albedo.png-5bfb5428c799a3612e8079c37418ee21.ctex[39m[0m
[  57% ] [90m[1msavepack[22m | Storing File: res://assets/building/textures/T_wallfinish_f03_w07_albedo.png.import[39m[0m
[  57% ] [90m[1msavepack[22m | Storing File: res://.godot/imported/T_wallfinish_f03_w07_normal.png-9d1f385a37c49c7ee088a3afbfbfb120.ctex[39m[0m
[  57% ] [90m[1msavepack[22m | Storing File: res://assets/building/textures/T_wallfinish_f03_w07_normal.png.import[39m[0m
[  57% ] [90m[1msavepack[22m | Storing File: res://.godot/imported/T_wallfinish_f03_w07_roughness.png-5d9655f1be18807e1bb4a16ed522229c.ctex[39m[0m
[  57% ] [90m[1msavepack[22m | Storing File: res://assets/building/textures/T_wallfinish_f03_w07_roughness.png.import[39m[0m
[  57% ] [90m[1msavepack[22m | Storing File: res://.godot/imported/T_wallfinish_f03_w08_albedo.png-60f10b6192e9441d2c6c42a631479a40.ctex[39m[0m
[  57% ] [90m[1msavepack[22m | Storing File: res://assets/building/textures/T_wallfinish_f03_w08_albedo.png.import[39m[0m
[  57% ] [90m[1msavepack[22m | Storing File: res://.godot/imported/T_wallfinish_f03_w08_normal.png-69b998542a06522834b8fd8b57a998f1.ctex[39m[0m
[  57% ] [90m[1msavepack[22m | Storing File: res://assets/building/textures/T_wallfinish_f03_w08_normal.png.import[39m[0m
[  57% ] [90m[1msavepack[22m | Storing File: res://.godot/imported/T_wallfinish_f03_w08_roughness.png-e4ccf6540395341b7cd627d30bfb7bec.ctex[39m[0m
[  57% ] [90m[1msavepack[22m | Storing File: res://assets/building/textures/T_wallfinish_f03_w08_roughness.png.import[39m[0m
[  57% ] [90m[1msavepack[22m | Storing File: res://.godot/imported/T_wallfinish_f03_w09_albedo.png-6997579e82e2f87d61640e12e6de8227.ctex[39m[0m
[  57% ] [90m[1msavepack[22m | Storing File: res://assets/building/textures/T_wallfinish_f03_w09_albedo.png.import[39m[0m
[  57% ] [90m[1msavepack[22m | Storing File: res://.godot/imported/T_wallfinish_f03_w09_normal.png-bc44edc5c2837fbd1524f77a70c7cb2a.ctex[39m[0m
[  57% ] [90m[1msavepack[22m | Storing File: res://assets/building/textures/T_wallfinish_f03_w09_normal.png.import[39m[0m
[  57% ] [90m[1msavepack[22m | Storing File: res://.godot/imported/T_wallfinish_f03_w09_roughness.png-b9708f418889fc7bc0bea0d1eb7df02a.ctex[39m[0m
[  57% ] [90m[1msavepack[22m | Storing File: res://assets/building/textures/T_wallfinish_f03_w09_roughness.png.import[39m[0m
[  57% ] [90m[1msavepack[22m | Storing File: res://.godot/imported/T_wallfinish_f03_w10_albedo.png-920ed9993296bd083e596d7860d596a5.ctex[39m[0m
[  57% ] [90m[1msavepack[22m | Storing File: res://assets/building/textures/T_wallfinish_f03_w10_albedo.png.import[39m[0m
[  57% ] [90m[1msavepack[22m | Storing File: res://.godot/imported/T_wallfinish_f03_w10_normal.png-dc430fb481deaf9628b4c7e42c9cd04f.ctex[39m[0m
[  57% ] [90m[1msavepack[22m | Storing File: res://assets/building/textures/T_wallfinish_f03_w10_normal.png.import[39m[0m
[  58% ] [90m[1msavepack[22m | Storing File: res://.godot/imported/T_wallfinish_f03_w10_roughness.png-3c16395a91f26eac2aecc67af6e2f9d3.ctex[39m[0m
[  58% ] [90m[1msavepack[22m | Storing File: res://assets/building/textures/T_wallfinish_f03_w10_roughness.png.import[39m[0m
[  58% ] [90m[1msavepack[22m | Storing File: res://.godot/imported/T_wallfinish_f04_w00_albedo.png-1fd3b3f3fddd7260c4f8c548acd11fc6.ctex[39m[0m
[  58% ] [90m[1msavepack[22m | Storing File: res://assets/building/textures/T_wallfinish_f04_w00_albedo.png.import[39m[0m
[  58% ] [90m[1msavepack[22m | Storing File: res://.godot/imported/T_wallfinish_f04_w00_normal.png-f60b37600202428af15dc05ff06c39ff.ctex[39m[0m
[  58% ] [90m[1msavepack[22m | Storing File: res://assets/building/textures/T_wallfinish_f04_w00_normal.png.import[39m[0m
[  58% ] [90m[1msavepack[22m | Storing File: res://.godot/imported/T_wallfinish_f04_w00_roughness.png-84c8cdb996948aef39a617f98352b86b.ctex[39m[0m
[  58% ] [90m[1msavepack[22m | Storing File: res://assets/building/textures/T_wallfinish_f04_w00_roughness.png.import[39m[0m
[  58% ] [90m[1msavepack[22m | Storing File: res://.godot/imported/T_wallfinish_f04_w01_albedo.png-7f5926024dc4e719b176e29daeeb38af.ctex[39m[0m
[  58% ] [90m[1msavepack[22m | Storing File: res://assets/building/textures/T_wallfinish_f04_w01_albedo.png.import[39m[0m
[  58% ] [90m[1msavepack[22m | Storing File: res://.godot/imported/T_wallfinish_f04_w01_normal.png-0e60d1af79be8f3f14ff3bf962641dfb.ctex[39m[0m
[  58% ] [90m[1msavepack[22m | Storing File: res://assets/building/textures/T_wallfinish_f04_w01_normal.png.import[39m[0m
[  58% ] [90m[1msavepack[22m | Storing File: res://.godot/imported/T_wallfinish_f04_w01_roughness.png-c1f1d18ab445968c1c04505d28e323fd.ctex[39m[0m
[  58% ] [90m[1msavepack[22m | Storing File: res://assets/building/textures/T_wallfinish_f04_w01_roughness.png.import[39m[0m
[  58% ] [90m[1msavepack[22m | Storing File: res://.godot/imported/T_wallfinish_f04_w02_albedo.png-81693e5a0a9855a0836f610bf06e5071.ctex[39m[0m
[  58% ] [90m[1msavepack[22m | Storing File: res://assets/building/textures/T_wallfinish_f04_w02_albedo.png.import[39m[0m
[  58% ] [90m[1msavepack[22m | Storing File: res://.godot/imported/T_wallfinish_f04_w02_normal.png-afcb77a56f384e76039b4d99c6a523f3.ctex[39m[0m
[  58% ] [90m[1msavepack[22m | Storing File: res://assets/building/textures/T_wallfinish_f04_w02_normal.png.import[39m[0m
[  58% ] [90m[1msavepack[22m | Storing File: res://.godot/imported/T_wallfinish_f04_w02_roughness.png-97831d02a1f1cfef357470da909cde2e.ctex[39m[0m
[  58% ] [90m[1msavepack[22m | Storing File: res://assets/building/textures/T_wallfinish_f04_w02_roughness.png.import[39m[0m
[  58% ] [90m[1msavepack[22m | Storing File: res://.godot/imported/T_wallfinish_f04_w03_albedo.png-d4de86b5821166eb88ba05d63e3163fc.ctex[39m[0m
[  58% ] [90m[1msavepack[22m | Storing File: res://assets/building/textures/T_wallfinish_f04_w03_albedo.png.import[39m[0m
[  58% ] [90m[1msavepack[22m | Storing File: res://.godot/imported/T_wallfinish_f04_w03_normal.png-3ab97c6229f49c896ae56917478cb18f.ctex[39m[0m
[  58% ] [90m[1msavepack[22m | Storing File: res://assets/building/textures/T_wallfinish_f04_w03_normal.png.import[39m[0m
[  58% ] [90m[1msavepack[22m | Storing File: res://.godot/imported/T_wallfinish_f04_w03_roughness.png-6f7ed199e033ae48bdc909d66754462b.ctex[39m[0m
[  58% ] [90m[1msavepack[22m | Storing File: res://assets/building/textures/T_wallfinish_f04_w03_roughness.png.import[39m[0m
[  58% ] [90m[1msavepack[22m | Storing File: res://.godot/imported/T_wallfinish_f04_w04_albedo.png-efbe1dc6f26f5d4001f61ccb9f7a0895.ctex[39m[0m
[  58% ] [90m[1msavepack[22m | Storing File: res://assets/building/textures/T_wallfinish_f04_w04_albedo.png.import[39m[0m
[  58% ] [90m[1msavepack[22m | Storing File: res://.godot/imported/T_wallfinish_f04_w04_normal.png-284f804bf738e3e77ceae729a81aa92b.ctex[39m[0m
[  58% ] [90m[1msavepack[22m | Storing File: res://assets/building/textures/T_wallfinish_f04_w04_normal.png.import[39m[0m
[  58% ] [90m[1msavepack[22m | Storing File: res://.godot/imported/T_wallfinish_f04_w04_roughness.png-c000709f6cfe80a179dda7dc4e365f24.ctex[39m[0m
[  58% ] [90m[1msavepack[22m | Storing File: res://assets/building/textures/T_wallfinish_f04_w04_roughness.png.import[39m[0m
[  58% ] [90m[1msavepack[22m | Storing File: res://.godot/imported/T_wallfinish_f04_w05_albedo.png-15978806130c68890558439d4f3a95ca.ctex[39m[0m
[  58% ] [90m[1msavepack[22m | Storing File: res://assets/building/textures/T_wallfinish_f04_w05_albedo.png.import[39m[0m
[  58% ] [90m[1msavepack[22m | Storing File: res://.godot/imported/T_wallfinish_f04_w05_normal.png-5919360e10045f22d09b172d11a9ff95.ctex[39m[0m
[  58% ] [90m[1msavepack[22m | Storing File: res://assets/building/textures/T_wallfinish_f04_w05_normal.png.import[39m[0m
[  58% ] [90m[1msavepack[22m | Storing File: res://.godot/imported/T_wallfinish_f04_w05_roughness.png-11efa7269497618d9f8271b1ddd57f43.ctex[39m[0m
[  58% ] [90m[1msavepack[22m | Storing File: res://assets/building/textures/T_wallfinish_f04_w05_roughness.png.import[39m[0m
[  58% ] [90m[1msavepack[22m | Storing File: res://.godot/imported/T_wallfinish_f04_w06_albedo.png-ce1745791dbd384d640baddb7b4e019e.ctex[39m[0m
[  58% ] [90m[1msavepack[22m | Storing File: res://assets/building/textures/T_wallfinish_f04_w06_albedo.png.import[39m[0m
[  58% ] [90m[1msavepack[22m | Storing File: res://.godot/imported/T_wallfinish_f04_w06_normal.png-1a7a2b1477efc1bd1c87e8c4dcd3d4a0.ctex[39m[0m
[  58% ] [90m[1msavepack[22m | Storing File: res://assets/building/textures/T_wallfinish_f04_w06_normal.png.import[39m[0m
[  59% ] [90m[1msavepack[22m | Storing File: res://.godot/imported/T_wallfinish_f04_w06_roughness.png-bd3f7c13d5c63e1467386003d6e907a7.ctex[39m[0m
[  59% ] [90m[1msavepack[22m | Storing File: res://assets/building/textures/T_wallfinish_f04_w06_roughness.png.import[39m[0m
[  59% ] [90m[1msavepack[22m | Storing File: res://.godot/imported/T_wallfinish_f04_w07_albedo.png-5eb23f286fc71b6858cbeb126049ae3f.ctex[39m[0m
[  59% ] [90m[1msavepack[22m | Storing File: res://assets/building/textures/T_wallfinish_f04_w07_albedo.png.import[39m[0m
[  59% ] [90m[1msavepack[22m | Storing File: res://.godot/imported/T_wallfinish_f04_w07_normal.png-18618f6aeeb1b86ed712081e0e53a738.ctex[39m[0m
[  59% ] [90m[1msavepack[22m | Storing File: res://assets/building/textures/T_wallfinish_f04_w07_normal.png.import[39m[0m
[  59% ] [90m[1msavepack[22m | Storing File: res://.godot/imported/T_wallfinish_f04_w07_roughness.png-81a37e7f18721cb6b42293c8f6aa95ca.ctex[39m[0m
[  59% ] [90m[1msavepack[22m | Storing File: res://assets/building/textures/T_wallfinish_f04_w07_roughness.png.import[39m[0m
[  59% ] [90m[1msavepack[22m | Storing File: res://.godot/imported/T_wallfinish_f04_w08_albedo.png-8da53249169197d499eb1b62e5a21df4.ctex[39m[0m
[  59% ] [90m[1msavepack[22m | Storing File: res://assets/building/textures/T_wallfinish_f04_w08_albedo.png.import[39m[0m
[  59% ] [90m[1msavepack[22m | Storing File: res://.godot/imported/T_wallfinish_f04_w08_normal.png-60aeb91d6a26507b3561f8debbc6ca67.ctex[39m[0m
[  59% ] [90m[1msavepack[22m | Storing File: res://assets/building/textures/T_wallfinish_f04_w08_normal.png.import[39m[0m
[  59% ] [90m[1msavepack[22m | Storing File: res://.godot/imported/T_wallfinish_f04_w08_roughness.png-f96be179aa26c8db5cbc23da01559aa1.ctex[39m[0m
[  59% ] [90m[1msavepack[22m | Storing File: res://assets/building/textures/T_wallfinish_f04_w08_roughness.png.import[39m[0m
[  59% ] [90m[1msavepack[22m | Storing File: res://.godot/imported/T_wallfinish_f04_w09_albedo.png-16b54fd2a12947e7297f7dae6dcd6540.ctex[39m[0m
[  59% ] [90m[1msavepack[22m | Storing File: res://assets/building/textures/T_wallfinish_f04_w09_albedo.png.import[39m[0m
[  59% ] [90m[1msavepack[22m | Storing File: res://.godot/imported/T_wallfinish_f04_w09_normal.png-eb62a79094fc2db7e66f78861010f8d5.ctex[39m[0m
[  59% ] [90m[1msavepack[22m | Storing File: res://assets/building/textures/T_wallfinish_f04_w09_normal.png.import[39m[0m
[  59% ] [90m[1msavepack[22m | Storing File: res://.godot/imported/T_wallfinish_f04_w09_roughness.png-c6f3e80115bcd3e6e9342594ffd697b4.ctex[39m[0m
[  59% ] [90m[1msavepack[22m | Storing File: res://assets/building/textures/T_wallfinish_f04_w09_roughness.png.import[39m[0m
[  59% ] [90m[1msavepack[22m | Storing File: res://.godot/imported/T_wallfinish_f04_w10_albedo.png-2019669eb84fa87aec4c96fa2258ec37.ctex[39m[0m
[  59% ] [90m[1msavepack[22m | Storing File: res://assets/building/textures/T_wallfinish_f04_w10_albedo.png.import[39m[0m
[  59% ] [90m[1msavepack[22m | Storing File: res://.godot/imported/T_wallfinish_f04_w10_normal.png-4158fdcbbc25c106ace4f948a769bd09.ctex[39m[0m
[  59% ] [90m[1msavepack[22m | Storing File: res://assets/building/textures/T_wallfinish_f04_w10_normal.png.import[39m[0m
[  59% ] [90m[1msavepack[22m | Storing File: res://.godot/imported/T_wallfinish_f04_w10_roughness.png-39f230b31b6bbb5b2e842643627adfb1.ctex[39m[0m
[  59% ] [90m[1msavepack[22m | Storing File: res://assets/building/textures/T_wallfinish_f04_w10_roughness.png.import[39m[0m
[  59% ] [90m[1msavepack[22m | Storing File: res://.godot/imported/T_wallfinish_f05_w00_albedo.png-55bb968f48fb56ebf0d6b4fb76d72e94.ctex[39m[0m
[  59% ] [90m[1msavepack[22m | Storing File: res://assets/building/textures/T_wallfinish_f05_w00_albedo.png.import[39m[0m
[  59% ] [90m[1msavepack[22m | Storing File: res://.godot/imported/T_wallfinish_f05_w00_normal.png-757a360f5cf05dcc3d6366bf71aa9355.ctex[39m[0m
[  59% ] [90m[1msavepack[22m | Storing File: res://assets/building/textures/T_wallfinish_f05_w00_normal.png.import[39m[0m
[  59% ] [90m[1msavepack[22m | Storing File: res://.godot/imported/T_wallfinish_f05_w00_roughness.png-67eea83c7ebccd75332aa34d27aa0b65.ctex[39m[0m
[  59% ] [90m[1msavepack[22m | Storing File: res://assets/building/textures/T_wallfinish_f05_w00_roughness.png.import[39m[0m
[  59% ] [90m[1msavepack[22m | Storing File: res://.godot/imported/T_wallfinish_f05_w01_albedo.png-52b84652574c7ab4b89dbbc63dbb7b8c.ctex[39m[0m
[  59% ] [90m[1msavepack[22m | Storing File: res://assets/building/textures/T_wallfinish_f05_w01_albedo.png.import[39m[0m
[  59% ] [90m[1msavepack[22m | Storing File: res://.godot/imported/T_wallfinish_f05_w01_normal.png-2d7e4e4eaa344b8fe45995482b0e286c.ctex[39m[0m
[  59% ] [90m[1msavepack[22m | Storing File: res://assets/building/textures/T_wallfinish_f05_w01_normal.png.import[39m[0m
[  59% ] [90m[1msavepack[22m | Storing File: res://.godot/imported/T_wallfinish_f05_w01_roughness.png-81db9a0db17c6cefafd786fd2d4df250.ctex[39m[0m
[  59% ] [90m[1msavepack[22m | Storing File: res://assets/building/textures/T_wallfinish_f05_w01_roughness.png.import[39m[0m
[  59% ] [90m[1msavepack[22m | Storing File: res://.godot/imported/T_wallfinish_f05_w02_albedo.png-ffee738b73a11d003c8d1a329b130217.ctex[39m[0m
[  59% ] [90m[1msavepack[22m | Storing File: res://assets/building/textures/T_wallfinish_f05_w02_albedo.png.import[39m[0m
[  59% ] [90m[1msavepack[22m | Storing File: res://.godot/imported/T_wallfinish_f05_w02_normal.png-1d94e19f189c908290ad7f4a22c08b04.ctex[39m[0m
[  59% ] [90m[1msavepack[22m | Storing File: res://assets/building/textures/T_wallfinish_f05_w02_normal.png.import[39m[0m
[  60% ] [90m[1msavepack[22m | Storing File: res://.godot/imported/T_wallfinish_f05_w02_roughness.png-84886b34e558a12b8328a76ca36d17a0.ctex[39m[0m
[  60% ] [90m[1msavepack[22m | Storing File: res://assets/building/textures/T_wallfinish_f05_w02_roughness.png.import[39m[0m
[  60% ] [90m[1msavepack[22m | Storing File: res://.godot/imported/T_wallfinish_f05_w03_albedo.png-f6eb171138d243604526a64dc8b3a38d.ctex[39m[0m
[  60% ] [90m[1msavepack[22m | Storing File: res://assets/building/textures/T_wallfinish_f05_w03_albedo.png.import[39m[0m
[  60% ] [90m[1msavepack[22m | Storing File: res://.godot/imported/T_wallfinish_f05_w03_normal.png-e274eec0a3336bb1e15db7d3b4790a7f.ctex[39m[0m
[  60% ] [90m[1msavepack[22m | Storing File: res://assets/building/textures/T_wallfinish_f05_w03_normal.png.import[39m[0m
[  60% ] [90m[1msavepack[22m | Storing File: res://.godot/imported/T_wallfinish_f05_w03_roughness.png-6b307713fd64720df24e22aee5cfdcdd.ctex[39m[0m
[  60% ] [90m[1msavepack[22m | Storing File: res://assets/building/textures/T_wallfinish_f05_w03_roughness.png.import[39m[0m
[  60% ] [90m[1msavepack[22m | Storing File: res://.godot/imported/T_wallfinish_f05_w04_albedo.png-1031a166b0da627d203a0e0d41e5c7e8.ctex[39m[0m
[  60% ] [90m[1msavepack[22m | Storing File: res://assets/building/textures/T_wallfinish_f05_w04_albedo.png.import[39m[0m
[  60% ] [90m[1msavepack[22m | Storing File: res://.godot/imported/T_wallfinish_f05_w04_normal.png-a5d9f1d4059ced74c16222de8e334f4c.ctex[39m[0m
[  60% ] [90m[1msavepack[22m | Storing File: res://assets/building/textures/T_wallfinish_f05_w04_normal.png.import[39m[0m
[  60% ] [90m[1msavepack[22m | Storing File: res://.godot/imported/T_wallfinish_f05_w04_roughness.png-9201aae261b86fdd5951b7fbf9776db8.ctex[39m[0m
[  60% ] [90m[1msavepack[22m | Storing File: res://assets/building/textures/T_wallfinish_f05_w04_roughness.png.import[39m[0m
[  60% ] [90m[1msavepack[22m | Storing File: res://.godot/imported/T_wallfinish_f05_w05_albedo.png-5221e13333be719e5a9b3e8896a7a12a.ctex[39m[0m
[  60% ] [90m[1msavepack[22m | Storing File: res://assets/building/textures/T_wallfinish_f05_w05_albedo.png.import[39m[0m
[  60% ] [90m[1msavepack[22m | Storing File: res://.godot/imported/T_wallfinish_f05_w05_normal.png-0b33f72ea9d7d27c83e881458bb9c528.ctex[39m[0m
[  60% ] [90m[1msavepack[22m | Storing File: res://assets/building/textures/T_wallfinish_f05_w05_normal.png.import[39m[0m
[  60% ] [90m[1msavepack[22m | Storing File: res://.godot/imported/T_wallfinish_f05_w05_roughness.png-1361648fa52e99b68b5f99d51c4aad41.ctex[39m[0m
[  60% ] [90m[1msavepack[22m | Storing File: res://assets/building/textures/T_wallfinish_f05_w05_roughness.png.import[39m[0m
[  60% ] [90m[1msavepack[22m | Storing File: res://.godot/imported/T_wallfinish_f05_w06_albedo.png-868eb5a520c16ec647bf7b637a60d980.ctex[39m[0m
[  60% ] [90m[1msavepack[22m | Storing File: res://assets/building/textures/T_wallfinish_f05_w06_albedo.png.import[39m[0m
[  60% ] [90m[1msavepack[22m | Storing File: res://.godot/imported/T_wallfinish_f05_w06_normal.png-2752ace469a9d1f3071cc741c6a42458.ctex[39m[0m
[  60% ] [90m[1msavepack[22m | Storing File: res://assets/building/textures/T_wallfinish_f05_w06_normal.png.import[39m[0m
[  60% ] [90m[1msavepack[22m | Storing File: res://.godot/imported/T_wallfinish_f05_w06_roughness.png-e80cfce8c5f567f473020a1e74ea0b37.ctex[39m[0m
[  60% ] [90m[1msavepack[22m | Storing File: res://assets/building/textures/T_wallfinish_f05_w06_roughness.png.import[39m[0m
[  60% ] [90m[1msavepack[22m | Storing File: res://.godot/imported/T_wallfinish_f05_w07_albedo.png-4b96cac16d5b58761dcbad92307bab2c.ctex[39m[0m
[  60% ] [90m[1msavepack[22m | Storing File: res://assets/building/textures/T_wallfinish_f05_w07_albedo.png.import[39m[0m
[  60% ] [90m[1msavepack[22m | Storing File: res://.godot/imported/T_wallfinish_f05_w07_normal.png-e0edc755be8fae792d210fa260cbf237.ctex[39m[0m
[  60% ] [90m[1msavepack[22m | Storing File: res://assets/building/textures/T_wallfinish_f05_w07_normal.png.import[39m[0m
[  60% ] [90m[1msavepack[22m | Storing File: res://.godot/imported/T_wallfinish_f05_w07_roughness.png-69f2623a2869b42be3172ccb9d1d6785.ctex[39m[0m
[  60% ] [90m[1msavepack[22m | Storing File: res://assets/building/textures/T_wallfinish_f05_w07_roughness.png.import[39m[0m
[  60% ] [90m[1msavepack[22m | Storing File: res://.godot/imported/T_wallfinish_f05_w08_albedo.png-aac060f551a67515b29fa521b7d9d069.ctex[39m[0m
[  60% ] [90m[1msavepack[22m | Storing File: res://assets/building/textures/T_wallfinish_f05_w08_albedo.png.import[39m[0m
[  60% ] [90m[1msavepack[22m | Storing File: res://.godot/imported/T_wallfinish_f05_w08_normal.png-d3a4e6aa6078a2741eb85f9e1753fa06.ctex[39m[0m
[  60% ] [90m[1msavepack[22m | Storing File: res://assets/building/textures/T_wallfinish_f05_w08_normal.png.import[39m[0m
[  60% ] [90m[1msavepack[22m | Storing File: res://.godot/imported/T_wallfinish_f05_w08_roughness.png-58793d3983bdb0b877923c61eb84178e.ctex[39m[0m
[  60% ] [90m[1msavepack[22m | Storing File: res://assets/building/textures/T_wallfinish_f05_w08_roughness.png.import[39m[0m
[  60% ] [90m[1msavepack[22m | Storing File: res://.godot/imported/T_wallfinish_f05_w09_albedo.png-9c7d3c3dbe32fbee6b426f38501de9ae.ctex[39m[0m
[  60% ] [90m[1msavepack[22m | Storing File: res://assets/building/textures/T_wallfinish_f05_w09_albedo.png.import[39m[0m
[  61% ] [90m[1msavepack[22m | Storing File: res://.godot/imported/T_wallfinish_f05_w09_normal.png-150b7070449cf2e71f9a5ae08a989e50.ctex[39m[0m
[  61% ] [90m[1msavepack[22m | Storing File: res://assets/building/textures/T_wallfinish_f05_w09_normal.png.import[39m[0m
[  61% ] [90m[1msavepack[22m | Storing File: res://.godot/imported/T_wallfinish_f05_w09_roughness.png-76e4a44d54df0202c8680b9d4b04e326.ctex[39m[0m
[  61% ] [90m[1msavepack[22m | Storing File: res://assets/building/textures/T_wallfinish_f05_w09_roughness.png.import[39m[0m
[  61% ] [90m[1msavepack[22m | Storing File: res://.godot/imported/T_wallfinish_f05_w10_albedo.png-0bed872fe27f6e4d43a68e879c2bf260.ctex[39m[0m
[  61% ] [90m[1msavepack[22m | Storing File: res://assets/building/textures/T_wallfinish_f05_w10_albedo.png.import[39m[0m
[  61% ] [90m[1msavepack[22m | Storing File: res://.godot/imported/T_wallfinish_f05_w10_normal.png-be86f726f389177a3159d8c1415b4495.ctex[39m[0m
[  61% ] [90m[1msavepack[22m | Storing File: res://assets/building/textures/T_wallfinish_f05_w10_normal.png.import[39m[0m
[  61% ] [90m[1msavepack[22m | Storing File: res://.godot/imported/T_wallfinish_f05_w10_roughness.png-cd5213613610257e657424a6bf50fd06.ctex[39m[0m
[  61% ] [90m[1msavepack[22m | Storing File: res://assets/building/textures/T_wallfinish_f05_w10_roughness.png.import[39m[0m
[  61% ] [90m[1msavepack[22m | Storing File: res://.godot/imported/T_wallfinish_f06_w00_albedo.png-3591db0db37a399029676870fc706943.ctex[39m[0m
[  61% ] [90m[1msavepack[22m | Storing File: res://assets/building/textures/T_wallfinish_f06_w00_albedo.png.import[39m[0m
[  61% ] [90m[1msavepack[22m | Storing File: res://.godot/imported/T_wallfinish_f06_w00_normal.png-db1a0aceb7bf1c2a16aef411f1abc1c7.ctex[39m[0m
[  61% ] [90m[1msavepack[22m | Storing File: res://assets/building/textures/T_wallfinish_f06_w00_normal.png.import[39m[0m
[  61% ] [90m[1msavepack[22m | Storing File: res://.godot/imported/T_wallfinish_f06_w00_roughness.png-c95ce5f726485c92435e4bde3e195022.ctex[39m[0m
[  61% ] [90m[1msavepack[22m | Storing File: res://assets/building/textures/T_wallfinish_f06_w00_roughness.png.import[39m[0m
[  61% ] [90m[1msavepack[22m | Storing File: res://.godot/imported/T_wallfinish_f06_w01_albedo.png-8b7b729ae0875268c0ace316756bccbc.ctex[39m[0m
[  61% ] [90m[1msavepack[22m | Storing File: res://assets/building/textures/T_wallfinish_f06_w01_albedo.png.import[39m[0m
[  61% ] [90m[1msavepack[22m | Storing File: res://.godot/imported/T_wallfinish_f06_w01_normal.png-6e04f3fbfd8912c9fcc4578f20ac1344.ctex[39m[0m
[  61% ] [90m[1msavepack[22m | Storing File: res://assets/building/textures/T_wallfinish_f06_w01_normal.png.import[39m[0m
[  61% ] [90m[1msavepack[22m | Storing File: res://.godot/imported/T_wallfinish_f06_w01_roughness.png-835accd681d0ba68c790684ce67053a5.ctex[39m[0m
[  61% ] [90m[1msavepack[22m | Storing File: res://assets/building/textures/T_wallfinish_f06_w01_roughness.png.import[39m[0m
[  61% ] [90m[1msavepack[22m | Storing File: res://.godot/imported/T_wallfinish_f06_w02_albedo.png-4480dc791be0b990b6b0c16e4cae9584.ctex[39m[0m
[  61% ] [90m[1msavepack[22m | Storing File: res://assets/building/textures/T_wallfinish_f06_w02_albedo.png.import[39m[0m
[  61% ] [90m[1msavepack[22m | Storing File: res://.godot/imported/T_wallfinish_f06_w02_normal.png-7c409699c56c25622c7896b02b2079ec.ctex[39m[0m
[  61% ] [90m[1msavepack[22m | Storing File: res://assets/building/textures/T_wallfinish_f06_w02_normal.png.import[39m[0m
[  61% ] [90m[1msavepack[22m | Storing File: res://.godot/imported/T_wallfinish_f06_w02_roughness.png-f187d3c4f598b4ce6fc2ac15e9c05229.ctex[39m[0m
[  61% ] [90m[1msavepack[22m | Storing File: res://assets/building/textures/T_wallfinish_f06_w02_roughness.png.import[39m[0m
[  61% ] [90m[1msavepack[22m | Storing File: res://.godot/imported/T_wallfinish_f06_w03_albedo.png-87695913079b6e25562ba0e09213bf68.ctex[39m[0m
[  61% ] [90m[1msavepack[22m | Storing File: res://assets/building/textures/T_wallfinish_f06_w03_albedo.png.import[39m[0m
[  61% ] [90m[1msavepack[22m | Storing File: res://.godot/imported/T_wallfinish_f06_w03_normal.png-885e388b051124c3ee035489403f5bf4.ctex[39m[0m
[  61% ] [90m[1msavepack[22m | Storing File: res://assets/building/textures/T_wallfinish_f06_w03_normal.png.import[39m[0m
[  61% ] [90m[1msavepack[22m | Storing File: res://.godot/imported/T_wallfinish_f06_w03_roughness.png-a9ada4da9b156435c12d9be5f40336ce.ctex[39m[0m
[  61% ] [90m[1msavepack[22m | Storing File: res://assets/building/textures/T_wallfinish_f06_w03_roughness.png.import[39m[0m
[  61% ] [90m[1msavepack[22m | Storing File: res://.godot/imported/T_wallfinish_f06_w04_albedo.png-02ab50ceca9b2241367fdb72ad8915ba.ctex[39m[0m
[  61% ] [90m[1msavepack[22m | Storing File: res://assets/building/textures/T_wallfinish_f06_w04_albedo.png.import[39m[0m
[  61% ] [90m[1msavepack[22m | Storing File: res://.godot/imported/T_wallfinish_f06_w04_normal.png-df6a536f1857a07094297ea622006c9b.ctex[39m[0m
[  61% ] [90m[1msavepack[22m | Storing File: res://assets/building/textures/T_wallfinish_f06_w04_normal.png.import[39m[0m
[  61% ] [90m[1msavepack[22m | Storing File: res://.godot/imported/T_wallfinish_f06_w04_roughness.png-829b7e608147a932609ec0de5b052bb4.ctex[39m[0m
[  61% ] [90m[1msavepack[22m | Storing File: res://assets/building/textures/T_wallfinish_f06_w04_roughness.png.import[39m[0m
[  61% ] [90m[1msavepack[22m | Storing File: res://.godot/imported/T_wallfinish_f06_w05_albedo.png-53ee5cf4e98fa5b4345c28598315bd34.ctex[39m[0m
[  61% ] [90m[1msavepack[22m | Storing File: res://assets/building/textures/T_wallfinish_f06_w05_albedo.png.import[39m[0m
[  62% ] [90m[1msavepack[22m | Storing File: res://.godot/imported/T_wallfinish_f06_w05_normal.png-4ba9a87c2738f3a39cb23d8df3987203.ctex[39m[0m
[  62% ] [90m[1msavepack[22m | Storing File: res://assets/building/textures/T_wallfinish_f06_w05_normal.png.import[39m[0m
[  62% ] [90m[1msavepack[22m | Storing File: res://.godot/imported/T_wallfinish_f06_w05_roughness.png-31f0a8f08e89137c2e431e9556a7dad3.ctex[39m[0m
[  62% ] [90m[1msavepack[22m | Storing File: res://assets/building/textures/T_wallfinish_f06_w05_roughness.png.import[39m[0m
[  62% ] [90m[1msavepack[22m | Storing File: res://.godot/imported/T_wallfinish_f06_w06_albedo.png-a27f38385e0ff5738e042b60532f842f.ctex[39m[0m
[  62% ] [90m[1msavepack[22m | Storing File: res://assets/building/textures/T_wallfinish_f06_w06_albedo.png.import[39m[0m
[  62% ] [90m[1msavepack[22m | Storing File: res://.godot/imported/T_wallfinish_f06_w06_normal.png-723bca1ce3846b59125de01a9425f602.ctex[39m[0m
[  62% ] [90m[1msavepack[22m | Storing File: res://assets/building/textures/T_wallfinish_f06_w06_normal.png.import[39m[0m
[  62% ] [90m[1msavepack[22m | Storing File: res://.godot/imported/T_wallfinish_f06_w06_roughness.png-c07be291449da4cbe19e33140ac3da19.ctex[39m[0m
[  62% ] [90m[1msavepack[22m | Storing File: res://assets/building/textures/T_wallfinish_f06_w06_roughness.png.import[39m[0m
[  62% ] [90m[1msavepack[22m | Storing File: res://.godot/imported/T_wallfinish_f06_w07_albedo.png-efd9b17d5826571ee41b08ba266ce47a.ctex[39m[0m
[  62% ] [90m[1msavepack[22m | Storing File: res://assets/building/textures/T_wallfinish_f06_w07_albedo.png.import[39m[0m
[  62% ] [90m[1msavepack[22m | Storing File: res://.godot/imported/T_wallfinish_f06_w07_normal.png-1aa2b2ad52cf95c8c2478af922402396.ctex[39m[0m
[  62% ] [90m[1msavepack[22m | Storing File: res://assets/building/textures/T_wallfinish_f06_w07_normal.png.import[39m[0m
[  62% ] [90m[1msavepack[22m | Storing File: res://.godot/imported/T_wallfinish_f06_w07_roughness.png-77f66a96c566e99b78dcf1d01cc2216b.ctex[39m[0m
[  62% ] [90m[1msavepack[22m | Storing File: res://assets/building/textures/T_wallfinish_f06_w07_roughness.png.import[39m[0m
[  62% ] [90m[1msavepack[22m | Storing File: res://.godot/imported/T_wallfinish_f06_w08_albedo.png-01b5fe7a1000d9446d7026f86b291092.ctex[39m[0m
[  62% ] [90m[1msavepack[22m | Storing File: res://assets/building/textures/T_wallfinish_f06_w08_albedo.png.import[39m[0m
[  62% ] [90m[1msavepack[22m | Storing File: res://.godot/imported/T_wallfinish_f06_w08_normal.png-349180865c6713ed989874221c71242e.ctex[39m[0m
[  62% ] [90m[1msavepack[22m | Storing File: res://assets/building/textures/T_wallfinish_f06_w08_normal.png.import[39m[0m
[  62% ] [90m[1msavepack[22m | Storing File: res://.godot/imported/T_wallfinish_f06_w08_roughness.png-b17626de3c148b9be0aef5f5b330fb59.ctex[39m[0m
[  62% ] [90m[1msavepack[22m | Storing File: res://assets/building/textures/T_wallfinish_f06_w08_roughness.png.import[39m[0m
[  62% ] [90m[1msavepack[22m | Storing File: res://.godot/imported/T_wallfinish_f06_w09_albedo.png-372b1050df081d787253627de9d3abdb.ctex[39m[0m
[  62% ] [90m[1msavepack[22m | Storing File: res://assets/building/textures/T_wallfinish_f06_w09_albedo.png.import[39m[0m
[  62% ] [90m[1msavepack[22m | Storing File: res://.godot/imported/T_wallfinish_f06_w09_normal.png-29a2dc39f44d499eb63aa74583938406.ctex[39m[0m
[  62% ] [90m[1msavepack[22m | Storing File: res://assets/building/textures/T_wallfinish_f06_w09_normal.png.import[39m[0m
[  62% ] [90m[1msavepack[22m | Storing File: res://.godot/imported/T_wallfinish_f06_w09_roughness.png-66ef506cdb34f04fa49d17e5f100f35e.ctex[39m[0m
[  62% ] [90m[1msavepack[22m | Storing File: res://assets/building/textures/T_wallfinish_f06_w09_roughness.png.import[39m[0m
[  62% ] [90m[1msavepack[22m | Storing File: res://.godot/imported/T_wallfinish_f06_w10_albedo.png-2408d1c5b29ab9e5932da7c7cd1e8911.ctex[39m[0m
[  62% ] [90m[1msavepack[22m | Storing File: res://assets/building/textures/T_wallfinish_f06_w10_albedo.png.import[39m[0m
[  62% ] [90m[1msavepack[22m | Storing File: res://.godot/imported/T_wallfinish_f06_w10_normal.png-74aec61fa27c0286531752ae6c304105.ctex[39m[0m
[  62% ] [90m[1msavepack[22m | Storing File: res://assets/building/textures/T_wallfinish_f06_w10_normal.png.import[39m[0m
[  62% ] [90m[1msavepack[22m | Storing File: res://.godot/imported/T_wallfinish_f06_w10_roughness.png-25a8dfb094a5e1297978a3053ce42526.ctex[39m[0m
[  62% ] [90m[1msavepack[22m | Storing File: res://assets/building/textures/T_wallfinish_f06_w10_roughness.png.import[39m[0m
[  62% ] [90m[1msavepack[22m | Storing File: res://.godot/imported/T_wallfinish_roof_w00_albedo.png-66c8370866b474c9a9e5b374d6ac7315.ctex[39m[0m
[  62% ] [90m[1msavepack[22m | Storing File: res://assets/building/textures/T_wallfinish_roof_w00_albedo.png.import[39m[0m
[  62% ] [90m[1msavepack[22m | Storing File: res://.godot/imported/T_wallfinish_roof_w00_normal.png-7cdf83d506e40e8b34774e4cc44649c1.ctex[39m[0m
[  62% ] [90m[1msavepack[22m | Storing File: res://assets/building/textures/T_wallfinish_roof_w00_normal.png.import[39m[0m
[  62% ] [90m[1msavepack[22m | Storing File: res://.godot/imported/T_wallfinish_roof_w00_roughness.png-50bac1ea9b14c2a45a54496b885f1072.ctex[39m[0m
[  62% ] [90m[1msavepack[22m | Storing File: res://assets/building/textures/T_wallfinish_roof_w00_roughness.png.import[39m[0m
[  62% ] [90m[1msavepack[22m | Storing File: res://.godot/imported/T_wallfinish_roof_w01_albedo.png-aad53d1f149bb7b85663ae32fd81d677.ctex[39m[0m
[  62% ] [90m[1msavepack[22m | Storing File: res://assets/building/textures/T_wallfinish_roof_w01_albedo.png.import[39m[0m
[  63% ] [90m[1msavepack[22m | Storing File: res://.godot/imported/T_wallfinish_roof_w01_normal.png-930546d44d8f9b9abadb659fbfd148a8.ctex[39m[0m
[  63% ] [90m[1msavepack[22m | Storing File: res://assets/building/textures/T_wallfinish_roof_w01_normal.png.import[39m[0m
[  63% ] [90m[1msavepack[22m | Storing File: res://.godot/imported/T_wallfinish_roof_w01_roughness.png-53186b98b31a3492c880e25f127b142d.ctex[39m[0m
[  63% ] [90m[1msavepack[22m | Storing File: res://assets/building/textures/T_wallfinish_roof_w01_roughness.png.import[39m[0m
[  63% ] [90m[1msavepack[22m | Storing File: res://.godot/imported/T_wallfinish_roof_w02_albedo.png-bc58b9806cdd512f8d37ac8af7a26f75.ctex[39m[0m
[  63% ] [90m[1msavepack[22m | Storing File: res://assets/building/textures/T_wallfinish_roof_w02_albedo.png.import[39m[0m
[  63% ] [90m[1msavepack[22m | Storing File: res://.godot/imported/T_wallfinish_roof_w02_normal.png-672ce9e0c1baa499edfc244bbfb7e0c7.ctex[39m[0m
[  63% ] [90m[1msavepack[22m | Storing File: res://assets/building/textures/T_wallfinish_roof_w02_normal.png.import[39m[0m
[  63% ] [90m[1msavepack[22m | Storing File: res://.godot/imported/T_wallfinish_roof_w02_roughness.png-065f3ef18d765be45f8a4948e97b0dbf.ctex[39m[0m
[  63% ] [90m[1msavepack[22m | Storing File: res://assets/building/textures/T_wallfinish_roof_w02_roughness.png.import[39m[0m
[  63% ] [90m[1msavepack[22m | Storing File: res://.godot/imported/T_wallfinish_roof_w03_albedo.png-917b631d70276b8661dfaededfe74419.ctex[39m[0m
[  63% ] [90m[1msavepack[22m | Storing File: res://assets/building/textures/T_wallfinish_roof_w03_albedo.png.import[39m[0m
[  63% ] [90m[1msavepack[22m | Storing File: res://.godot/imported/T_wallfinish_roof_w03_normal.png-d9e29cad27c89c66361e2ac67cae2825.ctex[39m[0m
[  63% ] [90m[1msavepack[22m | Storing File: res://assets/building/textures/T_wallfinish_roof_w03_normal.png.import[39m[0m
[  63% ] [90m[1msavepack[22m | Storing File: res://.godot/imported/T_wallfinish_roof_w03_roughness.png-017b0d201d844747dc4945d8244fd04a.ctex[39m[0m
[  63% ] [90m[1msavepack[22m | Storing File: res://assets/building/textures/T_wallfinish_roof_w03_roughness.png.import[39m[0m
[  63% ] [90m[1msavepack[22m | Storing File: res://.godot/imported/T_wallfinish_roof_w04_albedo.png-c72c163ad42f1a6c0455499497c76bdf.ctex[39m[0m
[  63% ] [90m[1msavepack[22m | Storing File: res://assets/building/textures/T_wallfinish_roof_w04_albedo.png.import[39m[0m
[  63% ] [90m[1msavepack[22m | Storing File: res://.godot/imported/T_wallfinish_roof_w04_normal.png-b6ac2c477c061b8e856b20fa33f59c8e.ctex[39m[0m
[  63% ] [90m[1msavepack[22m | Storing File: res://assets/building/textures/T_wallfinish_roof_w04_normal.png.import[39m[0m
[  63% ] [90m[1msavepack[22m | Storing File: res://.godot/imported/T_wallfinish_roof_w04_roughness.png-53855797f3388f26bd51d4171771e85a.ctex[39m[0m
[  63% ] [90m[1msavepack[22m | Storing File: res://assets/building/textures/T_wallfinish_roof_w04_roughness.png.import[39m[0m
[  63% ] [90m[1msavepack[22m | Storing File: res://.godot/imported/floor_01.gltf-bf4c33bf9f8385d0a54b5d29fe87eaae.scn[39m[0m
[  63% ] [90m[1msavepack[22m | Storing File: res://assets/building/floor_01.gltf.import[39m[0m
[  63% ] [90m[1msavepack[22m | Storing File: res://.godot/imported/floor_02.gltf-87b458037cc1d66f742572699698727a.scn[39m[0m
[  63% ] [90m[1msavepack[22m | Storing File: res://assets/building/floor_02.gltf.import[39m[0m
[  63% ] [90m[1msavepack[22m | Storing File: res://.godot/imported/floor_03.gltf-7c0f4951b8a04caefe2b03857cc19575.scn[39m[0m
[  63% ] [90m[1msavepack[22m | Storing File: res://assets/building/floor_03.gltf.import[39m[0m
[  63% ] [90m[1msavepack[22m | Storing File: res://.godot/imported/floor_04.gltf-495287099597d18b92aa5bf921f2387d.scn[39m[0m
[  63% ] [90m[1msavepack[22m | Storing File: res://assets/building/floor_04.gltf.import[39m[0m
[  63% ] [90m[1msavepack[22m | Storing File: res://.godot/imported/floor_05.gltf-3d7550b6aa235c323bda7b3d6e1908bc.scn[39m[0m
[  63% ] [90m[1msavepack[22m | Storing File: res://assets/building/floor_05.gltf.import[39m[0m
[  63% ] [90m[1msavepack[22m | Storing File: res://.godot/imported/floor_06.gltf-1c462f7a430e72ffb8db95729ca816ee.scn[39m[0m
[  63% ] [90m[1msavepack[22m | Storing File: res://assets/building/floor_06.gltf.import[39m[0m
[  63% ] [90m[1msavepack[22m | Storing File: res://.godot/imported/floor_b1.gltf-10aa188a710e2963a0c2a606433811c7.scn[39m[0m
[  63% ] [90m[1msavepack[22m | Storing File: res://assets/building/floor_b1.gltf.import[39m[0m
[  63% ] [90m[1msavepack[22m | Storing File: res://.godot/imported/roof.gltf-96d69c1e8c5ac6cdc97f633e4e70081c.scn[39m[0m
[  63% ] [90m[1msavepack[22m | Storing File: res://assets/building/roof.gltf.import[39m[0m
[  63% ] [90m[1msavepack[22m | Storing File: res://.godot/imported/cal_dwyer.gltf-6b58e9db4a0ff8e7396e6e63f6969a34.scn[39m[0m
[  63% ] [90m[1msavepack[22m | Storing File: res://assets/characters/cal_dwyer/cal_dwyer.gltf.import[39m[0m
[  64% ] [90m[1msavepack[22m | Storing File: res://.godot/imported/cal_dwyer_moves.glb-9e1ecdfd16a5cf403677419e69379361.scn[39m[0m
[  64% ] [90m[1msavepack[22m | Storing File: res://assets/characters/cal_dwyer/cal_dwyer_moves.glb.import[39m[0m
[  64% ] [90m[1msavepack[22m | Storing File: res://.godot/imported/cal_dwyer_preview.png-a45f6f96c43d7d24d886de2de1810bef.ctex[39m[0m
[  64% ] [90m[1msavepack[22m | Storing File: res://assets/characters/cal_dwyer/cal_dwyer_preview.png.import[39m[0m
[  64% ] [90m[1msavepack[22m | Storing File: res://.godot/imported/texture_0.png-260e73d7f5e19f613d18cb3a75a5192f.ctex[39m[0m
[  64% ] [90m[1msavepack[22m | Storing File: res://assets/characters/cal_dwyer/texture_0.png.import[39m[0m
[  64% ] [90m[1msavepack[22m | Storing File: res://.godot/imported/cam_ortiz.gltf-54df82eb6c082377841cc095d00ae171.scn[39m[0m
[  64% ] [90m[1msavepack[22m | Storing File: res://assets/characters/cam_ortiz/cam_ortiz.gltf.import[39m[0m
[  64% ] [90m[1msavepack[22m | Storing File: res://.godot/imported/cam_ortiz_moves.glb-412e3f6d292e39d567871045d91de196.scn[39m[0m
[  64% ] [90m[1msavepack[22m | Storing File: res://assets/characters/cam_ortiz/cam_ortiz_moves.glb.import[39m[0m
[  64% ] [90m[1msavepack[22m | Storing File: res://.godot/imported/cam_ortiz_preview.png-26b96f17672a9819b4cad2f5944d3a24.ctex[39m[0m
[  64% ] [90m[1msavepack[22m | Storing File: res://assets/characters/cam_ortiz/cam_ortiz_preview.png.import[39m[0m
[  64% ] [90m[1msavepack[22m | Storing File: res://.godot/imported/texture_0.png-cbdd849b7fca90e9965a9a840b0728cb.ctex[39m[0m
[  64% ] [90m[1msavepack[22m | Storing File: res://assets/characters/cam_ortiz/texture_0.png.import[39m[0m
[  64% ] [90m[1msavepack[22m | Storing File: res://.godot/imported/evelyn_marsh.gltf-3c5f33c2601eb059a14353959a8220e9.scn[39m[0m
[  64% ] [90m[1msavepack[22m | Storing File: res://assets/characters/evelyn_marsh/evelyn_marsh.gltf.import[39m[0m
[  64% ] [90m[1msavepack[22m | Storing File: res://.godot/imported/evelyn_marsh_preview.png-b04c427fc2935b2dcc774335756c862a.ctex[39m[0m
[  64% ] [90m[1msavepack[22m | Storing File: res://assets/characters/evelyn_marsh/evelyn_marsh_preview.png.import[39m[0m
[  64% ] [90m[1msavepack[22m | Storing File: res://.godot/imported/texture_0.jpg-988f22cee236c0ac493f5db3acc14b88.ctex[39m[0m
[  64% ] [90m[1msavepack[22m | Storing File: res://assets/characters/evelyn_marsh/texture_0.jpg.import[39m[0m
[  64% ] [90m[1msavepack[22m | Storing File: res://.godot/imported/iris_bell.gltf-ba73f6f15b6c563717f15c958566d670.scn[39m[0m
[  64% ] [90m[1msavepack[22m | Storing File: res://assets/characters/iris_bell/iris_bell.gltf.import[39m[0m
[  64% ] [90m[1msavepack[22m | Storing File: res://.godot/imported/iris_bell_moves.glb-b29541715ad1707b56c52591e3cdb97f.scn[39m[0m
[  64% ] [90m[1msavepack[22m | Storing File: res://assets/characters/iris_bell/iris_bell_moves.glb.import[39m[0m
[  64% ] [90m[1msavepack[22m | Storing File: res://.godot/imported/iris_bell_preview.png-822dd567a3e0717080e3804fa146ceca.ctex[39m[0m
[  64% ] [90m[1msavepack[22m | Storing File: res://assets/characters/iris_bell/iris_bell_preview.png.import[39m[0m
[  64% ] [90m[1msavepack[22m | Storing File: res://.godot/imported/texture_0.png-11a1c7bce2f78d109815a0f7c7ae556e.ctex[39m[0m
[  64% ] [90m[1msavepack[22m | Storing File: res://assets/characters/iris_bell/texture_0.png.import[39m[0m
[  64% ] [90m[1msavepack[22m | Storing File: res://.godot/imported/jonah_price.gltf-2e5049dd6bc80f76dd3960aacf863f6f.scn[39m[0m
[  64% ] [90m[1msavepack[22m | Storing File: res://assets/characters/jonah_price/jonah_price.gltf.import[39m[0m
[  64% ] [90m[1msavepack[22m | Storing File: res://.godot/imported/jonah_price_moves.glb-657c42cf6449786e57d87c65c937bce3.scn[39m[0m
[  64% ] [90m[1msavepack[22m | Storing File: res://assets/characters/jonah_price/jonah_price_moves.glb.import[39m[0m
[  64% ] [90m[1msavepack[22m | Storing File: res://.godot/imported/jonah_price_preview.png-283c471393d785bae83df1258d98f847.ctex[39m[0m
[  64% ] [90m[1msavepack[22m | Storing File: res://assets/characters/jonah_price/jonah_price_preview.png.import[39m[0m
[  64% ] [90m[1msavepack[22m | Storing File: res://.godot/imported/texture_0.png-caa436597f018c137c8d040e77afdb2a.ctex[39m[0m
[  64% ] [90m[1msavepack[22m | Storing File: res://assets/characters/jonah_price/texture_0.png.import[39m[0m
[  64% ] [90m[1msavepack[22m | Storing File: res://.godot/imported/juno_kells.gltf-d0d1a49a3cdb82a71ef65cfa0681850c.scn[39m[0m
[  64% ] [90m[1msavepack[22m | Storing File: res://assets/characters/juno_kells/juno_kells.gltf.import[39m[0m
[  64% ] [90m[1msavepack[22m | Storing File: res://.godot/imported/juno_kells_moves.glb-a96a77efb8b8b6f379d3c35386e0e22a.scn[39m[0m
[  64% ] [90m[1msavepack[22m | Storing File: res://assets/characters/juno_kells/juno_kells_moves.glb.import[39m[0m
[  64% ] [90m[1msavepack[22m | Storing File: res://.godot/imported/juno_kells_preview.png-8c556578d6a2ba1a5ccb8388f1a111ca.ctex[39m[0m
[  64% ] [90m[1msavepack[22m | Storing File: res://assets/characters/juno_kells/juno_kells_preview.png.import[39m[0m
[  65% ] [90m[1msavepack[22m | Storing File: res://.godot/imported/texture_0.png-36f90857ef508ea61d02646faea3792f.ctex[39m[0m
[  65% ] [90m[1msavepack[22m | Storing File: res://assets/characters/juno_kells/texture_0.png.import[39m[0m
[  65% ] [90m[1msavepack[22m | Storing File: res://.godot/imported/lena_ortiz.gltf-6af5793b3937dd6e471592742ec5a152.scn[39m[0m
[  65% ] [90m[1msavepack[22m | Storing File: res://assets/characters/lena_ortiz/lena_ortiz.gltf.import[39m[0m
[  65% ] [90m[1msavepack[22m | Storing File: res://.godot/imported/lena_ortiz_moves.glb-12127deb06c671a2d3c3d0e95b77fc60.scn[39m[0m
[  65% ] [90m[1msavepack[22m | Storing File: res://assets/characters/lena_ortiz/lena_ortiz_moves.glb.import[39m[0m
[  65% ] [90m[1msavepack[22m | Storing File: res://.godot/imported/lena_ortiz_preview.png-7fcc48bb3c2fa4b013bbf7e46b18cf83.ctex[39m[0m
[  65% ] [90m[1msavepack[22m | Storing File: res://assets/characters/lena_ortiz/lena_ortiz_preview.png.import[39m[0m
[  65% ] [90m[1msavepack[22m | Storing File: res://.godot/imported/texture_0.png-3d275ac39c434a2f381792189c177a7e.ctex[39m[0m
[  65% ] [90m[1msavepack[22m | Storing File: res://assets/characters/lena_ortiz/texture_0.png.import[39m[0m
[  65% ] [90m[1msavepack[22m | Storing File: res://.godot/imported/mae_kessler.gltf-ad4189c17a51112ff26cec6ba7d168d4.scn[39m[0m
[  65% ] [90m[1msavepack[22m | Storing File: res://assets/characters/mae_kessler/mae_kessler.gltf.import[39m[0m
[  65% ] [90m[1msavepack[22m | Storing File: res://.godot/imported/mae_kessler_moves.glb-bc394b5a82dbbddf48e09b3eb0311d3c.scn[39m[0m
[  65% ] [90m[1msavepack[22m | Storing File: res://assets/characters/mae_kessler/mae_kessler_moves.glb.import[39m[0m
[  65% ] [90m[1msavepack[22m | Storing File: res://.godot/imported/mae_kessler_preview.png-45fc8f9416e62bf18eb96795fcf886a8.ctex[39m[0m
[  65% ] [90m[1msavepack[22m | Storing File: res://assets/characters/mae_kessler/mae_kessler_preview.png.import[39m[0m
[  65% ] [90m[1msavepack[22m | Storing File: res://.godot/imported/texture_0.png-218ecacfe42af0b94d98b91b382a2fbb.ctex[39m[0m
[  65% ] [90m[1msavepack[22m | Storing File: res://assets/characters/mae_kessler/texture_0.png.import[39m[0m
[  65% ] [90m[1msavepack[22m | Storing File: res://.godot/imported/malcolm_reed.gltf-1c7e31a0ba9d4d0b39f6a6d6e4948584.scn[39m[0m
[  65% ] [90m[1msavepack[22m | Storing File: res://assets/characters/malcolm_reed/malcolm_reed.gltf.import[39m[0m
[  65% ] [90m[1msavepack[22m | Storing File: res://.godot/imported/malcolm_reed_moves.glb-fe7e5de4afe78808cd6d028044375285.scn[39m[0m
[  65% ] [90m[1msavepack[22m | Storing File: res://assets/characters/malcolm_reed/malcolm_reed_moves.glb.import[39m[0m
[  65% ] [90m[1msavepack[22m | Storing File: res://.godot/imported/malcolm_reed_preview.png-189ccaa019a80e691944937e545f78eb.ctex[39m[0m
[  65% ] [90m[1msavepack[22m | Storing File: res://assets/characters/malcolm_reed/malcolm_reed_preview.png.import[39m[0m
[  65% ] [90m[1msavepack[22m | Storing File: res://.godot/imported/texture_0.png-42b2190152b2b70138a799e7438955ed.ctex[39m[0m
[  65% ] [90m[1msavepack[22m | Storing File: res://assets/characters/malcolm_reed/texture_0.png.import[39m[0m
[  65% ] [90m[1msavepack[22m | Storing File: res://.godot/imported/mina_vale.gltf-d3b988ce2a7a61307ce74670bab22300.scn[39m[0m
[  65% ] [90m[1msavepack[22m | Storing File: res://assets/characters/mina_vale/mina_vale.gltf.import[39m[0m
[  65% ] [90m[1msavepack[22m | Storing File: res://.godot/imported/mina_vale_moves.glb-b3b06abba36248588db08d0bdc7704f0.scn[39m[0m
[  65% ] [90m[1msavepack[22m | Storing File: res://assets/characters/mina_vale/mina_vale_moves.glb.import[39m[0m
[  65% ] [90m[1msavepack[22m | Storing File: res://.godot/imported/mina_vale_preview.png-1681f9f7c2a7baec218be25b7e094e03.ctex[39m[0m
[  65% ] [90m[1msavepack[22m | Storing File: res://assets/characters/mina_vale/mina_vale_preview.png.import[39m[0m
[  65% ] [90m[1msavepack[22m | Storing File: res://.godot/imported/texture_0.png-7ba0d1bb8e8fcf582a40806e4c270463.ctex[39m[0m
[  65% ] [90m[1msavepack[22m | Storing File: res://assets/characters/mina_vale/texture_0.png.import[39m[0m
[  65% ] [90m[1msavepack[22m | Storing File: res://.godot/imported/nadia_quell.gltf-b6d002bf79451125c3ea7f15bdc789a9.scn[39m[0m
[  65% ] [90m[1msavepack[22m | Storing File: res://assets/characters/nadia_quell/nadia_quell.gltf.import[39m[0m
[  65% ] [90m[1msavepack[22m | Storing File: res://.godot/imported/nadia_quell_moves.glb-a06057855bb1c261c2daf81405444a47.scn[39m[0m
[  65% ] [90m[1msavepack[22m | Storing File: res://assets/characters/nadia_quell/nadia_quell_moves.glb.import[39m[0m
[  65% ] [90m[1msavepack[22m | Storing File: res://.godot/imported/nadia_quell_preview.png-1e9b28e1bf96f4d0daf2a85b42022b06.ctex[39m[0m
[  65% ] [90m[1msavepack[22m | Storing File: res://assets/characters/nadia_quell/nadia_quell_preview.png.import[39m[0m
[  66% ] [90m[1msavepack[22m | Storing File: res://.godot/imported/texture_0.png-c34c7e9785f4fed6498502097cadc8a3.ctex[39m[0m
[  66% ] [90m[1msavepack[22m | Storing File: res://assets/characters/nadia_quell/texture_0.png.import[39m[0m
[  66% ] [90m[1msavepack[22m | Storing File: res://.godot/imported/noel_price.gltf-69ed2ae4cb829c6072d45f128aa182bd.scn[39m[0m
[  66% ] [90m[1msavepack[22m | Storing File: res://assets/characters/noel_price/noel_price.gltf.import[39m[0m
[  66% ] [90m[1msavepack[22m | Storing File: res://.godot/imported/noel_price_moves.glb-46c26dd78a97e3ea896a7789ff696f04.scn[39m[0m
[  66% ] [90m[1msavepack[22m | Storing File: res://assets/characters/noel_price/noel_price_moves.glb.import[39m[0m
[  66% ] [90m[1msavepack[22m | Storing File: res://.godot/imported/noel_price_preview.png-1fde8483a6287b8583074c118fb45cb8.ctex[39m[0m
[  66% ] [90m[1msavepack[22m | Storing File: res://assets/characters/noel_price/noel_price_preview.png.import[39m[0m
[  66% ] [90m[1msavepack[22m | Storing File: res://.godot/imported/texture_0.png-56b65b32887f567dad30c0c4bbd3f91c.ctex[39m[0m
[  66% ] [90m[1msavepack[22m | Storing File: res://assets/characters/noel_price/texture_0.png.import[39m[0m
[  66% ] [90m[1msavepack[22m | Storing File: res://.godot/imported/omar_bell.gltf-66118b907eae1459b3094360623122ed.scn[39m[0m
[  66% ] [90m[1msavepack[22m | Storing File: res://assets/characters/omar_bell/omar_bell.gltf.import[39m[0m
[  66% ] [90m[1msavepack[22m | Storing File: res://.godot/imported/omar_bell_moves.glb-010dae59629c7357d5df4ca134e0f83b.scn[39m[0m
[  66% ] [90m[1msavepack[22m | Storing File: res://assets/characters/omar_bell/omar_bell_moves.glb.import[39m[0m
[  66% ] [90m[1msavepack[22m | Storing File: res://.godot/imported/omar_bell_preview.png-413e026f29c36f0fb848491f6012542c.ctex[39m[0m
[  66% ] [90m[1msavepack[22m | Storing File: res://assets/characters/omar_bell/omar_bell_preview.png.import[39m[0m
[  66% ] [90m[1msavepack[22m | Storing File: res://.godot/imported/texture_0.png-f7eade2c3465da553a31b1c970746a8b.ctex[39m[0m
[  66% ] [90m[1msavepack[22m | Storing File: res://assets/characters/omar_bell/texture_0.png.import[39m[0m
[  66% ] [90m[1msavepack[22m | Storing File: res://.godot/imported/peter_wren.gltf-ed52f549fee178d8ff9481c04ff470b9.scn[39m[0m
[  66% ] [90m[1msavepack[22m | Storing File: res://assets/characters/peter_wren/peter_wren.gltf.import[39m[0m
[  66% ] [90m[1msavepack[22m | Storing File: res://.godot/imported/peter_wren_moves.glb-0bfff03ffd86d770ff60b7996f8107b9.scn[39m[0m
[  66% ] [90m[1msavepack[22m | Storing File: res://assets/characters/peter_wren/peter_wren_moves.glb.import[39m[0m
[  66% ] [90m[1msavepack[22m | Storing File: res://.godot/imported/peter_wren_preview.png-10ebd941cc53d928358723eefcd98315.ctex[39m[0m
[  66% ] [90m[1msavepack[22m | Storing File: res://assets/characters/peter_wren/peter_wren_preview.png.import[39m[0m
[  66% ] [90m[1msavepack[22m | Storing File: res://.godot/imported/texture_0.png-4be1397af45c1c2e68cdb1844d429a00.ctex[39m[0m
[  66% ] [90m[1msavepack[22m | Storing File: res://assets/characters/peter_wren/texture_0.png.import[39m[0m
[  66% ] [90m[1msavepack[22m | Storing File: res://.godot/imported/rhea_sato.gltf-592d0ff9f06185b21c732c89953addc6.scn[39m[0m
[  66% ] [90m[1msavepack[22m | Storing File: res://assets/characters/rhea_sato/rhea_sato.gltf.import[39m[0m
[  66% ] [90m[1msavepack[22m | Storing File: res://.godot/imported/rhea_sato_moves.glb-781d63160c7a24b8174b827376b30979.scn[39m[0m
[  66% ] [90m[1msavepack[22m | Storing File: res://assets/characters/rhea_sato/rhea_sato_moves.glb.import[39m[0m
[  66% ] [90m[1msavepack[22m | Storing File: res://.godot/imported/rhea_sato_preview.png-16ecbf31dcb4852b30a3f05207013b86.ctex[39m[0m
[  66% ] [90m[1msavepack[22m | Storing File: res://assets/characters/rhea_sato/rhea_sato_preview.png.import[39m[0m
[  66% ] [90m[1msavepack[22m | Storing File: res://.godot/imported/texture_0.png-768e6981af6daace2f8af8563a32a6fb.ctex[39m[0m
[  66% ] [90m[1msavepack[22m | Storing File: res://assets/characters/rhea_sato/texture_0.png.import[39m[0m
[  66% ] [90m[1msavepack[22m | Storing File: res://.godot/imported/sacha_reed.gltf-2562b9182fc87fdf2ea5d5e87fd7f4af.scn[39m[0m
[  66% ] [90m[1msavepack[22m | Storing File: res://assets/characters/sacha_reed/sacha_reed.gltf.import[39m[0m
[  66% ] [90m[1msavepack[22m | Storing File: res://.godot/imported/sacha_reed_moves.glb-8ace3646b39cf1b9957b535ae9717980.scn[39m[0m
[  66% ] [90m[1msavepack[22m | Storing File: res://assets/characters/sacha_reed/sacha_reed_moves.glb.import[39m[0m
[  66% ] [90m[1msavepack[22m | Storing File: res://.godot/imported/sacha_reed_preview.png-2a4ae8f0dc998aafc6e305f73d7e4170.ctex[39m[0m
[  66% ] [90m[1msavepack[22m | Storing File: res://assets/characters/sacha_reed/sacha_reed_preview.png.import[39m[0m
[  66% ] [90m[1msavepack[22m | Storing File: res://.godot/imported/texture_0.png-84ce60a8d90aa08c8ffedbc0d58e5512.ctex[39m[0m
[  66% ] [90m[1msavepack[22m | Storing File: res://assets/characters/sacha_reed/texture_0.png.import[39m[0m
[  66% ] [90m[1msavepack[22m | Storing File: res://.godot/imported/biped_gestures.glb-544a5a0da43e4dee4c5b411529b91f7f.scn[39m[0m
[  66% ] [90m[1msavepack[22m | Storing File: res://assets/characters/shared/biped_gestures.glb.import[39m[0m
[  66% ] [90m[1msavepack[22m | Storing File: res://.godot/imported/resident_moves.glb-a140a08a365ca15a2c33ad525e07808b.scn[39m[0m
[  66% ] [90m[1msavepack[22m | Storing File: res://assets/characters/shared/resident_moves.glb.import[39m[0m
[  66% ] [90m[1msavepack[22m | Storing File: res://.godot/imported/teresa_vale.gltf-4705af9c2eba83e06db1688eca9e725a.scn[39m[0m
[  66% ] [90m[1msavepack[22m | Storing File: res://assets/characters/teresa_vale/teresa_vale.gltf.import[39m[0m
[  66% ] [90m[1msavepack[22m | Storing File: res://.godot/imported/teresa_vale_moves.glb-38d1fcf126576fa16d4be9247d50bac8.scn[39m[0m
[  66% ] [90m[1msavepack[22m | Storing File: res://assets/characters/teresa_vale/teresa_vale_moves.glb.import[39m[0m
[  66% ] [90m[1msavepack[22m | Storing File: res://.godot/imported/teresa_vale_preview.png-a23d6bf059f1909d98100951eba67fd5.ctex[39m[0m
[  66% ] [90m[1msavepack[22m | Storing File: res://assets/characters/teresa_vale/teresa_vale_preview.png.import[39m[0m
[  66% ] [90m[1msavepack[22m | Storing File: res://.godot/imported/texture_0.png-8399c2993d076a4859fda13067f81fb2.ctex[39m[0m
[  66% ] [90m[1msavepack[22m | Storing File: res://assets/characters/teresa_vale/texture_0.png.import[39m[0m
[  66% ] [90m[1msavepack[22m | Storing File: res://.godot/imported/texture_0.png-196d4c8f9280bf839bb77fe00124564d.ctex[39m[0m
[  66% ] [90m[1msavepack[22m | Storing File: res://assets/characters/transient_guests/texture_0.png.import[39m[0m
[  66% ] [90m[1msavepack[22m | Storing File: res://.godot/imported/transient_guests.gltf-c923da44ab103504d8ead6dc92900911.scn[39m[0m
[  66% ] [90m[1msavepack[22m | Storing File: res://assets/characters/transient_guests/transient_guests.gltf.import[39m[0m
[  66% ] [90m[1msavepack[22m | Storing File: res://.godot/imported/transient_guests_moves.glb-13cf45d9c017187ce9a1a19efe5e09df.scn[39m[0m
[  66% ] [90m[1msavepack[22m | Storing File: res://assets/characters/transient_guests/transient_guests_moves.glb.import[39m[0m
[  66% ] [90m[1msavepack[22m | Storing File: res://.godot/imported/transient_guests_preview.png-cc0f14fca9500e714301cf2e88811777.ctex[39m[0m
[  66% ] [90m[1msavepack[22m | Storing File: res://assets/characters/transient_guests/transient_guests_preview.png.import[39m[0m
[  66% ] [90m[1msavepack[22m | Storing File: res://.godot/imported/harpy.gltf-ae1795b741df012349532a09399f065d.scn[39m[0m
[  66% ] [90m[1msavepack[22m | Storing File: res://assets/creatures/harpy/harpy.gltf.import[39m[0m
[  66% ] [90m[1msavepack[22m | Storing File: res://.godot/imported/harpy_moves.glb-8a5e7c33139eb3c5fefa82883d07bd3e.scn[39m[0m
[  66% ] [90m[1msavepack[22m | Storing File: res://assets/creatures/harpy/harpy_moves.glb.import[39m[0m
[  66% ] [90m[1msavepack[22m | Storing File: res://.godot/imported/texture_0.png-9e8af5fb645e3aec78f85ef5d745d258.ctex[39m[0m
[  66% ] [90m[1msavepack[22m | Storing File: res://assets/creatures/harpy/texture_0.png.import[39m[0m
[  66% ] [90m[1msavepack[22m | Storing File: res://.godot/imported/oni.gltf-8e057fb3ab4d16a98d8fa65919e8d960.scn[39m[0m
[  66% ] [90m[1msavepack[22m | Storing File: res://assets/creatures/oni/oni.gltf.import[39m[0m
[  66% ] [90m[1msavepack[22m | Storing File: res://.godot/imported/oni_moves.glb-834879f5d170b6bd16f87340a34a40f9.scn[39m[0m
[  66% ] [90m[1msavepack[22m | Storing File: res://assets/creatures/oni/oni_moves.glb.import[39m[0m
[  66% ] [90m[1msavepack[22m | Storing File: res://.godot/imported/texture_0.png-e82974ec89960e78b467c1a33e64ff9d.ctex[39m[0m
[  66% ] [90m[1msavepack[22m | Storing File: res://assets/creatures/oni/texture_0.png.import[39m[0m
[  66% ] [90m[1msavepack[22m | Storing File: res://.godot/imported/albedo.png-2852f1dd09dc7ba957a49c4da0a94bd7.ctex[39m[0m
[  66% ] [90m[1msavepack[22m | Storing File: res://assets/dream/fauna_skins/gilders_button/albedo.png.import[39m[0m
[  66% ] [90m[1msavepack[22m | Storing File: res://.godot/imported/mask.png-c256dbd1eb69142881e2d65f3bb1c027.ctex[39m[0m
[  66% ] [90m[1msavepack[22m | Storing File: res://assets/dream/fauna_skins/gilders_button/mask.png.import[39m[0m
[  66% ] [90m[1msavepack[22m | Storing File: res://.godot/imported/normal.png-5179c1a719ad050a8c8869326b9fc0b2.ctex[39m[0m
[  66% ] [90m[1msavepack[22m | Storing File: res://assets/dream/fauna_skins/gilders_button/normal.png.import[39m[0m
[  66% ] [90m[1msavepack[22m | Storing File: res://.godot/imported/albedo.png-b497c1a8795903647a7d895acf3196f5.ctex[39m[0m
[  66% ] [90m[1msavepack[22m | Storing File: res://assets/dream/fauna_skins/ribbonette/albedo.png.import[39m[0m
[  66% ] [90m[1msavepack[22m | Storing File: res://.godot/imported/mask.png-66c2dce6ad71a8bc435a30879602804a.ctex[39m[0m
[  66% ] [90m[1msavepack[22m | Storing File: res://assets/dream/fauna_skins/ribbonette/mask.png.import[39m[0m
[  67% ] [90m[1msavepack[22m | Storing File: res://.godot/imported/normal.png-439eb7aeb6db84f60d783fb5f139519c.ctex[39m[0m
[  67% ] [90m[1msavepack[22m | Storing File: res://assets/dream/fauna_skins/ribbonette/normal.png.import[39m[0m
[  67% ] [90m[1msavepack[22m | Storing File: res://.godot/imported/albedo.png-a186ec31e0e26f382f52a1573b53cc16.ctex[39m[0m
[  67% ] [90m[1msavepack[22m | Storing File: res://assets/dream/fauna_skins/tessellate/albedo.png.import[39m[0m
[  67% ] [90m[1msavepack[22m | Storing File: res://.godot/imported/mask.png-c13437868c996c6940defd01fbfff3d7.ctex[39m[0m
[  67% ] [90m[1msavepack[22m | Storing File: res://assets/dream/fauna_skins/tessellate/mask.png.import[39m[0m
[  67% ] [90m[1msavepack[22m | Storing File: res://.godot/imported/normal.png-f4845b519516ee5c882a3aa42fe80bcf.ctex[39m[0m
[  67% ] [90m[1msavepack[22m | Storing File: res://assets/dream/fauna_skins/tessellate/normal.png.import[39m[0m
[  67% ] [90m[1msavepack[22m | Storing File: res://.godot/imported/albedo.png-d2542cdcc43e1c821c0fac73ce91eacf.ctex[39m[0m
[  67% ] [90m[1msavepack[22m | Storing File: res://assets/dream/fauna_skins/the_loupe/albedo.png.import[39m[0m
[  67% ] [90m[1msavepack[22m | Storing File: res://.godot/imported/mask.png-7cc1fde9a27a6df12dda043a1cc6f448.ctex[39m[0m
[  67% ] [90m[1msavepack[22m | Storing File: res://assets/dream/fauna_skins/the_loupe/mask.png.import[39m[0m
[  67% ] [90m[1msavepack[22m | Storing File: res://.godot/imported/normal.png-4059815ef8a8b745f56262f0718b74b7.ctex[39m[0m
[  67% ] [90m[1msavepack[22m | Storing File: res://assets/dream/fauna_skins/the_loupe/normal.png.import[39m[0m
[  67% ] [90m[1msavepack[22m | Storing File: res://.godot/imported/albedo.png-d8ff9df978b4047bd43831f4389de0b5.ctex[39m[0m
[  67% ] [90m[1msavepack[22m | Storing File: res://assets/dream/fauna_skins/wine_anemone/albedo.png.import[39m[0m
[  67% ] [90m[1msavepack[22m | Storing File: res://.godot/imported/mask.png-5646fdc7370ca0aeee4df6f3da169d2d.ctex[39m[0m
[  67% ] [90m[1msavepack[22m | Storing File: res://assets/dream/fauna_skins/wine_anemone/mask.png.import[39m[0m
[  67% ] [90m[1msavepack[22m | Storing File: res://.godot/imported/normal.png-aaf06b96ef2d6dc59a0f71398fedb645.ctex[39m[0m
[  67% ] [90m[1msavepack[22m | Storing File: res://assets/dream/fauna_skins/wine_anemone/normal.png.import[39m[0m
[  67% ] [90m[1msavepack[22m | Storing File: res://.godot/imported/albedo.png-4dd9c6e30428d2f18a3b53fe818b2d8e.ctex[39m[0m
[  67% ] [90m[1msavepack[22m | Storing File: res://assets/dream/incarnations/cal/T_ai_dream_cal_bakelite/albedo.png.import[39m[0m
[  67% ] [90m[1msavepack[22m | Storing File: res://.godot/imported/height.png-8845d334cc91fca422fc87a1247cfc23.ctex[39m[0m
[  67% ] [90m[1msavepack[22m | Storing File: res://assets/dream/incarnations/cal/T_ai_dream_cal_bakelite/height.png.import[39m[0m
[  67% ] [90m[1msavepack[22m | Storing File: res://.godot/imported/normal.png-b930001f6e0f82180aad0555cc32bce9.ctex[39m[0m
[  67% ] [90m[1msavepack[22m | Storing File: res://assets/dream/incarnations/cal/T_ai_dream_cal_bakelite/normal.png.import[39m[0m
[  67% ] [90m[1msavepack[22m | Storing File: res://.godot/imported/roughness.png-b2ee6415f5999a1b63108be2f4bd924d.ctex[39m[0m
[  67% ] [90m[1msavepack[22m | Storing File: res://assets/dream/incarnations/cal/T_ai_dream_cal_bakelite/roughness.png.import[39m[0m
[  67% ] [90m[1msavepack[22m | Storing File: res://.godot/imported/albedo.png-2a7ed5f3c8d7fc02bcd1361398d88080.ctex[39m[0m
[  67% ] [90m[1msavepack[22m | Storing File: res://assets/dream/incarnations/cal/T_ai_dream_cal_dial_glass/albedo.png.import[39m[0m
[  67% ] [90m[1msavepack[22m | Storing File: res://.godot/imported/height.png-8389e5de5dddaa4b8c2cdb21e9758f29.ctex[39m[0m
[  67% ] [90m[1msavepack[22m | Storing File: res://assets/dream/incarnations/cal/T_ai_dream_cal_dial_glass/height.png.import[39m[0m
[  67% ] [90m[1msavepack[22m | Storing File: res://.godot/imported/normal.png-f3df709a19cf530826b7d57ae7551032.ctex[39m[0m
[  67% ] [90m[1msavepack[22m | Storing File: res://assets/dream/incarnations/cal/T_ai_dream_cal_dial_glass/normal.png.import[39m[0m
[  67% ] [90m[1msavepack[22m | Storing File: res://.godot/imported/roughness.png-af975329946ab4951d05af15feee9b0d.ctex[39m[0m
[  67% ] [90m[1msavepack[22m | Storing File: res://assets/dream/incarnations/cal/T_ai_dream_cal_dial_glass/roughness.png.import[39m[0m
[  67% ] [90m[1msavepack[22m | Storing File: res://.godot/imported/albedo.png-5b6c98167099af504a3aae88ab560e41.ctex[39m[0m
[  67% ] [90m[1msavepack[22m | Storing File: res://assets/dream/incarnations/cal/T_ai_dream_cal_valve_mica/albedo.png.import[39m[0m
[  67% ] [90m[1msavepack[22m | Storing File: res://.godot/imported/height.png-11ea36a839f01a7a2c6741656b59d6b7.ctex[39m[0m
[  67% ] [90m[1msavepack[22m | Storing File: res://assets/dream/incarnations/cal/T_ai_dream_cal_valve_mica/height.png.import[39m[0m
[  68% ] [90m[1msavepack[22m | Storing File: res://.godot/imported/normal.png-74fb4d053e835fe942f190a227d1aa03.ctex[39m[0m
[  68% ] [90m[1msavepack[22m | Storing File: res://assets/dream/incarnations/cal/T_ai_dream_cal_valve_mica/normal.png.import[39m[0m
[  68% ] [90m[1msavepack[22m | Storing File: res://.godot/imported/roughness.png-5ca06767ccd393c6dfc51afad46c5216.ctex[39m[0m
[  68% ] [90m[1msavepack[22m | Storing File: res://assets/dream/incarnations/cal/T_ai_dream_cal_valve_mica/roughness.png.import[39m[0m
[  68% ] [90m[1msavepack[22m | Storing File: res://.godot/imported/albedo.png-9799a4ac72f1672c12d6918b5b1865ae.ctex[39m[0m
[  68% ] [90m[1msavepack[22m | Storing File: res://assets/dream/incarnations/cal/T_ai_dream_cal_wax_groove/albedo.png.import[39m[0m
[  68% ] [90m[1msavepack[22m | Storing File: res://.godot/imported/height.png-a062c890e6724f48e752d4883b8d89d9.ctex[39m[0m
[  68% ] [90m[1msavepack[22m | Storing File: res://assets/dream/incarnations/cal/T_ai_dream_cal_wax_groove/height.png.import[39m[0m
[  68% ] [90m[1msavepack[22m | Storing File: res://.godot/imported/normal.png-9d112f1a763904aac28e287c7956cfa6.ctex[39m[0m
[  68% ] [90m[1msavepack[22m | Storing File: res://assets/dream/incarnations/cal/T_ai_dream_cal_wax_groove/normal.png.import[39m[0m
[  68% ] [90m[1msavepack[22m | Storing File: res://.godot/imported/roughness.png-fd2f39a803a8cd42c032ccd637a4e484.ctex[39m[0m
[  68% ] [90m[1msavepack[22m | Storing File: res://assets/dream/incarnations/cal/T_ai_dream_cal_wax_groove/roughness.png.import[39m[0m
[  68% ] [90m[1msavepack[22m | Storing File: res://.godot/imported/albedo.png-93a57cefb64e13b83f091dd1aef21220.ctex[39m[0m
[  68% ] [90m[1msavepack[22m | Storing File: res://assets/dream/incarnations/juno/T_ai_dream_juno_bakelite/albedo.png.import[39m[0m
[  68% ] [90m[1msavepack[22m | Storing File: res://.godot/imported/height.png-038c8e0ceb602fc36dea40046d2f6807.ctex[39m[0m
[  68% ] [90m[1msavepack[22m | Storing File: res://assets/dream/incarnations/juno/T_ai_dream_juno_bakelite/height.png.import[39m[0m
[  68% ] [90m[1msavepack[22m | Storing File: res://.godot/imported/normal.png-3ba4b02d7e3526bc23a2aab2aee79a46.ctex[39m[0m
[  68% ] [90m[1msavepack[22m | Storing File: res://assets/dream/incarnations/juno/T_ai_dream_juno_bakelite/normal.png.import[39m[0m
[  68% ] [90m[1msavepack[22m | Storing File: res://.godot/imported/roughness.png-7cc8d56fdefa385fcda054ef621c03dd.ctex[39m[0m
[  68% ] [90m[1msavepack[22m | Storing File: res://assets/dream/incarnations/juno/T_ai_dream_juno_bakelite/roughness.png.import[39m[0m
[  68% ] [90m[1msavepack[22m | Storing File: res://.godot/imported/albedo.png-22793b094f37c8e7a02c7115135a0ee3.ctex[39m[0m
[  68% ] [90m[1msavepack[22m | Storing File: res://assets/dream/incarnations/juno/T_ai_dream_juno_diaphragm/albedo.png.import[39m[0m
[  68% ] [90m[1msavepack[22m | Storing File: res://.godot/imported/height.png-c0412f232a685e36d132180cbe0bedfd.ctex[39m[0m
[  68% ] [90m[1msavepack[22m | Storing File: res://assets/dream/incarnations/juno/T_ai_dream_juno_diaphragm/height.png.import[39m[0m
[  68% ] [90m[1msavepack[22m | Storing File: res://.godot/imported/normal.png-24fd82fb4f0b788b1e8b0772a8e0f59a.ctex[39m[0m
[  68% ] [90m[1msavepack[22m | Storing File: res://assets/dream/incarnations/juno/T_ai_dream_juno_diaphragm/normal.png.import[39m[0m
[  68% ] [90m[1msavepack[22m | Storing File: res://.godot/imported/roughness.png-365451bbac13d1ac2b244c3aef790429.ctex[39m[0m
[  68% ] [90m[1msavepack[22m | Storing File: res://assets/dream/incarnations/juno/T_ai_dream_juno_diaphragm/roughness.png.import[39m[0m
[  68% ] [90m[1msavepack[22m | Storing File: res://.godot/imported/albedo.png-0a185faa5550c7663fd60e0e059c6c77.ctex[39m[0m
[  68% ] [90m[1msavepack[22m | Storing File: res://assets/dream/incarnations/juno/T_ai_dream_juno_oxidized_brass/albedo.png.import[39m[0m
[  68% ] [90m[1msavepack[22m | Storing File: res://.godot/imported/height.png-9ff36346b0acc2f97bfe87b5e30724dd.ctex[39m[0m
[  68% ] [90m[1msavepack[22m | Storing File: res://assets/dream/incarnations/juno/T_ai_dream_juno_oxidized_brass/height.png.import[39m[0m
[  68% ] [90m[1msavepack[22m | Storing File: res://.godot/imported/normal.png-3b0026d713de5fe00b57786fa46388a6.ctex[39m[0m
[  68% ] [90m[1msavepack[22m | Storing File: res://assets/dream/incarnations/juno/T_ai_dream_juno_oxidized_brass/normal.png.import[39m[0m
[  68% ] [90m[1msavepack[22m | Storing File: res://.godot/imported/roughness.png-922bba85591ac436efa0046436de4876.ctex[39m[0m
[  68% ] [90m[1msavepack[22m | Storing File: res://assets/dream/incarnations/juno/T_ai_dream_juno_oxidized_brass/roughness.png.import[39m[0m
[  68% ] [90m[1msavepack[22m | Storing File: res://.godot/imported/albedo.png-f75e7398de556b393fe68231057996ac.ctex[39m[0m
[  68% ] [90m[1msavepack[22m | Storing File: res://assets/dream/incarnations/juno/T_ai_dream_juno_speaker_cloth/albedo.png.import[39m[0m
[  68% ] [90m[1msavepack[22m | Storing File: res://.godot/imported/height.png-b8f208983079ac088b7ea91edff656b2.ctex[39m[0m
[  68% ] [90m[1msavepack[22m | Storing File: res://assets/dream/incarnations/juno/T_ai_dream_juno_speaker_cloth/height.png.import[39m[0m
[  68% ] [90m[1msavepack[22m | Storing File: res://.godot/imported/normal.png-3dee8024b072a314ce20e52f19a56b65.ctex[39m[0m
[  68% ] [90m[1msavepack[22m | Storing File: res://assets/dream/incarnations/juno/T_ai_dream_juno_speaker_cloth/normal.png.import[39m[0m
[  69% ] [90m[1msavepack[22m | Storing File: res://.godot/imported/roughness.png-bec1007aa55b452331cb52fadefbc041.ctex[39m[0m
[  69% ] [90m[1msavepack[22m | Storing File: res://assets/dream/incarnations/juno/T_ai_dream_juno_speaker_cloth/roughness.png.import[39m[0m
[  69% ] [90m[1msavepack[22m | Storing File: res://.godot/imported/albedo.png-97c933c81f418d62a3cdfa215867902c.ctex[39m[0m
[  69% ] [90m[1msavepack[22m | Storing File: res://assets/dream/incarnations/mae/T_ai_dream_mae_aged_glass/albedo.png.import[39m[0m
[  69% ] [90m[1msavepack[22m | Storing File: res://.godot/imported/height.png-ac8796d392de39cd6023559c0dedac25.ctex[39m[0m
[  69% ] [90m[1msavepack[22m | Storing File: res://assets/dream/incarnations/mae/T_ai_dream_mae_aged_glass/height.png.import[39m[0m
[  69% ] [90m[1msavepack[22m | Storing File: res://.godot/imported/normal.png-d08fe00c079f1bf41342736a399d35af.ctex[39m[0m
[  69% ] [90m[1msavepack[22m | Storing File: res://assets/dream/incarnations/mae/T_ai_dream_mae_aged_glass/normal.png.import[39m[0m
[  69% ] [90m[1msavepack[22m | Storing File: res://.godot/imported/roughness.png-b49d5c36a5fb05c9050ea2320eed80b7.ctex[39m[0m
[  69% ] [90m[1msavepack[22m | Storing File: res://assets/dream/incarnations/mae/T_ai_dream_mae_aged_glass/roughness.png.import[39m[0m
[  69% ] [90m[1msavepack[22m | Storing File: res://.godot/imported/albedo.png-d76007f1244417e135d0d965cd21f629.ctex[39m[0m
[  69% ] [90m[1msavepack[22m | Storing File: res://assets/dream/incarnations/mae/T_ai_dream_mae_foxed_label_stock/albedo.png.import[39m[0m
[  69% ] [90m[1msavepack[22m | Storing File: res://.godot/imported/height.png-c99a0b127c3e60da1b4df8ff3a1684d0.ctex[39m[0m
[  69% ] [90m[1msavepack[22m | Storing File: res://assets/dream/incarnations/mae/T_ai_dream_mae_foxed_label_stock/height.png.import[39m[0m
[  69% ] [90m[1msavepack[22m | Storing File: res://.godot/imported/normal.png-983084ac3c3d25743faf301b3ae103db.ctex[39m[0m
[  69% ] [90m[1msavepack[22m | Storing File: res://assets/dream/incarnations/mae/T_ai_dream_mae_foxed_label_stock/normal.png.import[39m[0m
[  69% ] [90m[1msavepack[22m | Storing File: res://.godot/imported/roughness.png-545ef417872bc983a51374b020cd3cec.ctex[39m[0m
[  69% ] [90m[1msavepack[22m | Storing File: res://assets/dream/incarnations/mae/T_ai_dream_mae_foxed_label_stock/roughness.png.import[39m[0m
[  69% ] [90m[1msavepack[22m | Storing File: res://.godot/imported/albedo.png-ce0642a40d5ac3ffe6a89f65f26c54fc.ctex[39m[0m
[  69% ] [90m[1msavepack[22m | Storing File: res://assets/dream/incarnations/mae/T_ai_dream_mae_lacquer_craquelure/albedo.png.import[39m[0m
[  69% ] [90m[1msavepack[22m | Storing File: res://.godot/imported/height.png-9bb6fb964525d52a1145d5dd477e05af.ctex[39m[0m
[  69% ] [90m[1msavepack[22m | Storing File: res://assets/dream/incarnations/mae/T_ai_dream_mae_lacquer_craquelure/height.png.import[39m[0m
[  69% ] [90m[1msavepack[22m | Storing File: res://.godot/imported/normal.png-3412e033c4fd38173c956a58412ba526.ctex[39m[0m
[  69% ] [90m[1msavepack[22m | Storing File: res://assets/dream/incarnations/mae/T_ai_dream_mae_lacquer_craquelure/normal.png.import[39m[0m
[  69% ] [90m[1msavepack[22m | Storing File: res://.godot/imported/roughness.png-ca8128c7df64c5e3809cec94b102fabe.ctex[39m[0m
[  69% ] [90m[1msavepack[22m | Storing File: res://assets/dream/incarnations/mae/T_ai_dream_mae_lacquer_craquelure/roughness.png.import[39m[0m
[  69% ] [90m[1msavepack[22m | Storing File: res://.godot/imported/albedo.png-9ff1d63f2f9b3b1a7cabc34a01cd2371.ctex[39m[0m
[  69% ] [90m[1msavepack[22m | Storing File: res://assets/dream/incarnations/mae/T_ai_dream_mae_marquetry_grain/albedo.png.import[39m[0m
[  69% ] [90m[1msavepack[22m | Storing File: res://.godot/imported/height.png-fa4304606aa06470912404e4ef2deac4.ctex[39m[0m
[  69% ] [90m[1msavepack[22m | Storing File: res://assets/dream/incarnations/mae/T_ai_dream_mae_marquetry_grain/height.png.import[39m[0m
[  69% ] [90m[1msavepack[22m | Storing File: res://.godot/imported/normal.png-efce5432a49b47fc9c9323817a628461.ctex[39m[0m
[  69% ] [90m[1msavepack[22m | Storing File: res://assets/dream/incarnations/mae/T_ai_dream_mae_marquetry_grain/normal.png.import[39m[0m
[  69% ] [90m[1msavepack[22m | Storing File: res://.godot/imported/roughness.png-37a09dadbc38b2ce106b92c6797d9838.ctex[39m[0m
[  69% ] [90m[1msavepack[22m | Storing File: res://assets/dream/incarnations/mae/T_ai_dream_mae_marquetry_grain/roughness.png.import[39m[0m
[  69% ] [90m[1msavepack[22m | Storing File: res://.godot/imported/albedo.png-2151c7cd382b069dbc51d9d92749b85e.ctex[39m[0m
[  69% ] [90m[1msavepack[22m | Storing File: res://assets/dream/incarnations/mina/T_ai_dream_mina_erased_stock/albedo.png.import[39m[0m
[  69% ] [90m[1msavepack[22m | Storing File: res://.godot/imported/height.png-74b1df82003b11d883a5ddd7cacdec23.ctex[39m[0m
[  69% ] [90m[1msavepack[22m | Storing File: res://assets/dream/incarnations/mina/T_ai_dream_mina_erased_stock/height.png.import[39m[0m
[  69% ] [90m[1msavepack[22m | Storing File: res://.godot/imported/normal.png-aa76f9886fc71496d8bb397b3fa0af89.ctex[39m[0m
[  69% ] [90m[1msavepack[22m | Storing File: res://assets/dream/incarnations/mina/T_ai_dream_mina_erased_stock/normal.png.import[39m[0m
[  69% ] [90m[1msavepack[22m | Storing File: res://.godot/imported/roughness.png-d2c632b09d9f13f039d8d49ee459a91b.ctex[39m[0m
[  69% ] [90m[1msavepack[22m | Storing File: res://assets/dream/incarnations/mina/T_ai_dream_mina_erased_stock/roughness.png.import[39m[0m
[  70% ] [90m[1msavepack[22m | Storing File: res://.godot/imported/albedo.png-6725dd91273ea1462a3813bdee46232f.ctex[39m[0m
[  70% ] [90m[1msavepack[22m | Storing File: res://assets/dream/incarnations/mina/T_ai_dream_mina_gilt_edge/albedo.png.import[39m[0m
[  70% ] [90m[1msavepack[22m | Storing File: res://.godot/imported/height.png-bf9bbe34cffd7acdecd0f7976c0a053a.ctex[39m[0m
[  70% ] [90m[1msavepack[22m | Storing File: res://assets/dream/incarnations/mina/T_ai_dream_mina_gilt_edge/height.png.import[39m[0m
[  70% ] [90m[1msavepack[22m | Storing File: res://.godot/imported/normal.png-bb0e358bbdc544a8c7ee936096fe395a.ctex[39m[0m
[  70% ] [90m[1msavepack[22m | Storing File: res://assets/dream/incarnations/mina/T_ai_dream_mina_gilt_edge/normal.png.import[39m[0m
[  70% ] [90m[1msavepack[22m | Storing File: res://.godot/imported/roughness.png-602cd58a90410cf4f541e067eb8da62c.ctex[39m[0m
[  70% ] [90m[1msavepack[22m | Storing File: res://assets/dream/incarnations/mina/T_ai_dream_mina_gilt_edge/roughness.png.import[39m[0m
[  70% ] [90m[1msavepack[22m | Storing File: res://.godot/imported/albedo.png-d496fe03983783f0f8d03cae574328a0.ctex[39m[0m
[  70% ] [90m[1msavepack[22m | Storing File: res://assets/dream/incarnations/mina/T_ai_dream_mina_ink_fiber/albedo.png.import[39m[0m
[  70% ] [90m[1msavepack[22m | Storing File: res://.godot/imported/height.png-1655f88d937acecd2463923a51468c2b.ctex[39m[0m
[  70% ] [90m[1msavepack[22m | Storing File: res://assets/dream/incarnations/mina/T_ai_dream_mina_ink_fiber/height.png.import[39m[0m
[  70% ] [90m[1msavepack[22m | Storing File: res://.godot/imported/normal.png-e72ad26b76e16b1059552caee0b94c22.ctex[39m[0m
[  70% ] [90m[1msavepack[22m | Storing File: res://assets/dream/incarnations/mina/T_ai_dream_mina_ink_fiber/normal.png.import[39m[0m
[  70% ] [90m[1msavepack[22m | Storing File: res://.godot/imported/roughness.png-fa819dc709ffa4e41556ebadbd20ecec.ctex[39m[0m
[  70% ] [90m[1msavepack[22m | Storing File: res://assets/dream/incarnations/mina/T_ai_dream_mina_ink_fiber/roughness.png.import[39m[0m
[  70% ] [90m[1msavepack[22m | Storing File: res://.godot/imported/albedo.png-ef33209b4aa5cd1b2c5ea935ca567f62.ctex[39m[0m
[  70% ] [90m[1msavepack[22m | Storing File: res://assets/dream/incarnations/mina/T_ai_dream_mina_lens_membrane/albedo.png.import[39m[0m
[  70% ] [90m[1msavepack[22m | Storing File: res://.godot/imported/height.png-9a61fde4da2d9b999406e92de1081ddd.ctex[39m[0m
[  70% ] [90m[1msavepack[22m | Storing File: res://assets/dream/incarnations/mina/T_ai_dream_mina_lens_membrane/height.png.import[39m[0m
[  70% ] [90m[1msavepack[22m | Storing File: res://.godot/imported/normal.png-ba292a532b51e903f007c7727e5dacb7.ctex[39m[0m
[  70% ] [90m[1msavepack[22m | Storing File: res://assets/dream/incarnations/mina/T_ai_dream_mina_lens_membrane/normal.png.import[39m[0m
[  70% ] [90m[1msavepack[22m | Storing File: res://.godot/imported/roughness.png-918a05d10fbce436e7fd9bc91ecb88de.ctex[39m[0m
[  70% ] [90m[1msavepack[22m | Storing File: res://assets/dream/incarnations/mina/T_ai_dream_mina_lens_membrane/roughness.png.import[39m[0m
[  70% ] [90m[1msavepack[22m | Storing File: res://.godot/imported/albedo.png-aaf8e8445a7e782ab07cdd87ba46cab8.ctex[39m[0m
[  70% ] [90m[1msavepack[22m | Storing File: res://assets/dream/incarnations/omar/T_ai_dream_omar_fatigue_fracture/albedo.png.import[39m[0m
[  70% ] [90m[1msavepack[22m | Storing File: res://.godot/imported/height.png-c1b12fa9b1193104db7072b705d753e7.ctex[39m[0m
[  70% ] [90m[1msavepack[22m | Storing File: res://assets/dream/incarnations/omar/T_ai_dream_omar_fatigue_fracture/height.png.import[39m[0m
[  70% ] [90m[1msavepack[22m | Storing File: res://.godot/imported/normal.png-37fec50e6dd1d26ec4b60635addf5e1f.ctex[39m[0m
[  70% ] [90m[1msavepack[22m | Storing File: res://assets/dream/incarnations/omar/T_ai_dream_omar_fatigue_fracture/normal.png.import[39m[0m
[  70% ] [90m[1msavepack[22m | Storing File: res://.godot/imported/roughness.png-24710dca6af3f557e1dcbb040b38ee50.ctex[39m[0m
[  70% ] [90m[1msavepack[22m | Storing File: res://assets/dream/incarnations/omar/T_ai_dream_omar_fatigue_fracture/roughness.png.import[39m[0m
[  70% ] [90m[1msavepack[22m | Storing File: res://.godot/imported/albedo.png-c9c7da46c288c0957209ac1745dcd495.ctex[39m[0m
[  70% ] [90m[1msavepack[22m | Storing File: res://assets/dream/incarnations/omar/T_ai_dream_omar_solder_alloy/albedo.png.import[39m[0m
[  70% ] [90m[1msavepack[22m | Storing File: res://.godot/imported/height.png-eb5b2d080ece233789259ff79642946d.ctex[39m[0m
[  70% ] [90m[1msavepack[22m | Storing File: res://assets/dream/incarnations/omar/T_ai_dream_omar_solder_alloy/height.png.import[39m[0m
[  70% ] [90m[1msavepack[22m | Storing File: res://.godot/imported/normal.png-3cbee4d54baf72a6ee6578b633cd8f03.ctex[39m[0m
[  70% ] [90m[1msavepack[22m | Storing File: res://assets/dream/incarnations/omar/T_ai_dream_omar_solder_alloy/normal.png.import[39m[0m
[  70% ] [90m[1msavepack[22m | Storing File: res://.godot/imported/roughness.png-b08c6555cde126a23db7a1437d08721f.ctex[39m[0m
[  70% ] [90m[1msavepack[22m | Storing File: res://assets/dream/incarnations/omar/T_ai_dream_omar_solder_alloy/roughness.png.import[39m[0m
[  71% ] [90m[1msavepack[22m | Storing File: res://.godot/imported/albedo.png-9dbedc3f2cf94724f7f137bbe47f0147.ctex[39m[0m
[  71% ] [90m[1msavepack[22m | Storing File: res://assets/dream/incarnations/omar/T_ai_dream_omar_tool_steel/albedo.png.import[39m[0m
[  71% ] [90m[1msavepack[22m | Storing File: res://.godot/imported/height.png-2f220eb85639ec10f16c940f2ddadd35.ctex[39m[0m
[  71% ] [90m[1msavepack[22m | Storing File: res://assets/dream/incarnations/omar/T_ai_dream_omar_tool_steel/height.png.import[39m[0m
[  71% ] [90m[1msavepack[22m | Storing File: res://.godot/imported/normal.png-866fd3459cae477b5e88748e0f291eea.ctex[39m[0m
[  71% ] [90m[1msavepack[22m | Storing File: res://assets/dream/incarnations/omar/T_ai_dream_omar_tool_steel/normal.png.import[39m[0m
[  71% ] [90m[1msavepack[22m | Storing File: res://.godot/imported/roughness.png-78938320f455161413ab7f411c4feb06.ctex[39m[0m
[  71% ] [90m[1msavepack[22m | Storing File: res://assets/dream/incarnations/omar/T_ai_dream_omar_tool_steel/roughness.png.import[39m[0m
[  71% ] [90m[1msavepack[22m | Storing File: res://.godot/imported/albedo.png-9ac554b9e5207bd679c89fc82a31e088.ctex[39m[0m
[  71% ] [90m[1msavepack[22m | Storing File: res://assets/dream/incarnations/omar/T_ai_dream_omar_workshop_enamel/albedo.png.import[39m[0m
[  71% ] [90m[1msavepack[22m | Storing File: res://.godot/imported/height.png-343bdc13ccae98e42fb48738368884ee.ctex[39m[0m
[  71% ] [90m[1msavepack[22m | Storing File: res://assets/dream/incarnations/omar/T_ai_dream_omar_workshop_enamel/height.png.import[39m[0m
[  71% ] [90m[1msavepack[22m | Storing File: res://.godot/imported/normal.png-c996414c64629262215046469d595fb4.ctex[39m[0m
[  71% ] [90m[1msavepack[22m | Storing File: res://assets/dream/incarnations/omar/T_ai_dream_omar_workshop_enamel/normal.png.import[39m[0m
[  71% ] [90m[1msavepack[22m | Storing File: res://.godot/imported/roughness.png-47369b7fea0d9659f036b327fec2d0a4.ctex[39m[0m
[  71% ] [90m[1msavepack[22m | Storing File: res://assets/dream/incarnations/omar/T_ai_dream_omar_workshop_enamel/roughness.png.import[39m[0m
[  71% ] [90m[1msavepack[22m | Storing File: res://.godot/imported/albedo.png-f4d162f28151290fc5784c4df97f4382.ctex[39m[0m
[  71% ] [90m[1msavepack[22m | Storing File: res://assets/dream/incarnations/peter/T_ai_dream_peter_brass_fastener/albedo.png.import[39m[0m
[  71% ] [90m[1msavepack[22m | Storing File: res://.godot/imported/height.png-b12c976f2170868dcfce6f533fd4d91d.ctex[39m[0m
[  71% ] [90m[1msavepack[22m | Storing File: res://assets/dream/incarnations/peter/T_ai_dream_peter_brass_fastener/height.png.import[39m[0m
[  71% ] [90m[1msavepack[22m | Storing File: res://.godot/imported/normal.png-e131c4a8d9d7ee56589af6a986817810.ctex[39m[0m
[  71% ] [90m[1msavepack[22m | Storing File: res://assets/dream/incarnations/peter/T_ai_dream_peter_brass_fastener/normal.png.import[39m[0m
[  71% ] [90m[1msavepack[22m | Storing File: res://.godot/imported/roughness.png-4e280e99ce6591f9773d879641acb0b7.ctex[39m[0m
[  71% ] [90m[1msavepack[22m | Storing File: res://assets/dream/incarnations/peter/T_ai_dream_peter_brass_fastener/roughness.png.import[39m[0m
[  71% ] [90m[1msavepack[22m | Storing File: res://.godot/imported/albedo.png-8e9a7a2a9132473578f2bd2ce4fc4f16.ctex[39m[0m
[  71% ] [90m[1msavepack[22m | Storing File: res://assets/dream/incarnations/peter/T_ai_dream_peter_carbon_copy/albedo.png.import[39m[0m
[  71% ] [90m[1msavepack[22m | Storing File: res://.godot/imported/height.png-20440add524936355c071aa8de113865.ctex[39m[0m
[  71% ] [90m[1msavepack[22m | Storing File: res://assets/dream/incarnations/peter/T_ai_dream_peter_carbon_copy/height.png.import[39m[0m
[  71% ] [90m[1msavepack[22m | Storing File: res://.godot/imported/normal.png-f22b430563ca28f31c322d6e2ff3bc28.ctex[39m[0m
[  71% ] [90m[1msavepack[22m | Storing File: res://assets/dream/incarnations/peter/T_ai_dream_peter_carbon_copy/normal.png.import[39m[0m
[  71% ] [90m[1msavepack[22m | Storing File: res://.godot/imported/roughness.png-2b9d4f66384b10566945a95eb093c007.ctex[39m[0m
[  71% ] [90m[1msavepack[22m | Storing File: res://assets/dream/incarnations/peter/T_ai_dream_peter_carbon_copy/roughness.png.import[39m[0m
[  71% ] [90m[1msavepack[22m | Storing File: res://.godot/imported/albedo.png-bfc067116df5cc53b171c7cfc383da98.ctex[39m[0m
[  71% ] [90m[1msavepack[22m | Storing File: res://assets/dream/incarnations/peter/T_ai_dream_peter_ledger_stock/albedo.png.import[39m[0m
[  71% ] [90m[1msavepack[22m | Storing File: res://.godot/imported/height.png-5f239c8d5c57b3b747721e261ea7c367.ctex[39m[0m
[  71% ] [90m[1msavepack[22m | Storing File: res://assets/dream/incarnations/peter/T_ai_dream_peter_ledger_stock/height.png.import[39m[0m
[  71% ] [90m[1msavepack[22m | Storing File: res://.godot/imported/normal.png-462c255fe81cd2e2cd1e83d0f95f5585.ctex[39m[0m
[  71% ] [90m[1msavepack[22m | Storing File: res://assets/dream/incarnations/peter/T_ai_dream_peter_ledger_stock/normal.png.import[39m[0m
[  71% ] [90m[1msavepack[22m | Storing File: res://.godot/imported/roughness.png-824dc30fb18a28e3b7f651b46dfdc37c.ctex[39m[0m
[  71% ] [90m[1msavepack[22m | Storing File: res://assets/dream/incarnations/peter/T_ai_dream_peter_ledger_stock/roughness.png.import[39m[0m
[  71% ] [90m[1msavepack[22m | Storing File: res://.godot/imported/albedo.png-15eb3820543424111c1ae4531e2717ed.ctex[39m[0m
[  71% ] [90m[1msavepack[22m | Storing File: res://assets/dream/incarnations/peter/T_ai_dream_peter_stamp_pad/albedo.png.import[39m[0m
[  72% ] [90m[1msavepack[22m | Storing File: res://.godot/imported/height.png-91dbd2fe44bdf0e55eab1054187218e2.ctex[39m[0m
[  72% ] [90m[1msavepack[22m | Storing File: res://assets/dream/incarnations/peter/T_ai_dream_peter_stamp_pad/height.png.import[39m[0m
[  72% ] [90m[1msavepack[22m | Storing File: res://.godot/imported/normal.png-cfcaa7a39b1e4c6ec672ae1ed4d99979.ctex[39m[0m
[  72% ] [90m[1msavepack[22m | Storing File: res://assets/dream/incarnations/peter/T_ai_dream_peter_stamp_pad/normal.png.import[39m[0m
[  72% ] [90m[1msavepack[22m | Storing File: res://.godot/imported/roughness.png-45b0c2f1462e76f323966c531d7aa14f.ctex[39m[0m
[  72% ] [90m[1msavepack[22m | Storing File: res://assets/dream/incarnations/peter/T_ai_dream_peter_stamp_pad/roughness.png.import[39m[0m
[  72% ] [90m[1msavepack[22m | Storing File: res://.godot/imported/albedo.png-ec3304c0141dffa8f43bd66f1ec436fc.ctex[39m[0m
[  72% ] [90m[1msavepack[22m | Storing File: res://assets/dream/surfaces/plaster/albedo.png.import[39m[0m
[  72% ] [90m[1msavepack[22m | Storing File: res://.godot/imported/normal.png-b96f146fb5da0d86cfea72af90b28285.ctex[39m[0m
[  72% ] [90m[1msavepack[22m | Storing File: res://assets/dream/surfaces/plaster/normal.png.import[39m[0m
[  72% ] [90m[1msavepack[22m | Storing File: res://.godot/imported/roughness.png-7a39112590e06cf0cf644622b1baedb5.ctex[39m[0m
[  72% ] [90m[1msavepack[22m | Storing File: res://assets/dream/surfaces/plaster/roughness.png.import[39m[0m
[  72% ] [90m[1msavepack[22m | Storing File: res://.godot/imported/albedo.png-b6578c58a0aa23b37e55f1cdf96700cf.ctex[39m[0m
[  72% ] [90m[1msavepack[22m | Storing File: res://assets/dream/surfaces/plaster_stained/albedo.png.import[39m[0m
[  72% ] [90m[1msavepack[22m | Storing File: res://.godot/imported/normal.png-32578b11942f025513144efe21eedf89.ctex[39m[0m
[  72% ] [90m[1msavepack[22m | Storing File: res://assets/dream/surfaces/plaster_stained/normal.png.import[39m[0m
[  72% ] [90m[1msavepack[22m | Storing File: res://.godot/imported/roughness.png-2f8cab9ec3512e6c306df2b166862f55.ctex[39m[0m
[  72% ] [90m[1msavepack[22m | Storing File: res://assets/dream/surfaces/plaster_stained/roughness.png.import[39m[0m
[  72% ] [90m[1msavepack[22m | Storing File: res://.godot/imported/albedo.png-881e74b60dd84c2530f65c9d39d92015.ctex[39m[0m
[  72% ] [90m[1msavepack[22m | Storing File: res://assets/dream/surfaces/terrazzo/albedo.png.import[39m[0m
[  72% ] [90m[1msavepack[22m | Storing File: res://.godot/imported/normal.png-faf0dd7f110cccf4c5fee319fe451657.ctex[39m[0m
[  72% ] [90m[1msavepack[22m | Storing File: res://assets/dream/surfaces/terrazzo/normal.png.import[39m[0m
[  72% ] [90m[1msavepack[22m | Storing File: res://.godot/imported/roughness.png-8ee214dc811d53fb9d4f84c7905eca3c.ctex[39m[0m
[  72% ] [90m[1msavepack[22m | Storing File: res://assets/dream/surfaces/terrazzo/roughness.png.import[39m[0m
[  72% ] [90m[1msavepack[22m | Storing File: res://.godot/imported/albedo.png-3565bdf764fd895a3c1022f3c65bd985.ctex[39m[0m
[  72% ] [90m[1msavepack[22m | Storing File: res://assets/dream/surfaces/timber/albedo.png.import[39m[0m
[  72% ] [90m[1msavepack[22m | Storing File: res://.godot/imported/normal.png-803bf91fa06a61f3119d2c48779f2127.ctex[39m[0m
[  72% ] [90m[1msavepack[22m | Storing File: res://assets/dream/surfaces/timber/normal.png.import[39m[0m
[  72% ] [90m[1msavepack[22m | Storing File: res://.godot/imported/roughness.png-c0c3ff24b6f0e4d2cfb58f4b0ee4ea44.ctex[39m[0m
[  72% ] [90m[1msavepack[22m | Storing File: res://assets/dream/surfaces/timber/roughness.png.import[39m[0m
[  72% ] [90m[1msavepack[22m | Storing File: res://.godot/imported/albedo.png-7808d13fbb8b77f7d07ed9ef8035ab96.ctex[39m[0m
[  72% ] [90m[1msavepack[22m | Storing File: res://assets/dream/surfaces/tin_ceiling/albedo.png.import[39m[0m
[  72% ] [90m[1msavepack[22m | Storing File: res://.godot/imported/normal.png-0965f2f36b876067a9ddb751f371680e.ctex[39m[0m
[  72% ] [90m[1msavepack[22m | Storing File: res://assets/dream/surfaces/tin_ceiling/normal.png.import[39m[0m
[  72% ] [90m[1msavepack[22m | Storing File: res://.godot/imported/roughness.png-8fedcdae8d926390a7f7e62dc45d7170.ctex[39m[0m
[  72% ] [90m[1msavepack[22m | Storing File: res://assets/dream/surfaces/tin_ceiling/roughness.png.import[39m[0m
[  72% ] [90m[1msavepack[22m | Storing File: res://.godot/imported/dream_tentacle.glb-163cd22d73288c3d2a827fb5c0d691fa.scn[39m[0m
[  72% ] [90m[1msavepack[22m | Storing File: res://assets/dream/tentacle/dream_tentacle.glb.import[39m[0m
[  72% ] [90m[1msavepack[22m | Storing File: res://.godot/imported/T_dream_hero_anatomy.png-e735c6abb05508b4e4c43633a35d83f1.ctex[39m[0m
[  72% ] [90m[1msavepack[22m | Storing File: res://assets/dream/tentacle/T_dream_hero_anatomy.png.import[39m[0m
[  73% ] [90m[1msavepack[22m | Storing File: res://.godot/imported/lroc_color_poles_1k.jpg-e2c80151a793fba59c850ea878bcd927.ctex[39m[0m
[  73% ] [90m[1msavepack[22m | Storing File: res://assets/environment/lroc_color_poles_1k.jpg.import[39m[0m
[  73% ] [90m[1msavepack[22m | Storing File: res://.godot/imported/CourierPrime-Bold.ttf-bf7a7031d9489227399d79b38e4a3e43.fontdata[39m[0m
[  73% ] [90m[1msavepack[22m | Storing File: res://assets/fonts/courier_prime/CourierPrime-Bold.ttf.import[39m[0m
[  73% ] [90m[1msavepack[22m | Storing File: res://.godot/imported/CourierPrime-Regular.ttf-b33a163554302b210ef6aef62fa4168a.fontdata[39m[0m
[  73% ] [90m[1msavepack[22m | Storing File: res://assets/fonts/courier_prime/CourierPrime-Regular.ttf.import[39m[0m
[  73% ] [90m[1msavepack[22m | Storing File: res://.godot/imported/cal_dwyer.png-e7510b100d09d6d204f896568ed2ed3f.ctex[39m[0m
[  73% ] [90m[1msavepack[22m | Storing File: res://assets/npcs/cal_dwyer.png.import[39m[0m
[  73% ] [90m[1msavepack[22m | Storing File: res://.godot/imported/cam_ortiz.png-f15d7053893a6bc337d34a3df2c65b57.ctex[39m[0m
[  73% ] [90m[1msavepack[22m | Storing File: res://assets/npcs/cam_ortiz.png.import[39m[0m
[  73% ] [90m[1msavepack[22m | Storing File: res://.godot/imported/evelyn_marsh.png-c4dbbb02f43f540d9a970bbe0d600698.ctex[39m[0m
[  73% ] [90m[1msavepack[22m | Storing File: res://assets/npcs/evelyn_marsh.png.import[39m[0m
[  73% ] [90m[1msavepack[22m | Storing File: res://.godot/imported/iris_bell.png-14a0f937dd6142934ea62c4c3cb19408.ctex[39m[0m
[  73% ] [90m[1msavepack[22m | Storing File: res://assets/npcs/iris_bell.png.import[39m[0m
[  73% ] [90m[1msavepack[22m | Storing File: res://.godot/imported/jonah_price.png-5ca496da474f7cbd2b72a42283e245da.ctex[39m[0m
[  73% ] [90m[1msavepack[22m | Storing File: res://assets/npcs/jonah_price.png.import[39m[0m
[  73% ] [90m[1msavepack[22m | Storing File: res://.godot/imported/juno_kells.png-f507f4664e270a95fade168b41cbd2f3.ctex[39m[0m
[  73% ] [90m[1msavepack[22m | Storing File: res://assets/npcs/juno_kells.png.import[39m[0m
[  73% ] [90m[1msavepack[22m | Storing File: res://.godot/imported/lena_ortiz.png-b1e32454df9e3db8c66f8242404247bb.ctex[39m[0m
[  73% ] [90m[1msavepack[22m | Storing File: res://assets/npcs/lena_ortiz.png.import[39m[0m
[  73% ] [90m[1msavepack[22m | Storing File: res://.godot/imported/mae_kessler.png-9106d1fcf6576b4b766ccf1d7e64199c.ctex[39m[0m
[  73% ] [90m[1msavepack[22m | Storing File: res://assets/npcs/mae_kessler.png.import[39m[0m
[  73% ] [90m[1msavepack[22m | Storing File: res://.godot/imported/malcolm_reed.png-afed73f9c9e36e10acd447bdf9bbb600.ctex[39m[0m
[  73% ] [90m[1msavepack[22m | Storing File: res://assets/npcs/malcolm_reed.png.import[39m[0m
[  73% ] [90m[1msavepack[22m | Storing File: res://.godot/imported/mina_vale.png-e2589da87b0815cfcc498186570098b6.ctex[39m[0m
[  73% ] [90m[1msavepack[22m | Storing File: res://assets/npcs/mina_vale.png.import[39m[0m
[  73% ] [90m[1msavepack[22m | Storing File: res://.godot/imported/nadia_quell.png-a5ec8a0f95f9feb3609078355f17f22e.ctex[39m[0m
[  73% ] [90m[1msavepack[22m | Storing File: res://assets/npcs/nadia_quell.png.import[39m[0m
[  73% ] [90m[1msavepack[22m | Storing File: res://.godot/imported/noel_price.png-e4b0743432bf02d4004ea7c5bc4cc70a.ctex[39m[0m
[  73% ] [90m[1msavepack[22m | Storing File: res://assets/npcs/noel_price.png.import[39m[0m
[  73% ] [90m[1msavepack[22m | Storing File: res://.godot/imported/omar_bell.png-487440d1d6988bcbcdd28b0987224ec7.ctex[39m[0m
[  73% ] [90m[1msavepack[22m | Storing File: res://assets/npcs/omar_bell.png.import[39m[0m
[  73% ] [90m[1msavepack[22m | Storing File: res://.godot/imported/peter_wren.png-0a8ac87592f8b1ac1bb0425c0b1d6c79.ctex[39m[0m
[  73% ] [90m[1msavepack[22m | Storing File: res://assets/npcs/peter_wren.png.import[39m[0m
[  73% ] [90m[1msavepack[22m | Storing File: res://.godot/imported/rhea_sato.png-bfc2e713ecea5d26024cb3cbf16abd33.ctex[39m[0m
[  73% ] [90m[1msavepack[22m | Storing File: res://assets/npcs/rhea_sato.png.import[39m[0m
[  73% ] [90m[1msavepack[22m | Storing File: res://.godot/imported/sacha_reed.png-6ef3634d4e6d7c651ff05a6c7b5bc524.ctex[39m[0m
[  73% ] [90m[1msavepack[22m | Storing File: res://assets/npcs/sacha_reed.png.import[39m[0m
[  73% ] [90m[1msavepack[22m | Storing File: res://.godot/imported/teresa_vale.png-f9f04611110a2a7a6e3e288b62dcaaed.ctex[39m[0m
[  73% ] [90m[1msavepack[22m | Storing File: res://assets/npcs/teresa_vale.png.import[39m[0m
[  73% ] [90m[1msavepack[22m | Storing File: res://.godot/imported/transient_guests.png-0fa639d8f5e7688a6b888e3da24f18af.ctex[39m[0m
[  73% ] [90m[1msavepack[22m | Storing File: res://assets/npcs/transient_guests.png.import[39m[0m
[  74% ] [90m[1msavepack[22m | Storing File: res://.godot/imported/amiga_case.png-f594494f9a1de7bddda79166cb6b43db.ctex[39m[0m
[  74% ] [90m[1msavepack[22m | Storing File: res://assets/ui/phone/amiga_case.png.import[39m[0m
[  74% ] [90m[1msavepack[22m | Storing File: res://.godot/imported/amiga_case_grey.png-ed14730f1057f7c45285a5dd564943a3.ctex[39m[0m
[  74% ] [90m[1msavepack[22m | Storing File: res://assets/ui/phone/amiga_case_grey.png.import[39m[0m
[  74% ] [90m[1msavepack[22m | Storing File: res://.godot/imported/amiga_keycaps.png-250332f0a5a6a5569a7fac95bfb323f0.ctex[39m[0m
[  74% ] [90m[1msavepack[22m | Storing File: res://assets/ui/phone/amiga_keycaps.png.import[39m[0m
[  74% ] [90m[1msavepack[22m | Storing File: res://.godot/imported/amiga_label.png-c87873279cb23f23e0e6ed67d7368431.ctex[39m[0m
[  74% ] [90m[1msavepack[22m | Storing File: res://assets/ui/phone/amiga_label.png.import[39m[0m
[  74% ] [90m[1msavepack[22m | Storing File: res://.godot/imported/amiga_stripe.png-17f16ab856ccc8bdd1f92305d3cdbeb6.ctex[39m[0m
[  74% ] [90m[1msavepack[22m | Storing File: res://assets/ui/phone/amiga_stripe.png.import[39m[0m
[  74% ] [90m[1msavepack[22m | Storing File: res://.godot/imported/amiga_vents.png-44498a4e5c5ff0247d3630b87d94f275.ctex[39m[0m
[  74% ] [90m[1msavepack[22m | Storing File: res://assets/ui/phone/amiga_vents.png.import[39m[0m
[  74% ] [90m[1msavepack[22m | Storing File: res://.godot/imported/breadboard.png-fe6615915247f4fd356c184647593154.ctex[39m[0m
[  74% ] [90m[1msavepack[22m | Storing File: res://assets/ui/phone/breadboard.png.import[39m[0m
[  74% ] [90m[1msavepack[22m | Storing File: res://.godot/imported/copper_coil.png-dad7dcdc1c1b116581eb9c398f44aa30.ctex[39m[0m
[  74% ] [90m[1msavepack[22m | Storing File: res://assets/ui/phone/copper_coil.png.import[39m[0m
[  74% ] [90m[1msavepack[22m | Storing File: res://.godot/imported/ferrite_rod.png-a37839da4764f5a6a1ca9a12b73e9304.ctex[39m[0m
[  74% ] [90m[1msavepack[22m | Storing File: res://assets/ui/phone/ferrite_rod.png.import[39m[0m
[  74% ] [90m[1msavepack[22m | Storing File: res://.godot/imported/hot_glue.png-3653c9b656d88fb033f898f717aaa40e.ctex[39m[0m
[  74% ] [90m[1msavepack[22m | Storing File: res://assets/ui/phone/hot_glue.png.import[39m[0m
[  74% ] [90m[1msavepack[22m | Storing File: res://.godot/imported/kapton_tape.png-8e1be975eb1404ce6aef72e16a09fcfd.ctex[39m[0m
[  74% ] [90m[1msavepack[22m | Storing File: res://assets/ui/phone/kapton_tape.png.import[39m[0m
[  74% ] [90m[1msavepack[22m | Storing File: res://.godot/imported/lcd_matrix.png-709356a78c3f876b135a7dd5ea8f5080.ctex[39m[0m
[  74% ] [90m[1msavepack[22m | Storing File: res://assets/ui/phone/lcd_matrix.png.import[39m[0m
[  74% ] [90m[1msavepack[22m | Storing File: res://.godot/imported/mask_clean.png-9754816ed019fdae3e3e5bb028d18c89.ctex[39m[0m
[  74% ] [90m[1msavepack[22m | Storing File: res://assets/ui/phone/mask_clean.png.import[39m[0m
[  74% ] [90m[1msavepack[22m | Storing File: res://.godot/imported/mask_cracked.png-183f1d84ab4944c64107e0f51581b7c2.ctex[39m[0m
[  74% ] [90m[1msavepack[22m | Storing File: res://assets/ui/phone/mask_cracked.png.import[39m[0m
[  74% ] [90m[1msavepack[22m | Storing File: res://.godot/imported/mask_haze.png-5f23b5b3aad4fa9fe7f497b52174a3ed.ctex[39m[0m
[  74% ] [90m[1msavepack[22m | Storing File: res://assets/ui/phone/mask_haze.png.import[39m[0m
[  74% ] [90m[1msavepack[22m | Storing File: res://.godot/imported/phone_bezel.png-5282d972178f98a7c1af90fbfd3b6b40.ctex[39m[0m
[  74% ] [90m[1msavepack[22m | Storing File: res://assets/ui/phone/phone_bezel.png.import[39m[0m
[  74% ] [90m[1msavepack[22m | Storing File: res://.godot/imported/phone_chrome_band.png-efb38327ab2fb8cde77fb67311a97a7f.ctex[39m[0m
[  74% ] [90m[1msavepack[22m | Storing File: res://assets/ui/phone/phone_chrome_band.png.import[39m[0m
[  74% ] [90m[1msavepack[22m | Storing File: res://.godot/imported/phone_keycap.png-2d1a484ee6b3e627126502fb940c9297.ctex[39m[0m
[  74% ] [90m[1msavepack[22m | Storing File: res://assets/ui/phone/phone_keycap.png.import[39m[0m
[  74% ] [90m[1msavepack[22m | Storing File: res://.godot/imported/phone_softtouch.png-70b070007a31f255f81a9d6e61664410.ctex[39m[0m
[  74% ] [90m[1msavepack[22m | Storing File: res://assets/ui/phone/phone_softtouch.png.import[39m[0m
[  74% ] [90m[1msavepack[22m | Storing File: res://.godot/imported/ribbon_cable.png-267a2a0969533407b6398863f1b4bd4a.ctex[39m[0m
[  74% ] [90m[1msavepack[22m | Storing File: res://assets/ui/phone/ribbon_cable.png.import[39m[0m
[  74% ] [90m[1msavepack[22m | Storing File: res://.godot/imported/screen_grime.png-fa09cca13f8b9f6196e4c3145b0964f8.ctex[39m[0m
[  74% ] [90m[1msavepack[22m | Storing File: res://assets/ui/phone/screen_grime.png.import[39m[0m
[  75% ] [90m[1msavepack[22m | Storing File: res://.godot/imported/screen_protector.png-8b1ceebbe7cb49cd8a8074f7cb6de184.ctex[39m[0m
[  75% ] [90m[1msavepack[22m | Storing File: res://assets/ui/phone/screen_protector.png.import[39m[0m
[  75% ] [90m[1msavepack[22m | Storing File: res://.godot/imported/screen_scratches.png-f0c0827fb58577ae1b22e2622a7851c4.ctex[39m[0m
[  75% ] [90m[1msavepack[22m | Storing File: res://assets/ui/phone/screen_scratches.png.import[39m[0m
[  75% ] [90m[1msavepack[22m | Storing File: res://.godot/imported/solder_tinned.png-50dd42273261894e7426c21e26ff85b1.ctex[39m[0m
[  75% ] [90m[1msavepack[22m | Storing File: res://assets/ui/phone/solder_tinned.png.import[39m[0m
[  75% ] [90m[1msavepack[22m | Storing File: res://.godot/imported/stripboard.png-3aafbfb0a8e4a37c803b940c593ad174.ctex[39m[0m
[  75% ] [90m[1msavepack[22m | Storing File: res://assets/ui/phone/stripboard.png.import[39m[0m
[  75% ] [90m[1msavepack[22m | Storing File: res://.godot/imported/telegram_paper_stock_v1.png-6da8e34d237a3bb83d7695aa967c7cff.ctex[39m[0m
[  75% ] [90m[1msavepack[22m | Storing File: res://assets/ui/telegram/telegram_paper_stock_v1.png.import[39m[0m
[  75% ] [90m[1msavepack[22m | Storing File: res://.godot/imported/orison_grand_mundane_title_v1.png-bc097af3116491b8dcf185c05d5a50b1.ctex[39m[0m
[  75% ] [90m[1msavepack[22m | Storing File: res://assets/ui/title/orison_grand_mundane_title_v1.png.import[39m[0m
[  75% ] [90m[1msavepack[22m | Storing File: res://.godot/imported/orison_original_advert_lobby_v1.png-b45097ae2b0f24de00c2e9d66019c2c3.ctex[39m[0m
[  75% ] [90m[1msavepack[22m | Storing File: res://assets/ui/title/orison_original_advert_lobby_v1.png.import[39m[0m
[  75% ] [90m[1msavepack[22m | Storing File: res://.godot/imported/orison_stairwell_title_v2.png-2771baefccb4eb90795fd18a341c03d7.ctex[39m[0m
[  75% ] [90m[1msavepack[22m | Storing File: res://assets/ui/title/orison_stairwell_title_v2.png.import[39m[0m
[  75% ] [90m[1msavepack[22m | Storing File: res://.godot/imported/phone_light_mask.png-f1d670844595e56fdca21a5eaa87b591.ctex[39m[0m
[  75% ] [90m[1msavepack[22m | Storing File: res://assets/ui/phone_light_mask.png.import[39m[0m
[  75% ] [90m[1msavepack[22m | Storing File: res://.godot/imported/piano_truck.glb-b364638c9bc77610ff042cd9aa8e1469.scn[39m[0m
[  75% ] [90m[1msavepack[22m | Storing File: res://assets/vehicles/piano_truck.glb.import[39m[0m
[  75% ] [90m[1msavepack[22m | Storing File: res://.godot/imported/piano_truck_T_piano_truck_paint.png-190346ca2626e52413d043f86b493841.ctex[39m[0m
[  75% ] [90m[1msavepack[22m | Storing File: res://assets/vehicles/piano_truck_T_piano_truck_paint.png.import[39m[0m
[  75% ] [90m[1msavepack[22m | Storing File: res://.godot/imported/piano_truck_T_piano_truck_panel.png-21fe6e945ba9b4feded4e8167b4e9dc3.ctex[39m[0m
[  75% ] [90m[1msavepack[22m | Storing File: res://assets/vehicles/piano_truck_T_piano_truck_panel.png.import[39m[0m
[  75% ] [90m[1msavepack[22m | Storing File: res://.godot/imported/piano_truck_T_piano_truck_rear.png-9c48e580b5a41b406b618a00ab4f5547.ctex[39m[0m
[  75% ] [90m[1msavepack[22m | Storing File: res://assets/vehicles/piano_truck_T_piano_truck_rear.png.import[39m[0m
[  75% ] [90m[1msavepack[22m | Storing File: res://.godot/imported/piano_truck_T_piano_truck_side.png-2fe859b0c19ccc45d190b0bd1643cdf8.ctex[39m[0m
[  75% ] [90m[1msavepack[22m | Storing File: res://assets/vehicles/piano_truck_T_piano_truck_side.png.import[39m[0m
[  75% ] [90m[1msavepack[22m | Storing File: res://assets/video/clips/ch_01.ogv[39m[0m
[  75% ] [90m[1msavepack[22m | Storing File: res://assets/video/clips/ch_02.ogv[39m[0m
[  75% ] [90m[1msavepack[22m | Storing File: res://assets/video/clips/ch_03.ogv[39m[0m
[  75% ] [90m[1msavepack[22m | Storing File: res://assets/video/clips/ch_04.ogv[39m[0m
[  75% ] [90m[1msavepack[22m | Storing File: res://assets/video/clips/ch_05.ogv[39m[0m
[  75% ] [90m[1msavepack[22m | Storing File: res://assets/video/clips/ch_06.ogv[39m[0m
[  76% ] [90m[1msavepack[22m | Storing File: res://assets/video/clips/ch_07.ogv[39m[0m
[  76% ] [90m[1msavepack[22m | Storing File: res://assets/video/clips/ch_08.ogv[39m[0m
[  76% ] [90m[1msavepack[22m | Storing File: res://assets/video/clips/ch_09.ogv[39m[0m
[  76% ] [90m[1msavepack[22m | Storing File: res://assets/video/clips/ch_10.ogv[39m[0m
[  76% ] [90m[1msavepack[22m | Storing File: res://assets/video/clips/ch_11.ogv[39m[0m
[  76% ] [90m[1msavepack[22m | Storing File: res://assets/video/clips/ch_12.ogv[39m[0m
[  76% ] [90m[1msavepack[22m | Storing File: res://assets/video/clips/ch_13.ogv[39m[0m
[  76% ] [90m[1msavepack[22m | Storing File: res://assets/video/clips/ch_14.ogv[39m[0m
[  76% ] [90m[1msavepack[22m | Storing File: res://assets/video/clips/ch_15.ogv[39m[0m
[  76% ] [90m[1msavepack[22m | Storing File: res://assets/video/clips/ch_16.ogv[39m[0m
[  76% ] [90m[1msavepack[22m | Storing File: res://assets/video/clips/ch_17.ogv[39m[0m
[  76% ] [90m[1msavepack[22m | Storing File: res://assets/video/clips/ch_18.ogv[39m[0m
[  76% ] [90m[1msavepack[22m | Storing File: res://assets/video/clips/ch_19.ogv[39m[0m
[  76% ] [90m[1msavepack[22m | Storing File: res://assets/video/clips/ch_20.ogv[39m[0m
[  76% ] [90m[1msavepack[22m | Storing File: res://assets/video/clips/ch_21.ogv[39m[0m
[  76% ] [90m[1msavepack[22m | Storing File: res://assets/video/clips/ch_22.ogv[39m[0m
[  76% ] [90m[1msavepack[22m | Storing File: res://assets/video/clips/ch_23.ogv[39m[0m
[  76% ] [90m[1msavepack[22m | Storing File: res://assets/video/clips/ch_24.ogv[39m[0m
[  76% ] [90m[1msavepack[22m | Storing File: res://assets/video/clips/ch_25.ogv[39m[0m
[  76% ] [90m[1msavepack[22m | Storing File: res://assets/video/clips/ch_26.ogv[39m[0m
[  76% ] [90m[1msavepack[22m | Storing File: res://assets/video/clips/ch_27.ogv[39m[0m
[  77% ] [90m[1msavepack[22m | Storing File: res://assets/video/clips/ch_28.ogv[39m[0m
[  77% ] [90m[1msavepack[22m | Storing File: res://assets/video/clips/ch_29.ogv[39m[0m
[  77% ] [90m[1msavepack[22m | Storing File: res://assets/video/clips/ch_30.ogv[39m[0m
[  77% ] [90m[1msavepack[22m | Storing File: res://assets/video/clips/ch_31.ogv[39m[0m
[  77% ] [90m[1msavepack[22m | Storing File: res://assets/video/clips/ch_32.ogv[39m[0m
[  77% ] [90m[1msavepack[22m | Storing File: res://assets/video/clips/ch_33.ogv[39m[0m
[  77% ] [90m[1msavepack[22m | Storing File: res://assets/video/clips/ch_34.ogv[39m[0m
[  77% ] [90m[1msavepack[22m | Storing File: res://assets/video/clips/ch_35.ogv[39m[0m
[  77% ] [90m[1msavepack[22m | Storing File: res://assets/video/clips/ch_36.ogv[39m[0m
[  77% ] [90m[1msavepack[22m | Storing File: res://assets/video/clips/ch_37.ogv[39m[0m
[  77% ] [90m[1msavepack[22m | Storing File: res://assets/video/clips/clips.json[39m[0m
[  77% ] [90m[1msavepack[22m | Storing File: res://data/orison_v2/exterior/exterior_geometry.json[39m[0m
[  77% ] [90m[1msavepack[22m | Storing File: res://data/orison_v2/exterior/regions.json[39m[0m
[  77% ] [90m[1msavepack[22m | Storing File: res://data/orison_v2/exterior/shop_buckets.json[39m[0m
[  77% ] [90m[1msavepack[22m | Storing File: res://data/orison_v2/domestic_fittings.json[39m[0m
[  77% ] [90m[1msavepack[22m | Storing File: res://data/orison_v2/domestic_furniture.json[39m[0m
[  77% ] [90m[1msavepack[22m | Storing File: res://data/orison_v2/room_lighting.json[39m[0m
[  77% ] [90m[1msavepack[22m | Storing File: res://data/orison_v2/world_connection.json[39m[0m
[  77% ] [90m[1msavepack[22m | Storing File: res://data/songbook/last_train_home.json[39m[0m
[  77% ] [90m[1msavepack[22m | Storing File: res://data/acoustic_graph.json[39m[0m
[  78% ] [90m[1msavepack[22m | Storing File: res://data/apartment_life_profiles.json[39m[0m
[  78% ] [90m[1msavepack[22m | Storing File: res://data/audio_cues.json[39m[0m
[  78% ] [90m[1msavepack[22m | Storing File: res://data/building_layout.json[39m[0m
[  78% ] [90m[1msavepack[22m | Storing File: res://data/campaign_calendar.json[39m[0m
[  78% ] [90m[1msavepack[22m | Storing File: res://data/case01_dialogue.json[39m[0m
[  78% ] [90m[1msavepack[22m | Storing File: res://data/character_memory_art.json[39m[0m
[  78% ] [90m[1msavepack[22m | Storing File: res://data/character_wall_art.json[39m[0m
[  78% ] [90m[1msavepack[22m | Storing File: res://data/corruption_lineages.json[39m[0m
[  78% ] [90m[1msavepack[22m | Storing File: res://data/creature_index.json[39m[0m
[  78% ] [90m[1msavepack[22m | Storing File: res://data/dead_letters.json[39m[0m
[  78% ] [90m[1msavepack[22m | Storing File: res://data/domestic_anomaly_props.json[39m[0m
[  78% ] [90m[1msavepack[22m | Storing File: res://data/domestic_radios.json[39m[0m
[  78% ] [90m[1msavepack[22m | Storing File: res://data/domestic_witness_clocks.json[39m[0m
[  78% ] [90m[1msavepack[22m | Storing File: res://data/dream_module_catalog.json[39m[0m
[  78% ] [90m[1msavepack[22m | Storing File: res://data/dream_plate_catalog.json[39m[0m
[  78% ] [90m[1msavepack[22m | Storing File: res://data/dream_profiles.json[39m[0m
[  78% ] [90m[1msavepack[22m | Storing File: res://data/fixture_light_map.json[39m[0m
[  78% ] [90m[1msavepack[22m | Storing File: res://.godot/exported/133200997/export-c305434d1775e4645b920dc5b4fc8f54-floor01_provider_registry.res[39m[0m
[  78% ] [90m[1msavepack[22m | Storing File: res://data/found_art_catalog.json[39m[0m
[  78% ] [90m[1msavepack[22m | Storing File: res://data/hallway_art.json[39m[0m
[  78% ] [90m[1msavepack[22m | Storing File: res://data/historical_radio_reallocation.json[39m[0m
[  79% ] [90m[1msavepack[22m | Storing File: res://data/house_english_lexicon.json[39m[0m
[  79% ] [90m[1msavepack[22m | Storing File: res://data/house_telephones.json[39m[0m
[  79% ] [90m[1msavepack[22m | Storing File: res://data/library.json[39m[0m
[  79% ] [90m[1msavepack[22m | Storing File: res://data/light_provenance.json[39m[0m
[  79% ] [90m[1msavepack[22m | Storing File: res://data/lobby_notices.json[39m[0m
[  79% ] [90m[1msavepack[22m | Storing File: res://data/mailbank_cards.json[39m[0m
[  79% ] [90m[1msavepack[22m | Storing File: res://data/mail_catalog.json[39m[0m
[  79% ] [90m[1msavepack[22m | Storing File: res://data/maintenance_activities.json[39m[0m
[  79% ] [90m[1msavepack[22m | Storing File: res://data/maintenance_jobs.json[39m[0m
[  79% ] [90m[1msavepack[22m | Storing File: res://data/material_catalog.json[39m[0m
[  79% ] [90m[1msavepack[22m | Storing File: res://data/move_repertoire.json[39m[0m
[  79% ] [90m[1msavepack[22m | Storing File: res://data/music_catalog.json[39m[0m
[  79% ] [90m[1msavepack[22m | Storing File: res://data/orison_v2_blockout.json[39m[0m
[  79% ] [90m[1msavepack[22m | Storing File: res://data/orison_v2_shared_frames.json[39m[0m
[  79% ] [90m[1msavepack[22m | Storing File: res://data/otis.json[39m[0m
[  79% ] [90m[1msavepack[22m | Storing File: res://data/prop_catalog.json[39m[0m
[  79% ] [90m[1msavepack[22m | Storing File: res://data/prop_service_wire.json[39m[0m
[  79% ] [90m[1msavepack[22m | Storing File: res://data/reality_affected_props.json[39m[0m
[  79% ] [90m[1msavepack[22m | Storing File: res://data/reality_cases.json[39m[0m
[  79% ] [90m[1msavepack[22m | Storing File: res://data/reality_rules.json[39m[0m
[  79% ] [90m[1msavepack[22m | Storing File: res://data/resident_animation_profiles.json[39m[0m
[  80% ] [90m[1msavepack[22m | Storing File: res://data/resident_hero_models.json[39m[0m
[  80% ] [90m[1msavepack[22m | Storing File: res://data/resident_schedules.json[39m[0m
[  80% ] [90m[1msavepack[22m | Storing File: res://data/resident_story_details.json[39m[0m
[  80% ] [90m[1msavepack[22m | Storing File: res://data/runtime_material_sets.json[39m[0m
[  80% ] [90m[1msavepack[22m | Storing File: res://data/shop_inventory.json[39m[0m
[  80% ] [90m[1msavepack[22m | Storing File: res://data/signage_plates.json[39m[0m
[  80% ] [90m[1msavepack[22m | Storing File: res://data/stair_landing_art.json[39m[0m
[  80% ] [90m[1msavepack[22m | Storing File: res://data/trivia_darts.json[39m[0m
[  80% ] [90m[1msavepack[22m | Storing File: res://data/viral_seed_features.json[39m[0m
[  80% ] [90m[1msavepack[22m | Storing File: res://shaders/dream_cilia.gdshader[39m[0m
[  80% ] [90m[1msavepack[22m | Storing File: res://shaders/dream_corruption_layers.gdshaderinc[39m[0m
[  80% ] [90m[1msavepack[22m | Storing File: res://shaders/dream_critter.gdshader[39m[0m
[  80% ] [90m[1msavepack[22m | Storing File: res://shaders/dream_crystal.gdshader[39m[0m
[  80% ] [90m[1msavepack[22m | Storing File: res://shaders/dream_embrace.gdshader[39m[0m
[  80% ] [90m[1msavepack[22m | Storing File: res://shaders/dream_entity_surface.gdshaderinc[39m[0m
[  80% ] [90m[1msavepack[22m | Storing File: res://shaders/dream_eye.gdshader[39m[0m
[  80% ] [90m[1msavepack[22m | Storing File: res://shaders/dream_eyelid.gdshader[39m[0m
[  80% ] [90m[1msavepack[22m | Storing File: res://shaders/dream_fauna.gdshader[39m[0m
[  80% ] [90m[1msavepack[22m | Storing File: res://shaders/dream_fauna_style.gdshaderinc[39m[0m
[  80% ] [90m[1msavepack[22m | Storing File: res://shaders/dream_field_sdf.gdshaderinc[39m[0m
[  81% ] [90m[1msavepack[22m | Storing File: res://shaders/dream_gold.gdshader[39m[0m
[  81% ] [90m[1msavepack[22m | Storing File: res://shaders/dream_halo.gdshader[39m[0m
[  81% ] [90m[1msavepack[22m | Storing File: res://shaders/dream_hero_skin.gdshader[39m[0m
[  81% ] [90m[1msavepack[22m | Storing File: res://shaders/dream_incarnation.gdshaderinc[39m[0m
[  81% ] [90m[1msavepack[22m | Storing File: res://shaders/dream_irradiance.gdshaderinc[39m[0m
[  81% ] [90m[1msavepack[22m | Storing File: res://shaders/dream_klimt.gdshader[39m[0m
[  81% ] [90m[1msavepack[22m | Storing File: res://shaders/dream_lineage_gold.gdshader[39m[0m
[  81% ] [90m[1msavepack[22m | Storing File: res://shaders/dream_membrane.gdshader[39m[0m
[  81% ] [90m[1msavepack[22m | Storing File: res://shaders/dream_palp.gdshader[39m[0m
[  81% ] [90m[1msavepack[22m | Storing File: res://shaders/dream_phase_transition.gdshaderinc[39m[0m
[  81% ] [90m[1msavepack[22m | Storing File: res://shaders/dream_residue.gdshader[39m[0m
[  81% ] [90m[1msavepack[22m | Storing File: res://shaders/dream_sucker.gdshader[39m[0m
[  81% ] [90m[1msavepack[22m | Storing File: res://shaders/dream_tendrils.gdshader[39m[0m
[  81% ] [90m[1msavepack[22m | Storing File: res://shaders/dream_tentacle.gdshader[39m[0m
[  81% ] [90m[1msavepack[22m | Storing File: res://shaders/floor_coverage.gdshader[39m[0m
[  81% ] [90m[1msavepack[22m | Storing File: res://shaders/orison_surface.gdshader[39m[0m
[  81% ] [90m[1msavepack[22m | Storing File: res://shaders/orison_surface.gdshaderinc[39m[0m
[  81% ] [90m[1msavepack[22m | Storing File: res://shaders/orison_surface_cutout.gdshader[39m[0m
[  81% ] [90m[1msavepack[22m | Storing File: res://shaders/orison_waking_sky.gdshader[39m[0m
[  81% ] [90m[1msavepack[22m | Storing File: res://shaders/planar_mirror.gdshader[39m[0m
[  81% ] [90m[1msavepack[22m | Storing File: res://shaders/projected_film.gdshader[39m[0m
[  82% ] [90m[1msavepack[22m | Storing File: res://shaders/scope_screen.gdshader[39m[0m
[  82% ] [90m[1msavepack[22m | Storing File: res://shaders/tv_screen.gdshader[39m[0m
[  82% ] [90m[1msavepack[22m | Storing File: res://shaders/wall_encroachment.gdshader[39m[0m
[  82% ] [90m[1msavepack[22m | Storing File: res://scripts/ui/telegram_hud.gdc[39m[0m
[  82% ] [90m[1msavepack[22m | Storing File: res://scripts/ui/songbook_panel.gdc[39m[0m
[  82% ] [90m[1msavepack[22m | Storing File: res://scripts/ui/shot_capture.gdc[39m[0m
[  82% ] [90m[1msavepack[22m | Storing File: res://scripts/ui/save_status_notice.gdc[39m[0m
[  82% ] [90m[1msavepack[22m | Storing File: res://scripts/ui/prop_service_wire.gdc[39m[0m
[  82% ] [90m[1msavepack[22m | Storing File: res://scripts/ui/telegram_style.gdc[39m[0m
[  82% ] [90m[1msavepack[22m | Storing File: res://.godot/exported/133200997/export-473ce48154279ab6015c383c6b93a4a4-orison_root.scn[39m[0m
[  82% ] [90m[1msavepack[22m | Storing File: res://.godot/exported/133200997/export-2e44a29c3d79211345ee5beb00b23853-orison_v2_blockout.scn[39m[0m
[  82% ] [90m[1msavepack[22m | Storing File: res://.godot/exported/133200997/export-e23dc14aca66a8818a66ff74f6079f50-orison_v2_exterior_cell.scn[39m[0m
[  82% ] [90m[1msavepack[22m | Storing File: res://.godot/exported/133200997/export-8b3da61cdc1d0e32428fafdcdd9df9bb-orison_v2_f01_review.scn[39m[0m
[  82% ] [90m[1msavepack[22m | Storing File: res://.godot/exported/133200997/export-a0d7d786666f1377a3c8ce3bc61f78d9-orison_v2_f02_review.scn[39m[0m
[  82% ] [90m[1msavepack[22m | Storing File: res://.godot/exported/133200997/export-7669f651c7e17e3921fa3302d1a18b73-orison_v2_f04_review.scn[39m[0m
[  82% ] [90m[1msavepack[22m | Storing File: res://.godot/exported/133200997/export-5b22be6e4b1a375f88fd0ff4bd3fd4a7-orison_v2_integrated_review.scn[39m[0m
[  82% ] [90m[1msavepack[22m | Storing File: res://.godot/exported/133200997/export-e10b6a98285505e216503bd91d59543e-orison_v2_m08e_spatial_review.scn[39m[0m
[  82% ] [90m[1msavepack[22m | Storing File: res://.godot/exported/133200997/export-ffb86956fee96720e26985785f668b10-orison_v2_runtime.scn[39m[0m
[  82% ] [90m[1msavepack[22m | Storing File: res://.godot/exported/133200997/export-defa4e0d7e15edb30466cbd937beba25-CampaignShell.scn[39m[0m
[  82% ] [90m[1msavepack[22m | Storing File: res://.godot/exported/133200997/export-a01ebed08f43158f0976e0a0872223c7-DreamMazeRoot.scn[39m[0m
[  82% ] [90m[1msavepack[22m | Storing File: res://.godot/exported/133200997/export-e487b8b3a29dbc73f928db2ce3cd3ad6-Phone3D.scn[39m[0m
[  83% ] [90m[1msavepack[22m | Storing File: res://.godot/exported/133200997/export-28755e20e036ca4ab46c6cc79328f4f2-PhoneShell.scn[39m[0m
[  83% ] [90m[1msavepack[22m | Storing File: res://.godot/exported/133200997/export-5eabcd2865b627a14b0c7b9586988c63-title_screen.scn[39m[0m
[  83% ] [90m[1msavepack[22m | Storing File: res://scripts/arcade/arcade_attract.gdc[39m[0m
[  83% ] [90m[1msavepack[22m | Storing File: res://scripts/arcade/arcade_catalog.gdc[39m[0m
[  83% ] [90m[1msavepack[22m | Storing File: res://scripts/arcade/arcade_machine.gdc[39m[0m
[  83% ] [90m[1msavepack[22m | Storing File: res://scripts/arcade/swc_breakable.gdc[39m[0m
[  83% ] [90m[1msavepack[22m | Storing File: res://scripts/arcade/swc_door.gdc[39m[0m
[  83% ] [90m[1msavepack[22m | Storing File: res://scripts/arcade/swc_enemy.gdc[39m[0m
[  83% ] [90m[1msavepack[22m | Storing File: res://scripts/arcade/swc_enemy_spawner.gdc[39m[0m
[  83% ] [90m[1msavepack[22m | Storing File: res://scripts/arcade/swc_entity.gdc[39m[0m
[  83% ] [90m[1msavepack[22m | Storing File: res://scripts/arcade/swc_formats.gdc[39m[0m
[  83% ] [90m[1msavepack[22m | Storing File: res://scripts/arcade/swc_graybox.gdc[39m[0m
[  83% ] [90m[1msavepack[22m | Storing File: res://scripts/arcade/swc_held_object.gdc[39m[0m
[  83% ] [90m[1msavepack[22m | Storing File: res://scripts/arcade/swc_objective.gdc[39m[0m
[  83% ] [90m[1msavepack[22m | Storing File: res://scripts/arcade/swc_package.gdc[39m[0m
[  83% ] [90m[1msavepack[22m | Storing File: res://scripts/arcade/swc_package_source.gdc[39m[0m
[  83% ] [90m[1msavepack[22m | Storing File: res://scripts/arcade/swc_pickup.gdc[39m[0m
[  83% ] [90m[1msavepack[22m | Storing File: res://scripts/arcade/swc_player.gdc[39m[0m
[  83% ] [90m[1msavepack[22m | Storing File: res://scripts/arcade/swc_scene.gdc[39m[0m
[  83% ] [90m[1msavepack[22m | Storing File: res://scripts/arcade/swc_trigger_volume.gdc[39m[0m
[  84% ] [90m[1msavepack[22m | Storing File: res://scripts/arcade/swc_view_modes.gdc[39m[0m
[  84% ] [90m[1msavepack[22m | Storing File: res://scripts/arcade/swc_weapon.gdc[39m[0m
[  84% ] [90m[1msavepack[22m | Storing File: res://scripts/arcade/swc_world_builder.gdc[39m[0m
[  84% ] [90m[1msavepack[22m | Storing File: res://scripts/audio/acoustic_graph.gdc[39m[0m
[  84% ] [90m[1msavepack[22m | Storing File: res://scripts/audio/ambient_soundscape.gdc[39m[0m
[  84% ] [90m[1msavepack[22m | Storing File: res://scripts/audio/audio_policy.gdc[39m[0m
[  84% ] [90m[1msavepack[22m | Storing File: res://scripts/audio/conductor_clock.gdc[39m[0m
[  84% ] [90m[1msavepack[22m | Storing File: res://scripts/audio/music_director.gdc[39m[0m
[  84% ] [90m[1msavepack[22m | Storing File: res://scripts/audio/prop_audio.gdc[39m[0m
[  84% ] [90m[1msavepack[22m | Storing File: res://scripts/audio/virus_sound_director.gdc[39m[0m
[  84% ] [90m[1msavepack[22m | Storing File: res://scripts/building/arcade_row.gdc[39m[0m
[  84% ] [90m[1msavepack[22m | Storing File: res://scripts/building/atmospheric_decal_pass.gdc[39m[0m
[  84% ] [90m[1msavepack[22m | Storing File: res://scripts/building/broadcast_director.gdc[39m[0m
[  84% ] [90m[1msavepack[22m | Storing File: res://scripts/building/building_root.gdc[39m[0m
[  84% ] [90m[1msavepack[22m | Storing File: res://scripts/building/building_root_selector.gdc[39m[0m
[  84% ] [90m[1msavepack[22m | Storing File: res://scripts/building/celestial_ephemeris.gdc[39m[0m
[  84% ] [90m[1msavepack[22m | Storing File: res://scripts/building/commensal_director.gdc[39m[0m
[  84% ] [90m[1msavepack[22m | Storing File: res://scripts/building/day_night_director.gdc[39m[0m
[  84% ] [90m[1msavepack[22m | Storing File: res://scripts/building/domestic_radio_pass.gdc[39m[0m
[  84% ] [90m[1msavepack[22m | Storing File: res://scripts/building/door_glow.gdc[39m[0m
[  84% ] [90m[1msavepack[22m | Storing File: res://scripts/building/elevator.gdc[39m[0m
[  85% ] [90m[1msavepack[22m | Storing File: res://scripts/building/exterior_detail_pass.gdc[39m[0m
[  85% ] [90m[1msavepack[22m | Storing File: res://scripts/building/exterior_ground_decal.gdc[39m[0m
[  85% ] [90m[1msavepack[22m | Storing File: res://scripts/building/floor01_cell_registry.gdc[39m[0m
[  85% ] [90m[1msavepack[22m | Storing File: res://scripts/building/floor01_geometry_provider.gdc[39m[0m
[  85% ] [90m[1msavepack[22m | Storing File: res://scripts/building/floor01_registry_data.gdc[39m[0m
[  85% ] [90m[1msavepack[22m | Storing File: res://scripts/building/floor_coverage_pass.gdc[39m[0m
[  85% ] [90m[1msavepack[22m | Storing File: res://scripts/building/found_art_pass.gdc[39m[0m
[  85% ] [90m[1msavepack[22m | Storing File: res://scripts/building/furniture_interaction_pass.gdc[39m[0m
[  85% ] [90m[1msavepack[22m | Storing File: res://scripts/building/harukiya_interactables.gdc[39m[0m
[  85% ] [90m[1msavepack[22m | Storing File: res://scripts/building/harukiya_state_director.gdc[39m[0m
[  85% ] [90m[1msavepack[22m | Storing File: res://scripts/building/heightmap_pass.gdc[39m[0m
[  85% ] [90m[1msavepack[22m | Storing File: res://scripts/building/house_telephone_network.gdc[39m[0m
[  85% ] [90m[1msavepack[22m | Storing File: res://scripts/building/light_debug_handle.gdc[39m[0m
[  85% ] [90m[1msavepack[22m | Storing File: res://scripts/building/light_rig.gdc[39m[0m
[  85% ] [90m[1msavepack[22m | Storing File: res://scripts/building/live_weather_service.gdc[39m[0m
[  85% ] [90m[1msavepack[22m | Storing File: res://scripts/building/maintenance_headquarters.gdc[39m[0m
[  85% ] [90m[1msavepack[22m | Storing File: res://scripts/building/moon_fill.gdc[39m[0m
[  85% ] [90m[1msavepack[22m | Storing File: res://scripts/building/orison_detail_pass.gdc[39m[0m
[  85% ] [90m[1msavepack[22m | Storing File: res://scripts/building/orison_v2_anchor_adapter.gdc[39m[0m
[  85% ] [90m[1msavepack[22m | Storing File: res://scripts/building/orison_v2_atmosphere.gdc[39m[0m
[  86% ] [90m[1msavepack[22m | Storing File: res://scripts/building/orison_v2_blockout.gdc[39m[0m
[  86% ] [90m[1msavepack[22m | Storing File: res://scripts/building/orison_v2_domestic_doors.gdc[39m[0m
[  86% ] [90m[1msavepack[22m | Storing File: res://scripts/building/orison_v2_domestic_fittings.gdc[39m[0m
[  86% ] [90m[1msavepack[22m | Storing File: res://scripts/building/orison_v2_domestic_furniture.gdc[39m[0m
[  86% ] [90m[1msavepack[22m | Storing File: res://scripts/building/orison_v2_exterior_cell.gdc[39m[0m
[  86% ] [90m[1msavepack[22m | Storing File: res://scripts/building/orison_v2_exterior_semantic_state.gdc[39m[0m
[  86% ] [90m[1msavepack[22m | Storing File: res://scripts/building/orison_v2_exterior_spatial_resolver.gdc[39m[0m
[  86% ] [90m[1msavepack[22m | Storing File: res://scripts/building/orison_v2_frame_contract.gdc[39m[0m
[  86% ] [90m[1msavepack[22m | Storing File: res://scripts/building/orison_v2_m08e_spatial_cues.gdc[39m[0m
[  86% ] [90m[1msavepack[22m | Storing File: res://scripts/building/orison_v2_readability_cues.gdc[39m[0m
[  86% ] [90m[1msavepack[22m | Storing File: res://scripts/building/orison_v2_review_controller.gdc[39m[0m
[  86% ] [90m[1msavepack[22m | Storing File: res://scripts/building/orison_v2_room_lighting.gdc[39m[0m
[  86% ] [90m[1msavepack[22m | Storing File: res://scripts/building/orison_v2_runtime_root.gdc[39m[0m
[  86% ] [90m[1msavepack[22m | Storing File: res://scripts/building/orison_v2_semantic_anchor.gdc[39m[0m
[  86% ] [90m[1msavepack[22m | Storing File: res://scripts/building/orison_v2_shop_bucket_registry.gdc[39m[0m
[  86% ] [90m[1msavepack[22m | Storing File: res://scripts/building/orison_v2_shop_simulation.gdc[39m[0m
[  86% ] [90m[1msavepack[22m | Storing File: res://scripts/building/orison_v2_wardrobe.gdc[39m[0m
[  86% ] [90m[1msavepack[22m | Storing File: res://scripts/building/orison_v2_water_closet.gdc[39m[0m
[  86% ] [90m[1msavepack[22m | Storing File: res://scripts/building/orison_v2_world_connection.gdc[39m[0m
[  86% ] [90m[1msavepack[22m | Storing File: res://scripts/building/passage_finish_pass.gdc[39m[0m
[  86% ] [90m[1msavepack[22m | Storing File: res://scripts/building/passage_hours_director.gdc[39m[0m
[  87% ] [90m[1msavepack[22m | Storing File: res://scripts/building/period_reality_layer.gdc[39m[0m
[  87% ] [90m[1msavepack[22m | Storing File: res://scripts/building/planar_mirror_renderer.gdc[39m[0m
[  87% ] [90m[1msavepack[22m | Storing File: res://scripts/building/prop_warehouse.gdc[39m[0m
[  87% ] [90m[1msavepack[22m | Storing File: res://scripts/building/railing_polish.gdc[39m[0m
[  87% ] [90m[1msavepack[22m | Storing File: res://scripts/building/room0.gdc[39m[0m
[  87% ] [90m[1msavepack[22m | Storing File: res://scripts/building/story_decal.gdc[39m[0m
[  87% ] [90m[1msavepack[22m | Storing File: res://scripts/building/street_traffic.gdc[39m[0m
[  87% ] [90m[1msavepack[22m | Storing File: res://scripts/building/surface_pass.gdc[39m[0m
[  87% ] [90m[1msavepack[22m | Storing File: res://scripts/building/switch_plate.gdc[39m[0m
[  87% ] [90m[1msavepack[22m | Storing File: res://scripts/building/switch_system.gdc[39m[0m
[  87% ] [90m[1msavepack[22m | Storing File: res://scripts/building/vantry_point_network.gdc[39m[0m
[  87% ] [90m[1msavepack[22m | Storing File: res://scripts/building/wall_art_law.gdc[39m[0m
[  87% ] [90m[1msavepack[22m | Storing File: res://scripts/building/watch_station_network.gdc[39m[0m
[  87% ] [90m[1msavepack[22m | Storing File: res://scripts/building/wayfinding_signage_pass.gdc[39m[0m
[  87% ] [90m[1msavepack[22m | Storing File: res://scripts/building/weather_fx.gdc[39m[0m
[  87% ] [90m[1msavepack[22m | Storing File: res://scripts/building/window_glow.gdc[39m[0m
[  87% ] [90m[1msavepack[22m | Storing File: res://scripts/call/call_interface.gdc[39m[0m
[  87% ] [90m[1msavepack[22m | Storing File: res://scripts/call/case_library.gdc[39m[0m
[  87% ] [90m[1msavepack[22m | Storing File: res://scripts/call/desk_zone.gdc[39m[0m
[  87% ] [90m[1msavepack[22m | Storing File: res://scripts/campaign/core_loop_director.gdc[39m[0m
[  87% ] [90m[1msavepack[22m | Storing File: res://scripts/cases/apartment_reality_controller.gdc[39m[0m
[  88% ] [90m[1msavepack[22m | Storing File: res://scripts/cases/case_interactable.gdc[39m[0m
[  88% ] [90m[1msavepack[22m | Storing File: res://scripts/cases/mina_caption_manifestation.gdc[39m[0m
[  88% ] [90m[1msavepack[22m | Storing File: res://scripts/cases/mina_case_gameplay.gdc[39m[0m
[  88% ] [90m[1msavepack[22m | Storing File: res://scripts/cases/portal_rule_display.gdc[39m[0m
[  88% ] [90m[1msavepack[22m | Storing File: res://scripts/cases/reality_affected_prop.gdc[39m[0m
[  88% ] [90m[1msavepack[22m | Storing File: res://scripts/cases/reality_threshold.gdc[39m[0m
[  88% ] [90m[1msavepack[22m | Storing File: res://scripts/characters/animated_resident.gdc[39m[0m
[  88% ] [90m[1msavepack[22m | Storing File: res://scripts/characters/npc_placeholder.gdc[39m[0m
[  88% ] [90m[1msavepack[22m | Storing File: res://scripts/characters/porter_actor.gdc[39m[0m
[  88% ] [90m[1msavepack[22m | Storing File: res://scripts/characters/resident_moves_library.gdc[39m[0m
[  88% ] [90m[1msavepack[22m | Storing File: res://scripts/characters/resident_nav.gdc[39m[0m
[  88% ] [90m[1msavepack[22m | Storing File: res://scripts/characters/resident_routines.gdc[39m[0m
[  88% ] [90m[1msavepack[22m | Storing File: res://scripts/characters/schedule_director.gdc[39m[0m
[  88% ] [90m[1msavepack[22m | Storing File: res://scripts/device/service_set_carrier.gdc[39m[0m
[  88% ] [90m[1msavepack[22m | Storing File: res://scripts/device/service_set_prop.gdc[39m[0m
[  88% ] [90m[1msavepack[22m | Storing File: res://scripts/dream/critters/dream_critter_controller.gdc[39m[0m
[  88% ] [90m[1msavepack[22m | Storing File: res://scripts/dream/critters/dream_critter_generator.gdc[39m[0m
[  88% ] [90m[1msavepack[22m | Storing File: res://scripts/dream/critters/dream_critter_species.gdc[39m[0m
[  88% ] [90m[1msavepack[22m | Storing File: res://scripts/dream/entity/dream_behavior_profile.gdc[39m[0m
[  88% ] [90m[1msavepack[22m | Storing File: res://scripts/dream/entity/dream_contact_profile.gdc[39m[0m
[  89% ] [90m[1msavepack[22m | Storing File: res://scripts/dream/entity/dream_contact_sensor.gdc[39m[0m
[  89% ] [90m[1msavepack[22m | Storing File: res://scripts/dream/entity/dream_gold_skeleton.gdc[39m[0m
[  89% ] [90m[1msavepack[22m | Storing File: res://scripts/dream/entity/dream_halo_controller.gdc[39m[0m
[  89% ] [90m[1msavepack[22m | Storing File: res://scripts/dream/entity/dream_hero_tentacle.gdc[39m[0m
[  89% ] [90m[1msavepack[22m | Storing File: res://scripts/dream/entity/dream_material_profile.gdc[39m[0m
[  89% ] [90m[1msavepack[22m | Storing File: res://scripts/dream/entity/dream_membrane.gdc[39m[0m
[  89% ] [90m[1msavepack[22m | Storing File: res://scripts/dream/entity/dream_ocular_assembly.gdc[39m[0m
[  89% ] [90m[1msavepack[22m | Storing File: res://scripts/dream/entity/dream_sucker_controller.gdc[39m[0m
[  89% ] [90m[1msavepack[22m | Storing File: res://scripts/dream/entity/dream_surface_transformer.gdc[39m[0m
[  89% ] [90m[1msavepack[22m | Storing File: res://scripts/dream/entity/dream_target_profile.gdc[39m[0m
[  89% ] [90m[1msavepack[22m | Storing File: res://scripts/dream/entity/dream_tentacle_behavior.gdc[39m[0m
[  89% ] [90m[1msavepack[22m | Storing File: res://scripts/dream/entity/dream_tentacle_controller.gdc[39m[0m
[  89% ] [90m[1msavepack[22m | Storing File: res://scripts/dream/entity/dream_tentacle_debug.gdc[39m[0m
[  89% ] [90m[1msavepack[22m | Storing File: res://scripts/dream/entity/dream_tentacle_rig.gdc[39m[0m
[  89% ] [90m[1msavepack[22m | Storing File: res://scripts/dream/field/dream_field_controller.gdc[39m[0m
[  89% ] [90m[1msavepack[22m | Storing File: res://scripts/dream/field/dream_field_state.gdc[39m[0m
[  89% ] [90m[1msavepack[22m | Storing File: res://scripts/dream/field/dream_surface_tendrils.gdc[39m[0m
[  89% ] [90m[1msavepack[22m | Storing File: res://scripts/dream/margin/dream_margin_controller.gdc[39m[0m
[  89% ] [90m[1msavepack[22m | Storing File: res://scripts/dream/margin/dream_palp_behavior.gdc[39m[0m
[  89% ] [90m[1msavepack[22m | Storing File: res://scripts/dream/margin/dream_palp_morphology.gdc[39m[0m
[  89% ] [90m[1msavepack[22m | Storing File: res://scripts/dream/margin/dream_palp_neighbors.gdc[39m[0m
[  90% ] [90m[1msavepack[22m | Storing File: res://scripts/dream/margin/dream_palp_renderer.gdc[39m[0m
[  90% ] [90m[1msavepack[22m | Storing File: res://scripts/dream/campaign_shell.gdc[39m[0m
[  90% ] [90m[1msavepack[22m | Storing File: res://scripts/dream/dream_atlas.gdc[39m[0m
[  90% ] [90m[1msavepack[22m | Storing File: res://scripts/dream/dream_caption_layer.gdc[39m[0m
[  90% ] [90m[1msavepack[22m | Storing File: res://scripts/dream/dream_cellular_audio_pool.gdc[39m[0m
[  90% ] [90m[1msavepack[22m | Storing File: res://scripts/dream/dream_director.gdc[39m[0m
[  90% ] [90m[1msavepack[22m | Storing File: res://scripts/dream/dream_ecology_director.gdc[39m[0m
[  90% ] [90m[1msavepack[22m | Storing File: res://scripts/dream/dream_embrace.gdc[39m[0m
[  90% ] [90m[1msavepack[22m | Storing File: res://scripts/dream/dream_exposure_field.gdc[39m[0m
[  90% ] [90m[1msavepack[22m | Storing File: res://scripts/dream/dream_fauna_channels.gdc[39m[0m
[  90% ] [90m[1msavepack[22m | Storing File: res://scripts/dream/dream_fauna_director.gdc[39m[0m
[  90% ] [90m[1msavepack[22m | Storing File: res://scripts/dream/dream_fauna_parts.gdc[39m[0m
[  90% ] [90m[1msavepack[22m | Storing File: res://scripts/dream/dream_hazard.gdc[39m[0m
[  90% ] [90m[1msavepack[22m | Storing File: res://scripts/dream/dream_hazard_field.gdc[39m[0m
[  90% ] [90m[1msavepack[22m | Storing File: res://scripts/dream/dream_hazard_growth.gdc[39m[0m
[  90% ] [90m[1msavepack[22m | Storing File: res://scripts/dream/dream_incarnation_plate_cache.gdc[39m[0m
[  90% ] [90m[1msavepack[22m | Storing File: res://scripts/dream/dream_incarnation_profile.gdc[39m[0m
[  90% ] [90m[1msavepack[22m | Storing File: res://scripts/dream/dream_lineage_body.gdc[39m[0m
[  90% ] [90m[1msavepack[22m | Storing File: res://scripts/dream/dream_maze_builder.gdc[39m[0m
[  90% ] [90m[1msavepack[22m | Storing File: res://scripts/dream/dream_maze_root.gdc[39m[0m
[  90% ] [90m[1msavepack[22m | Storing File: res://scripts/dream/dream_microbiology_light.gdc[39m[0m
[  91% ] [90m[1msavepack[22m | Storing File: res://scripts/dream/dream_microbiology_mechanics.gdc[39m[0m
[  91% ] [90m[1msavepack[22m | Storing File: res://scripts/dream/dream_moss_colony.gdc[39m[0m
[  91% ] [90m[1msavepack[22m | Storing File: res://scripts/dream/dream_moss_colony_renderer.gdc[39m[0m
[  91% ] [90m[1msavepack[22m | Storing File: res://scripts/dream/dream_organelle_lifecycle.gdc[39m[0m
[  91% ] [90m[1msavepack[22m | Storing File: res://scripts/dream/dream_orison_furnisher.gdc[39m[0m
[  91% ] [90m[1msavepack[22m | Storing File: res://scripts/dream/dream_orison_interior.gdc[39m[0m
[  91% ] [90m[1msavepack[22m | Storing File: res://scripts/dream/dream_pursuer.gdc[39m[0m
[  91% ] [90m[1msavepack[22m | Storing File: res://scripts/dream/dream_residue.gdc[39m[0m
[  91% ] [90m[1msavepack[22m | Storing File: res://scripts/dream/dream_room_builder.gdc[39m[0m
[  91% ] [90m[1msavepack[22m | Storing File: res://scripts/dream/dream_view_portal.gdc[39m[0m
[  91% ] [90m[1msavepack[22m | Storing File: res://scripts/dream/sleep_pressure_director.gdc[39m[0m
[  91% ] [90m[1msavepack[22m | Storing File: res://scripts/game/attention_ledger.gdc[39m[0m
[  91% ] [90m[1msavepack[22m | Storing File: res://scripts/game/campaign_clock.gdc[39m[0m
[  91% ] [90m[1msavepack[22m | Storing File: res://scripts/game/campaign_clock_driver.gdc[39m[0m
[  91% ] [90m[1msavepack[22m | Storing File: res://scripts/game/chirp_hunt.gdc[39m[0m
[  91% ] [90m[1msavepack[22m | Storing File: res://scripts/game/first_shift_director.gdc[39m[0m
[  91% ] [90m[1msavepack[22m | Storing File: res://scripts/game/historical_radio_notice.gdc[39m[0m
[  91% ] [90m[1msavepack[22m | Storing File: res://scripts/game/maintenance_activity_director.gdc[39m[0m
[  91% ] [90m[1msavepack[22m | Storing File: res://scripts/game/maintenance_activity_library.gdc[39m[0m
[  91% ] [90m[1msavepack[22m | Storing File: res://scripts/game/maintenance_activity_run.gdc[39m[0m
[  92% ] [90m[1msavepack[22m | Storing File: res://scripts/game/maintenance_inventory.gdc[39m[0m
[  92% ] [90m[1msavepack[22m | Storing File: res://scripts/game/maintenance_job_library.gdc[39m[0m
[  92% ] [90m[1msavepack[22m | Storing File: res://scripts/game/maintenance_shop_counter.gdc[39m[0m
[  92% ] [90m[1msavepack[22m | Storing File: res://scripts/game/maintenance_shop_service.gdc[39m[0m
[  92% ] [90m[1msavepack[22m | Storing File: res://scripts/game/open_shift_radiator_ecosystem.gdc[39m[0m
[  92% ] [90m[1msavepack[22m | Storing File: res://scripts/game/open_shift_situation.gdc[39m[0m
[  92% ] [90m[1msavepack[22m | Storing File: res://scripts/game/reality_case_manager.gdc[39m[0m
[  92% ] [90m[1msavepack[22m | Storing File: res://scripts/game/reality_game_state.gdc[39m[0m
[  92% ] [90m[1msavepack[22m | Storing File: res://scripts/game/reality_rule_director.gdc[39m[0m
[  92% ] [90m[1msavepack[22m | Storing File: res://scripts/game/reality_save_storage.gdc[39m[0m
[  92% ] [90m[1msavepack[22m | Storing File: res://scripts/game/service_round_director.gdc[39m[0m
[  92% ] [90m[1msavepack[22m | Storing File: res://scripts/game/work_orders.gdc[39m[0m
[  92% ] [90m[1msavepack[22m | Storing File: res://scripts/generated/material_sets.gdc[39m[0m
[  92% ] [90m[1msavepack[22m | Storing File: res://scripts/generated/surface_calibration.gdc[39m[0m
[  92% ] [90m[1msavepack[22m | Storing File: res://scripts/language/house_english.gdc[39m[0m
[  92% ] [90m[1msavepack[22m | Storing File: res://scripts/minigames/darts_game.gdc[39m[0m
[  92% ] [90m[1msavepack[22m | Storing File: res://scripts/minigames/dead_letters.gdc[39m[0m
[  92% ] [90m[1msavepack[22m | Storing File: res://scripts/minigames/otis.gdc[39m[0m
[  92% ] [90m[1msavepack[22m | Storing File: res://scripts/minigames/point_ball.gdc[39m[0m
[  92% ] [90m[1msavepack[22m | Storing File: res://scripts/minigames/point_ball_ai.gdc[39m[0m
[  92% ] [90m[1msavepack[22m | Storing File: res://scripts/minigames/shelf_sort.gdc[39m[0m
[  93% ] [90m[1msavepack[22m | Storing File: res://scripts/minigames/trivia_darts.gdc[39m[0m
[  93% ] [90m[1msavepack[22m | Storing File: res://scripts/phoneos/cart_maze.gdc[39m[0m
[  93% ] [90m[1msavepack[22m | Storing File: res://scripts/phoneos/cart_pairs.gdc[39m[0m
[  93% ] [90m[1msavepack[22m | Storing File: res://scripts/phoneos/cart_shards.gdc[39m[0m
[  93% ] [90m[1msavepack[22m | Storing File: res://scripts/phoneos/phone_3d.gdc[39m[0m
[  93% ] [90m[1msavepack[22m | Storing File: res://scripts/phoneos/phone_3d_viewer.gdc[39m[0m
[  93% ] [90m[1msavepack[22m | Storing File: res://scripts/phoneos/phone_camera.gdc[39m[0m
[  93% ] [90m[1msavepack[22m | Storing File: res://scripts/phoneos/phone_carrier.gdc[39m[0m
[  93% ] [90m[1msavepack[22m | Storing File: res://scripts/phoneos/phone_device.gdc[39m[0m
[  93% ] [90m[1msavepack[22m | Storing File: res://scripts/phoneos/phone_light_mask.gdc[39m[0m
[  93% ] [90m[1msavepack[22m | Storing File: res://scripts/phoneos/phone_os.gdc[39m[0m
[  93% ] [90m[1msavepack[22m | Storing File: res://scripts/phoneos/phone_shell.gdc[39m[0m
[  93% ] [90m[1msavepack[22m | Storing File: res://scripts/phoneos/term_grid.gdc[39m[0m
[  93% ] [90m[1msavepack[22m | Storing File: res://scripts/player/player_controller.gdc[39m[0m
[  93% ] [90m[1msavepack[22m | Storing File: res://scripts/player/safety_net.gdc[39m[0m
[  93% ] [90m[1msavepack[22m | Storing File: res://scripts/props/arcade_cabinet_prop.gdc[39m[0m
[  93% ] [90m[1msavepack[22m | Storing File: res://scripts/props/baked_furniture_interaction.gdc[39m[0m
[  93% ] [90m[1msavepack[22m | Storing File: res://scripts/props/bar_seat_zone.gdc[39m[0m
[  93% ] [90m[1msavepack[22m | Storing File: res://scripts/props/bench_zone.gdc[39m[0m
[  93% ] [90m[1msavepack[22m | Storing File: res://scripts/props/bodega_signage_prop.gdc[39m[0m
[  94% ] [90m[1msavepack[22m | Storing File: res://scripts/props/boiler_prop.gdc[39m[0m
[  94% ] [90m[1msavepack[22m | Storing File: res://scripts/props/boiler_tend.gdc[39m[0m
[  94% ] [90m[1msavepack[22m | Storing File: res://scripts/props/bookshelf_prop.gdc[39m[0m
[  94% ] [90m[1msavepack[22m | Storing File: res://scripts/props/boxfan_prop.gdc[39m[0m
[  94% ] [90m[1msavepack[22m | Storing File: res://scripts/props/building_entry_sign.gdc[39m[0m
[  94% ] [90m[1msavepack[22m | Storing File: res://scripts/props/case_door_prop.gdc[39m[0m
[  94% ] [90m[1msavepack[22m | Storing File: res://scripts/props/ceiling_light_prop.gdc[39m[0m
[  94% ] [90m[1msavepack[22m | Storing File: res://scripts/props/character_memory_art.gdc[39m[0m
[  94% ] [90m[1msavepack[22m | Storing File: res://scripts/props/clock_prop.gdc[39m[0m
[  94% ] [90m[1msavepack[22m | Storing File: res://scripts/props/darts_prop.gdc[39m[0m
[  94% ] [90m[1msavepack[22m | Storing File: res://scripts/props/dead_letters_prop.gdc[39m[0m
[  94% ] [90m[1msavepack[22m | Storing File: res://scripts/props/domestic_radio_prop.gdc[39m[0m
[  94% ] [90m[1msavepack[22m | Storing File: res://scripts/props/domestic_witness_clock.gdc[39m[0m
[  94% ] [90m[1msavepack[22m | Storing File: res://scripts/props/door_anomaly_prop.gdc[39m[0m
[  94% ] [90m[1msavepack[22m | Storing File: res://scripts/props/door_check_closer_prop.gdc[39m[0m
[  94% ] [90m[1msavepack[22m | Storing File: res://scripts/props/door_prop.gdc[39m[0m
[  94% ] [90m[1msavepack[22m | Storing File: res://scripts/props/dumbwaiter_prop.gdc[39m[0m
[  94% ] [90m[1msavepack[22m | Storing File: res://scripts/props/elevator_interlock_prop.gdc[39m[0m
[  94% ] [90m[1msavepack[22m | Storing File: res://scripts/props/entrance_marquee_dress.gdc[39m[0m
[  94% ] [90m[1msavepack[22m | Storing File: res://scripts/props/exhaust_fan_prop.gdc[39m[0m
[  94% ] [90m[1msavepack[22m | Storing File: res://scripts/props/fire_line_cabinet_prop.gdc[39m[0m
[  95% ] [90m[1msavepack[22m | Storing File: res://scripts/props/flue_breast_prop.gdc[39m[0m
[  95% ] [90m[1msavepack[22m | Storing File: res://scripts/props/fortune_answer_prop.gdc[39m[0m
[  95% ] [90m[1msavepack[22m | Storing File: res://scripts/props/fridge_prop.gdc[39m[0m
[  95% ] [90m[1msavepack[22m | Storing File: res://scripts/props/functional_prop.gdc[39m[0m
[  95% ] [90m[1msavepack[22m | Storing File: res://scripts/props/fuse_panel_prop.gdc[39m[0m
[  95% ] [90m[1msavepack[22m | Storing File: res://scripts/props/harukiya_signage_prop.gdc[39m[0m
[  95% ] [90m[1msavepack[22m | Storing File: res://scripts/props/heat_balance.gdc[39m[0m
[  95% ] [90m[1msavepack[22m | Storing File: res://scripts/props/house_switchboard_prop.gdc[39m[0m
[  95% ] [90m[1msavepack[22m | Storing File: res://scripts/props/inspectable_zone.gdc[39m[0m
[  95% ] [90m[1msavepack[22m | Storing File: res://scripts/props/kettle_prop.gdc[39m[0m
[  95% ] [90m[1msavepack[22m | Storing File: res://scripts/props/lamp_prop.gdc[39m[0m
[  95% ] [90m[1msavepack[22m | Storing File: res://scripts/props/landmark_entry_door.gdc[39m[0m
[  95% ] [90m[1msavepack[22m | Storing File: res://scripts/props/laundry_airer_prop.gdc[39m[0m
[  95% ] [90m[1msavepack[22m | Storing File: res://scripts/props/light_fixture_prop.gdc[39m[0m
[  95% ] [90m[1msavepack[22m | Storing File: res://scripts/props/lobby_bulletin_board.gdc[39m[0m
[  95% ] [90m[1msavepack[22m | Storing File: res://scripts/props/lobby_orison_ad_board.gdc[39m[0m
[  95% ] [90m[1msavepack[22m | Storing File: res://scripts/props/mail_bank_prop.gdc[39m[0m
[  95% ] [90m[1msavepack[22m | Storing File: res://scripts/props/mail_box_zone.gdc[39m[0m
[  95% ] [90m[1msavepack[22m | Storing File: res://scripts/props/mail_chute_prop.gdc[39m[0m
[  95% ] [90m[1msavepack[22m | Storing File: res://scripts/props/medicine_cabinet_prop.gdc[39m[0m
[  95% ] [90m[1msavepack[22m | Storing File: res://scripts/props/monitor_prop.gdc[39m[0m
[  96% ] [90m[1msavepack[22m | Storing File: res://scripts/props/neon_sign_prop.gdc[39m[0m
[  96% ] [90m[1msavepack[22m | Storing File: res://scripts/props/night_register_prop.gdc[39m[0m
[  96% ] [90m[1msavepack[22m | Storing File: res://scripts/props/otis_prop.gdc[39m[0m
[  96% ] [90m[1msavepack[22m | Storing File: res://scripts/props/passage_pushcart.gdc[39m[0m
[  96% ] [90m[1msavepack[22m | Storing File: res://scripts/props/point_ball_prop.gdc[39m[0m
[  96% ] [90m[1msavepack[22m | Storing File: res://scripts/props/porch_deck_prop.gdc[39m[0m
[  96% ] [90m[1msavepack[22m | Storing File: res://scripts/props/possessed_domestic_prop.gdc[39m[0m
[  96% ] [90m[1msavepack[22m | Storing File: res://scripts/props/projector_prop.gdc[39m[0m
[  96% ] [90m[1msavepack[22m | Storing File: res://scripts/props/prop_control_area.gdc[39m[0m
[  96% ] [90m[1msavepack[22m | Storing File: res://scripts/props/radiator_interaction_surface.gdc[39m[0m
[  96% ] [90m[1msavepack[22m | Storing File: res://scripts/props/radiator_prop.gdc[39m[0m
[  96% ] [90m[1msavepack[22m | Storing File: res://scripts/props/roof_tank_ballcock_prop.gdc[39m[0m
[  96% ] [90m[1msavepack[22m | Storing File: res://scripts/props/shop_sign_prop.gdc[39m[0m
[  96% ] [90m[1msavepack[22m | Storing File: res://scripts/props/signal_terminal_prop.gdc[39m[0m
[  96% ] [90m[1msavepack[22m | Storing File: res://scripts/props/smoke_detector_prop.gdc[39m[0m
[  96% ] [90m[1msavepack[22m | Storing File: res://scripts/props/soda_acid_extinguisher_prop.gdc[39m[0m
[  96% ] [90m[1msavepack[22m | Storing File: res://scripts/props/songbook_terminal_prop.gdc[39m[0m
[  96% ] [90m[1msavepack[22m | Storing File: res://scripts/props/speaker_prop.gdc[39m[0m
[  96% ] [90m[1msavepack[22m | Storing File: res://scripts/props/static_mesh_batcher.gdc[39m[0m
[  96% ] [90m[1msavepack[22m | Storing File: res://scripts/props/stove_prop.gdc[39m[0m
[  97% ] [90m[1msavepack[22m | Storing File: res://scripts/props/tap_prop.gdc[39m[0m
[  97% ] [90m[1msavepack[22m | Storing File: res://scripts/props/toaster_prop.gdc[39m[0m
[  97% ] [90m[1msavepack[22m | Storing File: res://scripts/props/tour_key_guard_prop.gdc[39m[0m
[  97% ] [90m[1msavepack[22m | Storing File: res://scripts/props/tv_prop.gdc[39m[0m
[  97% ] [90m[1msavepack[22m | Storing File: res://scripts/props/vantry_point_prop.gdc[39m[0m
[  97% ] [90m[1msavepack[22m | Storing File: res://scripts/props/vault_light_glow.gdc[39m[0m
[  97% ] [90m[1msavepack[22m | Storing File: res://scripts/props/washer_prop.gdc[39m[0m
[  97% ] [90m[1msavepack[22m | Storing File: res://scripts/props/watchman_clock_prop.gdc[39m[0m
[  97% ] [90m[1msavepack[22m | Storing File: res://scripts/props/watch_register_prop.gdc[39m[0m
[  97% ] [90m[1msavepack[22m | Storing File: res://scripts/props/watch_station_prop.gdc[39m[0m
[  97% ] [90m[1msavepack[22m | Storing File: res://scripts/reality/apartment_encroachment.gdc[39m[0m
[  97% ] [90m[1msavepack[22m | Storing File: res://scripts/reality/building_personality_director.gdc[39m[0m
[  97% ] [90m[1msavepack[22m | Storing File: res://scripts/reality/corruption_lineage_registry.gdc[39m[0m
[  97% ] [90m[1msavepack[22m | Storing File: res://scripts/reality/domestic_witness_system.gdc[39m[0m
[  97% ] [90m[1msavepack[22m | Storing File: res://scripts/reality/intrusions.gdc[39m[0m
[  97% ] [90m[1msavepack[22m | Storing File: res://scripts/reality/living_field.gdc[39m[0m
[  97% ] [90m[1msavepack[22m | Storing File: res://scripts/reality/npc_observation_ledger.gdc[39m[0m
[  97% ] [90m[1msavepack[22m | Storing File: res://scripts/reality/organism_incidents.gdc[39m[0m
[  97% ] [90m[1msavepack[22m | Storing File: res://scripts/reality/poltergeist_library.gdc[39m[0m
[  97% ] [90m[1msavepack[22m | Storing File: res://scripts/reality/sanity_director.gdc[39m[0m
[  97% ] [90m[1msavepack[22m | Storing File: res://scripts/songbook/bar_pa.gdc[39m[0m
[  98% ] [90m[1msavepack[22m | Storing File: res://scripts/songbook/mic_recorder.gdc[39m[0m
[  98% ] [90m[1msavepack[22m | Storing File: res://scripts/songbook/phonautogram_forge.gdc[39m[0m
[  98% ] [90m[1msavepack[22m | Storing File: res://scripts/songbook/phonautogram_reader.gdc[39m[0m
[  98% ] [90m[1msavepack[22m | Storing File: res://scripts/songbook/songbook_store.gdc[39m[0m
[  98% ] [90m[1msavepack[22m | Storing File: res://scripts/songbook/song_resource.gdc[39m[0m
[  98% ] [90m[1msavepack[22m | Storing File: res://scripts/songbook/song_synth.gdc[39m[0m
[  98% ] [90m[1msavepack[22m | Storing File: res://scripts/ui/accessibility_copy.gdc[39m[0m
[  98% ] [90m[1msavepack[22m | Storing File: res://scripts/ui/arcade_panel.gdc[39m[0m
[  98% ] [90m[1msavepack[22m | Storing File: res://scripts/ui/audio_caption_layer.gdc[39m[0m
[  98% ] [90m[1msavepack[22m | Storing File: res://scripts/ui/bookshelf_panel.gdc[39m[0m
[  98% ] [90m[1msavepack[22m | Storing File: res://scripts/ui/building_debug.gdc[39m[0m
[  98% ] [90m[1msavepack[22m | Storing File: res://scripts/ui/case_dialogue_panel.gdc[39m[0m
[  98% ] [90m[1msavepack[22m | Storing File: res://scripts/ui/darts_panel.gdc[39m[0m
[  98% ] [90m[1msavepack[22m | Storing File: res://scripts/ui/dead_letters_panel.gdc[39m[0m
[  98% ] [90m[1msavepack[22m | Storing File: res://scripts/ui/fourth_wall.gdc[39m[0m
[  98% ] [90m[1msavepack[22m | Storing File: res://scripts/ui/maintenance_activity_panel.gdc[39m[0m
[  98% ] [90m[1msavepack[22m | Storing File: res://scripts/ui/objective_tracker.gdc[39m[0m
[  98% ] [90m[1msavepack[22m | Storing File: res://scripts/ui/otis_panel.gdc[39m[0m
[  98% ] [90m[1msavepack[22m | Storing File: res://scripts/ui/pause_services.gdc[39m[0m
[  98% ] [90m[1msavepack[22m | Storing File: res://scripts/ui/point_ball_panel.gdc[39m[0m
[  98% ] [90m[1msavepack[22m | Storing File: res://scripts/ui/title_screen.gd.remap[39m[0m
[  98% ] [90m[1msavepack[22m | Storing File: res://scripts/ui/touch_controls.gd.remap[39m[0m
[  98% ] [90m[1msavepack[22m | Storing File: res://scripts/game_boot.gd.remap[39m[0m
[  98% ] [90m[1msavepack[22m | Storing File: res://scripts/material_library.gd.remap[39m[0m
[  98% ] [90m[1msavepack[22m | Storing File: res://data/floor01_provider_registry.tres.remap[39m[0m
[  98% ] [90m[1msavepack[22m | Storing File: res://scripts/ui/telegram_hud.gd.remap[39m[0m
[  98% ] [90m[1msavepack[22m | Storing File: res://scripts/ui/songbook_panel.gd.remap[39m[0m
[  98% ] [90m[1msavepack[22m | Storing File: res://scripts/ui/shot_capture.gd.remap[39m[0m
[  98% ] [90m[1msavepack[22m | Storing File: res://scripts/ui/save_status_notice.gd.remap[39m[0m
[  98% ] [90m[1msavepack[22m | Storing File: res://scripts/ui/prop_service_wire.gd.remap[39m[0m
[  98% ] [90m[1msavepack[22m | Storing File: res://scripts/ui/telegram_style.gd.remap[39m[0m
[  98% ] [90m[1msavepack[22m | Storing File: res://scenes/building/orison_root.tscn.remap[39m[0m
[  98% ] [90m[1msavepack[22m | Storing File: res://scenes/building/orison_v2_blockout.tscn.remap[39m[0m
[  98% ] [90m[1msavepack[22m | Storing File: res://scenes/building/orison_v2_exterior_cell.tscn.remap[39m[0m
[  98% ] [90m[1msavepack[22m | Storing File: res://scenes/building/orison_v2_f01_review.tscn.remap[39m[0m
[  98% ] [90m[1msavepack[22m | Storing File: res://scenes/building/orison_v2_f02_review.tscn.remap[39m[0m
[  98% ] [90m[1msavepack[22m | Storing File: res://scenes/building/orison_v2_f04_review.tscn.remap[39m[0m
[  98% ] [90m[1msavepack[22m | Storing File: res://scenes/building/orison_v2_integrated_review.tscn.remap[39m[0m
[  98% ] [90m[1msavepack[22m | Storing File: res://scenes/building/orison_v2_m08e_spatial_review.tscn.remap[39m[0m
[  98% ] [90m[1msavepack[22m | Storing File: res://scenes/building/orison_v2_runtime.tscn.remap[39m[0m
[  98% ] [90m[1msavepack[22m | Storing File: res://scenes/campaign/CampaignShell.tscn.remap[39m[0m
[  98% ] [90m[1msavepack[22m | Storing File: res://scenes/dream/DreamMazeRoot.tscn.remap[39m[0m
[  98% ] [90m[1msavepack[22m | Storing File: res://scenes/phoneos/Phone3D.tscn.remap[39m[0m
[  98% ] [90m[1msavepack[22m | Storing File: res://scenes/phoneos/PhoneShell.tscn.remap[39m[0m
[  98% ] [90m[1msavepack[22m | Storing File: res://scenes/ui/title_screen.tscn.remap[39m[0m
[  98% ] [90m[1msavepack[22m | Storing File: res://scripts/arcade/arcade_attract.gd.remap[39m[0m
[  98% ] [90m[1msavepack[22m | Storing File: res://scripts/arcade/arcade_catalog.gd.remap[39m[0m
[  98% ] [90m[1msavepack[22m | Storing File: res://scripts/arcade/arcade_machine.gd.remap[39m[0m
[  98% ] [90m[1msavepack[22m | Storing File: res://scripts/arcade/swc_breakable.gd.remap[39m[0m
[  98% ] [90m[1msavepack[22m | Storing File: res://scripts/arcade/swc_door.gd.remap[39m[0m
[  98% ] [90m[1msavepack[22m | Storing File: res://scripts/arcade/swc_enemy.gd.remap[39m[0m
[  98% ] [90m[1msavepack[22m | Storing File: res://scripts/arcade/swc_enemy_spawner.gd.remap[39m[0m
[  98% ] [90m[1msavepack[22m | Storing File: res://scripts/arcade/swc_entity.gd.remap[39m[0m
[  98% ] [90m[1msavepack[22m | Storing File: res://scripts/arcade/swc_formats.gd.remap[39m[0m
[  98% ] [90m[1msavepack[22m | Storing File: res://scripts/arcade/swc_graybox.gd.remap[39m[0m
[  98% ] [90m[1msavepack[22m | Storing File: res://scripts/arcade/swc_held_object.gd.remap[39m[0m
[  98% ] [90m[1msavepack[22m | Storing File: res://scripts/arcade/swc_objective.gd.remap[39m[0m
[  98% ] [90m[1msavepack[22m | Storing File: res://scripts/arcade/swc_package.gd.remap[39m[0m
[  98% ] [90m[1msavepack[22m | Storing File: res://scripts/arcade/swc_package_source.gd.remap[39m[0m
[  98% ] [90m[1msavepack[22m | Storing File: res://scripts/arcade/swc_pickup.gd.remap[39m[0m
[  98% ] [90m[1msavepack[22m | Storing File: res://scripts/arcade/swc_player.gd.remap[39m[0m
[  98% ] [90m[1msavepack[22m | Storing File: res://scripts/arcade/swc_scene.gd.remap[39m[0m
[  98% ] [90m[1msavepack[22m | Storing File: res://scripts/arcade/swc_trigger_volume.gd.remap[39m[0m
[  98% ] [90m[1msavepack[22m | Storing File: res://scripts/arcade/swc_view_modes.gd.remap[39m[0m
[  98% ] [90m[1msavepack[22m | Storing File: res://scripts/arcade/swc_weapon.gd.remap[39m[0m
[  98% ] [90m[1msavepack[22m | Storing File: res://scripts/arcade/swc_world_builder.gd.remap[39m[0m
[  98% ] [90m[1msavepack[22m | Storing File: res://scripts/audio/acoustic_graph.gd.remap[39m[0m
[  98% ] [90m[1msavepack[22m | Storing File: res://scripts/audio/ambient_soundscape.gd.remap[39m[0m
[  98% ] [90m[1msavepack[22m | Storing File: res://scripts/audio/audio_policy.gd.remap[39m[0m
[  98% ] [90m[1msavepack[22m | Storing File: res://scripts/audio/conductor_clock.gd.remap[39m[0m
[  98% ] [90m[1msavepack[22m | Storing File: res://scripts/audio/music_director.gd.remap[39m[0m
[  98% ] [90m[1msavepack[22m | Storing File: res://scripts/audio/prop_audio.gd.remap[39m[0m
[  98% ] [90m[1msavepack[22m | Storing File: res://scripts/audio/virus_sound_director.gd.remap[39m[0m
[  98% ] [90m[1msavepack[22m | Storing File: res://scripts/building/arcade_row.gd.remap[39m[0m
[  98% ] [90m[1msavepack[22m | Storing File: res://scripts/building/atmospheric_decal_pass.gd.remap[39m[0m
[  98% ] [90m[1msavepack[22m | Storing File: res://scripts/building/broadcast_director.gd.remap[39m[0m
[  98% ] [90m[1msavepack[22m | Storing File: res://scripts/building/building_root.gd.remap[39m[0m
[  98% ] [90m[1msavepack[22m | Storing File: res://scripts/building/building_root_selector.gd.remap[39m[0m
[  98% ] [90m[1msavepack[22m | Storing File: res://scripts/building/celestial_ephemeris.gd.remap[39m[0m
[  98% ] [90m[1msavepack[22m | Storing File: res://scripts/building/commensal_director.gd.remap[39m[0m
[  98% ] [90m[1msavepack[22m | Storing File: res://scripts/building/day_night_director.gd.remap[39m[0m
[  98% ] [90m[1msavepack[22m | Storing File: res://scripts/building/domestic_radio_pass.gd.remap[39m[0m
[  98% ] [90m[1msavepack[22m | Storing File: res://scripts/building/door_glow.gd.remap[39m[0m
[  98% ] [90m[1msavepack[22m | Storing File: res://scripts/building/elevator.gd.remap[39m[0m
[  98% ] [90m[1msavepack[22m | Storing File: res://scripts/building/exterior_detail_pass.gd.remap[39m[0m
[  98% ] [90m[1msavepack[22m | Storing File: res://scripts/building/exterior_ground_decal.gd.remap[39m[0m
[  98% ] [90m[1msavepack[22m | Storing File: res://scripts/building/floor01_cell_registry.gd.remap[39m[0m
[  98% ] [90m[1msavepack[22m | Storing File: res://scripts/building/floor01_geometry_provider.gd.remap[39m[0m
[  98% ] [90m[1msavepack[22m | Storing File: res://scripts/building/floor01_registry_data.gd.remap[39m[0m
[  98% ] [90m[1msavepack[22m | Storing File: res://scripts/building/floor_coverage_pass.gd.remap[39m[0m
[  98% ] [90m[1msavepack[22m | Storing File: res://scripts/building/found_art_pass.gd.remap[39m[0m
[  98% ] [90m[1msavepack[22m | Storing File: res://scripts/building/furniture_interaction_pass.gd.remap[39m[0m
[  98% ] [90m[1msavepack[22m | Storing File: res://scripts/building/harukiya_interactables.gd.remap[39m[0m
[  98% ] [90m[1msavepack[22m | Storing File: res://scripts/building/harukiya_state_director.gd.remap[39m[0m
[  98% ] [90m[1msavepack[22m | Storing File: res://scripts/building/heightmap_pass.gd.remap[39m[0m
[  98% ] [90m[1msavepack[22m | Storing File: res://scripts/building/house_telephone_network.gd.remap[39m[0m
[  98% ] [90m[1msavepack[22m | Storing File: res://scripts/building/light_debug_handle.gd.remap[39m[0m
[  98% ] [90m[1msavepack[22m | Storing File: res://scripts/building/light_rig.gd.remap[39m[0m
[  98% ] [90m[1msavepack[22m | Storing File: res://scripts/building/live_weather_service.gd.remap[39m[0m
[  98% ] [90m[1msavepack[22m | Storing File: res://scripts/building/maintenance_headquarters.gd.remap[39m[0m
[  98% ] [90m[1msavepack[22m | Storing File: res://scripts/building/moon_fill.gd.remap[39m[0m
[  98% ] [90m[1msavepack[22m | Storing File: res://scripts/building/orison_detail_pass.gd.remap[39m[0m
[  98% ] [90m[1msavepack[22m | Storing File: res://scripts/building/orison_v2_anchor_adapter.gd.remap[39m[0m
[  98% ] [90m[1msavepack[22m | Storing File: res://scripts/building/orison_v2_atmosphere.gd.remap[39m[0m
[  98% ] [90m[1msavepack[22m | Storing File: res://scripts/building/orison_v2_blockout.gd.remap[39m[0m
[  98% ] [90m[1msavepack[22m | Storing File: res://scripts/building/orison_v2_domestic_doors.gd.remap[39m[0m
[  98% ] [90m[1msavepack[22m | Storing File: res://scripts/building/orison_v2_domestic_fittings.gd.remap[39m[0m
[  98% ] [90m[1msavepack[22m | Storing File: res://scripts/building/orison_v2_domestic_furniture.gd.remap[39m[0m
[  98% ] [90m[1msavepack[22m | Storing File: res://scripts/building/orison_v2_exterior_cell.gd.remap[39m[0m
[  98% ] [90m[1msavepack[22m | Storing File: res://scripts/building/orison_v2_exterior_semantic_state.gd.remap[39m[0m
[  98% ] [90m[1msavepack[22m | Storing File: res://scripts/building/orison_v2_exterior_spatial_resolver.gd.remap[39m[0m
[  98% ] [90m[1msavepack[22m | Storing File: res://scripts/building/orison_v2_frame_contract.gd.remap[39m[0m
[  98% ] [90m[1msavepack[22m | Storing File: res://scripts/building/orison_v2_m08e_spatial_cues.gd.remap[39m[0m
[  98% ] [90m[1msavepack[22m | Storing File: res://scripts/building/orison_v2_readability_cues.gd.remap[39m[0m
[  98% ] [90m[1msavepack[22m | Storing File: res://scripts/building/orison_v2_review_controller.gd.remap[39m[0m
[  98% ] [90m[1msavepack[22m | Storing File: res://scripts/building/orison_v2_room_lighting.gd.remap[39m[0m
[  98% ] [90m[1msavepack[22m | Storing File: res://scripts/building/orison_v2_runtime_root.gd.remap[39m[0m
[  98% ] [90m[1msavepack[22m | Storing File: res://scripts/building/orison_v2_semantic_anchor.gd.remap[39m[0m
[  98% ] [90m[1msavepack[22m | Storing File: res://scripts/building/orison_v2_shop_bucket_registry.gd.remap[39m[0m
[  98% ] [90m[1msavepack[22m | Storing File: res://scripts/building/orison_v2_shop_simulation.gd.remap[39m[0m
[  98% ] [90m[1msavepack[22m | Storing File: res://scripts/building/orison_v2_wardrobe.gd.remap[39m[0m
[  98% ] [90m[1msavepack[22m | Storing File: res://scripts/building/orison_v2_water_closet.gd.remap[39m[0m
[  98% ] [90m[1msavepack[22m | Storing File: res://scripts/building/orison_v2_world_connection.gd.remap[39m[0m
[  98% ] [90m[1msavepack[22m | Storing File: res://scripts/building/passage_finish_pass.gd.remap[39m[0m
[  98% ] [90m[1msavepack[22m | Storing File: res://scripts/building/passage_hours_director.gd.remap[39m[0m
[  98% ] [90m[1msavepack[22m | Storing File: res://scripts/building/period_reality_layer.gd.remap[39m[0m
[  98% ] [90m[1msavepack[22m | Storing File: res://scripts/building/planar_mirror_renderer.gd.remap[39m[0m
[  98% ] [90m[1msavepack[22m | Storing File: res://scripts/building/prop_warehouse.gd.remap[39m[0m
[  98% ] [90m[1msavepack[22m | Storing File: res://scripts/building/railing_polish.gd.remap[39m[0m
[  98% ] [90m[1msavepack[22m | Storing File: res://scripts/building/room0.gd.remap[39m[0m
[  98% ] [90m[1msavepack[22m | Storing File: res://scripts/building/story_decal.gd.remap[39m[0m
[  98% ] [90m[1msavepack[22m | Storing File: res://scripts/building/street_traffic.gd.remap[39m[0m
[  98% ] [90m[1msavepack[22m | Storing File: res://scripts/building/surface_pass.gd.remap[39m[0m
[  98% ] [90m[1msavepack[22m | Storing File: res://scripts/building/switch_plate.gd.remap[39m[0m
[  98% ] [90m[1msavepack[22m | Storing File: res://scripts/building/switch_system.gd.remap[39m[0m
[  98% ] [90m[1msavepack[22m | Storing File: res://scripts/building/vantry_point_network.gd.remap[39m[0m
[  98% ] [90m[1msavepack[22m | Storing File: res://scripts/building/wall_art_law.gd.remap[39m[0m
[  98% ] [90m[1msavepack[22m | Storing File: res://scripts/building/watch_station_network.gd.remap[39m[0m
[  98% ] [90m[1msavepack[22m | Storing File: res://scripts/building/wayfinding_signage_pass.gd.remap[39m[0m
[  98% ] [90m[1msavepack[22m | Storing File: res://scripts/building/weather_fx.gd.remap[39m[0m
[  98% ] [90m[1msavepack[22m | Storing File: res://scripts/building/window_glow.gd.remap[39m[0m
[  98% ] [90m[1msavepack[22m | Storing File: res://scripts/call/call_interface.gd.remap[39m[0m
[  98% ] [90m[1msavepack[22m | Storing File: res://scripts/call/case_library.gd.remap[39m[0m
[  98% ] [90m[1msavepack[22m | Storing File: res://scripts/call/desk_zone.gd.remap[39m[0m
[  98% ] [90m[1msavepack[22m | Storing File: res://scripts/campaign/core_loop_director.gd.remap[39m[0m
[  98% ] [90m[1msavepack[22m | Storing File: res://scripts/cases/apartment_reality_controller.gd.remap[39m[0m
[  98% ] [90m[1msavepack[22m | Storing File: res://scripts/cases/case_interactable.gd.remap[39m[0m
[  98% ] [90m[1msavepack[22m | Storing File: res://scripts/cases/mina_caption_manifestation.gd.remap[39m[0m
[  98% ] [90m[1msavepack[22m | Storing File: res://scripts/cases/mina_case_gameplay.gd.remap[39m[0m
[  98% ] [90m[1msavepack[22m | Storing File: res://scripts/cases/portal_rule_display.gd.remap[39m[0m
[  98% ] [90m[1msavepack[22m | Storing File: res://scripts/cases/reality_affected_prop.gd.remap[39m[0m
[  98% ] [90m[1msavepack[22m | Storing File: res://scripts/cases/reality_threshold.gd.remap[39m[0m
[  98% ] [90m[1msavepack[22m | Storing File: res://scripts/characters/animated_resident.gd.remap[39m[0m
[  98% ] [90m[1msavepack[22m | Storing File: res://scripts/characters/npc_placeholder.gd.remap[39m[0m
[  98% ] [90m[1msavepack[22m | Storing File: res://scripts/characters/porter_actor.gd.remap[39m[0m
[  98% ] [90m[1msavepack[22m | Storing File: res://scripts/characters/resident_moves_library.gd.remap[39m[0m
[  98% ] [90m[1msavepack[22m | Storing File: res://scripts/characters/resident_nav.gd.remap[39m[0m
[  98% ] [90m[1msavepack[22m | Storing File: res://scripts/characters/resident_routines.gd.remap[39m[0m
[  98% ] [90m[1msavepack[22m | Storing File: res://scripts/characters/schedule_director.gd.remap[39m[0m
[  98% ] [90m[1msavepack[22m | Storing File: res://scripts/device/service_set_carrier.gd.remap[39m[0m
[  98% ] [90m[1msavepack[22m | Storing File: res://scripts/device/service_set_prop.gd.remap[39m[0m
[  98% ] [90m[1msavepack[22m | Storing File: res://scripts/dream/critters/dream_critter_controller.gd.remap[39m[0m
[  98% ] [90m[1msavepack[22m | Storing File: res://scripts/dream/critters/dream_critter_generator.gd.remap[39m[0m
[  98% ] [90m[1msavepack[22m | Storing File: res://scripts/dream/critters/dream_critter_species.gd.remap[39m[0m
[  98% ] [90m[1msavepack[22m | Storing File: res://scripts/dream/entity/dream_behavior_profile.gd.remap[39m[0m
[  98% ] [90m[1msavepack[22m | Storing File: res://scripts/dream/entity/dream_contact_profile.gd.remap[39m[0m
[  98% ] [90m[1msavepack[22m | Storing File: res://scripts/dream/entity/dream_contact_sensor.gd.remap[39m[0m
[  98% ] [90m[1msavepack[22m | Storing File: res://scripts/dream/entity/dream_gold_skeleton.gd.remap[39m[0m
[  98% ] [90m[1msavepack[22m | Storing File: res://scripts/dream/entity/dream_halo_controller.gd.remap[39m[0m
[  98% ] [90m[1msavepack[22m | Storing File: res://scripts/dream/entity/dream_hero_tentacle.gd.remap[39m[0m
[  98% ] [90m[1msavepack[22m | Storing File: res://scripts/dream/entity/dream_material_profile.gd.remap[39m[0m
[  98% ] [90m[1msavepack[22m | Storing File: res://scripts/dream/entity/dream_membrane.gd.remap[39m[0m
[  98% ] [90m[1msavepack[22m | Storing File: res://scripts/dream/entity/dream_ocular_assembly.gd.remap[39m[0m
[  98% ] [90m[1msavepack[22m | Storing File: res://scripts/dream/entity/dream_sucker_controller.gd.remap[39m[0m
[  98% ] [90m[1msavepack[22m | Storing File: res://scripts/dream/entity/dream_surface_transformer.gd.remap[39m[0m
[  98% ] [90m[1msavepack[22m | Storing File: res://scripts/dream/entity/dream_target_profile.gd.remap[39m[0m
[  98% ] [90m[1msavepack[22m | Storing File: res://scripts/dream/entity/dream_tentacle_behavior.gd.remap[39m[0m
[  98% ] [90m[1msavepack[22m | Storing File: res://scripts/dream/entity/dream_tentacle_controller.gd.remap[39m[0m
[  98% ] [90m[1msavepack[22m | Storing File: res://scripts/dream/entity/dream_tentacle_debug.gd.remap[39m[0m
[  98% ] [90m[1msavepack[22m | Storing File: res://scripts/dream/entity/dream_tentacle_rig.gd.remap[39m[0m
[  98% ] [90m[1msavepack[22m | Storing File: res://scripts/dream/field/dream_field_controller.gd.remap[39m[0m
[  98% ] [90m[1msavepack[22m | Storing File: res://scripts/dream/field/dream_field_state.gd.remap[39m[0m
[  98% ] [90m[1msavepack[22m | Storing File: res://scripts/dream/field/dream_surface_tendrils.gd.remap[39m[0m
[  98% ] [90m[1msavepack[22m | Storing File: res://scripts/dream/margin/dream_margin_controller.gd.remap[39m[0m
[  98% ] [90m[1msavepack[22m | Storing File: res://scripts/dream/margin/dream_palp_behavior.gd.remap[39m[0m
[  98% ] [90m[1msavepack[22m | Storing File: res://scripts/dream/margin/dream_palp_morphology.gd.remap[39m[0m
[  98% ] [90m[1msavepack[22m | Storing File: res://scripts/dream/margin/dream_palp_neighbors.gd.remap[39m[0m
[  98% ] [90m[1msavepack[22m | Storing File: res://scripts/dream/margin/dream_palp_renderer.gd.remap[39m[0m
[  98% ] [90m[1msavepack[22m | Storing File: res://scripts/dream/campaign_shell.gd.remap[39m[0m
[  98% ] [90m[1msavepack[22m | Storing File: res://scripts/dream/dream_atlas.gd.remap[39m[0m
[  98% ] [90m[1msavepack[22m | Storing File: res://scripts/dream/dream_caption_layer.gd.remap[39m[0m
[  98% ] [90m[1msavepack[22m | Storing File: res://scripts/dream/dream_cellular_audio_pool.gd.remap[39m[0m
[  98% ] [90m[1msavepack[22m | Storing File: res://scripts/dream/dream_director.gd.remap[39m[0m
[  98% ] [90m[1msavepack[22m | Storing File: res://scripts/dream/dream_ecology_director.gd.remap[39m[0m
[  98% ] [90m[1msavepack[22m | Storing File: res://scripts/dream/dream_embrace.gd.remap[39m[0m
[  98% ] [90m[1msavepack[22m | Storing File: res://scripts/dream/dream_exposure_field.gd.remap[39m[0m
[  98% ] [90m[1msavepack[22m | Storing File: res://scripts/dream/dream_fauna_channels.gd.remap[39m[0m
[  98% ] [90m[1msavepack[22m | Storing File: res://scripts/dream/dream_fauna_director.gd.remap[39m[0m
[  98% ] [90m[1msavepack[22m | Storing File: res://scripts/dream/dream_fauna_parts.gd.remap[39m[0m
[  98% ] [90m[1msavepack[22m | Storing File: res://scripts/dream/dream_hazard.gd.remap[39m[0m
[  98% ] [90m[1msavepack[22m | Storing File: res://scripts/dream/dream_hazard_field.gd.remap[39m[0m
[  98% ] [90m[1msavepack[22m | Storing File: res://scripts/dream/dream_hazard_growth.gd.remap[39m[0m
[  98% ] [90m[1msavepack[22m | Storing File: res://scripts/dream/dream_incarnation_plate_cache.gd.remap[39m[0m
[  98% ] [90m[1msavepack[22m | Storing File: res://scripts/dream/dream_incarnation_profile.gd.remap[39m[0m
[  98% ] [90m[1msavepack[22m | Storing File: res://scripts/dream/dream_lineage_body.gd.remap[39m[0m
[  98% ] [90m[1msavepack[22m | Storing File: res://scripts/dream/dream_maze_builder.gd.remap[39m[0m
[  98% ] [90m[1msavepack[22m | Storing File: res://scripts/dream/dream_maze_root.gd.remap[39m[0m
[  98% ] [90m[1msavepack[22m | Storing File: res://scripts/dream/dream_microbiology_light.gd.remap[39m[0m
[  98% ] [90m[1msavepack[22m | Storing File: res://scripts/dream/dream_microbiology_mechanics.gd.remap[39m[0m
[  98% ] [90m[1msavepack[22m | Storing File: res://scripts/dream/dream_moss_colony.gd.remap[39m[0m
[  98% ] [90m[1msavepack[22m | Storing File: res://scripts/dream/dream_moss_colony_renderer.gd.remap[39m[0m
[  98% ] [90m[1msavepack[22m | Storing File: res://scripts/dream/dream_organelle_lifecycle.gd.remap[39m[0m
[  98% ] [90m[1msavepack[22m | Storing File: res://scripts/dream/dream_orison_furnisher.gd.remap[39m[0m
[  98% ] [90m[1msavepack[22m | Storing File: res://scripts/dream/dream_orison_interior.gd.remap[39m[0m
[  98% ] [90m[1msavepack[22m | Storing File: res://scripts/dream/dream_pursuer.gd.remap[39m[0m
[  98% ] [90m[1msavepack[22m | Storing File: res://scripts/dream/dream_residue.gd.remap[39m[0m
[  98% ] [90m[1msavepack[22m | Storing File: res://scripts/dream/dream_room_builder.gd.remap[39m[0m
[  98% ] [90m[1msavepack[22m | Storing File: res://scripts/dream/dream_view_portal.gd.remap[39m[0m
[  98% ] [90m[1msavepack[22m | Storing File: res://scripts/dream/sleep_pressure_director.gd.remap[39m[0m
[  98% ] [90m[1msavepack[22m | Storing File: res://scripts/game/attention_ledger.gd.remap[39m[0m
[  98% ] [90m[1msavepack[22m | Storing File: res://scripts/game/campaign_clock.gd.remap[39m[0m
[  98% ] [90m[1msavepack[22m | Storing File: res://scripts/game/campaign_clock_driver.gd.remap[39m[0m
[  98% ] [90m[1msavepack[22m | Storing File: res://scripts/game/chirp_hunt.gd.remap[39m[0m
[  98% ] [90m[1msavepack[22m | Storing File: res://scripts/game/first_shift_director.gd.remap[39m[0m
[  98% ] [90m[1msavepack[22m | Storing File: res://scripts/game/historical_radio_notice.gd.remap[39m[0m
[  98% ] [90m[1msavepack[22m | Storing File: res://scripts/game/maintenance_activity_director.gd.remap[39m[0m
[  98% ] [90m[1msavepack[22m | Storing File: res://scripts/game/maintenance_activity_library.gd.remap[39m[0m
[  98% ] [90m[1msavepack[22m | Storing File: res://scripts/game/maintenance_activity_run.gd.remap[39m[0m
[  98% ] [90m[1msavepack[22m | Storing File: res://scripts/game/maintenance_inventory.gd.remap[39m[0m
[  98% ] [90m[1msavepack[22m | Storing File: res://scripts/game/maintenance_job_library.gd.remap[39m[0m
[  98% ] [90m[1msavepack[22m | Storing File: res://scripts/game/maintenance_shop_counter.gd.remap[39m[0m
[  98% ] [90m[1msavepack[22m | Storing File: res://scripts/game/maintenance_shop_service.gd.remap[39m[0m
[  98% ] [90m[1msavepack[22m | Storing File: res://scripts/game/open_shift_radiator_ecosystem.gd.remap[39m[0m
[  98% ] [90m[1msavepack[22m | Storing File: res://scripts/game/open_shift_situation.gd.remap[39m[0m
[  98% ] [90m[1msavepack[22m | Storing File: res://scripts/game/reality_case_manager.gd.remap[39m[0m
[  98% ] [90m[1msavepack[22m | Storing File: res://scripts/game/reality_game_state.gd.remap[39m[0m
[  98% ] [90m[1msavepack[22m | Storing File: res://scripts/game/reality_rule_director.gd.remap[39m[0m
[  98% ] [90m[1msavepack[22m | Storing File: res://scripts/game/reality_save_storage.gd.remap[39m[0m
[  98% ] [90m[1msavepack[22m | Storing File: res://scripts/game/service_round_director.gd.remap[39m[0m
[  98% ] [90m[1msavepack[22m | Storing File: res://scripts/game/work_orders.gd.remap[39m[0m
[  98% ] [90m[1msavepack[22m | Storing File: res://scripts/generated/material_sets.gd.remap[39m[0m
[  98% ] [90m[1msavepack[22m | Storing File: res://scripts/generated/surface_calibration.gd.remap[39m[0m
[  98% ] [90m[1msavepack[22m | Storing File: res://scripts/language/house_english.gd.remap[39m[0m
[  98% ] [90m[1msavepack[22m | Storing File: res://scripts/minigames/darts_game.gd.remap[39m[0m
[  98% ] [90m[1msavepack[22m | Storing File: res://scripts/minigames/dead_letters.gd.remap[39m[0m
[  98% ] [90m[1msavepack[22m | Storing File: res://scripts/minigames/otis.gd.remap[39m[0m
[  98% ] [90m[1msavepack[22m | Storing File: res://scripts/minigames/point_ball.gd.remap[39m[0m
[  98% ] [90m[1msavepack[22m | Storing File: res://scripts/minigames/point_ball_ai.gd.remap[39m[0m
[  98% ] [90m[1msavepack[22m | Storing File: res://scripts/minigames/shelf_sort.gd.remap[39m[0m
[  98% ] [90m[1msavepack[22m | Storing File: res://scripts/minigames/trivia_darts.gd.remap[39m[0m
[  98% ] [90m[1msavepack[22m | Storing File: res://scripts/phoneos/cart_maze.gd.remap[39m[0m
[  98% ] [90m[1msavepack[22m | Storing File: res://scripts/phoneos/cart_pairs.gd.remap[39m[0m
[  98% ] [90m[1msavepack[22m | Storing File: res://scripts/phoneos/cart_shards.gd.remap[39m[0m
[  98% ] [90m[1msavepack[22m | Storing File: res://scripts/phoneos/phone_3d.gd.remap[39m[0m
[  98% ] [90m[1msavepack[22m | Storing File: res://scripts/phoneos/phone_3d_viewer.gd.remap[39m[0m
[  98% ] [90m[1msavepack[22m | Storing File: res://scripts/phoneos/phone_camera.gd.remap[39m[0m
[  98% ] [90m[1msavepack[22m | Storing File: res://scripts/phoneos/phone_carrier.gd.remap[39m[0m
[  98% ] [90m[1msavepack[22m | Storing File: res://scripts/phoneos/phone_device.gd.remap[39m[0m
[  98% ] [90m[1msavepack[22m | Storing File: res://scripts/phoneos/phone_light_mask.gd.remap[39m[0m
[  98% ] [90m[1msavepack[22m | Storing File: res://scripts/phoneos/phone_os.gd.remap[39m[0m
[  98% ] [90m[1msavepack[22m | Storing File: res://scripts/phoneos/phone_shell.gd.remap[39m[0m
[  98% ] [90m[1msavepack[22m | Storing File: res://scripts/phoneos/term_grid.gd.remap[39m[0m
[  98% ] [90m[1msavepack[22m | Storing File: res://scripts/player/player_controller.gd.remap[39m[0m
[  98% ] [90m[1msavepack[22m | Storing File: res://scripts/player/safety_net.gd.remap[39m[0m
[  98% ] [90m[1msavepack[22m | Storing File: res://scripts/props/arcade_cabinet_prop.gd.remap[39m[0m
[  98% ] [90m[1msavepack[22m | Storing File: res://scripts/props/baked_furniture_interaction.gd.remap[39m[0m
[  98% ] [90m[1msavepack[22m | Storing File: res://scripts/props/bar_seat_zone.gd.remap[39m[0m
[  98% ] [90m[1msavepack[22m | Storing File: res://scripts/props/bench_zone.gd.remap[39m[0m
[  98% ] [90m[1msavepack[22m | Storing File: res://scripts/props/bodega_signage_prop.gd.remap[39m[0m
[  98% ] [90m[1msavepack[22m | Storing File: res://scripts/props/boiler_prop.gd.remap[39m[0m
[  98% ] [90m[1msavepack[22m | Storing File: res://scripts/props/boiler_tend.gd.remap[39m[0m
[  98% ] [90m[1msavepack[22m | Storing File: res://scripts/props/bookshelf_prop.gd.remap[39m[0m
[  98% ] [90m[1msavepack[22m | Storing File: res://scripts/props/boxfan_prop.gd.remap[39m[0m
[  98% ] [90m[1msavepack[22m | Storing File: res://scripts/props/building_entry_sign.gd.remap[39m[0m
[  98% ] [90m[1msavepack[22m | Storing File: res://scripts/props/case_door_prop.gd.remap[39m[0m
[  98% ] [90m[1msavepack[22m | Storing File: res://scripts/props/ceiling_light_prop.gd.remap[39m[0m
[  98% ] [90m[1msavepack[22m | Storing File: res://scripts/props/character_memory_art.gd.remap[39m[0m
[  98% ] [90m[1msavepack[22m | Storing File: res://scripts/props/clock_prop.gd.remap[39m[0m
[  98% ] [90m[1msavepack[22m | Storing File: res://scripts/props/darts_prop.gd.remap[39m[0m
[  98% ] [90m[1msavepack[22m | Storing File: res://scripts/props/dead_letters_prop.gd.remap[39m[0m
[  98% ] [90m[1msavepack[22m | Storing File: res://scripts/props/domestic_radio_prop.gd.remap[39m[0m
[  98% ] [90m[1msavepack[22m | Storing File: res://scripts/props/domestic_witness_clock.gd.remap[39m[0m
[  98% ] [90m[1msavepack[22m | Storing File: res://scripts/props/door_anomaly_prop.gd.remap[39m[0m
[  98% ] [90m[1msavepack[22m | Storing File: res://scripts/props/door_check_closer_prop.gd.remap[39m[0m
[  98% ] [90m[1msavepack[22m | Storing File: res://scripts/props/door_prop.gd.remap[39m[0m
[  98% ] [90m[1msavepack[22m | Storing File: res://scripts/props/dumbwaiter_prop.gd.remap[39m[0m
[  98% ] [90m[1msavepack[22m | Storing File: res://scripts/props/elevator_interlock_prop.gd.remap[39m[0m
[  98% ] [90m[1msavepack[22m | Storing File: res://scripts/props/entrance_marquee_dress.gd.remap[39m[0m
[  98% ] [90m[1msavepack[22m | Storing File: res://scripts/props/exhaust_fan_prop.gd.remap[39m[0m
[  98% ] [90m[1msavepack[22m | Storing File: res://scripts/props/fire_line_cabinet_prop.gd.remap[39m[0m
[  98% ] [90m[1msavepack[22m | Storing File: res://scripts/props/flue_breast_prop.gd.remap[39m[0m
[  98% ] [90m[1msavepack[22m | Storing File: res://scripts/props/fortune_answer_prop.gd.remap[39m[0m
[  98% ] [90m[1msavepack[22m | Storing File: res://scripts/props/fridge_prop.gd.remap[39m[0m
[  98% ] [90m[1msavepack[22m | Storing File: res://scripts/props/functional_prop.gd.remap[39m[0m
[  98% ] [90m[1msavepack[22m | Storing File: res://scripts/props/fuse_panel_prop.gd.remap[39m[0m
[  98% ] [90m[1msavepack[22m | Storing File: res://scripts/props/harukiya_signage_prop.gd.remap[39m[0m
[  98% ] [90m[1msavepack[22m | Storing File: res://scripts/props/heat_balance.gd.remap[39m[0m
[  98% ] [90m[1msavepack[22m | Storing File: res://scripts/props/house_switchboard_prop.gd.remap[39m[0m
[  98% ] [90m[1msavepack[22m | Storing File: res://scripts/props/inspectable_zone.gd.remap[39m[0m
[  98% ] [90m[1msavepack[22m | Storing File: res://scripts/props/kettle_prop.gd.remap[39m[0m
[  98% ] [90m[1msavepack[22m | Storing File: res://scripts/props/lamp_prop.gd.remap[39m[0m
[  98% ] [90m[1msavepack[22m | Storing File: res://scripts/props/landmark_entry_door.gd.remap[39m[0m
[  98% ] [90m[1msavepack[22m | Storing File: res://scripts/props/laundry_airer_prop.gd.remap[39m[0m
[  98% ] [90m[1msavepack[22m | Storing File: res://scripts/props/light_fixture_prop.gd.remap[39m[0m
[  98% ] [90m[1msavepack[22m | Storing File: res://scripts/props/lobby_bulletin_board.gd.remap[39m[0m
[  98% ] [90m[1msavepack[22m | Storing File: res://scripts/props/lobby_orison_ad_board.gd.remap[39m[0m
[  98% ] [90m[1msavepack[22m | Storing File: res://scripts/props/mail_bank_prop.gd.remap[39m[0m
[  98% ] [90m[1msavepack[22m | Storing File: res://scripts/props/mail_box_zone.gd.remap[39m[0m
[  98% ] [90m[1msavepack[22m | Storing File: res://scripts/props/mail_chute_prop.gd.remap[39m[0m
[  98% ] [90m[1msavepack[22m | Storing File: res://scripts/props/medicine_cabinet_prop.gd.remap[39m[0m
[  98% ] [90m[1msavepack[22m | Storing File: res://scripts/props/monitor_prop.gd.remap[39m[0m
[  98% ] [90m[1msavepack[22m | Storing File: res://scripts/props/neon_sign_prop.gd.remap[39m[0m
[  98% ] [90m[1msavepack[22m | Storing File: res://scripts/props/night_register_prop.gd.remap[39m[0m
[  98% ] [90m[1msavepack[22m | Storing File: res://scripts/props/otis_prop.gd.remap[39m[0m
[  98% ] [90m[1msavepack[22m | Storing File: res://scripts/props/passage_pushcart.gd.remap[39m[0m
[  98% ] [90m[1msavepack[22m | Storing File: res://scripts/props/point_ball_prop.gd.remap[39m[0m
[  98% ] [90m[1msavepack[22m | Storing File: res://scripts/props/porch_deck_prop.gd.remap[39m[0m
[  98% ] [90m[1msavepack[22m | Storing File: res://scripts/props/possessed_domestic_prop.gd.remap[39m[0m
[  98% ] [90m[1msavepack[22m | Storing File: res://scripts/props/projector_prop.gd.remap[39m[0m
[  98% ] [90m[1msavepack[22m | Storing File: res://scripts/props/prop_control_area.gd.remap[39m[0m
[  98% ] [90m[1msavepack[22m | Storing File: res://scripts/props/radiator_interaction_surface.gd.remap[39m[0m
[  98% ] [90m[1msavepack[22m | Storing File: res://scripts/props/radiator_prop.gd.remap[39m[0m
[  98% ] [90m[1msavepack[22m | Storing File: res://scripts/props/roof_tank_ballcock_prop.gd.remap[39m[0m
[  98% ] [90m[1msavepack[22m | Storing File: res://scripts/props/shop_sign_prop.gd.remap[39m[0m
[  98% ] [90m[1msavepack[22m | Storing File: res://scripts/props/signal_terminal_prop.gd.remap[39m[0m
[  98% ] [90m[1msavepack[22m | Storing File: res://scripts/props/smoke_detector_prop.gd.remap[39m[0m
[  98% ] [90m[1msavepack[22m | Storing File: res://scripts/props/soda_acid_extinguisher_prop.gd.remap[39m[0m
[  98% ] [90m[1msavepack[22m | Storing File: res://scripts/props/songbook_terminal_prop.gd.remap[39m[0m
[  98% ] [90m[1msavepack[22m | Storing File: res://scripts/props/speaker_prop.gd.remap[39m[0m
[  98% ] [90m[1msavepack[22m | Storing File: res://scripts/props/static_mesh_batcher.gd.remap[39m[0m
[  98% ] [90m[1msavepack[22m | Storing File: res://scripts/props/stove_prop.gd.remap[39m[0m
[  98% ] [90m[1msavepack[22m | Storing File: res://scripts/props/tap_prop.gd.remap[39m[0m
[  98% ] [90m[1msavepack[22m | Storing File: res://scripts/props/toaster_prop.gd.remap[39m[0m
[  98% ] [90m[1msavepack[22m | Storing File: res://scripts/props/tour_key_guard_prop.gd.remap[39m[0m
[  98% ] [90m[1msavepack[22m | Storing File: res://scripts/props/tv_prop.gd.remap[39m[0m
[  98% ] [90m[1msavepack[22m | Storing File: res://scripts/props/vantry_point_prop.gd.remap[39m[0m
[  98% ] [90m[1msavepack[22m | Storing File: res://scripts/props/vault_light_glow.gd.remap[39m[0m
[  98% ] [90m[1msavepack[22m | Storing File: res://scripts/props/washer_prop.gd.remap[39m[0m
[  98% ] [90m[1msavepack[22m | Storing File: res://scripts/props/watchman_clock_prop.gd.remap[39m[0m
[  98% ] [90m[1msavepack[22m | Storing File: res://scripts/props/watch_register_prop.gd.remap[39m[0m
[  98% ] [90m[1msavepack[22m | Storing File: res://scripts/props/watch_station_prop.gd.remap[39m[0m
[  98% ] [90m[1msavepack[22m | Storing File: res://scripts/reality/apartment_encroachment.gd.remap[39m[0m
[  98% ] [90m[1msavepack[22m | Storing File: res://scripts/reality/building_personality_director.gd.remap[39m[0m
[  98% ] [90m[1msavepack[22m | Storing File: res://scripts/reality/corruption_lineage_registry.gd.remap[39m[0m
[  98% ] [90m[1msavepack[22m | Storing File: res://scripts/reality/domestic_witness_system.gd.remap[39m[0m
[  98% ] [90m[1msavepack[22m | Storing File: res://scripts/reality/intrusions.gd.remap[39m[0m
[  98% ] [90m[1msavepack[22m | Storing File: res://scripts/reality/living_field.gd.remap[39m[0m
[  98% ] [90m[1msavepack[22m | Storing File: res://scripts/reality/npc_observation_ledger.gd.remap[39m[0m
[  98% ] [90m[1msavepack[22m | Storing File: res://scripts/reality/organism_incidents.gd.remap[39m[0m
[  98% ] [90m[1msavepack[22m | Storing File: res://scripts/reality/poltergeist_library.gd.remap[39m[0m
[  98% ] [90m[1msavepack[22m | Storing File: res://scripts/reality/sanity_director.gd.remap[39m[0m
[  98% ] [90m[1msavepack[22m | Storing File: res://scripts/songbook/bar_pa.gd.remap[39m[0m
[  98% ] [90m[1msavepack[22m | Storing File: res://scripts/songbook/mic_recorder.gd.remap[39m[0m
[  98% ] [90m[1msavepack[22m | Storing File: res://scripts/songbook/phonautogram_forge.gd.remap[39m[0m
[  98% ] [90m[1msavepack[22m | Storing File: res://scripts/songbook/phonautogram_reader.gd.remap[39m[0m
[  98% ] [90m[1msavepack[22m | Storing File: res://scripts/songbook/songbook_store.gd.remap[39m[0m
[  98% ] [90m[1msavepack[22m | Storing File: res://scripts/songbook/song_resource.gd.remap[39m[0m
[  98% ] [90m[1msavepack[22m | Storing File: res://scripts/songbook/song_synth.gd.remap[39m[0m
[  98% ] [90m[1msavepack[22m | Storing File: res://scripts/ui/accessibility_copy.gd.remap[39m[0m
[  98% ] [90m[1msavepack[22m | Storing File: res://scripts/ui/arcade_panel.gd.remap[39m[0m
[  98% ] [90m[1msavepack[22m | Storing File: res://scripts/ui/audio_caption_layer.gd.remap[39m[0m
[  98% ] [90m[1msavepack[22m | Storing File: res://scripts/ui/bookshelf_panel.gd.remap[39m[0m
[  98% ] [90m[1msavepack[22m | Storing File: res://scripts/ui/building_debug.gd.remap[39m[0m
[  98% ] [90m[1msavepack[22m | Storing File: res://scripts/ui/case_dialogue_panel.gd.remap[39m[0m
[  98% ] [90m[1msavepack[22m | Storing File: res://scripts/ui/darts_panel.gd.remap[39m[0m
[  98% ] [90m[1msavepack[22m | Storing File: res://scripts/ui/dead_letters_panel.gd.remap[39m[0m
[  98% ] [90m[1msavepack[22m | Storing File: res://scripts/ui/fourth_wall.gd.remap[39m[0m
[  98% ] [90m[1msavepack[22m | Storing File: res://scripts/ui/maintenance_activity_panel.gd.remap[39m[0m
[  98% ] [90m[1msavepack[22m | Storing File: res://scripts/ui/objective_tracker.gd.remap[39m[0m
[  98% ] [90m[1msavepack[22m | Storing File: res://scripts/ui/otis_panel.gd.remap[39m[0m
[  98% ] [90m[1msavepack[22m | Storing File: res://scripts/ui/pause_services.gd.remap[39m[0m
[  98% ] [90m[1msavepack[22m | Storing File: res://scripts/ui/point_ball_panel.gd.remap[39m[0m
[  98% ] [90m[1msavepack[22m | Storing File: res://.godot/global_script_class_cache.cfg[39m[0m
[  98% ] [90m[1msavepack[22m | Storing File: res://.godot/uid_cache.bin[39m[0m
[  98% ] [90m[1msavepack[22m | Storing File: res://project.binary[39m[0m
[92m[ DONE ][39m [1msavepack[22m
[0m
