Godot Engine v4.7.1.stable.official.a13da4feb - https://godotengine.org
Vulkan 1.4.341 - Forward+ - Using Device #0: NVIDIA - NVIDIA GeForce RTX 4080

[ACOUSTIC] 550 nodes loaded
ORISON V2 BLOCKOUT: 200 spaces / 111 doors / 1104 anchors
[V2 FRONT COURT ROOF] three seated girders; retained roof slabs; mapped exterior concrete
[V2 BODEGA POWER] independent inlet; four existing fittings; 20 bearings
[SURFACE] 386 surfaces layered (258 materials)
[PASSAGE HOURS] OPEN; 10 grilles folded
[PASSAGE HOURS] 11 shopfronts, 10 close after 02:00, HARDWARE PAINT keeps night service
[PASSAGE FINISH] 6 gated draws, 3 handcarts, hours active
[V2 PASSAGE] 13 resident cells; 11 doors; 1 shared-service counters
[SURFACE] 215 surfaces layered (108 materials)
[HARUKIYA] 9 interactables placed
[ARCADE] 2 cabinet(s) from a catalog of 12: SOMETHING IN THE HALL (mystery_serial), OPERATIONS (farm_and_market)
[ARCADE] all of them are running arcade_pit
[V2 BAR] retained cell; 29 registered markers; 3 doors
[V2 FRONT FACADE] native entrance, original landmark hardware, glazed marquee and fitted blade
[SCHEDULE] director live: 18 residents on the clock
[MOVES] personal library: res://assets/characters/mina_vale/mina_vale_moves.glb
SOURCE PARAPET MATERIAL ROOF_PARAPET_EAST brick 
SOURCE PARAPET MATERIAL ROOF_PARAPET_NORTH brick 
SOURCE PARAPET MATERIAL ROOF_PARAPET_SOUTH brick 
SOURCE PARAPET MATERIAL ROOF_PARAPET_WEST brick 
[ORISON V2 RUNTIME] ready startup_ms=36919.401
[LIGHTING] 211 sources active in system; 211 full personalities; profiles steady/breathe/mains/beat/dropout=[50, 49, 36, 42, 34]
CEILING MAPPING: mesh=city_foundations_site_back_e_base0_Foundation_-3_4 valid_basis=true max_uv_excess=0.0 widest=1.0 vertices=52 derivatives=true
CEILING MAPPING: mesh=city_foundations_site_back_e_base0_Foundation_-3_5 valid_basis=true max_uv_excess=0.0 widest=1.0 vertices=52 derivatives=true
CEILING MAPPING: mesh=city_foundations_site_back_e_base0_Foundation_-4_4 valid_basis=true max_uv_excess=0.00000047683716 widest=1.00000013684044 vertices=204 derivatives=true
CEILING MAPPING: mesh=city_foundations_site_back_e_base0_Foundation_-4_5 valid_basis=true max_uv_excess=0.00000047683716 widest=1.00000013684044 vertices=204 derivatives=true
CEILING MAPPING: mesh=city_foundations_site_back_e_base0_Foundation_-5_4 valid_basis=true max_uv_excess=0.0 widest=1.0 vertices=48 derivatives=true
CEILING MAPPING: mesh=city_foundations_site_back_e_base0_Foundation_-5_5 valid_basis=true max_uv_excess=0.0 widest=1.0 vertices=48 derivatives=true
CEILING MAPPING: mesh=city_foundations_site_back_e_base0_Foundation_-6_4 valid_basis=true max_uv_excess=0.0 widest=1.0 vertices=48 derivatives=true
CEILING MAPPING: mesh=city_foundations_site_back_e_base0_Foundation_-6_5 valid_basis=true max_uv_excess=0.0 widest=1.0 vertices=48 derivatives=true
CEILING MAPPING: mesh=city_foundations_site_back_e_base0_Foundation_-7_4 valid_basis=true max_uv_excess=0.0 widest=1.0 vertices=48 derivatives=true
CEILING MAPPING: mesh=city_foundations_site_back_e_base0_Foundation_-7_5 valid_basis=true max_uv_excess=0.0 widest=1.0 vertices=48 derivatives=true
CEILING MAPPING: mesh=city_foundations_site_back_e_base0_Foundation_-8_4 valid_basis=true max_uv_excess=0.00000001490116 widest=1.00000008514986 vertices=220 derivatives=true
CEILING MAPPING: mesh=city_foundations_site_back_e_base0_Foundation_-8_5 valid_basis=true max_uv_excess=0.00000001490116 widest=1.00000008514986 vertices=220 derivatives=true
CEILING MAPPING: mesh=city_foundations_site_back_w_base0_Foundation_2_4 valid_basis=true max_uv_excess=0.0 widest=1.0 vertices=52 derivatives=true
CEILING MAPPING: mesh=city_foundations_site_back_w_base0_Foundation_2_5 valid_basis=true max_uv_excess=0.0 widest=1.0 vertices=52 derivatives=true
CEILING MAPPING: mesh=city_foundations_site_back_w_base0_Foundation_3_4 valid_basis=true max_uv_excess=0.0 widest=1.0 vertices=204 derivatives=true
CEILING MAPPING: mesh=city_foundations_site_back_w_base0_Foundation_3_5 valid_basis=true max_uv_excess=0.0 widest=1.0 vertices=204 derivatives=true
CEILING MAPPING: mesh=city_foundations_site_back_w_base0_Foundation_4_4 valid_basis=true max_uv_excess=0.0 widest=1.0 vertices=48 derivatives=true
CEILING MAPPING: mesh=city_foundations_site_back_w_base0_Foundation_4_5 valid_basis=true max_uv_excess=0.0 widest=1.0 vertices=48 derivatives=true
CEILING MAPPING: mesh=city_foundations_site_back_w_base0_Foundation_5_4 valid_basis=true max_uv_excess=0.0 widest=1.0 vertices=48 derivatives=true
CEILING MAPPING: mesh=city_foundations_site_back_w_base0_Foundation_5_5 valid_basis=true max_uv_excess=0.0 widest=1.0 vertices=48 derivatives=true
CEILING MAPPING: mesh=city_foundations_site_back_w_base0_Foundation_6_4 valid_basis=true max_uv_excess=0.0 widest=1.0 vertices=48 derivatives=true
CEILING MAPPING: mesh=city_foundations_site_back_w_base0_Foundation_6_5 valid_basis=true max_uv_excess=0.0 widest=1.0 vertices=48 derivatives=true
CEILING MAPPING: mesh=city_foundations_site_back_w_base0_Foundation_7_4 valid_basis=true max_uv_excess=0.0 widest=1.0 vertices=220 derivatives=true
CEILING MAPPING: mesh=city_foundations_site_back_w_base0_Foundation_7_5 valid_basis=true max_uv_excess=0.0 widest=1.0 vertices=220 derivatives=true
CEILING MAPPING: mesh=city_foundations_site_far_e_base0_Foundation_-19_0 valid_basis=true max_uv_excess=0.0 widest=1.0 vertices=48 derivatives=true
CEILING MAPPING: mesh=city_foundations_site_far_e_base0_Foundation_-19_1 valid_basis=true max_uv_excess=0.0 widest=1.0 vertices=48 derivatives=true
CEILING MAPPING: mesh=city_foundations_site_far_e_base0_Foundation_-19_2 valid_basis=true max_uv_excess=0.0 widest=1.0 vertices=48 derivatives=true
CEILING MAPPING: mesh=city_foundations_site_far_e_base0_Foundation_-19_3 valid_basis=true max_uv_excess=0.0 widest=1.0 vertices=220 derivatives=true
CEILING MAPPING: mesh=city_foundations_site_far_e_base0_Foundation_-19_-1 valid_basis=true max_uv_excess=0.0 widest=1.0 vertices=48 derivatives=true
CEILING MAPPING: mesh=city_foundations_site_far_e_base0_Foundation_-19_-2 valid_basis=true max_uv_excess=0.0 widest=1.0 vertices=48 derivatives=true
CEILING MAPPING: mesh=city_foundations_site_far_e_base0_Foundation_-19_-3 valid_basis=true max_uv_excess=0.0 widest=1.0 vertices=48 derivatives=true
CEILING MAPPING: mesh=city_foundations_site_far_e_base0_Foundation_-19_-4 valid_basis=true max_uv_excess=0.0 widest=1.0 vertices=48 derivatives=true
CEILING MAPPING: mesh=city_foundations_site_far_e_base0_Foundation_-19_-5 valid_basis=true max_uv_excess=0.0 widest=1.0 vertices=204 derivatives=true
CEILING MAPPING: mesh=city_foundations_site_far_e_base0_Foundation_-19_-6 valid_basis=true max_uv_excess=0.0 widest=1.0 vertices=52 derivatives=true
CEILING MAPPING: mesh=city_foundations_site_far_e_base0_Foundation_-20_0 valid_basis=true max_uv_excess=0.0 widest=1.0 vertices=4 derivatives=true
CEILING MAPPING: mesh=city_foundations_site_far_e_base0_Foundation_-20_1 valid_basis=true max_uv_excess=0.0 widest=1.0 vertices=4 derivatives=true
CEILING MAPPING: mesh=city_foundations_site_far_e_base0_Foundation_-20_2 valid_basis=true max_uv_excess=0.0 widest=1.0 vertices=4 derivatives=true
CEILING MAPPING: mesh=city_foundations_site_far_e_base0_Foundation_-20_3 valid_basis=true max_uv_excess=0.0 widest=1.0 vertices=48 derivatives=true
CEILING MAPPING: mesh=city_foundations_site_far_e_base0_Foundation_-20_-1 valid_basis=true max_uv_excess=0.0 widest=1.0 vertices=4 derivatives=true
CEILING MAPPING: mesh=city_foundations_site_far_e_base0_Foundation_-20_-2 valid_basis=true max_uv_excess=0.0 widest=1.0 vertices=4 derivatives=true
CEILING MAPPING: mesh=city_foundations_site_far_e_base0_Foundation_-20_-3 valid_basis=true max_uv_excess=0.0 widest=1.0 vertices=4 derivatives=true
CEILING MAPPING: mesh=city_foundations_site_far_e_base0_Foundation_-20_-4 valid_basis=true max_uv_excess=0.0 widest=1.0 vertices=4 derivatives=true
CEILING MAPPING: mesh=city_foundations_site_far_e_base0_Foundation_-20_-5 valid_basis=true max_uv_excess=0.0 widest=1.0 vertices=44 derivatives=true
CEILING MAPPING: mesh=city_foundations_site_far_e_base0_Foundation_-20_-6 valid_basis=true max_uv_excess=0.0 widest=1.0 vertices=12 derivatives=true
CEILING MAPPING: mesh=city_foundations_site_far_e_base0_Foundation_-21_0 valid_basis=true max_uv_excess=0.0 widest=1.0 vertices=4 derivatives=true
CEILING MAPPING: mesh=city_foundations_site_far_e_base0_Foundation_-21_1 valid_basis=true max_uv_excess=0.0 widest=1.0 vertices=4 derivatives=true
CEILING MAPPING: mesh=city_foundations_site_far_e_base0_Foundation_-21_2 valid_basis=true max_uv_excess=0.0 widest=1.0 vertices=4 derivatives=true
CEILING MAPPING: mesh=city_foundations_site_far_e_base0_Foundation_-21_3 valid_basis=true max_uv_excess=0.0 widest=1.0 vertices=48 derivatives=true
CEILING MAPPING: mesh=city_foundations_site_far_e_base0_Foundation_-21_-1 valid_basis=true max_uv_excess=0.0 widest=1.0 vertices=4 derivatives=true
CEILING MAPPING: mesh=city_foundations_site_far_e_base0_Foundation_-21_-2 valid_basis=true max_uv_excess=0.0 widest=1.0 vertices=4 derivatives=true
CEILING MAPPING: mesh=city_foundations_site_far_e_base0_Foundation_-21_-3 valid_basis=true max_uv_excess=0.0 widest=1.0 vertices=4 derivatives=true
CEILING MAPPING: mesh=city_foundations_site_far_e_base0_Foundation_-21_-4 valid_basis=true max_uv_excess=0.0 widest=1.0 vertices=4 derivatives=true
CEILING MAPPING: mesh=city_foundations_site_far_e_base0_Foundation_-21_-5 valid_basis=true max_uv_excess=0.0 widest=1.0 vertices=44 derivatives=true
CEILING MAPPING: mesh=city_foundations_site_far_e_base0_Foundation_-21_-6 valid_basis=true max_uv_excess=0.0 widest=1.0 vertices=12 derivatives=true
CEILING MAPPING: mesh=city_foundations_site_far_e_base0_Foundation_-22_0 valid_basis=true max_uv_excess=0.0 widest=1.0 vertices=4 derivatives=true
CEILING MAPPING: mesh=city_foundations_site_far_e_base0_Foundation_-22_1 valid_basis=true max_uv_excess=0.0 widest=1.0 vertices=4 derivatives=true
CEILING MAPPING: mesh=city_foundations_site_far_e_base0_Foundation_-22_2 valid_basis=true max_uv_excess=0.0 widest=1.0 vertices=4 derivatives=true
CEILING MAPPING: mesh=city_foundations_site_far_e_base0_Foundation_-22_3 valid_basis=true max_uv_excess=0.0 widest=1.0 vertices=48 derivatives=true
CEILING MAPPING: mesh=city_foundations_site_far_e_base0_Foundation_-22_-1 valid_basis=true max_uv_excess=0.0 widest=1.0 vertices=4 derivatives=true
CEILING MAPPING: mesh=city_foundations_site_far_e_base0_Foundation_-22_-2 valid_basis=true max_uv_excess=0.0 widest=1.0 vertices=4 derivatives=true
CEILING MAPPING: mesh=city_foundations_site_far_e_base0_Foundation_-22_-3 valid_basis=true max_uv_excess=0.0 widest=1.0 vertices=4 derivatives=true
CEILING MAPPING: mesh=city_foundations_site_far_e_base0_Foundation_-22_-4 valid_basis=true max_uv_excess=0.0 widest=1.0 vertices=4 derivatives=true
CEILING MAPPING: mesh=city_foundations_site_far_e_base0_Foundation_-22_-5 valid_basis=true max_uv_excess=0.0 widest=1.0 vertices=44 derivatives=true
CEILING MAPPING: mesh=city_foundations_site_far_e_base0_Foundation_-22_-6 valid_basis=true max_uv_excess=0.0 widest=1.0 vertices=12 derivatives=true
CEILING MAPPING: mesh=city_foundations_site_far_e_base0_Foundation_-23_0 valid_basis=true max_uv_excess=0.0 widest=1.0 vertices=4 derivatives=true
CEILING MAPPING: mesh=city_foundations_site_far_e_base0_Foundation_-23_1 valid_basis=true max_uv_excess=0.0 widest=1.0 vertices=4 derivatives=true
CEILING MAPPING: mesh=city_foundations_site_far_e_base0_Foundation_-23_2 valid_basis=true max_uv_excess=0.0 widest=1.0 vertices=4 derivatives=true
CEILING MAPPING: mesh=city_foundations_site_far_e_base0_Foundation_-23_3 valid_basis=true max_uv_excess=0.0 widest=1.0 vertices=48 derivatives=true
CEILING MAPPING: mesh=city_foundations_site_far_e_base0_Foundation_-23_-1 valid_basis=true max_uv_excess=0.0 widest=1.0 vertices=4 derivatives=true
CEILING MAPPING: mesh=city_foundations_site_far_e_base0_Foundation_-23_-2 valid_basis=true max_uv_excess=0.0 widest=1.0 vertices=4 derivatives=true
CEILING MAPPING: mesh=city_foundations_site_far_e_base0_Foundation_-23_-3 valid_basis=true max_uv_excess=0.0 widest=1.0 vertices=4 derivatives=true
CEILING MAPPING: mesh=city_foundations_site_far_e_base0_Foundation_-23_-4 valid_basis=true max_uv_excess=0.0 widest=1.0 vertices=4 derivatives=true
CEILING MAPPING: mesh=city_foundations_site_far_e_base0_Foundation_-23_-5 valid_basis=true max_uv_excess=0.0 widest=1.0 vertices=44 derivatives=true
CEILING MAPPING: mesh=city_foundations_site_far_e_base0_Foundation_-23_-6 valid_basis=true max_uv_excess=0.0 widest=1.0 vertices=12 derivatives=true
CEILING MAPPING: mesh=city_foundations_site_far_e_base0_Foundation_-24_0 valid_basis=true max_uv_excess=0.0 widest=1.0 vertices=4 derivatives=true
CEILING MAPPING: mesh=city_foundations_site_far_e_base0_Foundation_-24_1 valid_basis=true max_uv_excess=0.0 widest=1.0 vertices=4 derivatives=true
CEILING MAPPING: mesh=city_foundations_site_far_e_base0_Foundation_-24_2 valid_basis=true max_uv_excess=0.0 widest=1.0 vertices=4 derivatives=true
CEILING MAPPING: mesh=city_foundations_site_far_e_base0_Foundation_-24_3 valid_basis=true max_uv_excess=0.0 widest=1.0 vertices=48 derivatives=true
CEILING MAPPING: mesh=city_foundations_site_far_e_base0_Foundation_-24_-1 valid_basis=true max_uv_excess=0.0 widest=1.0 vertices=4 derivatives=true
CEILING MAPPING: mesh=city_foundations_site_far_e_base0_Foundation_-24_-2 valid_basis=true max_uv_excess=0.0 widest=1.0 vertices=4 derivatives=true
CEILING MAPPING: mesh=city_foundations_site_far_e_base0_Foundation_-24_-3 valid_basis=true max_uv_excess=0.0 widest=1.0 vertices=4 derivatives=true
CEILING MAPPING: mesh=city_foundations_site_far_e_base0_Foundation_-24_-4 valid_basis=true max_uv_excess=0.0 widest=1.0 vertices=4 derivatives=true
CEILING MAPPING: mesh=city_foundations_site_far_e_base0_Foundation_-24_-5 valid_basis=true max_uv_excess=0.0 widest=1.0 vertices=44 derivatives=true
CEILING MAPPING: mesh=city_foundations_site_far_e_base0_Foundation_-24_-6 valid_basis=true max_uv_excess=0.0 widest=1.0 vertices=12 derivatives=true
CEILING MAPPING: mesh=city_foundations_site_far_e_base0_Foundation_-25_0 valid_basis=true max_uv_excess=0.0 widest=1.0 vertices=4 derivatives=true
CEILING MAPPING: mesh=city_foundations_site_far_e_base0_Foundation_-25_1 valid_basis=true max_uv_excess=0.0 widest=1.0 vertices=4 derivatives=true
CEILING MAPPING: mesh=city_foundations_site_far_e_base0_Foundation_-25_2 valid_basis=true max_uv_excess=0.0 widest=1.0 vertices=4 derivatives=true
CEILING MAPPING: mesh=city_foundations_site_far_e_base0_Foundation_-25_3 valid_basis=true max_uv_excess=0.0 widest=1.0 vertices=48 derivatives=true
CEILING MAPPING: mesh=city_foundations_site_far_e_base0_Foundation_-25_-1 valid_basis=true max_uv_excess=0.0 widest=1.0 vertices=4 derivatives=true
CEILING MAPPING: mesh=city_foundations_site_far_e_base0_Foundation_-25_-2 valid_basis=true max_uv_excess=0.0 widest=1.0 vertices=4 derivatives=true
CEILING MAPPING: mesh=city_foundations_site_far_e_base0_Foundation_-25_-3 valid_basis=true max_uv_excess=0.0 widest=1.0 vertices=4 derivatives=true
CEILING MAPPING: mesh=city_foundations_site_far_e_base0_Foundation_-25_-4 valid_basis=true max_uv_excess=0.0 widest=1.0 vertices=4 derivatives=true
CEILING MAPPING: mesh=city_foundations_site_far_e_base0_Foundation_-25_-5 valid_basis=true max_uv_excess=0.0 widest=1.0 vertices=44 derivatives=true
CEILING MAPPING: mesh=city_foundations_site_far_e_base0_Foundation_-25_-6 valid_basis=true max_uv_excess=0.0 widest=1.0 vertices=12 derivatives=true
CEILING MAPPING: mesh=city_foundations_site_far_e_base0_Foundation_-26_0 valid_basis=true max_uv_excess=0.0 widest=1.0 vertices=44 derivatives=true
CEILING MAPPING: mesh=city_foundations_site_far_e_base0_Foundation_-26_1 valid_basis=true max_uv_excess=0.0 widest=1.0 vertices=44 derivatives=true
CEILING MAPPING: mesh=city_foundations_site_far_e_base0_Foundation_-26_2 valid_basis=true max_uv_excess=0.0 widest=1.0 vertices=44 derivatives=true
CEILING MAPPING: mesh=city_foundations_site_far_e_base0_Foundation_-26_3 valid_basis=true max_uv_excess=0.0 widest=1.0 vertices=204 derivatives=true
CEILING MAPPING: mesh=city_foundations_site_far_e_base0_Foundation_-26_-1 valid_basis=true max_uv_excess=0.0 widest=1.0 vertices=44 derivatives=true
CEILING MAPPING: mesh=city_foundations_site_far_e_base0_Foundation_-26_-2 valid_basis=true max_uv_excess=0.0 widest=1.0 vertices=44 derivatives=true
CEILING MAPPING: mesh=city_foundations_site_far_e_base0_Foundation_-26_-3 valid_basis=true max_uv_excess=0.0 widest=1.0 vertices=44 derivatives=true
CEILING MAPPING: mesh=city_foundations_site_far_e_base0_Foundation_-26_-4 valid_basis=true max_uv_excess=0.0 widest=1.0 vertices=44 derivatives=true
CEILING MAPPING: mesh=city_foundations_site_far_e_base0_Foundation_-26_-5 valid_basis=true max_uv_excess=0.0 widest=1.0 vertices=188 derivatives=true
CEILING MAPPING: mesh=city_foundations_site_far_e_base0_Foundation_-26_-6 valid_basis=true max_uv_excess=0.0 widest=1.0 vertices=48 derivatives=true
CEILING MAPPING: mesh=city_foundations_site_far_e_base0_Foundation_-27_0 valid_basis=true max_uv_excess=0.0 widest=1.0 vertices=12 derivatives=true
CEILING MAPPING: mesh=city_foundations_site_far_e_base0_Foundation_-27_1 valid_basis=true max_uv_excess=0.0 widest=1.0 vertices=12 derivatives=true
CEILING MAPPING: mesh=city_foundations_site_far_e_base0_Foundation_-27_2 valid_basis=true max_uv_excess=0.0 widest=1.0 vertices=12 derivatives=true
CEILING MAPPING: mesh=city_foundations_site_far_e_base0_Foundation_-27_3 valid_basis=true max_uv_excess=0.0 widest=1.0 vertices=52 derivatives=true
CEILING MAPPING: mesh=city_foundations_site_far_e_base0_Foundation_-27_-1 valid_basis=true max_uv_excess=0.0 widest=1.0 vertices=12 derivatives=true
CEILING MAPPING: mesh=city_foundations_site_far_e_base0_Foundation_-27_-2 valid_basis=true max_uv_excess=0.0 widest=1.0 vertices=12 derivatives=true
CEILING MAPPING: mesh=city_foundations_site_far_e_base0_Foundation_-27_-3 valid_basis=true max_uv_excess=0.0 widest=1.0 vertices=12 derivatives=true
CEILING MAPPING: mesh=city_foundations_site_far_e_base0_Foundation_-27_-4 valid_basis=true max_uv_excess=0.0 widest=1.0 vertices=12 derivatives=true
CEILING MAPPING: mesh=city_foundations_site_far_e_base0_Foundation_-27_-5 valid_basis=true max_uv_excess=0.0 widest=1.0 vertices=48 derivatives=true
CEILING MAPPING: mesh=city_foundations_site_far_e_base0_Foundation_-27_-6 valid_basis=true max_uv_excess=0.0 widest=1.0 vertices=16 derivatives=true
CEILING MAPPING: mesh=city_foundations_site_far_n_base0_Foundation_0_7 valid_basis=true max_uv_excess=0.0 widest=1.0 vertices=12 derivatives=true
CEILING MAPPING: mesh=city_foundations_site_far_n_base0_Foundation_0_8 valid_basis=true max_uv_excess=0.0 widest=1.0 vertices=44 derivatives=true
CEILING MAPPING: mesh=city_foundations_site_far_n_base0_Foundation_0_9 valid_basis=true max_uv_excess=0.0 widest=1.0 vertices=4 derivatives=true
CEILING MAPPING: mesh=city_foundations_site_far_n_base0_Foundation_0_10 valid_basis=true max_uv_excess=0.0 widest=1.0 vertices=4 derivatives=true
CEILING MAPPING: mesh=city_foundations_site_far_n_base0_Foundation_0_11 valid_basis=true max_uv_excess=0.0 widest=1.0 vertices=4 derivatives=true
CEILING MAPPING: mesh=city_foundations_site_far_n_base0_Foundation_0_12 valid_basis=true max_uv_excess=0.0 widest=1.0 vertices=4 derivatives=true
CEILING MAPPING: mesh=city_foundations_site_far_n_base0_Foundation_0_13 valid_basis=true max_uv_excess=0.0 widest=1.0 vertices=4 derivatives=true
CEILING MAPPING: mesh=city_foundations_site_far_n_base0_Foundation_0_14 valid_basis=true max_uv_excess=0.00000005960464 widest=1.00000027983738 vertices=28 derivatives=true
CEILING MAPPING: mesh=city_foundations_site_far_n_base0_Foundation_0_15 valid_basis=true max_uv_excess=0.0 widest=1.0 vertices=24 derivatives=true
CEILING MAPPING: mesh=city_foundations_site_far_n_base0_Foundation_1_7 valid_basis=true max_uv_excess=0.0 widest=1.0 vertices=12 derivatives=true
CEILING MAPPING: mesh=city_foundations_site_far_n_base0_Foundation_1_8 valid_basis=true max_uv_excess=0.0 widest=1.0 vertices=44 derivatives=true
CEILING MAPPING: mesh=city_foundations_site_far_n_base0_Foundation_1_9 valid_basis=true max_uv_excess=0.0 widest=1.0 vertices=4 derivatives=true
CEILING MAPPING: mesh=city_foundations_site_far_n_base0_Foundation_1_10 valid_basis=true max_uv_excess=0.0 widest=1.0 vertices=4 derivatives=true
CEILING MAPPING: mesh=city_foundations_site_far_n_base0_Foundation_1_11 valid_basis=true max_uv_excess=0.0 widest=1.0 vertices=4 derivatives=true
CEILING MAPPING: mesh=city_foundations_site_far_n_base0_Foundation_1_12 valid_basis=true max_uv_excess=0.0 widest=1.0 vertices=4 derivatives=true
CEILING MAPPING: mesh=city_foundations_site_far_n_base0_Foundation_1_13 valid_basis=true max_uv_excess=0.0 widest=1.0 vertices=4 derivatives=true
CEILING MAPPING: mesh=city_foundations_site_far_n_base0_Foundation_1_14 valid_basis=true max_uv_excess=0.00000005960464 widest=1.00000027983738 vertices=28 derivatives=true
CEILING MAPPING: mesh=city_foundations_site_far_n_base0_Foundation_1_15 valid_basis=true max_uv_excess=0.0 widest=1.0 vertices=24 derivatives=true
CEILING MAPPING: mesh=city_foundations_site_far_n_base0_Foundation_2_7 valid_basis=true max_uv_excess=0.0 widest=1.0 vertices=12 derivatives=true
CEILING MAPPING: mesh=city_foundations_site_far_n_base0_Foundation_2_8 valid_basis=true max_uv_excess=0.0 widest=1.0 vertices=44 derivatives=true
CEILING MAPPING: mesh=city_foundations_site_far_n_base0_Foundation_2_9 valid_basis=true max_uv_excess=0.0 widest=1.0 vertices=4 derivatives=true
CEILING MAPPING: mesh=city_foundations_site_far_n_base0_Foundation_2_10 valid_basis=true max_uv_excess=0.0 widest=1.0 vertices=4 derivatives=true
CEILING MAPPING: mesh=city_foundations_site_far_n_base0_Foundation_2_11 valid_basis=true max_uv_excess=0.0 widest=1.0 vertices=4 derivatives=true
CEILING MAPPING: mesh=city_foundations_site_far_n_base0_Foundation_2_12 valid_basis=true max_uv_excess=0.0 widest=1.0 vertices=4 derivatives=true
CEILING MAPPING: mesh=city_foundations_site_far_n_base0_Foundation_2_13 valid_basis=true max_uv_excess=0.0 widest=1.0 vertices=4 derivatives=true
CEILING MAPPING: mesh=city_foundations_site_far_n_base0_Foundation_2_14 valid_basis=true max_uv_excess=0.00000005960464 widest=1.00000027983738 vertices=28 derivatives=true
CEILING MAPPING: mesh=city_foundations_site_far_n_base0_Foundation_2_15 valid_basis=true max_uv_excess=0.0 widest=1.0 vertices=24 derivatives=true
CEILING MAPPING: mesh=city_foundations_site_far_n_base0_Foundation_3_7 valid_basis=true max_uv_excess=0.0 widest=1.0 vertices=12 derivatives=true
CEILING MAPPING: mesh=city_foundations_site_far_n_base0_Foundation_3_8 valid_basis=true max_uv_excess=0.0 widest=1.0 vertices=44 derivatives=true
CEILING MAPPING: mesh=city_foundations_site_far_n_base0_Foundation_3_9 valid_basis=true max_uv_excess=0.0 widest=1.0 vertices=4 derivatives=true
CEILING MAPPING: mesh=city_foundations_site_far_n_base0_Foundation_3_10 valid_basis=true max_uv_excess=0.0 widest=1.0 vertices=4 derivatives=true
CEILING MAPPING: mesh=city_foundations_site_far_n_base0_Foundation_3_11 valid_basis=true max_uv_excess=0.0 widest=1.0 vertices=4 derivatives=true
CEILING MAPPING: mesh=city_foundations_site_far_n_base0_Foundation_3_12 valid_basis=true max_uv_excess=0.0 widest=1.0 vertices=4 derivatives=true
CEILING MAPPING: mesh=city_foundations_site_far_n_base0_Foundation_3_13 valid_basis=true max_uv_excess=0.0 widest=1.0 vertices=4 derivatives=true
CEILING MAPPING: mesh=city_foundations_site_far_n_base0_Foundation_3_14 valid_basis=true max_uv_excess=0.00000005960464 widest=1.00000027983738 vertices=28 derivatives=true
CEILING MAPPING: mesh=city_foundations_site_far_n_base0_Foundation_3_15 valid_basis=true max_uv_excess=0.0 widest=1.0 vertices=24 derivatives=true
CEILING MAPPING: mesh=city_foundations_site_far_n_base0_Foundation_4_7 valid_basis=true max_uv_excess=0.0 widest=1.0 vertices=12 derivatives=true
CEILING MAPPING: mesh=city_foundations_site_far_n_base0_Foundation_4_8 valid_basis=true max_uv_excess=0.0 widest=1.0 vertices=44 derivatives=true
CEILING MAPPING: mesh=city_foundations_site_far_n_base0_Foundation_4_9 valid_basis=true max_uv_excess=0.0 widest=1.0 vertices=4 derivatives=true
CEILING MAPPING: mesh=city_foundations_site_far_n_base0_Foundation_4_10 valid_basis=true max_uv_excess=0.0 widest=1.0 vertices=4 derivatives=true
CEILING MAPPING: mesh=city_foundations_site_far_n_base0_Foundation_4_11 valid_basis=true max_uv_excess=0.0 widest=1.0 vertices=4 derivatives=true
CEILING MAPPING: mesh=city_foundations_site_far_n_base0_Foundation_4_12 valid_basis=true max_uv_excess=0.0 widest=1.0 vertices=4 derivatives=true
CEILING MAPPING: mesh=city_foundations_site_far_n_base0_Foundation_4_13 valid_basis=true max_uv_excess=0.0 widest=1.0 vertices=4 derivatives=true
CEILING MAPPING: mesh=city_foundations_site_far_n_base0_Foundation_4_14 valid_basis=true max_uv_excess=0.00000005960464 widest=1.00000027983738 vertices=28 derivatives=true
CEILING MAPPING: mesh=city_foundations_site_far_n_base0_Foundation_4_15 valid_basis=true max_uv_excess=0.0 widest=1.0 vertices=24 derivatives=true
CEILING MAPPING: mesh=city_foundations_site_far_n_base0_Foundation_5_7 valid_basis=true max_uv_excess=0.0 widest=1.0 vertices=12 derivatives=true
CEILING MAPPING: mesh=city_foundations_site_far_n_base0_Foundation_5_8 valid_basis=true max_uv_excess=0.0 widest=1.0 vertices=44 derivatives=true
CEILING MAPPING: mesh=city_foundations_site_far_n_base0_Foundation_5_9 valid_basis=true max_uv_excess=0.0 widest=1.0 vertices=4 derivatives=true
CEILING MAPPING: mesh=city_foundations_site_far_n_base0_Foundation_5_10 valid_basis=true max_uv_excess=0.0 widest=1.0 vertices=4 derivatives=true
CEILING MAPPING: mesh=city_foundations_site_far_n_base0_Foundation_5_11 valid_basis=true max_uv_excess=0.0 widest=1.0 vertices=4 derivatives=true
CEILING MAPPING: mesh=city_foundations_site_far_n_base0_Foundation_5_12 valid_basis=true max_uv_excess=0.0 widest=1.0 vertices=4 derivatives=true
CEILING MAPPING: mesh=city_foundations_site_far_n_base0_Foundation_5_13 valid_basis=true max_uv_excess=0.0 widest=1.0 vertices=4 derivatives=true
CEILING MAPPING: mesh=city_foundations_site_far_n_base0_Foundation_5_14 valid_basis=true max_uv_excess=0.00000005960464 widest=1.00000027983738 vertices=28 derivatives=true
CEILING MAPPING: mesh=city_foundations_site_far_n_base0_Foundation_5_15 valid_basis=true max_uv_excess=0.0 widest=1.0 vertices=24 derivatives=true
CEILING MAPPING: mesh=city_foundations_site_far_n_base0_Foundation_6_7 valid_basis=true max_uv_excess=0.0 widest=1.0 vertices=52 derivatives=true
CEILING MAPPING: mesh=city_foundations_site_far_n_base0_Foundation_6_8 valid_basis=true max_uv_excess=0.0 widest=1.0 vertices=204 derivatives=true
CEILING MAPPING: mesh=city_foundations_site_far_n_base0_Foundation_6_9 valid_basis=true max_uv_excess=0.0 widest=1.0 vertices=48 derivatives=true
CEILING MAPPING: mesh=city_foundations_site_far_n_base0_Foundation_6_10 valid_basis=true max_uv_excess=0.0 widest=1.0 vertices=48 derivatives=true
CEILING MAPPING: mesh=city_foundations_site_far_n_base0_Foundation_6_11 valid_basis=true max_uv_excess=0.0 widest=1.0 vertices=48 derivatives=true
CEILING MAPPING: mesh=city_foundations_site_far_n_base0_Foundation_6_12 valid_basis=true max_uv_excess=0.0 widest=1.0 vertices=48 derivatives=true
CEILING MAPPING: mesh=city_foundations_site_far_n_base0_Foundation_6_13 valid_basis=true max_uv_excess=0.0 widest=1.0 vertices=48 derivatives=true
CEILING MAPPING: mesh=city_foundations_site_far_n_base0_Foundation_6_14 valid_basis=true max_uv_excess=0.00000005960464 widest=1.00000027983738 vertices=144 derivatives=true
CEILING MAPPING: mesh=city_foundations_site_far_n_base0_Foundation_6_15 valid_basis=true max_uv_excess=0.0 widest=1.0 vertices=108 derivatives=true
CEILING MAPPING: mesh=city_foundations_site_far_n_base0_Foundation_-1_7 valid_basis=true max_uv_excess=0.0 widest=1.0 vertices=12 derivatives=true
CEILING MAPPING: mesh=city_foundations_site_far_n_base0_Foundation_-1_8 valid_basis=true max_uv_excess=0.0 widest=1.0 vertices=44 derivatives=true
CEILING MAPPING: mesh=city_foundations_site_far_n_base0_Foundation_-1_9 valid_basis=true max_uv_excess=0.0 widest=1.0 vertices=4 derivatives=true
CEILING MAPPING: mesh=city_foundations_site_far_n_base0_Foundation_-1_10 valid_basis=true max_uv_excess=0.0 widest=1.0 vertices=4 derivatives=true
CEILING MAPPING: mesh=city_foundations_site_far_n_base0_Foundation_-1_11 valid_basis=true max_uv_excess=0.0 widest=1.0 vertices=4 derivatives=true
CEILING MAPPING: mesh=city_foundations_site_far_n_base0_Foundation_-1_12 valid_basis=true max_uv_excess=0.0 widest=1.0 vertices=4 derivatives=true
CEILING MAPPING: mesh=city_foundations_site_far_n_base0_Foundation_-1_13 valid_basis=true max_uv_excess=0.0 widest=1.0 vertices=4 derivatives=true
CEILING MAPPING: mesh=city_foundations_site_far_n_base0_Foundation_-1_14 valid_basis=true max_uv_excess=0.00000005960464 widest=1.00000027983738 vertices=28 derivatives=true
CEILING MAPPING: mesh=city_foundations_site_far_n_base0_Foundation_-1_15 valid_basis=true max_uv_excess=0.0 widest=1.0 vertices=24 derivatives=true
CEILING MAPPING: mesh=city_foundations_site_far_n_base0_Foundation_-2_7 valid_basis=true max_uv_excess=0.0 widest=1.0 vertices=12 derivatives=true
CEILING MAPPING: mesh=city_foundations_site_far_n_base0_Foundation_-2_8 valid_basis=true max_uv_excess=0.0 widest=1.0 vertices=44 derivatives=true
CEILING MAPPING: mesh=city_foundations_site_far_n_base0_Foundation_-2_9 valid_basis=true max_uv_excess=0.0 widest=1.0 vertices=4 derivatives=true
CEILING MAPPING: mesh=city_foundations_site_far_n_base0_Foundation_-2_10 valid_basis=true max_uv_excess=0.0 widest=1.0 vertices=4 derivatives=true
CEILING MAPPING: mesh=city_foundations_site_far_n_base0_Foundation_-2_11 valid_basis=true max_uv_excess=0.0 widest=1.0 vertices=4 derivatives=true
CEILING MAPPING: mesh=city_foundations_site_far_n_base0_Foundation_-2_12 valid_basis=true max_uv_excess=0.0 widest=1.0 vertices=4 derivatives=true
CEILING MAPPING: mesh=city_foundations_site_far_n_base0_Foundation_-2_13 valid_basis=true max_uv_excess=0.0 widest=1.0 vertices=4 derivatives=true
CEILING MAPPING: mesh=city_foundations_site_far_n_base0_Foundation_-2_14 valid_basis=true max_uv_excess=0.00000005960464 widest=1.00000027983738 vertices=28 derivatives=true
CEILING MAPPING: mesh=city_foundations_site_far_n_base0_Foundation_-2_15 valid_basis=true max_uv_excess=0.0 widest=1.0 vertices=24 derivatives=true
CEILING MAPPING: mesh=city_foundations_site_far_n_base0_Foundation_-3_7 valid_basis=true max_uv_excess=0.0 widest=1.0 vertices=12 derivatives=true
CEILING MAPPING: mesh=city_foundations_site_far_n_base0_Foundation_-3_8 valid_basis=true max_uv_excess=0.0 widest=1.0 vertices=44 derivatives=true
CEILING MAPPING: mesh=city_foundations_site_far_n_base0_Foundation_-3_9 valid_basis=true max_uv_excess=0.0 widest=1.0 vertices=4 derivatives=true
CEILING MAPPING: mesh=city_foundations_site_far_n_base0_Foundation_-3_10 valid_basis=true max_uv_excess=0.0 widest=1.0 vertices=4 derivatives=true
CEILING MAPPING: mesh=city_foundations_site_far_n_base0_Foundation_-3_11 valid_basis=true max_uv_excess=0.0 widest=1.0 vertices=4 derivatives=true
CEILING MAPPING: mesh=city_foundations_site_far_n_base0_Foundation_-3_12 valid_basis=true max_uv_excess=0.0 widest=1.0 vertices=4 derivatives=true
CEILING MAPPING: mesh=city_foundations_site_far_n_base0_Foundation_-3_13 valid_basis=true max_uv_excess=0.0 widest=1.0 vertices=4 derivatives=true
CEILING MAPPING: mesh=city_foundations_site_far_n_base0_Foundation_-3_14 valid_basis=true max_uv_excess=0.00000005960464 widest=1.00000027983738 vertices=28 derivatives=true
CEILING MAPPING: mesh=city_foundations_site_far_n_base0_Foundation_-3_15 valid_basis=true max_uv_excess=0.0 widest=1.0 vertices=24 derivatives=true
CEILING MAPPING: mesh=city_foundations_site_far_n_base0_Foundation_-4_7 valid_basis=true max_uv_excess=0.0 widest=1.0 vertices=52 derivatives=true
CEILING MAPPING: mesh=city_foundations_site_far_n_base0_Foundation_-4_8 valid_basis=true max_uv_excess=0.0 widest=1.0 vertices=204 derivatives=true
CEILING MAPPING: mesh=city_foundations_site_far_n_base0_Foundation_-4_9 valid_basis=true max_uv_excess=0.0 widest=1.0 vertices=48 derivatives=true
CEILING MAPPING: mesh=city_foundations_site_far_n_base0_Foundation_-4_10 valid_basis=true max_uv_excess=0.0 widest=1.0 vertices=48 derivatives=true
CEILING MAPPING: mesh=city_foundations_site_far_n_base0_Foundation_-4_11 valid_basis=true max_uv_excess=0.0 widest=1.0 vertices=48 derivatives=true
CEILING MAPPING: mesh=city_foundations_site_far_n_base0_Foundation_-4_12 valid_basis=true max_uv_excess=0.0 widest=1.0 vertices=48 derivatives=true
CEILING MAPPING: mesh=city_foundations_site_far_n_base0_Foundation_-4_13 valid_basis=true max_uv_excess=0.0 widest=1.0 vertices=48 derivatives=true
CEILING MAPPING: mesh=city_foundations_site_far_n_base0_Foundation_-4_14 valid_basis=true max_uv_excess=0.00000005960464 widest=1.00000027983738 vertices=144 derivatives=true
CEILING MAPPING: mesh=city_foundations_site_far_n_base0_Foundation_-4_15 valid_basis=true max_uv_excess=0.0 widest=1.0 vertices=108 derivatives=true
CEILING MAPPING: mesh=city_foundations_site_far_ne_base0_Foundation_-11_6 valid_basis=true max_uv_excess=0.0 widest=1.0 vertices=52 derivatives=true
CEILING MAPPING: mesh=city_foundations_site_far_ne_base0_Foundation_-11_7 valid_basis=true max_uv_excess=0.0 widest=1.0 vertices=12 derivatives=true
CEILING MAPPING: mesh=city_foundations_site_far_ne_base0_Foundation_-11_8 valid_basis=true max_uv_excess=0.0 widest=1.0 vertices=12 derivatives=true
CEILING MAPPING: mesh=city_foundations_site_far_ne_base0_Foundation_-11_9 valid_basis=true max_uv_excess=0.0 widest=1.0 vertices=12 derivatives=true
CEILING MAPPING: mesh=city_foundations_site_far_ne_base0_Foundation_-11_10 valid_basis=true max_uv_excess=0.0 widest=1.0 vertices=12 derivatives=true
CEILING MAPPING: mesh=city_foundations_site_far_ne_base0_Foundation_-11_11 valid_basis=true max_uv_excess=0.0 widest=1.0 vertices=12 derivatives=true
CEILING MAPPING: mesh=city_foundations_site_far_ne_base0_Foundation_-11_12 valid_basis=true max_uv_excess=0.0 widest=1.0 vertices=12 derivatives=true
CEILING MAPPING: mesh=city_foundations_site_far_ne_base0_Foundation_-11_13 valid_basis=true max_uv_excess=0.0 widest=1.0 vertices=52 derivatives=true
CEILING MAPPING: mesh=city_foundations_site_far_ne_base0_Foundation_-12_6 valid_basis=true max_uv_excess=0.0 widest=1.0 vertices=204 derivatives=true
CEILING MAPPING: mesh=city_foundations_site_far_ne_base0_Foundation_-12_7 valid_basis=true max_uv_excess=0.0 widest=1.0 vertices=44 derivatives=true
CEILING MAPPING: mesh=city_foundations_site_far_ne_base0_Foundation_-12_8 valid_basis=true max_uv_excess=0.0 widest=1.0 vertices=44 derivatives=true
CEILING MAPPING: mesh=city_foundations_site_far_ne_base0_Foundation_-12_9 valid_basis=true max_uv_excess=0.0 widest=1.0 vertices=44 derivatives=true
CEILING MAPPING: mesh=city_foundations_site_far_ne_base0_Foundation_-12_10 valid_basis=true max_uv_excess=0.0 widest=1.0 vertices=44 derivatives=true
CEILING MAPPING: mesh=city_foundations_site_far_ne_base0_Foundation_-12_11 valid_basis=true max_uv_excess=0.0 widest=1.0 vertices=44 derivatives=true
CEILING MAPPING: mesh=city_foundations_site_far_ne_base0_Foundation_-12_12 valid_basis=true max_uv_excess=0.0 widest=1.0 vertices=44 derivatives=true
CEILING MAPPING: mesh=city_foundations_site_far_ne_base0_Foundation_-12_13 valid_basis=true max_uv_excess=0.0 widest=1.0 vertices=204 derivatives=true
CEILING MAPPING: mesh=city_foundations_site_far_ne_base0_Foundation_-13_6 valid_basis=true max_uv_excess=0.0 widest=1.0 vertices=48 derivatives=true
CEILING MAPPING: mesh=city_foundations_site_far_ne_base0_Foundation_-13_7 valid_basis=true max_uv_excess=0.0 widest=1.0 vertices=4 derivatives=true
CEILING MAPPING: mesh=city_foundations_site_far_ne_base0_Foundation_-13_8 valid_basis=true max_uv_excess=0.0 widest=1.0 vertices=4 derivatives=true
CEILING MAPPING: mesh=city_foundations_site_far_ne_base0_Foundation_-13_9 valid_basis=true max_uv_excess=0.0 widest=1.0 vertices=4 derivatives=true
CEILING MAPPING: mesh=city_foundations_site_far_ne_base0_Foundation_-13_10 valid_basis=true max_uv_excess=0.0 widest=1.0 vertices=4 derivatives=true
CEILING MAPPING: mesh=city_foundations_site_far_ne_base0_Foundation_-13_11 valid_basis=true max_uv_excess=0.0 widest=1.0 vertices=4 derivatives=true
CEILING MAPPING: mesh=city_foundations_site_far_ne_base0_Foundation_-13_12 valid_basis=true max_uv_excess=0.0 widest=1.0 vertices=4 derivatives=true
CEILING MAPPING: mesh=city_foundations_site_far_ne_base0_Foundation_-13_13 valid_basis=true max_uv_excess=0.0 widest=1.0 vertices=48 derivatives=true
CEILING MAPPING: mesh=city_foundations_site_far_ne_base0_Foundation_-14_6 valid_basis=true max_uv_excess=0.0 widest=1.0 vertices=48 derivatives=true
CEILING MAPPING: mesh=city_foundations_site_far_ne_base0_Foundation_-14_7 valid_basis=true max_uv_excess=0.0 widest=1.0 vertices=4 derivatives=true
CEILING MAPPING: mesh=city_foundations_site_far_ne_base0_Foundation_-14_8 valid_basis=true max_uv_excess=0.0 widest=1.0 vertices=4 derivatives=true
CEILING MAPPING: mesh=city_foundations_site_far_ne_base0_Foundation_-14_9 valid_basis=true max_uv_excess=0.0 widest=1.0 vertices=4 derivatives=true
CEILING MAPPING: mesh=city_foundations_site_far_ne_base0_Foundation_-14_10 valid_basis=true max_uv_excess=0.0 widest=1.0 vertices=4 derivatives=true
CEILING MAPPING: mesh=city_foundations_site_far_ne_base0_Foundation_-14_11 valid_basis=true max_uv_excess=0.0 widest=1.0 vertices=4 derivatives=true
CEILING MAPPING: mesh=city_foundations_site_far_ne_base0_Foundation_-14_12 valid_basis=true max_uv_excess=0.0 widest=1.0 vertices=4 derivatives=true
CEILING MAPPING: mesh=city_foundations_site_far_ne_base0_Foundation_-14_13 valid_basis=true max_uv_excess=0.0 widest=1.0 vertices=48 derivatives=true
CEILING MAPPING: mesh=city_foundations_site_far_ne_base0_Foundation_-15_6 valid_basis=true max_uv_excess=0.0 widest=1.0 vertices=48 derivatives=true
CEILING MAPPING: mesh=city_foundations_site_far_ne_base0_Foundation_-15_7 valid_basis=true max_uv_excess=0.0 widest=1.0 vertices=4 derivatives=true
CEILING MAPPING: mesh=city_foundations_site_far_ne_base0_Foundation_-15_8 valid_basis=true max_uv_excess=0.0 widest=1.0 vertices=4 derivatives=true
CEILING MAPPING: mesh=city_foundations_site_far_ne_base0_Foundation_-15_9 valid_basis=true max_uv_excess=0.0 widest=1.0 vertices=4 derivatives=true
CEILING MAPPING: mesh=city_foundations_site_far_ne_base0_Foundation_-15_10 valid_basis=true max_uv_excess=0.0 widest=1.0 vertices=4 derivatives=true
CEILING MAPPING: mesh=city_foundations_site_far_ne_base0_Foundation_-15_11 valid_basis=true max_uv_excess=0.0 widest=1.0 vertices=4 derivatives=true
CEILING MAPPING: mesh=city_foundations_site_far_ne_base0_Foundation_-15_12 valid_basis=true max_uv_excess=0.0 widest=1.0 vertices=4 derivatives=true
CEILING MAPPING: mesh=city_foundations_site_far_ne_base0_Foundation_-15_13 valid_basis=true max_uv_excess=0.0 widest=1.0 vertices=48 derivatives=true
CEILING MAPPING: mesh=city_foundations_site_far_ne_base0_Foundation_-16_6 valid_basis=true max_uv_excess=0.0 widest=1.0 vertices=48 derivatives=true
CEILING MAPPING: mesh=city_foundations_site_far_ne_base0_Foundation_-16_7 valid_basis=true max_uv_excess=0.0 widest=1.0 vertices=4 derivatives=true
CEILING MAPPING: mesh=city_foundations_site_far_ne_base0_Foundation_-16_8 valid_basis=true max_uv_excess=0.0 widest=1.0 vertices=4 derivatives=true
CEILING MAPPING: mesh=city_foundations_site_far_ne_base0_Foundation_-16_9 valid_basis=true max_uv_excess=0.0 widest=1.0 vertices=4 derivatives=true
CEILING MAPPING: mesh=city_foundations_site_far_ne_base0_Foundation_-16_10 valid_basis=true max_uv_excess=0.0 widest=1.0 vertices=4 derivatives=true
CEILING MAPPING: mesh=city_foundations_site_far_ne_base0_Foundation_-16_11 valid_basis=true max_uv_excess=0.0 widest=1.0 vertices=4 derivatives=true
CEILING MAPPING: mesh=city_foundations_site_far_ne_base0_Foundation_-16_12 valid_basis=true max_uv_excess=0.0 widest=1.0 vertices=4 derivatives=true
CEILING MAPPING: mesh=city_foundations_site_far_ne_base0_Foundation_-16_13 valid_basis=true max_uv_excess=0.0 widest=1.0 vertices=48 derivatives=true
CEILING MAPPING: mesh=city_foundations_site_far_ne_base0_Foundation_-17_6 valid_basis=true max_uv_excess=0.0 widest=1.0 vertices=48 derivatives=true
CEILING MAPPING: mesh=city_foundations_site_far_ne_base0_Foundation_-17_7 valid_basis=true max_uv_excess=0.0 widest=1.0 vertices=4 derivatives=true
CEILING MAPPING: mesh=city_foundations_site_far_ne_base0_Foundation_-17_8 valid_basis=true max_uv_excess=0.0 widest=1.0 vertices=4 derivatives=true
CEILING MAPPING: mesh=city_foundations_site_far_ne_base0_Foundation_-17_9 valid_basis=true max_uv_excess=0.0 widest=1.0 vertices=4 derivatives=true
CEILING MAPPING: mesh=city_foundations_site_far_ne_base0_Foundation_-17_10 valid_basis=true max_uv_excess=0.0 widest=1.0 vertices=4 derivatives=true
CEILING MAPPING: mesh=city_foundations_site_far_ne_base0_Foundation_-17_11 valid_basis=true max_uv_excess=0.0 widest=1.0 vertices=4 derivatives=true
CEILING MAPPING: mesh=city_foundations_site_far_ne_base0_Foundation_-17_12 valid_basis=true max_uv_excess=0.0 widest=1.0 vertices=4 derivatives=true
CEILING MAPPING: mesh=city_foundations_site_far_ne_base0_Foundation_-17_13 valid_basis=true max_uv_excess=0.0 widest=1.0 vertices=48 derivatives=true
CEILING MAPPING: mesh=city_foundations_site_far_ne_base0_Foundation_-18_6 valid_basis=true max_uv_excess=0.0 widest=1.0 vertices=48 derivatives=true
CEILING MAPPING: mesh=city_foundations_site_far_ne_base0_Foundation_-18_7 valid_basis=true max_uv_excess=0.0 widest=1.0 vertices=4 derivatives=true
CEILING MAPPING: mesh=city_foundations_site_far_ne_base0_Foundation_-18_8 valid_basis=true max_uv_excess=0.0 widest=1.0 vertices=4 derivatives=true
CEILING MAPPING: mesh=city_foundations_site_far_ne_base0_Foundation_-18_9 valid_basis=true max_uv_excess=0.0 widest=1.0 vertices=4 derivatives=true
CEILING MAPPING: mesh=city_foundations_site_far_ne_base0_Foundation_-18_10 valid_basis=true max_uv_excess=0.0 widest=1.0 vertices=4 derivatives=true
CEILING MAPPING: mesh=city_foundations_site_far_ne_base0_Foundation_-18_11 valid_basis=true max_uv_excess=0.0 widest=1.0 vertices=4 derivatives=true
CEILING MAPPING: mesh=city_foundations_site_far_ne_base0_Foundation_-18_12 valid_basis=true max_uv_excess=0.0 widest=1.0 vertices=4 derivatives=true
CEILING MAPPING: mesh=city_foundations_site_far_ne_base0_Foundation_-18_13 valid_basis=true max_uv_excess=0.0 widest=1.0 vertices=48 derivatives=true
CEILING MAPPING: mesh=city_foundations_site_far_ne_base0_Foundation_-19_6 valid_basis=true max_uv_excess=0.0 widest=1.0 vertices=48 derivatives=true
CEILING MAPPING: mesh=city_foundations_site_far_ne_base0_Foundation_-19_7 valid_basis=true max_uv_excess=0.0 widest=1.0 vertices=4 derivatives=true
CEILING MAPPING: mesh=city_foundations_site_far_ne_base0_Foundation_-19_8 valid_basis=true max_uv_excess=0.0 widest=1.0 vertices=4 derivatives=true
CEILING MAPPING: mesh=city_foundations_site_far_ne_base0_Foundation_-19_9 valid_basis=true max_uv_excess=0.0 widest=1.0 vertices=4 derivatives=true
CEILING MAPPING: mesh=city_foundations_site_far_ne_base0_Foundation_-19_10 valid_basis=true max_uv_excess=0.0 widest=1.0 vertices=4 derivatives=true
CEILING MAPPING: mesh=city_foundations_site_far_ne_base0_Foundation_-19_11 valid_basis=true max_uv_excess=0.0 widest=1.0 vertices=4 derivatives=true
CEILING MAPPING: mesh=city_foundations_site_far_ne_base0_Foundation_-19_12 valid_basis=true max_uv_excess=0.0 widest=1.0 vertices=4 derivatives=true
CEILING MAPPING: mesh=city_foundations_site_far_ne_base0_Foundation_-19_13 valid_basis=true max_uv_excess=0.0 widest=1.0 vertices=48 derivatives=true
CEILING MAPPING: mesh=city_foundations_site_far_ne_base0_Foundation_-20_6 valid_basis=true max_uv_excess=0.00000011920929 widest=1.00000008126043 vertices=220 derivatives=true
CEILING MAPPING: mesh=city_foundations_site_far_ne_base0_Foundation_-20_7 valid_basis=true max_uv_excess=0.00000011920929 widest=1.00000008126043 vertices=48 derivatives=true
CEILING MAPPING: mesh=city_foundations_site_far_ne_base0_Foundation_-20_8 valid_basis=true max_uv_excess=0.00000011920929 widest=1.00000008126043 vertices=48 derivatives=true
CEILING MAPPING: mesh=city_foundations_site_far_ne_base0_Foundation_-20_9 valid_basis=true max_uv_excess=0.00000011920929 widest=1.00000008126043 vertices=48 derivatives=true
CEILING MAPPING: mesh=city_foundations_site_far_ne_base0_Foundation_-20_10 valid_basis=true max_uv_excess=0.00000011920929 widest=1.00000008126043 vertices=48 derivatives=true
CEILING MAPPING: mesh=city_foundations_site_far_ne_base0_Foundation_-20_11 valid_basis=true max_uv_excess=0.00000011920929 widest=1.00000008126043 vertices=48 derivatives=true
CEILING MAPPING: mesh=city_foundations_site_far_ne_base0_Foundation_-20_12 valid_basis=true max_uv_excess=0.00000011920929 widest=1.00000008126043 vertices=48 derivatives=true
CEILING MAPPING: mesh=city_foundations_site_far_ne_base0_Foundation_-20_13 valid_basis=true max_uv_excess=0.00000011920929 widest=1.00000008126043 vertices=220 derivatives=true
CEILING MAPPING: mesh=city_foundations_site_far_nw_base0_Foundation_15_6 valid_basis=true max_uv_excess=0.0 widest=1.0 vertices=16 derivatives=true
CEILING MAPPING: mesh=city_foundations_site_far_nw_base0_Foundation_15_7 valid_basis=true max_uv_excess=0.0 widest=1.0 vertices=48 derivatives=true
CEILING MAPPING: mesh=city_foundations_site_far_nw_base0_Foundation_15_8 valid_basis=true max_uv_excess=0.0 widest=1.0 vertices=12 derivatives=true
CEILING MAPPING: mesh=city_foundations_site_far_nw_base0_Foundation_15_9 valid_basis=true max_uv_excess=0.0 widest=1.0 vertices=12 derivatives=true
CEILING MAPPING: mesh=city_foundations_site_far_nw_base0_Foundation_15_10 valid_basis=true max_uv_excess=0.0 widest=1.0 vertices=12 derivatives=true
CEILING MAPPING: mesh=city_foundations_site_far_nw_base0_Foundation_15_11 valid_basis=true max_uv_excess=0.0 widest=1.0 vertices=12 derivatives=true
CEILING MAPPING: mesh=city_foundations_site_far_nw_base0_Foundation_15_12 valid_basis=true max_uv_excess=0.0 widest=1.0 vertices=12 derivatives=true
CEILING MAPPING: mesh=city_foundations_site_far_nw_base0_Foundation_15_13 valid_basis=true max_uv_excess=0.0 widest=1.0 vertices=36 derivatives=true
CEILING MAPPING: mesh=city_foundations_site_far_nw_base0_Foundation_15_14 valid_basis=true max_uv_excess=0.0 widest=1.0 vertices=28 derivatives=true
CEILING MAPPING: mesh=city_foundations_site_far_nw_base0_Foundation_16_6 valid_basis=true max_uv_excess=0.0 widest=1.0 vertices=48 derivatives=true
CEILING MAPPING: mesh=city_foundations_site_far_nw_base0_Foundation_16_7 valid_basis=true max_uv_excess=0.0 widest=1.0 vertices=188 derivatives=true
CEILING MAPPING: mesh=city_foundations_site_far_nw_base0_Foundation_16_8 valid_basis=true max_uv_excess=0.0 widest=1.0 vertices=44 derivatives=true
CEILING MAPPING: mesh=city_foundations_site_far_nw_base0_Foundation_16_9 valid_basis=true max_uv_excess=0.0 widest=1.0 vertices=44 derivatives=true
CEILING MAPPING: mesh=city_foundations_site_far_nw_base0_Foundation_16_10 valid_basis=true max_uv_excess=0.0 widest=1.0 vertices=44 derivatives=true
CEILING MAPPING: mesh=city_foundations_site_far_nw_base0_Foundation_16_11 valid_basis=true max_uv_excess=0.0 widest=1.0 vertices=44 derivatives=true
CEILING MAPPING: mesh=city_foundations_site_far_nw_base0_Foundation_16_12 valid_basis=true max_uv_excess=0.0 widest=1.0 vertices=44 derivatives=true
CEILING MAPPING: mesh=city_foundations_site_far_nw_base0_Foundation_16_13 valid_basis=true max_uv_excess=0.0 widest=1.0 vertices=132 derivatives=true
CEILING MAPPING: mesh=city_foundations_site_far_nw_base0_Foundation_16_14 valid_basis=true max_uv_excess=0.0 widest=1.0 vertices=100 derivatives=true
CEILING MAPPING: mesh=city_foundations_site_far_nw_base0_Foundation_17_6 valid_basis=true max_uv_excess=0.0 widest=1.0 vertices=12 derivatives=true
CEILING MAPPING: mesh=city_foundations_site_far_nw_base0_Foundation_17_7 valid_basis=true max_uv_excess=0.0 widest=1.0 vertices=44 derivatives=true
CEILING MAPPING: mesh=city_foundations_site_far_nw_base0_Foundation_17_8 valid_basis=true max_uv_excess=0.0 widest=1.0 vertices=4 derivatives=true
CEILING MAPPING: mesh=city_foundations_site_far_nw_base0_Foundation_17_9 valid_basis=true max_uv_excess=0.0 widest=1.0 vertices=4 derivatives=true
CEILING MAPPING: mesh=city_foundations_site_far_nw_base0_Foundation_17_10 valid_basis=true max_uv_excess=0.0 widest=1.0 vertices=4 derivatives=true
CEILING MAPPING: mesh=city_foundations_site_far_nw_base0_Foundation_17_11 valid_basis=true max_uv_excess=0.0 widest=1.0 vertices=4 derivatives=true
CEILING MAPPING: mesh=city_foundations_site_far_nw_base0_Foundation_17_12 valid_basis=true max_uv_excess=0.0 widest=1.0 vertices=4 derivatives=true
CEILING MAPPING: mesh=city_foundations_site_far_nw_base0_Foundation_17_13 valid_basis=true max_uv_excess=0.0 widest=1.0 vertices=28 derivatives=true
CEILING MAPPING: mesh=city_foundations_site_far_nw_base0_Foundation_17_14 valid_basis=true max_uv_excess=0.0 widest=1.0 vertices=24 derivatives=true
CEILING MAPPING: mesh=city_foundations_site_far_nw_base0_Foundation_18_6 valid_basis=true max_uv_excess=0.0 widest=1.0 vertices=12 derivatives=true
CEILING MAPPING: mesh=city_foundations_site_far_nw_base0_Foundation_18_7 valid_basis=true max_uv_excess=0.0 widest=1.0 vertices=44 derivatives=true
CEILING MAPPING: mesh=city_foundations_site_far_nw_base0_Foundation_18_8 valid_basis=true max_uv_excess=0.0 widest=1.0 vertices=4 derivatives=true
CEILING MAPPING: mesh=city_foundations_site_far_nw_base0_Foundation_18_9 valid_basis=true max_uv_excess=0.0 widest=1.0 vertices=4 derivatives=true
CEILING MAPPING: mesh=city_foundations_site_far_nw_base0_Foundation_18_10 valid_basis=true max_uv_excess=0.0 widest=1.0 vertices=4 derivatives=true
CEILING MAPPING: mesh=city_foundations_site_far_nw_base0_Foundation_18_11 valid_basis=true max_uv_excess=0.0 widest=1.0 vertices=4 derivatives=true
CEILING MAPPING: mesh=city_foundations_site_far_nw_base0_Foundation_18_12 valid_basis=true max_uv_excess=0.0 widest=1.0 vertices=4 derivatives=true
CEILING MAPPING: mesh=city_foundations_site_far_nw_base0_Foundation_18_13 valid_basis=true max_uv_excess=0.0 widest=1.0 vertices=28 derivatives=true
CEILING MAPPING: mesh=city_foundations_site_far_nw_base0_Foundation_18_14 valid_basis=true max_uv_excess=0.0 widest=1.0 vertices=24 derivatives=true
CEILING MAPPING: mesh=city_foundations_site_far_nw_base0_Foundation_19_6 valid_basis=true max_uv_excess=0.0 widest=1.0 vertices=12 derivatives=true
CEILING MAPPING: mesh=city_foundations_site_far_nw_base0_Foundation_19_7 valid_basis=true max_uv_excess=0.0 widest=1.0 vertices=44 derivatives=true
CEILING MAPPING: mesh=city_foundations_site_far_nw_base0_Foundation_19_8 valid_basis=true max_uv_excess=0.0 widest=1.0 vertices=4 derivatives=true
CEILING MAPPING: mesh=city_foundations_site_far_nw_base0_Foundation_19_9 valid_basis=true max_uv_excess=0.0 widest=1.0 vertices=4 derivatives=true
CEILING MAPPING: mesh=city_foundations_site_far_nw_base0_Foundation_19_10 valid_basis=true max_uv_excess=0.0 widest=1.0 vertices=4 derivatives=true
CEILING MAPPING: mesh=city_foundations_site_far_nw_base0_Foundation_19_11 valid_basis=true max_uv_excess=0.0 widest=1.0 vertices=4 derivatives=true
CEILING MAPPING: mesh=city_foundations_site_far_nw_base0_Foundation_19_12 valid_basis=true max_uv_excess=0.0 widest=1.0 vertices=4 derivatives=true
CEILING MAPPING: mesh=city_foundations_site_far_nw_base0_Foundation_19_13 valid_basis=true max_uv_excess=0.0 widest=1.0 vertices=28 derivatives=true
CEILING MAPPING: mesh=city_foundations_site_far_nw_base0_Foundation_19_14 valid_basis=true max_uv_excess=0.0 widest=1.0 vertices=24 derivatives=true
CEILING MAPPING: mesh=city_foundations_site_far_nw_base0_Foundation_20_6 valid_basis=true max_uv_excess=0.0 widest=1.0 vertices=12 derivatives=true
CEILING MAPPING: mesh=city_foundations_site_far_nw_base0_Foundation_20_7 valid_basis=true max_uv_excess=0.0 widest=1.0 vertices=44 derivatives=true
CEILING MAPPING: mesh=city_foundations_site_far_nw_base0_Foundation_20_8 valid_basis=true max_uv_excess=0.0 widest=1.0 vertices=4 derivatives=true
CEILING MAPPING: mesh=city_foundations_site_far_nw_base0_Foundation_20_9 valid_basis=true max_uv_excess=0.0 widest=1.0 vertices=4 derivatives=true
CEILING MAPPING: mesh=city_foundations_site_far_nw_base0_Foundation_20_10 valid_basis=true max_uv_excess=0.0 widest=1.0 vertices=4 derivatives=true
CEILING MAPPING: mesh=city_foundations_site_far_nw_base0_Foundation_20_11 valid_basis=true max_uv_excess=0.0 widest=1.0 vertices=4 derivatives=true
CEILING MAPPING: mesh=city_foundations_site_far_nw_base0_Foundation_20_12 valid_basis=true max_uv_excess=0.0 widest=1.0 vertices=4 derivatives=true
CEILING MAPPING: mesh=city_foundations_site_far_nw_base0_Foundation_20_13 valid_basis=true max_uv_excess=0.0 widest=1.0 vertices=28 derivatives=true
CEILING MAPPING: mesh=city_foundations_site_far_nw_base0_Foundation_20_14 valid_basis=true max_uv_excess=0.0 widest=1.0 vertices=24 derivatives=true
CEILING MAPPING: mesh=city_foundations_site_far_nw_base0_Foundation_21_6 valid_basis=true max_uv_excess=0.0 widest=1.0 vertices=12 derivatives=true
CEILING MAPPING: mesh=city_foundations_site_far_nw_base0_Foundation_21_7 valid_basis=true max_uv_excess=0.0 widest=1.0 vertices=44 derivatives=true
CEILING MAPPING: mesh=city_foundations_site_far_nw_base0_Foundation_21_8 valid_basis=true max_uv_excess=0.0 widest=1.0 vertices=4 derivatives=true
CEILING MAPPING: mesh=city_foundations_site_far_nw_base0_Foundation_21_9 valid_basis=true max_uv_excess=0.0 widest=1.0 vertices=4 derivatives=true
CEILING MAPPING: mesh=city_foundations_site_far_nw_base0_Foundation_21_10 valid_basis=true max_uv_excess=0.0 widest=1.0 vertices=4 derivatives=true
CEILING MAPPING: mesh=city_foundations_site_far_nw_base0_Foundation_21_11 valid_basis=true max_uv_excess=0.0 widest=1.0 vertices=4 derivatives=true
CEILING MAPPING: mesh=city_foundations_site_far_nw_base0_Foundation_21_12 valid_basis=true max_uv_excess=0.0 widest=1.0 vertices=4 derivatives=true
CEILING MAPPING: mesh=city_foundations_site_far_nw_base0_Foundation_21_13 valid_basis=true max_uv_excess=0.0 widest=1.0 vertices=28 derivatives=true
CEILING MAPPING: mesh=city_foundations_site_far_nw_base0_Foundation_21_14 valid_basis=true max_uv_excess=0.0 widest=1.0 vertices=24 derivatives=true
CEILING MAPPING: mesh=city_foundations_site_far_nw_base0_Foundation_22_6 valid_basis=true max_uv_excess=0.0 widest=1.0 vertices=12 derivatives=true
CEILING MAPPING: mesh=city_foundations_site_far_nw_base0_Foundation_22_7 valid_basis=true max_uv_excess=0.0 widest=1.0 vertices=44 derivatives=true
CEILING MAPPING: mesh=city_foundations_site_far_nw_base0_Foundation_22_8 valid_basis=true max_uv_excess=0.0 widest=1.0 vertices=4 derivatives=true
CEILING MAPPING: mesh=city_foundations_site_far_nw_base0_Foundation_22_9 valid_basis=true max_uv_excess=0.0 widest=1.0 vertices=4 derivatives=true
CEILING MAPPING: mesh=city_foundations_site_far_nw_base0_Foundation_22_10 valid_basis=true max_uv_excess=0.0 widest=1.0 vertices=4 derivatives=true
CEILING MAPPING: mesh=city_foundations_site_far_nw_base0_Foundation_22_11 valid_basis=true max_uv_excess=0.0 widest=1.0 vertices=4 derivatives=true
CEILING MAPPING: mesh=city_foundations_site_far_nw_base0_Foundation_22_12 valid_basis=true max_uv_excess=0.0 widest=1.0 vertices=4 derivatives=true
CEILING MAPPING: mesh=city_foundations_site_far_nw_base0_Foundation_22_13 valid_basis=true max_uv_excess=0.0 widest=1.0 vertices=28 derivatives=true
CEILING MAPPING: mesh=city_foundations_site_far_nw_base0_Foundation_22_14 valid_basis=true max_uv_excess=0.0 widest=1.0 vertices=24 derivatives=true
CEILING MAPPING: mesh=city_foundations_site_far_nw_base0_Foundation_23_6 valid_basis=true max_uv_excess=0.0 widest=1.0 vertices=48 derivatives=true
CEILING MAPPING: mesh=city_foundations_site_far_nw_base0_Foundation_23_7 valid_basis=true max_uv_excess=0.0 widest=1.0 vertices=188 derivatives=true
CEILING MAPPING: mesh=city_foundations_site_far_nw_base0_Foundation_23_8 valid_basis=true max_uv_excess=0.0 widest=1.0 vertices=44 derivatives=true
CEILING MAPPING: mesh=city_foundations_site_far_nw_base0_Foundation_23_9 valid_basis=true max_uv_excess=0.0 widest=1.0 vertices=44 derivatives=true
CEILING MAPPING: mesh=city_foundations_site_far_nw_base0_Foundation_23_10 valid_basis=true max_uv_excess=0.0 widest=1.0 vertices=44 derivatives=true
CEILING MAPPING: mesh=city_foundations_site_far_nw_base0_Foundation_23_11 valid_basis=true max_uv_excess=0.0 widest=1.0 vertices=44 derivatives=true
CEILING MAPPING: mesh=city_foundations_site_far_nw_base0_Foundation_23_12 valid_basis=true max_uv_excess=0.0 widest=1.0 vertices=44 derivatives=true
CEILING MAPPING: mesh=city_foundations_site_far_nw_base0_Foundation_23_13 valid_basis=true max_uv_excess=0.0 widest=1.0 vertices=132 derivatives=true
CEILING MAPPING: mesh=city_foundations_site_far_nw_base0_Foundation_23_14 valid_basis=true max_uv_excess=0.0 widest=1.0 vertices=100 derivatives=true
CEILING MAPPING: mesh=city_foundations_site_far_nw_base0_Foundation_24_6 valid_basis=true max_uv_excess=0.0 widest=1.0 vertices=16 derivatives=true
CEILING MAPPING: mesh=city_foundations_site_far_nw_base0_Foundation_24_7 valid_basis=true max_uv_excess=0.0 widest=1.0 vertices=48 derivatives=true
CEILING MAPPING: mesh=city_foundations_site_far_nw_base0_Foundation_24_8 valid_basis=true max_uv_excess=0.0 widest=1.0 vertices=12 derivatives=true
CEILING MAPPING: mesh=city_foundations_site_far_nw_base0_Foundation_24_9 valid_basis=true max_uv_excess=0.0 widest=1.0 vertices=12 derivatives=true
CEILING MAPPING: mesh=city_foundations_site_far_nw_base0_Foundation_24_10 valid_basis=true max_uv_excess=0.0 widest=1.0 vertices=12 derivatives=true
CEILING MAPPING: mesh=city_foundations_site_far_nw_base0_Foundation_24_11 valid_basis=true max_uv_excess=0.0 widest=1.0 vertices=12 derivatives=true
CEILING MAPPING: mesh=city_foundations_site_far_nw_base0_Foundation_24_12 valid_basis=true max_uv_excess=0.0 widest=1.0 vertices=12 derivatives=true
CEILING MAPPING: mesh=city_foundations_site_far_nw_base0_Foundation_24_13 valid_basis=true max_uv_excess=0.0 widest=1.0 vertices=36 derivatives=true
CEILING MAPPING: mesh=city_foundations_site_far_nw_base0_Foundation_24_14 valid_basis=true max_uv_excess=0.0 widest=1.0 vertices=28 derivatives=true
CEILING MAPPING: mesh=city_foundations_site_far_s_base0_Foundation_0_-18 valid_basis=true max_uv_excess=0.0 widest=1.0 vertices=24 derivatives=true
CEILING MAPPING: mesh=city_foundations_site_far_s_base0_Foundation_0_-19 valid_basis=true max_uv_excess=0.0 widest=1.0 vertices=28 derivatives=true
CEILING MAPPING: mesh=city_foundations_site_far_s_base0_Foundation_0_-20 valid_basis=true max_uv_excess=0.0 widest=1.0 vertices=4 derivatives=true
CEILING MAPPING: mesh=city_foundations_site_far_s_base0_Foundation_0_-21 valid_basis=true max_uv_excess=0.0 widest=1.0 vertices=4 derivatives=true
CEILING MAPPING: mesh=city_foundations_site_far_s_base0_Foundation_0_-22 valid_basis=true max_uv_excess=0.0 widest=1.0 vertices=4 derivatives=true
CEILING MAPPING: mesh=city_foundations_site_far_s_base0_Foundation_0_-23 valid_basis=true max_uv_excess=0.0 widest=1.0 vertices=4 derivatives=true
CEILING MAPPING: mesh=city_foundations_site_far_s_base0_Foundation_0_-24 valid_basis=true max_uv_excess=0.0 widest=1.0 vertices=4 derivatives=true
CEILING MAPPING: mesh=city_foundations_site_far_s_base0_Foundation_0_-25 valid_basis=true max_uv_excess=0.0 widest=1.0 vertices=4 derivatives=true
CEILING MAPPING: mesh=city_foundations_site_far_s_base0_Foundation_0_-26 valid_basis=true max_uv_excess=0.0 widest=1.0 vertices=44 derivatives=true
CEILING MAPPING: mesh=city_foundations_site_far_s_base0_Foundation_0_-27 valid_basis=true max_uv_excess=0.0 widest=1.0 vertices=12 derivatives=true
CEILING MAPPING: mesh=city_foundations_site_far_s_base0_Foundation_1_-18 valid_basis=true max_uv_excess=0.0 widest=1.0 vertices=24 derivatives=true
CEILING MAPPING: mesh=city_foundations_site_far_s_base0_Foundation_1_-19 valid_basis=true max_uv_excess=0.0 widest=1.0 vertices=28 derivatives=true
CEILING MAPPING: mesh=city_foundations_site_far_s_base0_Foundation_1_-20 valid_basis=true max_uv_excess=0.0 widest=1.0 vertices=4 derivatives=true
CEILING MAPPING: mesh=city_foundations_site_far_s_base0_Foundation_1_-21 valid_basis=true max_uv_excess=0.0 widest=1.0 vertices=4 derivatives=true
CEILING MAPPING: mesh=city_foundations_site_far_s_base0_Foundation_1_-22 valid_basis=true max_uv_excess=0.0 widest=1.0 vertices=4 derivatives=true
CEILING MAPPING: mesh=city_foundations_site_far_s_base0_Foundation_1_-23 valid_basis=true max_uv_excess=0.0 widest=1.0 vertices=4 derivatives=true
CEILING MAPPING: mesh=city_foundations_site_far_s_base0_Foundation_1_-24 valid_basis=true max_uv_excess=0.0 widest=1.0 vertices=4 derivatives=true
CEILING MAPPING: mesh=city_foundations_site_far_s_base0_Foundation_1_-25 valid_basis=true max_uv_excess=0.0 widest=1.0 vertices=4 derivatives=true
CEILING MAPPING: mesh=city_foundations_site_far_s_base0_Foundation_1_-26 valid_basis=true max_uv_excess=0.0 widest=1.0 vertices=44 derivatives=true
CEILING MAPPING: mesh=city_foundations_site_far_s_base0_Foundation_1_-27 valid_basis=true max_uv_excess=0.0 widest=1.0 vertices=12 derivatives=true
CEILING MAPPING: mesh=city_foundations_site_far_s_base0_Foundation_2_-18 valid_basis=true max_uv_excess=0.0 widest=1.0 vertices=24 derivatives=true
CEILING MAPPING: mesh=city_foundations_site_far_s_base0_Foundation_2_-19 valid_basis=true max_uv_excess=0.0 widest=1.0 vertices=28 derivatives=true
CEILING MAPPING: mesh=city_foundations_site_far_s_base0_Foundation_2_-20 valid_basis=true max_uv_excess=0.0 widest=1.0 vertices=4 derivatives=true
CEILING MAPPING: mesh=city_foundations_site_far_s_base0_Foundation_2_-21 valid_basis=true max_uv_excess=0.0 widest=1.0 vertices=4 derivatives=true
CEILING MAPPING: mesh=city_foundations_site_far_s_base0_Foundation_2_-22 valid_basis=true max_uv_excess=0.0 widest=1.0 vertices=4 derivatives=true
CEILING MAPPING: mesh=city_foundations_site_far_s_base0_Foundation_2_-23 valid_basis=true max_uv_excess=0.0 widest=1.0 vertices=4 derivatives=true
CEILING MAPPING: mesh=city_foundations_site_far_s_base0_Foundation_2_-24 valid_basis=true max_uv_excess=0.0 widest=1.0 vertices=4 derivatives=true
CEILING MAPPING: mesh=city_foundations_site_far_s_base0_Foundation_2_-25 valid_basis=true max_uv_excess=0.0 widest=1.0 vertices=4 derivatives=true
CEILING MAPPING: mesh=city_foundations_site_far_s_base0_Foundation_2_-26 valid_basis=true max_uv_excess=0.0 widest=1.0 vertices=44 derivatives=true
CEILING MAPPING: mesh=city_foundations_site_far_s_base0_Foundation_2_-27 valid_basis=true max_uv_excess=0.0 widest=1.0 vertices=12 derivatives=true
CEILING MAPPING: mesh=city_foundations_site_far_s_base0_Foundation_3_-18 valid_basis=true max_uv_excess=0.0 widest=1.0 vertices=24 derivatives=true
CEILING MAPPING: mesh=city_foundations_site_far_s_base0_Foundation_3_-19 valid_basis=true max_uv_excess=0.0 widest=1.0 vertices=28 derivatives=true
CEILING MAPPING: mesh=city_foundations_site_far_s_base0_Foundation_3_-20 valid_basis=true max_uv_excess=0.0 widest=1.0 vertices=4 derivatives=true
CEILING MAPPING: mesh=city_foundations_site_far_s_base0_Foundation_3_-21 valid_basis=true max_uv_excess=0.0 widest=1.0 vertices=4 derivatives=true
CEILING MAPPING: mesh=city_foundations_site_far_s_base0_Foundation_3_-22 valid_basis=true max_uv_excess=0.0 widest=1.0 vertices=4 derivatives=true
CEILING MAPPING: mesh=city_foundations_site_far_s_base0_Foundation_3_-23 valid_basis=true max_uv_excess=0.0 widest=1.0 vertices=4 derivatives=true
CEILING MAPPING: mesh=city_foundations_site_far_s_base0_Foundation_3_-24 valid_basis=true max_uv_excess=0.0 widest=1.0 vertices=4 derivatives=true
CEILING MAPPING: mesh=city_foundations_site_far_s_base0_Foundation_3_-25 valid_basis=true max_uv_excess=0.0 widest=1.0 vertices=4 derivatives=true
CEILING MAPPING: mesh=city_foundations_site_far_s_base0_Foundation_3_-26 valid_basis=true max_uv_excess=0.0 widest=1.0 vertices=44 derivatives=true
CEILING MAPPING: mesh=city_foundations_site_far_s_base0_Foundation_3_-27 valid_basis=true max_uv_excess=0.0 widest=1.0 vertices=12 derivatives=true
CEILING MAPPING: mesh=city_foundations_site_far_s_base0_Foundation_4_-18 valid_basis=true max_uv_excess=0.00000005960464 widest=1.0000001702988 vertices=108 derivatives=true
CEILING MAPPING: mesh=city_foundations_site_far_s_base0_Foundation_4_-19 valid_basis=true max_uv_excess=0.00000005960464 widest=1.0000001702988 vertices=144 derivatives=true
CEILING MAPPING: mesh=city_foundations_site_far_s_base0_Foundation_4_-20 valid_basis=true max_uv_excess=0.00000005960464 widest=1.0000001702988 vertices=48 derivatives=true
CEILING MAPPING: mesh=city_foundations_site_far_s_base0_Foundation_4_-21 valid_basis=true max_uv_excess=0.00000005960464 widest=1.0000001702988 vertices=48 derivatives=true
CEILING MAPPING: mesh=city_foundations_site_far_s_base0_Foundation_4_-22 valid_basis=true max_uv_excess=0.00000005960464 widest=1.0000001702988 vertices=48 derivatives=true
CEILING MAPPING: mesh=city_foundations_site_far_s_base0_Foundation_4_-23 valid_basis=true max_uv_excess=0.00000005960464 widest=1.0000001702988 vertices=48 derivatives=true
CEILING MAPPING: mesh=city_foundations_site_far_s_base0_Foundation_4_-24 valid_basis=true max_uv_excess=0.00000005960464 widest=1.0000001702988 vertices=48 derivatives=true
CEILING MAPPING: mesh=city_foundations_site_far_s_base0_Foundation_4_-25 valid_basis=true max_uv_excess=0.00000005960464 widest=1.0000001702988 vertices=48 derivatives=true
CEILING MAPPING: mesh=city_foundations_site_far_s_base0_Foundation_4_-26 valid_basis=true max_uv_excess=0.00000005960464 widest=1.0000001702988 vertices=204 derivatives=true
CEILING MAPPING: mesh=city_foundations_site_far_s_base0_Foundation_4_-27 valid_basis=true max_uv_excess=0.00000005960464 widest=1.0000001702988 vertices=52 derivatives=true
CEILING MAPPING: mesh=city_foundations_site_far_s_base0_Foundation_-1_-18 valid_basis=true max_uv_excess=0.0 widest=1.0 vertices=24 derivatives=true
CEILING MAPPING: mesh=city_foundations_site_far_s_base0_Foundation_-1_-19 valid_basis=true max_uv_excess=0.0 widest=1.0 vertices=28 derivatives=true
CEILING MAPPING: mesh=city_foundations_site_far_s_base0_Foundation_-1_-20 valid_basis=true max_uv_excess=0.0 widest=1.0 vertices=4 derivatives=true
CEILING MAPPING: mesh=city_foundations_site_far_s_base0_Foundation_-1_-21 valid_basis=true max_uv_excess=0.0 widest=1.0 vertices=4 derivatives=true
CEILING MAPPING: mesh=city_foundations_site_far_s_base0_Foundation_-1_-22 valid_basis=true max_uv_excess=0.0 widest=1.0 vertices=4 derivatives=true
CEILING MAPPING: mesh=city_foundations_site_far_s_base0_Foundation_-1_-23 valid_basis=true max_uv_excess=0.0 widest=1.0 vertices=4 derivatives=true
CEILING MAPPING: mesh=city_foundations_site_far_s_base0_Foundation_-1_-24 valid_basis=true max_uv_excess=0.0 widest=1.0 vertices=4 derivatives=true
CEILING MAPPING: mesh=city_foundations_site_far_s_base0_Foundation_-1_-25 valid_basis=true max_uv_excess=0.0 widest=1.0 vertices=4 derivatives=true
CEILING MAPPING: mesh=city_foundations_site_far_s_base0_Foundation_-1_-26 valid_basis=true max_uv_excess=0.0 widest=1.0 vertices=44 derivatives=true
CEILING MAPPING: mesh=city_foundations_site_far_s_base0_Foundation_-1_-27 valid_basis=true max_uv_excess=0.0 widest=1.0 vertices=12 derivatives=true
CEILING MAPPING: mesh=city_foundations_site_far_s_base0_Foundation_-2_-18 valid_basis=true max_uv_excess=0.0 widest=1.0 vertices=24 derivatives=true
CEILING MAPPING: mesh=city_foundations_site_far_s_base0_Foundation_-2_-19 valid_basis=true max_uv_excess=0.0 widest=1.0 vertices=28 derivatives=true
CEILING MAPPING: mesh=city_foundations_site_far_s_base0_Foundation_-2_-20 valid_basis=true max_uv_excess=0.0 widest=1.0 vertices=4 derivatives=true
CEILING MAPPING: mesh=city_foundations_site_far_s_base0_Foundation_-2_-21 valid_basis=true max_uv_excess=0.0 widest=1.0 vertices=4 derivatives=true
CEILING MAPPING: mesh=city_foundations_site_far_s_base0_Foundation_-2_-22 valid_basis=true max_uv_excess=0.0 widest=1.0 vertices=4 derivatives=true
CEILING MAPPING: mesh=city_foundations_site_far_s_base0_Foundation_-2_-23 valid_basis=true max_uv_excess=0.0 widest=1.0 vertices=4 derivatives=true
CEILING MAPPING: mesh=city_foundations_site_far_s_base0_Foundation_-2_-24 valid_basis=true max_uv_excess=0.0 widest=1.0 vertices=4 derivatives=true
CEILING MAPPING: mesh=city_foundations_site_far_s_base0_Foundation_-2_-25 valid_basis=true max_uv_excess=0.0 widest=1.0 vertices=4 derivatives=true
CEILING MAPPING: mesh=city_foundations_site_far_s_base0_Foundation_-2_-26 valid_basis=true max_uv_excess=0.0 widest=1.0 vertices=44 derivatives=true
CEILING MAPPING: mesh=city_foundations_site_far_s_base0_Foundation_-2_-27 valid_basis=true max_uv_excess=0.0 widest=1.0 vertices=12 derivatives=true
CEILING MAPPING: mesh=city_foundations_site_far_s_base0_Foundation_-3_-18 valid_basis=true max_uv_excess=0.0 widest=1.0 vertices=24 derivatives=true
CEILING MAPPING: mesh=city_foundations_site_far_s_base0_Foundation_-3_-19 valid_basis=true max_uv_excess=0.0 widest=1.0 vertices=28 derivatives=true
CEILING MAPPING: mesh=city_foundations_site_far_s_base0_Foundation_-3_-20 valid_basis=true max_uv_excess=0.0 widest=1.0 vertices=4 derivatives=true
CEILING MAPPING: mesh=city_foundations_site_far_s_base0_Foundation_-3_-21 valid_basis=true max_uv_excess=0.0 widest=1.0 vertices=4 derivatives=true
CEILING MAPPING: mesh=city_foundations_site_far_s_base0_Foundation_-3_-22 valid_basis=true max_uv_excess=0.0 widest=1.0 vertices=4 derivatives=true
CEILING MAPPING: mesh=city_foundations_site_far_s_base0_Foundation_-3_-23 valid_basis=true max_uv_excess=0.0 widest=1.0 vertices=4 derivatives=true
CEILING MAPPING: mesh=city_foundations_site_far_s_base0_Foundation_-3_-24 valid_basis=true max_uv_excess=0.0 widest=1.0 vertices=4 derivatives=true
CEILING MAPPING: mesh=city_foundations_site_far_s_base0_Foundation_-3_-25 valid_basis=true max_uv_excess=0.0 widest=1.0 vertices=4 derivatives=true
CEILING MAPPING: mesh=city_foundations_site_far_s_base0_Foundation_-3_-26 valid_basis=true max_uv_excess=0.0 widest=1.0 vertices=44 derivatives=true
CEILING MAPPING: mesh=city_foundations_site_far_s_base0_Foundation_-3_-27 valid_basis=true max_uv_excess=0.0 widest=1.0 vertices=12 derivatives=true
CEILING MAPPING: mesh=city_foundations_site_far_s_base0_Foundation_-4_-18 valid_basis=true max_uv_excess=0.0 widest=1.0 vertices=24 derivatives=true
CEILING MAPPING: mesh=city_foundations_site_far_s_base0_Foundation_-4_-19 valid_basis=true max_uv_excess=0.0 widest=1.0 vertices=28 derivatives=true
CEILING MAPPING: mesh=city_foundations_site_far_s_base0_Foundation_-4_-20 valid_basis=true max_uv_excess=0.0 widest=1.0 vertices=4 derivatives=true
CEILING MAPPING: mesh=city_foundations_site_far_s_base0_Foundation_-4_-21 valid_basis=true max_uv_excess=0.0 widest=1.0 vertices=4 derivatives=true
CEILING MAPPING: mesh=city_foundations_site_far_s_base0_Foundation_-4_-22 valid_basis=true max_uv_excess=0.0 widest=1.0 vertices=4 derivatives=true
CEILING MAPPING: mesh=city_foundations_site_far_s_base0_Foundation_-4_-23 valid_basis=true max_uv_excess=0.0 widest=1.0 vertices=4 derivatives=true
CEILING MAPPING: mesh=city_foundations_site_far_s_base0_Foundation_-4_-24 valid_basis=true max_uv_excess=0.0 widest=1.0 vertices=4 derivatives=true
CEILING MAPPING: mesh=city_foundations_site_far_s_base0_Foundation_-4_-25 valid_basis=true max_uv_excess=0.0 widest=1.0 vertices=4 derivatives=true
CEILING MAPPING: mesh=city_foundations_site_far_s_base0_Foundation_-4_-26 valid_basis=true max_uv_excess=0.0 widest=1.0 vertices=44 derivatives=true
CEILING MAPPING: mesh=city_foundations_site_far_s_base0_Foundation_-4_-27 valid_basis=true max_uv_excess=0.0 widest=1.0 vertices=12 derivatives=true
CEILING MAPPING: mesh=city_foundations_site_far_s_base0_Foundation_-5_-18 valid_basis=true max_uv_excess=0.0 widest=1.0 vertices=24 derivatives=true
CEILING MAPPING: mesh=city_foundations_site_far_s_base0_Foundation_-5_-19 valid_basis=true max_uv_excess=0.0 widest=1.0 vertices=28 derivatives=true
CEILING MAPPING: mesh=city_foundations_site_far_s_base0_Foundation_-5_-20 valid_basis=true max_uv_excess=0.0 widest=1.0 vertices=4 derivatives=true
CEILING MAPPING: mesh=city_foundations_site_far_s_base0_Foundation_-5_-21 valid_basis=true max_uv_excess=0.0 widest=1.0 vertices=4 derivatives=true
CEILING MAPPING: mesh=city_foundations_site_far_s_base0_Foundation_-5_-22 valid_basis=true max_uv_excess=0.0 widest=1.0 vertices=4 derivatives=true
CEILING MAPPING: mesh=city_foundations_site_far_s_base0_Foundation_-5_-23 valid_basis=true max_uv_excess=0.0 widest=1.0 vertices=4 derivatives=true
CEILING MAPPING: mesh=city_foundations_site_far_s_base0_Foundation_-5_-24 valid_basis=true max_uv_excess=0.0 widest=1.0 vertices=4 derivatives=true
CEILING MAPPING: mesh=city_foundations_site_far_s_base0_Foundation_-5_-25 valid_basis=true max_uv_excess=0.0 widest=1.0 vertices=4 derivatives=true
CEILING MAPPING: mesh=city_foundations_site_far_s_base0_Foundation_-5_-26 valid_basis=true max_uv_excess=0.0 widest=1.0 vertices=44 derivatives=true
CEILING MAPPING: mesh=city_foundations_site_far_s_base0_Foundation_-5_-27 valid_basis=true max_uv_excess=0.0 widest=1.0 vertices=12 derivatives=true
CEILING MAPPING: mesh=city_foundations_site_far_s_base0_Foundation_-6_-18 valid_basis=true max_uv_excess=0.00000023841858 widest=1.00000016181706 vertices=108 derivatives=true
CEILING MAPPING: mesh=city_foundations_site_far_s_base0_Foundation_-6_-19 valid_basis=true max_uv_excess=0.00000023841858 widest=1.00000016137688 vertices=144 derivatives=true
CEILING MAPPING: mesh=city_foundations_site_far_s_base0_Foundation_-6_-20 valid_basis=true max_uv_excess=0.00000011920929 widest=1.00000008126054 vertices=48 derivatives=true
CEILING MAPPING: mesh=city_foundations_site_far_s_base0_Foundation_-6_-21 valid_basis=true max_uv_excess=0.00000011920929 widest=1.00000008126054 vertices=48 derivatives=true
CEILING MAPPING: mesh=city_foundations_site_far_s_base0_Foundation_-6_-22 valid_basis=true max_uv_excess=0.00000011920929 widest=1.00000008126054 vertices=48 derivatives=true
CEILING MAPPING: mesh=city_foundations_site_far_s_base0_Foundation_-6_-23 valid_basis=true max_uv_excess=0.00000011920929 widest=1.00000008126054 vertices=48 derivatives=true
CEILING MAPPING: mesh=city_foundations_site_far_s_base0_Foundation_-6_-24 valid_basis=true max_uv_excess=0.00000011920929 widest=1.00000008126054 vertices=48 derivatives=true
CEILING MAPPING: mesh=city_foundations_site_far_s_base0_Foundation_-6_-25 valid_basis=true max_uv_excess=0.00000011920929 widest=1.00000008126054 vertices=48 derivatives=true
CEILING MAPPING: mesh=city_foundations_site_far_s_base0_Foundation_-6_-26 valid_basis=true max_uv_excess=0.00000023841858 widest=1.00000016137688 vertices=204 derivatives=true
CEILING MAPPING: mesh=city_foundations_site_far_s_base0_Foundation_-6_-27 valid_basis=true max_uv_excess=0.00000023841858 widest=1.0000001625028 vertices=52 derivatives=true
CEILING MAPPING: mesh=city_foundations_site_far_se_base0_Foundation_-13_-11 valid_basis=true max_uv_excess=0.0 widest=1.0 vertices=52 derivatives=true
CEILING MAPPING: mesh=city_foundations_site_far_se_base0_Foundation_-13_-12 valid_basis=true max_uv_excess=0.0 widest=1.0 vertices=12 derivatives=true
CEILING MAPPING: mesh=city_foundations_site_far_se_base0_Foundation_-13_-13 valid_basis=true max_uv_excess=0.0 widest=1.0 vertices=12 derivatives=true
CEILING MAPPING: mesh=city_foundations_site_far_se_base0_Foundation_-13_-14 valid_basis=true max_uv_excess=0.0 widest=1.0 vertices=12 derivatives=true
CEILING MAPPING: mesh=city_foundations_site_far_se_base0_Foundation_-13_-15 valid_basis=true max_uv_excess=0.0 widest=1.0 vertices=12 derivatives=true
CEILING MAPPING: mesh=city_foundations_site_far_se_base0_Foundation_-13_-16 valid_basis=true max_uv_excess=0.0 widest=1.0 vertices=12 derivatives=true
CEILING MAPPING: mesh=city_foundations_site_far_se_base0_Foundation_-13_-17 valid_basis=true max_uv_excess=0.0 widest=1.0 vertices=12 derivatives=true
CEILING MAPPING: mesh=city_foundations_site_far_se_base0_Foundation_-13_-18 valid_basis=true max_uv_excess=0.0 widest=1.0 vertices=52 derivatives=true
CEILING MAPPING: mesh=city_foundations_site_far_se_base0_Foundation_-14_-11 valid_basis=true max_uv_excess=0.0 widest=1.0 vertices=204 derivatives=true
CEILING MAPPING: mesh=city_foundations_site_far_se_base0_Foundation_-14_-12 valid_basis=true max_uv_excess=0.0 widest=1.0 vertices=44 derivatives=true
CEILING MAPPING: mesh=city_foundations_site_far_se_base0_Foundation_-14_-13 valid_basis=true max_uv_excess=0.0 widest=1.0 vertices=44 derivatives=true
CEILING MAPPING: mesh=city_foundations_site_far_se_base0_Foundation_-14_-14 valid_basis=true max_uv_excess=0.0 widest=1.0 vertices=44 derivatives=true
CEILING MAPPING: mesh=city_foundations_site_far_se_base0_Foundation_-14_-15 valid_basis=true max_uv_excess=0.0 widest=1.0 vertices=44 derivatives=true
CEILING MAPPING: mesh=city_foundations_site_far_se_base0_Foundation_-14_-16 valid_basis=true max_uv_excess=0.0 widest=1.0 vertices=44 derivatives=true
CEILING MAPPING: mesh=city_foundations_site_far_se_base0_Foundation_-14_-17 valid_basis=true max_uv_excess=0.0 widest=1.0 vertices=44 derivatives=true
CEILING MAPPING: mesh=city_foundations_site_far_se_base0_Foundation_-14_-18 valid_basis=true max_uv_excess=0.0 widest=1.0 vertices=204 derivatives=true
CEILING MAPPING: mesh=city_foundations_site_far_se_base0_Foundation_-15_-11 valid_basis=true max_uv_excess=0.0 widest=1.0 vertices=48 derivatives=true
CEILING MAPPING: mesh=city_foundations_site_far_se_base0_Foundation_-15_-12 valid_basis=true max_uv_excess=0.0 widest=1.0 vertices=4 derivatives=true
CEILING MAPPING: mesh=city_foundations_site_far_se_base0_Foundation_-15_-13 valid_basis=true max_uv_excess=0.0 widest=1.0 vertices=4 derivatives=true
CEILING MAPPING: mesh=city_foundations_site_far_se_base0_Foundation_-15_-14 valid_basis=true max_uv_excess=0.0 widest=1.0 vertices=4 derivatives=true
CEILING MAPPING: mesh=city_foundations_site_far_se_base0_Foundation_-15_-15 valid_basis=true max_uv_excess=0.0 widest=1.0 vertices=4 derivatives=true
CEILING MAPPING: mesh=city_foundations_site_far_se_base0_Foundation_-15_-16 valid_basis=true max_uv_excess=0.0 widest=1.0 vertices=4 derivatives=true
CEILING MAPPING: mesh=city_foundations_site_far_se_base0_Foundation_-15_-17 valid_basis=true max_uv_excess=0.0 widest=1.0 vertices=4 derivatives=true
CEILING MAPPING: mesh=city_foundations_site_far_se_base0_Foundation_-15_-18 valid_basis=true max_uv_excess=0.0 widest=1.0 vertices=48 derivatives=true
CEILING MAPPING: mesh=city_foundations_site_far_se_base0_Foundation_-16_-11 valid_basis=true max_uv_excess=0.0 widest=1.0 vertices=48 derivatives=true
CEILING MAPPING: mesh=city_foundations_site_far_se_base0_Foundation_-16_-12 valid_basis=true max_uv_excess=0.0 widest=1.0 vertices=4 derivatives=true
CEILING MAPPING: mesh=city_foundations_site_far_se_base0_Foundation_-16_-13 valid_basis=true max_uv_excess=0.0 widest=1.0 vertices=4 derivatives=true
CEILING MAPPING: mesh=city_foundations_site_far_se_base0_Foundation_-16_-14 valid_basis=true max_uv_excess=0.0 widest=1.0 vertices=4 derivatives=true
CEILING MAPPING: mesh=city_foundations_site_far_se_base0_Foundation_-16_-15 valid_basis=true max_uv_excess=0.0 widest=1.0 vertices=4 derivatives=true
CEILING MAPPING: mesh=city_foundations_site_far_se_base0_Foundation_-16_-16 valid_basis=true max_uv_excess=0.0 widest=1.0 vertices=4 derivatives=true
CEILING MAPPING: mesh=city_foundations_site_far_se_base0_Foundation_-16_-17 valid_basis=true max_uv_excess=0.0 widest=1.0 vertices=4 derivatives=true
CEILING MAPPING: mesh=city_foundations_site_far_se_base0_Foundation_-16_-18 valid_basis=true max_uv_excess=0.0 widest=1.0 vertices=48 derivatives=true
CEILING MAPPING: mesh=city_foundations_site_far_se_base0_Foundation_-17_-11 valid_basis=true max_uv_excess=0.0 widest=1.0 vertices=48 derivatives=true
CEILING MAPPING: mesh=city_foundations_site_far_se_base0_Foundation_-17_-12 valid_basis=true max_uv_excess=0.0 widest=1.0 vertices=4 derivatives=true
CEILING MAPPING: mesh=city_foundations_site_far_se_base0_Foundation_-17_-13 valid_basis=true max_uv_excess=0.0 widest=1.0 vertices=4 derivatives=true
CEILING MAPPING: mesh=city_foundations_site_far_se_base0_Foundation_-17_-14 valid_basis=true max_uv_excess=0.0 widest=1.0 vertices=4 derivatives=true
CEILING MAPPING: mesh=city_foundations_site_far_se_base0_Foundation_-17_-15 valid_basis=true max_uv_excess=0.0 widest=1.0 vertices=4 derivatives=true
CEILING MAPPING: mesh=city_foundations_site_far_se_base0_Foundation_-17_-16 valid_basis=true max_uv_excess=0.0 widest=1.0 vertices=4 derivatives=true
CEILING MAPPING: mesh=city_foundations_site_far_se_base0_Foundation_-17_-17 valid_basis=true max_uv_excess=0.0 widest=1.0 vertices=4 derivatives=true
CEILING MAPPING: mesh=city_foundations_site_far_se_base0_Foundation_-17_-18 valid_basis=true max_uv_excess=0.0 widest=1.0 vertices=48 derivatives=true
CEILING MAPPING: mesh=city_foundations_site_far_se_base0_Foundation_-18_-11 valid_basis=true max_uv_excess=0.0 widest=1.0 vertices=48 derivatives=true
CEILING MAPPING: mesh=city_foundations_site_far_se_base0_Foundation_-18_-12 valid_basis=true max_uv_excess=0.0 widest=1.0 vertices=4 derivatives=true
CEILING MAPPING: mesh=city_foundations_site_far_se_base0_Foundation_-18_-13 valid_basis=true max_uv_excess=0.0 widest=1.0 vertices=4 derivatives=true
CEILING MAPPING: mesh=city_foundations_site_far_se_base0_Foundation_-18_-14 valid_basis=true max_uv_excess=0.0 widest=1.0 vertices=4 derivatives=true
CEILING MAPPING: mesh=city_foundations_site_far_se_base0_Foundation_-18_-15 valid_basis=true max_uv_excess=0.0 widest=1.0 vertices=4 derivatives=true
CEILING MAPPING: mesh=city_foundations_site_far_se_base0_Foundation_-18_-16 valid_basis=true max_uv_excess=0.0 widest=1.0 vertices=4 derivatives=true
CEILING MAPPING: mesh=city_foundations_site_far_se_base0_Foundation_-18_-17 valid_basis=true max_uv_excess=0.0 widest=1.0 vertices=4 derivatives=true
CEILING MAPPING: mesh=city_foundations_site_far_se_base0_Foundation_-18_-18 valid_basis=true max_uv_excess=0.0 widest=1.0 vertices=48 derivatives=true
CEILING MAPPING: mesh=city_foundations_site_far_se_base0_Foundation_-19_-11 valid_basis=true max_uv_excess=0.0 widest=1.0 vertices=48 derivatives=true
CEILING MAPPING: mesh=city_foundations_site_far_se_base0_Foundation_-19_-12 valid_basis=true max_uv_excess=0.0 widest=1.0 vertices=4 derivatives=true
CEILING MAPPING: mesh=city_foundations_site_far_se_base0_Foundation_-19_-13 valid_basis=true max_uv_excess=0.0 widest=1.0 vertices=4 derivatives=true
CEILING MAPPING: mesh=city_foundations_site_far_se_base0_Foundation_-19_-14 valid_basis=true max_uv_excess=0.0 widest=1.0 vertices=4 derivatives=true
CEILING MAPPING: mesh=city_foundations_site_far_se_base0_Foundation_-19_-15 valid_basis=true max_uv_excess=0.0 widest=1.0 vertices=4 derivatives=true
CEILING MAPPING: mesh=city_foundations_site_far_se_base0_Foundation_-19_-16 valid_basis=true max_uv_excess=0.0 widest=1.0 vertices=4 derivatives=true
CEILING MAPPING: mesh=city_foundations_site_far_se_base0_Foundation_-19_-17 valid_basis=true max_uv_excess=0.0 widest=1.0 vertices=4 derivatives=true
CEILING MAPPING: mesh=city_foundations_site_far_se_base0_Foundation_-19_-18 valid_basis=true max_uv_excess=0.0 widest=1.0 vertices=48 derivatives=true
CEILING MAPPING: mesh=city_foundations_site_far_se_base0_Foundation_-20_-11 valid_basis=true max_uv_excess=0.0 widest=1.0 vertices=48 derivatives=true
CEILING MAPPING: mesh=city_foundations_site_far_se_base0_Foundation_-20_-12 valid_basis=true max_uv_excess=0.0 widest=1.0 vertices=4 derivatives=true
CEILING MAPPING: mesh=city_foundations_site_far_se_base0_Foundation_-20_-13 valid_basis=true max_uv_excess=0.0 widest=1.0 vertices=4 derivatives=true
CEILING MAPPING: mesh=city_foundations_site_far_se_base0_Foundation_-20_-14 valid_basis=true max_uv_excess=0.0 widest=1.0 vertices=4 derivatives=true
CEILING MAPPING: mesh=city_foundations_site_far_se_base0_Foundation_-20_-15 valid_basis=true max_uv_excess=0.0 widest=1.0 vertices=4 derivatives=true
CEILING MAPPING: mesh=city_foundations_site_far_se_base0_Foundation_-20_-16 valid_basis=true max_uv_excess=0.0 widest=1.0 vertices=4 derivatives=true
CEILING MAPPING: mesh=city_foundations_site_far_se_base0_Foundation_-20_-17 valid_basis=true max_uv_excess=0.0 widest=1.0 vertices=4 derivatives=true
CEILING MAPPING: mesh=city_foundations_site_far_se_base0_Foundation_-20_-18 valid_basis=true max_uv_excess=0.0 widest=1.0 vertices=48 derivatives=true
CEILING MAPPING: mesh=city_foundations_site_far_se_base0_Foundation_-21_-11 valid_basis=true max_uv_excess=0.0 widest=1.0 vertices=48 derivatives=true
CEILING MAPPING: mesh=city_foundations_site_far_se_base0_Foundation_-21_-12 valid_basis=true max_uv_excess=0.0 widest=1.0 vertices=4 derivatives=true
CEILING MAPPING: mesh=city_foundations_site_far_se_base0_Foundation_-21_-13 valid_basis=true max_uv_excess=0.0 widest=1.0 vertices=4 derivatives=true
CEILING MAPPING: mesh=city_foundations_site_far_se_base0_Foundation_-21_-14 valid_basis=true max_uv_excess=0.0 widest=1.0 vertices=4 derivatives=true
CEILING MAPPING: mesh=city_foundations_site_far_se_base0_Foundation_-21_-15 valid_basis=true max_uv_excess=0.0 widest=1.0 vertices=4 derivatives=true
CEILING MAPPING: mesh=city_foundations_site_far_se_base0_Foundation_-21_-16 valid_basis=true max_uv_excess=0.0 widest=1.0 vertices=4 derivatives=true
CEILING MAPPING: mesh=city_foundations_site_far_se_base0_Foundation_-21_-17 valid_basis=true max_uv_excess=0.0 widest=1.0 vertices=4 derivatives=true
CEILING MAPPING: mesh=city_foundations_site_far_se_base0_Foundation_-21_-18 valid_basis=true max_uv_excess=0.0 widest=1.0 vertices=48 derivatives=true
CEILING MAPPING: mesh=city_foundations_site_far_se_base0_Foundation_-22_-11 valid_basis=true max_uv_excess=0.0 widest=1.0 vertices=220 derivatives=true
CEILING MAPPING: mesh=city_foundations_site_far_se_base0_Foundation_-22_-12 valid_basis=true max_uv_excess=0.0 widest=1.0 vertices=48 derivatives=true
CEILING MAPPING: mesh=city_foundations_site_far_se_base0_Foundation_-22_-13 valid_basis=true max_uv_excess=0.0 widest=1.0 vertices=48 derivatives=true
CEILING MAPPING: mesh=city_foundations_site_far_se_base0_Foundation_-22_-14 valid_basis=true max_uv_excess=0.0 widest=1.0 vertices=48 derivatives=true
CEILING MAPPING: mesh=city_foundations_site_far_se_base0_Foundation_-22_-15 valid_basis=true max_uv_excess=0.0 widest=1.0 vertices=48 derivatives=true
CEILING MAPPING: mesh=city_foundations_site_far_se_base0_Foundation_-22_-16 valid_basis=true max_uv_excess=0.0 widest=1.0 vertices=48 derivatives=true
CEILING MAPPING: mesh=city_foundations_site_far_se_base0_Foundation_-22_-17 valid_basis=true max_uv_excess=0.0 widest=1.0 vertices=48 derivatives=true
CEILING MAPPING: mesh=city_foundations_site_far_se_base0_Foundation_-22_-18 valid_basis=true max_uv_excess=0.0 widest=1.0 vertices=220 derivatives=true
CEILING MAPPING: mesh=city_foundations_site_far_sw_base0_Foundation_14_-10 valid_basis=true max_uv_excess=0.00000005960464 widest=1.00000009357128 vertices=108 derivatives=true
CEILING MAPPING: mesh=city_foundations_site_far_sw_base0_Foundation_14_-11 valid_basis=true max_uv_excess=0.00000005960464 widest=1.00000009357128 vertices=144 derivatives=true
CEILING MAPPING: mesh=city_foundations_site_far_sw_base0_Foundation_14_-12 valid_basis=true max_uv_excess=0.00000005960464 widest=1.00000009357128 vertices=48 derivatives=true
CEILING MAPPING: mesh=city_foundations_site_far_sw_base0_Foundation_14_-13 valid_basis=true max_uv_excess=0.00000005960464 widest=1.00000009357128 vertices=48 derivatives=true
CEILING MAPPING: mesh=city_foundations_site_far_sw_base0_Foundation_14_-14 valid_basis=true max_uv_excess=0.00000005960464 widest=1.00000009357128 vertices=48 derivatives=true
CEILING MAPPING: mesh=city_foundations_site_far_sw_base0_Foundation_14_-15 valid_basis=true max_uv_excess=0.00000005960464 widest=1.00000009357128 vertices=48 derivatives=true
CEILING MAPPING: mesh=city_foundations_site_far_sw_base0_Foundation_14_-16 valid_basis=true max_uv_excess=0.00000023841858 widest=1.00000034059946 vertices=204 derivatives=true
CEILING MAPPING: mesh=city_foundations_site_far_sw_base0_Foundation_14_-17 valid_basis=true max_uv_excess=0.00000005960464 widest=1.00000009357128 vertices=52 derivatives=true
CEILING MAPPING: mesh=city_foundations_site_far_sw_base0_Foundation_15_-10 valid_basis=true max_uv_excess=0.0 widest=1.0 vertices=24 derivatives=true
CEILING MAPPING: mesh=city_foundations_site_far_sw_base0_Foundation_15_-11 valid_basis=true max_uv_excess=0.0 widest=1.0 vertices=28 derivatives=true
CEILING MAPPING: mesh=city_foundations_site_far_sw_base0_Foundation_15_-12 valid_basis=true max_uv_excess=0.0 widest=1.0 vertices=4 derivatives=true
CEILING MAPPING: mesh=city_foundations_site_far_sw_base0_Foundation_15_-13 valid_basis=true max_uv_excess=0.0 widest=1.0 vertices=4 derivatives=true
CEILING MAPPING: mesh=city_foundations_site_far_sw_base0_Foundation_15_-14 valid_basis=true max_uv_excess=0.0 widest=1.0 vertices=4 derivatives=true
CEILING MAPPING: mesh=city_foundations_site_far_sw_base0_Foundation_15_-15 valid_basis=true max_uv_excess=0.0 widest=1.0 vertices=4 derivatives=true
CEILING MAPPING: mesh=city_foundations_site_far_sw_base0_Foundation_15_-16 valid_basis=true max_uv_excess=0.0 widest=1.0 vertices=44 derivatives=true
CEILING MAPPING: mesh=city_foundations_site_far_sw_base0_Foundation_15_-17 valid_basis=true max_uv_excess=0.0 widest=1.0 vertices=12 derivatives=true
CEILING MAPPING: mesh=city_foundations_site_far_sw_base0_Foundation_16_-10 valid_basis=true max_uv_excess=0.0 widest=1.0 vertices=24 derivatives=true
CEILING MAPPING: mesh=city_foundations_site_far_sw_base0_Foundation_16_-11 valid_basis=true max_uv_excess=0.0 widest=1.0 vertices=28 derivatives=true
CEILING MAPPING: mesh=city_foundations_site_far_sw_base0_Foundation_16_-12 valid_basis=true max_uv_excess=0.0 widest=1.0 vertices=4 derivatives=true
CEILING MAPPING: mesh=city_foundations_site_far_sw_base0_Foundation_16_-13 valid_basis=true max_uv_excess=0.0 widest=1.0 vertices=4 derivatives=true
CEILING MAPPING: mesh=city_foundations_site_far_sw_base0_Foundation_16_-14 valid_basis=true max_uv_excess=0.0 widest=1.0 vertices=4 derivatives=true
CEILING MAPPING: mesh=city_foundations_site_far_sw_base0_Foundation_16_-15 valid_basis=true max_uv_excess=0.0 widest=1.0 vertices=4 derivatives=true
CEILING MAPPING: mesh=city_foundations_site_far_sw_base0_Foundation_16_-16 valid_basis=true max_uv_excess=0.0 widest=1.0 vertices=44 derivatives=true
CEILING MAPPING: mesh=city_foundations_site_far_sw_base0_Foundation_16_-17 valid_basis=true max_uv_excess=0.0 widest=1.0 vertices=12 derivatives=true
CEILING MAPPING: mesh=city_foundations_site_far_sw_base0_Foundation_17_-10 valid_basis=true max_uv_excess=0.0 widest=1.0 vertices=24 derivatives=true
CEILING MAPPING: mesh=city_foundations_site_far_sw_base0_Foundation_17_-11 valid_basis=true max_uv_excess=0.0 widest=1.0 vertices=28 derivatives=true
CEILING MAPPING: mesh=city_foundations_site_far_sw_base0_Foundation_17_-12 valid_basis=true max_uv_excess=0.0 widest=1.0 vertices=4 derivatives=true
CEILING MAPPING: mesh=city_foundations_site_far_sw_base0_Foundation_17_-13 valid_basis=true max_uv_excess=0.0 widest=1.0 vertices=4 derivatives=true
CEILING MAPPING: mesh=city_foundations_site_far_sw_base0_Foundation_17_-14 valid_basis=true max_uv_excess=0.0 widest=1.0 vertices=4 derivatives=true
CEILING MAPPING: mesh=city_foundations_site_far_sw_base0_Foundation_17_-15 valid_basis=true max_uv_excess=0.0 widest=1.0 vertices=4 derivatives=true
CEILING MAPPING: mesh=city_foundations_site_far_sw_base0_Foundation_17_-16 valid_basis=true max_uv_excess=0.0 widest=1.0 vertices=44 derivatives=true
CEILING MAPPING: mesh=city_foundations_site_far_sw_base0_Foundation_17_-17 valid_basis=true max_uv_excess=0.0 widest=1.0 vertices=12 derivatives=true
CEILING MAPPING: mesh=city_foundations_site_far_sw_base0_Foundation_18_-10 valid_basis=true max_uv_excess=0.0 widest=1.0 vertices=24 derivatives=true
CEILING MAPPING: mesh=city_foundations_site_far_sw_base0_Foundation_18_-11 valid_basis=true max_uv_excess=0.0 widest=1.0 vertices=28 derivatives=true
CEILING MAPPING: mesh=city_foundations_site_far_sw_base0_Foundation_18_-12 valid_basis=true max_uv_excess=0.0 widest=1.0 vertices=4 derivatives=true
CEILING MAPPING: mesh=city_foundations_site_far_sw_base0_Foundation_18_-13 valid_basis=true max_uv_excess=0.0 widest=1.0 vertices=4 derivatives=true
CEILING MAPPING: mesh=city_foundations_site_far_sw_base0_Foundation_18_-14 valid_basis=true max_uv_excess=0.0 widest=1.0 vertices=4 derivatives=true
CEILING MAPPING: mesh=city_foundations_site_far_sw_base0_Foundation_18_-15 valid_basis=true max_uv_excess=0.0 widest=1.0 vertices=4 derivatives=true
CEILING MAPPING: mesh=city_foundations_site_far_sw_base0_Foundation_18_-16 valid_basis=true max_uv_excess=0.0 widest=1.0 vertices=44 derivatives=true
CEILING MAPPING: mesh=city_foundations_site_far_sw_base0_Foundation_18_-17 valid_basis=true max_uv_excess=0.0 widest=1.0 vertices=12 derivatives=true
CEILING MAPPING: mesh=city_foundations_site_far_sw_base0_Foundation_19_-10 valid_basis=true max_uv_excess=0.0 widest=1.0 vertices=24 derivatives=true
CEILING MAPPING: mesh=city_foundations_site_far_sw_base0_Foundation_19_-11 valid_basis=true max_uv_excess=0.0 widest=1.0 vertices=28 derivatives=true
CEILING MAPPING: mesh=city_foundations_site_far_sw_base0_Foundation_19_-12 valid_basis=true max_uv_excess=0.0 widest=1.0 vertices=4 derivatives=true
CEILING MAPPING: mesh=city_foundations_site_far_sw_base0_Foundation_19_-13 valid_basis=true max_uv_excess=0.0 widest=1.0 vertices=4 derivatives=true
CEILING MAPPING: mesh=city_foundations_site_far_sw_base0_Foundation_19_-14 valid_basis=true max_uv_excess=0.0 widest=1.0 vertices=4 derivatives=true
CEILING MAPPING: mesh=city_foundations_site_far_sw_base0_Foundation_19_-15 valid_basis=true max_uv_excess=0.0 widest=1.0 vertices=4 derivatives=true
CEILING MAPPING: mesh=city_foundations_site_far_sw_base0_Foundation_19_-16 valid_basis=true max_uv_excess=0.0 widest=1.0 vertices=44 derivatives=true
CEILING MAPPING: mesh=city_foundations_site_far_sw_base0_Foundation_19_-17 valid_basis=true max_uv_excess=0.0 widest=1.0 vertices=12 derivatives=true
CEILING MAPPING: mesh=city_foundations_site_far_sw_base0_Foundation_20_-10 valid_basis=true max_uv_excess=0.0 widest=1.0 vertices=24 derivatives=true
CEILING MAPPING: mesh=city_foundations_site_far_sw_base0_Foundation_20_-11 valid_basis=true max_uv_excess=0.0 widest=1.0 vertices=28 derivatives=true
CEILING MAPPING: mesh=city_foundations_site_far_sw_base0_Foundation_20_-12 valid_basis=true max_uv_excess=0.0 widest=1.0 vertices=4 derivatives=true
CEILING MAPPING: mesh=city_foundations_site_far_sw_base0_Foundation_20_-13 valid_basis=true max_uv_excess=0.0 widest=1.0 vertices=4 derivatives=true
CEILING MAPPING: mesh=city_foundations_site_far_sw_base0_Foundation_20_-14 valid_basis=true max_uv_excess=0.0 widest=1.0 vertices=4 derivatives=true
CEILING MAPPING: mesh=city_foundations_site_far_sw_base0_Foundation_20_-15 valid_basis=true max_uv_excess=0.0 widest=1.0 vertices=4 derivatives=true
CEILING MAPPING: mesh=city_foundations_site_far_sw_base0_Foundation_20_-16 valid_basis=true max_uv_excess=0.0 widest=1.0 vertices=44 derivatives=true
CEILING MAPPING: mesh=city_foundations_site_far_sw_base0_Foundation_20_-17 valid_basis=true max_uv_excess=0.0 widest=1.0 vertices=12 derivatives=true
CEILING MAPPING: mesh=city_foundations_site_far_sw_base0_Foundation_21_-10 valid_basis=true max_uv_excess=0.0 widest=1.0 vertices=24 derivatives=true
CEILING MAPPING: mesh=city_foundations_site_far_sw_base0_Foundation_21_-11 valid_basis=true max_uv_excess=0.0 widest=1.0 vertices=28 derivatives=true
CEILING MAPPING: mesh=city_foundations_site_far_sw_base0_Foundation_21_-12 valid_basis=true max_uv_excess=0.0 widest=1.0 vertices=4 derivatives=true
CEILING MAPPING: mesh=city_foundations_site_far_sw_base0_Foundation_21_-13 valid_basis=true max_uv_excess=0.0 widest=1.0 vertices=4 derivatives=true
CEILING MAPPING: mesh=city_foundations_site_far_sw_base0_Foundation_21_-14 valid_basis=true max_uv_excess=0.0 widest=1.0 vertices=4 derivatives=true
CEILING MAPPING: mesh=city_foundations_site_far_sw_base0_Foundation_21_-15 valid_basis=true max_uv_excess=0.0 widest=1.0 vertices=4 derivatives=true
CEILING MAPPING: mesh=city_foundations_site_far_sw_base0_Foundation_21_-16 valid_basis=true max_uv_excess=0.0 widest=1.0 vertices=44 derivatives=true
CEILING MAPPING: mesh=city_foundations_site_far_sw_base0_Foundation_21_-17 valid_basis=true max_uv_excess=0.0 widest=1.0 vertices=12 derivatives=true
CEILING MAPPING: mesh=city_foundations_site_far_sw_base0_Foundation_22_-10 valid_basis=true max_uv_excess=0.0 widest=1.0 vertices=24 derivatives=true
CEILING MAPPING: mesh=city_foundations_site_far_sw_base0_Foundation_22_-11 valid_basis=true max_uv_excess=0.0 widest=1.0 vertices=28 derivatives=true
CEILING MAPPING: mesh=city_foundations_site_far_sw_base0_Foundation_22_-12 valid_basis=true max_uv_excess=0.0 widest=1.0 vertices=4 derivatives=true
CEILING MAPPING: mesh=city_foundations_site_far_sw_base0_Foundation_22_-13 valid_basis=true max_uv_excess=0.0 widest=1.0 vertices=4 derivatives=true
CEILING MAPPING: mesh=city_foundations_site_far_sw_base0_Foundation_22_-14 valid_basis=true max_uv_excess=0.0 widest=1.0 vertices=4 derivatives=true
CEILING MAPPING: mesh=city_foundations_site_far_sw_base0_Foundation_22_-15 valid_basis=true max_uv_excess=0.0 widest=1.0 vertices=4 derivatives=true
CEILING MAPPING: mesh=city_foundations_site_far_sw_base0_Foundation_22_-16 valid_basis=true max_uv_excess=0.0 widest=1.0 vertices=44 derivatives=true
CEILING MAPPING: mesh=city_foundations_site_far_sw_base0_Foundation_22_-17 valid_basis=true max_uv_excess=0.0 widest=1.0 vertices=12 derivatives=true
CEILING MAPPING: mesh=city_foundations_site_far_sw_base0_Foundation_23_-10 valid_basis=true max_uv_excess=0.00000002980232 widest=1.00000017029602 vertices=108 derivatives=true
CEILING MAPPING: mesh=city_foundations_site_far_sw_base0_Foundation_23_-11 valid_basis=true max_uv_excess=0.00000002980232 widest=1.00000017029602 vertices=144 derivatives=true
CEILING MAPPING: mesh=city_foundations_site_far_sw_base0_Foundation_23_-12 valid_basis=true max_uv_excess=0.00000002980232 widest=1.00000017029602 vertices=48 derivatives=true
CEILING MAPPING: mesh=city_foundations_site_far_sw_base0_Foundation_23_-13 valid_basis=true max_uv_excess=0.00000002980232 widest=1.00000017029602 vertices=48 derivatives=true
CEILING MAPPING: mesh=city_foundations_site_far_sw_base0_Foundation_23_-14 valid_basis=true max_uv_excess=0.00000002980232 widest=1.00000017029602 vertices=48 derivatives=true
CEILING MAPPING: mesh=city_foundations_site_far_sw_base0_Foundation_23_-15 valid_basis=true max_uv_excess=0.00000002980232 widest=1.00000017029602 vertices=48 derivatives=true
CEILING MAPPING: mesh=city_foundations_site_far_sw_base0_Foundation_23_-16 valid_basis=true max_uv_excess=0.00000023841858 widest=1.00000034059946 vertices=204 derivatives=true
CEILING MAPPING: mesh=city_foundations_site_far_sw_base0_Foundation_23_-17 valid_basis=true max_uv_excess=0.00000002980232 widest=1.00000017029602 vertices=52 derivatives=true
CEILING MAPPING: mesh=city_foundations_site_far_w_base0_Foundation_19_0 valid_basis=true max_uv_excess=0.0 widest=1.0 vertices=48 derivatives=true
CEILING MAPPING: mesh=city_foundations_site_far_w_base0_Foundation_19_1 valid_basis=true max_uv_excess=0.0 widest=1.0 vertices=48 derivatives=true
CEILING MAPPING: mesh=city_foundations_site_far_w_base0_Foundation_19_2 valid_basis=true max_uv_excess=0.0 widest=1.0 vertices=48 derivatives=true
CEILING MAPPING: mesh=city_foundations_site_far_w_base0_Foundation_19_3 valid_basis=true max_uv_excess=0.00000023841858 widest=1.00000006600733 vertices=144 derivatives=true
CEILING MAPPING: mesh=city_foundations_site_far_w_base0_Foundation_19_4 valid_basis=true max_uv_excess=0.0 widest=1.0 vertices=108 derivatives=true
CEILING MAPPING: mesh=city_foundations_site_far_w_base0_Foundation_19_-1 valid_basis=true max_uv_excess=0.0 widest=1.0 vertices=48 derivatives=true
CEILING MAPPING: mesh=city_foundations_site_far_w_base0_Foundation_19_-2 valid_basis=true max_uv_excess=0.0 widest=1.0 vertices=48 derivatives=true
CEILING MAPPING: mesh=city_foundations_site_far_w_base0_Foundation_19_-3 valid_basis=true max_uv_excess=0.0 widest=1.0 vertices=48 derivatives=true
CEILING MAPPING: mesh=city_foundations_site_far_w_base0_Foundation_19_-4 valid_basis=true max_uv_excess=0.0 widest=1.0 vertices=48 derivatives=true
CEILING MAPPING: mesh=city_foundations_site_far_w_base0_Foundation_19_-5 valid_basis=true max_uv_excess=0.0 widest=1.0 vertices=48 derivatives=true
CEILING MAPPING: mesh=city_foundations_site_far_w_base0_Foundation_19_-6 valid_basis=true max_uv_excess=0.00000011920929 widest=1.0000003405976 vertices=220 derivatives=true
CEILING MAPPING: mesh=city_foundations_site_far_w_base0_Foundation_20_0 valid_basis=true max_uv_excess=0.0 widest=1.0 vertices=4 derivatives=true
CEILING MAPPING: mesh=city_foundations_site_far_w_base0_Foundation_20_1 valid_basis=true max_uv_excess=0.0 widest=1.0 vertices=4 derivatives=true
CEILING MAPPING: mesh=city_foundations_site_far_w_base0_Foundation_20_2 valid_basis=true max_uv_excess=0.0 widest=1.0 vertices=4 derivatives=true
CEILING MAPPING: mesh=city_foundations_site_far_w_base0_Foundation_20_3 valid_basis=true max_uv_excess=0.00000023841858 widest=1.00000006600733 vertices=28 derivatives=true
CEILING MAPPING: mesh=city_foundations_site_far_w_base0_Foundation_20_4 valid_basis=true max_uv_excess=0.0 widest=1.0 vertices=24 derivatives=true
CEILING MAPPING: mesh=city_foundations_site_far_w_base0_Foundation_20_-1 valid_basis=true max_uv_excess=0.0 widest=1.0 vertices=4 derivatives=true
CEILING MAPPING: mesh=city_foundations_site_far_w_base0_Foundation_20_-2 valid_basis=true max_uv_excess=0.0 widest=1.0 vertices=4 derivatives=true
CEILING MAPPING: mesh=city_foundations_site_far_w_base0_Foundation_20_-3 valid_basis=true max_uv_excess=0.0 widest=1.0 vertices=4 derivatives=true
CEILING MAPPING: mesh=city_foundations_site_far_w_base0_Foundation_20_-4 valid_basis=true max_uv_excess=0.0 widest=1.0 vertices=4 derivatives=true
CEILING MAPPING: mesh=city_foundations_site_far_w_base0_Foundation_20_-5 valid_basis=true max_uv_excess=0.0 widest=1.0 vertices=4 derivatives=true
CEILING MAPPING: mesh=city_foundations_site_far_w_base0_Foundation_20_-6 valid_basis=true max_uv_excess=0.00000047683716 widest=1.0000001131877 vertices=48 derivatives=true
CEILING MAPPING: mesh=city_foundations_site_far_w_base0_Foundation_21_0 valid_basis=true max_uv_excess=0.0 widest=1.0 vertices=4 derivatives=true
CEILING MAPPING: mesh=city_foundations_site_far_w_base0_Foundation_21_1 valid_basis=true max_uv_excess=0.0 widest=1.0 vertices=4 derivatives=true
CEILING MAPPING: mesh=city_foundations_site_far_w_base0_Foundation_21_2 valid_basis=true max_uv_excess=0.0 widest=1.0 vertices=4 derivatives=true
CEILING MAPPING: mesh=city_foundations_site_far_w_base0_Foundation_21_3 valid_basis=true max_uv_excess=0.00000023841858 widest=1.00000006600733 vertices=28 derivatives=true
CEILING MAPPING: mesh=city_foundations_site_far_w_base0_Foundation_21_4 valid_basis=true max_uv_excess=0.0 widest=1.0 vertices=24 derivatives=true
CEILING MAPPING: mesh=city_foundations_site_far_w_base0_Foundation_21_-1 valid_basis=true max_uv_excess=0.0 widest=1.0 vertices=4 derivatives=true
CEILING MAPPING: mesh=city_foundations_site_far_w_base0_Foundation_21_-2 valid_basis=true max_uv_excess=0.0 widest=1.0 vertices=4 derivatives=true
CEILING MAPPING: mesh=city_foundations_site_far_w_base0_Foundation_21_-3 valid_basis=true max_uv_excess=0.0 widest=1.0 vertices=4 derivatives=true
CEILING MAPPING: mesh=city_foundations_site_far_w_base0_Foundation_21_-4 valid_basis=true max_uv_excess=0.0 widest=1.0 vertices=4 derivatives=true
CEILING MAPPING: mesh=city_foundations_site_far_w_base0_Foundation_21_-5 valid_basis=true max_uv_excess=0.0 widest=1.0 vertices=4 derivatives=true
CEILING MAPPING: mesh=city_foundations_site_far_w_base0_Foundation_21_-6 valid_basis=true max_uv_excess=0.00000047683716 widest=1.0000001131877 vertices=48 derivatives=true
CEILING MAPPING: mesh=city_foundations_site_far_w_base0_Foundation_22_0 valid_basis=true max_uv_excess=0.0 widest=1.0 vertices=4 derivatives=true
CEILING MAPPING: mesh=city_foundations_site_far_w_base0_Foundation_22_1 valid_basis=true max_uv_excess=0.0 widest=1.0 vertices=4 derivatives=true
CEILING MAPPING: mesh=city_foundations_site_far_w_base0_Foundation_22_2 valid_basis=true max_uv_excess=0.0 widest=1.0 vertices=4 derivatives=true
CEILING MAPPING: mesh=city_foundations_site_far_w_base0_Foundation_22_3 valid_basis=true max_uv_excess=0.00000023841858 widest=1.00000006600733 vertices=28 derivatives=true
CEILING MAPPING: mesh=city_foundations_site_far_w_base0_Foundation_22_4 valid_basis=true max_uv_excess=0.0 widest=1.0 vertices=24 derivatives=true
CEILING MAPPING: mesh=city_foundations_site_far_w_base0_Foundation_22_-1 valid_basis=true max_uv_excess=0.0 widest=1.0 vertices=4 derivatives=true
CEILING MAPPING: mesh=city_foundations_site_far_w_base0_Foundation_22_-2 valid_basis=true max_uv_excess=0.0 widest=1.0 vertices=4 derivatives=true
CEILING MAPPING: mesh=city_foundations_site_far_w_base0_Foundation_22_-3 valid_basis=true max_uv_excess=0.0 widest=1.0 vertices=4 derivatives=true
CEILING MAPPING: mesh=city_foundations_site_far_w_base0_Foundation_22_-4 valid_basis=true max_uv_excess=0.0 widest=1.0 vertices=4 derivatives=true
CEILING MAPPING: mesh=city_foundations_site_far_w_base0_Foundation_22_-5 valid_basis=true max_uv_excess=0.0 widest=1.0 vertices=4 derivatives=true
CEILING MAPPING: mesh=city_foundations_site_far_w_base0_Foundation_22_-6 valid_basis=true max_uv_excess=0.00000047683716 widest=1.0000001131877 vertices=48 derivatives=true
CEILING MAPPING: mesh=city_foundations_site_far_w_base0_Foundation_23_0 valid_basis=true max_uv_excess=0.0 widest=1.0 vertices=4 derivatives=true
CEILING MAPPING: mesh=city_foundations_site_far_w_base0_Foundation_23_1 valid_basis=true max_uv_excess=0.0 widest=1.0 vertices=4 derivatives=true
CEILING MAPPING: mesh=city_foundations_site_far_w_base0_Foundation_23_2 valid_basis=true max_uv_excess=0.0 widest=1.0 vertices=4 derivatives=true
CEILING MAPPING: mesh=city_foundations_site_far_w_base0_Foundation_23_3 valid_basis=true max_uv_excess=0.00000023841858 widest=1.00000006600733 vertices=28 derivatives=true
CEILING MAPPING: mesh=city_foundations_site_far_w_base0_Foundation_23_4 valid_basis=true max_uv_excess=0.0 widest=1.0 vertices=24 derivatives=true
CEILING MAPPING: mesh=city_foundations_site_far_w_base0_Foundation_23_-1 valid_basis=true max_uv_excess=0.0 widest=1.0 vertices=4 derivatives=true
CEILING MAPPING: mesh=city_foundations_site_far_w_base0_Foundation_23_-2 valid_basis=true max_uv_excess=0.0 widest=1.0 vertices=4 derivatives=true
CEILING MAPPING: mesh=city_foundations_site_far_w_base0_Foundation_23_-3 valid_basis=true max_uv_excess=0.0 widest=1.0 vertices=4 derivatives=true
CEILING MAPPING: mesh=city_foundations_site_far_w_base0_Foundation_23_-4 valid_basis=true max_uv_excess=0.0 widest=1.0 vertices=4 derivatives=true
CEILING MAPPING: mesh=city_foundations_site_far_w_base0_Foundation_23_-5 valid_basis=true max_uv_excess=0.0 widest=1.0 vertices=4 derivatives=true
CEILING MAPPING: mesh=city_foundations_site_far_w_base0_Foundation_23_-6 valid_basis=true max_uv_excess=0.00000047683716 widest=1.0000001131877 vertices=48 derivatives=true
CEILING MAPPING: mesh=city_foundations_site_far_w_base0_Foundation_24_0 valid_basis=true max_uv_excess=0.0 widest=1.0 vertices=4 derivatives=true
CEILING MAPPING: mesh=city_foundations_site_far_w_base0_Foundation_24_1 valid_basis=true max_uv_excess=0.0 widest=1.0 vertices=4 derivatives=true
CEILING MAPPING: mesh=city_foundations_site_far_w_base0_Foundation_24_2 valid_basis=true max_uv_excess=0.0 widest=1.0 vertices=4 derivatives=true
CEILING MAPPING: mesh=city_foundations_site_far_w_base0_Foundation_24_3 valid_basis=true max_uv_excess=0.00000023841858 widest=1.00000006600733 vertices=28 derivatives=true
CEILING MAPPING: mesh=city_foundations_site_far_w_base0_Foundation_24_4 valid_basis=true max_uv_excess=0.0 widest=1.0 vertices=24 derivatives=true
CEILING MAPPING: mesh=city_foundations_site_far_w_base0_Foundation_24_-1 valid_basis=true max_uv_excess=0.0 widest=1.0 vertices=4 derivatives=true
CEILING MAPPING: mesh=city_foundations_site_far_w_base0_Foundation_24_-2 valid_basis=true max_uv_excess=0.0 widest=1.0 vertices=4 derivatives=true
CEILING MAPPING: mesh=city_foundations_site_far_w_base0_Foundation_24_-3 valid_basis=true max_uv_excess=0.0 widest=1.0 vertices=4 derivatives=true
CEILING MAPPING: mesh=city_foundations_site_far_w_base0_Foundation_24_-4 valid_basis=true max_uv_excess=0.0 widest=1.0 vertices=4 derivatives=true
CEILING MAPPING: mesh=city_foundations_site_far_w_base0_Foundation_24_-5 valid_basis=true max_uv_excess=0.0 widest=1.0 vertices=4 derivatives=true
CEILING MAPPING: mesh=city_foundations_site_far_w_base0_Foundation_24_-6 valid_basis=true max_uv_excess=0.00000047683716 widest=1.0000001131877 vertices=48 derivatives=true
CEILING MAPPING: mesh=city_foundations_site_far_w_base0_Foundation_25_0 valid_basis=true max_uv_excess=0.0 widest=1.0 vertices=4 derivatives=true
CEILING MAPPING: mesh=city_foundations_site_far_w_base0_Foundation_25_1 valid_basis=true max_uv_excess=0.0 widest=1.0 vertices=4 derivatives=true
CEILING MAPPING: mesh=city_foundations_site_far_w_base0_Foundation_25_2 valid_basis=true max_uv_excess=0.0 widest=1.0 vertices=4 derivatives=true
CEILING MAPPING: mesh=city_foundations_site_far_w_base0_Foundation_25_3 valid_basis=true max_uv_excess=0.00000023841858 widest=1.00000006600733 vertices=28 derivatives=true
CEILING MAPPING: mesh=city_foundations_site_far_w_base0_Foundation_25_4 valid_basis=true max_uv_excess=0.0 widest=1.0 vertices=24 derivatives=true
CEILING MAPPING: mesh=city_foundations_site_far_w_base0_Foundation_25_-1 valid_basis=true max_uv_excess=0.0 widest=1.0 vertices=4 derivatives=true
CEILING MAPPING: mesh=city_foundations_site_far_w_base0_Foundation_25_-2 valid_basis=true max_uv_excess=0.0 widest=1.0 vertices=4 derivatives=true
CEILING MAPPING: mesh=city_foundations_site_far_w_base0_Foundation_25_-3 valid_basis=true max_uv_excess=0.0 widest=1.0 vertices=4 derivatives=true
CEILING MAPPING: mesh=city_foundations_site_far_w_base0_Foundation_25_-4 valid_basis=true max_uv_excess=0.0 widest=1.0 vertices=4 derivatives=true
CEILING MAPPING: mesh=city_foundations_site_far_w_base0_Foundation_25_-5 valid_basis=true max_uv_excess=0.0 widest=1.0 vertices=4 derivatives=true
CEILING MAPPING: mesh=city_foundations_site_far_w_base0_Foundation_25_-6 valid_basis=true max_uv_excess=0.00000047683716 widest=1.0000001131877 vertices=48 derivatives=true
CEILING MAPPING: mesh=city_foundations_site_far_w_base0_Foundation_26_0 valid_basis=true max_uv_excess=0.0 widest=1.0 vertices=44 derivatives=true
CEILING MAPPING: mesh=city_foundations_site_far_w_base0_Foundation_26_1 valid_basis=true max_uv_excess=0.0 widest=1.0 vertices=44 derivatives=true
CEILING MAPPING: mesh=city_foundations_site_far_w_base0_Foundation_26_2 valid_basis=true max_uv_excess=0.0 widest=1.0 vertices=44 derivatives=true
CEILING MAPPING: mesh=city_foundations_site_far_w_base0_Foundation_26_3 valid_basis=true max_uv_excess=0.00000023841858 widest=1.00000006600733 vertices=132 derivatives=true
CEILING MAPPING: mesh=city_foundations_site_far_w_base0_Foundation_26_4 valid_basis=true max_uv_excess=0.0 widest=1.0 vertices=100 derivatives=true
CEILING MAPPING: mesh=city_foundations_site_far_w_base0_Foundation_26_-1 valid_basis=true max_uv_excess=0.0 widest=1.0 vertices=44 derivatives=true
CEILING MAPPING: mesh=city_foundations_site_far_w_base0_Foundation_26_-2 valid_basis=true max_uv_excess=0.0 widest=1.0 vertices=44 derivatives=true
CEILING MAPPING: mesh=city_foundations_site_far_w_base0_Foundation_26_-3 valid_basis=true max_uv_excess=0.0 widest=1.0 vertices=44 derivatives=true
CEILING MAPPING: mesh=city_foundations_site_far_w_base0_Foundation_26_-4 valid_basis=true max_uv_excess=0.0 widest=1.0 vertices=44 derivatives=true
CEILING MAPPING: mesh=city_foundations_site_far_w_base0_Foundation_26_-5 valid_basis=true max_uv_excess=0.0 widest=1.0 vertices=44 derivatives=true
CEILING MAPPING: mesh=city_foundations_site_far_w_base0_Foundation_26_-6 valid_basis=true max_uv_excess=0.00000011920929 widest=1.0000003405976 vertices=204 derivatives=true
CEILING MAPPING: mesh=city_foundations_site_far_w_base0_Foundation_27_0 valid_basis=true max_uv_excess=0.0 widest=1.0 vertices=12 derivatives=true
CEILING MAPPING: mesh=city_foundations_site_far_w_base0_Foundation_27_1 valid_basis=true max_uv_excess=0.0 widest=1.0 vertices=12 derivatives=true
CEILING MAPPING: mesh=city_foundations_site_far_w_base0_Foundation_27_2 valid_basis=true max_uv_excess=0.0 widest=1.0 vertices=12 derivatives=true
CEILING MAPPING: mesh=city_foundations_site_far_w_base0_Foundation_27_3 valid_basis=true max_uv_excess=0.00000023841858 widest=1.00000006600733 vertices=36 derivatives=true
CEILING MAPPING: mesh=city_foundations_site_far_w_base0_Foundation_27_4 valid_basis=true max_uv_excess=0.0 widest=1.0 vertices=28 derivatives=true
CEILING MAPPING: mesh=city_foundations_site_far_w_base0_Foundation_27_-1 valid_basis=true max_uv_excess=0.0 widest=1.0 vertices=12 derivatives=true
CEILING MAPPING: mesh=city_foundations_site_far_w_base0_Foundation_27_-2 valid_basis=true max_uv_excess=0.0 widest=1.0 vertices=12 derivatives=true
CEILING MAPPING: mesh=city_foundations_site_far_w_base0_Foundation_27_-3 valid_basis=true max_uv_excess=0.0 widest=1.0 vertices=12 derivatives=true
CEILING MAPPING: mesh=city_foundations_site_far_w_base0_Foundation_27_-4 valid_basis=true max_uv_excess=0.0 widest=1.0 vertices=12 derivatives=true
CEILING MAPPING: mesh=city_foundations_site_far_w_base0_Foundation_27_-5 valid_basis=true max_uv_excess=0.0 widest=1.0 vertices=12 derivatives=true
CEILING MAPPING: mesh=city_foundations_site_far_w_base0_Foundation_27_-6 valid_basis=true max_uv_excess=0.00000011920929 widest=1.0000003405976 vertices=52 derivatives=true
CEILING MAPPING: mesh=city_foundations_site_nbr_w_base0_Foundation_4_0 valid_basis=true max_uv_excess=0.00000011920929 widest=1.0000029802262 vertices=52 derivatives=true
CEILING MAPPING: mesh=city_foundations_site_nbr_w_base0_Foundation_4_1 valid_basis=true max_uv_excess=0.00000011920929 widest=1.0000029802262 vertices=52 derivatives=true
CEILING MAPPING: mesh=city_foundations_site_nbr_w_base0_Foundation_4_2 valid_basis=true max_uv_excess=0.00000011920929 widest=1.0000029802262 vertices=244 derivatives=true
CEILING MAPPING: mesh=city_foundations_site_nbr_w_base0_Foundation_4_-1 valid_basis=true max_uv_excess=0.00000011920929 widest=1.0000029802262 vertices=52 derivatives=true
CEILING MAPPING: mesh=city_foundations_site_nbr_w_base0_Foundation_4_-2 valid_basis=true max_uv_excess=0.00000011920929 widest=1.0000029802262 vertices=52 derivatives=true
CEILING MAPPING: mesh=city_foundations_site_nbr_w_base0_Foundation_4_-3 valid_basis=true max_uv_excess=0.00000011920929 widest=1.0000029802262 vertices=100 derivatives=true
CEILING MAPPING: mesh=city_foundations_site_nbr_w_base0_Foundation_4_-4 valid_basis=true max_uv_excess=0.00000011920929 widest=1.0000029802262 vertices=220 derivatives=true
CEILING MAPPING: mesh=city_foundations_site_nbr_w_base0_Foundation_5_0 valid_basis=true max_uv_excess=0.00000011920929 widest=1.0000029802262 vertices=56 derivatives=true
CEILING MAPPING: mesh=city_foundations_site_nbr_w_base0_Foundation_5_1 valid_basis=true max_uv_excess=0.00000011920929 widest=1.0000029802262 vertices=56 derivatives=true
CEILING MAPPING: mesh=city_foundations_site_nbr_w_base0_Foundation_5_2 valid_basis=true max_uv_excess=0.00000011920929 widest=1.0000029802262 vertices=296 derivatives=true
CEILING MAPPING: mesh=city_foundations_site_nbr_w_base0_Foundation_5_-1 valid_basis=true max_uv_excess=0.00000011920929 widest=1.0000029802262 vertices=56 derivatives=true
CEILING MAPPING: mesh=city_foundations_site_nbr_w_base0_Foundation_5_-2 valid_basis=true max_uv_excess=0.00000011920929 widest=1.0000029802262 vertices=56 derivatives=true
CEILING MAPPING: mesh=city_foundations_site_nbr_w_base0_Foundation_5_-3 valid_basis=true max_uv_excess=0.00000047683716 widest=1.0000029802262 vertices=112 derivatives=true
CEILING MAPPING: mesh=city_foundations_site_nbr_w_base0_Foundation_5_-4 valid_basis=true max_uv_excess=0.00000023841858 widest=1.0000029802262 vertices=292 derivatives=true
CEILING MAPPING: mesh=city_foundations_site_ne1_base0_Foundation_-7_0 valid_basis=true max_uv_excess=0.0 widest=1.0 vertices=48 derivatives=true
CEILING MAPPING: mesh=city_foundations_site_ne1_base0_Foundation_-7_1 valid_basis=true max_uv_excess=0.0 widest=1.0 vertices=48 derivatives=true
CEILING MAPPING: mesh=city_foundations_site_ne1_base0_Foundation_-7_2 valid_basis=true max_uv_excess=0.0 widest=1.0 vertices=220 derivatives=true
CEILING MAPPING: mesh=city_foundations_site_ne1_base0_Foundation_-7_-1 valid_basis=true max_uv_excess=0.0 widest=1.0 vertices=48 derivatives=true
CEILING MAPPING: mesh=city_foundations_site_ne1_base0_Foundation_-7_-2 valid_basis=true max_uv_excess=0.0 widest=1.0 vertices=48 derivatives=true
CEILING MAPPING: mesh=city_foundations_site_ne1_base0_Foundation_-7_-3 valid_basis=true max_uv_excess=0.0 widest=1.0 vertices=48 derivatives=true
CEILING MAPPING: mesh=city_foundations_site_ne1_base0_Foundation_-7_-4 valid_basis=true max_uv_excess=0.0 widest=1.0 vertices=144 derivatives=true
CEILING MAPPING: mesh=city_foundations_site_ne1_base0_Foundation_-7_-5 valid_basis=true max_uv_excess=0.0 widest=1.0 vertices=108 derivatives=true
CEILING MAPPING: mesh=city_foundations_site_ne1_base0_Foundation_-8_0 valid_basis=true max_uv_excess=0.0 widest=1.0 vertices=4 derivatives=true
CEILING MAPPING: mesh=city_foundations_site_ne1_base0_Foundation_-8_1 valid_basis=true max_uv_excess=0.0 widest=1.0 vertices=4 derivatives=true
CEILING MAPPING: mesh=city_foundations_site_ne1_base0_Foundation_-8_2 valid_basis=true max_uv_excess=0.0 widest=1.0 vertices=48 derivatives=true
CEILING MAPPING: mesh=city_foundations_site_ne1_base0_Foundation_-8_-1 valid_basis=true max_uv_excess=0.0 widest=1.0 vertices=4 derivatives=true
CEILING MAPPING: mesh=city_foundations_site_ne1_base0_Foundation_-8_-2 valid_basis=true max_uv_excess=0.0 widest=1.0 vertices=4 derivatives=true
CEILING MAPPING: mesh=city_foundations_site_ne1_base0_Foundation_-8_-3 valid_basis=true max_uv_excess=0.0 widest=1.0 vertices=4 derivatives=true
CEILING MAPPING: mesh=city_foundations_site_ne1_base0_Foundation_-8_-4 valid_basis=true max_uv_excess=0.0 widest=1.0 vertices=28 derivatives=true
CEILING MAPPING: mesh=city_foundations_site_ne1_base0_Foundation_-8_-5 valid_basis=true max_uv_excess=0.0 widest=1.0 vertices=24 derivatives=true
CEILING MAPPING: mesh=city_foundations_site_ne1_base0_Foundation_-9_0 valid_basis=true max_uv_excess=0.0 widest=1.0 vertices=48 derivatives=true
CEILING MAPPING: mesh=city_foundations_site_ne1_base0_Foundation_-9_1 valid_basis=true max_uv_excess=0.0 widest=1.0 vertices=48 derivatives=true
CEILING MAPPING: mesh=city_foundations_site_ne1_base0_Foundation_-9_2 valid_basis=true max_uv_excess=0.0 widest=1.0 vertices=220 derivatives=true
CEILING MAPPING: mesh=city_foundations_site_ne1_base0_Foundation_-9_-1 valid_basis=true max_uv_excess=0.0 widest=1.0 vertices=48 derivatives=true
CEILING MAPPING: mesh=city_foundations_site_ne1_base0_Foundation_-9_-2 valid_basis=true max_uv_excess=0.0 widest=1.0 vertices=48 derivatives=true
CEILING MAPPING: mesh=city_foundations_site_ne1_base0_Foundation_-9_-3 valid_basis=true max_uv_excess=0.0 widest=1.0 vertices=48 derivatives=true
CEILING MAPPING: mesh=city_foundations_site_ne1_base0_Foundation_-9_-4 valid_basis=true max_uv_excess=0.0 widest=1.0 vertices=144 derivatives=true
CEILING MAPPING: mesh=city_foundations_site_ne1_base0_Foundation_-9_-5 valid_basis=true max_uv_excess=0.0 widest=1.0 vertices=108 derivatives=true
CEILING MAPPING: mesh=city_foundations_site_ne2_base0_Foundation_-9_0 valid_basis=true max_uv_excess=0.0 widest=1.0 vertices=48 derivatives=true
CEILING MAPPING: mesh=city_foundations_site_ne2_base0_Foundation_-9_1 valid_basis=true max_uv_excess=0.0 widest=1.0 vertices=220 derivatives=true
CEILING MAPPING: mesh=city_foundations_site_ne2_base0_Foundation_-9_-1 valid_basis=true max_uv_excess=0.0 widest=1.0 vertices=48 derivatives=true
CEILING MAPPING: mesh=city_foundations_site_ne2_base0_Foundation_-9_-2 valid_basis=true max_uv_excess=0.0 widest=1.0 vertices=48 derivatives=true
CEILING MAPPING: mesh=city_foundations_site_ne2_base0_Foundation_-9_-3 valid_basis=true max_uv_excess=0.0 widest=1.0 vertices=48 derivatives=true
CEILING MAPPING: mesh=city_foundations_site_ne2_base0_Foundation_-9_-4 valid_basis=true max_uv_excess=0.0 widest=1.0 vertices=144 derivatives=true
CEILING MAPPING: mesh=city_foundations_site_ne2_base0_Foundation_-9_-5 valid_basis=true max_uv_excess=0.0 widest=1.0 vertices=108 derivatives=true
CEILING MAPPING: mesh=city_foundations_site_ne2_base0_Foundation_-10_0 valid_basis=true max_uv_excess=0.0 widest=1.0 vertices=4 derivatives=true
CEILING MAPPING: mesh=city_foundations_site_ne2_base0_Foundation_-10_1 valid_basis=true max_uv_excess=0.0 widest=1.0 vertices=48 derivatives=true
CEILING MAPPING: mesh=city_foundations_site_ne2_base0_Foundation_-10_-1 valid_basis=true max_uv_excess=0.0 widest=1.0 vertices=4 derivatives=true
CEILING MAPPING: mesh=city_foundations_site_ne2_base0_Foundation_-10_-2 valid_basis=true max_uv_excess=0.0 widest=1.0 vertices=4 derivatives=true
CEILING MAPPING: mesh=city_foundations_site_ne2_base0_Foundation_-10_-3 valid_basis=true max_uv_excess=0.0 widest=1.0 vertices=4 derivatives=true
CEILING MAPPING: mesh=city_foundations_site_ne2_base0_Foundation_-10_-4 valid_basis=true max_uv_excess=0.0 widest=1.0 vertices=28 derivatives=true
CEILING MAPPING: mesh=city_foundations_site_ne2_base0_Foundation_-10_-5 valid_basis=true max_uv_excess=0.0 widest=1.0 vertices=24 derivatives=true
CEILING MAPPING: mesh=city_foundations_site_ne2_base0_Foundation_-11_0 valid_basis=true max_uv_excess=0.0 widest=1.0 vertices=48 derivatives=true
CEILING MAPPING: mesh=city_foundations_site_ne2_base0_Foundation_-11_1 valid_basis=true max_uv_excess=0.0 widest=1.0 vertices=220 derivatives=true
CEILING MAPPING: mesh=city_foundations_site_ne2_base0_Foundation_-11_-1 valid_basis=true max_uv_excess=0.0 widest=1.0 vertices=48 derivatives=true
CEILING MAPPING: mesh=city_foundations_site_ne2_base0_Foundation_-11_-2 valid_basis=true max_uv_excess=0.0 widest=1.0 vertices=48 derivatives=true
CEILING MAPPING: mesh=city_foundations_site_ne2_base0_Foundation_-11_-3 valid_basis=true max_uv_excess=0.0 widest=1.0 vertices=48 derivatives=true
CEILING MAPPING: mesh=city_foundations_site_ne2_base0_Foundation_-11_-4 valid_basis=true max_uv_excess=0.0 widest=1.0 vertices=144 derivatives=true
CEILING MAPPING: mesh=city_foundations_site_ne2_base0_Foundation_-11_-5 valid_basis=true max_uv_excess=0.0 widest=1.0 vertices=108 derivatives=true
CEILING MAPPING: mesh=city_foundations_site_ne3_base0_Foundation_-11_0 valid_basis=true max_uv_excess=0.0 widest=1.0 vertices=48 derivatives=true
CEILING MAPPING: mesh=city_foundations_site_ne3_base0_Foundation_-11_1 valid_basis=true max_uv_excess=0.0 widest=1.0 vertices=48 derivatives=true
CEILING MAPPING: mesh=city_foundations_site_ne3_base0_Foundation_-11_2 valid_basis=true max_uv_excess=0.00000005960464 widest=1.0000003405976 vertices=220 derivatives=true
CEILING MAPPING: mesh=city_foundations_site_ne3_base0_Foundation_-11_-1 valid_basis=true max_uv_excess=0.0 widest=1.0 vertices=48 derivatives=true
CEILING MAPPING: mesh=city_foundations_site_ne3_base0_Foundation_-11_-2 valid_basis=true max_uv_excess=0.0 widest=1.0 vertices=48 derivatives=true
CEILING MAPPING: mesh=city_foundations_site_ne3_base0_Foundation_-11_-3 valid_basis=true max_uv_excess=0.0 widest=1.0 vertices=48 derivatives=true
CEILING MAPPING: mesh=city_foundations_site_ne3_base0_Foundation_-11_-4 valid_basis=true max_uv_excess=0.0 widest=1.0 vertices=144 derivatives=true
CEILING MAPPING: mesh=city_foundations_site_ne3_base0_Foundation_-11_-5 valid_basis=true max_uv_excess=0.0 widest=1.0 vertices=108 derivatives=true
CEILING MAPPING: mesh=city_foundations_site_ne3_base0_Foundation_-12_0 valid_basis=true max_uv_excess=0.0 widest=1.0 vertices=4 derivatives=true
CEILING MAPPING: mesh=city_foundations_site_ne3_base0_Foundation_-12_1 valid_basis=true max_uv_excess=0.0 widest=1.0 vertices=4 derivatives=true
CEILING MAPPING: mesh=city_foundations_site_ne3_base0_Foundation_-12_2 valid_basis=true max_uv_excess=0.0 widest=1.0 vertices=48 derivatives=true
CEILING MAPPING: mesh=city_foundations_site_ne3_base0_Foundation_-12_-1 valid_basis=true max_uv_excess=0.0 widest=1.0 vertices=4 derivatives=true
CEILING MAPPING: mesh=city_foundations_site_ne3_base0_Foundation_-12_-2 valid_basis=true max_uv_excess=0.0 widest=1.0 vertices=4 derivatives=true
CEILING MAPPING: mesh=city_foundations_site_ne3_base0_Foundation_-12_-3 valid_basis=true max_uv_excess=0.0 widest=1.0 vertices=4 derivatives=true
CEILING MAPPING: mesh=city_foundations_site_ne3_base0_Foundation_-12_-4 valid_basis=true max_uv_excess=0.0 widest=1.0 vertices=28 derivatives=true
CEILING MAPPING: mesh=city_foundations_site_ne3_base0_Foundation_-12_-5 valid_basis=true max_uv_excess=0.0 widest=1.0 vertices=24 derivatives=true
CEILING MAPPING: mesh=city_foundations_site_ne3_base0_Foundation_-13_0 valid_basis=true max_uv_excess=0.0 widest=1.0 vertices=4 derivatives=true
CEILING MAPPING: mesh=city_foundations_site_ne3_base0_Foundation_-13_1 valid_basis=true max_uv_excess=0.0 widest=1.0 vertices=4 derivatives=true
CEILING MAPPING: mesh=city_foundations_site_ne3_base0_Foundation_-13_2 valid_basis=true max_uv_excess=0.0 widest=1.0 vertices=48 derivatives=true
CEILING MAPPING: mesh=city_foundations_site_ne3_base0_Foundation_-13_-1 valid_basis=true max_uv_excess=0.0 widest=1.0 vertices=4 derivatives=true
CEILING MAPPING: mesh=city_foundations_site_ne3_base0_Foundation_-13_-2 valid_basis=true max_uv_excess=0.0 widest=1.0 vertices=4 derivatives=true
CEILING MAPPING: mesh=city_foundations_site_ne3_base0_Foundation_-13_-3 valid_basis=true max_uv_excess=0.0 widest=1.0 vertices=4 derivatives=true
CEILING MAPPING: mesh=city_foundations_site_ne3_base0_Foundation_-13_-4 valid_basis=true max_uv_excess=0.0 widest=1.0 vertices=28 derivatives=true
CEILING MAPPING: mesh=city_foundations_site_ne3_base0_Foundation_-13_-5 valid_basis=true max_uv_excess=0.0 widest=1.0 vertices=24 derivatives=true
CEILING MAPPING: mesh=city_foundations_site_ne3_base0_Foundation_-14_0 valid_basis=true max_uv_excess=0.00000001490116 widest=1.00000008514801 vertices=48 derivatives=true
CEILING MAPPING: mesh=city_foundations_site_ne3_base0_Foundation_-14_1 valid_basis=true max_uv_excess=0.00000001490116 widest=1.00000008514801 vertices=48 derivatives=true
CEILING MAPPING: mesh=city_foundations_site_ne3_base0_Foundation_-14_2 valid_basis=true max_uv_excess=0.00000005960464 widest=1.0000003405976 vertices=220 derivatives=true
CEILING MAPPING: mesh=city_foundations_site_ne3_base0_Foundation_-14_-1 valid_basis=true max_uv_excess=0.00000001490116 widest=1.00000008514801 vertices=48 derivatives=true
CEILING MAPPING: mesh=city_foundations_site_ne3_base0_Foundation_-14_-2 valid_basis=true max_uv_excess=0.00000001490116 widest=1.00000008514801 vertices=48 derivatives=true
CEILING MAPPING: mesh=city_foundations_site_ne3_base0_Foundation_-14_-3 valid_basis=true max_uv_excess=0.00000001490116 widest=1.00000008514801 vertices=48 derivatives=true
CEILING MAPPING: mesh=city_foundations_site_ne3_base0_Foundation_-14_-4 valid_basis=true max_uv_excess=0.00000002980232 widest=1.00000008517218 vertices=144 derivatives=true
CEILING MAPPING: mesh=city_foundations_site_ne3_base0_Foundation_-14_-5 valid_basis=true max_uv_excess=0.00000002980232 widest=1.00000011214181 vertices=108 derivatives=true
CEILING MAPPING: mesh=city_foundations_site_ne4_base0_Foundation_-14_0 valid_basis=true max_uv_excess=0.0 widest=1.0 vertices=48 derivatives=true
CEILING MAPPING: mesh=city_foundations_site_ne4_base0_Foundation_-14_1 valid_basis=true max_uv_excess=0.0 widest=1.0 vertices=48 derivatives=true
CEILING MAPPING: mesh=city_foundations_site_ne4_base0_Foundation_-14_2 valid_basis=true max_uv_excess=0.0 widest=1.0 vertices=220 derivatives=true
CEILING MAPPING: mesh=city_foundations_site_ne4_base0_Foundation_-14_-1 valid_basis=true max_uv_excess=0.0 widest=1.0 vertices=48 derivatives=true
CEILING MAPPING: mesh=city_foundations_site_ne4_base0_Foundation_-14_-2 valid_basis=true max_uv_excess=0.0 widest=1.0 vertices=48 derivatives=true
CEILING MAPPING: mesh=city_foundations_site_ne4_base0_Foundation_-14_-3 valid_basis=true max_uv_excess=0.0 widest=1.0 vertices=48 derivatives=true
CEILING MAPPING: mesh=city_foundations_site_ne4_base0_Foundation_-14_-4 valid_basis=true max_uv_excess=0.0 widest=1.0 vertices=144 derivatives=true
CEILING MAPPING: mesh=city_foundations_site_ne4_base0_Foundation_-14_-5 valid_basis=true max_uv_excess=0.0 widest=1.0 vertices=108 derivatives=true
CEILING MAPPING: mesh=city_foundations_site_ne4_base0_Foundation_-15_0 valid_basis=true max_uv_excess=0.0 widest=1.0 vertices=4 derivatives=true
CEILING MAPPING: mesh=city_foundations_site_ne4_base0_Foundation_-15_1 valid_basis=true max_uv_excess=0.0 widest=1.0 vertices=4 derivatives=true
CEILING MAPPING: mesh=city_foundations_site_ne4_base0_Foundation_-15_2 valid_basis=true max_uv_excess=0.0 widest=1.0 vertices=48 derivatives=true
CEILING MAPPING: mesh=city_foundations_site_ne4_base0_Foundation_-15_-1 valid_basis=true max_uv_excess=0.0 widest=1.0 vertices=4 derivatives=true
CEILING MAPPING: mesh=city_foundations_site_ne4_base0_Foundation_-15_-2 valid_basis=true max_uv_excess=0.0 widest=1.0 vertices=4 derivatives=true
CEILING MAPPING: mesh=city_foundations_site_ne4_base0_Foundation_-15_-3 valid_basis=true max_uv_excess=0.0 widest=1.0 vertices=4 derivatives=true
CEILING MAPPING: mesh=city_foundations_site_ne4_base0_Foundation_-15_-4 valid_basis=true max_uv_excess=0.0 widest=1.0 vertices=28 derivatives=true
CEILING MAPPING: mesh=city_foundations_site_ne4_base0_Foundation_-15_-5 valid_basis=true max_uv_excess=0.0 widest=1.0 vertices=24 derivatives=true
CEILING MAPPING: mesh=city_foundations_site_ne4_base0_Foundation_-16_0 valid_basis=true max_uv_excess=0.0 widest=1.0 vertices=48 derivatives=true
CEILING MAPPING: mesh=city_foundations_site_ne4_base0_Foundation_-16_1 valid_basis=true max_uv_excess=0.0 widest=1.0 vertices=48 derivatives=true
CEILING MAPPING: mesh=city_foundations_site_ne4_base0_Foundation_-16_2 valid_basis=true max_uv_excess=0.0 widest=1.0 vertices=220 derivatives=true
CEILING MAPPING: mesh=city_foundations_site_ne4_base0_Foundation_-16_-1 valid_basis=true max_uv_excess=0.0 widest=1.0 vertices=48 derivatives=true
CEILING MAPPING: mesh=city_foundations_site_ne4_base0_Foundation_-16_-2 valid_basis=true max_uv_excess=0.0 widest=1.0 vertices=48 derivatives=true
CEILING MAPPING: mesh=city_foundations_site_ne4_base0_Foundation_-16_-3 valid_basis=true max_uv_excess=0.0 widest=1.0 vertices=48 derivatives=true
CEILING MAPPING: mesh=city_foundations_site_ne4_base0_Foundation_-16_-4 valid_basis=true max_uv_excess=0.0 widest=1.0 vertices=144 derivatives=true
CEILING MAPPING: mesh=city_foundations_site_ne4_base0_Foundation_-16_-5 valid_basis=true max_uv_excess=0.0 widest=1.0 vertices=108 derivatives=true
CEILING MAPPING: mesh=city_foundations_site_nw1_base0_Foundation_5_0 valid_basis=true max_uv_excess=0.0 widest=1.0 vertices=48 derivatives=true
CEILING MAPPING: mesh=city_foundations_site_nw1_base0_Foundation_5_1 valid_basis=true max_uv_excess=0.0 widest=1.0 vertices=48 derivatives=true
CEILING MAPPING: mesh=city_foundations_site_nw1_base0_Foundation_5_2 valid_basis=true max_uv_excess=0.0 widest=1.0 vertices=220 derivatives=true
CEILING MAPPING: mesh=city_foundations_site_nw1_base0_Foundation_5_-1 valid_basis=true max_uv_excess=0.0 widest=1.0 vertices=48 derivatives=true
CEILING MAPPING: mesh=city_foundations_site_nw1_base0_Foundation_5_-2 valid_basis=true max_uv_excess=0.0 widest=1.0 vertices=48 derivatives=true
CEILING MAPPING: mesh=city_foundations_site_nw1_base0_Foundation_5_-3 valid_basis=true max_uv_excess=0.0 widest=1.0 vertices=48 derivatives=true
CEILING MAPPING: mesh=city_foundations_site_nw1_base0_Foundation_5_-4 valid_basis=true max_uv_excess=0.0 widest=1.0 vertices=144 derivatives=true
CEILING MAPPING: mesh=city_foundations_site_nw1_base0_Foundation_5_-5 valid_basis=true max_uv_excess=0.0 widest=1.0 vertices=108 derivatives=true
CEILING MAPPING: mesh=city_foundations_site_nw1_base0_Foundation_6_0 valid_basis=true max_uv_excess=0.0 widest=1.0 vertices=4 derivatives=true
CEILING MAPPING: mesh=city_foundations_site_nw1_base0_Foundation_6_1 valid_basis=true max_uv_excess=0.0 widest=1.0 vertices=4 derivatives=true
CEILING MAPPING: mesh=city_foundations_site_nw1_base0_Foundation_6_2 valid_basis=true max_uv_excess=0.0 widest=1.0 vertices=48 derivatives=true
CEILING MAPPING: mesh=city_foundations_site_nw1_base0_Foundation_6_-1 valid_basis=true max_uv_excess=0.0 widest=1.0 vertices=4 derivatives=true
CEILING MAPPING: mesh=city_foundations_site_nw1_base0_Foundation_6_-2 valid_basis=true max_uv_excess=0.0 widest=1.0 vertices=4 derivatives=true
CEILING MAPPING: mesh=city_foundations_site_nw1_base0_Foundation_6_-3 valid_basis=true max_uv_excess=0.0 widest=1.0 vertices=4 derivatives=true
CEILING MAPPING: mesh=city_foundations_site_nw1_base0_Foundation_6_-4 valid_basis=true max_uv_excess=0.0 widest=1.0 vertices=28 derivatives=true
CEILING MAPPING: mesh=city_foundations_site_nw1_base0_Foundation_6_-5 valid_basis=true max_uv_excess=0.0 widest=1.0 vertices=24 derivatives=true
CEILING MAPPING: mesh=city_foundations_site_nw1_base0_Foundation_7_0 valid_basis=true max_uv_excess=0.0 widest=1.0 vertices=48 derivatives=true
CEILING MAPPING: mesh=city_foundations_site_nw1_base0_Foundation_7_1 valid_basis=true max_uv_excess=0.0 widest=1.0 vertices=48 derivatives=true
CEILING MAPPING: mesh=city_foundations_site_nw1_base0_Foundation_7_2 valid_basis=true max_uv_excess=0.0 widest=1.0 vertices=220 derivatives=true
CEILING MAPPING: mesh=city_foundations_site_nw1_base0_Foundation_7_-1 valid_basis=true max_uv_excess=0.0 widest=1.0 vertices=48 derivatives=true
CEILING MAPPING: mesh=city_foundations_site_nw1_base0_Foundation_7_-2 valid_basis=true max_uv_excess=0.0 widest=1.0 vertices=48 derivatives=true
CEILING MAPPING: mesh=city_foundations_site_nw1_base0_Foundation_7_-3 valid_basis=true max_uv_excess=0.0 widest=1.0 vertices=48 derivatives=true
CEILING MAPPING: mesh=city_foundations_site_nw1_base0_Foundation_7_-4 valid_basis=true max_uv_excess=0.0 widest=1.0 vertices=144 derivatives=true
CEILING MAPPING: mesh=city_foundations_site_nw1_base0_Foundation_7_-5 valid_basis=true max_uv_excess=0.0 widest=1.0 vertices=108 derivatives=true
CEILING MAPPING: mesh=city_foundations_site_nw2_base0_Foundation_7_0 valid_basis=true max_uv_excess=0.00000005960464 widest=1.0000002232382 vertices=48 derivatives=true
CEILING MAPPING: mesh=city_foundations_site_nw2_base0_Foundation_7_1 valid_basis=true max_uv_excess=0.00000014901161 widest=1.00000034059806 vertices=220 derivatives=true
CEILING MAPPING: mesh=city_foundations_site_nw2_base0_Foundation_7_-1 valid_basis=true max_uv_excess=0.00000005960464 widest=1.0000002232382 vertices=48 derivatives=true
CEILING MAPPING: mesh=city_foundations_site_nw2_base0_Foundation_7_-2 valid_basis=true max_uv_excess=0.00000005960464 widest=1.0000002232382 vertices=48 derivatives=true
CEILING MAPPING: mesh=city_foundations_site_nw2_base0_Foundation_7_-3 valid_basis=true max_uv_excess=0.00000005960464 widest=1.0000002232382 vertices=48 derivatives=true
CEILING MAPPING: mesh=city_foundations_site_nw2_base0_Foundation_7_-4 valid_basis=true max_uv_excess=0.00000005960464 widest=1.0000002232382 vertices=144 derivatives=true
CEILING MAPPING: mesh=city_foundations_site_nw2_base0_Foundation_7_-5 valid_basis=true max_uv_excess=0.00000005960464 widest=1.0000002232382 vertices=108 derivatives=true
CEILING MAPPING: mesh=city_foundations_site_nw2_base0_Foundation_8_0 valid_basis=true max_uv_excess=0.0 widest=1.0 vertices=4 derivatives=true
CEILING MAPPING: mesh=city_foundations_site_nw2_base0_Foundation_8_1 valid_basis=true max_uv_excess=0.00000011920929 widest=1.00000034059806 vertices=48 derivatives=true
CEILING MAPPING: mesh=city_foundations_site_nw2_base0_Foundation_8_-1 valid_basis=true max_uv_excess=0.0 widest=1.0 vertices=4 derivatives=true
CEILING MAPPING: mesh=city_foundations_site_nw2_base0_Foundation_8_-2 valid_basis=true max_uv_excess=0.0 widest=1.0 vertices=4 derivatives=true
CEILING MAPPING: mesh=city_foundations_site_nw2_base0_Foundation_8_-3 valid_basis=true max_uv_excess=0.0 widest=1.0 vertices=4 derivatives=true
CEILING MAPPING: mesh=city_foundations_site_nw2_base0_Foundation_8_-4 valid_basis=true max_uv_excess=0.0 widest=1.0 vertices=28 derivatives=true
CEILING MAPPING: mesh=city_foundations_site_nw2_base0_Foundation_8_-5 valid_basis=true max_uv_excess=0.0 widest=1.0 vertices=24 derivatives=true
CEILING MAPPING: mesh=city_foundations_site_nw2_base0_Foundation_9_0 valid_basis=true max_uv_excess=0.0 widest=1.0 vertices=48 derivatives=true
CEILING MAPPING: mesh=city_foundations_site_nw2_base0_Foundation_9_1 valid_basis=true max_uv_excess=0.00000011920929 widest=1.00000034059806 vertices=220 derivatives=true
CEILING MAPPING: mesh=city_foundations_site_nw2_base0_Foundation_9_-1 valid_basis=true max_uv_excess=0.0 widest=1.0 vertices=48 derivatives=true
CEILING MAPPING: mesh=city_foundations_site_nw2_base0_Foundation_9_-2 valid_basis=true max_uv_excess=0.0 widest=1.0 vertices=48 derivatives=true
CEILING MAPPING: mesh=city_foundations_site_nw2_base0_Foundation_9_-3 valid_basis=true max_uv_excess=0.0 widest=1.0 vertices=48 derivatives=true
CEILING MAPPING: mesh=city_foundations_site_nw2_base0_Foundation_9_-4 valid_basis=true max_uv_excess=0.0 widest=1.0 vertices=144 derivatives=true
CEILING MAPPING: mesh=city_foundations_site_nw2_base0_Foundation_9_-5 valid_basis=true max_uv_excess=0.0 widest=1.0 vertices=108 derivatives=true
CEILING MAPPING: mesh=city_foundations_site_nw3_base0_Foundation_9_0 valid_basis=true max_uv_excess=0.0 widest=1.0 vertices=24 derivatives=true
CEILING MAPPING: mesh=city_foundations_site_nw3_base0_Foundation_9_1 valid_basis=true max_uv_excess=0.0 widest=1.0 vertices=24 derivatives=true
CEILING MAPPING: mesh=city_foundations_site_nw3_base0_Foundation_9_2 valid_basis=true max_uv_excess=0.00000005960464 widest=1.0000003405976 vertices=108 derivatives=true
CEILING MAPPING: mesh=city_foundations_site_nw3_base0_Foundation_9_-1 valid_basis=true max_uv_excess=0.0 widest=1.0 vertices=24 derivatives=true
CEILING MAPPING: mesh=city_foundations_site_nw3_base0_Foundation_9_-2 valid_basis=true max_uv_excess=0.0 widest=1.0 vertices=24 derivatives=true
CEILING MAPPING: mesh=city_foundations_site_nw3_base0_Foundation_9_-3 valid_basis=true max_uv_excess=0.0 widest=1.0 vertices=24 derivatives=true
CEILING MAPPING: mesh=city_foundations_site_nw3_base0_Foundation_9_-4 valid_basis=true max_uv_excess=0.0 widest=1.0 vertices=72 derivatives=true
CEILING MAPPING: mesh=city_foundations_site_nw3_base0_Foundation_9_-5 valid_basis=true max_uv_excess=0.0 widest=1.0 vertices=60 derivatives=true
CEILING MAPPING: mesh=city_foundations_site_nw3_base0_Foundation_10_0 valid_basis=true max_uv_excess=0.0 widest=1.0 vertices=28 derivatives=true
CEILING MAPPING: mesh=city_foundations_site_nw3_base0_Foundation_10_1 valid_basis=true max_uv_excess=0.0 widest=1.0 vertices=28 derivatives=true
CEILING MAPPING: mesh=city_foundations_site_nw3_base0_Foundation_10_2 valid_basis=true max_uv_excess=0.0 widest=1.0 vertices=144 derivatives=true
CEILING MAPPING: mesh=city_foundations_site_nw3_base0_Foundation_10_-1 valid_basis=true max_uv_excess=0.0 widest=1.0 vertices=28 derivatives=true
CEILING MAPPING: mesh=city_foundations_site_nw3_base0_Foundation_10_-2 valid_basis=true max_uv_excess=0.0 widest=1.0 vertices=28 derivatives=true
CEILING MAPPING: mesh=city_foundations_site_nw3_base0_Foundation_10_-3 valid_basis=true max_uv_excess=0.0 widest=1.0 vertices=28 derivatives=true
CEILING MAPPING: mesh=city_foundations_site_nw3_base0_Foundation_10_-4 valid_basis=true max_uv_excess=0.0 widest=1.0 vertices=84 derivatives=true
CEILING MAPPING: mesh=city_foundations_site_nw3_base0_Foundation_10_-5 valid_basis=true max_uv_excess=0.0 widest=1.0 vertices=72 derivatives=true
CEILING MAPPING: mesh=city_foundations_site_nw3_base0_Foundation_11_0 valid_basis=true max_uv_excess=0.0 widest=1.0 vertices=4 derivatives=true
CEILING MAPPING: mesh=city_foundations_site_nw3_base0_Foundation_11_1 valid_basis=true max_uv_excess=0.0 widest=1.0 vertices=4 derivatives=true
CEILING MAPPING: mesh=city_foundations_site_nw3_base0_Foundation_11_2 valid_basis=true max_uv_excess=0.0 widest=1.0 vertices=48 derivatives=true
CEILING MAPPING: mesh=city_foundations_site_nw3_base0_Foundation_11_-1 valid_basis=true max_uv_excess=0.0 widest=1.0 vertices=4 derivatives=true
CEILING MAPPING: mesh=city_foundations_site_nw3_base0_Foundation_11_-2 valid_basis=true max_uv_excess=0.0 widest=1.0 vertices=4 derivatives=true
CEILING MAPPING: mesh=city_foundations_site_nw3_base0_Foundation_11_-3 valid_basis=true max_uv_excess=0.0 widest=1.0 vertices=4 derivatives=true
CEILING MAPPING: mesh=city_foundations_site_nw3_base0_Foundation_11_-4 valid_basis=true max_uv_excess=0.0 widest=1.0 vertices=28 derivatives=true
CEILING MAPPING: mesh=city_foundations_site_nw3_base0_Foundation_11_-5 valid_basis=true max_uv_excess=0.0 widest=1.0 vertices=24 derivatives=true
CEILING MAPPING: mesh=city_foundations_site_nw3_base0_Foundation_12_0 valid_basis=true max_uv_excess=0.0 widest=1.0 vertices=48 derivatives=true
CEILING MAPPING: mesh=city_foundations_site_nw3_base0_Foundation_12_1 valid_basis=true max_uv_excess=0.0 widest=1.0 vertices=48 derivatives=true
CEILING MAPPING: mesh=city_foundations_site_nw3_base0_Foundation_12_2 valid_basis=true max_uv_excess=0.00000005960464 widest=1.0000003405976 vertices=220 derivatives=true
CEILING MAPPING: mesh=city_foundations_site_nw3_base0_Foundation_12_-1 valid_basis=true max_uv_excess=0.0 widest=1.0 vertices=48 derivatives=true
CEILING MAPPING: mesh=city_foundations_site_nw3_base0_Foundation_12_-2 valid_basis=true max_uv_excess=0.0 widest=1.0 vertices=48 derivatives=true
CEILING MAPPING: mesh=city_foundations_site_nw3_base0_Foundation_12_-3 valid_basis=true max_uv_excess=0.0 widest=1.0 vertices=48 derivatives=true
CEILING MAPPING: mesh=city_foundations_site_nw3_base0_Foundation_12_-4 valid_basis=true max_uv_excess=0.0 widest=1.0 vertices=144 derivatives=true
CEILING MAPPING: mesh=city_foundations_site_nw3_base0_Foundation_12_-5 valid_basis=true max_uv_excess=0.0 widest=1.0 vertices=108 derivatives=true
CEILING MAPPING: mesh=city_foundations_site_nw4_base0_Foundation_12_0 valid_basis=true max_uv_excess=0.0 widest=1.0 vertices=48 derivatives=true
CEILING MAPPING: mesh=city_foundations_site_nw4_base0_Foundation_12_1 valid_basis=true max_uv_excess=0.0 widest=1.0 vertices=144 derivatives=true
CEILING MAPPING: mesh=city_foundations_site_nw4_base0_Foundation_12_2 valid_basis=true max_uv_excess=0.0 widest=1.0 vertices=108 derivatives=true
CEILING MAPPING: mesh=city_foundations_site_nw4_base0_Foundation_12_-1 valid_basis=true max_uv_excess=0.0 widest=1.0 vertices=48 derivatives=true
CEILING MAPPING: mesh=city_foundations_site_nw4_base0_Foundation_12_-2 valid_basis=true max_uv_excess=0.0 widest=1.0 vertices=48 derivatives=true
CEILING MAPPING: mesh=city_foundations_site_nw4_base0_Foundation_12_-3 valid_basis=true max_uv_excess=0.0 widest=1.0 vertices=48 derivatives=true
CEILING MAPPING: mesh=city_foundations_site_nw4_base0_Foundation_12_-4 valid_basis=true max_uv_excess=0.0 widest=1.0 vertices=144 derivatives=true
CEILING MAPPING: mesh=city_foundations_site_nw4_base0_Foundation_12_-5 valid_basis=true max_uv_excess=0.0 widest=1.0 vertices=108 derivatives=true
CEILING MAPPING: mesh=city_foundations_site_nw4_base0_Foundation_13_0 valid_basis=true max_uv_excess=0.0 widest=1.0 vertices=4 derivatives=true
CEILING MAPPING: mesh=city_foundations_site_nw4_base0_Foundation_13_1 valid_basis=true max_uv_excess=0.0 widest=1.0 vertices=28 derivatives=true
CEILING MAPPING: mesh=city_foundations_site_nw4_base0_Foundation_13_2 valid_basis=true max_uv_excess=0.0 widest=1.0 vertices=24 derivatives=true
CEILING MAPPING: mesh=city_foundations_site_nw4_base0_Foundation_13_-1 valid_basis=true max_uv_excess=0.0 widest=1.0 vertices=4 derivatives=true
CEILING MAPPING: mesh=city_foundations_site_nw4_base0_Foundation_13_-2 valid_basis=true max_uv_excess=0.0 widest=1.0 vertices=4 derivatives=true
CEILING MAPPING: mesh=city_foundations_site_nw4_base0_Foundation_13_-3 valid_basis=true max_uv_excess=0.0 widest=1.0 vertices=4 derivatives=true
CEILING MAPPING: mesh=city_foundations_site_nw4_base0_Foundation_13_-4 valid_basis=true max_uv_excess=0.0 widest=1.0 vertices=28 derivatives=true
CEILING MAPPING: mesh=city_foundations_site_nw4_base0_Foundation_13_-5 valid_basis=true max_uv_excess=0.0 widest=1.0 vertices=24 derivatives=true
CEILING MAPPING: mesh=city_foundations_site_nw4_base0_Foundation_14_0 valid_basis=true max_uv_excess=0.0 widest=1.0 vertices=4 derivatives=true
CEILING MAPPING: mesh=city_foundations_site_nw4_base0_Foundation_14_1 valid_basis=true max_uv_excess=0.0 widest=1.0 vertices=28 derivatives=true
CEILING MAPPING: mesh=city_foundations_site_nw4_base0_Foundation_14_2 valid_basis=true max_uv_excess=0.0 widest=1.0 vertices=24 derivatives=true
CEILING MAPPING: mesh=city_foundations_site_nw4_base0_Foundation_14_-1 valid_basis=true max_uv_excess=0.0 widest=1.0 vertices=4 derivatives=true
CEILING MAPPING: mesh=city_foundations_site_nw4_base0_Foundation_14_-2 valid_basis=true max_uv_excess=0.0 widest=1.0 vertices=4 derivatives=true
CEILING MAPPING: mesh=city_foundations_site_nw4_base0_Foundation_14_-3 valid_basis=true max_uv_excess=0.0 widest=1.0 vertices=4 derivatives=true
CEILING MAPPING: mesh=city_foundations_site_nw4_base0_Foundation_14_-4 valid_basis=true max_uv_excess=0.0 widest=1.0 vertices=28 derivatives=true
CEILING MAPPING: mesh=city_foundations_site_nw4_base0_Foundation_14_-5 valid_basis=true max_uv_excess=0.0 widest=1.0 vertices=24 derivatives=true
CEILING MAPPING: mesh=city_foundations_site_nw4_base0_Foundation_15_0 valid_basis=true max_uv_excess=0.0 widest=1.0 vertices=48 derivatives=true
CEILING MAPPING: mesh=city_foundations_site_nw4_base0_Foundation_15_1 valid_basis=true max_uv_excess=0.0 widest=1.0 vertices=144 derivatives=true
CEILING MAPPING: mesh=city_foundations_site_nw4_base0_Foundation_15_2 valid_basis=true max_uv_excess=0.0 widest=1.0 vertices=108 derivatives=true
CEILING MAPPING: mesh=city_foundations_site_nw4_base0_Foundation_15_-1 valid_basis=true max_uv_excess=0.0 widest=1.0 vertices=48 derivatives=true
CEILING MAPPING: mesh=city_foundations_site_nw4_base0_Foundation_15_-2 valid_basis=true max_uv_excess=0.0 widest=1.0 vertices=48 derivatives=true
CEILING MAPPING: mesh=city_foundations_site_nw4_base0_Foundation_15_-3 valid_basis=true max_uv_excess=0.0 widest=1.0 vertices=48 derivatives=true
CEILING MAPPING: mesh=city_foundations_site_nw4_base0_Foundation_15_-4 valid_basis=true max_uv_excess=0.0 widest=1.0 vertices=144 derivatives=true
CEILING MAPPING: mesh=city_foundations_site_nw4_base0_Foundation_15_-5 valid_basis=true max_uv_excess=0.0 widest=1.0 vertices=108 derivatives=true
CEILING MAPPING: mesh=city_foundations_site_se2_base0_Foundation_-9_-8 valid_basis=true max_uv_excess=0.00000001490116 widest=1.00000008514986 vertices=220 derivatives=true
CEILING MAPPING: mesh=city_foundations_site_se2_base0_Foundation_-9_-9 valid_basis=true max_uv_excess=0.0 widest=1.0 vertices=48 derivatives=true
CEILING MAPPING: mesh=city_foundations_site_se2_base0_Foundation_-9_-10 valid_basis=true max_uv_excess=0.0 widest=1.0 vertices=48 derivatives=true
CEILING MAPPING: mesh=city_foundations_site_se2_base0_Foundation_-9_-11 valid_basis=true max_uv_excess=0.0 widest=1.0 vertices=220 derivatives=true
CEILING MAPPING: mesh=city_foundations_site_se2_base0_Foundation_-10_-8 valid_basis=true max_uv_excess=0.0 widest=1.0 vertices=48 derivatives=true
CEILING MAPPING: mesh=city_foundations_site_se2_base0_Foundation_-10_-9 valid_basis=true max_uv_excess=0.0 widest=1.0 vertices=4 derivatives=true
CEILING MAPPING: mesh=city_foundations_site_se2_base0_Foundation_-10_-10 valid_basis=true max_uv_excess=0.0 widest=1.0 vertices=4 derivatives=true
CEILING MAPPING: mesh=city_foundations_site_se2_base0_Foundation_-10_-11 valid_basis=true max_uv_excess=0.0 widest=1.0 vertices=48 derivatives=true
CEILING MAPPING: mesh=city_foundations_site_se2_base0_Foundation_-11_-8 valid_basis=true max_uv_excess=0.00000047683716 widest=1.0000000935567 vertices=104 derivatives=true
CEILING MAPPING: mesh=city_foundations_site_se2_base0_Foundation_-11_-9 valid_basis=true max_uv_excess=0.00000023841858 widest=1.00000006010049 vertices=20 derivatives=true
CEILING MAPPING: mesh=city_foundations_site_se2_base0_Foundation_-11_-10 valid_basis=true max_uv_excess=0.00000023841858 widest=1.00000006010049 vertices=20 derivatives=true
CEILING MAPPING: mesh=city_foundations_site_se2_base0_Foundation_-11_-11 valid_basis=true max_uv_excess=0.00000047683716 widest=1.0000000935567 vertices=104 derivatives=true
CEILING MAPPING: mesh=city_foundations_site_se2_base0_Foundation_-12_-8 valid_basis=true max_uv_excess=0.00000001490116 widest=1.00000008514986 vertices=168 derivatives=true
CEILING MAPPING: mesh=city_foundations_site_se2_base0_Foundation_-12_-9 valid_basis=true max_uv_excess=0.00000001490116 widest=1.00000008514986 vertices=40 derivatives=true
CEILING MAPPING: mesh=city_foundations_site_se2_base0_Foundation_-12_-10 valid_basis=true max_uv_excess=0.00000001490116 widest=1.00000008514986 vertices=40 derivatives=true
CEILING MAPPING: mesh=city_foundations_site_se2_base0_Foundation_-12_-11 valid_basis=true max_uv_excess=0.00000001490116 widest=1.00000008514986 vertices=168 derivatives=true
CEILING MAPPING: mesh=city_foundations_site_se3_base0_Foundation_-12_-8 valid_basis=true max_uv_excess=0.00000001490116 widest=1.00000008514986 vertices=220 derivatives=true
CEILING MAPPING: mesh=city_foundations_site_se3_base0_Foundation_-12_-9 valid_basis=true max_uv_excess=0.0 widest=1.0 vertices=48 derivatives=true
CEILING MAPPING: mesh=city_foundations_site_se3_base0_Foundation_-12_-10 valid_basis=true max_uv_excess=0.0 widest=1.0 vertices=220 derivatives=true
CEILING MAPPING: mesh=city_foundations_site_se3_base0_Foundation_-13_-8 valid_basis=true max_uv_excess=0.0 widest=1.0 vertices=48 derivatives=true
CEILING MAPPING: mesh=city_foundations_site_se3_base0_Foundation_-13_-9 valid_basis=true max_uv_excess=0.0 widest=1.0 vertices=4 derivatives=true
CEILING MAPPING: mesh=city_foundations_site_se3_base0_Foundation_-13_-10 valid_basis=true max_uv_excess=0.0 widest=1.0 vertices=48 derivatives=true
CEILING MAPPING: mesh=city_foundations_site_se3_base0_Foundation_-14_-8 valid_basis=true max_uv_excess=0.0 widest=1.0 vertices=48 derivatives=true
CEILING MAPPING: mesh=city_foundations_site_se3_base0_Foundation_-14_-9 valid_basis=true max_uv_excess=0.0 widest=1.0 vertices=4 derivatives=true
CEILING MAPPING: mesh=city_foundations_site_se3_base0_Foundation_-14_-10 valid_basis=true max_uv_excess=0.0 widest=1.0 vertices=48 derivatives=true
CEILING MAPPING: mesh=city_foundations_site_se3_base0_Foundation_-15_-8 valid_basis=true max_uv_excess=0.00000001490116 widest=1.00000008514986 vertices=220 derivatives=true
CEILING MAPPING: mesh=city_foundations_site_se3_base0_Foundation_-15_-9 valid_basis=true max_uv_excess=0.0 widest=1.0 vertices=48 derivatives=true
CEILING MAPPING: mesh=city_foundations_site_se3_base0_Foundation_-15_-10 valid_basis=true max_uv_excess=0.0 widest=1.0 vertices=220 derivatives=true
CEILING MAPPING: mesh=city_foundations_site_sw2_base0_Foundation_8_-8 valid_basis=true max_uv_excess=0.00000011920929 widest=1.00000008514986 vertices=220 derivatives=true
CEILING MAPPING: mesh=city_foundations_site_sw2_base0_Foundation_8_-9 valid_basis=true max_uv_excess=0.00000011920929 widest=1.0000000638507 vertices=48 derivatives=true
CEILING MAPPING: mesh=city_foundations_site_sw2_base0_Foundation_8_-10 valid_basis=true max_uv_excess=0.00000011920929 widest=1.0000000638507 vertices=204 derivatives=true
CEILING MAPPING: mesh=city_foundations_site_sw2_base0_Foundation_8_-11 valid_basis=true max_uv_excess=0.00000011920929 widest=1.0000000638507 vertices=52 derivatives=true
CEILING MAPPING: mesh=city_foundations_site_sw2_base0_Foundation_9_-8 valid_basis=true max_uv_excess=0.0 widest=1.0 vertices=48 derivatives=true
CEILING MAPPING: mesh=city_foundations_site_sw2_base0_Foundation_9_-9 valid_basis=true max_uv_excess=0.0 widest=1.0 vertices=4 derivatives=true
CEILING MAPPING: mesh=city_foundations_site_sw2_base0_Foundation_9_-10 valid_basis=true max_uv_excess=0.0 widest=1.0 vertices=44 derivatives=true
CEILING MAPPING: mesh=city_foundations_site_sw2_base0_Foundation_9_-11 valid_basis=true max_uv_excess=0.0 widest=1.0 vertices=12 derivatives=true
CEILING MAPPING: mesh=city_foundations_site_sw2_base0_Foundation_10_-8 valid_basis=true max_uv_excess=0.0 widest=1.0 vertices=48 derivatives=true
CEILING MAPPING: mesh=city_foundations_site_sw2_base0_Foundation_10_-9 valid_basis=true max_uv_excess=0.0 widest=1.0 vertices=4 derivatives=true
CEILING MAPPING: mesh=city_foundations_site_sw2_base0_Foundation_10_-10 valid_basis=true max_uv_excess=0.0 widest=1.0 vertices=44 derivatives=true
CEILING MAPPING: mesh=city_foundations_site_sw2_base0_Foundation_10_-11 valid_basis=true max_uv_excess=0.0 widest=1.0 vertices=12 derivatives=true
CEILING MAPPING: mesh=city_foundations_site_sw2_base0_Foundation_11_-8 valid_basis=true max_uv_excess=0.00000005960464 widest=1.00000017029973 vertices=220 derivatives=true
CEILING MAPPING: mesh=city_foundations_site_sw2_base0_Foundation_11_-9 valid_basis=true max_uv_excess=0.00000005960464 widest=1.00000017029973 vertices=48 derivatives=true
CEILING MAPPING: mesh=city_foundations_site_sw2_base0_Foundation_11_-10 valid_basis=true max_uv_excess=0.00000005960464 widest=1.00000017029973 vertices=204 derivatives=true
CEILING MAPPING: mesh=city_foundations_site_sw2_base0_Foundation_11_-11 valid_basis=true max_uv_excess=0.00000008940697 widest=1.00000025494647 vertices=52 derivatives=true
CEILING MAPPING: mesh=city_foundations_site_sw3_base0_Foundation_11_-8 valid_basis=true max_uv_excess=0.00000001490116 widest=1.00000008514986 vertices=220 derivatives=true
CEILING MAPPING: mesh=city_foundations_site_sw3_base0_Foundation_11_-9 valid_basis=true max_uv_excess=0.0 widest=1.0 vertices=48 derivatives=true
CEILING MAPPING: mesh=city_foundations_site_sw3_base0_Foundation_11_-10 valid_basis=true max_uv_excess=0.0 widest=1.0 vertices=48 derivatives=true
CEILING MAPPING: mesh=city_foundations_site_sw3_base0_Foundation_11_-11 valid_basis=true max_uv_excess=0.00000023841858 widest=1.00000068119891 vertices=220 derivatives=true
CEILING MAPPING: mesh=city_foundations_site_sw3_base0_Foundation_12_-8 valid_basis=true max_uv_excess=0.0 widest=1.0 vertices=48 derivatives=true
CEILING MAPPING: mesh=city_foundations_site_sw3_base0_Foundation_12_-9 valid_basis=true max_uv_excess=0.0 widest=1.0 vertices=4 derivatives=true
CEILING MAPPING: mesh=city_foundations_site_sw3_base0_Foundation_12_-10 valid_basis=true max_uv_excess=0.0 widest=1.0 vertices=4 derivatives=true
CEILING MAPPING: mesh=city_foundations_site_sw3_base0_Foundation_12_-11 valid_basis=true max_uv_excess=0.00000023841858 widest=1.00000068119891 vertices=48 derivatives=true
CEILING MAPPING: mesh=city_foundations_site_sw3_base0_Foundation_13_-8 valid_basis=true max_uv_excess=0.0 widest=1.0 vertices=48 derivatives=true
CEILING MAPPING: mesh=city_foundations_site_sw3_base0_Foundation_13_-9 valid_basis=true max_uv_excess=0.0 widest=1.0 vertices=4 derivatives=true
CEILING MAPPING: mesh=city_foundations_site_sw3_base0_Foundation_13_-10 valid_basis=true max_uv_excess=0.0 widest=1.0 vertices=4 derivatives=true
CEILING MAPPING: mesh=city_foundations_site_sw3_base0_Foundation_13_-11 valid_basis=true max_uv_excess=0.00000023841858 widest=1.00000068119891 vertices=48 derivatives=true
CEILING MAPPING: mesh=city_foundations_site_sw3_base0_Foundation_14_-8 valid_basis=true max_uv_excess=0.00000001490116 widest=1.00000008514986 vertices=220 derivatives=true
CEILING MAPPING: mesh=city_foundations_site_sw3_base0_Foundation_14_-9 valid_basis=true max_uv_excess=0.0 widest=1.0 vertices=48 derivatives=true
CEILING MAPPING: mesh=city_foundations_site_sw3_base0_Foundation_14_-10 valid_basis=true max_uv_excess=0.0 widest=1.0 vertices=48 derivatives=true
CEILING MAPPING: mesh=city_foundations_site_sw3_base0_Foundation_14_-11 valid_basis=true max_uv_excess=0.00000023841858 widest=1.00000068119891 vertices=220 derivatives=true
CEILING MAPPING: mesh=orison_ground_Court_asphalt_N1_N3 valid_basis=true max_uv_excess=0.0 widest=1.0 vertices=16 derivatives=true
CEILING MAPPING: mesh=orison_ground_Court_asphalt_N1_N5 valid_basis=true max_uv_excess=0.0 widest=1.0 vertices=4 derivatives=true
CEILING MAPPING: mesh=orison_ground_Court_asphalt_N1_N6 valid_basis=true max_uv_excess=0.0 widest=1.0 vertices=4 derivatives=true
CEILING MAPPING: mesh=orison_ground_Court_asphalt_N1_N7 valid_basis=true max_uv_excess=0.0 widest=1.0 vertices=4 derivatives=true
CEILING MAPPING: mesh=orison_ground_Court_asphalt_N1_N8 valid_basis=true max_uv_excess=0.0 widest=1.0 vertices=4 derivatives=true
CEILING MAPPING: mesh=orison_ground_Court_asphalt_N1_N11 valid_basis=true max_uv_excess=0.0 widest=1.0 vertices=4 derivatives=true
CEILING MAPPING: mesh=orison_ground_Court_asphalt_N1_N12 valid_basis=true max_uv_excess=0.0 widest=1.0 vertices=4 derivatives=true
CEILING MAPPING: mesh=orison_ground_Court_asphalt_N1_N13 valid_basis=true max_uv_excess=0.0 widest=1.0 vertices=4 derivatives=true
CEILING MAPPING: mesh=orison_ground_Court_asphalt_N1_N14 valid_basis=true max_uv_excess=0.0 widest=1.0 vertices=4 derivatives=true
CEILING MAPPING: mesh=orison_ground_Court_asphalt_N1_N15 valid_basis=true max_uv_excess=0.0 widest=1.0 vertices=4 derivatives=true
CEILING MAPPING: mesh=orison_ground_Court_asphalt_N1_N16 valid_basis=true max_uv_excess=0.0 widest=1.0 vertices=4 derivatives=true
CEILING MAPPING: mesh=orison_ground_Court_asphalt_N1_N17 valid_basis=true max_uv_excess=0.0 widest=1.0 vertices=4 derivatives=true
CEILING MAPPING: mesh=orison_ground_Court_asphalt_N1_N18 valid_basis=true max_uv_excess=0.0 widest=1.0 vertices=4 derivatives=true
CEILING MAPPING: mesh=orison_ground_Court_asphalt_N1_N26 valid_basis=true max_uv_excess=0.0 widest=1.0 vertices=4 derivatives=true
CEILING MAPPING: mesh=orison_ground_Court_asphalt_N1_N27 valid_basis=true max_uv_excess=0.0 widest=1.0 vertices=8 derivatives=true
CEILING MAPPING: mesh=orison_ground_Court_asphalt_N1_P2 valid_basis=true max_uv_excess=0.0 widest=1.0 vertices=16 derivatives=true
CEILING MAPPING: mesh=orison_ground_Court_asphalt_N1_P3 valid_basis=true max_uv_excess=0.0 widest=1.0 vertices=4 derivatives=true
CEILING MAPPING: mesh=orison_ground_Court_asphalt_N1_P4 valid_basis=true max_uv_excess=0.0 widest=1.0 vertices=4 derivatives=true
CEILING MAPPING: mesh=orison_ground_Court_asphalt_N1_P5 valid_basis=true max_uv_excess=0.0 widest=1.0 vertices=4 derivatives=true
CEILING MAPPING: mesh=orison_ground_Court_asphalt_N1_P6 valid_basis=true max_uv_excess=0.0 widest=1.0 vertices=4 derivatives=true
CEILING MAPPING: mesh=orison_ground_Court_asphalt_N1_P7 valid_basis=true max_uv_excess=0.0 widest=1.0 vertices=4 derivatives=true
CEILING MAPPING: mesh=orison_ground_Court_asphalt_N1_P8 valid_basis=true max_uv_excess=0.0 widest=1.0 vertices=4 derivatives=true
CEILING MAPPING: mesh=orison_ground_Court_asphalt_N1_P15 valid_basis=true max_uv_excess=0.0 widest=1.0 vertices=8 derivatives=true
CEILING MAPPING: mesh=orison_ground_Court_asphalt_N2_N3 valid_basis=true max_uv_excess=0.0 widest=1.0 vertices=16 derivatives=true
CEILING MAPPING: mesh=orison_ground_Court_asphalt_N2_N5 valid_basis=true max_uv_excess=0.0 widest=1.0 vertices=4 derivatives=true
CEILING MAPPING: mesh=orison_ground_Court_asphalt_N2_N6 valid_basis=true max_uv_excess=0.0 widest=1.0 vertices=4 derivatives=true
CEILING MAPPING: mesh=orison_ground_Court_asphalt_N2_N7 valid_basis=true max_uv_excess=0.0 widest=1.0 vertices=4 derivatives=true
CEILING MAPPING: mesh=orison_ground_Court_asphalt_N2_N8 valid_basis=true max_uv_excess=0.0 widest=1.0 vertices=16 derivatives=true
CEILING MAPPING: mesh=orison_ground_Court_asphalt_N2_N9 valid_basis=true max_uv_excess=0.0 widest=1.0 vertices=4 derivatives=true
CEILING MAPPING: mesh=orison_ground_Court_asphalt_N2_N10 valid_basis=true max_uv_excess=0.0 widest=1.0 vertices=8 derivatives=true
CEILING MAPPING: mesh=orison_ground_Court_asphalt_N2_N11 valid_basis=true max_uv_excess=0.0 widest=1.0 vertices=4 derivatives=true
CEILING MAPPING: mesh=orison_ground_Court_asphalt_N2_N12 valid_basis=true max_uv_excess=0.0 widest=1.0 vertices=4 derivatives=true
CEILING MAPPING: mesh=orison_ground_Court_asphalt_N2_N13 valid_basis=true max_uv_excess=0.0 widest=1.0 vertices=4 derivatives=true
CEILING MAPPING: mesh=orison_ground_Court_asphalt_N2_N14 valid_basis=true max_uv_excess=0.0 widest=1.0 vertices=4 derivatives=true
CEILING MAPPING: mesh=orison_ground_Court_asphalt_N2_N15 valid_basis=true max_uv_excess=0.0 widest=1.0 vertices=4 derivatives=true
CEILING MAPPING: mesh=orison_ground_Court_asphalt_N2_N16 valid_basis=true max_uv_excess=0.0 widest=1.0 vertices=4 derivatives=true
CEILING MAPPING: mesh=orison_ground_Court_asphalt_N2_N17 valid_basis=true max_uv_excess=0.0 widest=1.0 vertices=4 derivatives=true
CEILING MAPPING: mesh=orison_ground_Court_asphalt_N2_N18 valid_basis=true max_uv_excess=0.0 widest=1.0 vertices=4 derivatives=true
CEILING MAPPING: mesh=orison_ground_Court_asphalt_N2_N26 valid_basis=true max_uv_excess=0.0 widest=1.0 vertices=4 derivatives=true
CEILING MAPPING: mesh=orison_ground_Court_asphalt_N2_N27 valid_basis=true max_uv_excess=0.0 widest=1.0 vertices=8 derivatives=true
CEILING MAPPING: mesh=orison_ground_Court_asphalt_N2_P2 valid_basis=true max_uv_excess=0.0 widest=1.0 vertices=16 derivatives=true
CEILING MAPPING: mesh=orison_ground_Court_asphalt_N2_P3 valid_basis=true max_uv_excess=0.0 widest=1.0 vertices=4 derivatives=true
CEILING MAPPING: mesh=orison_ground_Court_asphalt_N2_P4 valid_basis=true max_uv_excess=0.0 widest=1.0 vertices=4 derivatives=true
CEILING MAPPING: mesh=orison_ground_Court_asphalt_N2_P5 valid_basis=true max_uv_excess=0.0 widest=1.0 vertices=4 derivatives=true
CEILING MAPPING: mesh=orison_ground_Court_asphalt_N2_P6 valid_basis=true max_uv_excess=0.0 widest=1.0 vertices=4 derivatives=true
CEILING MAPPING: mesh=orison_ground_Court_asphalt_N2_P7 valid_basis=true max_uv_excess=0.0 widest=1.0 vertices=4 derivatives=true
CEILING MAPPING: mesh=orison_ground_Court_asphalt_N2_P8 valid_basis=true max_uv_excess=0.0 widest=1.0 vertices=4 derivatives=true
CEILING MAPPING: mesh=orison_ground_Court_asphalt_N2_P15 valid_basis=true max_uv_excess=0.0 widest=1.0 vertices=8 derivatives=true
CEILING MAPPING: mesh=orison_ground_Court_asphalt_N3_N5 valid_basis=true max_uv_excess=0.0 widest=1.0 vertices=4 derivatives=true
CEILING MAPPING: mesh=orison_ground_Court_asphalt_N3_N6 valid_basis=true max_uv_excess=0.0 widest=1.0 vertices=4 derivatives=true
CEILING MAPPING: mesh=orison_ground_Court_asphalt_N3_N7 valid_basis=true max_uv_excess=0.0 widest=1.0 vertices=4 derivatives=true
CEILING MAPPING: mesh=orison_ground_Court_asphalt_N3_N8 valid_basis=true max_uv_excess=0.0 widest=1.0 vertices=4 derivatives=true
CEILING MAPPING: mesh=orison_ground_Court_asphalt_N3_N9 valid_basis=true max_uv_excess=0.0 widest=1.0 vertices=4 derivatives=true
CEILING MAPPING: mesh=orison_ground_Court_asphalt_N3_N10 valid_basis=true max_uv_excess=0.0 widest=1.0 vertices=4 derivatives=true
CEILING MAPPING: mesh=orison_ground_Court_asphalt_N3_N11 valid_basis=true max_uv_excess=0.0 widest=1.0 vertices=4 derivatives=true
CEILING MAPPING: mesh=orison_ground_Court_asphalt_N3_N12 valid_basis=true max_uv_excess=0.0 widest=1.0 vertices=4 derivatives=true
CEILING MAPPING: mesh=orison_ground_Court_asphalt_N3_N13 valid_basis=true max_uv_excess=0.0 widest=1.0 vertices=4 derivatives=true
CEILING MAPPING: mesh=orison_ground_Court_asphalt_N3_N14 valid_basis=true max_uv_excess=0.0 widest=1.0 vertices=4 derivatives=true
CEILING MAPPING: mesh=orison_ground_Court_asphalt_N3_N15 valid_basis=true max_uv_excess=0.0 widest=1.0 vertices=4 derivatives=true
CEILING MAPPING: mesh=orison_ground_Court_asphalt_N3_N16 valid_basis=true max_uv_excess=0.0 widest=1.0 vertices=4 derivatives=true
CEILING MAPPING: mesh=orison_ground_Court_asphalt_N3_N17 valid_basis=true max_uv_excess=0.0 widest=1.0 vertices=4 derivatives=true
CEILING MAPPING: mesh=orison_ground_Court_asphalt_N3_N18 valid_basis=true max_uv_excess=0.0 widest=1.0 vertices=4 derivatives=true
CEILING MAPPING: mesh=orison_ground_Court_asphalt_N3_N26 valid_basis=true max_uv_excess=0.0 widest=1.0 vertices=4 derivatives=true
CEILING MAPPING: mesh=orison_ground_Court_asphalt_N3_N27 valid_basis=true max_uv_excess=0.0 widest=1.0 vertices=8 derivatives=true
CEILING MAPPING: mesh=orison_ground_Court_asphalt_N3_P1 valid_basis=true max_uv_excess=0.0 widest=1.0 vertices=12 derivatives=true
CEILING MAPPING: mesh=orison_ground_Court_asphalt_N3_P2 valid_basis=true max_uv_excess=0.0 widest=1.0 vertices=32 derivatives=true
CEILING MAPPING: mesh=orison_ground_Court_asphalt_N3_P3 valid_basis=true max_uv_excess=0.0 widest=1.0 vertices=4 derivatives=true
CEILING MAPPING: mesh=orison_ground_Court_asphalt_N3_P4 valid_basis=true max_uv_excess=0.0 widest=1.0 vertices=4 derivatives=true
CEILING MAPPING: mesh=orison_ground_Court_asphalt_N3_P5 valid_basis=true max_uv_excess=0.0 widest=1.0 vertices=4 derivatives=true
CEILING MAPPING: mesh=orison_ground_Court_asphalt_N3_P6 valid_basis=true max_uv_excess=0.0 widest=1.0 vertices=4 derivatives=true
CEILING MAPPING: mesh=orison_ground_Court_asphalt_N3_P7 valid_basis=true max_uv_excess=0.0 widest=1.0 vertices=4 derivatives=true
CEILING MAPPING: mesh=orison_ground_Court_asphalt_N3_P8 valid_basis=true max_uv_excess=0.0 widest=1.0 vertices=4 derivatives=true
CEILING MAPPING: mesh=orison_ground_Court_asphalt_N3_P15 valid_basis=true max_uv_excess=0.0 widest=1.0 vertices=8 derivatives=true
CEILING MAPPING: mesh=orison_ground_Court_asphalt_N4_N1 valid_basis=true max_uv_excess=0.0 widest=1.0 vertices=8 derivatives=true
CEILING MAPPING: mesh=orison_ground_Court_asphalt_N4_N2 valid_basis=true max_uv_excess=0.0 widest=1.0 vertices=28 derivatives=true
CEILING MAPPING: mesh=orison_ground_Court_asphalt_N4_N3 valid_basis=true max_uv_excess=0.0 widest=1.0 vertices=8 derivatives=true
CEILING MAPPING: mesh=orison_ground_Court_asphalt_N4_N5 valid_basis=true max_uv_excess=0.0 widest=1.0 vertices=4 derivatives=true
CEILING MAPPING: mesh=orison_ground_Court_asphalt_N4_N6 valid_basis=true max_uv_excess=0.0 widest=1.0 vertices=4 derivatives=true
CEILING MAPPING: mesh=orison_ground_Court_asphalt_N4_N7 valid_basis=true max_uv_excess=0.0 widest=1.0 vertices=4 derivatives=true
CEILING MAPPING: mesh=orison_ground_Court_asphalt_N4_N8 valid_basis=true max_uv_excess=0.0 widest=1.0 vertices=4 derivatives=true
CEILING MAPPING: mesh=orison_ground_Court_asphalt_N4_N9 valid_basis=true max_uv_excess=0.0 widest=1.0 vertices=4 derivatives=true
CEILING MAPPING: mesh=orison_ground_Court_asphalt_N4_N10 valid_basis=true max_uv_excess=0.0 widest=1.0 vertices=4 derivatives=true
CEILING MAPPING: mesh=orison_ground_Court_asphalt_N4_N11 valid_basis=true max_uv_excess=0.0 widest=1.0 vertices=4 derivatives=true
CEILING MAPPING: mesh=orison_ground_Court_asphalt_N4_N12 valid_basis=true max_uv_excess=0.0 widest=1.0 vertices=4 derivatives=true
CEILING MAPPING: mesh=orison_ground_Court_asphalt_N4_N13 valid_basis=true max_uv_excess=0.0 widest=1.0 vertices=4 derivatives=true
CEILING MAPPING: mesh=orison_ground_Court_asphalt_N4_N14 valid_basis=true max_uv_excess=0.0 widest=1.0 vertices=4 derivatives=true
CEILING MAPPING: mesh=orison_ground_Court_asphalt_N4_N15 valid_basis=true max_uv_excess=0.0 widest=1.0 vertices=4 derivatives=true
CEILING MAPPING: mesh=orison_ground_Court_asphalt_N4_N16 valid_basis=true max_uv_excess=0.0 widest=1.0 vertices=4 derivatives=true
CEILING MAPPING: mesh=orison_ground_Court_asphalt_N4_N17 valid_basis=true max_uv_excess=0.0 widest=1.0 vertices=4 derivatives=true
CEILING MAPPING: mesh=orison_ground_Court_asphalt_N4_N18 valid_basis=true max_uv_excess=0.0 widest=1.0 vertices=4 derivatives=true
CEILING MAPPING: mesh=orison_ground_Court_asphalt_N4_N26 valid_basis=true max_uv_excess=0.0 widest=1.0 vertices=4 derivatives=true
CEILING MAPPING: mesh=orison_ground_Court_asphalt_N4_N27 valid_basis=true max_uv_excess=0.0 widest=1.0 vertices=8 derivatives=true
CEILING MAPPING: mesh=orison_ground_Court_asphalt_N4_P0 valid_basis=true max_uv_excess=0.00000023841858 widest=1.00000079472872 vertices=28 derivatives=true
CEILING MAPPING: mesh=orison_ground_Court_asphalt_N4_P1 valid_basis=true max_uv_excess=0.0 widest=1.0 vertices=48 derivatives=true
CEILING MAPPING: mesh=orison_ground_Court_asphalt_N4_P2 valid_basis=true max_uv_excess=0.0 widest=1.0 vertices=32 derivatives=true
CEILING MAPPING: mesh=orison_ground_Court_asphalt_N4_P3 valid_basis=true max_uv_excess=0.0 widest=1.0 vertices=4 derivatives=true
CEILING MAPPING: mesh=orison_ground_Court_asphalt_N4_P4 valid_basis=true max_uv_excess=0.0 widest=1.0 vertices=8 derivatives=true
CEILING MAPPING: mesh=orison_ground_Court_asphalt_N4_P5 valid_basis=true max_uv_excess=0.0 widest=1.0 vertices=8 derivatives=true
CEILING MAPPING: mesh=orison_ground_Court_asphalt_N4_P6 valid_basis=true max_uv_excess=0.0 widest=1.0 vertices=4 derivatives=true
CEILING MAPPING: mesh=orison_ground_Court_asphalt_N4_P7 valid_basis=true max_uv_excess=0.0 widest=1.0 vertices=4 derivatives=true
CEILING MAPPING: mesh=orison_ground_Court_asphalt_N4_P8 valid_basis=true max_uv_excess=0.0 widest=1.0 vertices=8 derivatives=true
CEILING MAPPING: mesh=orison_ground_Court_asphalt_N4_P9 valid_basis=true max_uv_excess=0.0 widest=1.0 vertices=4 derivatives=true
CEILING MAPPING: mesh=orison_ground_Court_asphalt_N4_P10 valid_basis=true max_uv_excess=0.0 widest=1.0 vertices=4 derivatives=true
CEILING MAPPING: mesh=orison_ground_Court_asphalt_N4_P11 valid_basis=true max_uv_excess=0.0 widest=1.0 vertices=4 derivatives=true
CEILING MAPPING: mesh=orison_ground_Court_asphalt_N4_P12 valid_basis=true max_uv_excess=0.0 widest=1.0 vertices=4 derivatives=true
CEILING MAPPING: mesh=orison_ground_Court_asphalt_N4_P13 valid_basis=true max_uv_excess=0.0 widest=1.0 vertices=4 derivatives=true
CEILING MAPPING: mesh=orison_ground_Court_asphalt_N4_P14 valid_basis=true max_uv_excess=0.0 widest=1.0 vertices=4 derivatives=true
CEILING MAPPING: mesh=orison_ground_Court_asphalt_N4_P15 valid_basis=true max_uv_excess=0.0 widest=1.0 vertices=12 derivatives=true
CEILING MAPPING: mesh=orison_ground_Court_asphalt_N5_N1 valid_basis=true max_uv_excess=0.0 widest=1.0 vertices=20 derivatives=true
CEILING MAPPING: mesh=orison_ground_Court_asphalt_N5_N2 valid_basis=true max_uv_excess=0.0 widest=1.0 vertices=24 derivatives=true
CEILING MAPPING: mesh=orison_ground_Court_asphalt_N5_N3 valid_basis=true max_uv_excess=0.0 widest=1.0 vertices=4 derivatives=true
CEILING MAPPING: mesh=orison_ground_Court_asphalt_N5_N5 valid_basis=true max_uv_excess=0.0 widest=1.0 vertices=4 derivatives=true
CEILING MAPPING: mesh=orison_ground_Court_asphalt_N5_N6 valid_basis=true max_uv_excess=0.0 widest=1.0 vertices=4 derivatives=true
CEILING MAPPING: mesh=orison_ground_Court_asphalt_N5_N7 valid_basis=true max_uv_excess=0.0 widest=1.0 vertices=4 derivatives=true
CEILING MAPPING: mesh=orison_ground_Court_asphalt_N5_N8 valid_basis=true max_uv_excess=0.0 widest=1.0 vertices=4 derivatives=true
CEILING MAPPING: mesh=orison_ground_Court_asphalt_N5_N9 valid_basis=true max_uv_excess=0.0 widest=1.0 vertices=4 derivatives=true
CEILING MAPPING: mesh=orison_ground_Court_asphalt_N5_N10 valid_basis=true max_uv_excess=0.0 widest=1.0 vertices=4 derivatives=true
CEILING MAPPING: mesh=orison_ground_Court_asphalt_N5_N11 valid_basis=true max_uv_excess=0.0 widest=1.0 vertices=4 derivatives=true
CEILING MAPPING: mesh=orison_ground_Court_asphalt_N5_N12 valid_basis=true max_uv_excess=0.0 widest=1.0 vertices=4 derivatives=true
CEILING MAPPING: mesh=orison_ground_Court_asphalt_N5_N13 valid_basis=true max_uv_excess=0.0 widest=1.0 vertices=4 derivatives=true
CEILING MAPPING: mesh=orison_ground_Court_asphalt_N5_N14 valid_basis=true max_uv_excess=0.0 widest=1.0 vertices=4 derivatives=true
CEILING MAPPING: mesh=orison_ground_Court_asphalt_N5_N15 valid_basis=true max_uv_excess=0.0 widest=1.0 vertices=4 derivatives=true
CEILING MAPPING: mesh=orison_ground_Court_asphalt_N5_N16 valid_basis=true max_uv_excess=0.0 widest=1.0 vertices=4 derivatives=true
CEILING MAPPING: mesh=orison_ground_Court_asphalt_N5_N17 valid_basis=true max_uv_excess=0.0 widest=1.0 vertices=4 derivatives=true
CEILING MAPPING: mesh=orison_ground_Court_asphalt_N5_N18 valid_basis=true max_uv_excess=0.0 widest=1.0 vertices=4 derivatives=true
CEILING MAPPING: mesh=orison_ground_Court_asphalt_N5_N26 valid_basis=true max_uv_excess=0.0 widest=1.0 vertices=4 derivatives=true
CEILING MAPPING: mesh=orison_ground_Court_asphalt_N5_N27 valid_basis=true max_uv_excess=0.0 widest=1.0 vertices=8 derivatives=true
CEILING MAPPING: mesh=orison_ground_Court_asphalt_N5_P0 valid_basis=true max_uv_excess=0.00000023841858 widest=1.00000079472872 vertices=24 derivatives=true
CEILING MAPPING: mesh=orison_ground_Court_asphalt_N5_P1 valid_basis=true max_uv_excess=0.0 widest=1.0 vertices=52 derivatives=true
CEILING MAPPING: mesh=orison_ground_Court_asphalt_N5_P2 valid_basis=true max_uv_excess=0.0 widest=1.0 vertices=4 derivatives=true
CEILING MAPPING: mesh=orison_ground_Court_asphalt_N5_P3 valid_basis=true max_uv_excess=0.0 widest=1.0 vertices=4 derivatives=true
CEILING MAPPING: mesh=orison_ground_Court_asphalt_N5_P4 valid_basis=true max_uv_excess=0.0 widest=1.0 vertices=4 derivatives=true
CEILING MAPPING: mesh=orison_ground_Court_asphalt_N5_P5 valid_basis=true max_uv_excess=0.0 widest=1.0 vertices=4 derivatives=true
CEILING MAPPING: mesh=orison_ground_Court_asphalt_N5_P6 valid_basis=true max_uv_excess=0.0 widest=1.0 vertices=4 derivatives=true
CEILING MAPPING: mesh=orison_ground_Court_asphalt_N5_P7 valid_basis=true max_uv_excess=0.0 widest=1.0 vertices=4 derivatives=true
CEILING MAPPING: mesh=orison_ground_Court_asphalt_N5_P8 valid_basis=true max_uv_excess=0.0 widest=1.0 vertices=4 derivatives=true
CEILING MAPPING: mesh=orison_ground_Court_asphalt_N5_P9 valid_basis=true max_uv_excess=0.0 widest=1.0 vertices=4 derivatives=true
CEILING MAPPING: mesh=orison_ground_Court_asphalt_N5_P10 valid_basis=true max_uv_excess=0.0 widest=1.0 vertices=4 derivatives=true
CEILING MAPPING: mesh=orison_ground_Court_asphalt_N5_P11 valid_basis=true max_uv_excess=0.0 widest=1.0 vertices=4 derivatives=true
CEILING MAPPING: mesh=orison_ground_Court_asphalt_N5_P12 valid_basis=true max_uv_excess=0.0 widest=1.0 vertices=4 derivatives=true
CEILING MAPPING: mesh=orison_ground_Court_asphalt_N5_P13 valid_basis=true max_uv_excess=0.0 widest=1.0 vertices=4 derivatives=true
CEILING MAPPING: mesh=orison_ground_Court_asphalt_N5_P14 valid_basis=true max_uv_excess=0.0 widest=1.0 vertices=4 derivatives=true
CEILING MAPPING: mesh=orison_ground_Court_asphalt_N5_P15 valid_basis=true max_uv_excess=0.0 widest=1.0 vertices=8 derivatives=true
CEILING MAPPING: mesh=orison_ground_Court_asphalt_N6_N1 valid_basis=true max_uv_excess=0.0 widest=1.0 vertices=20 derivatives=true
CEILING MAPPING: mesh=orison_ground_Court_asphalt_N6_N2 valid_basis=true max_uv_excess=0.0 widest=1.0 vertices=4 derivatives=true
CEILING MAPPING: mesh=orison_ground_Court_asphalt_N6_N3 valid_basis=true max_uv_excess=0.0 widest=1.0 vertices=8 derivatives=true
CEILING MAPPING: mesh=orison_ground_Court_asphalt_N6_N5 valid_basis=true max_uv_excess=0.0 widest=1.0 vertices=4 derivatives=true
CEILING MAPPING: mesh=orison_ground_Court_asphalt_N6_N6 valid_basis=true max_uv_excess=0.0 widest=1.0 vertices=4 derivatives=true
CEILING MAPPING: mesh=orison_ground_Court_asphalt_N6_N7 valid_basis=true max_uv_excess=0.0 widest=1.0 vertices=4 derivatives=true
CEILING MAPPING: mesh=orison_ground_Court_asphalt_N6_N8 valid_basis=true max_uv_excess=0.0 widest=1.0 vertices=4 derivatives=true
CEILING MAPPING: mesh=orison_ground_Court_asphalt_N6_N9 valid_basis=true max_uv_excess=0.0 widest=1.0 vertices=4 derivatives=true
CEILING MAPPING: mesh=orison_ground_Court_asphalt_N6_N10 valid_basis=true max_uv_excess=0.0 widest=1.0 vertices=4 derivatives=true
CEILING MAPPING: mesh=orison_ground_Court_asphalt_N6_N11 valid_basis=true max_uv_excess=0.0 widest=1.0 vertices=4 derivatives=true
CEILING MAPPING: mesh=orison_ground_Court_asphalt_N6_N12 valid_basis=true max_uv_excess=0.0 widest=1.0 vertices=4 derivatives=true
CEILING MAPPING: mesh=orison_ground_Court_asphalt_N6_N13 valid_basis=true max_uv_excess=0.0 widest=1.0 vertices=4 derivatives=true
CEILING MAPPING: mesh=orison_ground_Court_asphalt_N6_N14 valid_basis=true max_uv_excess=0.0 widest=1.0 vertices=4 derivatives=true
CEILING MAPPING: mesh=orison_ground_Court_asphalt_N6_N15 valid_basis=true max_uv_excess=0.0 widest=1.0 vertices=4 derivatives=true
CEILING MAPPING: mesh=orison_ground_Court_asphalt_N6_N16 valid_basis=true max_uv_excess=0.0 widest=1.0 vertices=4 derivatives=true
CEILING MAPPING: mesh=orison_ground_Court_asphalt_N6_N17 valid_basis=true max_uv_excess=0.0 widest=1.0 vertices=4 derivatives=true
CEILING MAPPING: mesh=orison_ground_Court_asphalt_N6_N18 valid_basis=true max_uv_excess=0.0 widest=1.0 vertices=8 derivatives=true
CEILING MAPPING: mesh=orison_ground_Court_asphalt_N6_N19 valid_basis=true max_uv_excess=0.0 widest=1.0 vertices=4 derivatives=true
CEILING MAPPING: mesh=orison_ground_Court_asphalt_N6_N20 valid_basis=true max_uv_excess=0.0 widest=1.0 vertices=4 derivatives=true
CEILING MAPPING: mesh=orison_ground_Court_asphalt_N6_N21 valid_basis=true max_uv_excess=0.0 widest=1.0 vertices=4 derivatives=true
CEILING MAPPING: mesh=orison_ground_Court_asphalt_N6_N22 valid_basis=true max_uv_excess=0.0 widest=1.0 vertices=4 derivatives=true
CEILING MAPPING: mesh=orison_ground_Court_asphalt_N6_N23 valid_basis=true max_uv_excess=0.0 widest=1.0 vertices=4 derivatives=true
CEILING MAPPING: mesh=orison_ground_Court_asphalt_N6_N24 valid_basis=true max_uv_excess=0.0 widest=1.0 vertices=4 derivatives=true
CEILING MAPPING: mesh=orison_ground_Court_asphalt_N6_N25 valid_basis=true max_uv_excess=0.0 widest=1.0 vertices=4 derivatives=true
CEILING MAPPING: mesh=orison_ground_Court_asphalt_N6_N26 valid_basis=true max_uv_excess=0.0 widest=1.0 vertices=8 derivatives=true
CEILING MAPPING: mesh=orison_ground_Court_asphalt_N6_N27 valid_basis=true max_uv_excess=0.0 widest=1.0 vertices=8 derivatives=true
CEILING MAPPING: mesh=orison_ground_Court_asphalt_N6_P0 valid_basis=true max_uv_excess=0.0 widest=1.0 vertices=4 derivatives=true
CEILING MAPPING: mesh=orison_ground_Court_asphalt_N6_P1 valid_basis=true max_uv_excess=0.0 widest=1.0 vertices=4 derivatives=true
CEILING MAPPING: mesh=orison_ground_Court_asphalt_N6_P2 valid_basis=true max_uv_excess=0.0 widest=1.0 vertices=4 derivatives=true
CEILING MAPPING: mesh=orison_ground_Court_asphalt_N6_P3 valid_basis=true max_uv_excess=0.0 widest=1.0 vertices=4 derivatives=true
CEILING MAPPING: mesh=orison_ground_Court_asphalt_N6_P4 valid_basis=true max_uv_excess=0.0 widest=1.0 vertices=4 derivatives=true
CEILING MAPPING: mesh=orison_ground_Court_asphalt_N6_P5 valid_basis=true max_uv_excess=0.0 widest=1.0 vertices=4 derivatives=true
CEILING MAPPING: mesh=orison_ground_Court_asphalt_N6_P6 valid_basis=true max_uv_excess=0.0 widest=1.0 vertices=4 derivatives=true
CEILING MAPPING: mesh=orison_ground_Court_asphalt_N6_P7 valid_basis=true max_uv_excess=0.0 widest=1.0 vertices=4 derivatives=true
CEILING MAPPING: mesh=orison_ground_Court_asphalt_N6_P8 valid_basis=true max_uv_excess=0.0 widest=1.0 vertices=4 derivatives=true
CEILING MAPPING: mesh=orison_ground_Court_asphalt_N6_P9 valid_basis=true max_uv_excess=0.0 widest=1.0 vertices=4 derivatives=true
CEILING MAPPING: mesh=orison_ground_Court_asphalt_N6_P10 valid_basis=true max_uv_excess=0.0 widest=1.0 vertices=4 derivatives=true
CEILING MAPPING: mesh=orison_ground_Court_asphalt_N6_P11 valid_basis=true max_uv_excess=0.0 widest=1.0 vertices=4 derivatives=true
CEILING MAPPING: mesh=orison_ground_Court_asphalt_N6_P12 valid_basis=true max_uv_excess=0.0 widest=1.0 vertices=4 derivatives=true
CEILING MAPPING: mesh=orison_ground_Court_asphalt_N6_P13 valid_basis=true max_uv_excess=0.0 widest=1.0 vertices=4 derivatives=true
CEILING MAPPING: mesh=orison_ground_Court_asphalt_N6_P14 valid_basis=true max_uv_excess=0.0 widest=1.0 vertices=4 derivatives=true
CEILING MAPPING: mesh=orison_ground_Court_asphalt_N6_P15 valid_basis=true max_uv_excess=0.0 widest=1.0 vertices=8 derivatives=true
CEILING MAPPING: mesh=orison_ground_Court_asphalt_N7_N1 valid_basis=true max_uv_excess=0.0 widest=1.0 vertices=4 derivatives=true
CEILING MAPPING: mesh=orison_ground_Court_asphalt_N7_N2 valid_basis=true max_uv_excess=0.0 widest=1.0 vertices=4 derivatives=true
CEILING MAPPING: mesh=orison_ground_Court_asphalt_N7_N3 valid_basis=true max_uv_excess=0.0 widest=1.0 vertices=8 derivatives=true
CEILING MAPPING: mesh=orison_ground_Court_asphalt_N7_N4 valid_basis=true max_uv_excess=0.0 widest=1.0 vertices=4 derivatives=true
CEILING MAPPING: mesh=orison_ground_Court_asphalt_N7_N5 valid_basis=true max_uv_excess=0.0 widest=1.0 vertices=12 derivatives=true
CEILING MAPPING: mesh=orison_ground_Court_asphalt_N7_N6 valid_basis=true max_uv_excess=0.0 widest=1.0 vertices=4 derivatives=true
CEILING MAPPING: mesh=orison_ground_Court_asphalt_N7_N7 valid_basis=true max_uv_excess=0.0 widest=1.0 vertices=4 derivatives=true
CEILING MAPPING: mesh=orison_ground_Court_asphalt_N7_N8 valid_basis=true max_uv_excess=0.0 widest=1.0 vertices=4 derivatives=true
CEILING MAPPING: mesh=orison_ground_Court_asphalt_N7_N9 valid_basis=true max_uv_excess=0.0 widest=1.0 vertices=4 derivatives=true
CEILING MAPPING: mesh=orison_ground_Court_asphalt_N7_N10 valid_basis=true max_uv_excess=0.0 widest=1.0 vertices=4 derivatives=true
CEILING MAPPING: mesh=orison_ground_Court_asphalt_N7_N11 valid_basis=true max_uv_excess=0.0 widest=1.0 vertices=4 derivatives=true
CEILING MAPPING: mesh=orison_ground_Court_asphalt_N7_N12 valid_basis=true max_uv_excess=0.0 widest=1.0 vertices=4 derivatives=true
CEILING MAPPING: mesh=orison_ground_Court_asphalt_N7_N13 valid_basis=true max_uv_excess=0.0 widest=1.0 vertices=4 derivatives=true
CEILING MAPPING: mesh=orison_ground_Court_asphalt_N7_N14 valid_basis=true max_uv_excess=0.0 widest=1.0 vertices=4 derivatives=true
CEILING MAPPING: mesh=orison_ground_Court_asphalt_N7_N15 valid_basis=true max_uv_excess=0.0 widest=1.0 vertices=4 derivatives=true
CEILING MAPPING: mesh=orison_ground_Court_asphalt_N7_N16 valid_basis=true max_uv_excess=0.0 widest=1.0 vertices=4 derivatives=true
CEILING MAPPING: mesh=orison_ground_Court_asphalt_N7_N17 valid_basis=true max_uv_excess=0.0 widest=1.0 vertices=4 derivatives=true
CEILING MAPPING: mesh=orison_ground_Court_asphalt_N7_N18 valid_basis=true max_uv_excess=0.0 widest=1.0 vertices=4 derivatives=true
CEILING MAPPING: mesh=orison_ground_Court_asphalt_N7_N19 valid_basis=true max_uv_excess=0.0 widest=1.0 vertices=4 derivatives=true
CEILING MAPPING: mesh=orison_ground_Court_asphalt_N7_N20 valid_basis=true max_uv_excess=0.0 widest=1.0 vertices=4 derivatives=true
CEILING MAPPING: mesh=orison_ground_Court_asphalt_N7_N21 valid_basis=true max_uv_excess=0.0 widest=1.0 vertices=4 derivatives=true
CEILING MAPPING: mesh=orison_ground_Court_asphalt_N7_N22 valid_basis=true max_uv_excess=0.0 widest=1.0 vertices=4 derivatives=true
CEILING MAPPING: mesh=orison_ground_Court_asphalt_N7_N23 valid_basis=true max_uv_excess=0.0 widest=1.0 vertices=4 derivatives=true
CEILING MAPPING: mesh=orison_ground_Court_asphalt_N7_N24 valid_basis=true max_uv_excess=0.0 widest=1.0 vertices=4 derivatives=true
CEILING MAPPING: mesh=orison_ground_Court_asphalt_N7_N25 valid_basis=true max_uv_excess=0.0 widest=1.0 vertices=4 derivatives=true
CEILING MAPPING: mesh=orison_ground_Court_asphalt_N7_N26 valid_basis=true max_uv_excess=0.0 widest=1.0 vertices=4 derivatives=true
CEILING MAPPING: mesh=orison_ground_Court_asphalt_N7_N27 valid_basis=true max_uv_excess=0.0 widest=1.0 vertices=8 derivatives=true
CEILING MAPPING: mesh=orison_ground_Court_asphalt_N7_P0 valid_basis=true max_uv_excess=0.0 widest=1.0 vertices=4 derivatives=true
CEILING MAPPING: mesh=orison_ground_Court_asphalt_N7_P1 valid_basis=true max_uv_excess=0.0 widest=1.0 vertices=4 derivatives=true
CEILING MAPPING: mesh=orison_ground_Court_asphalt_N7_P2 valid_basis=true max_uv_excess=0.0 widest=1.0 vertices=8 derivatives=true
CEILING MAPPING: mesh=orison_ground_Court_asphalt_N7_P3 valid_basis=true max_uv_excess=0.0 widest=1.0 vertices=4 derivatives=true
CEILING MAPPING: mesh=orison_ground_Court_asphalt_N7_P4 valid_basis=true max_uv_excess=0.0 widest=1.0 vertices=4 derivatives=true
CEILING MAPPING: mesh=orison_ground_Court_asphalt_N7_P5 valid_basis=true max_uv_excess=0.0 widest=1.0 vertices=4 derivatives=true
CEILING MAPPING: mesh=orison_ground_Court_asphalt_N7_P6 valid_basis=true max_uv_excess=0.0 widest=1.0 vertices=4 derivatives=true
CEILING MAPPING: mesh=orison_ground_Court_asphalt_N7_P7 valid_basis=true max_uv_excess=0.0 widest=1.0 vertices=4 derivatives=true
CEILING MAPPING: mesh=orison_ground_Court_asphalt_N7_P8 valid_basis=true max_uv_excess=0.0 widest=1.0 vertices=4 derivatives=true
CEILING MAPPING: mesh=orison_ground_Court_asphalt_N7_P9 valid_basis=true max_uv_excess=0.0 widest=1.0 vertices=4 derivatives=true
CEILING MAPPING: mesh=orison_ground_Court_asphalt_N7_P10 valid_basis=true max_uv_excess=0.0 widest=1.0 vertices=4 derivatives=true
CEILING MAPPING: mesh=orison_ground_Court_asphalt_N7_P11 valid_basis=true max_uv_excess=0.0 widest=1.0 vertices=4 derivatives=true
CEILING MAPPING: mesh=orison_ground_Court_asphalt_N7_P12 valid_basis=true max_uv_excess=0.0 widest=1.0 vertices=4 derivatives=true
CEILING MAPPING: mesh=orison_ground_Court_asphalt_N7_P13 valid_basis=true max_uv_excess=0.0 widest=1.0 vertices=4 derivatives=true
CEILING MAPPING: mesh=orison_ground_Court_asphalt_N7_P14 valid_basis=true max_uv_excess=0.0 widest=1.0 vertices=4 derivatives=true
CEILING MAPPING: mesh=orison_ground_Court_asphalt_N7_P15 valid_basis=true max_uv_excess=0.0 widest=1.0 vertices=8 derivatives=true
CEILING MAPPING: mesh=orison_ground_Court_asphalt_N8_N5 valid_basis=true max_uv_excess=0.0 widest=1.0 vertices=4 derivatives=true
CEILING MAPPING: mesh=orison_ground_Court_asphalt_N8_N6 valid_basis=true max_uv_excess=0.0 widest=1.0 vertices=4 derivatives=true
CEILING MAPPING: mesh=orison_ground_Court_asphalt_N8_N7 valid_basis=true max_uv_excess=0.0 widest=1.0 vertices=4 derivatives=true
CEILING MAPPING: mesh=orison_ground_Court_asphalt_N8_N8 valid_basis=true max_uv_excess=0.0 widest=1.0 vertices=4 derivatives=true
CEILING MAPPING: mesh=orison_ground_Court_asphalt_N8_N9 valid_basis=true max_uv_excess=0.0 widest=1.0 vertices=4 derivatives=true
CEILING MAPPING: mesh=orison_ground_Court_asphalt_N8_N10 valid_basis=true max_uv_excess=0.0 widest=1.0 vertices=4 derivatives=true
CEILING MAPPING: mesh=orison_ground_Court_asphalt_N8_N11 valid_basis=true max_uv_excess=0.0 widest=1.0 vertices=4 derivatives=true
CEILING MAPPING: mesh=orison_ground_Court_asphalt_N8_N12 valid_basis=true max_uv_excess=0.0 widest=1.0 vertices=4 derivatives=true
CEILING MAPPING: mesh=orison_ground_Court_asphalt_N8_N13 valid_basis=true max_uv_excess=0.0 widest=1.0 vertices=4 derivatives=true
CEILING MAPPING: mesh=orison_ground_Court_asphalt_N8_N14 valid_basis=true max_uv_excess=0.0 widest=1.0 vertices=4 derivatives=true
CEILING MAPPING: mesh=orison_ground_Court_asphalt_N8_N15 valid_basis=true max_uv_excess=0.0 widest=1.0 vertices=4 derivatives=true
CEILING MAPPING: mesh=orison_ground_Court_asphalt_N8_N16 valid_basis=true max_uv_excess=0.0 widest=1.0 vertices=4 derivatives=true
CEILING MAPPING: mesh=orison_ground_Court_asphalt_N8_N17 valid_basis=true max_uv_excess=0.0 widest=1.0 vertices=4 derivatives=true
CEILING MAPPING: mesh=orison_ground_Court_asphalt_N8_N18 valid_basis=true max_uv_excess=0.0 widest=1.0 vertices=4 derivatives=true
CEILING MAPPING: mesh=orison_ground_Court_asphalt_N8_N19 valid_basis=true max_uv_excess=0.0 widest=1.0 vertices=4 derivatives=true
CEILING MAPPING: mesh=orison_ground_Court_asphalt_N8_N20 valid_basis=true max_uv_excess=0.0 widest=1.0 vertices=4 derivatives=true
CEILING MAPPING: mesh=orison_ground_Court_asphalt_N8_N21 valid_basis=true max_uv_excess=0.0 widest=1.0 vertices=4 derivatives=true
CEILING MAPPING: mesh=orison_ground_Court_asphalt_N8_N22 valid_basis=true max_uv_excess=0.0 widest=1.0 vertices=4 derivatives=true
CEILING MAPPING: mesh=orison_ground_Court_asphalt_N8_N23 valid_basis=true max_uv_excess=0.0 widest=1.0 vertices=4 derivatives=true
CEILING MAPPING: mesh=orison_ground_Court_asphalt_N8_N24 valid_basis=true max_uv_excess=0.0 widest=1.0 vertices=4 derivatives=true
CEILING MAPPING: mesh=orison_ground_Court_asphalt_N8_N25 valid_basis=true max_uv_excess=0.0 widest=1.0 vertices=4 derivatives=true
CEILING MAPPING: mesh=orison_ground_Court_asphalt_N8_N26 valid_basis=true max_uv_excess=0.0 widest=1.0 vertices=4 derivatives=true
CEILING MAPPING: mesh=orison_ground_Court_asphalt_N8_N27 valid_basis=true max_uv_excess=0.0 widest=1.0 vertices=8 derivatives=true
CEILING MAPPING: mesh=orison_ground_Court_asphalt_N8_P2 valid_basis=true max_uv_excess=0.0 widest=1.0 vertices=4 derivatives=true
CEILING MAPPING: mesh=orison_ground_Court_asphalt_N8_P3 valid_basis=true max_uv_excess=0.0 widest=1.0 vertices=4 derivatives=true
CEILING MAPPING: mesh=orison_ground_Court_asphalt_N8_P4 valid_basis=true max_uv_excess=0.0 widest=1.0 vertices=8 derivatives=true
CEILING MAPPING: mesh=orison_ground_Court_asphalt_N8_P5 valid_basis=true max_uv_excess=0.0 widest=1.0 vertices=8 derivatives=true
CEILING MAPPING: mesh=orison_ground_Court_asphalt_N8_P6 valid_basis=true max_uv_excess=0.0 widest=1.0 vertices=4 derivatives=true
CEILING MAPPING: mesh=orison_ground_Court_asphalt_N8_P7 valid_basis=true max_uv_excess=0.0 widest=1.0 vertices=4 derivatives=true
CEILING MAPPING: mesh=orison_ground_Court_asphalt_N8_P8 valid_basis=true max_uv_excess=0.0 widest=1.0 vertices=4 derivatives=true
CEILING MAPPING: mesh=orison_ground_Court_asphalt_N8_P9 valid_basis=true max_uv_excess=0.0 widest=1.0 vertices=4 derivatives=true
CEILING MAPPING: mesh=orison_ground_Court_asphalt_N8_P10 valid_basis=true max_uv_excess=0.0 widest=1.0 vertices=4 derivatives=true
CEILING MAPPING: mesh=orison_ground_Court_asphalt_N8_P11 valid_basis=true max_uv_excess=0.0 widest=1.0 vertices=4 derivatives=true
CEILING MAPPING: mesh=orison_ground_Court_asphalt_N8_P12 valid_basis=true max_uv_excess=0.0 widest=1.0 vertices=4 derivatives=true
CEILING MAPPING: mesh=orison_ground_Court_asphalt_N8_P13 valid_basis=true max_uv_excess=0.0 widest=1.0 vertices=4 derivatives=true
CEILING MAPPING: mesh=orison_ground_Court_asphalt_N8_P14 valid_basis=true max_uv_excess=0.0 widest=1.0 vertices=4 derivatives=true
CEILING MAPPING: mesh=orison_ground_Court_asphalt_N8_P15 valid_basis=true max_uv_excess=0.0 widest=1.0 vertices=8 derivatives=true
CEILING MAPPING: mesh=orison_ground_Court_asphalt_N9_N1 valid_basis=true max_uv_excess=0.0 widest=1.0 vertices=4 derivatives=true
CEILING MAPPING: mesh=orison_ground_Court_asphalt_N9_N2 valid_basis=true max_uv_excess=0.0 widest=1.0 vertices=4 derivatives=true
CEILING MAPPING: mesh=orison_ground_Court_asphalt_N9_N3 valid_basis=true max_uv_excess=0.0 widest=1.0 vertices=4 derivatives=true
CEILING MAPPING: mesh=orison_ground_Court_asphalt_N9_N4 valid_basis=true max_uv_excess=0.0 widest=1.0 vertices=4 derivatives=true
CEILING MAPPING: mesh=orison_ground_Court_asphalt_N9_N5 valid_basis=true max_uv_excess=0.0 widest=1.0 vertices=8 derivatives=true
CEILING MAPPING: mesh=orison_ground_Court_asphalt_N9_N6 valid_basis=true max_uv_excess=0.0 widest=1.0 vertices=4 derivatives=true
CEILING MAPPING: mesh=orison_ground_Court_asphalt_N9_N7 valid_basis=true max_uv_excess=0.0 widest=1.0 vertices=4 derivatives=true
CEILING MAPPING: mesh=orison_ground_Court_asphalt_N9_N8 valid_basis=true max_uv_excess=0.0 widest=1.0 vertices=8 derivatives=true
CEILING MAPPING: mesh=orison_ground_Court_asphalt_N9_N9 valid_basis=true max_uv_excess=0.0 widest=1.0 vertices=4 derivatives=true
CEILING MAPPING: mesh=orison_ground_Court_asphalt_N9_N10 valid_basis=true max_uv_excess=0.0 widest=1.0 vertices=4 derivatives=true
CEILING MAPPING: mesh=orison_ground_Court_asphalt_N9_N11 valid_basis=true max_uv_excess=0.0 widest=1.0 vertices=8 derivatives=true
CEILING MAPPING: mesh=orison_ground_Court_asphalt_N9_N12 valid_basis=true max_uv_excess=0.0 widest=1.0 vertices=4 derivatives=true
CEILING MAPPING: mesh=orison_ground_Court_asphalt_N9_N13 valid_basis=true max_uv_excess=0.0 widest=1.0 vertices=4 derivatives=true
CEILING MAPPING: mesh=orison_ground_Court_asphalt_N9_N14 valid_basis=true max_uv_excess=0.0 widest=1.0 vertices=4 derivatives=true
CEILING MAPPING: mesh=orison_ground_Court_asphalt_N9_N15 valid_basis=true max_uv_excess=0.0 widest=1.0 vertices=4 derivatives=true
CEILING MAPPING: mesh=orison_ground_Court_asphalt_N9_N16 valid_basis=true max_uv_excess=0.0 widest=1.0 vertices=4 derivatives=true
CEILING MAPPING: mesh=orison_ground_Court_asphalt_N9_N17 valid_basis=true max_uv_excess=0.0 widest=1.0 vertices=4 derivatives=true
CEILING MAPPING: mesh=orison_ground_Court_asphalt_N9_N18 valid_basis=true max_uv_excess=0.0 widest=1.0 vertices=4 derivatives=true
CEILING MAPPING: mesh=orison_ground_Court_asphalt_N9_N19 valid_basis=true max_uv_excess=0.0 widest=1.0 vertices=4 derivatives=true
CEILING MAPPING: mesh=orison_ground_Court_asphalt_N9_N20 valid_basis=true max_uv_excess=0.0 widest=1.0 vertices=4 derivatives=true
CEILING MAPPING: mesh=orison_ground_Court_asphalt_N9_N21 valid_basis=true max_uv_excess=0.0 widest=1.0 vertices=4 derivatives=true
CEILING MAPPING: mesh=orison_ground_Court_asphalt_N9_N22 valid_basis=true max_uv_excess=0.0 widest=1.0 vertices=4 derivatives=true
CEILING MAPPING: mesh=orison_ground_Court_asphalt_N9_N23 valid_basis=true max_uv_excess=0.0 widest=1.0 vertices=4 derivatives=true
CEILING MAPPING: mesh=orison_ground_Court_asphalt_N9_N24 valid_basis=true max_uv_excess=0.0 widest=1.0 vertices=4 derivatives=true
CEILING MAPPING: mesh=orison_ground_Court_asphalt_N9_N25 valid_basis=true max_uv_excess=0.0 widest=1.0 vertices=4 derivatives=true
CEILING MAPPING: mesh=orison_ground_Court_asphalt_N9_N26 valid_basis=true max_uv_excess=0.0 widest=1.0 vertices=4 derivatives=true
CEILING MAPPING: mesh=orison_ground_Court_asphalt_N9_N27 valid_basis=true max_uv_excess=0.0 widest=1.0 vertices=8 derivatives=true
CEILING MAPPING: mesh=orison_ground_Court_asphalt_N9_P0 valid_basis=true max_uv_excess=0.0 widest=1.0 vertices=4 derivatives=true
CEILING MAPPING: mesh=orison_ground_Court_asphalt_N9_P1 valid_basis=true max_uv_excess=0.0 widest=1.0 vertices=8 derivatives=true
CEILING MAPPING: mesh=orison_ground_Court_asphalt_N9_P2 valid_basis=true max_uv_excess=0.0 widest=1.0 vertices=8 derivatives=true
CEILING MAPPING: mesh=orison_ground_Court_asphalt_N9_P3 valid_basis=true max_uv_excess=0.0 widest=1.0 vertices=4 derivatives=true
CEILING MAPPING: mesh=orison_ground_Court_asphalt_N9_P4 valid_basis=true max_uv_excess=0.0 widest=1.0 vertices=4 derivatives=true
CEILING MAPPING: mesh=orison_ground_Court_asphalt_N9_P5 valid_basis=true max_uv_excess=0.0 widest=1.0 vertices=4 derivatives=true
CEILING MAPPING: mesh=orison_ground_Court_asphalt_N9_P6 valid_basis=true max_uv_excess=0.0 widest=1.0 vertices=4 derivatives=true
CEILING MAPPING: mesh=orison_ground_Court_asphalt_N9_P7 valid_basis=true max_uv_excess=0.0 widest=1.0 vertices=4 derivatives=true
CEILING MAPPING: mesh=orison_ground_Court_asphalt_N9_P8 valid_basis=true max_uv_excess=0.0 widest=1.0 vertices=4 derivatives=true
CEILING MAPPING: mesh=orison_ground_Court_asphalt_N9_P9 valid_basis=true max_uv_excess=0.0 widest=1.0 vertices=4 derivatives=true
CEILING MAPPING: mesh=orison_ground_Court_asphalt_N9_P10 valid_basis=true max_uv_excess=0.0 widest=1.0 vertices=4 derivatives=true
CEILING MAPPING: mesh=orison_ground_Court_asphalt_N9_P11 valid_basis=true max_uv_excess=0.0 widest=1.0 vertices=4 derivatives=true
CEILING MAPPING: mesh=orison_ground_Court_asphalt_N9_P12 valid_basis=true max_uv_excess=0.0 widest=1.0 vertices=4 derivatives=true
CEILING MAPPING: mesh=orison_ground_Court_asphalt_N9_P13 valid_basis=true max_uv_excess=0.0 widest=1.0 vertices=4 derivatives=true
CEILING MAPPING: mesh=orison_ground_Court_asphalt_N9_P14 valid_basis=true max_uv_excess=0.0 widest=1.0 vertices=4 derivatives=true
CEILING MAPPING: mesh=orison_ground_Court_asphalt_N9_P15 valid_basis=true max_uv_excess=0.0 widest=1.0 vertices=8 derivatives=true
CEILING MAPPING: mesh=orison_ground_Court_asphalt_N10_N5 valid_basis=true max_uv_excess=0.0 widest=1.0 vertices=4 derivatives=true
CEILING MAPPING: mesh=orison_ground_Court_asphalt_N10_N6 valid_basis=true max_uv_excess=0.0 widest=1.0 vertices=4 derivatives=true
CEILING MAPPING: mesh=orison_ground_Court_asphalt_N10_N7 valid_basis=true max_uv_excess=0.0 widest=1.0 vertices=4 derivatives=true
CEILING MAPPING: mesh=orison_ground_Court_asphalt_N10_N8 valid_basis=true max_uv_excess=0.0 widest=1.0 vertices=4 derivatives=true
CEILING MAPPING: mesh=orison_ground_Court_asphalt_N10_N11 valid_basis=true max_uv_excess=0.0 widest=1.0 vertices=4 derivatives=true
CEILING MAPPING: mesh=orison_ground_Court_asphalt_N10_N12 valid_basis=true max_uv_excess=0.0 widest=1.0 vertices=4 derivatives=true
CEILING MAPPING: mesh=orison_ground_Court_asphalt_N10_N13 valid_basis=true max_uv_excess=0.0 widest=1.0 vertices=4 derivatives=true
CEILING MAPPING: mesh=orison_ground_Court_asphalt_N10_N14 valid_basis=true max_uv_excess=0.0 widest=1.0 vertices=4 derivatives=true
CEILING MAPPING: mesh=orison_ground_Court_asphalt_N10_N15 valid_basis=true max_uv_excess=0.0 widest=1.0 vertices=4 derivatives=true
CEILING MAPPING: mesh=orison_ground_Court_asphalt_N10_N16 valid_basis=true max_uv_excess=0.0 widest=1.0 vertices=4 derivatives=true
CEILING MAPPING: mesh=orison_ground_Court_asphalt_N10_N17 valid_basis=true max_uv_excess=0.0 widest=1.0 vertices=4 derivatives=true
CEILING MAPPING: mesh=orison_ground_Court_asphalt_N10_N18 valid_basis=true max_uv_excess=0.0 widest=1.0 vertices=4 derivatives=true
CEILING MAPPING: mesh=orison_ground_Court_asphalt_N10_N19 valid_basis=true max_uv_excess=0.0 widest=1.0 vertices=4 derivatives=true
CEILING MAPPING: mesh=orison_ground_Court_asphalt_N10_N20 valid_basis=true max_uv_excess=0.0 widest=1.0 vertices=4 derivatives=true
CEILING MAPPING: mesh=orison_ground_Court_asphalt_N10_N21 valid_basis=true max_uv_excess=0.0 widest=1.0 vertices=4 derivatives=true
CEILING MAPPING: mesh=orison_ground_Court_asphalt_N10_N22 valid_basis=true max_uv_excess=0.0 widest=1.0 vertices=4 derivatives=true
CEILING MAPPING: mesh=orison_ground_Court_asphalt_N10_N23 valid_basis=true max_uv_excess=0.0 widest=1.0 vertices=4 derivatives=true
CEILING MAPPING: mesh=orison_ground_Court_asphalt_N10_N24 valid_basis=true max_uv_excess=0.0 widest=1.0 vertices=4 derivatives=true
CEILING MAPPING: mesh=orison_ground_Court_asphalt_N10_N25 valid_basis=true max_uv_excess=0.0 widest=1.0 vertices=4 derivatives=true
CEILING MAPPING: mesh=orison_ground_Court_asphalt_N10_N26 valid_basis=true max_uv_excess=0.0 widest=1.0 vertices=4 derivatives=true
CEILING MAPPING: mesh=orison_ground_Court_asphalt_N10_N27 valid_basis=true max_uv_excess=0.0 widest=1.0 vertices=8 derivatives=true
CEILING MAPPING: mesh=orison_ground_Court_asphalt_N10_P1 valid_basis=true max_uv_excess=0.0 widest=1.0 vertices=4 derivatives=true
CEILING MAPPING: mesh=orison_ground_Court_asphalt_N10_P2 valid_basis=true max_uv_excess=0.0 widest=1.0 vertices=4 derivatives=true
CEILING MAPPING: mesh=orison_ground_Court_asphalt_N10_P3 valid_basis=true max_uv_excess=0.0 widest=1.0 vertices=4 derivatives=true
CEILING MAPPING: mesh=orison_ground_Court_asphalt_N10_P4 valid_basis=true max_uv_excess=0.0 widest=1.0 vertices=4 derivatives=true
CEILING MAPPING: mesh=orison_ground_Court_asphalt_N10_P5 valid_basis=true max_uv_excess=0.0 widest=1.0 vertices=4 derivatives=true
CEILING MAPPING: mesh=orison_ground_Court_asphalt_N10_P6 valid_basis=true max_uv_excess=0.0 widest=1.0 vertices=4 derivatives=true
CEILING MAPPING: mesh=orison_ground_Court_asphalt_N10_P7 valid_basis=true max_uv_excess=0.0 widest=1.0 vertices=4 derivatives=true
CEILING MAPPING: mesh=orison_ground_Court_asphalt_N10_P8 valid_basis=true max_uv_excess=0.0 widest=1.0 vertices=4 derivatives=true
CEILING MAPPING: mesh=orison_ground_Court_asphalt_N10_P9 valid_basis=true max_uv_excess=0.0 widest=1.0 vertices=4 derivatives=true
CEILING MAPPING: mesh=orison_ground_Court_asphalt_N10_P10 valid_basis=true max_uv_excess=0.0 widest=1.0 vertices=4 derivatives=true
CEILING MAPPING: mesh=orison_ground_Court_asphalt_N10_P11 valid_basis=true max_uv_excess=0.0 widest=1.0 vertices=4 derivatives=true
CEILING MAPPING: mesh=orison_ground_Court_asphalt_N10_P12 valid_basis=true max_uv_excess=0.0 widest=1.0 vertices=4 derivatives=true
CEILING MAPPING: mesh=orison_ground_Court_asphalt_N10_P13 valid_basis=true max_uv_excess=0.0 widest=1.0 vertices=4 derivatives=true
CEILING MAPPING: mesh=orison_ground_Court_asphalt_N10_P14 valid_basis=true max_uv_excess=0.0 widest=1.0 vertices=4 derivatives=true
CEILING MAPPING: mesh=orison_ground_Court_asphalt_N10_P15 valid_basis=true max_uv_excess=0.0 widest=1.0 vertices=8 derivatives=true
CEILING MAPPING: mesh=orison_ground_Court_asphalt_N11_N1 valid_basis=true max_uv_excess=0.0 widest=1.0 vertices=4 derivatives=true
CEILING MAPPING: mesh=orison_ground_Court_asphalt_N11_N2 valid_basis=true max_uv_excess=0.0 widest=1.0 vertices=4 derivatives=true
CEILING MAPPING: mesh=orison_ground_Court_asphalt_N11_N3 valid_basis=true max_uv_excess=0.0 widest=1.0 vertices=4 derivatives=true
CEILING MAPPING: mesh=orison_ground_Court_asphalt_N11_N4 valid_basis=true max_uv_excess=0.0 widest=1.0 vertices=4 derivatives=true
CEILING MAPPING: mesh=orison_ground_Court_asphalt_N11_N5 valid_basis=true max_uv_excess=0.0 widest=1.0 vertices=8 derivatives=true
CEILING MAPPING: mesh=orison_ground_Court_asphalt_N11_N6 valid_basis=true max_uv_excess=0.0 widest=1.0 vertices=4 derivatives=true
CEILING MAPPING: mesh=orison_ground_Court_asphalt_N11_N7 valid_basis=true max_uv_excess=0.0 widest=1.0 vertices=4 derivatives=true
CEILING MAPPING: mesh=orison_ground_Court_asphalt_N11_N8 valid_basis=true max_uv_excess=0.0 widest=1.0 vertices=4 derivatives=true
CEILING MAPPING: mesh=orison_ground_Court_asphalt_N11_N11 valid_basis=true max_uv_excess=0.0 widest=1.0 vertices=4 derivatives=true
CEILING MAPPING: mesh=orison_ground_Court_asphalt_N11_N12 valid_basis=true max_uv_excess=0.0 widest=1.0 vertices=4 derivatives=true
CEILING MAPPING: mesh=orison_ground_Court_asphalt_N11_N13 valid_basis=true max_uv_excess=0.0 widest=1.0 vertices=4 derivatives=true
CEILING MAPPING: mesh=orison_ground_Court_asphalt_N11_N14 valid_basis=true max_uv_excess=0.0 widest=1.0 vertices=4 derivatives=true
CEILING MAPPING: mesh=orison_ground_Court_asphalt_N11_N15 valid_basis=true max_uv_excess=0.0 widest=1.0 vertices=4 derivatives=true
CEILING MAPPING: mesh=orison_ground_Court_asphalt_N11_N16 valid_basis=true max_uv_excess=0.0 widest=1.0 vertices=4 derivatives=true
CEILING MAPPING: mesh=orison_ground_Court_asphalt_N11_N17 valid_basis=true max_uv_excess=0.0 widest=1.0 vertices=4 derivatives=true
CEILING MAPPING: mesh=orison_ground_Court_asphalt_N11_N18 valid_basis=true max_uv_excess=0.0 widest=1.0 vertices=4 derivatives=true
CEILING MAPPING: mesh=orison_ground_Court_asphalt_N11_N19 valid_basis=true max_uv_excess=0.0 widest=1.0 vertices=4 derivatives=true
CEILING MAPPING: mesh=orison_ground_Court_asphalt_N11_N20 valid_basis=true max_uv_excess=0.0 widest=1.0 vertices=4 derivatives=true
CEILING MAPPING: mesh=orison_ground_Court_asphalt_N11_N21 valid_basis=true max_uv_excess=0.0 widest=1.0 vertices=4 derivatives=true
CEILING MAPPING: mesh=orison_ground_Court_asphalt_N11_N22 valid_basis=true max_uv_excess=0.0 widest=1.0 vertices=4 derivatives=true
CEILING MAPPING: mesh=orison_ground_Court_asphalt_N11_N23 valid_basis=true max_uv_excess=0.0 widest=1.0 vertices=4 derivatives=true
CEILING MAPPING: mesh=orison_ground_Court_asphalt_N11_N24 valid_basis=true max_uv_excess=0.0 widest=1.0 vertices=4 derivatives=true
CEILING MAPPING: mesh=orison_ground_Court_asphalt_N11_N25 valid_basis=true max_uv_excess=0.0 widest=1.0 vertices=4 derivatives=true
CEILING MAPPING: mesh=orison_ground_Court_asphalt_N11_N26 valid_basis=true max_uv_excess=0.0 widest=1.0 vertices=4 derivatives=true
CEILING MAPPING: mesh=orison_ground_Court_asphalt_N11_N27 valid_basis=true max_uv_excess=0.0 widest=1.0 vertices=8 derivatives=true
CEILING MAPPING: mesh=orison_ground_Court_asphalt_N11_P0 valid_basis=true max_uv_excess=0.0 widest=1.0 vertices=4 derivatives=true
CEILING MAPPING: mesh=orison_ground_Court_asphalt_N11_P1 valid_basis=true max_uv_excess=0.0 widest=1.0 vertices=8 derivatives=true
CEILING MAPPING: mesh=orison_ground_Court_asphalt_N11_P2 valid_basis=true max_uv_excess=0.0 widest=1.0 vertices=8 derivatives=true
CEILING MAPPING: mesh=orison_ground_Court_asphalt_N11_P3 valid_basis=true max_uv_excess=0.0 widest=1.0 vertices=4 derivatives=true
CEILING MAPPING: mesh=orison_ground_Court_asphalt_N11_P4 valid_basis=true max_uv_excess=0.0 widest=1.0 vertices=4 derivatives=true
CEILING MAPPING: mesh=orison_ground_Court_asphalt_N11_P5 valid_basis=true max_uv_excess=0.0 widest=1.0 vertices=4 derivatives=true
CEILING MAPPING: mesh=orison_ground_Court_asphalt_N11_P6 valid_basis=true max_uv_excess=0.0 widest=1.0 vertices=4 derivatives=true
CEILING MAPPING: mesh=orison_ground_Court_asphalt_N11_P7 valid_basis=true max_uv_excess=0.0 widest=1.0 vertices=4 derivatives=true
CEILING MAPPING: mesh=orison_ground_Court_asphalt_N11_P8 valid_basis=true max_uv_excess=0.0 widest=1.0 vertices=4 derivatives=true
CEILING MAPPING: mesh=orison_ground_Court_asphalt_N11_P9 valid_basis=true max_uv_excess=0.0 widest=1.0 vertices=4 derivatives=true
CEILING MAPPING: mesh=orison_ground_Court_asphalt_N11_P10 valid_basis=true max_uv_excess=0.0 widest=1.0 vertices=4 derivatives=true
CEILING MAPPING: mesh=orison_ground_Court_asphalt_N11_P11 valid_basis=true max_uv_excess=0.0 widest=1.0 vertices=4 derivatives=true
CEILING MAPPING: mesh=orison_ground_Court_asphalt_N11_P12 valid_basis=true max_uv_excess=0.0 widest=1.0 vertices=4 derivatives=true
CEILING MAPPING: mesh=orison_ground_Court_asphalt_N11_P13 valid_basis=true max_uv_excess=0.0 widest=1.0 vertices=4 derivatives=true
CEILING MAPPING: mesh=orison_ground_Court_asphalt_N11_P14 valid_basis=true max_uv_excess=0.0 widest=1.0 vertices=4 derivatives=true
CEILING MAPPING: mesh=orison_ground_Court_asphalt_N11_P15 valid_basis=true max_uv_excess=0.0 widest=1.0 vertices=8 derivatives=true
CEILING MAPPING: mesh=orison_ground_Court_asphalt_N12_N5 valid_basis=true max_uv_excess=0.0 widest=1.0 vertices=4 derivatives=true
CEILING MAPPING: mesh=orison_ground_Court_asphalt_N12_N6 valid_basis=true max_uv_excess=0.0 widest=1.0 vertices=4 derivatives=true
CEILING MAPPING: mesh=orison_ground_Court_asphalt_N12_N7 valid_basis=true max_uv_excess=0.0 widest=1.0 vertices=4 derivatives=true
CEILING MAPPING: mesh=orison_ground_Court_asphalt_N12_N8 valid_basis=true max_uv_excess=0.0 widest=1.0 vertices=8 derivatives=true
CEILING MAPPING: mesh=orison_ground_Court_asphalt_N12_N9 valid_basis=true max_uv_excess=0.0 widest=1.0 vertices=4 derivatives=true
CEILING MAPPING: mesh=orison_ground_Court_asphalt_N12_N10 valid_basis=true max_uv_excess=0.0 widest=1.0 vertices=8 derivatives=true
CEILING MAPPING: mesh=orison_ground_Court_asphalt_N12_N11 valid_basis=true max_uv_excess=0.0 widest=1.0 vertices=8 derivatives=true
CEILING MAPPING: mesh=orison_ground_Court_asphalt_N12_N12 valid_basis=true max_uv_excess=0.0 widest=1.0 vertices=4 derivatives=true
CEILING MAPPING: mesh=orison_ground_Court_asphalt_N12_N13 valid_basis=true max_uv_excess=0.0 widest=1.0 vertices=4 derivatives=true
CEILING MAPPING: mesh=orison_ground_Court_asphalt_N12_N14 valid_basis=true max_uv_excess=0.0 widest=1.0 vertices=4 derivatives=true
CEILING MAPPING: mesh=orison_ground_Court_asphalt_N12_N15 valid_basis=true max_uv_excess=0.0 widest=1.0 vertices=4 derivatives=true
CEILING MAPPING: mesh=orison_ground_Court_asphalt_N12_N16 valid_basis=true max_uv_excess=0.0 widest=1.0 vertices=4 derivatives=true
CEILING MAPPING: mesh=orison_ground_Court_asphalt_N12_N17 valid_basis=true max_uv_excess=0.0 widest=1.0 vertices=4 derivatives=true
CEILING MAPPING: mesh=orison_ground_Court_asphalt_N12_N18 valid_basis=true max_uv_excess=0.0 widest=1.0 vertices=4 derivatives=true
CEILING MAPPING: mesh=orison_ground_Court_asphalt_N12_N19 valid_basis=true max_uv_excess=0.0 widest=1.0 vertices=4 derivatives=true
CEILING MAPPING: mesh=orison_ground_Court_asphalt_N12_N20 valid_basis=true max_uv_excess=0.0 widest=1.0 vertices=4 derivatives=true
CEILING MAPPING: mesh=orison_ground_Court_asphalt_N12_N21 valid_basis=true max_uv_excess=0.0 widest=1.0 vertices=4 derivatives=true
CEILING MAPPING: mesh=orison_ground_Court_asphalt_N12_N22 valid_basis=true max_uv_excess=0.0 widest=1.0 vertices=4 derivatives=true
CEILING MAPPING: mesh=orison_ground_Court_asphalt_N12_N23 valid_basis=true max_uv_excess=0.0 widest=1.0 vertices=4 derivatives=true
CEILING MAPPING: mesh=orison_ground_Court_asphalt_N12_N24 valid_basis=true max_uv_excess=0.0 widest=1.0 vertices=4 derivatives=true
CEILING MAPPING: mesh=orison_ground_Court_asphalt_N12_N25 valid_basis=true max_uv_excess=0.0 widest=1.0 vertices=4 derivatives=true
CEILING MAPPING: mesh=orison_ground_Court_asphalt_N12_N26 valid_basis=true max_uv_excess=0.0 widest=1.0 vertices=4 derivatives=true
CEILING MAPPING: mesh=orison_ground_Court_asphalt_N12_N27 valid_basis=true max_uv_excess=0.0 widest=1.0 vertices=8 derivatives=true
CEILING MAPPING: mesh=orison_ground_Court_asphalt_N12_P2 valid_basis=true max_uv_excess=0.0 widest=1.0 vertices=4 derivatives=true
CEILING MAPPING: mesh=orison_ground_Court_asphalt_N12_P3 valid_basis=true max_uv_excess=0.0 widest=1.0 vertices=4 derivatives=true
CEILING MAPPING: mesh=orison_ground_Court_asphalt_N12_P4 valid_basis=true max_uv_excess=0.0 widest=1.0 vertices=4 derivatives=true
CEILING MAPPING: mesh=orison_ground_Court_asphalt_N12_P5 valid_basis=true max_uv_excess=0.0 widest=1.0 vertices=4 derivatives=true
CEILING MAPPING: mesh=orison_ground_Court_asphalt_N12_P6 valid_basis=true max_uv_excess=0.0 widest=1.0 vertices=8 derivatives=true
CEILING MAPPING: mesh=orison_ground_Court_asphalt_N12_P7 valid_basis=true max_uv_excess=0.0 widest=1.0 vertices=4 derivatives=true
CEILING MAPPING: mesh=orison_ground_Court_asphalt_N12_P8 valid_basis=true max_uv_excess=0.0 widest=1.0 vertices=4 derivatives=true
CEILING MAPPING: mesh=orison_ground_Court_asphalt_N12_P9 valid_basis=true max_uv_excess=0.0 widest=1.0 vertices=4 derivatives=true
CEILING MAPPING: mesh=orison_ground_Court_asphalt_N12_P10 valid_basis=true max_uv_excess=0.0 widest=1.0 vertices=4 derivatives=true
CEILING MAPPING: mesh=orison_ground_Court_asphalt_N12_P11 valid_basis=true max_uv_excess=0.0 widest=1.0 vertices=4 derivatives=true
CEILING MAPPING: mesh=orison_ground_Court_asphalt_N12_P12 valid_basis=true max_uv_excess=0.0 widest=1.0 vertices=4 derivatives=true
CEILING MAPPING: mesh=orison_ground_Court_asphalt_N12_P13 valid_basis=true max_uv_excess=0.0 widest=1.0 vertices=8 derivatives=true
CEILING MAPPING: mesh=orison_ground_Court_asphalt_N12_P14 valid_basis=true max_uv_excess=0.0 widest=1.0 vertices=4 derivatives=true
CEILING MAPPING: mesh=orison_ground_Court_asphalt_N12_P15 valid_basis=true max_uv_excess=0.0 widest=1.0 vertices=8 derivatives=true
CEILING MAPPING: mesh=orison_ground_Court_asphalt_N13_N5 valid_basis=true max_uv_excess=0.0 widest=1.0 vertices=4 derivatives=true
CEILING MAPPING: mesh=orison_ground_Court_asphalt_N13_N6 valid_basis=true max_uv_excess=0.0 widest=1.0 vertices=4 derivatives=true
CEILING MAPPING: mesh=orison_ground_Court_asphalt_N13_N7 valid_basis=true max_uv_excess=0.0 widest=1.0 vertices=4 derivatives=true
CEILING MAPPING: mesh=orison_ground_Court_asphalt_N13_N8 valid_basis=true max_uv_excess=0.0 widest=1.0 vertices=4 derivatives=true
CEILING MAPPING: mesh=orison_ground_Court_asphalt_N13_N10 valid_basis=true max_uv_excess=0.0 widest=1.0 vertices=4 derivatives=true
CEILING MAPPING: mesh=orison_ground_Court_asphalt_N13_N11 valid_basis=true max_uv_excess=0.0 widest=1.0 vertices=4 derivatives=true
CEILING MAPPING: mesh=orison_ground_Court_asphalt_N13_N12 valid_basis=true max_uv_excess=0.0 widest=1.0 vertices=4 derivatives=true
CEILING MAPPING: mesh=orison_ground_Court_asphalt_N13_N13 valid_basis=true max_uv_excess=0.0 widest=1.0 vertices=4 derivatives=true
CEILING MAPPING: mesh=orison_ground_Court_asphalt_N13_N14 valid_basis=true max_uv_excess=0.0 widest=1.0 vertices=4 derivatives=true
CEILING MAPPING: mesh=orison_ground_Court_asphalt_N13_N15 valid_basis=true max_uv_excess=0.0 widest=1.0 vertices=4 derivatives=true
CEILING MAPPING: mesh=orison_ground_Court_asphalt_N13_N16 valid_basis=true max_uv_excess=0.0 widest=1.0 vertices=4 derivatives=true
CEILING MAPPING: mesh=orison_ground_Court_asphalt_N13_N17 valid_basis=true max_uv_excess=0.0 widest=1.0 vertices=4 derivatives=true
CEILING MAPPING: mesh=orison_ground_Court_asphalt_N13_N18 valid_basis=true max_uv_excess=0.0 widest=1.0 vertices=4 derivatives=true
CEILING MAPPING: mesh=orison_ground_Court_asphalt_N13_N19 valid_basis=true max_uv_excess=0.0 widest=1.0 vertices=4 derivatives=true
CEILING MAPPING: mesh=orison_ground_Court_asphalt_N13_N20 valid_basis=true max_uv_excess=0.0 widest=1.0 vertices=4 derivatives=true
CEILING MAPPING: mesh=orison_ground_Court_asphalt_N13_N21 valid_basis=true max_uv_excess=0.0 widest=1.0 vertices=4 derivatives=true
CEILING MAPPING: mesh=orison_ground_Court_asphalt_N13_N22 valid_basis=true max_uv_excess=0.0 widest=1.0 vertices=4 derivatives=true
CEILING MAPPING: mesh=orison_ground_Court_asphalt_N13_N23 valid_basis=true max_uv_excess=0.0 widest=1.0 vertices=4 derivatives=true
CEILING MAPPING: mesh=orison_ground_Court_asphalt_N13_N24 valid_basis=true max_uv_excess=0.0 widest=1.0 vertices=4 derivatives=true
CEILING MAPPING: mesh=orison_ground_Court_asphalt_N13_N25 valid_basis=true max_uv_excess=0.0 widest=1.0 vertices=4 derivatives=true
CEILING MAPPING: mesh=orison_ground_Court_asphalt_N13_N26 valid_basis=true max_uv_excess=0.0 widest=1.0 vertices=4 derivatives=true
CEILING MAPPING: mesh=orison_ground_Court_asphalt_N13_N27 valid_basis=true max_uv_excess=0.0 widest=1.0 vertices=8 derivatives=true
CEILING MAPPING: mesh=orison_ground_Court_asphalt_N13_P2 valid_basis=true max_uv_excess=0.0 widest=1.0 vertices=4 derivatives=true
CEILING MAPPING: mesh=orison_ground_Court_asphalt_N13_P3 valid_basis=true max_uv_excess=0.0 widest=1.0 vertices=4 derivatives=true
CEILING MAPPING: mesh=orison_ground_Court_asphalt_N13_P4 valid_basis=true max_uv_excess=0.0 widest=1.0 vertices=4 derivatives=true
CEILING MAPPING: mesh=orison_ground_Court_asphalt_N13_P5 valid_basis=true max_uv_excess=0.0 widest=1.0 vertices=4 derivatives=true
CEILING MAPPING: mesh=orison_ground_Court_asphalt_N13_P6 valid_basis=true max_uv_excess=0.0 widest=1.0 vertices=4 derivatives=true
CEILING MAPPING: mesh=orison_ground_Court_asphalt_N13_P13 valid_basis=true max_uv_excess=0.0 widest=1.0 vertices=4 derivatives=true
CEILING MAPPING: mesh=orison_ground_Court_asphalt_N13_P14 valid_basis=true max_uv_excess=0.0 widest=1.0 vertices=4 derivatives=true
CEILING MAPPING: mesh=orison_ground_Court_asphalt_N13_P15 valid_basis=true max_uv_excess=0.0 widest=1.0 vertices=8 derivatives=true
CEILING MAPPING: mesh=orison_ground_Court_asphalt_N14_N1 valid_basis=true max_uv_excess=0.0 widest=1.0 vertices=4 derivatives=true
CEILING MAPPING: mesh=orison_ground_Court_asphalt_N14_N2 valid_basis=true max_uv_excess=0.0 widest=1.0 vertices=4 derivatives=true
CEILING MAPPING: mesh=orison_ground_Court_asphalt_N14_N3 valid_basis=true max_uv_excess=0.0 widest=1.0 vertices=4 derivatives=true
CEILING MAPPING: mesh=orison_ground_Court_asphalt_N14_N4 valid_basis=true max_uv_excess=0.0 widest=1.0 vertices=4 derivatives=true
CEILING MAPPING: mesh=orison_ground_Court_asphalt_N14_N5 valid_basis=true max_uv_excess=0.0 widest=1.0 vertices=8 derivatives=true
CEILING MAPPING: mesh=orison_ground_Court_asphalt_N14_N6 valid_basis=true max_uv_excess=0.0 widest=1.0 vertices=4 derivatives=true
CEILING MAPPING: mesh=orison_ground_Court_asphalt_N14_N7 valid_basis=true max_uv_excess=0.0 widest=1.0 vertices=4 derivatives=true
CEILING MAPPING: mesh=orison_ground_Court_asphalt_N14_N8 valid_basis=true max_uv_excess=0.0 widest=1.0 vertices=4 derivatives=true
CEILING MAPPING: mesh=orison_ground_Court_asphalt_N14_N10 valid_basis=true max_uv_excess=0.0 widest=1.0 vertices=4 derivatives=true
CEILING MAPPING: mesh=orison_ground_Court_asphalt_N14_N11 valid_basis=true max_uv_excess=0.0 widest=1.0 vertices=8 derivatives=true
CEILING MAPPING: mesh=orison_ground_Court_asphalt_N14_N12 valid_basis=true max_uv_excess=0.0 widest=1.0 vertices=4 derivatives=true
CEILING MAPPING: mesh=orison_ground_Court_asphalt_N14_N13 valid_basis=true max_uv_excess=0.0 widest=1.0 vertices=4 derivatives=true
CEILING MAPPING: mesh=orison_ground_Court_asphalt_N14_N14 valid_basis=true max_uv_excess=0.0 widest=1.0 vertices=4 derivatives=true
CEILING MAPPING: mesh=orison_ground_Court_asphalt_N14_N15 valid_basis=true max_uv_excess=0.0 widest=1.0 vertices=4 derivatives=true
CEILING MAPPING: mesh=orison_ground_Court_asphalt_N14_N16 valid_basis=true max_uv_excess=0.0 widest=1.0 vertices=4 derivatives=true
CEILING MAPPING: mesh=orison_ground_Court_asphalt_N14_N17 valid_basis=true max_uv_excess=0.0 widest=1.0 vertices=4 derivatives=true
CEILING MAPPING: mesh=orison_ground_Court_asphalt_N14_N18 valid_basis=true max_uv_excess=0.0 widest=1.0 vertices=8 derivatives=true
CEILING MAPPING: mesh=orison_ground_Court_asphalt_N14_N19 valid_basis=true max_uv_excess=0.0 widest=1.0 vertices=4 derivatives=true
CEILING MAPPING: mesh=orison_ground_Court_asphalt_N14_N20 valid_basis=true max_uv_excess=0.0 widest=1.0 vertices=4 derivatives=true
CEILING MAPPING: mesh=orison_ground_Court_asphalt_N14_N21 valid_basis=true max_uv_excess=0.0 widest=1.0 vertices=4 derivatives=true
CEILING MAPPING: mesh=orison_ground_Court_asphalt_N14_N22 valid_basis=true max_uv_excess=0.0 widest=1.0 vertices=4 derivatives=true
CEILING MAPPING: mesh=orison_ground_Court_asphalt_N14_N23 valid_basis=true max_uv_excess=0.0 widest=1.0 vertices=4 derivatives=true
CEILING MAPPING: mesh=orison_ground_Court_asphalt_N14_N24 valid_basis=true max_uv_excess=0.0 widest=1.0 vertices=4 derivatives=true
CEILING MAPPING: mesh=orison_ground_Court_asphalt_N14_N25 valid_basis=true max_uv_excess=0.0 widest=1.0 vertices=4 derivatives=true
CEILING MAPPING: mesh=orison_ground_Court_asphalt_N14_N26 valid_basis=true max_uv_excess=0.0 widest=1.0 vertices=4 derivatives=true
CEILING MAPPING: mesh=orison_ground_Court_asphalt_N14_N27 valid_basis=true max_uv_excess=0.0 widest=1.0 vertices=8 derivatives=true
CEILING MAPPING: mesh=orison_ground_Court_asphalt_N14_P0 valid_basis=true max_uv_excess=0.0 widest=1.0 vertices=4 derivatives=true
CEILING MAPPING: mesh=orison_ground_Court_asphalt_N14_P1 valid_basis=true max_uv_excess=0.0 widest=1.0 vertices=4 derivatives=true
CEILING MAPPING: mesh=orison_ground_Court_asphalt_N14_P2 valid_basis=true max_uv_excess=0.0 widest=1.0 vertices=12 derivatives=true
CEILING MAPPING: mesh=orison_ground_Court_asphalt_N14_P3 valid_basis=true max_uv_excess=0.0 widest=1.0 vertices=4 derivatives=true
CEILING MAPPING: mesh=orison_ground_Court_asphalt_N14_P4 valid_basis=true max_uv_excess=0.0 widest=1.0 vertices=4 derivatives=true
CEILING MAPPING: mesh=orison_ground_Court_asphalt_N14_P5 valid_basis=true max_uv_excess=0.0 widest=1.0 vertices=4 derivatives=true
CEILING MAPPING: mesh=orison_ground_Court_asphalt_N14_P6 valid_basis=true max_uv_excess=0.0 widest=1.0 vertices=4 derivatives=true
CEILING MAPPING: mesh=orison_ground_Court_asphalt_N14_P13 valid_basis=true max_uv_excess=0.0 widest=1.0 vertices=4 derivatives=true
CEILING MAPPING: mesh=orison_ground_Court_asphalt_N14_P14 valid_basis=true max_uv_excess=0.0 widest=1.0 vertices=4 derivatives=true
CEILING MAPPING: mesh=orison_ground_Court_asphalt_N14_P15 valid_basis=true max_uv_excess=0.0 widest=1.0 vertices=8 derivatives=true
CEILING MAPPING: mesh=orison_ground_Court_asphalt_N15_N5 valid_basis=true max_uv_excess=0.0 widest=1.0 vertices=4 derivatives=true
CEILING MAPPING: mesh=orison_ground_Court_asphalt_N15_N6 valid_basis=true max_uv_excess=0.0 widest=1.0 vertices=4 derivatives=true
CEILING MAPPING: mesh=orison_ground_Court_asphalt_N15_N7 valid_basis=true max_uv_excess=0.0 widest=1.0 vertices=4 derivatives=true
CEILING MAPPING: mesh=orison_ground_Court_asphalt_N15_N8 valid_basis=true max_uv_excess=0.0 widest=1.0 vertices=8 derivatives=true
CEILING MAPPING: mesh=orison_ground_Court_asphalt_N15_N9 valid_basis=true max_uv_excess=0.0 widest=1.0 vertices=4 derivatives=true
CEILING MAPPING: mesh=orison_ground_Court_asphalt_N15_N10 valid_basis=true max_uv_excess=0.0 widest=1.0 vertices=8 derivatives=true
CEILING MAPPING: mesh=orison_ground_Court_asphalt_N15_N11 valid_basis=true max_uv_excess=0.0 widest=1.0 vertices=4 derivatives=true
CEILING MAPPING: mesh=orison_ground_Court_asphalt_N15_N18 valid_basis=true max_uv_excess=0.0 widest=1.0 vertices=4 derivatives=true
CEILING MAPPING: mesh=orison_ground_Court_asphalt_N15_N19 valid_basis=true max_uv_excess=0.0 widest=1.0 vertices=4 derivatives=true
CEILING MAPPING: mesh=orison_ground_Court_asphalt_N15_N20 valid_basis=true max_uv_excess=0.0 widest=1.0 vertices=4 derivatives=true
CEILING MAPPING: mesh=orison_ground_Court_asphalt_N15_N21 valid_basis=true max_uv_excess=0.0 widest=1.0 vertices=4 derivatives=true
CEILING MAPPING: mesh=orison_ground_Court_asphalt_N15_N22 valid_basis=true max_uv_excess=0.0 widest=1.0 vertices=4 derivatives=true
CEILING MAPPING: mesh=orison_ground_Court_asphalt_N15_N23 valid_basis=true max_uv_excess=0.0 widest=1.0 vertices=4 derivatives=true
CEILING MAPPING: mesh=orison_ground_Court_asphalt_N15_N24 valid_basis=true max_uv_excess=0.0 widest=1.0 vertices=4 derivatives=true
CEILING MAPPING: mesh=orison_ground_Court_asphalt_N15_N25 valid_basis=true max_uv_excess=0.0 widest=1.0 vertices=4 derivatives=true
CEILING MAPPING: mesh=orison_ground_Court_asphalt_N15_N26 valid_basis=true max_uv_excess=0.0 widest=1.0 vertices=4 derivatives=true
CEILING MAPPING: mesh=orison_ground_Court_asphalt_N15_N27 valid_basis=true max_uv_excess=0.0 widest=1.0 vertices=8 derivatives=true
CEILING MAPPING: mesh=orison_ground_Court_asphalt_N15_P2 valid_basis=true max_uv_excess=0.0 widest=1.0 vertices=4 derivatives=true
CEILING MAPPING: mesh=orison_ground_Court_asphalt_N15_P3 valid_basis=true max_uv_excess=0.0 widest=1.0 vertices=4 derivatives=true
CEILING MAPPING: mesh=orison_ground_Court_asphalt_N15_P4 valid_basis=true max_uv_excess=0.0 widest=1.0 vertices=4 derivatives=true
CEILING MAPPING: mesh=orison_ground_Court_asphalt_N15_P5 valid_basis=true max_uv_excess=0.0 widest=1.0 vertices=4 derivatives=true
CEILING MAPPING: mesh=orison_ground_Court_asphalt_N15_P6 valid_basis=true max_uv_excess=0.0 widest=1.0 vertices=4 derivatives=true
CEILING MAPPING: mesh=orison_ground_Court_asphalt_N15_P13 valid_basis=true max_uv_excess=0.0 widest=1.0 vertices=4 derivatives=true
CEILING MAPPING: mesh=orison_ground_Court_asphalt_N15_P14 valid_basis=true max_uv_excess=0.0 widest=1.0 vertices=4 derivatives=true
CEILING MAPPING: mesh=orison_ground_Court_asphalt_N15_P15 valid_basis=true max_uv_excess=0.0 widest=1.0 vertices=8 derivatives=true
CEILING MAPPING: mesh=orison_ground_Court_asphalt_N16_N1 valid_basis=true max_uv_excess=0.0 widest=1.0 vertices=4 derivatives=true
CEILING MAPPING: mesh=orison_ground_Court_asphalt_N16_N2 valid_basis=true max_uv_excess=0.0 widest=1.0 vertices=4 derivatives=true
CEILING MAPPING: mesh=orison_ground_Court_asphalt_N16_N3 valid_basis=true max_uv_excess=0.0 widest=1.0 vertices=4 derivatives=true
CEILING MAPPING: mesh=orison_ground_Court_asphalt_N16_N4 valid_basis=true max_uv_excess=0.0 widest=1.0 vertices=4 derivatives=true
CEILING MAPPING: mesh=orison_ground_Court_asphalt_N16_N5 valid_basis=true max_uv_excess=0.0 widest=1.0 vertices=8 derivatives=true
CEILING MAPPING: mesh=orison_ground_Court_asphalt_N16_N6 valid_basis=true max_uv_excess=0.0 widest=1.0 vertices=4 derivatives=true
CEILING MAPPING: mesh=orison_ground_Court_asphalt_N16_N7 valid_basis=true max_uv_excess=0.0 widest=1.0 vertices=4 derivatives=true
CEILING MAPPING: mesh=orison_ground_Court_asphalt_N16_N8 valid_basis=true max_uv_excess=0.0 widest=1.0 vertices=4 derivatives=true
CEILING MAPPING: mesh=orison_ground_Court_asphalt_N16_N9 valid_basis=true max_uv_excess=0.0 widest=1.0 vertices=4 derivatives=true
CEILING MAPPING: mesh=orison_ground_Court_asphalt_N16_N10 valid_basis=true max_uv_excess=0.0 widest=1.0 vertices=4 derivatives=true
CEILING MAPPING: mesh=orison_ground_Court_asphalt_N16_N11 valid_basis=true max_uv_excess=0.0 widest=1.0 vertices=4 derivatives=true
CEILING MAPPING: mesh=orison_ground_Court_asphalt_N16_N18 valid_basis=true max_uv_excess=0.0 widest=1.0 vertices=4 derivatives=true
CEILING MAPPING: mesh=orison_ground_Court_asphalt_N16_N19 valid_basis=true max_uv_excess=0.0 widest=1.0 vertices=4 derivatives=true
CEILING MAPPING: mesh=orison_ground_Court_asphalt_N16_N20 valid_basis=true max_uv_excess=0.0 widest=1.0 vertices=4 derivatives=true
CEILING MAPPING: mesh=orison_ground_Court_asphalt_N16_N21 valid_basis=true max_uv_excess=0.0 widest=1.0 vertices=4 derivatives=true
CEILING MAPPING: mesh=orison_ground_Court_asphalt_N16_N22 valid_basis=true max_uv_excess=0.0 widest=1.0 vertices=4 derivatives=true
CEILING MAPPING: mesh=orison_ground_Court_asphalt_N16_N23 valid_basis=true max_uv_excess=0.0 widest=1.0 vertices=4 derivatives=true
CEILING MAPPING: mesh=orison_ground_Court_asphalt_N16_N24 valid_basis=true max_uv_excess=0.0 widest=1.0 vertices=4 derivatives=true
CEILING MAPPING: mesh=orison_ground_Court_asphalt_N16_N25 valid_basis=true max_uv_excess=0.0 widest=1.0 vertices=4 derivatives=true
CEILING MAPPING: mesh=orison_ground_Court_asphalt_N16_N26 valid_basis=true max_uv_excess=0.0 widest=1.0 vertices=4 derivatives=true
CEILING MAPPING: mesh=orison_ground_Court_asphalt_N16_N27 valid_basis=true max_uv_excess=0.0 widest=1.0 vertices=8 derivatives=true
CEILING MAPPING: mesh=orison_ground_Court_asphalt_N16_P0 valid_basis=true max_uv_excess=0.0 widest=1.0 vertices=4 derivatives=true
CEILING MAPPING: mesh=orison_ground_Court_asphalt_N16_P1 valid_basis=true max_uv_excess=0.0 widest=1.0 vertices=4 derivatives=true
CEILING MAPPING: mesh=orison_ground_Court_asphalt_N16_P2 valid_basis=true max_uv_excess=0.0 widest=1.0 vertices=8 derivatives=true
CEILING MAPPING: mesh=orison_ground_Court_asphalt_N16_P3 valid_basis=true max_uv_excess=0.0 widest=1.0 vertices=4 derivatives=true
CEILING MAPPING: mesh=orison_ground_Court_asphalt_N16_P4 valid_basis=true max_uv_excess=0.0 widest=1.0 vertices=4 derivatives=true
CEILING MAPPING: mesh=orison_ground_Court_asphalt_N16_P5 valid_basis=true max_uv_excess=0.0 widest=1.0 vertices=4 derivatives=true
CEILING MAPPING: mesh=orison_ground_Court_asphalt_N16_P6 valid_basis=true max_uv_excess=0.0 widest=1.0 vertices=4 derivatives=true
CEILING MAPPING: mesh=orison_ground_Court_asphalt_N16_P13 valid_basis=true max_uv_excess=0.0 widest=1.0 vertices=4 derivatives=true
CEILING MAPPING: mesh=orison_ground_Court_asphalt_N16_P14 valid_basis=true max_uv_excess=0.0 widest=1.0 vertices=4 derivatives=true
CEILING MAPPING: mesh=orison_ground_Court_asphalt_N16_P15 valid_basis=true max_uv_excess=0.0 widest=1.0 vertices=8 derivatives=true
CEILING MAPPING: mesh=orison_ground_Court_asphalt_N17_N1 valid_basis=true max_uv_excess=0.0 widest=1.0 vertices=4 derivatives=true
CEILING MAPPING: mesh=orison_ground_Court_asphalt_N17_N2 valid_basis=true max_uv_excess=0.0 widest=1.0 vertices=4 derivatives=true
CEILING MAPPING: mesh=orison_ground_Court_asphalt_N17_N3 valid_basis=true max_uv_excess=0.0 widest=1.0 vertices=4 derivatives=true
CEILING MAPPING: mesh=orison_ground_Court_asphalt_N17_N4 valid_basis=true max_uv_excess=0.0 widest=1.0 vertices=4 derivatives=true
CEILING MAPPING: mesh=orison_ground_Court_asphalt_N17_N5 valid_basis=true max_uv_excess=0.0 widest=1.0 vertices=4 derivatives=true
CEILING MAPPING: mesh=orison_ground_Court_asphalt_N17_N6 valid_basis=true max_uv_excess=0.0 widest=1.0 vertices=4 derivatives=true
CEILING MAPPING: mesh=orison_ground_Court_asphalt_N17_N7 valid_basis=true max_uv_excess=0.0 widest=1.0 vertices=4 derivatives=true
CEILING MAPPING: mesh=orison_ground_Court_asphalt_N17_N8 valid_basis=true max_uv_excess=0.0 widest=1.0 vertices=4 derivatives=true
CEILING MAPPING: mesh=orison_ground_Court_asphalt_N17_N9 valid_basis=true max_uv_excess=0.0 widest=1.0 vertices=4 derivatives=true
CEILING MAPPING: mesh=orison_ground_Court_asphalt_N17_N10 valid_basis=true max_uv_excess=0.0 widest=1.0 vertices=4 derivatives=true
CEILING MAPPING: mesh=orison_ground_Court_asphalt_N17_N11 valid_basis=true max_uv_excess=0.0 widest=1.0 vertices=4 derivatives=true
CEILING MAPPING: mesh=orison_ground_Court_asphalt_N17_N18 valid_basis=true max_uv_excess=0.0 widest=1.0 vertices=4 derivatives=true
CEILING MAPPING: mesh=orison_ground_Court_asphalt_N17_N19 valid_basis=true max_uv_excess=0.0 widest=1.0 vertices=4 derivatives=true
CEILING MAPPING: mesh=orison_ground_Court_asphalt_N17_N20 valid_basis=true max_uv_excess=0.0 widest=1.0 vertices=4 derivatives=true
CEILING MAPPING: mesh=orison_ground_Court_asphalt_N17_N21 valid_basis=true max_uv_excess=0.0 widest=1.0 vertices=4 derivatives=true
CEILING MAPPING: mesh=orison_ground_Court_asphalt_N17_N22 valid_basis=true max_uv_excess=0.0 widest=1.0 vertices=4 derivatives=true
CEILING MAPPING: mesh=orison_ground_Court_asphalt_N17_N23 valid_basis=true max_uv_excess=0.0 widest=1.0 vertices=4 derivatives=true
CEILING MAPPING: mesh=orison_ground_Court_asphalt_N17_N24 valid_basis=true max_uv_excess=0.0 widest=1.0 vertices=4 derivatives=true
CEILING MAPPING: mesh=orison_ground_Court_asphalt_N17_N25 valid_basis=true max_uv_excess=0.0 widest=1.0 vertices=4 derivatives=true
CEILING MAPPING: mesh=orison_ground_Court_asphalt_N17_N26 valid_basis=true max_uv_excess=0.0 widest=1.0 vertices=4 derivatives=true
CEILING MAPPING: mesh=orison_ground_Court_asphalt_N17_N27 valid_basis=true max_uv_excess=0.0 widest=1.0 vertices=8 derivatives=true
CEILING MAPPING: mesh=orison_ground_Court_asphalt_N17_P0 valid_basis=true max_uv_excess=0.0 widest=1.0 vertices=4 derivatives=true
CEILING MAPPING: mesh=orison_ground_Court_asphalt_N17_P1 valid_basis=true max_uv_excess=0.0 widest=1.0 vertices=4 derivatives=true
CEILING MAPPING: mesh=orison_ground_Court_asphalt_N17_P2 valid_basis=true max_uv_excess=0.0 widest=1.0 vertices=4 derivatives=true
CEILING MAPPING: mesh=orison_ground_Court_asphalt_N17_P3 valid_basis=true max_uv_excess=0.0 widest=1.0 vertices=4 derivatives=true
CEILING MAPPING: mesh=orison_ground_Court_asphalt_N17_P4 valid_basis=true max_uv_excess=0.0 widest=1.0 vertices=4 derivatives=true
CEILING MAPPING: mesh=orison_ground_Court_asphalt_N17_P5 valid_basis=true max_uv_excess=0.0 widest=1.0 vertices=4 derivatives=true
CEILING MAPPING: mesh=orison_ground_Court_asphalt_N17_P6 valid_basis=true max_uv_excess=0.0 widest=1.0 vertices=4 derivatives=true
CEILING MAPPING: mesh=orison_ground_Court_asphalt_N17_P13 valid_basis=true max_uv_excess=0.0 widest=1.0 vertices=4 derivatives=true
CEILING MAPPING: mesh=orison_ground_Court_asphalt_N17_P14 valid_basis=true max_uv_excess=0.0 widest=1.0 vertices=4 derivatives=true
CEILING MAPPING: mesh=orison_ground_Court_asphalt_N17_P15 valid_basis=true max_uv_excess=0.0 widest=1.0 vertices=8 derivatives=true
CEILING MAPPING: mesh=orison_ground_Court_asphalt_N18_N1 valid_basis=true max_uv_excess=0.0 widest=1.0 vertices=4 derivatives=true
CEILING MAPPING: mesh=orison_ground_Court_asphalt_N18_N2 valid_basis=true max_uv_excess=0.0 widest=1.0 vertices=4 derivatives=true
CEILING MAPPING: mesh=orison_ground_Court_asphalt_N18_N3 valid_basis=true max_uv_excess=0.0 widest=1.0 vertices=4 derivatives=true
CEILING MAPPING: mesh=orison_ground_Court_asphalt_N18_N4 valid_basis=true max_uv_excess=0.0 widest=1.0 vertices=4 derivatives=true
CEILING MAPPING: mesh=orison_ground_Court_asphalt_N18_N5 valid_basis=true max_uv_excess=0.0 widest=1.0 vertices=4 derivatives=true
CEILING MAPPING: mesh=orison_ground_Court_asphalt_N18_N6 valid_basis=true max_uv_excess=0.0 widest=1.0 vertices=4 derivatives=true
CEILING MAPPING: mesh=orison_ground_Court_asphalt_N18_N7 valid_basis=true max_uv_excess=0.0 widest=1.0 vertices=4 derivatives=true
CEILING MAPPING: mesh=orison_ground_Court_asphalt_N18_N8 valid_basis=true max_uv_excess=0.0 widest=1.0 vertices=4 derivatives=true
CEILING MAPPING: mesh=orison_ground_Court_asphalt_N18_N9 valid_basis=true max_uv_excess=0.0 widest=1.0 vertices=4 derivatives=true
CEILING MAPPING: mesh=orison_ground_Court_asphalt_N18_N10 valid_basis=true max_uv_excess=0.0 widest=1.0 vertices=4 derivatives=true
CEILING MAPPING: mesh=orison_ground_Court_asphalt_N18_N11 valid_basis=true max_uv_excess=0.0 widest=1.0 vertices=4 derivatives=true
CEILING MAPPING: mesh=orison_ground_Court_asphalt_N18_N18 valid_basis=true max_uv_excess=0.0 widest=1.0 vertices=4 derivatives=true
CEILING MAPPING: mesh=orison_ground_Court_asphalt_N18_N19 valid_basis=true max_uv_excess=0.0 widest=1.0 vertices=4 derivatives=true
CEILING MAPPING: mesh=orison_ground_Court_asphalt_N18_N20 valid_basis=true max_uv_excess=0.0 widest=1.0 vertices=4 derivatives=true
CEILING MAPPING: mesh=orison_ground_Court_asphalt_N18_N21 valid_basis=true max_uv_excess=0.0 widest=1.0 vertices=4 derivatives=true
CEILING MAPPING: mesh=orison_ground_Court_asphalt_N18_N22 valid_basis=true max_uv_excess=0.0 widest=1.0 vertices=4 derivatives=true
CEILING MAPPING: mesh=orison_ground_Court_asphalt_N18_N23 valid_basis=true max_uv_excess=0.0 widest=1.0 vertices=4 derivatives=true
CEILING MAPPING: mesh=orison_ground_Court_asphalt_N18_N24 valid_basis=true max_uv_excess=0.0 widest=1.0 vertices=4 derivatives=true
CEILING MAPPING: mesh=orison_ground_Court_asphalt_N18_N25 valid_basis=true max_uv_excess=0.0 widest=1.0 vertices=4 derivatives=true
CEILING MAPPING: mesh=orison_ground_Court_asphalt_N18_N26 valid_basis=true max_uv_excess=0.0 widest=1.0 vertices=4 derivatives=true
CEILING MAPPING: mesh=orison_ground_Court_asphalt_N18_N27 valid_basis=true max_uv_excess=0.0 widest=1.0 vertices=8 derivatives=true
CEILING MAPPING: mesh=orison_ground_Court_asphalt_N18_P0 valid_basis=true max_uv_excess=0.0 widest=1.0 vertices=4 derivatives=true
CEILING MAPPING: mesh=orison_ground_Court_asphalt_N18_P1 valid_basis=true max_uv_excess=0.0 widest=1.0 vertices=4 derivatives=true
CEILING MAPPING: mesh=orison_ground_Court_asphalt_N18_P2 valid_basis=true max_uv_excess=0.0 widest=1.0 vertices=4 derivatives=true
CEILING MAPPING: mesh=orison_ground_Court_asphalt_N18_P3 valid_basis=true max_uv_excess=0.0 widest=1.0 vertices=4 derivatives=true
CEILING MAPPING: mesh=orison_ground_Court_asphalt_N18_P4 valid_basis=true max_uv_excess=0.0 widest=1.0 vertices=4 derivatives=true
CEILING MAPPING: mesh=orison_ground_Court_asphalt_N18_P5 valid_basis=true max_uv_excess=0.0 widest=1.0 vertices=4 derivatives=true
CEILING MAPPING: mesh=orison_ground_Court_asphalt_N18_P6 valid_basis=true max_uv_excess=0.0 widest=1.0 vertices=4 derivatives=true
CEILING MAPPING: mesh=orison_ground_Court_asphalt_N18_P13 valid_basis=true max_uv_excess=0.0 widest=1.0 vertices=4 derivatives=true
CEILING MAPPING: mesh=orison_ground_Court_asphalt_N18_P14 valid_basis=true max_uv_excess=0.0 widest=1.0 vertices=4 derivatives=true
CEILING MAPPING: mesh=orison_ground_Court_asphalt_N18_P15 valid_basis=true max_uv_excess=0.0 widest=1.0 vertices=8 derivatives=true
CEILING MAPPING: mesh=orison_ground_Court_asphalt_N19_N1 valid_basis=true max_uv_excess=0.0 widest=1.0 vertices=4 derivatives=true
CEILING MAPPING: mesh=orison_ground_Court_asphalt_N19_N2 valid_basis=true max_uv_excess=0.0 widest=1.0 vertices=4 derivatives=true
CEILING MAPPING: mesh=orison_ground_Court_asphalt_N19_N3 valid_basis=true max_uv_excess=0.0 widest=1.0 vertices=4 derivatives=true
CEILING MAPPING: mesh=orison_ground_Court_asphalt_N19_N4 valid_basis=true max_uv_excess=0.0 widest=1.0 vertices=4 derivatives=true
CEILING MAPPING: mesh=orison_ground_Court_asphalt_N19_N5 valid_basis=true max_uv_excess=0.0 widest=1.0 vertices=8 derivatives=true
CEILING MAPPING: mesh=orison_ground_Court_asphalt_N19_N6 valid_basis=true max_uv_excess=0.0 widest=1.0 vertices=4 derivatives=true
CEILING MAPPING: mesh=orison_ground_Court_asphalt_N19_N7 valid_basis=true max_uv_excess=0.0 widest=1.0 vertices=4 derivatives=true
CEILING MAPPING: mesh=orison_ground_Court_asphalt_N19_N8 valid_basis=true max_uv_excess=0.0 widest=1.0 vertices=4 derivatives=true
CEILING MAPPING: mesh=orison_ground_Court_asphalt_N19_N9 valid_basis=true max_uv_excess=0.0 widest=1.0 vertices=4 derivatives=true
CEILING MAPPING: mesh=orison_ground_Court_asphalt_N19_N10 valid_basis=true max_uv_excess=0.0 widest=1.0 vertices=4 derivatives=true
CEILING MAPPING: mesh=orison_ground_Court_asphalt_N19_N11 valid_basis=true max_uv_excess=0.0 widest=1.0 vertices=4 derivatives=true
CEILING MAPPING: mesh=orison_ground_Court_asphalt_N19_N18 valid_basis=true max_uv_excess=0.0 widest=1.0 vertices=4 derivatives=true
CEILING MAPPING: mesh=orison_ground_Court_asphalt_N19_N19 valid_basis=true max_uv_excess=0.0 widest=1.0 vertices=4 derivatives=true
CEILING MAPPING: mesh=orison_ground_Court_asphalt_N19_N20 valid_basis=true max_uv_excess=0.0 widest=1.0 vertices=4 derivatives=true
CEILING MAPPING: mesh=orison_ground_Court_asphalt_N19_N21 valid_basis=true max_uv_excess=0.0 widest=1.0 vertices=4 derivatives=true
CEILING MAPPING: mesh=orison_ground_Court_asphalt_N19_N22 valid_basis=true max_uv_excess=0.0 widest=1.0 vertices=4 derivatives=true
CEILING MAPPING: mesh=orison_ground_Court_asphalt_N19_N23 valid_basis=true max_uv_excess=0.0 widest=1.0 vertices=4 derivatives=true
CEILING MAPPING: mesh=orison_ground_Court_asphalt_N19_N24 valid_basis=true max_uv_excess=0.0 widest=1.0 vertices=4 derivatives=true
CEILING MAPPING: mesh=orison_ground_Court_asphalt_N19_N25 valid_basis=true max_uv_excess=0.0 widest=1.0 vertices=4 derivatives=true
CEILING MAPPING: mesh=orison_ground_Court_asphalt_N19_N26 valid_basis=true max_uv_excess=0.0 widest=1.0 vertices=4 derivatives=true
CEILING MAPPING: mesh=orison_ground_Court_asphalt_N19_N27 valid_basis=true max_uv_excess=0.0 widest=1.0 vertices=8 derivatives=true
CEILING MAPPING: mesh=orison_ground_Court_asphalt_N19_P0 valid_basis=true max_uv_excess=0.0 widest=1.0 vertices=4 derivatives=true
CEILING MAPPING: mesh=orison_ground_Court_asphalt_N19_P1 valid_basis=true max_uv_excess=0.0 widest=1.0 vertices=4 derivatives=true
CEILING MAPPING: mesh=orison_ground_Court_asphalt_N19_P2 valid_basis=true max_uv_excess=0.0 widest=1.0 vertices=4 derivatives=true
CEILING MAPPING: mesh=orison_ground_Court_asphalt_N19_P3 valid_basis=true max_uv_excess=0.0 widest=1.0 vertices=8 derivatives=true
CEILING MAPPING: mesh=orison_ground_Court_asphalt_N19_P4 valid_basis=true max_uv_excess=0.0 widest=1.0 vertices=4 derivatives=true
CEILING MAPPING: mesh=orison_ground_Court_asphalt_N19_P5 valid_basis=true max_uv_excess=0.0 widest=1.0 vertices=4 derivatives=true
CEILING MAPPING: mesh=orison_ground_Court_asphalt_N19_P6 valid_basis=true max_uv_excess=0.0 widest=1.0 vertices=4 derivatives=true
CEILING MAPPING: mesh=orison_ground_Court_asphalt_N19_P13 valid_basis=true max_uv_excess=0.0 widest=1.0 vertices=4 derivatives=true
CEILING MAPPING: mesh=orison_ground_Court_asphalt_N19_P14 valid_basis=true max_uv_excess=0.0 widest=1.0 vertices=4 derivatives=true
CEILING MAPPING: mesh=orison_ground_Court_asphalt_N19_P15 valid_basis=true max_uv_excess=0.0 widest=1.0 vertices=8 derivatives=true
CEILING MAPPING: mesh=orison_ground_Court_asphalt_N20_N5 valid_basis=true max_uv_excess=0.0 widest=1.0 vertices=4 derivatives=true
CEILING MAPPING: mesh=orison_ground_Court_asphalt_N20_N6 valid_basis=true max_uv_excess=0.0 widest=1.0 vertices=4 derivatives=true
CEILING MAPPING: mesh=orison_ground_Court_asphalt_N20_N7 valid_basis=true max_uv_excess=0.0 widest=1.0 vertices=4 derivatives=true
CEILING MAPPING: mesh=orison_ground_Court_asphalt_N20_N8 valid_basis=true max_uv_excess=0.0 widest=1.0 vertices=4 derivatives=true
CEILING MAPPING: mesh=orison_ground_Court_asphalt_N20_N9 valid_basis=true max_uv_excess=0.0 widest=1.0 vertices=4 derivatives=true
CEILING MAPPING: mesh=orison_ground_Court_asphalt_N20_N10 valid_basis=true max_uv_excess=0.0 widest=1.0 vertices=4 derivatives=true
CEILING MAPPING: mesh=orison_ground_Court_asphalt_N20_N11 valid_basis=true max_uv_excess=0.0 widest=1.0 vertices=4 derivatives=true
CEILING MAPPING: mesh=orison_ground_Court_asphalt_N20_N18 valid_basis=true max_uv_excess=0.0 widest=1.0 vertices=4 derivatives=true
CEILING MAPPING: mesh=orison_ground_Court_asphalt_N20_N19 valid_basis=true max_uv_excess=0.0 widest=1.0 vertices=4 derivatives=true
CEILING MAPPING: mesh=orison_ground_Court_asphalt_N20_N20 valid_basis=true max_uv_excess=0.0 widest=1.0 vertices=4 derivatives=true
CEILING MAPPING: mesh=orison_ground_Court_asphalt_N20_N21 valid_basis=true max_uv_excess=0.0 widest=1.0 vertices=4 derivatives=true
CEILING MAPPING: mesh=orison_ground_Court_asphalt_N20_N22 valid_basis=true max_uv_excess=0.0 widest=1.0 vertices=4 derivatives=true
CEILING MAPPING: mesh=orison_ground_Court_asphalt_N20_N23 valid_basis=true max_uv_excess=0.0 widest=1.0 vertices=4 derivatives=true
CEILING MAPPING: mesh=orison_ground_Court_asphalt_N20_N24 valid_basis=true max_uv_excess=0.0 widest=1.0 vertices=4 derivatives=true
CEILING MAPPING: mesh=orison_ground_Court_asphalt_N20_N25 valid_basis=true max_uv_excess=0.0 widest=1.0 vertices=4 derivatives=true
CEILING MAPPING: mesh=orison_ground_Court_asphalt_N20_N26 valid_basis=true max_uv_excess=0.0 widest=1.0 vertices=4 derivatives=true
CEILING MAPPING: mesh=orison_ground_Court_asphalt_N20_N27 valid_basis=true max_uv_excess=0.0 widest=1.0 vertices=8 derivatives=true
CEILING MAPPING: mesh=orison_ground_Court_asphalt_N20_P3 valid_basis=true max_uv_excess=0.0 widest=1.0 vertices=4 derivatives=true
CEILING MAPPING: mesh=orison_ground_Court_asphalt_N20_P4 valid_basis=true max_uv_excess=0.0 widest=1.0 vertices=4 derivatives=true
CEILING MAPPING: mesh=orison_ground_Court_asphalt_N20_P5 valid_basis=true max_uv_excess=0.0 widest=1.0 vertices=4 derivatives=true
CEILING MAPPING: mesh=orison_ground_Court_asphalt_N20_P6 valid_basis=true max_uv_excess=0.0 widest=1.0 vertices=8 derivatives=true
CEILING MAPPING: mesh=orison_ground_Court_asphalt_N20_P7 valid_basis=true max_uv_excess=0.0 widest=1.0 vertices=4 derivatives=true
CEILING MAPPING: mesh=orison_ground_Court_asphalt_N20_P8 valid_basis=true max_uv_excess=0.0 widest=1.0 vertices=4 derivatives=true
CEILING MAPPING: mesh=orison_ground_Court_asphalt_N20_P9 valid_basis=true max_uv_excess=0.0 widest=1.0 vertices=4 derivatives=true
CEILING MAPPING: mesh=orison_ground_Court_asphalt_N20_P10 valid_basis=true max_uv_excess=0.0 widest=1.0 vertices=4 derivatives=true
CEILING MAPPING: mesh=orison_ground_Court_asphalt_N20_P11 valid_basis=true max_uv_excess=0.0 widest=1.0 vertices=4 derivatives=true
CEILING MAPPING: mesh=orison_ground_Court_asphalt_N20_P12 valid_basis=true max_uv_excess=0.0 widest=1.0 vertices=4 derivatives=true
CEILING MAPPING: mesh=orison_ground_Court_asphalt_N20_P13 valid_basis=true max_uv_excess=0.0 widest=1.0 vertices=8 derivatives=true
CEILING MAPPING: mesh=orison_ground_Court_asphalt_N20_P14 valid_basis=true max_uv_excess=0.0 widest=1.0 vertices=4 derivatives=true
CEILING MAPPING: mesh=orison_ground_Court_asphalt_N20_P15 valid_basis=true max_uv_excess=0.0 widest=1.0 vertices=8 derivatives=true
CEILING MAPPING: mesh=orison_ground_Court_asphalt_N21_N5 valid_basis=true max_uv_excess=0.0 widest=1.0 vertices=4 derivatives=true
CEILING MAPPING: mesh=orison_ground_Court_asphalt_N21_N6 valid_basis=true max_uv_excess=0.0 widest=1.0 vertices=4 derivatives=true
CEILING MAPPING: mesh=orison_ground_Court_asphalt_N21_N7 valid_basis=true max_uv_excess=0.0 widest=1.0 vertices=4 derivatives=true
CEILING MAPPING: mesh=orison_ground_Court_asphalt_N21_N8 valid_basis=true max_uv_excess=0.0 widest=1.0 vertices=4 derivatives=true
CEILING MAPPING: mesh=orison_ground_Court_asphalt_N21_N9 valid_basis=true max_uv_excess=0.0 widest=1.0 vertices=4 derivatives=true
CEILING MAPPING: mesh=orison_ground_Court_asphalt_N21_N10 valid_basis=true max_uv_excess=0.0 widest=1.0 vertices=4 derivatives=true
CEILING MAPPING: mesh=orison_ground_Court_asphalt_N21_N11 valid_basis=true max_uv_excess=0.0 widest=1.0 vertices=4 derivatives=true
CEILING MAPPING: mesh=orison_ground_Court_asphalt_N21_N18 valid_basis=true max_uv_excess=0.0 widest=1.0 vertices=4 derivatives=true
CEILING MAPPING: mesh=orison_ground_Court_asphalt_N21_N19 valid_basis=true max_uv_excess=0.0 widest=1.0 vertices=4 derivatives=true
CEILING MAPPING: mesh=orison_ground_Court_asphalt_N21_N20 valid_basis=true max_uv_excess=0.0 widest=1.0 vertices=4 derivatives=true
CEILING MAPPING: mesh=orison_ground_Court_asphalt_N21_N21 valid_basis=true max_uv_excess=0.0 widest=1.0 vertices=4 derivatives=true
CEILING MAPPING: mesh=orison_ground_Court_asphalt_N21_N22 valid_basis=true max_uv_excess=0.0 widest=1.0 vertices=4 derivatives=true
CEILING MAPPING: mesh=orison_ground_Court_asphalt_N21_N23 valid_basis=true max_uv_excess=0.0 widest=1.0 vertices=4 derivatives=true
CEILING MAPPING: mesh=orison_ground_Court_asphalt_N21_N24 valid_basis=true max_uv_excess=0.0 widest=1.0 vertices=4 derivatives=true
CEILING MAPPING: mesh=orison_ground_Court_asphalt_N21_N25 valid_basis=true max_uv_excess=0.0 widest=1.0 vertices=4 derivatives=true
CEILING MAPPING: mesh=orison_ground_Court_asphalt_N21_N26 valid_basis=true max_uv_excess=0.0 widest=1.0 vertices=4 derivatives=true
CEILING MAPPING: mesh=orison_ground_Court_asphalt_N21_N27 valid_basis=true max_uv_excess=0.0 widest=1.0 vertices=8 derivatives=true
CEILING MAPPING: mesh=orison_ground_Court_asphalt_N21_P3 valid_basis=true max_uv_excess=0.0 widest=1.0 vertices=4 derivatives=true
CEILING MAPPING: mesh=orison_ground_Court_asphalt_N21_P4 valid_basis=true max_uv_excess=0.0 widest=1.0 vertices=4 derivatives=true
CEILING MAPPING: mesh=orison_ground_Court_asphalt_N21_P5 valid_basis=true max_uv_excess=0.0 widest=1.0 vertices=4 derivatives=true
CEILING MAPPING: mesh=orison_ground_Court_asphalt_N21_P6 valid_basis=true max_uv_excess=0.0 widest=1.0 vertices=4 derivatives=true
CEILING MAPPING: mesh=orison_ground_Court_asphalt_N21_P7 valid_basis=true max_uv_excess=0.0 widest=1.0 vertices=4 derivatives=true
CEILING MAPPING: mesh=orison_ground_Court_asphalt_N21_P8 valid_basis=true max_uv_excess=0.0 widest=1.0 vertices=4 derivatives=true
CEILING MAPPING: mesh=orison_ground_Court_asphalt_N21_P9 valid_basis=true max_uv_excess=0.0 widest=1.0 vertices=4 derivatives=true
CEILING MAPPING: mesh=orison_ground_Court_asphalt_N21_P10 valid_basis=true max_uv_excess=0.0 widest=1.0 vertices=4 derivatives=true
CEILING MAPPING: mesh=orison_ground_Court_asphalt_N21_P11 valid_basis=true max_uv_excess=0.0 widest=1.0 vertices=4 derivatives=true
CEILING MAPPING: mesh=orison_ground_Court_asphalt_N21_P12 valid_basis=true max_uv_excess=0.0 widest=1.0 vertices=4 derivatives=true
CEILING MAPPING: mesh=orison_ground_Court_asphalt_N21_P13 valid_basis=true max_uv_excess=0.0 widest=1.0 vertices=4 derivatives=true
CEILING MAPPING: mesh=orison_ground_Court_asphalt_N21_P14 valid_basis=true max_uv_excess=0.0 widest=1.0 vertices=4 derivatives=true
CEILING MAPPING: mesh=orison_ground_Court_asphalt_N21_P15 valid_basis=true max_uv_excess=0.0 widest=1.0 vertices=8 derivatives=true
CEILING MAPPING: mesh=orison_ground_Court_asphalt_N22_N5 valid_basis=true max_uv_excess=0.0 widest=1.0 vertices=4 derivatives=true
CEILING MAPPING: mesh=orison_ground_Court_asphalt_N22_N6 valid_basis=true max_uv_excess=0.0 widest=1.0 vertices=4 derivatives=true
CEILING MAPPING: mesh=orison_ground_Court_asphalt_N22_N7 valid_basis=true max_uv_excess=0.0 widest=1.0 vertices=4 derivatives=true
CEILING MAPPING: mesh=orison_ground_Court_asphalt_N22_N8 valid_basis=true max_uv_excess=0.0 widest=1.0 vertices=4 derivatives=true
CEILING MAPPING: mesh=orison_ground_Court_asphalt_N22_N9 valid_basis=true max_uv_excess=0.0 widest=1.0 vertices=4 derivatives=true
CEILING MAPPING: mesh=orison_ground_Court_asphalt_N22_N10 valid_basis=true max_uv_excess=0.0 widest=1.0 vertices=4 derivatives=true
CEILING MAPPING: mesh=orison_ground_Court_asphalt_N22_N11 valid_basis=true max_uv_excess=0.0 widest=1.0 vertices=8 derivatives=true
CEILING MAPPING: mesh=orison_ground_Court_asphalt_N22_N12 valid_basis=true max_uv_excess=0.0 widest=1.0 vertices=4 derivatives=true
CEILING MAPPING: mesh=orison_ground_Court_asphalt_N22_N13 valid_basis=true max_uv_excess=0.0 widest=1.0 vertices=4 derivatives=true
CEILING MAPPING: mesh=orison_ground_Court_asphalt_N22_N14 valid_basis=true max_uv_excess=0.0 widest=1.0 vertices=4 derivatives=true
CEILING MAPPING: mesh=orison_ground_Court_asphalt_N22_N15 valid_basis=true max_uv_excess=0.0 widest=1.0 vertices=4 derivatives=true
CEILING MAPPING: mesh=orison_ground_Court_asphalt_N22_N16 valid_basis=true max_uv_excess=0.0 widest=1.0 vertices=4 derivatives=true
CEILING MAPPING: mesh=orison_ground_Court_asphalt_N22_N17 valid_basis=true max_uv_excess=0.0 widest=1.0 vertices=4 derivatives=true
CEILING MAPPING: mesh=orison_ground_Court_asphalt_N22_N18 valid_basis=true max_uv_excess=0.0 widest=1.0 vertices=8 derivatives=true
CEILING MAPPING: mesh=orison_ground_Court_asphalt_N22_N19 valid_basis=true max_uv_excess=0.0 widest=1.0 vertices=4 derivatives=true
CEILING MAPPING: mesh=orison_ground_Court_asphalt_N22_N20 valid_basis=true max_uv_excess=0.0 widest=1.0 vertices=4 derivatives=true
CEILING MAPPING: mesh=orison_ground_Court_asphalt_N22_N21 valid_basis=true max_uv_excess=0.0 widest=1.0 vertices=4 derivatives=true
CEILING MAPPING: mesh=orison_ground_Court_asphalt_N22_N22 valid_basis=true max_uv_excess=0.0 widest=1.0 vertices=4 derivatives=true
CEILING MAPPING: mesh=orison_ground_Court_asphalt_N22_N23 valid_basis=true max_uv_excess=0.0 widest=1.0 vertices=4 derivatives=true
CEILING MAPPING: mesh=orison_ground_Court_asphalt_N22_N24 valid_basis=true max_uv_excess=0.0 widest=1.0 vertices=4 derivatives=true
CEILING MAPPING: mesh=orison_ground_Court_asphalt_N22_N25 valid_basis=true max_uv_excess=0.0 widest=1.0 vertices=4 derivatives=true
CEILING MAPPING: mesh=orison_ground_Court_asphalt_N22_N26 valid_basis=true max_uv_excess=0.0 widest=1.0 vertices=4 derivatives=true
CEILING MAPPING: mesh=orison_ground_Court_asphalt_N22_N27 valid_basis=true max_uv_excess=0.0 widest=1.0 vertices=8 derivatives=true
CEILING MAPPING: mesh=orison_ground_Court_asphalt_N22_P3 valid_basis=true max_uv_excess=0.0 widest=1.0 vertices=4 derivatives=true
CEILING MAPPING: mesh=orison_ground_Court_asphalt_N22_P4 valid_basis=true max_uv_excess=0.0 widest=1.0 vertices=4 derivatives=true
CEILING MAPPING: mesh=orison_ground_Court_asphalt_N22_P5 valid_basis=true max_uv_excess=0.0 widest=1.0 vertices=4 derivatives=true
CEILING MAPPING: mesh=orison_ground_Court_asphalt_N22_P6 valid_basis=true max_uv_excess=0.0 widest=1.0 vertices=4 derivatives=true
CEILING MAPPING: mesh=orison_ground_Court_asphalt_N22_P7 valid_basis=true max_uv_excess=0.0 widest=1.0 vertices=4 derivatives=true
CEILING MAPPING: mesh=orison_ground_Court_asphalt_N22_P8 valid_basis=true max_uv_excess=0.0 widest=1.0 vertices=4 derivatives=true
CEILING MAPPING: mesh=orison_ground_Court_asphalt_N22_P9 valid_basis=true max_uv_excess=0.0 widest=1.0 vertices=4 derivatives=true
CEILING MAPPING: mesh=orison_ground_Court_asphalt_N22_P10 valid_basis=true max_uv_excess=0.0 widest=1.0 vertices=4 derivatives=true
CEILING MAPPING: mesh=orison_ground_Court_asphalt_N22_P11 valid_basis=true max_uv_excess=0.0 widest=1.0 vertices=4 derivatives=true
CEILING MAPPING: mesh=orison_ground_Court_asphalt_N22_P12 valid_basis=true max_uv_excess=0.0 widest=1.0 vertices=4 derivatives=true
CEILING MAPPING: mesh=orison_ground_Court_asphalt_N22_P13 valid_basis=true max_uv_excess=0.0 widest=1.0 vertices=4 derivatives=true
CEILING MAPPING: mesh=orison_ground_Court_asphalt_N22_P14 valid_basis=true max_uv_excess=0.0 widest=1.0 vertices=4 derivatives=true
CEILING MAPPING: mesh=orison_ground_Court_asphalt_N22_P15 valid_basis=true max_uv_excess=0.0 widest=1.0 vertices=8 derivatives=true
CEILING MAPPING: mesh=orison_ground_Court_asphalt_N23_N5 valid_basis=true max_uv_excess=0.0 widest=1.0 vertices=4 derivatives=true
CEILING MAPPING: mesh=orison_ground_Court_asphalt_N23_N6 valid_basis=true max_uv_excess=0.0 widest=1.0 vertices=4 derivatives=true
CEILING MAPPING: mesh=orison_ground_Court_asphalt_N23_N7 valid_basis=true max_uv_excess=0.0 widest=1.0 vertices=4 derivatives=true
CEILING MAPPING: mesh=orison_ground_Court_asphalt_N23_N8 valid_basis=true max_uv_excess=0.0 widest=1.0 vertices=4 derivatives=true
CEILING MAPPING: mesh=orison_ground_Court_asphalt_N23_N9 valid_basis=true max_uv_excess=0.0 widest=1.0 vertices=4 derivatives=true
CEILING MAPPING: mesh=orison_ground_Court_asphalt_N23_N10 valid_basis=true max_uv_excess=0.0 widest=1.0 vertices=4 derivatives=true
CEILING MAPPING: mesh=orison_ground_Court_asphalt_N23_N11 valid_basis=true max_uv_excess=0.0 widest=1.0 vertices=4 derivatives=true
CEILING MAPPING: mesh=orison_ground_Court_asphalt_N23_N12 valid_basis=true max_uv_excess=0.0 widest=1.0 vertices=4 derivatives=true
CEILING MAPPING: mesh=orison_ground_Court_asphalt_N23_N13 valid_basis=true max_uv_excess=0.0 widest=1.0 vertices=4 derivatives=true
CEILING MAPPING: mesh=orison_ground_Court_asphalt_N23_N14 valid_basis=true max_uv_excess=0.0 widest=1.0 vertices=4 derivatives=true
CEILING MAPPING: mesh=orison_ground_Court_asphalt_N23_N15 valid_basis=true max_uv_excess=0.0 widest=1.0 vertices=4 derivatives=true
CEILING MAPPING: mesh=orison_ground_Court_asphalt_N23_N16 valid_basis=true max_uv_excess=0.0 widest=1.0 vertices=4 derivatives=true
CEILING MAPPING: mesh=orison_ground_Court_asphalt_N23_N17 valid_basis=true max_uv_excess=0.0 widest=1.0 vertices=4 derivatives=true
CEILING MAPPING: mesh=orison_ground_Court_asphalt_N23_N18 valid_basis=true max_uv_excess=0.0 widest=1.0 vertices=4 derivatives=true
CEILING MAPPING: mesh=orison_ground_Court_asphalt_N23_N19 valid_basis=true max_uv_excess=0.0 widest=1.0 vertices=4 derivatives=true
CEILING MAPPING: mesh=orison_ground_Court_asphalt_N23_N20 valid_basis=true max_uv_excess=0.0 widest=1.0 vertices=4 derivatives=true
CEILING MAPPING: mesh=orison_ground_Court_asphalt_N23_N21 valid_basis=true max_uv_excess=0.0 widest=1.0 vertices=4 derivatives=true
CEILING MAPPING: mesh=orison_ground_Court_asphalt_N23_N22 valid_basis=true max_uv_excess=0.0 widest=1.0 vertices=4 derivatives=true
CEILING MAPPING: mesh=orison_ground_Court_asphalt_N23_N23 valid_basis=true max_uv_excess=0.0 widest=1.0 vertices=4 derivatives=true
CEILING MAPPING: mesh=orison_ground_Court_asphalt_N23_N24 valid_basis=true max_uv_excess=0.0 widest=1.0 vertices=4 derivatives=true
CEILING MAPPING: mesh=orison_ground_Court_asphalt_N23_N25 valid_basis=true max_uv_excess=0.0 widest=1.0 vertices=4 derivatives=true
CEILING MAPPING: mesh=orison_ground_Court_asphalt_N23_N26 valid_basis=true max_uv_excess=0.0 widest=1.0 vertices=4 derivatives=true
CEILING MAPPING: mesh=orison_ground_Court_asphalt_N23_N27 valid_basis=true max_uv_excess=0.0 widest=1.0 vertices=8 derivatives=true
CEILING MAPPING: mesh=orison_ground_Court_asphalt_N23_P3 valid_basis=true max_uv_excess=0.0 widest=1.0 vertices=4 derivatives=true
CEILING MAPPING: mesh=orison_ground_Court_asphalt_N23_P4 valid_basis=true max_uv_excess=0.0 widest=1.0 vertices=4 derivatives=true
CEILING MAPPING: mesh=orison_ground_Court_asphalt_N23_P5 valid_basis=true max_uv_excess=0.0 widest=1.0 vertices=4 derivatives=true
CEILING MAPPING: mesh=orison_ground_Court_asphalt_N23_P6 valid_basis=true max_uv_excess=0.0 widest=1.0 vertices=4 derivatives=true
CEILING MAPPING: mesh=orison_ground_Court_asphalt_N23_P7 valid_basis=true max_uv_excess=0.0 widest=1.0 vertices=4 derivatives=true
CEILING MAPPING: mesh=orison_ground_Court_asphalt_N23_P8 valid_basis=true max_uv_excess=0.0 widest=1.0 vertices=4 derivatives=true
CEILING MAPPING: mesh=orison_ground_Court_asphalt_N23_P9 valid_basis=true max_uv_excess=0.0 widest=1.0 vertices=4 derivatives=true
CEILING MAPPING: mesh=orison_ground_Court_asphalt_N23_P10 valid_basis=true max_uv_excess=0.0 widest=1.0 vertices=4 derivatives=true
CEILING MAPPING: mesh=orison_ground_Court_asphalt_N23_P11 valid_basis=true max_uv_excess=0.0 widest=1.0 vertices=4 derivatives=true
CEILING MAPPING: mesh=orison_ground_Court_asphalt_N23_P12 valid_basis=true max_uv_excess=0.0 widest=1.0 vertices=4 derivatives=true
CEILING MAPPING: mesh=orison_ground_Court_asphalt_N23_P13 valid_basis=true max_uv_excess=0.0 widest=1.0 vertices=4 derivatives=true
CEILING MAPPING: mesh=orison_ground_Court_asphalt_N23_P14 valid_basis=true max_uv_excess=0.0 widest=1.0 vertices=4 derivatives=true
CEILING MAPPING: mesh=orison_ground_Court_asphalt_N23_P15 valid_basis=true max_uv_excess=0.0 widest=1.0 vertices=8 derivatives=true
CEILING MAPPING: mesh=orison_ground_Court_asphalt_N24_N5 valid_basis=true max_uv_excess=0.0 widest=1.0 vertices=4 derivatives=true
CEILING MAPPING: mesh=orison_ground_Court_asphalt_N24_N6 valid_basis=true max_uv_excess=0.0 widest=1.0 vertices=4 derivatives=true
CEILING MAPPING: mesh=orison_ground_Court_asphalt_N24_N7 valid_basis=true max_uv_excess=0.0 widest=1.0 vertices=4 derivatives=true
CEILING MAPPING: mesh=orison_ground_Court_asphalt_N24_N8 valid_basis=true max_uv_excess=0.0 widest=1.0 vertices=4 derivatives=true
CEILING MAPPING: mesh=orison_ground_Court_asphalt_N24_N9 valid_basis=true max_uv_excess=0.0 widest=1.0 vertices=4 derivatives=true
CEILING MAPPING: mesh=orison_ground_Court_asphalt_N24_N10 valid_basis=true max_uv_excess=0.0 widest=1.0 vertices=4 derivatives=true
CEILING MAPPING: mesh=orison_ground_Court_asphalt_N24_N11 valid_basis=true max_uv_excess=0.0 widest=1.0 vertices=4 derivatives=true
CEILING MAPPING: mesh=orison_ground_Court_asphalt_N24_N12 valid_basis=true max_uv_excess=0.0 widest=1.0 vertices=4 derivatives=true
CEILING MAPPING: mesh=orison_ground_Court_asphalt_N24_N13 valid_basis=true max_uv_excess=0.0 widest=1.0 vertices=4 derivatives=true
CEILING MAPPING: mesh=orison_ground_Court_asphalt_N24_N14 valid_basis=true max_uv_excess=0.0 widest=1.0 vertices=4 derivatives=true
CEILING MAPPING: mesh=orison_ground_Court_asphalt_N24_N15 valid_basis=true max_uv_excess=0.0 widest=1.0 vertices=4 derivatives=true
CEILING MAPPING: mesh=orison_ground_Court_asphalt_N24_N16 valid_basis=true max_uv_excess=0.0 widest=1.0 vertices=4 derivatives=true
CEILING MAPPING: mesh=orison_ground_Court_asphalt_N24_N17 valid_basis=true max_uv_excess=0.0 widest=1.0 vertices=4 derivatives=true
CEILING MAPPING: mesh=orison_ground_Court_asphalt_N24_N18 valid_basis=true max_uv_excess=0.0 widest=1.0 vertices=4 derivatives=true
CEILING MAPPING: mesh=orison_ground_Court_asphalt_N24_N19 valid_basis=true max_uv_excess=0.0 widest=1.0 vertices=4 derivatives=true
CEILING MAPPING: mesh=orison_ground_Court_asphalt_N24_N20 valid_basis=true max_uv_excess=0.0 widest=1.0 vertices=4 derivatives=true
CEILING MAPPING: mesh=orison_ground_Court_asphalt_N24_N21 valid_basis=true max_uv_excess=0.0 widest=1.0 vertices=4 derivatives=true
CEILING MAPPING: mesh=orison_ground_Court_asphalt_N24_N22 valid_basis=true max_uv_excess=0.0 widest=1.0 vertices=4 derivatives=true
CEILING MAPPING: mesh=orison_ground_Court_asphalt_N24_N23 valid_basis=true max_uv_excess=0.0 widest=1.0 vertices=4 derivatives=true
CEILING MAPPING: mesh=orison_ground_Court_asphalt_N24_N24 valid_basis=true max_uv_excess=0.0 widest=1.0 vertices=4 derivatives=true
CEILING MAPPING: mesh=orison_ground_Court_asphalt_N24_N25 valid_basis=true max_uv_excess=0.0 widest=1.0 vertices=4 derivatives=true
CEILING MAPPING: mesh=orison_ground_Court_asphalt_N24_N26 valid_basis=true max_uv_excess=0.0 widest=1.0 vertices=4 derivatives=true
CEILING MAPPING: mesh=orison_ground_Court_asphalt_N24_N27 valid_basis=true max_uv_excess=0.0 widest=1.0 vertices=8 derivatives=true
CEILING MAPPING: mesh=orison_ground_Court_asphalt_N24_P3 valid_basis=true max_uv_excess=0.0 widest=1.0 vertices=4 derivatives=true
CEILING MAPPING: mesh=orison_ground_Court_asphalt_N24_P4 valid_basis=true max_uv_excess=0.0 widest=1.0 vertices=4 derivatives=true
CEILING MAPPING: mesh=orison_ground_Court_asphalt_N24_P5 valid_basis=true max_uv_excess=0.0 widest=1.0 vertices=4 derivatives=true
CEILING MAPPING: mesh=orison_ground_Court_asphalt_N24_P6 valid_basis=true max_uv_excess=0.0 widest=1.0 vertices=4 derivatives=true
CEILING MAPPING: mesh=orison_ground_Court_asphalt_N24_P7 valid_basis=true max_uv_excess=0.0 widest=1.0 vertices=4 derivatives=true
CEILING MAPPING: mesh=orison_ground_Court_asphalt_N24_P8 valid_basis=true max_uv_excess=0.0 widest=1.0 vertices=4 derivatives=true
CEILING MAPPING: mesh=orison_ground_Court_asphalt_N24_P9 valid_basis=true max_uv_excess=0.0 widest=1.0 vertices=4 derivatives=true
CEILING MAPPING: mesh=orison_ground_Court_asphalt_N24_P10 valid_basis=true max_uv_excess=0.0 widest=1.0 vertices=4 derivatives=true
CEILING MAPPING: mesh=orison_ground_Court_asphalt_N24_P11 valid_basis=true max_uv_excess=0.0 widest=1.0 vertices=4 derivatives=true
CEILING MAPPING: mesh=orison_ground_Court_asphalt_N24_P12 valid_basis=true max_uv_excess=0.0 widest=1.0 vertices=4 derivatives=true
CEILING MAPPING: mesh=orison_ground_Court_asphalt_N24_P13 valid_basis=true max_uv_excess=0.0 widest=1.0 vertices=4 derivatives=true
CEILING MAPPING: mesh=orison_ground_Court_asphalt_N24_P14 valid_basis=true max_uv_excess=0.0 widest=1.0 vertices=4 derivatives=true
CEILING MAPPING: mesh=orison_ground_Court_asphalt_N24_P15 valid_basis=true max_uv_excess=0.0 widest=1.0 vertices=8 derivatives=true
CEILING MAPPING: mesh=orison_ground_Court_asphalt_N25_N5 valid_basis=true max_uv_excess=0.0 widest=1.0 vertices=4 derivatives=true
CEILING MAPPING: mesh=orison_ground_Court_asphalt_N25_N6 valid_basis=true max_uv_excess=0.0 widest=1.0 vertices=4 derivatives=true
CEILING MAPPING: mesh=orison_ground_Court_asphalt_N25_N7 valid_basis=true max_uv_excess=0.0 widest=1.0 vertices=4 derivatives=true
CEILING MAPPING: mesh=orison_ground_Court_asphalt_N25_N8 valid_basis=true max_uv_excess=0.0 widest=1.0 vertices=4 derivatives=true
CEILING MAPPING: mesh=orison_ground_Court_asphalt_N25_N9 valid_basis=true max_uv_excess=0.0 widest=1.0 vertices=4 derivatives=true
CEILING MAPPING: mesh=orison_ground_Court_asphalt_N25_N10 valid_basis=true max_uv_excess=0.0 widest=1.0 vertices=4 derivatives=true
CEILING MAPPING: mesh=orison_ground_Court_asphalt_N25_N11 valid_basis=true max_uv_excess=0.0 widest=1.0 vertices=4 derivatives=true
CEILING MAPPING: mesh=orison_ground_Court_asphalt_N25_N12 valid_basis=true max_uv_excess=0.0 widest=1.0 vertices=4 derivatives=true
CEILING MAPPING: mesh=orison_ground_Court_asphalt_N25_N13 valid_basis=true max_uv_excess=0.0 widest=1.0 vertices=4 derivatives=true
CEILING MAPPING: mesh=orison_ground_Court_asphalt_N25_N14 valid_basis=true max_uv_excess=0.0 widest=1.0 vertices=4 derivatives=true
CEILING MAPPING: mesh=orison_ground_Court_asphalt_N25_N15 valid_basis=true max_uv_excess=0.0 widest=1.0 vertices=4 derivatives=true
CEILING MAPPING: mesh=orison_ground_Court_asphalt_N25_N16 valid_basis=true max_uv_excess=0.0 widest=1.0 vertices=4 derivatives=true
CEILING MAPPING: mesh=orison_ground_Court_asphalt_N25_N17 valid_basis=true max_uv_excess=0.0 widest=1.0 vertices=4 derivatives=true
CEILING MAPPING: mesh=orison_ground_Court_asphalt_N25_N18 valid_basis=true max_uv_excess=0.0 widest=1.0 vertices=4 derivatives=true
CEILING MAPPING: mesh=orison_ground_Court_asphalt_N25_N19 valid_basis=true max_uv_excess=0.0 widest=1.0 vertices=4 derivatives=true
CEILING MAPPING: mesh=orison_ground_Court_asphalt_N25_N20 valid_basis=true max_uv_excess=0.0 widest=1.0 vertices=4 derivatives=true
CEILING MAPPING: mesh=orison_ground_Court_asphalt_N25_N21 valid_basis=true max_uv_excess=0.0 widest=1.0 vertices=4 derivatives=true
CEILING MAPPING: mesh=orison_ground_Court_asphalt_N25_N22 valid_basis=true max_uv_excess=0.0 widest=1.0 vertices=4 derivatives=true
CEILING MAPPING: mesh=orison_ground_Court_asphalt_N25_N23 valid_basis=true max_uv_excess=0.0 widest=1.0 vertices=4 derivatives=true
CEILING MAPPING: mesh=orison_ground_Court_asphalt_N25_N24 valid_basis=true max_uv_excess=0.0 widest=1.0 vertices=4 derivatives=true
CEILING MAPPING: mesh=orison_ground_Court_asphalt_N25_N25 valid_basis=true max_uv_excess=0.0 widest=1.0 vertices=4 derivatives=true
CEILING MAPPING: mesh=orison_ground_Court_asphalt_N25_N26 valid_basis=true max_uv_excess=0.0 widest=1.0 vertices=4 derivatives=true
CEILING MAPPING: mesh=orison_ground_Court_asphalt_N25_N27 valid_basis=true max_uv_excess=0.0 widest=1.0 vertices=8 derivatives=true
CEILING MAPPING: mesh=orison_ground_Court_asphalt_N25_P3 valid_basis=true max_uv_excess=0.0 widest=1.0 vertices=4 derivatives=true
CEILING MAPPING: mesh=orison_ground_Court_asphalt_N25_P4 valid_basis=true max_uv_excess=0.0 widest=1.0 vertices=4 derivatives=true
CEILING MAPPING: mesh=orison_ground_Court_asphalt_N25_P5 valid_basis=true max_uv_excess=0.0 widest=1.0 vertices=4 derivatives=true
CEILING MAPPING: mesh=orison_ground_Court_asphalt_N25_P6 valid_basis=true max_uv_excess=0.0 widest=1.0 vertices=4 derivatives=true
CEILING MAPPING: mesh=orison_ground_Court_asphalt_N25_P7 valid_basis=true max_uv_excess=0.0 widest=1.0 vertices=4 derivatives=true
CEILING MAPPING: mesh=orison_ground_Court_asphalt_N25_P8 valid_basis=true max_uv_excess=0.0 widest=1.0 vertices=4 derivatives=true
CEILING MAPPING: mesh=orison_ground_Court_asphalt_N25_P9 valid_basis=true max_uv_excess=0.0 widest=1.0 vertices=4 derivatives=true
CEILING MAPPING: mesh=orison_ground_Court_asphalt_N25_P10 valid_basis=true max_uv_excess=0.0 widest=1.0 vertices=4 derivatives=true
CEILING MAPPING: mesh=orison_ground_Court_asphalt_N25_P11 valid_basis=true max_uv_excess=0.0 widest=1.0 vertices=4 derivatives=true
CEILING MAPPING: mesh=orison_ground_Court_asphalt_N25_P12 valid_basis=true max_uv_excess=0.0 widest=1.0 vertices=4 derivatives=true
CEILING MAPPING: mesh=orison_ground_Court_asphalt_N25_P13 valid_basis=true max_uv_excess=0.0 widest=1.0 vertices=4 derivatives=true
CEILING MAPPING: mesh=orison_ground_Court_asphalt_N25_P14 valid_basis=true max_uv_excess=0.0 widest=1.0 vertices=4 derivatives=true
CEILING MAPPING: mesh=orison_ground_Court_asphalt_N25_P15 valid_basis=true max_uv_excess=0.0 widest=1.0 vertices=8 derivatives=true
CEILING MAPPING: mesh=orison_ground_Court_asphalt_N26_N1 valid_basis=true max_uv_excess=0.0 widest=1.0 vertices=4 derivatives=true
CEILING MAPPING: mesh=orison_ground_Court_asphalt_N26_N2 valid_basis=true max_uv_excess=0.0 widest=1.0 vertices=4 derivatives=true
CEILING MAPPING: mesh=orison_ground_Court_asphalt_N26_N3 valid_basis=true max_uv_excess=0.0 widest=1.0 vertices=4 derivatives=true
CEILING MAPPING: mesh=orison_ground_Court_asphalt_N26_N4 valid_basis=true max_uv_excess=0.0 widest=1.0 vertices=4 derivatives=true
CEILING MAPPING: mesh=orison_ground_Court_asphalt_N26_N5 valid_basis=true max_uv_excess=0.0 widest=1.0 vertices=8 derivatives=true
CEILING MAPPING: mesh=orison_ground_Court_asphalt_N26_N6 valid_basis=true max_uv_excess=0.0 widest=1.0 vertices=4 derivatives=true
CEILING MAPPING: mesh=orison_ground_Court_asphalt_N26_N7 valid_basis=true max_uv_excess=0.0 widest=1.0 vertices=4 derivatives=true
CEILING MAPPING: mesh=orison_ground_Court_asphalt_N26_N8 valid_basis=true max_uv_excess=0.0 widest=1.0 vertices=4 derivatives=true
CEILING MAPPING: mesh=orison_ground_Court_asphalt_N26_N9 valid_basis=true max_uv_excess=0.0 widest=1.0 vertices=4 derivatives=true
CEILING MAPPING: mesh=orison_ground_Court_asphalt_N26_N10 valid_basis=true max_uv_excess=0.0 widest=1.0 vertices=4 derivatives=true
CEILING MAPPING: mesh=orison_ground_Court_asphalt_N26_N11 valid_basis=true max_uv_excess=0.0 widest=1.0 vertices=4 derivatives=true
CEILING MAPPING: mesh=orison_ground_Court_asphalt_N26_N12 valid_basis=true max_uv_excess=0.0 widest=1.0 vertices=4 derivatives=true
CEILING MAPPING: mesh=orison_ground_Court_asphalt_N26_N13 valid_basis=true max_uv_excess=0.0 widest=1.0 vertices=4 derivatives=true
CEILING MAPPING: mesh=orison_ground_Court_asphalt_N26_N14 valid_basis=true max_uv_excess=0.0 widest=1.0 vertices=4 derivatives=true
CEILING MAPPING: mesh=orison_ground_Court_asphalt_N26_N15 valid_basis=true max_uv_excess=0.0 widest=1.0 vertices=4 derivatives=true
CEILING MAPPING: mesh=orison_ground_Court_asphalt_N26_N16 valid_basis=true max_uv_excess=0.0 widest=1.0 vertices=4 derivatives=true
CEILING MAPPING: mesh=orison_ground_Court_asphalt_N26_N17 valid_basis=true max_uv_excess=0.0 widest=1.0 vertices=4 derivatives=true
CEILING MAPPING: mesh=orison_ground_Court_asphalt_N26_N18 valid_basis=true max_uv_excess=0.0 widest=1.0 vertices=4 derivatives=true
CEILING MAPPING: mesh=orison_ground_Court_asphalt_N26_N19 valid_basis=true max_uv_excess=0.0 widest=1.0 vertices=4 derivatives=true
CEILING MAPPING: mesh=orison_ground_Court_asphalt_N26_N20 valid_basis=true max_uv_excess=0.0 widest=1.0 vertices=4 derivatives=true
CEILING MAPPING: mesh=orison_ground_Court_asphalt_N26_N21 valid_basis=true max_uv_excess=0.0 widest=1.0 vertices=4 derivatives=true
CEILING MAPPING: mesh=orison_ground_Court_asphalt_N26_N22 valid_basis=true max_uv_excess=0.0 widest=1.0 vertices=4 derivatives=true
CEILING MAPPING: mesh=orison_ground_Court_asphalt_N26_N23 valid_basis=true max_uv_excess=0.0 widest=1.0 vertices=4 derivatives=true
CEILING MAPPING: mesh=orison_ground_Court_asphalt_N26_N24 valid_basis=true max_uv_excess=0.0 widest=1.0 vertices=4 derivatives=true
CEILING MAPPING: mesh=orison_ground_Court_asphalt_N26_N25 valid_basis=true max_uv_excess=0.0 widest=1.0 vertices=4 derivatives=true
CEILING MAPPING: mesh=orison_ground_Court_asphalt_N26_N26 valid_basis=true max_uv_excess=0.0 widest=1.0 vertices=4 derivatives=true
CEILING MAPPING: mesh=orison_ground_Court_asphalt_N26_N27 valid_basis=true max_uv_excess=0.0 widest=1.0 vertices=8 derivatives=true
CEILING MAPPING: mesh=orison_ground_Court_asphalt_N26_P0 valid_basis=true max_uv_excess=0.0 widest=1.0 vertices=4 derivatives=true
CEILING MAPPING: mesh=orison_ground_Court_asphalt_N26_P1 valid_basis=true max_uv_excess=0.0 widest=1.0 vertices=4 derivatives=true
CEILING MAPPING: mesh=orison_ground_Court_asphalt_N26_P2 valid_basis=true max_uv_excess=0.0 widest=1.0 vertices=4 derivatives=true
CEILING MAPPING: mesh=orison_ground_Court_asphalt_N26_P3 valid_basis=true max_uv_excess=0.0 widest=1.0 vertices=8 derivatives=true
CEILING MAPPING: mesh=orison_ground_Court_asphalt_N26_P4 valid_basis=true max_uv_excess=0.0 widest=1.0 vertices=4 derivatives=true
CEILING MAPPING: mesh=orison_ground_Court_asphalt_N26_P5 valid_basis=true max_uv_excess=0.0 widest=1.0 vertices=4 derivatives=true
CEILING MAPPING: mesh=orison_ground_Court_asphalt_N26_P6 valid_basis=true max_uv_excess=0.0 widest=1.0 vertices=4 derivatives=true
CEILING MAPPING: mesh=orison_ground_Court_asphalt_N26_P7 valid_basis=true max_uv_excess=0.0 widest=1.0 vertices=4 derivatives=true
CEILING MAPPING: mesh=orison_ground_Court_asphalt_N26_P8 valid_basis=true max_uv_excess=0.0 widest=1.0 vertices=4 derivatives=true
CEILING MAPPING: mesh=orison_ground_Court_asphalt_N26_P9 valid_basis=true max_uv_excess=0.0 widest=1.0 vertices=4 derivatives=true
CEILING MAPPING: mesh=orison_ground_Court_asphalt_N26_P10 valid_basis=true max_uv_excess=0.0 widest=1.0 vertices=4 derivatives=true
CEILING MAPPING: mesh=orison_ground_Court_asphalt_N26_P11 valid_basis=true max_uv_excess=0.0 widest=1.0 vertices=4 derivatives=true
CEILING MAPPING: mesh=orison_ground_Court_asphalt_N26_P12 valid_basis=true max_uv_excess=0.0 widest=1.0 vertices=4 derivatives=true
CEILING MAPPING: mesh=orison_ground_Court_asphalt_N26_P13 valid_basis=true max_uv_excess=0.0 widest=1.0 vertices=4 derivatives=true
CEILING MAPPING: mesh=orison_ground_Court_asphalt_N26_P14 valid_basis=true max_uv_excess=0.0 widest=1.0 vertices=4 derivatives=true
CEILING MAPPING: mesh=orison_ground_Court_asphalt_N26_P15 valid_basis=true max_uv_excess=0.0 widest=1.0 vertices=8 derivatives=true
CEILING MAPPING: mesh=orison_ground_Court_asphalt_N27_N1 valid_basis=true max_uv_excess=0.0 widest=1.0 vertices=8 derivatives=true
CEILING MAPPING: mesh=orison_ground_Court_asphalt_N27_N2 valid_basis=true max_uv_excess=0.0 widest=1.0 vertices=8 derivatives=true
CEILING MAPPING: mesh=orison_ground_Court_asphalt_N27_N3 valid_basis=true max_uv_excess=0.0 widest=1.0 vertices=8 derivatives=true
CEILING MAPPING: mesh=orison_ground_Court_asphalt_N27_N4 valid_basis=true max_uv_excess=0.0 widest=1.0 vertices=8 derivatives=true
CEILING MAPPING: mesh=orison_ground_Court_asphalt_N27_N5 valid_basis=true max_uv_excess=0.0 widest=1.0 vertices=8 derivatives=true
CEILING MAPPING: mesh=orison_ground_Court_asphalt_N27_N6 valid_basis=true max_uv_excess=0.0 widest=1.0 vertices=8 derivatives=true
CEILING MAPPING: mesh=orison_ground_Court_asphalt_N27_N7 valid_basis=true max_uv_excess=0.0 widest=1.0 vertices=8 derivatives=true
CEILING MAPPING: mesh=orison_ground_Court_asphalt_N27_N8 valid_basis=true max_uv_excess=0.0 widest=1.0 vertices=8 derivatives=true
CEILING MAPPING: mesh=orison_ground_Court_asphalt_N27_N9 valid_basis=true max_uv_excess=0.0 widest=1.0 vertices=8 derivatives=true
CEILING MAPPING: mesh=orison_ground_Court_asphalt_N27_N10 valid_basis=true max_uv_excess=0.0 widest=1.0 vertices=8 derivatives=true
CEILING MAPPING: mesh=orison_ground_Court_asphalt_N27_N11 valid_basis=true max_uv_excess=0.0 widest=1.0 vertices=8 derivatives=true
CEILING MAPPING: mesh=orison_ground_Court_asphalt_N27_N12 valid_basis=true max_uv_excess=0.0 widest=1.0 vertices=8 derivatives=true
CEILING MAPPING: mesh=orison_ground_Court_asphalt_N27_N13 valid_basis=true max_uv_excess=0.0 widest=1.0 vertices=8 derivatives=true
CEILING MAPPING: mesh=orison_ground_Court_asphalt_N27_N14 valid_basis=true max_uv_excess=0.0 widest=1.0 vertices=8 derivatives=true
CEILING MAPPING: mesh=orison_ground_Court_asphalt_N27_N15 valid_basis=true max_uv_excess=0.0 widest=1.0 vertices=8 derivatives=true
CEILING MAPPING: mesh=orison_ground_Court_asphalt_N27_N16 valid_basis=true max_uv_excess=0.0 widest=1.0 vertices=8 derivatives=true
CEILING MAPPING: mesh=orison_ground_Court_asphalt_N27_N17 valid_basis=true max_uv_excess=0.0 widest=1.0 vertices=8 derivatives=true
CEILING MAPPING: mesh=orison_ground_Court_asphalt_N27_N18 valid_basis=true max_uv_excess=0.0 widest=1.0 vertices=8 derivatives=true
CEILING MAPPING: mesh=orison_ground_Court_asphalt_N27_N19 valid_basis=true max_uv_excess=0.0 widest=1.0 vertices=8 derivatives=true
CEILING MAPPING: mesh=orison_ground_Court_asphalt_N27_N20 valid_basis=true max_uv_excess=0.0 widest=1.0 vertices=8 derivatives=true
CEILING MAPPING: mesh=orison_ground_Court_asphalt_N27_N21 valid_basis=true max_uv_excess=0.0 widest=1.0 vertices=8 derivatives=true
CEILING MAPPING: mesh=orison_ground_Court_asphalt_N27_N22 valid_basis=true max_uv_excess=0.0 widest=1.0 vertices=8 derivatives=true
CEILING MAPPING: mesh=orison_ground_Court_asphalt_N27_N23 valid_basis=true max_uv_excess=0.0 widest=1.0 vertices=8 derivatives=true
CEILING MAPPING: mesh=orison_ground_Court_asphalt_N27_N24 valid_basis=true max_uv_excess=0.0 widest=1.0 vertices=8 derivatives=true
CEILING MAPPING: mesh=orison_ground_Court_asphalt_N27_N25 valid_basis=true max_uv_excess=0.0 widest=1.0 vertices=8 derivatives=true
CEILING MAPPING: mesh=orison_ground_Court_asphalt_N27_N26 valid_basis=true max_uv_excess=0.0 widest=1.0 vertices=8 derivatives=true
CEILING MAPPING: mesh=orison_ground_Court_asphalt_N27_N27 valid_basis=true max_uv_excess=0.0 widest=1.0 vertices=12 derivatives=true
CEILING MAPPING: mesh=orison_ground_Court_asphalt_N27_P0 valid_basis=true max_uv_excess=0.0 widest=1.0 vertices=8 derivatives=true
CEILING MAPPING: mesh=orison_ground_Court_asphalt_N27_P1 valid_basis=true max_uv_excess=0.0 widest=1.0 vertices=8 derivatives=true
CEILING MAPPING: mesh=orison_ground_Court_asphalt_N27_P2 valid_basis=true max_uv_excess=0.0 widest=1.0 vertices=8 derivatives=true
CEILING MAPPING: mesh=orison_ground_Court_asphalt_N27_P3 valid_basis=true max_uv_excess=0.0 widest=1.0 vertices=8 derivatives=true
CEILING MAPPING: mesh=orison_ground_Court_asphalt_N27_P4 valid_basis=true max_uv_excess=0.0 widest=1.0 vertices=8 derivatives=true
CEILING MAPPING: mesh=orison_ground_Court_asphalt_N27_P5 valid_basis=true max_uv_excess=0.0 widest=1.0 vertices=8 derivatives=true
CEILING MAPPING: mesh=orison_ground_Court_asphalt_N27_P6 valid_basis=true max_uv_excess=0.0 widest=1.0 vertices=8 derivatives=true
CEILING MAPPING: mesh=orison_ground_Court_asphalt_N27_P7 valid_basis=true max_uv_excess=0.0 widest=1.0 vertices=8 derivatives=true
CEILING MAPPING: mesh=orison_ground_Court_asphalt_N27_P8 valid_basis=true max_uv_excess=0.0 widest=1.0 vertices=8 derivatives=true
CEILING MAPPING: mesh=orison_ground_Court_asphalt_N27_P9 valid_basis=true max_uv_excess=0.0 widest=1.0 vertices=8 derivatives=true
CEILING MAPPING: mesh=orison_ground_Court_asphalt_N27_P10 valid_basis=true max_uv_excess=0.0 widest=1.0 vertices=8 derivatives=true
CEILING MAPPING: mesh=orison_ground_Court_asphalt_N27_P11 valid_basis=true max_uv_excess=0.0 widest=1.0 vertices=8 derivatives=true
CEILING MAPPING: mesh=orison_ground_Court_asphalt_N27_P12 valid_basis=true max_uv_excess=0.0 widest=1.0 vertices=8 derivatives=true
CEILING MAPPING: mesh=orison_ground_Court_asphalt_N27_P13 valid_basis=true max_uv_excess=0.0 widest=1.0 vertices=8 derivatives=true
CEILING MAPPING: mesh=orison_ground_Court_asphalt_N27_P14 valid_basis=true max_uv_excess=0.0 widest=1.0 vertices=8 derivatives=true
CEILING MAPPING: mesh=orison_ground_Court_asphalt_N27_P15 valid_basis=true max_uv_excess=0.0 widest=1.0 vertices=12 derivatives=true
CEILING MAPPING: mesh=orison_ground_Court_asphalt_P0_N3 valid_basis=true max_uv_excess=0.0 widest=1.0 vertices=16 derivatives=true
CEILING MAPPING: mesh=orison_ground_Court_asphalt_P0_N5 valid_basis=true max_uv_excess=0.0 widest=1.0 vertices=4 derivatives=true
CEILING MAPPING: mesh=orison_ground_Court_asphalt_P0_N6 valid_basis=true max_uv_excess=0.0 widest=1.0 vertices=4 derivatives=true
CEILING MAPPING: mesh=orison_ground_Court_asphalt_P0_N7 valid_basis=true max_uv_excess=0.0 widest=1.0 vertices=4 derivatives=true
CEILING MAPPING: mesh=orison_ground_Court_asphalt_P0_N8 valid_basis=true max_uv_excess=0.0 widest=1.0 vertices=4 derivatives=true
CEILING MAPPING: mesh=orison_ground_Court_asphalt_P0_N11 valid_basis=true max_uv_excess=0.0 widest=1.0 vertices=4 derivatives=true
CEILING MAPPING: mesh=orison_ground_Court_asphalt_P0_N12 valid_basis=true max_uv_excess=0.0 widest=1.0 vertices=4 derivatives=true
CEILING MAPPING: mesh=orison_ground_Court_asphalt_P0_N13 valid_basis=true max_uv_excess=0.0 widest=1.0 vertices=4 derivatives=true
CEILING MAPPING: mesh=orison_ground_Court_asphalt_P0_N14 valid_basis=true max_uv_excess=0.0 widest=1.0 vertices=4 derivatives=true
CEILING MAPPING: mesh=orison_ground_Court_asphalt_P0_N15 valid_basis=true max_uv_excess=0.0 widest=1.0 vertices=4 derivatives=true
CEILING MAPPING: mesh=orison_ground_Court_asphalt_P0_N16 valid_basis=true max_uv_excess=0.0 widest=1.0 vertices=4 derivatives=true
CEILING MAPPING: mesh=orison_ground_Court_asphalt_P0_N17 valid_basis=true max_uv_excess=0.0 widest=1.0 vertices=4 derivatives=true
CEILING MAPPING: mesh=orison_ground_Court_asphalt_P0_N18 valid_basis=true max_uv_excess=0.0 widest=1.0 vertices=4 derivatives=true
CEILING MAPPING: mesh=orison_ground_Court_asphalt_P0_N26 valid_basis=true max_uv_excess=0.0 widest=1.0 vertices=4 derivatives=true
CEILING MAPPING: mesh=orison_ground_Court_asphalt_P0_N27 valid_basis=true max_uv_excess=0.0 widest=1.0 vertices=8 derivatives=true
CEILING MAPPING: mesh=orison_ground_Court_asphalt_P0_P2 valid_basis=true max_uv_excess=0.0 widest=1.0 vertices=16 derivatives=true
CEILING MAPPING: mesh=orison_ground_Court_asphalt_P0_P3 valid_basis=true max_uv_excess=0.0 widest=1.0 vertices=4 derivatives=true
CEILING MAPPING: mesh=orison_ground_Court_asphalt_P0_P4 valid_basis=true max_uv_excess=0.0 widest=1.0 vertices=4 derivatives=true
CEILING MAPPING: mesh=orison_ground_Court_asphalt_P0_P5 valid_basis=true max_uv_excess=0.0 widest=1.0 vertices=4 derivatives=true
CEILING MAPPING: mesh=orison_ground_Court_asphalt_P0_P6 valid_basis=true max_uv_excess=0.0 widest=1.0 vertices=4 derivatives=true
CEILING MAPPING: mesh=orison_ground_Court_asphalt_P0_P7 valid_basis=true max_uv_excess=0.0 widest=1.0 vertices=4 derivatives=true
CEILING MAPPING: mesh=orison_ground_Court_asphalt_P0_P8 valid_basis=true max_uv_excess=0.0 widest=1.0 vertices=4 derivatives=true
CEILING MAPPING: mesh=orison_ground_Court_asphalt_P0_P15 valid_basis=true max_uv_excess=0.0 widest=1.0 vertices=8 derivatives=true
CEILING MAPPING: mesh=orison_ground_Court_asphalt_P1_N1 valid_basis=true max_uv_excess=0.00000011920929 widest=1.00000170298857 vertices=28 derivatives=true
CEILING MAPPING: mesh=orison_ground_Court_asphalt_P1_N3 valid_basis=true max_uv_excess=0.0 widest=1.0 vertices=24 derivatives=true
CEILING MAPPING: mesh=orison_ground_Court_asphalt_P1_N5 valid_basis=true max_uv_excess=0.0 widest=1.0 vertices=4 derivatives=true
CEILING MAPPING: mesh=orison_ground_Court_asphalt_P1_N6 valid_basis=true max_uv_excess=0.0 widest=1.0 vertices=4 derivatives=true
CEILING MAPPING: mesh=orison_ground_Court_asphalt_P1_N7 valid_basis=true max_uv_excess=0.0 widest=1.0 vertices=4 derivatives=true
CEILING MAPPING: mesh=orison_ground_Court_asphalt_P1_N8 valid_basis=true max_uv_excess=0.0 widest=1.0 vertices=4 derivatives=true
CEILING MAPPING: mesh=orison_ground_Court_asphalt_P1_N11 valid_basis=true max_uv_excess=0.0 widest=1.0 vertices=4 derivatives=true
CEILING MAPPING: mesh=orison_ground_Court_asphalt_P1_N12 valid_basis=true max_uv_excess=0.0 widest=1.0 vertices=4 derivatives=true
CEILING MAPPING: mesh=orison_ground_Court_asphalt_P1_N13 valid_basis=true max_uv_excess=0.0 widest=1.0 vertices=4 derivatives=true
CEILING MAPPING: mesh=orison_ground_Court_asphalt_P1_N14 valid_basis=true max_uv_excess=0.0 widest=1.0 vertices=4 derivatives=true
CEILING MAPPING: mesh=orison_ground_Court_asphalt_P1_N15 valid_basis=true max_uv_excess=0.0 widest=1.0 vertices=4 derivatives=true
CEILING MAPPING: mesh=orison_ground_Court_asphalt_P1_N16 valid_basis=true max_uv_excess=0.0 widest=1.0 vertices=4 derivatives=true
CEILING MAPPING: mesh=orison_ground_Court_asphalt_P1_N17 valid_basis=true max_uv_excess=0.0 widest=1.0 vertices=4 derivatives=true
CEILING MAPPING: mesh=orison_ground_Court_asphalt_P1_N18 valid_basis=true max_uv_excess=0.0 widest=1.0 vertices=4 derivatives=true
CEILING MAPPING: mesh=orison_ground_Court_asphalt_P1_N26 valid_basis=true max_uv_excess=0.0 widest=1.0 vertices=4 derivatives=true
CEILING MAPPING: mesh=orison_ground_Court_asphalt_P1_N27 valid_basis=true max_uv_excess=0.0 widest=1.0 vertices=8 derivatives=true
CEILING MAPPING: mesh=orison_ground_Court_asphalt_P1_P1 valid_basis=true max_uv_excess=0.0 widest=1.0 vertices=16 derivatives=true
CEILING MAPPING: mesh=orison_ground_Court_asphalt_P1_P2 valid_basis=true max_uv_excess=0.0 widest=1.0 vertices=64 derivatives=true
CEILING MAPPING: mesh=orison_ground_Court_asphalt_P1_P3 valid_basis=true max_uv_excess=0.0 widest=1.0 vertices=64 derivatives=true
CEILING MAPPING: mesh=orison_ground_Court_asphalt_P1_P4 valid_basis=true max_uv_excess=0.0 widest=1.0 vertices=4 derivatives=true
CEILING MAPPING: mesh=orison_ground_Court_asphalt_P1_P5 valid_basis=true max_uv_excess=0.0 widest=1.0 vertices=4 derivatives=true
CEILING MAPPING: mesh=orison_ground_Court_asphalt_P1_P6 valid_basis=true max_uv_excess=0.0 widest=1.0 vertices=4 derivatives=true
CEILING MAPPING: mesh=orison_ground_Court_asphalt_P1_P7 valid_basis=true max_uv_excess=0.0 widest=1.0 vertices=4 derivatives=true
CEILING MAPPING: mesh=orison_ground_Court_asphalt_P1_P8 valid_basis=true max_uv_excess=0.0 widest=1.0 vertices=4 derivatives=true
CEILING MAPPING: mesh=orison_ground_Court_asphalt_P1_P15 valid_basis=true max_uv_excess=0.0 widest=1.0 vertices=8 derivatives=true
CEILING MAPPING: mesh=orison_ground_Court_asphalt_P2_N3 valid_basis=true max_uv_excess=0.0 widest=1.0 vertices=32 derivatives=true
CEILING MAPPING: mesh=orison_ground_Court_asphalt_P2_N5 valid_basis=true max_uv_excess=0.0 widest=1.0 vertices=4 derivatives=true
CEILING MAPPING: mesh=orison_ground_Court_asphalt_P2_N6 valid_basis=true max_uv_excess=0.0 widest=1.0 vertices=4 derivatives=true
CEILING MAPPING: mesh=orison_ground_Court_asphalt_P2_N7 valid_basis=true max_uv_excess=0.0 widest=1.0 vertices=4 derivatives=true
CEILING MAPPING: mesh=orison_ground_Court_asphalt_P2_N8 valid_basis=true max_uv_excess=0.0 widest=1.0 vertices=8 derivatives=true
CEILING MAPPING: mesh=orison_ground_Court_asphalt_P2_N9 valid_basis=true max_uv_excess=0.0 widest=1.0 vertices=4 derivatives=true
CEILING MAPPING: mesh=orison_ground_Court_asphalt_P2_N10 valid_basis=true max_uv_excess=0.0 widest=1.0 vertices=4 derivatives=true
CEILING MAPPING: mesh=orison_ground_Court_asphalt_P2_N11 valid_basis=true max_uv_excess=0.0 widest=1.0 vertices=8 derivatives=true
CEILING MAPPING: mesh=orison_ground_Court_asphalt_P2_N12 valid_basis=true max_uv_excess=0.0 widest=1.0 vertices=4 derivatives=true
CEILING MAPPING: mesh=orison_ground_Court_asphalt_P2_N13 valid_basis=true max_uv_excess=0.0 widest=1.0 vertices=4 derivatives=true
CEILING MAPPING: mesh=orison_ground_Court_asphalt_P2_N14 valid_basis=true max_uv_excess=0.0 widest=1.0 vertices=4 derivatives=true
CEILING MAPPING: mesh=orison_ground_Court_asphalt_P2_N15 valid_basis=true max_uv_excess=0.0 widest=1.0 vertices=4 derivatives=true
CEILING MAPPING: mesh=orison_ground_Court_asphalt_P2_N16 valid_basis=true max_uv_excess=0.0 widest=1.0 vertices=4 derivatives=true
CEILING MAPPING: mesh=orison_ground_Court_asphalt_P2_N17 valid_basis=true max_uv_excess=0.0 widest=1.0 vertices=4 derivatives=true
CEILING MAPPING: mesh=orison_ground_Court_asphalt_P2_N18 valid_basis=true max_uv_excess=0.0 widest=1.0 vertices=4 derivatives=true
CEILING MAPPING: mesh=orison_ground_Court_asphalt_P2_N26 valid_basis=true max_uv_excess=0.0 widest=1.0 vertices=4 derivatives=true
CEILING MAPPING: mesh=orison_ground_Court_asphalt_P2_N27 valid_basis=true max_uv_excess=0.0 widest=1.0 vertices=8 derivatives=true
CEILING MAPPING: mesh=orison_ground_Court_asphalt_P2_P1 valid_basis=true max_uv_excess=0.0 widest=1.0 vertices=8 derivatives=true
CEILING MAPPING: mesh=orison_ground_Court_asphalt_P2_P2 valid_basis=true max_uv_excess=0.0 widest=1.0 vertices=12 derivatives=true
CEILING MAPPING: mesh=orison_ground_Court_asphalt_P2_P3 valid_basis=true max_uv_excess=0.0 widest=1.0 vertices=24 derivatives=true
CEILING MAPPING: mesh=orison_ground_Court_asphalt_P2_P4 valid_basis=true max_uv_excess=0.0 widest=1.0 vertices=4 derivatives=true
CEILING MAPPING: mesh=orison_ground_Court_asphalt_P2_P5 valid_basis=true max_uv_excess=0.0 widest=1.0 vertices=4 derivatives=true
CEILING MAPPING: mesh=orison_ground_Court_asphalt_P2_P6 valid_basis=true max_uv_excess=0.0 widest=1.0 vertices=4 derivatives=true
CEILING MAPPING: mesh=orison_ground_Court_asphalt_P2_P7 valid_basis=true max_uv_excess=0.0 widest=1.0 vertices=4 derivatives=true
CEILING MAPPING: mesh=orison_ground_Court_asphalt_P2_P8 valid_basis=true max_uv_excess=0.0 widest=1.0 vertices=4 derivatives=true
CEILING MAPPING: mesh=orison_ground_Court_asphalt_P2_P15 valid_basis=true max_uv_excess=0.0 widest=1.0 vertices=8 derivatives=true
CEILING MAPPING: mesh=orison_ground_Court_asphalt_P3_N1 valid_basis=true max_uv_excess=0.0 widest=1.0 vertices=4 derivatives=true
CEILING MAPPING: mesh=orison_ground_Court_asphalt_P3_N2 valid_basis=true max_uv_excess=0.0 widest=1.0 vertices=4 derivatives=true
CEILING MAPPING: mesh=orison_ground_Court_asphalt_P3_N3 valid_basis=true max_uv_excess=0.0 widest=1.0 vertices=4 derivatives=true
CEILING MAPPING: mesh=orison_ground_Court_asphalt_P3_N5 valid_basis=true max_uv_excess=0.0 widest=1.0 vertices=4 derivatives=true
CEILING MAPPING: mesh=orison_ground_Court_asphalt_P3_N6 valid_basis=true max_uv_excess=0.0 widest=1.0 vertices=4 derivatives=true
CEILING MAPPING: mesh=orison_ground_Court_asphalt_P3_N7 valid_basis=true max_uv_excess=0.0 widest=1.0 vertices=4 derivatives=true
CEILING MAPPING: mesh=orison_ground_Court_asphalt_P3_N8 valid_basis=true max_uv_excess=0.0 widest=1.0 vertices=4 derivatives=true
CEILING MAPPING: mesh=orison_ground_Court_asphalt_P3_N9 valid_basis=true max_uv_excess=0.0 widest=1.0 vertices=4 derivatives=true
CEILING MAPPING: mesh=orison_ground_Court_asphalt_P3_N10 valid_basis=true max_uv_excess=0.0 widest=1.0 vertices=4 derivatives=true
CEILING MAPPING: mesh=orison_ground_Court_asphalt_P3_N11 valid_basis=true max_uv_excess=0.0 widest=1.0 vertices=4 derivatives=true
CEILING MAPPING: mesh=orison_ground_Court_asphalt_P3_N12 valid_basis=true max_uv_excess=0.0 widest=1.0 vertices=4 derivatives=true
CEILING MAPPING: mesh=orison_ground_Court_asphalt_P3_N13 valid_basis=true max_uv_excess=0.0 widest=1.0 vertices=4 derivatives=true
CEILING MAPPING: mesh=orison_ground_Court_asphalt_P3_N14 valid_basis=true max_uv_excess=0.0 widest=1.0 vertices=4 derivatives=true
CEILING MAPPING: mesh=orison_ground_Court_asphalt_P3_N15 valid_basis=true max_uv_excess=0.0 widest=1.0 vertices=4 derivatives=true
CEILING MAPPING: mesh=orison_ground_Court_asphalt_P3_N16 valid_basis=true max_uv_excess=0.0 widest=1.0 vertices=4 derivatives=true
CEILING MAPPING: mesh=orison_ground_Court_asphalt_P3_N17 valid_basis=true max_uv_excess=0.0 widest=1.0 vertices=4 derivatives=true
CEILING MAPPING: mesh=orison_ground_Court_asphalt_P3_N18 valid_basis=true max_uv_excess=0.0 widest=1.0 vertices=4 derivatives=true
CEILING MAPPING: mesh=orison_ground_Court_asphalt_P3_N26 valid_basis=true max_uv_excess=0.0 widest=1.0 vertices=4 derivatives=true
CEILING MAPPING: mesh=orison_ground_Court_asphalt_P3_N27 valid_basis=true max_uv_excess=0.0 widest=1.0 vertices=8 derivatives=true
CEILING MAPPING: mesh=orison_ground_Court_asphalt_P3_P0 valid_basis=true max_uv_excess=0.0 widest=1.0 vertices=4 derivatives=true
CEILING MAPPING: mesh=orison_ground_Court_asphalt_P3_P3 valid_basis=true max_uv_excess=0.0 widest=1.0 vertices=24 derivatives=true
CEILING MAPPING: mesh=orison_ground_Court_asphalt_P3_P4 valid_basis=true max_uv_excess=0.0 widest=1.0 vertices=8 derivatives=true
CEILING MAPPING: mesh=orison_ground_Court_asphalt_P3_P5 valid_basis=true max_uv_excess=0.0 widest=1.0 vertices=8 derivatives=true
CEILING MAPPING: mesh=orison_ground_Court_asphalt_P3_P6 valid_basis=true max_uv_excess=0.0 widest=1.0 vertices=4 derivatives=true
CEILING MAPPING: mesh=orison_ground_Court_asphalt_P3_P7 valid_basis=true max_uv_excess=0.0 widest=1.0 vertices=4 derivatives=true
CEILING MAPPING: mesh=orison_ground_Court_asphalt_P3_P8 valid_basis=true max_uv_excess=0.0 widest=1.0 vertices=4 derivatives=true
CEILING MAPPING: mesh=orison_ground_Court_asphalt_P3_P15 valid_basis=true max_uv_excess=0.0 widest=1.0 vertices=8 derivatives=true
CEILING MAPPING: mesh=orison_ground_Court_asphalt_P4_N1 valid_basis=true max_uv_excess=0.0 widest=1.0 vertices=24 derivatives=true
CEILING MAPPING: mesh=orison_ground_Court_asphalt_P4_N2 valid_basis=true max_uv_excess=0.0 widest=1.0 vertices=24 derivatives=true
CEILING MAPPING: mesh=orison_ground_Court_asphalt_P4_N3 valid_basis=true max_uv_excess=0.0 widest=1.0 vertices=36 derivatives=true
CEILING MAPPING: mesh=orison_ground_Court_asphalt_P4_N5 valid_basis=true max_uv_excess=0.0 widest=1.0 vertices=4 derivatives=true
CEILING MAPPING: mesh=orison_ground_Court_asphalt_P4_N6 valid_basis=true max_uv_excess=0.0 widest=1.0 vertices=4 derivatives=true
CEILING MAPPING: mesh=orison_ground_Court_asphalt_P4_N7 valid_basis=true max_uv_excess=0.0 widest=1.0 vertices=4 derivatives=true
CEILING MAPPING: mesh=orison_ground_Court_asphalt_P4_N8 valid_basis=true max_uv_excess=0.0 widest=1.0 vertices=4 derivatives=true
CEILING MAPPING: mesh=orison_ground_Court_asphalt_P4_N9 valid_basis=true max_uv_excess=0.0 widest=1.0 vertices=4 derivatives=true
CEILING MAPPING: mesh=orison_ground_Court_asphalt_P4_N10 valid_basis=true max_uv_excess=0.0 widest=1.0 vertices=4 derivatives=true
CEILING MAPPING: mesh=orison_ground_Court_asphalt_P4_N11 valid_basis=true max_uv_excess=0.0 widest=1.0 vertices=4 derivatives=true
CEILING MAPPING: mesh=orison_ground_Court_asphalt_P4_N12 valid_basis=true max_uv_excess=0.0 widest=1.0 vertices=4 derivatives=true
CEILING MAPPING: mesh=orison_ground_Court_asphalt_P4_N13 valid_basis=true max_uv_excess=0.0 widest=1.0 vertices=4 derivatives=true
CEILING MAPPING: mesh=orison_ground_Court_asphalt_P4_N14 valid_basis=true max_uv_excess=0.0 widest=1.0 vertices=4 derivatives=true
CEILING MAPPING: mesh=orison_ground_Court_asphalt_P4_N15 valid_basis=true max_uv_excess=0.0 widest=1.0 vertices=4 derivatives=true
CEILING MAPPING: mesh=orison_ground_Court_asphalt_P4_N16 valid_basis=true max_uv_excess=0.0 widest=1.0 vertices=4 derivatives=true
CEILING MAPPING: mesh=orison_ground_Court_asphalt_P4_N17 valid_basis=true max_uv_excess=0.0 widest=1.0 vertices=4 derivatives=true
CEILING MAPPING: mesh=orison_ground_Court_asphalt_P4_N18 valid_basis=true max_uv_excess=0.0 widest=1.0 vertices=8 derivatives=true
CEILING MAPPING: mesh=orison_ground_Court_asphalt_P4_N19 valid_basis=true max_uv_excess=0.0 widest=1.0 vertices=4 derivatives=true
CEILING MAPPING: mesh=orison_ground_Court_asphalt_P4_N20 valid_basis=true max_uv_excess=0.0 widest=1.0 vertices=4 derivatives=true
CEILING MAPPING: mesh=orison_ground_Court_asphalt_P4_N21 valid_basis=true max_uv_excess=0.0 widest=1.0 vertices=4 derivatives=true
CEILING MAPPING: mesh=orison_ground_Court_asphalt_P4_N22 valid_basis=true max_uv_excess=0.0 widest=1.0 vertices=4 derivatives=true
CEILING MAPPING: mesh=orison_ground_Court_asphalt_P4_N23 valid_basis=true max_uv_excess=0.0 widest=1.0 vertices=4 derivatives=true
CEILING MAPPING: mesh=orison_ground_Court_asphalt_P4_N24 valid_basis=true max_uv_excess=0.0 widest=1.0 vertices=4 derivatives=true
CEILING MAPPING: mesh=orison_ground_Court_asphalt_P4_N25 valid_basis=true max_uv_excess=0.0 widest=1.0 vertices=4 derivatives=true
CEILING MAPPING: mesh=orison_ground_Court_asphalt_P4_N26 valid_basis=true max_uv_excess=0.0 widest=1.0 vertices=8 derivatives=true
CEILING MAPPING: mesh=orison_ground_Court_asphalt_P4_N27 valid_basis=true max_uv_excess=0.0 widest=1.0 vertices=8 derivatives=true
CEILING MAPPING: mesh=orison_ground_Court_asphalt_P4_P0 valid_basis=true max_uv_excess=0.00000011920929 widest=1.00000070123129 vertices=44 derivatives=true
CEILING MAPPING: mesh=orison_ground_Court_asphalt_P4_P1 valid_basis=true max_uv_excess=0.0 widest=1.0 vertices=24 derivatives=true
CEILING MAPPING: mesh=orison_ground_Court_asphalt_P4_P2 valid_basis=true max_uv_excess=0.0 widest=1.0 vertices=28 derivatives=true
CEILING MAPPING: mesh=orison_ground_Court_asphalt_P4_P3 valid_basis=true max_uv_excess=0.0 widest=1.0 vertices=80 derivatives=true
CEILING MAPPING: mesh=orison_ground_Court_asphalt_P4_P4 valid_basis=true max_uv_excess=0.0 widest=1.0 vertices=4 derivatives=true
CEILING MAPPING: mesh=orison_ground_Court_asphalt_P4_P5 valid_basis=true max_uv_excess=0.0 widest=1.0 vertices=4 derivatives=true
CEILING MAPPING: mesh=orison_ground_Court_asphalt_P4_P6 valid_basis=true max_uv_excess=0.0 widest=1.0 vertices=4 derivatives=true
CEILING MAPPING: mesh=orison_ground_Court_asphalt_P4_P7 valid_basis=true max_uv_excess=0.0 widest=1.0 vertices=4 derivatives=true
CEILING MAPPING: mesh=orison_ground_Court_asphalt_P4_P8 valid_basis=true max_uv_excess=0.0 widest=1.0 vertices=4 derivatives=true
CEILING MAPPING: mesh=orison_ground_Court_asphalt_P4_P15 valid_basis=true max_uv_excess=0.0 widest=1.0 vertices=8 derivatives=true
CEILING MAPPING: mesh=orison_ground_Court_asphalt_P5_N1 valid_basis=true max_uv_excess=0.0 widest=1.0 vertices=4 derivatives=true
CEILING MAPPING: mesh=orison_ground_Court_asphalt_P5_N2 valid_basis=true max_uv_excess=0.0 widest=1.0 vertices=4 derivatives=true
CEILING MAPPING: mesh=orison_ground_Court_asphalt_P5_N3 valid_basis=true max_uv_excess=0.0 widest=1.0 vertices=4 derivatives=true
CEILING MAPPING: mesh=orison_ground_Court_asphalt_P5_N4 valid_basis=true max_uv_excess=0.0 widest=1.0 vertices=8 derivatives=true
CEILING MAPPING: mesh=orison_ground_Court_asphalt_P5_N5 valid_basis=true max_uv_excess=0.0 widest=1.0 vertices=12 derivatives=true
CEILING MAPPING: mesh=orison_ground_Court_asphalt_P5_N6 valid_basis=true max_uv_excess=0.0 widest=1.0 vertices=4 derivatives=true
CEILING MAPPING: mesh=orison_ground_Court_asphalt_P5_N7 valid_basis=true max_uv_excess=0.0 widest=1.0 vertices=4 derivatives=true
CEILING MAPPING: mesh=orison_ground_Court_asphalt_P5_N8 valid_basis=true max_uv_excess=0.0 widest=1.0 vertices=4 derivatives=true
CEILING MAPPING: mesh=orison_ground_Court_asphalt_P5_N9 valid_basis=true max_uv_excess=0.0 widest=1.0 vertices=4 derivatives=true
CEILING MAPPING: mesh=orison_ground_Court_asphalt_P5_N10 valid_basis=true max_uv_excess=0.0 widest=1.0 vertices=4 derivatives=true
CEILING MAPPING: mesh=orison_ground_Court_asphalt_P5_N11 valid_basis=true max_uv_excess=0.0 widest=1.0 vertices=4 derivatives=true
CEILING MAPPING: mesh=orison_ground_Court_asphalt_P5_N12 valid_basis=true max_uv_excess=0.0 widest=1.0 vertices=4 derivatives=true
CEILING MAPPING: mesh=orison_ground_Court_asphalt_P5_N13 valid_basis=true max_uv_excess=0.0 widest=1.0 vertices=4 derivatives=true
CEILING MAPPING: mesh=orison_ground_Court_asphalt_P5_N14 valid_basis=true max_uv_excess=0.0 widest=1.0 vertices=4 derivatives=true
CEILING MAPPING: mesh=orison_ground_Court_asphalt_P5_N15 valid_basis=true max_uv_excess=0.0 widest=1.0 vertices=4 derivatives=true
CEILING MAPPING: mesh=orison_ground_Court_asphalt_P5_N16 valid_basis=true max_uv_excess=0.0 widest=1.0 vertices=4 derivatives=true
CEILING MAPPING: mesh=orison_ground_Court_asphalt_P5_N17 valid_basis=true max_uv_excess=0.0 widest=1.0 vertices=4 derivatives=true
CEILING MAPPING: mesh=orison_ground_Court_asphalt_P5_N18 valid_basis=true max_uv_excess=0.0 widest=1.0 vertices=4 derivatives=true
CEILING MAPPING: mesh=orison_ground_Court_asphalt_P5_N19 valid_basis=true max_uv_excess=0.0 widest=1.0 vertices=4 derivatives=true
CEILING MAPPING: mesh=orison_ground_Court_asphalt_P5_N20 valid_basis=true max_uv_excess=0.0 widest=1.0 vertices=4 derivatives=true
CEILING MAPPING: mesh=orison_ground_Court_asphalt_P5_N21 valid_basis=true max_uv_excess=0.0 widest=1.0 vertices=4 derivatives=true
CEILING MAPPING: mesh=orison_ground_Court_asphalt_P5_N22 valid_basis=true max_uv_excess=0.0 widest=1.0 vertices=4 derivatives=true
CEILING MAPPING: mesh=orison_ground_Court_asphalt_P5_N23 valid_basis=true max_uv_excess=0.0 widest=1.0 vertices=4 derivatives=true
CEILING MAPPING: mesh=orison_ground_Court_asphalt_P5_N24 valid_basis=true max_uv_excess=0.0 widest=1.0 vertices=4 derivatives=true
CEILING MAPPING: mesh=orison_ground_Court_asphalt_P5_N25 valid_basis=true max_uv_excess=0.0 widest=1.0 vertices=4 derivatives=true
CEILING MAPPING: mesh=orison_ground_Court_asphalt_P5_N26 valid_basis=true max_uv_excess=0.0 widest=1.0 vertices=4 derivatives=true
CEILING MAPPING: mesh=orison_ground_Court_asphalt_P5_N27 valid_basis=true max_uv_excess=0.0 widest=1.0 vertices=8 derivatives=true
CEILING MAPPING: mesh=orison_ground_Court_asphalt_P5_P0 valid_basis=true max_uv_excess=0.0 widest=1.0 vertices=4 derivatives=true
CEILING MAPPING: mesh=orison_ground_Court_asphalt_P5_P1 valid_basis=true max_uv_excess=0.0 widest=1.0 vertices=4 derivatives=true
CEILING MAPPING: mesh=orison_ground_Court_asphalt_P5_P2 valid_basis=true max_uv_excess=0.0 widest=1.0 vertices=12 derivatives=true
CEILING MAPPING: mesh=orison_ground_Court_asphalt_P5_P3 valid_basis=true max_uv_excess=0.0 widest=1.0 vertices=4 derivatives=true
CEILING MAPPING: mesh=orison_ground_Court_asphalt_P5_P4 valid_basis=true max_uv_excess=0.0 widest=1.0 vertices=4 derivatives=true
CEILING MAPPING: mesh=orison_ground_Court_asphalt_P5_P5 valid_basis=true max_uv_excess=0.0 widest=1.0 vertices=4 derivatives=true
CEILING MAPPING: mesh=orison_ground_Court_asphalt_P5_P6 valid_basis=true max_uv_excess=0.0 widest=1.0 vertices=4 derivatives=true
CEILING MAPPING: mesh=orison_ground_Court_asphalt_P5_P7 valid_basis=true max_uv_excess=0.0 widest=1.0 vertices=4 derivatives=true
CEILING MAPPING: mesh=orison_ground_Court_asphalt_P5_P8 valid_basis=true max_uv_excess=0.0 widest=1.0 vertices=4 derivatives=true
CEILING MAPPING: mesh=orison_ground_Court_asphalt_P5_P15 valid_basis=true max_uv_excess=0.0 widest=1.0 vertices=8 derivatives=true
CEILING MAPPING: mesh=orison_ground_Court_asphalt_P6_N5 valid_basis=true max_uv_excess=0.0 widest=1.0 vertices=4 derivatives=true
CEILING MAPPING: mesh=orison_ground_Court_asphalt_P6_N6 valid_basis=true max_uv_excess=0.0 widest=1.0 vertices=4 derivatives=true
CEILING MAPPING: mesh=orison_ground_Court_asphalt_P6_N7 valid_basis=true max_uv_excess=0.0 widest=1.0 vertices=4 derivatives=true
CEILING MAPPING: mesh=orison_ground_Court_asphalt_P6_N8 valid_basis=true max_uv_excess=0.0 widest=1.0 vertices=4 derivatives=true
CEILING MAPPING: mesh=orison_ground_Court_asphalt_P6_N9 valid_basis=true max_uv_excess=0.0 widest=1.0 vertices=4 derivatives=true
CEILING MAPPING: mesh=orison_ground_Court_asphalt_P6_N10 valid_basis=true max_uv_excess=0.0 widest=1.0 vertices=4 derivatives=true
CEILING MAPPING: mesh=orison_ground_Court_asphalt_P6_N11 valid_basis=true max_uv_excess=0.0 widest=1.0 vertices=4 derivatives=true
CEILING MAPPING: mesh=orison_ground_Court_asphalt_P6_N12 valid_basis=true max_uv_excess=0.0 widest=1.0 vertices=4 derivatives=true
CEILING MAPPING: mesh=orison_ground_Court_asphalt_P6_N13 valid_basis=true max_uv_excess=0.0 widest=1.0 vertices=4 derivatives=true
CEILING MAPPING: mesh=orison_ground_Court_asphalt_P6_N14 valid_basis=true max_uv_excess=0.0 widest=1.0 vertices=4 derivatives=true
CEILING MAPPING: mesh=orison_ground_Court_asphalt_P6_N15 valid_basis=true max_uv_excess=0.0 widest=1.0 vertices=4 derivatives=true
CEILING MAPPING: mesh=orison_ground_Court_asphalt_P6_N16 valid_basis=true max_uv_excess=0.0 widest=1.0 vertices=4 derivatives=true
CEILING MAPPING: mesh=orison_ground_Court_asphalt_P6_N17 valid_basis=true max_uv_excess=0.0 widest=1.0 vertices=4 derivatives=true
CEILING MAPPING: mesh=orison_ground_Court_asphalt_P6_N18 valid_basis=true max_uv_excess=0.0 widest=1.0 vertices=4 derivatives=true
CEILING MAPPING: mesh=orison_ground_Court_asphalt_P6_N19 valid_basis=true max_uv_excess=0.0 widest=1.0 vertices=4 derivatives=true
CEILING MAPPING: mesh=orison_ground_Court_asphalt_P6_N20 valid_basis=true max_uv_excess=0.0 widest=1.0 vertices=4 derivatives=true
CEILING MAPPING: mesh=orison_ground_Court_asphalt_P6_N21 valid_basis=true max_uv_excess=0.0 widest=1.0 vertices=4 derivatives=true
CEILING MAPPING: mesh=orison_ground_Court_asphalt_P6_N22 valid_basis=true max_uv_excess=0.0 widest=1.0 vertices=4 derivatives=true
CEILING MAPPING: mesh=orison_ground_Court_asphalt_P6_N23 valid_basis=true max_uv_excess=0.0 widest=1.0 vertices=4 derivatives=true
CEILING MAPPING: mesh=orison_ground_Court_asphalt_P6_N24 valid_basis=true max_uv_excess=0.0 widest=1.0 vertices=4 derivatives=true
CEILING MAPPING: mesh=orison_ground_Court_asphalt_P6_N25 valid_basis=true max_uv_excess=0.0 widest=1.0 vertices=4 derivatives=true
CEILING MAPPING: mesh=orison_ground_Court_asphalt_P6_N26 valid_basis=true max_uv_excess=0.0 widest=1.0 vertices=4 derivatives=true
CEILING MAPPING: mesh=orison_ground_Court_asphalt_P6_N27 valid_basis=true max_uv_excess=0.0 widest=1.0 vertices=8 derivatives=true
CEILING MAPPING: mesh=orison_ground_Court_asphalt_P6_P2 valid_basis=true max_uv_excess=0.0 widest=1.0 vertices=4 derivatives=true
CEILING MAPPING: mesh=orison_ground_Court_asphalt_P6_P3 valid_basis=true max_uv_excess=0.0 widest=1.0 vertices=4 derivatives=true
CEILING MAPPING: mesh=orison_ground_Court_asphalt_P6_P4 valid_basis=true max_uv_excess=0.0 widest=1.0 vertices=4 derivatives=true
CEILING MAPPING: mesh=orison_ground_Court_asphalt_P6_P5 valid_basis=true max_uv_excess=0.0 widest=1.0 vertices=4 derivatives=true
CEILING MAPPING: mesh=orison_ground_Court_asphalt_P6_P6 valid_basis=true max_uv_excess=0.0 widest=1.0 vertices=4 derivatives=true
CEILING MAPPING: mesh=orison_ground_Court_asphalt_P6_P7 valid_basis=true max_uv_excess=0.0 widest=1.0 vertices=4 derivatives=true
CEILING MAPPING: mesh=orison_ground_Court_asphalt_P6_P8 valid_basis=true max_uv_excess=0.0 widest=1.0 vertices=8 derivatives=true
CEILING MAPPING: mesh=orison_ground_Court_asphalt_P6_P9 valid_basis=true max_uv_excess=0.0 widest=1.0 vertices=4 derivatives=true
CEILING MAPPING: mesh=orison_ground_Court_asphalt_P6_P10 valid_basis=true max_uv_excess=0.0 widest=1.0 vertices=4 derivatives=true
CEILING MAPPING: mesh=orison_ground_Court_asphalt_P6_P11 valid_basis=true max_uv_excess=0.0 widest=1.0 vertices=4 derivatives=true
CEILING MAPPING: mesh=orison_ground_Court_asphalt_P6_P12 valid_basis=true max_uv_excess=0.0 widest=1.0 vertices=4 derivatives=true
CEILING MAPPING: mesh=orison_ground_Court_asphalt_P6_P13 valid_basis=true max_uv_excess=0.0 widest=1.0 vertices=4 derivatives=true
CEILING MAPPING: mesh=orison_ground_Court_asphalt_P6_P14 valid_basis=true max_uv_excess=0.0 widest=1.0 vertices=4 derivatives=true
CEILING MAPPING: mesh=orison_ground_Court_asphalt_P6_P15 valid_basis=true max_uv_excess=0.0 widest=1.0 vertices=12 derivatives=true
CEILING MAPPING: mesh=orison_ground_Court_asphalt_P7_N1 valid_basis=true max_uv_excess=0.0 widest=1.0 vertices=4 derivatives=true
CEILING MAPPING: mesh=orison_ground_Court_asphalt_P7_N2 valid_basis=true max_uv_excess=0.0 widest=1.0 vertices=4 derivatives=true
CEILING MAPPING: mesh=orison_ground_Court_asphalt_P7_N3 valid_basis=true max_uv_excess=0.0 widest=1.0 vertices=4 derivatives=true
CEILING MAPPING: mesh=orison_ground_Court_asphalt_P7_N4 valid_basis=true max_uv_excess=0.0 widest=1.0 vertices=4 derivatives=true
CEILING MAPPING: mesh=orison_ground_Court_asphalt_P7_N5 valid_basis=true max_uv_excess=0.0 widest=1.0 vertices=8 derivatives=true
CEILING MAPPING: mesh=orison_ground_Court_asphalt_P7_N6 valid_basis=true max_uv_excess=0.0 widest=1.0 vertices=4 derivatives=true
CEILING MAPPING: mesh=orison_ground_Court_asphalt_P7_N7 valid_basis=true max_uv_excess=0.0 widest=1.0 vertices=4 derivatives=true
CEILING MAPPING: mesh=orison_ground_Court_asphalt_P7_N8 valid_basis=true max_uv_excess=0.0 widest=1.0 vertices=4 derivatives=true
CEILING MAPPING: mesh=orison_ground_Court_asphalt_P7_N9 valid_basis=true max_uv_excess=0.0 widest=1.0 vertices=4 derivatives=true
CEILING MAPPING: mesh=orison_ground_Court_asphalt_P7_N10 valid_basis=true max_uv_excess=0.0 widest=1.0 vertices=4 derivatives=true
CEILING MAPPING: mesh=orison_ground_Court_asphalt_P7_N11 valid_basis=true max_uv_excess=0.0 widest=1.0 vertices=4 derivatives=true
CEILING MAPPING: mesh=orison_ground_Court_asphalt_P7_N12 valid_basis=true max_uv_excess=0.0 widest=1.0 vertices=4 derivatives=true
CEILING MAPPING: mesh=orison_ground_Court_asphalt_P7_N13 valid_basis=true max_uv_excess=0.0 widest=1.0 vertices=4 derivatives=true
CEILING MAPPING: mesh=orison_ground_Court_asphalt_P7_N14 valid_basis=true max_uv_excess=0.0 widest=1.0 vertices=4 derivatives=true
CEILING MAPPING: mesh=orison_ground_Court_asphalt_P7_N15 valid_basis=true max_uv_excess=0.0 widest=1.0 vertices=4 derivatives=true
CEILING MAPPING: mesh=orison_ground_Court_asphalt_P7_N16 valid_basis=true max_uv_excess=0.0 widest=1.0 vertices=4 derivatives=true
CEILING MAPPING: mesh=orison_ground_Court_asphalt_P7_N17 valid_basis=true max_uv_excess=0.0 widest=1.0 vertices=4 derivatives=true
CEILING MAPPING: mesh=orison_ground_Court_asphalt_P7_N18 valid_basis=true max_uv_excess=0.0 widest=1.0 vertices=4 derivatives=true
CEILING MAPPING: mesh=orison_ground_Court_asphalt_P7_N19 valid_basis=true max_uv_excess=0.0 widest=1.0 vertices=4 derivatives=true
CEILING MAPPING: mesh=orison_ground_Court_asphalt_P7_N20 valid_basis=true max_uv_excess=0.0 widest=1.0 vertices=4 derivatives=true
CEILING MAPPING: mesh=orison_ground_Court_asphalt_P7_N21 valid_basis=true max_uv_excess=0.0 widest=1.0 vertices=4 derivatives=true
CEILING MAPPING: mesh=orison_ground_Court_asphalt_P7_N22 valid_basis=true max_uv_excess=0.0 widest=1.0 vertices=4 derivatives=true
CEILING MAPPING: mesh=orison_ground_Court_asphalt_P7_N23 valid_basis=true max_uv_excess=0.0 widest=1.0 vertices=4 derivatives=true
CEILING MAPPING: mesh=orison_ground_Court_asphalt_P7_N24 valid_basis=true max_uv_excess=0.0 widest=1.0 vertices=4 derivatives=true
CEILING MAPPING: mesh=orison_ground_Court_asphalt_P7_N25 valid_basis=true max_uv_excess=0.0 widest=1.0 vertices=4 derivatives=true
CEILING MAPPING: mesh=orison_ground_Court_asphalt_P7_N26 valid_basis=true max_uv_excess=0.0 widest=1.0 vertices=4 derivatives=true
CEILING MAPPING: mesh=orison_ground_Court_asphalt_P7_N27 valid_basis=true max_uv_excess=0.0 widest=1.0 vertices=8 derivatives=true
CEILING MAPPING: mesh=orison_ground_Court_asphalt_P7_P0 valid_basis=true max_uv_excess=0.0 widest=1.0 vertices=4 derivatives=true
CEILING MAPPING: mesh=orison_ground_Court_asphalt_P7_P1 valid_basis=true max_uv_excess=0.0 widest=1.0 vertices=8 derivatives=true
CEILING MAPPING: mesh=orison_ground_Court_asphalt_P7_P2 valid_basis=true max_uv_excess=0.0 widest=1.0 vertices=8 derivatives=true
CEILING MAPPING: mesh=orison_ground_Court_asphalt_P7_P3 valid_basis=true max_uv_excess=0.0 widest=1.0 vertices=4 derivatives=true
CEILING MAPPING: mesh=orison_ground_Court_asphalt_P7_P4 valid_basis=true max_uv_excess=0.0 widest=1.0 vertices=8 derivatives=true
CEILING MAPPING: mesh=orison_ground_Court_asphalt_P7_P5 valid_basis=true max_uv_excess=0.0 widest=1.0 vertices=8 derivatives=true
CEILING MAPPING: mesh=orison_ground_Court_asphalt_P7_P6 valid_basis=true max_uv_excess=0.0 widest=1.0 vertices=4 derivatives=true
CEILING MAPPING: mesh=orison_ground_Court_asphalt_P7_P7 valid_basis=true max_uv_excess=0.0 widest=1.0 vertices=4 derivatives=true
CEILING MAPPING: mesh=orison_ground_Court_asphalt_P7_P8 valid_basis=true max_uv_excess=0.0 widest=1.0 vertices=4 derivatives=true
CEILING MAPPING: mesh=orison_ground_Court_asphalt_P7_P9 valid_basis=true max_uv_excess=0.0 widest=1.0 vertices=4 derivatives=true
CEILING MAPPING: mesh=orison_ground_Court_asphalt_P7_P10 valid_basis=true max_uv_excess=0.0 widest=1.0 vertices=4 derivatives=true
CEILING MAPPING: mesh=orison_ground_Court_asphalt_P7_P11 valid_basis=true max_uv_excess=0.0 widest=1.0 vertices=4 derivatives=true
CEILING MAPPING: mesh=orison_ground_Court_asphalt_P7_P12 valid_basis=true max_uv_excess=0.0 widest=1.0 vertices=4 derivatives=true
CEILING MAPPING: mesh=orison_ground_Court_asphalt_P7_P13 valid_basis=true max_uv_excess=0.0 widest=1.0 vertices=4 derivatives=true
CEILING MAPPING: mesh=orison_ground_Court_asphalt_P7_P14 valid_basis=true max_uv_excess=0.0 widest=1.0 vertices=4 derivatives=true
CEILING MAPPING: mesh=orison_ground_Court_asphalt_P7_P15 valid_basis=true max_uv_excess=0.0 widest=1.0 vertices=8 derivatives=true
CEILING MAPPING: mesh=orison_ground_Court_asphalt_P8_N5 valid_basis=true max_uv_excess=0.0 widest=1.0 vertices=4 derivatives=true
CEILING MAPPING: mesh=orison_ground_Court_asphalt_P8_N6 valid_basis=true max_uv_excess=0.0 widest=1.0 vertices=4 derivatives=true
CEILING MAPPING: mesh=orison_ground_Court_asphalt_P8_N7 valid_basis=true max_uv_excess=0.0 widest=1.0 vertices=4 derivatives=true
CEILING MAPPING: mesh=orison_ground_Court_asphalt_P8_N8 valid_basis=true max_uv_excess=0.0 widest=1.0 vertices=8 derivatives=true
CEILING MAPPING: mesh=orison_ground_Court_asphalt_P8_N9 valid_basis=true max_uv_excess=0.0 widest=1.0 vertices=4 derivatives=true
CEILING MAPPING: mesh=orison_ground_Court_asphalt_P8_N10 valid_basis=true max_uv_excess=0.0 widest=1.0 vertices=8 derivatives=true
CEILING MAPPING: mesh=orison_ground_Court_asphalt_P8_N11 valid_basis=true max_uv_excess=0.0 widest=1.0 vertices=4 derivatives=true
CEILING MAPPING: mesh=orison_ground_Court_asphalt_P8_N12 valid_basis=true max_uv_excess=0.0 widest=1.0 vertices=4 derivatives=true
CEILING MAPPING: mesh=orison_ground_Court_asphalt_P8_N13 valid_basis=true max_uv_excess=0.0 widest=1.0 vertices=4 derivatives=true
CEILING MAPPING: mesh=orison_ground_Court_asphalt_P8_N14 valid_basis=true max_uv_excess=0.0 widest=1.0 vertices=4 derivatives=true
CEILING MAPPING: mesh=orison_ground_Court_asphalt_P8_N15 valid_basis=true max_uv_excess=0.0 widest=1.0 vertices=4 derivatives=true
CEILING MAPPING: mesh=orison_ground_Court_asphalt_P8_N16 valid_basis=true max_uv_excess=0.0 widest=1.0 vertices=4 derivatives=true
CEILING MAPPING: mesh=orison_ground_Court_asphalt_P8_N17 valid_basis=true max_uv_excess=0.0 widest=1.0 vertices=4 derivatives=true
CEILING MAPPING: mesh=orison_ground_Court_asphalt_P8_N18 valid_basis=true max_uv_excess=0.0 widest=1.0 vertices=4 derivatives=true
CEILING MAPPING: mesh=orison_ground_Court_asphalt_P8_N19 valid_basis=true max_uv_excess=0.0 widest=1.0 vertices=4 derivatives=true
CEILING MAPPING: mesh=orison_ground_Court_asphalt_P8_N20 valid_basis=true max_uv_excess=0.0 widest=1.0 vertices=4 derivatives=true
CEILING MAPPING: mesh=orison_ground_Court_asphalt_P8_N21 valid_basis=true max_uv_excess=0.0 widest=1.0 vertices=4 derivatives=true
CEILING MAPPING: mesh=orison_ground_Court_asphalt_P8_N22 valid_basis=true max_uv_excess=0.0 widest=1.0 vertices=4 derivatives=true
CEILING MAPPING: mesh=orison_ground_Court_asphalt_P8_N23 valid_basis=true max_uv_excess=0.0 widest=1.0 vertices=4 derivatives=true
CEILING MAPPING: mesh=orison_ground_Court_asphalt_P8_N24 valid_basis=true max_uv_excess=0.0 widest=1.0 vertices=4 derivatives=true
CEILING MAPPING: mesh=orison_ground_Court_asphalt_P8_N25 valid_basis=true max_uv_excess=0.0 widest=1.0 vertices=4 derivatives=true
CEILING MAPPING: mesh=orison_ground_Court_asphalt_P8_N26 valid_basis=true max_uv_excess=0.0 widest=1.0 vertices=4 derivatives=true
CEILING MAPPING: mesh=orison_ground_Court_asphalt_P8_N27 valid_basis=true max_uv_excess=0.0 widest=1.0 vertices=8 derivatives=true
CEILING MAPPING: mesh=orison_ground_Court_asphalt_P8_P1 valid_basis=true max_uv_excess=0.0 widest=1.0 vertices=4 derivatives=true
CEILING MAPPING: mesh=orison_ground_Court_asphalt_P8_P2 valid_basis=true max_uv_excess=0.0 widest=1.0 vertices=4 derivatives=true
CEILING MAPPING: mesh=orison_ground_Court_asphalt_P8_P3 valid_basis=true max_uv_excess=0.0 widest=1.0 vertices=4 derivatives=true
CEILING MAPPING: mesh=orison_ground_Court_asphalt_P8_P4 valid_basis=true max_uv_excess=0.0 widest=1.0 vertices=4 derivatives=true
CEILING MAPPING: mesh=orison_ground_Court_asphalt_P8_P5 valid_basis=true max_uv_excess=0.0 widest=1.0 vertices=4 derivatives=true
CEILING MAPPING: mesh=orison_ground_Court_asphalt_P8_P6 valid_basis=true max_uv_excess=0.0 widest=1.0 vertices=4 derivatives=true
CEILING MAPPING: mesh=orison_ground_Court_asphalt_P8_P7 valid_basis=true max_uv_excess=0.0 widest=1.0 vertices=4 derivatives=true
CEILING MAPPING: mesh=orison_ground_Court_asphalt_P8_P8 valid_basis=true max_uv_excess=0.0 widest=1.0 vertices=4 derivatives=true
CEILING MAPPING: mesh=orison_ground_Court_asphalt_P8_P9 valid_basis=true max_uv_excess=0.0 widest=1.0 vertices=4 derivatives=true
CEILING MAPPING: mesh=orison_ground_Court_asphalt_P8_P10 valid_basis=true max_uv_excess=0.0 widest=1.0 vertices=4 derivatives=true
CEILING MAPPING: mesh=orison_ground_Court_asphalt_P8_P11 valid_basis=true max_uv_excess=0.0 widest=1.0 vertices=4 derivatives=true
CEILING MAPPING: mesh=orison_ground_Court_asphalt_P8_P12 valid_basis=true max_uv_excess=0.0 widest=1.0 vertices=4 derivatives=true
CEILING MAPPING: mesh=orison_ground_Court_asphalt_P8_P13 valid_basis=true max_uv_excess=0.0 widest=1.0 vertices=4 derivatives=true
CEILING MAPPING: mesh=orison_ground_Court_asphalt_P8_P14 valid_basis=true max_uv_excess=0.0 widest=1.0 vertices=4 derivatives=true
CEILING MAPPING: mesh=orison_ground_Court_asphalt_P8_P15 valid_basis=true max_uv_excess=0.0 widest=1.0 vertices=8 derivatives=true
CEILING MAPPING: mesh=orison_ground_Court_asphalt_P9_N1 valid_basis=true max_uv_excess=0.0 widest=1.0 vertices=4 derivatives=true
CEILING MAPPING: mesh=orison_ground_Court_asphalt_P9_N2 valid_basis=true max_uv_excess=0.0 widest=1.0 vertices=4 derivatives=true
CEILING MAPPING: mesh=orison_ground_Court_asphalt_P9_N3 valid_basis=true max_uv_excess=0.0 widest=1.0 vertices=4 derivatives=true
CEILING MAPPING: mesh=orison_ground_Court_asphalt_P9_N4 valid_basis=true max_uv_excess=0.0 widest=1.0 vertices=4 derivatives=true
CEILING MAPPING: mesh=orison_ground_Court_asphalt_P9_N5 valid_basis=true max_uv_excess=0.0 widest=1.0 vertices=8 derivatives=true
CEILING MAPPING: mesh=orison_ground_Court_asphalt_P9_N6 valid_basis=true max_uv_excess=0.0 widest=1.0 vertices=4 derivatives=true
CEILING MAPPING: mesh=orison_ground_Court_asphalt_P9_N7 valid_basis=true max_uv_excess=0.0 widest=1.0 vertices=4 derivatives=true
CEILING MAPPING: mesh=orison_ground_Court_asphalt_P9_N8 valid_basis=true max_uv_excess=0.0 widest=1.0 vertices=4 derivatives=true
CEILING MAPPING: mesh=orison_ground_Court_asphalt_P9_N10 valid_basis=true max_uv_excess=0.0 widest=1.0 vertices=4 derivatives=true
CEILING MAPPING: mesh=orison_ground_Court_asphalt_P9_N11 valid_basis=true max_uv_excess=0.0 widest=1.0 vertices=4 derivatives=true
CEILING MAPPING: mesh=orison_ground_Court_asphalt_P9_N12 valid_basis=true max_uv_excess=0.0 widest=1.0 vertices=4 derivatives=true
CEILING MAPPING: mesh=orison_ground_Court_asphalt_P9_N13 valid_basis=true max_uv_excess=0.0 widest=1.0 vertices=4 derivatives=true
CEILING MAPPING: mesh=orison_ground_Court_asphalt_P9_N14 valid_basis=true max_uv_excess=0.0 widest=1.0 vertices=4 derivatives=true
CEILING MAPPING: mesh=orison_ground_Court_asphalt_P9_N15 valid_basis=true max_uv_excess=0.0 widest=1.0 vertices=4 derivatives=true
CEILING MAPPING: mesh=orison_ground_Court_asphalt_P9_N16 valid_basis=true max_uv_excess=0.0 widest=1.0 vertices=4 derivatives=true
CEILING MAPPING: mesh=orison_ground_Court_asphalt_P9_N17 valid_basis=true max_uv_excess=0.0 widest=1.0 vertices=4 derivatives=true
CEILING MAPPING: mesh=orison_ground_Court_asphalt_P9_N18 valid_basis=true max_uv_excess=0.0 widest=1.0 vertices=4 derivatives=true
CEILING MAPPING: mesh=orison_ground_Court_asphalt_P9_N19 valid_basis=true max_uv_excess=0.0 widest=1.0 vertices=4 derivatives=true
CEILING MAPPING: mesh=orison_ground_Court_asphalt_P9_N20 valid_basis=true max_uv_excess=0.0 widest=1.0 vertices=4 derivatives=true
CEILING MAPPING: mesh=orison_ground_Court_asphalt_P9_N21 valid_basis=true max_uv_excess=0.0 widest=1.0 vertices=4 derivatives=true
CEILING MAPPING: mesh=orison_ground_Court_asphalt_P9_N22 valid_basis=true max_uv_excess=0.0 widest=1.0 vertices=4 derivatives=true
CEILING MAPPING: mesh=orison_ground_Court_asphalt_P9_N23 valid_basis=true max_uv_excess=0.0 widest=1.0 vertices=4 derivatives=true
CEILING MAPPING: mesh=orison_ground_Court_asphalt_P9_N24 valid_basis=true max_uv_excess=0.0 widest=1.0 vertices=4 derivatives=true
CEILING MAPPING: mesh=orison_ground_Court_asphalt_P9_N25 valid_basis=true max_uv_excess=0.0 widest=1.0 vertices=4 derivatives=true
CEILING MAPPING: mesh=orison_ground_Court_asphalt_P9_N26 valid_basis=true max_uv_excess=0.0 widest=1.0 vertices=4 derivatives=true
CEILING MAPPING: mesh=orison_ground_Court_asphalt_P9_N27 valid_basis=true max_uv_excess=0.0 widest=1.0 vertices=8 derivatives=true
CEILING MAPPING: mesh=orison_ground_Court_asphalt_P9_P0 valid_basis=true max_uv_excess=0.0 widest=1.0 vertices=4 derivatives=true
CEILING MAPPING: mesh=orison_ground_Court_asphalt_P9_P1 valid_basis=true max_uv_excess=0.0 widest=1.0 vertices=8 derivatives=true
CEILING MAPPING: mesh=orison_ground_Court_asphalt_P9_P2 valid_basis=true max_uv_excess=0.0 widest=1.0 vertices=8 derivatives=true
CEILING MAPPING: mesh=orison_ground_Court_asphalt_P9_P3 valid_basis=true max_uv_excess=0.0 widest=1.0 vertices=4 derivatives=true
CEILING MAPPING: mesh=orison_ground_Court_asphalt_P9_P4 valid_basis=true max_uv_excess=0.0 widest=1.0 vertices=4 derivatives=true
CEILING MAPPING: mesh=orison_ground_Court_asphalt_P9_P5 valid_basis=true max_uv_excess=0.0 widest=1.0 vertices=4 derivatives=true
CEILING MAPPING: mesh=orison_ground_Court_asphalt_P9_P6 valid_basis=true max_uv_excess=0.0 widest=1.0 vertices=4 derivatives=true
CEILING MAPPING: mesh=orison_ground_Court_asphalt_P9_P7 valid_basis=true max_uv_excess=0.0 widest=1.0 vertices=4 derivatives=true
CEILING MAPPING: mesh=orison_ground_Court_asphalt_P9_P8 valid_basis=true max_uv_excess=0.0 widest=1.0 vertices=4 derivatives=true
CEILING MAPPING: mesh=orison_ground_Court_asphalt_P9_P9 valid_basis=true max_uv_excess=0.0 widest=1.0 vertices=4 derivatives=true
CEILING MAPPING: mesh=orison_ground_Court_asphalt_P9_P10 valid_basis=true max_uv_excess=0.0 widest=1.0 vertices=4 derivatives=true
CEILING MAPPING: mesh=orison_ground_Court_asphalt_P9_P11 valid_basis=true max_uv_excess=0.0 widest=1.0 vertices=4 derivatives=true
CEILING MAPPING: mesh=orison_ground_Court_asphalt_P9_P12 valid_basis=true max_uv_excess=0.0 widest=1.0 vertices=4 derivatives=true
CEILING MAPPING: mesh=orison_ground_Court_asphalt_P9_P13 valid_basis=true max_uv_excess=0.0 widest=1.0 vertices=4 derivatives=true
CEILING MAPPING: mesh=orison_ground_Court_asphalt_P9_P14 valid_basis=true max_uv_excess=0.0 widest=1.0 vertices=4 derivatives=true
CEILING MAPPING: mesh=orison_ground_Court_asphalt_P9_P15 valid_basis=true max_uv_excess=0.0 widest=1.0 vertices=8 derivatives=true
CEILING MAPPING: mesh=orison_ground_Court_asphalt_P10_N5 valid_basis=true max_uv_excess=0.0 widest=1.0 vertices=4 derivatives=true
CEILING MAPPING: mesh=orison_ground_Court_asphalt_P10_N6 valid_basis=true max_uv_excess=0.0 widest=1.0 vertices=4 derivatives=true
CEILING MAPPING: mesh=orison_ground_Court_asphalt_P10_N7 valid_basis=true max_uv_excess=0.0 widest=1.0 vertices=4 derivatives=true
CEILING MAPPING: mesh=orison_ground_Court_asphalt_P10_N8 valid_basis=true max_uv_excess=0.0 widest=1.0 vertices=4 derivatives=true
CEILING MAPPING: mesh=orison_ground_Court_asphalt_P10_N10 valid_basis=true max_uv_excess=0.0 widest=1.0 vertices=4 derivatives=true
CEILING MAPPING: mesh=orison_ground_Court_asphalt_P10_N11 valid_basis=true max_uv_excess=0.0 widest=1.0 vertices=4 derivatives=true
CEILING MAPPING: mesh=orison_ground_Court_asphalt_P10_N12 valid_basis=true max_uv_excess=0.0 widest=1.0 vertices=4 derivatives=true
CEILING MAPPING: mesh=orison_ground_Court_asphalt_P10_N13 valid_basis=true max_uv_excess=0.0 widest=1.0 vertices=4 derivatives=true
CEILING MAPPING: mesh=orison_ground_Court_asphalt_P10_N14 valid_basis=true max_uv_excess=0.0 widest=1.0 vertices=4 derivatives=true
CEILING MAPPING: mesh=orison_ground_Court_asphalt_P10_N15 valid_basis=true max_uv_excess=0.0 widest=1.0 vertices=4 derivatives=true
CEILING MAPPING: mesh=orison_ground_Court_asphalt_P10_N16 valid_basis=true max_uv_excess=0.0 widest=1.0 vertices=4 derivatives=true
CEILING MAPPING: mesh=orison_ground_Court_asphalt_P10_N17 valid_basis=true max_uv_excess=0.0 widest=1.0 vertices=4 derivatives=true
CEILING MAPPING: mesh=orison_ground_Court_asphalt_P10_N18 valid_basis=true max_uv_excess=0.0 widest=1.0 vertices=4 derivatives=true
CEILING MAPPING: mesh=orison_ground_Court_asphalt_P10_N19 valid_basis=true max_uv_excess=0.0 widest=1.0 vertices=4 derivatives=true
CEILING MAPPING: mesh=orison_ground_Court_asphalt_P10_N20 valid_basis=true max_uv_excess=0.0 widest=1.0 vertices=4 derivatives=true
CEILING MAPPING: mesh=orison_ground_Court_asphalt_P10_N21 valid_basis=true max_uv_excess=0.0 widest=1.0 vertices=4 derivatives=true
CEILING MAPPING: mesh=orison_ground_Court_asphalt_P10_N22 valid_basis=true max_uv_excess=0.0 widest=1.0 vertices=4 derivatives=true
CEILING MAPPING: mesh=orison_ground_Court_asphalt_P10_N23 valid_basis=true max_uv_excess=0.0 widest=1.0 vertices=4 derivatives=true
CEILING MAPPING: mesh=orison_ground_Court_asphalt_P10_N24 valid_basis=true max_uv_excess=0.0 widest=1.0 vertices=4 derivatives=true
CEILING MAPPING: mesh=orison_ground_Court_asphalt_P10_N25 valid_basis=true max_uv_excess=0.0 widest=1.0 vertices=4 derivatives=true
CEILING MAPPING: mesh=orison_ground_Court_asphalt_P10_N26 valid_basis=true max_uv_excess=0.0 widest=1.0 vertices=4 derivatives=true
CEILING MAPPING: mesh=orison_ground_Court_asphalt_P10_N27 valid_basis=true max_uv_excess=0.0 widest=1.0 vertices=8 derivatives=true
CEILING MAPPING: mesh=orison_ground_Court_asphalt_P10_P2 valid_basis=true max_uv_excess=0.0 widest=1.0 vertices=4 derivatives=true
CEILING MAPPING: mesh=orison_ground_Court_asphalt_P10_P3 valid_basis=true max_uv_excess=0.0 widest=1.0 vertices=4 derivatives=true
CEILING MAPPING: mesh=orison_ground_Court_asphalt_P10_P4 valid_basis=true max_uv_excess=0.0 widest=1.0 vertices=4 derivatives=true
CEILING MAPPING: mesh=orison_ground_Court_asphalt_P10_P5 valid_basis=true max_uv_excess=0.0 widest=1.0 vertices=4 derivatives=true
CEILING MAPPING: mesh=orison_ground_Court_asphalt_P10_P6 valid_basis=true max_uv_excess=0.0 widest=1.0 vertices=4 derivatives=true
CEILING MAPPING: mesh=orison_ground_Court_asphalt_P10_P7 valid_basis=true max_uv_excess=0.0 widest=1.0 vertices=4 derivatives=true
CEILING MAPPING: mesh=orison_ground_Court_asphalt_P10_P8 valid_basis=true max_uv_excess=0.0 widest=1.0 vertices=4 derivatives=true
CEILING MAPPING: mesh=orison_ground_Court_asphalt_P10_P9 valid_basis=true max_uv_excess=0.0 widest=1.0 vertices=4 derivatives=true
CEILING MAPPING: mesh=orison_ground_Court_asphalt_P10_P10 valid_basis=true max_uv_excess=0.0 widest=1.0 vertices=4 derivatives=true
CEILING MAPPING: mesh=orison_ground_Court_asphalt_P10_P11 valid_basis=true max_uv_excess=0.0 widest=1.0 vertices=4 derivatives=true
CEILING MAPPING: mesh=orison_ground_Court_asphalt_P10_P12 valid_basis=true max_uv_excess=0.0 widest=1.0 vertices=4 derivatives=true
CEILING MAPPING: mesh=orison_ground_Court_asphalt_P10_P13 valid_basis=true max_uv_excess=0.0 widest=1.0 vertices=4 derivatives=true
CEILING MAPPING: mesh=orison_ground_Court_asphalt_P10_P14 valid_basis=true max_uv_excess=0.0 widest=1.0 vertices=4 derivatives=true
CEILING MAPPING: mesh=orison_ground_Court_asphalt_P10_P15 valid_basis=true max_uv_excess=0.0 widest=1.0 vertices=8 derivatives=true
CEILING MAPPING: mesh=orison_ground_Court_asphalt_P11_N5 valid_basis=true max_uv_excess=0.0 widest=1.0 vertices=4 derivatives=true
CEILING MAPPING: mesh=orison_ground_Court_asphalt_P11_N6 valid_basis=true max_uv_excess=0.0 widest=1.0 vertices=4 derivatives=true
CEILING MAPPING: mesh=orison_ground_Court_asphalt_P11_N7 valid_basis=true max_uv_excess=0.0 widest=1.0 vertices=4 derivatives=true
CEILING MAPPING: mesh=orison_ground_Court_asphalt_P11_N8 valid_basis=true max_uv_excess=0.0 widest=1.0 vertices=8 derivatives=true
CEILING MAPPING: mesh=orison_ground_Court_asphalt_P11_N9 valid_basis=true max_uv_excess=0.0 widest=1.0 vertices=4 derivatives=true
CEILING MAPPING: mesh=orison_ground_Court_asphalt_P11_N10 valid_basis=true max_uv_excess=0.0 widest=1.0 vertices=8 derivatives=true
CEILING MAPPING: mesh=orison_ground_Court_asphalt_P11_N11 valid_basis=true max_uv_excess=0.0 widest=1.0 vertices=8 derivatives=true
CEILING MAPPING: mesh=orison_ground_Court_asphalt_P11_N12 valid_basis=true max_uv_excess=0.0 widest=1.0 vertices=4 derivatives=true
CEILING MAPPING: mesh=orison_ground_Court_asphalt_P11_N13 valid_basis=true max_uv_excess=0.0 widest=1.0 vertices=4 derivatives=true
CEILING MAPPING: mesh=orison_ground_Court_asphalt_P11_N14 valid_basis=true max_uv_excess=0.0 widest=1.0 vertices=4 derivatives=true
CEILING MAPPING: mesh=orison_ground_Court_asphalt_P11_N15 valid_basis=true max_uv_excess=0.0 widest=1.0 vertices=4 derivatives=true
CEILING MAPPING: mesh=orison_ground_Court_asphalt_P11_N16 valid_basis=true max_uv_excess=0.0 widest=1.0 vertices=4 derivatives=true
CEILING MAPPING: mesh=orison_ground_Court_asphalt_P11_N17 valid_basis=true max_uv_excess=0.0 widest=1.0 vertices=4 derivatives=true
CEILING MAPPING: mesh=orison_ground_Court_asphalt_P11_N18 valid_basis=true max_uv_excess=0.0 widest=1.0 vertices=4 derivatives=true
CEILING MAPPING: mesh=orison_ground_Court_asphalt_P11_N19 valid_basis=true max_uv_excess=0.0 widest=1.0 vertices=4 derivatives=true
CEILING MAPPING: mesh=orison_ground_Court_asphalt_P11_N20 valid_basis=true max_uv_excess=0.0 widest=1.0 vertices=4 derivatives=true
CEILING MAPPING: mesh=orison_ground_Court_asphalt_P11_N21 valid_basis=true max_uv_excess=0.0 widest=1.0 vertices=4 derivatives=true
CEILING MAPPING: mesh=orison_ground_Court_asphalt_P11_N22 valid_basis=true max_uv_excess=0.0 widest=1.0 vertices=4 derivatives=true
CEILING MAPPING: mesh=orison_ground_Court_asphalt_P11_N23 valid_basis=true max_uv_excess=0.0 widest=1.0 vertices=4 derivatives=true
CEILING MAPPING: mesh=orison_ground_Court_asphalt_P11_N24 valid_basis=true max_uv_excess=0.0 widest=1.0 vertices=4 derivatives=true
CEILING MAPPING: mesh=orison_ground_Court_asphalt_P11_N25 valid_basis=true max_uv_excess=0.0 widest=1.0 vertices=4 derivatives=true
CEILING MAPPING: mesh=orison_ground_Court_asphalt_P11_N26 valid_basis=true max_uv_excess=0.0 widest=1.0 vertices=4 derivatives=true
CEILING MAPPING: mesh=orison_ground_Court_asphalt_P11_N27 valid_basis=true max_uv_excess=0.0 widest=1.0 vertices=8 derivatives=true
CEILING MAPPING: mesh=orison_ground_Court_asphalt_P11_P2 valid_basis=true max_uv_excess=0.0 widest=1.0 vertices=4 derivatives=true
CEILING MAPPING: mesh=orison_ground_Court_asphalt_P11_P3 valid_basis=true max_uv_excess=0.0 widest=1.0 vertices=4 derivatives=true
CEILING MAPPING: mesh=orison_ground_Court_asphalt_P11_P4 valid_basis=true max_uv_excess=0.0 widest=1.0 vertices=4 derivatives=true
CEILING MAPPING: mesh=orison_ground_Court_asphalt_P11_P5 valid_basis=true max_uv_excess=0.0 widest=1.0 vertices=4 derivatives=true
CEILING MAPPING: mesh=orison_ground_Court_asphalt_P11_P6 valid_basis=true max_uv_excess=0.0 widest=1.0 vertices=4 derivatives=true
CEILING MAPPING: mesh=orison_ground_Court_asphalt_P11_P7 valid_basis=true max_uv_excess=0.0 widest=1.0 vertices=4 derivatives=true
CEILING MAPPING: mesh=orison_ground_Court_asphalt_P11_P8 valid_basis=true max_uv_excess=0.0 widest=1.0 vertices=4 derivatives=true
CEILING MAPPING: mesh=orison_ground_Court_asphalt_P11_P9 valid_basis=true max_uv_excess=0.0 widest=1.0 vertices=4 derivatives=true
CEILING MAPPING: mesh=orison_ground_Court_asphalt_P11_P10 valid_basis=true max_uv_excess=0.0 widest=1.0 vertices=4 derivatives=true
CEILING MAPPING: mesh=orison_ground_Court_asphalt_P11_P11 valid_basis=true max_uv_excess=0.0 widest=1.0 vertices=4 derivatives=true
CEILING MAPPING: mesh=orison_ground_Court_asphalt_P11_P12 valid_basis=true max_uv_excess=0.0 widest=1.0 vertices=4 derivatives=true
CEILING MAPPING: mesh=orison_ground_Court_asphalt_P11_P13 valid_basis=true max_uv_excess=0.0 widest=1.0 vertices=4 derivatives=true
CEILING MAPPING: mesh=orison_ground_Court_asphalt_P11_P14 valid_basis=true max_uv_excess=0.0 widest=1.0 vertices=4 derivatives=true
CEILING MAPPING: mesh=orison_ground_Court_asphalt_P11_P15 valid_basis=true max_uv_excess=0.0 widest=1.0 vertices=8 derivatives=true
CEILING MAPPING: mesh=orison_ground_Court_asphalt_P12_N1 valid_basis=true max_uv_excess=0.0 widest=1.0 vertices=4 derivatives=true
CEILING MAPPING: mesh=orison_ground_Court_asphalt_P12_N2 valid_basis=true max_uv_excess=0.0 widest=1.0 vertices=4 derivatives=true
CEILING MAPPING: mesh=orison_ground_Court_asphalt_P12_N3 valid_basis=true max_uv_excess=0.0 widest=1.0 vertices=4 derivatives=true
CEILING MAPPING: mesh=orison_ground_Court_asphalt_P12_N4 valid_basis=true max_uv_excess=0.0 widest=1.0 vertices=4 derivatives=true
CEILING MAPPING: mesh=orison_ground_Court_asphalt_P12_N5 valid_basis=true max_uv_excess=0.0 widest=1.0 vertices=8 derivatives=true
CEILING MAPPING: mesh=orison_ground_Court_asphalt_P12_N6 valid_basis=true max_uv_excess=0.0 widest=1.0 vertices=4 derivatives=true
CEILING MAPPING: mesh=orison_ground_Court_asphalt_P12_N7 valid_basis=true max_uv_excess=0.0 widest=1.0 vertices=4 derivatives=true
CEILING MAPPING: mesh=orison_ground_Court_asphalt_P12_N8 valid_basis=true max_uv_excess=0.0 widest=1.0 vertices=4 derivatives=true
CEILING MAPPING: mesh=orison_ground_Court_asphalt_P12_N11 valid_basis=true max_uv_excess=0.0 widest=1.0 vertices=4 derivatives=true
CEILING MAPPING: mesh=orison_ground_Court_asphalt_P12_N12 valid_basis=true max_uv_excess=0.0 widest=1.0 vertices=4 derivatives=true
CEILING MAPPING: mesh=orison_ground_Court_asphalt_P12_N13 valid_basis=true max_uv_excess=0.0 widest=1.0 vertices=4 derivatives=true
CEILING MAPPING: mesh=orison_ground_Court_asphalt_P12_N14 valid_basis=true max_uv_excess=0.0 widest=1.0 vertices=4 derivatives=true
CEILING MAPPING: mesh=orison_ground_Court_asphalt_P12_N15 valid_basis=true max_uv_excess=0.0 widest=1.0 vertices=4 derivatives=true
CEILING MAPPING: mesh=orison_ground_Court_asphalt_P12_N16 valid_basis=true max_uv_excess=0.0 widest=1.0 vertices=4 derivatives=true
CEILING MAPPING: mesh=orison_ground_Court_asphalt_P12_N17 valid_basis=true max_uv_excess=0.0 widest=1.0 vertices=4 derivatives=true
CEILING MAPPING: mesh=orison_ground_Court_asphalt_P12_N18 valid_basis=true max_uv_excess=0.0 widest=1.0 vertices=4 derivatives=true
CEILING MAPPING: mesh=orison_ground_Court_asphalt_P12_N19 valid_basis=true max_uv_excess=0.0 widest=1.0 vertices=4 derivatives=true
CEILING MAPPING: mesh=orison_ground_Court_asphalt_P12_N20 valid_basis=true max_uv_excess=0.0 widest=1.0 vertices=4 derivatives=true
CEILING MAPPING: mesh=orison_ground_Court_asphalt_P12_N21 valid_basis=true max_uv_excess=0.0 widest=1.0 vertices=4 derivatives=true
CEILING MAPPING: mesh=orison_ground_Court_asphalt_P12_N22 valid_basis=true max_uv_excess=0.0 widest=1.0 vertices=4 derivatives=true
CEILING MAPPING: mesh=orison_ground_Court_asphalt_P12_N23 valid_basis=true max_uv_excess=0.0 widest=1.0 vertices=4 derivatives=true
CEILING MAPPING: mesh=orison_ground_Court_asphalt_P12_N24 valid_basis=true max_uv_excess=0.0 widest=1.0 vertices=4 derivatives=true
CEILING MAPPING: mesh=orison_ground_Court_asphalt_P12_N25 valid_basis=true max_uv_excess=0.0 widest=1.0 vertices=4 derivatives=true
CEILING MAPPING: mesh=orison_ground_Court_asphalt_P12_N26 valid_basis=true max_uv_excess=0.0 widest=1.0 vertices=4 derivatives=true
CEILING MAPPING: mesh=orison_ground_Court_asphalt_P12_N27 valid_basis=true max_uv_excess=0.0 widest=1.0 vertices=8 derivatives=true
CEILING MAPPING: mesh=orison_ground_Court_asphalt_P12_P0 valid_basis=true max_uv_excess=0.0 widest=1.0 vertices=4 derivatives=true
CEILING MAPPING: mesh=orison_ground_Court_asphalt_P12_P1 valid_basis=true max_uv_excess=0.0 widest=1.0 vertices=4 derivatives=true
CEILING MAPPING: mesh=orison_ground_Court_asphalt_P12_P2 valid_basis=true max_uv_excess=0.0 widest=1.0 vertices=12 derivatives=true
CEILING MAPPING: mesh=orison_ground_Court_asphalt_P12_P3 valid_basis=true max_uv_excess=0.0 widest=1.0 vertices=4 derivatives=true
CEILING MAPPING: mesh=orison_ground_Court_asphalt_P12_P4 valid_basis=true max_uv_excess=0.0 widest=1.0 vertices=4 derivatives=true
CEILING MAPPING: mesh=orison_ground_Court_asphalt_P12_P5 valid_basis=true max_uv_excess=0.0 widest=1.0 vertices=4 derivatives=true
CEILING MAPPING: mesh=orison_ground_Court_asphalt_P12_P6 valid_basis=true max_uv_excess=0.0 widest=1.0 vertices=4 derivatives=true
CEILING MAPPING: mesh=orison_ground_Court_asphalt_P12_P7 valid_basis=true max_uv_excess=0.0 widest=1.0 vertices=4 derivatives=true
CEILING MAPPING: mesh=orison_ground_Court_asphalt_P12_P8 valid_basis=true max_uv_excess=0.0 widest=1.0 vertices=4 derivatives=true
CEILING MAPPING: mesh=orison_ground_Court_asphalt_P12_P9 valid_basis=true max_uv_excess=0.0 widest=1.0 vertices=4 derivatives=true
CEILING MAPPING: mesh=orison_ground_Court_asphalt_P12_P10 valid_basis=true max_uv_excess=0.0 widest=1.0 vertices=4 derivatives=true
CEILING MAPPING: mesh=orison_ground_Court_asphalt_P12_P11 valid_basis=true max_uv_excess=0.0 widest=1.0 vertices=4 derivatives=true
CEILING MAPPING: mesh=orison_ground_Court_asphalt_P12_P12 valid_basis=true max_uv_excess=0.0 widest=1.0 vertices=4 derivatives=true
CEILING MAPPING: mesh=orison_ground_Court_asphalt_P12_P13 valid_basis=true max_uv_excess=0.0 widest=1.0 vertices=4 derivatives=true
CEILING MAPPING: mesh=orison_ground_Court_asphalt_P12_P14 valid_basis=true max_uv_excess=0.0 widest=1.0 vertices=4 derivatives=true
CEILING MAPPING: mesh=orison_ground_Court_asphalt_P12_P15 valid_basis=true max_uv_excess=0.0 widest=1.0 vertices=8 derivatives=true
CEILING MAPPING: mesh=orison_ground_Court_asphalt_P13_N5 valid_basis=true max_uv_excess=0.0 widest=1.0 vertices=4 derivatives=true
CEILING MAPPING: mesh=orison_ground_Court_asphalt_P13_N6 valid_basis=true max_uv_excess=0.0 widest=1.0 vertices=4 derivatives=true
CEILING MAPPING: mesh=orison_ground_Court_asphalt_P13_N7 valid_basis=true max_uv_excess=0.0 widest=1.0 vertices=4 derivatives=true
CEILING MAPPING: mesh=orison_ground_Court_asphalt_P13_N8 valid_basis=true max_uv_excess=0.0 widest=1.0 vertices=4 derivatives=true
CEILING MAPPING: mesh=orison_ground_Court_asphalt_P13_N11 valid_basis=true max_uv_excess=0.0 widest=1.0 vertices=4 derivatives=true
CEILING MAPPING: mesh=orison_ground_Court_asphalt_P13_N12 valid_basis=true max_uv_excess=0.0 widest=1.0 vertices=4 derivatives=true
CEILING MAPPING: mesh=orison_ground_Court_asphalt_P13_N13 valid_basis=true max_uv_excess=0.0 widest=1.0 vertices=4 derivatives=true
CEILING MAPPING: mesh=orison_ground_Court_asphalt_P13_N14 valid_basis=true max_uv_excess=0.0 widest=1.0 vertices=4 derivatives=true
CEILING MAPPING: mesh=orison_ground_Court_asphalt_P13_N15 valid_basis=true max_uv_excess=0.0 widest=1.0 vertices=4 derivatives=true
CEILING MAPPING: mesh=orison_ground_Court_asphalt_P13_N16 valid_basis=true max_uv_excess=0.0 widest=1.0 vertices=4 derivatives=true
CEILING MAPPING: mesh=orison_ground_Court_asphalt_P13_N17 valid_basis=true max_uv_excess=0.0 widest=1.0 vertices=4 derivatives=true
CEILING MAPPING: mesh=orison_ground_Court_asphalt_P13_N18 valid_basis=true max_uv_excess=0.0 widest=1.0 vertices=4 derivatives=true
CEILING MAPPING: mesh=orison_ground_Court_asphalt_P13_N19 valid_basis=true max_uv_excess=0.0 widest=1.0 vertices=4 derivatives=true
CEILING MAPPING: mesh=orison_ground_Court_asphalt_P13_N20 valid_basis=true max_uv_excess=0.0 widest=1.0 vertices=4 derivatives=true
CEILING MAPPING: mesh=orison_ground_Court_asphalt_P13_N21 valid_basis=true max_uv_excess=0.0 widest=1.0 vertices=4 derivatives=true
CEILING MAPPING: mesh=orison_ground_Court_asphalt_P13_N22 valid_basis=true max_uv_excess=0.0 widest=1.0 vertices=4 derivatives=true
CEILING MAPPING: mesh=orison_ground_Court_asphalt_P13_N23 valid_basis=true max_uv_excess=0.0 widest=1.0 vertices=4 derivatives=true
CEILING MAPPING: mesh=orison_ground_Court_asphalt_P13_N24 valid_basis=true max_uv_excess=0.0 widest=1.0 vertices=4 derivatives=true
CEILING MAPPING: mesh=orison_ground_Court_asphalt_P13_N25 valid_basis=true max_uv_excess=0.0 widest=1.0 vertices=4 derivatives=true
CEILING MAPPING: mesh=orison_ground_Court_asphalt_P13_N26 valid_basis=true max_uv_excess=0.0 widest=1.0 vertices=4 derivatives=true
CEILING MAPPING: mesh=orison_ground_Court_asphalt_P13_N27 valid_basis=true max_uv_excess=0.0 widest=1.0 vertices=8 derivatives=true
CEILING MAPPING: mesh=orison_ground_Court_asphalt_P13_P2 valid_basis=true max_uv_excess=0.0 widest=1.0 vertices=4 derivatives=true
CEILING MAPPING: mesh=orison_ground_Court_asphalt_P13_P3 valid_basis=true max_uv_excess=0.0 widest=1.0 vertices=4 derivatives=true
CEILING MAPPING: mesh=orison_ground_Court_asphalt_P13_P4 valid_basis=true max_uv_excess=0.0 widest=1.0 vertices=4 derivatives=true
CEILING MAPPING: mesh=orison_ground_Court_asphalt_P13_P5 valid_basis=true max_uv_excess=0.0 widest=1.0 vertices=4 derivatives=true
CEILING MAPPING: mesh=orison_ground_Court_asphalt_P13_P6 valid_basis=true max_uv_excess=0.0 widest=1.0 vertices=4 derivatives=true
CEILING MAPPING: mesh=orison_ground_Court_asphalt_P13_P7 valid_basis=true max_uv_excess=0.0 widest=1.0 vertices=4 derivatives=true
CEILING MAPPING: mesh=orison_ground_Court_asphalt_P13_P8 valid_basis=true max_uv_excess=0.0 widest=1.0 vertices=4 derivatives=true
CEILING MAPPING: mesh=orison_ground_Court_asphalt_P13_P9 valid_basis=true max_uv_excess=0.0 widest=1.0 vertices=4 derivatives=true
CEILING MAPPING: mesh=orison_ground_Court_asphalt_P13_P10 valid_basis=true max_uv_excess=0.0 widest=1.0 vertices=4 derivatives=true
CEILING MAPPING: mesh=orison_ground_Court_asphalt_P13_P11 valid_basis=true max_uv_excess=0.0 widest=1.0 vertices=4 derivatives=true
CEILING MAPPING: mesh=orison_ground_Court_asphalt_P13_P12 valid_basis=true max_uv_excess=0.0 widest=1.0 vertices=4 derivatives=true
CEILING MAPPING: mesh=orison_ground_Court_asphalt_P13_P13 valid_basis=true max_uv_excess=0.0 widest=1.0 vertices=4 derivatives=true
CEILING MAPPING: mesh=orison_ground_Court_asphalt_P13_P14 valid_basis=true max_uv_excess=0.0 widest=1.0 vertices=4 derivatives=true
CEILING MAPPING: mesh=orison_ground_Court_asphalt_P13_P15 valid_basis=true max_uv_excess=0.0 widest=1.0 vertices=8 derivatives=true
CEILING MAPPING: mesh=orison_ground_Court_asphalt_P14_N5 valid_basis=true max_uv_excess=0.0 widest=1.0 vertices=4 derivatives=true
CEILING MAPPING: mesh=orison_ground_Court_asphalt_P14_N6 valid_basis=true max_uv_excess=0.0 widest=1.0 vertices=4 derivatives=true
CEILING MAPPING: mesh=orison_ground_Court_asphalt_P14_N7 valid_basis=true max_uv_excess=0.0 widest=1.0 vertices=4 derivatives=true
CEILING MAPPING: mesh=orison_ground_Court_asphalt_P14_N8 valid_basis=true max_uv_excess=0.0 widest=1.0 vertices=8 derivatives=true
CEILING MAPPING: mesh=orison_ground_Court_asphalt_P14_N9 valid_basis=true max_uv_excess=0.0 widest=1.0 vertices=4 derivatives=true
CEILING MAPPING: mesh=orison_ground_Court_asphalt_P14_N10 valid_basis=true max_uv_excess=0.0 widest=1.0 vertices=8 derivatives=true
CEILING MAPPING: mesh=orison_ground_Court_asphalt_P14_N11 valid_basis=true max_uv_excess=0.0 widest=1.0 vertices=8 derivatives=true
CEILING MAPPING: mesh=orison_ground_Court_asphalt_P14_N12 valid_basis=true max_uv_excess=0.0 widest=1.0 vertices=4 derivatives=true
CEILING MAPPING: mesh=orison_ground_Court_asphalt_P14_N13 valid_basis=true max_uv_excess=0.0 widest=1.0 vertices=4 derivatives=true
CEILING MAPPING: mesh=orison_ground_Court_asphalt_P14_N14 valid_basis=true max_uv_excess=0.0 widest=1.0 vertices=4 derivatives=true
CEILING MAPPING: mesh=orison_ground_Court_asphalt_P14_N15 valid_basis=true max_uv_excess=0.0 widest=1.0 vertices=4 derivatives=true
CEILING MAPPING: mesh=orison_ground_Court_asphalt_P14_N16 valid_basis=true max_uv_excess=0.0 widest=1.0 vertices=8 derivatives=true
CEILING MAPPING: mesh=orison_ground_Court_asphalt_P14_N17 valid_basis=true max_uv_excess=0.0 widest=1.0 vertices=4 derivatives=true
CEILING MAPPING: mesh=orison_ground_Court_asphalt_P14_N18 valid_basis=true max_uv_excess=0.0 widest=1.0 vertices=4 derivatives=true
CEILING MAPPING: mesh=orison_ground_Court_asphalt_P14_N19 valid_basis=true max_uv_excess=0.0 widest=1.0 vertices=4 derivatives=true
CEILING MAPPING: mesh=orison_ground_Court_asphalt_P14_N20 valid_basis=true max_uv_excess=0.0 widest=1.0 vertices=4 derivatives=true
CEILING MAPPING: mesh=orison_ground_Court_asphalt_P14_N21 valid_basis=true max_uv_excess=0.0 widest=1.0 vertices=4 derivatives=true
CEILING MAPPING: mesh=orison_ground_Court_asphalt_P14_N22 valid_basis=true max_uv_excess=0.0 widest=1.0 vertices=4 derivatives=true
CEILING MAPPING: mesh=orison_ground_Court_asphalt_P14_N23 valid_basis=true max_uv_excess=0.0 widest=1.0 vertices=4 derivatives=true
CEILING MAPPING: mesh=orison_ground_Court_asphalt_P14_N24 valid_basis=true max_uv_excess=0.0 widest=1.0 vertices=4 derivatives=true
CEILING MAPPING: mesh=orison_ground_Court_asphalt_P14_N25 valid_basis=true max_uv_excess=0.0 widest=1.0 vertices=4 derivatives=true
CEILING MAPPING: mesh=orison_ground_Court_asphalt_P14_N26 valid_basis=true max_uv_excess=0.0 widest=1.0 vertices=4 derivatives=true
CEILING MAPPING: mesh=orison_ground_Court_asphalt_P14_N27 valid_basis=true max_uv_excess=0.0 widest=1.0 vertices=8 derivatives=true
CEILING MAPPING: mesh=orison_ground_Court_asphalt_P14_P2 valid_basis=true max_uv_excess=0.0 widest=1.0 vertices=4 derivatives=true
CEILING MAPPING: mesh=orison_ground_Court_asphalt_P14_P3 valid_basis=true max_uv_excess=0.0 widest=1.0 vertices=4 derivatives=true
CEILING MAPPING: mesh=orison_ground_Court_asphalt_P14_P4 valid_basis=true max_uv_excess=0.0 widest=1.0 vertices=4 derivatives=true
CEILING MAPPING: mesh=orison_ground_Court_asphalt_P14_P5 valid_basis=true max_uv_excess=0.0 widest=1.0 vertices=4 derivatives=true
CEILING MAPPING: mesh=orison_ground_Court_asphalt_P14_P6 valid_basis=true max_uv_excess=0.0 widest=1.0 vertices=4 derivatives=true
CEILING MAPPING: mesh=orison_ground_Court_asphalt_P14_P7 valid_basis=true max_uv_excess=0.0 widest=1.0 vertices=4 derivatives=true
CEILING MAPPING: mesh=orison_ground_Court_asphalt_P14_P8 valid_basis=true max_uv_excess=0.0 widest=1.0 vertices=4 derivatives=true
CEILING MAPPING: mesh=orison_ground_Court_asphalt_P14_P9 valid_basis=true max_uv_excess=0.0 widest=1.0 vertices=4 derivatives=true
CEILING MAPPING: mesh=orison_ground_Court_asphalt_P14_P10 valid_basis=true max_uv_excess=0.0 widest=1.0 vertices=4 derivatives=true
CEILING MAPPING: mesh=orison_ground_Court_asphalt_P14_P11 valid_basis=true max_uv_excess=0.0 widest=1.0 vertices=4 derivatives=true
CEILING MAPPING: mesh=orison_ground_Court_asphalt_P14_P12 valid_basis=true max_uv_excess=0.0 widest=1.0 vertices=4 derivatives=true
CEILING MAPPING: mesh=orison_ground_Court_asphalt_P14_P13 valid_basis=true max_uv_excess=0.0 widest=1.0 vertices=4 derivatives=true
CEILING MAPPING: mesh=orison_ground_Court_asphalt_P14_P14 valid_basis=true max_uv_excess=0.0 widest=1.0 vertices=4 derivatives=true
CEILING MAPPING: mesh=orison_ground_Court_asphalt_P14_P15 valid_basis=true max_uv_excess=0.0 widest=1.0 vertices=8 derivatives=true
CEILING MAPPING: mesh=orison_ground_Court_asphalt_P15_N1 valid_basis=true max_uv_excess=0.0 widest=1.0 vertices=4 derivatives=true
CEILING MAPPING: mesh=orison_ground_Court_asphalt_P15_N2 valid_basis=true max_uv_excess=0.0 widest=1.0 vertices=4 derivatives=true
CEILING MAPPING: mesh=orison_ground_Court_asphalt_P15_N3 valid_basis=true max_uv_excess=0.0 widest=1.0 vertices=4 derivatives=true
CEILING MAPPING: mesh=orison_ground_Court_asphalt_P15_N4 valid_basis=true max_uv_excess=0.0 widest=1.0 vertices=4 derivatives=true
CEILING MAPPING: mesh=orison_ground_Court_asphalt_P15_N5 valid_basis=true max_uv_excess=0.0 widest=1.0 vertices=8 derivatives=true
CEILING MAPPING: mesh=orison_ground_Court_asphalt_P15_N6 valid_basis=true max_uv_excess=0.0 widest=1.0 vertices=4 derivatives=true
CEILING MAPPING: mesh=orison_ground_Court_asphalt_P15_N7 valid_basis=true max_uv_excess=0.0 widest=1.0 vertices=4 derivatives=true
CEILING MAPPING: mesh=orison_ground_Court_asphalt_P15_N8 valid_basis=true max_uv_excess=0.0 widest=1.0 vertices=4 derivatives=true
CEILING MAPPING: mesh=orison_ground_Court_asphalt_P15_N9 valid_basis=true max_uv_excess=0.0 widest=1.0 vertices=4 derivatives=true
CEILING MAPPING: mesh=orison_ground_Court_asphalt_P15_N10 valid_basis=true max_uv_excess=0.0 widest=1.0 vertices=4 derivatives=true
CEILING MAPPING: mesh=orison_ground_Court_asphalt_P15_N16 valid_basis=true max_uv_excess=0.0 widest=1.0 vertices=4 derivatives=true
CEILING MAPPING: mesh=orison_ground_Court_asphalt_P15_N17 valid_basis=true max_uv_excess=0.0 widest=1.0 vertices=4 derivatives=true
CEILING MAPPING: mesh=orison_ground_Court_asphalt_P15_N18 valid_basis=true max_uv_excess=0.0 widest=1.0 vertices=4 derivatives=true
CEILING MAPPING: mesh=orison_ground_Court_asphalt_P15_N19 valid_basis=true max_uv_excess=0.0 widest=1.0 vertices=4 derivatives=true
CEILING MAPPING: mesh=orison_ground_Court_asphalt_P15_N20 valid_basis=true max_uv_excess=0.0 widest=1.0 vertices=4 derivatives=true
CEILING MAPPING: mesh=orison_ground_Court_asphalt_P15_N21 valid_basis=true max_uv_excess=0.0 widest=1.0 vertices=4 derivatives=true
CEILING MAPPING: mesh=orison_ground_Court_asphalt_P15_N22 valid_basis=true max_uv_excess=0.0 widest=1.0 vertices=4 derivatives=true
CEILING MAPPING: mesh=orison_ground_Court_asphalt_P15_N23 valid_basis=true max_uv_excess=0.0 widest=1.0 vertices=4 derivatives=true
CEILING MAPPING: mesh=orison_ground_Court_asphalt_P15_N24 valid_basis=true max_uv_excess=0.0 widest=1.0 vertices=4 derivatives=true
CEILING MAPPING: mesh=orison_ground_Court_asphalt_P15_N25 valid_basis=true max_uv_excess=0.0 widest=1.0 vertices=4 derivatives=true
CEILING MAPPING: mesh=orison_ground_Court_asphalt_P15_N26 valid_basis=true max_uv_excess=0.0 widest=1.0 vertices=4 derivatives=true
CEILING MAPPING: mesh=orison_ground_Court_asphalt_P15_N27 valid_basis=true max_uv_excess=0.0 widest=1.0 vertices=8 derivatives=true
CEILING MAPPING: mesh=orison_ground_Court_asphalt_P15_P0 valid_basis=true max_uv_excess=0.0 widest=1.0 vertices=4 derivatives=true
CEILING MAPPING: mesh=orison_ground_Court_asphalt_P15_P1 valid_basis=true max_uv_excess=0.0 widest=1.0 vertices=4 derivatives=true
CEILING MAPPING: mesh=orison_ground_Court_asphalt_P15_P2 valid_basis=true max_uv_excess=0.0 widest=1.0 vertices=8 derivatives=true
CEILING MAPPING: mesh=orison_ground_Court_asphalt_P15_P3 valid_basis=true max_uv_excess=0.0 widest=1.0 vertices=4 derivatives=true
CEILING MAPPING: mesh=orison_ground_Court_asphalt_P15_P4 valid_basis=true max_uv_excess=0.0 widest=1.0 vertices=4 derivatives=true
CEILING MAPPING: mesh=orison_ground_Court_asphalt_P15_P5 valid_basis=true max_uv_excess=0.0 widest=1.0 vertices=4 derivatives=true
CEILING MAPPING: mesh=orison_ground_Court_asphalt_P15_P6 valid_basis=true max_uv_excess=0.0 widest=1.0 vertices=4 derivatives=true
CEILING MAPPING: mesh=orison_ground_Court_asphalt_P15_P7 valid_basis=true max_uv_excess=0.0 widest=1.0 vertices=4 derivatives=true
CEILING MAPPING: mesh=orison_ground_Court_asphalt_P15_P8 valid_basis=true max_uv_excess=0.0 widest=1.0 vertices=4 derivatives=true
CEILING MAPPING: mesh=orison_ground_Court_asphalt_P15_P9 valid_basis=true max_uv_excess=0.0 widest=1.0 vertices=4 derivatives=true
CEILING MAPPING: mesh=orison_ground_Court_asphalt_P15_P10 valid_basis=true max_uv_excess=0.0 widest=1.0 vertices=4 derivatives=true
CEILING MAPPING: mesh=orison_ground_Court_asphalt_P15_P11 valid_basis=true max_uv_excess=0.0 widest=1.0 vertices=4 derivatives=true
CEILING MAPPING: mesh=orison_ground_Court_asphalt_P15_P12 valid_basis=true max_uv_excess=0.0 widest=1.0 vertices=4 derivatives=true
CEILING MAPPING: mesh=orison_ground_Court_asphalt_P15_P13 valid_basis=true max_uv_excess=0.0 widest=1.0 vertices=4 derivatives=true
CEILING MAPPING: mesh=orison_ground_Court_asphalt_P15_P14 valid_basis=true max_uv_excess=0.0 widest=1.0 vertices=4 derivatives=true
CEILING MAPPING: mesh=orison_ground_Court_asphalt_P15_P15 valid_basis=true max_uv_excess=0.0 widest=1.0 vertices=8 derivatives=true
CEILING MAPPING: mesh=orison_ground_Court_asphalt_P16_N1 valid_basis=true max_uv_excess=0.0 widest=1.0 vertices=4 derivatives=true
CEILING MAPPING: mesh=orison_ground_Court_asphalt_P16_N2 valid_basis=true max_uv_excess=0.0 widest=1.0 vertices=4 derivatives=true
CEILING MAPPING: mesh=orison_ground_Court_asphalt_P16_N3 valid_basis=true max_uv_excess=0.0 widest=1.0 vertices=4 derivatives=true
CEILING MAPPING: mesh=orison_ground_Court_asphalt_P16_N4 valid_basis=true max_uv_excess=0.0 widest=1.0 vertices=4 derivatives=true
CEILING MAPPING: mesh=orison_ground_Court_asphalt_P16_N5 valid_basis=true max_uv_excess=0.0 widest=1.0 vertices=4 derivatives=true
CEILING MAPPING: mesh=orison_ground_Court_asphalt_P16_N6 valid_basis=true max_uv_excess=0.0 widest=1.0 vertices=4 derivatives=true
CEILING MAPPING: mesh=orison_ground_Court_asphalt_P16_N7 valid_basis=true max_uv_excess=0.0 widest=1.0 vertices=4 derivatives=true
CEILING MAPPING: mesh=orison_ground_Court_asphalt_P16_N8 valid_basis=true max_uv_excess=0.0 widest=1.0 vertices=4 derivatives=true
CEILING MAPPING: mesh=orison_ground_Court_asphalt_P16_N9 valid_basis=true max_uv_excess=0.0 widest=1.0 vertices=4 derivatives=true
CEILING MAPPING: mesh=orison_ground_Court_asphalt_P16_N10 valid_basis=true max_uv_excess=0.0 widest=1.0 vertices=4 derivatives=true
CEILING MAPPING: mesh=orison_ground_Court_asphalt_P16_N16 valid_basis=true max_uv_excess=0.0 widest=1.0 vertices=4 derivatives=true
CEILING MAPPING: mesh=orison_ground_Court_asphalt_P16_N17 valid_basis=true max_uv_excess=0.0 widest=1.0 vertices=4 derivatives=true
CEILING MAPPING: mesh=orison_ground_Court_asphalt_P16_N18 valid_basis=true max_uv_excess=0.0 widest=1.0 vertices=4 derivatives=true
CEILING MAPPING: mesh=orison_ground_Court_asphalt_P16_N19 valid_basis=true max_uv_excess=0.0 widest=1.0 vertices=4 derivatives=true
CEILING MAPPING: mesh=orison_ground_Court_asphalt_P16_N20 valid_basis=true max_uv_excess=0.0 widest=1.0 vertices=4 derivatives=true
CEILING MAPPING: mesh=orison_ground_Court_asphalt_P16_N21 valid_basis=true max_uv_excess=0.0 widest=1.0 vertices=4 derivatives=true
CEILING MAPPING: mesh=orison_ground_Court_asphalt_P16_N22 valid_basis=true max_uv_excess=0.0 widest=1.0 vertices=4 derivatives=true
CEILING MAPPING: mesh=orison_ground_Court_asphalt_P16_N23 valid_basis=true max_uv_excess=0.0 widest=1.0 vertices=4 derivatives=true
CEILING MAPPING: mesh=orison_ground_Court_asphalt_P16_N24 valid_basis=true max_uv_excess=0.0 widest=1.0 vertices=4 derivatives=true
CEILING MAPPING: mesh=orison_ground_Court_asphalt_P16_N25 valid_basis=true max_uv_excess=0.0 widest=1.0 vertices=4 derivatives=true
CEILING MAPPING: mesh=orison_ground_Court_asphalt_P16_N26 valid_basis=true max_uv_excess=0.0 widest=1.0 vertices=4 derivatives=true
CEILING MAPPING: mesh=orison_ground_Court_asphalt_P16_N27 valid_basis=true max_uv_excess=0.0 widest=1.0 vertices=8 derivatives=true
CEILING MAPPING: mesh=orison_ground_Court_asphalt_P16_P0 valid_basis=true max_uv_excess=0.0 widest=1.0 vertices=4 derivatives=true
CEILING MAPPING: mesh=orison_ground_Court_asphalt_P16_P1 valid_basis=true max_uv_excess=0.0 widest=1.0 vertices=4 derivatives=true
CEILING MAPPING: mesh=orison_ground_Court_asphalt_P16_P2 valid_basis=true max_uv_excess=0.0 widest=1.0 vertices=4 derivatives=true
CEILING MAPPING: mesh=orison_ground_Court_asphalt_P16_P3 valid_basis=true max_uv_excess=0.0 widest=1.0 vertices=4 derivatives=true
CEILING MAPPING: mesh=orison_ground_Court_asphalt_P16_P4 valid_basis=true max_uv_excess=0.0 widest=1.0 vertices=4 derivatives=true
CEILING MAPPING: mesh=orison_ground_Court_asphalt_P16_P5 valid_basis=true max_uv_excess=0.0 widest=1.0 vertices=4 derivatives=true
CEILING MAPPING: mesh=orison_ground_Court_asphalt_P16_P6 valid_basis=true max_uv_excess=0.0 widest=1.0 vertices=4 derivatives=true
CEILING MAPPING: mesh=orison_ground_Court_asphalt_P16_P7 valid_basis=true max_uv_excess=0.0 widest=1.0 vertices=8 derivatives=true
CEILING MAPPING: mesh=orison_ground_Court_asphalt_P16_P8 valid_basis=true max_uv_excess=0.0 widest=1.0 vertices=4 derivatives=true
CEILING MAPPING: mesh=orison_ground_Court_asphalt_P16_P9 valid_basis=true max_uv_excess=0.0 widest=1.0 vertices=4 derivatives=true
CEILING MAPPING: mesh=orison_ground_Court_asphalt_P16_P10 valid_basis=true max_uv_excess=0.0 widest=1.0 vertices=4 derivatives=true
CEILING MAPPING: mesh=orison_ground_Court_asphalt_P16_P11 valid_basis=true max_uv_excess=0.0 widest=1.0 vertices=4 derivatives=true
CEILING MAPPING: mesh=orison_ground_Court_asphalt_P16_P12 valid_basis=true max_uv_excess=0.0 widest=1.0 vertices=4 derivatives=true
CEILING MAPPING: mesh=orison_ground_Court_asphalt_P16_P13 valid_basis=true max_uv_excess=0.0 widest=1.0 vertices=4 derivatives=true
CEILING MAPPING: mesh=orison_ground_Court_asphalt_P16_P14 valid_basis=true max_uv_excess=0.0 widest=1.0 vertices=8 derivatives=true
CEILING MAPPING: mesh=orison_ground_Court_asphalt_P16_P15 valid_basis=true max_uv_excess=0.0 widest=1.0 vertices=8 derivatives=true
CEILING MAPPING: mesh=orison_ground_Court_asphalt_P17_N1 valid_basis=true max_uv_excess=0.0 widest=1.0 vertices=4 derivatives=true
CEILING MAPPING: mesh=orison_ground_Court_asphalt_P17_N2 valid_basis=true max_uv_excess=0.0 widest=1.0 vertices=4 derivatives=true
CEILING MAPPING: mesh=orison_ground_Court_asphalt_P17_N3 valid_basis=true max_uv_excess=0.0 widest=1.0 vertices=4 derivatives=true
CEILING MAPPING: mesh=orison_ground_Court_asphalt_P17_N4 valid_basis=true max_uv_excess=0.0 widest=1.0 vertices=4 derivatives=true
CEILING MAPPING: mesh=orison_ground_Court_asphalt_P17_N5 valid_basis=true max_uv_excess=0.0 widest=1.0 vertices=4 derivatives=true
CEILING MAPPING: mesh=orison_ground_Court_asphalt_P17_N6 valid_basis=true max_uv_excess=0.0 widest=1.0 vertices=4 derivatives=true
CEILING MAPPING: mesh=orison_ground_Court_asphalt_P17_N7 valid_basis=true max_uv_excess=0.0 widest=1.0 vertices=4 derivatives=true
CEILING MAPPING: mesh=orison_ground_Court_asphalt_P17_N8 valid_basis=true max_uv_excess=0.0 widest=1.0 vertices=4 derivatives=true
CEILING MAPPING: mesh=orison_ground_Court_asphalt_P17_N9 valid_basis=true max_uv_excess=0.0 widest=1.0 vertices=4 derivatives=true
CEILING MAPPING: mesh=orison_ground_Court_asphalt_P17_N10 valid_basis=true max_uv_excess=0.0 widest=1.0 vertices=4 derivatives=true
CEILING MAPPING: mesh=orison_ground_Court_asphalt_P17_N16 valid_basis=true max_uv_excess=0.0 widest=1.0 vertices=4 derivatives=true
CEILING MAPPING: mesh=orison_ground_Court_asphalt_P17_N17 valid_basis=true max_uv_excess=0.0 widest=1.0 vertices=4 derivatives=true
CEILING MAPPING: mesh=orison_ground_Court_asphalt_P17_N18 valid_basis=true max_uv_excess=0.0 widest=1.0 vertices=4 derivatives=true
CEILING MAPPING: mesh=orison_ground_Court_asphalt_P17_N19 valid_basis=true max_uv_excess=0.0 widest=1.0 vertices=4 derivatives=true
CEILING MAPPING: mesh=orison_ground_Court_asphalt_P17_N20 valid_basis=true max_uv_excess=0.0 widest=1.0 vertices=4 derivatives=true
CEILING MAPPING: mesh=orison_ground_Court_asphalt_P17_N21 valid_basis=true max_uv_excess=0.0 widest=1.0 vertices=4 derivatives=true
CEILING MAPPING: mesh=orison_ground_Court_asphalt_P17_N22 valid_basis=true max_uv_excess=0.0 widest=1.0 vertices=4 derivatives=true
CEILING MAPPING: mesh=orison_ground_Court_asphalt_P17_N23 valid_basis=true max_uv_excess=0.0 widest=1.0 vertices=4 derivatives=true
CEILING MAPPING: mesh=orison_ground_Court_asphalt_P17_N24 valid_basis=true max_uv_excess=0.0 widest=1.0 vertices=4 derivatives=true
CEILING MAPPING: mesh=orison_ground_Court_asphalt_P17_N25 valid_basis=true max_uv_excess=0.0 widest=1.0 vertices=4 derivatives=true
CEILING MAPPING: mesh=orison_ground_Court_asphalt_P17_N26 valid_basis=true max_uv_excess=0.0 widest=1.0 vertices=4 derivatives=true
CEILING MAPPING: mesh=orison_ground_Court_asphalt_P17_N27 valid_basis=true max_uv_excess=0.0 widest=1.0 vertices=8 derivatives=true
CEILING MAPPING: mesh=orison_ground_Court_asphalt_P17_P0 valid_basis=true max_uv_excess=0.0 widest=1.0 vertices=4 derivatives=true
CEILING MAPPING: mesh=orison_ground_Court_asphalt_P17_P1 valid_basis=true max_uv_excess=0.0 widest=1.0 vertices=4 derivatives=true
CEILING MAPPING: mesh=orison_ground_Court_asphalt_P17_P2 valid_basis=true max_uv_excess=0.0 widest=1.0 vertices=4 derivatives=true
CEILING MAPPING: mesh=orison_ground_Court_asphalt_P17_P3 valid_basis=true max_uv_excess=0.0 widest=1.0 vertices=4 derivatives=true
CEILING MAPPING: mesh=orison_ground_Court_asphalt_P17_P4 valid_basis=true max_uv_excess=0.0 widest=1.0 vertices=4 derivatives=true
CEILING MAPPING: mesh=orison_ground_Court_asphalt_P17_P5 valid_basis=true max_uv_excess=0.0 widest=1.0 vertices=4 derivatives=true
CEILING MAPPING: mesh=orison_ground_Court_asphalt_P17_P6 valid_basis=true max_uv_excess=0.0 widest=1.0 vertices=4 derivatives=true
CEILING MAPPING: mesh=orison_ground_Court_asphalt_P17_P7 valid_basis=true max_uv_excess=0.0 widest=1.0 vertices=4 derivatives=true
CEILING MAPPING: mesh=orison_ground_Court_asphalt_P17_P14 valid_basis=true max_uv_excess=0.0 widest=1.0 vertices=4 derivatives=true
CEILING MAPPING: mesh=orison_ground_Court_asphalt_P17_P15 valid_basis=true max_uv_excess=0.0 widest=1.0 vertices=8 derivatives=true
CEILING MAPPING: mesh=orison_ground_Court_asphalt_P18_N1 valid_basis=true max_uv_excess=0.0 widest=1.0 vertices=4 derivatives=true
CEILING MAPPING: mesh=orison_ground_Court_asphalt_P18_N2 valid_basis=true max_uv_excess=0.0 widest=1.0 vertices=4 derivatives=true
CEILING MAPPING: mesh=orison_ground_Court_asphalt_P18_N3 valid_basis=true max_uv_excess=0.0 widest=1.0 vertices=4 derivatives=true
CEILING MAPPING: mesh=orison_ground_Court_asphalt_P18_N4 valid_basis=true max_uv_excess=0.0 widest=1.0 vertices=4 derivatives=true
CEILING MAPPING: mesh=orison_ground_Court_asphalt_P18_N5 valid_basis=true max_uv_excess=0.0 widest=1.0 vertices=4 derivatives=true
CEILING MAPPING: mesh=orison_ground_Court_asphalt_P18_N6 valid_basis=true max_uv_excess=0.0 widest=1.0 vertices=4 derivatives=true
CEILING MAPPING: mesh=orison_ground_Court_asphalt_P18_N7 valid_basis=true max_uv_excess=0.0 widest=1.0 vertices=4 derivatives=true
CEILING MAPPING: mesh=orison_ground_Court_asphalt_P18_N8 valid_basis=true max_uv_excess=0.0 widest=1.0 vertices=4 derivatives=true
CEILING MAPPING: mesh=orison_ground_Court_asphalt_P18_N9 valid_basis=true max_uv_excess=0.0 widest=1.0 vertices=4 derivatives=true
CEILING MAPPING: mesh=orison_ground_Court_asphalt_P18_N10 valid_basis=true max_uv_excess=0.0 widest=1.0 vertices=4 derivatives=true
CEILING MAPPING: mesh=orison_ground_Court_asphalt_P18_N16 valid_basis=true max_uv_excess=0.0 widest=1.0 vertices=4 derivatives=true
CEILING MAPPING: mesh=orison_ground_Court_asphalt_P18_N17 valid_basis=true max_uv_excess=0.0 widest=1.0 vertices=4 derivatives=true
CEILING MAPPING: mesh=orison_ground_Court_asphalt_P18_N18 valid_basis=true max_uv_excess=0.0 widest=1.0 vertices=4 derivatives=true
CEILING MAPPING: mesh=orison_ground_Court_asphalt_P18_N19 valid_basis=true max_uv_excess=0.0 widest=1.0 vertices=4 derivatives=true
CEILING MAPPING: mesh=orison_ground_Court_asphalt_P18_N20 valid_basis=true max_uv_excess=0.0 widest=1.0 vertices=4 derivatives=true
CEILING MAPPING: mesh=orison_ground_Court_asphalt_P18_N21 valid_basis=true max_uv_excess=0.0 widest=1.0 vertices=4 derivatives=true
CEILING MAPPING: mesh=orison_ground_Court_asphalt_P18_N22 valid_basis=true max_uv_excess=0.0 widest=1.0 vertices=4 derivatives=true
CEILING MAPPING: mesh=orison_ground_Court_asphalt_P18_N23 valid_basis=true max_uv_excess=0.0 widest=1.0 vertices=4 derivatives=true
CEILING MAPPING: mesh=orison_ground_Court_asphalt_P18_N24 valid_basis=true max_uv_excess=0.0 widest=1.0 vertices=4 derivatives=true
CEILING MAPPING: mesh=orison_ground_Court_asphalt_P18_N25 valid_basis=true max_uv_excess=0.0 widest=1.0 vertices=4 derivatives=true
CEILING MAPPING: mesh=orison_ground_Court_asphalt_P18_N26 valid_basis=true max_uv_excess=0.0 widest=1.0 vertices=4 derivatives=true
CEILING MAPPING: mesh=orison_ground_Court_asphalt_P18_N27 valid_basis=true max_uv_excess=0.0 widest=1.0 vertices=8 derivatives=true
CEILING MAPPING: mesh=orison_ground_Court_asphalt_P18_P0 valid_basis=true max_uv_excess=0.0 widest=1.0 vertices=4 derivatives=true
CEILING MAPPING: mesh=orison_ground_Court_asphalt_P18_P1 valid_basis=true max_uv_excess=0.0 widest=1.0 vertices=4 derivatives=true
CEILING MAPPING: mesh=orison_ground_Court_asphalt_P18_P2 valid_basis=true max_uv_excess=0.0 widest=1.0 vertices=4 derivatives=true
CEILING MAPPING: mesh=orison_ground_Court_asphalt_P18_P3 valid_basis=true max_uv_excess=0.0 widest=1.0 vertices=4 derivatives=true
CEILING MAPPING: mesh=orison_ground_Court_asphalt_P18_P4 valid_basis=true max_uv_excess=0.0 widest=1.0 vertices=4 derivatives=true
CEILING MAPPING: mesh=orison_ground_Court_asphalt_P18_P5 valid_basis=true max_uv_excess=0.0 widest=1.0 vertices=4 derivatives=true
CEILING MAPPING: mesh=orison_ground_Court_asphalt_P18_P6 valid_basis=true max_uv_excess=0.0 widest=1.0 vertices=4 derivatives=true
CEILING MAPPING: mesh=orison_ground_Court_asphalt_P18_P7 valid_basis=true max_uv_excess=0.0 widest=1.0 vertices=4 derivatives=true
CEILING MAPPING: mesh=orison_ground_Court_asphalt_P18_P14 valid_basis=true max_uv_excess=0.0 widest=1.0 vertices=4 derivatives=true
CEILING MAPPING: mesh=orison_ground_Court_asphalt_P18_P15 valid_basis=true max_uv_excess=0.0 widest=1.0 vertices=8 derivatives=true
CEILING MAPPING: mesh=orison_ground_Court_asphalt_P19_N1 valid_basis=true max_uv_excess=0.0 widest=1.0 vertices=4 derivatives=true
CEILING MAPPING: mesh=orison_ground_Court_asphalt_P19_N2 valid_basis=true max_uv_excess=0.0 widest=1.0 vertices=4 derivatives=true
CEILING MAPPING: mesh=orison_ground_Court_asphalt_P19_N3 valid_basis=true max_uv_excess=0.0 widest=1.0 vertices=4 derivatives=true
CEILING MAPPING: mesh=orison_ground_Court_asphalt_P19_N4 valid_basis=true max_uv_excess=0.0 widest=1.0 vertices=4 derivatives=true
CEILING MAPPING: mesh=orison_ground_Court_asphalt_P19_N5 valid_basis=true max_uv_excess=0.0 widest=1.0 vertices=4 derivatives=true
CEILING MAPPING: mesh=orison_ground_Court_asphalt_P19_N6 valid_basis=true max_uv_excess=0.0 widest=1.0 vertices=8 derivatives=true
CEILING MAPPING: mesh=orison_ground_Court_asphalt_P19_N7 valid_basis=true max_uv_excess=0.0 widest=1.0 vertices=4 derivatives=true
CEILING MAPPING: mesh=orison_ground_Court_asphalt_P19_N8 valid_basis=true max_uv_excess=0.0 widest=1.0 vertices=4 derivatives=true
CEILING MAPPING: mesh=orison_ground_Court_asphalt_P19_N9 valid_basis=true max_uv_excess=0.0 widest=1.0 vertices=4 derivatives=true
CEILING MAPPING: mesh=orison_ground_Court_asphalt_P19_N10 valid_basis=true max_uv_excess=0.0 widest=1.0 vertices=4 derivatives=true
CEILING MAPPING: mesh=orison_ground_Court_asphalt_P19_N16 valid_basis=true max_uv_excess=0.0 widest=1.0 vertices=4 derivatives=true
CEILING MAPPING: mesh=orison_ground_Court_asphalt_P19_N17 valid_basis=true max_uv_excess=0.0 widest=1.0 vertices=4 derivatives=true
CEILING MAPPING: mesh=orison_ground_Court_asphalt_P19_N18 valid_basis=true max_uv_excess=0.0 widest=1.0 vertices=4 derivatives=true
CEILING MAPPING: mesh=orison_ground_Court_asphalt_P19_N19 valid_basis=true max_uv_excess=0.0 widest=1.0 vertices=4 derivatives=true
CEILING MAPPING: mesh=orison_ground_Court_asphalt_P19_N20 valid_basis=true max_uv_excess=0.0 widest=1.0 vertices=4 derivatives=true
CEILING MAPPING: mesh=orison_ground_Court_asphalt_P19_N21 valid_basis=true max_uv_excess=0.0 widest=1.0 vertices=4 derivatives=true
CEILING MAPPING: mesh=orison_ground_Court_asphalt_P19_N22 valid_basis=true max_uv_excess=0.0 widest=1.0 vertices=4 derivatives=true
CEILING MAPPING: mesh=orison_ground_Court_asphalt_P19_N23 valid_basis=true max_uv_excess=0.0 widest=1.0 vertices=4 derivatives=true
CEILING MAPPING: mesh=orison_ground_Court_asphalt_P19_N24 valid_basis=true max_uv_excess=0.0 widest=1.0 vertices=4 derivatives=true
CEILING MAPPING: mesh=orison_ground_Court_asphalt_P19_N25 valid_basis=true max_uv_excess=0.0 widest=1.0 vertices=4 derivatives=true
CEILING MAPPING: mesh=orison_ground_Court_asphalt_P19_N26 valid_basis=true max_uv_excess=0.0 widest=1.0 vertices=4 derivatives=true
CEILING MAPPING: mesh=orison_ground_Court_asphalt_P19_N27 valid_basis=true max_uv_excess=0.0 widest=1.0 vertices=8 derivatives=true
CEILING MAPPING: mesh=orison_ground_Court_asphalt_P19_P0 valid_basis=true max_uv_excess=0.0 widest=1.0 vertices=4 derivatives=true
CEILING MAPPING: mesh=orison_ground_Court_asphalt_P19_P1 valid_basis=true max_uv_excess=0.0 widest=1.0 vertices=4 derivatives=true
CEILING MAPPING: mesh=orison_ground_Court_asphalt_P19_P2 valid_basis=true max_uv_excess=0.0 widest=1.0 vertices=4 derivatives=true
CEILING MAPPING: mesh=orison_ground_Court_asphalt_P19_P3 valid_basis=true max_uv_excess=0.0 widest=1.0 vertices=4 derivatives=true
CEILING MAPPING: mesh=orison_ground_Court_asphalt_P19_P4 valid_basis=true max_uv_excess=0.0 widest=1.0 vertices=8 derivatives=true
CEILING MAPPING: mesh=orison_ground_Court_asphalt_P19_P5 valid_basis=true max_uv_excess=0.0 widest=1.0 vertices=4 derivatives=true
CEILING MAPPING: mesh=orison_ground_Court_asphalt_P19_P6 valid_basis=true max_uv_excess=0.0 widest=1.0 vertices=4 derivatives=true
CEILING MAPPING: mesh=orison_ground_Court_asphalt_P19_P7 valid_basis=true max_uv_excess=0.0 widest=1.0 vertices=4 derivatives=true
CEILING MAPPING: mesh=orison_ground_Court_asphalt_P19_P14 valid_basis=true max_uv_excess=0.0 widest=1.0 vertices=4 derivatives=true
CEILING MAPPING: mesh=orison_ground_Court_asphalt_P19_P15 valid_basis=true max_uv_excess=0.0 widest=1.0 vertices=8 derivatives=true
CEILING MAPPING: mesh=orison_ground_Court_asphalt_P20_N6 valid_basis=true max_uv_excess=0.0 widest=1.0 vertices=4 derivatives=true
CEILING MAPPING: mesh=orison_ground_Court_asphalt_P20_N7 valid_basis=true max_uv_excess=0.0 widest=1.0 vertices=4 derivatives=true
CEILING MAPPING: mesh=orison_ground_Court_asphalt_P20_N8 valid_basis=true max_uv_excess=0.0 widest=1.0 vertices=4 derivatives=true
CEILING MAPPING: mesh=orison_ground_Court_asphalt_P20_N9 valid_basis=true max_uv_excess=0.0 widest=1.0 vertices=4 derivatives=true
CEILING MAPPING: mesh=orison_ground_Court_asphalt_P20_N10 valid_basis=true max_uv_excess=0.0 widest=1.0 vertices=4 derivatives=true
CEILING MAPPING: mesh=orison_ground_Court_asphalt_P20_N16 valid_basis=true max_uv_excess=0.0 widest=1.0 vertices=4 derivatives=true
CEILING MAPPING: mesh=orison_ground_Court_asphalt_P20_N17 valid_basis=true max_uv_excess=0.0 widest=1.0 vertices=4 derivatives=true
CEILING MAPPING: mesh=orison_ground_Court_asphalt_P20_N18 valid_basis=true max_uv_excess=0.0 widest=1.0 vertices=4 derivatives=true
CEILING MAPPING: mesh=orison_ground_Court_asphalt_P20_N19 valid_basis=true max_uv_excess=0.0 widest=1.0 vertices=4 derivatives=true
CEILING MAPPING: mesh=orison_ground_Court_asphalt_P20_N20 valid_basis=true max_uv_excess=0.0 widest=1.0 vertices=4 derivatives=true
CEILING MAPPING: mesh=orison_ground_Court_asphalt_P20_N21 valid_basis=true max_uv_excess=0.0 widest=1.0 vertices=4 derivatives=true
CEILING MAPPING: mesh=orison_ground_Court_asphalt_P20_N22 valid_basis=true max_uv_excess=0.0 widest=1.0 vertices=4 derivatives=true
CEILING MAPPING: mesh=orison_ground_Court_asphalt_P20_N23 valid_basis=true max_uv_excess=0.0 widest=1.0 vertices=4 derivatives=true
CEILING MAPPING: mesh=orison_ground_Court_asphalt_P20_N24 valid_basis=true max_uv_excess=0.0 widest=1.0 vertices=4 derivatives=true
CEILING MAPPING: mesh=orison_ground_Court_asphalt_P20_N25 valid_basis=true max_uv_excess=0.0 widest=1.0 vertices=4 derivatives=true
CEILING MAPPING: mesh=orison_ground_Court_asphalt_P20_N26 valid_basis=true max_uv_excess=0.0 widest=1.0 vertices=4 derivatives=true
CEILING MAPPING: mesh=orison_ground_Court_asphalt_P20_N27 valid_basis=true max_uv_excess=0.0 widest=1.0 vertices=8 derivatives=true
CEILING MAPPING: mesh=orison_ground_Court_asphalt_P20_P4 valid_basis=true max_uv_excess=0.0 widest=1.0 vertices=4 derivatives=true
CEILING MAPPING: mesh=orison_ground_Court_asphalt_P20_P5 valid_basis=true max_uv_excess=0.0 widest=1.0 vertices=4 derivatives=true
CEILING MAPPING: mesh=orison_ground_Court_asphalt_P20_P6 valid_basis=true max_uv_excess=0.0 widest=1.0 vertices=4 derivatives=true
CEILING MAPPING: mesh=orison_ground_Court_asphalt_P20_P7 valid_basis=true max_uv_excess=0.0 widest=1.0 vertices=4 derivatives=true
CEILING MAPPING: mesh=orison_ground_Court_asphalt_P20_P14 valid_basis=true max_uv_excess=0.0 widest=1.0 vertices=4 derivatives=true
CEILING MAPPING: mesh=orison_ground_Court_asphalt_P20_P15 valid_basis=true max_uv_excess=0.0 widest=1.0 vertices=8 derivatives=true
CEILING MAPPING: mesh=orison_ground_Court_asphalt_P21_N6 valid_basis=true max_uv_excess=0.0 widest=1.0 vertices=4 derivatives=true
CEILING MAPPING: mesh=orison_ground_Court_asphalt_P21_N7 valid_basis=true max_uv_excess=0.0 widest=1.0 vertices=4 derivatives=true
CEILING MAPPING: mesh=orison_ground_Court_asphalt_P21_N8 valid_basis=true max_uv_excess=0.0 widest=1.0 vertices=4 derivatives=true
CEILING MAPPING: mesh=orison_ground_Court_asphalt_P21_N9 valid_basis=true max_uv_excess=0.0 widest=1.0 vertices=4 derivatives=true
CEILING MAPPING: mesh=orison_ground_Court_asphalt_P21_N10 valid_basis=true max_uv_excess=0.0 widest=1.0 vertices=4 derivatives=true
CEILING MAPPING: mesh=orison_ground_Court_asphalt_P21_N16 valid_basis=true max_uv_excess=0.0 widest=1.0 vertices=4 derivatives=true
CEILING MAPPING: mesh=orison_ground_Court_asphalt_P21_N17 valid_basis=true max_uv_excess=0.0 widest=1.0 vertices=4 derivatives=true
CEILING MAPPING: mesh=orison_ground_Court_asphalt_P21_N18 valid_basis=true max_uv_excess=0.0 widest=1.0 vertices=4 derivatives=true
CEILING MAPPING: mesh=orison_ground_Court_asphalt_P21_N19 valid_basis=true max_uv_excess=0.0 widest=1.0 vertices=4 derivatives=true
CEILING MAPPING: mesh=orison_ground_Court_asphalt_P21_N20 valid_basis=true max_uv_excess=0.0 widest=1.0 vertices=4 derivatives=true
CEILING MAPPING: mesh=orison_ground_Court_asphalt_P21_N21 valid_basis=true max_uv_excess=0.0 widest=1.0 vertices=4 derivatives=true
CEILING MAPPING: mesh=orison_ground_Court_asphalt_P21_N22 valid_basis=true max_uv_excess=0.0 widest=1.0 vertices=4 derivatives=true
CEILING MAPPING: mesh=orison_ground_Court_asphalt_P21_N23 valid_basis=true max_uv_excess=0.0 widest=1.0 vertices=4 derivatives=true
CEILING MAPPING: mesh=orison_ground_Court_asphalt_P21_N24 valid_basis=true max_uv_excess=0.0 widest=1.0 vertices=4 derivatives=true
CEILING MAPPING: mesh=orison_ground_Court_asphalt_P21_N25 valid_basis=true max_uv_excess=0.0 widest=1.0 vertices=4 derivatives=true
CEILING MAPPING: mesh=orison_ground_Court_asphalt_P21_N26 valid_basis=true max_uv_excess=0.0 widest=1.0 vertices=4 derivatives=true
CEILING MAPPING: mesh=orison_ground_Court_asphalt_P21_N27 valid_basis=true max_uv_excess=0.0 widest=1.0 vertices=8 derivatives=true
CEILING MAPPING: mesh=orison_ground_Court_asphalt_P21_P4 valid_basis=true max_uv_excess=0.0 widest=1.0 vertices=4 derivatives=true
CEILING MAPPING: mesh=orison_ground_Court_asphalt_P21_P5 valid_basis=true max_uv_excess=0.0 widest=1.0 vertices=4 derivatives=true
CEILING MAPPING: mesh=orison_ground_Court_asphalt_P21_P6 valid_basis=true max_uv_excess=0.0 widest=1.0 vertices=4 derivatives=true
CEILING MAPPING: mesh=orison_ground_Court_asphalt_P21_P7 valid_basis=true max_uv_excess=0.0 widest=1.0 vertices=4 derivatives=true
CEILING MAPPING: mesh=orison_ground_Court_asphalt_P21_P14 valid_basis=true max_uv_excess=0.0 widest=1.0 vertices=4 derivatives=true
CEILING MAPPING: mesh=orison_ground_Court_asphalt_P21_P15 valid_basis=true max_uv_excess=0.0 widest=1.0 vertices=8 derivatives=true
CEILING MAPPING: mesh=orison_ground_Court_asphalt_P22_N6 valid_basis=true max_uv_excess=0.0 widest=1.0 vertices=4 derivatives=true
CEILING MAPPING: mesh=orison_ground_Court_asphalt_P22_N7 valid_basis=true max_uv_excess=0.0 widest=1.0 vertices=4 derivatives=true
CEILING MAPPING: mesh=orison_ground_Court_asphalt_P22_N8 valid_basis=true max_uv_excess=0.0 widest=1.0 vertices=4 derivatives=true
CEILING MAPPING: mesh=orison_ground_Court_asphalt_P22_N9 valid_basis=true max_uv_excess=0.0 widest=1.0 vertices=4 derivatives=true
CEILING MAPPING: mesh=orison_ground_Court_asphalt_P22_N10 valid_basis=true max_uv_excess=0.0 widest=1.0 vertices=4 derivatives=true
CEILING MAPPING: mesh=orison_ground_Court_asphalt_P22_N16 valid_basis=true max_uv_excess=0.0 widest=1.0 vertices=4 derivatives=true
CEILING MAPPING: mesh=orison_ground_Court_asphalt_P22_N17 valid_basis=true max_uv_excess=0.0 widest=1.0 vertices=4 derivatives=true
CEILING MAPPING: mesh=orison_ground_Court_asphalt_P22_N18 valid_basis=true max_uv_excess=0.0 widest=1.0 vertices=4 derivatives=true
CEILING MAPPING: mesh=orison_ground_Court_asphalt_P22_N19 valid_basis=true max_uv_excess=0.0 widest=1.0 vertices=4 derivatives=true
CEILING MAPPING: mesh=orison_ground_Court_asphalt_P22_N20 valid_basis=true max_uv_excess=0.0 widest=1.0 vertices=4 derivatives=true
CEILING MAPPING: mesh=orison_ground_Court_asphalt_P22_N21 valid_basis=true max_uv_excess=0.0 widest=1.0 vertices=4 derivatives=true
CEILING MAPPING: mesh=orison_ground_Court_asphalt_P22_N22 valid_basis=true max_uv_excess=0.0 widest=1.0 vertices=4 derivatives=true
CEILING MAPPING: mesh=orison_ground_Court_asphalt_P22_N23 valid_basis=true max_uv_excess=0.0 widest=1.0 vertices=4 derivatives=true
CEILING MAPPING: mesh=orison_ground_Court_asphalt_P22_N24 valid_basis=true max_uv_excess=0.0 widest=1.0 vertices=4 derivatives=true
CEILING MAPPING: mesh=orison_ground_Court_asphalt_P22_N25 valid_basis=true max_uv_excess=0.0 widest=1.0 vertices=4 derivatives=true
CEILING MAPPING: mesh=orison_ground_Court_asphalt_P22_N26 valid_basis=true max_uv_excess=0.0 widest=1.0 vertices=4 derivatives=true
CEILING MAPPING: mesh=orison_ground_Court_asphalt_P22_N27 valid_basis=true max_uv_excess=0.0 widest=1.0 vertices=8 derivatives=true
CEILING MAPPING: mesh=orison_ground_Court_asphalt_P22_P4 valid_basis=true max_uv_excess=0.0 widest=1.0 vertices=4 derivatives=true
CEILING MAPPING: mesh=orison_ground_Court_asphalt_P22_P5 valid_basis=true max_uv_excess=0.0 widest=1.0 vertices=4 derivatives=true
CEILING MAPPING: mesh=orison_ground_Court_asphalt_P22_P6 valid_basis=true max_uv_excess=0.0 widest=1.0 vertices=4 derivatives=true
CEILING MAPPING: mesh=orison_ground_Court_asphalt_P22_P7 valid_basis=true max_uv_excess=0.0 widest=1.0 vertices=4 derivatives=true
CEILING MAPPING: mesh=orison_ground_Court_asphalt_P22_P14 valid_basis=true max_uv_excess=0.0 widest=1.0 vertices=4 derivatives=true
CEILING MAPPING: mesh=orison_ground_Court_asphalt_P22_P15 valid_basis=true max_uv_excess=0.0 widest=1.0 vertices=8 derivatives=true
CEILING MAPPING: mesh=orison_ground_Court_asphalt_P23_N6 valid_basis=true max_uv_excess=0.0 widest=1.0 vertices=4 derivatives=true
CEILING MAPPING: mesh=orison_ground_Court_asphalt_P23_N7 valid_basis=true max_uv_excess=0.0 widest=1.0 vertices=4 derivatives=true
CEILING MAPPING: mesh=orison_ground_Court_asphalt_P23_N8 valid_basis=true max_uv_excess=0.0 widest=1.0 vertices=4 derivatives=true
CEILING MAPPING: mesh=orison_ground_Court_asphalt_P23_N9 valid_basis=true max_uv_excess=0.0 widest=1.0 vertices=4 derivatives=true
CEILING MAPPING: mesh=orison_ground_Court_asphalt_P23_N10 valid_basis=true max_uv_excess=0.0 widest=1.0 vertices=8 derivatives=true
CEILING MAPPING: mesh=orison_ground_Court_asphalt_P23_N11 valid_basis=true max_uv_excess=0.0 widest=1.0 vertices=4 derivatives=true
CEILING MAPPING: mesh=orison_ground_Court_asphalt_P23_N12 valid_basis=true max_uv_excess=0.0 widest=1.0 vertices=4 derivatives=true
CEILING MAPPING: mesh=orison_ground_Court_asphalt_P23_N13 valid_basis=true max_uv_excess=0.0 widest=1.0 vertices=4 derivatives=true
CEILING MAPPING: mesh=orison_ground_Court_asphalt_P23_N14 valid_basis=true max_uv_excess=0.0 widest=1.0 vertices=4 derivatives=true
CEILING MAPPING: mesh=orison_ground_Court_asphalt_P23_N15 valid_basis=true max_uv_excess=0.0 widest=1.0 vertices=4 derivatives=true
CEILING MAPPING: mesh=orison_ground_Court_asphalt_P23_N16 valid_basis=true max_uv_excess=0.0 widest=1.0 vertices=8 derivatives=true
CEILING MAPPING: mesh=orison_ground_Court_asphalt_P23_N17 valid_basis=true max_uv_excess=0.0 widest=1.0 vertices=4 derivatives=true
CEILING MAPPING: mesh=orison_ground_Court_asphalt_P23_N18 valid_basis=true max_uv_excess=0.0 widest=1.0 vertices=4 derivatives=true
CEILING MAPPING: mesh=orison_ground_Court_asphalt_P23_N19 valid_basis=true max_uv_excess=0.0 widest=1.0 vertices=4 derivatives=true
CEILING MAPPING: mesh=orison_ground_Court_asphalt_P23_N20 valid_basis=true max_uv_excess=0.0 widest=1.0 vertices=4 derivatives=true
CEILING MAPPING: mesh=orison_ground_Court_asphalt_P23_N21 valid_basis=true max_uv_excess=0.0 widest=1.0 vertices=4 derivatives=true
CEILING MAPPING: mesh=orison_ground_Court_asphalt_P23_N22 valid_basis=true max_uv_excess=0.0 widest=1.0 vertices=4 derivatives=true
CEILING MAPPING: mesh=orison_ground_Court_asphalt_P23_N23 valid_basis=true max_uv_excess=0.0 widest=1.0 vertices=4 derivatives=true
CEILING MAPPING: mesh=orison_ground_Court_asphalt_P23_N24 valid_basis=true max_uv_excess=0.0 widest=1.0 vertices=4 derivatives=true
CEILING MAPPING: mesh=orison_ground_Court_asphalt_P23_N25 valid_basis=true max_uv_excess=0.0 widest=1.0 vertices=4 derivatives=true
CEILING MAPPING: mesh=orison_ground_Court_asphalt_P23_N26 valid_basis=true max_uv_excess=0.0 widest=1.0 vertices=4 derivatives=true
CEILING MAPPING: mesh=orison_ground_Court_asphalt_P23_N27 valid_basis=true max_uv_excess=0.0 widest=1.0 vertices=8 derivatives=true
CEILING MAPPING: mesh=orison_ground_Court_asphalt_P23_P4 valid_basis=true max_uv_excess=0.0 widest=1.0 vertices=4 derivatives=true
CEILING MAPPING: mesh=orison_ground_Court_asphalt_P23_P5 valid_basis=true max_uv_excess=0.0 widest=1.0 vertices=4 derivatives=true
CEILING MAPPING: mesh=orison_ground_Court_asphalt_P23_P6 valid_basis=true max_uv_excess=0.0 widest=1.0 vertices=4 derivatives=true
CEILING MAPPING: mesh=orison_ground_Court_asphalt_P23_P7 valid_basis=true max_uv_excess=0.0 widest=1.0 vertices=8 derivatives=true
CEILING MAPPING: mesh=orison_ground_Court_asphalt_P23_P8 valid_basis=true max_uv_excess=0.0 widest=1.0 vertices=4 derivatives=true
CEILING MAPPING: mesh=orison_ground_Court_asphalt_P23_P9 valid_basis=true max_uv_excess=0.0 widest=1.0 vertices=4 derivatives=true
CEILING MAPPING: mesh=orison_ground_Court_asphalt_P23_P10 valid_basis=true max_uv_excess=0.0 widest=1.0 vertices=4 derivatives=true
CEILING MAPPING: mesh=orison_ground_Court_asphalt_P23_P11 valid_basis=true max_uv_excess=0.0 widest=1.0 vertices=4 derivatives=true
CEILING MAPPING: mesh=orison_ground_Court_asphalt_P23_P12 valid_basis=true max_uv_excess=0.0 widest=1.0 vertices=4 derivatives=true
CEILING MAPPING: mesh=orison_ground_Court_asphalt_P23_P13 valid_basis=true max_uv_excess=0.0 widest=1.0 vertices=4 derivatives=true
CEILING MAPPING: mesh=orison_ground_Court_asphalt_P23_P14 valid_basis=true max_uv_excess=0.0 widest=1.0 vertices=8 derivatives=true
CEILING MAPPING: mesh=orison_ground_Court_asphalt_P23_P15 valid_basis=true max_uv_excess=0.0 widest=1.0 vertices=8 derivatives=true
CEILING MAPPING: mesh=orison_ground_Court_asphalt_P24_N6 valid_basis=true max_uv_excess=0.0 widest=1.0 vertices=4 derivatives=true
CEILING MAPPING: mesh=orison_ground_Court_asphalt_P24_N7 valid_basis=true max_uv_excess=0.0 widest=1.0 vertices=4 derivatives=true
CEILING MAPPING: mesh=orison_ground_Court_asphalt_P24_N8 valid_basis=true max_uv_excess=0.0 widest=1.0 vertices=4 derivatives=true
CEILING MAPPING: mesh=orison_ground_Court_asphalt_P24_N9 valid_basis=true max_uv_excess=0.0 widest=1.0 vertices=4 derivatives=true
CEILING MAPPING: mesh=orison_ground_Court_asphalt_P24_N10 valid_basis=true max_uv_excess=0.0 widest=1.0 vertices=4 derivatives=true
CEILING MAPPING: mesh=orison_ground_Court_asphalt_P24_N11 valid_basis=true max_uv_excess=0.0 widest=1.0 vertices=4 derivatives=true
CEILING MAPPING: mesh=orison_ground_Court_asphalt_P24_N12 valid_basis=true max_uv_excess=0.0 widest=1.0 vertices=4 derivatives=true
CEILING MAPPING: mesh=orison_ground_Court_asphalt_P24_N13 valid_basis=true max_uv_excess=0.0 widest=1.0 vertices=4 derivatives=true
CEILING MAPPING: mesh=orison_ground_Court_asphalt_P24_N14 valid_basis=true max_uv_excess=0.0 widest=1.0 vertices=4 derivatives=true
CEILING MAPPING: mesh=orison_ground_Court_asphalt_P24_N15 valid_basis=true max_uv_excess=0.0 widest=1.0 vertices=4 derivatives=true
CEILING MAPPING: mesh=orison_ground_Court_asphalt_P24_N16 valid_basis=true max_uv_excess=0.0 widest=1.0 vertices=4 derivatives=true
CEILING MAPPING: mesh=orison_ground_Court_asphalt_P24_N17 valid_basis=true max_uv_excess=0.0 widest=1.0 vertices=4 derivatives=true
CEILING MAPPING: mesh=orison_ground_Court_asphalt_P24_N18 valid_basis=true max_uv_excess=0.0 widest=1.0 vertices=4 derivatives=true
CEILING MAPPING: mesh=orison_ground_Court_asphalt_P24_N19 valid_basis=true max_uv_excess=0.0 widest=1.0 vertices=4 derivatives=true
CEILING MAPPING: mesh=orison_ground_Court_asphalt_P24_N20 valid_basis=true max_uv_excess=0.0 widest=1.0 vertices=4 derivatives=true
CEILING MAPPING: mesh=orison_ground_Court_asphalt_P24_N21 valid_basis=true max_uv_excess=0.0 widest=1.0 vertices=4 derivatives=true
CEILING MAPPING: mesh=orison_ground_Court_asphalt_P24_N22 valid_basis=true max_uv_excess=0.0 widest=1.0 vertices=4 derivatives=true
CEILING MAPPING: mesh=orison_ground_Court_asphalt_P24_N23 valid_basis=true max_uv_excess=0.0 widest=1.0 vertices=4 derivatives=true
CEILING MAPPING: mesh=orison_ground_Court_asphalt_P24_N24 valid_basis=true max_uv_excess=0.0 widest=1.0 vertices=4 derivatives=true
CEILING MAPPING: mesh=orison_ground_Court_asphalt_P24_N25 valid_basis=true max_uv_excess=0.0 widest=1.0 vertices=4 derivatives=true
CEILING MAPPING: mesh=orison_ground_Court_asphalt_P24_N26 valid_basis=true max_uv_excess=0.0 widest=1.0 vertices=4 derivatives=true
CEILING MAPPING: mesh=orison_ground_Court_asphalt_P24_N27 valid_basis=true max_uv_excess=0.0 widest=1.0 vertices=8 derivatives=true
CEILING MAPPING: mesh=orison_ground_Court_asphalt_P24_P4 valid_basis=true max_uv_excess=0.0 widest=1.0 vertices=4 derivatives=true
CEILING MAPPING: mesh=orison_ground_Court_asphalt_P24_P5 valid_basis=true max_uv_excess=0.0 widest=1.0 vertices=4 derivatives=true
CEILING MAPPING: mesh=orison_ground_Court_asphalt_P24_P6 valid_basis=true max_uv_excess=0.0 widest=1.0 vertices=4 derivatives=true
CEILING MAPPING: mesh=orison_ground_Court_asphalt_P24_P7 valid_basis=true max_uv_excess=0.0 widest=1.0 vertices=4 derivatives=true
CEILING MAPPING: mesh=orison_ground_Court_asphalt_P24_P8 valid_basis=true max_uv_excess=0.0 widest=1.0 vertices=4 derivatives=true
CEILING MAPPING: mesh=orison_ground_Court_asphalt_P24_P9 valid_basis=true max_uv_excess=0.0 widest=1.0 vertices=4 derivatives=true
CEILING MAPPING: mesh=orison_ground_Court_asphalt_P24_P10 valid_basis=true max_uv_excess=0.0 widest=1.0 vertices=4 derivatives=true
CEILING MAPPING: mesh=orison_ground_Court_asphalt_P24_P11 valid_basis=true max_uv_excess=0.0 widest=1.0 vertices=4 derivatives=true
CEILING MAPPING: mesh=orison_ground_Court_asphalt_P24_P12 valid_basis=true max_uv_excess=0.0 widest=1.0 vertices=4 derivatives=true
CEILING MAPPING: mesh=orison_ground_Court_asphalt_P24_P13 valid_basis=true max_uv_excess=0.0 widest=1.0 vertices=4 derivatives=true
CEILING MAPPING: mesh=orison_ground_Court_asphalt_P24_P14 valid_basis=true max_uv_excess=0.0 widest=1.0 vertices=4 derivatives=true
CEILING MAPPING: mesh=orison_ground_Court_asphalt_P24_P15 valid_basis=true max_uv_excess=0.0 widest=1.0 vertices=8 derivatives=true
CEILING MAPPING: mesh=orison_ground_Court_asphalt_P25_N6 valid_basis=true max_uv_excess=0.0 widest=1.0 vertices=4 derivatives=true
CEILING MAPPING: mesh=orison_ground_Court_asphalt_P25_N7 valid_basis=true max_uv_excess=0.0 widest=1.0 vertices=4 derivatives=true
CEILING MAPPING: mesh=orison_ground_Court_asphalt_P25_N8 valid_basis=true max_uv_excess=0.0 widest=1.0 vertices=4 derivatives=true
CEILING MAPPING: mesh=orison_ground_Court_asphalt_P25_N9 valid_basis=true max_uv_excess=0.0 widest=1.0 vertices=4 derivatives=true
CEILING MAPPING: mesh=orison_ground_Court_asphalt_P25_N10 valid_basis=true max_uv_excess=0.0 widest=1.0 vertices=4 derivatives=true
CEILING MAPPING: mesh=orison_ground_Court_asphalt_P25_N11 valid_basis=true max_uv_excess=0.0 widest=1.0 vertices=4 derivatives=true
CEILING MAPPING: mesh=orison_ground_Court_asphalt_P25_N12 valid_basis=true max_uv_excess=0.0 widest=1.0 vertices=4 derivatives=true
CEILING MAPPING: mesh=orison_ground_Court_asphalt_P25_N13 valid_basis=true max_uv_excess=0.0 widest=1.0 vertices=4 derivatives=true
CEILING MAPPING: mesh=orison_ground_Court_asphalt_P25_N14 valid_basis=true max_uv_excess=0.0 widest=1.0 vertices=4 derivatives=true
CEILING MAPPING: mesh=orison_ground_Court_asphalt_P25_N15 valid_basis=true max_uv_excess=0.0 widest=1.0 vertices=4 derivatives=true
CEILING MAPPING: mesh=orison_ground_Court_asphalt_P25_N16 valid_basis=true max_uv_excess=0.0 widest=1.0 vertices=4 derivatives=true
CEILING MAPPING: mesh=orison_ground_Court_asphalt_P25_N17 valid_basis=true max_uv_excess=0.0 widest=1.0 vertices=4 derivatives=true
CEILING MAPPING: mesh=orison_ground_Court_asphalt_P25_N18 valid_basis=true max_uv_excess=0.0 widest=1.0 vertices=4 derivatives=true
CEILING MAPPING: mesh=orison_ground_Court_asphalt_P25_N19 valid_basis=true max_uv_excess=0.0 widest=1.0 vertices=4 derivatives=true
CEILING MAPPING: mesh=orison_ground_Court_asphalt_P25_N20 valid_basis=true max_uv_excess=0.0 widest=1.0 vertices=4 derivatives=true
CEILING MAPPING: mesh=orison_ground_Court_asphalt_P25_N21 valid_basis=true max_uv_excess=0.0 widest=1.0 vertices=4 derivatives=true
CEILING MAPPING: mesh=orison_ground_Court_asphalt_P25_N22 valid_basis=true max_uv_excess=0.0 widest=1.0 vertices=4 derivatives=true
CEILING MAPPING: mesh=orison_ground_Court_asphalt_P25_N23 valid_basis=true max_uv_excess=0.0 widest=1.0 vertices=4 derivatives=true
CEILING MAPPING: mesh=orison_ground_Court_asphalt_P25_N24 valid_basis=true max_uv_excess=0.0 widest=1.0 vertices=4 derivatives=true
CEILING MAPPING: mesh=orison_ground_Court_asphalt_P25_N25 valid_basis=true max_uv_excess=0.0 widest=1.0 vertices=4 derivatives=true
CEILING MAPPING: mesh=orison_ground_Court_asphalt_P25_N26 valid_basis=true max_uv_excess=0.0 widest=1.0 vertices=4 derivatives=true
CEILING MAPPING: mesh=orison_ground_Court_asphalt_P25_N27 valid_basis=true max_uv_excess=0.0 widest=1.0 vertices=8 derivatives=true
CEILING MAPPING: mesh=orison_ground_Court_asphalt_P25_P4 valid_basis=true max_uv_excess=0.0 widest=1.0 vertices=4 derivatives=true
CEILING MAPPING: mesh=orison_ground_Court_asphalt_P25_P5 valid_basis=true max_uv_excess=0.0 widest=1.0 vertices=4 derivatives=true
CEILING MAPPING: mesh=orison_ground_Court_asphalt_P25_P6 valid_basis=true max_uv_excess=0.0 widest=1.0 vertices=4 derivatives=true
CEILING MAPPING: mesh=orison_ground_Court_asphalt_P25_P7 valid_basis=true max_uv_excess=0.0 widest=1.0 vertices=4 derivatives=true
CEILING MAPPING: mesh=orison_ground_Court_asphalt_P25_P8 valid_basis=true max_uv_excess=0.0 widest=1.0 vertices=4 derivatives=true
CEILING MAPPING: mesh=orison_ground_Court_asphalt_P25_P9 valid_basis=true max_uv_excess=0.0 widest=1.0 vertices=4 derivatives=true
CEILING MAPPING: mesh=orison_ground_Court_asphalt_P25_P10 valid_basis=true max_uv_excess=0.0 widest=1.0 vertices=4 derivatives=true
CEILING MAPPING: mesh=orison_ground_Court_asphalt_P25_P11 valid_basis=true max_uv_excess=0.0 widest=1.0 vertices=4 derivatives=true
CEILING MAPPING: mesh=orison_ground_Court_asphalt_P25_P12 valid_basis=true max_uv_excess=0.0 widest=1.0 vertices=4 derivatives=true
CEILING MAPPING: mesh=orison_ground_Court_asphalt_P25_P13 valid_basis=true max_uv_excess=0.0 widest=1.0 vertices=4 derivatives=true
CEILING MAPPING: mesh=orison_ground_Court_asphalt_P25_P14 valid_basis=true max_uv_excess=0.0 widest=1.0 vertices=4 derivatives=true
CEILING MAPPING: mesh=orison_ground_Court_asphalt_P25_P15 valid_basis=true max_uv_excess=0.0 widest=1.0 vertices=8 derivatives=true
CEILING MAPPING: mesh=orison_ground_Court_asphalt_P26_N1 valid_basis=true max_uv_excess=0.0 widest=1.0 vertices=4 derivatives=true
CEILING MAPPING: mesh=orison_ground_Court_asphalt_P26_N2 valid_basis=true max_uv_excess=0.0 widest=1.0 vertices=4 derivatives=true
CEILING MAPPING: mesh=orison_ground_Court_asphalt_P26_N3 valid_basis=true max_uv_excess=0.0 widest=1.0 vertices=4 derivatives=true
CEILING MAPPING: mesh=orison_ground_Court_asphalt_P26_N4 valid_basis=true max_uv_excess=0.0 widest=1.0 vertices=4 derivatives=true
CEILING MAPPING: mesh=orison_ground_Court_asphalt_P26_N5 valid_basis=true max_uv_excess=0.0 widest=1.0 vertices=4 derivatives=true
CEILING MAPPING: mesh=orison_ground_Court_asphalt_P26_N6 valid_basis=true max_uv_excess=0.0 widest=1.0 vertices=8 derivatives=true
CEILING MAPPING: mesh=orison_ground_Court_asphalt_P26_N7 valid_basis=true max_uv_excess=0.0 widest=1.0 vertices=4 derivatives=true
CEILING MAPPING: mesh=orison_ground_Court_asphalt_P26_N8 valid_basis=true max_uv_excess=0.0 widest=1.0 vertices=4 derivatives=true
CEILING MAPPING: mesh=orison_ground_Court_asphalt_P26_N9 valid_basis=true max_uv_excess=0.0 widest=1.0 vertices=4 derivatives=true
CEILING MAPPING: mesh=orison_ground_Court_asphalt_P26_N10 valid_basis=true max_uv_excess=0.0 widest=1.0 vertices=4 derivatives=true
CEILING MAPPING: mesh=orison_ground_Court_asphalt_P26_N11 valid_basis=true max_uv_excess=0.0 widest=1.0 vertices=4 derivatives=true
CEILING MAPPING: mesh=orison_ground_Court_asphalt_P26_N12 valid_basis=true max_uv_excess=0.0 widest=1.0 vertices=4 derivatives=true
CEILING MAPPING: mesh=orison_ground_Court_asphalt_P26_N13 valid_basis=true max_uv_excess=0.0 widest=1.0 vertices=4 derivatives=true
CEILING MAPPING: mesh=orison_ground_Court_asphalt_P26_N14 valid_basis=true max_uv_excess=0.0 widest=1.0 vertices=4 derivatives=true
CEILING MAPPING: mesh=orison_ground_Court_asphalt_P26_N15 valid_basis=true max_uv_excess=0.0 widest=1.0 vertices=4 derivatives=true
CEILING MAPPING: mesh=orison_ground_Court_asphalt_P26_N16 valid_basis=true max_uv_excess=0.0 widest=1.0 vertices=4 derivatives=true
CEILING MAPPING: mesh=orison_ground_Court_asphalt_P26_N17 valid_basis=true max_uv_excess=0.0 widest=1.0 vertices=4 derivatives=true
CEILING MAPPING: mesh=orison_ground_Court_asphalt_P26_N18 valid_basis=true max_uv_excess=0.0 widest=1.0 vertices=4 derivatives=true
CEILING MAPPING: mesh=orison_ground_Court_asphalt_P26_N19 valid_basis=true max_uv_excess=0.0 widest=1.0 vertices=4 derivatives=true
CEILING MAPPING: mesh=orison_ground_Court_asphalt_P26_N20 valid_basis=true max_uv_excess=0.0 widest=1.0 vertices=4 derivatives=true
CEILING MAPPING: mesh=orison_ground_Court_asphalt_P26_N21 valid_basis=true max_uv_excess=0.0 widest=1.0 vertices=4 derivatives=true
CEILING MAPPING: mesh=orison_ground_Court_asphalt_P26_N22 valid_basis=true max_uv_excess=0.0 widest=1.0 vertices=4 derivatives=true
CEILING MAPPING: mesh=orison_ground_Court_asphalt_P26_N23 valid_basis=true max_uv_excess=0.0 widest=1.0 vertices=4 derivatives=true
CEILING MAPPING: mesh=orison_ground_Court_asphalt_P26_N24 valid_basis=true max_uv_excess=0.0 widest=1.0 vertices=4 derivatives=true
CEILING MAPPING: mesh=orison_ground_Court_asphalt_P26_N25 valid_basis=true max_uv_excess=0.0 widest=1.0 vertices=4 derivatives=true
CEILING MAPPING: mesh=orison_ground_Court_asphalt_P26_N26 valid_basis=true max_uv_excess=0.0 widest=1.0 vertices=4 derivatives=true
CEILING MAPPING: mesh=orison_ground_Court_asphalt_P26_N27 valid_basis=true max_uv_excess=0.0 widest=1.0 vertices=8 derivatives=true
CEILING MAPPING: mesh=orison_ground_Court_asphalt_P26_P0 valid_basis=true max_uv_excess=0.0 widest=1.0 vertices=4 derivatives=true
CEILING MAPPING: mesh=orison_ground_Court_asphalt_P26_P1 valid_basis=true max_uv_excess=0.0 widest=1.0 vertices=4 derivatives=true
CEILING MAPPING: mesh=orison_ground_Court_asphalt_P26_P2 valid_basis=true max_uv_excess=0.0 widest=1.0 vertices=4 derivatives=true
CEILING MAPPING: mesh=orison_ground_Court_asphalt_P26_P3 valid_basis=true max_uv_excess=0.0 widest=1.0 vertices=4 derivatives=true
CEILING MAPPING: mesh=orison_ground_Court_asphalt_P26_P4 valid_basis=true max_uv_excess=0.0 widest=1.0 vertices=8 derivatives=true
CEILING MAPPING: mesh=orison_ground_Court_asphalt_P26_P5 valid_basis=true max_uv_excess=0.0 widest=1.0 vertices=4 derivatives=true
CEILING MAPPING: mesh=orison_ground_Court_asphalt_P26_P6 valid_basis=true max_uv_excess=0.0 widest=1.0 vertices=4 derivatives=true
CEILING MAPPING: mesh=orison_ground_Court_asphalt_P26_P7 valid_basis=true max_uv_excess=0.0 widest=1.0 vertices=4 derivatives=true
CEILING MAPPING: mesh=orison_ground_Court_asphalt_P26_P8 valid_basis=true max_uv_excess=0.0 widest=1.0 vertices=4 derivatives=true
CEILING MAPPING: mesh=orison_ground_Court_asphalt_P26_P9 valid_basis=true max_uv_excess=0.0 widest=1.0 vertices=4 derivatives=true
CEILING MAPPING: mesh=orison_ground_Court_asphalt_P26_P10 valid_basis=true max_uv_excess=0.0 widest=1.0 vertices=4 derivatives=true
CEILING MAPPING: mesh=orison_ground_Court_asphalt_P26_P11 valid_basis=true max_uv_excess=0.0 widest=1.0 vertices=4 derivatives=true
CEILING MAPPING: mesh=orison_ground_Court_asphalt_P26_P12 valid_basis=true max_uv_excess=0.0 widest=1.0 vertices=4 derivatives=true
CEILING MAPPING: mesh=orison_ground_Court_asphalt_P26_P13 valid_basis=true max_uv_excess=0.0 widest=1.0 vertices=4 derivatives=true
CEILING MAPPING: mesh=orison_ground_Court_asphalt_P26_P14 valid_basis=true max_uv_excess=0.0 widest=1.0 vertices=4 derivatives=true
CEILING MAPPING: mesh=orison_ground_Court_asphalt_P26_P15 valid_basis=true max_uv_excess=0.0 widest=1.0 vertices=8 derivatives=true
CEILING MAPPING: mesh=orison_ground_Court_asphalt_P27_N1 valid_basis=true max_uv_excess=0.0 widest=1.0 vertices=8 derivatives=true
CEILING MAPPING: mesh=orison_ground_Court_asphalt_P27_N2 valid_basis=true max_uv_excess=0.0 widest=1.0 vertices=8 derivatives=true
CEILING MAPPING: mesh=orison_ground_Court_asphalt_P27_N3 valid_basis=true max_uv_excess=0.0 widest=1.0 vertices=8 derivatives=true
CEILING MAPPING: mesh=orison_ground_Court_asphalt_P27_N4 valid_basis=true max_uv_excess=0.0 widest=1.0 vertices=8 derivatives=true
CEILING MAPPING: mesh=orison_ground_Court_asphalt_P27_N5 valid_basis=true max_uv_excess=0.0 widest=1.0 vertices=8 derivatives=true
CEILING MAPPING: mesh=orison_ground_Court_asphalt_P27_N6 valid_basis=true max_uv_excess=0.0 widest=1.0 vertices=8 derivatives=true
CEILING MAPPING: mesh=orison_ground_Court_asphalt_P27_N7 valid_basis=true max_uv_excess=0.0 widest=1.0 vertices=8 derivatives=true
CEILING MAPPING: mesh=orison_ground_Court_asphalt_P27_N8 valid_basis=true max_uv_excess=0.0 widest=1.0 vertices=8 derivatives=true
CEILING MAPPING: mesh=orison_ground_Court_asphalt_P27_N9 valid_basis=true max_uv_excess=0.0 widest=1.0 vertices=8 derivatives=true
CEILING MAPPING: mesh=orison_ground_Court_asphalt_P27_N10 valid_basis=true max_uv_excess=0.0 widest=1.0 vertices=8 derivatives=true
CEILING MAPPING: mesh=orison_ground_Court_asphalt_P27_N11 valid_basis=true max_uv_excess=0.0 widest=1.0 vertices=8 derivatives=true
CEILING MAPPING: mesh=orison_ground_Court_asphalt_P27_N12 valid_basis=true max_uv_excess=0.0 widest=1.0 vertices=8 derivatives=true
CEILING MAPPING: mesh=orison_ground_Court_asphalt_P27_N13 valid_basis=true max_uv_excess=0.0 widest=1.0 vertices=8 derivatives=true
CEILING MAPPING: mesh=orison_ground_Court_asphalt_P27_N14 valid_basis=true max_uv_excess=0.0 widest=1.0 vertices=8 derivatives=true
CEILING MAPPING: mesh=orison_ground_Court_asphalt_P27_N15 valid_basis=true max_uv_excess=0.0 widest=1.0 vertices=8 derivatives=true
CEILING MAPPING: mesh=orison_ground_Court_asphalt_P27_N16 valid_basis=true max_uv_excess=0.0 widest=1.0 vertices=8 derivatives=true
CEILING MAPPING: mesh=orison_ground_Court_asphalt_P27_N17 valid_basis=true max_uv_excess=0.0 widest=1.0 vertices=8 derivatives=true
CEILING MAPPING: mesh=orison_ground_Court_asphalt_P27_N18 valid_basis=true max_uv_excess=0.0 widest=1.0 vertices=8 derivatives=true
CEILING MAPPING: mesh=orison_ground_Court_asphalt_P27_N19 valid_basis=true max_uv_excess=0.0 widest=1.0 vertices=8 derivatives=true
CEILING MAPPING: mesh=orison_ground_Court_asphalt_P27_N20 valid_basis=true max_uv_excess=0.0 widest=1.0 vertices=8 derivatives=true
CEILING MAPPING: mesh=orison_ground_Court_asphalt_P27_N21 valid_basis=true max_uv_excess=0.0 widest=1.0 vertices=8 derivatives=true
CEILING MAPPING: mesh=orison_ground_Court_asphalt_P27_N22 valid_basis=true max_uv_excess=0.0 widest=1.0 vertices=8 derivatives=true
CEILING MAPPING: mesh=orison_ground_Court_asphalt_P27_N23 valid_basis=true max_uv_excess=0.0 widest=1.0 vertices=8 derivatives=true
CEILING MAPPING: mesh=orison_ground_Court_asphalt_P27_N24 valid_basis=true max_uv_excess=0.0 widest=1.0 vertices=8 derivatives=true
CEILING MAPPING: mesh=orison_ground_Court_asphalt_P27_N25 valid_basis=true max_uv_excess=0.0 widest=1.0 vertices=8 derivatives=true
CEILING MAPPING: mesh=orison_ground_Court_asphalt_P27_N26 valid_basis=true max_uv_excess=0.0 widest=1.0 vertices=8 derivatives=true
CEILING MAPPING: mesh=orison_ground_Court_asphalt_P27_N27 valid_basis=true max_uv_excess=0.0 widest=1.0 vertices=12 derivatives=true
CEILING MAPPING: mesh=orison_ground_Court_asphalt_P27_P0 valid_basis=true max_uv_excess=0.0 widest=1.0 vertices=8 derivatives=true
CEILING MAPPING: mesh=orison_ground_Court_asphalt_P27_P1 valid_basis=true max_uv_excess=0.0 widest=1.0 vertices=8 derivatives=true
CEILING MAPPING: mesh=orison_ground_Court_asphalt_P27_P2 valid_basis=true max_uv_excess=0.0 widest=1.0 vertices=8 derivatives=true
CEILING MAPPING: mesh=orison_ground_Court_asphalt_P27_P3 valid_basis=true max_uv_excess=0.0 widest=1.0 vertices=8 derivatives=true
CEILING MAPPING: mesh=orison_ground_Court_asphalt_P27_P4 valid_basis=true max_uv_excess=0.0 widest=1.0 vertices=8 derivatives=true
CEILING MAPPING: mesh=orison_ground_Court_asphalt_P27_P5 valid_basis=true max_uv_excess=0.0 widest=1.0 vertices=8 derivatives=true
CEILING MAPPING: mesh=orison_ground_Court_asphalt_P27_P6 valid_basis=true max_uv_excess=0.0 widest=1.0 vertices=8 derivatives=true
CEILING MAPPING: mesh=orison_ground_Court_asphalt_P27_P7 valid_basis=true max_uv_excess=0.0 widest=1.0 vertices=8 derivatives=true
CEILING MAPPING: mesh=orison_ground_Court_asphalt_P27_P8 valid_basis=true max_uv_excess=0.0 widest=1.0 vertices=8 derivatives=true
CEILING MAPPING: mesh=orison_ground_Court_asphalt_P27_P9 valid_basis=true max_uv_excess=0.0 widest=1.0 vertices=8 derivatives=true
CEILING MAPPING: mesh=orison_ground_Court_asphalt_P27_P10 valid_basis=true max_uv_excess=0.0 widest=1.0 vertices=8 derivatives=true
CEILING MAPPING: mesh=orison_ground_Court_asphalt_P27_P11 valid_basis=true max_uv_excess=0.0 widest=1.0 vertices=8 derivatives=true
CEILING MAPPING: mesh=orison_ground_Court_asphalt_P27_P12 valid_basis=true max_uv_excess=0.0 widest=1.0 vertices=8 derivatives=true
CEILING MAPPING: mesh=orison_ground_Court_asphalt_P27_P13 valid_basis=true max_uv_excess=0.0 widest=1.0 vertices=8 derivatives=true
CEILING MAPPING: mesh=orison_ground_Court_asphalt_P27_P14 valid_basis=true max_uv_excess=0.0 widest=1.0 vertices=8 derivatives=true
CEILING MAPPING: mesh=orison_ground_Court_asphalt_P27_P15 valid_basis=true max_uv_excess=0.0 widest=1.0 vertices=12 derivatives=true
CEILING MAPPING: mesh=orison_ground_Court_soil_N1_N1 valid_basis=true max_uv_excess=0.0 widest=1.0 vertices=12 derivatives=true
CEILING MAPPING: mesh=orison_ground_Court_soil_N1_N4 valid_basis=true max_uv_excess=0.0 widest=1.0 vertices=184 derivatives=true
CEILING MAPPING: mesh=orison_ground_Court_soil_N1_N27 valid_basis=true max_uv_excess=0.0 widest=1.0 vertices=4 derivatives=true
CEILING MAPPING: mesh=orison_ground_Court_soil_N1_P15 valid_basis=true max_uv_excess=0.0 widest=1.0 vertices=4 derivatives=true
CEILING MAPPING: mesh=orison_ground_Court_soil_N2_N4 valid_basis=true max_uv_excess=0.00000023841858 widest=1.00000014901389 vertices=300 derivatives=true
CEILING MAPPING: mesh=orison_ground_Court_soil_N2_N27 valid_basis=true max_uv_excess=0.0 widest=1.0 vertices=4 derivatives=true
CEILING MAPPING: mesh=orison_ground_Court_soil_N2_P0 valid_basis=true max_uv_excess=0.0 widest=1.0 vertices=12 derivatives=true
CEILING MAPPING: mesh=orison_ground_Court_soil_N2_P1 valid_basis=true max_uv_excess=0.0 widest=1.0 vertices=12 derivatives=true
CEILING MAPPING: mesh=orison_ground_Court_soil_N2_P15 valid_basis=true max_uv_excess=0.0 widest=1.0 vertices=4 derivatives=true
CEILING MAPPING: mesh=orison_ground_Court_soil_N3_N4 valid_basis=true max_uv_excess=0.00000023841858 widest=1.00000028383159 vertices=240 derivatives=true
CEILING MAPPING: mesh=orison_ground_Court_soil_N3_N27 valid_basis=true max_uv_excess=0.0 widest=1.0 vertices=4 derivatives=true
CEILING MAPPING: mesh=orison_ground_Court_soil_N3_P15 valid_basis=true max_uv_excess=0.0 widest=1.0 vertices=4 derivatives=true
CEILING MAPPING: mesh=orison_ground_Court_soil_N4_N2 valid_basis=true max_uv_excess=0.0 widest=1.0 vertices=40 derivatives=true
CEILING MAPPING: mesh=orison_ground_Court_soil_N4_N4 valid_basis=true max_uv_excess=0.0 widest=1.0 vertices=208 derivatives=true
CEILING MAPPING: mesh=orison_ground_Court_soil_N4_N27 valid_basis=true max_uv_excess=0.0 widest=1.0 vertices=4 derivatives=true
CEILING MAPPING: mesh=orison_ground_Court_soil_N4_P0 valid_basis=true max_uv_excess=0.0 widest=1.0 vertices=40 derivatives=true
CEILING MAPPING: mesh=orison_ground_Court_soil_N4_P1 valid_basis=true max_uv_excess=0.0 widest=1.0 vertices=40 derivatives=true
CEILING MAPPING: mesh=orison_ground_Court_soil_N4_P15 valid_basis=true max_uv_excess=0.0 widest=1.0 vertices=4 derivatives=true
CEILING MAPPING: mesh=orison_ground_Court_soil_N5_N1 valid_basis=true max_uv_excess=0.0 widest=1.0 vertices=228 derivatives=true
CEILING MAPPING: mesh=orison_ground_Court_soil_N5_N2 valid_basis=true max_uv_excess=0.00000011920929 widest=1.00000011394708 vertices=280 derivatives=true
CEILING MAPPING: mesh=orison_ground_Court_soil_N5_N3 valid_basis=true max_uv_excess=0.00000005960464 widest=1.0000001419158 vertices=224 derivatives=true
CEILING MAPPING: mesh=orison_ground_Court_soil_N5_N4 valid_basis=true max_uv_excess=0.00000002980232 widest=1.00000017067922 vertices=112 derivatives=true
CEILING MAPPING: mesh=orison_ground_Court_soil_N5_N27 valid_basis=true max_uv_excess=0.0 widest=1.0 vertices=4 derivatives=true
CEILING MAPPING: mesh=orison_ground_Court_soil_N5_P0 valid_basis=true max_uv_excess=0.00000011920929 widest=1.0000000709579 vertices=296 derivatives=true
CEILING MAPPING: mesh=orison_ground_Court_soil_N5_P1 valid_basis=true max_uv_excess=0.00000023841858 widest=1.00000011601878 vertices=232 derivatives=true
CEILING MAPPING: mesh=orison_ground_Court_soil_N5_P15 valid_basis=true max_uv_excess=0.0 widest=1.0 vertices=4 derivatives=true
CEILING MAPPING: mesh=orison_ground_Court_soil_N6_N1 valid_basis=true max_uv_excess=0.0 widest=1.0 vertices=4 derivatives=true
CEILING MAPPING: mesh=orison_ground_Court_soil_N6_N27 valid_basis=true max_uv_excess=0.0 widest=1.0 vertices=4 derivatives=true
CEILING MAPPING: mesh=orison_ground_Court_soil_N6_P15 valid_basis=true max_uv_excess=0.0 widest=1.0 vertices=4 derivatives=true
CEILING MAPPING: mesh=orison_ground_Court_soil_N7_N27 valid_basis=true max_uv_excess=0.0 widest=1.0 vertices=4 derivatives=true
CEILING MAPPING: mesh=orison_ground_Court_soil_N7_P15 valid_basis=true max_uv_excess=0.0 widest=1.0 vertices=4 derivatives=true
CEILING MAPPING: mesh=orison_ground_Court_soil_N8_N27 valid_basis=true max_uv_excess=0.0 widest=1.0 vertices=4 derivatives=true
CEILING MAPPING: mesh=orison_ground_Court_soil_N8_P15 valid_basis=true max_uv_excess=0.0 widest=1.0 vertices=4 derivatives=true
CEILING MAPPING: mesh=orison_ground_Court_soil_N9_N27 valid_basis=true max_uv_excess=0.0 widest=1.0 vertices=4 derivatives=true
CEILING MAPPING: mesh=orison_ground_Court_soil_N9_P15 valid_basis=true max_uv_excess=0.0 widest=1.0 vertices=4 derivatives=true
CEILING MAPPING: mesh=orison_ground_Court_soil_N10_N27 valid_basis=true max_uv_excess=0.0 widest=1.0 vertices=4 derivatives=true
CEILING MAPPING: mesh=orison_ground_Court_soil_N10_P15 valid_basis=true max_uv_excess=0.0 widest=1.0 vertices=4 derivatives=true
CEILING MAPPING: mesh=orison_ground_Court_soil_N11_N27 valid_basis=true max_uv_excess=0.0 widest=1.0 vertices=4 derivatives=true
CEILING MAPPING: mesh=orison_ground_Court_soil_N11_P15 valid_basis=true max_uv_excess=0.0 widest=1.0 vertices=4 derivatives=true
CEILING MAPPING: mesh=orison_ground_Court_soil_N12_N27 valid_basis=true max_uv_excess=0.0 widest=1.0 vertices=4 derivatives=true
CEILING MAPPING: mesh=orison_ground_Court_soil_N12_P15 valid_basis=true max_uv_excess=0.0 widest=1.0 vertices=4 derivatives=true
CEILING MAPPING: mesh=orison_ground_Court_soil_N13_N27 valid_basis=true max_uv_excess=0.0 widest=1.0 vertices=4 derivatives=true
CEILING MAPPING: mesh=orison_ground_Court_soil_N13_P15 valid_basis=true max_uv_excess=0.0 widest=1.0 vertices=4 derivatives=true
CEILING MAPPING: mesh=orison_ground_Court_soil_N14_N27 valid_basis=true max_uv_excess=0.0 widest=1.0 vertices=4 derivatives=true
CEILING MAPPING: mesh=orison_ground_Court_soil_N14_P15 valid_basis=true max_uv_excess=0.0 widest=1.0 vertices=4 derivatives=true
CEILING MAPPING: mesh=orison_ground_Court_soil_N15_N27 valid_basis=true max_uv_excess=0.0 widest=1.0 vertices=4 derivatives=true
CEILING MAPPING: mesh=orison_ground_Court_soil_N15_P15 valid_basis=true max_uv_excess=0.0 widest=1.0 vertices=4 derivatives=true
CEILING MAPPING: mesh=orison_ground_Court_soil_N16_N27 valid_basis=true max_uv_excess=0.0 widest=1.0 vertices=4 derivatives=true
CEILING MAPPING: mesh=orison_ground_Court_soil_N16_P15 valid_basis=true max_uv_excess=0.0 widest=1.0 vertices=4 derivatives=true
CEILING MAPPING: mesh=orison_ground_Court_soil_N17_N27 valid_basis=true max_uv_excess=0.0 widest=1.0 vertices=4 derivatives=true
CEILING MAPPING: mesh=orison_ground_Court_soil_N17_P15 valid_basis=true max_uv_excess=0.0 widest=1.0 vertices=4 derivatives=true
CEILING MAPPING: mesh=orison_ground_Court_soil_N18_N27 valid_basis=true max_uv_excess=0.0 widest=1.0 vertices=4 derivatives=true
CEILING MAPPING: mesh=orison_ground_Court_soil_N18_P15 valid_basis=true max_uv_excess=0.0 widest=1.0 vertices=4 derivatives=true
CEILING MAPPING: mesh=orison_ground_Court_soil_N19_N27 valid_basis=true max_uv_excess=0.0 widest=1.0 vertices=4 derivatives=true
CEILING MAPPING: mesh=orison_ground_Court_soil_N19_P15 valid_basis=true max_uv_excess=0.0 widest=1.0 vertices=4 derivatives=true
CEILING MAPPING: mesh=orison_ground_Court_soil_N20_N27 valid_basis=true max_uv_excess=0.0 widest=1.0 vertices=4 derivatives=true
CEILING MAPPING: mesh=orison_ground_Court_soil_N20_P15 valid_basis=true max_uv_excess=0.0 widest=1.0 vertices=4 derivatives=true
CEILING MAPPING: mesh=orison_ground_Court_soil_N21_N27 valid_basis=true max_uv_excess=0.0 widest=1.0 vertices=4 derivatives=true
CEILING MAPPING: mesh=orison_ground_Court_soil_N21_P15 valid_basis=true max_uv_excess=0.0 widest=1.0 vertices=4 derivatives=true
CEILING MAPPING: mesh=orison_ground_Court_soil_N22_N27 valid_basis=true max_uv_excess=0.0 widest=1.0 vertices=4 derivatives=true
CEILING MAPPING: mesh=orison_ground_Court_soil_N22_P15 valid_basis=true max_uv_excess=0.0 widest=1.0 vertices=4 derivatives=true
CEILING MAPPING: mesh=orison_ground_Court_soil_N23_N27 valid_basis=true max_uv_excess=0.0 widest=1.0 vertices=4 derivatives=true
CEILING MAPPING: mesh=orison_ground_Court_soil_N23_P15 valid_basis=true max_uv_excess=0.0 widest=1.0 vertices=4 derivatives=true
CEILING MAPPING: mesh=orison_ground_Court_soil_N24_N27 valid_basis=true max_uv_excess=0.0 widest=1.0 vertices=4 derivatives=true
CEILING MAPPING: mesh=orison_ground_Court_soil_N24_P15 valid_basis=true max_uv_excess=0.0 widest=1.0 vertices=4 derivatives=true
CEILING MAPPING: mesh=orison_ground_Court_soil_N25_N27 valid_basis=true max_uv_excess=0.0 widest=1.0 vertices=4 derivatives=true
CEILING MAPPING: mesh=orison_ground_Court_soil_N25_P15 valid_basis=true max_uv_excess=0.0 widest=1.0 vertices=4 derivatives=true
CEILING MAPPING: mesh=orison_ground_Court_soil_N26_N27 valid_basis=true max_uv_excess=0.0 widest=1.0 vertices=4 derivatives=true
CEILING MAPPING: mesh=orison_ground_Court_soil_N26_P15 valid_basis=true max_uv_excess=0.0 widest=1.0 vertices=4 derivatives=true
CEILING MAPPING: mesh=orison_ground_Court_soil_N27_N1 valid_basis=true max_uv_excess=0.0 widest=1.0 vertices=4 derivatives=true
CEILING MAPPING: mesh=orison_ground_Court_soil_N27_N2 valid_basis=true max_uv_excess=0.0 widest=1.0 vertices=4 derivatives=true
CEILING MAPPING: mesh=orison_ground_Court_soil_N27_N3 valid_basis=true max_uv_excess=0.0 widest=1.0 vertices=4 derivatives=true
CEILING MAPPING: mesh=orison_ground_Court_soil_N27_N4 valid_basis=true max_uv_excess=0.0 widest=1.0 vertices=4 derivatives=true
CEILING MAPPING: mesh=orison_ground_Court_soil_N27_N5 valid_basis=true max_uv_excess=0.0 widest=1.0 vertices=4 derivatives=true
CEILING MAPPING: mesh=orison_ground_Court_soil_N27_N6 valid_basis=true max_uv_excess=0.0 widest=1.0 vertices=4 derivatives=true
CEILING MAPPING: mesh=orison_ground_Court_soil_N27_N7 valid_basis=true max_uv_excess=0.0 widest=1.0 vertices=4 derivatives=true
CEILING MAPPING: mesh=orison_ground_Court_soil_N27_N8 valid_basis=true max_uv_excess=0.0 widest=1.0 vertices=4 derivatives=true
CEILING MAPPING: mesh=orison_ground_Court_soil_N27_N9 valid_basis=true max_uv_excess=0.0 widest=1.0 vertices=4 derivatives=true
CEILING MAPPING: mesh=orison_ground_Court_soil_N27_N10 valid_basis=true max_uv_excess=0.0 widest=1.0 vertices=4 derivatives=true
CEILING MAPPING: mesh=orison_ground_Court_soil_N27_N11 valid_basis=true max_uv_excess=0.0 widest=1.0 vertices=4 derivatives=true
CEILING MAPPING: mesh=orison_ground_Court_soil_N27_N12 valid_basis=true max_uv_excess=0.0 widest=1.0 vertices=4 derivatives=true
CEILING MAPPING: mesh=orison_ground_Court_soil_N27_N13 valid_basis=true max_uv_excess=0.0 widest=1.0 vertices=4 derivatives=true
CEILING MAPPING: mesh=orison_ground_Court_soil_N27_N14 valid_basis=true max_uv_excess=0.0 widest=1.0 vertices=4 derivatives=true
CEILING MAPPING: mesh=orison_ground_Court_soil_N27_N15 valid_basis=true max_uv_excess=0.0 widest=1.0 vertices=4 derivatives=true
CEILING MAPPING: mesh=orison_ground_Court_soil_N27_N16 valid_basis=true max_uv_excess=0.0 widest=1.0 vertices=4 derivatives=true
CEILING MAPPING: mesh=orison_ground_Court_soil_N27_N17 valid_basis=true max_uv_excess=0.0 widest=1.0 vertices=4 derivatives=true
CEILING MAPPING: mesh=orison_ground_Court_soil_N27_N18 valid_basis=true max_uv_excess=0.0 widest=1.0 vertices=4 derivatives=true
CEILING MAPPING: mesh=orison_ground_Court_soil_N27_N19 valid_basis=true max_uv_excess=0.0 widest=1.0 vertices=4 derivatives=true
CEILING MAPPING: mesh=orison_ground_Court_soil_N27_N20 valid_basis=true max_uv_excess=0.0 widest=1.0 vertices=4 derivatives=true
CEILING MAPPING: mesh=orison_ground_Court_soil_N27_N21 valid_basis=true max_uv_excess=0.0 widest=1.0 vertices=4 derivatives=true
CEILING MAPPING: mesh=orison_ground_Court_soil_N27_N22 valid_basis=true max_uv_excess=0.0 widest=1.0 vertices=4 derivatives=true
CEILING MAPPING: mesh=orison_ground_Court_soil_N27_N23 valid_basis=true max_uv_excess=0.0 widest=1.0 vertices=4 derivatives=true
CEILING MAPPING: mesh=orison_ground_Court_soil_N27_N24 valid_basis=true max_uv_excess=0.0 widest=1.0 vertices=4 derivatives=true
CEILING MAPPING: mesh=orison_ground_Court_soil_N27_N25 valid_basis=true max_uv_excess=0.0 widest=1.0 vertices=4 derivatives=true
CEILING MAPPING: mesh=orison_ground_Court_soil_N27_N26 valid_basis=true max_uv_excess=0.0 widest=1.0 vertices=4 derivatives=true
CEILING MAPPING: mesh=orison_ground_Court_soil_N27_N27 valid_basis=true max_uv_excess=0.0 widest=1.0 vertices=8 derivatives=true
CEILING MAPPING: mesh=orison_ground_Court_soil_N27_P0 valid_basis=true max_uv_excess=0.0 widest=1.0 vertices=4 derivatives=true
CEILING MAPPING: mesh=orison_ground_Court_soil_N27_P1 valid_basis=true max_uv_excess=0.0 widest=1.0 vertices=4 derivatives=true
CEILING MAPPING: mesh=orison_ground_Court_soil_N27_P2 valid_basis=true max_uv_excess=0.0 widest=1.0 vertices=4 derivatives=true
CEILING MAPPING: mesh=orison_ground_Court_soil_N27_P3 valid_basis=true max_uv_excess=0.0 widest=1.0 vertices=4 derivatives=true
CEILING MAPPING: mesh=orison_ground_Court_soil_N27_P4 valid_basis=true max_uv_excess=0.0 widest=1.0 vertices=4 derivatives=true
CEILING MAPPING: mesh=orison_ground_Court_soil_N27_P5 valid_basis=true max_uv_excess=0.0 widest=1.0 vertices=4 derivatives=true
CEILING MAPPING: mesh=orison_ground_Court_soil_N27_P6 valid_basis=true max_uv_excess=0.0 widest=1.0 vertices=4 derivatives=true
CEILING MAPPING: mesh=orison_ground_Court_soil_N27_P7 valid_basis=true max_uv_excess=0.0 widest=1.0 vertices=4 derivatives=true
CEILING MAPPING: mesh=orison_ground_Court_soil_N27_P8 valid_basis=true max_uv_excess=0.0 widest=1.0 vertices=4 derivatives=true
CEILING MAPPING: mesh=orison_ground_Court_soil_N27_P9 valid_basis=true max_uv_excess=0.0 widest=1.0 vertices=4 derivatives=true
CEILING MAPPING: mesh=orison_ground_Court_soil_N27_P10 valid_basis=true max_uv_excess=0.0 widest=1.0 vertices=4 derivatives=true
CEILING MAPPING: mesh=orison_ground_Court_soil_N27_P11 valid_basis=true max_uv_excess=0.0 widest=1.0 vertices=4 derivatives=true
CEILING MAPPING: mesh=orison_ground_Court_soil_N27_P12 valid_basis=true max_uv_excess=0.0 widest=1.0 vertices=4 derivatives=true
CEILING MAPPING: mesh=orison_ground_Court_soil_N27_P13 valid_basis=true max_uv_excess=0.0 widest=1.0 vertices=4 derivatives=true
CEILING MAPPING: mesh=orison_ground_Court_soil_N27_P14 valid_basis=true max_uv_excess=0.0 widest=1.0 vertices=4 derivatives=true
CEILING MAPPING: mesh=orison_ground_Court_soil_N27_P15 valid_basis=true max_uv_excess=0.0 widest=1.0 vertices=8 derivatives=true
CEILING MAPPING: mesh=orison_ground_Court_soil_P0_N1 valid_basis=true max_uv_excess=0.0 widest=1.0 vertices=16 derivatives=true
CEILING MAPPING: mesh=orison_ground_Court_soil_P0_N4 valid_basis=true max_uv_excess=0.0 widest=1.0 vertices=224 derivatives=true
CEILING MAPPING: mesh=orison_ground_Court_soil_P0_N27 valid_basis=true max_uv_excess=0.0 widest=1.0 vertices=4 derivatives=true
CEILING MAPPING: mesh=orison_ground_Court_soil_P0_P0 valid_basis=true max_uv_excess=0.00000023841858 widest=1.00000010837209 vertices=4 derivatives=true
CEILING MAPPING: mesh=orison_ground_Court_soil_P0_P15 valid_basis=true max_uv_excess=0.0 widest=1.0 vertices=4 derivatives=true
CEILING MAPPING: mesh=orison_ground_Court_soil_P1_N1 valid_basis=true max_uv_excess=0.0 widest=1.0 vertices=4 derivatives=true
CEILING MAPPING: mesh=orison_ground_Court_soil_P1_N4 valid_basis=true max_uv_excess=0.00000005960464 widest=1.0000001419158 vertices=216 derivatives=true
CEILING MAPPING: mesh=orison_ground_Court_soil_P1_N27 valid_basis=true max_uv_excess=0.0 widest=1.0 vertices=4 derivatives=true
CEILING MAPPING: mesh=orison_ground_Court_soil_P1_P2 valid_basis=true max_uv_excess=0.00000005960464 widest=1.00000019868202 vertices=8 derivatives=true
CEILING MAPPING: mesh=orison_ground_Court_soil_P1_P3 valid_basis=true max_uv_excess=0.0 widest=1.0 vertices=16 derivatives=true
CEILING MAPPING: mesh=orison_ground_Court_soil_P1_P15 valid_basis=true max_uv_excess=0.0 widest=1.0 vertices=4 derivatives=true
CEILING MAPPING: mesh=orison_ground_Court_soil_P2_N4 valid_basis=true max_uv_excess=0.00000023841858 widest=1.00000021273854 vertices=356 derivatives=true
CEILING MAPPING: mesh=orison_ground_Court_soil_P2_N27 valid_basis=true max_uv_excess=0.0 widest=1.0 vertices=4 derivatives=true
CEILING MAPPING: mesh=orison_ground_Court_soil_P2_P0 valid_basis=true max_uv_excess=0.00000005960464 widest=1.00000019868202 vertices=64 derivatives=true
CEILING MAPPING: mesh=orison_ground_Court_soil_P2_P2 valid_basis=true max_uv_excess=0.00000023841858 widest=1.00000011726274 vertices=96 derivatives=true
CEILING MAPPING: mesh=orison_ground_Court_soil_P2_P3 valid_basis=true max_uv_excess=0.0 widest=1.0 vertices=4 derivatives=true
CEILING MAPPING: mesh=orison_ground_Court_soil_P2_P15 valid_basis=true max_uv_excess=0.0 widest=1.0 vertices=4 derivatives=true
CEILING MAPPING: mesh=orison_ground_Court_soil_P3_N1 valid_basis=true max_uv_excess=0.0 widest=1.0 vertices=40 derivatives=true
CEILING MAPPING: mesh=orison_ground_Court_soil_P3_N2 valid_basis=true max_uv_excess=0.00000023841858 widest=1.00000009891246 vertices=40 derivatives=true
CEILING MAPPING: mesh=orison_ground_Court_soil_P3_N4 valid_basis=true max_uv_excess=0.0 widest=1.0 vertices=188 derivatives=true
CEILING MAPPING: mesh=orison_ground_Court_soil_P3_N27 valid_basis=true max_uv_excess=0.0 widest=1.0 vertices=4 derivatives=true
CEILING MAPPING: mesh=orison_ground_Court_soil_P3_P0 valid_basis=true max_uv_excess=0.0 widest=1.0 vertices=32 derivatives=true
CEILING MAPPING: mesh=orison_ground_Court_soil_P3_P1 valid_basis=true max_uv_excess=0.0 widest=1.0 vertices=8 derivatives=true
CEILING MAPPING: mesh=orison_ground_Court_soil_P3_P2 valid_basis=true max_uv_excess=0.0 widest=1.0 vertices=16 derivatives=true
CEILING MAPPING: mesh=orison_ground_Court_soil_P3_P3 valid_basis=true max_uv_excess=0.0 widest=1.0 vertices=4 derivatives=true
CEILING MAPPING: mesh=orison_ground_Court_soil_P3_P15 valid_basis=true max_uv_excess=0.0 widest=1.0 vertices=4 derivatives=true
CEILING MAPPING: mesh=orison_ground_Court_soil_P4_N1 valid_basis=true max_uv_excess=0.00000023841858 widest=1.00000015150137 vertices=516 derivatives=true
CEILING MAPPING: mesh=orison_ground_Court_soil_P4_N2 valid_basis=true max_uv_excess=0.00000005960464 widest=1.00000015073168 vertices=580 derivatives=true
CEILING MAPPING: mesh=orison_ground_Court_soil_P4_N3 valid_basis=true max_uv_excess=0.00000005960464 widest=1.0000001419158 vertices=436 derivatives=true
CEILING MAPPING: mesh=orison_ground_Court_soil_P4_N4 valid_basis=true max_uv_excess=0.00000008940697 widest=1.00000025915115 vertices=548 derivatives=true
CEILING MAPPING: mesh=orison_ground_Court_soil_P4_N5 valid_basis=true max_uv_excess=0.0 widest=1.0 vertices=128 derivatives=true
CEILING MAPPING: mesh=orison_ground_Court_soil_P4_N27 valid_basis=true max_uv_excess=0.0 widest=1.0 vertices=4 derivatives=true
CEILING MAPPING: mesh=orison_ground_Court_soil_P4_P0 valid_basis=true max_uv_excess=0.00000011920929 widest=1.00000085149864 vertices=508 derivatives=true
CEILING MAPPING: mesh=orison_ground_Court_soil_P4_P1 valid_basis=true max_uv_excess=0.00000005960464 widest=1.00000012957557 vertices=452 derivatives=true
CEILING MAPPING: mesh=orison_ground_Court_soil_P4_P2 valid_basis=true max_uv_excess=0.00000011920929 widest=1.00000030645066 vertices=480 derivatives=true
CEILING MAPPING: mesh=orison_ground_Court_soil_P4_P3 valid_basis=true max_uv_excess=0.00000047683716 widest=1.00000085149864 vertices=388 derivatives=true
CEILING MAPPING: mesh=orison_ground_Court_soil_P4_P15 valid_basis=true max_uv_excess=0.0 widest=1.0 vertices=4 derivatives=true
CEILING MAPPING: mesh=orison_ground_Court_soil_P5_N27 valid_basis=true max_uv_excess=0.0 widest=1.0 vertices=4 derivatives=true
CEILING MAPPING: mesh=orison_ground_Court_soil_P5_P15 valid_basis=true max_uv_excess=0.0 widest=1.0 vertices=4 derivatives=true
CEILING MAPPING: mesh=orison_ground_Court_soil_P6_N27 valid_basis=true max_uv_excess=0.0 widest=1.0 vertices=4 derivatives=true
CEILING MAPPING: mesh=orison_ground_Court_soil_P6_P15 valid_basis=true max_uv_excess=0.0 widest=1.0 vertices=4 derivatives=true
CEILING MAPPING: mesh=orison_ground_Court_soil_P7_N27 valid_basis=true max_uv_excess=0.0 widest=1.0 vertices=4 derivatives=true
CEILING MAPPING: mesh=orison_ground_Court_soil_P7_P15 valid_basis=true max_uv_excess=0.0 widest=1.0 vertices=4 derivatives=true
CEILING MAPPING: mesh=orison_ground_Court_soil_P8_N27 valid_basis=true max_uv_excess=0.0 widest=1.0 vertices=4 derivatives=true
CEILING MAPPING: mesh=orison_ground_Court_soil_P8_P15 valid_basis=true max_uv_excess=0.0 widest=1.0 vertices=4 derivatives=true
CEILING MAPPING: mesh=orison_ground_Court_soil_P9_N27 valid_basis=true max_uv_excess=0.0 widest=1.0 vertices=4 derivatives=true
CEILING MAPPING: mesh=orison_ground_Court_soil_P9_P15 valid_basis=true max_uv_excess=0.0 widest=1.0 vertices=4 derivatives=true
CEILING MAPPING: mesh=orison_ground_Court_soil_P10_N27 valid_basis=true max_uv_excess=0.0 widest=1.0 vertices=4 derivatives=true
CEILING MAPPING: mesh=orison_ground_Court_soil_P10_P15 valid_basis=true max_uv_excess=0.0 widest=1.0 vertices=4 derivatives=true
CEILING MAPPING: mesh=orison_ground_Court_soil_P11_N27 valid_basis=true max_uv_excess=0.0 widest=1.0 vertices=4 derivatives=true
CEILING MAPPING: mesh=orison_ground_Court_soil_P11_P15 valid_basis=true max_uv_excess=0.0 widest=1.0 vertices=4 derivatives=true
CEILING MAPPING: mesh=orison_ground_Court_soil_P12_N27 valid_basis=true max_uv_excess=0.0 widest=1.0 vertices=4 derivatives=true
CEILING MAPPING: mesh=orison_ground_Court_soil_P12_P15 valid_basis=true max_uv_excess=0.0 widest=1.0 vertices=4 derivatives=true
CEILING MAPPING: mesh=orison_ground_Court_soil_P13_N27 valid_basis=true max_uv_excess=0.0 widest=1.0 vertices=4 derivatives=true
CEILING MAPPING: mesh=orison_ground_Court_soil_P13_P15 valid_basis=true max_uv_excess=0.0 widest=1.0 vertices=4 derivatives=true
CEILING MAPPING: mesh=orison_ground_Court_soil_P14_N27 valid_basis=true max_uv_excess=0.0 widest=1.0 vertices=4 derivatives=true
CEILING MAPPING: mesh=orison_ground_Court_soil_P14_P15 valid_basis=true max_uv_excess=0.0 widest=1.0 vertices=4 derivatives=true
CEILING MAPPING: mesh=orison_ground_Court_soil_P15_N27 valid_basis=true max_uv_excess=0.0 widest=1.0 vertices=4 derivatives=true
CEILING MAPPING: mesh=orison_ground_Court_soil_P15_P15 valid_basis=true max_uv_excess=0.0 widest=1.0 vertices=4 derivatives=true
CEILING MAPPING: mesh=orison_ground_Court_soil_P16_N27 valid_basis=true max_uv_excess=0.0 widest=1.0 vertices=4 derivatives=true
CEILING MAPPING: mesh=orison_ground_Court_soil_P16_P15 valid_basis=true max_uv_excess=0.0 widest=1.0 vertices=4 derivatives=true
CEILING MAPPING: mesh=orison_ground_Court_soil_P17_N27 valid_basis=true max_uv_excess=0.0 widest=1.0 vertices=4 derivatives=true
CEILING MAPPING: mesh=orison_ground_Court_soil_P17_P15 valid_basis=true max_uv_excess=0.0 widest=1.0 vertices=4 derivatives=true
CEILING MAPPING: mesh=orison_ground_Court_soil_P18_N27 valid_basis=true max_uv_excess=0.0 widest=1.0 vertices=4 derivatives=true
CEILING MAPPING: mesh=orison_ground_Court_soil_P18_P15 valid_basis=true max_uv_excess=0.0 widest=1.0 vertices=4 derivatives=true
CEILING MAPPING: mesh=orison_ground_Court_soil_P19_N27 valid_basis=true max_uv_excess=0.0 widest=1.0 vertices=4 derivatives=true
CEILING MAPPING: mesh=orison_ground_Court_soil_P19_P15 valid_basis=true max_uv_excess=0.0 widest=1.0 vertices=4 derivatives=true
CEILING MAPPING: mesh=orison_ground_Court_soil_P20_N27 valid_basis=true max_uv_excess=0.0 widest=1.0 vertices=4 derivatives=true
CEILING MAPPING: mesh=orison_ground_Court_soil_P20_P15 valid_basis=true max_uv_excess=0.0 widest=1.0 vertices=4 derivatives=true
CEILING MAPPING: mesh=orison_ground_Court_soil_P21_N27 valid_basis=true max_uv_excess=0.0 widest=1.0 vertices=4 derivatives=true
CEILING MAPPING: mesh=orison_ground_Court_soil_P21_P15 valid_basis=true max_uv_excess=0.0 widest=1.0 vertices=4 derivatives=true
CEILING MAPPING: mesh=orison_ground_Court_soil_P22_N27 valid_basis=true max_uv_excess=0.0 widest=1.0 vertices=4 derivatives=true
CEILING MAPPING: mesh=orison_ground_Court_soil_P22_P15 valid_basis=true max_uv_excess=0.0 widest=1.0 vertices=4 derivatives=true
CEILING MAPPING: mesh=orison_ground_Court_soil_P23_N27 valid_basis=true max_uv_excess=0.0 widest=1.0 vertices=4 derivatives=true
CEILING MAPPING: mesh=orison_ground_Court_soil_P23_P15 valid_basis=true max_uv_excess=0.0 widest=1.0 vertices=4 derivatives=true
CEILING MAPPING: mesh=orison_ground_Court_soil_P24_N27 valid_basis=true max_uv_excess=0.0 widest=1.0 vertices=4 derivatives=true
CEILING MAPPING: mesh=orison_ground_Court_soil_P24_P15 valid_basis=true max_uv_excess=0.0 widest=1.0 vertices=4 derivatives=true
CEILING MAPPING: mesh=orison_ground_Court_soil_P25_N27 valid_basis=true max_uv_excess=0.0 widest=1.0 vertices=4 derivatives=true
CEILING MAPPING: mesh=orison_ground_Court_soil_P25_P15 valid_basis=true max_uv_excess=0.0 widest=1.0 vertices=4 derivatives=true
CEILING MAPPING: mesh=orison_ground_Court_soil_P26_N27 valid_basis=true max_uv_excess=0.0 widest=1.0 vertices=4 derivatives=true
CEILING MAPPING: mesh=orison_ground_Court_soil_P26_P15 valid_basis=true max_uv_excess=0.0 widest=1.0 vertices=4 derivatives=true
CEILING MAPPING: mesh=orison_ground_Court_soil_P27_N1 valid_basis=true max_uv_excess=0.0 widest=1.0 vertices=4 derivatives=true
CEILING MAPPING: mesh=orison_ground_Court_soil_P27_N2 valid_basis=true max_uv_excess=0.0 widest=1.0 vertices=4 derivatives=true
CEILING MAPPING: mesh=orison_ground_Court_soil_P27_N3 valid_basis=true max_uv_excess=0.0 widest=1.0 vertices=4 derivatives=true
CEILING MAPPING: mesh=orison_ground_Court_soil_P27_N4 valid_basis=true max_uv_excess=0.0 widest=1.0 vertices=4 derivatives=true
CEILING MAPPING: mesh=orison_ground_Court_soil_P27_N5 valid_basis=true max_uv_excess=0.0 widest=1.0 vertices=4 derivatives=true
CEILING MAPPING: mesh=orison_ground_Court_soil_P27_N6 valid_basis=true max_uv_excess=0.0 widest=1.0 vertices=4 derivatives=true
CEILING MAPPING: mesh=orison_ground_Court_soil_P27_N7 valid_basis=true max_uv_excess=0.0 widest=1.0 vertices=4 derivatives=true
CEILING MAPPING: mesh=orison_ground_Court_soil_P27_N8 valid_basis=true max_uv_excess=0.0 widest=1.0 vertices=4 derivatives=true
CEILING MAPPING: mesh=orison_ground_Court_soil_P27_N9 valid_basis=true max_uv_excess=0.0 widest=1.0 vertices=4 derivatives=true
CEILING MAPPING: mesh=orison_ground_Court_soil_P27_N10 valid_basis=true max_uv_excess=0.0 widest=1.0 vertices=4 derivatives=true
CEILING MAPPING: mesh=orison_ground_Court_soil_P27_N11 valid_basis=true max_uv_excess=0.0 widest=1.0 vertices=4 derivatives=true
CEILING MAPPING: mesh=orison_ground_Court_soil_P27_N12 valid_basis=true max_uv_excess=0.0 widest=1.0 vertices=4 derivatives=true
CEILING MAPPING: mesh=orison_ground_Court_soil_P27_N13 valid_basis=true max_uv_excess=0.0 widest=1.0 vertices=4 derivatives=true
CEILING MAPPING: mesh=orison_ground_Court_soil_P27_N14 valid_basis=true max_uv_excess=0.0 widest=1.0 vertices=4 derivatives=true
CEILING MAPPING: mesh=orison_ground_Court_soil_P27_N15 valid_basis=true max_uv_excess=0.0 widest=1.0 vertices=4 derivatives=true
CEILING MAPPING: mesh=orison_ground_Court_soil_P27_N16 valid_basis=true max_uv_excess=0.0 widest=1.0 vertices=4 derivatives=true
CEILING MAPPING: mesh=orison_ground_Court_soil_P27_N17 valid_basis=true max_uv_excess=0.0 widest=1.0 vertices=4 derivatives=true
CEILING MAPPING: mesh=orison_ground_Court_soil_P27_N18 valid_basis=true max_uv_excess=0.0 widest=1.0 vertices=4 derivatives=true
CEILING MAPPING: mesh=orison_ground_Court_soil_P27_N19 valid_basis=true max_uv_excess=0.0 widest=1.0 vertices=4 derivatives=true
CEILING MAPPING: mesh=orison_ground_Court_soil_P27_N20 valid_basis=true max_uv_excess=0.0 widest=1.0 vertices=4 derivatives=true
CEILING MAPPING: mesh=orison_ground_Court_soil_P27_N21 valid_basis=true max_uv_excess=0.0 widest=1.0 vertices=4 derivatives=true
CEILING MAPPING: mesh=orison_ground_Court_soil_P27_N22 valid_basis=true max_uv_excess=0.0 widest=1.0 vertices=4 derivatives=true
CEILING MAPPING: mesh=orison_ground_Court_soil_P27_N23 valid_basis=true max_uv_excess=0.0 widest=1.0 vertices=4 derivatives=true
CEILING MAPPING: mesh=orison_ground_Court_soil_P27_N24 valid_basis=true max_uv_excess=0.0 widest=1.0 vertices=4 derivatives=true
CEILING MAPPING: mesh=orison_ground_Court_soil_P27_N25 valid_basis=true max_uv_excess=0.0 widest=1.0 vertices=4 derivatives=true
CEILING MAPPING: mesh=orison_ground_Court_soil_P27_N26 valid_basis=true max_uv_excess=0.0 widest=1.0 vertices=4 derivatives=true
CEILING MAPPING: mesh=orison_ground_Court_soil_P27_N27 valid_basis=true max_uv_excess=0.0 widest=1.0 vertices=8 derivatives=true
CEILING MAPPING: mesh=orison_ground_Court_soil_P27_P0 valid_basis=true max_uv_excess=0.0 widest=1.0 vertices=4 derivatives=true
CEILING MAPPING: mesh=orison_ground_Court_soil_P27_P1 valid_basis=true max_uv_excess=0.0 widest=1.0 vertices=4 derivatives=true
CEILING MAPPING: mesh=orison_ground_Court_soil_P27_P2 valid_basis=true max_uv_excess=0.0 widest=1.0 vertices=4 derivatives=true
CEILING MAPPING: mesh=orison_ground_Court_soil_P27_P3 valid_basis=true max_uv_excess=0.0 widest=1.0 vertices=4 derivatives=true
CEILING MAPPING: mesh=orison_ground_Court_soil_P27_P4 valid_basis=true max_uv_excess=0.0 widest=1.0 vertices=4 derivatives=true
CEILING MAPPING: mesh=orison_ground_Court_soil_P27_P5 valid_basis=true max_uv_excess=0.0 widest=1.0 vertices=4 derivatives=true
CEILING MAPPING: mesh=orison_ground_Court_soil_P27_P6 valid_basis=true max_uv_excess=0.0 widest=1.0 vertices=4 derivatives=true
CEILING MAPPING: mesh=orison_ground_Court_soil_P27_P7 valid_basis=true max_uv_excess=0.0 widest=1.0 vertices=4 derivatives=true
CEILING MAPPING: mesh=orison_ground_Court_soil_P27_P8 valid_basis=true max_uv_excess=0.0 widest=1.0 vertices=4 derivatives=true
CEILING MAPPING: mesh=orison_ground_Court_soil_P27_P9 valid_basis=true max_uv_excess=0.0 widest=1.0 vertices=4 derivatives=true
CEILING MAPPING: mesh=orison_ground_Court_soil_P27_P10 valid_basis=true max_uv_excess=0.0 widest=1.0 vertices=4 derivatives=true
CEILING MAPPING: mesh=orison_ground_Court_soil_P27_P11 valid_basis=true max_uv_excess=0.0 widest=1.0 vertices=4 derivatives=true
CEILING MAPPING: mesh=orison_ground_Court_soil_P27_P12 valid_basis=true max_uv_excess=0.0 widest=1.0 vertices=4 derivatives=true
CEILING MAPPING: mesh=orison_ground_Court_soil_P27_P13 valid_basis=true max_uv_excess=0.0 widest=1.0 vertices=4 derivatives=true
CEILING MAPPING: mesh=orison_ground_Court_soil_P27_P14 valid_basis=true max_uv_excess=0.0 widest=1.0 vertices=4 derivatives=true
CEILING MAPPING: mesh=orison_ground_Court_soil_P27_P15 valid_basis=true max_uv_excess=0.0 widest=1.0 vertices=8 derivatives=true
POST PAVEMENT AIR THROAT: owner=OrisonV2Blockout/B1_BOILER_AIR_E/OperatingWindow/Fabrication/Sash/Sash_metal/FittedCollision
[HARUKIYA] CLOSED, 18 fixtures
INERT V2 GROUND: parts=2112 triangles=9060 contacts=46 embedded=2 reproduced=48 checks=28732 failures=0
