[IDLEG] 0	24,8,8	MeshInstance3D	27.3x0.0x12.3	StreetIdShot/OrisonRoot/B1/B1_ceiling_plaster
[IDLEG] 0	40,8,8	MeshInstance3D	27.3x0.0x10.5	StreetIdShot/OrisonRoot/B1/B1_ceiling_plaster_stained
[IDLEG] 0	56,8,8	MeshInstance3D	6.5x0.0x10.0	StreetIdShot/OrisonRoot/B1/B1_ceiling_tin_ceiling
[IDLEG] 0	72,8,8	MeshInstance3D	6.5x0.0x3.5	StreetIdShot/OrisonRoot/B1/B1_floors_concrete
[IDLEG] 0	88,8,8	MeshInstance3D	6.5x0.0x10.0	StreetIdShot/OrisonRoot/B1/B1_floors_terrazzo
[IDLEG] 0	104,8,8	MeshInstance3D	0.7x0.0x0.6	StreetIdShot/OrisonRoot/B1/B1_furnish_bakelite
[IDLEG] 0	120,8,8	MeshInstance3D	17.8x1.2x16.3	StreetIdShot/OrisonRoot/B1/B1_furnish_bakelite_black
[IDLEG] 0	136,8,8	MeshInstance3D	0.8x1.5x0.2	StreetIdShot/OrisonRoot/B1/B1_furnish_book_brown
[IDLEG] 0	152,8,8	MeshInstance3D	0.8x1.5x0.2	StreetIdShot/OrisonRoot/B1/B1_furnish_book_burgundy
[IDLEG] 0	168,8,8	MeshInstance3D	0.4x1.6x0.2	StreetIdShot/OrisonRoot/B1/B1_furnish_book_green
[IDLEG] 0	184,8,8	MeshInstance3D	0.7x1.6x2.1	StreetIdShot/OrisonRoot/B1/B1_furnish_book_navy
[IDLEG] 0	200,8,8	MeshInstance3D	0.7x1.5x2.1	StreetIdShot/OrisonRoot/B1/B1_furnish_book_ochre
[IDLEG] 0	216,8,8	MeshInstance3D	0.8x1.5x2.1	StreetIdShot/OrisonRoot/B1/B1_furnish_book_teal
[IDLEG] 0	232,8,8	MeshInstance3D	6.8x3.3x5.0	StreetIdShot/OrisonRoot/B1/B1_furnish_brass
[IDLEG] 0	248,8,8	MeshInstance3D	16.8x0.1x16.2	StreetIdShot/OrisonRoot/B1/B1_furnish_brass_bright
[IDLEG] 0	8,24,8	MeshInstance3D	24.8x0.3x16.2	StreetIdShot/OrisonRoot/B1/B1_furnish_brass_dull
[IDLEG] 0	24,24,8	MeshInstance3D	0.1x0.1x0.1	StreetIdShot/OrisonRoot/B1/B1_furnish_ceramic
[IDLEG] 0	40,24,8	MeshInstance3D	0.0x0.0x0.2	StreetIdShot/OrisonRoot/B1/B1_furnish_enamel
[IDLEG] 0	56,24,8	MeshInstance3D	1.3x1.4x0.3	StreetIdShot/OrisonRoot/B1/B1_furnish_floor_oak
[IDLEG] 0	72,24,8	MeshInstance3D	26.9x23.0x17.8	StreetIdShot/OrisonRoot/B1/B1_furnish_metal
[IDLEG] 0	88,24,8	MeshInstance3D	0.1x0.1x0.6	StreetIdShot/OrisonRoot/B1/B1_furnish_milk_glass
[IDLEG] 0	104,24,8	MeshInstance3D	0.2x0.2x0.2	StreetIdShot/OrisonRoot/B1/B1_furnish_plant
[IDLEG] 0	120,24,8	MeshInstance3D	0.0x0.4x0.5	StreetIdShot/OrisonRoot/B1/B1_furnish_screen
[IDLEG] 0	136,24,8	MeshInstance3D	0.3x0.0x0.3	StreetIdShot/OrisonRoot/B1/B1_furnish_soil
[IDLEG] 0	152,24,8	MeshInstance3D	18.9x1.2x16.2	StreetIdShot/OrisonRoot/B1/B1_furnish_soot
[IDLEG] 0	168,24,8	MeshInstance3D	7.0x1.0x3.8	StreetIdShot/OrisonRoot/B1/B1_furnish_terracotta
[IDLEG] 0	184,24,8	MeshInstance3D	10.9x0.9x1.9	StreetIdShot/OrisonRoot/B1/B1_furnish_timber
[IDLEG] 0	200,24,8	MeshInstance3D	0.7x0.4x0.5	StreetIdShot/OrisonRoot/B1/B1_furnish_wood_dark
[IDLEG] 0	216,24,8	MeshInstance3D	1.0x1.5x7.7	StreetIdShot/OrisonRoot/B1/B1_furniture_brass
[IDLEG] 0	232,24,8	MeshInstance3D	0.3x0.4x0.3	StreetIdShot/OrisonRoot/B1/B1_furniture_ceramic
[IDLEG] 0	248,24,8	MeshInstance3D	24.9x2.3x10.0	StreetIdShot/OrisonRoot/B1/B1_furniture_common_brick
[IDLEG] 0	8,40,8	MeshInstance3D	2.9x3.0x2.7	StreetIdShot/OrisonRoot/B1/B1_furniture_concrete
[IDLEG] 0	24,40,8	MeshInstance3D	0.5x0.5x0.5	StreetIdShot/OrisonRoot/B1/B1_furniture_fabric_cool
[IDLEG] 0	40,40,8	MeshInstance3D	0.3x0.1x0.6	StreetIdShot/OrisonRoot/B1/B1_furniture_fabric_green
[IDLEG] 0	56,40,8	MeshInstance3D	0.6x0.1x0.4	StreetIdShot/OrisonRoot/B1/B1_furniture_fabric_warm
[IDLEG] 0	72,40,8	MeshInstance3D	1.6x0.1x1.3	StreetIdShot/OrisonRoot/B1/B1_furniture_floor_oak
[IDLEG] 0	88,40,8	MeshInstance3D	1.1x0.4x3.5	StreetIdShot/OrisonRoot/B1/B1_furniture_indicator_enamel
[IDLEG] 0	104,40,8	MeshInstance3D	9.6x0.5x4.2	StreetIdShot/OrisonRoot/B1/B1_furniture_linen
[IDLEG] 0	120,40,8	MeshInstance3D	27.1x2.9x21.5	StreetIdShot/OrisonRoot/B1/B1_furniture_metal
[IDLEG] 0	136,40,8	MeshInstance3D	0.7x0.3x0.0	StreetIdShot/OrisonRoot/B1/B1_furniture_paper
[IDLEG] 0	152,40,8	MeshInstance3D	2.5x0.0x2.5	StreetIdShot/OrisonRoot/B1/B1_furniture_rug_warm
[IDLEG] 0	168,40,8	MeshInstance3D	0.4x0.4x0.4	StreetIdShot/OrisonRoot/B1/B1_furniture_safety_orange
[IDLEG] 0	184,40,8	MeshInstance3D	26.9x0.3x9.9	StreetIdShot/OrisonRoot/B1/B1_furniture_timber
[IDLEG] 0	200,40,8	MeshInstance3D	22.7x2.5x15.8	StreetIdShot/OrisonRoot/B1/B1_furniture_trim
[IDLEG] 0	216,40,8	MeshInstance3D	8.5x0.5x9.4	StreetIdShot/OrisonRoot/B1/B1_furniture_wood_dark
[IDLEG] 0	232,40,8	MeshInstance3D	27.9x0.2x19.9	StreetIdShot/OrisonRoot/B1/B1_slabs
[IDLEG] 0	248,40,8	MeshInstance3D	6.3x2.8x2.9	StreetIdShot/OrisonRoot/B1/B1_stairs
[IDLEG] 0	8,56,8	MeshInstance3D	3.1x3.4x2.9	StreetIdShot/OrisonRoot/B1/B1_stairs_bal
[IDLEG] 0	24,56,8	MeshInstance3D	6.2x3.0x3.0	StreetIdShot/OrisonRoot/B1/B1_stairs_brass
[IDLEG] 0	40,56,8	MeshInstance3D	6.3x3.2x3.0	StreetIdShot/OrisonRoot/B1/B1_stairs_iron
[IDLEG] 0	56,56,8	MeshInstance3D	6.3x0.2x1.7	StreetIdShot/OrisonRoot/B1/B1_stairs_landing
[IDLEG] 0	72,56,8	MeshInstance3D	6.3x3.8x3.1	StreetIdShot/OrisonRoot/B1/B1_stairs_rail
[IDLEG] 0	88,56,8	MeshInstance3D	6.3x2.5x2.9	StreetIdShot/OrisonRoot/B1/B1_stairs_treads
[IDLEG] 0	104,56,8	MeshInstance3D	28.1x2.4x20.1	StreetIdShot/OrisonRoot/B1/B1_stone_trim
[IDLEG] 0	120,56,8	MeshInstance3D	27.3x2.9x19.3	StreetIdShot/OrisonRoot/B1/B1_trim
[IDLEG] 0	136,56,8	MeshInstance3D	10.9x1.2x19.3	StreetIdShot/OrisonRoot/B1/B1_wainscot_wainscot
[IDLEG] 0	152,56,8	MeshInstance3D	27.3x2.6x19.3	StreetIdShot/OrisonRoot/B1/B1_walls
[IDLEG] 0	168,56,8	MeshInstance3D	28.0x2.8x19.7	StreetIdShot/OrisonRoot/B1/B1_walls_cbrick
[IDLEG] 0	184,56,8	MeshInstance3D	2.3x2.6x2.3	StreetIdShot/OrisonRoot/B1/B1_walls_conc
[IDLEG] 0	200,56,8	MeshInstance3D	27.3x2.8x0.5	StreetIdShot/OrisonRoot/B1/B1_walls_fbrick
[IDLEG] 0	216,56,8	MultiMeshInstance3D	22.3x0.1x11.7	StreetIdShot/OrisonRoot/B1/B1_VantryPointBatch
[IDLEG] 0	232,56,8	MultiMeshInstance3D	5.9x2.6x0.1	StreetIdShot/OrisonRoot/B1/@MultiMeshInstance3D@282
[IDLEG] 0	248,56,8	MultiMeshInstance3D	0.1x3.1x0.2	StreetIdShot/OrisonRoot/B1/@MultiMeshInstance3D@283
[IDLEG] 0	8,72,8	MeshInstance3D	0.0x0.4x0.4	StreetIdShot/OrisonRoot/B1/Arcade_b1_laundry_cab/Screen
[IDLEG] 0	24,72,8	MeshInstance3D	0.0x0.1x0.6	StreetIdShot/OrisonRoot/B1/Arcade_b1_laundry_cab/@MeshInstance3D@956
[IDLEG] 0	40,72,8	MeshInstance3D	0.1x0.0x0.1	StreetIdShot/OrisonRoot/B1/Arcade_b1_laundry_cab/@MeshInstance3D@960
[IDLEG] 0	56,72,8	MeshInstance3D	0.0x0.0x0.0	StreetIdShot/OrisonRoot/B1/Arcade_b1_laundry_cab/@MeshInstance3D@961
[IDLEG] 0	72,72,8	MeshInstance3D	0.0x0.0x0.0	StreetIdShot/OrisonRoot/B1/Arcade_b1_laundry_cab/@MeshInstance3D@962
[IDLEG] 0	88,72,8	MeshInstance3D	0.0x0.0x0.0	StreetIdShot/OrisonRoot/B1/Arcade_b1_laundry_cab/@MeshInstance3D@963
[IDLEG] 0	104,72,8	MeshInstance3D	0.0x0.0x0.0	StreetIdShot/OrisonRoot/B1/Arcade_b1_laundry_cab/@MeshInstance3D@964
[IDLEG] 0	120,72,8	MeshInstance3D	0.0x0.0x0.0	StreetIdShot/OrisonRoot/B1/Arcade_b1_laundry_cab/@MeshInstance3D@965
[IDLEG] 0	136,72,8	MeshInstance3D	0.0x0.0x0.0	StreetIdShot/OrisonRoot/B1/Arcade_b1_laundry_cab/@MeshInstance3D@966
[IDLEG] 0	152,72,8	MeshInstance3D	0.0x0.0x0.0	StreetIdShot/OrisonRoot/B1/Arcade_b1_laundry_cab/@MeshInstance3D@967
[IDLEG] 0	168,72,8	MeshInstance3D	0.0x0.0x0.0	StreetIdShot/OrisonRoot/B1/Arcade_b1_laundry_cab/@MeshInstance3D@968
[IDLEG] 0	184,72,8	MeshInstance3D	0.0x0.0x0.0	StreetIdShot/OrisonRoot/B1/Arcade_b1_laundry_cab/@MeshInstance3D@969
[IDLEG] 0	200,72,8	MeshInstance3D	0.0x0.0x0.0	StreetIdShot/OrisonRoot/B1/Arcade_b1_laundry_cab/@MeshInstance3D@970
[IDLEG] 0	216,72,8	MeshInstance3D	0.0x0.0x0.0	StreetIdShot/OrisonRoot/B1/Arcade_b1_laundry_cab/@MeshInstance3D@971
[IDLEG] 0	232,72,8	MeshInstance3D	0.0x0.0x0.0	StreetIdShot/OrisonRoot/B1/Arcade_b1_laundry_cab/@MeshInstance3D@972
[IDLEG] 0	248,72,8	MeshInstance3D	0.0x0.0x0.0	StreetIdShot/OrisonRoot/B1/Arcade_b1_laundry_cab/@MeshInstance3D@973
[IDLEG] 0	8,88,8	MeshInstance3D	0.1x0.0x0.0	StreetIdShot/OrisonRoot/B1/Arcade_b1_laundry_cab/@MeshInstance3D@974
[IDLEG] 0	24,88,8	MeshInstance3D	0.7x0.7x0.0	StreetIdShot/OrisonRoot/B1/MemoryArt_basement_know_your_exit/@MeshInstance3D@24764
[IDLEG] 0	40,88,8	MeshInstance3D	0.8x0.0x0.0	StreetIdShot/OrisonRoot/B1/MemoryArt_basement_know_your_exit/@MeshInstance3D@24765
[IDLEG] 0	56,88,8	MeshInstance3D	0.8x0.0x0.0	StreetIdShot/OrisonRoot/B1/MemoryArt_basement_know_your_exit/@MeshInstance3D@24766
[IDLEG] 0	72,88,8	MeshInstance3D	0.0x0.7x0.0	StreetIdShot/OrisonRoot/B1/MemoryArt_basement_know_your_exit/@MeshInstance3D@24767
[IDLEG] 0	88,88,8	MeshInstance3D	0.0x0.7x0.0	StreetIdShot/OrisonRoot/B1/MemoryArt_basement_know_your_exit/@MeshInstance3D@24768
[IDLEG] 0	104,88,8	MeshInstance3D	0.7x0.7x0.0	StreetIdShot/OrisonRoot/B1/MemoryArt_laundry_black_cherry/@MeshInstance3D@24956
[IDLEG] 0	120,88,8	MeshInstance3D	0.8x0.0x0.0	StreetIdShot/OrisonRoot/B1/MemoryArt_laundry_black_cherry/@MeshInstance3D@24957
[IDLEG] 0	136,88,8	MeshInstance3D	0.8x0.0x0.0	StreetIdShot/OrisonRoot/B1/MemoryArt_laundry_black_cherry/@MeshInstance3D@24958
[IDLEG] 0	152,88,8	MeshInstance3D	0.0x0.7x0.0	StreetIdShot/OrisonRoot/B1/MemoryArt_laundry_black_cherry/@MeshInstance3D@24959
[IDLEG] 0	168,88,8	MeshInstance3D	0.0x0.7x0.0	StreetIdShot/OrisonRoot/B1/MemoryArt_laundry_black_cherry/@MeshInstance3D@24960
[IDLEG] 0	184,88,8	MeshInstance3D	27.3x0.0x19.3	StreetIdShot/OrisonRoot/F01/F01_ceiling_plaster
[IDLEG] 0	200,88,8	MeshInstance3D	21.4x0.0x13.5	StreetIdShot/OrisonRoot/F01/F01_ceiling_plaster_stained
[IDLEG] 0	216,88,8	MeshInstance3D	10.7x0.0x12.9	StreetIdShot/OrisonRoot/F01/F01_ceiling_tin_ceiling
[IDLEG] 0	232,88,8	MeshInstance3D	27.3x18.6x19.8	StreetIdShot/OrisonRoot/F01/F01_facade_rainwater
[IDLEG] 0	248,88,8	MeshInstance3D	21.4x0.0x13.5	StreetIdShot/OrisonRoot/F01/F01_floors_ceramic
[IDLEG] 0	8,104,8	MeshInstance3D	6.5x0.0x3.5	StreetIdShot/OrisonRoot/F01/F01_floors_concrete
[IDLEG] 0	24,104,8	MeshInstance3D	27.3x0.0x19.3	StreetIdShot/OrisonRoot/F01/F01_floors_floor_oak
[IDLEG] 0	40,104,8	MeshInstance3D	10.7x0.0x12.9	StreetIdShot/OrisonRoot/F01/F01_floors_terrazzo
[IDLEG] 0	56,104,8	MeshInstance3D	59.0x2.6x45.6	StreetIdShot/OrisonRoot/F01/F01_furnish_bakelite
[IDLEG] 0	72,104,8	MeshInstance3D	59.1x3.9x44.8	StreetIdShot/OrisonRoot/F01/F01_furnish_bakelite_black
[IDLEG] 0	88,104,8	MeshInstance3D	18.9x1.6x4.9	StreetIdShot/OrisonRoot/F01/F01_furnish_book_brown
[IDLEG] 0	104,104,8	MeshInstance3D	18.9x1.6x4.9	StreetIdShot/OrisonRoot/F01/F01_furnish_book_burgundy
[IDLEG] 0	120,104,8	MeshInstance3D	18.8x1.6x4.9	StreetIdShot/OrisonRoot/F01/F01_furnish_book_green
[IDLEG] 0	136,104,8	MeshInstance3D	18.9x1.6x4.9	StreetIdShot/OrisonRoot/F01/F01_furnish_book_navy
[IDLEG] 0	152,104,8	MeshInstance3D	19.0x1.6x4.9	StreetIdShot/OrisonRoot/F01/F01_furnish_book_ochre
[IDLEG] 0	168,104,8	MeshInstance3D	18.9x2.9x31.9	StreetIdShot/OrisonRoot/F01/F01_furnish_book_teal
[IDLEG] 0	184,104,8	MeshInstance3D	58.4x6.1x44.3	StreetIdShot/OrisonRoot/F01/F01_furnish_brass
[IDLEG] 0	200,104,8	MeshInstance3D	21.4x2.3x39.9	StreetIdShot/OrisonRoot/F01/F01_furnish_brass_bright
[IDLEG] 0	216,104,8	MeshInstance3D	180.5x47.2x115.7	StreetIdShot/OrisonRoot/F01/F01_furnish_brass_dull
[IDLEG] 0	232,104,8	MeshInstance3D	0.8x0.4x0.0	StreetIdShot/OrisonRoot/F01/F01_furnish_brass_mesh
[IDLEG] 0	248,104,8	MeshInstance3D	180.7x40.5x116.5	StreetIdShot/OrisonRoot/F01/F01_furnish_bronze
[IDLEG] 0	8,120,8	MeshInstance3D	13.8x5.2x2.3	StreetIdShot/OrisonRoot/F01/F01_furnish_cast_iron
[IDLEG] 0	24,120,8	MeshInstance3D	0.1x0.1x0.1	StreetIdShot/OrisonRoot/F01/F01_furnish_ceramic
[IDLEG] 0	40,120,8	MeshInstance3D	45.9x4.5x44.5	StreetIdShot/OrisonRoot/F01/F01_furnish_chrome
[IDLEG] 0	56,120,8	MeshInstance3D	8.8x0.1x1.1	StreetIdShot/OrisonRoot/F01/F01_furnish_concrete
[IDLEG] 0	72,120,8	MeshInstance3D	18.2x0.1x9.6	StreetIdShot/OrisonRoot/F01/F01_furnish_countertop
[IDLEG] 0	88,120,8	MeshInstance3D	58.4x3.5x45.6	StreetIdShot/OrisonRoot/F01/F01_furnish_enamel
[IDLEG] 0	104,120,8	MeshInstance3D	24.8x4.3x44.8	StreetIdShot/OrisonRoot/F01/F01_furnish_fabric_cool
[IDLEG] 0	120,120,8	MeshInstance3D	15.4x1.4x5.2	StreetIdShot/OrisonRoot/F01/F01_furnish_fabric_green
[IDLEG] 0	136,120,8	MeshInstance3D	26.4x3.3x34.5	StreetIdShot/OrisonRoot/F01/F01_furnish_fabric_warm
[IDLEG] 0	152,120,8	MeshInstance3D	0.0x0.1x0.2	StreetIdShot/OrisonRoot/F01/F01_furnish_felt_violet
[IDLEG] 0	168,120,8	MeshInstance3D	23.6x3.9x42.9	StreetIdShot/OrisonRoot/F01/F01_furnish_floor_oak
[IDLEG] 0	184,120,8	MeshInstance3D	0.1x1.0x5.5	StreetIdShot/OrisonRoot/F01/F01_furnish_handrail_wood
[IDLEG] 0	200,120,8	MeshInstance3D	0.0x0.2x0.0	StreetIdShot/OrisonRoot/F01/F01_furnish_lacquer_red
[IDLEG] 0	216,120,8	MeshInstance3D	26.3x2.7x33.4	StreetIdShot/OrisonRoot/F01/F01_furnish_linen
[IDLEG] 0	232,120,8	MeshInstance3D	202.4x57.8x124.8	StreetIdShot/OrisonRoot/F01/F01_furnish_metal
[IDLEG] 0	248,120,8	MeshInstance3D	58.5x26.8x45.3	StreetIdShot/OrisonRoot/F01/F01_furnish_milk_glass
[IDLEG] 0	8,136,8	MeshInstance3D	17.1x0.1x9.5	StreetIdShot/OrisonRoot/F01/F01_furnish_nickel_plated
[IDLEG] 0	24,136,8	MeshInstance3D	13.0x4.7x44.1	StreetIdShot/OrisonRoot/F01/F01_furnish_oak_quartered
[IDLEG] 0	40,136,8	MeshInstance3D	31.5x1.9x27.2	StreetIdShot/OrisonRoot/F01/F01_furnish_paper
[IDLEG] 0	56,136,8	MeshInstance3D	14.1x3.4x28.3	StreetIdShot/OrisonRoot/F01/F01_furnish_plant
[IDLEG] 0	72,136,8	MeshInstance3D	0.8x0.0x0.5	StreetIdShot/OrisonRoot/F01/F01_furnish_plywood
[IDLEG] 0	88,136,8	MeshInstance3D	22.7x3.9x45.7	StreetIdShot/OrisonRoot/F01/F01_furnish_porcelain
[IDLEG] 0	104,136,8	MeshInstance3D	39.4x1.9x18.0	StreetIdShot/OrisonRoot/F01/F01_furnish_safety_orange
[IDLEG] 0	120,136,8	MeshInstance3D	58.4x3.1x44.7	StreetIdShot/OrisonRoot/F01/F01_furnish_screen
[IDLEG] 0	136,136,8	MeshInstance3D	14.2x3.0x28.6	StreetIdShot/OrisonRoot/F01/F01_furnish_soil
[IDLEG] 0	152,136,8	MeshInstance3D	39.4x7.0x45.4	StreetIdShot/OrisonRoot/F01/F01_furnish_soot
[IDLEG] 0	168,136,8	MeshInstance3D	0.0x0.1x0.2	StreetIdShot/OrisonRoot/F01/F01_furnish_stairwell_teal
[IDLEG] 0	184,136,8	MeshInstance3D	58.4x4.6x45.6	StreetIdShot/OrisonRoot/F01/F01_furnish_terracotta
[IDLEG] 0	200,136,8	MeshInstance3D	183.7x53.3x111.6	StreetIdShot/OrisonRoot/F01/F01_furnish_timber
[IDLEG] 0	216,136,8	MeshInstance3D	39.3x5.0x45.5	StreetIdShot/OrisonRoot/F01/F01_furnish_trim
[IDLEG] 0	232,136,8	MeshInstance3D	4.6x0.1x0.4	StreetIdShot/OrisonRoot/F01/F01_furnish_vinyl_oxblood
[IDLEG] 0	248,136,8	MeshInstance3D	27.3x4.5x45.0	StreetIdShot/OrisonRoot/F01/F01_furnish_wood_dark
[IDLEG] 0	8,152,8	MeshInstance3D	23.7x3.7x35.9	StreetIdShot/OrisonRoot/F01/F01_furniture_art
[IDLEG] 0	24,152,8	MeshInstance3D	220.0x0.3x148.0	StreetIdShot/OrisonRoot/F01/F01_furniture_asphalt
[IDLEG] 0	40,152,8	MeshInstance3D	63.7x0.4x15.8	StreetIdShot/OrisonRoot/F01/F01_furniture_awning_vinyl
[IDLEG] 0	56,152,8	MeshInstance3D	16.7x0.5x15.9	StreetIdShot/OrisonRoot/F01/F01_furniture_book_teal
[IDLEG] 0	72,152,8	MeshInstance3D	23.4x2.2x28.0	StreetIdShot/OrisonRoot/F01/F01_furniture_brass
[IDLEG] 0	88,152,8	MeshInstance3D	4.2x0.9x1.1	StreetIdShot/OrisonRoot/F01/F01_furniture_brass_bright
[IDLEG] 0	104,152,8	MeshInstance3D	19.5x0.0x12.8	StreetIdShot/OrisonRoot/F01/F01_furniture_brass_dull
[IDLEG] 0	120,152,8	MeshInstance3D	167.7x31.8x104.9	StreetIdShot/OrisonRoot/F01/F01_furniture_brass_mesh
[IDLEG] 0	136,152,8	MeshInstance3D	116.0x12.3x62.7	StreetIdShot/OrisonRoot/F01/F01_furniture_brick_patched
[IDLEG] 0	152,152,8	MeshInstance3D	212.4x40.8x140.4	StreetIdShot/OrisonRoot/F01/F01_furniture_bronze
[IDLEG] 0	168,152,8	MeshInstance3D	0.3x0.4x0.3	StreetIdShot/OrisonRoot/F01/F01_furniture_ceramic
[IDLEG] 0	184,152,8	MeshInstance3D	21.2x4.2x36.0	StreetIdShot/OrisonRoot/F01/F01_furniture_chrome
[IDLEG] 0	200,152,8	MeshInstance3D	196.8x46.8x126.0	StreetIdShot/OrisonRoot/F01/F01_furniture_common_brick
[IDLEG] 0	216,152,8	MeshInstance3D	124.0x6.2x63.3	StreetIdShot/OrisonRoot/F01/F01_furniture_concrete
[IDLEG] 0	232,152,8	MeshInstance3D	1.1x0.2x0.5	StreetIdShot/OrisonRoot/F01/F01_furniture_fabric_cool
[IDLEG] 0	248,152,8	MeshInstance3D	5.0x0.9x1.1	StreetIdShot/OrisonRoot/F01/F01_furniture_fabric_green
[IDLEG] 0	8,168,8	MeshInstance3D	77.0x15.1x63.3	StreetIdShot/OrisonRoot/F01/F01_furniture_face_brick
[IDLEG] 0	24,168,8	MeshInstance3D	4.8x0.5x0.1	StreetIdShot/OrisonRoot/F01/F01_furniture_felt_violet
[IDLEG] 0	40,168,8	MeshInstance3D	1.1x0.4x3.5	StreetIdShot/OrisonRoot/F01/F01_furniture_indicator_enamel
[IDLEG] 0	56,168,8	MeshInstance3D	177.8x52.7x114.2	StreetIdShot/OrisonRoot/F01/F01_furniture_lacquer_red
[IDLEG] 0	72,168,8	MeshInstance3D	112.6x0.1x7.9	StreetIdShot/OrisonRoot/F01/F01_furniture_leaf_fall
[IDLEG] 0	88,168,8	MeshInstance3D	212.0x47.5x140.0	StreetIdShot/OrisonRoot/F01/F01_furniture_limestone
[IDLEG] 0	104,168,8	MeshInstance3D	121.6x1.0x26.9	StreetIdShot/OrisonRoot/F01/F01_furniture_linen
[IDLEG] 0	120,168,8	MeshInstance3D	19.5x0.0x12.8	StreetIdShot/OrisonRoot/F01/F01_furniture_linoleum
[IDLEG] 0	136,168,8	MeshInstance3D	168.4x46.9x106.4	StreetIdShot/OrisonRoot/F01/F01_furniture_metal
[IDLEG] 0	152,168,8	MeshInstance3D	1.2x0.9x0.0	StreetIdShot/OrisonRoot/F01/F01_furniture_paper
[IDLEG] 0	168,168,8	MeshInstance3D	64.1x4.2x0.5	StreetIdShot/OrisonRoot/F01/F01_furniture_plaster_stained
[IDLEG] 0	184,168,8	MeshInstance3D	114.4x0.0x13.5	StreetIdShot/OrisonRoot/F01/F01_furniture_puddle
[IDLEG] 0	200,168,8	MeshInstance3D	1.3x0.0x1.8	StreetIdShot/OrisonRoot/F01/F01_furniture_rug_warm
[IDLEG] 0	216,168,8	MeshInstance3D	1.9x0.9x1.1	StreetIdShot/OrisonRoot/F01/F01_furniture_safety_orange
[IDLEG] 0	232,168,8	MeshInstance3D	32.0x0.0x4.6	StreetIdShot/OrisonRoot/F01/F01_furniture_sidewalk_grout
[IDLEG] 0	248,168,8	MeshInstance3D	33.4x0.1x4.5	StreetIdShot/OrisonRoot/F01/F01_furniture_sidewalk_haunted
[IDLEG] 0	8,184,8	MeshInstance3D	33.4x0.1x4.5	StreetIdShot/OrisonRoot/F01/F01_furniture_sidewalk_kerb
[IDLEG] 0	24,184,8	MeshInstance3D	116.4x15.8x63.1	StreetIdShot/OrisonRoot/F01/F01_furniture_soot
[IDLEG] 0	40,184,8	MeshInstance3D	2.8x0.5x0.1	StreetIdShot/OrisonRoot/F01/F01_furniture_stairwell_teal
[IDLEG] 0	56,184,8	MeshInstance3D	87.4x27.7x33.2	StreetIdShot/OrisonRoot/F01/F01_furniture_timber
[IDLEG] 0	72,184,8	MeshInstance3D	27.5x2.6x17.2	StreetIdShot/OrisonRoot/F01/F01_furniture_trim
[IDLEG] 0	88,184,8	MeshInstance3D	118.0x0.0x12.8	StreetIdShot/OrisonRoot/F01/F01_furniture_wet_asphalt
[IDLEG] 0	104,184,8	MeshInstance3D	53.3x5.8x39.2	StreetIdShot/OrisonRoot/F01/F01_furniture_wood_dark
[IDLEG] 0	120,184,8	MeshInstance3D	0.1x0.1x0.1	StreetIdShot/OrisonRoot/F01/F01_retail_bar_bakelite
[IDLEG] 0	136,184,8	MeshInstance3D	16.1x2.7x9.9	StreetIdShot/OrisonRoot/F01/F01_retail_bar_bar_wall
[IDLEG] 0	152,184,8	MeshInstance3D	12.8x2.6x1.8	StreetIdShot/OrisonRoot/F01/F01_retail_bar_bar_wall_red
[IDLEG] 0	168,184,8	MeshInstance3D	2.1x0.9x2.0	StreetIdShot/OrisonRoot/F01/F01_retail_bar_brass
[IDLEG] 0	184,184,8	MeshInstance3D	9.2x2.0x0.1	StreetIdShot/OrisonRoot/F01/F01_retail_bar_chrome
[IDLEG] 0	200,184,8	MeshInstance3D	18.4x3.5x9.9	StreetIdShot/OrisonRoot/F01/F01_retail_bar_common_brick
[IDLEG] 0	216,184,8	MeshInstance3D	15.5x1.0x9.2	StreetIdShot/OrisonRoot/F01/F01_retail_bar_concrete
[IDLEG] 0	232,184,8	MeshInstance3D	5.3x0.1x0.8	StreetIdShot/OrisonRoot/F01/F01_retail_bar_countertop
[IDLEG] 0	248,184,8	MeshInstance3D	0.1x0.1x0.1	StreetIdShot/OrisonRoot/F01/F01_retail_bar_enamel
[IDLEG] 0	8,200,8	MeshInstance3D	0.1x0.1x0.1	StreetIdShot/OrisonRoot/F01/F01_retail_bar_fabric_green
[IDLEG] 0	24,200,8	MeshInstance3D	5.5x0.4x1.0	StreetIdShot/OrisonRoot/F01/F01_retail_bar_fabric_warm
[IDLEG] 0	40,200,8	MeshInstance3D	1.8x0.0x1.1	StreetIdShot/OrisonRoot/F01/F01_retail_bar_felt_violet
[IDLEG] 0	56,200,8	MeshInstance3D	5.7x1.9x6.8	StreetIdShot/OrisonRoot/F01/F01_retail_bar_lacquer_red
[IDLEG] 0	72,200,8	MeshInstance3D	4.8x0.0x5.4	StreetIdShot/OrisonRoot/F01/F01_retail_bar_limestone
[IDLEG] 0	88,200,8	MeshInstance3D	7.1x0.2x2.0	StreetIdShot/OrisonRoot/F01/F01_retail_bar_linen
[IDLEG] 0	104,200,8	MeshInstance3D	17.3x2.9x9.9	StreetIdShot/OrisonRoot/F01/F01_retail_bar_quarry_tile
[IDLEG] 0	120,200,8	MeshInstance3D	0.9x0.0x0.5	StreetIdShot/OrisonRoot/F01/F01_retail_bar_rug_warm
[IDLEG] 0	136,200,8	MeshInstance3D	18.4x4.5x9.9	StreetIdShot/OrisonRoot/F01/F01_retail_bar_soot
[IDLEG] 0	152,200,8	MeshInstance3D	1.8x5.4x7.5	StreetIdShot/OrisonRoot/F01/F01_retail_bar_stairwell_teal
[IDLEG] 0	168,200,8	MeshInstance3D	0.1x0.1x0.1	StreetIdShot/OrisonRoot/F01/F01_retail_bar_terracotta
[IDLEG] 0	184,200,8	MeshInstance3D	5.5x2.2x8.9	StreetIdShot/OrisonRoot/F01/F01_retail_bar_timber
[IDLEG] 0	200,200,8	MeshInstance3D	15.5x3.3x9.3	StreetIdShot/OrisonRoot/F01/F01_retail_bar_wood_dark
[IDLEG] 0	216,200,8	MeshInstance3D	4.4x0.1x1.2	StreetIdShot/OrisonRoot/F01/F01_retail_bod_awning_vinyl
[IDLEG] 0	232,200,8	MeshInstance3D	3.6x1.3x7.2	StreetIdShot/OrisonRoot/F01/F01_retail_bod_bakelite
[IDLEG] 0	248,200,8	MeshInstance3D	3.6x1.3x7.1	StreetIdShot/OrisonRoot/F01/F01_retail_bod_brass
[IDLEG] 0	8,216,8	MeshInstance3D	4.3x0.4x0.1	StreetIdShot/OrisonRoot/F01/F01_retail_bod_chrome
[IDLEG] 0	24,216,8	MeshInstance3D	1.3x0.1x0.8	StreetIdShot/OrisonRoot/F01/F01_retail_bod_countertop
[IDLEG] 0	40,216,8	MeshInstance3D	3.7x1.4x5.1	StreetIdShot/OrisonRoot/F01/F01_retail_bod_enamel
[IDLEG] 0	56,216,8	MeshInstance3D	3.6x1.3x7.5	StreetIdShot/OrisonRoot/F01/F01_retail_bod_fabric_green
[IDLEG] 0	72,216,8	MeshInstance3D	4.4x0.1x10.7	StreetIdShot/OrisonRoot/F01/F01_retail_bod_linoleum
[IDLEG] 0	88,216,8	MeshInstance3D	4.4x3.0x10.5	StreetIdShot/OrisonRoot/F01/F01_retail_bod_metal
[IDLEG] 0	104,216,8	MeshInstance3D	3.7x1.3x7.6	StreetIdShot/OrisonRoot/F01/F01_retail_bod_paper
[IDLEG] 0	120,216,8	MeshInstance3D	4.4x0.3x10.7	StreetIdShot/OrisonRoot/F01/F01_retail_bod_plaster
[IDLEG] 0	136,216,8	MeshInstance3D	4.4x3.2x10.7	StreetIdShot/OrisonRoot/F01/F01_retail_bod_plaster_stained
[IDLEG] 0	152,216,8	MeshInstance3D	3.8x1.7x7.9	StreetIdShot/OrisonRoot/F01/F01_retail_bod_safety_orange
[IDLEG] 0	168,216,8	MeshInstance3D	3.7x1.3x7.0	StreetIdShot/OrisonRoot/F01/F01_retail_bod_terracotta
[IDLEG] 0	184,216,8	MeshInstance3D	4.4x3.2x1.7	StreetIdShot/OrisonRoot/F01/F01_retail_bod_wood_dark
[IDLEG] 0	200,216,8	MeshInstance3D	4.2x1.0x0.5	StreetIdShot/OrisonRoot/F01/F01_retail_shop_funeral_parlour_brass_dull
[IDLEG] 0	216,216,8	MeshInstance3D	4.4x0.1x7.0	StreetIdShot/OrisonRoot/F01/F01_retail_shop_funeral_parlour_floor_oak
[IDLEG] 0	232,216,8	MeshInstance3D	0.7x0.1x0.4	StreetIdShot/OrisonRoot/F01/F01_retail_shop_funeral_parlour_oak_quartered
[IDLEG] 0	248,216,8	MeshInstance3D	0.3x0.0x0.2	StreetIdShot/OrisonRoot/F01/F01_retail_shop_funeral_parlour_paper
[IDLEG] 0	8,232,8	MeshInstance3D	4.4x1.3x5.6	StreetIdShot/OrisonRoot/F01/F01_retail_shop_funeral_parlour_plant
[IDLEG] 0	24,232,8	MeshInstance3D	4.4x3.3x0.1	StreetIdShot/OrisonRoot/F01/F01_retail_shop_funeral_parlour_plaster_stained
[IDLEG] 0	40,232,8	MeshInstance3D	2.6x1.2x0.0	StreetIdShot/OrisonRoot/F01/F01_retail_shop_funeral_parlour_plywood
[IDLEG] 0	56,232,8	MeshInstance3D	4.4x0.3x7.0	StreetIdShot/OrisonRoot/F01/F01_retail_shop_funeral_parlour_tin_ceiling
[IDLEG] 0	72,232,8	MeshInstance3D	3.9x2.9x0.2	StreetIdShot/OrisonRoot/F01/F01_retail_shop_funeral_parlour_vinyl_oxblood
[IDLEG] 0	88,232,8	MeshInstance3D	4.4x1.1x7.0	StreetIdShot/OrisonRoot/F01/F01_retail_shop_funeral_parlour_wainscot
[IDLEG] 0	104,232,8	MeshInstance3D	4.2x2.1x6.6	StreetIdShot/OrisonRoot/F01/F01_retail_shop_funeral_parlour_wood_dark
[IDLEG] 0	120,232,8	MeshInstance3D	1.4x0.3x0.3	StreetIdShot/OrisonRoot/F01/F01_retail_shop_hardware_paint_book_teal
[IDLEG] 0	136,232,8	MeshInstance3D	5.0x1.8x3.4	StreetIdShot/OrisonRoot/F01/F01_retail_shop_hardware_paint_brass_dull
[IDLEG] 0	152,232,8	MeshInstance3D	1.7x1.1x0.7	StreetIdShot/OrisonRoot/F01/F01_retail_shop_hardware_paint_cast_iron
[IDLEG] 0	168,232,8	MeshInstance3D	5.2x0.1x6.5	StreetIdShot/OrisonRoot/F01/F01_retail_shop_hardware_paint_concrete
[IDLEG] 0	184,232,8	MeshInstance3D	3.1x0.0x0.7	StreetIdShot/OrisonRoot/F01/F01_retail_shop_hardware_paint_countertop
[IDLEG] 0	200,232,8	MeshInstance3D	1.4x0.3x0.3	StreetIdShot/OrisonRoot/F01/F01_retail_shop_hardware_paint_fabric_green
[IDLEG] 0	216,232,8	MeshInstance3D	1.4x0.3x0.3	StreetIdShot/OrisonRoot/F01/F01_retail_shop_hardware_paint_lacquer_red
[IDLEG] 0	232,232,8	MeshInstance3D	5.0x1.3x3.7	StreetIdShot/OrisonRoot/F01/F01_retail_shop_hardware_paint_metal
[IDLEG] 0	248,232,8	MeshInstance3D	2.8x1.9x0.1	StreetIdShot/OrisonRoot/F01/F01_retail_shop_hardware_paint_oak_quartered
[IDLEG] 0	8,248,8	MeshInstance3D	0.4x0.0x0.4	StreetIdShot/OrisonRoot/F01/F01_retail_shop_hardware_paint_paper
[IDLEG] 0	24,248,8	MeshInstance3D	5.2x0.3x6.5	StreetIdShot/OrisonRoot/F01/F01_retail_shop_hardware_paint_plaster
[IDLEG] 0	40,248,8	MeshInstance3D	5.2x3.3x0.1	StreetIdShot/OrisonRoot/F01/F01_retail_shop_hardware_paint_plaster_stained
[IDLEG] 0	56,248,8	MeshInstance3D	4.9x2.0x5.7	StreetIdShot/OrisonRoot/F01/F01_retail_shop_hardware_paint_plywood
[IDLEG] 0	72,248,8	MeshInstance3D	5.0x1.0x2.2	StreetIdShot/OrisonRoot/F01/F01_retail_shop_hardware_paint_safety_orange
[IDLEG] 0	88,248,8	MeshInstance3D	0.3x0.4x2.2	StreetIdShot/OrisonRoot/F01/F01_retail_shop_hardware_paint_soot
[IDLEG] 0	104,248,8	MeshInstance3D	5.1x3.1x3.9	StreetIdShot/OrisonRoot/F01/F01_retail_shop_hardware_paint_timber
[IDLEG] 0	120,248,8	MeshInstance3D	5.2x1.1x6.5	StreetIdShot/OrisonRoot/F01/F01_retail_shop_hardware_paint_wainscot
[IDLEG] 0	136,248,8	MeshInstance3D	5.0x2.4x6.2	StreetIdShot/OrisonRoot/F01/F01_retail_shop_hardware_paint_wood_dark
[IDLEG] 0	152,248,8	MeshInstance3D	0.1x0.1x0.1	StreetIdShot/OrisonRoot/F01/F01_retail_shop_keys_cut_brass_bright
[IDLEG] 0	168,248,8	MeshInstance3D	2.9x1.7x3.6	StreetIdShot/OrisonRoot/F01/F01_retail_shop_keys_cut_brass_dull
[IDLEG] 0	184,248,8	MeshInstance3D	3.2x1.4x2.1	StreetIdShot/OrisonRoot/F01/F01_retail_shop_keys_cut_cast_iron
[IDLEG] 0	200,248,8	MeshInstance3D	2.5x1.3x0.0	StreetIdShot/OrisonRoot/F01/F01_retail_shop_keys_cut_chrome
[IDLEG] 0	216,248,8	MeshInstance3D	3.4x0.1x5.0	StreetIdShot/OrisonRoot/F01/F01_retail_shop_keys_cut_concrete
[IDLEG] 0	232,248,8	MeshInstance3D	1.9x0.0x0.7	StreetIdShot/OrisonRoot/F01/F01_retail_shop_keys_cut_countertop
[IDLEG] 0	248,248,8	MeshInstance3D	0.9x0.0x0.6	StreetIdShot/OrisonRoot/F01/F01_retail_shop_keys_cut_linen
[IDLEG] 0	8,8,24	MeshInstance3D	0.1x0.2x0.4	StreetIdShot/OrisonRoot/F01/F01_retail_shop_keys_cut_metal
[IDLEG] 0	24,8,24	MeshInstance3D	0.3x0.0x0.4	StreetIdShot/OrisonRoot/F01/F01_retail_shop_keys_cut_paper
[IDLEG] 0	40,8,24	MeshInstance3D	3.4x0.3x5.0	StreetIdShot/OrisonRoot/F01/F01_retail_shop_keys_cut_plaster
[IDLEG] 0	56,8,24	MeshInstance3D	3.4x3.3x0.1	StreetIdShot/OrisonRoot/F01/F01_retail_shop_keys_cut_plaster_stained
[IDLEG] 0	72,8,24	MeshInstance3D	2.9x2.4x4.4	StreetIdShot/OrisonRoot/F01/F01_retail_shop_keys_cut_plywood
[IDLEG] 0	88,8,24	MeshInstance3D	2.9x1.7x2.6	StreetIdShot/OrisonRoot/F01/F01_retail_shop_keys_cut_timber
[IDLEG] 0	104,8,24	MeshInstance3D	0.8x0.1x0.3	StreetIdShot/OrisonRoot/F01/F01_retail_shop_keys_cut_vinyl_oxblood
[IDLEG] 0	120,8,24	MeshInstance3D	3.4x1.1x5.0	StreetIdShot/OrisonRoot/F01/F01_retail_shop_keys_cut_wainscot
[IDLEG] 0	136,8,24	MeshInstance3D	3.3x2.1x4.6	StreetIdShot/OrisonRoot/F01/F01_retail_shop_keys_cut_wood_dark
[IDLEG] 0	152,8,24	MeshInstance3D	3.9x0.7x0.0	StreetIdShot/OrisonRoot/F01/F01_retail_shop_luncheonette_bakelite_black
[IDLEG] 0	168,8,24	MeshInstance3D	4.2x0.4x0.7	StreetIdShot/OrisonRoot/F01/F01_retail_shop_luncheonette_brass_dull
[IDLEG] 0	184,8,24	MeshInstance3D	1.1x0.0x0.6	StreetIdShot/OrisonRoot/F01/F01_retail_shop_luncheonette_cast_iron
[IDLEG] 0	200,8,24	MeshInstance3D	4.4x1.0x4.9	StreetIdShot/OrisonRoot/F01/F01_retail_shop_luncheonette_chrome
[IDLEG] 0	216,8,24	MeshInstance3D	4.4x0.1x4.3	StreetIdShot/OrisonRoot/F01/F01_retail_shop_luncheonette_countertop
[IDLEG] 0	232,8,24	MeshInstance3D	0.4x0.3x0.3	StreetIdShot/OrisonRoot/F01/F01_retail_shop_luncheonette_enamel
[IDLEG] 0	248,8,24	MeshInstance3D	1.2x0.9x0.6	StreetIdShot/OrisonRoot/F01/F01_retail_shop_luncheonette_marble_lobby
[IDLEG] 0	8,24,24	MeshInstance3D	3.2x3.0x4.3	StreetIdShot/OrisonRoot/F01/F01_retail_shop_luncheonette_metal
[IDLEG] 0	24,24,24	MeshInstance3D	2.9x0.9x4.0	StreetIdShot/OrisonRoot/F01/F01_retail_shop_luncheonette_nickel_plated
[IDLEG] 0	40,24,24	MeshInstance3D	0.4x0.0x0.4	StreetIdShot/OrisonRoot/F01/F01_retail_shop_luncheonette_paper
[IDLEG] 0	56,24,24	MeshInstance3D	5.0x3.3x0.1	StreetIdShot/OrisonRoot/F01/F01_retail_shop_luncheonette_plaster_stained
[IDLEG] 0	72,24,24	MeshInstance3D	5.0x0.1x7.0	StreetIdShot/OrisonRoot/F01/F01_retail_shop_luncheonette_terrazzo
[IDLEG] 0	88,24,24	MeshInstance3D	4.3x0.8x0.0	StreetIdShot/OrisonRoot/F01/F01_retail_shop_luncheonette_timber
[IDLEG] 0	104,24,24	MeshInstance3D	5.0x0.3x7.0	StreetIdShot/OrisonRoot/F01/F01_retail_shop_luncheonette_tin_ceiling
[IDLEG] 0	120,24,24	MeshInstance3D	3.0x0.1x0.4	StreetIdShot/OrisonRoot/F01/F01_retail_shop_luncheonette_vinyl_oxblood
[IDLEG] 0	136,24,24	MeshInstance3D	5.0x1.1x7.0	StreetIdShot/OrisonRoot/F01/F01_retail_shop_luncheonette_wainscot
[IDLEG] 0	152,24,24	MeshInstance3D	4.6x2.1x4.9	StreetIdShot/OrisonRoot/F01/F01_retail_shop_luncheonette_wood_dark
[IDLEG] 0	168,24,24	MeshInstance3D	0.0x0.1x0.1	StreetIdShot/OrisonRoot/F01/F01_retail_shop_model_laundry_brass_dull
[IDLEG] 0	184,24,24	MeshInstance3D	2.3x1.0x2.7	StreetIdShot/OrisonRoot/F01/F01_retail_shop_model_laundry_cast_iron
[IDLEG] 0	200,24,24	MeshInstance3D	4.6x0.0x0.1	StreetIdShot/OrisonRoot/F01/F01_retail_shop_model_laundry_chrome
[IDLEG] 0	216,24,24	MeshInstance3D	3.8x0.0x0.7	StreetIdShot/OrisonRoot/F01/F01_retail_shop_model_laundry_countertop
[IDLEG] 0	232,24,24	MeshInstance3D	5.0x2.3x4.4	StreetIdShot/OrisonRoot/F01/F01_retail_shop_model_laundry_linen
[IDLEG] 0	248,24,24	MeshInstance3D	5.1x1.8x2.1	StreetIdShot/OrisonRoot/F01/F01_retail_shop_model_laundry_metal
[IDLEG] 0	8,40,24	MeshInstance3D	4.8x2.3x6.0	StreetIdShot/OrisonRoot/F01/F01_retail_shop_model_laundry_paper
[IDLEG] 0	24,40,24	MeshInstance3D	5.4x0.3x7.0	StreetIdShot/OrisonRoot/F01/F01_retail_shop_model_laundry_plaster
[IDLEG] 0	40,40,24	MeshInstance3D	5.4x3.3x0.1	StreetIdShot/OrisonRoot/F01/F01_retail_shop_model_laundry_plaster_stained
[IDLEG] 0	56,40,24	MeshInstance3D	3.6x1.2x0.0	StreetIdShot/OrisonRoot/F01/F01_retail_shop_model_laundry_plywood
[IDLEG] 0	72,40,24	MeshInstance3D	5.4x0.1x7.0	StreetIdShot/OrisonRoot/F01/F01_retail_shop_model_laundry_quarry_tile
[IDLEG] 0	88,40,24	MeshInstance3D	0.9x0.1x0.4	StreetIdShot/OrisonRoot/F01/F01_retail_shop_model_laundry_rubber_aged
[IDLEG] 0	104,40,24	MeshInstance3D	5.2x2.6x6.0	StreetIdShot/OrisonRoot/F01/F01_retail_shop_model_laundry_timber
[IDLEG] 0	120,40,24	MeshInstance3D	5.4x1.1x7.0	StreetIdShot/OrisonRoot/F01/F01_retail_shop_model_laundry_wainscot
[IDLEG] 0	136,40,24	MeshInstance3D	5.3x2.1x6.6	StreetIdShot/OrisonRoot/F01/F01_retail_shop_model_laundry_wood_dark
[IDLEG] 0	152,40,24	MeshInstance3D	0.7x0.8x1.6	StreetIdShot/OrisonRoot/F01/F01_retail_shop_model_laundry_zinc_liner
[IDLEG] 0	168,40,24	MeshInstance3D	0.2x0.2x0.7	StreetIdShot/OrisonRoot/F01/F01_retail_shop_news_cigars_bakelite_black
[IDLEG] 0	184,40,24	MeshInstance3D	0.0x0.1x0.1	StreetIdShot/OrisonRoot/F01/F01_retail_shop_news_cigars_brass_dull
[IDLEG] 0	200,40,24	MeshInstance3D	0.7x0.0x2.4	StreetIdShot/OrisonRoot/F01/F01_retail_shop_news_cigars_countertop
[IDLEG] 0	216,40,24	MeshInstance3D	2.1x0.1x4.0	StreetIdShot/OrisonRoot/F01/F01_retail_shop_news_cigars_linoleum
[IDLEG] 0	232,40,24	MeshInstance3D	1.9x0.9x1.7	StreetIdShot/OrisonRoot/F01/F01_retail_shop_news_cigars_paper
[IDLEG] 0	248,40,24	MeshInstance3D	2.1x0.3x4.0	StreetIdShot/OrisonRoot/F01/F01_retail_shop_news_cigars_plaster
[IDLEG] 0	8,56,24	MeshInstance3D	2.1x3.3x0.1	StreetIdShot/OrisonRoot/F01/F01_retail_shop_news_cigars_plaster_stained
[IDLEG] 0	24,56,24	MeshInstance3D	0.7x0.0x0.7	StreetIdShot/OrisonRoot/F01/F01_retail_shop_news_cigars_soot
[IDLEG] 0	40,56,24	MeshInstance3D	2.0x2.0x4.0	StreetIdShot/OrisonRoot/F01/F01_retail_shop_news_cigars_timber
[IDLEG] 0	56,56,24	MeshInstance3D	2.1x1.1x4.0	StreetIdShot/OrisonRoot/F01/F01_retail_shop_news_cigars_wainscot
[IDLEG] 0	72,56,24	MeshInstance3D	2.0x2.1x3.6	StreetIdShot/OrisonRoot/F01/F01_retail_shop_news_cigars_wood_dark
[IDLEG] 0	88,56,24	MeshInstance3D	0.5x0.4x0.4	StreetIdShot/OrisonRoot/F01/F01_retail_shop_otis___son_bakelite_black
[IDLEG] 0	104,56,24	MeshInstance3D	0.3x0.7x0.3	StreetIdShot/OrisonRoot/F01/F01_retail_shop_otis___son_book_ochre
[IDLEG] 0	120,56,24	MeshInstance3D	3.4x0.8x5.8	StreetIdShot/OrisonRoot/F01/F01_retail_shop_otis___son_book_teal
[IDLEG] 0	136,56,24	MeshInstance3D	0.0x0.1x0.1	StreetIdShot/OrisonRoot/F01/F01_retail_shop_otis___son_brass_dull
[IDLEG] 0	152,56,24	MeshInstance3D	1.2x1.5x2.2	StreetIdShot/OrisonRoot/F01/F01_retail_shop_otis___son_chrome
[IDLEG] 0	168,56,24	MeshInstance3D	3.8x0.1x5.2	StreetIdShot/OrisonRoot/F01/F01_retail_shop_otis___son_countertop
[IDLEG] 0	184,56,24	MeshInstance3D	0.3x0.7x0.3	StreetIdShot/OrisonRoot/F01/F01_retail_shop_otis___son_fabric_green
[IDLEG] 0	200,56,24	MeshInstance3D	2.9x0.7x5.7	StreetIdShot/OrisonRoot/F01/F01_retail_shop_otis___son_lacquer_red
[IDLEG] 0	216,56,24	MeshInstance3D	2.5x1.5x4.5	StreetIdShot/OrisonRoot/F01/F01_retail_shop_otis___son_marble_lobby
[IDLEG] 0	232,56,24	MeshInstance3D	0.1x1.5x3.9	StreetIdShot/OrisonRoot/F01/F01_retail_shop_otis___son_oak_quartered
[IDLEG] 0	248,56,24	MeshInstance3D	0.5x0.0x0.5	StreetIdShot/OrisonRoot/F01/F01_retail_shop_otis___son_paper
[IDLEG] 0	8,72,24	MeshInstance3D	4.1x3.3x0.1	StreetIdShot/OrisonRoot/F01/F01_retail_shop_otis___son_plaster_stained
[IDLEG] 0	24,72,24	MeshInstance3D	2.3x1.2x0.0	StreetIdShot/OrisonRoot/F01/F01_retail_shop_otis___son_plywood
[IDLEG] 0	40,72,24	MeshInstance3D	0.3x0.4x0.5	StreetIdShot/OrisonRoot/F01/F01_retail_shop_otis___son_porcelain
[IDLEG] 0	56,72,24	MeshInstance3D	4.1x0.1x7.0	StreetIdShot/OrisonRoot/F01/F01_retail_shop_otis___son_terrazzo
[IDLEG] 0	72,72,24	MeshInstance3D	2.0x1.0x0.1	StreetIdShot/OrisonRoot/F01/F01_retail_shop_otis___son_timber
[IDLEG] 0	88,72,24	MeshInstance3D	4.1x0.3x7.0	StreetIdShot/OrisonRoot/F01/F01_retail_shop_otis___son_tin_ceiling
[IDLEG] 0	104,72,24	MeshInstance3D	0.4x0.1x2.2	StreetIdShot/OrisonRoot/F01/F01_retail_shop_otis___son_vinyl_oxblood
[IDLEG] 0	120,72,24	MeshInstance3D	4.1x1.1x7.1	StreetIdShot/OrisonRoot/F01/F01_retail_shop_otis___son_wainscot
[IDLEG] 0	136,72,24	MeshInstance3D	4.0x2.7x7.9	StreetIdShot/OrisonRoot/F01/F01_retail_shop_otis___son_wood_dark
[IDLEG] 0	152,72,24	MeshInstance3D	0.1x0.1x0.2	StreetIdShot/OrisonRoot/F01/F01_retail_shop_pawnbroker_bakelite_black
[IDLEG] 0	168,72,24	MeshInstance3D	4.4x1.6x3.8	StreetIdShot/OrisonRoot/F01/F01_retail_shop_pawnbroker_brass_dull
[IDLEG] 0	184,72,24	MeshInstance3D	3.0x1.0x0.1	StreetIdShot/OrisonRoot/F01/F01_retail_shop_pawnbroker_brass_mesh
[IDLEG] 0	200,72,24	MeshInstance3D	0.8x1.1x0.8	StreetIdShot/OrisonRoot/F01/F01_retail_shop_pawnbroker_cast_iron
[IDLEG] 0	216,72,24	MeshInstance3D	3.1x0.0x0.7	StreetIdShot/OrisonRoot/F01/F01_retail_shop_pawnbroker_countertop
[IDLEG] 0	232,72,24	MeshInstance3D	0.6x0.5x0.6	StreetIdShot/OrisonRoot/F01/F01_retail_shop_pawnbroker_enamel
[IDLEG] 0	248,72,24	MeshInstance3D	0.5x1.0x0.5	StreetIdShot/OrisonRoot/F01/F01_retail_shop_pawnbroker_fabric_warm
[IDLEG] 0	8,88,24	MeshInstance3D	4.4x0.1x6.0	StreetIdShot/OrisonRoot/F01/F01_retail_shop_pawnbroker_floor_oak
[IDLEG] 0	24,88,24	MeshInstance3D	3.2x2.0x0.3	StreetIdShot/OrisonRoot/F01/F01_retail_shop_pawnbroker_linen
[IDLEG] 0	40,88,24	MeshInstance3D	3.2x2.0x1.4	StreetIdShot/OrisonRoot/F01/F01_retail_shop_pawnbroker_paper
[IDLEG] 0	56,88,24	MeshInstance3D	4.4x3.3x0.1	StreetIdShot/OrisonRoot/F01/F01_retail_shop_pawnbroker_plaster_stained
[IDLEG] 0	72,88,24	MeshInstance3D	2.6x1.2x0.0	StreetIdShot/OrisonRoot/F01/F01_retail_shop_pawnbroker_plywood
[IDLEG] 0	88,88,24	MeshInstance3D	3.5x1.7x0.4	StreetIdShot/OrisonRoot/F01/F01_retail_shop_pawnbroker_timber
[IDLEG] 0	104,88,24	MeshInstance3D	4.4x0.3x6.0	StreetIdShot/OrisonRoot/F01/F01_retail_shop_pawnbroker_tin_ceiling
[IDLEG] 0	120,88,24	MeshInstance3D	4.4x1.1x6.0	StreetIdShot/OrisonRoot/F01/F01_retail_shop_pawnbroker_wainscot
[IDLEG] 0	136,88,24	MeshInstance3D	4.3x2.5x5.6	StreetIdShot/OrisonRoot/F01/F01_retail_shop_pawnbroker_wood_dark
[IDLEG] 0	152,88,24	MeshInstance3D	1.8x0.4x0.3	StreetIdShot/OrisonRoot/F01/F01_retail_shop_photo_supplies_bakelite_black
[IDLEG] 0	168,88,24	MeshInstance3D	0.3x1.0x2.4	StreetIdShot/OrisonRoot/F01/F01_retail_shop_photo_supplies_book_ochre
[IDLEG] 0	184,88,24	MeshInstance3D	0.3x1.0x2.4	StreetIdShot/OrisonRoot/F01/F01_retail_shop_photo_supplies_book_teal
[IDLEG] 0	200,88,24	MeshInstance3D	3.5x0.9x4.9	StreetIdShot/OrisonRoot/F01/F01_retail_shop_photo_supplies_brass_dull
[IDLEG] 0	216,88,24	MeshInstance3D	1.7x0.6x0.3	StreetIdShot/OrisonRoot/F01/F01_retail_shop_photo_supplies_cast_iron
[IDLEG] 0	232,88,24	MeshInstance3D	2.4x0.9x1.3	StreetIdShot/OrisonRoot/F01/F01_retail_shop_photo_supplies_enamel
[IDLEG] 0	248,88,24	MeshInstance3D	4.2x1.8x3.7	StreetIdShot/OrisonRoot/F01/F01_retail_shop_photo_supplies_lacquer_red
[IDLEG] 0	8,104,24	MeshInstance3D	5.0x0.1x6.0	StreetIdShot/OrisonRoot/F01/F01_retail_shop_photo_supplies_linoleum
[IDLEG] 0	24,104,24	MeshInstance3D	0.9x0.2x0.3	StreetIdShot/OrisonRoot/F01/F01_retail_shop_photo_supplies_metal
[IDLEG] 0	40,104,24	MeshInstance3D	0.8x0.6x0.3	StreetIdShot/OrisonRoot/F01/F01_retail_shop_photo_supplies_nickel_plated
[IDLEG] 0	56,104,24	MeshInstance3D	2.1x1.0x4.8	StreetIdShot/OrisonRoot/F01/F01_retail_shop_photo_supplies_paper
[IDLEG] 0	72,104,24	MeshInstance3D	5.0x3.3x0.1	StreetIdShot/OrisonRoot/F01/F01_retail_shop_photo_supplies_plaster_stained
[IDLEG] 0	88,104,24	MeshInstance3D	3.2x1.2x0.0	StreetIdShot/OrisonRoot/F01/F01_retail_shop_photo_supplies_plywood
[IDLEG] 0	104,104,24	MeshInstance3D	4.7x2.3x3.7	StreetIdShot/OrisonRoot/F01/F01_retail_shop_photo_supplies_timber
[IDLEG] 0	120,104,24	MeshInstance3D	5.0x0.3x6.0	StreetIdShot/OrisonRoot/F01/F01_retail_shop_photo_supplies_tin_ceiling
[IDLEG] 0	136,104,24	MeshInstance3D	5.0x1.1x6.0	StreetIdShot/OrisonRoot/F01/F01_retail_shop_photo_supplies_wainscot
[IDLEG] 0	152,104,24	MeshInstance3D	3.5x2.1x5.7	StreetIdShot/OrisonRoot/F01/F01_retail_shop_photo_supplies_wood_dark
[IDLEG] 0	168,104,24	MeshInstance3D	0.5x0.4x0.5	StreetIdShot/OrisonRoot/F01/F01_retail_shop_radio_service_appliance
[IDLEG] 0	184,104,24	MeshInstance3D	1.8x0.4x2.8	StreetIdShot/OrisonRoot/F01/F01_retail_shop_radio_service_bakelite_black
[IDLEG] 0	200,104,24	MeshInstance3D	2.5x0.5x3.8	StreetIdShot/OrisonRoot/F01/F01_retail_shop_radio_service_brass_dull
[IDLEG] 0	216,104,24	MeshInstance3D	0.6x0.3x0.4	StreetIdShot/OrisonRoot/F01/F01_retail_shop_radio_service_cast_iron
[IDLEG] 0	232,104,24	MeshInstance3D	0.8x0.5x0.4	StreetIdShot/OrisonRoot/F01/F01_retail_shop_radio_service_copper_aged
[IDLEG] 0	248,104,24	MeshInstance3D	1.5x0.0x0.7	StreetIdShot/OrisonRoot/F01/F01_retail_shop_radio_service_countertop
[IDLEG] 0	8,120,24	MeshInstance3D	0.6x0.6x0.4	StreetIdShot/OrisonRoot/F01/F01_retail_shop_radio_service_fabric_warm
[IDLEG] 0	24,120,24	MeshInstance3D	3.0x0.1x5.0	StreetIdShot/OrisonRoot/F01/F01_retail_shop_radio_service_linoleum
[IDLEG] 0	40,120,24	MeshInstance3D	2.7x1.0x1.9	StreetIdShot/OrisonRoot/F01/F01_retail_shop_radio_service_milk_glass
[IDLEG] 0	56,120,24	MeshInstance3D	0.4x0.0x0.4	StreetIdShot/OrisonRoot/F01/F01_retail_shop_radio_service_paper
[IDLEG] 0	72,120,24	MeshInstance3D	3.0x0.3x5.0	StreetIdShot/OrisonRoot/F01/F01_retail_shop_radio_service_plaster
[IDLEG] 0	88,120,24	MeshInstance3D	3.0x3.3x0.1	StreetIdShot/OrisonRoot/F01/F01_retail_shop_radio_service_plaster_stained
[IDLEG] 0	104,120,24	MeshInstance3D	1.2x1.2x0.0	StreetIdShot/OrisonRoot/F01/F01_retail_shop_radio_service_plywood
[IDLEG] 0	120,120,24	MeshInstance3D	0.0x0.2x0.3	StreetIdShot/OrisonRoot/F01/F01_retail_shop_radio_service_screen
[IDLEG] 0	136,120,24	MeshInstance3D	2.9x2.1x2.5	StreetIdShot/OrisonRoot/F01/F01_retail_shop_radio_service_timber
[IDLEG] 0	152,120,24	MeshInstance3D	3.0x1.1x5.0	StreetIdShot/OrisonRoot/F01/F01_retail_shop_radio_service_wainscot
[IDLEG] 0	168,120,24	MeshInstance3D	2.9x2.1x4.6	StreetIdShot/OrisonRoot/F01/F01_retail_shop_radio_service_wood_dark
[IDLEG] 0	184,120,24	MeshInstance3D	0.0x0.1x0.1	StreetIdShot/OrisonRoot/F01/F01_retail_shop_shoe_rebuilding_brass_dull
[IDLEG] 0	200,120,24	MeshInstance3D	3.8x1.3x2.0	StreetIdShot/OrisonRoot/F01/F01_retail_shop_shoe_rebuilding_cast_iron
[IDLEG] 0	216,120,24	MeshInstance3D	3.7x0.0x0.7	StreetIdShot/OrisonRoot/F01/F01_retail_shop_shoe_rebuilding_countertop
[IDLEG] 0	232,120,24	MeshInstance3D	5.4x0.1x6.0	StreetIdShot/OrisonRoot/F01/F01_retail_shop_shoe_rebuilding_floor_oak
[IDLEG] 0	248,120,24	MeshInstance3D	2.9x0.6x1.1	StreetIdShot/OrisonRoot/F01/F01_retail_shop_shoe_rebuilding_metal
[IDLEG] 0	8,136,24	MeshInstance3D	0.4x0.0x0.4	StreetIdShot/OrisonRoot/F01/F01_retail_shop_shoe_rebuilding_paper
[IDLEG] 0	24,136,24	MeshInstance3D	5.4x0.3x6.0	StreetIdShot/OrisonRoot/F01/F01_retail_shop_shoe_rebuilding_plaster
[IDLEG] 0	40,136,24	MeshInstance3D	5.4x3.3x0.1	StreetIdShot/OrisonRoot/F01/F01_retail_shop_shoe_rebuilding_plaster_stained
[IDLEG] 0	56,136,24	MeshInstance3D	3.6x1.2x0.0	StreetIdShot/OrisonRoot/F01/F01_retail_shop_shoe_rebuilding_plywood
[IDLEG] 0	72,136,24	MeshInstance3D	0.8x0.3x0.3	StreetIdShot/OrisonRoot/F01/F01_retail_shop_shoe_rebuilding_rubber_aged
[IDLEG] 0	88,136,24	MeshInstance3D	5.2x1.7x4.2	StreetIdShot/OrisonRoot/F01/F01_retail_shop_shoe_rebuilding_soot
[IDLEG] 0	104,136,24	MeshInstance3D	5.3x1.9x4.9	StreetIdShot/OrisonRoot/F01/F01_retail_shop_shoe_rebuilding_timber
[IDLEG] 0	120,136,24	MeshInstance3D	2.4x2.0x2.1	StreetIdShot/OrisonRoot/F01/F01_retail_shop_shoe_rebuilding_vinyl_oxblood
[IDLEG] 0	136,136,24	MeshInstance3D	5.4x1.1x6.0	StreetIdShot/OrisonRoot/F01/F01_retail_shop_shoe_rebuilding_wainscot
[IDLEG] 0	152,136,24	MeshInstance3D	5.4x2.1x5.6	StreetIdShot/OrisonRoot/F01/F01_retail_shop_shoe_rebuilding_wood_dark
[IDLEG] 0	168,136,24	MeshInstance3D	6.5x0.0x9.0	StreetIdShot/OrisonRoot/F01/F01_retail_site_linen
[IDLEG] 0	184,136,24	MeshInstance3D	32.7x2.4x4.9	StreetIdShot/OrisonRoot/F01/F01_retail_site_metal
[IDLEG] 0	200,136,24	MeshInstance3D	65.4x2.5x7.0	StreetIdShot/OrisonRoot/F01/F01_retail_site_plywood
[IDLEG] 0	216,136,24	MeshInstance3D	44.4x0.9x3.2	StreetIdShot/OrisonRoot/F01/F01_retail_site_soil
[IDLEG] 0	232,136,24	MeshInstance3D	45.2x2.0x36.3	StreetIdShot/OrisonRoot/F01/F01_retail_site_soot
[IDLEG] 0	248,136,24	MeshInstance3D	27.9x0.2x19.9	StreetIdShot/OrisonRoot/F01/F01_slabs
[IDLEG] 0	8,152,24	MeshInstance3D	6.3x3.2x2.9	StreetIdShot/OrisonRoot/F01/F01_stairs
[IDLEG] 0	24,152,24	MeshInstance3D	3.1x3.9x3.1	StreetIdShot/OrisonRoot/F01/F01_stairs_bal
[IDLEG] 0	40,152,24	MeshInstance3D	6.2x3.4x3.1	StreetIdShot/OrisonRoot/F01/F01_stairs_brass
[IDLEG] 0	56,152,24	MeshInstance3D	6.3x3.4x3.1	StreetIdShot/OrisonRoot/F01/F01_stairs_iron
[IDLEG] 0	72,152,24	MeshInstance3D	6.3x1.8x6.3	StreetIdShot/OrisonRoot/F01/F01_stairs_landing
[IDLEG] 0	88,152,24	MeshInstance3D	6.3x4.2x3.2	StreetIdShot/OrisonRoot/F01/F01_stairs_rail
[IDLEG] 0	104,152,24	MeshInstance3D	6.3x2.9x2.9	StreetIdShot/OrisonRoot/F01/F01_stairs_treads
[IDLEG] 0	120,152,24	MeshInstance3D	28.1x2.5x20.1	StreetIdShot/OrisonRoot/F01/F01_stone_trim
[IDLEG] 0	136,152,24	MeshInstance3D	27.3x3.2x19.3	StreetIdShot/OrisonRoot/F01/F01_trim
[IDLEG] 0	152,152,24	MeshInstance3D	20.8x0.0x11.6	StreetIdShot/OrisonRoot/F01/F01_vent_register_screws
[IDLEG] 0	168,152,24	MeshInstance3D	20.8x0.0x11.6	StreetIdShot/OrisonRoot/F01/F01_vent_register_throat
[IDLEG] 0	184,152,24	MeshInstance3D	20.8x0.0x11.7	StreetIdShot/OrisonRoot/F01/F01_vent_register_trim
[IDLEG] 0	200,152,24	MeshInstance3D	6.5x1.2x0.0	StreetIdShot/OrisonRoot/F01/F01_wainscot_marble_lobby
[IDLEG] 0	216,152,24	MeshInstance3D	21.4x1.2x13.5	StreetIdShot/OrisonRoot/F01/F01_wainscot_subway_tile
[IDLEG] 0	232,152,24	MeshInstance3D	10.9x1.2x19.3	StreetIdShot/OrisonRoot/F01/F01_wainscot_wainscot
[IDLEG] 0	248,152,24	MeshInstance3D	27.3x3.0x19.3	StreetIdShot/OrisonRoot/F01/F01_walls
[IDLEG] 0	8,168,24	MeshInstance3D	28.0x3.2x19.7	StreetIdShot/OrisonRoot/F01/F01_walls_cbrick
[IDLEG] 0	24,168,24	MeshInstance3D	2.3x3.0x2.3	StreetIdShot/OrisonRoot/F01/F01_walls_conc
[IDLEG] 0	40,168,24	MeshInstance3D	27.3x3.2x0.5	StreetIdShot/OrisonRoot/F01/F01_walls_fbrick
[IDLEG] 0	56,168,24	MultiMeshInstance3D	22.6x0.1x16.7	StreetIdShot/OrisonRoot/F01/F01_VantryPointBatch
[IDLEG] 0	72,168,24	MeshInstance3D	0.0x0.7x1.1	StreetIdShot/OrisonRoot/F01/LobbyMailBank/FixedBank/FixedNameCards
[IDLEG] 0	88,168,24	MeshInstance3D	0.1x1.4x1.4	StreetIdShot/OrisonRoot/F01/LobbyMailBank/FixedBank/@MeshInstance3D@204
[IDLEG] 0	104,168,24	MeshInstance3D	0.1x1.4x1.2	StreetIdShot/OrisonRoot/F01/LobbyMailBank/FixedBank/@MeshInstance3D@205
[IDLEG] 0	120,168,24	MeshInstance3D	0.0x0.1x1.2	StreetIdShot/OrisonRoot/F01/LobbyMailBank/FixedBank/@MeshInstance3D@206
[IDLEG] 0	136,168,24	MeshInstance3D	0.1x1.2x1.2	StreetIdShot/OrisonRoot/F01/LobbyMailBank/FixedBank/@MeshInstance3D@207
[IDLEG] 0	152,168,24	MeshInstance3D	0.0x0.7x1.0	StreetIdShot/OrisonRoot/F01/LobbyMailBank/FixedBank/@MeshInstance3D@208
[IDLEG] 0	168,168,24	MeshInstance3D	0.0x0.8x0.9	StreetIdShot/OrisonRoot/F01/LobbyMailBank/FixedBank/@MeshInstance3D@209
[IDLEG] 0	184,168,24	MeshInstance3D	0.0x0.0x0.2	StreetIdShot/OrisonRoot/F01/LobbyMailBank/FixedBank/@MeshInstance3D@210
[IDLEG] 0	200,168,24	MeshInstance3D	0.1x0.1x0.3	StreetIdShot/OrisonRoot/F01/LobbyMailBank/@MeshInstance3D@131
[IDLEG] 0	216,168,24	MeshInstance3D	0.0x0.1x0.3	StreetIdShot/OrisonRoot/F01/LobbyMailBank/@Node3D@135/@MeshInstance3D@136
[IDLEG] 0	232,168,24	MeshInstance3D	0.0x0.0x0.2	StreetIdShot/OrisonRoot/F01/LobbyMailBank/@Node3D@135/@MeshInstance3D@137
[IDLEG] 0	248,168,24	MeshInstance3D	0.0x0.0x0.1	StreetIdShot/OrisonRoot/F01/LobbyMailBank/@Node3D@135/@MeshInstance3D@138
[IDLEG] 0	8,184,24	MeshInstance3D	0.0x0.0x0.0	StreetIdShot/OrisonRoot/F01/LobbyMailBank/@Node3D@135/@MeshInstance3D@139
[IDLEG] 0	24,184,24	MeshInstance3D	0.2x0.0x0.3	StreetIdShot/OrisonRoot/F01/LobbyPostTray/@MeshInstance3D@217
[IDLEG] 0	40,184,24	MeshInstance3D	0.0x0.0x0.3	StreetIdShot/OrisonRoot/F01/LobbyPostTray/@MeshInstance3D@218
[IDLEG] 0	56,184,24	MeshInstance3D	0.0x0.0x0.3	StreetIdShot/OrisonRoot/F01/LobbyPostTray/@MeshInstance3D@219
[IDLEG] 0	72,184,24	MeshInstance3D	0.2x0.0x0.0	StreetIdShot/OrisonRoot/F01/LobbyPostTray/@MeshInstance3D@220
[IDLEG] 0	88,184,24	MeshInstance3D	0.2x0.0x0.3	StreetIdShot/OrisonRoot/F01/LobbyPostTray/@MeshInstance3D@221
[IDLEG] 0	104,184,24	MeshInstance3D	0.2x0.0x0.3	StreetIdShot/OrisonRoot/F01/LobbyPostTray/@MeshInstance3D@222
[IDLEG] 0	120,184,24	MeshInstance3D	0.2x0.0x0.3	StreetIdShot/OrisonRoot/F01/LobbyPostTray/@MeshInstance3D@223
[IDLEG] 0	136,184,24	MeshInstance3D	0.1x0.6x0.3	StreetIdShot/OrisonRoot/F01/LobbyPorterBoard/@MeshInstance3D@225
[IDLEG] 0	152,184,24	MeshInstance3D	0.0x0.5x0.2	StreetIdShot/OrisonRoot/F01/LobbyPorterBoard/@MeshInstance3D@226
[IDLEG] 0	168,184,24	MeshInstance3D	0.0x0.0x0.1	StreetIdShot/OrisonRoot/F01/LobbyPorterBoard/@MeshInstance3D@227
[IDLEG] 0	184,184,24	MeshInstance3D	0.0x0.0x0.1	StreetIdShot/OrisonRoot/F01/LobbyPorterBoard/@MeshInstance3D@228
[IDLEG] 0	200,184,24	MeshInstance3D	0.0x0.0x0.1	StreetIdShot/OrisonRoot/F01/LobbyPorterBoard/@MeshInstance3D@229
[IDLEG] 0	216,184,24	MeshInstance3D	0.0x0.0x0.1	StreetIdShot/OrisonRoot/F01/LobbyPorterBoard/@MeshInstance3D@230
[IDLEG] 0	232,184,24	MeshInstance3D	0.0x0.0x0.1	StreetIdShot/OrisonRoot/F01/LobbyPorterBoard/@MeshInstance3D@231
[IDLEG] 0	248,184,24	MeshInstance3D	0.0x0.0x0.1	StreetIdShot/OrisonRoot/F01/LobbyPorterBoard/@MeshInstance3D@232
[IDLEG] 0	8,200,24	MeshInstance3D	0.0x0.0x0.1	StreetIdShot/OrisonRoot/F01/LobbyPorterBoard/@MeshInstance3D@233
[IDLEG] 0	24,200,24	MeshInstance3D	0.0x0.0x0.1	StreetIdShot/OrisonRoot/F01/LobbyPorterBoard/@MeshInstance3D@234
[IDLEG] 0	40,200,24	MeshInstance3D	0.0x0.0x0.1	StreetIdShot/OrisonRoot/F01/LobbyPorterBoard/@MeshInstance3D@235
[IDLEG] 0	56,200,24	MeshInstance3D	0.0x0.0x0.1	StreetIdShot/OrisonRoot/F01/LobbyPorterBoard/@MeshInstance3D@236
[IDLEG] 0	72,200,24	MeshInstance3D	0.0x0.0x0.1	StreetIdShot/OrisonRoot/F01/LobbyPorterBoard/@MeshInstance3D@237
[IDLEG] 0	88,200,24	MeshInstance3D	0.0x0.0x0.1	StreetIdShot/OrisonRoot/F01/LobbyPorterBoard/@MeshInstance3D@238
[IDLEG] 0	104,200,24	MeshInstance3D	0.0x0.0x0.1	StreetIdShot/OrisonRoot/F01/LobbyPorterBoard/@MeshInstance3D@239
[IDLEG] 0	120,200,24	MeshInstance3D	0.0x0.0x0.1	StreetIdShot/OrisonRoot/F01/LobbyPorterBoard/@MeshInstance3D@240
[IDLEG] 0	136,200,24	MeshInstance3D	0.0x0.0x0.1	StreetIdShot/OrisonRoot/F01/LobbyPorterBoard/@MeshInstance3D@241
[IDLEG] 0	152,200,24	MeshInstance3D	0.0x0.0x0.1	StreetIdShot/OrisonRoot/F01/LobbyPorterBoard/@MeshInstance3D@242
[IDLEG] 0	168,200,24	MultiMeshInstance3D	19.5x2.9x2.0	StreetIdShot/OrisonRoot/F01/@MultiMeshInstance3D@284
[IDLEG] 0	184,200,24	MultiMeshInstance3D	19.0x3.1x2.0	StreetIdShot/OrisonRoot/F01/@MultiMeshInstance3D@285
[IDLEG] 0	200,200,24	MeshInstance3D	0.5x0.9x0.2	StreetIdShot/OrisonRoot/F01/TV_retail/@MeshInstance3D@721
[IDLEG] 0	216,200,24	MeshInstance3D	0.0x0.4x0.4	StreetIdShot/OrisonRoot/F01/Arcade_common_cab/Screen
[IDLEG] 0	232,200,24	MeshInstance3D	0.0x0.2x0.6	StreetIdShot/OrisonRoot/F01/Arcade_common_cab/@MeshInstance3D@976
[IDLEG] 0	248,200,24	MeshInstance3D	0.1x0.0x0.1	StreetIdShot/OrisonRoot/F01/Arcade_common_cab/@MeshInstance3D@980
[IDLEG] 0	8,216,24	MeshInstance3D	0.1x0.0x0.1	StreetIdShot/OrisonRoot/F01/Arcade_common_cab/@MeshInstance3D@981
[IDLEG] 0	24,216,24	MeshInstance3D	0.1x0.0x0.1	StreetIdShot/OrisonRoot/F01/Arcade_common_cab/@MeshInstance3D@982
[IDLEG] 0	40,216,24	MeshInstance3D	0.1x0.0x0.1	StreetIdShot/OrisonRoot/F01/Arcade_common_cab/@MeshInstance3D@983
[IDLEG] 0	56,216,24	MeshInstance3D	0.3x0.3x0.0	StreetIdShot/OrisonRoot/F01/Arcade_lobby_cab/Screen
[IDLEG] 0	72,216,24	MeshInstance3D	0.0x0.0x0.0	StreetIdShot/OrisonRoot/F01/Arcade_lobby_cab/@MeshInstance3D@986
[IDLEG] 0	88,216,24	MeshInstance3D	0.0x0.0x0.0	StreetIdShot/OrisonRoot/F01/Arcade_lobby_cab/@MeshInstance3D@987
[IDLEG] 0	104,216,24	MeshInstance3D	0.0x0.0x0.0	StreetIdShot/OrisonRoot/F01/Arcade_lobby_cab/@MeshInstance3D@988
[IDLEG] 0	120,216,24	MeshInstance3D	0.0x0.0x0.0	StreetIdShot/OrisonRoot/F01/Arcade_lobby_cab/@MeshInstance3D@989
[IDLEG] 0	136,216,24	MeshInstance3D	0.0x0.4x0.4	StreetIdShot/OrisonRoot/F01/Arcade_retail_bar_cab01/Screen
[IDLEG] 0	152,216,24	MeshInstance3D	0.0x0.1x0.6	StreetIdShot/OrisonRoot/F01/Arcade_retail_bar_cab01/@MeshInstance3D@991
[IDLEG] 0	168,216,24	MeshInstance3D	0.1x0.0x0.1	StreetIdShot/OrisonRoot/F01/Arcade_retail_bar_cab01/@MeshInstance3D@995
[IDLEG] 0	184,216,24	MeshInstance3D	0.0x0.0x0.0	StreetIdShot/OrisonRoot/F01/Arcade_retail_bar_cab01/@MeshInstance3D@996
[IDLEG] 0	200,216,24	MeshInstance3D	0.0x0.0x0.0	StreetIdShot/OrisonRoot/F01/Arcade_retail_bar_cab01/@MeshInstance3D@997
[IDLEG] 0	216,216,24	MeshInstance3D	0.0x0.0x0.0	StreetIdShot/OrisonRoot/F01/Arcade_retail_bar_cab01/@MeshInstance3D@998
[IDLEG] 0	232,216,24	MeshInstance3D	0.0x0.0x0.0	StreetIdShot/OrisonRoot/F01/Arcade_retail_bar_cab01/@MeshInstance3D@999
[IDLEG] 0	248,216,24	MeshInstance3D	0.0x0.0x0.0	StreetIdShot/OrisonRoot/F01/Arcade_retail_bar_cab01/@MeshInstance3D@1000
[IDLEG] 0	8,232,24	MeshInstance3D	0.0x0.0x0.0	StreetIdShot/OrisonRoot/F01/Arcade_retail_bar_cab01/@MeshInstance3D@1001
[IDLEG] 0	24,232,24	MeshInstance3D	0.0x0.0x0.0	StreetIdShot/OrisonRoot/F01/Arcade_retail_bar_cab01/@MeshInstance3D@1002
[IDLEG] 0	40,232,24	MeshInstance3D	0.0x0.0x0.0	StreetIdShot/OrisonRoot/F01/Arcade_retail_bar_cab01/@MeshInstance3D@1003
[IDLEG] 0	56,232,24	MeshInstance3D	0.0x0.0x0.0	StreetIdShot/OrisonRoot/F01/Arcade_retail_bar_cab01/@MeshInstance3D@1004
[IDLEG] 0	72,232,24	MeshInstance3D	0.0x0.0x0.0	StreetIdShot/OrisonRoot/F01/Arcade_retail_bar_cab01/@MeshInstance3D@1005
[IDLEG] 0	88,232,24	MeshInstance3D	0.0x0.0x0.0	StreetIdShot/OrisonRoot/F01/Arcade_retail_bar_cab01/@MeshInstance3D@1006
[IDLEG] 0	104,232,24	MeshInstance3D	0.0x0.0x0.0	StreetIdShot/OrisonRoot/F01/Arcade_retail_bar_cab01/@MeshInstance3D@1007
[IDLEG] 0	120,232,24	MeshInstance3D	0.0x0.0x0.0	StreetIdShot/OrisonRoot/F01/Arcade_retail_bar_cab01/@MeshInstance3D@1008
[IDLEG] 0	136,232,24	MeshInstance3D	0.1x0.0x0.0	StreetIdShot/OrisonRoot/F01/Arcade_retail_bar_cab01/@MeshInstance3D@1009
[IDLEG] 0	152,232,24	MeshInstance3D	0.1x0.0x0.1	StreetIdShot/OrisonRoot/F01/Arcade_retail_bar_cab01/@MeshInstance3D@1010
[IDLEG] 0	168,232,24	MeshInstance3D	0.1x0.0x0.0	StreetIdShot/OrisonRoot/F01/Arcade_retail_bar_cab01/@MeshInstance3D@1011
[IDLEG] 0	184,232,24	MeshInstance3D	0.0x0.0x0.0	StreetIdShot/OrisonRoot/F01/Arcade_retail_bar_cab01/@MeshInstance3D@1012
[IDLEG] 0	200,232,24	MeshInstance3D	0.0x0.4x0.4	StreetIdShot/OrisonRoot/F01/Arcade_retail_bar_cab02/Screen
[IDLEG] 0	216,232,24	MeshInstance3D	0.0x0.2x0.6	StreetIdShot/OrisonRoot/F01/Arcade_retail_bar_cab02/@MeshInstance3D@1014
[IDLEG] 0	232,232,24	MeshInstance3D	0.1x0.0x0.1	StreetIdShot/OrisonRoot/F01/Arcade_retail_bar_cab02/@MeshInstance3D@1018
[IDLEG] 0	248,232,24	MeshInstance3D	0.1x0.0x0.1	StreetIdShot/OrisonRoot/F01/Arcade_retail_bar_cab02/@MeshInstance3D@1019
[IDLEG] 0	8,248,24	MeshInstance3D	0.1x0.0x0.1	StreetIdShot/OrisonRoot/F01/Arcade_retail_bar_cab02/@MeshInstance3D@1020
[IDLEG] 0	24,248,24	MeshInstance3D	0.1x0.0x0.1	StreetIdShot/OrisonRoot/F01/Arcade_retail_bar_cab02/@MeshInstance3D@1021
[IDLEG] 0	40,248,24	MeshInstance3D	0.0x0.4x0.4	StreetIdShot/OrisonRoot/F01/Arcade_storm_shopcab_model_laundry0/Screen
[IDLEG] 0	56,248,24	MeshInstance3D	0.0x0.1x0.6	StreetIdShot/OrisonRoot/F01/Arcade_storm_shopcab_model_laundry0/@MeshInstance3D@1023
[IDLEG] 0	72,248,24	MeshInstance3D	0.1x0.2x0.2	StreetIdShot/OrisonRoot/F01/Arcade_storm_shopcab_model_laundry0/@MeshInstance3D@1027
[IDLEG] 0	88,248,24	MeshInstance3D	0.1x0.1x0.0	StreetIdShot/OrisonRoot/F01/Arcade_storm_shopcab_model_laundry0/@MeshInstance3D@1028
[IDLEG] 0	104,248,24	MeshInstance3D	0.4x0.4x0.0	StreetIdShot/OrisonRoot/F01/Arcade_storm_shopcab_radio_service0/Screen
[IDLEG] 0	120,248,24	MeshInstance3D	0.6x0.1x0.0	StreetIdShot/OrisonRoot/F01/Arcade_storm_shopcab_radio_service0/@MeshInstance3D@1030
[IDLEG] 0	136,248,24	MeshInstance3D	0.1x0.0x0.1	StreetIdShot/OrisonRoot/F01/Arcade_storm_shopcab_radio_service0/@MeshInstance3D@1034
[IDLEG] 0	152,248,24	MeshInstance3D	0.0x0.0x0.0	StreetIdShot/OrisonRoot/F01/Arcade_storm_shopcab_radio_service0/@MeshInstance3D@1035
[IDLEG] 0	168,248,24	MeshInstance3D	0.0x0.0x0.0	StreetIdShot/OrisonRoot/F01/Arcade_storm_shopcab_radio_service0/@MeshInstance3D@1036
[IDLEG] 0	184,248,24	MeshInstance3D	0.0x0.0x0.0	StreetIdShot/OrisonRoot/F01/Arcade_storm_shopcab_radio_service0/@MeshInstance3D@1037
[IDLEG] 0	200,248,24	MeshInstance3D	0.0x0.0x0.0	StreetIdShot/OrisonRoot/F01/Arcade_storm_shopcab_radio_service0/@MeshInstance3D@1038
[IDLEG] 0	216,248,24	MeshInstance3D	0.0x0.0x0.0	StreetIdShot/OrisonRoot/F01/Arcade_storm_shopcab_radio_service0/@MeshInstance3D@1039
[IDLEG] 0	232,248,24	MeshInstance3D	0.0x0.0x0.0	StreetIdShot/OrisonRoot/F01/Arcade_storm_shopcab_radio_service0/@MeshInstance3D@1040
[IDLEG] 0	248,248,24	MeshInstance3D	0.0x0.0x0.0	StreetIdShot/OrisonRoot/F01/Arcade_storm_shopcab_radio_service0/@MeshInstance3D@1041
[IDLEG] 0	8,8,40	MeshInstance3D	0.0x0.0x0.0	StreetIdShot/OrisonRoot/F01/Arcade_storm_shopcab_radio_service0/@MeshInstance3D@1042
[IDLEG] 0	24,8,40	MeshInstance3D	0.0x0.0x0.0	StreetIdShot/OrisonRoot/F01/Arcade_storm_shopcab_radio_service0/@MeshInstance3D@1043
[IDLEG] 0	40,8,40	MeshInstance3D	0.0x0.0x0.0	StreetIdShot/OrisonRoot/F01/Arcade_storm_shopcab_radio_service0/@MeshInstance3D@1044
[IDLEG] 0	56,8,40	MeshInstance3D	0.0x0.0x0.0	StreetIdShot/OrisonRoot/F01/Arcade_storm_shopcab_radio_service0/@MeshInstance3D@1045
[IDLEG] 0	72,8,40	MeshInstance3D	0.0x0.0x0.0	StreetIdShot/OrisonRoot/F01/Arcade_storm_shopcab_radio_service0/@MeshInstance3D@1046
[IDLEG] 0	88,8,40	MeshInstance3D	0.0x0.0x0.0	StreetIdShot/OrisonRoot/F01/Arcade_storm_shopcab_radio_service0/@MeshInstance3D@1047
[IDLEG] 0	104,8,40	MeshInstance3D	0.0x0.0x0.1	StreetIdShot/OrisonRoot/F01/Arcade_storm_shopcab_radio_service0/@MeshInstance3D@1048
[IDLEG] 0	120,8,40	MeshInstance3D	0.1x0.0x0.1	StreetIdShot/OrisonRoot/F01/Arcade_storm_shopcab_radio_service0/@MeshInstance3D@1049
[IDLEG] 0	136,8,40	MeshInstance3D	0.0x0.0x0.1	StreetIdShot/OrisonRoot/F01/Arcade_storm_shopcab_radio_service0/@MeshInstance3D@1050
[IDLEG] 0	152,8,40	MeshInstance3D	0.0x0.0x0.0	StreetIdShot/OrisonRoot/F01/Arcade_storm_shopcab_radio_service0/@MeshInstance3D@1051
[IDLEG] 0	168,8,40	MeshInstance3D	0.0x0.4x0.4	StreetIdShot/OrisonRoot/F01/Arcade_storm_shopcab_luncheonette0/Screen
[IDLEG] 0	184,8,40	MeshInstance3D	0.0x0.2x0.6	StreetIdShot/OrisonRoot/F01/Arcade_storm_shopcab_luncheonette0/@MeshInstance3D@1053
[IDLEG] 0	200,8,40	MeshInstance3D	0.1x0.0x0.1	StreetIdShot/OrisonRoot/F01/Arcade_storm_shopcab_luncheonette0/@MeshInstance3D@1057
[IDLEG] 0	216,8,40	MeshInstance3D	0.0x0.0x0.0	StreetIdShot/OrisonRoot/F01/Arcade_storm_shopcab_luncheonette0/@MeshInstance3D@1058
[IDLEG] 0	232,8,40	MeshInstance3D	0.0x0.0x0.0	StreetIdShot/OrisonRoot/F01/Arcade_storm_shopcab_luncheonette0/@MeshInstance3D@1059
[IDLEG] 0	248,8,40	MeshInstance3D	0.0x0.0x0.0	StreetIdShot/OrisonRoot/F01/Arcade_storm_shopcab_luncheonette0/@MeshInstance3D@1060
[IDLEG] 0	8,24,40	MeshInstance3D	0.0x0.0x0.0	StreetIdShot/OrisonRoot/F01/Arcade_storm_shopcab_luncheonette0/@MeshInstance3D@1061
[IDLEG] 0	24,24,40	MeshInstance3D	0.0x0.0x0.0	StreetIdShot/OrisonRoot/F01/Arcade_storm_shopcab_luncheonette0/@MeshInstance3D@1062
[IDLEG] 0	40,24,40	MeshInstance3D	0.0x0.0x0.0	StreetIdShot/OrisonRoot/F01/Arcade_storm_shopcab_luncheonette0/@MeshInstance3D@1063
[IDLEG] 0	56,24,40	MeshInstance3D	0.0x0.0x0.0	StreetIdShot/OrisonRoot/F01/Arcade_storm_shopcab_luncheonette0/@MeshInstance3D@1064
[IDLEG] 0	72,24,40	MeshInstance3D	0.0x0.0x0.0	StreetIdShot/OrisonRoot/F01/Arcade_storm_shopcab_luncheonette0/@MeshInstance3D@1065
[IDLEG] 0	88,24,40	MeshInstance3D	0.0x0.0x0.0	StreetIdShot/OrisonRoot/F01/Arcade_storm_shopcab_luncheonette0/@MeshInstance3D@1066
[IDLEG] 0	104,24,40	MeshInstance3D	0.0x0.0x0.0	StreetIdShot/OrisonRoot/F01/Arcade_storm_shopcab_luncheonette0/@MeshInstance3D@1067
[IDLEG] 0	120,24,40	MeshInstance3D	0.0x0.0x0.0	StreetIdShot/OrisonRoot/F01/Arcade_storm_shopcab_luncheonette0/@MeshInstance3D@1068
[IDLEG] 0	136,24,40	MeshInstance3D	0.0x0.0x0.0	StreetIdShot/OrisonRoot/F01/Arcade_storm_shopcab_luncheonette0/@MeshInstance3D@1069
[IDLEG] 0	152,24,40	MeshInstance3D	0.0x0.0x0.0	StreetIdShot/OrisonRoot/F01/Arcade_storm_shopcab_luncheonette0/@MeshInstance3D@1070
[IDLEG] 0	168,24,40	MeshInstance3D	0.0x0.0x0.0	StreetIdShot/OrisonRoot/F01/Arcade_storm_shopcab_luncheonette0/@MeshInstance3D@1071
[IDLEG] 0	184,24,40	MeshInstance3D	0.1x0.0x0.1	StreetIdShot/OrisonRoot/F01/Arcade_storm_shopcab_luncheonette0/@MeshInstance3D@1072
[IDLEG] 0	200,24,40	MeshInstance3D	0.0x0.0x0.0	StreetIdShot/OrisonRoot/F01/Arcade_storm_shopcab_luncheonette0/@MeshInstance3D@1073
[IDLEG] 0	216,24,40	MeshInstance3D	0.0x0.0x0.0	StreetIdShot/OrisonRoot/F01/Arcade_storm_shopcab_luncheonette0/@MeshInstance3D@1074
[IDLEG] 0	232,24,40	MeshInstance3D	0.0x0.0x0.0	StreetIdShot/OrisonRoot/F01/Arcade_storm_shopcab_luncheonette0/@MeshInstance3D@1075
[IDLEG] 0	248,24,40	MeshInstance3D	0.0x0.0x0.0	StreetIdShot/OrisonRoot/F01/Arcade_storm_shopcab_luncheonette0/@MeshInstance3D@1076
[IDLEG] 0	8,40,40	MeshInstance3D	0.0x0.0x0.0	StreetIdShot/OrisonRoot/F01/Arcade_storm_shopcab_luncheonette0/@MeshInstance3D@1077
[IDLEG] 0	24,40,40	MeshInstance3D	0.0x0.0x0.0	StreetIdShot/OrisonRoot/F01/Arcade_storm_shopcab_luncheonette0/@MeshInstance3D@1078
[IDLEG] 0	40,40,40	MeshInstance3D	0.0x0.0x0.0	StreetIdShot/OrisonRoot/F01/Arcade_storm_shopcab_luncheonette0/@MeshInstance3D@1079
[IDLEG] 0	56,40,40	MeshInstance3D	0.0x0.0x0.0	StreetIdShot/OrisonRoot/F01/Arcade_storm_shopcab_luncheonette0/@MeshInstance3D@1080
[IDLEG] 0	72,40,40	MeshInstance3D	0.0x0.0x0.0	StreetIdShot/OrisonRoot/F01/Arcade_storm_shopcab_luncheonette0/@MeshInstance3D@1081
[IDLEG] 0	88,40,40	MeshInstance3D	0.0x0.0x0.0	StreetIdShot/OrisonRoot/F01/Arcade_storm_shopcab_luncheonette0/@MeshInstance3D@1082
[IDLEG] 0	104,40,40	MeshInstance3D	0.0x0.0x0.0	StreetIdShot/OrisonRoot/F01/Arcade_storm_shopcab_luncheonette0/@MeshInstance3D@1083
[IDLEG] 0	120,40,40	MeshInstance3D	0.0x0.0x0.0	StreetIdShot/OrisonRoot/F01/Arcade_storm_shopcab_luncheonette0/@MeshInstance3D@1084
[IDLEG] 0	136,40,40	MeshInstance3D	0.0x0.0x0.0	StreetIdShot/OrisonRoot/F01/Arcade_storm_shopcab_luncheonette0/@MeshInstance3D@1085
[IDLEG] 0	152,40,40	MeshInstance3D	0.0x0.0x0.0	StreetIdShot/OrisonRoot/F01/Arcade_storm_shopcab_luncheonette0/@MeshInstance3D@1086
[IDLEG] 0	168,40,40	MeshInstance3D	0.0x0.3x0.3	StreetIdShot/OrisonRoot/F01/Arcade_storm_shopcab_luncheonette1/Screen
[IDLEG] 0	184,40,40	MeshInstance3D	0.1x0.0x0.1	StreetIdShot/OrisonRoot/F01/Arcade_storm_shopcab_luncheonette1/@MeshInstance3D@1089
[IDLEG] 0	200,40,40	MeshInstance3D	0.0x0.0x0.0	StreetIdShot/OrisonRoot/F01/Arcade_storm_shopcab_luncheonette1/@MeshInstance3D@1090
[IDLEG] 0	216,40,40	MeshInstance3D	0.0x0.0x0.0	StreetIdShot/OrisonRoot/F01/Arcade_storm_shopcab_luncheonette1/@MeshInstance3D@1091
[IDLEG] 0	232,40,40	MeshInstance3D	0.0x0.0x0.0	StreetIdShot/OrisonRoot/F01/Arcade_storm_shopcab_luncheonette1/@MeshInstance3D@1092
[IDLEG] 0	248,40,40	MeshInstance3D	0.0x0.0x0.0	StreetIdShot/OrisonRoot/F01/Arcade_storm_shopcab_luncheonette1/@MeshInstance3D@1093
[IDLEG] 0	8,56,40	MeshInstance3D	0.0x0.0x0.0	StreetIdShot/OrisonRoot/F01/Arcade_storm_shopcab_luncheonette1/@MeshInstance3D@1094
[IDLEG] 0	24,56,40	MeshInstance3D	0.0x0.0x0.0	StreetIdShot/OrisonRoot/F01/Arcade_storm_shopcab_luncheonette1/@MeshInstance3D@1095
[IDLEG] 0	40,56,40	MeshInstance3D	0.0x0.0x0.0	StreetIdShot/OrisonRoot/F01/Arcade_storm_shopcab_luncheonette1/@MeshInstance3D@1096
[IDLEG] 0	56,56,40	MeshInstance3D	0.0x0.0x0.0	StreetIdShot/OrisonRoot/F01/Arcade_storm_shopcab_luncheonette1/@MeshInstance3D@1097
[IDLEG] 0	72,56,40	MeshInstance3D	0.0x0.0x0.0	StreetIdShot/OrisonRoot/F01/Arcade_storm_shopcab_luncheonette1/@MeshInstance3D@1098
[IDLEG] 0	88,56,40	MeshInstance3D	0.0x0.0x0.0	StreetIdShot/OrisonRoot/F01/Arcade_storm_shopcab_luncheonette1/@MeshInstance3D@1099
[IDLEG] 0	104,56,40	MeshInstance3D	0.0x0.0x0.0	StreetIdShot/OrisonRoot/F01/Arcade_storm_shopcab_luncheonette1/@MeshInstance3D@1100
[IDLEG] 0	120,56,40	MeshInstance3D	0.0x0.0x0.0	StreetIdShot/OrisonRoot/F01/Arcade_storm_shopcab_luncheonette1/@MeshInstance3D@1101
[IDLEG] 0	136,56,40	MeshInstance3D	0.0x0.0x0.0	StreetIdShot/OrisonRoot/F01/Arcade_storm_shopcab_luncheonette1/@MeshInstance3D@1102
[IDLEG] 0	152,56,40	MeshInstance3D	0.1x0.0x0.0	StreetIdShot/OrisonRoot/F01/Arcade_storm_shopcab_luncheonette1/@MeshInstance3D@1103
[IDLEG] 0	168,56,40	MeshInstance3D	0.4x0.4x0.0	StreetIdShot/OrisonRoot/F01/Arcade_storm_shopcab_news_cigars0/Screen
[IDLEG] 0	184,56,40	MeshInstance3D	0.6x0.1x0.0	StreetIdShot/OrisonRoot/F01/Arcade_storm_shopcab_news_cigars0/@MeshInstance3D@1105
[IDLEG] 0	200,56,40	MeshInstance3D	0.1x0.0x0.1	StreetIdShot/OrisonRoot/F01/Arcade_storm_shopcab_news_cigars0/@MeshInstance3D@1109
[IDLEG] 0	216,56,40	MeshInstance3D	0.1x0.0x0.1	StreetIdShot/OrisonRoot/F01/Arcade_storm_shopcab_news_cigars0/@MeshInstance3D@1110
[IDLEG] 0	232,56,40	MeshInstance3D	0.1x0.0x0.1	StreetIdShot/OrisonRoot/F01/Arcade_storm_shopcab_news_cigars0/@MeshInstance3D@1111
[IDLEG] 0	248,56,40	MeshInstance3D	0.1x0.0x0.1	StreetIdShot/OrisonRoot/F01/Arcade_storm_shopcab_news_cigars0/@MeshInstance3D@1112
[IDLEG] 0	8,72,40	MeshInstance3D	0.0x0.4x0.4	StreetIdShot/OrisonRoot/F01/Arcade_storm_shopcab_pawnbroker0/Screen
[IDLEG] 0	24,72,40	MeshInstance3D	0.0x0.2x0.6	StreetIdShot/OrisonRoot/F01/Arcade_storm_shopcab_pawnbroker0/@MeshInstance3D@1114
[IDLEG] 0	40,72,40	MeshInstance3D	0.1x0.0x0.1	StreetIdShot/OrisonRoot/F01/Arcade_storm_shopcab_pawnbroker0/@MeshInstance3D@1118
[IDLEG] 0	56,72,40	MeshInstance3D	0.1x0.0x0.1	StreetIdShot/OrisonRoot/F01/Arcade_storm_shopcab_pawnbroker0/@MeshInstance3D@1119
[IDLEG] 0	72,72,40	MeshInstance3D	0.1x0.0x0.1	StreetIdShot/OrisonRoot/F01/Arcade_storm_shopcab_pawnbroker0/@MeshInstance3D@1120
[IDLEG] 0	88,72,40	MeshInstance3D	0.1x0.0x0.1	StreetIdShot/OrisonRoot/F01/Arcade_storm_shopcab_pawnbroker0/@MeshInstance3D@1121
[IDLEG] 0	104,72,40	MeshInstance3D	0.0x0.4x0.4	StreetIdShot/OrisonRoot/F01/Arcade_storm_shopcab_photo_supplies0/Screen
[IDLEG] 0	120,72,40	MeshInstance3D	0.0x0.1x0.6	StreetIdShot/OrisonRoot/F01/Arcade_storm_shopcab_photo_supplies0/@MeshInstance3D@1123
[IDLEG] 0	136,72,40	MeshInstance3D	0.1x0.0x0.1	StreetIdShot/OrisonRoot/F01/Arcade_storm_shopcab_photo_supplies0/@MeshInstance3D@1127
[IDLEG] 0	152,72,40	MeshInstance3D	0.0x0.0x0.0	StreetIdShot/OrisonRoot/F01/Arcade_storm_shopcab_photo_supplies0/@MeshInstance3D@1128
[IDLEG] 0	168,72,40	MeshInstance3D	0.0x0.0x0.0	StreetIdShot/OrisonRoot/F01/Arcade_storm_shopcab_photo_supplies0/@MeshInstance3D@1129
[IDLEG] 0	184,72,40	MeshInstance3D	0.0x0.0x0.0	StreetIdShot/OrisonRoot/F01/Arcade_storm_shopcab_photo_supplies0/@MeshInstance3D@1130
[IDLEG] 0	200,72,40	MeshInstance3D	0.0x0.0x0.0	StreetIdShot/OrisonRoot/F01/Arcade_storm_shopcab_photo_supplies0/@MeshInstance3D@1131
[IDLEG] 0	216,72,40	MeshInstance3D	0.0x0.0x0.0	StreetIdShot/OrisonRoot/F01/Arcade_storm_shopcab_photo_supplies0/@MeshInstance3D@1132
[IDLEG] 0	232,72,40	MeshInstance3D	0.0x0.0x0.0	StreetIdShot/OrisonRoot/F01/Arcade_storm_shopcab_photo_supplies0/@MeshInstance3D@1133
[IDLEG] 0	248,72,40	MeshInstance3D	0.0x0.0x0.0	StreetIdShot/OrisonRoot/F01/Arcade_storm_shopcab_photo_supplies0/@MeshInstance3D@1134
[IDLEG] 0	8,88,40	MeshInstance3D	0.0x0.0x0.0	StreetIdShot/OrisonRoot/F01/Arcade_storm_shopcab_photo_supplies0/@MeshInstance3D@1135
[IDLEG] 0	24,88,40	MeshInstance3D	0.0x0.0x0.0	StreetIdShot/OrisonRoot/F01/Arcade_storm_shopcab_photo_supplies0/@MeshInstance3D@1136
[IDLEG] 0	40,88,40	MeshInstance3D	0.0x0.0x0.0	StreetIdShot/OrisonRoot/F01/Arcade_storm_shopcab_photo_supplies0/@MeshInstance3D@1137
[IDLEG] 0	56,88,40	MeshInstance3D	0.0x0.0x0.0	StreetIdShot/OrisonRoot/F01/Arcade_storm_shopcab_photo_supplies0/@MeshInstance3D@1138
[IDLEG] 0	72,88,40	MeshInstance3D	0.0x0.0x0.0	StreetIdShot/OrisonRoot/F01/Arcade_storm_shopcab_photo_supplies0/@MeshInstance3D@1139
[IDLEG] 0	88,88,40	MeshInstance3D	0.0x0.0x0.0	StreetIdShot/OrisonRoot/F01/Arcade_storm_shopcab_photo_supplies0/@MeshInstance3D@1140
[IDLEG] 0	104,88,40	MeshInstance3D	0.1x0.0x0.0	StreetIdShot/OrisonRoot/F01/Arcade_storm_shopcab_photo_supplies0/@MeshInstance3D@1141
[IDLEG] 0	120,88,40	MultiMeshInstance3D	203.6x12.1x127.1	StreetIdShot/OrisonRoot/F01/@MultiMeshInstance3D@22693
[IDLEG] 0	136,88,40	MultiMeshInstance3D	184.7x12.2x110.3	StreetIdShot/OrisonRoot/F01/@MultiMeshInstance3D@22694
[IDLEG] 0	152,88,40	MeshInstance3D	0.0x0.0x0.0	StreetIdShot/OrisonRoot/F01/NPC_evelyn_marsh/RiggedCharacter/Armature/Skeleton3D/char1
[IDLEG] 0	168,88,40	MeshInstance3D	0.0x0.0x0.0	StreetIdShot/OrisonRoot/F01/NPC_teresa_vale/RiggedCharacter/Armature/Skeleton3D/char1
[IDLEG] 0	184,88,40	MeshInstance3D	0.3x0.0x0.2	StreetIdShot/OrisonRoot/F01/AffectedProp_evelyn_graded_stack/@MeshInstance3D@23456
[IDLEG] 0	200,88,40	MeshInstance3D	0.3x0.0x0.2	StreetIdShot/OrisonRoot/F01/AffectedProp_evelyn_graded_stack/@MeshInstance3D@23457
[IDLEG] 0	216,88,40	MeshInstance3D	0.3x0.0x0.2	StreetIdShot/OrisonRoot/F01/AffectedProp_evelyn_graded_stack/@MeshInstance3D@23458
[IDLEG] 0	232,88,40	MeshInstance3D	0.3x0.0x0.0	StreetIdShot/OrisonRoot/F01/AffectedProp_evelyn_red_pencil/@MeshInstance3D@23463
[IDLEG] 0	248,88,40	MeshInstance3D	0.2x0.1x0.2	StreetIdShot/OrisonRoot/F01/AffectedProp_evelyn_school_bell/@MeshInstance3D@23466
[IDLEG] 0	8,104,40	MeshInstance3D	0.1x0.1x0.1	StreetIdShot/OrisonRoot/F01/AffectedProp_evelyn_school_bell/@MeshInstance3D@23467
[IDLEG] 0	24,104,40	MeshInstance3D	0.2x0.1x0.2	StreetIdShot/OrisonRoot/F01/AffectedProp_teresa_call_bell/@MeshInstance3D@23471
[IDLEG] 0	40,104,40	MeshInstance3D	0.1x0.1x0.1	StreetIdShot/OrisonRoot/F01/AffectedProp_teresa_call_bell/@MeshInstance3D@23472
[IDLEG] 0	56,104,40	MeshInstance3D	0.1x0.2x0.2	StreetIdShot/OrisonRoot/F01/AffectedProp_teresa_thermos/@MeshInstance3D@23476
[IDLEG] 0	72,104,40	MeshInstance3D	0.3x0.2x0.2	StreetIdShot/OrisonRoot/F01/AffectedProp_teresa_pager/@MeshInstance3D@23479
[IDLEG] 0	88,104,40	MeshInstance3D	0.1x0.1x0.0	StreetIdShot/OrisonRoot/F01/AffectedProp_teresa_pager/@MeshInstance3D@23480
[IDLEG] 0	104,104,40	MeshInstance3D	0.1x0.1x0.0	StreetIdShot/OrisonRoot/F01/AffectedProp_teresa_pager/@MeshInstance3D@23481
[IDLEG] 0	120,104,40	MeshInstance3D	1.0x0.6x0.0	StreetIdShot/OrisonRoot/F01/AffectedProp_lobby_work_order_board/@MeshInstance3D@23724
[IDLEG] 0	136,104,40	MeshInstance3D	1.1x0.1x0.0	StreetIdShot/OrisonRoot/F01/AffectedProp_lobby_work_order_board/@MeshInstance3D@23725
[IDLEG] 0	152,104,40	MeshInstance3D	1.1x0.1x0.0	StreetIdShot/OrisonRoot/F01/AffectedProp_lobby_work_order_board/@MeshInstance3D@23726
[IDLEG] 0	168,104,40	MeshInstance3D	0.1x0.6x0.0	StreetIdShot/OrisonRoot/F01/AffectedProp_lobby_work_order_board/@MeshInstance3D@23727
[IDLEG] 0	184,104,40	MeshInstance3D	0.1x0.6x0.0	StreetIdShot/OrisonRoot/F01/AffectedProp_lobby_work_order_board/@MeshInstance3D@23728
[IDLEG] 0	200,104,40	MeshInstance3D	0.9x0.0x0.0	StreetIdShot/OrisonRoot/F01/AffectedProp_lobby_work_order_board/@MeshInstance3D@23729
[IDLEG] 0	216,104,40	MeshInstance3D	0.0x0.0x0.0	StreetIdShot/OrisonRoot/F01/AffectedProp_lobby_work_order_board/@MeshInstance3D@23730
[IDLEG] 0	232,104,40	MeshInstance3D	0.0x0.0x0.0	StreetIdShot/OrisonRoot/F01/AffectedProp_lobby_work_order_board/@MeshInstance3D@23731
[IDLEG] 0	248,104,40	MeshInstance3D	0.0x0.0x0.0	StreetIdShot/OrisonRoot/F01/AffectedProp_lobby_work_order_board/@MeshInstance3D@23732
[IDLEG] 0	8,120,40	MeshInstance3D	0.0x0.0x0.0	StreetIdShot/OrisonRoot/F01/AffectedProp_lobby_work_order_board/@MeshInstance3D@23733
[IDLEG] 0	24,120,40	MeshInstance3D	0.0x0.0x0.0	StreetIdShot/OrisonRoot/F01/AffectedProp_lobby_work_order_board/@MeshInstance3D@23734
[IDLEG] 0	40,120,40	MeshInstance3D	0.0x0.0x0.0	StreetIdShot/OrisonRoot/F01/AffectedProp_lobby_work_order_board/@MeshInstance3D@23735
[IDLEG] 0	56,120,40	MeshInstance3D	0.0x0.0x0.0	StreetIdShot/OrisonRoot/F01/AffectedProp_lobby_work_order_board/@MeshInstance3D@23736
[IDLEG] 0	72,120,40	MeshInstance3D	0.2x0.1x0.0	StreetIdShot/OrisonRoot/F01/AffectedProp_lobby_work_order_board/@MeshInstance3D@23737
[IDLEG] 0	88,120,40	MeshInstance3D	0.0x0.0x0.0	StreetIdShot/OrisonRoot/F01/AffectedProp_lobby_work_order_board/@MeshInstance3D@23738
[IDLEG] 0	104,120,40	MeshInstance3D	0.2x0.1x0.0	StreetIdShot/OrisonRoot/F01/AffectedProp_lobby_work_order_board/@MeshInstance3D@23739
[IDLEG] 0	120,120,40	MeshInstance3D	0.0x0.0x0.0	StreetIdShot/OrisonRoot/F01/AffectedProp_lobby_work_order_board/@MeshInstance3D@23740
[IDLEG] 0	136,120,40	MeshInstance3D	0.2x0.1x0.0	StreetIdShot/OrisonRoot/F01/AffectedProp_lobby_work_order_board/@MeshInstance3D@23741
[IDLEG] 0	152,120,40	MeshInstance3D	0.0x0.0x0.0	StreetIdShot/OrisonRoot/F01/AffectedProp_lobby_work_order_board/@MeshInstance3D@23742
[IDLEG] 0	168,120,40	MeshInstance3D	0.2x0.1x0.0	StreetIdShot/OrisonRoot/F01/AffectedProp_lobby_work_order_board/@MeshInstance3D@23743
[IDLEG] 0	184,120,40	MeshInstance3D	0.0x0.0x0.0	StreetIdShot/OrisonRoot/F01/AffectedProp_lobby_work_order_board/@MeshInstance3D@23744
[IDLEG] 0	200,120,40	MeshInstance3D	0.2x0.1x0.0	StreetIdShot/OrisonRoot/F01/AffectedProp_lobby_work_order_board/@MeshInstance3D@23745
[IDLEG] 0	216,120,40	MeshInstance3D	0.0x0.0x0.0	StreetIdShot/OrisonRoot/F01/AffectedProp_lobby_work_order_board/@MeshInstance3D@23746
[IDLEG] 0	232,120,40	MeshInstance3D	0.2x0.1x0.0	StreetIdShot/OrisonRoot/F01/AffectedProp_lobby_work_order_board/@MeshInstance3D@23747
[IDLEG] 0	248,120,40	MeshInstance3D	0.0x0.0x0.0	StreetIdShot/OrisonRoot/F01/AffectedProp_lobby_work_order_board/@MeshInstance3D@23748
[IDLEG] 0	8,136,40	MeshInstance3D	0.2x0.1x0.0	StreetIdShot/OrisonRoot/F01/AffectedProp_lobby_work_order_board/@MeshInstance3D@23749
[IDLEG] 0	24,136,40	MeshInstance3D	0.0x0.0x0.0	StreetIdShot/OrisonRoot/F01/AffectedProp_lobby_work_order_board/@MeshInstance3D@23750
[IDLEG] 0	40,136,40	MeshInstance3D	0.2x0.1x0.0	StreetIdShot/OrisonRoot/F01/AffectedProp_lobby_work_order_board/@MeshInstance3D@23751
[IDLEG] 0	56,136,40	MeshInstance3D	0.0x0.0x0.0	StreetIdShot/OrisonRoot/F01/AffectedProp_lobby_work_order_board/@MeshInstance3D@23752
[IDLEG] 0	72,136,40	MeshInstance3D	0.2x0.1x0.0	StreetIdShot/OrisonRoot/F01/AffectedProp_lobby_work_order_board/@MeshInstance3D@23753
[IDLEG] 0	88,136,40	MeshInstance3D	0.0x0.0x0.0	StreetIdShot/OrisonRoot/F01/AffectedProp_lobby_work_order_board/@MeshInstance3D@23754
[IDLEG] 0	104,136,40	MeshInstance3D	0.0x0.2x0.0	StreetIdShot/OrisonRoot/F01/AffectedProp_lobby_work_order_board/@MeshInstance3D@23755
[IDLEG] 0	120,136,40	MeshInstance3D	0.0x0.2x0.0	StreetIdShot/OrisonRoot/F01/AffectedProp_lobby_work_order_board/@MeshInstance3D@23756
[IDLEG] 0	136,136,40	MeshInstance3D	0.9x0.0x0.1	StreetIdShot/OrisonRoot/F01/AffectedProp_lobby_work_order_board/@MeshInstance3D@23757
[IDLEG] 0	152,136,40	MeshInstance3D	0.9x0.1x0.0	StreetIdShot/OrisonRoot/F01/AffectedProp_lobby_work_order_board/@MeshInstance3D@23758
[IDLEG] 0	168,136,40	MeshInstance3D	0.3x0.0x0.0	StreetIdShot/OrisonRoot/F01/AffectedProp_lobby_work_order_board/@MeshInstance3D@23759
[IDLEG] 0	184,136,40	MeshInstance3D	0.3x0.2x0.2	StreetIdShot/OrisonRoot/F01/AffectedProp_elevator_reality_stabilizer/@MeshInstance3D@23798
[IDLEG] 0	200,136,40	MeshInstance3D	0.1x0.1x0.0	StreetIdShot/OrisonRoot/F01/AffectedProp_elevator_reality_stabilizer/@MeshInstance3D@23799
[IDLEG] 0	216,136,40	MeshInstance3D	0.1x0.1x0.0	StreetIdShot/OrisonRoot/F01/AffectedProp_elevator_reality_stabilizer/@MeshInstance3D@23800
[IDLEG] 0	232,136,40	MeshInstance3D	0.8x0.1x0.4	StreetIdShot/OrisonRoot/F01/AffectedProp_maintenance_service_cart/@MeshInstance3D@23805
[IDLEG] 0	248,136,40	MeshInstance3D	0.1x0.8x0.1	StreetIdShot/OrisonRoot/F01/AffectedProp_maintenance_service_cart/@MeshInstance3D@23806
[IDLEG] 0	8,152,40	MeshInstance3D	0.1x0.8x0.1	StreetIdShot/OrisonRoot/F01/AffectedProp_maintenance_service_cart/@MeshInstance3D@23807
[IDLEG] 0	24,152,40	MeshInstance3D	0.1x0.8x0.1	StreetIdShot/OrisonRoot/F01/AffectedProp_maintenance_service_cart/@MeshInstance3D@23808
[IDLEG] 0	40,152,40	MeshInstance3D	0.1x0.8x0.1	StreetIdShot/OrisonRoot/F01/AffectedProp_maintenance_service_cart/@MeshInstance3D@23809
[IDLEG] 0	56,152,40	MeshInstance3D	0.3x0.0x0.2	StreetIdShot/OrisonRoot/F01/AffectedProp_maintenance_clipboard/@MeshInstance3D@23816
[IDLEG] 0	72,152,40	MeshInstance3D	0.3x0.0x0.0	StreetIdShot/OrisonRoot/F01/AffectedProp_impossible_tape_measure/@MeshInstance3D@23819
[IDLEG] 0	88,152,40	MeshInstance3D	0.1x0.1x0.0	StreetIdShot/OrisonRoot/F01/DomesticWitness_evelyn_paper_jam/FaceRig/HourHand/@MeshInstance3D@23869
[IDLEG] 0	104,152,40	MeshInstance3D	0.1x0.0x0.0	StreetIdShot/OrisonRoot/F01/DomesticWitness_evelyn_paper_jam/FaceRig/MinuteHand/@MeshInstance3D@23870
[IDLEG] 0	120,152,40	MeshInstance3D	0.0x0.1x0.0	StreetIdShot/OrisonRoot/F01/DomesticWitness_evelyn_paper_jam/FaceRig/SecondHand/@MeshInstance3D@23871
[IDLEG] 0	136,152,40	MeshInstance3D	0.4x0.7x0.1	StreetIdShot/OrisonRoot/F01/DomesticWitness_evelyn_paper_jam/@MeshInstance3D@23874
[IDLEG] 0	152,152,40	MeshInstance3D	0.4x0.4x0.1	StreetIdShot/OrisonRoot/F01/DomesticWitness_evelyn_paper_jam/@MeshInstance3D@23875
[IDLEG] 0	168,152,40	MeshInstance3D	0.1x0.1x0.0	StreetIdShot/OrisonRoot/F01/DomesticWitness_evelyn_paper_jam/@MeshInstance3D@23876
[IDLEG] 0	184,152,40	MeshInstance3D	0.3x0.3x0.0	StreetIdShot/OrisonRoot/F01/DomesticWitness_evelyn_paper_jam/@MeshInstance3D@23877
[IDLEG] 0	200,152,40	MeshInstance3D	0.3x0.3x0.0	StreetIdShot/OrisonRoot/F01/DomesticWitness_evelyn_paper_jam/@MeshInstance3D@23878
[IDLEG] 0	216,152,40	MeshInstance3D	0.2x0.2x0.0	StreetIdShot/OrisonRoot/F01/DomesticWitness_evelyn_paper_jam/@MeshInstance3D@23879
[IDLEG] 0	232,152,40	MeshInstance3D	0.1x0.1x0.0	StreetIdShot/OrisonRoot/F01/DomesticWitness_teresa_call_bells/FaceRig/HourHand/@MeshInstance3D@23897
[IDLEG] 0	248,152,40	MeshInstance3D	0.1x0.0x0.0	StreetIdShot/OrisonRoot/F01/DomesticWitness_teresa_call_bells/FaceRig/MinuteHand/@MeshInstance3D@23898
[IDLEG] 0	8,168,40	MeshInstance3D	0.0x0.1x0.0	StreetIdShot/OrisonRoot/F01/DomesticWitness_teresa_call_bells/FaceRig/SecondHand/@MeshInstance3D@23899
[IDLEG] 0	24,168,40	MeshInstance3D	0.4x0.4x0.1	StreetIdShot/OrisonRoot/F01/DomesticWitness_teresa_call_bells/@MeshInstance3D@23902
[IDLEG] 0	40,168,40	MeshInstance3D	0.3x0.3x0.0	StreetIdShot/OrisonRoot/F01/DomesticWitness_teresa_call_bells/@MeshInstance3D@23903
[IDLEG] 0	56,168,40	MeshInstance3D	0.3x0.3x0.0	StreetIdShot/OrisonRoot/F01/DomesticWitness_teresa_call_bells/@MeshInstance3D@23904
[IDLEG] 0	72,168,40	MeshInstance3D	0.2x0.2x0.0	StreetIdShot/OrisonRoot/F01/DomesticWitness_teresa_call_bells/@MeshInstance3D@23905
[IDLEG] 0	88,168,40	MeshInstance3D	0.4x0.6x0.0	StreetIdShot/OrisonRoot/F01/DomesticAnomaly_evelyn_mirror/@MeshInstance3D@24348
[IDLEG] 0	104,168,40	MeshInstance3D	0.4x0.6x0.0	StreetIdShot/OrisonRoot/F01/DomesticAnomaly_evelyn_mirror/@MeshInstance3D@24349
[IDLEG] 0	120,168,40	MeshInstance3D	0.7x0.7x0.0	StreetIdShot/OrisonRoot/F01/MemoryArt_evelyn_retirement/@MeshInstance3D@24522
[IDLEG] 0	136,168,40	MeshInstance3D	0.8x0.0x0.0	StreetIdShot/OrisonRoot/F01/MemoryArt_evelyn_retirement/@MeshInstance3D@24523
[IDLEG] 0	152,168,40	MeshInstance3D	0.8x0.0x0.0	StreetIdShot/OrisonRoot/F01/MemoryArt_evelyn_retirement/@MeshInstance3D@24524
[IDLEG] 0	168,168,40	MeshInstance3D	0.0x0.7x0.0	StreetIdShot/OrisonRoot/F01/MemoryArt_evelyn_retirement/@MeshInstance3D@24525
[IDLEG] 0	184,168,40	MeshInstance3D	0.0x0.7x0.0	StreetIdShot/OrisonRoot/F01/MemoryArt_evelyn_retirement/@MeshInstance3D@24526
[IDLEG] 0	200,168,40	MeshInstance3D	0.0x0.7x0.7	StreetIdShot/OrisonRoot/F01/MemoryArt_teresa_night_shift/@MeshInstance3D@24528
[IDLEG] 0	216,168,40	MeshInstance3D	0.0x0.0x0.8	StreetIdShot/OrisonRoot/F01/MemoryArt_teresa_night_shift/@MeshInstance3D@24529
[IDLEG] 0	232,168,40	MeshInstance3D	0.0x0.0x0.8	StreetIdShot/OrisonRoot/F01/MemoryArt_teresa_night_shift/@MeshInstance3D@24530
[IDLEG] 0	248,168,40	MeshInstance3D	0.0x0.7x0.0	StreetIdShot/OrisonRoot/F01/MemoryArt_teresa_night_shift/@MeshInstance3D@24531
[IDLEG] 0	8,184,40	MeshInstance3D	0.0x0.7x0.0	StreetIdShot/OrisonRoot/F01/MemoryArt_teresa_night_shift/@MeshInstance3D@24532
[IDLEG] 0	24,184,40	MeshInstance3D	0.7x0.7x0.0	StreetIdShot/OrisonRoot/F01/WallArt_evelyn_good_enough/@MeshInstance3D@24644
[IDLEG] 0	40,184,40	MeshInstance3D	0.8x0.0x0.0	StreetIdShot/OrisonRoot/F01/WallArt_evelyn_good_enough/@MeshInstance3D@24645
[IDLEG] 0	56,184,40	MeshInstance3D	0.8x0.0x0.0	StreetIdShot/OrisonRoot/F01/WallArt_evelyn_good_enough/@MeshInstance3D@24646
[IDLEG] 0	72,184,40	MeshInstance3D	0.0x0.7x0.0	StreetIdShot/OrisonRoot/F01/WallArt_evelyn_good_enough/@MeshInstance3D@24647
[IDLEG] 0	88,184,40	MeshInstance3D	0.0x0.7x0.0	StreetIdShot/OrisonRoot/F01/WallArt_evelyn_good_enough/@MeshInstance3D@24648
[IDLEG] 0	104,184,40	MeshInstance3D	0.7x0.7x0.0	StreetIdShot/OrisonRoot/F01/WallArt_teresa_quiet_please/@MeshInstance3D@24650
[IDLEG] 0	120,184,40	MeshInstance3D	0.8x0.0x0.0	StreetIdShot/OrisonRoot/F01/WallArt_teresa_quiet_please/@MeshInstance3D@24651
[IDLEG] 0	136,184,40	MeshInstance3D	0.8x0.0x0.0	StreetIdShot/OrisonRoot/F01/WallArt_teresa_quiet_please/@MeshInstance3D@24652
[IDLEG] 0	152,184,40	MeshInstance3D	0.0x0.7x0.0	StreetIdShot/OrisonRoot/F01/WallArt_teresa_quiet_please/@MeshInstance3D@24653
[IDLEG] 0	168,184,40	MeshInstance3D	0.0x0.7x0.0	StreetIdShot/OrisonRoot/F01/WallArt_teresa_quiet_please/@MeshInstance3D@24654
[IDLEG] 0	184,184,40	MeshInstance3D	0.0x0.7x0.7	StreetIdShot/OrisonRoot/F01/MemoryArt_lobby_orison_1928/@MeshInstance3D@24770
[IDLEG] 0	200,184,40	MeshInstance3D	0.0x0.0x0.8	StreetIdShot/OrisonRoot/F01/MemoryArt_lobby_orison_1928/@MeshInstance3D@24771
[IDLEG] 0	216,184,40	MeshInstance3D	0.0x0.0x0.8	StreetIdShot/OrisonRoot/F01/MemoryArt_lobby_orison_1928/@MeshInstance3D@24772
[IDLEG] 0	232,184,40	MeshInstance3D	0.0x0.7x0.0	StreetIdShot/OrisonRoot/F01/MemoryArt_lobby_orison_1928/@MeshInstance3D@24773
[IDLEG] 0	248,184,40	MeshInstance3D	0.0x0.7x0.0	StreetIdShot/OrisonRoot/F01/MemoryArt_lobby_orison_1928/@MeshInstance3D@24774
[IDLEG] 0	8,200,40	MeshInstance3D	0.0x0.7x0.7	StreetIdShot/OrisonRoot/F01/MemoryArt_first_our_queens/@MeshInstance3D@24776
[IDLEG] 0	24,200,40	MeshInstance3D	0.0x0.0x0.8	StreetIdShot/OrisonRoot/F01/MemoryArt_first_our_queens/@MeshInstance3D@24777
[IDLEG] 0	40,200,40	MeshInstance3D	0.0x0.0x0.8	StreetIdShot/OrisonRoot/F01/MemoryArt_first_our_queens/@MeshInstance3D@24778
[IDLEG] 0	56,200,40	MeshInstance3D	0.0x0.7x0.0	StreetIdShot/OrisonRoot/F01/MemoryArt_first_our_queens/@MeshInstance3D@24779
[IDLEG] 0	72,200,40	MeshInstance3D	0.0x0.7x0.0	StreetIdShot/OrisonRoot/F01/MemoryArt_first_our_queens/@MeshInstance3D@24780
[IDLEG] 0	88,200,40	MeshInstance3D	0.0x0.7x0.7	StreetIdShot/OrisonRoot/F01/MemoryArt_evelyn_liberte/@MeshInstance3D@24854
[IDLEG] 0	104,200,40	MeshInstance3D	0.0x0.0x0.8	StreetIdShot/OrisonRoot/F01/MemoryArt_evelyn_liberte/@MeshInstance3D@24855
[IDLEG] 0	120,200,40	MeshInstance3D	0.0x0.0x0.8	StreetIdShot/OrisonRoot/F01/MemoryArt_evelyn_liberte/@MeshInstance3D@24856
[IDLEG] 0	136,200,40	MeshInstance3D	0.0x0.7x0.0	StreetIdShot/OrisonRoot/F01/MemoryArt_evelyn_liberte/@MeshInstance3D@24857
[IDLEG] 0	152,200,40	MeshInstance3D	0.0x0.7x0.0	StreetIdShot/OrisonRoot/F01/MemoryArt_evelyn_liberte/@MeshInstance3D@24858
[IDLEG] 0	168,200,40	MeshInstance3D	0.0x0.7x0.7	StreetIdShot/OrisonRoot/F01/MemoryArt_teresa_cherry/@MeshInstance3D@24860
[IDLEG] 0	184,200,40	MeshInstance3D	0.0x0.0x0.8	StreetIdShot/OrisonRoot/F01/MemoryArt_teresa_cherry/@MeshInstance3D@24861
[IDLEG] 0	200,200,40	MeshInstance3D	0.0x0.0x0.8	StreetIdShot/OrisonRoot/F01/MemoryArt_teresa_cherry/@MeshInstance3D@24862
[IDLEG] 0	216,200,40	MeshInstance3D	0.0x0.7x0.0	StreetIdShot/OrisonRoot/F01/MemoryArt_teresa_cherry/@MeshInstance3D@24863
[IDLEG] 0	232,200,40	MeshInstance3D	0.0x0.7x0.0	StreetIdShot/OrisonRoot/F01/MemoryArt_teresa_cherry/@MeshInstance3D@24864
[IDLEG] 0	248,200,40	MeshInstance3D	0.0x0.6x0.8	StreetIdShot/OrisonRoot/F01/LobbyBulletinBoard/@MeshInstance3D@24984
[IDLEG] 0	8,216,40	MeshInstance3D	0.0x0.0x0.9	StreetIdShot/OrisonRoot/F01/LobbyBulletinBoard/@MeshInstance3D@24985
[IDLEG] 0	24,216,40	MeshInstance3D	0.0x0.1x0.9	StreetIdShot/OrisonRoot/F01/LobbyBulletinBoard/@MeshInstance3D@24986
[IDLEG] 0	40,216,40	MeshInstance3D	0.0x0.6x0.1	StreetIdShot/OrisonRoot/F01/LobbyBulletinBoard/@MeshInstance3D@24987
[IDLEG] 0	56,216,40	MeshInstance3D	0.0x0.6x0.1	StreetIdShot/OrisonRoot/F01/LobbyBulletinBoard/@MeshInstance3D@24988
[IDLEG] 0	72,216,40	MeshInstance3D	0.0x0.0x0.3	StreetIdShot/OrisonRoot/F01/LobbyBulletinBoard/@MeshInstance3D@24989
[IDLEG] 0	88,216,40	MeshInstance3D	0.0x0.3x0.2	StreetIdShot/OrisonRoot/F01/LobbyBulletinBoard/@MeshInstance3D@24991
[IDLEG] 0	104,216,40	MeshInstance3D	0.0x0.0x0.0	StreetIdShot/OrisonRoot/F01/LobbyBulletinBoard/@MeshInstance3D@24992
[IDLEG] 0	120,216,40	MeshInstance3D	0.0x0.3x0.2	StreetIdShot/OrisonRoot/F01/LobbyBulletinBoard/@MeshInstance3D@24993
[IDLEG] 0	136,216,40	MeshInstance3D	0.0x0.0x0.0	StreetIdShot/OrisonRoot/F01/LobbyBulletinBoard/@MeshInstance3D@24994
[IDLEG] 0	152,216,40	MeshInstance3D	0.0x0.3x0.2	StreetIdShot/OrisonRoot/F01/LobbyBulletinBoard/@MeshInstance3D@24995
[IDLEG] 0	168,216,40	MeshInstance3D	0.0x0.0x0.0	StreetIdShot/OrisonRoot/F01/LobbyBulletinBoard/@MeshInstance3D@24996
[IDLEG] 0	184,216,40	MeshInstance3D	0.0x0.3x0.2	StreetIdShot/OrisonRoot/F01/LobbyBulletinBoard/@MeshInstance3D@24997
[IDLEG] 0	200,216,40	MeshInstance3D	0.0x0.0x0.0	StreetIdShot/OrisonRoot/F01/LobbyBulletinBoard/@MeshInstance3D@24998
[IDLEG] 0	216,216,40	MeshInstance3D	0.0x0.3x0.2	StreetIdShot/OrisonRoot/F01/LobbyBulletinBoard/@MeshInstance3D@24999
[IDLEG] 0	232,216,40	MeshInstance3D	0.0x0.0x0.0	StreetIdShot/OrisonRoot/F01/LobbyBulletinBoard/@MeshInstance3D@25000
[IDLEG] 0	248,216,40	MeshInstance3D	0.0x0.3x0.2	StreetIdShot/OrisonRoot/F01/LobbyBulletinBoard/@MeshInstance3D@25001
[IDLEG] 0	8,232,40	MeshInstance3D	0.0x0.0x0.0	StreetIdShot/OrisonRoot/F01/LobbyBulletinBoard/@MeshInstance3D@25002
[IDLEG] 0	24,232,40	MeshInstance3D	0.0x0.3x0.2	StreetIdShot/OrisonRoot/F01/LobbyBulletinBoard/@MeshInstance3D@25003
[IDLEG] 0	40,232,40	MeshInstance3D	0.0x0.0x0.0	StreetIdShot/OrisonRoot/F01/LobbyBulletinBoard/@MeshInstance3D@25004
[IDLEG] 0	56,232,40	MeshInstance3D	0.0x0.3x0.2	StreetIdShot/OrisonRoot/F01/LobbyBulletinBoard/@MeshInstance3D@25005
[IDLEG] 0	72,232,40	MeshInstance3D	0.0x0.0x0.0	StreetIdShot/OrisonRoot/F01/LobbyBulletinBoard/@MeshInstance3D@25006
[IDLEG] 0	88,232,40	MeshInstance3D	0.1x1.8x1.3	StreetIdShot/OrisonRoot/F01/OrisonOriginalSalesBoard/WarpedBacking
[IDLEG] 0	104,232,40	MeshInstance3D	0.1x1.9x0.1	StreetIdShot/OrisonRoot/F01/OrisonOriginalSalesBoard/OuterFrame
[IDLEG] 0	120,232,40	MeshInstance3D	0.1x1.7x0.0	StreetIdShot/OrisonRoot/F01/OrisonOriginalSalesBoard/CarvedFrame
[IDLEG] 0	136,232,40	MeshInstance3D	0.1x1.9x0.1	StreetIdShot/OrisonRoot/F01/OrisonOriginalSalesBoard/@MeshInstance3D@25097
[IDLEG] 0	152,232,40	MeshInstance3D	0.1x1.7x0.0	StreetIdShot/OrisonRoot/F01/OrisonOriginalSalesBoard/@MeshInstance3D@25098
[IDLEG] 0	168,232,40	MeshInstance3D	0.1x0.1x1.4	StreetIdShot/OrisonRoot/F01/OrisonOriginalSalesBoard/@MeshInstance3D@25099
[IDLEG] 0	184,232,40	MeshInstance3D	0.1x0.0x1.3	StreetIdShot/OrisonRoot/F01/OrisonOriginalSalesBoard/@MeshInstance3D@25100
[IDLEG] 0	200,232,40	MeshInstance3D	0.1x0.1x1.4	StreetIdShot/OrisonRoot/F01/OrisonOriginalSalesBoard/@MeshInstance3D@25101
[IDLEG] 0	216,232,40	MeshInstance3D	0.1x0.0x1.3	StreetIdShot/OrisonRoot/F01/OrisonOriginalSalesBoard/@MeshInstance3D@25102
[IDLEG] 0	232,232,40	MeshInstance3D	0.0x0.1x0.1	StreetIdShot/OrisonRoot/F01/OrisonOriginalSalesBoard/FrameBoss
[IDLEG] 0	248,232,40	MeshInstance3D	0.0x0.1x0.1	StreetIdShot/OrisonRoot/F01/OrisonOriginalSalesBoard/@MeshInstance3D@25103
[IDLEG] 0	8,248,40	MeshInstance3D	0.0x0.1x0.1	StreetIdShot/OrisonRoot/F01/OrisonOriginalSalesBoard/@MeshInstance3D@25104
[IDLEG] 0	24,248,40	MeshInstance3D	0.0x0.1x0.1	StreetIdShot/OrisonRoot/F01/OrisonOriginalSalesBoard/@MeshInstance3D@25105
[IDLEG] 0	40,248,40	MeshInstance3D	0.0x1.4x1.1	StreetIdShot/OrisonRoot/F01/OrisonOriginalSalesBoard/Original1926Broadside
[IDLEG] 0	56,248,40	MeshInstance3D	0.0x0.0x1.1	StreetIdShot/OrisonRoot/F01/OrisonOriginalSalesBoard/PaperEdge
[IDLEG] 0	72,248,40	MeshInstance3D	0.0x0.0x1.1	StreetIdShot/OrisonRoot/F01/OrisonOriginalSalesBoard/@MeshInstance3D@25106
[IDLEG] 0	88,248,40	MeshInstance3D	0.0x1.4x0.0	StreetIdShot/OrisonRoot/F01/OrisonOriginalSalesBoard/@MeshInstance3D@25107
[IDLEG] 0	104,248,40	MeshInstance3D	0.0x1.4x0.0	StreetIdShot/OrisonRoot/F01/OrisonOriginalSalesBoard/@MeshInstance3D@25108
[IDLEG] 0	120,248,40	MeshInstance3D	0.0x0.2x0.2	StreetIdShot/OrisonRoot/F01/OrisonOriginalSalesBoard/LoosePaperCorner
[IDLEG] 0	136,248,40	MeshInstance3D	0.0x0.3x0.3	StreetIdShot/OrisonRoot/F01/OrisonOriginalSalesBoard/InspectionNotice
[IDLEG] 0	152,248,40	MeshInstance3D	0.0x0.0x0.2	StreetIdShot/OrisonRoot/F01/OrisonOriginalSalesBoard/InspectionStamp
[IDLEG] 0	168,248,40	MeshInstance3D	0.0x0.2x0.3	StreetIdShot/OrisonRoot/F01/OrisonOriginalSalesBoard/ContractorCard
[IDLEG] 0	184,248,40	MeshInstance3D	0.0x0.0x0.0	StreetIdShot/OrisonRoot/F01/OrisonOriginalSalesBoard/BentBrassTack
[IDLEG] 0	200,248,40	MeshInstance3D	0.0x0.0x0.0	StreetIdShot/OrisonRoot/F01/OrisonOriginalSalesBoard/@MeshInstance3D@25109
[IDLEG] 0	216,248,40	MeshInstance3D	0.2x0.1x1.5	StreetIdShot/OrisonRoot/F01/OrisonOriginalSalesBoard/DustLedge
[IDLEG] 0	232,248,40	MeshInstance3D	0.0x0.0x0.0	StreetIdShot/OrisonRoot/F01/OrisonOriginalSalesBoard/PlasterChip
[IDLEG] 0	248,248,40	MeshInstance3D	0.0x0.0x0.1	StreetIdShot/OrisonRoot/F01/OrisonOriginalSalesBoard/@MeshInstance3D@25110
[IDLEG] 0	8,8,56	MeshInstance3D	0.0x0.1x0.0	StreetIdShot/OrisonRoot/F01/OrisonOriginalSalesBoard/@MeshInstance3D@25111
[IDLEG] 0	24,8,56	MeshInstance3D	0.0x0.0x0.1	StreetIdShot/OrisonRoot/F01/OrisonOriginalSalesBoard/@MeshInstance3D@25112
[IDLEG] 0	40,8,56	MeshInstance3D	0.0x0.0x0.1	StreetIdShot/OrisonRoot/F01/OrisonOriginalSalesBoard/DeadMothWing
[IDLEG] 0	56,8,56	MeshInstance3D	0.6x0.0x0.0	StreetIdShot/OrisonRoot/F01/OrisonOriginalSalesBoard/DisobedientPullChain
[IDLEG] 0	72,8,56	MeshInstance3D	2.5x0.1x0.7	StreetIdShot/OrisonRoot/F01/RealityMaintenanceHeadquarters/@MeshInstance3D@25114
[IDLEG] 0	88,8,56	MeshInstance3D	0.1x0.8x0.6	StreetIdShot/OrisonRoot/F01/RealityMaintenanceHeadquarters/@MeshInstance3D@25115
[IDLEG] 0	104,8,56	MeshInstance3D	0.1x0.8x0.6	StreetIdShot/OrisonRoot/F01/RealityMaintenanceHeadquarters/@MeshInstance3D@25116
[IDLEG] 0	120,8,56	MeshInstance3D	2.6x1.4x0.1	StreetIdShot/OrisonRoot/F01/RealityMaintenanceHeadquarters/@MeshInstance3D@25117
[IDLEG] 0	136,8,56	MeshInstance3D	2.7x0.1x0.3	StreetIdShot/OrisonRoot/F01/RealityMaintenanceHeadquarters/@MeshInstance3D@25118
[IDLEG] 0	152,8,56	MeshInstance3D	2.7x0.1x0.3	StreetIdShot/OrisonRoot/F01/RealityMaintenanceHeadquarters/@MeshInstance3D@25119
[IDLEG] 0	168,8,56	MeshInstance3D	0.1x0.3x0.1	StreetIdShot/OrisonRoot/F01/RealityMaintenanceHeadquarters/Gear_inspection_light/@MeshInstance3D@25120
[IDLEG] 0	184,8,56	MeshInstance3D	0.0x0.3x0.3	StreetIdShot/OrisonRoot/F01/RealityMaintenanceHeadquarters/@MeshInstance3D@25129
[IDLEG] 0	200,8,56	MeshInstance3D	0.0x0.3x0.3	StreetIdShot/OrisonRoot/F01/RealityMaintenanceHeadquarters/@MeshInstance3D@25130
[IDLEG] 0	216,8,56	MeshInstance3D	0.0x0.3x0.3	StreetIdShot/OrisonRoot/F01/RealityMaintenanceHeadquarters/@MeshInstance3D@25131
[IDLEG] 0	232,8,56	MeshInstance3D	0.0x0.3x0.3	StreetIdShot/OrisonRoot/F01/RealityMaintenanceHeadquarters/@MeshInstance3D@25132
[IDLEG] 0	248,8,56	MeshInstance3D	0.0x0.3x0.3	StreetIdShot/OrisonRoot/F01/RealityMaintenanceHeadquarters/@MeshInstance3D@25133
[IDLEG] 0	8,24,56	MeshInstance3D	0.0x0.3x0.3	StreetIdShot/OrisonRoot/F01/RealityMaintenanceHeadquarters/@MeshInstance3D@25134
[IDLEG] 0	24,24,56	MeshInstance3D	0.0x0.3x0.3	StreetIdShot/OrisonRoot/F01/RealityMaintenanceHeadquarters/@MeshInstance3D@25135
[IDLEG] 0	40,24,56	MeshInstance3D	0.0x0.3x0.3	StreetIdShot/OrisonRoot/F01/RealityMaintenanceHeadquarters/@MeshInstance3D@25136
[IDLEG] 0	56,24,56	MeshInstance3D	0.0x0.3x0.3	StreetIdShot/OrisonRoot/F01/RealityMaintenanceHeadquarters/@MeshInstance3D@25137
[IDLEG] 0	72,24,56	MeshInstance3D	0.0x0.3x0.3	StreetIdShot/OrisonRoot/F01/RealityMaintenanceHeadquarters/@MeshInstance3D@25138
[IDLEG] 0	88,24,56	MeshInstance3D	0.0x0.3x0.3	StreetIdShot/OrisonRoot/F01/RealityMaintenanceHeadquarters/@MeshInstance3D@25139
[IDLEG] 0	104,24,56	MeshInstance3D	0.0x0.3x0.3	StreetIdShot/OrisonRoot/F01/RealityMaintenanceHeadquarters/@MeshInstance3D@25140
[IDLEG] 0	120,24,56	MeshInstance3D	0.0x0.3x0.3	StreetIdShot/OrisonRoot/F01/RealityMaintenanceHeadquarters/@MeshInstance3D@25141
[IDLEG] 0	136,24,56	MeshInstance3D	0.0x0.3x0.3	StreetIdShot/OrisonRoot/F01/RealityMaintenanceHeadquarters/@MeshInstance3D@25142
[IDLEG] 0	152,24,56	MeshInstance3D	0.0x0.3x0.3	StreetIdShot/OrisonRoot/F01/RealityMaintenanceHeadquarters/@MeshInstance3D@25143
[IDLEG] 0	168,24,56	MeshInstance3D	0.0x0.3x0.3	StreetIdShot/OrisonRoot/F01/RealityMaintenanceHeadquarters/@MeshInstance3D@25144
[IDLEG] 0	184,24,56	MeshInstance3D	0.0x0.3x0.3	StreetIdShot/OrisonRoot/F01/RealityMaintenanceHeadquarters/@MeshInstance3D@25145
[IDLEG] 0	200,24,56	MeshInstance3D	0.0x0.3x0.3	StreetIdShot/OrisonRoot/F01/RealityMaintenanceHeadquarters/@MeshInstance3D@25146
[IDLEG] 0	216,24,56	MeshInstance3D	27.3x0.0x19.3	StreetIdShot/OrisonRoot/F02/F02_ceiling_plaster
[IDLEG] 0	232,24,56	MeshInstance3D	23.2x0.0x15.8	StreetIdShot/OrisonRoot/F02/F02_ceiling_plaster_stained
[IDLEG] 0	248,24,56	MeshInstance3D	10.7x0.0x19.3	StreetIdShot/OrisonRoot/F02/F02_ceiling_tin_ceiling
[IDLEG] 0	8,40,56	MeshInstance3D	15.4x0.0x12.4	StreetIdShot/OrisonRoot/F02/F02_floors_ceramic
[IDLEG] 0	24,40,56	MeshInstance3D	6.5x0.0x3.5	StreetIdShot/OrisonRoot/F02/F02_floors_concrete
[IDLEG] 0	40,40,56	MeshInstance3D	27.3x0.0x19.3	StreetIdShot/OrisonRoot/F02/F02_floors_floor_oak
[IDLEG] 0	56,40,56	MeshInstance3D	10.7x0.0x19.3	StreetIdShot/OrisonRoot/F02/F02_floors_terrazzo
[IDLEG] 0	72,40,56	MeshInstance3D	24.7x1.2x11.3	StreetIdShot/OrisonRoot/F02/F02_furnish_bakelite
[IDLEG] 0	88,40,56	MeshInstance3D	23.6x0.1x16.3	StreetIdShot/OrisonRoot/F02/F02_furnish_bakelite_black
[IDLEG] 0	104,40,56	MeshInstance3D	25.9x3.3x16.4	StreetIdShot/OrisonRoot/F02/F02_furnish_brass
[IDLEG] 0	120,40,56	MeshInstance3D	23.6x0.1x16.3	StreetIdShot/OrisonRoot/F02/F02_furnish_brass_bright
[IDLEG] 0	136,40,56	MeshInstance3D	23.6x0.1x16.3	StreetIdShot/OrisonRoot/F02/F02_furnish_brass_dull
[IDLEG] 0	152,40,56	MeshInstance3D	22.0x0.8x10.6	StreetIdShot/OrisonRoot/F02/F02_furnish_chrome
[IDLEG] 0	168,40,56	MeshInstance3D	15.1x0.1x9.3	StreetIdShot/OrisonRoot/F02/F02_furnish_countertop
[IDLEG] 0	184,40,56	MeshInstance3D	24.9x0.8x10.2	StreetIdShot/OrisonRoot/F02/F02_furnish_enamel
[IDLEG] 0	200,40,56	MeshInstance3D	26.5x0.8x9.1	StreetIdShot/OrisonRoot/F02/F02_furnish_fabric_cool
[IDLEG] 0	216,40,56	MeshInstance3D	26.5x0.6x9.0	StreetIdShot/OrisonRoot/F02/F02_furnish_fabric_green
[IDLEG] 0	232,40,56	MeshInstance3D	6.4x0.6x9.3	StreetIdShot/OrisonRoot/F02/F02_furnish_fabric_warm
[IDLEG] 0	248,40,56	MeshInstance3D	23.6x1.8x16.4	StreetIdShot/OrisonRoot/F02/F02_furnish_floor_oak
[IDLEG] 0	8,56,56	MeshInstance3D	26.2x0.8x18.1	StreetIdShot/OrisonRoot/F02/F02_furnish_linen
[IDLEG] 0	24,56,56	MeshInstance3D	26.7x3.0x12.4	StreetIdShot/OrisonRoot/F02/F02_furnish_metal
[IDLEG] 0	40,56,56	MeshInstance3D	13.9x0.1x9.1	StreetIdShot/OrisonRoot/F02/F02_furnish_nickel_plated
[IDLEG] 0	56,56,56	MeshInstance3D	26.9x1.6x17.9	StreetIdShot/OrisonRoot/F02/F02_furnish_paper
[IDLEG] 0	72,56,56	MeshInstance3D	0.3x0.0x0.6	StreetIdShot/OrisonRoot/F02/F02_furnish_plywood
[IDLEG] 0	88,56,56	MeshInstance3D	17.8x1.1x13.8	StreetIdShot/OrisonRoot/F02/F02_furnish_porcelain
[IDLEG] 0	104,56,56	MeshInstance3D	26.6x1.6x16.3	StreetIdShot/OrisonRoot/F02/F02_furnish_soot
[IDLEG] 0	120,56,56	MeshInstance3D	26.9x1.6x12.4	StreetIdShot/OrisonRoot/F02/F02_furnish_timber
[IDLEG] 0	136,56,56	MeshInstance3D	21.3x2.2x14.2	StreetIdShot/OrisonRoot/F02/F02_furnish_trim
[IDLEG] 0	152,56,56	MeshInstance3D	27.2x2.0x18.2	StreetIdShot/OrisonRoot/F02/F02_furnish_wood_dark
[IDLEG] 0	168,56,56	MeshInstance3D	25.1x0.8x12.8	StreetIdShot/OrisonRoot/F02/F02_furniture_art
[IDLEG] 0	184,56,56	MeshInstance3D	0.4x0.2x0.3	StreetIdShot/OrisonRoot/F02/F02_furniture_bakelite
[IDLEG] 0	200,56,56	MeshInstance3D	10.9x1.5x13.5	StreetIdShot/OrisonRoot/F02/F02_furniture_brass
[IDLEG] 0	216,56,56	MeshInstance3D	17.0x0.0x12.4	StreetIdShot/OrisonRoot/F02/F02_furniture_brass_dull
[IDLEG] 0	232,56,56	MeshInstance3D	0.7x0.6x0.3	StreetIdShot/OrisonRoot/F02/F02_furniture_cast_iron
[IDLEG] 0	248,56,56	MeshInstance3D	0.3x0.4x0.3	StreetIdShot/OrisonRoot/F02/F02_furniture_ceramic
[IDLEG] 0	8,72,56	MeshInstance3D	15.2x0.0x10.6	StreetIdShot/OrisonRoot/F02/F02_furniture_chrome
[IDLEG] 0	24,72,56	MeshInstance3D	10.9x1.0x13.5	StreetIdShot/OrisonRoot/F02/F02_furniture_indicator_enamel
[IDLEG] 0	40,72,56	MeshInstance3D	17.7x1.0x10.4	StreetIdShot/OrisonRoot/F02/F02_furniture_linen
[IDLEG] 0	56,72,56	MeshInstance3D	17.0x0.0x12.4	StreetIdShot/OrisonRoot/F02/F02_furniture_linoleum
[IDLEG] 0	72,72,56	MeshInstance3D	21.6x1.9x11.9	StreetIdShot/OrisonRoot/F02/F02_furniture_metal
[IDLEG] 0	88,72,56	MeshInstance3D	0.1x2.3x4.8	StreetIdShot/OrisonRoot/F02/F02_furniture_paper
[IDLEG] 0	104,72,56	MeshInstance3D	10.0x0.0x16.0	StreetIdShot/OrisonRoot/F02/F02_furniture_plaster_stained
[IDLEG] 0	120,72,56	MeshInstance3D	0.3x1.5x0.3	StreetIdShot/OrisonRoot/F02/F02_furniture_rug_warm
[IDLEG] 0	136,72,56	MeshInstance3D	3.4x0.0x2.4	StreetIdShot/OrisonRoot/F02/F02_furniture_soot
[IDLEG] 0	152,72,56	MeshInstance3D	5.3x16.2x1.3	StreetIdShot/OrisonRoot/F02/F02_furniture_timber
[IDLEG] 0	168,72,56	MeshInstance3D	27.5x1.8x19.5	StreetIdShot/OrisonRoot/F02/F02_furniture_trim
[IDLEG] 0	184,72,56	MeshInstance3D	25.5x2.3x12.8	StreetIdShot/OrisonRoot/F02/F02_furniture_wood_dark
[IDLEG] 0	200,72,56	MeshInstance3D	27.9x0.2x19.9	StreetIdShot/OrisonRoot/F02/F02_slabs
[IDLEG] 0	216,72,56	MeshInstance3D	6.3x3.2x2.9	StreetIdShot/OrisonRoot/F02/F02_stairs
[IDLEG] 0	232,72,56	MeshInstance3D	3.1x3.9x3.1	StreetIdShot/OrisonRoot/F02/F02_stairs_bal
[IDLEG] 0	248,72,56	MeshInstance3D	6.2x3.4x3.1	StreetIdShot/OrisonRoot/F02/F02_stairs_brass
[IDLEG] 0	8,88,56	MeshInstance3D	6.3x3.4x3.1	StreetIdShot/OrisonRoot/F02/F02_stairs_iron
[IDLEG] 0	24,88,56	MeshInstance3D	6.3x1.8x6.3	StreetIdShot/OrisonRoot/F02/F02_stairs_landing
[IDLEG] 0	40,88,56	MeshInstance3D	6.3x4.2x3.2	StreetIdShot/OrisonRoot/F02/F02_stairs_rail
[IDLEG] 0	56,88,56	MeshInstance3D	6.3x2.9x2.9	StreetIdShot/OrisonRoot/F02/F02_stairs_treads
[IDLEG] 0	72,88,56	MeshInstance3D	28.1x2.5x20.1	StreetIdShot/OrisonRoot/F02/F02_stone_trim
[IDLEG] 0	88,88,56	MeshInstance3D	27.3x3.2x19.3	StreetIdShot/OrisonRoot/F02/F02_trim
[IDLEG] 0	104,88,56	MeshInstance3D	14.9x0.0x10.3	StreetIdShot/OrisonRoot/F02/F02_vent_register_screws
[IDLEG] 0	120,88,56	MeshInstance3D	14.8x0.0x10.3	StreetIdShot/OrisonRoot/F02/F02_vent_register_throat
[IDLEG] 0	136,88,56	MeshInstance3D	14.9x0.0x10.3	StreetIdShot/OrisonRoot/F02/F02_vent_register_trim
[IDLEG] 0	152,88,56	MeshInstance3D	15.5x1.2x12.4	StreetIdShot/OrisonRoot/F02/F02_wainscot_subway_tile
[IDLEG] 0	168,88,56	MeshInstance3D	10.5x1.2x19.3	StreetIdShot/OrisonRoot/F02/F02_wainscot_wainscot
[IDLEG] 0	184,88,56	MeshInstance3D	27.3x3.0x19.3	StreetIdShot/OrisonRoot/F02/F02_walls
[IDLEG] 0	200,88,56	MeshInstance3D	28.0x3.2x19.7	StreetIdShot/OrisonRoot/F02/F02_walls_cbrick
[IDLEG] 0	216,88,56	MeshInstance3D	2.3x3.0x2.3	StreetIdShot/OrisonRoot/F02/F02_walls_conc
[IDLEG] 0	232,88,56	MeshInstance3D	27.3x3.2x0.4	StreetIdShot/OrisonRoot/F02/F02_walls_fbrick
[IDLEG] 0	248,88,56	MultiMeshInstance3D	24.1x0.1x16.9	StreetIdShot/OrisonRoot/F02/F02_VantryPointBatch
[IDLEG] 0	8,104,56	MultiMeshInstance3D	20.2x2.9x8.0	StreetIdShot/OrisonRoot/F02/@MultiMeshInstance3D@286
[IDLEG] 0	24,104,56	MultiMeshInstance3D	19.7x3.1x7.8	StreetIdShot/OrisonRoot/F02/@MultiMeshInstance3D@287
[IDLEG] 0	40,104,56	MeshInstance3D	0.0x0.1x0.1	StreetIdShot/OrisonRoot/F02/Projector_2A/@MeshInstance3D@725
[IDLEG] 0	56,104,56	MeshInstance3D	0.2x0.0x0.3	StreetIdShot/OrisonRoot/F02/Projector_2A/@MeshInstance3D@729
[IDLEG] 0	72,104,56	MeshInstance3D	0.1x0.0x0.0	StreetIdShot/OrisonRoot/F02/Projector_2A/@MeshInstance3D@730
[IDLEG] 0	88,104,56	MeshInstance3D	0.1x0.0x0.0	StreetIdShot/OrisonRoot/F02/Projector_2A/@MeshInstance3D@731
[IDLEG] 0	104,104,56	MeshInstance3D	0.1x0.1x0.1	StreetIdShot/OrisonRoot/F02/Projector_2A/@MeshInstance3D@732
[IDLEG] 0	120,104,56	MeshInstance3D	0.1x0.2x0.1	StreetIdShot/OrisonRoot/F02/Projector_2A/@MeshInstance3D@733
[IDLEG] 0	136,104,56	MeshInstance3D	0.1x0.2x0.1	StreetIdShot/OrisonRoot/F02/Projector_2A/@MeshInstance3D@734
[IDLEG] 0	152,104,56	MeshInstance3D	0.0x0.0x0.1	StreetIdShot/OrisonRoot/F02/Projector_2A/@MeshInstance3D@735
[IDLEG] 0	168,104,56	MeshInstance3D	0.0x0.0x0.1	StreetIdShot/OrisonRoot/F02/Projector_2A/@MeshInstance3D@736
[IDLEG] 0	184,104,56	MeshInstance3D	0.0x0.0x0.1	StreetIdShot/OrisonRoot/F02/Projector_2A/@MeshInstance3D@737
[IDLEG] 0	200,104,56	MeshInstance3D	0.0x0.0x0.1	StreetIdShot/OrisonRoot/F02/Projector_2A/@MeshInstance3D@738
[IDLEG] 0	216,104,56	MeshInstance3D	0.0x0.0x0.1	StreetIdShot/OrisonRoot/F02/Projector_2A/@MeshInstance3D@739
[IDLEG] 0	232,104,56	MeshInstance3D	0.0x0.0x0.1	StreetIdShot/OrisonRoot/F02/Projector_2A/@MeshInstance3D@740
[IDLEG] 0	248,104,56	MeshInstance3D	0.1x0.0x0.1	StreetIdShot/OrisonRoot/F02/Projector_2A/@MeshInstance3D@741
[IDLEG] 0	8,120,56	MeshInstance3D	0.1x0.1x0.1	StreetIdShot/OrisonRoot/F02/Projector_2A/@MeshInstance3D@742
[IDLEG] 0	24,120,56	MeshInstance3D	0.0x0.1x0.1	StreetIdShot/OrisonRoot/F02/Projector_2A/@MeshInstance3D@743
[IDLEG] 0	40,120,56	MeshInstance3D	0.0x0.1x0.1	StreetIdShot/OrisonRoot/F02/Projector_2A/@MeshInstance3D@744
[IDLEG] 0	56,120,56	MeshInstance3D	0.0x0.1x0.0	StreetIdShot/OrisonRoot/F02/Projector_2A/@MeshInstance3D@745
[IDLEG] 0	72,120,56	MeshInstance3D	0.0x0.0x0.0	StreetIdShot/OrisonRoot/F02/Projector_2A/@MeshInstance3D@746
[IDLEG] 0	88,120,56	MeshInstance3D	0.0x0.0x0.0	StreetIdShot/OrisonRoot/F02/Projector_2A/@MeshInstance3D@747
[IDLEG] 0	104,120,56	MeshInstance3D	0.0x0.0x0.0	StreetIdShot/OrisonRoot/F02/Projector_2A/@MeshInstance3D@748
[IDLEG] 0	120,120,56	MeshInstance3D	0.0x0.0x0.0	StreetIdShot/OrisonRoot/F02/Projector_2A/@MeshInstance3D@749
[IDLEG] 0	136,120,56	MeshInstance3D	0.0x0.0x0.0	StreetIdShot/OrisonRoot/F02/Projector_2A/@MeshInstance3D@750
[IDLEG] 0	152,120,56	MeshInstance3D	0.0x0.1x0.0	StreetIdShot/OrisonRoot/F02/Projector_2A/@MeshInstance3D@751
[IDLEG] 0	168,120,56	MeshInstance3D	0.0x0.0x0.1	StreetIdShot/OrisonRoot/F02/Projector_2A/@MeshInstance3D@752
[IDLEG] 0	184,120,56	MeshInstance3D	0.2x0.2x0.0	StreetIdShot/OrisonRoot/F02/Projector_2A/@MeshInstance3D@753
[IDLEG] 0	200,120,56	MeshInstance3D	0.2x0.2x0.0	StreetIdShot/OrisonRoot/F02/Projector_2A/@MeshInstance3D@754
[IDLEG] 0	216,120,56	MeshInstance3D	0.2x0.2x0.0	StreetIdShot/OrisonRoot/F02/Projector_2A/@MeshInstance3D@755
[IDLEG] 0	232,120,56	MeshInstance3D	0.0x0.0x0.0	StreetIdShot/OrisonRoot/F02/Projector_2A/@MeshInstance3D@756
[IDLEG] 0	248,120,56	MeshInstance3D	0.1x0.2x0.0	StreetIdShot/OrisonRoot/F02/Projector_2A/@MeshInstance3D@757
[IDLEG] 0	8,136,56	MeshInstance3D	0.0x0.0x0.1	StreetIdShot/OrisonRoot/F02/Projector_2A/@MeshInstance3D@758
[IDLEG] 0	24,136,56	MeshInstance3D	0.2x0.2x0.0	StreetIdShot/OrisonRoot/F02/Projector_2A/@MeshInstance3D@759
[IDLEG] 0	40,136,56	MeshInstance3D	0.2x0.2x0.0	StreetIdShot/OrisonRoot/F02/Projector_2A/@MeshInstance3D@760
[IDLEG] 0	56,136,56	MeshInstance3D	0.1x0.1x0.0	StreetIdShot/OrisonRoot/F02/Projector_2A/@MeshInstance3D@761
[IDLEG] 0	72,136,56	MeshInstance3D	0.0x0.0x0.0	StreetIdShot/OrisonRoot/F02/Projector_2A/@MeshInstance3D@762
[IDLEG] 0	88,136,56	MeshInstance3D	0.2x0.0x0.0	StreetIdShot/OrisonRoot/F02/Projector_2A/@MeshInstance3D@763
[IDLEG] 0	104,136,56	MeshInstance3D	0.0x0.0x0.0	StreetIdShot/OrisonRoot/F02/NPC_mina_vale/RiggedCharacter/Armature/Skeleton3D/char1
[IDLEG] 0	120,136,56	MeshInstance3D	0.3x0.0x0.2	StreetIdShot/OrisonRoot/F02/AffectedProp_mina_caption_cards/@MeshInstance3D@23486
[IDLEG] 0	136,136,56	MeshInstance3D	0.3x0.0x0.2	StreetIdShot/OrisonRoot/F02/AffectedProp_mina_caption_cards/@MeshInstance3D@23487
[IDLEG] 0	152,136,56	MeshInstance3D	0.3x0.0x0.2	StreetIdShot/OrisonRoot/F02/AffectedProp_mina_caption_cards/@MeshInstance3D@23488
[IDLEG] 0	168,136,56	MeshInstance3D	0.3x0.0x0.2	StreetIdShot/OrisonRoot/F02/AffectedProp_mina_style_guide/@MeshInstance3D@23493
[IDLEG] 0	184,136,56	MeshInstance3D	0.3x0.0x0.0	StreetIdShot/OrisonRoot/F02/AffectedProp_mina_redaction_pencil/@MeshInstance3D@23496
[IDLEG] 0	200,136,56	MeshInstance3D	0.3x0.2x0.2	StreetIdShot/OrisonRoot/F02/AffectedProp_lena_sewing_machine/@MeshInstance3D@23499
[IDLEG] 0	216,136,56	MeshInstance3D	0.1x0.1x0.0	StreetIdShot/OrisonRoot/F02/AffectedProp_lena_sewing_machine/@MeshInstance3D@23500
[IDLEG] 0	232,136,56	MeshInstance3D	0.1x0.1x0.0	StreetIdShot/OrisonRoot/F02/AffectedProp_lena_sewing_machine/@MeshInstance3D@23501
[IDLEG] 0	248,136,56	MeshInstance3D	0.1x0.1x0.1	StreetIdShot/OrisonRoot/F02/AffectedProp_lena_thread_spools/@MeshInstance3D@23506
[IDLEG] 0	8,152,56	MeshInstance3D	0.1x0.1x0.1	StreetIdShot/OrisonRoot/F02/AffectedProp_lena_thread_spools/@MeshInstance3D@23507
[IDLEG] 0	24,152,56	MeshInstance3D	0.3x0.0x0.0	StreetIdShot/OrisonRoot/F02/AffectedProp_lena_shears/@MeshInstance3D@23511
[IDLEG] 0	40,152,56	MeshInstance3D	0.2x0.0x0.0	StreetIdShot/OrisonRoot/F02/AffectedProp_lena_shears/@MeshInstance3D@23512
[IDLEG] 0	56,152,56	MeshInstance3D	0.3x0.2x0.2	StreetIdShot/OrisonRoot/F02/AffectedProp_juno_field_recorder/@MeshInstance3D@23516
[IDLEG] 0	72,152,56	MeshInstance3D	0.1x0.1x0.0	StreetIdShot/OrisonRoot/F02/AffectedProp_juno_field_recorder/@MeshInstance3D@23517
[IDLEG] 0	88,152,56	MeshInstance3D	0.1x0.1x0.0	StreetIdShot/OrisonRoot/F02/AffectedProp_juno_field_recorder/@MeshInstance3D@23518
[IDLEG] 0	104,152,56	MeshInstance3D	0.3x0.2x0.2	StreetIdShot/OrisonRoot/F02/AffectedProp_juno_master_cassette/@MeshInstance3D@23523
[IDLEG] 0	120,152,56	MeshInstance3D	0.3x0.0x0.3	StreetIdShot/OrisonRoot/F02/AffectedProp_juno_patch_cables/@MeshInstance3D@23526
[IDLEG] 0	136,152,56	MeshInstance3D	0.3x0.0x0.3	StreetIdShot/OrisonRoot/F02/AffectedProp_juno_patch_cables/@MeshInstance3D@23527
[IDLEG] 0	152,152,56	MeshInstance3D	0.4x0.0x0.4	StreetIdShot/OrisonRoot/F02/AffectedProp_juno_patch_cables/@MeshInstance3D@23528
[IDLEG] 0	168,152,56	MeshInstance3D	0.1x0.1x0.0	StreetIdShot/OrisonRoot/F02/DomesticWitness_mina_caption_crisis/FaceRig/HourHand/@MeshInstance3D@23924
[IDLEG] 0	184,152,56	MeshInstance3D	0.1x0.0x0.0	StreetIdShot/OrisonRoot/F02/DomesticWitness_mina_caption_crisis/FaceRig/MinuteHand/@MeshInstance3D@23925
[IDLEG] 0	200,152,56	MeshInstance3D	0.0x0.1x0.0	StreetIdShot/OrisonRoot/F02/DomesticWitness_mina_caption_crisis/FaceRig/SecondHand/@MeshInstance3D@23926
[IDLEG] 0	216,152,56	MeshInstance3D	0.4x0.4x0.1	StreetIdShot/OrisonRoot/F02/DomesticWitness_mina_caption_crisis/@MeshInstance3D@23929
[IDLEG] 0	232,152,56	MeshInstance3D	0.4x0.4x0.0	StreetIdShot/OrisonRoot/F02/DomesticWitness_mina_caption_crisis/@MeshInstance3D@23930
[IDLEG] 0	248,152,56	MeshInstance3D	0.3x0.3x0.0	StreetIdShot/OrisonRoot/F02/DomesticWitness_mina_caption_crisis/@MeshInstance3D@23931
[IDLEG] 0	8,168,56	MeshInstance3D	0.3x0.3x0.0	StreetIdShot/OrisonRoot/F02/DomesticWitness_mina_caption_crisis/@MeshInstance3D@23932
[IDLEG] 0	24,168,56	MeshInstance3D	0.2x0.2x0.0	StreetIdShot/OrisonRoot/F02/DomesticWitness_mina_caption_crisis/@MeshInstance3D@23933
[IDLEG] 0	40,168,56	MeshInstance3D	0.1x0.1x0.0	StreetIdShot/OrisonRoot/F02/DomesticWitness_lena_unraveling/FaceRig/HourHand/@MeshInstance3D@23960
[IDLEG] 0	56,168,56	MeshInstance3D	0.1x0.0x0.0	StreetIdShot/OrisonRoot/F02/DomesticWitness_lena_unraveling/FaceRig/MinuteHand/@MeshInstance3D@23961
[IDLEG] 0	72,168,56	MeshInstance3D	0.0x0.1x0.0	StreetIdShot/OrisonRoot/F02/DomesticWitness_lena_unraveling/FaceRig/SecondHand/@MeshInstance3D@23962
[IDLEG] 0	88,168,56	MeshInstance3D	0.4x0.4x0.1	StreetIdShot/OrisonRoot/F02/DomesticWitness_lena_unraveling/@MeshInstance3D@23965
[IDLEG] 0	104,168,56	MeshInstance3D	0.3x0.3x0.0	StreetIdShot/OrisonRoot/F02/DomesticWitness_lena_unraveling/@MeshInstance3D@23966
[IDLEG] 0	120,168,56	MeshInstance3D	0.0x0.0x0.0	StreetIdShot/OrisonRoot/F02/DomesticWitness_lena_unraveling/@MeshInstance3D@23967
[IDLEG] 0	136,168,56	MeshInstance3D	0.3x0.3x0.0	StreetIdShot/OrisonRoot/F02/DomesticWitness_lena_unraveling/@MeshInstance3D@23968
[IDLEG] 0	152,168,56	MeshInstance3D	0.2x0.2x0.0	StreetIdShot/OrisonRoot/F02/DomesticWitness_lena_unraveling/@MeshInstance3D@23969
[IDLEG] 0	168,168,56	MeshInstance3D	0.1x0.1x0.0	StreetIdShot/OrisonRoot/F02/DomesticWitness_juno_feedback_tetris/FaceRig/HourHand/@MeshInstance3D@23987
[IDLEG] 0	184,168,56	MeshInstance3D	0.1x0.0x0.0	StreetIdShot/OrisonRoot/F02/DomesticWitness_juno_feedback_tetris/FaceRig/MinuteHand/@MeshInstance3D@23988
[IDLEG] 0	200,168,56	MeshInstance3D	0.0x0.1x0.0	StreetIdShot/OrisonRoot/F02/DomesticWitness_juno_feedback_tetris/FaceRig/SecondHand/@MeshInstance3D@23989
[IDLEG] 0	216,168,56	MeshInstance3D	0.4x0.2x0.1	StreetIdShot/OrisonRoot/F02/DomesticWitness_juno_feedback_tetris/@MeshInstance3D@23992
[IDLEG] 0	232,168,56	MeshInstance3D	0.3x0.3x0.0	StreetIdShot/OrisonRoot/F02/DomesticWitness_juno_feedback_tetris/@MeshInstance3D@23993
[IDLEG] 0	248,168,56	MeshInstance3D	0.3x0.3x0.0	StreetIdShot/OrisonRoot/F02/DomesticWitness_juno_feedback_tetris/@MeshInstance3D@23994
[IDLEG] 0	8,184,56	MeshInstance3D	0.2x0.2x0.0	StreetIdShot/OrisonRoot/F02/DomesticWitness_juno_feedback_tetris/@MeshInstance3D@23995
[IDLEG] 0	24,184,56	MeshInstance3D	0.1x0.3x0.2	StreetIdShot/OrisonRoot/F02/DomesticAnomaly_mina_intercom/@MeshInstance3D@24354
[IDLEG] 0	40,184,56	MeshInstance3D	0.0x0.3x0.1	StreetIdShot/OrisonRoot/F02/DomesticAnomaly_mina_intercom/@MeshInstance3D@24355
[IDLEG] 0	56,184,56	MeshInstance3D	0.0x0.0x0.0	StreetIdShot/OrisonRoot/F02/DomesticAnomaly_mina_intercom/@MeshInstance3D@24356
[IDLEG] 0	72,184,56	MeshInstance3D	0.0x0.0x0.0	StreetIdShot/OrisonRoot/F02/DomesticAnomaly_mina_intercom/@MeshInstance3D@24357
[IDLEG] 0	88,184,56	MeshInstance3D	0.0x0.0x0.0	StreetIdShot/OrisonRoot/F02/DomesticAnomaly_mina_intercom/@MeshInstance3D@24358
[IDLEG] 0	104,184,56	MeshInstance3D	0.0x0.0x0.0	StreetIdShot/OrisonRoot/F02/DomesticAnomaly_mina_intercom/@MeshInstance3D@24359
[IDLEG] 0	120,184,56	MeshInstance3D	0.0x0.1x0.4	StreetIdShot/OrisonRoot/F02/DomesticAnomaly_lena_coat_hook/@MeshInstance3D@24364
[IDLEG] 0	136,184,56	MeshInstance3D	0.1x0.1x0.0	StreetIdShot/OrisonRoot/F02/DomesticAnomaly_lena_coat_hook/@MeshInstance3D@24366
[IDLEG] 0	152,184,56	MeshInstance3D	0.1x0.1x0.0	StreetIdShot/OrisonRoot/F02/DomesticAnomaly_lena_coat_hook/@MeshInstance3D@24367
[IDLEG] 0	168,184,56	MeshInstance3D	0.1x0.1x0.0	StreetIdShot/OrisonRoot/F02/DomesticAnomaly_lena_coat_hook/@MeshInstance3D@24368
[IDLEG] 0	184,184,56	MeshInstance3D	0.2x0.2x0.2	StreetIdShot/OrisonRoot/F02/DomesticAnomaly_juno_speaker/@MeshInstance3D@24374
[IDLEG] 0	200,184,56	MeshInstance3D	0.0x0.0x0.0	StreetIdShot/OrisonRoot/F02/DomesticAnomaly_juno_speaker/@MeshInstance3D@24375
[IDLEG] 0	216,184,56	MeshInstance3D	0.7x0.7x0.0	StreetIdShot/OrisonRoot/F02/MemoryArt_mina_caption_desk/@MeshInstance3D@24534
[IDLEG] 0	232,184,56	MeshInstance3D	0.8x0.0x0.0	StreetIdShot/OrisonRoot/F02/MemoryArt_mina_caption_desk/@MeshInstance3D@24535
[IDLEG] 0	248,184,56	MeshInstance3D	0.8x0.0x0.0	StreetIdShot/OrisonRoot/F02/MemoryArt_mina_caption_desk/@MeshInstance3D@24536
[IDLEG] 0	8,200,56	MeshInstance3D	0.0x0.7x0.0	StreetIdShot/OrisonRoot/F02/MemoryArt_mina_caption_desk/@MeshInstance3D@24537
[IDLEG] 0	24,200,56	MeshInstance3D	0.0x0.7x0.0	StreetIdShot/OrisonRoot/F02/MemoryArt_mina_caption_desk/@MeshInstance3D@24538
[IDLEG] 0	40,200,56	MeshInstance3D	0.0x0.7x0.7	StreetIdShot/OrisonRoot/F02/MemoryArt_lena_visible_mend/@MeshInstance3D@24540
[IDLEG] 0	56,200,56	MeshInstance3D	0.0x0.0x0.8	StreetIdShot/OrisonRoot/F02/MemoryArt_lena_visible_mend/@MeshInstance3D@24541
[IDLEG] 0	72,200,56	MeshInstance3D	0.0x0.0x0.8	StreetIdShot/OrisonRoot/F02/MemoryArt_lena_visible_mend/@MeshInstance3D@24542
[IDLEG] 0	88,200,56	MeshInstance3D	0.0x0.7x0.0	StreetIdShot/OrisonRoot/F02/MemoryArt_lena_visible_mend/@MeshInstance3D@24543
[IDLEG] 0	104,200,56	MeshInstance3D	0.0x0.7x0.0	StreetIdShot/OrisonRoot/F02/MemoryArt_lena_visible_mend/@MeshInstance3D@24544
[IDLEG] 0	120,200,56	MeshInstance3D	0.7x0.7x0.0	StreetIdShot/OrisonRoot/F02/MemoryArt_juno_session/@MeshInstance3D@24546
[IDLEG] 0	136,200,56	MeshInstance3D	0.8x0.0x0.0	StreetIdShot/OrisonRoot/F02/MemoryArt_juno_session/@MeshInstance3D@24547
[IDLEG] 0	152,200,56	MeshInstance3D	0.8x0.0x0.0	StreetIdShot/OrisonRoot/F02/MemoryArt_juno_session/@MeshInstance3D@24548
[IDLEG] 0	168,200,56	MeshInstance3D	0.0x0.7x0.0	StreetIdShot/OrisonRoot/F02/MemoryArt_juno_session/@MeshInstance3D@24549
[IDLEG] 0	184,200,56	MeshInstance3D	0.0x0.7x0.0	StreetIdShot/OrisonRoot/F02/MemoryArt_juno_session/@MeshInstance3D@24550
[IDLEG] 0	200,200,56	MeshInstance3D	0.7x0.7x0.0	StreetIdShot/OrisonRoot/F02/WallArt_mina_the_unsaid/@MeshInstance3D@24656
[IDLEG] 0	216,200,56	MeshInstance3D	0.8x0.0x0.0	StreetIdShot/OrisonRoot/F02/WallArt_mina_the_unsaid/@MeshInstance3D@24657
[IDLEG] 0	232,200,56	MeshInstance3D	0.8x0.0x0.0	StreetIdShot/OrisonRoot/F02/WallArt_mina_the_unsaid/@MeshInstance3D@24658
[IDLEG] 0	248,200,56	MeshInstance3D	0.0x0.7x0.0	StreetIdShot/OrisonRoot/F02/WallArt_mina_the_unsaid/@MeshInstance3D@24659
[IDLEG] 0	8,216,56	MeshInstance3D	0.0x0.7x0.0	StreetIdShot/OrisonRoot/F02/WallArt_mina_the_unsaid/@MeshInstance3D@24660
[IDLEG] 0	24,216,56	MeshInstance3D	0.7x0.7x0.0	StreetIdShot/OrisonRoot/F02/WallArt_lena_visible_mends/@MeshInstance3D@24662
[IDLEG] 0	40,216,56	MeshInstance3D	0.8x0.0x0.0	StreetIdShot/OrisonRoot/F02/WallArt_lena_visible_mends/@MeshInstance3D@24663
[IDLEG] 0	56,216,56	MeshInstance3D	0.8x0.0x0.0	StreetIdShot/OrisonRoot/F02/WallArt_lena_visible_mends/@MeshInstance3D@24664
[IDLEG] 0	72,216,56	MeshInstance3D	0.0x0.7x0.0	StreetIdShot/OrisonRoot/F02/WallArt_lena_visible_mends/@MeshInstance3D@24665
[IDLEG] 0	88,216,56	MeshInstance3D	0.0x0.7x0.0	StreetIdShot/OrisonRoot/F02/WallArt_lena_visible_mends/@MeshInstance3D@24666
[IDLEG] 0	104,216,56	MeshInstance3D	0.7x0.7x0.0	StreetIdShot/OrisonRoot/F02/WallArt_juno_open_channel/@MeshInstance3D@24668
[IDLEG] 0	120,216,56	MeshInstance3D	0.8x0.0x0.0	StreetIdShot/OrisonRoot/F02/WallArt_juno_open_channel/@MeshInstance3D@24669
[IDLEG] 0	136,216,56	MeshInstance3D	0.8x0.0x0.0	StreetIdShot/OrisonRoot/F02/WallArt_juno_open_channel/@MeshInstance3D@24670
[IDLEG] 0	152,216,56	MeshInstance3D	0.0x0.7x0.0	StreetIdShot/OrisonRoot/F02/WallArt_juno_open_channel/@MeshInstance3D@24671
[IDLEG] 0	168,216,56	MeshInstance3D	0.0x0.7x0.0	StreetIdShot/OrisonRoot/F02/WallArt_juno_open_channel/@MeshInstance3D@24672
[IDLEG] 0	184,216,56	MeshInstance3D	0.7x0.7x0.0	StreetIdShot/OrisonRoot/F02/MemoryArt_second_queensboro/@MeshInstance3D@24782
[IDLEG] 0	200,216,56	MeshInstance3D	0.8x0.0x0.0	StreetIdShot/OrisonRoot/F02/MemoryArt_second_queensboro/@MeshInstance3D@24783
[IDLEG] 0	216,216,56	MeshInstance3D	0.8x0.0x0.0	StreetIdShot/OrisonRoot/F02/MemoryArt_second_queensboro/@MeshInstance3D@24784
[IDLEG] 0	232,216,56	MeshInstance3D	0.0x0.7x0.0	StreetIdShot/OrisonRoot/F02/MemoryArt_second_queensboro/@MeshInstance3D@24785
[IDLEG] 0	248,216,56	MeshInstance3D	0.0x0.7x0.0	StreetIdShot/OrisonRoot/F02/MemoryArt_second_queensboro/@MeshInstance3D@24786
[IDLEG] 0	8,232,56	MeshInstance3D	0.0x0.7x0.7	StreetIdShot/OrisonRoot/F02/MemoryArt_mina_mirror/@MeshInstance3D@24866
[IDLEG] 0	24,232,56	MeshInstance3D	0.0x0.0x0.8	StreetIdShot/OrisonRoot/F02/MemoryArt_mina_mirror/@MeshInstance3D@24867
[IDLEG] 0	40,232,56	MeshInstance3D	0.0x0.0x0.8	StreetIdShot/OrisonRoot/F02/MemoryArt_mina_mirror/@MeshInstance3D@24868
[IDLEG] 0	56,232,56	MeshInstance3D	0.0x0.7x0.0	StreetIdShot/OrisonRoot/F02/MemoryArt_mina_mirror/@MeshInstance3D@24869
[IDLEG] 0	72,232,56	MeshInstance3D	0.0x0.7x0.0	StreetIdShot/OrisonRoot/F02/MemoryArt_mina_mirror/@MeshInstance3D@24870
[IDLEG] 0	88,232,56	MeshInstance3D	0.7x0.7x0.0	StreetIdShot/OrisonRoot/F02/MemoryArt_lena_motorcycle/@MeshInstance3D@24872
[IDLEG] 0	104,232,56	MeshInstance3D	0.8x0.0x0.0	StreetIdShot/OrisonRoot/F02/MemoryArt_lena_motorcycle/@MeshInstance3D@24873
[IDLEG] 0	120,232,56	MeshInstance3D	0.8x0.0x0.0	StreetIdShot/OrisonRoot/F02/MemoryArt_lena_motorcycle/@MeshInstance3D@24874
[IDLEG] 0	136,232,56	MeshInstance3D	0.0x0.7x0.0	StreetIdShot/OrisonRoot/F02/MemoryArt_lena_motorcycle/@MeshInstance3D@24875
[IDLEG] 0	152,232,56	MeshInstance3D	0.0x0.7x0.0	StreetIdShot/OrisonRoot/F02/MemoryArt_lena_motorcycle/@MeshInstance3D@24876
[IDLEG] 0	168,232,56	MeshInstance3D	0.0x0.7x0.7	StreetIdShot/OrisonRoot/F02/MemoryArt_juno_soultrap/@MeshInstance3D@24878
[IDLEG] 0	184,232,56	MeshInstance3D	0.0x0.0x0.8	StreetIdShot/OrisonRoot/F02/MemoryArt_juno_soultrap/@MeshInstance3D@24879
[IDLEG] 0	200,232,56	MeshInstance3D	0.0x0.0x0.8	StreetIdShot/OrisonRoot/F02/MemoryArt_juno_soultrap/@MeshInstance3D@24880
[IDLEG] 0	216,232,56	MeshInstance3D	0.0x0.7x0.0	StreetIdShot/OrisonRoot/F02/MemoryArt_juno_soultrap/@MeshInstance3D@24881
[IDLEG] 0	232,232,56	MeshInstance3D	0.0x0.7x0.0	StreetIdShot/OrisonRoot/F02/MemoryArt_juno_soultrap/@MeshInstance3D@24882
[IDLEG] 0	248,232,56	MeshInstance3D	27.3x0.0x19.3	StreetIdShot/OrisonRoot/F03/F03_ceiling_plaster
[IDLEG] 0	8,248,56	MeshInstance3D	21.4x0.0x15.8	StreetIdShot/OrisonRoot/F03/F03_ceiling_plaster_stained
[IDLEG] 0	24,248,56	MeshInstance3D	10.7x0.0x19.3	StreetIdShot/OrisonRoot/F03/F03_ceiling_tin_ceiling
[IDLEG] 0	40,248,56	MeshInstance3D	15.4x0.0x12.4	StreetIdShot/OrisonRoot/F03/F03_floors_ceramic
[IDLEG] 0	56,248,56	MeshInstance3D	6.5x0.0x3.5	StreetIdShot/OrisonRoot/F03/F03_floors_concrete
[IDLEG] 0	72,248,56	MeshInstance3D	27.3x0.0x19.3	StreetIdShot/OrisonRoot/F03/F03_floors_floor_oak
[IDLEG] 0	88,248,56	MeshInstance3D	10.7x0.0x19.3	StreetIdShot/OrisonRoot/F03/F03_floors_terrazzo
[IDLEG] 0	104,248,56	MeshInstance3D	23.6x1.0x11.8	StreetIdShot/OrisonRoot/F03/F03_furnish_bakelite
[IDLEG] 0	120,248,56	MeshInstance3D	23.6x0.1x16.3	StreetIdShot/OrisonRoot/F03/F03_furnish_bakelite_black
[IDLEG] 0	136,248,56	MeshInstance3D	25.8x1.7x12.3	StreetIdShot/OrisonRoot/F03/F03_furnish_book_brown
[IDLEG] 0	152,248,56	MeshInstance3D	7.6x1.7x5.1	StreetIdShot/OrisonRoot/F03/F03_furnish_book_burgundy
[IDLEG] 0	168,248,56	MeshInstance3D	7.3x1.6x5.1	StreetIdShot/OrisonRoot/F03/F03_furnish_book_green
[IDLEG] 0	184,248,56	MeshInstance3D	25.8x1.6x12.3	StreetIdShot/OrisonRoot/F03/F03_furnish_book_navy
[IDLEG] 0	200,248,56	MeshInstance3D	25.8x1.6x12.3	StreetIdShot/OrisonRoot/F03/F03_furnish_book_ochre
[IDLEG] 0	216,248,56	MeshInstance3D	25.8x1.6x8.1	StreetIdShot/OrisonRoot/F03/F03_furnish_book_teal
[IDLEG] 0	232,248,56	MeshInstance3D	26.7x3.3x17.8	StreetIdShot/OrisonRoot/F03/F03_furnish_brass
[IDLEG] 0	248,248,56	MeshInstance3D	23.6x0.1x16.3	StreetIdShot/OrisonRoot/F03/F03_furnish_brass_bright
[IDLEG] 0	8,8,72	MeshInstance3D	23.7x0.1x16.3	StreetIdShot/OrisonRoot/F03/F03_furnish_brass_dull
[IDLEG] 0	24,8,72	MeshInstance3D	18.0x0.2x11.3	StreetIdShot/OrisonRoot/F03/F03_furnish_chrome
[IDLEG] 0	40,8,72	MeshInstance3D	18.2x0.1x9.8	StreetIdShot/OrisonRoot/F03/F03_furnish_countertop
[IDLEG] 0	56,8,72	MeshInstance3D	23.2x0.1x11.5	StreetIdShot/OrisonRoot/F03/F03_furnish_enamel
[IDLEG] 0	72,8,72	MeshInstance3D	25.7x0.1x1.6	StreetIdShot/OrisonRoot/F03/F03_furnish_fabric_green
[IDLEG] 0	88,8,72	MeshInstance3D	1.3x0.1x1.3	StreetIdShot/OrisonRoot/F03/F03_furnish_fabric_warm
[IDLEG] 0	104,8,72	MeshInstance3D	25.9x1.8x18.4	StreetIdShot/OrisonRoot/F03/F03_furnish_floor_oak
[IDLEG] 0	120,8,72	MeshInstance3D	26.3x0.8x17.8	StreetIdShot/OrisonRoot/F03/F03_furnish_linen
[IDLEG] 0	136,8,72	MeshInstance3D	27.2x3.0x15.1	StreetIdShot/OrisonRoot/F03/F03_furnish_metal
[IDLEG] 0	152,8,72	MeshInstance3D	17.1x0.1x9.7	StreetIdShot/OrisonRoot/F03/F03_furnish_nickel_plated
[IDLEG] 0	168,8,72	MeshInstance3D	5.9x1.9x18.1	StreetIdShot/OrisonRoot/F03/F03_furnish_oak_quartered
[IDLEG] 0	184,8,72	MeshInstance3D	26.8x1.7x17.6	StreetIdShot/OrisonRoot/F03/F03_furnish_paper
[IDLEG] 0	200,8,72	MeshInstance3D	0.2x0.5x0.2	StreetIdShot/OrisonRoot/F03/F03_furnish_plant
[IDLEG] 0	216,8,72	MeshInstance3D	0.0x0.6x0.9	StreetIdShot/OrisonRoot/F03/F03_furnish_plywood
[IDLEG] 0	232,8,72	MeshInstance3D	19.4x1.1x13.3	StreetIdShot/OrisonRoot/F03/F03_furnish_porcelain
[IDLEG] 0	248,8,72	MeshInstance3D	0.4x0.1x0.4	StreetIdShot/OrisonRoot/F03/F03_furnish_soil
[IDLEG] 0	8,24,72	MeshInstance3D	26.3x1.6x16.3	StreetIdShot/OrisonRoot/F03/F03_furnish_soot
[IDLEG] 0	24,24,72	MeshInstance3D	0.5x0.5x0.5	StreetIdShot/OrisonRoot/F03/F03_furnish_terracotta
[IDLEG] 0	40,24,72	MeshInstance3D	0.9x1.7x7.6	StreetIdShot/OrisonRoot/F03/F03_furnish_timber
[IDLEG] 0	56,24,72	MeshInstance3D	22.6x2.2x14.7	StreetIdShot/OrisonRoot/F03/F03_furnish_trim
[IDLEG] 0	72,24,72	MeshInstance3D	25.3x1.9x15.5	StreetIdShot/OrisonRoot/F03/F03_furnish_wood_dark
[IDLEG] 0	88,24,72	MeshInstance3D	23.7x0.9x12.8	StreetIdShot/OrisonRoot/F03/F03_furniture_art
[IDLEG] 0	104,24,72	MeshInstance3D	10.9x1.5x13.5	StreetIdShot/OrisonRoot/F03/F03_furniture_brass
[IDLEG] 0	120,24,72	MeshInstance3D	19.5x0.0x13.0	StreetIdShot/OrisonRoot/F03/F03_furniture_brass_dull
[IDLEG] 0	136,24,72	MeshInstance3D	0.7x0.6x0.3	StreetIdShot/OrisonRoot/F03/F03_furniture_cast_iron
[IDLEG] 0	152,24,72	MeshInstance3D	10.9x0.4x6.5	StreetIdShot/OrisonRoot/F03/F03_furniture_ceramic
[IDLEG] 0	168,24,72	MeshInstance3D	15.2x0.0x10.6	StreetIdShot/OrisonRoot/F03/F03_furniture_chrome
[IDLEG] 0	184,24,72	MeshInstance3D	22.2x2.2x15.9	StreetIdShot/OrisonRoot/F03/F03_furniture_fabric_cool
[IDLEG] 0	200,24,72	MeshInstance3D	1.1x0.0x1.5	StreetIdShot/OrisonRoot/F03/F03_furniture_floor_oak
[IDLEG] 0	216,24,72	MeshInstance3D	10.9x1.0x13.5	StreetIdShot/OrisonRoot/F03/F03_furniture_indicator_enamel
[IDLEG] 0	232,24,72	MeshInstance3D	20.7x1.0x10.5	StreetIdShot/OrisonRoot/F03/F03_furniture_linen
[IDLEG] 0	248,24,72	MeshInstance3D	19.5x0.0x13.0	StreetIdShot/OrisonRoot/F03/F03_furniture_linoleum
[IDLEG] 0	8,40,72	MeshInstance3D	22.2x1.8x5.9	StreetIdShot/OrisonRoot/F03/F03_furniture_metal
[IDLEG] 0	24,40,72	MeshInstance3D	10.0x0.0x16.0	StreetIdShot/OrisonRoot/F03/F03_furniture_plaster_stained
[IDLEG] 0	40,40,72	MeshInstance3D	0.1x1.8x1.4	StreetIdShot/OrisonRoot/F03/F03_furniture_plywood
[IDLEG] 0	56,40,72	MeshInstance3D	0.3x1.5x0.3	StreetIdShot/OrisonRoot/F03/F03_furniture_rug_warm
[IDLEG] 0	72,40,72	MeshInstance3D	1.6x0.3x1.0	StreetIdShot/OrisonRoot/F03/F03_furniture_slab
[IDLEG] 0	88,40,72	MeshInstance3D	1.8x1.6x1.9	StreetIdShot/OrisonRoot/F03/F03_furniture_soot
[IDLEG] 0	104,40,72	MeshInstance3D	5.3x4.4x1.3	StreetIdShot/OrisonRoot/F03/F03_furniture_timber
[IDLEG] 0	120,40,72	MeshInstance3D	27.5x3.0x19.5	StreetIdShot/OrisonRoot/F03/F03_furniture_trim
[IDLEG] 0	136,40,72	MeshInstance3D	23.7x0.9x12.8	StreetIdShot/OrisonRoot/F03/F03_furniture_wood_dark
[IDLEG] 0	152,40,72	MeshInstance3D	27.9x0.2x19.9	StreetIdShot/OrisonRoot/F03/F03_slabs
[IDLEG] 0	168,40,72	MeshInstance3D	6.3x3.2x2.9	StreetIdShot/OrisonRoot/F03/F03_stairs
[IDLEG] 0	184,40,72	MeshInstance3D	3.1x3.9x3.1	StreetIdShot/OrisonRoot/F03/F03_stairs_bal
[IDLEG] 0	200,40,72	MeshInstance3D	6.2x3.4x3.1	StreetIdShot/OrisonRoot/F03/F03_stairs_brass
[IDLEG] 0	216,40,72	MeshInstance3D	6.3x3.4x3.1	StreetIdShot/OrisonRoot/F03/F03_stairs_iron
[IDLEG] 0	232,40,72	MeshInstance3D	6.3x1.8x6.3	StreetIdShot/OrisonRoot/F03/F03_stairs_landing
[IDLEG] 0	248,40,72	MeshInstance3D	6.3x4.2x3.2	StreetIdShot/OrisonRoot/F03/F03_stairs_rail
[IDLEG] 0	8,56,72	MeshInstance3D	6.3x2.9x2.9	StreetIdShot/OrisonRoot/F03/F03_stairs_treads
[IDLEG] 0	24,56,72	MeshInstance3D	28.1x2.5x20.1	StreetIdShot/OrisonRoot/F03/F03_stone_trim
[IDLEG] 0	40,56,72	MeshInstance3D	27.3x3.2x19.3	StreetIdShot/OrisonRoot/F03/F03_trim
[IDLEG] 0	56,56,72	MeshInstance3D	14.9x0.0x10.3	StreetIdShot/OrisonRoot/F03/F03_vent_register_screws
[IDLEG] 0	72,56,72	MeshInstance3D	14.8x0.0x10.3	StreetIdShot/OrisonRoot/F03/F03_vent_register_throat
[IDLEG] 0	88,56,72	MeshInstance3D	14.9x0.0x10.3	StreetIdShot/OrisonRoot/F03/F03_vent_register_trim
[IDLEG] 0	104,56,72	MeshInstance3D	15.5x1.2x12.4	StreetIdShot/OrisonRoot/F03/F03_wainscot_subway_tile
[IDLEG] 0	120,56,72	MeshInstance3D	10.5x1.2x19.3	StreetIdShot/OrisonRoot/F03/F03_wainscot_wainscot
[IDLEG] 0	136,56,72	MeshInstance3D	27.3x3.0x19.3	StreetIdShot/OrisonRoot/F03/F03_walls
[IDLEG] 0	152,56,72	MeshInstance3D	28.0x3.2x19.7	StreetIdShot/OrisonRoot/F03/F03_walls_cbrick
[IDLEG] 0	168,56,72	MeshInstance3D	2.3x3.0x2.3	StreetIdShot/OrisonRoot/F03/F03_walls_conc
[IDLEG] 0	184,56,72	MeshInstance3D	27.3x3.2x0.4	StreetIdShot/OrisonRoot/F03/F03_walls_fbrick
[IDLEG] 0	200,56,72	MultiMeshInstance3D	24.1x0.1x16.3	StreetIdShot/OrisonRoot/F03/F03_VantryPointBatch
[IDLEG] 0	216,56,72	MultiMeshInstance3D	19.0x2.9x8.5	StreetIdShot/OrisonRoot/F03/@MultiMeshInstance3D@288
[IDLEG] 0	232,56,72	MultiMeshInstance3D	18.5x3.1x8.3	StreetIdShot/OrisonRoot/F03/@MultiMeshInstance3D@289
[IDLEG] 0	248,56,72	MeshInstance3D	0.0x0.1x0.1	StreetIdShot/OrisonRoot/F03/Projector_3B/@MeshInstance3D@771
[IDLEG] 0	8,72,72	MeshInstance3D	0.2x0.0x0.3	StreetIdShot/OrisonRoot/F03/Projector_3B/@MeshInstance3D@775
[IDLEG] 0	24,72,72	MeshInstance3D	0.1x0.0x0.0	StreetIdShot/OrisonRoot/F03/Projector_3B/@MeshInstance3D@776
[IDLEG] 0	40,72,72	MeshInstance3D	0.1x0.0x0.0	StreetIdShot/OrisonRoot/F03/Projector_3B/@MeshInstance3D@777
[IDLEG] 0	56,72,72	MeshInstance3D	0.1x0.1x0.1	StreetIdShot/OrisonRoot/F03/Projector_3B/@MeshInstance3D@778
[IDLEG] 0	72,72,72	MeshInstance3D	0.1x0.2x0.1	StreetIdShot/OrisonRoot/F03/Projector_3B/@MeshInstance3D@779
[IDLEG] 0	88,72,72	MeshInstance3D	0.1x0.2x0.1	StreetIdShot/OrisonRoot/F03/Projector_3B/@MeshInstance3D@780
[IDLEG] 0	104,72,72	MeshInstance3D	0.0x0.0x0.1	StreetIdShot/OrisonRoot/F03/Projector_3B/@MeshInstance3D@781
[IDLEG] 0	120,72,72	MeshInstance3D	0.0x0.0x0.1	StreetIdShot/OrisonRoot/F03/Projector_3B/@MeshInstance3D@782
[IDLEG] 0	136,72,72	MeshInstance3D	0.0x0.0x0.1	StreetIdShot/OrisonRoot/F03/Projector_3B/@MeshInstance3D@783
[IDLEG] 0	152,72,72	MeshInstance3D	0.0x0.0x0.1	StreetIdShot/OrisonRoot/F03/Projector_3B/@MeshInstance3D@784
[IDLEG] 0	168,72,72	MeshInstance3D	0.0x0.0x0.1	StreetIdShot/OrisonRoot/F03/Projector_3B/@MeshInstance3D@785
[IDLEG] 0	184,72,72	MeshInstance3D	0.0x0.0x0.1	StreetIdShot/OrisonRoot/F03/Projector_3B/@MeshInstance3D@786
[IDLEG] 0	200,72,72	MeshInstance3D	0.1x0.0x0.1	StreetIdShot/OrisonRoot/F03/Projector_3B/@MeshInstance3D@787
[IDLEG] 0	216,72,72	MeshInstance3D	0.1x0.1x0.1	StreetIdShot/OrisonRoot/F03/Projector_3B/@MeshInstance3D@788
[IDLEG] 0	232,72,72	MeshInstance3D	0.0x0.1x0.1	StreetIdShot/OrisonRoot/F03/Projector_3B/@MeshInstance3D@789
[IDLEG] 0	248,72,72	MeshInstance3D	0.0x0.1x0.1	StreetIdShot/OrisonRoot/F03/Projector_3B/@MeshInstance3D@790
[IDLEG] 0	8,88,72	MeshInstance3D	0.0x0.1x0.0	StreetIdShot/OrisonRoot/F03/Projector_3B/@MeshInstance3D@791
[IDLEG] 0	24,88,72	MeshInstance3D	0.0x0.0x0.0	StreetIdShot/OrisonRoot/F03/Projector_3B/@MeshInstance3D@792
[IDLEG] 0	40,88,72	MeshInstance3D	0.0x0.0x0.0	StreetIdShot/OrisonRoot/F03/Projector_3B/@MeshInstance3D@793
[IDLEG] 0	56,88,72	MeshInstance3D	0.0x0.0x0.0	StreetIdShot/OrisonRoot/F03/Projector_3B/@MeshInstance3D@794
[IDLEG] 0	72,88,72	MeshInstance3D	0.0x0.0x0.0	StreetIdShot/OrisonRoot/F03/Projector_3B/@MeshInstance3D@795
[IDLEG] 0	88,88,72	MeshInstance3D	0.0x0.0x0.0	StreetIdShot/OrisonRoot/F03/Projector_3B/@MeshInstance3D@796
[IDLEG] 0	104,88,72	MeshInstance3D	0.0x0.1x0.0	StreetIdShot/OrisonRoot/F03/Projector_3B/@MeshInstance3D@797
[IDLEG] 0	120,88,72	MeshInstance3D	0.0x0.0x0.1	StreetIdShot/OrisonRoot/F03/Projector_3B/@MeshInstance3D@798
[IDLEG] 0	136,88,72	MeshInstance3D	0.2x0.2x0.0	StreetIdShot/OrisonRoot/F03/Projector_3B/@MeshInstance3D@799
[IDLEG] 0	152,88,72	MeshInstance3D	0.2x0.2x0.0	StreetIdShot/OrisonRoot/F03/Projector_3B/@MeshInstance3D@800
[IDLEG] 0	168,88,72	MeshInstance3D	0.2x0.2x0.0	StreetIdShot/OrisonRoot/F03/Projector_3B/@MeshInstance3D@801
[IDLEG] 0	184,88,72	MeshInstance3D	0.0x0.0x0.0	StreetIdShot/OrisonRoot/F03/Projector_3B/@MeshInstance3D@802
[IDLEG] 0	200,88,72	MeshInstance3D	0.1x0.2x0.0	StreetIdShot/OrisonRoot/F03/Projector_3B/@MeshInstance3D@803
[IDLEG] 0	216,88,72	MeshInstance3D	0.0x0.0x0.1	StreetIdShot/OrisonRoot/F03/Projector_3B/@MeshInstance3D@804
[IDLEG] 0	232,88,72	MeshInstance3D	0.2x0.2x0.0	StreetIdShot/OrisonRoot/F03/Projector_3B/@MeshInstance3D@805
[IDLEG] 0	248,88,72	MeshInstance3D	0.2x0.2x0.0	StreetIdShot/OrisonRoot/F03/Projector_3B/@MeshInstance3D@806
[IDLEG] 0	8,104,72	MeshInstance3D	0.1x0.1x0.0	StreetIdShot/OrisonRoot/F03/Projector_3B/@MeshInstance3D@807
[IDLEG] 0	24,104,72	MeshInstance3D	0.0x0.0x0.0	StreetIdShot/OrisonRoot/F03/Projector_3B/@MeshInstance3D@808
[IDLEG] 0	40,104,72	MeshInstance3D	0.2x0.0x0.0	StreetIdShot/OrisonRoot/F03/Projector_3B/@MeshInstance3D@809
[IDLEG] 0	56,104,72	MeshInstance3D	0.0x0.0x0.0	StreetIdShot/OrisonRoot/F03/NPC_omar_bell/RiggedCharacter/Armature/Skeleton3D/char1
[IDLEG] 0	72,104,72	MeshInstance3D	0.0x0.0x0.0	StreetIdShot/OrisonRoot/F03/NPC_rhea_sato/RiggedCharacter/Armature/Skeleton3D/char1
[IDLEG] 0	88,104,72	MeshInstance3D	0.2x0.2x0.2	StreetIdShot/OrisonRoot/F03/AffectedProp_malcolm_memory_cutting/@MeshInstance3D@23533
[IDLEG] 0	104,104,72	MeshInstance3D	0.2x0.2x0.0	StreetIdShot/OrisonRoot/F03/AffectedProp_malcolm_memory_cutting/@MeshInstance3D@23534
[IDLEG] 0	120,104,72	MeshInstance3D	0.2x0.2x0.0	StreetIdShot/OrisonRoot/F03/AffectedProp_malcolm_memory_cutting/@MeshInstance3D@23535
[IDLEG] 0	136,104,72	MeshInstance3D	0.1x0.2x0.0	StreetIdShot/OrisonRoot/F03/AffectedProp_malcolm_memory_cutting/@MeshInstance3D@23536
[IDLEG] 0	152,104,72	MeshInstance3D	0.2x0.2x0.0	StreetIdShot/OrisonRoot/F03/AffectedProp_malcolm_memory_cutting/@MeshInstance3D@23537
[IDLEG] 0	168,104,72	MeshInstance3D	0.2x0.2x0.0	StreetIdShot/OrisonRoot/F03/AffectedProp_malcolm_memory_cutting/@MeshInstance3D@23538
[IDLEG] 0	184,104,72	MeshInstance3D	0.1x0.1x0.2	StreetIdShot/OrisonRoot/F03/AffectedProp_malcolm_empty_pot/@MeshInstance3D@23546
[IDLEG] 0	200,104,72	MeshInstance3D	0.3x0.0x0.0	StreetIdShot/OrisonRoot/F03/AffectedProp_malcolm_pruners/@MeshInstance3D@23549
[IDLEG] 0	216,104,72	MeshInstance3D	0.2x0.0x0.0	StreetIdShot/OrisonRoot/F03/AffectedProp_malcolm_pruners/@MeshInstance3D@23550
[IDLEG] 0	232,104,72	MeshInstance3D	0.4x0.3x0.2	StreetIdShot/OrisonRoot/F03/AffectedProp_omar_tool_case/@MeshInstance3D@23554
[IDLEG] 0	248,104,72	MeshInstance3D	0.1x0.0x0.0	StreetIdShot/OrisonRoot/F03/AffectedProp_omar_tool_case/@MeshInstance3D@23555
[IDLEG] 0	8,120,72	MeshInstance3D	0.3x0.2x0.2	StreetIdShot/OrisonRoot/F03/AffectedProp_omar_wrong_toaster/@MeshInstance3D@23559
[IDLEG] 0	24,120,72	MeshInstance3D	0.1x0.1x0.0	StreetIdShot/OrisonRoot/F03/AffectedProp_omar_wrong_toaster/@MeshInstance3D@23560
[IDLEG] 0	40,120,72	MeshInstance3D	0.1x0.1x0.0	StreetIdShot/OrisonRoot/F03/AffectedProp_omar_wrong_toaster/@MeshInstance3D@23561
[IDLEG] 0	56,120,72	MeshInstance3D	0.3x0.0x0.2	StreetIdShot/OrisonRoot/F03/AffectedProp_omar_unrepairable_tags/@MeshInstance3D@23566
[IDLEG] 0	72,120,72	MeshInstance3D	0.3x0.0x0.0	StreetIdShot/OrisonRoot/F03/AffectedProp_rhea_tuning_fork/@MeshInstance3D@23569
[IDLEG] 0	88,120,72	MeshInstance3D	0.2x0.0x0.0	StreetIdShot/OrisonRoot/F03/AffectedProp_rhea_tuning_fork/@MeshInstance3D@23570
[IDLEG] 0	104,120,72	MeshInstance3D	0.1x0.1x0.2	StreetIdShot/OrisonRoot/F03/AffectedProp_rhea_take_reel/@MeshInstance3D@23574
[IDLEG] 0	120,120,72	MeshInstance3D	0.1x0.1x0.1	StreetIdShot/OrisonRoot/F03/AffectedProp_rhea_take_reel/@MeshInstance3D@23575
[IDLEG] 0	136,120,72	MeshInstance3D	0.0x0.7x0.1	StreetIdShot/OrisonRoot/F03/AffectedProp_rhea_pop_filter/@MeshInstance3D@23579
[IDLEG] 0	152,120,72	MeshInstance3D	0.1x0.1x0.1	StreetIdShot/OrisonRoot/F03/AffectedProp_rhea_pop_filter/@MeshInstance3D@23580
[IDLEG] 0	168,120,72	MeshInstance3D	0.1x0.1x0.0	StreetIdShot/OrisonRoot/F03/DomesticWitness_malcolm_memory_plants/FaceRig/HourHand/@MeshInstance3D@24025
[IDLEG] 0	184,120,72	MeshInstance3D	0.1x0.0x0.0	StreetIdShot/OrisonRoot/F03/DomesticWitness_malcolm_memory_plants/FaceRig/MinuteHand/@MeshInstance3D@24026
[IDLEG] 0	200,120,72	MeshInstance3D	0.0x0.1x0.0	StreetIdShot/OrisonRoot/F03/DomesticWitness_malcolm_memory_plants/FaceRig/SecondHand/@MeshInstance3D@24027
[IDLEG] 0	216,120,72	MeshInstance3D	0.4x0.4x0.1	StreetIdShot/OrisonRoot/F03/DomesticWitness_malcolm_memory_plants/@MeshInstance3D@24030
[IDLEG] 0	232,120,72	MeshInstance3D	0.6x0.6x0.0	StreetIdShot/OrisonRoot/F03/DomesticWitness_malcolm_memory_plants/@MeshInstance3D@24031
[IDLEG] 0	248,120,72	MeshInstance3D	0.3x0.3x0.0	StreetIdShot/OrisonRoot/F03/DomesticWitness_malcolm_memory_plants/@MeshInstance3D@24032
[IDLEG] 0	8,136,72	MeshInstance3D	0.3x0.3x0.0	StreetIdShot/OrisonRoot/F03/DomesticWitness_malcolm_memory_plants/@MeshInstance3D@24033
[IDLEG] 0	24,136,72	MeshInstance3D	0.2x0.2x0.0	StreetIdShot/OrisonRoot/F03/DomesticWitness_malcolm_memory_plants/@MeshInstance3D@24034
[IDLEG] 0	40,136,72	MeshInstance3D	0.1x0.1x0.0	StreetIdShot/OrisonRoot/F03/DomesticWitness_omar_unrepairable/FaceRig/HourHand/@MeshInstance3D@24061
[IDLEG] 0	56,136,72	MeshInstance3D	0.1x0.0x0.0	StreetIdShot/OrisonRoot/F03/DomesticWitness_omar_unrepairable/FaceRig/MinuteHand/@MeshInstance3D@24062
[IDLEG] 0	72,136,72	MeshInstance3D	0.0x0.1x0.0	StreetIdShot/OrisonRoot/F03/DomesticWitness_omar_unrepairable/FaceRig/SecondHand/@MeshInstance3D@24063
[IDLEG] 0	88,136,72	MeshInstance3D	0.4x0.4x0.1	StreetIdShot/OrisonRoot/F03/DomesticWitness_omar_unrepairable/@MeshInstance3D@24066
[IDLEG] 0	104,136,72	MeshInstance3D	0.3x0.4x0.0	StreetIdShot/OrisonRoot/F03/DomesticWitness_omar_unrepairable/@MeshInstance3D@24067
[IDLEG] 0	120,136,72	MeshInstance3D	0.3x0.4x0.0	StreetIdShot/OrisonRoot/F03/DomesticWitness_omar_unrepairable/@MeshInstance3D@24068
[IDLEG] 0	136,136,72	MeshInstance3D	0.3x0.3x0.0	StreetIdShot/OrisonRoot/F03/DomesticWitness_omar_unrepairable/@MeshInstance3D@24069
[IDLEG] 0	152,136,72	MeshInstance3D	0.3x0.3x0.0	StreetIdShot/OrisonRoot/F03/DomesticWitness_omar_unrepairable/@MeshInstance3D@24070
[IDLEG] 0	168,136,72	MeshInstance3D	0.2x0.2x0.0	StreetIdShot/OrisonRoot/F03/DomesticWitness_omar_unrepairable/@MeshInstance3D@24071
[IDLEG] 0	184,136,72	MeshInstance3D	0.1x0.1x0.0	StreetIdShot/OrisonRoot/F03/DomesticWitness_rhea_bad_karaoke/FaceRig/HourHand/@MeshInstance3D@24089
[IDLEG] 0	200,136,72	MeshInstance3D	0.1x0.0x0.0	StreetIdShot/OrisonRoot/F03/DomesticWitness_rhea_bad_karaoke/FaceRig/MinuteHand/@MeshInstance3D@24090
[IDLEG] 0	216,136,72	MeshInstance3D	0.0x0.1x0.0	StreetIdShot/OrisonRoot/F03/DomesticWitness_rhea_bad_karaoke/FaceRig/SecondHand/@MeshInstance3D@24091
[IDLEG] 0	232,136,72	MeshInstance3D	0.4x0.2x0.1	StreetIdShot/OrisonRoot/F03/DomesticWitness_rhea_bad_karaoke/@MeshInstance3D@24094
[IDLEG] 0	248,136,72	MeshInstance3D	0.3x0.3x0.0	StreetIdShot/OrisonRoot/F03/DomesticWitness_rhea_bad_karaoke/@MeshInstance3D@24095
[IDLEG] 0	8,152,72	MeshInstance3D	0.3x0.3x0.0	StreetIdShot/OrisonRoot/F03/DomesticWitness_rhea_bad_karaoke/@MeshInstance3D@24096
[IDLEG] 0	24,152,72	MeshInstance3D	0.2x0.2x0.0	StreetIdShot/OrisonRoot/F03/DomesticWitness_rhea_bad_karaoke/@MeshInstance3D@24097
[IDLEG] 0	40,152,72	MeshInstance3D	0.3x0.2x0.3	StreetIdShot/OrisonRoot/F03/DomesticAnomaly_malcolm_plant/@MeshInstance3D@24380
[IDLEG] 0	56,152,72	MeshInstance3D	0.1x0.3x0.0	StreetIdShot/OrisonRoot/F03/DomesticAnomaly_malcolm_plant/@Node3D@24381/@MeshInstance3D@24382
[IDLEG] 0	72,152,72	MeshInstance3D	0.1x0.3x0.0	StreetIdShot/OrisonRoot/F03/DomesticAnomaly_malcolm_plant/@Node3D@24381/@MeshInstance3D@24383
[IDLEG] 0	88,152,72	MeshInstance3D	0.1x0.3x0.0	StreetIdShot/OrisonRoot/F03/DomesticAnomaly_malcolm_plant/@Node3D@24381/@MeshInstance3D@24384
[IDLEG] 0	104,152,72	MeshInstance3D	0.2x0.2x0.0	StreetIdShot/OrisonRoot/F03/DomesticAnomaly_malcolm_plant/@Node3D@24381/@MeshInstance3D@24385
[IDLEG] 0	120,152,72	MeshInstance3D	0.2x0.2x0.0	StreetIdShot/OrisonRoot/F03/DomesticAnomaly_malcolm_plant/@Node3D@24381/@MeshInstance3D@24386
[IDLEG] 0	136,152,72	MeshInstance3D	0.2x0.2x0.0	StreetIdShot/OrisonRoot/F03/DomesticAnomaly_malcolm_plant/@Node3D@24381/@MeshInstance3D@24387
[IDLEG] 0	152,152,72	MeshInstance3D	0.3x0.1x0.0	StreetIdShot/OrisonRoot/F03/DomesticAnomaly_malcolm_plant/@Node3D@24381/@MeshInstance3D@24388
[IDLEG] 0	168,152,72	MeshInstance3D	0.1x0.2x0.0	StreetIdShot/OrisonRoot/F03/DomesticAnomaly_omar_outlet/@MeshInstance3D@24393
[IDLEG] 0	184,152,72	MeshInstance3D	0.0x0.0x0.0	StreetIdShot/OrisonRoot/F03/DomesticAnomaly_omar_outlet/@MeshInstance3D@24394
[IDLEG] 0	200,152,72	MeshInstance3D	0.0x0.0x0.0	StreetIdShot/OrisonRoot/F03/DomesticAnomaly_omar_outlet/@MeshInstance3D@24395
[IDLEG] 0	216,152,72	MeshInstance3D	0.0x0.0x0.0	StreetIdShot/OrisonRoot/F03/DomesticAnomaly_omar_outlet/@MeshInstance3D@24396
[IDLEG] 0	232,152,72	MeshInstance3D	0.0x0.0x0.0	StreetIdShot/OrisonRoot/F03/DomesticAnomaly_omar_outlet/@MeshInstance3D@24397
[IDLEG] 0	248,152,72	MeshInstance3D	0.4x0.1x0.3	StreetIdShot/OrisonRoot/F03/DomesticAnomaly_rhea_telephone/@MeshInstance3D@24403
[IDLEG] 0	8,168,72	MeshInstance3D	0.3x0.1x0.2	StreetIdShot/OrisonRoot/F03/DomesticAnomaly_rhea_telephone/@MeshInstance3D@24404
[IDLEG] 0	24,168,72	MeshInstance3D	0.0x0.0x0.0	StreetIdShot/OrisonRoot/F03/DomesticAnomaly_rhea_telephone/@MeshInstance3D@24405
[IDLEG] 0	40,168,72	MeshInstance3D	0.0x0.0x0.0	StreetIdShot/OrisonRoot/F03/DomesticAnomaly_rhea_telephone/@MeshInstance3D@24406
[IDLEG] 0	56,168,72	MeshInstance3D	0.0x0.0x0.0	StreetIdShot/OrisonRoot/F03/DomesticAnomaly_rhea_telephone/@MeshInstance3D@24407
[IDLEG] 0	72,168,72	MeshInstance3D	0.0x0.0x0.0	StreetIdShot/OrisonRoot/F03/DomesticAnomaly_rhea_telephone/@MeshInstance3D@24408
[IDLEG] 0	88,168,72	MeshInstance3D	0.0x0.0x0.0	StreetIdShot/OrisonRoot/F03/DomesticAnomaly_rhea_telephone/@MeshInstance3D@24409
[IDLEG] 0	104,168,72	MeshInstance3D	0.0x0.0x0.0	StreetIdShot/OrisonRoot/F03/DomesticAnomaly_rhea_telephone/@MeshInstance3D@24410
[IDLEG] 0	120,168,72	MeshInstance3D	0.0x0.7x0.7	StreetIdShot/OrisonRoot/F03/MemoryArt_malcolm_cutting/@MeshInstance3D@24552
[IDLEG] 0	136,168,72	MeshInstance3D	0.0x0.0x0.8	StreetIdShot/OrisonRoot/F03/MemoryArt_malcolm_cutting/@MeshInstance3D@24553
[IDLEG] 0	152,168,72	MeshInstance3D	0.0x0.0x0.8	StreetIdShot/OrisonRoot/F03/MemoryArt_malcolm_cutting/@MeshInstance3D@24554
[IDLEG] 0	168,168,72	MeshInstance3D	0.0x0.7x0.0	StreetIdShot/OrisonRoot/F03/MemoryArt_malcolm_cutting/@MeshInstance3D@24555
[IDLEG] 0	184,168,72	MeshInstance3D	0.0x0.7x0.0	StreetIdShot/OrisonRoot/F03/MemoryArt_malcolm_cutting/@MeshInstance3D@24556
[IDLEG] 0	200,168,72	MeshInstance3D	0.7x0.7x0.0	StreetIdShot/OrisonRoot/F03/MemoryArt_omar_radio/@MeshInstance3D@24558
[IDLEG] 0	216,168,72	MeshInstance3D	0.8x0.0x0.0	StreetIdShot/OrisonRoot/F03/MemoryArt_omar_radio/@MeshInstance3D@24559
[IDLEG] 0	232,168,72	MeshInstance3D	0.8x0.0x0.0	StreetIdShot/OrisonRoot/F03/MemoryArt_omar_radio/@MeshInstance3D@24560
[IDLEG] 0	248,168,72	MeshInstance3D	0.0x0.7x0.0	StreetIdShot/OrisonRoot/F03/MemoryArt_omar_radio/@MeshInstance3D@24561
[IDLEG] 0	8,184,72	MeshInstance3D	0.0x0.7x0.0	StreetIdShot/OrisonRoot/F03/MemoryArt_omar_radio/@MeshInstance3D@24562
[IDLEG] 0	24,184,72	MeshInstance3D	0.0x0.7x0.7	StreetIdShot/OrisonRoot/F03/MemoryArt_rhea_before_stage/@MeshInstance3D@24564
[IDLEG] 0	40,184,72	MeshInstance3D	0.0x0.0x0.8	StreetIdShot/OrisonRoot/F03/MemoryArt_rhea_before_stage/@MeshInstance3D@24565
[IDLEG] 0	56,184,72	MeshInstance3D	0.0x0.0x0.8	StreetIdShot/OrisonRoot/F03/MemoryArt_rhea_before_stage/@MeshInstance3D@24566
[IDLEG] 0	72,184,72	MeshInstance3D	0.0x0.7x0.0	StreetIdShot/OrisonRoot/F03/MemoryArt_rhea_before_stage/@MeshInstance3D@24567
[IDLEG] 0	88,184,72	MeshInstance3D	0.0x0.7x0.0	StreetIdShot/OrisonRoot/F03/MemoryArt_rhea_before_stage/@MeshInstance3D@24568
[IDLEG] 0	104,184,72	MeshInstance3D	0.7x0.7x0.0	StreetIdShot/OrisonRoot/F03/WallArt_malcolm_propagation_plate/@MeshInstance3D@24674
[IDLEG] 0	120,184,72	MeshInstance3D	0.8x0.0x0.0	StreetIdShot/OrisonRoot/F03/WallArt_malcolm_propagation_plate/@MeshInstance3D@24675
[IDLEG] 0	136,184,72	MeshInstance3D	0.8x0.0x0.0	StreetIdShot/OrisonRoot/F03/WallArt_malcolm_propagation_plate/@MeshInstance3D@24676
[IDLEG] 0	152,184,72	MeshInstance3D	0.0x0.7x0.0	StreetIdShot/OrisonRoot/F03/WallArt_malcolm_propagation_plate/@MeshInstance3D@24677
[IDLEG] 0	168,184,72	MeshInstance3D	0.0x0.7x0.0	StreetIdShot/OrisonRoot/F03/WallArt_malcolm_propagation_plate/@MeshInstance3D@24678
[IDLEG] 0	184,184,72	MeshInstance3D	0.0x0.7x0.7	StreetIdShot/OrisonRoot/F03/WallArt_omar_repair_manual/@MeshInstance3D@24680
[IDLEG] 0	200,184,72	MeshInstance3D	0.0x0.0x0.8	StreetIdShot/OrisonRoot/F03/WallArt_omar_repair_manual/@MeshInstance3D@24681
[IDLEG] 0	216,184,72	MeshInstance3D	0.0x0.0x0.8	StreetIdShot/OrisonRoot/F03/WallArt_omar_repair_manual/@MeshInstance3D@24682
[IDLEG] 0	232,184,72	MeshInstance3D	0.0x0.7x0.0	StreetIdShot/OrisonRoot/F03/WallArt_omar_repair_manual/@MeshInstance3D@24683
[IDLEG] 0	248,184,72	MeshInstance3D	0.0x0.7x0.0	StreetIdShot/OrisonRoot/F03/WallArt_omar_repair_manual/@MeshInstance3D@24684
[IDLEG] 0	8,200,72	MeshInstance3D	0.7x0.7x0.0	StreetIdShot/OrisonRoot/F03/WallArt_rhea_one_bad_note/@MeshInstance3D@24686
[IDLEG] 0	24,200,72	MeshInstance3D	0.8x0.0x0.0	StreetIdShot/OrisonRoot/F03/WallArt_rhea_one_bad_note/@MeshInstance3D@24687
[IDLEG] 0	40,200,72	MeshInstance3D	0.8x0.0x0.0	StreetIdShot/OrisonRoot/F03/WallArt_rhea_one_bad_note/@MeshInstance3D@24688
[IDLEG] 0	56,200,72	MeshInstance3D	0.0x0.7x0.0	StreetIdShot/OrisonRoot/F03/WallArt_rhea_one_bad_note/@MeshInstance3D@24689
[IDLEG] 0	72,200,72	MeshInstance3D	0.0x0.7x0.0	StreetIdShot/OrisonRoot/F03/WallArt_rhea_one_bad_note/@MeshInstance3D@24690
[IDLEG] 0	88,200,72	MeshInstance3D	0.0x0.7x0.7	StreetIdShot/OrisonRoot/F03/MemoryArt_third_rooftop_party/@MeshInstance3D@24788
[IDLEG] 0	104,200,72	MeshInstance3D	0.0x0.0x0.8	StreetIdShot/OrisonRoot/F03/MemoryArt_third_rooftop_party/@MeshInstance3D@24789
[IDLEG] 0	120,200,72	MeshInstance3D	0.0x0.0x0.8	StreetIdShot/OrisonRoot/F03/MemoryArt_third_rooftop_party/@MeshInstance3D@24790
[IDLEG] 0	136,200,72	MeshInstance3D	0.0x0.7x0.0	StreetIdShot/OrisonRoot/F03/MemoryArt_third_rooftop_party/@MeshInstance3D@24791
[IDLEG] 0	152,200,72	MeshInstance3D	0.0x0.7x0.0	StreetIdShot/OrisonRoot/F03/MemoryArt_third_rooftop_party/@MeshInstance3D@24792
[IDLEG] 0	168,200,72	MeshInstance3D	0.0x0.7x0.7	StreetIdShot/OrisonRoot/F03/MemoryArt_malcolm_rembrandt/@MeshInstance3D@24884
[IDLEG] 0	184,200,72	MeshInstance3D	0.0x0.0x0.8	StreetIdShot/OrisonRoot/F03/MemoryArt_malcolm_rembrandt/@MeshInstance3D@24885
[IDLEG] 0	200,200,72	MeshInstance3D	0.0x0.0x0.8	StreetIdShot/OrisonRoot/F03/MemoryArt_malcolm_rembrandt/@MeshInstance3D@24886
[IDLEG] 0	216,200,72	MeshInstance3D	0.0x0.7x0.0	StreetIdShot/OrisonRoot/F03/MemoryArt_malcolm_rembrandt/@MeshInstance3D@24887
[IDLEG] 0	232,200,72	MeshInstance3D	0.0x0.7x0.0	StreetIdShot/OrisonRoot/F03/MemoryArt_malcolm_rembrandt/@MeshInstance3D@24888
[IDLEG] 0	248,200,72	MeshInstance3D	0.7x0.7x0.0	StreetIdShot/OrisonRoot/F03/MemoryArt_omar_vaudeville/@MeshInstance3D@24890
[IDLEG] 0	8,216,72	MeshInstance3D	0.8x0.0x0.0	StreetIdShot/OrisonRoot/F03/MemoryArt_omar_vaudeville/@MeshInstance3D@24891
[IDLEG] 0	24,216,72	MeshInstance3D	0.8x0.0x0.0	StreetIdShot/OrisonRoot/F03/MemoryArt_omar_vaudeville/@MeshInstance3D@24892
[IDLEG] 0	40,216,72	MeshInstance3D	0.0x0.7x0.0	StreetIdShot/OrisonRoot/F03/MemoryArt_omar_vaudeville/@MeshInstance3D@24893
[IDLEG] 0	56,216,72	MeshInstance3D	0.0x0.7x0.0	StreetIdShot/OrisonRoot/F03/MemoryArt_omar_vaudeville/@MeshInstance3D@24894
[IDLEG] 0	72,216,72	MeshInstance3D	0.0x0.7x0.7	StreetIdShot/OrisonRoot/F03/MemoryArt_rhea_dunes/@MeshInstance3D@24896
[IDLEG] 0	88,216,72	MeshInstance3D	0.0x0.0x0.8	StreetIdShot/OrisonRoot/F03/MemoryArt_rhea_dunes/@MeshInstance3D@24897
[IDLEG] 0	104,216,72	MeshInstance3D	0.0x0.0x0.8	StreetIdShot/OrisonRoot/F03/MemoryArt_rhea_dunes/@MeshInstance3D@24898
[IDLEG] 0	120,216,72	MeshInstance3D	0.0x0.7x0.0	StreetIdShot/OrisonRoot/F03/MemoryArt_rhea_dunes/@MeshInstance3D@24899
[IDLEG] 0	136,216,72	MeshInstance3D	0.0x0.7x0.0	StreetIdShot/OrisonRoot/F03/MemoryArt_rhea_dunes/@MeshInstance3D@24900
[IDLEG] 0	152,216,72	MeshInstance3D	27.3x0.0x19.3	StreetIdShot/OrisonRoot/F04/F04_ceiling_plaster
[IDLEG] 0	168,216,72	MeshInstance3D	27.3x0.0x19.3	StreetIdShot/OrisonRoot/F04/F04_ceiling_plaster_stained
[IDLEG] 0	184,216,72	MeshInstance3D	10.7x0.0x19.3	StreetIdShot/OrisonRoot/F04/F04_ceiling_tin_ceiling
[IDLEG] 0	200,216,72	MeshInstance3D	15.4x0.0x13.1	StreetIdShot/OrisonRoot/F04/F04_floors_ceramic
[IDLEG] 0	216,216,72	MeshInstance3D	6.5x0.0x3.5	StreetIdShot/OrisonRoot/F04/F04_floors_concrete
[IDLEG] 0	232,216,72	MeshInstance3D	27.3x0.0x19.3	StreetIdShot/OrisonRoot/F04/F04_floors_floor_oak
[IDLEG] 0	248,216,72	MeshInstance3D	10.7x0.0x19.3	StreetIdShot/OrisonRoot/F04/F04_floors_terrazzo
[IDLEG] 0	8,232,72	MeshInstance3D	0.6x1.0x0.0	StreetIdShot/OrisonRoot/F04/F04_furnish_bakelite
[IDLEG] 0	24,232,72	MeshInstance3D	23.5x0.1x15.6	StreetIdShot/OrisonRoot/F04/F04_furnish_bakelite_black
[IDLEG] 0	40,232,72	MeshInstance3D	17.5x1.6x6.2	StreetIdShot/OrisonRoot/F04/F04_furnish_book_brown
[IDLEG] 0	56,232,72	MeshInstance3D	20.4x1.6x6.2	StreetIdShot/OrisonRoot/F04/F04_furnish_book_burgundy
[IDLEG] 0	72,232,72	MeshInstance3D	20.4x1.6x6.2	StreetIdShot/OrisonRoot/F04/F04_furnish_book_green
[IDLEG] 0	88,232,72	MeshInstance3D	20.5x1.6x6.2	StreetIdShot/OrisonRoot/F04/F04_furnish_book_navy
[IDLEG] 0	104,232,72	MeshInstance3D	17.5x1.6x6.2	StreetIdShot/OrisonRoot/F04/F04_furnish_book_ochre
[IDLEG] 0	120,232,72	MeshInstance3D	15.6x1.6x6.2	StreetIdShot/OrisonRoot/F04/F04_furnish_book_teal
[IDLEG] 0	136,232,72	MeshInstance3D	26.7x3.2x18.1	StreetIdShot/OrisonRoot/F04/F04_furnish_brass
[IDLEG] 0	152,232,72	MeshInstance3D	23.5x0.1x15.6	StreetIdShot/OrisonRoot/F04/F04_furnish_brass_bright
[IDLEG] 0	168,232,72	MeshInstance3D	23.5x0.1x15.6	StreetIdShot/OrisonRoot/F04/F04_furnish_brass_dull
[IDLEG] 0	184,232,72	MeshInstance3D	0.1x0.1x0.1	StreetIdShot/OrisonRoot/F04/F04_furnish_ceramic
[IDLEG] 0	200,232,72	MeshInstance3D	19.8x0.8x11.8	StreetIdShot/OrisonRoot/F04/F04_furnish_chrome
[IDLEG] 0	216,232,72	MeshInstance3D	18.2x0.1x3.9	StreetIdShot/OrisonRoot/F04/F04_furnish_countertop
[IDLEG] 0	232,232,72	MeshInstance3D	2.5x0.7x0.9	StreetIdShot/OrisonRoot/F04/F04_furnish_fabric_cool
[IDLEG] 0	248,232,72	MeshInstance3D	6.5x0.7x7.4	StreetIdShot/OrisonRoot/F04/F04_furnish_fabric_green
[IDLEG] 0	8,248,72	MeshInstance3D	25.7x0.1x1.6	StreetIdShot/OrisonRoot/F04/F04_furnish_fabric_warm
[IDLEG] 0	24,248,72	MeshInstance3D	23.2x1.8x15.9	StreetIdShot/OrisonRoot/F04/F04_furnish_floor_oak
[IDLEG] 0	40,248,72	MeshInstance3D	26.4x0.2x18.1	StreetIdShot/OrisonRoot/F04/F04_furnish_linen
[IDLEG] 0	56,248,72	MeshInstance3D	26.7x3.0x13.6	StreetIdShot/OrisonRoot/F04/F04_furnish_metal
[IDLEG] 0	72,248,72	MeshInstance3D	18.8x0.1x11.0	StreetIdShot/OrisonRoot/F04/F04_furnish_nickel_plated
[IDLEG] 0	88,248,72	MeshInstance3D	7.3x1.9x8.2	StreetIdShot/OrisonRoot/F04/F04_furnish_oak_quartered
[IDLEG] 0	104,248,72	MeshInstance3D	27.3x1.8x17.9	StreetIdShot/OrisonRoot/F04/F04_furnish_paper
[IDLEG] 0	120,248,72	MeshInstance3D	19.5x1.1x14.6	StreetIdShot/OrisonRoot/F04/F04_furnish_porcelain
[IDLEG] 0	136,248,72	MeshInstance3D	25.9x1.6x15.6	StreetIdShot/OrisonRoot/F04/F04_furnish_soot
[IDLEG] 0	152,248,72	MeshInstance3D	27.4x1.9x10.4	StreetIdShot/OrisonRoot/F04/F04_furnish_timber
[IDLEG] 0	168,248,72	MeshInstance3D	20.1x2.2x11.8	StreetIdShot/OrisonRoot/F04/F04_furnish_trim
[IDLEG] 0	184,248,72	MeshInstance3D	27.4x2.0x18.2	StreetIdShot/OrisonRoot/F04/F04_furnish_wood_dark
[IDLEG] 0	200,248,72	MeshInstance3D	25.1x0.9x12.7	StreetIdShot/OrisonRoot/F04/F04_furniture_art
[IDLEG] 0	216,248,72	MeshInstance3D	10.9x1.3x13.5	StreetIdShot/OrisonRoot/F04/F04_furniture_brass
[IDLEG] 0	232,248,72	MeshInstance3D	19.5x0.0x7.1	StreetIdShot/OrisonRoot/F04/F04_furniture_brass_dull
[IDLEG] 0	248,248,72	MeshInstance3D	0.7x0.6x0.3	StreetIdShot/OrisonRoot/F04/F04_furniture_cast_iron
[IDLEG] 0	8,8,88	MeshInstance3D	9.6x0.5x3.1	StreetIdShot/OrisonRoot/F04/F04_furniture_ceramic
[IDLEG] 0	24,8,88	MeshInstance3D	15.2x0.0x10.6	StreetIdShot/OrisonRoot/F04/F04_furniture_chrome
[IDLEG] 0	40,8,88	MeshInstance3D	1.3x0.0x0.6	StreetIdShot/OrisonRoot/F04/F04_furniture_countertop
[IDLEG] 0	56,8,88	MeshInstance3D	1.3x0.0x1.3	StreetIdShot/OrisonRoot/F04/F04_furniture_fabric_cool
[IDLEG] 0	72,8,88	MeshInstance3D	0.6x0.0x1.3	StreetIdShot/OrisonRoot/F04/F04_furniture_floor_oak
[IDLEG] 0	88,8,88	MeshInstance3D	10.9x1.0x13.5	StreetIdShot/OrisonRoot/F04/F04_furniture_indicator_enamel
[IDLEG] 0	104,8,88	MeshInstance3D	21.0x1.0x13.9	StreetIdShot/OrisonRoot/F04/F04_furniture_linen
[IDLEG] 0	120,8,88	MeshInstance3D	19.5x0.0x12.4	StreetIdShot/OrisonRoot/F04/F04_furniture_linoleum
[IDLEG] 0	136,8,88	MeshInstance3D	28.6x1.8x4.3	StreetIdShot/OrisonRoot/F04/F04_furniture_metal
[IDLEG] 0	152,8,88	MeshInstance3D	1.5x0.1x5.9	StreetIdShot/OrisonRoot/F04/F04_furniture_paper
[IDLEG] 0	168,8,88	MeshInstance3D	28.0x0.9x16.0	StreetIdShot/OrisonRoot/F04/F04_furniture_plaster_stained
[IDLEG] 0	184,8,88	MeshInstance3D	1.2x0.0x1.5	StreetIdShot/OrisonRoot/F04/F04_furniture_rug_cool
[IDLEG] 0	200,8,88	MeshInstance3D	6.6x1.5x4.1	StreetIdShot/OrisonRoot/F04/F04_furniture_rug_warm
[IDLEG] 0	216,8,88	MeshInstance3D	0.7x0.5x0.0	StreetIdShot/OrisonRoot/F04/F04_furniture_subway_tile
[IDLEG] 0	232,8,88	MeshInstance3D	8.1x4.4x4.4	StreetIdShot/OrisonRoot/F04/F04_furniture_timber
[IDLEG] 0	248,8,88	MeshInstance3D	27.6x2.6x19.6	StreetIdShot/OrisonRoot/F04/F04_furniture_trim
[IDLEG] 0	8,24,88	MeshInstance3D	25.2x0.9x12.7	StreetIdShot/OrisonRoot/F04/F04_furniture_wood_dark
[IDLEG] 0	24,24,88	MeshInstance3D	27.9x0.2x19.9	StreetIdShot/OrisonRoot/F04/F04_slabs
[IDLEG] 0	40,24,88	MeshInstance3D	6.3x3.2x2.9	StreetIdShot/OrisonRoot/F04/F04_stairs
[IDLEG] 0	56,24,88	MeshInstance3D	3.1x3.9x3.1	StreetIdShot/OrisonRoot/F04/F04_stairs_bal
[IDLEG] 0	72,24,88	MeshInstance3D	6.2x3.4x3.1	StreetIdShot/OrisonRoot/F04/F04_stairs_brass
[IDLEG] 0	88,24,88	MeshInstance3D	6.3x3.4x3.1	StreetIdShot/OrisonRoot/F04/F04_stairs_iron
[IDLEG] 0	104,24,88	MeshInstance3D	6.3x1.8x6.3	StreetIdShot/OrisonRoot/F04/F04_stairs_landing
[IDLEG] 0	120,24,88	MeshInstance3D	6.3x4.2x3.2	StreetIdShot/OrisonRoot/F04/F04_stairs_rail
[IDLEG] 0	136,24,88	MeshInstance3D	6.3x2.9x2.9	StreetIdShot/OrisonRoot/F04/F04_stairs_treads
[IDLEG] 0	152,24,88	MeshInstance3D	28.1x2.5x20.1	StreetIdShot/OrisonRoot/F04/F04_stone_trim
[IDLEG] 0	168,24,88	MeshInstance3D	27.4x3.2x19.4	StreetIdShot/OrisonRoot/F04/F04_trim
[IDLEG] 0	184,24,88	MeshInstance3D	14.9x0.0x11.0	StreetIdShot/OrisonRoot/F04/F04_vent_register_screws
[IDLEG] 0	200,24,88	MeshInstance3D	14.8x0.0x11.0	StreetIdShot/OrisonRoot/F04/F04_vent_register_throat
[IDLEG] 0	216,24,88	MeshInstance3D	14.9x0.0x11.1	StreetIdShot/OrisonRoot/F04/F04_vent_register_trim
[IDLEG] 0	232,24,88	MeshInstance3D	15.5x1.2x13.1	StreetIdShot/OrisonRoot/F04/F04_wainscot_subway_tile
[IDLEG] 0	248,24,88	MeshInstance3D	10.5x1.2x19.3	StreetIdShot/OrisonRoot/F04/F04_wainscot_wainscot
[IDLEG] 0	8,40,88	MeshInstance3D	27.3x3.0x19.3	StreetIdShot/OrisonRoot/F04/F04_walls
[IDLEG] 0	24,40,88	MeshInstance3D	28.0x3.2x19.7	StreetIdShot/OrisonRoot/F04/F04_walls_cbrick
[IDLEG] 0	40,40,88	MeshInstance3D	2.3x3.0x2.3	StreetIdShot/OrisonRoot/F04/F04_walls_conc
[IDLEG] 0	56,40,88	MeshInstance3D	27.3x3.2x0.3	StreetIdShot/OrisonRoot/F04/F04_walls_fbrick
[IDLEG] 0	72,40,88	MultiMeshInstance3D	24.1x0.1x16.3	StreetIdShot/OrisonRoot/F04/F04_VantryPointBatch
[IDLEG] 0	88,40,88	MultiMeshInstance3D	21.1x2.9x6.1	StreetIdShot/OrisonRoot/F04/@MultiMeshInstance3D@290
[IDLEG] 0	104,40,88	MultiMeshInstance3D	20.6x3.1x5.9	StreetIdShot/OrisonRoot/F04/@MultiMeshInstance3D@291
[IDLEG] 0	120,40,88	MeshInstance3D	0.1x0.1x0.0	StreetIdShot/OrisonRoot/F04/Projector_4B/@MeshInstance3D@817
[IDLEG] 0	136,40,88	MeshInstance3D	0.3x0.0x0.2	StreetIdShot/OrisonRoot/F04/Projector_4B/@MeshInstance3D@821
[IDLEG] 0	152,40,88	MeshInstance3D	0.0x0.0x0.2	StreetIdShot/OrisonRoot/F04/Projector_4B/@MeshInstance3D@822
[IDLEG] 0	168,40,88	MeshInstance3D	0.0x0.0x0.2	StreetIdShot/OrisonRoot/F04/Projector_4B/@MeshInstance3D@823
[IDLEG] 0	184,40,88	MeshInstance3D	0.1x0.1x0.1	StreetIdShot/OrisonRoot/F04/Projector_4B/@MeshInstance3D@824
[IDLEG] 0	200,40,88	MeshInstance3D	0.1x0.2x0.1	StreetIdShot/OrisonRoot/F04/Projector_4B/@MeshInstance3D@825
[IDLEG] 0	216,40,88	MeshInstance3D	0.1x0.2x0.1	StreetIdShot/OrisonRoot/F04/Projector_4B/@MeshInstance3D@826
[IDLEG] 0	232,40,88	MeshInstance3D	0.1x0.0x0.0	StreetIdShot/OrisonRoot/F04/Projector_4B/@MeshInstance3D@827
[IDLEG] 0	248,40,88	MeshInstance3D	0.1x0.0x0.0	StreetIdShot/OrisonRoot/F04/Projector_4B/@MeshInstance3D@828
[IDLEG] 0	8,56,88	MeshInstance3D	0.1x0.0x0.0	StreetIdShot/OrisonRoot/F04/Projector_4B/@MeshInstance3D@829
[IDLEG] 0	24,56,88	MeshInstance3D	0.1x0.0x0.0	StreetIdShot/OrisonRoot/F04/Projector_4B/@MeshInstance3D@830
[IDLEG] 0	40,56,88	MeshInstance3D	0.1x0.0x0.0	StreetIdShot/OrisonRoot/F04/Projector_4B/@MeshInstance3D@831
[IDLEG] 0	56,56,88	MeshInstance3D	0.1x0.0x0.0	StreetIdShot/OrisonRoot/F04/Projector_4B/@MeshInstance3D@832
[IDLEG] 0	72,56,88	MeshInstance3D	0.1x0.0x0.1	StreetIdShot/OrisonRoot/F04/Projector_4B/@MeshInstance3D@833
[IDLEG] 0	88,56,88	MeshInstance3D	0.1x0.1x0.1	StreetIdShot/OrisonRoot/F04/Projector_4B/@MeshInstance3D@834
[IDLEG] 0	104,56,88	MeshInstance3D	0.1x0.1x0.0	StreetIdShot/OrisonRoot/F04/Projector_4B/@MeshInstance3D@835
[IDLEG] 0	120,56,88	MeshInstance3D	0.1x0.1x0.0	StreetIdShot/OrisonRoot/F04/Projector_4B/@MeshInstance3D@836
[IDLEG] 0	136,56,88	MeshInstance3D	0.0x0.1x0.0	StreetIdShot/OrisonRoot/F04/Projector_4B/@MeshInstance3D@837
[IDLEG] 0	152,56,88	MeshInstance3D	0.0x0.0x0.0	StreetIdShot/OrisonRoot/F04/Projector_4B/@MeshInstance3D@838
[IDLEG] 0	168,56,88	MeshInstance3D	0.0x0.0x0.0	StreetIdShot/OrisonRoot/F04/Projector_4B/@MeshInstance3D@839
[IDLEG] 0	184,56,88	MeshInstance3D	0.0x0.0x0.0	StreetIdShot/OrisonRoot/F04/Projector_4B/@MeshInstance3D@840
[IDLEG] 0	200,56,88	MeshInstance3D	0.0x0.0x0.0	StreetIdShot/OrisonRoot/F04/Projector_4B/@MeshInstance3D@841
[IDLEG] 0	216,56,88	MeshInstance3D	0.0x0.0x0.0	StreetIdShot/OrisonRoot/F04/Projector_4B/@MeshInstance3D@842
[IDLEG] 0	232,56,88	MeshInstance3D	0.0x0.1x0.0	StreetIdShot/OrisonRoot/F04/Projector_4B/@MeshInstance3D@843
[IDLEG] 0	248,56,88	MeshInstance3D	0.0x0.0x0.0	StreetIdShot/OrisonRoot/F04/Projector_4B/@MeshInstance3D@844
[IDLEG] 0	8,72,88	MeshInstance3D	0.0x0.2x0.2	StreetIdShot/OrisonRoot/F04/Projector_4B/@MeshInstance3D@845
[IDLEG] 0	24,72,88	MeshInstance3D	0.0x0.2x0.2	StreetIdShot/OrisonRoot/F04/Projector_4B/@MeshInstance3D@846
[IDLEG] 0	40,72,88	MeshInstance3D	0.0x0.2x0.2	StreetIdShot/OrisonRoot/F04/Projector_4B/@MeshInstance3D@847
[IDLEG] 0	56,72,88	MeshInstance3D	0.0x0.0x0.0	StreetIdShot/OrisonRoot/F04/Projector_4B/@MeshInstance3D@848
[IDLEG] 0	72,72,88	MeshInstance3D	0.0x0.2x0.1	StreetIdShot/OrisonRoot/F04/Projector_4B/@MeshInstance3D@849
[IDLEG] 0	88,72,88	MeshInstance3D	0.0x0.0x0.0	StreetIdShot/OrisonRoot/F04/Projector_4B/@MeshInstance3D@850
[IDLEG] 0	104,72,88	MeshInstance3D	0.0x0.2x0.2	StreetIdShot/OrisonRoot/F04/Projector_4B/@MeshInstance3D@851
[IDLEG] 0	120,72,88	MeshInstance3D	0.0x0.2x0.2	StreetIdShot/OrisonRoot/F04/Projector_4B/@MeshInstance3D@852
[IDLEG] 0	136,72,88	MeshInstance3D	0.0x0.1x0.1	StreetIdShot/OrisonRoot/F04/Projector_4B/@MeshInstance3D@853
[IDLEG] 0	152,72,88	MeshInstance3D	0.0x0.0x0.0	StreetIdShot/OrisonRoot/F04/Projector_4B/@MeshInstance3D@854
[IDLEG] 0	168,72,88	MeshInstance3D	0.0x0.0x0.2	StreetIdShot/OrisonRoot/F04/Projector_4B/@MeshInstance3D@855
[IDLEG] 0	184,72,88	MeshInstance3D	0.0x0.0x0.0	StreetIdShot/OrisonRoot/F04/NPC_peter_wren/RiggedCharacter/Armature/Skeleton3D/char1
[IDLEG] 0	200,72,88	MeshInstance3D	0.0x0.0x0.0	StreetIdShot/OrisonRoot/F04/NPC_cam_ortiz/RiggedCharacter/Armature/Skeleton3D/char1
[IDLEG] 0	216,72,88	MeshInstance3D	0.3x0.0x0.2	StreetIdShot/OrisonRoot/F04/AffectedProp_peter_infinite_forms/@MeshInstance3D@23584
[IDLEG] 0	232,72,88	MeshInstance3D	0.3x0.0x0.2	StreetIdShot/OrisonRoot/F04/AffectedProp_peter_infinite_forms/@MeshInstance3D@23585
[IDLEG] 0	248,72,88	MeshInstance3D	0.3x0.0x0.2	StreetIdShot/OrisonRoot/F04/AffectedProp_peter_infinite_forms/@MeshInstance3D@23586
[IDLEG] 0	8,88,88	MeshInstance3D	0.3x0.2x0.2	StreetIdShot/OrisonRoot/F04/AffectedProp_peter_notary_stamp/@MeshInstance3D@23591
[IDLEG] 0	24,88,88	MeshInstance3D	0.4x0.3x0.2	StreetIdShot/OrisonRoot/F04/AffectedProp_peter_document_case/@MeshInstance3D@23594
[IDLEG] 0	40,88,88	MeshInstance3D	0.1x0.0x0.0	StreetIdShot/OrisonRoot/F04/AffectedProp_peter_document_case/@MeshInstance3D@23595
[IDLEG] 0	56,88,88	MeshInstance3D	0.2x0.2x0.2	StreetIdShot/OrisonRoot/F04/AffectedProp_cam_courier_helmet/@MeshInstance3D@23599
[IDLEG] 0	72,88,88	MeshInstance3D	0.1x0.0x0.1	StreetIdShot/OrisonRoot/F04/AffectedProp_cam_rubber_wedges/@MeshInstance3D@23602
[IDLEG] 0	88,88,88	MeshInstance3D	0.1x0.0x0.1	StreetIdShot/OrisonRoot/F04/AffectedProp_cam_rubber_wedges/@MeshInstance3D@23603
[IDLEG] 0	104,88,88	MeshInstance3D	0.1x0.0x0.1	StreetIdShot/OrisonRoot/F04/AffectedProp_cam_rubber_wedges/@MeshInstance3D@23604
[IDLEG] 0	120,88,88	MeshInstance3D	0.1x0.0x0.1	StreetIdShot/OrisonRoot/F04/AffectedProp_cam_rubber_wedges/@MeshInstance3D@23605
[IDLEG] 0	136,88,88	MeshInstance3D	0.4x0.3x0.2	StreetIdShot/OrisonRoot/F04/AffectedProp_cam_courier_bag/@MeshInstance3D@23611
[IDLEG] 0	152,88,88	MeshInstance3D	0.1x0.0x0.0	StreetIdShot/OrisonRoot/F04/AffectedProp_cam_courier_bag/@MeshInstance3D@23612
[IDLEG] 0	168,88,88	MeshInstance3D	0.4x0.3x0.2	StreetIdShot/OrisonRoot/F04/AffectedProp_noel_artifact_box/@MeshInstance3D@23616
[IDLEG] 0	184,88,88	MeshInstance3D	0.1x0.0x0.0	StreetIdShot/OrisonRoot/F04/AffectedProp_noel_artifact_box/@MeshInstance3D@23617
[IDLEG] 0	200,88,88	MeshInstance3D	0.3x0.0x0.2	StreetIdShot/OrisonRoot/F04/AffectedProp_noel_catalog_gloves/@MeshInstance3D@23621
[IDLEG] 0	216,88,88	MeshInstance3D	0.3x0.0x0.2	StreetIdShot/OrisonRoot/F04/AffectedProp_noel_museum_label/@MeshInstance3D@23624
[IDLEG] 0	232,88,88	MeshInstance3D	0.4x0.3x0.2	StreetIdShot/OrisonRoot/F04/AffectedProp_guest_mismatched_luggage/@MeshInstance3D@23627
[IDLEG] 0	248,88,88	MeshInstance3D	0.1x0.0x0.0	StreetIdShot/OrisonRoot/F04/AffectedProp_guest_mismatched_luggage/@MeshInstance3D@23628
[IDLEG] 0	8,104,88	MeshInstance3D	0.3x0.0x0.2	StreetIdShot/OrisonRoot/F04/AffectedProp_guest_keycards/@MeshInstance3D@23632
[IDLEG] 0	24,104,88	MeshInstance3D	0.3x0.0x0.2	StreetIdShot/OrisonRoot/F04/AffectedProp_guest_hotel_towel/@MeshInstance3D@23635
[IDLEG] 0	40,104,88	MeshInstance3D	0.2x0.0x0.1	StreetIdShot/OrisonRoot/F04/AffectedProp_storage_portal_tags/@MeshInstance3D@23822
[IDLEG] 0	56,104,88	MeshInstance3D	0.2x0.0x0.1	StreetIdShot/OrisonRoot/F04/AffectedProp_storage_portal_tags/@MeshInstance3D@23823
[IDLEG] 0	72,104,88	MeshInstance3D	0.2x0.0x0.1	StreetIdShot/OrisonRoot/F04/AffectedProp_storage_portal_tags/@MeshInstance3D@23824
[IDLEG] 0	88,104,88	MeshInstance3D	0.2x0.0x0.1	StreetIdShot/OrisonRoot/F04/AffectedProp_storage_portal_tags/@MeshInstance3D@23825
[IDLEG] 0	104,104,88	MeshInstance3D	0.2x0.0x0.1	StreetIdShot/OrisonRoot/F04/AffectedProp_storage_portal_tags/@MeshInstance3D@23826
[IDLEG] 0	120,104,88	MeshInstance3D	0.7x0.5x0.5	StreetIdShot/OrisonRoot/F04/AffectedProp_storage_grief_crate/@MeshInstance3D@23833
[IDLEG] 0	136,104,88	MeshInstance3D	0.3x0.0x0.0	StreetIdShot/OrisonRoot/F04/AffectedProp_storage_grief_crate/@MeshInstance3D@23834
[IDLEG] 0	152,104,88	MeshInstance3D	0.7x0.5x0.5	StreetIdShot/OrisonRoot/F04/AffectedProp_storage_shame_crate/@MeshInstance3D@23838
[IDLEG] 0	168,104,88	MeshInstance3D	0.3x0.0x0.0	StreetIdShot/OrisonRoot/F04/AffectedProp_storage_shame_crate/@MeshInstance3D@23839
[IDLEG] 0	184,104,88	MeshInstance3D	0.1x0.1x0.0	StreetIdShot/OrisonRoot/F04/DomesticWitness_peter_form_corridor/FaceRig/HourHand/@MeshInstance3D@24117
[IDLEG] 0	200,104,88	MeshInstance3D	0.1x0.0x0.0	StreetIdShot/OrisonRoot/F04/DomesticWitness_peter_form_corridor/FaceRig/MinuteHand/@MeshInstance3D@24118
[IDLEG] 0	216,104,88	MeshInstance3D	0.0x0.1x0.0	StreetIdShot/OrisonRoot/F04/DomesticWitness_peter_form_corridor/FaceRig/SecondHand/@MeshInstance3D@24119
[IDLEG] 0	232,104,88	MeshInstance3D	0.4x0.4x0.1	StreetIdShot/OrisonRoot/F04/DomesticWitness_peter_form_corridor/@MeshInstance3D@24122
[IDLEG] 0	248,104,88	MeshInstance3D	0.4x0.4x0.0	StreetIdShot/OrisonRoot/F04/DomesticWitness_peter_form_corridor/@MeshInstance3D@24123
[IDLEG] 0	8,120,88	MeshInstance3D	0.1x0.1x0.1	StreetIdShot/OrisonRoot/F04/DomesticWitness_peter_form_corridor/@MeshInstance3D@24124
[IDLEG] 0	24,120,88	MeshInstance3D	0.3x0.3x0.0	StreetIdShot/OrisonRoot/F04/DomesticWitness_peter_form_corridor/@MeshInstance3D@24125
[IDLEG] 0	40,120,88	MeshInstance3D	0.3x0.3x0.0	StreetIdShot/OrisonRoot/F04/DomesticWitness_peter_form_corridor/@MeshInstance3D@24126
[IDLEG] 0	56,120,88	MeshInstance3D	0.2x0.2x0.0	StreetIdShot/OrisonRoot/F04/DomesticWitness_peter_form_corridor/@MeshInstance3D@24127
[IDLEG] 0	72,120,88	MeshInstance3D	0.1x0.1x0.0	StreetIdShot/OrisonRoot/F04/DomesticWitness_cam_tilted_room/FaceRig/HourHand/@MeshInstance3D@24162
[IDLEG] 0	88,120,88	MeshInstance3D	0.1x0.0x0.0	StreetIdShot/OrisonRoot/F04/DomesticWitness_cam_tilted_room/FaceRig/MinuteHand/@MeshInstance3D@24163
[IDLEG] 0	104,120,88	MeshInstance3D	0.0x0.1x0.0	StreetIdShot/OrisonRoot/F04/DomesticWitness_cam_tilted_room/FaceRig/SecondHand/@MeshInstance3D@24164
[IDLEG] 0	120,120,88	MeshInstance3D	0.4x0.4x0.1	StreetIdShot/OrisonRoot/F04/DomesticWitness_cam_tilted_room/@MeshInstance3D@24167
[IDLEG] 0	136,120,88	MeshInstance3D	0.3x0.4x0.1	StreetIdShot/OrisonRoot/F04/DomesticWitness_cam_tilted_room/@MeshInstance3D@24168
[IDLEG] 0	152,120,88	MeshInstance3D	0.4x0.4x0.0	StreetIdShot/OrisonRoot/F04/DomesticWitness_cam_tilted_room/@MeshInstance3D@24169
[IDLEG] 0	168,120,88	MeshInstance3D	0.3x0.3x0.0	StreetIdShot/OrisonRoot/F04/DomesticWitness_cam_tilted_room/@MeshInstance3D@24170
[IDLEG] 0	184,120,88	MeshInstance3D	0.2x0.2x0.0	StreetIdShot/OrisonRoot/F04/DomesticWitness_cam_tilted_room/@MeshInstance3D@24171
[IDLEG] 0	200,120,88	MeshInstance3D	0.0x0.1x0.1	StreetIdShot/OrisonRoot/F04/DomesticWitness_noel_domestic_museum/FaceRig/HourHand/@MeshInstance3D@24198
[IDLEG] 0	216,120,88	MeshInstance3D	0.0x0.0x0.1	StreetIdShot/OrisonRoot/F04/DomesticWitness_noel_domestic_museum/FaceRig/MinuteHand/@MeshInstance3D@24199
[IDLEG] 0	232,120,88	MeshInstance3D	0.0x0.1x0.0	StreetIdShot/OrisonRoot/F04/DomesticWitness_noel_domestic_museum/FaceRig/SecondHand/@MeshInstance3D@24200
[IDLEG] 0	248,120,88	MeshInstance3D	0.2x0.4x0.5	StreetIdShot/OrisonRoot/F04/DomesticWitness_noel_domestic_museum/@MeshInstance3D@24203
[IDLEG] 0	8,136,88	MeshInstance3D	0.2x0.0x0.5	StreetIdShot/OrisonRoot/F04/DomesticWitness_noel_domestic_museum/@MeshInstance3D@24204
[IDLEG] 0	24,136,88	MeshInstance3D	0.1x0.0x0.4	StreetIdShot/OrisonRoot/F04/DomesticWitness_noel_domestic_museum/@MeshInstance3D@24205
[IDLEG] 0	40,136,88	MeshInstance3D	0.0x0.3x0.3	StreetIdShot/OrisonRoot/F04/DomesticWitness_noel_domestic_museum/@MeshInstance3D@24206
[IDLEG] 0	56,136,88	MeshInstance3D	0.0x0.3x0.3	StreetIdShot/OrisonRoot/F04/DomesticWitness_noel_domestic_museum/@MeshInstance3D@24207
[IDLEG] 0	72,136,88	MeshInstance3D	0.0x0.2x0.2	StreetIdShot/OrisonRoot/F04/DomesticWitness_noel_domestic_museum/@MeshInstance3D@24208
[IDLEG] 0	88,136,88	MeshInstance3D	0.3x0.2x0.4	StreetIdShot/OrisonRoot/F04/DomesticWitness_transient_infinite_checkout/@MeshInstance3D@24218
[IDLEG] 0	104,136,88	MeshInstance3D	0.3x0.2x0.3	StreetIdShot/OrisonRoot/F04/DomesticWitness_transient_infinite_checkout/@MeshInstance3D@24219
[IDLEG] 0	120,136,88	MeshInstance3D	0.2x0.0x0.3	StreetIdShot/OrisonRoot/F04/DomesticWitness_transient_infinite_checkout/@MeshInstance3D@24220
[IDLEG] 0	136,136,88	MeshInstance3D	0.2x0.1x0.3	StreetIdShot/OrisonRoot/F04/DomesticWitness_transient_infinite_checkout/@MeshInstance3D@24221
[IDLEG] 0	152,136,88	MeshInstance3D	0.0x0.2x0.2	StreetIdShot/OrisonRoot/F04/DomesticAnomaly_peter_thermostat/@MeshInstance3D@24415
[IDLEG] 0	168,136,88	MeshInstance3D	0.0x0.0x0.0	StreetIdShot/OrisonRoot/F04/DomesticAnomaly_peter_thermostat/@MeshInstance3D@24417
[IDLEG] 0	184,136,88	MeshInstance3D	0.0x0.1x0.1	StreetIdShot/OrisonRoot/F04/DomesticAnomaly_cam_noel_chain/@MeshInstance3D@24422
[IDLEG] 0	200,136,88	MeshInstance3D	0.0x0.1x0.1	StreetIdShot/OrisonRoot/F04/DomesticAnomaly_cam_noel_chain/@MeshInstance3D@24423
[IDLEG] 0	216,136,88	MeshInstance3D	0.0x0.0x0.0	StreetIdShot/OrisonRoot/F04/DomesticAnomaly_cam_noel_chain/@Node3D@24424/@MeshInstance3D@24425
[IDLEG] 0	232,136,88	MeshInstance3D	0.0x0.0x0.1	StreetIdShot/OrisonRoot/F04/DomesticAnomaly_cam_noel_chain/@Node3D@24424/@MeshInstance3D@24426
[IDLEG] 0	248,136,88	MeshInstance3D	0.0x0.0x0.1	StreetIdShot/OrisonRoot/F04/DomesticAnomaly_cam_noel_chain/@Node3D@24424/@MeshInstance3D@24427
[IDLEG] 0	8,152,88	MeshInstance3D	0.0x0.0x0.1	StreetIdShot/OrisonRoot/F04/DomesticAnomaly_cam_noel_chain/@Node3D@24424/@MeshInstance3D@24428
[IDLEG] 0	24,152,88	MeshInstance3D	0.0x0.0x0.1	StreetIdShot/OrisonRoot/F04/DomesticAnomaly_cam_noel_chain/@Node3D@24424/@MeshInstance3D@24429
[IDLEG] 0	40,152,88	MeshInstance3D	0.0x0.0x0.0	StreetIdShot/OrisonRoot/F04/DomesticAnomaly_cam_noel_chain/@Node3D@24424/@MeshInstance3D@24430
[IDLEG] 0	56,152,88	MeshInstance3D	0.0x0.0x0.1	StreetIdShot/OrisonRoot/F04/DomesticAnomaly_cam_noel_chain/@Node3D@24424/@MeshInstance3D@24431
[IDLEG] 0	72,152,88	MeshInstance3D	0.0x0.0x0.1	StreetIdShot/OrisonRoot/F04/DomesticAnomaly_cam_noel_chain/@Node3D@24424/@MeshInstance3D@24432
[IDLEG] 0	88,152,88	MeshInstance3D	0.0x0.0x0.1	StreetIdShot/OrisonRoot/F04/DomesticAnomaly_cam_noel_chain/@Node3D@24424/@MeshInstance3D@24433
[IDLEG] 0	104,152,88	MeshInstance3D	0.4x0.0x0.3	StreetIdShot/OrisonRoot/F04/DomesticAnomaly_guest_luggage_scale/@MeshInstance3D@24438
[IDLEG] 0	120,152,88	MeshInstance3D	0.2x0.1x0.3	StreetIdShot/OrisonRoot/F04/DomesticAnomaly_player_answering_machine/@MeshInstance3D@24498
[IDLEG] 0	136,152,88	MeshInstance3D	0.1x0.1x0.3	StreetIdShot/OrisonRoot/F04/DomesticAnomaly_player_answering_machine/@MeshInstance3D@24499
[IDLEG] 0	152,152,88	MeshInstance3D	0.0x0.0x0.0	StreetIdShot/OrisonRoot/F04/DomesticAnomaly_player_answering_machine/@MeshInstance3D@24500
[IDLEG] 0	168,152,88	MeshInstance3D	0.0x0.0x0.0	StreetIdShot/OrisonRoot/F04/DomesticAnomaly_player_answering_machine/@MeshInstance3D@24501
[IDLEG] 0	184,152,88	MeshInstance3D	0.0x0.0x0.0	StreetIdShot/OrisonRoot/F04/DomesticAnomaly_player_answering_machine/@MeshInstance3D@24502
[IDLEG] 0	200,152,88	MeshInstance3D	0.0x0.0x0.0	StreetIdShot/OrisonRoot/F04/DomesticAnomaly_player_answering_machine/@MeshInstance3D@24503
[IDLEG] 0	216,152,88	MeshInstance3D	0.0x0.0x0.0	StreetIdShot/OrisonRoot/F04/DomesticAnomaly_player_answering_machine/@MeshInstance3D@24504
[IDLEG] 0	232,152,88	MeshInstance3D	0.0x0.0x0.0	StreetIdShot/OrisonRoot/F04/DomesticAnomaly_player_answering_machine/@MeshInstance3D@24505
[IDLEG] 0	248,152,88	MeshInstance3D	0.2x0.2x0.2	StreetIdShot/OrisonRoot/F04/DomesticAnomaly_player_smart_speaker/@MeshInstance3D@24510
[IDLEG] 0	8,168,88	MeshInstance3D	0.0x0.0x0.0	StreetIdShot/OrisonRoot/F04/DomesticAnomaly_player_smart_speaker/@MeshInstance3D@24511
[IDLEG] 0	24,168,88	MeshInstance3D	0.0x0.6x0.4	StreetIdShot/OrisonRoot/F04/DomesticAnomaly_player_wrong_mirror/@MeshInstance3D@24516
[IDLEG] 0	40,168,88	MeshInstance3D	0.0x0.6x0.4	StreetIdShot/OrisonRoot/F04/DomesticAnomaly_player_wrong_mirror/@MeshInstance3D@24517
[IDLEG] 0	56,168,88	MeshInstance3D	0.0x0.7x0.7	StreetIdShot/OrisonRoot/F04/MemoryArt_peter_submitted/@MeshInstance3D@24570
[IDLEG] 0	72,168,88	MeshInstance3D	0.0x0.0x0.8	StreetIdShot/OrisonRoot/F04/MemoryArt_peter_submitted/@MeshInstance3D@24571
[IDLEG] 0	88,168,88	MeshInstance3D	0.0x0.0x0.8	StreetIdShot/OrisonRoot/F04/MemoryArt_peter_submitted/@MeshInstance3D@24572
[IDLEG] 0	104,168,88	MeshInstance3D	0.0x0.7x0.0	StreetIdShot/OrisonRoot/F04/MemoryArt_peter_submitted/@MeshInstance3D@24573
[IDLEG] 0	120,168,88	MeshInstance3D	0.0x0.7x0.0	StreetIdShot/OrisonRoot/F04/MemoryArt_peter_submitted/@MeshInstance3D@24574
[IDLEG] 0	136,168,88	MeshInstance3D	0.7x0.7x0.0	StreetIdShot/OrisonRoot/F04/MemoryArt_cam_delivery/@MeshInstance3D@24576
[IDLEG] 0	152,168,88	MeshInstance3D	0.8x0.0x0.0	StreetIdShot/OrisonRoot/F04/MemoryArt_cam_delivery/@MeshInstance3D@24577
[IDLEG] 0	168,168,88	MeshInstance3D	0.8x0.0x0.0	StreetIdShot/OrisonRoot/F04/MemoryArt_cam_delivery/@MeshInstance3D@24578
[IDLEG] 0	184,168,88	MeshInstance3D	0.0x0.7x0.0	StreetIdShot/OrisonRoot/F04/MemoryArt_cam_delivery/@MeshInstance3D@24579
[IDLEG] 0	200,168,88	MeshInstance3D	0.0x0.7x0.0	StreetIdShot/OrisonRoot/F04/MemoryArt_cam_delivery/@MeshInstance3D@24580
[IDLEG] 0	216,168,88	MeshInstance3D	0.0x0.7x0.7	StreetIdShot/OrisonRoot/F04/MemoryArt_noel_conservation/@MeshInstance3D@24582
[IDLEG] 0	232,168,88	MeshInstance3D	0.0x0.0x0.8	StreetIdShot/OrisonRoot/F04/MemoryArt_noel_conservation/@MeshInstance3D@24583
[IDLEG] 0	248,168,88	MeshInstance3D	0.0x0.0x0.8	StreetIdShot/OrisonRoot/F04/MemoryArt_noel_conservation/@MeshInstance3D@24584
[IDLEG] 0	8,184,88	MeshInstance3D	0.0x0.7x0.0	StreetIdShot/OrisonRoot/F04/MemoryArt_noel_conservation/@MeshInstance3D@24585
[IDLEG] 0	24,184,88	MeshInstance3D	0.0x0.7x0.0	StreetIdShot/OrisonRoot/F04/MemoryArt_noel_conservation/@MeshInstance3D@24586
[IDLEG] 0	40,184,88	MeshInstance3D	0.0x0.7x0.7	StreetIdShot/OrisonRoot/F04/MemoryArt_guests_safe_trip/@MeshInstance3D@24588
[IDLEG] 0	56,184,88	MeshInstance3D	0.0x0.0x0.8	StreetIdShot/OrisonRoot/F04/MemoryArt_guests_safe_trip/@MeshInstance3D@24589
[IDLEG] 0	72,184,88	MeshInstance3D	0.0x0.0x0.8	StreetIdShot/OrisonRoot/F04/MemoryArt_guests_safe_trip/@MeshInstance3D@24590
[IDLEG] 0	88,184,88	MeshInstance3D	0.0x0.7x0.0	StreetIdShot/OrisonRoot/F04/MemoryArt_guests_safe_trip/@MeshInstance3D@24591
[IDLEG] 0	104,184,88	MeshInstance3D	0.0x0.7x0.0	StreetIdShot/OrisonRoot/F04/MemoryArt_guests_safe_trip/@MeshInstance3D@24592
[IDLEG] 0	120,184,88	MeshInstance3D	0.7x0.7x0.0	StreetIdShot/OrisonRoot/F04/WallArt_peter_proceed_uncertain/@MeshInstance3D@24692
[IDLEG] 0	136,184,88	MeshInstance3D	0.8x0.0x0.0	StreetIdShot/OrisonRoot/F04/WallArt_peter_proceed_uncertain/@MeshInstance3D@24693
[IDLEG] 0	152,184,88	MeshInstance3D	0.8x0.0x0.0	StreetIdShot/OrisonRoot/F04/WallArt_peter_proceed_uncertain/@MeshInstance3D@24694
[IDLEG] 0	168,184,88	MeshInstance3D	0.0x0.7x0.0	StreetIdShot/OrisonRoot/F04/WallArt_peter_proceed_uncertain/@MeshInstance3D@24695
[IDLEG] 0	184,184,88	MeshInstance3D	0.0x0.7x0.0	StreetIdShot/OrisonRoot/F04/WallArt_peter_proceed_uncertain/@MeshInstance3D@24696
[IDLEG] 0	200,184,88	MeshInstance3D	0.7x0.7x0.0	StreetIdShot/OrisonRoot/F04/WallArt_cam_stolen_bike_route/@MeshInstance3D@24698
[IDLEG] 0	216,184,88	MeshInstance3D	0.8x0.0x0.0	StreetIdShot/OrisonRoot/F04/WallArt_cam_stolen_bike_route/@MeshInstance3D@24699
[IDLEG] 0	232,184,88	MeshInstance3D	0.8x0.0x0.0	StreetIdShot/OrisonRoot/F04/WallArt_cam_stolen_bike_route/@MeshInstance3D@24700
[IDLEG] 0	248,184,88	MeshInstance3D	0.0x0.7x0.0	StreetIdShot/OrisonRoot/F04/WallArt_cam_stolen_bike_route/@MeshInstance3D@24701
[IDLEG] 0	8,200,88	MeshInstance3D	0.0x0.7x0.0	StreetIdShot/OrisonRoot/F04/WallArt_cam_stolen_bike_route/@MeshInstance3D@24702
[IDLEG] 0	24,200,88	MeshInstance3D	0.0x0.7x0.7	StreetIdShot/OrisonRoot/F04/WallArt_noel_ordinary_objects/@MeshInstance3D@24704
[IDLEG] 0	40,200,88	MeshInstance3D	0.0x0.0x0.8	StreetIdShot/OrisonRoot/F04/WallArt_noel_ordinary_objects/@MeshInstance3D@24705
[IDLEG] 0	56,200,88	MeshInstance3D	0.0x0.0x0.8	StreetIdShot/OrisonRoot/F04/WallArt_noel_ordinary_objects/@MeshInstance3D@24706
[IDLEG] 0	72,200,88	MeshInstance3D	0.0x0.7x0.0	StreetIdShot/OrisonRoot/F04/WallArt_noel_ordinary_objects/@MeshInstance3D@24707
[IDLEG] 0	88,200,88	MeshInstance3D	0.0x0.7x0.0	StreetIdShot/OrisonRoot/F04/WallArt_noel_ordinary_objects/@MeshInstance3D@24708
[IDLEG] 0	104,200,88	MeshInstance3D	0.7x0.7x0.0	StreetIdShot/OrisonRoot/F04/WallArt_guests_you_are_here/@MeshInstance3D@24710
[IDLEG] 0	120,200,88	MeshInstance3D	0.8x0.0x0.0	StreetIdShot/OrisonRoot/F04/WallArt_guests_you_are_here/@MeshInstance3D@24711
[IDLEG] 0	136,200,88	MeshInstance3D	0.8x0.0x0.0	StreetIdShot/OrisonRoot/F04/WallArt_guests_you_are_here/@MeshInstance3D@24712
[IDLEG] 0	152,200,88	MeshInstance3D	0.0x0.7x0.0	StreetIdShot/OrisonRoot/F04/WallArt_guests_you_are_here/@MeshInstance3D@24713
[IDLEG] 0	168,200,88	MeshInstance3D	0.0x0.7x0.0	StreetIdShot/OrisonRoot/F04/WallArt_guests_you_are_here/@MeshInstance3D@24714
[IDLEG] 0	184,200,88	MeshInstance3D	0.7x0.7x0.0	StreetIdShot/OrisonRoot/F04/MemoryArt_fourth_impossible_stairs/@MeshInstance3D@24794
[IDLEG] 0	200,200,88	MeshInstance3D	0.8x0.0x0.0	StreetIdShot/OrisonRoot/F04/MemoryArt_fourth_impossible_stairs/@MeshInstance3D@24795
[IDLEG] 0	216,200,88	MeshInstance3D	0.8x0.0x0.0	StreetIdShot/OrisonRoot/F04/MemoryArt_fourth_impossible_stairs/@MeshInstance3D@24796
[IDLEG] 0	232,200,88	MeshInstance3D	0.0x0.7x0.0	StreetIdShot/OrisonRoot/F04/MemoryArt_fourth_impossible_stairs/@MeshInstance3D@24797
[IDLEG] 0	248,200,88	MeshInstance3D	0.0x0.7x0.0	StreetIdShot/OrisonRoot/F04/MemoryArt_fourth_impossible_stairs/@MeshInstance3D@24798
[IDLEG] 0	8,216,88	MeshInstance3D	0.0x0.7x0.7	StreetIdShot/OrisonRoot/F04/MemoryArt_peter_wooden_legs/@MeshInstance3D@24902
[IDLEG] 0	24,216,88	MeshInstance3D	0.0x0.0x0.8	StreetIdShot/OrisonRoot/F04/MemoryArt_peter_wooden_legs/@MeshInstance3D@24903
[IDLEG] 0	40,216,88	MeshInstance3D	0.0x0.0x0.8	StreetIdShot/OrisonRoot/F04/MemoryArt_peter_wooden_legs/@MeshInstance3D@24904
[IDLEG] 0	56,216,88	MeshInstance3D	0.0x0.7x0.0	StreetIdShot/OrisonRoot/F04/MemoryArt_peter_wooden_legs/@MeshInstance3D@24905
[IDLEG] 0	72,216,88	MeshInstance3D	0.0x0.7x0.0	StreetIdShot/OrisonRoot/F04/MemoryArt_peter_wooden_legs/@MeshInstance3D@24906
[IDLEG] 0	88,216,88	MeshInstance3D	0.7x0.7x0.0	StreetIdShot/OrisonRoot/F04/MemoryArt_cam_noel_witches/@MeshInstance3D@24908
[IDLEG] 0	104,216,88	MeshInstance3D	0.8x0.0x0.0	StreetIdShot/OrisonRoot/F04/MemoryArt_cam_noel_witches/@MeshInstance3D@24909
[IDLEG] 0	120,216,88	MeshInstance3D	0.8x0.0x0.0	StreetIdShot/OrisonRoot/F04/MemoryArt_cam_noel_witches/@MeshInstance3D@24910
[IDLEG] 0	136,216,88	MeshInstance3D	0.0x0.7x0.0	StreetIdShot/OrisonRoot/F04/MemoryArt_cam_noel_witches/@MeshInstance3D@24911
[IDLEG] 0	152,216,88	MeshInstance3D	0.0x0.7x0.0	StreetIdShot/OrisonRoot/F04/MemoryArt_cam_noel_witches/@MeshInstance3D@24912
[IDLEG] 0	168,216,88	MeshInstance3D	0.7x0.7x0.0	StreetIdShot/OrisonRoot/F04/MemoryArt_guests_wuthering/@MeshInstance3D@24914
[IDLEG] 0	184,216,88	MeshInstance3D	0.8x0.0x0.0	StreetIdShot/OrisonRoot/F04/MemoryArt_guests_wuthering/@MeshInstance3D@24915
[IDLEG] 0	200,216,88	MeshInstance3D	0.8x0.0x0.0	StreetIdShot/OrisonRoot/F04/MemoryArt_guests_wuthering/@MeshInstance3D@24916
[IDLEG] 0	216,216,88	MeshInstance3D	0.0x0.7x0.0	StreetIdShot/OrisonRoot/F04/MemoryArt_guests_wuthering/@MeshInstance3D@24917
[IDLEG] 0	232,216,88	MeshInstance3D	0.0x0.7x0.0	StreetIdShot/OrisonRoot/F04/MemoryArt_guests_wuthering/@MeshInstance3D@24918
[IDLEG] 0	248,216,88	MeshInstance3D	27.3x0.0x19.3	StreetIdShot/OrisonRoot/F05/F05_ceiling_plaster
[IDLEG] 0	8,232,88	MeshInstance3D	24.5x0.0x15.8	StreetIdShot/OrisonRoot/F05/F05_ceiling_plaster_stained
[IDLEG] 0	24,232,88	MeshInstance3D	10.7x0.0x19.3	StreetIdShot/OrisonRoot/F05/F05_ceiling_tin_ceiling
[IDLEG] 0	40,232,88	MeshInstance3D	15.4x0.0x12.4	StreetIdShot/OrisonRoot/F05/F05_floors_ceramic
[IDLEG] 0	56,232,88	MeshInstance3D	6.5x0.0x3.5	StreetIdShot/OrisonRoot/F05/F05_floors_concrete
[IDLEG] 0	72,232,88	MeshInstance3D	27.3x0.0x19.3	StreetIdShot/OrisonRoot/F05/F05_floors_floor_oak
[IDLEG] 0	88,232,88	MeshInstance3D	10.7x0.0x19.3	StreetIdShot/OrisonRoot/F05/F05_floors_terrazzo
[IDLEG] 0	104,232,88	MeshInstance3D	4.8x1.0x4.7	StreetIdShot/OrisonRoot/F05/F05_furnish_bakelite
[IDLEG] 0	120,232,88	MeshInstance3D	23.6x0.1x15.6	StreetIdShot/OrisonRoot/F05/F05_furnish_bakelite_black
[IDLEG] 0	136,232,88	MeshInstance3D	0.2x0.0x0.2	StreetIdShot/OrisonRoot/F05/F05_furnish_book_brown
[IDLEG] 0	152,232,88	MeshInstance3D	0.2x0.0x0.2	StreetIdShot/OrisonRoot/F05/F05_furnish_book_burgundy
[IDLEG] 0	168,232,88	MeshInstance3D	0.2x0.0x0.2	StreetIdShot/OrisonRoot/F05/F05_furnish_book_green
[IDLEG] 0	184,232,88	MeshInstance3D	0.2x0.0x0.2	StreetIdShot/OrisonRoot/F05/F05_furnish_book_navy
[IDLEG] 0	200,232,88	MeshInstance3D	0.2x0.0x0.2	StreetIdShot/OrisonRoot/F05/F05_furnish_book_ochre
[IDLEG] 0	216,232,88	MeshInstance3D	0.2x0.0x0.2	StreetIdShot/OrisonRoot/F05/F05_furnish_book_teal
[IDLEG] 0	232,232,88	MeshInstance3D	25.9x3.2x16.4	StreetIdShot/OrisonRoot/F05/F05_furnish_brass
[IDLEG] 0	248,232,88	MeshInstance3D	23.6x0.1x15.6	StreetIdShot/OrisonRoot/F05/F05_furnish_brass_bright
[IDLEG] 0	8,248,88	MeshInstance3D	23.6x0.1x15.6	StreetIdShot/OrisonRoot/F05/F05_furnish_brass_dull
[IDLEG] 0	24,248,88	MeshInstance3D	11.4x0.0x10.0	StreetIdShot/OrisonRoot/F05/F05_furnish_chrome
[IDLEG] 0	40,248,88	MeshInstance3D	15.1x0.1x9.3	StreetIdShot/OrisonRoot/F05/F05_furnish_countertop
[IDLEG] 0	56,248,88	MeshInstance3D	0.1x0.1x0.1	StreetIdShot/OrisonRoot/F05/F05_furnish_enamel
[IDLEG] 0	72,248,88	MeshInstance3D	1.3x0.1x1.4	StreetIdShot/OrisonRoot/F05/F05_furnish_fabric_cool
[IDLEG] 0	88,248,88	MeshInstance3D	1.3x0.1x1.3	StreetIdShot/OrisonRoot/F05/F05_furnish_fabric_green
[IDLEG] 0	104,248,88	MeshInstance3D	5.5x0.1x1.3	StreetIdShot/OrisonRoot/F05/F05_furnish_fabric_warm
[IDLEG] 0	120,248,88	MeshInstance3D	24.3x1.8x16.4	StreetIdShot/OrisonRoot/F05/F05_furnish_floor_oak
[IDLEG] 0	136,248,88	MeshInstance3D	25.5x0.8x18.1	StreetIdShot/OrisonRoot/F05/F05_furnish_linen
[IDLEG] 0	152,248,88	MeshInstance3D	26.7x3.0x12.4	StreetIdShot/OrisonRoot/F05/F05_furnish_metal
[IDLEG] 0	168,248,88	MeshInstance3D	13.9x0.1x9.1	StreetIdShot/OrisonRoot/F05/F05_furnish_nickel_plated
[IDLEG] 0	184,248,88	MeshInstance3D	26.2x1.9x18.2	StreetIdShot/OrisonRoot/F05/F05_furnish_oak_quartered
[IDLEG] 0	200,248,88	MeshInstance3D	27.3x1.9x17.9	StreetIdShot/OrisonRoot/F05/F05_furnish_paper
[IDLEG] 0	216,248,88	MeshInstance3D	0.4x0.0x0.6	StreetIdShot/OrisonRoot/F05/F05_furnish_plywood
[IDLEG] 0	232,248,88	MeshInstance3D	15.0x1.1x13.3	StreetIdShot/OrisonRoot/F05/F05_furnish_porcelain
[IDLEG] 0	248,248,88	MeshInstance3D	26.0x1.6x15.6	StreetIdShot/OrisonRoot/F05/F05_furnish_soot
[IDLEG] 0	8,8,104	MeshInstance3D	27.4x1.9x10.7	StreetIdShot/OrisonRoot/F05/F05_furnish_timber
[IDLEG] 0	24,8,104	MeshInstance3D	19.4x2.2x14.2	StreetIdShot/OrisonRoot/F05/F05_furnish_trim
[IDLEG] 0	40,8,104	MeshInstance3D	27.4x2.0x14.4	StreetIdShot/OrisonRoot/F05/F05_furnish_wood_dark
[IDLEG] 0	56,8,104	MeshInstance3D	25.1x0.8x12.8	StreetIdShot/OrisonRoot/F05/F05_furniture_art
[IDLEG] 0	72,8,104	MeshInstance3D	10.9x1.6x13.5	StreetIdShot/OrisonRoot/F05/F05_furniture_brass
[IDLEG] 0	88,8,104	MeshInstance3D	17.0x0.0x12.4	StreetIdShot/OrisonRoot/F05/F05_furniture_brass_dull
[IDLEG] 0	104,8,104	MeshInstance3D	0.7x0.6x0.3	StreetIdShot/OrisonRoot/F05/F05_furniture_cast_iron
[IDLEG] 0	120,8,104	MeshInstance3D	8.6x1.1x12.6	StreetIdShot/OrisonRoot/F05/F05_furniture_ceramic
[IDLEG] 0	136,8,104	MeshInstance3D	5.1x0.8x5.1	StreetIdShot/OrisonRoot/F05/F05_furniture_char
[IDLEG] 0	152,8,104	MeshInstance3D	15.2x0.0x10.6	StreetIdShot/OrisonRoot/F05/F05_furniture_chrome
[IDLEG] 0	168,8,104	MeshInstance3D	10.9x1.0x13.5	StreetIdShot/OrisonRoot/F05/F05_furniture_indicator_enamel
[IDLEG] 0	184,8,104	MeshInstance3D	17.7x1.0x10.4	StreetIdShot/OrisonRoot/F05/F05_furniture_linen
[IDLEG] 0	200,8,104	MeshInstance3D	17.0x0.0x12.4	StreetIdShot/OrisonRoot/F05/F05_furniture_linoleum
[IDLEG] 0	216,8,104	MeshInstance3D	5.8x1.1x2.7	StreetIdShot/OrisonRoot/F05/F05_furniture_metal
[IDLEG] 0	232,8,104	MeshInstance3D	0.0x0.9x0.7	StreetIdShot/OrisonRoot/F05/F05_furniture_paper
[IDLEG] 0	248,8,104	MeshInstance3D	10.0x0.0x16.0	StreetIdShot/OrisonRoot/F05/F05_furniture_plaster_stained
[IDLEG] 0	8,24,104	MeshInstance3D	0.1x1.8x4.9	StreetIdShot/OrisonRoot/F05/F05_furniture_plywood
[IDLEG] 0	24,24,104	MeshInstance3D	0.3x1.6x0.3	StreetIdShot/OrisonRoot/F05/F05_furniture_rug_warm
[IDLEG] 0	40,24,104	MeshInstance3D	4.0x0.4x3.9	StreetIdShot/OrisonRoot/F05/F05_furniture_slab
[IDLEG] 0	56,24,104	MeshInstance3D	3.7x2.9x6.8	StreetIdShot/OrisonRoot/F05/F05_furniture_soot
[IDLEG] 0	72,24,104	MeshInstance3D	5.3x4.4x1.3	StreetIdShot/OrisonRoot/F05/F05_furniture_timber
[IDLEG] 0	88,24,104	MeshInstance3D	27.6x1.6x19.6	StreetIdShot/OrisonRoot/F05/F05_furniture_trim
[IDLEG] 0	104,24,104	MeshInstance3D	25.2x0.9x12.8	StreetIdShot/OrisonRoot/F05/F05_furniture_wood_dark
[IDLEG] 0	120,24,104	MeshInstance3D	27.9x0.2x19.9	StreetIdShot/OrisonRoot/F05/F05_slabs
[IDLEG] 0	136,24,104	MeshInstance3D	6.3x3.2x2.9	StreetIdShot/OrisonRoot/F05/F05_stairs
[IDLEG] 0	152,24,104	MeshInstance3D	3.1x3.9x3.1	StreetIdShot/OrisonRoot/F05/F05_stairs_bal
[IDLEG] 0	168,24,104	MeshInstance3D	6.2x3.4x3.1	StreetIdShot/OrisonRoot/F05/F05_stairs_brass
[IDLEG] 0	184,24,104	MeshInstance3D	6.3x3.4x3.1	StreetIdShot/OrisonRoot/F05/F05_stairs_iron
[IDLEG] 0	200,24,104	MeshInstance3D	6.3x1.8x6.3	StreetIdShot/OrisonRoot/F05/F05_stairs_landing
[IDLEG] 0	216,24,104	MeshInstance3D	6.3x4.2x3.2	StreetIdShot/OrisonRoot/F05/F05_stairs_rail
[IDLEG] 0	232,24,104	MeshInstance3D	6.3x2.9x2.9	StreetIdShot/OrisonRoot/F05/F05_stairs_treads
[IDLEG] 0	248,24,104	MeshInstance3D	28.1x2.6x20.1	StreetIdShot/OrisonRoot/F05/F05_stone_trim
[IDLEG] 0	8,40,104	MeshInstance3D	27.4x3.2x19.4	StreetIdShot/OrisonRoot/F05/F05_trim
[IDLEG] 0	24,40,104	MeshInstance3D	14.9x0.0x10.3	StreetIdShot/OrisonRoot/F05/F05_vent_register_screws
[IDLEG] 0	40,40,104	MeshInstance3D	14.8x0.0x10.3	StreetIdShot/OrisonRoot/F05/F05_vent_register_throat
[IDLEG] 0	56,40,104	MeshInstance3D	14.9x0.0x10.3	StreetIdShot/OrisonRoot/F05/F05_vent_register_trim
[IDLEG] 0	72,40,104	MeshInstance3D	15.5x1.2x12.4	StreetIdShot/OrisonRoot/F05/F05_wainscot_subway_tile
[IDLEG] 0	88,40,104	MeshInstance3D	10.5x1.2x19.3	StreetIdShot/OrisonRoot/F05/F05_wainscot_wainscot
[IDLEG] 0	104,40,104	MeshInstance3D	27.3x3.0x19.3	StreetIdShot/OrisonRoot/F05/F05_walls
[IDLEG] 0	120,40,104	MeshInstance3D	28.0x3.2x19.7	StreetIdShot/OrisonRoot/F05/F05_walls_cbrick
[IDLEG] 0	136,40,104	MeshInstance3D	2.3x3.0x2.3	StreetIdShot/OrisonRoot/F05/F05_walls_conc
[IDLEG] 0	152,40,104	MeshInstance3D	27.3x3.2x0.3	StreetIdShot/OrisonRoot/F05/F05_walls_fbrick
[IDLEG] 0	168,40,104	MultiMeshInstance3D	24.1x0.1x16.9	StreetIdShot/OrisonRoot/F05/F05_VantryPointBatch
[IDLEG] 0	184,40,104	MultiMeshInstance3D	19.5x2.9x8.8	StreetIdShot/OrisonRoot/F05/@MultiMeshInstance3D@292
[IDLEG] 0	200,40,104	MultiMeshInstance3D	19.0x3.1x8.6	StreetIdShot/OrisonRoot/F05/@MultiMeshInstance3D@293
[IDLEG] 0	216,40,104	MeshInstance3D	0.0x0.1x0.1	StreetIdShot/OrisonRoot/F05/Projector_5B/@MeshInstance3D@863
[IDLEG] 0	232,40,104	MeshInstance3D	0.2x0.0x0.3	StreetIdShot/OrisonRoot/F05/Projector_5B/@MeshInstance3D@867
[IDLEG] 0	248,40,104	MeshInstance3D	0.1x0.0x0.0	StreetIdShot/OrisonRoot/F05/Projector_5B/@MeshInstance3D@868
[IDLEG] 0	8,56,104	MeshInstance3D	0.1x0.0x0.0	StreetIdShot/OrisonRoot/F05/Projector_5B/@MeshInstance3D@869
[IDLEG] 0	24,56,104	MeshInstance3D	0.1x0.1x0.1	StreetIdShot/OrisonRoot/F05/Projector_5B/@MeshInstance3D@870
[IDLEG] 0	40,56,104	MeshInstance3D	0.1x0.2x0.1	StreetIdShot/OrisonRoot/F05/Projector_5B/@MeshInstance3D@871
[IDLEG] 0	56,56,104	MeshInstance3D	0.1x0.2x0.1	StreetIdShot/OrisonRoot/F05/Projector_5B/@MeshInstance3D@872
[IDLEG] 0	72,56,104	MeshInstance3D	0.0x0.0x0.1	StreetIdShot/OrisonRoot/F05/Projector_5B/@MeshInstance3D@873
[IDLEG] 0	88,56,104	MeshInstance3D	0.0x0.0x0.1	StreetIdShot/OrisonRoot/F05/Projector_5B/@MeshInstance3D@874
[IDLEG] 0	104,56,104	MeshInstance3D	0.0x0.0x0.1	StreetIdShot/OrisonRoot/F05/Projector_5B/@MeshInstance3D@875
[IDLEG] 0	120,56,104	MeshInstance3D	0.0x0.0x0.1	StreetIdShot/OrisonRoot/F05/Projector_5B/@MeshInstance3D@876
[IDLEG] 0	136,56,104	MeshInstance3D	0.0x0.0x0.1	StreetIdShot/OrisonRoot/F05/Projector_5B/@MeshInstance3D@877
[IDLEG] 0	152,56,104	MeshInstance3D	0.0x0.0x0.1	StreetIdShot/OrisonRoot/F05/Projector_5B/@MeshInstance3D@878
[IDLEG] 0	168,56,104	MeshInstance3D	0.1x0.0x0.1	StreetIdShot/OrisonRoot/F05/Projector_5B/@MeshInstance3D@879
[IDLEG] 0	184,56,104	MeshInstance3D	0.1x0.1x0.1	StreetIdShot/OrisonRoot/F05/Projector_5B/@MeshInstance3D@880
[IDLEG] 0	200,56,104	MeshInstance3D	0.0x0.1x0.1	StreetIdShot/OrisonRoot/F05/Projector_5B/@MeshInstance3D@881
[IDLEG] 0	216,56,104	MeshInstance3D	0.0x0.1x0.1	StreetIdShot/OrisonRoot/F05/Projector_5B/@MeshInstance3D@882
[IDLEG] 0	232,56,104	MeshInstance3D	0.0x0.1x0.0	StreetIdShot/OrisonRoot/F05/Projector_5B/@MeshInstance3D@883
[IDLEG] 0	248,56,104	MeshInstance3D	0.0x0.0x0.0	StreetIdShot/OrisonRoot/F05/Projector_5B/@MeshInstance3D@884
[IDLEG] 0	8,72,104	MeshInstance3D	0.0x0.0x0.0	StreetIdShot/OrisonRoot/F05/Projector_5B/@MeshInstance3D@885
[IDLEG] 0	24,72,104	MeshInstance3D	0.0x0.0x0.0	StreetIdShot/OrisonRoot/F05/Projector_5B/@MeshInstance3D@886
[IDLEG] 0	40,72,104	MeshInstance3D	0.0x0.0x0.0	StreetIdShot/OrisonRoot/F05/Projector_5B/@MeshInstance3D@887
[IDLEG] 0	56,72,104	MeshInstance3D	0.0x0.0x0.0	StreetIdShot/OrisonRoot/F05/Projector_5B/@MeshInstance3D@888
[IDLEG] 0	72,72,104	MeshInstance3D	0.0x0.1x0.0	StreetIdShot/OrisonRoot/F05/Projector_5B/@MeshInstance3D@889
[IDLEG] 0	88,72,104	MeshInstance3D	0.0x0.0x0.1	StreetIdShot/OrisonRoot/F05/Projector_5B/@MeshInstance3D@890
[IDLEG] 0	104,72,104	MeshInstance3D	0.2x0.2x0.0	StreetIdShot/OrisonRoot/F05/Projector_5B/@MeshInstance3D@891
[IDLEG] 0	120,72,104	MeshInstance3D	0.2x0.2x0.0	StreetIdShot/OrisonRoot/F05/Projector_5B/@MeshInstance3D@892
[IDLEG] 0	136,72,104	MeshInstance3D	0.2x0.2x0.0	StreetIdShot/OrisonRoot/F05/Projector_5B/@MeshInstance3D@893
[IDLEG] 0	152,72,104	MeshInstance3D	0.0x0.0x0.0	StreetIdShot/OrisonRoot/F05/Projector_5B/@MeshInstance3D@894
[IDLEG] 0	168,72,104	MeshInstance3D	0.1x0.2x0.0	StreetIdShot/OrisonRoot/F05/Projector_5B/@MeshInstance3D@895
[IDLEG] 0	184,72,104	MeshInstance3D	0.0x0.0x0.1	StreetIdShot/OrisonRoot/F05/Projector_5B/@MeshInstance3D@896
[IDLEG] 0	200,72,104	MeshInstance3D	0.2x0.2x0.0	StreetIdShot/OrisonRoot/F05/Projector_5B/@MeshInstance3D@897
[IDLEG] 0	216,72,104	MeshInstance3D	0.2x0.2x0.0	StreetIdShot/OrisonRoot/F05/Projector_5B/@MeshInstance3D@898
[IDLEG] 0	232,72,104	MeshInstance3D	0.1x0.1x0.0	StreetIdShot/OrisonRoot/F05/Projector_5B/@MeshInstance3D@899
[IDLEG] 0	248,72,104	MeshInstance3D	0.0x0.0x0.0	StreetIdShot/OrisonRoot/F05/Projector_5B/@MeshInstance3D@900
[IDLEG] 0	8,88,104	MeshInstance3D	0.2x0.0x0.0	StreetIdShot/OrisonRoot/F05/Projector_5B/@MeshInstance3D@901
[IDLEG] 0	24,88,104	MeshInstance3D	0.0x0.0x0.0	StreetIdShot/OrisonRoot/F05/NPC_nadia_quell/RiggedCharacter/Armature/Skeleton3D/char1
[IDLEG] 0	40,88,104	MeshInstance3D	0.0x0.0x0.0	StreetIdShot/OrisonRoot/F05/NPC_cal_dwyer/RiggedCharacter/Armature/Skeleton3D/char1
[IDLEG] 0	56,88,104	MeshInstance3D	0.0x0.0x0.0	StreetIdShot/OrisonRoot/F05/NPC_iris_bell/RiggedCharacter/Armature/Skeleton3D/char1
[IDLEG] 0	72,88,104	MeshInstance3D	0.3x0.0x0.2	StreetIdShot/OrisonRoot/F05/AffectedProp_nadia_contradictory_plans/@MeshInstance3D@23638
[IDLEG] 0	88,88,104	MeshInstance3D	0.3x0.0x0.2	StreetIdShot/OrisonRoot/F05/AffectedProp_nadia_contradictory_plans/@MeshInstance3D@23639
[IDLEG] 0	104,88,104	MeshInstance3D	0.3x0.0x0.2	StreetIdShot/OrisonRoot/F05/AffectedProp_nadia_contradictory_plans/@MeshInstance3D@23640
[IDLEG] 0	120,88,104	MeshInstance3D	0.3x0.0x0.0	StreetIdShot/OrisonRoot/F05/AffectedProp_nadia_scale_ruler/@MeshInstance3D@23645
[IDLEG] 0	136,88,104	MeshInstance3D	0.3x0.2x0.2	StreetIdShot/OrisonRoot/F05/AffectedProp_nadia_violation_stamp/@MeshInstance3D@23648
[IDLEG] 0	152,88,104	MeshInstance3D	0.3x0.2x0.2	StreetIdShot/OrisonRoot/F05/AffectedProp_cal_bakelite_radio/@MeshInstance3D@23651
[IDLEG] 0	168,88,104	MeshInstance3D	0.1x0.1x0.0	StreetIdShot/OrisonRoot/F05/AffectedProp_cal_bakelite_radio/@MeshInstance3D@23652
[IDLEG] 0	184,88,104	MeshInstance3D	0.1x0.1x0.0	StreetIdShot/OrisonRoot/F05/AffectedProp_cal_bakelite_radio/@MeshInstance3D@23653
[IDLEG] 0	200,88,104	MeshInstance3D	0.3x0.0x0.0	StreetIdShot/OrisonRoot/F05/AffectedProp_cal_loop_antenna/@MeshInstance3D@23658
[IDLEG] 0	216,88,104	MeshInstance3D	0.1x0.1x0.1	StreetIdShot/OrisonRoot/F05/AffectedProp_cal_voice_tapes/@MeshInstance3D@23661
[IDLEG] 0	232,88,104	MeshInstance3D	0.1x0.1x0.1	StreetIdShot/OrisonRoot/F05/AffectedProp_cal_voice_tapes/@MeshInstance3D@23662
[IDLEG] 0	248,88,104	MeshInstance3D	0.2x1.0x0.0	StreetIdShot/OrisonRoot/F05/AffectedProp_iris_private_canvas/@MeshInstance3D@23666
[IDLEG] 0	8,104,104	MeshInstance3D	0.2x1.0x0.0	StreetIdShot/OrisonRoot/F05/AffectedProp_iris_private_canvas/@MeshInstance3D@23667
[IDLEG] 0	24,104,104	MeshInstance3D	0.5x0.5x0.0	StreetIdShot/OrisonRoot/F05/AffectedProp_iris_private_canvas/@MeshInstance3D@23668
[IDLEG] 0	40,104,104	MeshInstance3D	0.3x0.0x0.2	StreetIdShot/OrisonRoot/F05/AffectedProp_iris_stained_palette/@MeshInstance3D@23673
[IDLEG] 0	56,104,104	MeshInstance3D	0.2x0.1x0.2	StreetIdShot/OrisonRoot/F05/AffectedProp_iris_wrong_paint/@MeshInstance3D@23676
[IDLEG] 0	72,104,104	MeshInstance3D	0.1x0.1x0.1	StreetIdShot/OrisonRoot/F05/AffectedProp_iris_wrong_paint/@MeshInstance3D@23677
[IDLEG] 0	88,104,104	MeshInstance3D	0.1x0.1x0.0	StreetIdShot/OrisonRoot/F05/DomesticWitness_nadia_code_pinball/FaceRig/HourHand/@MeshInstance3D@24244
[IDLEG] 0	104,104,104	MeshInstance3D	0.1x0.0x0.0	StreetIdShot/OrisonRoot/F05/DomesticWitness_nadia_code_pinball/FaceRig/MinuteHand/@MeshInstance3D@24245
[IDLEG] 0	120,104,104	MeshInstance3D	0.0x0.1x0.0	StreetIdShot/OrisonRoot/F05/DomesticWitness_nadia_code_pinball/FaceRig/SecondHand/@MeshInstance3D@24246
[IDLEG] 0	136,104,104	MeshInstance3D	0.4x0.4x0.1	StreetIdShot/OrisonRoot/F05/DomesticWitness_nadia_code_pinball/@MeshInstance3D@24249
[IDLEG] 0	152,104,104	MeshInstance3D	0.3x0.3x0.1	StreetIdShot/OrisonRoot/F05/DomesticWitness_nadia_code_pinball/@MeshInstance3D@24250
[IDLEG] 0	168,104,104	MeshInstance3D	0.3x0.3x0.0	StreetIdShot/OrisonRoot/F05/DomesticWitness_nadia_code_pinball/@MeshInstance3D@24251
[IDLEG] 0	184,104,104	MeshInstance3D	0.3x0.3x0.0	StreetIdShot/OrisonRoot/F05/DomesticWitness_nadia_code_pinball/@MeshInstance3D@24252
[IDLEG] 0	200,104,104	MeshInstance3D	0.2x0.2x0.0	StreetIdShot/OrisonRoot/F05/DomesticWitness_nadia_code_pinball/@MeshInstance3D@24253
[IDLEG] 0	216,104,104	MeshInstance3D	0.4x0.2x0.1	StreetIdShot/OrisonRoot/F05/DomesticWitness_cal_memory_radio/@MeshInstance3D@24263
[IDLEG] 0	232,104,104	MeshInstance3D	0.4x0.0x0.1	StreetIdShot/OrisonRoot/F05/DomesticWitness_cal_memory_radio/@MeshInstance3D@24264
[IDLEG] 0	248,104,104	MeshInstance3D	0.3x0.0x0.1	StreetIdShot/OrisonRoot/F05/DomesticWitness_cal_memory_radio/@MeshInstance3D@24265
[IDLEG] 0	8,120,104	MeshInstance3D	0.3x0.1x0.0	StreetIdShot/OrisonRoot/F05/DomesticWitness_cal_memory_radio/@MeshInstance3D@24266
[IDLEG] 0	24,120,104	MeshInstance3D	0.1x0.1x0.0	StreetIdShot/OrisonRoot/F05/DomesticWitness_iris_runaway_paint/FaceRig/HourHand/@MeshInstance3D@24284
[IDLEG] 0	40,120,104	MeshInstance3D	0.1x0.0x0.0	StreetIdShot/OrisonRoot/F05/DomesticWitness_iris_runaway_paint/FaceRig/MinuteHand/@MeshInstance3D@24285
[IDLEG] 0	56,120,104	MeshInstance3D	0.0x0.1x0.0	StreetIdShot/OrisonRoot/F05/DomesticWitness_iris_runaway_paint/FaceRig/SecondHand/@MeshInstance3D@24286
[IDLEG] 0	72,120,104	MeshInstance3D	0.4x0.4x0.1	StreetIdShot/OrisonRoot/F05/DomesticWitness_iris_runaway_paint/@MeshInstance3D@24289
[IDLEG] 0	88,120,104	MeshInstance3D	0.3x0.3x0.0	StreetIdShot/OrisonRoot/F05/DomesticWitness_iris_runaway_paint/@MeshInstance3D@24290
[IDLEG] 0	104,120,104	MeshInstance3D	0.3x0.3x0.0	StreetIdShot/OrisonRoot/F05/DomesticWitness_iris_runaway_paint/@MeshInstance3D@24291
[IDLEG] 0	120,120,104	MeshInstance3D	0.2x0.2x0.0	StreetIdShot/OrisonRoot/F05/DomesticWitness_iris_runaway_paint/@MeshInstance3D@24292
[IDLEG] 0	136,120,104	MeshInstance3D	0.5x0.1x0.0	StreetIdShot/OrisonRoot/F05/DomesticAnomaly_nadia_level/@MeshInstance3D@24444
[IDLEG] 0	152,120,104	MeshInstance3D	0.2x0.0x0.1	StreetIdShot/OrisonRoot/F05/DomesticAnomaly_nadia_level/@MeshInstance3D@24445
[IDLEG] 0	168,120,104	MeshInstance3D	0.0x0.0x0.0	StreetIdShot/OrisonRoot/F05/DomesticAnomaly_nadia_level/@MeshInstance3D@24446
[IDLEG] 0	184,120,104	MeshInstance3D	0.3x0.2x0.2	StreetIdShot/OrisonRoot/F05/DomesticAnomaly_cal_radio/@MeshInstance3D@24451
[IDLEG] 0	200,120,104	MeshInstance3D	0.1x0.1x0.0	StreetIdShot/OrisonRoot/F05/DomesticAnomaly_cal_radio/@MeshInstance3D@24452
[IDLEG] 0	216,120,104	MeshInstance3D	0.4x0.5x0.0	StreetIdShot/OrisonRoot/F05/DomesticAnomaly_iris_picture_frame/@MeshInstance3D@24458
[IDLEG] 0	232,120,104	MeshInstance3D	0.3x0.4x0.0	StreetIdShot/OrisonRoot/F05/DomesticAnomaly_iris_picture_frame/@MeshInstance3D@24459
[IDLEG] 0	248,120,104	MeshInstance3D	0.0x0.0x0.0	StreetIdShot/OrisonRoot/F05/DomesticAnomaly_iris_picture_frame/@MeshInstance3D@24460
[IDLEG] 0	8,136,104	MeshInstance3D	0.0x0.7x0.7	StreetIdShot/OrisonRoot/F05/MemoryArt_nadia_humane_plan/@MeshInstance3D@24594
[IDLEG] 0	24,136,104	MeshInstance3D	0.0x0.0x0.8	StreetIdShot/OrisonRoot/F05/MemoryArt_nadia_humane_plan/@MeshInstance3D@24595
[IDLEG] 0	40,136,104	MeshInstance3D	0.0x0.0x0.8	StreetIdShot/OrisonRoot/F05/MemoryArt_nadia_humane_plan/@MeshInstance3D@24596
[IDLEG] 0	56,136,104	MeshInstance3D	0.0x0.7x0.0	StreetIdShot/OrisonRoot/F05/MemoryArt_nadia_humane_plan/@MeshInstance3D@24597
[IDLEG] 0	72,136,104	MeshInstance3D	0.0x0.7x0.0	StreetIdShot/OrisonRoot/F05/MemoryArt_nadia_humane_plan/@MeshInstance3D@24598
[IDLEG] 0	88,136,104	MeshInstance3D	0.7x0.7x0.0	StreetIdShot/OrisonRoot/F05/MemoryArt_cal_human_signal/@MeshInstance3D@24600
[IDLEG] 0	104,136,104	MeshInstance3D	0.8x0.0x0.0	StreetIdShot/OrisonRoot/F05/MemoryArt_cal_human_signal/@MeshInstance3D@24601
[IDLEG] 0	120,136,104	MeshInstance3D	0.8x0.0x0.0	StreetIdShot/OrisonRoot/F05/MemoryArt_cal_human_signal/@MeshInstance3D@24602
[IDLEG] 0	136,136,104	MeshInstance3D	0.0x0.7x0.0	StreetIdShot/OrisonRoot/F05/MemoryArt_cal_human_signal/@MeshInstance3D@24603
[IDLEG] 0	152,136,104	MeshInstance3D	0.0x0.7x0.0	StreetIdShot/OrisonRoot/F05/MemoryArt_cal_human_signal/@MeshInstance3D@24604
[IDLEG] 0	168,136,104	MeshInstance3D	0.7x0.7x0.0	StreetIdShot/OrisonRoot/F05/MemoryArt_iris_self_portrait/@MeshInstance3D@24606
[IDLEG] 0	184,136,104	MeshInstance3D	0.8x0.0x0.0	StreetIdShot/OrisonRoot/F05/MemoryArt_iris_self_portrait/@MeshInstance3D@24607
[IDLEG] 0	200,136,104	MeshInstance3D	0.8x0.0x0.0	StreetIdShot/OrisonRoot/F05/MemoryArt_iris_self_portrait/@MeshInstance3D@24608
[IDLEG] 0	216,136,104	MeshInstance3D	0.0x0.7x0.0	StreetIdShot/OrisonRoot/F05/MemoryArt_iris_self_portrait/@MeshInstance3D@24609
[IDLEG] 0	232,136,104	MeshInstance3D	0.0x0.7x0.0	StreetIdShot/OrisonRoot/F05/MemoryArt_iris_self_portrait/@MeshInstance3D@24610
[IDLEG] 0	248,136,104	MeshInstance3D	0.7x0.7x0.0	StreetIdShot/OrisonRoot/F05/WallArt_nadia_people_live_here/@MeshInstance3D@24716
[IDLEG] 0	8,152,104	MeshInstance3D	0.8x0.0x0.0	StreetIdShot/OrisonRoot/F05/WallArt_nadia_people_live_here/@MeshInstance3D@24717
[IDLEG] 0	24,152,104	MeshInstance3D	0.8x0.0x0.0	StreetIdShot/OrisonRoot/F05/WallArt_nadia_people_live_here/@MeshInstance3D@24718
[IDLEG] 0	40,152,104	MeshInstance3D	0.0x0.7x0.0	StreetIdShot/OrisonRoot/F05/WallArt_nadia_people_live_here/@MeshInstance3D@24719
[IDLEG] 0	56,152,104	MeshInstance3D	0.0x0.7x0.0	StreetIdShot/OrisonRoot/F05/WallArt_nadia_people_live_here/@MeshInstance3D@24720
[IDLEG] 0	72,152,104	MeshInstance3D	0.7x0.7x0.0	StreetIdShot/OrisonRoot/F05/WallArt_cal_signal_received/@MeshInstance3D@24722
[IDLEG] 0	88,152,104	MeshInstance3D	0.8x0.0x0.0	StreetIdShot/OrisonRoot/F05/WallArt_cal_signal_received/@MeshInstance3D@24723
[IDLEG] 0	104,152,104	MeshInstance3D	0.8x0.0x0.0	StreetIdShot/OrisonRoot/F05/WallArt_cal_signal_received/@MeshInstance3D@24724
[IDLEG] 0	120,152,104	MeshInstance3D	0.0x0.7x0.0	StreetIdShot/OrisonRoot/F05/WallArt_cal_signal_received/@MeshInstance3D@24725
[IDLEG] 0	136,152,104	MeshInstance3D	0.0x0.7x0.0	StreetIdShot/OrisonRoot/F05/WallArt_cal_signal_received/@MeshInstance3D@24726
[IDLEG] 0	152,152,104	MeshInstance3D	0.7x0.7x0.0	StreetIdShot/OrisonRoot/F05/WallArt_iris_impossible_fold/@MeshInstance3D@24728
[IDLEG] 0	168,152,104	MeshInstance3D	0.8x0.0x0.0	StreetIdShot/OrisonRoot/F05/WallArt_iris_impossible_fold/@MeshInstance3D@24729
[IDLEG] 0	184,152,104	MeshInstance3D	0.8x0.0x0.0	StreetIdShot/OrisonRoot/F05/WallArt_iris_impossible_fold/@MeshInstance3D@24730
[IDLEG] 0	200,152,104	MeshInstance3D	0.0x0.7x0.0	StreetIdShot/OrisonRoot/F05/WallArt_iris_impossible_fold/@MeshInstance3D@24731
[IDLEG] 0	216,152,104	MeshInstance3D	0.0x0.7x0.0	StreetIdShot/OrisonRoot/F05/WallArt_iris_impossible_fold/@MeshInstance3D@24732
[IDLEG] 0	232,152,104	MeshInstance3D	0.0x0.7x0.7	StreetIdShot/OrisonRoot/F05/MemoryArt_fifth_lights_on/@MeshInstance3D@24800
[IDLEG] 0	248,152,104	MeshInstance3D	0.0x0.0x0.8	StreetIdShot/OrisonRoot/F05/MemoryArt_fifth_lights_on/@MeshInstance3D@24801
[IDLEG] 0	8,168,104	MeshInstance3D	0.0x0.0x0.8	StreetIdShot/OrisonRoot/F05/MemoryArt_fifth_lights_on/@MeshInstance3D@24802
[IDLEG] 0	24,168,104	MeshInstance3D	0.0x0.7x0.0	StreetIdShot/OrisonRoot/F05/MemoryArt_fifth_lights_on/@MeshInstance3D@24803
[IDLEG] 0	40,168,104	MeshInstance3D	0.0x0.7x0.0	StreetIdShot/OrisonRoot/F05/MemoryArt_fifth_lights_on/@MeshInstance3D@24804
[IDLEG] 0	56,168,104	MeshInstance3D	0.7x0.7x0.0	StreetIdShot/OrisonRoot/F05/MemoryArt_nadia_joan/@MeshInstance3D@24920
[IDLEG] 0	72,168,104	MeshInstance3D	0.8x0.0x0.0	StreetIdShot/OrisonRoot/F05/MemoryArt_nadia_joan/@MeshInstance3D@24921
[IDLEG] 0	88,168,104	MeshInstance3D	0.8x0.0x0.0	StreetIdShot/OrisonRoot/F05/MemoryArt_nadia_joan/@MeshInstance3D@24922
[IDLEG] 0	104,168,104	MeshInstance3D	0.0x0.7x0.0	StreetIdShot/OrisonRoot/F05/MemoryArt_nadia_joan/@MeshInstance3D@24923
[IDLEG] 0	120,168,104	MeshInstance3D	0.0x0.7x0.0	StreetIdShot/OrisonRoot/F05/MemoryArt_nadia_joan/@MeshInstance3D@24924
[IDLEG] 0	136,168,104	MeshInstance3D	0.0x0.7x0.7	StreetIdShot/OrisonRoot/F05/MemoryArt_cal_ninja_cat/@MeshInstance3D@24926
[IDLEG] 0	152,168,104	MeshInstance3D	0.0x0.0x0.8	StreetIdShot/OrisonRoot/F05/MemoryArt_cal_ninja_cat/@MeshInstance3D@24927
[IDLEG] 0	168,168,104	MeshInstance3D	0.0x0.0x0.8	StreetIdShot/OrisonRoot/F05/MemoryArt_cal_ninja_cat/@MeshInstance3D@24928
[IDLEG] 0	184,168,104	MeshInstance3D	0.0x0.7x0.0	StreetIdShot/OrisonRoot/F05/MemoryArt_cal_ninja_cat/@MeshInstance3D@24929
[IDLEG] 0	200,168,104	MeshInstance3D	0.0x0.7x0.0	StreetIdShot/OrisonRoot/F05/MemoryArt_cal_ninja_cat/@MeshInstance3D@24930
[IDLEG] 0	216,168,104	MeshInstance3D	0.0x0.7x0.7	StreetIdShot/OrisonRoot/F05/MemoryArt_iris_rococo/@MeshInstance3D@24932
[IDLEG] 0	232,168,104	MeshInstance3D	0.0x0.0x0.8	StreetIdShot/OrisonRoot/F05/MemoryArt_iris_rococo/@MeshInstance3D@24933
[IDLEG] 0	248,168,104	MeshInstance3D	0.0x0.0x0.8	StreetIdShot/OrisonRoot/F05/MemoryArt_iris_rococo/@MeshInstance3D@24934
[IDLEG] 0	8,184,104	MeshInstance3D	0.0x0.7x0.0	StreetIdShot/OrisonRoot/F05/MemoryArt_iris_rococo/@MeshInstance3D@24935
[IDLEG] 0	24,184,104	MeshInstance3D	0.0x0.7x0.0	StreetIdShot/OrisonRoot/F05/MemoryArt_iris_rococo/@MeshInstance3D@24936
[IDLEG] 0	40,184,104	MeshInstance3D	27.3x0.0x19.3	StreetIdShot/OrisonRoot/F06/F06_ceiling_plaster
[IDLEG] 0	56,184,104	MeshInstance3D	27.3x0.0x15.8	StreetIdShot/OrisonRoot/F06/F06_ceiling_plaster_stained
[IDLEG] 0	72,184,104	MeshInstance3D	10.7x0.0x19.3	StreetIdShot/OrisonRoot/F06/F06_ceiling_tin_ceiling
[IDLEG] 0	88,184,104	MeshInstance3D	28.2x0.4x20.2	StreetIdShot/OrisonRoot/F06/F06_cornice
[IDLEG] 0	104,184,104	MeshInstance3D	15.4x0.0x12.4	StreetIdShot/OrisonRoot/F06/F06_floors_ceramic
[IDLEG] 0	120,184,104	MeshInstance3D	6.5x0.0x3.5	StreetIdShot/OrisonRoot/F06/F06_floors_concrete
[IDLEG] 0	136,184,104	MeshInstance3D	27.3x0.0x19.3	StreetIdShot/OrisonRoot/F06/F06_floors_floor_oak
[IDLEG] 0	152,184,104	MeshInstance3D	10.7x0.0x19.3	StreetIdShot/OrisonRoot/F06/F06_floors_terrazzo
[IDLEG] 0	168,184,104	MeshInstance3D	2.3x1.0x0.6	StreetIdShot/OrisonRoot/F06/F06_furnish_bakelite
[IDLEG] 0	184,184,104	MeshInstance3D	23.6x0.1x15.6	StreetIdShot/OrisonRoot/F06/F06_furnish_bakelite_black
[IDLEG] 0	200,184,104	MeshInstance3D	16.8x0.1x1.9	StreetIdShot/OrisonRoot/F06/F06_furnish_book_brown
[IDLEG] 0	216,184,104	MeshInstance3D	0.2x0.0x0.2	StreetIdShot/OrisonRoot/F06/F06_furnish_book_burgundy
[IDLEG] 0	232,184,104	MeshInstance3D	16.8x0.2x1.9	StreetIdShot/OrisonRoot/F06/F06_furnish_book_green
[IDLEG] 0	248,184,104	MeshInstance3D	16.9x0.1x1.9	StreetIdShot/OrisonRoot/F06/F06_furnish_book_navy
[IDLEG] 0	8,200,104	MeshInstance3D	16.9x0.1x1.9	StreetIdShot/OrisonRoot/F06/F06_furnish_book_ochre
[IDLEG] 0	24,200,104	MeshInstance3D	16.9x0.1x1.9	StreetIdShot/OrisonRoot/F06/F06_furnish_book_teal
[IDLEG] 0	40,200,104	MeshInstance3D	25.9x3.2x16.4	StreetIdShot/OrisonRoot/F06/F06_furnish_brass
[IDLEG] 0	56,200,104	MeshInstance3D	23.6x0.1x15.6	StreetIdShot/OrisonRoot/F06/F06_furnish_brass_bright
[IDLEG] 0	72,200,104	MeshInstance3D	23.6x0.1x15.6	StreetIdShot/OrisonRoot/F06/F06_furnish_brass_dull
[IDLEG] 0	88,200,104	MeshInstance3D	5.1x0.1x9.8	StreetIdShot/OrisonRoot/F06/F06_furnish_ceramic
[IDLEG] 0	104,200,104	MeshInstance3D	14.2x0.0x10.0	StreetIdShot/OrisonRoot/F06/F06_furnish_chrome
[IDLEG] 0	120,200,104	MeshInstance3D	15.1x0.1x9.3	StreetIdShot/OrisonRoot/F06/F06_furnish_countertop
[IDLEG] 0	136,200,104	MeshInstance3D	6.5x0.7x7.4	StreetIdShot/OrisonRoot/F06/F06_furnish_fabric_cool
[IDLEG] 0	152,200,104	MeshInstance3D	1.3x0.1x1.4	StreetIdShot/OrisonRoot/F06/F06_furnish_fabric_green
[IDLEG] 0	168,200,104	MeshInstance3D	1.3x0.1x1.3	StreetIdShot/OrisonRoot/F06/F06_furnish_fabric_warm
[IDLEG] 0	184,200,104	MeshInstance3D	23.2x1.8x16.4	StreetIdShot/OrisonRoot/F06/F06_furnish_floor_oak
[IDLEG] 0	200,200,104	MeshInstance3D	26.4x1.1x18.1	StreetIdShot/OrisonRoot/F06/F06_furnish_linen
[IDLEG] 0	216,200,104	MeshInstance3D	26.7x3.0x12.4	StreetIdShot/OrisonRoot/F06/F06_furnish_metal
[IDLEG] 0	232,200,104	MeshInstance3D	13.9x0.1x9.1	StreetIdShot/OrisonRoot/F06/F06_furnish_nickel_plated
[IDLEG] 0	248,200,104	MeshInstance3D	26.0x0.4x17.9	StreetIdShot/OrisonRoot/F06/F06_furnish_paper
[IDLEG] 0	8,216,104	MeshInstance3D	14.2x1.1x13.3	StreetIdShot/OrisonRoot/F06/F06_furnish_porcelain
[IDLEG] 0	24,216,104	MeshInstance3D	0.0x0.1x0.1	StreetIdShot/OrisonRoot/F06/F06_furnish_screen
[IDLEG] 0	40,216,104	MeshInstance3D	26.1x1.7x15.6	StreetIdShot/OrisonRoot/F06/F06_furnish_soot
[IDLEG] 0	56,216,104	MeshInstance3D	0.7x1.0x5.6	StreetIdShot/OrisonRoot/F06/F06_furnish_timber
[IDLEG] 0	72,216,104	MeshInstance3D	20.3x2.2x13.3	StreetIdShot/OrisonRoot/F06/F06_furnish_trim
[IDLEG] 0	88,216,104	MeshInstance3D	26.5x2.0x18.2	StreetIdShot/OrisonRoot/F06/F06_furnish_wood_dark
[IDLEG] 0	104,216,104	MeshInstance3D	25.1x0.9x12.8	StreetIdShot/OrisonRoot/F06/F06_furniture_art
[IDLEG] 0	120,216,104	MeshInstance3D	10.9x1.3x13.5	StreetIdShot/OrisonRoot/F06/F06_furniture_brass
[IDLEG] 0	136,216,104	MeshInstance3D	17.0x0.0x12.4	StreetIdShot/OrisonRoot/F06/F06_furniture_brass_dull
[IDLEG] 0	152,216,104	MeshInstance3D	0.7x0.6x0.3	StreetIdShot/OrisonRoot/F06/F06_furniture_cast_iron
[IDLEG] 0	168,216,104	MeshInstance3D	0.3x0.4x0.3	StreetIdShot/OrisonRoot/F06/F06_furniture_ceramic
[IDLEG] 0	184,216,104	MeshInstance3D	15.2x0.0x10.6	StreetIdShot/OrisonRoot/F06/F06_furniture_chrome
[IDLEG] 0	200,216,104	MeshInstance3D	0.9x0.5x2.0	StreetIdShot/OrisonRoot/F06/F06_furniture_fabric_cool
[IDLEG] 0	216,216,104	MeshInstance3D	10.9x1.0x13.5	StreetIdShot/OrisonRoot/F06/F06_furniture_indicator_enamel
[IDLEG] 0	232,216,104	MeshInstance3D	20.8x1.0x10.4	StreetIdShot/OrisonRoot/F06/F06_furniture_linen
[IDLEG] 0	248,216,104	MeshInstance3D	17.0x0.0x12.4	StreetIdShot/OrisonRoot/F06/F06_furniture_linoleum
[IDLEG] 0	8,232,104	MeshInstance3D	15.9x1.9x12.4	StreetIdShot/OrisonRoot/F06/F06_furniture_metal
[IDLEG] 0	24,232,104	MeshInstance3D	10.0x0.0x16.0	StreetIdShot/OrisonRoot/F06/F06_furniture_plaster_stained
[IDLEG] 0	40,232,104	MeshInstance3D	14.3x1.5x7.7	StreetIdShot/OrisonRoot/F06/F06_furniture_rug_warm
[IDLEG] 0	56,232,104	MeshInstance3D	2.4x2.1x2.7	StreetIdShot/OrisonRoot/F06/F06_furniture_soot
[IDLEG] 0	72,232,104	MeshInstance3D	5.3x4.4x1.3	StreetIdShot/OrisonRoot/F06/F06_furniture_timber
[IDLEG] 0	88,232,104	MeshInstance3D	27.6x2.6x19.6	StreetIdShot/OrisonRoot/F06/F06_furniture_trim
[IDLEG] 0	104,232,104	MeshInstance3D	25.2x0.9x12.8	StreetIdShot/OrisonRoot/F06/F06_furniture_wood_dark
[IDLEG] 0	120,232,104	MeshInstance3D	27.9x0.2x19.9	StreetIdShot/OrisonRoot/F06/F06_slabs
[IDLEG] 0	136,232,104	MeshInstance3D	6.3x3.2x2.9	StreetIdShot/OrisonRoot/F06/F06_stairs
[IDLEG] 0	152,232,104	MeshInstance3D	3.1x3.9x3.1	StreetIdShot/OrisonRoot/F06/F06_stairs_bal
[IDLEG] 0	168,232,104	MeshInstance3D	6.2x3.4x3.1	StreetIdShot/OrisonRoot/F06/F06_stairs_brass
[IDLEG] 0	184,232,104	MeshInstance3D	6.3x3.4x3.1	StreetIdShot/OrisonRoot/F06/F06_stairs_iron
[IDLEG] 0	200,232,104	MeshInstance3D	6.3x1.8x6.3	StreetIdShot/OrisonRoot/F06/F06_stairs_landing
[IDLEG] 0	216,232,104	MeshInstance3D	6.3x4.2x3.2	StreetIdShot/OrisonRoot/F06/F06_stairs_rail
[IDLEG] 0	232,232,104	MeshInstance3D	6.3x2.9x2.9	StreetIdShot/OrisonRoot/F06/F06_stairs_treads
[IDLEG] 0	248,232,104	MeshInstance3D	28.1x2.5x20.1	StreetIdShot/OrisonRoot/F06/F06_stone_trim
[IDLEG] 0	8,248,104	MeshInstance3D	27.4x3.2x19.4	StreetIdShot/OrisonRoot/F06/F06_trim
[IDLEG] 0	24,248,104	MeshInstance3D	14.9x0.0x10.3	StreetIdShot/OrisonRoot/F06/F06_vent_register_screws
[IDLEG] 0	40,248,104	MeshInstance3D	14.8x0.0x10.3	StreetIdShot/OrisonRoot/F06/F06_vent_register_throat
[IDLEG] 0	56,248,104	MeshInstance3D	14.9x0.0x10.3	StreetIdShot/OrisonRoot/F06/F06_vent_register_trim
[IDLEG] 0	72,248,104	MeshInstance3D	15.5x1.2x12.4	StreetIdShot/OrisonRoot/F06/F06_wainscot_subway_tile
[IDLEG] 0	88,248,104	MeshInstance3D	10.5x1.2x19.3	StreetIdShot/OrisonRoot/F06/F06_wainscot_wainscot
[IDLEG] 0	104,248,104	MeshInstance3D	27.3x3.0x19.3	StreetIdShot/OrisonRoot/F06/F06_walls
[IDLEG] 0	120,248,104	MeshInstance3D	28.0x3.2x19.7	StreetIdShot/OrisonRoot/F06/F06_walls_cbrick
[IDLEG] 0	136,248,104	MeshInstance3D	2.3x3.0x2.3	StreetIdShot/OrisonRoot/F06/F06_walls_conc
[IDLEG] 0	152,248,104	MeshInstance3D	27.3x3.2x0.3	StreetIdShot/OrisonRoot/F06/F06_walls_fbrick
[IDLEG] 0	168,248,104	MultiMeshInstance3D	24.1x0.1x16.3	StreetIdShot/OrisonRoot/F06/F06_VantryPointBatch
[IDLEG] 0	184,248,104	MultiMeshInstance3D	19.9x2.9x8.2	StreetIdShot/OrisonRoot/F06/@MultiMeshInstance3D@294
[IDLEG] 0	200,248,104	MultiMeshInstance3D	19.4x3.1x8.1	StreetIdShot/OrisonRoot/F06/@MultiMeshInstance3D@295
[IDLEG] 0	216,248,104	MeshInstance3D	0.0x0.1x0.1	StreetIdShot/OrisonRoot/F06/Projector_6C/@MeshInstance3D@909
[IDLEG] 0	232,248,104	MeshInstance3D	0.2x0.0x0.3	StreetIdShot/OrisonRoot/F06/Projector_6C/@MeshInstance3D@913
[IDLEG] 0	248,248,104	MeshInstance3D	0.1x0.0x0.0	StreetIdShot/OrisonRoot/F06/Projector_6C/@MeshInstance3D@914
[IDLEG] 0	8,8,120	MeshInstance3D	0.1x0.0x0.0	StreetIdShot/OrisonRoot/F06/Projector_6C/@MeshInstance3D@915
[IDLEG] 0	24,8,120	MeshInstance3D	0.1x0.1x0.1	StreetIdShot/OrisonRoot/F06/Projector_6C/@MeshInstance3D@916
[IDLEG] 0	40,8,120	MeshInstance3D	0.1x0.2x0.1	StreetIdShot/OrisonRoot/F06/Projector_6C/@MeshInstance3D@917
[IDLEG] 0	56,8,120	MeshInstance3D	0.1x0.2x0.1	StreetIdShot/OrisonRoot/F06/Projector_6C/@MeshInstance3D@918
[IDLEG] 0	72,8,120	MeshInstance3D	0.0x0.0x0.1	StreetIdShot/OrisonRoot/F06/Projector_6C/@MeshInstance3D@919
[IDLEG] 0	88,8,120	MeshInstance3D	0.0x0.0x0.1	StreetIdShot/OrisonRoot/F06/Projector_6C/@MeshInstance3D@920
[IDLEG] 0	104,8,120	MeshInstance3D	0.0x0.0x0.1	StreetIdShot/OrisonRoot/F06/Projector_6C/@MeshInstance3D@921
[IDLEG] 0	120,8,120	MeshInstance3D	0.0x0.0x0.1	StreetIdShot/OrisonRoot/F06/Projector_6C/@MeshInstance3D@922
[IDLEG] 0	136,8,120	MeshInstance3D	0.0x0.0x0.1	StreetIdShot/OrisonRoot/F06/Projector_6C/@MeshInstance3D@923
[IDLEG] 0	152,8,120	MeshInstance3D	0.0x0.0x0.1	StreetIdShot/OrisonRoot/F06/Projector_6C/@MeshInstance3D@924
[IDLEG] 0	168,8,120	MeshInstance3D	0.1x0.0x0.1	StreetIdShot/OrisonRoot/F06/Projector_6C/@MeshInstance3D@925
[IDLEG] 0	184,8,120	MeshInstance3D	0.1x0.1x0.1	StreetIdShot/OrisonRoot/F06/Projector_6C/@MeshInstance3D@926
[IDLEG] 0	200,8,120	MeshInstance3D	0.0x0.1x0.1	StreetIdShot/OrisonRoot/F06/Projector_6C/@MeshInstance3D@927
[IDLEG] 0	216,8,120	MeshInstance3D	0.0x0.1x0.1	StreetIdShot/OrisonRoot/F06/Projector_6C/@MeshInstance3D@928
[IDLEG] 0	232,8,120	MeshInstance3D	0.0x0.1x0.0	StreetIdShot/OrisonRoot/F06/Projector_6C/@MeshInstance3D@929
[IDLEG] 0	248,8,120	MeshInstance3D	0.0x0.0x0.0	StreetIdShot/OrisonRoot/F06/Projector_6C/@MeshInstance3D@930
[IDLEG] 0	8,24,120	MeshInstance3D	0.0x0.0x0.0	StreetIdShot/OrisonRoot/F06/Projector_6C/@MeshInstance3D@931
[IDLEG] 0	24,24,120	MeshInstance3D	0.0x0.0x0.0	StreetIdShot/OrisonRoot/F06/Projector_6C/@MeshInstance3D@932
[IDLEG] 0	40,24,120	MeshInstance3D	0.0x0.0x0.0	StreetIdShot/OrisonRoot/F06/Projector_6C/@MeshInstance3D@933
[IDLEG] 0	56,24,120	MeshInstance3D	0.0x0.0x0.0	StreetIdShot/OrisonRoot/F06/Projector_6C/@MeshInstance3D@934
[IDLEG] 0	72,24,120	MeshInstance3D	0.0x0.1x0.0	StreetIdShot/OrisonRoot/F06/Projector_6C/@MeshInstance3D@935
[IDLEG] 0	88,24,120	MeshInstance3D	0.0x0.0x0.1	StreetIdShot/OrisonRoot/F06/Projector_6C/@MeshInstance3D@936
[IDLEG] 0	104,24,120	MeshInstance3D	0.2x0.2x0.0	StreetIdShot/OrisonRoot/F06/Projector_6C/@MeshInstance3D@937
[IDLEG] 0	120,24,120	MeshInstance3D	0.2x0.2x0.0	StreetIdShot/OrisonRoot/F06/Projector_6C/@MeshInstance3D@938
[IDLEG] 0	136,24,120	MeshInstance3D	0.2x0.2x0.0	StreetIdShot/OrisonRoot/F06/Projector_6C/@MeshInstance3D@939
[IDLEG] 0	152,24,120	MeshInstance3D	0.0x0.0x0.0	StreetIdShot/OrisonRoot/F06/Projector_6C/@MeshInstance3D@940
[IDLEG] 0	168,24,120	MeshInstance3D	0.1x0.2x0.0	StreetIdShot/OrisonRoot/F06/Projector_6C/@MeshInstance3D@941
[IDLEG] 0	184,24,120	MeshInstance3D	0.0x0.0x0.1	StreetIdShot/OrisonRoot/F06/Projector_6C/@MeshInstance3D@942
[IDLEG] 0	200,24,120	MeshInstance3D	0.2x0.2x0.0	StreetIdShot/OrisonRoot/F06/Projector_6C/@MeshInstance3D@943
[IDLEG] 0	216,24,120	MeshInstance3D	0.2x0.2x0.0	StreetIdShot/OrisonRoot/F06/Projector_6C/@MeshInstance3D@944
[IDLEG] 0	232,24,120	MeshInstance3D	0.1x0.1x0.0	StreetIdShot/OrisonRoot/F06/Projector_6C/@MeshInstance3D@945
[IDLEG] 0	248,24,120	MeshInstance3D	0.0x0.0x0.0	StreetIdShot/OrisonRoot/F06/Projector_6C/@MeshInstance3D@946
[IDLEG] 0	8,40,120	MeshInstance3D	0.2x0.0x0.0	StreetIdShot/OrisonRoot/F06/Projector_6C/@MeshInstance3D@947
[IDLEG] 0	24,40,120	MeshInstance3D	0.0x0.0x0.0	StreetIdShot/OrisonRoot/F06/NPC_mae_kessler/RiggedCharacter/Armature/Skeleton3D/char1
[IDLEG] 0	40,40,120	MeshInstance3D	0.3x0.2x0.2	StreetIdShot/OrisonRoot/F06/AffectedProp_sacha_primary_camera/@MeshInstance3D@23681
[IDLEG] 0	56,40,120	MeshInstance3D	0.1x0.1x0.0	StreetIdShot/OrisonRoot/F06/AffectedProp_sacha_primary_camera/@MeshInstance3D@23682
[IDLEG] 0	72,40,120	MeshInstance3D	0.1x0.1x0.0	StreetIdShot/OrisonRoot/F06/AffectedProp_sacha_primary_camera/@MeshInstance3D@23683
[IDLEG] 0	88,40,120	MeshInstance3D	0.1x0.1x0.1	StreetIdShot/OrisonRoot/F06/AffectedProp_sacha_primary_camera/@MeshInstance3D@23684
[IDLEG] 0	104,40,120	MeshInstance3D	0.3x0.2x0.2	StreetIdShot/OrisonRoot/F06/AffectedProp_sacha_delay_monitor/@MeshInstance3D@23690
[IDLEG] 0	120,40,120	MeshInstance3D	0.1x0.1x0.0	StreetIdShot/OrisonRoot/F06/AffectedProp_sacha_delay_monitor/@MeshInstance3D@23691
[IDLEG] 0	136,40,120	MeshInstance3D	0.1x0.1x0.0	StreetIdShot/OrisonRoot/F06/AffectedProp_sacha_delay_monitor/@MeshInstance3D@23692
[IDLEG] 0	152,40,120	MeshInstance3D	0.3x0.0x0.3	StreetIdShot/OrisonRoot/F06/AffectedProp_sacha_adapter_tangle/@MeshInstance3D@23697
[IDLEG] 0	168,40,120	MeshInstance3D	0.3x0.0x0.3	StreetIdShot/OrisonRoot/F06/AffectedProp_sacha_adapter_tangle/@MeshInstance3D@23698
[IDLEG] 0	184,40,120	MeshInstance3D	0.4x0.0x0.4	StreetIdShot/OrisonRoot/F06/AffectedProp_sacha_adapter_tangle/@MeshInstance3D@23699
[IDLEG] 0	200,40,120	MeshInstance3D	0.3x0.0x0.2	StreetIdShot/OrisonRoot/F06/AffectedProp_jonah_unfinished_notebook/@MeshInstance3D@23704
[IDLEG] 0	216,40,120	MeshInstance3D	0.1x0.1x0.1	StreetIdShot/OrisonRoot/F06/AffectedProp_jonah_cold_mug/@MeshInstance3D@23707
[IDLEG] 0	232,40,120	MeshInstance3D	0.3x0.0x0.2	StreetIdShot/OrisonRoot/F06/AffectedProp_jonah_word_tiles/@MeshInstance3D@23710
[IDLEG] 0	248,40,120	MeshInstance3D	0.4x0.3x0.2	StreetIdShot/OrisonRoot/F06/AffectedProp_mae_numbered_box/@MeshInstance3D@23713
[IDLEG] 0	8,56,120	MeshInstance3D	0.1x0.0x0.0	StreetIdShot/OrisonRoot/F06/AffectedProp_mae_numbered_box/@MeshInstance3D@23714
[IDLEG] 0	24,56,120	MeshInstance3D	0.3x0.0x0.2	StreetIdShot/OrisonRoot/F06/AffectedProp_mae_white_gloves/@MeshInstance3D@23718
[IDLEG] 0	40,56,120	MeshInstance3D	0.3x0.0x0.2	StreetIdShot/OrisonRoot/F06/AffectedProp_mae_catalog_tags/@MeshInstance3D@23721
[IDLEG] 0	56,56,120	MeshInstance3D	0.4x0.2x0.1	StreetIdShot/OrisonRoot/F06/DomesticWitness_sacha_camera_delay/@MeshInstance3D@24304
[IDLEG] 0	72,56,120	MeshInstance3D	0.3x0.1x0.0	StreetIdShot/OrisonRoot/F06/DomesticWitness_sacha_camera_delay/@MeshInstance3D@24305
[IDLEG] 0	88,56,120	MeshInstance3D	0.3x0.1x0.0	StreetIdShot/OrisonRoot/F06/DomesticWitness_sacha_camera_delay/@MeshInstance3D@24306
[IDLEG] 0	104,56,120	MeshInstance3D	0.4x0.2x0.1	StreetIdShot/OrisonRoot/F06/DomesticWitness_jonah_sentence_insects/@MeshInstance3D@24316
[IDLEG] 0	120,56,120	MeshInstance3D	0.5x0.1x0.1	StreetIdShot/OrisonRoot/F06/DomesticWitness_jonah_sentence_insects/@MeshInstance3D@24317
[IDLEG] 0	136,56,120	MeshInstance3D	0.3x0.1x0.0	StreetIdShot/OrisonRoot/F06/DomesticWitness_jonah_sentence_insects/@MeshInstance3D@24318
[IDLEG] 0	152,56,120	MeshInstance3D	0.1x0.1x0.0	StreetIdShot/OrisonRoot/F06/DomesticWitness_mae_contradictory_antiques/FaceRig/HourHand/@MeshInstance3D@24338
[IDLEG] 0	168,56,120	MeshInstance3D	0.1x0.0x0.0	StreetIdShot/OrisonRoot/F06/DomesticWitness_mae_contradictory_antiques/FaceRig/MinuteHand/@MeshInstance3D@24339
[IDLEG] 0	184,56,120	MeshInstance3D	0.0x0.1x0.0	StreetIdShot/OrisonRoot/F06/DomesticWitness_mae_contradictory_antiques/FaceRig/SecondHand/@MeshInstance3D@24340
[IDLEG] 0	200,56,120	MeshInstance3D	0.4x0.4x0.1	StreetIdShot/OrisonRoot/F06/DomesticWitness_mae_contradictory_antiques/@MeshInstance3D@24343
[IDLEG] 0	216,56,120	MeshInstance3D	0.4x0.3x0.0	StreetIdShot/OrisonRoot/F06/DomesticWitness_mae_contradictory_antiques/@MeshInstance3D@24344
[IDLEG] 0	232,56,120	MeshInstance3D	0.3x0.3x0.0	StreetIdShot/OrisonRoot/F06/DomesticWitness_mae_contradictory_antiques/@MeshInstance3D@24345
[IDLEG] 0	248,56,120	MeshInstance3D	0.2x0.2x0.0	StreetIdShot/OrisonRoot/F06/DomesticWitness_mae_contradictory_antiques/@MeshInstance3D@24346
[IDLEG] 0	8,72,120	MeshInstance3D	0.2x0.1x0.1	StreetIdShot/OrisonRoot/F06/DomesticAnomaly_sacha_camera/@MeshInstance3D@24465
[IDLEG] 0	24,72,120	MeshInstance3D	0.1x0.1x0.1	StreetIdShot/OrisonRoot/F06/DomesticAnomaly_sacha_camera/@Node3D@24466/@MeshInstance3D@24467
[IDLEG] 0	40,72,120	MeshInstance3D	0.0x0.0x0.0	StreetIdShot/OrisonRoot/F06/DomesticAnomaly_sacha_camera/@MeshInstance3D@24468
[IDLEG] 0	56,72,120	MeshInstance3D	0.4x0.1x0.3	StreetIdShot/OrisonRoot/F06/DomesticAnomaly_jonah_typewriter/@MeshInstance3D@24473
[IDLEG] 0	72,72,120	MeshInstance3D	0.4x0.0x0.0	StreetIdShot/OrisonRoot/F06/DomesticAnomaly_jonah_typewriter/@MeshInstance3D@24474
[IDLEG] 0	88,72,120	MeshInstance3D	0.0x0.0x0.0	StreetIdShot/OrisonRoot/F06/DomesticAnomaly_jonah_typewriter/@MeshInstance3D@24475
[IDLEG] 0	104,72,120	MeshInstance3D	0.0x0.0x0.0	StreetIdShot/OrisonRoot/F06/DomesticAnomaly_jonah_typewriter/@MeshInstance3D@24476
[IDLEG] 0	120,72,120	MeshInstance3D	0.0x0.0x0.0	StreetIdShot/OrisonRoot/F06/DomesticAnomaly_jonah_typewriter/@MeshInstance3D@24477
[IDLEG] 0	136,72,120	MeshInstance3D	0.0x0.0x0.0	StreetIdShot/OrisonRoot/F06/DomesticAnomaly_jonah_typewriter/@MeshInstance3D@24478
[IDLEG] 0	152,72,120	MeshInstance3D	0.0x0.0x0.0	StreetIdShot/OrisonRoot/F06/DomesticAnomaly_jonah_typewriter/@MeshInstance3D@24479
[IDLEG] 0	168,72,120	MeshInstance3D	0.0x0.0x0.0	StreetIdShot/OrisonRoot/F06/DomesticAnomaly_jonah_typewriter/@MeshInstance3D@24480
[IDLEG] 0	184,72,120	MeshInstance3D	0.0x0.0x0.0	StreetIdShot/OrisonRoot/F06/DomesticAnomaly_jonah_typewriter/@MeshInstance3D@24481
[IDLEG] 0	200,72,120	MeshInstance3D	0.0x0.0x0.0	StreetIdShot/OrisonRoot/F06/DomesticAnomaly_jonah_typewriter/@MeshInstance3D@24482
[IDLEG] 0	216,72,120	MeshInstance3D	0.0x0.0x0.0	StreetIdShot/OrisonRoot/F06/DomesticAnomaly_jonah_typewriter/@MeshInstance3D@24483
[IDLEG] 0	232,72,120	MeshInstance3D	0.3x0.1x0.3	StreetIdShot/OrisonRoot/F06/DomesticAnomaly_mae_key_bowl/@MeshInstance3D@24488
[IDLEG] 0	248,72,120	MeshInstance3D	0.0x0.0x0.1	StreetIdShot/OrisonRoot/F06/DomesticAnomaly_mae_key_bowl/@MeshInstance3D@24490
[IDLEG] 0	8,88,120	MeshInstance3D	0.0x0.0x0.1	StreetIdShot/OrisonRoot/F06/DomesticAnomaly_mae_key_bowl/@MeshInstance3D@24491
[IDLEG] 0	24,88,120	MeshInstance3D	0.0x0.0x0.1	StreetIdShot/OrisonRoot/F06/DomesticAnomaly_mae_key_bowl/@MeshInstance3D@24492
[IDLEG] 0	40,88,120	MeshInstance3D	0.7x0.7x0.0	StreetIdShot/OrisonRoot/F06/MemoryArt_sacha_camera_lowered/@MeshInstance3D@24612
[IDLEG] 0	56,88,120	MeshInstance3D	0.8x0.0x0.0	StreetIdShot/OrisonRoot/F06/MemoryArt_sacha_camera_lowered/@MeshInstance3D@24613
[IDLEG] 0	72,88,120	MeshInstance3D	0.8x0.0x0.0	StreetIdShot/OrisonRoot/F06/MemoryArt_sacha_camera_lowered/@MeshInstance3D@24614
[IDLEG] 0	88,88,120	MeshInstance3D	0.0x0.7x0.0	StreetIdShot/OrisonRoot/F06/MemoryArt_sacha_camera_lowered/@MeshInstance3D@24615
[IDLEG] 0	104,88,120	MeshInstance3D	0.0x0.7x0.0	StreetIdShot/OrisonRoot/F06/MemoryArt_sacha_camera_lowered/@MeshInstance3D@24616
[IDLEG] 0	120,88,120	MeshInstance3D	0.7x0.7x0.0	StreetIdShot/OrisonRoot/F06/MemoryArt_jonah_unfinished_words/@MeshInstance3D@24618
[IDLEG] 0	136,88,120	MeshInstance3D	0.8x0.0x0.0	StreetIdShot/OrisonRoot/F06/MemoryArt_jonah_unfinished_words/@MeshInstance3D@24619
[IDLEG] 0	152,88,120	MeshInstance3D	0.8x0.0x0.0	StreetIdShot/OrisonRoot/F06/MemoryArt_jonah_unfinished_words/@MeshInstance3D@24620
[IDLEG] 0	168,88,120	MeshInstance3D	0.0x0.7x0.0	StreetIdShot/OrisonRoot/F06/MemoryArt_jonah_unfinished_words/@MeshInstance3D@24621
[IDLEG] 0	184,88,120	MeshInstance3D	0.0x0.7x0.0	StreetIdShot/OrisonRoot/F06/MemoryArt_jonah_unfinished_words/@MeshInstance3D@24622
[IDLEG] 0	200,88,120	MeshInstance3D	0.3x0.3x0.1	StreetIdShot/OrisonRoot/F06/MemoryArt_jonah_listening_watercolor/@MeshInstance3D@24624
[IDLEG] 0	216,88,120	MeshInstance3D	0.4x0.0x0.2	StreetIdShot/OrisonRoot/F06/MemoryArt_jonah_listening_watercolor/@MeshInstance3D@24625
[IDLEG] 0	232,88,120	MeshInstance3D	0.4x0.0x0.2	StreetIdShot/OrisonRoot/F06/MemoryArt_jonah_listening_watercolor/@MeshInstance3D@24626
[IDLEG] 0	248,88,120	MeshInstance3D	0.0x0.3x0.1	StreetIdShot/OrisonRoot/F06/MemoryArt_jonah_listening_watercolor/@MeshInstance3D@24627
[IDLEG] 0	8,104,120	MeshInstance3D	0.0x0.3x0.1	StreetIdShot/OrisonRoot/F06/MemoryArt_jonah_listening_watercolor/@MeshInstance3D@24628
[IDLEG] 0	24,104,120	MeshInstance3D	0.3x0.0x0.2	StreetIdShot/OrisonRoot/F06/MemoryArt_jonah_listening_watercolor/@MeshInstance3D@24629
[IDLEG] 0	40,104,120	MeshInstance3D	0.0x0.7x0.7	StreetIdShot/OrisonRoot/F06/MemoryArt_mae_inherited_box/@MeshInstance3D@24631
[IDLEG] 0	56,104,120	MeshInstance3D	0.0x0.0x0.8	StreetIdShot/OrisonRoot/F06/MemoryArt_mae_inherited_box/@MeshInstance3D@24632
[IDLEG] 0	72,104,120	MeshInstance3D	0.0x0.0x0.8	StreetIdShot/OrisonRoot/F06/MemoryArt_mae_inherited_box/@MeshInstance3D@24633
[IDLEG] 0	88,104,120	MeshInstance3D	0.0x0.7x0.0	StreetIdShot/OrisonRoot/F06/MemoryArt_mae_inherited_box/@MeshInstance3D@24634
[IDLEG] 0	104,104,120	MeshInstance3D	0.0x0.7x0.0	StreetIdShot/OrisonRoot/F06/MemoryArt_mae_inherited_box/@MeshInstance3D@24635
[IDLEG] 0	120,104,120	MeshInstance3D	0.3x0.3x0.1	StreetIdShot/OrisonRoot/F06/MemoryArt_mae_young_cataloger/@MeshInstance3D@24637
[IDLEG] 0	136,104,120	MeshInstance3D	0.4x0.0x0.2	StreetIdShot/OrisonRoot/F06/MemoryArt_mae_young_cataloger/@MeshInstance3D@24638
[IDLEG] 0	152,104,120	MeshInstance3D	0.4x0.0x0.2	StreetIdShot/OrisonRoot/F06/MemoryArt_mae_young_cataloger/@MeshInstance3D@24639
[IDLEG] 0	168,104,120	MeshInstance3D	0.0x0.3x0.1	StreetIdShot/OrisonRoot/F06/MemoryArt_mae_young_cataloger/@MeshInstance3D@24640
[IDLEG] 0	184,104,120	MeshInstance3D	0.0x0.3x0.1	StreetIdShot/OrisonRoot/F06/MemoryArt_mae_young_cataloger/@MeshInstance3D@24641
[IDLEG] 0	200,104,120	MeshInstance3D	0.3x0.0x0.2	StreetIdShot/OrisonRoot/F06/MemoryArt_mae_young_cataloger/@MeshInstance3D@24642
[IDLEG] 0	216,104,120	MeshInstance3D	0.7x0.7x0.0	StreetIdShot/OrisonRoot/F06/WallArt_sacha_look_first/@MeshInstance3D@24734
[IDLEG] 0	232,104,120	MeshInstance3D	0.8x0.0x0.0	StreetIdShot/OrisonRoot/F06/WallArt_sacha_look_first/@MeshInstance3D@24735
[IDLEG] 0	248,104,120	MeshInstance3D	0.8x0.0x0.0	StreetIdShot/OrisonRoot/F06/WallArt_sacha_look_first/@MeshInstance3D@24736
[IDLEG] 0	8,120,120	MeshInstance3D	0.0x0.7x0.0	StreetIdShot/OrisonRoot/F06/WallArt_sacha_look_first/@MeshInstance3D@24737
[IDLEG] 0	24,120,120	MeshInstance3D	0.0x0.7x0.0	StreetIdShot/OrisonRoot/F06/WallArt_sacha_look_first/@MeshInstance3D@24738
[IDLEG] 0	40,120,120	MeshInstance3D	0.0x0.7x0.7	StreetIdShot/OrisonRoot/F06/WallArt_jonah_begin_anywhere/@MeshInstance3D@24740
[IDLEG] 0	56,120,120	MeshInstance3D	0.0x0.0x0.8	StreetIdShot/OrisonRoot/F06/WallArt_jonah_begin_anywhere/@MeshInstance3D@24741
[IDLEG] 0	72,120,120	MeshInstance3D	0.0x0.0x0.8	StreetIdShot/OrisonRoot/F06/WallArt_jonah_begin_anywhere/@MeshInstance3D@24742
[IDLEG] 0	88,120,120	MeshInstance3D	0.0x0.7x0.0	StreetIdShot/OrisonRoot/F06/WallArt_jonah_begin_anywhere/@MeshInstance3D@24743
[IDLEG] 0	104,120,120	MeshInstance3D	0.0x0.7x0.0	StreetIdShot/OrisonRoot/F06/WallArt_jonah_begin_anywhere/@MeshInstance3D@24744
[IDLEG] 0	120,120,120	MeshInstance3D	0.7x0.7x0.0	StreetIdShot/OrisonRoot/F06/WallArt_jonah_words_missing/@MeshInstance3D@24746
[IDLEG] 0	136,120,120	MeshInstance3D	0.8x0.0x0.0	StreetIdShot/OrisonRoot/F06/WallArt_jonah_words_missing/@MeshInstance3D@24747
[IDLEG] 0	152,120,120	MeshInstance3D	0.8x0.0x0.0	StreetIdShot/OrisonRoot/F06/WallArt_jonah_words_missing/@MeshInstance3D@24748
[IDLEG] 0	168,120,120	MeshInstance3D	0.0x0.7x0.0	StreetIdShot/OrisonRoot/F06/WallArt_jonah_words_missing/@MeshInstance3D@24749
[IDLEG] 0	184,120,120	MeshInstance3D	0.0x0.7x0.0	StreetIdShot/OrisonRoot/F06/WallArt_jonah_words_missing/@MeshInstance3D@24750
[IDLEG] 0	200,120,120	MeshInstance3D	0.7x0.7x0.0	StreetIdShot/OrisonRoot/F06/WallArt_mae_provenance_unknown/@MeshInstance3D@24752
[IDLEG] 0	216,120,120	MeshInstance3D	0.8x0.0x0.0	StreetIdShot/OrisonRoot/F06/WallArt_mae_provenance_unknown/@MeshInstance3D@24753
[IDLEG] 0	232,120,120	MeshInstance3D	0.8x0.0x0.0	StreetIdShot/OrisonRoot/F06/WallArt_mae_provenance_unknown/@MeshInstance3D@24754
[IDLEG] 0	248,120,120	MeshInstance3D	0.0x0.7x0.0	StreetIdShot/OrisonRoot/F06/WallArt_mae_provenance_unknown/@MeshInstance3D@24755
[IDLEG] 0	8,136,120	MeshInstance3D	0.0x0.7x0.0	StreetIdShot/OrisonRoot/F06/WallArt_mae_provenance_unknown/@MeshInstance3D@24756
[IDLEG] 0	24,136,120	MeshInstance3D	0.7x0.7x0.0	StreetIdShot/OrisonRoot/F06/WallArt_mae_object_genealogy/@MeshInstance3D@24758
[IDLEG] 0	40,136,120	MeshInstance3D	0.8x0.0x0.0	StreetIdShot/OrisonRoot/F06/WallArt_mae_object_genealogy/@MeshInstance3D@24759
[IDLEG] 0	56,136,120	MeshInstance3D	0.8x0.0x0.0	StreetIdShot/OrisonRoot/F06/WallArt_mae_object_genealogy/@MeshInstance3D@24760
[IDLEG] 0	72,136,120	MeshInstance3D	0.0x0.7x0.0	StreetIdShot/OrisonRoot/F06/WallArt_mae_object_genealogy/@MeshInstance3D@24761
[IDLEG] 0	88,136,120	MeshInstance3D	0.0x0.7x0.0	StreetIdShot/OrisonRoot/F06/WallArt_mae_object_genealogy/@MeshInstance3D@24762
[IDLEG] 0	104,136,120	MeshInstance3D	0.0x0.7x0.7	StreetIdShot/OrisonRoot/F06/MemoryArt_sixth_make_room/@MeshInstance3D@24806
[IDLEG] 0	120,136,120	MeshInstance3D	0.0x0.0x0.8	StreetIdShot/OrisonRoot/F06/MemoryArt_sixth_make_room/@MeshInstance3D@24807
[IDLEG] 0	136,136,120	MeshInstance3D	0.0x0.0x0.8	StreetIdShot/OrisonRoot/F06/MemoryArt_sixth_make_room/@MeshInstance3D@24808
[IDLEG] 0	152,136,120	MeshInstance3D	0.0x0.7x0.0	StreetIdShot/OrisonRoot/F06/MemoryArt_sixth_make_room/@MeshInstance3D@24809
[IDLEG] 0	168,136,120	MeshInstance3D	0.0x0.7x0.0	StreetIdShot/OrisonRoot/F06/MemoryArt_sixth_make_room/@MeshInstance3D@24810
[IDLEG] 0	184,136,120	MeshInstance3D	0.7x0.7x0.0	StreetIdShot/OrisonRoot/F06/MemoryArt_sacha_stardust/@MeshInstance3D@24938
[IDLEG] 0	200,136,120	MeshInstance3D	0.8x0.0x0.0	StreetIdShot/OrisonRoot/F06/MemoryArt_sacha_stardust/@MeshInstance3D@24939
[IDLEG] 0	216,136,120	MeshInstance3D	0.8x0.0x0.0	StreetIdShot/OrisonRoot/F06/MemoryArt_sacha_stardust/@MeshInstance3D@24940
[IDLEG] 0	232,136,120	MeshInstance3D	0.0x0.7x0.0	StreetIdShot/OrisonRoot/F06/MemoryArt_sacha_stardust/@MeshInstance3D@24941
[IDLEG] 0	248,136,120	MeshInstance3D	0.0x0.7x0.0	StreetIdShot/OrisonRoot/F06/MemoryArt_sacha_stardust/@MeshInstance3D@24942
[IDLEG] 0	8,152,120	MeshInstance3D	0.7x0.7x0.0	StreetIdShot/OrisonRoot/F06/MemoryArt_jonah_halloween/@MeshInstance3D@24944
[IDLEG] 0	24,152,120	MeshInstance3D	0.8x0.0x0.0	StreetIdShot/OrisonRoot/F06/MemoryArt_jonah_halloween/@MeshInstance3D@24945
[IDLEG] 0	40,152,120	MeshInstance3D	0.8x0.0x0.0	StreetIdShot/OrisonRoot/F06/MemoryArt_jonah_halloween/@MeshInstance3D@24946
[IDLEG] 0	56,152,120	MeshInstance3D	0.0x0.7x0.0	StreetIdShot/OrisonRoot/F06/MemoryArt_jonah_halloween/@MeshInstance3D@24947
[IDLEG] 0	72,152,120	MeshInstance3D	0.0x0.7x0.0	StreetIdShot/OrisonRoot/F06/MemoryArt_jonah_halloween/@MeshInstance3D@24948
[IDLEG] 0	88,152,120	MeshInstance3D	0.0x0.7x0.7	StreetIdShot/OrisonRoot/F06/MemoryArt_mae_watercolor/@MeshInstance3D@24950
[IDLEG] 0	104,152,120	MeshInstance3D	0.0x0.0x0.8	StreetIdShot/OrisonRoot/F06/MemoryArt_mae_watercolor/@MeshInstance3D@24951
[IDLEG] 0	120,152,120	MeshInstance3D	0.0x0.0x0.8	StreetIdShot/OrisonRoot/F06/MemoryArt_mae_watercolor/@MeshInstance3D@24952
[IDLEG] 0	136,152,120	MeshInstance3D	0.0x0.7x0.0	StreetIdShot/OrisonRoot/F06/MemoryArt_mae_watercolor/@MeshInstance3D@24953
[IDLEG] 0	152,152,120	MeshInstance3D	0.0x0.7x0.0	StreetIdShot/OrisonRoot/F06/MemoryArt_mae_watercolor/@MeshInstance3D@24954
[IDLEG] 0	168,152,120	MeshInstance3D	0.2x0.1x0.2	StreetIdShot/OrisonRoot/F06/ActiveVantryPoint/FixedBackplateAndCapsule/@MeshInstance3D@32
[IDLEG] 0	184,152,120	MeshInstance3D	0.2x0.0x0.2	StreetIdShot/OrisonRoot/F06/ActiveVantryPoint/FixedBackplateAndCapsule/@MeshInstance3D@33
[IDLEG] 0	200,152,120	MeshInstance3D	0.1x0.0x0.0	StreetIdShot/OrisonRoot/F06/ActiveVantryPoint/FixedBackplateAndCapsule/@MeshInstance3D@34
[IDLEG] 0	216,152,120	MeshInstance3D	0.0x0.0x0.0	StreetIdShot/OrisonRoot/F06/ActiveVantryPoint/FixedBackplateAndCapsule/@MeshInstance3D@35
[IDLEG] 0	232,152,120	MeshInstance3D	0.2x0.0x0.2	StreetIdShot/OrisonRoot/F06/ActiveVantryPoint/CaptiveGrille/@MeshInstance3D@36
[IDLEG] 0	248,152,120	MeshInstance3D	0.0x0.0x0.0	StreetIdShot/OrisonRoot/F06/ActiveVantryPoint/@MeshInstance3D@31
[IDLEG] 0	8,168,120	MeshInstance3D	2.3x0.1x4.2	StreetIdShot/OrisonRoot/ROOF/ROOF_furnish_bakelite_black
[IDLEG] 0	24,168,120	MeshInstance3D	12.0x2.4x8.5	StreetIdShot/OrisonRoot/ROOF/ROOF_furnish_brass
[IDLEG] 0	40,168,120	MeshInstance3D	2.3x0.1x4.1	StreetIdShot/OrisonRoot/ROOF/ROOF_furnish_brass_bright
[IDLEG] 0	56,168,120	MeshInstance3D	2.3x0.1x4.1	StreetIdShot/OrisonRoot/ROOF/ROOF_furnish_brass_dull
[IDLEG] 0	72,168,120	MeshInstance3D	7.1x0.4x0.5	StreetIdShot/OrisonRoot/ROOF/ROOF_furnish_metal
[IDLEG] 0	88,168,120	MeshInstance3D	1.7x1.0x0.5	StreetIdShot/OrisonRoot/ROOF/ROOF_furnish_oak_quartered
[IDLEG] 0	104,168,120	MeshInstance3D	12.6x1.9x10.0	StreetIdShot/OrisonRoot/ROOF/ROOF_furnish_plant
[IDLEG] 0	120,168,120	MeshInstance3D	5.8x1.1x0.3	StreetIdShot/OrisonRoot/ROOF/ROOF_furnish_soil
[IDLEG] 0	136,168,120	MeshInstance3D	12.0x1.1x4.1	StreetIdShot/OrisonRoot/ROOF/ROOF_furnish_soot
[IDLEG] 0	152,168,120	MeshInstance3D	10.5x0.6x0.3	StreetIdShot/OrisonRoot/ROOF/ROOF_furnish_terracotta
[IDLEG] 0	168,168,120	MeshInstance3D	24.4x2.4x13.6	StreetIdShot/OrisonRoot/ROOF/ROOF_furnish_timber
[IDLEG] 0	184,168,120	MeshInstance3D	3.3x0.9x5.4	StreetIdShot/OrisonRoot/ROOF/ROOF_furnish_wood_dark
[IDLEG] 0	200,168,120	MeshInstance3D	2.8x0.9x3.1	StreetIdShot/OrisonRoot/ROOF/ROOF_furniture_baluster
[IDLEG] 0	216,168,120	MeshInstance3D	2.1x0.6x1.3	StreetIdShot/OrisonRoot/ROOF/ROOF_furniture_brass
[IDLEG] 0	232,168,120	MeshInstance3D	21.2x0.0x14.9	StreetIdShot/OrisonRoot/ROOF/ROOF_furniture_char
[IDLEG] 0	248,168,120	MeshInstance3D	2.6x0.1x0.2	StreetIdShot/OrisonRoot/ROOF/ROOF_furniture_concrete
[IDLEG] 0	8,184,120	MeshInstance3D	28.1x0.3x0.1	StreetIdShot/OrisonRoot/ROOF/ROOF_furniture_face_brick
[IDLEG] 0	24,184,120	MeshInstance3D	3.0x0.1x3.1	StreetIdShot/OrisonRoot/ROOF/ROOF_furniture_handrail_wood
[IDLEG] 0	40,184,120	MeshInstance3D	28.2x2.9x20.2	StreetIdShot/OrisonRoot/ROOF/ROOF_furniture_limestone
[IDLEG] 0	56,184,120	MeshInstance3D	25.0x4.0x17.8	StreetIdShot/OrisonRoot/ROOF/ROOF_furniture_metal
[IDLEG] 0	72,184,120	MeshInstance3D	13.4x0.0x10.9	StreetIdShot/OrisonRoot/ROOF/ROOF_furniture_soil
[IDLEG] 0	88,184,120	MeshInstance3D	0.1x0.1x2.0	StreetIdShot/OrisonRoot/ROOF/ROOF_furniture_soot
[IDLEG] 0	104,184,120	MeshInstance3D	25.6x3.9x15.3	StreetIdShot/OrisonRoot/ROOF/ROOF_furniture_timber
[IDLEG] 0	120,184,120	MeshInstance3D	8.0x0.0x8.6	StreetIdShot/OrisonRoot/ROOF/ROOF_furniture_wood_dark
[IDLEG] 0	136,184,120	MeshInstance3D	19.3x1.1x12.0	StreetIdShot/OrisonRoot/ROOF/ROOF_roof_vents
[IDLEG] 0	152,184,120	MeshInstance3D	6.9x0.1x6.9	StreetIdShot/OrisonRoot/ROOF/ROOF_skyribs
[IDLEG] 0	168,184,120	MeshInstance3D	27.9x3.6x19.9	StreetIdShot/OrisonRoot/ROOF/ROOF_slabs
[IDLEG] 0	184,184,120	MeshInstance3D	2.9x0.9x0.1	StreetIdShot/OrisonRoot/ROOF/ROOF_stairs_bal
[IDLEG] 0	200,184,120	MeshInstance3D	3.2x1.0x0.1	StreetIdShot/OrisonRoot/ROOF/ROOF_stairs_brass
[IDLEG] 0	216,184,120	MeshInstance3D	3.2x0.0x0.1	StreetIdShot/OrisonRoot/ROOF/ROOF_stairs_iron
[IDLEG] 0	232,184,120	MeshInstance3D	6.3x0.2x1.7	StreetIdShot/OrisonRoot/ROOF/ROOF_stairs_landing
[IDLEG] 0	248,184,120	MeshInstance3D	3.2x1.0x0.2	StreetIdShot/OrisonRoot/ROOF/ROOF_stairs_rail
[IDLEG] 0	8,200,120	MeshInstance3D	1.0x2.2x0.2	StreetIdShot/OrisonRoot/ROOF/ROOF_stone_trim
[IDLEG] 0	24,200,120	MeshInstance3D	6.9x3.3x10.7	StreetIdShot/OrisonRoot/ROOF/ROOF_trim
[IDLEG] 0	40,200,120	MeshInstance3D	6.7x2.5x6.7	StreetIdShot/OrisonRoot/ROOF/ROOF_walls
[IDLEG] 0	56,200,120	MeshInstance3D	28.4x1.1x20.4	StreetIdShot/OrisonRoot/ROOF/ROOF_walls_brick
[IDLEG] 0	72,200,120	MeshInstance3D	0.9x2.2x0.5	StreetIdShot/OrisonRoot/ROOF/ROOF_walls_cbrick
[IDLEG] 0	88,200,120	MeshInstance3D	3.2x3.3x3.3	StreetIdShot/OrisonRoot/ROOF/ROOF_walls_conc
[IDLEG] 0	104,200,120	MultiMeshInstance3D	5.9x2.6x0.1	StreetIdShot/OrisonRoot/ROOF/@MultiMeshInstance3D@296
[IDLEG] 0	120,200,120	MultiMeshInstance3D	0.1x3.1x0.2	StreetIdShot/OrisonRoot/ROOF/@MultiMeshInstance3D@297
[IDLEG] 0	136,200,120	MeshInstance3D	0.0x1.4x2.9	StreetIdShot/OrisonRoot/RailingPolish/@MeshInstance3D@426
[IDLEG] 0	152,200,120	MeshInstance3D	0.2x0.2x0.1	StreetIdShot/OrisonRoot/RailingPolish/@MeshInstance3D@427
[IDLEG] 0	168,200,120	MeshInstance3D	0.1x0.8x0.1	StreetIdShot/OrisonRoot/RailingPolish/@MeshInstance3D@428
[IDLEG] 0	184,200,120	MeshInstance3D	0.1x0.1x0.1	StreetIdShot/OrisonRoot/RailingPolish/@MeshInstance3D@429
[IDLEG] 0	200,200,120	MeshInstance3D	0.2x0.2x0.2	StreetIdShot/OrisonRoot/RailingPolish/@MeshInstance3D@430
[IDLEG] 0	216,200,120	MeshInstance3D	0.0x0.0x0.0	StreetIdShot/OrisonRoot/RailingPolish/@MeshInstance3D@431
[IDLEG] 0	232,200,120	MeshInstance3D	0.2x0.2x0.1	StreetIdShot/OrisonRoot/RailingPolish/@MeshInstance3D@432
[IDLEG] 0	248,200,120	MeshInstance3D	0.1x0.8x0.1	StreetIdShot/OrisonRoot/RailingPolish/@MeshInstance3D@433
[IDLEG] 0	8,216,120	MeshInstance3D	0.1x0.1x0.1	StreetIdShot/OrisonRoot/RailingPolish/@MeshInstance3D@434
[IDLEG] 0	24,216,120	MeshInstance3D	0.2x0.2x0.2	StreetIdShot/OrisonRoot/RailingPolish/@MeshInstance3D@435
[IDLEG] 0	40,216,120	MeshInstance3D	0.0x0.0x0.0	StreetIdShot/OrisonRoot/RailingPolish/@MeshInstance3D@436
[IDLEG] 0	56,216,120	MeshInstance3D	0.1x0.0x0.1	StreetIdShot/OrisonRoot/RailingPolish/@MeshInstance3D@437
[IDLEG] 0	72,216,120	MeshInstance3D	0.1x0.0x0.1	StreetIdShot/OrisonRoot/RailingPolish/@MeshInstance3D@438
[IDLEG] 0	88,216,120	MeshInstance3D	0.1x0.0x0.1	StreetIdShot/OrisonRoot/RailingPolish/@MeshInstance3D@439
[IDLEG] 0	104,216,120	MeshInstance3D	0.1x0.0x0.1	StreetIdShot/OrisonRoot/RailingPolish/@MeshInstance3D@440
[IDLEG] 0	120,216,120	MeshInstance3D	0.2x0.2x0.1	StreetIdShot/OrisonRoot/RailingPolish/@MeshInstance3D@441
[IDLEG] 0	136,216,120	MeshInstance3D	0.1x0.8x0.1	StreetIdShot/OrisonRoot/RailingPolish/@MeshInstance3D@442
[IDLEG] 0	152,216,120	MeshInstance3D	0.1x0.1x0.1	StreetIdShot/OrisonRoot/RailingPolish/@MeshInstance3D@443
[IDLEG] 0	168,216,120	MeshInstance3D	0.2x0.2x0.2	StreetIdShot/OrisonRoot/RailingPolish/@MeshInstance3D@444
[IDLEG] 0	184,216,120	MeshInstance3D	0.0x0.0x0.0	StreetIdShot/OrisonRoot/RailingPolish/@MeshInstance3D@445
[IDLEG] 0	200,216,120	MeshInstance3D	0.2x0.2x0.1	StreetIdShot/OrisonRoot/RailingPolish/@MeshInstance3D@446
[IDLEG] 0	216,216,120	MeshInstance3D	0.1x0.8x0.1	StreetIdShot/OrisonRoot/RailingPolish/@MeshInstance3D@447
[IDLEG] 0	232,216,120	MeshInstance3D	0.1x0.1x0.1	StreetIdShot/OrisonRoot/RailingPolish/@MeshInstance3D@448
[IDLEG] 0	248,216,120	MeshInstance3D	0.2x0.2x0.2	StreetIdShot/OrisonRoot/RailingPolish/@MeshInstance3D@449
[IDLEG] 0	8,232,120	MeshInstance3D	0.0x0.0x0.0	StreetIdShot/OrisonRoot/RailingPolish/@MeshInstance3D@450
[IDLEG] 0	24,232,120	MeshInstance3D	0.0x1.4x2.9	StreetIdShot/OrisonRoot/RailingPolish/@MeshInstance3D@451
[IDLEG] 0	40,232,120	MeshInstance3D	0.2x0.2x0.1	StreetIdShot/OrisonRoot/RailingPolish/@MeshInstance3D@452
[IDLEG] 0	56,232,120	MeshInstance3D	0.1x0.8x0.1	StreetIdShot/OrisonRoot/RailingPolish/@MeshInstance3D@453
[IDLEG] 0	72,232,120	MeshInstance3D	0.1x0.1x0.1	StreetIdShot/OrisonRoot/RailingPolish/@MeshInstance3D@454
[IDLEG] 0	88,232,120	MeshInstance3D	0.2x0.2x0.2	StreetIdShot/OrisonRoot/RailingPolish/@MeshInstance3D@455
[IDLEG] 0	104,232,120	MeshInstance3D	0.0x0.0x0.0	StreetIdShot/OrisonRoot/RailingPolish/@MeshInstance3D@456
[IDLEG] 0	120,232,120	MeshInstance3D	0.2x0.2x0.1	StreetIdShot/OrisonRoot/RailingPolish/@MeshInstance3D@457
[IDLEG] 0	136,232,120	MeshInstance3D	0.1x0.8x0.1	StreetIdShot/OrisonRoot/RailingPolish/@MeshInstance3D@458
[IDLEG] 0	152,232,120	MeshInstance3D	0.1x0.1x0.1	StreetIdShot/OrisonRoot/RailingPolish/@MeshInstance3D@459
[IDLEG] 0	168,232,120	MeshInstance3D	0.2x0.2x0.2	StreetIdShot/OrisonRoot/RailingPolish/@MeshInstance3D@460
[IDLEG] 0	184,232,120	MeshInstance3D	0.0x0.0x0.0	StreetIdShot/OrisonRoot/RailingPolish/@MeshInstance3D@461
[IDLEG] 0	200,232,120	MeshInstance3D	0.1x0.0x0.1	StreetIdShot/OrisonRoot/RailingPolish/@MeshInstance3D@462
[IDLEG] 0	216,232,120	MeshInstance3D	0.1x0.0x0.1	StreetIdShot/OrisonRoot/RailingPolish/@MeshInstance3D@463
[IDLEG] 0	232,232,120	MeshInstance3D	0.1x0.0x0.1	StreetIdShot/OrisonRoot/RailingPolish/@MeshInstance3D@464
[IDLEG] 0	248,232,120	MeshInstance3D	0.1x0.0x0.1	StreetIdShot/OrisonRoot/RailingPolish/@MeshInstance3D@465
[IDLEG] 0	8,248,120	MeshInstance3D	0.0x1.6x2.9	StreetIdShot/OrisonRoot/RailingPolish/@MeshInstance3D@466
[IDLEG] 0	24,248,120	MeshInstance3D	0.2x0.2x0.1	StreetIdShot/OrisonRoot/RailingPolish/@MeshInstance3D@467
[IDLEG] 0	40,248,120	MeshInstance3D	0.1x0.8x0.1	StreetIdShot/OrisonRoot/RailingPolish/@MeshInstance3D@468
[IDLEG] 0	56,248,120	MeshInstance3D	0.1x0.1x0.1	StreetIdShot/OrisonRoot/RailingPolish/@MeshInstance3D@469
[IDLEG] 0	72,248,120	MeshInstance3D	0.2x0.2x0.2	StreetIdShot/OrisonRoot/RailingPolish/@MeshInstance3D@470
[IDLEG] 0	88,248,120	MeshInstance3D	0.0x0.0x0.0	StreetIdShot/OrisonRoot/RailingPolish/@MeshInstance3D@471
[IDLEG] 0	104,248,120	MeshInstance3D	0.2x0.2x0.1	StreetIdShot/OrisonRoot/RailingPolish/@MeshInstance3D@472
[IDLEG] 0	120,248,120	MeshInstance3D	0.1x0.8x0.1	StreetIdShot/OrisonRoot/RailingPolish/@MeshInstance3D@473
[IDLEG] 0	136,248,120	MeshInstance3D	0.1x0.1x0.1	StreetIdShot/OrisonRoot/RailingPolish/@MeshInstance3D@474
[IDLEG] 0	152,248,120	MeshInstance3D	0.2x0.2x0.2	StreetIdShot/OrisonRoot/RailingPolish/@MeshInstance3D@475
[IDLEG] 0	168,248,120	MeshInstance3D	0.0x0.0x0.0	StreetIdShot/OrisonRoot/RailingPolish/@MeshInstance3D@476
[IDLEG] 0	184,248,120	MeshInstance3D	0.1x0.0x0.1	StreetIdShot/OrisonRoot/RailingPolish/@MeshInstance3D@477
[IDLEG] 0	200,248,120	MeshInstance3D	0.1x0.0x0.1	StreetIdShot/OrisonRoot/RailingPolish/@MeshInstance3D@478
[IDLEG] 0	216,248,120	MeshInstance3D	0.1x0.0x0.1	StreetIdShot/OrisonRoot/RailingPolish/@MeshInstance3D@479
[IDLEG] 0	232,248,120	MeshInstance3D	0.1x0.0x0.1	StreetIdShot/OrisonRoot/RailingPolish/@MeshInstance3D@480
[IDLEG] 0	248,248,120	MeshInstance3D	0.1x0.0x0.1	StreetIdShot/OrisonRoot/RailingPolish/@MeshInstance3D@481
[IDLEG] 0	8,8,136	MeshInstance3D	0.2x0.2x0.1	StreetIdShot/OrisonRoot/RailingPolish/@MeshInstance3D@482
[IDLEG] 0	24,8,136	MeshInstance3D	0.1x0.8x0.1	StreetIdShot/OrisonRoot/RailingPolish/@MeshInstance3D@483
[IDLEG] 0	40,8,136	MeshInstance3D	0.1x0.1x0.1	StreetIdShot/OrisonRoot/RailingPolish/@MeshInstance3D@484
[IDLEG] 0	56,8,136	MeshInstance3D	0.2x0.2x0.2	StreetIdShot/OrisonRoot/RailingPolish/@MeshInstance3D@485
[IDLEG] 0	72,8,136	MeshInstance3D	0.0x0.0x0.0	StreetIdShot/OrisonRoot/RailingPolish/@MeshInstance3D@486
[IDLEG] 0	88,8,136	MeshInstance3D	0.2x0.2x0.1	StreetIdShot/OrisonRoot/RailingPolish/@MeshInstance3D@487
[IDLEG] 0	104,8,136	MeshInstance3D	0.1x0.8x0.1	StreetIdShot/OrisonRoot/RailingPolish/@MeshInstance3D@488
[IDLEG] 0	120,8,136	MeshInstance3D	0.1x0.1x0.1	StreetIdShot/OrisonRoot/RailingPolish/@MeshInstance3D@489
[IDLEG] 0	136,8,136	MeshInstance3D	0.2x0.2x0.2	StreetIdShot/OrisonRoot/RailingPolish/@MeshInstance3D@490
[IDLEG] 0	152,8,136	MeshInstance3D	0.0x0.0x0.0	StreetIdShot/OrisonRoot/RailingPolish/@MeshInstance3D@491
[IDLEG] 0	168,8,136	MeshInstance3D	0.0x1.6x2.9	StreetIdShot/OrisonRoot/RailingPolish/@MeshInstance3D@492
[IDLEG] 0	184,8,136	MeshInstance3D	0.2x0.2x0.1	StreetIdShot/OrisonRoot/RailingPolish/@MeshInstance3D@493
[IDLEG] 0	200,8,136	MeshInstance3D	0.1x0.8x0.1	StreetIdShot/OrisonRoot/RailingPolish/@MeshInstance3D@494
[IDLEG] 0	216,8,136	MeshInstance3D	0.1x0.1x0.1	StreetIdShot/OrisonRoot/RailingPolish/@MeshInstance3D@495
[IDLEG] 0	232,8,136	MeshInstance3D	0.2x0.2x0.2	StreetIdShot/OrisonRoot/RailingPolish/@MeshInstance3D@496
[IDLEG] 0	248,8,136	MeshInstance3D	0.0x0.0x0.0	StreetIdShot/OrisonRoot/RailingPolish/@MeshInstance3D@497
[IDLEG] 0	8,24,136	MeshInstance3D	0.2x0.2x0.1	StreetIdShot/OrisonRoot/RailingPolish/@MeshInstance3D@498
[IDLEG] 0	24,24,136	MeshInstance3D	0.1x0.8x0.1	StreetIdShot/OrisonRoot/RailingPolish/@MeshInstance3D@499
[IDLEG] 0	40,24,136	MeshInstance3D	0.1x0.1x0.1	StreetIdShot/OrisonRoot/RailingPolish/@MeshInstance3D@500
[IDLEG] 0	56,24,136	MeshInstance3D	0.2x0.2x0.2	StreetIdShot/OrisonRoot/RailingPolish/@MeshInstance3D@501
[IDLEG] 0	72,24,136	MeshInstance3D	0.0x0.0x0.0	StreetIdShot/OrisonRoot/RailingPolish/@MeshInstance3D@502
[IDLEG] 0	88,24,136	MeshInstance3D	0.1x0.0x0.1	StreetIdShot/OrisonRoot/RailingPolish/@MeshInstance3D@503
[IDLEG] 0	104,24,136	MeshInstance3D	0.1x0.0x0.1	StreetIdShot/OrisonRoot/RailingPolish/@MeshInstance3D@504
[IDLEG] 0	120,24,136	MeshInstance3D	0.1x0.0x0.1	StreetIdShot/OrisonRoot/RailingPolish/@MeshInstance3D@505
[IDLEG] 0	136,24,136	MeshInstance3D	0.1x0.0x0.1	StreetIdShot/OrisonRoot/RailingPolish/@MeshInstance3D@506
[IDLEG] 0	152,24,136	MeshInstance3D	0.1x0.0x0.1	StreetIdShot/OrisonRoot/RailingPolish/@MeshInstance3D@507
[IDLEG] 0	168,24,136	MeshInstance3D	0.0x1.6x2.9	StreetIdShot/OrisonRoot/RailingPolish/@MeshInstance3D@508
[IDLEG] 0	184,24,136	MeshInstance3D	0.2x0.2x0.1	StreetIdShot/OrisonRoot/RailingPolish/@MeshInstance3D@509
[IDLEG] 0	200,24,136	MeshInstance3D	0.1x0.8x0.1	StreetIdShot/OrisonRoot/RailingPolish/@MeshInstance3D@510
[IDLEG] 0	216,24,136	MeshInstance3D	0.1x0.1x0.1	StreetIdShot/OrisonRoot/RailingPolish/@MeshInstance3D@511
[IDLEG] 0	232,24,136	MeshInstance3D	0.2x0.2x0.2	StreetIdShot/OrisonRoot/RailingPolish/@MeshInstance3D@512
[IDLEG] 0	248,24,136	MeshInstance3D	0.0x0.0x0.0	StreetIdShot/OrisonRoot/RailingPolish/@MeshInstance3D@513
[IDLEG] 0	8,40,136	MeshInstance3D	0.2x0.2x0.1	StreetIdShot/OrisonRoot/RailingPolish/@MeshInstance3D@514
[IDLEG] 0	24,40,136	MeshInstance3D	0.1x0.8x0.1	StreetIdShot/OrisonRoot/RailingPolish/@MeshInstance3D@515
[IDLEG] 0	40,40,136	MeshInstance3D	0.1x0.1x0.1	StreetIdShot/OrisonRoot/RailingPolish/@MeshInstance3D@516
[IDLEG] 0	56,40,136	MeshInstance3D	0.2x0.2x0.2	StreetIdShot/OrisonRoot/RailingPolish/@MeshInstance3D@517
[IDLEG] 0	72,40,136	MeshInstance3D	0.0x0.0x0.0	StreetIdShot/OrisonRoot/RailingPolish/@MeshInstance3D@518
[IDLEG] 0	88,40,136	MeshInstance3D	0.1x0.0x0.1	StreetIdShot/OrisonRoot/RailingPolish/@MeshInstance3D@519
[IDLEG] 0	104,40,136	MeshInstance3D	0.1x0.0x0.1	StreetIdShot/OrisonRoot/RailingPolish/@MeshInstance3D@520
[IDLEG] 0	120,40,136	MeshInstance3D	0.1x0.0x0.1	StreetIdShot/OrisonRoot/RailingPolish/@MeshInstance3D@521
[IDLEG] 0	136,40,136	MeshInstance3D	0.1x0.0x0.1	StreetIdShot/OrisonRoot/RailingPolish/@MeshInstance3D@522
[IDLEG] 0	152,40,136	MeshInstance3D	0.1x0.0x0.1	StreetIdShot/OrisonRoot/RailingPolish/@MeshInstance3D@523
[IDLEG] 0	168,40,136	MeshInstance3D	0.2x0.2x0.1	StreetIdShot/OrisonRoot/RailingPolish/@MeshInstance3D@524
[IDLEG] 0	184,40,136	MeshInstance3D	0.1x0.8x0.1	StreetIdShot/OrisonRoot/RailingPolish/@MeshInstance3D@525
[IDLEG] 0	200,40,136	MeshInstance3D	0.1x0.1x0.1	StreetIdShot/OrisonRoot/RailingPolish/@MeshInstance3D@526
[IDLEG] 0	216,40,136	MeshInstance3D	0.2x0.2x0.2	StreetIdShot/OrisonRoot/RailingPolish/@MeshInstance3D@527
[IDLEG] 0	232,40,136	MeshInstance3D	0.0x0.0x0.0	StreetIdShot/OrisonRoot/RailingPolish/@MeshInstance3D@528
[IDLEG] 0	248,40,136	MeshInstance3D	0.2x0.2x0.1	StreetIdShot/OrisonRoot/RailingPolish/@MeshInstance3D@529
[IDLEG] 0	8,56,136	MeshInstance3D	0.1x0.8x0.1	StreetIdShot/OrisonRoot/RailingPolish/@MeshInstance3D@530
[IDLEG] 0	24,56,136	MeshInstance3D	0.1x0.1x0.1	StreetIdShot/OrisonRoot/RailingPolish/@MeshInstance3D@531
[IDLEG] 0	40,56,136	MeshInstance3D	0.2x0.2x0.2	StreetIdShot/OrisonRoot/RailingPolish/@MeshInstance3D@532
[IDLEG] 0	56,56,136	MeshInstance3D	0.0x0.0x0.0	StreetIdShot/OrisonRoot/RailingPolish/@MeshInstance3D@533
[IDLEG] 0	72,56,136	MeshInstance3D	0.0x1.6x2.9	StreetIdShot/OrisonRoot/RailingPolish/@MeshInstance3D@534
[IDLEG] 0	88,56,136	MeshInstance3D	0.2x0.2x0.1	StreetIdShot/OrisonRoot/RailingPolish/@MeshInstance3D@535
[IDLEG] 0	104,56,136	MeshInstance3D	0.1x0.8x0.1	StreetIdShot/OrisonRoot/RailingPolish/@MeshInstance3D@536
[IDLEG] 0	120,56,136	MeshInstance3D	0.1x0.1x0.1	StreetIdShot/OrisonRoot/RailingPolish/@MeshInstance3D@537
[IDLEG] 0	136,56,136	MeshInstance3D	0.2x0.2x0.2	StreetIdShot/OrisonRoot/RailingPolish/@MeshInstance3D@538
[IDLEG] 0	152,56,136	MeshInstance3D	0.0x0.0x0.0	StreetIdShot/OrisonRoot/RailingPolish/@MeshInstance3D@539
[IDLEG] 0	168,56,136	MeshInstance3D	0.2x0.2x0.1	StreetIdShot/OrisonRoot/RailingPolish/@MeshInstance3D@540
[IDLEG] 0	184,56,136	MeshInstance3D	0.1x0.8x0.1	StreetIdShot/OrisonRoot/RailingPolish/@MeshInstance3D@541
[IDLEG] 0	200,56,136	MeshInstance3D	0.1x0.1x0.1	StreetIdShot/OrisonRoot/RailingPolish/@MeshInstance3D@542
[IDLEG] 0	216,56,136	MeshInstance3D	0.2x0.2x0.2	StreetIdShot/OrisonRoot/RailingPolish/@MeshInstance3D@543
[IDLEG] 0	232,56,136	MeshInstance3D	0.0x0.0x0.0	StreetIdShot/OrisonRoot/RailingPolish/@MeshInstance3D@544
[IDLEG] 0	248,56,136	MeshInstance3D	0.1x0.0x0.1	StreetIdShot/OrisonRoot/RailingPolish/@MeshInstance3D@545
[IDLEG] 0	8,72,136	MeshInstance3D	0.1x0.0x0.1	StreetIdShot/OrisonRoot/RailingPolish/@MeshInstance3D@546
[IDLEG] 0	24,72,136	MeshInstance3D	0.1x0.0x0.1	StreetIdShot/OrisonRoot/RailingPolish/@MeshInstance3D@547
[IDLEG] 0	40,72,136	MeshInstance3D	0.1x0.0x0.1	StreetIdShot/OrisonRoot/RailingPolish/@MeshInstance3D@548
[IDLEG] 0	56,72,136	MeshInstance3D	0.1x0.0x0.1	StreetIdShot/OrisonRoot/RailingPolish/@MeshInstance3D@549
[IDLEG] 0	72,72,136	MeshInstance3D	0.0x1.6x2.9	StreetIdShot/OrisonRoot/RailingPolish/@MeshInstance3D@550
[IDLEG] 0	88,72,136	MeshInstance3D	0.2x0.2x0.1	StreetIdShot/OrisonRoot/RailingPolish/@MeshInstance3D@551
[IDLEG] 0	104,72,136	MeshInstance3D	0.1x0.8x0.1	StreetIdShot/OrisonRoot/RailingPolish/@MeshInstance3D@552
[IDLEG] 0	120,72,136	MeshInstance3D	0.1x0.1x0.1	StreetIdShot/OrisonRoot/RailingPolish/@MeshInstance3D@553
[IDLEG] 0	136,72,136	MeshInstance3D	0.2x0.2x0.2	StreetIdShot/OrisonRoot/RailingPolish/@MeshInstance3D@554
[IDLEG] 0	152,72,136	MeshInstance3D	0.0x0.0x0.0	StreetIdShot/OrisonRoot/RailingPolish/@MeshInstance3D@555
[IDLEG] 0	168,72,136	MeshInstance3D	0.2x0.2x0.1	StreetIdShot/OrisonRoot/RailingPolish/@MeshInstance3D@556
[IDLEG] 0	184,72,136	MeshInstance3D	0.1x0.8x0.1	StreetIdShot/OrisonRoot/RailingPolish/@MeshInstance3D@557
[IDLEG] 0	200,72,136	MeshInstance3D	0.1x0.1x0.1	StreetIdShot/OrisonRoot/RailingPolish/@MeshInstance3D@558
[IDLEG] 0	216,72,136	MeshInstance3D	0.2x0.2x0.2	StreetIdShot/OrisonRoot/RailingPolish/@MeshInstance3D@559
[IDLEG] 0	232,72,136	MeshInstance3D	0.0x0.0x0.0	StreetIdShot/OrisonRoot/RailingPolish/@MeshInstance3D@560
[IDLEG] 0	248,72,136	MeshInstance3D	0.1x0.0x0.1	StreetIdShot/OrisonRoot/RailingPolish/@MeshInstance3D@561
[IDLEG] 0	8,88,136	MeshInstance3D	0.1x0.0x0.1	StreetIdShot/OrisonRoot/RailingPolish/@MeshInstance3D@562
[IDLEG] 0	24,88,136	MeshInstance3D	0.1x0.0x0.1	StreetIdShot/OrisonRoot/RailingPolish/@MeshInstance3D@563
[IDLEG] 0	40,88,136	MeshInstance3D	0.1x0.0x0.1	StreetIdShot/OrisonRoot/RailingPolish/@MeshInstance3D@564
[IDLEG] 0	56,88,136	MeshInstance3D	0.1x0.0x0.1	StreetIdShot/OrisonRoot/RailingPolish/@MeshInstance3D@565
[IDLEG] 0	72,88,136	MeshInstance3D	0.2x0.2x0.1	StreetIdShot/OrisonRoot/RailingPolish/@MeshInstance3D@566
[IDLEG] 0	88,88,136	MeshInstance3D	0.1x0.8x0.1	StreetIdShot/OrisonRoot/RailingPolish/@MeshInstance3D@567
[IDLEG] 0	104,88,136	MeshInstance3D	0.1x0.1x0.1	StreetIdShot/OrisonRoot/RailingPolish/@MeshInstance3D@568
[IDLEG] 0	120,88,136	MeshInstance3D	0.2x0.2x0.2	StreetIdShot/OrisonRoot/RailingPolish/@MeshInstance3D@569
[IDLEG] 0	136,88,136	MeshInstance3D	0.0x0.0x0.0	StreetIdShot/OrisonRoot/RailingPolish/@MeshInstance3D@570
[IDLEG] 0	152,88,136	MeshInstance3D	0.2x0.2x0.1	StreetIdShot/OrisonRoot/RailingPolish/@MeshInstance3D@571
[IDLEG] 0	168,88,136	MeshInstance3D	0.1x0.8x0.1	StreetIdShot/OrisonRoot/RailingPolish/@MeshInstance3D@572
[IDLEG] 0	184,88,136	MeshInstance3D	0.1x0.1x0.1	StreetIdShot/OrisonRoot/RailingPolish/@MeshInstance3D@573
[IDLEG] 0	200,88,136	MeshInstance3D	0.2x0.2x0.2	StreetIdShot/OrisonRoot/RailingPolish/@MeshInstance3D@574
[IDLEG] 0	216,88,136	MeshInstance3D	0.0x0.0x0.0	StreetIdShot/OrisonRoot/RailingPolish/@MeshInstance3D@575
[IDLEG] 0	232,88,136	MeshInstance3D	0.0x1.6x2.9	StreetIdShot/OrisonRoot/RailingPolish/@MeshInstance3D@576
[IDLEG] 0	248,88,136	MeshInstance3D	0.2x0.2x0.1	StreetIdShot/OrisonRoot/RailingPolish/@MeshInstance3D@577
[IDLEG] 0	8,104,136	MeshInstance3D	0.1x0.8x0.1	StreetIdShot/OrisonRoot/RailingPolish/@MeshInstance3D@578
[IDLEG] 0	24,104,136	MeshInstance3D	0.1x0.1x0.1	StreetIdShot/OrisonRoot/RailingPolish/@MeshInstance3D@579
[IDLEG] 0	40,104,136	MeshInstance3D	0.2x0.2x0.2	StreetIdShot/OrisonRoot/RailingPolish/@MeshInstance3D@580
[IDLEG] 0	56,104,136	MeshInstance3D	0.0x0.0x0.0	StreetIdShot/OrisonRoot/RailingPolish/@MeshInstance3D@581
[IDLEG] 0	72,104,136	MeshInstance3D	0.2x0.2x0.1	StreetIdShot/OrisonRoot/RailingPolish/@MeshInstance3D@582
[IDLEG] 0	88,104,136	MeshInstance3D	0.1x0.8x0.1	StreetIdShot/OrisonRoot/RailingPolish/@MeshInstance3D@583
[IDLEG] 0	104,104,136	MeshInstance3D	0.1x0.1x0.1	StreetIdShot/OrisonRoot/RailingPolish/@MeshInstance3D@584
[IDLEG] 0	120,104,136	MeshInstance3D	0.2x0.2x0.2	StreetIdShot/OrisonRoot/RailingPolish/@MeshInstance3D@585
[IDLEG] 0	136,104,136	MeshInstance3D	0.0x0.0x0.0	StreetIdShot/OrisonRoot/RailingPolish/@MeshInstance3D@586
[IDLEG] 0	152,104,136	MeshInstance3D	0.1x0.0x0.1	StreetIdShot/OrisonRoot/RailingPolish/@MeshInstance3D@587
[IDLEG] 0	168,104,136	MeshInstance3D	0.1x0.0x0.1	StreetIdShot/OrisonRoot/RailingPolish/@MeshInstance3D@588
[IDLEG] 0	184,104,136	MeshInstance3D	0.1x0.0x0.1	StreetIdShot/OrisonRoot/RailingPolish/@MeshInstance3D@589
[IDLEG] 0	200,104,136	MeshInstance3D	0.1x0.0x0.1	StreetIdShot/OrisonRoot/RailingPolish/@MeshInstance3D@590
[IDLEG] 0	216,104,136	MeshInstance3D	0.1x0.0x0.1	StreetIdShot/OrisonRoot/RailingPolish/@MeshInstance3D@591
[IDLEG] 0	232,104,136	MeshInstance3D	0.0x1.6x2.9	StreetIdShot/OrisonRoot/RailingPolish/@MeshInstance3D@592
[IDLEG] 0	248,104,136	MeshInstance3D	0.2x0.2x0.1	StreetIdShot/OrisonRoot/RailingPolish/@MeshInstance3D@593
[IDLEG] 0	8,120,136	MeshInstance3D	0.1x0.8x0.1	StreetIdShot/OrisonRoot/RailingPolish/@MeshInstance3D@594
[IDLEG] 0	24,120,136	MeshInstance3D	0.1x0.1x0.1	StreetIdShot/OrisonRoot/RailingPolish/@MeshInstance3D@595
[IDLEG] 0	40,120,136	MeshInstance3D	0.2x0.2x0.2	StreetIdShot/OrisonRoot/RailingPolish/@MeshInstance3D@596
[IDLEG] 0	56,120,136	MeshInstance3D	0.0x0.0x0.0	StreetIdShot/OrisonRoot/RailingPolish/@MeshInstance3D@597
[IDLEG] 0	72,120,136	MeshInstance3D	0.2x0.2x0.1	StreetIdShot/OrisonRoot/RailingPolish/@MeshInstance3D@598
[IDLEG] 0	88,120,136	MeshInstance3D	0.1x0.8x0.1	StreetIdShot/OrisonRoot/RailingPolish/@MeshInstance3D@599
[IDLEG] 0	104,120,136	MeshInstance3D	0.1x0.1x0.1	StreetIdShot/OrisonRoot/RailingPolish/@MeshInstance3D@600
[IDLEG] 0	120,120,136	MeshInstance3D	0.2x0.2x0.2	StreetIdShot/OrisonRoot/RailingPolish/@MeshInstance3D@601
[IDLEG] 0	136,120,136	MeshInstance3D	0.0x0.0x0.0	StreetIdShot/OrisonRoot/RailingPolish/@MeshInstance3D@602
[IDLEG] 0	152,120,136	MeshInstance3D	0.1x0.0x0.1	StreetIdShot/OrisonRoot/RailingPolish/@MeshInstance3D@603
[IDLEG] 0	168,120,136	MeshInstance3D	0.1x0.0x0.1	StreetIdShot/OrisonRoot/RailingPolish/@MeshInstance3D@604
[IDLEG] 0	184,120,136	MeshInstance3D	0.1x0.0x0.1	StreetIdShot/OrisonRoot/RailingPolish/@MeshInstance3D@605
[IDLEG] 0	200,120,136	MeshInstance3D	0.1x0.0x0.1	StreetIdShot/OrisonRoot/RailingPolish/@MeshInstance3D@606
[IDLEG] 0	216,120,136	MeshInstance3D	0.1x0.0x0.1	StreetIdShot/OrisonRoot/RailingPolish/@MeshInstance3D@607
[IDLEG] 0	232,120,136	MeshInstance3D	0.2x0.2x0.1	StreetIdShot/OrisonRoot/RailingPolish/@MeshInstance3D@608
[IDLEG] 0	248,120,136	MeshInstance3D	0.1x0.8x0.1	StreetIdShot/OrisonRoot/RailingPolish/@MeshInstance3D@609
[IDLEG] 0	8,136,136	MeshInstance3D	0.1x0.1x0.1	StreetIdShot/OrisonRoot/RailingPolish/@MeshInstance3D@610
[IDLEG] 0	24,136,136	MeshInstance3D	0.2x0.2x0.2	StreetIdShot/OrisonRoot/RailingPolish/@MeshInstance3D@611
[IDLEG] 0	40,136,136	MeshInstance3D	0.0x0.0x0.0	StreetIdShot/OrisonRoot/RailingPolish/@MeshInstance3D@612
[IDLEG] 0	56,136,136	MeshInstance3D	0.2x0.2x0.1	StreetIdShot/OrisonRoot/RailingPolish/@MeshInstance3D@613
[IDLEG] 0	72,136,136	MeshInstance3D	0.1x0.8x0.1	StreetIdShot/OrisonRoot/RailingPolish/@MeshInstance3D@614
[IDLEG] 0	88,136,136	MeshInstance3D	0.1x0.1x0.1	StreetIdShot/OrisonRoot/RailingPolish/@MeshInstance3D@615
[IDLEG] 0	104,136,136	MeshInstance3D	0.2x0.2x0.2	StreetIdShot/OrisonRoot/RailingPolish/@MeshInstance3D@616
[IDLEG] 0	120,136,136	MeshInstance3D	0.0x0.0x0.0	StreetIdShot/OrisonRoot/RailingPolish/@MeshInstance3D@617
[IDLEG] 0	136,136,136	MeshInstance3D	0.0x1.6x2.9	StreetIdShot/OrisonRoot/RailingPolish/@MeshInstance3D@618
[IDLEG] 0	152,136,136	MeshInstance3D	0.2x0.2x0.1	StreetIdShot/OrisonRoot/RailingPolish/@MeshInstance3D@619
[IDLEG] 0	168,136,136	MeshInstance3D	0.1x0.8x0.1	StreetIdShot/OrisonRoot/RailingPolish/@MeshInstance3D@620
[IDLEG] 0	184,136,136	MeshInstance3D	0.1x0.1x0.1	StreetIdShot/OrisonRoot/RailingPolish/@MeshInstance3D@621
[IDLEG] 0	200,136,136	MeshInstance3D	0.2x0.2x0.2	StreetIdShot/OrisonRoot/RailingPolish/@MeshInstance3D@622
[IDLEG] 0	216,136,136	MeshInstance3D	0.0x0.0x0.0	StreetIdShot/OrisonRoot/RailingPolish/@MeshInstance3D@623
[IDLEG] 0	232,136,136	MeshInstance3D	0.2x0.2x0.1	StreetIdShot/OrisonRoot/RailingPolish/@MeshInstance3D@624
[IDLEG] 0	248,136,136	MeshInstance3D	0.1x0.8x0.1	StreetIdShot/OrisonRoot/RailingPolish/@MeshInstance3D@625
[IDLEG] 0	8,152,136	MeshInstance3D	0.1x0.1x0.1	StreetIdShot/OrisonRoot/RailingPolish/@MeshInstance3D@626
[IDLEG] 0	24,152,136	MeshInstance3D	0.2x0.2x0.2	StreetIdShot/OrisonRoot/RailingPolish/@MeshInstance3D@627
[IDLEG] 0	40,152,136	MeshInstance3D	0.0x0.0x0.0	StreetIdShot/OrisonRoot/RailingPolish/@MeshInstance3D@628
[IDLEG] 0	56,152,136	MeshInstance3D	0.1x0.0x0.1	StreetIdShot/OrisonRoot/RailingPolish/@MeshInstance3D@629
[IDLEG] 0	72,152,136	MeshInstance3D	0.1x0.0x0.1	StreetIdShot/OrisonRoot/RailingPolish/@MeshInstance3D@630
[IDLEG] 0	88,152,136	MeshInstance3D	0.1x0.0x0.1	StreetIdShot/OrisonRoot/RailingPolish/@MeshInstance3D@631
[IDLEG] 0	104,152,136	MeshInstance3D	0.1x0.0x0.1	StreetIdShot/OrisonRoot/RailingPolish/@MeshInstance3D@632
[IDLEG] 0	120,152,136	MeshInstance3D	0.1x0.0x0.1	StreetIdShot/OrisonRoot/RailingPolish/@MeshInstance3D@633
[IDLEG] 0	136,152,136	MeshInstance3D	0.0x1.6x2.9	StreetIdShot/OrisonRoot/RailingPolish/@MeshInstance3D@634
[IDLEG] 0	152,152,136	MeshInstance3D	0.2x0.2x0.1	StreetIdShot/OrisonRoot/RailingPolish/@MeshInstance3D@635
[IDLEG] 0	168,152,136	MeshInstance3D	0.1x0.8x0.1	StreetIdShot/OrisonRoot/RailingPolish/@MeshInstance3D@636
[IDLEG] 0	184,152,136	MeshInstance3D	0.1x0.1x0.1	StreetIdShot/OrisonRoot/RailingPolish/@MeshInstance3D@637
[IDLEG] 0	200,152,136	MeshInstance3D	0.2x0.2x0.2	StreetIdShot/OrisonRoot/RailingPolish/@MeshInstance3D@638
[IDLEG] 0	216,152,136	MeshInstance3D	0.0x0.0x0.0	StreetIdShot/OrisonRoot/RailingPolish/@MeshInstance3D@639
[IDLEG] 0	232,152,136	MeshInstance3D	0.2x0.2x0.1	StreetIdShot/OrisonRoot/RailingPolish/@MeshInstance3D@640
[IDLEG] 0	248,152,136	MeshInstance3D	0.1x0.8x0.1	StreetIdShot/OrisonRoot/RailingPolish/@MeshInstance3D@641
[IDLEG] 0	8,168,136	MeshInstance3D	0.1x0.1x0.1	StreetIdShot/OrisonRoot/RailingPolish/@MeshInstance3D@642
[IDLEG] 0	24,168,136	MeshInstance3D	0.2x0.2x0.2	StreetIdShot/OrisonRoot/RailingPolish/@MeshInstance3D@643
[IDLEG] 0	40,168,136	MeshInstance3D	0.0x0.0x0.0	StreetIdShot/OrisonRoot/RailingPolish/@MeshInstance3D@644
[IDLEG] 0	56,168,136	MeshInstance3D	0.1x0.0x0.1	StreetIdShot/OrisonRoot/RailingPolish/@MeshInstance3D@645
[IDLEG] 0	72,168,136	MeshInstance3D	0.1x0.0x0.1	StreetIdShot/OrisonRoot/RailingPolish/@MeshInstance3D@646
[IDLEG] 0	88,168,136	MeshInstance3D	0.1x0.0x0.1	StreetIdShot/OrisonRoot/RailingPolish/@MeshInstance3D@647
[IDLEG] 0	104,168,136	MeshInstance3D	0.1x0.0x0.1	StreetIdShot/OrisonRoot/RailingPolish/@MeshInstance3D@648
[IDLEG] 0	120,168,136	MeshInstance3D	0.1x0.0x0.1	StreetIdShot/OrisonRoot/RailingPolish/@MeshInstance3D@649
[IDLEG] 0	136,168,136	MeshInstance3D	0.2x0.2x0.1	StreetIdShot/OrisonRoot/RailingPolish/@MeshInstance3D@650
[IDLEG] 0	152,168,136	MeshInstance3D	0.1x0.8x0.1	StreetIdShot/OrisonRoot/RailingPolish/@MeshInstance3D@651
[IDLEG] 0	168,168,136	MeshInstance3D	0.1x0.1x0.1	StreetIdShot/OrisonRoot/RailingPolish/@MeshInstance3D@652
[IDLEG] 0	184,168,136	MeshInstance3D	0.2x0.2x0.2	StreetIdShot/OrisonRoot/RailingPolish/@MeshInstance3D@653
[IDLEG] 0	200,168,136	MeshInstance3D	0.0x0.0x0.0	StreetIdShot/OrisonRoot/RailingPolish/@MeshInstance3D@654
[IDLEG] 0	216,168,136	MeshInstance3D	0.2x0.2x0.1	StreetIdShot/OrisonRoot/RailingPolish/@MeshInstance3D@655
[IDLEG] 0	232,168,136	MeshInstance3D	0.1x0.8x0.1	StreetIdShot/OrisonRoot/RailingPolish/@MeshInstance3D@656
[IDLEG] 0	248,168,136	MeshInstance3D	0.1x0.1x0.1	StreetIdShot/OrisonRoot/RailingPolish/@MeshInstance3D@657
[IDLEG] 0	8,184,136	MeshInstance3D	0.2x0.2x0.2	StreetIdShot/OrisonRoot/RailingPolish/@MeshInstance3D@658
[IDLEG] 0	24,184,136	MeshInstance3D	0.0x0.0x0.0	StreetIdShot/OrisonRoot/RailingPolish/@MeshInstance3D@659
[IDLEG] 0	40,184,136	MeshInstance3D	0.0x1.6x2.9	StreetIdShot/OrisonRoot/RailingPolish/@MeshInstance3D@660
[IDLEG] 0	56,184,136	MeshInstance3D	0.2x0.2x0.1	StreetIdShot/OrisonRoot/RailingPolish/@MeshInstance3D@661
[IDLEG] 0	72,184,136	MeshInstance3D	0.1x0.8x0.1	StreetIdShot/OrisonRoot/RailingPolish/@MeshInstance3D@662
[IDLEG] 0	88,184,136	MeshInstance3D	0.1x0.1x0.1	StreetIdShot/OrisonRoot/RailingPolish/@MeshInstance3D@663
[IDLEG] 0	104,184,136	MeshInstance3D	0.2x0.2x0.2	StreetIdShot/OrisonRoot/RailingPolish/@MeshInstance3D@664
[IDLEG] 0	120,184,136	MeshInstance3D	0.0x0.0x0.0	StreetIdShot/OrisonRoot/RailingPolish/@MeshInstance3D@665
[IDLEG] 0	136,184,136	MeshInstance3D	0.2x0.2x0.1	StreetIdShot/OrisonRoot/RailingPolish/@MeshInstance3D@666
[IDLEG] 0	152,184,136	MeshInstance3D	0.1x0.8x0.1	StreetIdShot/OrisonRoot/RailingPolish/@MeshInstance3D@667
[IDLEG] 0	168,184,136	MeshInstance3D	0.1x0.1x0.1	StreetIdShot/OrisonRoot/RailingPolish/@MeshInstance3D@668
[IDLEG] 0	184,184,136	MeshInstance3D	0.2x0.2x0.2	StreetIdShot/OrisonRoot/RailingPolish/@MeshInstance3D@669
[IDLEG] 0	200,184,136	MeshInstance3D	0.0x0.0x0.0	StreetIdShot/OrisonRoot/RailingPolish/@MeshInstance3D@670
[IDLEG] 0	216,184,136	MeshInstance3D	0.1x0.0x0.1	StreetIdShot/OrisonRoot/RailingPolish/@MeshInstance3D@671
[IDLEG] 0	232,184,136	MeshInstance3D	0.1x0.0x0.1	StreetIdShot/OrisonRoot/RailingPolish/@MeshInstance3D@672
[IDLEG] 0	248,184,136	MeshInstance3D	0.1x0.0x0.1	StreetIdShot/OrisonRoot/RailingPolish/@MeshInstance3D@673
[IDLEG] 0	8,200,136	MeshInstance3D	0.1x0.0x0.1	StreetIdShot/OrisonRoot/RailingPolish/@MeshInstance3D@674
[IDLEG] 0	24,200,136	MeshInstance3D	0.1x0.0x0.1	StreetIdShot/OrisonRoot/RailingPolish/@MeshInstance3D@675
[IDLEG] 0	40,200,136	MeshInstance3D	0.0x1.6x2.9	StreetIdShot/OrisonRoot/RailingPolish/@MeshInstance3D@676
[IDLEG] 0	56,200,136	MeshInstance3D	0.2x0.2x0.1	StreetIdShot/OrisonRoot/RailingPolish/@MeshInstance3D@677
[IDLEG] 0	72,200,136	MeshInstance3D	0.1x0.8x0.1	StreetIdShot/OrisonRoot/RailingPolish/@MeshInstance3D@678
[IDLEG] 0	88,200,136	MeshInstance3D	0.1x0.1x0.1	StreetIdShot/OrisonRoot/RailingPolish/@MeshInstance3D@679
[IDLEG] 0	104,200,136	MeshInstance3D	0.2x0.2x0.2	StreetIdShot/OrisonRoot/RailingPolish/@MeshInstance3D@680
[IDLEG] 0	120,200,136	MeshInstance3D	0.0x0.0x0.0	StreetIdShot/OrisonRoot/RailingPolish/@MeshInstance3D@681
[IDLEG] 0	136,200,136	MeshInstance3D	0.2x0.2x0.1	StreetIdShot/OrisonRoot/RailingPolish/@MeshInstance3D@682
[IDLEG] 0	152,200,136	MeshInstance3D	0.1x0.8x0.1	StreetIdShot/OrisonRoot/RailingPolish/@MeshInstance3D@683
[IDLEG] 0	168,200,136	MeshInstance3D	0.1x0.1x0.1	StreetIdShot/OrisonRoot/RailingPolish/@MeshInstance3D@684
[IDLEG] 0	184,200,136	MeshInstance3D	0.2x0.2x0.2	StreetIdShot/OrisonRoot/RailingPolish/@MeshInstance3D@685
[IDLEG] 0	200,200,136	MeshInstance3D	0.0x0.0x0.0	StreetIdShot/OrisonRoot/RailingPolish/@MeshInstance3D@686
[IDLEG] 0	216,200,136	MeshInstance3D	0.1x0.0x0.1	StreetIdShot/OrisonRoot/RailingPolish/@MeshInstance3D@687
[IDLEG] 0	232,200,136	MeshInstance3D	0.1x0.0x0.1	StreetIdShot/OrisonRoot/RailingPolish/@MeshInstance3D@688
[IDLEG] 0	248,200,136	MeshInstance3D	0.1x0.0x0.1	StreetIdShot/OrisonRoot/RailingPolish/@MeshInstance3D@689
[IDLEG] 0	8,216,136	MeshInstance3D	0.1x0.0x0.1	StreetIdShot/OrisonRoot/RailingPolish/@MeshInstance3D@690
[IDLEG] 0	24,216,136	MeshInstance3D	0.1x0.0x0.1	StreetIdShot/OrisonRoot/RailingPolish/@MeshInstance3D@691
[IDLEG] 0	40,216,136	MeshInstance3D	0.2x0.2x0.1	StreetIdShot/OrisonRoot/RailingPolish/@MeshInstance3D@692
[IDLEG] 0	56,216,136	MeshInstance3D	0.1x0.8x0.1	StreetIdShot/OrisonRoot/RailingPolish/@MeshInstance3D@693
[IDLEG] 0	72,216,136	MeshInstance3D	0.1x0.1x0.1	StreetIdShot/OrisonRoot/RailingPolish/@MeshInstance3D@694
[IDLEG] 0	88,216,136	MeshInstance3D	0.2x0.2x0.2	StreetIdShot/OrisonRoot/RailingPolish/@MeshInstance3D@695
[IDLEG] 0	104,216,136	MeshInstance3D	0.0x0.0x0.0	StreetIdShot/OrisonRoot/RailingPolish/@MeshInstance3D@696
[IDLEG] 0	120,216,136	MeshInstance3D	0.2x0.2x0.1	StreetIdShot/OrisonRoot/RailingPolish/@MeshInstance3D@697
[IDLEG] 0	136,216,136	MeshInstance3D	0.1x0.8x0.1	StreetIdShot/OrisonRoot/RailingPolish/@MeshInstance3D@698
[IDLEG] 0	152,216,136	MeshInstance3D	0.1x0.1x0.1	StreetIdShot/OrisonRoot/RailingPolish/@MeshInstance3D@699
[IDLEG] 0	168,216,136	MeshInstance3D	0.2x0.2x0.2	StreetIdShot/OrisonRoot/RailingPolish/@MeshInstance3D@700
[IDLEG] 0	184,216,136	MeshInstance3D	0.0x0.0x0.0	StreetIdShot/OrisonRoot/RailingPolish/@MeshInstance3D@701
[IDLEG] 0	200,216,136	MeshInstance3D	0.0x1.6x2.9	StreetIdShot/OrisonRoot/RailingPolish/@MeshInstance3D@702
[IDLEG] 0	216,216,136	MeshInstance3D	0.2x0.2x0.1	StreetIdShot/OrisonRoot/RailingPolish/@MeshInstance3D@703
[IDLEG] 0	232,216,136	MeshInstance3D	0.1x0.8x0.1	StreetIdShot/OrisonRoot/RailingPolish/@MeshInstance3D@704
[IDLEG] 0	248,216,136	MeshInstance3D	0.1x0.1x0.1	StreetIdShot/OrisonRoot/RailingPolish/@MeshInstance3D@705
[IDLEG] 0	8,232,136	MeshInstance3D	0.2x0.2x0.2	StreetIdShot/OrisonRoot/RailingPolish/@MeshInstance3D@706
[IDLEG] 0	24,232,136	MeshInstance3D	0.0x0.0x0.0	StreetIdShot/OrisonRoot/RailingPolish/@MeshInstance3D@707
[IDLEG] 0	40,232,136	MeshInstance3D	0.2x0.2x0.1	StreetIdShot/OrisonRoot/RailingPolish/@MeshInstance3D@708
[IDLEG] 0	56,232,136	MeshInstance3D	0.1x0.8x0.1	StreetIdShot/OrisonRoot/RailingPolish/@MeshInstance3D@709
[IDLEG] 0	72,232,136	MeshInstance3D	0.1x0.1x0.1	StreetIdShot/OrisonRoot/RailingPolish/@MeshInstance3D@710
[IDLEG] 0	88,232,136	MeshInstance3D	0.2x0.2x0.2	StreetIdShot/OrisonRoot/RailingPolish/@MeshInstance3D@711
[IDLEG] 0	104,232,136	MeshInstance3D	0.0x0.0x0.0	StreetIdShot/OrisonRoot/RailingPolish/@MeshInstance3D@712
[IDLEG] 0	120,232,136	MeshInstance3D	0.1x0.0x0.1	StreetIdShot/OrisonRoot/RailingPolish/@MeshInstance3D@713
[IDLEG] 0	136,232,136	MeshInstance3D	0.1x0.0x0.1	StreetIdShot/OrisonRoot/RailingPolish/@MeshInstance3D@714
[IDLEG] 0	152,232,136	MeshInstance3D	0.1x0.0x0.1	StreetIdShot/OrisonRoot/RailingPolish/@MeshInstance3D@715
[IDLEG] 0	168,232,136	MeshInstance3D	0.1x0.0x0.1	StreetIdShot/OrisonRoot/RailingPolish/@MeshInstance3D@716
[IDLEG] 0	184,232,136	MeshInstance3D	0.1x0.0x0.1	StreetIdShot/OrisonRoot/RailingPolish/@MeshInstance3D@717
[IDLEG] 0	200,232,136	MeshInstance3D	212.1x32.5x139.0	StreetIdShot/OrisonRoot/WindowGlow/SitePanes_w2
[IDLEG] 0	216,232,136	MeshInstance3D	212.1x32.5x139.0	StreetIdShot/OrisonRoot/WindowGlow/SitePanes_w4
[IDLEG] 0	232,232,136	MeshInstance3D	207.6x32.5x115.8	StreetIdShot/OrisonRoot/WindowGlow/SitePanes_c4
[IDLEG] 0	248,232,136	MeshInstance3D	212.1x32.5x140.1	StreetIdShot/OrisonRoot/WindowGlow/SitePanes_w3
[IDLEG] 0	8,248,136	MeshInstance3D	212.1x32.5x140.1	StreetIdShot/OrisonRoot/WindowGlow/SitePanes_c3
[IDLEG] 0	24,248,136	MeshInstance3D	181.5x13.5x112.6	StreetIdShot/OrisonRoot/WindowGlow/SitePanes_w1
[IDLEG] 0	40,248,136	MeshInstance3D	198.2x32.5x137.8	StreetIdShot/OrisonRoot/WindowGlow/SitePanes_c2
[IDLEG] 0	56,248,136	MeshInstance3D	78.4x4.8x54.6	StreetIdShot/OrisonRoot/WindowGlow/SitePanes_c1
[IDLEG] 0	72,248,136	MeshInstance3D	212.1x32.5x140.1	StreetIdShot/OrisonRoot/WindowGlow/SiteSashes
[IDLEG] 0	88,248,136	MeshInstance3D	0.1x0.1x0.0	StreetIdShot/OrisonRoot/F01_LOBBY_RADIATOR_01/WorkingAssembly/CastSections/ReplaceableAirVent/@MeshInstance3D@1853
[IDLEG] 0	104,248,136	MeshInstance3D	0.0x0.1x0.0	StreetIdShot/OrisonRoot/F01_LOBBY_RADIATOR_01/WorkingAssembly/CastSections/ReplaceableAirVent/@MeshInstance3D@1854
[IDLEG] 0	120,248,136	MeshInstance3D	0.8x0.6x0.2	StreetIdShot/OrisonRoot/F01_LOBBY_RADIATOR_01/WorkingAssembly/CastSections/@MeshInstance3D@1851
[IDLEG] 0	136,248,136	MeshInstance3D	0.1x0.1x0.1	StreetIdShot/OrisonRoot/F01_LOBBY_RADIATOR_01/WorkingAssembly/SupplyHandwheel/@MeshInstance3D@1852
[IDLEG] 0	152,248,136	MeshInstance3D	0.1x0.0x0.1	StreetIdShot/OrisonRoot/F01_LOBBY_RADIATOR_01/WorkingAssembly/FarEndPitchShim/@MeshInstance3D@1850
[IDLEG] 0	168,248,136	MeshInstance3D	0.2x0.1x0.1	StreetIdShot/OrisonRoot/F01_LOBBY_RADIATOR_01/WorkingAssembly/@MeshInstance3D@1855
[IDLEG] 0	184,248,136	MeshInstance3D	0.1x0.0x0.0	StreetIdShot/OrisonRoot/F01_LOBBY_RADIATOR_01/WorkingAssembly/@MeshInstance3D@1856
[IDLEG] 0	200,248,136	MeshInstance3D	0.1x0.5x0.5	StreetIdShot/OrisonRoot/F01_LOBBY_CLOCK_01/StaticCase/@MeshInstance3D@1886
[IDLEG] 0	216,248,136	MeshInstance3D	0.0x0.4x0.4	StreetIdShot/OrisonRoot/F01_LOBBY_CLOCK_01/StaticCase/@MeshInstance3D@1887
[IDLEG] 0	232,248,136	MeshInstance3D	0.0x0.5x0.5	StreetIdShot/OrisonRoot/F01_LOBBY_CLOCK_01/StaticCase/@MeshInstance3D@1888
[IDLEG] 0	248,248,136	MeshInstance3D	0.0x0.4x0.4	StreetIdShot/OrisonRoot/F01_LOBBY_CLOCK_01/StaticCase/@MeshInstance3D@1889
[IDLEG] 0	8,8,152	MeshInstance3D	0.0x0.3x0.3	StreetIdShot/OrisonRoot/F01_LOBBY_CLOCK_01/StaticCase/@MeshInstance3D@1890
[IDLEG] 0	24,8,152	MeshInstance3D	0.0x0.1x0.1	StreetIdShot/OrisonRoot/F01_LOBBY_CLOCK_01/HourHand/@MeshInstance3D@1882
[IDLEG] 0	40,8,152	MeshInstance3D	0.0x0.1x0.1	StreetIdShot/OrisonRoot/F01_LOBBY_CLOCK_01/MinuteHand/@MeshInstance3D@1883
[IDLEG] 0	56,8,152	MeshInstance3D	0.0x0.2x0.0	StreetIdShot/OrisonRoot/F01_LOBBY_CLOCK_01/SecondHand/@MeshInstance3D@1884
[IDLEG] 0	72,8,152	MeshInstance3D	0.0x0.8x0.0	StreetIdShot/OrisonRoot/F01_NEON_BLADE/@Node3D@1897/@Node3D@1898/@MeshInstance3D@1899
[IDLEG] 0	88,8,152	MeshInstance3D	0.1x0.0x0.0	StreetIdShot/OrisonRoot/F01_NEON_BLADE/@Node3D@1897/@Node3D@1898/@MeshInstance3D@1900
[IDLEG] 0	104,8,152	MeshInstance3D	0.1x0.1x0.0	StreetIdShot/OrisonRoot/F01_NEON_BLADE/@Node3D@1897/@Node3D@1898/@MeshInstance3D@1901
[IDLEG] 0	120,8,152	MeshInstance3D	0.1x0.1x0.0	StreetIdShot/OrisonRoot/F01_NEON_BLADE/@Node3D@1897/@Node3D@1898/@MeshInstance3D@1902
[IDLEG] 0	136,8,152	MeshInstance3D	0.0x0.8x0.0	StreetIdShot/OrisonRoot/F01_NEON_BLADE/@Node3D@1897/@Node3D@1898/@MeshInstance3D@1903
[IDLEG] 0	152,8,152	MeshInstance3D	0.1x0.0x0.0	StreetIdShot/OrisonRoot/F01_NEON_BLADE/@Node3D@1897/@Node3D@1898/@MeshInstance3D@1904
[IDLEG] 0	168,8,152	MeshInstance3D	0.1x0.1x0.0	StreetIdShot/OrisonRoot/F01_NEON_BLADE/@Node3D@1897/@Node3D@1898/@MeshInstance3D@1905
[IDLEG] 0	184,8,152	MeshInstance3D	0.1x0.1x0.0	StreetIdShot/OrisonRoot/F01_NEON_BLADE/@Node3D@1897/@Node3D@1898/@MeshInstance3D@1906
[IDLEG] 0	200,8,152	MeshInstance3D	0.0x0.0x0.5	StreetIdShot/OrisonRoot/F01_NEON_BLADE/@Node3D@1897/@Node3D@1898/@MeshInstance3D@1907
[IDLEG] 0	216,8,152	MeshInstance3D	0.1x0.0x0.0	StreetIdShot/OrisonRoot/F01_NEON_BLADE/@Node3D@1897/@Node3D@1898/@MeshInstance3D@1908
[IDLEG] 0	232,8,152	MeshInstance3D	0.1x0.1x0.0	StreetIdShot/OrisonRoot/F01_NEON_BLADE/@Node3D@1897/@Node3D@1898/@MeshInstance3D@1909
[IDLEG] 0	248,8,152	MeshInstance3D	0.1x0.1x0.0	StreetIdShot/OrisonRoot/F01_NEON_BLADE/@Node3D@1897/@Node3D@1898/@MeshInstance3D@1910
[IDLEG] 0	8,24,152	MeshInstance3D	0.0x0.0x0.5	StreetIdShot/OrisonRoot/F01_NEON_BLADE/@Node3D@1897/@Node3D@1898/@MeshInstance3D@1911
[IDLEG] 0	24,24,152	MeshInstance3D	0.1x0.0x0.0	StreetIdShot/OrisonRoot/F01_NEON_BLADE/@Node3D@1897/@Node3D@1898/@MeshInstance3D@1912
[IDLEG] 0	40,24,152	MeshInstance3D	0.1x0.1x0.0	StreetIdShot/OrisonRoot/F01_NEON_BLADE/@Node3D@1897/@Node3D@1898/@MeshInstance3D@1913
[IDLEG] 0	56,24,152	MeshInstance3D	0.1x0.1x0.0	StreetIdShot/OrisonRoot/F01_NEON_BLADE/@Node3D@1897/@Node3D@1898/@MeshInstance3D@1914
[IDLEG] 0	72,24,152	MeshInstance3D	0.0x0.8x0.0	StreetIdShot/OrisonRoot/F01_NEON_BLADE/@Node3D@1897/@Node3D@1915/@MeshInstance3D@1916
[IDLEG] 0	88,24,152	MeshInstance3D	0.1x0.0x0.0	StreetIdShot/OrisonRoot/F01_NEON_BLADE/@Node3D@1897/@Node3D@1915/@MeshInstance3D@1917
[IDLEG] 0	104,24,152	MeshInstance3D	0.1x0.1x0.0	StreetIdShot/OrisonRoot/F01_NEON_BLADE/@Node3D@1897/@Node3D@1915/@MeshInstance3D@1918
[IDLEG] 0	120,24,152	MeshInstance3D	0.1x0.1x0.0	StreetIdShot/OrisonRoot/F01_NEON_BLADE/@Node3D@1897/@Node3D@1915/@MeshInstance3D@1919
[IDLEG] 0	136,24,152	MeshInstance3D	0.0x0.0x0.5	StreetIdShot/OrisonRoot/F01_NEON_BLADE/@Node3D@1897/@Node3D@1915/@MeshInstance3D@1920
[IDLEG] 0	152,24,152	MeshInstance3D	0.1x0.0x0.0	StreetIdShot/OrisonRoot/F01_NEON_BLADE/@Node3D@1897/@Node3D@1915/@MeshInstance3D@1921
[IDLEG] 0	168,24,152	MeshInstance3D	0.1x0.1x0.0	StreetIdShot/OrisonRoot/F01_NEON_BLADE/@Node3D@1897/@Node3D@1915/@MeshInstance3D@1922
[IDLEG] 0	184,24,152	MeshInstance3D	0.1x0.1x0.0	StreetIdShot/OrisonRoot/F01_NEON_BLADE/@Node3D@1897/@Node3D@1915/@MeshInstance3D@1923
[IDLEG] 0	200,24,152	MeshInstance3D	0.0x0.4x0.0	StreetIdShot/OrisonRoot/F01_NEON_BLADE/@Node3D@1897/@Node3D@1915/@MeshInstance3D@1924
[IDLEG] 0	216,24,152	MeshInstance3D	0.1x0.0x0.0	StreetIdShot/OrisonRoot/F01_NEON_BLADE/@Node3D@1897/@Node3D@1915/@MeshInstance3D@1925
[IDLEG] 0	232,24,152	MeshInstance3D	0.1x0.1x0.0	StreetIdShot/OrisonRoot/F01_NEON_BLADE/@Node3D@1897/@Node3D@1915/@MeshInstance3D@1926
[IDLEG] 0	248,24,152	MeshInstance3D	0.1x0.1x0.0	StreetIdShot/OrisonRoot/F01_NEON_BLADE/@Node3D@1897/@Node3D@1915/@MeshInstance3D@1927
[IDLEG] 0	8,40,152	MeshInstance3D	0.0x0.0x0.5	StreetIdShot/OrisonRoot/F01_NEON_BLADE/@Node3D@1897/@Node3D@1915/@MeshInstance3D@1928
[IDLEG] 0	24,40,152	MeshInstance3D	0.1x0.0x0.0	StreetIdShot/OrisonRoot/F01_NEON_BLADE/@Node3D@1897/@Node3D@1915/@MeshInstance3D@1929
[IDLEG] 0	40,40,152	MeshInstance3D	0.1x0.1x0.0	StreetIdShot/OrisonRoot/F01_NEON_BLADE/@Node3D@1897/@Node3D@1915/@MeshInstance3D@1930
[IDLEG] 0	56,40,152	MeshInstance3D	0.1x0.1x0.0	StreetIdShot/OrisonRoot/F01_NEON_BLADE/@Node3D@1897/@Node3D@1915/@MeshInstance3D@1931
[IDLEG] 0	72,40,152	MeshInstance3D	0.0x0.4x0.5	StreetIdShot/OrisonRoot/F01_NEON_BLADE/@Node3D@1897/@Node3D@1915/@MeshInstance3D@1932
[IDLEG] 0	88,40,152	MeshInstance3D	0.1x0.0x0.0	StreetIdShot/OrisonRoot/F01_NEON_BLADE/@Node3D@1897/@Node3D@1915/@MeshInstance3D@1933
[IDLEG] 0	104,40,152	MeshInstance3D	0.1x0.1x0.0	StreetIdShot/OrisonRoot/F01_NEON_BLADE/@Node3D@1897/@Node3D@1915/@MeshInstance3D@1934
[IDLEG] 0	120,40,152	MeshInstance3D	0.1x0.1x0.0	StreetIdShot/OrisonRoot/F01_NEON_BLADE/@Node3D@1897/@Node3D@1915/@MeshInstance3D@1935
[IDLEG] 0	136,40,152	MeshInstance3D	0.0x0.8x0.0	StreetIdShot/OrisonRoot/F01_NEON_BLADE/@Node3D@1897/@Node3D@1936/@MeshInstance3D@1937
[IDLEG] 0	152,40,152	MeshInstance3D	0.1x0.0x0.0	StreetIdShot/OrisonRoot/F01_NEON_BLADE/@Node3D@1897/@Node3D@1936/@MeshInstance3D@1938
[IDLEG] 0	168,40,152	MeshInstance3D	0.1x0.1x0.0	StreetIdShot/OrisonRoot/F01_NEON_BLADE/@Node3D@1897/@Node3D@1936/@MeshInstance3D@1939
[IDLEG] 0	184,40,152	MeshInstance3D	0.1x0.1x0.0	StreetIdShot/OrisonRoot/F01_NEON_BLADE/@Node3D@1897/@Node3D@1936/@MeshInstance3D@1940
[IDLEG] 0	200,40,152	MeshInstance3D	0.0x0.0x0.4	StreetIdShot/OrisonRoot/F01_NEON_BLADE/@Node3D@1897/@Node3D@1936/@MeshInstance3D@1941
[IDLEG] 0	216,40,152	MeshInstance3D	0.1x0.0x0.0	StreetIdShot/OrisonRoot/F01_NEON_BLADE/@Node3D@1897/@Node3D@1936/@MeshInstance3D@1942
[IDLEG] 0	232,40,152	MeshInstance3D	0.1x0.1x0.0	StreetIdShot/OrisonRoot/F01_NEON_BLADE/@Node3D@1897/@Node3D@1936/@MeshInstance3D@1943
[IDLEG] 0	248,40,152	MeshInstance3D	0.1x0.1x0.0	StreetIdShot/OrisonRoot/F01_NEON_BLADE/@Node3D@1897/@Node3D@1936/@MeshInstance3D@1944
[IDLEG] 0	8,56,152	MeshInstance3D	0.0x0.0x0.4	StreetIdShot/OrisonRoot/F01_NEON_BLADE/@Node3D@1897/@Node3D@1936/@MeshInstance3D@1945
[IDLEG] 0	24,56,152	MeshInstance3D	0.1x0.0x0.0	StreetIdShot/OrisonRoot/F01_NEON_BLADE/@Node3D@1897/@Node3D@1936/@MeshInstance3D@1946
[IDLEG] 0	40,56,152	MeshInstance3D	0.1x0.1x0.0	StreetIdShot/OrisonRoot/F01_NEON_BLADE/@Node3D@1897/@Node3D@1936/@MeshInstance3D@1947
[IDLEG] 0	56,56,152	MeshInstance3D	0.1x0.1x0.0	StreetIdShot/OrisonRoot/F01_NEON_BLADE/@Node3D@1897/@Node3D@1936/@MeshInstance3D@1948
[IDLEG] 0	72,56,152	MeshInstance3D	0.0x0.0x0.5	StreetIdShot/OrisonRoot/F01_NEON_BLADE/@Node3D@1897/@Node3D@1949/@MeshInstance3D@1950
[IDLEG] 0	88,56,152	MeshInstance3D	0.1x0.0x0.0	StreetIdShot/OrisonRoot/F01_NEON_BLADE/@Node3D@1897/@Node3D@1949/@MeshInstance3D@1951
[IDLEG] 0	104,56,152	MeshInstance3D	0.1x0.1x0.0	StreetIdShot/OrisonRoot/F01_NEON_BLADE/@Node3D@1897/@Node3D@1949/@MeshInstance3D@1952
[IDLEG] 0	120,56,152	MeshInstance3D	0.1x0.1x0.0	StreetIdShot/OrisonRoot/F01_NEON_BLADE/@Node3D@1897/@Node3D@1949/@MeshInstance3D@1953
[IDLEG] 0	136,56,152	MeshInstance3D	0.0x0.4x0.0	StreetIdShot/OrisonRoot/F01_NEON_BLADE/@Node3D@1897/@Node3D@1949/@MeshInstance3D@1954
[IDLEG] 0	152,56,152	MeshInstance3D	0.1x0.0x0.0	StreetIdShot/OrisonRoot/F01_NEON_BLADE/@Node3D@1897/@Node3D@1949/@MeshInstance3D@1955
[IDLEG] 0	168,56,152	MeshInstance3D	0.1x0.1x0.0	StreetIdShot/OrisonRoot/F01_NEON_BLADE/@Node3D@1897/@Node3D@1949/@MeshInstance3D@1956
[IDLEG] 0	184,56,152	MeshInstance3D	0.1x0.1x0.0	StreetIdShot/OrisonRoot/F01_NEON_BLADE/@Node3D@1897/@Node3D@1949/@MeshInstance3D@1957
[IDLEG] 0	200,56,152	MeshInstance3D	0.0x0.0x0.5	StreetIdShot/OrisonRoot/F01_NEON_BLADE/@Node3D@1897/@Node3D@1949/@MeshInstance3D@1958
[IDLEG] 0	216,56,152	MeshInstance3D	0.1x0.0x0.0	StreetIdShot/OrisonRoot/F01_NEON_BLADE/@Node3D@1897/@Node3D@1949/@MeshInstance3D@1959
[IDLEG] 0	232,56,152	MeshInstance3D	0.1x0.1x0.0	StreetIdShot/OrisonRoot/F01_NEON_BLADE/@Node3D@1897/@Node3D@1949/@MeshInstance3D@1960
[IDLEG] 0	248,56,152	MeshInstance3D	0.1x0.1x0.0	StreetIdShot/OrisonRoot/F01_NEON_BLADE/@Node3D@1897/@Node3D@1949/@MeshInstance3D@1961
[IDLEG] 0	8,72,152	MeshInstance3D	0.0x0.4x0.0	StreetIdShot/OrisonRoot/F01_NEON_BLADE/@Node3D@1897/@Node3D@1949/@MeshInstance3D@1962
[IDLEG] 0	24,72,152	MeshInstance3D	0.1x0.0x0.0	StreetIdShot/OrisonRoot/F01_NEON_BLADE/@Node3D@1897/@Node3D@1949/@MeshInstance3D@1963
[IDLEG] 0	40,72,152	MeshInstance3D	0.1x0.1x0.0	StreetIdShot/OrisonRoot/F01_NEON_BLADE/@Node3D@1897/@Node3D@1949/@MeshInstance3D@1964
[IDLEG] 0	56,72,152	MeshInstance3D	0.1x0.1x0.0	StreetIdShot/OrisonRoot/F01_NEON_BLADE/@Node3D@1897/@Node3D@1949/@MeshInstance3D@1965
[IDLEG] 0	72,72,152	MeshInstance3D	0.0x0.0x0.5	StreetIdShot/OrisonRoot/F01_NEON_BLADE/@Node3D@1897/@Node3D@1949/@MeshInstance3D@1966
[IDLEG] 0	88,72,152	MeshInstance3D	0.1x0.0x0.0	StreetIdShot/OrisonRoot/F01_NEON_BLADE/@Node3D@1897/@Node3D@1949/@MeshInstance3D@1967
[IDLEG] 0	104,72,152	MeshInstance3D	0.1x0.1x0.0	StreetIdShot/OrisonRoot/F01_NEON_BLADE/@Node3D@1897/@Node3D@1949/@MeshInstance3D@1968
[IDLEG] 0	120,72,152	MeshInstance3D	0.1x0.1x0.0	StreetIdShot/OrisonRoot/F01_NEON_BLADE/@Node3D@1897/@Node3D@1949/@MeshInstance3D@1969
[IDLEG] 0	136,72,152	MeshInstance3D	0.0x0.8x0.0	StreetIdShot/OrisonRoot/F01_NEON_BLADE/@Node3D@1897/@Node3D@1970/@MeshInstance3D@1971
[IDLEG] 0	152,72,152	MeshInstance3D	0.1x0.0x0.0	StreetIdShot/OrisonRoot/F01_NEON_BLADE/@Node3D@1897/@Node3D@1970/@MeshInstance3D@1972
[IDLEG] 0	168,72,152	MeshInstance3D	0.1x0.1x0.0	StreetIdShot/OrisonRoot/F01_NEON_BLADE/@Node3D@1897/@Node3D@1970/@MeshInstance3D@1973
[IDLEG] 0	184,72,152	MeshInstance3D	0.1x0.1x0.0	StreetIdShot/OrisonRoot/F01_NEON_BLADE/@Node3D@1897/@Node3D@1970/@MeshInstance3D@1974
[IDLEG] 0	200,72,152	MeshInstance3D	0.0x0.8x0.0	StreetIdShot/OrisonRoot/F01_NEON_BLADE/@Node3D@1897/@Node3D@1970/@MeshInstance3D@1975
[IDLEG] 0	216,72,152	MeshInstance3D	0.1x0.0x0.0	StreetIdShot/OrisonRoot/F01_NEON_BLADE/@Node3D@1897/@Node3D@1970/@MeshInstance3D@1976
[IDLEG] 0	232,72,152	MeshInstance3D	0.1x0.1x0.0	StreetIdShot/OrisonRoot/F01_NEON_BLADE/@Node3D@1897/@Node3D@1970/@MeshInstance3D@1977
[IDLEG] 0	248,72,152	MeshInstance3D	0.1x0.1x0.0	StreetIdShot/OrisonRoot/F01_NEON_BLADE/@Node3D@1897/@Node3D@1970/@MeshInstance3D@1978
[IDLEG] 0	8,88,152	MeshInstance3D	0.0x0.0x0.5	StreetIdShot/OrisonRoot/F01_NEON_BLADE/@Node3D@1897/@Node3D@1970/@MeshInstance3D@1979
[IDLEG] 0	24,88,152	MeshInstance3D	0.1x0.0x0.0	StreetIdShot/OrisonRoot/F01_NEON_BLADE/@Node3D@1897/@Node3D@1970/@MeshInstance3D@1980
[IDLEG] 0	40,88,152	MeshInstance3D	0.1x0.1x0.0	StreetIdShot/OrisonRoot/F01_NEON_BLADE/@Node3D@1897/@Node3D@1970/@MeshInstance3D@1981
[IDLEG] 0	56,88,152	MeshInstance3D	0.1x0.1x0.0	StreetIdShot/OrisonRoot/F01_NEON_BLADE/@Node3D@1897/@Node3D@1970/@MeshInstance3D@1982
[IDLEG] 0	72,88,152	MeshInstance3D	0.0x0.0x0.5	StreetIdShot/OrisonRoot/F01_NEON_BLADE/@Node3D@1897/@Node3D@1970/@MeshInstance3D@1983
[IDLEG] 0	88,88,152	MeshInstance3D	0.1x0.0x0.0	StreetIdShot/OrisonRoot/F01_NEON_BLADE/@Node3D@1897/@Node3D@1970/@MeshInstance3D@1984
[IDLEG] 0	104,88,152	MeshInstance3D	0.1x0.1x0.0	StreetIdShot/OrisonRoot/F01_NEON_BLADE/@Node3D@1897/@Node3D@1970/@MeshInstance3D@1985
[IDLEG] 0	120,88,152	MeshInstance3D	0.1x0.1x0.0	StreetIdShot/OrisonRoot/F01_NEON_BLADE/@Node3D@1897/@Node3D@1970/@MeshInstance3D@1986
[IDLEG] 0	136,88,152	MeshInstance3D	0.0x0.8x0.0	StreetIdShot/OrisonRoot/F01_NEON_BLADE/@Node3D@1897/@Node3D@1987/@MeshInstance3D@1988
[IDLEG] 0	152,88,152	MeshInstance3D	0.1x0.0x0.0	StreetIdShot/OrisonRoot/F01_NEON_BLADE/@Node3D@1897/@Node3D@1987/@MeshInstance3D@1989
[IDLEG] 0	168,88,152	MeshInstance3D	0.1x0.1x0.0	StreetIdShot/OrisonRoot/F01_NEON_BLADE/@Node3D@1897/@Node3D@1987/@MeshInstance3D@1990
[IDLEG] 0	184,88,152	MeshInstance3D	0.1x0.1x0.0	StreetIdShot/OrisonRoot/F01_NEON_BLADE/@Node3D@1897/@Node3D@1987/@MeshInstance3D@1991
[IDLEG] 0	200,88,152	MeshInstance3D	0.0x0.8x0.5	StreetIdShot/OrisonRoot/F01_NEON_BLADE/@Node3D@1897/@Node3D@1987/@MeshInstance3D@1992
[IDLEG] 0	216,88,152	MeshInstance3D	0.1x0.0x0.0	StreetIdShot/OrisonRoot/F01_NEON_BLADE/@Node3D@1897/@Node3D@1987/@MeshInstance3D@1993
[IDLEG] 0	232,88,152	MeshInstance3D	0.1x0.1x0.0	StreetIdShot/OrisonRoot/F01_NEON_BLADE/@Node3D@1897/@Node3D@1987/@MeshInstance3D@1994
[IDLEG] 0	248,88,152	MeshInstance3D	0.1x0.1x0.0	StreetIdShot/OrisonRoot/F01_NEON_BLADE/@Node3D@1897/@Node3D@1987/@MeshInstance3D@1995
[IDLEG] 0	8,104,152	MeshInstance3D	0.0x0.8x0.0	StreetIdShot/OrisonRoot/F01_NEON_BLADE/@Node3D@1897/@Node3D@1987/@MeshInstance3D@1996
[IDLEG] 0	24,104,152	MeshInstance3D	0.1x0.0x0.0	StreetIdShot/OrisonRoot/F01_NEON_BLADE/@Node3D@1897/@Node3D@1987/@MeshInstance3D@1997
[IDLEG] 0	40,104,152	MeshInstance3D	0.1x0.1x0.0	StreetIdShot/OrisonRoot/F01_NEON_BLADE/@Node3D@1897/@Node3D@1987/@MeshInstance3D@1998
[IDLEG] 0	56,104,152	MeshInstance3D	0.1x0.1x0.0	StreetIdShot/OrisonRoot/F01_NEON_BLADE/@Node3D@1897/@Node3D@1987/@MeshInstance3D@1999
[IDLEG] 0	72,104,152	MeshInstance3D	0.0x0.8x0.0	StreetIdShot/OrisonRoot/F01_NEON_BLADE/@Node3D@2000/@Node3D@2001/@MeshInstance3D@2002
[IDLEG] 0	88,104,152	MeshInstance3D	0.1x0.0x0.0	StreetIdShot/OrisonRoot/F01_NEON_BLADE/@Node3D@2000/@Node3D@2001/@MeshInstance3D@2003
[IDLEG] 0	104,104,152	MeshInstance3D	0.1x0.1x0.0	StreetIdShot/OrisonRoot/F01_NEON_BLADE/@Node3D@2000/@Node3D@2001/@MeshInstance3D@2004
[IDLEG] 0	120,104,152	MeshInstance3D	0.1x0.1x0.0	StreetIdShot/OrisonRoot/F01_NEON_BLADE/@Node3D@2000/@Node3D@2001/@MeshInstance3D@2005
[IDLEG] 0	136,104,152	MeshInstance3D	0.0x0.8x0.0	StreetIdShot/OrisonRoot/F01_NEON_BLADE/@Node3D@2000/@Node3D@2001/@MeshInstance3D@2006
[IDLEG] 0	152,104,152	MeshInstance3D	0.1x0.0x0.0	StreetIdShot/OrisonRoot/F01_NEON_BLADE/@Node3D@2000/@Node3D@2001/@MeshInstance3D@2007
[IDLEG] 0	168,104,152	MeshInstance3D	0.1x0.1x0.0	StreetIdShot/OrisonRoot/F01_NEON_BLADE/@Node3D@2000/@Node3D@2001/@MeshInstance3D@2008
[IDLEG] 0	184,104,152	MeshInstance3D	0.1x0.1x0.0	StreetIdShot/OrisonRoot/F01_NEON_BLADE/@Node3D@2000/@Node3D@2001/@MeshInstance3D@2009
[IDLEG] 0	200,104,152	MeshInstance3D	0.0x0.0x0.5	StreetIdShot/OrisonRoot/F01_NEON_BLADE/@Node3D@2000/@Node3D@2001/@MeshInstance3D@2010
[IDLEG] 0	216,104,152	MeshInstance3D	0.1x0.0x0.0	StreetIdShot/OrisonRoot/F01_NEON_BLADE/@Node3D@2000/@Node3D@2001/@MeshInstance3D@2011
[IDLEG] 0	232,104,152	MeshInstance3D	0.1x0.1x0.0	StreetIdShot/OrisonRoot/F01_NEON_BLADE/@Node3D@2000/@Node3D@2001/@MeshInstance3D@2012
[IDLEG] 0	248,104,152	MeshInstance3D	0.1x0.1x0.0	StreetIdShot/OrisonRoot/F01_NEON_BLADE/@Node3D@2000/@Node3D@2001/@MeshInstance3D@2013
[IDLEG] 0	8,120,152	MeshInstance3D	0.0x0.0x0.5	StreetIdShot/OrisonRoot/F01_NEON_BLADE/@Node3D@2000/@Node3D@2001/@MeshInstance3D@2014
[IDLEG] 0	24,120,152	MeshInstance3D	0.1x0.0x0.0	StreetIdShot/OrisonRoot/F01_NEON_BLADE/@Node3D@2000/@Node3D@2001/@MeshInstance3D@2015
[IDLEG] 0	40,120,152	MeshInstance3D	0.1x0.1x0.0	StreetIdShot/OrisonRoot/F01_NEON_BLADE/@Node3D@2000/@Node3D@2001/@MeshInstance3D@2016
[IDLEG] 0	56,120,152	MeshInstance3D	0.1x0.1x0.0	StreetIdShot/OrisonRoot/F01_NEON_BLADE/@Node3D@2000/@Node3D@2001/@MeshInstance3D@2017
[IDLEG] 0	72,120,152	MeshInstance3D	0.0x0.8x0.0	StreetIdShot/OrisonRoot/F01_NEON_BLADE/@Node3D@2000/@Node3D@2018/@MeshInstance3D@2019
[IDLEG] 0	88,120,152	MeshInstance3D	0.1x0.0x0.0	StreetIdShot/OrisonRoot/F01_NEON_BLADE/@Node3D@2000/@Node3D@2018/@MeshInstance3D@2020
[IDLEG] 0	104,120,152	MeshInstance3D	0.1x0.1x0.0	StreetIdShot/OrisonRoot/F01_NEON_BLADE/@Node3D@2000/@Node3D@2018/@MeshInstance3D@2021
[IDLEG] 0	120,120,152	MeshInstance3D	0.1x0.1x0.0	StreetIdShot/OrisonRoot/F01_NEON_BLADE/@Node3D@2000/@Node3D@2018/@MeshInstance3D@2022
[IDLEG] 0	136,120,152	MeshInstance3D	0.0x0.0x0.5	StreetIdShot/OrisonRoot/F01_NEON_BLADE/@Node3D@2000/@Node3D@2018/@MeshInstance3D@2023
[IDLEG] 0	152,120,152	MeshInstance3D	0.1x0.0x0.0	StreetIdShot/OrisonRoot/F01_NEON_BLADE/@Node3D@2000/@Node3D@2018/@MeshInstance3D@2024
[IDLEG] 0	168,120,152	MeshInstance3D	0.1x0.1x0.0	StreetIdShot/OrisonRoot/F01_NEON_BLADE/@Node3D@2000/@Node3D@2018/@MeshInstance3D@2025
[IDLEG] 0	184,120,152	MeshInstance3D	0.1x0.1x0.0	StreetIdShot/OrisonRoot/F01_NEON_BLADE/@Node3D@2000/@Node3D@2018/@MeshInstance3D@2026
[IDLEG] 0	200,120,152	MeshInstance3D	0.0x0.4x0.0	StreetIdShot/OrisonRoot/F01_NEON_BLADE/@Node3D@2000/@Node3D@2018/@MeshInstance3D@2027
[IDLEG] 0	216,120,152	MeshInstance3D	0.1x0.0x0.0	StreetIdShot/OrisonRoot/F01_NEON_BLADE/@Node3D@2000/@Node3D@2018/@MeshInstance3D@2028
[IDLEG] 0	232,120,152	MeshInstance3D	0.1x0.1x0.0	StreetIdShot/OrisonRoot/F01_NEON_BLADE/@Node3D@2000/@Node3D@2018/@MeshInstance3D@2029
[IDLEG] 0	248,120,152	MeshInstance3D	0.1x0.1x0.0	StreetIdShot/OrisonRoot/F01_NEON_BLADE/@Node3D@2000/@Node3D@2018/@MeshInstance3D@2030
[IDLEG] 0	8,136,152	MeshInstance3D	0.0x0.0x0.5	StreetIdShot/OrisonRoot/F01_NEON_BLADE/@Node3D@2000/@Node3D@2018/@MeshInstance3D@2031
[IDLEG] 0	24,136,152	MeshInstance3D	0.1x0.0x0.0	StreetIdShot/OrisonRoot/F01_NEON_BLADE/@Node3D@2000/@Node3D@2018/@MeshInstance3D@2032
[IDLEG] 0	40,136,152	MeshInstance3D	0.1x0.1x0.0	StreetIdShot/OrisonRoot/F01_NEON_BLADE/@Node3D@2000/@Node3D@2018/@MeshInstance3D@2033
[IDLEG] 0	56,136,152	MeshInstance3D	0.1x0.1x0.0	StreetIdShot/OrisonRoot/F01_NEON_BLADE/@Node3D@2000/@Node3D@2018/@MeshInstance3D@2034
[IDLEG] 0	72,136,152	MeshInstance3D	0.0x0.4x0.5	StreetIdShot/OrisonRoot/F01_NEON_BLADE/@Node3D@2000/@Node3D@2018/@MeshInstance3D@2035
[IDLEG] 0	88,136,152	MeshInstance3D	0.1x0.0x0.0	StreetIdShot/OrisonRoot/F01_NEON_BLADE/@Node3D@2000/@Node3D@2018/@MeshInstance3D@2036
[IDLEG] 0	104,136,152	MeshInstance3D	0.1x0.1x0.0	StreetIdShot/OrisonRoot/F01_NEON_BLADE/@Node3D@2000/@Node3D@2018/@MeshInstance3D@2037
[IDLEG] 0	120,136,152	MeshInstance3D	0.1x0.1x0.0	StreetIdShot/OrisonRoot/F01_NEON_BLADE/@Node3D@2000/@Node3D@2018/@MeshInstance3D@2038
[IDLEG] 0	136,136,152	MeshInstance3D	0.0x0.8x0.0	StreetIdShot/OrisonRoot/F01_NEON_BLADE/@Node3D@2000/@Node3D@2039/@MeshInstance3D@2040
[IDLEG] 0	152,136,152	MeshInstance3D	0.1x0.0x0.0	StreetIdShot/OrisonRoot/F01_NEON_BLADE/@Node3D@2000/@Node3D@2039/@MeshInstance3D@2041
[IDLEG] 0	168,136,152	MeshInstance3D	0.1x0.1x0.0	StreetIdShot/OrisonRoot/F01_NEON_BLADE/@Node3D@2000/@Node3D@2039/@MeshInstance3D@2042
[IDLEG] 0	184,136,152	MeshInstance3D	0.1x0.1x0.0	StreetIdShot/OrisonRoot/F01_NEON_BLADE/@Node3D@2000/@Node3D@2039/@MeshInstance3D@2043
[IDLEG] 0	200,136,152	MeshInstance3D	0.0x0.0x0.4	StreetIdShot/OrisonRoot/F01_NEON_BLADE/@Node3D@2000/@Node3D@2039/@MeshInstance3D@2044
[IDLEG] 0	216,136,152	MeshInstance3D	0.1x0.0x0.0	StreetIdShot/OrisonRoot/F01_NEON_BLADE/@Node3D@2000/@Node3D@2039/@MeshInstance3D@2045
[IDLEG] 0	232,136,152	MeshInstance3D	0.1x0.1x0.0	StreetIdShot/OrisonRoot/F01_NEON_BLADE/@Node3D@2000/@Node3D@2039/@MeshInstance3D@2046
[IDLEG] 0	248,136,152	MeshInstance3D	0.1x0.1x0.0	StreetIdShot/OrisonRoot/F01_NEON_BLADE/@Node3D@2000/@Node3D@2039/@MeshInstance3D@2047
[IDLEG] 0	8,152,152	MeshInstance3D	0.0x0.0x0.4	StreetIdShot/OrisonRoot/F01_NEON_BLADE/@Node3D@2000/@Node3D@2039/@MeshInstance3D@2048
[IDLEG] 0	24,152,152	MeshInstance3D	0.1x0.0x0.0	StreetIdShot/OrisonRoot/F01_NEON_BLADE/@Node3D@2000/@Node3D@2039/@MeshInstance3D@2049
[IDLEG] 0	40,152,152	MeshInstance3D	0.1x0.1x0.0	StreetIdShot/OrisonRoot/F01_NEON_BLADE/@Node3D@2000/@Node3D@2039/@MeshInstance3D@2050
[IDLEG] 0	56,152,152	MeshInstance3D	0.1x0.1x0.0	StreetIdShot/OrisonRoot/F01_NEON_BLADE/@Node3D@2000/@Node3D@2039/@MeshInstance3D@2051
[IDLEG] 0	72,152,152	MeshInstance3D	0.0x0.0x0.5	StreetIdShot/OrisonRoot/F01_NEON_BLADE/@Node3D@2000/@Node3D@2052/@MeshInstance3D@2053
[IDLEG] 0	88,152,152	MeshInstance3D	0.1x0.0x0.0	StreetIdShot/OrisonRoot/F01_NEON_BLADE/@Node3D@2000/@Node3D@2052/@MeshInstance3D@2054
[IDLEG] 0	104,152,152	MeshInstance3D	0.1x0.1x0.0	StreetIdShot/OrisonRoot/F01_NEON_BLADE/@Node3D@2000/@Node3D@2052/@MeshInstance3D@2055
[IDLEG] 0	120,152,152	MeshInstance3D	0.1x0.1x0.0	StreetIdShot/OrisonRoot/F01_NEON_BLADE/@Node3D@2000/@Node3D@2052/@MeshInstance3D@2056
[IDLEG] 0	136,152,152	MeshInstance3D	0.0x0.4x0.0	StreetIdShot/OrisonRoot/F01_NEON_BLADE/@Node3D@2000/@Node3D@2052/@MeshInstance3D@2057
[IDLEG] 0	152,152,152	MeshInstance3D	0.1x0.0x0.0	StreetIdShot/OrisonRoot/F01_NEON_BLADE/@Node3D@2000/@Node3D@2052/@MeshInstance3D@2058
[IDLEG] 0	168,152,152	MeshInstance3D	0.1x0.1x0.0	StreetIdShot/OrisonRoot/F01_NEON_BLADE/@Node3D@2000/@Node3D@2052/@MeshInstance3D@2059
[IDLEG] 0	184,152,152	MeshInstance3D	0.1x0.1x0.0	StreetIdShot/OrisonRoot/F01_NEON_BLADE/@Node3D@2000/@Node3D@2052/@MeshInstance3D@2060
[IDLEG] 0	200,152,152	MeshInstance3D	0.0x0.0x0.5	StreetIdShot/OrisonRoot/F01_NEON_BLADE/@Node3D@2000/@Node3D@2052/@MeshInstance3D@2061
[IDLEG] 0	216,152,152	MeshInstance3D	0.1x0.0x0.0	StreetIdShot/OrisonRoot/F01_NEON_BLADE/@Node3D@2000/@Node3D@2052/@MeshInstance3D@2062
[IDLEG] 0	232,152,152	MeshInstance3D	0.1x0.1x0.0	StreetIdShot/OrisonRoot/F01_NEON_BLADE/@Node3D@2000/@Node3D@2052/@MeshInstance3D@2063
[IDLEG] 0	248,152,152	MeshInstance3D	0.1x0.1x0.0	StreetIdShot/OrisonRoot/F01_NEON_BLADE/@Node3D@2000/@Node3D@2052/@MeshInstance3D@2064
[IDLEG] 0	8,168,152	MeshInstance3D	0.0x0.4x0.0	StreetIdShot/OrisonRoot/F01_NEON_BLADE/@Node3D@2000/@Node3D@2052/@MeshInstance3D@2065
[IDLEG] 0	24,168,152	MeshInstance3D	0.1x0.0x0.0	StreetIdShot/OrisonRoot/F01_NEON_BLADE/@Node3D@2000/@Node3D@2052/@MeshInstance3D@2066
[IDLEG] 0	40,168,152	MeshInstance3D	0.1x0.1x0.0	StreetIdShot/OrisonRoot/F01_NEON_BLADE/@Node3D@2000/@Node3D@2052/@MeshInstance3D@2067
[IDLEG] 0	56,168,152	MeshInstance3D	0.1x0.1x0.0	StreetIdShot/OrisonRoot/F01_NEON_BLADE/@Node3D@2000/@Node3D@2052/@MeshInstance3D@2068
[IDLEG] 0	72,168,152	MeshInstance3D	0.0x0.0x0.5	StreetIdShot/OrisonRoot/F01_NEON_BLADE/@Node3D@2000/@Node3D@2052/@MeshInstance3D@2069
[IDLEG] 0	88,168,152	MeshInstance3D	0.1x0.0x0.0	StreetIdShot/OrisonRoot/F01_NEON_BLADE/@Node3D@2000/@Node3D@2052/@MeshInstance3D@2070
[IDLEG] 0	104,168,152	MeshInstance3D	0.1x0.1x0.0	StreetIdShot/OrisonRoot/F01_NEON_BLADE/@Node3D@2000/@Node3D@2052/@MeshInstance3D@2071
[IDLEG] 0	120,168,152	MeshInstance3D	0.1x0.1x0.0	StreetIdShot/OrisonRoot/F01_NEON_BLADE/@Node3D@2000/@Node3D@2052/@MeshInstance3D@2072
[IDLEG] 0	136,168,152	MeshInstance3D	0.0x0.8x0.0	StreetIdShot/OrisonRoot/F01_NEON_BLADE/@Node3D@2000/@Node3D@2073/@MeshInstance3D@2074
[IDLEG] 0	152,168,152	MeshInstance3D	0.1x0.0x0.0	StreetIdShot/OrisonRoot/F01_NEON_BLADE/@Node3D@2000/@Node3D@2073/@MeshInstance3D@2075
[IDLEG] 0	168,168,152	MeshInstance3D	0.1x0.1x0.0	StreetIdShot/OrisonRoot/F01_NEON_BLADE/@Node3D@2000/@Node3D@2073/@MeshInstance3D@2076
[IDLEG] 0	184,168,152	MeshInstance3D	0.1x0.1x0.0	StreetIdShot/OrisonRoot/F01_NEON_BLADE/@Node3D@2000/@Node3D@2073/@MeshInstance3D@2077
[IDLEG] 0	200,168,152	MeshInstance3D	0.0x0.8x0.0	StreetIdShot/OrisonRoot/F01_NEON_BLADE/@Node3D@2000/@Node3D@2073/@MeshInstance3D@2078
[IDLEG] 0	216,168,152	MeshInstance3D	0.1x0.0x0.0	StreetIdShot/OrisonRoot/F01_NEON_BLADE/@Node3D@2000/@Node3D@2073/@MeshInstance3D@2079
[IDLEG] 0	232,168,152	MeshInstance3D	0.1x0.1x0.0	StreetIdShot/OrisonRoot/F01_NEON_BLADE/@Node3D@2000/@Node3D@2073/@MeshInstance3D@2080
[IDLEG] 0	248,168,152	MeshInstance3D	0.1x0.1x0.0	StreetIdShot/OrisonRoot/F01_NEON_BLADE/@Node3D@2000/@Node3D@2073/@MeshInstance3D@2081
[IDLEG] 0	8,184,152	MeshInstance3D	0.0x0.0x0.5	StreetIdShot/OrisonRoot/F01_NEON_BLADE/@Node3D@2000/@Node3D@2073/@MeshInstance3D@2082
[IDLEG] 0	24,184,152	MeshInstance3D	0.1x0.0x0.0	StreetIdShot/OrisonRoot/F01_NEON_BLADE/@Node3D@2000/@Node3D@2073/@MeshInstance3D@2083
[IDLEG] 0	40,184,152	MeshInstance3D	0.1x0.1x0.0	StreetIdShot/OrisonRoot/F01_NEON_BLADE/@Node3D@2000/@Node3D@2073/@MeshInstance3D@2084
[IDLEG] 0	56,184,152	MeshInstance3D	0.1x0.1x0.0	StreetIdShot/OrisonRoot/F01_NEON_BLADE/@Node3D@2000/@Node3D@2073/@MeshInstance3D@2085
[IDLEG] 0	72,184,152	MeshInstance3D	0.0x0.0x0.5	StreetIdShot/OrisonRoot/F01_NEON_BLADE/@Node3D@2000/@Node3D@2073/@MeshInstance3D@2086
[IDLEG] 0	88,184,152	MeshInstance3D	0.1x0.0x0.0	StreetIdShot/OrisonRoot/F01_NEON_BLADE/@Node3D@2000/@Node3D@2073/@MeshInstance3D@2087
[IDLEG] 0	104,184,152	MeshInstance3D	0.1x0.1x0.0	StreetIdShot/OrisonRoot/F01_NEON_BLADE/@Node3D@2000/@Node3D@2073/@MeshInstance3D@2088
[IDLEG] 0	120,184,152	MeshInstance3D	0.1x0.1x0.0	StreetIdShot/OrisonRoot/F01_NEON_BLADE/@Node3D@2000/@Node3D@2073/@MeshInstance3D@2089
[IDLEG] 0	136,184,152	MeshInstance3D	0.0x0.8x0.0	StreetIdShot/OrisonRoot/F01_NEON_BLADE/@Node3D@2000/@Node3D@2090/@MeshInstance3D@2091
[IDLEG] 0	152,184,152	MeshInstance3D	0.1x0.0x0.0	StreetIdShot/OrisonRoot/F01_NEON_BLADE/@Node3D@2000/@Node3D@2090/@MeshInstance3D@2092
[IDLEG] 0	168,184,152	MeshInstance3D	0.1x0.1x0.0	StreetIdShot/OrisonRoot/F01_NEON_BLADE/@Node3D@2000/@Node3D@2090/@MeshInstance3D@2093
[IDLEG] 0	184,184,152	MeshInstance3D	0.1x0.1x0.0	StreetIdShot/OrisonRoot/F01_NEON_BLADE/@Node3D@2000/@Node3D@2090/@MeshInstance3D@2094
[IDLEG] 0	200,184,152	MeshInstance3D	0.0x0.8x0.5	StreetIdShot/OrisonRoot/F01_NEON_BLADE/@Node3D@2000/@Node3D@2090/@MeshInstance3D@2095
[IDLEG] 0	216,184,152	MeshInstance3D	0.1x0.0x0.0	StreetIdShot/OrisonRoot/F01_NEON_BLADE/@Node3D@2000/@Node3D@2090/@MeshInstance3D@2096
[IDLEG] 0	232,184,152	MeshInstance3D	0.1x0.1x0.0	StreetIdShot/OrisonRoot/F01_NEON_BLADE/@Node3D@2000/@Node3D@2090/@MeshInstance3D@2097
[IDLEG] 0	248,184,152	MeshInstance3D	0.1x0.1x0.0	StreetIdShot/OrisonRoot/F01_NEON_BLADE/@Node3D@2000/@Node3D@2090/@MeshInstance3D@2098
[IDLEG] 0	8,200,152	MeshInstance3D	0.0x0.8x0.0	StreetIdShot/OrisonRoot/F01_NEON_BLADE/@Node3D@2000/@Node3D@2090/@MeshInstance3D@2099
[IDLEG] 0	24,200,152	MeshInstance3D	0.1x0.0x0.0	StreetIdShot/OrisonRoot/F01_NEON_BLADE/@Node3D@2000/@Node3D@2090/@MeshInstance3D@2100
[IDLEG] 0	40,200,152	MeshInstance3D	0.1x0.1x0.0	StreetIdShot/OrisonRoot/F01_NEON_BLADE/@Node3D@2000/@Node3D@2090/@MeshInstance3D@2101
[IDLEG] 0	56,200,152	MeshInstance3D	0.1x0.1x0.0	StreetIdShot/OrisonRoot/F01_NEON_BLADE/@Node3D@2000/@Node3D@2090/@MeshInstance3D@2102
[IDLEG] 0	72,200,152	MeshInstance3D	0.2x6.1x0.9	StreetIdShot/OrisonRoot/F01_NEON_BLADE/@MeshInstance3D@2207
[IDLEG] 0	88,200,152	MeshInstance3D	0.2x6.4x1.3	StreetIdShot/OrisonRoot/F01_NEON_BLADE/@MeshInstance3D@2208
[IDLEG] 0	104,200,152	MeshInstance3D	0.0x5.7x0.9	StreetIdShot/OrisonRoot/F01_NEON_BLADE/@MeshInstance3D@2209
[IDLEG] 0	120,200,152	MeshInstance3D	0.0x5.7x0.9	StreetIdShot/OrisonRoot/F01_NEON_BLADE/@MeshInstance3D@2210
[IDLEG] 0	136,200,152	MeshInstance3D	0.0x2.9x0.9	StreetIdShot/OrisonRoot/F01_NEON_BLADE/@MeshInstance3D@2211
[IDLEG] 0	152,200,152	MeshInstance3D	0.2x5.2x0.0	StreetIdShot/OrisonRoot/F01_NEON_BLADE/@MeshInstance3D@2212
[IDLEG] 0	168,200,152	MeshInstance3D	0.1x5.4x0.0	StreetIdShot/OrisonRoot/F01_NEON_BLADE/@MeshInstance3D@2213
[IDLEG] 0	184,200,152	MeshInstance3D	0.1x0.1x0.0	StreetIdShot/OrisonRoot/F01_NEON_BLADE/@MeshInstance3D@2214
[IDLEG] 0	200,200,152	MeshInstance3D	0.0x0.3x0.6	StreetIdShot/OrisonRoot/F01_NEON_BLADE/@MeshInstance3D@2215
[IDLEG] 0	216,200,152	MeshInstance3D	0.0x0.0x0.2	StreetIdShot/OrisonRoot/F01_NEON_BLADE/@MeshInstance3D@2216
[IDLEG] 0	232,200,152	MeshInstance3D	0.0x0.8x0.0	StreetIdShot/OrisonRoot/F01_NEON_TENANT/@Node3D@2223/@MeshInstance3D@2224
[IDLEG] 0	248,200,152	MeshInstance3D	0.0x0.0x0.1	StreetIdShot/OrisonRoot/F01_NEON_TENANT/@Node3D@2223/@MeshInstance3D@2225
[IDLEG] 0	8,216,152	MeshInstance3D	0.0x0.1x0.1	StreetIdShot/OrisonRoot/F01_NEON_TENANT/@Node3D@2223/@MeshInstance3D@2226
[IDLEG] 0	24,216,152	MeshInstance3D	0.0x0.1x0.1	StreetIdShot/OrisonRoot/F01_NEON_TENANT/@Node3D@2223/@MeshInstance3D@2227
[IDLEG] 0	40,216,152	MeshInstance3D	0.4x0.0x0.0	StreetIdShot/OrisonRoot/F01_NEON_TENANT/@Node3D@2223/@MeshInstance3D@2228
[IDLEG] 0	56,216,152	MeshInstance3D	0.0x0.0x0.1	StreetIdShot/OrisonRoot/F01_NEON_TENANT/@Node3D@2223/@MeshInstance3D@2229
[IDLEG] 0	72,216,152	MeshInstance3D	0.0x0.1x0.1	StreetIdShot/OrisonRoot/F01_NEON_TENANT/@Node3D@2223/@MeshInstance3D@2230
[IDLEG] 0	88,216,152	MeshInstance3D	0.0x0.1x0.1	StreetIdShot/OrisonRoot/F01_NEON_TENANT/@Node3D@2223/@MeshInstance3D@2231
[IDLEG] 0	104,216,152	MeshInstance3D	0.2x0.2x0.0	StreetIdShot/OrisonRoot/F01_NEON_TENANT/@Node3D@2223/@MeshInstance3D@2232
[IDLEG] 0	120,216,152	MeshInstance3D	0.0x0.1x0.1	StreetIdShot/OrisonRoot/F01_NEON_TENANT/@Node3D@2223/@MeshInstance3D@2233
[IDLEG] 0	136,216,152	MeshInstance3D	0.0x0.1x0.1	StreetIdShot/OrisonRoot/F01_NEON_TENANT/@Node3D@2223/@MeshInstance3D@2234
[IDLEG] 0	152,216,152	MeshInstance3D	0.0x0.5x0.0	StreetIdShot/OrisonRoot/F01_NEON_TENANT/@Node3D@2223/@MeshInstance3D@2235
[IDLEG] 0	168,216,152	MeshInstance3D	0.0x0.0x0.1	StreetIdShot/OrisonRoot/F01_NEON_TENANT/@Node3D@2223/@MeshInstance3D@2236
[IDLEG] 0	184,216,152	MeshInstance3D	0.0x0.1x0.1	StreetIdShot/OrisonRoot/F01_NEON_TENANT/@Node3D@2223/@MeshInstance3D@2237
[IDLEG] 0	200,216,152	MeshInstance3D	0.0x0.1x0.1	StreetIdShot/OrisonRoot/F01_NEON_TENANT/@Node3D@2223/@MeshInstance3D@2238
[IDLEG] 0	216,216,152	MeshInstance3D	0.2x0.2x0.0	StreetIdShot/OrisonRoot/F01_NEON_TENANT/@Node3D@2223/@MeshInstance3D@2239
[IDLEG] 0	232,216,152	MeshInstance3D	0.0x0.1x0.1	StreetIdShot/OrisonRoot/F01_NEON_TENANT/@Node3D@2223/@MeshInstance3D@2240
[IDLEG] 0	248,216,152	MeshInstance3D	0.0x0.1x0.1	StreetIdShot/OrisonRoot/F01_NEON_TENANT/@Node3D@2223/@MeshInstance3D@2241
[IDLEG] 0	8,232,152	MeshInstance3D	0.4x0.0x0.0	StreetIdShot/OrisonRoot/F01_NEON_TENANT/@Node3D@2223/@MeshInstance3D@2242
[IDLEG] 0	24,232,152	MeshInstance3D	0.0x0.0x0.1	StreetIdShot/OrisonRoot/F01_NEON_TENANT/@Node3D@2223/@MeshInstance3D@2243
[IDLEG] 0	40,232,152	MeshInstance3D	0.0x0.1x0.1	StreetIdShot/OrisonRoot/F01_NEON_TENANT/@Node3D@2223/@MeshInstance3D@2244
[IDLEG] 0	56,232,152	MeshInstance3D	0.0x0.1x0.1	StreetIdShot/OrisonRoot/F01_NEON_TENANT/@Node3D@2223/@MeshInstance3D@2245
[IDLEG] 0	72,232,152	MeshInstance3D	0.0x0.8x0.0	StreetIdShot/OrisonRoot/F01_NEON_TENANT/@Node3D@2246/@MeshInstance3D@2247
[IDLEG] 0	88,232,152	MeshInstance3D	0.0x0.0x0.1	StreetIdShot/OrisonRoot/F01_NEON_TENANT/@Node3D@2246/@MeshInstance3D@2248
[IDLEG] 0	104,232,152	MeshInstance3D	0.0x0.1x0.1	StreetIdShot/OrisonRoot/F01_NEON_TENANT/@Node3D@2246/@MeshInstance3D@2249
[IDLEG] 0	120,232,152	MeshInstance3D	0.0x0.1x0.1	StreetIdShot/OrisonRoot/F01_NEON_TENANT/@Node3D@2246/@MeshInstance3D@2250
[IDLEG] 0	136,232,152	MeshInstance3D	0.5x0.0x0.0	StreetIdShot/OrisonRoot/F01_NEON_TENANT/@Node3D@2246/@MeshInstance3D@2251
[IDLEG] 0	152,232,152	MeshInstance3D	0.0x0.0x0.1	StreetIdShot/OrisonRoot/F01_NEON_TENANT/@Node3D@2246/@MeshInstance3D@2252
[IDLEG] 0	168,232,152	MeshInstance3D	0.0x0.1x0.1	StreetIdShot/OrisonRoot/F01_NEON_TENANT/@Node3D@2246/@MeshInstance3D@2253
[IDLEG] 0	184,232,152	MeshInstance3D	0.0x0.1x0.1	StreetIdShot/OrisonRoot/F01_NEON_TENANT/@Node3D@2246/@MeshInstance3D@2254
[IDLEG] 0	200,232,152	MeshInstance3D	0.0x0.4x0.0	StreetIdShot/OrisonRoot/F01_NEON_TENANT/@Node3D@2246/@MeshInstance3D@2255
[IDLEG] 0	216,232,152	MeshInstance3D	0.0x0.0x0.1	StreetIdShot/OrisonRoot/F01_NEON_TENANT/@Node3D@2246/@MeshInstance3D@2256
[IDLEG] 0	232,232,152	MeshInstance3D	0.0x0.1x0.1	StreetIdShot/OrisonRoot/F01_NEON_TENANT/@Node3D@2246/@MeshInstance3D@2257
[IDLEG] 0	248,232,152	MeshInstance3D	0.0x0.1x0.1	StreetIdShot/OrisonRoot/F01_NEON_TENANT/@Node3D@2246/@MeshInstance3D@2258
[IDLEG] 0	8,248,152	MeshInstance3D	0.5x0.0x0.0	StreetIdShot/OrisonRoot/F01_NEON_TENANT/@Node3D@2246/@MeshInstance3D@2259
[IDLEG] 0	24,248,152	MeshInstance3D	0.0x0.0x0.1	StreetIdShot/OrisonRoot/F01_NEON_TENANT/@Node3D@2246/@MeshInstance3D@2260
[IDLEG] 0	40,248,152	MeshInstance3D	0.0x0.1x0.1	StreetIdShot/OrisonRoot/F01_NEON_TENANT/@Node3D@2246/@MeshInstance3D@2261
[IDLEG] 0	56,248,152	MeshInstance3D	0.0x0.1x0.1	StreetIdShot/OrisonRoot/F01_NEON_TENANT/@Node3D@2246/@MeshInstance3D@2262
[IDLEG] 0	72,248,152	MeshInstance3D	0.5x0.4x0.0	StreetIdShot/OrisonRoot/F01_NEON_TENANT/@Node3D@2246/@MeshInstance3D@2263
[IDLEG] 0	88,248,152	MeshInstance3D	0.0x0.0x0.1	StreetIdShot/OrisonRoot/F01_NEON_TENANT/@Node3D@2246/@MeshInstance3D@2264
[IDLEG] 0	104,248,152	MeshInstance3D	0.0x0.1x0.1	StreetIdShot/OrisonRoot/F01_NEON_TENANT/@Node3D@2246/@MeshInstance3D@2265
[IDLEG] 0	120,248,152	MeshInstance3D	0.0x0.1x0.1	StreetIdShot/OrisonRoot/F01_NEON_TENANT/@Node3D@2246/@MeshInstance3D@2266
[IDLEG] 0	136,248,152	MeshInstance3D	0.0x0.8x0.0	StreetIdShot/OrisonRoot/F01_NEON_TENANT/@Node3D@2267/@MeshInstance3D@2268
[IDLEG] 0	152,248,152	MeshInstance3D	0.0x0.0x0.1	StreetIdShot/OrisonRoot/F01_NEON_TENANT/@Node3D@2267/@MeshInstance3D@2269
[IDLEG] 0	168,248,152	MeshInstance3D	0.0x0.1x0.1	StreetIdShot/OrisonRoot/F01_NEON_TENANT/@Node3D@2267/@MeshInstance3D@2270
[IDLEG] 0	184,248,152	MeshInstance3D	0.0x0.1x0.1	StreetIdShot/OrisonRoot/F01_NEON_TENANT/@Node3D@2267/@MeshInstance3D@2271
[IDLEG] 0	200,248,152	MeshInstance3D	0.5x0.0x0.0	StreetIdShot/OrisonRoot/F01_NEON_TENANT/@Node3D@2267/@MeshInstance3D@2272
[IDLEG] 0	216,248,152	MeshInstance3D	0.0x0.0x0.1	StreetIdShot/OrisonRoot/F01_NEON_TENANT/@Node3D@2267/@MeshInstance3D@2273
[IDLEG] 0	232,248,152	MeshInstance3D	0.0x0.1x0.1	StreetIdShot/OrisonRoot/F01_NEON_TENANT/@Node3D@2267/@MeshInstance3D@2274
[IDLEG] 0	248,248,152	MeshInstance3D	0.0x0.1x0.1	StreetIdShot/OrisonRoot/F01_NEON_TENANT/@Node3D@2267/@MeshInstance3D@2275
[IDLEG] 0	8,8,168	MeshInstance3D	0.0x0.8x0.0	StreetIdShot/OrisonRoot/F01_NEON_TENANT/@Node3D@2267/@MeshInstance3D@2276
[IDLEG] 0	24,8,168	MeshInstance3D	0.0x0.0x0.1	StreetIdShot/OrisonRoot/F01_NEON_TENANT/@Node3D@2267/@MeshInstance3D@2277
[IDLEG] 0	40,8,168	MeshInstance3D	0.0x0.1x0.1	StreetIdShot/OrisonRoot/F01_NEON_TENANT/@Node3D@2267/@MeshInstance3D@2278
[IDLEG] 0	56,8,168	MeshInstance3D	0.0x0.1x0.1	StreetIdShot/OrisonRoot/F01_NEON_TENANT/@Node3D@2267/@MeshInstance3D@2279
[IDLEG] 0	72,8,168	MeshInstance3D	0.5x0.0x0.0	StreetIdShot/OrisonRoot/F01_NEON_TENANT/@Node3D@2280/@MeshInstance3D@2281
[IDLEG] 0	88,8,168	MeshInstance3D	0.0x0.0x0.1	StreetIdShot/OrisonRoot/F01_NEON_TENANT/@Node3D@2280/@MeshInstance3D@2282
[IDLEG] 0	104,8,168	MeshInstance3D	0.0x0.1x0.1	StreetIdShot/OrisonRoot/F01_NEON_TENANT/@Node3D@2280/@MeshInstance3D@2283
[IDLEG] 0	120,8,168	MeshInstance3D	0.0x0.1x0.1	StreetIdShot/OrisonRoot/F01_NEON_TENANT/@Node3D@2280/@MeshInstance3D@2284
[IDLEG] 0	136,8,168	MeshInstance3D	0.0x0.8x0.0	StreetIdShot/OrisonRoot/F01_NEON_TENANT/@Node3D@2280/@MeshInstance3D@2285
[IDLEG] 0	152,8,168	MeshInstance3D	0.0x0.0x0.1	StreetIdShot/OrisonRoot/F01_NEON_TENANT/@Node3D@2280/@MeshInstance3D@2286
[IDLEG] 0	168,8,168	MeshInstance3D	0.0x0.1x0.1	StreetIdShot/OrisonRoot/F01_NEON_TENANT/@Node3D@2280/@MeshInstance3D@2287
[IDLEG] 0	184,8,168	MeshInstance3D	0.0x0.1x0.1	StreetIdShot/OrisonRoot/F01_NEON_TENANT/@Node3D@2280/@MeshInstance3D@2288
[IDLEG] 0	200,8,168	MeshInstance3D	0.5x0.0x0.0	StreetIdShot/OrisonRoot/F01_NEON_TENANT/@Node3D@2280/@MeshInstance3D@2289
[IDLEG] 0	216,8,168	MeshInstance3D	0.0x0.0x0.1	StreetIdShot/OrisonRoot/F01_NEON_TENANT/@Node3D@2280/@MeshInstance3D@2290
[IDLEG] 0	232,8,168	MeshInstance3D	0.0x0.1x0.1	StreetIdShot/OrisonRoot/F01_NEON_TENANT/@Node3D@2280/@MeshInstance3D@2291
[IDLEG] 0	248,8,168	MeshInstance3D	0.0x0.1x0.1	StreetIdShot/OrisonRoot/F01_NEON_TENANT/@Node3D@2280/@MeshInstance3D@2292
[IDLEG] 0	8,24,168	MeshInstance3D	0.0x0.4x0.0	StreetIdShot/OrisonRoot/F01_NEON_TENANT/@Node3D@2280/@MeshInstance3D@2293
[IDLEG] 0	24,24,168	MeshInstance3D	0.0x0.0x0.1	StreetIdShot/OrisonRoot/F01_NEON_TENANT/@Node3D@2280/@MeshInstance3D@2294
[IDLEG] 0	40,24,168	MeshInstance3D	0.0x0.1x0.1	StreetIdShot/OrisonRoot/F01_NEON_TENANT/@Node3D@2280/@MeshInstance3D@2295
[IDLEG] 0	56,24,168	MeshInstance3D	0.0x0.1x0.1	StreetIdShot/OrisonRoot/F01_NEON_TENANT/@Node3D@2280/@MeshInstance3D@2296
[IDLEG] 0	72,24,168	MeshInstance3D	0.2x0.0x0.0	StreetIdShot/OrisonRoot/F01_NEON_TENANT/@Node3D@2280/@MeshInstance3D@2297
[IDLEG] 0	88,24,168	MeshInstance3D	0.0x0.1x0.1	StreetIdShot/OrisonRoot/F01_NEON_TENANT/@Node3D@2280/@MeshInstance3D@2298
[IDLEG] 0	104,24,168	MeshInstance3D	0.0x0.1x0.1	StreetIdShot/OrisonRoot/F01_NEON_TENANT/@Node3D@2280/@MeshInstance3D@2299
[IDLEG] 0	120,24,168	MeshInstance3D	0.5x0.0x0.0	StreetIdShot/OrisonRoot/F01_NEON_TENANT/@Node3D@2300/@MeshInstance3D@2301
[IDLEG] 0	136,24,168	MeshInstance3D	0.0x0.0x0.1	StreetIdShot/OrisonRoot/F01_NEON_TENANT/@Node3D@2300/@MeshInstance3D@2302
[IDLEG] 0	152,24,168	MeshInstance3D	0.0x0.1x0.1	StreetIdShot/OrisonRoot/F01_NEON_TENANT/@Node3D@2300/@MeshInstance3D@2303
[IDLEG] 0	168,24,168	MeshInstance3D	0.0x0.1x0.1	StreetIdShot/OrisonRoot/F01_NEON_TENANT/@Node3D@2300/@MeshInstance3D@2304
[IDLEG] 0	184,24,168	MeshInstance3D	0.0x0.4x0.0	StreetIdShot/OrisonRoot/F01_NEON_TENANT/@Node3D@2300/@MeshInstance3D@2305
[IDLEG] 0	200,24,168	MeshInstance3D	0.0x0.0x0.1	StreetIdShot/OrisonRoot/F01_NEON_TENANT/@Node3D@2300/@MeshInstance3D@2306
[IDLEG] 0	216,24,168	MeshInstance3D	0.0x0.1x0.1	StreetIdShot/OrisonRoot/F01_NEON_TENANT/@Node3D@2300/@MeshInstance3D@2307
[IDLEG] 0	232,24,168	MeshInstance3D	0.0x0.1x0.1	StreetIdShot/OrisonRoot/F01_NEON_TENANT/@Node3D@2300/@MeshInstance3D@2308
[IDLEG] 0	248,24,168	MeshInstance3D	0.5x0.0x0.0	StreetIdShot/OrisonRoot/F01_NEON_TENANT/@Node3D@2300/@MeshInstance3D@2309
[IDLEG] 0	8,40,168	MeshInstance3D	0.0x0.0x0.1	StreetIdShot/OrisonRoot/F01_NEON_TENANT/@Node3D@2300/@MeshInstance3D@2310
[IDLEG] 0	24,40,168	MeshInstance3D	0.0x0.1x0.1	StreetIdShot/OrisonRoot/F01_NEON_TENANT/@Node3D@2300/@MeshInstance3D@2311
[IDLEG] 0	40,40,168	MeshInstance3D	0.0x0.1x0.1	StreetIdShot/OrisonRoot/F01_NEON_TENANT/@Node3D@2300/@MeshInstance3D@2312
[IDLEG] 0	56,40,168	MeshInstance3D	0.0x0.4x0.0	StreetIdShot/OrisonRoot/F01_NEON_TENANT/@Node3D@2300/@MeshInstance3D@2313
[IDLEG] 0	72,40,168	MeshInstance3D	0.0x0.0x0.1	StreetIdShot/OrisonRoot/F01_NEON_TENANT/@Node3D@2300/@MeshInstance3D@2314
[IDLEG] 0	88,40,168	MeshInstance3D	0.0x0.1x0.1	StreetIdShot/OrisonRoot/F01_NEON_TENANT/@Node3D@2300/@MeshInstance3D@2315
[IDLEG] 0	104,40,168	MeshInstance3D	0.0x0.1x0.1	StreetIdShot/OrisonRoot/F01_NEON_TENANT/@Node3D@2300/@MeshInstance3D@2316
[IDLEG] 0	120,40,168	MeshInstance3D	0.5x0.0x0.0	StreetIdShot/OrisonRoot/F01_NEON_TENANT/@Node3D@2300/@MeshInstance3D@2317
[IDLEG] 0	136,40,168	MeshInstance3D	0.0x0.0x0.1	StreetIdShot/OrisonRoot/F01_NEON_TENANT/@Node3D@2300/@MeshInstance3D@2318
[IDLEG] 0	152,40,168	MeshInstance3D	0.0x0.1x0.1	StreetIdShot/OrisonRoot/F01_NEON_TENANT/@Node3D@2300/@MeshInstance3D@2319
[IDLEG] 0	168,40,168	MeshInstance3D	0.0x0.1x0.1	StreetIdShot/OrisonRoot/F01_NEON_TENANT/@Node3D@2300/@MeshInstance3D@2320
[IDLEG] 0	184,40,168	MeshInstance3D	3.4x1.3x0.3	StreetIdShot/OrisonRoot/F01_NEON_TENANT/@MeshInstance3D@2333
[IDLEG] 0	200,40,168	MeshInstance3D	3.4x1.7x0.4	StreetIdShot/OrisonRoot/F01_NEON_TENANT/@MeshInstance3D@2334
[IDLEG] 0	216,40,168	MeshInstance3D	0.1x0.1x0.0	StreetIdShot/OrisonRoot/F01_NEON_TENANT/@MeshInstance3D@2335
[IDLEG] 0	232,40,168	MeshInstance3D	0.0x0.3x0.1	StreetIdShot/OrisonRoot/F01_NEON_TENANT/@MeshInstance3D@2336
[IDLEG] 0	248,40,168	MeshInstance3D	0.0x0.0x0.2	StreetIdShot/OrisonRoot/F01_NEON_TENANT/@MeshInstance3D@2337
[IDLEG] 0	8,56,168	MeshInstance3D	0.2x0.0x0.2	StreetIdShot/OrisonRoot/F01_MARQUEE_LT_01/@Node3D@2339/@MeshInstance3D@2340
[IDLEG] 0	24,56,168	MeshInstance3D	0.3x0.0x0.3	StreetIdShot/OrisonRoot/F01_MARQUEE_LT_01/@Node3D@2339/@MeshInstance3D@2341
[IDLEG] 0	40,56,168	MeshInstance3D	0.3x0.3x0.0	StreetIdShot/OrisonRoot/F01_MARQUEE_LT_01/@Node3D@2339/@MeshInstance3D@2342
[IDLEG] 0	56,56,168	MeshInstance3D	0.3x0.2x0.3	StreetIdShot/OrisonRoot/F01_MARQUEE_LT_01/@Node3D@2339/bulb_dome
[IDLEG] 0	72,56,168	MeshInstance3D	0.2x0.0x0.2	StreetIdShot/OrisonRoot/F01_MARQUEE_LT_02/@Node3D@2346/@MeshInstance3D@2347
[IDLEG] 0	88,56,168	MeshInstance3D	0.3x0.0x0.3	StreetIdShot/OrisonRoot/F01_MARQUEE_LT_02/@Node3D@2346/@MeshInstance3D@2348
[IDLEG] 0	104,56,168	MeshInstance3D	0.3x0.3x0.0	StreetIdShot/OrisonRoot/F01_MARQUEE_LT_02/@Node3D@2346/@MeshInstance3D@2349
[IDLEG] 0	120,56,168	MeshInstance3D	0.3x0.2x0.3	StreetIdShot/OrisonRoot/F01_MARQUEE_LT_02/@Node3D@2346/bulb_dome
[IDLEG] 0	136,56,168	MeshInstance3D	0.8x0.3x0.8	StreetIdShot/OrisonRoot/F01_F01WC_SHOWER_01/StaticFixture/@MeshInstance3D@2415
[IDLEG] 0	152,56,168	MeshInstance3D	0.7x2.0x0.8	StreetIdShot/OrisonRoot/F01_F01WC_SHOWER_01/StaticFixture/@MeshInstance3D@2416
[IDLEG] 0	168,56,168	MeshInstance3D	0.1x0.0x0.1	StreetIdShot/OrisonRoot/F01_F01WC_SHOWER_01/StaticFixture/@MeshInstance3D@2417
[IDLEG] 0	184,56,168	MeshInstance3D	0.0x0.0x0.1	StreetIdShot/OrisonRoot/F01_F01WC_SHOWER_01/StaticFixture/@MeshInstance3D@2418
[IDLEG] 0	200,56,168	MeshInstance3D	0.1x0.0x0.1	StreetIdShot/OrisonRoot/F01_F01WC_SHOWER_01/StaticFixture/@MeshInstance3D@2419
[IDLEG] 0	216,56,168	MeshInstance3D	0.1x0.1x0.1	StreetIdShot/OrisonRoot/F01_F01WC_SHOWER_01/HotValve/@MeshInstance3D@2420
[IDLEG] 0	232,56,168	MeshInstance3D	0.0x0.0x0.0	StreetIdShot/OrisonRoot/F01_F01WC_SHOWER_01/HotValve/@MeshInstance3D@2421
[IDLEG] 0	248,56,168	MeshInstance3D	0.1x0.1x0.1	StreetIdShot/OrisonRoot/F01_F01WC_SHOWER_01/ColdValve/@MeshInstance3D@2422
[IDLEG] 0	8,72,168	MeshInstance3D	0.0x0.0x0.0	StreetIdShot/OrisonRoot/F01_F01WC_SHOWER_01/ColdValve/@MeshInstance3D@2423
[IDLEG] 0	24,72,168	MeshInstance3D	0.7x1.6x0.8	StreetIdShot/OrisonRoot/F01_F01WC_SHOWER_01/CurtainDrawn/@MeshInstance3D@2424
[IDLEG] 0	40,72,168	MeshInstance3D	0.6x0.1x0.7	StreetIdShot/OrisonRoot/F01_F01WC_SHOWER_01/CurtainDrawn/@MeshInstance3D@2425
[IDLEG] 0	56,72,168	MeshInstance3D	0.1x0.0x0.1	StreetIdShot/OrisonRoot/F01_F01WC_SHOWER_01/Stopper/@MeshInstance3D@2410
[IDLEG] 0	72,72,168	MeshInstance3D	0.5x1.0x0.7	StreetIdShot/OrisonRoot/F01_F01WC_SINK_01/StaticFixture/@MeshInstance3D@2464
[IDLEG] 0	88,72,168	MeshInstance3D	0.3x1.0x0.2	StreetIdShot/OrisonRoot/F01_F01WC_SINK_01/StaticFixture/@MeshInstance3D@2465
[IDLEG] 0	104,72,168	MeshInstance3D	0.1x0.0x0.1	StreetIdShot/OrisonRoot/F01_F01WC_SINK_01/StaticFixture/@MeshInstance3D@2466
[IDLEG] 0	120,72,168	MeshInstance3D	0.0x0.0x0.1	StreetIdShot/OrisonRoot/F01_F01WC_SINK_01/StaticFixture/@MeshInstance3D@2467
[IDLEG] 0	136,72,168	MeshInstance3D	0.1x0.1x0.1	StreetIdShot/OrisonRoot/F01_F01WC_SINK_01/HotValve/@MeshInstance3D@2468
[IDLEG] 0	152,72,168	MeshInstance3D	0.0x0.0x0.0	StreetIdShot/OrisonRoot/F01_F01WC_SINK_01/HotValve/@MeshInstance3D@2469
[IDLEG] 0	168,72,168	MeshInstance3D	0.1x0.1x0.1	StreetIdShot/OrisonRoot/F01_F01WC_SINK_01/ColdValve/@MeshInstance3D@2470
[IDLEG] 0	184,72,168	MeshInstance3D	0.0x0.0x0.0	StreetIdShot/OrisonRoot/F01_F01WC_SINK_01/ColdValve/@MeshInstance3D@2471
[IDLEG] 0	200,72,168	MeshInstance3D	0.1x0.0x0.1	StreetIdShot/OrisonRoot/F01_F01WC_SINK_01/Stopper/@MeshInstance3D@2460
[IDLEG] 0	216,72,168	MeshInstance3D	0.1x0.7x0.5	StreetIdShot/OrisonRoot/F01_F01WC_MIRROR_01/CabinetCarcass/@MeshInstance3D@2491
[IDLEG] 0	232,72,168	MeshInstance3D	0.0x0.6x0.4	StreetIdShot/OrisonRoot/F01_F01WC_MIRROR_01/CabinetDoor/@MeshInstance3D@2503
[IDLEG] 0	248,72,168	MeshInstance3D	0.0x0.6x0.4	StreetIdShot/OrisonRoot/F01_F01WC_MIRROR_01/CabinetDoor/@MeshInstance3D@2504
[IDLEG] 0	8,88,168	MeshInstance3D	0.1x0.6x0.5	StreetIdShot/OrisonRoot/F01_F01WC_MIRROR_01/CabinetDoor/@MeshInstance3D@2505
[IDLEG] 0	24,88,168	MeshInstance3D	0.1x0.2x0.1	StreetIdShot/OrisonRoot/F01_F01WC_MIRROR_01/CabinetContents/@MeshInstance3D@2508
[IDLEG] 0	40,88,168	MeshInstance3D	0.0x0.2x0.1	StreetIdShot/OrisonRoot/F01WC_LT_SCONCE/@Node3D@2511/@MeshInstance3D@2512
[IDLEG] 0	56,88,168	MeshInstance3D	0.1x0.1x0.1	StreetIdShot/OrisonRoot/F01WC_LT_SCONCE/@Node3D@2511/@MeshInstance3D@2513
[IDLEG] 0	72,88,168	MeshInstance3D	0.2x0.2x0.2	StreetIdShot/OrisonRoot/F01WC_LT_SCONCE/@Node3D@2511/bulb_globe
[IDLEG] 0	88,88,168	MeshInstance3D	0.5x0.3x1.0	StreetIdShot/OrisonRoot/F01_common_KITCHEN_SINK_01/StaticFixture/@MeshInstance3D@2562
[IDLEG] 0	104,88,168	MeshInstance3D	0.2x0.5x0.2	StreetIdShot/OrisonRoot/F01_common_KITCHEN_SINK_01/StaticFixture/@MeshInstance3D@2563
[IDLEG] 0	120,88,168	MeshInstance3D	0.1x0.0x0.1	StreetIdShot/OrisonRoot/F01_common_KITCHEN_SINK_01/StaticFixture/@MeshInstance3D@2564
[IDLEG] 0	136,88,168	MeshInstance3D	0.0x0.0x0.1	StreetIdShot/OrisonRoot/F01_common_KITCHEN_SINK_01/StaticFixture/@MeshInstance3D@2565
[IDLEG] 0	152,88,168	MeshInstance3D	0.1x0.0x0.1	StreetIdShot/OrisonRoot/F01_common_KITCHEN_SINK_01/StaticFixture/@MeshInstance3D@2566
[IDLEG] 0	168,88,168	MeshInstance3D	0.1x0.1x0.1	StreetIdShot/OrisonRoot/F01_common_KITCHEN_SINK_01/HotValve/@MeshInstance3D@2567
[IDLEG] 0	184,88,168	MeshInstance3D	0.0x0.0x0.0	StreetIdShot/OrisonRoot/F01_common_KITCHEN_SINK_01/HotValve/@MeshInstance3D@2568
[IDLEG] 0	200,88,168	MeshInstance3D	0.1x0.1x0.1	StreetIdShot/OrisonRoot/F01_common_KITCHEN_SINK_01/ColdValve/@MeshInstance3D@2569
[IDLEG] 0	216,88,168	MeshInstance3D	0.0x0.0x0.0	StreetIdShot/OrisonRoot/F01_common_KITCHEN_SINK_01/ColdValve/@MeshInstance3D@2570
[IDLEG] 0	232,88,168	MeshInstance3D	0.1x0.0x0.1	StreetIdShot/OrisonRoot/F01_common_KITCHEN_SINK_01/Stopper/@MeshInstance3D@2549
[IDLEG] 0	248,88,168	MeshInstance3D	0.8x0.3x0.8	StreetIdShot/OrisonRoot/F01_1A_SHOWER_01/StaticFixture/@MeshInstance3D@2635
[IDLEG] 0	8,104,168	MeshInstance3D	0.7x2.0x0.8	StreetIdShot/OrisonRoot/F01_1A_SHOWER_01/StaticFixture/@MeshInstance3D@2636
[IDLEG] 0	24,104,168	MeshInstance3D	0.1x0.0x0.1	StreetIdShot/OrisonRoot/F01_1A_SHOWER_01/StaticFixture/@MeshInstance3D@2637
[IDLEG] 0	40,104,168	MeshInstance3D	0.0x0.0x0.1	StreetIdShot/OrisonRoot/F01_1A_SHOWER_01/StaticFixture/@MeshInstance3D@2638
[IDLEG] 0	56,104,168	MeshInstance3D	0.1x0.0x0.1	StreetIdShot/OrisonRoot/F01_1A_SHOWER_01/StaticFixture/@MeshInstance3D@2639
[IDLEG] 0	72,104,168	MeshInstance3D	0.1x0.1x0.1	StreetIdShot/OrisonRoot/F01_1A_SHOWER_01/HotValve/@MeshInstance3D@2640
[IDLEG] 0	88,104,168	MeshInstance3D	0.0x0.0x0.0	StreetIdShot/OrisonRoot/F01_1A_SHOWER_01/HotValve/@MeshInstance3D@2641
[IDLEG] 0	104,104,168	MeshInstance3D	0.1x0.1x0.1	StreetIdShot/OrisonRoot/F01_1A_SHOWER_01/ColdValve/@MeshInstance3D@2642
[IDLEG] 0	120,104,168	MeshInstance3D	0.0x0.0x0.0	StreetIdShot/OrisonRoot/F01_1A_SHOWER_01/ColdValve/@MeshInstance3D@2643
[IDLEG] 0	136,104,168	MeshInstance3D	0.7x1.6x0.8	StreetIdShot/OrisonRoot/F01_1A_SHOWER_01/CurtainDrawn/@MeshInstance3D@2644
[IDLEG] 0	152,104,168	MeshInstance3D	0.6x0.1x0.7	StreetIdShot/OrisonRoot/F01_1A_SHOWER_01/CurtainDrawn/@MeshInstance3D@2645
[IDLEG] 0	168,104,168	MeshInstance3D	0.1x0.0x0.1	StreetIdShot/OrisonRoot/F01_1A_SHOWER_01/Stopper/@MeshInstance3D@2630
[IDLEG] 0	184,104,168	MeshInstance3D	0.5x1.0x0.7	StreetIdShot/OrisonRoot/F01_1A_SINK_01/StaticFixture/@MeshInstance3D@2684
[IDLEG] 0	200,104,168	MeshInstance3D	0.3x1.0x0.2	StreetIdShot/OrisonRoot/F01_1A_SINK_01/StaticFixture/@MeshInstance3D@2685
[IDLEG] 0	216,104,168	MeshInstance3D	0.1x0.0x0.1	StreetIdShot/OrisonRoot/F01_1A_SINK_01/StaticFixture/@MeshInstance3D@2686
[IDLEG] 0	232,104,168	MeshInstance3D	0.0x0.0x0.1	StreetIdShot/OrisonRoot/F01_1A_SINK_01/StaticFixture/@MeshInstance3D@2687
[IDLEG] 0	248,104,168	MeshInstance3D	0.1x0.1x0.1	StreetIdShot/OrisonRoot/F01_1A_SINK_01/HotValve/@MeshInstance3D@2688
[IDLEG] 0	8,120,168	MeshInstance3D	0.0x0.0x0.0	StreetIdShot/OrisonRoot/F01_1A_SINK_01/HotValve/@MeshInstance3D@2689
[IDLEG] 0	24,120,168	MeshInstance3D	0.1x0.1x0.1	StreetIdShot/OrisonRoot/F01_1A_SINK_01/ColdValve/@MeshInstance3D@2690
[IDLEG] 0	40,120,168	MeshInstance3D	0.0x0.0x0.0	StreetIdShot/OrisonRoot/F01_1A_SINK_01/ColdValve/@MeshInstance3D@2691
[IDLEG] 0	56,120,168	MeshInstance3D	0.1x0.0x0.1	StreetIdShot/OrisonRoot/F01_1A_SINK_01/Stopper/@MeshInstance3D@2680
[IDLEG] 0	72,120,168	MeshInstance3D	0.1x0.7x0.5	StreetIdShot/OrisonRoot/F01_1A_MIRROR_01/CabinetCarcass/@MeshInstance3D@2711
[IDLEG] 0	88,120,168	MeshInstance3D	0.0x0.6x0.4	StreetIdShot/OrisonRoot/F01_1A_MIRROR_01/CabinetDoor/@MeshInstance3D@2723
[IDLEG] 0	104,120,168	MeshInstance3D	0.0x0.6x0.4	StreetIdShot/OrisonRoot/F01_1A_MIRROR_01/CabinetDoor/@MeshInstance3D@2724
[IDLEG] 0	120,120,168	MeshInstance3D	0.1x0.6x0.5	StreetIdShot/OrisonRoot/F01_1A_MIRROR_01/CabinetDoor/@MeshInstance3D@2725
[IDLEG] 0	136,120,168	MeshInstance3D	0.0x0.1x0.0	StreetIdShot/OrisonRoot/F01_1A_MIRROR_01/CabinetContents/@MeshInstance3D@2729
[IDLEG] 0	152,120,168	MeshInstance3D	0.1x0.0x0.1	StreetIdShot/OrisonRoot/F01_1A_MIRROR_01/CabinetContents/@MeshInstance3D@2731
[IDLEG] 0	168,120,168	MeshInstance3D	0.0x0.2x0.1	StreetIdShot/OrisonRoot/1A_LT_SCONCE/@Node3D@2734/@MeshInstance3D@2735
[IDLEG] 0	184,120,168	MeshInstance3D	0.1x0.1x0.1	StreetIdShot/OrisonRoot/1A_LT_SCONCE/@Node3D@2734/@MeshInstance3D@2736
[IDLEG] 0	200,120,168	MeshInstance3D	0.2x0.2x0.2	StreetIdShot/OrisonRoot/1A_LT_SCONCE/@Node3D@2734/bulb_globe
[IDLEG] 0	216,120,168	MeshInstance3D	0.0x0.1x0.1	StreetIdShot/OrisonRoot/F01_A_RADIATOR_01/WorkingAssembly/CastSections/ReplaceableAirVent/@MeshInstance3D@2841
[IDLEG] 0	232,120,168	MeshInstance3D	0.0x0.1x0.0	StreetIdShot/OrisonRoot/F01_A_RADIATOR_01/WorkingAssembly/CastSections/ReplaceableAirVent/@MeshInstance3D@2842
[IDLEG] 0	248,120,168	MeshInstance3D	0.2x0.6x0.6	StreetIdShot/OrisonRoot/F01_A_RADIATOR_01/WorkingAssembly/CastSections/@MeshInstance3D@2839
[IDLEG] 0	8,136,168	MeshInstance3D	0.1x0.1x0.1	StreetIdShot/OrisonRoot/F01_A_RADIATOR_01/WorkingAssembly/SupplyHandwheel/@MeshInstance3D@2840
[IDLEG] 0	24,136,168	MeshInstance3D	0.1x0.0x0.1	StreetIdShot/OrisonRoot/F01_A_RADIATOR_01/WorkingAssembly/FarEndPitchShim/@MeshInstance3D@2838
[IDLEG] 0	40,136,168	MeshInstance3D	0.1x0.1x0.2	StreetIdShot/OrisonRoot/F01_A_RADIATOR_01/WorkingAssembly/@MeshInstance3D@2843
[IDLEG] 0	56,136,168	MeshInstance3D	0.0x0.0x0.1	StreetIdShot/OrisonRoot/F01_A_RADIATOR_01/WorkingAssembly/@MeshInstance3D@2844
[IDLEG] 0	72,136,168	MeshInstance3D	1.0x0.3x0.5	StreetIdShot/OrisonRoot/F01_1A_KITCHEN_SINK_01/StaticFixture/@MeshInstance3D@2895
[IDLEG] 0	88,136,168	MeshInstance3D	0.2x0.5x0.2	StreetIdShot/OrisonRoot/F01_1A_KITCHEN_SINK_01/StaticFixture/@MeshInstance3D@2896
[IDLEG] 0	104,136,168	MeshInstance3D	0.1x0.0x0.1	StreetIdShot/OrisonRoot/F01_1A_KITCHEN_SINK_01/StaticFixture/@MeshInstance3D@2897
[IDLEG] 0	120,136,168	MeshInstance3D	0.1x0.0x0.0	StreetIdShot/OrisonRoot/F01_1A_KITCHEN_SINK_01/StaticFixture/@MeshInstance3D@2898
[IDLEG] 0	136,136,168	MeshInstance3D	0.1x0.0x0.1	StreetIdShot/OrisonRoot/F01_1A_KITCHEN_SINK_01/StaticFixture/@MeshInstance3D@2899
[IDLEG] 0	152,136,168	MeshInstance3D	0.1x0.1x0.1	StreetIdShot/OrisonRoot/F01_1A_KITCHEN_SINK_01/HotValve/@MeshInstance3D@2900
[IDLEG] 0	168,136,168	MeshInstance3D	0.0x0.0x0.0	StreetIdShot/OrisonRoot/F01_1A_KITCHEN_SINK_01/HotValve/@MeshInstance3D@2901
[IDLEG] 0	184,136,168	MeshInstance3D	0.1x0.1x0.1	StreetIdShot/OrisonRoot/F01_1A_KITCHEN_SINK_01/ColdValve/@MeshInstance3D@2902
[IDLEG] 0	200,136,168	MeshInstance3D	0.0x0.0x0.0	StreetIdShot/OrisonRoot/F01_1A_KITCHEN_SINK_01/ColdValve/@MeshInstance3D@2903
[IDLEG] 0	216,136,168	MeshInstance3D	0.1x0.0x0.1	StreetIdShot/OrisonRoot/F01_1A_KITCHEN_SINK_01/Stopper/@MeshInstance3D@2882
[IDLEG] 0	232,136,168	MeshInstance3D	0.3x0.1x0.2	StreetIdShot/OrisonRoot/F01_1A_TOASTER_01/StaticCase/@MeshInstance3D@3002
[IDLEG] 0	248,136,168	MeshInstance3D	0.3x0.2x0.2	StreetIdShot/OrisonRoot/F01_1A_TOASTER_01/StaticCase/@MeshInstance3D@3003
[IDLEG] 0	8,152,168	MeshInstance3D	0.0x0.0x0.1	StreetIdShot/OrisonRoot/F01_1A_TOASTER_01/StaticCase/@MeshInstance3D@3004
[IDLEG] 0	24,152,168	MeshInstance3D	0.2x0.1x0.1	StreetIdShot/OrisonRoot/F01_1A_TOASTER_01/StaticCase/@MeshInstance3D@3005
[IDLEG] 0	40,152,168	MeshInstance3D	0.2x0.1x0.1	StreetIdShot/OrisonRoot/F01_1A_TOASTER_01/ResistanceWire/@MeshInstance3D@2960
[IDLEG] 0	56,152,168	MeshInstance3D	0.0x0.0x0.0	StreetIdShot/OrisonRoot/F01_1A_TOASTER_01/CarriageLever/@MeshInstance3D@2961
[IDLEG] 0	72,152,168	MeshInstance3D	0.0x0.0x0.0	StreetIdShot/OrisonRoot/F01_1A_TOASTER_01/CarriageLever/@MeshInstance3D@2962
[IDLEG] 0	88,152,168	MeshInstance3D	0.2x0.0x0.0	StreetIdShot/OrisonRoot/F01_1A_TOASTER_01/BreadCarrier/@MeshInstance3D@3006
[IDLEG] 0	104,152,168	MeshInstance3D	0.2x0.0x0.1	StreetIdShot/OrisonRoot/F01_1A_TOASTER_01/OrisonRetrofitCrumbTray/@MeshInstance3D@3007
[IDLEG] 0	120,152,168	MeshInstance3D	0.0x0.0x0.0	StreetIdShot/OrisonRoot/F01_1A_TOASTER_01/OrisonRetrofitCrumbTray/@MeshInstance3D@3008
[IDLEG] 0	136,152,168	MeshInstance3D	0.1x0.0x0.0	StreetIdShot/OrisonRoot/F01_1A_TOASTER_01/OrisonRetrofitCrumbTray/@MeshInstance3D@3010
[IDLEG] 0	152,152,168	MeshInstance3D	0.2x0.0x0.1	StreetIdShot/OrisonRoot/F01_1A_TOASTER_01/OrisonRetrofitCrumbTray/@MeshInstance3D@3011
[IDLEG] 0	168,152,168	MeshInstance3D	0.2x0.2x0.3	StreetIdShot/OrisonRoot/F01_1A_KETTLE_01/Vessel/StaticVessel/@MeshInstance3D@3051
[IDLEG] 0	184,152,168	MeshInstance3D	0.2x0.1x0.2	StreetIdShot/OrisonRoot/F01_1A_KETTLE_01/Vessel/StaticVessel/@MeshInstance3D@3052
[IDLEG] 0	200,152,168	MeshInstance3D	0.2x0.1x0.0	StreetIdShot/OrisonRoot/F01_1A_KETTLE_01/Vessel/StaticVessel/@MeshInstance3D@3053
[IDLEG] 0	216,152,168	MeshInstance3D	0.0x0.0x0.1	StreetIdShot/OrisonRoot/F01_1A_KETTLE_01/Vessel/StaticVessel/@MeshInstance3D@3054
[IDLEG] 0	232,152,168	MeshInstance3D	0.1x0.0x0.1	StreetIdShot/OrisonRoot/F01_1A_KETTLE_01/Vessel/StaticVessel/@MeshInstance3D@3055
[IDLEG] 0	248,152,168	MeshInstance3D	0.1x0.0x0.1	StreetIdShot/OrisonRoot/F01_1A_KETTLE_01/Vessel/Lid/@MeshInstance3D@3056
[IDLEG] 0	8,168,168	MeshInstance3D	0.0x0.0x0.0	StreetIdShot/OrisonRoot/F01_1A_KETTLE_01/Vessel/Lid/@MeshInstance3D@3057
[IDLEG] 0	24,168,168	MeshInstance3D	0.1x0.1x0.0	StreetIdShot/OrisonRoot/F01_1A_KETTLE_01/Vessel/ChainedWhistleCap/@MeshInstance3D@3058
[IDLEG] 0	40,168,168	MeshInstance3D	0.6x0.7x0.5	StreetIdShot/OrisonRoot/F01_1A_STOVE_01/StaticCarcass/@MeshInstance3D@3187
[IDLEG] 0	56,168,168	MeshInstance3D	0.6x0.8x0.6	StreetIdShot/OrisonRoot/F01_1A_STOVE_01/StaticCarcass/@MeshInstance3D@3188
[IDLEG] 0	72,168,168	MeshInstance3D	0.6x1.0x0.6	StreetIdShot/OrisonRoot/F01_1A_STOVE_01/StaticCarcass/@MeshInstance3D@3189
[IDLEG] 0	88,168,168	MeshInstance3D	0.6x0.4x0.4	StreetIdShot/OrisonRoot/F01_1A_STOVE_01/StaticCarcass/@MeshInstance3D@3190
[IDLEG] 0	104,168,168	MeshInstance3D	0.4x0.3x0.0	StreetIdShot/OrisonRoot/F01_1A_STOVE_01/OvenDoor/@MeshInstance3D@3191
[IDLEG] 0	120,168,168	MeshInstance3D	0.4x0.3x0.0	StreetIdShot/OrisonRoot/F01_1A_STOVE_01/OvenDoor/@MeshInstance3D@3192
[IDLEG] 0	136,168,168	MeshInstance3D	0.4x0.1x0.0	StreetIdShot/OrisonRoot/F01_1A_STOVE_01/OvenDoor/@MeshInstance3D@3193
[IDLEG] 0	152,168,168	MeshInstance3D	0.4x0.1x0.0	StreetIdShot/OrisonRoot/F01_1A_STOVE_01/BroilerDrawer/@MeshInstance3D@3194
[IDLEG] 0	168,168,168	MeshInstance3D	0.2x0.0x0.0	StreetIdShot/OrisonRoot/F01_1A_STOVE_01/BroilerDrawer/@MeshInstance3D@3195
[IDLEG] 0	184,168,168	MeshInstance3D	0.1x0.1x0.0	StreetIdShot/OrisonRoot/F01_1A_STOVE_01/BurnerValve1/@MeshInstance3D@3196
[IDLEG] 0	200,168,168	MeshInstance3D	0.0x0.0x0.0	StreetIdShot/OrisonRoot/F01_1A_STOVE_01/BurnerValve1/@MeshInstance3D@3197
[IDLEG] 0	216,168,168	MeshInstance3D	0.1x0.1x0.0	StreetIdShot/OrisonRoot/F01_1A_STOVE_01/BurnerValve2/@MeshInstance3D@3198
[IDLEG] 0	232,168,168	MeshInstance3D	0.0x0.0x0.0	StreetIdShot/OrisonRoot/F01_1A_STOVE_01/BurnerValve2/@MeshInstance3D@3199
[IDLEG] 0	248,168,168	MeshInstance3D	0.1x0.1x0.0	StreetIdShot/OrisonRoot/F01_1A_STOVE_01/BurnerValve3/@MeshInstance3D@3200
[IDLEG] 0	8,184,168	MeshInstance3D	0.0x0.0x0.0	StreetIdShot/OrisonRoot/F01_1A_STOVE_01/BurnerValve3/@MeshInstance3D@3201
[IDLEG] 0	24,184,168	MeshInstance3D	0.1x0.1x0.0	StreetIdShot/OrisonRoot/F01_1A_STOVE_01/BurnerValve4/@MeshInstance3D@3202
[IDLEG] 0	40,184,168	MeshInstance3D	0.0x0.0x0.0	StreetIdShot/OrisonRoot/F01_1A_STOVE_01/BurnerValve4/@MeshInstance3D@3203
[IDLEG] 0	56,184,168	MeshInstance3D	0.1x0.1x0.0	StreetIdShot/OrisonRoot/F01_1A_STOVE_01/OvenValve/@MeshInstance3D@3109
[IDLEG] 0	72,184,168	MeshInstance3D	0.0x0.0x0.0	StreetIdShot/OrisonRoot/F01_1A_STOVE_01/OvenValve/@MeshInstance3D@3110
[IDLEG] 0	88,184,168	MeshInstance3D	0.2x0.0x0.2	StreetIdShot/OrisonRoot/F01_1A_STOVE_01/Grate1/@MeshInstance3D@3204
[IDLEG] 0	104,184,168	MeshInstance3D	0.1x0.0x0.1	StreetIdShot/OrisonRoot/F01_1A_STOVE_01/BurnerCap1/@MeshInstance3D@3208
[IDLEG] 0	120,184,168	MeshInstance3D	0.1x0.0x0.1	StreetIdShot/OrisonRoot/F01_1A_STOVE_01/BurnerCap1/@MeshInstance3D@3209
[IDLEG] 0	136,184,168	MeshInstance3D	0.2x0.0x0.2	StreetIdShot/OrisonRoot/F01_1A_STOVE_01/Grate2/@MeshInstance3D@3205
[IDLEG] 0	152,184,168	MeshInstance3D	0.1x0.0x0.1	StreetIdShot/OrisonRoot/F01_1A_STOVE_01/BurnerCap2/@MeshInstance3D@3210
[IDLEG] 0	168,184,168	MeshInstance3D	0.1x0.0x0.1	StreetIdShot/OrisonRoot/F01_1A_STOVE_01/BurnerCap2/@MeshInstance3D@3211
[IDLEG] 0	184,184,168	MeshInstance3D	0.2x0.0x0.2	StreetIdShot/OrisonRoot/F01_1A_STOVE_01/Grate3/@MeshInstance3D@3206
[IDLEG] 0	200,184,168	MeshInstance3D	0.1x0.0x0.1	StreetIdShot/OrisonRoot/F01_1A_STOVE_01/BurnerCap3/@MeshInstance3D@3212
[IDLEG] 0	216,184,168	MeshInstance3D	0.1x0.0x0.1	StreetIdShot/OrisonRoot/F01_1A_STOVE_01/BurnerCap3/@MeshInstance3D@3213
[IDLEG] 0	232,184,168	MeshInstance3D	0.2x0.0x0.2	StreetIdShot/OrisonRoot/F01_1A_STOVE_01/Grate4/@MeshInstance3D@3207
[IDLEG] 0	248,184,168	MeshInstance3D	0.1x0.0x0.1	StreetIdShot/OrisonRoot/F01_1A_STOVE_01/BurnerCap4/@MeshInstance3D@3214
[IDLEG] 0	8,200,168	MeshInstance3D	0.1x0.0x0.1	StreetIdShot/OrisonRoot/F01_1A_STOVE_01/BurnerCap4/@MeshInstance3D@3215
[IDLEG] 0	24,200,168	MeshInstance3D	0.6x0.9x0.6	StreetIdShot/OrisonRoot/F01_1A_FRIDGE_01/StaticCarcass/@MeshInstance3D@3290
[IDLEG] 0	40,200,168	MeshInstance3D	0.7x1.2x0.7	StreetIdShot/OrisonRoot/F01_1A_FRIDGE_01/StaticCarcass/@MeshInstance3D@3291
[IDLEG] 0	56,200,168	MeshInstance3D	0.4x0.3x0.4	StreetIdShot/OrisonRoot/F01_1A_FRIDGE_01/StaticCarcass/@MeshInstance3D@3292
[IDLEG] 0	72,200,168	MeshInstance3D	0.5x0.3x0.5	StreetIdShot/OrisonRoot/F01_1A_FRIDGE_01/StaticCarcass/@MeshInstance3D@3293
[IDLEG] 0	88,200,168	MeshInstance3D	0.2x0.1x0.0	StreetIdShot/OrisonRoot/F01_1A_FRIDGE_01/StaticCarcass/@MeshInstance3D@3294
[IDLEG] 0	104,200,168	MeshInstance3D	0.7x1.0x0.1	StreetIdShot/OrisonRoot/F01_1A_FRIDGE_01/Door/@MeshInstance3D@3295
[IDLEG] 0	120,200,168	MeshInstance3D	0.7x0.9x0.1	StreetIdShot/OrisonRoot/F01_1A_FRIDGE_01/Door/@MeshInstance3D@3296
[IDLEG] 0	136,200,168	MeshInstance3D	0.1x0.4x0.0	StreetIdShot/OrisonRoot/F01_1A_FRIDGE_01/Door/@MeshInstance3D@3297
[IDLEG] 0	152,200,168	MeshInstance3D	0.1x0.2x0.1	StreetIdShot/OrisonRoot/F01_1A_FRIDGE_01/@MeshInstance3D@3286
[IDLEG] 0	168,200,168	MeshInstance3D	0.1x0.1x0.1	StreetIdShot/OrisonRoot/F01_1A_FRIDGE_01/@MeshInstance3D@3287
[IDLEG] 0	184,200,168	MeshInstance3D	0.2x0.1x0.1	StreetIdShot/OrisonRoot/F01_1A_FRIDGE_01/@MeshInstance3D@3288
[IDLEG] 0	200,200,168	MeshInstance3D	0.1x0.1x0.1	StreetIdShot/OrisonRoot/F01_1A_FRIDGE_01/@MeshInstance3D@3289
[IDLEG] 0	216,200,168	MeshInstance3D	0.8x0.3x0.8	StreetIdShot/OrisonRoot/F01_1D_SHOWER_01/StaticFixture/@MeshInstance3D@3363
[IDLEG] 0	232,200,168	MeshInstance3D	0.7x2.0x0.8	StreetIdShot/OrisonRoot/F01_1D_SHOWER_01/StaticFixture/@MeshInstance3D@3364
[IDLEG] 0	248,200,168	MeshInstance3D	0.1x0.0x0.1	StreetIdShot/OrisonRoot/F01_1D_SHOWER_01/StaticFixture/@MeshInstance3D@3365
[IDLEG] 0	8,216,168	MeshInstance3D	0.0x0.0x0.1	StreetIdShot/OrisonRoot/F01_1D_SHOWER_01/StaticFixture/@MeshInstance3D@3366
[IDLEG] 0	24,216,168	MeshInstance3D	0.1x0.0x0.1	StreetIdShot/OrisonRoot/F01_1D_SHOWER_01/StaticFixture/@MeshInstance3D@3367
[IDLEG] 0	40,216,168	MeshInstance3D	0.1x0.1x0.1	StreetIdShot/OrisonRoot/F01_1D_SHOWER_01/HotValve/@MeshInstance3D@3368
[IDLEG] 0	56,216,168	MeshInstance3D	0.0x0.0x0.0	StreetIdShot/OrisonRoot/F01_1D_SHOWER_01/HotValve/@MeshInstance3D@3369
[IDLEG] 0	72,216,168	MeshInstance3D	0.1x0.1x0.1	StreetIdShot/OrisonRoot/F01_1D_SHOWER_01/ColdValve/@MeshInstance3D@3370
[IDLEG] 0	88,216,168	MeshInstance3D	0.0x0.0x0.0	StreetIdShot/OrisonRoot/F01_1D_SHOWER_01/ColdValve/@MeshInstance3D@3371
[IDLEG] 0	104,216,168	MeshInstance3D	0.7x1.6x0.8	StreetIdShot/OrisonRoot/F01_1D_SHOWER_01/CurtainDrawn/@MeshInstance3D@3372
[IDLEG] 0	120,216,168	MeshInstance3D	0.6x0.1x0.7	StreetIdShot/OrisonRoot/F01_1D_SHOWER_01/CurtainDrawn/@MeshInstance3D@3373
[IDLEG] 0	136,216,168	MeshInstance3D	0.1x0.0x0.1	StreetIdShot/OrisonRoot/F01_1D_SHOWER_01/Stopper/@MeshInstance3D@3358
[IDLEG] 0	152,216,168	MeshInstance3D	0.5x1.0x0.7	StreetIdShot/OrisonRoot/F01_1D_SINK_01/StaticFixture/@MeshInstance3D@3412
[IDLEG] 0	168,216,168	MeshInstance3D	0.3x1.0x0.2	StreetIdShot/OrisonRoot/F01_1D_SINK_01/StaticFixture/@MeshInstance3D@3413
[IDLEG] 0	184,216,168	MeshInstance3D	0.1x0.0x0.1	StreetIdShot/OrisonRoot/F01_1D_SINK_01/StaticFixture/@MeshInstance3D@3414
[IDLEG] 0	200,216,168	MeshInstance3D	0.0x0.0x0.1	StreetIdShot/OrisonRoot/F01_1D_SINK_01/StaticFixture/@MeshInstance3D@3415
[IDLEG] 0	216,216,168	MeshInstance3D	0.1x0.1x0.1	StreetIdShot/OrisonRoot/F01_1D_SINK_01/HotValve/@MeshInstance3D@3416
[IDLEG] 0	232,216,168	MeshInstance3D	0.0x0.0x0.0	StreetIdShot/OrisonRoot/F01_1D_SINK_01/HotValve/@MeshInstance3D@3417
[IDLEG] 0	248,216,168	MeshInstance3D	0.1x0.1x0.1	StreetIdShot/OrisonRoot/F01_1D_SINK_01/ColdValve/@MeshInstance3D@3418
[IDLEG] 0	8,232,168	MeshInstance3D	0.0x0.0x0.0	StreetIdShot/OrisonRoot/F01_1D_SINK_01/ColdValve/@MeshInstance3D@3419
[IDLEG] 0	24,232,168	MeshInstance3D	0.1x0.0x0.1	StreetIdShot/OrisonRoot/F01_1D_SINK_01/Stopper/@MeshInstance3D@3408
[IDLEG] 0	40,232,168	MeshInstance3D	0.1x0.7x0.5	StreetIdShot/OrisonRoot/F01_1D_MIRROR_01/CabinetCarcass/@MeshInstance3D@3439
[IDLEG] 0	56,232,168	MeshInstance3D	0.0x0.6x0.4	StreetIdShot/OrisonRoot/F01_1D_MIRROR_01/CabinetDoor/@MeshInstance3D@3451
[IDLEG] 0	72,232,168	MeshInstance3D	0.0x0.6x0.4	StreetIdShot/OrisonRoot/F01_1D_MIRROR_01/CabinetDoor/@MeshInstance3D@3452
[IDLEG] 0	88,232,168	MeshInstance3D	0.1x0.6x0.5	StreetIdShot/OrisonRoot/F01_1D_MIRROR_01/CabinetDoor/@MeshInstance3D@3453
[IDLEG] 0	104,232,168	MeshInstance3D	0.0x0.3x0.0	StreetIdShot/OrisonRoot/F01_1D_MIRROR_01/CabinetContents/@MeshInstance3D@3457
[IDLEG] 0	120,232,168	MeshInstance3D	0.0x0.2x0.1	StreetIdShot/OrisonRoot/1D_LT_SCONCE/@Node3D@3461/@MeshInstance3D@3462
[IDLEG] 0	136,232,168	MeshInstance3D	0.1x0.1x0.1	StreetIdShot/OrisonRoot/1D_LT_SCONCE/@Node3D@3461/@MeshInstance3D@3463
[IDLEG] 0	152,232,168	MeshInstance3D	0.2x0.2x0.2	StreetIdShot/OrisonRoot/1D_LT_SCONCE/@Node3D@3461/bulb_globe
[IDLEG] 0	168,232,168	MeshInstance3D	0.0x0.1x0.1	StreetIdShot/OrisonRoot/F01_D_RADIATOR_01/WorkingAssembly/CastSections/ReplaceableAirVent/@MeshInstance3D@3568
[IDLEG] 0	184,232,168	MeshInstance3D	0.0x0.1x0.0	StreetIdShot/OrisonRoot/F01_D_RADIATOR_01/WorkingAssembly/CastSections/ReplaceableAirVent/@MeshInstance3D@3569
[IDLEG] 0	200,232,168	MeshInstance3D	0.2x0.6x0.6	StreetIdShot/OrisonRoot/F01_D_RADIATOR_01/WorkingAssembly/CastSections/@MeshInstance3D@3566
[IDLEG] 0	216,232,168	MeshInstance3D	0.1x0.1x0.1	StreetIdShot/OrisonRoot/F01_D_RADIATOR_01/WorkingAssembly/SupplyHandwheel/@MeshInstance3D@3567
[IDLEG] 0	232,232,168	MeshInstance3D	0.1x0.0x0.1	StreetIdShot/OrisonRoot/F01_D_RADIATOR_01/WorkingAssembly/FarEndPitchShim/@MeshInstance3D@3565
[IDLEG] 0	248,232,168	MeshInstance3D	0.1x0.1x0.2	StreetIdShot/OrisonRoot/F01_D_RADIATOR_01/WorkingAssembly/@MeshInstance3D@3570
[IDLEG] 0	8,248,168	MeshInstance3D	0.0x0.0x0.1	StreetIdShot/OrisonRoot/F01_D_RADIATOR_01/WorkingAssembly/@MeshInstance3D@3571
[IDLEG] 0	24,248,168	MeshInstance3D	1.0x0.3x0.5	StreetIdShot/OrisonRoot/F01_1D_KITCHEN_SINK_01/StaticFixture/@MeshInstance3D@3622
[IDLEG] 0	40,248,168	MeshInstance3D	0.2x0.5x0.2	StreetIdShot/OrisonRoot/F01_1D_KITCHEN_SINK_01/StaticFixture/@MeshInstance3D@3623
[IDLEG] 0	56,248,168	MeshInstance3D	0.1x0.0x0.1	StreetIdShot/OrisonRoot/F01_1D_KITCHEN_SINK_01/StaticFixture/@MeshInstance3D@3624
[IDLEG] 0	72,248,168	MeshInstance3D	0.1x0.0x0.0	StreetIdShot/OrisonRoot/F01_1D_KITCHEN_SINK_01/StaticFixture/@MeshInstance3D@3625
[IDLEG] 0	88,248,168	MeshInstance3D	0.1x0.0x0.1	StreetIdShot/OrisonRoot/F01_1D_KITCHEN_SINK_01/StaticFixture/@MeshInstance3D@3626
[IDLEG] 0	104,248,168	MeshInstance3D	0.1x0.1x0.1	StreetIdShot/OrisonRoot/F01_1D_KITCHEN_SINK_01/HotValve/@MeshInstance3D@3627
[IDLEG] 0	120,248,168	MeshInstance3D	0.0x0.0x0.0	StreetIdShot/OrisonRoot/F01_1D_KITCHEN_SINK_01/HotValve/@MeshInstance3D@3628
[IDLEG] 0	136,248,168	MeshInstance3D	0.1x0.1x0.1	StreetIdShot/OrisonRoot/F01_1D_KITCHEN_SINK_01/ColdValve/@MeshInstance3D@3629
[IDLEG] 0	152,248,168	MeshInstance3D	0.0x0.0x0.0	StreetIdShot/OrisonRoot/F01_1D_KITCHEN_SINK_01/ColdValve/@MeshInstance3D@3630
[IDLEG] 0	168,248,168	MeshInstance3D	0.1x0.0x0.1	StreetIdShot/OrisonRoot/F01_1D_KITCHEN_SINK_01/Stopper/@MeshInstance3D@3609
[IDLEG] 0	184,248,168	MeshInstance3D	0.3x0.1x0.2	StreetIdShot/OrisonRoot/F01_1D_TOASTER_01/StaticCase/@MeshInstance3D@3729
[IDLEG] 0	200,248,168	MeshInstance3D	0.3x0.2x0.2	StreetIdShot/OrisonRoot/F01_1D_TOASTER_01/StaticCase/@MeshInstance3D@3730
[IDLEG] 0	216,248,168	MeshInstance3D	0.0x0.0x0.1	StreetIdShot/OrisonRoot/F01_1D_TOASTER_01/StaticCase/@MeshInstance3D@3731
[IDLEG] 0	232,248,168	MeshInstance3D	0.2x0.1x0.1	StreetIdShot/OrisonRoot/F01_1D_TOASTER_01/StaticCase/@MeshInstance3D@3732
[IDLEG] 0	248,248,168	MeshInstance3D	0.2x0.1x0.1	StreetIdShot/OrisonRoot/F01_1D_TOASTER_01/ResistanceWire/@MeshInstance3D@3687
[IDLEG] 0	8,8,184	MeshInstance3D	0.0x0.0x0.0	StreetIdShot/OrisonRoot/F01_1D_TOASTER_01/CarriageLever/@MeshInstance3D@3688
[IDLEG] 0	24,8,184	MeshInstance3D	0.0x0.0x0.0	StreetIdShot/OrisonRoot/F01_1D_TOASTER_01/CarriageLever/@MeshInstance3D@3689
[IDLEG] 0	40,8,184	MeshInstance3D	0.2x0.0x0.0	StreetIdShot/OrisonRoot/F01_1D_TOASTER_01/BreadCarrier/@MeshInstance3D@3733
[IDLEG] 0	56,8,184	MeshInstance3D	0.2x0.0x0.1	StreetIdShot/OrisonRoot/F01_1D_TOASTER_01/OrisonRetrofitCrumbTray/@MeshInstance3D@3734
[IDLEG] 0	72,8,184	MeshInstance3D	0.0x0.0x0.0	StreetIdShot/OrisonRoot/F01_1D_TOASTER_01/OrisonRetrofitCrumbTray/@MeshInstance3D@3735
[IDLEG] 0	88,8,184	MeshInstance3D	0.0x0.0x0.0	StreetIdShot/OrisonRoot/F01_1D_TOASTER_01/OrisonRetrofitCrumbTray/@MeshInstance3D@3737
[IDLEG] 0	104,8,184	MeshInstance3D	0.2x0.0x0.1	StreetIdShot/OrisonRoot/F01_1D_TOASTER_01/OrisonRetrofitCrumbTray/@MeshInstance3D@3738
[IDLEG] 0	120,8,184	MeshInstance3D	0.2x0.2x0.3	StreetIdShot/OrisonRoot/F01_1D_KETTLE_01/Vessel/StaticVessel/@MeshInstance3D@3780
[IDLEG] 0	136,8,184	MeshInstance3D	0.2x0.1x0.2	StreetIdShot/OrisonRoot/F01_1D_KETTLE_01/Vessel/StaticVessel/@MeshInstance3D@3781
[IDLEG] 0	152,8,184	MeshInstance3D	0.1x0.0x0.1	StreetIdShot/OrisonRoot/F01_1D_KETTLE_01/Vessel/StaticVessel/@MeshInstance3D@3782
[IDLEG] 0	168,8,184	MeshInstance3D	0.2x0.1x0.0	StreetIdShot/OrisonRoot/F01_1D_KETTLE_01/Vessel/StaticVessel/@MeshInstance3D@3783
[IDLEG] 0	184,8,184	MeshInstance3D	0.0x0.0x0.1	StreetIdShot/OrisonRoot/F01_1D_KETTLE_01/Vessel/StaticVessel/@MeshInstance3D@3784
[IDLEG] 0	200,8,184	MeshInstance3D	0.1x0.0x0.1	StreetIdShot/OrisonRoot/F01_1D_KETTLE_01/Vessel/Lid/@MeshInstance3D@3785
[IDLEG] 0	216,8,184	MeshInstance3D	0.0x0.0x0.0	StreetIdShot/OrisonRoot/F01_1D_KETTLE_01/Vessel/Lid/@MeshInstance3D@3786
[IDLEG] 0	232,8,184	MeshInstance3D	0.1x0.1x0.0	StreetIdShot/OrisonRoot/F01_1D_KETTLE_01/Vessel/ChainedWhistleCap/@MeshInstance3D@3787
[IDLEG] 0	248,8,184	MeshInstance3D	0.6x0.7x0.5	StreetIdShot/OrisonRoot/F01_1D_STOVE_01/StaticCarcass/@MeshInstance3D@3916
[IDLEG] 0	8,24,184	MeshInstance3D	0.6x0.8x0.6	StreetIdShot/OrisonRoot/F01_1D_STOVE_01/StaticCarcass/@MeshInstance3D@3917
[IDLEG] 0	24,24,184	MeshInstance3D	0.6x1.0x0.6	StreetIdShot/OrisonRoot/F01_1D_STOVE_01/StaticCarcass/@MeshInstance3D@3918
[IDLEG] 0	40,24,184	MeshInstance3D	0.5x0.4x0.4	StreetIdShot/OrisonRoot/F01_1D_STOVE_01/StaticCarcass/@MeshInstance3D@3919
[IDLEG] 0	56,24,184	MeshInstance3D	0.4x0.3x0.0	StreetIdShot/OrisonRoot/F01_1D_STOVE_01/OvenDoor/@MeshInstance3D@3920
[IDLEG] 0	72,24,184	MeshInstance3D	0.4x0.3x0.0	StreetIdShot/OrisonRoot/F01_1D_STOVE_01/OvenDoor/@MeshInstance3D@3921
[IDLEG] 0	88,24,184	MeshInstance3D	0.4x0.1x0.0	StreetIdShot/OrisonRoot/F01_1D_STOVE_01/OvenDoor/@MeshInstance3D@3922
[IDLEG] 0	104,24,184	MeshInstance3D	0.4x0.1x0.0	StreetIdShot/OrisonRoot/F01_1D_STOVE_01/BroilerDrawer/@MeshInstance3D@3923
[IDLEG] 0	120,24,184	MeshInstance3D	0.2x0.0x0.0	StreetIdShot/OrisonRoot/F01_1D_STOVE_01/BroilerDrawer/@MeshInstance3D@3924
[IDLEG] 0	136,24,184	MeshInstance3D	0.1x0.1x0.0	StreetIdShot/OrisonRoot/F01_1D_STOVE_01/BurnerValve1/@MeshInstance3D@3925
[IDLEG] 0	152,24,184	MeshInstance3D	0.0x0.0x0.0	StreetIdShot/OrisonRoot/F01_1D_STOVE_01/BurnerValve1/@MeshInstance3D@3926
[IDLEG] 0	168,24,184	MeshInstance3D	0.1x0.1x0.0	StreetIdShot/OrisonRoot/F01_1D_STOVE_01/BurnerValve2/@MeshInstance3D@3927
[IDLEG] 0	184,24,184	MeshInstance3D	0.0x0.0x0.0	StreetIdShot/OrisonRoot/F01_1D_STOVE_01/BurnerValve2/@MeshInstance3D@3928
[IDLEG] 0	200,24,184	MeshInstance3D	0.1x0.1x0.0	StreetIdShot/OrisonRoot/F01_1D_STOVE_01/BurnerValve3/@MeshInstance3D@3929
[IDLEG] 0	216,24,184	MeshInstance3D	0.0x0.0x0.0	StreetIdShot/OrisonRoot/F01_1D_STOVE_01/BurnerValve3/@MeshInstance3D@3930
[IDLEG] 0	232,24,184	MeshInstance3D	0.1x0.1x0.0	StreetIdShot/OrisonRoot/F01_1D_STOVE_01/BurnerValve4/@MeshInstance3D@3931
[IDLEG] 0	248,24,184	MeshInstance3D	0.0x0.0x0.0	StreetIdShot/OrisonRoot/F01_1D_STOVE_01/BurnerValve4/@MeshInstance3D@3932
[IDLEG] 0	8,40,184	MeshInstance3D	0.1x0.1x0.0	StreetIdShot/OrisonRoot/F01_1D_STOVE_01/OvenValve/@MeshInstance3D@3838
[IDLEG] 0	24,40,184	MeshInstance3D	0.0x0.0x0.0	StreetIdShot/OrisonRoot/F01_1D_STOVE_01/OvenValve/@MeshInstance3D@3839
[IDLEG] 0	40,40,184	MeshInstance3D	0.2x0.0x0.2	StreetIdShot/OrisonRoot/F01_1D_STOVE_01/Grate1/@MeshInstance3D@3933
[IDLEG] 0	56,40,184	MeshInstance3D	0.1x0.0x0.1	StreetIdShot/OrisonRoot/F01_1D_STOVE_01/BurnerCap1/@MeshInstance3D@3937
[IDLEG] 0	72,40,184	MeshInstance3D	0.1x0.0x0.1	StreetIdShot/OrisonRoot/F01_1D_STOVE_01/BurnerCap1/@MeshInstance3D@3938
[IDLEG] 0	88,40,184	MeshInstance3D	0.2x0.0x0.2	StreetIdShot/OrisonRoot/F01_1D_STOVE_01/Grate2/@MeshInstance3D@3934
[IDLEG] 0	104,40,184	MeshInstance3D	0.1x0.0x0.1	StreetIdShot/OrisonRoot/F01_1D_STOVE_01/BurnerCap2/@MeshInstance3D@3939
[IDLEG] 0	120,40,184	MeshInstance3D	0.1x0.0x0.1	StreetIdShot/OrisonRoot/F01_1D_STOVE_01/BurnerCap2/@MeshInstance3D@3940
[IDLEG] 0	136,40,184	MeshInstance3D	0.2x0.0x0.2	StreetIdShot/OrisonRoot/F01_1D_STOVE_01/Grate3/@MeshInstance3D@3935
[IDLEG] 0	152,40,184	MeshInstance3D	0.1x0.0x0.1	StreetIdShot/OrisonRoot/F01_1D_STOVE_01/BurnerCap3/@MeshInstance3D@3941
[IDLEG] 0	168,40,184	MeshInstance3D	0.1x0.0x0.1	StreetIdShot/OrisonRoot/F01_1D_STOVE_01/BurnerCap3/@MeshInstance3D@3942
[IDLEG] 0	184,40,184	MeshInstance3D	0.2x0.0x0.2	StreetIdShot/OrisonRoot/F01_1D_STOVE_01/Grate4/@MeshInstance3D@3936
[IDLEG] 0	200,40,184	MeshInstance3D	0.1x0.0x0.1	StreetIdShot/OrisonRoot/F01_1D_STOVE_01/BurnerCap4/@MeshInstance3D@3943
[IDLEG] 0	216,40,184	MeshInstance3D	0.1x0.0x0.1	StreetIdShot/OrisonRoot/F01_1D_STOVE_01/BurnerCap4/@MeshInstance3D@3944
[IDLEG] 0	232,40,184	MeshInstance3D	0.7x1.2x0.6	StreetIdShot/OrisonRoot/F01_1D_FRIDGE_01/StaticCarcass/@MeshInstance3D@4015
[IDLEG] 0	248,40,184	MeshInstance3D	0.5x0.1x0.0	StreetIdShot/OrisonRoot/F01_1D_FRIDGE_01/StaticCarcass/@MeshInstance3D@4016
[IDLEG] 0	8,56,184	MeshInstance3D	0.6x0.9x0.5	StreetIdShot/OrisonRoot/F01_1D_FRIDGE_01/StaticCarcass/@MeshInstance3D@4017
[IDLEG] 0	24,56,184	MeshInstance3D	0.7x0.7x0.0	StreetIdShot/OrisonRoot/F01_1D_FRIDGE_01/FoodDoor/@MeshInstance3D@4018
[IDLEG] 0	40,56,184	MeshInstance3D	0.6x0.6x0.0	StreetIdShot/OrisonRoot/F01_1D_FRIDGE_01/FoodDoor/@MeshInstance3D@4019
[IDLEG] 0	56,56,184	MeshInstance3D	0.7x0.6x0.1	StreetIdShot/OrisonRoot/F01_1D_FRIDGE_01/FoodDoor/@MeshInstance3D@4020
[IDLEG] 0	72,56,184	MeshInstance3D	0.7x0.2x0.0	StreetIdShot/OrisonRoot/F01_1D_FRIDGE_01/IceDoor/@MeshInstance3D@4021
[IDLEG] 0	88,56,184	MeshInstance3D	0.0x0.1x0.0	StreetIdShot/OrisonRoot/F01_1D_FRIDGE_01/IceDoor/@MeshInstance3D@4022
[IDLEG] 0	104,56,184	MeshInstance3D	0.5x0.1x0.2	StreetIdShot/OrisonRoot/F01_1D_FRIDGE_01/DripTray/@MeshInstance3D@4023
[IDLEG] 0	120,56,184	MeshInstance3D	0.5x0.1x0.0	StreetIdShot/OrisonRoot/F01_1D_FRIDGE_01/DripTray/@MeshInstance3D@4024
[IDLEG] 0	136,56,184	MeshInstance3D	0.2x0.0x0.0	StreetIdShot/OrisonRoot/F01_1D_FRIDGE_01/DripTray/@MeshInstance3D@4025
[IDLEG] 0	152,56,184	MeshInstance3D	0.1x0.2x0.1	StreetIdShot/OrisonRoot/F01_1D_FRIDGE_01/@MeshInstance3D@4013
[IDLEG] 0	168,56,184	MeshInstance3D	0.1x0.1x0.0	StreetIdShot/OrisonRoot/F01_1D_FRIDGE_01/@MeshInstance3D@4014
[IDLEG] 0	184,56,184	MeshInstance3D	0.9x2.1x0.1	StreetIdShot/OrisonRoot/F01_DOOR_01/HingedLeaf/@MeshInstance3D@4044
[IDLEG] 0	200,56,184	MeshInstance3D	0.9x1.8x0.0	StreetIdShot/OrisonRoot/F01_DOOR_01/HingedLeaf/@MeshInstance3D@4045
[IDLEG] 0	216,56,184	MeshInstance3D	0.1x0.2x0.2	StreetIdShot/OrisonRoot/F01_DOOR_01/HingedLeaf/@MeshInstance3D@4046
[IDLEG] 0	232,56,184	MeshInstance3D	1.0x1.9x0.1	StreetIdShot/OrisonRoot/F01_DOOR_01/FixedIronmongery/@MeshInstance3D@4047
[IDLEG] 0	248,56,184	MeshInstance3D	0.1x2.1x0.9	StreetIdShot/OrisonRoot/F01_DOOR_02/HingedLeaf/@MeshInstance3D@4086
[IDLEG] 0	8,72,184	MeshInstance3D	0.1x1.8x0.7	StreetIdShot/OrisonRoot/F01_DOOR_02/HingedLeaf/@MeshInstance3D@4087
[IDLEG] 0	24,72,184	MeshInstance3D	0.2x1.5x0.8	StreetIdShot/OrisonRoot/F01_DOOR_02/HingedLeaf/@MeshInstance3D@4088
[IDLEG] 0	40,72,184	MeshInstance3D	0.1x0.1x0.4	StreetIdShot/OrisonRoot/F01_DOOR_02/HingedLeaf/@MeshInstance3D@4089
[IDLEG] 0	56,72,184	MeshInstance3D	0.1x1.9x1.0	StreetIdShot/OrisonRoot/F01_DOOR_02/FixedIronmongery/@MeshInstance3D@4090
[IDLEG] 0	72,72,184	MeshInstance3D	0.0x0.1x0.2	StreetIdShot/OrisonRoot/F01_DOOR_02/BrassApartmentNumber_1A/@MeshInstance3D@23130
[IDLEG] 0	88,72,184	MeshInstance3D	0.0x0.1x0.2	StreetIdShot/OrisonRoot/F01_DOOR_02/BrassApartmentNumber_1A/@MeshInstance3D@23131
[IDLEG] 0	104,72,184	MeshInstance3D	0.0x0.1x0.2	StreetIdShot/OrisonRoot/F01_DOOR_02/BrassApartmentNumber_1A/@MeshInstance3D@23132
[IDLEG] 0	120,72,184	MeshInstance3D	0.0x0.1x0.1	StreetIdShot/OrisonRoot/F01_DOOR_02/@Node3D@23127/@MeshInstance3D@23128
[IDLEG] 0	136,72,184	MeshInstance3D	0.1x2.1x0.9	StreetIdShot/OrisonRoot/F01_DOOR_03/HingedLeaf/@MeshInstance3D@4129
[IDLEG] 0	152,72,184	MeshInstance3D	0.1x1.8x0.7	StreetIdShot/OrisonRoot/F01_DOOR_03/HingedLeaf/@MeshInstance3D@4130
[IDLEG] 0	168,72,184	MeshInstance3D	0.2x1.5x0.8	StreetIdShot/OrisonRoot/F01_DOOR_03/HingedLeaf/@MeshInstance3D@4131
[IDLEG] 0	184,72,184	MeshInstance3D	0.1x0.1x0.4	StreetIdShot/OrisonRoot/F01_DOOR_03/HingedLeaf/@MeshInstance3D@4132
[IDLEG] 0	200,72,184	MeshInstance3D	0.1x1.9x1.0	StreetIdShot/OrisonRoot/F01_DOOR_03/FixedIronmongery/@MeshInstance3D@4133
[IDLEG] 0	216,72,184	MeshInstance3D	0.1x2.1x0.9	StreetIdShot/OrisonRoot/F01_DOOR_04/HingedLeaf/@MeshInstance3D@4172
[IDLEG] 0	232,72,184	MeshInstance3D	0.1x1.8x0.7	StreetIdShot/OrisonRoot/F01_DOOR_04/HingedLeaf/@MeshInstance3D@4173
[IDLEG] 0	248,72,184	MeshInstance3D	0.2x1.5x0.8	StreetIdShot/OrisonRoot/F01_DOOR_04/HingedLeaf/@MeshInstance3D@4174
[IDLEG] 0	8,88,184	MeshInstance3D	0.1x0.1x0.4	StreetIdShot/OrisonRoot/F01_DOOR_04/HingedLeaf/@MeshInstance3D@4175
[IDLEG] 0	24,88,184	MeshInstance3D	0.1x1.9x1.0	StreetIdShot/OrisonRoot/F01_DOOR_04/FixedIronmongery/@MeshInstance3D@4176
[IDLEG] 0	40,88,184	MeshInstance3D	0.0x0.1x0.2	StreetIdShot/OrisonRoot/F01_DOOR_04/BrassApartmentNumber_1D/@MeshInstance3D@23142
[IDLEG] 0	56,88,184	MeshInstance3D	0.0x0.1x0.2	StreetIdShot/OrisonRoot/F01_DOOR_04/BrassApartmentNumber_1D/@MeshInstance3D@23143
[IDLEG] 0	72,88,184	MeshInstance3D	0.0x0.1x0.2	StreetIdShot/OrisonRoot/F01_DOOR_04/BrassApartmentNumber_1D/@MeshInstance3D@23144
[IDLEG] 0	88,88,184	MeshInstance3D	0.0x0.1x0.1	StreetIdShot/OrisonRoot/F01_DOOR_04/@Node3D@23139/@MeshInstance3D@23140
[IDLEG] 0	104,88,184	MeshInstance3D	0.1x2.1x0.9	StreetIdShot/OrisonRoot/F01_DOOR_05/HingedLeaf/@MeshInstance3D@4215
[IDLEG] 0	120,88,184	MeshInstance3D	0.1x1.8x0.7	StreetIdShot/OrisonRoot/F01_DOOR_05/HingedLeaf/@MeshInstance3D@4216
[IDLEG] 0	136,88,184	MeshInstance3D	0.2x1.5x0.8	StreetIdShot/OrisonRoot/F01_DOOR_05/HingedLeaf/@MeshInstance3D@4217
[IDLEG] 0	152,88,184	MeshInstance3D	0.1x0.1x0.4	StreetIdShot/OrisonRoot/F01_DOOR_05/HingedLeaf/@MeshInstance3D@4218
[IDLEG] 0	168,88,184	MeshInstance3D	0.1x1.9x1.0	StreetIdShot/OrisonRoot/F01_DOOR_05/FixedIronmongery/@MeshInstance3D@4219
[IDLEG] 0	184,88,184	MeshInstance3D	0.9x2.1x0.1	StreetIdShot/OrisonRoot/F01_DOOR_06/CenturyOakLeaf/@MeshInstance3D@4379
[IDLEG] 0	200,88,184	MeshInstance3D	0.9x2.1x0.1	StreetIdShot/OrisonRoot/F01_DOOR_06/CenturyOakLeaf/@MeshInstance3D@4380
[IDLEG] 0	216,88,184	MeshInstance3D	0.7x1.8x0.2	StreetIdShot/OrisonRoot/F01_DOOR_06/CenturyOakLeaf/@MeshInstance3D@4382
[IDLEG] 0	232,88,184	MeshInstance3D	0.9x1.7x0.2	StreetIdShot/OrisonRoot/F01_DOOR_06/CenturyOakLeaf/@MeshInstance3D@4383
[IDLEG] 0	248,88,184	MeshInstance3D	0.1x0.1x0.4	StreetIdShot/OrisonRoot/F01_DOOR_06/CenturyOakLeaf/@MeshInstance3D@4384
[IDLEG] 0	8,104,184	MeshInstance3D	1.3x2.8x0.2	StreetIdShot/OrisonRoot/F01_DOOR_06/@MeshInstance3D@4385
[IDLEG] 0	24,104,184	MeshInstance3D	1.1x2.6x0.2	StreetIdShot/OrisonRoot/F01_DOOR_06/@MeshInstance3D@4387
[IDLEG] 0	40,104,184	MeshInstance3D	0.8x1.2x0.3	StreetIdShot/OrisonRoot/F01_DOOR_06/@MeshInstance3D@4388
[IDLEG] 0	56,104,184	MeshInstance3D	0.0x0.0x0.0	StreetIdShot/OrisonRoot/F01_DOOR_06/@MeshInstance3D@4389
[IDLEG] 0	72,104,184	MeshInstance3D	0.8x2.0x0.1	StreetIdShot/OrisonRoot/F01_DOOR_07/HingedLeaf/@MeshInstance3D@4407
[IDLEG] 0	88,104,184	MeshInstance3D	0.7x1.8x0.0	StreetIdShot/OrisonRoot/F01_DOOR_07/HingedLeaf/@MeshInstance3D@4408
[IDLEG] 0	104,104,184	MeshInstance3D	0.1x0.2x0.2	StreetIdShot/OrisonRoot/F01_DOOR_07/HingedLeaf/@MeshInstance3D@4409
[IDLEG] 0	120,104,184	MeshInstance3D	0.9x1.8x0.1	StreetIdShot/OrisonRoot/F01_DOOR_07/FixedIronmongery/@MeshInstance3D@4410
[IDLEG] 0	136,104,184	MeshInstance3D	0.8x2.0x0.1	StreetIdShot/OrisonRoot/F01_DOOR_08/HingedLeaf/@MeshInstance3D@4428
[IDLEG] 0	152,104,184	MeshInstance3D	0.7x1.8x0.0	StreetIdShot/OrisonRoot/F01_DOOR_08/HingedLeaf/@MeshInstance3D@4429
[IDLEG] 0	168,104,184	MeshInstance3D	0.1x0.2x0.2	StreetIdShot/OrisonRoot/F01_DOOR_08/HingedLeaf/@MeshInstance3D@4430
[IDLEG] 0	184,104,184	MeshInstance3D	0.9x1.8x0.1	StreetIdShot/OrisonRoot/F01_DOOR_08/FixedIronmongery/@MeshInstance3D@4431
[IDLEG] 0	200,104,184	MeshInstance3D	0.1x2.0x0.8	StreetIdShot/OrisonRoot/F01_DOOR_09/HingedLeaf/@MeshInstance3D@4449
[IDLEG] 0	216,104,184	MeshInstance3D	0.0x1.8x0.7	StreetIdShot/OrisonRoot/F01_DOOR_09/HingedLeaf/@MeshInstance3D@4450
[IDLEG] 0	232,104,184	MeshInstance3D	0.2x0.2x0.1	StreetIdShot/OrisonRoot/F01_DOOR_09/HingedLeaf/@MeshInstance3D@4451
[IDLEG] 0	248,104,184	MeshInstance3D	0.1x1.8x0.9	StreetIdShot/OrisonRoot/F01_DOOR_09/FixedIronmongery/@MeshInstance3D@4452
[IDLEG] 0	8,120,184	MeshInstance3D	0.8x2.0x0.1	StreetIdShot/OrisonRoot/F01_DOOR_10/HingedLeaf/@MeshInstance3D@4487
[IDLEG] 0	24,120,184	MeshInstance3D	0.6x1.7x0.1	StreetIdShot/OrisonRoot/F01_DOOR_10/HingedLeaf/@MeshInstance3D@4488
[IDLEG] 0	40,120,184	MeshInstance3D	0.1x0.2x0.2	StreetIdShot/OrisonRoot/F01_DOOR_10/HingedLeaf/@MeshInstance3D@4489
[IDLEG] 0	56,120,184	MeshInstance3D	0.9x1.8x0.1	StreetIdShot/OrisonRoot/F01_DOOR_10/FixedIronmongery/@MeshInstance3D@4490
[IDLEG] 0	72,120,184	MeshInstance3D	0.1x2.0x0.8	StreetIdShot/OrisonRoot/F01_DOOR_11/HingedLeaf/@MeshInstance3D@4525
[IDLEG] 0	88,120,184	MeshInstance3D	0.1x1.7x0.6	StreetIdShot/OrisonRoot/F01_DOOR_11/HingedLeaf/@MeshInstance3D@4526
[IDLEG] 0	104,120,184	MeshInstance3D	0.2x0.2x0.1	StreetIdShot/OrisonRoot/F01_DOOR_11/HingedLeaf/@MeshInstance3D@4527
[IDLEG] 0	120,120,184	MeshInstance3D	0.1x1.8x0.9	StreetIdShot/OrisonRoot/F01_DOOR_11/FixedIronmongery/@MeshInstance3D@4528
[IDLEG] 0	136,120,184	MeshInstance3D	0.8x2.0x0.1	StreetIdShot/OrisonRoot/F01_DOOR_12/HingedLeaf/@MeshInstance3D@4563
[IDLEG] 0	152,120,184	MeshInstance3D	0.6x1.7x0.1	StreetIdShot/OrisonRoot/F01_DOOR_12/HingedLeaf/@MeshInstance3D@4564
[IDLEG] 0	168,120,184	MeshInstance3D	0.1x0.2x0.2	StreetIdShot/OrisonRoot/F01_DOOR_12/HingedLeaf/@MeshInstance3D@4565
[IDLEG] 0	184,120,184	MeshInstance3D	0.9x1.8x0.1	StreetIdShot/OrisonRoot/F01_DOOR_12/FixedIronmongery/@MeshInstance3D@4566
[IDLEG] 0	200,120,184	MeshInstance3D	0.1x2.0x0.8	StreetIdShot/OrisonRoot/F01_DOOR_13/HingedLeaf/@MeshInstance3D@4601
[IDLEG] 0	216,120,184	MeshInstance3D	0.1x1.7x0.6	StreetIdShot/OrisonRoot/F01_DOOR_13/HingedLeaf/@MeshInstance3D@4602
[IDLEG] 0	232,120,184	MeshInstance3D	0.2x0.2x0.1	StreetIdShot/OrisonRoot/F01_DOOR_13/HingedLeaf/@MeshInstance3D@4603
[IDLEG] 0	248,120,184	MeshInstance3D	0.1x1.8x0.9	StreetIdShot/OrisonRoot/F01_DOOR_13/FixedIronmongery/@MeshInstance3D@4604
[IDLEG] 0	8,136,184	MeshInstance3D	0.8x2.0x0.1	StreetIdShot/OrisonRoot/F01_DOOR_14/HingedLeaf/@MeshInstance3D@4639
[IDLEG] 0	24,136,184	MeshInstance3D	0.6x1.7x0.1	StreetIdShot/OrisonRoot/F01_DOOR_14/HingedLeaf/@MeshInstance3D@4640
[IDLEG] 0	40,136,184	MeshInstance3D	0.1x0.2x0.2	StreetIdShot/OrisonRoot/F01_DOOR_14/HingedLeaf/@MeshInstance3D@4641
[IDLEG] 0	56,136,184	MeshInstance3D	0.9x1.8x0.1	StreetIdShot/OrisonRoot/F01_DOOR_14/FixedIronmongery/@MeshInstance3D@4642
[IDLEG] 0	72,136,184	MeshInstance3D	0.2x0.0x0.2	StreetIdShot/OrisonRoot/F01_CORRIDOR_DOME_01/@Node3D@4645/@MeshInstance3D@4646
[IDLEG] 0	88,136,184	MeshInstance3D	0.3x0.0x0.3	StreetIdShot/OrisonRoot/F01_CORRIDOR_DOME_01/@Node3D@4645/@MeshInstance3D@4647
[IDLEG] 0	104,136,184	MeshInstance3D	0.3x0.3x0.0	StreetIdShot/OrisonRoot/F01_CORRIDOR_DOME_01/@Node3D@4645/@MeshInstance3D@4648
[IDLEG] 0	120,136,184	MeshInstance3D	0.3x0.2x0.3	StreetIdShot/OrisonRoot/F01_CORRIDOR_DOME_01/@Node3D@4645/bulb_dome
[IDLEG] 0	136,136,184	MeshInstance3D	0.2x0.0x0.2	StreetIdShot/OrisonRoot/F01_CORRIDOR_DOME_02/@Node3D@4652/@MeshInstance3D@4653
[IDLEG] 0	152,136,184	MeshInstance3D	0.3x0.0x0.3	StreetIdShot/OrisonRoot/F01_CORRIDOR_DOME_02/@Node3D@4652/@MeshInstance3D@4654
[IDLEG] 0	168,136,184	MeshInstance3D	0.3x0.3x0.0	StreetIdShot/OrisonRoot/F01_CORRIDOR_DOME_02/@Node3D@4652/@MeshInstance3D@4655
[IDLEG] 0	184,136,184	MeshInstance3D	0.3x0.2x0.3	StreetIdShot/OrisonRoot/F01_CORRIDOR_DOME_02/@Node3D@4652/bulb_dome
[IDLEG] 0	200,136,184	MeshInstance3D	0.2x0.0x0.2	StreetIdShot/OrisonRoot/F01_CORRIDOR_DOME_03/@Node3D@4659/@MeshInstance3D@4660
[IDLEG] 0	216,136,184	MeshInstance3D	0.3x0.0x0.3	StreetIdShot/OrisonRoot/F01_CORRIDOR_DOME_03/@Node3D@4659/@MeshInstance3D@4661
[IDLEG] 0	232,136,184	MeshInstance3D	0.3x0.3x0.0	StreetIdShot/OrisonRoot/F01_CORRIDOR_DOME_03/@Node3D@4659/@MeshInstance3D@4662
[IDLEG] 0	248,136,184	MeshInstance3D	0.3x0.2x0.3	StreetIdShot/OrisonRoot/F01_CORRIDOR_DOME_03/@Node3D@4659/bulb_dome
[IDLEG] 0	8,152,184	MeshInstance3D	0.2x0.0x0.2	StreetIdShot/OrisonRoot/F01_CORRIDOR_DOME_04/@Node3D@4666/@MeshInstance3D@4667
[IDLEG] 0	24,152,184	MeshInstance3D	0.3x0.0x0.3	StreetIdShot/OrisonRoot/F01_CORRIDOR_DOME_04/@Node3D@4666/@MeshInstance3D@4668
[IDLEG] 0	40,152,184	MeshInstance3D	0.3x0.3x0.0	StreetIdShot/OrisonRoot/F01_CORRIDOR_DOME_04/@Node3D@4666/@MeshInstance3D@4669
[IDLEG] 0	56,152,184	MeshInstance3D	0.3x0.2x0.3	StreetIdShot/OrisonRoot/F01_CORRIDOR_DOME_04/@Node3D@4666/bulb_dome
[IDLEG] 0	72,152,184	MeshInstance3D	0.2x0.0x0.2	StreetIdShot/OrisonRoot/F01_CORRIDOR_DOME_05/@Node3D@4673/@MeshInstance3D@4674
[IDLEG] 0	88,152,184	MeshInstance3D	0.3x0.0x0.3	StreetIdShot/OrisonRoot/F01_CORRIDOR_DOME_05/@Node3D@4673/@MeshInstance3D@4675
[IDLEG] 0	104,152,184	MeshInstance3D	0.3x0.3x0.0	StreetIdShot/OrisonRoot/F01_CORRIDOR_DOME_05/@Node3D@4673/@MeshInstance3D@4676
[IDLEG] 0	120,152,184	MeshInstance3D	0.3x0.2x0.3	StreetIdShot/OrisonRoot/F01_CORRIDOR_DOME_05/@Node3D@4673/bulb_dome
[IDLEG] 0	136,152,184	MeshInstance3D	0.2x0.0x0.2	StreetIdShot/OrisonRoot/F01_CORRIDOR_DOME_06/@Node3D@4680/@MeshInstance3D@4681
[IDLEG] 0	152,152,184	MeshInstance3D	0.3x0.0x0.3	StreetIdShot/OrisonRoot/F01_CORRIDOR_DOME_06/@Node3D@4680/@MeshInstance3D@4682
[IDLEG] 0	168,152,184	MeshInstance3D	0.3x0.3x0.0	StreetIdShot/OrisonRoot/F01_CORRIDOR_DOME_06/@Node3D@4680/@MeshInstance3D@4683
[IDLEG] 0	184,152,184	MeshInstance3D	0.3x0.2x0.3	StreetIdShot/OrisonRoot/F01_CORRIDOR_DOME_06/@Node3D@4680/bulb_dome
[IDLEG] 0	200,152,184	MeshInstance3D	0.2x0.0x0.2	StreetIdShot/OrisonRoot/F01_CORRIDOR_DOME_07/@Node3D@4687/@MeshInstance3D@4688
[IDLEG] 0	216,152,184	MeshInstance3D	0.3x0.0x0.3	StreetIdShot/OrisonRoot/F01_CORRIDOR_DOME_07/@Node3D@4687/@MeshInstance3D@4689
[IDLEG] 0	232,152,184	MeshInstance3D	0.3x0.3x0.0	StreetIdShot/OrisonRoot/F01_CORRIDOR_DOME_07/@Node3D@4687/@MeshInstance3D@4690
[IDLEG] 0	248,152,184	MeshInstance3D	0.3x0.2x0.3	StreetIdShot/OrisonRoot/F01_CORRIDOR_DOME_07/@Node3D@4687/bulb_dome
[IDLEG] 0	8,168,184	MeshInstance3D	0.2x0.0x0.2	StreetIdShot/OrisonRoot/F01_CORRIDOR_DOME_08/@Node3D@4694/@MeshInstance3D@4695
[IDLEG] 0	24,168,184	MeshInstance3D	0.3x0.0x0.3	StreetIdShot/OrisonRoot/F01_CORRIDOR_DOME_08/@Node3D@4694/@MeshInstance3D@4696
[IDLEG] 0	40,168,184	MeshInstance3D	0.3x0.3x0.0	StreetIdShot/OrisonRoot/F01_CORRIDOR_DOME_08/@Node3D@4694/@MeshInstance3D@4697
[IDLEG] 0	56,168,184	MeshInstance3D	0.3x0.2x0.3	StreetIdShot/OrisonRoot/F01_CORRIDOR_DOME_08/@Node3D@4694/bulb_dome
[IDLEG] 0	72,168,184	MeshInstance3D	0.2x0.0x0.3	StreetIdShot/OrisonRoot/F01_LOBBY_LT_CHANDELIER/@Node3D@4701/@MeshInstance3D@4702
[IDLEG] 0	88,168,184	MeshInstance3D	0.1x0.1x0.1	StreetIdShot/OrisonRoot/F01_LOBBY_LT_CHANDELIER/@Node3D@4701/@MeshInstance3D@4703
[IDLEG] 0	104,168,184	MeshInstance3D	0.1x0.1x0.0	StreetIdShot/OrisonRoot/F01_LOBBY_LT_CHANDELIER/@Node3D@4701/@MeshInstance3D@4704
[IDLEG] 0	120,168,184	MeshInstance3D	0.0x0.1x0.1	StreetIdShot/OrisonRoot/F01_LOBBY_LT_CHANDELIER/@Node3D@4701/@MeshInstance3D@4705
[IDLEG] 0	136,168,184	MeshInstance3D	0.1x0.1x0.0	StreetIdShot/OrisonRoot/F01_LOBBY_LT_CHANDELIER/@Node3D@4701/@MeshInstance3D@4706
[IDLEG] 0	152,168,184	MeshInstance3D	0.0x0.1x0.1	StreetIdShot/OrisonRoot/F01_LOBBY_LT_CHANDELIER/@Node3D@4701/@MeshInstance3D@4707
[IDLEG] 0	168,168,184	MeshInstance3D	0.1x0.1x0.0	StreetIdShot/OrisonRoot/F01_LOBBY_LT_CHANDELIER/@Node3D@4701/@MeshInstance3D@4708
[IDLEG] 0	184,168,184	MeshInstance3D	0.0x0.1x0.1	StreetIdShot/OrisonRoot/F01_LOBBY_LT_CHANDELIER/@Node3D@4701/@MeshInstance3D@4709
[IDLEG] 0	200,168,184	MeshInstance3D	0.1x0.1x0.0	StreetIdShot/OrisonRoot/F01_LOBBY_LT_CHANDELIER/@Node3D@4701/@MeshInstance3D@4710
[IDLEG] 0	216,168,184	MeshInstance3D	0.1x0.1x0.0	StreetIdShot/OrisonRoot/F01_LOBBY_LT_CHANDELIER/@Node3D@4701/@MeshInstance3D@4711
[IDLEG] 0	232,168,184	MeshInstance3D	0.0x0.1x0.1	StreetIdShot/OrisonRoot/F01_LOBBY_LT_CHANDELIER/@Node3D@4701/@MeshInstance3D@4712
[IDLEG] 0	248,168,184	MeshInstance3D	0.1x0.1x0.0	StreetIdShot/OrisonRoot/F01_LOBBY_LT_CHANDELIER/@Node3D@4701/@MeshInstance3D@4713
[IDLEG] 0	8,184,184	MeshInstance3D	0.0x0.1x0.1	StreetIdShot/OrisonRoot/F01_LOBBY_LT_CHANDELIER/@Node3D@4701/@MeshInstance3D@4714
[IDLEG] 0	24,184,184	MeshInstance3D	0.1x0.1x0.0	StreetIdShot/OrisonRoot/F01_LOBBY_LT_CHANDELIER/@Node3D@4701/@MeshInstance3D@4715
[IDLEG] 0	40,184,184	MeshInstance3D	0.0x0.1x0.1	StreetIdShot/OrisonRoot/F01_LOBBY_LT_CHANDELIER/@Node3D@4701/@MeshInstance3D@4716
[IDLEG] 0	56,184,184	MeshInstance3D	0.1x0.1x0.0	StreetIdShot/OrisonRoot/F01_LOBBY_LT_CHANDELIER/@Node3D@4701/@MeshInstance3D@4717
[IDLEG] 0	72,184,184	MeshInstance3D	0.1x0.1x0.0	StreetIdShot/OrisonRoot/F01_LOBBY_LT_CHANDELIER/@Node3D@4701/@MeshInstance3D@4718
[IDLEG] 0	88,184,184	MeshInstance3D	0.0x0.1x0.1	StreetIdShot/OrisonRoot/F01_LOBBY_LT_CHANDELIER/@Node3D@4701/@MeshInstance3D@4719
[IDLEG] 0	104,184,184	MeshInstance3D	0.1x0.1x0.0	StreetIdShot/OrisonRoot/F01_LOBBY_LT_CHANDELIER/@Node3D@4701/@MeshInstance3D@4720
[IDLEG] 0	120,184,184	MeshInstance3D	0.0x0.1x0.1	StreetIdShot/OrisonRoot/F01_LOBBY_LT_CHANDELIER/@Node3D@4701/@MeshInstance3D@4721
[IDLEG] 0	136,184,184	MeshInstance3D	0.1x0.1x0.0	StreetIdShot/OrisonRoot/F01_LOBBY_LT_CHANDELIER/@Node3D@4701/@MeshInstance3D@4722
[IDLEG] 0	152,184,184	MeshInstance3D	0.0x0.1x0.1	StreetIdShot/OrisonRoot/F01_LOBBY_LT_CHANDELIER/@Node3D@4701/@MeshInstance3D@4723
[IDLEG] 0	168,184,184	MeshInstance3D	0.1x0.1x0.0	StreetIdShot/OrisonRoot/F01_LOBBY_LT_CHANDELIER/@Node3D@4701/@MeshInstance3D@4724
[IDLEG] 0	184,184,184	MeshInstance3D	0.4x0.0x0.4	StreetIdShot/OrisonRoot/F01_LOBBY_LT_CHANDELIER/@Node3D@4701/@MeshInstance3D@4725
[IDLEG] 0	200,184,184	MeshInstance3D	0.3x0.1x0.3	StreetIdShot/OrisonRoot/F01_LOBBY_LT_CHANDELIER/@Node3D@4701/@MeshInstance3D@4726
[IDLEG] 0	216,184,184	MeshInstance3D	0.3x0.0x0.3	StreetIdShot/OrisonRoot/F01_LOBBY_LT_CHANDELIER/@Node3D@4701/@MeshInstance3D@4727
[IDLEG] 0	232,184,184	MeshInstance3D	0.1x0.0x0.0	StreetIdShot/OrisonRoot/F01_LOBBY_LT_CHANDELIER/@Node3D@4701/@MeshInstance3D@4728
[IDLEG] 0	248,184,184	MeshInstance3D	0.1x0.1x0.0	StreetIdShot/OrisonRoot/F01_LOBBY_LT_CHANDELIER/@Node3D@4701/@MeshInstance3D@4729
[IDLEG] 0	8,200,184	MeshInstance3D	0.1x0.0x0.1	StreetIdShot/OrisonRoot/F01_LOBBY_LT_CHANDELIER/@Node3D@4701/@MeshInstance3D@4730
[IDLEG] 0	24,200,184	MeshInstance3D	0.0x0.1x0.0	StreetIdShot/OrisonRoot/F01_LOBBY_LT_CHANDELIER/@Node3D@4701/@MeshInstance3D@4731
[IDLEG] 0	40,200,184	MeshInstance3D	0.0x0.1x0.0	StreetIdShot/OrisonRoot/F01_LOBBY_LT_CHANDELIER/@Node3D@4701/bulb_candle_0
[IDLEG] 0	56,200,184	MeshInstance3D	0.1x0.1x0.1	StreetIdShot/OrisonRoot/F01_LOBBY_LT_CHANDELIER/@Node3D@4701/@MeshInstance3D@4733
[IDLEG] 0	72,200,184	MeshInstance3D	0.0x0.1x0.1	StreetIdShot/OrisonRoot/F01_LOBBY_LT_CHANDELIER/@Node3D@4701/@MeshInstance3D@4734
[IDLEG] 0	88,200,184	MeshInstance3D	0.1x0.0x0.1	StreetIdShot/OrisonRoot/F01_LOBBY_LT_CHANDELIER/@Node3D@4701/@MeshInstance3D@4735
[IDLEG] 0	104,200,184	MeshInstance3D	0.0x0.1x0.0	StreetIdShot/OrisonRoot/F01_LOBBY_LT_CHANDELIER/@Node3D@4701/@MeshInstance3D@4736
[IDLEG] 0	120,200,184	MeshInstance3D	0.0x0.1x0.0	StreetIdShot/OrisonRoot/F01_LOBBY_LT_CHANDELIER/@Node3D@4701/bulb_candle_1
[IDLEG] 0	136,200,184	MeshInstance3D	0.1x0.1x0.1	StreetIdShot/OrisonRoot/F01_LOBBY_LT_CHANDELIER/@Node3D@4701/@MeshInstance3D@4738
[IDLEG] 0	152,200,184	MeshInstance3D	0.0x0.1x0.1	StreetIdShot/OrisonRoot/F01_LOBBY_LT_CHANDELIER/@Node3D@4701/@MeshInstance3D@4739
[IDLEG] 0	168,200,184	MeshInstance3D	0.1x0.0x0.1	StreetIdShot/OrisonRoot/F01_LOBBY_LT_CHANDELIER/@Node3D@4701/@MeshInstance3D@4740
[IDLEG] 0	184,200,184	MeshInstance3D	0.0x0.1x0.0	StreetIdShot/OrisonRoot/F01_LOBBY_LT_CHANDELIER/@Node3D@4701/@MeshInstance3D@4741
[IDLEG] 0	200,200,184	MeshInstance3D	0.0x0.1x0.0	StreetIdShot/OrisonRoot/F01_LOBBY_LT_CHANDELIER/@Node3D@4701/bulb_candle_2
[IDLEG] 0	216,200,184	MeshInstance3D	0.1x0.0x0.0	StreetIdShot/OrisonRoot/F01_LOBBY_LT_CHANDELIER/@Node3D@4701/@MeshInstance3D@4743
[IDLEG] 0	232,200,184	MeshInstance3D	0.1x0.1x0.0	StreetIdShot/OrisonRoot/F01_LOBBY_LT_CHANDELIER/@Node3D@4701/@MeshInstance3D@4744
[IDLEG] 0	248,200,184	MeshInstance3D	0.1x0.0x0.1	StreetIdShot/OrisonRoot/F01_LOBBY_LT_CHANDELIER/@Node3D@4701/@MeshInstance3D@4745
[IDLEG] 0	8,216,184	MeshInstance3D	0.0x0.1x0.0	StreetIdShot/OrisonRoot/F01_LOBBY_LT_CHANDELIER/@Node3D@4701/@MeshInstance3D@4746
[IDLEG] 0	24,216,184	MeshInstance3D	0.0x0.1x0.0	StreetIdShot/OrisonRoot/F01_LOBBY_LT_CHANDELIER/@Node3D@4701/bulb_candle_3
[IDLEG] 0	40,216,184	MeshInstance3D	0.1x0.0x0.1	StreetIdShot/OrisonRoot/F01_LOBBY_LT_CHANDELIER/@Node3D@4701/@MeshInstance3D@4748
[IDLEG] 0	56,216,184	MeshInstance3D	0.0x0.1x0.1	StreetIdShot/OrisonRoot/F01_LOBBY_LT_CHANDELIER/@Node3D@4701/@MeshInstance3D@4749
[IDLEG] 0	72,216,184	MeshInstance3D	0.1x0.0x0.1	StreetIdShot/OrisonRoot/F01_LOBBY_LT_CHANDELIER/@Node3D@4701/@MeshInstance3D@4750
[IDLEG] 0	88,216,184	MeshInstance3D	0.0x0.1x0.0	StreetIdShot/OrisonRoot/F01_LOBBY_LT_CHANDELIER/@Node3D@4701/@MeshInstance3D@4751
[IDLEG] 0	104,216,184	MeshInstance3D	0.0x0.1x0.0	StreetIdShot/OrisonRoot/F01_LOBBY_LT_CHANDELIER/@Node3D@4701/bulb_candle_4
[IDLEG] 0	120,216,184	MeshInstance3D	0.1x0.0x0.1	StreetIdShot/OrisonRoot/F01_LOBBY_LT_CHANDELIER/@Node3D@4701/@MeshInstance3D@4753
[IDLEG] 0	136,216,184	MeshInstance3D	0.0x0.1x0.1	StreetIdShot/OrisonRoot/F01_LOBBY_LT_CHANDELIER/@Node3D@4701/@MeshInstance3D@4754
[IDLEG] 0	152,216,184	MeshInstance3D	0.1x0.0x0.1	StreetIdShot/OrisonRoot/F01_LOBBY_LT_CHANDELIER/@Node3D@4701/@MeshInstance3D@4755
[IDLEG] 0	168,216,184	MeshInstance3D	0.0x0.1x0.0	StreetIdShot/OrisonRoot/F01_LOBBY_LT_CHANDELIER/@Node3D@4701/@MeshInstance3D@4756
[IDLEG] 0	184,216,184	MeshInstance3D	0.0x0.1x0.0	StreetIdShot/OrisonRoot/F01_LOBBY_LT_CHANDELIER/@Node3D@4701/bulb_candle_5
[IDLEG] 0	200,216,184	MeshInstance3D	0.2x0.1x0.1	StreetIdShot/OrisonRoot/F01_LOBBY_LT_CHANDELIER/@Node3D@4701/@MeshInstance3D@4758
[IDLEG] 0	216,216,184	MeshInstance3D	0.2x0.1x0.1	StreetIdShot/OrisonRoot/F01_LOBBY_LT_CHANDELIER/@Node3D@4701/@MeshInstance3D@4759
[IDLEG] 0	232,216,184	MeshInstance3D	0.0x0.1x0.2	StreetIdShot/OrisonRoot/F01_LOBBY_LT_CHANDELIER/@Node3D@4701/@MeshInstance3D@4760
[IDLEG] 0	248,216,184	MeshInstance3D	0.7x0.1x0.7	StreetIdShot/OrisonRoot/F01_LOBBY_LT_CHANDELIER/@Node3D@4701/bulb_bowl_0
[IDLEG] 0	8,232,184	MeshInstance3D	0.6x0.1x0.7	StreetIdShot/OrisonRoot/F01_LOBBY_LT_CHANDELIER/@Node3D@4701/bulb_bowl_1
[IDLEG] 0	24,232,184	MeshInstance3D	0.6x0.1x0.6	StreetIdShot/OrisonRoot/F01_LOBBY_LT_CHANDELIER/@Node3D@4701/bulb_bowl_2
[IDLEG] 0	40,232,184	MeshInstance3D	0.5x0.0x0.5	StreetIdShot/OrisonRoot/F01_LOBBY_LT_CHANDELIER/@Node3D@4701/bulb_bowl_3
[IDLEG] 0	56,232,184	MeshInstance3D	0.3x0.0x0.4	StreetIdShot/OrisonRoot/F01_LOBBY_LT_CHANDELIER/@Node3D@4701/bulb_bowl_4
[IDLEG] 0	72,232,184	MeshInstance3D	0.7x0.0x0.7	StreetIdShot/OrisonRoot/F01_LOBBY_LT_CHANDELIER/@Node3D@4701/@MeshInstance3D@4766
[IDLEG] 0	88,232,184	MeshInstance3D	0.1x0.0x0.1	StreetIdShot/OrisonRoot/F01_LOBBY_LT_CHANDELIER/@Node3D@4701/@MeshInstance3D@4767
[IDLEG] 0	104,232,184	MeshInstance3D	0.1x0.0x0.1	StreetIdShot/OrisonRoot/F01_LOBBY_LT_CHANDELIER/@Node3D@4701/@MeshInstance3D@4768
[IDLEG] 0	120,232,184	MeshInstance3D	0.0x0.6x0.0	StreetIdShot/OrisonRoot/F01_COMMON_B_LT_PENDANT_SHADE/@Node3D@4772/@MeshInstance3D@4773
[IDLEG] 0	136,232,184	MeshInstance3D	0.4x0.2x0.5	StreetIdShot/OrisonRoot/F01_COMMON_B_LT_PENDANT_SHADE/@Node3D@4772/@MeshInstance3D@4774
[IDLEG] 0	152,232,184	MeshInstance3D	0.4x0.0x0.4	StreetIdShot/OrisonRoot/F01_COMMON_B_LT_PENDANT_SHADE/@Node3D@4772/bulb_diffuser
[IDLEG] 0	168,232,184	MeshInstance3D	0.1x0.1x0.1	StreetIdShot/OrisonRoot/F01_COMMON_B_LT_PENDANT_SHADE/@Node3D@4772/bulb
[IDLEG] 0	184,232,184	MeshInstance3D	0.0x0.4x0.0	StreetIdShot/OrisonRoot/F01_STORAGE_C_LT_CAGE_BULB/@Node3D@4780/@MeshInstance3D@4781
[IDLEG] 0	200,232,184	MeshInstance3D	0.1x0.1x0.1	StreetIdShot/OrisonRoot/F01_STORAGE_C_LT_CAGE_BULB/@Node3D@4780/bulb
[IDLEG] 0	216,232,184	MeshInstance3D	0.2x0.2x0.0	StreetIdShot/OrisonRoot/F01_STORAGE_C_LT_CAGE_BULB/@Node3D@4780/@MeshInstance3D@4782
[IDLEG] 0	232,232,184	MeshInstance3D	0.1x0.2x0.1	StreetIdShot/OrisonRoot/F01_STORAGE_C_LT_CAGE_BULB/@Node3D@4780/@MeshInstance3D@4783
[IDLEG] 0	248,232,184	MeshInstance3D	0.1x0.2x0.1	StreetIdShot/OrisonRoot/F01_STORAGE_C_LT_CAGE_BULB/@Node3D@4780/@MeshInstance3D@4784
[IDLEG] 0	8,248,184	MeshInstance3D	0.1x0.0x0.1	StreetIdShot/OrisonRoot/F01_STORAGE_C_LT_CAGE_BULB/@Node3D@4780/@MeshInstance3D@4785
[IDLEG] 0	24,248,184	MeshInstance3D	0.2x0.0x0.2	StreetIdShot/OrisonRoot/F01_HALL_LT_FLUSH_DOME/@Node3D@4789/@MeshInstance3D@4790
[IDLEG] 0	40,248,184	MeshInstance3D	0.3x0.0x0.3	StreetIdShot/OrisonRoot/F01_HALL_LT_FLUSH_DOME/@Node3D@4789/@MeshInstance3D@4791
[IDLEG] 0	56,248,184	MeshInstance3D	0.3x0.3x0.0	StreetIdShot/OrisonRoot/F01_HALL_LT_FLUSH_DOME/@Node3D@4789/@MeshInstance3D@4792
[IDLEG] 0	72,248,184	MeshInstance3D	0.3x0.2x0.3	StreetIdShot/OrisonRoot/F01_HALL_LT_FLUSH_DOME/@Node3D@4789/bulb_dome
[IDLEG] 0	88,248,184	MeshInstance3D	0.0x0.4x0.0	StreetIdShot/OrisonRoot/F01_UTILITY_LT_CAGE_BULB/@Node3D@4796/@MeshInstance3D@4797
[IDLEG] 0	104,248,184	MeshInstance3D	0.1x0.1x0.1	StreetIdShot/OrisonRoot/F01_UTILITY_LT_CAGE_BULB/@Node3D@4796/bulb
[IDLEG] 0	120,248,184	MeshInstance3D	0.2x0.2x0.0	StreetIdShot/OrisonRoot/F01_UTILITY_LT_CAGE_BULB/@Node3D@4796/@MeshInstance3D@4798
[IDLEG] 0	136,248,184	MeshInstance3D	0.1x0.2x0.1	StreetIdShot/OrisonRoot/F01_UTILITY_LT_CAGE_BULB/@Node3D@4796/@MeshInstance3D@4799
[IDLEG] 0	152,248,184	MeshInstance3D	0.1x0.2x0.1	StreetIdShot/OrisonRoot/F01_UTILITY_LT_CAGE_BULB/@Node3D@4796/@MeshInstance3D@4800
[IDLEG] 0	168,248,184	MeshInstance3D	0.1x0.0x0.1	StreetIdShot/OrisonRoot/F01_UTILITY_LT_CAGE_BULB/@Node3D@4796/@MeshInstance3D@4801
[IDLEG] 0	184,248,184	MeshInstance3D	0.0x0.6x0.0	StreetIdShot/OrisonRoot/F01_OFFICE_LT_PENDANT_SHADE/@Node3D@4805/@MeshInstance3D@4806
[IDLEG] 0	200,248,184	MeshInstance3D	0.4x0.2x0.5	StreetIdShot/OrisonRoot/F01_OFFICE_LT_PENDANT_SHADE/@Node3D@4805/@MeshInstance3D@4807
[IDLEG] 0	216,248,184	MeshInstance3D	0.4x0.0x0.4	StreetIdShot/OrisonRoot/F01_OFFICE_LT_PENDANT_SHADE/@Node3D@4805/bulb_diffuser
[IDLEG] 0	232,248,184	MeshInstance3D	0.1x0.1x0.1	StreetIdShot/OrisonRoot/F01_OFFICE_LT_PENDANT_SHADE/@Node3D@4805/bulb
[IDLEG] 0	248,248,184	MeshInstance3D	0.0x0.4x0.0	StreetIdShot/OrisonRoot/F01_PACKAGE_LT_CAGE_BULB/@Node3D@4813/@MeshInstance3D@4814
[IDLEG] 0	8,8,200	MeshInstance3D	0.1x0.1x0.1	StreetIdShot/OrisonRoot/F01_PACKAGE_LT_CAGE_BULB/@Node3D@4813/bulb
[IDLEG] 0	24,8,200	MeshInstance3D	0.2x0.2x0.0	StreetIdShot/OrisonRoot/F01_PACKAGE_LT_CAGE_BULB/@Node3D@4813/@MeshInstance3D@4815
[IDLEG] 0	40,8,200	MeshInstance3D	0.1x0.2x0.1	StreetIdShot/OrisonRoot/F01_PACKAGE_LT_CAGE_BULB/@Node3D@4813/@MeshInstance3D@4816
[IDLEG] 0	56,8,200	MeshInstance3D	0.1x0.2x0.1	StreetIdShot/OrisonRoot/F01_PACKAGE_LT_CAGE_BULB/@Node3D@4813/@MeshInstance3D@4817
[IDLEG] 0	72,8,200	MeshInstance3D	0.1x0.0x0.1	StreetIdShot/OrisonRoot/F01_PACKAGE_LT_CAGE_BULB/@Node3D@4813/@MeshInstance3D@4818
[IDLEG] 0	88,8,200	MeshInstance3D	0.2x0.0x0.2	StreetIdShot/OrisonRoot/F01_A_BED_LT_FLUSH_DOME/@Node3D@4822/@MeshInstance3D@4823
[IDLEG] 0	104,8,200	MeshInstance3D	0.3x0.0x0.3	StreetIdShot/OrisonRoot/F01_A_BED_LT_FLUSH_DOME/@Node3D@4822/@MeshInstance3D@4824
[IDLEG] 0	120,8,200	MeshInstance3D	0.3x0.3x0.0	StreetIdShot/OrisonRoot/F01_A_BED_LT_FLUSH_DOME/@Node3D@4822/@MeshInstance3D@4825
[IDLEG] 0	136,8,200	MeshInstance3D	0.3x0.2x0.3	StreetIdShot/OrisonRoot/F01_A_BED_LT_FLUSH_DOME/@Node3D@4822/bulb_dome
[IDLEG] 0	152,8,200	MeshInstance3D	0.0x0.6x0.0	StreetIdShot/OrisonRoot/F01_A_MAIN_LT_PENDANT_SHADE/@Node3D@4829/@MeshInstance3D@4830
[IDLEG] 0	168,8,200	MeshInstance3D	0.4x0.2x0.5	StreetIdShot/OrisonRoot/F01_A_MAIN_LT_PENDANT_SHADE/@Node3D@4829/@MeshInstance3D@4831
[IDLEG] 0	184,8,200	MeshInstance3D	0.4x0.0x0.4	StreetIdShot/OrisonRoot/F01_A_MAIN_LT_PENDANT_SHADE/@Node3D@4829/bulb_diffuser
[IDLEG] 0	200,8,200	MeshInstance3D	0.1x0.1x0.1	StreetIdShot/OrisonRoot/F01_A_MAIN_LT_PENDANT_SHADE/@Node3D@4829/bulb
[IDLEG] 0	216,8,200	MeshInstance3D	0.2x0.0x0.2	StreetIdShot/OrisonRoot/F01_D_BED_LT_FLUSH_DOME/@Node3D@4837/@MeshInstance3D@4838
[IDLEG] 0	232,8,200	MeshInstance3D	0.3x0.0x0.3	StreetIdShot/OrisonRoot/F01_D_BED_LT_FLUSH_DOME/@Node3D@4837/@MeshInstance3D@4839
[IDLEG] 0	248,8,200	MeshInstance3D	0.3x0.3x0.0	StreetIdShot/OrisonRoot/F01_D_BED_LT_FLUSH_DOME/@Node3D@4837/@MeshInstance3D@4840
[IDLEG] 0	8,24,200	MeshInstance3D	0.3x0.2x0.3	StreetIdShot/OrisonRoot/F01_D_BED_LT_FLUSH_DOME/@Node3D@4837/bulb_dome
[IDLEG] 0	24,24,200	MeshInstance3D	0.0x0.6x0.0	StreetIdShot/OrisonRoot/F01_D_MAIN_LT_PENDANT_SHADE/@Node3D@4844/@MeshInstance3D@4845
[IDLEG] 0	40,24,200	MeshInstance3D	0.4x0.2x0.5	StreetIdShot/OrisonRoot/F01_D_MAIN_LT_PENDANT_SHADE/@Node3D@4844/@MeshInstance3D@4846
[IDLEG] 0	56,24,200	MeshInstance3D	0.4x0.0x0.4	StreetIdShot/OrisonRoot/F01_D_MAIN_LT_PENDANT_SHADE/@Node3D@4844/bulb_diffuser
[IDLEG] 0	72,24,200	MeshInstance3D	0.1x0.1x0.1	StreetIdShot/OrisonRoot/F01_D_MAIN_LT_PENDANT_SHADE/@Node3D@4844/bulb
[IDLEG] 0	88,24,200	MeshInstance3D	0.0x0.6x0.0	StreetIdShot/OrisonRoot/F01_D_OFFICE_LT_PENDANT_SHADE/@Node3D@4852/@MeshInstance3D@4853
[IDLEG] 0	104,24,200	MeshInstance3D	0.4x0.2x0.5	StreetIdShot/OrisonRoot/F01_D_OFFICE_LT_PENDANT_SHADE/@Node3D@4852/@MeshInstance3D@4854
[IDLEG] 0	120,24,200	MeshInstance3D	0.4x0.0x0.4	StreetIdShot/OrisonRoot/F01_D_OFFICE_LT_PENDANT_SHADE/@Node3D@4852/bulb_diffuser
[IDLEG] 0	136,24,200	MeshInstance3D	0.1x0.1x0.1	StreetIdShot/OrisonRoot/F01_D_OFFICE_LT_PENDANT_SHADE/@Node3D@4852/bulb
[IDLEG] 0	152,24,200	MeshInstance3D	0.0x0.1x0.0	StreetIdShot/OrisonRoot/F01_ATRIUM_FRUIT_1/@Node3D@4860/@MeshInstance3D@4861
[IDLEG] 0	168,24,200	MeshInstance3D	0.1x0.0x0.1	StreetIdShot/OrisonRoot/F01_ATRIUM_FRUIT_1/@Node3D@4860/@MeshInstance3D@4862
[IDLEG] 0	184,24,200	MeshInstance3D	0.2x0.3x0.2	StreetIdShot/OrisonRoot/F01_ATRIUM_FRUIT_1/@Node3D@4860/bulb_fruit
[IDLEG] 0	200,24,200	MeshInstance3D	0.0x0.1x0.0	StreetIdShot/OrisonRoot/F01_ATRIUM_FRUIT_2/@Node3D@4866/@MeshInstance3D@4867
[IDLEG] 0	216,24,200	MeshInstance3D	0.1x0.0x0.1	StreetIdShot/OrisonRoot/F01_ATRIUM_FRUIT_2/@Node3D@4866/@MeshInstance3D@4868
[IDLEG] 0	232,24,200	MeshInstance3D	0.2x0.3x0.2	StreetIdShot/OrisonRoot/F01_ATRIUM_FRUIT_2/@Node3D@4866/bulb_fruit
[IDLEG] 0	248,24,200	MeshInstance3D	0.9x2.1x0.2	StreetIdShot/OrisonRoot/F01_BODEGA_DOOR/HingedLeaf/@MeshInstance3D@4889
[IDLEG] 0	8,40,200	MeshInstance3D	0.1x0.4x0.2	StreetIdShot/OrisonRoot/F01_BODEGA_DOOR/HingedLeaf/@MeshInstance3D@4891
[IDLEG] 0	24,40,200	MeshInstance3D	0.9x1.9x0.1	StreetIdShot/OrisonRoot/F01_BODEGA_DOOR/FixedIronmongery/@MeshInstance3D@4892
[IDLEG] 0	40,40,200	MeshInstance3D	0.1x0.1x0.7	StreetIdShot/OrisonRoot/F01_BODEGA_LT_0/@Node3D@4895/@MeshInstance3D@4896
[IDLEG] 0	56,40,200	MeshInstance3D	0.0x0.0x0.6	StreetIdShot/OrisonRoot/F01_BODEGA_LT_0/@Node3D@4895/bulb_tube
[IDLEG] 0	72,40,200	MeshInstance3D	0.1x0.1x0.7	StreetIdShot/OrisonRoot/F01_BODEGA_LT_1/@Node3D@4901/@MeshInstance3D@4902
[IDLEG] 0	88,40,200	MeshInstance3D	0.0x0.0x0.6	StreetIdShot/OrisonRoot/F01_BODEGA_LT_1/@Node3D@4901/bulb_tube
[IDLEG] 0	104,40,200	MeshInstance3D	0.1x0.1x0.7	StreetIdShot/OrisonRoot/F01_BODEGA_LT_2/@Node3D@4907/@MeshInstance3D@4908
[IDLEG] 0	120,40,200	MeshInstance3D	0.0x0.0x0.6	StreetIdShot/OrisonRoot/F01_BODEGA_LT_2/@Node3D@4907/bulb_tube
[IDLEG] 0	136,40,200	MeshInstance3D	0.3x0.6x0.3	StreetIdShot/OrisonRoot/F01_BODEGA_RADIO/@MeshInstance3D@4914
[IDLEG] 0	152,40,200	MeshInstance3D	0.0x0.5x0.3	StreetIdShot/OrisonRoot/F01_BODEGA_RADIO/@MeshInstance3D@4915
[IDLEG] 0	168,40,200	MeshInstance3D	0.0x0.2x0.2	StreetIdShot/OrisonRoot/F01_BODEGA_RADIO/@MeshInstance3D@4916
[IDLEG] 0	184,40,200	MeshInstance3D	0.0x0.2x0.2	StreetIdShot/OrisonRoot/F01_BODEGA_RADIO/@MeshInstance3D@4917
[IDLEG] 0	200,40,200	MeshInstance3D	0.0x0.1x0.1	StreetIdShot/OrisonRoot/F01_BODEGA_RADIO/@MeshInstance3D@4918
[IDLEG] 0	216,40,200	MeshInstance3D	0.0x0.1x0.1	StreetIdShot/OrisonRoot/F01_BODEGA_RADIO/@MeshInstance3D@4919
[IDLEG] 0	232,40,200	MeshInstance3D	0.0x0.1x0.1	StreetIdShot/OrisonRoot/F01_BODEGA_RADIO/@MeshInstance3D@4920
[IDLEG] 0	248,40,200	MeshInstance3D	0.0x0.0x0.0	StreetIdShot/OrisonRoot/F01_BODEGA_RADIO/@MeshInstance3D@4921
[IDLEG] 0	8,56,200	MeshInstance3D	0.0x0.0x0.0	StreetIdShot/OrisonRoot/F01_BODEGA_RADIO/@MeshInstance3D@4922
[IDLEG] 0	24,56,200	MeshInstance3D	4.3x0.6x0.0	StreetIdShot/OrisonRoot/F01_BODEGA_SIGNAGE/@MeshInstance3D@4925
[IDLEG] 0	40,56,200	MeshInstance3D	0.0x0.6x1.0	StreetIdShot/OrisonRoot/F01_BODEGA_SIGNAGE/@MeshInstance3D@4926
[IDLEG] 0	56,56,200	MeshInstance3D	0.0x0.6x1.0	StreetIdShot/OrisonRoot/F01_BODEGA_SIGNAGE/@MeshInstance3D@4927
[IDLEG] 0	72,56,200	MeshInstance3D	0.0x0.1x0.6	StreetIdShot/OrisonRoot/F01_BODEGA_SIGNAGE/@MeshInstance3D@4931
[IDLEG] 0	88,56,200	MeshInstance3D	0.1x1.5x0.6	StreetIdShot/OrisonRoot/F01_BODEGA_SIGNAGE/@MeshInstance3D@4932
[IDLEG] 0	104,56,200	MeshInstance3D	0.0x1.4x0.5	StreetIdShot/OrisonRoot/F01_BODEGA_SIGNAGE/@MeshInstance3D@4933
[IDLEG] 0	120,56,200	MeshInstance3D	0.0x1.4x0.5	StreetIdShot/OrisonRoot/F01_BODEGA_SIGNAGE/@MeshInstance3D@4935
[IDLEG] 0	136,56,200	MeshInstance3D	0.3x0.5x0.3	StreetIdShot/OrisonRoot/F01_KARAOKE_SPK_0/@MeshInstance3D@4938
[IDLEG] 0	152,56,200	MeshInstance3D	0.3x0.5x0.0	StreetIdShot/OrisonRoot/F01_KARAOKE_SPK_0/@MeshInstance3D@4939
[IDLEG] 0	168,56,200	MeshInstance3D	0.2x0.2x0.0	StreetIdShot/OrisonRoot/F01_KARAOKE_SPK_0/@MeshInstance3D@4940
[IDLEG] 0	184,56,200	MeshInstance3D	0.2x0.2x0.1	StreetIdShot/OrisonRoot/F01_KARAOKE_SPK_0/@MeshInstance3D@4941
[IDLEG] 0	200,56,200	MeshInstance3D	0.1x0.1x0.0	StreetIdShot/OrisonRoot/F01_KARAOKE_SPK_0/@MeshInstance3D@4942
[IDLEG] 0	216,56,200	MeshInstance3D	0.1x0.1x0.0	StreetIdShot/OrisonRoot/F01_KARAOKE_SPK_0/@MeshInstance3D@4943
[IDLEG] 0	232,56,200	MeshInstance3D	0.1x0.1x0.0	StreetIdShot/OrisonRoot/F01_KARAOKE_SPK_0/@MeshInstance3D@4944
[IDLEG] 0	248,56,200	MeshInstance3D	0.0x0.0x0.0	StreetIdShot/OrisonRoot/F01_KARAOKE_SPK_0/@MeshInstance3D@4945
[IDLEG] 0	8,72,200	MeshInstance3D	0.0x0.0x0.0	StreetIdShot/OrisonRoot/F01_KARAOKE_SPK_0/@MeshInstance3D@4946
[IDLEG] 0	24,72,200	MeshInstance3D	0.3x0.5x0.3	StreetIdShot/OrisonRoot/F01_KARAOKE_SPK_1/@MeshInstance3D@4949
[IDLEG] 0	40,72,200	MeshInstance3D	0.3x0.5x0.0	StreetIdShot/OrisonRoot/F01_KARAOKE_SPK_1/@MeshInstance3D@4950
[IDLEG] 0	56,72,200	MeshInstance3D	0.2x0.2x0.0	StreetIdShot/OrisonRoot/F01_KARAOKE_SPK_1/@MeshInstance3D@4951
[IDLEG] 0	72,72,200	MeshInstance3D	0.2x0.2x0.1	StreetIdShot/OrisonRoot/F01_KARAOKE_SPK_1/@MeshInstance3D@4952
[IDLEG] 0	88,72,200	MeshInstance3D	0.1x0.1x0.0	StreetIdShot/OrisonRoot/F01_KARAOKE_SPK_1/@MeshInstance3D@4953
[IDLEG] 0	104,72,200	MeshInstance3D	0.1x0.1x0.0	StreetIdShot/OrisonRoot/F01_KARAOKE_SPK_1/@MeshInstance3D@4954
[IDLEG] 0	120,72,200	MeshInstance3D	0.1x0.1x0.0	StreetIdShot/OrisonRoot/F01_KARAOKE_SPK_1/@MeshInstance3D@4955
[IDLEG] 0	136,72,200	MeshInstance3D	0.0x0.0x0.0	StreetIdShot/OrisonRoot/F01_KARAOKE_SPK_1/@MeshInstance3D@4956
[IDLEG] 0	152,72,200	MeshInstance3D	0.0x0.0x0.0	StreetIdShot/OrisonRoot/F01_KARAOKE_SPK_1/@MeshInstance3D@4957
[IDLEG] 0	168,72,200	MeshInstance3D	0.0x0.8x0.0	StreetIdShot/OrisonRoot/F01_BAR_STAGE_SIGN/@Node3D@4965/@MeshInstance3D@4966
[IDLEG] 0	184,72,200	MeshInstance3D	0.0x0.0x0.1	StreetIdShot/OrisonRoot/F01_BAR_STAGE_SIGN/@Node3D@4965/@MeshInstance3D@4967
[IDLEG] 0	200,72,200	MeshInstance3D	0.0x0.1x0.1	StreetIdShot/OrisonRoot/F01_BAR_STAGE_SIGN/@Node3D@4965/@MeshInstance3D@4968
[IDLEG] 0	216,72,200	MeshInstance3D	0.0x0.1x0.1	StreetIdShot/OrisonRoot/F01_BAR_STAGE_SIGN/@Node3D@4965/@MeshInstance3D@4969
[IDLEG] 0	232,72,200	MeshInstance3D	0.0x0.8x0.0	StreetIdShot/OrisonRoot/F01_BAR_STAGE_SIGN/@Node3D@4965/@MeshInstance3D@4970
[IDLEG] 0	248,72,200	MeshInstance3D	0.0x0.0x0.1	StreetIdShot/OrisonRoot/F01_BAR_STAGE_SIGN/@Node3D@4965/@MeshInstance3D@4971
[IDLEG] 0	8,88,200	MeshInstance3D	0.0x0.1x0.1	StreetIdShot/OrisonRoot/F01_BAR_STAGE_SIGN/@Node3D@4965/@MeshInstance3D@4972
[IDLEG] 0	24,88,200	MeshInstance3D	0.0x0.1x0.1	StreetIdShot/OrisonRoot/F01_BAR_STAGE_SIGN/@Node3D@4965/@MeshInstance3D@4973
[IDLEG] 0	40,88,200	MeshInstance3D	0.5x0.0x0.0	StreetIdShot/OrisonRoot/F01_BAR_STAGE_SIGN/@Node3D@4965/@MeshInstance3D@4974
[IDLEG] 0	56,88,200	MeshInstance3D	0.0x0.0x0.1	StreetIdShot/OrisonRoot/F01_BAR_STAGE_SIGN/@Node3D@4965/@MeshInstance3D@4975
[IDLEG] 0	72,88,200	MeshInstance3D	0.0x0.1x0.1	StreetIdShot/OrisonRoot/F01_BAR_STAGE_SIGN/@Node3D@4965/@MeshInstance3D@4976
[IDLEG] 0	88,88,200	MeshInstance3D	0.0x0.1x0.1	StreetIdShot/OrisonRoot/F01_BAR_STAGE_SIGN/@Node3D@4965/@MeshInstance3D@4977
[IDLEG] 0	104,88,200	MeshInstance3D	0.0x0.6x0.0	StreetIdShot/OrisonRoot/F01_BAR_STAGE_SIGN/@Node3D@4978/@MeshInstance3D@4979
[IDLEG] 0	120,88,200	MeshInstance3D	0.0x0.0x0.1	StreetIdShot/OrisonRoot/F01_BAR_STAGE_SIGN/@Node3D@4978/@MeshInstance3D@4980
[IDLEG] 0	136,88,200	MeshInstance3D	0.0x0.1x0.1	StreetIdShot/OrisonRoot/F01_BAR_STAGE_SIGN/@Node3D@4978/@MeshInstance3D@4981
[IDLEG] 0	152,88,200	MeshInstance3D	0.0x0.1x0.1	StreetIdShot/OrisonRoot/F01_BAR_STAGE_SIGN/@Node3D@4978/@MeshInstance3D@4982
[IDLEG] 0	168,88,200	MeshInstance3D	0.3x0.3x0.0	StreetIdShot/OrisonRoot/F01_BAR_STAGE_SIGN/@Node3D@4978/@MeshInstance3D@4983
[IDLEG] 0	184,88,200	MeshInstance3D	0.0x0.0x0.1	StreetIdShot/OrisonRoot/F01_BAR_STAGE_SIGN/@Node3D@4978/@MeshInstance3D@4984
[IDLEG] 0	200,88,200	MeshInstance3D	0.0x0.1x0.1	StreetIdShot/OrisonRoot/F01_BAR_STAGE_SIGN/@Node3D@4978/@MeshInstance3D@4985
[IDLEG] 0	216,88,200	MeshInstance3D	0.0x0.1x0.1	StreetIdShot/OrisonRoot/F01_BAR_STAGE_SIGN/@Node3D@4978/@MeshInstance3D@4986
[IDLEG] 0	232,88,200	MeshInstance3D	0.3x0.3x0.0	StreetIdShot/OrisonRoot/F01_BAR_STAGE_SIGN/@Node3D@4978/@MeshInstance3D@4987
[IDLEG] 0	248,88,200	MeshInstance3D	0.0x0.0x0.1	StreetIdShot/OrisonRoot/F01_BAR_STAGE_SIGN/@Node3D@4978/@MeshInstance3D@4988
[IDLEG] 0	8,104,200	MeshInstance3D	0.0x0.1x0.1	StreetIdShot/OrisonRoot/F01_BAR_STAGE_SIGN/@Node3D@4978/@MeshInstance3D@4989
[IDLEG] 0	24,104,200	MeshInstance3D	0.0x0.1x0.1	StreetIdShot/OrisonRoot/F01_BAR_STAGE_SIGN/@Node3D@4978/@MeshInstance3D@4990
[IDLEG] 0	40,104,200	MeshInstance3D	0.0x0.6x0.0	StreetIdShot/OrisonRoot/F01_BAR_STAGE_SIGN/@Node3D@4978/@MeshInstance3D@4991
[IDLEG] 0	56,104,200	MeshInstance3D	0.0x0.0x0.1	StreetIdShot/OrisonRoot/F01_BAR_STAGE_SIGN/@Node3D@4978/@MeshInstance3D@4992
[IDLEG] 0	72,104,200	MeshInstance3D	0.0x0.1x0.1	StreetIdShot/OrisonRoot/F01_BAR_STAGE_SIGN/@Node3D@4978/@MeshInstance3D@4993
[IDLEG] 0	88,104,200	MeshInstance3D	0.0x0.1x0.1	StreetIdShot/OrisonRoot/F01_BAR_STAGE_SIGN/@Node3D@4978/@MeshInstance3D@4994
[IDLEG] 0	104,104,200	MeshInstance3D	0.5x0.0x0.0	StreetIdShot/OrisonRoot/F01_BAR_STAGE_SIGN/@Node3D@4978/@MeshInstance3D@4995
[IDLEG] 0	120,104,200	MeshInstance3D	0.0x0.0x0.1	StreetIdShot/OrisonRoot/F01_BAR_STAGE_SIGN/@Node3D@4978/@MeshInstance3D@4996
[IDLEG] 0	136,104,200	MeshInstance3D	0.0x0.1x0.1	StreetIdShot/OrisonRoot/F01_BAR_STAGE_SIGN/@Node3D@4978/@MeshInstance3D@4997
[IDLEG] 0	152,104,200	MeshInstance3D	0.0x0.1x0.1	StreetIdShot/OrisonRoot/F01_BAR_STAGE_SIGN/@Node3D@4978/@MeshInstance3D@4998
[IDLEG] 0	168,104,200	MeshInstance3D	0.0x0.8x0.0	StreetIdShot/OrisonRoot/F01_BAR_STAGE_SIGN/@Node3D@4999/@MeshInstance3D@5000
[IDLEG] 0	184,104,200	MeshInstance3D	0.0x0.0x0.1	StreetIdShot/OrisonRoot/F01_BAR_STAGE_SIGN/@Node3D@4999/@MeshInstance3D@5001
[IDLEG] 0	200,104,200	MeshInstance3D	0.0x0.1x0.1	StreetIdShot/OrisonRoot/F01_BAR_STAGE_SIGN/@Node3D@4999/@MeshInstance3D@5002
[IDLEG] 0	216,104,200	MeshInstance3D	0.0x0.1x0.1	StreetIdShot/OrisonRoot/F01_BAR_STAGE_SIGN/@Node3D@4999/@MeshInstance3D@5003
[IDLEG] 0	232,104,200	MeshInstance3D	0.5x0.0x0.0	StreetIdShot/OrisonRoot/F01_BAR_STAGE_SIGN/@Node3D@4999/@MeshInstance3D@5004
[IDLEG] 0	248,104,200	MeshInstance3D	0.0x0.0x0.1	StreetIdShot/OrisonRoot/F01_BAR_STAGE_SIGN/@Node3D@4999/@MeshInstance3D@5005
[IDLEG] 0	8,120,200	MeshInstance3D	0.0x0.1x0.1	StreetIdShot/OrisonRoot/F01_BAR_STAGE_SIGN/@Node3D@4999/@MeshInstance3D@5006
[IDLEG] 0	24,120,200	MeshInstance3D	0.0x0.1x0.1	StreetIdShot/OrisonRoot/F01_BAR_STAGE_SIGN/@Node3D@4999/@MeshInstance3D@5007
[IDLEG] 0	40,120,200	MeshInstance3D	0.0x0.4x0.0	StreetIdShot/OrisonRoot/F01_BAR_STAGE_SIGN/@Node3D@4999/@MeshInstance3D@5008
[IDLEG] 0	56,120,200	MeshInstance3D	0.0x0.0x0.1	StreetIdShot/OrisonRoot/F01_BAR_STAGE_SIGN/@Node3D@4999/@MeshInstance3D@5009
[IDLEG] 0	72,120,200	MeshInstance3D	0.0x0.1x0.1	StreetIdShot/OrisonRoot/F01_BAR_STAGE_SIGN/@Node3D@4999/@MeshInstance3D@5010
[IDLEG] 0	88,120,200	MeshInstance3D	0.0x0.1x0.1	StreetIdShot/OrisonRoot/F01_BAR_STAGE_SIGN/@Node3D@4999/@MeshInstance3D@5011
[IDLEG] 0	104,120,200	MeshInstance3D	0.5x0.0x0.0	StreetIdShot/OrisonRoot/F01_BAR_STAGE_SIGN/@Node3D@4999/@MeshInstance3D@5012
[IDLEG] 0	120,120,200	MeshInstance3D	0.0x0.0x0.1	StreetIdShot/OrisonRoot/F01_BAR_STAGE_SIGN/@Node3D@4999/@MeshInstance3D@5013
[IDLEG] 0	136,120,200	MeshInstance3D	0.0x0.1x0.1	StreetIdShot/OrisonRoot/F01_BAR_STAGE_SIGN/@Node3D@4999/@MeshInstance3D@5014
[IDLEG] 0	152,120,200	MeshInstance3D	0.0x0.1x0.1	StreetIdShot/OrisonRoot/F01_BAR_STAGE_SIGN/@Node3D@4999/@MeshInstance3D@5015
[IDLEG] 0	168,120,200	MeshInstance3D	0.5x0.4x0.0	StreetIdShot/OrisonRoot/F01_BAR_STAGE_SIGN/@Node3D@4999/@MeshInstance3D@5016
[IDLEG] 0	184,120,200	MeshInstance3D	0.0x0.0x0.1	StreetIdShot/OrisonRoot/F01_BAR_STAGE_SIGN/@Node3D@4999/@MeshInstance3D@5017
[IDLEG] 0	200,120,200	MeshInstance3D	0.0x0.1x0.1	StreetIdShot/OrisonRoot/F01_BAR_STAGE_SIGN/@Node3D@4999/@MeshInstance3D@5018
[IDLEG] 0	216,120,200	MeshInstance3D	0.0x0.1x0.1	StreetIdShot/OrisonRoot/F01_BAR_STAGE_SIGN/@Node3D@4999/@MeshInstance3D@5019
[IDLEG] 0	232,120,200	MeshInstance3D	0.0x0.8x0.0	StreetIdShot/OrisonRoot/F01_BAR_STAGE_SIGN/@Node3D@5020/@MeshInstance3D@5021
[IDLEG] 0	248,120,200	MeshInstance3D	0.0x0.0x0.1	StreetIdShot/OrisonRoot/F01_BAR_STAGE_SIGN/@Node3D@5020/@MeshInstance3D@5022
[IDLEG] 0	8,136,200	MeshInstance3D	0.0x0.1x0.1	StreetIdShot/OrisonRoot/F01_BAR_STAGE_SIGN/@Node3D@5020/@MeshInstance3D@5023
[IDLEG] 0	24,136,200	MeshInstance3D	0.0x0.1x0.1	StreetIdShot/OrisonRoot/F01_BAR_STAGE_SIGN/@Node3D@5020/@MeshInstance3D@5024
[IDLEG] 0	40,136,200	MeshInstance3D	0.5x0.0x0.0	StreetIdShot/OrisonRoot/F01_BAR_STAGE_SIGN/@Node3D@5020/@MeshInstance3D@5025
[IDLEG] 0	56,136,200	MeshInstance3D	0.0x0.0x0.1	StreetIdShot/OrisonRoot/F01_BAR_STAGE_SIGN/@Node3D@5020/@MeshInstance3D@5026
[IDLEG] 0	72,136,200	MeshInstance3D	0.0x0.1x0.1	StreetIdShot/OrisonRoot/F01_BAR_STAGE_SIGN/@Node3D@5020/@MeshInstance3D@5027
[IDLEG] 0	88,136,200	MeshInstance3D	0.0x0.1x0.1	StreetIdShot/OrisonRoot/F01_BAR_STAGE_SIGN/@Node3D@5020/@MeshInstance3D@5028
[IDLEG] 0	104,136,200	MeshInstance3D	0.0x0.8x0.0	StreetIdShot/OrisonRoot/F01_BAR_STAGE_SIGN/@Node3D@5020/@MeshInstance3D@5029
[IDLEG] 0	120,136,200	MeshInstance3D	0.0x0.0x0.1	StreetIdShot/OrisonRoot/F01_BAR_STAGE_SIGN/@Node3D@5020/@MeshInstance3D@5030
[IDLEG] 0	136,136,200	MeshInstance3D	0.0x0.1x0.1	StreetIdShot/OrisonRoot/F01_BAR_STAGE_SIGN/@Node3D@5020/@MeshInstance3D@5031
[IDLEG] 0	152,136,200	MeshInstance3D	0.0x0.1x0.1	StreetIdShot/OrisonRoot/F01_BAR_STAGE_SIGN/@Node3D@5020/@MeshInstance3D@5032
[IDLEG] 0	168,136,200	MeshInstance3D	0.0x0.8x0.0	StreetIdShot/OrisonRoot/F01_BAR_STAGE_SIGN/@Node3D@5033/@MeshInstance3D@5034
[IDLEG] 0	184,136,200	MeshInstance3D	0.0x0.0x0.1	StreetIdShot/OrisonRoot/F01_BAR_STAGE_SIGN/@Node3D@5033/@MeshInstance3D@5035
[IDLEG] 0	200,136,200	MeshInstance3D	0.0x0.1x0.1	StreetIdShot/OrisonRoot/F01_BAR_STAGE_SIGN/@Node3D@5033/@MeshInstance3D@5036
[IDLEG] 0	216,136,200	MeshInstance3D	0.0x0.1x0.1	StreetIdShot/OrisonRoot/F01_BAR_STAGE_SIGN/@Node3D@5033/@MeshInstance3D@5037
[IDLEG] 0	232,136,200	MeshInstance3D	0.5x0.4x0.0	StreetIdShot/OrisonRoot/F01_BAR_STAGE_SIGN/@Node3D@5033/@MeshInstance3D@5038
[IDLEG] 0	248,136,200	MeshInstance3D	0.0x0.0x0.1	StreetIdShot/OrisonRoot/F01_BAR_STAGE_SIGN/@Node3D@5033/@MeshInstance3D@5039
[IDLEG] 0	8,152,200	MeshInstance3D	0.0x0.1x0.1	StreetIdShot/OrisonRoot/F01_BAR_STAGE_SIGN/@Node3D@5033/@MeshInstance3D@5040
[IDLEG] 0	24,152,200	MeshInstance3D	0.0x0.1x0.1	StreetIdShot/OrisonRoot/F01_BAR_STAGE_SIGN/@Node3D@5033/@MeshInstance3D@5041
[IDLEG] 0	40,152,200	MeshInstance3D	0.5x0.4x0.0	StreetIdShot/OrisonRoot/F01_BAR_STAGE_SIGN/@Node3D@5033/@MeshInstance3D@5042
[IDLEG] 0	56,152,200	MeshInstance3D	0.0x0.0x0.1	StreetIdShot/OrisonRoot/F01_BAR_STAGE_SIGN/@Node3D@5033/@MeshInstance3D@5043
[IDLEG] 0	72,152,200	MeshInstance3D	0.0x0.1x0.1	StreetIdShot/OrisonRoot/F01_BAR_STAGE_SIGN/@Node3D@5033/@MeshInstance3D@5044
[IDLEG] 0	88,152,200	MeshInstance3D	0.0x0.1x0.1	StreetIdShot/OrisonRoot/F01_BAR_STAGE_SIGN/@Node3D@5033/@MeshInstance3D@5045
[IDLEG] 0	104,152,200	MeshInstance3D	0.0x0.8x0.0	StreetIdShot/OrisonRoot/F01_BAR_STAGE_SIGN/@Node3D@5046/@MeshInstance3D@5047
[IDLEG] 0	120,152,200	MeshInstance3D	0.0x0.0x0.1	StreetIdShot/OrisonRoot/F01_BAR_STAGE_SIGN/@Node3D@5046/@MeshInstance3D@5048
[IDLEG] 0	136,152,200	MeshInstance3D	0.0x0.1x0.1	StreetIdShot/OrisonRoot/F01_BAR_STAGE_SIGN/@Node3D@5046/@MeshInstance3D@5049
[IDLEG] 0	152,152,200	MeshInstance3D	0.0x0.1x0.1	StreetIdShot/OrisonRoot/F01_BAR_STAGE_SIGN/@Node3D@5046/@MeshInstance3D@5050
[IDLEG] 0	168,152,200	MeshInstance3D	0.4x0.0x0.0	StreetIdShot/OrisonRoot/F01_BAR_STAGE_SIGN/@Node3D@5046/@MeshInstance3D@5051
[IDLEG] 0	184,152,200	MeshInstance3D	0.0x0.0x0.1	StreetIdShot/OrisonRoot/F01_BAR_STAGE_SIGN/@Node3D@5046/@MeshInstance3D@5052
[IDLEG] 0	200,152,200	MeshInstance3D	0.0x0.1x0.1	StreetIdShot/OrisonRoot/F01_BAR_STAGE_SIGN/@Node3D@5046/@MeshInstance3D@5053
[IDLEG] 0	216,152,200	MeshInstance3D	0.0x0.1x0.1	StreetIdShot/OrisonRoot/F01_BAR_STAGE_SIGN/@Node3D@5046/@MeshInstance3D@5054
[IDLEG] 0	232,152,200	MeshInstance3D	0.4x0.0x0.0	StreetIdShot/OrisonRoot/F01_BAR_STAGE_SIGN/@Node3D@5046/@MeshInstance3D@5055
[IDLEG] 0	248,152,200	MeshInstance3D	0.0x0.0x0.1	StreetIdShot/OrisonRoot/F01_BAR_STAGE_SIGN/@Node3D@5046/@MeshInstance3D@5056
[IDLEG] 0	8,168,200	MeshInstance3D	0.0x0.1x0.1	StreetIdShot/OrisonRoot/F01_BAR_STAGE_SIGN/@Node3D@5046/@MeshInstance3D@5057
[IDLEG] 0	24,168,200	MeshInstance3D	0.0x0.1x0.1	StreetIdShot/OrisonRoot/F01_BAR_STAGE_SIGN/@Node3D@5046/@MeshInstance3D@5058
[IDLEG] 0	40,168,200	MeshInstance3D	0.3x0.4x0.0	StreetIdShot/OrisonRoot/F01_BAR_STAGE_SIGN/@Node3D@5059/@MeshInstance3D@5060
[IDLEG] 0	56,168,200	MeshInstance3D	0.0x0.0x0.1	StreetIdShot/OrisonRoot/F01_BAR_STAGE_SIGN/@Node3D@5059/@MeshInstance3D@5061
[IDLEG] 0	72,168,200	MeshInstance3D	0.0x0.1x0.1	StreetIdShot/OrisonRoot/F01_BAR_STAGE_SIGN/@Node3D@5059/@MeshInstance3D@5062
[IDLEG] 0	88,168,200	MeshInstance3D	0.0x0.1x0.1	StreetIdShot/OrisonRoot/F01_BAR_STAGE_SIGN/@Node3D@5059/@MeshInstance3D@5063
[IDLEG] 0	104,168,200	MeshInstance3D	0.3x0.4x0.0	StreetIdShot/OrisonRoot/F01_BAR_STAGE_SIGN/@Node3D@5059/@MeshInstance3D@5064
[IDLEG] 0	120,168,200	MeshInstance3D	0.0x0.0x0.1	StreetIdShot/OrisonRoot/F01_BAR_STAGE_SIGN/@Node3D@5059/@MeshInstance3D@5065
[IDLEG] 0	136,168,200	MeshInstance3D	0.0x0.1x0.1	StreetIdShot/OrisonRoot/F01_BAR_STAGE_SIGN/@Node3D@5059/@MeshInstance3D@5066
[IDLEG] 0	152,168,200	MeshInstance3D	0.0x0.1x0.1	StreetIdShot/OrisonRoot/F01_BAR_STAGE_SIGN/@Node3D@5059/@MeshInstance3D@5067
[IDLEG] 0	168,168,200	MeshInstance3D	0.0x0.5x0.0	StreetIdShot/OrisonRoot/F01_BAR_STAGE_SIGN/@Node3D@5059/@MeshInstance3D@5068
[IDLEG] 0	184,168,200	MeshInstance3D	0.0x0.0x0.1	StreetIdShot/OrisonRoot/F01_BAR_STAGE_SIGN/@Node3D@5059/@MeshInstance3D@5069
[IDLEG] 0	200,168,200	MeshInstance3D	0.0x0.1x0.1	StreetIdShot/OrisonRoot/F01_BAR_STAGE_SIGN/@Node3D@5059/@MeshInstance3D@5070
[IDLEG] 0	216,168,200	MeshInstance3D	0.0x0.1x0.1	StreetIdShot/OrisonRoot/F01_BAR_STAGE_SIGN/@Node3D@5059/@MeshInstance3D@5071
[IDLEG] 0	232,168,200	MeshInstance3D	0.0x0.6x0.0	StreetIdShot/OrisonRoot/F01_BAR_STAGE_SIGN/@Node3D@5072/@MeshInstance3D@5073
[IDLEG] 0	248,168,200	MeshInstance3D	0.0x0.0x0.1	StreetIdShot/OrisonRoot/F01_BAR_STAGE_SIGN/@Node3D@5072/@MeshInstance3D@5074
[IDLEG] 0	8,184,200	MeshInstance3D	0.0x0.1x0.1	StreetIdShot/OrisonRoot/F01_BAR_STAGE_SIGN/@Node3D@5072/@MeshInstance3D@5075
[IDLEG] 0	24,184,200	MeshInstance3D	0.0x0.1x0.1	StreetIdShot/OrisonRoot/F01_BAR_STAGE_SIGN/@Node3D@5072/@MeshInstance3D@5076
[IDLEG] 0	40,184,200	MeshInstance3D	0.3x0.3x0.0	StreetIdShot/OrisonRoot/F01_BAR_STAGE_SIGN/@Node3D@5072/@MeshInstance3D@5077
[IDLEG] 0	56,184,200	MeshInstance3D	0.0x0.0x0.1	StreetIdShot/OrisonRoot/F01_BAR_STAGE_SIGN/@Node3D@5072/@MeshInstance3D@5078
[IDLEG] 0	72,184,200	MeshInstance3D	0.0x0.1x0.1	StreetIdShot/OrisonRoot/F01_BAR_STAGE_SIGN/@Node3D@5072/@MeshInstance3D@5079
[IDLEG] 0	88,184,200	MeshInstance3D	0.0x0.1x0.1	StreetIdShot/OrisonRoot/F01_BAR_STAGE_SIGN/@Node3D@5072/@MeshInstance3D@5080
[IDLEG] 0	104,184,200	MeshInstance3D	0.3x0.3x0.0	StreetIdShot/OrisonRoot/F01_BAR_STAGE_SIGN/@Node3D@5072/@MeshInstance3D@5081
[IDLEG] 0	120,184,200	MeshInstance3D	0.0x0.0x0.1	StreetIdShot/OrisonRoot/F01_BAR_STAGE_SIGN/@Node3D@5072/@MeshInstance3D@5082
[IDLEG] 0	136,184,200	MeshInstance3D	0.0x0.1x0.1	StreetIdShot/OrisonRoot/F01_BAR_STAGE_SIGN/@Node3D@5072/@MeshInstance3D@5083
[IDLEG] 0	152,184,200	MeshInstance3D	0.0x0.1x0.1	StreetIdShot/OrisonRoot/F01_BAR_STAGE_SIGN/@Node3D@5072/@MeshInstance3D@5084
[IDLEG] 0	168,184,200	MeshInstance3D	0.0x0.6x0.0	StreetIdShot/OrisonRoot/F01_BAR_STAGE_SIGN/@Node3D@5072/@MeshInstance3D@5085
[IDLEG] 0	184,184,200	MeshInstance3D	0.0x0.0x0.1	StreetIdShot/OrisonRoot/F01_BAR_STAGE_SIGN/@Node3D@5072/@MeshInstance3D@5086
[IDLEG] 0	200,184,200	MeshInstance3D	0.0x0.1x0.1	StreetIdShot/OrisonRoot/F01_BAR_STAGE_SIGN/@Node3D@5072/@MeshInstance3D@5087
[IDLEG] 0	216,184,200	MeshInstance3D	0.0x0.1x0.1	StreetIdShot/OrisonRoot/F01_BAR_STAGE_SIGN/@Node3D@5072/@MeshInstance3D@5088
[IDLEG] 0	232,184,200	MeshInstance3D	0.5x0.0x0.0	StreetIdShot/OrisonRoot/F01_BAR_STAGE_SIGN/@Node3D@5072/@MeshInstance3D@5089
[IDLEG] 0	248,184,200	MeshInstance3D	0.0x0.0x0.1	StreetIdShot/OrisonRoot/F01_BAR_STAGE_SIGN/@Node3D@5072/@MeshInstance3D@5090
[IDLEG] 0	8,200,200	MeshInstance3D	0.0x0.1x0.1	StreetIdShot/OrisonRoot/F01_BAR_STAGE_SIGN/@Node3D@5072/@MeshInstance3D@5091
[IDLEG] 0	24,200,200	MeshInstance3D	0.0x0.1x0.1	StreetIdShot/OrisonRoot/F01_BAR_STAGE_SIGN/@Node3D@5072/@MeshInstance3D@5092
[IDLEG] 0	40,200,200	MeshInstance3D	5.2x1.3x0.3	StreetIdShot/OrisonRoot/F01_BAR_STAGE_SIGN/@MeshInstance3D@5105
[IDLEG] 0	56,200,200	MeshInstance3D	5.3x1.7x0.4	StreetIdShot/OrisonRoot/F01_BAR_STAGE_SIGN/@MeshInstance3D@5106
[IDLEG] 0	72,200,200	MeshInstance3D	0.1x0.1x0.0	StreetIdShot/OrisonRoot/F01_BAR_STAGE_SIGN/@MeshInstance3D@5107
[IDLEG] 0	88,200,200	MeshInstance3D	0.0x0.3x0.1	StreetIdShot/OrisonRoot/F01_BAR_STAGE_SIGN/@MeshInstance3D@5108
[IDLEG] 0	104,200,200	MeshInstance3D	0.0x0.0x0.2	StreetIdShot/OrisonRoot/F01_BAR_STAGE_SIGN/@MeshInstance3D@5109
[IDLEG] 0	120,200,200	MeshInstance3D	0.0x0.0x0.0	StreetIdShot/OrisonRoot/F01_BAR_POOL/@MeshInstance3D@5111
[IDLEG] 0	136,200,200	MeshInstance3D	0.0x0.0x0.0	StreetIdShot/OrisonRoot/F01_BAR_POOL/@MeshInstance3D@5112
[IDLEG] 0	152,200,200	MeshInstance3D	0.1x0.1x0.1	StreetIdShot/OrisonRoot/F01_BAR_DARTS/@MeshInstance3D@5114
[IDLEG] 0	168,200,200	MeshInstance3D	0.0x0.2x0.0	StreetIdShot/OrisonRoot/F01_BAR_DARTS/@MeshInstance3D@5115
[IDLEG] 0	184,200,200	MeshInstance3D	0.0x0.2x0.0	StreetIdShot/OrisonRoot/F01_BAR_DARTS/@MeshInstance3D@5116
[IDLEG] 0	200,200,200	MeshInstance3D	0.0x0.2x0.0	StreetIdShot/OrisonRoot/F01_BAR_DARTS/@MeshInstance3D@5117
[IDLEG] 0	216,200,200	MeshInstance3D	0.0x0.0x0.0	StreetIdShot/OrisonRoot/F01_BAR_DARTS/@MeshInstance3D@5118
[IDLEG] 0	232,200,200	MeshInstance3D	0.0x0.0x0.0	StreetIdShot/OrisonRoot/F01_BAR_DARTS/@MeshInstance3D@5119
[IDLEG] 0	248,200,200	MeshInstance3D	0.0x0.0x0.0	StreetIdShot/OrisonRoot/F01_BAR_DARTS/@MeshInstance3D@5120
[IDLEG] 0	8,216,200	MeshInstance3D	0.0x0.4x0.0	StreetIdShot/OrisonRoot/F01_BAR_LT_DARTS/@Node3D@5122/@MeshInstance3D@5123
[IDLEG] 0	24,216,200	MeshInstance3D	0.1x0.1x0.1	StreetIdShot/OrisonRoot/F01_BAR_LT_DARTS/@Node3D@5122/bulb
[IDLEG] 0	40,216,200	MeshInstance3D	0.2x0.2x0.0	StreetIdShot/OrisonRoot/F01_BAR_LT_DARTS/@Node3D@5122/@MeshInstance3D@5124
[IDLEG] 0	56,216,200	MeshInstance3D	0.1x0.2x0.1	StreetIdShot/OrisonRoot/F01_BAR_LT_DARTS/@Node3D@5122/@MeshInstance3D@5125
[IDLEG] 0	72,216,200	MeshInstance3D	0.1x0.2x0.1	StreetIdShot/OrisonRoot/F01_BAR_LT_DARTS/@Node3D@5122/@MeshInstance3D@5126
[IDLEG] 0	88,216,200	MeshInstance3D	0.1x0.0x0.1	StreetIdShot/OrisonRoot/F01_BAR_LT_DARTS/@Node3D@5122/@MeshInstance3D@5127
[IDLEG] 0	104,216,200	MeshInstance3D	0.7x1.0x0.5	StreetIdShot/OrisonRoot/F01_BAR_WC_SINK_01/StaticFixture/@MeshInstance3D@5165
[IDLEG] 0	120,216,200	MeshInstance3D	0.2x1.0x0.3	StreetIdShot/OrisonRoot/F01_BAR_WC_SINK_01/StaticFixture/@MeshInstance3D@5166
[IDLEG] 0	136,216,200	MeshInstance3D	0.1x0.0x0.1	StreetIdShot/OrisonRoot/F01_BAR_WC_SINK_01/StaticFixture/@MeshInstance3D@5167
[IDLEG] 0	152,216,200	MeshInstance3D	0.1x0.0x0.0	StreetIdShot/OrisonRoot/F01_BAR_WC_SINK_01/StaticFixture/@MeshInstance3D@5168
[IDLEG] 0	168,216,200	MeshInstance3D	0.1x0.1x0.1	StreetIdShot/OrisonRoot/F01_BAR_WC_SINK_01/HotValve/@MeshInstance3D@5169
[IDLEG] 0	184,216,200	MeshInstance3D	0.0x0.0x0.0	StreetIdShot/OrisonRoot/F01_BAR_WC_SINK_01/HotValve/@MeshInstance3D@5170
[IDLEG] 0	200,216,200	MeshInstance3D	0.1x0.1x0.1	StreetIdShot/OrisonRoot/F01_BAR_WC_SINK_01/ColdValve/@MeshInstance3D@5171
[IDLEG] 0	216,216,200	MeshInstance3D	0.0x0.0x0.0	StreetIdShot/OrisonRoot/F01_BAR_WC_SINK_01/ColdValve/@MeshInstance3D@5172
[IDLEG] 0	232,216,200	MeshInstance3D	0.1x0.0x0.1	StreetIdShot/OrisonRoot/F01_BAR_WC_SINK_01/Stopper/@MeshInstance3D@5161
[IDLEG] 0	248,216,200	MeshInstance3D	0.7x2.0x0.1	StreetIdShot/OrisonRoot/F01_BAR_WC_DOOR/HingedLeaf/@MeshInstance3D@5190
[IDLEG] 0	8,232,200	MeshInstance3D	0.6x1.7x0.0	StreetIdShot/OrisonRoot/F01_BAR_WC_DOOR/HingedLeaf/@MeshInstance3D@5191
[IDLEG] 0	24,232,200	MeshInstance3D	0.1x0.2x0.2	StreetIdShot/OrisonRoot/F01_BAR_WC_DOOR/HingedLeaf/@MeshInstance3D@5192
[IDLEG] 0	40,232,200	MeshInstance3D	0.7x1.8x0.1	StreetIdShot/OrisonRoot/F01_BAR_WC_DOOR/FixedIronmongery/@MeshInstance3D@5193
[IDLEG] 0	56,232,200	MeshInstance3D	0.9x2.1x0.2	StreetIdShot/OrisonRoot/F01_BAR_DOOR/HingedLeaf/@MeshInstance3D@5213
[IDLEG] 0	72,232,200	MeshInstance3D	0.1x0.4x0.2	StreetIdShot/OrisonRoot/F01_BAR_DOOR/HingedLeaf/@MeshInstance3D@5215
[IDLEG] 0	88,232,200	MeshInstance3D	0.9x1.9x0.1	StreetIdShot/OrisonRoot/F01_BAR_DOOR/FixedIronmongery/@MeshInstance3D@5216
[IDLEG] 0	104,232,200	MeshInstance3D	0.1x2.0x0.9	StreetIdShot/OrisonRoot/F01_BAR_RED_DOOR/HingedLeaf/@MeshInstance3D@5234
[IDLEG] 0	120,232,200	MeshInstance3D	0.0x1.8x0.8	StreetIdShot/OrisonRoot/F01_BAR_RED_DOOR/HingedLeaf/@MeshInstance3D@5235
[IDLEG] 0	136,232,200	MeshInstance3D	0.2x0.2x0.1	StreetIdShot/OrisonRoot/F01_BAR_RED_DOOR/HingedLeaf/@MeshInstance3D@5236
[IDLEG] 0	152,232,200	MeshInstance3D	0.1x1.8x0.9	StreetIdShot/OrisonRoot/F01_BAR_RED_DOOR/FixedIronmongery/@MeshInstance3D@5237
[IDLEG] 0	168,232,200	MeshInstance3D	0.3x0.1x0.6	StreetIdShot/OrisonRoot/F01_BAR_SONGBOOK/@MeshInstance3D@5240
[IDLEG] 0	184,232,200	MeshInstance3D	0.4x0.0x0.7	StreetIdShot/OrisonRoot/F01_BAR_SONGBOOK/@MeshInstance3D@5241
[IDLEG] 0	200,232,200	MeshInstance3D	0.1x0.0x0.1	StreetIdShot/OrisonRoot/F01_BAR_SONGBOOK/@MeshInstance3D@5242
[IDLEG] 0	216,232,200	MeshInstance3D	0.1x0.0x0.1	StreetIdShot/OrisonRoot/F01_BAR_SONGBOOK/@MeshInstance3D@5243
[IDLEG] 0	232,232,200	MeshInstance3D	0.3x0.3x0.3	StreetIdShot/OrisonRoot/F01_BAR_SONGBOOK/@MeshInstance3D@5244
[IDLEG] 0	248,232,200	MeshInstance3D	0.2x0.2x0.0	StreetIdShot/OrisonRoot/F01_BAR_SONGBOOK/@MeshInstance3D@5245
[IDLEG] 0	8,248,200	MeshInstance3D	0.3x0.3x0.0	StreetIdShot/OrisonRoot/F01_BAR_SONGBOOK/@MeshInstance3D@5246
[IDLEG] 0	24,248,200	MeshInstance3D	0.2x0.2x0.0	StreetIdShot/OrisonRoot/F01_BAR_SONGBOOK/@MeshInstance3D@5247
[IDLEG] 0	40,248,200	MeshInstance3D	0.1x0.0x0.1	StreetIdShot/OrisonRoot/F01_BAR_SONGBOOK/@MeshInstance3D@5248
[IDLEG] 0	56,248,200	MeshInstance3D	0.1x0.1x0.0	StreetIdShot/OrisonRoot/F01_BAR_SONGBOOK/@MeshInstance3D@5249
[IDLEG] 0	72,248,200	MeshInstance3D	0.0x0.0x0.1	StreetIdShot/OrisonRoot/F01_BAR_SONGBOOK/@MeshInstance3D@5250
[IDLEG] 0	88,248,200	MeshInstance3D	0.2x0.2x0.1	StreetIdShot/OrisonRoot/F01_BAR_SONGBOOK/@MeshInstance3D@5251
[IDLEG] 0	104,248,200	MeshInstance3D	0.3x0.0x0.0	StreetIdShot/OrisonRoot/F01_BAR_SONGBOOK/@MeshInstance3D@5252
[IDLEG] 0	120,248,200	MeshInstance3D	0.0x0.0x0.3	StreetIdShot/OrisonRoot/F01_BAR_SONGBOOK/@MeshInstance3D@5253
[IDLEG] 0	136,248,200	MeshInstance3D	0.0x0.0x0.3	StreetIdShot/OrisonRoot/F01_BAR_SONGBOOK/@MeshInstance3D@5254
[IDLEG] 0	152,248,200	MeshInstance3D	0.0x0.0x0.0	StreetIdShot/OrisonRoot/F01_BAR_SONGBOOK/@MeshInstance3D@5255
[IDLEG] 0	168,248,200	MeshInstance3D	0.0x0.1x0.0	StreetIdShot/OrisonRoot/F01_BAR_SONGBOOK/@MeshInstance3D@5256
[IDLEG] 0	184,248,200	MeshInstance3D	0.0x0.0x0.0	StreetIdShot/OrisonRoot/F01_BAR_SONGBOOK/@MeshInstance3D@5257
[IDLEG] 0	200,248,200	MeshInstance3D	0.0x0.0x0.1	StreetIdShot/OrisonRoot/F01_BAR_SONGBOOK/@MeshInstance3D@5258
[IDLEG] 0	216,248,200	MeshInstance3D	2.4x0.6x0.0	StreetIdShot/OrisonRoot/F01_BAR_SIGNAGE/@MeshInstance3D@5261
[IDLEG] 0	232,248,200	MeshInstance3D	0.3x0.0x0.0	StreetIdShot/OrisonRoot/F01_BAR_SIGNAGE/@MeshInstance3D@5262
[IDLEG] 0	248,248,200	MeshInstance3D	0.4x0.0x0.0	StreetIdShot/OrisonRoot/F01_BAR_SIGNAGE/@MeshInstance3D@5263
[IDLEG] 0	8,8,216	MeshInstance3D	0.4x0.0x0.0	StreetIdShot/OrisonRoot/F01_BAR_SIGNAGE/@MeshInstance3D@5264
[IDLEG] 0	24,8,216	MeshInstance3D	0.2x0.2x0.0	StreetIdShot/OrisonRoot/F01_BAR_SIGNAGE/@MeshInstance3D@5265
[IDLEG] 0	40,8,216	MeshInstance3D	0.2x0.2x0.0	StreetIdShot/OrisonRoot/F01_BAR_SIGNAGE/@MeshInstance3D@5266
[IDLEG] 0	56,8,216	MeshInstance3D	0.2x0.0x0.0	StreetIdShot/OrisonRoot/F01_BAR_SIGNAGE/@MeshInstance3D@5267
[IDLEG] 0	72,8,216	MeshInstance3D	0.0x0.1x0.0	StreetIdShot/OrisonRoot/F01_BAR_SIGNAGE/@MeshInstance3D@5268
[IDLEG] 0	88,8,216	MeshInstance3D	0.0x0.1x0.0	StreetIdShot/OrisonRoot/F01_BAR_SIGNAGE/@MeshInstance3D@5269
[IDLEG] 0	104,8,216	MeshInstance3D	0.2x0.0x0.0	StreetIdShot/OrisonRoot/F01_BAR_SIGNAGE/@MeshInstance3D@5270
[IDLEG] 0	120,8,216	MeshInstance3D	0.2x0.0x0.0	StreetIdShot/OrisonRoot/F01_BAR_SIGNAGE/@MeshInstance3D@5271
[IDLEG] 0	136,8,216	MeshInstance3D	0.0x0.4x0.0	StreetIdShot/OrisonRoot/F01_BAR_SIGNAGE/@MeshInstance3D@5272
[IDLEG] 0	152,8,216	MeshInstance3D	0.4x0.0x0.0	StreetIdShot/OrisonRoot/F01_BAR_SIGNAGE/@MeshInstance3D@5273
[IDLEG] 0	168,8,216	MeshInstance3D	0.2x0.2x0.0	StreetIdShot/OrisonRoot/F01_BAR_SIGNAGE/@MeshInstance3D@5274
[IDLEG] 0	184,8,216	MeshInstance3D	0.2x0.2x0.0	StreetIdShot/OrisonRoot/F01_BAR_SIGNAGE/@MeshInstance3D@5275
[IDLEG] 0	200,8,216	MeshInstance3D	0.4x0.0x0.0	StreetIdShot/OrisonRoot/F01_BAR_SIGNAGE/@MeshInstance3D@5276
[IDLEG] 0	216,8,216	MeshInstance3D	0.0x0.1x0.0	StreetIdShot/OrisonRoot/F01_BAR_SIGNAGE/@MeshInstance3D@5277
[IDLEG] 0	232,8,216	MeshInstance3D	0.4x0.0x0.0	StreetIdShot/OrisonRoot/F01_BAR_SIGNAGE/@MeshInstance3D@5278
[IDLEG] 0	248,8,216	MeshInstance3D	0.0x0.3x0.0	StreetIdShot/OrisonRoot/F01_BAR_SIGNAGE/@MeshInstance3D@5279
[IDLEG] 0	8,24,216	MeshInstance3D	0.1x0.1x0.0	StreetIdShot/OrisonRoot/F01_BAR_SIGNAGE/@MeshInstance3D@5280
[IDLEG] 0	24,24,216	MeshInstance3D	0.2x0.0x0.0	StreetIdShot/OrisonRoot/F01_BAR_SIGNAGE/@MeshInstance3D@5281
[IDLEG] 0	40,24,216	MeshInstance3D	0.2x0.0x0.0	StreetIdShot/OrisonRoot/F01_BAR_SIGNAGE/@MeshInstance3D@5282
[IDLEG] 0	56,24,216	MeshInstance3D	0.0x0.2x0.0	StreetIdShot/OrisonRoot/F01_BAR_SIGNAGE/@MeshInstance3D@5283
[IDLEG] 0	72,24,216	MeshInstance3D	0.3x0.0x0.0	StreetIdShot/OrisonRoot/F01_BAR_SIGNAGE/@MeshInstance3D@5284
[IDLEG] 0	88,24,216	MeshInstance3D	0.0x0.1x0.0	StreetIdShot/OrisonRoot/F01_BAR_SIGNAGE/@MeshInstance3D@5286
[IDLEG] 0	104,24,216	MeshInstance3D	0.0x0.0x0.4	StreetIdShot/OrisonRoot/F01_BAR_SIGNAGE/@MeshInstance3D@5287
[IDLEG] 0	120,24,216	MeshInstance3D	0.2x0.1x0.2	StreetIdShot/OrisonRoot/F01_BAR_SIGNAGE/@MeshInstance3D@5288
[IDLEG] 0	136,24,216	MeshInstance3D	0.0x0.0x0.0	StreetIdShot/OrisonRoot/F01_BAR_SIGNAGE/@MeshInstance3D@5289
[IDLEG] 0	152,24,216	MeshInstance3D	0.0x0.1x0.0	StreetIdShot/OrisonRoot/F01_BAR_SIGNAGE/@MeshInstance3D@5291
[IDLEG] 0	168,24,216	MeshInstance3D	0.0x0.0x0.4	StreetIdShot/OrisonRoot/F01_BAR_SIGNAGE/@MeshInstance3D@5292
[IDLEG] 0	184,24,216	MeshInstance3D	0.2x0.1x0.2	StreetIdShot/OrisonRoot/F01_BAR_SIGNAGE/@MeshInstance3D@5293
[IDLEG] 0	200,24,216	MeshInstance3D	0.0x0.0x0.0	StreetIdShot/OrisonRoot/F01_BAR_SIGNAGE/@MeshInstance3D@5294
[IDLEG] 0	216,24,216	MeshInstance3D	0.0x0.0x0.4	StreetIdShot/OrisonRoot/F01_BAR_SIGNAGE/@MeshInstance3D@5296
[IDLEG] 0	232,24,216	MeshInstance3D	0.0x0.2x0.0	StreetIdShot/OrisonRoot/F01_BAR_SIGNAGE/@Node3D@5297/@MeshInstance3D@5298
[IDLEG] 0	248,24,216	MeshInstance3D	0.2x0.1x0.2	StreetIdShot/OrisonRoot/F01_BAR_SIGNAGE/@Node3D@5297/@MeshInstance3D@5299
[IDLEG] 0	8,40,216	MeshInstance3D	0.4x0.6x0.4	StreetIdShot/OrisonRoot/F01_BAR_SIGNAGE/@Node3D@5297/@MeshInstance3D@5300
[IDLEG] 0	24,40,216	MeshInstance3D	0.2x0.1x0.2	StreetIdShot/OrisonRoot/F01_BAR_SIGNAGE/@Node3D@5297/@MeshInstance3D@5301
[IDLEG] 0	40,40,216	MeshInstance3D	0.3x0.8x0.0	StreetIdShot/OrisonRoot/F01_BAR_SIGNAGE/@MeshInstance3D@5303
[IDLEG] 0	56,40,216	MeshInstance3D	0.1x0.1x0.1	StreetIdShot/OrisonRoot/F01_BAR_SIGNAGE/@MeshInstance3D@5304
[IDLEG] 0	72,40,216	MeshInstance3D	0.1x0.1x0.1	StreetIdShot/OrisonRoot/F01_BAR_SIGNAGE/@MeshInstance3D@5305
[IDLEG] 0	88,40,216	MeshInstance3D	0.1x0.1x0.1	StreetIdShot/OrisonRoot/F01_BAR_SIGNAGE/@MeshInstance3D@5306
[IDLEG] 0	104,40,216	MeshInstance3D	0.1x0.1x0.1	StreetIdShot/OrisonRoot/F01_BAR_SIGNAGE/@MeshInstance3D@5307
[IDLEG] 0	120,40,216	MeshInstance3D	0.1x0.1x0.1	StreetIdShot/OrisonRoot/F01_BAR_SIGNAGE/@MeshInstance3D@5308
[IDLEG] 0	136,40,216	MeshInstance3D	0.1x0.1x0.1	StreetIdShot/OrisonRoot/F01_BAR_SIGNAGE/@MeshInstance3D@5309
[IDLEG] 0	152,40,216	MeshInstance3D	0.1x0.1x0.1	StreetIdShot/OrisonRoot/F01_BAR_SIGNAGE/@MeshInstance3D@5310
[IDLEG] 0	168,40,216	MeshInstance3D	0.0x0.4x0.0	StreetIdShot/OrisonRoot/F01_BAR_LT_LOBBY/@Node3D@5312/@MeshInstance3D@5313
[IDLEG] 0	184,40,216	MeshInstance3D	0.1x0.1x0.1	StreetIdShot/OrisonRoot/F01_BAR_LT_LOBBY/@Node3D@5312/bulb
[IDLEG] 0	200,40,216	MeshInstance3D	0.2x0.2x0.0	StreetIdShot/OrisonRoot/F01_BAR_LT_LOBBY/@Node3D@5312/@MeshInstance3D@5314
[IDLEG] 0	216,40,216	MeshInstance3D	0.1x0.2x0.1	StreetIdShot/OrisonRoot/F01_BAR_LT_LOBBY/@Node3D@5312/@MeshInstance3D@5315
[IDLEG] 0	232,40,216	MeshInstance3D	0.1x0.2x0.1	StreetIdShot/OrisonRoot/F01_BAR_LT_LOBBY/@Node3D@5312/@MeshInstance3D@5316
[IDLEG] 0	248,40,216	MeshInstance3D	0.1x0.0x0.1	StreetIdShot/OrisonRoot/F01_BAR_LT_LOBBY/@Node3D@5312/@MeshInstance3D@5317
[IDLEG] 0	8,56,216	MeshInstance3D	0.0x0.4x0.0	StreetIdShot/OrisonRoot/F01_BAR_LT_STAIR/@Node3D@5321/@MeshInstance3D@5322
[IDLEG] 0	24,56,216	MeshInstance3D	0.1x0.1x0.1	StreetIdShot/OrisonRoot/F01_BAR_LT_STAIR/@Node3D@5321/bulb
[IDLEG] 0	40,56,216	MeshInstance3D	0.2x0.2x0.0	StreetIdShot/OrisonRoot/F01_BAR_LT_STAIR/@Node3D@5321/@MeshInstance3D@5323
[IDLEG] 0	56,56,216	MeshInstance3D	0.1x0.2x0.1	StreetIdShot/OrisonRoot/F01_BAR_LT_STAIR/@Node3D@5321/@MeshInstance3D@5324
[IDLEG] 0	72,56,216	MeshInstance3D	0.1x0.2x0.1	StreetIdShot/OrisonRoot/F01_BAR_LT_STAIR/@Node3D@5321/@MeshInstance3D@5325
[IDLEG] 0	88,56,216	MeshInstance3D	0.1x0.0x0.1	StreetIdShot/OrisonRoot/F01_BAR_LT_STAIR/@Node3D@5321/@MeshInstance3D@5326
[IDLEG] 0	104,56,216	MeshInstance3D	0.1x0.0x0.7	StreetIdShot/OrisonRoot/F01_BAR_LT_CAN0/@Node3D@5330/@MeshInstance3D@5331
[IDLEG] 0	120,56,216	MeshInstance3D	0.0x0.0x0.6	StreetIdShot/OrisonRoot/F01_BAR_LT_CAN0/@Node3D@5330/bulb_tube
[IDLEG] 0	136,56,216	MeshInstance3D	0.1x0.0x0.7	StreetIdShot/OrisonRoot/F01_BAR_LT_CAN1/@Node3D@5336/@MeshInstance3D@5337
[IDLEG] 0	152,56,216	MeshInstance3D	0.0x0.0x0.6	StreetIdShot/OrisonRoot/F01_BAR_LT_CAN1/@Node3D@5336/bulb_tube
[IDLEG] 0	168,56,216	MeshInstance3D	0.0x0.5x0.0	StreetIdShot/OrisonRoot/F01_BAR_LT_POOL/@Node3D@5342/@MeshInstance3D@5343
[IDLEG] 0	184,56,216	MeshInstance3D	0.4x0.2x0.5	StreetIdShot/OrisonRoot/F01_BAR_LT_POOL/@Node3D@5342/@MeshInstance3D@5344
[IDLEG] 0	200,56,216	MeshInstance3D	0.4x0.0x0.4	StreetIdShot/OrisonRoot/F01_BAR_LT_POOL/@Node3D@5342/bulb_diffuser
[IDLEG] 0	216,56,216	MeshInstance3D	0.1x0.1x0.1	StreetIdShot/OrisonRoot/F01_BAR_LT_POOL/@Node3D@5342/bulb
[IDLEG] 0	232,56,216	MeshInstance3D	0.0x0.5x0.0	StreetIdShot/OrisonRoot/F01_BAR_LT_TAB0/@Node3D@5350/@MeshInstance3D@5351
[IDLEG] 0	248,56,216	MeshInstance3D	0.4x0.2x0.5	StreetIdShot/OrisonRoot/F01_BAR_LT_TAB0/@Node3D@5350/@MeshInstance3D@5352
[IDLEG] 0	8,72,216	MeshInstance3D	0.4x0.0x0.4	StreetIdShot/OrisonRoot/F01_BAR_LT_TAB0/@Node3D@5350/bulb_diffuser
[IDLEG] 0	24,72,216	MeshInstance3D	0.1x0.1x0.1	StreetIdShot/OrisonRoot/F01_BAR_LT_TAB0/@Node3D@5350/bulb
[IDLEG] 0	40,72,216	MeshInstance3D	0.0x0.5x0.0	StreetIdShot/OrisonRoot/F01_BAR_LT_TAB1/@Node3D@5358/@MeshInstance3D@5359
[IDLEG] 0	56,72,216	MeshInstance3D	0.4x0.2x0.5	StreetIdShot/OrisonRoot/F01_BAR_LT_TAB1/@Node3D@5358/@MeshInstance3D@5360
[IDLEG] 0	72,72,216	MeshInstance3D	0.4x0.0x0.4	StreetIdShot/OrisonRoot/F01_BAR_LT_TAB1/@Node3D@5358/bulb_diffuser
[IDLEG] 0	88,72,216	MeshInstance3D	0.1x0.1x0.1	StreetIdShot/OrisonRoot/F01_BAR_LT_TAB1/@Node3D@5358/bulb
[IDLEG] 0	104,72,216	MeshInstance3D	0.0x0.5x0.0	StreetIdShot/OrisonRoot/F01_BAR_LT_TAB2/@Node3D@5366/@MeshInstance3D@5367
[IDLEG] 0	120,72,216	MeshInstance3D	0.4x0.2x0.5	StreetIdShot/OrisonRoot/F01_BAR_LT_TAB2/@Node3D@5366/@MeshInstance3D@5368
[IDLEG] 0	136,72,216	MeshInstance3D	0.4x0.0x0.4	StreetIdShot/OrisonRoot/F01_BAR_LT_TAB2/@Node3D@5366/bulb_diffuser
[IDLEG] 0	152,72,216	MeshInstance3D	0.1x0.1x0.1	StreetIdShot/OrisonRoot/F01_BAR_LT_TAB2/@Node3D@5366/bulb
[IDLEG] 0	168,72,216	MeshInstance3D	0.0x0.4x0.0	StreetIdShot/OrisonRoot/F01_BAR_LT_STAGE0/@Node3D@5374/@MeshInstance3D@5375
[IDLEG] 0	184,72,216	MeshInstance3D	0.1x0.1x0.1	StreetIdShot/OrisonRoot/F01_BAR_LT_STAGE0/@Node3D@5374/bulb
[IDLEG] 0	200,72,216	MeshInstance3D	0.2x0.2x0.0	StreetIdShot/OrisonRoot/F01_BAR_LT_STAGE0/@Node3D@5374/@MeshInstance3D@5376
[IDLEG] 0	216,72,216	MeshInstance3D	0.1x0.2x0.1	StreetIdShot/OrisonRoot/F01_BAR_LT_STAGE0/@Node3D@5374/@MeshInstance3D@5377
[IDLEG] 0	232,72,216	MeshInstance3D	0.1x0.2x0.1	StreetIdShot/OrisonRoot/F01_BAR_LT_STAGE0/@Node3D@5374/@MeshInstance3D@5378
[IDLEG] 0	248,72,216	MeshInstance3D	0.1x0.0x0.1	StreetIdShot/OrisonRoot/F01_BAR_LT_STAGE0/@Node3D@5374/@MeshInstance3D@5379
[IDLEG] 0	8,88,216	MeshInstance3D	0.0x0.4x0.0	StreetIdShot/OrisonRoot/F01_BAR_LT_STAGE1/@Node3D@5383/@MeshInstance3D@5384
[IDLEG] 0	24,88,216	MeshInstance3D	0.1x0.1x0.1	StreetIdShot/OrisonRoot/F01_BAR_LT_STAGE1/@Node3D@5383/bulb
[IDLEG] 0	40,88,216	MeshInstance3D	0.2x0.2x0.0	StreetIdShot/OrisonRoot/F01_BAR_LT_STAGE1/@Node3D@5383/@MeshInstance3D@5385
[IDLEG] 0	56,88,216	MeshInstance3D	0.1x0.2x0.1	StreetIdShot/OrisonRoot/F01_BAR_LT_STAGE1/@Node3D@5383/@MeshInstance3D@5386
[IDLEG] 0	72,88,216	MeshInstance3D	0.1x0.2x0.1	StreetIdShot/OrisonRoot/F01_BAR_LT_STAGE1/@Node3D@5383/@MeshInstance3D@5387
[IDLEG] 0	88,88,216	MeshInstance3D	0.1x0.0x0.1	StreetIdShot/OrisonRoot/F01_BAR_LT_STAGE1/@Node3D@5383/@MeshInstance3D@5388
[IDLEG] 0	104,88,216	MeshInstance3D	0.0x0.2x0.1	StreetIdShot/OrisonRoot/F01_BAR_LT_DECK0/@Node3D@5392/@MeshInstance3D@5393
[IDLEG] 0	120,88,216	MeshInstance3D	0.1x0.1x0.1	StreetIdShot/OrisonRoot/F01_BAR_LT_DECK0/@Node3D@5392/@MeshInstance3D@5394
[IDLEG] 0	136,88,216	MeshInstance3D	0.2x0.2x0.2	StreetIdShot/OrisonRoot/F01_BAR_LT_DECK0/@Node3D@5392/bulb_globe
[IDLEG] 0	152,88,216	MeshInstance3D	0.0x0.2x0.1	StreetIdShot/OrisonRoot/F01_BAR_LT_DECK1/@Node3D@5398/@MeshInstance3D@5399
[IDLEG] 0	168,88,216	MeshInstance3D	0.1x0.1x0.1	StreetIdShot/OrisonRoot/F01_BAR_LT_DECK1/@Node3D@5398/@MeshInstance3D@5400
[IDLEG] 0	184,88,216	MeshInstance3D	0.2x0.2x0.2	StreetIdShot/OrisonRoot/F01_BAR_LT_DECK1/@Node3D@5398/bulb_globe
[IDLEG] 0	200,88,216	MeshInstance3D	0.0x0.2x0.1	StreetIdShot/OrisonRoot/F01_BAR_LT_WEST0/@Node3D@5404/@MeshInstance3D@5405
[IDLEG] 0	216,88,216	MeshInstance3D	0.1x0.1x0.1	StreetIdShot/OrisonRoot/F01_BAR_LT_WEST0/@Node3D@5404/@MeshInstance3D@5406
[IDLEG] 0	232,88,216	MeshInstance3D	0.2x0.2x0.2	StreetIdShot/OrisonRoot/F01_BAR_LT_WEST0/@Node3D@5404/bulb_globe
[IDLEG] 0	248,88,216	MeshInstance3D	0.0x0.2x0.1	StreetIdShot/OrisonRoot/F01_BAR_LT_WEST1/@Node3D@5410/@MeshInstance3D@5411
[IDLEG] 0	8,104,216	MeshInstance3D	0.1x0.1x0.1	StreetIdShot/OrisonRoot/F01_BAR_LT_WEST1/@Node3D@5410/@MeshInstance3D@5412
[IDLEG] 0	24,104,216	MeshInstance3D	0.2x0.2x0.2	StreetIdShot/OrisonRoot/F01_BAR_LT_WEST1/@Node3D@5410/bulb_globe
[IDLEG] 0	40,104,216	MeshInstance3D	0.0x0.4x0.0	StreetIdShot/OrisonRoot/F01_BAR_LT_WC/@Node3D@5416/@MeshInstance3D@5417
[IDLEG] 0	56,104,216	MeshInstance3D	0.1x0.1x0.1	StreetIdShot/OrisonRoot/F01_BAR_LT_WC/@Node3D@5416/bulb
[IDLEG] 0	72,104,216	MeshInstance3D	0.2x0.2x0.0	StreetIdShot/OrisonRoot/F01_BAR_LT_WC/@Node3D@5416/@MeshInstance3D@5418
[IDLEG] 0	88,104,216	MeshInstance3D	0.1x0.2x0.1	StreetIdShot/OrisonRoot/F01_BAR_LT_WC/@Node3D@5416/@MeshInstance3D@5419
[IDLEG] 0	104,104,216	MeshInstance3D	0.1x0.2x0.1	StreetIdShot/OrisonRoot/F01_BAR_LT_WC/@Node3D@5416/@MeshInstance3D@5420
[IDLEG] 0	120,104,216	MeshInstance3D	0.1x0.0x0.1	StreetIdShot/OrisonRoot/F01_BAR_LT_WC/@Node3D@5416/@MeshInstance3D@5421
[IDLEG] 0	136,104,216	MeshInstance3D	0.9x2.1x0.3	StreetIdShot/OrisonRoot/SITE_SHOP_DOOR_MODEL_LAUNDRY/HingedLeaf/@MeshInstance3D@5442
[IDLEG] 0	152,104,216	MeshInstance3D	0.1x0.4x0.2	StreetIdShot/OrisonRoot/SITE_SHOP_DOOR_MODEL_LAUNDRY/HingedLeaf/@MeshInstance3D@5444
[IDLEG] 0	168,104,216	MeshInstance3D	1.0x1.9x0.1	StreetIdShot/OrisonRoot/SITE_SHOP_DOOR_MODEL_LAUNDRY/FixedIronmongery/@MeshInstance3D@5445
[IDLEG] 0	184,104,216	MeshInstance3D	0.0x0.4x0.0	StreetIdShot/OrisonRoot/SITE_SHOP_LT_MODEL_LAUNDRY/@Node3D@5450/@MeshInstance3D@5451
[IDLEG] 0	200,104,216	MeshInstance3D	0.1x0.1x0.1	StreetIdShot/OrisonRoot/SITE_SHOP_LT_MODEL_LAUNDRY/@Node3D@5450/bulb
[IDLEG] 0	216,104,216	MeshInstance3D	0.2x0.2x0.0	StreetIdShot/OrisonRoot/SITE_SHOP_LT_MODEL_LAUNDRY/@Node3D@5450/@MeshInstance3D@5452
[IDLEG] 0	232,104,216	MeshInstance3D	0.1x0.2x0.1	StreetIdShot/OrisonRoot/SITE_SHOP_LT_MODEL_LAUNDRY/@Node3D@5450/@MeshInstance3D@5453
[IDLEG] 0	248,104,216	MeshInstance3D	0.1x0.2x0.1	StreetIdShot/OrisonRoot/SITE_SHOP_LT_MODEL_LAUNDRY/@Node3D@5450/@MeshInstance3D@5454
[IDLEG] 0	8,120,216	MeshInstance3D	0.1x0.0x0.1	StreetIdShot/OrisonRoot/SITE_SHOP_LT_MODEL_LAUNDRY/@Node3D@5450/@MeshInstance3D@5455
[IDLEG] 0	24,120,216	MeshInstance3D	0.0x0.4x0.0	StreetIdShot/OrisonRoot/SITE_SHOP_IN0_MODEL_LAUNDRY/@Node3D@5459/@MeshInstance3D@5460
[IDLEG] 0	40,120,216	MeshInstance3D	0.1x0.1x0.1	StreetIdShot/OrisonRoot/SITE_SHOP_IN0_MODEL_LAUNDRY/@Node3D@5459/bulb
[IDLEG] 0	56,120,216	MeshInstance3D	0.2x0.2x0.0	StreetIdShot/OrisonRoot/SITE_SHOP_IN0_MODEL_LAUNDRY/@Node3D@5459/@MeshInstance3D@5461
[IDLEG] 0	72,120,216	MeshInstance3D	0.1x0.2x0.1	StreetIdShot/OrisonRoot/SITE_SHOP_IN0_MODEL_LAUNDRY/@Node3D@5459/@MeshInstance3D@5462
[IDLEG] 0	88,120,216	MeshInstance3D	0.1x0.2x0.1	StreetIdShot/OrisonRoot/SITE_SHOP_IN0_MODEL_LAUNDRY/@Node3D@5459/@MeshInstance3D@5463
[IDLEG] 0	104,120,216	MeshInstance3D	0.1x0.0x0.1	StreetIdShot/OrisonRoot/SITE_SHOP_IN0_MODEL_LAUNDRY/@Node3D@5459/@MeshInstance3D@5464
[IDLEG] 0	120,120,216	MeshInstance3D	0.0x0.4x0.0	StreetIdShot/OrisonRoot/SITE_SHOP_IN1_MODEL_LAUNDRY/@Node3D@5468/@MeshInstance3D@5469
[IDLEG] 0	136,120,216	MeshInstance3D	0.1x0.1x0.1	StreetIdShot/OrisonRoot/SITE_SHOP_IN1_MODEL_LAUNDRY/@Node3D@5468/bulb
[IDLEG] 0	152,120,216	MeshInstance3D	0.2x0.2x0.0	StreetIdShot/OrisonRoot/SITE_SHOP_IN1_MODEL_LAUNDRY/@Node3D@5468/@MeshInstance3D@5470
[IDLEG] 0	168,120,216	MeshInstance3D	0.1x0.2x0.1	StreetIdShot/OrisonRoot/SITE_SHOP_IN1_MODEL_LAUNDRY/@Node3D@5468/@MeshInstance3D@5471
[IDLEG] 0	184,120,216	MeshInstance3D	0.1x0.2x0.1	StreetIdShot/OrisonRoot/SITE_SHOP_IN1_MODEL_LAUNDRY/@Node3D@5468/@MeshInstance3D@5472
[IDLEG] 0	200,120,216	MeshInstance3D	0.1x0.0x0.1	StreetIdShot/OrisonRoot/SITE_SHOP_IN1_MODEL_LAUNDRY/@Node3D@5468/@MeshInstance3D@5473
[IDLEG] 0	216,120,216	MeshInstance3D	0.0x0.4x0.0	StreetIdShot/OrisonRoot/SITE_SHOP_IN2_MODEL_LAUNDRY/@Node3D@5477/@MeshInstance3D@5478
[IDLEG] 0	232,120,216	MeshInstance3D	0.1x0.1x0.1	StreetIdShot/OrisonRoot/SITE_SHOP_IN2_MODEL_LAUNDRY/@Node3D@5477/bulb
[IDLEG] 0	248,120,216	MeshInstance3D	0.2x0.2x0.0	StreetIdShot/OrisonRoot/SITE_SHOP_IN2_MODEL_LAUNDRY/@Node3D@5477/@MeshInstance3D@5479
[IDLEG] 0	8,136,216	MeshInstance3D	0.1x0.2x0.1	StreetIdShot/OrisonRoot/SITE_SHOP_IN2_MODEL_LAUNDRY/@Node3D@5477/@MeshInstance3D@5480
[IDLEG] 0	24,136,216	MeshInstance3D	0.1x0.2x0.1	StreetIdShot/OrisonRoot/SITE_SHOP_IN2_MODEL_LAUNDRY/@Node3D@5477/@MeshInstance3D@5481
[IDLEG] 0	40,136,216	MeshInstance3D	0.1x0.0x0.1	StreetIdShot/OrisonRoot/SITE_SHOP_IN2_MODEL_LAUNDRY/@Node3D@5477/@MeshInstance3D@5482
[IDLEG] 0	56,136,216	MeshInstance3D	1.0x2.1x0.1	StreetIdShot/OrisonRoot/SITE_SHOP_DOOR_SHOE_REBUILDING/HingedLeaf/@MeshInstance3D@5503
[IDLEG] 0	72,136,216	MeshInstance3D	0.0x0.4x0.2	StreetIdShot/OrisonRoot/SITE_SHOP_DOOR_SHOE_REBUILDING/HingedLeaf/@MeshInstance3D@5505
[IDLEG] 0	88,136,216	MeshInstance3D	1.0x1.9x0.1	StreetIdShot/OrisonRoot/SITE_SHOP_DOOR_SHOE_REBUILDING/FixedIronmongery/@MeshInstance3D@5506
[IDLEG] 0	104,136,216	MeshInstance3D	0.0x0.4x0.0	StreetIdShot/OrisonRoot/SITE_SHOP_LT_SHOE_REBUILDING/@Node3D@5513/@MeshInstance3D@5514
[IDLEG] 0	120,136,216	MeshInstance3D	0.1x0.1x0.1	StreetIdShot/OrisonRoot/SITE_SHOP_LT_SHOE_REBUILDING/@Node3D@5513/bulb
[IDLEG] 0	136,136,216	MeshInstance3D	0.2x0.2x0.0	StreetIdShot/OrisonRoot/SITE_SHOP_LT_SHOE_REBUILDING/@Node3D@5513/@MeshInstance3D@5515
[IDLEG] 0	152,136,216	MeshInstance3D	0.1x0.2x0.1	StreetIdShot/OrisonRoot/SITE_SHOP_LT_SHOE_REBUILDING/@Node3D@5513/@MeshInstance3D@5516
[IDLEG] 0	168,136,216	MeshInstance3D	0.1x0.2x0.1	StreetIdShot/OrisonRoot/SITE_SHOP_LT_SHOE_REBUILDING/@Node3D@5513/@MeshInstance3D@5517
[IDLEG] 0	184,136,216	MeshInstance3D	0.1x0.0x0.1	StreetIdShot/OrisonRoot/SITE_SHOP_LT_SHOE_REBUILDING/@Node3D@5513/@MeshInstance3D@5518
[IDLEG] 0	200,136,216	MeshInstance3D	0.0x0.4x0.0	StreetIdShot/OrisonRoot/SITE_SHOP_IN0_SHOE_REBUILDING/@Node3D@5522/@MeshInstance3D@5523
[IDLEG] 0	216,136,216	MeshInstance3D	0.1x0.1x0.1	StreetIdShot/OrisonRoot/SITE_SHOP_IN0_SHOE_REBUILDING/@Node3D@5522/bulb
[IDLEG] 0	232,136,216	MeshInstance3D	0.2x0.2x0.0	StreetIdShot/OrisonRoot/SITE_SHOP_IN0_SHOE_REBUILDING/@Node3D@5522/@MeshInstance3D@5524
[IDLEG] 0	248,136,216	MeshInstance3D	0.1x0.2x0.1	StreetIdShot/OrisonRoot/SITE_SHOP_IN0_SHOE_REBUILDING/@Node3D@5522/@MeshInstance3D@5525
[IDLEG] 0	8,152,216	MeshInstance3D	0.1x0.2x0.1	StreetIdShot/OrisonRoot/SITE_SHOP_IN0_SHOE_REBUILDING/@Node3D@5522/@MeshInstance3D@5526
[IDLEG] 0	24,152,216	MeshInstance3D	0.1x0.0x0.1	StreetIdShot/OrisonRoot/SITE_SHOP_IN0_SHOE_REBUILDING/@Node3D@5522/@MeshInstance3D@5527
[IDLEG] 0	40,152,216	MeshInstance3D	0.0x0.4x0.0	StreetIdShot/OrisonRoot/SITE_SHOP_IN1_SHOE_REBUILDING/@Node3D@5531/@MeshInstance3D@5532
[IDLEG] 0	56,152,216	MeshInstance3D	0.1x0.1x0.1	StreetIdShot/OrisonRoot/SITE_SHOP_IN1_SHOE_REBUILDING/@Node3D@5531/bulb
[IDLEG] 0	72,152,216	MeshInstance3D	0.2x0.2x0.0	StreetIdShot/OrisonRoot/SITE_SHOP_IN1_SHOE_REBUILDING/@Node3D@5531/@MeshInstance3D@5533
[IDLEG] 0	88,152,216	MeshInstance3D	0.1x0.2x0.1	StreetIdShot/OrisonRoot/SITE_SHOP_IN1_SHOE_REBUILDING/@Node3D@5531/@MeshInstance3D@5534
[IDLEG] 0	104,152,216	MeshInstance3D	0.1x0.2x0.1	StreetIdShot/OrisonRoot/SITE_SHOP_IN1_SHOE_REBUILDING/@Node3D@5531/@MeshInstance3D@5535
[IDLEG] 0	120,152,216	MeshInstance3D	0.1x0.0x0.1	StreetIdShot/OrisonRoot/SITE_SHOP_IN1_SHOE_REBUILDING/@Node3D@5531/@MeshInstance3D@5536
[IDLEG] 0	136,152,216	MeshInstance3D	1.0x2.1x0.1	StreetIdShot/OrisonRoot/SITE_SHOP_DOOR_KEYS_CUT/HingedLeaf/@MeshInstance3D@5557
[IDLEG] 0	152,152,216	MeshInstance3D	0.0x0.4x0.2	StreetIdShot/OrisonRoot/SITE_SHOP_DOOR_KEYS_CUT/HingedLeaf/@MeshInstance3D@5559
[IDLEG] 0	168,152,216	MeshInstance3D	1.0x1.9x0.1	StreetIdShot/OrisonRoot/SITE_SHOP_DOOR_KEYS_CUT/FixedIronmongery/@MeshInstance3D@5560
[IDLEG] 0	184,152,216	MeshInstance3D	0.0x0.4x0.0	StreetIdShot/OrisonRoot/SITE_SHOP_LT_KEYS_CUT/@Node3D@5567/@MeshInstance3D@5568
[IDLEG] 0	200,152,216	MeshInstance3D	0.1x0.1x0.1	StreetIdShot/OrisonRoot/SITE_SHOP_LT_KEYS_CUT/@Node3D@5567/bulb
[IDLEG] 0	216,152,216	MeshInstance3D	0.2x0.2x0.0	StreetIdShot/OrisonRoot/SITE_SHOP_LT_KEYS_CUT/@Node3D@5567/@MeshInstance3D@5569
[IDLEG] 0	232,152,216	MeshInstance3D	0.1x0.2x0.1	StreetIdShot/OrisonRoot/SITE_SHOP_LT_KEYS_CUT/@Node3D@5567/@MeshInstance3D@5570
[IDLEG] 0	248,152,216	MeshInstance3D	0.1x0.2x0.1	StreetIdShot/OrisonRoot/SITE_SHOP_LT_KEYS_CUT/@Node3D@5567/@MeshInstance3D@5571
[IDLEG] 0	8,168,216	MeshInstance3D	0.1x0.0x0.1	StreetIdShot/OrisonRoot/SITE_SHOP_LT_KEYS_CUT/@Node3D@5567/@MeshInstance3D@5572
[IDLEG] 0	24,168,216	MeshInstance3D	0.0x0.4x0.0	StreetIdShot/OrisonRoot/SITE_SHOP_IN0_KEYS_CUT/@Node3D@5576/@MeshInstance3D@5577
[IDLEG] 0	40,168,216	MeshInstance3D	0.1x0.1x0.1	StreetIdShot/OrisonRoot/SITE_SHOP_IN0_KEYS_CUT/@Node3D@5576/bulb
[IDLEG] 0	56,168,216	MeshInstance3D	0.2x0.2x0.0	StreetIdShot/OrisonRoot/SITE_SHOP_IN0_KEYS_CUT/@Node3D@5576/@MeshInstance3D@5578
[IDLEG] 0	72,168,216	MeshInstance3D	0.1x0.2x0.1	StreetIdShot/OrisonRoot/SITE_SHOP_IN0_KEYS_CUT/@Node3D@5576/@MeshInstance3D@5579
[IDLEG] 0	88,168,216	MeshInstance3D	0.1x0.2x0.1	StreetIdShot/OrisonRoot/SITE_SHOP_IN0_KEYS_CUT/@Node3D@5576/@MeshInstance3D@5580
[IDLEG] 0	104,168,216	MeshInstance3D	0.1x0.0x0.1	StreetIdShot/OrisonRoot/SITE_SHOP_IN0_KEYS_CUT/@Node3D@5576/@MeshInstance3D@5581
[IDLEG] 0	120,168,216	MeshInstance3D	0.0x0.4x0.0	StreetIdShot/OrisonRoot/SITE_SHOP_IN1_KEYS_CUT/@Node3D@5585/@MeshInstance3D@5586
[IDLEG] 0	136,168,216	MeshInstance3D	0.1x0.1x0.1	StreetIdShot/OrisonRoot/SITE_SHOP_IN1_KEYS_CUT/@Node3D@5585/bulb
[IDLEG] 0	152,168,216	MeshInstance3D	0.2x0.2x0.0	StreetIdShot/OrisonRoot/SITE_SHOP_IN1_KEYS_CUT/@Node3D@5585/@MeshInstance3D@5587
[IDLEG] 0	168,168,216	MeshInstance3D	0.1x0.2x0.1	StreetIdShot/OrisonRoot/SITE_SHOP_IN1_KEYS_CUT/@Node3D@5585/@MeshInstance3D@5588
[IDLEG] 0	184,168,216	MeshInstance3D	0.1x0.2x0.1	StreetIdShot/OrisonRoot/SITE_SHOP_IN1_KEYS_CUT/@Node3D@5585/@MeshInstance3D@5589
[IDLEG] 0	200,168,216	MeshInstance3D	0.1x0.0x0.1	StreetIdShot/OrisonRoot/SITE_SHOP_IN1_KEYS_CUT/@Node3D@5585/@MeshInstance3D@5590
[IDLEG] 0	216,168,216	MeshInstance3D	0.9x2.1x0.1	StreetIdShot/OrisonRoot/SITE_SHOP_DOOR_RADIO_SERVICE/HingedLeaf/@MeshInstance3D@5611
[IDLEG] 0	232,168,216	MeshInstance3D	0.0x0.4x0.2	StreetIdShot/OrisonRoot/SITE_SHOP_DOOR_RADIO_SERVICE/HingedLeaf/@MeshInstance3D@5613
[IDLEG] 0	248,168,216	MeshInstance3D	1.0x1.9x0.1	StreetIdShot/OrisonRoot/SITE_SHOP_DOOR_RADIO_SERVICE/FixedIronmongery/@MeshInstance3D@5614
[IDLEG] 0	8,184,216	MeshInstance3D	0.0x0.4x0.0	StreetIdShot/OrisonRoot/SITE_SHOP_LT_RADIO_SERVICE/@Node3D@5619/@MeshInstance3D@5620
[IDLEG] 0	24,184,216	MeshInstance3D	0.1x0.1x0.1	StreetIdShot/OrisonRoot/SITE_SHOP_LT_RADIO_SERVICE/@Node3D@5619/bulb
[IDLEG] 0	40,184,216	MeshInstance3D	0.2x0.2x0.0	StreetIdShot/OrisonRoot/SITE_SHOP_LT_RADIO_SERVICE/@Node3D@5619/@MeshInstance3D@5621
[IDLEG] 0	56,184,216	MeshInstance3D	0.1x0.2x0.1	StreetIdShot/OrisonRoot/SITE_SHOP_LT_RADIO_SERVICE/@Node3D@5619/@MeshInstance3D@5622
[IDLEG] 0	72,184,216	MeshInstance3D	0.1x0.2x0.1	StreetIdShot/OrisonRoot/SITE_SHOP_LT_RADIO_SERVICE/@Node3D@5619/@MeshInstance3D@5623
[IDLEG] 0	88,184,216	MeshInstance3D	0.1x0.0x0.1	StreetIdShot/OrisonRoot/SITE_SHOP_LT_RADIO_SERVICE/@Node3D@5619/@MeshInstance3D@5624
[IDLEG] 0	104,184,216	MeshInstance3D	0.0x0.4x0.0	StreetIdShot/OrisonRoot/SITE_SHOP_IN0_RADIO_SERVICE/@Node3D@5628/@MeshInstance3D@5629
[IDLEG] 0	120,184,216	MeshInstance3D	0.1x0.1x0.1	StreetIdShot/OrisonRoot/SITE_SHOP_IN0_RADIO_SERVICE/@Node3D@5628/bulb
[IDLEG] 0	136,184,216	MeshInstance3D	0.2x0.2x0.0	StreetIdShot/OrisonRoot/SITE_SHOP_IN0_RADIO_SERVICE/@Node3D@5628/@MeshInstance3D@5630
[IDLEG] 0	152,184,216	MeshInstance3D	0.1x0.2x0.1	StreetIdShot/OrisonRoot/SITE_SHOP_IN0_RADIO_SERVICE/@Node3D@5628/@MeshInstance3D@5631
[IDLEG] 0	168,184,216	MeshInstance3D	0.1x0.2x0.1	StreetIdShot/OrisonRoot/SITE_SHOP_IN0_RADIO_SERVICE/@Node3D@5628/@MeshInstance3D@5632
[IDLEG] 0	184,184,216	MeshInstance3D	0.1x0.0x0.1	StreetIdShot/OrisonRoot/SITE_SHOP_IN0_RADIO_SERVICE/@Node3D@5628/@MeshInstance3D@5633
[IDLEG] 0	200,184,216	MeshInstance3D	0.0x0.4x0.0	StreetIdShot/OrisonRoot/SITE_SHOP_IN1_RADIO_SERVICE/@Node3D@5637/@MeshInstance3D@5638
[IDLEG] 0	216,184,216	MeshInstance3D	0.1x0.1x0.1	StreetIdShot/OrisonRoot/SITE_SHOP_IN1_RADIO_SERVICE/@Node3D@5637/bulb
[IDLEG] 0	232,184,216	MeshInstance3D	0.2x0.2x0.0	StreetIdShot/OrisonRoot/SITE_SHOP_IN1_RADIO_SERVICE/@Node3D@5637/@MeshInstance3D@5639
[IDLEG] 0	248,184,216	MeshInstance3D	0.1x0.2x0.1	StreetIdShot/OrisonRoot/SITE_SHOP_IN1_RADIO_SERVICE/@Node3D@5637/@MeshInstance3D@5640
[IDLEG] 0	8,200,216	MeshInstance3D	0.1x0.2x0.1	StreetIdShot/OrisonRoot/SITE_SHOP_IN1_RADIO_SERVICE/@Node3D@5637/@MeshInstance3D@5641
[IDLEG] 0	24,200,216	MeshInstance3D	0.1x0.0x0.1	StreetIdShot/OrisonRoot/SITE_SHOP_IN1_RADIO_SERVICE/@Node3D@5637/@MeshInstance3D@5642
[IDLEG] 0	40,200,216	MeshInstance3D	0.9x2.1x0.3	StreetIdShot/OrisonRoot/SITE_SHOP_DOOR_LUNCHEONETTE/HingedLeaf/@MeshInstance3D@5663
[IDLEG] 0	56,200,216	MeshInstance3D	0.1x0.4x0.2	StreetIdShot/OrisonRoot/SITE_SHOP_DOOR_LUNCHEONETTE/HingedLeaf/@MeshInstance3D@5665
[IDLEG] 0	72,200,216	MeshInstance3D	1.0x1.9x0.1	StreetIdShot/OrisonRoot/SITE_SHOP_DOOR_LUNCHEONETTE/FixedIronmongery/@MeshInstance3D@5666
[IDLEG] 0	88,200,216	MeshInstance3D	0.0x0.4x0.0	StreetIdShot/OrisonRoot/SITE_SHOP_LT_LUNCHEONETTE/@Node3D@5671/@MeshInstance3D@5672
[IDLEG] 0	104,200,216	MeshInstance3D	0.1x0.1x0.1	StreetIdShot/OrisonRoot/SITE_SHOP_LT_LUNCHEONETTE/@Node3D@5671/bulb
[IDLEG] 0	120,200,216	MeshInstance3D	0.2x0.2x0.0	StreetIdShot/OrisonRoot/SITE_SHOP_LT_LUNCHEONETTE/@Node3D@5671/@MeshInstance3D@5673
[IDLEG] 0	136,200,216	MeshInstance3D	0.1x0.2x0.1	StreetIdShot/OrisonRoot/SITE_SHOP_LT_LUNCHEONETTE/@Node3D@5671/@MeshInstance3D@5674
[IDLEG] 0	152,200,216	MeshInstance3D	0.1x0.2x0.1	StreetIdShot/OrisonRoot/SITE_SHOP_LT_LUNCHEONETTE/@Node3D@5671/@MeshInstance3D@5675
[IDLEG] 0	168,200,216	MeshInstance3D	0.1x0.0x0.1	StreetIdShot/OrisonRoot/SITE_SHOP_LT_LUNCHEONETTE/@Node3D@5671/@MeshInstance3D@5676
[IDLEG] 0	184,200,216	MeshInstance3D	0.0x0.4x0.0	StreetIdShot/OrisonRoot/SITE_SHOP_IN0_LUNCHEONETTE/@Node3D@5680/@MeshInstance3D@5681
[IDLEG] 0	200,200,216	MeshInstance3D	0.1x0.1x0.1	StreetIdShot/OrisonRoot/SITE_SHOP_IN0_LUNCHEONETTE/@Node3D@5680/bulb
[IDLEG] 0	216,200,216	MeshInstance3D	0.2x0.2x0.0	StreetIdShot/OrisonRoot/SITE_SHOP_IN0_LUNCHEONETTE/@Node3D@5680/@MeshInstance3D@5682
[IDLEG] 0	232,200,216	MeshInstance3D	0.1x0.2x0.1	StreetIdShot/OrisonRoot/SITE_SHOP_IN0_LUNCHEONETTE/@Node3D@5680/@MeshInstance3D@5683
[IDLEG] 0	248,200,216	MeshInstance3D	0.1x0.2x0.1	StreetIdShot/OrisonRoot/SITE_SHOP_IN0_LUNCHEONETTE/@Node3D@5680/@MeshInstance3D@5684
[IDLEG] 0	8,216,216	MeshInstance3D	0.1x0.0x0.1	StreetIdShot/OrisonRoot/SITE_SHOP_IN0_LUNCHEONETTE/@Node3D@5680/@MeshInstance3D@5685
[IDLEG] 0	24,216,216	MeshInstance3D	0.0x0.4x0.0	StreetIdShot/OrisonRoot/SITE_SHOP_IN1_LUNCHEONETTE/@Node3D@5689/@MeshInstance3D@5690
[IDLEG] 0	40,216,216	MeshInstance3D	0.1x0.1x0.1	StreetIdShot/OrisonRoot/SITE_SHOP_IN1_LUNCHEONETTE/@Node3D@5689/bulb
[IDLEG] 0	56,216,216	MeshInstance3D	0.2x0.2x0.0	StreetIdShot/OrisonRoot/SITE_SHOP_IN1_LUNCHEONETTE/@Node3D@5689/@MeshInstance3D@5691
[IDLEG] 0	72,216,216	MeshInstance3D	0.1x0.2x0.1	StreetIdShot/OrisonRoot/SITE_SHOP_IN1_LUNCHEONETTE/@Node3D@5689/@MeshInstance3D@5692
[IDLEG] 0	88,216,216	MeshInstance3D	0.1x0.2x0.1	StreetIdShot/OrisonRoot/SITE_SHOP_IN1_LUNCHEONETTE/@Node3D@5689/@MeshInstance3D@5693
[IDLEG] 0	104,216,216	MeshInstance3D	0.1x0.0x0.1	StreetIdShot/OrisonRoot/SITE_SHOP_IN1_LUNCHEONETTE/@Node3D@5689/@MeshInstance3D@5694
[IDLEG] 0	120,216,216	MeshInstance3D	0.0x0.4x0.0	StreetIdShot/OrisonRoot/SITE_SHOP_IN2_LUNCHEONETTE/@Node3D@5698/@MeshInstance3D@5699
[IDLEG] 0	136,216,216	MeshInstance3D	0.1x0.1x0.1	StreetIdShot/OrisonRoot/SITE_SHOP_IN2_LUNCHEONETTE/@Node3D@5698/bulb
[IDLEG] 0	152,216,216	MeshInstance3D	0.2x0.2x0.0	StreetIdShot/OrisonRoot/SITE_SHOP_IN2_LUNCHEONETTE/@Node3D@5698/@MeshInstance3D@5700
[IDLEG] 0	168,216,216	MeshInstance3D	0.1x0.2x0.1	StreetIdShot/OrisonRoot/SITE_SHOP_IN2_LUNCHEONETTE/@Node3D@5698/@MeshInstance3D@5701
[IDLEG] 0	184,216,216	MeshInstance3D	0.1x0.2x0.1	StreetIdShot/OrisonRoot/SITE_SHOP_IN2_LUNCHEONETTE/@Node3D@5698/@MeshInstance3D@5702
[IDLEG] 0	200,216,216	MeshInstance3D	0.1x0.0x0.1	StreetIdShot/OrisonRoot/SITE_SHOP_IN2_LUNCHEONETTE/@Node3D@5698/@MeshInstance3D@5703
[IDLEG] 0	216,216,216	MeshInstance3D	0.9x2.1x0.1	StreetIdShot/OrisonRoot/SITE_SHOP_DOOR_NEWS_CIGARS/HingedLeaf/@MeshInstance3D@5724
[IDLEG] 0	232,216,216	MeshInstance3D	0.0x0.4x0.2	StreetIdShot/OrisonRoot/SITE_SHOP_DOOR_NEWS_CIGARS/HingedLeaf/@MeshInstance3D@5726
[IDLEG] 0	248,216,216	MeshInstance3D	1.0x1.9x0.1	StreetIdShot/OrisonRoot/SITE_SHOP_DOOR_NEWS_CIGARS/FixedIronmongery/@MeshInstance3D@5727
[IDLEG] 0	8,232,216	MeshInstance3D	0.0x0.4x0.0	StreetIdShot/OrisonRoot/SITE_SHOP_LT_NEWS_CIGARS/@Node3D@5734/@MeshInstance3D@5735
[IDLEG] 0	24,232,216	MeshInstance3D	0.1x0.1x0.1	StreetIdShot/OrisonRoot/SITE_SHOP_LT_NEWS_CIGARS/@Node3D@5734/bulb
[IDLEG] 0	40,232,216	MeshInstance3D	0.2x0.2x0.0	StreetIdShot/OrisonRoot/SITE_SHOP_LT_NEWS_CIGARS/@Node3D@5734/@MeshInstance3D@5736
[IDLEG] 0	56,232,216	MeshInstance3D	0.1x0.2x0.1	StreetIdShot/OrisonRoot/SITE_SHOP_LT_NEWS_CIGARS/@Node3D@5734/@MeshInstance3D@5737
[IDLEG] 0	72,232,216	MeshInstance3D	0.1x0.2x0.1	StreetIdShot/OrisonRoot/SITE_SHOP_LT_NEWS_CIGARS/@Node3D@5734/@MeshInstance3D@5738
[IDLEG] 0	88,232,216	MeshInstance3D	0.1x0.0x0.1	StreetIdShot/OrisonRoot/SITE_SHOP_LT_NEWS_CIGARS/@Node3D@5734/@MeshInstance3D@5739
[IDLEG] 0	104,232,216	MeshInstance3D	0.0x0.4x0.0	StreetIdShot/OrisonRoot/SITE_SHOP_IN0_NEWS_CIGARS/@Node3D@5743/@MeshInstance3D@5744
[IDLEG] 0	120,232,216	MeshInstance3D	0.1x0.1x0.1	StreetIdShot/OrisonRoot/SITE_SHOP_IN0_NEWS_CIGARS/@Node3D@5743/bulb
[IDLEG] 0	136,232,216	MeshInstance3D	0.2x0.2x0.0	StreetIdShot/OrisonRoot/SITE_SHOP_IN0_NEWS_CIGARS/@Node3D@5743/@MeshInstance3D@5745
[IDLEG] 0	152,232,216	MeshInstance3D	0.1x0.2x0.1	StreetIdShot/OrisonRoot/SITE_SHOP_IN0_NEWS_CIGARS/@Node3D@5743/@MeshInstance3D@5746
[IDLEG] 0	168,232,216	MeshInstance3D	0.1x0.2x0.1	StreetIdShot/OrisonRoot/SITE_SHOP_IN0_NEWS_CIGARS/@Node3D@5743/@MeshInstance3D@5747
[IDLEG] 0	184,232,216	MeshInstance3D	0.1x0.0x0.1	StreetIdShot/OrisonRoot/SITE_SHOP_IN0_NEWS_CIGARS/@Node3D@5743/@MeshInstance3D@5748
[IDLEG] 0	200,232,216	MeshInstance3D	0.0x0.4x0.0	StreetIdShot/OrisonRoot/SITE_SHOP_IN1_NEWS_CIGARS/@Node3D@5752/@MeshInstance3D@5753
[IDLEG] 0	216,232,216	MeshInstance3D	0.1x0.1x0.1	StreetIdShot/OrisonRoot/SITE_SHOP_IN1_NEWS_CIGARS/@Node3D@5752/bulb
[IDLEG] 0	232,232,216	MeshInstance3D	0.2x0.2x0.0	StreetIdShot/OrisonRoot/SITE_SHOP_IN1_NEWS_CIGARS/@Node3D@5752/@MeshInstance3D@5754
[IDLEG] 0	248,232,216	MeshInstance3D	0.1x0.2x0.1	StreetIdShot/OrisonRoot/SITE_SHOP_IN1_NEWS_CIGARS/@Node3D@5752/@MeshInstance3D@5755
[IDLEG] 0	8,248,216	MeshInstance3D	0.1x0.2x0.1	StreetIdShot/OrisonRoot/SITE_SHOP_IN1_NEWS_CIGARS/@Node3D@5752/@MeshInstance3D@5756
[IDLEG] 0	24,248,216	MeshInstance3D	0.1x0.0x0.1	StreetIdShot/OrisonRoot/SITE_SHOP_IN1_NEWS_CIGARS/@Node3D@5752/@MeshInstance3D@5757
[IDLEG] 0	40,248,216	MeshInstance3D	0.9x2.1x0.1	StreetIdShot/OrisonRoot/SITE_SHOP_DOOR_PAWNBROKER/HingedLeaf/@MeshInstance3D@5778
[IDLEG] 0	56,248,216	MeshInstance3D	0.0x0.4x0.2	StreetIdShot/OrisonRoot/SITE_SHOP_DOOR_PAWNBROKER/HingedLeaf/@MeshInstance3D@5780
[IDLEG] 0	72,248,216	MeshInstance3D	1.0x1.9x0.1	StreetIdShot/OrisonRoot/SITE_SHOP_DOOR_PAWNBROKER/FixedIronmongery/@MeshInstance3D@5781
[IDLEG] 0	88,248,216	MeshInstance3D	0.0x0.4x0.0	StreetIdShot/OrisonRoot/SITE_SHOP_LT_PAWNBROKER/@Node3D@5788/@MeshInstance3D@5789
[IDLEG] 0	104,248,216	MeshInstance3D	0.1x0.1x0.1	StreetIdShot/OrisonRoot/SITE_SHOP_LT_PAWNBROKER/@Node3D@5788/bulb
[IDLEG] 0	120,248,216	MeshInstance3D	0.2x0.2x0.0	StreetIdShot/OrisonRoot/SITE_SHOP_LT_PAWNBROKER/@Node3D@5788/@MeshInstance3D@5790
[IDLEG] 0	136,248,216	MeshInstance3D	0.1x0.2x0.1	StreetIdShot/OrisonRoot/SITE_SHOP_LT_PAWNBROKER/@Node3D@5788/@MeshInstance3D@5791
[IDLEG] 0	152,248,216	MeshInstance3D	0.1x0.2x0.1	StreetIdShot/OrisonRoot/SITE_SHOP_LT_PAWNBROKER/@Node3D@5788/@MeshInstance3D@5792
[IDLEG] 0	168,248,216	MeshInstance3D	0.1x0.0x0.1	StreetIdShot/OrisonRoot/SITE_SHOP_LT_PAWNBROKER/@Node3D@5788/@MeshInstance3D@5793
[IDLEG] 0	184,248,216	MeshInstance3D	0.0x0.4x0.0	StreetIdShot/OrisonRoot/SITE_SHOP_IN0_PAWNBROKER/@Node3D@5797/@MeshInstance3D@5798
[IDLEG] 0	200,248,216	MeshInstance3D	0.1x0.1x0.1	StreetIdShot/OrisonRoot/SITE_SHOP_IN0_PAWNBROKER/@Node3D@5797/bulb
[IDLEG] 0	216,248,216	MeshInstance3D	0.2x0.2x0.0	StreetIdShot/OrisonRoot/SITE_SHOP_IN0_PAWNBROKER/@Node3D@5797/@MeshInstance3D@5799
[IDLEG] 0	232,248,216	MeshInstance3D	0.1x0.2x0.1	StreetIdShot/OrisonRoot/SITE_SHOP_IN0_PAWNBROKER/@Node3D@5797/@MeshInstance3D@5800
[IDLEG] 0	248,248,216	MeshInstance3D	0.1x0.2x0.1	StreetIdShot/OrisonRoot/SITE_SHOP_IN0_PAWNBROKER/@Node3D@5797/@MeshInstance3D@5801
[IDLEG] 0	8,8,232	MeshInstance3D	0.1x0.0x0.1	StreetIdShot/OrisonRoot/SITE_SHOP_IN0_PAWNBROKER/@Node3D@5797/@MeshInstance3D@5802
[IDLEG] 0	24,8,232	MeshInstance3D	0.0x0.4x0.0	StreetIdShot/OrisonRoot/SITE_SHOP_IN1_PAWNBROKER/@Node3D@5806/@MeshInstance3D@5807
[IDLEG] 0	40,8,232	MeshInstance3D	0.1x0.1x0.1	StreetIdShot/OrisonRoot/SITE_SHOP_IN1_PAWNBROKER/@Node3D@5806/bulb
[IDLEG] 0	56,8,232	MeshInstance3D	0.2x0.2x0.0	StreetIdShot/OrisonRoot/SITE_SHOP_IN1_PAWNBROKER/@Node3D@5806/@MeshInstance3D@5808
[IDLEG] 0	72,8,232	MeshInstance3D	0.1x0.2x0.1	StreetIdShot/OrisonRoot/SITE_SHOP_IN1_PAWNBROKER/@Node3D@5806/@MeshInstance3D@5809
[IDLEG] 0	88,8,232	MeshInstance3D	0.1x0.2x0.1	StreetIdShot/OrisonRoot/SITE_SHOP_IN1_PAWNBROKER/@Node3D@5806/@MeshInstance3D@5810
[IDLEG] 0	104,8,232	MeshInstance3D	0.1x0.0x0.1	StreetIdShot/OrisonRoot/SITE_SHOP_IN1_PAWNBROKER/@Node3D@5806/@MeshInstance3D@5811
[IDLEG] 0	120,8,232	MeshInstance3D	1.0x2.1x0.1	StreetIdShot/OrisonRoot/SITE_SHOP_DOOR_FUNERAL_PARLOUR/HingedLeaf/@MeshInstance3D@5832
[IDLEG] 0	136,8,232	MeshInstance3D	0.0x0.4x0.2	StreetIdShot/OrisonRoot/SITE_SHOP_DOOR_FUNERAL_PARLOUR/HingedLeaf/@MeshInstance3D@5834
[IDLEG] 0	152,8,232	MeshInstance3D	1.0x1.9x0.1	StreetIdShot/OrisonRoot/SITE_SHOP_DOOR_FUNERAL_PARLOUR/FixedIronmongery/@MeshInstance3D@5835
[IDLEG] 0	168,8,232	MeshInstance3D	0.0x0.4x0.0	StreetIdShot/OrisonRoot/SITE_SHOP_LT_FUNERAL_PARLOUR/@Node3D@5840/@MeshInstance3D@5841
[IDLEG] 0	184,8,232	MeshInstance3D	0.1x0.1x0.1	StreetIdShot/OrisonRoot/SITE_SHOP_LT_FUNERAL_PARLOUR/@Node3D@5840/bulb
[IDLEG] 0	200,8,232	MeshInstance3D	0.2x0.2x0.0	StreetIdShot/OrisonRoot/SITE_SHOP_LT_FUNERAL_PARLOUR/@Node3D@5840/@MeshInstance3D@5842
[IDLEG] 0	216,8,232	MeshInstance3D	0.1x0.2x0.1	StreetIdShot/OrisonRoot/SITE_SHOP_LT_FUNERAL_PARLOUR/@Node3D@5840/@MeshInstance3D@5843
[IDLEG] 0	232,8,232	MeshInstance3D	0.1x0.2x0.1	StreetIdShot/OrisonRoot/SITE_SHOP_LT_FUNERAL_PARLOUR/@Node3D@5840/@MeshInstance3D@5844
[IDLEG] 0	248,8,232	MeshInstance3D	0.1x0.0x0.1	StreetIdShot/OrisonRoot/SITE_SHOP_LT_FUNERAL_PARLOUR/@Node3D@5840/@MeshInstance3D@5845
[IDLEG] 0	8,24,232	MeshInstance3D	0.0x0.4x0.0	StreetIdShot/OrisonRoot/SITE_SHOP_IN0_FUNERAL_PARLOUR/@Node3D@5849/@MeshInstance3D@5850
[IDLEG] 0	24,24,232	MeshInstance3D	0.1x0.1x0.1	StreetIdShot/OrisonRoot/SITE_SHOP_IN0_FUNERAL_PARLOUR/@Node3D@5849/bulb
[IDLEG] 0	40,24,232	MeshInstance3D	0.2x0.2x0.0	StreetIdShot/OrisonRoot/SITE_SHOP_IN0_FUNERAL_PARLOUR/@Node3D@5849/@MeshInstance3D@5851
[IDLEG] 0	56,24,232	MeshInstance3D	0.1x0.2x0.1	StreetIdShot/OrisonRoot/SITE_SHOP_IN0_FUNERAL_PARLOUR/@Node3D@5849/@MeshInstance3D@5852
[IDLEG] 0	72,24,232	MeshInstance3D	0.1x0.2x0.1	StreetIdShot/OrisonRoot/SITE_SHOP_IN0_FUNERAL_PARLOUR/@Node3D@5849/@MeshInstance3D@5853
[IDLEG] 0	88,24,232	MeshInstance3D	0.1x0.0x0.1	StreetIdShot/OrisonRoot/SITE_SHOP_IN0_FUNERAL_PARLOUR/@Node3D@5849/@MeshInstance3D@5854
[IDLEG] 0	104,24,232	MeshInstance3D	0.0x0.4x0.0	StreetIdShot/OrisonRoot/SITE_SHOP_IN1_FUNERAL_PARLOUR/@Node3D@5858/@MeshInstance3D@5859
[IDLEG] 0	120,24,232	MeshInstance3D	0.1x0.1x0.1	StreetIdShot/OrisonRoot/SITE_SHOP_IN1_FUNERAL_PARLOUR/@Node3D@5858/bulb
[IDLEG] 0	136,24,232	MeshInstance3D	0.2x0.2x0.0	StreetIdShot/OrisonRoot/SITE_SHOP_IN1_FUNERAL_PARLOUR/@Node3D@5858/@MeshInstance3D@5860
[IDLEG] 0	152,24,232	MeshInstance3D	0.1x0.2x0.1	StreetIdShot/OrisonRoot/SITE_SHOP_IN1_FUNERAL_PARLOUR/@Node3D@5858/@MeshInstance3D@5861
[IDLEG] 0	168,24,232	MeshInstance3D	0.1x0.2x0.1	StreetIdShot/OrisonRoot/SITE_SHOP_IN1_FUNERAL_PARLOUR/@Node3D@5858/@MeshInstance3D@5862
[IDLEG] 0	184,24,232	MeshInstance3D	0.1x0.0x0.1	StreetIdShot/OrisonRoot/SITE_SHOP_IN1_FUNERAL_PARLOUR/@Node3D@5858/@MeshInstance3D@5863
[IDLEG] 0	200,24,232	MeshInstance3D	0.0x0.4x0.0	StreetIdShot/OrisonRoot/SITE_SHOP_IN2_FUNERAL_PARLOUR/@Node3D@5867/@MeshInstance3D@5868
[IDLEG] 0	216,24,232	MeshInstance3D	0.1x0.1x0.1	StreetIdShot/OrisonRoot/SITE_SHOP_IN2_FUNERAL_PARLOUR/@Node3D@5867/bulb
[IDLEG] 0	232,24,232	MeshInstance3D	0.2x0.2x0.0	StreetIdShot/OrisonRoot/SITE_SHOP_IN2_FUNERAL_PARLOUR/@Node3D@5867/@MeshInstance3D@5869
[IDLEG] 0	248,24,232	MeshInstance3D	0.1x0.2x0.1	StreetIdShot/OrisonRoot/SITE_SHOP_IN2_FUNERAL_PARLOUR/@Node3D@5867/@MeshInstance3D@5870
[IDLEG] 0	8,40,232	MeshInstance3D	0.1x0.2x0.1	StreetIdShot/OrisonRoot/SITE_SHOP_IN2_FUNERAL_PARLOUR/@Node3D@5867/@MeshInstance3D@5871
[IDLEG] 0	24,40,232	MeshInstance3D	0.1x0.0x0.1	StreetIdShot/OrisonRoot/SITE_SHOP_IN2_FUNERAL_PARLOUR/@Node3D@5867/@MeshInstance3D@5872
[IDLEG] 0	40,40,232	MeshInstance3D	1.0x2.1x0.1	StreetIdShot/OrisonRoot/SITE_SHOP_DOOR_HARDWARE_PAINT/HingedLeaf/@MeshInstance3D@5893
[IDLEG] 0	56,40,232	MeshInstance3D	0.0x0.4x0.2	StreetIdShot/OrisonRoot/SITE_SHOP_DOOR_HARDWARE_PAINT/HingedLeaf/@MeshInstance3D@5895
[IDLEG] 0	72,40,232	MeshInstance3D	1.0x1.9x0.1	StreetIdShot/OrisonRoot/SITE_SHOP_DOOR_HARDWARE_PAINT/FixedIronmongery/@MeshInstance3D@5896
[IDLEG] 0	88,40,232	MeshInstance3D	0.0x0.4x0.0	StreetIdShot/OrisonRoot/SITE_SHOP_LT_HARDWARE_PAINT/@Node3D@5903/@MeshInstance3D@5904
[IDLEG] 0	104,40,232	MeshInstance3D	0.1x0.1x0.1	StreetIdShot/OrisonRoot/SITE_SHOP_LT_HARDWARE_PAINT/@Node3D@5903/bulb
[IDLEG] 0	120,40,232	MeshInstance3D	0.2x0.2x0.0	StreetIdShot/OrisonRoot/SITE_SHOP_LT_HARDWARE_PAINT/@Node3D@5903/@MeshInstance3D@5905
[IDLEG] 0	136,40,232	MeshInstance3D	0.1x0.2x0.1	StreetIdShot/OrisonRoot/SITE_SHOP_LT_HARDWARE_PAINT/@Node3D@5903/@MeshInstance3D@5906
[IDLEG] 0	152,40,232	MeshInstance3D	0.1x0.2x0.1	StreetIdShot/OrisonRoot/SITE_SHOP_LT_HARDWARE_PAINT/@Node3D@5903/@MeshInstance3D@5907
[IDLEG] 0	168,40,232	MeshInstance3D	0.1x0.0x0.1	StreetIdShot/OrisonRoot/SITE_SHOP_LT_HARDWARE_PAINT/@Node3D@5903/@MeshInstance3D@5908
[IDLEG] 0	184,40,232	MeshInstance3D	0.0x0.4x0.0	StreetIdShot/OrisonRoot/SITE_SHOP_IN0_HARDWARE_PAINT/@Node3D@5912/@MeshInstance3D@5913
[IDLEG] 0	200,40,232	MeshInstance3D	0.1x0.1x0.1	StreetIdShot/OrisonRoot/SITE_SHOP_IN0_HARDWARE_PAINT/@Node3D@5912/bulb
[IDLEG] 0	216,40,232	MeshInstance3D	0.2x0.2x0.0	StreetIdShot/OrisonRoot/SITE_SHOP_IN0_HARDWARE_PAINT/@Node3D@5912/@MeshInstance3D@5914
[IDLEG] 0	232,40,232	MeshInstance3D	0.1x0.2x0.1	StreetIdShot/OrisonRoot/SITE_SHOP_IN0_HARDWARE_PAINT/@Node3D@5912/@MeshInstance3D@5915
[IDLEG] 0	248,40,232	MeshInstance3D	0.1x0.2x0.1	StreetIdShot/OrisonRoot/SITE_SHOP_IN0_HARDWARE_PAINT/@Node3D@5912/@MeshInstance3D@5916
[IDLEG] 0	8,56,232	MeshInstance3D	0.1x0.0x0.1	StreetIdShot/OrisonRoot/SITE_SHOP_IN0_HARDWARE_PAINT/@Node3D@5912/@MeshInstance3D@5917
[IDLEG] 0	24,56,232	MeshInstance3D	0.0x0.4x0.0	StreetIdShot/OrisonRoot/SITE_SHOP_IN1_HARDWARE_PAINT/@Node3D@5921/@MeshInstance3D@5922
[IDLEG] 0	40,56,232	MeshInstance3D	0.1x0.1x0.1	StreetIdShot/OrisonRoot/SITE_SHOP_IN1_HARDWARE_PAINT/@Node3D@5921/bulb
[IDLEG] 0	56,56,232	MeshInstance3D	0.2x0.2x0.0	StreetIdShot/OrisonRoot/SITE_SHOP_IN1_HARDWARE_PAINT/@Node3D@5921/@MeshInstance3D@5923
[IDLEG] 0	72,56,232	MeshInstance3D	0.1x0.2x0.1	StreetIdShot/OrisonRoot/SITE_SHOP_IN1_HARDWARE_PAINT/@Node3D@5921/@MeshInstance3D@5924
[IDLEG] 0	88,56,232	MeshInstance3D	0.1x0.2x0.1	StreetIdShot/OrisonRoot/SITE_SHOP_IN1_HARDWARE_PAINT/@Node3D@5921/@MeshInstance3D@5925
[IDLEG] 0	104,56,232	MeshInstance3D	0.1x0.0x0.1	StreetIdShot/OrisonRoot/SITE_SHOP_IN1_HARDWARE_PAINT/@Node3D@5921/@MeshInstance3D@5926
[IDLEG] 0	120,56,232	MeshInstance3D	0.0x0.4x0.0	StreetIdShot/OrisonRoot/SITE_SHOP_IN2_HARDWARE_PAINT/@Node3D@5930/@MeshInstance3D@5931
[IDLEG] 0	136,56,232	MeshInstance3D	0.1x0.1x0.1	StreetIdShot/OrisonRoot/SITE_SHOP_IN2_HARDWARE_PAINT/@Node3D@5930/bulb
[IDLEG] 0	152,56,232	MeshInstance3D	0.2x0.2x0.0	StreetIdShot/OrisonRoot/SITE_SHOP_IN2_HARDWARE_PAINT/@Node3D@5930/@MeshInstance3D@5932
[IDLEG] 0	168,56,232	MeshInstance3D	0.1x0.2x0.1	StreetIdShot/OrisonRoot/SITE_SHOP_IN2_HARDWARE_PAINT/@Node3D@5930/@MeshInstance3D@5933
[IDLEG] 0	184,56,232	MeshInstance3D	0.1x0.2x0.1	StreetIdShot/OrisonRoot/SITE_SHOP_IN2_HARDWARE_PAINT/@Node3D@5930/@MeshInstance3D@5934
[IDLEG] 0	200,56,232	MeshInstance3D	0.1x0.0x0.1	StreetIdShot/OrisonRoot/SITE_SHOP_IN2_HARDWARE_PAINT/@Node3D@5930/@MeshInstance3D@5935
[IDLEG] 0	216,56,232	MeshInstance3D	1.0x2.1x0.1	StreetIdShot/OrisonRoot/SITE_SHOP_DOOR_PHOTO_SUPPLIES/HingedLeaf/@MeshInstance3D@5956
[IDLEG] 0	232,56,232	MeshInstance3D	0.0x0.4x0.2	StreetIdShot/OrisonRoot/SITE_SHOP_DOOR_PHOTO_SUPPLIES/HingedLeaf/@MeshInstance3D@5958
[IDLEG] 0	248,56,232	MeshInstance3D	1.0x1.9x0.1	StreetIdShot/OrisonRoot/SITE_SHOP_DOOR_PHOTO_SUPPLIES/FixedIronmongery/@MeshInstance3D@5959
[IDLEG] 0	8,72,232	MeshInstance3D	0.0x0.4x0.0	StreetIdShot/OrisonRoot/SITE_SHOP_LT_PHOTO_SUPPLIES/@Node3D@5964/@MeshInstance3D@5965
[IDLEG] 0	24,72,232	MeshInstance3D	0.1x0.1x0.1	StreetIdShot/OrisonRoot/SITE_SHOP_LT_PHOTO_SUPPLIES/@Node3D@5964/bulb
[IDLEG] 0	40,72,232	MeshInstance3D	0.2x0.2x0.0	StreetIdShot/OrisonRoot/SITE_SHOP_LT_PHOTO_SUPPLIES/@Node3D@5964/@MeshInstance3D@5966
[IDLEG] 0	56,72,232	MeshInstance3D	0.1x0.2x0.1	StreetIdShot/OrisonRoot/SITE_SHOP_LT_PHOTO_SUPPLIES/@Node3D@5964/@MeshInstance3D@5967
[IDLEG] 0	72,72,232	MeshInstance3D	0.1x0.2x0.1	StreetIdShot/OrisonRoot/SITE_SHOP_LT_PHOTO_SUPPLIES/@Node3D@5964/@MeshInstance3D@5968
[IDLEG] 0	88,72,232	MeshInstance3D	0.1x0.0x0.1	StreetIdShot/OrisonRoot/SITE_SHOP_LT_PHOTO_SUPPLIES/@Node3D@5964/@MeshInstance3D@5969
[IDLEG] 0	104,72,232	MeshInstance3D	0.0x0.4x0.0	StreetIdShot/OrisonRoot/SITE_SHOP_IN0_PHOTO_SUPPLIES/@Node3D@5973/@MeshInstance3D@5974
[IDLEG] 0	120,72,232	MeshInstance3D	0.1x0.1x0.1	StreetIdShot/OrisonRoot/SITE_SHOP_IN0_PHOTO_SUPPLIES/@Node3D@5973/bulb
[IDLEG] 0	136,72,232	MeshInstance3D	0.2x0.2x0.0	StreetIdShot/OrisonRoot/SITE_SHOP_IN0_PHOTO_SUPPLIES/@Node3D@5973/@MeshInstance3D@5975
[IDLEG] 0	152,72,232	MeshInstance3D	0.1x0.2x0.1	StreetIdShot/OrisonRoot/SITE_SHOP_IN0_PHOTO_SUPPLIES/@Node3D@5973/@MeshInstance3D@5976
[IDLEG] 0	168,72,232	MeshInstance3D	0.1x0.2x0.1	StreetIdShot/OrisonRoot/SITE_SHOP_IN0_PHOTO_SUPPLIES/@Node3D@5973/@MeshInstance3D@5977
[IDLEG] 0	184,72,232	MeshInstance3D	0.1x0.0x0.1	StreetIdShot/OrisonRoot/SITE_SHOP_IN0_PHOTO_SUPPLIES/@Node3D@5973/@MeshInstance3D@5978
[IDLEG] 0	200,72,232	MeshInstance3D	0.0x0.4x0.0	StreetIdShot/OrisonRoot/SITE_SHOP_IN1_PHOTO_SUPPLIES/@Node3D@5982/@MeshInstance3D@5983
[IDLEG] 0	216,72,232	MeshInstance3D	0.1x0.1x0.1	StreetIdShot/OrisonRoot/SITE_SHOP_IN1_PHOTO_SUPPLIES/@Node3D@5982/bulb
[IDLEG] 0	232,72,232	MeshInstance3D	0.2x0.2x0.0	StreetIdShot/OrisonRoot/SITE_SHOP_IN1_PHOTO_SUPPLIES/@Node3D@5982/@MeshInstance3D@5984
[IDLEG] 0	248,72,232	MeshInstance3D	0.1x0.2x0.1	StreetIdShot/OrisonRoot/SITE_SHOP_IN1_PHOTO_SUPPLIES/@Node3D@5982/@MeshInstance3D@5985
[IDLEG] 0	8,88,232	MeshInstance3D	0.1x0.2x0.1	StreetIdShot/OrisonRoot/SITE_SHOP_IN1_PHOTO_SUPPLIES/@Node3D@5982/@MeshInstance3D@5986
[IDLEG] 0	24,88,232	MeshInstance3D	0.1x0.0x0.1	StreetIdShot/OrisonRoot/SITE_SHOP_IN1_PHOTO_SUPPLIES/@Node3D@5982/@MeshInstance3D@5987
[IDLEG] 0	40,88,232	MeshInstance3D	0.0x0.4x0.0	StreetIdShot/OrisonRoot/SITE_SHOP_DARKROOM_PHOTO_SUPPLIES/@Node3D@5991/@MeshInstance3D@5992
[IDLEG] 0	56,88,232	MeshInstance3D	0.1x0.1x0.1	StreetIdShot/OrisonRoot/SITE_SHOP_DARKROOM_PHOTO_SUPPLIES/@Node3D@5991/bulb
[IDLEG] 0	72,88,232	MeshInstance3D	0.2x0.2x0.0	StreetIdShot/OrisonRoot/SITE_SHOP_DARKROOM_PHOTO_SUPPLIES/@Node3D@5991/@MeshInstance3D@5993
[IDLEG] 0	88,88,232	MeshInstance3D	0.1x0.2x0.1	StreetIdShot/OrisonRoot/SITE_SHOP_DARKROOM_PHOTO_SUPPLIES/@Node3D@5991/@MeshInstance3D@5994
[IDLEG] 0	104,88,232	MeshInstance3D	0.1x0.2x0.1	StreetIdShot/OrisonRoot/SITE_SHOP_DARKROOM_PHOTO_SUPPLIES/@Node3D@5991/@MeshInstance3D@5995
[IDLEG] 0	120,88,232	MeshInstance3D	0.1x0.0x0.1	StreetIdShot/OrisonRoot/SITE_SHOP_DARKROOM_PHOTO_SUPPLIES/@Node3D@5991/@MeshInstance3D@5996
[IDLEG] 0	136,88,232	MeshInstance3D	1.0x2.1x0.1	StreetIdShot/OrisonRoot/SITE_SHOP_DOOR_OTIS___SON/HingedLeaf/@MeshInstance3D@6017
[IDLEG] 0	152,88,232	MeshInstance3D	0.0x0.4x0.2	StreetIdShot/OrisonRoot/SITE_SHOP_DOOR_OTIS___SON/HingedLeaf/@MeshInstance3D@6019
[IDLEG] 0	168,88,232	MeshInstance3D	1.0x1.9x0.1	StreetIdShot/OrisonRoot/SITE_SHOP_DOOR_OTIS___SON/FixedIronmongery/@MeshInstance3D@6020
[IDLEG] 0	184,88,232	MeshInstance3D	0.0x0.4x0.0	StreetIdShot/OrisonRoot/SITE_SHOP_LT_OTIS___SON/@Node3D@6025/@MeshInstance3D@6026
[IDLEG] 0	200,88,232	MeshInstance3D	0.1x0.1x0.1	StreetIdShot/OrisonRoot/SITE_SHOP_LT_OTIS___SON/@Node3D@6025/bulb
[IDLEG] 0	216,88,232	MeshInstance3D	0.2x0.2x0.0	StreetIdShot/OrisonRoot/SITE_SHOP_LT_OTIS___SON/@Node3D@6025/@MeshInstance3D@6027
[IDLEG] 0	232,88,232	MeshInstance3D	0.1x0.2x0.1	StreetIdShot/OrisonRoot/SITE_SHOP_LT_OTIS___SON/@Node3D@6025/@MeshInstance3D@6028
[IDLEG] 0	248,88,232	MeshInstance3D	0.1x0.2x0.1	StreetIdShot/OrisonRoot/SITE_SHOP_LT_OTIS___SON/@Node3D@6025/@MeshInstance3D@6029
[IDLEG] 0	8,104,232	MeshInstance3D	0.1x0.0x0.1	StreetIdShot/OrisonRoot/SITE_SHOP_LT_OTIS___SON/@Node3D@6025/@MeshInstance3D@6030
[IDLEG] 0	24,104,232	MeshInstance3D	0.0x0.4x0.0	StreetIdShot/OrisonRoot/SITE_SHOP_IN0_OTIS___SON/@Node3D@6034/@MeshInstance3D@6035
[IDLEG] 0	40,104,232	MeshInstance3D	0.1x0.1x0.1	StreetIdShot/OrisonRoot/SITE_SHOP_IN0_OTIS___SON/@Node3D@6034/bulb
[IDLEG] 0	56,104,232	MeshInstance3D	0.2x0.2x0.0	StreetIdShot/OrisonRoot/SITE_SHOP_IN0_OTIS___SON/@Node3D@6034/@MeshInstance3D@6036
[IDLEG] 0	72,104,232	MeshInstance3D	0.1x0.2x0.1	StreetIdShot/OrisonRoot/SITE_SHOP_IN0_OTIS___SON/@Node3D@6034/@MeshInstance3D@6037
[IDLEG] 0	88,104,232	MeshInstance3D	0.1x0.2x0.1	StreetIdShot/OrisonRoot/SITE_SHOP_IN0_OTIS___SON/@Node3D@6034/@MeshInstance3D@6038
[IDLEG] 0	104,104,232	MeshInstance3D	0.1x0.0x0.1	StreetIdShot/OrisonRoot/SITE_SHOP_IN0_OTIS___SON/@Node3D@6034/@MeshInstance3D@6039
[IDLEG] 0	120,104,232	MeshInstance3D	0.0x0.4x0.0	StreetIdShot/OrisonRoot/SITE_SHOP_IN1_OTIS___SON/@Node3D@6043/@MeshInstance3D@6044
[IDLEG] 0	136,104,232	MeshInstance3D	0.1x0.1x0.1	StreetIdShot/OrisonRoot/SITE_SHOP_IN1_OTIS___SON/@Node3D@6043/bulb
[IDLEG] 0	152,104,232	MeshInstance3D	0.2x0.2x0.0	StreetIdShot/OrisonRoot/SITE_SHOP_IN1_OTIS___SON/@Node3D@6043/@MeshInstance3D@6045
[IDLEG] 0	168,104,232	MeshInstance3D	0.1x0.2x0.1	StreetIdShot/OrisonRoot/SITE_SHOP_IN1_OTIS___SON/@Node3D@6043/@MeshInstance3D@6046
[IDLEG] 0	184,104,232	MeshInstance3D	0.1x0.2x0.1	StreetIdShot/OrisonRoot/SITE_SHOP_IN1_OTIS___SON/@Node3D@6043/@MeshInstance3D@6047
[IDLEG] 0	200,104,232	MeshInstance3D	0.1x0.0x0.1	StreetIdShot/OrisonRoot/SITE_SHOP_IN1_OTIS___SON/@Node3D@6043/@MeshInstance3D@6048
[IDLEG] 0	216,104,232	MeshInstance3D	0.0x0.4x0.0	StreetIdShot/OrisonRoot/SITE_SHOP_IN2_OTIS___SON/@Node3D@6052/@MeshInstance3D@6053
[IDLEG] 0	232,104,232	MeshInstance3D	0.1x0.1x0.1	StreetIdShot/OrisonRoot/SITE_SHOP_IN2_OTIS___SON/@Node3D@6052/bulb
[IDLEG] 0	248,104,232	MeshInstance3D	0.2x0.2x0.0	StreetIdShot/OrisonRoot/SITE_SHOP_IN2_OTIS___SON/@Node3D@6052/@MeshInstance3D@6054
[IDLEG] 0	8,120,232	MeshInstance3D	0.1x0.2x0.1	StreetIdShot/OrisonRoot/SITE_SHOP_IN2_OTIS___SON/@Node3D@6052/@MeshInstance3D@6055
[IDLEG] 0	24,120,232	MeshInstance3D	0.1x0.2x0.1	StreetIdShot/OrisonRoot/SITE_SHOP_IN2_OTIS___SON/@Node3D@6052/@MeshInstance3D@6056
[IDLEG] 0	40,120,232	MeshInstance3D	0.1x0.0x0.1	StreetIdShot/OrisonRoot/SITE_SHOP_IN2_OTIS___SON/@Node3D@6052/@MeshInstance3D@6057
[IDLEG] 0	56,120,232	MeshInstance3D	0.3x0.1x0.3	StreetIdShot/OrisonRoot/F01_STREETLAMP_03/@Node3D@6061/@MeshInstance3D@6062
[IDLEG] 0	72,120,232	MeshInstance3D	0.3x0.2x0.3	StreetIdShot/OrisonRoot/F01_STREETLAMP_03/@Node3D@6061/stained_lens
[IDLEG] 0	88,120,232	MeshInstance3D	0.1x0.1x0.1	StreetIdShot/OrisonRoot/F01_STREETLAMP_03/@Node3D@6061/bulb_core
[IDLEG] 0	104,120,232	MeshInstance3D	0.3x0.1x0.3	StreetIdShot/OrisonRoot/F01_STREETLAMP_04/@Node3D@6067/@MeshInstance3D@6068
[IDLEG] 0	120,120,232	MeshInstance3D	0.3x0.2x0.3	StreetIdShot/OrisonRoot/F01_STREETLAMP_04/@Node3D@6067/stained_lens
[IDLEG] 0	136,120,232	MeshInstance3D	0.1x0.1x0.1	StreetIdShot/OrisonRoot/F01_STREETLAMP_04/@Node3D@6067/bulb_core
[IDLEG] 0	152,120,232	MeshInstance3D	0.3x0.1x0.3	StreetIdShot/OrisonRoot/F01_STREETLAMP_06/@Node3D@6073/@MeshInstance3D@6074
[IDLEG] 0	168,120,232	MeshInstance3D	0.3x0.2x0.3	StreetIdShot/OrisonRoot/F01_STREETLAMP_06/@Node3D@6073/stained_lens
[IDLEG] 0	184,120,232	MeshInstance3D	0.1x0.1x0.1	StreetIdShot/OrisonRoot/F01_STREETLAMP_06/@Node3D@6073/bulb_core
[IDLEG] 0	200,120,232	MeshInstance3D	0.3x0.1x0.3	StreetIdShot/OrisonRoot/F01_STREETLAMP_07/@Node3D@6079/@MeshInstance3D@6080
[IDLEG] 0	216,120,232	MeshInstance3D	0.3x0.2x0.3	StreetIdShot/OrisonRoot/F01_STREETLAMP_07/@Node3D@6079/stained_lens
[IDLEG] 0	232,120,232	MeshInstance3D	0.1x0.1x0.1	StreetIdShot/OrisonRoot/F01_STREETLAMP_07/@Node3D@6079/bulb_core
[IDLEG] 0	248,120,232	MeshInstance3D	0.3x0.1x0.3	StreetIdShot/OrisonRoot/F01_STREETLAMP_08/@Node3D@6085/@MeshInstance3D@6086
[IDLEG] 0	8,136,232	MeshInstance3D	0.3x0.2x0.3	StreetIdShot/OrisonRoot/F01_STREETLAMP_08/@Node3D@6085/stained_lens
[IDLEG] 0	24,136,232	MeshInstance3D	0.1x0.1x0.1	StreetIdShot/OrisonRoot/F01_STREETLAMP_08/@Node3D@6085/bulb_core
[IDLEG] 0	40,136,232	MeshInstance3D	0.8x0.3x0.8	StreetIdShot/OrisonRoot/F02_2A_SHOWER_01/StaticFixture/@MeshInstance3D@6153
[IDLEG] 0	56,136,232	MeshInstance3D	0.7x2.0x0.8	StreetIdShot/OrisonRoot/F02_2A_SHOWER_01/StaticFixture/@MeshInstance3D@6154
[IDLEG] 0	72,136,232	MeshInstance3D	0.1x0.0x0.1	StreetIdShot/OrisonRoot/F02_2A_SHOWER_01/StaticFixture/@MeshInstance3D@6155
[IDLEG] 0	88,136,232	MeshInstance3D	0.0x0.0x0.1	StreetIdShot/OrisonRoot/F02_2A_SHOWER_01/StaticFixture/@MeshInstance3D@6156
[IDLEG] 0	104,136,232	MeshInstance3D	0.1x0.0x0.1	StreetIdShot/OrisonRoot/F02_2A_SHOWER_01/StaticFixture/@MeshInstance3D@6157
[IDLEG] 0	120,136,232	MeshInstance3D	0.1x0.1x0.1	StreetIdShot/OrisonRoot/F02_2A_SHOWER_01/HotValve/@MeshInstance3D@6158
[IDLEG] 0	136,136,232	MeshInstance3D	0.0x0.0x0.0	StreetIdShot/OrisonRoot/F02_2A_SHOWER_01/HotValve/@MeshInstance3D@6159
[IDLEG] 0	152,136,232	MeshInstance3D	0.1x0.1x0.1	StreetIdShot/OrisonRoot/F02_2A_SHOWER_01/ColdValve/@MeshInstance3D@6160
[IDLEG] 0	168,136,232	MeshInstance3D	0.0x0.0x0.0	StreetIdShot/OrisonRoot/F02_2A_SHOWER_01/ColdValve/@MeshInstance3D@6161
[IDLEG] 0	184,136,232	MeshInstance3D	0.7x1.6x0.8	StreetIdShot/OrisonRoot/F02_2A_SHOWER_01/CurtainDrawn/@MeshInstance3D@6162
[IDLEG] 0	200,136,232	MeshInstance3D	0.6x0.1x0.7	StreetIdShot/OrisonRoot/F02_2A_SHOWER_01/CurtainDrawn/@MeshInstance3D@6163
[IDLEG] 0	216,136,232	MeshInstance3D	0.1x0.0x0.1	StreetIdShot/OrisonRoot/F02_2A_SHOWER_01/Stopper/@MeshInstance3D@6148
[IDLEG] 0	232,136,232	MeshInstance3D	0.5x1.0x0.7	StreetIdShot/OrisonRoot/F02_2A_SINK_01/StaticFixture/@MeshInstance3D@6202
[IDLEG] 0	248,136,232	MeshInstance3D	0.3x1.0x0.2	StreetIdShot/OrisonRoot/F02_2A_SINK_01/StaticFixture/@MeshInstance3D@6203
[IDLEG] 0	8,152,232	MeshInstance3D	0.1x0.0x0.1	StreetIdShot/OrisonRoot/F02_2A_SINK_01/StaticFixture/@MeshInstance3D@6204
[IDLEG] 0	24,152,232	MeshInstance3D	0.0x0.0x0.1	StreetIdShot/OrisonRoot/F02_2A_SINK_01/StaticFixture/@MeshInstance3D@6205
[IDLEG] 0	40,152,232	MeshInstance3D	0.1x0.1x0.1	StreetIdShot/OrisonRoot/F02_2A_SINK_01/HotValve/@MeshInstance3D@6206
[IDLEG] 0	56,152,232	MeshInstance3D	0.0x0.0x0.0	StreetIdShot/OrisonRoot/F02_2A_SINK_01/HotValve/@MeshInstance3D@6207
[IDLEG] 0	72,152,232	MeshInstance3D	0.1x0.1x0.1	StreetIdShot/OrisonRoot/F02_2A_SINK_01/ColdValve/@MeshInstance3D@6208
[IDLEG] 0	88,152,232	MeshInstance3D	0.0x0.0x0.0	StreetIdShot/OrisonRoot/F02_2A_SINK_01/ColdValve/@MeshInstance3D@6209
[IDLEG] 0	104,152,232	MeshInstance3D	0.1x0.0x0.1	StreetIdShot/OrisonRoot/F02_2A_SINK_01/Stopper/@MeshInstance3D@6198
[IDLEG] 0	120,152,232	MeshInstance3D	0.1x0.7x0.5	StreetIdShot/OrisonRoot/F02_2A_MIRROR_01/CabinetCarcass/@MeshInstance3D@6229
[IDLEG] 0	136,152,232	MeshInstance3D	0.0x0.6x0.4	StreetIdShot/OrisonRoot/F02_2A_MIRROR_01/CabinetDoor/@MeshInstance3D@6241
[IDLEG] 0	152,152,232	MeshInstance3D	0.0x0.6x0.4	StreetIdShot/OrisonRoot/F02_2A_MIRROR_01/CabinetDoor/@MeshInstance3D@6242
[IDLEG] 0	168,152,232	MeshInstance3D	0.1x0.6x0.5	StreetIdShot/OrisonRoot/F02_2A_MIRROR_01/CabinetDoor/@MeshInstance3D@6243
[IDLEG] 0	184,152,232	MeshInstance3D	0.0x0.0x0.1	StreetIdShot/OrisonRoot/F02_2A_MIRROR_01/CabinetContents/@MeshInstance3D@6247
[IDLEG] 0	200,152,232	MeshInstance3D	0.0x0.2x0.1	StreetIdShot/OrisonRoot/2A_LT_SCONCE/@Node3D@6250/@MeshInstance3D@6251
[IDLEG] 0	216,152,232	MeshInstance3D	0.1x0.1x0.1	StreetIdShot/OrisonRoot/2A_LT_SCONCE/@Node3D@6250/@MeshInstance3D@6252
[IDLEG] 0	232,152,232	MeshInstance3D	0.2x0.2x0.2	StreetIdShot/OrisonRoot/2A_LT_SCONCE/@Node3D@6250/bulb_globe
[IDLEG] 0	248,152,232	MeshInstance3D	0.0x0.1x0.1	StreetIdShot/OrisonRoot/F02_A_RADIATOR_01/WorkingAssembly/CastSections/ReplaceableAirVent/@MeshInstance3D@6368
[IDLEG] 0	8,168,232	MeshInstance3D	0.0x0.1x0.0	StreetIdShot/OrisonRoot/F02_A_RADIATOR_01/WorkingAssembly/CastSections/ReplaceableAirVent/@MeshInstance3D@6369
[IDLEG] 0	24,168,232	MeshInstance3D	0.2x0.6x0.7	StreetIdShot/OrisonRoot/F02_A_RADIATOR_01/WorkingAssembly/CastSections/@MeshInstance3D@6366
[IDLEG] 0	40,168,232	MeshInstance3D	0.1x0.1x0.1	StreetIdShot/OrisonRoot/F02_A_RADIATOR_01/WorkingAssembly/SupplyHandwheel/@MeshInstance3D@6367
[IDLEG] 0	56,168,232	MeshInstance3D	0.1x0.0x0.1	StreetIdShot/OrisonRoot/F02_A_RADIATOR_01/WorkingAssembly/FarEndPitchShim/@MeshInstance3D@6365
[IDLEG] 0	72,168,232	MeshInstance3D	0.1x0.1x0.2	StreetIdShot/OrisonRoot/F02_A_RADIATOR_01/WorkingAssembly/@MeshInstance3D@6370
[IDLEG] 0	88,168,232	MeshInstance3D	0.0x0.0x0.1	StreetIdShot/OrisonRoot/F02_A_RADIATOR_01/WorkingAssembly/@MeshInstance3D@6371
[IDLEG] 0	104,168,232	MeshInstance3D	1.0x0.3x0.5	StreetIdShot/OrisonRoot/F02_2A_KITCHEN_SINK_01/StaticFixture/@MeshInstance3D@6422
[IDLEG] 0	120,168,232	MeshInstance3D	0.2x0.5x0.2	StreetIdShot/OrisonRoot/F02_2A_KITCHEN_SINK_01/StaticFixture/@MeshInstance3D@6423
[IDLEG] 0	136,168,232	MeshInstance3D	0.1x0.0x0.1	StreetIdShot/OrisonRoot/F02_2A_KITCHEN_SINK_01/StaticFixture/@MeshInstance3D@6424
[IDLEG] 0	152,168,232	MeshInstance3D	0.1x0.0x0.0	StreetIdShot/OrisonRoot/F02_2A_KITCHEN_SINK_01/StaticFixture/@MeshInstance3D@6425
[IDLEG] 0	168,168,232	MeshInstance3D	0.1x0.0x0.1	StreetIdShot/OrisonRoot/F02_2A_KITCHEN_SINK_01/StaticFixture/@MeshInstance3D@6426
[IDLEG] 0	184,168,232	MeshInstance3D	0.1x0.1x0.1	StreetIdShot/OrisonRoot/F02_2A_KITCHEN_SINK_01/HotValve/@MeshInstance3D@6427
[IDLEG] 0	200,168,232	MeshInstance3D	0.0x0.0x0.0	StreetIdShot/OrisonRoot/F02_2A_KITCHEN_SINK_01/HotValve/@MeshInstance3D@6428
[IDLEG] 0	216,168,232	MeshInstance3D	0.1x0.1x0.1	StreetIdShot/OrisonRoot/F02_2A_KITCHEN_SINK_01/ColdValve/@MeshInstance3D@6429
[IDLEG] 0	232,168,232	MeshInstance3D	0.0x0.0x0.0	StreetIdShot/OrisonRoot/F02_2A_KITCHEN_SINK_01/ColdValve/@MeshInstance3D@6430
[IDLEG] 0	248,168,232	MeshInstance3D	0.1x0.0x0.1	StreetIdShot/OrisonRoot/F02_2A_KITCHEN_SINK_01/Stopper/@MeshInstance3D@6409
[IDLEG] 0	8,184,232	MeshInstance3D	0.3x0.1x0.2	StreetIdShot/OrisonRoot/F02_2A_TOASTER_01/StaticCase/@MeshInstance3D@6529
[IDLEG] 0	24,184,232	MeshInstance3D	0.3x0.2x0.2	StreetIdShot/OrisonRoot/F02_2A_TOASTER_01/StaticCase/@MeshInstance3D@6530
[IDLEG] 0	40,184,232	MeshInstance3D	0.0x0.0x0.1	StreetIdShot/OrisonRoot/F02_2A_TOASTER_01/StaticCase/@MeshInstance3D@6531
[IDLEG] 0	56,184,232	MeshInstance3D	0.2x0.1x0.1	StreetIdShot/OrisonRoot/F02_2A_TOASTER_01/StaticCase/@MeshInstance3D@6532
[IDLEG] 0	72,184,232	MeshInstance3D	0.2x0.1x0.1	StreetIdShot/OrisonRoot/F02_2A_TOASTER_01/ResistanceWire/@MeshInstance3D@6487
[IDLEG] 0	88,184,232	MeshInstance3D	0.0x0.0x0.0	StreetIdShot/OrisonRoot/F02_2A_TOASTER_01/CarriageLever/@MeshInstance3D@6488
[IDLEG] 0	104,184,232	MeshInstance3D	0.0x0.0x0.0	StreetIdShot/OrisonRoot/F02_2A_TOASTER_01/CarriageLever/@MeshInstance3D@6489
[IDLEG] 0	120,184,232	MeshInstance3D	0.2x0.0x0.0	StreetIdShot/OrisonRoot/F02_2A_TOASTER_01/BreadCarrier/@MeshInstance3D@6533
[IDLEG] 0	136,184,232	MeshInstance3D	0.2x0.0x0.1	StreetIdShot/OrisonRoot/F02_2A_TOASTER_01/OrisonRetrofitCrumbTray/@MeshInstance3D@6534
[IDLEG] 0	152,184,232	MeshInstance3D	0.0x0.0x0.0	StreetIdShot/OrisonRoot/F02_2A_TOASTER_01/OrisonRetrofitCrumbTray/@MeshInstance3D@6535
[IDLEG] 0	168,184,232	MeshInstance3D	0.1x0.0x0.1	StreetIdShot/OrisonRoot/F02_2A_TOASTER_01/OrisonRetrofitCrumbTray/@MeshInstance3D@6537
[IDLEG] 0	184,184,232	MeshInstance3D	0.2x0.0x0.1	StreetIdShot/OrisonRoot/F02_2A_TOASTER_01/OrisonRetrofitCrumbTray/@MeshInstance3D@6538
[IDLEG] 0	200,184,232	MeshInstance3D	0.6x0.7x0.5	StreetIdShot/OrisonRoot/F02_2A_STOVE_01/StaticCarcass/@MeshInstance3D@6667
[IDLEG] 0	216,184,232	MeshInstance3D	0.6x0.8x0.6	StreetIdShot/OrisonRoot/F02_2A_STOVE_01/StaticCarcass/@MeshInstance3D@6668
[IDLEG] 0	232,184,232	MeshInstance3D	0.6x1.0x0.6	StreetIdShot/OrisonRoot/F02_2A_STOVE_01/StaticCarcass/@MeshInstance3D@6669
[IDLEG] 0	248,184,232	MeshInstance3D	0.6x0.4x0.4	StreetIdShot/OrisonRoot/F02_2A_STOVE_01/StaticCarcass/@MeshInstance3D@6670
[IDLEG] 0	8,200,232	MeshInstance3D	0.4x0.3x0.0	StreetIdShot/OrisonRoot/F02_2A_STOVE_01/OvenDoor/@MeshInstance3D@6671
[IDLEG] 0	24,200,232	MeshInstance3D	0.4x0.3x0.0	StreetIdShot/OrisonRoot/F02_2A_STOVE_01/OvenDoor/@MeshInstance3D@6672
[IDLEG] 0	40,200,232	MeshInstance3D	0.4x0.1x0.0	StreetIdShot/OrisonRoot/F02_2A_STOVE_01/OvenDoor/@MeshInstance3D@6673
[IDLEG] 0	56,200,232	MeshInstance3D	0.4x0.1x0.0	StreetIdShot/OrisonRoot/F02_2A_STOVE_01/BroilerDrawer/@MeshInstance3D@6674
[IDLEG] 0	72,200,232	MeshInstance3D	0.2x0.0x0.0	StreetIdShot/OrisonRoot/F02_2A_STOVE_01/BroilerDrawer/@MeshInstance3D@6675
[IDLEG] 0	88,200,232	MeshInstance3D	0.1x0.1x0.0	StreetIdShot/OrisonRoot/F02_2A_STOVE_01/BurnerValve1/@MeshInstance3D@6676
[IDLEG] 0	104,200,232	MeshInstance3D	0.0x0.0x0.0	StreetIdShot/OrisonRoot/F02_2A_STOVE_01/BurnerValve1/@MeshInstance3D@6677
[IDLEG] 0	120,200,232	MeshInstance3D	0.1x0.1x0.0	StreetIdShot/OrisonRoot/F02_2A_STOVE_01/BurnerValve2/@MeshInstance3D@6678
[IDLEG] 0	136,200,232	MeshInstance3D	0.0x0.0x0.0	StreetIdShot/OrisonRoot/F02_2A_STOVE_01/BurnerValve2/@MeshInstance3D@6679
[IDLEG] 0	152,200,232	MeshInstance3D	0.1x0.1x0.0	StreetIdShot/OrisonRoot/F02_2A_STOVE_01/BurnerValve3/@MeshInstance3D@6680
[IDLEG] 0	168,200,232	MeshInstance3D	0.0x0.0x0.0	StreetIdShot/OrisonRoot/F02_2A_STOVE_01/BurnerValve3/@MeshInstance3D@6681
[IDLEG] 0	184,200,232	MeshInstance3D	0.1x0.1x0.0	StreetIdShot/OrisonRoot/F02_2A_STOVE_01/BurnerValve4/@MeshInstance3D@6682
[IDLEG] 0	200,200,232	MeshInstance3D	0.0x0.0x0.0	StreetIdShot/OrisonRoot/F02_2A_STOVE_01/BurnerValve4/@MeshInstance3D@6683
[IDLEG] 0	216,200,232	MeshInstance3D	0.1x0.1x0.0	StreetIdShot/OrisonRoot/F02_2A_STOVE_01/OvenValve/@MeshInstance3D@6589
[IDLEG] 0	232,200,232	MeshInstance3D	0.0x0.0x0.0	StreetIdShot/OrisonRoot/F02_2A_STOVE_01/OvenValve/@MeshInstance3D@6590
[IDLEG] 0	248,200,232	MeshInstance3D	0.2x0.0x0.2	StreetIdShot/OrisonRoot/F02_2A_STOVE_01/Grate1/@MeshInstance3D@6684
[IDLEG] 0	8,216,232	MeshInstance3D	0.1x0.0x0.1	StreetIdShot/OrisonRoot/F02_2A_STOVE_01/BurnerCap1/@MeshInstance3D@6688
[IDLEG] 0	24,216,232	MeshInstance3D	0.1x0.0x0.1	StreetIdShot/OrisonRoot/F02_2A_STOVE_01/BurnerCap1/@MeshInstance3D@6689
[IDLEG] 0	40,216,232	MeshInstance3D	0.2x0.0x0.2	StreetIdShot/OrisonRoot/F02_2A_STOVE_01/Grate2/@MeshInstance3D@6685
[IDLEG] 0	56,216,232	MeshInstance3D	0.1x0.0x0.1	StreetIdShot/OrisonRoot/F02_2A_STOVE_01/BurnerCap2/@MeshInstance3D@6690
[IDLEG] 0	72,216,232	MeshInstance3D	0.1x0.0x0.1	StreetIdShot/OrisonRoot/F02_2A_STOVE_01/BurnerCap2/@MeshInstance3D@6691
[IDLEG] 0	88,216,232	MeshInstance3D	0.2x0.0x0.2	StreetIdShot/OrisonRoot/F02_2A_STOVE_01/Grate3/@MeshInstance3D@6686
[IDLEG] 0	104,216,232	MeshInstance3D	0.1x0.0x0.1	StreetIdShot/OrisonRoot/F02_2A_STOVE_01/BurnerCap3/@MeshInstance3D@6692
[IDLEG] 0	120,216,232	MeshInstance3D	0.1x0.0x0.1	StreetIdShot/OrisonRoot/F02_2A_STOVE_01/BurnerCap3/@MeshInstance3D@6693
[IDLEG] 0	136,216,232	MeshInstance3D	0.2x0.0x0.2	StreetIdShot/OrisonRoot/F02_2A_STOVE_01/Grate4/@MeshInstance3D@6687
[IDLEG] 0	152,216,232	MeshInstance3D	0.1x0.0x0.1	StreetIdShot/OrisonRoot/F02_2A_STOVE_01/BurnerCap4/@MeshInstance3D@6694
[IDLEG] 0	168,216,232	MeshInstance3D	0.1x0.0x0.1	StreetIdShot/OrisonRoot/F02_2A_STOVE_01/BurnerCap4/@MeshInstance3D@6695
[IDLEG] 0	184,216,232	MeshInstance3D	0.7x1.2x0.6	StreetIdShot/OrisonRoot/F02_2A_FRIDGE_01/StaticCarcass/@MeshInstance3D@6768
[IDLEG] 0	200,216,232	MeshInstance3D	0.5x0.1x0.0	StreetIdShot/OrisonRoot/F02_2A_FRIDGE_01/StaticCarcass/@MeshInstance3D@6769
[IDLEG] 0	216,216,232	MeshInstance3D	0.6x0.9x0.5	StreetIdShot/OrisonRoot/F02_2A_FRIDGE_01/StaticCarcass/@MeshInstance3D@6770
[IDLEG] 0	232,216,232	MeshInstance3D	0.7x0.7x0.0	StreetIdShot/OrisonRoot/F02_2A_FRIDGE_01/FoodDoor/@MeshInstance3D@6771
[IDLEG] 0	248,216,232	MeshInstance3D	0.6x0.6x0.0	StreetIdShot/OrisonRoot/F02_2A_FRIDGE_01/FoodDoor/@MeshInstance3D@6772
[IDLEG] 0	8,232,232	MeshInstance3D	0.7x0.6x0.1	StreetIdShot/OrisonRoot/F02_2A_FRIDGE_01/FoodDoor/@MeshInstance3D@6773
[IDLEG] 0	24,232,232	MeshInstance3D	0.7x0.2x0.0	StreetIdShot/OrisonRoot/F02_2A_FRIDGE_01/IceDoor/@MeshInstance3D@6774
[IDLEG] 0	40,232,232	MeshInstance3D	0.0x0.1x0.0	StreetIdShot/OrisonRoot/F02_2A_FRIDGE_01/IceDoor/@MeshInstance3D@6775
[IDLEG] 0	56,232,232	MeshInstance3D	0.5x0.1x0.2	StreetIdShot/OrisonRoot/F02_2A_FRIDGE_01/DripTray/@MeshInstance3D@6776
[IDLEG] 0	72,232,232	MeshInstance3D	0.5x0.1x0.0	StreetIdShot/OrisonRoot/F02_2A_FRIDGE_01/DripTray/@MeshInstance3D@6777
[IDLEG] 0	88,232,232	MeshInstance3D	0.2x0.0x0.0	StreetIdShot/OrisonRoot/F02_2A_FRIDGE_01/DripTray/@MeshInstance3D@6778
[IDLEG] 0	104,232,232	MeshInstance3D	0.1x0.1x0.1	StreetIdShot/OrisonRoot/F02_2A_FRIDGE_01/@MeshInstance3D@6764
[IDLEG] 0	120,232,232	MeshInstance3D	0.1x0.2x0.1	StreetIdShot/OrisonRoot/F02_2A_FRIDGE_01/@MeshInstance3D@6765
[IDLEG] 0	136,232,232	MeshInstance3D	0.1x0.1x0.1	StreetIdShot/OrisonRoot/F02_2A_FRIDGE_01/@MeshInstance3D@6766
[IDLEG] 0	152,232,232	MeshInstance3D	0.1x0.1x0.1	StreetIdShot/OrisonRoot/F02_2A_FRIDGE_01/@MeshInstance3D@6767
[IDLEG] 0	168,232,232	MeshInstance3D	0.5x0.4x0.1	StreetIdShot/OrisonRoot/F02_A_MONITOR_01/ReceiverCase/@MeshInstance3D@6787
[IDLEG] 0	184,232,232	MeshInstance3D	0.5x0.3x0.0	StreetIdShot/OrisonRoot/F02_A_MONITOR_01/ReceiverCase/@MeshInstance3D@6788
[IDLEG] 0	200,232,232	MeshInstance3D	0.4x0.2x0.0	StreetIdShot/OrisonRoot/F02_A_MONITOR_01/PicturePlate
[IDLEG] 0	216,232,232	MeshInstance3D	0.2x0.0x0.2	StreetIdShot/OrisonRoot/F02_A_LAMP_01/@MeshInstance3D@6790
[IDLEG] 0	232,232,232	MeshInstance3D	0.0x0.2x0.0	StreetIdShot/OrisonRoot/F02_A_LAMP_01/@MeshInstance3D@6791
[IDLEG] 0	248,232,232	MeshInstance3D	0.2x0.1x0.1	StreetIdShot/OrisonRoot/F02_A_LAMP_01/@MeshInstance3D@6792
[IDLEG] 0	8,248,232	MeshInstance3D	0.2x0.0x0.1	StreetIdShot/OrisonRoot/F02_A_LAMP_01/@MeshInstance3D@6793
[IDLEG] 0	24,248,232	MeshInstance3D	0.0x0.0x0.0	StreetIdShot/OrisonRoot/F02_A_LAMP_01/@MeshInstance3D@6794
[IDLEG] 0	40,248,232	MeshInstance3D	0.0x0.2x0.0	StreetIdShot/OrisonRoot/F02_A_LAMP_01/@MeshInstance3D@6795
[IDLEG] 0	56,248,232	MeshInstance3D	0.8x0.3x0.8	StreetIdShot/OrisonRoot/F02_2B_SHOWER_01/StaticFixture/@MeshInstance3D@6859
[IDLEG] 0	72,248,232	MeshInstance3D	0.7x2.0x0.8	StreetIdShot/OrisonRoot/F02_2B_SHOWER_01/StaticFixture/@MeshInstance3D@6860
[IDLEG] 0	88,248,232	MeshInstance3D	0.1x0.0x0.1	StreetIdShot/OrisonRoot/F02_2B_SHOWER_01/StaticFixture/@MeshInstance3D@6861
[IDLEG] 0	104,248,232	MeshInstance3D	0.0x0.0x0.1	StreetIdShot/OrisonRoot/F02_2B_SHOWER_01/StaticFixture/@MeshInstance3D@6862
[IDLEG] 0	120,248,232	MeshInstance3D	0.1x0.0x0.1	StreetIdShot/OrisonRoot/F02_2B_SHOWER_01/StaticFixture/@MeshInstance3D@6863
[IDLEG] 0	136,248,232	MeshInstance3D	0.1x0.1x0.1	StreetIdShot/OrisonRoot/F02_2B_SHOWER_01/HotValve/@MeshInstance3D@6864
[IDLEG] 0	152,248,232	MeshInstance3D	0.0x0.0x0.0	StreetIdShot/OrisonRoot/F02_2B_SHOWER_01/HotValve/@MeshInstance3D@6865
[IDLEG] 0	168,248,232	MeshInstance3D	0.1x0.1x0.1	StreetIdShot/OrisonRoot/F02_2B_SHOWER_01/ColdValve/@MeshInstance3D@6866
[IDLEG] 0	184,248,232	MeshInstance3D	0.0x0.0x0.0	StreetIdShot/OrisonRoot/F02_2B_SHOWER_01/ColdValve/@MeshInstance3D@6867
[IDLEG] 0	200,248,232	MeshInstance3D	0.7x1.6x0.8	StreetIdShot/OrisonRoot/F02_2B_SHOWER_01/CurtainDrawn/@MeshInstance3D@6868
[IDLEG] 0	216,248,232	MeshInstance3D	0.6x0.1x0.7	StreetIdShot/OrisonRoot/F02_2B_SHOWER_01/CurtainDrawn/@MeshInstance3D@6869
[IDLEG] 0	232,248,232	MeshInstance3D	0.1x0.0x0.1	StreetIdShot/OrisonRoot/F02_2B_SHOWER_01/Stopper/@MeshInstance3D@6854
[IDLEG] 0	248,248,232	MeshInstance3D	0.5x1.0x0.7	StreetIdShot/OrisonRoot/F02_2B_SINK_01/StaticFixture/@MeshInstance3D@6908
[IDLEG] 0	8,8,248	MeshInstance3D	0.3x1.0x0.2	StreetIdShot/OrisonRoot/F02_2B_SINK_01/StaticFixture/@MeshInstance3D@6909
[IDLEG] 0	24,8,248	MeshInstance3D	0.1x0.0x0.1	StreetIdShot/OrisonRoot/F02_2B_SINK_01/StaticFixture/@MeshInstance3D@6910
[IDLEG] 0	40,8,248	MeshInstance3D	0.0x0.0x0.1	StreetIdShot/OrisonRoot/F02_2B_SINK_01/StaticFixture/@MeshInstance3D@6911
[IDLEG] 0	56,8,248	MeshInstance3D	0.1x0.1x0.1	StreetIdShot/OrisonRoot/F02_2B_SINK_01/HotValve/@MeshInstance3D@6912
[IDLEG] 0	72,8,248	MeshInstance3D	0.0x0.0x0.0	StreetIdShot/OrisonRoot/F02_2B_SINK_01/HotValve/@MeshInstance3D@6913
[IDLEG] 0	88,8,248	MeshInstance3D	0.1x0.1x0.1	StreetIdShot/OrisonRoot/F02_2B_SINK_01/ColdValve/@MeshInstance3D@6914
[IDLEG] 0	104,8,248	MeshInstance3D	0.0x0.0x0.0	StreetIdShot/OrisonRoot/F02_2B_SINK_01/ColdValve/@MeshInstance3D@6915
[IDLEG] 0	120,8,248	MeshInstance3D	0.1x0.0x0.1	StreetIdShot/OrisonRoot/F02_2B_SINK_01/Stopper/@MeshInstance3D@6904
[IDLEG] 0	136,8,248	MeshInstance3D	0.1x0.7x0.5	StreetIdShot/OrisonRoot/F02_2B_MIRROR_01/CabinetCarcass/@MeshInstance3D@6935
[IDLEG] 0	152,8,248	MeshInstance3D	0.0x0.6x0.4	StreetIdShot/OrisonRoot/F02_2B_MIRROR_01/CabinetDoor/@MeshInstance3D@6947
[IDLEG] 0	168,8,248	MeshInstance3D	0.0x0.6x0.4	StreetIdShot/OrisonRoot/F02_2B_MIRROR_01/CabinetDoor/@MeshInstance3D@6948
[IDLEG] 0	184,8,248	MeshInstance3D	0.1x0.6x0.5	StreetIdShot/OrisonRoot/F02_2B_MIRROR_01/CabinetDoor/@MeshInstance3D@6949
[IDLEG] 0	200,8,248	MeshInstance3D	0.0x0.0x0.0	StreetIdShot/OrisonRoot/F02_2B_MIRROR_01/CabinetContents/@MeshInstance3D@6953
[IDLEG] 0	216,8,248	MeshInstance3D	0.0x0.2x0.1	StreetIdShot/OrisonRoot/2B_LT_SCONCE/@Node3D@6957/@MeshInstance3D@6958
[IDLEG] 0	232,8,248	MeshInstance3D	0.1x0.1x0.1	StreetIdShot/OrisonRoot/2B_LT_SCONCE/@Node3D@6957/@MeshInstance3D@6959
[IDLEG] 0	248,8,248	MeshInstance3D	0.2x0.2x0.2	StreetIdShot/OrisonRoot/2B_LT_SCONCE/@Node3D@6957/bulb_globe
[IDLEG] 0	8,24,248	MeshInstance3D	0.0x0.1x0.1	StreetIdShot/OrisonRoot/F02_B_RADIATOR_01/WorkingAssembly/CastSections/ReplaceableAirVent/@MeshInstance3D@7086
[IDLEG] 0	24,24,248	MeshInstance3D	0.0x0.1x0.0	StreetIdShot/OrisonRoot/F02_B_RADIATOR_01/WorkingAssembly/CastSections/ReplaceableAirVent/@MeshInstance3D@7087
[IDLEG] 0	40,24,248	MeshInstance3D	0.2x0.6x0.8	StreetIdShot/OrisonRoot/F02_B_RADIATOR_01/WorkingAssembly/CastSections/@MeshInstance3D@7084
[IDLEG] 0	56,24,248	MeshInstance3D	0.1x0.1x0.1	StreetIdShot/OrisonRoot/F02_B_RADIATOR_01/WorkingAssembly/SupplyHandwheel/@MeshInstance3D@7085
[IDLEG] 0	72,24,248	MeshInstance3D	0.1x0.0x0.1	StreetIdShot/OrisonRoot/F02_B_RADIATOR_01/WorkingAssembly/FarEndPitchShim/@MeshInstance3D@7083
[IDLEG] 0	88,24,248	MeshInstance3D	0.1x0.1x0.2	StreetIdShot/OrisonRoot/F02_B_RADIATOR_01/WorkingAssembly/@MeshInstance3D@7088
[IDLEG] 0	104,24,248	MeshInstance3D	0.0x0.0x0.1	StreetIdShot/OrisonRoot/F02_B_RADIATOR_01/WorkingAssembly/@MeshInstance3D@7089
[IDLEG] 0	120,24,248	MeshInstance3D	0.5x0.3x1.0	StreetIdShot/OrisonRoot/F02_2B_KITCHEN_SINK_01/StaticFixture/@MeshInstance3D@7140
[IDLEG] 0	136,24,248	MeshInstance3D	0.2x0.5x0.2	StreetIdShot/OrisonRoot/F02_2B_KITCHEN_SINK_01/StaticFixture/@MeshInstance3D@7141
[IDLEG] 0	152,24,248	MeshInstance3D	0.1x0.0x0.1	StreetIdShot/OrisonRoot/F02_2B_KITCHEN_SINK_01/StaticFixture/@MeshInstance3D@7142
[IDLEG] 0	168,24,248	MeshInstance3D	0.0x0.0x0.1	StreetIdShot/OrisonRoot/F02_2B_KITCHEN_SINK_01/StaticFixture/@MeshInstance3D@7143
[IDLEG] 0	184,24,248	MeshInstance3D	0.1x0.0x0.1	StreetIdShot/OrisonRoot/F02_2B_KITCHEN_SINK_01/StaticFixture/@MeshInstance3D@7144
[IDLEG] 0	200,24,248	MeshInstance3D	0.1x0.1x0.1	StreetIdShot/OrisonRoot/F02_2B_KITCHEN_SINK_01/HotValve/@MeshInstance3D@7145
[IDLEG] 0	216,24,248	MeshInstance3D	0.0x0.0x0.0	StreetIdShot/OrisonRoot/F02_2B_KITCHEN_SINK_01/HotValve/@MeshInstance3D@7146
[IDLEG] 0	232,24,248	MeshInstance3D	0.1x0.1x0.1	StreetIdShot/OrisonRoot/F02_2B_KITCHEN_SINK_01/ColdValve/@MeshInstance3D@7147
[IDLEG] 0	248,24,248	MeshInstance3D	0.0x0.0x0.0	StreetIdShot/OrisonRoot/F02_2B_KITCHEN_SINK_01/ColdValve/@MeshInstance3D@7148
[IDLEG] 0	8,40,248	MeshInstance3D	0.1x0.0x0.1	StreetIdShot/OrisonRoot/F02_2B_KITCHEN_SINK_01/Stopper/@MeshInstance3D@7127
[IDLEG] 0	24,40,248	MeshInstance3D	0.2x0.1x0.3	StreetIdShot/OrisonRoot/F02_2B_TOASTER_01/StaticCase/@MeshInstance3D@7247
[IDLEG] 0	40,40,248	MeshInstance3D	0.2x0.2x0.3	StreetIdShot/OrisonRoot/F02_2B_TOASTER_01/StaticCase/@MeshInstance3D@7248
[IDLEG] 0	56,40,248	MeshInstance3D	0.1x0.0x0.0	StreetIdShot/OrisonRoot/F02_2B_TOASTER_01/StaticCase/@MeshInstance3D@7249
[IDLEG] 0	72,40,248	MeshInstance3D	0.1x0.1x0.2	StreetIdShot/OrisonRoot/F02_2B_TOASTER_01/StaticCase/@MeshInstance3D@7250
[IDLEG] 0	88,40,248	MeshInstance3D	0.1x0.1x0.2	StreetIdShot/OrisonRoot/F02_2B_TOASTER_01/ResistanceWire/@MeshInstance3D@7205
[IDLEG] 0	104,40,248	MeshInstance3D	0.0x0.0x0.0	StreetIdShot/OrisonRoot/F02_2B_TOASTER_01/CarriageLever/@MeshInstance3D@7206
[IDLEG] 0	120,40,248	MeshInstance3D	0.0x0.0x0.0	StreetIdShot/OrisonRoot/F02_2B_TOASTER_01/CarriageLever/@MeshInstance3D@7207
[IDLEG] 0	136,40,248	MeshInstance3D	0.0x0.0x0.2	StreetIdShot/OrisonRoot/F02_2B_TOASTER_01/BreadCarrier/@MeshInstance3D@7251
[IDLEG] 0	152,40,248	MeshInstance3D	0.1x0.0x0.2	StreetIdShot/OrisonRoot/F02_2B_TOASTER_01/OrisonRetrofitCrumbTray/@MeshInstance3D@7252
[IDLEG] 0	168,40,248	MeshInstance3D	0.0x0.0x0.0	StreetIdShot/OrisonRoot/F02_2B_TOASTER_01/OrisonRetrofitCrumbTray/@MeshInstance3D@7253
[IDLEG] 0	184,40,248	MeshInstance3D	0.1x0.0x0.1	StreetIdShot/OrisonRoot/F02_2B_TOASTER_01/OrisonRetrofitCrumbTray/@MeshInstance3D@7255
[IDLEG] 0	200,40,248	MeshInstance3D	0.1x0.0x0.2	StreetIdShot/OrisonRoot/F02_2B_TOASTER_01/OrisonRetrofitCrumbTray/@MeshInstance3D@7256
[IDLEG] 0	216,40,248	MeshInstance3D	0.5x0.7x0.6	StreetIdShot/OrisonRoot/F02_2B_STOVE_01/StaticCarcass/@MeshInstance3D@7385
[IDLEG] 0	232,40,248	MeshInstance3D	0.6x0.8x0.6	StreetIdShot/OrisonRoot/F02_2B_STOVE_01/StaticCarcass/@MeshInstance3D@7386
[IDLEG] 0	248,40,248	MeshInstance3D	0.6x1.0x0.6	StreetIdShot/OrisonRoot/F02_2B_STOVE_01/StaticCarcass/@MeshInstance3D@7387
[IDLEG] 0	8,56,248	MeshInstance3D	0.4x0.4x0.5	StreetIdShot/OrisonRoot/F02_2B_STOVE_01/StaticCarcass/@MeshInstance3D@7388
[IDLEG] 0	24,56,248	MeshInstance3D	0.0x0.3x0.4	StreetIdShot/OrisonRoot/F02_2B_STOVE_01/OvenDoor/@MeshInstance3D@7389
[IDLEG] 0	40,56,248	MeshInstance3D	0.0x0.3x0.4	StreetIdShot/OrisonRoot/F02_2B_STOVE_01/OvenDoor/@MeshInstance3D@7390
[IDLEG] 0	56,56,248	MeshInstance3D	0.0x0.1x0.4	StreetIdShot/OrisonRoot/F02_2B_STOVE_01/OvenDoor/@MeshInstance3D@7391
[IDLEG] 0	72,56,248	MeshInstance3D	0.0x0.1x0.4	StreetIdShot/OrisonRoot/F02_2B_STOVE_01/BroilerDrawer/@MeshInstance3D@7392
[IDLEG] 0	88,56,248	MeshInstance3D	0.0x0.0x0.2	StreetIdShot/OrisonRoot/F02_2B_STOVE_01/BroilerDrawer/@MeshInstance3D@7393
[IDLEG] 0	104,56,248	MeshInstance3D	0.0x0.1x0.1	StreetIdShot/OrisonRoot/F02_2B_STOVE_01/BurnerValve1/@MeshInstance3D@7394
[IDLEG] 0	120,56,248	MeshInstance3D	0.0x0.0x0.0	StreetIdShot/OrisonRoot/F02_2B_STOVE_01/BurnerValve1/@MeshInstance3D@7395
[IDLEG] 0	136,56,248	MeshInstance3D	0.0x0.1x0.1	StreetIdShot/OrisonRoot/F02_2B_STOVE_01/BurnerValve2/@MeshInstance3D@7396
[IDLEG] 0	152,56,248	MeshInstance3D	0.0x0.0x0.0	StreetIdShot/OrisonRoot/F02_2B_STOVE_01/BurnerValve2/@MeshInstance3D@7397
[IDLEG] 0	168,56,248	MeshInstance3D	0.0x0.1x0.1	StreetIdShot/OrisonRoot/F02_2B_STOVE_01/BurnerValve3/@MeshInstance3D@7398
[IDLEG] 0	184,56,248	MeshInstance3D	0.0x0.0x0.0	StreetIdShot/OrisonRoot/F02_2B_STOVE_01/BurnerValve3/@MeshInstance3D@7399
[IDLEG] 0	200,56,248	MeshInstance3D	0.0x0.1x0.1	StreetIdShot/OrisonRoot/F02_2B_STOVE_01/BurnerValve4/@MeshInstance3D@7400
[IDLEG] 0	216,56,248	MeshInstance3D	0.0x0.0x0.0	StreetIdShot/OrisonRoot/F02_2B_STOVE_01/BurnerValve4/@MeshInstance3D@7401
[IDLEG] 0	232,56,248	MeshInstance3D	0.0x0.1x0.1	StreetIdShot/OrisonRoot/F02_2B_STOVE_01/OvenValve/@MeshInstance3D@7307
[IDLEG] 0	248,56,248	MeshInstance3D	0.0x0.0x0.0	StreetIdShot/OrisonRoot/F02_2B_STOVE_01/OvenValve/@MeshInstance3D@7308
[IDLEG] 0	8,72,248	MeshInstance3D	0.2x0.0x0.2	StreetIdShot/OrisonRoot/F02_2B_STOVE_01/Grate1/@MeshInstance3D@7402
[IDLEG] 0	24,72,248	MeshInstance3D	0.1x0.0x0.1	StreetIdShot/OrisonRoot/F02_2B_STOVE_01/BurnerCap1/@MeshInstance3D@7406
[IDLEG] 0	40,72,248	MeshInstance3D	0.1x0.0x0.1	StreetIdShot/OrisonRoot/F02_2B_STOVE_01/BurnerCap1/@MeshInstance3D@7407
[IDLEG] 0	56,72,248	MeshInstance3D	0.2x0.0x0.2	StreetIdShot/OrisonRoot/F02_2B_STOVE_01/Grate2/@MeshInstance3D@7403
[IDLEG] 0	72,72,248	MeshInstance3D	0.1x0.0x0.1	StreetIdShot/OrisonRoot/F02_2B_STOVE_01/BurnerCap2/@MeshInstance3D@7408
[IDLEG] 0	88,72,248	MeshInstance3D	0.1x0.0x0.1	StreetIdShot/OrisonRoot/F02_2B_STOVE_01/BurnerCap2/@MeshInstance3D@7409
[IDLEG] 0	104,72,248	MeshInstance3D	0.2x0.0x0.2	StreetIdShot/OrisonRoot/F02_2B_STOVE_01/Grate3/@MeshInstance3D@7404
[IDLEG] 0	120,72,248	MeshInstance3D	0.1x0.0x0.1	StreetIdShot/OrisonRoot/F02_2B_STOVE_01/BurnerCap3/@MeshInstance3D@7410
[IDLEG] 0	136,72,248	MeshInstance3D	0.1x0.0x0.1	StreetIdShot/OrisonRoot/F02_2B_STOVE_01/BurnerCap3/@MeshInstance3D@7411
[IDLEG] 0	152,72,248	MeshInstance3D	0.2x0.0x0.2	StreetIdShot/OrisonRoot/F02_2B_STOVE_01/Grate4/@MeshInstance3D@7405
[IDLEG] 0	168,72,248	MeshInstance3D	0.1x0.0x0.1	StreetIdShot/OrisonRoot/F02_2B_STOVE_01/BurnerCap4/@MeshInstance3D@7412
[IDLEG] 0	184,72,248	MeshInstance3D	0.1x0.0x0.1	StreetIdShot/OrisonRoot/F02_2B_STOVE_01/BurnerCap4/@MeshInstance3D@7413
[IDLEG] 0	200,72,248	MeshInstance3D	0.6x1.2x0.7	StreetIdShot/OrisonRoot/F02_2B_FRIDGE_01/StaticCarcass/@MeshInstance3D@7485
[IDLEG] 0	216,72,248	MeshInstance3D	0.0x0.1x0.5	StreetIdShot/OrisonRoot/F02_2B_FRIDGE_01/StaticCarcass/@MeshInstance3D@7486
[IDLEG] 0	232,72,248	MeshInstance3D	0.5x0.9x0.6	StreetIdShot/OrisonRoot/F02_2B_FRIDGE_01/StaticCarcass/@MeshInstance3D@7487
[IDLEG] 0	248,72,248	MeshInstance3D	0.0x0.7x0.7	StreetIdShot/OrisonRoot/F02_2B_FRIDGE_01/FoodDoor/@MeshInstance3D@7488
[IDLEG] 0	8,88,248	MeshInstance3D	0.0x0.6x0.6	StreetIdShot/OrisonRoot/F02_2B_FRIDGE_01/FoodDoor/@MeshInstance3D@7489
[IDLEG] 0	24,88,248	MeshInstance3D	0.1x0.6x0.7	StreetIdShot/OrisonRoot/F02_2B_FRIDGE_01/FoodDoor/@MeshInstance3D@7490
[IDLEG] 0	40,88,248	MeshInstance3D	0.0x0.2x0.7	StreetIdShot/OrisonRoot/F02_2B_FRIDGE_01/IceDoor/@MeshInstance3D@7491
[IDLEG] 0	56,88,248	MeshInstance3D	0.0x0.1x0.0	StreetIdShot/OrisonRoot/F02_2B_FRIDGE_01/IceDoor/@MeshInstance3D@7492
[IDLEG] 0	72,88,248	MeshInstance3D	0.2x0.1x0.5	StreetIdShot/OrisonRoot/F02_2B_FRIDGE_01/DripTray/@MeshInstance3D@7493
[IDLEG] 0	88,88,248	MeshInstance3D	0.0x0.1x0.5	StreetIdShot/OrisonRoot/F02_2B_FRIDGE_01/DripTray/@MeshInstance3D@7494
[IDLEG] 0	104,88,248	MeshInstance3D	0.0x0.0x0.2	StreetIdShot/OrisonRoot/F02_2B_FRIDGE_01/DripTray/@MeshInstance3D@7495
[IDLEG] 0	120,88,248	MeshInstance3D	0.1x0.2x0.1	StreetIdShot/OrisonRoot/F02_2B_FRIDGE_01/@MeshInstance3D@7482
[IDLEG] 0	136,88,248	MeshInstance3D	0.0x0.1x0.1	StreetIdShot/OrisonRoot/F02_2B_FRIDGE_01/@MeshInstance3D@7483
[IDLEG] 0	152,88,248	MeshInstance3D	0.1x0.1x0.1	StreetIdShot/OrisonRoot/F02_2B_FRIDGE_01/@MeshInstance3D@7484
[IDLEG] 0	168,88,248	MeshInstance3D	0.8x0.3x0.8	StreetIdShot/OrisonRoot/F02_2C_SHOWER_01/StaticFixture/@MeshInstance3D@7561
[IDLEG] 0	184,88,248	MeshInstance3D	0.7x2.0x0.8	StreetIdShot/OrisonRoot/F02_2C_SHOWER_01/StaticFixture/@MeshInstance3D@7562
[IDLEG] 0	200,88,248	MeshInstance3D	0.1x0.0x0.1	StreetIdShot/OrisonRoot/F02_2C_SHOWER_01/StaticFixture/@MeshInstance3D@7563
[IDLEG] 0	216,88,248	MeshInstance3D	0.0x0.0x0.1	StreetIdShot/OrisonRoot/F02_2C_SHOWER_01/StaticFixture/@MeshInstance3D@7564
[IDLEG] 0	232,88,248	MeshInstance3D	0.1x0.0x0.1	StreetIdShot/OrisonRoot/F02_2C_SHOWER_01/StaticFixture/@MeshInstance3D@7565
[IDLEG] 0	248,88,248	MeshInstance3D	0.1x0.1x0.1	StreetIdShot/OrisonRoot/F02_2C_SHOWER_01/HotValve/@MeshInstance3D@7566
[IDLEG] 0	8,104,248	MeshInstance3D	0.0x0.0x0.0	StreetIdShot/OrisonRoot/F02_2C_SHOWER_01/HotValve/@MeshInstance3D@7567
[IDLEG] 0	24,104,248	MeshInstance3D	0.1x0.1x0.1	StreetIdShot/OrisonRoot/F02_2C_SHOWER_01/ColdValve/@MeshInstance3D@7568
[IDLEG] 0	40,104,248	MeshInstance3D	0.0x0.0x0.0	StreetIdShot/OrisonRoot/F02_2C_SHOWER_01/ColdValve/@MeshInstance3D@7569
[IDLEG] 0	56,104,248	MeshInstance3D	0.7x1.6x0.8	StreetIdShot/OrisonRoot/F02_2C_SHOWER_01/CurtainDrawn/@MeshInstance3D@7570
[IDLEG] 0	72,104,248	MeshInstance3D	0.6x0.1x0.7	StreetIdShot/OrisonRoot/F02_2C_SHOWER_01/CurtainDrawn/@MeshInstance3D@7571
[IDLEG] 0	88,104,248	MeshInstance3D	0.1x0.0x0.1	StreetIdShot/OrisonRoot/F02_2C_SHOWER_01/Stopper/@MeshInstance3D@7556
[IDLEG] 0	104,104,248	MeshInstance3D	0.5x1.0x0.7	StreetIdShot/OrisonRoot/F02_2C_SINK_01/StaticFixture/@MeshInstance3D@7610
[IDLEG] 0	120,104,248	MeshInstance3D	0.3x1.0x0.2	StreetIdShot/OrisonRoot/F02_2C_SINK_01/StaticFixture/@MeshInstance3D@7611
[IDLEG] 0	136,104,248	MeshInstance3D	0.1x0.0x0.1	StreetIdShot/OrisonRoot/F02_2C_SINK_01/StaticFixture/@MeshInstance3D@7612
[IDLEG] 0	152,104,248	MeshInstance3D	0.0x0.0x0.1	StreetIdShot/OrisonRoot/F02_2C_SINK_01/StaticFixture/@MeshInstance3D@7613
[IDLEG] 0	168,104,248	MeshInstance3D	0.1x0.1x0.1	StreetIdShot/OrisonRoot/F02_2C_SINK_01/HotValve/@MeshInstance3D@7614
[IDLEG] 0	184,104,248	MeshInstance3D	0.0x0.0x0.0	StreetIdShot/OrisonRoot/F02_2C_SINK_01/HotValve/@MeshInstance3D@7615
[IDLEG] 0	200,104,248	MeshInstance3D	0.1x0.1x0.1	StreetIdShot/OrisonRoot/F02_2C_SINK_01/ColdValve/@MeshInstance3D@7616
[IDLEG] 0	216,104,248	MeshInstance3D	0.0x0.0x0.0	StreetIdShot/OrisonRoot/F02_2C_SINK_01/ColdValve/@MeshInstance3D@7617
[IDLEG] 0	232,104,248	MeshInstance3D	0.1x0.0x0.1	StreetIdShot/OrisonRoot/F02_2C_SINK_01/Stopper/@MeshInstance3D@7606
[IDLEG] 0	248,104,248	MeshInstance3D	0.1x0.7x0.5	StreetIdShot/OrisonRoot/F02_2C_MIRROR_01/CabinetCarcass/@MeshInstance3D@7637
[IDLEG] 0	8,120,248	MeshInstance3D	0.0x0.6x0.4	StreetIdShot/OrisonRoot/F02_2C_MIRROR_01/CabinetDoor/@MeshInstance3D@7649
[IDLEG] 0	24,120,248	MeshInstance3D	0.0x0.6x0.4	StreetIdShot/OrisonRoot/F02_2C_MIRROR_01/CabinetDoor/@MeshInstance3D@7650
[IDLEG] 0	40,120,248	MeshInstance3D	0.1x0.6x0.5	StreetIdShot/OrisonRoot/F02_2C_MIRROR_01/CabinetDoor/@MeshInstance3D@7651
[IDLEG] 0	56,120,248	MeshInstance3D	0.1x0.0x0.1	StreetIdShot/OrisonRoot/F02_2C_MIRROR_01/CabinetContents/@MeshInstance3D@7655
[IDLEG] 0	72,120,248	MeshInstance3D	0.0x0.2x0.1	StreetIdShot/OrisonRoot/2C_LT_SCONCE/@Node3D@7658/@MeshInstance3D@7659
[IDLEG] 0	88,120,248	MeshInstance3D	0.1x0.1x0.1	StreetIdShot/OrisonRoot/2C_LT_SCONCE/@Node3D@7658/@MeshInstance3D@7660
[IDLEG] 0	104,120,248	MeshInstance3D	0.2x0.2x0.2	StreetIdShot/OrisonRoot/2C_LT_SCONCE/@Node3D@7658/bulb_globe
[IDLEG] 0	120,120,248	MeshInstance3D	0.0x0.1x0.1	StreetIdShot/OrisonRoot/F02_C_RADIATOR_01/WorkingAssembly/CastSections/ReplaceableAirVent/@MeshInstance3D@7765
[IDLEG] 0	136,120,248	MeshInstance3D	0.0x0.1x0.0	StreetIdShot/OrisonRoot/F02_C_RADIATOR_01/WorkingAssembly/CastSections/ReplaceableAirVent/@MeshInstance3D@7766
[IDLEG] 0	152,120,248	MeshInstance3D	0.2x0.6x0.6	StreetIdShot/OrisonRoot/F02_C_RADIATOR_01/WorkingAssembly/CastSections/@MeshInstance3D@7763
[IDLEG] 0	168,120,248	MeshInstance3D	0.1x0.1x0.1	StreetIdShot/OrisonRoot/F02_C_RADIATOR_01/WorkingAssembly/SupplyHandwheel/@MeshInstance3D@7764
[IDLEG] 0	184,120,248	MeshInstance3D	0.1x0.0x0.1	StreetIdShot/OrisonRoot/F02_C_RADIATOR_01/WorkingAssembly/FarEndPitchShim/@MeshInstance3D@7762
[IDLEG] 0	200,120,248	MeshInstance3D	0.1x0.1x0.2	StreetIdShot/OrisonRoot/F02_C_RADIATOR_01/WorkingAssembly/@MeshInstance3D@7767
[IDLEG] 0	216,120,248	MeshInstance3D	0.0x0.0x0.1	StreetIdShot/OrisonRoot/F02_C_RADIATOR_01/WorkingAssembly/@MeshInstance3D@7768
[IDLEG] 0	232,120,248	MeshInstance3D	0.5x0.3x1.0	StreetIdShot/OrisonRoot/F02_2C_KITCHEN_SINK_01/StaticFixture/@MeshInstance3D@7819
[IDLEG] 0	248,120,248	MeshInstance3D	0.2x0.5x0.2	StreetIdShot/OrisonRoot/F02_2C_KITCHEN_SINK_01/StaticFixture/@MeshInstance3D@7820
[IDLEG] 0	8,136,248	MeshInstance3D	0.1x0.0x0.1	StreetIdShot/OrisonRoot/F02_2C_KITCHEN_SINK_01/StaticFixture/@MeshInstance3D@7821
[IDLEG] 0	24,136,248	MeshInstance3D	0.0x0.0x0.1	StreetIdShot/OrisonRoot/F02_2C_KITCHEN_SINK_01/StaticFixture/@MeshInstance3D@7822
[IDLEG] 0	40,136,248	MeshInstance3D	0.1x0.0x0.1	StreetIdShot/OrisonRoot/F02_2C_KITCHEN_SINK_01/StaticFixture/@MeshInstance3D@7823
[IDLEG] 0	56,136,248	MeshInstance3D	0.1x0.1x0.1	StreetIdShot/OrisonRoot/F02_2C_KITCHEN_SINK_01/HotValve/@MeshInstance3D@7824
[IDLEG] 0	72,136,248	MeshInstance3D	0.0x0.0x0.0	StreetIdShot/OrisonRoot/F02_2C_KITCHEN_SINK_01/HotValve/@MeshInstance3D@7825
[IDLEG] 0	88,136,248	MeshInstance3D	0.1x0.1x0.1	StreetIdShot/OrisonRoot/F02_2C_KITCHEN_SINK_01/ColdValve/@MeshInstance3D@7826
[IDLEG] 0	104,136,248	MeshInstance3D	0.0x0.0x0.0	StreetIdShot/OrisonRoot/F02_2C_KITCHEN_SINK_01/ColdValve/@MeshInstance3D@7827
[IDLEG] 0	120,136,248	MeshInstance3D	0.1x0.0x0.1	StreetIdShot/OrisonRoot/F02_2C_KITCHEN_SINK_01/Stopper/@MeshInstance3D@7806
[IDLEG] 0	136,136,248	MeshInstance3D	0.5x0.7x0.6	StreetIdShot/OrisonRoot/F02_2C_STOVE_01/StaticCarcass/@MeshInstance3D@7954
[IDLEG] 0	152,136,248	MeshInstance3D	0.6x0.8x0.6	StreetIdShot/OrisonRoot/F02_2C_STOVE_01/StaticCarcass/@MeshInstance3D@7955
[IDLEG] 0	168,136,248	MeshInstance3D	0.6x1.0x0.6	StreetIdShot/OrisonRoot/F02_2C_STOVE_01/StaticCarcass/@MeshInstance3D@7956
[IDLEG] 0	184,136,248	MeshInstance3D	0.4x0.4x0.6	StreetIdShot/OrisonRoot/F02_2C_STOVE_01/StaticCarcass/@MeshInstance3D@7957
[IDLEG] 0	200,136,248	MeshInstance3D	0.0x0.3x0.4	StreetIdShot/OrisonRoot/F02_2C_STOVE_01/OvenDoor/@MeshInstance3D@7958
[IDLEG] 0	216,136,248	MeshInstance3D	0.0x0.3x0.4	StreetIdShot/OrisonRoot/F02_2C_STOVE_01/OvenDoor/@MeshInstance3D@7959
[IDLEG] 0	232,136,248	MeshInstance3D	0.0x0.1x0.4	StreetIdShot/OrisonRoot/F02_2C_STOVE_01/OvenDoor/@MeshInstance3D@7960
[IDLEG] 0	248,136,248	MeshInstance3D	0.0x0.1x0.4	StreetIdShot/OrisonRoot/F02_2C_STOVE_01/BroilerDrawer/@MeshInstance3D@7961
[IDLEG] 0	8,152,248	MeshInstance3D	0.0x0.0x0.2	StreetIdShot/OrisonRoot/F02_2C_STOVE_01/BroilerDrawer/@MeshInstance3D@7962
[IDLEG] 0	24,152,248	MeshInstance3D	0.0x0.1x0.1	StreetIdShot/OrisonRoot/F02_2C_STOVE_01/BurnerValve1/@MeshInstance3D@7963
[IDLEG] 0	40,152,248	MeshInstance3D	0.0x0.0x0.0	StreetIdShot/OrisonRoot/F02_2C_STOVE_01/BurnerValve1/@MeshInstance3D@7964
[IDLEG] 0	56,152,248	MeshInstance3D	0.0x0.1x0.1	StreetIdShot/OrisonRoot/F02_2C_STOVE_01/BurnerValve2/@MeshInstance3D@7965
[IDLEG] 0	72,152,248	MeshInstance3D	0.0x0.0x0.0	StreetIdShot/OrisonRoot/F02_2C_STOVE_01/BurnerValve2/@MeshInstance3D@7966
[IDLEG] 0	88,152,248	MeshInstance3D	0.0x0.1x0.1	StreetIdShot/OrisonRoot/F02_2C_STOVE_01/BurnerValve3/@MeshInstance3D@7967
[IDLEG] 0	104,152,248	MeshInstance3D	0.0x0.0x0.0	StreetIdShot/OrisonRoot/F02_2C_STOVE_01/BurnerValve3/@MeshInstance3D@7968
[IDLEG] 0	120,152,248	MeshInstance3D	0.0x0.1x0.1	StreetIdShot/OrisonRoot/F02_2C_STOVE_01/BurnerValve4/@MeshInstance3D@7969
[IDLEG] 0	136,152,248	MeshInstance3D	0.0x0.0x0.0	StreetIdShot/OrisonRoot/F02_2C_STOVE_01/BurnerValve4/@MeshInstance3D@7970
[IDLEG] 0	152,152,248	MeshInstance3D	0.0x0.1x0.1	StreetIdShot/OrisonRoot/F02_2C_STOVE_01/OvenValve/@MeshInstance3D@7876
[IDLEG] 0	168,152,248	MeshInstance3D	0.0x0.0x0.0	StreetIdShot/OrisonRoot/F02_2C_STOVE_01/OvenValve/@MeshInstance3D@7877
[IDLEG] 0	184,152,248	MeshInstance3D	0.2x0.0x0.2	StreetIdShot/OrisonRoot/F02_2C_STOVE_01/Grate1/@MeshInstance3D@7971
[IDLEG] 0	200,152,248	MeshInstance3D	0.1x0.0x0.1	StreetIdShot/OrisonRoot/F02_2C_STOVE_01/BurnerCap1/@MeshInstance3D@7975
[IDLEG] 0	216,152,248	MeshInstance3D	0.1x0.0x0.1	StreetIdShot/OrisonRoot/F02_2C_STOVE_01/BurnerCap1/@MeshInstance3D@7976
[IDLEG] 0	232,152,248	MeshInstance3D	0.2x0.0x0.2	StreetIdShot/OrisonRoot/F02_2C_STOVE_01/Grate2/@MeshInstance3D@7972
[IDLEG] 0	248,152,248	MeshInstance3D	0.1x0.0x0.1	StreetIdShot/OrisonRoot/F02_2C_STOVE_01/BurnerCap2/@MeshInstance3D@7977
[IDLEG] 0	8,168,248	MeshInstance3D	0.1x0.0x0.1	StreetIdShot/OrisonRoot/F02_2C_STOVE_01/BurnerCap2/@MeshInstance3D@7978
[IDLEG] 0	24,168,248	MeshInstance3D	0.2x0.0x0.2	StreetIdShot/OrisonRoot/F02_2C_STOVE_01/Grate3/@MeshInstance3D@7973
[IDLEG] 0	40,168,248	MeshInstance3D	0.1x0.0x0.1	StreetIdShot/OrisonRoot/F02_2C_STOVE_01/BurnerCap3/@MeshInstance3D@7979
[IDLEG] 0	56,168,248	MeshInstance3D	0.1x0.0x0.1	StreetIdShot/OrisonRoot/F02_2C_STOVE_01/BurnerCap3/@MeshInstance3D@7980
[IDLEG] 0	72,168,248	MeshInstance3D	0.2x0.0x0.2	StreetIdShot/OrisonRoot/F02_2C_STOVE_01/Grate4/@MeshInstance3D@7974
[IDLEG] 0	88,168,248	MeshInstance3D	0.1x0.0x0.1	StreetIdShot/OrisonRoot/F02_2C_STOVE_01/BurnerCap4/@MeshInstance3D@7981
[IDLEG] 0	104,168,248	MeshInstance3D	0.1x0.0x0.1	StreetIdShot/OrisonRoot/F02_2C_STOVE_01/BurnerCap4/@MeshInstance3D@7982
[IDLEG] 0	120,168,248	MeshInstance3D	0.6x1.2x0.7	StreetIdShot/OrisonRoot/F02_2C_FRIDGE_01/StaticCarcass/@MeshInstance3D@8054
[IDLEG] 0	136,168,248	MeshInstance3D	0.0x0.1x0.5	StreetIdShot/OrisonRoot/F02_2C_FRIDGE_01/StaticCarcass/@MeshInstance3D@8055
[IDLEG] 0	152,168,248	MeshInstance3D	0.5x0.9x0.6	StreetIdShot/OrisonRoot/F02_2C_FRIDGE_01/StaticCarcass/@MeshInstance3D@8056
[IDLEG] 0	168,168,248	MeshInstance3D	0.0x0.7x0.7	StreetIdShot/OrisonRoot/F02_2C_FRIDGE_01/FoodDoor/@MeshInstance3D@8057
[IDLEG] 0	184,168,248	MeshInstance3D	0.0x0.6x0.6	StreetIdShot/OrisonRoot/F02_2C_FRIDGE_01/FoodDoor/@MeshInstance3D@8058
[IDLEG] 0	200,168,248	MeshInstance3D	0.1x0.6x0.7	StreetIdShot/OrisonRoot/F02_2C_FRIDGE_01/FoodDoor/@MeshInstance3D@8059
[IDLEG] 0	216,168,248	MeshInstance3D	0.0x0.2x0.7	StreetIdShot/OrisonRoot/F02_2C_FRIDGE_01/IceDoor/@MeshInstance3D@8060
[IDLEG] 0	232,168,248	MeshInstance3D	0.0x0.1x0.0	StreetIdShot/OrisonRoot/F02_2C_FRIDGE_01/IceDoor/@MeshInstance3D@8061
[IDLEG] 0	248,168,248	MeshInstance3D	0.2x0.1x0.5	StreetIdShot/OrisonRoot/F02_2C_FRIDGE_01/DripTray/@MeshInstance3D@8062
[IDLEG] 0	8,184,248	MeshInstance3D	0.0x0.1x0.5	StreetIdShot/OrisonRoot/F02_2C_FRIDGE_01/DripTray/@MeshInstance3D@8063
[IDLEG] 0	24,184,248	MeshInstance3D	0.0x0.0x0.2	StreetIdShot/OrisonRoot/F02_2C_FRIDGE_01/DripTray/@MeshInstance3D@8064
[IDLEG] 0	40,184,248	MeshInstance3D	0.1x0.2x0.1	StreetIdShot/OrisonRoot/F02_2C_FRIDGE_01/@MeshInstance3D@8051
[IDLEG] 0	56,184,248	MeshInstance3D	0.1x0.2x0.1	StreetIdShot/OrisonRoot/F02_2C_FRIDGE_01/@MeshInstance3D@8052
[IDLEG] 0	72,184,248	MeshInstance3D	0.1x0.1x0.2	StreetIdShot/OrisonRoot/F02_2C_FRIDGE_01/@MeshInstance3D@8053
[IDLEG] 0	88,184,248	MeshInstance3D	0.3x0.6x0.3	StreetIdShot/OrisonRoot/F02_C_SPEAKER_01/@MeshInstance3D@8068
[IDLEG] 0	104,184,248	MeshInstance3D	0.0x0.5x0.3	StreetIdShot/OrisonRoot/F02_C_SPEAKER_01/@MeshInstance3D@8069
[IDLEG] 0	120,184,248	MeshInstance3D	0.0x0.2x0.2	StreetIdShot/OrisonRoot/F02_C_SPEAKER_01/@MeshInstance3D@8070
[IDLEG] 0	136,184,248	MeshInstance3D	0.0x0.2x0.2	StreetIdShot/OrisonRoot/F02_C_SPEAKER_01/@MeshInstance3D@8071
[IDLEG] 0	152,184,248	MeshInstance3D	0.0x0.1x0.1	StreetIdShot/OrisonRoot/F02_C_SPEAKER_01/@MeshInstance3D@8072
[IDLEG] 0	168,184,248	MeshInstance3D	0.0x0.1x0.1	StreetIdShot/OrisonRoot/F02_C_SPEAKER_01/@MeshInstance3D@8073
[IDLEG] 0	184,184,248	MeshInstance3D	0.0x0.1x0.1	StreetIdShot/OrisonRoot/F02_C_SPEAKER_01/@MeshInstance3D@8074
[IDLEG] 0	200,184,248	MeshInstance3D	0.0x0.0x0.0	StreetIdShot/OrisonRoot/F02_C_SPEAKER_01/@MeshInstance3D@8075
[IDLEG] 0	216,184,248	MeshInstance3D	0.0x0.0x0.0	StreetIdShot/OrisonRoot/F02_C_SPEAKER_01/@MeshInstance3D@8076
[IDLEG] 0	232,184,248	MeshInstance3D	0.3x0.6x0.3	StreetIdShot/OrisonRoot/F02_C_SPEAKER_02/@MeshInstance3D@8079
[IDLEG] 0	248,184,248	MeshInstance3D	0.0x0.5x0.3	StreetIdShot/OrisonRoot/F02_C_SPEAKER_02/@MeshInstance3D@8080
[IDLEG] 0	8,200,248	MeshInstance3D	0.0x0.2x0.2	StreetIdShot/OrisonRoot/F02_C_SPEAKER_02/@MeshInstance3D@8081
[IDLEG] 0	24,200,248	MeshInstance3D	0.0x0.2x0.2	StreetIdShot/OrisonRoot/F02_C_SPEAKER_02/@MeshInstance3D@8082
[IDLEG] 0	40,200,248	MeshInstance3D	0.0x0.1x0.1	StreetIdShot/OrisonRoot/F02_C_SPEAKER_02/@MeshInstance3D@8083
[IDLEG] 0	56,200,248	MeshInstance3D	0.0x0.1x0.1	StreetIdShot/OrisonRoot/F02_C_SPEAKER_02/@MeshInstance3D@8084
[IDLEG] 0	72,200,248	MeshInstance3D	0.0x0.1x0.1	StreetIdShot/OrisonRoot/F02_C_SPEAKER_02/@MeshInstance3D@8085
[IDLEG] 0	88,200,248	MeshInstance3D	0.0x0.0x0.0	StreetIdShot/OrisonRoot/F02_C_SPEAKER_02/@MeshInstance3D@8086
[IDLEG] 0	104,200,248	MeshInstance3D	0.0x0.0x0.0	StreetIdShot/OrisonRoot/F02_C_SPEAKER_02/@MeshInstance3D@8087
[IDLEG] 0	120,200,248	MeshInstance3D	0.1x0.4x0.5	StreetIdShot/OrisonRoot/F02_C_MONITOR_01/ReceiverCase/@MeshInstance3D@8095
[IDLEG] 0	136,200,248	MeshInstance3D	0.0x0.3x0.5	StreetIdShot/OrisonRoot/F02_C_MONITOR_01/ReceiverCase/@MeshInstance3D@8096
[IDLEG] 0	152,200,248	MeshInstance3D	0.0x0.2x0.4	StreetIdShot/OrisonRoot/F02_C_MONITOR_01/PicturePlate
[IDLEG] 0	168,200,248	MeshInstance3D	0.3x0.4x0.2	StreetIdShot/OrisonRoot/F02_C_BOXFAN_01/StaticCarcass/@MeshInstance3D@8148
[IDLEG] 0	184,200,248	MeshInstance3D	0.4x0.4x0.2	StreetIdShot/OrisonRoot/F02_C_BOXFAN_01/StaticCarcass/@MeshInstance3D@8149
[IDLEG] 0	200,200,248	MeshInstance3D	0.2x0.3x0.1	StreetIdShot/OrisonRoot/F02_C_BOXFAN_01/StaticCarcass/@MeshInstance3D@8150
[IDLEG] 0	216,200,248	MeshInstance3D	0.1x0.0x0.2	StreetIdShot/OrisonRoot/F02_C_BOXFAN_01/StaticCarcass/@MeshInstance3D@8151
[IDLEG] 0	232,200,248	MeshInstance3D	0.6x0.6x0.0	StreetIdShot/OrisonRoot/F02_C_BOXFAN_01/Rotor/@MeshInstance3D@8152
[IDLEG] 0	248,200,248	MeshInstance3D	0.1x0.0x0.1	StreetIdShot/OrisonRoot/F02_C_BOXFAN_01/SpeedSelector/@MeshInstance3D@8153
[IDLEG] 0	8,216,248	MeshInstance3D	0.1x0.1x0.0	StreetIdShot/OrisonRoot/F02_C_BOXFAN_01/AttachmentPlug/@MeshInstance3D@8154
[IDLEG] 0	24,216,248	MeshInstance3D	0.0x0.0x0.0	StreetIdShot/OrisonRoot/F02_C_BOXFAN_01/AttachmentPlug/@MeshInstance3D@8155
[IDLEG] 0	40,216,248	MeshInstance3D	0.0x0.1x0.0	StreetIdShot/OrisonRoot/F02_C_BOXFAN_01/AttachmentPlug/@MeshInstance3D@8156
[IDLEG] 0	56,216,248	MeshInstance3D	0.8x0.3x0.8	StreetIdShot/OrisonRoot/F02_2D_SHOWER_01/StaticFixture/@MeshInstance3D@8220
[IDLEG] 0	72,216,248	MeshInstance3D	0.7x2.0x0.8	StreetIdShot/OrisonRoot/F02_2D_SHOWER_01/StaticFixture/@MeshInstance3D@8221
[IDLEG] 0	88,216,248	MeshInstance3D	0.1x0.0x0.1	StreetIdShot/OrisonRoot/F02_2D_SHOWER_01/StaticFixture/@MeshInstance3D@8222
[IDLEG] 0	104,216,248	MeshInstance3D	0.0x0.0x0.1	StreetIdShot/OrisonRoot/F02_2D_SHOWER_01/StaticFixture/@MeshInstance3D@8223
[IDLEG] 0	120,216,248	MeshInstance3D	0.1x0.0x0.1	StreetIdShot/OrisonRoot/F02_2D_SHOWER_01/StaticFixture/@MeshInstance3D@8224
[IDLEG] 0	136,216,248	MeshInstance3D	0.1x0.1x0.1	StreetIdShot/OrisonRoot/F02_2D_SHOWER_01/HotValve/@MeshInstance3D@8225
[IDLEG] 0	152,216,248	MeshInstance3D	0.0x0.0x0.0	StreetIdShot/OrisonRoot/F02_2D_SHOWER_01/HotValve/@MeshInstance3D@8226
[IDLEG] 0	168,216,248	MeshInstance3D	0.1x0.1x0.1	StreetIdShot/OrisonRoot/F02_2D_SHOWER_01/ColdValve/@MeshInstance3D@8227
[IDLEG] 0	184,216,248	MeshInstance3D	0.0x0.0x0.0	StreetIdShot/OrisonRoot/F02_2D_SHOWER_01/ColdValve/@MeshInstance3D@8228
[IDLEG] 0	200,216,248	MeshInstance3D	0.7x1.6x0.8	StreetIdShot/OrisonRoot/F02_2D_SHOWER_01/CurtainDrawn/@MeshInstance3D@8229
[IDLEG] 0	216,216,248	MeshInstance3D	0.6x0.1x0.7	StreetIdShot/OrisonRoot/F02_2D_SHOWER_01/CurtainDrawn/@MeshInstance3D@8230
[IDLEG] 0	232,216,248	MeshInstance3D	0.1x0.0x0.1	StreetIdShot/OrisonRoot/F02_2D_SHOWER_01/Stopper/@MeshInstance3D@8215
[IDLEG] 0	248,216,248	MeshInstance3D	0.5x1.0x0.7	StreetIdShot/OrisonRoot/F02_2D_SINK_01/StaticFixture/@MeshInstance3D@8269
[IDLEG] 0	8,232,248	MeshInstance3D	0.3x1.0x0.2	StreetIdShot/OrisonRoot/F02_2D_SINK_01/StaticFixture/@MeshInstance3D@8270
[IDLEG] 0	24,232,248	MeshInstance3D	0.1x0.0x0.1	StreetIdShot/OrisonRoot/F02_2D_SINK_01/StaticFixture/@MeshInstance3D@8271
[IDLEG] 0	40,232,248	MeshInstance3D	0.0x0.0x0.1	StreetIdShot/OrisonRoot/F02_2D_SINK_01/StaticFixture/@MeshInstance3D@8272
[IDLEG] 0	56,232,248	MeshInstance3D	0.1x0.1x0.1	StreetIdShot/OrisonRoot/F02_2D_SINK_01/HotValve/@MeshInstance3D@8273
[IDLEG] 0	72,232,248	MeshInstance3D	0.0x0.0x0.0	StreetIdShot/OrisonRoot/F02_2D_SINK_01/HotValve/@MeshInstance3D@8274
[IDLEG] 0	88,232,248	MeshInstance3D	0.1x0.1x0.1	StreetIdShot/OrisonRoot/F02_2D_SINK_01/ColdValve/@MeshInstance3D@8275
[IDLEG] 0	104,232,248	MeshInstance3D	0.0x0.0x0.0	StreetIdShot/OrisonRoot/F02_2D_SINK_01/ColdValve/@MeshInstance3D@8276
[IDLEG] 0	120,232,248	MeshInstance3D	0.1x0.0x0.1	StreetIdShot/OrisonRoot/F02_2D_SINK_01/Stopper/@MeshInstance3D@8265
[IDLEG] 0	136,232,248	MeshInstance3D	0.1x0.7x0.5	StreetIdShot/OrisonRoot/F02_2D_MIRROR_01/CabinetCarcass/@MeshInstance3D@8296
[IDLEG] 0	152,232,248	MeshInstance3D	0.0x0.6x0.4	StreetIdShot/OrisonRoot/F02_2D_MIRROR_01/CabinetDoor/@MeshInstance3D@8308
[IDLEG] 0	168,232,248	MeshInstance3D	0.0x0.6x0.4	StreetIdShot/OrisonRoot/F02_2D_MIRROR_01/CabinetDoor/@MeshInstance3D@8309
[IDLEG] 0	184,232,248	MeshInstance3D	0.1x0.6x0.5	StreetIdShot/OrisonRoot/F02_2D_MIRROR_01/CabinetDoor/@MeshInstance3D@8310
[IDLEG] 0	200,232,248	MeshInstance3D	0.0x0.2x0.1	StreetIdShot/OrisonRoot/2D_LT_SCONCE/@Node3D@8313/@MeshInstance3D@8314
[IDLEG] 0	216,232,248	MeshInstance3D	0.1x0.1x0.1	StreetIdShot/OrisonRoot/2D_LT_SCONCE/@Node3D@8313/@MeshInstance3D@8315
[IDLEG] 0	232,232,248	MeshInstance3D	0.2x0.2x0.2	StreetIdShot/OrisonRoot/2D_LT_SCONCE/@Node3D@8313/bulb_globe
[IDLEG] 0	248,232,248	MeshInstance3D	0.0x0.1x0.1	StreetIdShot/OrisonRoot/F02_D_RADIATOR_01/WorkingAssembly/CastSections/ReplaceableAirVent/@MeshInstance3D@8431
[IDLEG] 0	8,248,248	MeshInstance3D	0.0x0.1x0.0	StreetIdShot/OrisonRoot/F02_D_RADIATOR_01/WorkingAssembly/CastSections/ReplaceableAirVent/@MeshInstance3D@8432
[IDLEG] 0	24,248,248	MeshInstance3D	0.2x0.6x0.7	StreetIdShot/OrisonRoot/F02_D_RADIATOR_01/WorkingAssembly/CastSections/@MeshInstance3D@8429
[IDLEG] 0	40,248,248	MeshInstance3D	0.1x0.1x0.1	StreetIdShot/OrisonRoot/F02_D_RADIATOR_01/WorkingAssembly/SupplyHandwheel/@MeshInstance3D@8430
[IDLEG] 0	56,248,248	MeshInstance3D	0.1x0.0x0.1	StreetIdShot/OrisonRoot/F02_D_RADIATOR_01/WorkingAssembly/FarEndPitchShim/@MeshInstance3D@8428
[IDLEG] 0	72,248,248	MeshInstance3D	0.1x0.1x0.2	StreetIdShot/OrisonRoot/F02_D_RADIATOR_01/WorkingAssembly/@MeshInstance3D@8433
[IDLEG] 0	88,248,248	MeshInstance3D	0.0x0.0x0.1	StreetIdShot/OrisonRoot/F02_D_RADIATOR_01/WorkingAssembly/@MeshInstance3D@8434
[IDLEG] 0	104,248,248	MeshInstance3D	0.4x0.4x0.0	StreetIdShot/OrisonRoot/F02_FLUE_BREAST/FixedThimble/@MeshInstance3D@8451
[IDLEG] 0	120,248,248	MeshInstance3D	0.3x0.3x0.1	StreetIdShot/OrisonRoot/F02_FLUE_BREAST/FixedThimble/@MeshInstance3D@8452
[IDLEG] 0	136,248,248	MeshInstance3D	0.1x0.1x0.0	StreetIdShot/OrisonRoot/F02_FLUE_BREAST/ClosurePlate/@MeshInstance3D@8453
[IDLEG] 0	152,248,248	MeshInstance3D	0.9x2.1x0.1	StreetIdShot/OrisonRoot/F02_DOOR_01/HingedLeaf/@MeshInstance3D@8473
[IDLEG] 0	168,248,248	MeshInstance3D	0.9x1.8x0.0	StreetIdShot/OrisonRoot/F02_DOOR_01/HingedLeaf/@MeshInstance3D@8474
[IDLEG] 0	184,248,248	MeshInstance3D	0.1x0.2x0.2	StreetIdShot/OrisonRoot/F02_DOOR_01/HingedLeaf/@MeshInstance3D@8475
[IDLEG] 0	200,248,248	MeshInstance3D	1.0x1.9x0.1	StreetIdShot/OrisonRoot/F02_DOOR_01/FixedIronmongery/@MeshInstance3D@8476
[IDLEG] 0	216,248,248	MeshInstance3D	0.1x2.1x0.9	StreetIdShot/OrisonRoot/F02_DOOR_02/HingedLeaf/@MeshInstance3D@8515
[IDLEG] 0	232,248,248	MeshInstance3D	0.1x1.8x0.7	StreetIdShot/OrisonRoot/F02_DOOR_02/HingedLeaf/@MeshInstance3D@8516
[IDLEG] 0	248,248,248	MeshInstance3D	0.2x1.5x0.8	StreetIdShot/OrisonRoot/F02_DOOR_02/HingedLeaf/@MeshInstance3D@8517
[IDLEG] 1	24,8,8	MeshInstance3D	0.1x0.1x0.4	StreetIdShot/OrisonRoot/F02_DOOR_02/HingedLeaf/@MeshInstance3D@8518
[IDLEG] 1	40,8,8	MeshInstance3D	0.1x1.9x1.0	StreetIdShot/OrisonRoot/F02_DOOR_02/FixedIronmongery/@MeshInstance3D@8519
[IDLEG] 1	56,8,8	MeshInstance3D	0.0x0.1x0.2	StreetIdShot/OrisonRoot/F02_DOOR_02/BrassApartmentNumber_2A/@MeshInstance3D@23058
[IDLEG] 1	72,8,8	MeshInstance3D	0.0x0.1x0.2	StreetIdShot/OrisonRoot/F02_DOOR_02/BrassApartmentNumber_2A/@MeshInstance3D@23059
[IDLEG] 1	88,8,8	MeshInstance3D	0.0x0.1x0.2	StreetIdShot/OrisonRoot/F02_DOOR_02/BrassApartmentNumber_2A/@MeshInstance3D@23060
[IDLEG] 1	104,8,8	MeshInstance3D	0.0x0.1x0.1	StreetIdShot/OrisonRoot/F02_DOOR_02/@Node3D@23055/@MeshInstance3D@23056
[IDLEG] 1	120,8,8	MeshInstance3D	0.1x2.1x0.9	StreetIdShot/OrisonRoot/F02_DOOR_03/HingedLeaf/@MeshInstance3D@8558
[IDLEG] 1	136,8,8	MeshInstance3D	0.1x1.8x0.7	StreetIdShot/OrisonRoot/F02_DOOR_03/HingedLeaf/@MeshInstance3D@8559
[IDLEG] 1	152,8,8	MeshInstance3D	0.2x1.5x0.8	StreetIdShot/OrisonRoot/F02_DOOR_03/HingedLeaf/@MeshInstance3D@8560
[IDLEG] 1	168,8,8	MeshInstance3D	0.1x0.1x0.4	StreetIdShot/OrisonRoot/F02_DOOR_03/HingedLeaf/@MeshInstance3D@8561
[IDLEG] 1	184,8,8	MeshInstance3D	0.1x1.9x1.0	StreetIdShot/OrisonRoot/F02_DOOR_03/FixedIronmongery/@MeshInstance3D@8562
[IDLEG] 1	200,8,8	MeshInstance3D	0.0x0.1x0.2	StreetIdShot/OrisonRoot/F02_DOOR_03/BrassApartmentNumber_2B/@MeshInstance3D@23154
[IDLEG] 1	216,8,8	MeshInstance3D	0.0x0.1x0.2	StreetIdShot/OrisonRoot/F02_DOOR_03/BrassApartmentNumber_2B/@MeshInstance3D@23155
[IDLEG] 1	232,8,8	MeshInstance3D	0.0x0.1x0.2	StreetIdShot/OrisonRoot/F02_DOOR_03/BrassApartmentNumber_2B/@MeshInstance3D@23156
[IDLEG] 1	248,8,8	MeshInstance3D	0.0x0.1x0.1	StreetIdShot/OrisonRoot/F02_DOOR_03/@Node3D@23151/@MeshInstance3D@23152
[IDLEG] 1	8,24,8	MeshInstance3D	0.1x2.1x0.9	StreetIdShot/OrisonRoot/F02_DOOR_04/HingedLeaf/@MeshInstance3D@8580
[IDLEG] 1	24,24,8	MeshInstance3D	0.0x1.8x0.9	StreetIdShot/OrisonRoot/F02_DOOR_04/HingedLeaf/@MeshInstance3D@8581
[IDLEG] 1	40,24,8	MeshInstance3D	0.2x0.2x0.1	StreetIdShot/OrisonRoot/F02_DOOR_04/HingedLeaf/@MeshInstance3D@8582
[IDLEG] 1	56,24,8	MeshInstance3D	0.1x1.9x1.0	StreetIdShot/OrisonRoot/F02_DOOR_04/FixedIronmongery/@MeshInstance3D@8583
[IDLEG] 1	72,24,8	MeshInstance3D	0.1x2.1x0.9	StreetIdShot/OrisonRoot/F02_DOOR_05/HingedLeaf/@MeshInstance3D@8622
[IDLEG] 1	88,24,8	MeshInstance3D	0.1x1.8x0.7	StreetIdShot/OrisonRoot/F02_DOOR_05/HingedLeaf/@MeshInstance3D@8623
[IDLEG] 1	104,24,8	MeshInstance3D	0.2x1.5x0.8	StreetIdShot/OrisonRoot/F02_DOOR_05/HingedLeaf/@MeshInstance3D@8624
[IDLEG] 1	120,24,8	MeshInstance3D	0.1x0.1x0.4	StreetIdShot/OrisonRoot/F02_DOOR_05/HingedLeaf/@MeshInstance3D@8625
[IDLEG] 1	136,24,8	MeshInstance3D	0.1x1.9x1.0	StreetIdShot/OrisonRoot/F02_DOOR_05/FixedIronmongery/@MeshInstance3D@8626
[IDLEG] 1	152,24,8	MeshInstance3D	0.0x0.1x0.2	StreetIdShot/OrisonRoot/F02_DOOR_05/BrassApartmentNumber_2C/@MeshInstance3D@23070
[IDLEG] 1	168,24,8	MeshInstance3D	0.0x0.1x0.2	StreetIdShot/OrisonRoot/F02_DOOR_05/BrassApartmentNumber_2C/@MeshInstance3D@23071
[IDLEG] 1	184,24,8	MeshInstance3D	0.0x0.1x0.2	StreetIdShot/OrisonRoot/F02_DOOR_05/BrassApartmentNumber_2C/@MeshInstance3D@23072
[IDLEG] 1	200,24,8	MeshInstance3D	0.0x0.1x0.1	StreetIdShot/OrisonRoot/F02_DOOR_05/@Node3D@23067/@MeshInstance3D@23068
[IDLEG] 1	216,24,8	MeshInstance3D	0.8x2.0x0.1	StreetIdShot/OrisonRoot/F02_DOOR_06/HingedLeaf/@MeshInstance3D@8661
[IDLEG] 1	232,24,8	MeshInstance3D	0.6x1.7x0.1	StreetIdShot/OrisonRoot/F02_DOOR_06/HingedLeaf/@MeshInstance3D@8662
[IDLEG] 1	248,24,8	MeshInstance3D	0.1x0.2x0.2	StreetIdShot/OrisonRoot/F02_DOOR_06/HingedLeaf/@MeshInstance3D@8663
[IDLEG] 1	8,40,8	MeshInstance3D	0.9x1.8x0.1	StreetIdShot/OrisonRoot/F02_DOOR_06/FixedIronmongery/@MeshInstance3D@8664
[IDLEG] 1	24,40,8	MeshInstance3D	0.8x2.0x0.1	StreetIdShot/OrisonRoot/F02_DOOR_07/HingedLeaf/@MeshInstance3D@8699
[IDLEG] 1	40,40,8	MeshInstance3D	0.6x1.7x0.1	StreetIdShot/OrisonRoot/F02_DOOR_07/HingedLeaf/@MeshInstance3D@8700
[IDLEG] 1	56,40,8	MeshInstance3D	0.1x0.2x0.2	StreetIdShot/OrisonRoot/F02_DOOR_07/HingedLeaf/@MeshInstance3D@8701
[IDLEG] 1	72,40,8	MeshInstance3D	0.9x1.8x0.1	StreetIdShot/OrisonRoot/F02_DOOR_07/FixedIronmongery/@MeshInstance3D@8702
[IDLEG] 1	88,40,8	MeshInstance3D	0.1x2.0x0.8	StreetIdShot/OrisonRoot/F02_DOOR_08/HingedLeaf/@MeshInstance3D@8737
[IDLEG] 1	104,40,8	MeshInstance3D	0.1x1.7x0.6	StreetIdShot/OrisonRoot/F02_DOOR_08/HingedLeaf/@MeshInstance3D@8738
[IDLEG] 1	120,40,8	MeshInstance3D	0.2x0.2x0.1	StreetIdShot/OrisonRoot/F02_DOOR_08/HingedLeaf/@MeshInstance3D@8739
[IDLEG] 1	136,40,8	MeshInstance3D	0.1x1.8x0.9	StreetIdShot/OrisonRoot/F02_DOOR_08/FixedIronmongery/@MeshInstance3D@8740
[IDLEG] 1	152,40,8	MeshInstance3D	0.8x2.0x0.1	StreetIdShot/OrisonRoot/F02_DOOR_09/HingedLeaf/@MeshInstance3D@8775
[IDLEG] 1	168,40,8	MeshInstance3D	0.6x1.7x0.1	StreetIdShot/OrisonRoot/F02_DOOR_09/HingedLeaf/@MeshInstance3D@8776
[IDLEG] 1	184,40,8	MeshInstance3D	0.1x0.2x0.2	StreetIdShot/OrisonRoot/F02_DOOR_09/HingedLeaf/@MeshInstance3D@8777
[IDLEG] 1	200,40,8	MeshInstance3D	0.9x1.8x0.1	StreetIdShot/OrisonRoot/F02_DOOR_09/FixedIronmongery/@MeshInstance3D@8778
[IDLEG] 1	216,40,8	MeshInstance3D	0.8x2.0x0.1	StreetIdShot/OrisonRoot/F02_DOOR_10/HingedLeaf/@MeshInstance3D@8813
[IDLEG] 1	232,40,8	MeshInstance3D	0.6x1.7x0.1	StreetIdShot/OrisonRoot/F02_DOOR_10/HingedLeaf/@MeshInstance3D@8814
[IDLEG] 1	248,40,8	MeshInstance3D	0.1x0.2x0.2	StreetIdShot/OrisonRoot/F02_DOOR_10/HingedLeaf/@MeshInstance3D@8815
[IDLEG] 1	8,56,8	MeshInstance3D	0.9x1.8x0.1	StreetIdShot/OrisonRoot/F02_DOOR_10/FixedIronmongery/@MeshInstance3D@8816
[IDLEG] 1	24,56,8	MeshInstance3D	0.8x2.0x0.1	StreetIdShot/OrisonRoot/F02_DOOR_11/HingedLeaf/@MeshInstance3D@8851
[IDLEG] 1	40,56,8	MeshInstance3D	0.6x1.7x0.1	StreetIdShot/OrisonRoot/F02_DOOR_11/HingedLeaf/@MeshInstance3D@8852
[IDLEG] 1	56,56,8	MeshInstance3D	0.1x0.2x0.2	StreetIdShot/OrisonRoot/F02_DOOR_11/HingedLeaf/@MeshInstance3D@8853
[IDLEG] 1	72,56,8	MeshInstance3D	0.9x1.8x0.1	StreetIdShot/OrisonRoot/F02_DOOR_11/FixedIronmongery/@MeshInstance3D@8854
[IDLEG] 1	88,56,8	MeshInstance3D	0.1x2.0x0.8	StreetIdShot/OrisonRoot/F02_DOOR_12/HingedLeaf/@MeshInstance3D@8889
[IDLEG] 1	104,56,8	MeshInstance3D	0.1x1.7x0.6	StreetIdShot/OrisonRoot/F02_DOOR_12/HingedLeaf/@MeshInstance3D@8890
[IDLEG] 1	120,56,8	MeshInstance3D	0.2x0.2x0.1	StreetIdShot/OrisonRoot/F02_DOOR_12/HingedLeaf/@MeshInstance3D@8891
[IDLEG] 1	136,56,8	MeshInstance3D	0.1x1.8x0.9	StreetIdShot/OrisonRoot/F02_DOOR_12/FixedIronmongery/@MeshInstance3D@8892
[IDLEG] 1	152,56,8	MeshInstance3D	0.8x2.0x0.1	StreetIdShot/OrisonRoot/F02_DOOR_13/HingedLeaf/@MeshInstance3D@8927
[IDLEG] 1	168,56,8	MeshInstance3D	0.6x1.7x0.1	StreetIdShot/OrisonRoot/F02_DOOR_13/HingedLeaf/@MeshInstance3D@8928
[IDLEG] 1	184,56,8	MeshInstance3D	0.1x0.2x0.2	StreetIdShot/OrisonRoot/F02_DOOR_13/HingedLeaf/@MeshInstance3D@8929
[IDLEG] 1	200,56,8	MeshInstance3D	0.9x1.8x0.1	StreetIdShot/OrisonRoot/F02_DOOR_13/FixedIronmongery/@MeshInstance3D@8930
[IDLEG] 1	216,56,8	MeshInstance3D	0.1x2.0x0.8	StreetIdShot/OrisonRoot/F02_DOOR_14/HingedLeaf/@MeshInstance3D@8965
[IDLEG] 1	232,56,8	MeshInstance3D	0.1x1.7x0.6	StreetIdShot/OrisonRoot/F02_DOOR_14/HingedLeaf/@MeshInstance3D@8966
[IDLEG] 1	248,56,8	MeshInstance3D	0.2x0.2x0.1	StreetIdShot/OrisonRoot/F02_DOOR_14/HingedLeaf/@MeshInstance3D@8967
[IDLEG] 1	8,72,8	MeshInstance3D	0.1x1.8x0.9	StreetIdShot/OrisonRoot/F02_DOOR_14/FixedIronmongery/@MeshInstance3D@8968
[IDLEG] 1	24,72,8	MeshInstance3D	0.8x2.0x0.1	StreetIdShot/OrisonRoot/F02_DOOR_15/HingedLeaf/@MeshInstance3D@9003
[IDLEG] 1	40,72,8	MeshInstance3D	0.6x1.7x0.1	StreetIdShot/OrisonRoot/F02_DOOR_15/HingedLeaf/@MeshInstance3D@9004
[IDLEG] 1	56,72,8	MeshInstance3D	0.1x0.2x0.2	StreetIdShot/OrisonRoot/F02_DOOR_15/HingedLeaf/@MeshInstance3D@9005
[IDLEG] 1	72,72,8	MeshInstance3D	0.9x1.8x0.1	StreetIdShot/OrisonRoot/F02_DOOR_15/FixedIronmongery/@MeshInstance3D@9006
[IDLEG] 1	88,72,8	MeshInstance3D	0.2x0.0x0.2	StreetIdShot/OrisonRoot/F02_CORRIDOR_DOME_01/@Node3D@9009/@MeshInstance3D@9010
[IDLEG] 1	104,72,8	MeshInstance3D	0.3x0.0x0.3	StreetIdShot/OrisonRoot/F02_CORRIDOR_DOME_01/@Node3D@9009/@MeshInstance3D@9011
[IDLEG] 1	120,72,8	MeshInstance3D	0.3x0.3x0.0	StreetIdShot/OrisonRoot/F02_CORRIDOR_DOME_01/@Node3D@9009/@MeshInstance3D@9012
[IDLEG] 1	136,72,8	MeshInstance3D	0.3x0.2x0.3	StreetIdShot/OrisonRoot/F02_CORRIDOR_DOME_01/@Node3D@9009/bulb_dome
[IDLEG] 1	152,72,8	MeshInstance3D	0.2x0.0x0.2	StreetIdShot/OrisonRoot/F02_CORRIDOR_DOME_02/@Node3D@9016/@MeshInstance3D@9017
[IDLEG] 1	168,72,8	MeshInstance3D	0.3x0.0x0.3	StreetIdShot/OrisonRoot/F02_CORRIDOR_DOME_02/@Node3D@9016/@MeshInstance3D@9018
[IDLEG] 1	184,72,8	MeshInstance3D	0.3x0.3x0.0	StreetIdShot/OrisonRoot/F02_CORRIDOR_DOME_02/@Node3D@9016/@MeshInstance3D@9019
[IDLEG] 1	200,72,8	MeshInstance3D	0.3x0.2x0.3	StreetIdShot/OrisonRoot/F02_CORRIDOR_DOME_02/@Node3D@9016/bulb_dome
[IDLEG] 1	216,72,8	MeshInstance3D	0.2x0.0x0.2	StreetIdShot/OrisonRoot/F02_CORRIDOR_DOME_03/@Node3D@9023/@MeshInstance3D@9024
[IDLEG] 1	232,72,8	MeshInstance3D	0.3x0.0x0.3	StreetIdShot/OrisonRoot/F02_CORRIDOR_DOME_03/@Node3D@9023/@MeshInstance3D@9025
[IDLEG] 1	248,72,8	MeshInstance3D	0.3x0.3x0.0	StreetIdShot/OrisonRoot/F02_CORRIDOR_DOME_03/@Node3D@9023/@MeshInstance3D@9026
[IDLEG] 1	8,88,8	MeshInstance3D	0.3x0.2x0.3	StreetIdShot/OrisonRoot/F02_CORRIDOR_DOME_03/@Node3D@9023/bulb_dome
[IDLEG] 1	24,88,8	MeshInstance3D	0.2x0.0x0.2	StreetIdShot/OrisonRoot/F02_CORRIDOR_DOME_04/@Node3D@9030/@MeshInstance3D@9031
[IDLEG] 1	40,88,8	MeshInstance3D	0.3x0.0x0.3	StreetIdShot/OrisonRoot/F02_CORRIDOR_DOME_04/@Node3D@9030/@MeshInstance3D@9032
[IDLEG] 1	56,88,8	MeshInstance3D	0.3x0.3x0.0	StreetIdShot/OrisonRoot/F02_CORRIDOR_DOME_04/@Node3D@9030/@MeshInstance3D@9033
[IDLEG] 1	72,88,8	MeshInstance3D	0.3x0.2x0.3	StreetIdShot/OrisonRoot/F02_CORRIDOR_DOME_04/@Node3D@9030/bulb_dome
[IDLEG] 1	88,88,8	MeshInstance3D	0.2x0.0x0.2	StreetIdShot/OrisonRoot/F02_CORRIDOR_DOME_05/@Node3D@9037/@MeshInstance3D@9038
[IDLEG] 1	104,88,8	MeshInstance3D	0.3x0.0x0.3	StreetIdShot/OrisonRoot/F02_CORRIDOR_DOME_05/@Node3D@9037/@MeshInstance3D@9039
[IDLEG] 1	120,88,8	MeshInstance3D	0.3x0.3x0.0	StreetIdShot/OrisonRoot/F02_CORRIDOR_DOME_05/@Node3D@9037/@MeshInstance3D@9040
[IDLEG] 1	136,88,8	MeshInstance3D	0.3x0.2x0.3	StreetIdShot/OrisonRoot/F02_CORRIDOR_DOME_05/@Node3D@9037/bulb_dome
[IDLEG] 1	152,88,8	MeshInstance3D	0.2x0.0x0.2	StreetIdShot/OrisonRoot/F02_CORRIDOR_DOME_06/@Node3D@9044/@MeshInstance3D@9045
[IDLEG] 1	168,88,8	MeshInstance3D	0.3x0.0x0.3	StreetIdShot/OrisonRoot/F02_CORRIDOR_DOME_06/@Node3D@9044/@MeshInstance3D@9046
[IDLEG] 1	184,88,8	MeshInstance3D	0.3x0.3x0.0	StreetIdShot/OrisonRoot/F02_CORRIDOR_DOME_06/@Node3D@9044/@MeshInstance3D@9047
[IDLEG] 1	200,88,8	MeshInstance3D	0.3x0.2x0.3	StreetIdShot/OrisonRoot/F02_CORRIDOR_DOME_06/@Node3D@9044/bulb_dome
[IDLEG] 1	216,88,8	MeshInstance3D	0.2x0.0x0.2	StreetIdShot/OrisonRoot/F02_CORRIDOR_DOME_07/@Node3D@9051/@MeshInstance3D@9052
[IDLEG] 1	232,88,8	MeshInstance3D	0.3x0.0x0.3	StreetIdShot/OrisonRoot/F02_CORRIDOR_DOME_07/@Node3D@9051/@MeshInstance3D@9053
[IDLEG] 1	248,88,8	MeshInstance3D	0.3x0.3x0.0	StreetIdShot/OrisonRoot/F02_CORRIDOR_DOME_07/@Node3D@9051/@MeshInstance3D@9054
[IDLEG] 1	8,104,8	MeshInstance3D	0.3x0.2x0.3	StreetIdShot/OrisonRoot/F02_CORRIDOR_DOME_07/@Node3D@9051/bulb_dome
[IDLEG] 1	24,104,8	MeshInstance3D	0.2x0.0x0.2	StreetIdShot/OrisonRoot/F02_CORRIDOR_DOME_08/@Node3D@9058/@MeshInstance3D@9059
[IDLEG] 1	40,104,8	MeshInstance3D	0.3x0.0x0.3	StreetIdShot/OrisonRoot/F02_CORRIDOR_DOME_08/@Node3D@9058/@MeshInstance3D@9060
[IDLEG] 1	56,104,8	MeshInstance3D	0.3x0.3x0.0	StreetIdShot/OrisonRoot/F02_CORRIDOR_DOME_08/@Node3D@9058/@MeshInstance3D@9061
[IDLEG] 1	72,104,8	MeshInstance3D	0.3x0.2x0.3	StreetIdShot/OrisonRoot/F02_CORRIDOR_DOME_08/@Node3D@9058/bulb_dome
[IDLEG] 1	88,104,8	MeshInstance3D	0.2x0.0x0.2	StreetIdShot/OrisonRoot/F02_A_BED_LT_FLUSH_DOME/@Node3D@9065/@MeshInstance3D@9066
[IDLEG] 1	104,104,8	MeshInstance3D	0.3x0.0x0.3	StreetIdShot/OrisonRoot/F02_A_BED_LT_FLUSH_DOME/@Node3D@9065/@MeshInstance3D@9067
[IDLEG] 1	120,104,8	MeshInstance3D	0.3x0.3x0.0	StreetIdShot/OrisonRoot/F02_A_BED_LT_FLUSH_DOME/@Node3D@9065/@MeshInstance3D@9068
[IDLEG] 1	136,104,8	MeshInstance3D	0.3x0.2x0.3	StreetIdShot/OrisonRoot/F02_A_BED_LT_FLUSH_DOME/@Node3D@9065/bulb_dome
[IDLEG] 1	152,104,8	MeshInstance3D	0.0x0.6x0.0	StreetIdShot/OrisonRoot/F02_A_MAIN_LT_PENDANT_SHADE/@Node3D@9072/@MeshInstance3D@9073
[IDLEG] 1	168,104,8	MeshInstance3D	0.4x0.2x0.5	StreetIdShot/OrisonRoot/F02_A_MAIN_LT_PENDANT_SHADE/@Node3D@9072/@MeshInstance3D@9074
[IDLEG] 1	184,104,8	MeshInstance3D	0.4x0.0x0.4	StreetIdShot/OrisonRoot/F02_A_MAIN_LT_PENDANT_SHADE/@Node3D@9072/bulb_diffuser
[IDLEG] 1	200,104,8	MeshInstance3D	0.1x0.1x0.1	StreetIdShot/OrisonRoot/F02_A_MAIN_LT_PENDANT_SHADE/@Node3D@9072/bulb
[IDLEG] 1	216,104,8	MeshInstance3D	0.2x0.0x0.2	StreetIdShot/OrisonRoot/F02_B_ALCOVE_LT_FLUSH_DOME/@Node3D@9080/@MeshInstance3D@9081
[IDLEG] 1	232,104,8	MeshInstance3D	0.3x0.0x0.3	StreetIdShot/OrisonRoot/F02_B_ALCOVE_LT_FLUSH_DOME/@Node3D@9080/@MeshInstance3D@9082
[IDLEG] 1	248,104,8	MeshInstance3D	0.3x0.3x0.0	StreetIdShot/OrisonRoot/F02_B_ALCOVE_LT_FLUSH_DOME/@Node3D@9080/@MeshInstance3D@9083
[IDLEG] 1	8,120,8	MeshInstance3D	0.3x0.2x0.3	StreetIdShot/OrisonRoot/F02_B_ALCOVE_LT_FLUSH_DOME/@Node3D@9080/bulb_dome
[IDLEG] 1	24,120,8	MeshInstance3D	0.7x0.1x0.1	StreetIdShot/OrisonRoot/F02_B_KITCHEN_LT_KITCHEN_LINEAR/@Node3D@9087/@MeshInstance3D@9088
[IDLEG] 1	40,120,8	MeshInstance3D	0.6x0.0x0.0	StreetIdShot/OrisonRoot/F02_B_KITCHEN_LT_KITCHEN_LINEAR/@Node3D@9087/bulb_tube
[IDLEG] 1	56,120,8	MeshInstance3D	0.0x0.6x0.0	StreetIdShot/OrisonRoot/F02_B_MAIN_LT_PENDANT_SHADE/@Node3D@9093/@MeshInstance3D@9094
[IDLEG] 1	72,120,8	MeshInstance3D	0.4x0.2x0.5	StreetIdShot/OrisonRoot/F02_B_MAIN_LT_PENDANT_SHADE/@Node3D@9093/@MeshInstance3D@9095
[IDLEG] 1	88,120,8	MeshInstance3D	0.4x0.0x0.4	StreetIdShot/OrisonRoot/F02_B_MAIN_LT_PENDANT_SHADE/@Node3D@9093/bulb_diffuser
[IDLEG] 1	104,120,8	MeshInstance3D	0.1x0.1x0.1	StreetIdShot/OrisonRoot/F02_B_MAIN_LT_PENDANT_SHADE/@Node3D@9093/bulb
[IDLEG] 1	120,120,8	MeshInstance3D	0.2x0.0x0.2	StreetIdShot/OrisonRoot/F02_C_BED1_LT_FLUSH_DOME/@Node3D@9101/@MeshInstance3D@9102
[IDLEG] 1	136,120,8	MeshInstance3D	0.3x0.0x0.3	StreetIdShot/OrisonRoot/F02_C_BED1_LT_FLUSH_DOME/@Node3D@9101/@MeshInstance3D@9103
[IDLEG] 1	152,120,8	MeshInstance3D	0.3x0.3x0.0	StreetIdShot/OrisonRoot/F02_C_BED1_LT_FLUSH_DOME/@Node3D@9101/@MeshInstance3D@9104
[IDLEG] 1	168,120,8	MeshInstance3D	0.3x0.2x0.3	StreetIdShot/OrisonRoot/F02_C_BED1_LT_FLUSH_DOME/@Node3D@9101/bulb_dome
[IDLEG] 1	184,120,8	MeshInstance3D	0.2x0.0x0.2	StreetIdShot/OrisonRoot/F02_C_BED2_LT_FLUSH_DOME/@Node3D@9108/@MeshInstance3D@9109
[IDLEG] 1	200,120,8	MeshInstance3D	0.3x0.0x0.3	StreetIdShot/OrisonRoot/F02_C_BED2_LT_FLUSH_DOME/@Node3D@9108/@MeshInstance3D@9110
[IDLEG] 1	216,120,8	MeshInstance3D	0.3x0.3x0.0	StreetIdShot/OrisonRoot/F02_C_BED2_LT_FLUSH_DOME/@Node3D@9108/@MeshInstance3D@9111
[IDLEG] 1	232,120,8	MeshInstance3D	0.3x0.2x0.3	StreetIdShot/OrisonRoot/F02_C_BED2_LT_FLUSH_DOME/@Node3D@9108/bulb_dome
[IDLEG] 1	248,120,8	MeshInstance3D	0.0x0.6x0.0	StreetIdShot/OrisonRoot/F02_C_MAIN_LT_PENDANT_SHADE/@Node3D@9115/@MeshInstance3D@9116
[IDLEG] 1	8,136,8	MeshInstance3D	0.4x0.2x0.5	StreetIdShot/OrisonRoot/F02_C_MAIN_LT_PENDANT_SHADE/@Node3D@9115/@MeshInstance3D@9117
[IDLEG] 1	24,136,8	MeshInstance3D	0.4x0.0x0.4	StreetIdShot/OrisonRoot/F02_C_MAIN_LT_PENDANT_SHADE/@Node3D@9115/bulb_diffuser
[IDLEG] 1	40,136,8	MeshInstance3D	0.1x0.1x0.1	StreetIdShot/OrisonRoot/F02_C_MAIN_LT_PENDANT_SHADE/@Node3D@9115/bulb
[IDLEG] 1	56,136,8	MeshInstance3D	0.0x0.4x0.0	StreetIdShot/OrisonRoot/F02_WSTOR_LT_CAGE_BULB/@Node3D@9123/@MeshInstance3D@9124
[IDLEG] 1	72,136,8	MeshInstance3D	0.1x0.1x0.1	StreetIdShot/OrisonRoot/F02_WSTOR_LT_CAGE_BULB/@Node3D@9123/bulb
[IDLEG] 1	88,136,8	MeshInstance3D	0.2x0.2x0.0	StreetIdShot/OrisonRoot/F02_WSTOR_LT_CAGE_BULB/@Node3D@9123/@MeshInstance3D@9125
[IDLEG] 1	104,136,8	MeshInstance3D	0.1x0.2x0.1	StreetIdShot/OrisonRoot/F02_WSTOR_LT_CAGE_BULB/@Node3D@9123/@MeshInstance3D@9126
[IDLEG] 1	120,136,8	MeshInstance3D	0.1x0.2x0.1	StreetIdShot/OrisonRoot/F02_WSTOR_LT_CAGE_BULB/@Node3D@9123/@MeshInstance3D@9127
[IDLEG] 1	136,136,8	MeshInstance3D	0.1x0.0x0.1	StreetIdShot/OrisonRoot/F02_WSTOR_LT_CAGE_BULB/@Node3D@9123/@MeshInstance3D@9128
[IDLEG] 1	152,136,8	MeshInstance3D	0.2x0.0x0.2	StreetIdShot/OrisonRoot/F02_HALL_LT_FLUSH_DOME/@Node3D@9132/@MeshInstance3D@9133
[IDLEG] 1	168,136,8	MeshInstance3D	0.3x0.0x0.3	StreetIdShot/OrisonRoot/F02_HALL_LT_FLUSH_DOME/@Node3D@9132/@MeshInstance3D@9134
[IDLEG] 1	184,136,8	MeshInstance3D	0.3x0.3x0.0	StreetIdShot/OrisonRoot/F02_HALL_LT_FLUSH_DOME/@Node3D@9132/@MeshInstance3D@9135
[IDLEG] 1	200,136,8	MeshInstance3D	0.3x0.2x0.3	StreetIdShot/OrisonRoot/F02_HALL_LT_FLUSH_DOME/@Node3D@9132/bulb_dome
[IDLEG] 1	216,136,8	MeshInstance3D	0.0x0.4x0.0	StreetIdShot/OrisonRoot/F02_UTILITY_LT_CAGE_BULB/@Node3D@9139/@MeshInstance3D@9140
[IDLEG] 1	232,136,8	MeshInstance3D	0.1x0.1x0.1	StreetIdShot/OrisonRoot/F02_UTILITY_LT_CAGE_BULB/@Node3D@9139/bulb
[IDLEG] 1	248,136,8	MeshInstance3D	0.2x0.2x0.0	StreetIdShot/OrisonRoot/F02_UTILITY_LT_CAGE_BULB/@Node3D@9139/@MeshInstance3D@9141
[IDLEG] 1	8,152,8	MeshInstance3D	0.1x0.2x0.1	StreetIdShot/OrisonRoot/F02_UTILITY_LT_CAGE_BULB/@Node3D@9139/@MeshInstance3D@9142
[IDLEG] 1	24,152,8	MeshInstance3D	0.1x0.2x0.1	StreetIdShot/OrisonRoot/F02_UTILITY_LT_CAGE_BULB/@Node3D@9139/@MeshInstance3D@9143
[IDLEG] 1	40,152,8	MeshInstance3D	0.1x0.0x0.1	StreetIdShot/OrisonRoot/F02_UTILITY_LT_CAGE_BULB/@Node3D@9139/@MeshInstance3D@9144
[IDLEG] 1	56,152,8	MeshInstance3D	0.0x0.1x0.0	StreetIdShot/OrisonRoot/F02_ATRIUM_FRUIT_1/@Node3D@9148/@MeshInstance3D@9149
[IDLEG] 1	72,152,8	MeshInstance3D	0.1x0.0x0.1	StreetIdShot/OrisonRoot/F02_ATRIUM_FRUIT_1/@Node3D@9148/@MeshInstance3D@9150
[IDLEG] 1	88,152,8	MeshInstance3D	0.2x0.3x0.2	StreetIdShot/OrisonRoot/F02_ATRIUM_FRUIT_1/@Node3D@9148/bulb_fruit
[IDLEG] 1	104,152,8	MeshInstance3D	0.0x0.1x0.0	StreetIdShot/OrisonRoot/F02_ATRIUM_FRUIT_2/@Node3D@9154/@MeshInstance3D@9155
[IDLEG] 1	120,152,8	MeshInstance3D	0.1x0.0x0.1	StreetIdShot/OrisonRoot/F02_ATRIUM_FRUIT_2/@Node3D@9154/@MeshInstance3D@9156
[IDLEG] 1	136,152,8	MeshInstance3D	0.2x0.3x0.2	StreetIdShot/OrisonRoot/F02_ATRIUM_FRUIT_2/@Node3D@9154/bulb_fruit
[IDLEG] 1	152,152,8	MeshInstance3D	0.7x1.2x0.3	StreetIdShot/OrisonRoot/F02_2A_BOOKSHELF_01/FixedCase/@MeshInstance3D@9169
[IDLEG] 1	168,152,8	MeshInstance3D	0.0x1.2x0.3	StreetIdShot/OrisonRoot/F02_2A_BOOKSHELF_01/FixedCase/@MeshInstance3D@9170
[IDLEG] 1	184,152,8	MeshInstance3D	0.5x0.2x0.0	StreetIdShot/OrisonRoot/F02_2A_BOOKSHELF_01/FixedCase/@MeshInstance3D@9171
[IDLEG] 1	200,152,8	MeshInstance3D	0.3x0.3x0.1	StreetIdShot/OrisonRoot/F02_2A_BOOKSHELF_01/Books/BatchedCovers
[IDLEG] 1	216,152,8	MeshInstance3D	0.2x0.2x0.1	StreetIdShot/OrisonRoot/F02_2A_BOOKSHELF_01/Books/BatchedPages
[IDLEG] 1	232,152,8	MeshInstance3D	0.7x0.4x0.0	StreetIdShot/OrisonRoot/WayfindingSignage/FloorDirectory_F01/@MeshInstance3D@23253
[IDLEG] 1	248,152,8	MeshInstance3D	0.6x0.3x0.0	StreetIdShot/OrisonRoot/WayfindingSignage/FloorDirectory_F01/@MeshInstance3D@23254
[IDLEG] 1	8,168,8	MeshInstance3D	0.5x0.1x0.0	StreetIdShot/OrisonRoot/WayfindingSignage/FloorDirectory_F01/@MeshInstance3D@23256
[IDLEG] 1	24,168,8	MeshInstance3D	0.5x0.1x0.0	StreetIdShot/OrisonRoot/WayfindingSignage/FloorDirectory_F01/@MeshInstance3D@23258
[IDLEG] 1	40,168,8	MeshInstance3D	0.0x0.0x0.0	StreetIdShot/OrisonRoot/WayfindingSignage/FloorDirectory_F01/@MeshInstance3D@23260
[IDLEG] 1	56,168,8	MeshInstance3D	0.0x0.0x0.0	StreetIdShot/OrisonRoot/WayfindingSignage/FloorDirectory_F01/@MeshInstance3D@23261
[IDLEG] 1	72,168,8	MeshInstance3D	0.0x0.0x0.0	StreetIdShot/OrisonRoot/WayfindingSignage/FloorDirectory_F01/@MeshInstance3D@23262
[IDLEG] 1	88,168,8	MeshInstance3D	0.0x0.0x0.0	StreetIdShot/OrisonRoot/WayfindingSignage/FloorDirectory_F01/@MeshInstance3D@23263
[IDLEG] 1	104,168,8	MeshInstance3D	0.7x0.4x0.0	StreetIdShot/OrisonRoot/WayfindingSignage/FloorDirectory_F02/@MeshInstance3D@23264
[IDLEG] 1	120,168,8	MeshInstance3D	0.6x0.3x0.0	StreetIdShot/OrisonRoot/WayfindingSignage/FloorDirectory_F02/@MeshInstance3D@23265
[IDLEG] 1	136,168,8	MeshInstance3D	0.5x0.1x0.0	StreetIdShot/OrisonRoot/WayfindingSignage/FloorDirectory_F02/@MeshInstance3D@23267
[IDLEG] 1	152,168,8	MeshInstance3D	0.5x0.1x0.0	StreetIdShot/OrisonRoot/WayfindingSignage/FloorDirectory_F02/@MeshInstance3D@23269
[IDLEG] 1	168,168,8	MeshInstance3D	0.5x0.1x0.0	StreetIdShot/OrisonRoot/WayfindingSignage/FloorDirectory_F02/@MeshInstance3D@23271
[IDLEG] 1	184,168,8	MeshInstance3D	0.0x0.0x0.0	StreetIdShot/OrisonRoot/WayfindingSignage/FloorDirectory_F02/@MeshInstance3D@23273
[IDLEG] 1	200,168,8	MeshInstance3D	0.0x0.0x0.0	StreetIdShot/OrisonRoot/WayfindingSignage/FloorDirectory_F02/@MeshInstance3D@23274
[IDLEG] 1	216,168,8	MeshInstance3D	0.0x0.0x0.0	StreetIdShot/OrisonRoot/WayfindingSignage/FloorDirectory_F02/@MeshInstance3D@23275
[IDLEG] 1	232,168,8	MeshInstance3D	0.0x0.0x0.0	StreetIdShot/OrisonRoot/WayfindingSignage/FloorDirectory_F02/@MeshInstance3D@23276
[IDLEG] 1	248,168,8	MeshInstance3D	0.7x0.4x0.0	StreetIdShot/OrisonRoot/WayfindingSignage/FloorDirectory_F03/@MeshInstance3D@23277
[IDLEG] 1	8,184,8	MeshInstance3D	0.6x0.3x0.0	StreetIdShot/OrisonRoot/WayfindingSignage/FloorDirectory_F03/@MeshInstance3D@23278
[IDLEG] 1	24,184,8	MeshInstance3D	0.5x0.1x0.0	StreetIdShot/OrisonRoot/WayfindingSignage/FloorDirectory_F03/@MeshInstance3D@23280
[IDLEG] 1	40,184,8	MeshInstance3D	0.5x0.1x0.0	StreetIdShot/OrisonRoot/WayfindingSignage/FloorDirectory_F03/@MeshInstance3D@23282
[IDLEG] 1	56,184,8	MeshInstance3D	0.5x0.1x0.0	StreetIdShot/OrisonRoot/WayfindingSignage/FloorDirectory_F03/@MeshInstance3D@23284
[IDLEG] 1	72,184,8	MeshInstance3D	0.0x0.0x0.0	StreetIdShot/OrisonRoot/WayfindingSignage/FloorDirectory_F03/@MeshInstance3D@23286
[IDLEG] 1	88,184,8	MeshInstance3D	0.0x0.0x0.0	StreetIdShot/OrisonRoot/WayfindingSignage/FloorDirectory_F03/@MeshInstance3D@23287
[IDLEG] 1	104,184,8	MeshInstance3D	0.0x0.0x0.0	StreetIdShot/OrisonRoot/WayfindingSignage/FloorDirectory_F03/@MeshInstance3D@23288
[IDLEG] 1	120,184,8	MeshInstance3D	0.0x0.0x0.0	StreetIdShot/OrisonRoot/WayfindingSignage/FloorDirectory_F03/@MeshInstance3D@23289
[IDLEG] 1	136,184,8	MeshInstance3D	0.7x0.5x0.0	StreetIdShot/OrisonRoot/WayfindingSignage/FloorDirectory_F04/@MeshInstance3D@23290
[IDLEG] 1	152,184,8	MeshInstance3D	0.6x0.4x0.0	StreetIdShot/OrisonRoot/WayfindingSignage/FloorDirectory_F04/@MeshInstance3D@23291
[IDLEG] 1	168,184,8	MeshInstance3D	0.5x0.1x0.0	StreetIdShot/OrisonRoot/WayfindingSignage/FloorDirectory_F04/@MeshInstance3D@23293
[IDLEG] 1	184,184,8	MeshInstance3D	0.5x0.1x0.0	StreetIdShot/OrisonRoot/WayfindingSignage/FloorDirectory_F04/@MeshInstance3D@23295
[IDLEG] 1	200,184,8	MeshInstance3D	0.5x0.1x0.0	StreetIdShot/OrisonRoot/WayfindingSignage/FloorDirectory_F04/@MeshInstance3D@23297
[IDLEG] 1	216,184,8	MeshInstance3D	0.5x0.1x0.0	StreetIdShot/OrisonRoot/WayfindingSignage/FloorDirectory_F04/@MeshInstance3D@23299
[IDLEG] 1	232,184,8	MeshInstance3D	0.0x0.0x0.0	StreetIdShot/OrisonRoot/WayfindingSignage/FloorDirectory_F04/@MeshInstance3D@23301
[IDLEG] 1	248,184,8	MeshInstance3D	0.0x0.0x0.0	StreetIdShot/OrisonRoot/WayfindingSignage/FloorDirectory_F04/@MeshInstance3D@23302
[IDLEG] 1	8,200,8	MeshInstance3D	0.0x0.0x0.0	StreetIdShot/OrisonRoot/WayfindingSignage/FloorDirectory_F04/@MeshInstance3D@23303
[IDLEG] 1	24,200,8	MeshInstance3D	0.0x0.0x0.0	StreetIdShot/OrisonRoot/WayfindingSignage/FloorDirectory_F04/@MeshInstance3D@23304
[IDLEG] 1	40,200,8	MeshInstance3D	0.7x0.4x0.0	StreetIdShot/OrisonRoot/WayfindingSignage/FloorDirectory_F05/@MeshInstance3D@23305
[IDLEG] 1	56,200,8	MeshInstance3D	0.6x0.3x0.0	StreetIdShot/OrisonRoot/WayfindingSignage/FloorDirectory_F05/@MeshInstance3D@23306
[IDLEG] 1	72,200,8	MeshInstance3D	0.5x0.1x0.0	StreetIdShot/OrisonRoot/WayfindingSignage/FloorDirectory_F05/@MeshInstance3D@23308
[IDLEG] 1	88,200,8	MeshInstance3D	0.5x0.1x0.0	StreetIdShot/OrisonRoot/WayfindingSignage/FloorDirectory_F05/@MeshInstance3D@23310
[IDLEG] 1	104,200,8	MeshInstance3D	0.5x0.1x0.0	StreetIdShot/OrisonRoot/WayfindingSignage/FloorDirectory_F05/@MeshInstance3D@23312
[IDLEG] 1	120,200,8	MeshInstance3D	0.0x0.0x0.0	StreetIdShot/OrisonRoot/WayfindingSignage/FloorDirectory_F05/@MeshInstance3D@23314
[IDLEG] 1	136,200,8	MeshInstance3D	0.0x0.0x0.0	StreetIdShot/OrisonRoot/WayfindingSignage/FloorDirectory_F05/@MeshInstance3D@23315
[IDLEG] 1	152,200,8	MeshInstance3D	0.0x0.0x0.0	StreetIdShot/OrisonRoot/WayfindingSignage/FloorDirectory_F05/@MeshInstance3D@23316
[IDLEG] 1	168,200,8	MeshInstance3D	0.0x0.0x0.0	StreetIdShot/OrisonRoot/WayfindingSignage/FloorDirectory_F05/@MeshInstance3D@23317
[IDLEG] 1	184,200,8	MeshInstance3D	0.7x0.4x0.0	StreetIdShot/OrisonRoot/WayfindingSignage/FloorDirectory_F06/@MeshInstance3D@23318
[IDLEG] 1	200,200,8	MeshInstance3D	0.6x0.3x0.0	StreetIdShot/OrisonRoot/WayfindingSignage/FloorDirectory_F06/@MeshInstance3D@23319
[IDLEG] 1	216,200,8	MeshInstance3D	0.5x0.1x0.0	StreetIdShot/OrisonRoot/WayfindingSignage/FloorDirectory_F06/@MeshInstance3D@23321
[IDLEG] 1	232,200,8	MeshInstance3D	0.5x0.1x0.0	StreetIdShot/OrisonRoot/WayfindingSignage/FloorDirectory_F06/@MeshInstance3D@23323
[IDLEG] 1	248,200,8	MeshInstance3D	0.5x0.1x0.0	StreetIdShot/OrisonRoot/WayfindingSignage/FloorDirectory_F06/@MeshInstance3D@23325
[IDLEG] 1	8,216,8	MeshInstance3D	0.0x0.0x0.0	StreetIdShot/OrisonRoot/WayfindingSignage/FloorDirectory_F06/@MeshInstance3D@23327
[IDLEG] 1	24,216,8	MeshInstance3D	0.0x0.0x0.0	StreetIdShot/OrisonRoot/WayfindingSignage/FloorDirectory_F06/@MeshInstance3D@23328
[IDLEG] 1	40,216,8	MeshInstance3D	0.0x0.0x0.0	StreetIdShot/OrisonRoot/WayfindingSignage/FloorDirectory_F06/@MeshInstance3D@23329
[IDLEG] 1	56,216,8	MeshInstance3D	0.0x0.0x0.0	StreetIdShot/OrisonRoot/WayfindingSignage/FloorDirectory_F06/@MeshInstance3D@23330
[IDLEG] 1	72,216,8	MeshInstance3D	0.7x0.4x0.0	StreetIdShot/OrisonRoot/WayfindingSignage/FloorDirectory_B1/@MeshInstance3D@23331
[IDLEG] 1	88,216,8	MeshInstance3D	0.6x0.3x0.0	StreetIdShot/OrisonRoot/WayfindingSignage/FloorDirectory_B1/@MeshInstance3D@23332
[IDLEG] 1	104,216,8	MeshInstance3D	0.5x0.1x0.0	StreetIdShot/OrisonRoot/WayfindingSignage/FloorDirectory_B1/@MeshInstance3D@23334
[IDLEG] 1	120,216,8	MeshInstance3D	0.5x0.1x0.0	StreetIdShot/OrisonRoot/WayfindingSignage/FloorDirectory_B1/@MeshInstance3D@23336
[IDLEG] 1	136,216,8	MeshInstance3D	0.5x0.1x0.0	StreetIdShot/OrisonRoot/WayfindingSignage/FloorDirectory_B1/@MeshInstance3D@23338
[IDLEG] 1	152,216,8	MeshInstance3D	0.0x0.0x0.0	StreetIdShot/OrisonRoot/WayfindingSignage/FloorDirectory_B1/@MeshInstance3D@23340
[IDLEG] 1	168,216,8	MeshInstance3D	0.0x0.0x0.0	StreetIdShot/OrisonRoot/WayfindingSignage/FloorDirectory_B1/@MeshInstance3D@23341
[IDLEG] 1	184,216,8	MeshInstance3D	0.0x0.0x0.0	StreetIdShot/OrisonRoot/WayfindingSignage/FloorDirectory_B1/@MeshInstance3D@23342
[IDLEG] 1	200,216,8	MeshInstance3D	0.0x0.0x0.0	StreetIdShot/OrisonRoot/WayfindingSignage/FloorDirectory_B1/@MeshInstance3D@23343
[IDLEG] 1	216,216,8	MeshInstance3D	0.0x0.3x0.6	StreetIdShot/OrisonRoot/WayfindingSignage/FireDirection_B1/@MeshInstance3D@23344
[IDLEG] 1	232,216,8	MeshInstance3D	0.0x0.3x0.6	StreetIdShot/OrisonRoot/WayfindingSignage/FireDirection_B1/@MeshInstance3D@23345
[IDLEG] 1	248,216,8	MeshInstance3D	0.0x0.3x0.6	StreetIdShot/OrisonRoot/WayfindingSignage/FireDirection_F01/@MeshInstance3D@23350
[IDLEG] 1	8,232,8	MeshInstance3D	0.0x0.3x0.6	StreetIdShot/OrisonRoot/WayfindingSignage/FireDirection_F01/@MeshInstance3D@23351
[IDLEG] 1	24,232,8	MeshInstance3D	0.0x0.3x0.6	StreetIdShot/OrisonRoot/WayfindingSignage/FireDirection_F02/@MeshInstance3D@23356
[IDLEG] 1	40,232,8	MeshInstance3D	0.0x0.3x0.6	StreetIdShot/OrisonRoot/WayfindingSignage/FireDirection_F02/@MeshInstance3D@23357
[IDLEG] 1	56,232,8	MeshInstance3D	0.0x0.3x0.6	StreetIdShot/OrisonRoot/WayfindingSignage/FireDirection_F03/@MeshInstance3D@23362
[IDLEG] 1	72,232,8	MeshInstance3D	0.0x0.3x0.6	StreetIdShot/OrisonRoot/WayfindingSignage/FireDirection_F03/@MeshInstance3D@23363
[IDLEG] 1	88,232,8	MeshInstance3D	0.0x0.3x0.6	StreetIdShot/OrisonRoot/WayfindingSignage/FireDirection_F04/@MeshInstance3D@23368
[IDLEG] 1	104,232,8	MeshInstance3D	0.0x0.3x0.6	StreetIdShot/OrisonRoot/WayfindingSignage/FireDirection_F04/@MeshInstance3D@23369
[IDLEG] 1	120,232,8	MeshInstance3D	0.0x0.3x0.6	StreetIdShot/OrisonRoot/WayfindingSignage/FireDirection_F05/@MeshInstance3D@23374
[IDLEG] 1	136,232,8	MeshInstance3D	0.0x0.3x0.6	StreetIdShot/OrisonRoot/WayfindingSignage/FireDirection_F05/@MeshInstance3D@23375
[IDLEG] 1	152,232,8	MeshInstance3D	0.0x0.3x0.6	StreetIdShot/OrisonRoot/WayfindingSignage/FireDirection_F06/@MeshInstance3D@23380
[IDLEG] 1	168,232,8	MeshInstance3D	0.0x0.3x0.6	StreetIdShot/OrisonRoot/WayfindingSignage/FireDirection_F06/@MeshInstance3D@23381
[IDLEG] 1	184,232,8	MeshInstance3D	0.0x0.3x0.6	StreetIdShot/OrisonRoot/WayfindingSignage/FireDirection_ROOF/@MeshInstance3D@23386
[IDLEG] 1	200,232,8	MeshInstance3D	0.0x0.3x0.6	StreetIdShot/OrisonRoot/WayfindingSignage/FireDirection_ROOF/@MeshInstance3D@23387
[IDLEG] 1	216,232,8	MeshInstance3D	0.5x1.3x0.0	StreetIdShot/OrisonRoot/WayfindingSignage/FrontResidentDirectoryAndBuzzer/@MeshInstance3D@23392
[IDLEG] 1	232,232,8	MeshInstance3D	0.5x1.2x0.0	StreetIdShot/OrisonRoot/WayfindingSignage/FrontResidentDirectoryAndBuzzer/@MeshInstance3D@23393
[IDLEG] 1	248,232,8	MeshInstance3D	0.4x0.0x0.0	StreetIdShot/OrisonRoot/WayfindingSignage/FrontResidentDirectoryAndBuzzer/@MeshInstance3D@23395
[IDLEG] 1	8,248,8	MeshInstance3D	0.0x0.0x0.0	StreetIdShot/OrisonRoot/WayfindingSignage/FrontResidentDirectoryAndBuzzer/@MeshInstance3D@23397
[IDLEG] 1	24,248,8	MeshInstance3D	0.4x0.0x0.0	StreetIdShot/OrisonRoot/WayfindingSignage/FrontResidentDirectoryAndBuzzer/@MeshInstance3D@23398
[IDLEG] 1	40,248,8	MeshInstance3D	0.0x0.0x0.0	StreetIdShot/OrisonRoot/WayfindingSignage/FrontResidentDirectoryAndBuzzer/@MeshInstance3D@23400
[IDLEG] 1	56,248,8	MeshInstance3D	0.4x0.0x0.0	StreetIdShot/OrisonRoot/WayfindingSignage/FrontResidentDirectoryAndBuzzer/@MeshInstance3D@23401
[IDLEG] 1	72,248,8	MeshInstance3D	0.0x0.0x0.0	StreetIdShot/OrisonRoot/WayfindingSignage/FrontResidentDirectoryAndBuzzer/@MeshInstance3D@23403
[IDLEG] 1	88,248,8	MeshInstance3D	0.4x0.0x0.0	StreetIdShot/OrisonRoot/WayfindingSignage/FrontResidentDirectoryAndBuzzer/@MeshInstance3D@23404
[IDLEG] 1	104,248,8	MeshInstance3D	0.0x0.0x0.0	StreetIdShot/OrisonRoot/WayfindingSignage/FrontResidentDirectoryAndBuzzer/@MeshInstance3D@23406
[IDLEG] 1	120,248,8	MeshInstance3D	0.4x0.0x0.0	StreetIdShot/OrisonRoot/WayfindingSignage/FrontResidentDirectoryAndBuzzer/@MeshInstance3D@23407
[IDLEG] 1	136,248,8	MeshInstance3D	0.0x0.0x0.0	StreetIdShot/OrisonRoot/WayfindingSignage/FrontResidentDirectoryAndBuzzer/@MeshInstance3D@23409
[IDLEG] 1	152,248,8	MeshInstance3D	0.4x0.0x0.0	StreetIdShot/OrisonRoot/WayfindingSignage/FrontResidentDirectoryAndBuzzer/@MeshInstance3D@23410
[IDLEG] 1	168,248,8	MeshInstance3D	0.0x0.0x0.0	StreetIdShot/OrisonRoot/WayfindingSignage/FrontResidentDirectoryAndBuzzer/@MeshInstance3D@23412
[IDLEG] 1	184,248,8	MeshInstance3D	0.4x0.0x0.0	StreetIdShot/OrisonRoot/WayfindingSignage/FrontResidentDirectoryAndBuzzer/@MeshInstance3D@23413
[IDLEG] 1	200,248,8	MeshInstance3D	0.0x0.0x0.0	StreetIdShot/OrisonRoot/WayfindingSignage/FrontResidentDirectoryAndBuzzer/@MeshInstance3D@23415
[IDLEG] 1	216,248,8	MeshInstance3D	0.4x0.0x0.0	StreetIdShot/OrisonRoot/WayfindingSignage/FrontResidentDirectoryAndBuzzer/@MeshInstance3D@23416
[IDLEG] 1	232,248,8	MeshInstance3D	0.0x0.0x0.0	StreetIdShot/OrisonRoot/WayfindingSignage/FrontResidentDirectoryAndBuzzer/@MeshInstance3D@23418
[IDLEG] 1	248,248,8	MeshInstance3D	0.4x0.0x0.0	StreetIdShot/OrisonRoot/WayfindingSignage/FrontResidentDirectoryAndBuzzer/@MeshInstance3D@23419
[IDLEG] 1	8,8,24	MeshInstance3D	0.0x0.0x0.0	StreetIdShot/OrisonRoot/WayfindingSignage/FrontResidentDirectoryAndBuzzer/@MeshInstance3D@23421
[IDLEG] 1	24,8,24	MeshInstance3D	0.4x0.0x0.0	StreetIdShot/OrisonRoot/WayfindingSignage/FrontResidentDirectoryAndBuzzer/@MeshInstance3D@23422
[IDLEG] 1	40,8,24	MeshInstance3D	0.0x0.0x0.0	StreetIdShot/OrisonRoot/WayfindingSignage/FrontResidentDirectoryAndBuzzer/@MeshInstance3D@23424
[IDLEG] 1	56,8,24	MeshInstance3D	0.4x0.0x0.0	StreetIdShot/OrisonRoot/WayfindingSignage/FrontResidentDirectoryAndBuzzer/@MeshInstance3D@23425
[IDLEG] 1	72,8,24	MeshInstance3D	0.0x0.0x0.0	StreetIdShot/OrisonRoot/WayfindingSignage/FrontResidentDirectoryAndBuzzer/@MeshInstance3D@23427
[IDLEG] 1	88,8,24	MeshInstance3D	0.4x0.0x0.0	StreetIdShot/OrisonRoot/WayfindingSignage/FrontResidentDirectoryAndBuzzer/@MeshInstance3D@23428
[IDLEG] 1	104,8,24	MeshInstance3D	0.0x0.0x0.0	StreetIdShot/OrisonRoot/WayfindingSignage/FrontResidentDirectoryAndBuzzer/@MeshInstance3D@23430
[IDLEG] 1	120,8,24	MeshInstance3D	0.4x0.0x0.0	StreetIdShot/OrisonRoot/WayfindingSignage/FrontResidentDirectoryAndBuzzer/@MeshInstance3D@23431
[IDLEG] 1	136,8,24	MeshInstance3D	0.0x0.0x0.0	StreetIdShot/OrisonRoot/WayfindingSignage/FrontResidentDirectoryAndBuzzer/@MeshInstance3D@23433
[IDLEG] 1	152,8,24	MeshInstance3D	0.4x0.0x0.0	StreetIdShot/OrisonRoot/WayfindingSignage/FrontResidentDirectoryAndBuzzer/@MeshInstance3D@23434
[IDLEG] 1	168,8,24	MeshInstance3D	0.0x0.0x0.0	StreetIdShot/OrisonRoot/WayfindingSignage/FrontResidentDirectoryAndBuzzer/@MeshInstance3D@23436
[IDLEG] 1	184,8,24	MeshInstance3D	0.4x0.0x0.0	StreetIdShot/OrisonRoot/WayfindingSignage/FrontResidentDirectoryAndBuzzer/@MeshInstance3D@23437
[IDLEG] 1	200,8,24	MeshInstance3D	0.0x0.0x0.0	StreetIdShot/OrisonRoot/WayfindingSignage/FrontResidentDirectoryAndBuzzer/@MeshInstance3D@23439
[IDLEG] 1	216,8,24	MeshInstance3D	0.4x0.0x0.0	StreetIdShot/OrisonRoot/WayfindingSignage/FrontResidentDirectoryAndBuzzer/@MeshInstance3D@23440
[IDLEG] 1	232,8,24	MeshInstance3D	0.0x0.0x0.0	StreetIdShot/OrisonRoot/WayfindingSignage/FrontResidentDirectoryAndBuzzer/@MeshInstance3D@23442
[IDLEG] 1	248,8,24	MeshInstance3D	0.4x0.0x0.0	StreetIdShot/OrisonRoot/WayfindingSignage/FrontResidentDirectoryAndBuzzer/@MeshInstance3D@23443
[IDLEG] 1	8,24,24	MeshInstance3D	0.0x0.0x0.0	StreetIdShot/OrisonRoot/WayfindingSignage/FrontResidentDirectoryAndBuzzer/@MeshInstance3D@23445
[IDLEG] 1	24,24,24	MeshInstance3D	0.4x0.0x0.0	StreetIdShot/OrisonRoot/WayfindingSignage/FrontResidentDirectoryAndBuzzer/@MeshInstance3D@23446
[IDLEG] 1	40,24,24	MeshInstance3D	0.0x0.0x0.0	StreetIdShot/OrisonRoot/WayfindingSignage/FrontResidentDirectoryAndBuzzer/@MeshInstance3D@23448
[IDLEG] 1	56,24,24	MeshInstance3D	0.0x0.0x0.0	StreetIdShot/OrisonRoot/WayfindingSignage/FrontResidentDirectoryAndBuzzer/@MeshInstance3D@23449
[IDLEG] 1	72,24,24	MeshInstance3D	0.0x0.0x0.0	StreetIdShot/OrisonRoot/WayfindingSignage/FrontResidentDirectoryAndBuzzer/@MeshInstance3D@23450
[IDLEG] 1	88,24,24	MeshInstance3D	0.0x0.0x0.0	StreetIdShot/OrisonRoot/WayfindingSignage/FrontResidentDirectoryAndBuzzer/@MeshInstance3D@23451
[IDLEG] 1	104,24,24	MeshInstance3D	0.0x0.0x0.0	StreetIdShot/OrisonRoot/WayfindingSignage/FrontResidentDirectoryAndBuzzer/@MeshInstance3D@23452
[IDLEG] 1	120,24,24	MeshInstance3D	0.7x0.7x0.0	StreetIdShot/OrisonRoot/MemoryArt_landing_wors_1610/@MeshInstance3D@24812
[IDLEG] 1	136,24,24	MeshInstance3D	0.8x0.0x0.0	StreetIdShot/OrisonRoot/MemoryArt_landing_wors_1610/@MeshInstance3D@24813
[IDLEG] 1	152,24,24	MeshInstance3D	0.8x0.0x0.0	StreetIdShot/OrisonRoot/MemoryArt_landing_wors_1610/@MeshInstance3D@24814
[IDLEG] 1	168,24,24	MeshInstance3D	0.0x0.7x0.0	StreetIdShot/OrisonRoot/MemoryArt_landing_wors_1610/@MeshInstance3D@24815
[IDLEG] 1	184,24,24	MeshInstance3D	0.0x0.7x0.0	StreetIdShot/OrisonRoot/MemoryArt_landing_wors_1610/@MeshInstance3D@24816
[IDLEG] 1	200,24,24	MeshInstance3D	0.7x0.7x0.0	StreetIdShot/OrisonRoot/MemoryArt_landing_notice_1928/@MeshInstance3D@24818
[IDLEG] 1	216,24,24	MeshInstance3D	0.8x0.0x0.0	StreetIdShot/OrisonRoot/MemoryArt_landing_notice_1928/@MeshInstance3D@24819
[IDLEG] 1	232,24,24	MeshInstance3D	0.8x0.0x0.0	StreetIdShot/OrisonRoot/MemoryArt_landing_notice_1928/@MeshInstance3D@24820
[IDLEG] 1	248,24,24	MeshInstance3D	0.0x0.7x0.0	StreetIdShot/OrisonRoot/MemoryArt_landing_notice_1928/@MeshInstance3D@24821
[IDLEG] 1	8,40,24	MeshInstance3D	0.0x0.7x0.0	StreetIdShot/OrisonRoot/MemoryArt_landing_notice_1928/@MeshInstance3D@24822
[IDLEG] 1	24,40,24	MeshInstance3D	0.7x0.7x0.0	StreetIdShot/OrisonRoot/MemoryArt_landing_garment_memorial/@MeshInstance3D@24824
[IDLEG] 1	40,40,24	MeshInstance3D	0.8x0.0x0.0	StreetIdShot/OrisonRoot/MemoryArt_landing_garment_memorial/@MeshInstance3D@24825
[IDLEG] 1	56,40,24	MeshInstance3D	0.8x0.0x0.0	StreetIdShot/OrisonRoot/MemoryArt_landing_garment_memorial/@MeshInstance3D@24826
[IDLEG] 1	72,40,24	MeshInstance3D	0.0x0.7x0.0	StreetIdShot/OrisonRoot/MemoryArt_landing_garment_memorial/@MeshInstance3D@24827
[IDLEG] 1	88,40,24	MeshInstance3D	0.0x0.7x0.0	StreetIdShot/OrisonRoot/MemoryArt_landing_garment_memorial/@MeshInstance3D@24828
[IDLEG] 1	104,40,24	MeshInstance3D	0.7x0.7x0.0	StreetIdShot/OrisonRoot/MemoryArt_landing_pelargonium/@MeshInstance3D@24830
[IDLEG] 1	120,40,24	MeshInstance3D	0.8x0.0x0.0	StreetIdShot/OrisonRoot/MemoryArt_landing_pelargonium/@MeshInstance3D@24831
[IDLEG] 1	136,40,24	MeshInstance3D	0.8x0.0x0.0	StreetIdShot/OrisonRoot/MemoryArt_landing_pelargonium/@MeshInstance3D@24832
[IDLEG] 1	152,40,24	MeshInstance3D	0.0x0.7x0.0	StreetIdShot/OrisonRoot/MemoryArt_landing_pelargonium/@MeshInstance3D@24833
[IDLEG] 1	168,40,24	MeshInstance3D	0.0x0.7x0.0	StreetIdShot/OrisonRoot/MemoryArt_landing_pelargonium/@MeshInstance3D@24834
[IDLEG] 1	184,40,24	MeshInstance3D	0.7x0.7x0.0	StreetIdShot/OrisonRoot/MemoryArt_landing_stenographers/@MeshInstance3D@24836
[IDLEG] 1	200,40,24	MeshInstance3D	0.8x0.0x0.0	StreetIdShot/OrisonRoot/MemoryArt_landing_stenographers/@MeshInstance3D@24837
[IDLEG] 1	216,40,24	MeshInstance3D	0.8x0.0x0.0	StreetIdShot/OrisonRoot/MemoryArt_landing_stenographers/@MeshInstance3D@24838
[IDLEG] 1	232,40,24	MeshInstance3D	0.0x0.7x0.0	StreetIdShot/OrisonRoot/MemoryArt_landing_stenographers/@MeshInstance3D@24839
[IDLEG] 1	248,40,24	MeshInstance3D	0.0x0.7x0.0	StreetIdShot/OrisonRoot/MemoryArt_landing_stenographers/@MeshInstance3D@24840
[IDLEG] 1	8,56,24	MeshInstance3D	0.7x0.7x0.0	StreetIdShot/OrisonRoot/MemoryArt_landing_radio_club/@MeshInstance3D@24842
[IDLEG] 1	24,56,24	MeshInstance3D	0.8x0.0x0.0	StreetIdShot/OrisonRoot/MemoryArt_landing_radio_club/@MeshInstance3D@24843
[IDLEG] 1	40,56,24	MeshInstance3D	0.8x0.0x0.0	StreetIdShot/OrisonRoot/MemoryArt_landing_radio_club/@MeshInstance3D@24844
[IDLEG] 1	56,56,24	MeshInstance3D	0.0x0.7x0.0	StreetIdShot/OrisonRoot/MemoryArt_landing_radio_club/@MeshInstance3D@24845
[IDLEG] 1	72,56,24	MeshInstance3D	0.0x0.7x0.0	StreetIdShot/OrisonRoot/MemoryArt_landing_radio_club/@MeshInstance3D@24846
[IDLEG] 1	88,56,24	MeshInstance3D	0.7x0.7x0.0	StreetIdShot/OrisonRoot/MemoryArt_landing_roof_monitor/@MeshInstance3D@24848
[IDLEG] 1	104,56,24	MeshInstance3D	0.8x0.0x0.0	StreetIdShot/OrisonRoot/MemoryArt_landing_roof_monitor/@MeshInstance3D@24849
[IDLEG] 1	120,56,24	MeshInstance3D	0.8x0.0x0.0	StreetIdShot/OrisonRoot/MemoryArt_landing_roof_monitor/@MeshInstance3D@24850
[IDLEG] 1	136,56,24	MeshInstance3D	0.0x0.7x0.0	StreetIdShot/OrisonRoot/MemoryArt_landing_roof_monitor/@MeshInstance3D@24851
[IDLEG] 1	152,56,24	MeshInstance3D	0.0x0.7x0.0	StreetIdShot/OrisonRoot/MemoryArt_landing_roof_monitor/@MeshInstance3D@24852
[IDLEG] 1	168,56,24	MeshInstance3D	5.0x2.6x0.1	StreetIdShot/OrisonRoot/FoundArtPass/FoundBillboard_future_today/@MeshInstance3D@24968
[IDLEG] 1	184,56,24	MeshInstance3D	0.1x1.5x0.1	StreetIdShot/OrisonRoot/FoundArtPass/FoundBillboard_future_today/@MeshInstance3D@24971
[IDLEG] 1	200,56,24	MeshInstance3D	0.1x1.5x0.1	StreetIdShot/OrisonRoot/FoundArtPass/FoundBillboard_future_today/@MeshInstance3D@24972
[IDLEG] 1	216,56,24	MeshInstance3D	0.9x0.6x0.0	StreetIdShot/OrisonRoot/FrontDoorExteriorSign/@MeshInstance3D@24974
[IDLEG] 1	232,56,24	MeshInstance3D	0.0x0.0x0.0	StreetIdShot/OrisonRoot/FrontDoorExteriorSign/@MeshInstance3D@24975
[IDLEG] 1	248,56,24	MeshInstance3D	0.0x0.0x0.0	StreetIdShot/OrisonRoot/FrontDoorExteriorSign/@MeshInstance3D@24976
[IDLEG] 1	8,72,24	MeshInstance3D	0.0x0.0x0.0	StreetIdShot/OrisonRoot/FrontDoorExteriorSign/@MeshInstance3D@24977
[IDLEG] 1	24,72,24	MeshInstance3D	0.0x0.0x0.0	StreetIdShot/OrisonRoot/FrontDoorExteriorSign/@MeshInstance3D@24978
[IDLEG] 1	40,72,24	MeshInstance3D	0.0x0.1x0.0	StreetIdShot/OrisonRoot/EntranceMarqueeDress/@MeshInstance3D@25009
[IDLEG] 1	56,72,24	MeshInstance3D	0.1x0.0x0.1	StreetIdShot/OrisonRoot/EntranceMarqueeDress/@MeshInstance3D@25010
[IDLEG] 1	72,72,24	MeshInstance3D	0.1x0.0x0.1	StreetIdShot/OrisonRoot/EntranceMarqueeDress/@MeshInstance3D@25011
[IDLEG] 1	88,72,24	MeshInstance3D	0.2x0.1x0.2	StreetIdShot/OrisonRoot/EntranceMarqueeDress/@MeshInstance3D@25012
[IDLEG] 1	104,72,24	MeshInstance3D	0.0x0.1x0.0	StreetIdShot/OrisonRoot/EntranceMarqueeDress/@MeshInstance3D@25013
[IDLEG] 1	120,72,24	MeshInstance3D	0.0x0.1x0.0	StreetIdShot/OrisonRoot/EntranceMarqueeDress/@MeshInstance3D@25014
[IDLEG] 1	136,72,24	MeshInstance3D	0.0x0.1x0.0	StreetIdShot/OrisonRoot/EntranceMarqueeDress/@MeshInstance3D@25015
[IDLEG] 1	152,72,24	MeshInstance3D	0.0x0.1x0.0	StreetIdShot/OrisonRoot/EntranceMarqueeDress/@MeshInstance3D@25016
[IDLEG] 1	168,72,24	MeshInstance3D	0.0x0.1x0.0	StreetIdShot/OrisonRoot/EntranceMarqueeDress/@MeshInstance3D@25017
[IDLEG] 1	184,72,24	MeshInstance3D	0.0x0.1x0.0	StreetIdShot/OrisonRoot/EntranceMarqueeDress/@MeshInstance3D@25018
[IDLEG] 1	200,72,24	MeshInstance3D	0.0x0.1x0.0	StreetIdShot/OrisonRoot/EntranceMarqueeDress/@MeshInstance3D@25019
[IDLEG] 1	216,72,24	MeshInstance3D	0.0x0.1x0.0	StreetIdShot/OrisonRoot/EntranceMarqueeDress/@MeshInstance3D@25020
[IDLEG] 1	232,72,24	MeshInstance3D	0.0x0.1x0.0	StreetIdShot/OrisonRoot/EntranceMarqueeDress/@MeshInstance3D@25021
[IDLEG] 1	248,72,24	MeshInstance3D	0.0x0.1x0.0	StreetIdShot/OrisonRoot/EntranceMarqueeDress/@MeshInstance3D@25022
[IDLEG] 1	8,88,24	MeshInstance3D	0.0x0.1x0.0	StreetIdShot/OrisonRoot/EntranceMarqueeDress/@MeshInstance3D@25023
[IDLEG] 1	24,88,24	MeshInstance3D	0.0x0.1x0.0	StreetIdShot/OrisonRoot/EntranceMarqueeDress/@MeshInstance3D@25024
[IDLEG] 1	40,88,24	MeshInstance3D	0.1x0.1x0.1	StreetIdShot/OrisonRoot/EntranceMarqueeDress/@MeshInstance3D@25025
[IDLEG] 1	56,88,24	MeshInstance3D	0.0x0.1x0.0	StreetIdShot/OrisonRoot/EntranceMarqueeDress/@MeshInstance3D@25027
[IDLEG] 1	72,88,24	MeshInstance3D	0.1x0.0x0.1	StreetIdShot/OrisonRoot/EntranceMarqueeDress/@MeshInstance3D@25028
[IDLEG] 1	88,88,24	MeshInstance3D	0.1x0.0x0.1	StreetIdShot/OrisonRoot/EntranceMarqueeDress/@MeshInstance3D@25029
[IDLEG] 1	104,88,24	MeshInstance3D	0.2x0.1x0.2	StreetIdShot/OrisonRoot/EntranceMarqueeDress/@MeshInstance3D@25030
[IDLEG] 1	120,88,24	MeshInstance3D	0.0x0.1x0.0	StreetIdShot/OrisonRoot/EntranceMarqueeDress/@MeshInstance3D@25031
[IDLEG] 1	136,88,24	MeshInstance3D	0.0x0.1x0.0	StreetIdShot/OrisonRoot/EntranceMarqueeDress/@MeshInstance3D@25032
[IDLEG] 1	152,88,24	MeshInstance3D	0.0x0.1x0.0	StreetIdShot/OrisonRoot/EntranceMarqueeDress/@MeshInstance3D@25033
[IDLEG] 1	168,88,24	MeshInstance3D	0.0x0.1x0.0	StreetIdShot/OrisonRoot/EntranceMarqueeDress/@MeshInstance3D@25034
[IDLEG] 1	184,88,24	MeshInstance3D	0.0x0.1x0.0	StreetIdShot/OrisonRoot/EntranceMarqueeDress/@MeshInstance3D@25035
[IDLEG] 1	200,88,24	MeshInstance3D	0.0x0.1x0.0	StreetIdShot/OrisonRoot/EntranceMarqueeDress/@MeshInstance3D@25036
[IDLEG] 1	216,88,24	MeshInstance3D	0.0x0.1x0.0	StreetIdShot/OrisonRoot/EntranceMarqueeDress/@MeshInstance3D@25037
[IDLEG] 1	232,88,24	MeshInstance3D	0.0x0.1x0.0	StreetIdShot/OrisonRoot/EntranceMarqueeDress/@MeshInstance3D@25038
[IDLEG] 1	248,88,24	MeshInstance3D	0.0x0.1x0.0	StreetIdShot/OrisonRoot/EntranceMarqueeDress/@MeshInstance3D@25039
[IDLEG] 1	8,104,24	MeshInstance3D	0.0x0.1x0.0	StreetIdShot/OrisonRoot/EntranceMarqueeDress/@MeshInstance3D@25040
[IDLEG] 1	24,104,24	MeshInstance3D	0.0x0.1x0.0	StreetIdShot/OrisonRoot/EntranceMarqueeDress/@MeshInstance3D@25041
[IDLEG] 1	40,104,24	MeshInstance3D	0.0x0.1x0.0	StreetIdShot/OrisonRoot/EntranceMarqueeDress/@MeshInstance3D@25042
[IDLEG] 1	56,104,24	MeshInstance3D	0.1x0.1x0.1	StreetIdShot/OrisonRoot/EntranceMarqueeDress/@MeshInstance3D@25043
[IDLEG] 1	72,104,24	MeshInstance3D	0.1x0.0x0.1	StreetIdShot/OrisonRoot/@Node3D@25052/@MeshInstance3D@25053
[IDLEG] 1	88,104,24	MeshInstance3D	0.1x0.0x0.1	StreetIdShot/OrisonRoot/@Node3D@25052/@MeshInstance3D@25054
[IDLEG] 1	104,104,24	MeshInstance3D	0.1x0.0x0.1	StreetIdShot/OrisonRoot/@Node3D@25052/@MeshInstance3D@25055
[IDLEG] 1	120,104,24	MeshInstance3D	0.1x0.0x0.1	StreetIdShot/OrisonRoot/@Node3D@25052/@MeshInstance3D@25056
[IDLEG] 1	136,104,24	MeshInstance3D	0.1x0.0x0.1	StreetIdShot/OrisonRoot/@Node3D@25052/@MeshInstance3D@25057
[IDLEG] 1	152,104,24	MeshInstance3D	0.1x0.0x0.1	StreetIdShot/OrisonRoot/@Node3D@25052/@MeshInstance3D@25058
[IDLEG] 1	168,104,24	MeshInstance3D	0.1x0.0x0.1	StreetIdShot/OrisonRoot/@Node3D@25052/@MeshInstance3D@25059
[IDLEG] 1	184,104,24	MeshInstance3D	0.1x0.0x0.1	StreetIdShot/OrisonRoot/@Node3D@25052/@MeshInstance3D@25060
[IDLEG] 1	200,104,24	MeshInstance3D	0.1x0.0x0.1	StreetIdShot/OrisonRoot/@Node3D@25052/@MeshInstance3D@25061
[IDLEG] 1	216,104,24	MeshInstance3D	0.1x0.0x0.1	StreetIdShot/OrisonRoot/@Node3D@25052/@MeshInstance3D@25062
[IDLEG] 1	232,104,24	MeshInstance3D	0.1x0.0x0.1	StreetIdShot/OrisonRoot/@Node3D@25052/@MeshInstance3D@25063
[IDLEG] 1	248,104,24	MeshInstance3D	0.1x0.0x0.1	StreetIdShot/OrisonRoot/@Node3D@25052/@MeshInstance3D@25064
[IDLEG] 1	8,120,24	MeshInstance3D	0.1x0.0x0.1	StreetIdShot/OrisonRoot/@Node3D@25052/@MeshInstance3D@25065
[IDLEG] 1	24,120,24	MeshInstance3D	0.1x0.0x0.1	StreetIdShot/OrisonRoot/@Node3D@25052/@MeshInstance3D@25066
[IDLEG] 1	40,120,24	MeshInstance3D	0.1x0.0x0.1	StreetIdShot/OrisonRoot/@Node3D@25052/@MeshInstance3D@25067
[IDLEG] 1	56,120,24	MeshInstance3D	0.1x0.0x0.1	StreetIdShot/OrisonRoot/@Node3D@25052/@MeshInstance3D@25068
[IDLEG] 1	72,120,24	MeshInstance3D	0.1x0.0x0.1	StreetIdShot/OrisonRoot/@Node3D@25052/@MeshInstance3D@25069
[IDLEG] 1	88,120,24	MeshInstance3D	0.1x0.0x0.1	StreetIdShot/OrisonRoot/@Node3D@25052/@MeshInstance3D@25070
[IDLEG] 1	104,120,24	MeshInstance3D	0.1x0.0x0.1	StreetIdShot/OrisonRoot/@Node3D@25052/@MeshInstance3D@25071
[IDLEG] 1	120,120,24	MeshInstance3D	0.1x0.0x0.1	StreetIdShot/OrisonRoot/@Node3D@25052/@MeshInstance3D@25072
[IDLEG] 1	136,120,24	MeshInstance3D	0.1x0.0x0.1	StreetIdShot/OrisonRoot/@Node3D@25074/@MeshInstance3D@25075
[IDLEG] 1	152,120,24	MeshInstance3D	0.1x0.0x0.1	StreetIdShot/OrisonRoot/@Node3D@25074/@MeshInstance3D@25076
[IDLEG] 1	168,120,24	MeshInstance3D	0.1x0.0x0.1	StreetIdShot/OrisonRoot/@Node3D@25074/@MeshInstance3D@25077
[IDLEG] 1	184,120,24	MeshInstance3D	0.1x0.0x0.1	StreetIdShot/OrisonRoot/@Node3D@25074/@MeshInstance3D@25078
[IDLEG] 1	200,120,24	MeshInstance3D	0.1x0.0x0.1	StreetIdShot/OrisonRoot/@Node3D@25074/@MeshInstance3D@25079
[IDLEG] 1	216,120,24	MeshInstance3D	0.1x0.0x0.1	StreetIdShot/OrisonRoot/@Node3D@25074/@MeshInstance3D@25080
[IDLEG] 1	232,120,24	MeshInstance3D	0.1x0.0x0.1	StreetIdShot/OrisonRoot/@Node3D@25074/@MeshInstance3D@25081
[IDLEG] 1	248,120,24	MeshInstance3D	0.1x0.0x0.1	StreetIdShot/OrisonRoot/@Node3D@25074/@MeshInstance3D@25082
[IDLEG] 1	8,136,24	MeshInstance3D	0.1x0.0x0.1	StreetIdShot/OrisonRoot/@Node3D@25074/@MeshInstance3D@25083
[IDLEG] 1	24,136,24	MeshInstance3D	0.1x0.0x0.1	StreetIdShot/OrisonRoot/@Node3D@25074/@MeshInstance3D@25084
[IDLEG] 1	40,136,24	MeshInstance3D	0.1x0.0x0.1	StreetIdShot/OrisonRoot/@Node3D@25074/@MeshInstance3D@25085
[IDLEG] 1	56,136,24	MeshInstance3D	0.1x0.0x0.1	StreetIdShot/OrisonRoot/@Node3D@25074/@MeshInstance3D@25086
[IDLEG] 1	72,136,24	MeshInstance3D	0.1x0.0x0.1	StreetIdShot/OrisonRoot/@Node3D@25074/@MeshInstance3D@25087
[IDLEG] 1	88,136,24	MeshInstance3D	0.1x0.0x0.1	StreetIdShot/OrisonRoot/@Node3D@25074/@MeshInstance3D@25088
[IDLEG] 1	104,136,24	MeshInstance3D	0.1x0.0x0.1	StreetIdShot/OrisonRoot/@Node3D@25074/@MeshInstance3D@25089
[IDLEG] 1	120,136,24	MeshInstance3D	0.1x0.0x0.1	StreetIdShot/OrisonRoot/@Node3D@25074/@MeshInstance3D@25090
[IDLEG] 1	136,136,24	MeshInstance3D	0.1x0.0x0.1	StreetIdShot/OrisonRoot/@Node3D@25074/@MeshInstance3D@25091
[IDLEG] 1	152,136,24	MeshInstance3D	0.1x0.0x0.1	StreetIdShot/OrisonRoot/@Node3D@25074/@MeshInstance3D@25092
[IDLEG] 1	168,136,24	MeshInstance3D	0.1x0.0x0.1	StreetIdShot/OrisonRoot/@Node3D@25074/@MeshInstance3D@25093
[IDLEG] 1	184,136,24	MeshInstance3D	0.1x0.0x0.1	StreetIdShot/OrisonRoot/@Node3D@25074/@MeshInstance3D@25094
[IDLEG] 1	200,136,24	MeshInstance3D	0.7x0.6x0.1	StreetIdShot/OrisonRoot/MinaCaseGameplay/WORK_ORDER_002-A/@MeshInstance3D@25153
[IDLEG] 1	216,136,24	MeshInstance3D	0.3x0.2x0.2	StreetIdShot/OrisonRoot/MinaCaseGameplay/Caption_Cards/@MeshInstance3D@25156
[IDLEG] 1	232,136,24	MeshInstance3D	0.3x0.2x0.2	StreetIdShot/OrisonRoot/MinaCaseGameplay/Personal_Style_Guide/@MeshInstance3D@25159
[IDLEG] 1	248,136,24	MeshInstance3D	0.3x0.2x0.2	StreetIdShot/OrisonRoot/MinaCaseGameplay/Redaction_Pencil/@MeshInstance3D@25162
[IDLEG] 1	8,152,24	MeshInstance3D	0.5x0.4x0.3	StreetIdShot/OrisonRoot/MinaCaseGameplay/CAPTION_CALIBRATOR/@MeshInstance3D@25165
[IDLEG] 1	24,152,24	MeshInstance3D	0.4x0.5x0.2	StreetIdShot/OrisonRoot/MinaCaseGameplay/TIME_CLOCK/@MeshInstance3D@25175
[IDLEG] 1	40,152,24	MeshInstance3D	0.1x1.0x1.5	StreetIdShot/OrisonRoot/AcceptedRealityRules/@MeshInstance3D@25185
[IDLEG] 1	56,152,24	MeshInstance3D	1.5x0.1x1.7	StreetIdShot/OrisonRoot/@Node3D@25189/@AnimatableBody3D@25190/@MeshInstance3D@25192
[IDLEG] 1	72,152,24	MeshInstance3D	1.5x0.1x1.7	StreetIdShot/OrisonRoot/@Node3D@25189/@AnimatableBody3D@25190/@MeshInstance3D@25194
[IDLEG] 1	88,152,24	MeshInstance3D	0.0x2.2x1.7	StreetIdShot/OrisonRoot/@Node3D@25189/@AnimatableBody3D@25190/@MeshInstance3D@25196
[IDLEG] 1	104,152,24	MeshInstance3D	0.1x2.2x1.7	StreetIdShot/OrisonRoot/@Node3D@25189/@AnimatableBody3D@25190/@MeshInstance3D@25198
[IDLEG] 1	120,152,24	MeshInstance3D	1.5x2.2x0.1	StreetIdShot/OrisonRoot/@Node3D@25189/@AnimatableBody3D@25190/@MeshInstance3D@25200
[IDLEG] 1	136,152,24	MeshInstance3D	1.5x0.0x1.6	StreetIdShot/OrisonRoot/@Node3D@25189/@AnimatableBody3D@25190/@MeshInstance3D@25201
[IDLEG] 1	152,152,24	MeshInstance3D	0.0x0.1x1.6	StreetIdShot/OrisonRoot/@Node3D@25189/@AnimatableBody3D@25190/@MeshInstance3D@25202
[IDLEG] 1	168,152,24	MeshInstance3D	0.0x0.6x0.6	StreetIdShot/OrisonRoot/@Node3D@25189/@AnimatableBody3D@25190/@MeshInstance3D@25203
[IDLEG] 1	184,152,24	MeshInstance3D	0.0x0.5x0.5	StreetIdShot/OrisonRoot/@Node3D@25189/@AnimatableBody3D@25190/@MeshInstance3D@25204
[IDLEG] 1	200,152,24	MeshInstance3D	0.0x0.6x0.6	StreetIdShot/OrisonRoot/@Node3D@25189/@AnimatableBody3D@25190/@MeshInstance3D@25205
[IDLEG] 1	216,152,24	MeshInstance3D	0.0x0.5x0.5	StreetIdShot/OrisonRoot/@Node3D@25189/@AnimatableBody3D@25190/@MeshInstance3D@25206
[IDLEG] 1	232,152,24	MeshInstance3D	0.0x0.1x1.6	StreetIdShot/OrisonRoot/@Node3D@25189/@AnimatableBody3D@25190/@MeshInstance3D@25207
[IDLEG] 1	248,152,24	MeshInstance3D	0.0x1.0x1.6	StreetIdShot/OrisonRoot/@Node3D@25189/@AnimatableBody3D@25190/@MeshInstance3D@25208
[IDLEG] 1	8,168,24	MeshInstance3D	0.0x0.1x1.6	StreetIdShot/OrisonRoot/@Node3D@25189/@AnimatableBody3D@25190/@MeshInstance3D@25209
[IDLEG] 1	24,168,24	MeshInstance3D	0.0x0.1x1.6	StreetIdShot/OrisonRoot/@Node3D@25189/@AnimatableBody3D@25190/@MeshInstance3D@25210
[IDLEG] 1	40,168,24	MeshInstance3D	0.0x0.6x0.6	StreetIdShot/OrisonRoot/@Node3D@25189/@AnimatableBody3D@25190/@MeshInstance3D@25211
[IDLEG] 1	56,168,24	MeshInstance3D	0.0x0.5x0.5	StreetIdShot/OrisonRoot/@Node3D@25189/@AnimatableBody3D@25190/@MeshInstance3D@25212
[IDLEG] 1	72,168,24	MeshInstance3D	0.0x0.6x0.6	StreetIdShot/OrisonRoot/@Node3D@25189/@AnimatableBody3D@25190/@MeshInstance3D@25213
[IDLEG] 1	88,168,24	MeshInstance3D	0.0x0.5x0.5	StreetIdShot/OrisonRoot/@Node3D@25189/@AnimatableBody3D@25190/@MeshInstance3D@25214
[IDLEG] 1	104,168,24	MeshInstance3D	0.0x0.1x1.6	StreetIdShot/OrisonRoot/@Node3D@25189/@AnimatableBody3D@25190/@MeshInstance3D@25215
[IDLEG] 1	120,168,24	MeshInstance3D	0.0x1.0x1.6	StreetIdShot/OrisonRoot/@Node3D@25189/@AnimatableBody3D@25190/@MeshInstance3D@25216
[IDLEG] 1	136,168,24	MeshInstance3D	0.0x0.1x1.6	StreetIdShot/OrisonRoot/@Node3D@25189/@AnimatableBody3D@25190/@MeshInstance3D@25217
[IDLEG] 1	152,168,24	MeshInstance3D	1.5x0.1x0.0	StreetIdShot/OrisonRoot/@Node3D@25189/@AnimatableBody3D@25190/@MeshInstance3D@25218
[IDLEG] 1	168,168,24	MeshInstance3D	0.6x0.6x0.0	StreetIdShot/OrisonRoot/@Node3D@25189/@AnimatableBody3D@25190/@MeshInstance3D@25219
[IDLEG] 1	184,168,24	MeshInstance3D	0.5x0.5x0.0	StreetIdShot/OrisonRoot/@Node3D@25189/@AnimatableBody3D@25190/@MeshInstance3D@25220
[IDLEG] 1	200,168,24	MeshInstance3D	0.6x0.6x0.0	StreetIdShot/OrisonRoot/@Node3D@25189/@AnimatableBody3D@25190/@MeshInstance3D@25221
[IDLEG] 1	216,168,24	MeshInstance3D	0.5x0.5x0.0	StreetIdShot/OrisonRoot/@Node3D@25189/@AnimatableBody3D@25190/@MeshInstance3D@25222
[IDLEG] 1	232,168,24	MeshInstance3D	1.5x0.1x0.0	StreetIdShot/OrisonRoot/@Node3D@25189/@AnimatableBody3D@25190/@MeshInstance3D@25223
[IDLEG] 1	248,168,24	MeshInstance3D	1.5x0.1x0.0	StreetIdShot/OrisonRoot/@Node3D@25189/@AnimatableBody3D@25190/@MeshInstance3D@25224
[IDLEG] 1	8,184,24	MeshInstance3D	1.1x0.9x0.0	StreetIdShot/OrisonRoot/@Node3D@25189/@AnimatableBody3D@25190/@MeshInstance3D@25225
[IDLEG] 1	24,184,24	MeshInstance3D	1.0x0.8x0.0	StreetIdShot/OrisonRoot/@Node3D@25189/@AnimatableBody3D@25190/@MeshInstance3D@25226
[IDLEG] 1	40,184,24	MeshInstance3D	0.0x0.0x1.4	StreetIdShot/OrisonRoot/@Node3D@25189/@AnimatableBody3D@25190/@MeshInstance3D@25227
[IDLEG] 1	56,184,24	MeshInstance3D	0.1x0.0x0.0	StreetIdShot/OrisonRoot/@Node3D@25189/@AnimatableBody3D@25190/@MeshInstance3D@25228
[IDLEG] 1	72,184,24	MeshInstance3D	0.1x0.0x0.0	StreetIdShot/OrisonRoot/@Node3D@25189/@AnimatableBody3D@25190/@MeshInstance3D@25229
[IDLEG] 1	88,184,24	MeshInstance3D	0.0x0.0x1.4	StreetIdShot/OrisonRoot/@Node3D@25189/@AnimatableBody3D@25190/@MeshInstance3D@25230
[IDLEG] 1	104,184,24	MeshInstance3D	0.1x0.0x0.0	StreetIdShot/OrisonRoot/@Node3D@25189/@AnimatableBody3D@25190/@MeshInstance3D@25231
[IDLEG] 1	120,184,24	MeshInstance3D	0.1x0.0x0.0	StreetIdShot/OrisonRoot/@Node3D@25189/@AnimatableBody3D@25190/@MeshInstance3D@25232
[IDLEG] 1	136,184,24	MeshInstance3D	1.3x0.0x0.0	StreetIdShot/OrisonRoot/@Node3D@25189/@AnimatableBody3D@25190/@MeshInstance3D@25233
[IDLEG] 1	152,184,24	MeshInstance3D	0.1x0.1x1.6	StreetIdShot/OrisonRoot/@Node3D@25189/@AnimatableBody3D@25190/@MeshInstance3D@25234
[IDLEG] 1	168,184,24	MeshInstance3D	0.1x0.1x1.6	StreetIdShot/OrisonRoot/@Node3D@25189/@AnimatableBody3D@25190/@MeshInstance3D@25235
[IDLEG] 1	184,184,24	MeshInstance3D	1.5x0.1x0.1	StreetIdShot/OrisonRoot/@Node3D@25189/@AnimatableBody3D@25190/@MeshInstance3D@25236
[IDLEG] 1	200,184,24	MeshInstance3D	0.4x0.2x0.5	StreetIdShot/OrisonRoot/@Node3D@25189/@AnimatableBody3D@25190/@MeshInstance3D@25237
[IDLEG] 1	216,184,24	MeshInstance3D	0.0x0.0x0.1	StreetIdShot/OrisonRoot/@Node3D@25189/@AnimatableBody3D@25190/@MeshInstance3D@25238
[IDLEG] 1	232,184,24	MeshInstance3D	0.1x0.0x0.1	StreetIdShot/OrisonRoot/@Node3D@25189/@AnimatableBody3D@25190/@MeshInstance3D@25239
[IDLEG] 1	248,184,24	MeshInstance3D	0.1x0.0x0.1	StreetIdShot/OrisonRoot/@Node3D@25189/@AnimatableBody3D@25190/@MeshInstance3D@25240
[IDLEG] 1	8,200,24	MeshInstance3D	0.1x0.0x0.0	StreetIdShot/OrisonRoot/@Node3D@25189/@AnimatableBody3D@25190/@MeshInstance3D@25241
[IDLEG] 1	24,200,24	MeshInstance3D	0.1x0.0x0.0	StreetIdShot/OrisonRoot/@Node3D@25189/@AnimatableBody3D@25190/@MeshInstance3D@25242
[IDLEG] 1	40,200,24	MeshInstance3D	0.1x0.0x0.1	StreetIdShot/OrisonRoot/@Node3D@25189/@AnimatableBody3D@25190/@MeshInstance3D@25243
[IDLEG] 1	56,200,24	MeshInstance3D	0.1x0.0x0.1	StreetIdShot/OrisonRoot/@Node3D@25189/@AnimatableBody3D@25190/@MeshInstance3D@25244
[IDLEG] 1	72,200,24	MeshInstance3D	0.0x0.0x0.1	StreetIdShot/OrisonRoot/@Node3D@25189/@AnimatableBody3D@25190/@MeshInstance3D@25245
[IDLEG] 1	88,200,24	MeshInstance3D	0.0x0.0x0.1	StreetIdShot/OrisonRoot/@Node3D@25189/@AnimatableBody3D@25190/@MeshInstance3D@25246
[IDLEG] 1	104,200,24	MeshInstance3D	0.1x0.0x0.1	StreetIdShot/OrisonRoot/@Node3D@25189/@AnimatableBody3D@25190/@MeshInstance3D@25247
[IDLEG] 1	120,200,24	MeshInstance3D	0.1x0.0x0.1	StreetIdShot/OrisonRoot/@Node3D@25189/@AnimatableBody3D@25190/@MeshInstance3D@25248
[IDLEG] 1	136,200,24	MeshInstance3D	0.1x0.0x0.0	StreetIdShot/OrisonRoot/@Node3D@25189/@AnimatableBody3D@25190/@MeshInstance3D@25249
[IDLEG] 1	152,200,24	MeshInstance3D	0.1x0.0x0.0	StreetIdShot/OrisonRoot/@Node3D@25189/@AnimatableBody3D@25190/@MeshInstance3D@25250
[IDLEG] 1	168,200,24	MeshInstance3D	0.1x0.0x0.1	StreetIdShot/OrisonRoot/@Node3D@25189/@AnimatableBody3D@25190/@MeshInstance3D@25251
[IDLEG] 1	184,200,24	MeshInstance3D	0.1x0.0x0.1	StreetIdShot/OrisonRoot/@Node3D@25189/@AnimatableBody3D@25190/@MeshInstance3D@25252
[IDLEG] 1	200,200,24	MeshInstance3D	0.0x0.0x0.1	StreetIdShot/OrisonRoot/@Node3D@25189/@AnimatableBody3D@25190/@MeshInstance3D@25253
[IDLEG] 1	216,200,24	MeshInstance3D	0.1x0.0x0.0	StreetIdShot/OrisonRoot/@Node3D@25189/@AnimatableBody3D@25190/CarGate/@MeshInstance3D@25254
[IDLEG] 1	232,200,24	MeshInstance3D	0.1x0.0x0.0	StreetIdShot/OrisonRoot/@Node3D@25189/@AnimatableBody3D@25190/CarGate/@MeshInstance3D@25255
[IDLEG] 1	248,200,24	MeshInstance3D	0.0x1.9x0.0	StreetIdShot/OrisonRoot/@Node3D@25189/@AnimatableBody3D@25190/CarGate/@MeshInstance3D@25256
[IDLEG] 1	8,216,24	MeshInstance3D	0.0x1.9x0.0	StreetIdShot/OrisonRoot/@Node3D@25189/@AnimatableBody3D@25190/CarGate/@MeshInstance3D@25257
[IDLEG] 1	24,216,24	MeshInstance3D	0.0x1.9x0.0	StreetIdShot/OrisonRoot/@Node3D@25189/@AnimatableBody3D@25190/CarGate/@MeshInstance3D@25258
[IDLEG] 1	40,216,24	MeshInstance3D	0.0x1.9x0.0	StreetIdShot/OrisonRoot/@Node3D@25189/@AnimatableBody3D@25190/CarGate/@MeshInstance3D@25259
[IDLEG] 1	56,216,24	MeshInstance3D	0.0x1.9x0.0	StreetIdShot/OrisonRoot/@Node3D@25189/@AnimatableBody3D@25190/CarGate/@MeshInstance3D@25260
[IDLEG] 1	72,216,24	MeshInstance3D	0.0x1.9x0.0	StreetIdShot/OrisonRoot/@Node3D@25189/@AnimatableBody3D@25190/CarGate/@MeshInstance3D@25261
[IDLEG] 1	88,216,24	MeshInstance3D	0.0x1.9x0.0	StreetIdShot/OrisonRoot/@Node3D@25189/@AnimatableBody3D@25190/CarGate/@MeshInstance3D@25262
[IDLEG] 1	104,216,24	MeshInstance3D	0.0x1.9x0.0	StreetIdShot/OrisonRoot/@Node3D@25189/@AnimatableBody3D@25190/CarGate/@MeshInstance3D@25263
[IDLEG] 1	120,216,24	MeshInstance3D	0.0x1.9x0.0	StreetIdShot/OrisonRoot/@Node3D@25189/@AnimatableBody3D@25190/CarGate/@MeshInstance3D@25264
[IDLEG] 1	136,216,24	MeshInstance3D	0.0x1.9x0.0	StreetIdShot/OrisonRoot/@Node3D@25189/@AnimatableBody3D@25190/CarGate/@MeshInstance3D@25265
[IDLEG] 1	152,216,24	MeshInstance3D	0.0x1.9x0.0	StreetIdShot/OrisonRoot/@Node3D@25189/@AnimatableBody3D@25190/CarGate/@MeshInstance3D@25266
[IDLEG] 1	168,216,24	MeshInstance3D	0.0x1.9x0.0	StreetIdShot/OrisonRoot/@Node3D@25189/@AnimatableBody3D@25190/CarGate/@MeshInstance3D@25267
[IDLEG] 1	184,216,24	MeshInstance3D	0.0x1.9x0.0	StreetIdShot/OrisonRoot/@Node3D@25189/@AnimatableBody3D@25190/CarGate/@MeshInstance3D@25268
[IDLEG] 1	200,216,24	MeshInstance3D	0.0x1.9x0.0	StreetIdShot/OrisonRoot/@Node3D@25189/@AnimatableBody3D@25190/CarGate/@MeshInstance3D@25269
[IDLEG] 1	216,216,24	MeshInstance3D	0.0x1.9x0.0	StreetIdShot/OrisonRoot/@Node3D@25189/@AnimatableBody3D@25190/CarGate/@MeshInstance3D@25270
[IDLEG] 1	232,216,24	MeshInstance3D	0.0x1.9x0.0	StreetIdShot/OrisonRoot/@Node3D@25189/@AnimatableBody3D@25190/CarGate/@MeshInstance3D@25271
[IDLEG] 1	248,216,24	MeshInstance3D	0.0x1.9x0.0	StreetIdShot/OrisonRoot/@Node3D@25189/@AnimatableBody3D@25190/CarGate/@MeshInstance3D@25272
[IDLEG] 1	8,232,24	MeshInstance3D	0.3x0.3x0.0	StreetIdShot/OrisonRoot/@Node3D@25189/@AnimatableBody3D@25190/@MeshInstance3D@25273
[IDLEG] 1	24,232,24	MeshInstance3D	0.4x0.4x0.0	StreetIdShot/OrisonRoot/@Node3D@25189/@AnimatableBody3D@25190/@MeshInstance3D@25274
[IDLEG] 1	40,232,24	MeshInstance3D	0.1x0.1x0.0	StreetIdShot/OrisonRoot/@Node3D@25189/@AnimatableBody3D@25190/@Node3D@25275/@MeshInstance3D@25276
[IDLEG] 1	56,232,24	MeshInstance3D	0.0x0.0x0.0	StreetIdShot/OrisonRoot/@Node3D@25189/@AnimatableBody3D@25190/@MeshInstance3D@25277
[IDLEG] 1	72,232,24	MeshInstance3D	0.0x0.0x0.0	StreetIdShot/OrisonRoot/@Node3D@25189/@AnimatableBody3D@25190/@MeshInstance3D@25278
[IDLEG] 1	88,232,24	MeshInstance3D	0.0x0.0x0.0	StreetIdShot/OrisonRoot/@Node3D@25189/@AnimatableBody3D@25190/@MeshInstance3D@25279
[IDLEG] 1	104,232,24	MeshInstance3D	0.0x0.0x0.0	StreetIdShot/OrisonRoot/@Node3D@25189/@AnimatableBody3D@25190/@MeshInstance3D@25280
[IDLEG] 1	120,232,24	MeshInstance3D	0.0x0.0x0.0	StreetIdShot/OrisonRoot/@Node3D@25189/@AnimatableBody3D@25190/@MeshInstance3D@25281
[IDLEG] 1	136,232,24	MeshInstance3D	0.0x0.0x0.0	StreetIdShot/OrisonRoot/@Node3D@25189/@AnimatableBody3D@25190/@MeshInstance3D@25282
[IDLEG] 1	152,232,24	MeshInstance3D	0.0x0.0x0.0	StreetIdShot/OrisonRoot/@Node3D@25189/@AnimatableBody3D@25190/@MeshInstance3D@25283
[IDLEG] 1	168,232,24	MeshInstance3D	0.0x0.0x0.0	StreetIdShot/OrisonRoot/@Node3D@25189/@AnimatableBody3D@25190/@MeshInstance3D@25284
[IDLEG] 1	184,232,24	MeshInstance3D	0.0x0.3x0.2	StreetIdShot/OrisonRoot/@Node3D@25189/@AnimatableBody3D@25190/@MeshInstance3D@25285
[IDLEG] 1	200,232,24	MeshInstance3D	0.0x0.3x0.2	StreetIdShot/OrisonRoot/@Node3D@25189/@AnimatableBody3D@25190/@MeshInstance3D@25286
[IDLEG] 1	216,232,24	MeshInstance3D	0.0x0.8x0.2	StreetIdShot/OrisonRoot/@Node3D@25189/@AnimatableBody3D@25190/@MeshInstance3D@25426
[IDLEG] 1	232,232,24	MeshInstance3D	0.0x0.0x0.0	StreetIdShot/OrisonRoot/@Node3D@25189/@AnimatableBody3D@25190/@MeshInstance3D@25427
[IDLEG] 1	248,232,24	MeshInstance3D	0.0x0.1x0.1	StreetIdShot/OrisonRoot/@Node3D@25189/@AnimatableBody3D@25190/@MeshInstance3D@25428
[IDLEG] 1	8,248,24	MeshInstance3D	0.0x0.0x0.0	StreetIdShot/OrisonRoot/@Node3D@25189/@AnimatableBody3D@25190/@MeshInstance3D@25431
[IDLEG] 1	24,248,24	MeshInstance3D	0.0x0.1x0.1	StreetIdShot/OrisonRoot/@Node3D@25189/@AnimatableBody3D@25190/@MeshInstance3D@25432
[IDLEG] 1	40,248,24	MeshInstance3D	0.0x0.0x0.0	StreetIdShot/OrisonRoot/@Node3D@25189/@AnimatableBody3D@25190/@MeshInstance3D@25435
[IDLEG] 1	56,248,24	MeshInstance3D	0.0x0.1x0.1	StreetIdShot/OrisonRoot/@Node3D@25189/@AnimatableBody3D@25190/@MeshInstance3D@25436
[IDLEG] 1	72,248,24	MeshInstance3D	0.0x0.0x0.0	StreetIdShot/OrisonRoot/@Node3D@25189/@AnimatableBody3D@25190/@MeshInstance3D@25439
[IDLEG] 1	88,248,24	MeshInstance3D	0.0x0.1x0.1	StreetIdShot/OrisonRoot/@Node3D@25189/@AnimatableBody3D@25190/@MeshInstance3D@25440
[IDLEG] 1	104,248,24	MeshInstance3D	0.0x0.0x0.0	StreetIdShot/OrisonRoot/@Node3D@25189/@AnimatableBody3D@25190/@MeshInstance3D@25443
[IDLEG] 1	120,248,24	MeshInstance3D	0.0x0.1x0.1	StreetIdShot/OrisonRoot/@Node3D@25189/@AnimatableBody3D@25190/@MeshInstance3D@25444
[IDLEG] 1	136,248,24	MeshInstance3D	0.0x0.0x0.0	StreetIdShot/OrisonRoot/@Node3D@25189/@AnimatableBody3D@25190/@MeshInstance3D@25447
[IDLEG] 1	152,248,24	MeshInstance3D	0.0x0.1x0.1	StreetIdShot/OrisonRoot/@Node3D@25189/@AnimatableBody3D@25190/@MeshInstance3D@25448
[IDLEG] 1	168,248,24	MeshInstance3D	0.0x0.0x0.0	StreetIdShot/OrisonRoot/@Node3D@25189/@AnimatableBody3D@25190/@MeshInstance3D@25451
[IDLEG] 1	184,248,24	MeshInstance3D	0.0x0.1x0.1	StreetIdShot/OrisonRoot/@Node3D@25189/@AnimatableBody3D@25190/@MeshInstance3D@25452
[IDLEG] 1	200,248,24	MeshInstance3D	0.0x0.0x0.0	StreetIdShot/OrisonRoot/@Node3D@25189/@AnimatableBody3D@25190/@MeshInstance3D@25455
[IDLEG] 1	216,248,24	MeshInstance3D	0.0x0.1x0.1	StreetIdShot/OrisonRoot/@Node3D@25189/@AnimatableBody3D@25190/@MeshInstance3D@25456
[IDLEG] 1	232,248,24	MeshInstance3D	0.0x0.1x0.1	StreetIdShot/OrisonRoot/@Node3D@25189/@AnimatableBody3D@25190/@MeshInstance3D@25459
[IDLEG] 1	248,248,24	MeshInstance3D	0.0x0.0x0.0	StreetIdShot/OrisonRoot/@Node3D@25189/@AnimatableBody3D@25190/@MeshInstance3D@25460
[IDLEG] 1	8,8,40	MeshInstance3D	0.1x2.2x0.2	StreetIdShot/OrisonRoot/@Node3D@25189/@MeshInstance3D@25290
[IDLEG] 1	24,8,40	MeshInstance3D	0.1x2.2x0.2	StreetIdShot/OrisonRoot/@Node3D@25189/@MeshInstance3D@25291
[IDLEG] 1	40,8,40	MeshInstance3D	1.1x0.1x0.2	StreetIdShot/OrisonRoot/@Node3D@25189/@MeshInstance3D@25292
[IDLEG] 1	56,8,40	MeshInstance3D	0.5x2.1x0.0	StreetIdShot/OrisonRoot/@Node3D@25189/@AnimatableBody3D@25293/@MeshInstance3D@25295
[IDLEG] 1	72,8,40	MeshInstance3D	0.5x0.2x0.1	StreetIdShot/OrisonRoot/@Node3D@25189/@AnimatableBody3D@25293/@MeshInstance3D@25297
[IDLEG] 1	88,8,40	MeshInstance3D	0.5x2.1x0.0	StreetIdShot/OrisonRoot/@Node3D@25189/@AnimatableBody3D@25298/@MeshInstance3D@25300
[IDLEG] 1	104,8,40	MeshInstance3D	0.5x0.2x0.1	StreetIdShot/OrisonRoot/@Node3D@25189/@AnimatableBody3D@25298/@MeshInstance3D@25302
[IDLEG] 1	120,8,40	MeshInstance3D	0.1x0.2x0.0	StreetIdShot/OrisonRoot/@Node3D@25189/@MeshInstance3D@25303
[IDLEG] 1	136,8,40	MeshInstance3D	0.0x0.0x0.0	StreetIdShot/OrisonRoot/@Node3D@25189/@MeshInstance3D@25304
[IDLEG] 1	152,8,40	MeshInstance3D	0.1x2.2x0.2	StreetIdShot/OrisonRoot/@Node3D@25189/@MeshInstance3D@25307
[IDLEG] 1	168,8,40	MeshInstance3D	0.1x2.2x0.2	StreetIdShot/OrisonRoot/@Node3D@25189/@MeshInstance3D@25308
[IDLEG] 1	184,8,40	MeshInstance3D	1.1x0.1x0.2	StreetIdShot/OrisonRoot/@Node3D@25189/@MeshInstance3D@25309
[IDLEG] 1	200,8,40	MeshInstance3D	0.5x2.1x0.0	StreetIdShot/OrisonRoot/@Node3D@25189/@AnimatableBody3D@25310/@MeshInstance3D@25312
[IDLEG] 1	216,8,40	MeshInstance3D	0.5x0.2x0.1	StreetIdShot/OrisonRoot/@Node3D@25189/@AnimatableBody3D@25310/@MeshInstance3D@25314
[IDLEG] 1	232,8,40	MeshInstance3D	0.5x2.1x0.0	StreetIdShot/OrisonRoot/@Node3D@25189/@AnimatableBody3D@25315/@MeshInstance3D@25317
[IDLEG] 1	248,8,40	MeshInstance3D	0.5x0.2x0.1	StreetIdShot/OrisonRoot/@Node3D@25189/@AnimatableBody3D@25315/@MeshInstance3D@25319
[IDLEG] 1	8,24,40	MeshInstance3D	0.1x0.2x0.0	StreetIdShot/OrisonRoot/@Node3D@25189/@MeshInstance3D@25320
[IDLEG] 1	24,24,40	MeshInstance3D	0.0x0.0x0.0	StreetIdShot/OrisonRoot/@Node3D@25189/@MeshInstance3D@25321
[IDLEG] 1	40,24,40	MeshInstance3D	0.1x2.2x0.2	StreetIdShot/OrisonRoot/@Node3D@25189/@MeshInstance3D@25324
[IDLEG] 1	56,24,40	MeshInstance3D	0.1x2.2x0.2	StreetIdShot/OrisonRoot/@Node3D@25189/@MeshInstance3D@25325
[IDLEG] 1	72,24,40	MeshInstance3D	1.1x0.1x0.2	StreetIdShot/OrisonRoot/@Node3D@25189/@MeshInstance3D@25326
[IDLEG] 1	88,24,40	MeshInstance3D	0.5x2.1x0.0	StreetIdShot/OrisonRoot/@Node3D@25189/@AnimatableBody3D@25327/@MeshInstance3D@25329
[IDLEG] 1	104,24,40	MeshInstance3D	0.5x0.2x0.1	StreetIdShot/OrisonRoot/@Node3D@25189/@AnimatableBody3D@25327/@MeshInstance3D@25331
[IDLEG] 1	120,24,40	MeshInstance3D	0.5x2.1x0.0	StreetIdShot/OrisonRoot/@Node3D@25189/@AnimatableBody3D@25332/@MeshInstance3D@25334
[IDLEG] 1	136,24,40	MeshInstance3D	0.5x0.2x0.1	StreetIdShot/OrisonRoot/@Node3D@25189/@AnimatableBody3D@25332/@MeshInstance3D@25336
[IDLEG] 1	152,24,40	MeshInstance3D	0.1x0.2x0.0	StreetIdShot/OrisonRoot/@Node3D@25189/@MeshInstance3D@25337
[IDLEG] 1	168,24,40	MeshInstance3D	0.0x0.0x0.0	StreetIdShot/OrisonRoot/@Node3D@25189/@MeshInstance3D@25338
[IDLEG] 1	184,24,40	MeshInstance3D	0.1x2.2x0.2	StreetIdShot/OrisonRoot/@Node3D@25189/@MeshInstance3D@25341
[IDLEG] 1	200,24,40	MeshInstance3D	0.1x2.2x0.2	StreetIdShot/OrisonRoot/@Node3D@25189/@MeshInstance3D@25342
[IDLEG] 1	216,24,40	MeshInstance3D	1.1x0.1x0.2	StreetIdShot/OrisonRoot/@Node3D@25189/@MeshInstance3D@25343
[IDLEG] 1	232,24,40	MeshInstance3D	0.5x2.1x0.0	StreetIdShot/OrisonRoot/@Node3D@25189/@AnimatableBody3D@25344/@MeshInstance3D@25346
[IDLEG] 1	248,24,40	MeshInstance3D	0.5x0.2x0.1	StreetIdShot/OrisonRoot/@Node3D@25189/@AnimatableBody3D@25344/@MeshInstance3D@25348
[IDLEG] 1	8,40,40	MeshInstance3D	0.5x2.1x0.0	StreetIdShot/OrisonRoot/@Node3D@25189/@AnimatableBody3D@25349/@MeshInstance3D@25351
[IDLEG] 1	24,40,40	MeshInstance3D	0.5x0.2x0.1	StreetIdShot/OrisonRoot/@Node3D@25189/@AnimatableBody3D@25349/@MeshInstance3D@25353
[IDLEG] 1	40,40,40	MeshInstance3D	0.1x0.2x0.0	StreetIdShot/OrisonRoot/@Node3D@25189/@MeshInstance3D@25354
[IDLEG] 1	56,40,40	MeshInstance3D	0.0x0.0x0.0	StreetIdShot/OrisonRoot/@Node3D@25189/@MeshInstance3D@25355
[IDLEG] 1	72,40,40	MeshInstance3D	0.1x2.2x0.2	StreetIdShot/OrisonRoot/@Node3D@25189/@MeshInstance3D@25358
[IDLEG] 1	88,40,40	MeshInstance3D	0.1x2.2x0.2	StreetIdShot/OrisonRoot/@Node3D@25189/@MeshInstance3D@25359
[IDLEG] 1	104,40,40	MeshInstance3D	1.1x0.1x0.2	StreetIdShot/OrisonRoot/@Node3D@25189/@MeshInstance3D@25360
[IDLEG] 1	120,40,40	MeshInstance3D	0.5x2.1x0.0	StreetIdShot/OrisonRoot/@Node3D@25189/@AnimatableBody3D@25361/@MeshInstance3D@25363
[IDLEG] 1	136,40,40	MeshInstance3D	0.5x0.2x0.1	StreetIdShot/OrisonRoot/@Node3D@25189/@AnimatableBody3D@25361/@MeshInstance3D@25365
[IDLEG] 1	152,40,40	MeshInstance3D	0.5x2.1x0.0	StreetIdShot/OrisonRoot/@Node3D@25189/@AnimatableBody3D@25366/@MeshInstance3D@25368
[IDLEG] 1	168,40,40	MeshInstance3D	0.5x0.2x0.1	StreetIdShot/OrisonRoot/@Node3D@25189/@AnimatableBody3D@25366/@MeshInstance3D@25370
[IDLEG] 1	184,40,40	MeshInstance3D	0.1x0.2x0.0	StreetIdShot/OrisonRoot/@Node3D@25189/@MeshInstance3D@25371
[IDLEG] 1	200,40,40	MeshInstance3D	0.0x0.0x0.0	StreetIdShot/OrisonRoot/@Node3D@25189/@MeshInstance3D@25372
[IDLEG] 1	216,40,40	MeshInstance3D	0.1x2.2x0.2	StreetIdShot/OrisonRoot/@Node3D@25189/@MeshInstance3D@25375
[IDLEG] 1	232,40,40	MeshInstance3D	0.1x2.2x0.2	StreetIdShot/OrisonRoot/@Node3D@25189/@MeshInstance3D@25376
[IDLEG] 1	248,40,40	MeshInstance3D	1.1x0.1x0.2	StreetIdShot/OrisonRoot/@Node3D@25189/@MeshInstance3D@25377
[IDLEG] 1	8,56,40	MeshInstance3D	0.5x2.1x0.0	StreetIdShot/OrisonRoot/@Node3D@25189/@AnimatableBody3D@25378/@MeshInstance3D@25380
[IDLEG] 1	24,56,40	MeshInstance3D	0.5x0.2x0.1	StreetIdShot/OrisonRoot/@Node3D@25189/@AnimatableBody3D@25378/@MeshInstance3D@25382
[IDLEG] 1	40,56,40	MeshInstance3D	0.5x2.1x0.0	StreetIdShot/OrisonRoot/@Node3D@25189/@AnimatableBody3D@25383/@MeshInstance3D@25385
[IDLEG] 1	56,56,40	MeshInstance3D	0.5x0.2x0.1	StreetIdShot/OrisonRoot/@Node3D@25189/@AnimatableBody3D@25383/@MeshInstance3D@25387
[IDLEG] 1	72,56,40	MeshInstance3D	0.1x0.2x0.0	StreetIdShot/OrisonRoot/@Node3D@25189/@MeshInstance3D@25388
[IDLEG] 1	88,56,40	MeshInstance3D	0.0x0.0x0.0	StreetIdShot/OrisonRoot/@Node3D@25189/@MeshInstance3D@25389
[IDLEG] 1	104,56,40	MeshInstance3D	0.1x2.2x0.2	StreetIdShot/OrisonRoot/@Node3D@25189/@MeshInstance3D@25392
[IDLEG] 1	120,56,40	MeshInstance3D	0.1x2.2x0.2	StreetIdShot/OrisonRoot/@Node3D@25189/@MeshInstance3D@25393
[IDLEG] 1	136,56,40	MeshInstance3D	1.1x0.1x0.2	StreetIdShot/OrisonRoot/@Node3D@25189/@MeshInstance3D@25394
[IDLEG] 1	152,56,40	MeshInstance3D	0.5x2.1x0.0	StreetIdShot/OrisonRoot/@Node3D@25189/@AnimatableBody3D@25395/@MeshInstance3D@25397
[IDLEG] 1	168,56,40	MeshInstance3D	0.5x0.2x0.1	StreetIdShot/OrisonRoot/@Node3D@25189/@AnimatableBody3D@25395/@MeshInstance3D@25399
[IDLEG] 1	184,56,40	MeshInstance3D	0.5x2.1x0.0	StreetIdShot/OrisonRoot/@Node3D@25189/@AnimatableBody3D@25400/@MeshInstance3D@25402
[IDLEG] 1	200,56,40	MeshInstance3D	0.5x0.2x0.1	StreetIdShot/OrisonRoot/@Node3D@25189/@AnimatableBody3D@25400/@MeshInstance3D@25404
[IDLEG] 1	216,56,40	MeshInstance3D	0.1x0.2x0.0	StreetIdShot/OrisonRoot/@Node3D@25189/@MeshInstance3D@25405
[IDLEG] 1	232,56,40	MeshInstance3D	0.0x0.0x0.0	StreetIdShot/OrisonRoot/@Node3D@25189/@MeshInstance3D@25406
[IDLEG] 1	248,56,40	MeshInstance3D	0.1x2.2x0.2	StreetIdShot/OrisonRoot/@Node3D@25189/@MeshInstance3D@25409
[IDLEG] 1	8,72,40	MeshInstance3D	0.1x2.2x0.2	StreetIdShot/OrisonRoot/@Node3D@25189/@MeshInstance3D@25410
[IDLEG] 1	24,72,40	MeshInstance3D	1.1x0.1x0.2	StreetIdShot/OrisonRoot/@Node3D@25189/@MeshInstance3D@25411
[IDLEG] 1	40,72,40	MeshInstance3D	0.5x2.1x0.0	StreetIdShot/OrisonRoot/@Node3D@25189/@AnimatableBody3D@25412/@MeshInstance3D@25414
[IDLEG] 1	56,72,40	MeshInstance3D	0.5x0.2x0.1	StreetIdShot/OrisonRoot/@Node3D@25189/@AnimatableBody3D@25412/@MeshInstance3D@25416
[IDLEG] 1	72,72,40	MeshInstance3D	0.5x2.1x0.0	StreetIdShot/OrisonRoot/@Node3D@25189/@AnimatableBody3D@25417/@MeshInstance3D@25419
[IDLEG] 1	88,72,40	MeshInstance3D	0.5x0.2x0.1	StreetIdShot/OrisonRoot/@Node3D@25189/@AnimatableBody3D@25417/@MeshInstance3D@25421
[IDLEG] 1	104,72,40	MeshInstance3D	0.1x0.2x0.0	StreetIdShot/OrisonRoot/@Node3D@25189/@MeshInstance3D@25422
[IDLEG] 1	120,72,40	MeshInstance3D	0.0x0.0x0.0	StreetIdShot/OrisonRoot/@Node3D@25189/@MeshInstance3D@25423
[IDLEG] 1	136,72,40	MeshInstance3D	5.0x0.2x7.0	StreetIdShot/OrisonRoot/@Node3D@25768/@StaticBody3D@25771/@MeshInstance3D@25770
[IDLEG] 1	152,72,40	MeshInstance3D	5.0x0.2x7.0	StreetIdShot/OrisonRoot/@Node3D@25768/@StaticBody3D@25774/@MeshInstance3D@25773
[IDLEG] 1	168,72,40	MeshInstance3D	0.2x3.4x7.0	StreetIdShot/OrisonRoot/@Node3D@25768/@StaticBody3D@25777/@MeshInstance3D@25776
[IDLEG] 1	184,72,40	MeshInstance3D	0.2x3.4x7.0	StreetIdShot/OrisonRoot/@Node3D@25768/@StaticBody3D@25780/@MeshInstance3D@25779
[IDLEG] 1	200,72,40	MeshInstance3D	5.0x3.4x0.2	StreetIdShot/OrisonRoot/@Node3D@25768/@StaticBody3D@25783/@MeshInstance3D@25782
[IDLEG] 1	216,72,40	MeshInstance3D	5.0x3.4x0.2	StreetIdShot/OrisonRoot/@Node3D@25768/@StaticBody3D@25786/@MeshInstance3D@25785
[IDLEG] 1	232,72,40	MeshInstance3D	5.0x0.0x0.0	StreetIdShot/OrisonRoot/@Node3D@25768/@MeshInstance3D@25787
[IDLEG] 1	248,72,40	MeshInstance3D	5.0x0.0x0.0	StreetIdShot/OrisonRoot/@Node3D@25768/@MeshInstance3D@25788
[IDLEG] 1	8,88,40	MeshInstance3D	0.0x0.0x7.0	StreetIdShot/OrisonRoot/@Node3D@25768/@MeshInstance3D@25789
[IDLEG] 1	24,88,40	MeshInstance3D	0.0x0.0x7.0	StreetIdShot/OrisonRoot/@Node3D@25768/@MeshInstance3D@25790
[IDLEG] 1	40,88,40	MeshInstance3D	5.0x0.0x0.0	StreetIdShot/OrisonRoot/@Node3D@25768/@MeshInstance3D@25791
[IDLEG] 1	56,88,40	MeshInstance3D	5.0x0.0x0.0	StreetIdShot/OrisonRoot/@Node3D@25768/@MeshInstance3D@25792
[IDLEG] 1	72,88,40	MeshInstance3D	0.0x0.0x7.0	StreetIdShot/OrisonRoot/@Node3D@25768/@MeshInstance3D@25793
[IDLEG] 1	88,88,40	MeshInstance3D	0.0x0.0x7.0	StreetIdShot/OrisonRoot/@Node3D@25768/@MeshInstance3D@25794
[IDLEG] 1	104,88,40	MeshInstance3D	0.9x2.1x0.0	StreetIdShot/OrisonRoot/@Node3D@25768/@Area3D@25797/@MeshInstance3D@25798
[IDLEG] 1	120,88,40	CPUParticles3D	0.0x0.0x0.0	StreetIdShot/OrisonRoot/WeatherFX/Leaves
[IDCAM] fov=70.000000 near=0.050000 size=1280,720 keep=1
[IDCAM] origin	-16.000000,1.680000,13.500000
[IDCAM] basis_x	-0.143730,0.000000,0.989617
[IDCAM] basis_y	0.008860,0.999960,0.001287
[IDCAM] basis_z	-0.989577,0.008953,-0.143724
[IDRAY] 0,0	-16.0000,1.6800,13.5000	0.673752,0.396455,-0.623603
[IDRAY] 1279,0	-16.0000,1.6800,13.5000	0.469049,0.396771,0.789028
[IDRAY] 0,719	-16.0000,1.6800,13.5000	0.666944,-0.405792,-0.624915
[IDRAY] 1279,719	-16.0000,1.6800,13.5000	0.462144,-0.406115,0.788349
[IDRAY] 640,360	-16.0000,1.6800,13.5000	0.989577,-0.008953,0.143724
[IDRAY] 152,338	-16.0000,1.6800,13.5000	0.816571,0.024529,-0.576724
[IDRAY] 1062,94	-16.0000,1.6800,13.5000	0.628841,0.364881,0.686601
[IDRAY] 1131,562	-16.0000,1.6800,13.5000	0.590493,-0.279536,0.757085
[IDRAY] 211,114	-16.0000,1.6800,13.5000	0.802695,0.338378,-0.491103
[IDRAY] 917,603	-16.0000,1.6800,13.5000	0.737986,-0.391425,0.549693
[IDRAY] 526,423	-16.0000,1.6800,13.5000	0.989114,-0.127458,-0.073540
[IDRAY] 148,611	-16.0000,1.6800,13.5000	0.765011,-0.338720,-0.547746
[IDRAY] 364,614	-16.0000,1.6800,13.5000	0.858234,-0.406327,-0.313581
[IDRAY] 628,695	-16.0000,1.6800,13.5000	0.826920,-0.553294,0.100344
[IDRAY] 727,314	-16.0000,1.6800,13.5000	0.948823,0.079078,0.305748
[IDRAY] 1191,234	-16.0000,1.6800,13.5000	0.563683,0.158874,0.810568
[IDRAY] 842,173	-16.0000,1.6800,13.5000	0.825462,0.312746,0.469896
[IDRAY] 395,76	-16.0000,1.6800,13.5000	0.858735,0.439004,-0.264292
[IDRAY] 992,272	-16.0000,1.6800,13.5000	0.729355,0.132524,0.671177
[IDRAY] 296,515	-16.0000,1.6800,13.5000	0.873172,-0.250260,-0.418259
[IDRAY] 294,689	-16.0000,1.6800,13.5000	0.791852,-0.475447,-0.383302
[IDRAY] 1007,360	-16.0000,1.6800,13.5000	0.721923,-0.007287,0.691935
[IDRAY] 1156,366	-16.0000,1.6800,13.5000	0.596558,-0.014556,0.802438
[IDRAY] 80,693	-16.0000,1.6800,13.5000	0.706441,-0.406758,-0.579214
[IDRAY] 856,429	-16.0000,1.6800,13.5000	0.849090,-0.130981,0.511752
[IDRAY] 771,214	-16.0000,1.6800,13.5000	0.892706,0.256943,0.370212
[IDRAY] 643,645	-16.0000,1.6800,13.5000	0.860455,-0.492629,0.130128
[IDRAY] 413,519	-16.0000,1.6800,13.5000	0.924527,-0.280096,-0.258450
[IDRAY] 1192,442	-16.0000,1.6800,13.5000	0.564991,-0.114129,0.817166
